Time,adv_flag,def_tx_pwr,mac,rssi,name,scan_tx_pwr,conn_tx_pwr,tx_range,adv_tx_pwr
19:08:11,,3,1baab5347b88c9173ef0ca60f2942389d9fad126781614d7d0d856b55720462c,-91,,3,64,,3
19:08:12,26.0,3,f4ef1584ea999730fb698f29e2c1fdc84f1e5241b777ef337e5b8a9b589375d4,-76,,3,64,12.0,3
19:08:12,26.0,3,f4ef1584ea999730fb698f29e2c1fdc84f1e5241b777ef337e5b8a9b589375d4,-68,,3,64,12.0,3
19:08:13,,3,0ff275e9110976e4d4fa2e46b836c28a72946e631a096ef144beb5e0f20f8ce3,-89,,3,64,,3
19:08:14,26.0,3,f4ef1584ea999730fb698f29e2c1fdc84f1e5241b777ef337e5b8a9b589375d4,-82,,3,64,12.0,3
19:08:15,26.0,3,f4ef1584ea999730fb698f29e2c1fdc84f1e5241b777ef337e5b8a9b589375d4,-75,,3,64,12.0,3
19:08:16,26.0,3,f4ef1584ea999730fb698f29e2c1fdc84f1e5241b777ef337e5b8a9b589375d4,-78,,3,64,12.0,3
19:08:16,,3,0ff275e9110976e4d4fa2e46b836c28a72946e631a096ef144beb5e0f20f8ce3,-72,,3,64,,3
19:08:17,26.0,3,f4ef1584ea999730fb698f29e2c1fdc84f1e5241b777ef337e5b8a9b589375d4,-72,,3,64,12.0,3
19:08:18,26.0,3,f4ef1584ea999730fb698f29e2c1fdc84f1e5241b777ef337e5b8a9b589375d4,-72,,3,64,12.0,3
19:08:19,,3,1baab5347b88c9173ef0ca60f2942389d9fad126781614d7d0d856b55720462c,-93,,3,64,,3
19:08:20,26.0,3,f4ef1584ea999730fb698f29e2c1fdc84f1e5241b777ef337e5b8a9b589375d4,-84,,3,64,12.0,3
19:08:20,26.0,3,f4ef1584ea999730fb698f29e2c1fdc84f1e5241b777ef337e5b8a9b589375d4,-70,,3,64,12.0,3
19:08:21,,3,0ff275e9110976e4d4fa2e46b836c28a72946e631a096ef144beb5e0f20f8ce3,-78,,3,64,,3
19:08:22,26.0,3,8f45015e30c2edf0656d90442a5ab1c05bcdc82441797b1ae188892ce8b64daa,-89,,3,64,8.0,3
19:08:23,26.0,3,f4ef1584ea999730fb698f29e2c1fdc84f1e5241b777ef337e5b8a9b589375d4,-75,,3,64,12.0,3
19:08:24,26.0,3,f4ef1584ea999730fb698f29e2c1fdc84f1e5241b777ef337e5b8a9b589375d4,-72,,3,64,12.0,3
19:08:24,26.0,3,f4ef1584ea999730fb698f29e2c1fdc84f1e5241b777ef337e5b8a9b589375d4,-74,,3,64,12.0,3
19:08:25,26.0,3,f4ef1584ea999730fb698f29e2c1fdc84f1e5241b777ef337e5b8a9b589375d4,-70,,3,64,12.0,3
19:08:26,26.0,3,f4ef1584ea999730fb698f29e2c1fdc84f1e5241b777ef337e5b8a9b589375d4,-74,,3,64,12.0,3
19:08:27,26.0,3,f4ef1584ea999730fb698f29e2c1fdc84f1e5241b777ef337e5b8a9b589375d4,-72,,3,64,12.0,3
19:08:28,26.0,3,f4ef1584ea999730fb698f29e2c1fdc84f1e5241b777ef337e5b8a9b589375d4,-79,,3,64,12.0,3
19:08:28,26.0,3,f4ef1584ea999730fb698f29e2c1fdc84f1e5241b777ef337e5b8a9b589375d4,-81,,3,64,12.0,3
19:08:29,26.0,3,f4ef1584ea999730fb698f29e2c1fdc84f1e5241b777ef337e5b8a9b589375d4,-73,,3,64,12.0,3
19:08:30,26.0,3,f4ef1584ea999730fb698f29e2c1fdc84f1e5241b777ef337e5b8a9b589375d4,-73,,3,64,12.0,3
19:08:31,,3,0ff275e9110976e4d4fa2e46b836c28a72946e631a096ef144beb5e0f20f8ce3,-80,,3,64,,3
19:08:32,,3,0ff275e9110976e4d4fa2e46b836c28a72946e631a096ef144beb5e0f20f8ce3,-85,,3,64,,3
19:08:32,26.0,3,f4ef1584ea999730fb698f29e2c1fdc84f1e5241b777ef337e5b8a9b589375d4,-78,,3,64,12.0,3
19:08:33,,3,0ff275e9110976e4d4fa2e46b836c28a72946e631a096ef144beb5e0f20f8ce3,-78,,3,64,,3
19:08:34,26.0,3,f4ef1584ea999730fb698f29e2c1fdc84f1e5241b777ef337e5b8a9b589375d4,-72,,3,64,12.0,3
19:08:35,26.0,3,f4ef1584ea999730fb698f29e2c1fdc84f1e5241b777ef337e5b8a9b589375d4,-77,,3,64,12.0,3
19:08:36,26.0,3,f4ef1584ea999730fb698f29e2c1fdc84f1e5241b777ef337e5b8a9b589375d4,-75,,3,64,12.0,3
19:08:37,26.0,3,f4ef1584ea999730fb698f29e2c1fdc84f1e5241b777ef337e5b8a9b589375d4,-72,,3,64,12.0,3
19:08:37,,3,0ff275e9110976e4d4fa2e46b836c28a72946e631a096ef144beb5e0f20f8ce3,-79,,3,64,,3
19:08:38,26.0,3,f4ef1584ea999730fb698f29e2c1fdc84f1e5241b777ef337e5b8a9b589375d4,-80,,3,64,12.0,3
19:08:39,26.0,3,f4ef1584ea999730fb698f29e2c1fdc84f1e5241b777ef337e5b8a9b589375d4,-74,,3,64,12.0,3
19:08:40,26.0,3,f4ef1584ea999730fb698f29e2c1fdc84f1e5241b777ef337e5b8a9b589375d4,-72,,3,64,12.0,3
19:08:41,26.0,3,f4ef1584ea999730fb698f29e2c1fdc84f1e5241b777ef337e5b8a9b589375d4,-82,,3,64,12.0,3
19:08:41,,3,0ff275e9110976e4d4fa2e46b836c28a72946e631a096ef144beb5e0f20f8ce3,-76,,3,64,,3
19:08:42,26.0,3,f4ef1584ea999730fb698f29e2c1fdc84f1e5241b777ef337e5b8a9b589375d4,-74,,3,64,12.0,3
19:08:43,26.0,3,f4ef1584ea999730fb698f29e2c1fdc84f1e5241b777ef337e5b8a9b589375d4,-75,,3,64,12.0,3
19:08:44,,3,0ff275e9110976e4d4fa2e46b836c28a72946e631a096ef144beb5e0f20f8ce3,-78,,3,64,,3
19:08:45,26.0,3,f4ef1584ea999730fb698f29e2c1fdc84f1e5241b777ef337e5b8a9b589375d4,-75,,3,64,12.0,3
19:08:45,26.0,3,f4ef1584ea999730fb698f29e2c1fdc84f1e5241b777ef337e5b8a9b589375d4,-84,,3,64,12.0,3
19:08:46,26.0,3,f4ef1584ea999730fb698f29e2c1fdc84f1e5241b777ef337e5b8a9b589375d4,-77,,3,64,12.0,3
19:08:47,26.0,3,f4ef1584ea999730fb698f29e2c1fdc84f1e5241b777ef337e5b8a9b589375d4,-73,,3,64,12.0,3
19:08:48,,3,0ff275e9110976e4d4fa2e46b836c28a72946e631a096ef144beb5e0f20f8ce3,-87,,3,64,,3
19:08:49,26.0,3,f4ef1584ea999730fb698f29e2c1fdc84f1e5241b777ef337e5b8a9b589375d4,-84,,3,64,12.0,3
19:08:49,26.0,3,f4ef1584ea999730fb698f29e2c1fdc84f1e5241b777ef337e5b8a9b589375d4,-74,,3,64,12.0,3
19:08:50,26.0,3,f4ef1584ea999730fb698f29e2c1fdc84f1e5241b777ef337e5b8a9b589375d4,-72,,3,64,12.0,3
19:08:51,26.0,3,f4ef1584ea999730fb698f29e2c1fdc84f1e5241b777ef337e5b8a9b589375d4,-86,,3,64,12.0,3
19:08:52,26.0,3,f4ef1584ea999730fb698f29e2c1fdc84f1e5241b777ef337e5b8a9b589375d4,-89,,3,64,12.0,3
19:08:53,26.0,3,f4ef1584ea999730fb698f29e2c1fdc84f1e5241b777ef337e5b8a9b589375d4,-74,,3,64,12.0,3
19:08:53,26.0,3,f4ef1584ea999730fb698f29e2c1fdc84f1e5241b777ef337e5b8a9b589375d4,-87,,3,64,12.0,3
19:08:54,26.0,3,f4ef1584ea999730fb698f29e2c1fdc84f1e5241b777ef337e5b8a9b589375d4,-74,,3,64,12.0,3
19:08:55,26.0,3,f4ef1584ea999730fb698f29e2c1fdc84f1e5241b777ef337e5b8a9b589375d4,-73,,3,64,12.0,3
19:08:56,26.0,3,f4ef1584ea999730fb698f29e2c1fdc84f1e5241b777ef337e5b8a9b589375d4,-72,,3,64,12.0,3
19:08:57,26.0,3,f4ef1584ea999730fb698f29e2c1fdc84f1e5241b777ef337e5b8a9b589375d4,-73,,3,64,12.0,3
19:08:57,,3,0ff275e9110976e4d4fa2e46b836c28a72946e631a096ef144beb5e0f20f8ce3,-75,,3,64,,3
19:08:58,,3,0ff275e9110976e4d4fa2e46b836c28a72946e631a096ef144beb5e0f20f8ce3,-79,,3,64,,3
19:08:59,,3,0ff275e9110976e4d4fa2e46b836c28a72946e631a096ef144beb5e0f20f8ce3,-89,,3,64,,3
19:09:00,,3,0ff275e9110976e4d4fa2e46b836c28a72946e631a096ef144beb5e0f20f8ce3,-76,,3,64,,3
19:09:01,26.0,3,f4ef1584ea999730fb698f29e2c1fdc84f1e5241b777ef337e5b8a9b589375d4,-75,,3,64,12.0,3
19:09:01,,3,0ff275e9110976e4d4fa2e46b836c28a72946e631a096ef144beb5e0f20f8ce3,-75,,3,64,,3
19:09:02,26.0,3,f4ef1584ea999730fb698f29e2c1fdc84f1e5241b777ef337e5b8a9b589375d4,-75,,3,64,12.0,3
19:09:03,26.0,3,f4ef1584ea999730fb698f29e2c1fdc84f1e5241b777ef337e5b8a9b589375d4,-81,,3,64,12.0,3
19:09:04,26.0,3,f4ef1584ea999730fb698f29e2c1fdc84f1e5241b777ef337e5b8a9b589375d4,-78,,3,64,12.0,3
19:09:05,26.0,3,f4ef1584ea999730fb698f29e2c1fdc84f1e5241b777ef337e5b8a9b589375d4,-72,,3,64,12.0,3
19:09:05,,3,0ff275e9110976e4d4fa2e46b836c28a72946e631a096ef144beb5e0f20f8ce3,-78,,3,64,,3
19:09:06,26.0,3,f4ef1584ea999730fb698f29e2c1fdc84f1e5241b777ef337e5b8a9b589375d4,-83,,3,64,12.0,3
19:09:07,26.0,3,f4ef1584ea999730fb698f29e2c1fdc84f1e5241b777ef337e5b8a9b589375d4,-76,,3,64,12.0,3
19:09:08,26.0,3,f4ef1584ea999730fb698f29e2c1fdc84f1e5241b777ef337e5b8a9b589375d4,-72,,3,64,12.0,3
19:09:09,26.0,3,f4ef1584ea999730fb698f29e2c1fdc84f1e5241b777ef337e5b8a9b589375d4,-85,,3,64,12.0,3
19:09:09,,3,0ff275e9110976e4d4fa2e46b836c28a72946e631a096ef144beb5e0f20f8ce3,-75,,3,64,,3
19:09:10,26.0,3,f4ef1584ea999730fb698f29e2c1fdc84f1e5241b777ef337e5b8a9b589375d4,-74,,3,64,12.0,3
19:09:11,26.0,3,f4ef1584ea999730fb698f29e2c1fdc84f1e5241b777ef337e5b8a9b589375d4,-75,,3,64,12.0,3
19:09:12,,3,0ff275e9110976e4d4fa2e46b836c28a72946e631a096ef144beb5e0f20f8ce3,-75,,3,64,,3
19:09:13,26.0,3,f4ef1584ea999730fb698f29e2c1fdc84f1e5241b777ef337e5b8a9b589375d4,-74,,3,64,12.0,3
19:09:13,26.0,3,f4ef1584ea999730fb698f29e2c1fdc84f1e5241b777ef337e5b8a9b589375d4,-83,,3,64,12.0,3
19:09:14,26.0,3,f4ef1584ea999730fb698f29e2c1fdc84f1e5241b777ef337e5b8a9b589375d4,-75,,3,64,12.0,3
19:09:15,,3,0ff275e9110976e4d4fa2e46b836c28a72946e631a096ef144beb5e0f20f8ce3,-84,,3,64,,3
19:09:16,26.0,3,f4ef1584ea999730fb698f29e2c1fdc84f1e5241b777ef337e5b8a9b589375d4,-83,,3,64,12.0,3
19:09:17,26.0,3,f4ef1584ea999730fb698f29e2c1fdc84f1e5241b777ef337e5b8a9b589375d4,-75,,3,64,12.0,3
19:09:17,26.0,3,f4ef1584ea999730fb698f29e2c1fdc84f1e5241b777ef337e5b8a9b589375d4,-83,,3,64,12.0,3
19:09:18,26.0,3,f4ef1584ea999730fb698f29e2c1fdc84f1e5241b777ef337e5b8a9b589375d4,-73,,3,64,12.0,3
19:09:19,26.0,3,f4ef1584ea999730fb698f29e2c1fdc84f1e5241b777ef337e5b8a9b589375d4,-85,,3,64,12.0,3
19:09:20,26.0,3,f4ef1584ea999730fb698f29e2c1fdc84f1e5241b777ef337e5b8a9b589375d4,-73,,3,64,12.0,3
19:09:21,26.0,3,f4ef1584ea999730fb698f29e2c1fdc84f1e5241b777ef337e5b8a9b589375d4,-77,,3,64,12.0,3
19:09:21,26.0,3,f4ef1584ea999730fb698f29e2c1fdc84f1e5241b777ef337e5b8a9b589375d4,-73,,3,64,12.0,3
19:09:22,,3,0ff275e9110976e4d4fa2e46b836c28a72946e631a096ef144beb5e0f20f8ce3,-85,,3,64,,3
19:09:23,26.0,3,f4ef1584ea999730fb698f29e2c1fdc84f1e5241b777ef337e5b8a9b589375d4,-80,,3,64,12.0,3
19:09:24,26.0,3,f4ef1584ea999730fb698f29e2c1fdc84f1e5241b777ef337e5b8a9b589375d4,-70,,3,64,12.0,3
19:09:25,26.0,3,f4ef1584ea999730fb698f29e2c1fdc84f1e5241b777ef337e5b8a9b589375d4,-71,,3,64,12.0,3
19:09:25,26.0,3,f4ef1584ea999730fb698f29e2c1fdc84f1e5241b777ef337e5b8a9b589375d4,-75,,3,64,12.0,3
19:09:26,26.0,3,f4ef1584ea999730fb698f29e2c1fdc84f1e5241b777ef337e5b8a9b589375d4,-71,,3,64,12.0,3
19:09:27,26.0,3,f4ef1584ea999730fb698f29e2c1fdc84f1e5241b777ef337e5b8a9b589375d4,-82,,3,64,12.0,3
19:09:28,26.0,3,f4ef1584ea999730fb698f29e2c1fdc84f1e5241b777ef337e5b8a9b589375d4,-77,,3,64,12.0,3
19:09:29,26.0,3,f4ef1584ea999730fb698f29e2c1fdc84f1e5241b777ef337e5b8a9b589375d4,-83,,3,64,12.0,3
19:09:29,26.0,3,f4ef1584ea999730fb698f29e2c1fdc84f1e5241b777ef337e5b8a9b589375d4,-82,,3,64,12.0,3
19:09:30,26.0,3,f4ef1584ea999730fb698f29e2c1fdc84f1e5241b777ef337e5b8a9b589375d4,-88,,3,64,12.0,3
19:09:31,,3,0ff275e9110976e4d4fa2e46b836c28a72946e631a096ef144beb5e0f20f8ce3,-87,,3,64,,3
19:09:32,26.0,3,f4ef1584ea999730fb698f29e2c1fdc84f1e5241b777ef337e5b8a9b589375d4,-86,,3,64,12.0,3
19:09:33,,3,0ff275e9110976e4d4fa2e46b836c28a72946e631a096ef144beb5e0f20f8ce3,-86,,3,64,,3
19:09:34,26.0,3,f4ef1584ea999730fb698f29e2c1fdc84f1e5241b777ef337e5b8a9b589375d4,-86,,3,64,12.0,3
19:09:34,26.0,3,f4ef1584ea999730fb698f29e2c1fdc84f1e5241b777ef337e5b8a9b589375d4,-82,,3,64,12.0,3
19:09:35,26.0,3,f4ef1584ea999730fb698f29e2c1fdc84f1e5241b777ef337e5b8a9b589375d4,-87,,3,64,12.0,3
19:09:36,,3,0ff275e9110976e4d4fa2e46b836c28a72946e631a096ef144beb5e0f20f8ce3,-86,,3,64,,3
19:09:37,26.0,3,f4ef1584ea999730fb698f29e2c1fdc84f1e5241b777ef337e5b8a9b589375d4,-91,,3,64,12.0,3
19:09:38,26.0,3,f4ef1584ea999730fb698f29e2c1fdc84f1e5241b777ef337e5b8a9b589375d4,-86,,3,64,12.0,3
19:09:38,26.0,3,f4ef1584ea999730fb698f29e2c1fdc84f1e5241b777ef337e5b8a9b589375d4,-82,,3,64,12.0,3
19:09:39,,3,0ff275e9110976e4d4fa2e46b836c28a72946e631a096ef144beb5e0f20f8ce3,-84,,3,64,,3
19:09:40,26.0,3,f4ef1584ea999730fb698f29e2c1fdc84f1e5241b777ef337e5b8a9b589375d4,-89,,3,64,12.0,3
19:09:41,26.0,3,f4ef1584ea999730fb698f29e2c1fdc84f1e5241b777ef337e5b8a9b589375d4,-85,,3,64,12.0,3
19:09:43,,3,0ff275e9110976e4d4fa2e46b836c28a72946e631a096ef144beb5e0f20f8ce3,-92,,3,64,,3
19:09:45,,3,0ff275e9110976e4d4fa2e46b836c28a72946e631a096ef144beb5e0f20f8ce3,-84,,3,64,,3
19:09:47,,3,0ff275e9110976e4d4fa2e46b836c28a72946e631a096ef144beb5e0f20f8ce3,-93,,3,64,,3
19:09:49,,3,0ff275e9110976e4d4fa2e46b836c28a72946e631a096ef144beb5e0f20f8ce3,-86,,3,64,,3
19:09:51,,3,0ff275e9110976e4d4fa2e46b836c28a72946e631a096ef144beb5e0f20f8ce3,-87,,3,64,,3
19:09:53,,3,0ff275e9110976e4d4fa2e46b836c28a72946e631a096ef144beb5e0f20f8ce3,-90,,3,64,,3
19:09:55,,3,0ff275e9110976e4d4fa2e46b836c28a72946e631a096ef144beb5e0f20f8ce3,-89,,3,64,,3
19:09:57,,3,0ff275e9110976e4d4fa2e46b836c28a72946e631a096ef144beb5e0f20f8ce3,-85,,3,64,,3
19:10:01,,3,0ff275e9110976e4d4fa2e46b836c28a72946e631a096ef144beb5e0f20f8ce3,-87,,3,64,,3
19:10:03,,3,0ff275e9110976e4d4fa2e46b836c28a72946e631a096ef144beb5e0f20f8ce3,-90,,3,64,,3
19:10:05,,3,0ff275e9110976e4d4fa2e46b836c28a72946e631a096ef144beb5e0f20f8ce3,-90,,3,64,,3
19:10:07,,3,0ff275e9110976e4d4fa2e46b836c28a72946e631a096ef144beb5e0f20f8ce3,-86,,3,64,,3
19:10:13,,3,0ff275e9110976e4d4fa2e46b836c28a72946e631a096ef144beb5e0f20f8ce3,-95,,3,64,,3
19:10:19,,3,0ff275e9110976e4d4fa2e46b836c28a72946e631a096ef144beb5e0f20f8ce3,-90,,3,64,,3
19:10:21,,3,0ff275e9110976e4d4fa2e46b836c28a72946e631a096ef144beb5e0f20f8ce3,-93,,3,64,,3
19:10:25,,3,0ff275e9110976e4d4fa2e46b836c28a72946e631a096ef144beb5e0f20f8ce3,-89,,3,64,,3
19:10:27,,3,0ff275e9110976e4d4fa2e46b836c28a72946e631a096ef144beb5e0f20f8ce3,-88,,3,64,,3
19:10:29,,3,0ff275e9110976e4d4fa2e46b836c28a72946e631a096ef144beb5e0f20f8ce3,-93,,3,64,,3
19:10:33,,3,0ff275e9110976e4d4fa2e46b836c28a72946e631a096ef144beb5e0f20f8ce3,-90,,3,64,,3
19:10:39,,3,0ff275e9110976e4d4fa2e46b836c28a72946e631a096ef144beb5e0f20f8ce3,-88,,3,64,,3
19:10:41,,3,0ff275e9110976e4d4fa2e46b836c28a72946e631a096ef144beb5e0f20f8ce3,-92,,3,64,,3
19:10:43,,3,0ff275e9110976e4d4fa2e46b836c28a72946e631a096ef144beb5e0f20f8ce3,-87,,3,64,,3
19:10:45,,3,0ff275e9110976e4d4fa2e46b836c28a72946e631a096ef144beb5e0f20f8ce3,-90,,3,64,,3
19:10:48,26.0,3,f4ef1584ea999730fb698f29e2c1fdc84f1e5241b777ef337e5b8a9b589375d4,-90,,3,64,12.0,3
19:10:51,26.0,3,f4ef1584ea999730fb698f29e2c1fdc84f1e5241b777ef337e5b8a9b589375d4,-90,,3,64,12.0,3
19:10:54,26.0,3,f4ef1584ea999730fb698f29e2c1fdc84f1e5241b777ef337e5b8a9b589375d4,-89,,3,64,12.0,3
19:10:56,26.0,3,f4ef1584ea999730fb698f29e2c1fdc84f1e5241b777ef337e5b8a9b589375d4,-90,,3,64,12.0,3
19:11:01,,3,0ff275e9110976e4d4fa2e46b836c28a72946e631a096ef144beb5e0f20f8ce3,-90,,3,64,,3
19:11:03,,3,0ff275e9110976e4d4fa2e46b836c28a72946e631a096ef144beb5e0f20f8ce3,-92,,3,64,,3
19:11:05,,3,0ff275e9110976e4d4fa2e46b836c28a72946e631a096ef144beb5e0f20f8ce3,-94,,3,64,,3
19:11:45,,3,0ff275e9110976e4d4fa2e46b836c28a72946e631a096ef144beb5e0f20f8ce3,-91,,3,64,,3
19:11:47,,3,0ff275e9110976e4d4fa2e46b836c28a72946e631a096ef144beb5e0f20f8ce3,-91,,3,64,,3
19:11:49,,3,0ff275e9110976e4d4fa2e46b836c28a72946e631a096ef144beb5e0f20f8ce3,-91,,3,64,,3
19:11:51,,3,0ff275e9110976e4d4fa2e46b836c28a72946e631a096ef144beb5e0f20f8ce3,-90,,3,64,,3
19:11:52,26.0,3,e611a961bd957c4d2399d7ca749669719cf6f331faed9fee7a8a79c9129e2cd8,-94,,3,64,,3
19:11:53,,3,0ff275e9110976e4d4fa2e46b836c28a72946e631a096ef144beb5e0f20f8ce3,-93,,3,64,,3
19:11:57,,3,0ff275e9110976e4d4fa2e46b836c28a72946e631a096ef144beb5e0f20f8ce3,-91,,3,64,,3
19:11:59,,3,0ff275e9110976e4d4fa2e46b836c28a72946e631a096ef144beb5e0f20f8ce3,-90,,3,64,,3
19:12:01,,3,0ff275e9110976e4d4fa2e46b836c28a72946e631a096ef144beb5e0f20f8ce3,-95,,3,64,,3
19:12:03,,3,0ff275e9110976e4d4fa2e46b836c28a72946e631a096ef144beb5e0f20f8ce3,-91,,3,64,,3
19:12:05,,3,0ff275e9110976e4d4fa2e46b836c28a72946e631a096ef144beb5e0f20f8ce3,-101,,3,64,,3
19:12:09,,3,0ff275e9110976e4d4fa2e46b836c28a72946e631a096ef144beb5e0f20f8ce3,-97,,3,64,,3
19:12:11,,3,0ff275e9110976e4d4fa2e46b836c28a72946e631a096ef144beb5e0f20f8ce3,-93,,3,64,,3
19:12:15,,3,0ff275e9110976e4d4fa2e46b836c28a72946e631a096ef144beb5e0f20f8ce3,-93,,3,64,,3
19:12:17,,3,0ff275e9110976e4d4fa2e46b836c28a72946e631a096ef144beb5e0f20f8ce3,-93,,3,64,,3
19:12:19,,3,0ff275e9110976e4d4fa2e46b836c28a72946e631a096ef144beb5e0f20f8ce3,-94,,3,64,,3
19:12:21,,3,0ff275e9110976e4d4fa2e46b836c28a72946e631a096ef144beb5e0f20f8ce3,-91,,3,64,,3
19:12:23,,3,0ff275e9110976e4d4fa2e46b836c28a72946e631a096ef144beb5e0f20f8ce3,-91,,3,64,,3
19:12:53,,3,0ff275e9110976e4d4fa2e46b836c28a72946e631a096ef144beb5e0f20f8ce3,-88,,3,64,,3
19:12:55,,3,0ff275e9110976e4d4fa2e46b836c28a72946e631a096ef144beb5e0f20f8ce3,-90,,3,64,,3
19:13:01,,3,0ff275e9110976e4d4fa2e46b836c28a72946e631a096ef144beb5e0f20f8ce3,-93,,3,64,,3
19:13:02,26.0,3,f3ee3363ab212a4ce2b3ff986e1ccfda5fc926a4f7125ded8e8f5b6f7fc2075c,-88,,3,64,12.0,3
19:13:07,,3,0ff275e9110976e4d4fa2e46b836c28a72946e631a096ef144beb5e0f20f8ce3,-90,,3,64,,3
19:13:09,,3,0ff275e9110976e4d4fa2e46b836c28a72946e631a096ef144beb5e0f20f8ce3,-92,,3,64,,3
19:13:12,26.0,3,f3ee3363ab212a4ce2b3ff986e1ccfda5fc926a4f7125ded8e8f5b6f7fc2075c,-89,,3,64,12.0,3
19:13:19,,3,0ff275e9110976e4d4fa2e46b836c28a72946e631a096ef144beb5e0f20f8ce3,-88,,3,64,,3
19:13:21,,3,0ff275e9110976e4d4fa2e46b836c28a72946e631a096ef144beb5e0f20f8ce3,-95,,3,64,,3
19:13:25,,3,0ff275e9110976e4d4fa2e46b836c28a72946e631a096ef144beb5e0f20f8ce3,-90,,3,64,,3
19:13:27,,3,0ff275e9110976e4d4fa2e46b836c28a72946e631a096ef144beb5e0f20f8ce3,-94,,3,64,,3
19:13:33,,3,1baab5347b88c9173ef0ca60f2942389d9fad126781614d7d0d856b55720462c,-91,,3,64,,3
19:13:42,26.0,3,e611a961bd957c4d2399d7ca749669719cf6f331faed9fee7a8a79c9129e2cd8,-100,,3,64,,3
19:13:59,,3,0ff275e9110976e4d4fa2e46b836c28a72946e631a096ef144beb5e0f20f8ce3,-92,,3,64,,3
19:14:01,,3,0ff275e9110976e4d4fa2e46b836c28a72946e631a096ef144beb5e0f20f8ce3,-88,,3,64,,3
19:14:03,,3,0ff275e9110976e4d4fa2e46b836c28a72946e631a096ef144beb5e0f20f8ce3,-94,,3,64,,3
19:14:31,,3,0ff275e9110976e4d4fa2e46b836c28a72946e631a096ef144beb5e0f20f8ce3,-97,,3,64,,3
19:14:35,,3,0ff275e9110976e4d4fa2e46b836c28a72946e631a096ef144beb5e0f20f8ce3,-89,,3,64,,3
19:14:37,,3,0ff275e9110976e4d4fa2e46b836c28a72946e631a096ef144beb5e0f20f8ce3,-92,,3,64,,3
19:14:39,,3,0ff275e9110976e4d4fa2e46b836c28a72946e631a096ef144beb5e0f20f8ce3,-91,,3,64,,3
19:14:41,,3,0ff275e9110976e4d4fa2e46b836c28a72946e631a096ef144beb5e0f20f8ce3,-89,,3,64,,3
19:14:43,,3,0ff275e9110976e4d4fa2e46b836c28a72946e631a096ef144beb5e0f20f8ce3,-92,,3,64,,3
19:14:45,,3,0ff275e9110976e4d4fa2e46b836c28a72946e631a096ef144beb5e0f20f8ce3,-95,,3,64,,3
19:14:49,,3,0ff275e9110976e4d4fa2e46b836c28a72946e631a096ef144beb5e0f20f8ce3,-89,,3,64,,3
19:14:55,,3,0ff275e9110976e4d4fa2e46b836c28a72946e631a096ef144beb5e0f20f8ce3,-90,,3,64,,3
19:15:09,26.0,3,f3ee3363ab212a4ce2b3ff986e1ccfda5fc926a4f7125ded8e8f5b6f7fc2075c,-86,,3,64,12.0,3
19:15:09,26.0,3,f3ee3363ab212a4ce2b3ff986e1ccfda5fc926a4f7125ded8e8f5b6f7fc2075c,-88,,3,64,12.0,3
19:15:10,26.0,3,f3ee3363ab212a4ce2b3ff986e1ccfda5fc926a4f7125ded8e8f5b6f7fc2075c,-89,,3,64,12.0,3
19:15:11,26.0,3,f3ee3363ab212a4ce2b3ff986e1ccfda5fc926a4f7125ded8e8f5b6f7fc2075c,-84,,3,64,12.0,3
19:15:12,26.0,3,f3ee3363ab212a4ce2b3ff986e1ccfda5fc926a4f7125ded8e8f5b6f7fc2075c,-83,,3,64,12.0,3
19:15:14,26.0,3,f3ee3363ab212a4ce2b3ff986e1ccfda5fc926a4f7125ded8e8f5b6f7fc2075c,-79,,3,64,12.0,3
19:15:15,26.0,3,f3ee3363ab212a4ce2b3ff986e1ccfda5fc926a4f7125ded8e8f5b6f7fc2075c,-84,,3,64,12.0,3
19:15:16,26.0,3,f3ee3363ab212a4ce2b3ff986e1ccfda5fc926a4f7125ded8e8f5b6f7fc2075c,-86,,3,64,12.0,3
19:15:17,26.0,3,f3ee3363ab212a4ce2b3ff986e1ccfda5fc926a4f7125ded8e8f5b6f7fc2075c,-88,,3,64,12.0,3
19:15:18,26.0,3,f3ee3363ab212a4ce2b3ff986e1ccfda5fc926a4f7125ded8e8f5b6f7fc2075c,-87,,3,64,12.0,3
19:15:18,,3,a7102f4cf730b339a5b700797eb75aceb0113a2b59977bc23dda76f5963928be,-89,,3,64,,3
19:15:20,,3,a7102f4cf730b339a5b700797eb75aceb0113a2b59977bc23dda76f5963928be,-82,,3,64,,3
19:15:21,26.0,3,f3ee3363ab212a4ce2b3ff986e1ccfda5fc926a4f7125ded8e8f5b6f7fc2075c,-84,,3,64,12.0,3
19:15:22,,3,a7102f4cf730b339a5b700797eb75aceb0113a2b59977bc23dda76f5963928be,-88,,3,64,,3
19:15:22,26.0,3,f3ee3363ab212a4ce2b3ff986e1ccfda5fc926a4f7125ded8e8f5b6f7fc2075c,-70,,3,64,12.0,3
19:15:23,26.0,3,f3ee3363ab212a4ce2b3ff986e1ccfda5fc926a4f7125ded8e8f5b6f7fc2075c,-82,,3,64,12.0,3
19:15:24,26.0,3,f3ee3363ab212a4ce2b3ff986e1ccfda5fc926a4f7125ded8e8f5b6f7fc2075c,-66,,3,64,12.0,3
19:15:25,26.0,3,f3ee3363ab212a4ce2b3ff986e1ccfda5fc926a4f7125ded8e8f5b6f7fc2075c,-71,,3,64,12.0,3
19:15:26,,3,a7102f4cf730b339a5b700797eb75aceb0113a2b59977bc23dda76f5963928be,-62,,3,64,,3
19:15:26,26.0,3,f3ee3363ab212a4ce2b3ff986e1ccfda5fc926a4f7125ded8e8f5b6f7fc2075c,-64,,3,64,12.0,3
19:15:27,26.0,3,f3ee3363ab212a4ce2b3ff986e1ccfda5fc926a4f7125ded8e8f5b6f7fc2075c,-73,,3,64,12.0,3
19:15:28,26.0,3,f3ee3363ab212a4ce2b3ff986e1ccfda5fc926a4f7125ded8e8f5b6f7fc2075c,-50,,3,64,12.0,3
19:15:29,26.0,3,f3ee3363ab212a4ce2b3ff986e1ccfda5fc926a4f7125ded8e8f5b6f7fc2075c,-51,,3,64,12.0,3
19:15:30,,3,a7102f4cf730b339a5b700797eb75aceb0113a2b59977bc23dda76f5963928be,-47,,3,64,,3
19:15:30,26.0,3,f3ee3363ab212a4ce2b3ff986e1ccfda5fc926a4f7125ded8e8f5b6f7fc2075c,-47,,3,64,12.0,3
19:15:31,26.0,3,f3ee3363ab212a4ce2b3ff986e1ccfda5fc926a4f7125ded8e8f5b6f7fc2075c,-41,,3,64,12.0,3
19:15:32,26.0,3,f3ee3363ab212a4ce2b3ff986e1ccfda5fc926a4f7125ded8e8f5b6f7fc2075c,-49,,3,64,12.0,3
19:15:33,26.0,3,f3ee3363ab212a4ce2b3ff986e1ccfda5fc926a4f7125ded8e8f5b6f7fc2075c,-46,,3,64,12.0,3
19:15:34,,3,a7102f4cf730b339a5b700797eb75aceb0113a2b59977bc23dda76f5963928be,-46,,3,64,,3
19:15:34,26.0,3,f3ee3363ab212a4ce2b3ff986e1ccfda5fc926a4f7125ded8e8f5b6f7fc2075c,-47,,3,64,12.0,3
19:15:35,26.0,3,f3ee3363ab212a4ce2b3ff986e1ccfda5fc926a4f7125ded8e8f5b6f7fc2075c,-49,,3,64,12.0,3
19:15:36,26.0,3,f3ee3363ab212a4ce2b3ff986e1ccfda5fc926a4f7125ded8e8f5b6f7fc2075c,-46,,3,64,12.0,3
19:15:37,26.0,3,f3ee3363ab212a4ce2b3ff986e1ccfda5fc926a4f7125ded8e8f5b6f7fc2075c,-42,,3,64,12.0,3
19:15:38,,3,a7102f4cf730b339a5b700797eb75aceb0113a2b59977bc23dda76f5963928be,-48,,3,64,,3
19:15:39,26.0,3,f3ee3363ab212a4ce2b3ff986e1ccfda5fc926a4f7125ded8e8f5b6f7fc2075c,-48,,3,64,12.0,3
19:15:39,26.0,3,f3ee3363ab212a4ce2b3ff986e1ccfda5fc926a4f7125ded8e8f5b6f7fc2075c,-49,,3,64,12.0,3
19:15:40,26.0,3,f3ee3363ab212a4ce2b3ff986e1ccfda5fc926a4f7125ded8e8f5b6f7fc2075c,-42,,3,64,12.0,3
19:15:41,26.0,3,f3ee3363ab212a4ce2b3ff986e1ccfda5fc926a4f7125ded8e8f5b6f7fc2075c,-51,,3,64,12.0,3
19:15:42,26.0,3,f3ee3363ab212a4ce2b3ff986e1ccfda5fc926a4f7125ded8e8f5b6f7fc2075c,-46,,3,64,12.0,3
19:15:43,,3,a7102f4cf730b339a5b700797eb75aceb0113a2b59977bc23dda76f5963928be,-42,,3,64,,3
19:15:43,26.0,3,f3ee3363ab212a4ce2b3ff986e1ccfda5fc926a4f7125ded8e8f5b6f7fc2075c,-41,,3,64,12.0,3
19:15:44,26.0,3,f3ee3363ab212a4ce2b3ff986e1ccfda5fc926a4f7125ded8e8f5b6f7fc2075c,-50,,3,64,12.0,3
19:15:45,26.0,3,f3ee3363ab212a4ce2b3ff986e1ccfda5fc926a4f7125ded8e8f5b6f7fc2075c,-42,,3,64,12.0,3
19:15:46,26.0,3,f3ee3363ab212a4ce2b3ff986e1ccfda5fc926a4f7125ded8e8f5b6f7fc2075c,-50,,3,64,12.0,3
19:15:47,26.0,3,f3ee3363ab212a4ce2b3ff986e1ccfda5fc926a4f7125ded8e8f5b6f7fc2075c,-47,,3,64,12.0,3
19:15:47,,3,a7102f4cf730b339a5b700797eb75aceb0113a2b59977bc23dda76f5963928be,-49,,3,64,,3
19:15:48,26.0,3,f3ee3363ab212a4ce2b3ff986e1ccfda5fc926a4f7125ded8e8f5b6f7fc2075c,-47,,3,64,12.0,3
19:15:49,26.0,3,f3ee3363ab212a4ce2b3ff986e1ccfda5fc926a4f7125ded8e8f5b6f7fc2075c,-50,,3,64,12.0,3
19:15:50,26.0,3,f3ee3363ab212a4ce2b3ff986e1ccfda5fc926a4f7125ded8e8f5b6f7fc2075c,-42,,3,64,12.0,3
19:15:51,26.0,3,f3ee3363ab212a4ce2b3ff986e1ccfda5fc926a4f7125ded8e8f5b6f7fc2075c,-47,,3,64,12.0,3
19:15:51,,3,a7102f4cf730b339a5b700797eb75aceb0113a2b59977bc23dda76f5963928be,-47,,3,64,,3
19:15:52,26.0,3,f3ee3363ab212a4ce2b3ff986e1ccfda5fc926a4f7125ded8e8f5b6f7fc2075c,-47,,3,64,12.0,3
19:15:53,26.0,3,f3ee3363ab212a4ce2b3ff986e1ccfda5fc926a4f7125ded8e8f5b6f7fc2075c,-43,,3,64,12.0,3
19:15:54,26.0,3,f3ee3363ab212a4ce2b3ff986e1ccfda5fc926a4f7125ded8e8f5b6f7fc2075c,-47,,3,64,12.0,3
19:15:55,26.0,3,f3ee3363ab212a4ce2b3ff986e1ccfda5fc926a4f7125ded8e8f5b6f7fc2075c,-50,,3,64,12.0,3
19:15:55,,3,a7102f4cf730b339a5b700797eb75aceb0113a2b59977bc23dda76f5963928be,-48,,3,64,,3
19:15:56,26.0,3,f3ee3363ab212a4ce2b3ff986e1ccfda5fc926a4f7125ded8e8f5b6f7fc2075c,-47,,3,64,12.0,3
19:15:57,26.0,3,f3ee3363ab212a4ce2b3ff986e1ccfda5fc926a4f7125ded8e8f5b6f7fc2075c,-47,,3,64,12.0,3
19:15:58,26.0,3,f3ee3363ab212a4ce2b3ff986e1ccfda5fc926a4f7125ded8e8f5b6f7fc2075c,-47,,3,64,12.0,3
19:15:59,26.0,3,f3ee3363ab212a4ce2b3ff986e1ccfda5fc926a4f7125ded8e8f5b6f7fc2075c,-50,,3,64,12.0,3
19:15:59,26.0,3,f3ee3363ab212a4ce2b3ff986e1ccfda5fc926a4f7125ded8e8f5b6f7fc2075c,-47,,3,64,12.0,3
19:16:00,26.0,3,f3ee3363ab212a4ce2b3ff986e1ccfda5fc926a4f7125ded8e8f5b6f7fc2075c,-50,,3,64,12.0,3
19:16:01,26.0,3,f3ee3363ab212a4ce2b3ff986e1ccfda5fc926a4f7125ded8e8f5b6f7fc2075c,-47,,3,64,12.0,3
19:16:02,,3,a7102f4cf730b339a5b700797eb75aceb0113a2b59977bc23dda76f5963928be,-55,,3,64,,3
19:16:03,,3,a7102f4cf730b339a5b700797eb75aceb0113a2b59977bc23dda76f5963928be,-65,,3,64,,3
19:16:03,26.0,3,f3ee3363ab212a4ce2b3ff986e1ccfda5fc926a4f7125ded8e8f5b6f7fc2075c,-76,,3,64,12.0,3
19:16:04,,3,a7102f4cf730b339a5b700797eb75aceb0113a2b59977bc23dda76f5963928be,-75,,3,64,,3
19:16:05,26.0,3,f3ee3363ab212a4ce2b3ff986e1ccfda5fc926a4f7125ded8e8f5b6f7fc2075c,-85,,3,64,12.0,3
19:16:06,26.0,3,f3ee3363ab212a4ce2b3ff986e1ccfda5fc926a4f7125ded8e8f5b6f7fc2075c,-70,,3,64,12.0,3
19:16:07,26.0,3,f3ee3363ab212a4ce2b3ff986e1ccfda5fc926a4f7125ded8e8f5b6f7fc2075c,-81,,3,64,12.0,3
19:16:07,,3,a7102f4cf730b339a5b700797eb75aceb0113a2b59977bc23dda76f5963928be,-77,,3,64,,3
19:16:08,26.0,3,f3ee3363ab212a4ce2b3ff986e1ccfda5fc926a4f7125ded8e8f5b6f7fc2075c,-71,,3,64,12.0,3
19:16:09,26.0,3,f3ee3363ab212a4ce2b3ff986e1ccfda5fc926a4f7125ded8e8f5b6f7fc2075c,-75,,3,64,12.0,3
19:16:10,26.0,3,f3ee3363ab212a4ce2b3ff986e1ccfda5fc926a4f7125ded8e8f5b6f7fc2075c,-68,,3,64,12.0,3
19:16:11,,3,a7102f4cf730b339a5b700797eb75aceb0113a2b59977bc23dda76f5963928be,-68,,3,64,,3
19:16:11,26.0,3,f3ee3363ab212a4ce2b3ff986e1ccfda5fc926a4f7125ded8e8f5b6f7fc2075c,-71,,3,64,12.0,3
19:16:12,26.0,3,f3ee3363ab212a4ce2b3ff986e1ccfda5fc926a4f7125ded8e8f5b6f7fc2075c,-77,,3,64,12.0,3
19:16:13,26.0,3,f3ee3363ab212a4ce2b3ff986e1ccfda5fc926a4f7125ded8e8f5b6f7fc2075c,-75,,3,64,12.0,3
19:16:14,26.0,3,f3ee3363ab212a4ce2b3ff986e1ccfda5fc926a4f7125ded8e8f5b6f7fc2075c,-80,,3,64,12.0,3
19:16:15,26.0,3,f3ee3363ab212a4ce2b3ff986e1ccfda5fc926a4f7125ded8e8f5b6f7fc2075c,-77,,3,64,12.0,3
19:16:16,26.0,3,f3ee3363ab212a4ce2b3ff986e1ccfda5fc926a4f7125ded8e8f5b6f7fc2075c,-76,,3,64,12.0,3
19:16:16,26.0,3,f3ee3363ab212a4ce2b3ff986e1ccfda5fc926a4f7125ded8e8f5b6f7fc2075c,-80,,3,64,12.0,3
19:16:17,26.0,3,f3ee3363ab212a4ce2b3ff986e1ccfda5fc926a4f7125ded8e8f5b6f7fc2075c,-79,,3,64,12.0,3
19:16:18,26.0,3,f3ee3363ab212a4ce2b3ff986e1ccfda5fc926a4f7125ded8e8f5b6f7fc2075c,-79,,3,64,12.0,3
19:16:19,26.0,3,f3ee3363ab212a4ce2b3ff986e1ccfda5fc926a4f7125ded8e8f5b6f7fc2075c,-76,,3,64,12.0,3
19:16:20,26.0,3,f3ee3363ab212a4ce2b3ff986e1ccfda5fc926a4f7125ded8e8f5b6f7fc2075c,-76,,3,64,12.0,3
19:16:20,26.0,3,f3ee3363ab212a4ce2b3ff986e1ccfda5fc926a4f7125ded8e8f5b6f7fc2075c,-73,,3,64,12.0,3
19:16:21,26.0,3,f3ee3363ab212a4ce2b3ff986e1ccfda5fc926a4f7125ded8e8f5b6f7fc2075c,-79,,3,64,12.0,3
19:16:22,26.0,3,f3ee3363ab212a4ce2b3ff986e1ccfda5fc926a4f7125ded8e8f5b6f7fc2075c,-82,,3,64,12.0,3
19:16:23,26.0,3,f3ee3363ab212a4ce2b3ff986e1ccfda5fc926a4f7125ded8e8f5b6f7fc2075c,-80,,3,64,12.0,3
19:16:24,26.0,3,f3ee3363ab212a4ce2b3ff986e1ccfda5fc926a4f7125ded8e8f5b6f7fc2075c,-81,,3,64,12.0,3
19:16:24,26.0,3,f3ee3363ab212a4ce2b3ff986e1ccfda5fc926a4f7125ded8e8f5b6f7fc2075c,-76,,3,64,12.0,3
19:16:25,26.0,3,f3ee3363ab212a4ce2b3ff986e1ccfda5fc926a4f7125ded8e8f5b6f7fc2075c,-79,,3,64,12.0,3
19:16:26,26.0,3,f3ee3363ab212a4ce2b3ff986e1ccfda5fc926a4f7125ded8e8f5b6f7fc2075c,-68,,3,64,12.0,3
19:16:27,26.0,3,f3ee3363ab212a4ce2b3ff986e1ccfda5fc926a4f7125ded8e8f5b6f7fc2075c,-78,,3,64,12.0,3
19:16:28,26.0,3,f3ee3363ab212a4ce2b3ff986e1ccfda5fc926a4f7125ded8e8f5b6f7fc2075c,-70,,3,64,12.0,3
19:16:28,26.0,3,f3ee3363ab212a4ce2b3ff986e1ccfda5fc926a4f7125ded8e8f5b6f7fc2075c,-79,,3,64,12.0,3
19:16:29,26.0,3,f3ee3363ab212a4ce2b3ff986e1ccfda5fc926a4f7125ded8e8f5b6f7fc2075c,-77,,3,64,12.0,3
19:16:30,26.0,3,f3ee3363ab212a4ce2b3ff986e1ccfda5fc926a4f7125ded8e8f5b6f7fc2075c,-77,,3,64,12.0,3
19:16:31,26.0,3,f3ee3363ab212a4ce2b3ff986e1ccfda5fc926a4f7125ded8e8f5b6f7fc2075c,-73,,3,64,12.0,3
19:16:32,26.0,3,f3ee3363ab212a4ce2b3ff986e1ccfda5fc926a4f7125ded8e8f5b6f7fc2075c,-78,,3,64,12.0,3
19:16:32,26.0,3,f3ee3363ab212a4ce2b3ff986e1ccfda5fc926a4f7125ded8e8f5b6f7fc2075c,-83,,3,64,12.0,3
19:16:33,26.0,3,f3ee3363ab212a4ce2b3ff986e1ccfda5fc926a4f7125ded8e8f5b6f7fc2075c,-78,,3,64,12.0,3
19:16:34,26.0,3,f3ee3363ab212a4ce2b3ff986e1ccfda5fc926a4f7125ded8e8f5b6f7fc2075c,-79,,3,64,12.0,3
19:16:35,26.0,3,f3ee3363ab212a4ce2b3ff986e1ccfda5fc926a4f7125ded8e8f5b6f7fc2075c,-78,,3,64,12.0,3
19:16:36,26.0,3,f3ee3363ab212a4ce2b3ff986e1ccfda5fc926a4f7125ded8e8f5b6f7fc2075c,-79,,3,64,12.0,3
19:16:36,26.0,3,f3ee3363ab212a4ce2b3ff986e1ccfda5fc926a4f7125ded8e8f5b6f7fc2075c,-80,,3,64,12.0,3
19:16:37,26.0,3,f3ee3363ab212a4ce2b3ff986e1ccfda5fc926a4f7125ded8e8f5b6f7fc2075c,-75,,3,64,12.0,3
19:16:38,26.0,3,f3ee3363ab212a4ce2b3ff986e1ccfda5fc926a4f7125ded8e8f5b6f7fc2075c,-73,,3,64,12.0,3
19:16:39,,3,a7102f4cf730b339a5b700797eb75aceb0113a2b59977bc23dda76f5963928be,-82,,3,64,,3
19:16:40,26.0,3,f3ee3363ab212a4ce2b3ff986e1ccfda5fc926a4f7125ded8e8f5b6f7fc2075c,-73,,3,64,12.0,3
19:16:40,26.0,3,f3ee3363ab212a4ce2b3ff986e1ccfda5fc926a4f7125ded8e8f5b6f7fc2075c,-79,,3,64,12.0,3
19:16:41,26.0,3,f3ee3363ab212a4ce2b3ff986e1ccfda5fc926a4f7125ded8e8f5b6f7fc2075c,-77,,3,64,12.0,3
19:16:42,26.0,3,f3ee3363ab212a4ce2b3ff986e1ccfda5fc926a4f7125ded8e8f5b6f7fc2075c,-75,,3,64,12.0,3
19:16:43,26.0,3,f3ee3363ab212a4ce2b3ff986e1ccfda5fc926a4f7125ded8e8f5b6f7fc2075c,-80,,3,64,12.0,3
19:16:44,26.0,3,f3ee3363ab212a4ce2b3ff986e1ccfda5fc926a4f7125ded8e8f5b6f7fc2075c,-75,,3,64,12.0,3
19:16:44,26.0,3,f3ee3363ab212a4ce2b3ff986e1ccfda5fc926a4f7125ded8e8f5b6f7fc2075c,-76,,3,64,12.0,3
19:16:45,26.0,3,f3ee3363ab212a4ce2b3ff986e1ccfda5fc926a4f7125ded8e8f5b6f7fc2075c,-76,,3,64,12.0,3
19:16:46,26.0,3,f3ee3363ab212a4ce2b3ff986e1ccfda5fc926a4f7125ded8e8f5b6f7fc2075c,-77,,3,64,12.0,3
19:16:47,26.0,3,f3ee3363ab212a4ce2b3ff986e1ccfda5fc926a4f7125ded8e8f5b6f7fc2075c,-76,,3,64,12.0,3
19:16:48,26.0,3,f3ee3363ab212a4ce2b3ff986e1ccfda5fc926a4f7125ded8e8f5b6f7fc2075c,-75,,3,64,12.0,3
19:16:48,,3,a7102f4cf730b339a5b700797eb75aceb0113a2b59977bc23dda76f5963928be,-73,,3,64,,3
19:16:49,26.0,3,f3ee3363ab212a4ce2b3ff986e1ccfda5fc926a4f7125ded8e8f5b6f7fc2075c,-68,,3,64,12.0,3
19:16:50,26.0,3,f3ee3363ab212a4ce2b3ff986e1ccfda5fc926a4f7125ded8e8f5b6f7fc2075c,-85,,3,64,12.0,3
19:16:51,26.0,3,f3ee3363ab212a4ce2b3ff986e1ccfda5fc926a4f7125ded8e8f5b6f7fc2075c,-73,,3,64,12.0,3
19:16:52,26.0,3,f3ee3363ab212a4ce2b3ff986e1ccfda5fc926a4f7125ded8e8f5b6f7fc2075c,-74,,3,64,12.0,3
19:16:52,26.0,3,f3ee3363ab212a4ce2b3ff986e1ccfda5fc926a4f7125ded8e8f5b6f7fc2075c,-73,,3,64,12.0,3
19:16:53,26.0,3,f3ee3363ab212a4ce2b3ff986e1ccfda5fc926a4f7125ded8e8f5b6f7fc2075c,-73,,3,64,12.0,3
19:16:54,26.0,3,f3ee3363ab212a4ce2b3ff986e1ccfda5fc926a4f7125ded8e8f5b6f7fc2075c,-81,,3,64,12.0,3
19:16:55,26.0,3,f3ee3363ab212a4ce2b3ff986e1ccfda5fc926a4f7125ded8e8f5b6f7fc2075c,-73,,3,64,12.0,3
19:16:56,26.0,3,f3ee3363ab212a4ce2b3ff986e1ccfda5fc926a4f7125ded8e8f5b6f7fc2075c,-82,,3,64,12.0,3
19:16:56,26.0,3,f3ee3363ab212a4ce2b3ff986e1ccfda5fc926a4f7125ded8e8f5b6f7fc2075c,-72,,3,64,12.0,3
19:16:57,26.0,3,f3ee3363ab212a4ce2b3ff986e1ccfda5fc926a4f7125ded8e8f5b6f7fc2075c,-84,,3,64,12.0,3
19:16:58,26.0,3,f3ee3363ab212a4ce2b3ff986e1ccfda5fc926a4f7125ded8e8f5b6f7fc2075c,-72,,3,64,12.0,3
19:16:59,26.0,3,f3ee3363ab212a4ce2b3ff986e1ccfda5fc926a4f7125ded8e8f5b6f7fc2075c,-81,,3,64,12.0,3
19:17:00,26.0,3,f3ee3363ab212a4ce2b3ff986e1ccfda5fc926a4f7125ded8e8f5b6f7fc2075c,-74,,3,64,12.0,3
19:17:00,,3,a7102f4cf730b339a5b700797eb75aceb0113a2b59977bc23dda76f5963928be,-70,,3,64,,3
19:17:01,26.0,3,f3ee3363ab212a4ce2b3ff986e1ccfda5fc926a4f7125ded8e8f5b6f7fc2075c,-69,,3,64,12.0,3
19:17:02,26.0,3,f3ee3363ab212a4ce2b3ff986e1ccfda5fc926a4f7125ded8e8f5b6f7fc2075c,-73,,3,64,12.0,3
19:17:03,26.0,3,f3ee3363ab212a4ce2b3ff986e1ccfda5fc926a4f7125ded8e8f5b6f7fc2075c,-85,,3,64,12.0,3
19:17:04,26.0,3,f3ee3363ab212a4ce2b3ff986e1ccfda5fc926a4f7125ded8e8f5b6f7fc2075c,-73,,3,64,12.0,3
19:17:05,26.0,3,f3ee3363ab212a4ce2b3ff986e1ccfda5fc926a4f7125ded8e8f5b6f7fc2075c,-77,,3,64,12.0,3
19:17:05,26.0,3,f3ee3363ab212a4ce2b3ff986e1ccfda5fc926a4f7125ded8e8f5b6f7fc2075c,-70,,3,64,12.0,3
19:17:06,26.0,3,f3ee3363ab212a4ce2b3ff986e1ccfda5fc926a4f7125ded8e8f5b6f7fc2075c,-72,,3,64,12.0,3
19:17:07,26.0,3,f3ee3363ab212a4ce2b3ff986e1ccfda5fc926a4f7125ded8e8f5b6f7fc2075c,-68,,3,64,12.0,3
19:17:08,26.0,3,f3ee3363ab212a4ce2b3ff986e1ccfda5fc926a4f7125ded8e8f5b6f7fc2075c,-71,,3,64,12.0,3
19:17:09,26.0,3,f3ee3363ab212a4ce2b3ff986e1ccfda5fc926a4f7125ded8e8f5b6f7fc2075c,-70,,3,64,12.0,3
19:17:09,26.0,3,f3ee3363ab212a4ce2b3ff986e1ccfda5fc926a4f7125ded8e8f5b6f7fc2075c,-71,,3,64,12.0,3
19:17:10,26.0,3,f3ee3363ab212a4ce2b3ff986e1ccfda5fc926a4f7125ded8e8f5b6f7fc2075c,-72,,3,64,12.0,3
19:17:11,26.0,3,f3ee3363ab212a4ce2b3ff986e1ccfda5fc926a4f7125ded8e8f5b6f7fc2075c,-69,,3,64,12.0,3
19:17:12,26.0,3,f3ee3363ab212a4ce2b3ff986e1ccfda5fc926a4f7125ded8e8f5b6f7fc2075c,-68,,3,64,12.0,3
19:17:13,26.0,3,f3ee3363ab212a4ce2b3ff986e1ccfda5fc926a4f7125ded8e8f5b6f7fc2075c,-71,,3,64,12.0,3
19:17:13,26.0,3,f3ee3363ab212a4ce2b3ff986e1ccfda5fc926a4f7125ded8e8f5b6f7fc2075c,-72,,3,64,12.0,3
19:17:14,26.0,3,f3ee3363ab212a4ce2b3ff986e1ccfda5fc926a4f7125ded8e8f5b6f7fc2075c,-72,,3,64,12.0,3
19:17:15,26.0,3,f3ee3363ab212a4ce2b3ff986e1ccfda5fc926a4f7125ded8e8f5b6f7fc2075c,-73,,3,64,12.0,3
19:17:16,26.0,3,f3ee3363ab212a4ce2b3ff986e1ccfda5fc926a4f7125ded8e8f5b6f7fc2075c,-69,,3,64,12.0,3
19:17:17,26.0,3,f3ee3363ab212a4ce2b3ff986e1ccfda5fc926a4f7125ded8e8f5b6f7fc2075c,-68,,3,64,12.0,3
19:17:17,26.0,3,f3ee3363ab212a4ce2b3ff986e1ccfda5fc926a4f7125ded8e8f5b6f7fc2075c,-66,,3,64,12.0,3
19:17:18,26.0,3,f3ee3363ab212a4ce2b3ff986e1ccfda5fc926a4f7125ded8e8f5b6f7fc2075c,-69,,3,64,12.0,3
19:17:19,26.0,3,f3ee3363ab212a4ce2b3ff986e1ccfda5fc926a4f7125ded8e8f5b6f7fc2075c,-82,,3,64,12.0,3
19:17:20,26.0,3,f3ee3363ab212a4ce2b3ff986e1ccfda5fc926a4f7125ded8e8f5b6f7fc2075c,-73,,3,64,12.0,3
19:17:21,26.0,3,f3ee3363ab212a4ce2b3ff986e1ccfda5fc926a4f7125ded8e8f5b6f7fc2075c,-79,,3,64,12.0,3
19:17:21,26.0,3,f3ee3363ab212a4ce2b3ff986e1ccfda5fc926a4f7125ded8e8f5b6f7fc2075c,-69,,3,64,12.0,3
19:17:22,26.0,3,f3ee3363ab212a4ce2b3ff986e1ccfda5fc926a4f7125ded8e8f5b6f7fc2075c,-79,,3,64,12.0,3
19:17:23,26.0,3,f3ee3363ab212a4ce2b3ff986e1ccfda5fc926a4f7125ded8e8f5b6f7fc2075c,-69,,3,64,12.0,3
19:17:24,26.0,3,f3ee3363ab212a4ce2b3ff986e1ccfda5fc926a4f7125ded8e8f5b6f7fc2075c,-72,,3,64,12.0,3
19:17:25,26.0,3,f3ee3363ab212a4ce2b3ff986e1ccfda5fc926a4f7125ded8e8f5b6f7fc2075c,-69,,3,64,12.0,3
19:17:25,26.0,3,f3ee3363ab212a4ce2b3ff986e1ccfda5fc926a4f7125ded8e8f5b6f7fc2075c,-73,,3,64,12.0,3
19:17:26,26.0,3,f3ee3363ab212a4ce2b3ff986e1ccfda5fc926a4f7125ded8e8f5b6f7fc2075c,-78,,3,64,12.0,3
19:17:27,26.0,3,f3ee3363ab212a4ce2b3ff986e1ccfda5fc926a4f7125ded8e8f5b6f7fc2075c,-67,,3,64,12.0,3
19:17:28,26.0,3,f3ee3363ab212a4ce2b3ff986e1ccfda5fc926a4f7125ded8e8f5b6f7fc2075c,-75,,3,64,12.0,3
19:17:29,,3,a7102f4cf730b339a5b700797eb75aceb0113a2b59977bc23dda76f5963928be,-70,,3,64,,3
19:17:29,26.0,3,f3ee3363ab212a4ce2b3ff986e1ccfda5fc926a4f7125ded8e8f5b6f7fc2075c,-78,,3,64,12.0,3
19:17:30,26.0,3,f3ee3363ab212a4ce2b3ff986e1ccfda5fc926a4f7125ded8e8f5b6f7fc2075c,-70,,3,64,12.0,3
19:17:31,26.0,3,f3ee3363ab212a4ce2b3ff986e1ccfda5fc926a4f7125ded8e8f5b6f7fc2075c,-77,,3,64,12.0,3
19:17:32,26.0,3,f3ee3363ab212a4ce2b3ff986e1ccfda5fc926a4f7125ded8e8f5b6f7fc2075c,-70,,3,64,12.0,3
19:17:33,,3,a7102f4cf730b339a5b700797eb75aceb0113a2b59977bc23dda76f5963928be,-79,,3,64,,3
19:17:33,26.0,3,f3ee3363ab212a4ce2b3ff986e1ccfda5fc926a4f7125ded8e8f5b6f7fc2075c,-68,,3,64,12.0,3
19:17:34,26.0,3,f3ee3363ab212a4ce2b3ff986e1ccfda5fc926a4f7125ded8e8f5b6f7fc2075c,-71,,3,64,12.0,3
19:17:35,26.0,3,f3ee3363ab212a4ce2b3ff986e1ccfda5fc926a4f7125ded8e8f5b6f7fc2075c,-81,,3,64,12.0,3
19:17:36,26.0,3,f3ee3363ab212a4ce2b3ff986e1ccfda5fc926a4f7125ded8e8f5b6f7fc2075c,-71,,3,64,12.0,3
19:17:37,26.0,3,f3ee3363ab212a4ce2b3ff986e1ccfda5fc926a4f7125ded8e8f5b6f7fc2075c,-80,,3,64,12.0,3
19:17:37,26.0,3,f3ee3363ab212a4ce2b3ff986e1ccfda5fc926a4f7125ded8e8f5b6f7fc2075c,-69,,3,64,12.0,3
19:17:38,26.0,3,f3ee3363ab212a4ce2b3ff986e1ccfda5fc926a4f7125ded8e8f5b6f7fc2075c,-81,,3,64,12.0,3
19:17:39,26.0,3,f3ee3363ab212a4ce2b3ff986e1ccfda5fc926a4f7125ded8e8f5b6f7fc2075c,-69,,3,64,12.0,3
19:17:40,26.0,3,f3ee3363ab212a4ce2b3ff986e1ccfda5fc926a4f7125ded8e8f5b6f7fc2075c,-71,,3,64,12.0,3
19:17:41,26.0,3,f3ee3363ab212a4ce2b3ff986e1ccfda5fc926a4f7125ded8e8f5b6f7fc2075c,-69,,3,64,12.0,3
19:17:41,26.0,3,f3ee3363ab212a4ce2b3ff986e1ccfda5fc926a4f7125ded8e8f5b6f7fc2075c,-71,,3,64,12.0,3
19:17:42,26.0,3,f3ee3363ab212a4ce2b3ff986e1ccfda5fc926a4f7125ded8e8f5b6f7fc2075c,-79,,3,64,12.0,3
19:17:43,26.0,3,f3ee3363ab212a4ce2b3ff986e1ccfda5fc926a4f7125ded8e8f5b6f7fc2075c,-72,,3,64,12.0,3
19:17:44,26.0,3,f3ee3363ab212a4ce2b3ff986e1ccfda5fc926a4f7125ded8e8f5b6f7fc2075c,-78,,3,64,12.0,3
19:17:45,,3,a7102f4cf730b339a5b700797eb75aceb0113a2b59977bc23dda76f5963928be,-78,,3,64,,3
19:17:45,26.0,3,f3ee3363ab212a4ce2b3ff986e1ccfda5fc926a4f7125ded8e8f5b6f7fc2075c,-78,,3,64,12.0,3
19:17:46,26.0,3,f3ee3363ab212a4ce2b3ff986e1ccfda5fc926a4f7125ded8e8f5b6f7fc2075c,-70,,3,64,12.0,3
19:17:47,26.0,3,f3ee3363ab212a4ce2b3ff986e1ccfda5fc926a4f7125ded8e8f5b6f7fc2075c,-78,,3,64,12.0,3
19:17:48,26.0,3,f3ee3363ab212a4ce2b3ff986e1ccfda5fc926a4f7125ded8e8f5b6f7fc2075c,-69,,3,64,12.0,3
19:17:49,,3,a7102f4cf730b339a5b700797eb75aceb0113a2b59977bc23dda76f5963928be,-72,,3,64,,3
19:17:49,26.0,3,f3ee3363ab212a4ce2b3ff986e1ccfda5fc926a4f7125ded8e8f5b6f7fc2075c,-69,,3,64,12.0,3
19:17:50,26.0,3,f3ee3363ab212a4ce2b3ff986e1ccfda5fc926a4f7125ded8e8f5b6f7fc2075c,-71,,3,64,12.0,3
19:17:51,26.0,3,f3ee3363ab212a4ce2b3ff986e1ccfda5fc926a4f7125ded8e8f5b6f7fc2075c,-80,,3,64,12.0,3
19:17:52,26.0,3,f3ee3363ab212a4ce2b3ff986e1ccfda5fc926a4f7125ded8e8f5b6f7fc2075c,-69,,3,64,12.0,3
19:17:53,26.0,3,f3ee3363ab212a4ce2b3ff986e1ccfda5fc926a4f7125ded8e8f5b6f7fc2075c,-80,,3,64,12.0,3
19:17:53,26.0,3,f3ee3363ab212a4ce2b3ff986e1ccfda5fc926a4f7125ded8e8f5b6f7fc2075c,-69,,3,64,12.0,3
19:17:54,26.0,3,f3ee3363ab212a4ce2b3ff986e1ccfda5fc926a4f7125ded8e8f5b6f7fc2075c,-71,,3,64,12.0,3
19:17:55,26.0,3,f3ee3363ab212a4ce2b3ff986e1ccfda5fc926a4f7125ded8e8f5b6f7fc2075c,-69,,3,64,12.0,3
19:17:56,26.0,3,f3ee3363ab212a4ce2b3ff986e1ccfda5fc926a4f7125ded8e8f5b6f7fc2075c,-71,,3,64,12.0,3
19:17:57,,3,a7102f4cf730b339a5b700797eb75aceb0113a2b59977bc23dda76f5963928be,-80,,3,64,,3
19:17:58,26.0,3,f3ee3363ab212a4ce2b3ff986e1ccfda5fc926a4f7125ded8e8f5b6f7fc2075c,-69,,3,64,12.0,3
19:17:58,26.0,3,f3ee3363ab212a4ce2b3ff986e1ccfda5fc926a4f7125ded8e8f5b6f7fc2075c,-80,,3,64,12.0,3
19:17:59,26.0,3,f3ee3363ab212a4ce2b3ff986e1ccfda5fc926a4f7125ded8e8f5b6f7fc2075c,-69,,3,64,12.0,3
19:18:00,26.0,3,f3ee3363ab212a4ce2b3ff986e1ccfda5fc926a4f7125ded8e8f5b6f7fc2075c,-81,,3,64,12.0,3
19:18:01,,3,a7102f4cf730b339a5b700797eb75aceb0113a2b59977bc23dda76f5963928be,-71,,3,64,,3
19:18:02,26.0,3,f3ee3363ab212a4ce2b3ff986e1ccfda5fc926a4f7125ded8e8f5b6f7fc2075c,-71,,3,64,12.0,3
19:18:02,26.0,3,f3ee3363ab212a4ce2b3ff986e1ccfda5fc926a4f7125ded8e8f5b6f7fc2075c,-69,,3,64,12.0,3
19:18:03,26.0,3,f3ee3363ab212a4ce2b3ff986e1ccfda5fc926a4f7125ded8e8f5b6f7fc2075c,-71,,3,64,12.0,3
19:18:04,26.0,3,f3ee3363ab212a4ce2b3ff986e1ccfda5fc926a4f7125ded8e8f5b6f7fc2075c,-69,,3,64,12.0,3
19:18:05,26.0,3,f3ee3363ab212a4ce2b3ff986e1ccfda5fc926a4f7125ded8e8f5b6f7fc2075c,-71,,3,64,12.0,3
19:18:06,26.0,3,f3ee3363ab212a4ce2b3ff986e1ccfda5fc926a4f7125ded8e8f5b6f7fc2075c,-80,,3,64,12.0,3
19:18:06,26.0,3,f3ee3363ab212a4ce2b3ff986e1ccfda5fc926a4f7125ded8e8f5b6f7fc2075c,-69,,3,64,12.0,3
19:18:07,26.0,3,f3ee3363ab212a4ce2b3ff986e1ccfda5fc926a4f7125ded8e8f5b6f7fc2075c,-80,,3,64,12.0,3
19:18:08,26.0,3,f3ee3363ab212a4ce2b3ff986e1ccfda5fc926a4f7125ded8e8f5b6f7fc2075c,-69,,3,64,12.0,3
19:18:09,26.0,3,f3ee3363ab212a4ce2b3ff986e1ccfda5fc926a4f7125ded8e8f5b6f7fc2075c,-80,,3,64,12.0,3
19:18:10,26.0,3,f3ee3363ab212a4ce2b3ff986e1ccfda5fc926a4f7125ded8e8f5b6f7fc2075c,-69,,3,64,12.0,3
19:18:10,26.0,3,f3ee3363ab212a4ce2b3ff986e1ccfda5fc926a4f7125ded8e8f5b6f7fc2075c,-71,,3,64,12.0,3
19:18:11,26.0,3,f3ee3363ab212a4ce2b3ff986e1ccfda5fc926a4f7125ded8e8f5b6f7fc2075c,-69,,3,64,12.0,3
19:18:12,26.0,3,f3ee3363ab212a4ce2b3ff986e1ccfda5fc926a4f7125ded8e8f5b6f7fc2075c,-71,,3,64,12.0,3
19:18:13,26.0,3,f3ee3363ab212a4ce2b3ff986e1ccfda5fc926a4f7125ded8e8f5b6f7fc2075c,-80,,3,64,12.0,3
19:18:14,26.0,3,f3ee3363ab212a4ce2b3ff986e1ccfda5fc926a4f7125ded8e8f5b6f7fc2075c,-71,,3,64,12.0,3
19:18:14,26.0,3,f3ee3363ab212a4ce2b3ff986e1ccfda5fc926a4f7125ded8e8f5b6f7fc2075c,-79,,3,64,12.0,3
19:18:15,26.0,3,f3ee3363ab212a4ce2b3ff986e1ccfda5fc926a4f7125ded8e8f5b6f7fc2075c,-69,,3,64,12.0,3
19:18:16,26.0,3,f3ee3363ab212a4ce2b3ff986e1ccfda5fc926a4f7125ded8e8f5b6f7fc2075c,-78,,3,64,12.0,3
19:18:17,26.0,3,f3ee3363ab212a4ce2b3ff986e1ccfda5fc926a4f7125ded8e8f5b6f7fc2075c,-69,,3,64,12.0,3
19:18:18,26.0,3,f3ee3363ab212a4ce2b3ff986e1ccfda5fc926a4f7125ded8e8f5b6f7fc2075c,-71,,3,64,12.0,3
19:18:18,26.0,3,f3ee3363ab212a4ce2b3ff986e1ccfda5fc926a4f7125ded8e8f5b6f7fc2075c,-81,,3,64,12.0,3
19:18:19,26.0,3,f3ee3363ab212a4ce2b3ff986e1ccfda5fc926a4f7125ded8e8f5b6f7fc2075c,-72,,3,64,12.0,3
19:18:20,26.0,3,f3ee3363ab212a4ce2b3ff986e1ccfda5fc926a4f7125ded8e8f5b6f7fc2075c,-83,,3,64,12.0,3
19:18:21,26.0,3,f3ee3363ab212a4ce2b3ff986e1ccfda5fc926a4f7125ded8e8f5b6f7fc2075c,-72,,3,64,12.0,3
19:18:22,26.0,3,f3ee3363ab212a4ce2b3ff986e1ccfda5fc926a4f7125ded8e8f5b6f7fc2075c,-83,,3,64,12.0,3
19:18:22,26.0,3,f3ee3363ab212a4ce2b3ff986e1ccfda5fc926a4f7125ded8e8f5b6f7fc2075c,-69,,3,64,12.0,3
19:18:23,26.0,3,f3ee3363ab212a4ce2b3ff986e1ccfda5fc926a4f7125ded8e8f5b6f7fc2075c,-80,,3,64,12.0,3
19:18:24,26.0,3,f3ee3363ab212a4ce2b3ff986e1ccfda5fc926a4f7125ded8e8f5b6f7fc2075c,-69,,3,64,12.0,3
19:18:25,,3,a7102f4cf730b339a5b700797eb75aceb0113a2b59977bc23dda76f5963928be,-80,,3,64,,3
19:18:26,26.0,3,f3ee3363ab212a4ce2b3ff986e1ccfda5fc926a4f7125ded8e8f5b6f7fc2075c,-69,,3,64,12.0,3
19:18:26,26.0,3,f3ee3363ab212a4ce2b3ff986e1ccfda5fc926a4f7125ded8e8f5b6f7fc2075c,-70,,3,64,12.0,3
19:18:27,26.0,3,f3ee3363ab212a4ce2b3ff986e1ccfda5fc926a4f7125ded8e8f5b6f7fc2075c,-81,,3,64,12.0,3
19:18:28,26.0,3,f3ee3363ab212a4ce2b3ff986e1ccfda5fc926a4f7125ded8e8f5b6f7fc2075c,-71,,3,64,12.0,3
19:18:29,,3,a7102f4cf730b339a5b700797eb75aceb0113a2b59977bc23dda76f5963928be,-75,,3,64,,3
19:18:30,26.0,3,f3ee3363ab212a4ce2b3ff986e1ccfda5fc926a4f7125ded8e8f5b6f7fc2075c,-71,,3,64,12.0,3
19:18:30,26.0,3,f3ee3363ab212a4ce2b3ff986e1ccfda5fc926a4f7125ded8e8f5b6f7fc2075c,-86,,3,64,12.0,3
19:18:31,26.0,3,f3ee3363ab212a4ce2b3ff986e1ccfda5fc926a4f7125ded8e8f5b6f7fc2075c,-71,,3,64,12.0,3
19:18:32,26.0,3,f3ee3363ab212a4ce2b3ff986e1ccfda5fc926a4f7125ded8e8f5b6f7fc2075c,-72,,3,64,12.0,3
19:18:33,,3,a7102f4cf730b339a5b700797eb75aceb0113a2b59977bc23dda76f5963928be,-72,,3,64,,3
19:18:34,26.0,3,f3ee3363ab212a4ce2b3ff986e1ccfda5fc926a4f7125ded8e8f5b6f7fc2075c,-73,,3,64,12.0,3
19:18:34,26.0,3,f3ee3363ab212a4ce2b3ff986e1ccfda5fc926a4f7125ded8e8f5b6f7fc2075c,-84,,3,64,12.0,3
19:18:35,26.0,3,f3ee3363ab212a4ce2b3ff986e1ccfda5fc926a4f7125ded8e8f5b6f7fc2075c,-72,,3,64,12.0,3
19:18:36,26.0,3,f3ee3363ab212a4ce2b3ff986e1ccfda5fc926a4f7125ded8e8f5b6f7fc2075c,-74,,3,64,12.0,3
19:18:37,,3,a7102f4cf730b339a5b700797eb75aceb0113a2b59977bc23dda76f5963928be,-87,,3,64,,3
19:18:38,26.0,3,f3ee3363ab212a4ce2b3ff986e1ccfda5fc926a4f7125ded8e8f5b6f7fc2075c,-73,,3,64,12.0,3
19:18:38,26.0,3,f3ee3363ab212a4ce2b3ff986e1ccfda5fc926a4f7125ded8e8f5b6f7fc2075c,-72,,3,64,12.0,3
19:18:39,26.0,3,f3ee3363ab212a4ce2b3ff986e1ccfda5fc926a4f7125ded8e8f5b6f7fc2075c,-72,,3,64,12.0,3
19:18:40,26.0,3,f3ee3363ab212a4ce2b3ff986e1ccfda5fc926a4f7125ded8e8f5b6f7fc2075c,-70,,3,64,12.0,3
19:18:41,,3,a7102f4cf730b339a5b700797eb75aceb0113a2b59977bc23dda76f5963928be,-74,,3,64,,3
19:18:42,26.0,3,f3ee3363ab212a4ce2b3ff986e1ccfda5fc926a4f7125ded8e8f5b6f7fc2075c,-83,,3,64,12.0,3
19:18:42,26.0,3,f3ee3363ab212a4ce2b3ff986e1ccfda5fc926a4f7125ded8e8f5b6f7fc2075c,-74,,3,64,12.0,3
19:18:43,26.0,3,f3ee3363ab212a4ce2b3ff986e1ccfda5fc926a4f7125ded8e8f5b6f7fc2075c,-84,,3,64,12.0,3
19:18:44,26.0,3,f3ee3363ab212a4ce2b3ff986e1ccfda5fc926a4f7125ded8e8f5b6f7fc2075c,-73,,3,64,12.0,3
19:18:45,,3,a7102f4cf730b339a5b700797eb75aceb0113a2b59977bc23dda76f5963928be,-72,,3,64,,3
19:18:46,26.0,3,f3ee3363ab212a4ce2b3ff986e1ccfda5fc926a4f7125ded8e8f5b6f7fc2075c,-71,,3,64,12.0,3
19:18:47,26.0,3,f3ee3363ab212a4ce2b3ff986e1ccfda5fc926a4f7125ded8e8f5b6f7fc2075c,-73,,3,64,12.0,3
19:18:47,26.0,3,f3ee3363ab212a4ce2b3ff986e1ccfda5fc926a4f7125ded8e8f5b6f7fc2075c,-74,,3,64,12.0,3
19:18:48,26.0,3,f3ee3363ab212a4ce2b3ff986e1ccfda5fc926a4f7125ded8e8f5b6f7fc2075c,-72,,3,64,12.0,3
19:18:49,,3,a7102f4cf730b339a5b700797eb75aceb0113a2b59977bc23dda76f5963928be,-82,,3,64,,3
19:18:50,26.0,3,f3ee3363ab212a4ce2b3ff986e1ccfda5fc926a4f7125ded8e8f5b6f7fc2075c,-71,,3,64,12.0,3
19:18:51,26.0,3,f3ee3363ab212a4ce2b3ff986e1ccfda5fc926a4f7125ded8e8f5b6f7fc2075c,-82,,3,64,12.0,3
19:18:51,26.0,3,f3ee3363ab212a4ce2b3ff986e1ccfda5fc926a4f7125ded8e8f5b6f7fc2075c,-72,,3,64,12.0,3
19:18:52,26.0,3,f3ee3363ab212a4ce2b3ff986e1ccfda5fc926a4f7125ded8e8f5b6f7fc2075c,-74,,3,64,12.0,3
19:18:53,26.0,3,f3ee3363ab212a4ce2b3ff986e1ccfda5fc926a4f7125ded8e8f5b6f7fc2075c,-79,,3,64,12.0,3
19:18:54,26.0,3,f3ee3363ab212a4ce2b3ff986e1ccfda5fc926a4f7125ded8e8f5b6f7fc2075c,-74,,3,64,12.0,3
19:18:55,26.0,3,f3ee3363ab212a4ce2b3ff986e1ccfda5fc926a4f7125ded8e8f5b6f7fc2075c,-78,,3,64,12.0,3
19:18:55,26.0,3,f3ee3363ab212a4ce2b3ff986e1ccfda5fc926a4f7125ded8e8f5b6f7fc2075c,-74,,3,64,12.0,3
19:18:56,26.0,3,f3ee3363ab212a4ce2b3ff986e1ccfda5fc926a4f7125ded8e8f5b6f7fc2075c,-79,,3,64,12.0,3
19:18:57,26.0,3,f3ee3363ab212a4ce2b3ff986e1ccfda5fc926a4f7125ded8e8f5b6f7fc2075c,-73,,3,64,12.0,3
19:18:58,26.0,3,f3ee3363ab212a4ce2b3ff986e1ccfda5fc926a4f7125ded8e8f5b6f7fc2075c,-79,,3,64,12.0,3
19:18:59,26.0,3,f3ee3363ab212a4ce2b3ff986e1ccfda5fc926a4f7125ded8e8f5b6f7fc2075c,-73,,3,64,12.0,3
19:18:59,26.0,3,f3ee3363ab212a4ce2b3ff986e1ccfda5fc926a4f7125ded8e8f5b6f7fc2075c,-80,,3,64,12.0,3
19:19:00,26.0,3,f3ee3363ab212a4ce2b3ff986e1ccfda5fc926a4f7125ded8e8f5b6f7fc2075c,-70,,3,64,12.0,3
19:19:01,26.0,3,f3ee3363ab212a4ce2b3ff986e1ccfda5fc926a4f7125ded8e8f5b6f7fc2075c,-74,,3,64,12.0,3
19:19:02,26.0,3,f3ee3363ab212a4ce2b3ff986e1ccfda5fc926a4f7125ded8e8f5b6f7fc2075c,-72,,3,64,12.0,3
19:19:03,26.0,3,f3ee3363ab212a4ce2b3ff986e1ccfda5fc926a4f7125ded8e8f5b6f7fc2075c,-74,,3,64,12.0,3
19:19:03,26.0,3,f3ee3363ab212a4ce2b3ff986e1ccfda5fc926a4f7125ded8e8f5b6f7fc2075c,-78,,3,64,12.0,3
19:19:04,26.0,3,f3ee3363ab212a4ce2b3ff986e1ccfda5fc926a4f7125ded8e8f5b6f7fc2075c,-75,,3,64,12.0,3
19:19:05,26.0,3,f3ee3363ab212a4ce2b3ff986e1ccfda5fc926a4f7125ded8e8f5b6f7fc2075c,-79,,3,64,12.0,3
19:19:06,26.0,3,f3ee3363ab212a4ce2b3ff986e1ccfda5fc926a4f7125ded8e8f5b6f7fc2075c,-71,,3,64,12.0,3
19:19:07,26.0,3,f3ee3363ab212a4ce2b3ff986e1ccfda5fc926a4f7125ded8e8f5b6f7fc2075c,-79,,3,64,12.0,3
19:19:07,26.0,3,f3ee3363ab212a4ce2b3ff986e1ccfda5fc926a4f7125ded8e8f5b6f7fc2075c,-72,,3,64,12.0,3
19:19:08,26.0,3,f3ee3363ab212a4ce2b3ff986e1ccfda5fc926a4f7125ded8e8f5b6f7fc2075c,-75,,3,64,12.0,3
19:19:09,26.0,3,f3ee3363ab212a4ce2b3ff986e1ccfda5fc926a4f7125ded8e8f5b6f7fc2075c,-84,,3,64,12.0,3
19:19:10,26.0,3,f3ee3363ab212a4ce2b3ff986e1ccfda5fc926a4f7125ded8e8f5b6f7fc2075c,-70,,3,64,12.0,3
19:19:11,26.0,3,f3ee3363ab212a4ce2b3ff986e1ccfda5fc926a4f7125ded8e8f5b6f7fc2075c,-81,,3,64,12.0,3
19:19:11,26.0,3,f3ee3363ab212a4ce2b3ff986e1ccfda5fc926a4f7125ded8e8f5b6f7fc2075c,-73,,3,64,12.0,3
19:19:12,26.0,3,f3ee3363ab212a4ce2b3ff986e1ccfda5fc926a4f7125ded8e8f5b6f7fc2075c,-79,,3,64,12.0,3
19:19:13,26.0,3,f3ee3363ab212a4ce2b3ff986e1ccfda5fc926a4f7125ded8e8f5b6f7fc2075c,-72,,3,64,12.0,3
19:19:14,26.0,3,f3ee3363ab212a4ce2b3ff986e1ccfda5fc926a4f7125ded8e8f5b6f7fc2075c,-72,,3,64,12.0,3
19:19:15,26.0,3,f3ee3363ab212a4ce2b3ff986e1ccfda5fc926a4f7125ded8e8f5b6f7fc2075c,-69,,3,64,12.0,3
19:19:15,26.0,3,f3ee3363ab212a4ce2b3ff986e1ccfda5fc926a4f7125ded8e8f5b6f7fc2075c,-69,,3,64,12.0,3
19:19:16,26.0,3,f3ee3363ab212a4ce2b3ff986e1ccfda5fc926a4f7125ded8e8f5b6f7fc2075c,-71,,3,64,12.0,3
19:19:17,26.0,3,f3ee3363ab212a4ce2b3ff986e1ccfda5fc926a4f7125ded8e8f5b6f7fc2075c,-72,,3,64,12.0,3
19:19:18,26.0,3,f3ee3363ab212a4ce2b3ff986e1ccfda5fc926a4f7125ded8e8f5b6f7fc2075c,-85,,3,64,12.0,3
19:19:19,26.0,3,f3ee3363ab212a4ce2b3ff986e1ccfda5fc926a4f7125ded8e8f5b6f7fc2075c,-71,,3,64,12.0,3
19:19:20,26.0,3,f3ee3363ab212a4ce2b3ff986e1ccfda5fc926a4f7125ded8e8f5b6f7fc2075c,-83,,3,64,12.0,3
19:19:20,26.0,3,f3ee3363ab212a4ce2b3ff986e1ccfda5fc926a4f7125ded8e8f5b6f7fc2075c,-74,,3,64,12.0,3
19:19:21,26.0,3,f3ee3363ab212a4ce2b3ff986e1ccfda5fc926a4f7125ded8e8f5b6f7fc2075c,-80,,3,64,12.0,3
19:19:22,26.0,3,f3ee3363ab212a4ce2b3ff986e1ccfda5fc926a4f7125ded8e8f5b6f7fc2075c,-66,,3,64,12.0,3
19:19:23,,3,a7102f4cf730b339a5b700797eb75aceb0113a2b59977bc23dda76f5963928be,-80,,3,64,,3
19:19:24,26.0,3,f3ee3363ab212a4ce2b3ff986e1ccfda5fc926a4f7125ded8e8f5b6f7fc2075c,-70,,3,64,12.0,3
19:19:24,26.0,3,f3ee3363ab212a4ce2b3ff986e1ccfda5fc926a4f7125ded8e8f5b6f7fc2075c,-73,,3,64,12.0,3
19:19:25,26.0,3,f3ee3363ab212a4ce2b3ff986e1ccfda5fc926a4f7125ded8e8f5b6f7fc2075c,-82,,3,64,12.0,3
19:19:26,26.0,3,f3ee3363ab212a4ce2b3ff986e1ccfda5fc926a4f7125ded8e8f5b6f7fc2075c,-71,,3,64,12.0,3
19:19:27,26.0,3,f3ee3363ab212a4ce2b3ff986e1ccfda5fc926a4f7125ded8e8f5b6f7fc2075c,-82,,3,64,12.0,3
19:19:28,26.0,3,f3ee3363ab212a4ce2b3ff986e1ccfda5fc926a4f7125ded8e8f5b6f7fc2075c,-71,,3,64,12.0,3
19:19:28,26.0,3,f3ee3363ab212a4ce2b3ff986e1ccfda5fc926a4f7125ded8e8f5b6f7fc2075c,-83,,3,64,12.0,3
19:19:29,26.0,3,f3ee3363ab212a4ce2b3ff986e1ccfda5fc926a4f7125ded8e8f5b6f7fc2075c,-70,,3,64,12.0,3
19:19:30,26.0,3,f3ee3363ab212a4ce2b3ff986e1ccfda5fc926a4f7125ded8e8f5b6f7fc2075c,-73,,3,64,12.0,3
19:19:31,,3,a7102f4cf730b339a5b700797eb75aceb0113a2b59977bc23dda76f5963928be,-71,,3,64,,3
19:19:32,26.0,3,f3ee3363ab212a4ce2b3ff986e1ccfda5fc926a4f7125ded8e8f5b6f7fc2075c,-71,,3,64,12.0,3
19:19:32,26.0,3,f3ee3363ab212a4ce2b3ff986e1ccfda5fc926a4f7125ded8e8f5b6f7fc2075c,-84,,3,64,12.0,3
19:19:33,26.0,3,f3ee3363ab212a4ce2b3ff986e1ccfda5fc926a4f7125ded8e8f5b6f7fc2075c,-70,,3,64,12.0,3
19:19:34,26.0,3,f3ee3363ab212a4ce2b3ff986e1ccfda5fc926a4f7125ded8e8f5b6f7fc2075c,-72,,3,64,12.0,3
19:19:35,,3,a7102f4cf730b339a5b700797eb75aceb0113a2b59977bc23dda76f5963928be,-82,,3,64,,3
19:19:36,26.0,3,f3ee3363ab212a4ce2b3ff986e1ccfda5fc926a4f7125ded8e8f5b6f7fc2075c,-70,,3,64,12.0,3
19:19:36,26.0,3,f3ee3363ab212a4ce2b3ff986e1ccfda5fc926a4f7125ded8e8f5b6f7fc2075c,-84,,3,64,12.0,3
19:19:37,26.0,3,f3ee3363ab212a4ce2b3ff986e1ccfda5fc926a4f7125ded8e8f5b6f7fc2075c,-71,,3,64,12.0,3
19:19:38,26.0,3,f3ee3363ab212a4ce2b3ff986e1ccfda5fc926a4f7125ded8e8f5b6f7fc2075c,-87,,3,64,12.0,3
19:19:39,26.0,3,f3ee3363ab212a4ce2b3ff986e1ccfda5fc926a4f7125ded8e8f5b6f7fc2075c,-70,,3,64,12.0,3
19:19:40,26.0,3,f3ee3363ab212a4ce2b3ff986e1ccfda5fc926a4f7125ded8e8f5b6f7fc2075c,-87,,3,64,12.0,3
19:19:40,26.0,3,f3ee3363ab212a4ce2b3ff986e1ccfda5fc926a4f7125ded8e8f5b6f7fc2075c,-69,,3,64,12.0,3
19:19:41,26.0,3,f3ee3363ab212a4ce2b3ff986e1ccfda5fc926a4f7125ded8e8f5b6f7fc2075c,-85,,3,64,12.0,3
19:19:42,26.0,3,f3ee3363ab212a4ce2b3ff986e1ccfda5fc926a4f7125ded8e8f5b6f7fc2075c,-70,,3,64,12.0,3
19:19:43,26.0,3,f3ee3363ab212a4ce2b3ff986e1ccfda5fc926a4f7125ded8e8f5b6f7fc2075c,-87,,3,64,12.0,3
19:19:44,26.0,3,f3ee3363ab212a4ce2b3ff986e1ccfda5fc926a4f7125ded8e8f5b6f7fc2075c,-64,,3,64,12.0,3
19:19:44,26.0,3,f3ee3363ab212a4ce2b3ff986e1ccfda5fc926a4f7125ded8e8f5b6f7fc2075c,-70,,3,64,12.0,3
19:19:45,26.0,3,f3ee3363ab212a4ce2b3ff986e1ccfda5fc926a4f7125ded8e8f5b6f7fc2075c,-70,,3,64,12.0,3
19:19:46,26.0,3,f3ee3363ab212a4ce2b3ff986e1ccfda5fc926a4f7125ded8e8f5b6f7fc2075c,-70,,3,64,12.0,3
19:19:47,,3,a7102f4cf730b339a5b700797eb75aceb0113a2b59977bc23dda76f5963928be,-91,,3,64,,3
19:19:48,26.0,3,f3ee3363ab212a4ce2b3ff986e1ccfda5fc926a4f7125ded8e8f5b6f7fc2075c,-70,,3,64,12.0,3
19:19:48,,3,a7102f4cf730b339a5b700797eb75aceb0113a2b59977bc23dda76f5963928be,-70,,3,64,,3
19:19:49,26.0,3,f3ee3363ab212a4ce2b3ff986e1ccfda5fc926a4f7125ded8e8f5b6f7fc2075c,-70,,3,64,12.0,3
19:19:50,26.0,3,f3ee3363ab212a4ce2b3ff986e1ccfda5fc926a4f7125ded8e8f5b6f7fc2075c,-70,,3,64,12.0,3
19:19:51,,3,a7102f4cf730b339a5b700797eb75aceb0113a2b59977bc23dda76f5963928be,-71,,3,64,,3
19:19:52,26.0,3,f3ee3363ab212a4ce2b3ff986e1ccfda5fc926a4f7125ded8e8f5b6f7fc2075c,-70,,3,64,12.0,3
19:19:52,26.0,3,f3ee3363ab212a4ce2b3ff986e1ccfda5fc926a4f7125ded8e8f5b6f7fc2075c,-81,,3,64,12.0,3
19:19:53,26.0,3,f3ee3363ab212a4ce2b3ff986e1ccfda5fc926a4f7125ded8e8f5b6f7fc2075c,-68,,3,64,12.0,3
19:19:54,26.0,3,f3ee3363ab212a4ce2b3ff986e1ccfda5fc926a4f7125ded8e8f5b6f7fc2075c,-77,,3,64,12.0,3
19:19:55,26.0,3,f3ee3363ab212a4ce2b3ff986e1ccfda5fc926a4f7125ded8e8f5b6f7fc2075c,-70,,3,64,12.0,3
19:19:56,26.0,3,f3ee3363ab212a4ce2b3ff986e1ccfda5fc926a4f7125ded8e8f5b6f7fc2075c,-79,,3,64,12.0,3
19:19:56,26.0,3,f3ee3363ab212a4ce2b3ff986e1ccfda5fc926a4f7125ded8e8f5b6f7fc2075c,-67,,3,64,12.0,3
19:19:57,26.0,3,f3ee3363ab212a4ce2b3ff986e1ccfda5fc926a4f7125ded8e8f5b6f7fc2075c,-79,,3,64,12.0,3
19:19:58,26.0,3,f3ee3363ab212a4ce2b3ff986e1ccfda5fc926a4f7125ded8e8f5b6f7fc2075c,-70,,3,64,12.0,3
19:19:59,26.0,3,f3ee3363ab212a4ce2b3ff986e1ccfda5fc926a4f7125ded8e8f5b6f7fc2075c,-76,,3,64,12.0,3
19:20:00,26.0,3,f3ee3363ab212a4ce2b3ff986e1ccfda5fc926a4f7125ded8e8f5b6f7fc2075c,-84,,3,64,12.0,3
19:20:00,26.0,3,f3ee3363ab212a4ce2b3ff986e1ccfda5fc926a4f7125ded8e8f5b6f7fc2075c,-74,,3,64,12.0,3
19:20:01,26.0,3,f3ee3363ab212a4ce2b3ff986e1ccfda5fc926a4f7125ded8e8f5b6f7fc2075c,-75,,3,64,12.0,3
19:20:02,26.0,3,f3ee3363ab212a4ce2b3ff986e1ccfda5fc926a4f7125ded8e8f5b6f7fc2075c,-74,,3,64,12.0,3
19:20:03,26.0,3,f3ee3363ab212a4ce2b3ff986e1ccfda5fc926a4f7125ded8e8f5b6f7fc2075c,-83,,3,64,12.0,3
19:20:04,26.0,3,f3ee3363ab212a4ce2b3ff986e1ccfda5fc926a4f7125ded8e8f5b6f7fc2075c,-73,,3,64,12.0,3
19:20:05,26.0,3,f3ee3363ab212a4ce2b3ff986e1ccfda5fc926a4f7125ded8e8f5b6f7fc2075c,-73,,3,64,12.0,3
19:20:05,26.0,3,f3ee3363ab212a4ce2b3ff986e1ccfda5fc926a4f7125ded8e8f5b6f7fc2075c,-81,,3,64,12.0,3
19:20:06,26.0,3,f3ee3363ab212a4ce2b3ff986e1ccfda5fc926a4f7125ded8e8f5b6f7fc2075c,-75,,3,64,12.0,3
19:20:07,26.0,3,f3ee3363ab212a4ce2b3ff986e1ccfda5fc926a4f7125ded8e8f5b6f7fc2075c,-82,,3,64,12.0,3
19:20:08,26.0,3,f3ee3363ab212a4ce2b3ff986e1ccfda5fc926a4f7125ded8e8f5b6f7fc2075c,-72,,3,64,12.0,3
19:20:09,26.0,3,f3ee3363ab212a4ce2b3ff986e1ccfda5fc926a4f7125ded8e8f5b6f7fc2075c,-82,,3,64,12.0,3
19:20:09,26.0,3,f3ee3363ab212a4ce2b3ff986e1ccfda5fc926a4f7125ded8e8f5b6f7fc2075c,-72,,3,64,12.0,3
19:20:10,26.0,3,f3ee3363ab212a4ce2b3ff986e1ccfda5fc926a4f7125ded8e8f5b6f7fc2075c,-74,,3,64,12.0,3
19:20:11,,3,a7102f4cf730b339a5b700797eb75aceb0113a2b59977bc23dda76f5963928be,-72,,3,64,,3
19:20:12,26.0,3,f3ee3363ab212a4ce2b3ff986e1ccfda5fc926a4f7125ded8e8f5b6f7fc2075c,-74,,3,64,12.0,3
19:20:13,,3,a7102f4cf730b339a5b700797eb75aceb0113a2b59977bc23dda76f5963928be,-74,,3,64,,3
19:20:13,26.0,3,f3ee3363ab212a4ce2b3ff986e1ccfda5fc926a4f7125ded8e8f5b6f7fc2075c,-74,,3,64,12.0,3
19:20:14,26.0,3,f3ee3363ab212a4ce2b3ff986e1ccfda5fc926a4f7125ded8e8f5b6f7fc2075c,-81,,3,64,12.0,3
19:20:15,26.0,3,f3ee3363ab212a4ce2b3ff986e1ccfda5fc926a4f7125ded8e8f5b6f7fc2075c,-74,,3,64,12.0,3
19:20:16,26.0,3,f3ee3363ab212a4ce2b3ff986e1ccfda5fc926a4f7125ded8e8f5b6f7fc2075c,-80,,3,64,12.0,3
19:20:17,26.0,3,f3ee3363ab212a4ce2b3ff986e1ccfda5fc926a4f7125ded8e8f5b6f7fc2075c,-73,,3,64,12.0,3
19:20:17,26.0,3,f3ee3363ab212a4ce2b3ff986e1ccfda5fc926a4f7125ded8e8f5b6f7fc2075c,-80,,3,64,12.0,3
19:20:18,26.0,3,f3ee3363ab212a4ce2b3ff986e1ccfda5fc926a4f7125ded8e8f5b6f7fc2075c,-72,,3,64,12.0,3
19:20:19,,3,a7102f4cf730b339a5b700797eb75aceb0113a2b59977bc23dda76f5963928be,-74,,3,64,,3
19:20:20,26.0,3,f3ee3363ab212a4ce2b3ff986e1ccfda5fc926a4f7125ded8e8f5b6f7fc2075c,-72,,3,64,12.0,3
19:20:21,26.0,3,f3ee3363ab212a4ce2b3ff986e1ccfda5fc926a4f7125ded8e8f5b6f7fc2075c,-73,,3,64,12.0,3
19:20:21,26.0,3,f3ee3363ab212a4ce2b3ff986e1ccfda5fc926a4f7125ded8e8f5b6f7fc2075c,-80,,3,64,12.0,3
19:20:22,26.0,3,f3ee3363ab212a4ce2b3ff986e1ccfda5fc926a4f7125ded8e8f5b6f7fc2075c,-74,,3,64,12.0,3
19:20:23,,3,a7102f4cf730b339a5b700797eb75aceb0113a2b59977bc23dda76f5963928be,-72,,3,64,,3
19:20:24,26.0,3,f3ee3363ab212a4ce2b3ff986e1ccfda5fc926a4f7125ded8e8f5b6f7fc2075c,-72,,3,64,12.0,3
19:20:25,26.0,3,f3ee3363ab212a4ce2b3ff986e1ccfda5fc926a4f7125ded8e8f5b6f7fc2075c,-74,,3,64,12.0,3
19:20:25,26.0,3,f3ee3363ab212a4ce2b3ff986e1ccfda5fc926a4f7125ded8e8f5b6f7fc2075c,-73,,3,64,12.0,3
19:20:26,26.0,3,f3ee3363ab212a4ce2b3ff986e1ccfda5fc926a4f7125ded8e8f5b6f7fc2075c,-74,,3,64,12.0,3
19:20:27,,3,a7102f4cf730b339a5b700797eb75aceb0113a2b59977bc23dda76f5963928be,-81,,3,64,,3
19:20:28,26.0,3,f3ee3363ab212a4ce2b3ff986e1ccfda5fc926a4f7125ded8e8f5b6f7fc2075c,-74,,3,64,12.0,3
19:20:29,26.0,3,f3ee3363ab212a4ce2b3ff986e1ccfda5fc926a4f7125ded8e8f5b6f7fc2075c,-82,,3,64,12.0,3
19:20:29,26.0,3,f3ee3363ab212a4ce2b3ff986e1ccfda5fc926a4f7125ded8e8f5b6f7fc2075c,-72,,3,64,12.0,3
19:20:30,26.0,3,f3ee3363ab212a4ce2b3ff986e1ccfda5fc926a4f7125ded8e8f5b6f7fc2075c,-82,,3,64,12.0,3
19:20:31,26.0,3,f3ee3363ab212a4ce2b3ff986e1ccfda5fc926a4f7125ded8e8f5b6f7fc2075c,-74,,3,64,12.0,3
19:20:32,26.0,3,f3ee3363ab212a4ce2b3ff986e1ccfda5fc926a4f7125ded8e8f5b6f7fc2075c,-82,,3,64,12.0,3
19:20:33,26.0,3,f3ee3363ab212a4ce2b3ff986e1ccfda5fc926a4f7125ded8e8f5b6f7fc2075c,-72,,3,64,12.0,3
19:20:33,26.0,3,f3ee3363ab212a4ce2b3ff986e1ccfda5fc926a4f7125ded8e8f5b6f7fc2075c,-74,,3,64,12.0,3
19:20:34,26.0,3,f3ee3363ab212a4ce2b3ff986e1ccfda5fc926a4f7125ded8e8f5b6f7fc2075c,-72,,3,64,12.0,3
19:20:35,,3,a7102f4cf730b339a5b700797eb75aceb0113a2b59977bc23dda76f5963928be,-72,,3,64,,3
19:20:36,26.0,3,f3ee3363ab212a4ce2b3ff986e1ccfda5fc926a4f7125ded8e8f5b6f7fc2075c,-81,,3,64,12.0,3
19:20:37,26.0,3,f3ee3363ab212a4ce2b3ff986e1ccfda5fc926a4f7125ded8e8f5b6f7fc2075c,-73,,3,64,12.0,3
19:20:37,26.0,3,f3ee3363ab212a4ce2b3ff986e1ccfda5fc926a4f7125ded8e8f5b6f7fc2075c,-81,,3,64,12.0,3
19:20:38,26.0,3,f3ee3363ab212a4ce2b3ff986e1ccfda5fc926a4f7125ded8e8f5b6f7fc2075c,-74,,3,64,12.0,3
19:20:39,26.0,3,f3ee3363ab212a4ce2b3ff986e1ccfda5fc926a4f7125ded8e8f5b6f7fc2075c,-72,,3,64,12.0,3
19:20:40,26.0,3,f3ee3363ab212a4ce2b3ff986e1ccfda5fc926a4f7125ded8e8f5b6f7fc2075c,-82,,3,64,12.0,3
19:20:41,,3,a7102f4cf730b339a5b700797eb75aceb0113a2b59977bc23dda76f5963928be,-73,,3,64,,3
19:20:41,26.0,3,f3ee3363ab212a4ce2b3ff986e1ccfda5fc926a4f7125ded8e8f5b6f7fc2075c,-83,,3,64,12.0,3
19:20:42,26.0,3,f3ee3363ab212a4ce2b3ff986e1ccfda5fc926a4f7125ded8e8f5b6f7fc2075c,-74,,3,64,12.0,3
19:20:43,26.0,3,f3ee3363ab212a4ce2b3ff986e1ccfda5fc926a4f7125ded8e8f5b6f7fc2075c,-82,,3,64,12.0,3
19:20:44,26.0,3,f3ee3363ab212a4ce2b3ff986e1ccfda5fc926a4f7125ded8e8f5b6f7fc2075c,-72,,3,64,12.0,3
19:20:45,26.0,3,f3ee3363ab212a4ce2b3ff986e1ccfda5fc926a4f7125ded8e8f5b6f7fc2075c,-82,,3,64,12.0,3
19:20:45,26.0,3,f3ee3363ab212a4ce2b3ff986e1ccfda5fc926a4f7125ded8e8f5b6f7fc2075c,-73,,3,64,12.0,3
19:20:46,26.0,3,f3ee3363ab212a4ce2b3ff986e1ccfda5fc926a4f7125ded8e8f5b6f7fc2075c,-70,,3,64,12.0,3
19:20:47,26.0,3,f3ee3363ab212a4ce2b3ff986e1ccfda5fc926a4f7125ded8e8f5b6f7fc2075c,-65,,3,64,12.0,3
19:20:48,26.0,3,f3ee3363ab212a4ce2b3ff986e1ccfda5fc926a4f7125ded8e8f5b6f7fc2075c,-70,,3,64,12.0,3
19:20:49,26.0,3,f3ee3363ab212a4ce2b3ff986e1ccfda5fc926a4f7125ded8e8f5b6f7fc2075c,-77,,3,64,12.0,3
19:20:49,26.0,3,f3ee3363ab212a4ce2b3ff986e1ccfda5fc926a4f7125ded8e8f5b6f7fc2075c,-67,,3,64,12.0,3
19:20:50,26.0,3,f3ee3363ab212a4ce2b3ff986e1ccfda5fc926a4f7125ded8e8f5b6f7fc2075c,-71,,3,64,12.0,3
19:20:51,26.0,3,f3ee3363ab212a4ce2b3ff986e1ccfda5fc926a4f7125ded8e8f5b6f7fc2075c,-69,,3,64,12.0,3
19:20:52,26.0,3,f3ee3363ab212a4ce2b3ff986e1ccfda5fc926a4f7125ded8e8f5b6f7fc2075c,-78,,3,64,12.0,3
19:20:53,26.0,3,f3ee3363ab212a4ce2b3ff986e1ccfda5fc926a4f7125ded8e8f5b6f7fc2075c,-79,,3,64,12.0,3
19:20:53,26.0,3,f3ee3363ab212a4ce2b3ff986e1ccfda5fc926a4f7125ded8e8f5b6f7fc2075c,-74,,3,64,12.0,3
19:20:54,26.0,3,f3ee3363ab212a4ce2b3ff986e1ccfda5fc926a4f7125ded8e8f5b6f7fc2075c,-77,,3,64,12.0,3
19:20:55,26.0,3,f3ee3363ab212a4ce2b3ff986e1ccfda5fc926a4f7125ded8e8f5b6f7fc2075c,-75,,3,64,12.0,3
19:20:56,26.0,3,f3ee3363ab212a4ce2b3ff986e1ccfda5fc926a4f7125ded8e8f5b6f7fc2075c,-80,,3,64,12.0,3
19:20:57,26.0,3,f3ee3363ab212a4ce2b3ff986e1ccfda5fc926a4f7125ded8e8f5b6f7fc2075c,-74,,3,64,12.0,3
19:20:57,26.0,3,f3ee3363ab212a4ce2b3ff986e1ccfda5fc926a4f7125ded8e8f5b6f7fc2075c,-78,,3,64,12.0,3
19:20:58,26.0,3,f3ee3363ab212a4ce2b3ff986e1ccfda5fc926a4f7125ded8e8f5b6f7fc2075c,-72,,3,64,12.0,3
19:20:59,26.0,3,f3ee3363ab212a4ce2b3ff986e1ccfda5fc926a4f7125ded8e8f5b6f7fc2075c,-79,,3,64,12.0,3
19:21:00,26.0,3,f3ee3363ab212a4ce2b3ff986e1ccfda5fc926a4f7125ded8e8f5b6f7fc2075c,-75,,3,64,12.0,3
19:21:01,,3,a7102f4cf730b339a5b700797eb75aceb0113a2b59977bc23dda76f5963928be,-78,,3,64,,3
19:21:02,26.0,3,f3ee3363ab212a4ce2b3ff986e1ccfda5fc926a4f7125ded8e8f5b6f7fc2075c,-69,,3,64,12.0,3
19:21:02,26.0,3,f3ee3363ab212a4ce2b3ff986e1ccfda5fc926a4f7125ded8e8f5b6f7fc2075c,-70,,3,64,12.0,3
19:21:03,26.0,3,f3ee3363ab212a4ce2b3ff986e1ccfda5fc926a4f7125ded8e8f5b6f7fc2075c,-72,,3,64,12.0,3
19:21:04,26.0,3,f3ee3363ab212a4ce2b3ff986e1ccfda5fc926a4f7125ded8e8f5b6f7fc2075c,-70,,3,64,12.0,3
19:21:05,26.0,3,f3ee3363ab212a4ce2b3ff986e1ccfda5fc926a4f7125ded8e8f5b6f7fc2075c,-81,,3,64,12.0,3
19:21:06,26.0,3,f3ee3363ab212a4ce2b3ff986e1ccfda5fc926a4f7125ded8e8f5b6f7fc2075c,-74,,3,64,12.0,3
19:21:06,26.0,3,f3ee3363ab212a4ce2b3ff986e1ccfda5fc926a4f7125ded8e8f5b6f7fc2075c,-74,,3,64,12.0,3
19:21:07,26.0,3,f3ee3363ab212a4ce2b3ff986e1ccfda5fc926a4f7125ded8e8f5b6f7fc2075c,-71,,3,64,12.0,3
19:21:08,26.0,3,f3ee3363ab212a4ce2b3ff986e1ccfda5fc926a4f7125ded8e8f5b6f7fc2075c,-72,,3,64,12.0,3
19:21:09,26.0,3,f3ee3363ab212a4ce2b3ff986e1ccfda5fc926a4f7125ded8e8f5b6f7fc2075c,-76,,3,64,12.0,3
19:21:10,26.0,3,f3ee3363ab212a4ce2b3ff986e1ccfda5fc926a4f7125ded8e8f5b6f7fc2075c,-75,,3,64,12.0,3
19:21:10,26.0,3,f3ee3363ab212a4ce2b3ff986e1ccfda5fc926a4f7125ded8e8f5b6f7fc2075c,-74,,3,64,12.0,3
19:21:11,26.0,3,f3ee3363ab212a4ce2b3ff986e1ccfda5fc926a4f7125ded8e8f5b6f7fc2075c,-82,,3,64,12.0,3
19:21:12,26.0,3,f3ee3363ab212a4ce2b3ff986e1ccfda5fc926a4f7125ded8e8f5b6f7fc2075c,-74,,3,64,12.0,3
19:21:13,26.0,3,f3ee3363ab212a4ce2b3ff986e1ccfda5fc926a4f7125ded8e8f5b6f7fc2075c,-72,,3,64,12.0,3
19:21:14,26.0,3,f3ee3363ab212a4ce2b3ff986e1ccfda5fc926a4f7125ded8e8f5b6f7fc2075c,-75,,3,64,12.0,3
19:21:14,26.0,3,f3ee3363ab212a4ce2b3ff986e1ccfda5fc926a4f7125ded8e8f5b6f7fc2075c,-70,,3,64,12.0,3
19:21:15,26.0,3,f3ee3363ab212a4ce2b3ff986e1ccfda5fc926a4f7125ded8e8f5b6f7fc2075c,-78,,3,64,12.0,3
19:21:16,26.0,3,f3ee3363ab212a4ce2b3ff986e1ccfda5fc926a4f7125ded8e8f5b6f7fc2075c,-70,,3,64,12.0,3
19:21:17,,3,a7102f4cf730b339a5b700797eb75aceb0113a2b59977bc23dda76f5963928be,-79,,3,64,,3
19:21:18,26.0,3,f3ee3363ab212a4ce2b3ff986e1ccfda5fc926a4f7125ded8e8f5b6f7fc2075c,-71,,3,64,12.0,3
19:21:18,26.0,3,f3ee3363ab212a4ce2b3ff986e1ccfda5fc926a4f7125ded8e8f5b6f7fc2075c,-76,,3,64,12.0,3
19:21:19,26.0,3,f3ee3363ab212a4ce2b3ff986e1ccfda5fc926a4f7125ded8e8f5b6f7fc2075c,-73,,3,64,12.0,3
19:21:20,26.0,3,f3ee3363ab212a4ce2b3ff986e1ccfda5fc926a4f7125ded8e8f5b6f7fc2075c,-75,,3,64,12.0,3
19:21:21,26.0,3,f3ee3363ab212a4ce2b3ff986e1ccfda5fc926a4f7125ded8e8f5b6f7fc2075c,-73,,3,64,12.0,3
19:21:22,26.0,3,f3ee3363ab212a4ce2b3ff986e1ccfda5fc926a4f7125ded8e8f5b6f7fc2075c,-73,,3,64,12.0,3
19:21:22,26.0,3,f3ee3363ab212a4ce2b3ff986e1ccfda5fc926a4f7125ded8e8f5b6f7fc2075c,-71,,3,64,12.0,3
19:21:23,26.0,3,f3ee3363ab212a4ce2b3ff986e1ccfda5fc926a4f7125ded8e8f5b6f7fc2075c,-75,,3,64,12.0,3
19:21:24,26.0,3,f3ee3363ab212a4ce2b3ff986e1ccfda5fc926a4f7125ded8e8f5b6f7fc2075c,-71,,3,64,12.0,3
19:21:25,,3,a7102f4cf730b339a5b700797eb75aceb0113a2b59977bc23dda76f5963928be,-80,,3,64,,3
19:21:26,26.0,3,f3ee3363ab212a4ce2b3ff986e1ccfda5fc926a4f7125ded8e8f5b6f7fc2075c,-71,,3,64,12.0,3
19:21:26,26.0,3,f3ee3363ab212a4ce2b3ff986e1ccfda5fc926a4f7125ded8e8f5b6f7fc2075c,-79,,3,64,12.0,3
19:21:27,26.0,3,f3ee3363ab212a4ce2b3ff986e1ccfda5fc926a4f7125ded8e8f5b6f7fc2075c,-70,,3,64,12.0,3
19:21:28,26.0,3,f3ee3363ab212a4ce2b3ff986e1ccfda5fc926a4f7125ded8e8f5b6f7fc2075c,-77,,3,64,12.0,3
19:21:29,26.0,3,f3ee3363ab212a4ce2b3ff986e1ccfda5fc926a4f7125ded8e8f5b6f7fc2075c,-75,,3,64,12.0,3
19:21:30,26.0,3,f3ee3363ab212a4ce2b3ff986e1ccfda5fc926a4f7125ded8e8f5b6f7fc2075c,-72,,3,64,12.0,3
19:21:30,26.0,3,f3ee3363ab212a4ce2b3ff986e1ccfda5fc926a4f7125ded8e8f5b6f7fc2075c,-73,,3,64,12.0,3
19:21:31,26.0,3,f3ee3363ab212a4ce2b3ff986e1ccfda5fc926a4f7125ded8e8f5b6f7fc2075c,-73,,3,64,12.0,3
19:21:32,26.0,3,f3ee3363ab212a4ce2b3ff986e1ccfda5fc926a4f7125ded8e8f5b6f7fc2075c,-77,,3,64,12.0,3
19:21:33,26.0,3,f3ee3363ab212a4ce2b3ff986e1ccfda5fc926a4f7125ded8e8f5b6f7fc2075c,-67,,3,64,12.0,3
19:21:34,26.0,3,f3ee3363ab212a4ce2b3ff986e1ccfda5fc926a4f7125ded8e8f5b6f7fc2075c,-68,,3,64,12.0,3
19:21:34,26.0,3,f3ee3363ab212a4ce2b3ff986e1ccfda5fc926a4f7125ded8e8f5b6f7fc2075c,-63,,3,64,12.0,3
19:21:35,26.0,3,f3ee3363ab212a4ce2b3ff986e1ccfda5fc926a4f7125ded8e8f5b6f7fc2075c,-69,,3,64,12.0,3
19:21:36,26.0,3,f3ee3363ab212a4ce2b3ff986e1ccfda5fc926a4f7125ded8e8f5b6f7fc2075c,-63,,3,64,12.0,3
19:21:37,26.0,3,f3ee3363ab212a4ce2b3ff986e1ccfda5fc926a4f7125ded8e8f5b6f7fc2075c,-67,,3,64,12.0,3
19:21:38,26.0,3,f3ee3363ab212a4ce2b3ff986e1ccfda5fc926a4f7125ded8e8f5b6f7fc2075c,-63,,3,64,12.0,3
19:21:38,26.0,3,f3ee3363ab212a4ce2b3ff986e1ccfda5fc926a4f7125ded8e8f5b6f7fc2075c,-68,,3,64,12.0,3
19:21:39,26.0,3,f3ee3363ab212a4ce2b3ff986e1ccfda5fc926a4f7125ded8e8f5b6f7fc2075c,-70,,3,64,12.0,3
19:21:40,26.0,3,f3ee3363ab212a4ce2b3ff986e1ccfda5fc926a4f7125ded8e8f5b6f7fc2075c,-66,,3,64,12.0,3
19:21:41,26.0,3,f3ee3363ab212a4ce2b3ff986e1ccfda5fc926a4f7125ded8e8f5b6f7fc2075c,-71,,3,64,12.0,3
19:21:42,26.0,3,f3ee3363ab212a4ce2b3ff986e1ccfda5fc926a4f7125ded8e8f5b6f7fc2075c,-64,,3,64,12.0,3
19:21:43,26.0,3,f3ee3363ab212a4ce2b3ff986e1ccfda5fc926a4f7125ded8e8f5b6f7fc2075c,-64,,3,64,12.0,3
19:21:43,26.0,3,f3ee3363ab212a4ce2b3ff986e1ccfda5fc926a4f7125ded8e8f5b6f7fc2075c,-72,,3,64,12.0,3
19:21:44,26.0,3,f3ee3363ab212a4ce2b3ff986e1ccfda5fc926a4f7125ded8e8f5b6f7fc2075c,-67,,3,64,12.0,3
19:21:45,26.0,3,f3ee3363ab212a4ce2b3ff986e1ccfda5fc926a4f7125ded8e8f5b6f7fc2075c,-69,,3,64,12.0,3
19:21:46,26.0,3,f3ee3363ab212a4ce2b3ff986e1ccfda5fc926a4f7125ded8e8f5b6f7fc2075c,-64,,3,64,12.0,3
19:21:47,26.0,3,f3ee3363ab212a4ce2b3ff986e1ccfda5fc926a4f7125ded8e8f5b6f7fc2075c,-67,,3,64,12.0,3
19:21:47,26.0,3,f3ee3363ab212a4ce2b3ff986e1ccfda5fc926a4f7125ded8e8f5b6f7fc2075c,-65,,3,64,12.0,3
19:21:48,26.0,3,f3ee3363ab212a4ce2b3ff986e1ccfda5fc926a4f7125ded8e8f5b6f7fc2075c,-69,,3,64,12.0,3
19:21:49,,3,a7102f4cf730b339a5b700797eb75aceb0113a2b59977bc23dda76f5963928be,-59,,3,64,,3
19:21:50,26.0,3,f3ee3363ab212a4ce2b3ff986e1ccfda5fc926a4f7125ded8e8f5b6f7fc2075c,-63,,3,64,12.0,3
19:21:51,26.0,3,f3ee3363ab212a4ce2b3ff986e1ccfda5fc926a4f7125ded8e8f5b6f7fc2075c,-58,,3,64,12.0,3
19:21:51,26.0,3,f3ee3363ab212a4ce2b3ff986e1ccfda5fc926a4f7125ded8e8f5b6f7fc2075c,-63,,3,64,12.0,3
19:21:52,26.0,3,f3ee3363ab212a4ce2b3ff986e1ccfda5fc926a4f7125ded8e8f5b6f7fc2075c,-65,,3,64,12.0,3
19:21:53,26.0,3,f3ee3363ab212a4ce2b3ff986e1ccfda5fc926a4f7125ded8e8f5b6f7fc2075c,-63,,3,64,12.0,3
19:21:54,26.0,3,f3ee3363ab212a4ce2b3ff986e1ccfda5fc926a4f7125ded8e8f5b6f7fc2075c,-65,,3,64,12.0,3
19:21:55,26.0,3,f3ee3363ab212a4ce2b3ff986e1ccfda5fc926a4f7125ded8e8f5b6f7fc2075c,-64,,3,64,12.0,3
19:21:55,26.0,3,f3ee3363ab212a4ce2b3ff986e1ccfda5fc926a4f7125ded8e8f5b6f7fc2075c,-68,,3,64,12.0,3
19:21:56,26.0,3,f3ee3363ab212a4ce2b3ff986e1ccfda5fc926a4f7125ded8e8f5b6f7fc2075c,-64,,3,64,12.0,3
19:21:57,26.0,3,f3ee3363ab212a4ce2b3ff986e1ccfda5fc926a4f7125ded8e8f5b6f7fc2075c,-64,,3,64,12.0,3
19:21:58,26.0,3,f3ee3363ab212a4ce2b3ff986e1ccfda5fc926a4f7125ded8e8f5b6f7fc2075c,-62,,3,64,12.0,3
19:21:59,26.0,3,f3ee3363ab212a4ce2b3ff986e1ccfda5fc926a4f7125ded8e8f5b6f7fc2075c,-65,,3,64,12.0,3
19:21:59,26.0,3,f3ee3363ab212a4ce2b3ff986e1ccfda5fc926a4f7125ded8e8f5b6f7fc2075c,-67,,3,64,12.0,3
19:22:00,26.0,3,f3ee3363ab212a4ce2b3ff986e1ccfda5fc926a4f7125ded8e8f5b6f7fc2075c,-65,,3,64,12.0,3
19:22:01,,3,a7102f4cf730b339a5b700797eb75aceb0113a2b59977bc23dda76f5963928be,-64,,3,64,,3
19:22:02,26.0,3,f3ee3363ab212a4ce2b3ff986e1ccfda5fc926a4f7125ded8e8f5b6f7fc2075c,-64,,3,64,12.0,3
19:22:03,26.0,3,f3ee3363ab212a4ce2b3ff986e1ccfda5fc926a4f7125ded8e8f5b6f7fc2075c,-67,,3,64,12.0,3
19:22:03,26.0,3,f3ee3363ab212a4ce2b3ff986e1ccfda5fc926a4f7125ded8e8f5b6f7fc2075c,-64,,3,64,12.0,3
19:22:04,26.0,3,f3ee3363ab212a4ce2b3ff986e1ccfda5fc926a4f7125ded8e8f5b6f7fc2075c,-65,,3,64,12.0,3
19:22:05,,3,a7102f4cf730b339a5b700797eb75aceb0113a2b59977bc23dda76f5963928be,-69,,3,64,,3
19:22:06,26.0,3,f3ee3363ab212a4ce2b3ff986e1ccfda5fc926a4f7125ded8e8f5b6f7fc2075c,-63,,3,64,12.0,3
19:22:07,26.0,3,f3ee3363ab212a4ce2b3ff986e1ccfda5fc926a4f7125ded8e8f5b6f7fc2075c,-62,,3,64,12.0,3
19:22:07,26.0,3,f3ee3363ab212a4ce2b3ff986e1ccfda5fc926a4f7125ded8e8f5b6f7fc2075c,-69,,3,64,12.0,3
19:22:08,26.0,3,f3ee3363ab212a4ce2b3ff986e1ccfda5fc926a4f7125ded8e8f5b6f7fc2075c,-73,,3,64,12.0,3
19:22:09,26.0,3,f3ee3363ab212a4ce2b3ff986e1ccfda5fc926a4f7125ded8e8f5b6f7fc2075c,-70,,3,64,12.0,3
19:22:10,26.0,3,f3ee3363ab212a4ce2b3ff986e1ccfda5fc926a4f7125ded8e8f5b6f7fc2075c,-70,,3,64,12.0,3
19:22:11,,3,a7102f4cf730b339a5b700797eb75aceb0113a2b59977bc23dda76f5963928be,-70,,3,64,,3
19:22:11,26.0,3,f3ee3363ab212a4ce2b3ff986e1ccfda5fc926a4f7125ded8e8f5b6f7fc2075c,-70,,3,64,12.0,3
19:22:12,26.0,3,f3ee3363ab212a4ce2b3ff986e1ccfda5fc926a4f7125ded8e8f5b6f7fc2075c,-81,,3,64,12.0,3
19:22:13,,3,a7102f4cf730b339a5b700797eb75aceb0113a2b59977bc23dda76f5963928be,-82,,3,64,,3
19:22:14,26.0,3,f3ee3363ab212a4ce2b3ff986e1ccfda5fc926a4f7125ded8e8f5b6f7fc2075c,-81,,3,64,12.0,3
19:22:15,,3,a7102f4cf730b339a5b700797eb75aceb0113a2b59977bc23dda76f5963928be,-72,,3,64,,3
19:22:15,26.0,3,f3ee3363ab212a4ce2b3ff986e1ccfda5fc926a4f7125ded8e8f5b6f7fc2075c,-70,,3,64,12.0,3
19:22:16,26.0,3,f3ee3363ab212a4ce2b3ff986e1ccfda5fc926a4f7125ded8e8f5b6f7fc2075c,-83,,3,64,12.0,3
19:22:17,,3,a7102f4cf730b339a5b700797eb75aceb0113a2b59977bc23dda76f5963928be,-70,,3,64,,3
19:22:18,26.0,3,f3ee3363ab212a4ce2b3ff986e1ccfda5fc926a4f7125ded8e8f5b6f7fc2075c,-81,,3,64,12.0,3
19:22:19,26.0,3,f3ee3363ab212a4ce2b3ff986e1ccfda5fc926a4f7125ded8e8f5b6f7fc2075c,-70,,3,64,12.0,3
19:22:19,26.0,3,f3ee3363ab212a4ce2b3ff986e1ccfda5fc926a4f7125ded8e8f5b6f7fc2075c,-81,,3,64,12.0,3
19:22:20,26.0,3,f3ee3363ab212a4ce2b3ff986e1ccfda5fc926a4f7125ded8e8f5b6f7fc2075c,-71,,3,64,12.0,3
19:22:21,26.0,3,f3ee3363ab212a4ce2b3ff986e1ccfda5fc926a4f7125ded8e8f5b6f7fc2075c,-71,,3,64,12.0,3
19:22:22,26.0,3,f3ee3363ab212a4ce2b3ff986e1ccfda5fc926a4f7125ded8e8f5b6f7fc2075c,-71,,3,64,12.0,3
19:22:23,26.0,3,f3ee3363ab212a4ce2b3ff986e1ccfda5fc926a4f7125ded8e8f5b6f7fc2075c,-70,,3,64,12.0,3
19:22:24,26.0,3,f3ee3363ab212a4ce2b3ff986e1ccfda5fc926a4f7125ded8e8f5b6f7fc2075c,-70,,3,64,12.0,3
19:22:24,26.0,3,f3ee3363ab212a4ce2b3ff986e1ccfda5fc926a4f7125ded8e8f5b6f7fc2075c,-71,,3,64,12.0,3
19:22:25,26.0,3,f3ee3363ab212a4ce2b3ff986e1ccfda5fc926a4f7125ded8e8f5b6f7fc2075c,-76,,3,64,12.0,3
19:22:26,26.0,3,f3ee3363ab212a4ce2b3ff986e1ccfda5fc926a4f7125ded8e8f5b6f7fc2075c,-70,,3,64,12.0,3
19:22:27,26.0,3,f3ee3363ab212a4ce2b3ff986e1ccfda5fc926a4f7125ded8e8f5b6f7fc2075c,-75,,3,64,12.0,3
19:22:28,26.0,3,f3ee3363ab212a4ce2b3ff986e1ccfda5fc926a4f7125ded8e8f5b6f7fc2075c,-71,,3,64,12.0,3
19:22:28,26.0,3,f3ee3363ab212a4ce2b3ff986e1ccfda5fc926a4f7125ded8e8f5b6f7fc2075c,-79,,3,64,12.0,3
19:22:29,26.0,3,f3ee3363ab212a4ce2b3ff986e1ccfda5fc926a4f7125ded8e8f5b6f7fc2075c,-75,,3,64,12.0,3
19:22:30,26.0,3,f3ee3363ab212a4ce2b3ff986e1ccfda5fc926a4f7125ded8e8f5b6f7fc2075c,-74,,3,64,12.0,3
19:22:31,26.0,3,f3ee3363ab212a4ce2b3ff986e1ccfda5fc926a4f7125ded8e8f5b6f7fc2075c,-78,,3,64,12.0,3
19:22:32,26.0,3,f3ee3363ab212a4ce2b3ff986e1ccfda5fc926a4f7125ded8e8f5b6f7fc2075c,-74,,3,64,12.0,3
19:22:32,26.0,3,f3ee3363ab212a4ce2b3ff986e1ccfda5fc926a4f7125ded8e8f5b6f7fc2075c,-82,,3,64,12.0,3
19:22:33,26.0,3,f3ee3363ab212a4ce2b3ff986e1ccfda5fc926a4f7125ded8e8f5b6f7fc2075c,-76,,3,64,12.0,3
19:22:34,26.0,3,f3ee3363ab212a4ce2b3ff986e1ccfda5fc926a4f7125ded8e8f5b6f7fc2075c,-79,,3,64,12.0,3
19:22:35,26.0,3,f3ee3363ab212a4ce2b3ff986e1ccfda5fc926a4f7125ded8e8f5b6f7fc2075c,-80,,3,64,12.0,3
19:22:36,26.0,3,f3ee3363ab212a4ce2b3ff986e1ccfda5fc926a4f7125ded8e8f5b6f7fc2075c,-75,,3,64,12.0,3
19:22:36,26.0,3,f3ee3363ab212a4ce2b3ff986e1ccfda5fc926a4f7125ded8e8f5b6f7fc2075c,-73,,3,64,12.0,3
19:22:37,26.0,3,f3ee3363ab212a4ce2b3ff986e1ccfda5fc926a4f7125ded8e8f5b6f7fc2075c,-76,,3,64,12.0,3
19:22:38,26.0,3,f3ee3363ab212a4ce2b3ff986e1ccfda5fc926a4f7125ded8e8f5b6f7fc2075c,-72,,3,64,12.0,3
19:22:39,26.0,3,f3ee3363ab212a4ce2b3ff986e1ccfda5fc926a4f7125ded8e8f5b6f7fc2075c,-77,,3,64,12.0,3
19:22:40,26.0,3,f3ee3363ab212a4ce2b3ff986e1ccfda5fc926a4f7125ded8e8f5b6f7fc2075c,-80,,3,64,12.0,3
19:22:40,26.0,3,f3ee3363ab212a4ce2b3ff986e1ccfda5fc926a4f7125ded8e8f5b6f7fc2075c,-78,,3,64,12.0,3
19:22:41,26.0,3,f3ee3363ab212a4ce2b3ff986e1ccfda5fc926a4f7125ded8e8f5b6f7fc2075c,-85,,3,64,12.0,3
19:22:42,26.0,3,f3ee3363ab212a4ce2b3ff986e1ccfda5fc926a4f7125ded8e8f5b6f7fc2075c,-81,,3,64,12.0,3
19:22:43,26.0,3,f3ee3363ab212a4ce2b3ff986e1ccfda5fc926a4f7125ded8e8f5b6f7fc2075c,-83,,3,64,12.0,3
19:22:44,26.0,3,f3ee3363ab212a4ce2b3ff986e1ccfda5fc926a4f7125ded8e8f5b6f7fc2075c,-75,,3,64,12.0,3
19:22:44,26.0,3,f3ee3363ab212a4ce2b3ff986e1ccfda5fc926a4f7125ded8e8f5b6f7fc2075c,-84,,3,64,12.0,3
19:22:45,26.0,3,f3ee3363ab212a4ce2b3ff986e1ccfda5fc926a4f7125ded8e8f5b6f7fc2075c,-73,,3,64,12.0,3
19:22:46,26.0,3,f3ee3363ab212a4ce2b3ff986e1ccfda5fc926a4f7125ded8e8f5b6f7fc2075c,-75,,3,64,12.0,3
19:22:47,26.0,3,f3ee3363ab212a4ce2b3ff986e1ccfda5fc926a4f7125ded8e8f5b6f7fc2075c,-71,,3,64,12.0,3
19:22:48,26.0,3,f3ee3363ab212a4ce2b3ff986e1ccfda5fc926a4f7125ded8e8f5b6f7fc2075c,-77,,3,64,12.0,3
19:22:48,26.0,3,f3ee3363ab212a4ce2b3ff986e1ccfda5fc926a4f7125ded8e8f5b6f7fc2075c,-80,,3,64,12.0,3
19:22:49,26.0,3,f3ee3363ab212a4ce2b3ff986e1ccfda5fc926a4f7125ded8e8f5b6f7fc2075c,-71,,3,64,12.0,3
19:22:50,26.0,3,f3ee3363ab212a4ce2b3ff986e1ccfda5fc926a4f7125ded8e8f5b6f7fc2075c,-77,,3,64,12.0,3
19:22:51,26.0,3,f3ee3363ab212a4ce2b3ff986e1ccfda5fc926a4f7125ded8e8f5b6f7fc2075c,-78,,3,64,12.0,3
19:22:52,26.0,3,f3ee3363ab212a4ce2b3ff986e1ccfda5fc926a4f7125ded8e8f5b6f7fc2075c,-76,,3,64,12.0,3
19:22:52,26.0,3,f3ee3363ab212a4ce2b3ff986e1ccfda5fc926a4f7125ded8e8f5b6f7fc2075c,-73,,3,64,12.0,3
19:22:53,26.0,3,f3ee3363ab212a4ce2b3ff986e1ccfda5fc926a4f7125ded8e8f5b6f7fc2075c,-74,,3,64,12.0,3
19:22:54,26.0,3,f3ee3363ab212a4ce2b3ff986e1ccfda5fc926a4f7125ded8e8f5b6f7fc2075c,-74,,3,64,12.0,3
19:22:55,,3,a7102f4cf730b339a5b700797eb75aceb0113a2b59977bc23dda76f5963928be,-71,,3,64,,3
19:22:56,26.0,3,f3ee3363ab212a4ce2b3ff986e1ccfda5fc926a4f7125ded8e8f5b6f7fc2075c,-74,,3,64,12.0,3
19:22:56,26.0,3,f3ee3363ab212a4ce2b3ff986e1ccfda5fc926a4f7125ded8e8f5b6f7fc2075c,-70,,3,64,12.0,3
19:22:57,26.0,3,f3ee3363ab212a4ce2b3ff986e1ccfda5fc926a4f7125ded8e8f5b6f7fc2075c,-75,,3,64,12.0,3
19:22:58,26.0,3,f3ee3363ab212a4ce2b3ff986e1ccfda5fc926a4f7125ded8e8f5b6f7fc2075c,-72,,3,64,12.0,3
19:22:59,26.0,3,f3ee3363ab212a4ce2b3ff986e1ccfda5fc926a4f7125ded8e8f5b6f7fc2075c,-76,,3,64,12.0,3
19:23:00,26.0,3,f3ee3363ab212a4ce2b3ff986e1ccfda5fc926a4f7125ded8e8f5b6f7fc2075c,-70,,3,64,12.0,3
19:23:00,26.0,3,f3ee3363ab212a4ce2b3ff986e1ccfda5fc926a4f7125ded8e8f5b6f7fc2075c,-76,,3,64,12.0,3
19:23:01,26.0,3,f3ee3363ab212a4ce2b3ff986e1ccfda5fc926a4f7125ded8e8f5b6f7fc2075c,-78,,3,64,12.0,3
19:23:02,26.0,3,f3ee3363ab212a4ce2b3ff986e1ccfda5fc926a4f7125ded8e8f5b6f7fc2075c,-76,,3,64,12.0,3
19:23:03,,3,a7102f4cf730b339a5b700797eb75aceb0113a2b59977bc23dda76f5963928be,-75,,3,64,,3
19:23:04,26.0,3,f3ee3363ab212a4ce2b3ff986e1ccfda5fc926a4f7125ded8e8f5b6f7fc2075c,-78,,3,64,12.0,3
19:23:04,26.0,3,f3ee3363ab212a4ce2b3ff986e1ccfda5fc926a4f7125ded8e8f5b6f7fc2075c,-78,,3,64,12.0,3
19:23:05,26.0,3,f3ee3363ab212a4ce2b3ff986e1ccfda5fc926a4f7125ded8e8f5b6f7fc2075c,-77,,3,64,12.0,3
19:23:06,26.0,3,f3ee3363ab212a4ce2b3ff986e1ccfda5fc926a4f7125ded8e8f5b6f7fc2075c,-73,,3,64,12.0,3
19:23:07,26.0,3,f3ee3363ab212a4ce2b3ff986e1ccfda5fc926a4f7125ded8e8f5b6f7fc2075c,-79,,3,64,12.0,3
19:23:08,26.0,3,f3ee3363ab212a4ce2b3ff986e1ccfda5fc926a4f7125ded8e8f5b6f7fc2075c,-78,,3,64,12.0,3
19:23:09,26.0,3,f3ee3363ab212a4ce2b3ff986e1ccfda5fc926a4f7125ded8e8f5b6f7fc2075c,-82,,3,64,12.0,3
19:23:09,26.0,3,f3ee3363ab212a4ce2b3ff986e1ccfda5fc926a4f7125ded8e8f5b6f7fc2075c,-81,,3,64,12.0,3
19:23:10,26.0,3,f3ee3363ab212a4ce2b3ff986e1ccfda5fc926a4f7125ded8e8f5b6f7fc2075c,-82,,3,64,12.0,3
19:23:11,,3,a7102f4cf730b339a5b700797eb75aceb0113a2b59977bc23dda76f5963928be,-79,,3,64,,3
19:23:12,26.0,3,f3ee3363ab212a4ce2b3ff986e1ccfda5fc926a4f7125ded8e8f5b6f7fc2075c,-81,,3,64,12.0,3
19:23:13,,3,a7102f4cf730b339a5b700797eb75aceb0113a2b59977bc23dda76f5963928be,-84,,3,64,,3
19:23:13,26.0,3,f3ee3363ab212a4ce2b3ff986e1ccfda5fc926a4f7125ded8e8f5b6f7fc2075c,-84,,3,64,12.0,3
19:23:14,26.0,3,f3ee3363ab212a4ce2b3ff986e1ccfda5fc926a4f7125ded8e8f5b6f7fc2075c,-80,,3,64,12.0,3
19:23:15,26.0,3,f3ee3363ab212a4ce2b3ff986e1ccfda5fc926a4f7125ded8e8f5b6f7fc2075c,-80,,3,64,12.0,3
19:23:16,26.0,3,f3ee3363ab212a4ce2b3ff986e1ccfda5fc926a4f7125ded8e8f5b6f7fc2075c,-78,,3,64,12.0,3
19:23:17,26.0,3,f3ee3363ab212a4ce2b3ff986e1ccfda5fc926a4f7125ded8e8f5b6f7fc2075c,-82,,3,64,12.0,3
19:23:17,26.0,3,f3ee3363ab212a4ce2b3ff986e1ccfda5fc926a4f7125ded8e8f5b6f7fc2075c,-80,,3,64,12.0,3
19:23:18,,3,a7102f4cf730b339a5b700797eb75aceb0113a2b59977bc23dda76f5963928be,-83,,3,64,,3
19:23:19,26.0,3,f3ee3363ab212a4ce2b3ff986e1ccfda5fc926a4f7125ded8e8f5b6f7fc2075c,-76,,3,64,12.0,3
19:23:20,26.0,3,f3ee3363ab212a4ce2b3ff986e1ccfda5fc926a4f7125ded8e8f5b6f7fc2075c,-73,,3,64,12.0,3
19:23:21,26.0,3,f3ee3363ab212a4ce2b3ff986e1ccfda5fc926a4f7125ded8e8f5b6f7fc2075c,-67,,3,64,12.0,3
19:23:21,26.0,3,f3ee3363ab212a4ce2b3ff986e1ccfda5fc926a4f7125ded8e8f5b6f7fc2075c,-67,,3,64,12.0,3
19:23:22,26.0,3,f3ee3363ab212a4ce2b3ff986e1ccfda5fc926a4f7125ded8e8f5b6f7fc2075c,-85,,3,64,12.0,3
19:23:23,26.0,3,f3ee3363ab212a4ce2b3ff986e1ccfda5fc926a4f7125ded8e8f5b6f7fc2075c,-81,,3,64,12.0,3
19:23:24,26.0,3,f3ee3363ab212a4ce2b3ff986e1ccfda5fc926a4f7125ded8e8f5b6f7fc2075c,-70,,3,64,12.0,3
19:23:25,26.0,3,f3ee3363ab212a4ce2b3ff986e1ccfda5fc926a4f7125ded8e8f5b6f7fc2075c,-75,,3,64,12.0,3
19:23:25,26.0,3,f3ee3363ab212a4ce2b3ff986e1ccfda5fc926a4f7125ded8e8f5b6f7fc2075c,-84,,3,64,12.0,3
19:23:26,26.0,3,f3ee3363ab212a4ce2b3ff986e1ccfda5fc926a4f7125ded8e8f5b6f7fc2075c,-87,,3,64,12.0,3
19:23:27,26.0,3,f3ee3363ab212a4ce2b3ff986e1ccfda5fc926a4f7125ded8e8f5b6f7fc2075c,-76,,3,64,12.0,3
19:23:28,26.0,3,f3ee3363ab212a4ce2b3ff986e1ccfda5fc926a4f7125ded8e8f5b6f7fc2075c,-82,,3,64,12.0,3
19:23:29,26.0,3,f3ee3363ab212a4ce2b3ff986e1ccfda5fc926a4f7125ded8e8f5b6f7fc2075c,-79,,3,64,12.0,3
19:23:29,26.0,3,f3ee3363ab212a4ce2b3ff986e1ccfda5fc926a4f7125ded8e8f5b6f7fc2075c,-75,,3,64,12.0,3
19:23:30,26.0,3,f3ee3363ab212a4ce2b3ff986e1ccfda5fc926a4f7125ded8e8f5b6f7fc2075c,-73,,3,64,12.0,3
19:23:31,26.0,3,f3ee3363ab212a4ce2b3ff986e1ccfda5fc926a4f7125ded8e8f5b6f7fc2075c,-70,,3,64,12.0,3
19:23:32,26.0,3,f3ee3363ab212a4ce2b3ff986e1ccfda5fc926a4f7125ded8e8f5b6f7fc2075c,-83,,3,64,12.0,3
19:23:33,26.0,3,f3ee3363ab212a4ce2b3ff986e1ccfda5fc926a4f7125ded8e8f5b6f7fc2075c,-81,,3,64,12.0,3
19:23:34,26.0,3,f3ee3363ab212a4ce2b3ff986e1ccfda5fc926a4f7125ded8e8f5b6f7fc2075c,-70,,3,64,12.0,3
19:23:34,26.0,3,f3ee3363ab212a4ce2b3ff986e1ccfda5fc926a4f7125ded8e8f5b6f7fc2075c,-73,,3,64,12.0,3
19:23:35,26.0,3,f3ee3363ab212a4ce2b3ff986e1ccfda5fc926a4f7125ded8e8f5b6f7fc2075c,-76,,3,64,12.0,3
19:23:36,26.0,3,f3ee3363ab212a4ce2b3ff986e1ccfda5fc926a4f7125ded8e8f5b6f7fc2075c,-74,,3,64,12.0,3
19:23:37,26.0,3,f3ee3363ab212a4ce2b3ff986e1ccfda5fc926a4f7125ded8e8f5b6f7fc2075c,-81,,3,64,12.0,3
19:23:37,26.0,3,f3ee3363ab212a4ce2b3ff986e1ccfda5fc926a4f7125ded8e8f5b6f7fc2075c,-86,,3,64,12.0,3
19:23:38,26.0,3,f3ee3363ab212a4ce2b3ff986e1ccfda5fc926a4f7125ded8e8f5b6f7fc2075c,-69,,3,64,12.0,3
19:23:39,26.0,3,f3ee3363ab212a4ce2b3ff986e1ccfda5fc926a4f7125ded8e8f5b6f7fc2075c,-79,,3,64,12.0,3
19:23:40,26.0,3,f3ee3363ab212a4ce2b3ff986e1ccfda5fc926a4f7125ded8e8f5b6f7fc2075c,-72,,3,64,12.0,3
19:23:41,26.0,3,f3ee3363ab212a4ce2b3ff986e1ccfda5fc926a4f7125ded8e8f5b6f7fc2075c,-76,,3,64,12.0,3
19:23:42,26.0,3,f3ee3363ab212a4ce2b3ff986e1ccfda5fc926a4f7125ded8e8f5b6f7fc2075c,-72,,3,64,12.0,3
19:23:42,26.0,3,f3ee3363ab212a4ce2b3ff986e1ccfda5fc926a4f7125ded8e8f5b6f7fc2075c,-73,,3,64,12.0,3
19:23:43,,3,a7102f4cf730b339a5b700797eb75aceb0113a2b59977bc23dda76f5963928be,-70,,3,64,,3
19:23:44,26.0,3,f3ee3363ab212a4ce2b3ff986e1ccfda5fc926a4f7125ded8e8f5b6f7fc2075c,-69,,3,64,12.0,3
19:23:45,26.0,3,f3ee3363ab212a4ce2b3ff986e1ccfda5fc926a4f7125ded8e8f5b6f7fc2075c,-70,,3,64,12.0,3
19:23:46,26.0,3,f3ee3363ab212a4ce2b3ff986e1ccfda5fc926a4f7125ded8e8f5b6f7fc2075c,-71,,3,64,12.0,3
19:23:46,26.0,3,f3ee3363ab212a4ce2b3ff986e1ccfda5fc926a4f7125ded8e8f5b6f7fc2075c,-69,,3,64,12.0,3
19:23:47,,3,a7102f4cf730b339a5b700797eb75aceb0113a2b59977bc23dda76f5963928be,-68,,3,64,,3
19:23:48,26.0,3,f3ee3363ab212a4ce2b3ff986e1ccfda5fc926a4f7125ded8e8f5b6f7fc2075c,-70,,3,64,12.0,3
19:23:49,26.0,3,f3ee3363ab212a4ce2b3ff986e1ccfda5fc926a4f7125ded8e8f5b6f7fc2075c,-80,,3,64,12.0,3
19:23:50,26.0,3,f3ee3363ab212a4ce2b3ff986e1ccfda5fc926a4f7125ded8e8f5b6f7fc2075c,-70,,3,64,12.0,3
19:23:50,26.0,3,f3ee3363ab212a4ce2b3ff986e1ccfda5fc926a4f7125ded8e8f5b6f7fc2075c,-68,,3,64,12.0,3
19:23:51,,3,a7102f4cf730b339a5b700797eb75aceb0113a2b59977bc23dda76f5963928be,-70,,3,64,,3
19:23:52,26.0,3,f3ee3363ab212a4ce2b3ff986e1ccfda5fc926a4f7125ded8e8f5b6f7fc2075c,-68,,3,64,12.0,3
19:23:53,,3,a7102f4cf730b339a5b700797eb75aceb0113a2b59977bc23dda76f5963928be,-70,,3,64,,3
19:23:54,26.0,3,f3ee3363ab212a4ce2b3ff986e1ccfda5fc926a4f7125ded8e8f5b6f7fc2075c,-71,,3,64,12.0,3
19:23:54,26.0,3,f3ee3363ab212a4ce2b3ff986e1ccfda5fc926a4f7125ded8e8f5b6f7fc2075c,-70,,3,64,12.0,3
19:23:55,26.0,3,f3ee3363ab212a4ce2b3ff986e1ccfda5fc926a4f7125ded8e8f5b6f7fc2075c,-81,,3,64,12.0,3
19:23:56,26.0,3,f3ee3363ab212a4ce2b3ff986e1ccfda5fc926a4f7125ded8e8f5b6f7fc2075c,-75,,3,64,12.0,3
19:23:57,26.0,3,f3ee3363ab212a4ce2b3ff986e1ccfda5fc926a4f7125ded8e8f5b6f7fc2075c,-76,,3,64,12.0,3
19:23:58,26.0,3,f3ee3363ab212a4ce2b3ff986e1ccfda5fc926a4f7125ded8e8f5b6f7fc2075c,-70,,3,64,12.0,3
19:23:58,26.0,3,f3ee3363ab212a4ce2b3ff986e1ccfda5fc926a4f7125ded8e8f5b6f7fc2075c,-72,,3,64,12.0,3
19:23:59,26.0,3,f3ee3363ab212a4ce2b3ff986e1ccfda5fc926a4f7125ded8e8f5b6f7fc2075c,-68,,3,64,12.0,3
19:24:00,26.0,3,f3ee3363ab212a4ce2b3ff986e1ccfda5fc926a4f7125ded8e8f5b6f7fc2075c,-71,,3,64,12.0,3
19:24:01,,3,a7102f4cf730b339a5b700797eb75aceb0113a2b59977bc23dda76f5963928be,-71,,3,64,,3
19:24:02,26.0,3,f3ee3363ab212a4ce2b3ff986e1ccfda5fc926a4f7125ded8e8f5b6f7fc2075c,-71,,3,64,12.0,3
19:24:03,26.0,3,f3ee3363ab212a4ce2b3ff986e1ccfda5fc926a4f7125ded8e8f5b6f7fc2075c,-70,,3,64,12.0,3
19:24:03,26.0,3,f3ee3363ab212a4ce2b3ff986e1ccfda5fc926a4f7125ded8e8f5b6f7fc2075c,-73,,3,64,12.0,3
19:24:04,26.0,3,f3ee3363ab212a4ce2b3ff986e1ccfda5fc926a4f7125ded8e8f5b6f7fc2075c,-71,,3,64,12.0,3
19:24:05,26.0,3,f3ee3363ab212a4ce2b3ff986e1ccfda5fc926a4f7125ded8e8f5b6f7fc2075c,-56,,3,64,12.0,3
19:24:06,26.0,3,f3ee3363ab212a4ce2b3ff986e1ccfda5fc926a4f7125ded8e8f5b6f7fc2075c,-53,,3,64,12.0,3
19:24:07,26.0,3,f3ee3363ab212a4ce2b3ff986e1ccfda5fc926a4f7125ded8e8f5b6f7fc2075c,-53,,3,64,12.0,3
19:24:07,26.0,3,f3ee3363ab212a4ce2b3ff986e1ccfda5fc926a4f7125ded8e8f5b6f7fc2075c,-53,,3,64,12.0,3
19:24:08,26.0,3,f3ee3363ab212a4ce2b3ff986e1ccfda5fc926a4f7125ded8e8f5b6f7fc2075c,-52,,3,64,12.0,3
19:24:09,26.0,3,f3ee3363ab212a4ce2b3ff986e1ccfda5fc926a4f7125ded8e8f5b6f7fc2075c,-53,,3,64,12.0,3
19:24:10,26.0,3,f3ee3363ab212a4ce2b3ff986e1ccfda5fc926a4f7125ded8e8f5b6f7fc2075c,-52,,3,64,12.0,3
19:24:11,,3,a7102f4cf730b339a5b700797eb75aceb0113a2b59977bc23dda76f5963928be,-53,,3,64,,3
19:24:11,,3,a7102f4cf730b339a5b700797eb75aceb0113a2b59977bc23dda76f5963928be,-53,,3,64,,3
19:24:12,,3,a7102f4cf730b339a5b700797eb75aceb0113a2b59977bc23dda76f5963928be,-52,,3,64,,3
19:24:13,,3,a7102f4cf730b339a5b700797eb75aceb0113a2b59977bc23dda76f5963928be,-53,,3,64,,3
19:24:14,,3,a7102f4cf730b339a5b700797eb75aceb0113a2b59977bc23dda76f5963928be,-53,,3,64,,3
19:24:15,,3,a7102f4cf730b339a5b700797eb75aceb0113a2b59977bc23dda76f5963928be,-52,,3,64,,3
19:24:17,,3,a7102f4cf730b339a5b700797eb75aceb0113a2b59977bc23dda76f5963928be,-53,,3,64,,3
19:24:19,,3,a7102f4cf730b339a5b700797eb75aceb0113a2b59977bc23dda76f5963928be,-53,,3,64,,3
19:24:21,,3,a7102f4cf730b339a5b700797eb75aceb0113a2b59977bc23dda76f5963928be,-52,,3,64,,3
19:24:23,,3,a7102f4cf730b339a5b700797eb75aceb0113a2b59977bc23dda76f5963928be,-53,,3,64,,3
19:24:25,,3,a7102f4cf730b339a5b700797eb75aceb0113a2b59977bc23dda76f5963928be,-53,,3,64,,3
19:24:27,,3,a7102f4cf730b339a5b700797eb75aceb0113a2b59977bc23dda76f5963928be,-52,,3,64,,3
19:24:29,,3,a7102f4cf730b339a5b700797eb75aceb0113a2b59977bc23dda76f5963928be,-53,,3,64,,3
19:24:31,,3,a7102f4cf730b339a5b700797eb75aceb0113a2b59977bc23dda76f5963928be,-53,,3,64,,3
19:24:59,,3,a7102f4cf730b339a5b700797eb75aceb0113a2b59977bc23dda76f5963928be,-53,,3,64,,3
19:25:01,,3,a7102f4cf730b339a5b700797eb75aceb0113a2b59977bc23dda76f5963928be,-52,,3,64,,3
19:25:03,,3,a7102f4cf730b339a5b700797eb75aceb0113a2b59977bc23dda76f5963928be,-54,,3,64,,3
19:25:05,,3,a7102f4cf730b339a5b700797eb75aceb0113a2b59977bc23dda76f5963928be,-53,,3,64,,3
19:25:07,,3,a7102f4cf730b339a5b700797eb75aceb0113a2b59977bc23dda76f5963928be,-52,,3,64,,3
19:25:09,,3,a7102f4cf730b339a5b700797eb75aceb0113a2b59977bc23dda76f5963928be,-54,,3,64,,3
19:25:11,,3,a7102f4cf730b339a5b700797eb75aceb0113a2b59977bc23dda76f5963928be,-53,,3,64,,3
19:25:13,,3,a7102f4cf730b339a5b700797eb75aceb0113a2b59977bc23dda76f5963928be,-52,,3,64,,3
19:25:15,,3,a7102f4cf730b339a5b700797eb75aceb0113a2b59977bc23dda76f5963928be,-54,,3,64,,3
19:25:17,,3,a7102f4cf730b339a5b700797eb75aceb0113a2b59977bc23dda76f5963928be,-53,,3,64,,3
19:25:19,,3,a7102f4cf730b339a5b700797eb75aceb0113a2b59977bc23dda76f5963928be,-53,,3,64,,3
19:25:21,,3,a7102f4cf730b339a5b700797eb75aceb0113a2b59977bc23dda76f5963928be,-54,,3,64,,3
19:25:23,,3,a7102f4cf730b339a5b700797eb75aceb0113a2b59977bc23dda76f5963928be,-53,,3,64,,3
19:25:25,,3,a7102f4cf730b339a5b700797eb75aceb0113a2b59977bc23dda76f5963928be,-52,,3,64,,3
19:25:27,,3,a7102f4cf730b339a5b700797eb75aceb0113a2b59977bc23dda76f5963928be,-55,,3,64,,3
19:25:29,,3,a7102f4cf730b339a5b700797eb75aceb0113a2b59977bc23dda76f5963928be,-53,,3,64,,3
19:25:31,,3,a7102f4cf730b339a5b700797eb75aceb0113a2b59977bc23dda76f5963928be,-52,,3,64,,3
19:25:33,,3,a7102f4cf730b339a5b700797eb75aceb0113a2b59977bc23dda76f5963928be,-55,,3,64,,3
19:25:35,,3,a7102f4cf730b339a5b700797eb75aceb0113a2b59977bc23dda76f5963928be,-53,,3,64,,3
19:25:52,26.0,3,e611a961bd957c4d2399d7ca749669719cf6f331faed9fee7a8a79c9129e2cd8,-98,,3,64,,3
19:25:53,,3,a7102f4cf730b339a5b700797eb75aceb0113a2b59977bc23dda76f5963928be,-52,,3,64,,3
19:25:55,,3,a7102f4cf730b339a5b700797eb75aceb0113a2b59977bc23dda76f5963928be,-55,,3,64,,3
19:25:57,,3,a7102f4cf730b339a5b700797eb75aceb0113a2b59977bc23dda76f5963928be,-54,,3,64,,3
19:25:59,,3,a7102f4cf730b339a5b700797eb75aceb0113a2b59977bc23dda76f5963928be,-53,,3,64,,3
19:26:01,,3,a7102f4cf730b339a5b700797eb75aceb0113a2b59977bc23dda76f5963928be,-55,,3,64,,3
19:26:03,,3,a7102f4cf730b339a5b700797eb75aceb0113a2b59977bc23dda76f5963928be,-53,,3,64,,3
19:26:05,,3,a7102f4cf730b339a5b700797eb75aceb0113a2b59977bc23dda76f5963928be,-52,,3,64,,3
19:26:07,,3,a7102f4cf730b339a5b700797eb75aceb0113a2b59977bc23dda76f5963928be,-54,,3,64,,3
19:26:09,,3,a7102f4cf730b339a5b700797eb75aceb0113a2b59977bc23dda76f5963928be,-54,,3,64,,3
19:26:11,,3,a7102f4cf730b339a5b700797eb75aceb0113a2b59977bc23dda76f5963928be,-53,,3,64,,3
19:26:13,,3,a7102f4cf730b339a5b700797eb75aceb0113a2b59977bc23dda76f5963928be,-55,,3,64,,3
19:26:15,,3,a7102f4cf730b339a5b700797eb75aceb0113a2b59977bc23dda76f5963928be,-53,,3,64,,3
19:26:17,,3,a7102f4cf730b339a5b700797eb75aceb0113a2b59977bc23dda76f5963928be,-52,,3,64,,3
19:26:22,26.0,3,e611a961bd957c4d2399d7ca749669719cf6f331faed9fee7a8a79c9129e2cd8,-96,,3,64,,3
19:26:57,,3,a7102f4cf730b339a5b700797eb75aceb0113a2b59977bc23dda76f5963928be,-52,,3,64,,3
19:26:59,,3,a7102f4cf730b339a5b700797eb75aceb0113a2b59977bc23dda76f5963928be,-53,,3,64,,3
19:27:01,,3,a7102f4cf730b339a5b700797eb75aceb0113a2b59977bc23dda76f5963928be,-53,,3,64,,3
19:27:03,,3,a7102f4cf730b339a5b700797eb75aceb0113a2b59977bc23dda76f5963928be,-52,,3,64,,3
19:27:05,,3,a7102f4cf730b339a5b700797eb75aceb0113a2b59977bc23dda76f5963928be,-54,,3,64,,3
19:27:07,,3,a7102f4cf730b339a5b700797eb75aceb0113a2b59977bc23dda76f5963928be,-53,,3,64,,3
19:27:09,,3,a7102f4cf730b339a5b700797eb75aceb0113a2b59977bc23dda76f5963928be,-52,,3,64,,3
19:27:11,,3,a7102f4cf730b339a5b700797eb75aceb0113a2b59977bc23dda76f5963928be,-53,,3,64,,3
19:27:13,,3,a7102f4cf730b339a5b700797eb75aceb0113a2b59977bc23dda76f5963928be,-53,,3,64,,3
19:27:15,,3,a7102f4cf730b339a5b700797eb75aceb0113a2b59977bc23dda76f5963928be,-52,,3,64,,3
19:27:17,,3,a7102f4cf730b339a5b700797eb75aceb0113a2b59977bc23dda76f5963928be,-53,,3,64,,3
19:27:19,,3,a7102f4cf730b339a5b700797eb75aceb0113a2b59977bc23dda76f5963928be,-53,,3,64,,3
19:27:21,26.0,3,e611a961bd957c4d2399d7ca749669719cf6f331faed9fee7a8a79c9129e2cd8,-97,,3,64,,3
19:27:21,,3,a7102f4cf730b339a5b700797eb75aceb0113a2b59977bc23dda76f5963928be,-52,,3,64,,3
19:27:23,,3,a7102f4cf730b339a5b700797eb75aceb0113a2b59977bc23dda76f5963928be,-53,,3,64,,3
19:27:25,,3,a7102f4cf730b339a5b700797eb75aceb0113a2b59977bc23dda76f5963928be,-53,,3,64,,3
19:27:27,,3,a7102f4cf730b339a5b700797eb75aceb0113a2b59977bc23dda76f5963928be,-52,,3,64,,3
19:27:29,,3,a7102f4cf730b339a5b700797eb75aceb0113a2b59977bc23dda76f5963928be,-54,,3,64,,3
19:27:31,,3,a7102f4cf730b339a5b700797eb75aceb0113a2b59977bc23dda76f5963928be,-53,,3,64,,3
19:27:33,,3,a7102f4cf730b339a5b700797eb75aceb0113a2b59977bc23dda76f5963928be,-52,,3,64,,3
19:27:35,,3,a7102f4cf730b339a5b700797eb75aceb0113a2b59977bc23dda76f5963928be,-55,,3,64,,3
19:27:37,,3,a7102f4cf730b339a5b700797eb75aceb0113a2b59977bc23dda76f5963928be,-53,,3,64,,3
19:27:39,,3,a7102f4cf730b339a5b700797eb75aceb0113a2b59977bc23dda76f5963928be,-52,,3,64,,3
19:27:41,,3,a7102f4cf730b339a5b700797eb75aceb0113a2b59977bc23dda76f5963928be,-55,,3,64,,3
19:27:57,,3,a7102f4cf730b339a5b700797eb75aceb0113a2b59977bc23dda76f5963928be,-55,,3,64,,3
19:27:59,,3,a7102f4cf730b339a5b700797eb75aceb0113a2b59977bc23dda76f5963928be,-53,,3,64,,3
19:28:01,,3,a7102f4cf730b339a5b700797eb75aceb0113a2b59977bc23dda76f5963928be,-52,,3,64,,3
19:28:03,,3,a7102f4cf730b339a5b700797eb75aceb0113a2b59977bc23dda76f5963928be,-54,,3,64,,3
19:28:05,,3,a7102f4cf730b339a5b700797eb75aceb0113a2b59977bc23dda76f5963928be,-53,,3,64,,3
19:28:07,,3,a7102f4cf730b339a5b700797eb75aceb0113a2b59977bc23dda76f5963928be,-52,,3,64,,3
19:28:09,,3,a7102f4cf730b339a5b700797eb75aceb0113a2b59977bc23dda76f5963928be,-55,,3,64,,3
19:28:11,,3,a7102f4cf730b339a5b700797eb75aceb0113a2b59977bc23dda76f5963928be,-53,,3,64,,3
19:28:13,,3,a7102f4cf730b339a5b700797eb75aceb0113a2b59977bc23dda76f5963928be,-52,,3,64,,3
19:28:15,,3,a7102f4cf730b339a5b700797eb75aceb0113a2b59977bc23dda76f5963928be,-54,,3,64,,3
19:28:17,,3,a7102f4cf730b339a5b700797eb75aceb0113a2b59977bc23dda76f5963928be,-53,,3,64,,3
19:28:19,,3,a7102f4cf730b339a5b700797eb75aceb0113a2b59977bc23dda76f5963928be,-52,,3,64,,3
19:28:21,,3,a7102f4cf730b339a5b700797eb75aceb0113a2b59977bc23dda76f5963928be,-54,,3,64,,3
19:28:23,,3,a7102f4cf730b339a5b700797eb75aceb0113a2b59977bc23dda76f5963928be,-53,,3,64,,3
19:28:25,,3,a7102f4cf730b339a5b700797eb75aceb0113a2b59977bc23dda76f5963928be,-52,,3,64,,3
19:28:27,,3,a7102f4cf730b339a5b700797eb75aceb0113a2b59977bc23dda76f5963928be,-53,,3,64,,3
19:28:29,,3,a7102f4cf730b339a5b700797eb75aceb0113a2b59977bc23dda76f5963928be,-53,,3,64,,3
19:28:31,,3,a7102f4cf730b339a5b700797eb75aceb0113a2b59977bc23dda76f5963928be,-52,,3,64,,3
19:28:35,,3,a7102f4cf730b339a5b700797eb75aceb0113a2b59977bc23dda76f5963928be,-53,,3,64,,3
19:29:03,,3,a7102f4cf730b339a5b700797eb75aceb0113a2b59977bc23dda76f5963928be,-53,,3,64,,3
19:29:05,,3,a7102f4cf730b339a5b700797eb75aceb0113a2b59977bc23dda76f5963928be,-52,,3,64,,3
19:29:07,,3,a7102f4cf730b339a5b700797eb75aceb0113a2b59977bc23dda76f5963928be,-54,,3,64,,3
19:29:09,,3,a7102f4cf730b339a5b700797eb75aceb0113a2b59977bc23dda76f5963928be,-53,,3,64,,3
19:29:11,,3,a7102f4cf730b339a5b700797eb75aceb0113a2b59977bc23dda76f5963928be,-52,,3,64,,3
19:29:13,,3,a7102f4cf730b339a5b700797eb75aceb0113a2b59977bc23dda76f5963928be,-56,,3,64,,3
19:29:15,,3,a7102f4cf730b339a5b700797eb75aceb0113a2b59977bc23dda76f5963928be,-53,,3,64,,3
19:29:17,,3,a7102f4cf730b339a5b700797eb75aceb0113a2b59977bc23dda76f5963928be,-52,,3,64,,3
19:29:19,,3,a7102f4cf730b339a5b700797eb75aceb0113a2b59977bc23dda76f5963928be,-54,,3,64,,3
19:29:21,,3,a7102f4cf730b339a5b700797eb75aceb0113a2b59977bc23dda76f5963928be,-53,,3,64,,3
19:29:23,,3,a7102f4cf730b339a5b700797eb75aceb0113a2b59977bc23dda76f5963928be,-52,,3,64,,3
19:29:25,,3,a7102f4cf730b339a5b700797eb75aceb0113a2b59977bc23dda76f5963928be,-55,,3,64,,3
19:29:27,,3,a7102f4cf730b339a5b700797eb75aceb0113a2b59977bc23dda76f5963928be,-53,,3,64,,3
19:29:29,,3,a7102f4cf730b339a5b700797eb75aceb0113a2b59977bc23dda76f5963928be,-52,,3,64,,3
19:29:33,26.0,3,e611a961bd957c4d2399d7ca749669719cf6f331faed9fee7a8a79c9129e2cd8,-95,,3,64,,3
19:29:42,26.0,3,e611a961bd957c4d2399d7ca749669719cf6f331faed9fee7a8a79c9129e2cd8,-96,,3,64,,3
19:29:51,,3,a7102f4cf730b339a5b700797eb75aceb0113a2b59977bc23dda76f5963928be,-52,,3,64,,3
19:29:53,,3,a7102f4cf730b339a5b700797eb75aceb0113a2b59977bc23dda76f5963928be,-55,,3,64,,3
19:29:55,,3,a7102f4cf730b339a5b700797eb75aceb0113a2b59977bc23dda76f5963928be,-53,,3,64,,3
19:29:57,,3,a7102f4cf730b339a5b700797eb75aceb0113a2b59977bc23dda76f5963928be,-52,,3,64,,3
19:29:59,,3,a7102f4cf730b339a5b700797eb75aceb0113a2b59977bc23dda76f5963928be,-55,,3,64,,3
19:30:01,,3,41ccc4bb59d94428d238e229db0603326b7d86b430b8fd0bfc6c5f7d5cb55d05,-53,,3,64,,3
19:30:03,,3,41ccc4bb59d94428d238e229db0603326b7d86b430b8fd0bfc6c5f7d5cb55d05,-52,,3,64,,3
19:30:05,,3,41ccc4bb59d94428d238e229db0603326b7d86b430b8fd0bfc6c5f7d5cb55d05,-54,,3,64,,3
19:30:29,,3,41ccc4bb59d94428d238e229db0603326b7d86b430b8fd0bfc6c5f7d5cb55d05,-53,,3,64,,3
19:30:31,,3,41ccc4bb59d94428d238e229db0603326b7d86b430b8fd0bfc6c5f7d5cb55d05,-52,,3,64,,3
19:30:33,,3,41ccc4bb59d94428d238e229db0603326b7d86b430b8fd0bfc6c5f7d5cb55d05,-54,,3,64,,3
19:30:35,,3,41ccc4bb59d94428d238e229db0603326b7d86b430b8fd0bfc6c5f7d5cb55d05,-53,,3,64,,3
19:30:37,,3,41ccc4bb59d94428d238e229db0603326b7d86b430b8fd0bfc6c5f7d5cb55d05,-52,,3,64,,3
19:30:39,,3,41ccc4bb59d94428d238e229db0603326b7d86b430b8fd0bfc6c5f7d5cb55d05,-54,,3,64,,3
19:30:41,,3,41ccc4bb59d94428d238e229db0603326b7d86b430b8fd0bfc6c5f7d5cb55d05,-53,,3,64,,3
19:30:43,,3,41ccc4bb59d94428d238e229db0603326b7d86b430b8fd0bfc6c5f7d5cb55d05,-52,,3,64,,3
19:30:45,,3,41ccc4bb59d94428d238e229db0603326b7d86b430b8fd0bfc6c5f7d5cb55d05,-54,,3,64,,3
19:30:47,,3,41ccc4bb59d94428d238e229db0603326b7d86b430b8fd0bfc6c5f7d5cb55d05,-53,,3,64,,3
19:30:49,,3,41ccc4bb59d94428d238e229db0603326b7d86b430b8fd0bfc6c5f7d5cb55d05,-52,,3,64,,3
19:30:50,26.0,3,e611a961bd957c4d2399d7ca749669719cf6f331faed9fee7a8a79c9129e2cd8,-98,,3,64,,3
19:30:51,,3,41ccc4bb59d94428d238e229db0603326b7d86b430b8fd0bfc6c5f7d5cb55d05,-54,,3,64,,3
19:30:53,,3,41ccc4bb59d94428d238e229db0603326b7d86b430b8fd0bfc6c5f7d5cb55d05,-53,,3,64,,3
19:30:55,,3,41ccc4bb59d94428d238e229db0603326b7d86b430b8fd0bfc6c5f7d5cb55d05,-52,,3,64,,3
19:30:57,,3,41ccc4bb59d94428d238e229db0603326b7d86b430b8fd0bfc6c5f7d5cb55d05,-55,,3,64,,3
19:30:59,,3,41ccc4bb59d94428d238e229db0603326b7d86b430b8fd0bfc6c5f7d5cb55d05,-53,,3,64,,3
19:31:01,,3,41ccc4bb59d94428d238e229db0603326b7d86b430b8fd0bfc6c5f7d5cb55d05,-52,,3,64,,3
19:31:25,,3,41ccc4bb59d94428d238e229db0603326b7d86b430b8fd0bfc6c5f7d5cb55d05,-54,,3,64,,3
19:31:27,,3,41ccc4bb59d94428d238e229db0603326b7d86b430b8fd0bfc6c5f7d5cb55d05,-53,,3,64,,3
19:31:29,,3,41ccc4bb59d94428d238e229db0603326b7d86b430b8fd0bfc6c5f7d5cb55d05,-52,,3,64,,3
19:31:31,,3,41ccc4bb59d94428d238e229db0603326b7d86b430b8fd0bfc6c5f7d5cb55d05,-54,,3,64,,3
19:31:33,,3,41ccc4bb59d94428d238e229db0603326b7d86b430b8fd0bfc6c5f7d5cb55d05,-53,,3,64,,3
19:31:35,,3,41ccc4bb59d94428d238e229db0603326b7d86b430b8fd0bfc6c5f7d5cb55d05,-52,,3,64,,3
19:31:37,,3,41ccc4bb59d94428d238e229db0603326b7d86b430b8fd0bfc6c5f7d5cb55d05,-53,,3,64,,3
19:31:39,,3,41ccc4bb59d94428d238e229db0603326b7d86b430b8fd0bfc6c5f7d5cb55d05,-53,,3,64,,3
19:31:41,,3,41ccc4bb59d94428d238e229db0603326b7d86b430b8fd0bfc6c5f7d5cb55d05,-52,,3,64,,3
19:31:43,,3,41ccc4bb59d94428d238e229db0603326b7d86b430b8fd0bfc6c5f7d5cb55d05,-54,,3,64,,3
19:31:45,,3,41ccc4bb59d94428d238e229db0603326b7d86b430b8fd0bfc6c5f7d5cb55d05,-53,,3,64,,3
19:31:47,,3,41ccc4bb59d94428d238e229db0603326b7d86b430b8fd0bfc6c5f7d5cb55d05,-51,,3,64,,3
19:31:49,,3,41ccc4bb59d94428d238e229db0603326b7d86b430b8fd0bfc6c5f7d5cb55d05,-54,,3,64,,3
19:32:17,,3,41ccc4bb59d94428d238e229db0603326b7d86b430b8fd0bfc6c5f7d5cb55d05,-54,,3,64,,3
19:32:19,,3,41ccc4bb59d94428d238e229db0603326b7d86b430b8fd0bfc6c5f7d5cb55d05,-53,,3,64,,3
19:32:21,,3,41ccc4bb59d94428d238e229db0603326b7d86b430b8fd0bfc6c5f7d5cb55d05,-52,,3,64,,3
19:32:23,,3,41ccc4bb59d94428d238e229db0603326b7d86b430b8fd0bfc6c5f7d5cb55d05,-55,,3,64,,3
19:32:25,,3,41ccc4bb59d94428d238e229db0603326b7d86b430b8fd0bfc6c5f7d5cb55d05,-52,,3,64,,3
19:32:27,26.0,3,e611a961bd957c4d2399d7ca749669719cf6f331faed9fee7a8a79c9129e2cd8,-100,,3,64,,3
19:32:27,,3,41ccc4bb59d94428d238e229db0603326b7d86b430b8fd0bfc6c5f7d5cb55d05,-52,,3,64,,3
19:32:29,,3,41ccc4bb59d94428d238e229db0603326b7d86b430b8fd0bfc6c5f7d5cb55d05,-54,,3,64,,3
19:32:31,,3,41ccc4bb59d94428d238e229db0603326b7d86b430b8fd0bfc6c5f7d5cb55d05,-53,,3,64,,3
19:32:33,,3,41ccc4bb59d94428d238e229db0603326b7d86b430b8fd0bfc6c5f7d5cb55d05,-52,,3,64,,3
19:32:35,,3,41ccc4bb59d94428d238e229db0603326b7d86b430b8fd0bfc6c5f7d5cb55d05,-54,,3,64,,3
19:32:37,,3,41ccc4bb59d94428d238e229db0603326b7d86b430b8fd0bfc6c5f7d5cb55d05,-53,,3,64,,3
19:32:39,,3,41ccc4bb59d94428d238e229db0603326b7d86b430b8fd0bfc6c5f7d5cb55d05,-51,,3,64,,3
19:32:41,,3,41ccc4bb59d94428d238e229db0603326b7d86b430b8fd0bfc6c5f7d5cb55d05,-55,,3,64,,3
19:32:43,,3,41ccc4bb59d94428d238e229db0603326b7d86b430b8fd0bfc6c5f7d5cb55d05,-53,,3,64,,3
19:32:57,,3,41ccc4bb59d94428d238e229db0603326b7d86b430b8fd0bfc6c5f7d5cb55d05,-55,,3,64,,3
19:32:59,,3,41ccc4bb59d94428d238e229db0603326b7d86b430b8fd0bfc6c5f7d5cb55d05,-53,,3,64,,3
19:33:01,,3,41ccc4bb59d94428d238e229db0603326b7d86b430b8fd0bfc6c5f7d5cb55d05,-52,,3,64,,3
19:33:03,,3,41ccc4bb59d94428d238e229db0603326b7d86b430b8fd0bfc6c5f7d5cb55d05,-55,,3,64,,3
19:33:05,,3,41ccc4bb59d94428d238e229db0603326b7d86b430b8fd0bfc6c5f7d5cb55d05,-53,,3,64,,3
19:33:07,,3,41ccc4bb59d94428d238e229db0603326b7d86b430b8fd0bfc6c5f7d5cb55d05,-52,,3,64,,3
19:33:09,,3,41ccc4bb59d94428d238e229db0603326b7d86b430b8fd0bfc6c5f7d5cb55d05,-54,,3,64,,3
19:33:11,,3,41ccc4bb59d94428d238e229db0603326b7d86b430b8fd0bfc6c5f7d5cb55d05,-53,,3,64,,3
19:33:13,,3,41ccc4bb59d94428d238e229db0603326b7d86b430b8fd0bfc6c5f7d5cb55d05,-52,,3,64,,3
19:33:15,,3,41ccc4bb59d94428d238e229db0603326b7d86b430b8fd0bfc6c5f7d5cb55d05,-54,,3,64,,3
19:33:49,,3,41ccc4bb59d94428d238e229db0603326b7d86b430b8fd0bfc6c5f7d5cb55d05,-55,,3,64,,3
19:33:51,,3,41ccc4bb59d94428d238e229db0603326b7d86b430b8fd0bfc6c5f7d5cb55d05,-53,,3,64,,3
19:33:55,,3,41ccc4bb59d94428d238e229db0603326b7d86b430b8fd0bfc6c5f7d5cb55d05,-56,,3,64,,3
19:33:57,,3,41ccc4bb59d94428d238e229db0603326b7d86b430b8fd0bfc6c5f7d5cb55d05,-53,,3,64,,3
19:33:59,,3,41ccc4bb59d94428d238e229db0603326b7d86b430b8fd0bfc6c5f7d5cb55d05,-52,,3,64,,3
19:34:01,,3,41ccc4bb59d94428d238e229db0603326b7d86b430b8fd0bfc6c5f7d5cb55d05,-55,,3,64,,3
19:34:03,26.0,3,9b1d8a7aff4d55445e8c6bccb1eca7d0cc39b2648f62d5c530a2fb37ce69d9bc,-53,,3,64,12.0,3
19:34:04,26.0,3,9b1d8a7aff4d55445e8c6bccb1eca7d0cc39b2648f62d5c530a2fb37ce69d9bc,-56,,3,64,12.0,3
19:34:04,26.0,3,9b1d8a7aff4d55445e8c6bccb1eca7d0cc39b2648f62d5c530a2fb37ce69d9bc,-52,,3,64,12.0,3
19:34:05,26.0,3,9b1d8a7aff4d55445e8c6bccb1eca7d0cc39b2648f62d5c530a2fb37ce69d9bc,-52,,3,64,12.0,3
19:34:06,26.0,3,9b1d8a7aff4d55445e8c6bccb1eca7d0cc39b2648f62d5c530a2fb37ce69d9bc,-56,,3,64,12.0,3
19:34:07,26.0,3,9b1d8a7aff4d55445e8c6bccb1eca7d0cc39b2648f62d5c530a2fb37ce69d9bc,-52,,3,64,12.0,3
19:34:08,26.0,3,9b1d8a7aff4d55445e8c6bccb1eca7d0cc39b2648f62d5c530a2fb37ce69d9bc,-52,,3,64,12.0,3
19:34:08,26.0,3,9b1d8a7aff4d55445e8c6bccb1eca7d0cc39b2648f62d5c530a2fb37ce69d9bc,-55,,3,64,12.0,3
19:34:09,26.0,3,9b1d8a7aff4d55445e8c6bccb1eca7d0cc39b2648f62d5c530a2fb37ce69d9bc,-52,,3,64,12.0,3
19:34:10,26.0,3,9b1d8a7aff4d55445e8c6bccb1eca7d0cc39b2648f62d5c530a2fb37ce69d9bc,-53,,3,64,12.0,3
19:34:11,26.0,3,9b1d8a7aff4d55445e8c6bccb1eca7d0cc39b2648f62d5c530a2fb37ce69d9bc,-56,,3,64,12.0,3
19:34:12,26.0,3,9b1d8a7aff4d55445e8c6bccb1eca7d0cc39b2648f62d5c530a2fb37ce69d9bc,-51,,3,64,12.0,3
19:34:13,26.0,3,9b1d8a7aff4d55445e8c6bccb1eca7d0cc39b2648f62d5c530a2fb37ce69d9bc,-52,,3,64,12.0,3
19:34:13,26.0,3,9b1d8a7aff4d55445e8c6bccb1eca7d0cc39b2648f62d5c530a2fb37ce69d9bc,-55,,3,64,12.0,3
19:34:14,26.0,3,9b1d8a7aff4d55445e8c6bccb1eca7d0cc39b2648f62d5c530a2fb37ce69d9bc,-52,,3,64,12.0,3
19:34:15,26.0,3,9b1d8a7aff4d55445e8c6bccb1eca7d0cc39b2648f62d5c530a2fb37ce69d9bc,-53,,3,64,12.0,3
19:34:16,26.0,3,9b1d8a7aff4d55445e8c6bccb1eca7d0cc39b2648f62d5c530a2fb37ce69d9bc,-56,,3,64,12.0,3
19:34:17,26.0,3,9b1d8a7aff4d55445e8c6bccb1eca7d0cc39b2648f62d5c530a2fb37ce69d9bc,-52,,3,64,12.0,3
19:34:17,26.0,3,9b1d8a7aff4d55445e8c6bccb1eca7d0cc39b2648f62d5c530a2fb37ce69d9bc,-52,,3,64,12.0,3
19:34:18,26.0,3,9b1d8a7aff4d55445e8c6bccb1eca7d0cc39b2648f62d5c530a2fb37ce69d9bc,-52,,3,64,12.0,3
19:34:19,,3,41ccc4bb59d94428d238e229db0603326b7d86b430b8fd0bfc6c5f7d5cb55d05,-53,,3,64,,3
19:34:20,26.0,3,9b1d8a7aff4d55445e8c6bccb1eca7d0cc39b2648f62d5c530a2fb37ce69d9bc,-52,,3,64,12.0,3
19:34:21,26.0,3,9b1d8a7aff4d55445e8c6bccb1eca7d0cc39b2648f62d5c530a2fb37ce69d9bc,-56,,3,64,12.0,3
19:34:21,26.0,3,9b1d8a7aff4d55445e8c6bccb1eca7d0cc39b2648f62d5c530a2fb37ce69d9bc,-51,,3,64,12.0,3
19:34:22,26.0,3,9b1d8a7aff4d55445e8c6bccb1eca7d0cc39b2648f62d5c530a2fb37ce69d9bc,-53,,3,64,12.0,3
19:34:23,26.0,3,9b1d8a7aff4d55445e8c6bccb1eca7d0cc39b2648f62d5c530a2fb37ce69d9bc,-51,,3,64,12.0,3
19:34:24,26.0,3,9b1d8a7aff4d55445e8c6bccb1eca7d0cc39b2648f62d5c530a2fb37ce69d9bc,-52,,3,64,12.0,3
19:34:25,26.0,3,9b1d8a7aff4d55445e8c6bccb1eca7d0cc39b2648f62d5c530a2fb37ce69d9bc,-56,,3,64,12.0,3
19:34:25,26.0,3,9b1d8a7aff4d55445e8c6bccb1eca7d0cc39b2648f62d5c530a2fb37ce69d9bc,-52,,3,64,12.0,3
19:34:26,26.0,3,9b1d8a7aff4d55445e8c6bccb1eca7d0cc39b2648f62d5c530a2fb37ce69d9bc,-53,,3,64,12.0,3
19:34:27,26.0,3,9b1d8a7aff4d55445e8c6bccb1eca7d0cc39b2648f62d5c530a2fb37ce69d9bc,-56,,3,64,12.0,3
19:34:28,26.0,3,9b1d8a7aff4d55445e8c6bccb1eca7d0cc39b2648f62d5c530a2fb37ce69d9bc,-52,,3,64,12.0,3
19:34:40,,3,41ccc4bb59d94428d238e229db0603326b7d86b430b8fd0bfc6c5f7d5cb55d05,-52,,3,64,,3
19:34:42,,3,41ccc4bb59d94428d238e229db0603326b7d86b430b8fd0bfc6c5f7d5cb55d05,-55,,3,64,,3
19:34:44,,3,41ccc4bb59d94428d238e229db0603326b7d86b430b8fd0bfc6c5f7d5cb55d05,-53,,3,64,,3
19:34:46,,3,41ccc4bb59d94428d238e229db0603326b7d86b430b8fd0bfc6c5f7d5cb55d05,-52,,3,64,,3
19:34:48,,3,41ccc4bb59d94428d238e229db0603326b7d86b430b8fd0bfc6c5f7d5cb55d05,-55,,3,64,,3
19:34:50,,3,41ccc4bb59d94428d238e229db0603326b7d86b430b8fd0bfc6c5f7d5cb55d05,-53,,3,64,,3
19:34:52,,3,41ccc4bb59d94428d238e229db0603326b7d86b430b8fd0bfc6c5f7d5cb55d05,-52,,3,64,,3
19:34:54,,3,41ccc4bb59d94428d238e229db0603326b7d86b430b8fd0bfc6c5f7d5cb55d05,-55,,3,64,,3
19:34:56,,3,41ccc4bb59d94428d238e229db0603326b7d86b430b8fd0bfc6c5f7d5cb55d05,-53,,3,64,,3
19:34:58,,3,41ccc4bb59d94428d238e229db0603326b7d86b430b8fd0bfc6c5f7d5cb55d05,-51,,3,64,,3
19:35:00,,3,41ccc4bb59d94428d238e229db0603326b7d86b430b8fd0bfc6c5f7d5cb55d05,-54,,3,64,,3
19:35:02,,3,41ccc4bb59d94428d238e229db0603326b7d86b430b8fd0bfc6c5f7d5cb55d05,-53,,3,64,,3
19:35:04,,3,41ccc4bb59d94428d238e229db0603326b7d86b430b8fd0bfc6c5f7d5cb55d05,-52,,3,64,,3
19:35:06,,3,41ccc4bb59d94428d238e229db0603326b7d86b430b8fd0bfc6c5f7d5cb55d05,-55,,3,64,,3
19:35:08,,3,41ccc4bb59d94428d238e229db0603326b7d86b430b8fd0bfc6c5f7d5cb55d05,-53,,3,64,,3
19:35:10,,3,41ccc4bb59d94428d238e229db0603326b7d86b430b8fd0bfc6c5f7d5cb55d05,-52,,3,64,,3
19:35:12,,3,41ccc4bb59d94428d238e229db0603326b7d86b430b8fd0bfc6c5f7d5cb55d05,-56,,3,64,,3
19:35:14,26.0,3,9b1d8a7aff4d55445e8c6bccb1eca7d0cc39b2648f62d5c530a2fb37ce69d9bc,-52,,3,64,12.0,3
19:35:15,26.0,3,9b1d8a7aff4d55445e8c6bccb1eca7d0cc39b2648f62d5c530a2fb37ce69d9bc,-53,,3,64,12.0,3
19:35:16,26.0,3,9b1d8a7aff4d55445e8c6bccb1eca7d0cc39b2648f62d5c530a2fb37ce69d9bc,-53,,3,64,12.0,3
