Time,adv_flag,def_tx_pwr,mac,rssi,name,scan_tx_pwr,conn_tx_pwr,tx_range,adv_tx_pwr
08:57:38,26.0,3,edd6d984b7546c254e81a902e971869b17b0b1b58a1a814239525bf01fd099c8,-89,,3,64,,3
08:57:39,26.0,3,5a8eb376db23fbc4a042b92d6dd68ab44b35d32442ef158473f4ec75684232fe,-81,,3,64,0.0,3
08:57:40,26.0,3,4ca9613de8601e7c76d8d2fabedc3e4dd72827dfd5a7a1ed85757c6ac8415257,-90,,3,64,,3
08:57:41,26.0,3,5a8eb376db23fbc4a042b92d6dd68ab44b35d32442ef158473f4ec75684232fe,-79,,3,64,0.0,3
08:57:41,26.0,3,55d2f536175c16b43a3aae27b84be3afddcd2007727d37a880cf11b9566c57a3,-91,,3,64,,3
08:57:42,,3,c14e2e110389bbba86b7ec0195c3b8ae42cf2d22918690f35f3195977c1c64fd,-81,,3,64,,3
08:57:43,26.0,3,b19514c4635b160b24742947b15e6f69e7a754d24e3c565ca211343bfcc6fa00,-83,,3,64,8.0,3
08:57:44,26.0,3,5a8eb376db23fbc4a042b92d6dd68ab44b35d32442ef158473f4ec75684232fe,-87,,3,64,0.0,3
08:57:45,,3,b12a3846d946005dfd643d368199166a18e0f05522719cd130dd7255f72579b6,-85,,3,64,,3
08:57:45,26.0,3,792a12b10d7cfb67696d9b540245bbe3e12bff09e7fe5a15047a2f17688e6111,-79,,3,64,12.0,3
08:57:46,26.0,3,5a8eb376db23fbc4a042b92d6dd68ab44b35d32442ef158473f4ec75684232fe,-80,,3,64,0.0,3
08:57:47,26.0,3,5a8eb376db23fbc4a042b92d6dd68ab44b35d32442ef158473f4ec75684232fe,-79,,3,64,0.0,3
08:57:48,26.0,3,32592a15a39b13e5af801f3e5d8742efb7932b95906bc039769159b792035503,-48,,3,64,12.0,3
08:57:49,,3,c14e2e110389bbba86b7ec0195c3b8ae42cf2d22918690f35f3195977c1c64fd,-78,,3,64,,3
08:57:49,26.0,3,66d72fcfa3b715eba98009baa4f626672d151b1cf0a7cc38e23c40206be48a86,-87,,3,64,,3
08:57:50,26.0,3,c01f01762d479cd73300fc399944b97714c84ca4c74e230ce9c1c0c48e3035b0,-87,,3,64,,3
08:57:51,,3,7e511f2f3097ee41072ee02b6a33158208c8a47efb8c9f4ffccfb4573aac511d,-81,,3,64,,3
08:57:52,,3,c14e2e110389bbba86b7ec0195c3b8ae42cf2d22918690f35f3195977c1c64fd,-82,,3,64,,3
08:57:53,26.0,3,5a8eb376db23fbc4a042b92d6dd68ab44b35d32442ef158473f4ec75684232fe,-81,,3,64,0.0,3
08:57:54,26.0,3,5a8eb376db23fbc4a042b92d6dd68ab44b35d32442ef158473f4ec75684232fe,-84,,3,64,0.0,3
08:57:54,,3,b12a3846d946005dfd643d368199166a18e0f05522719cd130dd7255f72579b6,-83,,3,64,,3
08:57:55,26.0,3,edd6d984b7546c254e81a902e971869b17b0b1b58a1a814239525bf01fd099c8,-78,,3,64,,3
08:57:56,,3,c14e2e110389bbba86b7ec0195c3b8ae42cf2d22918690f35f3195977c1c64fd,-78,,3,64,,3
08:57:57,26.0,3,5a8eb376db23fbc4a042b92d6dd68ab44b35d32442ef158473f4ec75684232fe,-87,,3,64,0.0,3
08:57:58,26.0,3,5a8eb376db23fbc4a042b92d6dd68ab44b35d32442ef158473f4ec75684232fe,-84,,3,64,0.0,3
08:57:58,,3,66af0ad5b31332e6505451f5a125b3f1709ad43d8c3b3ac253700208961fa925,-96,,3,64,,3
08:57:59,26.0,3,5a8eb376db23fbc4a042b92d6dd68ab44b35d32442ef158473f4ec75684232fe,-79,,3,64,0.0,3
08:58:00,26.0,3,edd6d984b7546c254e81a902e971869b17b0b1b58a1a814239525bf01fd099c8,-87,,3,64,,3
08:58:01,26.0,3,5a8eb376db23fbc4a042b92d6dd68ab44b35d32442ef158473f4ec75684232fe,-81,,3,64,0.0,3
08:58:02,26.0,3,5a8eb376db23fbc4a042b92d6dd68ab44b35d32442ef158473f4ec75684232fe,-87,,3,64,0.0,3
08:58:02,26.0,3,5a8eb376db23fbc4a042b92d6dd68ab44b35d32442ef158473f4ec75684232fe,-84,,3,64,0.0,3
08:58:03,,3,c14e2e110389bbba86b7ec0195c3b8ae42cf2d22918690f35f3195977c1c64fd,-84,,3,64,,3
08:58:04,26.0,3,5246db2df7133e4846266063a219b184778feb4dd6299e6a26b96f7583a6287f,-85,,3,64,,3
08:58:05,26.0,3,55d2f536175c16b43a3aae27b84be3afddcd2007727d37a880cf11b9566c57a3,-87,,3,64,,3
08:58:06,,3,c14e2e110389bbba86b7ec0195c3b8ae42cf2d22918690f35f3195977c1c64fd,-72,,3,64,,3
08:58:06,26.0,3,5a8eb376db23fbc4a042b92d6dd68ab44b35d32442ef158473f4ec75684232fe,-78,,3,64,0.0,3
08:58:07,26.0,3,5a8eb376db23fbc4a042b92d6dd68ab44b35d32442ef158473f4ec75684232fe,-82,,3,64,0.0,3
08:58:08,26.0,3,5a8eb376db23fbc4a042b92d6dd68ab44b35d32442ef158473f4ec75684232fe,-89,,3,64,0.0,3
08:58:09,26.0,3,32592a15a39b13e5af801f3e5d8742efb7932b95906bc039769159b792035503,-65,,3,64,12.0,3
08:58:10,26.0,3,5a8eb376db23fbc4a042b92d6dd68ab44b35d32442ef158473f4ec75684232fe,-92,,3,64,0.0,3
08:58:10,26.0,3,c01f01762d479cd73300fc399944b97714c84ca4c74e230ce9c1c0c48e3035b0,-90,,3,64,,3
08:58:11,,3,ea3d4f1f243ff4e199b8f257a81a1d396707e38f44e219fb71e8cde705f7b338,-91,,3,64,,3
08:58:12,26.0,3,5a8eb376db23fbc4a042b92d6dd68ab44b35d32442ef158473f4ec75684232fe,-84,,3,64,0.0,3
08:58:13,26.0,3,5a8eb376db23fbc4a042b92d6dd68ab44b35d32442ef158473f4ec75684232fe,-90,,3,64,0.0,3
08:58:14,26.0,3,5a8eb376db23fbc4a042b92d6dd68ab44b35d32442ef158473f4ec75684232fe,-90,,3,64,0.0,3
08:58:15,26.0,3,b19514c4635b160b24742947b15e6f69e7a754d24e3c565ca211343bfcc6fa00,-86,,3,64,8.0,3
08:58:15,26.0,3,5a8eb376db23fbc4a042b92d6dd68ab44b35d32442ef158473f4ec75684232fe,-90,,3,64,0.0,3
08:58:16,26.0,3,5a8eb376db23fbc4a042b92d6dd68ab44b35d32442ef158473f4ec75684232fe,-88,,3,64,0.0,3
08:58:17,,3,06ca6e61e5eb580370701c7d3205e4e43e2b3dcc2a5271d95a8412ea4aa2aec0,-72,,3,64,,3
08:58:18,26.0,3,5b80a460565a84267c80d2eb7f3deb0ebe7f1635eedb7af9d4f1058cdfc23971,-90,,3,64,5.0,3
08:58:19,26.0,3,5a8eb376db23fbc4a042b92d6dd68ab44b35d32442ef158473f4ec75684232fe,-84,,3,64,0.0,3
08:58:19,26.0,3,5a8eb376db23fbc4a042b92d6dd68ab44b35d32442ef158473f4ec75684232fe,-92,,3,64,0.0,3
08:58:20,26.0,3,de981e0b1b8ca7446936173f8afa667898d87e144b4494ba2480deb09fdd02dd,-89,,3,64,,3
08:58:21,26.0,3,edd6d984b7546c254e81a902e971869b17b0b1b58a1a814239525bf01fd099c8,-89,,3,64,,3
08:58:22,,3,ea3d4f1f243ff4e199b8f257a81a1d396707e38f44e219fb71e8cde705f7b338,-92,,3,64,,3
08:58:23,26.0,3,5a8eb376db23fbc4a042b92d6dd68ab44b35d32442ef158473f4ec75684232fe,-85,,3,64,0.0,3
08:58:23,26.0,3,5a8eb376db23fbc4a042b92d6dd68ab44b35d32442ef158473f4ec75684232fe,-86,,3,64,0.0,3
08:58:24,26.0,3,5a8eb376db23fbc4a042b92d6dd68ab44b35d32442ef158473f4ec75684232fe,-88,,3,64,0.0,3
08:58:25,26.0,3,5a8eb376db23fbc4a042b92d6dd68ab44b35d32442ef158473f4ec75684232fe,-86,,3,64,0.0,3
08:58:26,26.0,3,c01f01762d479cd73300fc399944b97714c84ca4c74e230ce9c1c0c48e3035b0,-89,,3,64,,3
08:58:27,26.0,3,5a8eb376db23fbc4a042b92d6dd68ab44b35d32442ef158473f4ec75684232fe,-85,,3,64,0.0,3
08:58:28,26.0,3,5a8eb376db23fbc4a042b92d6dd68ab44b35d32442ef158473f4ec75684232fe,-80,,3,64,0.0,3
08:58:28,26.0,3,5a8eb376db23fbc4a042b92d6dd68ab44b35d32442ef158473f4ec75684232fe,-87,,3,64,0.0,3
08:58:29,26.0,3,5a8eb376db23fbc4a042b92d6dd68ab44b35d32442ef158473f4ec75684232fe,-82,,3,64,0.0,3
08:58:30,26.0,3,5b80a460565a84267c80d2eb7f3deb0ebe7f1635eedb7af9d4f1058cdfc23971,-89,,3,64,5.0,3
08:58:31,26.0,3,66d72fcfa3b715eba98009baa4f626672d151b1cf0a7cc38e23c40206be48a86,-84,,3,64,,3
08:58:32,26.0,3,5b80a460565a84267c80d2eb7f3deb0ebe7f1635eedb7af9d4f1058cdfc23971,-88,,3,64,5.0,3
08:58:32,26.0,3,66d72fcfa3b715eba98009baa4f626672d151b1cf0a7cc38e23c40206be48a86,-81,,3,64,,3
08:58:33,26.0,3,5a8eb376db23fbc4a042b92d6dd68ab44b35d32442ef158473f4ec75684232fe,-85,,3,64,0.0,3
08:58:34,26.0,3,5a8eb376db23fbc4a042b92d6dd68ab44b35d32442ef158473f4ec75684232fe,-85,,3,64,0.0,3
08:58:35,26.0,3,5a8eb376db23fbc4a042b92d6dd68ab44b35d32442ef158473f4ec75684232fe,-83,,3,64,0.0,3
08:58:36,26.0,3,792a12b10d7cfb67696d9b540245bbe3e12bff09e7fe5a15047a2f17688e6111,-91,,3,64,12.0,3
08:58:36,26.0,3,5a8eb376db23fbc4a042b92d6dd68ab44b35d32442ef158473f4ec75684232fe,-84,,3,64,0.0,3
08:58:37,26.0,3,5a8eb376db23fbc4a042b92d6dd68ab44b35d32442ef158473f4ec75684232fe,-84,,3,64,0.0,3
08:58:38,26.0,3,5a8eb376db23fbc4a042b92d6dd68ab44b35d32442ef158473f4ec75684232fe,-85,,3,64,0.0,3
08:58:39,26.0,3,5a8eb376db23fbc4a042b92d6dd68ab44b35d32442ef158473f4ec75684232fe,-81,,3,64,0.0,3
08:58:40,26.0,3,ea032d6e5e2608f34d59648ff480a25d4bdc8d25ce4db78f8707a44b207489a2,-91,,3,64,7.0,3
08:58:40,26.0,3,5a8eb376db23fbc4a042b92d6dd68ab44b35d32442ef158473f4ec75684232fe,-82,,3,64,0.0,3
08:58:41,26.0,3,5a8eb376db23fbc4a042b92d6dd68ab44b35d32442ef158473f4ec75684232fe,-82,,3,64,0.0,3
08:58:42,26.0,3,de981e0b1b8ca7446936173f8afa667898d87e144b4494ba2480deb09fdd02dd,-88,,3,64,,3
08:58:43,26.0,3,c01f01762d479cd73300fc399944b97714c84ca4c74e230ce9c1c0c48e3035b0,-84,,3,64,,3
08:58:44,26.0,3,5a8eb376db23fbc4a042b92d6dd68ab44b35d32442ef158473f4ec75684232fe,-84,,3,64,0.0,3
08:58:44,26.0,3,5a8eb376db23fbc4a042b92d6dd68ab44b35d32442ef158473f4ec75684232fe,-82,,3,64,0.0,3
08:58:45,,3,2ebf84d4d99253e2361d27a8f3f59a3bfa6f079d7aba66ffad027c580e084f82,-85,,3,64,,3
08:58:46,,3,2ebf84d4d99253e2361d27a8f3f59a3bfa6f079d7aba66ffad027c580e084f82,-90,,3,64,,3
08:58:47,26.0,3,5a8eb376db23fbc4a042b92d6dd68ab44b35d32442ef158473f4ec75684232fe,-82,,3,64,0.0,3
08:58:48,26.0,3,5a8eb376db23fbc4a042b92d6dd68ab44b35d32442ef158473f4ec75684232fe,-86,,3,64,0.0,3
08:58:49,26.0,3,4ca9613de8601e7c76d8d2fabedc3e4dd72827dfd5a7a1ed85757c6ac8415257,-86,,3,64,,3
08:58:49,26.0,3,5a8eb376db23fbc4a042b92d6dd68ab44b35d32442ef158473f4ec75684232fe,-86,,3,64,0.0,3
08:58:50,26.0,3,5a8eb376db23fbc4a042b92d6dd68ab44b35d32442ef158473f4ec75684232fe,-84,,3,64,0.0,3
08:58:51,26.0,3,792a12b10d7cfb67696d9b540245bbe3e12bff09e7fe5a15047a2f17688e6111,-84,,3,64,12.0,3
08:58:52,26.0,3,5a8eb376db23fbc4a042b92d6dd68ab44b35d32442ef158473f4ec75684232fe,-83,,3,64,0.0,3
08:58:53,,3,2ebf84d4d99253e2361d27a8f3f59a3bfa6f079d7aba66ffad027c580e084f82,-80,,3,64,,3
08:58:53,26.0,3,5a8eb376db23fbc4a042b92d6dd68ab44b35d32442ef158473f4ec75684232fe,-81,,3,64,0.0,3
08:58:54,26.0,3,66d72fcfa3b715eba98009baa4f626672d151b1cf0a7cc38e23c40206be48a86,-87,,3,64,,3
08:58:55,26.0,3,4ca9613de8601e7c76d8d2fabedc3e4dd72827dfd5a7a1ed85757c6ac8415257,-93,,3,64,,3
08:58:56,26.0,3,5a8eb376db23fbc4a042b92d6dd68ab44b35d32442ef158473f4ec75684232fe,-87,,3,64,0.0,3
08:58:57,26.0,3,5a8eb376db23fbc4a042b92d6dd68ab44b35d32442ef158473f4ec75684232fe,-84,,3,64,0.0,3
08:58:57,26.0,3,5a8eb376db23fbc4a042b92d6dd68ab44b35d32442ef158473f4ec75684232fe,-83,,3,64,0.0,3
08:58:58,26.0,3,5a8eb376db23fbc4a042b92d6dd68ab44b35d32442ef158473f4ec75684232fe,-82,,3,64,0.0,3
08:58:59,26.0,3,5a8eb376db23fbc4a042b92d6dd68ab44b35d32442ef158473f4ec75684232fe,-83,,3,64,0.0,3
08:59:00,26.0,3,ea032d6e5e2608f34d59648ff480a25d4bdc8d25ce4db78f8707a44b207489a2,-93,,3,64,7.0,3
08:59:01,26.0,3,5a8eb376db23fbc4a042b92d6dd68ab44b35d32442ef158473f4ec75684232fe,-84,,3,64,0.0,3
08:59:01,26.0,3,5a8eb376db23fbc4a042b92d6dd68ab44b35d32442ef158473f4ec75684232fe,-84,,3,64,0.0,3
08:59:02,26.0,3,5a8eb376db23fbc4a042b92d6dd68ab44b35d32442ef158473f4ec75684232fe,-85,,3,64,0.0,3
08:59:03,26.0,3,5a8eb376db23fbc4a042b92d6dd68ab44b35d32442ef158473f4ec75684232fe,-86,,3,64,0.0,3
08:59:04,26.0,3,5a8eb376db23fbc4a042b92d6dd68ab44b35d32442ef158473f4ec75684232fe,-85,,3,64,0.0,3
08:59:05,26.0,3,c01f01762d479cd73300fc399944b97714c84ca4c74e230ce9c1c0c48e3035b0,-86,,3,64,,3
08:59:05,26.0,3,5a8eb376db23fbc4a042b92d6dd68ab44b35d32442ef158473f4ec75684232fe,-83,,3,64,0.0,3
08:59:06,26.0,3,5a8eb376db23fbc4a042b92d6dd68ab44b35d32442ef158473f4ec75684232fe,-87,,3,64,0.0,3
08:59:07,26.0,3,5b80a460565a84267c80d2eb7f3deb0ebe7f1635eedb7af9d4f1058cdfc23971,-91,,3,64,5.0,3
08:59:08,26.0,3,5a8eb376db23fbc4a042b92d6dd68ab44b35d32442ef158473f4ec75684232fe,-81,,3,64,0.0,3
08:59:09,,3,2ebf84d4d99253e2361d27a8f3f59a3bfa6f079d7aba66ffad027c580e084f82,-78,,3,64,,3
08:59:10,26.0,3,c01f01762d479cd73300fc399944b97714c84ca4c74e230ce9c1c0c48e3035b0,-94,,3,64,,3
08:59:10,26.0,3,5a8eb376db23fbc4a042b92d6dd68ab44b35d32442ef158473f4ec75684232fe,-86,,3,64,0.0,3
08:59:11,26.0,3,66d72fcfa3b715eba98009baa4f626672d151b1cf0a7cc38e23c40206be48a86,-93,,3,64,,3
08:59:12,26.0,3,5a8eb376db23fbc4a042b92d6dd68ab44b35d32442ef158473f4ec75684232fe,-82,,3,64,0.0,3
08:59:13,26.0,3,5a8eb376db23fbc4a042b92d6dd68ab44b35d32442ef158473f4ec75684232fe,-83,,3,64,0.0,3
08:59:14,26.0,3,55d2f536175c16b43a3aae27b84be3afddcd2007727d37a880cf11b9566c57a3,-94,,3,64,12.0,3
08:59:14,,3,2ebf84d4d99253e2361d27a8f3f59a3bfa6f079d7aba66ffad027c580e084f82,-84,,3,64,,3
08:59:15,26.0,3,5a8eb376db23fbc4a042b92d6dd68ab44b35d32442ef158473f4ec75684232fe,-82,,3,64,0.0,3
08:59:16,26.0,3,5a8eb376db23fbc4a042b92d6dd68ab44b35d32442ef158473f4ec75684232fe,-83,,3,64,0.0,3
08:59:17,26.0,3,5a8eb376db23fbc4a042b92d6dd68ab44b35d32442ef158473f4ec75684232fe,-84,,3,64,0.0,3
08:59:18,26.0,3,5a8eb376db23fbc4a042b92d6dd68ab44b35d32442ef158473f4ec75684232fe,-84,,3,64,0.0,3
08:59:18,26.0,3,5a8eb376db23fbc4a042b92d6dd68ab44b35d32442ef158473f4ec75684232fe,-84,,3,64,0.0,3
08:59:19,26.0,3,5a8eb376db23fbc4a042b92d6dd68ab44b35d32442ef158473f4ec75684232fe,-85,,3,64,0.0,3
08:59:20,26.0,3,5a8eb376db23fbc4a042b92d6dd68ab44b35d32442ef158473f4ec75684232fe,-87,,3,64,0.0,3
08:59:21,26.0,3,5a8eb376db23fbc4a042b92d6dd68ab44b35d32442ef158473f4ec75684232fe,-88,,3,64,0.0,3
08:59:22,,3,2ebf84d4d99253e2361d27a8f3f59a3bfa6f079d7aba66ffad027c580e084f82,-79,,3,64,,3
08:59:22,26.0,3,5a8eb376db23fbc4a042b92d6dd68ab44b35d32442ef158473f4ec75684232fe,-84,,3,64,0.0,3
08:59:23,26.0,3,5a8eb376db23fbc4a042b92d6dd68ab44b35d32442ef158473f4ec75684232fe,-86,,3,64,0.0,3
08:59:24,26.0,3,5a8eb376db23fbc4a042b92d6dd68ab44b35d32442ef158473f4ec75684232fe,-91,,3,64,0.0,3
08:59:25,,3,2ebf84d4d99253e2361d27a8f3f59a3bfa6f079d7aba66ffad027c580e084f82,-87,,3,64,,3
08:59:26,26.0,3,66d72fcfa3b715eba98009baa4f626672d151b1cf0a7cc38e23c40206be48a86,-88,,3,64,,3
08:59:26,,3,2ebf84d4d99253e2361d27a8f3f59a3bfa6f079d7aba66ffad027c580e084f82,-90,,3,64,,3
08:59:27,26.0,3,5a8eb376db23fbc4a042b92d6dd68ab44b35d32442ef158473f4ec75684232fe,-87,,3,64,0.0,3
08:59:28,26.0,3,5a8eb376db23fbc4a042b92d6dd68ab44b35d32442ef158473f4ec75684232fe,-88,,3,64,0.0,3
08:59:29,26.0,3,5a8eb376db23fbc4a042b92d6dd68ab44b35d32442ef158473f4ec75684232fe,-87,,3,64,0.0,3
08:59:30,26.0,3,5a8eb376db23fbc4a042b92d6dd68ab44b35d32442ef158473f4ec75684232fe,-87,,3,64,0.0,3
08:59:31,26.0,3,5a8eb376db23fbc4a042b92d6dd68ab44b35d32442ef158473f4ec75684232fe,-84,,3,64,0.0,3
08:59:31,26.0,3,5a8eb376db23fbc4a042b92d6dd68ab44b35d32442ef158473f4ec75684232fe,-86,,3,64,0.0,3
08:59:32,26.0,3,5a8eb376db23fbc4a042b92d6dd68ab44b35d32442ef158473f4ec75684232fe,-87,,3,64,0.0,3
08:59:33,26.0,3,66d72fcfa3b715eba98009baa4f626672d151b1cf0a7cc38e23c40206be48a86,-91,,3,64,,3
08:59:34,26.0,3,5a8eb376db23fbc4a042b92d6dd68ab44b35d32442ef158473f4ec75684232fe,-90,,3,64,0.0,3
08:59:35,26.0,3,5a8eb376db23fbc4a042b92d6dd68ab44b35d32442ef158473f4ec75684232fe,-88,,3,64,0.0,3
08:59:35,26.0,3,5a8eb376db23fbc4a042b92d6dd68ab44b35d32442ef158473f4ec75684232fe,-88,,3,64,0.0,3
08:59:36,26.0,3,5a8eb376db23fbc4a042b92d6dd68ab44b35d32442ef158473f4ec75684232fe,-88,,3,64,0.0,3
08:59:37,26.0,3,5a8eb376db23fbc4a042b92d6dd68ab44b35d32442ef158473f4ec75684232fe,-81,,3,64,0.0,3
08:59:38,26.0,3,5a8eb376db23fbc4a042b92d6dd68ab44b35d32442ef158473f4ec75684232fe,-83,,3,64,0.0,3
08:59:39,26.0,3,5a8eb376db23fbc4a042b92d6dd68ab44b35d32442ef158473f4ec75684232fe,-84,,3,64,0.0,3
08:59:39,26.0,3,5a8eb376db23fbc4a042b92d6dd68ab44b35d32442ef158473f4ec75684232fe,-83,,3,64,0.0,3
08:59:40,26.0,3,5a8eb376db23fbc4a042b92d6dd68ab44b35d32442ef158473f4ec75684232fe,-82,,3,64,0.0,3
08:59:41,26.0,3,edd6d984b7546c254e81a902e971869b17b0b1b58a1a814239525bf01fd099c8,-96,,3,64,,3
08:59:42,,3,2ebf84d4d99253e2361d27a8f3f59a3bfa6f079d7aba66ffad027c580e084f82,-82,,3,64,,3
08:59:43,,3,1fbb69bf6a163df3ff9e2da1ef7a8e6d413f7b38a5956857e0dad8512f9eadae,-95,,3,64,,3
08:59:43,26.0,3,5a8eb376db23fbc4a042b92d6dd68ab44b35d32442ef158473f4ec75684232fe,-82,,3,64,0.0,3
08:59:44,26.0,3,5a8eb376db23fbc4a042b92d6dd68ab44b35d32442ef158473f4ec75684232fe,-87,,3,64,0.0,3
08:59:45,26.0,3,de981e0b1b8ca7446936173f8afa667898d87e144b4494ba2480deb09fdd02dd,-94,,3,64,,3
08:59:46,,3,2ebf84d4d99253e2361d27a8f3f59a3bfa6f079d7aba66ffad027c580e084f82,-77,,3,64,,3
08:59:47,26.0,3,66d72fcfa3b715eba98009baa4f626672d151b1cf0a7cc38e23c40206be48a86,-94,,3,64,,3
08:59:48,26.0,3,b19514c4635b160b24742947b15e6f69e7a754d24e3c565ca211343bfcc6fa00,-87,,3,64,8.0,3
08:59:48,26.0,3,5b80a460565a84267c80d2eb7f3deb0ebe7f1635eedb7af9d4f1058cdfc23971,-89,,3,64,5.0,3
08:59:49,,3,2ebf84d4d99253e2361d27a8f3f59a3bfa6f079d7aba66ffad027c580e084f82,-88,,3,64,,3
08:59:50,,3,2ebf84d4d99253e2361d27a8f3f59a3bfa6f079d7aba66ffad027c580e084f82,-86,,3,64,,3
08:59:51,,3,2ebf84d4d99253e2361d27a8f3f59a3bfa6f079d7aba66ffad027c580e084f82,-88,,3,64,,3
08:59:52,,3,06ca6e61e5eb580370701c7d3205e4e43e2b3dcc2a5271d95a8412ea4aa2aec0,-71,,3,64,,3
08:59:52,26.0,3,4ca9613de8601e7c76d8d2fabedc3e4dd72827dfd5a7a1ed85757c6ac8415257,-89,,3,64,,3
08:59:53,26.0,3,66d72fcfa3b715eba98009baa4f626672d151b1cf0a7cc38e23c40206be48a86,-91,,3,64,,3
08:59:54,,3,2ebf84d4d99253e2361d27a8f3f59a3bfa6f079d7aba66ffad027c580e084f82,-87,,3,64,,3
08:59:55,,3,2ebf84d4d99253e2361d27a8f3f59a3bfa6f079d7aba66ffad027c580e084f82,-90,,3,64,,3
08:59:56,,3,06ca6e61e5eb580370701c7d3205e4e43e2b3dcc2a5271d95a8412ea4aa2aec0,-62,,3,64,,3
08:59:56,26.0,3,edd6d984b7546c254e81a902e971869b17b0b1b58a1a814239525bf01fd099c8,-88,,3,64,,3
08:59:57,,3,2ebf84d4d99253e2361d27a8f3f59a3bfa6f079d7aba66ffad027c580e084f82,-88,,3,64,,3
08:59:58,26.0,3,55d2f536175c16b43a3aae27b84be3afddcd2007727d37a880cf11b9566c57a3,-89,,3,64,,3
08:59:59,26.0,3,66d72fcfa3b715eba98009baa4f626672d151b1cf0a7cc38e23c40206be48a86,-88,,3,64,,3
09:00:00,,3,2ebf84d4d99253e2361d27a8f3f59a3bfa6f079d7aba66ffad027c580e084f82,-76,,3,64,,3
09:00:00,26.0,3,5b80a460565a84267c80d2eb7f3deb0ebe7f1635eedb7af9d4f1058cdfc23971,-90,,3,64,5.0,3
09:00:01,26.0,3,5b80a460565a84267c80d2eb7f3deb0ebe7f1635eedb7af9d4f1058cdfc23971,-91,,3,64,5.0,3
09:00:02,26.0,3,5b80a460565a84267c80d2eb7f3deb0ebe7f1635eedb7af9d4f1058cdfc23971,-90,,3,64,5.0,3
09:00:03,26.0,3,66d72fcfa3b715eba98009baa4f626672d151b1cf0a7cc38e23c40206be48a86,-88,,3,64,,3
09:00:04,26.0,3,66d72fcfa3b715eba98009baa4f626672d151b1cf0a7cc38e23c40206be48a86,-92,,3,64,,3
09:00:05,,3,2ebf84d4d99253e2361d27a8f3f59a3bfa6f079d7aba66ffad027c580e084f82,-77,,3,64,,3
09:00:05,,3,2ebf84d4d99253e2361d27a8f3f59a3bfa6f079d7aba66ffad027c580e084f82,-87,,3,64,,3
09:00:06,26.0,3,4ca9613de8601e7c76d8d2fabedc3e4dd72827dfd5a7a1ed85757c6ac8415257,-88,,3,64,,3
09:00:07,,3,2ebf84d4d99253e2361d27a8f3f59a3bfa6f079d7aba66ffad027c580e084f82,-78,,3,64,,3
09:00:08,26.0,3,4ca9613de8601e7c76d8d2fabedc3e4dd72827dfd5a7a1ed85757c6ac8415257,-88,,3,64,,3
09:00:09,26.0,3,c01f01762d479cd73300fc399944b97714c84ca4c74e230ce9c1c0c48e3035b0,-87,,3,64,5.0,3
09:00:09,26.0,3,66d72fcfa3b715eba98009baa4f626672d151b1cf0a7cc38e23c40206be48a86,-87,,3,64,,3
09:00:10,,3,ea3d4f1f243ff4e199b8f257a81a1d396707e38f44e219fb71e8cde705f7b338,-93,,3,64,,3
09:00:11,,3,2ebf84d4d99253e2361d27a8f3f59a3bfa6f079d7aba66ffad027c580e084f82,-91,,3,64,,3
09:00:12,,3,2ebf84d4d99253e2361d27a8f3f59a3bfa6f079d7aba66ffad027c580e084f82,-89,,3,64,,3
09:00:13,,3,ea3d4f1f243ff4e199b8f257a81a1d396707e38f44e219fb71e8cde705f7b338,-91,,3,64,,3
09:00:14,26.0,3,5b80a460565a84267c80d2eb7f3deb0ebe7f1635eedb7af9d4f1058cdfc23971,-91,,3,64,5.0,3
09:00:14,,3,2ebf84d4d99253e2361d27a8f3f59a3bfa6f079d7aba66ffad027c580e084f82,-79,,3,64,,3
09:00:15,,3,ea3d4f1f243ff4e199b8f257a81a1d396707e38f44e219fb71e8cde705f7b338,-92,,3,64,,3
09:00:16,26.0,3,4ca9613de8601e7c76d8d2fabedc3e4dd72827dfd5a7a1ed85757c6ac8415257,-91,,3,64,,3
09:00:17,,3,ea3d4f1f243ff4e199b8f257a81a1d396707e38f44e219fb71e8cde705f7b338,-93,,3,64,,3
09:00:18,,3,2ebf84d4d99253e2361d27a8f3f59a3bfa6f079d7aba66ffad027c580e084f82,-90,,3,64,,3
09:00:18,,3,2ebf84d4d99253e2361d27a8f3f59a3bfa6f079d7aba66ffad027c580e084f82,-88,,3,64,,3
09:00:19,26.0,3,4ca9613de8601e7c76d8d2fabedc3e4dd72827dfd5a7a1ed85757c6ac8415257,-93,,3,64,,3
09:00:20,26.0,3,5b80a460565a84267c80d2eb7f3deb0ebe7f1635eedb7af9d4f1058cdfc23971,-90,,3,64,5.0,3
09:00:21,26.0,3,4ca9613de8601e7c76d8d2fabedc3e4dd72827dfd5a7a1ed85757c6ac8415257,-93,,3,64,,3
09:00:22,,3,2ebf84d4d99253e2361d27a8f3f59a3bfa6f079d7aba66ffad027c580e084f82,-77,,3,64,,3
09:00:22,26.0,3,55d2f536175c16b43a3aae27b84be3afddcd2007727d37a880cf11b9566c57a3,-92,,3,64,12.0,3
09:00:23,,3,ea3d4f1f243ff4e199b8f257a81a1d396707e38f44e219fb71e8cde705f7b338,-90,,3,64,,3
09:00:24,,3,2ebf84d4d99253e2361d27a8f3f59a3bfa6f079d7aba66ffad027c580e084f82,-77,,3,64,,3
09:00:25,26.0,3,4ca9613de8601e7c76d8d2fabedc3e4dd72827dfd5a7a1ed85757c6ac8415257,-89,,3,64,,3
09:00:26,26.0,3,5b80a460565a84267c80d2eb7f3deb0ebe7f1635eedb7af9d4f1058cdfc23971,-90,,3,64,5.0,3
09:00:26,,3,2ebf84d4d99253e2361d27a8f3f59a3bfa6f079d7aba66ffad027c580e084f82,-77,,3,64,,3
09:00:27,26.0,3,792a12b10d7cfb67696d9b540245bbe3e12bff09e7fe5a15047a2f17688e6111,-87,,3,64,12.0,3
09:00:28,,3,ea3d4f1f243ff4e199b8f257a81a1d396707e38f44e219fb71e8cde705f7b338,-93,,3,64,,3
09:00:29,26.0,3,4ca9613de8601e7c76d8d2fabedc3e4dd72827dfd5a7a1ed85757c6ac8415257,-91,,3,64,,3
09:00:30,,3,2ebf84d4d99253e2361d27a8f3f59a3bfa6f079d7aba66ffad027c580e084f82,-91,,3,64,,3
09:00:31,,3,2ebf84d4d99253e2361d27a8f3f59a3bfa6f079d7aba66ffad027c580e084f82,-88,,3,64,,3
09:00:31,,3,2ebf84d4d99253e2361d27a8f3f59a3bfa6f079d7aba66ffad027c580e084f82,-77,,3,64,,3
09:00:32,26.0,3,55d2f536175c16b43a3aae27b84be3afddcd2007727d37a880cf11b9566c57a3,-92,,3,64,,3
09:00:33,26.0,3,792a12b10d7cfb67696d9b540245bbe3e12bff09e7fe5a15047a2f17688e6111,-93,,3,64,12.0,3
09:00:34,,3,2ebf84d4d99253e2361d27a8f3f59a3bfa6f079d7aba66ffad027c580e084f82,-78,,3,64,,3
09:00:35,26.0,3,5b80a460565a84267c80d2eb7f3deb0ebe7f1635eedb7af9d4f1058cdfc23971,-90,,3,64,5.0,3
09:00:35,,3,2ebf84d4d99253e2361d27a8f3f59a3bfa6f079d7aba66ffad027c580e084f82,-88,,3,64,,3
09:00:36,,3,2ebf84d4d99253e2361d27a8f3f59a3bfa6f079d7aba66ffad027c580e084f82,-77,,3,64,,3
09:00:37,,3,2ebf84d4d99253e2361d27a8f3f59a3bfa6f079d7aba66ffad027c580e084f82,-78,,3,64,,3
09:00:38,,3,2ebf84d4d99253e2361d27a8f3f59a3bfa6f079d7aba66ffad027c580e084f82,-89,,3,64,,3
09:00:39,,3,2ebf84d4d99253e2361d27a8f3f59a3bfa6f079d7aba66ffad027c580e084f82,-78,,3,64,,3
09:00:39,26.0,3,b19514c4635b160b24742947b15e6f69e7a754d24e3c565ca211343bfcc6fa00,-90,,3,64,8.0,3
09:00:40,26.0,3,55d2f536175c16b43a3aae27b84be3afddcd2007727d37a880cf11b9566c57a3,-91,,3,64,,3
09:00:41,,3,2ebf84d4d99253e2361d27a8f3f59a3bfa6f079d7aba66ffad027c580e084f82,-78,,3,64,,3
09:00:42,,3,2ebf84d4d99253e2361d27a8f3f59a3bfa6f079d7aba66ffad027c580e084f82,-90,,3,64,,3
09:00:43,,3,2ebf84d4d99253e2361d27a8f3f59a3bfa6f079d7aba66ffad027c580e084f82,-88,,3,64,,3
09:00:43,,3,97a75ebb7525935930306a26d8c88d6ee7abf62b6cd2f6901ed7c9827953e88d,-86,,3,64,,3
09:00:44,,3,ea3d4f1f243ff4e199b8f257a81a1d396707e38f44e219fb71e8cde705f7b338,-91,,3,64,,3
09:00:45,,3,ea3d4f1f243ff4e199b8f257a81a1d396707e38f44e219fb71e8cde705f7b338,-90,,3,64,,3
09:00:46,,3,7e511f2f3097ee41072ee02b6a33158208c8a47efb8c9f4ffccfb4573aac511d,-90,,3,64,,3
09:00:47,26.0,3,4ca9613de8601e7c76d8d2fabedc3e4dd72827dfd5a7a1ed85757c6ac8415257,-93,,3,64,,3
09:00:48,,3,40406ba4876c5fc59c0964d988f91f456953d87140d2bac37b4ead82926a84ea,-81,,3,64,,3
09:00:48,,3,40406ba4876c5fc59c0964d988f91f456953d87140d2bac37b4ead82926a84ea,-81,,3,64,,3
09:00:49,,3,ea3d4f1f243ff4e199b8f257a81a1d396707e38f44e219fb71e8cde705f7b338,-92,,3,64,,3
09:00:50,26.0,3,4ca9613de8601e7c76d8d2fabedc3e4dd72827dfd5a7a1ed85757c6ac8415257,-88,,3,64,,3
09:00:51,,3,ea3d4f1f243ff4e199b8f257a81a1d396707e38f44e219fb71e8cde705f7b338,-91,,3,64,,3
09:00:52,,3,ea3d4f1f243ff4e199b8f257a81a1d396707e38f44e219fb71e8cde705f7b338,-91,,3,64,,3
09:00:52,,3,2ebf84d4d99253e2361d27a8f3f59a3bfa6f079d7aba66ffad027c580e084f82,-79,,3,64,,3
09:00:53,,3,2ebf84d4d99253e2361d27a8f3f59a3bfa6f079d7aba66ffad027c580e084f82,-88,,3,64,,3
09:00:54,,3,2ebf84d4d99253e2361d27a8f3f59a3bfa6f079d7aba66ffad027c580e084f82,-79,,3,64,,3
09:00:55,,3,2ebf84d4d99253e2361d27a8f3f59a3bfa6f079d7aba66ffad027c580e084f82,-80,,3,64,,3
09:00:56,,3,2ebf84d4d99253e2361d27a8f3f59a3bfa6f079d7aba66ffad027c580e084f82,-79,,3,64,,3
09:00:56,26.0,3,55d2f536175c16b43a3aae27b84be3afddcd2007727d37a880cf11b9566c57a3,-92,,3,64,,3
09:00:57,,3,ea3d4f1f243ff4e199b8f257a81a1d396707e38f44e219fb71e8cde705f7b338,-92,,3,64,,3
09:00:58,26.0,3,b19514c4635b160b24742947b15e6f69e7a754d24e3c565ca211343bfcc6fa00,-91,,3,64,8.0,3
09:00:59,,3,2ebf84d4d99253e2361d27a8f3f59a3bfa6f079d7aba66ffad027c580e084f82,-92,,3,64,,3
09:01:00,26.0,3,4ca9613de8601e7c76d8d2fabedc3e4dd72827dfd5a7a1ed85757c6ac8415257,-92,,3,64,,3
09:01:00,,3,cc35482bc03b74793dc1a115952c3d63a43398b318953afad8415a4d00af8340,-64,,3,64,,3
09:01:01,,3,2ebf84d4d99253e2361d27a8f3f59a3bfa6f079d7aba66ffad027c580e084f82,-92,,3,64,,3
09:01:02,,3,2ebf84d4d99253e2361d27a8f3f59a3bfa6f079d7aba66ffad027c580e084f82,-79,,3,64,,3
09:01:03,,3,2ebf84d4d99253e2361d27a8f3f59a3bfa6f079d7aba66ffad027c580e084f82,-78,,3,64,,3
09:01:04,26.0,3,4ca9613de8601e7c76d8d2fabedc3e4dd72827dfd5a7a1ed85757c6ac8415257,-93,,3,64,,3
09:01:04,26.0,3,de981e0b1b8ca7446936173f8afa667898d87e144b4494ba2480deb09fdd02dd,-93,,3,64,,3
09:01:05,,3,2ebf84d4d99253e2361d27a8f3f59a3bfa6f079d7aba66ffad027c580e084f82,-80,,3,64,,3
09:01:06,,3,ea3d4f1f243ff4e199b8f257a81a1d396707e38f44e219fb71e8cde705f7b338,-93,,3,64,,3
09:01:07,,3,ea3d4f1f243ff4e199b8f257a81a1d396707e38f44e219fb71e8cde705f7b338,-94,,3,64,,3
09:01:08,,3,2ebf84d4d99253e2361d27a8f3f59a3bfa6f079d7aba66ffad027c580e084f82,-79,,3,64,,3
09:01:09,,3,ea3d4f1f243ff4e199b8f257a81a1d396707e38f44e219fb71e8cde705f7b338,-94,,3,64,,3
09:01:09,,3,ea3d4f1f243ff4e199b8f257a81a1d396707e38f44e219fb71e8cde705f7b338,-93,,3,64,,3
09:01:10,,3,2ebf84d4d99253e2361d27a8f3f59a3bfa6f079d7aba66ffad027c580e084f82,-90,,3,64,,3
09:01:11,,3,ea3d4f1f243ff4e199b8f257a81a1d396707e38f44e219fb71e8cde705f7b338,-93,,3,64,,3
09:01:12,,3,2ebf84d4d99253e2361d27a8f3f59a3bfa6f079d7aba66ffad027c580e084f82,-92,,3,64,,3
09:01:13,,3,2ebf84d4d99253e2361d27a8f3f59a3bfa6f079d7aba66ffad027c580e084f82,-80,,3,64,,3
09:01:13,,3,0fc9476c9a7351b9980291ca31ff37f1286c87110d6859d49f4e9398daf67460,-93,,3,64,,3
09:01:14,,3,2ebf84d4d99253e2361d27a8f3f59a3bfa6f079d7aba66ffad027c580e084f82,-88,,3,64,,3
09:01:15,,3,2ebf84d4d99253e2361d27a8f3f59a3bfa6f079d7aba66ffad027c580e084f82,-80,,3,64,,3
09:01:16,,3,ea3d4f1f243ff4e199b8f257a81a1d396707e38f44e219fb71e8cde705f7b338,-93,,3,64,,3
09:01:17,,3,2ebf84d4d99253e2361d27a8f3f59a3bfa6f079d7aba66ffad027c580e084f82,-87,,3,64,,3
09:01:17,26.0,3,32592a15a39b13e5af801f3e5d8742efb7932b95906bc039769159b792035503,-74,,3,64,12.0,3
09:01:18,26.0,3,b19514c4635b160b24742947b15e6f69e7a754d24e3c565ca211343bfcc6fa00,-89,,3,64,8.0,3
09:01:19,,3,2ebf84d4d99253e2361d27a8f3f59a3bfa6f079d7aba66ffad027c580e084f82,-79,,3,64,,3
09:01:20,,3,2ebf84d4d99253e2361d27a8f3f59a3bfa6f079d7aba66ffad027c580e084f82,-80,,3,64,,3
09:01:21,,3,ea3d4f1f243ff4e199b8f257a81a1d396707e38f44e219fb71e8cde705f7b338,-93,,3,64,,3
09:01:21,6.0,3,d1de0ddb51e6fdcb1eeb0a80d815c6b9a0c610ff82e78b630f80a717ef6f14a5,-89,Cb40,3,64,,3
09:01:22,,3,2ebf84d4d99253e2361d27a8f3f59a3bfa6f079d7aba66ffad027c580e084f82,-79,,3,64,,3
09:01:23,,3,ea3d4f1f243ff4e199b8f257a81a1d396707e38f44e219fb71e8cde705f7b338,-93,,3,64,,3
09:01:24,,3,2ebf84d4d99253e2361d27a8f3f59a3bfa6f079d7aba66ffad027c580e084f82,-78,,3,64,,3
09:01:25,26.0,3,4ca9613de8601e7c76d8d2fabedc3e4dd72827dfd5a7a1ed85757c6ac8415257,-88,,3,64,,3
09:01:26,26.0,3,792a12b10d7cfb67696d9b540245bbe3e12bff09e7fe5a15047a2f17688e6111,-89,,3,64,12.0,3
09:01:26,,3,2ebf84d4d99253e2361d27a8f3f59a3bfa6f079d7aba66ffad027c580e084f82,-80,,3,64,,3
09:01:27,,3,2ebf84d4d99253e2361d27a8f3f59a3bfa6f079d7aba66ffad027c580e084f82,-93,,3,64,,3
09:01:28,,3,ea3d4f1f243ff4e199b8f257a81a1d396707e38f44e219fb71e8cde705f7b338,-94,,3,64,,3
09:01:29,26.0,3,32592a15a39b13e5af801f3e5d8742efb7932b95906bc039769159b792035503,-72,,3,64,12.0,3
09:01:30,26.0,3,32592a15a39b13e5af801f3e5d8742efb7932b95906bc039769159b792035503,-82,,3,64,12.0,3
09:01:30,26.0,3,32592a15a39b13e5af801f3e5d8742efb7932b95906bc039769159b792035503,-71,,3,64,12.0,3
09:01:31,,3,2ebf84d4d99253e2361d27a8f3f59a3bfa6f079d7aba66ffad027c580e084f82,-89,,3,64,,3
09:01:32,,3,2ebf84d4d99253e2361d27a8f3f59a3bfa6f079d7aba66ffad027c580e084f82,-91,,3,64,,3
09:01:33,,3,2ebf84d4d99253e2361d27a8f3f59a3bfa6f079d7aba66ffad027c580e084f82,-80,,3,64,,3
09:01:34,26.0,3,4ca9613de8601e7c76d8d2fabedc3e4dd72827dfd5a7a1ed85757c6ac8415257,-90,,3,64,,3
09:01:34,26.0,3,4ca9613de8601e7c76d8d2fabedc3e4dd72827dfd5a7a1ed85757c6ac8415257,-91,,3,64,,3
09:01:35,,3,ea3d4f1f243ff4e199b8f257a81a1d396707e38f44e219fb71e8cde705f7b338,-92,,3,64,,3
09:01:36,,3,ea3d4f1f243ff4e199b8f257a81a1d396707e38f44e219fb71e8cde705f7b338,-93,,3,64,,3
09:01:37,,3,2ebf84d4d99253e2361d27a8f3f59a3bfa6f079d7aba66ffad027c580e084f82,-86,,3,64,,3
09:01:38,26.0,3,5b80a460565a84267c80d2eb7f3deb0ebe7f1635eedb7af9d4f1058cdfc23971,-90,,3,64,5.0,3
09:01:38,26.0,3,4ca9613de8601e7c76d8d2fabedc3e4dd72827dfd5a7a1ed85757c6ac8415257,-91,,3,64,,3
09:01:39,,3,2ebf84d4d99253e2361d27a8f3f59a3bfa6f079d7aba66ffad027c580e084f82,-80,,3,64,,3
09:01:40,,3,2ebf84d4d99253e2361d27a8f3f59a3bfa6f079d7aba66ffad027c580e084f82,-79,,3,64,,3
09:01:41,26.0,3,b19514c4635b160b24742947b15e6f69e7a754d24e3c565ca211343bfcc6fa00,-87,,3,64,8.0,3
09:01:42,26.0,3,32592a15a39b13e5af801f3e5d8742efb7932b95906bc039769159b792035503,-79,,3,64,12.0,3
09:01:43,,3,ea3d4f1f243ff4e199b8f257a81a1d396707e38f44e219fb71e8cde705f7b338,-92,,3,64,,3
09:01:43,26.0,3,32592a15a39b13e5af801f3e5d8742efb7932b95906bc039769159b792035503,-72,,3,64,12.0,3
09:01:44,26.0,3,b19514c4635b160b24742947b15e6f69e7a754d24e3c565ca211343bfcc6fa00,-86,,3,64,8.0,3
09:01:45,26.0,3,32592a15a39b13e5af801f3e5d8742efb7932b95906bc039769159b792035503,-72,,3,64,12.0,3
09:01:46,26.0,3,32592a15a39b13e5af801f3e5d8742efb7932b95906bc039769159b792035503,-79,,3,64,12.0,3
09:01:47,26.0,3,b19514c4635b160b24742947b15e6f69e7a754d24e3c565ca211343bfcc6fa00,-85,,3,64,8.0,3
09:01:47,26.0,3,55d2f536175c16b43a3aae27b84be3afddcd2007727d37a880cf11b9566c57a3,-91,,3,64,,3
09:01:48,,3,2ebf84d4d99253e2361d27a8f3f59a3bfa6f079d7aba66ffad027c580e084f82,-87,,3,64,,3
09:01:49,,3,2ebf84d4d99253e2361d27a8f3f59a3bfa6f079d7aba66ffad027c580e084f82,-87,,3,64,,3
09:01:50,26.0,3,4ca9613de8601e7c76d8d2fabedc3e4dd72827dfd5a7a1ed85757c6ac8415257,-94,,3,64,,3
09:01:51,26.0,3,32592a15a39b13e5af801f3e5d8742efb7932b95906bc039769159b792035503,-74,,3,64,12.0,3
09:01:51,,3,ea3d4f1f243ff4e199b8f257a81a1d396707e38f44e219fb71e8cde705f7b338,-93,,3,64,,3
09:01:52,,3,2ebf84d4d99253e2361d27a8f3f59a3bfa6f079d7aba66ffad027c580e084f82,-78,,3,64,,3
09:01:53,26.0,3,5b80a460565a84267c80d2eb7f3deb0ebe7f1635eedb7af9d4f1058cdfc23971,-84,,3,64,5.0,3
09:01:54,,3,ea3d4f1f243ff4e199b8f257a81a1d396707e38f44e219fb71e8cde705f7b338,-92,,3,64,,3
09:01:55,,3,ea3d4f1f243ff4e199b8f257a81a1d396707e38f44e219fb71e8cde705f7b338,-93,,3,64,,3
09:01:55,,3,2ebf84d4d99253e2361d27a8f3f59a3bfa6f079d7aba66ffad027c580e084f82,-89,,3,64,,3
09:01:56,26.0,3,55d2f536175c16b43a3aae27b84be3afddcd2007727d37a880cf11b9566c57a3,-89,,3,64,,3
09:01:57,,3,2ebf84d4d99253e2361d27a8f3f59a3bfa6f079d7aba66ffad027c580e084f82,-81,,3,64,,3
09:01:58,26.0,3,4ca9613de8601e7c76d8d2fabedc3e4dd72827dfd5a7a1ed85757c6ac8415257,-91,,3,64,,3
09:01:59,,3,2ebf84d4d99253e2361d27a8f3f59a3bfa6f079d7aba66ffad027c580e084f82,-80,,3,64,,3
09:02:00,,3,2ebf84d4d99253e2361d27a8f3f59a3bfa6f079d7aba66ffad027c580e084f82,-93,,3,64,,3
09:02:00,26.0,3,792a12b10d7cfb67696d9b540245bbe3e12bff09e7fe5a15047a2f17688e6111,-89,,3,64,,3
09:02:01,26.0,3,32592a15a39b13e5af801f3e5d8742efb7932b95906bc039769159b792035503,-82,,3,64,12.0,3
09:02:02,26.0,3,32592a15a39b13e5af801f3e5d8742efb7932b95906bc039769159b792035503,-81,,3,64,12.0,3
09:02:03,,3,2ebf84d4d99253e2361d27a8f3f59a3bfa6f079d7aba66ffad027c580e084f82,-88,,3,64,,3
09:02:04,,3,2ebf84d4d99253e2361d27a8f3f59a3bfa6f079d7aba66ffad027c580e084f82,-79,,3,64,,3
09:02:04,26.0,3,be88daaaa0df808b627c8adc61132af69ab98ca50166705324b8da4875af5149,-89,,3,64,5.0,3
09:02:05,,3,2ebf84d4d99253e2361d27a8f3f59a3bfa6f079d7aba66ffad027c580e084f82,-86,,3,64,,3
09:02:06,,3,2ebf84d4d99253e2361d27a8f3f59a3bfa6f079d7aba66ffad027c580e084f82,-81,,3,64,,3
09:02:07,26.0,3,55d2f536175c16b43a3aae27b84be3afddcd2007727d37a880cf11b9566c57a3,-95,,3,64,,3
09:02:08,26.0,3,ea032d6e5e2608f34d59648ff480a25d4bdc8d25ce4db78f8707a44b207489a2,-93,,3,64,7.0,3
09:02:08,,3,ea3d4f1f243ff4e199b8f257a81a1d396707e38f44e219fb71e8cde705f7b338,-92,,3,64,,3
09:02:09,26.0,3,32592a15a39b13e5af801f3e5d8742efb7932b95906bc039769159b792035503,-74,,3,64,12.0,3
09:02:10,,3,2ebf84d4d99253e2361d27a8f3f59a3bfa6f079d7aba66ffad027c580e084f82,-87,,3,64,,3
09:02:11,,3,ea3d4f1f243ff4e199b8f257a81a1d396707e38f44e219fb71e8cde705f7b338,-93,,3,64,,3
09:02:12,26.0,3,32592a15a39b13e5af801f3e5d8742efb7932b95906bc039769159b792035503,-74,,3,64,12.0,3
09:02:13,,3,2ebf84d4d99253e2361d27a8f3f59a3bfa6f079d7aba66ffad027c580e084f82,-79,,3,64,,3
09:02:13,26.0,3,09dc06e253eacbbc7b7d4fa6915615c0104f7cddcb6e8d75538012928f294c48,-97,,3,64,,3
09:02:14,,3,ea3d4f1f243ff4e199b8f257a81a1d396707e38f44e219fb71e8cde705f7b338,-92,,3,64,,3
09:02:15,,3,ea3d4f1f243ff4e199b8f257a81a1d396707e38f44e219fb71e8cde705f7b338,-92,,3,64,,3
09:02:16,26.0,3,5246db2df7133e4846266063a219b184778feb4dd6299e6a26b96f7583a6287f,-89,,3,64,,3
09:02:17,,3,ea3d4f1f243ff4e199b8f257a81a1d396707e38f44e219fb71e8cde705f7b338,-93,,3,64,,3
09:02:17,26.0,3,5246db2df7133e4846266063a219b184778feb4dd6299e6a26b96f7583a6287f,-89,,3,64,,3
09:02:18,26.0,3,5246db2df7133e4846266063a219b184778feb4dd6299e6a26b96f7583a6287f,-88,,3,64,,3
09:02:19,26.0,3,5246db2df7133e4846266063a219b184778feb4dd6299e6a26b96f7583a6287f,-89,,3,64,,3
09:02:20,26.0,3,5246db2df7133e4846266063a219b184778feb4dd6299e6a26b96f7583a6287f,-87,,3,64,,3
09:02:21,,3,cc35482bc03b74793dc1a115952c3d63a43398b318953afad8415a4d00af8340,-80,,3,64,,3
09:02:21,26.0,3,5246db2df7133e4846266063a219b184778feb4dd6299e6a26b96f7583a6287f,-91,,3,64,,3
09:02:22,,3,2ebf84d4d99253e2361d27a8f3f59a3bfa6f079d7aba66ffad027c580e084f82,-80,,3,64,,3
09:02:23,26.0,3,5b80a460565a84267c80d2eb7f3deb0ebe7f1635eedb7af9d4f1058cdfc23971,-89,,3,64,5.0,3
09:02:24,26.0,3,5246db2df7133e4846266063a219b184778feb4dd6299e6a26b96f7583a6287f,-89,,3,64,,3
09:02:25,,3,cc35482bc03b74793dc1a115952c3d63a43398b318953afad8415a4d00af8340,-75,,3,64,,3
09:02:25,,3,ea3d4f1f243ff4e199b8f257a81a1d396707e38f44e219fb71e8cde705f7b338,-91,,3,64,,3
09:02:26,26.0,3,4ca9613de8601e7c76d8d2fabedc3e4dd72827dfd5a7a1ed85757c6ac8415257,-92,,3,64,,3
09:02:27,,3,2ebf84d4d99253e2361d27a8f3f59a3bfa6f079d7aba66ffad027c580e084f82,-86,,3,64,,3
09:02:28,,3,2ebf84d4d99253e2361d27a8f3f59a3bfa6f079d7aba66ffad027c580e084f82,-78,,3,64,,3
09:02:29,,3,97a75ebb7525935930306a26d8c88d6ee7abf62b6cd2f6901ed7c9827953e88d,-87,,3,64,,3
09:02:29,,3,2ebf84d4d99253e2361d27a8f3f59a3bfa6f079d7aba66ffad027c580e084f82,-89,,3,64,,3
09:02:30,,3,2ebf84d4d99253e2361d27a8f3f59a3bfa6f079d7aba66ffad027c580e084f82,-78,,3,64,,3
09:02:31,,3,2ebf84d4d99253e2361d27a8f3f59a3bfa6f079d7aba66ffad027c580e084f82,-88,,3,64,,3
09:02:32,26.0,3,ea032d6e5e2608f34d59648ff480a25d4bdc8d25ce4db78f8707a44b207489a2,-94,,3,64,7.0,3
09:02:33,,3,ea3d4f1f243ff4e199b8f257a81a1d396707e38f44e219fb71e8cde705f7b338,-92,,3,64,,3
09:02:34,26.0,3,4ca9613de8601e7c76d8d2fabedc3e4dd72827dfd5a7a1ed85757c6ac8415257,-101,,3,64,,3
09:02:34,,3,2ebf84d4d99253e2361d27a8f3f59a3bfa6f079d7aba66ffad027c580e084f82,-86,,3,64,,3
09:02:35,,3,ea3d4f1f243ff4e199b8f257a81a1d396707e38f44e219fb71e8cde705f7b338,-94,,3,64,,3
09:02:36,26.0,3,4ca9613de8601e7c76d8d2fabedc3e4dd72827dfd5a7a1ed85757c6ac8415257,-95,,3,64,,3
09:02:37,26.0,3,b19514c4635b160b24742947b15e6f69e7a754d24e3c565ca211343bfcc6fa00,-82,,3,64,8.0,3
09:02:38,26.0,3,4ca9613de8601e7c76d8d2fabedc3e4dd72827dfd5a7a1ed85757c6ac8415257,-94,,3,64,,3
09:02:38,26.0,3,b19514c4635b160b24742947b15e6f69e7a754d24e3c565ca211343bfcc6fa00,-86,,3,64,8.0,3
09:02:39,26.0,3,4ca9613de8601e7c76d8d2fabedc3e4dd72827dfd5a7a1ed85757c6ac8415257,-90,,3,64,,3
09:02:40,,3,ea3d4f1f243ff4e199b8f257a81a1d396707e38f44e219fb71e8cde705f7b338,-93,,3,64,,3
09:02:41,26.0,3,4ca9613de8601e7c76d8d2fabedc3e4dd72827dfd5a7a1ed85757c6ac8415257,-90,,3,64,,3
09:02:42,,3,2ebf84d4d99253e2361d27a8f3f59a3bfa6f079d7aba66ffad027c580e084f82,-82,,3,64,,3
09:02:42,,3,2ebf84d4d99253e2361d27a8f3f59a3bfa6f079d7aba66ffad027c580e084f82,-88,,3,64,,3
09:02:43,,3,ea3d4f1f243ff4e199b8f257a81a1d396707e38f44e219fb71e8cde705f7b338,-90,,3,64,,3
09:02:44,26.0,3,55d2f536175c16b43a3aae27b84be3afddcd2007727d37a880cf11b9566c57a3,-93,,3,64,,3
09:02:45,26.0,3,4ca9613de8601e7c76d8d2fabedc3e4dd72827dfd5a7a1ed85757c6ac8415257,-91,,3,64,,3
09:02:46,,3,2ebf84d4d99253e2361d27a8f3f59a3bfa6f079d7aba66ffad027c580e084f82,-88,,3,64,,3
09:02:46,,3,ea3d4f1f243ff4e199b8f257a81a1d396707e38f44e219fb71e8cde705f7b338,-94,,3,64,,3
09:02:47,6.0,3,d1de0ddb51e6fdcb1eeb0a80d815c6b9a0c610ff82e78b630f80a717ef6f14a5,-92,Cb40,3,64,,3
09:02:48,,3,2ebf84d4d99253e2361d27a8f3f59a3bfa6f079d7aba66ffad027c580e084f82,-88,,3,64,,3
09:02:49,26.0,3,b19514c4635b160b24742947b15e6f69e7a754d24e3c565ca211343bfcc6fa00,-85,,3,64,8.0,3
09:02:50,,3,2ebf84d4d99253e2361d27a8f3f59a3bfa6f079d7aba66ffad027c580e084f82,-87,,3,64,,3
09:02:51,26.0,3,b19514c4635b160b24742947b15e6f69e7a754d24e3c565ca211343bfcc6fa00,-88,,3,64,8.0,3
09:02:51,26.0,3,32592a15a39b13e5af801f3e5d8742efb7932b95906bc039769159b792035503,-78,,3,64,12.0,3
09:02:52,,3,2ebf84d4d99253e2361d27a8f3f59a3bfa6f079d7aba66ffad027c580e084f82,-89,,3,64,,3
09:02:52,26.0,3,32592a15a39b13e5af801f3e5d8742efb7932b95906bc039769159b792035503,-86,,3,64,12.0,3
09:02:54,26.0,3,ea032d6e5e2608f34d59648ff480a25d4bdc8d25ce4db78f8707a44b207489a2,-94,,3,64,7.0,3
09:02:55,,3,2ebf84d4d99253e2361d27a8f3f59a3bfa6f079d7aba66ffad027c580e084f82,-83,,3,64,,3
09:02:55,26.0,3,32592a15a39b13e5af801f3e5d8742efb7932b95906bc039769159b792035503,-56,,3,64,12.0,3
09:02:56,26.0,3,32592a15a39b13e5af801f3e5d8742efb7932b95906bc039769159b792035503,-54,,3,64,12.0,3
09:02:57,26.0,3,32592a15a39b13e5af801f3e5d8742efb7932b95906bc039769159b792035503,-64,,3,64,12.0,3
09:02:58,,3,2ebf84d4d99253e2361d27a8f3f59a3bfa6f079d7aba66ffad027c580e084f82,-81,,3,64,,3
09:02:59,,3,97a75ebb7525935930306a26d8c88d6ee7abf62b6cd2f6901ed7c9827953e88d,-86,,3,64,,3
09:02:59,,3,cc35482bc03b74793dc1a115952c3d63a43398b318953afad8415a4d00af8340,-67,,3,64,,3
09:03:00,,3,2ebf84d4d99253e2361d27a8f3f59a3bfa6f079d7aba66ffad027c580e084f82,-84,,3,64,,3
09:03:01,,3,2ebf84d4d99253e2361d27a8f3f59a3bfa6f079d7aba66ffad027c580e084f82,-81,,3,64,,3
09:03:02,26.0,3,b19514c4635b160b24742947b15e6f69e7a754d24e3c565ca211343bfcc6fa00,-83,,3,64,8.0,3
09:03:03,,3,2ebf84d4d99253e2361d27a8f3f59a3bfa6f079d7aba66ffad027c580e084f82,-89,,3,64,,3
09:03:03,,3,2ebf84d4d99253e2361d27a8f3f59a3bfa6f079d7aba66ffad027c580e084f82,-81,,3,64,,3
09:03:04,26.0,3,5b80a460565a84267c80d2eb7f3deb0ebe7f1635eedb7af9d4f1058cdfc23971,-92,,3,64,5.0,3
09:03:05,26.0,3,b19514c4635b160b24742947b15e6f69e7a754d24e3c565ca211343bfcc6fa00,-85,,3,64,8.0,3
09:03:06,,3,ea3d4f1f243ff4e199b8f257a81a1d396707e38f44e219fb71e8cde705f7b338,-91,,3,64,,3
09:03:07,26.0,3,4ca9613de8601e7c76d8d2fabedc3e4dd72827dfd5a7a1ed85757c6ac8415257,-94,,3,64,,3
09:03:08,,3,2ebf84d4d99253e2361d27a8f3f59a3bfa6f079d7aba66ffad027c580e084f82,-80,,3,64,,3
09:03:08,26.0,3,ea032d6e5e2608f34d59648ff480a25d4bdc8d25ce4db78f8707a44b207489a2,-95,,3,64,,3
09:03:09,26.0,3,4ca9613de8601e7c76d8d2fabedc3e4dd72827dfd5a7a1ed85757c6ac8415257,-92,,3,64,,3
09:03:10,26.0,3,b19514c4635b160b24742947b15e6f69e7a754d24e3c565ca211343bfcc6fa00,-84,,3,64,8.0,3
09:03:11,26.0,3,792a12b10d7cfb67696d9b540245bbe3e12bff09e7fe5a15047a2f17688e6111,-88,,3,64,12.0,3
09:03:12,,3,2ebf84d4d99253e2361d27a8f3f59a3bfa6f079d7aba66ffad027c580e084f82,-79,,3,64,,3
09:03:12,,3,2ebf84d4d99253e2361d27a8f3f59a3bfa6f079d7aba66ffad027c580e084f82,-80,,3,64,,3
09:03:13,26.0,3,ea032d6e5e2608f34d59648ff480a25d4bdc8d25ce4db78f8707a44b207489a2,-91,,3,64,,3
09:03:14,,3,2ebf84d4d99253e2361d27a8f3f59a3bfa6f079d7aba66ffad027c580e084f82,-82,,3,64,,3
09:03:15,,3,ea3d4f1f243ff4e199b8f257a81a1d396707e38f44e219fb71e8cde705f7b338,-91,,3,64,,3
09:03:16,,3,2ebf84d4d99253e2361d27a8f3f59a3bfa6f079d7aba66ffad027c580e084f82,-87,,3,64,,3
09:03:16,,3,2ebf84d4d99253e2361d27a8f3f59a3bfa6f079d7aba66ffad027c580e084f82,-89,,3,64,,3
09:03:17,,3,ea3d4f1f243ff4e199b8f257a81a1d396707e38f44e219fb71e8cde705f7b338,-94,,3,64,,3
09:03:18,26.0,3,55d2f536175c16b43a3aae27b84be3afddcd2007727d37a880cf11b9566c57a3,-93,,3,64,,3
09:03:19,,3,2ebf84d4d99253e2361d27a8f3f59a3bfa6f079d7aba66ffad027c580e084f82,-86,,3,64,,3
09:03:20,26.0,3,ea032d6e5e2608f34d59648ff480a25d4bdc8d25ce4db78f8707a44b207489a2,-88,,3,64,,3
09:03:20,,3,ea3d4f1f243ff4e199b8f257a81a1d396707e38f44e219fb71e8cde705f7b338,-92,,3,64,,3
09:03:21,,3,2ebf84d4d99253e2361d27a8f3f59a3bfa6f079d7aba66ffad027c580e084f82,-89,,3,64,,3
09:03:22,,3,2ebf84d4d99253e2361d27a8f3f59a3bfa6f079d7aba66ffad027c580e084f82,-82,,3,64,,3
09:03:23,26.0,3,ea032d6e5e2608f34d59648ff480a25d4bdc8d25ce4db78f8707a44b207489a2,-90,,3,64,,3
09:03:24,26.0,3,ea032d6e5e2608f34d59648ff480a25d4bdc8d25ce4db78f8707a44b207489a2,-92,,3,64,,3
09:03:25,,3,2ebf84d4d99253e2361d27a8f3f59a3bfa6f079d7aba66ffad027c580e084f82,-83,,3,64,,3
09:03:25,26.0,3,9d3071b8f264d9dd619c2c2aefaf44a68ae1b10899b84f02014dd261e8293e09,-82,,3,64,,3
09:03:26,26.0,3,0fd7ab7e87cef1e244e74a040f58b8be185b2e6b21a3159ca29dec98ed02d8e8,-80,,3,64,,3
09:03:27,26.0,3,55d2f536175c16b43a3aae27b84be3afddcd2007727d37a880cf11b9566c57a3,-100,,3,64,,3
09:03:28,26.0,3,f63b3408194883df60f47b81ca9c622af6204ddd1ea860fe9f0c0784e541000d,-86,,3,64,2.0,3
09:03:29,26.0,3,4ca9613de8601e7c76d8d2fabedc3e4dd72827dfd5a7a1ed85757c6ac8415257,-90,,3,64,,3
09:03:29,,3,2ebf84d4d99253e2361d27a8f3f59a3bfa6f079d7aba66ffad027c580e084f82,-85,,3,64,,3
09:03:30,26.0,3,9d3071b8f264d9dd619c2c2aefaf44a68ae1b10899b84f02014dd261e8293e09,-73,,3,64,,3
09:03:31,,3,ea3d4f1f243ff4e199b8f257a81a1d396707e38f44e219fb71e8cde705f7b338,-92,,3,64,,3
09:03:32,26.0,3,3385596059ae1e18ce507f87996ab589d57189ff9c0eaf4294239881b1981267,-75,,3,64,5.0,3
09:03:33,26.0,3,0fd7ab7e87cef1e244e74a040f58b8be185b2e6b21a3159ca29dec98ed02d8e8,-75,,3,64,,3
09:03:33,26.0,3,0fd7ab7e87cef1e244e74a040f58b8be185b2e6b21a3159ca29dec98ed02d8e8,-75,,3,64,,3
09:03:34,,3,2ebf84d4d99253e2361d27a8f3f59a3bfa6f079d7aba66ffad027c580e084f82,-88,,3,64,,3
09:03:35,26.0,3,0fd7ab7e87cef1e244e74a040f58b8be185b2e6b21a3159ca29dec98ed02d8e8,-76,,3,64,,3
09:03:36,26.0,3,0fd7ab7e87cef1e244e74a040f58b8be185b2e6b21a3159ca29dec98ed02d8e8,-76,,3,64,,3
09:03:37,26.0,3,0fd7ab7e87cef1e244e74a040f58b8be185b2e6b21a3159ca29dec98ed02d8e8,-76,,3,64,,3
09:03:37,26.0,3,3385596059ae1e18ce507f87996ab589d57189ff9c0eaf4294239881b1981267,-83,,3,64,5.0,3
09:03:38,26.0,3,3385596059ae1e18ce507f87996ab589d57189ff9c0eaf4294239881b1981267,-75,,3,64,5.0,3
09:03:39,26.0,3,0fd7ab7e87cef1e244e74a040f58b8be185b2e6b21a3159ca29dec98ed02d8e8,-80,,3,64,,3
09:03:40,26.0,3,3385596059ae1e18ce507f87996ab589d57189ff9c0eaf4294239881b1981267,-75,,3,64,5.0,3
09:03:41,26.0,3,0fd7ab7e87cef1e244e74a040f58b8be185b2e6b21a3159ca29dec98ed02d8e8,-80,,3,64,,3
09:03:42,26.0,3,0fd7ab7e87cef1e244e74a040f58b8be185b2e6b21a3159ca29dec98ed02d8e8,-80,,3,64,,3
09:03:42,,3,2ebf84d4d99253e2361d27a8f3f59a3bfa6f079d7aba66ffad027c580e084f82,-80,,3,64,,3
09:03:43,,3,b49503fd9ffb1e433ae07426c0abfc3869942339757b14dda744f0801c8caddf,-82,,3,64,,3
09:03:44,,3,2ebf84d4d99253e2361d27a8f3f59a3bfa6f079d7aba66ffad027c580e084f82,-80,,3,64,,3
09:03:45,26.0,3,047794bb4c2f2eda351361d3db7a7242c0b2f2f3afb8a6327abadeebfff038cc,-75,,3,64,5.0,3
09:03:46,26.0,3,047794bb4c2f2eda351361d3db7a7242c0b2f2f3afb8a6327abadeebfff038cc,-82,,3,64,5.0,3
09:03:46,26.0,3,792a12b10d7cfb67696d9b540245bbe3e12bff09e7fe5a15047a2f17688e6111,-89,,3,64,12.0,3
09:03:47,,3,ea3d4f1f243ff4e199b8f257a81a1d396707e38f44e219fb71e8cde705f7b338,-93,,3,64,,3
09:03:48,26.0,3,792a12b10d7cfb67696d9b540245bbe3e12bff09e7fe5a15047a2f17688e6111,-89,,3,64,12.0,3
09:03:49,26.0,3,0fd7ab7e87cef1e244e74a040f58b8be185b2e6b21a3159ca29dec98ed02d8e8,-76,,3,64,,3
09:03:50,26.0,3,3385596059ae1e18ce507f87996ab589d57189ff9c0eaf4294239881b1981267,-80,,3,64,5.0,3
09:03:50,,3,2ebf84d4d99253e2361d27a8f3f59a3bfa6f079d7aba66ffad027c580e084f82,-86,,3,64,,3
09:03:51,26.0,3,047794bb4c2f2eda351361d3db7a7242c0b2f2f3afb8a6327abadeebfff038cc,-74,,3,64,5.0,3
09:03:52,,3,ea3d4f1f243ff4e199b8f257a81a1d396707e38f44e219fb71e8cde705f7b338,-95,,3,64,,3
09:03:53,26.0,3,047794bb4c2f2eda351361d3db7a7242c0b2f2f3afb8a6327abadeebfff038cc,-75,,3,64,5.0,3
09:03:54,26.0,3,0fd7ab7e87cef1e244e74a040f58b8be185b2e6b21a3159ca29dec98ed02d8e8,-80,,3,64,,3
09:03:54,26.0,3,3385596059ae1e18ce507f87996ab589d57189ff9c0eaf4294239881b1981267,-80,,3,64,5.0,3
09:03:55,,3,ea3d4f1f243ff4e199b8f257a81a1d396707e38f44e219fb71e8cde705f7b338,-94,,3,64,,3
09:03:56,26.0,3,5b80a460565a84267c80d2eb7f3deb0ebe7f1635eedb7af9d4f1058cdfc23971,-88,,3,64,5.0,3
09:03:57,,3,2ebf84d4d99253e2361d27a8f3f59a3bfa6f079d7aba66ffad027c580e084f82,-86,,3,64,,3
09:03:58,26.0,3,0fd7ab7e87cef1e244e74a040f58b8be185b2e6b21a3159ca29dec98ed02d8e8,-75,,3,64,,3
09:03:59,26.0,3,0fd7ab7e87cef1e244e74a040f58b8be185b2e6b21a3159ca29dec98ed02d8e8,-81,,3,64,,3
09:03:59,,3,2ebf84d4d99253e2361d27a8f3f59a3bfa6f079d7aba66ffad027c580e084f82,-79,,3,64,,3
09:04:00,,3,2ebf84d4d99253e2361d27a8f3f59a3bfa6f079d7aba66ffad027c580e084f82,-90,,3,64,,3
09:04:01,26.0,3,5b80a460565a84267c80d2eb7f3deb0ebe7f1635eedb7af9d4f1058cdfc23971,-88,,3,64,5.0,3
09:04:02,,3,2ebf84d4d99253e2361d27a8f3f59a3bfa6f079d7aba66ffad027c580e084f82,-79,,3,64,,3
09:04:03,,3,ea3d4f1f243ff4e199b8f257a81a1d396707e38f44e219fb71e8cde705f7b338,-91,,3,64,,3
09:04:03,26.0,3,0fd7ab7e87cef1e244e74a040f58b8be185b2e6b21a3159ca29dec98ed02d8e8,-75,,3,64,,3
09:04:04,,3,ea3d4f1f243ff4e199b8f257a81a1d396707e38f44e219fb71e8cde705f7b338,-90,,3,64,,3
09:04:05,,3,ea3d4f1f243ff4e199b8f257a81a1d396707e38f44e219fb71e8cde705f7b338,-90,,3,64,,3
09:04:06,26.0,3,4ca9613de8601e7c76d8d2fabedc3e4dd72827dfd5a7a1ed85757c6ac8415257,-91,,3,64,,3
09:04:07,26.0,3,4ca9613de8601e7c76d8d2fabedc3e4dd72827dfd5a7a1ed85757c6ac8415257,-91,,3,64,,3
09:04:07,26.0,3,047794bb4c2f2eda351361d3db7a7242c0b2f2f3afb8a6327abadeebfff038cc,-75,,3,64,5.0,3
09:04:08,26.0,3,3385596059ae1e18ce507f87996ab589d57189ff9c0eaf4294239881b1981267,-80,,3,64,5.0,3
09:04:09,26.0,3,047794bb4c2f2eda351361d3db7a7242c0b2f2f3afb8a6327abadeebfff038cc,-75,,3,64,5.0,3
09:04:10,,3,2ebf84d4d99253e2361d27a8f3f59a3bfa6f079d7aba66ffad027c580e084f82,-89,,3,64,,3
09:04:11,26.0,3,3385596059ae1e18ce507f87996ab589d57189ff9c0eaf4294239881b1981267,-76,,3,64,5.0,3
09:04:11,26.0,3,5b80a460565a84267c80d2eb7f3deb0ebe7f1635eedb7af9d4f1058cdfc23971,-87,,3,64,5.0,3
09:04:12,26.0,3,792a12b10d7cfb67696d9b540245bbe3e12bff09e7fe5a15047a2f17688e6111,-87,,3,64,12.0,3
09:04:13,26.0,3,0fd7ab7e87cef1e244e74a040f58b8be185b2e6b21a3159ca29dec98ed02d8e8,-83,,3,64,,3
09:04:14,26.0,3,047794bb4c2f2eda351361d3db7a7242c0b2f2f3afb8a6327abadeebfff038cc,-78,,3,64,5.0,3
09:04:15,26.0,3,5b80a460565a84267c80d2eb7f3deb0ebe7f1635eedb7af9d4f1058cdfc23971,-90,,3,64,5.0,3
09:04:16,26.0,3,0fd7ab7e87cef1e244e74a040f58b8be185b2e6b21a3159ca29dec98ed02d8e8,-78,,3,64,,3
09:04:16,26.0,3,a23960dc24dccca8314a993ef3fda625de4d8fea2fbb53a0754c8ca241c7ee76,-80,,3,64,,3
09:04:17,,3,2ebf84d4d99253e2361d27a8f3f59a3bfa6f079d7aba66ffad027c580e084f82,-92,,3,64,,3
09:04:18,,3,2ebf84d4d99253e2361d27a8f3f59a3bfa6f079d7aba66ffad027c580e084f82,-78,,3,64,,3
09:04:19,26.0,3,a23960dc24dccca8314a993ef3fda625de4d8fea2fbb53a0754c8ca241c7ee76,-80,,3,64,,3
09:04:20,26.0,3,3385596059ae1e18ce507f87996ab589d57189ff9c0eaf4294239881b1981267,-79,,3,64,5.0,3
09:04:20,,3,2ebf84d4d99253e2361d27a8f3f59a3bfa6f079d7aba66ffad027c580e084f82,-87,,3,64,,3
09:04:21,26.0,3,4ca9613de8601e7c76d8d2fabedc3e4dd72827dfd5a7a1ed85757c6ac8415257,-91,,3,64,,3
09:04:22,26.0,3,3385596059ae1e18ce507f87996ab589d57189ff9c0eaf4294239881b1981267,-77,,3,64,5.0,3
09:04:23,26.0,3,047794bb4c2f2eda351361d3db7a7242c0b2f2f3afb8a6327abadeebfff038cc,-79,,3,64,5.0,3
09:04:24,,3,2ebf84d4d99253e2361d27a8f3f59a3bfa6f079d7aba66ffad027c580e084f82,-79,,3,64,,3
09:04:24,26.0,3,047794bb4c2f2eda351361d3db7a7242c0b2f2f3afb8a6327abadeebfff038cc,-83,,3,64,5.0,3
09:04:25,,3,ea3d4f1f243ff4e199b8f257a81a1d396707e38f44e219fb71e8cde705f7b338,-91,,3,64,,3
09:04:26,,3,2ebf84d4d99253e2361d27a8f3f59a3bfa6f079d7aba66ffad027c580e084f82,-78,,3,64,,3
09:04:27,26.0,3,0fd7ab7e87cef1e244e74a040f58b8be185b2e6b21a3159ca29dec98ed02d8e8,-77,,3,64,,3
09:04:28,26.0,3,ea032d6e5e2608f34d59648ff480a25d4bdc8d25ce4db78f8707a44b207489a2,-87,,3,64,7.0,3
09:04:28,26.0,3,0fd7ab7e87cef1e244e74a040f58b8be185b2e6b21a3159ca29dec98ed02d8e8,-80,,3,64,,3
09:04:29,26.0,3,ea032d6e5e2608f34d59648ff480a25d4bdc8d25ce4db78f8707a44b207489a2,-88,,3,64,7.0,3
09:04:30,,3,ea3d4f1f243ff4e199b8f257a81a1d396707e38f44e219fb71e8cde705f7b338,-94,,3,64,,3
09:04:31,26.0,3,5b80a460565a84267c80d2eb7f3deb0ebe7f1635eedb7af9d4f1058cdfc23971,-90,,3,64,5.0,3
09:04:32,,3,2ebf84d4d99253e2361d27a8f3f59a3bfa6f079d7aba66ffad027c580e084f82,-78,,3,64,,3
09:04:33,26.0,3,0fd7ab7e87cef1e244e74a040f58b8be185b2e6b21a3159ca29dec98ed02d8e8,-79,,3,64,,3
09:04:33,26.0,3,3385596059ae1e18ce507f87996ab589d57189ff9c0eaf4294239881b1981267,-79,,3,64,5.0,3
09:04:34,,3,2ebf84d4d99253e2361d27a8f3f59a3bfa6f079d7aba66ffad027c580e084f82,-80,,3,64,,3
09:04:35,,3,b49503fd9ffb1e433ae07426c0abfc3869942339757b14dda744f0801c8caddf,-82,,3,64,,3
09:04:36,26.0,3,047794bb4c2f2eda351361d3db7a7242c0b2f2f3afb8a6327abadeebfff038cc,-75,,3,64,5.0,3
09:04:37,26.0,3,047794bb4c2f2eda351361d3db7a7242c0b2f2f3afb8a6327abadeebfff038cc,-80,,3,64,5.0,3
09:04:37,26.0,3,047794bb4c2f2eda351361d3db7a7242c0b2f2f3afb8a6327abadeebfff038cc,-75,,3,64,5.0,3
09:04:38,26.0,3,5b80a460565a84267c80d2eb7f3deb0ebe7f1635eedb7af9d4f1058cdfc23971,-89,,3,64,5.0,3
09:04:39,26.0,3,047794bb4c2f2eda351361d3db7a7242c0b2f2f3afb8a6327abadeebfff038cc,-75,,3,64,5.0,3
09:04:40,,3,ea3d4f1f243ff4e199b8f257a81a1d396707e38f44e219fb71e8cde705f7b338,-90,,3,64,,3
09:04:41,,3,2ebf84d4d99253e2361d27a8f3f59a3bfa6f079d7aba66ffad027c580e084f82,-78,,3,64,,3
09:04:41,26.0,3,5b80a460565a84267c80d2eb7f3deb0ebe7f1635eedb7af9d4f1058cdfc23971,-91,,3,64,5.0,3
09:04:42,,3,ea3d4f1f243ff4e199b8f257a81a1d396707e38f44e219fb71e8cde705f7b338,-90,,3,64,,3
09:04:43,,3,2ebf84d4d99253e2361d27a8f3f59a3bfa6f079d7aba66ffad027c580e084f82,-79,,3,64,,3
09:04:44,,3,2ebf84d4d99253e2361d27a8f3f59a3bfa6f079d7aba66ffad027c580e084f82,-79,,3,64,,3
09:04:45,26.0,3,569bafa3d9abee58ebc3ff0e4102efc6da7ac16f9e1f47165eafed875b1b70e3,-85,,3,64,12.0,3
09:04:45,26.0,3,0fd7ab7e87cef1e244e74a040f58b8be185b2e6b21a3159ca29dec98ed02d8e8,-77,,3,64,,3
09:04:46,,3,2ebf84d4d99253e2361d27a8f3f59a3bfa6f079d7aba66ffad027c580e084f82,-78,,3,64,,3
09:04:47,26.0,3,0fd7ab7e87cef1e244e74a040f58b8be185b2e6b21a3159ca29dec98ed02d8e8,-78,,3,64,,3
09:04:48,26.0,3,3385596059ae1e18ce507f87996ab589d57189ff9c0eaf4294239881b1981267,-76,,3,64,5.0,3
09:04:49,26.0,3,047794bb4c2f2eda351361d3db7a7242c0b2f2f3afb8a6327abadeebfff038cc,-79,,3,64,5.0,3
09:04:49,,3,0fc9476c9a7351b9980291ca31ff37f1286c87110d6859d49f4e9398daf67460,-93,,3,64,,3
09:04:50,26.0,3,0fd7ab7e87cef1e244e74a040f58b8be185b2e6b21a3159ca29dec98ed02d8e8,-75,,3,64,,3
09:04:51,26.0,3,3385596059ae1e18ce507f87996ab589d57189ff9c0eaf4294239881b1981267,-75,,3,64,5.0,3
09:04:52,26.0,3,0fd7ab7e87cef1e244e74a040f58b8be185b2e6b21a3159ca29dec98ed02d8e8,-75,,3,64,,3
09:04:53,26.0,3,4ca9613de8601e7c76d8d2fabedc3e4dd72827dfd5a7a1ed85757c6ac8415257,-86,,3,64,,3
09:04:54,26.0,3,0fd7ab7e87cef1e244e74a040f58b8be185b2e6b21a3159ca29dec98ed02d8e8,-80,,3,64,,3
09:04:54,26.0,3,0fd7ab7e87cef1e244e74a040f58b8be185b2e6b21a3159ca29dec98ed02d8e8,-79,,3,64,,3
09:04:55,26.0,3,569bafa3d9abee58ebc3ff0e4102efc6da7ac16f9e1f47165eafed875b1b70e3,-86,,3,64,12.0,3
09:04:56,,3,ea3d4f1f243ff4e199b8f257a81a1d396707e38f44e219fb71e8cde705f7b338,-92,,3,64,,3
09:04:57,,3,2ebf84d4d99253e2361d27a8f3f59a3bfa6f079d7aba66ffad027c580e084f82,-86,,3,64,,3
09:04:58,,3,ea3d4f1f243ff4e199b8f257a81a1d396707e38f44e219fb71e8cde705f7b338,-93,,3,64,,3
09:04:58,,3,2ebf84d4d99253e2361d27a8f3f59a3bfa6f079d7aba66ffad027c580e084f82,-82,,3,64,,3
09:04:59,26.0,3,0fd7ab7e87cef1e244e74a040f58b8be185b2e6b21a3159ca29dec98ed02d8e8,-78,,3,64,,3
09:05:00,26.0,3,0fd7ab7e87cef1e244e74a040f58b8be185b2e6b21a3159ca29dec98ed02d8e8,-78,,3,64,,3
09:05:01,,3,b49503fd9ffb1e433ae07426c0abfc3869942339757b14dda744f0801c8caddf,-76,,3,64,,3
09:05:02,26.0,3,58ec908d3d9d27510614124f08adb33d1e2b029890f8df06cf520608a9d73799,-89,,3,64,8.0,3
09:05:02,26.0,3,0fd7ab7e87cef1e244e74a040f58b8be185b2e6b21a3159ca29dec98ed02d8e8,-76,,3,64,,3
09:05:03,26.0,3,047794bb4c2f2eda351361d3db7a7242c0b2f2f3afb8a6327abadeebfff038cc,-78,,3,64,5.0,3
09:05:04,26.0,3,3385596059ae1e18ce507f87996ab589d57189ff9c0eaf4294239881b1981267,-76,,3,64,5.0,3
09:05:05,26.0,3,0fd7ab7e87cef1e244e74a040f58b8be185b2e6b21a3159ca29dec98ed02d8e8,-76,,3,64,,3
09:05:06,,3,2ebf84d4d99253e2361d27a8f3f59a3bfa6f079d7aba66ffad027c580e084f82,-80,,3,64,,3
09:05:07,,3,2ebf84d4d99253e2361d27a8f3f59a3bfa6f079d7aba66ffad027c580e084f82,-80,,3,64,,3
09:05:07,26.0,3,3385596059ae1e18ce507f87996ab589d57189ff9c0eaf4294239881b1981267,-76,,3,64,5.0,3
09:05:08,,3,2ebf84d4d99253e2361d27a8f3f59a3bfa6f079d7aba66ffad027c580e084f82,-80,,3,64,,3
09:05:09,26.0,3,5b80a460565a84267c80d2eb7f3deb0ebe7f1635eedb7af9d4f1058cdfc23971,-88,,3,64,5.0,3
09:05:10,,3,97a75ebb7525935930306a26d8c88d6ee7abf62b6cd2f6901ed7c9827953e88d,-95,,3,64,,3
09:05:11,,3,2ebf84d4d99253e2361d27a8f3f59a3bfa6f079d7aba66ffad027c580e084f82,-80,,3,64,,3
09:05:11,,3,2ebf84d4d99253e2361d27a8f3f59a3bfa6f079d7aba66ffad027c580e084f82,-86,,3,64,,3
09:05:12,,3,2ebf84d4d99253e2361d27a8f3f59a3bfa6f079d7aba66ffad027c580e084f82,-87,,3,64,,3
09:05:13,,3,2ebf84d4d99253e2361d27a8f3f59a3bfa6f079d7aba66ffad027c580e084f82,-86,,3,64,,3
09:05:14,26.0,3,0fd7ab7e87cef1e244e74a040f58b8be185b2e6b21a3159ca29dec98ed02d8e8,-80,,3,64,,3
09:05:15,,3,2ebf84d4d99253e2361d27a8f3f59a3bfa6f079d7aba66ffad027c580e084f82,-86,,3,64,,3
09:05:15,26.0,3,4ca9613de8601e7c76d8d2fabedc3e4dd72827dfd5a7a1ed85757c6ac8415257,-90,,3,64,,3
09:05:16,26.0,3,3385596059ae1e18ce507f87996ab589d57189ff9c0eaf4294239881b1981267,-79,,3,64,5.0,3
09:05:17,,3,ea3d4f1f243ff4e199b8f257a81a1d396707e38f44e219fb71e8cde705f7b338,-90,,3,64,,3
09:05:18,,3,2ebf84d4d99253e2361d27a8f3f59a3bfa6f079d7aba66ffad027c580e084f82,-88,,3,64,,3
09:05:19,26.0,3,0fd7ab7e87cef1e244e74a040f58b8be185b2e6b21a3159ca29dec98ed02d8e8,-80,,3,64,,3
09:05:19,26.0,3,3385596059ae1e18ce507f87996ab589d57189ff9c0eaf4294239881b1981267,-78,,3,64,5.0,3
09:05:20,26.0,3,0fd7ab7e87cef1e244e74a040f58b8be185b2e6b21a3159ca29dec98ed02d8e8,-78,,3,64,,3
09:05:21,,3,2ebf84d4d99253e2361d27a8f3f59a3bfa6f079d7aba66ffad027c580e084f82,-81,,3,64,,3
09:05:22,26.0,3,0fd7ab7e87cef1e244e74a040f58b8be185b2e6b21a3159ca29dec98ed02d8e8,-75,,3,64,,3
09:05:23,,3,b49503fd9ffb1e433ae07426c0abfc3869942339757b14dda744f0801c8caddf,-75,,3,64,,3
09:05:24,26.0,3,569bafa3d9abee58ebc3ff0e4102efc6da7ac16f9e1f47165eafed875b1b70e3,-87,,3,64,12.0,3
09:05:24,,3,2ebf84d4d99253e2361d27a8f3f59a3bfa6f079d7aba66ffad027c580e084f82,-81,,3,64,,3
09:05:25,,3,ea3d4f1f243ff4e199b8f257a81a1d396707e38f44e219fb71e8cde705f7b338,-90,,3,64,,3
09:05:26,,3,2ebf84d4d99253e2361d27a8f3f59a3bfa6f079d7aba66ffad027c580e084f82,-80,,3,64,,3
09:05:27,,3,2ebf84d4d99253e2361d27a8f3f59a3bfa6f079d7aba66ffad027c580e084f82,-79,,3,64,,3
09:05:28,26.0,3,047794bb4c2f2eda351361d3db7a7242c0b2f2f3afb8a6327abadeebfff038cc,-79,,3,64,5.0,3
09:05:28,26.0,3,047794bb4c2f2eda351361d3db7a7242c0b2f2f3afb8a6327abadeebfff038cc,-79,,3,64,5.0,3
09:05:29,,3,2ebf84d4d99253e2361d27a8f3f59a3bfa6f079d7aba66ffad027c580e084f82,-79,,3,64,,3
09:05:30,26.0,3,0fd7ab7e87cef1e244e74a040f58b8be185b2e6b21a3159ca29dec98ed02d8e8,-79,,3,64,,3
09:05:31,26.0,3,047794bb4c2f2eda351361d3db7a7242c0b2f2f3afb8a6327abadeebfff038cc,-79,,3,64,5.0,3
09:05:32,26.0,3,0fd7ab7e87cef1e244e74a040f58b8be185b2e6b21a3159ca29dec98ed02d8e8,-79,,3,64,,3
09:05:32,26.0,3,0fd7ab7e87cef1e244e74a040f58b8be185b2e6b21a3159ca29dec98ed02d8e8,-78,,3,64,,3
09:05:33,26.0,3,047794bb4c2f2eda351361d3db7a7242c0b2f2f3afb8a6327abadeebfff038cc,-78,,3,64,5.0,3
09:05:34,26.0,3,5b80a460565a84267c80d2eb7f3deb0ebe7f1635eedb7af9d4f1058cdfc23971,-90,,3,64,5.0,3
09:05:35,26.0,3,3385596059ae1e18ce507f87996ab589d57189ff9c0eaf4294239881b1981267,-80,,3,64,5.0,3
09:05:36,,3,2ebf84d4d99253e2361d27a8f3f59a3bfa6f079d7aba66ffad027c580e084f82,-88,,3,64,,3
09:05:36,26.0,3,58ec908d3d9d27510614124f08adb33d1e2b029890f8df06cf520608a9d73799,-89,,3,64,8.0,3
09:05:37,26.0,3,0fd7ab7e87cef1e244e74a040f58b8be185b2e6b21a3159ca29dec98ed02d8e8,-74,,3,64,,3
09:05:38,6.0,3,9c361e4be634e32d9b487b556760e512627fd5adc685787264f8d6b12abc8dea,-91,Cb40,3,64,,3
09:05:39,26.0,3,0fd7ab7e87cef1e244e74a040f58b8be185b2e6b21a3159ca29dec98ed02d8e8,-75,,3,64,,3
09:05:40,,3,2ebf84d4d99253e2361d27a8f3f59a3bfa6f079d7aba66ffad027c580e084f82,-80,,3,64,,3
09:05:40,,3,ea3d4f1f243ff4e199b8f257a81a1d396707e38f44e219fb71e8cde705f7b338,-90,,3,64,,3
09:05:41,,3,2ebf84d4d99253e2361d27a8f3f59a3bfa6f079d7aba66ffad027c580e084f82,-80,,3,64,,3
09:05:42,26.0,3,0fd7ab7e87cef1e244e74a040f58b8be185b2e6b21a3159ca29dec98ed02d8e8,-80,,3,64,,3
09:05:43,26.0,3,047794bb4c2f2eda351361d3db7a7242c0b2f2f3afb8a6327abadeebfff038cc,-78,,3,64,5.0,3
09:05:44,,3,ea3d4f1f243ff4e199b8f257a81a1d396707e38f44e219fb71e8cde705f7b338,-92,,3,64,,3
09:05:45,26.0,3,047794bb4c2f2eda351361d3db7a7242c0b2f2f3afb8a6327abadeebfff038cc,-79,,3,64,5.0,3
09:05:45,,3,2ebf84d4d99253e2361d27a8f3f59a3bfa6f079d7aba66ffad027c580e084f82,-81,,3,64,,3
09:05:46,26.0,3,3385596059ae1e18ce507f87996ab589d57189ff9c0eaf4294239881b1981267,-79,,3,64,5.0,3
09:05:47,26.0,3,4ca9613de8601e7c76d8d2fabedc3e4dd72827dfd5a7a1ed85757c6ac8415257,-90,,3,64,,3
09:05:48,,3,2ebf84d4d99253e2361d27a8f3f59a3bfa6f079d7aba66ffad027c580e084f82,-84,,3,64,,3
09:05:49,26.0,3,4ca9613de8601e7c76d8d2fabedc3e4dd72827dfd5a7a1ed85757c6ac8415257,-93,,3,64,,3
09:05:49,26.0,3,4ca9613de8601e7c76d8d2fabedc3e4dd72827dfd5a7a1ed85757c6ac8415257,-90,,3,64,,3
09:05:50,26.0,3,58ec908d3d9d27510614124f08adb33d1e2b029890f8df06cf520608a9d73799,-90,,3,64,8.0,3
09:05:51,26.0,3,0fd7ab7e87cef1e244e74a040f58b8be185b2e6b21a3159ca29dec98ed02d8e8,-77,,3,64,,3
09:05:52,26.0,3,4ca9613de8601e7c76d8d2fabedc3e4dd72827dfd5a7a1ed85757c6ac8415257,-94,,3,64,,3
09:05:53,26.0,3,9ca230a8292369ecd20b87319745d60c61302a132c977650f712dba5dd5ae838,-64,,3,64,12.0,3
09:05:53,26.0,3,9ca230a8292369ecd20b87319745d60c61302a132c977650f712dba5dd5ae838,-62,,3,64,12.0,3
09:05:54,26.0,3,55d2f536175c16b43a3aae27b84be3afddcd2007727d37a880cf11b9566c57a3,-91,,3,64,,3
09:05:55,26.0,3,9ca230a8292369ecd20b87319745d60c61302a132c977650f712dba5dd5ae838,-59,,3,64,12.0,3
09:05:56,26.0,3,9ca230a8292369ecd20b87319745d60c61302a132c977650f712dba5dd5ae838,-65,,3,64,12.0,3
09:05:56,26.0,3,0fd7ab7e87cef1e244e74a040f58b8be185b2e6b21a3159ca29dec98ed02d8e8,-80,,3,64,,3
09:05:57,,3,ea3d4f1f243ff4e199b8f257a81a1d396707e38f44e219fb71e8cde705f7b338,-92,,3,64,,3
09:05:58,26.0,3,9ca230a8292369ecd20b87319745d60c61302a132c977650f712dba5dd5ae838,-64,,3,64,12.0,3
09:05:59,,3,b49503fd9ffb1e433ae07426c0abfc3869942339757b14dda744f0801c8caddf,-84,,3,64,,3
09:06:00,,3,0fc9476c9a7351b9980291ca31ff37f1286c87110d6859d49f4e9398daf67460,-90,,3,64,,3
09:06:01,26.0,3,0fd7ab7e87cef1e244e74a040f58b8be185b2e6b21a3159ca29dec98ed02d8e8,-81,,3,64,,3
09:06:02,26.0,3,3385596059ae1e18ce507f87996ab589d57189ff9c0eaf4294239881b1981267,-78,,3,64,5.0,3
09:06:02,26.0,3,3385596059ae1e18ce507f87996ab589d57189ff9c0eaf4294239881b1981267,-81,,3,64,5.0,3
09:06:03,,3,2ebf84d4d99253e2361d27a8f3f59a3bfa6f079d7aba66ffad027c580e084f82,-79,,3,64,,3
09:06:04,26.0,3,3385596059ae1e18ce507f87996ab589d57189ff9c0eaf4294239881b1981267,-81,,3,64,5.0,3
09:06:05,,3,2ebf84d4d99253e2361d27a8f3f59a3bfa6f079d7aba66ffad027c580e084f82,-85,,3,64,,3
09:06:06,26.0,3,0fd7ab7e87cef1e244e74a040f58b8be185b2e6b21a3159ca29dec98ed02d8e8,-83,,3,64,,3
09:06:06,,3,ea3d4f1f243ff4e199b8f257a81a1d396707e38f44e219fb71e8cde705f7b338,-94,,3,64,,3
09:06:07,,3,2ebf84d4d99253e2361d27a8f3f59a3bfa6f079d7aba66ffad027c580e084f82,-80,,3,64,,3
09:06:08,26.0,3,4ca9613de8601e7c76d8d2fabedc3e4dd72827dfd5a7a1ed85757c6ac8415257,-93,,3,64,,3
09:06:09,,3,ea3d4f1f243ff4e199b8f257a81a1d396707e38f44e219fb71e8cde705f7b338,-94,,3,64,,3
09:06:10,,3,cc35482bc03b74793dc1a115952c3d63a43398b318953afad8415a4d00af8340,-65,,3,64,,3
09:06:10,26.0,3,9ca230a8292369ecd20b87319745d60c61302a132c977650f712dba5dd5ae838,-64,,3,64,12.0,3
09:06:11,,3,2ebf84d4d99253e2361d27a8f3f59a3bfa6f079d7aba66ffad027c580e084f82,-90,,3,64,,3
09:06:12,,3,2ebf84d4d99253e2361d27a8f3f59a3bfa6f079d7aba66ffad027c580e084f82,-90,,3,64,,3
09:06:13,26.0,3,047794bb4c2f2eda351361d3db7a7242c0b2f2f3afb8a6327abadeebfff038cc,-81,,3,64,5.0,3
09:06:14,,3,2ebf84d4d99253e2361d27a8f3f59a3bfa6f079d7aba66ffad027c580e084f82,-90,,3,64,,3
09:06:15,,3,ea3d4f1f243ff4e199b8f257a81a1d396707e38f44e219fb71e8cde705f7b338,-89,,3,64,,3
09:06:15,26.0,3,3385596059ae1e18ce507f87996ab589d57189ff9c0eaf4294239881b1981267,-85,,3,64,5.0,3
09:06:16,,3,ea3d4f1f243ff4e199b8f257a81a1d396707e38f44e219fb71e8cde705f7b338,-91,,3,64,,3
09:06:17,,3,2ebf84d4d99253e2361d27a8f3f59a3bfa6f079d7aba66ffad027c580e084f82,-92,,3,64,,3
09:06:18,26.0,3,55d2f536175c16b43a3aae27b84be3afddcd2007727d37a880cf11b9566c57a3,-88,,3,64,,3
09:06:19,,3,ea3d4f1f243ff4e199b8f257a81a1d396707e38f44e219fb71e8cde705f7b338,-93,,3,64,,3
09:06:19,26.0,3,0fd7ab7e87cef1e244e74a040f58b8be185b2e6b21a3159ca29dec98ed02d8e8,-87,,3,64,,3
09:06:20,,3,2ebf84d4d99253e2361d27a8f3f59a3bfa6f079d7aba66ffad027c580e084f82,-81,,3,64,,3
09:06:21,,3,b49503fd9ffb1e433ae07426c0abfc3869942339757b14dda744f0801c8caddf,-85,,3,64,,3
09:06:22,26.0,3,58ec908d3d9d27510614124f08adb33d1e2b029890f8df06cf520608a9d73799,-86,,3,64,8.0,3
09:06:23,,3,ea3d4f1f243ff4e199b8f257a81a1d396707e38f44e219fb71e8cde705f7b338,-91,,3,64,,3
09:06:23,26.0,3,0fd7ab7e87cef1e244e74a040f58b8be185b2e6b21a3159ca29dec98ed02d8e8,-77,,3,64,,3
09:06:24,,3,2ebf84d4d99253e2361d27a8f3f59a3bfa6f079d7aba66ffad027c580e084f82,-81,,3,64,,3
09:06:25,,3,2ebf84d4d99253e2361d27a8f3f59a3bfa6f079d7aba66ffad027c580e084f82,-88,,3,64,,3
09:06:26,,3,b49503fd9ffb1e433ae07426c0abfc3869942339757b14dda744f0801c8caddf,-77,,3,64,,3
09:06:27,26.0,3,0fd7ab7e87cef1e244e74a040f58b8be185b2e6b21a3159ca29dec98ed02d8e8,-82,,3,64,,3
09:06:28,,3,ea3d4f1f243ff4e199b8f257a81a1d396707e38f44e219fb71e8cde705f7b338,-95,,3,64,,3
09:06:28,26.0,3,047794bb4c2f2eda351361d3db7a7242c0b2f2f3afb8a6327abadeebfff038cc,-78,,3,64,5.0,3
09:06:29,26.0,3,0fd7ab7e87cef1e244e74a040f58b8be185b2e6b21a3159ca29dec98ed02d8e8,-83,,3,64,,3
09:06:30,,3,97a75ebb7525935930306a26d8c88d6ee7abf62b6cd2f6901ed7c9827953e88d,-86,,3,64,,3
09:06:31,26.0,3,0fd7ab7e87cef1e244e74a040f58b8be185b2e6b21a3159ca29dec98ed02d8e8,-88,,3,64,,3
09:06:32,26.0,3,0fd7ab7e87cef1e244e74a040f58b8be185b2e6b21a3159ca29dec98ed02d8e8,-77,,3,64,,3
09:06:32,,3,2ebf84d4d99253e2361d27a8f3f59a3bfa6f079d7aba66ffad027c580e084f82,-82,,3,64,,3
09:06:33,26.0,3,4ca9613de8601e7c76d8d2fabedc3e4dd72827dfd5a7a1ed85757c6ac8415257,-87,,3,64,,3
09:06:34,26.0,3,55d2f536175c16b43a3aae27b84be3afddcd2007727d37a880cf11b9566c57a3,-88,,3,64,,3
09:06:35,26.0,3,55d2f536175c16b43a3aae27b84be3afddcd2007727d37a880cf11b9566c57a3,-87,,3,64,,3
09:06:36,,3,2ebf84d4d99253e2361d27a8f3f59a3bfa6f079d7aba66ffad027c580e084f82,-91,,3,64,,3
09:06:36,,3,2ebf84d4d99253e2361d27a8f3f59a3bfa6f079d7aba66ffad027c580e084f82,-90,,3,64,,3
09:06:37,26.0,3,047794bb4c2f2eda351361d3db7a7242c0b2f2f3afb8a6327abadeebfff038cc,-80,,3,64,5.0,3
09:06:38,,3,0fc9476c9a7351b9980291ca31ff37f1286c87110d6859d49f4e9398daf67460,-91,,3,64,,3
09:06:39,,3,b49503fd9ffb1e433ae07426c0abfc3869942339757b14dda744f0801c8caddf,-81,,3,64,,3
09:06:40,,3,2ebf84d4d99253e2361d27a8f3f59a3bfa6f079d7aba66ffad027c580e084f82,-82,,3,64,,3
09:06:40,26.0,3,0fd7ab7e87cef1e244e74a040f58b8be185b2e6b21a3159ca29dec98ed02d8e8,-78,,3,64,,3
09:06:41,26.0,3,3385596059ae1e18ce507f87996ab589d57189ff9c0eaf4294239881b1981267,-80,,3,64,5.0,3
09:06:42,26.0,3,0fd7ab7e87cef1e244e74a040f58b8be185b2e6b21a3159ca29dec98ed02d8e8,-77,,3,64,,3
09:06:43,,3,b49503fd9ffb1e433ae07426c0abfc3869942339757b14dda744f0801c8caddf,-78,,3,64,,3
09:06:44,,3,2ebf84d4d99253e2361d27a8f3f59a3bfa6f079d7aba66ffad027c580e084f82,-90,,3,64,,3
09:06:44,26.0,3,3385596059ae1e18ce507f87996ab589d57189ff9c0eaf4294239881b1981267,-82,,3,64,5.0,3
09:06:45,,3,2ebf84d4d99253e2361d27a8f3f59a3bfa6f079d7aba66ffad027c580e084f82,-87,,3,64,,3
09:06:46,,3,2ebf84d4d99253e2361d27a8f3f59a3bfa6f079d7aba66ffad027c580e084f82,-81,,3,64,,3
09:06:47,26.0,3,0fd7ab7e87cef1e244e74a040f58b8be185b2e6b21a3159ca29dec98ed02d8e8,-78,,3,64,,3
09:06:48,,3,ea3d4f1f243ff4e199b8f257a81a1d396707e38f44e219fb71e8cde705f7b338,-94,,3,64,,3
09:06:49,26.0,3,0fd7ab7e87cef1e244e74a040f58b8be185b2e6b21a3159ca29dec98ed02d8e8,-76,,3,64,,3
09:06:49,,3,2ebf84d4d99253e2361d27a8f3f59a3bfa6f079d7aba66ffad027c580e084f82,-83,,3,64,,3
09:06:50,,3,2ebf84d4d99253e2361d27a8f3f59a3bfa6f079d7aba66ffad027c580e084f82,-82,,3,64,,3
09:06:51,26.0,3,0fd7ab7e87cef1e244e74a040f58b8be185b2e6b21a3159ca29dec98ed02d8e8,-77,,3,64,,3
09:06:52,,3,2ebf84d4d99253e2361d27a8f3f59a3bfa6f079d7aba66ffad027c580e084f82,-84,,3,64,,3
09:06:53,26.0,3,047794bb4c2f2eda351361d3db7a7242c0b2f2f3afb8a6327abadeebfff038cc,-77,,3,64,5.0,3
09:06:53,,3,2ebf84d4d99253e2361d27a8f3f59a3bfa6f079d7aba66ffad027c580e084f82,-82,,3,64,,3
09:06:54,26.0,3,047794bb4c2f2eda351361d3db7a7242c0b2f2f3afb8a6327abadeebfff038cc,-76,,3,64,5.0,3
09:06:55,26.0,3,047794bb4c2f2eda351361d3db7a7242c0b2f2f3afb8a6327abadeebfff038cc,-75,,3,64,5.0,3
09:06:56,26.0,3,0fd7ab7e87cef1e244e74a040f58b8be185b2e6b21a3159ca29dec98ed02d8e8,-79,,3,64,,3
09:06:57,26.0,3,047794bb4c2f2eda351361d3db7a7242c0b2f2f3afb8a6327abadeebfff038cc,-75,,3,64,5.0,3
09:06:57,26.0,3,0fd7ab7e87cef1e244e74a040f58b8be185b2e6b21a3159ca29dec98ed02d8e8,-76,,3,64,,3
09:06:58,26.0,3,0fd7ab7e87cef1e244e74a040f58b8be185b2e6b21a3159ca29dec98ed02d8e8,-76,,3,64,,3
09:06:59,,3,2ebf84d4d99253e2361d27a8f3f59a3bfa6f079d7aba66ffad027c580e084f82,-87,,3,64,,3
09:07:00,,3,2ebf84d4d99253e2361d27a8f3f59a3bfa6f079d7aba66ffad027c580e084f82,-85,,3,64,,3
09:07:01,,3,2ebf84d4d99253e2361d27a8f3f59a3bfa6f079d7aba66ffad027c580e084f82,-90,,3,64,,3
09:07:02,,3,2ebf84d4d99253e2361d27a8f3f59a3bfa6f079d7aba66ffad027c580e084f82,-91,,3,64,,3
09:07:02,,3,ea3d4f1f243ff4e199b8f257a81a1d396707e38f44e219fb71e8cde705f7b338,-93,,3,64,,3
09:07:03,26.0,3,58ec908d3d9d27510614124f08adb33d1e2b029890f8df06cf520608a9d73799,-89,,3,64,8.0,3
09:07:04,,3,2ebf84d4d99253e2361d27a8f3f59a3bfa6f079d7aba66ffad027c580e084f82,-88,,3,64,,3
09:07:05,,3,ea3d4f1f243ff4e199b8f257a81a1d396707e38f44e219fb71e8cde705f7b338,-95,,3,64,,3
09:07:06,,3,2ebf84d4d99253e2361d27a8f3f59a3bfa6f079d7aba66ffad027c580e084f82,-87,,3,64,,3
09:07:06,,3,1fbb69bf6a163df3ff9e2da1ef7a8e6d413f7b38a5956857e0dad8512f9eadae,-93,,3,64,,3
09:07:07,26.0,3,3385596059ae1e18ce507f87996ab589d57189ff9c0eaf4294239881b1981267,-77,,3,64,5.0,3
09:07:08,,3,2ebf84d4d99253e2361d27a8f3f59a3bfa6f079d7aba66ffad027c580e084f82,-86,,3,64,,3
09:07:09,,3,2ebf84d4d99253e2361d27a8f3f59a3bfa6f079d7aba66ffad027c580e084f82,-87,,3,64,,3
09:07:10,26.0,3,0fd7ab7e87cef1e244e74a040f58b8be185b2e6b21a3159ca29dec98ed02d8e8,-80,,3,64,,3
09:07:10,26.0,3,047794bb4c2f2eda351361d3db7a7242c0b2f2f3afb8a6327abadeebfff038cc,-77,,3,64,5.0,3
09:07:11,26.0,3,0fd7ab7e87cef1e244e74a040f58b8be185b2e6b21a3159ca29dec98ed02d8e8,-81,,3,64,,3
09:07:12,,3,2ebf84d4d99253e2361d27a8f3f59a3bfa6f079d7aba66ffad027c580e084f82,-85,,3,64,,3
09:07:13,26.0,3,5b80a460565a84267c80d2eb7f3deb0ebe7f1635eedb7af9d4f1058cdfc23971,-91,,3,64,5.0,3
09:07:14,26.0,3,0fd7ab7e87cef1e244e74a040f58b8be185b2e6b21a3159ca29dec98ed02d8e8,-81,,3,64,,3
09:07:14,,3,1fbb69bf6a163df3ff9e2da1ef7a8e6d413f7b38a5956857e0dad8512f9eadae,-84,,3,64,,3
09:07:15,26.0,3,047794bb4c2f2eda351361d3db7a7242c0b2f2f3afb8a6327abadeebfff038cc,-75,,3,64,5.0,3
09:07:16,,3,ea3d4f1f243ff4e199b8f257a81a1d396707e38f44e219fb71e8cde705f7b338,-95,,3,64,,3
09:07:17,,3,2ebf84d4d99253e2361d27a8f3f59a3bfa6f079d7aba66ffad027c580e084f82,-85,,3,64,,3
09:07:18,26.0,3,0fd7ab7e87cef1e244e74a040f58b8be185b2e6b21a3159ca29dec98ed02d8e8,-76,,3,64,,3
09:07:19,,3,2ebf84d4d99253e2361d27a8f3f59a3bfa6f079d7aba66ffad027c580e084f82,-87,,3,64,,3
09:07:19,,3,1fbb69bf6a163df3ff9e2da1ef7a8e6d413f7b38a5956857e0dad8512f9eadae,-83,,3,64,,3
09:07:20,,3,cc35482bc03b74793dc1a115952c3d63a43398b318953afad8415a4d00af8340,-62,,3,64,,3
09:07:21,26.0,3,3385596059ae1e18ce507f87996ab589d57189ff9c0eaf4294239881b1981267,-75,,3,64,5.0,3
09:07:22,26.0,3,3385596059ae1e18ce507f87996ab589d57189ff9c0eaf4294239881b1981267,-79,,3,64,5.0,3
09:07:23,26.0,3,3385596059ae1e18ce507f87996ab589d57189ff9c0eaf4294239881b1981267,-78,,3,64,5.0,3
09:07:23,,3,2ebf84d4d99253e2361d27a8f3f59a3bfa6f079d7aba66ffad027c580e084f82,-91,,3,64,,3
09:07:24,,3,2ebf84d4d99253e2361d27a8f3f59a3bfa6f079d7aba66ffad027c580e084f82,-86,,3,64,,3
09:07:25,26.0,3,0fd7ab7e87cef1e244e74a040f58b8be185b2e6b21a3159ca29dec98ed02d8e8,-78,,3,64,,3
09:07:26,26.0,3,047794bb4c2f2eda351361d3db7a7242c0b2f2f3afb8a6327abadeebfff038cc,-77,,3,64,5.0,3
09:07:27,,3,2ebf84d4d99253e2361d27a8f3f59a3bfa6f079d7aba66ffad027c580e084f82,-89,,3,64,,3
09:07:27,26.0,3,0fd7ab7e87cef1e244e74a040f58b8be185b2e6b21a3159ca29dec98ed02d8e8,-77,,3,64,,3
09:07:28,,3,1fbb69bf6a163df3ff9e2da1ef7a8e6d413f7b38a5956857e0dad8512f9eadae,-86,,3,64,,3
09:07:29,,3,2ebf84d4d99253e2361d27a8f3f59a3bfa6f079d7aba66ffad027c580e084f82,-90,,3,64,,3
09:07:30,26.0,3,0fd7ab7e87cef1e244e74a040f58b8be185b2e6b21a3159ca29dec98ed02d8e8,-76,,3,64,,3
09:07:31,,3,2ebf84d4d99253e2361d27a8f3f59a3bfa6f079d7aba66ffad027c580e084f82,-85,,3,64,,3
09:07:31,,3,1fbb69bf6a163df3ff9e2da1ef7a8e6d413f7b38a5956857e0dad8512f9eadae,-85,,3,64,,3
09:07:32,,3,2ebf84d4d99253e2361d27a8f3f59a3bfa6f079d7aba66ffad027c580e084f82,-86,,3,64,,3
09:07:33,,3,2ebf84d4d99253e2361d27a8f3f59a3bfa6f079d7aba66ffad027c580e084f82,-87,,3,64,,3
09:07:34,,3,1fbb69bf6a163df3ff9e2da1ef7a8e6d413f7b38a5956857e0dad8512f9eadae,-82,,3,64,,3
09:07:35,,3,ea3d4f1f243ff4e199b8f257a81a1d396707e38f44e219fb71e8cde705f7b338,-93,,3,64,,3
09:07:36,26.0,3,047794bb4c2f2eda351361d3db7a7242c0b2f2f3afb8a6327abadeebfff038cc,-77,,3,64,5.0,3
09:07:36,26.0,3,3385596059ae1e18ce507f87996ab589d57189ff9c0eaf4294239881b1981267,-81,,3,64,5.0,3
09:07:37,26.0,3,4ca9613de8601e7c76d8d2fabedc3e4dd72827dfd5a7a1ed85757c6ac8415257,-90,,3,64,,3
09:07:38,26.0,3,ea032d6e5e2608f34d59648ff480a25d4bdc8d25ce4db78f8707a44b207489a2,-91,,3,64,7.0,3
09:07:39,26.0,3,569bafa3d9abee58ebc3ff0e4102efc6da7ac16f9e1f47165eafed875b1b70e3,-87,,3,64,12.0,3
09:07:40,,3,1fbb69bf6a163df3ff9e2da1ef7a8e6d413f7b38a5956857e0dad8512f9eadae,-84,,3,64,,3
09:07:40,26.0,3,0fd7ab7e87cef1e244e74a040f58b8be185b2e6b21a3159ca29dec98ed02d8e8,-79,,3,64,,3
09:07:41,,3,2ebf84d4d99253e2361d27a8f3f59a3bfa6f079d7aba66ffad027c580e084f82,-83,,3,64,,3
09:07:42,,3,2ebf84d4d99253e2361d27a8f3f59a3bfa6f079d7aba66ffad027c580e084f82,-87,,3,64,,3
09:07:43,26.0,3,569bafa3d9abee58ebc3ff0e4102efc6da7ac16f9e1f47165eafed875b1b70e3,-84,,3,64,12.0,3
09:07:44,26.0,3,0fd7ab7e87cef1e244e74a040f58b8be185b2e6b21a3159ca29dec98ed02d8e8,-79,,3,64,,3
09:07:44,,3,ea3d4f1f243ff4e199b8f257a81a1d396707e38f44e219fb71e8cde705f7b338,-93,,3,64,,3
09:07:45,,3,ea3d4f1f243ff4e199b8f257a81a1d396707e38f44e219fb71e8cde705f7b338,-90,,3,64,,3
09:07:46,,3,2ebf84d4d99253e2361d27a8f3f59a3bfa6f079d7aba66ffad027c580e084f82,-89,,3,64,,3
09:07:47,26.0,3,047794bb4c2f2eda351361d3db7a7242c0b2f2f3afb8a6327abadeebfff038cc,-80,,3,64,5.0,3
09:07:48,,3,1fbb69bf6a163df3ff9e2da1ef7a8e6d413f7b38a5956857e0dad8512f9eadae,-86,,3,64,,3
09:07:48,,3,1fbb69bf6a163df3ff9e2da1ef7a8e6d413f7b38a5956857e0dad8512f9eadae,-85,,3,64,,3
09:07:49,26.0,3,047794bb4c2f2eda351361d3db7a7242c0b2f2f3afb8a6327abadeebfff038cc,-76,,3,64,5.0,3
09:07:50,26.0,3,0fd7ab7e87cef1e244e74a040f58b8be185b2e6b21a3159ca29dec98ed02d8e8,-81,,3,64,,3
09:07:51,26.0,3,3385596059ae1e18ce507f87996ab589d57189ff9c0eaf4294239881b1981267,-77,,3,64,5.0,3
09:07:52,,3,2ebf84d4d99253e2361d27a8f3f59a3bfa6f079d7aba66ffad027c580e084f82,-89,,3,64,,3
09:07:53,26.0,3,4ca9613de8601e7c76d8d2fabedc3e4dd72827dfd5a7a1ed85757c6ac8415257,-90,,3,64,,3
09:07:53,26.0,3,0fd7ab7e87cef1e244e74a040f58b8be185b2e6b21a3159ca29dec98ed02d8e8,-78,,3,64,,3
09:07:54,,3,cc35482bc03b74793dc1a115952c3d63a43398b318953afad8415a4d00af8340,-61,,3,64,,3
09:07:55,,3,2ebf84d4d99253e2361d27a8f3f59a3bfa6f079d7aba66ffad027c580e084f82,-90,,3,64,,3
09:07:56,,3,1fbb69bf6a163df3ff9e2da1ef7a8e6d413f7b38a5956857e0dad8512f9eadae,-84,,3,64,,3
09:07:57,26.0,3,58ec908d3d9d27510614124f08adb33d1e2b029890f8df06cf520608a9d73799,-87,,3,64,8.0,3
09:07:57,26.0,3,135a52d17b03ad6f0af11c16de9f06a57b1a9a6f52fb0ad545073cb7757141a4,-93,,3,64,5.0,3
09:07:58,,3,2ebf84d4d99253e2361d27a8f3f59a3bfa6f079d7aba66ffad027c580e084f82,-88,,3,64,,3
09:07:59,,3,1fbb69bf6a163df3ff9e2da1ef7a8e6d413f7b38a5956857e0dad8512f9eadae,-88,,3,64,,3
09:08:00,26.0,3,0fd7ab7e87cef1e244e74a040f58b8be185b2e6b21a3159ca29dec98ed02d8e8,-79,,3,64,,3
09:08:01,,3,2ebf84d4d99253e2361d27a8f3f59a3bfa6f079d7aba66ffad027c580e084f82,-90,,3,64,,3
09:08:01,,3,1fbb69bf6a163df3ff9e2da1ef7a8e6d413f7b38a5956857e0dad8512f9eadae,-87,,3,64,,3
09:08:02,,3,2ebf84d4d99253e2361d27a8f3f59a3bfa6f079d7aba66ffad027c580e084f82,-88,,3,64,,3
09:08:03,,3,1fbb69bf6a163df3ff9e2da1ef7a8e6d413f7b38a5956857e0dad8512f9eadae,-90,,3,64,,3
09:08:04,,3,2ebf84d4d99253e2361d27a8f3f59a3bfa6f079d7aba66ffad027c580e084f82,-90,,3,64,,3
09:08:05,,3,1fbb69bf6a163df3ff9e2da1ef7a8e6d413f7b38a5956857e0dad8512f9eadae,-92,,3,64,,3
09:08:05,,3,2ebf84d4d99253e2361d27a8f3f59a3bfa6f079d7aba66ffad027c580e084f82,-86,,3,64,,3
09:08:06,,3,56f3e3525f761f9fc51bba41ac7dc8049f2664dca7fb904bcb5845660369d1d7,-87,,3,64,,3
09:08:07,,3,56f3e3525f761f9fc51bba41ac7dc8049f2664dca7fb904bcb5845660369d1d7,-92,,3,64,,3
09:08:08,,3,56f3e3525f761f9fc51bba41ac7dc8049f2664dca7fb904bcb5845660369d1d7,-89,,3,64,,3
09:08:09,,3,1fbb69bf6a163df3ff9e2da1ef7a8e6d413f7b38a5956857e0dad8512f9eadae,-88,,3,64,,3
09:08:10,,3,56f3e3525f761f9fc51bba41ac7dc8049f2664dca7fb904bcb5845660369d1d7,-83,,3,64,,3
09:08:10,,3,56f3e3525f761f9fc51bba41ac7dc8049f2664dca7fb904bcb5845660369d1d7,-90,,3,64,,3
09:08:11,,3,1fbb69bf6a163df3ff9e2da1ef7a8e6d413f7b38a5956857e0dad8512f9eadae,-90,,3,64,,3
09:08:12,,3,56f3e3525f761f9fc51bba41ac7dc8049f2664dca7fb904bcb5845660369d1d7,-89,,3,64,,3
09:08:13,,3,1fbb69bf6a163df3ff9e2da1ef7a8e6d413f7b38a5956857e0dad8512f9eadae,-92,,3,64,,3
09:08:14,26.0,3,55d2f536175c16b43a3aae27b84be3afddcd2007727d37a880cf11b9566c57a3,-93,,3,64,12.0,3
09:08:14,,3,56f3e3525f761f9fc51bba41ac7dc8049f2664dca7fb904bcb5845660369d1d7,-89,,3,64,,3
09:08:15,,3,56f3e3525f761f9fc51bba41ac7dc8049f2664dca7fb904bcb5845660369d1d7,-89,,3,64,,3
09:08:16,26.0,3,569bafa3d9abee58ebc3ff0e4102efc6da7ac16f9e1f47165eafed875b1b70e3,-83,,3,64,12.0,3
09:08:17,,3,1fbb69bf6a163df3ff9e2da1ef7a8e6d413f7b38a5956857e0dad8512f9eadae,-94,,3,64,,3
09:08:18,,3,56f3e3525f761f9fc51bba41ac7dc8049f2664dca7fb904bcb5845660369d1d7,-85,,3,64,,3
09:08:18,,3,56f3e3525f761f9fc51bba41ac7dc8049f2664dca7fb904bcb5845660369d1d7,-87,,3,64,,3
09:08:19,26.0,3,4ca9613de8601e7c76d8d2fabedc3e4dd72827dfd5a7a1ed85757c6ac8415257,-90,,3,64,,3
09:08:20,,3,56f3e3525f761f9fc51bba41ac7dc8049f2664dca7fb904bcb5845660369d1d7,-89,,3,64,,3
09:08:21,26.0,3,55d2f536175c16b43a3aae27b84be3afddcd2007727d37a880cf11b9566c57a3,-92,,3,64,12.0,3
09:08:22,,3,56f3e3525f761f9fc51bba41ac7dc8049f2664dca7fb904bcb5845660369d1d7,-83,,3,64,,3
09:08:23,,3,1fbb69bf6a163df3ff9e2da1ef7a8e6d413f7b38a5956857e0dad8512f9eadae,-88,,3,64,,3
09:08:23,,3,56f3e3525f761f9fc51bba41ac7dc8049f2664dca7fb904bcb5845660369d1d7,-84,,3,64,,3
09:08:24,,3,1fbb69bf6a163df3ff9e2da1ef7a8e6d413f7b38a5956857e0dad8512f9eadae,-91,,3,64,,3
09:08:25,,3,1fbb69bf6a163df3ff9e2da1ef7a8e6d413f7b38a5956857e0dad8512f9eadae,-90,,3,64,,3
09:08:26,,3,56f3e3525f761f9fc51bba41ac7dc8049f2664dca7fb904bcb5845660369d1d7,-81,,3,64,,3
09:08:27,26.0,3,135a52d17b03ad6f0af11c16de9f06a57b1a9a6f52fb0ad545073cb7757141a4,-92,,3,64,5.0,3
09:08:27,,3,56f3e3525f761f9fc51bba41ac7dc8049f2664dca7fb904bcb5845660369d1d7,-81,,3,64,,3
09:08:28,,3,56f3e3525f761f9fc51bba41ac7dc8049f2664dca7fb904bcb5845660369d1d7,-91,,3,64,,3
09:08:29,,3,1fbb69bf6a163df3ff9e2da1ef7a8e6d413f7b38a5956857e0dad8512f9eadae,-89,,3,64,,3
09:08:30,26.0,3,58ec908d3d9d27510614124f08adb33d1e2b029890f8df06cf520608a9d73799,-85,,3,64,8.0,3
09:08:31,26.0,3,569bafa3d9abee58ebc3ff0e4102efc6da7ac16f9e1f47165eafed875b1b70e3,-94,,3,64,12.0,3
09:08:31,26.0,3,ea032d6e5e2608f34d59648ff480a25d4bdc8d25ce4db78f8707a44b207489a2,-87,,3,64,7.0,3
09:08:32,,3,0fc9476c9a7351b9980291ca31ff37f1286c87110d6859d49f4e9398daf67460,-88,,3,64,,3
09:08:33,,3,56f3e3525f761f9fc51bba41ac7dc8049f2664dca7fb904bcb5845660369d1d7,-90,,3,64,,3
09:08:34,,3,56f3e3525f761f9fc51bba41ac7dc8049f2664dca7fb904bcb5845660369d1d7,-89,,3,64,,3
09:08:35,26.0,3,ea032d6e5e2608f34d59648ff480a25d4bdc8d25ce4db78f8707a44b207489a2,-87,,3,64,7.0,3
09:08:35,,3,56f3e3525f761f9fc51bba41ac7dc8049f2664dca7fb904bcb5845660369d1d7,-87,,3,64,,3
09:08:36,,3,56f3e3525f761f9fc51bba41ac7dc8049f2664dca7fb904bcb5845660369d1d7,-87,,3,64,,3
09:08:37,,3,56f3e3525f761f9fc51bba41ac7dc8049f2664dca7fb904bcb5845660369d1d7,-83,,3,64,,3
09:08:38,,3,56f3e3525f761f9fc51bba41ac7dc8049f2664dca7fb904bcb5845660369d1d7,-87,,3,64,,3
09:08:39,,3,56f3e3525f761f9fc51bba41ac7dc8049f2664dca7fb904bcb5845660369d1d7,-88,,3,64,,3
09:08:40,,3,56f3e3525f761f9fc51bba41ac7dc8049f2664dca7fb904bcb5845660369d1d7,-83,,3,64,,3
09:08:40,,3,97a75ebb7525935930306a26d8c88d6ee7abf62b6cd2f6901ed7c9827953e88d,-87,,3,64,,3
09:08:41,,3,1fbb69bf6a163df3ff9e2da1ef7a8e6d413f7b38a5956857e0dad8512f9eadae,-89,,3,64,,3
09:08:42,26.0,3,58ec908d3d9d27510614124f08adb33d1e2b029890f8df06cf520608a9d73799,-85,,3,64,8.0,3
09:08:43,26.0,3,55d2f536175c16b43a3aae27b84be3afddcd2007727d37a880cf11b9566c57a3,-94,,3,64,,3
09:08:44,,3,56f3e3525f761f9fc51bba41ac7dc8049f2664dca7fb904bcb5845660369d1d7,-88,,3,64,,3
09:08:44,,3,0fc9476c9a7351b9980291ca31ff37f1286c87110d6859d49f4e9398daf67460,-88,,3,64,,3
09:08:45,,3,1fbb69bf6a163df3ff9e2da1ef7a8e6d413f7b38a5956857e0dad8512f9eadae,-88,,3,64,,3
09:08:46,,3,1fbb69bf6a163df3ff9e2da1ef7a8e6d413f7b38a5956857e0dad8512f9eadae,-92,,3,64,,3
09:08:47,,3,56f3e3525f761f9fc51bba41ac7dc8049f2664dca7fb904bcb5845660369d1d7,-86,,3,64,,3
09:08:48,,3,1fbb69bf6a163df3ff9e2da1ef7a8e6d413f7b38a5956857e0dad8512f9eadae,-89,,3,64,,3
09:08:48,,3,1fbb69bf6a163df3ff9e2da1ef7a8e6d413f7b38a5956857e0dad8512f9eadae,-93,,3,64,,3
09:08:49,,3,1fbb69bf6a163df3ff9e2da1ef7a8e6d413f7b38a5956857e0dad8512f9eadae,-92,,3,64,,3
09:08:50,,3,56f3e3525f761f9fc51bba41ac7dc8049f2664dca7fb904bcb5845660369d1d7,-82,,3,64,,3
09:08:51,,3,1fbb69bf6a163df3ff9e2da1ef7a8e6d413f7b38a5956857e0dad8512f9eadae,-91,,3,64,,3
09:08:52,26.0,3,ea032d6e5e2608f34d59648ff480a25d4bdc8d25ce4db78f8707a44b207489a2,-91,,3,64,7.0,3
09:08:52,,3,56f3e3525f761f9fc51bba41ac7dc8049f2664dca7fb904bcb5845660369d1d7,-85,,3,64,,3
09:08:53,,3,56f3e3525f761f9fc51bba41ac7dc8049f2664dca7fb904bcb5845660369d1d7,-89,,3,64,,3
09:08:54,,3,56f3e3525f761f9fc51bba41ac7dc8049f2664dca7fb904bcb5845660369d1d7,-84,,3,64,,3
09:08:55,,3,1fbb69bf6a163df3ff9e2da1ef7a8e6d413f7b38a5956857e0dad8512f9eadae,-89,,3,64,,3
09:08:56,,3,1fbb69bf6a163df3ff9e2da1ef7a8e6d413f7b38a5956857e0dad8512f9eadae,-92,,3,64,,3
09:08:56,,3,56f3e3525f761f9fc51bba41ac7dc8049f2664dca7fb904bcb5845660369d1d7,-84,,3,64,,3
09:08:57,,3,56f3e3525f761f9fc51bba41ac7dc8049f2664dca7fb904bcb5845660369d1d7,-88,,3,64,,3
09:08:58,,3,1fbb69bf6a163df3ff9e2da1ef7a8e6d413f7b38a5956857e0dad8512f9eadae,-93,,3,64,,3
09:08:59,,3,56f3e3525f761f9fc51bba41ac7dc8049f2664dca7fb904bcb5845660369d1d7,-89,,3,64,,3
09:09:00,,3,1fbb69bf6a163df3ff9e2da1ef7a8e6d413f7b38a5956857e0dad8512f9eadae,-90,,3,64,,3
09:09:01,,3,56f3e3525f761f9fc51bba41ac7dc8049f2664dca7fb904bcb5845660369d1d7,-86,,3,64,,3
09:09:01,,3,56f3e3525f761f9fc51bba41ac7dc8049f2664dca7fb904bcb5845660369d1d7,-88,,3,64,,3
09:09:02,6.0,3,d1de0ddb51e6fdcb1eeb0a80d815c6b9a0c610ff82e78b630f80a717ef6f14a5,-91,Cb40,3,64,,3
09:09:03,,3,1fbb69bf6a163df3ff9e2da1ef7a8e6d413f7b38a5956857e0dad8512f9eadae,-90,,3,64,,3
09:09:04,,3,56f3e3525f761f9fc51bba41ac7dc8049f2664dca7fb904bcb5845660369d1d7,-89,,3,64,,3
09:09:05,,3,1fbb69bf6a163df3ff9e2da1ef7a8e6d413f7b38a5956857e0dad8512f9eadae,-93,,3,64,,3
09:09:05,26.0,3,55d2f536175c16b43a3aae27b84be3afddcd2007727d37a880cf11b9566c57a3,-91,,3,64,,3
09:09:06,,3,cc35482bc03b74793dc1a115952c3d63a43398b318953afad8415a4d00af8340,-66,,3,64,,3
09:09:07,,3,56f3e3525f761f9fc51bba41ac7dc8049f2664dca7fb904bcb5845660369d1d7,-88,,3,64,,3
09:09:08,,3,56f3e3525f761f9fc51bba41ac7dc8049f2664dca7fb904bcb5845660369d1d7,-92,,3,64,,3
09:09:09,,3,1fbb69bf6a163df3ff9e2da1ef7a8e6d413f7b38a5956857e0dad8512f9eadae,-93,,3,64,,3
09:09:09,,3,56f3e3525f761f9fc51bba41ac7dc8049f2664dca7fb904bcb5845660369d1d7,-81,,3,64,,3
09:09:10,,3,56f3e3525f761f9fc51bba41ac7dc8049f2664dca7fb904bcb5845660369d1d7,-89,,3,64,,3
09:09:11,,3,56f3e3525f761f9fc51bba41ac7dc8049f2664dca7fb904bcb5845660369d1d7,-93,,3,64,,3
09:09:12,,3,56f3e3525f761f9fc51bba41ac7dc8049f2664dca7fb904bcb5845660369d1d7,-84,,3,64,,3
09:09:13,26.0,3,135a52d17b03ad6f0af11c16de9f06a57b1a9a6f52fb0ad545073cb7757141a4,-92,,3,64,5.0,3
09:09:14,6.0,3,d1de0ddb51e6fdcb1eeb0a80d815c6b9a0c610ff82e78b630f80a717ef6f14a5,-94,Cb40,3,64,,3
09:09:14,,3,56f3e3525f761f9fc51bba41ac7dc8049f2664dca7fb904bcb5845660369d1d7,-82,,3,64,,3
09:09:15,26.0,3,55d2f536175c16b43a3aae27b84be3afddcd2007727d37a880cf11b9566c57a3,-91,,3,64,,3
09:09:16,,3,84bac552e41335273d66f6eb067ff23ef3b5a39d9d0bff2ab4890cf97bed0487,-93,,3,64,,3
09:09:17,26.0,3,4ca9613de8601e7c76d8d2fabedc3e4dd72827dfd5a7a1ed85757c6ac8415257,-91,,3,64,,3
09:09:18,,3,1fbb69bf6a163df3ff9e2da1ef7a8e6d413f7b38a5956857e0dad8512f9eadae,-89,,3,64,,3
09:09:18,26.0,3,55d2f536175c16b43a3aae27b84be3afddcd2007727d37a880cf11b9566c57a3,-88,,3,64,,3
09:09:19,26.0,3,55d2f536175c16b43a3aae27b84be3afddcd2007727d37a880cf11b9566c57a3,-91,,3,64,,3
09:09:20,26.0,3,4ca9613de8601e7c76d8d2fabedc3e4dd72827dfd5a7a1ed85757c6ac8415257,-89,,3,64,,3
09:09:21,,3,1fbb69bf6a163df3ff9e2da1ef7a8e6d413f7b38a5956857e0dad8512f9eadae,-88,,3,64,,3
09:09:22,,3,56f3e3525f761f9fc51bba41ac7dc8049f2664dca7fb904bcb5845660369d1d7,-83,,3,64,,3
09:09:22,,3,1fbb69bf6a163df3ff9e2da1ef7a8e6d413f7b38a5956857e0dad8512f9eadae,-87,,3,64,,3
09:09:23,26.0,3,58ec908d3d9d27510614124f08adb33d1e2b029890f8df06cf520608a9d73799,-87,,3,64,8.0,3
09:09:24,,3,56f3e3525f761f9fc51bba41ac7dc8049f2664dca7fb904bcb5845660369d1d7,-83,,3,64,,3
09:09:25,,3,56f3e3525f761f9fc51bba41ac7dc8049f2664dca7fb904bcb5845660369d1d7,-86,,3,64,,3
09:09:26,26.0,3,135a52d17b03ad6f0af11c16de9f06a57b1a9a6f52fb0ad545073cb7757141a4,-90,,3,64,5.0,3
09:09:26,26.0,3,4ca9613de8601e7c76d8d2fabedc3e4dd72827dfd5a7a1ed85757c6ac8415257,-92,,3,64,,3
09:09:27,26.0,3,135a52d17b03ad6f0af11c16de9f06a57b1a9a6f52fb0ad545073cb7757141a4,-88,,3,64,5.0,3
09:09:28,,3,56f3e3525f761f9fc51bba41ac7dc8049f2664dca7fb904bcb5845660369d1d7,-81,,3,64,,3
09:09:29,26.0,3,58ec908d3d9d27510614124f08adb33d1e2b029890f8df06cf520608a9d73799,-88,,3,64,8.0,3
09:09:30,,3,1fbb69bf6a163df3ff9e2da1ef7a8e6d413f7b38a5956857e0dad8512f9eadae,-88,,3,64,,3
09:09:31,,3,7205b88cb1bf3cca8a37281a43eab11c1dcd5bc170f06bf2c58c988fbee4ba9b,-96,,3,64,,3
09:09:31,26.0,3,4ca9613de8601e7c76d8d2fabedc3e4dd72827dfd5a7a1ed85757c6ac8415257,-91,,3,64,,3
09:09:32,,3,56f3e3525f761f9fc51bba41ac7dc8049f2664dca7fb904bcb5845660369d1d7,-90,,3,64,,3
09:09:33,,3,56f3e3525f761f9fc51bba41ac7dc8049f2664dca7fb904bcb5845660369d1d7,-81,,3,64,,3
09:09:34,,3,1fbb69bf6a163df3ff9e2da1ef7a8e6d413f7b38a5956857e0dad8512f9eadae,-88,,3,64,,3
09:09:35,26.0,3,58ec908d3d9d27510614124f08adb33d1e2b029890f8df06cf520608a9d73799,-84,,3,64,8.0,3
09:09:35,,3,56f3e3525f761f9fc51bba41ac7dc8049f2664dca7fb904bcb5845660369d1d7,-89,,3,64,,3
09:09:36,,3,56f3e3525f761f9fc51bba41ac7dc8049f2664dca7fb904bcb5845660369d1d7,-81,,3,64,,3
09:09:37,,3,7205b88cb1bf3cca8a37281a43eab11c1dcd5bc170f06bf2c58c988fbee4ba9b,-95,,3,64,,3
09:09:38,,3,56f3e3525f761f9fc51bba41ac7dc8049f2664dca7fb904bcb5845660369d1d7,-89,,3,64,,3
09:09:39,,3,56f3e3525f761f9fc51bba41ac7dc8049f2664dca7fb904bcb5845660369d1d7,-78,,3,64,,3
09:09:39,,3,56f3e3525f761f9fc51bba41ac7dc8049f2664dca7fb904bcb5845660369d1d7,-90,,3,64,,3
09:09:40,,3,56f3e3525f761f9fc51bba41ac7dc8049f2664dca7fb904bcb5845660369d1d7,-86,,3,64,,3
09:09:41,26.0,3,58ec908d3d9d27510614124f08adb33d1e2b029890f8df06cf520608a9d73799,-84,,3,64,8.0,3
09:09:42,,3,56f3e3525f761f9fc51bba41ac7dc8049f2664dca7fb904bcb5845660369d1d7,-87,,3,64,,3
09:09:43,,3,56f3e3525f761f9fc51bba41ac7dc8049f2664dca7fb904bcb5845660369d1d7,-79,,3,64,,3
09:09:43,,3,56f3e3525f761f9fc51bba41ac7dc8049f2664dca7fb904bcb5845660369d1d7,-88,,3,64,,3
09:09:44,,3,cc35482bc03b74793dc1a115952c3d63a43398b318953afad8415a4d00af8340,-61,,3,64,,3
09:09:45,,3,56f3e3525f761f9fc51bba41ac7dc8049f2664dca7fb904bcb5845660369d1d7,-79,,3,64,,3
09:09:46,,3,f62ad4a5f1480762d1bb7d3de37ad74c39466613fcfe485144677431e93e7131,-88,,3,64,,3
09:09:47,26.0,3,58ec908d3d9d27510614124f08adb33d1e2b029890f8df06cf520608a9d73799,-89,,3,64,8.0,3
09:09:47,,3,56f3e3525f761f9fc51bba41ac7dc8049f2664dca7fb904bcb5845660369d1d7,-88,,3,64,,3
09:09:48,26.0,3,569bafa3d9abee58ebc3ff0e4102efc6da7ac16f9e1f47165eafed875b1b70e3,-93,,3,64,12.0,3
09:09:49,,3,7205b88cb1bf3cca8a37281a43eab11c1dcd5bc170f06bf2c58c988fbee4ba9b,-93,,3,64,,3
09:09:50,,3,f62ad4a5f1480762d1bb7d3de37ad74c39466613fcfe485144677431e93e7131,-90,,3,64,,3
09:09:51,,3,7205b88cb1bf3cca8a37281a43eab11c1dcd5bc170f06bf2c58c988fbee4ba9b,-97,,3,64,,3
09:09:52,,3,56f3e3525f761f9fc51bba41ac7dc8049f2664dca7fb904bcb5845660369d1d7,-88,,3,64,,3
09:09:52,,3,56f3e3525f761f9fc51bba41ac7dc8049f2664dca7fb904bcb5845660369d1d7,-86,,3,64,,3
09:09:53,,3,56f3e3525f761f9fc51bba41ac7dc8049f2664dca7fb904bcb5845660369d1d7,-88,,3,64,,3
09:09:54,,3,84bac552e41335273d66f6eb067ff23ef3b5a39d9d0bff2ab4890cf97bed0487,-94,,3,64,,3
09:09:55,26.0,3,4ca9613de8601e7c76d8d2fabedc3e4dd72827dfd5a7a1ed85757c6ac8415257,-85,,3,64,,3
09:09:56,26.0,3,4ca9613de8601e7c76d8d2fabedc3e4dd72827dfd5a7a1ed85757c6ac8415257,-89,,3,64,,3
09:09:56,26.0,3,55d2f536175c16b43a3aae27b84be3afddcd2007727d37a880cf11b9566c57a3,-87,,3,64,,3
09:09:57,,3,56f3e3525f761f9fc51bba41ac7dc8049f2664dca7fb904bcb5845660369d1d7,-82,,3,64,,3
09:09:58,,3,f62ad4a5f1480762d1bb7d3de37ad74c39466613fcfe485144677431e93e7131,-89,,3,64,,3
09:09:59,26.0,3,4ca9613de8601e7c76d8d2fabedc3e4dd72827dfd5a7a1ed85757c6ac8415257,-90,,3,64,,3
09:10:00,,3,7205b88cb1bf3cca8a37281a43eab11c1dcd5bc170f06bf2c58c988fbee4ba9b,-93,,3,64,,3
09:10:00,,3,56f3e3525f761f9fc51bba41ac7dc8049f2664dca7fb904bcb5845660369d1d7,-87,,3,64,,3
09:10:01,26.0,3,4ca9613de8601e7c76d8d2fabedc3e4dd72827dfd5a7a1ed85757c6ac8415257,-89,,3,64,,3
09:10:02,,3,84bac552e41335273d66f6eb067ff23ef3b5a39d9d0bff2ab4890cf97bed0487,-88,,3,64,,3
09:10:03,,3,56f3e3525f761f9fc51bba41ac7dc8049f2664dca7fb904bcb5845660369d1d7,-90,,3,64,,3
09:10:04,,3,7205b88cb1bf3cca8a37281a43eab11c1dcd5bc170f06bf2c58c988fbee4ba9b,-95,,3,64,,3
09:10:05,,3,56f3e3525f761f9fc51bba41ac7dc8049f2664dca7fb904bcb5845660369d1d7,-82,,3,64,,3
09:10:05,,3,f62ad4a5f1480762d1bb7d3de37ad74c39466613fcfe485144677431e93e7131,-90,,3,64,,3
09:10:06,,3,97a75ebb7525935930306a26d8c88d6ee7abf62b6cd2f6901ed7c9827953e88d,-89,,3,64,,3
09:10:07,,3,56f3e3525f761f9fc51bba41ac7dc8049f2664dca7fb904bcb5845660369d1d7,-84,,3,64,,3
09:10:08,,3,56f3e3525f761f9fc51bba41ac7dc8049f2664dca7fb904bcb5845660369d1d7,-84,,3,64,,3
09:10:09,,3,56f3e3525f761f9fc51bba41ac7dc8049f2664dca7fb904bcb5845660369d1d7,-88,,3,64,,3
09:10:09,,3,56f3e3525f761f9fc51bba41ac7dc8049f2664dca7fb904bcb5845660369d1d7,-91,,3,64,,3
09:10:10,,3,f62ad4a5f1480762d1bb7d3de37ad74c39466613fcfe485144677431e93e7131,-91,,3,64,,3
09:10:11,26.0,3,58ec908d3d9d27510614124f08adb33d1e2b029890f8df06cf520608a9d73799,-86,,3,64,8.0,3
09:10:12,,3,56f3e3525f761f9fc51bba41ac7dc8049f2664dca7fb904bcb5845660369d1d7,-90,,3,64,,3
09:10:13,26.0,3,ea032d6e5e2608f34d59648ff480a25d4bdc8d25ce4db78f8707a44b207489a2,-93,,3,64,7.0,3
09:10:13,,3,56f3e3525f761f9fc51bba41ac7dc8049f2664dca7fb904bcb5845660369d1d7,-85,,3,64,,3
09:10:14,,3,f62ad4a5f1480762d1bb7d3de37ad74c39466613fcfe485144677431e93e7131,-90,,3,64,,3
09:10:15,,3,56f3e3525f761f9fc51bba41ac7dc8049f2664dca7fb904bcb5845660369d1d7,-81,,3,64,,3
09:10:16,,3,f62ad4a5f1480762d1bb7d3de37ad74c39466613fcfe485144677431e93e7131,-89,,3,64,,3
09:10:17,26.0,3,4ca9613de8601e7c76d8d2fabedc3e4dd72827dfd5a7a1ed85757c6ac8415257,-85,,3,64,,3
09:10:17,26.0,3,4ca9613de8601e7c76d8d2fabedc3e4dd72827dfd5a7a1ed85757c6ac8415257,-93,,3,64,,3
09:10:18,,3,f62ad4a5f1480762d1bb7d3de37ad74c39466613fcfe485144677431e93e7131,-89,,3,64,,3
09:10:19,,3,56f3e3525f761f9fc51bba41ac7dc8049f2664dca7fb904bcb5845660369d1d7,-87,,3,64,,3
09:10:20,,3,f62ad4a5f1480762d1bb7d3de37ad74c39466613fcfe485144677431e93e7131,-89,,3,64,,3
09:10:21,26.0,3,569bafa3d9abee58ebc3ff0e4102efc6da7ac16f9e1f47165eafed875b1b70e3,-91,,3,64,12.0,3
09:10:22,,3,56f3e3525f761f9fc51bba41ac7dc8049f2664dca7fb904bcb5845660369d1d7,-88,,3,64,,3
09:10:22,,3,56f3e3525f761f9fc51bba41ac7dc8049f2664dca7fb904bcb5845660369d1d7,-88,,3,64,,3
09:10:23,,3,56f3e3525f761f9fc51bba41ac7dc8049f2664dca7fb904bcb5845660369d1d7,-89,,3,64,,3
09:10:24,26.0,3,135a52d17b03ad6f0af11c16de9f06a57b1a9a6f52fb0ad545073cb7757141a4,-88,,3,64,5.0,3
09:10:25,,3,56f3e3525f761f9fc51bba41ac7dc8049f2664dca7fb904bcb5845660369d1d7,-81,,3,64,,3
09:10:26,26.0,3,135a52d17b03ad6f0af11c16de9f06a57b1a9a6f52fb0ad545073cb7757141a4,-87,,3,64,5.0,3
09:10:26,,3,f62ad4a5f1480762d1bb7d3de37ad74c39466613fcfe485144677431e93e7131,-87,,3,64,,3
09:10:27,26.0,3,55d2f536175c16b43a3aae27b84be3afddcd2007727d37a880cf11b9566c57a3,-87,,3,64,,3
09:10:28,,3,56f3e3525f761f9fc51bba41ac7dc8049f2664dca7fb904bcb5845660369d1d7,-84,,3,64,,3
09:10:29,,3,56f3e3525f761f9fc51bba41ac7dc8049f2664dca7fb904bcb5845660369d1d7,-84,,3,64,,3
09:10:30,,3,f62ad4a5f1480762d1bb7d3de37ad74c39466613fcfe485144677431e93e7131,-89,,3,64,,3
09:10:31,,3,56f3e3525f761f9fc51bba41ac7dc8049f2664dca7fb904bcb5845660369d1d7,-86,,3,64,,3
09:10:31,26.0,3,55d2f536175c16b43a3aae27b84be3afddcd2007727d37a880cf11b9566c57a3,-91,,3,64,,3
09:10:32,,3,56f3e3525f761f9fc51bba41ac7dc8049f2664dca7fb904bcb5845660369d1d7,-81,,3,64,,3
09:10:33,,3,56f3e3525f761f9fc51bba41ac7dc8049f2664dca7fb904bcb5845660369d1d7,-82,,3,64,,3
09:10:34,26.0,3,4ca9613de8601e7c76d8d2fabedc3e4dd72827dfd5a7a1ed85757c6ac8415257,-86,,3,64,,3
09:10:35,,3,56f3e3525f761f9fc51bba41ac7dc8049f2664dca7fb904bcb5845660369d1d7,-87,,3,64,,3
09:10:35,,3,56f3e3525f761f9fc51bba41ac7dc8049f2664dca7fb904bcb5845660369d1d7,-81,,3,64,,3
09:10:36,26.0,3,55d2f536175c16b43a3aae27b84be3afddcd2007727d37a880cf11b9566c57a3,-88,,3,64,,3
09:10:37,,3,f62ad4a5f1480762d1bb7d3de37ad74c39466613fcfe485144677431e93e7131,-88,,3,64,,3
09:10:38,,3,56f3e3525f761f9fc51bba41ac7dc8049f2664dca7fb904bcb5845660369d1d7,-82,,3,64,,3
09:10:39,,3,56f3e3525f761f9fc51bba41ac7dc8049f2664dca7fb904bcb5845660369d1d7,-88,,3,64,,3
09:10:39,26.0,3,135a52d17b03ad6f0af11c16de9f06a57b1a9a6f52fb0ad545073cb7757141a4,-90,,3,64,5.0,3
09:10:40,,3,56f3e3525f761f9fc51bba41ac7dc8049f2664dca7fb904bcb5845660369d1d7,-82,,3,64,,3
09:10:41,,3,56f3e3525f761f9fc51bba41ac7dc8049f2664dca7fb904bcb5845660369d1d7,-86,,3,64,,3
09:10:42,26.0,3,569bafa3d9abee58ebc3ff0e4102efc6da7ac16f9e1f47165eafed875b1b70e3,-91,,3,64,12.0,3
09:10:43,,3,56f3e3525f761f9fc51bba41ac7dc8049f2664dca7fb904bcb5845660369d1d7,-87,,3,64,,3
09:10:43,,3,7205b88cb1bf3cca8a37281a43eab11c1dcd5bc170f06bf2c58c988fbee4ba9b,-95,,3,64,,3
09:10:44,,3,7205b88cb1bf3cca8a37281a43eab11c1dcd5bc170f06bf2c58c988fbee4ba9b,-96,,3,64,,3
09:10:45,,3,56f3e3525f761f9fc51bba41ac7dc8049f2664dca7fb904bcb5845660369d1d7,-81,,3,64,,3
09:10:46,,3,7205b88cb1bf3cca8a37281a43eab11c1dcd5bc170f06bf2c58c988fbee4ba9b,-96,,3,64,,3
09:10:47,,3,f62ad4a5f1480762d1bb7d3de37ad74c39466613fcfe485144677431e93e7131,-92,,3,64,,3
09:10:47,,3,f62ad4a5f1480762d1bb7d3de37ad74c39466613fcfe485144677431e93e7131,-86,,3,64,,3
09:10:48,26.0,3,4ca9613de8601e7c76d8d2fabedc3e4dd72827dfd5a7a1ed85757c6ac8415257,-89,,3,64,,3
09:10:49,26.0,3,55d2f536175c16b43a3aae27b84be3afddcd2007727d37a880cf11b9566c57a3,-89,,3,64,,3
09:10:50,26.0,3,6a101979392e775383940a5bcd96953b99b72451098bff0aa4600a95614a595b,-88,,3,64,7.0,3
09:10:51,,3,56f3e3525f761f9fc51bba41ac7dc8049f2664dca7fb904bcb5845660369d1d7,-82,,3,64,,3
09:10:52,,3,56f3e3525f761f9fc51bba41ac7dc8049f2664dca7fb904bcb5845660369d1d7,-85,,3,64,,3
09:10:52,,3,56f3e3525f761f9fc51bba41ac7dc8049f2664dca7fb904bcb5845660369d1d7,-80,,3,64,,3
09:10:53,,3,56f3e3525f761f9fc51bba41ac7dc8049f2664dca7fb904bcb5845660369d1d7,-85,,3,64,,3
09:10:54,,3,56f3e3525f761f9fc51bba41ac7dc8049f2664dca7fb904bcb5845660369d1d7,-83,,3,64,,3
09:10:55,,3,56f3e3525f761f9fc51bba41ac7dc8049f2664dca7fb904bcb5845660369d1d7,-82,,3,64,,3
09:10:56,,3,f62ad4a5f1480762d1bb7d3de37ad74c39466613fcfe485144677431e93e7131,-93,,3,64,,3
09:10:56,,3,56f3e3525f761f9fc51bba41ac7dc8049f2664dca7fb904bcb5845660369d1d7,-87,,3,64,,3
09:10:57,,3,f62ad4a5f1480762d1bb7d3de37ad74c39466613fcfe485144677431e93e7131,-87,,3,64,,3
09:10:58,,3,f62ad4a5f1480762d1bb7d3de37ad74c39466613fcfe485144677431e93e7131,-92,,3,64,,3
09:10:59,,3,56f3e3525f761f9fc51bba41ac7dc8049f2664dca7fb904bcb5845660369d1d7,-88,,3,64,,3
09:11:00,,3,56f3e3525f761f9fc51bba41ac7dc8049f2664dca7fb904bcb5845660369d1d7,-91,,3,64,,3
09:11:00,,3,f62ad4a5f1480762d1bb7d3de37ad74c39466613fcfe485144677431e93e7131,-92,,3,64,,3
09:11:01,,3,56f3e3525f761f9fc51bba41ac7dc8049f2664dca7fb904bcb5845660369d1d7,-85,,3,64,,3
09:11:02,,3,56f3e3525f761f9fc51bba41ac7dc8049f2664dca7fb904bcb5845660369d1d7,-96,,3,64,,3
09:11:03,,3,7205b88cb1bf3cca8a37281a43eab11c1dcd5bc170f06bf2c58c988fbee4ba9b,-94,,3,64,,3
09:11:04,26.0,3,4ca9613de8601e7c76d8d2fabedc3e4dd72827dfd5a7a1ed85757c6ac8415257,-87,,3,64,,3
09:11:04,,3,7205b88cb1bf3cca8a37281a43eab11c1dcd5bc170f06bf2c58c988fbee4ba9b,-92,,3,64,,3
09:11:05,26.0,3,4ca9613de8601e7c76d8d2fabedc3e4dd72827dfd5a7a1ed85757c6ac8415257,-89,,3,64,,3
09:11:06,26.0,3,4ca9613de8601e7c76d8d2fabedc3e4dd72827dfd5a7a1ed85757c6ac8415257,-90,,3,64,,3
09:11:07,,3,56f3e3525f761f9fc51bba41ac7dc8049f2664dca7fb904bcb5845660369d1d7,-80,,3,64,,3
09:11:08,26.0,3,4ca9613de8601e7c76d8d2fabedc3e4dd72827dfd5a7a1ed85757c6ac8415257,-89,,3,64,,3
09:11:08,,3,56f3e3525f761f9fc51bba41ac7dc8049f2664dca7fb904bcb5845660369d1d7,-82,,3,64,,3
09:11:09,,3,56f3e3525f761f9fc51bba41ac7dc8049f2664dca7fb904bcb5845660369d1d7,-86,,3,64,,3
09:11:10,26.0,3,4ca9613de8601e7c76d8d2fabedc3e4dd72827dfd5a7a1ed85757c6ac8415257,-87,,3,64,,3
09:11:11,,3,56f3e3525f761f9fc51bba41ac7dc8049f2664dca7fb904bcb5845660369d1d7,-85,,3,64,,3
09:11:12,,3,56f3e3525f761f9fc51bba41ac7dc8049f2664dca7fb904bcb5845660369d1d7,-85,,3,64,,3
09:11:12,26.0,3,4ca9613de8601e7c76d8d2fabedc3e4dd72827dfd5a7a1ed85757c6ac8415257,-89,,3,64,,3
09:11:13,,3,f62ad4a5f1480762d1bb7d3de37ad74c39466613fcfe485144677431e93e7131,-95,,3,64,,3
09:11:14,26.0,3,55d2f536175c16b43a3aae27b84be3afddcd2007727d37a880cf11b9566c57a3,-90,,3,64,,3
09:11:15,26.0,3,4ca9613de8601e7c76d8d2fabedc3e4dd72827dfd5a7a1ed85757c6ac8415257,-88,,3,64,,3
09:11:16,,3,56f3e3525f761f9fc51bba41ac7dc8049f2664dca7fb904bcb5845660369d1d7,-94,,3,64,,3
09:11:16,,3,56f3e3525f761f9fc51bba41ac7dc8049f2664dca7fb904bcb5845660369d1d7,-86,,3,64,,3
09:11:17,26.0,3,58ec908d3d9d27510614124f08adb33d1e2b029890f8df06cf520608a9d73799,-91,,3,64,8.0,3
09:11:18,,3,f62ad4a5f1480762d1bb7d3de37ad74c39466613fcfe485144677431e93e7131,-94,,3,64,,3
09:11:19,,3,56f3e3525f761f9fc51bba41ac7dc8049f2664dca7fb904bcb5845660369d1d7,-89,,3,64,,3
09:11:20,26.0,3,55d2f536175c16b43a3aae27b84be3afddcd2007727d37a880cf11b9566c57a3,-89,,3,64,,3
09:11:20,,3,56f3e3525f761f9fc51bba41ac7dc8049f2664dca7fb904bcb5845660369d1d7,-86,,3,64,,3
09:11:21,26.0,3,55d2f536175c16b43a3aae27b84be3afddcd2007727d37a880cf11b9566c57a3,-88,,3,64,,3
09:11:22,26.0,3,4ca9613de8601e7c76d8d2fabedc3e4dd72827dfd5a7a1ed85757c6ac8415257,-95,,3,64,,3
09:11:23,,3,56f3e3525f761f9fc51bba41ac7dc8049f2664dca7fb904bcb5845660369d1d7,-87,,3,64,,3
09:11:24,26.0,3,b4c0ef33c3236d158d739b7f3bb9cbdf24cc51e431422217c23c9defa4b55ffc,-87,,3,64,7.0,3
09:11:25,26.0,3,569bafa3d9abee58ebc3ff0e4102efc6da7ac16f9e1f47165eafed875b1b70e3,-86,,3,64,12.0,3
09:11:25,,3,56f3e3525f761f9fc51bba41ac7dc8049f2664dca7fb904bcb5845660369d1d7,-85,,3,64,,3
09:11:26,,3,97a75ebb7525935930306a26d8c88d6ee7abf62b6cd2f6901ed7c9827953e88d,-89,,3,64,,3
09:11:27,,3,7205b88cb1bf3cca8a37281a43eab11c1dcd5bc170f06bf2c58c988fbee4ba9b,-98,,3,64,,3
09:11:28,,3,0fc9476c9a7351b9980291ca31ff37f1286c87110d6859d49f4e9398daf67460,-90,,3,64,,3
09:11:28,26.0,3,55d2f536175c16b43a3aae27b84be3afddcd2007727d37a880cf11b9566c57a3,-93,,3,64,,3
09:11:29,26.0,3,4ca9613de8601e7c76d8d2fabedc3e4dd72827dfd5a7a1ed85757c6ac8415257,-88,,3,64,,3
09:11:30,26.0,3,135a52d17b03ad6f0af11c16de9f06a57b1a9a6f52fb0ad545073cb7757141a4,-94,,3,64,5.0,3
09:11:31,,3,56f3e3525f761f9fc51bba41ac7dc8049f2664dca7fb904bcb5845660369d1d7,-85,,3,64,,3
09:11:32,,3,56f3e3525f761f9fc51bba41ac7dc8049f2664dca7fb904bcb5845660369d1d7,-83,,3,64,,3
09:11:33,,3,7205b88cb1bf3cca8a37281a43eab11c1dcd5bc170f06bf2c58c988fbee4ba9b,-99,,3,64,,3
09:11:33,26.0,3,4ca9613de8601e7c76d8d2fabedc3e4dd72827dfd5a7a1ed85757c6ac8415257,-87,,3,64,,3
09:11:34,,3,56f3e3525f761f9fc51bba41ac7dc8049f2664dca7fb904bcb5845660369d1d7,-87,,3,64,,3
09:11:35,26.0,3,58ec908d3d9d27510614124f08adb33d1e2b029890f8df06cf520608a9d73799,-93,,3,64,8.0,3
09:11:36,,3,56f3e3525f761f9fc51bba41ac7dc8049f2664dca7fb904bcb5845660369d1d7,-96,,3,64,,3
09:11:37,26.0,3,58ec908d3d9d27510614124f08adb33d1e2b029890f8df06cf520608a9d73799,-91,,3,64,8.0,3
09:11:37,,3,f62ad4a5f1480762d1bb7d3de37ad74c39466613fcfe485144677431e93e7131,-88,,3,64,,3
09:11:38,,3,56f3e3525f761f9fc51bba41ac7dc8049f2664dca7fb904bcb5845660369d1d7,-89,,3,64,,3
09:11:39,,3,56f3e3525f761f9fc51bba41ac7dc8049f2664dca7fb904bcb5845660369d1d7,-79,,3,64,,3
09:11:40,,3,f62ad4a5f1480762d1bb7d3de37ad74c39466613fcfe485144677431e93e7131,-91,,3,64,,3
09:11:41,,3,56f3e3525f761f9fc51bba41ac7dc8049f2664dca7fb904bcb5845660369d1d7,-85,,3,64,,3
09:11:41,26.0,3,55d2f536175c16b43a3aae27b84be3afddcd2007727d37a880cf11b9566c57a3,-84,,3,64,,3
09:11:42,,3,56f3e3525f761f9fc51bba41ac7dc8049f2664dca7fb904bcb5845660369d1d7,-79,,3,64,,3
09:11:43,,3,7205b88cb1bf3cca8a37281a43eab11c1dcd5bc170f06bf2c58c988fbee4ba9b,-90,,3,64,,3
09:11:44,,3,0fc9476c9a7351b9980291ca31ff37f1286c87110d6859d49f4e9398daf67460,-90,,3,64,,3
09:11:45,,3,56f3e3525f761f9fc51bba41ac7dc8049f2664dca7fb904bcb5845660369d1d7,-79,,3,64,,3
09:11:45,,3,56f3e3525f761f9fc51bba41ac7dc8049f2664dca7fb904bcb5845660369d1d7,-81,,3,64,,3
09:11:46,,3,7205b88cb1bf3cca8a37281a43eab11c1dcd5bc170f06bf2c58c988fbee4ba9b,-92,,3,64,,3
09:11:47,26.0,3,569bafa3d9abee58ebc3ff0e4102efc6da7ac16f9e1f47165eafed875b1b70e3,-84,,3,64,12.0,3
09:11:48,,3,56f3e3525f761f9fc51bba41ac7dc8049f2664dca7fb904bcb5845660369d1d7,-80,,3,64,,3
09:11:49,,3,56f3e3525f761f9fc51bba41ac7dc8049f2664dca7fb904bcb5845660369d1d7,-85,,3,64,,3
09:11:49,26.0,3,4ca9613de8601e7c76d8d2fabedc3e4dd72827dfd5a7a1ed85757c6ac8415257,-88,,3,64,,3
09:11:50,,3,56f3e3525f761f9fc51bba41ac7dc8049f2664dca7fb904bcb5845660369d1d7,-80,,3,64,,3
09:11:51,,3,56f3e3525f761f9fc51bba41ac7dc8049f2664dca7fb904bcb5845660369d1d7,-84,,3,64,,3
09:11:52,,3,7205b88cb1bf3cca8a37281a43eab11c1dcd5bc170f06bf2c58c988fbee4ba9b,-93,,3,64,,3
09:11:53,26.0,3,4ca9613de8601e7c76d8d2fabedc3e4dd72827dfd5a7a1ed85757c6ac8415257,-90,,3,64,,3
09:11:53,,3,f62ad4a5f1480762d1bb7d3de37ad74c39466613fcfe485144677431e93e7131,-92,,3,64,,3
09:11:54,,3,56f3e3525f761f9fc51bba41ac7dc8049f2664dca7fb904bcb5845660369d1d7,-88,,3,64,,3
09:11:55,26.0,3,4ca9613de8601e7c76d8d2fabedc3e4dd72827dfd5a7a1ed85757c6ac8415257,-89,,3,64,,3
09:11:56,,3,f62ad4a5f1480762d1bb7d3de37ad74c39466613fcfe485144677431e93e7131,-92,,3,64,,3
09:11:57,26.0,3,4ca9613de8601e7c76d8d2fabedc3e4dd72827dfd5a7a1ed85757c6ac8415257,-88,,3,64,,3
09:11:57,,3,56f3e3525f761f9fc51bba41ac7dc8049f2664dca7fb904bcb5845660369d1d7,-94,,3,64,,3
09:11:58,,3,56f3e3525f761f9fc51bba41ac7dc8049f2664dca7fb904bcb5845660369d1d7,-79,,3,64,,3
09:11:59,26.0,3,b4c0ef33c3236d158d739b7f3bb9cbdf24cc51e431422217c23c9defa4b55ffc,-92,,3,64,7.0,3
09:12:00,26.0,3,4ca9613de8601e7c76d8d2fabedc3e4dd72827dfd5a7a1ed85757c6ac8415257,-91,,3,64,,3
09:12:01,26.0,3,55d2f536175c16b43a3aae27b84be3afddcd2007727d37a880cf11b9566c57a3,-91,,3,64,,3
09:12:01,,3,7205b88cb1bf3cca8a37281a43eab11c1dcd5bc170f06bf2c58c988fbee4ba9b,-93,,3,64,,3
09:12:02,,3,cc35482bc03b74793dc1a115952c3d63a43398b318953afad8415a4d00af8340,-64,,3,64,,3
09:12:03,,3,56f3e3525f761f9fc51bba41ac7dc8049f2664dca7fb904bcb5845660369d1d7,-80,,3,64,,3
09:12:04,,3,56f3e3525f761f9fc51bba41ac7dc8049f2664dca7fb904bcb5845660369d1d7,-83,,3,64,,3
09:12:05,,3,f62ad4a5f1480762d1bb7d3de37ad74c39466613fcfe485144677431e93e7131,-94,,3,64,,3
09:12:06,,3,56f3e3525f761f9fc51bba41ac7dc8049f2664dca7fb904bcb5845660369d1d7,-86,,3,64,,3
09:12:06,26.0,3,569bafa3d9abee58ebc3ff0e4102efc6da7ac16f9e1f47165eafed875b1b70e3,-90,,3,64,12.0,3
09:12:07,,3,f62ad4a5f1480762d1bb7d3de37ad74c39466613fcfe485144677431e93e7131,-93,,3,64,,3
09:12:08,,3,56f3e3525f761f9fc51bba41ac7dc8049f2664dca7fb904bcb5845660369d1d7,-83,,3,64,,3
09:12:09,,3,f62ad4a5f1480762d1bb7d3de37ad74c39466613fcfe485144677431e93e7131,-94,,3,64,,3
09:12:10,,3,56f3e3525f761f9fc51bba41ac7dc8049f2664dca7fb904bcb5845660369d1d7,-89,,3,64,,3
09:12:10,26.0,3,58ec908d3d9d27510614124f08adb33d1e2b029890f8df06cf520608a9d73799,-90,,3,64,8.0,3
09:12:11,,3,f62ad4a5f1480762d1bb7d3de37ad74c39466613fcfe485144677431e93e7131,-92,,3,64,,3
09:12:12,,3,56f3e3525f761f9fc51bba41ac7dc8049f2664dca7fb904bcb5845660369d1d7,-86,,3,64,,3
09:12:13,,3,f62ad4a5f1480762d1bb7d3de37ad74c39466613fcfe485144677431e93e7131,-92,,3,64,,3
09:12:14,,3,56f3e3525f761f9fc51bba41ac7dc8049f2664dca7fb904bcb5845660369d1d7,-89,,3,64,,3
09:12:14,,3,56f3e3525f761f9fc51bba41ac7dc8049f2664dca7fb904bcb5845660369d1d7,-87,,3,64,,3
09:12:15,26.0,3,6a101979392e775383940a5bcd96953b99b72451098bff0aa4600a95614a595b,-93,,3,64,7.0,3
09:12:16,,3,56f3e3525f761f9fc51bba41ac7dc8049f2664dca7fb904bcb5845660369d1d7,-89,,3,64,,3
09:12:17,,3,56f3e3525f761f9fc51bba41ac7dc8049f2664dca7fb904bcb5845660369d1d7,-87,,3,64,,3
09:12:18,26.0,3,55d2f536175c16b43a3aae27b84be3afddcd2007727d37a880cf11b9566c57a3,-88,,3,64,,3
09:12:18,26.0,3,58ec908d3d9d27510614124f08adb33d1e2b029890f8df06cf520608a9d73799,-89,,3,64,8.0,3
09:12:19,,3,7205b88cb1bf3cca8a37281a43eab11c1dcd5bc170f06bf2c58c988fbee4ba9b,-92,,3,64,,3
09:12:20,,3,56f3e3525f761f9fc51bba41ac7dc8049f2664dca7fb904bcb5845660369d1d7,-86,,3,64,,3
09:12:21,,3,56f3e3525f761f9fc51bba41ac7dc8049f2664dca7fb904bcb5845660369d1d7,-89,,3,64,,3
09:12:22,,3,56f3e3525f761f9fc51bba41ac7dc8049f2664dca7fb904bcb5845660369d1d7,-93,,3,64,,3
09:12:22,,3,97a75ebb7525935930306a26d8c88d6ee7abf62b6cd2f6901ed7c9827953e88d,-86,,3,64,,3
09:12:23,,3,56f3e3525f761f9fc51bba41ac7dc8049f2664dca7fb904bcb5845660369d1d7,-85,,3,64,,3
09:12:24,,3,56f3e3525f761f9fc51bba41ac7dc8049f2664dca7fb904bcb5845660369d1d7,-94,,3,64,,3
09:12:25,,3,56f3e3525f761f9fc51bba41ac7dc8049f2664dca7fb904bcb5845660369d1d7,-85,,3,64,,3
09:12:26,,3,56f3e3525f761f9fc51bba41ac7dc8049f2664dca7fb904bcb5845660369d1d7,-86,,3,64,,3
09:12:26,,3,f62ad4a5f1480762d1bb7d3de37ad74c39466613fcfe485144677431e93e7131,-94,,3,64,,3
09:12:27,26.0,3,569bafa3d9abee58ebc3ff0e4102efc6da7ac16f9e1f47165eafed875b1b70e3,-86,,3,64,12.0,3
09:12:28,,3,f62ad4a5f1480762d1bb7d3de37ad74c39466613fcfe485144677431e93e7131,-93,,3,64,,3
09:12:29,,3,f62ad4a5f1480762d1bb7d3de37ad74c39466613fcfe485144677431e93e7131,-90,,3,64,,3
09:12:30,26.0,3,58ec908d3d9d27510614124f08adb33d1e2b029890f8df06cf520608a9d73799,-85,,3,64,8.0,3
09:12:30,,3,56f3e3525f761f9fc51bba41ac7dc8049f2664dca7fb904bcb5845660369d1d7,-86,,3,64,,3
09:12:31,,3,56f3e3525f761f9fc51bba41ac7dc8049f2664dca7fb904bcb5845660369d1d7,-87,,3,64,,3
09:12:32,26.0,3,55d2f536175c16b43a3aae27b84be3afddcd2007727d37a880cf11b9566c57a3,-88,,3,64,,3
09:12:33,,3,56f3e3525f761f9fc51bba41ac7dc8049f2664dca7fb904bcb5845660369d1d7,-86,,3,64,,3
09:12:34,,3,56f3e3525f761f9fc51bba41ac7dc8049f2664dca7fb904bcb5845660369d1d7,-87,,3,64,,3
09:12:35,,3,56f3e3525f761f9fc51bba41ac7dc8049f2664dca7fb904bcb5845660369d1d7,-88,,3,64,,3
09:12:35,26.0,3,4ca9613de8601e7c76d8d2fabedc3e4dd72827dfd5a7a1ed85757c6ac8415257,-89,,3,64,,3
09:12:36,,3,56f3e3525f761f9fc51bba41ac7dc8049f2664dca7fb904bcb5845660369d1d7,-86,,3,64,,3
09:12:37,,3,7205b88cb1bf3cca8a37281a43eab11c1dcd5bc170f06bf2c58c988fbee4ba9b,-94,,3,64,,3
09:12:38,26.0,3,55d2f536175c16b43a3aae27b84be3afddcd2007727d37a880cf11b9566c57a3,-88,,3,64,12.0,3
09:12:39,,3,56f3e3525f761f9fc51bba41ac7dc8049f2664dca7fb904bcb5845660369d1d7,-84,,3,64,,3
09:12:39,,3,56f3e3525f761f9fc51bba41ac7dc8049f2664dca7fb904bcb5845660369d1d7,-87,,3,64,,3
09:12:40,,3,56f3e3525f761f9fc51bba41ac7dc8049f2664dca7fb904bcb5845660369d1d7,-90,,3,64,,3
09:12:41,,3,f62ad4a5f1480762d1bb7d3de37ad74c39466613fcfe485144677431e93e7131,-92,,3,64,,3
09:12:42,26.0,3,58ec908d3d9d27510614124f08adb33d1e2b029890f8df06cf520608a9d73799,-81,,3,64,8.0,3
09:12:43,,3,56f3e3525f761f9fc51bba41ac7dc8049f2664dca7fb904bcb5845660369d1d7,-89,,3,64,,3
09:12:43,,3,f62ad4a5f1480762d1bb7d3de37ad74c39466613fcfe485144677431e93e7131,-92,,3,64,,3
09:12:44,,3,f62ad4a5f1480762d1bb7d3de37ad74c39466613fcfe485144677431e93e7131,-93,,3,64,,3
09:12:45,,3,56f3e3525f761f9fc51bba41ac7dc8049f2664dca7fb904bcb5845660369d1d7,-87,,3,64,,3
09:12:46,,3,56f3e3525f761f9fc51bba41ac7dc8049f2664dca7fb904bcb5845660369d1d7,-88,,3,64,,3
09:12:47,,3,56f3e3525f761f9fc51bba41ac7dc8049f2664dca7fb904bcb5845660369d1d7,-89,,3,64,,3
09:12:47,26.0,3,182aa4b435d64177ca475ec55ea64555cb987ea42b1f5730d6e3aab5ebb0afb2,-89,,3,64,12.0,3
09:12:48,,3,7205b88cb1bf3cca8a37281a43eab11c1dcd5bc170f06bf2c58c988fbee4ba9b,-95,,3,64,,3
09:12:49,,3,56f3e3525f761f9fc51bba41ac7dc8049f2664dca7fb904bcb5845660369d1d7,-87,,3,64,,3
09:12:50,,3,f62ad4a5f1480762d1bb7d3de37ad74c39466613fcfe485144677431e93e7131,-92,,3,64,,3
09:12:51,,3,f62ad4a5f1480762d1bb7d3de37ad74c39466613fcfe485144677431e93e7131,-89,,3,64,,3
09:12:51,26.0,3,58ec908d3d9d27510614124f08adb33d1e2b029890f8df06cf520608a9d73799,-88,,3,64,8.0,3
09:12:52,,3,f62ad4a5f1480762d1bb7d3de37ad74c39466613fcfe485144677431e93e7131,-93,,3,64,,3
09:12:53,26.0,3,569bafa3d9abee58ebc3ff0e4102efc6da7ac16f9e1f47165eafed875b1b70e3,-88,,3,64,12.0,3
09:12:54,,3,56f3e3525f761f9fc51bba41ac7dc8049f2664dca7fb904bcb5845660369d1d7,-86,,3,64,,3
09:12:55,,3,f62ad4a5f1480762d1bb7d3de37ad74c39466613fcfe485144677431e93e7131,-94,,3,64,,3
09:12:55,,3,56f3e3525f761f9fc51bba41ac7dc8049f2664dca7fb904bcb5845660369d1d7,-87,,3,64,,3
09:12:56,,3,7205b88cb1bf3cca8a37281a43eab11c1dcd5bc170f06bf2c58c988fbee4ba9b,-95,,3,64,,3
09:12:57,,3,56f3e3525f761f9fc51bba41ac7dc8049f2664dca7fb904bcb5845660369d1d7,-87,,3,64,,3
09:12:58,,3,f62ad4a5f1480762d1bb7d3de37ad74c39466613fcfe485144677431e93e7131,-92,,3,64,,3
09:12:59,,3,56f3e3525f761f9fc51bba41ac7dc8049f2664dca7fb904bcb5845660369d1d7,-88,,3,64,,3
09:12:59,,3,f62ad4a5f1480762d1bb7d3de37ad74c39466613fcfe485144677431e93e7131,-89,,3,64,,3
09:13:00,26.0,3,569bafa3d9abee58ebc3ff0e4102efc6da7ac16f9e1f47165eafed875b1b70e3,-85,,3,64,12.0,3
09:13:01,,3,0fc9476c9a7351b9980291ca31ff37f1286c87110d6859d49f4e9398daf67460,-96,,3,64,,3
09:13:02,,3,f62ad4a5f1480762d1bb7d3de37ad74c39466613fcfe485144677431e93e7131,-92,,3,64,,3
09:13:03,,3,56f3e3525f761f9fc51bba41ac7dc8049f2664dca7fb904bcb5845660369d1d7,-84,,3,64,,3
09:13:03,26.0,3,58ec908d3d9d27510614124f08adb33d1e2b029890f8df06cf520608a9d73799,-89,,3,64,8.0,3
09:13:04,,3,f62ad4a5f1480762d1bb7d3de37ad74c39466613fcfe485144677431e93e7131,-89,,3,64,,3
09:13:05,,3,f62ad4a5f1480762d1bb7d3de37ad74c39466613fcfe485144677431e93e7131,-90,,3,64,,3
09:13:06,,3,56f3e3525f761f9fc51bba41ac7dc8049f2664dca7fb904bcb5845660369d1d7,-88,,3,64,,3
09:13:07,,3,f62ad4a5f1480762d1bb7d3de37ad74c39466613fcfe485144677431e93e7131,-92,,3,64,,3
09:13:07,,3,f62ad4a5f1480762d1bb7d3de37ad74c39466613fcfe485144677431e93e7131,-91,,3,64,,3
09:13:08,,3,56f3e3525f761f9fc51bba41ac7dc8049f2664dca7fb904bcb5845660369d1d7,-89,,3,64,,3
09:13:09,26.0,3,182aa4b435d64177ca475ec55ea64555cb987ea42b1f5730d6e3aab5ebb0afb2,-89,,3,64,,3
09:13:10,,3,7205b88cb1bf3cca8a37281a43eab11c1dcd5bc170f06bf2c58c988fbee4ba9b,-96,,3,64,,3
09:13:11,26.0,3,569bafa3d9abee58ebc3ff0e4102efc6da7ac16f9e1f47165eafed875b1b70e3,-83,,3,64,12.0,3
09:13:12,,3,56f3e3525f761f9fc51bba41ac7dc8049f2664dca7fb904bcb5845660369d1d7,-86,,3,64,,3
09:13:12,,3,56f3e3525f761f9fc51bba41ac7dc8049f2664dca7fb904bcb5845660369d1d7,-85,,3,64,,3
09:13:13,26.0,3,182aa4b435d64177ca475ec55ea64555cb987ea42b1f5730d6e3aab5ebb0afb2,-88,,3,64,,3
09:13:14,,3,56f3e3525f761f9fc51bba41ac7dc8049f2664dca7fb904bcb5845660369d1d7,-83,,3,64,,3
09:13:15,,3,56f3e3525f761f9fc51bba41ac7dc8049f2664dca7fb904bcb5845660369d1d7,-86,,3,64,,3
09:13:16,26.0,3,fbdaeb9571cf9839f1a4644686bde63a54f59a166d0a5b96af089c954baf16a1,-91,,3,64,,3
09:13:16,26.0,3,fbdaeb9571cf9839f1a4644686bde63a54f59a166d0a5b96af089c954baf16a1,-92,,3,64,,3
09:13:17,,3,56f3e3525f761f9fc51bba41ac7dc8049f2664dca7fb904bcb5845660369d1d7,-85,,3,64,,3
09:13:18,,3,f62ad4a5f1480762d1bb7d3de37ad74c39466613fcfe485144677431e93e7131,-89,,3,64,,3
09:13:19,,3,f62ad4a5f1480762d1bb7d3de37ad74c39466613fcfe485144677431e93e7131,-89,,3,64,,3
09:13:20,,3,f62ad4a5f1480762d1bb7d3de37ad74c39466613fcfe485144677431e93e7131,-87,,3,64,,3
09:13:20,,3,56f3e3525f761f9fc51bba41ac7dc8049f2664dca7fb904bcb5845660369d1d7,-85,,3,64,,3
09:13:21,,3,f62ad4a5f1480762d1bb7d3de37ad74c39466613fcfe485144677431e93e7131,-90,,3,64,,3
09:13:22,26.0,3,182aa4b435d64177ca475ec55ea64555cb987ea42b1f5730d6e3aab5ebb0afb2,-89,,3,64,,3
09:13:23,26.0,3,569bafa3d9abee58ebc3ff0e4102efc6da7ac16f9e1f47165eafed875b1b70e3,-85,,3,64,12.0,3
09:13:24,,3,56f3e3525f761f9fc51bba41ac7dc8049f2664dca7fb904bcb5845660369d1d7,-87,,3,64,,3
09:13:24,,3,56f3e3525f761f9fc51bba41ac7dc8049f2664dca7fb904bcb5845660369d1d7,-86,,3,64,,3
09:13:25,26.0,3,fbdaeb9571cf9839f1a4644686bde63a54f59a166d0a5b96af089c954baf16a1,-90,,3,64,,3
09:13:26,,3,56f3e3525f761f9fc51bba41ac7dc8049f2664dca7fb904bcb5845660369d1d7,-86,,3,64,,3
09:13:27,,3,56f3e3525f761f9fc51bba41ac7dc8049f2664dca7fb904bcb5845660369d1d7,-85,,3,64,,3
09:13:28,,3,56f3e3525f761f9fc51bba41ac7dc8049f2664dca7fb904bcb5845660369d1d7,-85,,3,64,,3
09:13:28,26.0,3,b4c0ef33c3236d158d739b7f3bb9cbdf24cc51e431422217c23c9defa4b55ffc,-91,,3,64,7.0,3
09:13:29,,3,f62ad4a5f1480762d1bb7d3de37ad74c39466613fcfe485144677431e93e7131,-91,,3,64,,3
09:13:30,,3,56f3e3525f761f9fc51bba41ac7dc8049f2664dca7fb904bcb5845660369d1d7,-86,,3,64,,3
09:13:31,,3,56f3e3525f761f9fc51bba41ac7dc8049f2664dca7fb904bcb5845660369d1d7,-83,,3,64,,3
09:13:32,26.0,3,569bafa3d9abee58ebc3ff0e4102efc6da7ac16f9e1f47165eafed875b1b70e3,-86,,3,64,12.0,3
09:13:32,,3,0fc9476c9a7351b9980291ca31ff37f1286c87110d6859d49f4e9398daf67460,-89,,3,64,,3
09:13:33,,3,56f3e3525f761f9fc51bba41ac7dc8049f2664dca7fb904bcb5845660369d1d7,-85,,3,64,,3
09:13:34,,3,f62ad4a5f1480762d1bb7d3de37ad74c39466613fcfe485144677431e93e7131,-92,,3,64,,3
09:13:35,,3,f62ad4a5f1480762d1bb7d3de37ad74c39466613fcfe485144677431e93e7131,-94,,3,64,,3
09:13:36,,3,56f3e3525f761f9fc51bba41ac7dc8049f2664dca7fb904bcb5845660369d1d7,-85,,3,64,,3
09:13:36,,3,0fc9476c9a7351b9980291ca31ff37f1286c87110d6859d49f4e9398daf67460,-95,,3,64,,3
09:13:37,,3,f62ad4a5f1480762d1bb7d3de37ad74c39466613fcfe485144677431e93e7131,-93,,3,64,,3
09:13:38,,3,56f3e3525f761f9fc51bba41ac7dc8049f2664dca7fb904bcb5845660369d1d7,-84,,3,64,,3
09:13:39,,3,7205b88cb1bf3cca8a37281a43eab11c1dcd5bc170f06bf2c58c988fbee4ba9b,-92,,3,64,,3
09:13:40,26.0,3,fbdaeb9571cf9839f1a4644686bde63a54f59a166d0a5b96af089c954baf16a1,-95,,3,64,,3
09:13:40,,3,56f3e3525f761f9fc51bba41ac7dc8049f2664dca7fb904bcb5845660369d1d7,-85,,3,64,,3
09:13:41,,3,56f3e3525f761f9fc51bba41ac7dc8049f2664dca7fb904bcb5845660369d1d7,-86,,3,64,,3
09:13:42,26.0,3,182aa4b435d64177ca475ec55ea64555cb987ea42b1f5730d6e3aab5ebb0afb2,-90,,3,64,,3
09:13:43,26.0,3,fbdaeb9571cf9839f1a4644686bde63a54f59a166d0a5b96af089c954baf16a1,-91,,3,64,,3
09:13:44,,3,56f3e3525f761f9fc51bba41ac7dc8049f2664dca7fb904bcb5845660369d1d7,-86,,3,64,,3
09:13:45,26.0,3,135a52d17b03ad6f0af11c16de9f06a57b1a9a6f52fb0ad545073cb7757141a4,-89,,3,64,5.0,3
09:13:45,26.0,3,182aa4b435d64177ca475ec55ea64555cb987ea42b1f5730d6e3aab5ebb0afb2,-90,,3,64,,3
09:13:46,,3,56f3e3525f761f9fc51bba41ac7dc8049f2664dca7fb904bcb5845660369d1d7,-87,,3,64,,3
09:13:47,26.0,3,135a52d17b03ad6f0af11c16de9f06a57b1a9a6f52fb0ad545073cb7757141a4,-90,,3,64,5.0,3
09:13:48,26.0,3,182aa4b435d64177ca475ec55ea64555cb987ea42b1f5730d6e3aab5ebb0afb2,-89,,3,64,,3
09:13:49,,3,56f3e3525f761f9fc51bba41ac7dc8049f2664dca7fb904bcb5845660369d1d7,-86,,3,64,,3
09:13:49,26.0,3,fbdaeb9571cf9839f1a4644686bde63a54f59a166d0a5b96af089c954baf16a1,-88,,3,64,,3
09:13:50,,3,f62ad4a5f1480762d1bb7d3de37ad74c39466613fcfe485144677431e93e7131,-93,,3,64,,3
09:13:51,26.0,3,182aa4b435d64177ca475ec55ea64555cb987ea42b1f5730d6e3aab5ebb0afb2,-90,,3,64,,3
09:13:52,,3,f62ad4a5f1480762d1bb7d3de37ad74c39466613fcfe485144677431e93e7131,-89,,3,64,,3
09:13:53,,3,56f3e3525f761f9fc51bba41ac7dc8049f2664dca7fb904bcb5845660369d1d7,-83,,3,64,,3
09:13:53,,3,56f3e3525f761f9fc51bba41ac7dc8049f2664dca7fb904bcb5845660369d1d7,-86,,3,64,,3
09:13:54,,3,f62ad4a5f1480762d1bb7d3de37ad74c39466613fcfe485144677431e93e7131,-94,,3,64,,3
09:13:55,26.0,3,b4c0ef33c3236d158d739b7f3bb9cbdf24cc51e431422217c23c9defa4b55ffc,-92,,3,64,7.0,3
09:13:56,,3,56f3e3525f761f9fc51bba41ac7dc8049f2664dca7fb904bcb5845660369d1d7,-83,,3,64,,3
09:13:57,,3,56f3e3525f761f9fc51bba41ac7dc8049f2664dca7fb904bcb5845660369d1d7,-86,,3,64,,3
09:13:57,26.0,3,135a52d17b03ad6f0af11c16de9f06a57b1a9a6f52fb0ad545073cb7757141a4,-89,,3,64,5.0,3
09:13:58,,3,56f3e3525f761f9fc51bba41ac7dc8049f2664dca7fb904bcb5845660369d1d7,-84,,3,64,,3
09:13:59,,3,56f3e3525f761f9fc51bba41ac7dc8049f2664dca7fb904bcb5845660369d1d7,-86,,3,64,,3
09:14:00,,3,56f3e3525f761f9fc51bba41ac7dc8049f2664dca7fb904bcb5845660369d1d7,-86,,3,64,,3
09:14:01,,3,56f3e3525f761f9fc51bba41ac7dc8049f2664dca7fb904bcb5845660369d1d7,-87,,3,64,,3
09:14:01,,3,f62ad4a5f1480762d1bb7d3de37ad74c39466613fcfe485144677431e93e7131,-93,,3,64,,3
09:14:02,26.0,3,fbdaeb9571cf9839f1a4644686bde63a54f59a166d0a5b96af089c954baf16a1,-92,,3,64,,3
09:14:03,,3,56f3e3525f761f9fc51bba41ac7dc8049f2664dca7fb904bcb5845660369d1d7,-88,,3,64,,3
09:14:04,,3,f62ad4a5f1480762d1bb7d3de37ad74c39466613fcfe485144677431e93e7131,-91,,3,64,,3
09:14:05,,3,f62ad4a5f1480762d1bb7d3de37ad74c39466613fcfe485144677431e93e7131,-93,,3,64,,3
09:14:05,,3,f62ad4a5f1480762d1bb7d3de37ad74c39466613fcfe485144677431e93e7131,-88,,3,64,,3
09:14:06,26.0,3,135a52d17b03ad6f0af11c16de9f06a57b1a9a6f52fb0ad545073cb7757141a4,-89,,3,64,5.0,3
09:14:07,,3,7205b88cb1bf3cca8a37281a43eab11c1dcd5bc170f06bf2c58c988fbee4ba9b,-93,,3,64,,3
09:14:08,26.0,3,9ca230a8292369ecd20b87319745d60c61302a132c977650f712dba5dd5ae838,-68,,3,64,12.0,3
09:14:09,,3,cc35482bc03b74793dc1a115952c3d63a43398b318953afad8415a4d00af8340,-68,,3,64,,3
09:14:09,26.0,3,182aa4b435d64177ca475ec55ea64555cb987ea42b1f5730d6e3aab5ebb0afb2,-91,,3,64,,3
09:14:10,,3,56f3e3525f761f9fc51bba41ac7dc8049f2664dca7fb904bcb5845660369d1d7,-84,,3,64,,3
09:14:11,,3,56f3e3525f761f9fc51bba41ac7dc8049f2664dca7fb904bcb5845660369d1d7,-85,,3,64,,3
09:14:12,,3,56f3e3525f761f9fc51bba41ac7dc8049f2664dca7fb904bcb5845660369d1d7,-87,,3,64,,3
09:14:13,,3,cc35482bc03b74793dc1a115952c3d63a43398b318953afad8415a4d00af8340,-72,,3,64,,3
09:14:13,,3,56f3e3525f761f9fc51bba41ac7dc8049f2664dca7fb904bcb5845660369d1d7,-87,,3,64,,3
09:14:14,26.0,3,135a52d17b03ad6f0af11c16de9f06a57b1a9a6f52fb0ad545073cb7757141a4,-88,,3,64,5.0,3
09:14:15,,3,56f3e3525f761f9fc51bba41ac7dc8049f2664dca7fb904bcb5845660369d1d7,-85,,3,64,,3
09:14:16,,3,56f3e3525f761f9fc51bba41ac7dc8049f2664dca7fb904bcb5845660369d1d7,-85,,3,64,,3
09:14:17,,3,cc35482bc03b74793dc1a115952c3d63a43398b318953afad8415a4d00af8340,-73,,3,64,,3
09:14:17,26.0,3,135a52d17b03ad6f0af11c16de9f06a57b1a9a6f52fb0ad545073cb7757141a4,-88,,3,64,5.0,3
09:14:18,,3,56f3e3525f761f9fc51bba41ac7dc8049f2664dca7fb904bcb5845660369d1d7,-87,,3,64,,3
09:14:19,,3,56f3e3525f761f9fc51bba41ac7dc8049f2664dca7fb904bcb5845660369d1d7,-84,,3,64,,3
09:14:20,26.0,3,135a52d17b03ad6f0af11c16de9f06a57b1a9a6f52fb0ad545073cb7757141a4,-90,,3,64,5.0,3
09:14:21,,3,84bac552e41335273d66f6eb067ff23ef3b5a39d9d0bff2ab4890cf97bed0487,-90,,3,64,,3
09:14:21,,3,f62ad4a5f1480762d1bb7d3de37ad74c39466613fcfe485144677431e93e7131,-91,,3,64,,3
09:14:22,,3,56f3e3525f761f9fc51bba41ac7dc8049f2664dca7fb904bcb5845660369d1d7,-85,,3,64,,3
09:14:23,26.0,3,135a52d17b03ad6f0af11c16de9f06a57b1a9a6f52fb0ad545073cb7757141a4,-89,,3,64,5.0,3
09:14:24,,3,f62ad4a5f1480762d1bb7d3de37ad74c39466613fcfe485144677431e93e7131,-92,,3,64,,3
09:14:25,26.0,3,135a52d17b03ad6f0af11c16de9f06a57b1a9a6f52fb0ad545073cb7757141a4,-93,,3,64,5.0,3
09:14:25,,3,56f3e3525f761f9fc51bba41ac7dc8049f2664dca7fb904bcb5845660369d1d7,-88,,3,64,,3
09:14:26,,3,f62ad4a5f1480762d1bb7d3de37ad74c39466613fcfe485144677431e93e7131,-93,,3,64,,3
09:14:27,,3,7205b88cb1bf3cca8a37281a43eab11c1dcd5bc170f06bf2c58c988fbee4ba9b,-94,,3,64,,3
09:14:28,,3,56f3e3525f761f9fc51bba41ac7dc8049f2664dca7fb904bcb5845660369d1d7,-87,,3,64,,3
09:14:29,,3,56f3e3525f761f9fc51bba41ac7dc8049f2664dca7fb904bcb5845660369d1d7,-84,,3,64,,3
09:14:30,,3,7205b88cb1bf3cca8a37281a43eab11c1dcd5bc170f06bf2c58c988fbee4ba9b,-92,,3,64,,3
09:14:30,26.0,3,182aa4b435d64177ca475ec55ea64555cb987ea42b1f5730d6e3aab5ebb0afb2,-92,,3,64,,3
09:14:31,,3,f62ad4a5f1480762d1bb7d3de37ad74c39466613fcfe485144677431e93e7131,-90,,3,64,,3
09:14:32,,3,7205b88cb1bf3cca8a37281a43eab11c1dcd5bc170f06bf2c58c988fbee4ba9b,-92,,3,64,,3
09:14:33,26.0,3,135a52d17b03ad6f0af11c16de9f06a57b1a9a6f52fb0ad545073cb7757141a4,-89,,3,64,5.0,3
09:14:34,,3,56f3e3525f761f9fc51bba41ac7dc8049f2664dca7fb904bcb5845660369d1d7,-84,,3,64,,3
09:14:34,,3,56f3e3525f761f9fc51bba41ac7dc8049f2664dca7fb904bcb5845660369d1d7,-88,,3,64,,3
09:14:35,,3,56f3e3525f761f9fc51bba41ac7dc8049f2664dca7fb904bcb5845660369d1d7,-86,,3,64,,3
09:14:36,26.0,3,569bafa3d9abee58ebc3ff0e4102efc6da7ac16f9e1f47165eafed875b1b70e3,-87,,3,64,12.0,3
09:14:37,,3,f62ad4a5f1480762d1bb7d3de37ad74c39466613fcfe485144677431e93e7131,-93,,3,64,,3
09:14:37,26.0,3,569bafa3d9abee58ebc3ff0e4102efc6da7ac16f9e1f47165eafed875b1b70e3,-87,,3,64,12.0,3
09:14:38,,3,56f3e3525f761f9fc51bba41ac7dc8049f2664dca7fb904bcb5845660369d1d7,-85,,3,64,,3
09:14:39,,3,f62ad4a5f1480762d1bb7d3de37ad74c39466613fcfe485144677431e93e7131,-90,,3,64,,3
09:14:40,26.0,3,9ca230a8292369ecd20b87319745d60c61302a132c977650f712dba5dd5ae838,-75,,3,64,12.0,3
09:14:41,,3,7205b88cb1bf3cca8a37281a43eab11c1dcd5bc170f06bf2c58c988fbee4ba9b,-97,,3,64,,3
09:14:42,,3,f62ad4a5f1480762d1bb7d3de37ad74c39466613fcfe485144677431e93e7131,-89,,3,64,,3
09:14:42,,3,56f3e3525f761f9fc51bba41ac7dc8049f2664dca7fb904bcb5845660369d1d7,-84,,3,64,,3
09:14:43,,3,7205b88cb1bf3cca8a37281a43eab11c1dcd5bc170f06bf2c58c988fbee4ba9b,-91,,3,64,,3
09:14:44,26.0,3,58ec908d3d9d27510614124f08adb33d1e2b029890f8df06cf520608a9d73799,-86,,3,64,8.0,3
09:14:45,26.0,3,fbdaeb9571cf9839f1a4644686bde63a54f59a166d0a5b96af089c954baf16a1,-94,,3,64,,3
09:14:45,26.0,3,58ec908d3d9d27510614124f08adb33d1e2b029890f8df06cf520608a9d73799,-84,,3,64,8.0,3
09:14:46,26.0,3,135a52d17b03ad6f0af11c16de9f06a57b1a9a6f52fb0ad545073cb7757141a4,-89,,3,64,5.0,3
09:14:47,,3,56f3e3525f761f9fc51bba41ac7dc8049f2664dca7fb904bcb5845660369d1d7,-85,,3,64,,3
09:14:48,,3,56f3e3525f761f9fc51bba41ac7dc8049f2664dca7fb904bcb5845660369d1d7,-84,,3,64,,3
09:14:49,,3,56f3e3525f761f9fc51bba41ac7dc8049f2664dca7fb904bcb5845660369d1d7,-85,,3,64,,3
09:14:50,26.0,3,fbdaeb9571cf9839f1a4644686bde63a54f59a166d0a5b96af089c954baf16a1,-91,,3,64,,3
09:14:51,,3,56f3e3525f761f9fc51bba41ac7dc8049f2664dca7fb904bcb5845660369d1d7,-84,,3,64,,3
09:14:51,,3,f62ad4a5f1480762d1bb7d3de37ad74c39466613fcfe485144677431e93e7131,-94,,3,64,,3
09:14:52,,3,56f3e3525f761f9fc51bba41ac7dc8049f2664dca7fb904bcb5845660369d1d7,-85,,3,64,,3
09:14:53,,3,56f3e3525f761f9fc51bba41ac7dc8049f2664dca7fb904bcb5845660369d1d7,-83,,3,64,,3
09:14:54,26.0,3,135a52d17b03ad6f0af11c16de9f06a57b1a9a6f52fb0ad545073cb7757141a4,-89,,3,64,5.0,3
09:14:55,,3,f62ad4a5f1480762d1bb7d3de37ad74c39466613fcfe485144677431e93e7131,-91,,3,64,,3
09:14:55,,3,56f3e3525f761f9fc51bba41ac7dc8049f2664dca7fb904bcb5845660369d1d7,-86,,3,64,,3
09:14:56,,3,56f3e3525f761f9fc51bba41ac7dc8049f2664dca7fb904bcb5845660369d1d7,-85,,3,64,,3
09:14:57,,3,7205b88cb1bf3cca8a37281a43eab11c1dcd5bc170f06bf2c58c988fbee4ba9b,-93,,3,64,,3
09:14:58,26.0,3,569bafa3d9abee58ebc3ff0e4102efc6da7ac16f9e1f47165eafed875b1b70e3,-88,,3,64,12.0,3
09:14:59,,3,7205b88cb1bf3cca8a37281a43eab11c1dcd5bc170f06bf2c58c988fbee4ba9b,-96,,3,64,,3
09:14:59,,3,56f3e3525f761f9fc51bba41ac7dc8049f2664dca7fb904bcb5845660369d1d7,-86,,3,64,,3
09:15:00,,3,56f3e3525f761f9fc51bba41ac7dc8049f2664dca7fb904bcb5845660369d1d7,-82,,3,64,,3
09:15:01,,3,56f3e3525f761f9fc51bba41ac7dc8049f2664dca7fb904bcb5845660369d1d7,-84,,3,64,,3
09:15:02,26.0,3,b4c0ef33c3236d158d739b7f3bb9cbdf24cc51e431422217c23c9defa4b55ffc,-89,,3,64,7.0,3
09:15:03,,3,56f3e3525f761f9fc51bba41ac7dc8049f2664dca7fb904bcb5845660369d1d7,-83,,3,64,,3
09:15:03,26.0,3,fbdaeb9571cf9839f1a4644686bde63a54f59a166d0a5b96af089c954baf16a1,-93,,3,64,,3
09:15:04,,3,f62ad4a5f1480762d1bb7d3de37ad74c39466613fcfe485144677431e93e7131,-92,,3,64,,3
09:15:05,,3,56f3e3525f761f9fc51bba41ac7dc8049f2664dca7fb904bcb5845660369d1d7,-97,,3,64,,3
09:15:06,,3,7205b88cb1bf3cca8a37281a43eab11c1dcd5bc170f06bf2c58c988fbee4ba9b,-91,,3,64,,3
09:15:07,,3,f62ad4a5f1480762d1bb7d3de37ad74c39466613fcfe485144677431e93e7131,-94,,3,64,,3
09:15:08,,3,7205b88cb1bf3cca8a37281a43eab11c1dcd5bc170f06bf2c58c988fbee4ba9b,-93,,3,64,,3
09:15:08,,3,56f3e3525f761f9fc51bba41ac7dc8049f2664dca7fb904bcb5845660369d1d7,-89,,3,64,,3
09:15:09,,3,56f3e3525f761f9fc51bba41ac7dc8049f2664dca7fb904bcb5845660369d1d7,-86,,3,64,,3
09:15:10,26.0,3,135a52d17b03ad6f0af11c16de9f06a57b1a9a6f52fb0ad545073cb7757141a4,-92,,3,64,5.0,3
09:15:11,26.0,3,182aa4b435d64177ca475ec55ea64555cb987ea42b1f5730d6e3aab5ebb0afb2,-89,,3,64,,3
09:15:12,,3,56f3e3525f761f9fc51bba41ac7dc8049f2664dca7fb904bcb5845660369d1d7,-82,,3,64,,3
09:15:12,26.0,3,182aa4b435d64177ca475ec55ea64555cb987ea42b1f5730d6e3aab5ebb0afb2,-92,,3,64,,3
09:15:13,26.0,3,569bafa3d9abee58ebc3ff0e4102efc6da7ac16f9e1f47165eafed875b1b70e3,-87,,3,64,12.0,3
09:15:14,,3,f62ad4a5f1480762d1bb7d3de37ad74c39466613fcfe485144677431e93e7131,-91,,3,64,,3
09:15:15,,3,f62ad4a5f1480762d1bb7d3de37ad74c39466613fcfe485144677431e93e7131,-91,,3,64,,3
09:15:16,26.0,3,135a52d17b03ad6f0af11c16de9f06a57b1a9a6f52fb0ad545073cb7757141a4,-88,,3,64,5.0,3
09:15:16,,3,56f3e3525f761f9fc51bba41ac7dc8049f2664dca7fb904bcb5845660369d1d7,-85,,3,64,,3
09:15:17,,3,56f3e3525f761f9fc51bba41ac7dc8049f2664dca7fb904bcb5845660369d1d7,-86,,3,64,,3
09:15:18,,3,56f3e3525f761f9fc51bba41ac7dc8049f2664dca7fb904bcb5845660369d1d7,-86,,3,64,,3
09:15:19,26.0,3,fbdaeb9571cf9839f1a4644686bde63a54f59a166d0a5b96af089c954baf16a1,-91,,3,64,,3
09:15:20,,3,56f3e3525f761f9fc51bba41ac7dc8049f2664dca7fb904bcb5845660369d1d7,-88,,3,64,,3
09:15:20,,3,56f3e3525f761f9fc51bba41ac7dc8049f2664dca7fb904bcb5845660369d1d7,-87,,3,64,,3
09:15:21,26.0,3,fbdaeb9571cf9839f1a4644686bde63a54f59a166d0a5b96af089c954baf16a1,-95,,3,64,,3
09:15:22,,3,7205b88cb1bf3cca8a37281a43eab11c1dcd5bc170f06bf2c58c988fbee4ba9b,-95,,3,64,,3
09:15:23,26.0,3,182aa4b435d64177ca475ec55ea64555cb987ea42b1f5730d6e3aab5ebb0afb2,-89,,3,64,,3
09:15:24,,3,7205b88cb1bf3cca8a37281a43eab11c1dcd5bc170f06bf2c58c988fbee4ba9b,-93,,3,64,,3
09:15:25,,3,56f3e3525f761f9fc51bba41ac7dc8049f2664dca7fb904bcb5845660369d1d7,-86,,3,64,,3
09:15:25,,3,56f3e3525f761f9fc51bba41ac7dc8049f2664dca7fb904bcb5845660369d1d7,-85,,3,64,,3
09:15:26,,3,f62ad4a5f1480762d1bb7d3de37ad74c39466613fcfe485144677431e93e7131,-93,,3,64,,3
09:15:27,,3,56f3e3525f761f9fc51bba41ac7dc8049f2664dca7fb904bcb5845660369d1d7,-84,,3,64,,3
09:15:28,,3,56f3e3525f761f9fc51bba41ac7dc8049f2664dca7fb904bcb5845660369d1d7,-85,,3,64,,3
09:15:29,,3,56f3e3525f761f9fc51bba41ac7dc8049f2664dca7fb904bcb5845660369d1d7,-87,,3,64,,3
09:15:29,,3,f62ad4a5f1480762d1bb7d3de37ad74c39466613fcfe485144677431e93e7131,-94,,3,64,,3
09:15:30,,3,56f3e3525f761f9fc51bba41ac7dc8049f2664dca7fb904bcb5845660369d1d7,-83,,3,64,,3
09:15:31,,3,56f3e3525f761f9fc51bba41ac7dc8049f2664dca7fb904bcb5845660369d1d7,-85,,3,64,,3
09:15:32,,3,f62ad4a5f1480762d1bb7d3de37ad74c39466613fcfe485144677431e93e7131,-93,,3,64,,3
09:15:33,,3,56f3e3525f761f9fc51bba41ac7dc8049f2664dca7fb904bcb5845660369d1d7,-86,,3,64,,3
09:15:33,,3,56f3e3525f761f9fc51bba41ac7dc8049f2664dca7fb904bcb5845660369d1d7,-85,,3,64,,3
09:15:34,,3,7205b88cb1bf3cca8a37281a43eab11c1dcd5bc170f06bf2c58c988fbee4ba9b,-95,,3,64,,3
09:15:35,,3,56f3e3525f761f9fc51bba41ac7dc8049f2664dca7fb904bcb5845660369d1d7,-86,,3,64,,3
09:15:36,,3,56f3e3525f761f9fc51bba41ac7dc8049f2664dca7fb904bcb5845660369d1d7,-87,,3,64,,3
09:15:37,,3,7205b88cb1bf3cca8a37281a43eab11c1dcd5bc170f06bf2c58c988fbee4ba9b,-95,,3,64,,3
09:15:38,,3,56f3e3525f761f9fc51bba41ac7dc8049f2664dca7fb904bcb5845660369d1d7,-85,,3,64,,3
09:15:38,,3,56f3e3525f761f9fc51bba41ac7dc8049f2664dca7fb904bcb5845660369d1d7,-85,,3,64,,3
09:15:39,,3,7205b88cb1bf3cca8a37281a43eab11c1dcd5bc170f06bf2c58c988fbee4ba9b,-94,,3,64,,3
09:15:40,26.0,3,569bafa3d9abee58ebc3ff0e4102efc6da7ac16f9e1f47165eafed875b1b70e3,-85,,3,64,12.0,3
09:15:41,,3,56f3e3525f761f9fc51bba41ac7dc8049f2664dca7fb904bcb5845660369d1d7,-87,,3,64,,3
09:15:42,26.0,3,fbdaeb9571cf9839f1a4644686bde63a54f59a166d0a5b96af089c954baf16a1,-94,,3,64,,3
09:15:42,26.0,3,135a52d17b03ad6f0af11c16de9f06a57b1a9a6f52fb0ad545073cb7757141a4,-90,,3,64,5.0,3
09:15:43,26.0,3,b4c0ef33c3236d158d739b7f3bb9cbdf24cc51e431422217c23c9defa4b55ffc,-92,,3,64,7.0,3
09:15:44,,3,56f3e3525f761f9fc51bba41ac7dc8049f2664dca7fb904bcb5845660369d1d7,-86,,3,64,,3
09:15:45,,3,f62ad4a5f1480762d1bb7d3de37ad74c39466613fcfe485144677431e93e7131,-97,,3,64,,3
09:15:46,,3,56f3e3525f761f9fc51bba41ac7dc8049f2664dca7fb904bcb5845660369d1d7,-86,,3,64,,3
09:15:46,26.0,3,fbdaeb9571cf9839f1a4644686bde63a54f59a166d0a5b96af089c954baf16a1,-90,,3,64,,3
09:15:47,,3,7205b88cb1bf3cca8a37281a43eab11c1dcd5bc170f06bf2c58c988fbee4ba9b,-92,,3,64,,3
09:15:48,26.0,3,b4c0ef33c3236d158d739b7f3bb9cbdf24cc51e431422217c23c9defa4b55ffc,-90,,3,64,7.0,3
09:15:49,,3,56f3e3525f761f9fc51bba41ac7dc8049f2664dca7fb904bcb5845660369d1d7,-94,,3,64,,3
09:15:50,6.0,3,d1de0ddb51e6fdcb1eeb0a80d815c6b9a0c610ff82e78b630f80a717ef6f14a5,-90,Cb40,3,64,,3
09:15:50,26.0,3,58ec908d3d9d27510614124f08adb33d1e2b029890f8df06cf520608a9d73799,-87,,3,64,8.0,3
09:15:51,,3,56f3e3525f761f9fc51bba41ac7dc8049f2664dca7fb904bcb5845660369d1d7,-87,,3,64,,3
09:15:52,26.0,3,569bafa3d9abee58ebc3ff0e4102efc6da7ac16f9e1f47165eafed875b1b70e3,-88,,3,64,12.0,3
09:15:53,26.0,3,569bafa3d9abee58ebc3ff0e4102efc6da7ac16f9e1f47165eafed875b1b70e3,-85,,3,64,12.0,3
09:15:54,,3,56f3e3525f761f9fc51bba41ac7dc8049f2664dca7fb904bcb5845660369d1d7,-86,,3,64,,3
09:15:55,,3,9c06e5c294fbf18a18d7d6ff0dc8f12d3092dbb8ce7505013a587aba25479551,-61,,3,64,,3
09:15:55,,3,56f3e3525f761f9fc51bba41ac7dc8049f2664dca7fb904bcb5845660369d1d7,-87,,3,64,,3
09:15:56,,3,56f3e3525f761f9fc51bba41ac7dc8049f2664dca7fb904bcb5845660369d1d7,-84,,3,64,,3
09:15:57,,3,56f3e3525f761f9fc51bba41ac7dc8049f2664dca7fb904bcb5845660369d1d7,-87,,3,64,,3
09:15:58,,3,7205b88cb1bf3cca8a37281a43eab11c1dcd5bc170f06bf2c58c988fbee4ba9b,-91,,3,64,,3
09:15:59,,3,7205b88cb1bf3cca8a37281a43eab11c1dcd5bc170f06bf2c58c988fbee4ba9b,-92,,3,64,,3
09:15:59,,3,56f3e3525f761f9fc51bba41ac7dc8049f2664dca7fb904bcb5845660369d1d7,-87,,3,64,,3
09:16:00,,3,56f3e3525f761f9fc51bba41ac7dc8049f2664dca7fb904bcb5845660369d1d7,-89,,3,64,,3
09:16:01,,3,56f3e3525f761f9fc51bba41ac7dc8049f2664dca7fb904bcb5845660369d1d7,-91,,3,64,,3
09:16:02,26.0,3,135a52d17b03ad6f0af11c16de9f06a57b1a9a6f52fb0ad545073cb7757141a4,-93,,3,64,5.0,3
09:16:03,,3,9c06e5c294fbf18a18d7d6ff0dc8f12d3092dbb8ce7505013a587aba25479551,-66,,3,64,,3
09:16:03,26.0,3,58ec908d3d9d27510614124f08adb33d1e2b029890f8df06cf520608a9d73799,-87,,3,64,8.0,3
09:16:04,,3,f62ad4a5f1480762d1bb7d3de37ad74c39466613fcfe485144677431e93e7131,-95,,3,64,,3
09:16:05,,3,56f3e3525f761f9fc51bba41ac7dc8049f2664dca7fb904bcb5845660369d1d7,-88,,3,64,,3
09:16:06,26.0,3,fbdaeb9571cf9839f1a4644686bde63a54f59a166d0a5b96af089c954baf16a1,-90,,3,64,,3
09:16:07,,3,7205b88cb1bf3cca8a37281a43eab11c1dcd5bc170f06bf2c58c988fbee4ba9b,-93,,3,64,,3
09:16:07,,3,56f3e3525f761f9fc51bba41ac7dc8049f2664dca7fb904bcb5845660369d1d7,-88,,3,64,,3
09:16:08,,3,56f3e3525f761f9fc51bba41ac7dc8049f2664dca7fb904bcb5845660369d1d7,-88,,3,64,,3
09:16:09,,3,56f3e3525f761f9fc51bba41ac7dc8049f2664dca7fb904bcb5845660369d1d7,-88,,3,64,,3
09:16:10,,3,56f3e3525f761f9fc51bba41ac7dc8049f2664dca7fb904bcb5845660369d1d7,-89,,3,64,,3
09:16:11,26.0,3,569bafa3d9abee58ebc3ff0e4102efc6da7ac16f9e1f47165eafed875b1b70e3,-93,,3,64,12.0,3
09:16:12,,3,7205b88cb1bf3cca8a37281a43eab11c1dcd5bc170f06bf2c58c988fbee4ba9b,-90,,3,64,,3
09:16:12,,3,56f3e3525f761f9fc51bba41ac7dc8049f2664dca7fb904bcb5845660369d1d7,-89,,3,64,,3
09:16:13,26.0,3,b4c0ef33c3236d158d739b7f3bb9cbdf24cc51e431422217c23c9defa4b55ffc,-83,,3,64,7.0,3
09:16:14,,3,56f3e3525f761f9fc51bba41ac7dc8049f2664dca7fb904bcb5845660369d1d7,-88,,3,64,,3
09:16:15,26.0,3,135a52d17b03ad6f0af11c16de9f06a57b1a9a6f52fb0ad545073cb7757141a4,-91,,3,64,5.0,3
09:16:16,26.0,3,58ec908d3d9d27510614124f08adb33d1e2b029890f8df06cf520608a9d73799,-85,,3,64,8.0,3
09:16:16,26.0,3,b4c0ef33c3236d158d739b7f3bb9cbdf24cc51e431422217c23c9defa4b55ffc,-84,,3,64,7.0,3
09:16:17,,3,56f3e3525f761f9fc51bba41ac7dc8049f2664dca7fb904bcb5845660369d1d7,-91,,3,64,,3
09:16:18,,3,56f3e3525f761f9fc51bba41ac7dc8049f2664dca7fb904bcb5845660369d1d7,-87,,3,64,,3
09:16:19,,3,56f3e3525f761f9fc51bba41ac7dc8049f2664dca7fb904bcb5845660369d1d7,-93,,3,64,,3
09:16:20,26.0,3,b4c0ef33c3236d158d739b7f3bb9cbdf24cc51e431422217c23c9defa4b55ffc,-83,,3,64,7.0,3
09:16:20,,3,56f3e3525f761f9fc51bba41ac7dc8049f2664dca7fb904bcb5845660369d1d7,-88,,3,64,,3
09:16:21,,3,56f3e3525f761f9fc51bba41ac7dc8049f2664dca7fb904bcb5845660369d1d7,-86,,3,64,,3
09:16:22,,3,56f3e3525f761f9fc51bba41ac7dc8049f2664dca7fb904bcb5845660369d1d7,-88,,3,64,,3
09:16:23,26.0,3,b4c0ef33c3236d158d739b7f3bb9cbdf24cc51e431422217c23c9defa4b55ffc,-82,,3,64,7.0,3
09:16:24,26.0,3,6a101979392e775383940a5bcd96953b99b72451098bff0aa4600a95614a595b,-92,,3,64,7.0,3
09:16:25,26.0,3,6a101979392e775383940a5bcd96953b99b72451098bff0aa4600a95614a595b,-90,,3,64,7.0,3
09:16:25,,3,56f3e3525f761f9fc51bba41ac7dc8049f2664dca7fb904bcb5845660369d1d7,-91,,3,64,,3
09:16:26,26.0,3,d3778186eaedd22347dceafe4df954621536afd8615a856d9dc6774dcc988f1e,-80,,3,64,,3
09:16:27,,3,56f3e3525f761f9fc51bba41ac7dc8049f2664dca7fb904bcb5845660369d1d7,-90,,3,64,,3
09:16:28,26.0,3,135a52d17b03ad6f0af11c16de9f06a57b1a9a6f52fb0ad545073cb7757141a4,-85,,3,64,5.0,3
09:16:29,,3,56f3e3525f761f9fc51bba41ac7dc8049f2664dca7fb904bcb5845660369d1d7,-88,,3,64,,3
09:16:29,,3,56f3e3525f761f9fc51bba41ac7dc8049f2664dca7fb904bcb5845660369d1d7,-93,,3,64,,3
09:16:30,26.0,3,135a52d17b03ad6f0af11c16de9f06a57b1a9a6f52fb0ad545073cb7757141a4,-90,,3,64,5.0,3
09:16:31,,3,7205b88cb1bf3cca8a37281a43eab11c1dcd5bc170f06bf2c58c988fbee4ba9b,-95,,3,64,,3
09:16:32,,3,56f3e3525f761f9fc51bba41ac7dc8049f2664dca7fb904bcb5845660369d1d7,-87,,3,64,,3
09:16:33,,3,2ce91ff6d3cc3a731e0f86ff0cf8077580d2675d09ef135f83d0fe59cb3668f7,-94,,3,64,,3
09:16:33,,3,7205b88cb1bf3cca8a37281a43eab11c1dcd5bc170f06bf2c58c988fbee4ba9b,-93,,3,64,,3
09:16:34,,3,56f3e3525f761f9fc51bba41ac7dc8049f2664dca7fb904bcb5845660369d1d7,-85,,3,64,,3
09:16:35,,3,56f3e3525f761f9fc51bba41ac7dc8049f2664dca7fb904bcb5845660369d1d7,-90,,3,64,,3
09:16:36,26.0,3,d3778186eaedd22347dceafe4df954621536afd8615a856d9dc6774dcc988f1e,-78,,3,64,,3
09:16:37,,3,56f3e3525f761f9fc51bba41ac7dc8049f2664dca7fb904bcb5845660369d1d7,-93,,3,64,,3
09:16:37,26.0,3,4265c4b6b3df22a2247ed137f062fb94e6175c608886c7c0dae240d7c21c4cd6,-78,,3,64,5.0,3
09:16:38,26.0,3,d3778186eaedd22347dceafe4df954621536afd8615a856d9dc6774dcc988f1e,-78,,3,64,,3
09:16:39,,3,56f3e3525f761f9fc51bba41ac7dc8049f2664dca7fb904bcb5845660369d1d7,-87,,3,64,,3
09:16:40,26.0,3,58ec908d3d9d27510614124f08adb33d1e2b029890f8df06cf520608a9d73799,-88,,3,64,8.0,3
09:16:41,,3,9c06e5c294fbf18a18d7d6ff0dc8f12d3092dbb8ce7505013a587aba25479551,-61,,3,64,,3
09:16:41,26.0,3,58ec908d3d9d27510614124f08adb33d1e2b029890f8df06cf520608a9d73799,-89,,3,64,8.0,3
09:16:42,,3,f62ad4a5f1480762d1bb7d3de37ad74c39466613fcfe485144677431e93e7131,-93,,3,64,,3
09:16:43,26.0,3,6a101979392e775383940a5bcd96953b99b72451098bff0aa4600a95614a595b,-89,,3,64,,3
09:16:44,26.0,3,6a101979392e775383940a5bcd96953b99b72451098bff0aa4600a95614a595b,-90,,3,64,,3
09:16:45,26.0,3,d3778186eaedd22347dceafe4df954621536afd8615a856d9dc6774dcc988f1e,-93,,3,64,,3
09:16:46,26.0,3,4265c4b6b3df22a2247ed137f062fb94e6175c608886c7c0dae240d7c21c4cd6,-77,,3,64,5.0,3
09:16:46,26.0,3,58ec908d3d9d27510614124f08adb33d1e2b029890f8df06cf520608a9d73799,-87,,3,64,8.0,3
09:16:47,,3,7205b88cb1bf3cca8a37281a43eab11c1dcd5bc170f06bf2c58c988fbee4ba9b,-91,,3,64,,3
09:16:48,,3,56f3e3525f761f9fc51bba41ac7dc8049f2664dca7fb904bcb5845660369d1d7,-89,,3,64,,3
09:16:49,26.0,3,58ec908d3d9d27510614124f08adb33d1e2b029890f8df06cf520608a9d73799,-88,,3,64,8.0,3
09:16:50,,3,56f3e3525f761f9fc51bba41ac7dc8049f2664dca7fb904bcb5845660369d1d7,-95,,3,64,,3
09:16:50,,3,56f3e3525f761f9fc51bba41ac7dc8049f2664dca7fb904bcb5845660369d1d7,-88,,3,64,,3
09:16:51,,3,56f3e3525f761f9fc51bba41ac7dc8049f2664dca7fb904bcb5845660369d1d7,-84,,3,64,,3
09:16:52,,3,56f3e3525f761f9fc51bba41ac7dc8049f2664dca7fb904bcb5845660369d1d7,-87,,3,64,,3
09:16:53,,3,31ea72b3068272e085f22d934ce8b3d6b60179b4b4112451842f5b9f4fba0181,-94,,3,64,,3
09:16:54,26.0,3,135a52d17b03ad6f0af11c16de9f06a57b1a9a6f52fb0ad545073cb7757141a4,-93,,3,64,5.0,3
09:16:55,26.0,3,569bafa3d9abee58ebc3ff0e4102efc6da7ac16f9e1f47165eafed875b1b70e3,-86,,3,64,12.0,3
09:16:55,,3,56f3e3525f761f9fc51bba41ac7dc8049f2664dca7fb904bcb5845660369d1d7,-89,,3,64,,3
09:16:56,26.0,3,4265c4b6b3df22a2247ed137f062fb94e6175c608886c7c0dae240d7c21c4cd6,-80,,3,64,5.0,3
09:16:57,,3,f62ad4a5f1480762d1bb7d3de37ad74c39466613fcfe485144677431e93e7131,-91,,3,64,,3
09:16:58,,3,56f3e3525f761f9fc51bba41ac7dc8049f2664dca7fb904bcb5845660369d1d7,-87,,3,64,,3
09:16:59,26.0,3,d3778186eaedd22347dceafe4df954621536afd8615a856d9dc6774dcc988f1e,-77,,3,64,,3
09:16:59,,3,56f3e3525f761f9fc51bba41ac7dc8049f2664dca7fb904bcb5845660369d1d7,-87,,3,64,,3
09:17:00,26.0,3,58ec908d3d9d27510614124f08adb33d1e2b029890f8df06cf520608a9d73799,-83,,3,64,8.0,3
09:17:01,,3,56f3e3525f761f9fc51bba41ac7dc8049f2664dca7fb904bcb5845660369d1d7,-86,,3,64,,3
09:17:02,6.0,3,9c361e4be634e32d9b487b556760e512627fd5adc685787264f8d6b12abc8dea,-88,Cb40,3,64,,3
09:17:03,26.0,3,b4c0ef33c3236d158d739b7f3bb9cbdf24cc51e431422217c23c9defa4b55ffc,-93,,3,64,7.0,3
09:17:03,,3,f62ad4a5f1480762d1bb7d3de37ad74c39466613fcfe485144677431e93e7131,-92,,3,64,,3
09:17:04,26.0,3,b4c0ef33c3236d158d739b7f3bb9cbdf24cc51e431422217c23c9defa4b55ffc,-89,,3,64,7.0,3
09:17:05,,3,56f3e3525f761f9fc51bba41ac7dc8049f2664dca7fb904bcb5845660369d1d7,-90,,3,64,,3
09:17:06,26.0,3,d3778186eaedd22347dceafe4df954621536afd8615a856d9dc6774dcc988f1e,-79,,3,64,,3
09:17:07,,3,7205b88cb1bf3cca8a37281a43eab11c1dcd5bc170f06bf2c58c988fbee4ba9b,-94,,3,64,,3
09:17:07,,3,56f3e3525f761f9fc51bba41ac7dc8049f2664dca7fb904bcb5845660369d1d7,-86,,3,64,,3
09:17:08,,3,f62ad4a5f1480762d1bb7d3de37ad74c39466613fcfe485144677431e93e7131,-90,,3,64,,3
09:17:09,,3,7205b88cb1bf3cca8a37281a43eab11c1dcd5bc170f06bf2c58c988fbee4ba9b,-93,,3,64,,3
09:17:10,,3,f62ad4a5f1480762d1bb7d3de37ad74c39466613fcfe485144677431e93e7131,-91,,3,64,,3
09:17:11,,3,56f3e3525f761f9fc51bba41ac7dc8049f2664dca7fb904bcb5845660369d1d7,-89,,3,64,,3
09:17:12,26.0,3,135a52d17b03ad6f0af11c16de9f06a57b1a9a6f52fb0ad545073cb7757141a4,-84,,3,64,5.0,3
09:17:12,26.0,3,fbdaeb9571cf9839f1a4644686bde63a54f59a166d0a5b96af089c954baf16a1,-90,,3,64,,3
09:17:13,,3,f62ad4a5f1480762d1bb7d3de37ad74c39466613fcfe485144677431e93e7131,-92,,3,64,,3
09:17:14,,3,56f3e3525f761f9fc51bba41ac7dc8049f2664dca7fb904bcb5845660369d1d7,-86,,3,64,,3
09:17:15,26.0,3,58ec908d3d9d27510614124f08adb33d1e2b029890f8df06cf520608a9d73799,-85,,3,64,8.0,3
09:17:16,26.0,3,4265c4b6b3df22a2247ed137f062fb94e6175c608886c7c0dae240d7c21c4cd6,-77,,3,64,5.0,3
09:17:16,26.0,3,d3778186eaedd22347dceafe4df954621536afd8615a856d9dc6774dcc988f1e,-80,,3,64,,3
09:17:17,,3,56f3e3525f761f9fc51bba41ac7dc8049f2664dca7fb904bcb5845660369d1d7,-89,,3,64,,3
09:17:18,,3,56f3e3525f761f9fc51bba41ac7dc8049f2664dca7fb904bcb5845660369d1d7,-89,,3,64,,3
09:17:19,,3,7205b88cb1bf3cca8a37281a43eab11c1dcd5bc170f06bf2c58c988fbee4ba9b,-94,,3,64,,3
09:17:20,,3,f62ad4a5f1480762d1bb7d3de37ad74c39466613fcfe485144677431e93e7131,-95,,3,64,,3
09:17:20,26.0,3,182aa4b435d64177ca475ec55ea64555cb987ea42b1f5730d6e3aab5ebb0afb2,-91,,3,64,,3
09:17:21,26.0,3,d3778186eaedd22347dceafe4df954621536afd8615a856d9dc6774dcc988f1e,-80,,3,64,,3
09:17:22,,3,9c06e5c294fbf18a18d7d6ff0dc8f12d3092dbb8ce7505013a587aba25479551,-61,,3,64,,3
09:17:23,,3,7205b88cb1bf3cca8a37281a43eab11c1dcd5bc170f06bf2c58c988fbee4ba9b,-91,,3,64,,3
09:17:24,,3,56f3e3525f761f9fc51bba41ac7dc8049f2664dca7fb904bcb5845660369d1d7,-84,,3,64,,3
09:17:24,26.0,3,9ca230a8292369ecd20b87319745d60c61302a132c977650f712dba5dd5ae838,-57,,3,64,12.0,3
09:17:25,26.0,3,569bafa3d9abee58ebc3ff0e4102efc6da7ac16f9e1f47165eafed875b1b70e3,-88,,3,64,12.0,3
09:17:26,,3,56f3e3525f761f9fc51bba41ac7dc8049f2664dca7fb904bcb5845660369d1d7,-84,,3,64,,3
09:17:27,26.0,3,fbdaeb9571cf9839f1a4644686bde63a54f59a166d0a5b96af089c954baf16a1,-88,,3,64,,3
09:17:28,,3,f62ad4a5f1480762d1bb7d3de37ad74c39466613fcfe485144677431e93e7131,-92,,3,64,,3
09:17:29,26.0,3,569bafa3d9abee58ebc3ff0e4102efc6da7ac16f9e1f47165eafed875b1b70e3,-88,,3,64,12.0,3
09:17:29,26.0,3,4265c4b6b3df22a2247ed137f062fb94e6175c608886c7c0dae240d7c21c4cd6,-78,,3,64,5.0,3
09:17:30,26.0,3,58ec908d3d9d27510614124f08adb33d1e2b029890f8df06cf520608a9d73799,-88,,3,64,8.0,3
09:17:31,26.0,3,fbdaeb9571cf9839f1a4644686bde63a54f59a166d0a5b96af089c954baf16a1,-88,,3,64,,3
09:17:32,,3,f62ad4a5f1480762d1bb7d3de37ad74c39466613fcfe485144677431e93e7131,-93,,3,64,,3
09:17:33,26.0,3,182aa4b435d64177ca475ec55ea64555cb987ea42b1f5730d6e3aab5ebb0afb2,-87,,3,64,,3
09:17:33,26.0,3,b4c0ef33c3236d158d739b7f3bb9cbdf24cc51e431422217c23c9defa4b55ffc,-84,,3,64,7.0,3
09:17:34,,3,56f3e3525f761f9fc51bba41ac7dc8049f2664dca7fb904bcb5845660369d1d7,-86,,3,64,,3
09:17:35,26.0,3,182aa4b435d64177ca475ec55ea64555cb987ea42b1f5730d6e3aab5ebb0afb2,-89,,3,64,,3
09:17:36,,3,7205b88cb1bf3cca8a37281a43eab11c1dcd5bc170f06bf2c58c988fbee4ba9b,-92,,3,64,,3
09:17:37,,3,56f3e3525f761f9fc51bba41ac7dc8049f2664dca7fb904bcb5845660369d1d7,-87,,3,64,,3
09:17:37,,3,56f3e3525f761f9fc51bba41ac7dc8049f2664dca7fb904bcb5845660369d1d7,-85,,3,64,,3
09:17:38,26.0,3,d3778186eaedd22347dceafe4df954621536afd8615a856d9dc6774dcc988f1e,-77,,3,64,,3
09:17:39,,3,a45069936d577c0d2780cdf5f0cbf758c909d4823bf1f829e8b0f4f50c48f64c,-78,,3,64,,3
09:17:40,26.0,3,d3778186eaedd22347dceafe4df954621536afd8615a856d9dc6774dcc988f1e,-79,,3,64,,3
09:17:41,,3,56f3e3525f761f9fc51bba41ac7dc8049f2664dca7fb904bcb5845660369d1d7,-87,,3,64,,3
09:17:41,26.0,3,182aa4b435d64177ca475ec55ea64555cb987ea42b1f5730d6e3aab5ebb0afb2,-90,,3,64,,3
09:17:42,26.0,3,4265c4b6b3df22a2247ed137f062fb94e6175c608886c7c0dae240d7c21c4cd6,-79,,3,64,5.0,3
09:17:43,26.0,3,4265c4b6b3df22a2247ed137f062fb94e6175c608886c7c0dae240d7c21c4cd6,-78,,3,64,5.0,3
09:17:44,26.0,3,4265c4b6b3df22a2247ed137f062fb94e6175c608886c7c0dae240d7c21c4cd6,-79,,3,64,5.0,3
09:17:45,26.0,3,4265c4b6b3df22a2247ed137f062fb94e6175c608886c7c0dae240d7c21c4cd6,-78,,3,64,5.0,3
09:17:46,,3,56f3e3525f761f9fc51bba41ac7dc8049f2664dca7fb904bcb5845660369d1d7,-91,,3,64,,3
09:17:46,,3,56f3e3525f761f9fc51bba41ac7dc8049f2664dca7fb904bcb5845660369d1d7,-85,,3,64,,3
09:17:47,26.0,3,d3778186eaedd22347dceafe4df954621536afd8615a856d9dc6774dcc988f1e,-79,,3,64,,3
09:17:48,,3,56f3e3525f761f9fc51bba41ac7dc8049f2664dca7fb904bcb5845660369d1d7,-91,,3,64,,3
09:17:49,26.0,3,9ca230a8292369ecd20b87319745d60c61302a132c977650f712dba5dd5ae838,-57,,3,64,12.0,3
09:17:50,,3,f62ad4a5f1480762d1bb7d3de37ad74c39466613fcfe485144677431e93e7131,-94,,3,64,,3
09:17:50,26.0,3,9ca230a8292369ecd20b87319745d60c61302a132c977650f712dba5dd5ae838,-58,,3,64,12.0,3
09:17:51,,3,56f3e3525f761f9fc51bba41ac7dc8049f2664dca7fb904bcb5845660369d1d7,-84,,3,64,,3
09:17:52,,3,7205b88cb1bf3cca8a37281a43eab11c1dcd5bc170f06bf2c58c988fbee4ba9b,-90,,3,64,,3
09:17:53,26.0,3,fbdaeb9571cf9839f1a4644686bde63a54f59a166d0a5b96af089c954baf16a1,-91,,3,64,,3
09:17:54,,3,f62ad4a5f1480762d1bb7d3de37ad74c39466613fcfe485144677431e93e7131,-94,,3,64,,3
09:17:54,26.0,3,4265c4b6b3df22a2247ed137f062fb94e6175c608886c7c0dae240d7c21c4cd6,-79,,3,64,5.0,3
09:17:55,26.0,3,6a101979392e775383940a5bcd96953b99b72451098bff0aa4600a95614a595b,-91,,3,64,,3
09:17:56,26.0,3,9ca230a8292369ecd20b87319745d60c61302a132c977650f712dba5dd5ae838,-61,,3,64,12.0,3
09:17:57,26.0,3,d3778186eaedd22347dceafe4df954621536afd8615a856d9dc6774dcc988f1e,-79,,3,64,,3
09:17:58,26.0,3,6a101979392e775383940a5bcd96953b99b72451098bff0aa4600a95614a595b,-91,,3,64,,3
09:17:58,26.0,3,6a101979392e775383940a5bcd96953b99b72451098bff0aa4600a95614a595b,-96,,3,64,,3
09:17:59,26.0,3,808f03acbcef1fa066a3cfa299a2daba0a128c1b11e67e8358ed70198a5d18fc,-89,,3,64,5.0,3
09:18:00,26.0,3,6a101979392e775383940a5bcd96953b99b72451098bff0aa4600a95614a595b,-91,,3,64,,3
09:18:01,26.0,3,9ca230a8292369ecd20b87319745d60c61302a132c977650f712dba5dd5ae838,-58,,3,64,12.0,3
09:18:02,26.0,3,6a101979392e775383940a5bcd96953b99b72451098bff0aa4600a95614a595b,-91,,3,64,,3
09:18:03,,3,56f3e3525f761f9fc51bba41ac7dc8049f2664dca7fb904bcb5845660369d1d7,-86,,3,64,,3
09:18:03,,3,56f3e3525f761f9fc51bba41ac7dc8049f2664dca7fb904bcb5845660369d1d7,-89,,3,64,,3
09:18:04,26.0,3,d3778186eaedd22347dceafe4df954621536afd8615a856d9dc6774dcc988f1e,-77,,3,64,,3
09:18:05,26.0,3,d3778186eaedd22347dceafe4df954621536afd8615a856d9dc6774dcc988f1e,-77,,3,64,,3
09:18:06,,3,56f3e3525f761f9fc51bba41ac7dc8049f2664dca7fb904bcb5845660369d1d7,-90,,3,64,,3
09:18:07,,3,623aca9a098b6fc07ae86a1c65c381276a5f044864200423f754811d63e83b03,-87,,3,64,,3
09:18:07,,3,f62ad4a5f1480762d1bb7d3de37ad74c39466613fcfe485144677431e93e7131,-91,,3,64,,3
09:18:08,26.0,3,4265c4b6b3df22a2247ed137f062fb94e6175c608886c7c0dae240d7c21c4cd6,-81,,3,64,5.0,3
09:18:09,,3,69977de678062ec111250cb732d4acdcccb918cd39f4f72fe1ecc5c1a758df3b,-87,,3,64,,3
09:18:10,26.0,3,4265c4b6b3df22a2247ed137f062fb94e6175c608886c7c0dae240d7c21c4cd6,-79,,3,64,5.0,3
09:18:11,26.0,3,6a101979392e775383940a5bcd96953b99b72451098bff0aa4600a95614a595b,-90,,3,64,,3
09:18:11,,3,69977de678062ec111250cb732d4acdcccb918cd39f4f72fe1ecc5c1a758df3b,-84,,3,64,,3
09:18:12,,3,1e0acf3d56532920f33bb524de0d7853ac840de7ac5a9bda1490e7239a40aa74,-92,,3,64,,3
09:18:13,26.0,3,6a101979392e775383940a5bcd96953b99b72451098bff0aa4600a95614a595b,-96,,3,64,,3
09:18:14,,3,69977de678062ec111250cb732d4acdcccb918cd39f4f72fe1ecc5c1a758df3b,-88,,3,64,,3
09:18:15,26.0,3,fbdaeb9571cf9839f1a4644686bde63a54f59a166d0a5b96af089c954baf16a1,-93,,3,64,,3
09:18:15,26.0,3,d3778186eaedd22347dceafe4df954621536afd8615a856d9dc6774dcc988f1e,-77,,3,64,,3
09:18:16,26.0,3,d3778186eaedd22347dceafe4df954621536afd8615a856d9dc6774dcc988f1e,-80,,3,64,,3
09:18:17,26.0,3,d3778186eaedd22347dceafe4df954621536afd8615a856d9dc6774dcc988f1e,-79,,3,64,,3
09:18:18,26.0,3,4265c4b6b3df22a2247ed137f062fb94e6175c608886c7c0dae240d7c21c4cd6,-80,,3,64,5.0,3
09:18:19,,3,69977de678062ec111250cb732d4acdcccb918cd39f4f72fe1ecc5c1a758df3b,-89,,3,64,,3
09:18:20,,3,69977de678062ec111250cb732d4acdcccb918cd39f4f72fe1ecc5c1a758df3b,-87,,3,64,,3
09:18:20,26.0,3,b4c0ef33c3236d158d739b7f3bb9cbdf24cc51e431422217c23c9defa4b55ffc,-94,,3,64,7.0,3
09:18:21,,3,69977de678062ec111250cb732d4acdcccb918cd39f4f72fe1ecc5c1a758df3b,-89,,3,64,,3
09:18:22,,3,1e0acf3d56532920f33bb524de0d7853ac840de7ac5a9bda1490e7239a40aa74,-91,,3,64,,3
09:18:23,26.0,3,4265c4b6b3df22a2247ed137f062fb94e6175c608886c7c0dae240d7c21c4cd6,-79,,3,64,5.0,3
09:18:24,26.0,3,d3778186eaedd22347dceafe4df954621536afd8615a856d9dc6774dcc988f1e,-80,,3,64,,3
09:18:24,,3,69977de678062ec111250cb732d4acdcccb918cd39f4f72fe1ecc5c1a758df3b,-87,,3,64,,3
09:18:25,,3,69977de678062ec111250cb732d4acdcccb918cd39f4f72fe1ecc5c1a758df3b,-87,,3,64,,3
09:18:26,26.0,3,d3778186eaedd22347dceafe4df954621536afd8615a856d9dc6774dcc988f1e,-79,,3,64,,3
09:18:27,26.0,3,d3778186eaedd22347dceafe4df954621536afd8615a856d9dc6774dcc988f1e,-78,,3,64,,3
09:18:28,,3,69977de678062ec111250cb732d4acdcccb918cd39f4f72fe1ecc5c1a758df3b,-88,,3,64,,3
09:18:28,,3,1e0acf3d56532920f33bb524de0d7853ac840de7ac5a9bda1490e7239a40aa74,-94,,3,64,,3
09:18:29,,3,69977de678062ec111250cb732d4acdcccb918cd39f4f72fe1ecc5c1a758df3b,-91,,3,64,,3
09:18:30,26.0,3,d3778186eaedd22347dceafe4df954621536afd8615a856d9dc6774dcc988f1e,-78,,3,64,,3
09:18:31,26.0,3,fbdaeb9571cf9839f1a4644686bde63a54f59a166d0a5b96af089c954baf16a1,-99,,3,64,,3
09:18:32,26.0,3,4265c4b6b3df22a2247ed137f062fb94e6175c608886c7c0dae240d7c21c4cd6,-80,,3,64,5.0,3
09:18:32,,3,69977de678062ec111250cb732d4acdcccb918cd39f4f72fe1ecc5c1a758df3b,-91,,3,64,,3
09:18:33,26.0,3,135a52d17b03ad6f0af11c16de9f06a57b1a9a6f52fb0ad545073cb7757141a4,-88,,3,64,5.0,3
09:18:34,,3,69977de678062ec111250cb732d4acdcccb918cd39f4f72fe1ecc5c1a758df3b,-88,,3,64,,3
09:18:35,,3,69977de678062ec111250cb732d4acdcccb918cd39f4f72fe1ecc5c1a758df3b,-89,,3,64,,3
09:18:36,,3,a45069936d577c0d2780cdf5f0cbf758c909d4823bf1f829e8b0f4f50c48f64c,-80,,3,64,,3
09:18:37,26.0,3,58ec908d3d9d27510614124f08adb33d1e2b029890f8df06cf520608a9d73799,-88,,3,64,8.0,3
09:18:37,,3,f62ad4a5f1480762d1bb7d3de37ad74c39466613fcfe485144677431e93e7131,-90,,3,64,,3
09:18:38,,3,69977de678062ec111250cb732d4acdcccb918cd39f4f72fe1ecc5c1a758df3b,-89,,3,64,,3
09:18:39,,3,2ce91ff6d3cc3a731e0f86ff0cf8077580d2675d09ef135f83d0fe59cb3668f7,-91,,3,64,,3
09:18:40,,3,69977de678062ec111250cb732d4acdcccb918cd39f4f72fe1ecc5c1a758df3b,-85,,3,64,,3
09:18:41,26.0,3,fbdaeb9571cf9839f1a4644686bde63a54f59a166d0a5b96af089c954baf16a1,-92,,3,64,,3
09:18:41,,3,f62ad4a5f1480762d1bb7d3de37ad74c39466613fcfe485144677431e93e7131,-90,,3,64,,3
09:18:42,,3,1e0acf3d56532920f33bb524de0d7853ac840de7ac5a9bda1490e7239a40aa74,-93,,3,64,,3
09:18:43,,3,2ce91ff6d3cc3a731e0f86ff0cf8077580d2675d09ef135f83d0fe59cb3668f7,-91,,3,64,,3
09:18:44,,3,f62ad4a5f1480762d1bb7d3de37ad74c39466613fcfe485144677431e93e7131,-95,,3,64,,3
09:18:45,,3,623aca9a098b6fc07ae86a1c65c381276a5f044864200423f754811d63e83b03,-91,,3,64,,3
09:18:45,,3,69977de678062ec111250cb732d4acdcccb918cd39f4f72fe1ecc5c1a758df3b,-86,,3,64,,3
09:18:46,,3,1e0acf3d56532920f33bb524de0d7853ac840de7ac5a9bda1490e7239a40aa74,-95,,3,64,,3
09:18:47,,3,69977de678062ec111250cb732d4acdcccb918cd39f4f72fe1ecc5c1a758df3b,-89,,3,64,,3
09:18:48,,3,69977de678062ec111250cb732d4acdcccb918cd39f4f72fe1ecc5c1a758df3b,-86,,3,64,,3
09:18:49,,3,69977de678062ec111250cb732d4acdcccb918cd39f4f72fe1ecc5c1a758df3b,-94,,3,64,,3
09:18:49,26.0,3,6a101979392e775383940a5bcd96953b99b72451098bff0aa4600a95614a595b,-89,,3,64,7.0,3
09:18:50,,3,f62ad4a5f1480762d1bb7d3de37ad74c39466613fcfe485144677431e93e7131,-96,,3,64,,3
09:18:51,,3,69977de678062ec111250cb732d4acdcccb918cd39f4f72fe1ecc5c1a758df3b,-90,,3,64,,3
09:18:52,,3,69977de678062ec111250cb732d4acdcccb918cd39f4f72fe1ecc5c1a758df3b,-87,,3,64,,3
09:18:53,,3,69977de678062ec111250cb732d4acdcccb918cd39f4f72fe1ecc5c1a758df3b,-86,,3,64,,3
09:18:54,,3,69977de678062ec111250cb732d4acdcccb918cd39f4f72fe1ecc5c1a758df3b,-88,,3,64,,3
09:18:54,26.0,3,182aa4b435d64177ca475ec55ea64555cb987ea42b1f5730d6e3aab5ebb0afb2,-94,,3,64,,3
09:18:55,,3,69977de678062ec111250cb732d4acdcccb918cd39f4f72fe1ecc5c1a758df3b,-86,,3,64,,3
09:18:56,26.0,3,569bafa3d9abee58ebc3ff0e4102efc6da7ac16f9e1f47165eafed875b1b70e3,-83,,3,64,12.0,3
09:18:57,,3,69977de678062ec111250cb732d4acdcccb918cd39f4f72fe1ecc5c1a758df3b,-87,,3,64,,3
09:18:58,26.0,3,569bafa3d9abee58ebc3ff0e4102efc6da7ac16f9e1f47165eafed875b1b70e3,-84,,3,64,12.0,3
09:18:58,,3,69977de678062ec111250cb732d4acdcccb918cd39f4f72fe1ecc5c1a758df3b,-88,,3,64,,3
09:18:59,,3,69977de678062ec111250cb732d4acdcccb918cd39f4f72fe1ecc5c1a758df3b,-89,,3,64,,3
09:19:00,26.0,3,58ec908d3d9d27510614124f08adb33d1e2b029890f8df06cf520608a9d73799,-86,,3,64,8.0,3
09:19:01,,3,69977de678062ec111250cb732d4acdcccb918cd39f4f72fe1ecc5c1a758df3b,-88,,3,64,,3
09:19:02,,3,9c06e5c294fbf18a18d7d6ff0dc8f12d3092dbb8ce7505013a587aba25479551,-62,,3,64,,3
09:19:02,,3,1e0acf3d56532920f33bb524de0d7853ac840de7ac5a9bda1490e7239a40aa74,-96,,3,64,,3
09:19:03,,3,1e0acf3d56532920f33bb524de0d7853ac840de7ac5a9bda1490e7239a40aa74,-93,,3,64,,3
09:19:04,,3,69977de678062ec111250cb732d4acdcccb918cd39f4f72fe1ecc5c1a758df3b,-87,,3,64,,3
09:19:05,,3,69977de678062ec111250cb732d4acdcccb918cd39f4f72fe1ecc5c1a758df3b,-90,,3,64,,3
09:19:06,,3,69977de678062ec111250cb732d4acdcccb918cd39f4f72fe1ecc5c1a758df3b,-85,,3,64,,3
09:19:06,,3,69977de678062ec111250cb732d4acdcccb918cd39f4f72fe1ecc5c1a758df3b,-88,,3,64,,3
09:19:07,,3,1e0acf3d56532920f33bb524de0d7853ac840de7ac5a9bda1490e7239a40aa74,-93,,3,64,,3
09:19:08,,3,69977de678062ec111250cb732d4acdcccb918cd39f4f72fe1ecc5c1a758df3b,-86,,3,64,,3
09:19:09,,3,1e0acf3d56532920f33bb524de0d7853ac840de7ac5a9bda1490e7239a40aa74,-93,,3,64,,3
09:19:10,,3,69977de678062ec111250cb732d4acdcccb918cd39f4f72fe1ecc5c1a758df3b,-87,,3,64,,3
09:19:11,26.0,3,182aa4b435d64177ca475ec55ea64555cb987ea42b1f5730d6e3aab5ebb0afb2,-89,,3,64,,3
09:19:11,,3,1e0acf3d56532920f33bb524de0d7853ac840de7ac5a9bda1490e7239a40aa74,-93,,3,64,,3
09:19:12,,3,69977de678062ec111250cb732d4acdcccb918cd39f4f72fe1ecc5c1a758df3b,-86,,3,64,,3
09:19:13,,3,f62ad4a5f1480762d1bb7d3de37ad74c39466613fcfe485144677431e93e7131,-94,,3,64,,3
09:19:14,26.0,3,58ec908d3d9d27510614124f08adb33d1e2b029890f8df06cf520608a9d73799,-91,,3,64,8.0,3
09:19:15,,3,1e0acf3d56532920f33bb524de0d7853ac840de7ac5a9bda1490e7239a40aa74,-95,,3,64,,3
09:19:15,26.0,3,135a52d17b03ad6f0af11c16de9f06a57b1a9a6f52fb0ad545073cb7757141a4,-87,,3,64,5.0,3
09:19:16,,3,69977de678062ec111250cb732d4acdcccb918cd39f4f72fe1ecc5c1a758df3b,-88,,3,64,,3
09:19:17,,3,69977de678062ec111250cb732d4acdcccb918cd39f4f72fe1ecc5c1a758df3b,-85,,3,64,,3
09:19:18,,3,1e0acf3d56532920f33bb524de0d7853ac840de7ac5a9bda1490e7239a40aa74,-91,,3,64,,3
09:19:19,26.0,3,fbdaeb9571cf9839f1a4644686bde63a54f59a166d0a5b96af089c954baf16a1,-99,,3,64,,3
09:19:19,26.0,3,fbdaeb9571cf9839f1a4644686bde63a54f59a166d0a5b96af089c954baf16a1,-96,,3,64,,3
09:19:20,,3,69977de678062ec111250cb732d4acdcccb918cd39f4f72fe1ecc5c1a758df3b,-85,,3,64,,3
09:19:21,26.0,3,58ec908d3d9d27510614124f08adb33d1e2b029890f8df06cf520608a9d73799,-90,,3,64,8.0,3
09:19:22,,3,f62ad4a5f1480762d1bb7d3de37ad74c39466613fcfe485144677431e93e7131,-92,,3,64,,3
09:19:23,26.0,3,58ec908d3d9d27510614124f08adb33d1e2b029890f8df06cf520608a9d73799,-87,,3,64,8.0,3
09:19:23,,3,69977de678062ec111250cb732d4acdcccb918cd39f4f72fe1ecc5c1a758df3b,-88,,3,64,,3
09:19:24,,3,69977de678062ec111250cb732d4acdcccb918cd39f4f72fe1ecc5c1a758df3b,-88,,3,64,,3
09:19:25,,3,1e0acf3d56532920f33bb524de0d7853ac840de7ac5a9bda1490e7239a40aa74,-93,,3,64,,3
09:19:26,26.0,3,135a52d17b03ad6f0af11c16de9f06a57b1a9a6f52fb0ad545073cb7757141a4,-93,,3,64,5.0,3
09:19:27,,3,69977de678062ec111250cb732d4acdcccb918cd39f4f72fe1ecc5c1a758df3b,-86,,3,64,,3
09:19:28,,3,69977de678062ec111250cb732d4acdcccb918cd39f4f72fe1ecc5c1a758df3b,-93,,3,64,,3
09:19:28,,3,69977de678062ec111250cb732d4acdcccb918cd39f4f72fe1ecc5c1a758df3b,-85,,3,64,,3
09:19:29,,3,69977de678062ec111250cb732d4acdcccb918cd39f4f72fe1ecc5c1a758df3b,-91,,3,64,,3
09:19:30,26.0,3,fbdaeb9571cf9839f1a4644686bde63a54f59a166d0a5b96af089c954baf16a1,-93,,3,64,,3
09:19:31,,3,69977de678062ec111250cb732d4acdcccb918cd39f4f72fe1ecc5c1a758df3b,-87,,3,64,,3
09:19:32,,3,69977de678062ec111250cb732d4acdcccb918cd39f4f72fe1ecc5c1a758df3b,-87,,3,64,,3
09:19:32,,3,69977de678062ec111250cb732d4acdcccb918cd39f4f72fe1ecc5c1a758df3b,-86,,3,64,,3
09:19:33,,3,69977de678062ec111250cb732d4acdcccb918cd39f4f72fe1ecc5c1a758df3b,-84,,3,64,,3
09:19:34,,3,69977de678062ec111250cb732d4acdcccb918cd39f4f72fe1ecc5c1a758df3b,-87,,3,64,,3
09:19:35,26.0,3,6a101979392e775383940a5bcd96953b99b72451098bff0aa4600a95614a595b,-92,,3,64,,3
09:19:36,26.0,3,58ec908d3d9d27510614124f08adb33d1e2b029890f8df06cf520608a9d73799,-91,,3,64,8.0,3
09:19:36,,3,69977de678062ec111250cb732d4acdcccb918cd39f4f72fe1ecc5c1a758df3b,-87,,3,64,,3
09:19:37,26.0,3,fbdaeb9571cf9839f1a4644686bde63a54f59a166d0a5b96af089c954baf16a1,-91,,3,64,,3
09:19:38,,3,69977de678062ec111250cb732d4acdcccb918cd39f4f72fe1ecc5c1a758df3b,-87,,3,64,,3
09:19:39,,3,69977de678062ec111250cb732d4acdcccb918cd39f4f72fe1ecc5c1a758df3b,-89,,3,64,,3
09:19:40,,3,0517cc4e28d681b31c48cd2db083af35bcb886d9172492e1a2b16595c3080f9b,-92,,3,64,,3
09:19:40,,3,69977de678062ec111250cb732d4acdcccb918cd39f4f72fe1ecc5c1a758df3b,-87,,3,64,,3
09:19:41,26.0,3,569bafa3d9abee58ebc3ff0e4102efc6da7ac16f9e1f47165eafed875b1b70e3,-81,,3,64,12.0,3
09:19:42,,3,0517cc4e28d681b31c48cd2db083af35bcb886d9172492e1a2b16595c3080f9b,-89,,3,64,,3
09:19:43,,3,69977de678062ec111250cb732d4acdcccb918cd39f4f72fe1ecc5c1a758df3b,-86,,3,64,,3
09:19:44,26.0,3,569bafa3d9abee58ebc3ff0e4102efc6da7ac16f9e1f47165eafed875b1b70e3,-78,,3,64,12.0,3
09:19:45,26.0,3,fbdaeb9571cf9839f1a4644686bde63a54f59a166d0a5b96af089c954baf16a1,-91,,3,64,,3
09:19:45,,3,69977de678062ec111250cb732d4acdcccb918cd39f4f72fe1ecc5c1a758df3b,-88,,3,64,,3
09:19:46,26.0,3,182aa4b435d64177ca475ec55ea64555cb987ea42b1f5730d6e3aab5ebb0afb2,-90,,3,64,12.0,3
09:19:47,26.0,3,fbdaeb9571cf9839f1a4644686bde63a54f59a166d0a5b96af089c954baf16a1,-91,,3,64,,3
09:19:48,26.0,3,fbdaeb9571cf9839f1a4644686bde63a54f59a166d0a5b96af089c954baf16a1,-92,,3,64,,3
09:19:49,,3,69977de678062ec111250cb732d4acdcccb918cd39f4f72fe1ecc5c1a758df3b,-86,,3,64,,3
09:19:49,,3,69977de678062ec111250cb732d4acdcccb918cd39f4f72fe1ecc5c1a758df3b,-91,,3,64,,3
09:19:50,26.0,3,58ec908d3d9d27510614124f08adb33d1e2b029890f8df06cf520608a9d73799,-92,,3,64,8.0,3
09:19:51,,3,69977de678062ec111250cb732d4acdcccb918cd39f4f72fe1ecc5c1a758df3b,-85,,3,64,,3
09:19:52,26.0,3,fbdaeb9571cf9839f1a4644686bde63a54f59a166d0a5b96af089c954baf16a1,-91,,3,64,,3
09:19:53,,3,0517cc4e28d681b31c48cd2db083af35bcb886d9172492e1a2b16595c3080f9b,-88,,3,64,,3
09:19:53,,3,1e0acf3d56532920f33bb524de0d7853ac840de7ac5a9bda1490e7239a40aa74,-94,,3,64,,3
09:19:54,,3,69977de678062ec111250cb732d4acdcccb918cd39f4f72fe1ecc5c1a758df3b,-88,,3,64,,3
09:19:55,,3,0517cc4e28d681b31c48cd2db083af35bcb886d9172492e1a2b16595c3080f9b,-90,,3,64,,3
09:19:56,,3,1e0acf3d56532920f33bb524de0d7853ac840de7ac5a9bda1490e7239a40aa74,-92,,3,64,,3
09:19:57,,3,0517cc4e28d681b31c48cd2db083af35bcb886d9172492e1a2b16595c3080f9b,-88,,3,64,,3
09:19:58,,3,69977de678062ec111250cb732d4acdcccb918cd39f4f72fe1ecc5c1a758df3b,-87,,3,64,,3
09:19:58,,3,0517cc4e28d681b31c48cd2db083af35bcb886d9172492e1a2b16595c3080f9b,-91,,3,64,,3
09:19:59,26.0,3,fbdaeb9571cf9839f1a4644686bde63a54f59a166d0a5b96af089c954baf16a1,-92,,3,64,,3
09:20:00,,3,69977de678062ec111250cb732d4acdcccb918cd39f4f72fe1ecc5c1a758df3b,-85,,3,64,,3
09:20:01,,3,69977de678062ec111250cb732d4acdcccb918cd39f4f72fe1ecc5c1a758df3b,-87,,3,64,,3
09:20:02,26.0,3,569bafa3d9abee58ebc3ff0e4102efc6da7ac16f9e1f47165eafed875b1b70e3,-83,,3,64,12.0,3
09:20:02,,3,0517cc4e28d681b31c48cd2db083af35bcb886d9172492e1a2b16595c3080f9b,-89,,3,64,,3
09:20:03,,3,69977de678062ec111250cb732d4acdcccb918cd39f4f72fe1ecc5c1a758df3b,-90,,3,64,,3
09:20:04,26.0,3,182aa4b435d64177ca475ec55ea64555cb987ea42b1f5730d6e3aab5ebb0afb2,-84,,3,64,,3
09:20:05,,3,0517cc4e28d681b31c48cd2db083af35bcb886d9172492e1a2b16595c3080f9b,-89,,3,64,,3
09:20:06,,3,69977de678062ec111250cb732d4acdcccb918cd39f4f72fe1ecc5c1a758df3b,-86,,3,64,,3
09:20:06,26.0,3,135a52d17b03ad6f0af11c16de9f06a57b1a9a6f52fb0ad545073cb7757141a4,-92,,3,64,5.0,3
09:20:07,6.0,3,9c361e4be634e32d9b487b556760e512627fd5adc685787264f8d6b12abc8dea,-92,Cb40,3,64,,3
09:20:08,26.0,3,135a52d17b03ad6f0af11c16de9f06a57b1a9a6f52fb0ad545073cb7757141a4,-95,,3,64,5.0,3
09:20:09,,3,0517cc4e28d681b31c48cd2db083af35bcb886d9172492e1a2b16595c3080f9b,-89,,3,64,,3
09:20:10,26.0,3,135a52d17b03ad6f0af11c16de9f06a57b1a9a6f52fb0ad545073cb7757141a4,-90,,3,64,5.0,3
09:20:10,,3,69977de678062ec111250cb732d4acdcccb918cd39f4f72fe1ecc5c1a758df3b,-97,,3,64,,3
09:20:11,,3,0517cc4e28d681b31c48cd2db083af35bcb886d9172492e1a2b16595c3080f9b,-86,,3,64,,3
09:20:12,,3,1e0acf3d56532920f33bb524de0d7853ac840de7ac5a9bda1490e7239a40aa74,-94,,3,64,,3
09:20:13,26.0,3,569bafa3d9abee58ebc3ff0e4102efc6da7ac16f9e1f47165eafed875b1b70e3,-83,,3,64,12.0,3
09:20:14,,3,69977de678062ec111250cb732d4acdcccb918cd39f4f72fe1ecc5c1a758df3b,-89,,3,64,,3
09:20:15,26.0,3,182aa4b435d64177ca475ec55ea64555cb987ea42b1f5730d6e3aab5ebb0afb2,-82,,3,64,12.0,3
09:20:15,,3,69977de678062ec111250cb732d4acdcccb918cd39f4f72fe1ecc5c1a758df3b,-88,,3,64,,3
09:20:16,,3,69977de678062ec111250cb732d4acdcccb918cd39f4f72fe1ecc5c1a758df3b,-95,,3,64,,3
09:20:17,,3,69977de678062ec111250cb732d4acdcccb918cd39f4f72fe1ecc5c1a758df3b,-85,,3,64,,3
09:20:18,26.0,3,182aa4b435d64177ca475ec55ea64555cb987ea42b1f5730d6e3aab5ebb0afb2,-81,,3,64,12.0,3
09:20:19,,3,a45069936d577c0d2780cdf5f0cbf758c909d4823bf1f829e8b0f4f50c48f64c,-80,,3,64,,3
09:20:19,,3,69977de678062ec111250cb732d4acdcccb918cd39f4f72fe1ecc5c1a758df3b,-86,,3,64,,3
09:20:20,,3,69977de678062ec111250cb732d4acdcccb918cd39f4f72fe1ecc5c1a758df3b,-93,,3,64,,3
09:20:21,26.0,3,58ec908d3d9d27510614124f08adb33d1e2b029890f8df06cf520608a9d73799,-90,,3,64,8.0,3
09:20:22,26.0,3,135a52d17b03ad6f0af11c16de9f06a57b1a9a6f52fb0ad545073cb7757141a4,-95,,3,64,5.0,3
09:20:23,,3,69977de678062ec111250cb732d4acdcccb918cd39f4f72fe1ecc5c1a758df3b,-92,,3,64,,3
09:20:23,,3,69977de678062ec111250cb732d4acdcccb918cd39f4f72fe1ecc5c1a758df3b,-87,,3,64,,3
09:20:24,26.0,3,182aa4b435d64177ca475ec55ea64555cb987ea42b1f5730d6e3aab5ebb0afb2,-87,,3,64,12.0,3
09:20:25,,3,69977de678062ec111250cb732d4acdcccb918cd39f4f72fe1ecc5c1a758df3b,-90,,3,64,,3
09:20:26,,3,69977de678062ec111250cb732d4acdcccb918cd39f4f72fe1ecc5c1a758df3b,-90,,3,64,,3
09:20:27,26.0,3,569bafa3d9abee58ebc3ff0e4102efc6da7ac16f9e1f47165eafed875b1b70e3,-78,,3,64,12.0,3
09:20:27,26.0,3,b4c0ef33c3236d158d739b7f3bb9cbdf24cc51e431422217c23c9defa4b55ffc,-89,,3,64,7.0,3
09:20:28,,3,0517cc4e28d681b31c48cd2db083af35bcb886d9172492e1a2b16595c3080f9b,-90,,3,64,,3
09:20:29,,3,69977de678062ec111250cb732d4acdcccb918cd39f4f72fe1ecc5c1a758df3b,-92,,3,64,,3
09:20:30,,3,69977de678062ec111250cb732d4acdcccb918cd39f4f72fe1ecc5c1a758df3b,-88,,3,64,,3
09:20:31,26.0,3,fbdaeb9571cf9839f1a4644686bde63a54f59a166d0a5b96af089c954baf16a1,-87,,3,64,,3
09:20:31,26.0,3,569bafa3d9abee58ebc3ff0e4102efc6da7ac16f9e1f47165eafed875b1b70e3,-79,,3,64,12.0,3
09:20:32,,3,69977de678062ec111250cb732d4acdcccb918cd39f4f72fe1ecc5c1a758df3b,-87,,3,64,,3
09:20:33,,3,69977de678062ec111250cb732d4acdcccb918cd39f4f72fe1ecc5c1a758df3b,-87,,3,64,,3
09:20:34,,3,623aca9a098b6fc07ae86a1c65c381276a5f044864200423f754811d63e83b03,-87,,3,64,,3
09:20:35,26.0,3,58ec908d3d9d27510614124f08adb33d1e2b029890f8df06cf520608a9d73799,-86,,3,64,8.0,3
09:20:36,,3,69977de678062ec111250cb732d4acdcccb918cd39f4f72fe1ecc5c1a758df3b,-84,,3,64,,3
09:20:36,26.0,3,58ec908d3d9d27510614124f08adb33d1e2b029890f8df06cf520608a9d73799,-85,,3,64,8.0,3
09:20:37,,3,69977de678062ec111250cb732d4acdcccb918cd39f4f72fe1ecc5c1a758df3b,-85,,3,64,,3
09:20:38,,3,69977de678062ec111250cb732d4acdcccb918cd39f4f72fe1ecc5c1a758df3b,-86,,3,64,,3
09:20:39,,3,1e0acf3d56532920f33bb524de0d7853ac840de7ac5a9bda1490e7239a40aa74,-94,,3,64,,3
09:20:40,26.0,3,b4c0ef33c3236d158d739b7f3bb9cbdf24cc51e431422217c23c9defa4b55ffc,-88,,3,64,7.0,3
09:20:40,26.0,3,569bafa3d9abee58ebc3ff0e4102efc6da7ac16f9e1f47165eafed875b1b70e3,-90,,3,64,12.0,3
09:20:41,,3,69977de678062ec111250cb732d4acdcccb918cd39f4f72fe1ecc5c1a758df3b,-85,,3,64,,3
09:20:42,,3,69977de678062ec111250cb732d4acdcccb918cd39f4f72fe1ecc5c1a758df3b,-88,,3,64,,3
09:20:43,,3,1e0acf3d56532920f33bb524de0d7853ac840de7ac5a9bda1490e7239a40aa74,-94,,3,64,,3
09:20:44,,3,9c06e5c294fbf18a18d7d6ff0dc8f12d3092dbb8ce7505013a587aba25479551,-64,,3,64,,3
09:20:44,26.0,3,182aa4b435d64177ca475ec55ea64555cb987ea42b1f5730d6e3aab5ebb0afb2,-85,,3,64,,3
09:20:45,,3,1e0acf3d56532920f33bb524de0d7853ac840de7ac5a9bda1490e7239a40aa74,-95,,3,64,,3
09:20:46,,3,69977de678062ec111250cb732d4acdcccb918cd39f4f72fe1ecc5c1a758df3b,-85,,3,64,,3
09:20:47,26.0,3,fbdaeb9571cf9839f1a4644686bde63a54f59a166d0a5b96af089c954baf16a1,-90,,3,64,,3
09:20:48,,3,9c06e5c294fbf18a18d7d6ff0dc8f12d3092dbb8ce7505013a587aba25479551,-56,,3,64,,3
09:20:48,,3,a45069936d577c0d2780cdf5f0cbf758c909d4823bf1f829e8b0f4f50c48f64c,-78,,3,64,,3
09:20:49,,3,69977de678062ec111250cb732d4acdcccb918cd39f4f72fe1ecc5c1a758df3b,-86,,3,64,,3
09:20:50,26.0,3,182aa4b435d64177ca475ec55ea64555cb987ea42b1f5730d6e3aab5ebb0afb2,-90,,3,64,12.0,3
09:20:51,26.0,3,fbdaeb9571cf9839f1a4644686bde63a54f59a166d0a5b96af089c954baf16a1,-93,,3,64,,3
09:20:52,,3,9c06e5c294fbf18a18d7d6ff0dc8f12d3092dbb8ce7505013a587aba25479551,-61,,3,64,,3
09:20:53,,3,69977de678062ec111250cb732d4acdcccb918cd39f4f72fe1ecc5c1a758df3b,-85,,3,64,,3
09:20:53,26.0,3,569bafa3d9abee58ebc3ff0e4102efc6da7ac16f9e1f47165eafed875b1b70e3,-89,,3,64,12.0,3
09:20:54,26.0,3,569bafa3d9abee58ebc3ff0e4102efc6da7ac16f9e1f47165eafed875b1b70e3,-91,,3,64,12.0,3
09:20:55,,3,69977de678062ec111250cb732d4acdcccb918cd39f4f72fe1ecc5c1a758df3b,-85,,3,64,,3
09:20:56,26.0,3,569bafa3d9abee58ebc3ff0e4102efc6da7ac16f9e1f47165eafed875b1b70e3,-87,,3,64,12.0,3
09:20:57,,3,69977de678062ec111250cb732d4acdcccb918cd39f4f72fe1ecc5c1a758df3b,-85,,3,64,,3
09:20:57,26.0,3,569bafa3d9abee58ebc3ff0e4102efc6da7ac16f9e1f47165eafed875b1b70e3,-89,,3,64,12.0,3
09:20:58,26.0,3,fbdaeb9571cf9839f1a4644686bde63a54f59a166d0a5b96af089c954baf16a1,-88,,3,64,,3
09:20:59,,3,69977de678062ec111250cb732d4acdcccb918cd39f4f72fe1ecc5c1a758df3b,-85,,3,64,,3
09:21:00,26.0,3,fbdaeb9571cf9839f1a4644686bde63a54f59a166d0a5b96af089c954baf16a1,-88,,3,64,,3
09:21:01,26.0,3,fbdaeb9571cf9839f1a4644686bde63a54f59a166d0a5b96af089c954baf16a1,-89,,3,64,,3
09:21:01,26.0,3,135a52d17b03ad6f0af11c16de9f06a57b1a9a6f52fb0ad545073cb7757141a4,-87,,3,64,5.0,3
09:21:02,,3,0517cc4e28d681b31c48cd2db083af35bcb886d9172492e1a2b16595c3080f9b,-94,,3,64,,3
09:21:03,,3,69977de678062ec111250cb732d4acdcccb918cd39f4f72fe1ecc5c1a758df3b,-88,,3,64,,3
09:21:04,,3,69977de678062ec111250cb732d4acdcccb918cd39f4f72fe1ecc5c1a758df3b,-85,,3,64,,3
09:21:05,26.0,3,182aa4b435d64177ca475ec55ea64555cb987ea42b1f5730d6e3aab5ebb0afb2,-90,,3,64,12.0,3
09:21:05,26.0,3,fbdaeb9571cf9839f1a4644686bde63a54f59a166d0a5b96af089c954baf16a1,-86,,3,64,,3
09:21:06,26.0,3,569bafa3d9abee58ebc3ff0e4102efc6da7ac16f9e1f47165eafed875b1b70e3,-86,,3,64,12.0,3
09:21:07,26.0,3,182aa4b435d64177ca475ec55ea64555cb987ea42b1f5730d6e3aab5ebb0afb2,-88,,3,64,12.0,3
09:21:08,26.0,3,fbdaeb9571cf9839f1a4644686bde63a54f59a166d0a5b96af089c954baf16a1,-88,,3,64,,3
09:21:09,26.0,3,182aa4b435d64177ca475ec55ea64555cb987ea42b1f5730d6e3aab5ebb0afb2,-85,,3,64,12.0,3
09:21:10,,3,69977de678062ec111250cb732d4acdcccb918cd39f4f72fe1ecc5c1a758df3b,-86,,3,64,,3
09:21:10,,3,9c06e5c294fbf18a18d7d6ff0dc8f12d3092dbb8ce7505013a587aba25479551,-56,,3,64,,3
09:21:11,,3,69977de678062ec111250cb732d4acdcccb918cd39f4f72fe1ecc5c1a758df3b,-88,,3,64,,3
09:21:12,26.0,3,135a52d17b03ad6f0af11c16de9f06a57b1a9a6f52fb0ad545073cb7757141a4,-92,,3,64,5.0,3
09:21:13,,3,0517cc4e28d681b31c48cd2db083af35bcb886d9172492e1a2b16595c3080f9b,-94,,3,64,,3
09:21:14,26.0,3,9ca230a8292369ecd20b87319745d60c61302a132c977650f712dba5dd5ae838,-61,,3,64,12.0,3
09:21:14,,3,69977de678062ec111250cb732d4acdcccb918cd39f4f72fe1ecc5c1a758df3b,-87,,3,64,,3
09:21:15,26.0,3,135a52d17b03ad6f0af11c16de9f06a57b1a9a6f52fb0ad545073cb7757141a4,-94,,3,64,5.0,3
09:21:16,26.0,3,58ec908d3d9d27510614124f08adb33d1e2b029890f8df06cf520608a9d73799,-84,,3,64,8.0,3
09:21:17,26.0,3,135a52d17b03ad6f0af11c16de9f06a57b1a9a6f52fb0ad545073cb7757141a4,-93,,3,64,5.0,3
09:21:18,26.0,3,b4c0ef33c3236d158d739b7f3bb9cbdf24cc51e431422217c23c9defa4b55ffc,-90,,3,64,7.0,3
09:21:18,,3,69977de678062ec111250cb732d4acdcccb918cd39f4f72fe1ecc5c1a758df3b,-86,,3,64,,3
09:21:19,,3,69977de678062ec111250cb732d4acdcccb918cd39f4f72fe1ecc5c1a758df3b,-89,,3,64,,3
09:21:20,26.0,3,182aa4b435d64177ca475ec55ea64555cb987ea42b1f5730d6e3aab5ebb0afb2,-84,,3,64,,3
09:21:21,26.0,3,569bafa3d9abee58ebc3ff0e4102efc6da7ac16f9e1f47165eafed875b1b70e3,-92,,3,64,12.0,3
09:21:22,26.0,3,569bafa3d9abee58ebc3ff0e4102efc6da7ac16f9e1f47165eafed875b1b70e3,-85,,3,64,12.0,3
09:21:22,,3,a45069936d577c0d2780cdf5f0cbf758c909d4823bf1f829e8b0f4f50c48f64c,-88,,3,64,,3
09:21:23,,3,69977de678062ec111250cb732d4acdcccb918cd39f4f72fe1ecc5c1a758df3b,-88,,3,64,,3
09:21:24,,3,69977de678062ec111250cb732d4acdcccb918cd39f4f72fe1ecc5c1a758df3b,-88,,3,64,,3
09:21:25,26.0,3,569bafa3d9abee58ebc3ff0e4102efc6da7ac16f9e1f47165eafed875b1b70e3,-88,,3,64,12.0,3
09:21:26,26.0,3,b4c0ef33c3236d158d739b7f3bb9cbdf24cc51e431422217c23c9defa4b55ffc,-91,,3,64,7.0,3
09:21:27,,3,69977de678062ec111250cb732d4acdcccb918cd39f4f72fe1ecc5c1a758df3b,-84,,3,64,,3
09:21:27,26.0,3,135a52d17b03ad6f0af11c16de9f06a57b1a9a6f52fb0ad545073cb7757141a4,-96,,3,64,5.0,3
09:21:28,26.0,3,b4c0ef33c3236d158d739b7f3bb9cbdf24cc51e431422217c23c9defa4b55ffc,-92,,3,64,7.0,3
09:21:29,,3,69977de678062ec111250cb732d4acdcccb918cd39f4f72fe1ecc5c1a758df3b,-86,,3,64,,3
09:21:30,26.0,3,58ec908d3d9d27510614124f08adb33d1e2b029890f8df06cf520608a9d73799,-92,,3,64,8.0,3
09:21:31,26.0,3,135a52d17b03ad6f0af11c16de9f06a57b1a9a6f52fb0ad545073cb7757141a4,-93,,3,64,5.0,3
09:21:31,26.0,3,fbdaeb9571cf9839f1a4644686bde63a54f59a166d0a5b96af089c954baf16a1,-95,,3,64,,3
09:21:32,6.0,3,9c361e4be634e32d9b487b556760e512627fd5adc685787264f8d6b12abc8dea,-93,Cb40,3,64,,3
09:21:33,26.0,3,58ec908d3d9d27510614124f08adb33d1e2b029890f8df06cf520608a9d73799,-90,,3,64,8.0,3
09:21:34,26.0,3,fbdaeb9571cf9839f1a4644686bde63a54f59a166d0a5b96af089c954baf16a1,-89,,3,64,,3
09:21:35,,3,69977de678062ec111250cb732d4acdcccb918cd39f4f72fe1ecc5c1a758df3b,-89,,3,64,,3
09:21:35,,3,69977de678062ec111250cb732d4acdcccb918cd39f4f72fe1ecc5c1a758df3b,-90,,3,64,,3
09:21:36,,3,69977de678062ec111250cb732d4acdcccb918cd39f4f72fe1ecc5c1a758df3b,-95,,3,64,,3
09:21:37,,3,69977de678062ec111250cb732d4acdcccb918cd39f4f72fe1ecc5c1a758df3b,-85,,3,64,,3
09:21:38,,3,69977de678062ec111250cb732d4acdcccb918cd39f4f72fe1ecc5c1a758df3b,-90,,3,64,,3
09:21:39,,3,69977de678062ec111250cb732d4acdcccb918cd39f4f72fe1ecc5c1a758df3b,-89,,3,64,,3
09:21:40,26.0,3,182aa4b435d64177ca475ec55ea64555cb987ea42b1f5730d6e3aab5ebb0afb2,-89,,3,64,,3
09:21:40,26.0,3,135a52d17b03ad6f0af11c16de9f06a57b1a9a6f52fb0ad545073cb7757141a4,-94,,3,64,5.0,3
09:21:41,26.0,3,b4c0ef33c3236d158d739b7f3bb9cbdf24cc51e431422217c23c9defa4b55ffc,-92,,3,64,7.0,3
09:21:42,,3,623aca9a098b6fc07ae86a1c65c381276a5f044864200423f754811d63e83b03,-94,,3,64,,3
09:21:43,,3,a45069936d577c0d2780cdf5f0cbf758c909d4823bf1f829e8b0f4f50c48f64c,-79,,3,64,,3
09:21:44,26.0,3,135a52d17b03ad6f0af11c16de9f06a57b1a9a6f52fb0ad545073cb7757141a4,-89,,3,64,5.0,3
09:21:44,26.0,3,182aa4b435d64177ca475ec55ea64555cb987ea42b1f5730d6e3aab5ebb0afb2,-90,,3,64,,3
09:21:45,26.0,3,9ca230a8292369ecd20b87319745d60c61302a132c977650f712dba5dd5ae838,-76,,3,64,12.0,3
09:21:46,,3,69977de678062ec111250cb732d4acdcccb918cd39f4f72fe1ecc5c1a758df3b,-86,,3,64,,3
09:21:47,26.0,3,9ca230a8292369ecd20b87319745d60c61302a132c977650f712dba5dd5ae838,-72,,3,64,12.0,3
09:21:48,26.0,3,182aa4b435d64177ca475ec55ea64555cb987ea42b1f5730d6e3aab5ebb0afb2,-88,,3,64,,3
09:21:48,,3,1e0acf3d56532920f33bb524de0d7853ac840de7ac5a9bda1490e7239a40aa74,-95,,3,64,,3
09:21:49,,3,0517cc4e28d681b31c48cd2db083af35bcb886d9172492e1a2b16595c3080f9b,-89,,3,64,,3
09:21:50,,3,0517cc4e28d681b31c48cd2db083af35bcb886d9172492e1a2b16595c3080f9b,-94,,3,64,,3
09:21:51,,3,69977de678062ec111250cb732d4acdcccb918cd39f4f72fe1ecc5c1a758df3b,-86,,3,64,,3
09:21:52,26.0,3,fbdaeb9571cf9839f1a4644686bde63a54f59a166d0a5b96af089c954baf16a1,-90,,3,64,,3
09:21:52,,3,69977de678062ec111250cb732d4acdcccb918cd39f4f72fe1ecc5c1a758df3b,-81,,3,64,,3
09:21:53,,3,69977de678062ec111250cb732d4acdcccb918cd39f4f72fe1ecc5c1a758df3b,-93,,3,64,,3
09:21:54,,3,0517cc4e28d681b31c48cd2db083af35bcb886d9172492e1a2b16595c3080f9b,-89,,3,64,,3
09:21:55,26.0,3,fbdaeb9571cf9839f1a4644686bde63a54f59a166d0a5b96af089c954baf16a1,-88,,3,64,,3
09:21:56,26.0,3,fbdaeb9571cf9839f1a4644686bde63a54f59a166d0a5b96af089c954baf16a1,-86,,3,64,,3
09:21:56,26.0,3,58ec908d3d9d27510614124f08adb33d1e2b029890f8df06cf520608a9d73799,-86,,3,64,8.0,3
09:21:57,26.0,3,fbdaeb9571cf9839f1a4644686bde63a54f59a166d0a5b96af089c954baf16a1,-88,,3,64,,3
09:21:58,,3,69977de678062ec111250cb732d4acdcccb918cd39f4f72fe1ecc5c1a758df3b,-88,,3,64,,3
09:21:59,26.0,3,58ec908d3d9d27510614124f08adb33d1e2b029890f8df06cf520608a9d73799,-85,,3,64,8.0,3
09:22:00,,3,69977de678062ec111250cb732d4acdcccb918cd39f4f72fe1ecc5c1a758df3b,-88,,3,64,,3
09:22:01,,3,69977de678062ec111250cb732d4acdcccb918cd39f4f72fe1ecc5c1a758df3b,-89,,3,64,,3
09:22:01,,3,69977de678062ec111250cb732d4acdcccb918cd39f4f72fe1ecc5c1a758df3b,-90,,3,64,,3
09:22:02,,3,69977de678062ec111250cb732d4acdcccb918cd39f4f72fe1ecc5c1a758df3b,-83,,3,64,,3
09:22:03,26.0,3,b4c0ef33c3236d158d739b7f3bb9cbdf24cc51e431422217c23c9defa4b55ffc,-89,,3,64,7.0,3
09:22:04,26.0,3,fbdaeb9571cf9839f1a4644686bde63a54f59a166d0a5b96af089c954baf16a1,-89,,3,64,,3
09:22:05,,3,69977de678062ec111250cb732d4acdcccb918cd39f4f72fe1ecc5c1a758df3b,-82,,3,64,,3
09:22:05,,3,2ce91ff6d3cc3a731e0f86ff0cf8077580d2675d09ef135f83d0fe59cb3668f7,-95,,3,64,,3
09:22:06,,3,69977de678062ec111250cb732d4acdcccb918cd39f4f72fe1ecc5c1a758df3b,-83,,3,64,,3
09:22:07,,3,69977de678062ec111250cb732d4acdcccb918cd39f4f72fe1ecc5c1a758df3b,-87,,3,64,,3
09:22:08,,3,0517cc4e28d681b31c48cd2db083af35bcb886d9172492e1a2b16595c3080f9b,-88,,3,64,,3
09:22:09,,3,69977de678062ec111250cb732d4acdcccb918cd39f4f72fe1ecc5c1a758df3b,-82,,3,64,,3
09:22:09,,3,0517cc4e28d681b31c48cd2db083af35bcb886d9172492e1a2b16595c3080f9b,-88,,3,64,,3
09:22:10,26.0,3,58ec908d3d9d27510614124f08adb33d1e2b029890f8df06cf520608a9d73799,-86,,3,64,8.0,3
09:22:11,6.0,3,d1de0ddb51e6fdcb1eeb0a80d815c6b9a0c610ff82e78b630f80a717ef6f14a5,-92,Cb40,3,64,,3
09:22:12,,3,69977de678062ec111250cb732d4acdcccb918cd39f4f72fe1ecc5c1a758df3b,-87,,3,64,,3
09:22:13,26.0,3,b4c0ef33c3236d158d739b7f3bb9cbdf24cc51e431422217c23c9defa4b55ffc,-89,,3,64,7.0,3
09:22:13,26.0,3,58ec908d3d9d27510614124f08adb33d1e2b029890f8df06cf520608a9d73799,-88,,3,64,8.0,3
09:22:14,,3,69977de678062ec111250cb732d4acdcccb918cd39f4f72fe1ecc5c1a758df3b,-88,,3,64,,3
09:22:15,26.0,3,fbdaeb9571cf9839f1a4644686bde63a54f59a166d0a5b96af089c954baf16a1,-90,,3,64,,3
09:22:16,26.0,3,9ca230a8292369ecd20b87319745d60c61302a132c977650f712dba5dd5ae838,-68,,3,64,12.0,3
09:22:17,26.0,3,9ca230a8292369ecd20b87319745d60c61302a132c977650f712dba5dd5ae838,-70,,3,64,12.0,3
09:22:18,,3,2ce91ff6d3cc3a731e0f86ff0cf8077580d2675d09ef135f83d0fe59cb3668f7,-92,,3,64,,3
09:22:18,26.0,3,fbdaeb9571cf9839f1a4644686bde63a54f59a166d0a5b96af089c954baf16a1,-87,,3,64,,3
09:22:19,26.0,3,9ca230a8292369ecd20b87319745d60c61302a132c977650f712dba5dd5ae838,-67,,3,64,12.0,3
09:22:20,,3,69977de678062ec111250cb732d4acdcccb918cd39f4f72fe1ecc5c1a758df3b,-85,,3,64,,3
09:22:21,26.0,3,fbdaeb9571cf9839f1a4644686bde63a54f59a166d0a5b96af089c954baf16a1,-86,,3,64,,3
09:22:22,,3,1e0acf3d56532920f33bb524de0d7853ac840de7ac5a9bda1490e7239a40aa74,-90,,3,64,,3
09:22:22,,3,69977de678062ec111250cb732d4acdcccb918cd39f4f72fe1ecc5c1a758df3b,-85,,3,64,,3
09:22:23,26.0,3,fbdaeb9571cf9839f1a4644686bde63a54f59a166d0a5b96af089c954baf16a1,-88,,3,64,,3
09:22:24,26.0,3,58ec908d3d9d27510614124f08adb33d1e2b029890f8df06cf520608a9d73799,-94,,3,64,8.0,3
09:22:25,26.0,3,182aa4b435d64177ca475ec55ea64555cb987ea42b1f5730d6e3aab5ebb0afb2,-87,,3,64,12.0,3
09:22:26,,3,69977de678062ec111250cb732d4acdcccb918cd39f4f72fe1ecc5c1a758df3b,-85,,3,64,,3
09:22:26,,3,1e0acf3d56532920f33bb524de0d7853ac840de7ac5a9bda1490e7239a40aa74,-91,,3,64,,3
09:22:27,26.0,3,9ca230a8292369ecd20b87319745d60c61302a132c977650f712dba5dd5ae838,-70,,3,64,12.0,3
09:22:28,26.0,3,58ec908d3d9d27510614124f08adb33d1e2b029890f8df06cf520608a9d73799,-86,,3,64,8.0,3
09:22:29,,3,1e0acf3d56532920f33bb524de0d7853ac840de7ac5a9bda1490e7239a40aa74,-93,,3,64,,3
09:22:30,,3,0517cc4e28d681b31c48cd2db083af35bcb886d9172492e1a2b16595c3080f9b,-88,,3,64,,3
09:22:30,26.0,3,fbdaeb9571cf9839f1a4644686bde63a54f59a166d0a5b96af089c954baf16a1,-86,,3,64,,3
09:22:31,,3,69977de678062ec111250cb732d4acdcccb918cd39f4f72fe1ecc5c1a758df3b,-90,,3,64,,3
09:22:32,,3,9c06e5c294fbf18a18d7d6ff0dc8f12d3092dbb8ce7505013a587aba25479551,-75,,3,64,,3
09:22:33,,3,0517cc4e28d681b31c48cd2db083af35bcb886d9172492e1a2b16595c3080f9b,-92,,3,64,,3
09:22:34,26.0,3,fbdaeb9571cf9839f1a4644686bde63a54f59a166d0a5b96af089c954baf16a1,-85,,3,64,,3
09:22:35,26.0,3,fbdaeb9571cf9839f1a4644686bde63a54f59a166d0a5b96af089c954baf16a1,-87,,3,64,,3
09:22:35,,3,69977de678062ec111250cb732d4acdcccb918cd39f4f72fe1ecc5c1a758df3b,-82,,3,64,,3
09:22:36,,3,69977de678062ec111250cb732d4acdcccb918cd39f4f72fe1ecc5c1a758df3b,-83,,3,64,,3
09:22:37,26.0,3,fbdaeb9571cf9839f1a4644686bde63a54f59a166d0a5b96af089c954baf16a1,-87,,3,64,,3
09:22:38,,3,69977de678062ec111250cb732d4acdcccb918cd39f4f72fe1ecc5c1a758df3b,-86,,3,64,,3
09:22:39,,3,69977de678062ec111250cb732d4acdcccb918cd39f4f72fe1ecc5c1a758df3b,-83,,3,64,,3
09:22:39,,3,69977de678062ec111250cb732d4acdcccb918cd39f4f72fe1ecc5c1a758df3b,-91,,3,64,,3
09:22:40,26.0,3,fbdaeb9571cf9839f1a4644686bde63a54f59a166d0a5b96af089c954baf16a1,-90,,3,64,,3
09:22:41,,3,0517cc4e28d681b31c48cd2db083af35bcb886d9172492e1a2b16595c3080f9b,-90,,3,64,,3
09:22:42,26.0,3,b4c0ef33c3236d158d739b7f3bb9cbdf24cc51e431422217c23c9defa4b55ffc,-94,,3,64,7.0,3
09:22:43,,3,69977de678062ec111250cb732d4acdcccb918cd39f4f72fe1ecc5c1a758df3b,-83,,3,64,,3
09:22:43,,3,69977de678062ec111250cb732d4acdcccb918cd39f4f72fe1ecc5c1a758df3b,-85,,3,64,,3
09:22:44,26.0,3,182aa4b435d64177ca475ec55ea64555cb987ea42b1f5730d6e3aab5ebb0afb2,-88,,3,64,12.0,3
09:22:45,,3,1e0acf3d56532920f33bb524de0d7853ac840de7ac5a9bda1490e7239a40aa74,-93,,3,64,,3
09:22:46,26.0,3,182aa4b435d64177ca475ec55ea64555cb987ea42b1f5730d6e3aab5ebb0afb2,-89,,3,64,12.0,3
09:22:47,,3,69977de678062ec111250cb732d4acdcccb918cd39f4f72fe1ecc5c1a758df3b,-85,,3,64,,3
09:22:47,,3,0517cc4e28d681b31c48cd2db083af35bcb886d9172492e1a2b16595c3080f9b,-91,,3,64,,3
09:22:48,,3,69977de678062ec111250cb732d4acdcccb918cd39f4f72fe1ecc5c1a758df3b,-87,,3,64,,3
09:22:49,,3,69977de678062ec111250cb732d4acdcccb918cd39f4f72fe1ecc5c1a758df3b,-91,,3,64,,3
09:22:50,,3,69977de678062ec111250cb732d4acdcccb918cd39f4f72fe1ecc5c1a758df3b,-88,,3,64,,3
09:22:51,26.0,3,135a52d17b03ad6f0af11c16de9f06a57b1a9a6f52fb0ad545073cb7757141a4,-90,,3,64,5.0,3
09:22:52,26.0,3,58ec908d3d9d27510614124f08adb33d1e2b029890f8df06cf520608a9d73799,-88,,3,64,8.0,3
09:22:52,,3,69977de678062ec111250cb732d4acdcccb918cd39f4f72fe1ecc5c1a758df3b,-93,,3,64,,3
09:22:53,,3,69977de678062ec111250cb732d4acdcccb918cd39f4f72fe1ecc5c1a758df3b,-83,,3,64,,3
09:22:54,26.0,3,fbdaeb9571cf9839f1a4644686bde63a54f59a166d0a5b96af089c954baf16a1,-88,,3,64,,3
09:22:55,26.0,3,fbdaeb9571cf9839f1a4644686bde63a54f59a166d0a5b96af089c954baf16a1,-86,,3,64,,3
09:22:56,,3,69977de678062ec111250cb732d4acdcccb918cd39f4f72fe1ecc5c1a758df3b,-84,,3,64,,3
09:22:56,26.0,3,9ca230a8292369ecd20b87319745d60c61302a132c977650f712dba5dd5ae838,-71,,3,64,12.0,3
09:22:57,26.0,3,fbdaeb9571cf9839f1a4644686bde63a54f59a166d0a5b96af089c954baf16a1,-86,,3,64,,3
09:22:58,26.0,3,58ec908d3d9d27510614124f08adb33d1e2b029890f8df06cf520608a9d73799,-88,,3,64,8.0,3
09:22:59,,3,69977de678062ec111250cb732d4acdcccb918cd39f4f72fe1ecc5c1a758df3b,-87,,3,64,,3
09:23:00,,3,1e0acf3d56532920f33bb524de0d7853ac840de7ac5a9bda1490e7239a40aa74,-90,,3,64,,3
09:23:00,,3,69977de678062ec111250cb732d4acdcccb918cd39f4f72fe1ecc5c1a758df3b,-93,,3,64,,3
09:23:01,26.0,3,b4c0ef33c3236d158d739b7f3bb9cbdf24cc51e431422217c23c9defa4b55ffc,-89,,3,64,7.0,3
09:23:02,,3,69977de678062ec111250cb732d4acdcccb918cd39f4f72fe1ecc5c1a758df3b,-92,,3,64,,3
09:23:03,26.0,3,d893f993fbb2a5fde8d3b091199375cc67246e943b5efcd88b025c1bd6bbe7d3,-71,,3,64,,3
09:23:04,26.0,3,d893f993fbb2a5fde8d3b091199375cc67246e943b5efcd88b025c1bd6bbe7d3,-69,,3,64,,3
09:23:04,26.0,3,d893f993fbb2a5fde8d3b091199375cc67246e943b5efcd88b025c1bd6bbe7d3,-75,,3,64,,3
09:23:05,26.0,3,d893f993fbb2a5fde8d3b091199375cc67246e943b5efcd88b025c1bd6bbe7d3,-72,,3,64,,3
09:23:06,26.0,3,d893f993fbb2a5fde8d3b091199375cc67246e943b5efcd88b025c1bd6bbe7d3,-68,,3,64,,3
09:23:07,26.0,3,d893f993fbb2a5fde8d3b091199375cc67246e943b5efcd88b025c1bd6bbe7d3,-71,,3,64,,3
09:23:08,26.0,3,d893f993fbb2a5fde8d3b091199375cc67246e943b5efcd88b025c1bd6bbe7d3,-70,,3,64,,3
09:23:09,26.0,3,d893f993fbb2a5fde8d3b091199375cc67246e943b5efcd88b025c1bd6bbe7d3,-65,,3,64,,3
09:23:09,26.0,3,d893f993fbb2a5fde8d3b091199375cc67246e943b5efcd88b025c1bd6bbe7d3,-73,,3,64,,3
09:23:10,26.0,3,d893f993fbb2a5fde8d3b091199375cc67246e943b5efcd88b025c1bd6bbe7d3,-68,,3,64,,3
09:23:11,,3,69977de678062ec111250cb732d4acdcccb918cd39f4f72fe1ecc5c1a758df3b,-85,,3,64,,3
09:23:12,26.0,3,135a52d17b03ad6f0af11c16de9f06a57b1a9a6f52fb0ad545073cb7757141a4,-92,,3,64,5.0,3
09:23:13,26.0,3,d893f993fbb2a5fde8d3b091199375cc67246e943b5efcd88b025c1bd6bbe7d3,-69,,3,64,,3
09:23:13,26.0,3,d893f993fbb2a5fde8d3b091199375cc67246e943b5efcd88b025c1bd6bbe7d3,-71,,3,64,,3
09:23:14,26.0,3,d893f993fbb2a5fde8d3b091199375cc67246e943b5efcd88b025c1bd6bbe7d3,-68,,3,64,,3
09:23:15,26.0,3,d893f993fbb2a5fde8d3b091199375cc67246e943b5efcd88b025c1bd6bbe7d3,-70,,3,64,,3
09:23:16,,3,69977de678062ec111250cb732d4acdcccb918cd39f4f72fe1ecc5c1a758df3b,-84,,3,64,,3
09:23:17,26.0,3,d893f993fbb2a5fde8d3b091199375cc67246e943b5efcd88b025c1bd6bbe7d3,-68,,3,64,,3
09:23:17,26.0,3,d893f993fbb2a5fde8d3b091199375cc67246e943b5efcd88b025c1bd6bbe7d3,-73,,3,64,,3
09:23:18,,3,0517cc4e28d681b31c48cd2db083af35bcb886d9172492e1a2b16595c3080f9b,-90,,3,64,,3
09:23:19,26.0,3,182aa4b435d64177ca475ec55ea64555cb987ea42b1f5730d6e3aab5ebb0afb2,-87,,3,64,12.0,3
09:23:20,,3,1e0acf3d56532920f33bb524de0d7853ac840de7ac5a9bda1490e7239a40aa74,-93,,3,64,,3
09:23:21,,3,0517cc4e28d681b31c48cd2db083af35bcb886d9172492e1a2b16595c3080f9b,-91,,3,64,,3
09:23:22,,3,d3a5e34b67ddcb1c3969b0e164e5fb44d781bb3d22765ef7c2b308414536c7b2,-83,,3,64,,3
09:23:22,,3,623aca9a098b6fc07ae86a1c65c381276a5f044864200423f754811d63e83b03,-87,,3,64,,3
09:23:23,26.0,3,fbdaeb9571cf9839f1a4644686bde63a54f59a166d0a5b96af089c954baf16a1,-87,,3,64,,3
09:23:24,26.0,3,fbdaeb9571cf9839f1a4644686bde63a54f59a166d0a5b96af089c954baf16a1,-86,,3,64,,3
09:23:25,,3,d3a5e34b67ddcb1c3969b0e164e5fb44d781bb3d22765ef7c2b308414536c7b2,-95,,3,64,,3
09:23:26,26.0,3,fbdaeb9571cf9839f1a4644686bde63a54f59a166d0a5b96af089c954baf16a1,-88,,3,64,,3
09:23:26,,3,0517cc4e28d681b31c48cd2db083af35bcb886d9172492e1a2b16595c3080f9b,-91,,3,64,,3
09:23:27,,3,69977de678062ec111250cb732d4acdcccb918cd39f4f72fe1ecc5c1a758df3b,-85,,3,64,,3
09:23:28,,3,0517cc4e28d681b31c48cd2db083af35bcb886d9172492e1a2b16595c3080f9b,-91,,3,64,,3
09:23:29,,3,0517cc4e28d681b31c48cd2db083af35bcb886d9172492e1a2b16595c3080f9b,-90,,3,64,,3
09:23:30,26.0,3,fbdaeb9571cf9839f1a4644686bde63a54f59a166d0a5b96af089c954baf16a1,-83,,3,64,,3
09:23:30,,3,1e0acf3d56532920f33bb524de0d7853ac840de7ac5a9bda1490e7239a40aa74,-91,,3,64,,3
09:23:31,26.0,3,fbdaeb9571cf9839f1a4644686bde63a54f59a166d0a5b96af089c954baf16a1,-84,,3,64,,3
09:23:32,,3,69977de678062ec111250cb732d4acdcccb918cd39f4f72fe1ecc5c1a758df3b,-88,,3,64,,3
09:23:33,,3,69977de678062ec111250cb732d4acdcccb918cd39f4f72fe1ecc5c1a758df3b,-84,,3,64,,3
09:23:34,,3,1e0acf3d56532920f33bb524de0d7853ac840de7ac5a9bda1490e7239a40aa74,-92,,3,64,,3
09:23:34,26.0,3,182aa4b435d64177ca475ec55ea64555cb987ea42b1f5730d6e3aab5ebb0afb2,-90,,3,64,12.0,3
09:23:35,,3,69977de678062ec111250cb732d4acdcccb918cd39f4f72fe1ecc5c1a758df3b,-85,,3,64,,3
09:23:36,,3,0517cc4e28d681b31c48cd2db083af35bcb886d9172492e1a2b16595c3080f9b,-91,,3,64,,3
09:23:37,,3,a45069936d577c0d2780cdf5f0cbf758c909d4823bf1f829e8b0f4f50c48f64c,-80,,3,64,,3
09:23:38,,3,69977de678062ec111250cb732d4acdcccb918cd39f4f72fe1ecc5c1a758df3b,-86,,3,64,,3
09:23:39,,3,1e0acf3d56532920f33bb524de0d7853ac840de7ac5a9bda1490e7239a40aa74,-93,,3,64,,3
09:23:39,26.0,3,fbdaeb9571cf9839f1a4644686bde63a54f59a166d0a5b96af089c954baf16a1,-86,,3,64,,3
09:23:40,,3,9c06e5c294fbf18a18d7d6ff0dc8f12d3092dbb8ce7505013a587aba25479551,-71,,3,64,,3
09:23:41,,3,0517cc4e28d681b31c48cd2db083af35bcb886d9172492e1a2b16595c3080f9b,-93,,3,64,,3
09:23:41,26.0,3,9ca230a8292369ecd20b87319745d60c61302a132c977650f712dba5dd5ae838,-71,,3,64,12.0,3
09:23:43,,3,0517cc4e28d681b31c48cd2db083af35bcb886d9172492e1a2b16595c3080f9b,-93,,3,64,,3
09:23:43,,3,d3a5e34b67ddcb1c3969b0e164e5fb44d781bb3d22765ef7c2b308414536c7b2,-89,,3,64,,3
09:23:44,,3,69977de678062ec111250cb732d4acdcccb918cd39f4f72fe1ecc5c1a758df3b,-86,,3,64,,3
09:23:45,,3,d3a5e34b67ddcb1c3969b0e164e5fb44d781bb3d22765ef7c2b308414536c7b2,-88,,3,64,,3
09:23:46,26.0,3,9ca230a8292369ecd20b87319745d60c61302a132c977650f712dba5dd5ae838,-71,,3,64,12.0,3
09:23:47,26.0,3,fbdaeb9571cf9839f1a4644686bde63a54f59a166d0a5b96af089c954baf16a1,-92,,3,64,,3
09:23:47,,3,69977de678062ec111250cb732d4acdcccb918cd39f4f72fe1ecc5c1a758df3b,-83,,3,64,,3
09:23:48,26.0,3,182aa4b435d64177ca475ec55ea64555cb987ea42b1f5730d6e3aab5ebb0afb2,-82,,3,64,12.0,3
09:23:49,,3,69977de678062ec111250cb732d4acdcccb918cd39f4f72fe1ecc5c1a758df3b,-96,,3,64,,3
09:23:50,,3,69977de678062ec111250cb732d4acdcccb918cd39f4f72fe1ecc5c1a758df3b,-84,,3,64,,3
09:23:50,26.0,3,182aa4b435d64177ca475ec55ea64555cb987ea42b1f5730d6e3aab5ebb0afb2,-89,,3,64,12.0,3
09:23:51,26.0,3,9ca230a8292369ecd20b87319745d60c61302a132c977650f712dba5dd5ae838,-71,,3,64,12.0,3
09:23:52,,3,d3a5e34b67ddcb1c3969b0e164e5fb44d781bb3d22765ef7c2b308414536c7b2,-85,,3,64,,3
09:23:53,26.0,3,fbdaeb9571cf9839f1a4644686bde63a54f59a166d0a5b96af089c954baf16a1,-88,,3,64,,3
09:23:54,,3,0517cc4e28d681b31c48cd2db083af35bcb886d9172492e1a2b16595c3080f9b,-90,,3,64,,3
09:23:55,,3,d3a5e34b67ddcb1c3969b0e164e5fb44d781bb3d22765ef7c2b308414536c7b2,-85,,3,64,,3
09:23:56,,3,69977de678062ec111250cb732d4acdcccb918cd39f4f72fe1ecc5c1a758df3b,-84,,3,64,,3
09:23:56,26.0,3,fbdaeb9571cf9839f1a4644686bde63a54f59a166d0a5b96af089c954baf16a1,-81,,3,64,,3
09:23:57,,3,69977de678062ec111250cb732d4acdcccb918cd39f4f72fe1ecc5c1a758df3b,-87,,3,64,,3
09:23:58,,3,1e0acf3d56532920f33bb524de0d7853ac840de7ac5a9bda1490e7239a40aa74,-94,,3,64,,3
09:23:59,,3,d3a5e34b67ddcb1c3969b0e164e5fb44d781bb3d22765ef7c2b308414536c7b2,-88,,3,64,,3
09:24:00,26.0,3,fbdaeb9571cf9839f1a4644686bde63a54f59a166d0a5b96af089c954baf16a1,-84,,3,64,,3
09:24:00,,3,0517cc4e28d681b31c48cd2db083af35bcb886d9172492e1a2b16595c3080f9b,-90,,3,64,,3
09:24:01,,3,69977de678062ec111250cb732d4acdcccb918cd39f4f72fe1ecc5c1a758df3b,-82,,3,64,,3
09:24:02,26.0,3,569bafa3d9abee58ebc3ff0e4102efc6da7ac16f9e1f47165eafed875b1b70e3,-93,,3,64,12.0,3
09:24:03,,3,69977de678062ec111250cb732d4acdcccb918cd39f4f72fe1ecc5c1a758df3b,-83,,3,64,,3
09:24:04,26.0,3,8e6a8d0d12cfa134ada71f16223679710532e544282d241b60ee63b3ee309d61,-90,,3,64,7.0,3
09:24:04,,3,69977de678062ec111250cb732d4acdcccb918cd39f4f72fe1ecc5c1a758df3b,-82,,3,64,,3
09:24:05,,3,0517cc4e28d681b31c48cd2db083af35bcb886d9172492e1a2b16595c3080f9b,-89,,3,64,,3
09:24:06,26.0,3,9ca230a8292369ecd20b87319745d60c61302a132c977650f712dba5dd5ae838,-79,,3,64,12.0,3
09:24:07,,3,d3a5e34b67ddcb1c3969b0e164e5fb44d781bb3d22765ef7c2b308414536c7b2,-90,,3,64,,3
09:24:08,26.0,3,9ca230a8292369ecd20b87319745d60c61302a132c977650f712dba5dd5ae838,-80,,3,64,12.0,3
09:24:09,,3,0517cc4e28d681b31c48cd2db083af35bcb886d9172492e1a2b16595c3080f9b,-90,,3,64,,3
09:24:09,,3,1e0acf3d56532920f33bb524de0d7853ac840de7ac5a9bda1490e7239a40aa74,-92,,3,64,,3
09:24:10,,3,9c06e5c294fbf18a18d7d6ff0dc8f12d3092dbb8ce7505013a587aba25479551,-74,,3,64,,3
09:24:11,,3,d3a5e34b67ddcb1c3969b0e164e5fb44d781bb3d22765ef7c2b308414536c7b2,-88,,3,64,,3
09:24:12,,3,1e0acf3d56532920f33bb524de0d7853ac840de7ac5a9bda1490e7239a40aa74,-95,,3,64,,3
09:24:13,,3,69977de678062ec111250cb732d4acdcccb918cd39f4f72fe1ecc5c1a758df3b,-85,,3,64,,3
09:24:13,,3,d3a5e34b67ddcb1c3969b0e164e5fb44d781bb3d22765ef7c2b308414536c7b2,-89,,3,64,,3
09:24:14,,3,0517cc4e28d681b31c48cd2db083af35bcb886d9172492e1a2b16595c3080f9b,-93,,3,64,,3
09:24:15,,3,d3a5e34b67ddcb1c3969b0e164e5fb44d781bb3d22765ef7c2b308414536c7b2,-92,,3,64,,3
09:24:16,,3,69977de678062ec111250cb732d4acdcccb918cd39f4f72fe1ecc5c1a758df3b,-83,,3,64,,3
09:24:17,,3,69977de678062ec111250cb732d4acdcccb918cd39f4f72fe1ecc5c1a758df3b,-89,,3,64,,3
09:24:17,,3,d3a5e34b67ddcb1c3969b0e164e5fb44d781bb3d22765ef7c2b308414536c7b2,-86,,3,64,,3
09:24:18,,3,d3a5e34b67ddcb1c3969b0e164e5fb44d781bb3d22765ef7c2b308414536c7b2,-90,,3,64,,3
09:24:19,26.0,3,fbdaeb9571cf9839f1a4644686bde63a54f59a166d0a5b96af089c954baf16a1,-90,,3,64,,3
09:24:20,26.0,3,e070ccf5b4f81914ed0174aa6ccf9ff2da49e4730d806cd7524e19997a3a51f1,-74,,3,64,12.0,3
09:24:21,26.0,3,e070ccf5b4f81914ed0174aa6ccf9ff2da49e4730d806cd7524e19997a3a51f1,-74,,3,64,12.0,3
09:24:21,26.0,3,182aa4b435d64177ca475ec55ea64555cb987ea42b1f5730d6e3aab5ebb0afb2,-85,,3,64,12.0,3
09:24:22,,3,d3a5e34b67ddcb1c3969b0e164e5fb44d781bb3d22765ef7c2b308414536c7b2,-90,,3,64,,3
09:24:23,,3,0517cc4e28d681b31c48cd2db083af35bcb886d9172492e1a2b16595c3080f9b,-89,,3,64,,3
09:24:24,26.0,3,fbdaeb9571cf9839f1a4644686bde63a54f59a166d0a5b96af089c954baf16a1,-85,,3,64,,3
09:24:25,,3,1e0acf3d56532920f33bb524de0d7853ac840de7ac5a9bda1490e7239a40aa74,-92,,3,64,,3
09:24:26,,3,d3a5e34b67ddcb1c3969b0e164e5fb44d781bb3d22765ef7c2b308414536c7b2,-91,,3,64,,3
09:24:26,,3,1e0acf3d56532920f33bb524de0d7853ac840de7ac5a9bda1490e7239a40aa74,-93,,3,64,,3
09:24:27,26.0,3,e070ccf5b4f81914ed0174aa6ccf9ff2da49e4730d806cd7524e19997a3a51f1,-72,,3,64,12.0,3
09:24:28,26.0,3,135a52d17b03ad6f0af11c16de9f06a57b1a9a6f52fb0ad545073cb7757141a4,-91,,3,64,5.0,3
09:24:29,,3,d3a5e34b67ddcb1c3969b0e164e5fb44d781bb3d22765ef7c2b308414536c7b2,-87,,3,64,,3
09:24:30,26.0,3,135a52d17b03ad6f0af11c16de9f06a57b1a9a6f52fb0ad545073cb7757141a4,-89,,3,64,5.0,3
09:24:30,26.0,3,fbdaeb9571cf9839f1a4644686bde63a54f59a166d0a5b96af089c954baf16a1,-90,,3,64,,3
09:24:31,26.0,3,e070ccf5b4f81914ed0174aa6ccf9ff2da49e4730d806cd7524e19997a3a51f1,-75,,3,64,12.0,3
09:24:32,,3,69977de678062ec111250cb732d4acdcccb918cd39f4f72fe1ecc5c1a758df3b,-87,,3,64,,3
09:24:33,26.0,3,58ec908d3d9d27510614124f08adb33d1e2b029890f8df06cf520608a9d73799,-90,,3,64,8.0,3
09:24:34,26.0,3,58ec908d3d9d27510614124f08adb33d1e2b029890f8df06cf520608a9d73799,-92,,3,64,8.0,3
09:24:34,,3,69977de678062ec111250cb732d4acdcccb918cd39f4f72fe1ecc5c1a758df3b,-87,,3,64,,3
09:24:35,,3,69977de678062ec111250cb732d4acdcccb918cd39f4f72fe1ecc5c1a758df3b,-88,,3,64,,3
09:24:36,26.0,3,182aa4b435d64177ca475ec55ea64555cb987ea42b1f5730d6e3aab5ebb0afb2,-87,,3,64,12.0,3
09:24:37,,3,9c06e5c294fbf18a18d7d6ff0dc8f12d3092dbb8ce7505013a587aba25479551,-75,,3,64,,3
09:24:37,,3,0517cc4e28d681b31c48cd2db083af35bcb886d9172492e1a2b16595c3080f9b,-91,,3,64,,3
09:24:38,26.0,3,135a52d17b03ad6f0af11c16de9f06a57b1a9a6f52fb0ad545073cb7757141a4,-89,,3,64,5.0,3
09:24:39,,3,d3a5e34b67ddcb1c3969b0e164e5fb44d781bb3d22765ef7c2b308414536c7b2,-85,,3,64,,3
09:24:40,,3,1e0acf3d56532920f33bb524de0d7853ac840de7ac5a9bda1490e7239a40aa74,-91,,3,64,,3
09:24:41,,3,69977de678062ec111250cb732d4acdcccb918cd39f4f72fe1ecc5c1a758df3b,-86,,3,64,,3
09:24:41,26.0,3,fbdaeb9571cf9839f1a4644686bde63a54f59a166d0a5b96af089c954baf16a1,-88,,3,64,,3
09:24:43,,3,1e0acf3d56532920f33bb524de0d7853ac840de7ac5a9bda1490e7239a40aa74,-92,,3,64,,3
09:24:43,,3,69977de678062ec111250cb732d4acdcccb918cd39f4f72fe1ecc5c1a758df3b,-90,,3,64,,3
09:24:44,26.0,3,fbdaeb9571cf9839f1a4644686bde63a54f59a166d0a5b96af089c954baf16a1,-91,,3,64,,3
09:24:45,,3,1e0acf3d56532920f33bb524de0d7853ac840de7ac5a9bda1490e7239a40aa74,-93,,3,64,,3
09:24:46,,3,0517cc4e28d681b31c48cd2db083af35bcb886d9172492e1a2b16595c3080f9b,-92,,3,64,,3
09:24:47,26.0,3,fbdaeb9571cf9839f1a4644686bde63a54f59a166d0a5b96af089c954baf16a1,-87,,3,64,,3
09:24:47,,3,69977de678062ec111250cb732d4acdcccb918cd39f4f72fe1ecc5c1a758df3b,-91,,3,64,,3
09:24:48,26.0,3,182aa4b435d64177ca475ec55ea64555cb987ea42b1f5730d6e3aab5ebb0afb2,-87,,3,64,12.0,3
09:24:49,,3,1e0acf3d56532920f33bb524de0d7853ac840de7ac5a9bda1490e7239a40aa74,-93,,3,64,,3
09:24:50,26.0,3,ccfa0b1e85545c5260c76c8e2ad5a636b48e3126f7d05215573f0eabe8f19f1d,-88,,3,64,8.0,3
09:24:51,26.0,3,135a52d17b03ad6f0af11c16de9f06a57b1a9a6f52fb0ad545073cb7757141a4,-91,,3,64,5.0,3
09:24:51,,3,69977de678062ec111250cb732d4acdcccb918cd39f4f72fe1ecc5c1a758df3b,-91,,3,64,,3
09:24:52,,3,69977de678062ec111250cb732d4acdcccb918cd39f4f72fe1ecc5c1a758df3b,-88,,3,64,,3
09:24:53,,3,d3a5e34b67ddcb1c3969b0e164e5fb44d781bb3d22765ef7c2b308414536c7b2,-83,,3,64,,3
09:24:54,,3,d3a5e34b67ddcb1c3969b0e164e5fb44d781bb3d22765ef7c2b308414536c7b2,-84,,3,64,,3
09:24:55,,3,d3a5e34b67ddcb1c3969b0e164e5fb44d781bb3d22765ef7c2b308414536c7b2,-82,,3,64,,3
09:24:55,,3,0517cc4e28d681b31c48cd2db083af35bcb886d9172492e1a2b16595c3080f9b,-91,,3,64,,3
09:24:56,,3,69977de678062ec111250cb732d4acdcccb918cd39f4f72fe1ecc5c1a758df3b,-86,,3,64,,3
09:24:57,,3,69977de678062ec111250cb732d4acdcccb918cd39f4f72fe1ecc5c1a758df3b,-92,,3,64,,3
09:24:58,26.0,3,fbdaeb9571cf9839f1a4644686bde63a54f59a166d0a5b96af089c954baf16a1,-90,,3,64,,3
09:24:58,26.0,3,fbdaeb9571cf9839f1a4644686bde63a54f59a166d0a5b96af089c954baf16a1,-88,,3,64,,3
09:25:00,26.0,3,e070ccf5b4f81914ed0174aa6ccf9ff2da49e4730d806cd7524e19997a3a51f1,-81,,3,64,12.0,3
09:25:00,,3,d3a5e34b67ddcb1c3969b0e164e5fb44d781bb3d22765ef7c2b308414536c7b2,-94,,3,64,,3
09:25:01,,3,d3a5e34b67ddcb1c3969b0e164e5fb44d781bb3d22765ef7c2b308414536c7b2,-80,,3,64,,3
09:25:02,26.0,3,8e6a8d0d12cfa134ada71f16223679710532e544282d241b60ee63b3ee309d61,-90,,3,64,7.0,3
09:25:03,,3,d3a5e34b67ddcb1c3969b0e164e5fb44d781bb3d22765ef7c2b308414536c7b2,-90,,3,64,,3
09:25:04,,3,1e0acf3d56532920f33bb524de0d7853ac840de7ac5a9bda1490e7239a40aa74,-93,,3,64,,3
09:25:04,26.0,3,182aa4b435d64177ca475ec55ea64555cb987ea42b1f5730d6e3aab5ebb0afb2,-88,,3,64,12.0,3
09:25:05,,3,69977de678062ec111250cb732d4acdcccb918cd39f4f72fe1ecc5c1a758df3b,-82,,3,64,,3
09:25:06,,3,69977de678062ec111250cb732d4acdcccb918cd39f4f72fe1ecc5c1a758df3b,-87,,3,64,,3
09:25:07,26.0,3,135a52d17b03ad6f0af11c16de9f06a57b1a9a6f52fb0ad545073cb7757141a4,-90,,3,64,5.0,3
09:25:08,,3,1e0acf3d56532920f33bb524de0d7853ac840de7ac5a9bda1490e7239a40aa74,-94,,3,64,,3
09:25:08,,3,d3a5e34b67ddcb1c3969b0e164e5fb44d781bb3d22765ef7c2b308414536c7b2,-82,,3,64,,3
09:25:09,,3,69977de678062ec111250cb732d4acdcccb918cd39f4f72fe1ecc5c1a758df3b,-91,,3,64,,3
09:25:10,,3,d3a5e34b67ddcb1c3969b0e164e5fb44d781bb3d22765ef7c2b308414536c7b2,-81,,3,64,,3
09:25:11,,3,d3a5e34b67ddcb1c3969b0e164e5fb44d781bb3d22765ef7c2b308414536c7b2,-82,,3,64,,3
09:25:12,,3,69977de678062ec111250cb732d4acdcccb918cd39f4f72fe1ecc5c1a758df3b,-91,,3,64,,3
09:25:12,26.0,3,fbdaeb9571cf9839f1a4644686bde63a54f59a166d0a5b96af089c954baf16a1,-92,,3,64,,3
09:25:13,,3,a45069936d577c0d2780cdf5f0cbf758c909d4823bf1f829e8b0f4f50c48f64c,-77,,3,64,,3
09:25:14,26.0,3,e070ccf5b4f81914ed0174aa6ccf9ff2da49e4730d806cd7524e19997a3a51f1,-83,,3,64,12.0,3
09:25:15,,3,69977de678062ec111250cb732d4acdcccb918cd39f4f72fe1ecc5c1a758df3b,-85,,3,64,,3
09:25:16,,3,0517cc4e28d681b31c48cd2db083af35bcb886d9172492e1a2b16595c3080f9b,-92,,3,64,,3
09:25:17,26.0,3,fbdaeb9571cf9839f1a4644686bde63a54f59a166d0a5b96af089c954baf16a1,-86,,3,64,,3
09:25:17,,3,1e0acf3d56532920f33bb524de0d7853ac840de7ac5a9bda1490e7239a40aa74,-92,,3,64,,3
09:25:18,26.0,3,182aa4b435d64177ca475ec55ea64555cb987ea42b1f5730d6e3aab5ebb0afb2,-89,,3,64,12.0,3
09:25:19,,3,69977de678062ec111250cb732d4acdcccb918cd39f4f72fe1ecc5c1a758df3b,-83,,3,64,,3
09:25:20,,3,69977de678062ec111250cb732d4acdcccb918cd39f4f72fe1ecc5c1a758df3b,-88,,3,64,,3
09:25:21,26.0,3,fbdaeb9571cf9839f1a4644686bde63a54f59a166d0a5b96af089c954baf16a1,-86,,3,64,,3
09:25:21,26.0,3,fbdaeb9571cf9839f1a4644686bde63a54f59a166d0a5b96af089c954baf16a1,-87,,3,64,,3
09:25:22,,3,69977de678062ec111250cb732d4acdcccb918cd39f4f72fe1ecc5c1a758df3b,-87,,3,64,,3
09:25:23,,3,69977de678062ec111250cb732d4acdcccb918cd39f4f72fe1ecc5c1a758df3b,-92,,3,64,,3
09:25:24,,3,69977de678062ec111250cb732d4acdcccb918cd39f4f72fe1ecc5c1a758df3b,-82,,3,64,,3
09:25:25,,3,69977de678062ec111250cb732d4acdcccb918cd39f4f72fe1ecc5c1a758df3b,-86,,3,64,,3
09:25:25,,3,1e0acf3d56532920f33bb524de0d7853ac840de7ac5a9bda1490e7239a40aa74,-95,,3,64,,3
09:25:26,,3,69977de678062ec111250cb732d4acdcccb918cd39f4f72fe1ecc5c1a758df3b,-91,,3,64,,3
09:25:27,26.0,3,ccfa0b1e85545c5260c76c8e2ad5a636b48e3126f7d05215573f0eabe8f19f1d,-87,,3,64,8.0,3
09:25:28,,3,69977de678062ec111250cb732d4acdcccb918cd39f4f72fe1ecc5c1a758df3b,-95,,3,64,,3
09:25:29,,3,69977de678062ec111250cb732d4acdcccb918cd39f4f72fe1ecc5c1a758df3b,-83,,3,64,,3
09:25:30,,3,1e0acf3d56532920f33bb524de0d7853ac840de7ac5a9bda1490e7239a40aa74,-94,,3,64,,3
09:25:30,,3,0517cc4e28d681b31c48cd2db083af35bcb886d9172492e1a2b16595c3080f9b,-92,,3,64,,3
09:25:31,,3,69977de678062ec111250cb732d4acdcccb918cd39f4f72fe1ecc5c1a758df3b,-84,,3,64,,3
09:25:32,,3,2ce91ff6d3cc3a731e0f86ff0cf8077580d2675d09ef135f83d0fe59cb3668f7,-91,,3,64,,3
09:25:33,26.0,3,e070ccf5b4f81914ed0174aa6ccf9ff2da49e4730d806cd7524e19997a3a51f1,-70,,3,64,12.0,3
09:25:34,,3,69977de678062ec111250cb732d4acdcccb918cd39f4f72fe1ecc5c1a758df3b,-83,,3,64,,3
09:25:34,26.0,3,fbdaeb9571cf9839f1a4644686bde63a54f59a166d0a5b96af089c954baf16a1,-90,,3,64,,3
09:25:35,26.0,3,e070ccf5b4f81914ed0174aa6ccf9ff2da49e4730d806cd7524e19997a3a51f1,-76,,3,64,12.0,3
09:25:36,,3,623aca9a098b6fc07ae86a1c65c381276a5f044864200423f754811d63e83b03,-83,,3,64,,3
09:25:37,26.0,3,e070ccf5b4f81914ed0174aa6ccf9ff2da49e4730d806cd7524e19997a3a51f1,-77,,3,64,12.0,3
09:25:38,26.0,3,8e6a8d0d12cfa134ada71f16223679710532e544282d241b60ee63b3ee309d61,-89,,3,64,7.0,3
09:25:38,,3,1e0acf3d56532920f33bb524de0d7853ac840de7ac5a9bda1490e7239a40aa74,-92,,3,64,,3
09:25:39,,3,69977de678062ec111250cb732d4acdcccb918cd39f4f72fe1ecc5c1a758df3b,-87,,3,64,,3
09:25:40,26.0,3,fbdaeb9571cf9839f1a4644686bde63a54f59a166d0a5b96af089c954baf16a1,-94,,3,64,,3
09:25:41,,3,9c06e5c294fbf18a18d7d6ff0dc8f12d3092dbb8ce7505013a587aba25479551,-79,,3,64,,3
09:25:42,,3,69977de678062ec111250cb732d4acdcccb918cd39f4f72fe1ecc5c1a758df3b,-91,,3,64,,3
09:25:42,26.0,3,e070ccf5b4f81914ed0174aa6ccf9ff2da49e4730d806cd7524e19997a3a51f1,-77,,3,64,12.0,3
09:25:43,,3,1e0acf3d56532920f33bb524de0d7853ac840de7ac5a9bda1490e7239a40aa74,-91,,3,64,,3
09:25:44,,3,69977de678062ec111250cb732d4acdcccb918cd39f4f72fe1ecc5c1a758df3b,-93,,3,64,,3
09:25:45,,3,69977de678062ec111250cb732d4acdcccb918cd39f4f72fe1ecc5c1a758df3b,-85,,3,64,,3
09:25:46,,3,69977de678062ec111250cb732d4acdcccb918cd39f4f72fe1ecc5c1a758df3b,-86,,3,64,,3
09:25:47,26.0,3,fbdaeb9571cf9839f1a4644686bde63a54f59a166d0a5b96af089c954baf16a1,-92,,3,64,,3
09:25:47,26.0,3,182aa4b435d64177ca475ec55ea64555cb987ea42b1f5730d6e3aab5ebb0afb2,-88,,3,64,12.0,3
09:25:48,,3,1e0acf3d56532920f33bb524de0d7853ac840de7ac5a9bda1490e7239a40aa74,-91,,3,64,,3
09:25:49,,3,69977de678062ec111250cb732d4acdcccb918cd39f4f72fe1ecc5c1a758df3b,-87,,3,64,,3
09:25:50,26.0,3,fbdaeb9571cf9839f1a4644686bde63a54f59a166d0a5b96af089c954baf16a1,-87,,3,64,,3
09:25:51,26.0,3,fbdaeb9571cf9839f1a4644686bde63a54f59a166d0a5b96af089c954baf16a1,-87,,3,64,,3
09:25:51,26.0,3,e070ccf5b4f81914ed0174aa6ccf9ff2da49e4730d806cd7524e19997a3a51f1,-87,,3,64,12.0,3
09:25:52,,3,1e0acf3d56532920f33bb524de0d7853ac840de7ac5a9bda1490e7239a40aa74,-92,,3,64,,3
09:25:53,,3,9c06e5c294fbf18a18d7d6ff0dc8f12d3092dbb8ce7505013a587aba25479551,-76,,3,64,,3
09:25:54,26.0,3,e070ccf5b4f81914ed0174aa6ccf9ff2da49e4730d806cd7524e19997a3a51f1,-77,,3,64,12.0,3
09:25:55,,3,1e0acf3d56532920f33bb524de0d7853ac840de7ac5a9bda1490e7239a40aa74,-91,,3,64,,3
09:25:55,26.0,3,ccfa0b1e85545c5260c76c8e2ad5a636b48e3126f7d05215573f0eabe8f19f1d,-85,,3,64,8.0,3
09:25:56,26.0,3,8108373cc38ba7ff5deb47d6036ef7e8b37aeef35811c0a7a70b3ccd2045a824,-92,,3,64,12.0,3
09:25:57,,3,9c06e5c294fbf18a18d7d6ff0dc8f12d3092dbb8ce7505013a587aba25479551,-87,,3,64,,3
09:25:58,,3,69977de678062ec111250cb732d4acdcccb918cd39f4f72fe1ecc5c1a758df3b,-86,,3,64,,3
09:25:59,26.0,3,ccfa0b1e85545c5260c76c8e2ad5a636b48e3126f7d05215573f0eabe8f19f1d,-91,,3,64,8.0,3
09:25:59,,3,69977de678062ec111250cb732d4acdcccb918cd39f4f72fe1ecc5c1a758df3b,-85,,3,64,,3
09:26:00,,3,1e0acf3d56532920f33bb524de0d7853ac840de7ac5a9bda1490e7239a40aa74,-94,,3,64,,3
09:26:01,26.0,3,fbdaeb9571cf9839f1a4644686bde63a54f59a166d0a5b96af089c954baf16a1,-91,,3,64,,3
09:26:02,26.0,3,ccfa0b1e85545c5260c76c8e2ad5a636b48e3126f7d05215573f0eabe8f19f1d,-85,,3,64,8.0,3
09:26:03,,3,69977de678062ec111250cb732d4acdcccb918cd39f4f72fe1ecc5c1a758df3b,-86,,3,64,,3
09:26:04,,3,69977de678062ec111250cb732d4acdcccb918cd39f4f72fe1ecc5c1a758df3b,-84,,3,64,,3
09:26:04,26.0,3,ccfa0b1e85545c5260c76c8e2ad5a636b48e3126f7d05215573f0eabe8f19f1d,-86,,3,64,8.0,3
09:26:05,,3,1e0acf3d56532920f33bb524de0d7853ac840de7ac5a9bda1490e7239a40aa74,-90,,3,64,,3
09:26:06,26.0,3,182aa4b435d64177ca475ec55ea64555cb987ea42b1f5730d6e3aab5ebb0afb2,-89,,3,64,12.0,3
09:26:07,,3,0517cc4e28d681b31c48cd2db083af35bcb886d9172492e1a2b16595c3080f9b,-92,,3,64,,3
09:26:08,26.0,3,fbdaeb9571cf9839f1a4644686bde63a54f59a166d0a5b96af089c954baf16a1,-88,,3,64,,3
09:26:08,6.0,3,9c361e4be634e32d9b487b556760e512627fd5adc685787264f8d6b12abc8dea,-94,Cb40,3,64,,3
09:26:09,,3,69977de678062ec111250cb732d4acdcccb918cd39f4f72fe1ecc5c1a758df3b,-79,,3,64,,3
09:26:10,,3,0517cc4e28d681b31c48cd2db083af35bcb886d9172492e1a2b16595c3080f9b,-88,,3,64,,3
09:26:11,26.0,3,fbdaeb9571cf9839f1a4644686bde63a54f59a166d0a5b96af089c954baf16a1,-88,,3,64,,3
09:26:12,26.0,3,fbdaeb9571cf9839f1a4644686bde63a54f59a166d0a5b96af089c954baf16a1,-88,,3,64,,3
09:26:12,,3,69977de678062ec111250cb732d4acdcccb918cd39f4f72fe1ecc5c1a758df3b,-82,,3,64,,3
09:26:13,26.0,3,ccfa0b1e85545c5260c76c8e2ad5a636b48e3126f7d05215573f0eabe8f19f1d,-86,,3,64,8.0,3
09:26:14,,3,69977de678062ec111250cb732d4acdcccb918cd39f4f72fe1ecc5c1a758df3b,-80,,3,64,,3
09:26:15,26.0,3,8108373cc38ba7ff5deb47d6036ef7e8b37aeef35811c0a7a70b3ccd2045a824,-89,,3,64,12.0,3
09:26:16,26.0,3,e070ccf5b4f81914ed0174aa6ccf9ff2da49e4730d806cd7524e19997a3a51f1,-72,,3,64,12.0,3
09:26:16,26.0,3,e070ccf5b4f81914ed0174aa6ccf9ff2da49e4730d806cd7524e19997a3a51f1,-72,,3,64,12.0,3
09:26:17,,3,69977de678062ec111250cb732d4acdcccb918cd39f4f72fe1ecc5c1a758df3b,-86,,3,64,,3
09:26:18,26.0,3,fbdaeb9571cf9839f1a4644686bde63a54f59a166d0a5b96af089c954baf16a1,-89,,3,64,,3
09:26:19,26.0,3,e070ccf5b4f81914ed0174aa6ccf9ff2da49e4730d806cd7524e19997a3a51f1,-82,,3,64,12.0,3
09:26:20,26.0,3,e070ccf5b4f81914ed0174aa6ccf9ff2da49e4730d806cd7524e19997a3a51f1,-79,,3,64,12.0,3
09:26:21,,3,69977de678062ec111250cb732d4acdcccb918cd39f4f72fe1ecc5c1a758df3b,-86,,3,64,,3
09:26:21,,3,69977de678062ec111250cb732d4acdcccb918cd39f4f72fe1ecc5c1a758df3b,-85,,3,64,,3
09:26:22,,3,1e0acf3d56532920f33bb524de0d7853ac840de7ac5a9bda1490e7239a40aa74,-91,,3,64,,3
09:26:23,,3,0517cc4e28d681b31c48cd2db083af35bcb886d9172492e1a2b16595c3080f9b,-91,,3,64,,3
09:26:24,6.0,3,9c361e4be634e32d9b487b556760e512627fd5adc685787264f8d6b12abc8dea,-89,Cb40,3,64,,3
09:26:25,,3,1e0acf3d56532920f33bb524de0d7853ac840de7ac5a9bda1490e7239a40aa74,-92,,3,64,,3
09:26:25,,3,69977de678062ec111250cb732d4acdcccb918cd39f4f72fe1ecc5c1a758df3b,-83,,3,64,,3
09:26:26,,3,0517cc4e28d681b31c48cd2db083af35bcb886d9172492e1a2b16595c3080f9b,-80,,3,64,,3
09:26:27,26.0,3,ccfa0b1e85545c5260c76c8e2ad5a636b48e3126f7d05215573f0eabe8f19f1d,-87,,3,64,8.0,3
09:26:28,,3,1e0acf3d56532920f33bb524de0d7853ac840de7ac5a9bda1490e7239a40aa74,-89,,3,64,,3
09:26:29,,3,0517cc4e28d681b31c48cd2db083af35bcb886d9172492e1a2b16595c3080f9b,-89,,3,64,,3
09:26:29,26.0,3,fbdaeb9571cf9839f1a4644686bde63a54f59a166d0a5b96af089c954baf16a1,-82,,3,64,,3
09:26:30,,3,1e0acf3d56532920f33bb524de0d7853ac840de7ac5a9bda1490e7239a40aa74,-91,,3,64,,3
09:26:31,26.0,3,fbdaeb9571cf9839f1a4644686bde63a54f59a166d0a5b96af089c954baf16a1,-86,,3,64,,3
09:26:32,,3,69977de678062ec111250cb732d4acdcccb918cd39f4f72fe1ecc5c1a758df3b,-85,,3,64,,3
09:26:33,26.0,3,fbdaeb9571cf9839f1a4644686bde63a54f59a166d0a5b96af089c954baf16a1,-87,,3,64,,3
09:26:33,26.0,3,182aa4b435d64177ca475ec55ea64555cb987ea42b1f5730d6e3aab5ebb0afb2,-83,,3,64,,3
09:26:34,26.0,3,fbdaeb9571cf9839f1a4644686bde63a54f59a166d0a5b96af089c954baf16a1,-85,,3,64,,3
09:26:35,26.0,3,ccfa0b1e85545c5260c76c8e2ad5a636b48e3126f7d05215573f0eabe8f19f1d,-86,,3,64,8.0,3
09:26:36,,3,69977de678062ec111250cb732d4acdcccb918cd39f4f72fe1ecc5c1a758df3b,-87,,3,64,,3
09:26:37,26.0,3,ccfa0b1e85545c5260c76c8e2ad5a636b48e3126f7d05215573f0eabe8f19f1d,-86,,3,64,8.0,3
09:26:38,26.0,3,ccfa0b1e85545c5260c76c8e2ad5a636b48e3126f7d05215573f0eabe8f19f1d,-83,,3,64,8.0,3
09:26:38,26.0,3,182aa4b435d64177ca475ec55ea64555cb987ea42b1f5730d6e3aab5ebb0afb2,-91,,3,64,,3
09:26:39,26.0,3,fbdaeb9571cf9839f1a4644686bde63a54f59a166d0a5b96af089c954baf16a1,-84,,3,64,,3
09:26:40,,3,31ea72b3068272e085f22d934ce8b3d6b60179b4b4112451842f5b9f4fba0181,-91,,3,64,,3
09:26:41,,3,1e0acf3d56532920f33bb524de0d7853ac840de7ac5a9bda1490e7239a40aa74,-89,,3,64,,3
09:26:42,26.0,3,fbdaeb9571cf9839f1a4644686bde63a54f59a166d0a5b96af089c954baf16a1,-87,,3,64,,3
09:26:42,26.0,3,8e6a8d0d12cfa134ada71f16223679710532e544282d241b60ee63b3ee309d61,-88,,3,64,7.0,3
09:26:43,26.0,3,fbdaeb9571cf9839f1a4644686bde63a54f59a166d0a5b96af089c954baf16a1,-89,,3,64,,3
09:26:44,,3,0517cc4e28d681b31c48cd2db083af35bcb886d9172492e1a2b16595c3080f9b,-93,,3,64,,3
09:26:45,,3,1e0acf3d56532920f33bb524de0d7853ac840de7ac5a9bda1490e7239a40aa74,-91,,3,64,,3
09:26:46,26.0,3,6a101979392e775383940a5bcd96953b99b72451098bff0aa4600a95614a595b,-88,,3,64,7.0,3
09:26:46,,3,1e0acf3d56532920f33bb524de0d7853ac840de7ac5a9bda1490e7239a40aa74,-91,,3,64,,3
09:26:47,26.0,3,182aa4b435d64177ca475ec55ea64555cb987ea42b1f5730d6e3aab5ebb0afb2,-79,,3,64,,3
09:26:48,26.0,3,6a101979392e775383940a5bcd96953b99b72451098bff0aa4600a95614a595b,-86,,3,64,7.0,3
09:26:49,26.0,3,182aa4b435d64177ca475ec55ea64555cb987ea42b1f5730d6e3aab5ebb0afb2,-86,,3,64,,3
09:26:50,26.0,3,135a52d17b03ad6f0af11c16de9f06a57b1a9a6f52fb0ad545073cb7757141a4,-91,,3,64,5.0,3
09:26:51,26.0,3,ccfa0b1e85545c5260c76c8e2ad5a636b48e3126f7d05215573f0eabe8f19f1d,-80,,3,64,8.0,3
09:26:51,,3,0517cc4e28d681b31c48cd2db083af35bcb886d9172492e1a2b16595c3080f9b,-96,,3,64,,3
09:26:52,26.0,3,fbdaeb9571cf9839f1a4644686bde63a54f59a166d0a5b96af089c954baf16a1,-93,,3,64,,3
09:26:53,,3,0517cc4e28d681b31c48cd2db083af35bcb886d9172492e1a2b16595c3080f9b,-95,,3,64,,3
09:26:54,,3,0517cc4e28d681b31c48cd2db083af35bcb886d9172492e1a2b16595c3080f9b,-92,,3,64,,3
09:26:55,,3,69977de678062ec111250cb732d4acdcccb918cd39f4f72fe1ecc5c1a758df3b,-93,,3,64,,3
09:26:55,26.0,3,fbdaeb9571cf9839f1a4644686bde63a54f59a166d0a5b96af089c954baf16a1,-86,,3,64,,3
09:26:56,,3,0517cc4e28d681b31c48cd2db083af35bcb886d9172492e1a2b16595c3080f9b,-90,,3,64,,3
09:26:57,,3,0517cc4e28d681b31c48cd2db083af35bcb886d9172492e1a2b16595c3080f9b,-87,,3,64,,3
09:26:58,26.0,3,6a101979392e775383940a5bcd96953b99b72451098bff0aa4600a95614a595b,-90,,3,64,7.0,3
09:26:59,,3,1e0acf3d56532920f33bb524de0d7853ac840de7ac5a9bda1490e7239a40aa74,-90,,3,64,,3
09:26:59,,3,9c06e5c294fbf18a18d7d6ff0dc8f12d3092dbb8ce7505013a587aba25479551,-52,,3,64,,3
09:27:00,26.0,3,135a52d17b03ad6f0af11c16de9f06a57b1a9a6f52fb0ad545073cb7757141a4,-88,,3,64,5.0,3
09:27:01,26.0,3,8108373cc38ba7ff5deb47d6036ef7e8b37aeef35811c0a7a70b3ccd2045a824,-88,,3,64,12.0,3
09:27:02,,3,69977de678062ec111250cb732d4acdcccb918cd39f4f72fe1ecc5c1a758df3b,-93,,3,64,,3
09:27:03,,3,1e0acf3d56532920f33bb524de0d7853ac840de7ac5a9bda1490e7239a40aa74,-88,,3,64,,3
09:27:04,,3,69977de678062ec111250cb732d4acdcccb918cd39f4f72fe1ecc5c1a758df3b,-84,,3,64,,3
09:27:04,6.0,3,9c361e4be634e32d9b487b556760e512627fd5adc685787264f8d6b12abc8dea,-88,Cb40,3,64,,3
09:27:05,,3,69977de678062ec111250cb732d4acdcccb918cd39f4f72fe1ecc5c1a758df3b,-84,,3,64,,3
09:27:06,26.0,3,6a101979392e775383940a5bcd96953b99b72451098bff0aa4600a95614a595b,-91,,3,64,7.0,3
09:27:07,26.0,3,fbdaeb9571cf9839f1a4644686bde63a54f59a166d0a5b96af089c954baf16a1,-87,,3,64,,3
09:27:08,,3,1e0acf3d56532920f33bb524de0d7853ac840de7ac5a9bda1490e7239a40aa74,-89,,3,64,,3
09:27:08,26.0,3,8e6a8d0d12cfa134ada71f16223679710532e544282d241b60ee63b3ee309d61,-92,,3,64,7.0,3
09:27:09,,3,1e0acf3d56532920f33bb524de0d7853ac840de7ac5a9bda1490e7239a40aa74,-90,,3,64,,3
09:27:10,,3,0517cc4e28d681b31c48cd2db083af35bcb886d9172492e1a2b16595c3080f9b,-99,,3,64,,3
09:27:11,26.0,3,6a101979392e775383940a5bcd96953b99b72451098bff0aa4600a95614a595b,-92,,3,64,7.0,3
09:27:12,,3,a45069936d577c0d2780cdf5f0cbf758c909d4823bf1f829e8b0f4f50c48f64c,-81,,3,64,,3
09:27:12,26.0,3,6a101979392e775383940a5bcd96953b99b72451098bff0aa4600a95614a595b,-84,,3,64,7.0,3
09:27:13,,3,0517cc4e28d681b31c48cd2db083af35bcb886d9172492e1a2b16595c3080f9b,-89,,3,64,,3
09:27:14,26.0,3,182aa4b435d64177ca475ec55ea64555cb987ea42b1f5730d6e3aab5ebb0afb2,-82,,3,64,12.0,3
09:27:15,26.0,3,fbdaeb9571cf9839f1a4644686bde63a54f59a166d0a5b96af089c954baf16a1,-84,,3,64,,3
09:27:16,26.0,3,135a52d17b03ad6f0af11c16de9f06a57b1a9a6f52fb0ad545073cb7757141a4,-91,,3,64,5.0,3
09:27:16,,3,69977de678062ec111250cb732d4acdcccb918cd39f4f72fe1ecc5c1a758df3b,-86,,3,64,,3
09:27:17,26.0,3,135a52d17b03ad6f0af11c16de9f06a57b1a9a6f52fb0ad545073cb7757141a4,-85,,3,64,5.0,3
09:27:18,26.0,3,8e6a8d0d12cfa134ada71f16223679710532e544282d241b60ee63b3ee309d61,-87,,3,64,7.0,3
09:27:19,,3,69977de678062ec111250cb732d4acdcccb918cd39f4f72fe1ecc5c1a758df3b,-87,,3,64,,3
09:27:20,26.0,3,ccfa0b1e85545c5260c76c8e2ad5a636b48e3126f7d05215573f0eabe8f19f1d,-87,,3,64,8.0,3
09:27:21,26.0,3,135a52d17b03ad6f0af11c16de9f06a57b1a9a6f52fb0ad545073cb7757141a4,-87,,3,64,5.0,3
09:27:21,26.0,3,ccfa0b1e85545c5260c76c8e2ad5a636b48e3126f7d05215573f0eabe8f19f1d,-88,,3,64,8.0,3
09:27:22,,3,69977de678062ec111250cb732d4acdcccb918cd39f4f72fe1ecc5c1a758df3b,-79,,3,64,,3
09:27:23,,3,0517cc4e28d681b31c48cd2db083af35bcb886d9172492e1a2b16595c3080f9b,-92,,3,64,,3
09:27:24,26.0,3,135a52d17b03ad6f0af11c16de9f06a57b1a9a6f52fb0ad545073cb7757141a4,-89,,3,64,5.0,3
09:27:25,,3,69977de678062ec111250cb732d4acdcccb918cd39f4f72fe1ecc5c1a758df3b,-81,,3,64,,3
09:27:25,26.0,3,fbdaeb9571cf9839f1a4644686bde63a54f59a166d0a5b96af089c954baf16a1,-84,,3,64,,3
09:27:26,26.0,3,fbdaeb9571cf9839f1a4644686bde63a54f59a166d0a5b96af089c954baf16a1,-83,,3,64,,3
09:27:27,26.0,3,fbdaeb9571cf9839f1a4644686bde63a54f59a166d0a5b96af089c954baf16a1,-88,,3,64,,3
09:27:28,26.0,3,fbdaeb9571cf9839f1a4644686bde63a54f59a166d0a5b96af089c954baf16a1,-87,,3,64,,3
09:27:29,26.0,3,8e6a8d0d12cfa134ada71f16223679710532e544282d241b60ee63b3ee309d61,-85,,3,64,7.0,3
09:27:29,,3,0517cc4e28d681b31c48cd2db083af35bcb886d9172492e1a2b16595c3080f9b,-90,,3,64,,3
09:27:30,26.0,3,8e6a8d0d12cfa134ada71f16223679710532e544282d241b60ee63b3ee309d61,-85,,3,64,7.0,3
09:27:31,,3,69977de678062ec111250cb732d4acdcccb918cd39f4f72fe1ecc5c1a758df3b,-87,,3,64,,3
09:27:32,26.0,3,8e6a8d0d12cfa134ada71f16223679710532e544282d241b60ee63b3ee309d61,-86,,3,64,7.0,3
09:27:33,,3,31ea72b3068272e085f22d934ce8b3d6b60179b4b4112451842f5b9f4fba0181,-84,,3,64,,3
09:27:33,,3,69977de678062ec111250cb732d4acdcccb918cd39f4f72fe1ecc5c1a758df3b,-79,,3,64,,3
09:27:34,,3,1e0acf3d56532920f33bb524de0d7853ac840de7ac5a9bda1490e7239a40aa74,-94,,3,64,,3
09:27:35,26.0,3,135a52d17b03ad6f0af11c16de9f06a57b1a9a6f52fb0ad545073cb7757141a4,-95,,3,64,5.0,3
09:27:36,26.0,3,fbdaeb9571cf9839f1a4644686bde63a54f59a166d0a5b96af089c954baf16a1,-87,,3,64,,3
09:27:37,,3,1e0acf3d56532920f33bb524de0d7853ac840de7ac5a9bda1490e7239a40aa74,-94,,3,64,,3
09:27:38,26.0,3,6a101979392e775383940a5bcd96953b99b72451098bff0aa4600a95614a595b,-87,,3,64,7.0,3
09:27:38,26.0,3,fbdaeb9571cf9839f1a4644686bde63a54f59a166d0a5b96af089c954baf16a1,-88,,3,64,,3
09:27:39,26.0,3,6a101979392e775383940a5bcd96953b99b72451098bff0aa4600a95614a595b,-83,,3,64,,3
09:27:40,26.0,3,ccfa0b1e85545c5260c76c8e2ad5a636b48e3126f7d05215573f0eabe8f19f1d,-86,,3,64,8.0,3
09:27:41,26.0,3,6a101979392e775383940a5bcd96953b99b72451098bff0aa4600a95614a595b,-82,,3,64,,3
09:27:42,,3,0517cc4e28d681b31c48cd2db083af35bcb886d9172492e1a2b16595c3080f9b,-88,,3,64,,3
09:27:42,,3,0517cc4e28d681b31c48cd2db083af35bcb886d9172492e1a2b16595c3080f9b,-87,,3,64,,3
09:27:43,,3,69977de678062ec111250cb732d4acdcccb918cd39f4f72fe1ecc5c1a758df3b,-93,,3,64,,3
09:27:44,26.0,3,182aa4b435d64177ca475ec55ea64555cb987ea42b1f5730d6e3aab5ebb0afb2,-90,,3,64,12.0,3
09:27:45,,3,0517cc4e28d681b31c48cd2db083af35bcb886d9172492e1a2b16595c3080f9b,-86,,3,64,,3
09:27:46,,3,69977de678062ec111250cb732d4acdcccb918cd39f4f72fe1ecc5c1a758df3b,-94,,3,64,,3
09:27:46,,3,69977de678062ec111250cb732d4acdcccb918cd39f4f72fe1ecc5c1a758df3b,-85,,3,64,,3
09:27:47,,3,69977de678062ec111250cb732d4acdcccb918cd39f4f72fe1ecc5c1a758df3b,-93,,3,64,,3
09:27:48,,3,1e0acf3d56532920f33bb524de0d7853ac840de7ac5a9bda1490e7239a40aa74,-96,,3,64,,3
09:27:49,,3,69977de678062ec111250cb732d4acdcccb918cd39f4f72fe1ecc5c1a758df3b,-90,,3,64,,3
09:27:50,26.0,3,fbdaeb9571cf9839f1a4644686bde63a54f59a166d0a5b96af089c954baf16a1,-90,,3,64,,3
09:27:50,,3,1e0acf3d56532920f33bb524de0d7853ac840de7ac5a9bda1490e7239a40aa74,-92,,3,64,,3
09:27:51,26.0,3,fbdaeb9571cf9839f1a4644686bde63a54f59a166d0a5b96af089c954baf16a1,-91,,3,64,,3
09:27:52,,3,69977de678062ec111250cb732d4acdcccb918cd39f4f72fe1ecc5c1a758df3b,-86,,3,64,,3
09:27:53,26.0,3,182aa4b435d64177ca475ec55ea64555cb987ea42b1f5730d6e3aab5ebb0afb2,-93,,3,64,12.0,3
09:27:54,26.0,3,135a52d17b03ad6f0af11c16de9f06a57b1a9a6f52fb0ad545073cb7757141a4,-94,,3,64,5.0,3
09:27:55,,3,1e0acf3d56532920f33bb524de0d7853ac840de7ac5a9bda1490e7239a40aa74,-93,,3,64,,3
09:27:55,,3,69977de678062ec111250cb732d4acdcccb918cd39f4f72fe1ecc5c1a758df3b,-94,,3,64,,3
09:27:56,26.0,3,ccfa0b1e85545c5260c76c8e2ad5a636b48e3126f7d05215573f0eabe8f19f1d,-87,,3,64,8.0,3
09:27:57,,3,0517cc4e28d681b31c48cd2db083af35bcb886d9172492e1a2b16595c3080f9b,-83,,3,64,,3
09:27:58,,3,69977de678062ec111250cb732d4acdcccb918cd39f4f72fe1ecc5c1a758df3b,-93,,3,64,,3
09:27:59,,3,69977de678062ec111250cb732d4acdcccb918cd39f4f72fe1ecc5c1a758df3b,-89,,3,64,,3
09:27:59,,3,69977de678062ec111250cb732d4acdcccb918cd39f4f72fe1ecc5c1a758df3b,-85,,3,64,,3
09:28:00,26.0,3,fbdaeb9571cf9839f1a4644686bde63a54f59a166d0a5b96af089c954baf16a1,-96,,3,64,,3
09:28:01,,3,0517cc4e28d681b31c48cd2db083af35bcb886d9172492e1a2b16595c3080f9b,-84,,3,64,,3
09:28:02,,3,69977de678062ec111250cb732d4acdcccb918cd39f4f72fe1ecc5c1a758df3b,-94,,3,64,,3
09:28:03,,3,1e0acf3d56532920f33bb524de0d7853ac840de7ac5a9bda1490e7239a40aa74,-90,,3,64,,3
09:28:03,,3,0517cc4e28d681b31c48cd2db083af35bcb886d9172492e1a2b16595c3080f9b,-85,,3,64,,3
09:28:04,,3,69977de678062ec111250cb732d4acdcccb918cd39f4f72fe1ecc5c1a758df3b,-85,,3,64,,3
09:28:05,,3,69977de678062ec111250cb732d4acdcccb918cd39f4f72fe1ecc5c1a758df3b,-85,,3,64,,3
09:28:06,26.0,3,fbdaeb9571cf9839f1a4644686bde63a54f59a166d0a5b96af089c954baf16a1,-92,,3,64,,3
09:28:07,26.0,3,6c4b680a4dbda6743faffce85a4c684609795bae968b10a703ffbfd98b3b633c,-89,,3,64,,3
09:28:08,26.0,3,ccfa0b1e85545c5260c76c8e2ad5a636b48e3126f7d05215573f0eabe8f19f1d,-88,,3,64,8.0,3
09:28:08,,3,dcb984d7ebdae98ac699d414c329225b6219d62b5b2268ea554de1486e9baff0,-89,,3,64,,3
09:28:09,26.0,3,6c4b680a4dbda6743faffce85a4c684609795bae968b10a703ffbfd98b3b633c,-90,,3,64,,3
09:28:10,,3,f3382da10b6240dcde16093d4cf980cf788088b78d00e14811cd0f5db529b9c2,-94,,3,64,,3
09:28:11,,3,f3382da10b6240dcde16093d4cf980cf788088b78d00e14811cd0f5db529b9c2,-93,,3,64,,3
09:28:12,,3,0517cc4e28d681b31c48cd2db083af35bcb886d9172492e1a2b16595c3080f9b,-84,,3,64,,3
09:28:12,,3,0517cc4e28d681b31c48cd2db083af35bcb886d9172492e1a2b16595c3080f9b,-86,,3,64,,3
09:28:13,26.0,3,6c4b680a4dbda6743faffce85a4c684609795bae968b10a703ffbfd98b3b633c,-89,,3,64,,3
09:28:14,26.0,3,6c4b680a4dbda6743faffce85a4c684609795bae968b10a703ffbfd98b3b633c,-88,,3,64,,3
09:28:15,,3,0517cc4e28d681b31c48cd2db083af35bcb886d9172492e1a2b16595c3080f9b,-85,,3,64,,3
09:28:16,,3,dcb984d7ebdae98ac699d414c329225b6219d62b5b2268ea554de1486e9baff0,-84,,3,64,,3
09:28:16,26.0,3,8108373cc38ba7ff5deb47d6036ef7e8b37aeef35811c0a7a70b3ccd2045a824,-97,,3,64,12.0,3
09:28:17,26.0,3,4926bcd083ce4e7a7c842bda8606fe0a2a2e1abfdde913caa969fee891b2568c,-89,,3,64,12.0,3
09:28:18,,3,dcb984d7ebdae98ac699d414c329225b6219d62b5b2268ea554de1486e9baff0,-83,,3,64,,3
09:28:19,,3,dcb984d7ebdae98ac699d414c329225b6219d62b5b2268ea554de1486e9baff0,-84,,3,64,,3
09:28:20,26.0,3,6c4b680a4dbda6743faffce85a4c684609795bae968b10a703ffbfd98b3b633c,-90,,3,64,,3
09:28:20,,3,dcb984d7ebdae98ac699d414c329225b6219d62b5b2268ea554de1486e9baff0,-86,,3,64,,3
09:28:21,,3,dcb984d7ebdae98ac699d414c329225b6219d62b5b2268ea554de1486e9baff0,-88,,3,64,,3
09:28:22,,3,dcb984d7ebdae98ac699d414c329225b6219d62b5b2268ea554de1486e9baff0,-85,,3,64,,3
09:28:23,,3,dcb984d7ebdae98ac699d414c329225b6219d62b5b2268ea554de1486e9baff0,-84,,3,64,,3
09:28:24,,3,dcb984d7ebdae98ac699d414c329225b6219d62b5b2268ea554de1486e9baff0,-85,,3,64,,3
09:28:25,26.0,3,4926bcd083ce4e7a7c842bda8606fe0a2a2e1abfdde913caa969fee891b2568c,-91,,3,64,12.0,3
09:28:25,26.0,3,ccfa0b1e85545c5260c76c8e2ad5a636b48e3126f7d05215573f0eabe8f19f1d,-80,,3,64,8.0,3
09:28:26,,3,dcb984d7ebdae98ac699d414c329225b6219d62b5b2268ea554de1486e9baff0,-86,,3,64,,3
09:28:27,,3,dcb984d7ebdae98ac699d414c329225b6219d62b5b2268ea554de1486e9baff0,-87,,3,64,,3
09:28:28,,3,0517cc4e28d681b31c48cd2db083af35bcb886d9172492e1a2b16595c3080f9b,-90,,3,64,,3
09:28:29,26.0,3,8108373cc38ba7ff5deb47d6036ef7e8b37aeef35811c0a7a70b3ccd2045a824,-92,,3,64,12.0,3
09:28:29,,3,0517cc4e28d681b31c48cd2db083af35bcb886d9172492e1a2b16595c3080f9b,-88,,3,64,,3
09:28:30,,3,dcb984d7ebdae98ac699d414c329225b6219d62b5b2268ea554de1486e9baff0,-84,,3,64,,3
09:28:31,26.0,3,390fb2d76287129a10b9f8f8f65cd4abc1bc1adb432d6269c0e68e38b0ec3661,-93,,3,64,,3
09:28:32,,3,0517cc4e28d681b31c48cd2db083af35bcb886d9172492e1a2b16595c3080f9b,-89,,3,64,,3
09:28:33,26.0,3,390fb2d76287129a10b9f8f8f65cd4abc1bc1adb432d6269c0e68e38b0ec3661,-94,,3,64,,3
09:28:33,,3,0517cc4e28d681b31c48cd2db083af35bcb886d9172492e1a2b16595c3080f9b,-84,,3,64,,3
09:28:34,,3,0517cc4e28d681b31c48cd2db083af35bcb886d9172492e1a2b16595c3080f9b,-90,,3,64,,3
09:28:35,,3,dcb984d7ebdae98ac699d414c329225b6219d62b5b2268ea554de1486e9baff0,-82,,3,64,,3
09:28:36,,3,a45069936d577c0d2780cdf5f0cbf758c909d4823bf1f829e8b0f4f50c48f64c,-79,,3,64,,3
09:28:37,26.0,3,6c4b680a4dbda6743faffce85a4c684609795bae968b10a703ffbfd98b3b633c,-91,,3,64,,3
09:28:38,,3,9c06e5c294fbf18a18d7d6ff0dc8f12d3092dbb8ce7505013a587aba25479551,-79,,3,64,,3
09:28:38,6.0,3,d1de0ddb51e6fdcb1eeb0a80d815c6b9a0c610ff82e78b630f80a717ef6f14a5,-92,Cb40,3,64,,3
09:28:39,,3,0517cc4e28d681b31c48cd2db083af35bcb886d9172492e1a2b16595c3080f9b,-85,,3,64,,3
09:28:40,26.0,3,390fb2d76287129a10b9f8f8f65cd4abc1bc1adb432d6269c0e68e38b0ec3661,-92,,3,64,,3
09:28:41,26.0,3,6c4b680a4dbda6743faffce85a4c684609795bae968b10a703ffbfd98b3b633c,-90,,3,64,,3
09:28:42,,3,dcb984d7ebdae98ac699d414c329225b6219d62b5b2268ea554de1486e9baff0,-89,,3,64,,3
09:28:42,26.0,3,ccfa0b1e85545c5260c76c8e2ad5a636b48e3126f7d05215573f0eabe8f19f1d,-86,,3,64,8.0,3
09:28:43,,3,cf9a00ecd68a04d3405948607b6ddaf4162eeb7d6cf615458070a860e1cb3973,-82,,3,64,,3
09:28:44,,3,dcb984d7ebdae98ac699d414c329225b6219d62b5b2268ea554de1486e9baff0,-89,,3,64,,3
09:28:45,,3,0517cc4e28d681b31c48cd2db083af35bcb886d9172492e1a2b16595c3080f9b,-94,,3,64,,3
09:28:46,,3,dcb984d7ebdae98ac699d414c329225b6219d62b5b2268ea554de1486e9baff0,-92,,3,64,,3
09:28:46,,3,dcb984d7ebdae98ac699d414c329225b6219d62b5b2268ea554de1486e9baff0,-90,,3,64,,3
09:28:47,,3,cf9a00ecd68a04d3405948607b6ddaf4162eeb7d6cf615458070a860e1cb3973,-73,,3,64,,3
09:28:48,,3,cf9a00ecd68a04d3405948607b6ddaf4162eeb7d6cf615458070a860e1cb3973,-70,,3,64,,3
09:28:49,26.0,3,390fb2d76287129a10b9f8f8f65cd4abc1bc1adb432d6269c0e68e38b0ec3661,-92,,3,64,,3
09:28:50,,3,0517cc4e28d681b31c48cd2db083af35bcb886d9172492e1a2b16595c3080f9b,-90,,3,64,,3
09:28:50,,3,cf9a00ecd68a04d3405948607b6ddaf4162eeb7d6cf615458070a860e1cb3973,-71,,3,64,,3
09:28:51,,3,cf9a00ecd68a04d3405948607b6ddaf4162eeb7d6cf615458070a860e1cb3973,-73,,3,64,,3
09:28:52,,3,cf9a00ecd68a04d3405948607b6ddaf4162eeb7d6cf615458070a860e1cb3973,-73,,3,64,,3
09:28:53,26.0,3,390fb2d76287129a10b9f8f8f65cd4abc1bc1adb432d6269c0e68e38b0ec3661,-94,,3,64,,3
09:28:54,,3,dcb984d7ebdae98ac699d414c329225b6219d62b5b2268ea554de1486e9baff0,-84,,3,64,,3
09:28:54,,3,dcb984d7ebdae98ac699d414c329225b6219d62b5b2268ea554de1486e9baff0,-84,,3,64,,3
09:28:55,,3,dcb984d7ebdae98ac699d414c329225b6219d62b5b2268ea554de1486e9baff0,-88,,3,64,,3
09:28:56,26.0,3,135a52d17b03ad6f0af11c16de9f06a57b1a9a6f52fb0ad545073cb7757141a4,-86,,3,64,5.0,3
09:28:57,,3,9c06e5c294fbf18a18d7d6ff0dc8f12d3092dbb8ce7505013a587aba25479551,-69,,3,64,,3
09:28:58,26.0,3,4926bcd083ce4e7a7c842bda8606fe0a2a2e1abfdde913caa969fee891b2568c,-83,,3,64,12.0,3
09:28:59,,3,cf9a00ecd68a04d3405948607b6ddaf4162eeb7d6cf615458070a860e1cb3973,-71,,3,64,,3
09:28:59,26.0,3,4926bcd083ce4e7a7c842bda8606fe0a2a2e1abfdde913caa969fee891b2568c,-86,,3,64,12.0,3
09:29:00,26.0,3,6c4b680a4dbda6743faffce85a4c684609795bae968b10a703ffbfd98b3b633c,-88,,3,64,,3
09:29:01,,3,f3382da10b6240dcde16093d4cf980cf788088b78d00e14811cd0f5db529b9c2,-94,,3,64,,3
09:29:02,,3,cf9a00ecd68a04d3405948607b6ddaf4162eeb7d6cf615458070a860e1cb3973,-74,,3,64,,3
09:29:03,,3,dcb984d7ebdae98ac699d414c329225b6219d62b5b2268ea554de1486e9baff0,-82,,3,64,,3
09:29:03,26.0,3,e070ccf5b4f81914ed0174aa6ccf9ff2da49e4730d806cd7524e19997a3a51f1,-65,,3,64,12.0,3
09:29:04,,3,dcb984d7ebdae98ac699d414c329225b6219d62b5b2268ea554de1486e9baff0,-86,,3,64,,3
09:29:05,,3,623aca9a098b6fc07ae86a1c65c381276a5f044864200423f754811d63e83b03,-86,,3,64,,3
09:29:06,26.0,3,135a52d17b03ad6f0af11c16de9f06a57b1a9a6f52fb0ad545073cb7757141a4,-85,,3,64,5.0,3
09:29:07,,3,cf9a00ecd68a04d3405948607b6ddaf4162eeb7d6cf615458070a860e1cb3973,-73,,3,64,,3
09:29:07,,3,cf9a00ecd68a04d3405948607b6ddaf4162eeb7d6cf615458070a860e1cb3973,-80,,3,64,,3
09:29:08,,3,dcb984d7ebdae98ac699d414c329225b6219d62b5b2268ea554de1486e9baff0,-85,,3,64,,3
09:29:09,,3,cf9a00ecd68a04d3405948607b6ddaf4162eeb7d6cf615458070a860e1cb3973,-73,,3,64,,3
09:29:10,26.0,3,4926bcd083ce4e7a7c842bda8606fe0a2a2e1abfdde913caa969fee891b2568c,-82,,3,64,,3
09:29:11,26.0,3,e070ccf5b4f81914ed0174aa6ccf9ff2da49e4730d806cd7524e19997a3a51f1,-69,,3,64,12.0,3
09:29:11,,3,dcb984d7ebdae98ac699d414c329225b6219d62b5b2268ea554de1486e9baff0,-83,,3,64,,3
09:29:12,26.0,3,6c4b680a4dbda6743faffce85a4c684609795bae968b10a703ffbfd98b3b633c,-93,,3,64,,3
09:29:13,,3,cf9a00ecd68a04d3405948607b6ddaf4162eeb7d6cf615458070a860e1cb3973,-77,,3,64,,3
09:29:14,,3,dcb984d7ebdae98ac699d414c329225b6219d62b5b2268ea554de1486e9baff0,-93,,3,64,,3
09:29:15,26.0,3,8108373cc38ba7ff5deb47d6036ef7e8b37aeef35811c0a7a70b3ccd2045a824,-87,,3,64,12.0,3
09:29:16,,3,f3382da10b6240dcde16093d4cf980cf788088b78d00e14811cd0f5db529b9c2,-91,,3,64,,3
09:29:16,,3,cf9a00ecd68a04d3405948607b6ddaf4162eeb7d6cf615458070a860e1cb3973,-74,,3,64,,3
09:29:17,,3,dcb984d7ebdae98ac699d414c329225b6219d62b5b2268ea554de1486e9baff0,-87,,3,64,,3
09:29:18,,3,a45069936d577c0d2780cdf5f0cbf758c909d4823bf1f829e8b0f4f50c48f64c,-82,,3,64,,3
09:29:19,,3,0517cc4e28d681b31c48cd2db083af35bcb886d9172492e1a2b16595c3080f9b,-95,,3,64,,3
09:29:20,26.0,3,135a52d17b03ad6f0af11c16de9f06a57b1a9a6f52fb0ad545073cb7757141a4,-84,,3,64,5.0,3
09:29:20,26.0,3,ccfa0b1e85545c5260c76c8e2ad5a636b48e3126f7d05215573f0eabe8f19f1d,-80,,3,64,8.0,3
09:29:21,,3,cf9a00ecd68a04d3405948607b6ddaf4162eeb7d6cf615458070a860e1cb3973,-73,,3,64,,3
09:29:22,,3,f3382da10b6240dcde16093d4cf980cf788088b78d00e14811cd0f5db529b9c2,-95,,3,64,,3
09:29:23,,3,dcb984d7ebdae98ac699d414c329225b6219d62b5b2268ea554de1486e9baff0,-85,,3,64,,3
09:29:24,,3,0517cc4e28d681b31c48cd2db083af35bcb886d9172492e1a2b16595c3080f9b,-92,,3,64,,3
09:29:24,,3,cf9a00ecd68a04d3405948607b6ddaf4162eeb7d6cf615458070a860e1cb3973,-77,,3,64,,3
09:29:25,26.0,3,ccfa0b1e85545c5260c76c8e2ad5a636b48e3126f7d05215573f0eabe8f19f1d,-81,,3,64,8.0,3
09:29:26,,3,dcb984d7ebdae98ac699d414c329225b6219d62b5b2268ea554de1486e9baff0,-95,,3,64,,3
09:29:27,,3,dcb984d7ebdae98ac699d414c329225b6219d62b5b2268ea554de1486e9baff0,-88,,3,64,,3
09:29:28,,3,cf9a00ecd68a04d3405948607b6ddaf4162eeb7d6cf615458070a860e1cb3973,-80,,3,64,,3
09:29:29,26.0,3,6c4b680a4dbda6743faffce85a4c684609795bae968b10a703ffbfd98b3b633c,-93,,3,64,,3
09:29:29,26.0,3,8108373cc38ba7ff5deb47d6036ef7e8b37aeef35811c0a7a70b3ccd2045a824,-83,,3,64,12.0,3
09:29:30,,3,dcb984d7ebdae98ac699d414c329225b6219d62b5b2268ea554de1486e9baff0,-85,,3,64,,3
09:29:31,,3,cf9a00ecd68a04d3405948607b6ddaf4162eeb7d6cf615458070a860e1cb3973,-73,,3,64,,3
09:29:32,,3,cf9a00ecd68a04d3405948607b6ddaf4162eeb7d6cf615458070a860e1cb3973,-78,,3,64,,3
09:29:33,,3,0517cc4e28d681b31c48cd2db083af35bcb886d9172492e1a2b16595c3080f9b,-95,,3,64,,3
09:29:33,,3,dcb984d7ebdae98ac699d414c329225b6219d62b5b2268ea554de1486e9baff0,-82,,3,64,,3
09:29:34,,3,cf9a00ecd68a04d3405948607b6ddaf4162eeb7d6cf615458070a860e1cb3973,-75,,3,64,,3
09:29:35,,3,dcb984d7ebdae98ac699d414c329225b6219d62b5b2268ea554de1486e9baff0,-90,,3,64,,3
09:29:36,,3,dcb984d7ebdae98ac699d414c329225b6219d62b5b2268ea554de1486e9baff0,-93,,3,64,,3
09:29:37,,3,cf9a00ecd68a04d3405948607b6ddaf4162eeb7d6cf615458070a860e1cb3973,-78,,3,64,,3
09:29:37,26.0,3,6a101979392e775383940a5bcd96953b99b72451098bff0aa4600a95614a595b,-89,,3,64,7.0,3
09:29:38,,3,cf9a00ecd68a04d3405948607b6ddaf4162eeb7d6cf615458070a860e1cb3973,-79,,3,64,,3
09:29:39,26.0,3,8e6a8d0d12cfa134ada71f16223679710532e544282d241b60ee63b3ee309d61,-90,,3,64,7.0,3
09:29:40,,3,dcb984d7ebdae98ac699d414c329225b6219d62b5b2268ea554de1486e9baff0,-82,,3,64,,3
09:29:41,26.0,3,8e6a8d0d12cfa134ada71f16223679710532e544282d241b60ee63b3ee309d61,-89,,3,64,7.0,3
09:29:41,,3,cf9a00ecd68a04d3405948607b6ddaf4162eeb7d6cf615458070a860e1cb3973,-72,,3,64,,3
09:29:42,26.0,3,135a52d17b03ad6f0af11c16de9f06a57b1a9a6f52fb0ad545073cb7757141a4,-88,,3,64,5.0,3
09:29:43,,3,9c06e5c294fbf18a18d7d6ff0dc8f12d3092dbb8ce7505013a587aba25479551,-71,,3,64,,3
09:29:44,,3,f3382da10b6240dcde16093d4cf980cf788088b78d00e14811cd0f5db529b9c2,-93,,3,64,,3
09:29:45,,3,cf9a00ecd68a04d3405948607b6ddaf4162eeb7d6cf615458070a860e1cb3973,-78,,3,64,,3
09:29:46,26.0,3,4926bcd083ce4e7a7c842bda8606fe0a2a2e1abfdde913caa969fee891b2568c,-92,,3,64,,3
09:29:46,26.0,3,ccfa0b1e85545c5260c76c8e2ad5a636b48e3126f7d05215573f0eabe8f19f1d,-86,,3,64,8.0,3
09:29:47,,3,9c06e5c294fbf18a18d7d6ff0dc8f12d3092dbb8ce7505013a587aba25479551,-67,,3,64,,3
09:29:48,,3,dcb984d7ebdae98ac699d414c329225b6219d62b5b2268ea554de1486e9baff0,-85,,3,64,,3
09:29:49,,3,cf9a00ecd68a04d3405948607b6ddaf4162eeb7d6cf615458070a860e1cb3973,-76,,3,64,,3
09:29:50,,3,cf9a00ecd68a04d3405948607b6ddaf4162eeb7d6cf615458070a860e1cb3973,-77,,3,64,,3
09:29:50,,3,cf9a00ecd68a04d3405948607b6ddaf4162eeb7d6cf615458070a860e1cb3973,-87,,3,64,,3
09:29:51,,3,dcb984d7ebdae98ac699d414c329225b6219d62b5b2268ea554de1486e9baff0,-93,,3,64,,3
09:29:52,,3,f3382da10b6240dcde16093d4cf980cf788088b78d00e14811cd0f5db529b9c2,-95,,3,64,,3
09:29:53,26.0,3,8e6a8d0d12cfa134ada71f16223679710532e544282d241b60ee63b3ee309d61,-90,,3,64,7.0,3
09:29:54,,3,cf9a00ecd68a04d3405948607b6ddaf4162eeb7d6cf615458070a860e1cb3973,-76,,3,64,,3
09:29:54,26.0,3,135a52d17b03ad6f0af11c16de9f06a57b1a9a6f52fb0ad545073cb7757141a4,-87,,3,64,5.0,3
09:29:55,,3,dcb984d7ebdae98ac699d414c329225b6219d62b5b2268ea554de1486e9baff0,-89,,3,64,,3
09:29:56,,3,a45069936d577c0d2780cdf5f0cbf758c909d4823bf1f829e8b0f4f50c48f64c,-84,,3,64,,3
09:29:57,26.0,3,390fb2d76287129a10b9f8f8f65cd4abc1bc1adb432d6269c0e68e38b0ec3661,-90,,3,64,,3
09:29:58,,3,dcb984d7ebdae98ac699d414c329225b6219d62b5b2268ea554de1486e9baff0,-89,,3,64,,3
09:29:58,,3,cf9a00ecd68a04d3405948607b6ddaf4162eeb7d6cf615458070a860e1cb3973,-92,,3,64,,3
09:29:59,,3,dcb984d7ebdae98ac699d414c329225b6219d62b5b2268ea554de1486e9baff0,-88,,3,64,,3
09:30:00,,3,dcb984d7ebdae98ac699d414c329225b6219d62b5b2268ea554de1486e9baff0,-88,,3,64,,3
09:30:01,,3,cf9a00ecd68a04d3405948607b6ddaf4162eeb7d6cf615458070a860e1cb3973,-77,,3,64,,3
09:30:02,26.0,3,390fb2d76287129a10b9f8f8f65cd4abc1bc1adb432d6269c0e68e38b0ec3661,-94,,3,64,,3
09:30:03,,3,dcb984d7ebdae98ac699d414c329225b6219d62b5b2268ea554de1486e9baff0,-91,,3,64,,3
09:30:03,26.0,3,4926bcd083ce4e7a7c842bda8606fe0a2a2e1abfdde913caa969fee891b2568c,-90,,3,64,,3
09:30:04,,3,dcb984d7ebdae98ac699d414c329225b6219d62b5b2268ea554de1486e9baff0,-79,,3,64,,3
09:30:05,,3,cf9a00ecd68a04d3405948607b6ddaf4162eeb7d6cf615458070a860e1cb3973,-76,,3,64,,3
09:30:06,,3,cf9a00ecd68a04d3405948607b6ddaf4162eeb7d6cf615458070a860e1cb3973,-79,,3,64,,3
09:30:07,,3,cf9a00ecd68a04d3405948607b6ddaf4162eeb7d6cf615458070a860e1cb3973,-77,,3,64,,3
09:30:07,,3,dcb984d7ebdae98ac699d414c329225b6219d62b5b2268ea554de1486e9baff0,-87,,3,64,,3
09:30:08,,3,dcb984d7ebdae98ac699d414c329225b6219d62b5b2268ea554de1486e9baff0,-80,,3,64,,3
09:30:09,26.0,3,135a52d17b03ad6f0af11c16de9f06a57b1a9a6f52fb0ad545073cb7757141a4,-86,,3,64,5.0,3
09:30:10,26.0,3,390fb2d76287129a10b9f8f8f65cd4abc1bc1adb432d6269c0e68e38b0ec3661,-94,,3,64,,3
09:30:11,,3,dcb984d7ebdae98ac699d414c329225b6219d62b5b2268ea554de1486e9baff0,-82,,3,64,,3
09:30:11,26.0,3,390fb2d76287129a10b9f8f8f65cd4abc1bc1adb432d6269c0e68e38b0ec3661,-92,,3,64,,3
09:30:12,26.0,3,390fb2d76287129a10b9f8f8f65cd4abc1bc1adb432d6269c0e68e38b0ec3661,-90,,3,64,,3
09:30:13,26.0,3,8108373cc38ba7ff5deb47d6036ef7e8b37aeef35811c0a7a70b3ccd2045a824,-91,,3,64,12.0,3
09:30:14,,3,dcb984d7ebdae98ac699d414c329225b6219d62b5b2268ea554de1486e9baff0,-89,,3,64,,3
09:30:15,26.0,3,6c4b680a4dbda6743faffce85a4c684609795bae968b10a703ffbfd98b3b633c,-92,,3,64,,3
09:30:15,26.0,3,ccfa0b1e85545c5260c76c8e2ad5a636b48e3126f7d05215573f0eabe8f19f1d,-87,,3,64,8.0,3
09:30:16,26.0,3,6c4b680a4dbda6743faffce85a4c684609795bae968b10a703ffbfd98b3b633c,-88,,3,64,,3
09:30:17,26.0,3,6c4b680a4dbda6743faffce85a4c684609795bae968b10a703ffbfd98b3b633c,-87,,3,64,,3
09:30:18,,3,dcb984d7ebdae98ac699d414c329225b6219d62b5b2268ea554de1486e9baff0,-80,,3,64,,3
09:30:19,,3,cf9a00ecd68a04d3405948607b6ddaf4162eeb7d6cf615458070a860e1cb3973,-83,,3,64,,3
09:30:20,,3,f3382da10b6240dcde16093d4cf980cf788088b78d00e14811cd0f5db529b9c2,-94,,3,64,,3
09:30:20,26.0,3,6a101979392e775383940a5bcd96953b99b72451098bff0aa4600a95614a595b,-91,,3,64,7.0,3
09:30:21,26.0,3,8e6a8d0d12cfa134ada71f16223679710532e544282d241b60ee63b3ee309d61,-91,,3,64,7.0,3
09:30:22,,3,cf9a00ecd68a04d3405948607b6ddaf4162eeb7d6cf615458070a860e1cb3973,-79,,3,64,,3
09:30:23,,3,f3382da10b6240dcde16093d4cf980cf788088b78d00e14811cd0f5db529b9c2,-94,,3,64,,3
09:30:24,,3,cf9a00ecd68a04d3405948607b6ddaf4162eeb7d6cf615458070a860e1cb3973,-79,,3,64,,3
09:30:24,,3,cf9a00ecd68a04d3405948607b6ddaf4162eeb7d6cf615458070a860e1cb3973,-76,,3,64,,3
09:30:25,,3,dcb984d7ebdae98ac699d414c329225b6219d62b5b2268ea554de1486e9baff0,-91,,3,64,,3
09:30:26,26.0,3,8108373cc38ba7ff5deb47d6036ef7e8b37aeef35811c0a7a70b3ccd2045a824,-88,,3,64,12.0,3
09:30:27,,3,2ce91ff6d3cc3a731e0f86ff0cf8077580d2675d09ef135f83d0fe59cb3668f7,-85,,3,64,,3
09:30:28,,3,cf9a00ecd68a04d3405948607b6ddaf4162eeb7d6cf615458070a860e1cb3973,-77,,3,64,,3
09:30:28,,3,dcb984d7ebdae98ac699d414c329225b6219d62b5b2268ea554de1486e9baff0,-81,,3,64,,3
09:30:29,,3,4863fed87fd246e5da49b73d46db75301c436443fd23392d66d7742f8610e709,-95,,3,64,,3
09:30:30,,3,a45069936d577c0d2780cdf5f0cbf758c909d4823bf1f829e8b0f4f50c48f64c,-85,,3,64,,3
09:30:31,,3,cf9a00ecd68a04d3405948607b6ddaf4162eeb7d6cf615458070a860e1cb3973,-87,,3,64,,3
09:30:32,,3,cf9a00ecd68a04d3405948607b6ddaf4162eeb7d6cf615458070a860e1cb3973,-79,,3,64,,3
09:30:32,,3,dcb984d7ebdae98ac699d414c329225b6219d62b5b2268ea554de1486e9baff0,-89,,3,64,,3
09:30:33,,3,623aca9a098b6fc07ae86a1c65c381276a5f044864200423f754811d63e83b03,-84,,3,64,,3
09:30:34,,3,dcb984d7ebdae98ac699d414c329225b6219d62b5b2268ea554de1486e9baff0,-91,,3,64,,3
09:30:35,,3,dcb984d7ebdae98ac699d414c329225b6219d62b5b2268ea554de1486e9baff0,-81,,3,64,,3
09:30:36,26.0,3,135a52d17b03ad6f0af11c16de9f06a57b1a9a6f52fb0ad545073cb7757141a4,-88,,3,64,5.0,3
09:30:37,,3,cf9a00ecd68a04d3405948607b6ddaf4162eeb7d6cf615458070a860e1cb3973,-77,,3,64,,3
09:30:37,,3,dcb984d7ebdae98ac699d414c329225b6219d62b5b2268ea554de1486e9baff0,-81,,3,64,,3
09:30:38,26.0,3,135a52d17b03ad6f0af11c16de9f06a57b1a9a6f52fb0ad545073cb7757141a4,-91,,3,64,5.0,3
09:30:39,,3,cf9a00ecd68a04d3405948607b6ddaf4162eeb7d6cf615458070a860e1cb3973,-76,,3,64,,3
09:30:40,,3,dcb984d7ebdae98ac699d414c329225b6219d62b5b2268ea554de1486e9baff0,-85,,3,64,,3
09:30:41,6.0,3,9c361e4be634e32d9b487b556760e512627fd5adc685787264f8d6b12abc8dea,-92,Cb40,3,64,,3
09:30:41,,3,dcb984d7ebdae98ac699d414c329225b6219d62b5b2268ea554de1486e9baff0,-82,,3,64,,3
09:30:42,,3,dcb984d7ebdae98ac699d414c329225b6219d62b5b2268ea554de1486e9baff0,-85,,3,64,,3
09:30:43,,3,f3382da10b6240dcde16093d4cf980cf788088b78d00e14811cd0f5db529b9c2,-91,,3,64,,3
09:30:44,,3,cf9a00ecd68a04d3405948607b6ddaf4162eeb7d6cf615458070a860e1cb3973,-76,,3,64,,3
09:30:45,,3,dcb984d7ebdae98ac699d414c329225b6219d62b5b2268ea554de1486e9baff0,-85,,3,64,,3
09:30:45,,3,cf9a00ecd68a04d3405948607b6ddaf4162eeb7d6cf615458070a860e1cb3973,-75,,3,64,,3
09:30:46,,3,dcb984d7ebdae98ac699d414c329225b6219d62b5b2268ea554de1486e9baff0,-88,,3,64,,3
09:30:47,,3,cf9a00ecd68a04d3405948607b6ddaf4162eeb7d6cf615458070a860e1cb3973,-85,,3,64,,3
09:30:48,,3,cf9a00ecd68a04d3405948607b6ddaf4162eeb7d6cf615458070a860e1cb3973,-76,,3,64,,3
09:30:49,26.0,3,8e6a8d0d12cfa134ada71f16223679710532e544282d241b60ee63b3ee309d61,-91,,3,64,7.0,3
09:30:49,,3,dcb984d7ebdae98ac699d414c329225b6219d62b5b2268ea554de1486e9baff0,-82,,3,64,,3
09:30:50,,3,dcb984d7ebdae98ac699d414c329225b6219d62b5b2268ea554de1486e9baff0,-88,,3,64,,3
09:30:51,,3,cf9a00ecd68a04d3405948607b6ddaf4162eeb7d6cf615458070a860e1cb3973,-83,,3,64,,3
09:30:52,,3,cf9a00ecd68a04d3405948607b6ddaf4162eeb7d6cf615458070a860e1cb3973,-78,,3,64,,3
09:30:53,,3,dcb984d7ebdae98ac699d414c329225b6219d62b5b2268ea554de1486e9baff0,-89,,3,64,,3
09:30:53,,3,cf9a00ecd68a04d3405948607b6ddaf4162eeb7d6cf615458070a860e1cb3973,-71,,3,64,,3
09:30:54,,3,cf9a00ecd68a04d3405948607b6ddaf4162eeb7d6cf615458070a860e1cb3973,-75,,3,64,,3
09:30:55,,3,dcb984d7ebdae98ac699d414c329225b6219d62b5b2268ea554de1486e9baff0,-79,,3,64,,3
09:30:56,,3,dcb984d7ebdae98ac699d414c329225b6219d62b5b2268ea554de1486e9baff0,-89,,3,64,,3
09:30:57,,3,f3382da10b6240dcde16093d4cf980cf788088b78d00e14811cd0f5db529b9c2,-91,,3,64,,3
09:30:58,,3,cf9a00ecd68a04d3405948607b6ddaf4162eeb7d6cf615458070a860e1cb3973,-87,,3,64,,3
09:30:58,,3,4863fed87fd246e5da49b73d46db75301c436443fd23392d66d7742f8610e709,-88,,3,64,,3
09:30:59,,3,f3382da10b6240dcde16093d4cf980cf788088b78d00e14811cd0f5db529b9c2,-92,,3,64,,3
09:31:00,,3,cf9a00ecd68a04d3405948607b6ddaf4162eeb7d6cf615458070a860e1cb3973,-91,,3,64,,3
09:31:01,,3,4863fed87fd246e5da49b73d46db75301c436443fd23392d66d7742f8610e709,-93,,3,64,,3
09:31:02,,3,04a58dea38bdb4a0d12db06d27d3a656b71d7041d3586ffab49e8925936cbad7,-57,,3,64,,3
09:31:02,,3,cf9a00ecd68a04d3405948607b6ddaf4162eeb7d6cf615458070a860e1cb3973,-79,,3,64,,3
09:31:03,,3,dcb984d7ebdae98ac699d414c329225b6219d62b5b2268ea554de1486e9baff0,-91,,3,64,,3
09:31:04,,3,dcb984d7ebdae98ac699d414c329225b6219d62b5b2268ea554de1486e9baff0,-88,,3,64,,3
09:31:05,,3,4863fed87fd246e5da49b73d46db75301c436443fd23392d66d7742f8610e709,-87,,3,64,,3
09:31:06,26.0,3,3cb7722d4d30d7120d648cbd199be966a246a57714d68a21c37cc6dbd47abb31,-90,,3,64,,3
09:31:06,26.0,3,ccfa0b1e85545c5260c76c8e2ad5a636b48e3126f7d05215573f0eabe8f19f1d,-90,,3,64,8.0,3
09:31:07,26.0,3,7ff742b66adb79faf375e8d304cdeb961ad49c384eb05d57b117daf0293c77eb,-88,,3,64,,3
09:31:08,26.0,3,e22d459852fb07653b8eb75a5675c9fee5cc53476d83feaca74f683b656f3658,-92,,3,64,,3
09:31:09,,3,cf9a00ecd68a04d3405948607b6ddaf4162eeb7d6cf615458070a860e1cb3973,-76,,3,64,,3
09:31:10,,3,f3382da10b6240dcde16093d4cf980cf788088b78d00e14811cd0f5db529b9c2,-91,,3,64,,3
09:31:11,,3,dcb984d7ebdae98ac699d414c329225b6219d62b5b2268ea554de1486e9baff0,-91,,3,64,,3
09:31:11,,3,cf9a00ecd68a04d3405948607b6ddaf4162eeb7d6cf615458070a860e1cb3973,-74,,3,64,,3
09:31:12,,3,cf9a00ecd68a04d3405948607b6ddaf4162eeb7d6cf615458070a860e1cb3973,-83,,3,64,,3
09:31:13,,3,4863fed87fd246e5da49b73d46db75301c436443fd23392d66d7742f8610e709,-88,,3,64,,3
09:31:14,,3,4863fed87fd246e5da49b73d46db75301c436443fd23392d66d7742f8610e709,-90,,3,64,,3
09:31:15,,3,dcb984d7ebdae98ac699d414c329225b6219d62b5b2268ea554de1486e9baff0,-89,,3,64,,3
09:31:15,,3,cf9a00ecd68a04d3405948607b6ddaf4162eeb7d6cf615458070a860e1cb3973,-73,,3,64,,3
09:31:16,,3,4863fed87fd246e5da49b73d46db75301c436443fd23392d66d7742f8610e709,-89,,3,64,,3
09:31:17,26.0,3,3cb7722d4d30d7120d648cbd199be966a246a57714d68a21c37cc6dbd47abb31,-88,,3,64,5.0,3
09:31:18,,3,dcb984d7ebdae98ac699d414c329225b6219d62b5b2268ea554de1486e9baff0,-87,,3,64,,3
09:31:19,,3,cf9a00ecd68a04d3405948607b6ddaf4162eeb7d6cf615458070a860e1cb3973,-75,,3,64,,3
09:31:19,,3,f3382da10b6240dcde16093d4cf980cf788088b78d00e14811cd0f5db529b9c2,-89,,3,64,,3
09:31:20,,3,a45069936d577c0d2780cdf5f0cbf758c909d4823bf1f829e8b0f4f50c48f64c,-82,,3,64,,3
09:31:21,,3,cf9a00ecd68a04d3405948607b6ddaf4162eeb7d6cf615458070a860e1cb3973,-73,,3,64,,3
09:31:22,,3,f3382da10b6240dcde16093d4cf980cf788088b78d00e14811cd0f5db529b9c2,-89,,3,64,,3
09:31:23,,3,cf9a00ecd68a04d3405948607b6ddaf4162eeb7d6cf615458070a860e1cb3973,-75,,3,64,,3
09:31:23,,3,cf9a00ecd68a04d3405948607b6ddaf4162eeb7d6cf615458070a860e1cb3973,-75,,3,64,,3
09:31:24,,3,cf9a00ecd68a04d3405948607b6ddaf4162eeb7d6cf615458070a860e1cb3973,-81,,3,64,,3
09:31:25,,3,ab2c59ffd7d34cab3a1eb14c610323f5cade20cbf37e632fb72d4c0430d0e997,-82,,3,64,,3
09:31:26,26.0,3,e22d459852fb07653b8eb75a5675c9fee5cc53476d83feaca74f683b656f3658,-90,,3,64,5.0,3
09:31:27,,3,4863fed87fd246e5da49b73d46db75301c436443fd23392d66d7742f8610e709,-87,,3,64,,3
09:31:28,,3,cf9a00ecd68a04d3405948607b6ddaf4162eeb7d6cf615458070a860e1cb3973,-77,,3,64,,3
09:31:28,,3,4863fed87fd246e5da49b73d46db75301c436443fd23392d66d7742f8610e709,-90,,3,64,,3
09:31:29,26.0,3,7ff742b66adb79faf375e8d304cdeb961ad49c384eb05d57b117daf0293c77eb,-87,,3,64,,3
09:31:30,,3,cf9a00ecd68a04d3405948607b6ddaf4162eeb7d6cf615458070a860e1cb3973,-82,,3,64,,3
09:31:31,,3,cf9a00ecd68a04d3405948607b6ddaf4162eeb7d6cf615458070a860e1cb3973,-80,,3,64,,3
09:31:31,,3,cf9a00ecd68a04d3405948607b6ddaf4162eeb7d6cf615458070a860e1cb3973,-84,,3,64,,3
09:31:32,,3,cf9a00ecd68a04d3405948607b6ddaf4162eeb7d6cf615458070a860e1cb3973,-83,,3,64,,3
09:31:33,26.0,3,3cb7722d4d30d7120d648cbd199be966a246a57714d68a21c37cc6dbd47abb31,-89,,3,64,5.0,3
09:31:34,,3,f3382da10b6240dcde16093d4cf980cf788088b78d00e14811cd0f5db529b9c2,-88,,3,64,,3
09:31:35,,3,dcb984d7ebdae98ac699d414c329225b6219d62b5b2268ea554de1486e9baff0,-87,,3,64,,3
09:31:36,26.0,3,8108373cc38ba7ff5deb47d6036ef7e8b37aeef35811c0a7a70b3ccd2045a824,-89,,3,64,12.0,3
09:31:36,,3,f3382da10b6240dcde16093d4cf980cf788088b78d00e14811cd0f5db529b9c2,-90,,3,64,,3
09:31:37,26.0,3,7ff742b66adb79faf375e8d304cdeb961ad49c384eb05d57b117daf0293c77eb,-91,,3,64,,3
09:31:38,,3,dcb984d7ebdae98ac699d414c329225b6219d62b5b2268ea554de1486e9baff0,-82,,3,64,,3
09:31:39,,3,cf9a00ecd68a04d3405948607b6ddaf4162eeb7d6cf615458070a860e1cb3973,-93,,3,64,,3
09:31:40,26.0,3,7ff742b66adb79faf375e8d304cdeb961ad49c384eb05d57b117daf0293c77eb,-89,,3,64,,3
09:31:40,,3,dcb984d7ebdae98ac699d414c329225b6219d62b5b2268ea554de1486e9baff0,-83,,3,64,,3
09:31:41,,3,ab2c59ffd7d34cab3a1eb14c610323f5cade20cbf37e632fb72d4c0430d0e997,-82,,3,64,,3
09:31:42,26.0,3,7ff742b66adb79faf375e8d304cdeb961ad49c384eb05d57b117daf0293c77eb,-89,,3,64,,3
09:31:43,,3,4863fed87fd246e5da49b73d46db75301c436443fd23392d66d7742f8610e709,-92,,3,64,,3
09:31:44,,3,04a58dea38bdb4a0d12db06d27d3a656b71d7041d3586ffab49e8925936cbad7,-71,,3,64,,3
09:31:45,,3,dcb984d7ebdae98ac699d414c329225b6219d62b5b2268ea554de1486e9baff0,-89,,3,64,,3
09:31:45,,3,cf9a00ecd68a04d3405948607b6ddaf4162eeb7d6cf615458070a860e1cb3973,-72,,3,64,,3
09:31:46,26.0,3,d276dc7dcf09b7f2cf1e6154cba8eb48efcec1879d8f75b2167ff70d6ebd7f22,-94,,3,64,5.0,3
09:31:47,,3,dcb984d7ebdae98ac699d414c329225b6219d62b5b2268ea554de1486e9baff0,-90,,3,64,,3
09:31:48,,3,04a58dea38bdb4a0d12db06d27d3a656b71d7041d3586ffab49e8925936cbad7,-68,,3,64,,3
09:31:48,,3,dcb984d7ebdae98ac699d414c329225b6219d62b5b2268ea554de1486e9baff0,-82,,3,64,,3
09:31:49,,3,cf9a00ecd68a04d3405948607b6ddaf4162eeb7d6cf615458070a860e1cb3973,-73,,3,64,,3
09:31:50,,3,4863fed87fd246e5da49b73d46db75301c436443fd23392d66d7742f8610e709,-95,,3,64,,3
09:31:51,,3,4863fed87fd246e5da49b73d46db75301c436443fd23392d66d7742f8610e709,-93,,3,64,,3
09:31:52,,3,dcb984d7ebdae98ac699d414c329225b6219d62b5b2268ea554de1486e9baff0,-89,,3,64,,3
09:31:53,,3,cf9a00ecd68a04d3405948607b6ddaf4162eeb7d6cf615458070a860e1cb3973,-71,,3,64,,3
09:31:54,,3,dcb984d7ebdae98ac699d414c329225b6219d62b5b2268ea554de1486e9baff0,-95,,3,64,,3
09:31:54,,3,dcb984d7ebdae98ac699d414c329225b6219d62b5b2268ea554de1486e9baff0,-83,,3,64,,3
09:31:55,,3,4863fed87fd246e5da49b73d46db75301c436443fd23392d66d7742f8610e709,-98,,3,64,,3
09:31:56,,3,cf9a00ecd68a04d3405948607b6ddaf4162eeb7d6cf615458070a860e1cb3973,-83,,3,64,,3
09:31:57,,3,dcb984d7ebdae98ac699d414c329225b6219d62b5b2268ea554de1486e9baff0,-81,,3,64,,3
09:31:58,,3,4863fed87fd246e5da49b73d46db75301c436443fd23392d66d7742f8610e709,-87,,3,64,,3
09:31:58,,3,cf9a00ecd68a04d3405948607b6ddaf4162eeb7d6cf615458070a860e1cb3973,-83,,3,64,,3
09:31:59,,3,cf9a00ecd68a04d3405948607b6ddaf4162eeb7d6cf615458070a860e1cb3973,-78,,3,64,,3
09:32:00,,3,cf9a00ecd68a04d3405948607b6ddaf4162eeb7d6cf615458070a860e1cb3973,-71,,3,64,,3
09:32:01,,3,4863fed87fd246e5da49b73d46db75301c436443fd23392d66d7742f8610e709,-102,,3,64,,3
09:32:02,26.0,3,e22d459852fb07653b8eb75a5675c9fee5cc53476d83feaca74f683b656f3658,-91,,3,64,,3
09:32:02,,3,a45069936d577c0d2780cdf5f0cbf758c909d4823bf1f829e8b0f4f50c48f64c,-77,,3,64,,3
09:32:03,,3,dcb984d7ebdae98ac699d414c329225b6219d62b5b2268ea554de1486e9baff0,-91,,3,64,,3
09:32:04,,3,cf9a00ecd68a04d3405948607b6ddaf4162eeb7d6cf615458070a860e1cb3973,-71,,3,64,,3
09:32:05,26.0,3,e22d459852fb07653b8eb75a5675c9fee5cc53476d83feaca74f683b656f3658,-91,,3,64,,3
09:32:06,,3,cf9a00ecd68a04d3405948607b6ddaf4162eeb7d6cf615458070a860e1cb3973,-82,,3,64,,3
09:32:07,,3,cf9a00ecd68a04d3405948607b6ddaf4162eeb7d6cf615458070a860e1cb3973,-72,,3,64,,3
09:32:07,26.0,3,d276dc7dcf09b7f2cf1e6154cba8eb48efcec1879d8f75b2167ff70d6ebd7f22,-86,,3,64,5.0,3
09:32:08,,3,cf9a00ecd68a04d3405948607b6ddaf4162eeb7d6cf615458070a860e1cb3973,-71,,3,64,,3
09:32:09,26.0,3,8e6a8d0d12cfa134ada71f16223679710532e544282d241b60ee63b3ee309d61,-94,,3,64,7.0,3
09:32:10,26.0,3,7ff742b66adb79faf375e8d304cdeb961ad49c384eb05d57b117daf0293c77eb,-92,,3,64,,3
09:32:11,26.0,3,ccfa0b1e85545c5260c76c8e2ad5a636b48e3126f7d05215573f0eabe8f19f1d,-87,,3,64,8.0,3
09:32:11,26.0,3,ccfa0b1e85545c5260c76c8e2ad5a636b48e3126f7d05215573f0eabe8f19f1d,-86,,3,64,8.0,3
09:32:12,,3,dcb984d7ebdae98ac699d414c329225b6219d62b5b2268ea554de1486e9baff0,-88,,3,64,,3
09:32:13,,3,cf9a00ecd68a04d3405948607b6ddaf4162eeb7d6cf615458070a860e1cb3973,-72,,3,64,,3
09:32:14,,3,4863fed87fd246e5da49b73d46db75301c436443fd23392d66d7742f8610e709,-93,,3,64,,3
09:32:15,,3,54c8a704e42e977c66f9caa2b2348df79198900a20b9a7b465b02211d2b9c864,-84,,3,64,,3
09:32:15,26.0,3,e16846811488b38601f447715b2a700bc39a9ffab33c5becea80daa873b01fc4,-90,,3,64,,3
09:32:16,26.0,3,7ff742b66adb79faf375e8d304cdeb961ad49c384eb05d57b117daf0293c77eb,-92,,3,64,,3
09:32:17,,3,dcb984d7ebdae98ac699d414c329225b6219d62b5b2268ea554de1486e9baff0,-81,,3,64,,3
09:32:18,,3,cf9a00ecd68a04d3405948607b6ddaf4162eeb7d6cf615458070a860e1cb3973,-73,,3,64,,3
09:32:19,26.0,3,e16846811488b38601f447715b2a700bc39a9ffab33c5becea80daa873b01fc4,-89,,3,64,,3
09:32:20,26.0,3,e16846811488b38601f447715b2a700bc39a9ffab33c5becea80daa873b01fc4,-89,,3,64,,3
09:32:20,,3,4863fed87fd246e5da49b73d46db75301c436443fd23392d66d7742f8610e709,-91,,3,64,,3
09:32:21,26.0,3,e16846811488b38601f447715b2a700bc39a9ffab33c5becea80daa873b01fc4,-92,,3,64,,3
09:32:22,26.0,3,d276dc7dcf09b7f2cf1e6154cba8eb48efcec1879d8f75b2167ff70d6ebd7f22,-85,,3,64,5.0,3
09:32:23,,3,dcb984d7ebdae98ac699d414c329225b6219d62b5b2268ea554de1486e9baff0,-86,,3,64,,3
09:32:24,,3,cf9a00ecd68a04d3405948607b6ddaf4162eeb7d6cf615458070a860e1cb3973,-74,,3,64,,3
09:32:24,,3,4863fed87fd246e5da49b73d46db75301c436443fd23392d66d7742f8610e709,-89,,3,64,,3
09:32:25,26.0,3,3cb7722d4d30d7120d648cbd199be966a246a57714d68a21c37cc6dbd47abb31,-88,,3,64,,3
09:32:26,,3,cf9a00ecd68a04d3405948607b6ddaf4162eeb7d6cf615458070a860e1cb3973,-76,,3,64,,3
09:32:27,,3,dcb984d7ebdae98ac699d414c329225b6219d62b5b2268ea554de1486e9baff0,-88,,3,64,,3
09:32:28,,3,dcb984d7ebdae98ac699d414c329225b6219d62b5b2268ea554de1486e9baff0,-87,,3,64,,3
09:32:28,,3,cf9a00ecd68a04d3405948607b6ddaf4162eeb7d6cf615458070a860e1cb3973,-76,,3,64,,3
09:32:29,26.0,3,3cb7722d4d30d7120d648cbd199be966a246a57714d68a21c37cc6dbd47abb31,-90,,3,64,,3
09:32:30,26.0,3,e22d459852fb07653b8eb75a5675c9fee5cc53476d83feaca74f683b656f3658,-88,,3,64,,3
09:32:31,,3,4863fed87fd246e5da49b73d46db75301c436443fd23392d66d7742f8610e709,-93,,3,64,,3
09:32:32,,3,cf9a00ecd68a04d3405948607b6ddaf4162eeb7d6cf615458070a860e1cb3973,-82,,3,64,,3
09:32:33,26.0,3,3cb7722d4d30d7120d648cbd199be966a246a57714d68a21c37cc6dbd47abb31,-85,,3,64,,3
09:32:33,26.0,3,e22d459852fb07653b8eb75a5675c9fee5cc53476d83feaca74f683b656f3658,-83,,3,64,,3
09:32:34,26.0,3,3cb7722d4d30d7120d648cbd199be966a246a57714d68a21c37cc6dbd47abb31,-84,,3,64,,3
09:32:35,,3,dcb984d7ebdae98ac699d414c329225b6219d62b5b2268ea554de1486e9baff0,-90,,3,64,,3
09:32:36,26.0,3,e16846811488b38601f447715b2a700bc39a9ffab33c5becea80daa873b01fc4,-86,,3,64,,3
09:32:37,,3,ab2c59ffd7d34cab3a1eb14c610323f5cade20cbf37e632fb72d4c0430d0e997,-93,,3,64,,3
09:32:37,26.0,3,e16846811488b38601f447715b2a700bc39a9ffab33c5becea80daa873b01fc4,-88,,3,64,,3
09:32:38,,3,cf9a00ecd68a04d3405948607b6ddaf4162eeb7d6cf615458070a860e1cb3973,-73,,3,64,,3
09:32:39,26.0,3,3cb7722d4d30d7120d648cbd199be966a246a57714d68a21c37cc6dbd47abb31,-88,,3,64,,3
09:32:40,,3,04a58dea38bdb4a0d12db06d27d3a656b71d7041d3586ffab49e8925936cbad7,-70,,3,64,,3
09:32:41,26.0,3,e16846811488b38601f447715b2a700bc39a9ffab33c5becea80daa873b01fc4,-86,,3,64,,3
09:32:41,6.0,3,9c361e4be634e32d9b487b556760e512627fd5adc685787264f8d6b12abc8dea,-89,Cb40,3,64,,3
09:32:42,26.0,3,e16846811488b38601f447715b2a700bc39a9ffab33c5becea80daa873b01fc4,-85,,3,64,,3
09:32:43,,3,4863fed87fd246e5da49b73d46db75301c436443fd23392d66d7742f8610e709,-92,,3,64,,3
09:32:44,26.0,3,e16846811488b38601f447715b2a700bc39a9ffab33c5becea80daa873b01fc4,-85,,3,64,,3
09:32:45,,3,dcb984d7ebdae98ac699d414c329225b6219d62b5b2268ea554de1486e9baff0,-83,,3,64,,3
09:32:45,,3,dcb984d7ebdae98ac699d414c329225b6219d62b5b2268ea554de1486e9baff0,-85,,3,64,,3
09:32:46,26.0,3,7ff742b66adb79faf375e8d304cdeb961ad49c384eb05d57b117daf0293c77eb,-90,,3,64,,3
09:32:47,26.0,3,e16846811488b38601f447715b2a700bc39a9ffab33c5becea80daa873b01fc4,-87,,3,64,,3
09:32:48,,3,cf9a00ecd68a04d3405948607b6ddaf4162eeb7d6cf615458070a860e1cb3973,-83,,3,64,,3
09:32:49,26.0,3,e16846811488b38601f447715b2a700bc39a9ffab33c5becea80daa873b01fc4,-88,,3,64,,3
09:32:50,26.0,3,e16846811488b38601f447715b2a700bc39a9ffab33c5becea80daa873b01fc4,-85,,3,64,,3
09:32:50,,3,dcb984d7ebdae98ac699d414c329225b6219d62b5b2268ea554de1486e9baff0,-82,,3,64,,3
09:32:51,26.0,3,ccfa0b1e85545c5260c76c8e2ad5a636b48e3126f7d05215573f0eabe8f19f1d,-84,,3,64,8.0,3
09:32:52,26.0,3,e16846811488b38601f447715b2a700bc39a9ffab33c5becea80daa873b01fc4,-85,,3,64,,3
09:32:53,,3,dcb984d7ebdae98ac699d414c329225b6219d62b5b2268ea554de1486e9baff0,-82,,3,64,,3
09:32:54,,3,cf9a00ecd68a04d3405948607b6ddaf4162eeb7d6cf615458070a860e1cb3973,-89,,3,64,,3
09:32:54,,3,cf9a00ecd68a04d3405948607b6ddaf4162eeb7d6cf615458070a860e1cb3973,-78,,3,64,,3
09:32:55,26.0,3,e16846811488b38601f447715b2a700bc39a9ffab33c5becea80daa873b01fc4,-87,,3,64,,3
09:32:56,26.0,3,e16846811488b38601f447715b2a700bc39a9ffab33c5becea80daa873b01fc4,-85,,3,64,,3
09:32:57,,3,cf9a00ecd68a04d3405948607b6ddaf4162eeb7d6cf615458070a860e1cb3973,-85,,3,64,,3
09:32:58,26.0,3,e16846811488b38601f447715b2a700bc39a9ffab33c5becea80daa873b01fc4,-84,,3,64,,3
09:32:58,26.0,3,e16846811488b38601f447715b2a700bc39a9ffab33c5becea80daa873b01fc4,-87,,3,64,,3
09:32:59,26.0,3,e16846811488b38601f447715b2a700bc39a9ffab33c5becea80daa873b01fc4,-86,,3,64,,3
09:33:00,,3,f3382da10b6240dcde16093d4cf980cf788088b78d00e14811cd0f5db529b9c2,-91,,3,64,,3
09:33:01,26.0,3,7ff742b66adb79faf375e8d304cdeb961ad49c384eb05d57b117daf0293c77eb,-89,,3,64,,3
09:33:02,26.0,3,e16846811488b38601f447715b2a700bc39a9ffab33c5becea80daa873b01fc4,-84,,3,64,,3
09:33:02,26.0,3,7ff742b66adb79faf375e8d304cdeb961ad49c384eb05d57b117daf0293c77eb,-86,,3,64,,3
09:33:03,26.0,3,e22d459852fb07653b8eb75a5675c9fee5cc53476d83feaca74f683b656f3658,-83,,3,64,,3
09:33:04,26.0,3,3cb7722d4d30d7120d648cbd199be966a246a57714d68a21c37cc6dbd47abb31,-83,,3,64,,3
09:33:05,,3,f3382da10b6240dcde16093d4cf980cf788088b78d00e14811cd0f5db529b9c2,-89,,3,64,,3
09:33:06,26.0,3,e22d459852fb07653b8eb75a5675c9fee5cc53476d83feaca74f683b656f3658,-86,,3,64,,3
09:33:07,,3,a45069936d577c0d2780cdf5f0cbf758c909d4823bf1f829e8b0f4f50c48f64c,-86,,3,64,,3
09:33:07,26.0,3,e16846811488b38601f447715b2a700bc39a9ffab33c5becea80daa873b01fc4,-83,,3,64,,3
09:33:08,,3,cf9a00ecd68a04d3405948607b6ddaf4162eeb7d6cf615458070a860e1cb3973,-79,,3,64,,3
09:33:09,,3,4863fed87fd246e5da49b73d46db75301c436443fd23392d66d7742f8610e709,-92,,3,64,,3
09:33:10,26.0,3,e22d459852fb07653b8eb75a5675c9fee5cc53476d83feaca74f683b656f3658,-84,,3,64,,3
09:33:11,26.0,3,e16846811488b38601f447715b2a700bc39a9ffab33c5becea80daa873b01fc4,-83,,3,64,,3
09:33:11,,3,cf9a00ecd68a04d3405948607b6ddaf4162eeb7d6cf615458070a860e1cb3973,-82,,3,64,,3
09:33:12,26.0,3,3cb7722d4d30d7120d648cbd199be966a246a57714d68a21c37cc6dbd47abb31,-87,,3,64,,3
09:33:13,,3,dcb984d7ebdae98ac699d414c329225b6219d62b5b2268ea554de1486e9baff0,-86,,3,64,,3
09:33:14,26.0,3,e16846811488b38601f447715b2a700bc39a9ffab33c5becea80daa873b01fc4,-86,,3,64,,3
09:33:15,26.0,3,e16846811488b38601f447715b2a700bc39a9ffab33c5becea80daa873b01fc4,-84,,3,64,,3
09:33:15,,3,cf9a00ecd68a04d3405948607b6ddaf4162eeb7d6cf615458070a860e1cb3973,-80,,3,64,,3
09:33:16,,3,dcb984d7ebdae98ac699d414c329225b6219d62b5b2268ea554de1486e9baff0,-92,,3,64,,3
09:33:17,,3,f3382da10b6240dcde16093d4cf980cf788088b78d00e14811cd0f5db529b9c2,-89,,3,64,,3
09:33:18,,3,cf9a00ecd68a04d3405948607b6ddaf4162eeb7d6cf615458070a860e1cb3973,-81,,3,64,,3
09:33:19,,3,cf9a00ecd68a04d3405948607b6ddaf4162eeb7d6cf615458070a860e1cb3973,-72,,3,64,,3
09:33:19,26.0,3,3cb7722d4d30d7120d648cbd199be966a246a57714d68a21c37cc6dbd47abb31,-90,,3,64,,3
09:33:20,,3,cf9a00ecd68a04d3405948607b6ddaf4162eeb7d6cf615458070a860e1cb3973,-75,,3,64,,3
09:33:21,,3,cf9a00ecd68a04d3405948607b6ddaf4162eeb7d6cf615458070a860e1cb3973,-76,,3,64,,3
09:33:22,26.0,3,7ff742b66adb79faf375e8d304cdeb961ad49c384eb05d57b117daf0293c77eb,-86,,3,64,,3
09:33:23,,3,cf9a00ecd68a04d3405948607b6ddaf4162eeb7d6cf615458070a860e1cb3973,-76,,3,64,,3
09:33:24,,3,cf9a00ecd68a04d3405948607b6ddaf4162eeb7d6cf615458070a860e1cb3973,-81,,3,64,,3
09:33:24,26.0,3,d276dc7dcf09b7f2cf1e6154cba8eb48efcec1879d8f75b2167ff70d6ebd7f22,-89,,3,64,5.0,3
09:33:25,26.0,3,e22d459852fb07653b8eb75a5675c9fee5cc53476d83feaca74f683b656f3658,-88,,3,64,,3
09:33:26,,3,dcb984d7ebdae98ac699d414c329225b6219d62b5b2268ea554de1486e9baff0,-85,,3,64,,3
09:33:27,,3,cf9a00ecd68a04d3405948607b6ddaf4162eeb7d6cf615458070a860e1cb3973,-79,,3,64,,3
09:33:28,,3,4863fed87fd246e5da49b73d46db75301c436443fd23392d66d7742f8610e709,-85,,3,64,,3
09:33:28,,3,dcb984d7ebdae98ac699d414c329225b6219d62b5b2268ea554de1486e9baff0,-82,,3,64,,3
09:33:29,,3,dcb984d7ebdae98ac699d414c329225b6219d62b5b2268ea554de1486e9baff0,-83,,3,64,,3
09:33:30,,3,cf9a00ecd68a04d3405948607b6ddaf4162eeb7d6cf615458070a860e1cb3973,-89,,3,64,,3
09:33:31,26.0,3,3cb7722d4d30d7120d648cbd199be966a246a57714d68a21c37cc6dbd47abb31,-96,,3,64,,3
09:33:32,,3,dcb984d7ebdae98ac699d414c329225b6219d62b5b2268ea554de1486e9baff0,-87,,3,64,,3
09:33:32,,3,cf9a00ecd68a04d3405948607b6ddaf4162eeb7d6cf615458070a860e1cb3973,-89,,3,64,,3
09:33:33,,3,4863fed87fd246e5da49b73d46db75301c436443fd23392d66d7742f8610e709,-80,,3,64,,3
09:33:34,,3,4863fed87fd246e5da49b73d46db75301c436443fd23392d66d7742f8610e709,-82,,3,64,,3
09:33:35,,3,54c8a704e42e977c66f9caa2b2348df79198900a20b9a7b465b02211d2b9c864,-87,,3,64,,3
09:33:36,,3,cf9a00ecd68a04d3405948607b6ddaf4162eeb7d6cf615458070a860e1cb3973,-83,,3,64,,3
09:33:36,26.0,3,e22d459852fb07653b8eb75a5675c9fee5cc53476d83feaca74f683b656f3658,-90,,3,64,,3
09:33:37,,3,cf9a00ecd68a04d3405948607b6ddaf4162eeb7d6cf615458070a860e1cb3973,-82,,3,64,,3
09:33:38,,3,cf9a00ecd68a04d3405948607b6ddaf4162eeb7d6cf615458070a860e1cb3973,-89,,3,64,,3
09:33:39,,3,4863fed87fd246e5da49b73d46db75301c436443fd23392d66d7742f8610e709,-81,,3,64,,3
09:33:40,26.0,3,8108373cc38ba7ff5deb47d6036ef7e8b37aeef35811c0a7a70b3ccd2045a824,-79,,3,64,12.0,3
09:33:41,26.0,3,e22d459852fb07653b8eb75a5675c9fee5cc53476d83feaca74f683b656f3658,-86,,3,64,,3
09:33:41,,3,4863fed87fd246e5da49b73d46db75301c436443fd23392d66d7742f8610e709,-81,,3,64,,3
09:33:42,,3,4863fed87fd246e5da49b73d46db75301c436443fd23392d66d7742f8610e709,-82,,3,64,,3
09:33:43,26.0,3,8108373cc38ba7ff5deb47d6036ef7e8b37aeef35811c0a7a70b3ccd2045a824,-82,,3,64,12.0,3
09:33:44,,3,cf9a00ecd68a04d3405948607b6ddaf4162eeb7d6cf615458070a860e1cb3973,-79,,3,64,,3
09:33:45,26.0,3,e22d459852fb07653b8eb75a5675c9fee5cc53476d83feaca74f683b656f3658,-89,,3,64,,3
09:33:45,,3,cf9a00ecd68a04d3405948607b6ddaf4162eeb7d6cf615458070a860e1cb3973,-82,,3,64,,3
09:33:46,,3,cf9a00ecd68a04d3405948607b6ddaf4162eeb7d6cf615458070a860e1cb3973,-85,,3,64,,3
09:33:47,26.0,3,7ff742b66adb79faf375e8d304cdeb961ad49c384eb05d57b117daf0293c77eb,-88,,3,64,,3
09:33:48,,3,4863fed87fd246e5da49b73d46db75301c436443fd23392d66d7742f8610e709,-83,,3,64,,3
09:33:49,26.0,3,8e6a8d0d12cfa134ada71f16223679710532e544282d241b60ee63b3ee309d61,-86,,3,64,7.0,3
09:33:49,26.0,3,e22d459852fb07653b8eb75a5675c9fee5cc53476d83feaca74f683b656f3658,-92,,3,64,,3
09:33:50,,3,dcb984d7ebdae98ac699d414c329225b6219d62b5b2268ea554de1486e9baff0,-84,,3,64,,3
09:33:51,26.0,3,8108373cc38ba7ff5deb47d6036ef7e8b37aeef35811c0a7a70b3ccd2045a824,-82,,3,64,12.0,3
09:33:52,,3,4863fed87fd246e5da49b73d46db75301c436443fd23392d66d7742f8610e709,-82,,3,64,,3
09:33:53,26.0,3,d276dc7dcf09b7f2cf1e6154cba8eb48efcec1879d8f75b2167ff70d6ebd7f22,-84,,3,64,5.0,3
09:33:53,26.0,3,d276dc7dcf09b7f2cf1e6154cba8eb48efcec1879d8f75b2167ff70d6ebd7f22,-87,,3,64,5.0,3
09:33:54,26.0,3,7ff742b66adb79faf375e8d304cdeb961ad49c384eb05d57b117daf0293c77eb,-89,,3,64,,3
09:33:55,,3,4863fed87fd246e5da49b73d46db75301c436443fd23392d66d7742f8610e709,-81,,3,64,,3
09:33:56,,3,dcb984d7ebdae98ac699d414c329225b6219d62b5b2268ea554de1486e9baff0,-88,,3,64,,3
09:33:57,26.0,3,e070ccf5b4f81914ed0174aa6ccf9ff2da49e4730d806cd7524e19997a3a51f1,-68,,3,64,12.0,3
09:33:58,,3,dcb984d7ebdae98ac699d414c329225b6219d62b5b2268ea554de1486e9baff0,-85,,3,64,,3
09:33:58,,3,dcb984d7ebdae98ac699d414c329225b6219d62b5b2268ea554de1486e9baff0,-83,,3,64,,3
09:33:59,,3,cf9a00ecd68a04d3405948607b6ddaf4162eeb7d6cf615458070a860e1cb3973,-80,,3,64,,3
09:34:00,,3,dcb984d7ebdae98ac699d414c329225b6219d62b5b2268ea554de1486e9baff0,-83,,3,64,,3
09:34:01,,3,4863fed87fd246e5da49b73d46db75301c436443fd23392d66d7742f8610e709,-80,,3,64,,3
09:34:02,26.0,3,e22d459852fb07653b8eb75a5675c9fee5cc53476d83feaca74f683b656f3658,-89,,3,64,,3
09:34:02,,3,04a58dea38bdb4a0d12db06d27d3a656b71d7041d3586ffab49e8925936cbad7,-69,,3,64,,3
09:34:03,26.0,3,3cb7722d4d30d7120d648cbd199be966a246a57714d68a21c37cc6dbd47abb31,-85,,3,64,,3
09:34:04,,3,cf9a00ecd68a04d3405948607b6ddaf4162eeb7d6cf615458070a860e1cb3973,-81,,3,64,,3
09:34:05,26.0,3,d276dc7dcf09b7f2cf1e6154cba8eb48efcec1879d8f75b2167ff70d6ebd7f22,-83,,3,64,5.0,3
09:34:06,,3,f3382da10b6240dcde16093d4cf980cf788088b78d00e14811cd0f5db529b9c2,-89,,3,64,,3
09:34:06,,3,dcb984d7ebdae98ac699d414c329225b6219d62b5b2268ea554de1486e9baff0,-83,,3,64,,3
09:34:07,,3,cf9a00ecd68a04d3405948607b6ddaf4162eeb7d6cf615458070a860e1cb3973,-80,,3,64,,3
09:34:08,,3,f3382da10b6240dcde16093d4cf980cf788088b78d00e14811cd0f5db529b9c2,-87,,3,64,,3
09:34:09,,3,4863fed87fd246e5da49b73d46db75301c436443fd23392d66d7742f8610e709,-77,,3,64,,3
09:34:10,,3,4863fed87fd246e5da49b73d46db75301c436443fd23392d66d7742f8610e709,-82,,3,64,,3
09:34:10,6.0,3,d1de0ddb51e6fdcb1eeb0a80d815c6b9a0c610ff82e78b630f80a717ef6f14a5,-91,Cb40,3,64,,3
09:34:11,,3,dcb984d7ebdae98ac699d414c329225b6219d62b5b2268ea554de1486e9baff0,-86,,3,64,,3
09:34:12,26.0,3,e22d459852fb07653b8eb75a5675c9fee5cc53476d83feaca74f683b656f3658,-86,,3,64,,3
09:34:13,,3,4863fed87fd246e5da49b73d46db75301c436443fd23392d66d7742f8610e709,-77,,3,64,,3
09:34:14,,3,cf9a00ecd68a04d3405948607b6ddaf4162eeb7d6cf615458070a860e1cb3973,-85,,3,64,,3
09:34:15,,3,dcb984d7ebdae98ac699d414c329225b6219d62b5b2268ea554de1486e9baff0,-84,,3,64,,3
09:34:15,26.0,3,7ff742b66adb79faf375e8d304cdeb961ad49c384eb05d57b117daf0293c77eb,-86,,3,64,,3
09:34:16,,3,4863fed87fd246e5da49b73d46db75301c436443fd23392d66d7742f8610e709,-84,,3,64,,3
09:34:17,6.0,3,9c361e4be634e32d9b487b556760e512627fd5adc685787264f8d6b12abc8dea,-93,Cb40,3,64,,3
09:34:18,,3,dcb984d7ebdae98ac699d414c329225b6219d62b5b2268ea554de1486e9baff0,-86,,3,64,,3
09:34:19,,3,cf9a00ecd68a04d3405948607b6ddaf4162eeb7d6cf615458070a860e1cb3973,-79,,3,64,,3
09:34:19,26.0,3,3cb7722d4d30d7120d648cbd199be966a246a57714d68a21c37cc6dbd47abb31,-87,,3,64,,3
09:34:20,26.0,3,e22d459852fb07653b8eb75a5675c9fee5cc53476d83feaca74f683b656f3658,-89,,3,64,,3
09:34:21,,3,54c8a704e42e977c66f9caa2b2348df79198900a20b9a7b465b02211d2b9c864,-84,,3,64,,3
09:34:22,26.0,3,8108373cc38ba7ff5deb47d6036ef7e8b37aeef35811c0a7a70b3ccd2045a824,-87,,3,64,12.0,3
09:34:23,,3,4863fed87fd246e5da49b73d46db75301c436443fd23392d66d7742f8610e709,-77,,3,64,,3
09:34:23,,3,cf9a00ecd68a04d3405948607b6ddaf4162eeb7d6cf615458070a860e1cb3973,-82,,3,64,,3
09:34:24,26.0,3,7ff742b66adb79faf375e8d304cdeb961ad49c384eb05d57b117daf0293c77eb,-89,,3,64,,3
09:34:25,,3,4863fed87fd246e5da49b73d46db75301c436443fd23392d66d7742f8610e709,-78,,3,64,,3
09:34:26,,3,4863fed87fd246e5da49b73d46db75301c436443fd23392d66d7742f8610e709,-84,,3,64,,3
09:34:27,,3,dcb984d7ebdae98ac699d414c329225b6219d62b5b2268ea554de1486e9baff0,-84,,3,64,,3
09:34:27,26.0,3,11d199c4744e6f4a372e8251ab2739cb196bb2e8696e048888d242aa14afcb56,-95,,3,64,,3
09:34:28,,3,4863fed87fd246e5da49b73d46db75301c436443fd23392d66d7742f8610e709,-83,,3,64,,3
09:34:29,26.0,3,e22d459852fb07653b8eb75a5675c9fee5cc53476d83feaca74f683b656f3658,-87,,3,64,,3
09:34:30,,3,dcb984d7ebdae98ac699d414c329225b6219d62b5b2268ea554de1486e9baff0,-87,,3,64,,3
09:34:31,26.0,3,e070ccf5b4f81914ed0174aa6ccf9ff2da49e4730d806cd7524e19997a3a51f1,-65,,3,64,12.0,3
09:34:32,26.0,3,e22d459852fb07653b8eb75a5675c9fee5cc53476d83feaca74f683b656f3658,-89,,3,64,,3
09:34:32,,3,f3382da10b6240dcde16093d4cf980cf788088b78d00e14811cd0f5db529b9c2,-92,,3,64,,3
09:34:33,26.0,3,e070ccf5b4f81914ed0174aa6ccf9ff2da49e4730d806cd7524e19997a3a51f1,-73,,3,64,12.0,3
09:34:34,26.0,3,06512cefbccc6575822911425b65ae808a42076bdf2bf0e7a10dfd5f8bd9f8c9,-85,,3,64,,3
09:34:35,,3,f3382da10b6240dcde16093d4cf980cf788088b78d00e14811cd0f5db529b9c2,-93,,3,64,,3
09:34:36,26.0,3,3cb7722d4d30d7120d648cbd199be966a246a57714d68a21c37cc6dbd47abb31,-87,,3,64,,3
09:34:36,26.0,3,06512cefbccc6575822911425b65ae808a42076bdf2bf0e7a10dfd5f8bd9f8c9,-85,,3,64,,3
09:34:37,26.0,3,8108373cc38ba7ff5deb47d6036ef7e8b37aeef35811c0a7a70b3ccd2045a824,-87,,3,64,12.0,3
09:34:38,,3,dcb984d7ebdae98ac699d414c329225b6219d62b5b2268ea554de1486e9baff0,-88,,3,64,,3
09:34:39,26.0,3,e22d459852fb07653b8eb75a5675c9fee5cc53476d83feaca74f683b656f3658,-87,,3,64,,3
09:34:40,26.0,3,7ff742b66adb79faf375e8d304cdeb961ad49c384eb05d57b117daf0293c77eb,-89,,3,64,,3
09:34:40,,3,dcb984d7ebdae98ac699d414c329225b6219d62b5b2268ea554de1486e9baff0,-85,,3,64,,3
09:34:41,26.0,3,06512cefbccc6575822911425b65ae808a42076bdf2bf0e7a10dfd5f8bd9f8c9,-81,,3,64,,3
09:34:42,26.0,3,3cb7722d4d30d7120d648cbd199be966a246a57714d68a21c37cc6dbd47abb31,-88,,3,64,,3
09:34:43,,3,cf9a00ecd68a04d3405948607b6ddaf4162eeb7d6cf615458070a860e1cb3973,-78,,3,64,,3
09:34:44,,3,dcb984d7ebdae98ac699d414c329225b6219d62b5b2268ea554de1486e9baff0,-88,,3,64,,3
09:34:44,,3,4863fed87fd246e5da49b73d46db75301c436443fd23392d66d7742f8610e709,-84,,3,64,,3
09:34:45,,3,f3382da10b6240dcde16093d4cf980cf788088b78d00e14811cd0f5db529b9c2,-92,,3,64,,3
09:34:46,,3,cf9a00ecd68a04d3405948607b6ddaf4162eeb7d6cf615458070a860e1cb3973,-84,,3,64,,3
09:34:47,,3,dcb984d7ebdae98ac699d414c329225b6219d62b5b2268ea554de1486e9baff0,-82,,3,64,,3
09:34:48,,3,4863fed87fd246e5da49b73d46db75301c436443fd23392d66d7742f8610e709,-88,,3,64,,3
09:34:49,,3,cf9a00ecd68a04d3405948607b6ddaf4162eeb7d6cf615458070a860e1cb3973,-77,,3,64,,3
09:34:49,,3,dcb984d7ebdae98ac699d414c329225b6219d62b5b2268ea554de1486e9baff0,-80,,3,64,,3
09:34:50,26.0,3,e22d459852fb07653b8eb75a5675c9fee5cc53476d83feaca74f683b656f3658,-89,,3,64,,3
09:34:51,,3,dcb984d7ebdae98ac699d414c329225b6219d62b5b2268ea554de1486e9baff0,-81,,3,64,,3
09:34:52,,3,4863fed87fd246e5da49b73d46db75301c436443fd23392d66d7742f8610e709,-80,,3,64,,3
09:34:53,,3,7a45f24cbded61ea8a785f1e776dfdbbb016dbba2268c2dade1e499cc3720d92,-83,,3,64,,3
09:34:53,26.0,3,7ff742b66adb79faf375e8d304cdeb961ad49c384eb05d57b117daf0293c77eb,-93,,3,64,,3
09:34:54,26.0,3,3cb7722d4d30d7120d648cbd199be966a246a57714d68a21c37cc6dbd47abb31,-89,,3,64,,3
09:34:55,,3,4863fed87fd246e5da49b73d46db75301c436443fd23392d66d7742f8610e709,-85,,3,64,,3
09:34:56,,3,cf9a00ecd68a04d3405948607b6ddaf4162eeb7d6cf615458070a860e1cb3973,-81,,3,64,,3
09:34:57,,3,ab2c59ffd7d34cab3a1eb14c610323f5cade20cbf37e632fb72d4c0430d0e997,-85,,3,64,,3
09:34:57,,3,4863fed87fd246e5da49b73d46db75301c436443fd23392d66d7742f8610e709,-87,,3,64,,3
09:34:58,26.0,3,3cb7722d4d30d7120d648cbd199be966a246a57714d68a21c37cc6dbd47abb31,-83,,3,64,,3
09:34:59,26.0,3,3cb7722d4d30d7120d648cbd199be966a246a57714d68a21c37cc6dbd47abb31,-84,,3,64,,3
09:35:00,26.0,3,7ff742b66adb79faf375e8d304cdeb961ad49c384eb05d57b117daf0293c77eb,-85,,3,64,,3
09:35:01,,3,ab2c59ffd7d34cab3a1eb14c610323f5cade20cbf37e632fb72d4c0430d0e997,-89,,3,64,,3
09:35:01,,3,4863fed87fd246e5da49b73d46db75301c436443fd23392d66d7742f8610e709,-88,,3,64,,3
09:35:02,,3,dcb984d7ebdae98ac699d414c329225b6219d62b5b2268ea554de1486e9baff0,-87,,3,64,,3
09:35:03,,3,4863fed87fd246e5da49b73d46db75301c436443fd23392d66d7742f8610e709,-87,,3,64,,3
09:35:04,26.0,3,3cb7722d4d30d7120d648cbd199be966a246a57714d68a21c37cc6dbd47abb31,-84,,3,64,,3
09:35:05,,3,dcb984d7ebdae98ac699d414c329225b6219d62b5b2268ea554de1486e9baff0,-88,,3,64,,3
09:35:05,,3,cf9a00ecd68a04d3405948607b6ddaf4162eeb7d6cf615458070a860e1cb3973,-81,,3,64,,3
09:35:06,26.0,3,e22d459852fb07653b8eb75a5675c9fee5cc53476d83feaca74f683b656f3658,-83,,3,64,,3
09:35:07,,3,f3382da10b6240dcde16093d4cf980cf788088b78d00e14811cd0f5db529b9c2,-89,,3,64,,3
09:35:08,,3,4863fed87fd246e5da49b73d46db75301c436443fd23392d66d7742f8610e709,-85,,3,64,,3
09:35:09,,3,cf9a00ecd68a04d3405948607b6ddaf4162eeb7d6cf615458070a860e1cb3973,-80,,3,64,,3
09:35:10,26.0,3,7ff742b66adb79faf375e8d304cdeb961ad49c384eb05d57b117daf0293c77eb,-82,,3,64,,3
09:35:10,,3,4863fed87fd246e5da49b73d46db75301c436443fd23392d66d7742f8610e709,-87,,3,64,,3
09:35:11,,3,dcb984d7ebdae98ac699d414c329225b6219d62b5b2268ea554de1486e9baff0,-91,,3,64,,3
09:35:12,,3,dcb984d7ebdae98ac699d414c329225b6219d62b5b2268ea554de1486e9baff0,-92,,3,64,,3
09:35:13,,3,cf9a00ecd68a04d3405948607b6ddaf4162eeb7d6cf615458070a860e1cb3973,-76,,3,64,,3
09:35:14,,3,4863fed87fd246e5da49b73d46db75301c436443fd23392d66d7742f8610e709,-88,,3,64,,3
09:35:14,,3,4863fed87fd246e5da49b73d46db75301c436443fd23392d66d7742f8610e709,-93,,3,64,,3
09:35:15,,3,cf9a00ecd68a04d3405948607b6ddaf4162eeb7d6cf615458070a860e1cb3973,-76,,3,64,,3
09:35:16,26.0,3,ccfa0b1e85545c5260c76c8e2ad5a636b48e3126f7d05215573f0eabe8f19f1d,-86,,3,64,8.0,3
09:35:17,26.0,3,ccfa0b1e85545c5260c76c8e2ad5a636b48e3126f7d05215573f0eabe8f19f1d,-84,,3,64,8.0,3
09:35:18,26.0,3,8108373cc38ba7ff5deb47d6036ef7e8b37aeef35811c0a7a70b3ccd2045a824,-77,,3,64,12.0,3
09:35:18,,3,4863fed87fd246e5da49b73d46db75301c436443fd23392d66d7742f8610e709,-94,,3,64,,3
09:35:19,,3,cf9a00ecd68a04d3405948607b6ddaf4162eeb7d6cf615458070a860e1cb3973,-76,,3,64,,3
09:35:20,,3,f3382da10b6240dcde16093d4cf980cf788088b78d00e14811cd0f5db529b9c2,-88,,3,64,,3
09:35:21,26.0,3,8108373cc38ba7ff5deb47d6036ef7e8b37aeef35811c0a7a70b3ccd2045a824,-77,,3,64,12.0,3
09:35:22,,3,cf9a00ecd68a04d3405948607b6ddaf4162eeb7d6cf615458070a860e1cb3973,-77,,3,64,,3
09:35:23,,3,cf9a00ecd68a04d3405948607b6ddaf4162eeb7d6cf615458070a860e1cb3973,-77,,3,64,,3
09:35:23,,3,dcb984d7ebdae98ac699d414c329225b6219d62b5b2268ea554de1486e9baff0,-92,,3,64,,3
09:35:24,,3,dcb984d7ebdae98ac699d414c329225b6219d62b5b2268ea554de1486e9baff0,-93,,3,64,,3
09:35:25,26.0,3,e22d459852fb07653b8eb75a5675c9fee5cc53476d83feaca74f683b656f3658,-82,,3,64,,3
09:35:26,,3,4863fed87fd246e5da49b73d46db75301c436443fd23392d66d7742f8610e709,-82,,3,64,,3
09:35:27,,3,4863fed87fd246e5da49b73d46db75301c436443fd23392d66d7742f8610e709,-81,,3,64,,3
09:35:27,26.0,3,e22d459852fb07653b8eb75a5675c9fee5cc53476d83feaca74f683b656f3658,-82,,3,64,,3
09:35:28,26.0,3,3cb7722d4d30d7120d648cbd199be966a246a57714d68a21c37cc6dbd47abb31,-78,,3,64,,3
09:35:29,26.0,3,d276dc7dcf09b7f2cf1e6154cba8eb48efcec1879d8f75b2167ff70d6ebd7f22,-88,,3,64,5.0,3
09:35:30,,3,cf9a00ecd68a04d3405948607b6ddaf4162eeb7d6cf615458070a860e1cb3973,-85,,3,64,,3
09:35:31,26.0,3,8426f1c9456932214e65ee6b51938096a72299d6ba2f048cbcb5091cb0a14998,-91,,3,64,,3
09:35:31,26.0,3,e22d459852fb07653b8eb75a5675c9fee5cc53476d83feaca74f683b656f3658,-77,,3,64,,3
09:35:32,26.0,3,7ff742b66adb79faf375e8d304cdeb961ad49c384eb05d57b117daf0293c77eb,-79,,3,64,,3
09:35:33,26.0,3,8108373cc38ba7ff5deb47d6036ef7e8b37aeef35811c0a7a70b3ccd2045a824,-78,,3,64,12.0,3
09:35:34,,3,f3382da10b6240dcde16093d4cf980cf788088b78d00e14811cd0f5db529b9c2,-90,,3,64,,3
09:35:35,26.0,3,3cb7722d4d30d7120d648cbd199be966a246a57714d68a21c37cc6dbd47abb31,-77,,3,64,,3
09:35:35,26.0,3,5e76941c89e0b1458418be1572048afd4522f751fee9c214f9b276e18a69b822,-86,,3,64,,3
09:35:36,,3,4863fed87fd246e5da49b73d46db75301c436443fd23392d66d7742f8610e709,-87,,3,64,,3
09:35:37,,3,cf9a00ecd68a04d3405948607b6ddaf4162eeb7d6cf615458070a860e1cb3973,-76,,3,64,,3
09:35:38,26.0,3,8426f1c9456932214e65ee6b51938096a72299d6ba2f048cbcb5091cb0a14998,-92,,3,64,,3
09:35:39,26.0,3,8426f1c9456932214e65ee6b51938096a72299d6ba2f048cbcb5091cb0a14998,-93,,3,64,,3
09:35:40,26.0,3,5e76941c89e0b1458418be1572048afd4522f751fee9c214f9b276e18a69b822,-90,,3,64,,3
09:35:40,,3,4863fed87fd246e5da49b73d46db75301c436443fd23392d66d7742f8610e709,-83,,3,64,,3
09:35:41,,3,4863fed87fd246e5da49b73d46db75301c436443fd23392d66d7742f8610e709,-90,,3,64,,3
09:35:42,26.0,3,e22d459852fb07653b8eb75a5675c9fee5cc53476d83feaca74f683b656f3658,-78,,3,64,,3
09:35:43,,3,cf9a00ecd68a04d3405948607b6ddaf4162eeb7d6cf615458070a860e1cb3973,-78,,3,64,,3
09:35:44,,3,4863fed87fd246e5da49b73d46db75301c436443fd23392d66d7742f8610e709,-89,,3,64,,3
09:35:44,26.0,3,7ff742b66adb79faf375e8d304cdeb961ad49c384eb05d57b117daf0293c77eb,-81,,3,64,,3
09:35:45,,3,dcb984d7ebdae98ac699d414c329225b6219d62b5b2268ea554de1486e9baff0,-97,,3,64,,3
09:35:46,26.0,3,e22d459852fb07653b8eb75a5675c9fee5cc53476d83feaca74f683b656f3658,-81,,3,64,5.0,3
09:35:47,26.0,3,8108373cc38ba7ff5deb47d6036ef7e8b37aeef35811c0a7a70b3ccd2045a824,-78,,3,64,12.0,3
09:35:48,,3,cf9a00ecd68a04d3405948607b6ddaf4162eeb7d6cf615458070a860e1cb3973,-77,,3,64,,3
09:35:48,26.0,3,ccfa0b1e85545c5260c76c8e2ad5a636b48e3126f7d05215573f0eabe8f19f1d,-84,,3,64,8.0,3
09:35:49,,3,cf9a00ecd68a04d3405948607b6ddaf4162eeb7d6cf615458070a860e1cb3973,-79,,3,64,,3
09:35:50,26.0,3,3cb7722d4d30d7120d648cbd199be966a246a57714d68a21c37cc6dbd47abb31,-82,,3,64,5.0,3
09:35:51,26.0,3,5e76941c89e0b1458418be1572048afd4522f751fee9c214f9b276e18a69b822,-86,,3,64,,3
09:35:52,26.0,3,5e76941c89e0b1458418be1572048afd4522f751fee9c214f9b276e18a69b822,-84,,3,64,,3
09:35:52,,3,ab2c59ffd7d34cab3a1eb14c610323f5cade20cbf37e632fb72d4c0430d0e997,-86,,3,64,,3
09:35:53,,3,4863fed87fd246e5da49b73d46db75301c436443fd23392d66d7742f8610e709,-82,,3,64,,3
09:35:54,,3,f3382da10b6240dcde16093d4cf980cf788088b78d00e14811cd0f5db529b9c2,-89,,3,64,,3
09:35:55,26.0,3,5e76941c89e0b1458418be1572048afd4522f751fee9c214f9b276e18a69b822,-91,,3,64,,3
09:35:56,,3,4863fed87fd246e5da49b73d46db75301c436443fd23392d66d7742f8610e709,-86,,3,64,,3
09:35:57,,3,f3382da10b6240dcde16093d4cf980cf788088b78d00e14811cd0f5db529b9c2,-88,,3,64,,3
09:35:57,26.0,3,e070ccf5b4f81914ed0174aa6ccf9ff2da49e4730d806cd7524e19997a3a51f1,-71,,3,64,12.0,3
09:35:58,,3,dcb984d7ebdae98ac699d414c329225b6219d62b5b2268ea554de1486e9baff0,-93,,3,64,,3
09:35:59,26.0,3,8426f1c9456932214e65ee6b51938096a72299d6ba2f048cbcb5091cb0a14998,-85,,3,64,,3
09:36:00,,3,cf9a00ecd68a04d3405948607b6ddaf4162eeb7d6cf615458070a860e1cb3973,-80,,3,64,,3
09:36:01,26.0,3,5e76941c89e0b1458418be1572048afd4522f751fee9c214f9b276e18a69b822,-87,,3,64,,3
09:36:01,26.0,3,e070ccf5b4f81914ed0174aa6ccf9ff2da49e4730d806cd7524e19997a3a51f1,-71,,3,64,12.0,3
09:36:02,26.0,3,e070ccf5b4f81914ed0174aa6ccf9ff2da49e4730d806cd7524e19997a3a51f1,-74,,3,64,12.0,3
09:36:03,,3,cf9a00ecd68a04d3405948607b6ddaf4162eeb7d6cf615458070a860e1cb3973,-86,,3,64,,3
09:36:04,26.0,3,8108373cc38ba7ff5deb47d6036ef7e8b37aeef35811c0a7a70b3ccd2045a824,-87,,3,64,12.0,3
09:36:05,26.0,3,e070ccf5b4f81914ed0174aa6ccf9ff2da49e4730d806cd7524e19997a3a51f1,-70,,3,64,12.0,3
09:36:05,,3,cf9a00ecd68a04d3405948607b6ddaf4162eeb7d6cf615458070a860e1cb3973,-84,,3,64,,3
09:36:06,,3,04a58dea38bdb4a0d12db06d27d3a656b71d7041d3586ffab49e8925936cbad7,-68,,3,64,,3
09:36:07,26.0,3,8426f1c9456932214e65ee6b51938096a72299d6ba2f048cbcb5091cb0a14998,-91,,3,64,12.0,3
09:36:08,26.0,3,5e76941c89e0b1458418be1572048afd4522f751fee9c214f9b276e18a69b822,-85,,3,64,,3
09:36:09,,3,cf9a00ecd68a04d3405948607b6ddaf4162eeb7d6cf615458070a860e1cb3973,-86,,3,64,,3
09:36:10,26.0,3,d276dc7dcf09b7f2cf1e6154cba8eb48efcec1879d8f75b2167ff70d6ebd7f22,-86,,3,64,5.0,3
09:36:10,,3,f3382da10b6240dcde16093d4cf980cf788088b78d00e14811cd0f5db529b9c2,-90,,3,64,,3
09:36:11,,3,cf9a00ecd68a04d3405948607b6ddaf4162eeb7d6cf615458070a860e1cb3973,-84,,3,64,,3
09:36:12,,3,cf9a00ecd68a04d3405948607b6ddaf4162eeb7d6cf615458070a860e1cb3973,-74,,3,64,,3
09:36:13,,3,f3382da10b6240dcde16093d4cf980cf788088b78d00e14811cd0f5db529b9c2,-90,,3,64,,3
09:36:14,,3,cf9a00ecd68a04d3405948607b6ddaf4162eeb7d6cf615458070a860e1cb3973,-88,,3,64,,3
09:36:14,,3,f3382da10b6240dcde16093d4cf980cf788088b78d00e14811cd0f5db529b9c2,-90,,3,64,,3
09:36:15,26.0,3,5e76941c89e0b1458418be1572048afd4522f751fee9c214f9b276e18a69b822,-100,,3,64,,3
09:36:16,26.0,3,5e76941c89e0b1458418be1572048afd4522f751fee9c214f9b276e18a69b822,-98,,3,64,,3
09:36:17,,3,cf9a00ecd68a04d3405948607b6ddaf4162eeb7d6cf615458070a860e1cb3973,-85,,3,64,,3
09:36:18,26.0,3,8426f1c9456932214e65ee6b51938096a72299d6ba2f048cbcb5091cb0a14998,-85,,3,64,12.0,3
09:36:18,,3,dcb984d7ebdae98ac699d414c329225b6219d62b5b2268ea554de1486e9baff0,-91,,3,64,,3
09:36:19,26.0,3,d276dc7dcf09b7f2cf1e6154cba8eb48efcec1879d8f75b2167ff70d6ebd7f22,-89,,3,64,5.0,3
09:36:20,26.0,3,5e76941c89e0b1458418be1572048afd4522f751fee9c214f9b276e18a69b822,-86,,3,64,,3
09:36:21,,3,dcb984d7ebdae98ac699d414c329225b6219d62b5b2268ea554de1486e9baff0,-86,,3,64,,3
09:36:22,,3,dcb984d7ebdae98ac699d414c329225b6219d62b5b2268ea554de1486e9baff0,-89,,3,64,,3
09:36:22,,3,f3382da10b6240dcde16093d4cf980cf788088b78d00e14811cd0f5db529b9c2,-89,,3,64,,3
09:36:23,,3,cf9a00ecd68a04d3405948607b6ddaf4162eeb7d6cf615458070a860e1cb3973,-91,,3,64,,3
09:36:24,26.0,3,8108373cc38ba7ff5deb47d6036ef7e8b37aeef35811c0a7a70b3ccd2045a824,-87,,3,64,12.0,3
09:36:25,,3,f3382da10b6240dcde16093d4cf980cf788088b78d00e14811cd0f5db529b9c2,-88,,3,64,,3
09:36:26,26.0,3,8426f1c9456932214e65ee6b51938096a72299d6ba2f048cbcb5091cb0a14998,-86,,3,64,12.0,3
09:36:27,,3,cf9a00ecd68a04d3405948607b6ddaf4162eeb7d6cf615458070a860e1cb3973,-92,,3,64,,3
09:36:27,,3,54c8a704e42e977c66f9caa2b2348df79198900a20b9a7b465b02211d2b9c864,-89,,3,64,,3
09:36:28,,3,dcb984d7ebdae98ac699d414c329225b6219d62b5b2268ea554de1486e9baff0,-96,,3,64,,3
09:36:29,,3,cf9a00ecd68a04d3405948607b6ddaf4162eeb7d6cf615458070a860e1cb3973,-86,,3,64,,3
09:36:30,26.0,3,5e76941c89e0b1458418be1572048afd4522f751fee9c214f9b276e18a69b822,-85,,3,64,,3
09:36:31,,3,ab2c59ffd7d34cab3a1eb14c610323f5cade20cbf37e632fb72d4c0430d0e997,-84,,3,64,,3
09:36:31,,3,dcb984d7ebdae98ac699d414c329225b6219d62b5b2268ea554de1486e9baff0,-92,,3,64,,3
09:36:32,,3,cf9a00ecd68a04d3405948607b6ddaf4162eeb7d6cf615458070a860e1cb3973,-73,,3,64,,3
09:36:33,,3,cf9a00ecd68a04d3405948607b6ddaf4162eeb7d6cf615458070a860e1cb3973,-81,,3,64,,3
09:36:34,,3,cf9a00ecd68a04d3405948607b6ddaf4162eeb7d6cf615458070a860e1cb3973,-73,,3,64,,3
09:36:35,,3,4863fed87fd246e5da49b73d46db75301c436443fd23392d66d7742f8610e709,-88,,3,64,,3
09:36:35,,3,4863fed87fd246e5da49b73d46db75301c436443fd23392d66d7742f8610e709,-84,,3,64,,3
09:36:36,,3,04a58dea38bdb4a0d12db06d27d3a656b71d7041d3586ffab49e8925936cbad7,-66,,3,64,,3
09:36:37,,3,f3382da10b6240dcde16093d4cf980cf788088b78d00e14811cd0f5db529b9c2,-91,,3,64,,3
09:36:38,,3,dcb984d7ebdae98ac699d414c329225b6219d62b5b2268ea554de1486e9baff0,-88,,3,64,,3
09:36:39,,3,4863fed87fd246e5da49b73d46db75301c436443fd23392d66d7742f8610e709,-83,,3,64,,3
09:36:40,,3,cf9a00ecd68a04d3405948607b6ddaf4162eeb7d6cf615458070a860e1cb3973,-74,,3,64,,3
09:36:40,,3,4863fed87fd246e5da49b73d46db75301c436443fd23392d66d7742f8610e709,-88,,3,64,,3
09:36:41,26.0,3,5e76941c89e0b1458418be1572048afd4522f751fee9c214f9b276e18a69b822,-88,,3,64,,3
09:36:42,,3,cf9a00ecd68a04d3405948607b6ddaf4162eeb7d6cf615458070a860e1cb3973,-80,,3,64,,3
09:36:43,26.0,3,8426f1c9456932214e65ee6b51938096a72299d6ba2f048cbcb5091cb0a14998,-86,,3,64,12.0,3
09:36:44,,3,cf9a00ecd68a04d3405948607b6ddaf4162eeb7d6cf615458070a860e1cb3973,-75,,3,64,,3
09:36:44,,3,f3382da10b6240dcde16093d4cf980cf788088b78d00e14811cd0f5db529b9c2,-94,,3,64,,3
09:36:45,,3,04a58dea38bdb4a0d12db06d27d3a656b71d7041d3586ffab49e8925936cbad7,-65,,3,64,,3
09:36:46,26.0,3,ccfa0b1e85545c5260c76c8e2ad5a636b48e3126f7d05215573f0eabe8f19f1d,-83,,3,64,8.0,3
09:36:47,26.0,3,5e76941c89e0b1458418be1572048afd4522f751fee9c214f9b276e18a69b822,-83,,3,64,,3
09:36:48,,3,4863fed87fd246e5da49b73d46db75301c436443fd23392d66d7742f8610e709,-88,,3,64,,3
09:36:48,26.0,3,e070ccf5b4f81914ed0174aa6ccf9ff2da49e4730d806cd7524e19997a3a51f1,-63,,3,64,12.0,3
09:36:49,,3,f3382da10b6240dcde16093d4cf980cf788088b78d00e14811cd0f5db529b9c2,-89,,3,64,,3
09:36:50,,3,4863fed87fd246e5da49b73d46db75301c436443fd23392d66d7742f8610e709,-93,,3,64,,3
09:36:51,26.0,3,5e76941c89e0b1458418be1572048afd4522f751fee9c214f9b276e18a69b822,-80,,3,64,,3
09:36:52,,3,dcb984d7ebdae98ac699d414c329225b6219d62b5b2268ea554de1486e9baff0,-85,,3,64,,3
09:36:53,,3,dcb984d7ebdae98ac699d414c329225b6219d62b5b2268ea554de1486e9baff0,-81,,3,64,,3
09:36:53,26.0,3,e070ccf5b4f81914ed0174aa6ccf9ff2da49e4730d806cd7524e19997a3a51f1,-65,,3,64,12.0,3
09:36:54,,3,dcb984d7ebdae98ac699d414c329225b6219d62b5b2268ea554de1486e9baff0,-81,,3,64,,3
09:36:55,,3,cf9a00ecd68a04d3405948607b6ddaf4162eeb7d6cf615458070a860e1cb3973,-88,,3,64,,3
09:36:56,,3,cf9a00ecd68a04d3405948607b6ddaf4162eeb7d6cf615458070a860e1cb3973,-79,,3,64,,3
09:36:57,26.0,3,5e76941c89e0b1458418be1572048afd4522f751fee9c214f9b276e18a69b822,-84,,3,64,,3
09:36:57,26.0,3,e070ccf5b4f81914ed0174aa6ccf9ff2da49e4730d806cd7524e19997a3a51f1,-67,,3,64,12.0,3
09:36:58,26.0,3,e070ccf5b4f81914ed0174aa6ccf9ff2da49e4730d806cd7524e19997a3a51f1,-69,,3,64,12.0,3
09:36:59,26.0,3,8108373cc38ba7ff5deb47d6036ef7e8b37aeef35811c0a7a70b3ccd2045a824,-93,,3,64,12.0,3
09:37:00,,3,cf9a00ecd68a04d3405948607b6ddaf4162eeb7d6cf615458070a860e1cb3973,-83,,3,64,,3
09:37:01,,3,cf9a00ecd68a04d3405948607b6ddaf4162eeb7d6cf615458070a860e1cb3973,-78,,3,64,,3
09:37:01,,3,f3382da10b6240dcde16093d4cf980cf788088b78d00e14811cd0f5db529b9c2,-95,,3,64,,3
09:37:02,26.0,3,8426f1c9456932214e65ee6b51938096a72299d6ba2f048cbcb5091cb0a14998,-80,,3,64,12.0,3
09:37:03,,3,4863fed87fd246e5da49b73d46db75301c436443fd23392d66d7742f8610e709,-79,,3,64,,3
09:37:04,,3,4863fed87fd246e5da49b73d46db75301c436443fd23392d66d7742f8610e709,-87,,3,64,,3
09:37:05,,3,ab2c59ffd7d34cab3a1eb14c610323f5cade20cbf37e632fb72d4c0430d0e997,-92,,3,64,,3
09:37:05,26.0,3,ccfa0b1e85545c5260c76c8e2ad5a636b48e3126f7d05215573f0eabe8f19f1d,-90,,3,64,8.0,3
09:37:06,26.0,3,d276dc7dcf09b7f2cf1e6154cba8eb48efcec1879d8f75b2167ff70d6ebd7f22,-90,,3,64,5.0,3
09:37:07,,3,dcb984d7ebdae98ac699d414c329225b6219d62b5b2268ea554de1486e9baff0,-84,,3,64,,3
09:37:08,,3,cf9a00ecd68a04d3405948607b6ddaf4162eeb7d6cf615458070a860e1cb3973,-85,,3,64,,3
09:37:09,26.0,3,5e76941c89e0b1458418be1572048afd4522f751fee9c214f9b276e18a69b822,-79,,3,64,,3
09:37:09,,3,cf9a00ecd68a04d3405948607b6ddaf4162eeb7d6cf615458070a860e1cb3973,-78,,3,64,,3
09:37:10,,3,dcb984d7ebdae98ac699d414c329225b6219d62b5b2268ea554de1486e9baff0,-78,,3,64,,3
09:37:11,,3,4863fed87fd246e5da49b73d46db75301c436443fd23392d66d7742f8610e709,-89,,3,64,,3
09:37:12,26.0,3,8108373cc38ba7ff5deb47d6036ef7e8b37aeef35811c0a7a70b3ccd2045a824,-81,,3,64,12.0,3
09:37:13,,3,dcb984d7ebdae98ac699d414c329225b6219d62b5b2268ea554de1486e9baff0,-83,,3,64,,3
09:37:14,,3,cf9a00ecd68a04d3405948607b6ddaf4162eeb7d6cf615458070a860e1cb3973,-77,,3,64,,3
09:37:14,,3,4863fed87fd246e5da49b73d46db75301c436443fd23392d66d7742f8610e709,-77,,3,64,,3
09:37:15,,3,cf9a00ecd68a04d3405948607b6ddaf4162eeb7d6cf615458070a860e1cb3973,-77,,3,64,,3
09:37:16,26.0,3,8426f1c9456932214e65ee6b51938096a72299d6ba2f048cbcb5091cb0a14998,-86,,3,64,12.0,3
09:37:17,26.0,3,ccfa0b1e85545c5260c76c8e2ad5a636b48e3126f7d05215573f0eabe8f19f1d,-82,,3,64,8.0,3
09:37:18,,3,4863fed87fd246e5da49b73d46db75301c436443fd23392d66d7742f8610e709,-77,,3,64,,3
09:37:18,,3,4863fed87fd246e5da49b73d46db75301c436443fd23392d66d7742f8610e709,-90,,3,64,,3
09:37:19,26.0,3,d276dc7dcf09b7f2cf1e6154cba8eb48efcec1879d8f75b2167ff70d6ebd7f22,-84,,3,64,5.0,3
09:37:20,26.0,3,5e76941c89e0b1458418be1572048afd4522f751fee9c214f9b276e18a69b822,-83,,3,64,,3
09:37:21,26.0,3,5e76941c89e0b1458418be1572048afd4522f751fee9c214f9b276e18a69b822,-81,,3,64,,3
09:37:22,,3,cf9a00ecd68a04d3405948607b6ddaf4162eeb7d6cf615458070a860e1cb3973,-74,,3,64,,3
09:37:22,,3,cf9a00ecd68a04d3405948607b6ddaf4162eeb7d6cf615458070a860e1cb3973,-73,,3,64,,3
09:37:23,,3,dcb984d7ebdae98ac699d414c329225b6219d62b5b2268ea554de1486e9baff0,-93,,3,64,,3
09:37:24,26.0,3,8108373cc38ba7ff5deb47d6036ef7e8b37aeef35811c0a7a70b3ccd2045a824,-84,,3,64,12.0,3
09:37:25,,3,f3382da10b6240dcde16093d4cf980cf788088b78d00e14811cd0f5db529b9c2,-88,,3,64,,3
09:37:26,26.0,3,5e76941c89e0b1458418be1572048afd4522f751fee9c214f9b276e18a69b822,-81,,3,64,,3
09:37:27,,3,f3382da10b6240dcde16093d4cf980cf788088b78d00e14811cd0f5db529b9c2,-91,,3,64,,3
09:37:27,26.0,3,8426f1c9456932214e65ee6b51938096a72299d6ba2f048cbcb5091cb0a14998,-84,,3,64,,3
09:37:28,,3,cf9a00ecd68a04d3405948607b6ddaf4162eeb7d6cf615458070a860e1cb3973,-72,,3,64,,3
09:37:29,,3,cf9a00ecd68a04d3405948607b6ddaf4162eeb7d6cf615458070a860e1cb3973,-75,,3,64,,3
09:37:30,26.0,3,5e76941c89e0b1458418be1572048afd4522f751fee9c214f9b276e18a69b822,-82,,3,64,,3
09:37:31,,3,dcb984d7ebdae98ac699d414c329225b6219d62b5b2268ea554de1486e9baff0,-93,,3,64,,3
09:37:31,,3,f3382da10b6240dcde16093d4cf980cf788088b78d00e14811cd0f5db529b9c2,-90,,3,64,,3
09:37:32,,3,cf9a00ecd68a04d3405948607b6ddaf4162eeb7d6cf615458070a860e1cb3973,-76,,3,64,,3
09:37:33,26.0,3,d276dc7dcf09b7f2cf1e6154cba8eb48efcec1879d8f75b2167ff70d6ebd7f22,-93,,3,64,5.0,3
09:37:34,,3,dcb984d7ebdae98ac699d414c329225b6219d62b5b2268ea554de1486e9baff0,-92,,3,64,,3
09:37:35,26.0,3,8426f1c9456932214e65ee6b51938096a72299d6ba2f048cbcb5091cb0a14998,-79,,3,64,12.0,3
09:37:35,,3,dcb984d7ebdae98ac699d414c329225b6219d62b5b2268ea554de1486e9baff0,-92,,3,64,,3
09:37:36,,3,cf9a00ecd68a04d3405948607b6ddaf4162eeb7d6cf615458070a860e1cb3973,-75,,3,64,,3
09:37:37,,3,dcb984d7ebdae98ac699d414c329225b6219d62b5b2268ea554de1486e9baff0,-80,,3,64,,3
09:37:38,,3,cf9a00ecd68a04d3405948607b6ddaf4162eeb7d6cf615458070a860e1cb3973,-75,,3,64,,3
09:37:39,,3,f3382da10b6240dcde16093d4cf980cf788088b78d00e14811cd0f5db529b9c2,-90,,3,64,,3
09:37:39,,3,4863fed87fd246e5da49b73d46db75301c436443fd23392d66d7742f8610e709,-90,,3,64,,3
09:37:40,,3,dcb984d7ebdae98ac699d414c329225b6219d62b5b2268ea554de1486e9baff0,-89,,3,64,,3
09:37:41,,3,4863fed87fd246e5da49b73d46db75301c436443fd23392d66d7742f8610e709,-90,,3,64,,3
09:37:42,26.0,3,ccfa0b1e85545c5260c76c8e2ad5a636b48e3126f7d05215573f0eabe8f19f1d,-80,,3,64,8.0,3
09:37:43,,3,f3382da10b6240dcde16093d4cf980cf788088b78d00e14811cd0f5db529b9c2,-90,,3,64,,3
09:37:44,,3,dcb984d7ebdae98ac699d414c329225b6219d62b5b2268ea554de1486e9baff0,-88,,3,64,,3
09:37:44,,3,cf9a00ecd68a04d3405948607b6ddaf4162eeb7d6cf615458070a860e1cb3973,-75,,3,64,,3
09:37:45,,3,4863fed87fd246e5da49b73d46db75301c436443fd23392d66d7742f8610e709,-93,,3,64,,3
09:37:46,,3,cf9a00ecd68a04d3405948607b6ddaf4162eeb7d6cf615458070a860e1cb3973,-75,,3,64,,3
09:37:47,,3,cf9a00ecd68a04d3405948607b6ddaf4162eeb7d6cf615458070a860e1cb3973,-74,,3,64,,3
09:37:48,,3,dcb984d7ebdae98ac699d414c329225b6219d62b5b2268ea554de1486e9baff0,-84,,3,64,,3
09:37:48,,3,4863fed87fd246e5da49b73d46db75301c436443fd23392d66d7742f8610e709,-91,,3,64,,3
09:37:49,,3,4863fed87fd246e5da49b73d46db75301c436443fd23392d66d7742f8610e709,-77,,3,64,,3
09:37:50,26.0,3,2d93c64e33c12cb0bf39e3df07c99bf456b90e53827958ec5129d1df11052f43,-89,,3,64,7.0,3
09:37:51,,3,f3382da10b6240dcde16093d4cf980cf788088b78d00e14811cd0f5db529b9c2,-92,,3,64,,3
09:37:52,6.0,3,d1de0ddb51e6fdcb1eeb0a80d815c6b9a0c610ff82e78b630f80a717ef6f14a5,-90,Cb40,3,64,,3
09:37:52,26.0,3,5e76941c89e0b1458418be1572048afd4522f751fee9c214f9b276e18a69b822,-95,,3,64,,3
09:37:53,,3,cf9a00ecd68a04d3405948607b6ddaf4162eeb7d6cf615458070a860e1cb3973,-73,,3,64,,3
09:37:54,,3,cf9a00ecd68a04d3405948607b6ddaf4162eeb7d6cf615458070a860e1cb3973,-73,,3,64,,3
09:37:55,,3,4863fed87fd246e5da49b73d46db75301c436443fd23392d66d7742f8610e709,-88,,3,64,,3
09:37:56,,3,04a58dea38bdb4a0d12db06d27d3a656b71d7041d3586ffab49e8925936cbad7,-67,,3,64,,3
09:37:56,,3,4863fed87fd246e5da49b73d46db75301c436443fd23392d66d7742f8610e709,-88,,3,64,,3
09:37:57,26.0,3,5e76941c89e0b1458418be1572048afd4522f751fee9c214f9b276e18a69b822,-93,,3,64,,3
09:37:58,,3,dcb984d7ebdae98ac699d414c329225b6219d62b5b2268ea554de1486e9baff0,-91,,3,64,,3
09:37:59,,3,dcb984d7ebdae98ac699d414c329225b6219d62b5b2268ea554de1486e9baff0,-92,,3,64,,3
09:38:00,,3,f3382da10b6240dcde16093d4cf980cf788088b78d00e14811cd0f5db529b9c2,-88,,3,64,,3
09:38:01,,3,cf9a00ecd68a04d3405948607b6ddaf4162eeb7d6cf615458070a860e1cb3973,-78,,3,64,,3
09:38:01,26.0,3,8426f1c9456932214e65ee6b51938096a72299d6ba2f048cbcb5091cb0a14998,-88,,3,64,,3
09:38:02,,3,4863fed87fd246e5da49b73d46db75301c436443fd23392d66d7742f8610e709,-77,,3,64,,3
09:38:03,,3,dcb984d7ebdae98ac699d414c329225b6219d62b5b2268ea554de1486e9baff0,-91,,3,64,,3
09:38:04,26.0,3,5e76941c89e0b1458418be1572048afd4522f751fee9c214f9b276e18a69b822,-84,,3,64,,3
09:38:05,,3,4863fed87fd246e5da49b73d46db75301c436443fd23392d66d7742f8610e709,-90,,3,64,,3
09:38:05,26.0,3,5e76941c89e0b1458418be1572048afd4522f751fee9c214f9b276e18a69b822,-83,,3,64,,3
09:38:06,26.0,3,5e76941c89e0b1458418be1572048afd4522f751fee9c214f9b276e18a69b822,-86,,3,64,,3
09:38:07,,3,9219b6cdfb7bbb3d54362d7c4bd7f765d4c791298d84701986eac1d63f70a6bc,-88,,3,64,,3
09:38:08,,3,cf9a00ecd68a04d3405948607b6ddaf4162eeb7d6cf615458070a860e1cb3973,-81,,3,64,,3
09:38:09,26.0,3,8426f1c9456932214e65ee6b51938096a72299d6ba2f048cbcb5091cb0a14998,-90,,3,64,,3
09:38:09,,3,4863fed87fd246e5da49b73d46db75301c436443fd23392d66d7742f8610e709,-83,,3,64,,3
09:38:10,26.0,3,cf12a7528d7d1bf6ae0cb5cf8343295badb0017f2101947dfb8b15dd4a53a102,-77,,3,64,,3
09:38:11,26.0,3,8426f1c9456932214e65ee6b51938096a72299d6ba2f048cbcb5091cb0a14998,-88,,3,64,,3
09:38:12,6.0,3,d1de0ddb51e6fdcb1eeb0a80d815c6b9a0c610ff82e78b630f80a717ef6f14a5,-88,Cb40,3,64,,3
09:38:13,26.0,3,8426f1c9456932214e65ee6b51938096a72299d6ba2f048cbcb5091cb0a14998,-76,,3,64,,3
09:38:13,26.0,3,8426f1c9456932214e65ee6b51938096a72299d6ba2f048cbcb5091cb0a14998,-78,,3,64,,3
09:38:14,26.0,3,5e76941c89e0b1458418be1572048afd4522f751fee9c214f9b276e18a69b822,-82,,3,64,,3
09:38:15,,3,cf9a00ecd68a04d3405948607b6ddaf4162eeb7d6cf615458070a860e1cb3973,-75,,3,64,,3
09:38:16,,3,cf9a00ecd68a04d3405948607b6ddaf4162eeb7d6cf615458070a860e1cb3973,-80,,3,64,,3
09:38:17,26.0,3,cf12a7528d7d1bf6ae0cb5cf8343295badb0017f2101947dfb8b15dd4a53a102,-79,,3,64,,3
09:38:18,,3,4863fed87fd246e5da49b73d46db75301c436443fd23392d66d7742f8610e709,-87,,3,64,,3
09:38:18,,3,9219b6cdfb7bbb3d54362d7c4bd7f765d4c791298d84701986eac1d63f70a6bc,-91,,3,64,,3
09:38:19,,3,71e703d1295888fadfe5fb1dc4ffa41655145c706715772547449caaecc62d82,-87,,3,64,,3
09:38:20,26.0,3,8426f1c9456932214e65ee6b51938096a72299d6ba2f048cbcb5091cb0a14998,-79,,3,64,,3
09:38:21,26.0,3,8426f1c9456932214e65ee6b51938096a72299d6ba2f048cbcb5091cb0a14998,-85,,3,64,,3
09:38:22,,3,cf9a00ecd68a04d3405948607b6ddaf4162eeb7d6cf615458070a860e1cb3973,-80,,3,64,,3
09:38:22,,3,04a58dea38bdb4a0d12db06d27d3a656b71d7041d3586ffab49e8925936cbad7,-75,,3,64,,3
09:38:23,26.0,3,cf12a7528d7d1bf6ae0cb5cf8343295badb0017f2101947dfb8b15dd4a53a102,-80,,3,64,,3
09:38:24,26.0,3,8426f1c9456932214e65ee6b51938096a72299d6ba2f048cbcb5091cb0a14998,-88,,3,64,,3
09:38:25,,3,cf9a00ecd68a04d3405948607b6ddaf4162eeb7d6cf615458070a860e1cb3973,-76,,3,64,,3
09:38:26,,3,9219b6cdfb7bbb3d54362d7c4bd7f765d4c791298d84701986eac1d63f70a6bc,-79,,3,64,,3
09:38:26,26.0,3,8426f1c9456932214e65ee6b51938096a72299d6ba2f048cbcb5091cb0a14998,-89,,3,64,,3
09:38:27,,3,cf9a00ecd68a04d3405948607b6ddaf4162eeb7d6cf615458070a860e1cb3973,-75,,3,64,,3
09:38:28,26.0,3,cf12a7528d7d1bf6ae0cb5cf8343295badb0017f2101947dfb8b15dd4a53a102,-72,,3,64,,3
09:38:29,,3,71e703d1295888fadfe5fb1dc4ffa41655145c706715772547449caaecc62d82,-89,,3,64,,3
09:38:30,,3,54c8a704e42e977c66f9caa2b2348df79198900a20b9a7b465b02211d2b9c864,-98,,3,64,,3
09:38:30,26.0,3,cf12a7528d7d1bf6ae0cb5cf8343295badb0017f2101947dfb8b15dd4a53a102,-71,,3,64,,3
09:38:31,26.0,3,45f1aaf033314d0e611aba7083b2efc9091323720d666e183b95acfe50c11e11,-77,,3,64,2.0,3
09:38:32,26.0,3,45f1aaf033314d0e611aba7083b2efc9091323720d666e183b95acfe50c11e11,-72,,3,64,2.0,3
09:38:33,,3,4863fed87fd246e5da49b73d46db75301c436443fd23392d66d7742f8610e709,-82,,3,64,,3
09:38:34,6.0,3,9c361e4be634e32d9b487b556760e512627fd5adc685787264f8d6b12abc8dea,-90,Cb40,3,64,,3
09:38:35,26.0,3,cf12a7528d7d1bf6ae0cb5cf8343295badb0017f2101947dfb8b15dd4a53a102,-76,,3,64,,3
09:38:35,26.0,3,cf12a7528d7d1bf6ae0cb5cf8343295badb0017f2101947dfb8b15dd4a53a102,-76,,3,64,,3
09:38:36,26.0,3,5e76941c89e0b1458418be1572048afd4522f751fee9c214f9b276e18a69b822,-87,,3,64,,3
09:38:37,26.0,3,8426f1c9456932214e65ee6b51938096a72299d6ba2f048cbcb5091cb0a14998,-87,,3,64,12.0,3
09:38:38,26.0,3,cf12a7528d7d1bf6ae0cb5cf8343295badb0017f2101947dfb8b15dd4a53a102,-74,,3,64,,3
09:38:39,,3,9219b6cdfb7bbb3d54362d7c4bd7f765d4c791298d84701986eac1d63f70a6bc,-86,,3,64,,3
09:38:39,,3,620915785a92dfa2f2f7a8ce566ef2af6c0a3182cf7c6e8b5d5c97d7d9cc250a,-75,,3,64,,3
09:38:40,26.0,3,ccfa0b1e85545c5260c76c8e2ad5a636b48e3126f7d05215573f0eabe8f19f1d,-83,,3,64,8.0,3
09:38:41,,3,620915785a92dfa2f2f7a8ce566ef2af6c0a3182cf7c6e8b5d5c97d7d9cc250a,-76,,3,64,,3
09:38:42,,3,71e703d1295888fadfe5fb1dc4ffa41655145c706715772547449caaecc62d82,-89,,3,64,,3
09:38:43,,3,9219b6cdfb7bbb3d54362d7c4bd7f765d4c791298d84701986eac1d63f70a6bc,-86,,3,64,,3
09:38:43,26.0,3,8426f1c9456932214e65ee6b51938096a72299d6ba2f048cbcb5091cb0a14998,-85,,3,64,,3
09:38:44,26.0,3,8426f1c9456932214e65ee6b51938096a72299d6ba2f048cbcb5091cb0a14998,-85,,3,64,,3
09:38:45,,3,4863fed87fd246e5da49b73d46db75301c436443fd23392d66d7742f8610e709,-81,,3,64,,3
09:38:46,,3,71e703d1295888fadfe5fb1dc4ffa41655145c706715772547449caaecc62d82,-89,,3,64,,3
09:38:47,26.0,3,2ddffdcddb4a126063110a07448180d2189d4049e564c4f67cce05d843715040,-76,,3,64,2.0,3
09:38:48,26.0,3,2ddffdcddb4a126063110a07448180d2189d4049e564c4f67cce05d843715040,-72,,3,64,2.0,3
09:38:48,26.0,3,45f1aaf033314d0e611aba7083b2efc9091323720d666e183b95acfe50c11e11,-72,,3,64,2.0,3
09:38:49,26.0,3,cf12a7528d7d1bf6ae0cb5cf8343295badb0017f2101947dfb8b15dd4a53a102,-75,,3,64,,3
09:38:50,26.0,3,2d93c64e33c12cb0bf39e3df07c99bf456b90e53827958ec5129d1df11052f43,-90,,3,64,7.0,3
09:38:51,,3,4863fed87fd246e5da49b73d46db75301c436443fd23392d66d7742f8610e709,-87,,3,64,,3
09:38:52,,3,620915785a92dfa2f2f7a8ce566ef2af6c0a3182cf7c6e8b5d5c97d7d9cc250a,-76,,3,64,,3
09:38:52,,3,9219b6cdfb7bbb3d54362d7c4bd7f765d4c791298d84701986eac1d63f70a6bc,-87,,3,64,,3
09:38:53,,3,9219b6cdfb7bbb3d54362d7c4bd7f765d4c791298d84701986eac1d63f70a6bc,-81,,3,64,,3
09:38:54,,3,620915785a92dfa2f2f7a8ce566ef2af6c0a3182cf7c6e8b5d5c97d7d9cc250a,-74,,3,64,,3
09:38:55,,3,620915785a92dfa2f2f7a8ce566ef2af6c0a3182cf7c6e8b5d5c97d7d9cc250a,-75,,3,64,,3
09:38:56,,3,4863fed87fd246e5da49b73d46db75301c436443fd23392d66d7742f8610e709,-88,,3,64,,3
09:38:56,26.0,3,ccfa0b1e85545c5260c76c8e2ad5a636b48e3126f7d05215573f0eabe8f19f1d,-84,,3,64,8.0,3
09:38:57,,3,620915785a92dfa2f2f7a8ce566ef2af6c0a3182cf7c6e8b5d5c97d7d9cc250a,-74,,3,64,,3
09:38:58,,3,4863fed87fd246e5da49b73d46db75301c436443fd23392d66d7742f8610e709,-86,,3,64,,3
09:38:59,,3,9219b6cdfb7bbb3d54362d7c4bd7f765d4c791298d84701986eac1d63f70a6bc,-89,,3,64,,3
09:39:00,,3,9219b6cdfb7bbb3d54362d7c4bd7f765d4c791298d84701986eac1d63f70a6bc,-79,,3,64,,3
09:39:00,,3,620915785a92dfa2f2f7a8ce566ef2af6c0a3182cf7c6e8b5d5c97d7d9cc250a,-75,,3,64,,3
09:39:01,,3,4863fed87fd246e5da49b73d46db75301c436443fd23392d66d7742f8610e709,-84,,3,64,,3
09:39:02,,3,9219b6cdfb7bbb3d54362d7c4bd7f765d4c791298d84701986eac1d63f70a6bc,-79,,3,64,,3
09:39:03,,3,4863fed87fd246e5da49b73d46db75301c436443fd23392d66d7742f8610e709,-75,,3,64,,3
09:39:04,26.0,3,8108373cc38ba7ff5deb47d6036ef7e8b37aeef35811c0a7a70b3ccd2045a824,-83,,3,64,12.0,3
09:39:05,,3,4863fed87fd246e5da49b73d46db75301c436443fd23392d66d7742f8610e709,-75,,3,64,,3
09:39:05,26.0,3,2d93c64e33c12cb0bf39e3df07c99bf456b90e53827958ec5129d1df11052f43,-90,,3,64,7.0,3
09:39:06,,3,620915785a92dfa2f2f7a8ce566ef2af6c0a3182cf7c6e8b5d5c97d7d9cc250a,-76,,3,64,,3
09:39:07,,3,4863fed87fd246e5da49b73d46db75301c436443fd23392d66d7742f8610e709,-75,,3,64,,3
09:39:08,,3,620915785a92dfa2f2f7a8ce566ef2af6c0a3182cf7c6e8b5d5c97d7d9cc250a,-74,,3,64,,3
09:39:09,,3,9219b6cdfb7bbb3d54362d7c4bd7f765d4c791298d84701986eac1d63f70a6bc,-86,,3,64,,3
09:39:09,,3,9219b6cdfb7bbb3d54362d7c4bd7f765d4c791298d84701986eac1d63f70a6bc,-81,,3,64,,3
09:39:10,,3,620915785a92dfa2f2f7a8ce566ef2af6c0a3182cf7c6e8b5d5c97d7d9cc250a,-79,,3,64,,3
09:39:11,,3,620915785a92dfa2f2f7a8ce566ef2af6c0a3182cf7c6e8b5d5c97d7d9cc250a,-78,,3,64,,3
09:39:12,26.0,3,5e76941c89e0b1458418be1572048afd4522f751fee9c214f9b276e18a69b822,-94,,3,64,,3
09:39:13,,3,9219b6cdfb7bbb3d54362d7c4bd7f765d4c791298d84701986eac1d63f70a6bc,-89,,3,64,,3
09:39:13,,3,620915785a92dfa2f2f7a8ce566ef2af6c0a3182cf7c6e8b5d5c97d7d9cc250a,-90,,3,64,,3
09:39:14,,3,9219b6cdfb7bbb3d54362d7c4bd7f765d4c791298d84701986eac1d63f70a6bc,-86,,3,64,,3
09:39:15,26.0,3,e070ccf5b4f81914ed0174aa6ccf9ff2da49e4730d806cd7524e19997a3a51f1,-58,,3,64,12.0,3
09:39:16,26.0,3,5e76941c89e0b1458418be1572048afd4522f751fee9c214f9b276e18a69b822,-91,,3,64,,3
09:39:17,,3,4863fed87fd246e5da49b73d46db75301c436443fd23392d66d7742f8610e709,-81,,3,64,,3
09:39:18,,3,9219b6cdfb7bbb3d54362d7c4bd7f765d4c791298d84701986eac1d63f70a6bc,-92,,3,64,,3
09:39:18,26.0,3,8426f1c9456932214e65ee6b51938096a72299d6ba2f048cbcb5091cb0a14998,-86,,3,64,,3
09:39:19,,3,620915785a92dfa2f2f7a8ce566ef2af6c0a3182cf7c6e8b5d5c97d7d9cc250a,-71,,3,64,,3
09:39:20,,3,9219b6cdfb7bbb3d54362d7c4bd7f765d4c791298d84701986eac1d63f70a6bc,-82,,3,64,,3
09:39:21,26.0,3,8108373cc38ba7ff5deb47d6036ef7e8b37aeef35811c0a7a70b3ccd2045a824,-84,,3,64,12.0,3
09:39:22,26.0,3,e070ccf5b4f81914ed0174aa6ccf9ff2da49e4730d806cd7524e19997a3a51f1,-56,,3,64,12.0,3
09:39:22,,3,71e703d1295888fadfe5fb1dc4ffa41655145c706715772547449caaecc62d82,-86,,3,64,,3
09:39:23,26.0,3,d276dc7dcf09b7f2cf1e6154cba8eb48efcec1879d8f75b2167ff70d6ebd7f22,-91,,3,64,5.0,3
09:39:24,26.0,3,e070ccf5b4f81914ed0174aa6ccf9ff2da49e4730d806cd7524e19997a3a51f1,-56,,3,64,12.0,3
09:39:25,26.0,3,5e76941c89e0b1458418be1572048afd4522f751fee9c214f9b276e18a69b822,-93,,3,64,,3
09:39:26,26.0,3,e070ccf5b4f81914ed0174aa6ccf9ff2da49e4730d806cd7524e19997a3a51f1,-55,,3,64,12.0,3
09:39:26,,3,71e703d1295888fadfe5fb1dc4ffa41655145c706715772547449caaecc62d82,-86,,3,64,,3
09:39:27,,3,620915785a92dfa2f2f7a8ce566ef2af6c0a3182cf7c6e8b5d5c97d7d9cc250a,-80,,3,64,,3
09:39:28,,3,620915785a92dfa2f2f7a8ce566ef2af6c0a3182cf7c6e8b5d5c97d7d9cc250a,-80,,3,64,,3
09:39:29,,3,9219b6cdfb7bbb3d54362d7c4bd7f765d4c791298d84701986eac1d63f70a6bc,-93,,3,64,,3
09:39:30,26.0,3,5e76941c89e0b1458418be1572048afd4522f751fee9c214f9b276e18a69b822,-82,,3,64,,3
09:39:30,,3,620915785a92dfa2f2f7a8ce566ef2af6c0a3182cf7c6e8b5d5c97d7d9cc250a,-80,,3,64,,3
09:39:31,,3,7a45f24cbded61ea8a785f1e776dfdbbb016dbba2268c2dade1e499cc3720d92,-78,,3,64,,3
09:39:32,,3,9219b6cdfb7bbb3d54362d7c4bd7f765d4c791298d84701986eac1d63f70a6bc,-80,,3,64,,3
09:39:33,26.0,3,5e76941c89e0b1458418be1572048afd4522f751fee9c214f9b276e18a69b822,-92,,3,64,,3
09:39:34,,3,620915785a92dfa2f2f7a8ce566ef2af6c0a3182cf7c6e8b5d5c97d7d9cc250a,-73,,3,64,,3
09:39:34,,3,620915785a92dfa2f2f7a8ce566ef2af6c0a3182cf7c6e8b5d5c97d7d9cc250a,-78,,3,64,,3
09:39:35,26.0,3,8108373cc38ba7ff5deb47d6036ef7e8b37aeef35811c0a7a70b3ccd2045a824,-86,,3,64,12.0,3
09:39:36,,3,620915785a92dfa2f2f7a8ce566ef2af6c0a3182cf7c6e8b5d5c97d7d9cc250a,-71,,3,64,,3
09:39:37,,3,620915785a92dfa2f2f7a8ce566ef2af6c0a3182cf7c6e8b5d5c97d7d9cc250a,-79,,3,64,,3
09:39:38,,3,71e703d1295888fadfe5fb1dc4ffa41655145c706715772547449caaecc62d82,-86,,3,64,,3
09:39:39,,3,9219b6cdfb7bbb3d54362d7c4bd7f765d4c791298d84701986eac1d63f70a6bc,-79,,3,64,,3
09:39:39,,3,a6f223e087d65ec930396c98c882ed85b7bae9bd98b2aa3a3606bd22cb2bc3ce,-82,,3,64,,3
09:39:40,,3,620915785a92dfa2f2f7a8ce566ef2af6c0a3182cf7c6e8b5d5c97d7d9cc250a,-73,,3,64,,3
09:39:41,,3,620915785a92dfa2f2f7a8ce566ef2af6c0a3182cf7c6e8b5d5c97d7d9cc250a,-78,,3,64,,3
09:39:42,,3,620915785a92dfa2f2f7a8ce566ef2af6c0a3182cf7c6e8b5d5c97d7d9cc250a,-80,,3,64,,3
09:39:43,,3,a6f223e087d65ec930396c98c882ed85b7bae9bd98b2aa3a3606bd22cb2bc3ce,-83,,3,64,,3
09:39:43,,3,620915785a92dfa2f2f7a8ce566ef2af6c0a3182cf7c6e8b5d5c97d7d9cc250a,-79,,3,64,,3
09:39:44,26.0,3,c5a18bd62628e6d99f07946806a7ca6ba5c702e0b84a04c03b1b796bc64f6fc8,-55,,3,64,12.0,3
09:39:45,26.0,3,8426f1c9456932214e65ee6b51938096a72299d6ba2f048cbcb5091cb0a14998,-90,,3,64,,3
09:39:46,,3,620915785a92dfa2f2f7a8ce566ef2af6c0a3182cf7c6e8b5d5c97d7d9cc250a,-82,,3,64,,3
09:39:47,,3,a6f223e087d65ec930396c98c882ed85b7bae9bd98b2aa3a3606bd22cb2bc3ce,-85,,3,64,,3
09:39:47,26.0,3,c5a18bd62628e6d99f07946806a7ca6ba5c702e0b84a04c03b1b796bc64f6fc8,-53,,3,64,12.0,3
09:39:48,26.0,3,8426f1c9456932214e65ee6b51938096a72299d6ba2f048cbcb5091cb0a14998,-85,,3,64,,3
09:39:49,26.0,3,c5a18bd62628e6d99f07946806a7ca6ba5c702e0b84a04c03b1b796bc64f6fc8,-54,,3,64,12.0,3
09:39:50,,3,620915785a92dfa2f2f7a8ce566ef2af6c0a3182cf7c6e8b5d5c97d7d9cc250a,-75,,3,64,,3
09:39:51,,3,9219b6cdfb7bbb3d54362d7c4bd7f765d4c791298d84701986eac1d63f70a6bc,-79,,3,64,,3
09:39:52,26.0,3,8426f1c9456932214e65ee6b51938096a72299d6ba2f048cbcb5091cb0a14998,-92,,3,64,,3
09:39:52,26.0,3,8426f1c9456932214e65ee6b51938096a72299d6ba2f048cbcb5091cb0a14998,-85,,3,64,,3
09:39:53,26.0,3,ccfa0b1e85545c5260c76c8e2ad5a636b48e3126f7d05215573f0eabe8f19f1d,-93,,3,64,8.0,3
09:39:54,,3,620915785a92dfa2f2f7a8ce566ef2af6c0a3182cf7c6e8b5d5c97d7d9cc250a,-76,,3,64,,3
09:39:55,26.0,3,8108373cc38ba7ff5deb47d6036ef7e8b37aeef35811c0a7a70b3ccd2045a824,-85,,3,64,12.0,3
09:39:56,26.0,3,c5a18bd62628e6d99f07946806a7ca6ba5c702e0b84a04c03b1b796bc64f6fc8,-55,,3,64,12.0,3
09:39:56,26.0,3,ccfa0b1e85545c5260c76c8e2ad5a636b48e3126f7d05215573f0eabe8f19f1d,-93,,3,64,8.0,3
09:39:57,,3,a6f223e087d65ec930396c98c882ed85b7bae9bd98b2aa3a3606bd22cb2bc3ce,-82,,3,64,,3
09:39:58,,3,a6f223e087d65ec930396c98c882ed85b7bae9bd98b2aa3a3606bd22cb2bc3ce,-87,,3,64,,3
09:39:59,,3,620915785a92dfa2f2f7a8ce566ef2af6c0a3182cf7c6e8b5d5c97d7d9cc250a,-75,,3,64,,3
09:40:00,,3,620915785a92dfa2f2f7a8ce566ef2af6c0a3182cf7c6e8b5d5c97d7d9cc250a,-83,,3,64,,3
09:40:00,,3,9219b6cdfb7bbb3d54362d7c4bd7f765d4c791298d84701986eac1d63f70a6bc,-79,,3,64,,3
09:40:01,,3,620915785a92dfa2f2f7a8ce566ef2af6c0a3182cf7c6e8b5d5c97d7d9cc250a,-75,,3,64,,3
09:40:02,,3,71e703d1295888fadfe5fb1dc4ffa41655145c706715772547449caaecc62d82,-88,,3,64,,3
09:40:03,,3,a6f223e087d65ec930396c98c882ed85b7bae9bd98b2aa3a3606bd22cb2bc3ce,-81,,3,64,,3
09:40:04,,3,04a58dea38bdb4a0d12db06d27d3a656b71d7041d3586ffab49e8925936cbad7,-56,,3,64,,3
09:40:04,6.0,3,9c361e4be634e32d9b487b556760e512627fd5adc685787264f8d6b12abc8dea,-90,Cb40,3,64,,3
09:40:05,26.0,3,8108373cc38ba7ff5deb47d6036ef7e8b37aeef35811c0a7a70b3ccd2045a824,-84,,3,64,12.0,3
09:40:06,,3,620915785a92dfa2f2f7a8ce566ef2af6c0a3182cf7c6e8b5d5c97d7d9cc250a,-81,,3,64,,3
09:40:07,26.0,3,ccfa0b1e85545c5260c76c8e2ad5a636b48e3126f7d05215573f0eabe8f19f1d,-90,,3,64,8.0,3
09:40:08,26.0,3,8426f1c9456932214e65ee6b51938096a72299d6ba2f048cbcb5091cb0a14998,-86,,3,64,12.0,3
09:40:08,,3,a6f223e087d65ec930396c98c882ed85b7bae9bd98b2aa3a3606bd22cb2bc3ce,-87,,3,64,,3
09:40:09,26.0,3,8426f1c9456932214e65ee6b51938096a72299d6ba2f048cbcb5091cb0a14998,-88,,3,64,12.0,3
09:40:10,,3,620915785a92dfa2f2f7a8ce566ef2af6c0a3182cf7c6e8b5d5c97d7d9cc250a,-75,,3,64,,3
09:40:11,,3,a6f223e087d65ec930396c98c882ed85b7bae9bd98b2aa3a3606bd22cb2bc3ce,-89,,3,64,,3
09:40:12,26.0,3,5e76941c89e0b1458418be1572048afd4522f751fee9c214f9b276e18a69b822,-88,,3,64,,3
09:40:13,,3,9219b6cdfb7bbb3d54362d7c4bd7f765d4c791298d84701986eac1d63f70a6bc,-91,,3,64,,3
09:40:13,,3,9219b6cdfb7bbb3d54362d7c4bd7f765d4c791298d84701986eac1d63f70a6bc,-80,,3,64,,3
09:40:14,,3,620915785a92dfa2f2f7a8ce566ef2af6c0a3182cf7c6e8b5d5c97d7d9cc250a,-75,,3,64,,3
09:40:15,,3,620915785a92dfa2f2f7a8ce566ef2af6c0a3182cf7c6e8b5d5c97d7d9cc250a,-84,,3,64,,3
09:40:16,26.0,3,8e6a8d0d12cfa134ada71f16223679710532e544282d241b60ee63b3ee309d61,-88,,3,64,7.0,3
09:40:17,,3,04a58dea38bdb4a0d12db06d27d3a656b71d7041d3586ffab49e8925936cbad7,-55,,3,64,,3
09:40:17,,3,620915785a92dfa2f2f7a8ce566ef2af6c0a3182cf7c6e8b5d5c97d7d9cc250a,-83,,3,64,,3
09:40:18,26.0,3,8108373cc38ba7ff5deb47d6036ef7e8b37aeef35811c0a7a70b3ccd2045a824,-85,,3,64,12.0,3
09:40:19,,3,a6f223e087d65ec930396c98c882ed85b7bae9bd98b2aa3a3606bd22cb2bc3ce,-89,,3,64,,3
09:40:20,,3,620915785a92dfa2f2f7a8ce566ef2af6c0a3182cf7c6e8b5d5c97d7d9cc250a,-81,,3,64,,3
09:40:21,,3,9219b6cdfb7bbb3d54362d7c4bd7f765d4c791298d84701986eac1d63f70a6bc,-95,,3,64,,3
09:40:21,,3,71e703d1295888fadfe5fb1dc4ffa41655145c706715772547449caaecc62d82,-89,,3,64,,3
09:40:22,,3,620915785a92dfa2f2f7a8ce566ef2af6c0a3182cf7c6e8b5d5c97d7d9cc250a,-77,,3,64,,3
09:40:23,,3,a6f223e087d65ec930396c98c882ed85b7bae9bd98b2aa3a3606bd22cb2bc3ce,-88,,3,64,,3
09:40:24,,3,620915785a92dfa2f2f7a8ce566ef2af6c0a3182cf7c6e8b5d5c97d7d9cc250a,-75,,3,64,,3
09:40:25,,3,620915785a92dfa2f2f7a8ce566ef2af6c0a3182cf7c6e8b5d5c97d7d9cc250a,-74,,3,64,,3
09:40:25,,3,620915785a92dfa2f2f7a8ce566ef2af6c0a3182cf7c6e8b5d5c97d7d9cc250a,-85,,3,64,,3
09:40:26,26.0,3,c5a18bd62628e6d99f07946806a7ca6ba5c702e0b84a04c03b1b796bc64f6fc8,-59,,3,64,12.0,3
09:40:27,,3,9219b6cdfb7bbb3d54362d7c4bd7f765d4c791298d84701986eac1d63f70a6bc,-79,,3,64,,3
09:40:28,26.0,3,5e76941c89e0b1458418be1572048afd4522f751fee9c214f9b276e18a69b822,-82,,3,64,,3
09:40:29,26.0,3,5e76941c89e0b1458418be1572048afd4522f751fee9c214f9b276e18a69b822,-83,,3,64,,3
09:40:30,,3,9219b6cdfb7bbb3d54362d7c4bd7f765d4c791298d84701986eac1d63f70a6bc,-80,,3,64,,3
09:40:30,,3,a6f223e087d65ec930396c98c882ed85b7bae9bd98b2aa3a3606bd22cb2bc3ce,-85,,3,64,,3
09:40:31,,3,620915785a92dfa2f2f7a8ce566ef2af6c0a3182cf7c6e8b5d5c97d7d9cc250a,-81,,3,64,,3
09:40:32,,3,a6f223e087d65ec930396c98c882ed85b7bae9bd98b2aa3a3606bd22cb2bc3ce,-79,,3,64,,3
09:40:33,,3,a6f223e087d65ec930396c98c882ed85b7bae9bd98b2aa3a3606bd22cb2bc3ce,-87,,3,64,,3
09:40:34,,3,620915785a92dfa2f2f7a8ce566ef2af6c0a3182cf7c6e8b5d5c97d7d9cc250a,-74,,3,64,,3
09:40:34,,3,620915785a92dfa2f2f7a8ce566ef2af6c0a3182cf7c6e8b5d5c97d7d9cc250a,-73,,3,64,,3
09:40:35,,3,71e703d1295888fadfe5fb1dc4ffa41655145c706715772547449caaecc62d82,-88,,3,64,,3
09:40:36,26.0,3,8108373cc38ba7ff5deb47d6036ef7e8b37aeef35811c0a7a70b3ccd2045a824,-84,,3,64,12.0,3
09:40:37,26.0,3,8e6a8d0d12cfa134ada71f16223679710532e544282d241b60ee63b3ee309d61,-86,,3,64,7.0,3
09:40:38,,3,620915785a92dfa2f2f7a8ce566ef2af6c0a3182cf7c6e8b5d5c97d7d9cc250a,-76,,3,64,,3
09:40:38,,3,620915785a92dfa2f2f7a8ce566ef2af6c0a3182cf7c6e8b5d5c97d7d9cc250a,-80,,3,64,,3
09:40:39,,3,71e703d1295888fadfe5fb1dc4ffa41655145c706715772547449caaecc62d82,-89,,3,64,,3
09:40:40,,3,620915785a92dfa2f2f7a8ce566ef2af6c0a3182cf7c6e8b5d5c97d7d9cc250a,-75,,3,64,,3
09:40:41,,3,620915785a92dfa2f2f7a8ce566ef2af6c0a3182cf7c6e8b5d5c97d7d9cc250a,-77,,3,64,,3
09:40:42,,3,620915785a92dfa2f2f7a8ce566ef2af6c0a3182cf7c6e8b5d5c97d7d9cc250a,-89,,3,64,,3
09:40:43,26.0,3,8108373cc38ba7ff5deb47d6036ef7e8b37aeef35811c0a7a70b3ccd2045a824,-82,,3,64,12.0,3
09:40:43,,3,a6f223e087d65ec930396c98c882ed85b7bae9bd98b2aa3a3606bd22cb2bc3ce,-79,,3,64,,3
09:40:44,26.0,3,5e76941c89e0b1458418be1572048afd4522f751fee9c214f9b276e18a69b822,-83,,3,64,,3
09:40:45,,3,9219b6cdfb7bbb3d54362d7c4bd7f765d4c791298d84701986eac1d63f70a6bc,-78,,3,64,,3
09:40:46,,3,a6f223e087d65ec930396c98c882ed85b7bae9bd98b2aa3a3606bd22cb2bc3ce,-78,,3,64,,3
09:40:47,,3,9219b6cdfb7bbb3d54362d7c4bd7f765d4c791298d84701986eac1d63f70a6bc,-80,,3,64,,3
09:40:47,,3,620915785a92dfa2f2f7a8ce566ef2af6c0a3182cf7c6e8b5d5c97d7d9cc250a,-73,,3,64,,3
09:40:48,26.0,3,8108373cc38ba7ff5deb47d6036ef7e8b37aeef35811c0a7a70b3ccd2045a824,-84,,3,64,12.0,3
09:40:49,,3,9219b6cdfb7bbb3d54362d7c4bd7f765d4c791298d84701986eac1d63f70a6bc,-81,,3,64,,3
09:40:50,,3,9219b6cdfb7bbb3d54362d7c4bd7f765d4c791298d84701986eac1d63f70a6bc,-89,,3,64,,3
09:40:51,26.0,3,8108373cc38ba7ff5deb47d6036ef7e8b37aeef35811c0a7a70b3ccd2045a824,-79,,3,64,12.0,3
09:40:51,,3,7a45f24cbded61ea8a785f1e776dfdbbb016dbba2268c2dade1e499cc3720d92,-84,,3,64,,3
09:40:52,26.0,3,8108373cc38ba7ff5deb47d6036ef7e8b37aeef35811c0a7a70b3ccd2045a824,-78,,3,64,12.0,3
09:40:53,,3,71e703d1295888fadfe5fb1dc4ffa41655145c706715772547449caaecc62d82,-91,,3,64,,3
09:40:54,,3,620915785a92dfa2f2f7a8ce566ef2af6c0a3182cf7c6e8b5d5c97d7d9cc250a,-76,,3,64,,3
09:40:55,,3,9219b6cdfb7bbb3d54362d7c4bd7f765d4c791298d84701986eac1d63f70a6bc,-88,,3,64,,3
09:40:55,26.0,3,d276dc7dcf09b7f2cf1e6154cba8eb48efcec1879d8f75b2167ff70d6ebd7f22,-89,,3,64,5.0,3
09:40:56,,3,a6f223e087d65ec930396c98c882ed85b7bae9bd98b2aa3a3606bd22cb2bc3ce,-80,,3,64,,3
09:40:57,,3,9219b6cdfb7bbb3d54362d7c4bd7f765d4c791298d84701986eac1d63f70a6bc,-94,,3,64,,3
09:40:58,,3,9219b6cdfb7bbb3d54362d7c4bd7f765d4c791298d84701986eac1d63f70a6bc,-81,,3,64,,3
09:40:59,,3,a6f223e087d65ec930396c98c882ed85b7bae9bd98b2aa3a3606bd22cb2bc3ce,-88,,3,64,,3
09:41:00,,3,620915785a92dfa2f2f7a8ce566ef2af6c0a3182cf7c6e8b5d5c97d7d9cc250a,-76,,3,64,,3
09:41:00,,3,a6f223e087d65ec930396c98c882ed85b7bae9bd98b2aa3a3606bd22cb2bc3ce,-81,,3,64,,3
09:41:01,26.0,3,8108373cc38ba7ff5deb47d6036ef7e8b37aeef35811c0a7a70b3ccd2045a824,-88,,3,64,12.0,3
09:41:02,,3,71e703d1295888fadfe5fb1dc4ffa41655145c706715772547449caaecc62d82,-93,,3,64,,3
09:41:03,,3,620915785a92dfa2f2f7a8ce566ef2af6c0a3182cf7c6e8b5d5c97d7d9cc250a,-75,,3,64,,3
09:41:04,26.0,3,8e6a8d0d12cfa134ada71f16223679710532e544282d241b60ee63b3ee309d61,-85,,3,64,7.0,3
09:41:04,,3,9219b6cdfb7bbb3d54362d7c4bd7f765d4c791298d84701986eac1d63f70a6bc,-91,,3,64,,3
09:41:05,,3,620915785a92dfa2f2f7a8ce566ef2af6c0a3182cf7c6e8b5d5c97d7d9cc250a,-77,,3,64,,3
09:41:06,26.0,3,ccfa0b1e85545c5260c76c8e2ad5a636b48e3126f7d05215573f0eabe8f19f1d,-88,,3,64,8.0,3
09:41:07,,3,04a58dea38bdb4a0d12db06d27d3a656b71d7041d3586ffab49e8925936cbad7,-62,,3,64,,3
09:41:08,,3,9219b6cdfb7bbb3d54362d7c4bd7f765d4c791298d84701986eac1d63f70a6bc,-80,,3,64,,3
09:41:08,,3,620915785a92dfa2f2f7a8ce566ef2af6c0a3182cf7c6e8b5d5c97d7d9cc250a,-79,,3,64,,3
09:41:09,,3,ab2c59ffd7d34cab3a1eb14c610323f5cade20cbf37e632fb72d4c0430d0e997,-89,,3,64,,3
09:41:10,26.0,3,ccfa0b1e85545c5260c76c8e2ad5a636b48e3126f7d05215573f0eabe8f19f1d,-88,,3,64,8.0,3
09:41:11,26.0,3,5e76941c89e0b1458418be1572048afd4522f751fee9c214f9b276e18a69b822,-81,,3,64,,3
09:41:12,,3,9219b6cdfb7bbb3d54362d7c4bd7f765d4c791298d84701986eac1d63f70a6bc,-91,,3,64,,3
09:41:13,26.0,3,5e76941c89e0b1458418be1572048afd4522f751fee9c214f9b276e18a69b822,-87,,3,64,,3
09:41:13,,3,9219b6cdfb7bbb3d54362d7c4bd7f765d4c791298d84701986eac1d63f70a6bc,-91,,3,64,,3
09:41:14,,3,620915785a92dfa2f2f7a8ce566ef2af6c0a3182cf7c6e8b5d5c97d7d9cc250a,-81,,3,64,,3
09:41:15,,3,9219b6cdfb7bbb3d54362d7c4bd7f765d4c791298d84701986eac1d63f70a6bc,-81,,3,64,,3
09:41:16,,3,a6f223e087d65ec930396c98c882ed85b7bae9bd98b2aa3a3606bd22cb2bc3ce,-80,,3,64,,3
09:41:17,,3,620915785a92dfa2f2f7a8ce566ef2af6c0a3182cf7c6e8b5d5c97d7d9cc250a,-84,,3,64,,3
09:41:17,,3,9219b6cdfb7bbb3d54362d7c4bd7f765d4c791298d84701986eac1d63f70a6bc,-81,,3,64,,3
09:41:18,,3,9219b6cdfb7bbb3d54362d7c4bd7f765d4c791298d84701986eac1d63f70a6bc,-93,,3,64,,3
09:41:19,,3,9219b6cdfb7bbb3d54362d7c4bd7f765d4c791298d84701986eac1d63f70a6bc,-82,,3,64,,3
09:41:20,,3,a6f223e087d65ec930396c98c882ed85b7bae9bd98b2aa3a3606bd22cb2bc3ce,-80,,3,64,,3
09:41:20,26.0,3,8108373cc38ba7ff5deb47d6036ef7e8b37aeef35811c0a7a70b3ccd2045a824,-85,,3,64,12.0,3
09:41:21,,3,ab2c59ffd7d34cab3a1eb14c610323f5cade20cbf37e632fb72d4c0430d0e997,-88,,3,64,,3
09:41:22,,3,a6f223e087d65ec930396c98c882ed85b7bae9bd98b2aa3a3606bd22cb2bc3ce,-86,,3,64,,3
09:41:23,26.0,3,ccfa0b1e85545c5260c76c8e2ad5a636b48e3126f7d05215573f0eabe8f19f1d,-87,,3,64,8.0,3
09:41:24,,3,a6f223e087d65ec930396c98c882ed85b7bae9bd98b2aa3a3606bd22cb2bc3ce,-80,,3,64,,3
09:41:25,,3,9219b6cdfb7bbb3d54362d7c4bd7f765d4c791298d84701986eac1d63f70a6bc,-87,,3,64,,3
09:41:25,,3,ab2c59ffd7d34cab3a1eb14c610323f5cade20cbf37e632fb72d4c0430d0e997,-84,,3,64,,3
09:41:26,,3,a6f223e087d65ec930396c98c882ed85b7bae9bd98b2aa3a3606bd22cb2bc3ce,-81,,3,64,,3
09:41:27,,3,a6f223e087d65ec930396c98c882ed85b7bae9bd98b2aa3a3606bd22cb2bc3ce,-88,,3,64,,3
09:41:28,6.0,3,d1de0ddb51e6fdcb1eeb0a80d815c6b9a0c610ff82e78b630f80a717ef6f14a5,-92,Cb40,3,64,,3
09:41:29,,3,9219b6cdfb7bbb3d54362d7c4bd7f765d4c791298d84701986eac1d63f70a6bc,-81,,3,64,,3
09:41:30,,3,9219b6cdfb7bbb3d54362d7c4bd7f765d4c791298d84701986eac1d63f70a6bc,-80,,3,64,,3
09:41:30,26.0,3,5e76941c89e0b1458418be1572048afd4522f751fee9c214f9b276e18a69b822,-81,,3,64,,3
09:41:31,,3,a6f223e087d65ec930396c98c882ed85b7bae9bd98b2aa3a3606bd22cb2bc3ce,-81,,3,64,,3
09:41:32,26.0,3,8426f1c9456932214e65ee6b51938096a72299d6ba2f048cbcb5091cb0a14998,-85,,3,64,12.0,3
09:41:33,,3,9219b6cdfb7bbb3d54362d7c4bd7f765d4c791298d84701986eac1d63f70a6bc,-92,,3,64,,3
09:41:34,,3,9219b6cdfb7bbb3d54362d7c4bd7f765d4c791298d84701986eac1d63f70a6bc,-94,,3,64,,3
09:41:34,26.0,3,8108373cc38ba7ff5deb47d6036ef7e8b37aeef35811c0a7a70b3ccd2045a824,-85,,3,64,12.0,3
09:41:35,26.0,3,8108373cc38ba7ff5deb47d6036ef7e8b37aeef35811c0a7a70b3ccd2045a824,-80,,3,64,12.0,3
09:41:36,,3,9219b6cdfb7bbb3d54362d7c4bd7f765d4c791298d84701986eac1d63f70a6bc,-94,,3,64,,3
09:41:37,,3,71e703d1295888fadfe5fb1dc4ffa41655145c706715772547449caaecc62d82,-92,,3,64,,3
09:41:38,26.0,3,5e76941c89e0b1458418be1572048afd4522f751fee9c214f9b276e18a69b822,-87,,3,64,,3
09:41:38,,3,620915785a92dfa2f2f7a8ce566ef2af6c0a3182cf7c6e8b5d5c97d7d9cc250a,-75,,3,64,,3
09:41:39,,3,620915785a92dfa2f2f7a8ce566ef2af6c0a3182cf7c6e8b5d5c97d7d9cc250a,-76,,3,64,,3
09:41:40,26.0,3,5e76941c89e0b1458418be1572048afd4522f751fee9c214f9b276e18a69b822,-90,,3,64,,3
09:41:41,26.0,3,d276dc7dcf09b7f2cf1e6154cba8eb48efcec1879d8f75b2167ff70d6ebd7f22,-90,,3,64,5.0,3
09:41:42,,3,620915785a92dfa2f2f7a8ce566ef2af6c0a3182cf7c6e8b5d5c97d7d9cc250a,-76,,3,64,,3
09:41:42,,3,9219b6cdfb7bbb3d54362d7c4bd7f765d4c791298d84701986eac1d63f70a6bc,-92,,3,64,,3
09:41:43,,3,9219b6cdfb7bbb3d54362d7c4bd7f765d4c791298d84701986eac1d63f70a6bc,-81,,3,64,,3
09:41:44,,3,620915785a92dfa2f2f7a8ce566ef2af6c0a3182cf7c6e8b5d5c97d7d9cc250a,-74,,3,64,,3
09:41:45,,3,620915785a92dfa2f2f7a8ce566ef2af6c0a3182cf7c6e8b5d5c97d7d9cc250a,-75,,3,64,,3
09:41:46,26.0,3,5e76941c89e0b1458418be1572048afd4522f751fee9c214f9b276e18a69b822,-80,,3,64,,3
09:41:47,26.0,3,8426f1c9456932214e65ee6b51938096a72299d6ba2f048cbcb5091cb0a14998,-88,,3,64,12.0,3
09:41:47,,3,71e703d1295888fadfe5fb1dc4ffa41655145c706715772547449caaecc62d82,-95,,3,64,,3
09:41:48,,3,620915785a92dfa2f2f7a8ce566ef2af6c0a3182cf7c6e8b5d5c97d7d9cc250a,-75,,3,64,,3
09:41:49,26.0,3,5e76941c89e0b1458418be1572048afd4522f751fee9c214f9b276e18a69b822,-82,,3,64,,3
09:41:50,,3,a6f223e087d65ec930396c98c882ed85b7bae9bd98b2aa3a3606bd22cb2bc3ce,-81,,3,64,,3
09:41:51,,3,620915785a92dfa2f2f7a8ce566ef2af6c0a3182cf7c6e8b5d5c97d7d9cc250a,-75,,3,64,,3
09:41:51,,3,620915785a92dfa2f2f7a8ce566ef2af6c0a3182cf7c6e8b5d5c97d7d9cc250a,-75,,3,64,,3
09:41:52,26.0,3,8108373cc38ba7ff5deb47d6036ef7e8b37aeef35811c0a7a70b3ccd2045a824,-86,,3,64,12.0,3
09:41:53,26.0,3,8108373cc38ba7ff5deb47d6036ef7e8b37aeef35811c0a7a70b3ccd2045a824,-78,,3,64,12.0,3
09:41:54,,3,620915785a92dfa2f2f7a8ce566ef2af6c0a3182cf7c6e8b5d5c97d7d9cc250a,-77,,3,64,,3
09:41:55,,3,620915785a92dfa2f2f7a8ce566ef2af6c0a3182cf7c6e8b5d5c97d7d9cc250a,-78,,3,64,,3
09:41:55,26.0,3,d276dc7dcf09b7f2cf1e6154cba8eb48efcec1879d8f75b2167ff70d6ebd7f22,-89,,3,64,5.0,3
09:41:56,,3,a6f223e087d65ec930396c98c882ed85b7bae9bd98b2aa3a3606bd22cb2bc3ce,-81,,3,64,,3
09:41:57,,3,620915785a92dfa2f2f7a8ce566ef2af6c0a3182cf7c6e8b5d5c97d7d9cc250a,-73,,3,64,,3
09:41:58,,3,71e703d1295888fadfe5fb1dc4ffa41655145c706715772547449caaecc62d82,-91,,3,64,,3
09:41:59,26.0,3,8426f1c9456932214e65ee6b51938096a72299d6ba2f048cbcb5091cb0a14998,-87,,3,64,12.0,3
09:41:59,26.0,3,5e76941c89e0b1458418be1572048afd4522f751fee9c214f9b276e18a69b822,-92,,3,64,,3
09:42:00,26.0,3,5e76941c89e0b1458418be1572048afd4522f751fee9c214f9b276e18a69b822,-95,,3,64,,3
09:42:01,,3,620915785a92dfa2f2f7a8ce566ef2af6c0a3182cf7c6e8b5d5c97d7d9cc250a,-74,,3,64,,3
09:42:02,,3,a6f223e087d65ec930396c98c882ed85b7bae9bd98b2aa3a3606bd22cb2bc3ce,-88,,3,64,,3
09:42:03,,3,9219b6cdfb7bbb3d54362d7c4bd7f765d4c791298d84701986eac1d63f70a6bc,-91,,3,64,,3
09:42:04,,3,7a45f24cbded61ea8a785f1e776dfdbbb016dbba2268c2dade1e499cc3720d92,-83,,3,64,,3
09:42:04,,3,a6f223e087d65ec930396c98c882ed85b7bae9bd98b2aa3a3606bd22cb2bc3ce,-90,,3,64,,3
09:42:05,,3,620915785a92dfa2f2f7a8ce566ef2af6c0a3182cf7c6e8b5d5c97d7d9cc250a,-77,,3,64,,3
09:42:06,,3,9219b6cdfb7bbb3d54362d7c4bd7f765d4c791298d84701986eac1d63f70a6bc,-84,,3,64,,3
09:42:07,26.0,3,5e76941c89e0b1458418be1572048afd4522f751fee9c214f9b276e18a69b822,-83,,3,64,,3
09:42:08,,3,71e703d1295888fadfe5fb1dc4ffa41655145c706715772547449caaecc62d82,-92,,3,64,,3
09:42:08,26.0,3,ccfa0b1e85545c5260c76c8e2ad5a636b48e3126f7d05215573f0eabe8f19f1d,-84,,3,64,8.0,3
09:42:09,26.0,3,5e76941c89e0b1458418be1572048afd4522f751fee9c214f9b276e18a69b822,-84,,3,64,,3
09:42:10,26.0,3,8108373cc38ba7ff5deb47d6036ef7e8b37aeef35811c0a7a70b3ccd2045a824,-87,,3,64,,3
09:42:11,,3,04a58dea38bdb4a0d12db06d27d3a656b71d7041d3586ffab49e8925936cbad7,-61,,3,64,,3
09:42:12,26.0,3,8108373cc38ba7ff5deb47d6036ef7e8b37aeef35811c0a7a70b3ccd2045a824,-87,,3,64,,3
09:42:12,26.0,3,d276dc7dcf09b7f2cf1e6154cba8eb48efcec1879d8f75b2167ff70d6ebd7f22,-96,,3,64,5.0,3
09:42:13,26.0,3,8426f1c9456932214e65ee6b51938096a72299d6ba2f048cbcb5091cb0a14998,-82,,3,64,12.0,3
09:42:14,26.0,3,5e76941c89e0b1458418be1572048afd4522f751fee9c214f9b276e18a69b822,-88,,3,64,,3
09:42:15,,3,9219b6cdfb7bbb3d54362d7c4bd7f765d4c791298d84701986eac1d63f70a6bc,-85,,3,64,,3
09:42:16,,3,71e703d1295888fadfe5fb1dc4ffa41655145c706715772547449caaecc62d82,-89,,3,64,,3
09:42:17,,3,620915785a92dfa2f2f7a8ce566ef2af6c0a3182cf7c6e8b5d5c97d7d9cc250a,-79,,3,64,,3
09:42:17,,3,9219b6cdfb7bbb3d54362d7c4bd7f765d4c791298d84701986eac1d63f70a6bc,-84,,3,64,,3
09:42:18,26.0,3,8e6a8d0d12cfa134ada71f16223679710532e544282d241b60ee63b3ee309d61,-89,,3,64,7.0,3
09:42:19,,3,a6f223e087d65ec930396c98c882ed85b7bae9bd98b2aa3a3606bd22cb2bc3ce,-86,,3,64,,3
09:42:20,26.0,3,8e6a8d0d12cfa134ada71f16223679710532e544282d241b60ee63b3ee309d61,-90,,3,64,7.0,3
09:42:21,,3,620915785a92dfa2f2f7a8ce566ef2af6c0a3182cf7c6e8b5d5c97d7d9cc250a,-72,,3,64,,3
09:42:21,,3,a6f223e087d65ec930396c98c882ed85b7bae9bd98b2aa3a3606bd22cb2bc3ce,-87,,3,64,,3
09:42:22,,3,620915785a92dfa2f2f7a8ce566ef2af6c0a3182cf7c6e8b5d5c97d7d9cc250a,-76,,3,64,,3
09:42:23,6.0,3,d1de0ddb51e6fdcb1eeb0a80d815c6b9a0c610ff82e78b630f80a717ef6f14a5,-88,Cb40,3,64,,3
09:42:24,,3,9219b6cdfb7bbb3d54362d7c4bd7f765d4c791298d84701986eac1d63f70a6bc,-82,,3,64,,3
09:42:25,,3,a6f223e087d65ec930396c98c882ed85b7bae9bd98b2aa3a3606bd22cb2bc3ce,-83,,3,64,,3
09:42:25,,3,71e703d1295888fadfe5fb1dc4ffa41655145c706715772547449caaecc62d82,-88,,3,64,,3
09:42:26,,3,a6f223e087d65ec930396c98c882ed85b7bae9bd98b2aa3a3606bd22cb2bc3ce,-90,,3,64,,3
09:42:27,,3,620915785a92dfa2f2f7a8ce566ef2af6c0a3182cf7c6e8b5d5c97d7d9cc250a,-71,,3,64,,3
09:42:28,,3,9219b6cdfb7bbb3d54362d7c4bd7f765d4c791298d84701986eac1d63f70a6bc,-82,,3,64,,3
09:42:29,26.0,3,5e76941c89e0b1458418be1572048afd4522f751fee9c214f9b276e18a69b822,-86,,3,64,,3
09:42:29,,3,620915785a92dfa2f2f7a8ce566ef2af6c0a3182cf7c6e8b5d5c97d7d9cc250a,-72,,3,64,,3
09:42:30,26.0,3,8108373cc38ba7ff5deb47d6036ef7e8b37aeef35811c0a7a70b3ccd2045a824,-86,,3,64,,3
09:42:31,26.0,3,8108373cc38ba7ff5deb47d6036ef7e8b37aeef35811c0a7a70b3ccd2045a824,-87,,3,64,,3
09:42:32,26.0,3,5e76941c89e0b1458418be1572048afd4522f751fee9c214f9b276e18a69b822,-83,,3,64,,3
09:42:33,,3,a6f223e087d65ec930396c98c882ed85b7bae9bd98b2aa3a3606bd22cb2bc3ce,-83,,3,64,,3
09:42:33,,3,620915785a92dfa2f2f7a8ce566ef2af6c0a3182cf7c6e8b5d5c97d7d9cc250a,-77,,3,64,,3
09:42:34,26.0,3,8426f1c9456932214e65ee6b51938096a72299d6ba2f048cbcb5091cb0a14998,-90,,3,64,,3
09:42:35,,3,9219b6cdfb7bbb3d54362d7c4bd7f765d4c791298d84701986eac1d63f70a6bc,-82,,3,64,,3
09:42:36,,3,71e703d1295888fadfe5fb1dc4ffa41655145c706715772547449caaecc62d82,-92,,3,64,,3
09:42:37,26.0,3,8426f1c9456932214e65ee6b51938096a72299d6ba2f048cbcb5091cb0a14998,-88,,3,64,,3
09:42:38,,3,620915785a92dfa2f2f7a8ce566ef2af6c0a3182cf7c6e8b5d5c97d7d9cc250a,-71,,3,64,,3
09:42:38,,3,a6f223e087d65ec930396c98c882ed85b7bae9bd98b2aa3a3606bd22cb2bc3ce,-87,,3,64,,3
09:42:39,,3,620915785a92dfa2f2f7a8ce566ef2af6c0a3182cf7c6e8b5d5c97d7d9cc250a,-71,,3,64,,3
09:42:40,26.0,3,8426f1c9456932214e65ee6b51938096a72299d6ba2f048cbcb5091cb0a14998,-90,,3,64,,3
09:42:41,26.0,3,8426f1c9456932214e65ee6b51938096a72299d6ba2f048cbcb5091cb0a14998,-86,,3,64,12.0,3
09:42:42,,3,620915785a92dfa2f2f7a8ce566ef2af6c0a3182cf7c6e8b5d5c97d7d9cc250a,-71,,3,64,,3
09:42:42,,3,a6f223e087d65ec930396c98c882ed85b7bae9bd98b2aa3a3606bd22cb2bc3ce,-81,,3,64,,3
09:42:43,26.0,3,5e76941c89e0b1458418be1572048afd4522f751fee9c214f9b276e18a69b822,-83,,3,64,,3
09:42:44,26.0,3,8426f1c9456932214e65ee6b51938096a72299d6ba2f048cbcb5091cb0a14998,-82,,3,64,12.0,3
09:42:45,,3,a6f223e087d65ec930396c98c882ed85b7bae9bd98b2aa3a3606bd22cb2bc3ce,-84,,3,64,,3
09:42:46,,3,7a45f24cbded61ea8a785f1e776dfdbbb016dbba2268c2dade1e499cc3720d92,-86,,3,64,,3
09:42:46,26.0,3,8426f1c9456932214e65ee6b51938096a72299d6ba2f048cbcb5091cb0a14998,-90,,3,64,,3
09:42:47,26.0,3,8426f1c9456932214e65ee6b51938096a72299d6ba2f048cbcb5091cb0a14998,-89,,3,64,,3
09:42:48,,3,9219b6cdfb7bbb3d54362d7c4bd7f765d4c791298d84701986eac1d63f70a6bc,-86,,3,64,,3
09:42:49,,3,a6f223e087d65ec930396c98c882ed85b7bae9bd98b2aa3a3606bd22cb2bc3ce,-82,,3,64,,3
09:42:50,,3,a6f223e087d65ec930396c98c882ed85b7bae9bd98b2aa3a3606bd22cb2bc3ce,-83,,3,64,,3
09:42:51,,3,620915785a92dfa2f2f7a8ce566ef2af6c0a3182cf7c6e8b5d5c97d7d9cc250a,-81,,3,64,,3
09:42:51,,3,620915785a92dfa2f2f7a8ce566ef2af6c0a3182cf7c6e8b5d5c97d7d9cc250a,-81,,3,64,,3
09:42:52,,3,a6f223e087d65ec930396c98c882ed85b7bae9bd98b2aa3a3606bd22cb2bc3ce,-83,,3,64,,3
09:42:53,26.0,3,d276dc7dcf09b7f2cf1e6154cba8eb48efcec1879d8f75b2167ff70d6ebd7f22,-88,,3,64,5.0,3
09:42:54,,3,620915785a92dfa2f2f7a8ce566ef2af6c0a3182cf7c6e8b5d5c97d7d9cc250a,-83,,3,64,,3
09:42:55,,3,9219b6cdfb7bbb3d54362d7c4bd7f765d4c791298d84701986eac1d63f70a6bc,-85,,3,64,,3
09:42:55,26.0,3,5e76941c89e0b1458418be1572048afd4522f751fee9c214f9b276e18a69b822,-89,,3,64,,3
09:42:56,,3,a6f223e087d65ec930396c98c882ed85b7bae9bd98b2aa3a3606bd22cb2bc3ce,-85,,3,64,,3
09:42:57,,3,a6f223e087d65ec930396c98c882ed85b7bae9bd98b2aa3a3606bd22cb2bc3ce,-85,,3,64,,3
09:42:58,26.0,3,5e76941c89e0b1458418be1572048afd4522f751fee9c214f9b276e18a69b822,-89,,3,64,,3
09:42:59,26.0,3,8426f1c9456932214e65ee6b51938096a72299d6ba2f048cbcb5091cb0a14998,-86,,3,64,12.0,3
09:42:59,26.0,3,ccfa0b1e85545c5260c76c8e2ad5a636b48e3126f7d05215573f0eabe8f19f1d,-85,,3,64,8.0,3
09:43:00,,3,620915785a92dfa2f2f7a8ce566ef2af6c0a3182cf7c6e8b5d5c97d7d9cc250a,-81,,3,64,,3
09:43:01,,3,a6f223e087d65ec930396c98c882ed85b7bae9bd98b2aa3a3606bd22cb2bc3ce,-85,,3,64,,3
09:43:02,26.0,3,5e76941c89e0b1458418be1572048afd4522f751fee9c214f9b276e18a69b822,-87,,3,64,,3
09:43:03,,3,9219b6cdfb7bbb3d54362d7c4bd7f765d4c791298d84701986eac1d63f70a6bc,-89,,3,64,,3
09:43:04,,3,a6f223e087d65ec930396c98c882ed85b7bae9bd98b2aa3a3606bd22cb2bc3ce,-85,,3,64,,3
09:43:04,,3,a6f223e087d65ec930396c98c882ed85b7bae9bd98b2aa3a3606bd22cb2bc3ce,-85,,3,64,,3
09:43:05,,3,a6f223e087d65ec930396c98c882ed85b7bae9bd98b2aa3a3606bd22cb2bc3ce,-85,,3,64,,3
09:43:06,,3,620915785a92dfa2f2f7a8ce566ef2af6c0a3182cf7c6e8b5d5c97d7d9cc250a,-83,,3,64,,3
09:43:07,,3,620915785a92dfa2f2f7a8ce566ef2af6c0a3182cf7c6e8b5d5c97d7d9cc250a,-81,,3,64,,3
09:43:08,26.0,3,ccfa0b1e85545c5260c76c8e2ad5a636b48e3126f7d05215573f0eabe8f19f1d,-81,,3,64,8.0,3
09:43:08,,3,9219b6cdfb7bbb3d54362d7c4bd7f765d4c791298d84701986eac1d63f70a6bc,-86,,3,64,,3
09:43:09,,3,620915785a92dfa2f2f7a8ce566ef2af6c0a3182cf7c6e8b5d5c97d7d9cc250a,-74,,3,64,,3
09:43:10,,3,620915785a92dfa2f2f7a8ce566ef2af6c0a3182cf7c6e8b5d5c97d7d9cc250a,-81,,3,64,,3
09:43:11,26.0,3,ccfa0b1e85545c5260c76c8e2ad5a636b48e3126f7d05215573f0eabe8f19f1d,-86,,3,64,8.0,3
09:43:12,26.0,3,ccfa0b1e85545c5260c76c8e2ad5a636b48e3126f7d05215573f0eabe8f19f1d,-86,,3,64,8.0,3
09:43:12,,3,a6f223e087d65ec930396c98c882ed85b7bae9bd98b2aa3a3606bd22cb2bc3ce,-84,,3,64,,3
09:43:13,26.0,3,8e6a8d0d12cfa134ada71f16223679710532e544282d241b60ee63b3ee309d61,-93,,3,64,7.0,3
09:43:14,,3,620915785a92dfa2f2f7a8ce566ef2af6c0a3182cf7c6e8b5d5c97d7d9cc250a,-78,,3,64,,3
09:43:15,,3,a6f223e087d65ec930396c98c882ed85b7bae9bd98b2aa3a3606bd22cb2bc3ce,-85,,3,64,,3
09:43:16,26.0,3,8426f1c9456932214e65ee6b51938096a72299d6ba2f048cbcb5091cb0a14998,-85,,3,64,,3
09:43:16,,3,54c8a704e42e977c66f9caa2b2348df79198900a20b9a7b465b02211d2b9c864,-86,,3,64,,3
09:43:17,,3,9219b6cdfb7bbb3d54362d7c4bd7f765d4c791298d84701986eac1d63f70a6bc,-87,,3,64,,3
09:43:18,,3,620915785a92dfa2f2f7a8ce566ef2af6c0a3182cf7c6e8b5d5c97d7d9cc250a,-79,,3,64,,3
09:43:19,,3,04a58dea38bdb4a0d12db06d27d3a656b71d7041d3586ffab49e8925936cbad7,-61,,3,64,,3
09:43:20,,3,620915785a92dfa2f2f7a8ce566ef2af6c0a3182cf7c6e8b5d5c97d7d9cc250a,-79,,3,64,,3
09:43:21,,3,71e703d1295888fadfe5fb1dc4ffa41655145c706715772547449caaecc62d82,-91,,3,64,,3
09:43:21,,3,a6f223e087d65ec930396c98c882ed85b7bae9bd98b2aa3a3606bd22cb2bc3ce,-91,,3,64,,3
09:43:22,,3,a6f223e087d65ec930396c98c882ed85b7bae9bd98b2aa3a3606bd22cb2bc3ce,-86,,3,64,,3
09:43:23,,3,a6f223e087d65ec930396c98c882ed85b7bae9bd98b2aa3a3606bd22cb2bc3ce,-81,,3,64,,3
09:43:24,,3,ab2c59ffd7d34cab3a1eb14c610323f5cade20cbf37e632fb72d4c0430d0e997,-83,,3,64,,3
09:43:25,,3,620915785a92dfa2f2f7a8ce566ef2af6c0a3182cf7c6e8b5d5c97d7d9cc250a,-76,,3,64,,3
09:43:25,,3,a6f223e087d65ec930396c98c882ed85b7bae9bd98b2aa3a3606bd22cb2bc3ce,-81,,3,64,,3
09:43:26,,3,620915785a92dfa2f2f7a8ce566ef2af6c0a3182cf7c6e8b5d5c97d7d9cc250a,-75,,3,64,,3
09:43:27,26.0,3,5e76941c89e0b1458418be1572048afd4522f751fee9c214f9b276e18a69b822,-93,,3,64,,3
09:43:28,,3,620915785a92dfa2f2f7a8ce566ef2af6c0a3182cf7c6e8b5d5c97d7d9cc250a,-73,,3,64,,3
09:43:29,,3,a6f223e087d65ec930396c98c882ed85b7bae9bd98b2aa3a3606bd22cb2bc3ce,-84,,3,64,,3
09:43:29,,3,9219b6cdfb7bbb3d54362d7c4bd7f765d4c791298d84701986eac1d63f70a6bc,-86,,3,64,,3
09:43:30,,3,9219b6cdfb7bbb3d54362d7c4bd7f765d4c791298d84701986eac1d63f70a6bc,-87,,3,64,,3
09:43:31,26.0,3,8e6a8d0d12cfa134ada71f16223679710532e544282d241b60ee63b3ee309d61,-90,,3,64,7.0,3
09:43:32,,3,620915785a92dfa2f2f7a8ce566ef2af6c0a3182cf7c6e8b5d5c97d7d9cc250a,-77,,3,64,,3
09:43:33,,3,9219b6cdfb7bbb3d54362d7c4bd7f765d4c791298d84701986eac1d63f70a6bc,-89,,3,64,,3
09:43:33,6.0,3,d1de0ddb51e6fdcb1eeb0a80d815c6b9a0c610ff82e78b630f80a717ef6f14a5,-94,Cb40,3,64,,3
09:43:34,,3,9219b6cdfb7bbb3d54362d7c4bd7f765d4c791298d84701986eac1d63f70a6bc,-90,,3,64,,3
09:43:35,,3,620915785a92dfa2f2f7a8ce566ef2af6c0a3182cf7c6e8b5d5c97d7d9cc250a,-77,,3,64,,3
09:43:36,26.0,3,5e76941c89e0b1458418be1572048afd4522f751fee9c214f9b276e18a69b822,-82,,3,64,,3
09:43:37,,3,620915785a92dfa2f2f7a8ce566ef2af6c0a3182cf7c6e8b5d5c97d7d9cc250a,-77,,3,64,,3
09:43:38,,3,a6f223e087d65ec930396c98c882ed85b7bae9bd98b2aa3a3606bd22cb2bc3ce,-80,,3,64,,3
09:43:38,,3,a6f223e087d65ec930396c98c882ed85b7bae9bd98b2aa3a3606bd22cb2bc3ce,-84,,3,64,,3
09:43:39,26.0,3,ccfa0b1e85545c5260c76c8e2ad5a636b48e3126f7d05215573f0eabe8f19f1d,-87,,3,64,8.0,3
09:43:40,,3,620915785a92dfa2f2f7a8ce566ef2af6c0a3182cf7c6e8b5d5c97d7d9cc250a,-72,,3,64,,3
09:43:41,26.0,3,8426f1c9456932214e65ee6b51938096a72299d6ba2f048cbcb5091cb0a14998,-95,,3,64,,3
09:43:42,26.0,3,5e76941c89e0b1458418be1572048afd4522f751fee9c214f9b276e18a69b822,-81,,3,64,,3
09:43:42,,3,71e703d1295888fadfe5fb1dc4ffa41655145c706715772547449caaecc62d82,-88,,3,64,,3
09:43:43,,3,9219b6cdfb7bbb3d54362d7c4bd7f765d4c791298d84701986eac1d63f70a6bc,-86,,3,64,,3
09:43:44,26.0,3,5e76941c89e0b1458418be1572048afd4522f751fee9c214f9b276e18a69b822,-82,,3,64,,3
09:43:45,,3,9219b6cdfb7bbb3d54362d7c4bd7f765d4c791298d84701986eac1d63f70a6bc,-85,,3,64,,3
09:43:46,,3,620915785a92dfa2f2f7a8ce566ef2af6c0a3182cf7c6e8b5d5c97d7d9cc250a,-78,,3,64,,3
09:43:46,,3,a6f223e087d65ec930396c98c882ed85b7bae9bd98b2aa3a3606bd22cb2bc3ce,-83,,3,64,,3
09:43:47,,3,9219b6cdfb7bbb3d54362d7c4bd7f765d4c791298d84701986eac1d63f70a6bc,-86,,3,64,,3
09:43:48,26.0,3,8426f1c9456932214e65ee6b51938096a72299d6ba2f048cbcb5091cb0a14998,-87,,3,64,,3
09:43:49,,3,9219b6cdfb7bbb3d54362d7c4bd7f765d4c791298d84701986eac1d63f70a6bc,-80,,3,64,,3
09:43:50,26.0,3,5e76941c89e0b1458418be1572048afd4522f751fee9c214f9b276e18a69b822,-84,,3,64,,3
09:43:50,,3,9219b6cdfb7bbb3d54362d7c4bd7f765d4c791298d84701986eac1d63f70a6bc,-80,,3,64,,3
09:43:51,,3,a6f223e087d65ec930396c98c882ed85b7bae9bd98b2aa3a3606bd22cb2bc3ce,-91,,3,64,,3
09:43:52,26.0,3,8426f1c9456932214e65ee6b51938096a72299d6ba2f048cbcb5091cb0a14998,-91,,3,64,,3
09:43:53,,3,620915785a92dfa2f2f7a8ce566ef2af6c0a3182cf7c6e8b5d5c97d7d9cc250a,-72,,3,64,,3
09:43:54,,3,a6f223e087d65ec930396c98c882ed85b7bae9bd98b2aa3a3606bd22cb2bc3ce,-90,,3,64,,3
09:43:55,,3,a6f223e087d65ec930396c98c882ed85b7bae9bd98b2aa3a3606bd22cb2bc3ce,-86,,3,64,,3
09:43:55,26.0,3,5e76941c89e0b1458418be1572048afd4522f751fee9c214f9b276e18a69b822,-88,,3,64,,3
09:43:56,26.0,3,ccfa0b1e85545c5260c76c8e2ad5a636b48e3126f7d05215573f0eabe8f19f1d,-86,,3,64,8.0,3
09:43:57,,3,a6f223e087d65ec930396c98c882ed85b7bae9bd98b2aa3a3606bd22cb2bc3ce,-85,,3,64,,3
09:43:58,,3,620915785a92dfa2f2f7a8ce566ef2af6c0a3182cf7c6e8b5d5c97d7d9cc250a,-81,,3,64,,3
09:43:59,,3,ab2c59ffd7d34cab3a1eb14c610323f5cade20cbf37e632fb72d4c0430d0e997,-85,,3,64,,3
09:43:59,26.0,3,5e76941c89e0b1458418be1572048afd4522f751fee9c214f9b276e18a69b822,-86,,3,64,,3
09:44:00,,3,620915785a92dfa2f2f7a8ce566ef2af6c0a3182cf7c6e8b5d5c97d7d9cc250a,-77,,3,64,,3
09:44:01,26.0,3,5e76941c89e0b1458418be1572048afd4522f751fee9c214f9b276e18a69b822,-94,,3,64,,3
09:44:02,26.0,3,8426f1c9456932214e65ee6b51938096a72299d6ba2f048cbcb5091cb0a14998,-91,,3,64,,3
09:44:03,,3,620915785a92dfa2f2f7a8ce566ef2af6c0a3182cf7c6e8b5d5c97d7d9cc250a,-76,,3,64,,3
09:44:03,,3,620915785a92dfa2f2f7a8ce566ef2af6c0a3182cf7c6e8b5d5c97d7d9cc250a,-85,,3,64,,3
09:44:04,26.0,3,5e76941c89e0b1458418be1572048afd4522f751fee9c214f9b276e18a69b822,-90,,3,64,,3
09:44:05,,3,9219b6cdfb7bbb3d54362d7c4bd7f765d4c791298d84701986eac1d63f70a6bc,-90,,3,64,,3
09:44:06,26.0,3,5e76941c89e0b1458418be1572048afd4522f751fee9c214f9b276e18a69b822,-88,,3,64,,3
09:44:07,26.0,3,d276dc7dcf09b7f2cf1e6154cba8eb48efcec1879d8f75b2167ff70d6ebd7f22,-93,,3,64,5.0,3
09:44:07,,3,9219b6cdfb7bbb3d54362d7c4bd7f765d4c791298d84701986eac1d63f70a6bc,-89,,3,64,,3
09:44:08,,3,a6f223e087d65ec930396c98c882ed85b7bae9bd98b2aa3a3606bd22cb2bc3ce,-84,,3,64,,3
09:44:09,,3,620915785a92dfa2f2f7a8ce566ef2af6c0a3182cf7c6e8b5d5c97d7d9cc250a,-76,,3,64,,3
09:44:10,26.0,3,5e76941c89e0b1458418be1572048afd4522f751fee9c214f9b276e18a69b822,-90,,3,64,,3
09:44:11,,3,9219b6cdfb7bbb3d54362d7c4bd7f765d4c791298d84701986eac1d63f70a6bc,-78,,3,64,,3
09:44:12,26.0,3,8426f1c9456932214e65ee6b51938096a72299d6ba2f048cbcb5091cb0a14998,-89,,3,64,,3
09:44:12,26.0,3,8426f1c9456932214e65ee6b51938096a72299d6ba2f048cbcb5091cb0a14998,-84,,3,64,,3
09:44:13,,3,a6f223e087d65ec930396c98c882ed85b7bae9bd98b2aa3a3606bd22cb2bc3ce,-84,,3,64,,3
09:44:14,,3,620915785a92dfa2f2f7a8ce566ef2af6c0a3182cf7c6e8b5d5c97d7d9cc250a,-82,,3,64,,3
09:44:15,,3,71e703d1295888fadfe5fb1dc4ffa41655145c706715772547449caaecc62d82,-91,,3,64,,3
09:44:16,26.0,3,ccfa0b1e85545c5260c76c8e2ad5a636b48e3126f7d05215573f0eabe8f19f1d,-86,,3,64,8.0,3
09:44:16,,3,71e703d1295888fadfe5fb1dc4ffa41655145c706715772547449caaecc62d82,-88,,3,64,,3
09:44:17,26.0,3,8108373cc38ba7ff5deb47d6036ef7e8b37aeef35811c0a7a70b3ccd2045a824,-89,,3,64,,3
09:44:18,26.0,3,8108373cc38ba7ff5deb47d6036ef7e8b37aeef35811c0a7a70b3ccd2045a824,-87,,3,64,,3
09:44:19,,3,71e703d1295888fadfe5fb1dc4ffa41655145c706715772547449caaecc62d82,-92,,3,64,,3
09:44:20,,3,a6f223e087d65ec930396c98c882ed85b7bae9bd98b2aa3a3606bd22cb2bc3ce,-83,,3,64,,3
09:44:20,,3,a6f223e087d65ec930396c98c882ed85b7bae9bd98b2aa3a3606bd22cb2bc3ce,-86,,3,64,,3
09:44:21,6.0,3,9c361e4be634e32d9b487b556760e512627fd5adc685787264f8d6b12abc8dea,-90,Cb40,3,64,,3
09:44:22,,3,a6f223e087d65ec930396c98c882ed85b7bae9bd98b2aa3a3606bd22cb2bc3ce,-82,,3,64,,3
09:44:23,26.0,3,5e76941c89e0b1458418be1572048afd4522f751fee9c214f9b276e18a69b822,-84,,3,64,,3
09:44:24,,3,9219b6cdfb7bbb3d54362d7c4bd7f765d4c791298d84701986eac1d63f70a6bc,-86,,3,64,,3
09:44:24,,3,620915785a92dfa2f2f7a8ce566ef2af6c0a3182cf7c6e8b5d5c97d7d9cc250a,-73,,3,64,,3
09:44:25,,3,9219b6cdfb7bbb3d54362d7c4bd7f765d4c791298d84701986eac1d63f70a6bc,-89,,3,64,,3
09:44:26,,3,a6f223e087d65ec930396c98c882ed85b7bae9bd98b2aa3a3606bd22cb2bc3ce,-83,,3,64,,3
09:44:27,,3,620915785a92dfa2f2f7a8ce566ef2af6c0a3182cf7c6e8b5d5c97d7d9cc250a,-74,,3,64,,3
09:44:28,,3,620915785a92dfa2f2f7a8ce566ef2af6c0a3182cf7c6e8b5d5c97d7d9cc250a,-76,,3,64,,3
09:44:29,26.0,3,8426f1c9456932214e65ee6b51938096a72299d6ba2f048cbcb5091cb0a14998,-81,,3,64,,3
09:44:29,26.0,3,8e6a8d0d12cfa134ada71f16223679710532e544282d241b60ee63b3ee309d61,-83,,3,64,7.0,3
09:44:30,26.0,3,8108373cc38ba7ff5deb47d6036ef7e8b37aeef35811c0a7a70b3ccd2045a824,-88,,3,64,,3
09:44:31,26.0,3,8108373cc38ba7ff5deb47d6036ef7e8b37aeef35811c0a7a70b3ccd2045a824,-91,,3,64,,3
09:44:32,26.0,3,5e76941c89e0b1458418be1572048afd4522f751fee9c214f9b276e18a69b822,-89,,3,64,,3
09:44:33,,3,620915785a92dfa2f2f7a8ce566ef2af6c0a3182cf7c6e8b5d5c97d7d9cc250a,-75,,3,64,,3
09:44:33,,3,620915785a92dfa2f2f7a8ce566ef2af6c0a3182cf7c6e8b5d5c97d7d9cc250a,-79,,3,64,,3
09:44:34,26.0,3,5e76941c89e0b1458418be1572048afd4522f751fee9c214f9b276e18a69b822,-89,,3,64,,3
09:44:35,,3,9219b6cdfb7bbb3d54362d7c4bd7f765d4c791298d84701986eac1d63f70a6bc,-86,,3,64,,3
09:44:36,26.0,3,5e76941c89e0b1458418be1572048afd4522f751fee9c214f9b276e18a69b822,-88,,3,64,,3
09:44:37,,3,a6f223e087d65ec930396c98c882ed85b7bae9bd98b2aa3a3606bd22cb2bc3ce,-85,,3,64,,3
09:44:37,26.0,3,8108373cc38ba7ff5deb47d6036ef7e8b37aeef35811c0a7a70b3ccd2045a824,-87,,3,64,,3
09:44:38,26.0,3,ccfa0b1e85545c5260c76c8e2ad5a636b48e3126f7d05215573f0eabe8f19f1d,-90,,3,64,8.0,3
09:44:39,,3,9219b6cdfb7bbb3d54362d7c4bd7f765d4c791298d84701986eac1d63f70a6bc,-84,,3,64,,3
09:44:40,,3,1fe0d2fe6f56dc5657363270be182380b8914913dda77c281faf4ed487fb2b33,-89,,3,64,,3
09:44:41,,3,a6f223e087d65ec930396c98c882ed85b7bae9bd98b2aa3a3606bd22cb2bc3ce,-82,,3,64,,3
09:44:42,,3,71e703d1295888fadfe5fb1dc4ffa41655145c706715772547449caaecc62d82,-91,,3,64,,3
09:44:42,26.0,3,2d93c64e33c12cb0bf39e3df07c99bf456b90e53827958ec5129d1df11052f43,-91,,3,64,7.0,3
09:44:43,,3,620915785a92dfa2f2f7a8ce566ef2af6c0a3182cf7c6e8b5d5c97d7d9cc250a,-80,,3,64,,3
09:44:44,26.0,3,2d93c64e33c12cb0bf39e3df07c99bf456b90e53827958ec5129d1df11052f43,-89,,3,64,7.0,3
09:44:45,,3,a6f223e087d65ec930396c98c882ed85b7bae9bd98b2aa3a3606bd22cb2bc3ce,-84,,3,64,,3
09:44:46,26.0,3,d276dc7dcf09b7f2cf1e6154cba8eb48efcec1879d8f75b2167ff70d6ebd7f22,-85,,3,64,5.0,3
09:44:47,,3,a6f223e087d65ec930396c98c882ed85b7bae9bd98b2aa3a3606bd22cb2bc3ce,-83,,3,64,,3
09:44:47,26.0,3,d276dc7dcf09b7f2cf1e6154cba8eb48efcec1879d8f75b2167ff70d6ebd7f22,-87,,3,64,5.0,3
09:44:48,,3,620915785a92dfa2f2f7a8ce566ef2af6c0a3182cf7c6e8b5d5c97d7d9cc250a,-83,,3,64,,3
09:44:49,,3,620915785a92dfa2f2f7a8ce566ef2af6c0a3182cf7c6e8b5d5c97d7d9cc250a,-75,,3,64,,3
09:44:50,,3,a6f223e087d65ec930396c98c882ed85b7bae9bd98b2aa3a3606bd22cb2bc3ce,-86,,3,64,,3
09:44:51,26.0,3,c5a18bd62628e6d99f07946806a7ca6ba5c702e0b84a04c03b1b796bc64f6fc8,-71,,3,64,12.0,3
09:44:51,26.0,3,8426f1c9456932214e65ee6b51938096a72299d6ba2f048cbcb5091cb0a14998,-85,,3,64,,3
09:44:52,,3,620915785a92dfa2f2f7a8ce566ef2af6c0a3182cf7c6e8b5d5c97d7d9cc250a,-87,,3,64,,3
09:44:53,26.0,3,c5a18bd62628e6d99f07946806a7ca6ba5c702e0b84a04c03b1b796bc64f6fc8,-70,,3,64,12.0,3
09:44:54,26.0,3,c5a18bd62628e6d99f07946806a7ca6ba5c702e0b84a04c03b1b796bc64f6fc8,-70,,3,64,12.0,3
09:44:55,,3,620915785a92dfa2f2f7a8ce566ef2af6c0a3182cf7c6e8b5d5c97d7d9cc250a,-76,,3,64,,3
09:44:55,26.0,3,c5a18bd62628e6d99f07946806a7ca6ba5c702e0b84a04c03b1b796bc64f6fc8,-75,,3,64,12.0,3
09:44:56,26.0,3,2d93c64e33c12cb0bf39e3df07c99bf456b90e53827958ec5129d1df11052f43,-89,,3,64,7.0,3
09:44:57,,3,71e703d1295888fadfe5fb1dc4ffa41655145c706715772547449caaecc62d82,-88,,3,64,,3
09:44:58,,3,9219b6cdfb7bbb3d54362d7c4bd7f765d4c791298d84701986eac1d63f70a6bc,-87,,3,64,,3
09:44:59,,3,620915785a92dfa2f2f7a8ce566ef2af6c0a3182cf7c6e8b5d5c97d7d9cc250a,-75,,3,64,,3
09:44:59,,3,9219b6cdfb7bbb3d54362d7c4bd7f765d4c791298d84701986eac1d63f70a6bc,-89,,3,64,,3
09:45:00,,3,620915785a92dfa2f2f7a8ce566ef2af6c0a3182cf7c6e8b5d5c97d7d9cc250a,-73,,3,64,,3
09:45:01,26.0,3,8426f1c9456932214e65ee6b51938096a72299d6ba2f048cbcb5091cb0a14998,-90,,3,64,,3
09:45:02,,3,620915785a92dfa2f2f7a8ce566ef2af6c0a3182cf7c6e8b5d5c97d7d9cc250a,-74,,3,64,,3
09:45:03,,3,620915785a92dfa2f2f7a8ce566ef2af6c0a3182cf7c6e8b5d5c97d7d9cc250a,-75,,3,64,,3
09:45:03,26.0,3,5e76941c89e0b1458418be1572048afd4522f751fee9c214f9b276e18a69b822,-91,,3,64,,3
09:45:04,,3,620915785a92dfa2f2f7a8ce566ef2af6c0a3182cf7c6e8b5d5c97d7d9cc250a,-76,,3,64,,3
09:45:05,,3,a6f223e087d65ec930396c98c882ed85b7bae9bd98b2aa3a3606bd22cb2bc3ce,-81,,3,64,,3
09:45:06,,3,7a45f24cbded61ea8a785f1e776dfdbbb016dbba2268c2dade1e499cc3720d92,-86,,3,64,,3
09:45:07,26.0,3,8426f1c9456932214e65ee6b51938096a72299d6ba2f048cbcb5091cb0a14998,-87,,3,64,,3
09:45:08,26.0,3,d276dc7dcf09b7f2cf1e6154cba8eb48efcec1879d8f75b2167ff70d6ebd7f22,-92,,3,64,5.0,3
09:45:08,,3,a6f223e087d65ec930396c98c882ed85b7bae9bd98b2aa3a3606bd22cb2bc3ce,-85,,3,64,,3
09:45:09,26.0,3,d276dc7dcf09b7f2cf1e6154cba8eb48efcec1879d8f75b2167ff70d6ebd7f22,-91,,3,64,5.0,3
09:45:10,,3,9219b6cdfb7bbb3d54362d7c4bd7f765d4c791298d84701986eac1d63f70a6bc,-90,,3,64,,3
09:45:11,,3,620915785a92dfa2f2f7a8ce566ef2af6c0a3182cf7c6e8b5d5c97d7d9cc250a,-84,,3,64,,3
09:45:12,,3,04a58dea38bdb4a0d12db06d27d3a656b71d7041d3586ffab49e8925936cbad7,-76,,3,64,,3
09:45:13,26.0,3,8e6a8d0d12cfa134ada71f16223679710532e544282d241b60ee63b3ee309d61,-94,,3,64,7.0,3
09:45:13,,3,71e703d1295888fadfe5fb1dc4ffa41655145c706715772547449caaecc62d82,-87,,3,64,,3
09:45:14,26.0,3,c5a18bd62628e6d99f07946806a7ca6ba5c702e0b84a04c03b1b796bc64f6fc8,-72,,3,64,12.0,3
09:45:15,26.0,3,c5a18bd62628e6d99f07946806a7ca6ba5c702e0b84a04c03b1b796bc64f6fc8,-76,,3,64,12.0,3
09:45:16,,3,04a58dea38bdb4a0d12db06d27d3a656b71d7041d3586ffab49e8925936cbad7,-72,,3,64,,3
09:45:17,,3,a6f223e087d65ec930396c98c882ed85b7bae9bd98b2aa3a3606bd22cb2bc3ce,-81,,3,64,,3
09:45:17,,3,a6f223e087d65ec930396c98c882ed85b7bae9bd98b2aa3a3606bd22cb2bc3ce,-80,,3,64,,3
09:45:18,,3,620915785a92dfa2f2f7a8ce566ef2af6c0a3182cf7c6e8b5d5c97d7d9cc250a,-77,,3,64,,3
09:45:19,,3,9219b6cdfb7bbb3d54362d7c4bd7f765d4c791298d84701986eac1d63f70a6bc,-94,,3,64,,3
09:45:20,,3,71e703d1295888fadfe5fb1dc4ffa41655145c706715772547449caaecc62d82,-87,,3,64,,3
09:45:21,,3,a6f223e087d65ec930396c98c882ed85b7bae9bd98b2aa3a3606bd22cb2bc3ce,-85,,3,64,,3
09:45:21,26.0,3,8426f1c9456932214e65ee6b51938096a72299d6ba2f048cbcb5091cb0a14998,-86,,3,64,,3
09:45:22,,3,9219b6cdfb7bbb3d54362d7c4bd7f765d4c791298d84701986eac1d63f70a6bc,-92,,3,64,,3
09:45:23,26.0,3,8426f1c9456932214e65ee6b51938096a72299d6ba2f048cbcb5091cb0a14998,-85,,3,64,,3
09:45:24,26.0,3,5e76941c89e0b1458418be1572048afd4522f751fee9c214f9b276e18a69b822,-89,,3,64,,3
09:45:25,,3,a6f223e087d65ec930396c98c882ed85b7bae9bd98b2aa3a3606bd22cb2bc3ce,-82,,3,64,,3
09:45:26,,3,a6f223e087d65ec930396c98c882ed85b7bae9bd98b2aa3a3606bd22cb2bc3ce,-82,,3,64,,3
09:45:26,,3,620915785a92dfa2f2f7a8ce566ef2af6c0a3182cf7c6e8b5d5c97d7d9cc250a,-90,,3,64,,3
09:45:27,26.0,3,d276dc7dcf09b7f2cf1e6154cba8eb48efcec1879d8f75b2167ff70d6ebd7f22,-90,,3,64,5.0,3
09:45:28,,3,9219b6cdfb7bbb3d54362d7c4bd7f765d4c791298d84701986eac1d63f70a6bc,-88,,3,64,,3
09:45:29,26.0,3,d276dc7dcf09b7f2cf1e6154cba8eb48efcec1879d8f75b2167ff70d6ebd7f22,-91,,3,64,5.0,3
09:45:29,,3,620915785a92dfa2f2f7a8ce566ef2af6c0a3182cf7c6e8b5d5c97d7d9cc250a,-78,,3,64,,3
09:45:30,,3,620915785a92dfa2f2f7a8ce566ef2af6c0a3182cf7c6e8b5d5c97d7d9cc250a,-78,,3,64,,3
09:45:31,26.0,3,2d93c64e33c12cb0bf39e3df07c99bf456b90e53827958ec5129d1df11052f43,-88,,3,64,7.0,3
09:45:32,,3,620915785a92dfa2f2f7a8ce566ef2af6c0a3182cf7c6e8b5d5c97d7d9cc250a,-92,,3,64,,3
09:45:33,,3,a6f223e087d65ec930396c98c882ed85b7bae9bd98b2aa3a3606bd22cb2bc3ce,-82,,3,64,,3
09:45:33,26.0,3,8426f1c9456932214e65ee6b51938096a72299d6ba2f048cbcb5091cb0a14998,-86,,3,64,,3
09:45:34,26.0,3,ccfa0b1e85545c5260c76c8e2ad5a636b48e3126f7d05215573f0eabe8f19f1d,-88,,3,64,8.0,3
09:45:35,,3,a6f223e087d65ec930396c98c882ed85b7bae9bd98b2aa3a3606bd22cb2bc3ce,-81,,3,64,,3
09:45:36,26.0,3,ccfa0b1e85545c5260c76c8e2ad5a636b48e3126f7d05215573f0eabe8f19f1d,-92,,3,64,8.0,3
09:45:37,,3,a6f223e087d65ec930396c98c882ed85b7bae9bd98b2aa3a3606bd22cb2bc3ce,-81,,3,64,,3
09:45:38,,3,a6f223e087d65ec930396c98c882ed85b7bae9bd98b2aa3a3606bd22cb2bc3ce,-84,,3,64,,3
09:45:38,,3,620915785a92dfa2f2f7a8ce566ef2af6c0a3182cf7c6e8b5d5c97d7d9cc250a,-82,,3,64,,3
09:45:39,,3,a6f223e087d65ec930396c98c882ed85b7bae9bd98b2aa3a3606bd22cb2bc3ce,-82,,3,64,,3
09:45:40,,3,a6f223e087d65ec930396c98c882ed85b7bae9bd98b2aa3a3606bd22cb2bc3ce,-81,,3,64,,3
09:45:41,26.0,3,5e76941c89e0b1458418be1572048afd4522f751fee9c214f9b276e18a69b822,-79,,3,64,,3
09:45:42,26.0,3,8426f1c9456932214e65ee6b51938096a72299d6ba2f048cbcb5091cb0a14998,-84,,3,64,,3
09:45:42,6.0,3,9c361e4be634e32d9b487b556760e512627fd5adc685787264f8d6b12abc8dea,-89,Cb40,3,64,,3
09:45:43,,3,620915785a92dfa2f2f7a8ce566ef2af6c0a3182cf7c6e8b5d5c97d7d9cc250a,-88,,3,64,,3
09:45:44,26.0,3,c5a18bd62628e6d99f07946806a7ca6ba5c702e0b84a04c03b1b796bc64f6fc8,-86,,3,64,12.0,3
09:45:45,,3,ab2c59ffd7d34cab3a1eb14c610323f5cade20cbf37e632fb72d4c0430d0e997,-80,,3,64,,3
09:45:46,,3,620915785a92dfa2f2f7a8ce566ef2af6c0a3182cf7c6e8b5d5c97d7d9cc250a,-86,,3,64,,3
09:45:46,26.0,3,ccfa0b1e85545c5260c76c8e2ad5a636b48e3126f7d05215573f0eabe8f19f1d,-81,,3,64,8.0,3
09:45:47,,3,9219b6cdfb7bbb3d54362d7c4bd7f765d4c791298d84701986eac1d63f70a6bc,-87,,3,64,,3
09:45:48,,3,a6f223e087d65ec930396c98c882ed85b7bae9bd98b2aa3a3606bd22cb2bc3ce,-80,,3,64,,3
09:45:49,26.0,3,5e76941c89e0b1458418be1572048afd4522f751fee9c214f9b276e18a69b822,-80,,3,64,,3
09:45:50,26.0,3,d276dc7dcf09b7f2cf1e6154cba8eb48efcec1879d8f75b2167ff70d6ebd7f22,-86,,3,64,5.0,3
09:45:50,,3,a6f223e087d65ec930396c98c882ed85b7bae9bd98b2aa3a3606bd22cb2bc3ce,-81,,3,64,,3
09:45:51,26.0,3,d276dc7dcf09b7f2cf1e6154cba8eb48efcec1879d8f75b2167ff70d6ebd7f22,-86,,3,64,5.0,3
09:45:52,6.0,3,9c361e4be634e32d9b487b556760e512627fd5adc685787264f8d6b12abc8dea,-84,Cb40,3,64,,3
09:45:53,26.0,3,2d93c64e33c12cb0bf39e3df07c99bf456b90e53827958ec5129d1df11052f43,-86,,3,64,7.0,3
09:45:54,,3,620915785a92dfa2f2f7a8ce566ef2af6c0a3182cf7c6e8b5d5c97d7d9cc250a,-83,,3,64,,3
09:45:54,26.0,3,8426f1c9456932214e65ee6b51938096a72299d6ba2f048cbcb5091cb0a14998,-78,,3,64,,3
09:45:55,26.0,3,ccfa0b1e85545c5260c76c8e2ad5a636b48e3126f7d05215573f0eabe8f19f1d,-82,,3,64,8.0,3
09:45:56,26.0,3,ccfa0b1e85545c5260c76c8e2ad5a636b48e3126f7d05215573f0eabe8f19f1d,-86,,3,64,8.0,3
09:45:57,,3,a6f223e087d65ec930396c98c882ed85b7bae9bd98b2aa3a3606bd22cb2bc3ce,-81,,3,64,,3
09:45:58,,3,620915785a92dfa2f2f7a8ce566ef2af6c0a3182cf7c6e8b5d5c97d7d9cc250a,-78,,3,64,,3
09:45:58,,3,a6f223e087d65ec930396c98c882ed85b7bae9bd98b2aa3a3606bd22cb2bc3ce,-83,,3,64,,3
09:45:59,,3,71e703d1295888fadfe5fb1dc4ffa41655145c706715772547449caaecc62d82,-87,,3,64,,3
09:46:00,,3,620915785a92dfa2f2f7a8ce566ef2af6c0a3182cf7c6e8b5d5c97d7d9cc250a,-81,,3,64,,3
09:46:01,26.0,3,d276dc7dcf09b7f2cf1e6154cba8eb48efcec1879d8f75b2167ff70d6ebd7f22,-92,,3,64,5.0,3
09:46:02,,3,71e703d1295888fadfe5fb1dc4ffa41655145c706715772547449caaecc62d82,-88,,3,64,,3
09:46:02,,3,620915785a92dfa2f2f7a8ce566ef2af6c0a3182cf7c6e8b5d5c97d7d9cc250a,-83,,3,64,,3
09:46:03,26.0,3,8426f1c9456932214e65ee6b51938096a72299d6ba2f048cbcb5091cb0a14998,-81,,3,64,,3
09:46:04,,3,620915785a92dfa2f2f7a8ce566ef2af6c0a3182cf7c6e8b5d5c97d7d9cc250a,-76,,3,64,,3
09:46:05,,3,9219b6cdfb7bbb3d54362d7c4bd7f765d4c791298d84701986eac1d63f70a6bc,-86,,3,64,,3
09:46:05,,3,620915785a92dfa2f2f7a8ce566ef2af6c0a3182cf7c6e8b5d5c97d7d9cc250a,-77,,3,64,,3
09:46:07,26.0,3,c5a18bd62628e6d99f07946806a7ca6ba5c702e0b84a04c03b1b796bc64f6fc8,-81,,3,64,12.0,3
09:46:07,,3,a6f223e087d65ec930396c98c882ed85b7bae9bd98b2aa3a3606bd22cb2bc3ce,-81,,3,64,,3
09:46:08,26.0,3,2b5b38307355192260909b35bf99d66919da5a554f6879b38b2ca617a378c9ec,-83,,3,64,12.0,3
09:46:09,,3,a6f223e087d65ec930396c98c882ed85b7bae9bd98b2aa3a3606bd22cb2bc3ce,-82,,3,64,,3
09:46:10,26.0,3,5e76941c89e0b1458418be1572048afd4522f751fee9c214f9b276e18a69b822,-85,,3,64,,3
09:46:11,,3,620915785a92dfa2f2f7a8ce566ef2af6c0a3182cf7c6e8b5d5c97d7d9cc250a,-80,,3,64,,3
09:46:11,,3,71e703d1295888fadfe5fb1dc4ffa41655145c706715772547449caaecc62d82,-85,,3,64,,3
09:46:12,,3,620915785a92dfa2f2f7a8ce566ef2af6c0a3182cf7c6e8b5d5c97d7d9cc250a,-85,,3,64,,3
09:46:13,,3,9219b6cdfb7bbb3d54362d7c4bd7f765d4c791298d84701986eac1d63f70a6bc,-89,,3,64,,3
09:46:14,26.0,3,2d93c64e33c12cb0bf39e3df07c99bf456b90e53827958ec5129d1df11052f43,-85,,3,64,7.0,3
09:46:15,26.0,3,5e76941c89e0b1458418be1572048afd4522f751fee9c214f9b276e18a69b822,-93,,3,64,,3
09:46:15,,3,a6f223e087d65ec930396c98c882ed85b7bae9bd98b2aa3a3606bd22cb2bc3ce,-82,,3,64,,3
09:46:16,26.0,3,2d93c64e33c12cb0bf39e3df07c99bf456b90e53827958ec5129d1df11052f43,-87,,3,64,7.0,3
09:46:17,26.0,3,860f32737d29f4e52de8c423e7f8516b03e42bc8d07257a0566f9ce9abfa8f4f,-95,,3,64,,3
09:46:18,26.0,3,2b5b38307355192260909b35bf99d66919da5a554f6879b38b2ca617a378c9ec,-84,,3,64,12.0,3
09:46:18,,3,620915785a92dfa2f2f7a8ce566ef2af6c0a3182cf7c6e8b5d5c97d7d9cc250a,-79,,3,64,,3
09:46:19,,3,a6f223e087d65ec930396c98c882ed85b7bae9bd98b2aa3a3606bd22cb2bc3ce,-86,,3,64,,3
09:46:20,,3,9219b6cdfb7bbb3d54362d7c4bd7f765d4c791298d84701986eac1d63f70a6bc,-84,,3,64,,3
09:46:21,,3,620915785a92dfa2f2f7a8ce566ef2af6c0a3182cf7c6e8b5d5c97d7d9cc250a,-82,,3,64,,3
09:46:22,26.0,3,860f32737d29f4e52de8c423e7f8516b03e42bc8d07257a0566f9ce9abfa8f4f,-95,,3,64,,3
09:46:23,,3,9219b6cdfb7bbb3d54362d7c4bd7f765d4c791298d84701986eac1d63f70a6bc,-86,,3,64,,3
09:46:23,26.0,3,2d93c64e33c12cb0bf39e3df07c99bf456b90e53827958ec5129d1df11052f43,-93,,3,64,7.0,3
09:46:24,26.0,3,8426f1c9456932214e65ee6b51938096a72299d6ba2f048cbcb5091cb0a14998,-88,,3,64,12.0,3
09:46:25,26.0,3,5e76941c89e0b1458418be1572048afd4522f751fee9c214f9b276e18a69b822,-85,,3,64,,3
09:46:26,,3,620915785a92dfa2f2f7a8ce566ef2af6c0a3182cf7c6e8b5d5c97d7d9cc250a,-79,,3,64,,3
09:46:27,,3,620915785a92dfa2f2f7a8ce566ef2af6c0a3182cf7c6e8b5d5c97d7d9cc250a,-77,,3,64,,3
09:46:27,26.0,3,c5a18bd62628e6d99f07946806a7ca6ba5c702e0b84a04c03b1b796bc64f6fc8,-78,,3,64,12.0,3
09:46:28,,3,620915785a92dfa2f2f7a8ce566ef2af6c0a3182cf7c6e8b5d5c97d7d9cc250a,-84,,3,64,,3
09:46:29,26.0,3,2b5b38307355192260909b35bf99d66919da5a554f6879b38b2ca617a378c9ec,-87,,3,64,12.0,3
09:46:30,26.0,3,2b5b38307355192260909b35bf99d66919da5a554f6879b38b2ca617a378c9ec,-88,,3,64,,3
09:46:31,26.0,3,2b5b38307355192260909b35bf99d66919da5a554f6879b38b2ca617a378c9ec,-83,,3,64,,3
09:46:31,,3,620915785a92dfa2f2f7a8ce566ef2af6c0a3182cf7c6e8b5d5c97d7d9cc250a,-78,,3,64,,3
09:46:32,,3,9219b6cdfb7bbb3d54362d7c4bd7f765d4c791298d84701986eac1d63f70a6bc,-83,,3,64,,3
09:46:33,26.0,3,8426f1c9456932214e65ee6b51938096a72299d6ba2f048cbcb5091cb0a14998,-82,,3,64,12.0,3
09:46:34,26.0,3,2b5b38307355192260909b35bf99d66919da5a554f6879b38b2ca617a378c9ec,-82,,3,64,12.0,3
09:46:35,,3,71e703d1295888fadfe5fb1dc4ffa41655145c706715772547449caaecc62d82,-87,,3,64,,3
09:46:35,26.0,3,2b5b38307355192260909b35bf99d66919da5a554f6879b38b2ca617a378c9ec,-83,,3,64,12.0,3
09:46:36,,3,7a45f24cbded61ea8a785f1e776dfdbbb016dbba2268c2dade1e499cc3720d92,-94,,3,64,,3
09:46:37,,3,71e703d1295888fadfe5fb1dc4ffa41655145c706715772547449caaecc62d82,-87,,3,64,,3
09:46:38,26.0,3,5e76941c89e0b1458418be1572048afd4522f751fee9c214f9b276e18a69b822,-88,,3,64,,3
09:46:39,,3,9219b6cdfb7bbb3d54362d7c4bd7f765d4c791298d84701986eac1d63f70a6bc,-87,,3,64,,3
09:46:39,,3,a6f223e087d65ec930396c98c882ed85b7bae9bd98b2aa3a3606bd22cb2bc3ce,-84,,3,64,,3
09:46:40,,3,620915785a92dfa2f2f7a8ce566ef2af6c0a3182cf7c6e8b5d5c97d7d9cc250a,-86,,3,64,,3
09:46:41,26.0,3,8426f1c9456932214e65ee6b51938096a72299d6ba2f048cbcb5091cb0a14998,-86,,3,64,,3
09:46:42,,3,71e703d1295888fadfe5fb1dc4ffa41655145c706715772547449caaecc62d82,-88,,3,64,,3
09:46:43,,3,a6f223e087d65ec930396c98c882ed85b7bae9bd98b2aa3a3606bd22cb2bc3ce,-85,,3,64,,3
09:46:44,26.0,3,8e6a8d0d12cfa134ada71f16223679710532e544282d241b60ee63b3ee309d61,-86,,3,64,7.0,3
09:46:44,26.0,3,2d93c64e33c12cb0bf39e3df07c99bf456b90e53827958ec5129d1df11052f43,-87,,3,64,7.0,3
09:46:45,,3,a6f223e087d65ec930396c98c882ed85b7bae9bd98b2aa3a3606bd22cb2bc3ce,-85,,3,64,,3
09:46:46,,3,620915785a92dfa2f2f7a8ce566ef2af6c0a3182cf7c6e8b5d5c97d7d9cc250a,-82,,3,64,,3
09:46:47,,3,9219b6cdfb7bbb3d54362d7c4bd7f765d4c791298d84701986eac1d63f70a6bc,-85,,3,64,,3
09:46:48,26.0,3,c5a18bd62628e6d99f07946806a7ca6ba5c702e0b84a04c03b1b796bc64f6fc8,-81,,3,64,12.0,3
09:46:48,,3,a6f223e087d65ec930396c98c882ed85b7bae9bd98b2aa3a3606bd22cb2bc3ce,-83,,3,64,,3
09:46:49,,3,9219b6cdfb7bbb3d54362d7c4bd7f765d4c791298d84701986eac1d63f70a6bc,-83,,3,64,,3
09:46:50,26.0,3,5e76941c89e0b1458418be1572048afd4522f751fee9c214f9b276e18a69b822,-89,,3,64,,3
09:46:51,26.0,3,c5a18bd62628e6d99f07946806a7ca6ba5c702e0b84a04c03b1b796bc64f6fc8,-81,,3,64,12.0,3
09:46:52,26.0,3,8426f1c9456932214e65ee6b51938096a72299d6ba2f048cbcb5091cb0a14998,-83,,3,64,12.0,3
09:46:52,,3,a6f223e087d65ec930396c98c882ed85b7bae9bd98b2aa3a3606bd22cb2bc3ce,-82,,3,64,,3
09:46:53,26.0,3,c5a18bd62628e6d99f07946806a7ca6ba5c702e0b84a04c03b1b796bc64f6fc8,-80,,3,64,12.0,3
09:46:54,,3,9219b6cdfb7bbb3d54362d7c4bd7f765d4c791298d84701986eac1d63f70a6bc,-86,,3,64,,3
09:46:55,,3,71e703d1295888fadfe5fb1dc4ffa41655145c706715772547449caaecc62d82,-86,,3,64,,3
09:46:56,,3,9219b6cdfb7bbb3d54362d7c4bd7f765d4c791298d84701986eac1d63f70a6bc,-83,,3,64,,3
09:46:56,,3,620915785a92dfa2f2f7a8ce566ef2af6c0a3182cf7c6e8b5d5c97d7d9cc250a,-77,,3,64,,3
09:46:57,26.0,3,5e76941c89e0b1458418be1572048afd4522f751fee9c214f9b276e18a69b822,-83,,3,64,,3
09:46:58,,3,9219b6cdfb7bbb3d54362d7c4bd7f765d4c791298d84701986eac1d63f70a6bc,-84,,3,64,,3
09:46:59,,3,fb397a6162d42e21af9905dfaa27021204cf4756650e08ccfa062aba09f0386f,-91,,3,64,,3
09:47:00,,3,a6f223e087d65ec930396c98c882ed85b7bae9bd98b2aa3a3606bd22cb2bc3ce,-82,,3,64,,3
09:47:01,26.0,3,ccfa0b1e85545c5260c76c8e2ad5a636b48e3126f7d05215573f0eabe8f19f1d,-87,,3,64,8.0,3
09:47:01,,3,620915785a92dfa2f2f7a8ce566ef2af6c0a3182cf7c6e8b5d5c97d7d9cc250a,-82,,3,64,,3
09:47:02,,3,a6f223e087d65ec930396c98c882ed85b7bae9bd98b2aa3a3606bd22cb2bc3ce,-80,,3,64,,3
09:47:03,26.0,3,8426f1c9456932214e65ee6b51938096a72299d6ba2f048cbcb5091cb0a14998,-82,,3,64,12.0,3
09:47:04,,3,a6f223e087d65ec930396c98c882ed85b7bae9bd98b2aa3a3606bd22cb2bc3ce,-80,,3,64,,3
09:47:05,,3,9219b6cdfb7bbb3d54362d7c4bd7f765d4c791298d84701986eac1d63f70a6bc,-87,,3,64,,3
09:47:05,26.0,3,d276dc7dcf09b7f2cf1e6154cba8eb48efcec1879d8f75b2167ff70d6ebd7f22,-90,,3,64,5.0,3
09:47:06,,3,a6f223e087d65ec930396c98c882ed85b7bae9bd98b2aa3a3606bd22cb2bc3ce,-81,,3,64,,3
09:47:07,,3,ab2c59ffd7d34cab3a1eb14c610323f5cade20cbf37e632fb72d4c0430d0e997,-80,,3,64,,3
09:47:08,,3,a6f223e087d65ec930396c98c882ed85b7bae9bd98b2aa3a3606bd22cb2bc3ce,-80,,3,64,,3
09:47:09,26.0,3,2d93c64e33c12cb0bf39e3df07c99bf456b90e53827958ec5129d1df11052f43,-94,,3,64,7.0,3
09:47:09,,3,a6f223e087d65ec930396c98c882ed85b7bae9bd98b2aa3a3606bd22cb2bc3ce,-83,,3,64,,3
09:47:10,,3,a6f223e087d65ec930396c98c882ed85b7bae9bd98b2aa3a3606bd22cb2bc3ce,-82,,3,64,,3
09:47:11,26.0,3,5e76941c89e0b1458418be1572048afd4522f751fee9c214f9b276e18a69b822,-80,,3,64,,3
09:47:12,,3,9219b6cdfb7bbb3d54362d7c4bd7f765d4c791298d84701986eac1d63f70a6bc,-87,,3,64,,3
09:47:13,,3,a6f223e087d65ec930396c98c882ed85b7bae9bd98b2aa3a3606bd22cb2bc3ce,-83,,3,64,,3
09:47:13,26.0,3,2b5b38307355192260909b35bf99d66919da5a554f6879b38b2ca617a378c9ec,-83,,3,64,12.0,3
09:47:14,26.0,3,ccfa0b1e85545c5260c76c8e2ad5a636b48e3126f7d05215573f0eabe8f19f1d,-78,,3,64,8.0,3
09:47:15,,3,9219b6cdfb7bbb3d54362d7c4bd7f765d4c791298d84701986eac1d63f70a6bc,-81,,3,64,,3
09:47:15,26.0,3,5e76941c89e0b1458418be1572048afd4522f751fee9c214f9b276e18a69b822,-82,,3,64,,3
09:47:17,,3,620915785a92dfa2f2f7a8ce566ef2af6c0a3182cf7c6e8b5d5c97d7d9cc250a,-80,,3,64,,3
09:47:18,26.0,3,c5a18bd62628e6d99f07946806a7ca6ba5c702e0b84a04c03b1b796bc64f6fc8,-83,,3,64,12.0,3
09:47:18,,3,a6f223e087d65ec930396c98c882ed85b7bae9bd98b2aa3a3606bd22cb2bc3ce,-81,,3,64,,3
09:47:19,,3,71e703d1295888fadfe5fb1dc4ffa41655145c706715772547449caaecc62d82,-87,,3,64,,3
09:47:20,,3,9219b6cdfb7bbb3d54362d7c4bd7f765d4c791298d84701986eac1d63f70a6bc,-89,,3,64,,3
09:47:21,26.0,3,c5a18bd62628e6d99f07946806a7ca6ba5c702e0b84a04c03b1b796bc64f6fc8,-81,,3,64,12.0,3
09:47:22,,3,9219b6cdfb7bbb3d54362d7c4bd7f765d4c791298d84701986eac1d63f70a6bc,-83,,3,64,,3
09:47:22,,3,3c99d2e3b42e53925ad5f60d3123ff4548fa216ae4c92acd6d5e3a7de98ed668,-86,,3,64,,3
09:47:23,,3,71e703d1295888fadfe5fb1dc4ffa41655145c706715772547449caaecc62d82,-91,,3,64,,3
09:47:24,,3,9219b6cdfb7bbb3d54362d7c4bd7f765d4c791298d84701986eac1d63f70a6bc,-88,,3,64,,3
09:47:25,,3,a6f223e087d65ec930396c98c882ed85b7bae9bd98b2aa3a3606bd22cb2bc3ce,-80,,3,64,,3
09:47:26,26.0,3,c5a18bd62628e6d99f07946806a7ca6ba5c702e0b84a04c03b1b796bc64f6fc8,-86,,3,64,12.0,3
09:47:26,,3,620915785a92dfa2f2f7a8ce566ef2af6c0a3182cf7c6e8b5d5c97d7d9cc250a,-92,,3,64,,3
09:47:27,,3,620915785a92dfa2f2f7a8ce566ef2af6c0a3182cf7c6e8b5d5c97d7d9cc250a,-87,,3,64,,3
09:47:28,,3,9219b6cdfb7bbb3d54362d7c4bd7f765d4c791298d84701986eac1d63f70a6bc,-91,,3,64,,3
09:47:29,,3,71e703d1295888fadfe5fb1dc4ffa41655145c706715772547449caaecc62d82,-90,,3,64,,3
09:47:30,26.0,3,2b5b38307355192260909b35bf99d66919da5a554f6879b38b2ca617a378c9ec,-81,,3,64,12.0,3
09:47:31,26.0,3,ccfa0b1e85545c5260c76c8e2ad5a636b48e3126f7d05215573f0eabe8f19f1d,-85,,3,64,8.0,3
09:47:31,,3,71e703d1295888fadfe5fb1dc4ffa41655145c706715772547449caaecc62d82,-89,,3,64,,3
09:47:32,26.0,3,d276dc7dcf09b7f2cf1e6154cba8eb48efcec1879d8f75b2167ff70d6ebd7f22,-87,,3,64,5.0,3
09:47:33,,3,620915785a92dfa2f2f7a8ce566ef2af6c0a3182cf7c6e8b5d5c97d7d9cc250a,-80,,3,64,,3
09:47:34,,3,71e703d1295888fadfe5fb1dc4ffa41655145c706715772547449caaecc62d82,-89,,3,64,,3
09:47:35,,3,9219b6cdfb7bbb3d54362d7c4bd7f765d4c791298d84701986eac1d63f70a6bc,-85,,3,64,,3
09:47:35,,3,a6f223e087d65ec930396c98c882ed85b7bae9bd98b2aa3a3606bd22cb2bc3ce,-84,,3,64,,3
09:47:36,,3,a6f223e087d65ec930396c98c882ed85b7bae9bd98b2aa3a3606bd22cb2bc3ce,-82,,3,64,,3
09:47:37,26.0,3,8e6a8d0d12cfa134ada71f16223679710532e544282d241b60ee63b3ee309d61,-93,,3,64,7.0,3
09:47:38,,3,9219b6cdfb7bbb3d54362d7c4bd7f765d4c791298d84701986eac1d63f70a6bc,-94,,3,64,,3
09:47:38,,3,a6f223e087d65ec930396c98c882ed85b7bae9bd98b2aa3a3606bd22cb2bc3ce,-81,,3,64,,3
09:47:39,,3,620915785a92dfa2f2f7a8ce566ef2af6c0a3182cf7c6e8b5d5c97d7d9cc250a,-79,,3,64,,3
09:47:40,,3,620915785a92dfa2f2f7a8ce566ef2af6c0a3182cf7c6e8b5d5c97d7d9cc250a,-81,,3,64,,3
09:47:41,,3,9219b6cdfb7bbb3d54362d7c4bd7f765d4c791298d84701986eac1d63f70a6bc,-93,,3,64,,3
09:47:42,26.0,3,2b5b38307355192260909b35bf99d66919da5a554f6879b38b2ca617a378c9ec,-82,,3,64,12.0,3
09:47:43,6.0,3,d1de0ddb51e6fdcb1eeb0a80d815c6b9a0c610ff82e78b630f80a717ef6f14a5,-90,Cb40,3,64,,3
09:47:43,,3,9219b6cdfb7bbb3d54362d7c4bd7f765d4c791298d84701986eac1d63f70a6bc,-89,,3,64,,3
09:47:44,26.0,3,8426f1c9456932214e65ee6b51938096a72299d6ba2f048cbcb5091cb0a14998,-84,,3,64,12.0,3
09:47:45,,3,a6f223e087d65ec930396c98c882ed85b7bae9bd98b2aa3a3606bd22cb2bc3ce,-86,,3,64,,3
09:47:46,26.0,3,5e76941c89e0b1458418be1572048afd4522f751fee9c214f9b276e18a69b822,-83,,3,64,,3
09:47:47,,3,9219b6cdfb7bbb3d54362d7c4bd7f765d4c791298d84701986eac1d63f70a6bc,-85,,3,64,,3
09:47:47,,3,9219b6cdfb7bbb3d54362d7c4bd7f765d4c791298d84701986eac1d63f70a6bc,-84,,3,64,,3
09:47:48,,3,71e703d1295888fadfe5fb1dc4ffa41655145c706715772547449caaecc62d82,-90,,3,64,,3
09:47:49,,3,620915785a92dfa2f2f7a8ce566ef2af6c0a3182cf7c6e8b5d5c97d7d9cc250a,-79,,3,64,,3
09:47:50,26.0,3,8e6a8d0d12cfa134ada71f16223679710532e544282d241b60ee63b3ee309d61,-86,,3,64,7.0,3
09:47:51,,3,9219b6cdfb7bbb3d54362d7c4bd7f765d4c791298d84701986eac1d63f70a6bc,-85,,3,64,,3
09:47:52,,3,620915785a92dfa2f2f7a8ce566ef2af6c0a3182cf7c6e8b5d5c97d7d9cc250a,-80,,3,64,,3
09:47:52,26.0,3,2b5b38307355192260909b35bf99d66919da5a554f6879b38b2ca617a378c9ec,-82,,3,64,,3
09:47:53,,3,9219b6cdfb7bbb3d54362d7c4bd7f765d4c791298d84701986eac1d63f70a6bc,-86,,3,64,,3
09:47:54,26.0,3,2b5b38307355192260909b35bf99d66919da5a554f6879b38b2ca617a378c9ec,-87,,3,64,,3
09:47:55,,3,9219b6cdfb7bbb3d54362d7c4bd7f765d4c791298d84701986eac1d63f70a6bc,-89,,3,64,,3
09:47:56,,3,620915785a92dfa2f2f7a8ce566ef2af6c0a3182cf7c6e8b5d5c97d7d9cc250a,-83,,3,64,,3
09:47:56,26.0,3,8426f1c9456932214e65ee6b51938096a72299d6ba2f048cbcb5091cb0a14998,-77,,3,64,,3
09:47:57,26.0,3,2b5b38307355192260909b35bf99d66919da5a554f6879b38b2ca617a378c9ec,-90,,3,64,,3
09:47:58,,3,71e703d1295888fadfe5fb1dc4ffa41655145c706715772547449caaecc62d82,-90,,3,64,,3
09:47:59,26.0,3,c5a18bd62628e6d99f07946806a7ca6ba5c702e0b84a04c03b1b796bc64f6fc8,-87,,3,64,12.0,3
09:48:00,,3,620915785a92dfa2f2f7a8ce566ef2af6c0a3182cf7c6e8b5d5c97d7d9cc250a,-85,,3,64,,3
09:48:00,6.0,3,9c361e4be634e32d9b487b556760e512627fd5adc685787264f8d6b12abc8dea,-88,Cb40,3,64,,3
09:48:01,,3,a6f223e087d65ec930396c98c882ed85b7bae9bd98b2aa3a3606bd22cb2bc3ce,-85,,3,64,,3
09:48:02,,3,620915785a92dfa2f2f7a8ce566ef2af6c0a3182cf7c6e8b5d5c97d7d9cc250a,-85,,3,64,,3
09:48:03,26.0,3,8e6a8d0d12cfa134ada71f16223679710532e544282d241b60ee63b3ee309d61,-86,,3,64,7.0,3
09:48:04,26.0,3,5e76941c89e0b1458418be1572048afd4522f751fee9c214f9b276e18a69b822,-81,,3,64,,3
09:48:04,,3,a6f223e087d65ec930396c98c882ed85b7bae9bd98b2aa3a3606bd22cb2bc3ce,-81,,3,64,,3
09:48:05,,3,a6f223e087d65ec930396c98c882ed85b7bae9bd98b2aa3a3606bd22cb2bc3ce,-85,,3,64,,3
09:48:06,26.0,3,8426f1c9456932214e65ee6b51938096a72299d6ba2f048cbcb5091cb0a14998,-77,,3,64,,3
09:48:07,,3,620915785a92dfa2f2f7a8ce566ef2af6c0a3182cf7c6e8b5d5c97d7d9cc250a,-89,,3,64,,3
09:48:08,,3,75995fd09cdbb1a7aea0ca834b2866c5aacf01682bb8fcc41768472926baf3f7,-90,,3,64,,3
09:48:09,26.0,3,8426f1c9456932214e65ee6b51938096a72299d6ba2f048cbcb5091cb0a14998,-89,,3,64,,3
09:48:09,26.0,3,8426f1c9456932214e65ee6b51938096a72299d6ba2f048cbcb5091cb0a14998,-83,,3,64,,3
09:48:10,,3,75995fd09cdbb1a7aea0ca834b2866c5aacf01682bb8fcc41768472926baf3f7,-89,,3,64,,3
09:48:11,,3,84c3b8b40c2b81965f0bd0c4ab71b0581a2d8d96a2d3dd40890c99d3e468a709,-89,,3,64,,3
09:48:12,26.0,3,ccfa0b1e85545c5260c76c8e2ad5a636b48e3126f7d05215573f0eabe8f19f1d,-86,,3,64,8.0,3
09:48:13,,3,7a45f24cbded61ea8a785f1e776dfdbbb016dbba2268c2dade1e499cc3720d92,-79,,3,64,,3
09:48:13,26.0,3,336668bc351b5c41d8052021c2483712e425c31916b01a9ff78ee39a5779c880,-86,,3,64,,3
09:48:14,,3,84c3b8b40c2b81965f0bd0c4ab71b0581a2d8d96a2d3dd40890c99d3e468a709,-90,,3,64,,3
09:48:15,,3,84c3b8b40c2b81965f0bd0c4ab71b0581a2d8d96a2d3dd40890c99d3e468a709,-95,,3,64,,3
09:48:16,,3,620915785a92dfa2f2f7a8ce566ef2af6c0a3182cf7c6e8b5d5c97d7d9cc250a,-79,,3,64,,3
09:48:17,,3,620915785a92dfa2f2f7a8ce566ef2af6c0a3182cf7c6e8b5d5c97d7d9cc250a,-93,,3,64,,3
09:48:17,26.0,3,8e6a8d0d12cfa134ada71f16223679710532e544282d241b60ee63b3ee309d61,-91,,3,64,7.0,3
09:48:18,,3,84c3b8b40c2b81965f0bd0c4ab71b0581a2d8d96a2d3dd40890c99d3e468a709,-86,,3,64,,3
09:48:19,,3,620915785a92dfa2f2f7a8ce566ef2af6c0a3182cf7c6e8b5d5c97d7d9cc250a,-88,,3,64,,3
09:48:20,26.0,3,18813044191c07cc4e8748a9c44b296d10ac7a93b0614a2f3127f8842f0a3094,-79,,3,64,,3
09:48:21,,3,84c3b8b40c2b81965f0bd0c4ab71b0581a2d8d96a2d3dd40890c99d3e468a709,-86,,3,64,,3
09:48:22,,3,3b0a930e8dcda48d798b1158c874a7fee66350e875c7c405a731bade1fb6e770,-86,,3,64,,3
09:48:22,,3,620915785a92dfa2f2f7a8ce566ef2af6c0a3182cf7c6e8b5d5c97d7d9cc250a,-81,,3,64,,3
09:48:23,26.0,3,2b5b38307355192260909b35bf99d66919da5a554f6879b38b2ca617a378c9ec,-79,,3,64,12.0,3
09:48:24,,3,a6f223e087d65ec930396c98c882ed85b7bae9bd98b2aa3a3606bd22cb2bc3ce,-82,,3,64,,3
09:48:25,26.0,3,18813044191c07cc4e8748a9c44b296d10ac7a93b0614a2f3127f8842f0a3094,-83,,3,64,,3
09:48:26,,3,84c3b8b40c2b81965f0bd0c4ab71b0581a2d8d96a2d3dd40890c99d3e468a709,-92,,3,64,,3
09:48:26,,3,a6f223e087d65ec930396c98c882ed85b7bae9bd98b2aa3a3606bd22cb2bc3ce,-81,,3,64,,3
09:48:27,26.0,3,18813044191c07cc4e8748a9c44b296d10ac7a93b0614a2f3127f8842f0a3094,-83,,3,64,,3
09:48:28,,3,84c3b8b40c2b81965f0bd0c4ab71b0581a2d8d96a2d3dd40890c99d3e468a709,-88,,3,64,,3
09:48:29,,3,a6f223e087d65ec930396c98c882ed85b7bae9bd98b2aa3a3606bd22cb2bc3ce,-82,,3,64,,3
09:48:30,,3,620915785a92dfa2f2f7a8ce566ef2af6c0a3182cf7c6e8b5d5c97d7d9cc250a,-79,,3,64,,3
09:48:30,26.0,3,336668bc351b5c41d8052021c2483712e425c31916b01a9ff78ee39a5779c880,-76,,3,64,,3
09:48:31,26.0,3,18813044191c07cc4e8748a9c44b296d10ac7a93b0614a2f3127f8842f0a3094,-81,,3,64,,3
09:48:32,,3,84c3b8b40c2b81965f0bd0c4ab71b0581a2d8d96a2d3dd40890c99d3e468a709,-85,,3,64,,3
09:48:33,,3,620915785a92dfa2f2f7a8ce566ef2af6c0a3182cf7c6e8b5d5c97d7d9cc250a,-75,,3,64,,3
09:48:34,,3,84c3b8b40c2b81965f0bd0c4ab71b0581a2d8d96a2d3dd40890c99d3e468a709,-89,,3,64,,3
09:48:35,26.0,3,18813044191c07cc4e8748a9c44b296d10ac7a93b0614a2f3127f8842f0a3094,-82,,3,64,,3
09:48:35,26.0,3,336668bc351b5c41d8052021c2483712e425c31916b01a9ff78ee39a5779c880,-87,,3,64,,3
09:48:36,,3,a6f223e087d65ec930396c98c882ed85b7bae9bd98b2aa3a3606bd22cb2bc3ce,-82,,3,64,,3
09:48:37,,3,84c3b8b40c2b81965f0bd0c4ab71b0581a2d8d96a2d3dd40890c99d3e468a709,-85,,3,64,,3
09:48:38,,3,a6f223e087d65ec930396c98c882ed85b7bae9bd98b2aa3a3606bd22cb2bc3ce,-84,,3,64,,3
09:48:39,,3,c07001e8a57bb4b292ebf5db8bfab7e5fe40a742f8f550605e41349af2c61ffb,-76,,3,64,,3
09:48:39,26.0,3,c5a18bd62628e6d99f07946806a7ca6ba5c702e0b84a04c03b1b796bc64f6fc8,-85,,3,64,12.0,3
09:48:40,,3,a6f223e087d65ec930396c98c882ed85b7bae9bd98b2aa3a3606bd22cb2bc3ce,-85,,3,64,,3
09:48:41,26.0,3,d276dc7dcf09b7f2cf1e6154cba8eb48efcec1879d8f75b2167ff70d6ebd7f22,-88,,3,64,5.0,3
09:48:42,26.0,3,2b5b38307355192260909b35bf99d66919da5a554f6879b38b2ca617a378c9ec,-85,,3,64,12.0,3
09:48:43,26.0,3,c5a18bd62628e6d99f07946806a7ca6ba5c702e0b84a04c03b1b796bc64f6fc8,-85,,3,64,12.0,3
09:48:43,,3,a6f223e087d65ec930396c98c882ed85b7bae9bd98b2aa3a3606bd22cb2bc3ce,-80,,3,64,,3
09:48:44,26.0,3,49dda582b84532793d9a91417500dfdb53831cc63bcb5b0567fc164a31458184,-89,,3,64,8.0,3
09:48:45,26.0,3,c5a18bd62628e6d99f07946806a7ca6ba5c702e0b84a04c03b1b796bc64f6fc8,-82,,3,64,12.0,3
09:48:46,26.0,3,c5a18bd62628e6d99f07946806a7ca6ba5c702e0b84a04c03b1b796bc64f6fc8,-84,,3,64,12.0,3
09:48:47,,3,a6f223e087d65ec930396c98c882ed85b7bae9bd98b2aa3a3606bd22cb2bc3ce,-83,,3,64,,3
09:48:47,26.0,3,8e6a8d0d12cfa134ada71f16223679710532e544282d241b60ee63b3ee309d61,-84,,3,64,7.0,3
09:48:48,6.0,3,d1de0ddb51e6fdcb1eeb0a80d815c6b9a0c610ff82e78b630f80a717ef6f14a5,-93,Cb40,3,64,,3
09:48:49,26.0,3,336668bc351b5c41d8052021c2483712e425c31916b01a9ff78ee39a5779c880,-87,,3,64,,3
09:48:49,,3,84c3b8b40c2b81965f0bd0c4ab71b0581a2d8d96a2d3dd40890c99d3e468a709,-87,,3,64,,3
09:48:51,26.0,3,336668bc351b5c41d8052021c2483712e425c31916b01a9ff78ee39a5779c880,-91,,3,64,,3
09:48:52,,3,a6f223e087d65ec930396c98c882ed85b7bae9bd98b2aa3a3606bd22cb2bc3ce,-85,,3,64,,3
09:48:52,,3,a6f223e087d65ec930396c98c882ed85b7bae9bd98b2aa3a3606bd22cb2bc3ce,-81,,3,64,,3
09:48:53,,3,84c3b8b40c2b81965f0bd0c4ab71b0581a2d8d96a2d3dd40890c99d3e468a709,-85,,3,64,,3
09:48:54,26.0,3,2d93c64e33c12cb0bf39e3df07c99bf456b90e53827958ec5129d1df11052f43,-88,,3,64,7.0,3
09:48:55,26.0,3,336668bc351b5c41d8052021c2483712e425c31916b01a9ff78ee39a5779c880,-83,,3,64,,3
09:48:56,,3,c07001e8a57bb4b292ebf5db8bfab7e5fe40a742f8f550605e41349af2c61ffb,-92,,3,64,,3
09:48:56,,3,a6f223e087d65ec930396c98c882ed85b7bae9bd98b2aa3a3606bd22cb2bc3ce,-82,,3,64,,3
09:48:57,26.0,3,18813044191c07cc4e8748a9c44b296d10ac7a93b0614a2f3127f8842f0a3094,-87,,3,64,,3
09:48:58,,3,c07001e8a57bb4b292ebf5db8bfab7e5fe40a742f8f550605e41349af2c61ffb,-80,,3,64,,3
09:48:59,,3,a6f223e087d65ec930396c98c882ed85b7bae9bd98b2aa3a3606bd22cb2bc3ce,-83,,3,64,,3
09:49:00,,3,84c3b8b40c2b81965f0bd0c4ab71b0581a2d8d96a2d3dd40890c99d3e468a709,-88,,3,64,,3
09:49:00,,3,c07001e8a57bb4b292ebf5db8bfab7e5fe40a742f8f550605e41349af2c61ffb,-78,,3,64,,3
09:49:01,,3,c07001e8a57bb4b292ebf5db8bfab7e5fe40a742f8f550605e41349af2c61ffb,-76,,3,64,,3
09:49:02,,3,9bda1742eeabc9569b3fb27107fca27c6aae29f85eb13d848a856a76e53b9190,-78,,3,64,,3
09:49:03,,3,75995fd09cdbb1a7aea0ca834b2866c5aacf01682bb8fcc41768472926baf3f7,-94,,3,64,,3
09:49:04,26.0,3,18813044191c07cc4e8748a9c44b296d10ac7a93b0614a2f3127f8842f0a3094,-87,,3,64,,3
09:49:04,26.0,3,336668bc351b5c41d8052021c2483712e425c31916b01a9ff78ee39a5779c880,-88,,3,64,12.0,3
09:49:05,,3,84c3b8b40c2b81965f0bd0c4ab71b0581a2d8d96a2d3dd40890c99d3e468a709,-87,,3,64,,3
09:49:06,26.0,3,18813044191c07cc4e8748a9c44b296d10ac7a93b0614a2f3127f8842f0a3094,-87,,3,64,,3
09:49:07,,3,84c3b8b40c2b81965f0bd0c4ab71b0581a2d8d96a2d3dd40890c99d3e468a709,-84,,3,64,,3
09:49:08,,3,a6f223e087d65ec930396c98c882ed85b7bae9bd98b2aa3a3606bd22cb2bc3ce,-83,,3,64,,3
09:49:09,,3,a6f223e087d65ec930396c98c882ed85b7bae9bd98b2aa3a3606bd22cb2bc3ce,-87,,3,64,,3
09:49:09,,3,84c3b8b40c2b81965f0bd0c4ab71b0581a2d8d96a2d3dd40890c99d3e468a709,-84,,3,64,,3
09:49:10,,3,a6f223e087d65ec930396c98c882ed85b7bae9bd98b2aa3a3606bd22cb2bc3ce,-83,,3,64,,3
09:49:11,6.0,3,9c361e4be634e32d9b487b556760e512627fd5adc685787264f8d6b12abc8dea,-89,Cb40,3,64,,3
09:49:12,,3,c07001e8a57bb4b292ebf5db8bfab7e5fe40a742f8f550605e41349af2c61ffb,-80,,3,64,,3
09:49:13,,3,a6f223e087d65ec930396c98c882ed85b7bae9bd98b2aa3a3606bd22cb2bc3ce,-81,,3,64,,3
09:49:13,,3,84c3b8b40c2b81965f0bd0c4ab71b0581a2d8d96a2d3dd40890c99d3e468a709,-85,,3,64,,3
09:49:14,26.0,3,18813044191c07cc4e8748a9c44b296d10ac7a93b0614a2f3127f8842f0a3094,-92,,3,64,,3
09:49:15,,3,c07001e8a57bb4b292ebf5db8bfab7e5fe40a742f8f550605e41349af2c61ffb,-73,,3,64,,3
09:49:16,26.0,3,18813044191c07cc4e8748a9c44b296d10ac7a93b0614a2f3127f8842f0a3094,-87,,3,64,,3
09:49:17,26.0,3,18813044191c07cc4e8748a9c44b296d10ac7a93b0614a2f3127f8842f0a3094,-87,,3,64,,3
09:49:17,,3,84c3b8b40c2b81965f0bd0c4ab71b0581a2d8d96a2d3dd40890c99d3e468a709,-84,,3,64,,3
09:49:18,26.0,3,49dda582b84532793d9a91417500dfdb53831cc63bcb5b0567fc164a31458184,-81,,3,64,8.0,3
09:49:19,,3,84c3b8b40c2b81965f0bd0c4ab71b0581a2d8d96a2d3dd40890c99d3e468a709,-86,,3,64,,3
09:49:20,,3,84c3b8b40c2b81965f0bd0c4ab71b0581a2d8d96a2d3dd40890c99d3e468a709,-80,,3,64,,3
09:49:21,,3,7a45f24cbded61ea8a785f1e776dfdbbb016dbba2268c2dade1e499cc3720d92,-83,,3,64,,3
09:49:22,26.0,3,49dda582b84532793d9a91417500dfdb53831cc63bcb5b0567fc164a31458184,-82,,3,64,8.0,3
09:49:22,,3,84c3b8b40c2b81965f0bd0c4ab71b0581a2d8d96a2d3dd40890c99d3e468a709,-78,,3,64,,3
09:49:23,,3,c07001e8a57bb4b292ebf5db8bfab7e5fe40a742f8f550605e41349af2c61ffb,-79,,3,64,,3
09:49:24,,3,84c3b8b40c2b81965f0bd0c4ab71b0581a2d8d96a2d3dd40890c99d3e468a709,-91,,3,64,,3
09:49:25,26.0,3,2b5b38307355192260909b35bf99d66919da5a554f6879b38b2ca617a378c9ec,-88,,3,64,12.0,3
09:49:26,,3,84c3b8b40c2b81965f0bd0c4ab71b0581a2d8d96a2d3dd40890c99d3e468a709,-88,,3,64,,3
09:49:26,26.0,3,336668bc351b5c41d8052021c2483712e425c31916b01a9ff78ee39a5779c880,-86,,3,64,12.0,3
09:49:27,26.0,3,336668bc351b5c41d8052021c2483712e425c31916b01a9ff78ee39a5779c880,-84,,3,64,12.0,3
09:49:28,,3,84c3b8b40c2b81965f0bd0c4ab71b0581a2d8d96a2d3dd40890c99d3e468a709,-89,,3,64,,3
09:49:29,,3,7a45f24cbded61ea8a785f1e776dfdbbb016dbba2268c2dade1e499cc3720d92,-83,,3,64,,3
09:49:30,,3,84c3b8b40c2b81965f0bd0c4ab71b0581a2d8d96a2d3dd40890c99d3e468a709,-88,,3,64,,3
09:49:30,26.0,3,18813044191c07cc4e8748a9c44b296d10ac7a93b0614a2f3127f8842f0a3094,-86,,3,64,,3
09:49:31,26.0,3,49dda582b84532793d9a91417500dfdb53831cc63bcb5b0567fc164a31458184,-84,,3,64,8.0,3
09:49:32,26.0,3,49dda582b84532793d9a91417500dfdb53831cc63bcb5b0567fc164a31458184,-87,,3,64,8.0,3
09:49:33,,3,c07001e8a57bb4b292ebf5db8bfab7e5fe40a742f8f550605e41349af2c61ffb,-76,,3,64,,3
09:49:34,26.0,3,49dda582b84532793d9a91417500dfdb53831cc63bcb5b0567fc164a31458184,-89,,3,64,8.0,3
09:49:34,,3,84c3b8b40c2b81965f0bd0c4ab71b0581a2d8d96a2d3dd40890c99d3e468a709,-82,,3,64,,3
09:49:35,,3,fb397a6162d42e21af9905dfaa27021204cf4756650e08ccfa062aba09f0386f,-96,,3,64,,3
09:49:36,,3,c07001e8a57bb4b292ebf5db8bfab7e5fe40a742f8f550605e41349af2c61ffb,-77,,3,64,,3
09:49:37,,3,c07001e8a57bb4b292ebf5db8bfab7e5fe40a742f8f550605e41349af2c61ffb,-79,,3,64,,3
09:49:38,,3,a6f223e087d65ec930396c98c882ed85b7bae9bd98b2aa3a3606bd22cb2bc3ce,-91,,3,64,,3
09:49:39,,3,84c3b8b40c2b81965f0bd0c4ab71b0581a2d8d96a2d3dd40890c99d3e468a709,-80,,3,64,,3
09:49:39,,3,c07001e8a57bb4b292ebf5db8bfab7e5fe40a742f8f550605e41349af2c61ffb,-78,,3,64,,3
09:49:40,26.0,3,2b5b38307355192260909b35bf99d66919da5a554f6879b38b2ca617a378c9ec,-89,,3,64,12.0,3
09:49:41,26.0,3,49dda582b84532793d9a91417500dfdb53831cc63bcb5b0567fc164a31458184,-86,,3,64,8.0,3
09:49:42,,3,84c3b8b40c2b81965f0bd0c4ab71b0581a2d8d96a2d3dd40890c99d3e468a709,-86,,3,64,,3
09:49:43,,3,c07001e8a57bb4b292ebf5db8bfab7e5fe40a742f8f550605e41349af2c61ffb,-77,,3,64,,3
09:49:43,26.0,3,d276dc7dcf09b7f2cf1e6154cba8eb48efcec1879d8f75b2167ff70d6ebd7f22,-93,,3,64,5.0,3
09:49:44,,3,84c3b8b40c2b81965f0bd0c4ab71b0581a2d8d96a2d3dd40890c99d3e468a709,-86,,3,64,,3
09:49:45,,3,c07001e8a57bb4b292ebf5db8bfab7e5fe40a742f8f550605e41349af2c61ffb,-76,,3,64,,3
09:49:46,,3,9bda1742eeabc9569b3fb27107fca27c6aae29f85eb13d848a856a76e53b9190,-60,,3,64,,3
09:49:47,,3,84c3b8b40c2b81965f0bd0c4ab71b0581a2d8d96a2d3dd40890c99d3e468a709,-80,,3,64,,3
09:49:47,,3,84c3b8b40c2b81965f0bd0c4ab71b0581a2d8d96a2d3dd40890c99d3e468a709,-90,,3,64,,3
09:49:48,26.0,3,49dda582b84532793d9a91417500dfdb53831cc63bcb5b0567fc164a31458184,-82,,3,64,8.0,3
09:49:49,,3,c07001e8a57bb4b292ebf5db8bfab7e5fe40a742f8f550605e41349af2c61ffb,-82,,3,64,,3
09:49:50,,3,84c3b8b40c2b81965f0bd0c4ab71b0581a2d8d96a2d3dd40890c99d3e468a709,-87,,3,64,,3
09:49:51,26.0,3,18813044191c07cc4e8748a9c44b296d10ac7a93b0614a2f3127f8842f0a3094,-81,,3,64,,3
09:49:52,26.0,3,49dda582b84532793d9a91417500dfdb53831cc63bcb5b0567fc164a31458184,-84,,3,64,8.0,3
09:49:52,,3,84c3b8b40c2b81965f0bd0c4ab71b0581a2d8d96a2d3dd40890c99d3e468a709,-87,,3,64,,3
09:49:53,,3,c07001e8a57bb4b292ebf5db8bfab7e5fe40a742f8f550605e41349af2c61ffb,-70,,3,64,,3
09:49:54,,3,84c3b8b40c2b81965f0bd0c4ab71b0581a2d8d96a2d3dd40890c99d3e468a709,-79,,3,64,,3
09:49:55,,3,c07001e8a57bb4b292ebf5db8bfab7e5fe40a742f8f550605e41349af2c61ffb,-72,,3,64,,3
09:49:56,26.0,3,18813044191c07cc4e8748a9c44b296d10ac7a93b0614a2f3127f8842f0a3094,-87,,3,64,,3
09:49:56,26.0,3,d276dc7dcf09b7f2cf1e6154cba8eb48efcec1879d8f75b2167ff70d6ebd7f22,-94,,3,64,5.0,3
09:49:57,,3,c07001e8a57bb4b292ebf5db8bfab7e5fe40a742f8f550605e41349af2c61ffb,-71,,3,64,,3
09:49:58,,3,c07001e8a57bb4b292ebf5db8bfab7e5fe40a742f8f550605e41349af2c61ffb,-70,,3,64,,3
09:49:59,,3,84c3b8b40c2b81965f0bd0c4ab71b0581a2d8d96a2d3dd40890c99d3e468a709,-87,,3,64,,3
09:50:00,,3,c07001e8a57bb4b292ebf5db8bfab7e5fe40a742f8f550605e41349af2c61ffb,-74,,3,64,,3
09:50:00,,3,84c3b8b40c2b81965f0bd0c4ab71b0581a2d8d96a2d3dd40890c99d3e468a709,-80,,3,64,,3
09:50:01,,3,84c3b8b40c2b81965f0bd0c4ab71b0581a2d8d96a2d3dd40890c99d3e468a709,-81,,3,64,,3
09:50:02,,3,84c3b8b40c2b81965f0bd0c4ab71b0581a2d8d96a2d3dd40890c99d3e468a709,-87,,3,64,,3
09:50:03,,3,c07001e8a57bb4b292ebf5db8bfab7e5fe40a742f8f550605e41349af2c61ffb,-73,,3,64,,3
09:50:04,,3,c07001e8a57bb4b292ebf5db8bfab7e5fe40a742f8f550605e41349af2c61ffb,-72,,3,64,,3
09:50:04,,3,c07001e8a57bb4b292ebf5db8bfab7e5fe40a742f8f550605e41349af2c61ffb,-72,,3,64,,3
09:50:05,,3,c07001e8a57bb4b292ebf5db8bfab7e5fe40a742f8f550605e41349af2c61ffb,-71,,3,64,,3
09:50:06,,3,84c3b8b40c2b81965f0bd0c4ab71b0581a2d8d96a2d3dd40890c99d3e468a709,-88,,3,64,,3
09:50:07,,3,7a45f24cbded61ea8a785f1e776dfdbbb016dbba2268c2dade1e499cc3720d92,-86,,3,64,,3
09:50:08,,3,3b0a930e8dcda48d798b1158c874a7fee66350e875c7c405a731bade1fb6e770,-87,,3,64,,3
09:50:08,,3,c07001e8a57bb4b292ebf5db8bfab7e5fe40a742f8f550605e41349af2c61ffb,-71,,3,64,,3
09:50:09,,3,84c3b8b40c2b81965f0bd0c4ab71b0581a2d8d96a2d3dd40890c99d3e468a709,-79,,3,64,,3
09:50:10,,3,84c3b8b40c2b81965f0bd0c4ab71b0581a2d8d96a2d3dd40890c99d3e468a709,-91,,3,64,,3
09:50:11,,3,c07001e8a57bb4b292ebf5db8bfab7e5fe40a742f8f550605e41349af2c61ffb,-70,,3,64,,3
09:50:12,,3,c07001e8a57bb4b292ebf5db8bfab7e5fe40a742f8f550605e41349af2c61ffb,-72,,3,64,,3
09:50:13,,3,99f175f46b896f4ff846afd37bf4d9a26202cdd738b3c94ac5b0702d0ffa44b2,-96,,3,64,,3
09:50:13,,3,c07001e8a57bb4b292ebf5db8bfab7e5fe40a742f8f550605e41349af2c61ffb,-71,,3,64,,3
09:50:14,,3,84c3b8b40c2b81965f0bd0c4ab71b0581a2d8d96a2d3dd40890c99d3e468a709,-89,,3,64,,3
09:50:15,,3,c07001e8a57bb4b292ebf5db8bfab7e5fe40a742f8f550605e41349af2c61ffb,-73,,3,64,,3
09:50:16,,3,84c3b8b40c2b81965f0bd0c4ab71b0581a2d8d96a2d3dd40890c99d3e468a709,-86,,3,64,,3
09:50:17,,3,c07001e8a57bb4b292ebf5db8bfab7e5fe40a742f8f550605e41349af2c61ffb,-72,,3,64,,3
09:50:17,,3,c07001e8a57bb4b292ebf5db8bfab7e5fe40a742f8f550605e41349af2c61ffb,-72,,3,64,,3
09:50:18,26.0,3,18813044191c07cc4e8748a9c44b296d10ac7a93b0614a2f3127f8842f0a3094,-86,,3,64,,3
09:50:19,,3,99f175f46b896f4ff846afd37bf4d9a26202cdd738b3c94ac5b0702d0ffa44b2,-94,,3,64,,3
09:50:20,,3,84c3b8b40c2b81965f0bd0c4ab71b0581a2d8d96a2d3dd40890c99d3e468a709,-82,,3,64,,3
09:50:21,26.0,3,49dda582b84532793d9a91417500dfdb53831cc63bcb5b0567fc164a31458184,-87,,3,64,8.0,3
09:50:21,26.0,3,18813044191c07cc4e8748a9c44b296d10ac7a93b0614a2f3127f8842f0a3094,-91,,3,64,,3
09:50:22,,3,c07001e8a57bb4b292ebf5db8bfab7e5fe40a742f8f550605e41349af2c61ffb,-77,,3,64,,3
09:50:23,,3,99f175f46b896f4ff846afd37bf4d9a26202cdd738b3c94ac5b0702d0ffa44b2,-88,,3,64,,3
09:50:24,26.0,3,d276dc7dcf09b7f2cf1e6154cba8eb48efcec1879d8f75b2167ff70d6ebd7f22,-92,,3,64,5.0,3
09:50:25,,3,84c3b8b40c2b81965f0bd0c4ab71b0581a2d8d96a2d3dd40890c99d3e468a709,-95,,3,64,,3
09:50:25,,3,75995fd09cdbb1a7aea0ca834b2866c5aacf01682bb8fcc41768472926baf3f7,-90,,3,64,,3
09:50:26,26.0,3,2b5b38307355192260909b35bf99d66919da5a554f6879b38b2ca617a378c9ec,-82,,3,64,12.0,3
09:50:27,26.0,3,d276dc7dcf09b7f2cf1e6154cba8eb48efcec1879d8f75b2167ff70d6ebd7f22,-90,,3,64,5.0,3
09:50:28,,3,16862cbf545501a7908edbb699cd4a63ca6e421b703ea53b5e73fbe29a7490e3,-83,,3,64,,3
09:50:29,,3,c07001e8a57bb4b292ebf5db8bfab7e5fe40a742f8f550605e41349af2c61ffb,-75,,3,64,,3
09:50:30,26.0,3,ef193c339bc7c01ae896d2fcb811ca18f3ad348ebacfbe721bfd2c6c384349bc,-81,,3,64,,3
09:50:30,,3,75995fd09cdbb1a7aea0ca834b2866c5aacf01682bb8fcc41768472926baf3f7,-93,,3,64,,3
09:50:31,,3,c07001e8a57bb4b292ebf5db8bfab7e5fe40a742f8f550605e41349af2c61ffb,-73,,3,64,,3
09:50:32,,3,c07001e8a57bb4b292ebf5db8bfab7e5fe40a742f8f550605e41349af2c61ffb,-75,,3,64,,3
09:50:33,26.0,3,18813044191c07cc4e8748a9c44b296d10ac7a93b0614a2f3127f8842f0a3094,-86,,3,64,,3
09:50:34,,3,75995fd09cdbb1a7aea0ca834b2866c5aacf01682bb8fcc41768472926baf3f7,-92,,3,64,,3
09:50:34,,3,99f175f46b896f4ff846afd37bf4d9a26202cdd738b3c94ac5b0702d0ffa44b2,-85,,3,64,,3
09:50:35,,3,99f175f46b896f4ff846afd37bf4d9a26202cdd738b3c94ac5b0702d0ffa44b2,-86,,3,64,,3
09:50:36,26.0,3,336668bc351b5c41d8052021c2483712e425c31916b01a9ff78ee39a5779c880,-89,,3,64,,3
09:50:37,,3,84c3b8b40c2b81965f0bd0c4ab71b0581a2d8d96a2d3dd40890c99d3e468a709,-86,,3,64,,3
09:50:38,,3,c07001e8a57bb4b292ebf5db8bfab7e5fe40a742f8f550605e41349af2c61ffb,-73,,3,64,,3
09:50:38,,3,c07001e8a57bb4b292ebf5db8bfab7e5fe40a742f8f550605e41349af2c61ffb,-80,,3,64,,3
09:50:39,,3,84c3b8b40c2b81965f0bd0c4ab71b0581a2d8d96a2d3dd40890c99d3e468a709,-93,,3,64,,3
09:50:40,,3,84c3b8b40c2b81965f0bd0c4ab71b0581a2d8d96a2d3dd40890c99d3e468a709,-88,,3,64,,3
09:50:41,26.0,3,18813044191c07cc4e8748a9c44b296d10ac7a93b0614a2f3127f8842f0a3094,-86,,3,64,,3
09:50:42,,3,c07001e8a57bb4b292ebf5db8bfab7e5fe40a742f8f550605e41349af2c61ffb,-79,,3,64,,3
09:50:43,,3,99f175f46b896f4ff846afd37bf4d9a26202cdd738b3c94ac5b0702d0ffa44b2,-84,,3,64,,3
09:50:43,26.0,3,336668bc351b5c41d8052021c2483712e425c31916b01a9ff78ee39a5779c880,-91,,3,64,,3
09:50:44,,3,84c3b8b40c2b81965f0bd0c4ab71b0581a2d8d96a2d3dd40890c99d3e468a709,-87,,3,64,,3
09:50:45,,3,99f175f46b896f4ff846afd37bf4d9a26202cdd738b3c94ac5b0702d0ffa44b2,-91,,3,64,,3
09:50:46,,3,c07001e8a57bb4b292ebf5db8bfab7e5fe40a742f8f550605e41349af2c61ffb,-81,,3,64,,3
09:50:47,26.0,3,336668bc351b5c41d8052021c2483712e425c31916b01a9ff78ee39a5779c880,-85,,3,64,,3
09:50:47,,3,75995fd09cdbb1a7aea0ca834b2866c5aacf01682bb8fcc41768472926baf3f7,-92,,3,64,,3
09:50:48,,3,75995fd09cdbb1a7aea0ca834b2866c5aacf01682bb8fcc41768472926baf3f7,-91,,3,64,,3
09:50:49,,3,c07001e8a57bb4b292ebf5db8bfab7e5fe40a742f8f550605e41349af2c61ffb,-76,,3,64,,3
09:50:50,,3,99f175f46b896f4ff846afd37bf4d9a26202cdd738b3c94ac5b0702d0ffa44b2,-90,,3,64,,3
09:50:51,,3,9bda1742eeabc9569b3fb27107fca27c6aae29f85eb13d848a856a76e53b9190,-94,,3,64,,3
09:50:51,26.0,3,2b5b38307355192260909b35bf99d66919da5a554f6879b38b2ca617a378c9ec,-85,,3,64,12.0,3
09:50:52,26.0,3,2b5b38307355192260909b35bf99d66919da5a554f6879b38b2ca617a378c9ec,-80,,3,64,12.0,3
09:50:53,26.0,3,2b5b38307355192260909b35bf99d66919da5a554f6879b38b2ca617a378c9ec,-83,,3,64,12.0,3
09:50:54,26.0,3,336668bc351b5c41d8052021c2483712e425c31916b01a9ff78ee39a5779c880,-85,,3,64,,3
09:50:55,,3,c07001e8a57bb4b292ebf5db8bfab7e5fe40a742f8f550605e41349af2c61ffb,-76,,3,64,,3
09:50:55,26.0,3,d276dc7dcf09b7f2cf1e6154cba8eb48efcec1879d8f75b2167ff70d6ebd7f22,-88,,3,64,5.0,3
09:50:56,26.0,3,336668bc351b5c41d8052021c2483712e425c31916b01a9ff78ee39a5779c880,-92,,3,64,,3
09:50:57,,3,99f175f46b896f4ff846afd37bf4d9a26202cdd738b3c94ac5b0702d0ffa44b2,-87,,3,64,,3
09:50:58,,3,c07001e8a57bb4b292ebf5db8bfab7e5fe40a742f8f550605e41349af2c61ffb,-75,,3,64,,3
09:50:59,,3,3b0a930e8dcda48d798b1158c874a7fee66350e875c7c405a731bade1fb6e770,-84,,3,64,,3
09:51:00,26.0,3,98790c8189c89cabff322d0507b80fc2dd06c4568893c3a0ec2f61b2f04c3489,-86,,3,64,7.0,3
09:51:00,26.0,3,49dda582b84532793d9a91417500dfdb53831cc63bcb5b0567fc164a31458184,-83,,3,64,8.0,3
09:51:01,26.0,3,49dda582b84532793d9a91417500dfdb53831cc63bcb5b0567fc164a31458184,-82,,3,64,8.0,3
09:51:02,26.0,3,49dda582b84532793d9a91417500dfdb53831cc63bcb5b0567fc164a31458184,-81,,3,64,8.0,3
09:51:03,,3,c07001e8a57bb4b292ebf5db8bfab7e5fe40a742f8f550605e41349af2c61ffb,-76,,3,64,,3
09:51:04,,3,c07001e8a57bb4b292ebf5db8bfab7e5fe40a742f8f550605e41349af2c61ffb,-74,,3,64,,3
09:51:04,26.0,3,18813044191c07cc4e8748a9c44b296d10ac7a93b0614a2f3127f8842f0a3094,-86,,3,64,,3
09:51:05,,3,75995fd09cdbb1a7aea0ca834b2866c5aacf01682bb8fcc41768472926baf3f7,-92,,3,64,,3
09:51:06,,3,c07001e8a57bb4b292ebf5db8bfab7e5fe40a742f8f550605e41349af2c61ffb,-74,,3,64,,3
09:51:07,,3,fb397a6162d42e21af9905dfaa27021204cf4756650e08ccfa062aba09f0386f,-94,,3,64,,3
09:51:08,26.0,3,87d803749299832219312a2c4003812c204f0277664db84d9d74bb3ee01378de,-91,,3,64,7.0,3
09:51:08,,3,84c3b8b40c2b81965f0bd0c4ab71b0581a2d8d96a2d3dd40890c99d3e468a709,-88,,3,64,,3
09:51:09,26.0,3,49dda582b84532793d9a91417500dfdb53831cc63bcb5b0567fc164a31458184,-80,,3,64,8.0,3
09:51:10,26.0,3,49dda582b84532793d9a91417500dfdb53831cc63bcb5b0567fc164a31458184,-82,,3,64,8.0,3
09:51:11,,3,84c3b8b40c2b81965f0bd0c4ab71b0581a2d8d96a2d3dd40890c99d3e468a709,-93,,3,64,,3
09:51:12,26.0,3,336668bc351b5c41d8052021c2483712e425c31916b01a9ff78ee39a5779c880,-83,,3,64,,3
09:51:12,26.0,3,d276dc7dcf09b7f2cf1e6154cba8eb48efcec1879d8f75b2167ff70d6ebd7f22,-88,,3,64,5.0,3
09:51:13,26.0,3,18813044191c07cc4e8748a9c44b296d10ac7a93b0614a2f3127f8842f0a3094,-85,,3,64,,3
09:51:14,,3,75995fd09cdbb1a7aea0ca834b2866c5aacf01682bb8fcc41768472926baf3f7,-94,,3,64,,3
09:51:15,,3,99f175f46b896f4ff846afd37bf4d9a26202cdd738b3c94ac5b0702d0ffa44b2,-93,,3,64,,3
09:51:16,,3,16862cbf545501a7908edbb699cd4a63ca6e421b703ea53b5e73fbe29a7490e3,-82,,3,64,,3
09:51:16,26.0,3,49dda582b84532793d9a91417500dfdb53831cc63bcb5b0567fc164a31458184,-87,,3,64,8.0,3
09:51:17,,3,c07001e8a57bb4b292ebf5db8bfab7e5fe40a742f8f550605e41349af2c61ffb,-86,,3,64,,3
09:51:18,,3,c07001e8a57bb4b292ebf5db8bfab7e5fe40a742f8f550605e41349af2c61ffb,-84,,3,64,,3
09:51:19,,3,99f175f46b896f4ff846afd37bf4d9a26202cdd738b3c94ac5b0702d0ffa44b2,-95,,3,64,,3
09:51:20,,3,99f175f46b896f4ff846afd37bf4d9a26202cdd738b3c94ac5b0702d0ffa44b2,-91,,3,64,,3
09:51:21,,3,c07001e8a57bb4b292ebf5db8bfab7e5fe40a742f8f550605e41349af2c61ffb,-76,,3,64,,3
09:51:21,,3,c07001e8a57bb4b292ebf5db8bfab7e5fe40a742f8f550605e41349af2c61ffb,-86,,3,64,,3
09:51:22,,3,fb397a6162d42e21af9905dfaa27021204cf4756650e08ccfa062aba09f0386f,-94,,3,64,,3
09:51:23,26.0,3,18813044191c07cc4e8748a9c44b296d10ac7a93b0614a2f3127f8842f0a3094,-88,,3,64,,3
09:51:24,,3,c07001e8a57bb4b292ebf5db8bfab7e5fe40a742f8f550605e41349af2c61ffb,-91,,3,64,,3
09:51:25,,3,9bda1742eeabc9569b3fb27107fca27c6aae29f85eb13d848a856a76e53b9190,-87,,3,64,,3
09:51:25,,3,75995fd09cdbb1a7aea0ca834b2866c5aacf01682bb8fcc41768472926baf3f7,-96,,3,64,,3
09:51:26,,3,84c3b8b40c2b81965f0bd0c4ab71b0581a2d8d96a2d3dd40890c99d3e468a709,-92,,3,64,,3
09:51:27,26.0,3,336668bc351b5c41d8052021c2483712e425c31916b01a9ff78ee39a5779c880,-87,,3,64,,3
09:51:28,,3,75995fd09cdbb1a7aea0ca834b2866c5aacf01682bb8fcc41768472926baf3f7,-92,,3,64,,3
09:51:29,26.0,3,336668bc351b5c41d8052021c2483712e425c31916b01a9ff78ee39a5779c880,-85,,3,64,,3
09:51:29,,3,c07001e8a57bb4b292ebf5db8bfab7e5fe40a742f8f550605e41349af2c61ffb,-78,,3,64,,3
09:51:30,,3,c07001e8a57bb4b292ebf5db8bfab7e5fe40a742f8f550605e41349af2c61ffb,-76,,3,64,,3
09:51:31,26.0,3,49dda582b84532793d9a91417500dfdb53831cc63bcb5b0567fc164a31458184,-85,,3,64,8.0,3
09:51:32,26.0,3,18813044191c07cc4e8748a9c44b296d10ac7a93b0614a2f3127f8842f0a3094,-89,,3,64,,3
09:51:33,26.0,3,98790c8189c89cabff322d0507b80fc2dd06c4568893c3a0ec2f61b2f04c3489,-91,,3,64,7.0,3
09:51:34,26.0,3,336668bc351b5c41d8052021c2483712e425c31916b01a9ff78ee39a5779c880,-92,,3,64,,3
09:51:34,,3,84c3b8b40c2b81965f0bd0c4ab71b0581a2d8d96a2d3dd40890c99d3e468a709,-92,,3,64,,3
09:51:35,,3,c07001e8a57bb4b292ebf5db8bfab7e5fe40a742f8f550605e41349af2c61ffb,-82,,3,64,,3
09:51:36,,3,c07001e8a57bb4b292ebf5db8bfab7e5fe40a742f8f550605e41349af2c61ffb,-83,,3,64,,3
09:51:37,,3,84c3b8b40c2b81965f0bd0c4ab71b0581a2d8d96a2d3dd40890c99d3e468a709,-87,,3,64,,3
09:51:38,,3,84c3b8b40c2b81965f0bd0c4ab71b0581a2d8d96a2d3dd40890c99d3e468a709,-92,,3,64,,3
09:51:38,26.0,3,2b5b38307355192260909b35bf99d66919da5a554f6879b38b2ca617a378c9ec,-83,,3,64,12.0,3
09:51:39,6.0,3,d1de0ddb51e6fdcb1eeb0a80d815c6b9a0c610ff82e78b630f80a717ef6f14a5,-92,Cb40,3,64,,3
09:51:40,,3,c07001e8a57bb4b292ebf5db8bfab7e5fe40a742f8f550605e41349af2c61ffb,-85,,3,64,,3
09:51:41,,3,c07001e8a57bb4b292ebf5db8bfab7e5fe40a742f8f550605e41349af2c61ffb,-79,,3,64,,3
09:51:42,26.0,3,18813044191c07cc4e8748a9c44b296d10ac7a93b0614a2f3127f8842f0a3094,-86,,3,64,,3
09:51:42,26.0,3,336668bc351b5c41d8052021c2483712e425c31916b01a9ff78ee39a5779c880,-88,,3,64,,3
09:51:43,,3,c07001e8a57bb4b292ebf5db8bfab7e5fe40a742f8f550605e41349af2c61ffb,-76,,3,64,,3
09:51:44,,3,84c3b8b40c2b81965f0bd0c4ab71b0581a2d8d96a2d3dd40890c99d3e468a709,-84,,3,64,,3
09:51:45,26.0,3,18813044191c07cc4e8748a9c44b296d10ac7a93b0614a2f3127f8842f0a3094,-87,,3,64,,3
09:51:46,26.0,3,49dda582b84532793d9a91417500dfdb53831cc63bcb5b0567fc164a31458184,-84,,3,64,8.0,3
09:51:46,,3,c07001e8a57bb4b292ebf5db8bfab7e5fe40a742f8f550605e41349af2c61ffb,-88,,3,64,,3
09:51:47,,3,c07001e8a57bb4b292ebf5db8bfab7e5fe40a742f8f550605e41349af2c61ffb,-85,,3,64,,3
09:51:48,26.0,3,18813044191c07cc4e8748a9c44b296d10ac7a93b0614a2f3127f8842f0a3094,-85,,3,64,,3
09:51:49,,3,99f175f46b896f4ff846afd37bf4d9a26202cdd738b3c94ac5b0702d0ffa44b2,-84,,3,64,,3
09:51:50,,3,c07001e8a57bb4b292ebf5db8bfab7e5fe40a742f8f550605e41349af2c61ffb,-89,,3,64,,3
09:51:51,,3,84c3b8b40c2b81965f0bd0c4ab71b0581a2d8d96a2d3dd40890c99d3e468a709,-85,,3,64,,3
09:51:51,26.0,3,2b5b38307355192260909b35bf99d66919da5a554f6879b38b2ca617a378c9ec,-94,,3,64,,3
09:51:52,,3,648187d83f2d958b6b28ac1119741b6edb4ee1af5ee91ea4497d93f9c98561fa,-94,,3,64,,3
09:51:53,,3,c07001e8a57bb4b292ebf5db8bfab7e5fe40a742f8f550605e41349af2c61ffb,-76,,3,64,,3
09:51:54,,3,84c3b8b40c2b81965f0bd0c4ab71b0581a2d8d96a2d3dd40890c99d3e468a709,-89,,3,64,,3
09:51:54,,3,84c3b8b40c2b81965f0bd0c4ab71b0581a2d8d96a2d3dd40890c99d3e468a709,-87,,3,64,,3
09:51:55,,3,99f175f46b896f4ff846afd37bf4d9a26202cdd738b3c94ac5b0702d0ffa44b2,-97,,3,64,,3
09:51:56,26.0,3,d276dc7dcf09b7f2cf1e6154cba8eb48efcec1879d8f75b2167ff70d6ebd7f22,-91,,3,64,5.0,3
09:51:57,,3,99f175f46b896f4ff846afd37bf4d9a26202cdd738b3c94ac5b0702d0ffa44b2,-93,,3,64,,3
09:51:58,26.0,3,d276dc7dcf09b7f2cf1e6154cba8eb48efcec1879d8f75b2167ff70d6ebd7f22,-90,,3,64,5.0,3
09:51:59,,3,84c3b8b40c2b81965f0bd0c4ab71b0581a2d8d96a2d3dd40890c99d3e468a709,-86,,3,64,,3
09:51:59,26.0,3,336668bc351b5c41d8052021c2483712e425c31916b01a9ff78ee39a5779c880,-89,,3,64,12.0,3
09:52:00,26.0,3,18813044191c07cc4e8748a9c44b296d10ac7a93b0614a2f3127f8842f0a3094,-81,,3,64,,3
09:52:01,,3,99f175f46b896f4ff846afd37bf4d9a26202cdd738b3c94ac5b0702d0ffa44b2,-85,,3,64,,3
09:52:02,,3,c07001e8a57bb4b292ebf5db8bfab7e5fe40a742f8f550605e41349af2c61ffb,-77,,3,64,,3
09:52:03,,3,84c3b8b40c2b81965f0bd0c4ab71b0581a2d8d96a2d3dd40890c99d3e468a709,-94,,3,64,,3
09:52:03,,3,c07001e8a57bb4b292ebf5db8bfab7e5fe40a742f8f550605e41349af2c61ffb,-80,,3,64,,3
09:52:04,,3,84c3b8b40c2b81965f0bd0c4ab71b0581a2d8d96a2d3dd40890c99d3e468a709,-86,,3,64,,3
09:52:05,26.0,3,2b5b38307355192260909b35bf99d66919da5a554f6879b38b2ca617a378c9ec,-87,,3,64,,3
09:52:06,26.0,3,49dda582b84532793d9a91417500dfdb53831cc63bcb5b0567fc164a31458184,-84,,3,64,8.0,3
09:52:07,,3,99f175f46b896f4ff846afd37bf4d9a26202cdd738b3c94ac5b0702d0ffa44b2,-83,,3,64,,3
09:52:08,,3,c07001e8a57bb4b292ebf5db8bfab7e5fe40a742f8f550605e41349af2c61ffb,-84,,3,64,,3
09:52:08,26.0,3,c5a18bd62628e6d99f07946806a7ca6ba5c702e0b84a04c03b1b796bc64f6fc8,-59,,3,64,12.0,3
09:52:09,26.0,3,c5a18bd62628e6d99f07946806a7ca6ba5c702e0b84a04c03b1b796bc64f6fc8,-62,,3,64,12.0,3
09:52:10,,3,84c3b8b40c2b81965f0bd0c4ab71b0581a2d8d96a2d3dd40890c99d3e468a709,-85,,3,64,,3
09:52:11,26.0,3,c5a18bd62628e6d99f07946806a7ca6ba5c702e0b84a04c03b1b796bc64f6fc8,-58,,3,64,12.0,3
09:52:11,,3,84c3b8b40c2b81965f0bd0c4ab71b0581a2d8d96a2d3dd40890c99d3e468a709,-86,,3,64,,3
09:52:12,,3,99f175f46b896f4ff846afd37bf4d9a26202cdd738b3c94ac5b0702d0ffa44b2,-94,,3,64,,3
09:52:13,26.0,3,c5a18bd62628e6d99f07946806a7ca6ba5c702e0b84a04c03b1b796bc64f6fc8,-61,,3,64,12.0,3
09:52:14,26.0,3,c5a18bd62628e6d99f07946806a7ca6ba5c702e0b84a04c03b1b796bc64f6fc8,-65,,3,64,12.0,3
09:52:15,,3,75995fd09cdbb1a7aea0ca834b2866c5aacf01682bb8fcc41768472926baf3f7,-93,,3,64,,3
09:52:16,,3,99f175f46b896f4ff846afd37bf4d9a26202cdd738b3c94ac5b0702d0ffa44b2,-83,,3,64,,3
09:52:16,,3,84c3b8b40c2b81965f0bd0c4ab71b0581a2d8d96a2d3dd40890c99d3e468a709,-86,,3,64,,3
09:52:17,,3,c07001e8a57bb4b292ebf5db8bfab7e5fe40a742f8f550605e41349af2c61ffb,-77,,3,64,,3
09:52:18,26.0,3,18813044191c07cc4e8748a9c44b296d10ac7a93b0614a2f3127f8842f0a3094,-89,,3,64,,3
09:52:19,,3,84c3b8b40c2b81965f0bd0c4ab71b0581a2d8d96a2d3dd40890c99d3e468a709,-85,,3,64,,3
09:52:20,,3,c07001e8a57bb4b292ebf5db8bfab7e5fe40a742f8f550605e41349af2c61ffb,-79,,3,64,,3
09:52:20,26.0,3,18813044191c07cc4e8748a9c44b296d10ac7a93b0614a2f3127f8842f0a3094,-84,,3,64,,3
09:52:21,26.0,3,d276dc7dcf09b7f2cf1e6154cba8eb48efcec1879d8f75b2167ff70d6ebd7f22,-89,,3,64,5.0,3
09:52:22,,3,c07001e8a57bb4b292ebf5db8bfab7e5fe40a742f8f550605e41349af2c61ffb,-77,,3,64,,3
09:52:23,26.0,3,336668bc351b5c41d8052021c2483712e425c31916b01a9ff78ee39a5779c880,-87,,3,64,,3
09:52:24,,3,99f175f46b896f4ff846afd37bf4d9a26202cdd738b3c94ac5b0702d0ffa44b2,-81,,3,64,,3
09:52:25,,3,84c3b8b40c2b81965f0bd0c4ab71b0581a2d8d96a2d3dd40890c99d3e468a709,-88,,3,64,,3
09:52:25,,3,c07001e8a57bb4b292ebf5db8bfab7e5fe40a742f8f550605e41349af2c61ffb,-79,,3,64,,3
09:52:26,26.0,3,87d803749299832219312a2c4003812c204f0277664db84d9d74bb3ee01378de,-87,,3,64,7.0,3
09:52:27,,3,c07001e8a57bb4b292ebf5db8bfab7e5fe40a742f8f550605e41349af2c61ffb,-78,,3,64,,3
09:52:28,26.0,3,336668bc351b5c41d8052021c2483712e425c31916b01a9ff78ee39a5779c880,-84,,3,64,12.0,3
09:52:29,,3,3b0a930e8dcda48d798b1158c874a7fee66350e875c7c405a731bade1fb6e770,-86,,3,64,,3
09:52:29,,3,c07001e8a57bb4b292ebf5db8bfab7e5fe40a742f8f550605e41349af2c61ffb,-79,,3,64,,3
09:52:30,,3,c07001e8a57bb4b292ebf5db8bfab7e5fe40a742f8f550605e41349af2c61ffb,-77,,3,64,,3
09:52:31,26.0,3,49dda582b84532793d9a91417500dfdb53831cc63bcb5b0567fc164a31458184,-83,,3,64,8.0,3
09:52:32,6.0,3,9c361e4be634e32d9b487b556760e512627fd5adc685787264f8d6b12abc8dea,-91,Cb40,3,64,,3
09:52:33,,3,c07001e8a57bb4b292ebf5db8bfab7e5fe40a742f8f550605e41349af2c61ffb,-79,,3,64,,3
09:52:33,,3,84c3b8b40c2b81965f0bd0c4ab71b0581a2d8d96a2d3dd40890c99d3e468a709,-86,,3,64,,3
09:52:34,,3,99f175f46b896f4ff846afd37bf4d9a26202cdd738b3c94ac5b0702d0ffa44b2,-81,,3,64,,3
09:52:35,26.0,3,2b5b38307355192260909b35bf99d66919da5a554f6879b38b2ca617a378c9ec,-91,,3,64,,3
09:52:36,26.0,3,18813044191c07cc4e8748a9c44b296d10ac7a93b0614a2f3127f8842f0a3094,-84,,3,64,,3
09:52:37,,3,c07001e8a57bb4b292ebf5db8bfab7e5fe40a742f8f550605e41349af2c61ffb,-86,,3,64,,3
09:52:38,,3,99f175f46b896f4ff846afd37bf4d9a26202cdd738b3c94ac5b0702d0ffa44b2,-79,,3,64,,3
09:52:38,,3,99f175f46b896f4ff846afd37bf4d9a26202cdd738b3c94ac5b0702d0ffa44b2,-80,,3,64,,3
09:52:39,,3,c07001e8a57bb4b292ebf5db8bfab7e5fe40a742f8f550605e41349af2c61ffb,-77,,3,64,,3
09:52:40,,3,84c3b8b40c2b81965f0bd0c4ab71b0581a2d8d96a2d3dd40890c99d3e468a709,-86,,3,64,,3
09:52:41,,3,c07001e8a57bb4b292ebf5db8bfab7e5fe40a742f8f550605e41349af2c61ffb,-78,,3,64,,3
09:52:42,,3,c07001e8a57bb4b292ebf5db8bfab7e5fe40a742f8f550605e41349af2c61ffb,-82,,3,64,,3
09:52:42,26.0,3,336668bc351b5c41d8052021c2483712e425c31916b01a9ff78ee39a5779c880,-86,,3,64,12.0,3
09:52:43,26.0,3,18813044191c07cc4e8748a9c44b296d10ac7a93b0614a2f3127f8842f0a3094,-87,,3,64,,3
09:52:44,26.0,3,49dda582b84532793d9a91417500dfdb53831cc63bcb5b0567fc164a31458184,-84,,3,64,8.0,3
09:52:45,,3,9bda1742eeabc9569b3fb27107fca27c6aae29f85eb13d848a856a76e53b9190,-79,,3,64,,3
09:52:46,26.0,3,c5a18bd62628e6d99f07946806a7ca6ba5c702e0b84a04c03b1b796bc64f6fc8,-72,,3,64,12.0,3
09:52:46,26.0,3,336668bc351b5c41d8052021c2483712e425c31916b01a9ff78ee39a5779c880,-86,,3,64,12.0,3
09:52:47,,3,c07001e8a57bb4b292ebf5db8bfab7e5fe40a742f8f550605e41349af2c61ffb,-77,,3,64,,3
09:52:48,,3,c07001e8a57bb4b292ebf5db8bfab7e5fe40a742f8f550605e41349af2c61ffb,-79,,3,64,,3
09:52:49,,3,84c3b8b40c2b81965f0bd0c4ab71b0581a2d8d96a2d3dd40890c99d3e468a709,-85,,3,64,,3
09:52:50,26.0,3,c5a18bd62628e6d99f07946806a7ca6ba5c702e0b84a04c03b1b796bc64f6fc8,-76,,3,64,12.0,3
09:52:50,,3,c07001e8a57bb4b292ebf5db8bfab7e5fe40a742f8f550605e41349af2c61ffb,-81,,3,64,,3
09:52:51,,3,3c99d2e3b42e53925ad5f60d3123ff4548fa216ae4c92acd6d5e3a7de98ed668,-94,,3,64,,3
09:52:52,26.0,3,18813044191c07cc4e8748a9c44b296d10ac7a93b0614a2f3127f8842f0a3094,-91,,3,64,,3
09:52:53,,3,99f175f46b896f4ff846afd37bf4d9a26202cdd738b3c94ac5b0702d0ffa44b2,-85,,3,64,,3
09:52:54,26.0,3,87d803749299832219312a2c4003812c204f0277664db84d9d74bb3ee01378de,-85,,3,64,7.0,3
09:52:55,,3,84c3b8b40c2b81965f0bd0c4ab71b0581a2d8d96a2d3dd40890c99d3e468a709,-88,,3,64,,3
09:52:55,26.0,3,87d803749299832219312a2c4003812c204f0277664db84d9d74bb3ee01378de,-89,,3,64,7.0,3
09:52:56,26.0,3,18813044191c07cc4e8748a9c44b296d10ac7a93b0614a2f3127f8842f0a3094,-85,,3,64,,3
09:52:57,6.0,3,9c361e4be634e32d9b487b556760e512627fd5adc685787264f8d6b12abc8dea,-88,Cb40,3,64,,3
09:52:57,26.0,3,336668bc351b5c41d8052021c2483712e425c31916b01a9ff78ee39a5779c880,-85,,3,64,12.0,3
09:52:59,,3,84c3b8b40c2b81965f0bd0c4ab71b0581a2d8d96a2d3dd40890c99d3e468a709,-83,,3,64,,3
09:52:59,26.0,3,336668bc351b5c41d8052021c2483712e425c31916b01a9ff78ee39a5779c880,-87,,3,64,12.0,3
09:53:00,,3,c07001e8a57bb4b292ebf5db8bfab7e5fe40a742f8f550605e41349af2c61ffb,-91,,3,64,,3
09:53:01,26.0,3,49dda582b84532793d9a91417500dfdb53831cc63bcb5b0567fc164a31458184,-85,,3,64,8.0,3
09:53:01,26.0,3,18813044191c07cc4e8748a9c44b296d10ac7a93b0614a2f3127f8842f0a3094,-88,,3,64,,3
09:53:03,,3,c07001e8a57bb4b292ebf5db8bfab7e5fe40a742f8f550605e41349af2c61ffb,-91,,3,64,,3
09:53:03,,3,c07001e8a57bb4b292ebf5db8bfab7e5fe40a742f8f550605e41349af2c61ffb,-90,,3,64,,3
09:53:04,,3,99f175f46b896f4ff846afd37bf4d9a26202cdd738b3c94ac5b0702d0ffa44b2,-80,,3,64,,3
09:53:05,,3,84c3b8b40c2b81965f0bd0c4ab71b0581a2d8d96a2d3dd40890c99d3e468a709,-90,,3,64,,3
09:53:06,,3,99f175f46b896f4ff846afd37bf4d9a26202cdd738b3c94ac5b0702d0ffa44b2,-79,,3,64,,3
09:53:06,,3,c07001e8a57bb4b292ebf5db8bfab7e5fe40a742f8f550605e41349af2c61ffb,-86,,3,64,,3
09:53:07,,3,99f175f46b896f4ff846afd37bf4d9a26202cdd738b3c94ac5b0702d0ffa44b2,-89,,3,64,,3
09:53:08,26.0,3,87d803749299832219312a2c4003812c204f0277664db84d9d74bb3ee01378de,-87,,3,64,7.0,3
09:53:09,,3,c07001e8a57bb4b292ebf5db8bfab7e5fe40a742f8f550605e41349af2c61ffb,-90,,3,64,,3
09:53:10,26.0,3,87d803749299832219312a2c4003812c204f0277664db84d9d74bb3ee01378de,-90,,3,64,7.0,3
09:53:10,,3,3b0a930e8dcda48d798b1158c874a7fee66350e875c7c405a731bade1fb6e770,-83,,3,64,,3
09:53:11,26.0,3,18813044191c07cc4e8748a9c44b296d10ac7a93b0614a2f3127f8842f0a3094,-84,,3,64,,3
09:53:12,,3,99f175f46b896f4ff846afd37bf4d9a26202cdd738b3c94ac5b0702d0ffa44b2,-79,,3,64,,3
09:53:13,26.0,3,336668bc351b5c41d8052021c2483712e425c31916b01a9ff78ee39a5779c880,-86,,3,64,12.0,3
09:53:14,,3,c07001e8a57bb4b292ebf5db8bfab7e5fe40a742f8f550605e41349af2c61ffb,-96,,3,64,,3
09:53:15,,3,c07001e8a57bb4b292ebf5db8bfab7e5fe40a742f8f550605e41349af2c61ffb,-80,,3,64,,3
09:53:15,,3,c07001e8a57bb4b292ebf5db8bfab7e5fe40a742f8f550605e41349af2c61ffb,-81,,3,64,,3
09:53:16,,3,c07001e8a57bb4b292ebf5db8bfab7e5fe40a742f8f550605e41349af2c61ffb,-86,,3,64,,3
09:53:17,,3,99f175f46b896f4ff846afd37bf4d9a26202cdd738b3c94ac5b0702d0ffa44b2,-84,,3,64,,3
09:53:18,,3,16862cbf545501a7908edbb699cd4a63ca6e421b703ea53b5e73fbe29a7490e3,-84,,3,64,,3
09:53:19,26.0,3,98790c8189c89cabff322d0507b80fc2dd06c4568893c3a0ec2f61b2f04c3489,-94,,3,64,7.0,3
09:53:20,6.0,3,d1de0ddb51e6fdcb1eeb0a80d815c6b9a0c610ff82e78b630f80a717ef6f14a5,-90,Cb40,3,64,,3
09:53:20,,3,c07001e8a57bb4b292ebf5db8bfab7e5fe40a742f8f550605e41349af2c61ffb,-92,,3,64,,3
09:53:21,,3,84c3b8b40c2b81965f0bd0c4ab71b0581a2d8d96a2d3dd40890c99d3e468a709,-83,,3,64,,3
09:53:22,,3,84c3b8b40c2b81965f0bd0c4ab71b0581a2d8d96a2d3dd40890c99d3e468a709,-82,,3,64,,3
09:53:23,26.0,3,87d803749299832219312a2c4003812c204f0277664db84d9d74bb3ee01378de,-88,,3,64,7.0,3
09:53:24,,3,99f175f46b896f4ff846afd37bf4d9a26202cdd738b3c94ac5b0702d0ffa44b2,-89,,3,64,,3
09:53:24,,3,84c3b8b40c2b81965f0bd0c4ab71b0581a2d8d96a2d3dd40890c99d3e468a709,-82,,3,64,,3
09:53:25,26.0,3,18813044191c07cc4e8748a9c44b296d10ac7a93b0614a2f3127f8842f0a3094,-89,,3,64,,3
09:53:26,26.0,3,336668bc351b5c41d8052021c2483712e425c31916b01a9ff78ee39a5779c880,-84,,3,64,,3
09:53:27,26.0,3,49dda582b84532793d9a91417500dfdb53831cc63bcb5b0567fc164a31458184,-80,,3,64,8.0,3
09:53:28,,3,84c3b8b40c2b81965f0bd0c4ab71b0581a2d8d96a2d3dd40890c99d3e468a709,-84,,3,64,,3
09:53:29,26.0,3,336668bc351b5c41d8052021c2483712e425c31916b01a9ff78ee39a5779c880,-91,,3,64,,3
09:53:29,,3,99f175f46b896f4ff846afd37bf4d9a26202cdd738b3c94ac5b0702d0ffa44b2,-90,,3,64,,3
09:53:30,26.0,3,d276dc7dcf09b7f2cf1e6154cba8eb48efcec1879d8f75b2167ff70d6ebd7f22,-93,,3,64,5.0,3
09:53:31,,3,84c3b8b40c2b81965f0bd0c4ab71b0581a2d8d96a2d3dd40890c99d3e468a709,-90,,3,64,,3
09:53:32,26.0,3,336668bc351b5c41d8052021c2483712e425c31916b01a9ff78ee39a5779c880,-80,,3,64,,3
09:53:33,,3,84c3b8b40c2b81965f0bd0c4ab71b0581a2d8d96a2d3dd40890c99d3e468a709,-90,,3,64,,3
09:53:33,,3,84c3b8b40c2b81965f0bd0c4ab71b0581a2d8d96a2d3dd40890c99d3e468a709,-84,,3,64,,3
09:53:34,,3,c07001e8a57bb4b292ebf5db8bfab7e5fe40a742f8f550605e41349af2c61ffb,-87,,3,64,,3
09:53:35,,3,99f175f46b896f4ff846afd37bf4d9a26202cdd738b3c94ac5b0702d0ffa44b2,-79,,3,64,,3
09:53:36,,3,99f175f46b896f4ff846afd37bf4d9a26202cdd738b3c94ac5b0702d0ffa44b2,-80,,3,64,,3
09:53:37,26.0,3,c5a18bd62628e6d99f07946806a7ca6ba5c702e0b84a04c03b1b796bc64f6fc8,-82,,3,64,12.0,3
09:53:37,,3,84c3b8b40c2b81965f0bd0c4ab71b0581a2d8d96a2d3dd40890c99d3e468a709,-83,,3,64,,3
09:53:38,,3,99f175f46b896f4ff846afd37bf4d9a26202cdd738b3c94ac5b0702d0ffa44b2,-81,,3,64,,3
09:53:39,,3,99f175f46b896f4ff846afd37bf4d9a26202cdd738b3c94ac5b0702d0ffa44b2,-88,,3,64,,3
09:53:40,26.0,3,336668bc351b5c41d8052021c2483712e425c31916b01a9ff78ee39a5779c880,-81,,3,64,,3
09:53:41,,3,99f175f46b896f4ff846afd37bf4d9a26202cdd738b3c94ac5b0702d0ffa44b2,-88,,3,64,,3
09:53:41,,3,99f175f46b896f4ff846afd37bf4d9a26202cdd738b3c94ac5b0702d0ffa44b2,-93,,3,64,,3
09:53:42,26.0,3,49dda582b84532793d9a91417500dfdb53831cc63bcb5b0567fc164a31458184,-86,,3,64,8.0,3
09:53:43,26.0,3,d276dc7dcf09b7f2cf1e6154cba8eb48efcec1879d8f75b2167ff70d6ebd7f22,-83,,3,64,5.0,3
09:53:44,,3,84c3b8b40c2b81965f0bd0c4ab71b0581a2d8d96a2d3dd40890c99d3e468a709,-81,,3,64,,3
09:53:45,,3,99f175f46b896f4ff846afd37bf4d9a26202cdd738b3c94ac5b0702d0ffa44b2,-81,,3,64,,3
09:53:46,26.0,3,d276dc7dcf09b7f2cf1e6154cba8eb48efcec1879d8f75b2167ff70d6ebd7f22,-91,,3,64,5.0,3
09:53:46,,3,75995fd09cdbb1a7aea0ca834b2866c5aacf01682bb8fcc41768472926baf3f7,-88,,3,64,,3
09:53:47,6.0,3,9c361e4be634e32d9b487b556760e512627fd5adc685787264f8d6b12abc8dea,-86,Cb40,3,64,,3
09:53:48,,3,75995fd09cdbb1a7aea0ca834b2866c5aacf01682bb8fcc41768472926baf3f7,-89,,3,64,,3
09:53:49,26.0,3,18813044191c07cc4e8748a9c44b296d10ac7a93b0614a2f3127f8842f0a3094,-93,,3,64,,3
09:53:50,,3,84c3b8b40c2b81965f0bd0c4ab71b0581a2d8d96a2d3dd40890c99d3e468a709,-81,,3,64,,3
09:53:50,,3,99f175f46b896f4ff846afd37bf4d9a26202cdd738b3c94ac5b0702d0ffa44b2,-82,,3,64,,3
09:53:51,26.0,3,18813044191c07cc4e8748a9c44b296d10ac7a93b0614a2f3127f8842f0a3094,-84,,3,64,,3
09:53:52,26.0,3,336668bc351b5c41d8052021c2483712e425c31916b01a9ff78ee39a5779c880,-76,,3,64,,3
09:53:53,,3,3b0a930e8dcda48d798b1158c874a7fee66350e875c7c405a731bade1fb6e770,-85,,3,64,,3
09:53:54,,3,c07001e8a57bb4b292ebf5db8bfab7e5fe40a742f8f550605e41349af2c61ffb,-83,,3,64,,3
09:53:54,,3,99f175f46b896f4ff846afd37bf4d9a26202cdd738b3c94ac5b0702d0ffa44b2,-83,,3,64,,3
09:53:55,26.0,3,336668bc351b5c41d8052021c2483712e425c31916b01a9ff78ee39a5779c880,-89,,3,64,,3
09:53:56,26.0,3,18813044191c07cc4e8748a9c44b296d10ac7a93b0614a2f3127f8842f0a3094,-81,,3,64,,3
09:53:57,26.0,3,d276dc7dcf09b7f2cf1e6154cba8eb48efcec1879d8f75b2167ff70d6ebd7f22,-86,,3,64,5.0,3
09:53:58,26.0,3,336668bc351b5c41d8052021c2483712e425c31916b01a9ff78ee39a5779c880,-86,,3,64,,3
09:53:59,,3,c07001e8a57bb4b292ebf5db8bfab7e5fe40a742f8f550605e41349af2c61ffb,-77,,3,64,,3
09:53:59,,3,75995fd09cdbb1a7aea0ca834b2866c5aacf01682bb8fcc41768472926baf3f7,-95,,3,64,,3
09:54:00,,3,16862cbf545501a7908edbb699cd4a63ca6e421b703ea53b5e73fbe29a7490e3,-85,,3,64,,3
09:54:01,26.0,3,d276dc7dcf09b7f2cf1e6154cba8eb48efcec1879d8f75b2167ff70d6ebd7f22,-90,,3,64,5.0,3
09:54:02,,3,84c3b8b40c2b81965f0bd0c4ab71b0581a2d8d96a2d3dd40890c99d3e468a709,-86,,3,64,,3
09:54:03,26.0,3,336668bc351b5c41d8052021c2483712e425c31916b01a9ff78ee39a5779c880,-84,,3,64,12.0,3
09:54:03,,3,99f175f46b896f4ff846afd37bf4d9a26202cdd738b3c94ac5b0702d0ffa44b2,-89,,3,64,,3
09:54:04,,3,84c3b8b40c2b81965f0bd0c4ab71b0581a2d8d96a2d3dd40890c99d3e468a709,-90,,3,64,,3
09:54:05,26.0,3,18813044191c07cc4e8748a9c44b296d10ac7a93b0614a2f3127f8842f0a3094,-83,,3,64,,3
09:54:06,,3,99f175f46b896f4ff846afd37bf4d9a26202cdd738b3c94ac5b0702d0ffa44b2,-88,,3,64,,3
09:54:07,,3,9bda1742eeabc9569b3fb27107fca27c6aae29f85eb13d848a856a76e53b9190,-76,,3,64,,3
09:54:07,,3,c07001e8a57bb4b292ebf5db8bfab7e5fe40a742f8f550605e41349af2c61ffb,-88,,3,64,,3
09:54:08,,3,75995fd09cdbb1a7aea0ca834b2866c5aacf01682bb8fcc41768472926baf3f7,-91,,3,64,,3
09:54:09,,3,84c3b8b40c2b81965f0bd0c4ab71b0581a2d8d96a2d3dd40890c99d3e468a709,-88,,3,64,,3
09:54:10,,3,c07001e8a57bb4b292ebf5db8bfab7e5fe40a742f8f550605e41349af2c61ffb,-86,,3,64,,3
09:54:11,,3,84c3b8b40c2b81965f0bd0c4ab71b0581a2d8d96a2d3dd40890c99d3e468a709,-86,,3,64,,3
09:54:11,26.0,3,18813044191c07cc4e8748a9c44b296d10ac7a93b0614a2f3127f8842f0a3094,-83,,3,64,,3
09:54:12,,3,99f175f46b896f4ff846afd37bf4d9a26202cdd738b3c94ac5b0702d0ffa44b2,-81,,3,64,,3
09:54:13,,3,c07001e8a57bb4b292ebf5db8bfab7e5fe40a742f8f550605e41349af2c61ffb,-78,,3,64,,3
09:54:14,,3,84c3b8b40c2b81965f0bd0c4ab71b0581a2d8d96a2d3dd40890c99d3e468a709,-83,,3,64,,3
09:54:15,,3,99f175f46b896f4ff846afd37bf4d9a26202cdd738b3c94ac5b0702d0ffa44b2,-80,,3,64,,3
09:54:15,26.0,3,49dda582b84532793d9a91417500dfdb53831cc63bcb5b0567fc164a31458184,-83,,3,64,8.0,3
09:54:16,26.0,3,18813044191c07cc4e8748a9c44b296d10ac7a93b0614a2f3127f8842f0a3094,-85,,3,64,,3
09:54:17,,3,75995fd09cdbb1a7aea0ca834b2866c5aacf01682bb8fcc41768472926baf3f7,-93,,3,64,,3
09:54:18,,3,c07001e8a57bb4b292ebf5db8bfab7e5fe40a742f8f550605e41349af2c61ffb,-76,,3,64,,3
09:54:19,,3,c07001e8a57bb4b292ebf5db8bfab7e5fe40a742f8f550605e41349af2c61ffb,-87,,3,64,,3
09:54:20,26.0,3,c5a18bd62628e6d99f07946806a7ca6ba5c702e0b84a04c03b1b796bc64f6fc8,-80,,3,64,12.0,3
09:54:20,26.0,3,98790c8189c89cabff322d0507b80fc2dd06c4568893c3a0ec2f61b2f04c3489,-87,,3,64,7.0,3
09:54:21,,3,c07001e8a57bb4b292ebf5db8bfab7e5fe40a742f8f550605e41349af2c61ffb,-73,,3,64,,3
09:54:22,,3,84c3b8b40c2b81965f0bd0c4ab71b0581a2d8d96a2d3dd40890c99d3e468a709,-87,,3,64,,3
09:54:23,26.0,3,87d803749299832219312a2c4003812c204f0277664db84d9d74bb3ee01378de,-85,,3,64,7.0,3
09:54:24,,3,84c3b8b40c2b81965f0bd0c4ab71b0581a2d8d96a2d3dd40890c99d3e468a709,-92,,3,64,,3
09:54:24,26.0,3,d276dc7dcf09b7f2cf1e6154cba8eb48efcec1879d8f75b2167ff70d6ebd7f22,-88,,3,64,5.0,3
09:54:25,,3,c07001e8a57bb4b292ebf5db8bfab7e5fe40a742f8f550605e41349af2c61ffb,-87,,3,64,,3
09:54:26,,3,99f175f46b896f4ff846afd37bf4d9a26202cdd738b3c94ac5b0702d0ffa44b2,-85,,3,64,,3
09:54:27,,3,99f175f46b896f4ff846afd37bf4d9a26202cdd738b3c94ac5b0702d0ffa44b2,-84,,3,64,,3
09:54:28,,3,c07001e8a57bb4b292ebf5db8bfab7e5fe40a742f8f550605e41349af2c61ffb,-91,,3,64,,3
09:54:28,,3,99f175f46b896f4ff846afd37bf4d9a26202cdd738b3c94ac5b0702d0ffa44b2,-85,,3,64,,3
09:54:29,,3,84c3b8b40c2b81965f0bd0c4ab71b0581a2d8d96a2d3dd40890c99d3e468a709,-93,,3,64,,3
09:54:30,,3,c07001e8a57bb4b292ebf5db8bfab7e5fe40a742f8f550605e41349af2c61ffb,-80,,3,64,,3
09:54:31,,3,99f175f46b896f4ff846afd37bf4d9a26202cdd738b3c94ac5b0702d0ffa44b2,-80,,3,64,,3
09:54:32,,3,84c3b8b40c2b81965f0bd0c4ab71b0581a2d8d96a2d3dd40890c99d3e468a709,-93,,3,64,,3
09:54:32,,3,84c3b8b40c2b81965f0bd0c4ab71b0581a2d8d96a2d3dd40890c99d3e468a709,-82,,3,64,,3
09:54:33,,3,99f175f46b896f4ff846afd37bf4d9a26202cdd738b3c94ac5b0702d0ffa44b2,-78,,3,64,,3
09:54:34,,3,c07001e8a57bb4b292ebf5db8bfab7e5fe40a742f8f550605e41349af2c61ffb,-78,,3,64,,3
09:54:35,,3,c07001e8a57bb4b292ebf5db8bfab7e5fe40a742f8f550605e41349af2c61ffb,-77,,3,64,,3
09:54:36,26.0,3,336668bc351b5c41d8052021c2483712e425c31916b01a9ff78ee39a5779c880,-83,,3,64,12.0,3
09:54:37,26.0,3,49dda582b84532793d9a91417500dfdb53831cc63bcb5b0567fc164a31458184,-83,,3,64,8.0,3
09:54:37,26.0,3,87d803749299832219312a2c4003812c204f0277664db84d9d74bb3ee01378de,-88,,3,64,7.0,3
09:54:38,,3,99f175f46b896f4ff846afd37bf4d9a26202cdd738b3c94ac5b0702d0ffa44b2,-91,,3,64,,3
09:54:39,26.0,3,49dda582b84532793d9a91417500dfdb53831cc63bcb5b0567fc164a31458184,-83,,3,64,8.0,3
09:54:40,26.0,3,18813044191c07cc4e8748a9c44b296d10ac7a93b0614a2f3127f8842f0a3094,-85,,3,64,,3
09:54:41,26.0,3,49dda582b84532793d9a91417500dfdb53831cc63bcb5b0567fc164a31458184,-83,,3,64,8.0,3
09:54:41,,3,84c3b8b40c2b81965f0bd0c4ab71b0581a2d8d96a2d3dd40890c99d3e468a709,-92,,3,64,,3
09:54:42,,3,16862cbf545501a7908edbb699cd4a63ca6e421b703ea53b5e73fbe29a7490e3,-84,,3,64,,3
09:54:43,,3,99f175f46b896f4ff846afd37bf4d9a26202cdd738b3c94ac5b0702d0ffa44b2,-86,,3,64,,3
09:54:44,26.0,3,98790c8189c89cabff322d0507b80fc2dd06c4568893c3a0ec2f61b2f04c3489,-85,,3,64,7.0,3
09:54:44,26.0,3,98790c8189c89cabff322d0507b80fc2dd06c4568893c3a0ec2f61b2f04c3489,-85,,3,64,7.0,3
09:54:45,,3,84c3b8b40c2b81965f0bd0c4ab71b0581a2d8d96a2d3dd40890c99d3e468a709,-89,,3,64,,3
09:54:46,26.0,3,98790c8189c89cabff322d0507b80fc2dd06c4568893c3a0ec2f61b2f04c3489,-85,,3,64,7.0,3
09:54:47,,3,c07001e8a57bb4b292ebf5db8bfab7e5fe40a742f8f550605e41349af2c61ffb,-79,,3,64,,3
09:54:48,,3,c07001e8a57bb4b292ebf5db8bfab7e5fe40a742f8f550605e41349af2c61ffb,-83,,3,64,,3
09:54:49,,3,99f175f46b896f4ff846afd37bf4d9a26202cdd738b3c94ac5b0702d0ffa44b2,-86,,3,64,,3
09:54:50,26.0,3,18813044191c07cc4e8748a9c44b296d10ac7a93b0614a2f3127f8842f0a3094,-82,,3,64,,3
09:54:50,,3,c07001e8a57bb4b292ebf5db8bfab7e5fe40a742f8f550605e41349af2c61ffb,-87,,3,64,,3
09:54:51,26.0,3,336668bc351b5c41d8052021c2483712e425c31916b01a9ff78ee39a5779c880,-87,,3,64,12.0,3
09:54:52,26.0,3,336668bc351b5c41d8052021c2483712e425c31916b01a9ff78ee39a5779c880,-82,,3,64,12.0,3
09:54:53,26.0,3,87d803749299832219312a2c4003812c204f0277664db84d9d74bb3ee01378de,-91,,3,64,7.0,3
09:54:54,26.0,3,336668bc351b5c41d8052021c2483712e425c31916b01a9ff78ee39a5779c880,-81,,3,64,12.0,3
09:54:54,26.0,3,18813044191c07cc4e8748a9c44b296d10ac7a93b0614a2f3127f8842f0a3094,-85,,3,64,,3
09:54:55,,3,c07001e8a57bb4b292ebf5db8bfab7e5fe40a742f8f550605e41349af2c61ffb,-78,,3,64,,3
09:54:56,26.0,3,c5a18bd62628e6d99f07946806a7ca6ba5c702e0b84a04c03b1b796bc64f6fc8,-85,,3,64,12.0,3
09:54:57,26.0,3,18813044191c07cc4e8748a9c44b296d10ac7a93b0614a2f3127f8842f0a3094,-87,,3,64,,3
09:54:58,,3,518fe29e4725a887bead58b01c1ff023fadd45a7c141f838872d5455cfc47e24,-88,,3,64,,3
09:54:58,,3,84c3b8b40c2b81965f0bd0c4ab71b0581a2d8d96a2d3dd40890c99d3e468a709,-86,,3,64,,3
09:54:59,,3,c07001e8a57bb4b292ebf5db8bfab7e5fe40a742f8f550605e41349af2c61ffb,-82,,3,64,,3
09:55:00,,3,fb397a6162d42e21af9905dfaa27021204cf4756650e08ccfa062aba09f0386f,-82,,3,64,,3
09:55:01,,3,84c3b8b40c2b81965f0bd0c4ab71b0581a2d8d96a2d3dd40890c99d3e468a709,-87,,3,64,,3
09:55:01,26.0,3,252b44797d9ce6c9e33dbbb5f599af8ec0a4e3c2d581f271ef35bb7f94f558e3,-92,,3,64,5.0,3
09:55:02,,3,84c3b8b40c2b81965f0bd0c4ab71b0581a2d8d96a2d3dd40890c99d3e468a709,-94,,3,64,,3
09:55:03,26.0,3,98790c8189c89cabff322d0507b80fc2dd06c4568893c3a0ec2f61b2f04c3489,-80,,3,64,7.0,3
09:55:04,,3,84c3b8b40c2b81965f0bd0c4ab71b0581a2d8d96a2d3dd40890c99d3e468a709,-84,,3,64,,3
09:55:05,,3,3c99d2e3b42e53925ad5f60d3123ff4548fa216ae4c92acd6d5e3a7de98ed668,-92,,3,64,,3
09:55:06,,3,c07001e8a57bb4b292ebf5db8bfab7e5fe40a742f8f550605e41349af2c61ffb,-90,,3,64,,3
09:55:07,26.0,3,98790c8189c89cabff322d0507b80fc2dd06c4568893c3a0ec2f61b2f04c3489,-81,,3,64,7.0,3
09:55:07,26.0,3,336668bc351b5c41d8052021c2483712e425c31916b01a9ff78ee39a5779c880,-83,,3,64,12.0,3
09:55:08,,3,84c3b8b40c2b81965f0bd0c4ab71b0581a2d8d96a2d3dd40890c99d3e468a709,-83,,3,64,,3
09:55:09,26.0,3,252b44797d9ce6c9e33dbbb5f599af8ec0a4e3c2d581f271ef35bb7f94f558e3,-89,,3,64,5.0,3
09:55:10,,3,99f175f46b896f4ff846afd37bf4d9a26202cdd738b3c94ac5b0702d0ffa44b2,-81,,3,64,,3
09:55:11,,3,c07001e8a57bb4b292ebf5db8bfab7e5fe40a742f8f550605e41349af2c61ffb,-83,,3,64,,3
09:55:11,,3,99f175f46b896f4ff846afd37bf4d9a26202cdd738b3c94ac5b0702d0ffa44b2,-80,,3,64,,3
09:55:12,,3,99f175f46b896f4ff846afd37bf4d9a26202cdd738b3c94ac5b0702d0ffa44b2,-88,,3,64,,3
09:55:13,26.0,3,18813044191c07cc4e8748a9c44b296d10ac7a93b0614a2f3127f8842f0a3094,-91,,3,64,,3
09:55:14,26.0,3,2b5b38307355192260909b35bf99d66919da5a554f6879b38b2ca617a378c9ec,-89,,3,64,12.0,3
09:55:15,,3,84c3b8b40c2b81965f0bd0c4ab71b0581a2d8d96a2d3dd40890c99d3e468a709,-92,,3,64,,3
09:55:15,26.0,3,336668bc351b5c41d8052021c2483712e425c31916b01a9ff78ee39a5779c880,-86,,3,64,12.0,3
09:55:16,,3,c07001e8a57bb4b292ebf5db8bfab7e5fe40a742f8f550605e41349af2c61ffb,-83,,3,64,,3
09:55:17,26.0,3,252b44797d9ce6c9e33dbbb5f599af8ec0a4e3c2d581f271ef35bb7f94f558e3,-91,,3,64,5.0,3
09:55:18,,3,99f175f46b896f4ff846afd37bf4d9a26202cdd738b3c94ac5b0702d0ffa44b2,-80,,3,64,,3
09:55:19,26.0,3,38b2c23b66e0f81f51ba4f6d963277b3760a8f2a1a60f9453eec5d551c12d721,-74,,3,64,12.0,3
09:55:19,,3,c07001e8a57bb4b292ebf5db8bfab7e5fe40a742f8f550605e41349af2c61ffb,-80,,3,64,,3
09:55:20,26.0,3,336668bc351b5c41d8052021c2483712e425c31916b01a9ff78ee39a5779c880,-81,,3,64,12.0,3
09:55:21,26.0,3,49dda582b84532793d9a91417500dfdb53831cc63bcb5b0567fc164a31458184,-86,,3,64,8.0,3
09:55:22,,3,99f175f46b896f4ff846afd37bf4d9a26202cdd738b3c94ac5b0702d0ffa44b2,-81,,3,64,,3
09:55:23,26.0,3,336668bc351b5c41d8052021c2483712e425c31916b01a9ff78ee39a5779c880,-85,,3,64,12.0,3
09:55:24,,3,75995fd09cdbb1a7aea0ca834b2866c5aacf01682bb8fcc41768472926baf3f7,-91,,3,64,,3
09:55:24,26.0,3,98790c8189c89cabff322d0507b80fc2dd06c4568893c3a0ec2f61b2f04c3489,-90,,3,64,,3
09:55:25,26.0,3,98790c8189c89cabff322d0507b80fc2dd06c4568893c3a0ec2f61b2f04c3489,-91,,3,64,,3
09:55:26,26.0,3,2b5b38307355192260909b35bf99d66919da5a554f6879b38b2ca617a378c9ec,-91,,3,64,12.0,3
09:55:27,,3,3b0a930e8dcda48d798b1158c874a7fee66350e875c7c405a731bade1fb6e770,-83,,3,64,,3
09:55:28,,3,c07001e8a57bb4b292ebf5db8bfab7e5fe40a742f8f550605e41349af2c61ffb,-87,,3,64,,3
09:55:28,,3,99f175f46b896f4ff846afd37bf4d9a26202cdd738b3c94ac5b0702d0ffa44b2,-81,,3,64,,3
09:55:29,26.0,3,98790c8189c89cabff322d0507b80fc2dd06c4568893c3a0ec2f61b2f04c3489,-89,,3,64,,3
09:55:30,26.0,3,87d803749299832219312a2c4003812c204f0277664db84d9d74bb3ee01378de,-91,,3,64,7.0,3
09:55:31,,3,99f175f46b896f4ff846afd37bf4d9a26202cdd738b3c94ac5b0702d0ffa44b2,-81,,3,64,,3
09:55:31,,3,99f175f46b896f4ff846afd37bf4d9a26202cdd738b3c94ac5b0702d0ffa44b2,-82,,3,64,,3
09:55:32,26.0,3,98790c8189c89cabff322d0507b80fc2dd06c4568893c3a0ec2f61b2f04c3489,-85,,3,64,,3
09:55:33,,3,c07001e8a57bb4b292ebf5db8bfab7e5fe40a742f8f550605e41349af2c61ffb,-81,,3,64,,3
09:55:34,26.0,3,98790c8189c89cabff322d0507b80fc2dd06c4568893c3a0ec2f61b2f04c3489,-97,,3,64,,3
09:55:35,26.0,3,98790c8189c89cabff322d0507b80fc2dd06c4568893c3a0ec2f61b2f04c3489,-82,,3,64,,3
09:55:36,26.0,3,49dda582b84532793d9a91417500dfdb53831cc63bcb5b0567fc164a31458184,-89,,3,64,8.0,3
09:55:37,26.0,3,98790c8189c89cabff322d0507b80fc2dd06c4568893c3a0ec2f61b2f04c3489,-88,,3,64,,3
09:55:37,,3,c07001e8a57bb4b292ebf5db8bfab7e5fe40a742f8f550605e41349af2c61ffb,-80,,3,64,,3
09:55:38,26.0,3,18813044191c07cc4e8748a9c44b296d10ac7a93b0614a2f3127f8842f0a3094,-87,,3,64,,3
09:55:39,,3,84c3b8b40c2b81965f0bd0c4ab71b0581a2d8d96a2d3dd40890c99d3e468a709,-81,,3,64,,3
09:55:40,,3,c07001e8a57bb4b292ebf5db8bfab7e5fe40a742f8f550605e41349af2c61ffb,-91,,3,64,,3
09:55:41,,3,84c3b8b40c2b81965f0bd0c4ab71b0581a2d8d96a2d3dd40890c99d3e468a709,-87,,3,64,,3
09:55:41,26.0,3,98790c8189c89cabff322d0507b80fc2dd06c4568893c3a0ec2f61b2f04c3489,-88,,3,64,,3
09:55:42,26.0,3,98790c8189c89cabff322d0507b80fc2dd06c4568893c3a0ec2f61b2f04c3489,-89,,3,64,,3
09:55:43,,3,c07001e8a57bb4b292ebf5db8bfab7e5fe40a742f8f550605e41349af2c61ffb,-80,,3,64,,3
09:55:44,,3,84c3b8b40c2b81965f0bd0c4ab71b0581a2d8d96a2d3dd40890c99d3e468a709,-82,,3,64,,3
09:55:45,,3,fb397a6162d42e21af9905dfaa27021204cf4756650e08ccfa062aba09f0386f,-94,,3,64,,3
09:55:45,,3,c07001e8a57bb4b292ebf5db8bfab7e5fe40a742f8f550605e41349af2c61ffb,-78,,3,64,,3
09:55:46,,3,99f175f46b896f4ff846afd37bf4d9a26202cdd738b3c94ac5b0702d0ffa44b2,-81,,3,64,,3
09:55:47,,3,3c99d2e3b42e53925ad5f60d3123ff4548fa216ae4c92acd6d5e3a7de98ed668,-90,,3,64,,3
09:55:48,,3,99f175f46b896f4ff846afd37bf4d9a26202cdd738b3c94ac5b0702d0ffa44b2,-80,,3,64,,3
09:55:49,,3,84c3b8b40c2b81965f0bd0c4ab71b0581a2d8d96a2d3dd40890c99d3e468a709,-77,,3,64,,3
09:55:49,26.0,3,38b2c23b66e0f81f51ba4f6d963277b3760a8f2a1a60f9453eec5d551c12d721,-62,,3,64,12.0,3
09:55:50,26.0,3,18813044191c07cc4e8748a9c44b296d10ac7a93b0614a2f3127f8842f0a3094,-87,,3,64,,3
09:55:51,,3,99f175f46b896f4ff846afd37bf4d9a26202cdd738b3c94ac5b0702d0ffa44b2,-82,,3,64,,3
09:55:52,,3,99f175f46b896f4ff846afd37bf4d9a26202cdd738b3c94ac5b0702d0ffa44b2,-83,,3,64,,3
09:55:53,26.0,3,38b2c23b66e0f81f51ba4f6d963277b3760a8f2a1a60f9453eec5d551c12d721,-58,,3,64,12.0,3
09:55:54,,3,99f175f46b896f4ff846afd37bf4d9a26202cdd738b3c94ac5b0702d0ffa44b2,-89,,3,64,,3
09:55:54,26.0,3,336668bc351b5c41d8052021c2483712e425c31916b01a9ff78ee39a5779c880,-91,,3,64,12.0,3
09:55:55,,3,c07001e8a57bb4b292ebf5db8bfab7e5fe40a742f8f550605e41349af2c61ffb,-79,,3,64,,3
09:55:56,,3,84c3b8b40c2b81965f0bd0c4ab71b0581a2d8d96a2d3dd40890c99d3e468a709,-90,,3,64,,3
09:55:57,26.0,3,18813044191c07cc4e8748a9c44b296d10ac7a93b0614a2f3127f8842f0a3094,-91,,3,64,,3
09:55:57,26.0,3,18813044191c07cc4e8748a9c44b296d10ac7a93b0614a2f3127f8842f0a3094,-88,,3,64,,3
09:55:58,,3,c07001e8a57bb4b292ebf5db8bfab7e5fe40a742f8f550605e41349af2c61ffb,-77,,3,64,,3
09:55:59,26.0,3,87d803749299832219312a2c4003812c204f0277664db84d9d74bb3ee01378de,-86,,3,64,7.0,3
09:56:00,,3,75995fd09cdbb1a7aea0ca834b2866c5aacf01682bb8fcc41768472926baf3f7,-95,,3,64,,3
09:56:01,26.0,3,87d803749299832219312a2c4003812c204f0277664db84d9d74bb3ee01378de,-88,,3,64,7.0,3
09:56:02,,3,84c3b8b40c2b81965f0bd0c4ab71b0581a2d8d96a2d3dd40890c99d3e468a709,-76,,3,64,,3
09:56:03,,3,16862cbf545501a7908edbb699cd4a63ca6e421b703ea53b5e73fbe29a7490e3,-76,,3,64,,3
09:56:03,,3,99f175f46b896f4ff846afd37bf4d9a26202cdd738b3c94ac5b0702d0ffa44b2,-83,,3,64,,3
09:56:04,,3,c07001e8a57bb4b292ebf5db8bfab7e5fe40a742f8f550605e41349af2c61ffb,-77,,3,64,,3
09:56:05,26.0,3,252b44797d9ce6c9e33dbbb5f599af8ec0a4e3c2d581f271ef35bb7f94f558e3,-92,,3,64,5.0,3
09:56:06,,3,84c3b8b40c2b81965f0bd0c4ab71b0581a2d8d96a2d3dd40890c99d3e468a709,-77,,3,64,,3
09:56:07,26.0,3,252b44797d9ce6c9e33dbbb5f599af8ec0a4e3c2d581f271ef35bb7f94f558e3,-89,,3,64,5.0,3
09:56:07,,3,c07001e8a57bb4b292ebf5db8bfab7e5fe40a742f8f550605e41349af2c61ffb,-78,,3,64,,3
09:56:08,,3,84c3b8b40c2b81965f0bd0c4ab71b0581a2d8d96a2d3dd40890c99d3e468a709,-77,,3,64,,3
09:56:09,,3,84c3b8b40c2b81965f0bd0c4ab71b0581a2d8d96a2d3dd40890c99d3e468a709,-87,,3,64,,3
09:56:10,,3,c07001e8a57bb4b292ebf5db8bfab7e5fe40a742f8f550605e41349af2c61ffb,-75,,3,64,,3
09:56:11,,3,99f175f46b896f4ff846afd37bf4d9a26202cdd738b3c94ac5b0702d0ffa44b2,-83,,3,64,,3
09:56:11,,3,84c3b8b40c2b81965f0bd0c4ab71b0581a2d8d96a2d3dd40890c99d3e468a709,-85,,3,64,,3
09:56:12,,3,99f175f46b896f4ff846afd37bf4d9a26202cdd738b3c94ac5b0702d0ffa44b2,-83,,3,64,,3
09:56:13,26.0,3,18813044191c07cc4e8748a9c44b296d10ac7a93b0614a2f3127f8842f0a3094,-86,,3,64,,3
09:56:14,,3,c07001e8a57bb4b292ebf5db8bfab7e5fe40a742f8f550605e41349af2c61ffb,-76,,3,64,,3
09:56:15,,3,c07001e8a57bb4b292ebf5db8bfab7e5fe40a742f8f550605e41349af2c61ffb,-76,,3,64,,3
09:56:15,26.0,3,38b2c23b66e0f81f51ba4f6d963277b3760a8f2a1a60f9453eec5d551c12d721,-61,,3,64,12.0,3
09:56:16,,3,c07001e8a57bb4b292ebf5db8bfab7e5fe40a742f8f550605e41349af2c61ffb,-78,,3,64,,3
09:56:17,,3,3c99d2e3b42e53925ad5f60d3123ff4548fa216ae4c92acd6d5e3a7de98ed668,-92,,3,64,,3
09:56:18,26.0,3,2b5b38307355192260909b35bf99d66919da5a554f6879b38b2ca617a378c9ec,-90,,3,64,12.0,3
09:56:19,,3,c07001e8a57bb4b292ebf5db8bfab7e5fe40a742f8f550605e41349af2c61ffb,-79,,3,64,,3
09:56:19,,3,75995fd09cdbb1a7aea0ca834b2866c5aacf01682bb8fcc41768472926baf3f7,-93,,3,64,,3
09:56:20,,3,84c3b8b40c2b81965f0bd0c4ab71b0581a2d8d96a2d3dd40890c99d3e468a709,-77,,3,64,,3
09:56:21,,3,c07001e8a57bb4b292ebf5db8bfab7e5fe40a742f8f550605e41349af2c61ffb,-79,,3,64,,3
09:56:22,,3,75995fd09cdbb1a7aea0ca834b2866c5aacf01682bb8fcc41768472926baf3f7,-94,,3,64,,3
09:56:23,26.0,3,336668bc351b5c41d8052021c2483712e425c31916b01a9ff78ee39a5779c880,-86,,3,64,12.0,3
09:56:24,,3,99f175f46b896f4ff846afd37bf4d9a26202cdd738b3c94ac5b0702d0ffa44b2,-83,,3,64,,3
09:56:24,,3,75995fd09cdbb1a7aea0ca834b2866c5aacf01682bb8fcc41768472926baf3f7,-93,,3,64,,3
09:56:25,,3,99f175f46b896f4ff846afd37bf4d9a26202cdd738b3c94ac5b0702d0ffa44b2,-82,,3,64,,3
09:56:26,26.0,3,18813044191c07cc4e8748a9c44b296d10ac7a93b0614a2f3127f8842f0a3094,-83,,3,64,,3
09:56:27,,3,c07001e8a57bb4b292ebf5db8bfab7e5fe40a742f8f550605e41349af2c61ffb,-77,,3,64,,3
09:56:28,,3,84c3b8b40c2b81965f0bd0c4ab71b0581a2d8d96a2d3dd40890c99d3e468a709,-78,,3,64,,3
09:56:28,,3,84c3b8b40c2b81965f0bd0c4ab71b0581a2d8d96a2d3dd40890c99d3e468a709,-88,,3,64,,3
09:56:29,,3,c07001e8a57bb4b292ebf5db8bfab7e5fe40a742f8f550605e41349af2c61ffb,-79,,3,64,,3
09:56:30,,3,c07001e8a57bb4b292ebf5db8bfab7e5fe40a742f8f550605e41349af2c61ffb,-80,,3,64,,3
09:56:31,26.0,3,18813044191c07cc4e8748a9c44b296d10ac7a93b0614a2f3127f8842f0a3094,-90,,3,64,,3
09:56:32,,3,c07001e8a57bb4b292ebf5db8bfab7e5fe40a742f8f550605e41349af2c61ffb,-84,,3,64,,3
09:56:32,,3,99f175f46b896f4ff846afd37bf4d9a26202cdd738b3c94ac5b0702d0ffa44b2,-81,,3,64,,3
09:56:33,,3,c07001e8a57bb4b292ebf5db8bfab7e5fe40a742f8f550605e41349af2c61ffb,-77,,3,64,,3
09:56:34,26.0,3,38b2c23b66e0f81f51ba4f6d963277b3760a8f2a1a60f9453eec5d551c12d721,-58,,3,64,12.0,3
09:56:35,,3,c07001e8a57bb4b292ebf5db8bfab7e5fe40a742f8f550605e41349af2c61ffb,-78,,3,64,,3
09:56:36,26.0,3,336668bc351b5c41d8052021c2483712e425c31916b01a9ff78ee39a5779c880,-86,,3,64,12.0,3
09:56:36,26.0,3,38b2c23b66e0f81f51ba4f6d963277b3760a8f2a1a60f9453eec5d551c12d721,-57,,3,64,12.0,3
09:56:37,,3,99f175f46b896f4ff846afd37bf4d9a26202cdd738b3c94ac5b0702d0ffa44b2,-83,,3,64,,3
09:56:38,,3,75995fd09cdbb1a7aea0ca834b2866c5aacf01682bb8fcc41768472926baf3f7,-94,,3,64,,3
09:56:39,,3,3b0a930e8dcda48d798b1158c874a7fee66350e875c7c405a731bade1fb6e770,-80,,3,64,,3
09:56:40,26.0,3,336668bc351b5c41d8052021c2483712e425c31916b01a9ff78ee39a5779c880,-85,,3,64,12.0,3
09:56:41,,3,c07001e8a57bb4b292ebf5db8bfab7e5fe40a742f8f550605e41349af2c61ffb,-82,,3,64,,3
09:56:41,26.0,3,2b5b38307355192260909b35bf99d66919da5a554f6879b38b2ca617a378c9ec,-88,,3,64,,3
09:56:42,,3,99f175f46b896f4ff846afd37bf4d9a26202cdd738b3c94ac5b0702d0ffa44b2,-82,,3,64,,3
09:56:43,,3,84c3b8b40c2b81965f0bd0c4ab71b0581a2d8d96a2d3dd40890c99d3e468a709,-87,,3,64,,3
09:56:44,,3,99f175f46b896f4ff846afd37bf4d9a26202cdd738b3c94ac5b0702d0ffa44b2,-83,,3,64,,3
09:56:44,,3,16862cbf545501a7908edbb699cd4a63ca6e421b703ea53b5e73fbe29a7490e3,-77,,3,64,,3
09:56:45,,3,c07001e8a57bb4b292ebf5db8bfab7e5fe40a742f8f550605e41349af2c61ffb,-77,,3,64,,3
09:56:46,26.0,3,336668bc351b5c41d8052021c2483712e425c31916b01a9ff78ee39a5779c880,-86,,3,64,12.0,3
09:56:47,,3,99f175f46b896f4ff846afd37bf4d9a26202cdd738b3c94ac5b0702d0ffa44b2,-83,,3,64,,3
09:56:48,,3,99f175f46b896f4ff846afd37bf4d9a26202cdd738b3c94ac5b0702d0ffa44b2,-84,,3,64,,3
09:56:49,26.0,3,18813044191c07cc4e8748a9c44b296d10ac7a93b0614a2f3127f8842f0a3094,-85,,3,64,,3
09:56:49,,3,c07001e8a57bb4b292ebf5db8bfab7e5fe40a742f8f550605e41349af2c61ffb,-79,,3,64,,3
09:56:50,26.0,3,336668bc351b5c41d8052021c2483712e425c31916b01a9ff78ee39a5779c880,-86,,3,64,12.0,3
09:56:51,26.0,3,98790c8189c89cabff322d0507b80fc2dd06c4568893c3a0ec2f61b2f04c3489,-84,,3,64,7.0,3
09:56:52,,3,c07001e8a57bb4b292ebf5db8bfab7e5fe40a742f8f550605e41349af2c61ffb,-78,,3,64,,3
09:56:53,26.0,3,49dda582b84532793d9a91417500dfdb53831cc63bcb5b0567fc164a31458184,-84,,3,64,8.0,3
09:56:54,26.0,3,18813044191c07cc4e8748a9c44b296d10ac7a93b0614a2f3127f8842f0a3094,-88,,3,64,,3
09:56:54,,3,84c3b8b40c2b81965f0bd0c4ab71b0581a2d8d96a2d3dd40890c99d3e468a709,-81,,3,64,,3
09:56:55,,3,c07001e8a57bb4b292ebf5db8bfab7e5fe40a742f8f550605e41349af2c61ffb,-76,,3,64,,3
09:56:56,26.0,3,2b5b38307355192260909b35bf99d66919da5a554f6879b38b2ca617a378c9ec,-88,,3,64,,3
09:56:57,26.0,3,49dda582b84532793d9a91417500dfdb53831cc63bcb5b0567fc164a31458184,-85,,3,64,8.0,3
09:56:58,26.0,3,49dda582b84532793d9a91417500dfdb53831cc63bcb5b0567fc164a31458184,-83,,3,64,8.0,3
09:56:58,26.0,3,18813044191c07cc4e8748a9c44b296d10ac7a93b0614a2f3127f8842f0a3094,-85,,3,64,,3
09:56:59,,3,99f175f46b896f4ff846afd37bf4d9a26202cdd738b3c94ac5b0702d0ffa44b2,-83,,3,64,,3
09:57:00,,3,c07001e8a57bb4b292ebf5db8bfab7e5fe40a742f8f550605e41349af2c61ffb,-79,,3,64,,3
09:57:01,26.0,3,18813044191c07cc4e8748a9c44b296d10ac7a93b0614a2f3127f8842f0a3094,-82,,3,64,,3
09:57:02,,3,84c3b8b40c2b81965f0bd0c4ab71b0581a2d8d96a2d3dd40890c99d3e468a709,-77,,3,64,,3
09:57:02,26.0,3,98790c8189c89cabff322d0507b80fc2dd06c4568893c3a0ec2f61b2f04c3489,-83,,3,64,7.0,3
09:57:03,,3,c07001e8a57bb4b292ebf5db8bfab7e5fe40a742f8f550605e41349af2c61ffb,-87,,3,64,,3
09:57:04,,3,c07001e8a57bb4b292ebf5db8bfab7e5fe40a742f8f550605e41349af2c61ffb,-87,,3,64,,3
09:57:05,,3,99f175f46b896f4ff846afd37bf4d9a26202cdd738b3c94ac5b0702d0ffa44b2,-83,,3,64,,3
09:57:06,26.0,3,18813044191c07cc4e8748a9c44b296d10ac7a93b0614a2f3127f8842f0a3094,-89,,3,64,,3
09:57:06,,3,99f175f46b896f4ff846afd37bf4d9a26202cdd738b3c94ac5b0702d0ffa44b2,-85,,3,64,,3
09:57:07,26.0,3,252b44797d9ce6c9e33dbbb5f599af8ec0a4e3c2d581f271ef35bb7f94f558e3,-89,,3,64,5.0,3
09:57:08,26.0,3,49dda582b84532793d9a91417500dfdb53831cc63bcb5b0567fc164a31458184,-81,,3,64,8.0,3
09:57:09,,3,99f175f46b896f4ff846afd37bf4d9a26202cdd738b3c94ac5b0702d0ffa44b2,-91,,3,64,,3
09:57:10,26.0,3,49dda582b84532793d9a91417500dfdb53831cc63bcb5b0567fc164a31458184,-84,,3,64,8.0,3
09:57:10,26.0,3,18813044191c07cc4e8748a9c44b296d10ac7a93b0614a2f3127f8842f0a3094,-88,,3,64,,3
09:57:11,,3,3c99d2e3b42e53925ad5f60d3123ff4548fa216ae4c92acd6d5e3a7de98ed668,-89,,3,64,,3
09:57:12,26.0,3,38b2c23b66e0f81f51ba4f6d963277b3760a8f2a1a60f9453eec5d551c12d721,-58,,3,64,12.0,3
09:57:13,,3,84c3b8b40c2b81965f0bd0c4ab71b0581a2d8d96a2d3dd40890c99d3e468a709,-79,,3,64,,3
09:57:14,26.0,3,38b2c23b66e0f81f51ba4f6d963277b3760a8f2a1a60f9453eec5d551c12d721,-61,,3,64,12.0,3
09:57:15,,3,c07001e8a57bb4b292ebf5db8bfab7e5fe40a742f8f550605e41349af2c61ffb,-79,,3,64,,3
09:57:15,26.0,3,98790c8189c89cabff322d0507b80fc2dd06c4568893c3a0ec2f61b2f04c3489,-91,,3,64,7.0,3
09:57:16,26.0,3,38b2c23b66e0f81f51ba4f6d963277b3760a8f2a1a60f9453eec5d551c12d721,-60,,3,64,12.0,3
09:57:17,,3,84c3b8b40c2b81965f0bd0c4ab71b0581a2d8d96a2d3dd40890c99d3e468a709,-89,,3,64,,3
09:57:18,,3,9bda1742eeabc9569b3fb27107fca27c6aae29f85eb13d848a856a76e53b9190,-60,,3,64,,3
09:57:19,26.0,3,38b2c23b66e0f81f51ba4f6d963277b3760a8f2a1a60f9453eec5d551c12d721,-57,,3,64,12.0,3
09:57:19,,3,99f175f46b896f4ff846afd37bf4d9a26202cdd738b3c94ac5b0702d0ffa44b2,-82,,3,64,,3
09:57:20,,3,84c3b8b40c2b81965f0bd0c4ab71b0581a2d8d96a2d3dd40890c99d3e468a709,-80,,3,64,,3
09:57:21,,3,75995fd09cdbb1a7aea0ca834b2866c5aacf01682bb8fcc41768472926baf3f7,-96,,3,64,,3
09:57:22,,3,c07001e8a57bb4b292ebf5db8bfab7e5fe40a742f8f550605e41349af2c61ffb,-80,,3,64,,3
09:57:22,26.0,3,252b44797d9ce6c9e33dbbb5f599af8ec0a4e3c2d581f271ef35bb7f94f558e3,-93,,3,64,5.0,3
09:57:23,,3,c07001e8a57bb4b292ebf5db8bfab7e5fe40a742f8f550605e41349af2c61ffb,-83,,3,64,,3
09:57:24,26.0,3,252b44797d9ce6c9e33dbbb5f599af8ec0a4e3c2d581f271ef35bb7f94f558e3,-94,,3,64,5.0,3
09:57:25,26.0,3,49dda582b84532793d9a91417500dfdb53831cc63bcb5b0567fc164a31458184,-83,,3,64,8.0,3
09:57:26,,3,84c3b8b40c2b81965f0bd0c4ab71b0581a2d8d96a2d3dd40890c99d3e468a709,-92,,3,64,,3
09:57:27,,3,16862cbf545501a7908edbb699cd4a63ca6e421b703ea53b5e73fbe29a7490e3,-89,,3,64,,3
09:57:27,,3,99f175f46b896f4ff846afd37bf4d9a26202cdd738b3c94ac5b0702d0ffa44b2,-82,,3,64,,3
09:57:28,,3,84c3b8b40c2b81965f0bd0c4ab71b0581a2d8d96a2d3dd40890c99d3e468a709,-86,,3,64,,3
09:57:29,,3,3b0a930e8dcda48d798b1158c874a7fee66350e875c7c405a731bade1fb6e770,-93,,3,64,,3
09:57:30,26.0,3,98790c8189c89cabff322d0507b80fc2dd06c4568893c3a0ec2f61b2f04c3489,-90,,3,64,7.0,3
09:57:31,,3,99f175f46b896f4ff846afd37bf4d9a26202cdd738b3c94ac5b0702d0ffa44b2,-83,,3,64,,3
09:57:32,,3,c07001e8a57bb4b292ebf5db8bfab7e5fe40a742f8f550605e41349af2c61ffb,-79,,3,64,,3
09:57:32,,3,c07001e8a57bb4b292ebf5db8bfab7e5fe40a742f8f550605e41349af2c61ffb,-78,,3,64,,3
09:57:33,6.0,3,9c361e4be634e32d9b487b556760e512627fd5adc685787264f8d6b12abc8dea,-92,Cb40,3,64,,3
09:57:34,,3,84c3b8b40c2b81965f0bd0c4ab71b0581a2d8d96a2d3dd40890c99d3e468a709,-79,,3,64,,3
09:57:35,,3,99f175f46b896f4ff846afd37bf4d9a26202cdd738b3c94ac5b0702d0ffa44b2,-82,,3,64,,3
09:57:36,,3,c07001e8a57bb4b292ebf5db8bfab7e5fe40a742f8f550605e41349af2c61ffb,-84,,3,64,,3
09:57:36,,3,99f175f46b896f4ff846afd37bf4d9a26202cdd738b3c94ac5b0702d0ffa44b2,-81,,3,64,,3
09:57:37,,3,99f175f46b896f4ff846afd37bf4d9a26202cdd738b3c94ac5b0702d0ffa44b2,-83,,3,64,,3
09:57:38,26.0,3,49dda582b84532793d9a91417500dfdb53831cc63bcb5b0567fc164a31458184,-86,,3,64,8.0,3
09:57:39,,3,84c3b8b40c2b81965f0bd0c4ab71b0581a2d8d96a2d3dd40890c99d3e468a709,-79,,3,64,,3
09:57:40,,3,c07001e8a57bb4b292ebf5db8bfab7e5fe40a742f8f550605e41349af2c61ffb,-78,,3,64,,3
09:57:40,,3,75995fd09cdbb1a7aea0ca834b2866c5aacf01682bb8fcc41768472926baf3f7,-92,,3,64,,3
09:57:41,26.0,3,18813044191c07cc4e8748a9c44b296d10ac7a93b0614a2f3127f8842f0a3094,-89,,3,64,,3
09:57:42,,3,c07001e8a57bb4b292ebf5db8bfab7e5fe40a742f8f550605e41349af2c61ffb,-80,,3,64,,3
09:57:43,,3,c07001e8a57bb4b292ebf5db8bfab7e5fe40a742f8f550605e41349af2c61ffb,-78,,3,64,,3
09:57:44,26.0,3,18813044191c07cc4e8748a9c44b296d10ac7a93b0614a2f3127f8842f0a3094,-85,,3,64,,3
09:57:45,,3,84c3b8b40c2b81965f0bd0c4ab71b0581a2d8d96a2d3dd40890c99d3e468a709,-87,,3,64,,3
09:57:45,26.0,3,98790c8189c89cabff322d0507b80fc2dd06c4568893c3a0ec2f61b2f04c3489,-89,,3,64,7.0,3
09:57:46,,3,c07001e8a57bb4b292ebf5db8bfab7e5fe40a742f8f550605e41349af2c61ffb,-77,,3,64,,3
09:57:47,,3,75995fd09cdbb1a7aea0ca834b2866c5aacf01682bb8fcc41768472926baf3f7,-93,,3,64,,3
09:57:48,,3,99f175f46b896f4ff846afd37bf4d9a26202cdd738b3c94ac5b0702d0ffa44b2,-82,,3,64,,3
09:57:49,26.0,3,2b5b38307355192260909b35bf99d66919da5a554f6879b38b2ca617a378c9ec,-85,,3,64,12.0,3
09:57:49,,3,c07001e8a57bb4b292ebf5db8bfab7e5fe40a742f8f550605e41349af2c61ffb,-77,,3,64,,3
09:57:50,26.0,3,18813044191c07cc4e8748a9c44b296d10ac7a93b0614a2f3127f8842f0a3094,-87,,3,64,,3
09:57:51,,3,c07001e8a57bb4b292ebf5db8bfab7e5fe40a742f8f550605e41349af2c61ffb,-79,,3,64,,3
09:57:52,26.0,3,336668bc351b5c41d8052021c2483712e425c31916b01a9ff78ee39a5779c880,-82,,3,64,12.0,3
09:57:53,26.0,3,18813044191c07cc4e8748a9c44b296d10ac7a93b0614a2f3127f8842f0a3094,-92,,3,64,,3
09:57:53,,3,99f175f46b896f4ff846afd37bf4d9a26202cdd738b3c94ac5b0702d0ffa44b2,-83,,3,64,,3
09:57:54,,3,84c3b8b40c2b81965f0bd0c4ab71b0581a2d8d96a2d3dd40890c99d3e468a709,-93,,3,64,,3
09:57:55,26.0,3,336668bc351b5c41d8052021c2483712e425c31916b01a9ff78ee39a5779c880,-83,,3,64,12.0,3
09:57:56,,3,c07001e8a57bb4b292ebf5db8bfab7e5fe40a742f8f550605e41349af2c61ffb,-78,,3,64,,3
09:57:57,,3,c07001e8a57bb4b292ebf5db8bfab7e5fe40a742f8f550605e41349af2c61ffb,-77,,3,64,,3
09:57:58,26.0,3,18813044191c07cc4e8748a9c44b296d10ac7a93b0614a2f3127f8842f0a3094,-86,,3,64,,3
09:57:58,,3,c07001e8a57bb4b292ebf5db8bfab7e5fe40a742f8f550605e41349af2c61ffb,-78,,3,64,,3
09:57:59,,3,c07001e8a57bb4b292ebf5db8bfab7e5fe40a742f8f550605e41349af2c61ffb,-77,,3,64,,3
09:58:00,,3,c07001e8a57bb4b292ebf5db8bfab7e5fe40a742f8f550605e41349af2c61ffb,-87,,3,64,,3
09:58:01,26.0,3,98790c8189c89cabff322d0507b80fc2dd06c4568893c3a0ec2f61b2f04c3489,-87,,3,64,7.0,3
09:58:02,,3,9bda1742eeabc9569b3fb27107fca27c6aae29f85eb13d848a856a76e53b9190,-74,,3,64,,3
09:58:02,,3,99f175f46b896f4ff846afd37bf4d9a26202cdd738b3c94ac5b0702d0ffa44b2,-92,,3,64,,3
09:58:03,6.0,3,9c361e4be634e32d9b487b556760e512627fd5adc685787264f8d6b12abc8dea,-88,Cb40,3,64,,3
09:58:04,26.0,3,49dda582b84532793d9a91417500dfdb53831cc63bcb5b0567fc164a31458184,-90,,3,64,8.0,3
09:58:05,,3,84c3b8b40c2b81965f0bd0c4ab71b0581a2d8d96a2d3dd40890c99d3e468a709,-80,,3,64,,3
09:58:06,,3,84c3b8b40c2b81965f0bd0c4ab71b0581a2d8d96a2d3dd40890c99d3e468a709,-81,,3,64,,3
09:58:06,,3,c07001e8a57bb4b292ebf5db8bfab7e5fe40a742f8f550605e41349af2c61ffb,-91,,3,64,,3
09:58:07,26.0,3,49dda582b84532793d9a91417500dfdb53831cc63bcb5b0567fc164a31458184,-88,,3,64,8.0,3
09:58:08,26.0,3,336668bc351b5c41d8052021c2483712e425c31916b01a9ff78ee39a5779c880,-84,,3,64,12.0,3
09:58:09,26.0,3,336668bc351b5c41d8052021c2483712e425c31916b01a9ff78ee39a5779c880,-87,,3,64,12.0,3
09:58:10,,3,99f175f46b896f4ff846afd37bf4d9a26202cdd738b3c94ac5b0702d0ffa44b2,-80,,3,64,,3
09:58:10,,3,c07001e8a57bb4b292ebf5db8bfab7e5fe40a742f8f550605e41349af2c61ffb,-90,,3,64,,3
09:58:11,,3,e2b73d71b5d96357c4ada5727ec80f01193380722337712ff7a3e2e38ffb9571,-90,,3,64,,3
09:58:12,,3,99f175f46b896f4ff846afd37bf4d9a26202cdd738b3c94ac5b0702d0ffa44b2,-81,,3,64,,3
09:58:13,26.0,3,87d803749299832219312a2c4003812c204f0277664db84d9d74bb3ee01378de,-90,,3,64,7.0,3
09:58:14,,3,c07001e8a57bb4b292ebf5db8bfab7e5fe40a742f8f550605e41349af2c61ffb,-88,,3,64,,3
09:58:15,26.0,3,87d803749299832219312a2c4003812c204f0277664db84d9d74bb3ee01378de,-89,,3,64,7.0,3
09:58:15,,3,2caef7187d4fad476860f2c12e863a3d24e064e26b9f10f77e946a894053f835,-79,,3,64,,3
09:58:16,,3,c07001e8a57bb4b292ebf5db8bfab7e5fe40a742f8f550605e41349af2c61ffb,-84,,3,64,,3
09:58:17,,3,c07001e8a57bb4b292ebf5db8bfab7e5fe40a742f8f550605e41349af2c61ffb,-83,,3,64,,3
09:58:18,,3,2caef7187d4fad476860f2c12e863a3d24e064e26b9f10f77e946a894053f835,-80,,3,64,,3
09:58:19,26.0,3,49dda582b84532793d9a91417500dfdb53831cc63bcb5b0567fc164a31458184,-85,,3,64,8.0,3
09:58:19,,3,c07001e8a57bb4b292ebf5db8bfab7e5fe40a742f8f550605e41349af2c61ffb,-86,,3,64,,3
09:58:20,26.0,3,18813044191c07cc4e8748a9c44b296d10ac7a93b0614a2f3127f8842f0a3094,-84,,3,64,,3
09:58:21,26.0,3,336668bc351b5c41d8052021c2483712e425c31916b01a9ff78ee39a5779c880,-83,,3,64,12.0,3
09:58:22,,3,c07001e8a57bb4b292ebf5db8bfab7e5fe40a742f8f550605e41349af2c61ffb,-80,,3,64,,3
09:58:23,26.0,3,252b44797d9ce6c9e33dbbb5f599af8ec0a4e3c2d581f271ef35bb7f94f558e3,-92,,3,64,5.0,3
09:58:23,,3,e2b73d71b5d96357c4ada5727ec80f01193380722337712ff7a3e2e38ffb9571,-91,,3,64,,3
09:58:24,26.0,3,336668bc351b5c41d8052021c2483712e425c31916b01a9ff78ee39a5779c880,-86,,3,64,12.0,3
09:58:25,,3,fb397a6162d42e21af9905dfaa27021204cf4756650e08ccfa062aba09f0386f,-83,,3,64,,3
09:58:26,,3,e2b73d71b5d96357c4ada5727ec80f01193380722337712ff7a3e2e38ffb9571,-90,,3,64,,3
09:58:27,26.0,3,87d803749299832219312a2c4003812c204f0277664db84d9d74bb3ee01378de,-90,,3,64,7.0,3
09:58:27,,3,3c99d2e3b42e53925ad5f60d3123ff4548fa216ae4c92acd6d5e3a7de98ed668,-88,,3,64,,3
09:58:28,,3,c07001e8a57bb4b292ebf5db8bfab7e5fe40a742f8f550605e41349af2c61ffb,-88,,3,64,,3
09:58:29,,3,c07001e8a57bb4b292ebf5db8bfab7e5fe40a742f8f550605e41349af2c61ffb,-92,,3,64,,3
09:58:30,,3,c07001e8a57bb4b292ebf5db8bfab7e5fe40a742f8f550605e41349af2c61ffb,-89,,3,64,,3
09:58:31,26.0,3,98790c8189c89cabff322d0507b80fc2dd06c4568893c3a0ec2f61b2f04c3489,-85,,3,64,,3
09:58:32,26.0,3,49dda582b84532793d9a91417500dfdb53831cc63bcb5b0567fc164a31458184,-81,,3,64,8.0,3
09:58:32,26.0,3,336668bc351b5c41d8052021c2483712e425c31916b01a9ff78ee39a5779c880,-86,,3,64,12.0,3
09:58:33,26.0,3,49dda582b84532793d9a91417500dfdb53831cc63bcb5b0567fc164a31458184,-85,,3,64,8.0,3
09:58:34,,3,2caef7187d4fad476860f2c12e863a3d24e064e26b9f10f77e946a894053f835,-79,,3,64,,3
09:58:35,,3,c07001e8a57bb4b292ebf5db8bfab7e5fe40a742f8f550605e41349af2c61ffb,-88,,3,64,,3
09:58:36,,3,ca2bdf9565d9777a5dfc3ec3217947150e16a5a0f047a31d362c17d23b977bff,-87,,3,64,,3
09:58:36,,3,2caef7187d4fad476860f2c12e863a3d24e064e26b9f10f77e946a894053f835,-98,,3,64,,3
09:58:37,26.0,3,18813044191c07cc4e8748a9c44b296d10ac7a93b0614a2f3127f8842f0a3094,-89,,3,64,,3
09:58:38,,3,ca2bdf9565d9777a5dfc3ec3217947150e16a5a0f047a31d362c17d23b977bff,-86,,3,64,,3
09:58:39,26.0,3,18813044191c07cc4e8748a9c44b296d10ac7a93b0614a2f3127f8842f0a3094,-88,,3,64,,3
09:58:40,,3,2caef7187d4fad476860f2c12e863a3d24e064e26b9f10f77e946a894053f835,-79,,3,64,,3
09:58:40,26.0,3,336668bc351b5c41d8052021c2483712e425c31916b01a9ff78ee39a5779c880,-86,,3,64,12.0,3
09:58:41,,3,ca2bdf9565d9777a5dfc3ec3217947150e16a5a0f047a31d362c17d23b977bff,-92,,3,64,,3
09:58:42,,3,2caef7187d4fad476860f2c12e863a3d24e064e26b9f10f77e946a894053f835,-78,,3,64,,3
09:58:43,,3,ca2bdf9565d9777a5dfc3ec3217947150e16a5a0f047a31d362c17d23b977bff,-86,,3,64,,3
09:58:44,,3,ca2bdf9565d9777a5dfc3ec3217947150e16a5a0f047a31d362c17d23b977bff,-89,,3,64,,3
09:58:44,26.0,3,18813044191c07cc4e8748a9c44b296d10ac7a93b0614a2f3127f8842f0a3094,-84,,3,64,,3
09:58:45,26.0,3,98790c8189c89cabff322d0507b80fc2dd06c4568893c3a0ec2f61b2f04c3489,-93,,3,64,,3
09:58:46,,3,2caef7187d4fad476860f2c12e863a3d24e064e26b9f10f77e946a894053f835,-90,,3,64,,3
09:58:47,26.0,3,98790c8189c89cabff322d0507b80fc2dd06c4568893c3a0ec2f61b2f04c3489,-87,,3,64,,3
09:58:48,,3,ca2bdf9565d9777a5dfc3ec3217947150e16a5a0f047a31d362c17d23b977bff,-90,,3,64,,3
09:58:49,6.0,3,9c361e4be634e32d9b487b556760e512627fd5adc685787264f8d6b12abc8dea,-89,Cb40,3,64,,3
09:58:49,26.0,3,18813044191c07cc4e8748a9c44b296d10ac7a93b0614a2f3127f8842f0a3094,-91,,3,64,,3
09:58:50,,3,99f175f46b896f4ff846afd37bf4d9a26202cdd738b3c94ac5b0702d0ffa44b2,-86,,3,64,,3
09:58:51,26.0,3,2b5b38307355192260909b35bf99d66919da5a554f6879b38b2ca617a378c9ec,-89,,3,64,12.0,3
09:58:52,26.0,3,18813044191c07cc4e8748a9c44b296d10ac7a93b0614a2f3127f8842f0a3094,-87,,3,64,,3
09:58:53,26.0,3,252b44797d9ce6c9e33dbbb5f599af8ec0a4e3c2d581f271ef35bb7f94f558e3,-89,,3,64,5.0,3
09:58:53,26.0,3,87d803749299832219312a2c4003812c204f0277664db84d9d74bb3ee01378de,-89,,3,64,7.0,3
09:58:54,26.0,3,18813044191c07cc4e8748a9c44b296d10ac7a93b0614a2f3127f8842f0a3094,-86,,3,64,,3
09:58:55,,3,2caef7187d4fad476860f2c12e863a3d24e064e26b9f10f77e946a894053f835,-91,,3,64,,3
09:58:56,,3,ca2bdf9565d9777a5dfc3ec3217947150e16a5a0f047a31d362c17d23b977bff,-86,,3,64,,3
09:58:57,,3,3b0a930e8dcda48d798b1158c874a7fee66350e875c7c405a731bade1fb6e770,-86,,3,64,,3
09:58:57,26.0,3,98790c8189c89cabff322d0507b80fc2dd06c4568893c3a0ec2f61b2f04c3489,-93,,3,64,,3
09:58:58,,3,2caef7187d4fad476860f2c12e863a3d24e064e26b9f10f77e946a894053f835,-80,,3,64,,3
09:58:59,26.0,3,252b44797d9ce6c9e33dbbb5f599af8ec0a4e3c2d581f271ef35bb7f94f558e3,-85,,3,64,5.0,3
09:59:00,,3,2caef7187d4fad476860f2c12e863a3d24e064e26b9f10f77e946a894053f835,-90,,3,64,,3
09:59:01,,3,99f175f46b896f4ff846afd37bf4d9a26202cdd738b3c94ac5b0702d0ffa44b2,-85,,3,64,,3
09:59:01,26.0,3,49dda582b84532793d9a91417500dfdb53831cc63bcb5b0567fc164a31458184,-89,,3,64,8.0,3
09:59:02,,3,2caef7187d4fad476860f2c12e863a3d24e064e26b9f10f77e946a894053f835,-96,,3,64,,3
09:59:03,26.0,3,18813044191c07cc4e8748a9c44b296d10ac7a93b0614a2f3127f8842f0a3094,-85,,3,64,,3
09:59:04,,3,ca2bdf9565d9777a5dfc3ec3217947150e16a5a0f047a31d362c17d23b977bff,-82,,3,64,,3
09:59:05,,3,2caef7187d4fad476860f2c12e863a3d24e064e26b9f10f77e946a894053f835,-91,,3,64,,3
09:59:06,26.0,3,98790c8189c89cabff322d0507b80fc2dd06c4568893c3a0ec2f61b2f04c3489,-91,,3,64,,3
09:59:06,,3,ca2bdf9565d9777a5dfc3ec3217947150e16a5a0f047a31d362c17d23b977bff,-89,,3,64,,3
09:59:07,26.0,3,336668bc351b5c41d8052021c2483712e425c31916b01a9ff78ee39a5779c880,-84,,3,64,12.0,3
09:59:08,,3,2caef7187d4fad476860f2c12e863a3d24e064e26b9f10f77e946a894053f835,-81,,3,64,,3
09:59:09,,3,99f175f46b896f4ff846afd37bf4d9a26202cdd738b3c94ac5b0702d0ffa44b2,-82,,3,64,,3
09:59:10,,3,9bda1742eeabc9569b3fb27107fca27c6aae29f85eb13d848a856a76e53b9190,-76,,3,64,,3
09:59:10,,3,2caef7187d4fad476860f2c12e863a3d24e064e26b9f10f77e946a894053f835,-80,,3,64,,3
09:59:11,26.0,3,252b44797d9ce6c9e33dbbb5f599af8ec0a4e3c2d581f271ef35bb7f94f558e3,-86,,3,64,5.0,3
09:59:12,26.0,3,18813044191c07cc4e8748a9c44b296d10ac7a93b0614a2f3127f8842f0a3094,-90,,3,64,,3
09:59:13,,3,ca2bdf9565d9777a5dfc3ec3217947150e16a5a0f047a31d362c17d23b977bff,-83,,3,64,,3
09:59:14,,3,ca2bdf9565d9777a5dfc3ec3217947150e16a5a0f047a31d362c17d23b977bff,-87,,3,64,,3
09:59:14,,3,99f175f46b896f4ff846afd37bf4d9a26202cdd738b3c94ac5b0702d0ffa44b2,-82,,3,64,,3
09:59:15,26.0,3,336668bc351b5c41d8052021c2483712e425c31916b01a9ff78ee39a5779c880,-82,,3,64,,3
09:59:16,,3,2caef7187d4fad476860f2c12e863a3d24e064e26b9f10f77e946a894053f835,-90,,3,64,,3
09:59:17,,3,2caef7187d4fad476860f2c12e863a3d24e064e26b9f10f77e946a894053f835,-91,,3,64,,3
09:59:18,,3,ca2bdf9565d9777a5dfc3ec3217947150e16a5a0f047a31d362c17d23b977bff,-89,,3,64,,3
09:59:18,,3,ca2bdf9565d9777a5dfc3ec3217947150e16a5a0f047a31d362c17d23b977bff,-87,,3,64,,3
09:59:19,26.0,3,98790c8189c89cabff322d0507b80fc2dd06c4568893c3a0ec2f61b2f04c3489,-85,,3,64,,3
09:59:20,,3,2caef7187d4fad476860f2c12e863a3d24e064e26b9f10f77e946a894053f835,-78,,3,64,,3
09:59:21,,3,ca2bdf9565d9777a5dfc3ec3217947150e16a5a0f047a31d362c17d23b977bff,-88,,3,64,,3
09:59:22,26.0,3,252b44797d9ce6c9e33dbbb5f599af8ec0a4e3c2d581f271ef35bb7f94f558e3,-91,,3,64,5.0,3
09:59:23,26.0,3,336668bc351b5c41d8052021c2483712e425c31916b01a9ff78ee39a5779c880,-85,,3,64,,3
09:59:23,,3,99f175f46b896f4ff846afd37bf4d9a26202cdd738b3c94ac5b0702d0ffa44b2,-81,,3,64,,3
09:59:24,,3,ca2bdf9565d9777a5dfc3ec3217947150e16a5a0f047a31d362c17d23b977bff,-84,,3,64,,3
09:59:25,,3,fb397a6162d42e21af9905dfaa27021204cf4756650e08ccfa062aba09f0386f,-81,,3,64,,3
09:59:26,26.0,3,a228e589b375b61b5501070b3fb4123a0092b47dbb8cbe60ebffe1f98a512811,-83,,3,64,,3
09:59:27,,3,99f175f46b896f4ff846afd37bf4d9a26202cdd738b3c94ac5b0702d0ffa44b2,-83,,3,64,,3
09:59:27,,3,ca2bdf9565d9777a5dfc3ec3217947150e16a5a0f047a31d362c17d23b977bff,-77,,3,64,,3
09:59:28,26.0,3,18813044191c07cc4e8748a9c44b296d10ac7a93b0614a2f3127f8842f0a3094,-85,,3,64,,3
09:59:29,26.0,3,18813044191c07cc4e8748a9c44b296d10ac7a93b0614a2f3127f8842f0a3094,-85,,3,64,,3
09:59:30,,3,ca2bdf9565d9777a5dfc3ec3217947150e16a5a0f047a31d362c17d23b977bff,-76,,3,64,,3
09:59:31,,3,99f175f46b896f4ff846afd37bf4d9a26202cdd738b3c94ac5b0702d0ffa44b2,-92,,3,64,,3
09:59:31,26.0,3,18813044191c07cc4e8748a9c44b296d10ac7a93b0614a2f3127f8842f0a3094,-81,,3,64,,3
09:59:32,,3,ca2bdf9565d9777a5dfc3ec3217947150e16a5a0f047a31d362c17d23b977bff,-79,,3,64,,3
09:59:33,,3,99f175f46b896f4ff846afd37bf4d9a26202cdd738b3c94ac5b0702d0ffa44b2,-81,,3,64,,3
09:59:34,,3,99f175f46b896f4ff846afd37bf4d9a26202cdd738b3c94ac5b0702d0ffa44b2,-82,,3,64,,3
09:59:35,,3,99f175f46b896f4ff846afd37bf4d9a26202cdd738b3c94ac5b0702d0ffa44b2,-83,,3,64,,3
09:59:35,26.0,3,18813044191c07cc4e8748a9c44b296d10ac7a93b0614a2f3127f8842f0a3094,-84,,3,64,,3
09:59:36,26.0,3,18813044191c07cc4e8748a9c44b296d10ac7a93b0614a2f3127f8842f0a3094,-88,,3,64,,3
09:59:37,,3,16862cbf545501a7908edbb699cd4a63ca6e421b703ea53b5e73fbe29a7490e3,-86,,3,64,,3
09:59:38,26.0,3,336668bc351b5c41d8052021c2483712e425c31916b01a9ff78ee39a5779c880,-80,,3,64,,3
09:59:39,,3,ca2bdf9565d9777a5dfc3ec3217947150e16a5a0f047a31d362c17d23b977bff,-81,,3,64,,3
09:59:40,,3,7ca255d1af5a43aed5c45a42b1f24ab8c7f1e33687bb3c37486b9872bf9a6147,-94,,3,64,,3
09:59:40,26.0,3,336668bc351b5c41d8052021c2483712e425c31916b01a9ff78ee39a5779c880,-86,,3,64,,3
09:59:41,26.0,3,18813044191c07cc4e8748a9c44b296d10ac7a93b0614a2f3127f8842f0a3094,-84,,3,64,,3
09:59:42,,3,7ca255d1af5a43aed5c45a42b1f24ab8c7f1e33687bb3c37486b9872bf9a6147,-88,,3,64,,3
09:59:43,26.0,3,252b44797d9ce6c9e33dbbb5f599af8ec0a4e3c2d581f271ef35bb7f94f558e3,-83,,3,64,5.0,3
09:59:44,6.0,3,9c361e4be634e32d9b487b556760e512627fd5adc685787264f8d6b12abc8dea,-91,Cb40,3,64,,3
09:59:44,,3,7ca255d1af5a43aed5c45a42b1f24ab8c7f1e33687bb3c37486b9872bf9a6147,-88,,3,64,,3
09:59:45,,3,2caef7187d4fad476860f2c12e863a3d24e064e26b9f10f77e946a894053f835,-89,,3,64,,3
09:59:46,,3,ca2bdf9565d9777a5dfc3ec3217947150e16a5a0f047a31d362c17d23b977bff,-81,,3,64,,3
09:59:47,,3,2caef7187d4fad476860f2c12e863a3d24e064e26b9f10f77e946a894053f835,-81,,3,64,,3
09:59:48,26.0,3,336668bc351b5c41d8052021c2483712e425c31916b01a9ff78ee39a5779c880,-81,,3,64,,3
09:59:48,,3,ca2bdf9565d9777a5dfc3ec3217947150e16a5a0f047a31d362c17d23b977bff,-80,,3,64,,3
09:59:49,,3,ca2bdf9565d9777a5dfc3ec3217947150e16a5a0f047a31d362c17d23b977bff,-80,,3,64,,3
09:59:50,,3,7ca255d1af5a43aed5c45a42b1f24ab8c7f1e33687bb3c37486b9872bf9a6147,-80,,3,64,,3
09:59:51,,3,ca2bdf9565d9777a5dfc3ec3217947150e16a5a0f047a31d362c17d23b977bff,-81,,3,64,,3
09:59:52,26.0,3,18813044191c07cc4e8748a9c44b296d10ac7a93b0614a2f3127f8842f0a3094,-80,,3,64,,3
09:59:52,,3,7ca255d1af5a43aed5c45a42b1f24ab8c7f1e33687bb3c37486b9872bf9a6147,-84,,3,64,,3
09:59:53,,3,ca2bdf9565d9777a5dfc3ec3217947150e16a5a0f047a31d362c17d23b977bff,-81,,3,64,,3
09:59:54,,3,ca2bdf9565d9777a5dfc3ec3217947150e16a5a0f047a31d362c17d23b977bff,-82,,3,64,,3
09:59:55,26.0,3,18813044191c07cc4e8748a9c44b296d10ac7a93b0614a2f3127f8842f0a3094,-88,,3,64,,3
09:59:56,,3,ca2bdf9565d9777a5dfc3ec3217947150e16a5a0f047a31d362c17d23b977bff,-80,,3,64,,3
09:59:57,26.0,3,18813044191c07cc4e8748a9c44b296d10ac7a93b0614a2f3127f8842f0a3094,-86,,3,64,,3
09:59:57,,3,7ca255d1af5a43aed5c45a42b1f24ab8c7f1e33687bb3c37486b9872bf9a6147,-84,,3,64,,3
09:59:58,26.0,3,336668bc351b5c41d8052021c2483712e425c31916b01a9ff78ee39a5779c880,-85,,3,64,12.0,3
09:59:59,26.0,3,98790c8189c89cabff322d0507b80fc2dd06c4568893c3a0ec2f61b2f04c3489,-86,,3,64,,3
10:00:00,26.0,3,87d803749299832219312a2c4003812c204f0277664db84d9d74bb3ee01378de,-79,,3,64,7.0,3
10:00:01,26.0,3,18813044191c07cc4e8748a9c44b296d10ac7a93b0614a2f3127f8842f0a3094,-80,,3,64,,3
10:00:01,26.0,3,2b5b38307355192260909b35bf99d66919da5a554f6879b38b2ca617a378c9ec,-90,,3,64,12.0,3
10:00:02,,3,7ca255d1af5a43aed5c45a42b1f24ab8c7f1e33687bb3c37486b9872bf9a6147,-87,,3,64,,3
10:00:03,26.0,3,98790c8189c89cabff322d0507b80fc2dd06c4568893c3a0ec2f61b2f04c3489,-86,,3,64,,3
10:00:04,,3,ca2bdf9565d9777a5dfc3ec3217947150e16a5a0f047a31d362c17d23b977bff,-81,,3,64,,3
10:00:05,,3,7ca255d1af5a43aed5c45a42b1f24ab8c7f1e33687bb3c37486b9872bf9a6147,-89,,3,64,,3
10:00:05,,3,2caef7187d4fad476860f2c12e863a3d24e064e26b9f10f77e946a894053f835,-82,,3,64,,3
10:00:06,,3,ca2bdf9565d9777a5dfc3ec3217947150e16a5a0f047a31d362c17d23b977bff,-82,,3,64,,3
10:00:07,26.0,3,80e88c3a37901097dfc7a8514f3d40e89ccbca23728734cf76c636401cc5a54e,-86,,3,64,12.0,3
10:00:08,26.0,3,98790c8189c89cabff322d0507b80fc2dd06c4568893c3a0ec2f61b2f04c3489,-83,,3,64,,3
10:00:09,26.0,3,80e88c3a37901097dfc7a8514f3d40e89ccbca23728734cf76c636401cc5a54e,-86,,3,64,12.0,3
10:00:09,26.0,3,87d803749299832219312a2c4003812c204f0277664db84d9d74bb3ee01378de,-83,,3,64,7.0,3
10:00:10,,3,ca2bdf9565d9777a5dfc3ec3217947150e16a5a0f047a31d362c17d23b977bff,-83,,3,64,,3
10:00:11,26.0,3,bf2ec7342fcd253bfadfe0cb2e896b89e8e17c6c07c7f0f8d7a823878d819359,-84,,3,64,,3
10:00:12,,3,2caef7187d4fad476860f2c12e863a3d24e064e26b9f10f77e946a894053f835,-95,,3,64,,3
10:00:13,26.0,3,98790c8189c89cabff322d0507b80fc2dd06c4568893c3a0ec2f61b2f04c3489,-84,,3,64,,3
10:00:14,,3,2caef7187d4fad476860f2c12e863a3d24e064e26b9f10f77e946a894053f835,-94,,3,64,,3
10:00:14,,3,2caef7187d4fad476860f2c12e863a3d24e064e26b9f10f77e946a894053f835,-83,,3,64,,3
10:00:15,,3,ca2bdf9565d9777a5dfc3ec3217947150e16a5a0f047a31d362c17d23b977bff,-88,,3,64,,3
10:00:16,26.0,3,252b44797d9ce6c9e33dbbb5f599af8ec0a4e3c2d581f271ef35bb7f94f558e3,-93,,3,64,5.0,3
10:00:17,26.0,3,bf2ec7342fcd253bfadfe0cb2e896b89e8e17c6c07c7f0f8d7a823878d819359,-84,,3,64,,3
10:00:18,,3,ca2bdf9565d9777a5dfc3ec3217947150e16a5a0f047a31d362c17d23b977bff,-82,,3,64,,3
10:00:18,,3,05a3c4e3b806d1ef88520e88a4c3c513f01148c006ad5310789a216e86fa019d,-69,,3,64,,3
10:00:19,26.0,3,98790c8189c89cabff322d0507b80fc2dd06c4568893c3a0ec2f61b2f04c3489,-81,,3,64,,3
10:00:20,,3,ca2bdf9565d9777a5dfc3ec3217947150e16a5a0f047a31d362c17d23b977bff,-91,,3,64,,3
10:00:21,,3,ca2bdf9565d9777a5dfc3ec3217947150e16a5a0f047a31d362c17d23b977bff,-84,,3,64,,3
10:00:22,,3,7ca255d1af5a43aed5c45a42b1f24ab8c7f1e33687bb3c37486b9872bf9a6147,-81,,3,64,,3
10:00:22,,3,ca2bdf9565d9777a5dfc3ec3217947150e16a5a0f047a31d362c17d23b977bff,-84,,3,64,,3
10:00:23,,3,ca2bdf9565d9777a5dfc3ec3217947150e16a5a0f047a31d362c17d23b977bff,-84,,3,64,,3
10:00:24,,3,7ca255d1af5a43aed5c45a42b1f24ab8c7f1e33687bb3c37486b9872bf9a6147,-81,,3,64,,3
10:00:25,,3,7ca255d1af5a43aed5c45a42b1f24ab8c7f1e33687bb3c37486b9872bf9a6147,-82,,3,64,,3
10:00:26,26.0,3,98790c8189c89cabff322d0507b80fc2dd06c4568893c3a0ec2f61b2f04c3489,-87,,3,64,,3
10:00:26,26.0,3,98790c8189c89cabff322d0507b80fc2dd06c4568893c3a0ec2f61b2f04c3489,-89,,3,64,,3
10:00:27,26.0,3,bf2ec7342fcd253bfadfe0cb2e896b89e8e17c6c07c7f0f8d7a823878d819359,-86,,3,64,,3
10:00:28,26.0,3,87d803749299832219312a2c4003812c204f0277664db84d9d74bb3ee01378de,-89,,3,64,7.0,3
10:00:29,,3,ca2bdf9565d9777a5dfc3ec3217947150e16a5a0f047a31d362c17d23b977bff,-89,,3,64,,3
10:00:30,26.0,3,2b5b38307355192260909b35bf99d66919da5a554f6879b38b2ca617a378c9ec,-89,,3,64,12.0,3
10:00:31,,3,ca2bdf9565d9777a5dfc3ec3217947150e16a5a0f047a31d362c17d23b977bff,-89,,3,64,,3
10:00:31,26.0,3,98790c8189c89cabff322d0507b80fc2dd06c4568893c3a0ec2f61b2f04c3489,-82,,3,64,,3
10:00:32,,3,ca2bdf9565d9777a5dfc3ec3217947150e16a5a0f047a31d362c17d23b977bff,-86,,3,64,,3
10:00:33,26.0,3,bf2ec7342fcd253bfadfe0cb2e896b89e8e17c6c07c7f0f8d7a823878d819359,-83,,3,64,,3
10:00:34,6.0,3,9c361e4be634e32d9b487b556760e512627fd5adc685787264f8d6b12abc8dea,-83,Cb40,3,64,,3
10:00:35,,3,2caef7187d4fad476860f2c12e863a3d24e064e26b9f10f77e946a894053f835,-91,,3,64,,3
10:00:35,,3,ca2bdf9565d9777a5dfc3ec3217947150e16a5a0f047a31d362c17d23b977bff,-83,,3,64,,3
10:00:36,,3,ca2bdf9565d9777a5dfc3ec3217947150e16a5a0f047a31d362c17d23b977bff,-81,,3,64,,3
10:00:37,,3,2caef7187d4fad476860f2c12e863a3d24e064e26b9f10f77e946a894053f835,-91,,3,64,,3
10:00:38,,3,ca2bdf9565d9777a5dfc3ec3217947150e16a5a0f047a31d362c17d23b977bff,-82,,3,64,,3
10:00:39,,3,05a3c4e3b806d1ef88520e88a4c3c513f01148c006ad5310789a216e86fa019d,-67,,3,64,,3
10:00:39,26.0,3,80e88c3a37901097dfc7a8514f3d40e89ccbca23728734cf76c636401cc5a54e,-83,,3,64,12.0,3
10:00:40,26.0,3,87d803749299832219312a2c4003812c204f0277664db84d9d74bb3ee01378de,-81,,3,64,7.0,3
10:00:41,,3,ca2bdf9565d9777a5dfc3ec3217947150e16a5a0f047a31d362c17d23b977bff,-88,,3,64,,3
10:00:42,26.0,3,87d803749299832219312a2c4003812c204f0277664db84d9d74bb3ee01378de,-81,,3,64,7.0,3
10:00:43,,3,7ca255d1af5a43aed5c45a42b1f24ab8c7f1e33687bb3c37486b9872bf9a6147,-80,,3,64,,3
10:00:43,26.0,3,87d803749299832219312a2c4003812c204f0277664db84d9d74bb3ee01378de,-83,,3,64,7.0,3
10:00:44,,3,ca2bdf9565d9777a5dfc3ec3217947150e16a5a0f047a31d362c17d23b977bff,-82,,3,64,,3
10:00:45,26.0,3,bf2ec7342fcd253bfadfe0cb2e896b89e8e17c6c07c7f0f8d7a823878d819359,-82,,3,64,,3
10:00:46,26.0,3,252b44797d9ce6c9e33dbbb5f599af8ec0a4e3c2d581f271ef35bb7f94f558e3,-87,,3,64,5.0,3
10:00:47,,3,ca2bdf9565d9777a5dfc3ec3217947150e16a5a0f047a31d362c17d23b977bff,-81,,3,64,,3
10:00:48,,3,ca2bdf9565d9777a5dfc3ec3217947150e16a5a0f047a31d362c17d23b977bff,-79,,3,64,,3
10:00:48,,3,7ca255d1af5a43aed5c45a42b1f24ab8c7f1e33687bb3c37486b9872bf9a6147,-78,,3,64,,3
10:00:49,,3,7ca255d1af5a43aed5c45a42b1f24ab8c7f1e33687bb3c37486b9872bf9a6147,-83,,3,64,,3
10:00:50,,3,3c99d2e3b42e53925ad5f60d3123ff4548fa216ae4c92acd6d5e3a7de98ed668,-91,,3,64,,3
10:00:51,,3,7ca255d1af5a43aed5c45a42b1f24ab8c7f1e33687bb3c37486b9872bf9a6147,-79,,3,64,,3
10:00:52,,3,7ca255d1af5a43aed5c45a42b1f24ab8c7f1e33687bb3c37486b9872bf9a6147,-81,,3,64,,3
10:00:52,26.0,3,bf2ec7342fcd253bfadfe0cb2e896b89e8e17c6c07c7f0f8d7a823878d819359,-80,,3,64,,3
10:00:53,26.0,3,bf2ec7342fcd253bfadfe0cb2e896b89e8e17c6c07c7f0f8d7a823878d819359,-86,,3,64,,3
10:00:54,26.0,3,80e88c3a37901097dfc7a8514f3d40e89ccbca23728734cf76c636401cc5a54e,-86,,3,64,12.0,3
10:00:55,26.0,3,87d803749299832219312a2c4003812c204f0277664db84d9d74bb3ee01378de,-87,,3,64,7.0,3
10:00:56,,3,ca2bdf9565d9777a5dfc3ec3217947150e16a5a0f047a31d362c17d23b977bff,-76,,3,64,,3
10:00:56,26.0,3,80e88c3a37901097dfc7a8514f3d40e89ccbca23728734cf76c636401cc5a54e,-88,,3,64,12.0,3
10:00:57,,3,16862cbf545501a7908edbb699cd4a63ca6e421b703ea53b5e73fbe29a7490e3,-90,,3,64,,3
10:00:58,,3,7ca255d1af5a43aed5c45a42b1f24ab8c7f1e33687bb3c37486b9872bf9a6147,-80,,3,64,,3
10:00:59,,3,7ca255d1af5a43aed5c45a42b1f24ab8c7f1e33687bb3c37486b9872bf9a6147,-79,,3,64,,3
10:01:00,26.0,3,98790c8189c89cabff322d0507b80fc2dd06c4568893c3a0ec2f61b2f04c3489,-88,,3,64,7.0,3
10:01:00,,3,ca2bdf9565d9777a5dfc3ec3217947150e16a5a0f047a31d362c17d23b977bff,-74,,3,64,,3
10:01:01,26.0,3,38b2c23b66e0f81f51ba4f6d963277b3760a8f2a1a60f9453eec5d551c12d721,-73,,3,64,12.0,3
10:01:02,26.0,3,38b2c23b66e0f81f51ba4f6d963277b3760a8f2a1a60f9453eec5d551c12d721,-78,,3,64,12.0,3
10:01:03,,3,8ba34c63928d0105b2ee7fb03d32a9437e8555b0c642805802ad56ee7254517e,-89,,3,64,,3
10:01:04,,3,7ca255d1af5a43aed5c45a42b1f24ab8c7f1e33687bb3c37486b9872bf9a6147,-91,,3,64,,3
10:01:05,,3,ca2bdf9565d9777a5dfc3ec3217947150e16a5a0f047a31d362c17d23b977bff,-84,,3,64,,3
10:01:05,,3,7ca255d1af5a43aed5c45a42b1f24ab8c7f1e33687bb3c37486b9872bf9a6147,-90,,3,64,,3
10:01:06,26.0,3,bf2ec7342fcd253bfadfe0cb2e896b89e8e17c6c07c7f0f8d7a823878d819359,-84,,3,64,,3
10:01:07,26.0,3,38b2c23b66e0f81f51ba4f6d963277b3760a8f2a1a60f9453eec5d551c12d721,-72,,3,64,12.0,3
10:01:08,26.0,3,49dda582b84532793d9a91417500dfdb53831cc63bcb5b0567fc164a31458184,-88,,3,64,8.0,3
10:01:09,26.0,3,bf2ec7342fcd253bfadfe0cb2e896b89e8e17c6c07c7f0f8d7a823878d819359,-84,,3,64,,3
10:01:09,26.0,3,87d803749299832219312a2c4003812c204f0277664db84d9d74bb3ee01378de,-88,,3,64,7.0,3
10:01:10,,3,2caef7187d4fad476860f2c12e863a3d24e064e26b9f10f77e946a894053f835,-82,,3,64,,3
10:01:11,,3,ca2bdf9565d9777a5dfc3ec3217947150e16a5a0f047a31d362c17d23b977bff,-78,,3,64,,3
10:01:12,,3,2caef7187d4fad476860f2c12e863a3d24e064e26b9f10f77e946a894053f835,-93,,3,64,,3
10:01:13,,3,7ca255d1af5a43aed5c45a42b1f24ab8c7f1e33687bb3c37486b9872bf9a6147,-83,,3,64,,3
10:01:13,26.0,3,80e88c3a37901097dfc7a8514f3d40e89ccbca23728734cf76c636401cc5a54e,-83,,3,64,12.0,3
10:01:14,,3,ca2bdf9565d9777a5dfc3ec3217947150e16a5a0f047a31d362c17d23b977bff,-78,,3,64,,3
10:01:15,26.0,3,bf2ec7342fcd253bfadfe0cb2e896b89e8e17c6c07c7f0f8d7a823878d819359,-82,,3,64,,3
10:01:16,,3,2caef7187d4fad476860f2c12e863a3d24e064e26b9f10f77e946a894053f835,-90,,3,64,,3
10:01:17,,3,ca2bdf9565d9777a5dfc3ec3217947150e16a5a0f047a31d362c17d23b977bff,-80,,3,64,,3
10:01:17,,3,ca2bdf9565d9777a5dfc3ec3217947150e16a5a0f047a31d362c17d23b977bff,-80,,3,64,,3
10:01:18,26.0,3,252b44797d9ce6c9e33dbbb5f599af8ec0a4e3c2d581f271ef35bb7f94f558e3,-91,,3,64,5.0,3
10:01:19,,3,ca2bdf9565d9777a5dfc3ec3217947150e16a5a0f047a31d362c17d23b977bff,-79,,3,64,,3
10:01:20,26.0,3,bf2ec7342fcd253bfadfe0cb2e896b89e8e17c6c07c7f0f8d7a823878d819359,-82,,3,64,,3
10:01:21,,3,ca2bdf9565d9777a5dfc3ec3217947150e16a5a0f047a31d362c17d23b977bff,-79,,3,64,,3
10:01:22,,3,ca2bdf9565d9777a5dfc3ec3217947150e16a5a0f047a31d362c17d23b977bff,-77,,3,64,,3
10:01:22,,3,2caef7187d4fad476860f2c12e863a3d24e064e26b9f10f77e946a894053f835,-81,,3,64,,3
10:01:23,,3,2caef7187d4fad476860f2c12e863a3d24e064e26b9f10f77e946a894053f835,-92,,3,64,,3
10:01:24,26.0,3,87d803749299832219312a2c4003812c204f0277664db84d9d74bb3ee01378de,-88,,3,64,7.0,3
10:01:25,26.0,3,bf2ec7342fcd253bfadfe0cb2e896b89e8e17c6c07c7f0f8d7a823878d819359,-85,,3,64,,3
10:01:26,,3,ca2bdf9565d9777a5dfc3ec3217947150e16a5a0f047a31d362c17d23b977bff,-79,,3,64,,3
10:01:26,,3,2caef7187d4fad476860f2c12e863a3d24e064e26b9f10f77e946a894053f835,-93,,3,64,,3
10:01:27,,3,7ca255d1af5a43aed5c45a42b1f24ab8c7f1e33687bb3c37486b9872bf9a6147,-80,,3,64,,3
10:01:28,,3,ca2bdf9565d9777a5dfc3ec3217947150e16a5a0f047a31d362c17d23b977bff,-79,,3,64,,3
10:01:29,6.0,3,9c361e4be634e32d9b487b556760e512627fd5adc685787264f8d6b12abc8dea,-84,Cb40,3,64,,3
10:01:30,26.0,3,bf2ec7342fcd253bfadfe0cb2e896b89e8e17c6c07c7f0f8d7a823878d819359,-82,,3,64,,3
10:01:30,,3,ca2bdf9565d9777a5dfc3ec3217947150e16a5a0f047a31d362c17d23b977bff,-79,,3,64,,3
10:01:31,,3,ca2bdf9565d9777a5dfc3ec3217947150e16a5a0f047a31d362c17d23b977bff,-85,,3,64,,3
10:01:32,26.0,3,252b44797d9ce6c9e33dbbb5f599af8ec0a4e3c2d581f271ef35bb7f94f558e3,-92,,3,64,5.0,3
10:01:33,,3,2caef7187d4fad476860f2c12e863a3d24e064e26b9f10f77e946a894053f835,-80,,3,64,,3
10:01:34,26.0,3,bf2ec7342fcd253bfadfe0cb2e896b89e8e17c6c07c7f0f8d7a823878d819359,-84,,3,64,,3
10:01:34,,3,7ca255d1af5a43aed5c45a42b1f24ab8c7f1e33687bb3c37486b9872bf9a6147,-82,,3,64,,3
10:01:35,,3,16862cbf545501a7908edbb699cd4a63ca6e421b703ea53b5e73fbe29a7490e3,-78,,3,64,,3
10:01:36,,3,ca2bdf9565d9777a5dfc3ec3217947150e16a5a0f047a31d362c17d23b977bff,-87,,3,64,,3
10:01:37,26.0,3,38b2c23b66e0f81f51ba4f6d963277b3760a8f2a1a60f9453eec5d551c12d721,-72,,3,64,12.0,3
10:01:38,,3,7ca255d1af5a43aed5c45a42b1f24ab8c7f1e33687bb3c37486b9872bf9a6147,-84,,3,64,,3
10:01:39,26.0,3,80e88c3a37901097dfc7a8514f3d40e89ccbca23728734cf76c636401cc5a54e,-88,,3,64,12.0,3
10:01:39,,3,2caef7187d4fad476860f2c12e863a3d24e064e26b9f10f77e946a894053f835,-90,,3,64,,3
10:01:40,,3,ca2bdf9565d9777a5dfc3ec3217947150e16a5a0f047a31d362c17d23b977bff,-86,,3,64,,3
10:01:41,26.0,3,98790c8189c89cabff322d0507b80fc2dd06c4568893c3a0ec2f61b2f04c3489,-92,,3,64,7.0,3
10:01:42,,3,2caef7187d4fad476860f2c12e863a3d24e064e26b9f10f77e946a894053f835,-91,,3,64,,3
10:01:43,,3,ca2bdf9565d9777a5dfc3ec3217947150e16a5a0f047a31d362c17d23b977bff,-87,,3,64,,3
10:01:43,,3,ca2bdf9565d9777a5dfc3ec3217947150e16a5a0f047a31d362c17d23b977bff,-84,,3,64,,3
10:01:44,,3,7ca255d1af5a43aed5c45a42b1f24ab8c7f1e33687bb3c37486b9872bf9a6147,-86,,3,64,,3
10:01:45,,3,fda3deb6faa3ff733d8d1f90c03df9abed7b8ab2ffa64f0216692409024d44c2,-89,,3,64,,3
10:01:46,,3,ca2bdf9565d9777a5dfc3ec3217947150e16a5a0f047a31d362c17d23b977bff,-85,,3,64,,3
10:01:47,26.0,3,80e88c3a37901097dfc7a8514f3d40e89ccbca23728734cf76c636401cc5a54e,-82,,3,64,12.0,3
10:01:47,,3,2caef7187d4fad476860f2c12e863a3d24e064e26b9f10f77e946a894053f835,-83,,3,64,,3
10:01:48,26.0,3,80e88c3a37901097dfc7a8514f3d40e89ccbca23728734cf76c636401cc5a54e,-83,,3,64,12.0,3
10:01:49,,3,ca2bdf9565d9777a5dfc3ec3217947150e16a5a0f047a31d362c17d23b977bff,-76,,3,64,,3
10:01:50,26.0,3,80e88c3a37901097dfc7a8514f3d40e89ccbca23728734cf76c636401cc5a54e,-85,,3,64,12.0,3
10:01:51,,3,05a3c4e3b806d1ef88520e88a4c3c513f01148c006ad5310789a216e86fa019d,-71,,3,64,,3
10:01:51,,3,ca2bdf9565d9777a5dfc3ec3217947150e16a5a0f047a31d362c17d23b977bff,-74,,3,64,,3
10:01:52,,3,ca2bdf9565d9777a5dfc3ec3217947150e16a5a0f047a31d362c17d23b977bff,-85,,3,64,,3
10:01:53,26.0,3,bf2ec7342fcd253bfadfe0cb2e896b89e8e17c6c07c7f0f8d7a823878d819359,-84,,3,64,,3
10:01:54,26.0,3,98790c8189c89cabff322d0507b80fc2dd06c4568893c3a0ec2f61b2f04c3489,-89,,3,64,7.0,3
10:01:55,,3,ca2bdf9565d9777a5dfc3ec3217947150e16a5a0f047a31d362c17d23b977bff,-75,,3,64,,3
10:01:56,,3,7ca255d1af5a43aed5c45a42b1f24ab8c7f1e33687bb3c37486b9872bf9a6147,-81,,3,64,,3
10:01:56,,3,7ca255d1af5a43aed5c45a42b1f24ab8c7f1e33687bb3c37486b9872bf9a6147,-79,,3,64,,3
10:01:57,,3,2caef7187d4fad476860f2c12e863a3d24e064e26b9f10f77e946a894053f835,-82,,3,64,,3
10:01:58,,3,ca2bdf9565d9777a5dfc3ec3217947150e16a5a0f047a31d362c17d23b977bff,-76,,3,64,,3
10:01:59,,3,7ca255d1af5a43aed5c45a42b1f24ab8c7f1e33687bb3c37486b9872bf9a6147,-81,,3,64,,3
10:02:00,26.0,3,bf2ec7342fcd253bfadfe0cb2e896b89e8e17c6c07c7f0f8d7a823878d819359,-84,,3,64,,3
10:02:00,,3,7ca255d1af5a43aed5c45a42b1f24ab8c7f1e33687bb3c37486b9872bf9a6147,-80,,3,64,,3
10:02:01,,3,7ca255d1af5a43aed5c45a42b1f24ab8c7f1e33687bb3c37486b9872bf9a6147,-84,,3,64,,3
10:02:02,,3,7ca255d1af5a43aed5c45a42b1f24ab8c7f1e33687bb3c37486b9872bf9a6147,-87,,3,64,,3
10:02:03,26.0,3,80e88c3a37901097dfc7a8514f3d40e89ccbca23728734cf76c636401cc5a54e,-85,,3,64,12.0,3
10:02:04,,3,ca2bdf9565d9777a5dfc3ec3217947150e16a5a0f047a31d362c17d23b977bff,-72,,3,64,,3
10:02:04,,3,2caef7187d4fad476860f2c12e863a3d24e064e26b9f10f77e946a894053f835,-86,,3,64,,3
10:02:05,,3,7ca255d1af5a43aed5c45a42b1f24ab8c7f1e33687bb3c37486b9872bf9a6147,-80,,3,64,,3
10:02:06,26.0,3,80e88c3a37901097dfc7a8514f3d40e89ccbca23728734cf76c636401cc5a54e,-81,,3,64,12.0,3
10:02:07,26.0,3,98790c8189c89cabff322d0507b80fc2dd06c4568893c3a0ec2f61b2f04c3489,-88,,3,64,7.0,3
10:02:08,,3,2caef7187d4fad476860f2c12e863a3d24e064e26b9f10f77e946a894053f835,-80,,3,64,,3
10:02:08,,3,7ca255d1af5a43aed5c45a42b1f24ab8c7f1e33687bb3c37486b9872bf9a6147,-76,,3,64,,3
10:02:09,26.0,3,87d803749299832219312a2c4003812c204f0277664db84d9d74bb3ee01378de,-85,,3,64,7.0,3
10:02:10,26.0,3,98790c8189c89cabff322d0507b80fc2dd06c4568893c3a0ec2f61b2f04c3489,-88,,3,64,7.0,3
10:02:11,,3,2caef7187d4fad476860f2c12e863a3d24e064e26b9f10f77e946a894053f835,-86,,3,64,,3
10:02:12,,3,ca2bdf9565d9777a5dfc3ec3217947150e16a5a0f047a31d362c17d23b977bff,-73,,3,64,,3
10:02:13,26.0,3,87d803749299832219312a2c4003812c204f0277664db84d9d74bb3ee01378de,-86,,3,64,7.0,3
10:02:13,,3,2caef7187d4fad476860f2c12e863a3d24e064e26b9f10f77e946a894053f835,-89,,3,64,,3
10:02:14,26.0,3,bf2ec7342fcd253bfadfe0cb2e896b89e8e17c6c07c7f0f8d7a823878d819359,-84,,3,64,,3
10:02:15,26.0,3,80e88c3a37901097dfc7a8514f3d40e89ccbca23728734cf76c636401cc5a54e,-83,,3,64,12.0,3
10:02:16,26.0,3,80e88c3a37901097dfc7a8514f3d40e89ccbca23728734cf76c636401cc5a54e,-87,,3,64,12.0,3
10:02:17,,3,ca2bdf9565d9777a5dfc3ec3217947150e16a5a0f047a31d362c17d23b977bff,-74,,3,64,,3
10:02:17,26.0,3,38b2c23b66e0f81f51ba4f6d963277b3760a8f2a1a60f9453eec5d551c12d721,-84,,3,64,12.0,3
10:02:18,,3,2caef7187d4fad476860f2c12e863a3d24e064e26b9f10f77e946a894053f835,-90,,3,64,,3
10:02:19,26.0,3,bf2ec7342fcd253bfadfe0cb2e896b89e8e17c6c07c7f0f8d7a823878d819359,-81,,3,64,,3
10:02:20,,3,ca2bdf9565d9777a5dfc3ec3217947150e16a5a0f047a31d362c17d23b977bff,-74,,3,64,,3
10:02:21,,3,0a976ade4cd22ce4a0a089f62508b9fc49bba9930da649bfa2b9d4347ff8dd0b,-84,,3,64,,3
10:02:21,26.0,3,bf2ec7342fcd253bfadfe0cb2e896b89e8e17c6c07c7f0f8d7a823878d819359,-80,,3,64,,3
10:02:22,26.0,3,87d803749299832219312a2c4003812c204f0277664db84d9d74bb3ee01378de,-82,,3,64,7.0,3
10:02:23,26.0,3,87d803749299832219312a2c4003812c204f0277664db84d9d74bb3ee01378de,-88,,3,64,7.0,3
10:02:24,,3,2caef7187d4fad476860f2c12e863a3d24e064e26b9f10f77e946a894053f835,-82,,3,64,,3
10:02:25,,3,0a976ade4cd22ce4a0a089f62508b9fc49bba9930da649bfa2b9d4347ff8dd0b,-87,,3,64,,3
10:02:25,,3,ca2bdf9565d9777a5dfc3ec3217947150e16a5a0f047a31d362c17d23b977bff,-77,,3,64,,3
10:02:26,,3,7ca255d1af5a43aed5c45a42b1f24ab8c7f1e33687bb3c37486b9872bf9a6147,-78,,3,64,,3
10:02:27,,3,2caef7187d4fad476860f2c12e863a3d24e064e26b9f10f77e946a894053f835,-86,,3,64,,3
10:02:28,,3,ca2bdf9565d9777a5dfc3ec3217947150e16a5a0f047a31d362c17d23b977bff,-74,,3,64,,3
10:02:29,,3,ca2bdf9565d9777a5dfc3ec3217947150e16a5a0f047a31d362c17d23b977bff,-76,,3,64,,3
10:02:30,26.0,3,80e88c3a37901097dfc7a8514f3d40e89ccbca23728734cf76c636401cc5a54e,-82,,3,64,12.0,3
10:02:30,,3,2caef7187d4fad476860f2c12e863a3d24e064e26b9f10f77e946a894053f835,-81,,3,64,,3
10:02:31,26.0,3,80e88c3a37901097dfc7a8514f3d40e89ccbca23728734cf76c636401cc5a54e,-81,,3,64,12.0,3
10:02:32,,3,ca2bdf9565d9777a5dfc3ec3217947150e16a5a0f047a31d362c17d23b977bff,-76,,3,64,,3
10:02:33,26.0,3,80e88c3a37901097dfc7a8514f3d40e89ccbca23728734cf76c636401cc5a54e,-83,,3,64,12.0,3
10:02:34,,3,7ca255d1af5a43aed5c45a42b1f24ab8c7f1e33687bb3c37486b9872bf9a6147,-79,,3,64,,3
10:02:34,26.0,3,80e88c3a37901097dfc7a8514f3d40e89ccbca23728734cf76c636401cc5a54e,-81,,3,64,12.0,3
10:02:35,,3,ca2bdf9565d9777a5dfc3ec3217947150e16a5a0f047a31d362c17d23b977bff,-81,,3,64,,3
10:02:36,,3,7ca255d1af5a43aed5c45a42b1f24ab8c7f1e33687bb3c37486b9872bf9a6147,-80,,3,64,,3
10:02:37,26.0,3,bf2ec7342fcd253bfadfe0cb2e896b89e8e17c6c07c7f0f8d7a823878d819359,-82,,3,64,,3
10:02:38,26.0,3,bf2ec7342fcd253bfadfe0cb2e896b89e8e17c6c07c7f0f8d7a823878d819359,-81,,3,64,,3
10:02:38,,3,ca2bdf9565d9777a5dfc3ec3217947150e16a5a0f047a31d362c17d23b977bff,-76,,3,64,,3
10:02:39,,3,2caef7187d4fad476860f2c12e863a3d24e064e26b9f10f77e946a894053f835,-91,,3,64,,3
10:02:40,,3,7ca255d1af5a43aed5c45a42b1f24ab8c7f1e33687bb3c37486b9872bf9a6147,-80,,3,64,,3
10:02:41,,3,ca2bdf9565d9777a5dfc3ec3217947150e16a5a0f047a31d362c17d23b977bff,-74,,3,64,,3
10:02:42,,3,2caef7187d4fad476860f2c12e863a3d24e064e26b9f10f77e946a894053f835,-85,,3,64,,3
10:02:42,,3,7ca255d1af5a43aed5c45a42b1f24ab8c7f1e33687bb3c37486b9872bf9a6147,-80,,3,64,,3
10:02:43,,3,ca2bdf9565d9777a5dfc3ec3217947150e16a5a0f047a31d362c17d23b977bff,-76,,3,64,,3
10:02:44,26.0,3,2b5b38307355192260909b35bf99d66919da5a554f6879b38b2ca617a378c9ec,-93,,3,64,12.0,3
10:02:45,,3,2caef7187d4fad476860f2c12e863a3d24e064e26b9f10f77e946a894053f835,-85,,3,64,,3
10:02:46,,3,2caef7187d4fad476860f2c12e863a3d24e064e26b9f10f77e946a894053f835,-89,,3,64,,3
10:02:47,,3,ca2bdf9565d9777a5dfc3ec3217947150e16a5a0f047a31d362c17d23b977bff,-73,,3,64,,3
10:02:47,26.0,3,80e88c3a37901097dfc7a8514f3d40e89ccbca23728734cf76c636401cc5a54e,-87,,3,64,,3
10:02:48,,3,2caef7187d4fad476860f2c12e863a3d24e064e26b9f10f77e946a894053f835,-80,,3,64,,3
10:02:49,,3,7ca255d1af5a43aed5c45a42b1f24ab8c7f1e33687bb3c37486b9872bf9a6147,-79,,3,64,,3
10:02:50,,3,7ca255d1af5a43aed5c45a42b1f24ab8c7f1e33687bb3c37486b9872bf9a6147,-83,,3,64,,3
10:02:51,,3,ca2bdf9565d9777a5dfc3ec3217947150e16a5a0f047a31d362c17d23b977bff,-74,,3,64,,3
10:02:51,,3,2caef7187d4fad476860f2c12e863a3d24e064e26b9f10f77e946a894053f835,-86,,3,64,,3
10:02:52,,3,7ca255d1af5a43aed5c45a42b1f24ab8c7f1e33687bb3c37486b9872bf9a6147,-84,,3,64,,3
10:02:53,,3,7ca255d1af5a43aed5c45a42b1f24ab8c7f1e33687bb3c37486b9872bf9a6147,-88,,3,64,,3
10:02:54,26.0,3,38b2c23b66e0f81f51ba4f6d963277b3760a8f2a1a60f9453eec5d551c12d721,-77,,3,64,12.0,3
10:02:55,26.0,3,80e88c3a37901097dfc7a8514f3d40e89ccbca23728734cf76c636401cc5a54e,-86,,3,64,,3
10:02:55,,3,7ca255d1af5a43aed5c45a42b1f24ab8c7f1e33687bb3c37486b9872bf9a6147,-92,,3,64,,3
10:02:56,26.0,3,38b2c23b66e0f81f51ba4f6d963277b3760a8f2a1a60f9453eec5d551c12d721,-85,,3,64,12.0,3
10:02:57,26.0,3,80e88c3a37901097dfc7a8514f3d40e89ccbca23728734cf76c636401cc5a54e,-82,,3,64,,3
10:02:58,26.0,3,80e88c3a37901097dfc7a8514f3d40e89ccbca23728734cf76c636401cc5a54e,-85,,3,64,,3
10:02:59,,3,2caef7187d4fad476860f2c12e863a3d24e064e26b9f10f77e946a894053f835,-82,,3,64,,3
10:02:59,26.0,3,bf2ec7342fcd253bfadfe0cb2e896b89e8e17c6c07c7f0f8d7a823878d819359,-84,,3,64,,3
10:03:00,,3,ca2bdf9565d9777a5dfc3ec3217947150e16a5a0f047a31d362c17d23b977bff,-73,,3,64,,3
10:03:01,,3,2caef7187d4fad476860f2c12e863a3d24e064e26b9f10f77e946a894053f835,-85,,3,64,,3
10:03:02,,3,7ca255d1af5a43aed5c45a42b1f24ab8c7f1e33687bb3c37486b9872bf9a6147,-84,,3,64,,3
10:03:03,,3,ca2bdf9565d9777a5dfc3ec3217947150e16a5a0f047a31d362c17d23b977bff,-73,,3,64,,3
10:03:04,26.0,3,bf2ec7342fcd253bfadfe0cb2e896b89e8e17c6c07c7f0f8d7a823878d819359,-84,,3,64,,3
10:03:04,,3,ca2bdf9565d9777a5dfc3ec3217947150e16a5a0f047a31d362c17d23b977bff,-73,,3,64,,3
10:03:05,26.0,3,87d803749299832219312a2c4003812c204f0277664db84d9d74bb3ee01378de,-88,,3,64,7.0,3
10:03:06,,3,7ca255d1af5a43aed5c45a42b1f24ab8c7f1e33687bb3c37486b9872bf9a6147,-83,,3,64,,3
10:03:06,,3,ca2bdf9565d9777a5dfc3ec3217947150e16a5a0f047a31d362c17d23b977bff,-73,,3,64,,3
10:03:08,,3,ca2bdf9565d9777a5dfc3ec3217947150e16a5a0f047a31d362c17d23b977bff,-77,,3,64,,3
10:03:08,26.0,3,bf2ec7342fcd253bfadfe0cb2e896b89e8e17c6c07c7f0f8d7a823878d819359,-86,,3,64,,3
10:03:09,,3,2caef7187d4fad476860f2c12e863a3d24e064e26b9f10f77e946a894053f835,-82,,3,64,,3
10:03:10,26.0,3,49dda582b84532793d9a91417500dfdb53831cc63bcb5b0567fc164a31458184,-90,,3,64,8.0,3
10:03:10,26.0,3,80e88c3a37901097dfc7a8514f3d40e89ccbca23728734cf76c636401cc5a54e,-90,,3,64,,3
10:03:12,26.0,3,98790c8189c89cabff322d0507b80fc2dd06c4568893c3a0ec2f61b2f04c3489,-90,,3,64,7.0,3
10:03:12,,3,ca2bdf9565d9777a5dfc3ec3217947150e16a5a0f047a31d362c17d23b977bff,-74,,3,64,,3
10:03:13,26.0,3,98790c8189c89cabff322d0507b80fc2dd06c4568893c3a0ec2f61b2f04c3489,-84,,3,64,7.0,3
10:03:14,,3,2caef7187d4fad476860f2c12e863a3d24e064e26b9f10f77e946a894053f835,-81,,3,64,,3
10:03:15,,3,7ca255d1af5a43aed5c45a42b1f24ab8c7f1e33687bb3c37486b9872bf9a6147,-78,,3,64,,3
10:03:16,,3,7ca255d1af5a43aed5c45a42b1f24ab8c7f1e33687bb3c37486b9872bf9a6147,-81,,3,64,,3
10:03:16,,3,7ca255d1af5a43aed5c45a42b1f24ab8c7f1e33687bb3c37486b9872bf9a6147,-85,,3,64,,3
10:03:17,26.0,3,80e88c3a37901097dfc7a8514f3d40e89ccbca23728734cf76c636401cc5a54e,-82,,3,64,,3
10:03:18,,3,2caef7187d4fad476860f2c12e863a3d24e064e26b9f10f77e946a894053f835,-83,,3,64,,3
10:03:19,,3,ca2bdf9565d9777a5dfc3ec3217947150e16a5a0f047a31d362c17d23b977bff,-76,,3,64,,3
10:03:20,26.0,3,bf2ec7342fcd253bfadfe0cb2e896b89e8e17c6c07c7f0f8d7a823878d819359,-91,,3,64,,3
10:03:21,,3,2caef7187d4fad476860f2c12e863a3d24e064e26b9f10f77e946a894053f835,-85,,3,64,,3
10:03:21,,3,ca2bdf9565d9777a5dfc3ec3217947150e16a5a0f047a31d362c17d23b977bff,-74,,3,64,,3
10:03:22,,3,ca2bdf9565d9777a5dfc3ec3217947150e16a5a0f047a31d362c17d23b977bff,-74,,3,64,,3
10:03:23,,3,7ca255d1af5a43aed5c45a42b1f24ab8c7f1e33687bb3c37486b9872bf9a6147,-77,,3,64,,3
10:03:24,26.0,3,49dda582b84532793d9a91417500dfdb53831cc63bcb5b0567fc164a31458184,-86,,3,64,8.0,3
10:03:25,26.0,3,bf2ec7342fcd253bfadfe0cb2e896b89e8e17c6c07c7f0f8d7a823878d819359,-88,,3,64,,3
10:03:25,,3,ca2bdf9565d9777a5dfc3ec3217947150e16a5a0f047a31d362c17d23b977bff,-73,,3,64,,3
10:03:26,26.0,3,80e88c3a37901097dfc7a8514f3d40e89ccbca23728734cf76c636401cc5a54e,-89,,3,64,,3
10:03:27,26.0,3,bf2ec7342fcd253bfadfe0cb2e896b89e8e17c6c07c7f0f8d7a823878d819359,-90,,3,64,,3
10:03:28,,3,2caef7187d4fad476860f2c12e863a3d24e064e26b9f10f77e946a894053f835,-92,,3,64,,3
10:03:29,,3,ca2bdf9565d9777a5dfc3ec3217947150e16a5a0f047a31d362c17d23b977bff,-78,,3,64,,3
10:03:29,26.0,3,bf2ec7342fcd253bfadfe0cb2e896b89e8e17c6c07c7f0f8d7a823878d819359,-92,,3,64,,3
10:03:30,,3,ca2bdf9565d9777a5dfc3ec3217947150e16a5a0f047a31d362c17d23b977bff,-82,,3,64,,3
10:03:31,26.0,3,38b2c23b66e0f81f51ba4f6d963277b3760a8f2a1a60f9453eec5d551c12d721,-83,,3,64,12.0,3
10:03:32,26.0,3,38b2c23b66e0f81f51ba4f6d963277b3760a8f2a1a60f9453eec5d551c12d721,-80,,3,64,12.0,3
10:03:33,,3,7ca255d1af5a43aed5c45a42b1f24ab8c7f1e33687bb3c37486b9872bf9a6147,-79,,3,64,,3
10:03:33,26.0,3,252b44797d9ce6c9e33dbbb5f599af8ec0a4e3c2d581f271ef35bb7f94f558e3,-85,,3,64,5.0,3
10:03:34,26.0,3,bf2ec7342fcd253bfadfe0cb2e896b89e8e17c6c07c7f0f8d7a823878d819359,-85,,3,64,,3
10:03:35,26.0,3,80e88c3a37901097dfc7a8514f3d40e89ccbca23728734cf76c636401cc5a54e,-86,,3,64,,3
10:03:36,26.0,3,bf2ec7342fcd253bfadfe0cb2e896b89e8e17c6c07c7f0f8d7a823878d819359,-91,,3,64,,3
10:03:37,,3,7ca255d1af5a43aed5c45a42b1f24ab8c7f1e33687bb3c37486b9872bf9a6147,-84,,3,64,,3
10:03:38,26.0,3,80e88c3a37901097dfc7a8514f3d40e89ccbca23728734cf76c636401cc5a54e,-86,,3,64,12.0,3
10:03:38,26.0,3,bf2ec7342fcd253bfadfe0cb2e896b89e8e17c6c07c7f0f8d7a823878d819359,-86,,3,64,,3
10:03:39,26.0,3,80e88c3a37901097dfc7a8514f3d40e89ccbca23728734cf76c636401cc5a54e,-86,,3,64,12.0,3
10:03:40,,3,ca2bdf9565d9777a5dfc3ec3217947150e16a5a0f047a31d362c17d23b977bff,-72,,3,64,,3
10:03:41,,3,7ca255d1af5a43aed5c45a42b1f24ab8c7f1e33687bb3c37486b9872bf9a6147,-83,,3,64,,3
10:03:42,26.0,3,bf2ec7342fcd253bfadfe0cb2e896b89e8e17c6c07c7f0f8d7a823878d819359,-88,,3,64,,3
10:03:42,26.0,3,bf2ec7342fcd253bfadfe0cb2e896b89e8e17c6c07c7f0f8d7a823878d819359,-88,,3,64,,3
10:03:43,26.0,3,bf2ec7342fcd253bfadfe0cb2e896b89e8e17c6c07c7f0f8d7a823878d819359,-91,,3,64,,3
10:03:44,,3,7ca255d1af5a43aed5c45a42b1f24ab8c7f1e33687bb3c37486b9872bf9a6147,-88,,3,64,,3
10:03:45,,3,ca2bdf9565d9777a5dfc3ec3217947150e16a5a0f047a31d362c17d23b977bff,-72,,3,64,,3
10:03:46,26.0,3,38b2c23b66e0f81f51ba4f6d963277b3760a8f2a1a60f9453eec5d551c12d721,-81,,3,64,12.0,3
10:03:46,26.0,3,bf2ec7342fcd253bfadfe0cb2e896b89e8e17c6c07c7f0f8d7a823878d819359,-91,,3,64,,3
10:03:47,26.0,3,87d803749299832219312a2c4003812c204f0277664db84d9d74bb3ee01378de,-94,,3,64,7.0,3
10:03:48,,3,2caef7187d4fad476860f2c12e863a3d24e064e26b9f10f77e946a894053f835,-84,,3,64,,3
10:03:49,,3,2caef7187d4fad476860f2c12e863a3d24e064e26b9f10f77e946a894053f835,-83,,3,64,,3
10:03:50,,3,ca2bdf9565d9777a5dfc3ec3217947150e16a5a0f047a31d362c17d23b977bff,-72,,3,64,,3
10:03:51,26.0,3,bf2ec7342fcd253bfadfe0cb2e896b89e8e17c6c07c7f0f8d7a823878d819359,-90,,3,64,,3
10:03:51,,3,7ca255d1af5a43aed5c45a42b1f24ab8c7f1e33687bb3c37486b9872bf9a6147,-85,,3,64,,3
10:03:52,,3,2caef7187d4fad476860f2c12e863a3d24e064e26b9f10f77e946a894053f835,-89,,3,64,,3
10:03:53,,3,ca2bdf9565d9777a5dfc3ec3217947150e16a5a0f047a31d362c17d23b977bff,-76,,3,64,,3
10:03:54,,3,ca2bdf9565d9777a5dfc3ec3217947150e16a5a0f047a31d362c17d23b977bff,-75,,3,64,,3
10:03:55,,3,ca2bdf9565d9777a5dfc3ec3217947150e16a5a0f047a31d362c17d23b977bff,-72,,3,64,,3
10:03:55,,3,2caef7187d4fad476860f2c12e863a3d24e064e26b9f10f77e946a894053f835,-83,,3,64,,3
10:03:56,26.0,3,2b5b38307355192260909b35bf99d66919da5a554f6879b38b2ca617a378c9ec,-91,,3,64,12.0,3
10:03:57,,3,7ca255d1af5a43aed5c45a42b1f24ab8c7f1e33687bb3c37486b9872bf9a6147,-87,,3,64,,3
10:03:58,,3,2caef7187d4fad476860f2c12e863a3d24e064e26b9f10f77e946a894053f835,-87,,3,64,,3
10:03:59,26.0,3,bf2ec7342fcd253bfadfe0cb2e896b89e8e17c6c07c7f0f8d7a823878d819359,-88,,3,64,,3
10:03:59,,3,ca2bdf9565d9777a5dfc3ec3217947150e16a5a0f047a31d362c17d23b977bff,-76,,3,64,,3
10:04:00,26.0,3,80e88c3a37901097dfc7a8514f3d40e89ccbca23728734cf76c636401cc5a54e,-86,,3,64,,3
10:04:01,,3,2caef7187d4fad476860f2c12e863a3d24e064e26b9f10f77e946a894053f835,-82,,3,64,,3
10:04:02,26.0,3,87d803749299832219312a2c4003812c204f0277664db84d9d74bb3ee01378de,-88,,3,64,7.0,3
10:04:03,,3,7ca255d1af5a43aed5c45a42b1f24ab8c7f1e33687bb3c37486b9872bf9a6147,-91,,3,64,,3
10:04:03,,3,2caef7187d4fad476860f2c12e863a3d24e064e26b9f10f77e946a894053f835,-82,,3,64,,3
10:04:04,,3,7ca255d1af5a43aed5c45a42b1f24ab8c7f1e33687bb3c37486b9872bf9a6147,-91,,3,64,,3
10:04:05,,3,ca2bdf9565d9777a5dfc3ec3217947150e16a5a0f047a31d362c17d23b977bff,-73,,3,64,,3
10:04:06,,3,ca2bdf9565d9777a5dfc3ec3217947150e16a5a0f047a31d362c17d23b977bff,-72,,3,64,,3
10:04:07,,3,ca2bdf9565d9777a5dfc3ec3217947150e16a5a0f047a31d362c17d23b977bff,-70,,3,64,,3
10:04:07,26.0,3,49dda582b84532793d9a91417500dfdb53831cc63bcb5b0567fc164a31458184,-84,,3,64,8.0,3
10:04:08,,3,2caef7187d4fad476860f2c12e863a3d24e064e26b9f10f77e946a894053f835,-84,,3,64,,3
10:04:09,,3,ca2bdf9565d9777a5dfc3ec3217947150e16a5a0f047a31d362c17d23b977bff,-70,,3,64,,3
10:04:10,,3,7ca255d1af5a43aed5c45a42b1f24ab8c7f1e33687bb3c37486b9872bf9a6147,-88,,3,64,,3
10:04:11,,3,2caef7187d4fad476860f2c12e863a3d24e064e26b9f10f77e946a894053f835,-90,,3,64,,3
10:04:11,,3,7ca255d1af5a43aed5c45a42b1f24ab8c7f1e33687bb3c37486b9872bf9a6147,-92,,3,64,,3
10:04:12,,3,ca2bdf9565d9777a5dfc3ec3217947150e16a5a0f047a31d362c17d23b977bff,-73,,3,64,,3
10:04:13,,3,ca2bdf9565d9777a5dfc3ec3217947150e16a5a0f047a31d362c17d23b977bff,-72,,3,64,,3
10:04:14,,3,7ca255d1af5a43aed5c45a42b1f24ab8c7f1e33687bb3c37486b9872bf9a6147,-93,,3,64,,3
10:04:15,,3,2caef7187d4fad476860f2c12e863a3d24e064e26b9f10f77e946a894053f835,-85,,3,64,,3
10:04:16,,3,2caef7187d4fad476860f2c12e863a3d24e064e26b9f10f77e946a894053f835,-82,,3,64,,3
10:04:16,,3,ca2bdf9565d9777a5dfc3ec3217947150e16a5a0f047a31d362c17d23b977bff,-69,,3,64,,3
10:04:17,,3,2caef7187d4fad476860f2c12e863a3d24e064e26b9f10f77e946a894053f835,-84,,3,64,,3
10:04:18,,3,ca2bdf9565d9777a5dfc3ec3217947150e16a5a0f047a31d362c17d23b977bff,-71,,3,64,,3
10:04:19,,3,2caef7187d4fad476860f2c12e863a3d24e064e26b9f10f77e946a894053f835,-83,,3,64,,3
10:04:20,,3,2caef7187d4fad476860f2c12e863a3d24e064e26b9f10f77e946a894053f835,-85,,3,64,,3
10:04:20,,3,2caef7187d4fad476860f2c12e863a3d24e064e26b9f10f77e946a894053f835,-88,,3,64,,3
10:04:21,,3,ca2bdf9565d9777a5dfc3ec3217947150e16a5a0f047a31d362c17d23b977bff,-70,,3,64,,3
10:04:22,,3,2caef7187d4fad476860f2c12e863a3d24e064e26b9f10f77e946a894053f835,-83,,3,64,,3
10:04:23,,3,2caef7187d4fad476860f2c12e863a3d24e064e26b9f10f77e946a894053f835,-89,,3,64,,3
10:04:24,,3,16862cbf545501a7908edbb699cd4a63ca6e421b703ea53b5e73fbe29a7490e3,-88,,3,64,,3
10:04:25,,3,7ca255d1af5a43aed5c45a42b1f24ab8c7f1e33687bb3c37486b9872bf9a6147,-95,,3,64,,3
10:04:25,,3,ca2bdf9565d9777a5dfc3ec3217947150e16a5a0f047a31d362c17d23b977bff,-71,,3,64,,3
10:04:26,26.0,3,2b5b38307355192260909b35bf99d66919da5a554f6879b38b2ca617a378c9ec,-92,,3,64,12.0,3
10:04:27,,3,7ca255d1af5a43aed5c45a42b1f24ab8c7f1e33687bb3c37486b9872bf9a6147,-89,,3,64,,3
10:04:28,,3,2caef7187d4fad476860f2c12e863a3d24e064e26b9f10f77e946a894053f835,-91,,3,64,,3
10:04:29,,3,2caef7187d4fad476860f2c12e863a3d24e064e26b9f10f77e946a894053f835,-85,,3,64,,3
10:04:29,,3,05a3c4e3b806d1ef88520e88a4c3c513f01148c006ad5310789a216e86fa019d,-68,,3,64,,3
10:04:30,,3,ca2bdf9565d9777a5dfc3ec3217947150e16a5a0f047a31d362c17d23b977bff,-73,,3,64,,3
10:04:31,26.0,3,98790c8189c89cabff322d0507b80fc2dd06c4568893c3a0ec2f61b2f04c3489,-91,,3,64,7.0,3
10:04:32,,3,ca2bdf9565d9777a5dfc3ec3217947150e16a5a0f047a31d362c17d23b977bff,-72,,3,64,,3
10:04:33,,3,8ba34c63928d0105b2ee7fb03d32a9437e8555b0c642805802ad56ee7254517e,-84,,3,64,,3
10:04:34,,3,ca2bdf9565d9777a5dfc3ec3217947150e16a5a0f047a31d362c17d23b977bff,-73,,3,64,,3
10:04:34,26.0,3,98790c8189c89cabff322d0507b80fc2dd06c4568893c3a0ec2f61b2f04c3489,-94,,3,64,7.0,3
10:04:35,26.0,3,bf2ec7342fcd253bfadfe0cb2e896b89e8e17c6c07c7f0f8d7a823878d819359,-84,,3,64,,3
10:04:36,,3,7ca255d1af5a43aed5c45a42b1f24ab8c7f1e33687bb3c37486b9872bf9a6147,-93,,3,64,,3
10:04:37,,3,ca2bdf9565d9777a5dfc3ec3217947150e16a5a0f047a31d362c17d23b977bff,-72,,3,64,,3
10:04:38,,3,2caef7187d4fad476860f2c12e863a3d24e064e26b9f10f77e946a894053f835,-85,,3,64,,3
10:04:38,,3,ca2bdf9565d9777a5dfc3ec3217947150e16a5a0f047a31d362c17d23b977bff,-72,,3,64,,3
10:04:39,26.0,3,bf2ec7342fcd253bfadfe0cb2e896b89e8e17c6c07c7f0f8d7a823878d819359,-93,,3,64,,3
10:04:40,,3,2caef7187d4fad476860f2c12e863a3d24e064e26b9f10f77e946a894053f835,-85,,3,64,,3
10:04:40,,3,ca2bdf9565d9777a5dfc3ec3217947150e16a5a0f047a31d362c17d23b977bff,-73,,3,64,,3
10:04:42,26.0,3,bf2ec7342fcd253bfadfe0cb2e896b89e8e17c6c07c7f0f8d7a823878d819359,-90,,3,64,,3
10:04:42,26.0,3,80e88c3a37901097dfc7a8514f3d40e89ccbca23728734cf76c636401cc5a54e,-82,,3,64,,3
10:04:43,26.0,3,80e88c3a37901097dfc7a8514f3d40e89ccbca23728734cf76c636401cc5a54e,-85,,3,64,,3
10:04:44,,3,ca2bdf9565d9777a5dfc3ec3217947150e16a5a0f047a31d362c17d23b977bff,-79,,3,64,,3
10:04:45,26.0,3,87d803749299832219312a2c4003812c204f0277664db84d9d74bb3ee01378de,-87,,3,64,7.0,3
10:04:46,,3,ca2bdf9565d9777a5dfc3ec3217947150e16a5a0f047a31d362c17d23b977bff,-76,,3,64,,3
10:04:46,,3,ca2bdf9565d9777a5dfc3ec3217947150e16a5a0f047a31d362c17d23b977bff,-80,,3,64,,3
10:04:47,,3,ca2bdf9565d9777a5dfc3ec3217947150e16a5a0f047a31d362c17d23b977bff,-76,,3,64,,3
10:04:48,,3,7ca255d1af5a43aed5c45a42b1f24ab8c7f1e33687bb3c37486b9872bf9a6147,-94,,3,64,,3
10:04:49,,3,ca2bdf9565d9777a5dfc3ec3217947150e16a5a0f047a31d362c17d23b977bff,-76,,3,64,,3
10:04:50,26.0,3,49dda582b84532793d9a91417500dfdb53831cc63bcb5b0567fc164a31458184,-87,,3,64,,3
10:04:51,,3,ca2bdf9565d9777a5dfc3ec3217947150e16a5a0f047a31d362c17d23b977bff,-75,,3,64,,3
10:04:51,26.0,3,98790c8189c89cabff322d0507b80fc2dd06c4568893c3a0ec2f61b2f04c3489,-90,,3,64,7.0,3
10:04:52,26.0,3,49dda582b84532793d9a91417500dfdb53831cc63bcb5b0567fc164a31458184,-83,,3,64,,3
10:04:53,26.0,3,98790c8189c89cabff322d0507b80fc2dd06c4568893c3a0ec2f61b2f04c3489,-92,,3,64,7.0,3
10:04:54,26.0,3,49dda582b84532793d9a91417500dfdb53831cc63bcb5b0567fc164a31458184,-84,,3,64,,3
10:04:55,,3,ca2bdf9565d9777a5dfc3ec3217947150e16a5a0f047a31d362c17d23b977bff,-76,,3,64,,3
10:04:55,,3,7ca255d1af5a43aed5c45a42b1f24ab8c7f1e33687bb3c37486b9872bf9a6147,-92,,3,64,,3
10:04:56,,3,ca2bdf9565d9777a5dfc3ec3217947150e16a5a0f047a31d362c17d23b977bff,-79,,3,64,,3
10:04:57,,3,ca2bdf9565d9777a5dfc3ec3217947150e16a5a0f047a31d362c17d23b977bff,-78,,3,64,,3
10:04:58,,3,7ca255d1af5a43aed5c45a42b1f24ab8c7f1e33687bb3c37486b9872bf9a6147,-93,,3,64,,3
10:04:59,,3,ca2bdf9565d9777a5dfc3ec3217947150e16a5a0f047a31d362c17d23b977bff,-75,,3,64,,3
10:04:59,26.0,3,2b5b38307355192260909b35bf99d66919da5a554f6879b38b2ca617a378c9ec,-86,,3,64,12.0,3
10:05:00,,3,ca2bdf9565d9777a5dfc3ec3217947150e16a5a0f047a31d362c17d23b977bff,-76,,3,64,,3
10:05:01,,3,ca2bdf9565d9777a5dfc3ec3217947150e16a5a0f047a31d362c17d23b977bff,-76,,3,64,,3
10:05:02,26.0,3,80e88c3a37901097dfc7a8514f3d40e89ccbca23728734cf76c636401cc5a54e,-89,,3,64,12.0,3
10:05:03,26.0,3,bf2ec7342fcd253bfadfe0cb2e896b89e8e17c6c07c7f0f8d7a823878d819359,-91,,3,64,,3
10:05:03,26.0,3,252b44797d9ce6c9e33dbbb5f599af8ec0a4e3c2d581f271ef35bb7f94f558e3,-91,,3,64,5.0,3
10:05:04,,3,ca2bdf9565d9777a5dfc3ec3217947150e16a5a0f047a31d362c17d23b977bff,-79,,3,64,,3
10:05:05,26.0,3,252b44797d9ce6c9e33dbbb5f599af8ec0a4e3c2d581f271ef35bb7f94f558e3,-91,,3,64,5.0,3
10:05:06,,3,2caef7187d4fad476860f2c12e863a3d24e064e26b9f10f77e946a894053f835,-78,,3,64,,3
10:05:07,26.0,3,49dda582b84532793d9a91417500dfdb53831cc63bcb5b0567fc164a31458184,-91,,3,64,,3
10:05:08,,3,ca2bdf9565d9777a5dfc3ec3217947150e16a5a0f047a31d362c17d23b977bff,-78,,3,64,,3
10:05:08,,3,ca2bdf9565d9777a5dfc3ec3217947150e16a5a0f047a31d362c17d23b977bff,-74,,3,64,,3
10:05:09,26.0,3,49dda582b84532793d9a91417500dfdb53831cc63bcb5b0567fc164a31458184,-93,,3,64,,3
10:05:10,6.0,3,9c361e4be634e32d9b487b556760e512627fd5adc685787264f8d6b12abc8dea,-96,Cb40,3,64,,3
10:05:11,,3,ca2bdf9565d9777a5dfc3ec3217947150e16a5a0f047a31d362c17d23b977bff,-74,,3,64,,3
10:05:12,,3,ca2bdf9565d9777a5dfc3ec3217947150e16a5a0f047a31d362c17d23b977bff,-80,,3,64,,3
10:05:12,26.0,3,49dda582b84532793d9a91417500dfdb53831cc63bcb5b0567fc164a31458184,-88,,3,64,,3
10:05:13,,3,2caef7187d4fad476860f2c12e863a3d24e064e26b9f10f77e946a894053f835,-80,,3,64,,3
10:05:14,,3,e2b73d71b5d96357c4ada5727ec80f01193380722337712ff7a3e2e38ffb9571,-94,,3,64,,3
10:05:15,,3,ca2bdf9565d9777a5dfc3ec3217947150e16a5a0f047a31d362c17d23b977bff,-78,,3,64,,3
10:05:16,,3,2caef7187d4fad476860f2c12e863a3d24e064e26b9f10f77e946a894053f835,-86,,3,64,,3
10:05:16,26.0,3,252b44797d9ce6c9e33dbbb5f599af8ec0a4e3c2d581f271ef35bb7f94f558e3,-90,,3,64,5.0,3
10:05:17,26.0,3,49dda582b84532793d9a91417500dfdb53831cc63bcb5b0567fc164a31458184,-92,,3,64,,3
10:05:18,26.0,3,252b44797d9ce6c9e33dbbb5f599af8ec0a4e3c2d581f271ef35bb7f94f558e3,-91,,3,64,5.0,3
10:05:19,26.0,3,80e88c3a37901097dfc7a8514f3d40e89ccbca23728734cf76c636401cc5a54e,-86,,3,64,12.0,3
10:05:20,26.0,3,bf2ec7342fcd253bfadfe0cb2e896b89e8e17c6c07c7f0f8d7a823878d819359,-85,,3,64,,3
10:05:20,26.0,3,49dda582b84532793d9a91417500dfdb53831cc63bcb5b0567fc164a31458184,-84,,3,64,,3
10:05:21,,3,05a3c4e3b806d1ef88520e88a4c3c513f01148c006ad5310789a216e86fa019d,-64,,3,64,,3
10:05:22,,3,2caef7187d4fad476860f2c12e863a3d24e064e26b9f10f77e946a894053f835,-87,,3,64,,3
10:05:23,,3,2caef7187d4fad476860f2c12e863a3d24e064e26b9f10f77e946a894053f835,-90,,3,64,,3
10:05:24,,3,7ca255d1af5a43aed5c45a42b1f24ab8c7f1e33687bb3c37486b9872bf9a6147,-91,,3,64,,3
10:05:25,,3,ca2bdf9565d9777a5dfc3ec3217947150e16a5a0f047a31d362c17d23b977bff,-86,,3,64,,3
10:05:25,26.0,3,2122ff4caecdf71846b21c23e8d45e9faf37b9f8f7344fc5b2dc9461c836aa1a,-88,,3,64,7.0,3
10:05:26,26.0,3,bf2ec7342fcd253bfadfe0cb2e896b89e8e17c6c07c7f0f8d7a823878d819359,-86,,3,64,,3
10:05:27,26.0,3,bf2ec7342fcd253bfadfe0cb2e896b89e8e17c6c07c7f0f8d7a823878d819359,-88,,3,64,,3
10:05:28,,3,7ca255d1af5a43aed5c45a42b1f24ab8c7f1e33687bb3c37486b9872bf9a6147,-90,,3,64,,3
10:05:29,26.0,3,49dda582b84532793d9a91417500dfdb53831cc63bcb5b0567fc164a31458184,-88,,3,64,,3
10:05:29,,3,05a3c4e3b806d1ef88520e88a4c3c513f01148c006ad5310789a216e86fa019d,-67,,3,64,,3
10:05:30,,3,2caef7187d4fad476860f2c12e863a3d24e064e26b9f10f77e946a894053f835,-89,,3,64,,3
10:05:31,26.0,3,49dda582b84532793d9a91417500dfdb53831cc63bcb5b0567fc164a31458184,-87,,3,64,,3
10:05:32,26.0,3,bf2ec7342fcd253bfadfe0cb2e896b89e8e17c6c07c7f0f8d7a823878d819359,-91,,3,64,,3
10:05:33,,3,2caef7187d4fad476860f2c12e863a3d24e064e26b9f10f77e946a894053f835,-92,,3,64,,3
10:05:33,,3,05a3c4e3b806d1ef88520e88a4c3c513f01148c006ad5310789a216e86fa019d,-65,,3,64,,3
10:05:34,,3,ca2bdf9565d9777a5dfc3ec3217947150e16a5a0f047a31d362c17d23b977bff,-91,,3,64,,3
10:05:35,,3,0a976ade4cd22ce4a0a089f62508b9fc49bba9930da649bfa2b9d4347ff8dd0b,-91,,3,64,,3
10:05:36,,3,16862cbf545501a7908edbb699cd4a63ca6e421b703ea53b5e73fbe29a7490e3,-90,,3,64,,3
10:05:37,26.0,3,bf2ec7342fcd253bfadfe0cb2e896b89e8e17c6c07c7f0f8d7a823878d819359,-92,,3,64,,3
10:05:38,,3,7ca255d1af5a43aed5c45a42b1f24ab8c7f1e33687bb3c37486b9872bf9a6147,-90,,3,64,,3
10:05:38,,3,2caef7187d4fad476860f2c12e863a3d24e064e26b9f10f77e946a894053f835,-98,,3,64,,3
10:05:39,26.0,3,49dda582b84532793d9a91417500dfdb53831cc63bcb5b0567fc164a31458184,-90,,3,64,,3
10:05:40,,3,648187d83f2d958b6b28ac1119741b6edb4ee1af5ee91ea4497d93f9c98561fa,-87,,3,64,,3
10:05:41,,3,2caef7187d4fad476860f2c12e863a3d24e064e26b9f10f77e946a894053f835,-94,,3,64,,3
10:05:42,,3,ca2bdf9565d9777a5dfc3ec3217947150e16a5a0f047a31d362c17d23b977bff,-87,,3,64,,3
10:05:42,,3,ca2bdf9565d9777a5dfc3ec3217947150e16a5a0f047a31d362c17d23b977bff,-80,,3,64,,3
10:05:43,26.0,3,49dda582b84532793d9a91417500dfdb53831cc63bcb5b0567fc164a31458184,-89,,3,64,,3
10:05:44,,3,2caef7187d4fad476860f2c12e863a3d24e064e26b9f10f77e946a894053f835,-88,,3,64,,3
10:05:45,,3,ca2bdf9565d9777a5dfc3ec3217947150e16a5a0f047a31d362c17d23b977bff,-88,,3,64,,3
10:05:46,26.0,3,49dda582b84532793d9a91417500dfdb53831cc63bcb5b0567fc164a31458184,-92,,3,64,,3
10:05:46,26.0,3,80e88c3a37901097dfc7a8514f3d40e89ccbca23728734cf76c636401cc5a54e,-85,,3,64,12.0,3
10:05:47,26.0,3,80e88c3a37901097dfc7a8514f3d40e89ccbca23728734cf76c636401cc5a54e,-89,,3,64,12.0,3
10:05:48,,3,7ca255d1af5a43aed5c45a42b1f24ab8c7f1e33687bb3c37486b9872bf9a6147,-92,,3,64,,3
10:05:49,,3,ca2bdf9565d9777a5dfc3ec3217947150e16a5a0f047a31d362c17d23b977bff,-88,,3,64,,3
10:05:50,26.0,3,87d803749299832219312a2c4003812c204f0277664db84d9d74bb3ee01378de,-89,,3,64,7.0,3
10:05:50,,3,2caef7187d4fad476860f2c12e863a3d24e064e26b9f10f77e946a894053f835,-85,,3,64,,3
10:05:51,,3,2caef7187d4fad476860f2c12e863a3d24e064e26b9f10f77e946a894053f835,-87,,3,64,,3
10:05:52,26.0,3,bf2ec7342fcd253bfadfe0cb2e896b89e8e17c6c07c7f0f8d7a823878d819359,-90,,3,64,,3
10:05:53,,3,2caef7187d4fad476860f2c12e863a3d24e064e26b9f10f77e946a894053f835,-91,,3,64,,3
10:05:54,,3,7ca255d1af5a43aed5c45a42b1f24ab8c7f1e33687bb3c37486b9872bf9a6147,-91,,3,64,,3
10:05:54,,3,2caef7187d4fad476860f2c12e863a3d24e064e26b9f10f77e946a894053f835,-87,,3,64,,3
10:05:55,,3,2caef7187d4fad476860f2c12e863a3d24e064e26b9f10f77e946a894053f835,-86,,3,64,,3
10:05:56,,3,ca2bdf9565d9777a5dfc3ec3217947150e16a5a0f047a31d362c17d23b977bff,-79,,3,64,,3
10:05:57,,3,ca2bdf9565d9777a5dfc3ec3217947150e16a5a0f047a31d362c17d23b977bff,-76,,3,64,,3
10:05:58,26.0,3,2122ff4caecdf71846b21c23e8d45e9faf37b9f8f7344fc5b2dc9461c836aa1a,-88,,3,64,7.0,3
10:05:59,,3,ca2bdf9565d9777a5dfc3ec3217947150e16a5a0f047a31d362c17d23b977bff,-77,,3,64,,3
10:05:59,,3,ca2bdf9565d9777a5dfc3ec3217947150e16a5a0f047a31d362c17d23b977bff,-77,,3,64,,3
10:06:00,,3,7ca255d1af5a43aed5c45a42b1f24ab8c7f1e33687bb3c37486b9872bf9a6147,-93,,3,64,,3
10:06:01,26.0,3,49dda582b84532793d9a91417500dfdb53831cc63bcb5b0567fc164a31458184,-87,,3,64,,3
10:06:02,26.0,3,2b5b38307355192260909b35bf99d66919da5a554f6879b38b2ca617a378c9ec,-86,,3,64,12.0,3
10:06:03,26.0,3,bf2ec7342fcd253bfadfe0cb2e896b89e8e17c6c07c7f0f8d7a823878d819359,-95,,3,64,,3
10:06:03,,3,ca2bdf9565d9777a5dfc3ec3217947150e16a5a0f047a31d362c17d23b977bff,-79,,3,64,,3
10:06:04,,3,ca2bdf9565d9777a5dfc3ec3217947150e16a5a0f047a31d362c17d23b977bff,-80,,3,64,,3
10:06:05,26.0,3,2b5b38307355192260909b35bf99d66919da5a554f6879b38b2ca617a378c9ec,-88,,3,64,12.0,3
10:06:06,,3,2caef7187d4fad476860f2c12e863a3d24e064e26b9f10f77e946a894053f835,-89,,3,64,,3
10:06:07,,3,7ca255d1af5a43aed5c45a42b1f24ab8c7f1e33687bb3c37486b9872bf9a6147,-92,,3,64,,3
10:06:07,26.0,3,bf2ec7342fcd253bfadfe0cb2e896b89e8e17c6c07c7f0f8d7a823878d819359,-86,,3,64,,3
10:06:08,,3,2caef7187d4fad476860f2c12e863a3d24e064e26b9f10f77e946a894053f835,-90,,3,64,,3
10:06:09,,3,ca2bdf9565d9777a5dfc3ec3217947150e16a5a0f047a31d362c17d23b977bff,-81,,3,64,,3
10:06:10,26.0,3,49dda582b84532793d9a91417500dfdb53831cc63bcb5b0567fc164a31458184,-89,,3,64,,3
10:06:11,,3,ca2bdf9565d9777a5dfc3ec3217947150e16a5a0f047a31d362c17d23b977bff,-79,,3,64,,3
10:06:12,,3,ca2bdf9565d9777a5dfc3ec3217947150e16a5a0f047a31d362c17d23b977bff,-79,,3,64,,3
10:06:12,26.0,3,49dda582b84532793d9a91417500dfdb53831cc63bcb5b0567fc164a31458184,-89,,3,64,,3
10:06:13,,3,7ca255d1af5a43aed5c45a42b1f24ab8c7f1e33687bb3c37486b9872bf9a6147,-92,,3,64,,3
10:06:14,,3,ca2bdf9565d9777a5dfc3ec3217947150e16a5a0f047a31d362c17d23b977bff,-76,,3,64,,3
10:06:15,,3,ca2bdf9565d9777a5dfc3ec3217947150e16a5a0f047a31d362c17d23b977bff,-82,,3,64,,3
10:06:16,,3,7ca255d1af5a43aed5c45a42b1f24ab8c7f1e33687bb3c37486b9872bf9a6147,-86,,3,64,,3
10:06:16,26.0,3,2b5b38307355192260909b35bf99d66919da5a554f6879b38b2ca617a378c9ec,-87,,3,64,12.0,3
10:06:17,,3,7ca255d1af5a43aed5c45a42b1f24ab8c7f1e33687bb3c37486b9872bf9a6147,-86,,3,64,,3
10:06:18,26.0,3,80e88c3a37901097dfc7a8514f3d40e89ccbca23728734cf76c636401cc5a54e,-87,,3,64,12.0,3
10:06:19,26.0,3,bf2ec7342fcd253bfadfe0cb2e896b89e8e17c6c07c7f0f8d7a823878d819359,-84,,3,64,,3
10:06:20,26.0,3,bf2ec7342fcd253bfadfe0cb2e896b89e8e17c6c07c7f0f8d7a823878d819359,-83,,3,64,,3
10:06:20,,3,ca2bdf9565d9777a5dfc3ec3217947150e16a5a0f047a31d362c17d23b977bff,-76,,3,64,,3
10:06:21,,3,2caef7187d4fad476860f2c12e863a3d24e064e26b9f10f77e946a894053f835,-83,,3,64,,3
10:06:22,,3,ca2bdf9565d9777a5dfc3ec3217947150e16a5a0f047a31d362c17d23b977bff,-80,,3,64,,3
10:06:23,,3,ca2bdf9565d9777a5dfc3ec3217947150e16a5a0f047a31d362c17d23b977bff,-75,,3,64,,3
10:06:24,,3,8ba34c63928d0105b2ee7fb03d32a9437e8555b0c642805802ad56ee7254517e,-93,,3,64,,3
10:06:25,,3,7ca255d1af5a43aed5c45a42b1f24ab8c7f1e33687bb3c37486b9872bf9a6147,-87,,3,64,,3
10:06:25,,3,0a976ade4cd22ce4a0a089f62508b9fc49bba9930da649bfa2b9d4347ff8dd0b,-91,,3,64,,3
10:06:26,,3,ca2bdf9565d9777a5dfc3ec3217947150e16a5a0f047a31d362c17d23b977bff,-79,,3,64,,3
10:06:27,,3,2caef7187d4fad476860f2c12e863a3d24e064e26b9f10f77e946a894053f835,-93,,3,64,,3
10:06:28,26.0,3,252b44797d9ce6c9e33dbbb5f599af8ec0a4e3c2d581f271ef35bb7f94f558e3,-91,,3,64,5.0,3
10:06:29,,3,7ca255d1af5a43aed5c45a42b1f24ab8c7f1e33687bb3c37486b9872bf9a6147,-87,,3,64,,3
10:06:29,,3,2caef7187d4fad476860f2c12e863a3d24e064e26b9f10f77e946a894053f835,-92,,3,64,,3
10:06:30,26.0,3,49dda582b84532793d9a91417500dfdb53831cc63bcb5b0567fc164a31458184,-87,,3,64,,3
10:06:31,,3,2caef7187d4fad476860f2c12e863a3d24e064e26b9f10f77e946a894053f835,-82,,3,64,,3
10:06:32,,3,ca2bdf9565d9777a5dfc3ec3217947150e16a5a0f047a31d362c17d23b977bff,-75,,3,64,,3
10:06:33,,3,7ca255d1af5a43aed5c45a42b1f24ab8c7f1e33687bb3c37486b9872bf9a6147,-89,,3,64,,3
10:06:33,,3,2caef7187d4fad476860f2c12e863a3d24e064e26b9f10f77e946a894053f835,-93,,3,64,,3
10:06:34,26.0,3,49dda582b84532793d9a91417500dfdb53831cc63bcb5b0567fc164a31458184,-87,,3,64,,3
10:06:35,,3,7ca255d1af5a43aed5c45a42b1f24ab8c7f1e33687bb3c37486b9872bf9a6147,-89,,3,64,,3
10:06:36,26.0,3,bf2ec7342fcd253bfadfe0cb2e896b89e8e17c6c07c7f0f8d7a823878d819359,-88,,3,64,,3
10:06:37,,3,ca2bdf9565d9777a5dfc3ec3217947150e16a5a0f047a31d362c17d23b977bff,-77,,3,64,,3
10:06:37,,3,7ca255d1af5a43aed5c45a42b1f24ab8c7f1e33687bb3c37486b9872bf9a6147,-86,,3,64,,3
10:06:38,,3,7ca255d1af5a43aed5c45a42b1f24ab8c7f1e33687bb3c37486b9872bf9a6147,-87,,3,64,,3
10:06:39,,3,2caef7187d4fad476860f2c12e863a3d24e064e26b9f10f77e946a894053f835,-93,,3,64,,3
10:06:40,,3,2caef7187d4fad476860f2c12e863a3d24e064e26b9f10f77e946a894053f835,-95,,3,64,,3
10:06:41,,3,ca2bdf9565d9777a5dfc3ec3217947150e16a5a0f047a31d362c17d23b977bff,-77,,3,64,,3
10:06:42,,3,7ca255d1af5a43aed5c45a42b1f24ab8c7f1e33687bb3c37486b9872bf9a6147,-87,,3,64,,3
10:06:42,,3,2caef7187d4fad476860f2c12e863a3d24e064e26b9f10f77e946a894053f835,-82,,3,64,,3
10:06:43,,3,ca2bdf9565d9777a5dfc3ec3217947150e16a5a0f047a31d362c17d23b977bff,-76,,3,64,,3
10:06:44,26.0,3,252b44797d9ce6c9e33dbbb5f599af8ec0a4e3c2d581f271ef35bb7f94f558e3,-93,,3,64,5.0,3
10:06:45,,3,2caef7187d4fad476860f2c12e863a3d24e064e26b9f10f77e946a894053f835,-82,,3,64,,3
10:06:46,26.0,3,49dda582b84532793d9a91417500dfdb53831cc63bcb5b0567fc164a31458184,-84,,3,64,,3
10:06:46,26.0,3,80e88c3a37901097dfc7a8514f3d40e89ccbca23728734cf76c636401cc5a54e,-89,,3,64,,3
10:06:47,,3,7ca255d1af5a43aed5c45a42b1f24ab8c7f1e33687bb3c37486b9872bf9a6147,-87,,3,64,,3
10:06:48,,3,ca2bdf9565d9777a5dfc3ec3217947150e16a5a0f047a31d362c17d23b977bff,-83,,3,64,,3
10:06:49,26.0,3,bf2ec7342fcd253bfadfe0cb2e896b89e8e17c6c07c7f0f8d7a823878d819359,-85,,3,64,,3
10:06:50,,3,7ca255d1af5a43aed5c45a42b1f24ab8c7f1e33687bb3c37486b9872bf9a6147,-87,,3,64,,3
10:06:50,26.0,3,bf2ec7342fcd253bfadfe0cb2e896b89e8e17c6c07c7f0f8d7a823878d819359,-85,,3,64,,3
10:06:51,26.0,3,80e88c3a37901097dfc7a8514f3d40e89ccbca23728734cf76c636401cc5a54e,-84,,3,64,,3
10:06:52,26.0,3,80e88c3a37901097dfc7a8514f3d40e89ccbca23728734cf76c636401cc5a54e,-84,,3,64,,3
10:06:53,,3,9d18801a2bcfb2727ba255a802349be8920dc50c8aee6c358bd0c94501c3cd56,-98,,3,64,,3
10:06:54,,3,ca2bdf9565d9777a5dfc3ec3217947150e16a5a0f047a31d362c17d23b977bff,-75,,3,64,,3
10:06:55,26.0,3,bf2ec7342fcd253bfadfe0cb2e896b89e8e17c6c07c7f0f8d7a823878d819359,-83,,3,64,,3
10:06:55,,3,ca2bdf9565d9777a5dfc3ec3217947150e16a5a0f047a31d362c17d23b977bff,-76,,3,64,,3
10:06:56,26.0,3,80e88c3a37901097dfc7a8514f3d40e89ccbca23728734cf76c636401cc5a54e,-87,,3,64,12.0,3
10:06:57,26.0,3,bf2ec7342fcd253bfadfe0cb2e896b89e8e17c6c07c7f0f8d7a823878d819359,-88,,3,64,,3
10:06:58,26.0,3,87d803749299832219312a2c4003812c204f0277664db84d9d74bb3ee01378de,-91,,3,64,7.0,3
10:06:59,,3,2caef7187d4fad476860f2c12e863a3d24e064e26b9f10f77e946a894053f835,-80,,3,64,,3
10:06:59,26.0,3,87d803749299832219312a2c4003812c204f0277664db84d9d74bb3ee01378de,-87,,3,64,7.0,3
10:07:00,26.0,3,bf2ec7342fcd253bfadfe0cb2e896b89e8e17c6c07c7f0f8d7a823878d819359,-89,,3,64,,3
10:07:01,26.0,3,87d803749299832219312a2c4003812c204f0277664db84d9d74bb3ee01378de,-85,,3,64,7.0,3
10:07:02,26.0,3,2122ff4caecdf71846b21c23e8d45e9faf37b9f8f7344fc5b2dc9461c836aa1a,-91,,3,64,7.0,3
10:07:03,,3,ca2bdf9565d9777a5dfc3ec3217947150e16a5a0f047a31d362c17d23b977bff,-83,,3,64,,3
10:07:03,26.0,3,38b2c23b66e0f81f51ba4f6d963277b3760a8f2a1a60f9453eec5d551c12d721,-63,,3,64,12.0,3
10:07:04,,3,ca2bdf9565d9777a5dfc3ec3217947150e16a5a0f047a31d362c17d23b977bff,-86,,3,64,,3
10:07:05,,3,2caef7187d4fad476860f2c12e863a3d24e064e26b9f10f77e946a894053f835,-89,,3,64,,3
10:07:06,26.0,3,49dda582b84532793d9a91417500dfdb53831cc63bcb5b0567fc164a31458184,-90,,3,64,,3
10:07:07,,3,ca2bdf9565d9777a5dfc3ec3217947150e16a5a0f047a31d362c17d23b977bff,-80,,3,64,,3
10:07:07,,3,7ca255d1af5a43aed5c45a42b1f24ab8c7f1e33687bb3c37486b9872bf9a6147,-88,,3,64,,3
10:07:08,,3,2caef7187d4fad476860f2c12e863a3d24e064e26b9f10f77e946a894053f835,-91,,3,64,,3
10:07:09,,3,ca2bdf9565d9777a5dfc3ec3217947150e16a5a0f047a31d362c17d23b977bff,-82,,3,64,,3
10:07:10,26.0,3,80e88c3a37901097dfc7a8514f3d40e89ccbca23728734cf76c636401cc5a54e,-85,,3,64,12.0,3
10:07:11,,3,2caef7187d4fad476860f2c12e863a3d24e064e26b9f10f77e946a894053f835,-79,,3,64,,3
10:07:11,,3,ca2bdf9565d9777a5dfc3ec3217947150e16a5a0f047a31d362c17d23b977bff,-81,,3,64,,3
10:07:12,,3,2caef7187d4fad476860f2c12e863a3d24e064e26b9f10f77e946a894053f835,-94,,3,64,,3
10:07:13,26.0,3,252b44797d9ce6c9e33dbbb5f599af8ec0a4e3c2d581f271ef35bb7f94f558e3,-89,,3,64,5.0,3
10:07:14,26.0,3,bf2ec7342fcd253bfadfe0cb2e896b89e8e17c6c07c7f0f8d7a823878d819359,-90,,3,64,,3
10:07:15,26.0,3,bf2ec7342fcd253bfadfe0cb2e896b89e8e17c6c07c7f0f8d7a823878d819359,-88,,3,64,,3
10:07:16,,3,2caef7187d4fad476860f2c12e863a3d24e064e26b9f10f77e946a894053f835,-80,,3,64,,3
10:07:16,,3,7ca255d1af5a43aed5c45a42b1f24ab8c7f1e33687bb3c37486b9872bf9a6147,-95,,3,64,,3
10:07:17,,3,ca2bdf9565d9777a5dfc3ec3217947150e16a5a0f047a31d362c17d23b977bff,-76,,3,64,,3
10:07:18,,3,ca2bdf9565d9777a5dfc3ec3217947150e16a5a0f047a31d362c17d23b977bff,-82,,3,64,,3
10:07:19,,3,2caef7187d4fad476860f2c12e863a3d24e064e26b9f10f77e946a894053f835,-89,,3,64,,3
10:07:20,,3,7ca255d1af5a43aed5c45a42b1f24ab8c7f1e33687bb3c37486b9872bf9a6147,-88,,3,64,,3
10:07:20,26.0,3,2b5b38307355192260909b35bf99d66919da5a554f6879b38b2ca617a378c9ec,-85,,3,64,12.0,3
10:07:21,,3,ca2bdf9565d9777a5dfc3ec3217947150e16a5a0f047a31d362c17d23b977bff,-81,,3,64,,3
10:07:22,,3,ca2bdf9565d9777a5dfc3ec3217947150e16a5a0f047a31d362c17d23b977bff,-81,,3,64,,3
10:07:23,26.0,3,2b5b38307355192260909b35bf99d66919da5a554f6879b38b2ca617a378c9ec,-82,,3,64,12.0,3
10:07:24,26.0,3,49dda582b84532793d9a91417500dfdb53831cc63bcb5b0567fc164a31458184,-90,,3,64,,3
10:07:24,,3,2caef7187d4fad476860f2c12e863a3d24e064e26b9f10f77e946a894053f835,-92,,3,64,,3
10:07:25,,3,ca2bdf9565d9777a5dfc3ec3217947150e16a5a0f047a31d362c17d23b977bff,-78,,3,64,,3
10:07:26,,3,ca2bdf9565d9777a5dfc3ec3217947150e16a5a0f047a31d362c17d23b977bff,-81,,3,64,,3
10:07:27,,3,7ca255d1af5a43aed5c45a42b1f24ab8c7f1e33687bb3c37486b9872bf9a6147,-88,,3,64,,3
10:07:28,,3,2caef7187d4fad476860f2c12e863a3d24e064e26b9f10f77e946a894053f835,-79,,3,64,,3
10:07:29,,3,2caef7187d4fad476860f2c12e863a3d24e064e26b9f10f77e946a894053f835,-88,,3,64,,3
10:07:29,26.0,3,bf2ec7342fcd253bfadfe0cb2e896b89e8e17c6c07c7f0f8d7a823878d819359,-92,,3,64,,3
10:07:30,,3,7ca255d1af5a43aed5c45a42b1f24ab8c7f1e33687bb3c37486b9872bf9a6147,-89,,3,64,,3
10:07:31,26.0,3,87d803749299832219312a2c4003812c204f0277664db84d9d74bb3ee01378de,-91,,3,64,7.0,3
10:07:32,26.0,3,bf2ec7342fcd253bfadfe0cb2e896b89e8e17c6c07c7f0f8d7a823878d819359,-82,,3,64,,3
10:07:33,,3,ca2bdf9565d9777a5dfc3ec3217947150e16a5a0f047a31d362c17d23b977bff,-82,,3,64,,3
10:07:33,26.0,3,2b5b38307355192260909b35bf99d66919da5a554f6879b38b2ca617a378c9ec,-84,,3,64,12.0,3
10:07:34,,3,648187d83f2d958b6b28ac1119741b6edb4ee1af5ee91ea4497d93f9c98561fa,-83,,3,64,,3
10:07:35,,3,7ca255d1af5a43aed5c45a42b1f24ab8c7f1e33687bb3c37486b9872bf9a6147,-90,,3,64,,3
10:07:36,26.0,3,bf2ec7342fcd253bfadfe0cb2e896b89e8e17c6c07c7f0f8d7a823878d819359,-80,,3,64,,3
10:07:37,26.0,3,49dda582b84532793d9a91417500dfdb53831cc63bcb5b0567fc164a31458184,-90,,3,64,,3
10:07:37,,3,2caef7187d4fad476860f2c12e863a3d24e064e26b9f10f77e946a894053f835,-84,,3,64,,3
10:07:38,,3,ca2bdf9565d9777a5dfc3ec3217947150e16a5a0f047a31d362c17d23b977bff,-87,,3,64,,3
10:07:39,,3,ca2bdf9565d9777a5dfc3ec3217947150e16a5a0f047a31d362c17d23b977bff,-73,,3,64,,3
10:07:40,,3,2caef7187d4fad476860f2c12e863a3d24e064e26b9f10f77e946a894053f835,-81,,3,64,,3
10:07:41,,3,ca2bdf9565d9777a5dfc3ec3217947150e16a5a0f047a31d362c17d23b977bff,-74,,3,64,,3
10:07:42,,3,ca2bdf9565d9777a5dfc3ec3217947150e16a5a0f047a31d362c17d23b977bff,-74,,3,64,,3
10:07:42,,3,2caef7187d4fad476860f2c12e863a3d24e064e26b9f10f77e946a894053f835,-81,,3,64,,3
10:07:43,,3,ca2bdf9565d9777a5dfc3ec3217947150e16a5a0f047a31d362c17d23b977bff,-72,,3,64,,3
10:07:44,26.0,3,87d803749299832219312a2c4003812c204f0277664db84d9d74bb3ee01378de,-87,,3,64,7.0,3
10:07:45,26.0,3,bf2ec7342fcd253bfadfe0cb2e896b89e8e17c6c07c7f0f8d7a823878d819359,-83,,3,64,,3
10:07:46,26.0,3,87d803749299832219312a2c4003812c204f0277664db84d9d74bb3ee01378de,-85,,3,64,7.0,3
10:07:46,,3,ca2bdf9565d9777a5dfc3ec3217947150e16a5a0f047a31d362c17d23b977bff,-74,,3,64,,3
10:07:47,26.0,3,bf2ec7342fcd253bfadfe0cb2e896b89e8e17c6c07c7f0f8d7a823878d819359,-85,,3,64,,3
10:07:48,26.0,3,87d803749299832219312a2c4003812c204f0277664db84d9d74bb3ee01378de,-85,,3,64,7.0,3
10:07:49,,3,2caef7187d4fad476860f2c12e863a3d24e064e26b9f10f77e946a894053f835,-88,,3,64,,3
10:07:50,,3,2caef7187d4fad476860f2c12e863a3d24e064e26b9f10f77e946a894053f835,-84,,3,64,,3
10:07:50,26.0,3,bf2ec7342fcd253bfadfe0cb2e896b89e8e17c6c07c7f0f8d7a823878d819359,-89,,3,64,,3
10:07:51,26.0,3,2b5b38307355192260909b35bf99d66919da5a554f6879b38b2ca617a378c9ec,-87,,3,64,12.0,3
10:07:52,,3,ca2bdf9565d9777a5dfc3ec3217947150e16a5a0f047a31d362c17d23b977bff,-71,,3,64,,3
10:07:53,26.0,3,bf2ec7342fcd253bfadfe0cb2e896b89e8e17c6c07c7f0f8d7a823878d819359,-87,,3,64,,3
10:07:54,26.0,3,bf2ec7342fcd253bfadfe0cb2e896b89e8e17c6c07c7f0f8d7a823878d819359,-87,,3,64,,3
10:07:54,,3,9d18801a2bcfb2727ba255a802349be8920dc50c8aee6c358bd0c94501c3cd56,-95,,3,64,,3
10:07:55,,3,ca2bdf9565d9777a5dfc3ec3217947150e16a5a0f047a31d362c17d23b977bff,-77,,3,64,,3
10:07:56,,3,7ca255d1af5a43aed5c45a42b1f24ab8c7f1e33687bb3c37486b9872bf9a6147,-87,,3,64,,3
10:07:57,26.0,3,2b5b38307355192260909b35bf99d66919da5a554f6879b38b2ca617a378c9ec,-80,,3,64,12.0,3
10:07:58,,3,ca2bdf9565d9777a5dfc3ec3217947150e16a5a0f047a31d362c17d23b977bff,-75,,3,64,,3
10:07:59,,3,7ca255d1af5a43aed5c45a42b1f24ab8c7f1e33687bb3c37486b9872bf9a6147,-90,,3,64,,3
10:07:59,26.0,3,80e88c3a37901097dfc7a8514f3d40e89ccbca23728734cf76c636401cc5a54e,-85,,3,64,12.0,3
10:08:00,26.0,3,2122ff4caecdf71846b21c23e8d45e9faf37b9f8f7344fc5b2dc9461c836aa1a,-91,,3,64,7.0,3
10:08:01,,3,ca2bdf9565d9777a5dfc3ec3217947150e16a5a0f047a31d362c17d23b977bff,-75,,3,64,,3
10:08:02,,3,ac5ab666986734b5e9a48ab27b3b0fcaa544814e51ca71f9481c96c18f2466dc,-89,,3,64,,3
10:08:03,,3,ca2bdf9565d9777a5dfc3ec3217947150e16a5a0f047a31d362c17d23b977bff,-76,,3,64,,3
10:08:03,26.0,3,2122ff4caecdf71846b21c23e8d45e9faf37b9f8f7344fc5b2dc9461c836aa1a,-88,,3,64,7.0,3
10:08:04,,3,2caef7187d4fad476860f2c12e863a3d24e064e26b9f10f77e946a894053f835,-89,,3,64,,3
10:08:05,26.0,3,87d803749299832219312a2c4003812c204f0277664db84d9d74bb3ee01378de,-85,,3,64,7.0,3
10:08:06,26.0,3,bf2ec7342fcd253bfadfe0cb2e896b89e8e17c6c07c7f0f8d7a823878d819359,-88,,3,64,,3
10:08:07,26.0,3,2b5b38307355192260909b35bf99d66919da5a554f6879b38b2ca617a378c9ec,-80,,3,64,12.0,3
10:08:07,,3,ca2bdf9565d9777a5dfc3ec3217947150e16a5a0f047a31d362c17d23b977bff,-75,,3,64,,3
10:08:08,26.0,3,252b44797d9ce6c9e33dbbb5f599af8ec0a4e3c2d581f271ef35bb7f94f558e3,-87,,3,64,5.0,3
10:08:09,26.0,3,bf2ec7342fcd253bfadfe0cb2e896b89e8e17c6c07c7f0f8d7a823878d819359,-84,,3,64,,3
10:08:10,26.0,3,bf2ec7342fcd253bfadfe0cb2e896b89e8e17c6c07c7f0f8d7a823878d819359,-84,,3,64,,3
10:08:11,,3,ca2bdf9565d9777a5dfc3ec3217947150e16a5a0f047a31d362c17d23b977bff,-77,,3,64,,3
10:08:11,26.0,3,bf2ec7342fcd253bfadfe0cb2e896b89e8e17c6c07c7f0f8d7a823878d819359,-88,,3,64,,3
10:08:12,,3,648187d83f2d958b6b28ac1119741b6edb4ee1af5ee91ea4497d93f9c98561fa,-86,,3,64,,3
10:08:13,,3,7ca255d1af5a43aed5c45a42b1f24ab8c7f1e33687bb3c37486b9872bf9a6147,-95,,3,64,,3
10:08:14,,3,617d4d4abb6bfe4302112d644908bd72f0ce943b588538c55c3912ed86546365,-82,,3,64,,3
10:08:15,26.0,3,bf2ec7342fcd253bfadfe0cb2e896b89e8e17c6c07c7f0f8d7a823878d819359,-88,,3,64,,3
10:08:16,,3,7ca255d1af5a43aed5c45a42b1f24ab8c7f1e33687bb3c37486b9872bf9a6147,-91,,3,64,,3
10:08:16,26.0,3,80e88c3a37901097dfc7a8514f3d40e89ccbca23728734cf76c636401cc5a54e,-84,,3,64,,3
10:08:17,,3,ca2bdf9565d9777a5dfc3ec3217947150e16a5a0f047a31d362c17d23b977bff,-76,,3,64,,3
10:08:18,,3,ca2bdf9565d9777a5dfc3ec3217947150e16a5a0f047a31d362c17d23b977bff,-71,,3,64,,3
10:08:19,,3,7ca255d1af5a43aed5c45a42b1f24ab8c7f1e33687bb3c37486b9872bf9a6147,-89,,3,64,,3
10:08:20,,3,ca2bdf9565d9777a5dfc3ec3217947150e16a5a0f047a31d362c17d23b977bff,-77,,3,64,,3
10:08:20,,3,ca2bdf9565d9777a5dfc3ec3217947150e16a5a0f047a31d362c17d23b977bff,-71,,3,64,,3
10:08:21,,3,617d4d4abb6bfe4302112d644908bd72f0ce943b588538c55c3912ed86546365,-93,,3,64,,3
10:08:22,,3,617d4d4abb6bfe4302112d644908bd72f0ce943b588538c55c3912ed86546365,-82,,3,64,,3
10:08:23,,3,7ca255d1af5a43aed5c45a42b1f24ab8c7f1e33687bb3c37486b9872bf9a6147,-102,,3,64,,3
10:08:24,,3,ca2bdf9565d9777a5dfc3ec3217947150e16a5a0f047a31d362c17d23b977bff,-75,,3,64,,3
10:08:24,26.0,3,49dda582b84532793d9a91417500dfdb53831cc63bcb5b0567fc164a31458184,-81,,3,64,8.0,3
10:08:25,,3,ca2bdf9565d9777a5dfc3ec3217947150e16a5a0f047a31d362c17d23b977bff,-79,,3,64,,3
10:08:26,,3,ca2bdf9565d9777a5dfc3ec3217947150e16a5a0f047a31d362c17d23b977bff,-82,,3,64,,3
10:08:27,,3,617d4d4abb6bfe4302112d644908bd72f0ce943b588538c55c3912ed86546365,-90,,3,64,,3
10:08:28,,3,ca2bdf9565d9777a5dfc3ec3217947150e16a5a0f047a31d362c17d23b977bff,-72,,3,64,,3
10:08:28,,3,7ca255d1af5a43aed5c45a42b1f24ab8c7f1e33687bb3c37486b9872bf9a6147,-91,,3,64,,3
10:08:29,,3,ca2bdf9565d9777a5dfc3ec3217947150e16a5a0f047a31d362c17d23b977bff,-71,,3,64,,3
10:08:30,,3,ca2bdf9565d9777a5dfc3ec3217947150e16a5a0f047a31d362c17d23b977bff,-74,,3,64,,3
10:08:31,,3,7ca255d1af5a43aed5c45a42b1f24ab8c7f1e33687bb3c37486b9872bf9a6147,-88,,3,64,,3
10:08:32,,3,617d4d4abb6bfe4302112d644908bd72f0ce943b588538c55c3912ed86546365,-81,,3,64,,3
10:08:33,,3,ca2bdf9565d9777a5dfc3ec3217947150e16a5a0f047a31d362c17d23b977bff,-75,,3,64,,3
10:08:33,,3,7ca255d1af5a43aed5c45a42b1f24ab8c7f1e33687bb3c37486b9872bf9a6147,-91,,3,64,,3
10:08:34,,3,7ca255d1af5a43aed5c45a42b1f24ab8c7f1e33687bb3c37486b9872bf9a6147,-86,,3,64,,3
10:08:35,,3,ca2bdf9565d9777a5dfc3ec3217947150e16a5a0f047a31d362c17d23b977bff,-72,,3,64,,3
10:08:36,,3,8199a9205ed6f4909071282464044c1f5763670b66c3375ab20493c93702857f,-74,,3,64,,3
10:08:37,,3,8199a9205ed6f4909071282464044c1f5763670b66c3375ab20493c93702857f,-74,,3,64,,3
10:08:37,26.0,3,2122ff4caecdf71846b21c23e8d45e9faf37b9f8f7344fc5b2dc9461c836aa1a,-90,,3,64,,3
10:08:38,26.0,3,252b44797d9ce6c9e33dbbb5f599af8ec0a4e3c2d581f271ef35bb7f94f558e3,-88,,3,64,5.0,3
10:08:39,26.0,3,49dda582b84532793d9a91417500dfdb53831cc63bcb5b0567fc164a31458184,-85,,3,64,8.0,3
10:08:40,,3,05a3c4e3b806d1ef88520e88a4c3c513f01148c006ad5310789a216e86fa019d,-68,,3,64,,3
10:08:41,,3,7ca255d1af5a43aed5c45a42b1f24ab8c7f1e33687bb3c37486b9872bf9a6147,-86,,3,64,,3
10:08:41,,3,8199a9205ed6f4909071282464044c1f5763670b66c3375ab20493c93702857f,-72,,3,64,,3
10:08:42,26.0,3,2b5b38307355192260909b35bf99d66919da5a554f6879b38b2ca617a378c9ec,-82,,3,64,12.0,3
10:08:43,26.0,3,2122ff4caecdf71846b21c23e8d45e9faf37b9f8f7344fc5b2dc9461c836aa1a,-88,,3,64,7.0,3
10:08:44,,3,8199a9205ed6f4909071282464044c1f5763670b66c3375ab20493c93702857f,-73,,3,64,,3
10:08:45,,3,7ca255d1af5a43aed5c45a42b1f24ab8c7f1e33687bb3c37486b9872bf9a6147,-91,,3,64,,3
10:08:45,,3,8199a9205ed6f4909071282464044c1f5763670b66c3375ab20493c93702857f,-73,,3,64,,3
10:08:46,,3,8199a9205ed6f4909071282464044c1f5763670b66c3375ab20493c93702857f,-75,,3,64,,3
10:08:47,,3,617d4d4abb6bfe4302112d644908bd72f0ce943b588538c55c3912ed86546365,-80,,3,64,,3
10:08:48,,3,7ca255d1af5a43aed5c45a42b1f24ab8c7f1e33687bb3c37486b9872bf9a6147,-87,,3,64,,3
10:08:49,,3,617d4d4abb6bfe4302112d644908bd72f0ce943b588538c55c3912ed86546365,-95,,3,64,,3
10:08:50,,3,8199a9205ed6f4909071282464044c1f5763670b66c3375ab20493c93702857f,-73,,3,64,,3
10:08:50,,3,7ca255d1af5a43aed5c45a42b1f24ab8c7f1e33687bb3c37486b9872bf9a6147,-93,,3,64,,3
10:08:51,26.0,3,e083f8bab27b0441e8da0e618fa8a24c84d85d1793ada50a4058a7da421571b9,-85,,3,64,12.0,3
10:08:52,26.0,3,e083f8bab27b0441e8da0e618fa8a24c84d85d1793ada50a4058a7da421571b9,-82,,3,64,12.0,3
10:08:53,26.0,3,2122ff4caecdf71846b21c23e8d45e9faf37b9f8f7344fc5b2dc9461c836aa1a,-86,,3,64,7.0,3
10:08:54,,3,617d4d4abb6bfe4302112d644908bd72f0ce943b588538c55c3912ed86546365,-79,,3,64,,3
10:08:54,,3,648187d83f2d958b6b28ac1119741b6edb4ee1af5ee91ea4497d93f9c98561fa,-92,,3,64,,3
10:08:55,,3,8199a9205ed6f4909071282464044c1f5763670b66c3375ab20493c93702857f,-73,,3,64,,3
10:08:56,26.0,3,252b44797d9ce6c9e33dbbb5f599af8ec0a4e3c2d581f271ef35bb7f94f558e3,-90,,3,64,5.0,3
10:08:57,26.0,3,87d803749299832219312a2c4003812c204f0277664db84d9d74bb3ee01378de,-88,,3,64,7.0,3
10:08:58,26.0,3,87d803749299832219312a2c4003812c204f0277664db84d9d74bb3ee01378de,-89,,3,64,7.0,3
10:08:58,,3,7ca255d1af5a43aed5c45a42b1f24ab8c7f1e33687bb3c37486b9872bf9a6147,-93,,3,64,,3
10:08:59,,3,8199a9205ed6f4909071282464044c1f5763670b66c3375ab20493c93702857f,-82,,3,64,,3
10:09:00,,3,8199a9205ed6f4909071282464044c1f5763670b66c3375ab20493c93702857f,-83,,3,64,,3
10:09:01,,3,8199a9205ed6f4909071282464044c1f5763670b66c3375ab20493c93702857f,-89,,3,64,,3
10:09:02,,3,8199a9205ed6f4909071282464044c1f5763670b66c3375ab20493c93702857f,-84,,3,64,,3
10:09:02,,3,7ca255d1af5a43aed5c45a42b1f24ab8c7f1e33687bb3c37486b9872bf9a6147,-84,,3,64,,3
10:09:03,,3,617d4d4abb6bfe4302112d644908bd72f0ce943b588538c55c3912ed86546365,-87,,3,64,,3
10:09:04,,3,7ca255d1af5a43aed5c45a42b1f24ab8c7f1e33687bb3c37486b9872bf9a6147,-81,,3,64,,3
10:09:05,,3,8199a9205ed6f4909071282464044c1f5763670b66c3375ab20493c93702857f,-85,,3,64,,3
10:09:06,,3,8199a9205ed6f4909071282464044c1f5763670b66c3375ab20493c93702857f,-82,,3,64,,3
10:09:07,,3,7ca255d1af5a43aed5c45a42b1f24ab8c7f1e33687bb3c37486b9872bf9a6147,-82,,3,64,,3
10:09:07,26.0,3,49dda582b84532793d9a91417500dfdb53831cc63bcb5b0567fc164a31458184,-86,,3,64,8.0,3
10:09:08,,3,7ca255d1af5a43aed5c45a42b1f24ab8c7f1e33687bb3c37486b9872bf9a6147,-83,,3,64,,3
10:09:09,,3,617d4d4abb6bfe4302112d644908bd72f0ce943b588538c55c3912ed86546365,-78,,3,64,,3
10:09:10,,3,7ca255d1af5a43aed5c45a42b1f24ab8c7f1e33687bb3c37486b9872bf9a6147,-87,,3,64,,3
10:09:11,,3,7ca255d1af5a43aed5c45a42b1f24ab8c7f1e33687bb3c37486b9872bf9a6147,-85,,3,64,,3
10:09:11,26.0,3,2122ff4caecdf71846b21c23e8d45e9faf37b9f8f7344fc5b2dc9461c836aa1a,-87,,3,64,7.0,3
10:09:12,,3,7ca255d1af5a43aed5c45a42b1f24ab8c7f1e33687bb3c37486b9872bf9a6147,-82,,3,64,,3
10:09:13,,3,617d4d4abb6bfe4302112d644908bd72f0ce943b588538c55c3912ed86546365,-82,,3,64,,3
10:09:14,26.0,3,e083f8bab27b0441e8da0e618fa8a24c84d85d1793ada50a4058a7da421571b9,-91,,3,64,12.0,3
10:09:15,,3,8199a9205ed6f4909071282464044c1f5763670b66c3375ab20493c93702857f,-86,,3,64,,3
10:09:15,,3,8199a9205ed6f4909071282464044c1f5763670b66c3375ab20493c93702857f,-86,,3,64,,3
10:09:16,,3,7ca255d1af5a43aed5c45a42b1f24ab8c7f1e33687bb3c37486b9872bf9a6147,-92,,3,64,,3
10:09:17,,3,7ca255d1af5a43aed5c45a42b1f24ab8c7f1e33687bb3c37486b9872bf9a6147,-95,,3,64,,3
10:09:18,,3,ac5ab666986734b5e9a48ab27b3b0fcaa544814e51ca71f9481c96c18f2466dc,-85,,3,64,,3
10:09:19,,3,8199a9205ed6f4909071282464044c1f5763670b66c3375ab20493c93702857f,-77,,3,64,,3
10:09:19,,3,617d4d4abb6bfe4302112d644908bd72f0ce943b588538c55c3912ed86546365,-91,,3,64,,3
10:09:20,26.0,3,49dda582b84532793d9a91417500dfdb53831cc63bcb5b0567fc164a31458184,-85,,3,64,8.0,3
10:09:21,26.0,3,2122ff4caecdf71846b21c23e8d45e9faf37b9f8f7344fc5b2dc9461c836aa1a,-85,,3,64,7.0,3
10:09:22,,3,617d4d4abb6bfe4302112d644908bd72f0ce943b588538c55c3912ed86546365,-91,,3,64,,3
10:09:23,,3,8199a9205ed6f4909071282464044c1f5763670b66c3375ab20493c93702857f,-78,,3,64,,3
10:09:24,,3,8199a9205ed6f4909071282464044c1f5763670b66c3375ab20493c93702857f,-77,,3,64,,3
10:09:24,26.0,3,2122ff4caecdf71846b21c23e8d45e9faf37b9f8f7344fc5b2dc9461c836aa1a,-87,,3,64,7.0,3
10:09:25,,3,617d4d4abb6bfe4302112d644908bd72f0ce943b588538c55c3912ed86546365,-77,,3,64,,3
10:09:26,,3,fda3deb6faa3ff733d8d1f90c03df9abed7b8ab2ffa64f0216692409024d44c2,-87,,3,64,,3
10:09:27,,3,8199a9205ed6f4909071282464044c1f5763670b66c3375ab20493c93702857f,-80,,3,64,,3
10:09:28,,3,8199a9205ed6f4909071282464044c1f5763670b66c3375ab20493c93702857f,-79,,3,64,,3
10:09:28,,3,7ca255d1af5a43aed5c45a42b1f24ab8c7f1e33687bb3c37486b9872bf9a6147,-85,,3,64,,3
10:09:29,,3,05a3c4e3b806d1ef88520e88a4c3c513f01148c006ad5310789a216e86fa019d,-76,,3,64,,3
10:09:30,26.0,3,e083f8bab27b0441e8da0e618fa8a24c84d85d1793ada50a4058a7da421571b9,-84,,3,64,12.0,3
10:09:31,,3,617d4d4abb6bfe4302112d644908bd72f0ce943b588538c55c3912ed86546365,-76,,3,64,,3
10:09:32,26.0,3,e083f8bab27b0441e8da0e618fa8a24c84d85d1793ada50a4058a7da421571b9,-84,,3,64,12.0,3
10:09:32,,3,617d4d4abb6bfe4302112d644908bd72f0ce943b588538c55c3912ed86546365,-89,,3,64,,3
10:09:33,,3,05a3c4e3b806d1ef88520e88a4c3c513f01148c006ad5310789a216e86fa019d,-75,,3,64,,3
10:09:34,,3,8199a9205ed6f4909071282464044c1f5763670b66c3375ab20493c93702857f,-93,,3,64,,3
10:09:35,,3,7ca255d1af5a43aed5c45a42b1f24ab8c7f1e33687bb3c37486b9872bf9a6147,-91,,3,64,,3
10:09:36,,3,7ca255d1af5a43aed5c45a42b1f24ab8c7f1e33687bb3c37486b9872bf9a6147,-90,,3,64,,3
10:09:37,,3,617d4d4abb6bfe4302112d644908bd72f0ce943b588538c55c3912ed86546365,-89,,3,64,,3
10:09:37,,3,8ba34c63928d0105b2ee7fb03d32a9437e8555b0c642805802ad56ee7254517e,-83,,3,64,,3
10:09:38,,3,7ca255d1af5a43aed5c45a42b1f24ab8c7f1e33687bb3c37486b9872bf9a6147,-91,,3,64,,3
10:09:39,26.0,3,49dda582b84532793d9a91417500dfdb53831cc63bcb5b0567fc164a31458184,-85,,3,64,8.0,3
10:09:40,26.0,3,252b44797d9ce6c9e33dbbb5f599af8ec0a4e3c2d581f271ef35bb7f94f558e3,-88,,3,64,5.0,3
10:09:41,,3,617d4d4abb6bfe4302112d644908bd72f0ce943b588538c55c3912ed86546365,-77,,3,64,,3
10:09:41,,3,8199a9205ed6f4909071282464044c1f5763670b66c3375ab20493c93702857f,-74,,3,64,,3
10:09:42,,3,617d4d4abb6bfe4302112d644908bd72f0ce943b588538c55c3912ed86546365,-88,,3,64,,3
10:09:43,,3,617d4d4abb6bfe4302112d644908bd72f0ce943b588538c55c3912ed86546365,-77,,3,64,,3
10:09:44,,3,1546127d5329088c22c393151751b3cf341f8b8e7fdaee01c5e2e86f06510886,-88,,3,64,,3
10:09:45,,3,8199a9205ed6f4909071282464044c1f5763670b66c3375ab20493c93702857f,-85,,3,64,,3
10:09:45,,3,8199a9205ed6f4909071282464044c1f5763670b66c3375ab20493c93702857f,-73,,3,64,,3
10:09:46,26.0,3,252b44797d9ce6c9e33dbbb5f599af8ec0a4e3c2d581f271ef35bb7f94f558e3,-89,,3,64,5.0,3
10:09:47,,3,617d4d4abb6bfe4302112d644908bd72f0ce943b588538c55c3912ed86546365,-78,,3,64,,3
10:09:48,,3,617d4d4abb6bfe4302112d644908bd72f0ce943b588538c55c3912ed86546365,-90,,3,64,,3
10:09:49,,3,8199a9205ed6f4909071282464044c1f5763670b66c3375ab20493c93702857f,-75,,3,64,,3
10:09:49,26.0,3,49dda582b84532793d9a91417500dfdb53831cc63bcb5b0567fc164a31458184,-84,,3,64,8.0,3
10:09:50,,3,617d4d4abb6bfe4302112d644908bd72f0ce943b588538c55c3912ed86546365,-88,,3,64,,3
10:09:51,,3,8199a9205ed6f4909071282464044c1f5763670b66c3375ab20493c93702857f,-77,,3,64,,3
10:09:52,26.0,3,87d803749299832219312a2c4003812c204f0277664db84d9d74bb3ee01378de,-87,,3,64,7.0,3
10:09:53,,3,8199a9205ed6f4909071282464044c1f5763670b66c3375ab20493c93702857f,-79,,3,64,,3
10:09:54,26.0,3,252b44797d9ce6c9e33dbbb5f599af8ec0a4e3c2d581f271ef35bb7f94f558e3,-91,,3,64,5.0,3
10:09:54,,3,8199a9205ed6f4909071282464044c1f5763670b66c3375ab20493c93702857f,-79,,3,64,,3
10:09:55,,3,617d4d4abb6bfe4302112d644908bd72f0ce943b588538c55c3912ed86546365,-79,,3,64,,3
10:09:56,,3,ac5ab666986734b5e9a48ab27b3b0fcaa544814e51ca71f9481c96c18f2466dc,-84,,3,64,,3
10:09:57,,3,1546127d5329088c22c393151751b3cf341f8b8e7fdaee01c5e2e86f06510886,-89,,3,64,,3
10:09:58,,3,617d4d4abb6bfe4302112d644908bd72f0ce943b588538c55c3912ed86546365,-79,,3,64,,3
10:09:58,,3,8199a9205ed6f4909071282464044c1f5763670b66c3375ab20493c93702857f,-73,,3,64,,3
10:09:59,26.0,3,6809d18d22c2f2801ad64b06ab9a26f63a0cbff5e029b022cadb039c94155ce8,-81,,3,64,8.0,3
10:10:00,,3,ac5ab666986734b5e9a48ab27b3b0fcaa544814e51ca71f9481c96c18f2466dc,-82,,3,64,,3
10:10:01,26.0,3,6809d18d22c2f2801ad64b06ab9a26f63a0cbff5e029b022cadb039c94155ce8,-80,,3,64,8.0,3
10:10:02,,3,8199a9205ed6f4909071282464044c1f5763670b66c3375ab20493c93702857f,-76,,3,64,,3
10:10:02,26.0,3,2122ff4caecdf71846b21c23e8d45e9faf37b9f8f7344fc5b2dc9461c836aa1a,-82,,3,64,7.0,3
10:10:03,,3,8199a9205ed6f4909071282464044c1f5763670b66c3375ab20493c93702857f,-74,,3,64,,3
10:10:04,,3,617d4d4abb6bfe4302112d644908bd72f0ce943b588538c55c3912ed86546365,-89,,3,64,,3
10:10:05,,3,617d4d4abb6bfe4302112d644908bd72f0ce943b588538c55c3912ed86546365,-79,,3,64,,3
10:10:06,,3,1546127d5329088c22c393151751b3cf341f8b8e7fdaee01c5e2e86f06510886,-92,,3,64,,3
10:10:06,,3,1546127d5329088c22c393151751b3cf341f8b8e7fdaee01c5e2e86f06510886,-93,,3,64,,3
10:10:07,,3,05a3c4e3b806d1ef88520e88a4c3c513f01148c006ad5310789a216e86fa019d,-66,,3,64,,3
10:10:08,26.0,3,2122ff4caecdf71846b21c23e8d45e9faf37b9f8f7344fc5b2dc9461c836aa1a,-83,,3,64,7.0,3
10:10:09,,3,8ba34c63928d0105b2ee7fb03d32a9437e8555b0c642805802ad56ee7254517e,-87,,3,64,,3
10:10:10,,3,8199a9205ed6f4909071282464044c1f5763670b66c3375ab20493c93702857f,-84,,3,64,,3
10:10:11,,3,8199a9205ed6f4909071282464044c1f5763670b66c3375ab20493c93702857f,-75,,3,64,,3
10:10:11,,3,1546127d5329088c22c393151751b3cf341f8b8e7fdaee01c5e2e86f06510886,-94,,3,64,,3
10:10:12,26.0,3,87d803749299832219312a2c4003812c204f0277664db84d9d74bb3ee01378de,-83,,3,64,7.0,3
10:10:13,,3,8199a9205ed6f4909071282464044c1f5763670b66c3375ab20493c93702857f,-85,,3,64,,3
10:10:14,26.0,3,6809d18d22c2f2801ad64b06ab9a26f63a0cbff5e029b022cadb039c94155ce8,-82,,3,64,8.0,3
10:10:15,,3,617d4d4abb6bfe4302112d644908bd72f0ce943b588538c55c3912ed86546365,-89,,3,64,,3
10:10:15,26.0,3,6809d18d22c2f2801ad64b06ab9a26f63a0cbff5e029b022cadb039c94155ce8,-82,,3,64,8.0,3
10:10:16,26.0,3,e083f8bab27b0441e8da0e618fa8a24c84d85d1793ada50a4058a7da421571b9,-92,,3,64,,3
10:10:17,26.0,3,6809d18d22c2f2801ad64b06ab9a26f63a0cbff5e029b022cadb039c94155ce8,-82,,3,64,8.0,3
10:10:18,,3,617d4d4abb6bfe4302112d644908bd72f0ce943b588538c55c3912ed86546365,-96,,3,64,,3
10:10:19,,3,617d4d4abb6bfe4302112d644908bd72f0ce943b588538c55c3912ed86546365,-82,,3,64,,3
10:10:19,26.0,3,252b44797d9ce6c9e33dbbb5f599af8ec0a4e3c2d581f271ef35bb7f94f558e3,-87,,3,64,5.0,3
10:10:20,,3,617d4d4abb6bfe4302112d644908bd72f0ce943b588538c55c3912ed86546365,-91,,3,64,,3
10:10:21,,3,617d4d4abb6bfe4302112d644908bd72f0ce943b588538c55c3912ed86546365,-79,,3,64,,3
10:10:22,,3,8199a9205ed6f4909071282464044c1f5763670b66c3375ab20493c93702857f,-79,,3,64,,3
10:10:23,,3,8199a9205ed6f4909071282464044c1f5763670b66c3375ab20493c93702857f,-75,,3,64,,3
10:10:24,,3,617d4d4abb6bfe4302112d644908bd72f0ce943b588538c55c3912ed86546365,-79,,3,64,,3
10:10:24,26.0,3,252b44797d9ce6c9e33dbbb5f599af8ec0a4e3c2d581f271ef35bb7f94f558e3,-87,,3,64,5.0,3
10:10:25,,3,8199a9205ed6f4909071282464044c1f5763670b66c3375ab20493c93702857f,-78,,3,64,,3
10:10:26,26.0,3,e083f8bab27b0441e8da0e618fa8a24c84d85d1793ada50a4058a7da421571b9,-83,,3,64,,3
10:10:27,,3,8199a9205ed6f4909071282464044c1f5763670b66c3375ab20493c93702857f,-83,,3,64,,3
10:10:28,,3,1546127d5329088c22c393151751b3cf341f8b8e7fdaee01c5e2e86f06510886,-94,,3,64,,3
10:10:29,,3,617d4d4abb6bfe4302112d644908bd72f0ce943b588538c55c3912ed86546365,-91,,3,64,,3
10:10:29,,3,8199a9205ed6f4909071282464044c1f5763670b66c3375ab20493c93702857f,-92,,3,64,,3
10:10:30,26.0,3,2122ff4caecdf71846b21c23e8d45e9faf37b9f8f7344fc5b2dc9461c836aa1a,-87,,3,64,7.0,3
10:10:31,26.0,3,6809d18d22c2f2801ad64b06ab9a26f63a0cbff5e029b022cadb039c94155ce8,-85,,3,64,8.0,3
10:10:32,26.0,3,2122ff4caecdf71846b21c23e8d45e9faf37b9f8f7344fc5b2dc9461c836aa1a,-87,,3,64,7.0,3
10:10:33,,3,617d4d4abb6bfe4302112d644908bd72f0ce943b588538c55c3912ed86546365,-91,,3,64,,3
10:10:33,,3,8199a9205ed6f4909071282464044c1f5763670b66c3375ab20493c93702857f,-78,,3,64,,3
10:10:34,26.0,3,e083f8bab27b0441e8da0e618fa8a24c84d85d1793ada50a4058a7da421571b9,-88,,3,64,,3
10:10:35,26.0,3,e083f8bab27b0441e8da0e618fa8a24c84d85d1793ada50a4058a7da421571b9,-86,,3,64,,3
10:10:36,,3,8199a9205ed6f4909071282464044c1f5763670b66c3375ab20493c93702857f,-89,,3,64,,3
10:10:37,,3,1546127d5329088c22c393151751b3cf341f8b8e7fdaee01c5e2e86f06510886,-89,,3,64,,3
10:10:37,26.0,3,2122ff4caecdf71846b21c23e8d45e9faf37b9f8f7344fc5b2dc9461c836aa1a,-89,,3,64,,3
10:10:38,,3,8199a9205ed6f4909071282464044c1f5763670b66c3375ab20493c93702857f,-91,,3,64,,3
10:10:39,,3,8199a9205ed6f4909071282464044c1f5763670b66c3375ab20493c93702857f,-83,,3,64,,3
10:10:40,,3,8199a9205ed6f4909071282464044c1f5763670b66c3375ab20493c93702857f,-82,,3,64,,3
10:10:41,26.0,3,2122ff4caecdf71846b21c23e8d45e9faf37b9f8f7344fc5b2dc9461c836aa1a,-87,,3,64,,3
10:10:42,,3,8199a9205ed6f4909071282464044c1f5763670b66c3375ab20493c93702857f,-82,,3,64,,3
10:10:42,,3,1546127d5329088c22c393151751b3cf341f8b8e7fdaee01c5e2e86f06510886,-92,,3,64,,3
10:10:43,,3,617d4d4abb6bfe4302112d644908bd72f0ce943b588538c55c3912ed86546365,-95,,3,64,,3
10:10:44,,3,8199a9205ed6f4909071282464044c1f5763670b66c3375ab20493c93702857f,-86,,3,64,,3
10:10:45,,3,1546127d5329088c22c393151751b3cf341f8b8e7fdaee01c5e2e86f06510886,-91,,3,64,,3
10:10:46,26.0,3,87d803749299832219312a2c4003812c204f0277664db84d9d74bb3ee01378de,-87,,3,64,7.0,3
10:10:46,26.0,3,e083f8bab27b0441e8da0e618fa8a24c84d85d1793ada50a4058a7da421571b9,-89,,3,64,12.0,3
10:10:47,,3,617d4d4abb6bfe4302112d644908bd72f0ce943b588538c55c3912ed86546365,-88,,3,64,,3
10:10:48,26.0,3,2122ff4caecdf71846b21c23e8d45e9faf37b9f8f7344fc5b2dc9461c836aa1a,-89,,3,64,7.0,3
10:10:49,,3,8199a9205ed6f4909071282464044c1f5763670b66c3375ab20493c93702857f,-85,,3,64,,3
10:10:50,26.0,3,252b44797d9ce6c9e33dbbb5f599af8ec0a4e3c2d581f271ef35bb7f94f558e3,-86,,3,64,5.0,3
10:10:50,,3,8199a9205ed6f4909071282464044c1f5763670b66c3375ab20493c93702857f,-84,,3,64,,3
10:10:51,6.0,3,d1de0ddb51e6fdcb1eeb0a80d815c6b9a0c610ff82e78b630f80a717ef6f14a5,-95,Cb40,3,64,,3
10:10:52,,3,1546127d5329088c22c393151751b3cf341f8b8e7fdaee01c5e2e86f06510886,-92,,3,64,,3
10:10:53,26.0,3,6809d18d22c2f2801ad64b06ab9a26f63a0cbff5e029b022cadb039c94155ce8,-90,,3,64,8.0,3
10:10:54,26.0,3,6809d18d22c2f2801ad64b06ab9a26f63a0cbff5e029b022cadb039c94155ce8,-89,,3,64,8.0,3
10:10:54,,3,8199a9205ed6f4909071282464044c1f5763670b66c3375ab20493c93702857f,-82,,3,64,,3
10:10:55,,3,8199a9205ed6f4909071282464044c1f5763670b66c3375ab20493c93702857f,-73,,3,64,,3
10:10:56,,3,8199a9205ed6f4909071282464044c1f5763670b66c3375ab20493c93702857f,-75,,3,64,,3
10:10:57,,3,8199a9205ed6f4909071282464044c1f5763670b66c3375ab20493c93702857f,-84,,3,64,,3
10:10:58,26.0,3,252b44797d9ce6c9e33dbbb5f599af8ec0a4e3c2d581f271ef35bb7f94f558e3,-85,,3,64,5.0,3
10:10:58,26.0,3,6809d18d22c2f2801ad64b06ab9a26f63a0cbff5e029b022cadb039c94155ce8,-87,,3,64,8.0,3
10:10:59,,3,05a3c4e3b806d1ef88520e88a4c3c513f01148c006ad5310789a216e86fa019d,-62,,3,64,,3
10:11:00,,3,1546127d5329088c22c393151751b3cf341f8b8e7fdaee01c5e2e86f06510886,-97,,3,64,,3
10:11:01,26.0,3,252b44797d9ce6c9e33dbbb5f599af8ec0a4e3c2d581f271ef35bb7f94f558e3,-84,,3,64,5.0,3
10:11:02,,3,8199a9205ed6f4909071282464044c1f5763670b66c3375ab20493c93702857f,-84,,3,64,,3
10:11:03,26.0,3,6809d18d22c2f2801ad64b06ab9a26f63a0cbff5e029b022cadb039c94155ce8,-85,,3,64,8.0,3
10:11:03,,3,8199a9205ed6f4909071282464044c1f5763670b66c3375ab20493c93702857f,-83,,3,64,,3
10:11:04,,3,ac5ab666986734b5e9a48ab27b3b0fcaa544814e51ca71f9481c96c18f2466dc,-84,,3,64,,3
10:11:05,,3,1546127d5329088c22c393151751b3cf341f8b8e7fdaee01c5e2e86f06510886,-96,,3,64,,3
10:11:06,26.0,3,6809d18d22c2f2801ad64b06ab9a26f63a0cbff5e029b022cadb039c94155ce8,-92,,3,64,8.0,3
10:11:07,,3,8199a9205ed6f4909071282464044c1f5763670b66c3375ab20493c93702857f,-72,,3,64,,3
10:11:07,,3,8199a9205ed6f4909071282464044c1f5763670b66c3375ab20493c93702857f,-72,,3,64,,3
10:11:08,,3,617d4d4abb6bfe4302112d644908bd72f0ce943b588538c55c3912ed86546365,-87,,3,64,,3
10:11:09,,3,8199a9205ed6f4909071282464044c1f5763670b66c3375ab20493c93702857f,-74,,3,64,,3
10:11:10,,3,8199a9205ed6f4909071282464044c1f5763670b66c3375ab20493c93702857f,-81,,3,64,,3
10:11:11,,3,617d4d4abb6bfe4302112d644908bd72f0ce943b588538c55c3912ed86546365,-85,,3,64,,3
10:11:11,,3,617d4d4abb6bfe4302112d644908bd72f0ce943b588538c55c3912ed86546365,-88,,3,64,,3
10:11:12,,3,617d4d4abb6bfe4302112d644908bd72f0ce943b588538c55c3912ed86546365,-88,,3,64,,3
10:11:13,,3,8199a9205ed6f4909071282464044c1f5763670b66c3375ab20493c93702857f,-80,,3,64,,3
10:11:14,,3,617d4d4abb6bfe4302112d644908bd72f0ce943b588538c55c3912ed86546365,-88,,3,64,,3
10:11:15,,3,8199a9205ed6f4909071282464044c1f5763670b66c3375ab20493c93702857f,-82,,3,64,,3
10:11:16,,3,1546127d5329088c22c393151751b3cf341f8b8e7fdaee01c5e2e86f06510886,-92,,3,64,,3
10:11:16,,3,617d4d4abb6bfe4302112d644908bd72f0ce943b588538c55c3912ed86546365,-88,,3,64,,3
10:11:17,,3,8199a9205ed6f4909071282464044c1f5763670b66c3375ab20493c93702857f,-80,,3,64,,3
10:11:18,,3,617d4d4abb6bfe4302112d644908bd72f0ce943b588538c55c3912ed86546365,-86,,3,64,,3
10:11:19,26.0,3,e083f8bab27b0441e8da0e618fa8a24c84d85d1793ada50a4058a7da421571b9,-94,,3,64,12.0,3
10:11:20,,3,8199a9205ed6f4909071282464044c1f5763670b66c3375ab20493c93702857f,-85,,3,64,,3
10:11:20,26.0,3,6809d18d22c2f2801ad64b06ab9a26f63a0cbff5e029b022cadb039c94155ce8,-92,,3,64,8.0,3
10:11:21,,3,8199a9205ed6f4909071282464044c1f5763670b66c3375ab20493c93702857f,-78,,3,64,,3
10:11:22,,3,8199a9205ed6f4909071282464044c1f5763670b66c3375ab20493c93702857f,-91,,3,64,,3
10:11:23,,3,617d4d4abb6bfe4302112d644908bd72f0ce943b588538c55c3912ed86546365,-86,,3,64,,3
10:11:24,,3,8199a9205ed6f4909071282464044c1f5763670b66c3375ab20493c93702857f,-73,,3,64,,3
10:11:24,,3,8199a9205ed6f4909071282464044c1f5763670b66c3375ab20493c93702857f,-75,,3,64,,3
10:11:25,,3,617d4d4abb6bfe4302112d644908bd72f0ce943b588538c55c3912ed86546365,-86,,3,64,,3
10:11:26,,3,8199a9205ed6f4909071282464044c1f5763670b66c3375ab20493c93702857f,-76,,3,64,,3
10:11:27,,3,8199a9205ed6f4909071282464044c1f5763670b66c3375ab20493c93702857f,-77,,3,64,,3
10:11:28,,3,8199a9205ed6f4909071282464044c1f5763670b66c3375ab20493c93702857f,-78,,3,64,,3
10:11:28,,3,617d4d4abb6bfe4302112d644908bd72f0ce943b588538c55c3912ed86546365,-88,,3,64,,3
10:11:29,,3,8199a9205ed6f4909071282464044c1f5763670b66c3375ab20493c93702857f,-76,,3,64,,3
10:11:30,,3,8199a9205ed6f4909071282464044c1f5763670b66c3375ab20493c93702857f,-78,,3,64,,3
10:11:31,,3,617d4d4abb6bfe4302112d644908bd72f0ce943b588538c55c3912ed86546365,-91,,3,64,,3
10:11:32,,3,1546127d5329088c22c393151751b3cf341f8b8e7fdaee01c5e2e86f06510886,-91,,3,64,,3
10:11:33,,3,8199a9205ed6f4909071282464044c1f5763670b66c3375ab20493c93702857f,-75,,3,64,,3
10:11:33,,3,8199a9205ed6f4909071282464044c1f5763670b66c3375ab20493c93702857f,-76,,3,64,,3
10:11:34,,3,0a976ade4cd22ce4a0a089f62508b9fc49bba9930da649bfa2b9d4347ff8dd0b,-86,,3,64,,3
10:11:35,,3,8199a9205ed6f4909071282464044c1f5763670b66c3375ab20493c93702857f,-76,,3,64,,3
10:11:36,,3,617d4d4abb6bfe4302112d644908bd72f0ce943b588538c55c3912ed86546365,-80,,3,64,,3
10:11:37,,3,617d4d4abb6bfe4302112d644908bd72f0ce943b588538c55c3912ed86546365,-80,,3,64,,3
10:11:37,,3,8199a9205ed6f4909071282464044c1f5763670b66c3375ab20493c93702857f,-75,,3,64,,3
10:11:38,,3,ac5ab666986734b5e9a48ab27b3b0fcaa544814e51ca71f9481c96c18f2466dc,-84,,3,64,,3
10:11:39,,3,8199a9205ed6f4909071282464044c1f5763670b66c3375ab20493c93702857f,-75,,3,64,,3
10:11:40,,3,617d4d4abb6bfe4302112d644908bd72f0ce943b588538c55c3912ed86546365,-97,,3,64,,3
10:11:41,,3,617d4d4abb6bfe4302112d644908bd72f0ce943b588538c55c3912ed86546365,-81,,3,64,,3
10:11:41,,3,1546127d5329088c22c393151751b3cf341f8b8e7fdaee01c5e2e86f06510886,-92,,3,64,,3
10:11:42,,3,8199a9205ed6f4909071282464044c1f5763670b66c3375ab20493c93702857f,-77,,3,64,,3
10:11:43,,3,1546127d5329088c22c393151751b3cf341f8b8e7fdaee01c5e2e86f06510886,-93,,3,64,,3
10:11:44,,3,1546127d5329088c22c393151751b3cf341f8b8e7fdaee01c5e2e86f06510886,-94,,3,64,,3
10:11:45,,3,8199a9205ed6f4909071282464044c1f5763670b66c3375ab20493c93702857f,-78,,3,64,,3
10:11:45,,3,617d4d4abb6bfe4302112d644908bd72f0ce943b588538c55c3912ed86546365,-95,,3,64,,3
10:11:46,,3,617d4d4abb6bfe4302112d644908bd72f0ce943b588538c55c3912ed86546365,-80,,3,64,,3
10:11:47,,3,d8617a80beeb926f0297038fea6339fa353c6ee8ab44cac19c9c48a840a5eee8,-98,,3,64,,3
10:11:48,,3,1546127d5329088c22c393151751b3cf341f8b8e7fdaee01c5e2e86f06510886,-93,,3,64,,3
10:11:49,,3,8199a9205ed6f4909071282464044c1f5763670b66c3375ab20493c93702857f,-81,,3,64,,3
10:11:49,,3,1546127d5329088c22c393151751b3cf341f8b8e7fdaee01c5e2e86f06510886,-96,,3,64,,3
10:11:50,,3,8199a9205ed6f4909071282464044c1f5763670b66c3375ab20493c93702857f,-88,,3,64,,3
10:11:51,26.0,3,252b44797d9ce6c9e33dbbb5f599af8ec0a4e3c2d581f271ef35bb7f94f558e3,-84,,3,64,5.0,3
10:11:52,,3,1546127d5329088c22c393151751b3cf341f8b8e7fdaee01c5e2e86f06510886,-92,,3,64,,3
10:11:53,26.0,3,252b44797d9ce6c9e33dbbb5f599af8ec0a4e3c2d581f271ef35bb7f94f558e3,-85,,3,64,5.0,3
10:11:54,,3,1546127d5329088c22c393151751b3cf341f8b8e7fdaee01c5e2e86f06510886,-88,,3,64,,3
10:11:54,,3,8199a9205ed6f4909071282464044c1f5763670b66c3375ab20493c93702857f,-87,,3,64,,3
10:11:55,,3,8ba34c63928d0105b2ee7fb03d32a9437e8555b0c642805802ad56ee7254517e,-90,,3,64,,3
10:11:56,,3,8199a9205ed6f4909071282464044c1f5763670b66c3375ab20493c93702857f,-81,,3,64,,3
10:11:57,,3,8199a9205ed6f4909071282464044c1f5763670b66c3375ab20493c93702857f,-77,,3,64,,3
10:11:58,26.0,3,6809d18d22c2f2801ad64b06ab9a26f63a0cbff5e029b022cadb039c94155ce8,-82,,3,64,8.0,3
10:11:58,,3,8199a9205ed6f4909071282464044c1f5763670b66c3375ab20493c93702857f,-79,,3,64,,3
10:11:59,,3,8ba34c63928d0105b2ee7fb03d32a9437e8555b0c642805802ad56ee7254517e,-93,,3,64,,3
10:12:00,,3,617d4d4abb6bfe4302112d644908bd72f0ce943b588538c55c3912ed86546365,-84,,3,64,,3
10:12:01,,3,d8617a80beeb926f0297038fea6339fa353c6ee8ab44cac19c9c48a840a5eee8,-92,,3,64,,3
10:12:02,,3,617d4d4abb6bfe4302112d644908bd72f0ce943b588538c55c3912ed86546365,-86,,3,64,,3
10:12:02,,3,617d4d4abb6bfe4302112d644908bd72f0ce943b588538c55c3912ed86546365,-84,,3,64,,3
10:12:03,,3,8199a9205ed6f4909071282464044c1f5763670b66c3375ab20493c93702857f,-85,,3,64,,3
10:12:04,26.0,3,87d803749299832219312a2c4003812c204f0277664db84d9d74bb3ee01378de,-89,,3,64,7.0,3
10:12:05,26.0,3,252b44797d9ce6c9e33dbbb5f599af8ec0a4e3c2d581f271ef35bb7f94f558e3,-92,,3,64,5.0,3
10:12:06,,3,8199a9205ed6f4909071282464044c1f5763670b66c3375ab20493c93702857f,-79,,3,64,,3
10:12:07,26.0,3,252b44797d9ce6c9e33dbbb5f599af8ec0a4e3c2d581f271ef35bb7f94f558e3,-92,,3,64,5.0,3
10:12:07,,3,1546127d5329088c22c393151751b3cf341f8b8e7fdaee01c5e2e86f06510886,-94,,3,64,,3
10:12:08,,3,8199a9205ed6f4909071282464044c1f5763670b66c3375ab20493c93702857f,-81,,3,64,,3
10:12:09,,3,617d4d4abb6bfe4302112d644908bd72f0ce943b588538c55c3912ed86546365,-87,,3,64,,3
10:12:10,,3,8199a9205ed6f4909071282464044c1f5763670b66c3375ab20493c93702857f,-80,,3,64,,3
10:12:11,,3,8199a9205ed6f4909071282464044c1f5763670b66c3375ab20493c93702857f,-79,,3,64,,3
10:12:11,,3,8199a9205ed6f4909071282464044c1f5763670b66c3375ab20493c93702857f,-80,,3,64,,3
10:12:12,,3,05a3c4e3b806d1ef88520e88a4c3c513f01148c006ad5310789a216e86fa019d,-75,,3,64,,3
10:12:13,26.0,3,87d803749299832219312a2c4003812c204f0277664db84d9d74bb3ee01378de,-90,,3,64,7.0,3
10:12:14,,3,8199a9205ed6f4909071282464044c1f5763670b66c3375ab20493c93702857f,-84,,3,64,,3
10:12:14,26.0,3,2fd2c2a28be46effe415a229fd034bf8d4a34026be59d86a1b42f8694539f5e4,-87,,3,64,,3
10:12:15,26.0,3,38b2c23b66e0f81f51ba4f6d963277b3760a8f2a1a60f9453eec5d551c12d721,-73,,3,64,12.0,3
10:12:16,26.0,3,87d803749299832219312a2c4003812c204f0277664db84d9d74bb3ee01378de,-90,,3,64,7.0,3
10:12:17,26.0,3,252b44797d9ce6c9e33dbbb5f599af8ec0a4e3c2d581f271ef35bb7f94f558e3,-90,,3,64,5.0,3
10:12:18,26.0,3,6809d18d22c2f2801ad64b06ab9a26f63a0cbff5e029b022cadb039c94155ce8,-85,,3,64,8.0,3
10:12:19,,3,d8617a80beeb926f0297038fea6339fa353c6ee8ab44cac19c9c48a840a5eee8,-93,,3,64,,3
10:12:19,26.0,3,f59be8bd0b3c2d539c8e0cde8e14de99a1226fae23e670be0b4d2f7cc8586197,-87,,3,64,,3
10:12:20,26.0,3,2122ff4caecdf71846b21c23e8d45e9faf37b9f8f7344fc5b2dc9461c836aa1a,-85,,3,64,7.0,3
10:12:21,,3,617d4d4abb6bfe4302112d644908bd72f0ce943b588538c55c3912ed86546365,-88,,3,64,,3
10:12:22,,3,8199a9205ed6f4909071282464044c1f5763670b66c3375ab20493c93702857f,-82,,3,64,,3
10:12:23,26.0,3,f59be8bd0b3c2d539c8e0cde8e14de99a1226fae23e670be0b4d2f7cc8586197,-89,,3,64,,3
10:12:23,6.0,3,9c361e4be634e32d9b487b556760e512627fd5adc685787264f8d6b12abc8dea,-92,Cb40,3,64,,3
10:12:24,26.0,3,e083f8bab27b0441e8da0e618fa8a24c84d85d1793ada50a4058a7da421571b9,-83,,3,64,12.0,3
10:12:25,,3,8199a9205ed6f4909071282464044c1f5763670b66c3375ab20493c93702857f,-77,,3,64,,3
10:12:26,,3,617d4d4abb6bfe4302112d644908bd72f0ce943b588538c55c3912ed86546365,-88,,3,64,,3
10:12:27,,3,617d4d4abb6bfe4302112d644908bd72f0ce943b588538c55c3912ed86546365,-81,,3,64,,3
10:12:27,26.0,3,38b2c23b66e0f81f51ba4f6d963277b3760a8f2a1a60f9453eec5d551c12d721,-70,,3,64,12.0,3
10:12:28,,3,8199a9205ed6f4909071282464044c1f5763670b66c3375ab20493c93702857f,-85,,3,64,,3
10:12:29,,3,617d4d4abb6bfe4302112d644908bd72f0ce943b588538c55c3912ed86546365,-82,,3,64,,3
10:12:30,,3,1546127d5329088c22c393151751b3cf341f8b8e7fdaee01c5e2e86f06510886,-87,,3,64,,3
10:12:31,26.0,3,252b44797d9ce6c9e33dbbb5f599af8ec0a4e3c2d581f271ef35bb7f94f558e3,-89,,3,64,5.0,3
10:12:32,,3,1546127d5329088c22c393151751b3cf341f8b8e7fdaee01c5e2e86f06510886,-91,,3,64,,3
10:12:32,26.0,3,87d803749299832219312a2c4003812c204f0277664db84d9d74bb3ee01378de,-88,,3,64,7.0,3
10:12:33,26.0,3,6809d18d22c2f2801ad64b06ab9a26f63a0cbff5e029b022cadb039c94155ce8,-86,,3,64,8.0,3
10:12:34,26.0,3,87d803749299832219312a2c4003812c204f0277664db84d9d74bb3ee01378de,-88,,3,64,7.0,3
10:12:35,,3,8199a9205ed6f4909071282464044c1f5763670b66c3375ab20493c93702857f,-83,,3,64,,3
10:12:36,,3,617d4d4abb6bfe4302112d644908bd72f0ce943b588538c55c3912ed86546365,-81,,3,64,,3
10:12:36,,3,8199a9205ed6f4909071282464044c1f5763670b66c3375ab20493c93702857f,-84,,3,64,,3
10:12:37,,3,8199a9205ed6f4909071282464044c1f5763670b66c3375ab20493c93702857f,-83,,3,64,,3
10:12:38,,3,8199a9205ed6f4909071282464044c1f5763670b66c3375ab20493c93702857f,-80,,3,64,,3
10:12:39,,3,8199a9205ed6f4909071282464044c1f5763670b66c3375ab20493c93702857f,-87,,3,64,,3
10:12:40,,3,d8617a80beeb926f0297038fea6339fa353c6ee8ab44cac19c9c48a840a5eee8,-95,,3,64,,3
10:12:41,26.0,3,2fd2c2a28be46effe415a229fd034bf8d4a34026be59d86a1b42f8694539f5e4,-92,,3,64,,3
10:12:41,6.0,3,d1de0ddb51e6fdcb1eeb0a80d815c6b9a0c610ff82e78b630f80a717ef6f14a5,-92,Cb40,3,64,,3
10:12:42,,3,1546127d5329088c22c393151751b3cf341f8b8e7fdaee01c5e2e86f06510886,-86,,3,64,,3
10:12:43,,3,8199a9205ed6f4909071282464044c1f5763670b66c3375ab20493c93702857f,-81,,3,64,,3
10:12:44,6.0,3,9c361e4be634e32d9b487b556760e512627fd5adc685787264f8d6b12abc8dea,-86,Cb40,3,64,,3
10:12:45,26.0,3,2fd2c2a28be46effe415a229fd034bf8d4a34026be59d86a1b42f8694539f5e4,-90,,3,64,,3
10:12:45,,3,1546127d5329088c22c393151751b3cf341f8b8e7fdaee01c5e2e86f06510886,-88,,3,64,,3
10:12:46,,3,8199a9205ed6f4909071282464044c1f5763670b66c3375ab20493c93702857f,-79,,3,64,,3
10:12:47,,3,8199a9205ed6f4909071282464044c1f5763670b66c3375ab20493c93702857f,-85,,3,64,,3
10:12:48,26.0,3,38b2c23b66e0f81f51ba4f6d963277b3760a8f2a1a60f9453eec5d551c12d721,-71,,3,64,12.0,3
10:12:49,,3,8199a9205ed6f4909071282464044c1f5763670b66c3375ab20493c93702857f,-83,,3,64,,3
10:12:49,,3,8199a9205ed6f4909071282464044c1f5763670b66c3375ab20493c93702857f,-83,,3,64,,3
10:12:50,26.0,3,38b2c23b66e0f81f51ba4f6d963277b3760a8f2a1a60f9453eec5d551c12d721,-86,,3,64,12.0,3
10:12:51,,3,d8617a80beeb926f0297038fea6339fa353c6ee8ab44cac19c9c48a840a5eee8,-98,,3,64,,3
10:12:52,,3,617d4d4abb6bfe4302112d644908bd72f0ce943b588538c55c3912ed86546365,-82,,3,64,,3
10:12:53,,3,1546127d5329088c22c393151751b3cf341f8b8e7fdaee01c5e2e86f06510886,-90,,3,64,,3
10:12:53,,3,1546127d5329088c22c393151751b3cf341f8b8e7fdaee01c5e2e86f06510886,-85,,3,64,,3
10:12:54,,3,617d4d4abb6bfe4302112d644908bd72f0ce943b588538c55c3912ed86546365,-85,,3,64,,3
10:12:55,,3,8199a9205ed6f4909071282464044c1f5763670b66c3375ab20493c93702857f,-84,,3,64,,3
10:12:56,26.0,3,252b44797d9ce6c9e33dbbb5f599af8ec0a4e3c2d581f271ef35bb7f94f558e3,-88,,3,64,5.0,3
10:12:57,,3,d8617a80beeb926f0297038fea6339fa353c6ee8ab44cac19c9c48a840a5eee8,-92,,3,64,,3
10:12:58,,3,8199a9205ed6f4909071282464044c1f5763670b66c3375ab20493c93702857f,-82,,3,64,,3
10:12:58,,3,8199a9205ed6f4909071282464044c1f5763670b66c3375ab20493c93702857f,-79,,3,64,,3
10:12:59,,3,1546127d5329088c22c393151751b3cf341f8b8e7fdaee01c5e2e86f06510886,-87,,3,64,,3
10:13:00,26.0,3,6809d18d22c2f2801ad64b06ab9a26f63a0cbff5e029b022cadb039c94155ce8,-91,,3,64,8.0,3
10:13:01,,3,8199a9205ed6f4909071282464044c1f5763670b66c3375ab20493c93702857f,-77,,3,64,,3
10:13:02,,3,1546127d5329088c22c393151751b3cf341f8b8e7fdaee01c5e2e86f06510886,-89,,3,64,,3
10:13:02,,3,617d4d4abb6bfe4302112d644908bd72f0ce943b588538c55c3912ed86546365,-85,,3,64,,3
10:13:03,,3,8199a9205ed6f4909071282464044c1f5763670b66c3375ab20493c93702857f,-73,,3,64,,3
10:13:04,,3,1546127d5329088c22c393151751b3cf341f8b8e7fdaee01c5e2e86f06510886,-89,,3,64,,3
10:13:05,,3,1546127d5329088c22c393151751b3cf341f8b8e7fdaee01c5e2e86f06510886,-94,,3,64,,3
10:13:06,,3,8199a9205ed6f4909071282464044c1f5763670b66c3375ab20493c93702857f,-72,,3,64,,3
10:13:06,,3,ac5ab666986734b5e9a48ab27b3b0fcaa544814e51ca71f9481c96c18f2466dc,-82,,3,64,,3
10:13:07,,3,8199a9205ed6f4909071282464044c1f5763670b66c3375ab20493c93702857f,-74,,3,64,,3
10:13:08,,3,1546127d5329088c22c393151751b3cf341f8b8e7fdaee01c5e2e86f06510886,-90,,3,64,,3
10:13:09,,3,1546127d5329088c22c393151751b3cf341f8b8e7fdaee01c5e2e86f06510886,-90,,3,64,,3
10:13:10,26.0,3,38b2c23b66e0f81f51ba4f6d963277b3760a8f2a1a60f9453eec5d551c12d721,-84,,3,64,12.0,3
10:13:10,,3,1546127d5329088c22c393151751b3cf341f8b8e7fdaee01c5e2e86f06510886,-89,,3,64,,3
10:13:11,,3,8199a9205ed6f4909071282464044c1f5763670b66c3375ab20493c93702857f,-76,,3,64,,3
10:13:12,,3,8199a9205ed6f4909071282464044c1f5763670b66c3375ab20493c93702857f,-74,,3,64,,3
10:13:13,26.0,3,2122ff4caecdf71846b21c23e8d45e9faf37b9f8f7344fc5b2dc9461c836aa1a,-89,,3,64,7.0,3
10:13:14,6.0,3,9c361e4be634e32d9b487b556760e512627fd5adc685787264f8d6b12abc8dea,-97,Cb40,3,64,,3
10:13:14,,3,1546127d5329088c22c393151751b3cf341f8b8e7fdaee01c5e2e86f06510886,-93,,3,64,,3
10:13:15,,3,8ba34c63928d0105b2ee7fb03d32a9437e8555b0c642805802ad56ee7254517e,-88,,3,64,,3
10:13:16,,3,8199a9205ed6f4909071282464044c1f5763670b66c3375ab20493c93702857f,-73,,3,64,,3
10:13:17,26.0,3,e083f8bab27b0441e8da0e618fa8a24c84d85d1793ada50a4058a7da421571b9,-85,,3,64,,3
10:13:18,,3,617d4d4abb6bfe4302112d644908bd72f0ce943b588538c55c3912ed86546365,-85,,3,64,,3
10:13:19,26.0,3,6809d18d22c2f2801ad64b06ab9a26f63a0cbff5e029b022cadb039c94155ce8,-86,,3,64,8.0,3
10:13:19,,3,8199a9205ed6f4909071282464044c1f5763670b66c3375ab20493c93702857f,-72,,3,64,,3
10:13:20,,3,1546127d5329088c22c393151751b3cf341f8b8e7fdaee01c5e2e86f06510886,-84,,3,64,,3
10:13:21,,3,8199a9205ed6f4909071282464044c1f5763670b66c3375ab20493c93702857f,-83,,3,64,,3
10:13:22,,3,8199a9205ed6f4909071282464044c1f5763670b66c3375ab20493c93702857f,-77,,3,64,,3
10:13:23,,3,617d4d4abb6bfe4302112d644908bd72f0ce943b588538c55c3912ed86546365,-87,,3,64,,3
10:13:23,,3,8199a9205ed6f4909071282464044c1f5763670b66c3375ab20493c93702857f,-85,,3,64,,3
10:13:24,26.0,3,f59be8bd0b3c2d539c8e0cde8e14de99a1226fae23e670be0b4d2f7cc8586197,-86,,3,64,12.0,3
10:13:25,26.0,3,38b2c23b66e0f81f51ba4f6d963277b3760a8f2a1a60f9453eec5d551c12d721,-67,,3,64,12.0,3
10:13:26,26.0,3,f59be8bd0b3c2d539c8e0cde8e14de99a1226fae23e670be0b4d2f7cc8586197,-83,,3,64,12.0,3
10:13:27,,3,617d4d4abb6bfe4302112d644908bd72f0ce943b588538c55c3912ed86546365,-87,,3,64,,3
10:13:28,,3,617d4d4abb6bfe4302112d644908bd72f0ce943b588538c55c3912ed86546365,-87,,3,64,,3
10:13:28,,3,617d4d4abb6bfe4302112d644908bd72f0ce943b588538c55c3912ed86546365,-80,,3,64,,3
10:13:29,26.0,3,f59be8bd0b3c2d539c8e0cde8e14de99a1226fae23e670be0b4d2f7cc8586197,-84,,3,64,12.0,3
10:13:30,26.0,3,2122ff4caecdf71846b21c23e8d45e9faf37b9f8f7344fc5b2dc9461c836aa1a,-85,,3,64,7.0,3
10:13:31,,3,d8617a80beeb926f0297038fea6339fa353c6ee8ab44cac19c9c48a840a5eee8,-93,,3,64,,3
10:13:31,26.0,3,6809d18d22c2f2801ad64b06ab9a26f63a0cbff5e029b022cadb039c94155ce8,-86,,3,64,8.0,3
10:13:32,,3,d8617a80beeb926f0297038fea6339fa353c6ee8ab44cac19c9c48a840a5eee8,-96,,3,64,,3
10:13:33,26.0,3,2fd2c2a28be46effe415a229fd034bf8d4a34026be59d86a1b42f8694539f5e4,-83,,3,64,,3
10:13:34,26.0,3,f59be8bd0b3c2d539c8e0cde8e14de99a1226fae23e670be0b4d2f7cc8586197,-89,,3,64,12.0,3
10:13:35,26.0,3,f59be8bd0b3c2d539c8e0cde8e14de99a1226fae23e670be0b4d2f7cc8586197,-85,,3,64,12.0,3
10:13:35,,3,617d4d4abb6bfe4302112d644908bd72f0ce943b588538c55c3912ed86546365,-82,,3,64,,3
10:13:36,26.0,3,2fd2c2a28be46effe415a229fd034bf8d4a34026be59d86a1b42f8694539f5e4,-84,,3,64,,3
10:13:37,26.0,3,6a3fe6a7724adae3d51dc5c455b40fd5d0cccfff0bb5e9136396748174e2af3b,-70,,3,64,12.0,3
10:13:38,26.0,3,6a3fe6a7724adae3d51dc5c455b40fd5d0cccfff0bb5e9136396748174e2af3b,-77,,3,64,12.0,3
10:13:39,26.0,3,2229595ee040648434b24541fbce918133b42f000468997d0935c7f71826af2f,-87,,3,64,7.0,3
10:13:40,26.0,3,6a3fe6a7724adae3d51dc5c455b40fd5d0cccfff0bb5e9136396748174e2af3b,-77,,3,64,12.0,3
10:13:40,26.0,3,252b44797d9ce6c9e33dbbb5f599af8ec0a4e3c2d581f271ef35bb7f94f558e3,-87,,3,64,5.0,3
10:13:41,26.0,3,2122ff4caecdf71846b21c23e8d45e9faf37b9f8f7344fc5b2dc9461c836aa1a,-86,,3,64,7.0,3
10:13:42,,3,617d4d4abb6bfe4302112d644908bd72f0ce943b588538c55c3912ed86546365,-85,,3,64,,3
10:13:43,,3,617d4d4abb6bfe4302112d644908bd72f0ce943b588538c55c3912ed86546365,-87,,3,64,,3
10:13:44,26.0,3,2fd2c2a28be46effe415a229fd034bf8d4a34026be59d86a1b42f8694539f5e4,-92,,3,64,,3
10:13:45,,3,0a976ade4cd22ce4a0a089f62508b9fc49bba9930da649bfa2b9d4347ff8dd0b,-88,,3,64,,3
10:13:45,,3,8199a9205ed6f4909071282464044c1f5763670b66c3375ab20493c93702857f,-81,,3,64,,3
10:13:46,,3,617d4d4abb6bfe4302112d644908bd72f0ce943b588538c55c3912ed86546365,-85,,3,64,,3
10:13:47,,3,617d4d4abb6bfe4302112d644908bd72f0ce943b588538c55c3912ed86546365,-87,,3,64,,3
10:13:48,,3,1546127d5329088c22c393151751b3cf341f8b8e7fdaee01c5e2e86f06510886,-89,,3,64,,3
10:13:49,,3,ac5ab666986734b5e9a48ab27b3b0fcaa544814e51ca71f9481c96c18f2466dc,-78,,3,64,,3
10:13:49,,3,617d4d4abb6bfe4302112d644908bd72f0ce943b588538c55c3912ed86546365,-90,,3,64,,3
10:13:50,,3,617d4d4abb6bfe4302112d644908bd72f0ce943b588538c55c3912ed86546365,-80,,3,64,,3
10:13:51,,3,8199a9205ed6f4909071282464044c1f5763670b66c3375ab20493c93702857f,-83,,3,64,,3
10:13:52,26.0,3,f59be8bd0b3c2d539c8e0cde8e14de99a1226fae23e670be0b4d2f7cc8586197,-83,,3,64,12.0,3
10:13:53,,3,617d4d4abb6bfe4302112d644908bd72f0ce943b588538c55c3912ed86546365,-80,,3,64,,3
10:13:53,26.0,3,252b44797d9ce6c9e33dbbb5f599af8ec0a4e3c2d581f271ef35bb7f94f558e3,-86,,3,64,5.0,3
10:13:54,26.0,3,2122ff4caecdf71846b21c23e8d45e9faf37b9f8f7344fc5b2dc9461c836aa1a,-89,,3,64,7.0,3
10:13:55,26.0,3,252b44797d9ce6c9e33dbbb5f599af8ec0a4e3c2d581f271ef35bb7f94f558e3,-86,,3,64,5.0,3
10:13:56,,3,1546127d5329088c22c393151751b3cf341f8b8e7fdaee01c5e2e86f06510886,-90,,3,64,,3
10:13:57,,3,617d4d4abb6bfe4302112d644908bd72f0ce943b588538c55c3912ed86546365,-84,,3,64,,3
10:13:57,26.0,3,e083f8bab27b0441e8da0e618fa8a24c84d85d1793ada50a4058a7da421571b9,-88,,3,64,12.0,3
10:13:58,,3,8199a9205ed6f4909071282464044c1f5763670b66c3375ab20493c93702857f,-81,,3,64,,3
10:13:59,,3,617d4d4abb6bfe4302112d644908bd72f0ce943b588538c55c3912ed86546365,-83,,3,64,,3
10:14:00,,3,8199a9205ed6f4909071282464044c1f5763670b66c3375ab20493c93702857f,-81,,3,64,,3
10:14:01,,3,617d4d4abb6bfe4302112d644908bd72f0ce943b588538c55c3912ed86546365,-88,,3,64,,3
10:14:01,6.0,3,d1de0ddb51e6fdcb1eeb0a80d815c6b9a0c610ff82e78b630f80a717ef6f14a5,-90,Cb40,3,64,,3
10:14:02,,3,d8617a80beeb926f0297038fea6339fa353c6ee8ab44cac19c9c48a840a5eee8,-95,,3,64,,3
10:14:03,26.0,3,f59be8bd0b3c2d539c8e0cde8e14de99a1226fae23e670be0b4d2f7cc8586197,-83,,3,64,12.0,3
10:14:04,,3,d8617a80beeb926f0297038fea6339fa353c6ee8ab44cac19c9c48a840a5eee8,-97,,3,64,,3
10:14:05,26.0,3,6809d18d22c2f2801ad64b06ab9a26f63a0cbff5e029b022cadb039c94155ce8,-80,,3,64,8.0,3
10:14:05,,3,8199a9205ed6f4909071282464044c1f5763670b66c3375ab20493c93702857f,-79,,3,64,,3
10:14:06,,3,617d4d4abb6bfe4302112d644908bd72f0ce943b588538c55c3912ed86546365,-75,,3,64,,3
10:14:07,,3,8199a9205ed6f4909071282464044c1f5763670b66c3375ab20493c93702857f,-81,,3,64,,3
10:14:08,,3,1546127d5329088c22c393151751b3cf341f8b8e7fdaee01c5e2e86f06510886,-84,,3,64,,3
10:14:09,,3,617d4d4abb6bfe4302112d644908bd72f0ce943b588538c55c3912ed86546365,-76,,3,64,,3
10:14:09,,3,8199a9205ed6f4909071282464044c1f5763670b66c3375ab20493c93702857f,-81,,3,64,,3
10:14:10,26.0,3,f59be8bd0b3c2d539c8e0cde8e14de99a1226fae23e670be0b4d2f7cc8586197,-86,,3,64,12.0,3
10:14:11,,3,1546127d5329088c22c393151751b3cf341f8b8e7fdaee01c5e2e86f06510886,-87,,3,64,,3
10:14:12,,3,1546127d5329088c22c393151751b3cf341f8b8e7fdaee01c5e2e86f06510886,-90,,3,64,,3
10:14:13,26.0,3,2fd2c2a28be46effe415a229fd034bf8d4a34026be59d86a1b42f8694539f5e4,-83,,3,64,,3
10:14:14,26.0,3,6a3fe6a7724adae3d51dc5c455b40fd5d0cccfff0bb5e9136396748174e2af3b,-63,,3,64,12.0,3
10:14:14,26.0,3,6a3fe6a7724adae3d51dc5c455b40fd5d0cccfff0bb5e9136396748174e2af3b,-61,,3,64,12.0,3
10:14:15,,3,1546127d5329088c22c393151751b3cf341f8b8e7fdaee01c5e2e86f06510886,-95,,3,64,,3
10:14:16,,3,617d4d4abb6bfe4302112d644908bd72f0ce943b588538c55c3912ed86546365,-82,,3,64,,3
10:14:17,26.0,3,e083f8bab27b0441e8da0e618fa8a24c84d85d1793ada50a4058a7da421571b9,-92,,3,64,12.0,3
10:14:18,,3,05a3c4e3b806d1ef88520e88a4c3c513f01148c006ad5310789a216e86fa019d,-64,,3,64,,3
10:14:18,,3,8199a9205ed6f4909071282464044c1f5763670b66c3375ab20493c93702857f,-80,,3,64,,3
10:14:19,,3,617d4d4abb6bfe4302112d644908bd72f0ce943b588538c55c3912ed86546365,-82,,3,64,,3
10:14:20,,3,1546127d5329088c22c393151751b3cf341f8b8e7fdaee01c5e2e86f06510886,-88,,3,64,,3
