Time,adv_flag,def_tx_pwr,mac,rssi,name,scan_tx_pwr,conn_tx_pwr,tx_range,adv_tx_pwr
17:07:04,,3,a4bd4abd36354ec998f7e759cdf96bea53d18f071494b947c883ef7fc90bde47,-87,,3,64,,3
17:07:05,,3,a2f7e4084f4b2f685af903be82cd3e1a9f74220eafb01bf433996d088be24994,-87,,3,64,,3
17:07:06,,3,a2f7e4084f4b2f685af903be82cd3e1a9f74220eafb01bf433996d088be24994,-83,,3,64,,3
17:07:07,,3,a2f7e4084f4b2f685af903be82cd3e1a9f74220eafb01bf433996d088be24994,-84,,3,64,,3
17:07:08,,3,a2f7e4084f4b2f685af903be82cd3e1a9f74220eafb01bf433996d088be24994,-89,,3,64,,3
17:07:09,,3,a2f7e4084f4b2f685af903be82cd3e1a9f74220eafb01bf433996d088be24994,-84,,3,64,,3
17:07:09,,3,a390e9d1282101931116a85457659c14ae83e71cd734e33bf3e1a49a2b896d6d,-64,,3,64,,3
17:07:10,,3,a2f7e4084f4b2f685af903be82cd3e1a9f74220eafb01bf433996d088be24994,-86,,3,64,,3
17:07:11,26.0,3,aef53504165ab25019e300c55773dfd83d967d774edd0963bea09814102f5574,-84,,3,64,4.0,3
17:07:12,,3,a2f7e4084f4b2f685af903be82cd3e1a9f74220eafb01bf433996d088be24994,-81,,3,64,,3
17:07:13,,3,a2f7e4084f4b2f685af903be82cd3e1a9f74220eafb01bf433996d088be24994,-90,,3,64,,3
17:07:13,,3,a2f7e4084f4b2f685af903be82cd3e1a9f74220eafb01bf433996d088be24994,-88,,3,64,,3
17:07:14,,3,a2f7e4084f4b2f685af903be82cd3e1a9f74220eafb01bf433996d088be24994,-87,,3,64,,3
17:07:15,,3,a2f7e4084f4b2f685af903be82cd3e1a9f74220eafb01bf433996d088be24994,-91,,3,64,,3
17:07:16,,3,a2f7e4084f4b2f685af903be82cd3e1a9f74220eafb01bf433996d088be24994,-87,,3,64,,3
17:07:17,,3,a2f7e4084f4b2f685af903be82cd3e1a9f74220eafb01bf433996d088be24994,-88,,3,64,,3
17:07:17,,3,a2f7e4084f4b2f685af903be82cd3e1a9f74220eafb01bf433996d088be24994,-89,,3,64,,3
17:07:18,,3,a2f7e4084f4b2f685af903be82cd3e1a9f74220eafb01bf433996d088be24994,-88,,3,64,,3
17:07:19,26.0,3,042da34fb141dba88d674709bfa2e6fd831cde0cab9b2332955f937d8f24076a,-47,,3,64,12.0,3
17:07:20,,3,a2f7e4084f4b2f685af903be82cd3e1a9f74220eafb01bf433996d088be24994,-88,,3,64,,3
17:07:20,,3,a2f7e4084f4b2f685af903be82cd3e1a9f74220eafb01bf433996d088be24994,-95,,3,64,,3
17:07:21,,3,a2f7e4084f4b2f685af903be82cd3e1a9f74220eafb01bf433996d088be24994,-89,,3,64,,3
17:07:22,,3,a2f7e4084f4b2f685af903be82cd3e1a9f74220eafb01bf433996d088be24994,-89,,3,64,,3
17:07:23,,3,a2f7e4084f4b2f685af903be82cd3e1a9f74220eafb01bf433996d088be24994,-86,,3,64,,3
17:07:24,26.0,3,042da34fb141dba88d674709bfa2e6fd831cde0cab9b2332955f937d8f24076a,-49,,3,64,12.0,3
17:07:25,,3,a2f7e4084f4b2f685af903be82cd3e1a9f74220eafb01bf433996d088be24994,-85,,3,64,,3
17:07:25,26.0,3,042da34fb141dba88d674709bfa2e6fd831cde0cab9b2332955f937d8f24076a,-51,,3,64,12.0,3
17:07:26,26.0,3,042da34fb141dba88d674709bfa2e6fd831cde0cab9b2332955f937d8f24076a,-42,,3,64,12.0,3
17:07:27,26.0,3,042da34fb141dba88d674709bfa2e6fd831cde0cab9b2332955f937d8f24076a,-40,,3,64,12.0,3
17:07:28,26.0,3,042da34fb141dba88d674709bfa2e6fd831cde0cab9b2332955f937d8f24076a,-48,,3,64,12.0,3
17:07:29,26.0,3,aef53504165ab25019e300c55773dfd83d967d774edd0963bea09814102f5574,-82,,3,64,4.0,3
17:07:29,,3,a390e9d1282101931116a85457659c14ae83e71cd734e33bf3e1a49a2b896d6d,-40,,3,64,,3
17:07:30,26.0,3,042da34fb141dba88d674709bfa2e6fd831cde0cab9b2332955f937d8f24076a,-47,,3,64,12.0,3
17:07:31,26.0,3,aef53504165ab25019e300c55773dfd83d967d774edd0963bea09814102f5574,-76,,3,64,4.0,3
17:07:32,26.0,3,aef53504165ab25019e300c55773dfd83d967d774edd0963bea09814102f5574,-75,,3,64,4.0,3
17:07:33,26.0,3,aef53504165ab25019e300c55773dfd83d967d774edd0963bea09814102f5574,-76,,3,64,4.0,3
17:07:33,26.0,3,aef53504165ab25019e300c55773dfd83d967d774edd0963bea09814102f5574,-70,,3,64,4.0,3
17:07:34,26.0,3,aef53504165ab25019e300c55773dfd83d967d774edd0963bea09814102f5574,-72,,3,64,4.0,3
17:07:35,26.0,3,aef53504165ab25019e300c55773dfd83d967d774edd0963bea09814102f5574,-77,,3,64,4.0,3
17:07:36,26.0,3,aef53504165ab25019e300c55773dfd83d967d774edd0963bea09814102f5574,-76,,3,64,4.0,3
17:07:36,26.0,3,aef53504165ab25019e300c55773dfd83d967d774edd0963bea09814102f5574,-85,,3,64,4.0,3
17:07:37,26.0,3,aef53504165ab25019e300c55773dfd83d967d774edd0963bea09814102f5574,-82,,3,64,4.0,3
17:07:38,26.0,3,042da34fb141dba88d674709bfa2e6fd831cde0cab9b2332955f937d8f24076a,-61,,3,64,12.0,3
17:07:39,26.0,3,042da34fb141dba88d674709bfa2e6fd831cde0cab9b2332955f937d8f24076a,-52,,3,64,12.0,3
17:07:40,26.0,3,042da34fb141dba88d674709bfa2e6fd831cde0cab9b2332955f937d8f24076a,-57,,3,64,12.0,3
17:07:40,26.0,3,042da34fb141dba88d674709bfa2e6fd831cde0cab9b2332955f937d8f24076a,-66,,3,64,12.0,3
17:07:41,26.0,3,042da34fb141dba88d674709bfa2e6fd831cde0cab9b2332955f937d8f24076a,-53,,3,64,12.0,3
17:07:42,26.0,3,aef53504165ab25019e300c55773dfd83d967d774edd0963bea09814102f5574,-71,,3,64,4.0,3
17:07:43,26.0,3,042da34fb141dba88d674709bfa2e6fd831cde0cab9b2332955f937d8f24076a,-51,,3,64,12.0,3
17:07:44,26.0,3,042da34fb141dba88d674709bfa2e6fd831cde0cab9b2332955f937d8f24076a,-55,,3,64,12.0,3
17:07:44,26.0,3,aef53504165ab25019e300c55773dfd83d967d774edd0963bea09814102f5574,-79,,3,64,4.0,3
17:07:45,26.0,3,aef53504165ab25019e300c55773dfd83d967d774edd0963bea09814102f5574,-74,,3,64,4.0,3
17:07:46,26.0,3,aef53504165ab25019e300c55773dfd83d967d774edd0963bea09814102f5574,-76,,3,64,4.0,3
17:07:47,26.0,3,633fa58bb99088d1b89af68a2eda2c2d56adbde460fba56cd16e7c00db319857,-90,,3,64,7.0,3
17:07:48,26.0,3,633fa58bb99088d1b89af68a2eda2c2d56adbde460fba56cd16e7c00db319857,-91,,3,64,7.0,3
17:07:48,26.0,3,042da34fb141dba88d674709bfa2e6fd831cde0cab9b2332955f937d8f24076a,-55,,3,64,12.0,3
17:07:49,26.0,3,aef53504165ab25019e300c55773dfd83d967d774edd0963bea09814102f5574,-75,,3,64,4.0,3
17:07:50,26.0,3,aef53504165ab25019e300c55773dfd83d967d774edd0963bea09814102f5574,-70,,3,64,4.0,3
17:07:51,26.0,3,042da34fb141dba88d674709bfa2e6fd831cde0cab9b2332955f937d8f24076a,-63,,3,64,12.0,3
17:07:52,26.0,3,aef53504165ab25019e300c55773dfd83d967d774edd0963bea09814102f5574,-72,,3,64,4.0,3
17:07:52,26.0,3,042da34fb141dba88d674709bfa2e6fd831cde0cab9b2332955f937d8f24076a,-62,,3,64,12.0,3
17:07:53,26.0,3,042da34fb141dba88d674709bfa2e6fd831cde0cab9b2332955f937d8f24076a,-59,,3,64,12.0,3
17:07:54,,3,a390e9d1282101931116a85457659c14ae83e71cd734e33bf3e1a49a2b896d6d,-60,,3,64,,3
17:07:55,26.0,3,042da34fb141dba88d674709bfa2e6fd831cde0cab9b2332955f937d8f24076a,-81,,3,64,12.0,3
17:07:56,26.0,3,042da34fb141dba88d674709bfa2e6fd831cde0cab9b2332955f937d8f24076a,-66,,3,64,12.0,3
17:07:56,26.0,3,042da34fb141dba88d674709bfa2e6fd831cde0cab9b2332955f937d8f24076a,-76,,3,64,12.0,3
17:07:57,26.0,3,aef53504165ab25019e300c55773dfd83d967d774edd0963bea09814102f5574,-77,,3,64,4.0,3
17:07:58,,3,a390e9d1282101931116a85457659c14ae83e71cd734e33bf3e1a49a2b896d6d,-62,,3,64,,3
17:07:59,26.0,3,aef53504165ab25019e300c55773dfd83d967d774edd0963bea09814102f5574,-76,,3,64,4.0,3
17:08:00,26.0,3,aef53504165ab25019e300c55773dfd83d967d774edd0963bea09814102f5574,-76,,3,64,4.0,3
17:08:00,26.0,3,aef53504165ab25019e300c55773dfd83d967d774edd0963bea09814102f5574,-76,,3,64,4.0,3
17:08:01,26.0,3,042da34fb141dba88d674709bfa2e6fd831cde0cab9b2332955f937d8f24076a,-64,,3,64,12.0,3
17:08:02,26.0,3,042da34fb141dba88d674709bfa2e6fd831cde0cab9b2332955f937d8f24076a,-66,,3,64,12.0,3
17:08:03,26.0,3,aef53504165ab25019e300c55773dfd83d967d774edd0963bea09814102f5574,-77,,3,64,4.0,3
17:08:04,26.0,3,042da34fb141dba88d674709bfa2e6fd831cde0cab9b2332955f937d8f24076a,-56,,3,64,12.0,3
17:08:04,26.0,3,042da34fb141dba88d674709bfa2e6fd831cde0cab9b2332955f937d8f24076a,-62,,3,64,12.0,3
17:08:05,26.0,3,042da34fb141dba88d674709bfa2e6fd831cde0cab9b2332955f937d8f24076a,-55,,3,64,12.0,3
17:08:06,,3,a4bd4abd36354ec998f7e759cdf96bea53d18f071494b947c883ef7fc90bde47,-88,,3,64,,3
17:08:07,26.0,3,aef53504165ab25019e300c55773dfd83d967d774edd0963bea09814102f5574,-75,,3,64,4.0,3
17:08:08,26.0,3,042da34fb141dba88d674709bfa2e6fd831cde0cab9b2332955f937d8f24076a,-60,,3,64,12.0,3
17:08:08,26.0,3,aef53504165ab25019e300c55773dfd83d967d774edd0963bea09814102f5574,-84,,3,64,4.0,3
17:08:09,26.0,3,042da34fb141dba88d674709bfa2e6fd831cde0cab9b2332955f937d8f24076a,-59,,3,64,12.0,3
17:08:10,26.0,3,aef53504165ab25019e300c55773dfd83d967d774edd0963bea09814102f5574,-75,,3,64,4.0,3
17:08:11,26.0,3,aef53504165ab25019e300c55773dfd83d967d774edd0963bea09814102f5574,-78,,3,64,4.0,3
17:08:12,26.0,3,aef53504165ab25019e300c55773dfd83d967d774edd0963bea09814102f5574,-76,,3,64,4.0,3
17:08:12,26.0,3,633fa58bb99088d1b89af68a2eda2c2d56adbde460fba56cd16e7c00db319857,-92,,3,64,7.0,3
17:08:13,26.0,3,042da34fb141dba88d674709bfa2e6fd831cde0cab9b2332955f937d8f24076a,-57,,3,64,12.0,3
17:08:14,26.0,3,633fa58bb99088d1b89af68a2eda2c2d56adbde460fba56cd16e7c00db319857,-95,,3,64,7.0,3
17:08:15,26.0,3,aef53504165ab25019e300c55773dfd83d967d774edd0963bea09814102f5574,-80,,3,64,4.0,3
17:08:16,26.0,3,042da34fb141dba88d674709bfa2e6fd831cde0cab9b2332955f937d8f24076a,-57,,3,64,12.0,3
17:08:16,26.0,3,aef53504165ab25019e300c55773dfd83d967d774edd0963bea09814102f5574,-77,,3,64,4.0,3
17:08:17,26.0,3,042da34fb141dba88d674709bfa2e6fd831cde0cab9b2332955f937d8f24076a,-57,,3,64,12.0,3
17:08:18,26.0,3,aef53504165ab25019e300c55773dfd83d967d774edd0963bea09814102f5574,-75,,3,64,4.0,3
17:08:19,26.0,3,042da34fb141dba88d674709bfa2e6fd831cde0cab9b2332955f937d8f24076a,-57,,3,64,12.0,3
17:08:20,26.0,3,042da34fb141dba88d674709bfa2e6fd831cde0cab9b2332955f937d8f24076a,-57,,3,64,12.0,3
17:08:20,26.0,3,aef53504165ab25019e300c55773dfd83d967d774edd0963bea09814102f5574,-74,,3,64,4.0,3
17:08:21,26.0,3,042da34fb141dba88d674709bfa2e6fd831cde0cab9b2332955f937d8f24076a,-55,,3,64,12.0,3
17:08:22,26.0,3,aef53504165ab25019e300c55773dfd83d967d774edd0963bea09814102f5574,-75,,3,64,4.0,3
17:08:23,26.0,3,042da34fb141dba88d674709bfa2e6fd831cde0cab9b2332955f937d8f24076a,-62,,3,64,12.0,3
17:08:23,26.0,3,042da34fb141dba88d674709bfa2e6fd831cde0cab9b2332955f937d8f24076a,-58,,3,64,12.0,3
17:08:24,26.0,3,aef53504165ab25019e300c55773dfd83d967d774edd0963bea09814102f5574,-78,,3,64,4.0,3
17:08:25,26.0,3,042da34fb141dba88d674709bfa2e6fd831cde0cab9b2332955f937d8f24076a,-58,,3,64,12.0,3
17:08:26,26.0,3,042da34fb141dba88d674709bfa2e6fd831cde0cab9b2332955f937d8f24076a,-60,,3,64,12.0,3
17:08:27,26.0,3,aef53504165ab25019e300c55773dfd83d967d774edd0963bea09814102f5574,-74,,3,64,4.0,3
17:08:27,26.0,3,aef53504165ab25019e300c55773dfd83d967d774edd0963bea09814102f5574,-81,,3,64,4.0,3
17:08:28,26.0,3,042da34fb141dba88d674709bfa2e6fd831cde0cab9b2332955f937d8f24076a,-51,,3,64,12.0,3
17:08:29,26.0,3,042da34fb141dba88d674709bfa2e6fd831cde0cab9b2332955f937d8f24076a,-58,,3,64,12.0,3
17:08:30,26.0,3,042da34fb141dba88d674709bfa2e6fd831cde0cab9b2332955f937d8f24076a,-57,,3,64,12.0,3
17:08:31,26.0,3,633fa58bb99088d1b89af68a2eda2c2d56adbde460fba56cd16e7c00db319857,-93,,3,64,7.0,3
17:08:31,26.0,3,633fa58bb99088d1b89af68a2eda2c2d56adbde460fba56cd16e7c00db319857,-87,,3,64,7.0,3
17:08:32,26.0,3,aef53504165ab25019e300c55773dfd83d967d774edd0963bea09814102f5574,-81,,3,64,4.0,3
17:08:33,26.0,3,042da34fb141dba88d674709bfa2e6fd831cde0cab9b2332955f937d8f24076a,-58,,3,64,12.0,3
17:08:34,26.0,3,aef53504165ab25019e300c55773dfd83d967d774edd0963bea09814102f5574,-80,,3,64,4.0,3
17:08:35,26.0,3,aef53504165ab25019e300c55773dfd83d967d774edd0963bea09814102f5574,-73,,3,64,4.0,3
17:08:35,26.0,3,042da34fb141dba88d674709bfa2e6fd831cde0cab9b2332955f937d8f24076a,-62,,3,64,12.0,3
17:08:36,26.0,3,042da34fb141dba88d674709bfa2e6fd831cde0cab9b2332955f937d8f24076a,-56,,3,64,12.0,3
17:08:37,26.0,3,042da34fb141dba88d674709bfa2e6fd831cde0cab9b2332955f937d8f24076a,-61,,3,64,12.0,3
17:08:38,,3,a390e9d1282101931116a85457659c14ae83e71cd734e33bf3e1a49a2b896d6d,-60,,3,64,,3
17:08:39,26.0,3,042da34fb141dba88d674709bfa2e6fd831cde0cab9b2332955f937d8f24076a,-61,,3,64,12.0,3
17:08:39,26.0,3,042da34fb141dba88d674709bfa2e6fd831cde0cab9b2332955f937d8f24076a,-58,,3,64,12.0,3
17:08:40,26.0,3,042da34fb141dba88d674709bfa2e6fd831cde0cab9b2332955f937d8f24076a,-55,,3,64,12.0,3
17:08:41,26.0,3,042da34fb141dba88d674709bfa2e6fd831cde0cab9b2332955f937d8f24076a,-60,,3,64,12.0,3
17:08:42,26.0,3,042da34fb141dba88d674709bfa2e6fd831cde0cab9b2332955f937d8f24076a,-62,,3,64,12.0,3
17:08:43,26.0,3,042da34fb141dba88d674709bfa2e6fd831cde0cab9b2332955f937d8f24076a,-72,,3,64,12.0,3
17:08:43,26.0,3,aef53504165ab25019e300c55773dfd83d967d774edd0963bea09814102f5574,-73,,3,64,4.0,3
17:08:44,,3,a390e9d1282101931116a85457659c14ae83e71cd734e33bf3e1a49a2b896d6d,-57,,3,64,,3
17:08:45,26.0,3,aef53504165ab25019e300c55773dfd83d967d774edd0963bea09814102f5574,-73,,3,64,4.0,3
17:08:46,26.0,3,042da34fb141dba88d674709bfa2e6fd831cde0cab9b2332955f937d8f24076a,-65,,3,64,12.0,3
17:08:47,26.0,3,aef53504165ab25019e300c55773dfd83d967d774edd0963bea09814102f5574,-75,,3,64,4.0,3
17:08:47,26.0,3,10b947ed7d6b23bc545f6bcf588cddca9b9954c612e6202b1412d52582965c57,-56,,3,64,12.0,3
17:08:48,,3,a390e9d1282101931116a85457659c14ae83e71cd734e33bf3e1a49a2b896d6d,-54,,3,64,,3
17:08:49,26.0,3,10b947ed7d6b23bc545f6bcf588cddca9b9954c612e6202b1412d52582965c57,-62,,3,64,12.0,3
17:08:50,26.0,3,10b947ed7d6b23bc545f6bcf588cddca9b9954c612e6202b1412d52582965c57,-58,,3,64,12.0,3
17:08:51,26.0,3,aef53504165ab25019e300c55773dfd83d967d774edd0963bea09814102f5574,-82,,3,64,4.0,3
17:08:51,26.0,3,10b947ed7d6b23bc545f6bcf588cddca9b9954c612e6202b1412d52582965c57,-63,,3,64,12.0,3
17:08:52,26.0,3,10b947ed7d6b23bc545f6bcf588cddca9b9954c612e6202b1412d52582965c57,-58,,3,64,12.0,3
17:08:53,26.0,3,aef53504165ab25019e300c55773dfd83d967d774edd0963bea09814102f5574,-80,,3,64,4.0,3
17:08:54,26.0,3,10b947ed7d6b23bc545f6bcf588cddca9b9954c612e6202b1412d52582965c57,-54,,3,64,12.0,3
17:08:55,26.0,3,aef53504165ab25019e300c55773dfd83d967d774edd0963bea09814102f5574,-78,,3,64,4.0,3
17:08:55,,3,a390e9d1282101931116a85457659c14ae83e71cd734e33bf3e1a49a2b896d6d,-54,,3,64,,3
17:08:56,26.0,3,10b947ed7d6b23bc545f6bcf588cddca9b9954c612e6202b1412d52582965c57,-57,,3,64,12.0,3
17:08:57,26.0,3,10b947ed7d6b23bc545f6bcf588cddca9b9954c612e6202b1412d52582965c57,-53,,3,64,12.0,3
17:08:58,26.0,3,10b947ed7d6b23bc545f6bcf588cddca9b9954c612e6202b1412d52582965c57,-55,,3,64,12.0,3
17:08:59,,3,a4bd4abd36354ec998f7e759cdf96bea53d18f071494b947c883ef7fc90bde47,-93,,3,64,,3
17:08:59,26.0,3,aef53504165ab25019e300c55773dfd83d967d774edd0963bea09814102f5574,-78,,3,64,4.0,3
17:09:00,26.0,3,10b947ed7d6b23bc545f6bcf588cddca9b9954c612e6202b1412d52582965c57,-54,,3,64,12.0,3
17:09:01,26.0,3,10b947ed7d6b23bc545f6bcf588cddca9b9954c612e6202b1412d52582965c57,-58,,3,64,12.0,3
17:09:02,26.0,3,10b947ed7d6b23bc545f6bcf588cddca9b9954c612e6202b1412d52582965c57,-50,,3,64,12.0,3
17:09:02,26.0,3,aef53504165ab25019e300c55773dfd83d967d774edd0963bea09814102f5574,-75,,3,64,4.0,3
17:09:03,26.0,3,10b947ed7d6b23bc545f6bcf588cddca9b9954c612e6202b1412d52582965c57,-50,,3,64,12.0,3
17:09:04,26.0,3,10b947ed7d6b23bc545f6bcf588cddca9b9954c612e6202b1412d52582965c57,-49,,3,64,12.0,3
17:09:05,26.0,3,10b947ed7d6b23bc545f6bcf588cddca9b9954c612e6202b1412d52582965c57,-56,,3,64,12.0,3
17:09:06,26.0,3,aef53504165ab25019e300c55773dfd83d967d774edd0963bea09814102f5574,-72,,3,64,4.0,3
17:09:06,26.0,3,10b947ed7d6b23bc545f6bcf588cddca9b9954c612e6202b1412d52582965c57,-56,,3,64,12.0,3
17:09:07,26.0,3,aef53504165ab25019e300c55773dfd83d967d774edd0963bea09814102f5574,-72,,3,64,4.0,3
17:09:08,,3,a390e9d1282101931116a85457659c14ae83e71cd734e33bf3e1a49a2b896d6d,-67,,3,64,,3
17:09:09,26.0,3,10b947ed7d6b23bc545f6bcf588cddca9b9954c612e6202b1412d52582965c57,-56,,3,64,12.0,3
17:09:10,26.0,3,aef53504165ab25019e300c55773dfd83d967d774edd0963bea09814102f5574,-80,,3,64,4.0,3
17:09:10,26.0,3,10b947ed7d6b23bc545f6bcf588cddca9b9954c612e6202b1412d52582965c57,-61,,3,64,12.0,3
17:09:11,26.0,3,10b947ed7d6b23bc545f6bcf588cddca9b9954c612e6202b1412d52582965c57,-57,,3,64,12.0,3
17:09:12,26.0,3,aef53504165ab25019e300c55773dfd83d967d774edd0963bea09814102f5574,-72,,3,64,4.0,3
17:09:13,26.0,3,aef53504165ab25019e300c55773dfd83d967d774edd0963bea09814102f5574,-78,,3,64,4.0,3
17:09:14,26.0,3,aef53504165ab25019e300c55773dfd83d967d774edd0963bea09814102f5574,-73,,3,64,4.0,3
17:09:14,26.0,3,10b947ed7d6b23bc545f6bcf588cddca9b9954c612e6202b1412d52582965c57,-60,,3,64,12.0,3
17:09:15,26.0,3,aef53504165ab25019e300c55773dfd83d967d774edd0963bea09814102f5574,-78,,3,64,4.0,3
17:09:16,26.0,3,10b947ed7d6b23bc545f6bcf588cddca9b9954c612e6202b1412d52582965c57,-56,,3,64,12.0,3
17:09:17,26.0,3,aef53504165ab25019e300c55773dfd83d967d774edd0963bea09814102f5574,-77,,3,64,4.0,3
17:09:18,26.0,3,aef53504165ab25019e300c55773dfd83d967d774edd0963bea09814102f5574,-76,,3,64,4.0,3
17:09:18,26.0,3,10b947ed7d6b23bc545f6bcf588cddca9b9954c612e6202b1412d52582965c57,-56,,3,64,12.0,3
17:09:19,26.0,3,10b947ed7d6b23bc545f6bcf588cddca9b9954c612e6202b1412d52582965c57,-55,,3,64,12.0,3
17:09:20,,3,a390e9d1282101931116a85457659c14ae83e71cd734e33bf3e1a49a2b896d6d,-54,,3,64,,3
17:09:21,26.0,3,10b947ed7d6b23bc545f6bcf588cddca9b9954c612e6202b1412d52582965c57,-53,,3,64,12.0,3
17:09:22,26.0,3,10b947ed7d6b23bc545f6bcf588cddca9b9954c612e6202b1412d52582965c57,-56,,3,64,12.0,3
17:09:22,26.0,3,aef53504165ab25019e300c55773dfd83d967d774edd0963bea09814102f5574,-75,,3,64,4.0,3
17:09:23,26.0,3,10b947ed7d6b23bc545f6bcf588cddca9b9954c612e6202b1412d52582965c57,-56,,3,64,12.0,3
17:09:24,26.0,3,10b947ed7d6b23bc545f6bcf588cddca9b9954c612e6202b1412d52582965c57,-52,,3,64,12.0,3
17:09:25,26.0,3,10b947ed7d6b23bc545f6bcf588cddca9b9954c612e6202b1412d52582965c57,-55,,3,64,12.0,3
17:09:26,26.0,3,10b947ed7d6b23bc545f6bcf588cddca9b9954c612e6202b1412d52582965c57,-54,,3,64,12.0,3
17:09:26,26.0,3,aef53504165ab25019e300c55773dfd83d967d774edd0963bea09814102f5574,-78,,3,64,4.0,3
17:09:27,26.0,3,10b947ed7d6b23bc545f6bcf588cddca9b9954c612e6202b1412d52582965c57,-54,,3,64,12.0,3
17:09:28,26.0,3,10b947ed7d6b23bc545f6bcf588cddca9b9954c612e6202b1412d52582965c57,-52,,3,64,12.0,3
17:09:29,26.0,3,aef53504165ab25019e300c55773dfd83d967d774edd0963bea09814102f5574,-76,,3,64,4.0,3
17:09:30,26.0,3,aef53504165ab25019e300c55773dfd83d967d774edd0963bea09814102f5574,-85,,3,64,4.0,3
17:09:30,26.0,3,10b947ed7d6b23bc545f6bcf588cddca9b9954c612e6202b1412d52582965c57,-56,,3,64,12.0,3
17:09:31,26.0,3,aef53504165ab25019e300c55773dfd83d967d774edd0963bea09814102f5574,-77,,3,64,4.0,3
17:09:32,26.0,3,10b947ed7d6b23bc545f6bcf588cddca9b9954c612e6202b1412d52582965c57,-55,,3,64,12.0,3
17:09:33,26.0,3,aef53504165ab25019e300c55773dfd83d967d774edd0963bea09814102f5574,-72,,3,64,4.0,3
17:09:34,26.0,3,aef53504165ab25019e300c55773dfd83d967d774edd0963bea09814102f5574,-80,,3,64,4.0,3
17:09:34,26.0,3,aef53504165ab25019e300c55773dfd83d967d774edd0963bea09814102f5574,-80,,3,64,4.0,3
17:09:35,26.0,3,aef53504165ab25019e300c55773dfd83d967d774edd0963bea09814102f5574,-81,,3,64,4.0,3
17:09:36,26.0,3,10b947ed7d6b23bc545f6bcf588cddca9b9954c612e6202b1412d52582965c57,-60,,3,64,12.0,3
17:09:37,26.0,3,aef53504165ab25019e300c55773dfd83d967d774edd0963bea09814102f5574,-87,,3,64,4.0,3
17:09:38,,3,a4bd4abd36354ec998f7e759cdf96bea53d18f071494b947c883ef7fc90bde47,-91,,3,64,,3
17:09:38,26.0,3,10b947ed7d6b23bc545f6bcf588cddca9b9954c612e6202b1412d52582965c57,-51,,3,64,12.0,3
17:09:39,26.0,3,aef53504165ab25019e300c55773dfd83d967d774edd0963bea09814102f5574,-84,,3,64,4.0,3
17:09:40,26.0,3,10b947ed7d6b23bc545f6bcf588cddca9b9954c612e6202b1412d52582965c57,-51,,3,64,12.0,3
17:09:41,26.0,3,aef53504165ab25019e300c55773dfd83d967d774edd0963bea09814102f5574,-75,,3,64,4.0,3
17:09:41,,3,a4bd4abd36354ec998f7e759cdf96bea53d18f071494b947c883ef7fc90bde47,-87,,3,64,,3
17:09:42,26.0,3,633fa58bb99088d1b89af68a2eda2c2d56adbde460fba56cd16e7c00db319857,-85,,3,64,7.0,3
17:09:43,26.0,3,10b947ed7d6b23bc545f6bcf588cddca9b9954c612e6202b1412d52582965c57,-56,,3,64,12.0,3
17:09:44,26.0,3,10b947ed7d6b23bc545f6bcf588cddca9b9954c612e6202b1412d52582965c57,-59,,3,64,12.0,3
17:09:45,26.0,3,10b947ed7d6b23bc545f6bcf588cddca9b9954c612e6202b1412d52582965c57,-55,,3,64,12.0,3
17:09:45,26.0,3,10b947ed7d6b23bc545f6bcf588cddca9b9954c612e6202b1412d52582965c57,-58,,3,64,12.0,3
17:09:46,,3,a390e9d1282101931116a85457659c14ae83e71cd734e33bf3e1a49a2b896d6d,-56,,3,64,,3
17:09:47,26.0,3,aef53504165ab25019e300c55773dfd83d967d774edd0963bea09814102f5574,-75,,3,64,4.0,3
17:09:48,26.0,3,10b947ed7d6b23bc545f6bcf588cddca9b9954c612e6202b1412d52582965c57,-57,,3,64,12.0,3
17:09:49,26.0,3,10b947ed7d6b23bc545f6bcf588cddca9b9954c612e6202b1412d52582965c57,-55,,3,64,12.0,3
17:09:49,26.0,3,132c8545b269c4046f92dddc31405ea258935ec79028a35c3d12fbbafa5ac366,-74,,3,64,,3
17:09:50,26.0,3,132c8545b269c4046f92dddc31405ea258935ec79028a35c3d12fbbafa5ac366,-86,,3,64,,3
17:09:51,26.0,3,132c8545b269c4046f92dddc31405ea258935ec79028a35c3d12fbbafa5ac366,-80,,3,64,,3
17:09:52,26.0,3,aef53504165ab25019e300c55773dfd83d967d774edd0963bea09814102f5574,-86,,3,64,4.0,3
17:09:53,26.0,3,aef53504165ab25019e300c55773dfd83d967d774edd0963bea09814102f5574,-76,,3,64,4.0,3
17:09:53,26.0,3,aef53504165ab25019e300c55773dfd83d967d774edd0963bea09814102f5574,-83,,3,64,4.0,3
17:09:54,26.0,3,132c8545b269c4046f92dddc31405ea258935ec79028a35c3d12fbbafa5ac366,-77,,3,64,,3
17:09:55,26.0,3,132c8545b269c4046f92dddc31405ea258935ec79028a35c3d12fbbafa5ac366,-79,,3,64,,3
17:09:56,26.0,3,10b947ed7d6b23bc545f6bcf588cddca9b9954c612e6202b1412d52582965c57,-54,,3,64,12.0,3
17:09:57,26.0,3,132c8545b269c4046f92dddc31405ea258935ec79028a35c3d12fbbafa5ac366,-80,,3,64,,3
17:09:57,26.0,3,aef53504165ab25019e300c55773dfd83d967d774edd0963bea09814102f5574,-77,,3,64,4.0,3
17:09:58,26.0,3,132c8545b269c4046f92dddc31405ea258935ec79028a35c3d12fbbafa5ac366,-74,,3,64,,3
17:09:59,26.0,3,10b947ed7d6b23bc545f6bcf588cddca9b9954c612e6202b1412d52582965c57,-57,,3,64,12.0,3
17:10:00,26.0,3,aef53504165ab25019e300c55773dfd83d967d774edd0963bea09814102f5574,-80,,3,64,4.0,3
17:10:01,26.0,3,10b947ed7d6b23bc545f6bcf588cddca9b9954c612e6202b1412d52582965c57,-57,,3,64,12.0,3
17:10:01,26.0,3,10b947ed7d6b23bc545f6bcf588cddca9b9954c612e6202b1412d52582965c57,-53,,3,64,12.0,3
17:10:02,26.0,3,aef53504165ab25019e300c55773dfd83d967d774edd0963bea09814102f5574,-71,,3,64,4.0,3
17:10:03,26.0,3,aef53504165ab25019e300c55773dfd83d967d774edd0963bea09814102f5574,-83,,3,64,4.0,3
17:10:04,26.0,3,aef53504165ab25019e300c55773dfd83d967d774edd0963bea09814102f5574,-79,,3,64,4.0,3
17:10:05,26.0,3,132c8545b269c4046f92dddc31405ea258935ec79028a35c3d12fbbafa5ac366,-80,,3,64,,3
17:10:05,26.0,3,132c8545b269c4046f92dddc31405ea258935ec79028a35c3d12fbbafa5ac366,-76,,3,64,,3
17:10:06,26.0,3,132c8545b269c4046f92dddc31405ea258935ec79028a35c3d12fbbafa5ac366,-73,,3,64,,3
17:10:07,26.0,3,132c8545b269c4046f92dddc31405ea258935ec79028a35c3d12fbbafa5ac366,-77,,3,64,,3
17:10:08,26.0,3,10b947ed7d6b23bc545f6bcf588cddca9b9954c612e6202b1412d52582965c57,-58,,3,64,12.0,3
17:10:09,26.0,3,132c8545b269c4046f92dddc31405ea258935ec79028a35c3d12fbbafa5ac366,-81,,3,64,,3
17:10:09,26.0,3,aef53504165ab25019e300c55773dfd83d967d774edd0963bea09814102f5574,-75,,3,64,4.0,3
17:10:10,26.0,3,aef53504165ab25019e300c55773dfd83d967d774edd0963bea09814102f5574,-86,,3,64,4.0,3
17:10:11,26.0,3,aef53504165ab25019e300c55773dfd83d967d774edd0963bea09814102f5574,-76,,3,64,4.0,3
17:10:12,26.0,3,aef53504165ab25019e300c55773dfd83d967d774edd0963bea09814102f5574,-81,,3,64,4.0,3
17:10:13,26.0,3,132c8545b269c4046f92dddc31405ea258935ec79028a35c3d12fbbafa5ac366,-80,,3,64,,3
17:10:13,26.0,3,132c8545b269c4046f92dddc31405ea258935ec79028a35c3d12fbbafa5ac366,-79,,3,64,,3
17:10:14,26.0,3,132c8545b269c4046f92dddc31405ea258935ec79028a35c3d12fbbafa5ac366,-76,,3,64,,3
17:10:15,26.0,3,132c8545b269c4046f92dddc31405ea258935ec79028a35c3d12fbbafa5ac366,-85,,3,64,,3
17:10:16,26.0,3,132c8545b269c4046f92dddc31405ea258935ec79028a35c3d12fbbafa5ac366,-79,,3,64,,3
17:10:17,26.0,3,132c8545b269c4046f92dddc31405ea258935ec79028a35c3d12fbbafa5ac366,-76,,3,64,,3
17:10:17,26.0,3,aef53504165ab25019e300c55773dfd83d967d774edd0963bea09814102f5574,-75,,3,64,4.0,3
17:10:18,26.0,3,132c8545b269c4046f92dddc31405ea258935ec79028a35c3d12fbbafa5ac366,-79,,3,64,,3
17:10:19,26.0,3,10b947ed7d6b23bc545f6bcf588cddca9b9954c612e6202b1412d52582965c57,-52,,3,64,12.0,3
17:10:20,26.0,3,132c8545b269c4046f92dddc31405ea258935ec79028a35c3d12fbbafa5ac366,-75,,3,64,,3
17:10:20,26.0,3,132c8545b269c4046f92dddc31405ea258935ec79028a35c3d12fbbafa5ac366,-80,,3,64,,3
17:10:21,26.0,3,132c8545b269c4046f92dddc31405ea258935ec79028a35c3d12fbbafa5ac366,-92,,3,64,,3
17:10:22,26.0,3,132c8545b269c4046f92dddc31405ea258935ec79028a35c3d12fbbafa5ac366,-81,,3,64,,3
17:10:23,26.0,3,132c8545b269c4046f92dddc31405ea258935ec79028a35c3d12fbbafa5ac366,-85,,3,64,,3
17:10:24,26.0,3,132c8545b269c4046f92dddc31405ea258935ec79028a35c3d12fbbafa5ac366,-92,,3,64,,3
17:10:24,26.0,3,aef53504165ab25019e300c55773dfd83d967d774edd0963bea09814102f5574,-79,,3,64,4.0,3
17:10:25,26.0,3,10b947ed7d6b23bc545f6bcf588cddca9b9954c612e6202b1412d52582965c57,-61,,3,64,12.0,3
17:10:26,26.0,3,10b947ed7d6b23bc545f6bcf588cddca9b9954c612e6202b1412d52582965c57,-52,,3,64,12.0,3
17:10:27,26.0,3,aef53504165ab25019e300c55773dfd83d967d774edd0963bea09814102f5574,-76,,3,64,4.0,3
17:10:28,26.0,3,132c8545b269c4046f92dddc31405ea258935ec79028a35c3d12fbbafa5ac366,-76,,3,64,,3
17:10:28,26.0,3,132c8545b269c4046f92dddc31405ea258935ec79028a35c3d12fbbafa5ac366,-76,,3,64,,3
17:10:29,26.0,3,10b947ed7d6b23bc545f6bcf588cddca9b9954c612e6202b1412d52582965c57,-52,,3,64,12.0,3
17:10:30,26.0,3,10b947ed7d6b23bc545f6bcf588cddca9b9954c612e6202b1412d52582965c57,-59,,3,64,12.0,3
17:10:31,26.0,3,10b947ed7d6b23bc545f6bcf588cddca9b9954c612e6202b1412d52582965c57,-51,,3,64,12.0,3
17:10:32,26.0,3,10b947ed7d6b23bc545f6bcf588cddca9b9954c612e6202b1412d52582965c57,-58,,3,64,12.0,3
17:10:32,26.0,3,132c8545b269c4046f92dddc31405ea258935ec79028a35c3d12fbbafa5ac366,-81,,3,64,,3
17:10:33,26.0,3,aef53504165ab25019e300c55773dfd83d967d774edd0963bea09814102f5574,-84,,3,64,4.0,3
17:10:34,26.0,3,aef53504165ab25019e300c55773dfd83d967d774edd0963bea09814102f5574,-70,,3,64,4.0,3
17:10:35,26.0,3,aef53504165ab25019e300c55773dfd83d967d774edd0963bea09814102f5574,-80,,3,64,4.0,3
17:10:36,26.0,3,aef53504165ab25019e300c55773dfd83d967d774edd0963bea09814102f5574,-69,,3,64,4.0,3
17:10:36,26.0,3,aef53504165ab25019e300c55773dfd83d967d774edd0963bea09814102f5574,-71,,3,64,4.0,3
17:10:37,26.0,3,aef53504165ab25019e300c55773dfd83d967d774edd0963bea09814102f5574,-71,,3,64,4.0,3
17:10:38,26.0,3,aef53504165ab25019e300c55773dfd83d967d774edd0963bea09814102f5574,-71,,3,64,4.0,3
17:10:39,26.0,3,10b947ed7d6b23bc545f6bcf588cddca9b9954c612e6202b1412d52582965c57,-53,,3,64,12.0,3
17:10:40,26.0,3,10b947ed7d6b23bc545f6bcf588cddca9b9954c612e6202b1412d52582965c57,-57,,3,64,12.0,3
17:10:40,,3,a390e9d1282101931116a85457659c14ae83e71cd734e33bf3e1a49a2b896d6d,-53,,3,64,,3
17:10:41,26.0,3,10b947ed7d6b23bc545f6bcf588cddca9b9954c612e6202b1412d52582965c57,-56,,3,64,12.0,3
17:10:42,26.0,3,10b947ed7d6b23bc545f6bcf588cddca9b9954c612e6202b1412d52582965c57,-49,,3,64,12.0,3
17:10:43,26.0,3,10b947ed7d6b23bc545f6bcf588cddca9b9954c612e6202b1412d52582965c57,-61,,3,64,12.0,3
17:10:44,26.0,3,10b947ed7d6b23bc545f6bcf588cddca9b9954c612e6202b1412d52582965c57,-57,,3,64,12.0,3
17:10:44,26.0,3,10b947ed7d6b23bc545f6bcf588cddca9b9954c612e6202b1412d52582965c57,-53,,3,64,12.0,3
17:10:45,26.0,3,10b947ed7d6b23bc545f6bcf588cddca9b9954c612e6202b1412d52582965c57,-55,,3,64,12.0,3
17:10:46,26.0,3,10b947ed7d6b23bc545f6bcf588cddca9b9954c612e6202b1412d52582965c57,-54,,3,64,12.0,3
17:10:47,26.0,3,10b947ed7d6b23bc545f6bcf588cddca9b9954c612e6202b1412d52582965c57,-67,,3,64,12.0,3
17:10:48,26.0,3,10b947ed7d6b23bc545f6bcf588cddca9b9954c612e6202b1412d52582965c57,-54,,3,64,12.0,3
17:10:48,26.0,3,10b947ed7d6b23bc545f6bcf588cddca9b9954c612e6202b1412d52582965c57,-63,,3,64,12.0,3
17:10:49,26.0,3,10b947ed7d6b23bc545f6bcf588cddca9b9954c612e6202b1412d52582965c57,-56,,3,64,12.0,3
17:10:50,,3,a390e9d1282101931116a85457659c14ae83e71cd734e33bf3e1a49a2b896d6d,-56,,3,64,,3
17:10:51,,3,a390e9d1282101931116a85457659c14ae83e71cd734e33bf3e1a49a2b896d6d,-70,,3,64,,3
17:10:52,,3,a390e9d1282101931116a85457659c14ae83e71cd734e33bf3e1a49a2b896d6d,-58,,3,64,,3
17:10:52,26.0,3,10b947ed7d6b23bc545f6bcf588cddca9b9954c612e6202b1412d52582965c57,-55,,3,64,12.0,3
17:10:53,26.0,3,10b947ed7d6b23bc545f6bcf588cddca9b9954c612e6202b1412d52582965c57,-62,,3,64,12.0,3
17:10:54,26.0,3,10b947ed7d6b23bc545f6bcf588cddca9b9954c612e6202b1412d52582965c57,-49,,3,64,12.0,3
17:10:55,26.0,3,10b947ed7d6b23bc545f6bcf588cddca9b9954c612e6202b1412d52582965c57,-57,,3,64,12.0,3
17:10:56,26.0,3,10b947ed7d6b23bc545f6bcf588cddca9b9954c612e6202b1412d52582965c57,-64,,3,64,12.0,3
17:10:56,26.0,3,10b947ed7d6b23bc545f6bcf588cddca9b9954c612e6202b1412d52582965c57,-62,,3,64,12.0,3
17:10:57,26.0,3,10b947ed7d6b23bc545f6bcf588cddca9b9954c612e6202b1412d52582965c57,-61,,3,64,12.0,3
17:10:58,26.0,3,10b947ed7d6b23bc545f6bcf588cddca9b9954c612e6202b1412d52582965c57,-58,,3,64,12.0,3
17:10:59,26.0,3,10b947ed7d6b23bc545f6bcf588cddca9b9954c612e6202b1412d52582965c57,-56,,3,64,12.0,3
17:11:00,26.0,3,10b947ed7d6b23bc545f6bcf588cddca9b9954c612e6202b1412d52582965c57,-58,,3,64,12.0,3
17:11:00,26.0,3,10b947ed7d6b23bc545f6bcf588cddca9b9954c612e6202b1412d52582965c57,-56,,3,64,12.0,3
17:11:01,26.0,3,10b947ed7d6b23bc545f6bcf588cddca9b9954c612e6202b1412d52582965c57,-51,,3,64,12.0,3
17:11:02,26.0,3,10b947ed7d6b23bc545f6bcf588cddca9b9954c612e6202b1412d52582965c57,-53,,3,64,12.0,3
17:11:03,26.0,3,10b947ed7d6b23bc545f6bcf588cddca9b9954c612e6202b1412d52582965c57,-58,,3,64,12.0,3
17:11:04,26.0,3,10b947ed7d6b23bc545f6bcf588cddca9b9954c612e6202b1412d52582965c57,-53,,3,64,12.0,3
17:11:04,26.0,3,10b947ed7d6b23bc545f6bcf588cddca9b9954c612e6202b1412d52582965c57,-61,,3,64,12.0,3
17:11:05,26.0,3,10b947ed7d6b23bc545f6bcf588cddca9b9954c612e6202b1412d52582965c57,-53,,3,64,12.0,3
17:11:06,26.0,3,10b947ed7d6b23bc545f6bcf588cddca9b9954c612e6202b1412d52582965c57,-60,,3,64,12.0,3
17:11:07,,3,a390e9d1282101931116a85457659c14ae83e71cd734e33bf3e1a49a2b896d6d,-53,,3,64,,3
17:11:07,,3,a390e9d1282101931116a85457659c14ae83e71cd734e33bf3e1a49a2b896d6d,-57,,3,64,,3
17:11:08,,3,a390e9d1282101931116a85457659c14ae83e71cd734e33bf3e1a49a2b896d6d,-57,,3,64,,3
17:11:09,,3,a390e9d1282101931116a85457659c14ae83e71cd734e33bf3e1a49a2b896d6d,-53,,3,64,,3
17:11:10,,3,a390e9d1282101931116a85457659c14ae83e71cd734e33bf3e1a49a2b896d6d,-56,,3,64,,3
17:11:11,,3,a390e9d1282101931116a85457659c14ae83e71cd734e33bf3e1a49a2b896d6d,-57,,3,64,,3
17:11:11,,3,a390e9d1282101931116a85457659c14ae83e71cd734e33bf3e1a49a2b896d6d,-53,,3,64,,3
17:11:12,,3,a390e9d1282101931116a85457659c14ae83e71cd734e33bf3e1a49a2b896d6d,-66,,3,64,,3
17:11:13,26.0,3,10b947ed7d6b23bc545f6bcf588cddca9b9954c612e6202b1412d52582965c57,-65,,3,64,12.0,3
17:11:14,,3,a390e9d1282101931116a85457659c14ae83e71cd734e33bf3e1a49a2b896d6d,-65,,3,64,,3
17:11:15,26.0,3,10b947ed7d6b23bc545f6bcf588cddca9b9954c612e6202b1412d52582965c57,-70,,3,64,12.0,3
17:11:15,26.0,3,10b947ed7d6b23bc545f6bcf588cddca9b9954c612e6202b1412d52582965c57,-85,,3,64,12.0,3
17:11:16,26.0,3,10b947ed7d6b23bc545f6bcf588cddca9b9954c612e6202b1412d52582965c57,-82,,3,64,12.0,3
17:11:17,26.0,3,10b947ed7d6b23bc545f6bcf588cddca9b9954c612e6202b1412d52582965c57,-65,,3,64,12.0,3
17:11:18,26.0,3,10b947ed7d6b23bc545f6bcf588cddca9b9954c612e6202b1412d52582965c57,-57,,3,64,12.0,3
17:11:19,,3,a390e9d1282101931116a85457659c14ae83e71cd734e33bf3e1a49a2b896d6d,-56,,3,64,,3
17:11:19,26.0,3,10b947ed7d6b23bc545f6bcf588cddca9b9954c612e6202b1412d52582965c57,-59,,3,64,12.0,3
17:11:20,26.0,3,10b947ed7d6b23bc545f6bcf588cddca9b9954c612e6202b1412d52582965c57,-60,,3,64,12.0,3
17:11:21,26.0,3,10b947ed7d6b23bc545f6bcf588cddca9b9954c612e6202b1412d52582965c57,-59,,3,64,12.0,3
17:11:22,26.0,3,10b947ed7d6b23bc545f6bcf588cddca9b9954c612e6202b1412d52582965c57,-66,,3,64,12.0,3
17:11:23,,3,a390e9d1282101931116a85457659c14ae83e71cd734e33bf3e1a49a2b896d6d,-69,,3,64,,3
17:11:23,26.0,3,10b947ed7d6b23bc545f6bcf588cddca9b9954c612e6202b1412d52582965c57,-67,,3,64,12.0,3
17:11:24,26.0,3,10b947ed7d6b23bc545f6bcf588cddca9b9954c612e6202b1412d52582965c57,-50,,3,64,12.0,3
17:11:25,26.0,3,10b947ed7d6b23bc545f6bcf588cddca9b9954c612e6202b1412d52582965c57,-52,,3,64,12.0,3
17:11:26,,3,a390e9d1282101931116a85457659c14ae83e71cd734e33bf3e1a49a2b896d6d,-53,,3,64,,3
17:11:27,26.0,3,10b947ed7d6b23bc545f6bcf588cddca9b9954c612e6202b1412d52582965c57,-58,,3,64,12.0,3
17:11:27,26.0,3,10b947ed7d6b23bc545f6bcf588cddca9b9954c612e6202b1412d52582965c57,-50,,3,64,12.0,3
17:11:28,26.0,3,10b947ed7d6b23bc545f6bcf588cddca9b9954c612e6202b1412d52582965c57,-55,,3,64,12.0,3
17:11:29,26.0,3,10b947ed7d6b23bc545f6bcf588cddca9b9954c612e6202b1412d52582965c57,-56,,3,64,12.0,3
17:11:30,26.0,3,10b947ed7d6b23bc545f6bcf588cddca9b9954c612e6202b1412d52582965c57,-54,,3,64,12.0,3
17:11:31,26.0,3,10b947ed7d6b23bc545f6bcf588cddca9b9954c612e6202b1412d52582965c57,-52,,3,64,12.0,3
17:11:31,,3,a390e9d1282101931116a85457659c14ae83e71cd734e33bf3e1a49a2b896d6d,-55,,3,64,,3
17:11:32,26.0,3,10b947ed7d6b23bc545f6bcf588cddca9b9954c612e6202b1412d52582965c57,-50,,3,64,12.0,3
17:11:33,26.0,3,10b947ed7d6b23bc545f6bcf588cddca9b9954c612e6202b1412d52582965c57,-52,,3,64,12.0,3
17:11:34,26.0,3,10b947ed7d6b23bc545f6bcf588cddca9b9954c612e6202b1412d52582965c57,-51,,3,64,12.0,3
17:11:35,26.0,3,10b947ed7d6b23bc545f6bcf588cddca9b9954c612e6202b1412d52582965c57,-53,,3,64,12.0,3
17:11:35,26.0,3,10b947ed7d6b23bc545f6bcf588cddca9b9954c612e6202b1412d52582965c57,-53,,3,64,12.0,3
17:11:36,26.0,3,10b947ed7d6b23bc545f6bcf588cddca9b9954c612e6202b1412d52582965c57,-50,,3,64,12.0,3
17:11:37,26.0,3,10b947ed7d6b23bc545f6bcf588cddca9b9954c612e6202b1412d52582965c57,-49,,3,64,12.0,3
17:11:38,26.0,3,10b947ed7d6b23bc545f6bcf588cddca9b9954c612e6202b1412d52582965c57,-48,,3,64,12.0,3
17:11:39,26.0,3,10b947ed7d6b23bc545f6bcf588cddca9b9954c612e6202b1412d52582965c57,-52,,3,64,12.0,3
17:11:39,26.0,3,10b947ed7d6b23bc545f6bcf588cddca9b9954c612e6202b1412d52582965c57,-51,,3,64,12.0,3
17:11:40,26.0,3,10b947ed7d6b23bc545f6bcf588cddca9b9954c612e6202b1412d52582965c57,-53,,3,64,12.0,3
17:11:41,26.0,3,10b947ed7d6b23bc545f6bcf588cddca9b9954c612e6202b1412d52582965c57,-48,,3,64,12.0,3
17:11:42,26.0,3,10b947ed7d6b23bc545f6bcf588cddca9b9954c612e6202b1412d52582965c57,-54,,3,64,12.0,3
17:11:43,26.0,3,10b947ed7d6b23bc545f6bcf588cddca9b9954c612e6202b1412d52582965c57,-50,,3,64,12.0,3
17:11:43,26.0,3,10b947ed7d6b23bc545f6bcf588cddca9b9954c612e6202b1412d52582965c57,-54,,3,64,12.0,3
17:11:44,26.0,3,10b947ed7d6b23bc545f6bcf588cddca9b9954c612e6202b1412d52582965c57,-57,,3,64,12.0,3
17:11:45,26.0,3,10b947ed7d6b23bc545f6bcf588cddca9b9954c612e6202b1412d52582965c57,-56,,3,64,12.0,3
17:11:46,26.0,3,10b947ed7d6b23bc545f6bcf588cddca9b9954c612e6202b1412d52582965c57,-56,,3,64,12.0,3
17:11:47,26.0,3,10b947ed7d6b23bc545f6bcf588cddca9b9954c612e6202b1412d52582965c57,-63,,3,64,12.0,3
17:11:47,26.0,3,10b947ed7d6b23bc545f6bcf588cddca9b9954c612e6202b1412d52582965c57,-59,,3,64,12.0,3
17:11:48,26.0,3,10b947ed7d6b23bc545f6bcf588cddca9b9954c612e6202b1412d52582965c57,-54,,3,64,12.0,3
17:11:49,26.0,3,10b947ed7d6b23bc545f6bcf588cddca9b9954c612e6202b1412d52582965c57,-57,,3,64,12.0,3
17:11:50,26.0,3,10b947ed7d6b23bc545f6bcf588cddca9b9954c612e6202b1412d52582965c57,-55,,3,64,12.0,3
17:11:51,26.0,3,10b947ed7d6b23bc545f6bcf588cddca9b9954c612e6202b1412d52582965c57,-58,,3,64,12.0,3
17:11:51,26.0,3,10b947ed7d6b23bc545f6bcf588cddca9b9954c612e6202b1412d52582965c57,-56,,3,64,12.0,3
17:11:52,26.0,3,10b947ed7d6b23bc545f6bcf588cddca9b9954c612e6202b1412d52582965c57,-62,,3,64,12.0,3
17:11:53,26.0,3,10b947ed7d6b23bc545f6bcf588cddca9b9954c612e6202b1412d52582965c57,-56,,3,64,12.0,3
17:11:54,26.0,3,10b947ed7d6b23bc545f6bcf588cddca9b9954c612e6202b1412d52582965c57,-58,,3,64,12.0,3
17:11:54,26.0,3,10b947ed7d6b23bc545f6bcf588cddca9b9954c612e6202b1412d52582965c57,-57,,3,64,12.0,3
17:11:55,26.0,3,10b947ed7d6b23bc545f6bcf588cddca9b9954c612e6202b1412d52582965c57,-57,,3,64,12.0,3
17:11:56,26.0,3,10b947ed7d6b23bc545f6bcf588cddca9b9954c612e6202b1412d52582965c57,-62,,3,64,12.0,3
17:11:57,26.0,3,10b947ed7d6b23bc545f6bcf588cddca9b9954c612e6202b1412d52582965c57,-57,,3,64,12.0,3
17:11:58,26.0,3,10b947ed7d6b23bc545f6bcf588cddca9b9954c612e6202b1412d52582965c57,-63,,3,64,12.0,3
17:11:58,26.0,3,10b947ed7d6b23bc545f6bcf588cddca9b9954c612e6202b1412d52582965c57,-55,,3,64,12.0,3
17:11:59,,3,a390e9d1282101931116a85457659c14ae83e71cd734e33bf3e1a49a2b896d6d,-62,,3,64,,3
17:12:00,26.0,3,10b947ed7d6b23bc545f6bcf588cddca9b9954c612e6202b1412d52582965c57,-63,,3,64,12.0,3
17:12:01,26.0,3,10b947ed7d6b23bc545f6bcf588cddca9b9954c612e6202b1412d52582965c57,-62,,3,64,12.0,3
17:12:02,26.0,3,10b947ed7d6b23bc545f6bcf588cddca9b9954c612e6202b1412d52582965c57,-63,,3,64,12.0,3
17:12:02,26.0,3,10b947ed7d6b23bc545f6bcf588cddca9b9954c612e6202b1412d52582965c57,-61,,3,64,12.0,3
17:12:03,,3,a390e9d1282101931116a85457659c14ae83e71cd734e33bf3e1a49a2b896d6d,-65,,3,64,,3
17:12:04,26.0,3,10b947ed7d6b23bc545f6bcf588cddca9b9954c612e6202b1412d52582965c57,-57,,3,64,12.0,3
17:12:05,26.0,3,10b947ed7d6b23bc545f6bcf588cddca9b9954c612e6202b1412d52582965c57,-60,,3,64,12.0,3
17:12:06,26.0,3,10b947ed7d6b23bc545f6bcf588cddca9b9954c612e6202b1412d52582965c57,-57,,3,64,12.0,3
17:12:06,26.0,3,10b947ed7d6b23bc545f6bcf588cddca9b9954c612e6202b1412d52582965c57,-63,,3,64,12.0,3
17:12:07,,3,a390e9d1282101931116a85457659c14ae83e71cd734e33bf3e1a49a2b896d6d,-60,,3,64,,3
17:12:08,26.0,3,10b947ed7d6b23bc545f6bcf588cddca9b9954c612e6202b1412d52582965c57,-67,,3,64,12.0,3
17:12:09,26.0,3,10b947ed7d6b23bc545f6bcf588cddca9b9954c612e6202b1412d52582965c57,-63,,3,64,12.0,3
17:12:10,26.0,3,10b947ed7d6b23bc545f6bcf588cddca9b9954c612e6202b1412d52582965c57,-57,,3,64,12.0,3
17:12:10,26.0,3,10b947ed7d6b23bc545f6bcf588cddca9b9954c612e6202b1412d52582965c57,-62,,3,64,12.0,3
17:12:11,26.0,3,10b947ed7d6b23bc545f6bcf588cddca9b9954c612e6202b1412d52582965c57,-61,,3,64,12.0,3
17:12:12,26.0,3,10b947ed7d6b23bc545f6bcf588cddca9b9954c612e6202b1412d52582965c57,-62,,3,64,12.0,3
17:12:13,26.0,3,10b947ed7d6b23bc545f6bcf588cddca9b9954c612e6202b1412d52582965c57,-62,,3,64,12.0,3
17:12:14,26.0,3,10b947ed7d6b23bc545f6bcf588cddca9b9954c612e6202b1412d52582965c57,-61,,3,64,12.0,3
17:12:14,26.0,3,10b947ed7d6b23bc545f6bcf588cddca9b9954c612e6202b1412d52582965c57,-62,,3,64,12.0,3
17:12:15,,3,a390e9d1282101931116a85457659c14ae83e71cd734e33bf3e1a49a2b896d6d,-63,,3,64,,3
17:12:16,26.0,3,10b947ed7d6b23bc545f6bcf588cddca9b9954c612e6202b1412d52582965c57,-61,,3,64,12.0,3
17:12:17,26.0,3,10b947ed7d6b23bc545f6bcf588cddca9b9954c612e6202b1412d52582965c57,-61,,3,64,12.0,3
17:12:18,26.0,3,10b947ed7d6b23bc545f6bcf588cddca9b9954c612e6202b1412d52582965c57,-61,,3,64,12.0,3
17:12:18,26.0,3,10b947ed7d6b23bc545f6bcf588cddca9b9954c612e6202b1412d52582965c57,-61,,3,64,12.0,3
17:12:19,,3,a390e9d1282101931116a85457659c14ae83e71cd734e33bf3e1a49a2b896d6d,-62,,3,64,,3
17:12:20,26.0,3,10b947ed7d6b23bc545f6bcf588cddca9b9954c612e6202b1412d52582965c57,-62,,3,64,12.0,3
17:12:21,26.0,3,10b947ed7d6b23bc545f6bcf588cddca9b9954c612e6202b1412d52582965c57,-63,,3,64,12.0,3
17:12:22,26.0,3,10b947ed7d6b23bc545f6bcf588cddca9b9954c612e6202b1412d52582965c57,-62,,3,64,12.0,3
17:12:22,26.0,3,10b947ed7d6b23bc545f6bcf588cddca9b9954c612e6202b1412d52582965c57,-63,,3,64,12.0,3
17:12:23,26.0,3,10b947ed7d6b23bc545f6bcf588cddca9b9954c612e6202b1412d52582965c57,-62,,3,64,12.0,3
17:12:24,26.0,3,10b947ed7d6b23bc545f6bcf588cddca9b9954c612e6202b1412d52582965c57,-63,,3,64,12.0,3
17:12:25,26.0,3,10b947ed7d6b23bc545f6bcf588cddca9b9954c612e6202b1412d52582965c57,-70,,3,64,12.0,3
17:12:26,26.0,3,10b947ed7d6b23bc545f6bcf588cddca9b9954c612e6202b1412d52582965c57,-63,,3,64,12.0,3
17:12:26,26.0,3,10b947ed7d6b23bc545f6bcf588cddca9b9954c612e6202b1412d52582965c57,-53,,3,64,12.0,3
17:12:27,26.0,3,10b947ed7d6b23bc545f6bcf588cddca9b9954c612e6202b1412d52582965c57,-53,,3,64,12.0,3
17:12:28,26.0,3,10b947ed7d6b23bc545f6bcf588cddca9b9954c612e6202b1412d52582965c57,-51,,3,64,12.0,3
17:12:29,26.0,3,10b947ed7d6b23bc545f6bcf588cddca9b9954c612e6202b1412d52582965c57,-53,,3,64,12.0,3
17:12:30,26.0,3,10b947ed7d6b23bc545f6bcf588cddca9b9954c612e6202b1412d52582965c57,-50,,3,64,12.0,3
17:12:30,,3,a390e9d1282101931116a85457659c14ae83e71cd734e33bf3e1a49a2b896d6d,-53,,3,64,,3
17:12:31,,3,a390e9d1282101931116a85457659c14ae83e71cd734e33bf3e1a49a2b896d6d,-51,,3,64,,3
17:12:32,,3,a390e9d1282101931116a85457659c14ae83e71cd734e33bf3e1a49a2b896d6d,-54,,3,64,,3
17:12:33,,3,a390e9d1282101931116a85457659c14ae83e71cd734e33bf3e1a49a2b896d6d,-52,,3,64,,3
17:12:33,,3,a390e9d1282101931116a85457659c14ae83e71cd734e33bf3e1a49a2b896d6d,-51,,3,64,,3
17:12:34,,3,a390e9d1282101931116a85457659c14ae83e71cd734e33bf3e1a49a2b896d6d,-62,,3,64,,3
17:12:35,26.0,3,10b947ed7d6b23bc545f6bcf588cddca9b9954c612e6202b1412d52582965c57,-57,,3,64,12.0,3
17:12:36,,3,a390e9d1282101931116a85457659c14ae83e71cd734e33bf3e1a49a2b896d6d,-57,,3,64,,3
17:12:37,26.0,3,10b947ed7d6b23bc545f6bcf588cddca9b9954c612e6202b1412d52582965c57,-74,,3,64,12.0,3
17:12:37,26.0,3,10b947ed7d6b23bc545f6bcf588cddca9b9954c612e6202b1412d52582965c57,-57,,3,64,12.0,3
17:12:38,26.0,3,10b947ed7d6b23bc545f6bcf588cddca9b9954c612e6202b1412d52582965c57,-55,,3,64,12.0,3
17:12:39,26.0,3,10b947ed7d6b23bc545f6bcf588cddca9b9954c612e6202b1412d52582965c57,-61,,3,64,12.0,3
17:12:40,,3,a390e9d1282101931116a85457659c14ae83e71cd734e33bf3e1a49a2b896d6d,-51,,3,64,,3
17:12:41,26.0,3,10b947ed7d6b23bc545f6bcf588cddca9b9954c612e6202b1412d52582965c57,-51,,3,64,12.0,3
17:12:41,26.0,3,10b947ed7d6b23bc545f6bcf588cddca9b9954c612e6202b1412d52582965c57,-53,,3,64,12.0,3
17:12:42,26.0,3,10b947ed7d6b23bc545f6bcf588cddca9b9954c612e6202b1412d52582965c57,-49,,3,64,12.0,3
17:12:43,,3,a390e9d1282101931116a85457659c14ae83e71cd734e33bf3e1a49a2b896d6d,-77,,3,64,,3
17:12:44,26.0,3,10b947ed7d6b23bc545f6bcf588cddca9b9954c612e6202b1412d52582965c57,-59,,3,64,12.0,3
17:12:45,26.0,3,10b947ed7d6b23bc545f6bcf588cddca9b9954c612e6202b1412d52582965c57,-66,,3,64,12.0,3
17:12:45,26.0,3,10b947ed7d6b23bc545f6bcf588cddca9b9954c612e6202b1412d52582965c57,-50,,3,64,12.0,3
17:12:46,26.0,3,10b947ed7d6b23bc545f6bcf588cddca9b9954c612e6202b1412d52582965c57,-63,,3,64,12.0,3
17:12:47,,3,a390e9d1282101931116a85457659c14ae83e71cd734e33bf3e1a49a2b896d6d,-63,,3,64,,3
17:12:48,26.0,3,10b947ed7d6b23bc545f6bcf588cddca9b9954c612e6202b1412d52582965c57,-51,,3,64,12.0,3
17:12:49,26.0,3,10b947ed7d6b23bc545f6bcf588cddca9b9954c612e6202b1412d52582965c57,-64,,3,64,12.0,3
17:12:49,,3,a390e9d1282101931116a85457659c14ae83e71cd734e33bf3e1a49a2b896d6d,-51,,3,64,,3
17:12:50,26.0,3,10b947ed7d6b23bc545f6bcf588cddca9b9954c612e6202b1412d52582965c57,-59,,3,64,12.0,3
17:12:51,26.0,3,10b947ed7d6b23bc545f6bcf588cddca9b9954c612e6202b1412d52582965c57,-51,,3,64,12.0,3
17:12:52,26.0,3,10b947ed7d6b23bc545f6bcf588cddca9b9954c612e6202b1412d52582965c57,-66,,3,64,12.0,3
17:12:53,26.0,3,10b947ed7d6b23bc545f6bcf588cddca9b9954c612e6202b1412d52582965c57,-61,,3,64,12.0,3
17:12:53,26.0,3,10b947ed7d6b23bc545f6bcf588cddca9b9954c612e6202b1412d52582965c57,-66,,3,64,12.0,3
17:12:54,26.0,3,10b947ed7d6b23bc545f6bcf588cddca9b9954c612e6202b1412d52582965c57,-64,,3,64,12.0,3
17:12:55,26.0,3,10b947ed7d6b23bc545f6bcf588cddca9b9954c612e6202b1412d52582965c57,-51,,3,64,12.0,3
17:12:56,26.0,3,10b947ed7d6b23bc545f6bcf588cddca9b9954c612e6202b1412d52582965c57,-59,,3,64,12.0,3
17:12:57,26.0,3,10b947ed7d6b23bc545f6bcf588cddca9b9954c612e6202b1412d52582965c57,-51,,3,64,12.0,3
17:12:57,,3,a390e9d1282101931116a85457659c14ae83e71cd734e33bf3e1a49a2b896d6d,-55,,3,64,,3
17:12:58,26.0,3,10b947ed7d6b23bc545f6bcf588cddca9b9954c612e6202b1412d52582965c57,-58,,3,64,12.0,3
17:12:59,26.0,3,10b947ed7d6b23bc545f6bcf588cddca9b9954c612e6202b1412d52582965c57,-54,,3,64,12.0,3
17:13:00,26.0,3,10b947ed7d6b23bc545f6bcf588cddca9b9954c612e6202b1412d52582965c57,-57,,3,64,12.0,3
17:13:01,26.0,3,10b947ed7d6b23bc545f6bcf588cddca9b9954c612e6202b1412d52582965c57,-66,,3,64,12.0,3
17:13:01,,3,a390e9d1282101931116a85457659c14ae83e71cd734e33bf3e1a49a2b896d6d,-61,,3,64,,3
17:13:02,26.0,3,10b947ed7d6b23bc545f6bcf588cddca9b9954c612e6202b1412d52582965c57,-59,,3,64,12.0,3
17:13:03,26.0,3,10b947ed7d6b23bc545f6bcf588cddca9b9954c612e6202b1412d52582965c57,-70,,3,64,12.0,3
17:13:04,26.0,3,10b947ed7d6b23bc545f6bcf588cddca9b9954c612e6202b1412d52582965c57,-57,,3,64,12.0,3
17:13:05,26.0,3,10b947ed7d6b23bc545f6bcf588cddca9b9954c612e6202b1412d52582965c57,-59,,3,64,12.0,3
17:13:05,26.0,3,10b947ed7d6b23bc545f6bcf588cddca9b9954c612e6202b1412d52582965c57,-55,,3,64,12.0,3
17:13:06,26.0,3,10b947ed7d6b23bc545f6bcf588cddca9b9954c612e6202b1412d52582965c57,-68,,3,64,12.0,3
17:13:07,26.0,3,10b947ed7d6b23bc545f6bcf588cddca9b9954c612e6202b1412d52582965c57,-69,,3,64,12.0,3
17:13:08,26.0,3,10b947ed7d6b23bc545f6bcf588cddca9b9954c612e6202b1412d52582965c57,-62,,3,64,12.0,3
17:13:09,26.0,3,10b947ed7d6b23bc545f6bcf588cddca9b9954c612e6202b1412d52582965c57,-60,,3,64,12.0,3
17:13:09,26.0,3,10b947ed7d6b23bc545f6bcf588cddca9b9954c612e6202b1412d52582965c57,-65,,3,64,12.0,3
17:13:10,,3,a390e9d1282101931116a85457659c14ae83e71cd734e33bf3e1a49a2b896d6d,-59,,3,64,,3
17:13:11,,3,a390e9d1282101931116a85457659c14ae83e71cd734e33bf3e1a49a2b896d6d,-60,,3,64,,3
17:13:12,,3,a390e9d1282101931116a85457659c14ae83e71cd734e33bf3e1a49a2b896d6d,-71,,3,64,,3
17:13:13,,3,a390e9d1282101931116a85457659c14ae83e71cd734e33bf3e1a49a2b896d6d,-57,,3,64,,3
17:13:13,,3,a390e9d1282101931116a85457659c14ae83e71cd734e33bf3e1a49a2b896d6d,-58,,3,64,,3
17:13:14,,3,a390e9d1282101931116a85457659c14ae83e71cd734e33bf3e1a49a2b896d6d,-70,,3,64,,3
17:13:15,,3,a390e9d1282101931116a85457659c14ae83e71cd734e33bf3e1a49a2b896d6d,-57,,3,64,,3
17:13:16,,3,a390e9d1282101931116a85457659c14ae83e71cd734e33bf3e1a49a2b896d6d,-58,,3,64,,3
17:13:16,,3,dcfacd34b8a6cb2f356167a39d888dd5c9a0a98ac8567e328c773b2884f8ab38,-93,,3,64,,3
17:13:17,,3,a390e9d1282101931116a85457659c14ae83e71cd734e33bf3e1a49a2b896d6d,-63,,3,64,,3
17:13:18,,3,a390e9d1282101931116a85457659c14ae83e71cd734e33bf3e1a49a2b896d6d,-57,,3,64,,3
17:13:19,,3,a390e9d1282101931116a85457659c14ae83e71cd734e33bf3e1a49a2b896d6d,-56,,3,64,,3
17:13:21,,3,a390e9d1282101931116a85457659c14ae83e71cd734e33bf3e1a49a2b896d6d,-58,,3,64,,3
17:13:23,,3,a390e9d1282101931116a85457659c14ae83e71cd734e33bf3e1a49a2b896d6d,-55,,3,64,,3
17:13:25,,3,a390e9d1282101931116a85457659c14ae83e71cd734e33bf3e1a49a2b896d6d,-62,,3,64,,3
17:13:27,,3,a390e9d1282101931116a85457659c14ae83e71cd734e33bf3e1a49a2b896d6d,-74,,3,64,,3
17:13:29,,3,a390e9d1282101931116a85457659c14ae83e71cd734e33bf3e1a49a2b896d6d,-61,,3,64,,3
17:13:31,,3,a390e9d1282101931116a85457659c14ae83e71cd734e33bf3e1a49a2b896d6d,-54,,3,64,,3
17:13:47,26.0,3,10b947ed7d6b23bc545f6bcf588cddca9b9954c612e6202b1412d52582965c57,-58,,3,64,12.0,3
17:13:48,,3,a390e9d1282101931116a85457659c14ae83e71cd734e33bf3e1a49a2b896d6d,-58,,3,64,,3
17:13:49,26.0,3,10b947ed7d6b23bc545f6bcf588cddca9b9954c612e6202b1412d52582965c57,-64,,3,64,12.0,3
17:13:50,26.0,3,10b947ed7d6b23bc545f6bcf588cddca9b9954c612e6202b1412d52582965c57,-56,,3,64,12.0,3
17:13:50,26.0,3,10b947ed7d6b23bc545f6bcf588cddca9b9954c612e6202b1412d52582965c57,-63,,3,64,12.0,3
17:13:51,,3,a390e9d1282101931116a85457659c14ae83e71cd734e33bf3e1a49a2b896d6d,-70,,3,64,,3
17:13:52,26.0,3,10b947ed7d6b23bc545f6bcf588cddca9b9954c612e6202b1412d52582965c57,-65,,3,64,12.0,3
17:13:53,26.0,3,10b947ed7d6b23bc545f6bcf588cddca9b9954c612e6202b1412d52582965c57,-63,,3,64,12.0,3
17:13:54,26.0,3,10b947ed7d6b23bc545f6bcf588cddca9b9954c612e6202b1412d52582965c57,-65,,3,64,12.0,3
17:13:54,,3,a390e9d1282101931116a85457659c14ae83e71cd734e33bf3e1a49a2b896d6d,-57,,3,64,,3
17:13:55,26.0,3,10b947ed7d6b23bc545f6bcf588cddca9b9954c612e6202b1412d52582965c57,-68,,3,64,12.0,3
17:13:56,26.0,3,10b947ed7d6b23bc545f6bcf588cddca9b9954c612e6202b1412d52582965c57,-65,,3,64,12.0,3
17:13:57,26.0,3,10b947ed7d6b23bc545f6bcf588cddca9b9954c612e6202b1412d52582965c57,-62,,3,64,12.0,3
17:13:58,26.0,3,10b947ed7d6b23bc545f6bcf588cddca9b9954c612e6202b1412d52582965c57,-69,,3,64,12.0,3
17:13:58,26.0,3,10b947ed7d6b23bc545f6bcf588cddca9b9954c612e6202b1412d52582965c57,-70,,3,64,12.0,3
17:13:59,,3,a390e9d1282101931116a85457659c14ae83e71cd734e33bf3e1a49a2b896d6d,-72,,3,64,,3
17:14:00,26.0,3,10b947ed7d6b23bc545f6bcf588cddca9b9954c612e6202b1412d52582965c57,-61,,3,64,12.0,3
17:14:01,26.0,3,10b947ed7d6b23bc545f6bcf588cddca9b9954c612e6202b1412d52582965c57,-67,,3,64,12.0,3
17:14:02,26.0,3,10b947ed7d6b23bc545f6bcf588cddca9b9954c612e6202b1412d52582965c57,-70,,3,64,12.0,3
17:14:02,26.0,3,10b947ed7d6b23bc545f6bcf588cddca9b9954c612e6202b1412d52582965c57,-57,,3,64,12.0,3
17:14:03,,3,a390e9d1282101931116a85457659c14ae83e71cd734e33bf3e1a49a2b896d6d,-62,,3,64,,3
17:14:04,26.0,3,10b947ed7d6b23bc545f6bcf588cddca9b9954c612e6202b1412d52582965c57,-60,,3,64,12.0,3
17:14:05,26.0,3,10b947ed7d6b23bc545f6bcf588cddca9b9954c612e6202b1412d52582965c57,-57,,3,64,12.0,3
17:14:06,26.0,3,10b947ed7d6b23bc545f6bcf588cddca9b9954c612e6202b1412d52582965c57,-67,,3,64,12.0,3
17:14:06,26.0,3,10b947ed7d6b23bc545f6bcf588cddca9b9954c612e6202b1412d52582965c57,-61,,3,64,12.0,3
17:14:07,26.0,3,10b947ed7d6b23bc545f6bcf588cddca9b9954c612e6202b1412d52582965c57,-57,,3,64,12.0,3
17:14:08,26.0,3,10b947ed7d6b23bc545f6bcf588cddca9b9954c612e6202b1412d52582965c57,-64,,3,64,12.0,3
17:14:09,26.0,3,10b947ed7d6b23bc545f6bcf588cddca9b9954c612e6202b1412d52582965c57,-56,,3,64,12.0,3
17:14:10,26.0,3,10b947ed7d6b23bc545f6bcf588cddca9b9954c612e6202b1412d52582965c57,-65,,3,64,12.0,3
17:14:10,26.0,3,10b947ed7d6b23bc545f6bcf588cddca9b9954c612e6202b1412d52582965c57,-72,,3,64,12.0,3
17:14:11,26.0,3,10b947ed7d6b23bc545f6bcf588cddca9b9954c612e6202b1412d52582965c57,-57,,3,64,12.0,3
17:14:12,26.0,3,10b947ed7d6b23bc545f6bcf588cddca9b9954c612e6202b1412d52582965c57,-62,,3,64,12.0,3
17:14:13,26.0,3,10b947ed7d6b23bc545f6bcf588cddca9b9954c612e6202b1412d52582965c57,-65,,3,64,12.0,3
17:14:14,26.0,3,10b947ed7d6b23bc545f6bcf588cddca9b9954c612e6202b1412d52582965c57,-54,,3,64,12.0,3
17:14:14,26.0,3,10b947ed7d6b23bc545f6bcf588cddca9b9954c612e6202b1412d52582965c57,-60,,3,64,12.0,3
17:14:15,26.0,3,10b947ed7d6b23bc545f6bcf588cddca9b9954c612e6202b1412d52582965c57,-58,,3,64,12.0,3
17:14:16,26.0,3,10b947ed7d6b23bc545f6bcf588cddca9b9954c612e6202b1412d52582965c57,-64,,3,64,12.0,3
17:14:17,26.0,3,10b947ed7d6b23bc545f6bcf588cddca9b9954c612e6202b1412d52582965c57,-63,,3,64,12.0,3
17:14:18,26.0,3,10b947ed7d6b23bc545f6bcf588cddca9b9954c612e6202b1412d52582965c57,-63,,3,64,12.0,3
17:14:18,26.0,3,10b947ed7d6b23bc545f6bcf588cddca9b9954c612e6202b1412d52582965c57,-58,,3,64,12.0,3
17:14:19,26.0,3,10b947ed7d6b23bc545f6bcf588cddca9b9954c612e6202b1412d52582965c57,-64,,3,64,12.0,3
17:14:20,26.0,3,10b947ed7d6b23bc545f6bcf588cddca9b9954c612e6202b1412d52582965c57,-57,,3,64,12.0,3
17:14:21,26.0,3,10b947ed7d6b23bc545f6bcf588cddca9b9954c612e6202b1412d52582965c57,-63,,3,64,12.0,3
17:14:22,26.0,3,10b947ed7d6b23bc545f6bcf588cddca9b9954c612e6202b1412d52582965c57,-55,,3,64,12.0,3
17:14:22,26.0,3,10b947ed7d6b23bc545f6bcf588cddca9b9954c612e6202b1412d52582965c57,-65,,3,64,12.0,3
17:14:23,26.0,3,10b947ed7d6b23bc545f6bcf588cddca9b9954c612e6202b1412d52582965c57,-58,,3,64,12.0,3
17:14:24,26.0,3,10b947ed7d6b23bc545f6bcf588cddca9b9954c612e6202b1412d52582965c57,-58,,3,64,12.0,3
17:14:25,26.0,3,10b947ed7d6b23bc545f6bcf588cddca9b9954c612e6202b1412d52582965c57,-56,,3,64,12.0,3
17:14:25,26.0,3,10b947ed7d6b23bc545f6bcf588cddca9b9954c612e6202b1412d52582965c57,-58,,3,64,12.0,3
17:14:26,26.0,3,10b947ed7d6b23bc545f6bcf588cddca9b9954c612e6202b1412d52582965c57,-57,,3,64,12.0,3
17:14:27,26.0,3,10b947ed7d6b23bc545f6bcf588cddca9b9954c612e6202b1412d52582965c57,-61,,3,64,12.0,3
17:14:28,26.0,3,10b947ed7d6b23bc545f6bcf588cddca9b9954c612e6202b1412d52582965c57,-59,,3,64,12.0,3
17:14:29,26.0,3,10b947ed7d6b23bc545f6bcf588cddca9b9954c612e6202b1412d52582965c57,-57,,3,64,12.0,3
17:14:29,26.0,3,10b947ed7d6b23bc545f6bcf588cddca9b9954c612e6202b1412d52582965c57,-57,,3,64,12.0,3
17:14:30,26.0,3,10b947ed7d6b23bc545f6bcf588cddca9b9954c612e6202b1412d52582965c57,-59,,3,64,12.0,3
17:14:31,26.0,3,10b947ed7d6b23bc545f6bcf588cddca9b9954c612e6202b1412d52582965c57,-57,,3,64,12.0,3
17:14:32,26.0,3,10b947ed7d6b23bc545f6bcf588cddca9b9954c612e6202b1412d52582965c57,-58,,3,64,12.0,3
17:14:33,26.0,3,10b947ed7d6b23bc545f6bcf588cddca9b9954c612e6202b1412d52582965c57,-59,,3,64,12.0,3
17:14:33,26.0,3,10b947ed7d6b23bc545f6bcf588cddca9b9954c612e6202b1412d52582965c57,-61,,3,64,12.0,3
17:14:34,26.0,3,10b947ed7d6b23bc545f6bcf588cddca9b9954c612e6202b1412d52582965c57,-57,,3,64,12.0,3
17:14:35,26.0,3,10b947ed7d6b23bc545f6bcf588cddca9b9954c612e6202b1412d52582965c57,-64,,3,64,12.0,3
17:14:36,26.0,3,10b947ed7d6b23bc545f6bcf588cddca9b9954c612e6202b1412d52582965c57,-57,,3,64,12.0,3
17:14:37,26.0,3,10b947ed7d6b23bc545f6bcf588cddca9b9954c612e6202b1412d52582965c57,-62,,3,64,12.0,3
17:14:37,26.0,3,10b947ed7d6b23bc545f6bcf588cddca9b9954c612e6202b1412d52582965c57,-57,,3,64,12.0,3
17:14:38,26.0,3,10b947ed7d6b23bc545f6bcf588cddca9b9954c612e6202b1412d52582965c57,-64,,3,64,12.0,3
17:14:39,26.0,3,10b947ed7d6b23bc545f6bcf588cddca9b9954c612e6202b1412d52582965c57,-57,,3,64,12.0,3
17:14:40,,3,a390e9d1282101931116a85457659c14ae83e71cd734e33bf3e1a49a2b896d6d,-58,,3,64,,3
17:14:41,26.0,3,10b947ed7d6b23bc545f6bcf588cddca9b9954c612e6202b1412d52582965c57,-59,,3,64,12.0,3
17:14:41,26.0,3,10b947ed7d6b23bc545f6bcf588cddca9b9954c612e6202b1412d52582965c57,-58,,3,64,12.0,3
17:14:42,26.0,3,10b947ed7d6b23bc545f6bcf588cddca9b9954c612e6202b1412d52582965c57,-60,,3,64,12.0,3
17:14:43,26.0,3,10b947ed7d6b23bc545f6bcf588cddca9b9954c612e6202b1412d52582965c57,-56,,3,64,12.0,3
17:14:44,,3,a390e9d1282101931116a85457659c14ae83e71cd734e33bf3e1a49a2b896d6d,-56,,3,64,,3
17:14:45,26.0,3,10b947ed7d6b23bc545f6bcf588cddca9b9954c612e6202b1412d52582965c57,-56,,3,64,12.0,3
17:14:45,26.0,3,10b947ed7d6b23bc545f6bcf588cddca9b9954c612e6202b1412d52582965c57,-66,,3,64,12.0,3
17:14:46,26.0,3,10b947ed7d6b23bc545f6bcf588cddca9b9954c612e6202b1412d52582965c57,-57,,3,64,12.0,3
17:14:47,26.0,3,10b947ed7d6b23bc545f6bcf588cddca9b9954c612e6202b1412d52582965c57,-51,,3,64,12.0,3
17:14:48,,3,a390e9d1282101931116a85457659c14ae83e71cd734e33bf3e1a49a2b896d6d,-70,,3,64,,3
17:14:49,26.0,3,10b947ed7d6b23bc545f6bcf588cddca9b9954c612e6202b1412d52582965c57,-57,,3,64,12.0,3
17:14:49,26.0,3,10b947ed7d6b23bc545f6bcf588cddca9b9954c612e6202b1412d52582965c57,-69,,3,64,12.0,3
17:14:50,26.0,3,10b947ed7d6b23bc545f6bcf588cddca9b9954c612e6202b1412d52582965c57,-58,,3,64,12.0,3
17:14:51,26.0,3,10b947ed7d6b23bc545f6bcf588cddca9b9954c612e6202b1412d52582965c57,-56,,3,64,12.0,3
17:14:52,26.0,3,10b947ed7d6b23bc545f6bcf588cddca9b9954c612e6202b1412d52582965c57,-57,,3,64,12.0,3
17:14:53,26.0,3,10b947ed7d6b23bc545f6bcf588cddca9b9954c612e6202b1412d52582965c57,-51,,3,64,12.0,3
17:14:53,26.0,3,10b947ed7d6b23bc545f6bcf588cddca9b9954c612e6202b1412d52582965c57,-54,,3,64,12.0,3
17:14:54,26.0,3,10b947ed7d6b23bc545f6bcf588cddca9b9954c612e6202b1412d52582965c57,-51,,3,64,12.0,3
17:14:55,26.0,3,10b947ed7d6b23bc545f6bcf588cddca9b9954c612e6202b1412d52582965c57,-53,,3,64,12.0,3
17:14:56,26.0,3,10b947ed7d6b23bc545f6bcf588cddca9b9954c612e6202b1412d52582965c57,-53,,3,64,12.0,3
17:14:57,26.0,3,132c8545b269c4046f92dddc31405ea258935ec79028a35c3d12fbbafa5ac366,-76,,3,64,,3
17:14:57,26.0,3,132c8545b269c4046f92dddc31405ea258935ec79028a35c3d12fbbafa5ac366,-78,,3,64,,3
17:14:58,26.0,3,132c8545b269c4046f92dddc31405ea258935ec79028a35c3d12fbbafa5ac366,-72,,3,64,,3
17:14:59,26.0,3,aef53504165ab25019e300c55773dfd83d967d774edd0963bea09814102f5574,-80,,3,64,4.0,3
17:15:00,26.0,3,10b947ed7d6b23bc545f6bcf588cddca9b9954c612e6202b1412d52582965c57,-58,,3,64,12.0,3
17:15:01,26.0,3,132c8545b269c4046f92dddc31405ea258935ec79028a35c3d12fbbafa5ac366,-75,,3,64,,3
17:15:01,26.0,3,132c8545b269c4046f92dddc31405ea258935ec79028a35c3d12fbbafa5ac366,-74,,3,64,,3
17:15:02,26.0,3,132c8545b269c4046f92dddc31405ea258935ec79028a35c3d12fbbafa5ac366,-71,,3,64,,3
17:15:03,26.0,3,132c8545b269c4046f92dddc31405ea258935ec79028a35c3d12fbbafa5ac366,-71,,3,64,,3
17:15:04,26.0,3,132c8545b269c4046f92dddc31405ea258935ec79028a35c3d12fbbafa5ac366,-75,,3,64,,3
17:15:04,26.0,3,132c8545b269c4046f92dddc31405ea258935ec79028a35c3d12fbbafa5ac366,-79,,3,64,,3
17:15:05,26.0,3,132c8545b269c4046f92dddc31405ea258935ec79028a35c3d12fbbafa5ac366,-69,,3,64,,3
17:15:06,26.0,3,132c8545b269c4046f92dddc31405ea258935ec79028a35c3d12fbbafa5ac366,-70,,3,64,,3
17:15:07,26.0,3,132c8545b269c4046f92dddc31405ea258935ec79028a35c3d12fbbafa5ac366,-75,,3,64,,3
17:15:08,26.0,3,132c8545b269c4046f92dddc31405ea258935ec79028a35c3d12fbbafa5ac366,-76,,3,64,,3
17:15:08,26.0,3,132c8545b269c4046f92dddc31405ea258935ec79028a35c3d12fbbafa5ac366,-71,,3,64,,3
17:15:09,26.0,3,10b947ed7d6b23bc545f6bcf588cddca9b9954c612e6202b1412d52582965c57,-63,,3,64,12.0,3
17:15:10,26.0,3,10b947ed7d6b23bc545f6bcf588cddca9b9954c612e6202b1412d52582965c57,-58,,3,64,12.0,3
17:15:11,26.0,3,aef53504165ab25019e300c55773dfd83d967d774edd0963bea09814102f5574,-75,,3,64,4.0,3
17:15:12,26.0,3,10b947ed7d6b23bc545f6bcf588cddca9b9954c612e6202b1412d52582965c57,-66,,3,64,12.0,3
17:15:12,26.0,3,132c8545b269c4046f92dddc31405ea258935ec79028a35c3d12fbbafa5ac366,-76,,3,64,,3
17:15:13,26.0,3,132c8545b269c4046f92dddc31405ea258935ec79028a35c3d12fbbafa5ac366,-75,,3,64,,3
17:15:14,26.0,3,132c8545b269c4046f92dddc31405ea258935ec79028a35c3d12fbbafa5ac366,-76,,3,64,,3
17:15:15,26.0,3,10b947ed7d6b23bc545f6bcf588cddca9b9954c612e6202b1412d52582965c57,-58,,3,64,12.0,3
17:15:16,26.0,3,aef53504165ab25019e300c55773dfd83d967d774edd0963bea09814102f5574,-85,,3,64,4.0,3
17:15:16,26.0,3,10b947ed7d6b23bc545f6bcf588cddca9b9954c612e6202b1412d52582965c57,-54,,3,64,12.0,3
17:15:17,26.0,3,10b947ed7d6b23bc545f6bcf588cddca9b9954c612e6202b1412d52582965c57,-56,,3,64,12.0,3
17:15:18,26.0,3,10b947ed7d6b23bc545f6bcf588cddca9b9954c612e6202b1412d52582965c57,-54,,3,64,12.0,3
17:15:19,26.0,3,10b947ed7d6b23bc545f6bcf588cddca9b9954c612e6202b1412d52582965c57,-55,,3,64,12.0,3
17:15:20,26.0,3,10b947ed7d6b23bc545f6bcf588cddca9b9954c612e6202b1412d52582965c57,-52,,3,64,12.0,3
17:15:20,26.0,3,aef53504165ab25019e300c55773dfd83d967d774edd0963bea09814102f5574,-71,,3,64,4.0,3
17:15:21,,3,a69a304cbd4be08460ded23d9637f61dc55f79a9c351116203dd4a8c60117220,-58,,3,64,,3
17:15:22,26.0,3,10b947ed7d6b23bc545f6bcf588cddca9b9954c612e6202b1412d52582965c57,-60,,3,64,12.0,3
17:15:23,26.0,3,10b947ed7d6b23bc545f6bcf588cddca9b9954c612e6202b1412d52582965c57,-59,,3,64,12.0,3
17:15:24,26.0,3,10b947ed7d6b23bc545f6bcf588cddca9b9954c612e6202b1412d52582965c57,-61,,3,64,12.0,3
17:15:24,26.0,3,10b947ed7d6b23bc545f6bcf588cddca9b9954c612e6202b1412d52582965c57,-59,,3,64,12.0,3
17:15:25,26.0,3,10b947ed7d6b23bc545f6bcf588cddca9b9954c612e6202b1412d52582965c57,-54,,3,64,12.0,3
17:15:26,26.0,3,10b947ed7d6b23bc545f6bcf588cddca9b9954c612e6202b1412d52582965c57,-57,,3,64,12.0,3
17:15:27,26.0,3,10b947ed7d6b23bc545f6bcf588cddca9b9954c612e6202b1412d52582965c57,-55,,3,64,12.0,3
17:15:28,26.0,3,10b947ed7d6b23bc545f6bcf588cddca9b9954c612e6202b1412d52582965c57,-55,,3,64,12.0,3
17:15:28,26.0,3,10b947ed7d6b23bc545f6bcf588cddca9b9954c612e6202b1412d52582965c57,-54,,3,64,12.0,3
17:15:29,26.0,3,10b947ed7d6b23bc545f6bcf588cddca9b9954c612e6202b1412d52582965c57,-54,,3,64,12.0,3
17:15:30,26.0,3,10b947ed7d6b23bc545f6bcf588cddca9b9954c612e6202b1412d52582965c57,-64,,3,64,12.0,3
17:15:31,26.0,3,10b947ed7d6b23bc545f6bcf588cddca9b9954c612e6202b1412d52582965c57,-61,,3,64,12.0,3
17:15:32,26.0,3,10b947ed7d6b23bc545f6bcf588cddca9b9954c612e6202b1412d52582965c57,-63,,3,64,12.0,3
17:15:32,26.0,3,10b947ed7d6b23bc545f6bcf588cddca9b9954c612e6202b1412d52582965c57,-58,,3,64,12.0,3
17:15:33,26.0,3,10b947ed7d6b23bc545f6bcf588cddca9b9954c612e6202b1412d52582965c57,-61,,3,64,12.0,3
17:15:34,26.0,3,10b947ed7d6b23bc545f6bcf588cddca9b9954c612e6202b1412d52582965c57,-61,,3,64,12.0,3
17:15:35,26.0,3,10b947ed7d6b23bc545f6bcf588cddca9b9954c612e6202b1412d52582965c57,-62,,3,64,12.0,3
17:15:36,26.0,3,10b947ed7d6b23bc545f6bcf588cddca9b9954c612e6202b1412d52582965c57,-63,,3,64,12.0,3
17:15:36,26.0,3,10b947ed7d6b23bc545f6bcf588cddca9b9954c612e6202b1412d52582965c57,-62,,3,64,12.0,3
17:15:37,26.0,3,10b947ed7d6b23bc545f6bcf588cddca9b9954c612e6202b1412d52582965c57,-70,,3,64,12.0,3
17:15:38,26.0,3,10b947ed7d6b23bc545f6bcf588cddca9b9954c612e6202b1412d52582965c57,-66,,3,64,12.0,3
17:15:39,26.0,3,10b947ed7d6b23bc545f6bcf588cddca9b9954c612e6202b1412d52582965c57,-67,,3,64,12.0,3
17:15:40,26.0,3,10b947ed7d6b23bc545f6bcf588cddca9b9954c612e6202b1412d52582965c57,-61,,3,64,12.0,3
17:15:40,26.0,3,10b947ed7d6b23bc545f6bcf588cddca9b9954c612e6202b1412d52582965c57,-61,,3,64,12.0,3
17:15:41,26.0,3,10b947ed7d6b23bc545f6bcf588cddca9b9954c612e6202b1412d52582965c57,-57,,3,64,12.0,3
17:15:42,26.0,3,10b947ed7d6b23bc545f6bcf588cddca9b9954c612e6202b1412d52582965c57,-56,,3,64,12.0,3
17:15:43,26.0,3,10b947ed7d6b23bc545f6bcf588cddca9b9954c612e6202b1412d52582965c57,-50,,3,64,12.0,3
17:15:43,26.0,3,10b947ed7d6b23bc545f6bcf588cddca9b9954c612e6202b1412d52582965c57,-52,,3,64,12.0,3
17:15:44,26.0,3,10b947ed7d6b23bc545f6bcf588cddca9b9954c612e6202b1412d52582965c57,-50,,3,64,12.0,3
17:15:45,26.0,3,10b947ed7d6b23bc545f6bcf588cddca9b9954c612e6202b1412d52582965c57,-51,,3,64,12.0,3
17:15:46,26.0,3,10b947ed7d6b23bc545f6bcf588cddca9b9954c612e6202b1412d52582965c57,-49,,3,64,12.0,3
17:15:47,26.0,3,10b947ed7d6b23bc545f6bcf588cddca9b9954c612e6202b1412d52582965c57,-50,,3,64,12.0,3
17:15:47,26.0,3,10b947ed7d6b23bc545f6bcf588cddca9b9954c612e6202b1412d52582965c57,-50,,3,64,12.0,3
17:15:48,26.0,3,10b947ed7d6b23bc545f6bcf588cddca9b9954c612e6202b1412d52582965c57,-48,,3,64,12.0,3
17:15:49,26.0,3,10b947ed7d6b23bc545f6bcf588cddca9b9954c612e6202b1412d52582965c57,-50,,3,64,12.0,3
17:15:50,26.0,3,10b947ed7d6b23bc545f6bcf588cddca9b9954c612e6202b1412d52582965c57,-50,,3,64,12.0,3
17:15:51,26.0,3,10b947ed7d6b23bc545f6bcf588cddca9b9954c612e6202b1412d52582965c57,-51,,3,64,12.0,3
17:15:51,,3,a69a304cbd4be08460ded23d9637f61dc55f79a9c351116203dd4a8c60117220,-50,,3,64,,3
17:15:52,26.0,3,10b947ed7d6b23bc545f6bcf588cddca9b9954c612e6202b1412d52582965c57,-51,,3,64,12.0,3
17:15:53,26.0,3,10b947ed7d6b23bc545f6bcf588cddca9b9954c612e6202b1412d52582965c57,-49,,3,64,12.0,3
17:15:54,26.0,3,10b947ed7d6b23bc545f6bcf588cddca9b9954c612e6202b1412d52582965c57,-51,,3,64,12.0,3
17:15:55,26.0,3,10b947ed7d6b23bc545f6bcf588cddca9b9954c612e6202b1412d52582965c57,-50,,3,64,12.0,3
17:15:55,,3,a69a304cbd4be08460ded23d9637f61dc55f79a9c351116203dd4a8c60117220,-50,,3,64,,3
17:15:56,26.0,3,10b947ed7d6b23bc545f6bcf588cddca9b9954c612e6202b1412d52582965c57,-50,,3,64,12.0,3
17:15:57,26.0,3,10b947ed7d6b23bc545f6bcf588cddca9b9954c612e6202b1412d52582965c57,-51,,3,64,12.0,3
17:15:58,26.0,3,10b947ed7d6b23bc545f6bcf588cddca9b9954c612e6202b1412d52582965c57,-50,,3,64,12.0,3
17:15:59,26.0,3,10b947ed7d6b23bc545f6bcf588cddca9b9954c612e6202b1412d52582965c57,-49,,3,64,12.0,3
17:15:59,,3,a69a304cbd4be08460ded23d9637f61dc55f79a9c351116203dd4a8c60117220,-51,,3,64,,3
17:16:00,26.0,3,10b947ed7d6b23bc545f6bcf588cddca9b9954c612e6202b1412d52582965c57,-50,,3,64,12.0,3
17:16:01,26.0,3,10b947ed7d6b23bc545f6bcf588cddca9b9954c612e6202b1412d52582965c57,-51,,3,64,12.0,3
17:16:02,26.0,3,10b947ed7d6b23bc545f6bcf588cddca9b9954c612e6202b1412d52582965c57,-49,,3,64,12.0,3
17:16:03,26.0,3,10b947ed7d6b23bc545f6bcf588cddca9b9954c612e6202b1412d52582965c57,-53,,3,64,12.0,3
17:16:03,,3,a69a304cbd4be08460ded23d9637f61dc55f79a9c351116203dd4a8c60117220,-55,,3,64,,3
17:16:04,26.0,3,10b947ed7d6b23bc545f6bcf588cddca9b9954c612e6202b1412d52582965c57,-54,,3,64,12.0,3
17:16:05,,3,a69a304cbd4be08460ded23d9637f61dc55f79a9c351116203dd4a8c60117220,-64,,3,64,,3
17:16:06,26.0,3,10b947ed7d6b23bc545f6bcf588cddca9b9954c612e6202b1412d52582965c57,-59,,3,64,12.0,3
17:16:07,26.0,3,10b947ed7d6b23bc545f6bcf588cddca9b9954c612e6202b1412d52582965c57,-56,,3,64,12.0,3
17:16:07,,3,a69a304cbd4be08460ded23d9637f61dc55f79a9c351116203dd4a8c60117220,-57,,3,64,,3
17:16:08,26.0,3,10b947ed7d6b23bc545f6bcf588cddca9b9954c612e6202b1412d52582965c57,-50,,3,64,12.0,3
17:16:09,26.0,3,10b947ed7d6b23bc545f6bcf588cddca9b9954c612e6202b1412d52582965c57,-58,,3,64,12.0,3
17:16:10,26.0,3,10b947ed7d6b23bc545f6bcf588cddca9b9954c612e6202b1412d52582965c57,-51,,3,64,12.0,3
17:16:11,26.0,3,10b947ed7d6b23bc545f6bcf588cddca9b9954c612e6202b1412d52582965c57,-56,,3,64,12.0,3
17:16:11,,3,a69a304cbd4be08460ded23d9637f61dc55f79a9c351116203dd4a8c60117220,-54,,3,64,,3
17:16:12,26.0,3,10b947ed7d6b23bc545f6bcf588cddca9b9954c612e6202b1412d52582965c57,-58,,3,64,12.0,3
17:16:13,26.0,3,10b947ed7d6b23bc545f6bcf588cddca9b9954c612e6202b1412d52582965c57,-57,,3,64,12.0,3
17:16:14,26.0,3,10b947ed7d6b23bc545f6bcf588cddca9b9954c612e6202b1412d52582965c57,-62,,3,64,12.0,3
17:16:15,26.0,3,10b947ed7d6b23bc545f6bcf588cddca9b9954c612e6202b1412d52582965c57,-62,,3,64,12.0,3
17:16:15,,3,a69a304cbd4be08460ded23d9637f61dc55f79a9c351116203dd4a8c60117220,-54,,3,64,,3
17:16:16,26.0,3,10b947ed7d6b23bc545f6bcf588cddca9b9954c612e6202b1412d52582965c57,-59,,3,64,12.0,3
17:16:17,26.0,3,10b947ed7d6b23bc545f6bcf588cddca9b9954c612e6202b1412d52582965c57,-54,,3,64,12.0,3
17:16:18,26.0,3,10b947ed7d6b23bc545f6bcf588cddca9b9954c612e6202b1412d52582965c57,-60,,3,64,12.0,3
17:16:19,26.0,3,10b947ed7d6b23bc545f6bcf588cddca9b9954c612e6202b1412d52582965c57,-56,,3,64,12.0,3
17:16:19,,3,a69a304cbd4be08460ded23d9637f61dc55f79a9c351116203dd4a8c60117220,-58,,3,64,,3
17:16:20,26.0,3,10b947ed7d6b23bc545f6bcf588cddca9b9954c612e6202b1412d52582965c57,-56,,3,64,12.0,3
17:16:21,26.0,3,10b947ed7d6b23bc545f6bcf588cddca9b9954c612e6202b1412d52582965c57,-63,,3,64,12.0,3
17:16:22,26.0,3,10b947ed7d6b23bc545f6bcf588cddca9b9954c612e6202b1412d52582965c57,-69,,3,64,12.0,3
17:16:23,26.0,3,10b947ed7d6b23bc545f6bcf588cddca9b9954c612e6202b1412d52582965c57,-49,,3,64,12.0,3
17:16:23,26.0,3,10b947ed7d6b23bc545f6bcf588cddca9b9954c612e6202b1412d52582965c57,-56,,3,64,12.0,3
17:16:24,26.0,3,10b947ed7d6b23bc545f6bcf588cddca9b9954c612e6202b1412d52582965c57,-49,,3,64,12.0,3
17:16:25,26.0,3,10b947ed7d6b23bc545f6bcf588cddca9b9954c612e6202b1412d52582965c57,-52,,3,64,12.0,3
17:16:26,26.0,3,10b947ed7d6b23bc545f6bcf588cddca9b9954c612e6202b1412d52582965c57,-50,,3,64,12.0,3
17:16:26,26.0,3,10b947ed7d6b23bc545f6bcf588cddca9b9954c612e6202b1412d52582965c57,-50,,3,64,12.0,3
17:16:27,26.0,3,10b947ed7d6b23bc545f6bcf588cddca9b9954c612e6202b1412d52582965c57,-50,,3,64,12.0,3
17:16:28,26.0,3,10b947ed7d6b23bc545f6bcf588cddca9b9954c612e6202b1412d52582965c57,-52,,3,64,12.0,3
17:16:29,26.0,3,10b947ed7d6b23bc545f6bcf588cddca9b9954c612e6202b1412d52582965c57,-53,,3,64,12.0,3
17:16:30,26.0,3,10b947ed7d6b23bc545f6bcf588cddca9b9954c612e6202b1412d52582965c57,-49,,3,64,12.0,3
17:16:30,26.0,3,10b947ed7d6b23bc545f6bcf588cddca9b9954c612e6202b1412d52582965c57,-52,,3,64,12.0,3
17:16:31,26.0,3,10b947ed7d6b23bc545f6bcf588cddca9b9954c612e6202b1412d52582965c57,-54,,3,64,12.0,3
17:16:32,26.0,3,10b947ed7d6b23bc545f6bcf588cddca9b9954c612e6202b1412d52582965c57,-51,,3,64,12.0,3
17:16:33,26.0,3,10b947ed7d6b23bc545f6bcf588cddca9b9954c612e6202b1412d52582965c57,-52,,3,64,12.0,3
17:16:34,26.0,3,10b947ed7d6b23bc545f6bcf588cddca9b9954c612e6202b1412d52582965c57,-53,,3,64,12.0,3
17:16:34,26.0,3,10b947ed7d6b23bc545f6bcf588cddca9b9954c612e6202b1412d52582965c57,-50,,3,64,12.0,3
17:16:35,26.0,3,10b947ed7d6b23bc545f6bcf588cddca9b9954c612e6202b1412d52582965c57,-52,,3,64,12.0,3
17:16:36,26.0,3,10b947ed7d6b23bc545f6bcf588cddca9b9954c612e6202b1412d52582965c57,-51,,3,64,12.0,3
17:16:37,26.0,3,10b947ed7d6b23bc545f6bcf588cddca9b9954c612e6202b1412d52582965c57,-52,,3,64,12.0,3
17:16:38,26.0,3,10b947ed7d6b23bc545f6bcf588cddca9b9954c612e6202b1412d52582965c57,-51,,3,64,12.0,3
17:16:38,26.0,3,10b947ed7d6b23bc545f6bcf588cddca9b9954c612e6202b1412d52582965c57,-53,,3,64,12.0,3
17:16:39,26.0,3,10b947ed7d6b23bc545f6bcf588cddca9b9954c612e6202b1412d52582965c57,-52,,3,64,12.0,3
17:16:40,26.0,3,10b947ed7d6b23bc545f6bcf588cddca9b9954c612e6202b1412d52582965c57,-54,,3,64,12.0,3
17:16:41,26.0,3,10b947ed7d6b23bc545f6bcf588cddca9b9954c612e6202b1412d52582965c57,-55,,3,64,12.0,3
17:16:42,26.0,3,10b947ed7d6b23bc545f6bcf588cddca9b9954c612e6202b1412d52582965c57,-51,,3,64,12.0,3
17:16:42,26.0,3,10b947ed7d6b23bc545f6bcf588cddca9b9954c612e6202b1412d52582965c57,-55,,3,64,12.0,3
17:16:43,26.0,3,10b947ed7d6b23bc545f6bcf588cddca9b9954c612e6202b1412d52582965c57,-51,,3,64,12.0,3
17:16:44,26.0,3,10b947ed7d6b23bc545f6bcf588cddca9b9954c612e6202b1412d52582965c57,-57,,3,64,12.0,3
17:16:45,26.0,3,10b947ed7d6b23bc545f6bcf588cddca9b9954c612e6202b1412d52582965c57,-54,,3,64,12.0,3
17:16:46,26.0,3,10b947ed7d6b23bc545f6bcf588cddca9b9954c612e6202b1412d52582965c57,-55,,3,64,12.0,3
17:16:46,26.0,3,10b947ed7d6b23bc545f6bcf588cddca9b9954c612e6202b1412d52582965c57,-55,,3,64,12.0,3
17:16:47,26.0,3,10b947ed7d6b23bc545f6bcf588cddca9b9954c612e6202b1412d52582965c57,-55,,3,64,12.0,3
17:16:48,26.0,3,10b947ed7d6b23bc545f6bcf588cddca9b9954c612e6202b1412d52582965c57,-62,,3,64,12.0,3
17:16:49,26.0,3,10b947ed7d6b23bc545f6bcf588cddca9b9954c612e6202b1412d52582965c57,-65,,3,64,12.0,3
17:16:50,26.0,3,10b947ed7d6b23bc545f6bcf588cddca9b9954c612e6202b1412d52582965c57,-61,,3,64,12.0,3
17:16:50,26.0,3,10b947ed7d6b23bc545f6bcf588cddca9b9954c612e6202b1412d52582965c57,-58,,3,64,12.0,3
17:16:51,26.0,3,10b947ed7d6b23bc545f6bcf588cddca9b9954c612e6202b1412d52582965c57,-62,,3,64,12.0,3
17:16:52,26.0,3,10b947ed7d6b23bc545f6bcf588cddca9b9954c612e6202b1412d52582965c57,-56,,3,64,12.0,3
17:16:53,26.0,3,10b947ed7d6b23bc545f6bcf588cddca9b9954c612e6202b1412d52582965c57,-57,,3,64,12.0,3
17:16:54,,3,a69a304cbd4be08460ded23d9637f61dc55f79a9c351116203dd4a8c60117220,-57,,3,64,,3
17:16:54,26.0,3,10b947ed7d6b23bc545f6bcf588cddca9b9954c612e6202b1412d52582965c57,-58,,3,64,12.0,3
17:16:55,,3,a69a304cbd4be08460ded23d9637f61dc55f79a9c351116203dd4a8c60117220,-53,,3,64,,3
17:16:56,26.0,3,10b947ed7d6b23bc545f6bcf588cddca9b9954c612e6202b1412d52582965c57,-59,,3,64,12.0,3
17:16:57,26.0,3,10b947ed7d6b23bc545f6bcf588cddca9b9954c612e6202b1412d52582965c57,-60,,3,64,12.0,3
17:16:58,,3,a69a304cbd4be08460ded23d9637f61dc55f79a9c351116203dd4a8c60117220,-61,,3,64,,3
17:16:58,26.0,3,10b947ed7d6b23bc545f6bcf588cddca9b9954c612e6202b1412d52582965c57,-61,,3,64,12.0,3
17:16:59,26.0,3,10b947ed7d6b23bc545f6bcf588cddca9b9954c612e6202b1412d52582965c57,-51,,3,64,12.0,3
17:17:00,26.0,3,132c8545b269c4046f92dddc31405ea258935ec79028a35c3d12fbbafa5ac366,-78,,3,64,,3
17:17:01,26.0,3,aef53504165ab25019e300c55773dfd83d967d774edd0963bea09814102f5574,-84,,3,64,4.0,3
17:17:02,,3,a69a304cbd4be08460ded23d9637f61dc55f79a9c351116203dd4a8c60117220,-52,,3,64,,3
17:17:02,26.0,3,aef53504165ab25019e300c55773dfd83d967d774edd0963bea09814102f5574,-71,,3,64,4.0,3
17:17:03,26.0,3,132c8545b269c4046f92dddc31405ea258935ec79028a35c3d12fbbafa5ac366,-69,,3,64,,3
17:17:04,26.0,3,132c8545b269c4046f92dddc31405ea258935ec79028a35c3d12fbbafa5ac366,-69,,3,64,,3
17:17:05,26.0,3,132c8545b269c4046f92dddc31405ea258935ec79028a35c3d12fbbafa5ac366,-68,,3,64,,3
17:17:05,26.0,3,132c8545b269c4046f92dddc31405ea258935ec79028a35c3d12fbbafa5ac366,-72,,3,64,,3
17:17:06,26.0,3,132c8545b269c4046f92dddc31405ea258935ec79028a35c3d12fbbafa5ac366,-84,,3,64,,3
17:17:07,26.0,3,132c8545b269c4046f92dddc31405ea258935ec79028a35c3d12fbbafa5ac366,-82,,3,64,,3
17:17:08,26.0,3,132c8545b269c4046f92dddc31405ea258935ec79028a35c3d12fbbafa5ac366,-83,,3,64,,3
17:17:09,26.0,3,132c8545b269c4046f92dddc31405ea258935ec79028a35c3d12fbbafa5ac366,-88,,3,64,,3
17:17:09,26.0,3,10b947ed7d6b23bc545f6bcf588cddca9b9954c612e6202b1412d52582965c57,-53,,3,64,12.0,3
17:17:10,26.0,3,132c8545b269c4046f92dddc31405ea258935ec79028a35c3d12fbbafa5ac366,-87,,3,64,,3
17:17:11,26.0,3,132c8545b269c4046f92dddc31405ea258935ec79028a35c3d12fbbafa5ac366,-82,,3,64,,3
17:17:12,26.0,3,aef53504165ab25019e300c55773dfd83d967d774edd0963bea09814102f5574,-74,,3,64,4.0,3
17:17:13,26.0,3,aef53504165ab25019e300c55773dfd83d967d774edd0963bea09814102f5574,-77,,3,64,4.0,3
17:17:13,,3,a69a304cbd4be08460ded23d9637f61dc55f79a9c351116203dd4a8c60117220,-53,,3,64,,3
17:17:14,26.0,3,132c8545b269c4046f92dddc31405ea258935ec79028a35c3d12fbbafa5ac366,-74,,3,64,,3
17:17:15,26.0,3,aef53504165ab25019e300c55773dfd83d967d774edd0963bea09814102f5574,-74,,3,64,4.0,3
17:17:16,26.0,3,10b947ed7d6b23bc545f6bcf588cddca9b9954c612e6202b1412d52582965c57,-57,,3,64,12.0,3
17:17:17,26.0,3,aef53504165ab25019e300c55773dfd83d967d774edd0963bea09814102f5574,-73,,3,64,4.0,3
17:17:17,,3,a69a304cbd4be08460ded23d9637f61dc55f79a9c351116203dd4a8c60117220,-58,,3,64,,3
17:17:18,26.0,3,aef53504165ab25019e300c55773dfd83d967d774edd0963bea09814102f5574,-74,,3,64,4.0,3
17:17:19,26.0,3,10b947ed7d6b23bc545f6bcf588cddca9b9954c612e6202b1412d52582965c57,-58,,3,64,12.0,3
17:17:20,26.0,3,10b947ed7d6b23bc545f6bcf588cddca9b9954c612e6202b1412d52582965c57,-57,,3,64,12.0,3
17:17:21,26.0,3,10b947ed7d6b23bc545f6bcf588cddca9b9954c612e6202b1412d52582965c57,-52,,3,64,12.0,3
17:17:21,26.0,3,10b947ed7d6b23bc545f6bcf588cddca9b9954c612e6202b1412d52582965c57,-55,,3,64,12.0,3
17:17:22,26.0,3,10b947ed7d6b23bc545f6bcf588cddca9b9954c612e6202b1412d52582965c57,-54,,3,64,12.0,3
17:17:23,26.0,3,10b947ed7d6b23bc545f6bcf588cddca9b9954c612e6202b1412d52582965c57,-58,,3,64,12.0,3
17:17:24,26.0,3,10b947ed7d6b23bc545f6bcf588cddca9b9954c612e6202b1412d52582965c57,-50,,3,64,12.0,3
17:17:25,26.0,3,10b947ed7d6b23bc545f6bcf588cddca9b9954c612e6202b1412d52582965c57,-55,,3,64,12.0,3
17:17:25,26.0,3,10b947ed7d6b23bc545f6bcf588cddca9b9954c612e6202b1412d52582965c57,-54,,3,64,12.0,3
17:17:26,26.0,3,10b947ed7d6b23bc545f6bcf588cddca9b9954c612e6202b1412d52582965c57,-54,,3,64,12.0,3
17:17:27,26.0,3,10b947ed7d6b23bc545f6bcf588cddca9b9954c612e6202b1412d52582965c57,-56,,3,64,12.0,3
17:17:28,26.0,3,10b947ed7d6b23bc545f6bcf588cddca9b9954c612e6202b1412d52582965c57,-58,,3,64,12.0,3
17:17:29,26.0,3,10b947ed7d6b23bc545f6bcf588cddca9b9954c612e6202b1412d52582965c57,-57,,3,64,12.0,3
17:17:29,26.0,3,10b947ed7d6b23bc545f6bcf588cddca9b9954c612e6202b1412d52582965c57,-59,,3,64,12.0,3
17:17:30,26.0,3,10b947ed7d6b23bc545f6bcf588cddca9b9954c612e6202b1412d52582965c57,-57,,3,64,12.0,3
17:17:31,26.0,3,10b947ed7d6b23bc545f6bcf588cddca9b9954c612e6202b1412d52582965c57,-57,,3,64,12.0,3
17:17:32,26.0,3,10b947ed7d6b23bc545f6bcf588cddca9b9954c612e6202b1412d52582965c57,-57,,3,64,12.0,3
17:17:33,26.0,3,10b947ed7d6b23bc545f6bcf588cddca9b9954c612e6202b1412d52582965c57,-57,,3,64,12.0,3
17:17:33,,3,a69a304cbd4be08460ded23d9637f61dc55f79a9c351116203dd4a8c60117220,-61,,3,64,,3
17:17:34,26.0,3,10b947ed7d6b23bc545f6bcf588cddca9b9954c612e6202b1412d52582965c57,-54,,3,64,12.0,3
17:17:35,26.0,3,10b947ed7d6b23bc545f6bcf588cddca9b9954c612e6202b1412d52582965c57,-57,,3,64,12.0,3
17:17:36,26.0,3,10b947ed7d6b23bc545f6bcf588cddca9b9954c612e6202b1412d52582965c57,-56,,3,64,12.0,3
17:17:37,26.0,3,10b947ed7d6b23bc545f6bcf588cddca9b9954c612e6202b1412d52582965c57,-57,,3,64,12.0,3
17:17:37,26.0,3,10b947ed7d6b23bc545f6bcf588cddca9b9954c612e6202b1412d52582965c57,-55,,3,64,12.0,3
17:17:38,26.0,3,10b947ed7d6b23bc545f6bcf588cddca9b9954c612e6202b1412d52582965c57,-64,,3,64,12.0,3
17:17:39,26.0,3,10b947ed7d6b23bc545f6bcf588cddca9b9954c612e6202b1412d52582965c57,-57,,3,64,12.0,3
17:17:40,26.0,3,10b947ed7d6b23bc545f6bcf588cddca9b9954c612e6202b1412d52582965c57,-62,,3,64,12.0,3
17:17:41,26.0,3,10b947ed7d6b23bc545f6bcf588cddca9b9954c612e6202b1412d52582965c57,-57,,3,64,12.0,3
17:17:41,26.0,3,10b947ed7d6b23bc545f6bcf588cddca9b9954c612e6202b1412d52582965c57,-57,,3,64,12.0,3
17:17:42,26.0,3,10b947ed7d6b23bc545f6bcf588cddca9b9954c612e6202b1412d52582965c57,-57,,3,64,12.0,3
17:17:43,26.0,3,10b947ed7d6b23bc545f6bcf588cddca9b9954c612e6202b1412d52582965c57,-58,,3,64,12.0,3
17:17:44,26.0,3,10b947ed7d6b23bc545f6bcf588cddca9b9954c612e6202b1412d52582965c57,-57,,3,64,12.0,3
17:17:45,26.0,3,10b947ed7d6b23bc545f6bcf588cddca9b9954c612e6202b1412d52582965c57,-56,,3,64,12.0,3
17:17:45,26.0,3,10b947ed7d6b23bc545f6bcf588cddca9b9954c612e6202b1412d52582965c57,-57,,3,64,12.0,3
17:17:46,26.0,3,10b947ed7d6b23bc545f6bcf588cddca9b9954c612e6202b1412d52582965c57,-56,,3,64,12.0,3
17:17:47,26.0,3,10b947ed7d6b23bc545f6bcf588cddca9b9954c612e6202b1412d52582965c57,-63,,3,64,12.0,3
17:17:48,26.0,3,10b947ed7d6b23bc545f6bcf588cddca9b9954c612e6202b1412d52582965c57,-64,,3,64,12.0,3
17:17:48,26.0,3,132c8545b269c4046f92dddc31405ea258935ec79028a35c3d12fbbafa5ac366,-90,,3,64,,3
17:17:49,26.0,3,132c8545b269c4046f92dddc31405ea258935ec79028a35c3d12fbbafa5ac366,-77,,3,64,,3
17:17:50,26.0,3,aef53504165ab25019e300c55773dfd83d967d774edd0963bea09814102f5574,-77,,3,64,4.0,3
17:17:51,26.0,3,10b947ed7d6b23bc545f6bcf588cddca9b9954c612e6202b1412d52582965c57,-61,,3,64,12.0,3
17:17:52,26.0,3,10b947ed7d6b23bc545f6bcf588cddca9b9954c612e6202b1412d52582965c57,-71,,3,64,12.0,3
17:17:52,26.0,3,132c8545b269c4046f92dddc31405ea258935ec79028a35c3d12fbbafa5ac366,-81,,3,64,,3
17:17:53,26.0,3,132c8545b269c4046f92dddc31405ea258935ec79028a35c3d12fbbafa5ac366,-80,,3,64,,3
17:17:54,26.0,3,10b947ed7d6b23bc545f6bcf588cddca9b9954c612e6202b1412d52582965c57,-55,,3,64,12.0,3
17:17:55,26.0,3,aef53504165ab25019e300c55773dfd83d967d774edd0963bea09814102f5574,-82,,3,64,4.0,3
17:17:56,26.0,3,aef53504165ab25019e300c55773dfd83d967d774edd0963bea09814102f5574,-73,,3,64,4.0,3
17:17:56,26.0,3,aef53504165ab25019e300c55773dfd83d967d774edd0963bea09814102f5574,-84,,3,64,4.0,3
17:17:57,26.0,3,132c8545b269c4046f92dddc31405ea258935ec79028a35c3d12fbbafa5ac366,-73,,3,64,,3
17:17:58,26.0,3,aef53504165ab25019e300c55773dfd83d967d774edd0963bea09814102f5574,-72,,3,64,4.0,3
17:17:59,26.0,3,10b947ed7d6b23bc545f6bcf588cddca9b9954c612e6202b1412d52582965c57,-68,,3,64,12.0,3
17:18:00,,3,a69a304cbd4be08460ded23d9637f61dc55f79a9c351116203dd4a8c60117220,-62,,3,64,,3
17:18:00,26.0,3,aef53504165ab25019e300c55773dfd83d967d774edd0963bea09814102f5574,-75,,3,64,4.0,3
17:18:01,26.0,3,10b947ed7d6b23bc545f6bcf588cddca9b9954c612e6202b1412d52582965c57,-53,,3,64,12.0,3
17:18:02,26.0,3,aef53504165ab25019e300c55773dfd83d967d774edd0963bea09814102f5574,-76,,3,64,4.0,3
17:18:03,26.0,3,10b947ed7d6b23bc545f6bcf588cddca9b9954c612e6202b1412d52582965c57,-55,,3,64,12.0,3
17:18:04,,3,a69a304cbd4be08460ded23d9637f61dc55f79a9c351116203dd4a8c60117220,-53,,3,64,,3
17:18:05,26.0,3,10b947ed7d6b23bc545f6bcf588cddca9b9954c612e6202b1412d52582965c57,-64,,3,64,12.0,3
17:18:05,26.0,3,10b947ed7d6b23bc545f6bcf588cddca9b9954c612e6202b1412d52582965c57,-51,,3,64,12.0,3
17:18:06,26.0,3,10b947ed7d6b23bc545f6bcf588cddca9b9954c612e6202b1412d52582965c57,-57,,3,64,12.0,3
17:18:07,26.0,3,10b947ed7d6b23bc545f6bcf588cddca9b9954c612e6202b1412d52582965c57,-54,,3,64,12.0,3
17:18:08,,3,a69a304cbd4be08460ded23d9637f61dc55f79a9c351116203dd4a8c60117220,-55,,3,64,,3
17:18:09,26.0,3,10b947ed7d6b23bc545f6bcf588cddca9b9954c612e6202b1412d52582965c57,-54,,3,64,12.0,3
17:18:09,,3,a69a304cbd4be08460ded23d9637f61dc55f79a9c351116203dd4a8c60117220,-52,,3,64,,3
17:18:10,26.0,3,10b947ed7d6b23bc545f6bcf588cddca9b9954c612e6202b1412d52582965c57,-54,,3,64,12.0,3
17:18:11,26.0,3,10b947ed7d6b23bc545f6bcf588cddca9b9954c612e6202b1412d52582965c57,-52,,3,64,12.0,3
17:18:12,,3,a69a304cbd4be08460ded23d9637f61dc55f79a9c351116203dd4a8c60117220,-68,,3,64,,3
17:18:12,26.0,3,10b947ed7d6b23bc545f6bcf588cddca9b9954c612e6202b1412d52582965c57,-61,,3,64,12.0,3
17:18:13,26.0,3,10b947ed7d6b23bc545f6bcf588cddca9b9954c612e6202b1412d52582965c57,-61,,3,64,12.0,3
17:18:14,26.0,3,10b947ed7d6b23bc545f6bcf588cddca9b9954c612e6202b1412d52582965c57,-54,,3,64,12.0,3
17:18:15,26.0,3,10b947ed7d6b23bc545f6bcf588cddca9b9954c612e6202b1412d52582965c57,-61,,3,64,12.0,3
17:18:16,26.0,3,10b947ed7d6b23bc545f6bcf588cddca9b9954c612e6202b1412d52582965c57,-55,,3,64,12.0,3
17:18:16,26.0,3,10b947ed7d6b23bc545f6bcf588cddca9b9954c612e6202b1412d52582965c57,-55,,3,64,12.0,3
17:18:17,,3,a69a304cbd4be08460ded23d9637f61dc55f79a9c351116203dd4a8c60117220,-69,,3,64,,3
17:18:18,26.0,3,10b947ed7d6b23bc545f6bcf588cddca9b9954c612e6202b1412d52582965c57,-55,,3,64,12.0,3
17:18:19,26.0,3,10b947ed7d6b23bc545f6bcf588cddca9b9954c612e6202b1412d52582965c57,-67,,3,64,12.0,3
17:18:20,26.0,3,10b947ed7d6b23bc545f6bcf588cddca9b9954c612e6202b1412d52582965c57,-54,,3,64,12.0,3
17:18:20,26.0,3,10b947ed7d6b23bc545f6bcf588cddca9b9954c612e6202b1412d52582965c57,-61,,3,64,12.0,3
17:18:21,26.0,3,10b947ed7d6b23bc545f6bcf588cddca9b9954c612e6202b1412d52582965c57,-58,,3,64,12.0,3
17:18:22,26.0,3,10b947ed7d6b23bc545f6bcf588cddca9b9954c612e6202b1412d52582965c57,-64,,3,64,12.0,3
17:18:23,26.0,3,10b947ed7d6b23bc545f6bcf588cddca9b9954c612e6202b1412d52582965c57,-57,,3,64,12.0,3
17:18:24,,3,a69a304cbd4be08460ded23d9637f61dc55f79a9c351116203dd4a8c60117220,-65,,3,64,,3
17:18:24,26.0,3,10b947ed7d6b23bc545f6bcf588cddca9b9954c612e6202b1412d52582965c57,-68,,3,64,12.0,3
17:18:25,26.0,3,10b947ed7d6b23bc545f6bcf588cddca9b9954c612e6202b1412d52582965c57,-55,,3,64,12.0,3
17:18:26,26.0,3,10b947ed7d6b23bc545f6bcf588cddca9b9954c612e6202b1412d52582965c57,-67,,3,64,12.0,3
17:18:27,26.0,3,10b947ed7d6b23bc545f6bcf588cddca9b9954c612e6202b1412d52582965c57,-56,,3,64,12.0,3
17:18:27,,3,a69a304cbd4be08460ded23d9637f61dc55f79a9c351116203dd4a8c60117220,-56,,3,64,,3
17:18:28,26.0,3,10b947ed7d6b23bc545f6bcf588cddca9b9954c612e6202b1412d52582965c57,-54,,3,64,12.0,3
17:18:29,26.0,3,10b947ed7d6b23bc545f6bcf588cddca9b9954c612e6202b1412d52582965c57,-56,,3,64,12.0,3
17:18:30,26.0,3,10b947ed7d6b23bc545f6bcf588cddca9b9954c612e6202b1412d52582965c57,-53,,3,64,12.0,3
17:18:31,26.0,3,10b947ed7d6b23bc545f6bcf588cddca9b9954c612e6202b1412d52582965c57,-55,,3,64,12.0,3
17:18:31,26.0,3,10b947ed7d6b23bc545f6bcf588cddca9b9954c612e6202b1412d52582965c57,-54,,3,64,12.0,3
17:18:32,26.0,3,10b947ed7d6b23bc545f6bcf588cddca9b9954c612e6202b1412d52582965c57,-50,,3,64,12.0,3
17:18:33,26.0,3,10b947ed7d6b23bc545f6bcf588cddca9b9954c612e6202b1412d52582965c57,-54,,3,64,12.0,3
17:18:34,26.0,3,10b947ed7d6b23bc545f6bcf588cddca9b9954c612e6202b1412d52582965c57,-50,,3,64,12.0,3
17:18:35,26.0,3,10b947ed7d6b23bc545f6bcf588cddca9b9954c612e6202b1412d52582965c57,-51,,3,64,12.0,3
17:18:35,26.0,3,10b947ed7d6b23bc545f6bcf588cddca9b9954c612e6202b1412d52582965c57,-49,,3,64,12.0,3
17:18:36,26.0,3,10b947ed7d6b23bc545f6bcf588cddca9b9954c612e6202b1412d52582965c57,-53,,3,64,12.0,3
17:18:37,26.0,3,10b947ed7d6b23bc545f6bcf588cddca9b9954c612e6202b1412d52582965c57,-49,,3,64,12.0,3
17:18:38,26.0,3,10b947ed7d6b23bc545f6bcf588cddca9b9954c612e6202b1412d52582965c57,-50,,3,64,12.0,3
17:18:39,26.0,3,10b947ed7d6b23bc545f6bcf588cddca9b9954c612e6202b1412d52582965c57,-52,,3,64,12.0,3
17:18:39,26.0,3,06f372a2fcd9d165ce579339147d521f21584892224d33cd8315f2231cd04a5b,-91,,3,64,7.0,3
17:18:40,26.0,3,06f372a2fcd9d165ce579339147d521f21584892224d33cd8315f2231cd04a5b,-81,,3,64,7.0,3
17:18:41,,3,8a82f5413192d017aee0bfb01b9c96ea83492ea674ae964f77bde03e660d0005,-80,,3,64,,3
17:18:42,26.0,3,06f372a2fcd9d165ce579339147d521f21584892224d33cd8315f2231cd04a5b,-88,,3,64,7.0,3
17:18:43,26.0,3,10b947ed7d6b23bc545f6bcf588cddca9b9954c612e6202b1412d52582965c57,-51,,3,64,12.0,3
17:18:43,26.0,3,10b947ed7d6b23bc545f6bcf588cddca9b9954c612e6202b1412d52582965c57,-50,,3,64,12.0,3
17:18:44,26.0,3,06f372a2fcd9d165ce579339147d521f21584892224d33cd8315f2231cd04a5b,-78,,3,64,7.0,3
17:18:45,26.0,3,06f372a2fcd9d165ce579339147d521f21584892224d33cd8315f2231cd04a5b,-84,,3,64,7.0,3
17:18:46,26.0,3,10b947ed7d6b23bc545f6bcf588cddca9b9954c612e6202b1412d52582965c57,-53,,3,64,12.0,3
17:18:46,26.0,3,10b947ed7d6b23bc545f6bcf588cddca9b9954c612e6202b1412d52582965c57,-61,,3,64,12.0,3
17:18:47,26.0,3,10b947ed7d6b23bc545f6bcf588cddca9b9954c612e6202b1412d52582965c57,-53,,3,64,12.0,3
17:18:48,26.0,3,06f372a2fcd9d165ce579339147d521f21584892224d33cd8315f2231cd04a5b,-83,,3,64,7.0,3
17:18:49,26.0,3,10b947ed7d6b23bc545f6bcf588cddca9b9954c612e6202b1412d52582965c57,-53,,3,64,12.0,3
17:18:50,26.0,3,861447d4b8b480d8071f1eca59d877fe4a944346abb6b6e55fd77b618747e9cd,-82,,3,64,12.0,3
17:18:50,26.0,3,10b947ed7d6b23bc545f6bcf588cddca9b9954c612e6202b1412d52582965c57,-61,,3,64,12.0,3
17:18:51,26.0,3,10b947ed7d6b23bc545f6bcf588cddca9b9954c612e6202b1412d52582965c57,-50,,3,64,12.0,3
17:18:52,26.0,3,e407cdbe52da16d3b153856dcb98dba82e01d9ada7c61a268e846d0bf916be28,-79,,3,64,1.0,3
17:18:53,26.0,3,e407cdbe52da16d3b153856dcb98dba82e01d9ada7c61a268e846d0bf916be28,-74,,3,64,1.0,3
17:18:54,26.0,3,aef53504165ab25019e300c55773dfd83d967d774edd0963bea09814102f5574,-76,,3,64,4.0,3
17:18:54,26.0,3,132c8545b269c4046f92dddc31405ea258935ec79028a35c3d12fbbafa5ac366,-82,,3,64,,3
17:18:55,26.0,3,132c8545b269c4046f92dddc31405ea258935ec79028a35c3d12fbbafa5ac366,-81,,3,64,,3
17:18:56,26.0,3,861447d4b8b480d8071f1eca59d877fe4a944346abb6b6e55fd77b618747e9cd,-86,,3,64,12.0,3
17:18:57,26.0,3,132c8545b269c4046f92dddc31405ea258935ec79028a35c3d12fbbafa5ac366,-88,,3,64,,3
17:18:58,26.0,3,132c8545b269c4046f92dddc31405ea258935ec79028a35c3d12fbbafa5ac366,-95,,3,64,,3
17:18:58,26.0,3,861447d4b8b480d8071f1eca59d877fe4a944346abb6b6e55fd77b618747e9cd,-87,,3,64,12.0,3
17:18:59,26.0,3,e407cdbe52da16d3b153856dcb98dba82e01d9ada7c61a268e846d0bf916be28,-81,,3,64,1.0,3
17:19:00,26.0,3,aef53504165ab25019e300c55773dfd83d967d774edd0963bea09814102f5574,-81,,3,64,4.0,3
17:19:01,26.0,3,e407cdbe52da16d3b153856dcb98dba82e01d9ada7c61a268e846d0bf916be28,-73,,3,64,1.0,3
17:19:01,,3,a69a304cbd4be08460ded23d9637f61dc55f79a9c351116203dd4a8c60117220,-53,,3,64,,3
17:19:02,26.0,3,aef53504165ab25019e300c55773dfd83d967d774edd0963bea09814102f5574,-79,,3,64,4.0,3
17:19:03,,3,8a82f5413192d017aee0bfb01b9c96ea83492ea674ae964f77bde03e660d0005,-74,,3,64,,3
17:19:04,,3,044bfc7fe71932338da92e192b547dd838d157a92a1bcee275a95cb59ef9d119,-90,,3,64,,3
17:19:05,26.0,3,10b947ed7d6b23bc545f6bcf588cddca9b9954c612e6202b1412d52582965c57,-53,,3,64,12.0,3
17:19:05,,3,a69a304cbd4be08460ded23d9637f61dc55f79a9c351116203dd4a8c60117220,-52,,3,64,,3
17:19:06,26.0,3,e407cdbe52da16d3b153856dcb98dba82e01d9ada7c61a268e846d0bf916be28,-74,,3,64,1.0,3
17:19:07,,3,8a82f5413192d017aee0bfb01b9c96ea83492ea674ae964f77bde03e660d0005,-77,,3,64,,3
17:19:08,26.0,3,10b947ed7d6b23bc545f6bcf588cddca9b9954c612e6202b1412d52582965c57,-54,,3,64,12.0,3
17:19:09,26.0,3,10b947ed7d6b23bc545f6bcf588cddca9b9954c612e6202b1412d52582965c57,-51,,3,64,12.0,3
17:19:09,,3,a69a304cbd4be08460ded23d9637f61dc55f79a9c351116203dd4a8c60117220,-55,,3,64,,3
17:19:10,26.0,3,10b947ed7d6b23bc545f6bcf588cddca9b9954c612e6202b1412d52582965c57,-51,,3,64,12.0,3
17:19:11,,3,8a82f5413192d017aee0bfb01b9c96ea83492ea674ae964f77bde03e660d0005,-82,,3,64,,3
17:19:12,26.0,3,e407cdbe52da16d3b153856dcb98dba82e01d9ada7c61a268e846d0bf916be28,-80,,3,64,1.0,3
17:19:13,26.0,3,10b947ed7d6b23bc545f6bcf588cddca9b9954c612e6202b1412d52582965c57,-48,,3,64,12.0,3
17:19:13,,3,a69a304cbd4be08460ded23d9637f61dc55f79a9c351116203dd4a8c60117220,-42,,3,64,,3
17:19:14,26.0,3,10b947ed7d6b23bc545f6bcf588cddca9b9954c612e6202b1412d52582965c57,-48,,3,64,12.0,3
17:19:15,26.0,3,10b947ed7d6b23bc545f6bcf588cddca9b9954c612e6202b1412d52582965c57,-52,,3,64,12.0,3
17:19:16,26.0,3,e407cdbe52da16d3b153856dcb98dba82e01d9ada7c61a268e846d0bf916be28,-78,,3,64,1.0,3
17:19:16,26.0,3,e407cdbe52da16d3b153856dcb98dba82e01d9ada7c61a268e846d0bf916be28,-88,,3,64,1.0,3
17:19:17,26.0,3,e407cdbe52da16d3b153856dcb98dba82e01d9ada7c61a268e846d0bf916be28,-81,,3,64,1.0,3
17:19:18,26.0,3,e407cdbe52da16d3b153856dcb98dba82e01d9ada7c61a268e846d0bf916be28,-83,,3,64,1.0,3
17:19:19,26.0,3,e407cdbe52da16d3b153856dcb98dba82e01d9ada7c61a268e846d0bf916be28,-88,,3,64,1.0,3
17:19:20,26.0,3,10b947ed7d6b23bc545f6bcf588cddca9b9954c612e6202b1412d52582965c57,-50,,3,64,12.0,3
17:19:20,26.0,3,06f372a2fcd9d165ce579339147d521f21584892224d33cd8315f2231cd04a5b,-88,,3,64,7.0,3
17:19:21,26.0,3,e407cdbe52da16d3b153856dcb98dba82e01d9ada7c61a268e846d0bf916be28,-89,,3,64,1.0,3
17:19:22,26.0,3,132c8545b269c4046f92dddc31405ea258935ec79028a35c3d12fbbafa5ac366,-79,,3,64,,3
17:19:23,26.0,3,c1aa74419d5868103bb2a373a02304d3db7877d4759c3d33adde43179604f38b,-96,,3,64,,3
17:19:24,26.0,3,132c8545b269c4046f92dddc31405ea258935ec79028a35c3d12fbbafa5ac366,-79,,3,64,,3
17:19:24,26.0,3,132c8545b269c4046f92dddc31405ea258935ec79028a35c3d12fbbafa5ac366,-78,,3,64,,3
17:19:25,26.0,3,aef53504165ab25019e300c55773dfd83d967d774edd0963bea09814102f5574,-72,,3,64,4.0,3
17:19:26,,3,044bfc7fe71932338da92e192b547dd838d157a92a1bcee275a95cb59ef9d119,-89,,3,64,,3
17:19:27,26.0,3,06f372a2fcd9d165ce579339147d521f21584892224d33cd8315f2231cd04a5b,-89,,3,64,7.0,3
17:19:28,26.0,3,e407cdbe52da16d3b153856dcb98dba82e01d9ada7c61a268e846d0bf916be28,-88,,3,64,1.0,3
17:19:28,26.0,3,132c8545b269c4046f92dddc31405ea258935ec79028a35c3d12fbbafa5ac366,-71,,3,64,,3
17:19:29,26.0,3,132c8545b269c4046f92dddc31405ea258935ec79028a35c3d12fbbafa5ac366,-72,,3,64,,3
17:19:30,26.0,3,132c8545b269c4046f92dddc31405ea258935ec79028a35c3d12fbbafa5ac366,-77,,3,64,,3
17:19:31,26.0,3,10b947ed7d6b23bc545f6bcf588cddca9b9954c612e6202b1412d52582965c57,-50,,3,64,12.0,3
17:19:32,,3,a69a304cbd4be08460ded23d9637f61dc55f79a9c351116203dd4a8c60117220,-43,,3,64,,3
17:19:32,26.0,3,132c8545b269c4046f92dddc31405ea258935ec79028a35c3d12fbbafa5ac366,-75,,3,64,,3
17:19:33,26.0,3,aef53504165ab25019e300c55773dfd83d967d774edd0963bea09814102f5574,-78,,3,64,4.0,3
17:19:34,26.0,3,e407cdbe52da16d3b153856dcb98dba82e01d9ada7c61a268e846d0bf916be28,-92,,3,64,1.0,3
17:19:35,26.0,3,e407cdbe52da16d3b153856dcb98dba82e01d9ada7c61a268e846d0bf916be28,-82,,3,64,1.0,3
17:19:35,26.0,3,f63aa0c6aadd410bb185ee2a77dcdc7d613cb58c5a07dd50cfdafa8fb25856d9,-85,,3,64,12.0,3
17:19:36,26.0,3,aef53504165ab25019e300c55773dfd83d967d774edd0963bea09814102f5574,-71,,3,64,4.0,3
17:19:37,,3,8a82f5413192d017aee0bfb01b9c96ea83492ea674ae964f77bde03e660d0005,-88,,3,64,,3
17:19:38,26.0,3,e407cdbe52da16d3b153856dcb98dba82e01d9ada7c61a268e846d0bf916be28,-85,,3,64,1.0,3
17:19:39,26.0,3,10b947ed7d6b23bc545f6bcf588cddca9b9954c612e6202b1412d52582965c57,-54,,3,64,12.0,3
17:19:39,26.0,3,10b947ed7d6b23bc545f6bcf588cddca9b9954c612e6202b1412d52582965c57,-51,,3,64,12.0,3
17:19:40,,3,044bfc7fe71932338da92e192b547dd838d157a92a1bcee275a95cb59ef9d119,-93,,3,64,,3
17:19:41,26.0,3,10b947ed7d6b23bc545f6bcf588cddca9b9954c612e6202b1412d52582965c57,-53,,3,64,12.0,3
17:19:42,26.0,3,10b947ed7d6b23bc545f6bcf588cddca9b9954c612e6202b1412d52582965c57,-49,,3,64,12.0,3
17:19:43,26.0,3,10b947ed7d6b23bc545f6bcf588cddca9b9954c612e6202b1412d52582965c57,-52,,3,64,12.0,3
17:19:43,26.0,3,06f372a2fcd9d165ce579339147d521f21584892224d33cd8315f2231cd04a5b,-86,,3,64,7.0,3
17:19:44,26.0,3,f63aa0c6aadd410bb185ee2a77dcdc7d613cb58c5a07dd50cfdafa8fb25856d9,-86,,3,64,12.0,3
17:19:45,,3,8a82f5413192d017aee0bfb01b9c96ea83492ea674ae964f77bde03e660d0005,-88,,3,64,,3
17:19:46,26.0,3,e407cdbe52da16d3b153856dcb98dba82e01d9ada7c61a268e846d0bf916be28,-82,,3,64,1.0,3
17:19:47,26.0,3,10b947ed7d6b23bc545f6bcf588cddca9b9954c612e6202b1412d52582965c57,-49,,3,64,12.0,3
17:19:47,26.0,3,10b947ed7d6b23bc545f6bcf588cddca9b9954c612e6202b1412d52582965c57,-53,,3,64,12.0,3
17:19:48,26.0,3,10b947ed7d6b23bc545f6bcf588cddca9b9954c612e6202b1412d52582965c57,-51,,3,64,12.0,3
17:19:49,26.0,3,e407cdbe52da16d3b153856dcb98dba82e01d9ada7c61a268e846d0bf916be28,-82,,3,64,1.0,3
17:19:50,26.0,3,10b947ed7d6b23bc545f6bcf588cddca9b9954c612e6202b1412d52582965c57,-51,,3,64,12.0,3
17:19:50,26.0,3,10b947ed7d6b23bc545f6bcf588cddca9b9954c612e6202b1412d52582965c57,-48,,3,64,12.0,3
17:19:51,26.0,3,10b947ed7d6b23bc545f6bcf588cddca9b9954c612e6202b1412d52582965c57,-52,,3,64,12.0,3
17:19:52,26.0,3,e407cdbe52da16d3b153856dcb98dba82e01d9ada7c61a268e846d0bf916be28,-90,,3,64,1.0,3
17:19:53,26.0,3,e407cdbe52da16d3b153856dcb98dba82e01d9ada7c61a268e846d0bf916be28,-75,,3,64,1.0,3
17:19:54,26.0,3,132c8545b269c4046f92dddc31405ea258935ec79028a35c3d12fbbafa5ac366,-78,,3,64,,3
17:19:54,26.0,3,132c8545b269c4046f92dddc31405ea258935ec79028a35c3d12fbbafa5ac366,-76,,3,64,,3
17:19:55,,3,8a82f5413192d017aee0bfb01b9c96ea83492ea674ae964f77bde03e660d0005,-76,,3,64,,3
17:19:56,26.0,3,132c8545b269c4046f92dddc31405ea258935ec79028a35c3d12fbbafa5ac366,-71,,3,64,,3
17:19:57,26.0,3,132c8545b269c4046f92dddc31405ea258935ec79028a35c3d12fbbafa5ac366,-75,,3,64,,3
17:19:58,26.0,3,e407cdbe52da16d3b153856dcb98dba82e01d9ada7c61a268e846d0bf916be28,-78,,3,64,1.0,3
17:19:58,26.0,3,06f372a2fcd9d165ce579339147d521f21584892224d33cd8315f2231cd04a5b,-89,,3,64,7.0,3
17:19:59,26.0,3,132c8545b269c4046f92dddc31405ea258935ec79028a35c3d12fbbafa5ac366,-72,,3,64,,3
17:20:00,26.0,3,132c8545b269c4046f92dddc31405ea258935ec79028a35c3d12fbbafa5ac366,-71,,3,64,,3
17:20:01,26.0,3,132c8545b269c4046f92dddc31405ea258935ec79028a35c3d12fbbafa5ac366,-74,,3,64,,3
17:20:02,26.0,3,f63aa0c6aadd410bb185ee2a77dcdc7d613cb58c5a07dd50cfdafa8fb25856d9,-89,,3,64,12.0,3
17:20:02,26.0,3,10b947ed7d6b23bc545f6bcf588cddca9b9954c612e6202b1412d52582965c57,-50,,3,64,12.0,3
17:20:03,26.0,3,e407cdbe52da16d3b153856dcb98dba82e01d9ada7c61a268e846d0bf916be28,-78,,3,64,1.0,3
17:20:04,26.0,3,10b947ed7d6b23bc545f6bcf588cddca9b9954c612e6202b1412d52582965c57,-56,,3,64,12.0,3
17:20:05,26.0,3,132c8545b269c4046f92dddc31405ea258935ec79028a35c3d12fbbafa5ac366,-73,,3,64,,3
17:20:06,26.0,3,10b947ed7d6b23bc545f6bcf588cddca9b9954c612e6202b1412d52582965c57,-57,,3,64,12.0,3
17:20:06,26.0,3,10b947ed7d6b23bc545f6bcf588cddca9b9954c612e6202b1412d52582965c57,-63,,3,64,12.0,3
17:20:07,26.0,3,89142b58b26d2834aa3149b9868f1eb93767391721606c56408fcba11efd49fe,-94,,3,64,8.0,3
17:20:08,26.0,3,aef53504165ab25019e300c55773dfd83d967d774edd0963bea09814102f5574,-79,,3,64,4.0,3
17:20:09,26.0,3,aef53504165ab25019e300c55773dfd83d967d774edd0963bea09814102f5574,-73,,3,64,4.0,3
17:20:10,26.0,3,e407cdbe52da16d3b153856dcb98dba82e01d9ada7c61a268e846d0bf916be28,-78,,3,64,1.0,3
17:20:10,26.0,3,e407cdbe52da16d3b153856dcb98dba82e01d9ada7c61a268e846d0bf916be28,-79,,3,64,1.0,3
17:20:11,26.0,3,e407cdbe52da16d3b153856dcb98dba82e01d9ada7c61a268e846d0bf916be28,-81,,3,64,1.0,3
17:20:12,26.0,3,10b947ed7d6b23bc545f6bcf588cddca9b9954c612e6202b1412d52582965c57,-65,,3,64,12.0,3
17:20:13,26.0,3,10b947ed7d6b23bc545f6bcf588cddca9b9954c612e6202b1412d52582965c57,-67,,3,64,12.0,3
17:20:13,26.0,3,10b947ed7d6b23bc545f6bcf588cddca9b9954c612e6202b1412d52582965c57,-61,,3,64,12.0,3
17:20:14,,3,044bfc7fe71932338da92e192b547dd838d157a92a1bcee275a95cb59ef9d119,-93,,3,64,,3
17:20:15,26.0,3,e407cdbe52da16d3b153856dcb98dba82e01d9ada7c61a268e846d0bf916be28,-74,,3,64,1.0,3
17:20:16,26.0,3,e407cdbe52da16d3b153856dcb98dba82e01d9ada7c61a268e846d0bf916be28,-75,,3,64,1.0,3
17:20:17,26.0,3,e407cdbe52da16d3b153856dcb98dba82e01d9ada7c61a268e846d0bf916be28,-75,,3,64,1.0,3
17:20:17,26.0,3,e407cdbe52da16d3b153856dcb98dba82e01d9ada7c61a268e846d0bf916be28,-75,,3,64,1.0,3
17:20:18,26.0,3,10b947ed7d6b23bc545f6bcf588cddca9b9954c612e6202b1412d52582965c57,-57,,3,64,12.0,3
17:20:19,26.0,3,e407cdbe52da16d3b153856dcb98dba82e01d9ada7c61a268e846d0bf916be28,-76,,3,64,1.0,3
17:20:20,26.0,3,f63aa0c6aadd410bb185ee2a77dcdc7d613cb58c5a07dd50cfdafa8fb25856d9,-88,,3,64,12.0,3
17:20:21,26.0,3,e407cdbe52da16d3b153856dcb98dba82e01d9ada7c61a268e846d0bf916be28,-77,,3,64,1.0,3
17:20:21,,3,a69a304cbd4be08460ded23d9637f61dc55f79a9c351116203dd4a8c60117220,-65,,3,64,,3
17:20:22,26.0,3,10b947ed7d6b23bc545f6bcf588cddca9b9954c612e6202b1412d52582965c57,-63,,3,64,12.0,3
17:20:23,26.0,3,f63aa0c6aadd410bb185ee2a77dcdc7d613cb58c5a07dd50cfdafa8fb25856d9,-89,,3,64,12.0,3
17:20:24,26.0,3,10b947ed7d6b23bc545f6bcf588cddca9b9954c612e6202b1412d52582965c57,-63,,3,64,12.0,3
17:20:25,26.0,3,10b947ed7d6b23bc545f6bcf588cddca9b9954c612e6202b1412d52582965c57,-64,,3,64,12.0,3
17:20:25,26.0,3,e407cdbe52da16d3b153856dcb98dba82e01d9ada7c61a268e846d0bf916be28,-82,,3,64,1.0,3
17:20:26,26.0,3,e407cdbe52da16d3b153856dcb98dba82e01d9ada7c61a268e846d0bf916be28,-88,,3,64,1.0,3
17:20:27,26.0,3,e407cdbe52da16d3b153856dcb98dba82e01d9ada7c61a268e846d0bf916be28,-89,,3,64,1.0,3
17:20:28,26.0,3,e407cdbe52da16d3b153856dcb98dba82e01d9ada7c61a268e846d0bf916be28,-85,,3,64,1.0,3
17:20:29,26.0,3,f63aa0c6aadd410bb185ee2a77dcdc7d613cb58c5a07dd50cfdafa8fb25856d9,-89,,3,64,12.0,3
17:20:29,26.0,3,e407cdbe52da16d3b153856dcb98dba82e01d9ada7c61a268e846d0bf916be28,-77,,3,64,1.0,3
17:20:30,26.0,3,e407cdbe52da16d3b153856dcb98dba82e01d9ada7c61a268e846d0bf916be28,-78,,3,64,1.0,3
17:20:31,26.0,3,e407cdbe52da16d3b153856dcb98dba82e01d9ada7c61a268e846d0bf916be28,-74,,3,64,1.0,3
17:20:32,26.0,3,e407cdbe52da16d3b153856dcb98dba82e01d9ada7c61a268e846d0bf916be28,-86,,3,64,1.0,3
17:20:33,26.0,3,e407cdbe52da16d3b153856dcb98dba82e01d9ada7c61a268e846d0bf916be28,-75,,3,64,1.0,3
17:20:33,,3,8a82f5413192d017aee0bfb01b9c96ea83492ea674ae964f77bde03e660d0005,-83,,3,64,,3
17:20:34,,3,044bfc7fe71932338da92e192b547dd838d157a92a1bcee275a95cb59ef9d119,-94,,3,64,,3
17:20:35,26.0,3,f63aa0c6aadd410bb185ee2a77dcdc7d613cb58c5a07dd50cfdafa8fb25856d9,-93,,3,64,12.0,3
17:20:36,26.0,3,10b947ed7d6b23bc545f6bcf588cddca9b9954c612e6202b1412d52582965c57,-57,,3,64,12.0,3
17:20:37,26.0,3,e407cdbe52da16d3b153856dcb98dba82e01d9ada7c61a268e846d0bf916be28,-78,,3,64,1.0,3
17:20:37,26.0,3,10b947ed7d6b23bc545f6bcf588cddca9b9954c612e6202b1412d52582965c57,-57,,3,64,12.0,3
17:20:38,26.0,3,10b947ed7d6b23bc545f6bcf588cddca9b9954c612e6202b1412d52582965c57,-57,,3,64,12.0,3
17:20:39,26.0,3,10b947ed7d6b23bc545f6bcf588cddca9b9954c612e6202b1412d52582965c57,-64,,3,64,12.0,3
17:20:40,26.0,3,e407cdbe52da16d3b153856dcb98dba82e01d9ada7c61a268e846d0bf916be28,-76,,3,64,1.0,3
17:20:41,26.0,3,10b947ed7d6b23bc545f6bcf588cddca9b9954c612e6202b1412d52582965c57,-63,,3,64,12.0,3
17:20:41,,3,8a82f5413192d017aee0bfb01b9c96ea83492ea674ae964f77bde03e660d0005,-83,,3,64,,3
17:20:42,26.0,3,10b947ed7d6b23bc545f6bcf588cddca9b9954c612e6202b1412d52582965c57,-57,,3,64,12.0,3
17:20:43,26.0,3,e407cdbe52da16d3b153856dcb98dba82e01d9ada7c61a268e846d0bf916be28,-78,,3,64,1.0,3
17:20:44,26.0,3,e407cdbe52da16d3b153856dcb98dba82e01d9ada7c61a268e846d0bf916be28,-84,,3,64,1.0,3
17:20:45,26.0,3,10b947ed7d6b23bc545f6bcf588cddca9b9954c612e6202b1412d52582965c57,-60,,3,64,12.0,3
17:20:45,26.0,3,10b947ed7d6b23bc545f6bcf588cddca9b9954c612e6202b1412d52582965c57,-65,,3,64,12.0,3
17:20:46,26.0,3,e407cdbe52da16d3b153856dcb98dba82e01d9ada7c61a268e846d0bf916be28,-74,,3,64,1.0,3
17:20:47,26.0,3,10b947ed7d6b23bc545f6bcf588cddca9b9954c612e6202b1412d52582965c57,-62,,3,64,12.0,3
17:20:48,26.0,3,10b947ed7d6b23bc545f6bcf588cddca9b9954c612e6202b1412d52582965c57,-59,,3,64,12.0,3
17:20:49,26.0,3,10b947ed7d6b23bc545f6bcf588cddca9b9954c612e6202b1412d52582965c57,-58,,3,64,12.0,3
17:20:49,26.0,3,10b947ed7d6b23bc545f6bcf588cddca9b9954c612e6202b1412d52582965c57,-75,,3,64,12.0,3
17:20:50,26.0,3,e407cdbe52da16d3b153856dcb98dba82e01d9ada7c61a268e846d0bf916be28,-77,,3,64,1.0,3
17:20:51,26.0,3,e407cdbe52da16d3b153856dcb98dba82e01d9ada7c61a268e846d0bf916be28,-78,,3,64,1.0,3
17:20:52,26.0,3,e407cdbe52da16d3b153856dcb98dba82e01d9ada7c61a268e846d0bf916be28,-73,,3,64,1.0,3
17:20:53,26.0,3,e407cdbe52da16d3b153856dcb98dba82e01d9ada7c61a268e846d0bf916be28,-75,,3,64,1.0,3
17:20:53,26.0,3,10b947ed7d6b23bc545f6bcf588cddca9b9954c612e6202b1412d52582965c57,-72,,3,64,12.0,3
17:20:54,26.0,3,e407cdbe52da16d3b153856dcb98dba82e01d9ada7c61a268e846d0bf916be28,-78,,3,64,1.0,3
17:20:55,26.0,3,10b947ed7d6b23bc545f6bcf588cddca9b9954c612e6202b1412d52582965c57,-77,,3,64,12.0,3
17:20:56,26.0,3,e407cdbe52da16d3b153856dcb98dba82e01d9ada7c61a268e846d0bf916be28,-75,,3,64,1.0,3
17:20:56,26.0,3,10b947ed7d6b23bc545f6bcf588cddca9b9954c612e6202b1412d52582965c57,-76,,3,64,12.0,3
17:20:57,26.0,3,10b947ed7d6b23bc545f6bcf588cddca9b9954c612e6202b1412d52582965c57,-67,,3,64,12.0,3
17:20:58,26.0,3,10b947ed7d6b23bc545f6bcf588cddca9b9954c612e6202b1412d52582965c57,-64,,3,64,12.0,3
17:20:59,26.0,3,10b947ed7d6b23bc545f6bcf588cddca9b9954c612e6202b1412d52582965c57,-56,,3,64,12.0,3
17:21:00,,3,a69a304cbd4be08460ded23d9637f61dc55f79a9c351116203dd4a8c60117220,-66,,3,64,,3
17:21:00,26.0,3,10b947ed7d6b23bc545f6bcf588cddca9b9954c612e6202b1412d52582965c57,-58,,3,64,12.0,3
17:21:01,,3,8a82f5413192d017aee0bfb01b9c96ea83492ea674ae964f77bde03e660d0005,-74,,3,64,,3
17:21:02,26.0,3,10b947ed7d6b23bc545f6bcf588cddca9b9954c612e6202b1412d52582965c57,-60,,3,64,12.0,3
17:21:03,26.0,3,e407cdbe52da16d3b153856dcb98dba82e01d9ada7c61a268e846d0bf916be28,-73,,3,64,1.0,3
17:21:04,,3,a69a304cbd4be08460ded23d9637f61dc55f79a9c351116203dd4a8c60117220,-62,,3,64,,3
17:21:04,26.0,3,10b947ed7d6b23bc545f6bcf588cddca9b9954c612e6202b1412d52582965c57,-61,,3,64,12.0,3
17:21:05,26.0,3,10b947ed7d6b23bc545f6bcf588cddca9b9954c612e6202b1412d52582965c57,-69,,3,64,12.0,3
17:21:06,26.0,3,e407cdbe52da16d3b153856dcb98dba82e01d9ada7c61a268e846d0bf916be28,-71,,3,64,1.0,3
17:21:07,26.0,3,10b947ed7d6b23bc545f6bcf588cddca9b9954c612e6202b1412d52582965c57,-70,,3,64,12.0,3
17:21:08,,3,a69a304cbd4be08460ded23d9637f61dc55f79a9c351116203dd4a8c60117220,-58,,3,64,,3
17:21:08,26.0,3,10b947ed7d6b23bc545f6bcf588cddca9b9954c612e6202b1412d52582965c57,-70,,3,64,12.0,3
17:21:09,26.0,3,f63aa0c6aadd410bb185ee2a77dcdc7d613cb58c5a07dd50cfdafa8fb25856d9,-87,,3,64,12.0,3
17:21:10,26.0,3,10b947ed7d6b23bc545f6bcf588cddca9b9954c612e6202b1412d52582965c57,-61,,3,64,12.0,3
17:21:11,26.0,3,e407cdbe52da16d3b153856dcb98dba82e01d9ada7c61a268e846d0bf916be28,-76,,3,64,1.0,3
17:21:12,26.0,3,10b947ed7d6b23bc545f6bcf588cddca9b9954c612e6202b1412d52582965c57,-65,,3,64,12.0,3
17:21:12,26.0,3,10b947ed7d6b23bc545f6bcf588cddca9b9954c612e6202b1412d52582965c57,-69,,3,64,12.0,3
17:21:13,26.0,3,e407cdbe52da16d3b153856dcb98dba82e01d9ada7c61a268e846d0bf916be28,-72,,3,64,1.0,3
17:21:14,26.0,3,10b947ed7d6b23bc545f6bcf588cddca9b9954c612e6202b1412d52582965c57,-73,,3,64,12.0,3
17:21:15,26.0,3,10b947ed7d6b23bc545f6bcf588cddca9b9954c612e6202b1412d52582965c57,-58,,3,64,12.0,3
17:21:16,,3,a69a304cbd4be08460ded23d9637f61dc55f79a9c351116203dd4a8c60117220,-56,,3,64,,3
17:21:16,26.0,3,e407cdbe52da16d3b153856dcb98dba82e01d9ada7c61a268e846d0bf916be28,-79,,3,64,1.0,3
17:21:17,26.0,3,10b947ed7d6b23bc545f6bcf588cddca9b9954c612e6202b1412d52582965c57,-56,,3,64,12.0,3
17:21:18,26.0,3,e407cdbe52da16d3b153856dcb98dba82e01d9ada7c61a268e846d0bf916be28,-78,,3,64,1.0,3
17:21:19,26.0,3,10b947ed7d6b23bc545f6bcf588cddca9b9954c612e6202b1412d52582965c57,-65,,3,64,12.0,3
17:21:20,,3,8a82f5413192d017aee0bfb01b9c96ea83492ea674ae964f77bde03e660d0005,-71,,3,64,,3
17:21:20,26.0,3,10b947ed7d6b23bc545f6bcf588cddca9b9954c612e6202b1412d52582965c57,-61,,3,64,12.0,3
17:21:21,26.0,3,10b947ed7d6b23bc545f6bcf588cddca9b9954c612e6202b1412d52582965c57,-78,,3,64,12.0,3
17:21:22,26.0,3,10b947ed7d6b23bc545f6bcf588cddca9b9954c612e6202b1412d52582965c57,-65,,3,64,12.0,3
17:21:23,26.0,3,e407cdbe52da16d3b153856dcb98dba82e01d9ada7c61a268e846d0bf916be28,-91,,3,64,1.0,3
17:21:24,26.0,3,e407cdbe52da16d3b153856dcb98dba82e01d9ada7c61a268e846d0bf916be28,-75,,3,64,1.0,3
17:21:24,26.0,3,f63aa0c6aadd410bb185ee2a77dcdc7d613cb58c5a07dd50cfdafa8fb25856d9,-89,,3,64,12.0,3
17:21:25,26.0,3,f63aa0c6aadd410bb185ee2a77dcdc7d613cb58c5a07dd50cfdafa8fb25856d9,-94,,3,64,12.0,3
17:21:26,26.0,3,10b947ed7d6b23bc545f6bcf588cddca9b9954c612e6202b1412d52582965c57,-64,,3,64,12.0,3
17:21:27,26.0,3,10b947ed7d6b23bc545f6bcf588cddca9b9954c612e6202b1412d52582965c57,-67,,3,64,12.0,3
17:21:28,26.0,3,f63aa0c6aadd410bb185ee2a77dcdc7d613cb58c5a07dd50cfdafa8fb25856d9,-93,,3,64,12.0,3
17:21:28,26.0,3,e407cdbe52da16d3b153856dcb98dba82e01d9ada7c61a268e846d0bf916be28,-72,,3,64,1.0,3
17:21:29,26.0,3,e407cdbe52da16d3b153856dcb98dba82e01d9ada7c61a268e846d0bf916be28,-72,,3,64,1.0,3
17:21:30,26.0,3,10b947ed7d6b23bc545f6bcf588cddca9b9954c612e6202b1412d52582965c57,-74,,3,64,12.0,3
17:21:31,26.0,3,e407cdbe52da16d3b153856dcb98dba82e01d9ada7c61a268e846d0bf916be28,-71,,3,64,1.0,3
17:21:32,26.0,3,10b947ed7d6b23bc545f6bcf588cddca9b9954c612e6202b1412d52582965c57,-71,,3,64,12.0,3
17:21:32,26.0,3,10b947ed7d6b23bc545f6bcf588cddca9b9954c612e6202b1412d52582965c57,-63,,3,64,12.0,3
17:21:33,26.0,3,f63aa0c6aadd410bb185ee2a77dcdc7d613cb58c5a07dd50cfdafa8fb25856d9,-91,,3,64,12.0,3
17:21:34,26.0,3,10b947ed7d6b23bc545f6bcf588cddca9b9954c612e6202b1412d52582965c57,-60,,3,64,12.0,3
17:21:35,26.0,3,10b947ed7d6b23bc545f6bcf588cddca9b9954c612e6202b1412d52582965c57,-66,,3,64,12.0,3
17:21:35,26.0,3,e407cdbe52da16d3b153856dcb98dba82e01d9ada7c61a268e846d0bf916be28,-74,,3,64,1.0,3
17:21:36,26.0,3,e407cdbe52da16d3b153856dcb98dba82e01d9ada7c61a268e846d0bf916be28,-68,,3,64,1.0,3
17:21:37,26.0,3,10b947ed7d6b23bc545f6bcf588cddca9b9954c612e6202b1412d52582965c57,-67,,3,64,12.0,3
17:21:38,26.0,3,f63aa0c6aadd410bb185ee2a77dcdc7d613cb58c5a07dd50cfdafa8fb25856d9,-92,,3,64,12.0,3
17:21:39,,3,16664ca97941653e42507ab27ad8f5a5476b0217df00650a9b120c1f02ba617f,-91,,3,64,,3
17:21:39,,3,8a82f5413192d017aee0bfb01b9c96ea83492ea674ae964f77bde03e660d0005,-72,,3,64,,3
17:21:40,26.0,3,10b947ed7d6b23bc545f6bcf588cddca9b9954c612e6202b1412d52582965c57,-71,,3,64,12.0,3
17:21:41,26.0,3,10b947ed7d6b23bc545f6bcf588cddca9b9954c612e6202b1412d52582965c57,-61,,3,64,12.0,3
17:21:42,26.0,3,e407cdbe52da16d3b153856dcb98dba82e01d9ada7c61a268e846d0bf916be28,-71,,3,64,1.0,3
17:21:43,26.0,3,10b947ed7d6b23bc545f6bcf588cddca9b9954c612e6202b1412d52582965c57,-64,,3,64,12.0,3
17:21:43,26.0,3,e407cdbe52da16d3b153856dcb98dba82e01d9ada7c61a268e846d0bf916be28,-71,,3,64,1.0,3
17:21:44,26.0,3,10b947ed7d6b23bc545f6bcf588cddca9b9954c612e6202b1412d52582965c57,-63,,3,64,12.0,3
17:21:45,26.0,3,10b947ed7d6b23bc545f6bcf588cddca9b9954c612e6202b1412d52582965c57,-65,,3,64,12.0,3
17:21:46,26.0,3,10b947ed7d6b23bc545f6bcf588cddca9b9954c612e6202b1412d52582965c57,-68,,3,64,12.0,3
17:21:47,26.0,3,10b947ed7d6b23bc545f6bcf588cddca9b9954c612e6202b1412d52582965c57,-68,,3,64,12.0,3
17:21:47,26.0,3,f63aa0c6aadd410bb185ee2a77dcdc7d613cb58c5a07dd50cfdafa8fb25856d9,-98,,3,64,12.0,3
17:21:48,26.0,3,e407cdbe52da16d3b153856dcb98dba82e01d9ada7c61a268e846d0bf916be28,-71,,3,64,1.0,3
17:21:49,26.0,3,10b947ed7d6b23bc545f6bcf588cddca9b9954c612e6202b1412d52582965c57,-60,,3,64,12.0,3
17:21:50,26.0,3,e407cdbe52da16d3b153856dcb98dba82e01d9ada7c61a268e846d0bf916be28,-71,,3,64,1.0,3
17:21:51,26.0,3,e407cdbe52da16d3b153856dcb98dba82e01d9ada7c61a268e846d0bf916be28,-72,,3,64,1.0,3
17:21:51,,3,8a82f5413192d017aee0bfb01b9c96ea83492ea674ae964f77bde03e660d0005,-70,,3,64,,3
17:21:52,26.0,3,e407cdbe52da16d3b153856dcb98dba82e01d9ada7c61a268e846d0bf916be28,-71,,3,64,1.0,3
17:21:53,26.0,3,10b947ed7d6b23bc545f6bcf588cddca9b9954c612e6202b1412d52582965c57,-62,,3,64,12.0,3
17:21:54,26.0,3,e407cdbe52da16d3b153856dcb98dba82e01d9ada7c61a268e846d0bf916be28,-71,,3,64,1.0,3
17:21:55,26.0,3,10b947ed7d6b23bc545f6bcf588cddca9b9954c612e6202b1412d52582965c57,-68,,3,64,12.0,3
17:21:55,26.0,3,e407cdbe52da16d3b153856dcb98dba82e01d9ada7c61a268e846d0bf916be28,-71,,3,64,1.0,3
17:21:56,26.0,3,e407cdbe52da16d3b153856dcb98dba82e01d9ada7c61a268e846d0bf916be28,-71,,3,64,1.0,3
17:21:57,26.0,3,10b947ed7d6b23bc545f6bcf588cddca9b9954c612e6202b1412d52582965c57,-61,,3,64,12.0,3
17:21:58,26.0,3,10b947ed7d6b23bc545f6bcf588cddca9b9954c612e6202b1412d52582965c57,-62,,3,64,12.0,3
17:21:59,26.0,3,10b947ed7d6b23bc545f6bcf588cddca9b9954c612e6202b1412d52582965c57,-70,,3,64,12.0,3
17:21:59,26.0,3,23ee646866400d49acbead191a95a36b0ba6a97fc5027c21d7d7ec34918e48b8,-93,,3,64,8.0,3
17:22:00,26.0,3,e407cdbe52da16d3b153856dcb98dba82e01d9ada7c61a268e846d0bf916be28,-74,,3,64,1.0,3
17:22:01,26.0,3,10b947ed7d6b23bc545f6bcf588cddca9b9954c612e6202b1412d52582965c57,-71,,3,64,12.0,3
17:22:02,,3,a69a304cbd4be08460ded23d9637f61dc55f79a9c351116203dd4a8c60117220,-63,,3,64,,3
17:22:03,26.0,3,10b947ed7d6b23bc545f6bcf588cddca9b9954c612e6202b1412d52582965c57,-71,,3,64,12.0,3
17:22:03,26.0,3,10b947ed7d6b23bc545f6bcf588cddca9b9954c612e6202b1412d52582965c57,-60,,3,64,12.0,3
17:22:04,26.0,3,10b947ed7d6b23bc545f6bcf588cddca9b9954c612e6202b1412d52582965c57,-71,,3,64,12.0,3
17:22:05,26.0,3,10b947ed7d6b23bc545f6bcf588cddca9b9954c612e6202b1412d52582965c57,-68,,3,64,12.0,3
17:22:06,26.0,3,10b947ed7d6b23bc545f6bcf588cddca9b9954c612e6202b1412d52582965c57,-67,,3,64,12.0,3
17:22:07,26.0,3,10b947ed7d6b23bc545f6bcf588cddca9b9954c612e6202b1412d52582965c57,-69,,3,64,12.0,3
17:22:07,26.0,3,10b947ed7d6b23bc545f6bcf588cddca9b9954c612e6202b1412d52582965c57,-66,,3,64,12.0,3
17:22:08,,3,93db4706291611d74332413d08ee26f2dd3e1d4fcba6d37a9e03be5b6794f031,-84,,3,64,,3
17:22:09,26.0,3,b204f7ae306fcdc78daa18e1977143e588ffd80f46ebf3e280744ff4477ffef5,-85,,3,64,12.0,3
17:22:10,,3,8a82f5413192d017aee0bfb01b9c96ea83492ea674ae964f77bde03e660d0005,-77,,3,64,,3
17:22:10,26.0,3,e407cdbe52da16d3b153856dcb98dba82e01d9ada7c61a268e846d0bf916be28,-72,,3,64,1.0,3
17:22:11,26.0,3,10b947ed7d6b23bc545f6bcf588cddca9b9954c612e6202b1412d52582965c57,-67,,3,64,12.0,3
17:22:12,,3,93db4706291611d74332413d08ee26f2dd3e1d4fcba6d37a9e03be5b6794f031,-70,,3,64,,3
17:22:13,26.0,3,e407cdbe52da16d3b153856dcb98dba82e01d9ada7c61a268e846d0bf916be28,-76,,3,64,1.0,3
17:22:14,,3,a69a304cbd4be08460ded23d9637f61dc55f79a9c351116203dd4a8c60117220,-53,,3,64,,3
17:22:15,26.0,3,e407cdbe52da16d3b153856dcb98dba82e01d9ada7c61a268e846d0bf916be28,-76,,3,64,1.0,3
17:22:15,26.0,3,10b947ed7d6b23bc545f6bcf588cddca9b9954c612e6202b1412d52582965c57,-53,,3,64,12.0,3
17:22:16,,3,93db4706291611d74332413d08ee26f2dd3e1d4fcba6d37a9e03be5b6794f031,-78,,3,64,,3
17:22:17,26.0,3,e407cdbe52da16d3b153856dcb98dba82e01d9ada7c61a268e846d0bf916be28,-83,,3,64,1.0,3
17:22:18,,3,8a82f5413192d017aee0bfb01b9c96ea83492ea674ae964f77bde03e660d0005,-76,,3,64,,3
17:22:18,26.0,3,b204f7ae306fcdc78daa18e1977143e588ffd80f46ebf3e280744ff4477ffef5,-75,,3,64,12.0,3
17:22:19,26.0,3,b204f7ae306fcdc78daa18e1977143e588ffd80f46ebf3e280744ff4477ffef5,-67,,3,64,12.0,3
17:22:20,,3,93db4706291611d74332413d08ee26f2dd3e1d4fcba6d37a9e03be5b6794f031,-63,,3,64,,3
17:22:21,26.0,3,b204f7ae306fcdc78daa18e1977143e588ffd80f46ebf3e280744ff4477ffef5,-70,,3,64,12.0,3
17:22:22,26.0,3,e407cdbe52da16d3b153856dcb98dba82e01d9ada7c61a268e846d0bf916be28,-74,,3,64,1.0,3
17:22:23,26.0,3,e407cdbe52da16d3b153856dcb98dba82e01d9ada7c61a268e846d0bf916be28,-82,,3,64,1.0,3
17:22:23,26.0,3,e407cdbe52da16d3b153856dcb98dba82e01d9ada7c61a268e846d0bf916be28,-75,,3,64,1.0,3
17:22:24,,3,93db4706291611d74332413d08ee26f2dd3e1d4fcba6d37a9e03be5b6794f031,-78,,3,64,,3
17:22:25,26.0,3,132c8545b269c4046f92dddc31405ea258935ec79028a35c3d12fbbafa5ac366,-72,,3,64,,3
17:22:26,26.0,3,132c8545b269c4046f92dddc31405ea258935ec79028a35c3d12fbbafa5ac366,-94,,3,64,,3
17:22:26,26.0,3,10b947ed7d6b23bc545f6bcf588cddca9b9954c612e6202b1412d52582965c57,-64,,3,64,12.0,3
17:22:27,26.0,3,10b947ed7d6b23bc545f6bcf588cddca9b9954c612e6202b1412d52582965c57,-63,,3,64,12.0,3
17:22:28,,3,93db4706291611d74332413d08ee26f2dd3e1d4fcba6d37a9e03be5b6794f031,-68,,3,64,,3
17:22:29,26.0,3,b204f7ae306fcdc78daa18e1977143e588ffd80f46ebf3e280744ff4477ffef5,-79,,3,64,12.0,3
17:22:30,26.0,3,10b947ed7d6b23bc545f6bcf588cddca9b9954c612e6202b1412d52582965c57,-66,,3,64,12.0,3
17:22:30,26.0,3,e407cdbe52da16d3b153856dcb98dba82e01d9ada7c61a268e846d0bf916be28,-75,,3,64,1.0,3
17:22:31,26.0,3,132c8545b269c4046f92dddc31405ea258935ec79028a35c3d12fbbafa5ac366,-86,,3,64,,3
17:22:32,26.0,3,132c8545b269c4046f92dddc31405ea258935ec79028a35c3d12fbbafa5ac366,-98,,3,64,,3
17:22:33,26.0,3,b204f7ae306fcdc78daa18e1977143e588ffd80f46ebf3e280744ff4477ffef5,-77,,3,64,12.0,3
17:22:34,26.0,3,b204f7ae306fcdc78daa18e1977143e588ffd80f46ebf3e280744ff4477ffef5,-71,,3,64,12.0,3
17:22:34,26.0,3,aef53504165ab25019e300c55773dfd83d967d774edd0963bea09814102f5574,-79,,3,64,4.0,3
17:22:35,26.0,3,10b947ed7d6b23bc545f6bcf588cddca9b9954c612e6202b1412d52582965c57,-58,,3,64,12.0,3
17:22:36,26.0,3,132c8545b269c4046f92dddc31405ea258935ec79028a35c3d12fbbafa5ac366,-78,,3,64,,3
17:22:37,26.0,3,e407cdbe52da16d3b153856dcb98dba82e01d9ada7c61a268e846d0bf916be28,-80,,3,64,1.0,3
17:22:38,26.0,3,132c8545b269c4046f92dddc31405ea258935ec79028a35c3d12fbbafa5ac366,-77,,3,64,,3
17:22:38,26.0,3,e407cdbe52da16d3b153856dcb98dba82e01d9ada7c61a268e846d0bf916be28,-78,,3,64,1.0,3
17:22:39,26.0,3,132c8545b269c4046f92dddc31405ea258935ec79028a35c3d12fbbafa5ac366,-70,,3,64,,3
17:22:40,26.0,3,132c8545b269c4046f92dddc31405ea258935ec79028a35c3d12fbbafa5ac366,-76,,3,64,,3
17:22:41,26.0,3,132c8545b269c4046f92dddc31405ea258935ec79028a35c3d12fbbafa5ac366,-75,,3,64,,3
17:22:42,26.0,3,aef53504165ab25019e300c55773dfd83d967d774edd0963bea09814102f5574,-76,,3,64,4.0,3
17:22:42,26.0,3,132c8545b269c4046f92dddc31405ea258935ec79028a35c3d12fbbafa5ac366,-76,,3,64,,3
17:22:43,26.0,3,132c8545b269c4046f92dddc31405ea258935ec79028a35c3d12fbbafa5ac366,-75,,3,64,,3
17:22:44,26.0,3,e407cdbe52da16d3b153856dcb98dba82e01d9ada7c61a268e846d0bf916be28,-77,,3,64,1.0,3
17:22:45,26.0,3,e407cdbe52da16d3b153856dcb98dba82e01d9ada7c61a268e846d0bf916be28,-80,,3,64,1.0,3
17:22:46,26.0,3,132c8545b269c4046f92dddc31405ea258935ec79028a35c3d12fbbafa5ac366,-67,,3,64,,3
17:22:46,26.0,3,132c8545b269c4046f92dddc31405ea258935ec79028a35c3d12fbbafa5ac366,-70,,3,64,,3
17:22:47,26.0,3,132c8545b269c4046f92dddc31405ea258935ec79028a35c3d12fbbafa5ac366,-68,,3,64,,3
17:22:48,26.0,3,aef53504165ab25019e300c55773dfd83d967d774edd0963bea09814102f5574,-75,,3,64,4.0,3
17:22:49,26.0,3,132c8545b269c4046f92dddc31405ea258935ec79028a35c3d12fbbafa5ac366,-76,,3,64,,3
17:22:50,26.0,3,aef53504165ab25019e300c55773dfd83d967d774edd0963bea09814102f5574,-67,,3,64,4.0,3
17:22:50,26.0,3,e407cdbe52da16d3b153856dcb98dba82e01d9ada7c61a268e846d0bf916be28,-72,,3,64,1.0,3
17:22:51,26.0,3,10b947ed7d6b23bc545f6bcf588cddca9b9954c612e6202b1412d52582965c57,-63,,3,64,12.0,3
17:22:52,26.0,3,b204f7ae306fcdc78daa18e1977143e588ffd80f46ebf3e280744ff4477ffef5,-79,,3,64,12.0,3
17:22:53,26.0,3,10b947ed7d6b23bc545f6bcf588cddca9b9954c612e6202b1412d52582965c57,-67,,3,64,12.0,3
17:22:54,26.0,3,132c8545b269c4046f92dddc31405ea258935ec79028a35c3d12fbbafa5ac366,-70,,3,64,,3
17:22:54,26.0,3,132c8545b269c4046f92dddc31405ea258935ec79028a35c3d12fbbafa5ac366,-67,,3,64,,3
17:22:55,26.0,3,aef53504165ab25019e300c55773dfd83d967d774edd0963bea09814102f5574,-75,,3,64,4.0,3
17:22:56,26.0,3,132c8545b269c4046f92dddc31405ea258935ec79028a35c3d12fbbafa5ac366,-70,,3,64,,3
17:22:57,26.0,3,e407cdbe52da16d3b153856dcb98dba82e01d9ada7c61a268e846d0bf916be28,-78,,3,64,1.0,3
17:22:58,26.0,3,132c8545b269c4046f92dddc31405ea258935ec79028a35c3d12fbbafa5ac366,-67,,3,64,,3
17:22:58,26.0,3,132c8545b269c4046f92dddc31405ea258935ec79028a35c3d12fbbafa5ac366,-64,,3,64,,3
17:22:59,26.0,3,132c8545b269c4046f92dddc31405ea258935ec79028a35c3d12fbbafa5ac366,-64,,3,64,,3
17:23:00,26.0,3,132c8545b269c4046f92dddc31405ea258935ec79028a35c3d12fbbafa5ac366,-66,,3,64,,3
17:23:01,,3,044bfc7fe71932338da92e192b547dd838d157a92a1bcee275a95cb59ef9d119,-94,,3,64,,3
17:23:02,26.0,3,b204f7ae306fcdc78daa18e1977143e588ffd80f46ebf3e280744ff4477ffef5,-84,,3,64,12.0,3
17:23:02,26.0,3,b204f7ae306fcdc78daa18e1977143e588ffd80f46ebf3e280744ff4477ffef5,-69,,3,64,12.0,3
17:23:03,26.0,3,10b947ed7d6b23bc545f6bcf588cddca9b9954c612e6202b1412d52582965c57,-60,,3,64,12.0,3
17:23:04,26.0,3,b204f7ae306fcdc78daa18e1977143e588ffd80f46ebf3e280744ff4477ffef5,-64,,3,64,12.0,3
17:23:05,26.0,3,10b947ed7d6b23bc545f6bcf588cddca9b9954c612e6202b1412d52582965c57,-60,,3,64,12.0,3
17:23:06,26.0,3,b204f7ae306fcdc78daa18e1977143e588ffd80f46ebf3e280744ff4477ffef5,-65,,3,64,12.0,3
17:23:06,26.0,3,e407cdbe52da16d3b153856dcb98dba82e01d9ada7c61a268e846d0bf916be28,-78,,3,64,1.0,3
17:23:07,26.0,3,b204f7ae306fcdc78daa18e1977143e588ffd80f46ebf3e280744ff4477ffef5,-73,,3,64,12.0,3
17:23:08,,3,8a82f5413192d017aee0bfb01b9c96ea83492ea674ae964f77bde03e660d0005,-81,,3,64,,3
17:23:09,26.0,3,e407cdbe52da16d3b153856dcb98dba82e01d9ada7c61a268e846d0bf916be28,-87,,3,64,1.0,3
17:23:09,26.0,3,b204f7ae306fcdc78daa18e1977143e588ffd80f46ebf3e280744ff4477ffef5,-76,,3,64,12.0,3
17:23:10,26.0,3,10b947ed7d6b23bc545f6bcf588cddca9b9954c612e6202b1412d52582965c57,-64,,3,64,12.0,3
17:23:11,26.0,3,e407cdbe52da16d3b153856dcb98dba82e01d9ada7c61a268e846d0bf916be28,-72,,3,64,1.0,3
17:23:12,,3,a69a304cbd4be08460ded23d9637f61dc55f79a9c351116203dd4a8c60117220,-58,,3,64,,3
17:23:13,26.0,3,b204f7ae306fcdc78daa18e1977143e588ffd80f46ebf3e280744ff4477ffef5,-89,,3,64,12.0,3
17:23:13,26.0,3,132c8545b269c4046f92dddc31405ea258935ec79028a35c3d12fbbafa5ac366,-65,,3,64,,3
17:23:14,26.0,3,10b947ed7d6b23bc545f6bcf588cddca9b9954c612e6202b1412d52582965c57,-55,,3,64,12.0,3
17:23:15,26.0,3,132c8545b269c4046f92dddc31405ea258935ec79028a35c3d12fbbafa5ac366,-66,,3,64,,3
17:23:16,26.0,3,e407cdbe52da16d3b153856dcb98dba82e01d9ada7c61a268e846d0bf916be28,-85,,3,64,1.0,3
17:23:17,26.0,3,aef53504165ab25019e300c55773dfd83d967d774edd0963bea09814102f5574,-70,,3,64,4.0,3
17:23:17,26.0,3,e407cdbe52da16d3b153856dcb98dba82e01d9ada7c61a268e846d0bf916be28,-84,,3,64,1.0,3
17:23:18,26.0,3,aef53504165ab25019e300c55773dfd83d967d774edd0963bea09814102f5574,-71,,3,64,4.0,3
17:23:19,26.0,3,b204f7ae306fcdc78daa18e1977143e588ffd80f46ebf3e280744ff4477ffef5,-67,,3,64,12.0,3
17:23:20,,3,a69a304cbd4be08460ded23d9637f61dc55f79a9c351116203dd4a8c60117220,-52,,3,64,,3
17:23:21,26.0,3,e407cdbe52da16d3b153856dcb98dba82e01d9ada7c61a268e846d0bf916be28,-90,,3,64,1.0,3
17:23:21,26.0,3,b204f7ae306fcdc78daa18e1977143e588ffd80f46ebf3e280744ff4477ffef5,-71,,3,64,12.0,3
17:23:22,26.0,3,e407cdbe52da16d3b153856dcb98dba82e01d9ada7c61a268e846d0bf916be28,-78,,3,64,1.0,3
17:23:23,26.0,3,10b947ed7d6b23bc545f6bcf588cddca9b9954c612e6202b1412d52582965c57,-64,,3,64,12.0,3
17:23:24,,3,a69a304cbd4be08460ded23d9637f61dc55f79a9c351116203dd4a8c60117220,-57,,3,64,,3
17:23:25,26.0,3,e407cdbe52da16d3b153856dcb98dba82e01d9ada7c61a268e846d0bf916be28,-82,,3,64,1.0,3
17:23:25,26.0,3,10b947ed7d6b23bc545f6bcf588cddca9b9954c612e6202b1412d52582965c57,-54,,3,64,12.0,3
17:23:26,26.0,3,10b947ed7d6b23bc545f6bcf588cddca9b9954c612e6202b1412d52582965c57,-60,,3,64,12.0,3
17:23:27,26.0,3,b204f7ae306fcdc78daa18e1977143e588ffd80f46ebf3e280744ff4477ffef5,-77,,3,64,12.0,3
17:23:28,26.0,3,10b947ed7d6b23bc545f6bcf588cddca9b9954c612e6202b1412d52582965c57,-69,,3,64,12.0,3
17:23:29,26.0,3,e407cdbe52da16d3b153856dcb98dba82e01d9ada7c61a268e846d0bf916be28,-76,,3,64,1.0,3
17:23:29,26.0,3,06f372a2fcd9d165ce579339147d521f21584892224d33cd8315f2231cd04a5b,-90,,3,64,7.0,3
17:23:30,,3,93db4706291611d74332413d08ee26f2dd3e1d4fcba6d37a9e03be5b6794f031,-68,,3,64,,3
17:23:31,26.0,3,e407cdbe52da16d3b153856dcb98dba82e01d9ada7c61a268e846d0bf916be28,-81,,3,64,1.0,3
17:23:32,26.0,3,10b947ed7d6b23bc545f6bcf588cddca9b9954c612e6202b1412d52582965c57,-61,,3,64,12.0,3
17:23:33,26.0,3,b204f7ae306fcdc78daa18e1977143e588ffd80f46ebf3e280744ff4477ffef5,-77,,3,64,12.0,3
17:23:33,26.0,3,10b947ed7d6b23bc545f6bcf588cddca9b9954c612e6202b1412d52582965c57,-62,,3,64,12.0,3
17:23:34,26.0,3,e407cdbe52da16d3b153856dcb98dba82e01d9ada7c61a268e846d0bf916be28,-81,,3,64,1.0,3
17:23:35,26.0,3,b204f7ae306fcdc78daa18e1977143e588ffd80f46ebf3e280744ff4477ffef5,-77,,3,64,12.0,3
17:23:36,,3,8a82f5413192d017aee0bfb01b9c96ea83492ea674ae964f77bde03e660d0005,-87,,3,64,,3
17:23:37,26.0,3,10b947ed7d6b23bc545f6bcf588cddca9b9954c612e6202b1412d52582965c57,-55,,3,64,12.0,3
17:23:37,26.0,3,e407cdbe52da16d3b153856dcb98dba82e01d9ada7c61a268e846d0bf916be28,-85,,3,64,1.0,3
17:23:38,26.0,3,10b947ed7d6b23bc545f6bcf588cddca9b9954c612e6202b1412d52582965c57,-54,,3,64,12.0,3
17:23:39,26.0,3,10b947ed7d6b23bc545f6bcf588cddca9b9954c612e6202b1412d52582965c57,-56,,3,64,12.0,3
17:23:40,26.0,3,b204f7ae306fcdc78daa18e1977143e588ffd80f46ebf3e280744ff4477ffef5,-75,,3,64,12.0,3
17:23:41,26.0,3,e407cdbe52da16d3b153856dcb98dba82e01d9ada7c61a268e846d0bf916be28,-81,,3,64,1.0,3
17:23:41,26.0,3,10b947ed7d6b23bc545f6bcf588cddca9b9954c612e6202b1412d52582965c57,-57,,3,64,12.0,3
17:23:42,26.0,3,10b947ed7d6b23bc545f6bcf588cddca9b9954c612e6202b1412d52582965c57,-74,,3,64,12.0,3
17:23:43,26.0,3,b204f7ae306fcdc78daa18e1977143e588ffd80f46ebf3e280744ff4477ffef5,-75,,3,64,12.0,3
17:23:44,26.0,3,e407cdbe52da16d3b153856dcb98dba82e01d9ada7c61a268e846d0bf916be28,-81,,3,64,1.0,3
17:23:45,26.0,3,e407cdbe52da16d3b153856dcb98dba82e01d9ada7c61a268e846d0bf916be28,-83,,3,64,1.0,3
17:23:45,26.0,3,10b947ed7d6b23bc545f6bcf588cddca9b9954c612e6202b1412d52582965c57,-62,,3,64,12.0,3
17:23:46,26.0,3,b204f7ae306fcdc78daa18e1977143e588ffd80f46ebf3e280744ff4477ffef5,-73,,3,64,12.0,3
17:23:47,26.0,3,10b947ed7d6b23bc545f6bcf588cddca9b9954c612e6202b1412d52582965c57,-60,,3,64,12.0,3
17:23:48,26.0,3,e407cdbe52da16d3b153856dcb98dba82e01d9ada7c61a268e846d0bf916be28,-78,,3,64,1.0,3
17:23:49,26.0,3,f63aa0c6aadd410bb185ee2a77dcdc7d613cb58c5a07dd50cfdafa8fb25856d9,-90,,3,64,12.0,3
17:23:49,26.0,3,b204f7ae306fcdc78daa18e1977143e588ffd80f46ebf3e280744ff4477ffef5,-75,,3,64,12.0,3
17:23:50,26.0,3,10b947ed7d6b23bc545f6bcf588cddca9b9954c612e6202b1412d52582965c57,-61,,3,64,12.0,3
17:23:51,26.0,3,10b947ed7d6b23bc545f6bcf588cddca9b9954c612e6202b1412d52582965c57,-65,,3,64,12.0,3
17:23:52,26.0,3,10b947ed7d6b23bc545f6bcf588cddca9b9954c612e6202b1412d52582965c57,-70,,3,64,12.0,3
17:23:53,26.0,3,b204f7ae306fcdc78daa18e1977143e588ffd80f46ebf3e280744ff4477ffef5,-76,,3,64,12.0,3
17:23:53,26.0,3,10b947ed7d6b23bc545f6bcf588cddca9b9954c612e6202b1412d52582965c57,-71,,3,64,12.0,3
17:23:54,26.0,3,10b947ed7d6b23bc545f6bcf588cddca9b9954c612e6202b1412d52582965c57,-61,,3,64,12.0,3
17:23:55,26.0,3,b204f7ae306fcdc78daa18e1977143e588ffd80f46ebf3e280744ff4477ffef5,-86,,3,64,12.0,3
17:23:56,26.0,3,06f372a2fcd9d165ce579339147d521f21584892224d33cd8315f2231cd04a5b,-93,,3,64,7.0,3
17:23:57,26.0,3,10b947ed7d6b23bc545f6bcf588cddca9b9954c612e6202b1412d52582965c57,-65,,3,64,12.0,3
17:23:57,26.0,3,e407cdbe52da16d3b153856dcb98dba82e01d9ada7c61a268e846d0bf916be28,-81,,3,64,1.0,3
17:23:58,26.0,3,b204f7ae306fcdc78daa18e1977143e588ffd80f46ebf3e280744ff4477ffef5,-69,,3,64,12.0,3
17:23:59,26.0,3,10b947ed7d6b23bc545f6bcf588cddca9b9954c612e6202b1412d52582965c57,-57,,3,64,12.0,3
17:24:00,26.0,3,e407cdbe52da16d3b153856dcb98dba82e01d9ada7c61a268e846d0bf916be28,-88,,3,64,1.0,3
17:24:00,26.0,3,b204f7ae306fcdc78daa18e1977143e588ffd80f46ebf3e280744ff4477ffef5,-84,,3,64,12.0,3
17:24:01,26.0,3,10b947ed7d6b23bc545f6bcf588cddca9b9954c612e6202b1412d52582965c57,-62,,3,64,12.0,3
17:24:02,,3,8a82f5413192d017aee0bfb01b9c96ea83492ea674ae964f77bde03e660d0005,-89,,3,64,,3
17:24:03,26.0,3,10b947ed7d6b23bc545f6bcf588cddca9b9954c612e6202b1412d52582965c57,-67,,3,64,12.0,3
17:24:04,26.0,3,10b947ed7d6b23bc545f6bcf588cddca9b9954c612e6202b1412d52582965c57,-66,,3,64,12.0,3
17:24:04,26.0,3,e407cdbe52da16d3b153856dcb98dba82e01d9ada7c61a268e846d0bf916be28,-83,,3,64,1.0,3
17:24:05,26.0,3,10b947ed7d6b23bc545f6bcf588cddca9b9954c612e6202b1412d52582965c57,-65,,3,64,12.0,3
17:24:06,26.0,3,e407cdbe52da16d3b153856dcb98dba82e01d9ada7c61a268e846d0bf916be28,-80,,3,64,1.0,3
17:24:07,,3,044bfc7fe71932338da92e192b547dd838d157a92a1bcee275a95cb59ef9d119,-95,,3,64,,3
17:24:08,26.0,3,10b947ed7d6b23bc545f6bcf588cddca9b9954c612e6202b1412d52582965c57,-58,,3,64,12.0,3
17:24:08,26.0,3,10b947ed7d6b23bc545f6bcf588cddca9b9954c612e6202b1412d52582965c57,-57,,3,64,12.0,3
17:24:09,26.0,3,b204f7ae306fcdc78daa18e1977143e588ffd80f46ebf3e280744ff4477ffef5,-73,,3,64,12.0,3
17:24:10,,3,8a82f5413192d017aee0bfb01b9c96ea83492ea674ae964f77bde03e660d0005,-81,,3,64,,3
17:24:11,26.0,3,e407cdbe52da16d3b153856dcb98dba82e01d9ada7c61a268e846d0bf916be28,-83,,3,64,1.0,3
17:24:12,26.0,3,10b947ed7d6b23bc545f6bcf588cddca9b9954c612e6202b1412d52582965c57,-63,,3,64,12.0,3
17:24:12,26.0,3,b204f7ae306fcdc78daa18e1977143e588ffd80f46ebf3e280744ff4477ffef5,-77,,3,64,12.0,3
17:24:13,26.0,3,10b947ed7d6b23bc545f6bcf588cddca9b9954c612e6202b1412d52582965c57,-56,,3,64,12.0,3
17:24:14,26.0,3,10b947ed7d6b23bc545f6bcf588cddca9b9954c612e6202b1412d52582965c57,-72,,3,64,12.0,3
17:24:15,26.0,3,b204f7ae306fcdc78daa18e1977143e588ffd80f46ebf3e280744ff4477ffef5,-79,,3,64,12.0,3
17:24:16,26.0,3,b204f7ae306fcdc78daa18e1977143e588ffd80f46ebf3e280744ff4477ffef5,-72,,3,64,12.0,3
17:24:16,26.0,3,e407cdbe52da16d3b153856dcb98dba82e01d9ada7c61a268e846d0bf916be28,-80,,3,64,1.0,3
17:24:17,26.0,3,e407cdbe52da16d3b153856dcb98dba82e01d9ada7c61a268e846d0bf916be28,-77,,3,64,1.0,3
17:24:18,26.0,3,b204f7ae306fcdc78daa18e1977143e588ffd80f46ebf3e280744ff4477ffef5,-73,,3,64,12.0,3
17:24:19,26.0,3,e407cdbe52da16d3b153856dcb98dba82e01d9ada7c61a268e846d0bf916be28,-80,,3,64,1.0,3
17:24:20,,3,a69a304cbd4be08460ded23d9637f61dc55f79a9c351116203dd4a8c60117220,-70,,3,64,,3
17:24:20,26.0,3,b204f7ae306fcdc78daa18e1977143e588ffd80f46ebf3e280744ff4477ffef5,-88,,3,64,12.0,3
17:24:21,26.0,3,10b947ed7d6b23bc545f6bcf588cddca9b9954c612e6202b1412d52582965c57,-62,,3,64,12.0,3
17:24:22,26.0,3,b204f7ae306fcdc78daa18e1977143e588ffd80f46ebf3e280744ff4477ffef5,-79,,3,64,12.0,3
17:24:23,26.0,3,b204f7ae306fcdc78daa18e1977143e588ffd80f46ebf3e280744ff4477ffef5,-72,,3,64,12.0,3
17:24:24,26.0,3,b204f7ae306fcdc78daa18e1977143e588ffd80f46ebf3e280744ff4477ffef5,-78,,3,64,12.0,3
17:24:24,26.0,3,b204f7ae306fcdc78daa18e1977143e588ffd80f46ebf3e280744ff4477ffef5,-76,,3,64,12.0,3
17:24:25,26.0,3,e407cdbe52da16d3b153856dcb98dba82e01d9ada7c61a268e846d0bf916be28,-80,,3,64,1.0,3
17:24:26,26.0,3,10b947ed7d6b23bc545f6bcf588cddca9b9954c612e6202b1412d52582965c57,-61,,3,64,12.0,3
17:24:27,26.0,3,b204f7ae306fcdc78daa18e1977143e588ffd80f46ebf3e280744ff4477ffef5,-77,,3,64,12.0,3
17:24:28,26.0,3,b204f7ae306fcdc78daa18e1977143e588ffd80f46ebf3e280744ff4477ffef5,-78,,3,64,12.0,3
17:24:28,26.0,3,b204f7ae306fcdc78daa18e1977143e588ffd80f46ebf3e280744ff4477ffef5,-68,,3,64,12.0,3
17:24:29,26.0,3,10b947ed7d6b23bc545f6bcf588cddca9b9954c612e6202b1412d52582965c57,-64,,3,64,12.0,3
17:24:30,26.0,3,e407cdbe52da16d3b153856dcb98dba82e01d9ada7c61a268e846d0bf916be28,-82,,3,64,1.0,3
17:24:31,26.0,3,e407cdbe52da16d3b153856dcb98dba82e01d9ada7c61a268e846d0bf916be28,-77,,3,64,1.0,3
17:24:32,26.0,3,e407cdbe52da16d3b153856dcb98dba82e01d9ada7c61a268e846d0bf916be28,-72,,3,64,1.0,3
17:24:32,26.0,3,b204f7ae306fcdc78daa18e1977143e588ffd80f46ebf3e280744ff4477ffef5,-61,,3,64,12.0,3
17:24:33,26.0,3,10b947ed7d6b23bc545f6bcf588cddca9b9954c612e6202b1412d52582965c57,-54,,3,64,12.0,3
17:24:34,26.0,3,10b947ed7d6b23bc545f6bcf588cddca9b9954c612e6202b1412d52582965c57,-74,,3,64,12.0,3
17:24:35,26.0,3,e407cdbe52da16d3b153856dcb98dba82e01d9ada7c61a268e846d0bf916be28,-71,,3,64,1.0,3
17:24:36,26.0,3,e407cdbe52da16d3b153856dcb98dba82e01d9ada7c61a268e846d0bf916be28,-82,,3,64,1.0,3
17:24:36,26.0,3,b204f7ae306fcdc78daa18e1977143e588ffd80f46ebf3e280744ff4477ffef5,-79,,3,64,12.0,3
17:24:37,26.0,3,b204f7ae306fcdc78daa18e1977143e588ffd80f46ebf3e280744ff4477ffef5,-68,,3,64,12.0,3
17:24:38,26.0,3,b204f7ae306fcdc78daa18e1977143e588ffd80f46ebf3e280744ff4477ffef5,-69,,3,64,12.0,3
17:24:39,26.0,3,e407cdbe52da16d3b153856dcb98dba82e01d9ada7c61a268e846d0bf916be28,-73,,3,64,1.0,3
17:24:40,26.0,3,b204f7ae306fcdc78daa18e1977143e588ffd80f46ebf3e280744ff4477ffef5,-66,,3,64,12.0,3
17:24:40,26.0,3,10b947ed7d6b23bc545f6bcf588cddca9b9954c612e6202b1412d52582965c57,-56,,3,64,12.0,3
17:24:41,26.0,3,b204f7ae306fcdc78daa18e1977143e588ffd80f46ebf3e280744ff4477ffef5,-67,,3,64,12.0,3
17:24:42,26.0,3,10b947ed7d6b23bc545f6bcf588cddca9b9954c612e6202b1412d52582965c57,-56,,3,64,12.0,3
17:24:43,26.0,3,e407cdbe52da16d3b153856dcb98dba82e01d9ada7c61a268e846d0bf916be28,-85,,3,64,1.0,3
17:24:43,26.0,3,e407cdbe52da16d3b153856dcb98dba82e01d9ada7c61a268e846d0bf916be28,-79,,3,64,1.0,3
17:24:44,26.0,3,b204f7ae306fcdc78daa18e1977143e588ffd80f46ebf3e280744ff4477ffef5,-76,,3,64,12.0,3
17:24:45,,3,044bfc7fe71932338da92e192b547dd838d157a92a1bcee275a95cb59ef9d119,-93,,3,64,,3
17:24:46,26.0,3,06f372a2fcd9d165ce579339147d521f21584892224d33cd8315f2231cd04a5b,-90,,3,64,7.0,3
17:24:47,26.0,3,b204f7ae306fcdc78daa18e1977143e588ffd80f46ebf3e280744ff4477ffef5,-63,,3,64,12.0,3
17:24:47,26.0,3,b204f7ae306fcdc78daa18e1977143e588ffd80f46ebf3e280744ff4477ffef5,-74,,3,64,12.0,3
17:24:48,26.0,3,e407cdbe52da16d3b153856dcb98dba82e01d9ada7c61a268e846d0bf916be28,-82,,3,64,1.0,3
17:24:49,26.0,3,b204f7ae306fcdc78daa18e1977143e588ffd80f46ebf3e280744ff4477ffef5,-71,,3,64,12.0,3
17:24:50,26.0,3,b204f7ae306fcdc78daa18e1977143e588ffd80f46ebf3e280744ff4477ffef5,-70,,3,64,12.0,3
17:24:51,26.0,3,10b947ed7d6b23bc545f6bcf588cddca9b9954c612e6202b1412d52582965c57,-54,,3,64,12.0,3
17:24:51,26.0,3,b204f7ae306fcdc78daa18e1977143e588ffd80f46ebf3e280744ff4477ffef5,-81,,3,64,12.0,3
17:24:52,,3,93db4706291611d74332413d08ee26f2dd3e1d4fcba6d37a9e03be5b6794f031,-71,,3,64,,3
17:24:53,26.0,3,b204f7ae306fcdc78daa18e1977143e588ffd80f46ebf3e280744ff4477ffef5,-75,,3,64,12.0,3
17:24:54,,3,a69a304cbd4be08460ded23d9637f61dc55f79a9c351116203dd4a8c60117220,-61,,3,64,,3
17:24:55,26.0,3,e407cdbe52da16d3b153856dcb98dba82e01d9ada7c61a268e846d0bf916be28,-86,,3,64,1.0,3
17:24:55,26.0,3,b204f7ae306fcdc78daa18e1977143e588ffd80f46ebf3e280744ff4477ffef5,-80,,3,64,12.0,3
17:24:56,,3,93db4706291611d74332413d08ee26f2dd3e1d4fcba6d37a9e03be5b6794f031,-80,,3,64,,3
17:24:57,26.0,3,10b947ed7d6b23bc545f6bcf588cddca9b9954c612e6202b1412d52582965c57,-57,,3,64,12.0,3
17:24:58,,3,a69a304cbd4be08460ded23d9637f61dc55f79a9c351116203dd4a8c60117220,-54,,3,64,,3
17:24:59,26.0,3,b204f7ae306fcdc78daa18e1977143e588ffd80f46ebf3e280744ff4477ffef5,-76,,3,64,12.0,3
17:24:59,26.0,3,b204f7ae306fcdc78daa18e1977143e588ffd80f46ebf3e280744ff4477ffef5,-69,,3,64,12.0,3
17:25:00,,3,8a82f5413192d017aee0bfb01b9c96ea83492ea674ae964f77bde03e660d0005,-86,,3,64,,3
17:25:01,26.0,3,e407cdbe52da16d3b153856dcb98dba82e01d9ada7c61a268e846d0bf916be28,-85,,3,64,1.0,3
17:25:02,26.0,3,b204f7ae306fcdc78daa18e1977143e588ffd80f46ebf3e280744ff4477ffef5,-86,,3,64,12.0,3
17:25:03,26.0,3,e407cdbe52da16d3b153856dcb98dba82e01d9ada7c61a268e846d0bf916be28,-77,,3,64,1.0,3
17:25:03,26.0,3,e407cdbe52da16d3b153856dcb98dba82e01d9ada7c61a268e846d0bf916be28,-82,,3,64,1.0,3
17:25:04,26.0,3,e407cdbe52da16d3b153856dcb98dba82e01d9ada7c61a268e846d0bf916be28,-79,,3,64,1.0,3
17:25:05,,3,a69a304cbd4be08460ded23d9637f61dc55f79a9c351116203dd4a8c60117220,-74,,3,64,,3
17:25:06,26.0,3,e407cdbe52da16d3b153856dcb98dba82e01d9ada7c61a268e846d0bf916be28,-74,,3,64,1.0,3
17:25:07,26.0,3,e407cdbe52da16d3b153856dcb98dba82e01d9ada7c61a268e846d0bf916be28,-74,,3,64,1.0,3
17:25:07,26.0,3,ae179b41e61ae8034a93b677a6b56e026ccce05ba8a228fa6c50e0d9b558e50e,-60,,3,64,12.0,3
17:25:08,26.0,3,ae179b41e61ae8034a93b677a6b56e026ccce05ba8a228fa6c50e0d9b558e50e,-55,,3,64,12.0,3
17:25:09,26.0,3,e407cdbe52da16d3b153856dcb98dba82e01d9ada7c61a268e846d0bf916be28,-86,,3,64,1.0,3
17:25:10,26.0,3,ae179b41e61ae8034a93b677a6b56e026ccce05ba8a228fa6c50e0d9b558e50e,-54,,3,64,12.0,3
17:25:11,26.0,3,e407cdbe52da16d3b153856dcb98dba82e01d9ada7c61a268e846d0bf916be28,-79,,3,64,1.0,3
17:25:11,26.0,3,b204f7ae306fcdc78daa18e1977143e588ffd80f46ebf3e280744ff4477ffef5,-70,,3,64,12.0,3
17:25:12,26.0,3,e407cdbe52da16d3b153856dcb98dba82e01d9ada7c61a268e846d0bf916be28,-79,,3,64,1.0,3
17:25:13,26.0,3,ae179b41e61ae8034a93b677a6b56e026ccce05ba8a228fa6c50e0d9b558e50e,-62,,3,64,12.0,3
17:25:14,26.0,3,b204f7ae306fcdc78daa18e1977143e588ffd80f46ebf3e280744ff4477ffef5,-70,,3,64,12.0,3
17:25:15,26.0,3,b204f7ae306fcdc78daa18e1977143e588ffd80f46ebf3e280744ff4477ffef5,-77,,3,64,12.0,3
17:25:15,26.0,3,ae179b41e61ae8034a93b677a6b56e026ccce05ba8a228fa6c50e0d9b558e50e,-68,,3,64,12.0,3
17:25:16,26.0,3,ae179b41e61ae8034a93b677a6b56e026ccce05ba8a228fa6c50e0d9b558e50e,-62,,3,64,12.0,3
17:25:17,26.0,3,e407cdbe52da16d3b153856dcb98dba82e01d9ada7c61a268e846d0bf916be28,-73,,3,64,1.0,3
17:25:18,26.0,3,e407cdbe52da16d3b153856dcb98dba82e01d9ada7c61a268e846d0bf916be28,-74,,3,64,1.0,3
17:25:19,26.0,3,ae179b41e61ae8034a93b677a6b56e026ccce05ba8a228fa6c50e0d9b558e50e,-84,,3,64,12.0,3
17:25:19,,3,a69a304cbd4be08460ded23d9637f61dc55f79a9c351116203dd4a8c60117220,-64,,3,64,,3
17:25:20,,3,93db4706291611d74332413d08ee26f2dd3e1d4fcba6d37a9e03be5b6794f031,-73,,3,64,,3
17:25:21,,3,a69a304cbd4be08460ded23d9637f61dc55f79a9c351116203dd4a8c60117220,-69,,3,64,,3
17:25:22,26.0,3,ae179b41e61ae8034a93b677a6b56e026ccce05ba8a228fa6c50e0d9b558e50e,-61,,3,64,12.0,3
17:25:23,26.0,3,b204f7ae306fcdc78daa18e1977143e588ffd80f46ebf3e280744ff4477ffef5,-77,,3,64,12.0,3
17:25:23,26.0,3,b204f7ae306fcdc78daa18e1977143e588ffd80f46ebf3e280744ff4477ffef5,-79,,3,64,12.0,3
17:25:24,,3,93db4706291611d74332413d08ee26f2dd3e1d4fcba6d37a9e03be5b6794f031,-72,,3,64,,3
17:25:25,26.0,3,ae179b41e61ae8034a93b677a6b56e026ccce05ba8a228fa6c50e0d9b558e50e,-71,,3,64,12.0,3
17:25:26,26.0,3,ae179b41e61ae8034a93b677a6b56e026ccce05ba8a228fa6c50e0d9b558e50e,-57,,3,64,12.0,3
17:25:26,26.0,3,b204f7ae306fcdc78daa18e1977143e588ffd80f46ebf3e280744ff4477ffef5,-74,,3,64,12.0,3
17:25:27,,3,a69a304cbd4be08460ded23d9637f61dc55f79a9c351116203dd4a8c60117220,-61,,3,64,,3
17:25:28,26.0,3,ae179b41e61ae8034a93b677a6b56e026ccce05ba8a228fa6c50e0d9b558e50e,-60,,3,64,12.0,3
17:25:29,26.0,3,b204f7ae306fcdc78daa18e1977143e588ffd80f46ebf3e280744ff4477ffef5,-73,,3,64,12.0,3
17:25:30,26.0,3,b204f7ae306fcdc78daa18e1977143e588ffd80f46ebf3e280744ff4477ffef5,-69,,3,64,12.0,3
17:25:30,26.0,3,e407cdbe52da16d3b153856dcb98dba82e01d9ada7c61a268e846d0bf916be28,-76,,3,64,1.0,3
17:25:31,,3,a69a304cbd4be08460ded23d9637f61dc55f79a9c351116203dd4a8c60117220,-65,,3,64,,3
17:25:32,26.0,3,e407cdbe52da16d3b153856dcb98dba82e01d9ada7c61a268e846d0bf916be28,-76,,3,64,1.0,3
17:25:33,26.0,3,ae179b41e61ae8034a93b677a6b56e026ccce05ba8a228fa6c50e0d9b558e50e,-67,,3,64,12.0,3
17:25:34,26.0,3,b204f7ae306fcdc78daa18e1977143e588ffd80f46ebf3e280744ff4477ffef5,-66,,3,64,12.0,3
17:25:34,26.0,3,e407cdbe52da16d3b153856dcb98dba82e01d9ada7c61a268e846d0bf916be28,-86,,3,64,1.0,3
17:25:35,26.0,3,b204f7ae306fcdc78daa18e1977143e588ffd80f46ebf3e280744ff4477ffef5,-73,,3,64,12.0,3
17:25:36,26.0,3,ae179b41e61ae8034a93b677a6b56e026ccce05ba8a228fa6c50e0d9b558e50e,-58,,3,64,12.0,3
17:25:37,26.0,3,ae179b41e61ae8034a93b677a6b56e026ccce05ba8a228fa6c50e0d9b558e50e,-59,,3,64,12.0,3
17:25:38,26.0,3,e407cdbe52da16d3b153856dcb98dba82e01d9ada7c61a268e846d0bf916be28,-91,,3,64,1.0,3
17:25:38,26.0,3,e407cdbe52da16d3b153856dcb98dba82e01d9ada7c61a268e846d0bf916be28,-79,,3,64,1.0,3
17:25:39,26.0,3,e407cdbe52da16d3b153856dcb98dba82e01d9ada7c61a268e846d0bf916be28,-84,,3,64,1.0,3
17:25:40,26.0,3,b204f7ae306fcdc78daa18e1977143e588ffd80f46ebf3e280744ff4477ffef5,-70,,3,64,12.0,3
17:25:41,26.0,3,b204f7ae306fcdc78daa18e1977143e588ffd80f46ebf3e280744ff4477ffef5,-80,,3,64,12.0,3
17:25:42,26.0,3,e407cdbe52da16d3b153856dcb98dba82e01d9ada7c61a268e846d0bf916be28,-74,,3,64,1.0,3
17:25:42,,3,8a82f5413192d017aee0bfb01b9c96ea83492ea674ae964f77bde03e660d0005,-91,,3,64,,3
17:25:43,,3,a69a304cbd4be08460ded23d9637f61dc55f79a9c351116203dd4a8c60117220,-57,,3,64,,3
17:25:44,26.0,3,ae179b41e61ae8034a93b677a6b56e026ccce05ba8a228fa6c50e0d9b558e50e,-56,,3,64,12.0,3
17:25:45,,3,7fe064510e50e0030dc6549d585b296fa8e473ad960e47188e885278703e097f,-89,,3,64,,3
17:25:46,26.0,3,b204f7ae306fcdc78daa18e1977143e588ffd80f46ebf3e280744ff4477ffef5,-70,,3,64,12.0,3
17:25:46,26.0,3,70b38673aa78333e140b27c55d417841570bda9ea0e47a4d7cd1126afa7ab89c,-82,,3,64,12.0,3
17:25:47,26.0,3,ae179b41e61ae8034a93b677a6b56e026ccce05ba8a228fa6c50e0d9b558e50e,-57,,3,64,12.0,3
17:25:48,26.0,3,ae179b41e61ae8034a93b677a6b56e026ccce05ba8a228fa6c50e0d9b558e50e,-57,,3,64,12.0,3
17:25:49,,3,7fe064510e50e0030dc6549d585b296fa8e473ad960e47188e885278703e097f,-89,,3,64,,3
17:25:50,26.0,3,b204f7ae306fcdc78daa18e1977143e588ffd80f46ebf3e280744ff4477ffef5,-77,,3,64,12.0,3
17:25:50,,3,8a82f5413192d017aee0bfb01b9c96ea83492ea674ae964f77bde03e660d0005,-76,,3,64,,3
17:25:51,,3,044bfc7fe71932338da92e192b547dd838d157a92a1bcee275a95cb59ef9d119,-93,,3,64,,3
17:25:52,,3,8a82f5413192d017aee0bfb01b9c96ea83492ea674ae964f77bde03e660d0005,-73,,3,64,,3
17:25:53,,3,7fe064510e50e0030dc6549d585b296fa8e473ad960e47188e885278703e097f,-79,,3,64,,3
17:25:54,26.0,3,c9c4e91007dddadab7516dc4e8140fe856c4be7a77d2428b5cd5353d1059cd2c,-77,,3,64,1.0,3
17:25:54,26.0,3,c9c4e91007dddadab7516dc4e8140fe856c4be7a77d2428b5cd5353d1059cd2c,-74,,3,64,1.0,3
17:25:55,26.0,3,c9c4e91007dddadab7516dc4e8140fe856c4be7a77d2428b5cd5353d1059cd2c,-76,,3,64,1.0,3
17:25:56,26.0,3,b204f7ae306fcdc78daa18e1977143e588ffd80f46ebf3e280744ff4477ffef5,-72,,3,64,12.0,3
17:25:57,26.0,3,ae179b41e61ae8034a93b677a6b56e026ccce05ba8a228fa6c50e0d9b558e50e,-61,,3,64,12.0,3
17:25:58,26.0,3,c9c4e91007dddadab7516dc4e8140fe856c4be7a77d2428b5cd5353d1059cd2c,-79,,3,64,1.0,3
17:25:58,26.0,3,b204f7ae306fcdc78daa18e1977143e588ffd80f46ebf3e280744ff4477ffef5,-75,,3,64,12.0,3
17:25:59,26.0,3,c9c4e91007dddadab7516dc4e8140fe856c4be7a77d2428b5cd5353d1059cd2c,-80,,3,64,1.0,3
17:26:00,26.0,3,ae179b41e61ae8034a93b677a6b56e026ccce05ba8a228fa6c50e0d9b558e50e,-55,,3,64,12.0,3
17:26:01,26.0,3,b204f7ae306fcdc78daa18e1977143e588ffd80f46ebf3e280744ff4477ffef5,-72,,3,64,12.0,3
17:26:02,26.0,3,ae179b41e61ae8034a93b677a6b56e026ccce05ba8a228fa6c50e0d9b558e50e,-55,,3,64,12.0,3
17:26:02,,3,93db4706291611d74332413d08ee26f2dd3e1d4fcba6d37a9e03be5b6794f031,-73,,3,64,,3
17:26:03,26.0,3,ae179b41e61ae8034a93b677a6b56e026ccce05ba8a228fa6c50e0d9b558e50e,-60,,3,64,12.0,3
17:26:04,26.0,3,70b38673aa78333e140b27c55d417841570bda9ea0e47a4d7cd1126afa7ab89c,-81,,3,64,12.0,3
17:26:05,26.0,3,70b38673aa78333e140b27c55d417841570bda9ea0e47a4d7cd1126afa7ab89c,-77,,3,64,12.0,3
17:26:05,26.0,3,b204f7ae306fcdc78daa18e1977143e588ffd80f46ebf3e280744ff4477ffef5,-71,,3,64,12.0,3
17:26:06,26.0,3,c9c4e91007dddadab7516dc4e8140fe856c4be7a77d2428b5cd5353d1059cd2c,-78,,3,64,1.0,3
17:26:07,26.0,3,c9c4e91007dddadab7516dc4e8140fe856c4be7a77d2428b5cd5353d1059cd2c,-81,,3,64,1.0,3
17:26:08,26.0,3,70b38673aa78333e140b27c55d417841570bda9ea0e47a4d7cd1126afa7ab89c,-89,,3,64,12.0,3
17:26:09,,3,93db4706291611d74332413d08ee26f2dd3e1d4fcba6d37a9e03be5b6794f031,-71,,3,64,,3
17:26:09,26.0,3,ae179b41e61ae8034a93b677a6b56e026ccce05ba8a228fa6c50e0d9b558e50e,-76,,3,64,12.0,3
17:26:10,26.0,3,70b38673aa78333e140b27c55d417841570bda9ea0e47a4d7cd1126afa7ab89c,-75,,3,64,12.0,3
17:26:11,26.0,3,70b38673aa78333e140b27c55d417841570bda9ea0e47a4d7cd1126afa7ab89c,-74,,3,64,12.0,3
17:26:12,,3,c649a6e8b3644b6c1e33ea143f775d819ca3b4c7acc2433902b77045d789628f,-86,,3,64,,3
17:26:13,26.0,3,70b38673aa78333e140b27c55d417841570bda9ea0e47a4d7cd1126afa7ab89c,-78,,3,64,12.0,3
17:26:13,26.0,3,c9c4e91007dddadab7516dc4e8140fe856c4be7a77d2428b5cd5353d1059cd2c,-87,,3,64,1.0,3
17:26:14,,3,8a82f5413192d017aee0bfb01b9c96ea83492ea674ae964f77bde03e660d0005,-80,,3,64,,3
17:26:15,26.0,3,c9c4e91007dddadab7516dc4e8140fe856c4be7a77d2428b5cd5353d1059cd2c,-88,,3,64,1.0,3
17:26:16,26.0,3,ae179b41e61ae8034a93b677a6b56e026ccce05ba8a228fa6c50e0d9b558e50e,-65,,3,64,12.0,3
17:26:17,,3,93db4706291611d74332413d08ee26f2dd3e1d4fcba6d37a9e03be5b6794f031,-71,,3,64,,3
17:26:17,,3,a69a304cbd4be08460ded23d9637f61dc55f79a9c351116203dd4a8c60117220,-65,,3,64,,3
17:26:18,26.0,3,c9c4e91007dddadab7516dc4e8140fe856c4be7a77d2428b5cd5353d1059cd2c,-97,,3,64,1.0,3
17:26:19,26.0,3,70b38673aa78333e140b27c55d417841570bda9ea0e47a4d7cd1126afa7ab89c,-78,,3,64,12.0,3
17:26:20,26.0,3,c9c4e91007dddadab7516dc4e8140fe856c4be7a77d2428b5cd5353d1059cd2c,-81,,3,64,1.0,3
17:26:21,,3,93db4706291611d74332413d08ee26f2dd3e1d4fcba6d37a9e03be5b6794f031,-75,,3,64,,3
17:26:21,,3,a69a304cbd4be08460ded23d9637f61dc55f79a9c351116203dd4a8c60117220,-65,,3,64,,3
17:26:22,26.0,3,c9c4e91007dddadab7516dc4e8140fe856c4be7a77d2428b5cd5353d1059cd2c,-90,,3,64,1.0,3
17:26:23,26.0,3,b204f7ae306fcdc78daa18e1977143e588ffd80f46ebf3e280744ff4477ffef5,-69,,3,64,12.0,3
17:26:24,,3,c649a6e8b3644b6c1e33ea143f775d819ca3b4c7acc2433902b77045d789628f,-73,,3,64,,3
17:26:25,26.0,3,70b38673aa78333e140b27c55d417841570bda9ea0e47a4d7cd1126afa7ab89c,-77,,3,64,12.0,3
17:26:25,26.0,3,70b38673aa78333e140b27c55d417841570bda9ea0e47a4d7cd1126afa7ab89c,-80,,3,64,12.0,3
17:26:26,26.0,3,70b38673aa78333e140b27c55d417841570bda9ea0e47a4d7cd1126afa7ab89c,-84,,3,64,12.0,3
17:26:27,26.0,3,70b38673aa78333e140b27c55d417841570bda9ea0e47a4d7cd1126afa7ab89c,-73,,3,64,12.0,3
17:26:28,26.0,3,c9c4e91007dddadab7516dc4e8140fe856c4be7a77d2428b5cd5353d1059cd2c,-82,,3,64,1.0,3
17:26:29,26.0,3,b204f7ae306fcdc78daa18e1977143e588ffd80f46ebf3e280744ff4477ffef5,-72,,3,64,12.0,3
17:26:29,26.0,3,ae179b41e61ae8034a93b677a6b56e026ccce05ba8a228fa6c50e0d9b558e50e,-61,,3,64,12.0,3
17:26:30,26.0,3,ae179b41e61ae8034a93b677a6b56e026ccce05ba8a228fa6c50e0d9b558e50e,-56,,3,64,12.0,3
17:26:31,26.0,3,b204f7ae306fcdc78daa18e1977143e588ffd80f46ebf3e280744ff4477ffef5,-70,,3,64,12.0,3
17:26:32,26.0,3,b204f7ae306fcdc78daa18e1977143e588ffd80f46ebf3e280744ff4477ffef5,-70,,3,64,12.0,3
17:26:33,,3,7fe064510e50e0030dc6549d585b296fa8e473ad960e47188e885278703e097f,-84,,3,64,,3
17:26:33,,3,a69a304cbd4be08460ded23d9637f61dc55f79a9c351116203dd4a8c60117220,-59,,3,64,,3
17:26:34,26.0,3,b204f7ae306fcdc78daa18e1977143e588ffd80f46ebf3e280744ff4477ffef5,-74,,3,64,12.0,3
17:26:35,26.0,3,ae179b41e61ae8034a93b677a6b56e026ccce05ba8a228fa6c50e0d9b558e50e,-61,,3,64,12.0,3
17:26:36,26.0,3,c9c4e91007dddadab7516dc4e8140fe856c4be7a77d2428b5cd5353d1059cd2c,-88,,3,64,1.0,3
17:26:37,26.0,3,b204f7ae306fcdc78daa18e1977143e588ffd80f46ebf3e280744ff4477ffef5,-70,,3,64,12.0,3
17:26:37,,3,a69a304cbd4be08460ded23d9637f61dc55f79a9c351116203dd4a8c60117220,-63,,3,64,,3
17:26:38,26.0,3,c9c4e91007dddadab7516dc4e8140fe856c4be7a77d2428b5cd5353d1059cd2c,-85,,3,64,1.0,3
17:26:39,,3,7fe064510e50e0030dc6549d585b296fa8e473ad960e47188e885278703e097f,-88,,3,64,,3
17:26:40,26.0,3,b204f7ae306fcdc78daa18e1977143e588ffd80f46ebf3e280744ff4477ffef5,-70,,3,64,12.0,3
17:26:41,26.0,3,ae179b41e61ae8034a93b677a6b56e026ccce05ba8a228fa6c50e0d9b558e50e,-61,,3,64,12.0,3
17:26:41,26.0,3,70b38673aa78333e140b27c55d417841570bda9ea0e47a4d7cd1126afa7ab89c,-86,,3,64,12.0,3
17:26:42,,3,8a82f5413192d017aee0bfb01b9c96ea83492ea674ae964f77bde03e660d0005,-90,,3,64,,3
17:26:43,26.0,3,ae179b41e61ae8034a93b677a6b56e026ccce05ba8a228fa6c50e0d9b558e50e,-54,,3,64,12.0,3
17:26:44,,3,c649a6e8b3644b6c1e33ea143f775d819ca3b4c7acc2433902b77045d789628f,-81,,3,64,,3
17:26:45,26.0,3,ae179b41e61ae8034a93b677a6b56e026ccce05ba8a228fa6c50e0d9b558e50e,-56,,3,64,12.0,3
17:26:45,,3,a69a304cbd4be08460ded23d9637f61dc55f79a9c351116203dd4a8c60117220,-58,,3,64,,3
17:26:46,,3,8a82f5413192d017aee0bfb01b9c96ea83492ea674ae964f77bde03e660d0005,-78,,3,64,,3
17:26:47,,3,7fe064510e50e0030dc6549d585b296fa8e473ad960e47188e885278703e097f,-90,,3,64,,3
17:26:48,26.0,3,ae179b41e61ae8034a93b677a6b56e026ccce05ba8a228fa6c50e0d9b558e50e,-64,,3,64,12.0,3
17:26:49,26.0,3,70b38673aa78333e140b27c55d417841570bda9ea0e47a4d7cd1126afa7ab89c,-92,,3,64,12.0,3
17:26:49,26.0,3,b204f7ae306fcdc78daa18e1977143e588ffd80f46ebf3e280744ff4477ffef5,-69,,3,64,12.0,3
17:26:50,26.0,3,ae179b41e61ae8034a93b677a6b56e026ccce05ba8a228fa6c50e0d9b558e50e,-61,,3,64,12.0,3
17:26:51,26.0,3,c9c4e91007dddadab7516dc4e8140fe856c4be7a77d2428b5cd5353d1059cd2c,-87,,3,64,1.0,3
17:26:52,26.0,3,b204f7ae306fcdc78daa18e1977143e588ffd80f46ebf3e280744ff4477ffef5,-75,,3,64,12.0,3
17:26:53,26.0,3,c9c4e91007dddadab7516dc4e8140fe856c4be7a77d2428b5cd5353d1059cd2c,-80,,3,64,1.0,3
17:26:53,26.0,3,b204f7ae306fcdc78daa18e1977143e588ffd80f46ebf3e280744ff4477ffef5,-74,,3,64,12.0,3
17:26:54,26.0,3,b204f7ae306fcdc78daa18e1977143e588ffd80f46ebf3e280744ff4477ffef5,-77,,3,64,12.0,3
17:26:55,,3,7fe064510e50e0030dc6549d585b296fa8e473ad960e47188e885278703e097f,-90,,3,64,,3
17:26:56,26.0,3,b204f7ae306fcdc78daa18e1977143e588ffd80f46ebf3e280744ff4477ffef5,-73,,3,64,12.0,3
17:26:56,26.0,3,ae179b41e61ae8034a93b677a6b56e026ccce05ba8a228fa6c50e0d9b558e50e,-63,,3,64,12.0,3
17:26:57,26.0,3,ae179b41e61ae8034a93b677a6b56e026ccce05ba8a228fa6c50e0d9b558e50e,-60,,3,64,12.0,3
17:26:58,26.0,3,c9c4e91007dddadab7516dc4e8140fe856c4be7a77d2428b5cd5353d1059cd2c,-86,,3,64,1.0,3
17:26:59,26.0,3,ae179b41e61ae8034a93b677a6b56e026ccce05ba8a228fa6c50e0d9b558e50e,-58,,3,64,12.0,3
17:27:00,26.0,3,ae179b41e61ae8034a93b677a6b56e026ccce05ba8a228fa6c50e0d9b558e50e,-81,,3,64,12.0,3
17:27:00,26.0,3,c9c4e91007dddadab7516dc4e8140fe856c4be7a77d2428b5cd5353d1059cd2c,-80,,3,64,1.0,3
17:27:01,26.0,3,ae179b41e61ae8034a93b677a6b56e026ccce05ba8a228fa6c50e0d9b558e50e,-57,,3,64,12.0,3
17:27:02,26.0,3,ae179b41e61ae8034a93b677a6b56e026ccce05ba8a228fa6c50e0d9b558e50e,-60,,3,64,12.0,3
17:27:03,26.0,3,b204f7ae306fcdc78daa18e1977143e588ffd80f46ebf3e280744ff4477ffef5,-71,,3,64,12.0,3
17:27:04,26.0,3,b204f7ae306fcdc78daa18e1977143e588ffd80f46ebf3e280744ff4477ffef5,-73,,3,64,12.0,3
17:27:04,26.0,3,c9c4e91007dddadab7516dc4e8140fe856c4be7a77d2428b5cd5353d1059cd2c,-82,,3,64,1.0,3
17:27:05,26.0,3,b204f7ae306fcdc78daa18e1977143e588ffd80f46ebf3e280744ff4477ffef5,-74,,3,64,12.0,3
17:27:06,26.0,3,70b38673aa78333e140b27c55d417841570bda9ea0e47a4d7cd1126afa7ab89c,-80,,3,64,12.0,3
17:27:07,26.0,3,b204f7ae306fcdc78daa18e1977143e588ffd80f46ebf3e280744ff4477ffef5,-70,,3,64,12.0,3
17:27:08,26.0,3,ae179b41e61ae8034a93b677a6b56e026ccce05ba8a228fa6c50e0d9b558e50e,-61,,3,64,12.0,3
17:27:08,26.0,3,ae179b41e61ae8034a93b677a6b56e026ccce05ba8a228fa6c50e0d9b558e50e,-78,,3,64,12.0,3
17:27:09,26.0,3,ae179b41e61ae8034a93b677a6b56e026ccce05ba8a228fa6c50e0d9b558e50e,-61,,3,64,12.0,3
17:27:10,26.0,3,70b38673aa78333e140b27c55d417841570bda9ea0e47a4d7cd1126afa7ab89c,-81,,3,64,12.0,3
17:27:11,26.0,3,c9c4e91007dddadab7516dc4e8140fe856c4be7a77d2428b5cd5353d1059cd2c,-88,,3,64,1.0,3
17:27:12,26.0,3,ae179b41e61ae8034a93b677a6b56e026ccce05ba8a228fa6c50e0d9b558e50e,-57,,3,64,12.0,3
17:27:12,26.0,3,c9c4e91007dddadab7516dc4e8140fe856c4be7a77d2428b5cd5353d1059cd2c,-86,,3,64,1.0,3
17:27:13,,3,a69a304cbd4be08460ded23d9637f61dc55f79a9c351116203dd4a8c60117220,-62,,3,64,,3
17:27:14,26.0,3,ae179b41e61ae8034a93b677a6b56e026ccce05ba8a228fa6c50e0d9b558e50e,-76,,3,64,12.0,3
17:27:15,26.0,3,b204f7ae306fcdc78daa18e1977143e588ffd80f46ebf3e280744ff4477ffef5,-71,,3,64,12.0,3
17:27:16,26.0,3,b204f7ae306fcdc78daa18e1977143e588ffd80f46ebf3e280744ff4477ffef5,-71,,3,64,12.0,3
17:27:16,,3,8a82f5413192d017aee0bfb01b9c96ea83492ea674ae964f77bde03e660d0005,-80,,3,64,,3
17:27:17,26.0,3,c9c4e91007dddadab7516dc4e8140fe856c4be7a77d2428b5cd5353d1059cd2c,-86,,3,64,1.0,3
17:27:18,26.0,3,ae179b41e61ae8034a93b677a6b56e026ccce05ba8a228fa6c50e0d9b558e50e,-62,,3,64,12.0,3
17:27:19,26.0,3,c9c4e91007dddadab7516dc4e8140fe856c4be7a77d2428b5cd5353d1059cd2c,-79,,3,64,1.0,3
17:27:20,26.0,3,ae179b41e61ae8034a93b677a6b56e026ccce05ba8a228fa6c50e0d9b558e50e,-62,,3,64,12.0,3
17:27:20,26.0,3,ae179b41e61ae8034a93b677a6b56e026ccce05ba8a228fa6c50e0d9b558e50e,-58,,3,64,12.0,3
17:27:21,26.0,3,ae179b41e61ae8034a93b677a6b56e026ccce05ba8a228fa6c50e0d9b558e50e,-71,,3,64,12.0,3
17:27:22,26.0,3,c9c4e91007dddadab7516dc4e8140fe856c4be7a77d2428b5cd5353d1059cd2c,-81,,3,64,1.0,3
17:27:23,26.0,3,ae179b41e61ae8034a93b677a6b56e026ccce05ba8a228fa6c50e0d9b558e50e,-71,,3,64,12.0,3
17:27:24,26.0,3,ae179b41e61ae8034a93b677a6b56e026ccce05ba8a228fa6c50e0d9b558e50e,-62,,3,64,12.0,3
17:27:24,26.0,3,b204f7ae306fcdc78daa18e1977143e588ffd80f46ebf3e280744ff4477ffef5,-75,,3,64,12.0,3
17:27:25,26.0,3,c9c4e91007dddadab7516dc4e8140fe856c4be7a77d2428b5cd5353d1059cd2c,-76,,3,64,1.0,3
17:27:26,26.0,3,b204f7ae306fcdc78daa18e1977143e588ffd80f46ebf3e280744ff4477ffef5,-76,,3,64,12.0,3
17:27:27,26.0,3,c9c4e91007dddadab7516dc4e8140fe856c4be7a77d2428b5cd5353d1059cd2c,-78,,3,64,1.0,3
17:27:28,26.0,3,c9c4e91007dddadab7516dc4e8140fe856c4be7a77d2428b5cd5353d1059cd2c,-83,,3,64,1.0,3
17:27:28,26.0,3,b204f7ae306fcdc78daa18e1977143e588ffd80f46ebf3e280744ff4477ffef5,-79,,3,64,12.0,3
17:27:29,26.0,3,70b38673aa78333e140b27c55d417841570bda9ea0e47a4d7cd1126afa7ab89c,-84,,3,64,12.0,3
17:27:30,26.0,3,70b38673aa78333e140b27c55d417841570bda9ea0e47a4d7cd1126afa7ab89c,-92,,3,64,12.0,3
17:27:31,26.0,3,b204f7ae306fcdc78daa18e1977143e588ffd80f46ebf3e280744ff4477ffef5,-73,,3,64,12.0,3
17:27:32,26.0,3,ae179b41e61ae8034a93b677a6b56e026ccce05ba8a228fa6c50e0d9b558e50e,-75,,3,64,12.0,3
17:27:32,26.0,3,ae179b41e61ae8034a93b677a6b56e026ccce05ba8a228fa6c50e0d9b558e50e,-61,,3,64,12.0,3
17:27:33,26.0,3,c9c4e91007dddadab7516dc4e8140fe856c4be7a77d2428b5cd5353d1059cd2c,-80,,3,64,1.0,3
17:27:34,26.0,3,b204f7ae306fcdc78daa18e1977143e588ffd80f46ebf3e280744ff4477ffef5,-83,,3,64,12.0,3
17:27:35,26.0,3,c9c4e91007dddadab7516dc4e8140fe856c4be7a77d2428b5cd5353d1059cd2c,-79,,3,64,1.0,3
17:27:36,26.0,3,c9c4e91007dddadab7516dc4e8140fe856c4be7a77d2428b5cd5353d1059cd2c,-82,,3,64,1.0,3
17:27:36,26.0,3,c9c4e91007dddadab7516dc4e8140fe856c4be7a77d2428b5cd5353d1059cd2c,-77,,3,64,1.0,3
17:27:37,26.0,3,b204f7ae306fcdc78daa18e1977143e588ffd80f46ebf3e280744ff4477ffef5,-82,,3,64,12.0,3
17:27:38,26.0,3,c9c4e91007dddadab7516dc4e8140fe856c4be7a77d2428b5cd5353d1059cd2c,-77,,3,64,1.0,3
17:27:39,,3,93db4706291611d74332413d08ee26f2dd3e1d4fcba6d37a9e03be5b6794f031,-81,,3,64,,3
17:27:40,,3,a69a304cbd4be08460ded23d9637f61dc55f79a9c351116203dd4a8c60117220,-57,,3,64,,3
17:27:40,,3,c649a6e8b3644b6c1e33ea143f775d819ca3b4c7acc2433902b77045d789628f,-84,,3,64,,3
17:27:41,26.0,3,ae179b41e61ae8034a93b677a6b56e026ccce05ba8a228fa6c50e0d9b558e50e,-61,,3,64,12.0,3
17:27:42,26.0,3,b204f7ae306fcdc78daa18e1977143e588ffd80f46ebf3e280744ff4477ffef5,-71,,3,64,12.0,3
17:27:43,26.0,3,ae179b41e61ae8034a93b677a6b56e026ccce05ba8a228fa6c50e0d9b558e50e,-62,,3,64,12.0,3
17:27:43,,3,a69a304cbd4be08460ded23d9637f61dc55f79a9c351116203dd4a8c60117220,-62,,3,64,,3
17:27:44,,3,c649a6e8b3644b6c1e33ea143f775d819ca3b4c7acc2433902b77045d789628f,-93,,3,64,,3
17:27:45,26.0,3,ae179b41e61ae8034a93b677a6b56e026ccce05ba8a228fa6c50e0d9b558e50e,-58,,3,64,12.0,3
17:27:46,26.0,3,ae179b41e61ae8034a93b677a6b56e026ccce05ba8a228fa6c50e0d9b558e50e,-77,,3,64,12.0,3
17:27:47,,3,93db4706291611d74332413d08ee26f2dd3e1d4fcba6d37a9e03be5b6794f031,-75,,3,64,,3
17:27:47,26.0,3,b204f7ae306fcdc78daa18e1977143e588ffd80f46ebf3e280744ff4477ffef5,-81,,3,64,12.0,3
17:27:48,26.0,3,b204f7ae306fcdc78daa18e1977143e588ffd80f46ebf3e280744ff4477ffef5,-77,,3,64,12.0,3
17:27:49,,3,7fe064510e50e0030dc6549d585b296fa8e473ad960e47188e885278703e097f,-87,,3,64,,3
17:27:50,26.0,3,c9c4e91007dddadab7516dc4e8140fe856c4be7a77d2428b5cd5353d1059cd2c,-77,,3,64,1.0,3
17:27:51,26.0,3,b204f7ae306fcdc78daa18e1977143e588ffd80f46ebf3e280744ff4477ffef5,-71,,3,64,12.0,3
17:27:51,26.0,3,ae179b41e61ae8034a93b677a6b56e026ccce05ba8a228fa6c50e0d9b558e50e,-64,,3,64,12.0,3
17:27:52,26.0,3,ae179b41e61ae8034a93b677a6b56e026ccce05ba8a228fa6c50e0d9b558e50e,-59,,3,64,12.0,3
17:27:53,,3,7fe064510e50e0030dc6549d585b296fa8e473ad960e47188e885278703e097f,-84,,3,64,,3
17:27:54,26.0,3,ae179b41e61ae8034a93b677a6b56e026ccce05ba8a228fa6c50e0d9b558e50e,-57,,3,64,12.0,3
17:27:55,26.0,3,70b38673aa78333e140b27c55d417841570bda9ea0e47a4d7cd1126afa7ab89c,-83,,3,64,12.0,3
17:27:55,26.0,3,b204f7ae306fcdc78daa18e1977143e588ffd80f46ebf3e280744ff4477ffef5,-73,,3,64,12.0,3
17:27:56,26.0,3,70b38673aa78333e140b27c55d417841570bda9ea0e47a4d7cd1126afa7ab89c,-88,,3,64,12.0,3
17:27:57,26.0,3,70b38673aa78333e140b27c55d417841570bda9ea0e47a4d7cd1126afa7ab89c,-89,,3,64,12.0,3
17:27:58,26.0,3,c9c4e91007dddadab7516dc4e8140fe856c4be7a77d2428b5cd5353d1059cd2c,-82,,3,64,1.0,3
17:27:59,,3,8a82f5413192d017aee0bfb01b9c96ea83492ea674ae964f77bde03e660d0005,-91,,3,64,,3
17:27:59,26.0,3,b204f7ae306fcdc78daa18e1977143e588ffd80f46ebf3e280744ff4477ffef5,-71,,3,64,12.0,3
17:28:00,26.0,3,c9c4e91007dddadab7516dc4e8140fe856c4be7a77d2428b5cd5353d1059cd2c,-88,,3,64,1.0,3
17:28:01,26.0,3,70b38673aa78333e140b27c55d417841570bda9ea0e47a4d7cd1126afa7ab89c,-81,,3,64,12.0,3
17:28:02,26.0,3,ae179b41e61ae8034a93b677a6b56e026ccce05ba8a228fa6c50e0d9b558e50e,-63,,3,64,12.0,3
17:28:03,,3,8a82f5413192d017aee0bfb01b9c96ea83492ea674ae964f77bde03e660d0005,-78,,3,64,,3
17:28:03,26.0,3,70b38673aa78333e140b27c55d417841570bda9ea0e47a4d7cd1126afa7ab89c,-86,,3,64,12.0,3
17:28:04,26.0,3,b204f7ae306fcdc78daa18e1977143e588ffd80f46ebf3e280744ff4477ffef5,-69,,3,64,12.0,3
17:28:05,26.0,3,c9c4e91007dddadab7516dc4e8140fe856c4be7a77d2428b5cd5353d1059cd2c,-79,,3,64,1.0,3
17:28:06,26.0,3,c9c4e91007dddadab7516dc4e8140fe856c4be7a77d2428b5cd5353d1059cd2c,-74,,3,64,1.0,3
17:28:07,26.0,3,70b38673aa78333e140b27c55d417841570bda9ea0e47a4d7cd1126afa7ab89c,-82,,3,64,12.0,3
17:28:07,26.0,3,c9c4e91007dddadab7516dc4e8140fe856c4be7a77d2428b5cd5353d1059cd2c,-82,,3,64,1.0,3
17:28:08,26.0,3,70b38673aa78333e140b27c55d417841570bda9ea0e47a4d7cd1126afa7ab89c,-82,,3,64,12.0,3
17:28:09,26.0,3,c9c4e91007dddadab7516dc4e8140fe856c4be7a77d2428b5cd5353d1059cd2c,-74,,3,64,1.0,3
17:28:10,26.0,3,b204f7ae306fcdc78daa18e1977143e588ffd80f46ebf3e280744ff4477ffef5,-71,,3,64,12.0,3
17:28:11,26.0,3,b204f7ae306fcdc78daa18e1977143e588ffd80f46ebf3e280744ff4477ffef5,-71,,3,64,12.0,3
17:28:11,26.0,3,b204f7ae306fcdc78daa18e1977143e588ffd80f46ebf3e280744ff4477ffef5,-71,,3,64,12.0,3
17:28:12,,3,c649a6e8b3644b6c1e33ea143f775d819ca3b4c7acc2433902b77045d789628f,-84,,3,64,,3
17:28:13,26.0,3,70b38673aa78333e140b27c55d417841570bda9ea0e47a4d7cd1126afa7ab89c,-89,,3,64,12.0,3
17:28:14,26.0,3,c9c4e91007dddadab7516dc4e8140fe856c4be7a77d2428b5cd5353d1059cd2c,-86,,3,64,1.0,3
17:28:15,,3,8a82f5413192d017aee0bfb01b9c96ea83492ea674ae964f77bde03e660d0005,-79,,3,64,,3
17:28:15,26.0,3,70b38673aa78333e140b27c55d417841570bda9ea0e47a4d7cd1126afa7ab89c,-88,,3,64,12.0,3
17:28:16,26.0,3,ae179b41e61ae8034a93b677a6b56e026ccce05ba8a228fa6c50e0d9b558e50e,-60,,3,64,12.0,3
17:28:17,26.0,3,70b38673aa78333e140b27c55d417841570bda9ea0e47a4d7cd1126afa7ab89c,-90,,3,64,12.0,3
17:28:18,26.0,3,ae179b41e61ae8034a93b677a6b56e026ccce05ba8a228fa6c50e0d9b558e50e,-60,,3,64,12.0,3
17:28:18,,3,8a82f5413192d017aee0bfb01b9c96ea83492ea674ae964f77bde03e660d0005,-78,,3,64,,3
17:28:19,,3,a69a304cbd4be08460ded23d9637f61dc55f79a9c351116203dd4a8c60117220,-58,,3,64,,3
17:28:20,26.0,3,b204f7ae306fcdc78daa18e1977143e588ffd80f46ebf3e280744ff4477ffef5,-82,,3,64,12.0,3
17:28:21,,3,7fe064510e50e0030dc6549d585b296fa8e473ad960e47188e885278703e097f,-88,,3,64,,3
17:28:22,26.0,3,b204f7ae306fcdc78daa18e1977143e588ffd80f46ebf3e280744ff4477ffef5,-82,,3,64,12.0,3
17:28:22,26.0,3,ae179b41e61ae8034a93b677a6b56e026ccce05ba8a228fa6c50e0d9b558e50e,-62,,3,64,12.0,3
17:28:23,26.0,3,ae179b41e61ae8034a93b677a6b56e026ccce05ba8a228fa6c50e0d9b558e50e,-58,,3,64,12.0,3
17:28:24,26.0,3,70b38673aa78333e140b27c55d417841570bda9ea0e47a4d7cd1126afa7ab89c,-81,,3,64,12.0,3
17:28:25,26.0,3,70b38673aa78333e140b27c55d417841570bda9ea0e47a4d7cd1126afa7ab89c,-89,,3,64,12.0,3
17:28:26,26.0,3,ae179b41e61ae8034a93b677a6b56e026ccce05ba8a228fa6c50e0d9b558e50e,-71,,3,64,12.0,3
17:28:26,26.0,3,b204f7ae306fcdc78daa18e1977143e588ffd80f46ebf3e280744ff4477ffef5,-70,,3,64,12.0,3
17:28:27,26.0,3,b204f7ae306fcdc78daa18e1977143e588ffd80f46ebf3e280744ff4477ffef5,-85,,3,64,12.0,3
17:28:28,26.0,3,c9c4e91007dddadab7516dc4e8140fe856c4be7a77d2428b5cd5353d1059cd2c,-74,,3,64,1.0,3
17:28:29,26.0,3,b204f7ae306fcdc78daa18e1977143e588ffd80f46ebf3e280744ff4477ffef5,-91,,3,64,12.0,3
17:28:30,26.0,3,c9c4e91007dddadab7516dc4e8140fe856c4be7a77d2428b5cd5353d1059cd2c,-78,,3,64,1.0,3
17:28:30,26.0,3,c9c4e91007dddadab7516dc4e8140fe856c4be7a77d2428b5cd5353d1059cd2c,-90,,3,64,1.0,3
17:28:31,26.0,3,b204f7ae306fcdc78daa18e1977143e588ffd80f46ebf3e280744ff4477ffef5,-73,,3,64,12.0,3
17:28:32,26.0,3,70b38673aa78333e140b27c55d417841570bda9ea0e47a4d7cd1126afa7ab89c,-92,,3,64,12.0,3
17:28:33,26.0,3,b204f7ae306fcdc78daa18e1977143e588ffd80f46ebf3e280744ff4477ffef5,-73,,3,64,12.0,3
17:28:34,26.0,3,ae179b41e61ae8034a93b677a6b56e026ccce05ba8a228fa6c50e0d9b558e50e,-63,,3,64,12.0,3
17:28:34,26.0,3,ae179b41e61ae8034a93b677a6b56e026ccce05ba8a228fa6c50e0d9b558e50e,-69,,3,64,12.0,3
17:28:35,26.0,3,c9c4e91007dddadab7516dc4e8140fe856c4be7a77d2428b5cd5353d1059cd2c,-77,,3,64,1.0,3
17:28:36,26.0,3,ae179b41e61ae8034a93b677a6b56e026ccce05ba8a228fa6c50e0d9b558e50e,-72,,3,64,12.0,3
17:28:37,26.0,3,70b38673aa78333e140b27c55d417841570bda9ea0e47a4d7cd1126afa7ab89c,-81,,3,64,12.0,3
17:28:38,26.0,3,c9c4e91007dddadab7516dc4e8140fe856c4be7a77d2428b5cd5353d1059cd2c,-82,,3,64,1.0,3
17:28:38,,3,c649a6e8b3644b6c1e33ea143f775d819ca3b4c7acc2433902b77045d789628f,-79,,3,64,,3
17:28:39,26.0,3,ae179b41e61ae8034a93b677a6b56e026ccce05ba8a228fa6c50e0d9b558e50e,-66,,3,64,12.0,3
17:28:40,26.0,3,b204f7ae306fcdc78daa18e1977143e588ffd80f46ebf3e280744ff4477ffef5,-75,,3,64,12.0,3
17:28:41,,3,7fe064510e50e0030dc6549d585b296fa8e473ad960e47188e885278703e097f,-90,,3,64,,3
17:28:42,26.0,3,b204f7ae306fcdc78daa18e1977143e588ffd80f46ebf3e280744ff4477ffef5,-80,,3,64,12.0,3
17:28:42,26.0,3,70b38673aa78333e140b27c55d417841570bda9ea0e47a4d7cd1126afa7ab89c,-90,,3,64,12.0,3
17:28:43,26.0,3,c9c4e91007dddadab7516dc4e8140fe856c4be7a77d2428b5cd5353d1059cd2c,-81,,3,64,1.0,3
17:28:44,26.0,3,b204f7ae306fcdc78daa18e1977143e588ffd80f46ebf3e280744ff4477ffef5,-71,,3,64,12.0,3
17:28:45,,3,93db4706291611d74332413d08ee26f2dd3e1d4fcba6d37a9e03be5b6794f031,-85,,3,64,,3
17:28:46,26.0,3,06f372a2fcd9d165ce579339147d521f21584892224d33cd8315f2231cd04a5b,-83,,3,64,7.0,3
17:28:46,26.0,3,ae179b41e61ae8034a93b677a6b56e026ccce05ba8a228fa6c50e0d9b558e50e,-56,,3,64,12.0,3
17:28:47,26.0,3,b204f7ae306fcdc78daa18e1977143e588ffd80f46ebf3e280744ff4477ffef5,-75,,3,64,12.0,3
17:28:48,26.0,3,ae179b41e61ae8034a93b677a6b56e026ccce05ba8a228fa6c50e0d9b558e50e,-55,,3,64,12.0,3
17:28:49,,3,8a82f5413192d017aee0bfb01b9c96ea83492ea674ae964f77bde03e660d0005,-88,,3,64,,3
17:28:50,26.0,3,b204f7ae306fcdc78daa18e1977143e588ffd80f46ebf3e280744ff4477ffef5,-75,,3,64,12.0,3
17:28:50,26.0,3,ae179b41e61ae8034a93b677a6b56e026ccce05ba8a228fa6c50e0d9b558e50e,-62,,3,64,12.0,3
17:28:51,26.0,3,ae179b41e61ae8034a93b677a6b56e026ccce05ba8a228fa6c50e0d9b558e50e,-56,,3,64,12.0,3
17:28:52,26.0,3,c9c4e91007dddadab7516dc4e8140fe856c4be7a77d2428b5cd5353d1059cd2c,-77,,3,64,1.0,3
17:28:53,26.0,3,70b38673aa78333e140b27c55d417841570bda9ea0e47a4d7cd1126afa7ab89c,-88,,3,64,12.0,3
17:28:53,26.0,3,c9c4e91007dddadab7516dc4e8140fe856c4be7a77d2428b5cd5353d1059cd2c,-76,,3,64,1.0,3
17:28:54,26.0,3,b204f7ae306fcdc78daa18e1977143e588ffd80f46ebf3e280744ff4477ffef5,-79,,3,64,12.0,3
17:28:55,26.0,3,70b38673aa78333e140b27c55d417841570bda9ea0e47a4d7cd1126afa7ab89c,-86,,3,64,12.0,3
17:28:56,26.0,3,70b38673aa78333e140b27c55d417841570bda9ea0e47a4d7cd1126afa7ab89c,-89,,3,64,12.0,3
17:28:57,,3,8a82f5413192d017aee0bfb01b9c96ea83492ea674ae964f77bde03e660d0005,-83,,3,64,,3
17:28:58,26.0,3,ae179b41e61ae8034a93b677a6b56e026ccce05ba8a228fa6c50e0d9b558e50e,-58,,3,64,12.0,3
17:28:58,26.0,3,c9c4e91007dddadab7516dc4e8140fe856c4be7a77d2428b5cd5353d1059cd2c,-78,,3,64,1.0,3
17:28:59,26.0,3,ae179b41e61ae8034a93b677a6b56e026ccce05ba8a228fa6c50e0d9b558e50e,-73,,3,64,12.0,3
17:29:00,26.0,3,ae179b41e61ae8034a93b677a6b56e026ccce05ba8a228fa6c50e0d9b558e50e,-61,,3,64,12.0,3
17:29:01,,3,93db4706291611d74332413d08ee26f2dd3e1d4fcba6d37a9e03be5b6794f031,-72,,3,64,,3
17:29:02,26.0,3,c9c4e91007dddadab7516dc4e8140fe856c4be7a77d2428b5cd5353d1059cd2c,-78,,3,64,1.0,3
17:29:02,26.0,3,ae179b41e61ae8034a93b677a6b56e026ccce05ba8a228fa6c50e0d9b558e50e,-62,,3,64,12.0,3
17:29:03,26.0,3,ae179b41e61ae8034a93b677a6b56e026ccce05ba8a228fa6c50e0d9b558e50e,-65,,3,64,12.0,3
17:29:04,26.0,3,b204f7ae306fcdc78daa18e1977143e588ffd80f46ebf3e280744ff4477ffef5,-74,,3,64,12.0,3
17:29:05,,3,8a82f5413192d017aee0bfb01b9c96ea83492ea674ae964f77bde03e660d0005,-78,,3,64,,3
17:29:06,26.0,3,b204f7ae306fcdc78daa18e1977143e588ffd80f46ebf3e280744ff4477ffef5,-74,,3,64,12.0,3
17:29:06,26.0,3,c9c4e91007dddadab7516dc4e8140fe856c4be7a77d2428b5cd5353d1059cd2c,-80,,3,64,1.0,3
17:29:07,26.0,3,b204f7ae306fcdc78daa18e1977143e588ffd80f46ebf3e280744ff4477ffef5,-73,,3,64,12.0,3
17:29:08,26.0,3,c9c4e91007dddadab7516dc4e8140fe856c4be7a77d2428b5cd5353d1059cd2c,-84,,3,64,1.0,3
17:29:09,26.0,3,ae179b41e61ae8034a93b677a6b56e026ccce05ba8a228fa6c50e0d9b558e50e,-58,,3,64,12.0,3
17:29:09,26.0,3,70b38673aa78333e140b27c55d417841570bda9ea0e47a4d7cd1126afa7ab89c,-90,,3,64,12.0,3
17:29:10,26.0,3,b204f7ae306fcdc78daa18e1977143e588ffd80f46ebf3e280744ff4477ffef5,-76,,3,64,12.0,3
17:29:11,26.0,3,ae179b41e61ae8034a93b677a6b56e026ccce05ba8a228fa6c50e0d9b558e50e,-62,,3,64,12.0,3
17:29:12,26.0,3,c9c4e91007dddadab7516dc4e8140fe856c4be7a77d2428b5cd5353d1059cd2c,-73,,3,64,1.0,3
17:29:13,26.0,3,ae179b41e61ae8034a93b677a6b56e026ccce05ba8a228fa6c50e0d9b558e50e,-64,,3,64,12.0,3
17:29:13,26.0,3,c9c4e91007dddadab7516dc4e8140fe856c4be7a77d2428b5cd5353d1059cd2c,-76,,3,64,1.0,3
17:29:14,26.0,3,c9c4e91007dddadab7516dc4e8140fe856c4be7a77d2428b5cd5353d1059cd2c,-81,,3,64,1.0,3
17:29:15,,3,7fe064510e50e0030dc6549d585b296fa8e473ad960e47188e885278703e097f,-88,,3,64,,3
17:29:16,26.0,3,f63aa0c6aadd410bb185ee2a77dcdc7d613cb58c5a07dd50cfdafa8fb25856d9,-88,,3,64,12.0,3
17:29:17,,3,93db4706291611d74332413d08ee26f2dd3e1d4fcba6d37a9e03be5b6794f031,-74,,3,64,,3
17:29:17,26.0,3,f63aa0c6aadd410bb185ee2a77dcdc7d613cb58c5a07dd50cfdafa8fb25856d9,-88,,3,64,12.0,3
17:29:18,26.0,3,70b38673aa78333e140b27c55d417841570bda9ea0e47a4d7cd1126afa7ab89c,-89,,3,64,12.0,3
17:29:19,26.0,3,b204f7ae306fcdc78daa18e1977143e588ffd80f46ebf3e280744ff4477ffef5,-74,,3,64,12.0,3
17:29:20,,3,044bfc7fe71932338da92e192b547dd838d157a92a1bcee275a95cb59ef9d119,-92,,3,64,,3
17:29:21,,3,93db4706291611d74332413d08ee26f2dd3e1d4fcba6d37a9e03be5b6794f031,-80,,3,64,,3
17:29:21,26.0,3,ae179b41e61ae8034a93b677a6b56e026ccce05ba8a228fa6c50e0d9b558e50e,-58,,3,64,12.0,3
17:29:22,26.0,3,b204f7ae306fcdc78daa18e1977143e588ffd80f46ebf3e280744ff4477ffef5,-78,,3,64,12.0,3
17:29:23,26.0,3,ae179b41e61ae8034a93b677a6b56e026ccce05ba8a228fa6c50e0d9b558e50e,-58,,3,64,12.0,3
17:29:24,26.0,3,ae179b41e61ae8034a93b677a6b56e026ccce05ba8a228fa6c50e0d9b558e50e,-58,,3,64,12.0,3
17:29:25,26.0,3,b204f7ae306fcdc78daa18e1977143e588ffd80f46ebf3e280744ff4477ffef5,-76,,3,64,12.0,3
17:29:25,,3,a69a304cbd4be08460ded23d9637f61dc55f79a9c351116203dd4a8c60117220,-63,,3,64,,3
17:29:26,26.0,3,ae179b41e61ae8034a93b677a6b56e026ccce05ba8a228fa6c50e0d9b558e50e,-58,,3,64,12.0,3
17:29:27,26.0,3,70b38673aa78333e140b27c55d417841570bda9ea0e47a4d7cd1126afa7ab89c,-86,,3,64,12.0,3
17:29:28,26.0,3,c9c4e91007dddadab7516dc4e8140fe856c4be7a77d2428b5cd5353d1059cd2c,-78,,3,64,1.0,3
17:29:29,26.0,3,c9c4e91007dddadab7516dc4e8140fe856c4be7a77d2428b5cd5353d1059cd2c,-80,,3,64,1.0,3
17:29:29,26.0,3,70b38673aa78333e140b27c55d417841570bda9ea0e47a4d7cd1126afa7ab89c,-90,,3,64,12.0,3
17:29:30,26.0,3,b204f7ae306fcdc78daa18e1977143e588ffd80f46ebf3e280744ff4477ffef5,-74,,3,64,12.0,3
17:29:31,26.0,3,b204f7ae306fcdc78daa18e1977143e588ffd80f46ebf3e280744ff4477ffef5,-80,,3,64,12.0,3
17:29:32,26.0,3,c9c4e91007dddadab7516dc4e8140fe856c4be7a77d2428b5cd5353d1059cd2c,-82,,3,64,1.0,3
17:29:33,26.0,3,b204f7ae306fcdc78daa18e1977143e588ffd80f46ebf3e280744ff4477ffef5,-81,,3,64,12.0,3
17:29:33,26.0,3,ae179b41e61ae8034a93b677a6b56e026ccce05ba8a228fa6c50e0d9b558e50e,-63,,3,64,12.0,3
17:29:34,26.0,3,c9c4e91007dddadab7516dc4e8140fe856c4be7a77d2428b5cd5353d1059cd2c,-77,,3,64,1.0,3
17:29:35,26.0,3,ae179b41e61ae8034a93b677a6b56e026ccce05ba8a228fa6c50e0d9b558e50e,-63,,3,64,12.0,3
17:29:36,26.0,3,c9c4e91007dddadab7516dc4e8140fe856c4be7a77d2428b5cd5353d1059cd2c,-77,,3,64,1.0,3
17:29:37,,3,93db4706291611d74332413d08ee26f2dd3e1d4fcba6d37a9e03be5b6794f031,-75,,3,64,,3
17:29:37,26.0,3,c9c4e91007dddadab7516dc4e8140fe856c4be7a77d2428b5cd5353d1059cd2c,-77,,3,64,1.0,3
17:29:38,26.0,3,ae179b41e61ae8034a93b677a6b56e026ccce05ba8a228fa6c50e0d9b558e50e,-58,,3,64,12.0,3
17:29:39,26.0,3,70b38673aa78333e140b27c55d417841570bda9ea0e47a4d7cd1126afa7ab89c,-90,,3,64,12.0,3
17:29:40,26.0,3,b204f7ae306fcdc78daa18e1977143e588ffd80f46ebf3e280744ff4477ffef5,-79,,3,64,12.0,3
17:29:41,26.0,3,ae179b41e61ae8034a93b677a6b56e026ccce05ba8a228fa6c50e0d9b558e50e,-62,,3,64,12.0,3
17:29:41,26.0,3,ae179b41e61ae8034a93b677a6b56e026ccce05ba8a228fa6c50e0d9b558e50e,-59,,3,64,12.0,3
17:29:42,26.0,3,c9c4e91007dddadab7516dc4e8140fe856c4be7a77d2428b5cd5353d1059cd2c,-82,,3,64,1.0,3
17:29:43,26.0,3,70b38673aa78333e140b27c55d417841570bda9ea0e47a4d7cd1126afa7ab89c,-93,,3,64,12.0,3
17:29:44,26.0,3,c9c4e91007dddadab7516dc4e8140fe856c4be7a77d2428b5cd5353d1059cd2c,-79,,3,64,1.0,3
17:29:45,26.0,3,ae179b41e61ae8034a93b677a6b56e026ccce05ba8a228fa6c50e0d9b558e50e,-61,,3,64,12.0,3
17:29:45,26.0,3,ae179b41e61ae8034a93b677a6b56e026ccce05ba8a228fa6c50e0d9b558e50e,-61,,3,64,12.0,3
17:29:46,26.0,3,ae179b41e61ae8034a93b677a6b56e026ccce05ba8a228fa6c50e0d9b558e50e,-62,,3,64,12.0,3
17:29:47,,3,c649a6e8b3644b6c1e33ea143f775d819ca3b4c7acc2433902b77045d789628f,-82,,3,64,,3
17:29:48,26.0,3,ae179b41e61ae8034a93b677a6b56e026ccce05ba8a228fa6c50e0d9b558e50e,-63,,3,64,12.0,3
17:29:49,26.0,3,ae179b41e61ae8034a93b677a6b56e026ccce05ba8a228fa6c50e0d9b558e50e,-63,,3,64,12.0,3
17:29:49,26.0,3,c9c4e91007dddadab7516dc4e8140fe856c4be7a77d2428b5cd5353d1059cd2c,-77,,3,64,1.0,3
17:29:50,26.0,3,ae179b41e61ae8034a93b677a6b56e026ccce05ba8a228fa6c50e0d9b558e50e,-61,,3,64,12.0,3
17:29:51,,3,8a82f5413192d017aee0bfb01b9c96ea83492ea674ae964f77bde03e660d0005,-81,,3,64,,3
17:29:52,26.0,3,70b38673aa78333e140b27c55d417841570bda9ea0e47a4d7cd1126afa7ab89c,-73,,3,64,12.0,3
17:29:53,26.0,3,c9c4e91007dddadab7516dc4e8140fe856c4be7a77d2428b5cd5353d1059cd2c,-75,,3,64,1.0,3
17:29:53,26.0,3,b204f7ae306fcdc78daa18e1977143e588ffd80f46ebf3e280744ff4477ffef5,-77,,3,64,12.0,3
17:29:54,26.0,3,70b38673aa78333e140b27c55d417841570bda9ea0e47a4d7cd1126afa7ab89c,-77,,3,64,12.0,3
17:29:55,,3,93db4706291611d74332413d08ee26f2dd3e1d4fcba6d37a9e03be5b6794f031,-89,,3,64,,3
17:29:56,26.0,3,b204f7ae306fcdc78daa18e1977143e588ffd80f46ebf3e280744ff4477ffef5,-80,,3,64,12.0,3
17:29:56,26.0,3,c9c4e91007dddadab7516dc4e8140fe856c4be7a77d2428b5cd5353d1059cd2c,-83,,3,64,1.0,3
17:29:57,26.0,3,c9c4e91007dddadab7516dc4e8140fe856c4be7a77d2428b5cd5353d1059cd2c,-78,,3,64,1.0,3
17:29:58,26.0,3,ae179b41e61ae8034a93b677a6b56e026ccce05ba8a228fa6c50e0d9b558e50e,-70,,3,64,12.0,3
17:29:59,,3,93db4706291611d74332413d08ee26f2dd3e1d4fcba6d37a9e03be5b6794f031,-74,,3,64,,3
17:30:00,26.0,3,c9c4e91007dddadab7516dc4e8140fe856c4be7a77d2428b5cd5353d1059cd2c,-80,,3,64,1.0,3
17:30:00,26.0,3,ae179b41e61ae8034a93b677a6b56e026ccce05ba8a228fa6c50e0d9b558e50e,-64,,3,64,12.0,3
17:30:01,26.0,3,c9c4e91007dddadab7516dc4e8140fe856c4be7a77d2428b5cd5353d1059cd2c,-86,,3,64,1.0,3
17:30:02,26.0,3,ae179b41e61ae8034a93b677a6b56e026ccce05ba8a228fa6c50e0d9b558e50e,-64,,3,64,12.0,3
17:30:03,,3,93db4706291611d74332413d08ee26f2dd3e1d4fcba6d37a9e03be5b6794f031,-73,,3,64,,3
17:30:04,26.0,3,f63aa0c6aadd410bb185ee2a77dcdc7d613cb58c5a07dd50cfdafa8fb25856d9,-86,,3,64,12.0,3
17:30:04,26.0,3,b204f7ae306fcdc78daa18e1977143e588ffd80f46ebf3e280744ff4477ffef5,-76,,3,64,12.0,3
17:30:05,26.0,3,b204f7ae306fcdc78daa18e1977143e588ffd80f46ebf3e280744ff4477ffef5,-79,,3,64,12.0,3
17:30:06,26.0,3,c9c4e91007dddadab7516dc4e8140fe856c4be7a77d2428b5cd5353d1059cd2c,-79,,3,64,1.0,3
17:30:07,,3,93db4706291611d74332413d08ee26f2dd3e1d4fcba6d37a9e03be5b6794f031,-82,,3,64,,3
17:30:08,,3,a69a304cbd4be08460ded23d9637f61dc55f79a9c351116203dd4a8c60117220,-54,,3,64,,3
17:30:08,26.0,3,ae179b41e61ae8034a93b677a6b56e026ccce05ba8a228fa6c50e0d9b558e50e,-48,,3,64,12.0,3
17:30:09,26.0,3,c9c4e91007dddadab7516dc4e8140fe856c4be7a77d2428b5cd5353d1059cd2c,-75,,3,64,1.0,3
17:30:10,26.0,3,70b38673aa78333e140b27c55d417841570bda9ea0e47a4d7cd1126afa7ab89c,-80,,3,64,12.0,3
17:30:11,,3,93db4706291611d74332413d08ee26f2dd3e1d4fcba6d37a9e03be5b6794f031,-77,,3,64,,3
17:30:12,,3,a69a304cbd4be08460ded23d9637f61dc55f79a9c351116203dd4a8c60117220,-49,,3,64,,3
17:30:12,26.0,3,70b38673aa78333e140b27c55d417841570bda9ea0e47a4d7cd1126afa7ab89c,-81,,3,64,12.0,3
17:30:13,26.0,3,b204f7ae306fcdc78daa18e1977143e588ffd80f46ebf3e280744ff4477ffef5,-83,,3,64,12.0,3
17:30:14,26.0,3,b204f7ae306fcdc78daa18e1977143e588ffd80f46ebf3e280744ff4477ffef5,-85,,3,64,12.0,3
17:30:15,,3,93db4706291611d74332413d08ee26f2dd3e1d4fcba6d37a9e03be5b6794f031,-87,,3,64,,3
17:30:16,,3,a69a304cbd4be08460ded23d9637f61dc55f79a9c351116203dd4a8c60117220,-52,,3,64,,3
17:30:16,26.0,3,b204f7ae306fcdc78daa18e1977143e588ffd80f46ebf3e280744ff4477ffef5,-75,,3,64,12.0,3
17:30:17,,3,7fe064510e50e0030dc6549d585b296fa8e473ad960e47188e885278703e097f,-80,,3,64,,3
17:30:18,26.0,3,c9c4e91007dddadab7516dc4e8140fe856c4be7a77d2428b5cd5353d1059cd2c,-82,,3,64,1.0,3
17:30:19,26.0,3,f63aa0c6aadd410bb185ee2a77dcdc7d613cb58c5a07dd50cfdafa8fb25856d9,-88,,3,64,12.0,3
17:30:20,26.0,3,b204f7ae306fcdc78daa18e1977143e588ffd80f46ebf3e280744ff4477ffef5,-71,,3,64,12.0,3
17:30:20,26.0,3,ae179b41e61ae8034a93b677a6b56e026ccce05ba8a228fa6c50e0d9b558e50e,-62,,3,64,12.0,3
17:30:21,,3,7fe064510e50e0030dc6549d585b296fa8e473ad960e47188e885278703e097f,-86,,3,64,,3
17:30:22,26.0,3,c9c4e91007dddadab7516dc4e8140fe856c4be7a77d2428b5cd5353d1059cd2c,-81,,3,64,1.0,3
17:30:23,26.0,3,ae179b41e61ae8034a93b677a6b56e026ccce05ba8a228fa6c50e0d9b558e50e,-56,,3,64,12.0,3
17:30:24,26.0,3,c9c4e91007dddadab7516dc4e8140fe856c4be7a77d2428b5cd5353d1059cd2c,-78,,3,64,1.0,3
17:30:24,26.0,3,b204f7ae306fcdc78daa18e1977143e588ffd80f46ebf3e280744ff4477ffef5,-69,,3,64,12.0,3
17:30:25,,3,7fe064510e50e0030dc6549d585b296fa8e473ad960e47188e885278703e097f,-83,,3,64,,3
17:30:26,26.0,3,c9c4e91007dddadab7516dc4e8140fe856c4be7a77d2428b5cd5353d1059cd2c,-81,,3,64,1.0,3
17:30:27,26.0,3,b204f7ae306fcdc78daa18e1977143e588ffd80f46ebf3e280744ff4477ffef5,-74,,3,64,12.0,3
17:30:28,26.0,3,ae179b41e61ae8034a93b677a6b56e026ccce05ba8a228fa6c50e0d9b558e50e,-57,,3,64,12.0,3
17:30:28,26.0,3,ae179b41e61ae8034a93b677a6b56e026ccce05ba8a228fa6c50e0d9b558e50e,-56,,3,64,12.0,3
17:30:29,26.0,3,b204f7ae306fcdc78daa18e1977143e588ffd80f46ebf3e280744ff4477ffef5,-70,,3,64,12.0,3
17:30:30,26.0,3,ae179b41e61ae8034a93b677a6b56e026ccce05ba8a228fa6c50e0d9b558e50e,-56,,3,64,12.0,3
17:30:31,26.0,3,b204f7ae306fcdc78daa18e1977143e588ffd80f46ebf3e280744ff4477ffef5,-70,,3,64,12.0,3
17:30:32,26.0,3,c9c4e91007dddadab7516dc4e8140fe856c4be7a77d2428b5cd5353d1059cd2c,-81,,3,64,1.0,3
17:30:32,26.0,3,b204f7ae306fcdc78daa18e1977143e588ffd80f46ebf3e280744ff4477ffef5,-74,,3,64,12.0,3
17:30:33,26.0,3,c9c4e91007dddadab7516dc4e8140fe856c4be7a77d2428b5cd5353d1059cd2c,-81,,3,64,1.0,3
17:30:34,26.0,3,ae179b41e61ae8034a93b677a6b56e026ccce05ba8a228fa6c50e0d9b558e50e,-49,,3,64,12.0,3
17:30:35,26.0,3,c9c4e91007dddadab7516dc4e8140fe856c4be7a77d2428b5cd5353d1059cd2c,-80,,3,64,1.0,3
17:30:35,,3,92513daee603ab126a667b29431ce26d329123a58bcf99f3080cbf371209acb5,-52,,3,64,,3
17:30:36,26.0,3,b204f7ae306fcdc78daa18e1977143e588ffd80f46ebf3e280744ff4477ffef5,-70,,3,64,12.0,3
17:30:37,,3,c649a6e8b3644b6c1e33ea143f775d819ca3b4c7acc2433902b77045d789628f,-91,,3,64,,3
17:30:38,26.0,3,c9c4e91007dddadab7516dc4e8140fe856c4be7a77d2428b5cd5353d1059cd2c,-80,,3,64,1.0,3
17:30:39,26.0,3,c9c4e91007dddadab7516dc4e8140fe856c4be7a77d2428b5cd5353d1059cd2c,-77,,3,64,1.0,3
17:30:39,26.0,3,c9c4e91007dddadab7516dc4e8140fe856c4be7a77d2428b5cd5353d1059cd2c,-77,,3,64,1.0,3
17:30:40,26.0,3,b204f7ae306fcdc78daa18e1977143e588ffd80f46ebf3e280744ff4477ffef5,-73,,3,64,12.0,3
17:30:41,,3,c649a6e8b3644b6c1e33ea143f775d819ca3b4c7acc2433902b77045d789628f,-84,,3,64,,3
17:30:42,26.0,3,b204f7ae306fcdc78daa18e1977143e588ffd80f46ebf3e280744ff4477ffef5,-71,,3,64,12.0,3
17:30:43,26.0,3,c9c4e91007dddadab7516dc4e8140fe856c4be7a77d2428b5cd5353d1059cd2c,-78,,3,64,1.0,3
17:30:43,,3,b957c4dca3b66607c34569eba3dfac8c94f016a31ffbc0ad7954ac70ba61282f,-80,,3,64,,3
17:30:44,26.0,3,b204f7ae306fcdc78daa18e1977143e588ffd80f46ebf3e280744ff4477ffef5,-74,,3,64,12.0,3
17:30:45,,3,c649a6e8b3644b6c1e33ea143f775d819ca3b4c7acc2433902b77045d789628f,-84,,3,64,,3
17:30:46,26.0,3,70b38673aa78333e140b27c55d417841570bda9ea0e47a4d7cd1126afa7ab89c,-80,,3,64,12.0,3
17:30:47,26.0,3,c9c4e91007dddadab7516dc4e8140fe856c4be7a77d2428b5cd5353d1059cd2c,-76,,3,64,1.0,3
17:30:47,26.0,3,70b38673aa78333e140b27c55d417841570bda9ea0e47a4d7cd1126afa7ab89c,-87,,3,64,12.0,3
17:30:48,26.0,3,b204f7ae306fcdc78daa18e1977143e588ffd80f46ebf3e280744ff4477ffef5,-70,,3,64,12.0,3
17:30:49,,3,c649a6e8b3644b6c1e33ea143f775d819ca3b4c7acc2433902b77045d789628f,-84,,3,64,,3
17:30:50,26.0,3,70b38673aa78333e140b27c55d417841570bda9ea0e47a4d7cd1126afa7ab89c,-76,,3,64,12.0,3
17:30:51,26.0,3,70b38673aa78333e140b27c55d417841570bda9ea0e47a4d7cd1126afa7ab89c,-87,,3,64,12.0,3
17:30:51,26.0,3,b204f7ae306fcdc78daa18e1977143e588ffd80f46ebf3e280744ff4477ffef5,-78,,3,64,12.0,3
17:30:52,26.0,3,70b38673aa78333e140b27c55d417841570bda9ea0e47a4d7cd1126afa7ab89c,-87,,3,64,12.0,3
17:30:53,,3,c649a6e8b3644b6c1e33ea143f775d819ca3b4c7acc2433902b77045d789628f,-77,,3,64,,3
17:30:54,26.0,3,c9c4e91007dddadab7516dc4e8140fe856c4be7a77d2428b5cd5353d1059cd2c,-71,,3,64,1.0,3
17:30:55,26.0,3,c9c4e91007dddadab7516dc4e8140fe856c4be7a77d2428b5cd5353d1059cd2c,-74,,3,64,1.0,3
17:30:55,,3,b957c4dca3b66607c34569eba3dfac8c94f016a31ffbc0ad7954ac70ba61282f,-75,,3,64,,3
17:30:56,26.0,3,b204f7ae306fcdc78daa18e1977143e588ffd80f46ebf3e280744ff4477ffef5,-76,,3,64,12.0,3
17:30:57,26.0,3,b204f7ae306fcdc78daa18e1977143e588ffd80f46ebf3e280744ff4477ffef5,-70,,3,64,12.0,3
17:30:58,26.0,3,b204f7ae306fcdc78daa18e1977143e588ffd80f46ebf3e280744ff4477ffef5,-73,,3,64,12.0,3
17:30:59,26.0,3,ae179b41e61ae8034a93b677a6b56e026ccce05ba8a228fa6c50e0d9b558e50e,-63,,3,64,12.0,3
17:30:59,26.0,3,b204f7ae306fcdc78daa18e1977143e588ffd80f46ebf3e280744ff4477ffef5,-77,,3,64,12.0,3
17:31:00,26.0,3,306be8c0c6d64b2f6255bb126f701ce33b8eac6200b9f3e234e3089c71fb2228,-74,,3,64,,3
17:31:01,26.0,3,c9c4e91007dddadab7516dc4e8140fe856c4be7a77d2428b5cd5353d1059cd2c,-76,,3,64,1.0,3
17:31:02,26.0,3,70b38673aa78333e140b27c55d417841570bda9ea0e47a4d7cd1126afa7ab89c,-82,,3,64,12.0,3
17:31:03,26.0,3,b204f7ae306fcdc78daa18e1977143e588ffd80f46ebf3e280744ff4477ffef5,-69,,3,64,12.0,3
17:31:03,26.0,3,306be8c0c6d64b2f6255bb126f701ce33b8eac6200b9f3e234e3089c71fb2228,-74,,3,64,,3
17:31:04,26.0,3,306be8c0c6d64b2f6255bb126f701ce33b8eac6200b9f3e234e3089c71fb2228,-73,,3,64,,3
17:31:05,26.0,3,b204f7ae306fcdc78daa18e1977143e588ffd80f46ebf3e280744ff4477ffef5,-75,,3,64,12.0,3
17:31:06,26.0,3,b204f7ae306fcdc78daa18e1977143e588ffd80f46ebf3e280744ff4477ffef5,-73,,3,64,12.0,3
17:31:07,26.0,3,70b38673aa78333e140b27c55d417841570bda9ea0e47a4d7cd1126afa7ab89c,-88,,3,64,12.0,3
17:31:07,26.0,3,306be8c0c6d64b2f6255bb126f701ce33b8eac6200b9f3e234e3089c71fb2228,-79,,3,64,,3
17:31:08,26.0,3,ae179b41e61ae8034a93b677a6b56e026ccce05ba8a228fa6c50e0d9b558e50e,-61,,3,64,12.0,3
17:31:09,26.0,3,70b38673aa78333e140b27c55d417841570bda9ea0e47a4d7cd1126afa7ab89c,-81,,3,64,12.0,3
17:31:10,26.0,3,b204f7ae306fcdc78daa18e1977143e588ffd80f46ebf3e280744ff4477ffef5,-72,,3,64,12.0,3
17:31:11,26.0,3,70b38673aa78333e140b27c55d417841570bda9ea0e47a4d7cd1126afa7ab89c,-87,,3,64,12.0,3
17:31:11,26.0,3,b204f7ae306fcdc78daa18e1977143e588ffd80f46ebf3e280744ff4477ffef5,-72,,3,64,12.0,3
17:31:12,26.0,3,306be8c0c6d64b2f6255bb126f701ce33b8eac6200b9f3e234e3089c71fb2228,-77,,3,64,,3
17:31:13,26.0,3,306be8c0c6d64b2f6255bb126f701ce33b8eac6200b9f3e234e3089c71fb2228,-78,,3,64,,3
17:31:14,26.0,3,b204f7ae306fcdc78daa18e1977143e588ffd80f46ebf3e280744ff4477ffef5,-74,,3,64,12.0,3
17:31:14,26.0,3,b204f7ae306fcdc78daa18e1977143e588ffd80f46ebf3e280744ff4477ffef5,-73,,3,64,12.0,3
17:31:15,26.0,3,306be8c0c6d64b2f6255bb126f701ce33b8eac6200b9f3e234e3089c71fb2228,-80,,3,64,,3
17:31:16,26.0,3,b204f7ae306fcdc78daa18e1977143e588ffd80f46ebf3e280744ff4477ffef5,-73,,3,64,12.0,3
17:31:17,,3,93db4706291611d74332413d08ee26f2dd3e1d4fcba6d37a9e03be5b6794f031,-71,,3,64,,3
17:31:18,26.0,3,306be8c0c6d64b2f6255bb126f701ce33b8eac6200b9f3e234e3089c71fb2228,-75,,3,64,,3
17:31:19,26.0,3,306be8c0c6d64b2f6255bb126f701ce33b8eac6200b9f3e234e3089c71fb2228,-70,,3,64,,3
17:31:19,26.0,3,70b38673aa78333e140b27c55d417841570bda9ea0e47a4d7cd1126afa7ab89c,-73,,3,64,12.0,3
17:31:20,26.0,3,70b38673aa78333e140b27c55d417841570bda9ea0e47a4d7cd1126afa7ab89c,-79,,3,64,12.0,3
17:31:21,26.0,3,306be8c0c6d64b2f6255bb126f701ce33b8eac6200b9f3e234e3089c71fb2228,-71,,3,64,,3
17:31:22,26.0,3,306be8c0c6d64b2f6255bb126f701ce33b8eac6200b9f3e234e3089c71fb2228,-72,,3,64,,3
17:31:22,26.0,3,70b38673aa78333e140b27c55d417841570bda9ea0e47a4d7cd1126afa7ab89c,-79,,3,64,12.0,3
17:31:23,26.0,3,b204f7ae306fcdc78daa18e1977143e588ffd80f46ebf3e280744ff4477ffef5,-78,,3,64,12.0,3
17:31:24,26.0,3,c9c4e91007dddadab7516dc4e8140fe856c4be7a77d2428b5cd5353d1059cd2c,-78,,3,64,1.0,3
17:31:25,26.0,3,b204f7ae306fcdc78daa18e1977143e588ffd80f46ebf3e280744ff4477ffef5,-74,,3,64,12.0,3
17:31:26,26.0,3,c9c4e91007dddadab7516dc4e8140fe856c4be7a77d2428b5cd5353d1059cd2c,-74,,3,64,1.0,3
17:31:26,26.0,3,306be8c0c6d64b2f6255bb126f701ce33b8eac6200b9f3e234e3089c71fb2228,-78,,3,64,,3
17:31:27,26.0,3,306be8c0c6d64b2f6255bb126f701ce33b8eac6200b9f3e234e3089c71fb2228,-81,,3,64,,3
17:31:28,26.0,3,306be8c0c6d64b2f6255bb126f701ce33b8eac6200b9f3e234e3089c71fb2228,-80,,3,64,,3
17:31:29,,3,c649a6e8b3644b6c1e33ea143f775d819ca3b4c7acc2433902b77045d789628f,-91,,3,64,,3
17:31:30,,3,f9652e6c98e3c24018ebcf0749a141f22b5fb3cf37355ab7a89c095faddc7d0d,-76,,3,64,,3
17:31:30,26.0,3,306be8c0c6d64b2f6255bb126f701ce33b8eac6200b9f3e234e3089c71fb2228,-81,,3,64,,3
17:31:31,26.0,3,70b38673aa78333e140b27c55d417841570bda9ea0e47a4d7cd1126afa7ab89c,-73,,3,64,12.0,3
17:31:32,26.0,3,c9c4e91007dddadab7516dc4e8140fe856c4be7a77d2428b5cd5353d1059cd2c,-87,,3,64,7.0,3
17:31:33,26.0,3,ae179b41e61ae8034a93b677a6b56e026ccce05ba8a228fa6c50e0d9b558e50e,-61,,3,64,12.0,3
17:31:34,26.0,3,ae179b41e61ae8034a93b677a6b56e026ccce05ba8a228fa6c50e0d9b558e50e,-65,,3,64,12.0,3
17:31:34,26.0,3,306be8c0c6d64b2f6255bb126f701ce33b8eac6200b9f3e234e3089c71fb2228,-73,,3,64,,3
17:31:35,,3,db5d180de1b09da9bdbe1b4154f855e1b48658a754658d6eeea82b644f3dd32c,-71,,3,64,,3
17:31:36,26.0,3,70b38673aa78333e140b27c55d417841570bda9ea0e47a4d7cd1126afa7ab89c,-91,,3,64,12.0,3
17:31:37,26.0,3,ae179b41e61ae8034a93b677a6b56e026ccce05ba8a228fa6c50e0d9b558e50e,-60,,3,64,12.0,3
17:31:38,26.0,3,c9c4e91007dddadab7516dc4e8140fe856c4be7a77d2428b5cd5353d1059cd2c,-81,,3,64,1.0,3
17:31:38,26.0,3,c9c4e91007dddadab7516dc4e8140fe856c4be7a77d2428b5cd5353d1059cd2c,-75,,3,64,1.0,3
17:31:39,,3,db5d180de1b09da9bdbe1b4154f855e1b48658a754658d6eeea82b644f3dd32c,-69,,3,64,,3
17:31:40,26.0,3,ae179b41e61ae8034a93b677a6b56e026ccce05ba8a228fa6c50e0d9b558e50e,-60,,3,64,12.0,3
17:31:41,26.0,3,c9c4e91007dddadab7516dc4e8140fe856c4be7a77d2428b5cd5353d1059cd2c,-81,,3,64,1.0,3
17:31:42,26.0,3,ae179b41e61ae8034a93b677a6b56e026ccce05ba8a228fa6c50e0d9b558e50e,-58,,3,64,12.0,3
17:31:42,26.0,3,ae179b41e61ae8034a93b677a6b56e026ccce05ba8a228fa6c50e0d9b558e50e,-63,,3,64,12.0,3
17:31:43,,3,db5d180de1b09da9bdbe1b4154f855e1b48658a754658d6eeea82b644f3dd32c,-67,,3,64,,3
17:31:44,26.0,3,a652546ad919ba75abf075ae525b89674344ef2c927fd02a1bf6a38e1e6c6cca,-79,,3,64,4.0,3
17:31:45,26.0,3,19a7c73dce3e441278d2cb4d83f75cd1c54b9b76e546b6608d55319aad5b59a0,-78,,3,64,,3
17:31:46,26.0,3,c9c4e91007dddadab7516dc4e8140fe856c4be7a77d2428b5cd5353d1059cd2c,-79,,3,64,1.0,3
17:31:46,26.0,3,c9c4e91007dddadab7516dc4e8140fe856c4be7a77d2428b5cd5353d1059cd2c,-81,,3,64,1.0,3
17:31:47,,3,db5d180de1b09da9bdbe1b4154f855e1b48658a754658d6eeea82b644f3dd32c,-82,,3,64,,3
17:31:48,26.0,3,ae179b41e61ae8034a93b677a6b56e026ccce05ba8a228fa6c50e0d9b558e50e,-62,,3,64,12.0,3
17:31:49,26.0,3,c9c4e91007dddadab7516dc4e8140fe856c4be7a77d2428b5cd5353d1059cd2c,-80,,3,64,1.0,3
17:31:50,,3,92513daee603ab126a667b29431ce26d329123a58bcf99f3080cbf371209acb5,-70,,3,64,,3
17:31:50,26.0,3,ae179b41e61ae8034a93b677a6b56e026ccce05ba8a228fa6c50e0d9b558e50e,-72,,3,64,12.0,3
17:31:51,,3,db5d180de1b09da9bdbe1b4154f855e1b48658a754658d6eeea82b644f3dd32c,-71,,3,64,,3
17:31:52,26.0,3,ae179b41e61ae8034a93b677a6b56e026ccce05ba8a228fa6c50e0d9b558e50e,-88,,3,64,12.0,3
17:31:53,26.0,3,c9c4e91007dddadab7516dc4e8140fe856c4be7a77d2428b5cd5353d1059cd2c,-79,,3,64,1.0,3
17:31:54,,3,92513daee603ab126a667b29431ce26d329123a58bcf99f3080cbf371209acb5,-74,,3,64,,3
17:31:54,26.0,3,ae179b41e61ae8034a93b677a6b56e026ccce05ba8a228fa6c50e0d9b558e50e,-62,,3,64,12.0,3
17:31:55,,3,db5d180de1b09da9bdbe1b4154f855e1b48658a754658d6eeea82b644f3dd32c,-68,,3,64,,3
17:31:56,26.0,3,ae179b41e61ae8034a93b677a6b56e026ccce05ba8a228fa6c50e0d9b558e50e,-69,,3,64,12.0,3
17:31:57,26.0,3,ae179b41e61ae8034a93b677a6b56e026ccce05ba8a228fa6c50e0d9b558e50e,-63,,3,64,12.0,3
17:31:58,,3,92513daee603ab126a667b29431ce26d329123a58bcf99f3080cbf371209acb5,-71,,3,64,,3
17:31:58,26.0,3,c9c4e91007dddadab7516dc4e8140fe856c4be7a77d2428b5cd5353d1059cd2c,-77,,3,64,1.0,3
17:31:59,,3,db5d180de1b09da9bdbe1b4154f855e1b48658a754658d6eeea82b644f3dd32c,-70,,3,64,,3
17:32:00,26.0,3,c9c4e91007dddadab7516dc4e8140fe856c4be7a77d2428b5cd5353d1059cd2c,-75,,3,64,1.0,3
17:32:01,26.0,3,ae179b41e61ae8034a93b677a6b56e026ccce05ba8a228fa6c50e0d9b558e50e,-69,,3,64,12.0,3
17:32:01,26.0,3,c9c4e91007dddadab7516dc4e8140fe856c4be7a77d2428b5cd5353d1059cd2c,-78,,3,64,1.0,3
17:32:02,26.0,3,c9c4e91007dddadab7516dc4e8140fe856c4be7a77d2428b5cd5353d1059cd2c,-82,,3,64,1.0,3
17:32:03,26.0,3,ae179b41e61ae8034a93b677a6b56e026ccce05ba8a228fa6c50e0d9b558e50e,-60,,3,64,12.0,3
17:32:04,26.0,3,c9c4e91007dddadab7516dc4e8140fe856c4be7a77d2428b5cd5353d1059cd2c,-73,,3,64,1.0,3
17:32:05,26.0,3,ae179b41e61ae8034a93b677a6b56e026ccce05ba8a228fa6c50e0d9b558e50e,-61,,3,64,12.0,3
17:32:05,,3,92513daee603ab126a667b29431ce26d329123a58bcf99f3080cbf371209acb5,-68,,3,64,,3
17:32:06,26.0,3,ae179b41e61ae8034a93b677a6b56e026ccce05ba8a228fa6c50e0d9b558e50e,-64,,3,64,12.0,3
17:32:07,26.0,3,ae179b41e61ae8034a93b677a6b56e026ccce05ba8a228fa6c50e0d9b558e50e,-70,,3,64,12.0,3
17:32:08,26.0,3,c9c4e91007dddadab7516dc4e8140fe856c4be7a77d2428b5cd5353d1059cd2c,-72,,3,64,1.0,3
17:32:09,26.0,3,06f372a2fcd9d165ce579339147d521f21584892224d33cd8315f2231cd04a5b,-93,,3,64,7.0,3
17:32:09,26.0,3,c9c4e91007dddadab7516dc4e8140fe856c4be7a77d2428b5cd5353d1059cd2c,-72,,3,64,1.0,3
17:32:10,26.0,3,c9c4e91007dddadab7516dc4e8140fe856c4be7a77d2428b5cd5353d1059cd2c,-71,,3,64,1.0,3
17:32:11,26.0,3,b204f7ae306fcdc78daa18e1977143e588ffd80f46ebf3e280744ff4477ffef5,-75,,3,64,12.0,3
17:32:12,26.0,3,b204f7ae306fcdc78daa18e1977143e588ffd80f46ebf3e280744ff4477ffef5,-87,,3,64,12.0,3
17:32:13,26.0,3,c9c4e91007dddadab7516dc4e8140fe856c4be7a77d2428b5cd5353d1059cd2c,-74,,3,64,1.0,3
17:32:13,26.0,3,b204f7ae306fcdc78daa18e1977143e588ffd80f46ebf3e280744ff4477ffef5,-80,,3,64,12.0,3
17:32:14,26.0,3,ae179b41e61ae8034a93b677a6b56e026ccce05ba8a228fa6c50e0d9b558e50e,-55,,3,64,12.0,3
17:32:15,26.0,3,ae179b41e61ae8034a93b677a6b56e026ccce05ba8a228fa6c50e0d9b558e50e,-52,,3,64,12.0,3
17:32:16,26.0,3,ae179b41e61ae8034a93b677a6b56e026ccce05ba8a228fa6c50e0d9b558e50e,-53,,3,64,12.0,3
17:32:17,26.0,3,ae179b41e61ae8034a93b677a6b56e026ccce05ba8a228fa6c50e0d9b558e50e,-52,,3,64,12.0,3
17:32:17,,3,92513daee603ab126a667b29431ce26d329123a58bcf99f3080cbf371209acb5,-54,,3,64,,3
17:32:18,26.0,3,ae179b41e61ae8034a93b677a6b56e026ccce05ba8a228fa6c50e0d9b558e50e,-53,,3,64,12.0,3
17:32:19,26.0,3,ae179b41e61ae8034a93b677a6b56e026ccce05ba8a228fa6c50e0d9b558e50e,-58,,3,64,12.0,3
17:32:20,,3,db5d180de1b09da9bdbe1b4154f855e1b48658a754658d6eeea82b644f3dd32c,-69,,3,64,,3
17:32:21,26.0,3,c9c4e91007dddadab7516dc4e8140fe856c4be7a77d2428b5cd5353d1059cd2c,-73,,3,64,1.0,3
17:32:21,26.0,3,c9c4e91007dddadab7516dc4e8140fe856c4be7a77d2428b5cd5353d1059cd2c,-73,,3,64,1.0,3
17:32:22,26.0,3,c9c4e91007dddadab7516dc4e8140fe856c4be7a77d2428b5cd5353d1059cd2c,-77,,3,64,1.0,3
17:32:23,26.0,3,b204f7ae306fcdc78daa18e1977143e588ffd80f46ebf3e280744ff4477ffef5,-83,,3,64,12.0,3
17:32:24,26.0,3,c9c4e91007dddadab7516dc4e8140fe856c4be7a77d2428b5cd5353d1059cd2c,-71,,3,64,1.0,3
17:32:25,26.0,3,c9c4e91007dddadab7516dc4e8140fe856c4be7a77d2428b5cd5353d1059cd2c,-73,,3,64,1.0,3
17:32:25,26.0,3,b204f7ae306fcdc78daa18e1977143e588ffd80f46ebf3e280744ff4477ffef5,-75,,3,64,12.0,3
17:32:26,26.0,3,c9c4e91007dddadab7516dc4e8140fe856c4be7a77d2428b5cd5353d1059cd2c,-73,,3,64,1.0,3
17:32:27,26.0,3,ae179b41e61ae8034a93b677a6b56e026ccce05ba8a228fa6c50e0d9b558e50e,-55,,3,64,12.0,3
17:32:28,,3,db5d180de1b09da9bdbe1b4154f855e1b48658a754658d6eeea82b644f3dd32c,-74,,3,64,,3
17:32:29,26.0,3,b204f7ae306fcdc78daa18e1977143e588ffd80f46ebf3e280744ff4477ffef5,-72,,3,64,12.0,3
17:32:29,26.0,3,c9c4e91007dddadab7516dc4e8140fe856c4be7a77d2428b5cd5353d1059cd2c,-73,,3,64,1.0,3
17:32:30,,3,f9652e6c98e3c24018ebcf0749a141f22b5fb3cf37355ab7a89c095faddc7d0d,-79,,3,64,,3
17:32:31,26.0,3,b204f7ae306fcdc78daa18e1977143e588ffd80f46ebf3e280744ff4477ffef5,-73,,3,64,12.0,3
17:32:32,26.0,3,c9c4e91007dddadab7516dc4e8140fe856c4be7a77d2428b5cd5353d1059cd2c,-75,,3,64,1.0,3
17:32:33,26.0,3,ae179b41e61ae8034a93b677a6b56e026ccce05ba8a228fa6c50e0d9b558e50e,-55,,3,64,12.0,3
17:32:33,26.0,3,b204f7ae306fcdc78daa18e1977143e588ffd80f46ebf3e280744ff4477ffef5,-70,,3,64,12.0,3
17:32:34,,3,f9652e6c98e3c24018ebcf0749a141f22b5fb3cf37355ab7a89c095faddc7d0d,-73,,3,64,,3
17:32:35,26.0,3,ae179b41e61ae8034a93b677a6b56e026ccce05ba8a228fa6c50e0d9b558e50e,-62,,3,64,12.0,3
17:32:36,26.0,3,b204f7ae306fcdc78daa18e1977143e588ffd80f46ebf3e280744ff4477ffef5,-69,,3,64,12.0,3
17:32:37,26.0,3,ae179b41e61ae8034a93b677a6b56e026ccce05ba8a228fa6c50e0d9b558e50e,-61,,3,64,12.0,3
17:32:37,26.0,3,c9c4e91007dddadab7516dc4e8140fe856c4be7a77d2428b5cd5353d1059cd2c,-78,,3,64,1.0,3
17:32:38,26.0,3,ae179b41e61ae8034a93b677a6b56e026ccce05ba8a228fa6c50e0d9b558e50e,-62,,3,64,12.0,3
17:32:39,26.0,3,ae179b41e61ae8034a93b677a6b56e026ccce05ba8a228fa6c50e0d9b558e50e,-54,,3,64,12.0,3
17:32:40,26.0,3,c9c4e91007dddadab7516dc4e8140fe856c4be7a77d2428b5cd5353d1059cd2c,-71,,3,64,1.0,3
17:32:41,26.0,3,ae179b41e61ae8034a93b677a6b56e026ccce05ba8a228fa6c50e0d9b558e50e,-61,,3,64,12.0,3
17:32:41,2.0,3,332954e66663993c723076fd2a86d3e6e69083ed5e029b69fcf0462eb02d2b0d,-88,,3,64,,3
17:32:42,26.0,3,b204f7ae306fcdc78daa18e1977143e588ffd80f46ebf3e280744ff4477ffef5,-68,,3,64,12.0,3
17:32:43,26.0,3,b204f7ae306fcdc78daa18e1977143e588ffd80f46ebf3e280744ff4477ffef5,-69,,3,64,12.0,3
17:32:44,26.0,3,ae179b41e61ae8034a93b677a6b56e026ccce05ba8a228fa6c50e0d9b558e50e,-58,,3,64,12.0,3
17:32:45,26.0,3,c9c4e91007dddadab7516dc4e8140fe856c4be7a77d2428b5cd5353d1059cd2c,-74,,3,64,1.0,3
17:32:45,26.0,3,b204f7ae306fcdc78daa18e1977143e588ffd80f46ebf3e280744ff4477ffef5,-85,,3,64,12.0,3
17:32:46,26.0,3,ae179b41e61ae8034a93b677a6b56e026ccce05ba8a228fa6c50e0d9b558e50e,-55,,3,64,12.0,3
17:32:47,26.0,3,c9c4e91007dddadab7516dc4e8140fe856c4be7a77d2428b5cd5353d1059cd2c,-83,,3,64,1.0,3
17:32:48,26.0,3,ae179b41e61ae8034a93b677a6b56e026ccce05ba8a228fa6c50e0d9b558e50e,-54,,3,64,12.0,3
17:32:49,26.0,3,ae179b41e61ae8034a93b677a6b56e026ccce05ba8a228fa6c50e0d9b558e50e,-57,,3,64,12.0,3
17:32:49,26.0,3,c9c4e91007dddadab7516dc4e8140fe856c4be7a77d2428b5cd5353d1059cd2c,-73,,3,64,1.0,3
17:32:50,26.0,3,ae179b41e61ae8034a93b677a6b56e026ccce05ba8a228fa6c50e0d9b558e50e,-58,,3,64,12.0,3
17:32:51,26.0,3,ae179b41e61ae8034a93b677a6b56e026ccce05ba8a228fa6c50e0d9b558e50e,-61,,3,64,12.0,3
17:32:52,26.0,3,ae179b41e61ae8034a93b677a6b56e026ccce05ba8a228fa6c50e0d9b558e50e,-56,,3,64,12.0,3
17:32:52,,3,044bfc7fe71932338da92e192b547dd838d157a92a1bcee275a95cb59ef9d119,-94,,3,64,,3
17:32:53,26.0,3,b204f7ae306fcdc78daa18e1977143e588ffd80f46ebf3e280744ff4477ffef5,-69,,3,64,12.0,3
17:32:54,26.0,3,ae179b41e61ae8034a93b677a6b56e026ccce05ba8a228fa6c50e0d9b558e50e,-56,,3,64,12.0,3
17:32:55,26.0,3,b204f7ae306fcdc78daa18e1977143e588ffd80f46ebf3e280744ff4477ffef5,-71,,3,64,12.0,3
17:32:56,26.0,3,b204f7ae306fcdc78daa18e1977143e588ffd80f46ebf3e280744ff4477ffef5,-80,,3,64,12.0,3
17:32:56,,3,044bfc7fe71932338da92e192b547dd838d157a92a1bcee275a95cb59ef9d119,-94,,3,64,,3
17:32:57,26.0,3,b204f7ae306fcdc78daa18e1977143e588ffd80f46ebf3e280744ff4477ffef5,-69,,3,64,12.0,3
17:32:58,26.0,3,b204f7ae306fcdc78daa18e1977143e588ffd80f46ebf3e280744ff4477ffef5,-80,,3,64,12.0,3
17:32:59,26.0,3,b204f7ae306fcdc78daa18e1977143e588ffd80f46ebf3e280744ff4477ffef5,-71,,3,64,12.0,3
17:33:00,,3,92513daee603ab126a667b29431ce26d329123a58bcf99f3080cbf371209acb5,-56,,3,64,,3
17:33:00,26.0,3,ae179b41e61ae8034a93b677a6b56e026ccce05ba8a228fa6c50e0d9b558e50e,-57,,3,64,12.0,3
17:33:01,26.0,3,b204f7ae306fcdc78daa18e1977143e588ffd80f46ebf3e280744ff4477ffef5,-84,,3,64,12.0,3
17:33:02,26.0,3,ae179b41e61ae8034a93b677a6b56e026ccce05ba8a228fa6c50e0d9b558e50e,-55,,3,64,12.0,3
17:33:03,26.0,3,ae179b41e61ae8034a93b677a6b56e026ccce05ba8a228fa6c50e0d9b558e50e,-55,,3,64,12.0,3
17:33:04,,3,92513daee603ab126a667b29431ce26d329123a58bcf99f3080cbf371209acb5,-54,,3,64,,3
17:33:04,26.0,3,ae179b41e61ae8034a93b677a6b56e026ccce05ba8a228fa6c50e0d9b558e50e,-52,,3,64,12.0,3
17:33:05,26.0,3,ae179b41e61ae8034a93b677a6b56e026ccce05ba8a228fa6c50e0d9b558e50e,-52,,3,64,12.0,3
17:33:06,,3,308a83a16dbeb472bf3b2861765b4f9df74567a3ba32a8ad54aec61d00059741,-87,,3,64,,3
17:33:06,26.0,3,b204f7ae306fcdc78daa18e1977143e588ffd80f46ebf3e280744ff4477ffef5,-77,,3,64,12.0,3
17:33:07,26.0,3,b204f7ae306fcdc78daa18e1977143e588ffd80f46ebf3e280744ff4477ffef5,-77,,3,64,12.0,3
17:33:08,26.0,3,c9c4e91007dddadab7516dc4e8140fe856c4be7a77d2428b5cd5353d1059cd2c,-74,,3,64,1.0,3
17:33:09,26.0,3,ae179b41e61ae8034a93b677a6b56e026ccce05ba8a228fa6c50e0d9b558e50e,-54,,3,64,12.0,3
17:33:10,26.0,3,c9c4e91007dddadab7516dc4e8140fe856c4be7a77d2428b5cd5353d1059cd2c,-78,,3,64,1.0,3
17:33:11,26.0,3,ad0fccf8d1a743f5c43bf02d721527641d9d91adc3f6eca30409b19ca152294a,-71,,3,64,12.0,3
17:33:12,26.0,3,c9c4e91007dddadab7516dc4e8140fe856c4be7a77d2428b5cd5353d1059cd2c,-74,,3,64,1.0,3
17:33:12,26.0,3,ad0fccf8d1a743f5c43bf02d721527641d9d91adc3f6eca30409b19ca152294a,-74,,3,64,12.0,3
17:33:13,26.0,3,ae179b41e61ae8034a93b677a6b56e026ccce05ba8a228fa6c50e0d9b558e50e,-51,,3,64,12.0,3
17:33:14,26.0,3,ae179b41e61ae8034a93b677a6b56e026ccce05ba8a228fa6c50e0d9b558e50e,-51,,3,64,12.0,3
17:33:15,26.0,3,c9c4e91007dddadab7516dc4e8140fe856c4be7a77d2428b5cd5353d1059cd2c,-83,,3,64,1.0,3
17:33:16,26.0,3,ae179b41e61ae8034a93b677a6b56e026ccce05ba8a228fa6c50e0d9b558e50e,-50,,3,64,12.0,3
17:33:16,26.0,3,ae179b41e61ae8034a93b677a6b56e026ccce05ba8a228fa6c50e0d9b558e50e,-50,,3,64,12.0,3
17:33:17,26.0,3,c9c4e91007dddadab7516dc4e8140fe856c4be7a77d2428b5cd5353d1059cd2c,-75,,3,64,1.0,3
17:33:18,26.0,3,ae179b41e61ae8034a93b677a6b56e026ccce05ba8a228fa6c50e0d9b558e50e,-48,,3,64,12.0,3
17:33:19,26.0,3,06f372a2fcd9d165ce579339147d521f21584892224d33cd8315f2231cd04a5b,-92,,3,64,7.0,3
17:33:20,,3,92513daee603ab126a667b29431ce26d329123a58bcf99f3080cbf371209acb5,-50,,3,64,,3
17:33:20,26.0,3,ad0fccf8d1a743f5c43bf02d721527641d9d91adc3f6eca30409b19ca152294a,-85,,3,64,12.0,3
17:33:21,26.0,3,ae179b41e61ae8034a93b677a6b56e026ccce05ba8a228fa6c50e0d9b558e50e,-50,,3,64,12.0,3
17:33:22,26.0,3,06f372a2fcd9d165ce579339147d521f21584892224d33cd8315f2231cd04a5b,-87,,3,64,7.0,3
17:33:23,26.0,3,c9c4e91007dddadab7516dc4e8140fe856c4be7a77d2428b5cd5353d1059cd2c,-81,,3,64,1.0,3
17:33:24,26.0,3,ad0fccf8d1a743f5c43bf02d721527641d9d91adc3f6eca30409b19ca152294a,-89,,3,64,12.0,3
17:33:24,26.0,3,ae179b41e61ae8034a93b677a6b56e026ccce05ba8a228fa6c50e0d9b558e50e,-50,,3,64,12.0,3
17:33:25,26.0,3,ae179b41e61ae8034a93b677a6b56e026ccce05ba8a228fa6c50e0d9b558e50e,-54,,3,64,12.0,3
17:33:26,26.0,3,ae179b41e61ae8034a93b677a6b56e026ccce05ba8a228fa6c50e0d9b558e50e,-57,,3,64,12.0,3
17:33:27,26.0,3,c9c4e91007dddadab7516dc4e8140fe856c4be7a77d2428b5cd5353d1059cd2c,-75,,3,64,1.0,3
17:33:28,26.0,3,ae179b41e61ae8034a93b677a6b56e026ccce05ba8a228fa6c50e0d9b558e50e,-55,,3,64,12.0,3
17:33:28,,3,f9652e6c98e3c24018ebcf0749a141f22b5fb3cf37355ab7a89c095faddc7d0d,-73,,3,64,,3
17:33:29,,3,db5d180de1b09da9bdbe1b4154f855e1b48658a754658d6eeea82b644f3dd32c,-77,,3,64,,3
17:33:30,26.0,3,ae179b41e61ae8034a93b677a6b56e026ccce05ba8a228fa6c50e0d9b558e50e,-62,,3,64,12.0,3
17:33:31,26.0,3,ae179b41e61ae8034a93b677a6b56e026ccce05ba8a228fa6c50e0d9b558e50e,-51,,3,64,12.0,3
17:33:32,26.0,3,ad0fccf8d1a743f5c43bf02d721527641d9d91adc3f6eca30409b19ca152294a,-89,,3,64,12.0,3
17:33:32,26.0,3,c9c4e91007dddadab7516dc4e8140fe856c4be7a77d2428b5cd5353d1059cd2c,-84,,3,64,1.0,3
17:33:33,,3,db5d180de1b09da9bdbe1b4154f855e1b48658a754658d6eeea82b644f3dd32c,-87,,3,64,,3
17:33:34,26.0,3,c9c4e91007dddadab7516dc4e8140fe856c4be7a77d2428b5cd5353d1059cd2c,-89,,3,64,1.0,3
17:33:35,26.0,3,c9c4e91007dddadab7516dc4e8140fe856c4be7a77d2428b5cd5353d1059cd2c,-82,,3,64,1.0,3
17:33:36,26.0,3,ae179b41e61ae8034a93b677a6b56e026ccce05ba8a228fa6c50e0d9b558e50e,-56,,3,64,12.0,3
17:33:36,26.0,3,ae179b41e61ae8034a93b677a6b56e026ccce05ba8a228fa6c50e0d9b558e50e,-49,,3,64,12.0,3
17:33:37,,3,db5d180de1b09da9bdbe1b4154f855e1b48658a754658d6eeea82b644f3dd32c,-82,,3,64,,3
17:33:38,,3,308a83a16dbeb472bf3b2861765b4f9df74567a3ba32a8ad54aec61d00059741,-81,,3,64,,3
17:33:39,26.0,3,ae179b41e61ae8034a93b677a6b56e026ccce05ba8a228fa6c50e0d9b558e50e,-69,,3,64,12.0,3
17:33:40,26.0,3,ad0fccf8d1a743f5c43bf02d721527641d9d91adc3f6eca30409b19ca152294a,-87,,3,64,12.0,3
17:33:40,26.0,3,c9c4e91007dddadab7516dc4e8140fe856c4be7a77d2428b5cd5353d1059cd2c,-80,,3,64,1.0,3
17:33:41,26.0,3,c9c4e91007dddadab7516dc4e8140fe856c4be7a77d2428b5cd5353d1059cd2c,-77,,3,64,1.0,3
17:33:42,26.0,3,c9c4e91007dddadab7516dc4e8140fe856c4be7a77d2428b5cd5353d1059cd2c,-75,,3,64,1.0,3
17:33:43,26.0,3,c9c4e91007dddadab7516dc4e8140fe856c4be7a77d2428b5cd5353d1059cd2c,-92,,3,64,1.0,3
17:33:43,26.0,3,ad0fccf8d1a743f5c43bf02d721527641d9d91adc3f6eca30409b19ca152294a,-86,,3,64,12.0,3
17:33:44,26.0,3,ae179b41e61ae8034a93b677a6b56e026ccce05ba8a228fa6c50e0d9b558e50e,-63,,3,64,12.0,3
17:33:45,,3,db5d180de1b09da9bdbe1b4154f855e1b48658a754658d6eeea82b644f3dd32c,-76,,3,64,,3
17:33:46,,3,308a83a16dbeb472bf3b2861765b4f9df74567a3ba32a8ad54aec61d00059741,-94,,3,64,,3
17:33:47,26.0,3,ae179b41e61ae8034a93b677a6b56e026ccce05ba8a228fa6c50e0d9b558e50e,-54,,3,64,12.0,3
17:33:47,26.0,3,ae179b41e61ae8034a93b677a6b56e026ccce05ba8a228fa6c50e0d9b558e50e,-73,,3,64,12.0,3
17:33:48,26.0,3,ae179b41e61ae8034a93b677a6b56e026ccce05ba8a228fa6c50e0d9b558e50e,-53,,3,64,12.0,3
17:33:49,26.0,3,c9c4e91007dddadab7516dc4e8140fe856c4be7a77d2428b5cd5353d1059cd2c,-76,,3,64,1.0,3
17:33:50,,3,308a83a16dbeb472bf3b2861765b4f9df74567a3ba32a8ad54aec61d00059741,-91,,3,64,,3
17:33:51,26.0,3,ae179b41e61ae8034a93b677a6b56e026ccce05ba8a228fa6c50e0d9b558e50e,-52,,3,64,12.0,3
17:33:51,26.0,3,ae179b41e61ae8034a93b677a6b56e026ccce05ba8a228fa6c50e0d9b558e50e,-73,,3,64,12.0,3
17:33:52,,3,f9652e6c98e3c24018ebcf0749a141f22b5fb3cf37355ab7a89c095faddc7d0d,-76,,3,64,,3
17:33:53,26.0,3,ae179b41e61ae8034a93b677a6b56e026ccce05ba8a228fa6c50e0d9b558e50e,-53,,3,64,12.0,3
17:33:54,26.0,3,ae179b41e61ae8034a93b677a6b56e026ccce05ba8a228fa6c50e0d9b558e50e,-55,,3,64,12.0,3
17:33:55,26.0,3,ae179b41e61ae8034a93b677a6b56e026ccce05ba8a228fa6c50e0d9b558e50e,-56,,3,64,12.0,3
17:33:55,26.0,3,ae179b41e61ae8034a93b677a6b56e026ccce05ba8a228fa6c50e0d9b558e50e,-65,,3,64,12.0,3
17:33:56,26.0,3,c9c4e91007dddadab7516dc4e8140fe856c4be7a77d2428b5cd5353d1059cd2c,-84,,3,64,1.0,3
17:33:57,26.0,3,ae179b41e61ae8034a93b677a6b56e026ccce05ba8a228fa6c50e0d9b558e50e,-60,,3,64,12.0,3
17:33:58,26.0,3,c9c4e91007dddadab7516dc4e8140fe856c4be7a77d2428b5cd5353d1059cd2c,-78,,3,64,1.0,3
17:33:59,26.0,3,ae179b41e61ae8034a93b677a6b56e026ccce05ba8a228fa6c50e0d9b558e50e,-55,,3,64,12.0,3
17:33:59,26.0,3,c9c4e91007dddadab7516dc4e8140fe856c4be7a77d2428b5cd5353d1059cd2c,-88,,3,64,1.0,3
17:34:00,26.0,3,ae179b41e61ae8034a93b677a6b56e026ccce05ba8a228fa6c50e0d9b558e50e,-57,,3,64,12.0,3
17:34:01,26.0,3,ae179b41e61ae8034a93b677a6b56e026ccce05ba8a228fa6c50e0d9b558e50e,-62,,3,64,12.0,3
17:34:02,26.0,3,c9c4e91007dddadab7516dc4e8140fe856c4be7a77d2428b5cd5353d1059cd2c,-72,,3,64,1.0,3
17:34:03,26.0,3,ae179b41e61ae8034a93b677a6b56e026ccce05ba8a228fa6c50e0d9b558e50e,-63,,3,64,12.0,3
17:34:03,26.0,3,c9c4e91007dddadab7516dc4e8140fe856c4be7a77d2428b5cd5353d1059cd2c,-74,,3,64,1.0,3
17:34:04,,3,f9652e6c98e3c24018ebcf0749a141f22b5fb3cf37355ab7a89c095faddc7d0d,-86,,3,64,,3
17:34:05,26.0,3,c9c4e91007dddadab7516dc4e8140fe856c4be7a77d2428b5cd5353d1059cd2c,-72,,3,64,1.0,3
17:34:06,,3,92513daee603ab126a667b29431ce26d329123a58bcf99f3080cbf371209acb5,-62,,3,64,,3
17:34:07,26.0,3,c9c4e91007dddadab7516dc4e8140fe856c4be7a77d2428b5cd5353d1059cd2c,-76,,3,64,1.0,3
17:34:07,,3,92513daee603ab126a667b29431ce26d329123a58bcf99f3080cbf371209acb5,-61,,3,64,,3
17:34:08,2.0,3,8efad4d83a6fbcfb3afa42e06866744b8285ed52d30a76b13665c69f2c5d93dd,-85,BB30,3,64,,3
17:34:09,,3,308a83a16dbeb472bf3b2861765b4f9df74567a3ba32a8ad54aec61d00059741,-91,,3,64,,3
17:34:10,26.0,3,ae179b41e61ae8034a93b677a6b56e026ccce05ba8a228fa6c50e0d9b558e50e,-70,,3,64,12.0,3
17:34:11,26.0,3,ae179b41e61ae8034a93b677a6b56e026ccce05ba8a228fa6c50e0d9b558e50e,-61,,3,64,12.0,3
17:34:11,26.0,3,ae179b41e61ae8034a93b677a6b56e026ccce05ba8a228fa6c50e0d9b558e50e,-63,,3,64,12.0,3
17:34:12,26.0,3,ae179b41e61ae8034a93b677a6b56e026ccce05ba8a228fa6c50e0d9b558e50e,-58,,3,64,12.0,3
17:34:13,26.0,3,ae179b41e61ae8034a93b677a6b56e026ccce05ba8a228fa6c50e0d9b558e50e,-65,,3,64,12.0,3
17:34:14,,3,92513daee603ab126a667b29431ce26d329123a58bcf99f3080cbf371209acb5,-65,,3,64,,3
17:34:15,26.0,3,ae179b41e61ae8034a93b677a6b56e026ccce05ba8a228fa6c50e0d9b558e50e,-62,,3,64,12.0,3
17:34:15,26.0,3,ae179b41e61ae8034a93b677a6b56e026ccce05ba8a228fa6c50e0d9b558e50e,-65,,3,64,12.0,3
17:34:16,,3,f9652e6c98e3c24018ebcf0749a141f22b5fb3cf37355ab7a89c095faddc7d0d,-77,,3,64,,3
17:34:17,26.0,3,ae179b41e61ae8034a93b677a6b56e026ccce05ba8a228fa6c50e0d9b558e50e,-66,,3,64,12.0,3
17:34:18,26.0,3,c9c4e91007dddadab7516dc4e8140fe856c4be7a77d2428b5cd5353d1059cd2c,-74,,3,64,1.0,3
17:34:19,,3,044bfc7fe71932338da92e192b547dd838d157a92a1bcee275a95cb59ef9d119,-87,,3,64,,3
17:34:19,26.0,3,ae179b41e61ae8034a93b677a6b56e026ccce05ba8a228fa6c50e0d9b558e50e,-64,,3,64,12.0,3
17:34:20,26.0,3,ae179b41e61ae8034a93b677a6b56e026ccce05ba8a228fa6c50e0d9b558e50e,-66,,3,64,12.0,3
17:34:21,26.0,3,c9c4e91007dddadab7516dc4e8140fe856c4be7a77d2428b5cd5353d1059cd2c,-77,,3,64,1.0,3
17:34:22,26.0,3,ae179b41e61ae8034a93b677a6b56e026ccce05ba8a228fa6c50e0d9b558e50e,-61,,3,64,12.0,3
17:34:23,26.0,3,ae179b41e61ae8034a93b677a6b56e026ccce05ba8a228fa6c50e0d9b558e50e,-64,,3,64,12.0,3
17:34:23,26.0,3,ae179b41e61ae8034a93b677a6b56e026ccce05ba8a228fa6c50e0d9b558e50e,-65,,3,64,12.0,3
17:34:24,26.0,3,ae179b41e61ae8034a93b677a6b56e026ccce05ba8a228fa6c50e0d9b558e50e,-65,,3,64,12.0,3
17:34:25,26.0,3,c9c4e91007dddadab7516dc4e8140fe856c4be7a77d2428b5cd5353d1059cd2c,-80,,3,64,1.0,3
17:34:26,26.0,3,ae179b41e61ae8034a93b677a6b56e026ccce05ba8a228fa6c50e0d9b558e50e,-65,,3,64,12.0,3
17:34:26,26.0,3,c9c4e91007dddadab7516dc4e8140fe856c4be7a77d2428b5cd5353d1059cd2c,-77,,3,64,1.0,3
17:34:27,26.0,3,c9c4e91007dddadab7516dc4e8140fe856c4be7a77d2428b5cd5353d1059cd2c,-84,,3,64,1.0,3
17:34:28,26.0,3,c9c4e91007dddadab7516dc4e8140fe856c4be7a77d2428b5cd5353d1059cd2c,-76,,3,64,1.0,3
17:34:29,26.0,3,ae179b41e61ae8034a93b677a6b56e026ccce05ba8a228fa6c50e0d9b558e50e,-53,,3,64,12.0,3
17:34:30,,3,92513daee603ab126a667b29431ce26d329123a58bcf99f3080cbf371209acb5,-50,,3,64,,3
17:34:30,26.0,3,ad0fccf8d1a743f5c43bf02d721527641d9d91adc3f6eca30409b19ca152294a,-85,,3,64,12.0,3
17:34:31,,3,db5d180de1b09da9bdbe1b4154f855e1b48658a754658d6eeea82b644f3dd32c,-69,,3,64,,3
17:34:32,26.0,3,c9c4e91007dddadab7516dc4e8140fe856c4be7a77d2428b5cd5353d1059cd2c,-74,,3,64,1.0,3
17:34:33,26.0,3,ae179b41e61ae8034a93b677a6b56e026ccce05ba8a228fa6c50e0d9b558e50e,-56,,3,64,12.0,3
17:34:34,,3,92513daee603ab126a667b29431ce26d329123a58bcf99f3080cbf371209acb5,-53,,3,64,,3
17:34:34,26.0,3,ae179b41e61ae8034a93b677a6b56e026ccce05ba8a228fa6c50e0d9b558e50e,-71,,3,64,12.0,3
17:34:35,,3,db5d180de1b09da9bdbe1b4154f855e1b48658a754658d6eeea82b644f3dd32c,-80,,3,64,,3
17:34:36,26.0,3,c9c4e91007dddadab7516dc4e8140fe856c4be7a77d2428b5cd5353d1059cd2c,-85,,3,64,1.0,3
17:34:37,26.0,3,06f372a2fcd9d165ce579339147d521f21584892224d33cd8315f2231cd04a5b,-88,,3,64,7.0,3
17:34:38,,3,92513daee603ab126a667b29431ce26d329123a58bcf99f3080cbf371209acb5,-67,,3,64,,3
17:34:38,26.0,3,06f372a2fcd9d165ce579339147d521f21584892224d33cd8315f2231cd04a5b,-86,,3,64,7.0,3
17:34:39,,3,db5d180de1b09da9bdbe1b4154f855e1b48658a754658d6eeea82b644f3dd32c,-81,,3,64,,3
17:34:40,26.0,3,c9c4e91007dddadab7516dc4e8140fe856c4be7a77d2428b5cd5353d1059cd2c,-74,,3,64,1.0,3
17:34:41,26.0,3,ad0fccf8d1a743f5c43bf02d721527641d9d91adc3f6eca30409b19ca152294a,-90,,3,64,12.0,3
17:34:42,26.0,3,c9c4e91007dddadab7516dc4e8140fe856c4be7a77d2428b5cd5353d1059cd2c,-72,,3,64,1.0,3
17:34:42,26.0,3,ae179b41e61ae8034a93b677a6b56e026ccce05ba8a228fa6c50e0d9b558e50e,-70,,3,64,12.0,3
17:34:43,,3,db5d180de1b09da9bdbe1b4154f855e1b48658a754658d6eeea82b644f3dd32c,-75,,3,64,,3
17:34:44,26.0,3,ae179b41e61ae8034a93b677a6b56e026ccce05ba8a228fa6c50e0d9b558e50e,-70,,3,64,12.0,3
17:34:45,26.0,3,c9c4e91007dddadab7516dc4e8140fe856c4be7a77d2428b5cd5353d1059cd2c,-77,,3,64,1.0,3
17:34:46,,3,92513daee603ab126a667b29431ce26d329123a58bcf99f3080cbf371209acb5,-71,,3,64,,3
17:34:46,26.0,3,ae179b41e61ae8034a93b677a6b56e026ccce05ba8a228fa6c50e0d9b558e50e,-64,,3,64,12.0,3
17:34:47,26.0,3,c9c4e91007dddadab7516dc4e8140fe856c4be7a77d2428b5cd5353d1059cd2c,-80,,3,64,1.0,3
17:34:48,26.0,3,c9c4e91007dddadab7516dc4e8140fe856c4be7a77d2428b5cd5353d1059cd2c,-75,,3,64,1.0,3
17:34:49,26.0,3,ae179b41e61ae8034a93b677a6b56e026ccce05ba8a228fa6c50e0d9b558e50e,-70,,3,64,12.0,3
17:34:50,26.0,3,c9c4e91007dddadab7516dc4e8140fe856c4be7a77d2428b5cd5353d1059cd2c,-76,,3,64,1.0,3
17:34:50,,3,f9652e6c98e3c24018ebcf0749a141f22b5fb3cf37355ab7a89c095faddc7d0d,-85,,3,64,,3
17:34:51,26.0,3,ae179b41e61ae8034a93b677a6b56e026ccce05ba8a228fa6c50e0d9b558e50e,-70,,3,64,12.0,3
17:34:52,26.0,3,ae179b41e61ae8034a93b677a6b56e026ccce05ba8a228fa6c50e0d9b558e50e,-69,,3,64,12.0,3
17:34:53,,3,308a83a16dbeb472bf3b2861765b4f9df74567a3ba32a8ad54aec61d00059741,-91,,3,64,,3
17:34:54,,3,92513daee603ab126a667b29431ce26d329123a58bcf99f3080cbf371209acb5,-68,,3,64,,3
17:34:54,,3,f9652e6c98e3c24018ebcf0749a141f22b5fb3cf37355ab7a89c095faddc7d0d,-77,,3,64,,3
17:34:55,26.0,3,c9c4e91007dddadab7516dc4e8140fe856c4be7a77d2428b5cd5353d1059cd2c,-71,,3,64,1.0,3
17:34:56,26.0,3,ae179b41e61ae8034a93b677a6b56e026ccce05ba8a228fa6c50e0d9b558e50e,-77,,3,64,12.0,3
17:34:57,,3,308a83a16dbeb472bf3b2861765b4f9df74567a3ba32a8ad54aec61d00059741,-86,,3,64,,3
17:34:58,26.0,3,06f372a2fcd9d165ce579339147d521f21584892224d33cd8315f2231cd04a5b,-91,,3,64,7.0,3
17:34:58,26.0,3,ae179b41e61ae8034a93b677a6b56e026ccce05ba8a228fa6c50e0d9b558e50e,-60,,3,64,12.0,3
17:34:59,26.0,3,ae179b41e61ae8034a93b677a6b56e026ccce05ba8a228fa6c50e0d9b558e50e,-57,,3,64,12.0,3
17:35:00,26.0,3,ae179b41e61ae8034a93b677a6b56e026ccce05ba8a228fa6c50e0d9b558e50e,-80,,3,64,12.0,3
17:35:01,26.0,3,ae179b41e61ae8034a93b677a6b56e026ccce05ba8a228fa6c50e0d9b558e50e,-65,,3,64,12.0,3
17:35:02,26.0,3,ae179b41e61ae8034a93b677a6b56e026ccce05ba8a228fa6c50e0d9b558e50e,-71,,3,64,12.0,3
17:35:02,,3,f9652e6c98e3c24018ebcf0749a141f22b5fb3cf37355ab7a89c095faddc7d0d,-93,,3,64,,3
17:35:03,26.0,3,f51d27d2d141cfc6eb3ac82489ddfbc414baf71113132bb1192683745a01293c,-71,,3,64,12.0,3
17:35:04,26.0,3,c9c4e91007dddadab7516dc4e8140fe856c4be7a77d2428b5cd5353d1059cd2c,-83,,3,64,1.0,3
17:35:05,26.0,3,c9c4e91007dddadab7516dc4e8140fe856c4be7a77d2428b5cd5353d1059cd2c,-75,,3,64,1.0,3
17:35:06,26.0,3,c9c4e91007dddadab7516dc4e8140fe856c4be7a77d2428b5cd5353d1059cd2c,-87,,3,64,1.0,3
17:35:06,26.0,3,ad0fccf8d1a743f5c43bf02d721527641d9d91adc3f6eca30409b19ca152294a,-88,,3,64,12.0,3
17:35:07,26.0,3,f51d27d2d141cfc6eb3ac82489ddfbc414baf71113132bb1192683745a01293c,-72,,3,64,12.0,3
17:35:08,26.0,3,ae179b41e61ae8034a93b677a6b56e026ccce05ba8a228fa6c50e0d9b558e50e,-59,,3,64,12.0,3
17:35:09,26.0,3,f51d27d2d141cfc6eb3ac82489ddfbc414baf71113132bb1192683745a01293c,-71,,3,64,12.0,3
17:35:10,26.0,3,f51d27d2d141cfc6eb3ac82489ddfbc414baf71113132bb1192683745a01293c,-82,,3,64,12.0,3
17:35:10,26.0,3,c9c4e91007dddadab7516dc4e8140fe856c4be7a77d2428b5cd5353d1059cd2c,-88,,3,64,1.0,3
17:35:11,26.0,3,ae179b41e61ae8034a93b677a6b56e026ccce05ba8a228fa6c50e0d9b558e50e,-69,,3,64,12.0,3
17:35:12,26.0,3,c9c4e91007dddadab7516dc4e8140fe856c4be7a77d2428b5cd5353d1059cd2c,-75,,3,64,1.0,3
17:35:13,26.0,3,ae179b41e61ae8034a93b677a6b56e026ccce05ba8a228fa6c50e0d9b558e50e,-59,,3,64,12.0,3
17:35:14,26.0,3,c9c4e91007dddadab7516dc4e8140fe856c4be7a77d2428b5cd5353d1059cd2c,-84,,3,64,1.0,3
17:35:14,26.0,3,c9c4e91007dddadab7516dc4e8140fe856c4be7a77d2428b5cd5353d1059cd2c,-76,,3,64,1.0,3
17:35:15,26.0,3,ae179b41e61ae8034a93b677a6b56e026ccce05ba8a228fa6c50e0d9b558e50e,-71,,3,64,12.0,3
17:35:16,26.0,3,ae179b41e61ae8034a93b677a6b56e026ccce05ba8a228fa6c50e0d9b558e50e,-57,,3,64,12.0,3
17:35:17,,3,db5d180de1b09da9bdbe1b4154f855e1b48658a754658d6eeea82b644f3dd32c,-80,,3,64,,3
17:35:18,26.0,3,ae179b41e61ae8034a93b677a6b56e026ccce05ba8a228fa6c50e0d9b558e50e,-51,,3,64,12.0,3
17:35:18,26.0,3,c9c4e91007dddadab7516dc4e8140fe856c4be7a77d2428b5cd5353d1059cd2c,-75,,3,64,1.0,3
17:35:19,26.0,3,c9c4e91007dddadab7516dc4e8140fe856c4be7a77d2428b5cd5353d1059cd2c,-76,,3,64,1.0,3
17:35:20,26.0,3,ae179b41e61ae8034a93b677a6b56e026ccce05ba8a228fa6c50e0d9b558e50e,-51,,3,64,12.0,3
17:35:21,26.0,3,ae179b41e61ae8034a93b677a6b56e026ccce05ba8a228fa6c50e0d9b558e50e,-53,,3,64,12.0,3
17:35:21,26.0,3,ae179b41e61ae8034a93b677a6b56e026ccce05ba8a228fa6c50e0d9b558e50e,-56,,3,64,12.0,3
17:35:22,26.0,3,ae179b41e61ae8034a93b677a6b56e026ccce05ba8a228fa6c50e0d9b558e50e,-53,,3,64,12.0,3
17:35:23,26.0,3,ae179b41e61ae8034a93b677a6b56e026ccce05ba8a228fa6c50e0d9b558e50e,-60,,3,64,12.0,3
17:35:24,,3,92513daee603ab126a667b29431ce26d329123a58bcf99f3080cbf371209acb5,-61,,3,64,,3
17:35:25,26.0,3,ae179b41e61ae8034a93b677a6b56e026ccce05ba8a228fa6c50e0d9b558e50e,-56,,3,64,12.0,3
17:35:25,26.0,3,ae179b41e61ae8034a93b677a6b56e026ccce05ba8a228fa6c50e0d9b558e50e,-54,,3,64,12.0,3
17:35:26,26.0,3,c9c4e91007dddadab7516dc4e8140fe856c4be7a77d2428b5cd5353d1059cd2c,-90,,3,64,1.0,3
17:35:27,26.0,3,c9c4e91007dddadab7516dc4e8140fe856c4be7a77d2428b5cd5353d1059cd2c,-84,,3,64,1.0,3
17:35:28,,3,92513daee603ab126a667b29431ce26d329123a58bcf99f3080cbf371209acb5,-53,,3,64,,3
17:35:29,26.0,3,c9c4e91007dddadab7516dc4e8140fe856c4be7a77d2428b5cd5353d1059cd2c,-83,,3,64,1.0,3
17:35:29,26.0,3,c9c4e91007dddadab7516dc4e8140fe856c4be7a77d2428b5cd5353d1059cd2c,-76,,3,64,1.0,3
17:35:30,26.0,3,c9c4e91007dddadab7516dc4e8140fe856c4be7a77d2428b5cd5353d1059cd2c,-90,,3,64,1.0,3
17:35:31,26.0,3,ae179b41e61ae8034a93b677a6b56e026ccce05ba8a228fa6c50e0d9b558e50e,-53,,3,64,12.0,3
17:35:32,,3,92513daee603ab126a667b29431ce26d329123a58bcf99f3080cbf371209acb5,-53,,3,64,,3
17:35:33,26.0,3,c9c4e91007dddadab7516dc4e8140fe856c4be7a77d2428b5cd5353d1059cd2c,-81,,3,64,1.0,3
17:35:33,26.0,3,ae179b41e61ae8034a93b677a6b56e026ccce05ba8a228fa6c50e0d9b558e50e,-55,,3,64,12.0,3
17:35:34,26.0,3,ae179b41e61ae8034a93b677a6b56e026ccce05ba8a228fa6c50e0d9b558e50e,-49,,3,64,12.0,3
17:35:35,26.0,3,c9c4e91007dddadab7516dc4e8140fe856c4be7a77d2428b5cd5353d1059cd2c,-76,,3,64,1.0,3
17:35:36,,3,92513daee603ab126a667b29431ce26d329123a58bcf99f3080cbf371209acb5,-47,,3,64,,3
17:35:37,,3,f9652e6c98e3c24018ebcf0749a141f22b5fb3cf37355ab7a89c095faddc7d0d,-75,,3,64,,3
17:35:37,26.0,3,ae179b41e61ae8034a93b677a6b56e026ccce05ba8a228fa6c50e0d9b558e50e,-42,,3,64,12.0,3
17:35:38,26.0,3,c9c4e91007dddadab7516dc4e8140fe856c4be7a77d2428b5cd5353d1059cd2c,-79,,3,64,1.0,3
17:35:39,26.0,3,ae179b41e61ae8034a93b677a6b56e026ccce05ba8a228fa6c50e0d9b558e50e,-42,,3,64,12.0,3
17:35:40,,3,92513daee603ab126a667b29431ce26d329123a58bcf99f3080cbf371209acb5,-48,,3,64,,3
17:35:41,,3,f9652e6c98e3c24018ebcf0749a141f22b5fb3cf37355ab7a89c095faddc7d0d,-74,,3,64,,3
17:35:41,26.0,3,ae179b41e61ae8034a93b677a6b56e026ccce05ba8a228fa6c50e0d9b558e50e,-46,,3,64,12.0,3
17:35:42,26.0,3,c9c4e91007dddadab7516dc4e8140fe856c4be7a77d2428b5cd5353d1059cd2c,-74,,3,64,1.0,3
17:35:43,26.0,3,c9c4e91007dddadab7516dc4e8140fe856c4be7a77d2428b5cd5353d1059cd2c,-81,,3,64,1.0,3
17:35:44,,3,92513daee603ab126a667b29431ce26d329123a58bcf99f3080cbf371209acb5,-46,,3,64,,3
17:35:45,26.0,3,ae179b41e61ae8034a93b677a6b56e026ccce05ba8a228fa6c50e0d9b558e50e,-41,,3,64,12.0,3
17:35:45,26.0,3,ae179b41e61ae8034a93b677a6b56e026ccce05ba8a228fa6c50e0d9b558e50e,-49,,3,64,12.0,3
17:35:46,26.0,3,ae179b41e61ae8034a93b677a6b56e026ccce05ba8a228fa6c50e0d9b558e50e,-48,,3,64,12.0,3
17:35:47,26.0,3,ae179b41e61ae8034a93b677a6b56e026ccce05ba8a228fa6c50e0d9b558e50e,-51,,3,64,12.0,3
17:35:48,26.0,3,c9c4e91007dddadab7516dc4e8140fe856c4be7a77d2428b5cd5353d1059cd2c,-75,,3,64,1.0,3
17:35:49,,3,f9652e6c98e3c24018ebcf0749a141f22b5fb3cf37355ab7a89c095faddc7d0d,-73,,3,64,,3
17:35:49,26.0,3,c9c4e91007dddadab7516dc4e8140fe856c4be7a77d2428b5cd5353d1059cd2c,-72,,3,64,1.0,3
17:35:50,26.0,3,ae179b41e61ae8034a93b677a6b56e026ccce05ba8a228fa6c50e0d9b558e50e,-46,,3,64,12.0,3
17:35:51,26.0,3,c9c4e91007dddadab7516dc4e8140fe856c4be7a77d2428b5cd5353d1059cd2c,-73,,3,64,1.0,3
17:35:52,,3,92513daee603ab126a667b29431ce26d329123a58bcf99f3080cbf371209acb5,-47,,3,64,,3
17:35:53,,3,f9652e6c98e3c24018ebcf0749a141f22b5fb3cf37355ab7a89c095faddc7d0d,-76,,3,64,,3
17:35:53,26.0,3,c9c4e91007dddadab7516dc4e8140fe856c4be7a77d2428b5cd5353d1059cd2c,-73,,3,64,1.0,3
17:35:54,26.0,3,ae179b41e61ae8034a93b677a6b56e026ccce05ba8a228fa6c50e0d9b558e50e,-47,,3,64,12.0,3
17:35:55,26.0,3,ae179b41e61ae8034a93b677a6b56e026ccce05ba8a228fa6c50e0d9b558e50e,-48,,3,64,12.0,3
17:35:56,26.0,3,ae179b41e61ae8034a93b677a6b56e026ccce05ba8a228fa6c50e0d9b558e50e,-47,,3,64,12.0,3
17:35:57,26.0,3,ae179b41e61ae8034a93b677a6b56e026ccce05ba8a228fa6c50e0d9b558e50e,-48,,3,64,12.0,3
17:35:57,26.0,3,ae179b41e61ae8034a93b677a6b56e026ccce05ba8a228fa6c50e0d9b558e50e,-47,,3,64,12.0,3
17:35:58,26.0,3,ae179b41e61ae8034a93b677a6b56e026ccce05ba8a228fa6c50e0d9b558e50e,-48,,3,64,12.0,3
17:35:59,26.0,3,ad0fccf8d1a743f5c43bf02d721527641d9d91adc3f6eca30409b19ca152294a,-88,,3,64,12.0,3
17:36:00,26.0,3,ad0fccf8d1a743f5c43bf02d721527641d9d91adc3f6eca30409b19ca152294a,-87,,3,64,12.0,3
17:36:00,26.0,3,ae179b41e61ae8034a93b677a6b56e026ccce05ba8a228fa6c50e0d9b558e50e,-48,,3,64,12.0,3
17:36:01,26.0,3,ae179b41e61ae8034a93b677a6b56e026ccce05ba8a228fa6c50e0d9b558e50e,-52,,3,64,12.0,3
17:36:02,26.0,3,ae179b41e61ae8034a93b677a6b56e026ccce05ba8a228fa6c50e0d9b558e50e,-49,,3,64,12.0,3
17:36:03,26.0,3,c9c4e91007dddadab7516dc4e8140fe856c4be7a77d2428b5cd5353d1059cd2c,-75,,3,64,1.0,3
17:36:04,26.0,3,c9c4e91007dddadab7516dc4e8140fe856c4be7a77d2428b5cd5353d1059cd2c,-70,,3,64,1.0,3
17:36:04,,3,f9652e6c98e3c24018ebcf0749a141f22b5fb3cf37355ab7a89c095faddc7d0d,-75,,3,64,,3
17:36:05,26.0,3,c9c4e91007dddadab7516dc4e8140fe856c4be7a77d2428b5cd5353d1059cd2c,-70,,3,64,1.0,3
17:36:06,26.0,3,ae179b41e61ae8034a93b677a6b56e026ccce05ba8a228fa6c50e0d9b558e50e,-48,,3,64,12.0,3
17:36:07,26.0,3,ae179b41e61ae8034a93b677a6b56e026ccce05ba8a228fa6c50e0d9b558e50e,-49,,3,64,12.0,3
17:36:08,26.0,3,ae179b41e61ae8034a93b677a6b56e026ccce05ba8a228fa6c50e0d9b558e50e,-48,,3,64,12.0,3
17:36:08,,3,f9652e6c98e3c24018ebcf0749a141f22b5fb3cf37355ab7a89c095faddc7d0d,-82,,3,64,,3
17:36:09,26.0,3,c9c4e91007dddadab7516dc4e8140fe856c4be7a77d2428b5cd5353d1059cd2c,-76,,3,64,1.0,3
17:36:10,26.0,3,ae179b41e61ae8034a93b677a6b56e026ccce05ba8a228fa6c50e0d9b558e50e,-51,,3,64,12.0,3
17:36:11,26.0,3,ae179b41e61ae8034a93b677a6b56e026ccce05ba8a228fa6c50e0d9b558e50e,-48,,3,64,12.0,3
17:36:12,26.0,3,c9c4e91007dddadab7516dc4e8140fe856c4be7a77d2428b5cd5353d1059cd2c,-79,,3,64,1.0,3
17:36:12,26.0,3,ae179b41e61ae8034a93b677a6b56e026ccce05ba8a228fa6c50e0d9b558e50e,-48,,3,64,12.0,3
17:36:13,26.0,3,ae179b41e61ae8034a93b677a6b56e026ccce05ba8a228fa6c50e0d9b558e50e,-40,,3,64,12.0,3
17:36:14,26.0,3,ae179b41e61ae8034a93b677a6b56e026ccce05ba8a228fa6c50e0d9b558e50e,-50,,3,64,12.0,3
17:36:15,26.0,3,c9c4e91007dddadab7516dc4e8140fe856c4be7a77d2428b5cd5353d1059cd2c,-82,,3,64,1.0,3
17:36:16,26.0,3,ae179b41e61ae8034a93b677a6b56e026ccce05ba8a228fa6c50e0d9b558e50e,-50,,3,64,12.0,3
17:36:16,26.0,3,ae179b41e61ae8034a93b677a6b56e026ccce05ba8a228fa6c50e0d9b558e50e,-47,,3,64,12.0,3
17:36:17,,3,92513daee603ab126a667b29431ce26d329123a58bcf99f3080cbf371209acb5,-42,,3,64,,3
17:36:18,26.0,3,ae179b41e61ae8034a93b677a6b56e026ccce05ba8a228fa6c50e0d9b558e50e,-48,,3,64,12.0,3
17:36:19,26.0,3,ae179b41e61ae8034a93b677a6b56e026ccce05ba8a228fa6c50e0d9b558e50e,-55,,3,64,12.0,3
17:36:20,26.0,3,ae179b41e61ae8034a93b677a6b56e026ccce05ba8a228fa6c50e0d9b558e50e,-48,,3,64,12.0,3
17:36:20,26.0,3,ae179b41e61ae8034a93b677a6b56e026ccce05ba8a228fa6c50e0d9b558e50e,-48,,3,64,12.0,3
17:36:21,26.0,3,c9c4e91007dddadab7516dc4e8140fe856c4be7a77d2428b5cd5353d1059cd2c,-81,,3,64,1.0,3
17:36:22,26.0,3,ae179b41e61ae8034a93b677a6b56e026ccce05ba8a228fa6c50e0d9b558e50e,-49,,3,64,12.0,3
17:36:23,,3,db5d180de1b09da9bdbe1b4154f855e1b48658a754658d6eeea82b644f3dd32c,-78,,3,64,,3
17:36:24,26.0,3,c9c4e91007dddadab7516dc4e8140fe856c4be7a77d2428b5cd5353d1059cd2c,-72,,3,64,1.0,3
17:36:24,26.0,3,ae179b41e61ae8034a93b677a6b56e026ccce05ba8a228fa6c50e0d9b558e50e,-57,,3,64,12.0,3
17:36:25,26.0,3,c9c4e91007dddadab7516dc4e8140fe856c4be7a77d2428b5cd5353d1059cd2c,-73,,3,64,1.0,3
17:36:26,26.0,3,ae179b41e61ae8034a93b677a6b56e026ccce05ba8a228fa6c50e0d9b558e50e,-54,,3,64,12.0,3
17:36:27,,3,db5d180de1b09da9bdbe1b4154f855e1b48658a754658d6eeea82b644f3dd32c,-80,,3,64,,3
17:36:28,26.0,3,c9c4e91007dddadab7516dc4e8140fe856c4be7a77d2428b5cd5353d1059cd2c,-76,,3,64,1.0,3
17:36:28,26.0,3,ae179b41e61ae8034a93b677a6b56e026ccce05ba8a228fa6c50e0d9b558e50e,-48,,3,64,12.0,3
17:36:29,26.0,3,c9c4e91007dddadab7516dc4e8140fe856c4be7a77d2428b5cd5353d1059cd2c,-76,,3,64,1.0,3
17:36:30,26.0,3,ae179b41e61ae8034a93b677a6b56e026ccce05ba8a228fa6c50e0d9b558e50e,-48,,3,64,12.0,3
17:36:31,26.0,3,ae179b41e61ae8034a93b677a6b56e026ccce05ba8a228fa6c50e0d9b558e50e,-47,,3,64,12.0,3
17:36:32,26.0,3,ae179b41e61ae8034a93b677a6b56e026ccce05ba8a228fa6c50e0d9b558e50e,-52,,3,64,12.0,3
17:36:32,26.0,3,ae179b41e61ae8034a93b677a6b56e026ccce05ba8a228fa6c50e0d9b558e50e,-48,,3,64,12.0,3
17:36:33,26.0,3,c9c4e91007dddadab7516dc4e8140fe856c4be7a77d2428b5cd5353d1059cd2c,-79,,3,64,1.0,3
17:36:34,26.0,3,c9c4e91007dddadab7516dc4e8140fe856c4be7a77d2428b5cd5353d1059cd2c,-72,,3,64,1.0,3
17:36:35,,3,308a83a16dbeb472bf3b2861765b4f9df74567a3ba32a8ad54aec61d00059741,-94,,3,64,,3
17:36:36,26.0,3,c9c4e91007dddadab7516dc4e8140fe856c4be7a77d2428b5cd5353d1059cd2c,-73,,3,64,1.0,3
17:36:36,26.0,3,c9c4e91007dddadab7516dc4e8140fe856c4be7a77d2428b5cd5353d1059cd2c,-78,,3,64,1.0,3
17:36:37,,3,044bfc7fe71932338da92e192b547dd838d157a92a1bcee275a95cb59ef9d119,-91,,3,64,,3
17:36:38,26.0,3,ae179b41e61ae8034a93b677a6b56e026ccce05ba8a228fa6c50e0d9b558e50e,-47,,3,64,12.0,3
17:36:39,26.0,3,c9c4e91007dddadab7516dc4e8140fe856c4be7a77d2428b5cd5353d1059cd2c,-72,,3,64,1.0,3
17:36:40,26.0,3,c9c4e91007dddadab7516dc4e8140fe856c4be7a77d2428b5cd5353d1059cd2c,-76,,3,64,1.0,3
17:36:40,26.0,3,ad0fccf8d1a743f5c43bf02d721527641d9d91adc3f6eca30409b19ca152294a,-86,,3,64,12.0,3
17:36:41,26.0,3,c9c4e91007dddadab7516dc4e8140fe856c4be7a77d2428b5cd5353d1059cd2c,-80,,3,64,1.0,3
17:36:42,26.0,3,ad0fccf8d1a743f5c43bf02d721527641d9d91adc3f6eca30409b19ca152294a,-89,,3,64,12.0,3
17:36:43,,3,f9652e6c98e3c24018ebcf0749a141f22b5fb3cf37355ab7a89c095faddc7d0d,-79,,3,64,,3
17:36:43,26.0,3,ae179b41e61ae8034a93b677a6b56e026ccce05ba8a228fa6c50e0d9b558e50e,-49,,3,64,12.0,3
17:36:44,26.0,3,ae179b41e61ae8034a93b677a6b56e026ccce05ba8a228fa6c50e0d9b558e50e,-51,,3,64,12.0,3
17:36:45,26.0,3,c9c4e91007dddadab7516dc4e8140fe856c4be7a77d2428b5cd5353d1059cd2c,-91,,3,64,1.0,3
17:36:46,26.0,3,ae179b41e61ae8034a93b677a6b56e026ccce05ba8a228fa6c50e0d9b558e50e,-58,,3,64,12.0,3
17:36:47,,3,f9652e6c98e3c24018ebcf0749a141f22b5fb3cf37355ab7a89c095faddc7d0d,-83,,3,64,,3
17:36:48,26.0,3,f63aa0c6aadd410bb185ee2a77dcdc7d613cb58c5a07dd50cfdafa8fb25856d9,-93,,3,64,12.0,3
17:36:48,26.0,3,ae179b41e61ae8034a93b677a6b56e026ccce05ba8a228fa6c50e0d9b558e50e,-71,,3,64,12.0,3
17:36:49,26.0,3,ae179b41e61ae8034a93b677a6b56e026ccce05ba8a228fa6c50e0d9b558e50e,-51,,3,64,12.0,3
17:36:50,26.0,3,ae179b41e61ae8034a93b677a6b56e026ccce05ba8a228fa6c50e0d9b558e50e,-55,,3,64,12.0,3
17:36:51,26.0,3,c9c4e91007dddadab7516dc4e8140fe856c4be7a77d2428b5cd5353d1059cd2c,-75,,3,64,1.0,3
17:36:51,26.0,3,ae179b41e61ae8034a93b677a6b56e026ccce05ba8a228fa6c50e0d9b558e50e,-82,,3,64,12.0,3
17:36:52,26.0,3,c9c4e91007dddadab7516dc4e8140fe856c4be7a77d2428b5cd5353d1059cd2c,-64,,3,64,1.0,3
17:36:53,26.0,3,c9c4e91007dddadab7516dc4e8140fe856c4be7a77d2428b5cd5353d1059cd2c,-79,,3,64,1.0,3
17:36:54,26.0,3,f63aa0c6aadd410bb185ee2a77dcdc7d613cb58c5a07dd50cfdafa8fb25856d9,-89,,3,64,12.0,3
17:36:55,26.0,3,ae179b41e61ae8034a93b677a6b56e026ccce05ba8a228fa6c50e0d9b558e50e,-63,,3,64,12.0,3
17:36:56,26.0,3,ae179b41e61ae8034a93b677a6b56e026ccce05ba8a228fa6c50e0d9b558e50e,-71,,3,64,12.0,3
17:36:56,26.0,3,ae179b41e61ae8034a93b677a6b56e026ccce05ba8a228fa6c50e0d9b558e50e,-63,,3,64,12.0,3
17:36:57,,3,044bfc7fe71932338da92e192b547dd838d157a92a1bcee275a95cb59ef9d119,-91,,3,64,,3
17:36:58,26.0,3,ae179b41e61ae8034a93b677a6b56e026ccce05ba8a228fa6c50e0d9b558e50e,-62,,3,64,12.0,3
17:36:59,26.0,3,c9c4e91007dddadab7516dc4e8140fe856c4be7a77d2428b5cd5353d1059cd2c,-65,,3,64,1.0,3
17:37:00,,3,308a83a16dbeb472bf3b2861765b4f9df74567a3ba32a8ad54aec61d00059741,-84,,3,64,,3
17:37:00,26.0,3,c9c4e91007dddadab7516dc4e8140fe856c4be7a77d2428b5cd5353d1059cd2c,-70,,3,64,1.0,3
17:37:01,26.0,3,f63aa0c6aadd410bb185ee2a77dcdc7d613cb58c5a07dd50cfdafa8fb25856d9,-85,,3,64,12.0,3
17:37:02,26.0,3,f63aa0c6aadd410bb185ee2a77dcdc7d613cb58c5a07dd50cfdafa8fb25856d9,-86,,3,64,12.0,3
17:37:03,,3,f9652e6c98e3c24018ebcf0749a141f22b5fb3cf37355ab7a89c095faddc7d0d,-82,,3,64,,3
17:37:04,26.0,3,ae179b41e61ae8034a93b677a6b56e026ccce05ba8a228fa6c50e0d9b558e50e,-67,,3,64,12.0,3
17:37:04,26.0,3,ae179b41e61ae8034a93b677a6b56e026ccce05ba8a228fa6c50e0d9b558e50e,-67,,3,64,12.0,3
17:37:05,26.0,3,6f2cfcd58e3d2ffbf31814ea48ecfd201fb69bab963466aae36b4875344d9f63,-87,,3,64,12.0,3
17:37:06,26.0,3,6f2cfcd58e3d2ffbf31814ea48ecfd201fb69bab963466aae36b4875344d9f63,-90,,3,64,12.0,3
17:37:07,26.0,3,ae179b41e61ae8034a93b677a6b56e026ccce05ba8a228fa6c50e0d9b558e50e,-73,,3,64,12.0,3
17:37:08,,3,308a83a16dbeb472bf3b2861765b4f9df74567a3ba32a8ad54aec61d00059741,-92,,3,64,,3
17:37:08,26.0,3,ae179b41e61ae8034a93b677a6b56e026ccce05ba8a228fa6c50e0d9b558e50e,-67,,3,64,12.0,3
17:37:09,26.0,3,ae179b41e61ae8034a93b677a6b56e026ccce05ba8a228fa6c50e0d9b558e50e,-69,,3,64,12.0,3
17:37:10,26.0,3,ae179b41e61ae8034a93b677a6b56e026ccce05ba8a228fa6c50e0d9b558e50e,-83,,3,64,12.0,3
17:37:11,,3,f9652e6c98e3c24018ebcf0749a141f22b5fb3cf37355ab7a89c095faddc7d0d,-73,,3,64,,3
17:37:12,26.0,3,c9c4e91007dddadab7516dc4e8140fe856c4be7a77d2428b5cd5353d1059cd2c,-79,,3,64,1.0,3
17:37:12,26.0,3,ae179b41e61ae8034a93b677a6b56e026ccce05ba8a228fa6c50e0d9b558e50e,-68,,3,64,12.0,3
17:37:13,26.0,3,ae179b41e61ae8034a93b677a6b56e026ccce05ba8a228fa6c50e0d9b558e50e,-64,,3,64,12.0,3
17:37:14,26.0,3,f63aa0c6aadd410bb185ee2a77dcdc7d613cb58c5a07dd50cfdafa8fb25856d9,-88,,3,64,12.0,3
17:37:15,26.0,3,ae179b41e61ae8034a93b677a6b56e026ccce05ba8a228fa6c50e0d9b558e50e,-67,,3,64,12.0,3
17:37:15,26.0,3,c9c4e91007dddadab7516dc4e8140fe856c4be7a77d2428b5cd5353d1059cd2c,-71,,3,64,1.0,3
17:37:16,26.0,3,c9c4e91007dddadab7516dc4e8140fe856c4be7a77d2428b5cd5353d1059cd2c,-78,,3,64,1.0,3
17:37:17,26.0,3,c9c4e91007dddadab7516dc4e8140fe856c4be7a77d2428b5cd5353d1059cd2c,-74,,3,64,1.0,3
17:37:18,26.0,3,ae179b41e61ae8034a93b677a6b56e026ccce05ba8a228fa6c50e0d9b558e50e,-77,,3,64,12.0,3
17:37:19,26.0,3,c9c4e91007dddadab7516dc4e8140fe856c4be7a77d2428b5cd5353d1059cd2c,-69,,3,64,1.0,3
17:37:19,26.0,3,c9c4e91007dddadab7516dc4e8140fe856c4be7a77d2428b5cd5353d1059cd2c,-65,,3,64,1.0,3
17:37:20,26.0,3,06f372a2fcd9d165ce579339147d521f21584892224d33cd8315f2231cd04a5b,-91,,3,64,7.0,3
17:37:21,26.0,3,ae179b41e61ae8034a93b677a6b56e026ccce05ba8a228fa6c50e0d9b558e50e,-67,,3,64,12.0,3
17:37:22,26.0,3,c9c4e91007dddadab7516dc4e8140fe856c4be7a77d2428b5cd5353d1059cd2c,-72,,3,64,1.0,3
17:37:23,26.0,3,f63aa0c6aadd410bb185ee2a77dcdc7d613cb58c5a07dd50cfdafa8fb25856d9,-92,,3,64,12.0,3
17:37:23,26.0,3,ae179b41e61ae8034a93b677a6b56e026ccce05ba8a228fa6c50e0d9b558e50e,-67,,3,64,12.0,3
17:37:24,26.0,3,06f372a2fcd9d165ce579339147d521f21584892224d33cd8315f2231cd04a5b,-80,,3,64,7.0,3
17:37:25,26.0,3,f63aa0c6aadd410bb185ee2a77dcdc7d613cb58c5a07dd50cfdafa8fb25856d9,-85,,3,64,12.0,3
17:37:26,,3,92513daee603ab126a667b29431ce26d329123a58bcf99f3080cbf371209acb5,-72,,3,64,,3
17:37:27,26.0,3,ae179b41e61ae8034a93b677a6b56e026ccce05ba8a228fa6c50e0d9b558e50e,-65,,3,64,12.0,3
17:37:27,26.0,3,19a7c73dce3e441278d2cb4d83f75cd1c54b9b76e546b6608d55319aad5b59a0,-76,,3,64,,3
17:37:28,26.0,3,c9c4e91007dddadab7516dc4e8140fe856c4be7a77d2428b5cd5353d1059cd2c,-78,,3,64,1.0,3
17:37:29,26.0,3,6198486081f67621bd8f90b60df9ac4f5d12d1fa2b8e18f5f73a1d837e427132,-86,,3,64,8.0,3
17:37:30,,3,92513daee603ab126a667b29431ce26d329123a58bcf99f3080cbf371209acb5,-67,,3,64,,3
17:37:30,26.0,3,ae179b41e61ae8034a93b677a6b56e026ccce05ba8a228fa6c50e0d9b558e50e,-69,,3,64,12.0,3
17:37:31,26.0,3,ae179b41e61ae8034a93b677a6b56e026ccce05ba8a228fa6c50e0d9b558e50e,-81,,3,64,12.0,3
17:37:32,26.0,3,f45593e38fa6ac0f94fa2f0eab799e48e5291ec5c1ca673a6cb0ef1473b6dbe1,-85,,3,64,12.0,3
17:37:33,26.0,3,ae179b41e61ae8034a93b677a6b56e026ccce05ba8a228fa6c50e0d9b558e50e,-70,,3,64,12.0,3
17:37:34,26.0,3,19a7c73dce3e441278d2cb4d83f75cd1c54b9b76e546b6608d55319aad5b59a0,-83,,3,64,,3
17:37:34,26.0,3,a652546ad919ba75abf075ae525b89674344ef2c927fd02a1bf6a38e1e6c6cca,-89,,3,64,4.0,3
17:37:35,26.0,3,c9c4e91007dddadab7516dc4e8140fe856c4be7a77d2428b5cd5353d1059cd2c,-86,,3,64,1.0,3
17:37:36,26.0,3,ae179b41e61ae8034a93b677a6b56e026ccce05ba8a228fa6c50e0d9b558e50e,-80,,3,64,12.0,3
17:37:37,,3,db5d180de1b09da9bdbe1b4154f855e1b48658a754658d6eeea82b644f3dd32c,-69,,3,64,,3
17:37:38,26.0,3,38dbbce20499486a078fc784567715767d9a3779e768441948be73810821c15f,-76,,3,64,8.0,3
17:37:38,26.0,3,38dbbce20499486a078fc784567715767d9a3779e768441948be73810821c15f,-76,,3,64,8.0,3
17:37:39,,3,66c0d5e9179dcd68aa57a1808cf856dc447c97d8f1d146b2af9c46348591b46f,-84,,3,64,,3
17:37:40,26.0,3,ae179b41e61ae8034a93b677a6b56e026ccce05ba8a228fa6c50e0d9b558e50e,-77,,3,64,12.0,3
17:37:41,,3,db5d180de1b09da9bdbe1b4154f855e1b48658a754658d6eeea82b644f3dd32c,-86,,3,64,,3
17:37:42,26.0,3,f45593e38fa6ac0f94fa2f0eab799e48e5291ec5c1ca673a6cb0ef1473b6dbe1,-93,,3,64,12.0,3
17:37:42,26.0,3,ae179b41e61ae8034a93b677a6b56e026ccce05ba8a228fa6c50e0d9b558e50e,-79,,3,64,12.0,3
17:37:43,26.0,3,ba9d835bff50f80a00e92e3ecac2f202d38b528b5a3ea40c4c56d7fe2154f9e9,-87,,3,64,,3
17:37:44,26.0,3,ba9d835bff50f80a00e92e3ecac2f202d38b528b5a3ea40c4c56d7fe2154f9e9,-91,,3,64,,3
17:37:45,,3,db5d180de1b09da9bdbe1b4154f855e1b48658a754658d6eeea82b644f3dd32c,-86,,3,64,,3
17:37:46,,3,cbb0590b83b4c858077ef04196be67bdc523d11b10cda0fb2818b083858aae4a,-92,,3,64,,3
17:37:46,26.0,3,ae179b41e61ae8034a93b677a6b56e026ccce05ba8a228fa6c50e0d9b558e50e,-61,,3,64,12.0,3
17:37:47,,3,92513daee603ab126a667b29431ce26d329123a58bcf99f3080cbf371209acb5,-75,,3,64,,3
17:37:48,,3,db5d180de1b09da9bdbe1b4154f855e1b48658a754658d6eeea82b644f3dd32c,-83,,3,64,,3
17:37:49,26.0,3,ae179b41e61ae8034a93b677a6b56e026ccce05ba8a228fa6c50e0d9b558e50e,-83,,3,64,12.0,3
17:37:49,,3,92513daee603ab126a667b29431ce26d329123a58bcf99f3080cbf371209acb5,-76,,3,64,,3
17:37:50,,3,61cf79e5803f0313b3c1b44ec8829d7732a25b7e6b1cdbde32e22c1f973a20e8,-90,,3,64,,3
17:37:51,,3,92513daee603ab126a667b29431ce26d329123a58bcf99f3080cbf371209acb5,-76,,3,64,,3
17:37:52,26.0,3,ae179b41e61ae8034a93b677a6b56e026ccce05ba8a228fa6c50e0d9b558e50e,-76,,3,64,12.0,3
17:37:53,,3,db5d180de1b09da9bdbe1b4154f855e1b48658a754658d6eeea82b644f3dd32c,-88,,3,64,,3
17:37:53,,3,92513daee603ab126a667b29431ce26d329123a58bcf99f3080cbf371209acb5,-79,,3,64,,3
17:37:54,26.0,3,ae179b41e61ae8034a93b677a6b56e026ccce05ba8a228fa6c50e0d9b558e50e,-80,,3,64,12.0,3
17:37:55,26.0,3,ae179b41e61ae8034a93b677a6b56e026ccce05ba8a228fa6c50e0d9b558e50e,-82,,3,64,12.0,3
17:37:56,,3,cbb0590b83b4c858077ef04196be67bdc523d11b10cda0fb2818b083858aae4a,-82,,3,64,,3
17:37:57,26.0,3,24c2de58df0b0e7967a5de4a045e6579170e1afba4811f77f303892031f5c70b,-82,,3,64,8.0,3
17:37:57,26.0,3,ae179b41e61ae8034a93b677a6b56e026ccce05ba8a228fa6c50e0d9b558e50e,-82,,3,64,12.0,3
17:37:58,26.0,3,24c2de58df0b0e7967a5de4a045e6579170e1afba4811f77f303892031f5c70b,-85,,3,64,8.0,3
17:37:59,26.0,3,24c2de58df0b0e7967a5de4a045e6579170e1afba4811f77f303892031f5c70b,-86,,3,64,8.0,3
17:38:00,,3,92513daee603ab126a667b29431ce26d329123a58bcf99f3080cbf371209acb5,-77,,3,64,,3
17:38:01,26.0,3,24c2de58df0b0e7967a5de4a045e6579170e1afba4811f77f303892031f5c70b,-91,,3,64,8.0,3
17:38:01,26.0,3,24c2de58df0b0e7967a5de4a045e6579170e1afba4811f77f303892031f5c70b,-84,,3,64,8.0,3
17:38:02,26.0,3,24c2de58df0b0e7967a5de4a045e6579170e1afba4811f77f303892031f5c70b,-82,,3,64,8.0,3
17:38:03,26.0,3,ae179b41e61ae8034a93b677a6b56e026ccce05ba8a228fa6c50e0d9b558e50e,-83,,3,64,12.0,3
17:38:04,,3,92513daee603ab126a667b29431ce26d329123a58bcf99f3080cbf371209acb5,-85,,3,64,,3
17:38:04,26.0,3,ae179b41e61ae8034a93b677a6b56e026ccce05ba8a228fa6c50e0d9b558e50e,-77,,3,64,12.0,3
17:38:05,26.0,3,98e8b17d8658ab7924b7472e3529b605aaecccbf51853e2d14ae2bd5001f40c1,-86,,3,64,7.0,3
17:38:06,26.0,3,ae179b41e61ae8034a93b677a6b56e026ccce05ba8a228fa6c50e0d9b558e50e,-84,,3,64,12.0,3
17:38:07,,3,92513daee603ab126a667b29431ce26d329123a58bcf99f3080cbf371209acb5,-76,,3,64,,3
17:38:08,26.0,3,ae179b41e61ae8034a93b677a6b56e026ccce05ba8a228fa6c50e0d9b558e50e,-74,,3,64,12.0,3
17:38:08,26.0,3,ae179b41e61ae8034a93b677a6b56e026ccce05ba8a228fa6c50e0d9b558e50e,-84,,3,64,12.0,3
17:38:09,26.0,3,f63aa0c6aadd410bb185ee2a77dcdc7d613cb58c5a07dd50cfdafa8fb25856d9,-85,,3,64,12.0,3
17:38:10,,3,3f783cecbab8280dbac5c19ddc304f3c4daab44068ae90fb867c17f0fc84d7bc,-87,,3,64,,3
17:38:11,26.0,3,496dbe5f7206088bb7eb42e5c3e9e87b05497be455f5a34ec44dc07630eac1ec,-94,,3,64,7.0,3
17:38:12,26.0,3,98e8b17d8658ab7924b7472e3529b605aaecccbf51853e2d14ae2bd5001f40c1,-77,,3,64,7.0,3
17:38:12,26.0,3,c9c4e91007dddadab7516dc4e8140fe856c4be7a77d2428b5cd5353d1059cd2c,-80,,3,64,1.0,3
17:38:13,26.0,3,98e8b17d8658ab7924b7472e3529b605aaecccbf51853e2d14ae2bd5001f40c1,-88,,3,64,7.0,3
17:38:14,26.0,3,ae179b41e61ae8034a93b677a6b56e026ccce05ba8a228fa6c50e0d9b558e50e,-56,,3,64,12.0,3
17:38:15,26.0,3,98e8b17d8658ab7924b7472e3529b605aaecccbf51853e2d14ae2bd5001f40c1,-82,,3,64,7.0,3
17:38:16,,3,6a4a63c06c2c5cbb7a58c666bb11184cfb4e926359f211d85151f82a696f6991,-90,,3,64,,3
17:38:16,26.0,3,0f748201afa57c6a8890e73cb0dba46641aef916ea37fd6eb6991015f7acc2a2,-83,,3,64,12.0,3
17:38:17,26.0,3,696a1010f0fb536f183026385a1f2c4d53715cda7e900fa52d31a3ffef953045,-76,,3,64,7.0,3
17:38:18,26.0,3,77c05303d96f6b7649f55ec59e5b75711addb8c05caab7460a6a957895caf969,-83,,3,64,8.0,3
17:38:19,26.0,3,696a1010f0fb536f183026385a1f2c4d53715cda7e900fa52d31a3ffef953045,-78,,3,64,7.0,3
17:38:20,,3,6a4a63c06c2c5cbb7a58c666bb11184cfb4e926359f211d85151f82a696f6991,-89,,3,64,,3
17:38:20,26.0,3,efc9193276aca571acd888f80f4ea0f1c4a4786ae38b4e4bf72e8b7879d28946,-92,,3,64,12.0,3
17:38:21,26.0,3,b0d0c71858b49f9242a4f835b4783b3f788e8fba6c160f9c6f1eb3b38ce2cf6e,-92,,3,64,12.0,3
17:38:22,26.0,3,98e8b17d8658ab7924b7472e3529b605aaecccbf51853e2d14ae2bd5001f40c1,-83,,3,64,7.0,3
17:38:23,26.0,3,b4b0ed662f696fd8ec44f463897f97faec9dc55327d1c9b802c3ee6bc26a9f3a,-90,,3,64,12.0,3
17:38:23,,3,92513daee603ab126a667b29431ce26d329123a58bcf99f3080cbf371209acb5,-57,,3,64,,3
17:38:24,26.0,3,98e8b17d8658ab7924b7472e3529b605aaecccbf51853e2d14ae2bd5001f40c1,-78,,3,64,7.0,3
17:38:25,,3,6a4a63c06c2c5cbb7a58c666bb11184cfb4e926359f211d85151f82a696f6991,-82,,3,64,,3
17:38:26,26.0,3,efc9193276aca571acd888f80f4ea0f1c4a4786ae38b4e4bf72e8b7879d28946,-83,,3,64,12.0,3
17:38:27,26.0,3,efc9193276aca571acd888f80f4ea0f1c4a4786ae38b4e4bf72e8b7879d28946,-77,,3,64,12.0,3
17:38:27,26.0,3,496dbe5f7206088bb7eb42e5c3e9e87b05497be455f5a34ec44dc07630eac1ec,-95,,3,64,7.0,3
17:38:28,26.0,3,b4b0ed662f696fd8ec44f463897f97faec9dc55327d1c9b802c3ee6bc26a9f3a,-81,,3,64,12.0,3
17:38:29,26.0,3,b0d0c71858b49f9242a4f835b4783b3f788e8fba6c160f9c6f1eb3b38ce2cf6e,-87,,3,64,12.0,3
17:38:30,26.0,3,98e8b17d8658ab7924b7472e3529b605aaecccbf51853e2d14ae2bd5001f40c1,-71,,3,64,7.0,3
17:38:31,26.0,3,696a1010f0fb536f183026385a1f2c4d53715cda7e900fa52d31a3ffef953045,-78,,3,64,7.0,3
17:38:31,26.0,3,98e8b17d8658ab7924b7472e3529b605aaecccbf51853e2d14ae2bd5001f40c1,-76,,3,64,7.0,3
17:38:32,26.0,3,b0d0c71858b49f9242a4f835b4783b3f788e8fba6c160f9c6f1eb3b38ce2cf6e,-86,,3,64,12.0,3
17:38:33,26.0,3,496dbe5f7206088bb7eb42e5c3e9e87b05497be455f5a34ec44dc07630eac1ec,-86,,3,64,7.0,3
17:38:34,,3,6a4a63c06c2c5cbb7a58c666bb11184cfb4e926359f211d85151f82a696f6991,-90,,3,64,,3
17:38:35,26.0,3,496dbe5f7206088bb7eb42e5c3e9e87b05497be455f5a34ec44dc07630eac1ec,-94,,3,64,7.0,3
17:38:35,26.0,3,efc9193276aca571acd888f80f4ea0f1c4a4786ae38b4e4bf72e8b7879d28946,-87,,3,64,12.0,3
17:38:36,,3,6a4a63c06c2c5cbb7a58c666bb11184cfb4e926359f211d85151f82a696f6991,-81,,3,64,,3
17:38:37,26.0,3,77c05303d96f6b7649f55ec59e5b75711addb8c05caab7460a6a957895caf969,-88,,3,64,8.0,3
17:38:38,,3,92513daee603ab126a667b29431ce26d329123a58bcf99f3080cbf371209acb5,-74,,3,64,,3
17:38:38,,3,ba0f0605699e7bb69ef1fb3643533d186fbd71a7ca4d396478885811d6923c3c,-89,,3,64,,3
17:38:39,26.0,3,b0d0c71858b49f9242a4f835b4783b3f788e8fba6c160f9c6f1eb3b38ce2cf6e,-91,,3,64,12.0,3
17:38:40,26.0,3,b0d0c71858b49f9242a4f835b4783b3f788e8fba6c160f9c6f1eb3b38ce2cf6e,-88,,3,64,12.0,3
17:38:41,,3,db5d180de1b09da9bdbe1b4154f855e1b48658a754658d6eeea82b644f3dd32c,-75,,3,64,,3
17:38:42,26.0,3,fff9e0e690a18e4ed587196d906bfaa574b2bc995ebc9494a557285d31683825,-84,,3,64,7.0,3
17:38:42,26.0,3,b4b0ed662f696fd8ec44f463897f97faec9dc55327d1c9b802c3ee6bc26a9f3a,-90,,3,64,12.0,3
17:38:43,26.0,3,ae179b41e61ae8034a93b677a6b56e026ccce05ba8a228fa6c50e0d9b558e50e,-78,,3,64,12.0,3
17:38:44,26.0,3,696a1010f0fb536f183026385a1f2c4d53715cda7e900fa52d31a3ffef953045,-92,,3,64,7.0,3
17:38:45,,3,db5d180de1b09da9bdbe1b4154f855e1b48658a754658d6eeea82b644f3dd32c,-86,,3,64,,3
17:38:46,26.0,3,b4b0ed662f696fd8ec44f463897f97faec9dc55327d1c9b802c3ee6bc26a9f3a,-91,,3,64,12.0,3
17:38:46,26.0,3,ae179b41e61ae8034a93b677a6b56e026ccce05ba8a228fa6c50e0d9b558e50e,-70,,3,64,12.0,3
17:38:47,26.0,3,6f2cfcd58e3d2ffbf31814ea48ecfd201fb69bab963466aae36b4875344d9f63,-87,,3,64,12.0,3
17:38:48,26.0,3,ae179b41e61ae8034a93b677a6b56e026ccce05ba8a228fa6c50e0d9b558e50e,-69,,3,64,12.0,3
17:38:49,26.0,3,b4b0ed662f696fd8ec44f463897f97faec9dc55327d1c9b802c3ee6bc26a9f3a,-86,,3,64,12.0,3
17:38:50,26.0,3,98e8b17d8658ab7924b7472e3529b605aaecccbf51853e2d14ae2bd5001f40c1,-87,,3,64,7.0,3
17:38:50,26.0,3,ae179b41e61ae8034a93b677a6b56e026ccce05ba8a228fa6c50e0d9b558e50e,-69,,3,64,12.0,3
17:38:51,26.0,3,fff9e0e690a18e4ed587196d906bfaa574b2bc995ebc9494a557285d31683825,-86,,3,64,7.0,3
17:38:52,26.0,3,ae179b41e61ae8034a93b677a6b56e026ccce05ba8a228fa6c50e0d9b558e50e,-77,,3,64,12.0,3
17:38:53,26.0,3,25181dc3283d3e256e9660a41dd155b4939f05aac05ce561284aaf7ba9766e63,-92,,3,64,12.0,3
17:38:54,26.0,3,98e8b17d8658ab7924b7472e3529b605aaecccbf51853e2d14ae2bd5001f40c1,-75,,3,64,7.0,3
17:38:54,26.0,3,ae179b41e61ae8034a93b677a6b56e026ccce05ba8a228fa6c50e0d9b558e50e,-79,,3,64,12.0,3
17:38:55,26.0,3,ae179b41e61ae8034a93b677a6b56e026ccce05ba8a228fa6c50e0d9b558e50e,-86,,3,64,12.0,3
17:38:56,26.0,3,77c05303d96f6b7649f55ec59e5b75711addb8c05caab7460a6a957895caf969,-87,,3,64,8.0,3
17:38:56,26.0,3,b4870ebb13688214a90a828c62c8feaa433d72e4551b69561894f6de2f20657c,-84,,3,64,,3
17:38:57,26.0,3,c0598995956271ba07f91d5a6d622bc2f6767a5a82f9958f42b510f784e2f77c,-88,,3,64,6.0,3
17:38:58,26.0,3,98e8b17d8658ab7924b7472e3529b605aaecccbf51853e2d14ae2bd5001f40c1,-77,,3,64,7.0,3
17:38:59,26.0,3,98e8b17d8658ab7924b7472e3529b605aaecccbf51853e2d14ae2bd5001f40c1,-80,,3,64,7.0,3
17:39:00,,3,6a4a63c06c2c5cbb7a58c666bb11184cfb4e926359f211d85151f82a696f6991,-81,,3,64,,3
17:39:01,26.0,3,25181dc3283d3e256e9660a41dd155b4939f05aac05ce561284aaf7ba9766e63,-84,,3,64,12.0,3
17:39:01,26.0,3,25181dc3283d3e256e9660a41dd155b4939f05aac05ce561284aaf7ba9766e63,-86,,3,64,12.0,3
17:39:02,,3,db5d180de1b09da9bdbe1b4154f855e1b48658a754658d6eeea82b644f3dd32c,-89,,3,64,,3
17:39:03,26.0,3,ae179b41e61ae8034a93b677a6b56e026ccce05ba8a228fa6c50e0d9b558e50e,-73,,3,64,12.0,3
17:39:04,26.0,3,c0598995956271ba07f91d5a6d622bc2f6767a5a82f9958f42b510f784e2f77c,-85,,3,64,6.0,3
17:39:04,26.0,3,25181dc3283d3e256e9660a41dd155b4939f05aac05ce561284aaf7ba9766e63,-72,,3,64,12.0,3
17:39:05,26.0,3,25181dc3283d3e256e9660a41dd155b4939f05aac05ce561284aaf7ba9766e63,-77,,3,64,12.0,3
17:39:06,26.0,3,496dbe5f7206088bb7eb42e5c3e9e87b05497be455f5a34ec44dc07630eac1ec,-83,,3,64,7.0,3
17:39:07,1.0,3,f7d5221547d04588e9454af95f5b20db977802331ea8c63ead113fcc1ec57c47,-84,BB31,3,64,,3
17:39:08,26.0,3,25181dc3283d3e256e9660a41dd155b4939f05aac05ce561284aaf7ba9766e63,-84,,3,64,12.0,3
17:39:09,1.0,3,f7d5221547d04588e9454af95f5b20db977802331ea8c63ead113fcc1ec57c47,-85,BB31,3,64,,3
17:39:09,26.0,3,c0598995956271ba07f91d5a6d622bc2f6767a5a82f9958f42b510f784e2f77c,-69,,3,64,6.0,3
17:39:10,1.0,3,f7d5221547d04588e9454af95f5b20db977802331ea8c63ead113fcc1ec57c47,-90,BB31,3,64,,3
17:39:11,26.0,3,9df597044350126aba05245c554708dd1e44480b09c990a966f1ccb42edb6829,-81,,3,64,7.0,3
17:39:12,26.0,3,c0598995956271ba07f91d5a6d622bc2f6767a5a82f9958f42b510f784e2f77c,-71,,3,64,6.0,3
17:39:13,2.0,3,8cfc2a60e4d64391b6d1fb96872130bda682f97b68e3328113798947e54d8c7b,-89,,3,64,,3
17:39:13,26.0,3,ae179b41e61ae8034a93b677a6b56e026ccce05ba8a228fa6c50e0d9b558e50e,-49,,3,64,12.0,3
17:39:14,,3,1d10c2e6a51a2f528e5d6b6e52debdf2cf19dc33e44e1d0f37016555d4f99ff4,-94,,3,64,,3
17:39:15,26.0,3,ae179b41e61ae8034a93b677a6b56e026ccce05ba8a228fa6c50e0d9b558e50e,-49,,3,64,12.0,3
17:39:16,26.0,3,d5751a958c5cb57a932539acabb7998486873befe391d365a153e075e594789a,-90,,3,64,8.0,3
17:39:17,26.0,3,25181dc3283d3e256e9660a41dd155b4939f05aac05ce561284aaf7ba9766e63,-76,,3,64,12.0,3
17:39:17,26.0,3,25181dc3283d3e256e9660a41dd155b4939f05aac05ce561284aaf7ba9766e63,-75,,3,64,12.0,3
17:39:18,26.0,3,25181dc3283d3e256e9660a41dd155b4939f05aac05ce561284aaf7ba9766e63,-76,,3,64,12.0,3
17:39:19,26.0,3,9df597044350126aba05245c554708dd1e44480b09c990a966f1ccb42edb6829,-85,,3,64,7.0,3
17:39:20,26.0,3,98e8b17d8658ab7924b7472e3529b605aaecccbf51853e2d14ae2bd5001f40c1,-83,,3,64,7.0,3
17:39:21,26.0,3,9df597044350126aba05245c554708dd1e44480b09c990a966f1ccb42edb6829,-77,,3,64,7.0,3
17:39:21,26.0,3,f28e1afd47c8baf4e8e997292f64de8859dac54cdeef429dcb142c6327192e18,-93,,3,64,8.0,3
17:39:22,26.0,3,825f7cdc2ac099abcdd9f6ed0ef783c6c1bb1afa7f4e21d98dd0a1a984512cb8,-89,,3,64,8.0,3
17:39:23,26.0,3,fff9e0e690a18e4ed587196d906bfaa574b2bc995ebc9494a557285d31683825,-90,,3,64,7.0,3
17:39:24,26.0,3,c0598995956271ba07f91d5a6d622bc2f6767a5a82f9958f42b510f784e2f77c,-73,,3,64,6.0,3
17:39:25,,3,3242a80ab8651c22fb35db2a787dc079e23efa421333e6104cbba55cf9a5b0ad,-84,,3,64,,3
17:39:25,2.0,3,98ea914c0c7f27bf33b463201fdd3754aebf8d32fc50d67819a46094e2224006,-92,,3,64,,3
17:39:26,26.0,3,25181dc3283d3e256e9660a41dd155b4939f05aac05ce561284aaf7ba9766e63,-78,,3,64,12.0,3
17:39:27,26.0,3,9df597044350126aba05245c554708dd1e44480b09c990a966f1ccb42edb6829,-68,,3,64,7.0,3
17:39:28,26.0,3,ae179b41e61ae8034a93b677a6b56e026ccce05ba8a228fa6c50e0d9b558e50e,-46,,3,64,12.0,3
17:39:29,26.0,3,25181dc3283d3e256e9660a41dd155b4939f05aac05ce561284aaf7ba9766e63,-80,,3,64,12.0,3
17:39:29,26.0,3,c0598995956271ba07f91d5a6d622bc2f6767a5a82f9958f42b510f784e2f77c,-81,,3,64,6.0,3
17:39:30,26.0,3,98e8b17d8658ab7924b7472e3529b605aaecccbf51853e2d14ae2bd5001f40c1,-77,,3,64,7.0,3
17:39:31,2.0,3,98ea914c0c7f27bf33b463201fdd3754aebf8d32fc50d67819a46094e2224006,-84,,3,64,,3
17:39:32,26.0,3,98e8b17d8658ab7924b7472e3529b605aaecccbf51853e2d14ae2bd5001f40c1,-74,,3,64,7.0,3
17:39:33,26.0,3,c0598995956271ba07f91d5a6d622bc2f6767a5a82f9958f42b510f784e2f77c,-78,,3,64,6.0,3
17:39:33,,3,730e556401fc5e38650e6c13334f2962a9adaf9fe80bcfb21d1d8a0fafeb2a62,-82,,3,64,,3
17:39:34,26.0,3,98e8b17d8658ab7924b7472e3529b605aaecccbf51853e2d14ae2bd5001f40c1,-85,,3,64,7.0,3
17:39:35,,3,92513daee603ab126a667b29431ce26d329123a58bcf99f3080cbf371209acb5,-52,,3,64,,3
17:39:36,,3,ea211cebf29e9f790ce7b2b76c75273cd9730d67e390a5f6d14b85105d84c4cb,-68,,3,64,,3
17:39:37,26.0,3,ae179b41e61ae8034a93b677a6b56e026ccce05ba8a228fa6c50e0d9b558e50e,-49,,3,64,12.0,3
17:39:37,26.0,3,c0598995956271ba07f91d5a6d622bc2f6767a5a82f9958f42b510f784e2f77c,-74,,3,64,6.0,3
17:39:38,2.0,3,98ea914c0c7f27bf33b463201fdd3754aebf8d32fc50d67819a46094e2224006,-83,,3,64,,3
17:39:39,2.0,3,8cfc2a60e4d64391b6d1fb96872130bda682f97b68e3328113798947e54d8c7b,-89,,3,64,,3
17:39:40,,3,ea211cebf29e9f790ce7b2b76c75273cd9730d67e390a5f6d14b85105d84c4cb,-71,,3,64,,3
17:39:40,2.0,3,98ea914c0c7f27bf33b463201fdd3754aebf8d32fc50d67819a46094e2224006,-87,,3,64,,3
17:39:41,2.0,3,8cfc2a60e4d64391b6d1fb96872130bda682f97b68e3328113798947e54d8c7b,-86,,3,64,,3
17:39:42,26.0,3,25181dc3283d3e256e9660a41dd155b4939f05aac05ce561284aaf7ba9766e63,-77,,3,64,12.0,3
17:39:43,26.0,3,98e8b17d8658ab7924b7472e3529b605aaecccbf51853e2d14ae2bd5001f40c1,-83,,3,64,7.0,3
17:39:44,26.0,3,25181dc3283d3e256e9660a41dd155b4939f05aac05ce561284aaf7ba9766e63,-79,,3,64,12.0,3
17:39:44,26.0,3,c0598995956271ba07f91d5a6d622bc2f6767a5a82f9958f42b510f784e2f77c,-77,,3,64,6.0,3
17:39:45,,3,730e556401fc5e38650e6c13334f2962a9adaf9fe80bcfb21d1d8a0fafeb2a62,-85,,3,64,,3
17:39:46,26.0,3,c0598995956271ba07f91d5a6d622bc2f6767a5a82f9958f42b510f784e2f77c,-75,,3,64,6.0,3
17:39:47,26.0,3,ae179b41e61ae8034a93b677a6b56e026ccce05ba8a228fa6c50e0d9b558e50e,-51,,3,64,12.0,3
17:39:48,26.0,3,25181dc3283d3e256e9660a41dd155b4939f05aac05ce561284aaf7ba9766e63,-81,,3,64,12.0,3
17:39:48,2.0,3,8cfc2a60e4d64391b6d1fb96872130bda682f97b68e3328113798947e54d8c7b,-90,,3,64,,3
17:39:49,26.0,3,ae179b41e61ae8034a93b677a6b56e026ccce05ba8a228fa6c50e0d9b558e50e,-50,,3,64,12.0,3
17:39:50,,3,6a4a63c06c2c5cbb7a58c666bb11184cfb4e926359f211d85151f82a696f6991,-85,,3,64,,3
17:39:51,26.0,3,c0598995956271ba07f91d5a6d622bc2f6767a5a82f9958f42b510f784e2f77c,-71,,3,64,6.0,3
17:39:52,26.0,3,c0598995956271ba07f91d5a6d622bc2f6767a5a82f9958f42b510f784e2f77c,-70,,3,64,6.0,3
17:39:52,26.0,3,98e8b17d8658ab7924b7472e3529b605aaecccbf51853e2d14ae2bd5001f40c1,-81,,3,64,7.0,3
17:39:53,26.0,3,25181dc3283d3e256e9660a41dd155b4939f05aac05ce561284aaf7ba9766e63,-74,,3,64,12.0,3
17:39:54,,3,6a4a63c06c2c5cbb7a58c666bb11184cfb4e926359f211d85151f82a696f6991,-93,,3,64,,3
17:39:55,26.0,3,98e8b17d8658ab7924b7472e3529b605aaecccbf51853e2d14ae2bd5001f40c1,-80,,3,64,7.0,3
17:39:56,26.0,3,25181dc3283d3e256e9660a41dd155b4939f05aac05ce561284aaf7ba9766e63,-76,,3,64,12.0,3
17:39:56,2.0,3,8cfc2a60e4d64391b6d1fb96872130bda682f97b68e3328113798947e54d8c7b,-84,,3,64,,3
17:39:57,26.0,3,25181dc3283d3e256e9660a41dd155b4939f05aac05ce561284aaf7ba9766e63,-79,,3,64,12.0,3
17:39:58,26.0,3,ae179b41e61ae8034a93b677a6b56e026ccce05ba8a228fa6c50e0d9b558e50e,-52,,3,64,12.0,3
17:39:59,2.0,3,98ea914c0c7f27bf33b463201fdd3754aebf8d32fc50d67819a46094e2224006,-78,,3,64,,3
17:40:00,26.0,3,ae179b41e61ae8034a93b677a6b56e026ccce05ba8a228fa6c50e0d9b558e50e,-53,,3,64,12.0,3
17:40:00,26.0,3,25181dc3283d3e256e9660a41dd155b4939f05aac05ce561284aaf7ba9766e63,-77,,3,64,12.0,3
17:40:01,26.0,3,ae179b41e61ae8034a93b677a6b56e026ccce05ba8a228fa6c50e0d9b558e50e,-50,,3,64,12.0,3
17:40:02,26.0,3,c0598995956271ba07f91d5a6d622bc2f6767a5a82f9958f42b510f784e2f77c,-70,,3,64,6.0,3
17:40:03,,3,3f524e802a82d0c11b424f78c37797ce4b4c58df79ed7292a1830744064f82fa,-74,,3,64,,3
17:40:04,26.0,3,ae179b41e61ae8034a93b677a6b56e026ccce05ba8a228fa6c50e0d9b558e50e,-51,,3,64,12.0,3
17:40:04,26.0,3,25181dc3283d3e256e9660a41dd155b4939f05aac05ce561284aaf7ba9766e63,-75,,3,64,12.0,3
17:40:05,26.0,3,c0598995956271ba07f91d5a6d622bc2f6767a5a82f9958f42b510f784e2f77c,-76,,3,64,6.0,3
17:40:06,26.0,3,25181dc3283d3e256e9660a41dd155b4939f05aac05ce561284aaf7ba9766e63,-77,,3,64,12.0,3
17:40:07,26.0,3,c0598995956271ba07f91d5a6d622bc2f6767a5a82f9958f42b510f784e2f77c,-69,,3,64,6.0,3
17:40:08,26.0,3,c0598995956271ba07f91d5a6d622bc2f6767a5a82f9958f42b510f784e2f77c,-75,,3,64,6.0,3
17:40:08,26.0,3,25181dc3283d3e256e9660a41dd155b4939f05aac05ce561284aaf7ba9766e63,-86,,3,64,12.0,3
17:40:09,2.0,3,8cfc2a60e4d64391b6d1fb96872130bda682f97b68e3328113798947e54d8c7b,-91,,3,64,,3
17:40:10,26.0,3,ae179b41e61ae8034a93b677a6b56e026ccce05ba8a228fa6c50e0d9b558e50e,-49,,3,64,12.0,3
17:40:11,26.0,3,9df597044350126aba05245c554708dd1e44480b09c990a966f1ccb42edb6829,-76,,3,64,7.0,3
17:40:12,26.0,3,25181dc3283d3e256e9660a41dd155b4939f05aac05ce561284aaf7ba9766e63,-77,,3,64,12.0,3
17:40:12,26.0,3,ae179b41e61ae8034a93b677a6b56e026ccce05ba8a228fa6c50e0d9b558e50e,-52,,3,64,12.0,3
17:40:13,26.0,3,9df597044350126aba05245c554708dd1e44480b09c990a966f1ccb42edb6829,-77,,3,64,7.0,3
17:40:14,26.0,3,98e8b17d8658ab7924b7472e3529b605aaecccbf51853e2d14ae2bd5001f40c1,-89,,3,64,7.0,3
17:40:15,26.0,3,c0598995956271ba07f91d5a6d622bc2f6767a5a82f9958f42b510f784e2f77c,-73,,3,64,6.0,3
17:40:16,2.0,3,98ea914c0c7f27bf33b463201fdd3754aebf8d32fc50d67819a46094e2224006,-80,,3,64,,3
17:40:16,26.0,3,25181dc3283d3e256e9660a41dd155b4939f05aac05ce561284aaf7ba9766e63,-83,,3,64,12.0,3
17:40:17,,3,77d0b1a41ccdc57345d01cef1432dbb88f7c342b74289978497934646d019417,-94,,3,64,,3
17:40:18,26.0,3,25181dc3283d3e256e9660a41dd155b4939f05aac05ce561284aaf7ba9766e63,-79,,3,64,12.0,3
17:40:19,26.0,3,9df597044350126aba05245c554708dd1e44480b09c990a966f1ccb42edb6829,-87,,3,64,7.0,3
17:40:20,2.0,3,98ea914c0c7f27bf33b463201fdd3754aebf8d32fc50d67819a46094e2224006,-84,,3,64,,3
17:40:20,26.0,3,c0598995956271ba07f91d5a6d622bc2f6767a5a82f9958f42b510f784e2f77c,-70,,3,64,6.0,3
17:40:21,26.0,3,ae179b41e61ae8034a93b677a6b56e026ccce05ba8a228fa6c50e0d9b558e50e,-36,,3,64,12.0,3
17:40:22,26.0,3,ae179b41e61ae8034a93b677a6b56e026ccce05ba8a228fa6c50e0d9b558e50e,-48,,3,64,12.0,3
17:40:23,26.0,3,25181dc3283d3e256e9660a41dd155b4939f05aac05ce561284aaf7ba9766e63,-73,,3,64,12.0,3
17:40:23,2.0,3,98ea914c0c7f27bf33b463201fdd3754aebf8d32fc50d67819a46094e2224006,-94,,3,64,,3
17:40:24,26.0,3,25181dc3283d3e256e9660a41dd155b4939f05aac05ce561284aaf7ba9766e63,-85,,3,64,12.0,3
17:40:25,2.0,3,8cfc2a60e4d64391b6d1fb96872130bda682f97b68e3328113798947e54d8c7b,-88,,3,64,,3
17:40:26,26.0,3,25181dc3283d3e256e9660a41dd155b4939f05aac05ce561284aaf7ba9766e63,-78,,3,64,12.0,3
17:40:27,,3,3f524e802a82d0c11b424f78c37797ce4b4c58df79ed7292a1830744064f82fa,-80,,3,64,,3
17:40:27,26.0,3,25181dc3283d3e256e9660a41dd155b4939f05aac05ce561284aaf7ba9766e63,-81,,3,64,12.0,3
17:40:28,26.0,3,25181dc3283d3e256e9660a41dd155b4939f05aac05ce561284aaf7ba9766e63,-80,,3,64,12.0,3
17:40:29,26.0,3,25181dc3283d3e256e9660a41dd155b4939f05aac05ce561284aaf7ba9766e63,-76,,3,64,12.0,3
17:40:30,26.0,3,ae179b41e61ae8034a93b677a6b56e026ccce05ba8a228fa6c50e0d9b558e50e,-70,,3,64,12.0,3
17:40:31,,3,3f524e802a82d0c11b424f78c37797ce4b4c58df79ed7292a1830744064f82fa,-72,,3,64,,3
17:40:31,26.0,3,98e8b17d8658ab7924b7472e3529b605aaecccbf51853e2d14ae2bd5001f40c1,-74,,3,64,7.0,3
17:40:32,26.0,3,98e8b17d8658ab7924b7472e3529b605aaecccbf51853e2d14ae2bd5001f40c1,-93,,3,64,7.0,3
17:40:33,2.0,3,8cfc2a60e4d64391b6d1fb96872130bda682f97b68e3328113798947e54d8c7b,-85,,3,64,,3
17:40:34,,3,92513daee603ab126a667b29431ce26d329123a58bcf99f3080cbf371209acb5,-80,,3,64,,3
17:40:35,26.0,3,77c05303d96f6b7649f55ec59e5b75711addb8c05caab7460a6a957895caf969,-82,,3,64,8.0,3
17:40:35,26.0,3,ae179b41e61ae8034a93b677a6b56e026ccce05ba8a228fa6c50e0d9b558e50e,-80,,3,64,12.0,3
17:40:36,,3,559292a7145e591460c924ca5d024c614728ab7c0a94f207487f7c99df4e96ae,-94,,3,64,,3
17:40:37,26.0,3,ae179b41e61ae8034a93b677a6b56e026ccce05ba8a228fa6c50e0d9b558e50e,-74,,3,64,12.0,3
17:40:38,,3,92513daee603ab126a667b29431ce26d329123a58bcf99f3080cbf371209acb5,-76,,3,64,,3
17:40:39,26.0,3,ae179b41e61ae8034a93b677a6b56e026ccce05ba8a228fa6c50e0d9b558e50e,-76,,3,64,12.0,3
17:40:39,26.0,3,ae179b41e61ae8034a93b677a6b56e026ccce05ba8a228fa6c50e0d9b558e50e,-72,,3,64,12.0,3
17:40:40,,3,559292a7145e591460c924ca5d024c614728ab7c0a94f207487f7c99df4e96ae,-91,,3,64,,3
17:40:41,26.0,3,cf125944913b2674b3ee822868edda7b34d6bd042fb0143e14cfc6609516159e,-89,,3,64,7.0,3
17:40:42,,3,ea211cebf29e9f790ce7b2b76c75273cd9730d67e390a5f6d14b85105d84c4cb,-92,,3,64,,3
17:40:42,26.0,3,ae179b41e61ae8034a93b677a6b56e026ccce05ba8a228fa6c50e0d9b558e50e,-70,,3,64,12.0,3
17:40:43,26.0,3,c0598995956271ba07f91d5a6d622bc2f6767a5a82f9958f42b510f784e2f77c,-72,,3,64,6.0,3
17:40:44,26.0,3,54d9d853c4a018d26e53abade9d97afde4a6cc6dbc811331c3f48df417faa321,-84,,3,64,8.0,3
17:40:45,,3,92513daee603ab126a667b29431ce26d329123a58bcf99f3080cbf371209acb5,-67,,3,64,,3
17:40:46,26.0,3,c0598995956271ba07f91d5a6d622bc2f6767a5a82f9958f42b510f784e2f77c,-85,,3,64,6.0,3
17:40:47,26.0,3,ae179b41e61ae8034a93b677a6b56e026ccce05ba8a228fa6c50e0d9b558e50e,-79,,3,64,12.0,3
17:40:47,26.0,3,c0598995956271ba07f91d5a6d622bc2f6767a5a82f9958f42b510f784e2f77c,-83,,3,64,6.0,3
17:40:48,26.0,3,ae179b41e61ae8034a93b677a6b56e026ccce05ba8a228fa6c50e0d9b558e50e,-70,,3,64,12.0,3
17:40:49,26.0,3,ae179b41e61ae8034a93b677a6b56e026ccce05ba8a228fa6c50e0d9b558e50e,-71,,3,64,12.0,3
17:40:50,26.0,3,c0598995956271ba07f91d5a6d622bc2f6767a5a82f9958f42b510f784e2f77c,-71,,3,64,6.0,3
17:40:51,26.0,3,c0598995956271ba07f91d5a6d622bc2f6767a5a82f9958f42b510f784e2f77c,-83,,3,64,6.0,3
17:40:51,26.0,3,ae179b41e61ae8034a93b677a6b56e026ccce05ba8a228fa6c50e0d9b558e50e,-71,,3,64,12.0,3
17:40:52,26.0,3,54d9d853c4a018d26e53abade9d97afde4a6cc6dbc811331c3f48df417faa321,-78,,3,64,8.0,3
17:40:53,,3,50f469dd10932f057625a6f7357d98e4c2e5a21a7c4c899fe807f53ab197832f,-72,,3,64,,3
17:40:54,,3,50f469dd10932f057625a6f7357d98e4c2e5a21a7c4c899fe807f53ab197832f,-75,,3,64,,3
17:40:55,26.0,3,ae179b41e61ae8034a93b677a6b56e026ccce05ba8a228fa6c50e0d9b558e50e,-78,,3,64,12.0,3
17:40:55,,3,50f469dd10932f057625a6f7357d98e4c2e5a21a7c4c899fe807f53ab197832f,-83,,3,64,,3
17:40:56,,3,50f469dd10932f057625a6f7357d98e4c2e5a21a7c4c899fe807f53ab197832f,-74,,3,64,,3
17:40:57,,3,50f469dd10932f057625a6f7357d98e4c2e5a21a7c4c899fe807f53ab197832f,-85,,3,64,,3
17:40:58,,3,50f469dd10932f057625a6f7357d98e4c2e5a21a7c4c899fe807f53ab197832f,-76,,3,64,,3
17:40:59,,3,50f469dd10932f057625a6f7357d98e4c2e5a21a7c4c899fe807f53ab197832f,-92,,3,64,,3
17:40:59,26.0,3,c0598995956271ba07f91d5a6d622bc2f6767a5a82f9958f42b510f784e2f77c,-82,,3,64,6.0,3
17:41:00,,3,50f469dd10932f057625a6f7357d98e4c2e5a21a7c4c899fe807f53ab197832f,-90,,3,64,,3
17:41:01,,3,50f469dd10932f057625a6f7357d98e4c2e5a21a7c4c899fe807f53ab197832f,-85,,3,64,,3
17:41:02,,3,50f469dd10932f057625a6f7357d98e4c2e5a21a7c4c899fe807f53ab197832f,-83,,3,64,,3
17:41:02,,3,50f469dd10932f057625a6f7357d98e4c2e5a21a7c4c899fe807f53ab197832f,-86,,3,64,,3
17:41:03,26.0,3,63a8c4b3cc9f80a8b4a4d716ab5ed1e15d4e12b3c2c6d4385bfb00e8a1e7be82,-74,,3,64,12.0,3
17:41:04,,3,50f469dd10932f057625a6f7357d98e4c2e5a21a7c4c899fe807f53ab197832f,-76,,3,64,,3
17:41:05,,3,50f469dd10932f057625a6f7357d98e4c2e5a21a7c4c899fe807f53ab197832f,-78,,3,64,,3
17:41:06,,3,50f469dd10932f057625a6f7357d98e4c2e5a21a7c4c899fe807f53ab197832f,-83,,3,64,,3
17:41:06,,3,50f469dd10932f057625a6f7357d98e4c2e5a21a7c4c899fe807f53ab197832f,-82,,3,64,,3
17:41:07,,3,50f469dd10932f057625a6f7357d98e4c2e5a21a7c4c899fe807f53ab197832f,-88,,3,64,,3
17:41:08,,3,50f469dd10932f057625a6f7357d98e4c2e5a21a7c4c899fe807f53ab197832f,-78,,3,64,,3
17:41:09,,3,50f469dd10932f057625a6f7357d98e4c2e5a21a7c4c899fe807f53ab197832f,-80,,3,64,,3
17:41:10,,3,50f469dd10932f057625a6f7357d98e4c2e5a21a7c4c899fe807f53ab197832f,-81,,3,64,,3
17:41:10,,3,50f469dd10932f057625a6f7357d98e4c2e5a21a7c4c899fe807f53ab197832f,-88,,3,64,,3
17:41:11,,3,6a4a63c06c2c5cbb7a58c666bb11184cfb4e926359f211d85151f82a696f6991,-97,,3,64,,3
17:41:12,,3,50f469dd10932f057625a6f7357d98e4c2e5a21a7c4c899fe807f53ab197832f,-79,,3,64,,3
17:41:13,26.0,3,9df597044350126aba05245c554708dd1e44480b09c990a966f1ccb42edb6829,-94,,3,64,7.0,3
17:41:14,,3,50f469dd10932f057625a6f7357d98e4c2e5a21a7c4c899fe807f53ab197832f,-87,,3,64,,3
17:41:14,,3,50f469dd10932f057625a6f7357d98e4c2e5a21a7c4c899fe807f53ab197832f,-88,,3,64,,3
17:41:15,26.0,3,54d9d853c4a018d26e53abade9d97afde4a6cc6dbc811331c3f48df417faa321,-74,,3,64,8.0,3
17:41:16,,3,50f469dd10932f057625a6f7357d98e4c2e5a21a7c4c899fe807f53ab197832f,-85,,3,64,,3
17:41:17,26.0,3,0c25ff431133cc23c12f60797b5e9da7ed7709f397f8d37c77c517f7006d7ec6,-78,,3,64,6.0,3
17:41:18,,3,50f469dd10932f057625a6f7357d98e4c2e5a21a7c4c899fe807f53ab197832f,-80,,3,64,,3
17:41:18,,3,50f469dd10932f057625a6f7357d98e4c2e5a21a7c4c899fe807f53ab197832f,-85,,3,64,,3
17:41:19,,3,92513daee603ab126a667b29431ce26d329123a58bcf99f3080cbf371209acb5,-76,,3,64,,3
17:41:20,,3,50f469dd10932f057625a6f7357d98e4c2e5a21a7c4c899fe807f53ab197832f,-87,,3,64,,3
17:41:21,,3,50f469dd10932f057625a6f7357d98e4c2e5a21a7c4c899fe807f53ab197832f,-79,,3,64,,3
17:41:22,,3,50f469dd10932f057625a6f7357d98e4c2e5a21a7c4c899fe807f53ab197832f,-82,,3,64,,3
17:41:22,,3,50f469dd10932f057625a6f7357d98e4c2e5a21a7c4c899fe807f53ab197832f,-84,,3,64,,3
17:41:23,26.0,3,54d9d853c4a018d26e53abade9d97afde4a6cc6dbc811331c3f48df417faa321,-85,,3,64,8.0,3
17:41:24,26.0,3,54d9d853c4a018d26e53abade9d97afde4a6cc6dbc811331c3f48df417faa321,-82,,3,64,8.0,3
17:41:25,,3,50f469dd10932f057625a6f7357d98e4c2e5a21a7c4c899fe807f53ab197832f,-84,,3,64,,3
17:41:26,26.0,3,655a74d70aa88b3beb2104d264e9b87f42bbbafbe7aa866456711531183ba178,-85,,3,64,8.0,3
17:41:26,,3,4c2076bfbf7abdccd2a03e4d041a469bec1b9d7ce8f95eec7e1ca1883aa4de52,-81,,3,64,,3
17:41:27,,3,50f469dd10932f057625a6f7357d98e4c2e5a21a7c4c899fe807f53ab197832f,-90,,3,64,,3
17:41:28,,3,50f469dd10932f057625a6f7357d98e4c2e5a21a7c4c899fe807f53ab197832f,-83,,3,64,,3
17:41:29,,3,50f469dd10932f057625a6f7357d98e4c2e5a21a7c4c899fe807f53ab197832f,-84,,3,64,,3
17:41:30,,3,50f469dd10932f057625a6f7357d98e4c2e5a21a7c4c899fe807f53ab197832f,-79,,3,64,,3
17:41:30,,3,50f469dd10932f057625a6f7357d98e4c2e5a21a7c4c899fe807f53ab197832f,-86,,3,64,,3
17:41:31,26.0,3,655a74d70aa88b3beb2104d264e9b87f42bbbafbe7aa866456711531183ba178,-80,,3,64,8.0,3
17:41:32,,3,50f469dd10932f057625a6f7357d98e4c2e5a21a7c4c899fe807f53ab197832f,-90,,3,64,,3
17:41:33,,3,50f469dd10932f057625a6f7357d98e4c2e5a21a7c4c899fe807f53ab197832f,-80,,3,64,,3
17:41:34,,3,50f469dd10932f057625a6f7357d98e4c2e5a21a7c4c899fe807f53ab197832f,-89,,3,64,,3
17:41:34,,3,50f469dd10932f057625a6f7357d98e4c2e5a21a7c4c899fe807f53ab197832f,-91,,3,64,,3
17:41:35,,3,50f469dd10932f057625a6f7357d98e4c2e5a21a7c4c899fe807f53ab197832f,-93,,3,64,,3
17:41:36,,3,50f469dd10932f057625a6f7357d98e4c2e5a21a7c4c899fe807f53ab197832f,-90,,3,64,,3
17:41:37,,3,50f469dd10932f057625a6f7357d98e4c2e5a21a7c4c899fe807f53ab197832f,-91,,3,64,,3
17:41:38,,3,50f469dd10932f057625a6f7357d98e4c2e5a21a7c4c899fe807f53ab197832f,-93,,3,64,,3
17:41:38,,3,50f469dd10932f057625a6f7357d98e4c2e5a21a7c4c899fe807f53ab197832f,-92,,3,64,,3
17:41:39,,3,50f469dd10932f057625a6f7357d98e4c2e5a21a7c4c899fe807f53ab197832f,-93,,3,64,,3
17:41:40,26.0,3,0c25ff431133cc23c12f60797b5e9da7ed7709f397f8d37c77c517f7006d7ec6,-85,,3,64,6.0,3
17:41:41,,3,99f6ea868bd95d5eba0e44de1aa1fdd640dbcb20752aaa9aded9a8a1b12823a0,-93,,3,64,,3
17:41:42,,3,50f469dd10932f057625a6f7357d98e4c2e5a21a7c4c899fe807f53ab197832f,-91,,3,64,,3
17:41:42,,3,50f469dd10932f057625a6f7357d98e4c2e5a21a7c4c899fe807f53ab197832f,-91,,3,64,,3
17:41:43,,3,92513daee603ab126a667b29431ce26d329123a58bcf99f3080cbf371209acb5,-84,,3,64,,3
17:41:44,26.0,3,7fc01ad1875c5d7d068b0ea552420166b79976e38ca9677edb659a6cd2e8f9cb,-81,,3,64,12.0,3
17:41:45,,3,50f469dd10932f057625a6f7357d98e4c2e5a21a7c4c899fe807f53ab197832f,-91,,3,64,,3
17:41:46,,3,5279c7a1ad3fd8c1635cd91d7d86e3d9b297f7511fbb4cb848ad13553b4c99ee,-82,,3,64,,3
17:41:46,26.0,3,614ad4d9227154a021cdba2b5b714b7a8924f618e356315ea04def268e9767bf,-92,,3,64,,3
17:41:47,,3,50f469dd10932f057625a6f7357d98e4c2e5a21a7c4c899fe807f53ab197832f,-91,,3,64,,3
17:41:48,26.0,3,614ad4d9227154a021cdba2b5b714b7a8924f618e356315ea04def268e9767bf,-85,,3,64,,3
17:41:49,,3,d0fc373afebed7d72576e8eb0c0b95dae774907382ff021cc272963e6898e89e,-79,,3,64,,3
17:41:49,26.0,3,614ad4d9227154a021cdba2b5b714b7a8924f618e356315ea04def268e9767bf,-67,,3,64,,3
17:41:50,26.0,3,614ad4d9227154a021cdba2b5b714b7a8924f618e356315ea04def268e9767bf,-85,,3,64,,3
17:41:51,,3,92513daee603ab126a667b29431ce26d329123a58bcf99f3080cbf371209acb5,-67,,3,64,,3
17:41:52,26.0,3,614ad4d9227154a021cdba2b5b714b7a8924f618e356315ea04def268e9767bf,-79,,3,64,,3
17:41:53,26.0,3,d70b7fc913c81edfeb6cab226375369e0784db26760e0aad054d3d778a6e0e38,-86,,3,64,7.0,3
17:41:53,26.0,3,0c25ff431133cc23c12f60797b5e9da7ed7709f397f8d37c77c517f7006d7ec6,-88,,3,64,6.0,3
17:41:54,26.0,3,54d9d853c4a018d26e53abade9d97afde4a6cc6dbc811331c3f48df417faa321,-87,,3,64,8.0,3
17:41:55,,3,7c5fe8ba755e7885e7d72a51b22d10d2cfe3b7aa16499537cd210e9bcf2620da,-95,,3,64,,3
17:41:56,26.0,3,54d9d853c4a018d26e53abade9d97afde4a6cc6dbc811331c3f48df417faa321,-85,,3,64,8.0,3
17:41:57,,3,d0fc373afebed7d72576e8eb0c0b95dae774907382ff021cc272963e6898e89e,-87,,3,64,,3
17:41:57,26.0,3,54d9d853c4a018d26e53abade9d97afde4a6cc6dbc811331c3f48df417faa321,-82,,3,64,8.0,3
17:41:58,26.0,3,0c25ff431133cc23c12f60797b5e9da7ed7709f397f8d37c77c517f7006d7ec6,-90,,3,64,6.0,3
17:41:59,,3,7c5fe8ba755e7885e7d72a51b22d10d2cfe3b7aa16499537cd210e9bcf2620da,-84,,3,64,,3
17:42:00,,3,1270ae927777abc37beedd7f4558854391faf235da8d54a91eb3d58bf9f4d175,-88,,3,64,,3
17:42:01,,3,89c7286472408b391c2dd79f2807d198003f895eb10ff9b08725c7a3212e44bb,-91,,3,64,,3
17:42:01,,3,0a74d6d3ddac5dc68f9c0a01ee26fa687f1f9aaa907314a766cad88e5aab79e6,-94,,3,64,,3
17:42:02,26.0,3,54d9d853c4a018d26e53abade9d97afde4a6cc6dbc811331c3f48df417faa321,-80,,3,64,8.0,3
17:42:03,26.0,3,74a57049d5c175636dd84e2f60754d2aa50190069b2214d9ed216b5c540958ce,-91,,3,64,12.0,3
17:42:04,26.0,3,54d9d853c4a018d26e53abade9d97afde4a6cc6dbc811331c3f48df417faa321,-87,,3,64,8.0,3
17:42:05,6.0,3,ff9f86445bdb2b7729eac8cff80fc9a43cb8f1b8ea12036a4f098720f3624a52,-86,BB32,3,64,,3
17:42:05,,3,97b295820f0b424e806e80bd3d9a5e20c4f7e675bc2e0f5cf0203252979c68a2,-82,,3,64,,3
17:42:06,26.0,3,54d9d853c4a018d26e53abade9d97afde4a6cc6dbc811331c3f48df417faa321,-85,,3,64,8.0,3
17:42:07,26.0,3,63a8c4b3cc9f80a8b4a4d716ab5ed1e15d4e12b3c2c6d4385bfb00e8a1e7be82,-71,,3,64,12.0,3
17:42:08,26.0,3,8dadb674e94678a6476191748d7bbfd113caf3905340b934c64cc058c1ff6977,-92,,3,64,7.0,3
17:42:09,,3,0a74d6d3ddac5dc68f9c0a01ee26fa687f1f9aaa907314a766cad88e5aab79e6,-91,,3,64,,3
17:42:09,,3,02fb553e7b55eb60660bdb107c4ff2ff378d4bb4b33b0b990971c0b5056a22ba,-89,,3,64,,3
17:42:10,,3,1e81f86794af76d7d7cba3a5329b0933ffaf3f9dcd04856a21261598f1573e7a,-86,,3,64,,3
17:42:11,26.0,3,98e8b17d8658ab7924b7472e3529b605aaecccbf51853e2d14ae2bd5001f40c1,-84,,3,64,7.0,3
17:42:12,,3,1270ae927777abc37beedd7f4558854391faf235da8d54a91eb3d58bf9f4d175,-96,,3,64,,3
17:42:13,,3,92513daee603ab126a667b29431ce26d329123a58bcf99f3080cbf371209acb5,-65,,3,64,,3
17:42:13,,3,8a5752bcbd0927592c63a9686bd3e60cfdede0ca98998fd5c57088504ef80e21,-91,,3,64,,3
17:42:14,,3,1e81f86794af76d7d7cba3a5329b0933ffaf3f9dcd04856a21261598f1573e7a,-78,,3,64,,3
17:42:15,26.0,3,af4d57b9db304a40beb8a0d61f0e176d50ac68a0c407ec67e7f3e9d16872a2bd,-86,,3,64,12.0,3
17:42:16,26.0,3,8dadb674e94678a6476191748d7bbfd113caf3905340b934c64cc058c1ff6977,-85,,3,64,7.0,3
17:42:17,6.0,3,7a36e2fc5b582a1f4672eea18e2d7e0bcc084ec462fb5a0f46b88430ed436db7,-92,,3,64,,3
17:42:17,26.0,3,74a57049d5c175636dd84e2f60754d2aa50190069b2214d9ed216b5c540958ce,-90,,3,64,12.0,3
17:42:18,26.0,3,a2feb01c3d8b6dc0e109fd594966ad0c6c28da9009d62de3e9501616627be429,-92,,3,64,7.0,3
17:42:19,26.0,3,74a57049d5c175636dd84e2f60754d2aa50190069b2214d9ed216b5c540958ce,-88,,3,64,12.0,3
17:42:20,6.0,3,52b443ad1a4099328f526dc17051bd4d3c5ac17520473441c23e9953b0b1afea,-90,,3,64,,3
17:42:21,,3,92513daee603ab126a667b29431ce26d329123a58bcf99f3080cbf371209acb5,-70,,3,64,,3
17:42:21,6.0,3,2160fecd29542b1387802789fabf17ea804cced79647af44a83dbbc9137e0d84,-88,BB33,3,64,3.0,3
17:42:22,6.0,3,2160fecd29542b1387802789fabf17ea804cced79647af44a83dbbc9137e0d84,-81,BB33,3,64,3.0,3
17:42:23,26.0,3,ba6515a130c89ba9d4ca035438de0aa53d6e8688b7064ca8276ba4ea3c6c4d60,-80,,3,64,8.0,3
17:42:24,26.0,3,98e8b17d8658ab7924b7472e3529b605aaecccbf51853e2d14ae2bd5001f40c1,-91,,3,64,7.0,3
17:42:25,,3,92513daee603ab126a667b29431ce26d329123a58bcf99f3080cbf371209acb5,-65,,3,64,,3
17:42:25,2.0,3,fd154c57b3d206531890719bd2f3ba9048eb2e7a6466ec42edd12f5b323c48fc,-91,,3,64,,3
17:42:26,,3,e2ad070030415bbfea2ce2d78fee9479eca0bf6de5ec5f14484310a5d90620f8,-92,,3,64,,3
17:42:27,26.0,3,35f6670b4c5f64c31a5462b523e5d74b3eb48fbc86fd49f2f3b9cc833f71b67b,-92,,3,64,12.0,3
17:42:28,26.0,3,ba6515a130c89ba9d4ca035438de0aa53d6e8688b7064ca8276ba4ea3c6c4d60,-87,,3,64,8.0,3
17:42:29,,3,d8f4b03edfabdf1ddb848adcc21de461d22d6b1f234836085bf35bc0750d3b63,-96,,3,64,,3
17:42:29,4.0,3,cd9040e8d3bd145d90e65d8f850bcd8c71ed9e26fae48f073618a2facc68b4e6,-89,BB34,3,64,0.0,3
17:42:30,26.0,3,f9852991c9a50c51a0f87c0f519798f5d525c6fd1ee2ad4fde367800003a9852,-80,,3,64,12.0,3
17:42:31,26.0,3,061fbe01ec3358292566df65ac7e75132859387ee86f79828bd8a4ff0f70e888,-87,,3,64,7.0,3
17:42:32,,3,a063e9d8ab3616207f852812c3a5086c97383a1d2d5aca3f22f88d6df20cb993,-88,,3,64,,3
17:42:32,6.0,3,767e42233649acc6f3bf0087d0e127bebf6ac1d1152663f6efb551d987decb7e,-92,,3,64,,3
17:42:33,26.0,3,98e8b17d8658ab7924b7472e3529b605aaecccbf51853e2d14ae2bd5001f40c1,-85,,3,64,7.0,3
17:42:34,,3,e2ad070030415bbfea2ce2d78fee9479eca0bf6de5ec5f14484310a5d90620f8,-93,,3,64,,3
17:42:35,26.0,3,35f6670b4c5f64c31a5462b523e5d74b3eb48fbc86fd49f2f3b9cc833f71b67b,-69,,3,64,12.0,3
17:42:36,26.0,3,51f0d84fd546e1a14192cdb2b8bbcc956ade2f8480097026f7dd3f692be2b1ec,-84,,3,64,8.0,3
17:42:36,26.0,3,63a8c4b3cc9f80a8b4a4d716ab5ed1e15d4e12b3c2c6d4385bfb00e8a1e7be82,-54,,3,64,12.0,3
17:42:37,2.0,3,fd154c57b3d206531890719bd2f3ba9048eb2e7a6466ec42edd12f5b323c48fc,-78,,3,64,,3
17:42:38,,3,5bb2be6f4e6708a9edd1bed3a1487eaa8ecfa537e09df4728dcd97a757253023,-89,,3,64,,3
17:42:39,26.0,3,98e8b17d8658ab7924b7472e3529b605aaecccbf51853e2d14ae2bd5001f40c1,-90,,3,64,7.0,3
17:42:40,26.0,3,f9852991c9a50c51a0f87c0f519798f5d525c6fd1ee2ad4fde367800003a9852,-69,,3,64,12.0,3
17:42:40,26.0,3,6201bd86d6b6ba75ee6ab8bdaeb36cac28d7a45a10e142343368b1567af903ff,-84,,3,64,,3
17:42:41,26.0,3,a1600ff122318218b8ca68aba90b63b8661bb62098ba9e09dac4925978993ac6,-82,,3,64,8.0,3
17:42:42,,3,5bb2be6f4e6708a9edd1bed3a1487eaa8ecfa537e09df4728dcd97a757253023,-84,,3,64,,3
17:42:43,26.0,3,f9852991c9a50c51a0f87c0f519798f5d525c6fd1ee2ad4fde367800003a9852,-66,,3,64,12.0,3
17:42:44,,3,1da092db17c677981459a6cfc5a0b7a4dc67eaea1bcc93fba6745c8bfdf0a8c1,-66,,3,64,,3
17:42:44,,3,fa4dced6d1d504c880c25efb83d9a7e67f287c6bd873c19a4feb6ba358b4519e,-87,,3,64,,3
17:42:45,,3,7134870491e029243863c1f0f1c83fb6c1ecf3e21002357cf36c049d6259eed9,-79,,3,64,,3
17:42:46,,3,e71931286e79ada7f7e7eb25719794da5f856842ddc31bddfd7344cb6d01316d,-79,,3,64,,3
17:42:47,,3,1608a09b65330ebec07830c9e738cfd9f7ce672ad12893658b32acca9103018e,-86,,3,64,,3
17:42:48,,3,65bf6befe33e00d99d3828826c7590ab16509ea8ab1b04d6bfd2d9a79cd18d26,-87,,3,64,,3
17:42:48,,3,fa4dced6d1d504c880c25efb83d9a7e67f287c6bd873c19a4feb6ba358b4519e,-82,,3,64,,3
17:42:49,26.0,3,8bad783cdd454b7d87bceadc46c7684e757847b983f49d0184faf01a7c881e9f,-88,,3,64,7.0,3
17:42:50,26.0,3,a11e580977b0e2250a0154029c51604a85397537b01f1c85c2a54645a945d31e,-84,,3,64,24.0,3
17:42:51,26.0,3,63a8c4b3cc9f80a8b4a4d716ab5ed1e15d4e12b3c2c6d4385bfb00e8a1e7be82,-64,,3,64,12.0,3
17:42:52,,3,d83a130d7cc66b24952214d099507e847714a05fc9a2b39b84286f6b97dde032,-92,,3,64,,3
17:42:52,,3,fa4dced6d1d504c880c25efb83d9a7e67f287c6bd873c19a4feb6ba358b4519e,-91,,3,64,,3
17:42:53,26.0,3,30f4bc21821cc13af25a384446e76de201faa7e731d43e66bde372c431ad5023,-79,,3,64,12.0,3
17:42:54,,3,b360e80c88c743a2598b47a8a43687cbfc5d8efa8380f1a8cbe9cb3f0a99e678,-84,,3,64,,3
17:42:55,26.0,3,74d00cc2bfd43ef824c8bee6fa0a79c107e72cf29214085133ca09dc43aae918,-90,,3,64,8.0,3
17:42:56,26.0,3,a11e580977b0e2250a0154029c51604a85397537b01f1c85c2a54645a945d31e,-72,,3,64,24.0,3
17:42:56,26.0,3,a11e580977b0e2250a0154029c51604a85397537b01f1c85c2a54645a945d31e,-73,,3,64,24.0,3
17:42:57,26.0,3,35f6670b4c5f64c31a5462b523e5d74b3eb48fbc86fd49f2f3b9cc833f71b67b,-77,,3,64,12.0,3
17:42:58,26.0,3,331eff96b65ff175e3da4bdb3cc7e1c40fd7c50c4bb3e6319b1b8810adecc3fe,-86,,3,64,12.0,3
17:42:59,,3,0f2f8a9f550f1e131f8ebdaa43bff9952340cb9603485db23e0eaefd2b0ab453,-83,,3,64,,3
17:43:00,26.0,3,cdfb3ecde3b8a4bc8c8794c96f08f8742f5b18982dcdbc4958d3f00618b0bbd3,-88,,3,64,9.0,3
17:43:00,,3,9af7b04a265cf7cdba339b59a595e7aef5214205fcca72c0160cb09afdaa4546,-93,,3,64,,3
17:43:01,26.0,3,79814a3d9da1bb30dc20b4a1e7ee4d5f89b268a765135f22ed50dd2f404afac8,-92,,3,64,12.0,3
17:43:02,26.0,3,35f6670b4c5f64c31a5462b523e5d74b3eb48fbc86fd49f2f3b9cc833f71b67b,-65,,3,64,12.0,3
17:43:03,26.0,3,51f0d84fd546e1a14192cdb2b8bbcc956ade2f8480097026f7dd3f692be2b1ec,-91,,3,64,8.0,3
17:43:04,26.0,3,21bc7cb7bead569547adea5c684c7072e031d6439e401210fa2e634f94ee7767,-89,,3,64,7.0,3
17:43:04,6.0,3,3d2e98146ca04feef7b2ea5b3a08fdbc7d8aabaec4d6233f165f90065428d472,-90,BB35,3,64,,3
17:43:05,6.0,3,b5d789e11952302c714756b1f1dd974d548ba9b6e276c0985e1a27a1c75a0ed4,-74,,3,64,,3
17:43:06,,3,d96949af5cf28dcc318da0d5aa32397e42ee2bf34804fe128015ed9b48c25d84,-85,,3,64,,3
17:43:07,26.0,3,35f6670b4c5f64c31a5462b523e5d74b3eb48fbc86fd49f2f3b9cc833f71b67b,-84,,3,64,12.0,3
17:43:07,,3,ff41845a42225e15bd205eb4b5d194f5e47afd530a78f04c05e80a950ea1ed11,-94,,3,64,,3
17:43:08,26.0,3,35f6670b4c5f64c31a5462b523e5d74b3eb48fbc86fd49f2f3b9cc833f71b67b,-87,,3,64,12.0,3
17:43:09,26.0,3,57a68e1f7ee47dd50acdd0f7a5d5a8104e04a79c7b2dda0bf30665201ee45b2b,-83,,3,64,8.0,3
17:43:10,26.0,3,37550a54c0433cd64a4c14b9a44dc9cb644ec897dd83db39f878daa9011bb655,-85,,3,64,12.0,3
17:43:11,,3,374d346cd9106fa1029d52874f622f164b354b7090fa552df8915716466782ef,-97,,3,64,,3
17:43:12,26.0,3,74d00cc2bfd43ef824c8bee6fa0a79c107e72cf29214085133ca09dc43aae918,-92,,3,64,8.0,3
17:43:12,26.0,3,8e75ec95f703f5fe8f4d545a55d2613f80c6b3f42c59cc2fde51dd3776f464bc,-90,,3,64,7.0,3
17:43:13,,3,138d516d887cb5331716c8288d586fe08792152d8e4bb08922b5adad4fe484c8,-91,,3,64,,3
17:43:14,26.0,3,afe5de42eb3832165c8601685f4c89402d48211c49c1ec90a3f127e39eb4f93d,-90,,3,64,12.0,3
17:43:15,,3,51bd08a906de325a317c95ef573626215b33b57c2d6cb5ebc9f99d3d1ce067e4,-89,,3,64,,3
17:43:16,26.0,3,048508139ba7a0b2f512a4bd21f3aa7af1e349877b6a74c69cf794a732edb952,-78,,3,64,12.0,3
17:43:16,26.0,3,76567120d0a1733a3269c1ce52ab2b88f6f794a190476bbc5777230af861b4a0,-89,,3,64,8.0,3
17:43:17,26.0,3,63a8c4b3cc9f80a8b4a4d716ab5ed1e15d4e12b3c2c6d4385bfb00e8a1e7be82,-78,,3,64,12.0,3
17:43:18,6.0,3,3bda1e43a287d8a2dab4a9468552441b80b7125a4da2d9fca5afc94feb44e9b0,-81,BB33,3,64,3.0,3
17:43:19,,3,b06506049760c6b33c9d45aac98b3fff677ea0b1d8e8a234a835c948e7ee2137,-94,,3,64,,3
17:43:19,26.0,3,63a8c4b3cc9f80a8b4a4d716ab5ed1e15d4e12b3c2c6d4385bfb00e8a1e7be82,-70,,3,64,12.0,3
17:43:20,,3,41008ca5bda0c600426864a3a932593c92f834aad3f03a07ce6faf1bf5682f09,-90,,3,64,,3
17:43:21,26.0,3,37c9278f5247db0bdc514b98154499a9737fce56cc2a7216ec5d2c7c6f15dc97,-89,,3,64,8.0,3
17:43:22,6.0,3,ff343ef8bf2a5e97e3d58c500577ead1c50cc4b9f93101b4aed2e0842b926e03,-92,BB32,3,64,,3
17:43:23,26.0,3,afe5de42eb3832165c8601685f4c89402d48211c49c1ec90a3f127e39eb4f93d,-84,,3,64,12.0,3
17:43:23,26.0,3,63a8c4b3cc9f80a8b4a4d716ab5ed1e15d4e12b3c2c6d4385bfb00e8a1e7be82,-82,,3,64,12.0,3
17:43:24,,3,92513daee603ab126a667b29431ce26d329123a58bcf99f3080cbf371209acb5,-74,,3,64,,3
17:43:25,26.0,3,f47fccb6b68985d5dbc16c1b33fa54ecba864b7c0db7164ff407e8f8bb062217,-91,,3,64,7.0,3
17:43:26,26.0,3,37c9278f5247db0bdc514b98154499a9737fce56cc2a7216ec5d2c7c6f15dc97,-81,,3,64,8.0,3
17:43:27,26.0,3,5955490764091f614660400898678ab338f4ef1aa68b2674179a970195523d1f,-82,,3,64,8.0,3
17:43:27,26.0,3,a3febab0768ac6d15aa1e51f5bc3813557b1344dc4ca075d09beb85be3932755,-88,,3,64,7.0,3
17:43:28,,3,ceed9d5a07013daeb97831e83b725c043efa618475693712798d7247619e12df,-94,,3,64,,3
17:43:29,26.0,3,63a8c4b3cc9f80a8b4a4d716ab5ed1e15d4e12b3c2c6d4385bfb00e8a1e7be82,-77,,3,64,12.0,3
17:43:30,6.0,3,1e3d5dc847be096219bbc2c942573afda896129c28943f5c1bdfc9273570f732,-80,,3,64,,3
17:43:31,26.0,3,659cea3832cdf7a9671bdd1a956060befb95061e5dfba6a71af28d9c39abea8d,-85,,3,64,26.0,3
17:43:31,,3,8ad7a73aa8f002b2c6bfeed5a8cdaf031d9522a519b46fecdd688cf1da8930df,-84,,3,64,,3
17:43:32,26.0,3,63a8c4b3cc9f80a8b4a4d716ab5ed1e15d4e12b3c2c6d4385bfb00e8a1e7be82,-70,,3,64,12.0,3
17:43:33,,3,f52d77b34486b20f6194dbe454ffd8445846a986dbb7f4c4d4ca7babf50a8c4e,-85,,3,64,,3
17:43:34,26.0,3,37c9278f5247db0bdc514b98154499a9737fce56cc2a7216ec5d2c7c6f15dc97,-82,,3,64,8.0,3
17:43:35,,3,bf698a7fe9a6c16d1fb16ab31f7b235920e4bf9cfa120e199dd06ac492476548,-94,,3,64,,3
17:43:35,26.0,3,35a6a9f9a47403797f7277b7692485d529395828977ba627ae75cf6eb00c94dc,-82,,3,64,7.0,3
17:43:36,26.0,3,b4b34f1c5adb38b80c27fdc571e668d78cbe0d81255768a827daaaf5f6698803,-78,,3,64,,3
17:43:37,,3,f52d77b34486b20f6194dbe454ffd8445846a986dbb7f4c4d4ca7babf50a8c4e,-86,,3,64,,3
17:43:38,26.0,3,b4b34f1c5adb38b80c27fdc571e668d78cbe0d81255768a827daaaf5f6698803,-83,,3,64,,3
17:43:39,,3,51bd08a906de325a317c95ef573626215b33b57c2d6cb5ebc9f99d3d1ce067e4,-88,,3,64,,3
17:43:39,,3,8ad7a73aa8f002b2c6bfeed5a8cdaf031d9522a519b46fecdd688cf1da8930df,-84,,3,64,,3
17:43:40,,3,8a9000e401ba8a3001999878ed02e567321607f634ba071b6db90ab1a510cf33,-94,,3,64,,3
17:43:41,,3,b6284055e6d987af8bd85da878fd510e45f4e991937d496ea1007ae64d85c0ac,-93,,3,64,,3
17:43:42,,3,f2b262f492f08ec82c511dae8bb552b06ba039be12bc0f758438a23501590438,-77,,3,64,,3
17:43:43,26.0,3,135e50d5f8af05fac644cc161b2d2335348d05958460a1cdce390ced95669137,-93,,3,64,12.0,3
17:43:43,,3,37028468adc85aaf7b81bc75abd2272d7d0283b24762f9cc505933a5afb0b55a,-81,,3,64,,3
17:43:44,26.0,3,40611315090422c6ebb83de7d26248c60221d29d101a10ca9ead2f36ec419659,-95,,3,64,,3
17:43:45,6.0,3,26853ecbe097a9a4f17cb3c329724ba5f0b53c49b813a1b04926147e0bfc3a31,-94,,3,64,,3
17:43:46,26.0,3,1767df2f4327f3dc06319f2d5f5783b4ed7b6cab1f5d721486de9e5b50728cc4,-88,,3,64,8.0,3
17:43:46,26.0,3,db035e50b820f6c9c1c660c15cb448c60f12b4da4703ac41e2e4a2e5ebcec399,-89,,3,64,12.0,3
17:43:47,,3,37028468adc85aaf7b81bc75abd2272d7d0283b24762f9cc505933a5afb0b55a,-80,,3,64,,3
17:43:48,,3,6e6ca7e72342f2ee37488b15337498d992774f8fdfa3d93f97bbd1d78160e612,-80,,3,64,,3
17:43:49,6.0,3,4d5b812ba2feacd7f41e15a7436de920bbafbfc7dfba2d16dbd821c5e09be19c,-85,,3,64,,3
17:43:50,6.0,3,ff343ef8bf2a5e97e3d58c500577ead1c50cc4b9f93101b4aed2e0842b926e03,-88,BB32,3,64,,3
17:43:50,,3,4aaa417d32aaa3dc8928de7d24064134900fc33910a1d8bb9f891eca2e5e85eb,-81,,3,64,,3
17:43:51,26.0,3,de06fd4d1c8f2796f8da997932b18ced8d57bd3796bd1bd928c574aff414e03a,-94,,3,64,12.0,3
17:43:52,,3,4aaa417d32aaa3dc8928de7d24064134900fc33910a1d8bb9f891eca2e5e85eb,-84,,3,64,,3
17:43:53,26.0,3,e806e0a501fc392ab8c5a846e7adfdc59ea104470b41bba21c2492a74feba8fc,-87,,3,64,26.0,3
17:43:54,26.0,3,e806e0a501fc392ab8c5a846e7adfdc59ea104470b41bba21c2492a74feba8fc,-86,,3,64,26.0,3
17:43:54,26.0,3,e806e0a501fc392ab8c5a846e7adfdc59ea104470b41bba21c2492a74feba8fc,-82,,3,64,26.0,3
17:43:55,4.0,3,e1a5091e87dce4baacc3c904a692e9ba78348a1b81b3e3aa0865a3173acdd5e4,-83,,3,64,,3
17:43:56,6.0,3,60a6af54e111935dce1f08f26fba853c5a9b79ce57f52c598c46fa23b70d07d0,-84,,3,64,,3
17:43:57,26.0,3,8bf2793e9e7d6a479eff598ec8f7a999cd03447daeebc989c3651d950acffcf7,-92,,3,64,24.0,3
17:43:58,26.0,3,63a8c4b3cc9f80a8b4a4d716ab5ed1e15d4e12b3c2c6d4385bfb00e8a1e7be82,-59,,3,64,12.0,3
17:43:58,4.0,3,e1a5091e87dce4baacc3c904a692e9ba78348a1b81b3e3aa0865a3173acdd5e4,-87,,3,64,,3
17:43:59,26.0,3,ad5a6a1bc9613bc41d99678c8b6f0c22311182077f84b1d525e6240d263e59c2,-94,,3,64,,3
17:44:00,26.0,3,96aa03e02afaecc30e4fabcf4177b0ff88be530edfdf9e1d0701ec45ee49e7ad,-79,,3,64,12.0,3
17:44:01,,3,e050c0fa3ad0d2e4062c828366245fc15925e65d62f22d81fcbbc0cface136a2,-93,,3,64,,3
17:44:02,26.0,3,ee90007e5102bbe22696119dc8207120f102272c0c66f5e958a019c4520b8af6,-78,,3,64,12.0,3
17:44:02,4.0,3,e1a5091e87dce4baacc3c904a692e9ba78348a1b81b3e3aa0865a3173acdd5e4,-92,,3,64,,3
17:44:03,4.0,3,96ea17458f47e26a437d9b6b6bd6d5617930b14444ec24ebb85382f1fb2d4026,-89,,3,64,,3
17:44:04,,3,6c43a096047af90f7703133ac445aa9a2bdefe1bcadae710ad5d95049601b2e0,-81,,3,64,,3
17:44:05,,3,2d35341200f6b9586737c01ab36617e2c69489bc17abb10c64585585ceb89013,-84,,3,64,,3
17:44:06,26.0,3,0ec34ae71e1b1578e8bf7f26964900d7f149ae70831166ce7ce775d5bcd0156b,-83,,3,64,,3
17:44:06,26.0,3,413a675d015f8d0e3bf3c03c2f85a112b09afa4d3adb416857b4051808c8fed3,-81,,3,64,8.0,3
17:44:07,26.0,3,fb831ac43c9b523f2c0043ba4f25eae7f318967309be8abc5f63e33925601cb4,-85,,3,64,12.0,3
17:44:08,,3,1da092db17c677981459a6cfc5a0b7a4dc67eaea1bcc93fba6745c8bfdf0a8c1,-91,,3,64,,3
17:44:09,26.0,3,f8566b041c27efa55536cb8b96d8bf6f10477bbdb836953bdfd81848ff2a336a,-90,,3,64,8.0,3
17:44:10,26.0,3,3a9f79030e74cb49d7773f2982c3eb72ca1047730917176e7b9264817ddf8275,-93,,3,64,12.0,3
17:44:10,26.0,3,ba3e72210ac11a4c47bf263709a867ad2230b5eb3197c6cf05db3400daf2ca2e,-75,,3,64,8.0,3
17:44:11,6.0,3,0eb889cf2d4865106dfffe4455e99f16a40df32a64cffae4cffedcc7291521b4,-87,BB36,3,64,,3
17:44:12,6.0,3,0eb889cf2d4865106dfffe4455e99f16a40df32a64cffae4cffedcc7291521b4,-83,BB36,3,64,,3
17:44:13,,3,7c1009ca33762486ca9049bf0dbd387ca29247f4a6a0b2e92d03dd2481de66c5,-90,,3,64,,3
17:44:14,,3,ab3bd2b57d91a505d2ce266b32983a43c412b246d4f481db6f2f08dc61214936,-94,,3,64,,3
17:44:14,26.0,3,b0e57282c17bb0c5c748dff701d9c12353390c49d67cf5d26de79559de5b625b,-92,,3,64,7.0,3
17:44:15,26.0,3,8e3e04fee74ceb5a4950e7fa897f9ea7e0cd33ada08c5fe76bf6b9e531f53aa9,-88,,3,64,7.0,3
17:44:16,26.0,3,bd9efb980bc150b4049789b2ea55e8f8ea668f3e8e59a1c3b9fc18ecc239d649,-89,,3,64,12.0,3
17:44:17,26.0,3,ba3e72210ac11a4c47bf263709a867ad2230b5eb3197c6cf05db3400daf2ca2e,-89,,3,64,8.0,3
17:44:18,26.0,3,bbf3327ce54d75f6f62f7c7cb6e52ce87123eee1c057573a34606e8800fe7066,-86,,3,64,8.0,3
17:44:18,,3,92513daee603ab126a667b29431ce26d329123a58bcf99f3080cbf371209acb5,-70,,3,64,,3
17:44:19,26.0,3,e01b579bcca1637a1a116d6b69259676436cb9973938cd36d10cab7b1964a791,-79,,3,64,7.0,3
17:44:20,26.0,3,e4f20451dc3cda44681f7d9ca98fa6a6ea4bf334c38e6d746f852b6c4605638a,-81,,3,64,12.0,3
17:44:21,26.0,3,fb831ac43c9b523f2c0043ba4f25eae7f318967309be8abc5f63e33925601cb4,-82,,3,64,12.0,3
17:44:22,26.0,3,4b6027f05432a3e486b4300d045a68469f502d77f1e90274a79828780411a04c,-90,,3,64,8.0,3
17:44:22,26.0,3,94163b106fcfc86235dccd52f11731745ab77239e70b17accda51a9c1887ab00,-87,,3,64,8.0,3
17:44:23,26.0,3,4b6027f05432a3e486b4300d045a68469f502d77f1e90274a79828780411a04c,-83,,3,64,8.0,3
17:44:24,2.0,3,068457970b238d1f4beda3058d158e195028a99ef35cb54e6c22975e1e6bf21d,-78,,3,64,,3
17:44:25,2.0,3,068457970b238d1f4beda3058d158e195028a99ef35cb54e6c22975e1e6bf21d,-82,,3,64,,3
17:44:26,26.0,3,636ddedc43fad1ca2a7fbe3eec7822ef90729cc56489c8786497d715ced16096,-92,,3,64,7.0,3
17:44:26,,3,6792bf0a685477437001f29e8762ba539a37c2bb3728bc339ad5c41ec3cc6fff,-93,,3,64,,3
17:44:27,26.0,3,39b6020e4c6b502e759c2914a829c56d3562bd5c93c50e049837bc1d1d86aec7,-90,,3,64,7.0,3
17:44:28,26.0,3,39601a211bae7838f9d9d5eb1909cb37578cd57703f9a0036a8c0a0b46472905,-80,,3,64,26.0,3
17:44:29,26.0,3,8e3e04fee74ceb5a4950e7fa897f9ea7e0cd33ada08c5fe76bf6b9e531f53aa9,-84,,3,64,7.0,3
17:44:30,26.0,3,39601a211bae7838f9d9d5eb1909cb37578cd57703f9a0036a8c0a0b46472905,-89,,3,64,26.0,3
17:44:30,26.0,3,b0e57282c17bb0c5c748dff701d9c12353390c49d67cf5d26de79559de5b625b,-91,,3,64,7.0,3
17:44:31,,3,0a9839526e8dcaea36a1c24d915bb79cf1f758a575cc85a628d5ba45a75159bb,-95,,3,64,,3
17:44:32,26.0,3,abb76c33887a1493a838d034659862b4d8c656cdce9bb70c941a6c20a89f2cc3,-92,,3,64,7.0,3
17:44:33,26.0,3,47552fc8ab4fc4a2ca085c51050b72d7573986fda9420ca2b8fa1a481a4f086d,-85,,3,64,,3
17:44:33,26.0,3,5af1a6cac684fa8f8c4216b597c3795484c650b56da0aea96ede3d6138c84e1a,-88,,3,64,6.0,3
17:44:34,26.0,3,47552fc8ab4fc4a2ca085c51050b72d7573986fda9420ca2b8fa1a481a4f086d,-86,,3,64,,3
17:44:35,26.0,3,5cefad125d3de8384da668d4b67f4953e886451d433f894de42e749ba1a9e18f,-96,,3,64,24.0,3
17:44:36,26.0,3,47552fc8ab4fc4a2ca085c51050b72d7573986fda9420ca2b8fa1a481a4f086d,-88,,3,64,,3
17:44:37,26.0,3,6b38533a5e5ef7e50704bef22cdf2de433f7c34ff92f98786bc4c1814accdab8,-87,,3,64,8.0,3
17:44:37,6.0,3,b08b15a3a1256552cef20ed462858ddba36397587c98f43b8f167c20c346c07d,-81,,3,64,,3
17:44:38,,3,38e73806649f4a91e53638059a0bca6174c68543bb84460bb77522c3dcbd3b59,-85,,3,64,,3
17:44:39,26.0,3,39601a211bae7838f9d9d5eb1909cb37578cd57703f9a0036a8c0a0b46472905,-92,,3,64,26.0,3
17:44:40,,3,d7d9b134149cecc5f71ac0f89f49c30253992c2312a108abb18dac904fd89170,-94,,3,64,,3
17:44:41,26.0,3,6b38533a5e5ef7e50704bef22cdf2de433f7c34ff92f98786bc4c1814accdab8,-82,,3,64,8.0,3
17:44:41,26.0,3,6b38533a5e5ef7e50704bef22cdf2de433f7c34ff92f98786bc4c1814accdab8,-82,,3,64,8.0,3
17:44:42,,3,92513daee603ab126a667b29431ce26d329123a58bcf99f3080cbf371209acb5,-69,,3,64,,3
17:44:43,,3,c6a152f36696f4c910bddea614516a42c233aafc7fa1915b34f3054d86f2c5e7,-96,,3,64,,3
17:44:44,,3,ab0f008f07a921148a7d9d5174d24e6ac145f0c6db6dcd30d74c9aad73815507,-89,,3,64,,3
17:44:45,,3,7b448a5ec26ed8ab2f2bc9a9a22d170fd38f10bb1b9643da7f8fc8ab10eaa2dc,-83,,3,64,,3
17:44:45,,3,a12ccdbbe013e3accbb9145bfec3dd870d88fb5723878b8a2950f86e5742a357,-93,,3,64,,3
17:44:46,,3,fabc4c1b89e336fbddc19575c5e3d2bd887224a3d9ddc92b9413effc37e35a57,-83,,3,64,,3
17:44:47,,3,7b448a5ec26ed8ab2f2bc9a9a22d170fd38f10bb1b9643da7f8fc8ab10eaa2dc,-85,,3,64,,3
17:44:48,,3,ab0f008f07a921148a7d9d5174d24e6ac145f0c6db6dcd30d74c9aad73815507,-91,,3,64,,3
17:44:49,,3,f7034b1380fda981710aa684d358e49736554a04233d3963cc07124234417c4d,-88,,3,64,,3
17:44:49,,3,fa4dced6d1d504c880c25efb83d9a7e67f287c6bd873c19a4feb6ba358b4519e,-83,,3,64,,3
17:44:50,,3,dd0200bd5dc48c3110c9c9f028a904fb6b0cd25198ab6f131b82c2eac8a82db1,-97,,3,64,,3
17:44:51,,3,977c2e77c5cf1bbe313163b3169c46ceab8e37ce97f2aef9b92e6d44692d2962,-90,,3,64,,3
17:44:52,,3,977c2e77c5cf1bbe313163b3169c46ceab8e37ce97f2aef9b92e6d44692d2962,-88,,3,64,,3
17:44:53,,3,3c1025477f8c5dcb5d209e23b513b5f56454741d64953a5386874194a29cc746,-93,,3,64,,3
17:44:53,,3,48235d2e4ec8e02baf434e8c0a912a8d97ed10db1c1614956c6f4af9133770b0,-95,,3,64,,3
17:44:54,,3,7b448a5ec26ed8ab2f2bc9a9a22d170fd38f10bb1b9643da7f8fc8ab10eaa2dc,-93,,3,64,,3
17:44:55,,3,3c1025477f8c5dcb5d209e23b513b5f56454741d64953a5386874194a29cc746,-82,,3,64,,3
17:44:56,26.0,3,7af2a625823d7a34d181b3548f4ae77010d4b9cd3b7cf04558984763b021a156,-84,,3,64,7.0,3
17:44:57,,3,3c1025477f8c5dcb5d209e23b513b5f56454741d64953a5386874194a29cc746,-91,,3,64,,3
17:44:57,,3,3c1025477f8c5dcb5d209e23b513b5f56454741d64953a5386874194a29cc746,-90,,3,64,,3
17:44:58,,3,3c1025477f8c5dcb5d209e23b513b5f56454741d64953a5386874194a29cc746,-91,,3,64,,3
17:44:59,26.0,3,f8fdefcddf794a52360707a961bf9cd3f55a2fc67b8a93e845b0ec450f9a9a71,-81,,3,64,7.0,3
17:45:00,26.0,3,f8fdefcddf794a52360707a961bf9cd3f55a2fc67b8a93e845b0ec450f9a9a71,-86,,3,64,7.0,3
17:45:01,26.0,3,086bae278f472b3eab149a265c660df937ae80c3369192bfb15fa2524898e1ba,-81,,3,64,6.0,3
17:45:01,26.0,3,a9daa395c755a4bc89a3afcc0bf7c43d0b4efce171ce4ac9c52079a45f64c689,-94,,3,64,8.0,3
17:45:02,26.0,3,77d3b77329453b487df3dda4aabdfc5d62e30da56e1fe6ec8b2948639265d852,-78,,3,64,12.0,3
17:45:03,,3,977c2e77c5cf1bbe313163b3169c46ceab8e37ce97f2aef9b92e6d44692d2962,-88,,3,64,,3
17:45:04,26.0,3,38a6c8843c5d8e775a4dec0d3fdb88a2729f61e9552b8c64fd0765f3b2e0f52f,-91,,3,64,12.0,3
17:45:05,26.0,3,77d3b77329453b487df3dda4aabdfc5d62e30da56e1fe6ec8b2948639265d852,-75,,3,64,12.0,3
17:45:05,,3,99abdb007a2c141eae23d7c29d148d476d7aff016604693146a9091453f18ad2,-92,,3,64,,3
17:45:06,26.0,3,086bae278f472b3eab149a265c660df937ae80c3369192bfb15fa2524898e1ba,-85,,3,64,6.0,3
17:45:07,26.0,3,63a8c4b3cc9f80a8b4a4d716ab5ed1e15d4e12b3c2c6d4385bfb00e8a1e7be82,-70,,3,64,12.0,3
17:45:08,,3,94032b2698c00253c3242b05476958a90cd90eed9681c6ab31e256f3b813686e,-80,,3,64,,3
17:45:09,,3,4385cb3a9d176ebd76048bea68025ba0108015aa5304491ca1602f15d72eb134,-91,,3,64,,3
17:45:09,,3,1b3968d8130259cf0c71cf480c08ce9e572df2ce14bdccba946bf4505e436b82,-86,,3,64,,3
17:45:10,,3,d12204eafc988f64ec1820917c7b5025ed4a5befa8595f42b73983647ef7ac7a,-94,,3,64,,3
17:45:11,26.0,3,cf591ccd94ffec101cbd5f3c6bca4825034dc74100913d10a2f1ffc70af5e5a1,-81,,3,64,12.0,3
17:45:12,26.0,3,aea9f0f0f6a53f8cb600124a5c3d5835e9afce225b2857aec9b2f96df78b17f0,-91,,3,64,8.0,3
17:45:13,26.0,3,cf591ccd94ffec101cbd5f3c6bca4825034dc74100913d10a2f1ffc70af5e5a1,-70,,3,64,12.0,3
17:45:13,26.0,3,5101f50a1d7544d58c96aad909641bc9b73d068e8f7335e6958082d8e6597ad5,-93,,3,64,8.0,3
17:45:14,26.0,3,a15fc0061d6656226b1f1441a8ddc9ce7f3887246b3d06bef331cf86cd3ce944,-84,,3,64,12.0,3
17:45:15,,3,182639f8fad28faa76944a1ed995b5f574793e52f03c559d95878e26b6e2175a,-83,,3,64,,3
17:45:16,,3,c328d1e95960f1baa496e79c1c49579c7c8f776bcdf3490bac59362d9de4257f,-83,,3,64,,3
17:45:17,,3,c01f6437bce2acb1e6e3052a3687d4d356cf50346708e3ec1fa450f2987cf850,-82,,3,64,,3
17:45:17,26.0,3,0e3777213c22c902c8cf996ecbf3613c320d73624ef8f03449ce519fe0a5b6f3,-93,,3,64,7.0,3
17:45:18,26.0,3,91357a721956d2ca40f321df1b0b1eeb8419bb710e3b1723b5464b199ac19088,-87,,3,64,8.0,3
17:45:19,26.0,3,aea9f0f0f6a53f8cb600124a5c3d5835e9afce225b2857aec9b2f96df78b17f0,-89,,3,64,8.0,3
17:45:20,26.0,3,3da9391747d6951601cd7d27ff19079df4cf34e6dab505eb1a0243471b648d36,-88,,3,64,12.0,3
17:45:20,,3,e205d67260f15b209a497fb895dc9ad4c989e376d031168c7e93a8e9091f6fbc,-86,,3,64,,3
17:45:21,26.0,3,5c043c80fa8b6eeeb671139adf6af23ac535ed1ad85d9503c0669b51c2956bb0,-83,,3,64,7.0,3
17:45:22,26.0,3,483c473338e7ce34a63f1aa8dcb7ba389f826d3b78b9dd581fe16f2e024fefdd,-90,,3,64,12.0,3
17:45:23,,3,8b81152c729d39608207308be7fc145c3a72657d3353cb72c357b4738fa8acc8,-84,,3,64,,3
17:45:24,,3,c328d1e95960f1baa496e79c1c49579c7c8f776bcdf3490bac59362d9de4257f,-76,,3,64,,3
17:45:24,26.0,3,5101f50a1d7544d58c96aad909641bc9b73d068e8f7335e6958082d8e6597ad5,-85,,3,64,8.0,3
17:45:25,26.0,3,cf591ccd94ffec101cbd5f3c6bca4825034dc74100913d10a2f1ffc70af5e5a1,-88,,3,64,12.0,3
17:45:26,26.0,3,781a4425f4b0bf2e92ae6a597126943aa2322d91464129e2600b8e7b5c6c354e,-91,,3,64,7.0,3
17:45:27,26.0,3,c9bb629e899c28b80558ad4edacff0ca5f44e0e31facc824705d1fdd508c3a70,-87,,3,64,,3
17:45:28,26.0,3,c9bb629e899c28b80558ad4edacff0ca5f44e0e31facc824705d1fdd508c3a70,-88,,3,64,,3
17:45:28,26.0,3,a15fc0061d6656226b1f1441a8ddc9ce7f3887246b3d06bef331cf86cd3ce944,-91,,3,64,12.0,3
17:45:29,26.0,3,c9bb629e899c28b80558ad4edacff0ca5f44e0e31facc824705d1fdd508c3a70,-93,,3,64,,3
17:45:30,26.0,3,c9bb629e899c28b80558ad4edacff0ca5f44e0e31facc824705d1fdd508c3a70,-90,,3,64,,3
17:45:31,26.0,3,2462c6959960f4dba97ac9fe0817643e4ad4c52d0f6db30ddcf2660dd0350af5,-90,,3,64,4.0,3
17:45:32,26.0,3,8ff3c0b9f05e636e7bd6458f45b4927b69f23c55a76bf61df5fd984f1580a666,-92,,3,64,26.0,3
17:45:32,26.0,3,c9bb629e899c28b80558ad4edacff0ca5f44e0e31facc824705d1fdd508c3a70,-95,,3,64,,3
17:45:33,26.0,3,2cf661bc2ec51562e8d3a71ed91f7125361e02b8688fc8083d06f587c8680d68,-79,,3,64,12.0,3
17:45:34,,3,339afb04df835e0d6b043679d90280edec769e5dc212929684d6bcb6bef8816a,-88,,3,64,,3
17:45:35,26.0,3,c9bb629e899c28b80558ad4edacff0ca5f44e0e31facc824705d1fdd508c3a70,-95,,3,64,,3
17:45:36,26.0,3,c9bb629e899c28b80558ad4edacff0ca5f44e0e31facc824705d1fdd508c3a70,-93,,3,64,,3
17:45:36,26.0,3,c9bb629e899c28b80558ad4edacff0ca5f44e0e31facc824705d1fdd508c3a70,-90,,3,64,,3
17:45:37,26.0,3,c9bb629e899c28b80558ad4edacff0ca5f44e0e31facc824705d1fdd508c3a70,-96,,3,64,,3
17:45:38,26.0,3,6ca2836808f1484c18afa283cba086f65615459d013025aa2251cc486b6db476,-91,,3,64,12.0,3
17:45:39,,3,1ea370eae69042b3ea3c9bebb26fc1af6473431aa0212d3a32d3634f25a3747a,-93,,3,64,,3
17:45:40,26.0,3,c9bb629e899c28b80558ad4edacff0ca5f44e0e31facc824705d1fdd508c3a70,-93,,3,64,,3
17:45:40,26.0,3,6ca2836808f1484c18afa283cba086f65615459d013025aa2251cc486b6db476,-89,,3,64,12.0,3
17:45:41,26.0,3,6ca2836808f1484c18afa283cba086f65615459d013025aa2251cc486b6db476,-92,,3,64,12.0,3
17:45:42,,3,8b81152c729d39608207308be7fc145c3a72657d3353cb72c357b4738fa8acc8,-69,,3,64,,3
17:45:43,26.0,3,d9dfe3864eca1b59e537aea8c7b55da18dcc8e1bdfd92f82fc946a8377669548,-95,,3,64,12.0,3
17:45:44,26.0,3,6de446524378736acdf1d907a5c330df76f78339e1cfe656638c2134df4dbf26,-90,,3,64,8.0,3
17:45:44,,3,8b81152c729d39608207308be7fc145c3a72657d3353cb72c357b4738fa8acc8,-89,,3,64,,3
17:45:45,26.0,3,3ef56c73eb470e19bd729e75dcb4c80c09bda2afc75f9307c9a590d744fcf4fd,-91,,3,64,8.0,3
17:45:46,26.0,3,8ff3c0b9f05e636e7bd6458f45b4927b69f23c55a76bf61df5fd984f1580a666,-89,,3,64,26.0,3
17:45:47,,3,3d01db3b57e3834163e88ee5eb1106c5e78eb89e1d03281036e5159f505f3ae0,-93,,3,64,,3
17:45:48,,3,23d3f5943908604ce86dd54cbf5ba5121040f151f25507e69f1339bb21f6d497,-91,,3,64,,3
17:45:48,26.0,3,d9dfe3864eca1b59e537aea8c7b55da18dcc8e1bdfd92f82fc946a8377669548,-94,,3,64,12.0,3
17:45:49,,3,f193bc14269027f4b4eb7abe46e13860bbff752eb0d98435c394983fb38d8f9a,-93,,3,64,,3
17:45:50,26.0,3,2cf661bc2ec51562e8d3a71ed91f7125361e02b8688fc8083d06f587c8680d68,-97,,3,64,12.0,3
17:45:51,26.0,3,d5a448a0126fdeec220b494fca27ec79c2d731540290d0ff02931f3784d4b238,-87,,3,64,,3
17:45:52,26.0,3,d5a448a0126fdeec220b494fca27ec79c2d731540290d0ff02931f3784d4b238,-86,,3,64,,3
17:45:52,,3,8b81152c729d39608207308be7fc145c3a72657d3353cb72c357b4738fa8acc8,-81,,3,64,,3
17:45:53,26.0,3,a15fc0061d6656226b1f1441a8ddc9ce7f3887246b3d06bef331cf86cd3ce944,-82,,3,64,12.0,3
17:45:54,,3,339afb04df835e0d6b043679d90280edec769e5dc212929684d6bcb6bef8816a,-84,,3,64,,3
17:45:55,26.0,3,f1965dc1139112bae23c2111595d9995b686f61194515f11655856b6d309db0d,-93,,3,64,12.0,3
17:45:56,26.0,3,c9bb629e899c28b80558ad4edacff0ca5f44e0e31facc824705d1fdd508c3a70,-93,,3,64,,3
17:45:56,,3,8b81152c729d39608207308be7fc145c3a72657d3353cb72c357b4738fa8acc8,-82,,3,64,,3
17:45:57,,3,c328d1e95960f1baa496e79c1c49579c7c8f776bcdf3490bac59362d9de4257f,-88,,3,64,,3
17:45:58,,3,8b81152c729d39608207308be7fc145c3a72657d3353cb72c357b4738fa8acc8,-80,,3,64,,3
17:45:59,26.0,3,d9dfe3864eca1b59e537aea8c7b55da18dcc8e1bdfd92f82fc946a8377669548,-76,,3,64,12.0,3
17:46:00,26.0,3,8ff3c0b9f05e636e7bd6458f45b4927b69f23c55a76bf61df5fd984f1580a666,-94,,3,64,26.0,3
17:46:00,26.0,3,91357a721956d2ca40f321df1b0b1eeb8419bb710e3b1723b5464b199ac19088,-96,,3,64,,3
17:46:01,26.0,3,8ff3c0b9f05e636e7bd6458f45b4927b69f23c55a76bf61df5fd984f1580a666,-90,,3,64,26.0,3
17:46:02,26.0,3,5b28ceec58b1d7fee5322fa60c691bebe2d7edd5502c96f3b9298ef908ce3b9e,-88,,3,64,12.0,3
17:46:03,26.0,3,f16bfa3f3a3e456bdd5c99d8f5c042ee0322d10df6057bcb0fd844edbca6a36c,-89,,3,64,12.0,3
17:46:04,,3,23d3f5943908604ce86dd54cbf5ba5121040f151f25507e69f1339bb21f6d497,-93,,3,64,,3
17:46:04,,3,8b81152c729d39608207308be7fc145c3a72657d3353cb72c357b4738fa8acc8,-85,,3,64,,3
17:46:05,26.0,3,d9dfe3864eca1b59e537aea8c7b55da18dcc8e1bdfd92f82fc946a8377669548,-82,,3,64,12.0,3
17:46:06,26.0,3,5b28ceec58b1d7fee5322fa60c691bebe2d7edd5502c96f3b9298ef908ce3b9e,-87,,3,64,12.0,3
17:46:07,26.0,3,91357a721956d2ca40f321df1b0b1eeb8419bb710e3b1723b5464b199ac19088,-92,,3,64,8.0,3
17:46:07,26.0,3,d9dfe3864eca1b59e537aea8c7b55da18dcc8e1bdfd92f82fc946a8377669548,-83,,3,64,12.0,3
17:46:08,26.0,3,c9bb629e899c28b80558ad4edacff0ca5f44e0e31facc824705d1fdd508c3a70,-91,,3,64,,3
17:46:09,26.0,3,c9bb629e899c28b80558ad4edacff0ca5f44e0e31facc824705d1fdd508c3a70,-93,,3,64,,3
17:46:10,26.0,3,91357a721956d2ca40f321df1b0b1eeb8419bb710e3b1723b5464b199ac19088,-83,,3,64,8.0,3
17:46:11,,3,ff203532c7337328346bcbb9f7e1123fd507db4867eacdfb25bb7bf94a2ad506,-85,,3,64,,3
17:46:11,26.0,3,cf591ccd94ffec101cbd5f3c6bca4825034dc74100913d10a2f1ffc70af5e5a1,-95,,3,64,12.0,3
17:46:12,26.0,3,2462c6959960f4dba97ac9fe0817643e4ad4c52d0f6db30ddcf2660dd0350af5,-91,,3,64,4.0,3
17:46:13,26.0,3,d9dfe3864eca1b59e537aea8c7b55da18dcc8e1bdfd92f82fc946a8377669548,-88,,3,64,12.0,3
17:46:14,26.0,3,91357a721956d2ca40f321df1b0b1eeb8419bb710e3b1723b5464b199ac19088,-91,,3,64,8.0,3
17:46:15,26.0,3,b57140b02aa3bca6920e5585d777faf2214dc455d081154d743bcb2222327a06,-85,,3,64,8.0,3
17:46:15,,3,3d01db3b57e3834163e88ee5eb1106c5e78eb89e1d03281036e5159f505f3ae0,-94,,3,64,,3
17:46:16,26.0,3,2462c6959960f4dba97ac9fe0817643e4ad4c52d0f6db30ddcf2660dd0350af5,-92,,3,64,4.0,3
17:46:17,26.0,3,d9dfe3864eca1b59e537aea8c7b55da18dcc8e1bdfd92f82fc946a8377669548,-84,,3,64,12.0,3
17:46:18,26.0,3,c9bb629e899c28b80558ad4edacff0ca5f44e0e31facc824705d1fdd508c3a70,-95,,3,64,,3
17:46:19,,3,ff203532c7337328346bcbb9f7e1123fd507db4867eacdfb25bb7bf94a2ad506,-89,,3,64,,3
17:46:19,26.0,3,b57140b02aa3bca6920e5585d777faf2214dc455d081154d743bcb2222327a06,-84,,3,64,8.0,3
17:46:20,26.0,3,5101f50a1d7544d58c96aad909641bc9b73d068e8f7335e6958082d8e6597ad5,-89,,3,64,8.0,3
17:46:21,26.0,3,cf591ccd94ffec101cbd5f3c6bca4825034dc74100913d10a2f1ffc70af5e5a1,-93,,3,64,12.0,3
17:46:22,26.0,3,b57140b02aa3bca6920e5585d777faf2214dc455d081154d743bcb2222327a06,-78,,3,64,8.0,3
17:46:23,26.0,3,2cf661bc2ec51562e8d3a71ed91f7125361e02b8688fc8083d06f587c8680d68,-87,,3,64,12.0,3
17:46:23,26.0,3,c9bb629e899c28b80558ad4edacff0ca5f44e0e31facc824705d1fdd508c3a70,-90,,3,64,,3
17:46:24,26.0,3,2cf661bc2ec51562e8d3a71ed91f7125361e02b8688fc8083d06f587c8680d68,-94,,3,64,12.0,3
17:46:25,26.0,3,8ff3c0b9f05e636e7bd6458f45b4927b69f23c55a76bf61df5fd984f1580a666,-88,,3,64,26.0,3
17:46:26,,3,c328d1e95960f1baa496e79c1c49579c7c8f776bcdf3490bac59362d9de4257f,-87,,3,64,,3
17:46:27,26.0,3,d9dfe3864eca1b59e537aea8c7b55da18dcc8e1bdfd92f82fc946a8377669548,-73,,3,64,12.0,3
17:46:27,,3,5e7585dbaf03538ce2d2c933e244d460b5f1a4f2668e31405d95d2718307ade4,-93,,3,64,,3
17:46:28,26.0,3,d9dfe3864eca1b59e537aea8c7b55da18dcc8e1bdfd92f82fc946a8377669548,-88,,3,64,12.0,3
17:46:29,26.0,3,d68dd1c2c1e072f670c8fdd5f12cea65d1fb8ee44c625d4889208a757a55354b,-86,,3,64,7.0,3
17:46:30,26.0,3,2cf661bc2ec51562e8d3a71ed91f7125361e02b8688fc8083d06f587c8680d68,-83,,3,64,12.0,3
17:46:31,26.0,3,ce963df65456910a68f44aaa2f46b5a4e3e209a2166c17162905b0b054a5017f,-92,,3,64,12.0,3
17:46:31,26.0,3,cf591ccd94ffec101cbd5f3c6bca4825034dc74100913d10a2f1ffc70af5e5a1,-89,,3,64,12.0,3
17:46:32,26.0,3,5b28ceec58b1d7fee5322fa60c691bebe2d7edd5502c96f3b9298ef908ce3b9e,-95,,3,64,12.0,3
17:46:33,26.0,3,f1965dc1139112bae23c2111595d9995b686f61194515f11655856b6d309db0d,-87,,3,64,12.0,3
17:46:34,26.0,3,2cf661bc2ec51562e8d3a71ed91f7125361e02b8688fc8083d06f587c8680d68,-85,,3,64,12.0,3
17:46:35,,3,ff203532c7337328346bcbb9f7e1123fd507db4867eacdfb25bb7bf94a2ad506,-83,,3,64,,3
17:46:35,26.0,3,2cf661bc2ec51562e8d3a71ed91f7125361e02b8688fc8083d06f587c8680d68,-82,,3,64,12.0,3
17:46:36,,3,8b81152c729d39608207308be7fc145c3a72657d3353cb72c357b4738fa8acc8,-72,,3,64,,3
17:46:37,26.0,3,c9bb629e899c28b80558ad4edacff0ca5f44e0e31facc824705d1fdd508c3a70,-89,,3,64,,3
17:46:38,,3,c328d1e95960f1baa496e79c1c49579c7c8f776bcdf3490bac59362d9de4257f,-85,,3,64,,3
17:46:39,,3,8b81152c729d39608207308be7fc145c3a72657d3353cb72c357b4738fa8acc8,-78,,3,64,,3
17:46:39,26.0,3,a15fc0061d6656226b1f1441a8ddc9ce7f3887246b3d06bef331cf86cd3ce944,-87,,3,64,12.0,3
17:46:40,26.0,3,a15fc0061d6656226b1f1441a8ddc9ce7f3887246b3d06bef331cf86cd3ce944,-90,,3,64,12.0,3
17:46:41,26.0,3,2cf661bc2ec51562e8d3a71ed91f7125361e02b8688fc8083d06f587c8680d68,-82,,3,64,12.0,3
17:46:42,26.0,3,cf591ccd94ffec101cbd5f3c6bca4825034dc74100913d10a2f1ffc70af5e5a1,-87,,3,64,12.0,3
17:46:43,,3,8b81152c729d39608207308be7fc145c3a72657d3353cb72c357b4738fa8acc8,-88,,3,64,,3
17:46:43,,3,714dc223062a0d45ad020f30b202badfdff6d1c4849033ef529cdd3ff690471f,-88,,3,64,,3
17:46:44,26.0,3,f1965dc1139112bae23c2111595d9995b686f61194515f11655856b6d309db0d,-91,,3,64,12.0,3
17:46:45,26.0,3,c9bb629e899c28b80558ad4edacff0ca5f44e0e31facc824705d1fdd508c3a70,-86,,3,64,,3
17:46:46,26.0,3,c9bb629e899c28b80558ad4edacff0ca5f44e0e31facc824705d1fdd508c3a70,-89,,3,64,,3
17:46:47,26.0,3,2462c6959960f4dba97ac9fe0817643e4ad4c52d0f6db30ddcf2660dd0350af5,-93,,3,64,4.0,3
17:46:47,26.0,3,c9bb629e899c28b80558ad4edacff0ca5f44e0e31facc824705d1fdd508c3a70,-93,,3,64,,3
17:46:48,26.0,3,2cf661bc2ec51562e8d3a71ed91f7125361e02b8688fc8083d06f587c8680d68,-83,,3,64,12.0,3
17:46:49,26.0,3,2462c6959960f4dba97ac9fe0817643e4ad4c52d0f6db30ddcf2660dd0350af5,-90,,3,64,4.0,3
17:46:50,26.0,3,c9bb629e899c28b80558ad4edacff0ca5f44e0e31facc824705d1fdd508c3a70,-93,,3,64,,3
17:46:50,,3,8b81152c729d39608207308be7fc145c3a72657d3353cb72c357b4738fa8acc8,-88,,3,64,,3
17:46:51,26.0,3,73ef6892f2bf4602279ba6d4cb4f05f9c7d4b965290dccf8260c8fc410d8327f,-84,,3,64,8.0,3
17:46:52,26.0,3,3dd405925a18f8d193f336d5c8ecd8bb81e26a1a7c5f354a5b502d25aa0bc608,-92,,3,64,,3
17:46:53,,3,007f6bc92160c7ebaa88c2f9b2106fc2fc858af6042cdd464b970a599aace260,-83,,3,64,,3
17:46:54,26.0,3,a15fc0061d6656226b1f1441a8ddc9ce7f3887246b3d06bef331cf86cd3ce944,-94,,3,64,12.0,3
17:46:54,,3,8b81152c729d39608207308be7fc145c3a72657d3353cb72c357b4738fa8acc8,-82,,3,64,,3
17:46:55,26.0,3,c9bb629e899c28b80558ad4edacff0ca5f44e0e31facc824705d1fdd508c3a70,-88,,3,64,,3
17:46:56,,3,2bf8d7367521ff9cbb2aa9d2d4eab14b8ddcdf72db892229a9bea8527f9cb253,-89,,3,64,,3
17:46:57,26.0,3,2462c6959960f4dba97ac9fe0817643e4ad4c52d0f6db30ddcf2660dd0350af5,-93,,3,64,4.0,3
17:46:58,,3,522cbfb7104972bebf8a2c520c74a9b1f4a33c5f0ebf03c746903615e75824c7,-87,,3,64,,3
17:46:58,,3,8b81152c729d39608207308be7fc145c3a72657d3353cb72c357b4738fa8acc8,-76,,3,64,,3
17:46:59,26.0,3,5b28ceec58b1d7fee5322fa60c691bebe2d7edd5502c96f3b9298ef908ce3b9e,-89,,3,64,12.0,3
17:47:00,26.0,3,2ee1768f467d590449f3fbc8d70d536956442dd66e37d75fd9dd09b225629667,-93,,3,64,8.0,3
17:47:01,26.0,3,91357a721956d2ca40f321df1b0b1eeb8419bb710e3b1723b5464b199ac19088,-92,,3,64,8.0,3
17:47:02,26.0,3,2462c6959960f4dba97ac9fe0817643e4ad4c52d0f6db30ddcf2660dd0350af5,-90,,3,64,4.0,3
17:47:02,,3,8b81152c729d39608207308be7fc145c3a72657d3353cb72c357b4738fa8acc8,-90,,3,64,,3
17:47:03,26.0,3,1cc39eafb7519dd15d80ca5634466d96fc8dbebf8870614ce1fcccad71f9cc6f,-93,,3,64,8.0,3
17:47:04,26.0,3,2462c6959960f4dba97ac9fe0817643e4ad4c52d0f6db30ddcf2660dd0350af5,-91,,3,64,4.0,3
17:47:05,26.0,3,cf591ccd94ffec101cbd5f3c6bca4825034dc74100913d10a2f1ffc70af5e5a1,-91,,3,64,12.0,3
17:47:06,26.0,3,2462c6959960f4dba97ac9fe0817643e4ad4c52d0f6db30ddcf2660dd0350af5,-94,,3,64,4.0,3
17:47:06,,3,8b81152c729d39608207308be7fc145c3a72657d3353cb72c357b4738fa8acc8,-81,,3,64,,3
17:47:07,26.0,3,2ee1768f467d590449f3fbc8d70d536956442dd66e37d75fd9dd09b225629667,-94,,3,64,8.0,3
17:47:08,,3,4385cb3a9d176ebd76048bea68025ba0108015aa5304491ca1602f15d72eb134,-95,,3,64,,3
17:47:09,,3,ff203532c7337328346bcbb9f7e1123fd507db4867eacdfb25bb7bf94a2ad506,-83,,3,64,,3
17:47:10,26.0,3,d9dfe3864eca1b59e537aea8c7b55da18dcc8e1bdfd92f82fc946a8377669548,-83,,3,64,12.0,3
17:47:10,26.0,3,2ee1768f467d590449f3fbc8d70d536956442dd66e37d75fd9dd09b225629667,-93,,3,64,8.0,3
17:47:11,26.0,3,aea9f0f0f6a53f8cb600124a5c3d5835e9afce225b2857aec9b2f96df78b17f0,-94,,3,64,8.0,3
17:47:12,26.0,3,2cf661bc2ec51562e8d3a71ed91f7125361e02b8688fc8083d06f587c8680d68,-91,,3,64,12.0,3
17:47:13,26.0,3,cf591ccd94ffec101cbd5f3c6bca4825034dc74100913d10a2f1ffc70af5e5a1,-88,,3,64,12.0,3
17:47:14,,3,c01f6437bce2acb1e6e3052a3687d4d356cf50346708e3ec1fa450f2987cf850,-90,,3,64,,3
17:47:14,26.0,3,2462c6959960f4dba97ac9fe0817643e4ad4c52d0f6db30ddcf2660dd0350af5,-87,,3,64,4.0,3
17:47:15,26.0,3,5101f50a1d7544d58c96aad909641bc9b73d068e8f7335e6958082d8e6597ad5,-91,,3,64,8.0,3
17:47:16,26.0,3,2462c6959960f4dba97ac9fe0817643e4ad4c52d0f6db30ddcf2660dd0350af5,-84,,3,64,4.0,3
17:47:17,26.0,3,a15fc0061d6656226b1f1441a8ddc9ce7f3887246b3d06bef331cf86cd3ce944,-89,,3,64,12.0,3
17:47:18,26.0,3,a15fc0061d6656226b1f1441a8ddc9ce7f3887246b3d06bef331cf86cd3ce944,-90,,3,64,12.0,3
17:47:18,26.0,3,c9bb629e899c28b80558ad4edacff0ca5f44e0e31facc824705d1fdd508c3a70,-90,,3,64,,3
17:47:19,26.0,3,d9dfe3864eca1b59e537aea8c7b55da18dcc8e1bdfd92f82fc946a8377669548,-92,,3,64,12.0,3
17:47:20,,3,efc297596557a327edfdef5ffe80dcb4d3b5623a89075a7330575256e31b8d86,-92,,3,64,,3
17:47:21,26.0,3,5b28ceec58b1d7fee5322fa60c691bebe2d7edd5502c96f3b9298ef908ce3b9e,-88,,3,64,12.0,3
17:47:22,,3,c7b15f6b044438bf29d596985cc05a7fcdb47231722c2dd168e68b16f09e870a,-88,,3,64,,3
17:47:22,26.0,3,2462c6959960f4dba97ac9fe0817643e4ad4c52d0f6db30ddcf2660dd0350af5,-89,,3,64,4.0,3
17:47:23,26.0,3,968c7d2814aa31e73c7a49fa11b4df19983a4b505fd8971ad16b87641f45007b,-93,,3,64,8.0,3
17:47:24,26.0,3,a034e932b0eeb11e6b915bf607f5429bc70477d49464d7ed35bbc91a8b0f9c0a,-90,,3,64,26.0,3
17:47:25,,3,3c1025477f8c5dcb5d209e23b513b5f56454741d64953a5386874194a29cc746,-93,,3,64,,3
17:47:26,,3,cdd2324fadf866f1cc2ac802de379f4055aac850743943292160e4ea5151ba73,-95,,3,64,,3
17:47:26,,3,3c1025477f8c5dcb5d209e23b513b5f56454741d64953a5386874194a29cc746,-92,,3,64,,3
17:47:27,,3,3c1025477f8c5dcb5d209e23b513b5f56454741d64953a5386874194a29cc746,-92,,3,64,,3
17:47:28,,3,ee2af89e2ac16440ce68ff300a783dbcb833ee3dd572c0f305261262f793c4f8,-93,,3,64,,3
17:47:29,,3,1d4baef4a0d0d9339140b0c6996b4825610703fc60c199a63628aaf0612c9a32,-79,,3,64,,3
17:47:30,,3,c328d1e95960f1baa496e79c1c49579c7c8f776bcdf3490bac59362d9de4257f,-91,,3,64,,3
17:47:30,,3,2bf8d7367521ff9cbb2aa9d2d4eab14b8ddcdf72db892229a9bea8527f9cb253,-87,,3,64,,3
17:47:31,26.0,3,a034e932b0eeb11e6b915bf607f5429bc70477d49464d7ed35bbc91a8b0f9c0a,-74,,3,64,26.0,3
17:47:32,,3,522cbfb7104972bebf8a2c520c74a9b1f4a33c5f0ebf03c746903615e75824c7,-97,,3,64,,3
17:47:33,26.0,3,a034e932b0eeb11e6b915bf607f5429bc70477d49464d7ed35bbc91a8b0f9c0a,-80,,3,64,26.0,3
17:47:34,,3,84a7ca6787cc9e00671e3492a385b0807624569b94ccd28932057393fd5ad777,-93,,3,64,,3
17:47:34,,3,2bf8d7367521ff9cbb2aa9d2d4eab14b8ddcdf72db892229a9bea8527f9cb253,-82,,3,64,,3
17:47:35,26.0,3,2ee1768f467d590449f3fbc8d70d536956442dd66e37d75fd9dd09b225629667,-88,,3,64,8.0,3
17:47:36,26.0,3,968c7d2814aa31e73c7a49fa11b4df19983a4b505fd8971ad16b87641f45007b,-87,,3,64,8.0,3
17:47:37,,3,edf37bb75f061227034d94aba9b652890bf02863348ecbb4a19ffcb83461d57c,-94,,3,64,,3
17:47:37,26.0,3,a034e932b0eeb11e6b915bf607f5429bc70477d49464d7ed35bbc91a8b0f9c0a,-87,,3,64,26.0,3
17:47:38,,3,2bf8d7367521ff9cbb2aa9d2d4eab14b8ddcdf72db892229a9bea8527f9cb253,-90,,3,64,,3
17:47:39,,3,c3c9a7f4d43b698d87b6f4907ffb9997a2bacb0794b23c79a19f3038861307e9,-93,,3,64,,3
17:47:40,,3,ee2af89e2ac16440ce68ff300a783dbcb833ee3dd572c0f305261262f793c4f8,-92,,3,64,,3
17:47:41,26.0,3,968c7d2814aa31e73c7a49fa11b4df19983a4b505fd8971ad16b87641f45007b,-87,,3,64,8.0,3
17:47:41,,3,2adbc935839480492d36dee921326ce6fbe2c05d4b847531515be232f0160cb8,-84,,3,64,,3
17:47:42,26.0,3,ca68c95a0474c56ba13faf7ae447c70f46ec85253030cfda4fe1cfc24f1595eb,-91,,3,64,24.0,3
17:47:43,,3,2adbc935839480492d36dee921326ce6fbe2c05d4b847531515be232f0160cb8,-88,,3,64,,3
17:47:44,26.0,3,0a32c6108b45ddef9e92a671499191f3f731f051d15ab3ba49e1238ce1ae3c5f,-85,,3,64,12.0,3
17:47:45,26.0,3,968c7d2814aa31e73c7a49fa11b4df19983a4b505fd8971ad16b87641f45007b,-77,,3,64,8.0,3
17:47:45,26.0,3,5c043c80fa8b6eeeb671139adf6af23ac535ed1ad85d9503c0669b51c2956bb0,-87,,3,64,7.0,3
17:47:46,26.0,3,77fcefa2ff9e2064ed4c1513694c20d6470cb633d9d8b2ef624bec804fc2f778,-95,,3,64,8.0,3
17:47:47,26.0,3,e126fd293036acd39518b28f9ef7a18d7d2f52a7b7ec1f4958e4c39bedb26f43,-90,,3,64,12.0,3
17:47:48,,3,52dabf94f1a2697baa57ab3e5aeec37f4bc73e0f4642d22b0c07e72e4402495b,-81,,3,64,,3
17:47:49,,3,9e0fee9008e4d4d57d40e13f04da5c6b120952ad2feef8a5b183f40f13470acd,-96,,3,64,,3
17:47:49,,3,627b2c345a76667f84714a61a8fe8b6276520358c367b7d063bf2cd1620b1ea9,-92,,3,64,,3
17:47:50,,3,2bf8d7367521ff9cbb2aa9d2d4eab14b8ddcdf72db892229a9bea8527f9cb253,-91,,3,64,,3
17:47:51,,3,627b2c345a76667f84714a61a8fe8b6276520358c367b7d063bf2cd1620b1ea9,-84,,3,64,,3
17:47:52,,3,ee2af89e2ac16440ce68ff300a783dbcb833ee3dd572c0f305261262f793c4f8,-92,,3,64,,3
17:47:53,,3,5339d2b6e20d19734117a1c4e80ff584282dfdd8cb6518945ff5606cc4456bae,-97,,3,64,,3
17:47:53,26.0,3,c48c5a6d3be487b296d61c1ab294487cbef7d5c239bd99fb225f42eac0b7be4f,-92,,3,64,7.0,3
17:47:54,,3,348b1aae423eab0e115c55a110216fc4453d3c6ff9b2c267923e35be364a5a4f,-93,,3,64,,3
17:47:55,,3,348b1aae423eab0e115c55a110216fc4453d3c6ff9b2c267923e35be364a5a4f,-93,,3,64,,3
17:47:56,,3,38ed2b3546ed78629d44d795f63838b38c886a3d174d5b89cb9e396517e22bbd,-93,,3,64,,3
17:47:57,,3,348b1aae423eab0e115c55a110216fc4453d3c6ff9b2c267923e35be364a5a4f,-94,,3,64,,3
17:47:57,,3,348b1aae423eab0e115c55a110216fc4453d3c6ff9b2c267923e35be364a5a4f,-91,,3,64,,3
17:47:58,26.0,3,48f09717649f291be23f06280e0b99aafd60317c22d5b3b1948a115560354880,-86,,3,64,7.0,3
17:47:59,26.0,3,4c0997ee680cf832505ece0d9588deed0ec65aa0a612e1abcd8db16608201c80,-87,,3,64,8.0,3
17:48:00,,3,efec3cca0ca19cd34a043cf43dc3a0e5fa9ae6dfbabc8a363b03f5ceecf7fcc6,-86,,3,64,,3
17:48:01,,3,8b81152c729d39608207308be7fc145c3a72657d3353cb72c357b4738fa8acc8,-78,,3,64,,3
17:48:01,,3,ad8ab0ed08aa23d44cbcbd3306eee342b13c1c8996da39112a816a75fecd5b73,-93,,3,64,,3
17:48:02,,3,2dc04c62ea8ce990e554f314b808740c701ba3036fade6f173637a248d2cb9ea,-89,,3,64,,3
17:48:03,,3,92c07158648035e3888bfc5902fb5bec0f64b501149787a986e73099f2c92ee3,-85,,3,64,,3
17:48:04,,3,f9ff5116a6d00d501fca2e597101eb4715b8b95b35a5e1ffba6e31ad27310c54,-91,,3,64,,3
17:48:05,,3,8b81152c729d39608207308be7fc145c3a72657d3353cb72c357b4738fa8acc8,-76,,3,64,,3
17:48:05,,3,92c07158648035e3888bfc5902fb5bec0f64b501149787a986e73099f2c92ee3,-85,,3,64,,3
17:48:06,,3,2dc04c62ea8ce990e554f314b808740c701ba3036fade6f173637a248d2cb9ea,-88,,3,64,,3
17:48:07,,3,95f312fd519edc35b34bd8eb30afd21b0402b6af2dfba353183c642d5f30e544,-92,,3,64,,3
17:48:08,,3,efec3cca0ca19cd34a043cf43dc3a0e5fa9ae6dfbabc8a363b03f5ceecf7fcc6,-81,,3,64,,3
17:48:09,,3,92c07158648035e3888bfc5902fb5bec0f64b501149787a986e73099f2c92ee3,-88,,3,64,,3
17:48:09,,3,2dc04c62ea8ce990e554f314b808740c701ba3036fade6f173637a248d2cb9ea,-92,,3,64,,3
17:48:10,,3,95f312fd519edc35b34bd8eb30afd21b0402b6af2dfba353183c642d5f30e544,-92,,3,64,,3
17:48:11,,3,769eb3b1f1af3d2ce34e18a008f33221589d925ece07fc3c497d973619294eaa,-90,,3,64,,3
17:48:12,,3,92c07158648035e3888bfc5902fb5bec0f64b501149787a986e73099f2c92ee3,-90,,3,64,,3
17:48:13,,3,8b81152c729d39608207308be7fc145c3a72657d3353cb72c357b4738fa8acc8,-79,,3,64,,3
17:48:13,,3,2dc04c62ea8ce990e554f314b808740c701ba3036fade6f173637a248d2cb9ea,-90,,3,64,,3
17:48:14,,3,92c07158648035e3888bfc5902fb5bec0f64b501149787a986e73099f2c92ee3,-90,,3,64,,3
17:48:15,,3,d1ba21f9c7ba9cea05d2db124d703d383d4e842ffb8f046f259cd31d9d365212,-93,,3,64,,3
17:48:16,,3,92c07158648035e3888bfc5902fb5bec0f64b501149787a986e73099f2c92ee3,-91,,3,64,,3
17:48:17,26.0,3,48f09717649f291be23f06280e0b99aafd60317c22d5b3b1948a115560354880,-89,,3,64,7.0,3
17:48:17,,3,92c07158648035e3888bfc5902fb5bec0f64b501149787a986e73099f2c92ee3,-92,,3,64,,3
17:48:18,,3,92c07158648035e3888bfc5902fb5bec0f64b501149787a986e73099f2c92ee3,-92,,3,64,,3
17:48:19,26.0,3,cd0806f4bd4ba18e97f652bbbf36685c7b3eda3095197528751079eada5d5709,-93,,3,64,,3
17:48:20,,3,92c07158648035e3888bfc5902fb5bec0f64b501149787a986e73099f2c92ee3,-94,,3,64,,3
17:48:21,,3,92c07158648035e3888bfc5902fb5bec0f64b501149787a986e73099f2c92ee3,-87,,3,64,,3
17:48:21,26.0,3,cd0806f4bd4ba18e97f652bbbf36685c7b3eda3095197528751079eada5d5709,-94,,3,64,,3
17:48:22,26.0,3,082a48c7e4db23baa2124717be507c029fb0568f3806e439395c36d839f11d2e,-92,,3,64,26.0,3
17:48:23,26.0,3,be9f72225105be7d4463786f6ee040ae1e2d313af1d612367347ae77040490bb,-76,,3,64,12.0,3
17:48:24,26.0,3,be9f72225105be7d4463786f6ee040ae1e2d313af1d612367347ae77040490bb,-65,,3,64,12.0,3
17:48:24,,3,1db5d67f985c46d1a8fe67e46587a9fa90ddca6006205f7dd388b6faa32fec2e,-91,,3,64,,3
17:48:25,,3,92c07158648035e3888bfc5902fb5bec0f64b501149787a986e73099f2c92ee3,-94,,3,64,,3
17:48:26,,3,92c07158648035e3888bfc5902fb5bec0f64b501149787a986e73099f2c92ee3,-92,,3,64,,3
17:48:27,26.0,3,12517878bb32debac0dcf9960dcc92e79755db014c86aeb3332cb0da52e62ecc,-90,,3,64,12.0,3
17:48:28,26.0,3,c23b5a411cdaecf3514db66321d2723cb0c8588a52f4ce270f7fc151248df319,-94,,3,64,7.0,3
17:48:28,,3,8b81152c729d39608207308be7fc145c3a72657d3353cb72c357b4738fa8acc8,-79,,3,64,,3
17:48:29,26.0,3,c48c5a6d3be487b296d61c1ab294487cbef7d5c239bd99fb225f42eac0b7be4f,-87,,3,64,7.0,3
17:48:30,,3,2dc04c62ea8ce990e554f314b808740c701ba3036fade6f173637a248d2cb9ea,-93,,3,64,,3
17:48:31,,3,95f312fd519edc35b34bd8eb30afd21b0402b6af2dfba353183c642d5f30e544,-87,,3,64,,3
17:48:32,,3,f9ff5116a6d00d501fca2e597101eb4715b8b95b35a5e1ffba6e31ad27310c54,-93,,3,64,,3
17:48:32,26.0,3,6e53a35cd1444fc67d021658fec0ddbea8a8b88d118879e866e95ce1ad3e5aad,-89,,3,64,7.0,3
17:48:33,26.0,3,f8c68800e02aad5d0b6c4b73dcd185a4b21ad1043451d56d09c01628c4985801,-89,,3,64,12.0,3
17:48:34,,3,f0ed5a5509cd157fc3f85b5c79ee6de61f6458e3d6f3e811b41b97f914b88243,-88,,3,64,,3
17:48:35,,3,b1e955a9b99730927ce657480fc50de51bf163aec07a01b4c378a217539ef4bb,-91,,3,64,,3
17:48:36,,3,51ecce1743a6e958df155f117bd4423b757862b466107ba60886ca35ea828737,-90,,3,64,,3
17:48:36,,3,d96e960a07053efee831ebce3d51631dc80f1238c0e08635a6ea10e10310aace,-96,,3,64,,3
17:48:37,26.0,3,48f09717649f291be23f06280e0b99aafd60317c22d5b3b1948a115560354880,-86,,3,64,7.0,3
17:48:38,26.0,3,2817f9251b816961085e6b85d556d582fb73ebb3d2827af96fccc372ef597e81,-94,,3,64,12.0,3
17:48:39,,3,769eb3b1f1af3d2ce34e18a008f33221589d925ece07fc3c497d973619294eaa,-87,,3,64,,3
17:48:40,,3,1d491eb7d9841c2706d0ad197899d118ef65e17503a73d98991f0af38c7adcee,-93,,3,64,,3
17:48:40,26.0,3,90a8ed08cb9e360c10da954d0d09086686c71a1471eca812c4b1555619585605,-87,,3,64,8.0,3
17:48:41,,3,bd62c8d6c79412ace3e496d92985d71164d33e10c0878f52cab3b3e4f0deee28,-80,,3,64,,3
17:48:42,,3,2dc04c62ea8ce990e554f314b808740c701ba3036fade6f173637a248d2cb9ea,-88,,3,64,,3
17:48:43,,3,d1ba21f9c7ba9cea05d2db124d703d383d4e842ffb8f046f259cd31d9d365212,-90,,3,64,,3
17:48:44,,3,92c07158648035e3888bfc5902fb5bec0f64b501149787a986e73099f2c92ee3,-92,,3,64,,3
17:48:44,26.0,3,4c0997ee680cf832505ece0d9588deed0ec65aa0a612e1abcd8db16608201c80,-88,,3,64,8.0,3
17:48:45,,3,bd62c8d6c79412ace3e496d92985d71164d33e10c0878f52cab3b3e4f0deee28,-82,,3,64,,3
17:48:46,26.0,3,4c0997ee680cf832505ece0d9588deed0ec65aa0a612e1abcd8db16608201c80,-92,,3,64,8.0,3
17:48:47,,3,ec504cf8451c679b5414aa9e7465cb7d64adc104f698f3e72dd9e3d4ed414c47,-90,,3,64,,3
17:48:48,26.0,3,48f09717649f291be23f06280e0b99aafd60317c22d5b3b1948a115560354880,-90,,3,64,7.0,3
17:48:48,26.0,3,48f09717649f291be23f06280e0b99aafd60317c22d5b3b1948a115560354880,-87,,3,64,7.0,3
17:48:49,26.0,3,4c0997ee680cf832505ece0d9588deed0ec65aa0a612e1abcd8db16608201c80,-91,,3,64,8.0,3
17:48:50,,3,7298f54d52ac31aef234d0e7e0eafda6c3ab4bd03649d7e6887bd141229d5eb4,-89,,3,64,,3
17:48:51,26.0,3,48f09717649f291be23f06280e0b99aafd60317c22d5b3b1948a115560354880,-89,,3,64,7.0,3
17:48:52,,3,a7703562f98bda5709f4f36d0c9bc57a8b58fe4a2ba45b986a679910245d6f4c,-92,,3,64,,3
17:48:52,26.0,3,42b044b8fe713ccad844f2fc351c84be87da7b546121c614b816e9c05e26427e,-94,,3,64,7.0,3
17:48:53,,3,b1e955a9b99730927ce657480fc50de51bf163aec07a01b4c378a217539ef4bb,-92,,3,64,,3
17:48:54,6.0,3,264d798c7b4d03aa12820f5d8949d571c774032629ea9d4d46450e9a8330a5ce,-87,BB37,3,64,,3
17:48:55,,3,95f312fd519edc35b34bd8eb30afd21b0402b6af2dfba353183c642d5f30e544,-88,,3,64,,3
17:48:56,,3,95f312fd519edc35b34bd8eb30afd21b0402b6af2dfba353183c642d5f30e544,-85,,3,64,,3
17:48:56,,3,95f312fd519edc35b34bd8eb30afd21b0402b6af2dfba353183c642d5f30e544,-94,,3,64,,3
17:48:57,26.0,3,6e53a35cd1444fc67d021658fec0ddbea8a8b88d118879e866e95ce1ad3e5aad,-93,,3,64,7.0,3
17:48:58,,3,d96e960a07053efee831ebce3d51631dc80f1238c0e08635a6ea10e10310aace,-93,,3,64,,3
17:48:59,,3,769eb3b1f1af3d2ce34e18a008f33221589d925ece07fc3c497d973619294eaa,-88,,3,64,,3
17:49:00,26.0,3,63a8c4b3cc9f80a8b4a4d716ab5ed1e15d4e12b3c2c6d4385bfb00e8a1e7be82,-70,,3,64,12.0,3
17:49:00,4.0,3,fb6ce0de05a5346a50d0080a83c322b15126f413a589d24b5c4930172e432cb1,-87,BB38,3,64,4.0,3
17:49:01,,3,b1e955a9b99730927ce657480fc50de51bf163aec07a01b4c378a217539ef4bb,-93,,3,64,,3
17:49:02,24.0,3,6c52e35f897d677d7e052f06ca8c28cf748d6d107335d94055365b6f4ec5216d,-88,BB39,3,64,0.0,3
17:49:03,24.0,3,6c52e35f897d677d7e052f06ca8c28cf748d6d107335d94055365b6f4ec5216d,-92,BB39,3,64,0.0,3
17:49:04,26.0,3,63a8c4b3cc9f80a8b4a4d716ab5ed1e15d4e12b3c2c6d4385bfb00e8a1e7be82,-90,,3,64,12.0,3
17:49:04,26.0,3,968c7d2814aa31e73c7a49fa11b4df19983a4b505fd8971ad16b87641f45007b,-92,,3,64,8.0,3
17:49:05,,3,8b81152c729d39608207308be7fc145c3a72657d3353cb72c357b4738fa8acc8,-71,,3,64,,3
17:49:06,26.0,3,b77ea652e930627239f5898a70c714f60adea95e8775123214cc56c57f56d78a,-90,,3,64,12.0,3
17:49:07,,3,23d3f5943908604ce86dd54cbf5ba5121040f151f25507e69f1339bb21f6d497,-93,,3,64,,3
17:49:07,,3,b1e955a9b99730927ce657480fc50de51bf163aec07a01b4c378a217539ef4bb,-99,,3,64,,3
17:49:08,26.0,3,b77ea652e930627239f5898a70c714f60adea95e8775123214cc56c57f56d78a,-92,,3,64,12.0,3
17:49:09,24.0,3,6c52e35f897d677d7e052f06ca8c28cf748d6d107335d94055365b6f4ec5216d,-94,BB39,3,64,0.0,3
17:49:10,26.0,3,48f09717649f291be23f06280e0b99aafd60317c22d5b3b1948a115560354880,-92,,3,64,7.0,3
17:49:11,26.0,3,2124e289e9c85a469b7d413558efb0a6bdfc4c39c379eecaf040b5dbc7c4fac1,-92,,3,64,12.0,3
17:49:11,,3,92c07158648035e3888bfc5902fb5bec0f64b501149787a986e73099f2c92ee3,-90,,3,64,,3
17:49:12,,3,92c07158648035e3888bfc5902fb5bec0f64b501149787a986e73099f2c92ee3,-91,,3,64,,3
17:49:13,,3,769eb3b1f1af3d2ce34e18a008f33221589d925ece07fc3c497d973619294eaa,-88,,3,64,,3
17:49:14,,3,92c07158648035e3888bfc5902fb5bec0f64b501149787a986e73099f2c92ee3,-90,,3,64,,3
17:49:15,,3,8b81152c729d39608207308be7fc145c3a72657d3353cb72c357b4738fa8acc8,-64,,3,64,,3
17:49:15,,3,92c07158648035e3888bfc5902fb5bec0f64b501149787a986e73099f2c92ee3,-91,,3,64,,3
17:49:16,26.0,3,63a8c4b3cc9f80a8b4a4d716ab5ed1e15d4e12b3c2c6d4385bfb00e8a1e7be82,-78,,3,64,12.0,3
17:49:17,,3,769eb3b1f1af3d2ce34e18a008f33221589d925ece07fc3c497d973619294eaa,-83,,3,64,,3
17:49:18,26.0,3,462740d5ff63e45d43c77093901bd36b578286a85a74dbf6e6f149bd5f5643ef,-94,,3,64,7.0,3
17:49:19,,3,7298f54d52ac31aef234d0e7e0eafda6c3ab4bd03649d7e6887bd141229d5eb4,-96,,3,64,,3
17:49:19,26.0,3,5899dc4b05c0c7927b8c0fc0dcb913d26a610d36dc664f6f85254dab6dab56ce,-91,,3,64,7.0,3
17:49:20,26.0,3,4c0997ee680cf832505ece0d9588deed0ec65aa0a612e1abcd8db16608201c80,-90,,3,64,8.0,3
17:49:21,,3,f8a2efeaf0262534ec31eb251650863cda46420a1855b864f546beb59036892a,-95,,3,64,,3
17:49:22,26.0,3,2124e289e9c85a469b7d413558efb0a6bdfc4c39c379eecaf040b5dbc7c4fac1,-87,,3,64,12.0,3
17:49:23,26.0,3,63a8c4b3cc9f80a8b4a4d716ab5ed1e15d4e12b3c2c6d4385bfb00e8a1e7be82,-61,,3,64,12.0,3
17:49:23,26.0,3,7c97e1c683168da97edb32118eed9d2f550433fcf3f77daa5f8ba5c12aae9d9a,-92,,3,64,8.0,3
17:49:24,24.0,3,6c52e35f897d677d7e052f06ca8c28cf748d6d107335d94055365b6f4ec5216d,-93,BB39,3,64,0.0,3
17:49:25,,3,8b81152c729d39608207308be7fc145c3a72657d3353cb72c357b4738fa8acc8,-75,,3,64,,3
17:49:26,,3,b1e955a9b99730927ce657480fc50de51bf163aec07a01b4c378a217539ef4bb,-94,,3,64,,3
17:49:27,,3,e181d9f5a6598e490307150c5a95d3bdb48ee5f949e901366f093eb9300ccbbb,-89,,3,64,,3
17:49:27,,3,92c07158648035e3888bfc5902fb5bec0f64b501149787a986e73099f2c92ee3,-93,,3,64,,3
17:49:28,26.0,3,124becb5fcc87bb67d7b4f25729d738994235ceb8c1e9e496eac037628299dd6,-87,,3,64,12.0,3
17:49:29,,3,92c07158648035e3888bfc5902fb5bec0f64b501149787a986e73099f2c92ee3,-91,,3,64,,3
17:49:30,,3,92c07158648035e3888bfc5902fb5bec0f64b501149787a986e73099f2c92ee3,-89,,3,64,,3
17:49:31,26.0,3,63a8c4b3cc9f80a8b4a4d716ab5ed1e15d4e12b3c2c6d4385bfb00e8a1e7be82,-64,,3,64,12.0,3
17:49:31,24.0,3,6c52e35f897d677d7e052f06ca8c28cf748d6d107335d94055365b6f4ec5216d,-89,BB39,3,64,0.0,3
17:49:32,,3,d96e960a07053efee831ebce3d51631dc80f1238c0e08635a6ea10e10310aace,-96,,3,64,,3
17:49:33,26.0,3,5899dc4b05c0c7927b8c0fc0dcb913d26a610d36dc664f6f85254dab6dab56ce,-87,,3,64,7.0,3
17:49:34,26.0,3,63a8c4b3cc9f80a8b4a4d716ab5ed1e15d4e12b3c2c6d4385bfb00e8a1e7be82,-64,,3,64,12.0,3
17:49:35,,3,d96e960a07053efee831ebce3d51631dc80f1238c0e08635a6ea10e10310aace,-89,,3,64,,3
17:49:35,26.0,3,921e70ce9d5e4c0acbf59f5177534cf7968420a7d08c9dafe58b08a3e2779d33,-89,,3,64,,3
17:49:36,,3,d96e960a07053efee831ebce3d51631dc80f1238c0e08635a6ea10e10310aace,-95,,3,64,,3
17:49:37,4.0,3,fb6ce0de05a5346a50d0080a83c322b15126f413a589d24b5c4930172e432cb1,-88,BB38,3,64,4.0,3
17:49:38,,3,f9ff5116a6d00d501fca2e597101eb4715b8b95b35a5e1ffba6e31ad27310c54,-92,,3,64,,3
17:49:39,26.0,3,5cbf222cb43cfc49cc91c58738208f24e751cf9127b6342a5ba5279caf3cf641,-90,,3,64,8.0,3
17:49:39,26.0,3,48f09717649f291be23f06280e0b99aafd60317c22d5b3b1948a115560354880,-79,,3,64,7.0,3
17:49:40,,3,7298f54d52ac31aef234d0e7e0eafda6c3ab4bd03649d7e6887bd141229d5eb4,-92,,3,64,,3
17:49:41,,3,d96e960a07053efee831ebce3d51631dc80f1238c0e08635a6ea10e10310aace,-93,,3,64,,3
17:49:42,,3,8ccb81fc16a5180b03b8cc6a4ddfa0428ec60a45d7403fd7a1d3a5dc5a516edc,-83,,3,64,,3
17:49:43,,3,7298f54d52ac31aef234d0e7e0eafda6c3ab4bd03649d7e6887bd141229d5eb4,-94,,3,64,,3
17:49:43,,3,8b81152c729d39608207308be7fc145c3a72657d3353cb72c357b4738fa8acc8,-62,,3,64,,3
17:49:44,26.0,3,48f09717649f291be23f06280e0b99aafd60317c22d5b3b1948a115560354880,-81,,3,64,7.0,3
17:49:45,,3,769eb3b1f1af3d2ce34e18a008f33221589d925ece07fc3c497d973619294eaa,-83,,3,64,,3
17:49:46,26.0,3,48f09717649f291be23f06280e0b99aafd60317c22d5b3b1948a115560354880,-80,,3,64,7.0,3
17:49:47,24.0,3,6c52e35f897d677d7e052f06ca8c28cf748d6d107335d94055365b6f4ec5216d,-92,BB39,3,64,0.0,3
17:49:47,,3,8b81152c729d39608207308be7fc145c3a72657d3353cb72c357b4738fa8acc8,-70,,3,64,,3
17:49:48,26.0,3,48f09717649f291be23f06280e0b99aafd60317c22d5b3b1948a115560354880,-80,,3,64,,3
17:49:49,26.0,3,48f09717649f291be23f06280e0b99aafd60317c22d5b3b1948a115560354880,-84,,3,64,,3
17:49:50,26.0,3,5899dc4b05c0c7927b8c0fc0dcb913d26a610d36dc664f6f85254dab6dab56ce,-85,,3,64,7.0,3
17:49:51,,3,8ccb81fc16a5180b03b8cc6a4ddfa0428ec60a45d7403fd7a1d3a5dc5a516edc,-88,,3,64,,3
17:49:51,,3,8b81152c729d39608207308be7fc145c3a72657d3353cb72c357b4738fa8acc8,-64,,3,64,,3
17:49:52,26.0,3,462740d5ff63e45d43c77093901bd36b578286a85a74dbf6e6f149bd5f5643ef,-94,,3,64,7.0,3
17:49:53,26.0,3,121e3865a12a57f8594ba171becfecd593713ba2be878d1e8be0f36ea381c7bf,-91,,3,64,12.0,3
17:49:54,,3,51ecce1743a6e958df155f117bd4423b757862b466107ba60886ca35ea828737,-96,,3,64,,3
17:49:55,,3,58beb51afed6bbbfc9b19a72f2a1ce017deed8774355163812cc54562d8326da,-96,,3,64,,3
17:49:55,,3,8b81152c729d39608207308be7fc145c3a72657d3353cb72c357b4738fa8acc8,-65,,3,64,,3
17:49:56,,3,13a92469509d9f794f5b7e6e8a8a129e18efe3fa8cf6e68f3f8bc2bcb3aaa345,-95,,3,64,,3
17:49:57,,3,b1e955a9b99730927ce657480fc50de51bf163aec07a01b4c378a217539ef4bb,-91,,3,64,,3
17:49:58,,3,d96e960a07053efee831ebce3d51631dc80f1238c0e08635a6ea10e10310aace,-91,,3,64,,3
17:49:58,,3,d96e960a07053efee831ebce3d51631dc80f1238c0e08635a6ea10e10310aace,-91,,3,64,,3
17:49:59,26.0,3,462740d5ff63e45d43c77093901bd36b578286a85a74dbf6e6f149bd5f5643ef,-89,,3,64,7.0,3
17:50:00,26.0,3,f648a7f8b3791b1567a1b71aebfb2a8dc06a0354904aa61d1d164253e065de0e,-93,,3,64,8.0,3
17:50:01,,3,31527bfbfa95f4040a809aa9a9b752f2f59a9f82fa378a61cfe34a772546e67a,-87,,3,64,,3
17:50:02,,3,d96e960a07053efee831ebce3d51631dc80f1238c0e08635a6ea10e10310aace,-89,,3,64,,3
17:50:02,26.0,3,462740d5ff63e45d43c77093901bd36b578286a85a74dbf6e6f149bd5f5643ef,-87,,3,64,7.0,3
17:50:03,,3,8b81152c729d39608207308be7fc145c3a72657d3353cb72c357b4738fa8acc8,-68,,3,64,,3
17:50:04,26.0,3,63a8c4b3cc9f80a8b4a4d716ab5ed1e15d4e12b3c2c6d4385bfb00e8a1e7be82,-69,,3,64,12.0,3
17:50:05,26.0,3,48f09717649f291be23f06280e0b99aafd60317c22d5b3b1948a115560354880,-78,,3,64,,3
17:50:06,,3,de42629a43695eaf60b6ef3cfc2ea5b6d425b135a40cba619bdb1bc045e4cba1,-91,,3,64,,3
17:50:06,26.0,3,93df89cb3aee7c780910a2684283c8343b101b1067ffe6c2efb42cc5169bdd97,-93,,3,64,8.0,3
17:50:07,,3,8b81152c729d39608207308be7fc145c3a72657d3353cb72c357b4738fa8acc8,-67,,3,64,,3
17:50:08,,3,13a92469509d9f794f5b7e6e8a8a129e18efe3fa8cf6e68f3f8bc2bcb3aaa345,-93,,3,64,,3
17:50:09,,3,a90542fa730c41f86b923520a5c6dadf713f961e7313a0beeaef9fee9bf7cc75,-93,,3,64,,3
17:50:10,26.0,3,0a32c6108b45ddef9e92a671499191f3f731f051d15ab3ba49e1238ce1ae3c5f,-83,,3,64,12.0,3
17:50:10,26.0,3,48f09717649f291be23f06280e0b99aafd60317c22d5b3b1948a115560354880,-79,,3,64,,3
17:50:11,,3,8b81152c729d39608207308be7fc145c3a72657d3353cb72c357b4738fa8acc8,-70,,3,64,,3
17:50:12,24.0,3,6c52e35f897d677d7e052f06ca8c28cf748d6d107335d94055365b6f4ec5216d,-92,BB39,3,64,0.0,3
17:50:13,26.0,3,48f09717649f291be23f06280e0b99aafd60317c22d5b3b1948a115560354880,-83,,3,64,,3
17:50:14,26.0,3,63a8c4b3cc9f80a8b4a4d716ab5ed1e15d4e12b3c2c6d4385bfb00e8a1e7be82,-70,,3,64,12.0,3
17:50:14,26.0,3,63a8c4b3cc9f80a8b4a4d716ab5ed1e15d4e12b3c2c6d4385bfb00e8a1e7be82,-70,,3,64,12.0,3
17:50:15,,3,8b81152c729d39608207308be7fc145c3a72657d3353cb72c357b4738fa8acc8,-67,,3,64,,3
17:50:16,26.0,3,48f09717649f291be23f06280e0b99aafd60317c22d5b3b1948a115560354880,-77,,3,64,,3
17:50:17,26.0,3,c48c5a6d3be487b296d61c1ab294487cbef7d5c239bd99fb225f42eac0b7be4f,-94,,3,64,7.0,3
17:50:18,26.0,3,48f09717649f291be23f06280e0b99aafd60317c22d5b3b1948a115560354880,-83,,3,64,,3
17:50:18,,3,a90542fa730c41f86b923520a5c6dadf713f961e7313a0beeaef9fee9bf7cc75,-92,,3,64,,3
17:50:19,,3,8b81152c729d39608207308be7fc145c3a72657d3353cb72c357b4738fa8acc8,-67,,3,64,,3
17:50:20,26.0,3,63a8c4b3cc9f80a8b4a4d716ab5ed1e15d4e12b3c2c6d4385bfb00e8a1e7be82,-63,,3,64,12.0,3
17:50:21,,3,7a9d924a3905f039932af22f2598f76943d71e091817d30c4c2ecba297cfe3dc,-93,,3,64,,3
17:50:22,,3,b1e955a9b99730927ce657480fc50de51bf163aec07a01b4c378a217539ef4bb,-94,,3,64,,3
17:50:22,24.0,3,6c52e35f897d677d7e052f06ca8c28cf748d6d107335d94055365b6f4ec5216d,-88,BB39,3,64,0.0,3
17:50:23,,3,d96e960a07053efee831ebce3d51631dc80f1238c0e08635a6ea10e10310aace,-90,,3,64,,3
17:50:24,,3,fa3c296999cad071be5bef82117cac39802ceea1bb7687bb36c5a5f03ef736e3,-91,,3,64,,3
17:50:25,,3,1db5d67f985c46d1a8fe67e46587a9fa90ddca6006205f7dd388b6faa32fec2e,-92,,3,64,,3
17:50:26,,3,7298f54d52ac31aef234d0e7e0eafda6c3ab4bd03649d7e6887bd141229d5eb4,-93,,3,64,,3
17:50:26,26.0,3,63a8c4b3cc9f80a8b4a4d716ab5ed1e15d4e12b3c2c6d4385bfb00e8a1e7be82,-62,,3,64,12.0,3
17:50:27,,3,a90542fa730c41f86b923520a5c6dadf713f961e7313a0beeaef9fee9bf7cc75,-94,,3,64,,3
17:50:28,26.0,3,d3a465a431ec9e6c7ba3f12e56fa555b3e6dacf3a9699ca1a8a2ac186f9b2c5d,-88,,3,64,8.0,3
17:50:29,,3,d96e960a07053efee831ebce3d51631dc80f1238c0e08635a6ea10e10310aace,-92,,3,64,,3
17:50:30,26.0,3,48f09717649f291be23f06280e0b99aafd60317c22d5b3b1948a115560354880,-81,,3,64,7.0,3
17:50:30,26.0,3,9b6ffe0d083cbcef4129350c1b5b36514c55b8ee1edde883a5592e0d2a67574c,-92,,3,64,,3
17:50:31,,3,b1e955a9b99730927ce657480fc50de51bf163aec07a01b4c378a217539ef4bb,-95,,3,64,,3
17:50:32,26.0,3,462740d5ff63e45d43c77093901bd36b578286a85a74dbf6e6f149bd5f5643ef,-79,,3,64,7.0,3
17:50:33,,3,fa3c296999cad071be5bef82117cac39802ceea1bb7687bb36c5a5f03ef736e3,-91,,3,64,,3
17:50:34,,3,7298f54d52ac31aef234d0e7e0eafda6c3ab4bd03649d7e6887bd141229d5eb4,-89,,3,64,,3
17:50:34,26.0,3,462740d5ff63e45d43c77093901bd36b578286a85a74dbf6e6f149bd5f5643ef,-86,,3,64,7.0,3
17:50:35,4.0,3,fb6ce0de05a5346a50d0080a83c322b15126f413a589d24b5c4930172e432cb1,-89,BB38,3,64,4.0,3
17:50:36,26.0,3,0a32c6108b45ddef9e92a671499191f3f731f051d15ab3ba49e1238ce1ae3c5f,-87,,3,64,12.0,3
17:50:37,4.0,3,fb6ce0de05a5346a50d0080a83c322b15126f413a589d24b5c4930172e432cb1,-90,BB38,3,64,4.0,3
17:50:38,,3,b1e955a9b99730927ce657480fc50de51bf163aec07a01b4c378a217539ef4bb,-93,,3,64,,3
17:50:38,,3,5c8d1c5d471ec8118b1d894eb2bb6f41fc0764940aea9ea5d5b1c10656890c61,-98,,3,64,,3
17:50:39,,3,fa3c296999cad071be5bef82117cac39802ceea1bb7687bb36c5a5f03ef736e3,-95,,3,64,,3
17:50:40,26.0,3,faf6d9ee2f22d44525bd66495055ab9f1ee2c04aa492da044852eb03af653a73,-93,,3,64,26.0,3
17:50:41,,3,7298f54d52ac31aef234d0e7e0eafda6c3ab4bd03649d7e6887bd141229d5eb4,-90,,3,64,,3
17:50:42,,3,d96e960a07053efee831ebce3d51631dc80f1238c0e08635a6ea10e10310aace,-89,,3,64,,3
17:50:42,,3,d96e960a07053efee831ebce3d51631dc80f1238c0e08635a6ea10e10310aace,-89,,3,64,,3
17:50:43,26.0,3,8211ae56b06f2ddff76879dbc608b3876ce743458c23e701733d32d5d8ad6fbd,-96,,3,64,7.0,3
17:50:44,26.0,3,7541143a26c1cf00aefc869fb074e355246adb2b831072f7924b41e5a5addb14,-72,,3,64,7.0,3
17:50:45,,3,70e61bee40b561edc920b10ab01726e43de47935e829a22cae347eb805b8b52a,-91,,3,64,,3
17:50:46,,3,7298f54d52ac31aef234d0e7e0eafda6c3ab4bd03649d7e6887bd141229d5eb4,-96,,3,64,,3
17:50:46,,3,7298f54d52ac31aef234d0e7e0eafda6c3ab4bd03649d7e6887bd141229d5eb4,-92,,3,64,,3
17:50:47,,3,13a92469509d9f794f5b7e6e8a8a129e18efe3fa8cf6e68f3f8bc2bcb3aaa345,-87,,3,64,,3
17:50:48,,3,a90542fa730c41f86b923520a5c6dadf713f961e7313a0beeaef9fee9bf7cc75,-92,,3,64,,3
17:50:49,,3,7298f54d52ac31aef234d0e7e0eafda6c3ab4bd03649d7e6887bd141229d5eb4,-94,,3,64,,3
17:50:49,,3,d96e960a07053efee831ebce3d51631dc80f1238c0e08635a6ea10e10310aace,-90,,3,64,,3
17:50:50,,3,a0684d5743e6bc5821115977fd7539c6d7837482adb5da3f7d3e4e069e7629d7,-88,,3,64,,3
17:50:51,,3,7298f54d52ac31aef234d0e7e0eafda6c3ab4bd03649d7e6887bd141229d5eb4,-88,,3,64,,3
17:50:52,26.0,3,8211ae56b06f2ddff76879dbc608b3876ce743458c23e701733d32d5d8ad6fbd,-90,,3,64,7.0,3
17:50:53,,3,d96e960a07053efee831ebce3d51631dc80f1238c0e08635a6ea10e10310aace,-91,,3,64,,3
17:50:53,26.0,3,462740d5ff63e45d43c77093901bd36b578286a85a74dbf6e6f149bd5f5643ef,-88,,3,64,7.0,3
17:50:54,,3,a0684d5743e6bc5821115977fd7539c6d7837482adb5da3f7d3e4e069e7629d7,-83,,3,64,,3
17:50:55,,3,78bfd936c09c8d088418587250ecfb12fd24fec60619f5d4de64e155dc317e20,-90,,3,64,,3
17:50:56,26.0,3,7541143a26c1cf00aefc869fb074e355246adb2b831072f7924b41e5a5addb14,-83,,3,64,7.0,3
17:50:57,,3,d96e960a07053efee831ebce3d51631dc80f1238c0e08635a6ea10e10310aace,-88,,3,64,,3
17:50:57,26.0,3,7541143a26c1cf00aefc869fb074e355246adb2b831072f7924b41e5a5addb14,-77,,3,64,7.0,3
17:50:58,26.0,3,22f8743b72d0ec79dcdcdee074f01b70bb3e3b23a9681007af724817a6a6ba28,-85,,3,64,7.0,3
17:50:59,26.0,3,22f8743b72d0ec79dcdcdee074f01b70bb3e3b23a9681007af724817a6a6ba28,-89,,3,64,7.0,3
17:51:00,26.0,3,6e53a35cd1444fc67d021658fec0ddbea8a8b88d118879e866e95ce1ad3e5aad,-91,,3,64,7.0,3
17:51:01,,3,d96e960a07053efee831ebce3d51631dc80f1238c0e08635a6ea10e10310aace,-92,,3,64,,3
17:51:01,,3,769eb3b1f1af3d2ce34e18a008f33221589d925ece07fc3c497d973619294eaa,-89,,3,64,,3
17:51:02,26.0,3,1aec6bc9ab3e59ce99e699ac711e48c15f1b78129bb413b56af38b5437ba40a2,-91,,3,64,7.0,3
17:51:03,,3,9729c386d00b30a1b2b2e6c58d7e24b98e7feaa46c548e9d00cdb1044001ae88,-89,,3,64,,3
17:51:04,26.0,3,082b2f550278f42567071fa4bd6d2c751d639394a01fd570a538108868a095e0,-94,,3,64,8.0,3
17:51:05,,3,78bfd936c09c8d088418587250ecfb12fd24fec60619f5d4de64e155dc317e20,-95,,3,64,,3
17:51:05,26.0,3,6e53a35cd1444fc67d021658fec0ddbea8a8b88d118879e866e95ce1ad3e5aad,-93,,3,64,7.0,3
17:51:06,,3,9729c386d00b30a1b2b2e6c58d7e24b98e7feaa46c548e9d00cdb1044001ae88,-93,,3,64,,3
17:51:07,,3,2dd6ca852b91f8f0e314472984c0042ffcce3c8e94b65b32c9529048ae0081b6,-86,,3,64,,3
17:51:08,26.0,3,d9d9051302ec52b7d084665a2c4ca432040ab47cc69833395b172035bc33d2db,-90,,3,64,8.0,3
17:51:09,,3,d96e960a07053efee831ebce3d51631dc80f1238c0e08635a6ea10e10310aace,-89,,3,64,,3
17:51:09,,3,51ecce1743a6e958df155f117bd4423b757862b466107ba60886ca35ea828737,-84,,3,64,,3
17:51:10,,3,70e61bee40b561edc920b10ab01726e43de47935e829a22cae347eb805b8b52a,-90,,3,64,,3
17:51:11,,3,d96e960a07053efee831ebce3d51631dc80f1238c0e08635a6ea10e10310aace,-87,,3,64,,3
17:51:12,26.0,3,63a8c4b3cc9f80a8b4a4d716ab5ed1e15d4e12b3c2c6d4385bfb00e8a1e7be82,-61,,3,64,12.0,3
17:51:13,26.0,3,0a32c6108b45ddef9e92a671499191f3f731f051d15ab3ba49e1238ce1ae3c5f,-86,,3,64,12.0,3
17:51:13,,3,f9ff5116a6d00d501fca2e597101eb4715b8b95b35a5e1ffba6e31ad27310c54,-92,,3,64,,3
17:51:14,,3,ecd2ba28ac34df3e427902ae535d6ae7cbe9f2cddb0c239755185ebb81d26001,-89,,3,64,,3
17:51:15,,3,2dd6ca852b91f8f0e314472984c0042ffcce3c8e94b65b32c9529048ae0081b6,-78,,3,64,,3
17:51:16,,3,8212f2d932caa84c2b4e6f1bbf23550a6a9c6f8b610a524cd5c9a1870168a2cb,-93,,3,64,,3
17:51:17,,3,d96e960a07053efee831ebce3d51631dc80f1238c0e08635a6ea10e10310aace,-90,,3,64,,3
17:51:17,,3,8212f2d932caa84c2b4e6f1bbf23550a6a9c6f8b610a524cd5c9a1870168a2cb,-92,,3,64,,3
17:51:18,,3,a0684d5743e6bc5821115977fd7539c6d7837482adb5da3f7d3e4e069e7629d7,-61,,3,64,,3
17:51:19,,3,2dd6ca852b91f8f0e314472984c0042ffcce3c8e94b65b32c9529048ae0081b6,-86,,3,64,,3
17:51:20,26.0,3,462740d5ff63e45d43c77093901bd36b578286a85a74dbf6e6f149bd5f5643ef,-64,,3,64,7.0,3
17:51:21,26.0,3,7541143a26c1cf00aefc869fb074e355246adb2b831072f7924b41e5a5addb14,-92,,3,64,7.0,3
17:51:21,26.0,3,22f8743b72d0ec79dcdcdee074f01b70bb3e3b23a9681007af724817a6a6ba28,-81,,3,64,7.0,3
17:51:22,26.0,3,22f8743b72d0ec79dcdcdee074f01b70bb3e3b23a9681007af724817a6a6ba28,-81,,3,64,7.0,3
17:51:23,,3,8b81152c729d39608207308be7fc145c3a72657d3353cb72c357b4738fa8acc8,-62,,3,64,,3
17:51:24,26.0,3,02103d2962c15db38126590b4bb410fffcbfead28566cc3c18ee521eb7823cc3,-94,,3,64,7.0,3
17:51:25,26.0,3,d7a4660fbc3f807801fee9e15d86c55329c3d828b62f2ae7fa501ab7f1a147ce,-91,,3,64,12.0,3
17:51:25,26.0,3,6218d025a1570d694fb042c7156f321307295c8b74335a9f5b208289588edf52,-90,,3,64,12.0,3
17:51:26,,3,ecd2ba28ac34df3e427902ae535d6ae7cbe9f2cddb0c239755185ebb81d26001,-84,,3,64,,3
17:51:27,,3,8b81152c729d39608207308be7fc145c3a72657d3353cb72c357b4738fa8acc8,-74,,3,64,,3
17:51:28,26.0,3,462740d5ff63e45d43c77093901bd36b578286a85a74dbf6e6f149bd5f5643ef,-79,,3,64,7.0,3
17:51:28,,3,1494e9feb11f0906945c45f1bbe75abecd53af62b66c641c6d91231e287a0fbc,-92,,3,64,,3
17:51:29,,3,5dcb6864eb571307247d20bc545f00c45958075d536de63f4374137faecea8aa,-100,,3,64,,3
17:51:30,26.0,3,22f8743b72d0ec79dcdcdee074f01b70bb3e3b23a9681007af724817a6a6ba28,-90,,3,64,7.0,3
17:51:31,,3,2dd6ca852b91f8f0e314472984c0042ffcce3c8e94b65b32c9529048ae0081b6,-91,,3,64,,3
17:51:32,26.0,3,9696bf8f9c4de68bc68827c0e84c502a04cb8b856acacc59deae1d9c094d54aa,-91,,3,64,12.0,3
17:51:32,24.0,3,6c52e35f897d677d7e052f06ca8c28cf748d6d107335d94055365b6f4ec5216d,-92,BB39,3,64,0.0,3
17:51:33,26.0,3,63a8c4b3cc9f80a8b4a4d716ab5ed1e15d4e12b3c2c6d4385bfb00e8a1e7be82,-70,,3,64,12.0,3
17:51:34,26.0,3,1acd2169e60045cccba14020197168b4eb1ec2a4335d9bf2fff848022426c0b1,-89,,3,64,,3
17:51:35,26.0,3,26a29a9050160c94ccc75fc358c11bbc6659e211daab90dc7edc095abdde72f0,-92,,3,64,12.0,3
17:51:36,26.0,3,94163b106fcfc86235dccd52f11731745ab77239e70b17accda51a9c1887ab00,-70,,3,64,8.0,3
17:51:36,,3,80260132f1fbc7e49a1bbb4a5c5843316b0e0c096f2998b81f93cdd8ca4c7305,-92,,3,64,,3
17:51:37,,3,8b81152c729d39608207308be7fc145c3a72657d3353cb72c357b4738fa8acc8,-78,,3,64,,3
17:51:38,26.0,3,94163b106fcfc86235dccd52f11731745ab77239e70b17accda51a9c1887ab00,-77,,3,64,8.0,3
17:51:39,,3,be01e2954900287cbad753fb467c05b31015a48e3c60eb868ee387d7aa30f465,-95,,3,64,,3
17:51:40,26.0,3,567a929b099977eb8b527c0409fce609377dfe4dc36c65a2b584127e4a211605,-92,,3,64,12.0,3
17:51:40,26.0,3,1acd2169e60045cccba14020197168b4eb1ec2a4335d9bf2fff848022426c0b1,-83,,3,64,,3
17:51:41,26.0,3,63a8c4b3cc9f80a8b4a4d716ab5ed1e15d4e12b3c2c6d4385bfb00e8a1e7be82,-79,,3,64,12.0,3
17:51:42,,3,932e2462a70e13ce01cb8e85ca1d11c46588cbfde93f148bd6824ee4acd67b70,-82,,3,64,,3
17:51:43,26.0,3,9b6a38752bc79df77bd5285811b84608ebfca5e965f1b9e073b6c8c543028cbc,-92,,3,64,12.0,3
17:51:44,26.0,3,7541143a26c1cf00aefc869fb074e355246adb2b831072f7924b41e5a5addb14,-89,,3,64,7.0,3
17:51:44,26.0,3,63a8c4b3cc9f80a8b4a4d716ab5ed1e15d4e12b3c2c6d4385bfb00e8a1e7be82,-78,,3,64,12.0,3
17:51:45,,3,ec30ff6b2cea80ac9336085453c5965107c50616ae4712670fbd5f247877729e,-93,,3,64,,3
17:51:46,,3,80260132f1fbc7e49a1bbb4a5c5843316b0e0c096f2998b81f93cdd8ca4c7305,-82,,3,64,,3
17:51:47,26.0,3,1acd2169e60045cccba14020197168b4eb1ec2a4335d9bf2fff848022426c0b1,-82,,3,64,,3
17:51:48,24.0,3,6c52e35f897d677d7e052f06ca8c28cf748d6d107335d94055365b6f4ec5216d,-92,BB39,3,64,0.0,3
17:51:48,26.0,3,63a8c4b3cc9f80a8b4a4d716ab5ed1e15d4e12b3c2c6d4385bfb00e8a1e7be82,-78,,3,64,12.0,3
17:51:49,26.0,3,63a8c4b3cc9f80a8b4a4d716ab5ed1e15d4e12b3c2c6d4385bfb00e8a1e7be82,-82,,3,64,12.0,3
17:51:50,26.0,3,94163b106fcfc86235dccd52f11731745ab77239e70b17accda51a9c1887ab00,-91,,3,64,8.0,3
17:51:51,,3,ec30ff6b2cea80ac9336085453c5965107c50616ae4712670fbd5f247877729e,-93,,3,64,,3
17:51:52,26.0,3,e10574eb0507d365623e46f33ff1907c712a9a380fa58c35a1b5ffc8b7894ee4,-91,,3,64,7.0,3
17:51:52,26.0,3,f8c68800e02aad5d0b6c4b73dcd185a4b21ad1043451d56d09c01628c4985801,-79,,3,64,12.0,3
17:51:53,26.0,3,63a8c4b3cc9f80a8b4a4d716ab5ed1e15d4e12b3c2c6d4385bfb00e8a1e7be82,-76,,3,64,12.0,3
17:51:54,,3,932e2462a70e13ce01cb8e85ca1d11c46588cbfde93f148bd6824ee4acd67b70,-85,,3,64,,3
17:51:55,26.0,3,63a8c4b3cc9f80a8b4a4d716ab5ed1e15d4e12b3c2c6d4385bfb00e8a1e7be82,-77,,3,64,12.0,3
17:51:56,26.0,3,63a8c4b3cc9f80a8b4a4d716ab5ed1e15d4e12b3c2c6d4385bfb00e8a1e7be82,-75,,3,64,12.0,3
17:51:56,26.0,3,63a8c4b3cc9f80a8b4a4d716ab5ed1e15d4e12b3c2c6d4385bfb00e8a1e7be82,-76,,3,64,12.0,3
17:51:57,26.0,3,f8c68800e02aad5d0b6c4b73dcd185a4b21ad1043451d56d09c01628c4985801,-79,,3,64,12.0,3
17:51:58,26.0,3,63a8c4b3cc9f80a8b4a4d716ab5ed1e15d4e12b3c2c6d4385bfb00e8a1e7be82,-74,,3,64,12.0,3
17:51:59,26.0,3,4c0997ee680cf832505ece0d9588deed0ec65aa0a612e1abcd8db16608201c80,-81,,3,64,8.0,3
17:52:00,26.0,3,63a8c4b3cc9f80a8b4a4d716ab5ed1e15d4e12b3c2c6d4385bfb00e8a1e7be82,-73,,3,64,12.0,3
17:52:00,,3,90bb8b6602bc9e7f74796b8952e32585e9420f9fb552cc95bae9d8e44b828a05,-88,,3,64,,3
17:52:01,26.0,3,63a8c4b3cc9f80a8b4a4d716ab5ed1e15d4e12b3c2c6d4385bfb00e8a1e7be82,-76,,3,64,12.0,3
17:52:02,26.0,3,63a8c4b3cc9f80a8b4a4d716ab5ed1e15d4e12b3c2c6d4385bfb00e8a1e7be82,-80,,3,64,12.0,3
17:52:03,26.0,3,4c0997ee680cf832505ece0d9588deed0ec65aa0a612e1abcd8db16608201c80,-81,,3,64,8.0,3
17:52:04,26.0,3,e10574eb0507d365623e46f33ff1907c712a9a380fa58c35a1b5ffc8b7894ee4,-90,,3,64,7.0,3
17:52:04,26.0,3,9450a6ca94c2826188792eda9e5412db75153f4b191c9ad30fbd2383c5194367,-90,,3,64,8.0,3
17:52:05,26.0,3,4c0997ee680cf832505ece0d9588deed0ec65aa0a612e1abcd8db16608201c80,-89,,3,64,8.0,3
17:52:06,26.0,3,63a8c4b3cc9f80a8b4a4d716ab5ed1e15d4e12b3c2c6d4385bfb00e8a1e7be82,-73,,3,64,12.0,3
17:52:07,,3,505b6f779ad0ff28f1e2889696e4f145073dd26ceccebbf6ed7377b368f3f20e,-95,,3,64,,3
17:52:08,,3,1d4baef4a0d0d9339140b0c6996b4825610703fc60c199a63628aaf0612c9a32,-85,,3,64,,3
17:52:08,,3,b91deb5904315dde20e7a77cc3035d3f25ebb3cc05830ab11b50cee08ae19158,-86,,3,64,,3
17:52:09,,3,90bb8b6602bc9e7f74796b8952e32585e9420f9fb552cc95bae9d8e44b828a05,-90,,3,64,,3
17:52:10,26.0,3,63a8c4b3cc9f80a8b4a4d716ab5ed1e15d4e12b3c2c6d4385bfb00e8a1e7be82,-75,,3,64,12.0,3
17:52:11,26.0,3,63a8c4b3cc9f80a8b4a4d716ab5ed1e15d4e12b3c2c6d4385bfb00e8a1e7be82,-84,,3,64,12.0,3
17:52:12,,3,8b81152c729d39608207308be7fc145c3a72657d3353cb72c357b4738fa8acc8,-78,,3,64,,3
17:52:12,26.0,3,63a8c4b3cc9f80a8b4a4d716ab5ed1e15d4e12b3c2c6d4385bfb00e8a1e7be82,-74,,3,64,12.0,3
17:52:13,,3,60c8fd207ddf7447fb9bbb5f47012431fef85cd12437fdb0568edc5079eba42b,-93,,3,64,,3
17:52:14,26.0,3,68629658274655739524734f73875724504ad05adaff0b34cbeeb0d3090759c5,-92,,3,64,12.0,3
17:52:15,26.0,3,63a8c4b3cc9f80a8b4a4d716ab5ed1e15d4e12b3c2c6d4385bfb00e8a1e7be82,-76,,3,64,12.0,3
17:52:15,,3,8b81152c729d39608207308be7fc145c3a72657d3353cb72c357b4738fa8acc8,-69,,3,64,,3
17:52:16,26.0,3,63a8c4b3cc9f80a8b4a4d716ab5ed1e15d4e12b3c2c6d4385bfb00e8a1e7be82,-63,,3,64,12.0,3
17:52:17,26.0,3,4c0997ee680cf832505ece0d9588deed0ec65aa0a612e1abcd8db16608201c80,-85,,3,64,8.0,3
17:52:18,,3,efec3cca0ca19cd34a043cf43dc3a0e5fa9ae6dfbabc8a363b03f5ceecf7fcc6,-96,,3,64,,3
17:52:19,26.0,3,63a8c4b3cc9f80a8b4a4d716ab5ed1e15d4e12b3c2c6d4385bfb00e8a1e7be82,-76,,3,64,12.0,3
17:52:20,26.0,3,63a8c4b3cc9f80a8b4a4d716ab5ed1e15d4e12b3c2c6d4385bfb00e8a1e7be82,-62,,3,64,12.0,3
17:52:20,26.0,3,63a8c4b3cc9f80a8b4a4d716ab5ed1e15d4e12b3c2c6d4385bfb00e8a1e7be82,-64,,3,64,12.0,3
17:52:21,26.0,3,63a8c4b3cc9f80a8b4a4d716ab5ed1e15d4e12b3c2c6d4385bfb00e8a1e7be82,-63,,3,64,12.0,3
17:52:22,,3,8b81152c729d39608207308be7fc145c3a72657d3353cb72c357b4738fa8acc8,-76,,3,64,,3
17:52:23,,3,8b81152c729d39608207308be7fc145c3a72657d3353cb72c357b4738fa8acc8,-70,,3,64,,3
17:52:24,26.0,3,b49ca62a12e863ad3c2b1b2442d5f4dda2248a33b6c7f07a0dc9df73d0ddb775,-89,,3,64,7.0,3
17:52:24,,3,ee2af89e2ac16440ce68ff300a783dbcb833ee3dd572c0f305261262f793c4f8,-93,,3,64,,3
17:52:25,,3,8b81152c729d39608207308be7fc145c3a72657d3353cb72c357b4738fa8acc8,-73,,3,64,,3
17:52:26,,3,31b3baf4cbe10b8852a94412490404457806f7f36347d443ee50ea713b061e79,-90,,3,64,,3
17:52:27,,3,ee2af89e2ac16440ce68ff300a783dbcb833ee3dd572c0f305261262f793c4f8,-90,,3,64,,3
17:52:27,,3,8b81152c729d39608207308be7fc145c3a72657d3353cb72c357b4738fa8acc8,-79,,3,64,,3
17:52:28,,3,a35dfad808d8a2412b8b301c440ac243a62419624a76be194344d94313da802e,-98,,3,64,,3
17:52:29,26.0,3,b49ca62a12e863ad3c2b1b2442d5f4dda2248a33b6c7f07a0dc9df73d0ddb775,-86,,3,64,7.0,3
17:52:30,26.0,3,1a2b78915a4c25ee90026c7b45b40cf921b69f52d195359f9d7d48c76b44cacc,-93,,3,64,7.0,3
17:52:31,,3,8b81152c729d39608207308be7fc145c3a72657d3353cb72c357b4738fa8acc8,-80,,3,64,,3
17:52:31,,3,efec3cca0ca19cd34a043cf43dc3a0e5fa9ae6dfbabc8a363b03f5ceecf7fcc6,-95,,3,64,,3
17:52:32,,3,8b81152c729d39608207308be7fc145c3a72657d3353cb72c357b4738fa8acc8,-82,,3,64,,3
17:52:33,,3,a35dfad808d8a2412b8b301c440ac243a62419624a76be194344d94313da802e,-92,,3,64,,3
17:52:34,,3,df085d72c1d8e76a426324a9079a7161e4873de0a72be45a1fd8f36c11da6b57,-89,,3,64,,3
17:52:34,,3,8b81152c729d39608207308be7fc145c3a72657d3353cb72c357b4738fa8acc8,-82,,3,64,,3
17:52:35,,3,df085d72c1d8e76a426324a9079a7161e4873de0a72be45a1fd8f36c11da6b57,-89,,3,64,,3
17:52:36,26.0,3,b49ca62a12e863ad3c2b1b2442d5f4dda2248a33b6c7f07a0dc9df73d0ddb775,-82,,3,64,7.0,3
17:52:37,,3,8b81152c729d39608207308be7fc145c3a72657d3353cb72c357b4738fa8acc8,-77,,3,64,,3
17:52:38,26.0,3,4c0997ee680cf832505ece0d9588deed0ec65aa0a612e1abcd8db16608201c80,-86,,3,64,8.0,3
17:52:39,26.0,3,157efedfad6a8fed4416ff12cdbae986214f5e52dd5407fca2e85afd09181cf0,-91,,3,64,8.0,3
17:52:39,,3,bfc96bd4cda802320dd2e90a4bddd122947621737cc7c2e87be696a72613ebae,-93,,3,64,,3
17:52:40,,3,6cf5ca8dfc2c2c9fcd5dfc3087b78cc7fc1e9e12d31872460d9a3a839894e9e5,-88,,3,64,,3
17:52:41,26.0,3,9da87e6f98ac1abfdc3867ee1ca6da3f12e7b12b6dd00aadbbcbbd47e565e303,-91,,3,64,7.0,3
17:52:42,26.0,3,63a8c4b3cc9f80a8b4a4d716ab5ed1e15d4e12b3c2c6d4385bfb00e8a1e7be82,-63,,3,64,12.0,3
17:52:43,26.0,3,63a8c4b3cc9f80a8b4a4d716ab5ed1e15d4e12b3c2c6d4385bfb00e8a1e7be82,-67,,3,64,12.0,3
17:52:43,26.0,3,63a8c4b3cc9f80a8b4a4d716ab5ed1e15d4e12b3c2c6d4385bfb00e8a1e7be82,-70,,3,64,12.0,3
17:52:44,26.0,3,63a8c4b3cc9f80a8b4a4d716ab5ed1e15d4e12b3c2c6d4385bfb00e8a1e7be82,-63,,3,64,12.0,3
17:52:45,26.0,3,63a8c4b3cc9f80a8b4a4d716ab5ed1e15d4e12b3c2c6d4385bfb00e8a1e7be82,-70,,3,64,12.0,3
17:52:46,26.0,3,63a8c4b3cc9f80a8b4a4d716ab5ed1e15d4e12b3c2c6d4385bfb00e8a1e7be82,-68,,3,64,12.0,3
17:52:47,26.0,3,b49ca62a12e863ad3c2b1b2442d5f4dda2248a33b6c7f07a0dc9df73d0ddb775,-88,,3,64,7.0,3
17:52:47,26.0,3,63a8c4b3cc9f80a8b4a4d716ab5ed1e15d4e12b3c2c6d4385bfb00e8a1e7be82,-67,,3,64,12.0,3
17:52:48,26.0,3,4c0997ee680cf832505ece0d9588deed0ec65aa0a612e1abcd8db16608201c80,-90,,3,64,8.0,3
17:52:49,26.0,3,41074c3392a124c7c860bfd7d06f0223c62edc8d03575270529c485c4f26ae83,-87,,3,64,8.0,3
17:52:50,,3,df085d72c1d8e76a426324a9079a7161e4873de0a72be45a1fd8f36c11da6b57,-99,,3,64,,3
17:52:51,,3,37283a3a5cd34aa8700a9f21dbcbfc1a284faee5a68fb89489336294797449ab,-91,,3,64,,3
17:52:51,26.0,3,87056de4656753527ec7caed50965adf9a1fe451f46096d0cdd4b772409fda05,-95,,3,64,7.0,3
17:52:52,,3,6cf5ca8dfc2c2c9fcd5dfc3087b78cc7fc1e9e12d31872460d9a3a839894e9e5,-85,,3,64,,3
17:52:53,,3,37283a3a5cd34aa8700a9f21dbcbfc1a284faee5a68fb89489336294797449ab,-84,,3,64,,3
17:52:54,,3,8b81152c729d39608207308be7fc145c3a72657d3353cb72c357b4738fa8acc8,-71,,3,64,,3
17:52:55,,3,8b81152c729d39608207308be7fc145c3a72657d3353cb72c357b4738fa8acc8,-68,,3,64,,3
17:52:55,,3,df085d72c1d8e76a426324a9079a7161e4873de0a72be45a1fd8f36c11da6b57,-91,,3,64,,3
17:52:56,,3,8b81152c729d39608207308be7fc145c3a72657d3353cb72c357b4738fa8acc8,-75,,3,64,,3
17:52:57,6.0,3,b139fc455806c9dffe46b3516dd0f2d0ed889509e4bad175e90679d37a09c066,-92,BB310,3,64,,3
17:52:58,,3,6cf5ca8dfc2c2c9fcd5dfc3087b78cc7fc1e9e12d31872460d9a3a839894e9e5,-83,,3,64,,3
17:52:59,26.0,3,41074c3392a124c7c860bfd7d06f0223c62edc8d03575270529c485c4f26ae83,-85,,3,64,8.0,3
17:52:59,26.0,3,760a3784cd347b2e304f4de802c0fe2dd13d72eb6b617fc20d97d1a5ba78a57d,-89,,3,64,7.0,3
17:53:00,,3,8b81152c729d39608207308be7fc145c3a72657d3353cb72c357b4738fa8acc8,-64,,3,64,,3
17:53:01,,3,887e812d571b535d19f0a2f71c676458fab3c405b8bc6aa3c7a6698a70d4d94e,-88,,3,64,,3
17:53:02,,3,bfc96bd4cda802320dd2e90a4bddd122947621737cc7c2e87be696a72613ebae,-87,,3,64,,3
17:53:03,26.0,3,b49ca62a12e863ad3c2b1b2442d5f4dda2248a33b6c7f07a0dc9df73d0ddb775,-91,,3,64,7.0,3
17:53:03,26.0,3,7541143a26c1cf00aefc869fb074e355246adb2b831072f7924b41e5a5addb14,-91,,3,64,7.0,3
17:53:04,,3,8b81152c729d39608207308be7fc145c3a72657d3353cb72c357b4738fa8acc8,-72,,3,64,,3
17:53:05,,3,887e812d571b535d19f0a2f71c676458fab3c405b8bc6aa3c7a6698a70d4d94e,-86,,3,64,,3
17:53:06,26.0,3,41074c3392a124c7c860bfd7d06f0223c62edc8d03575270529c485c4f26ae83,-88,,3,64,8.0,3
17:53:07,26.0,3,436f666854960ab6749f2a76cec7528c15986969ccb2ef58574247a20d593c5c,-95,,3,64,7.0,3
17:53:07,26.0,3,436f666854960ab6749f2a76cec7528c15986969ccb2ef58574247a20d593c5c,-96,,3,64,7.0,3
17:53:08,26.0,3,4c0997ee680cf832505ece0d9588deed0ec65aa0a612e1abcd8db16608201c80,-89,,3,64,8.0,3
17:53:09,26.0,3,11c322ef34aa063c066fec125c2734aac529f30a7807423d82f3c44b0a1563e7,-90,,3,64,26.0,3
17:53:10,26.0,3,1a2b78915a4c25ee90026c7b45b40cf921b69f52d195359f9d7d48c76b44cacc,-93,,3,64,7.0,3
17:53:10,26.0,3,b49ca62a12e863ad3c2b1b2442d5f4dda2248a33b6c7f07a0dc9df73d0ddb775,-87,,3,64,7.0,3
17:53:11,,3,7d19f96a85260973fe22fd51a7e6bedc040525b413375dafce61e7fff65f95b7,-96,,3,64,,3
17:53:12,,3,df085d72c1d8e76a426324a9079a7161e4873de0a72be45a1fd8f36c11da6b57,-88,,3,64,,3
17:53:13,26.0,3,63a8c4b3cc9f80a8b4a4d716ab5ed1e15d4e12b3c2c6d4385bfb00e8a1e7be82,-63,,3,64,12.0,3
17:53:14,26.0,3,4c0997ee680cf832505ece0d9588deed0ec65aa0a612e1abcd8db16608201c80,-91,,3,64,8.0,3
17:53:14,26.0,3,63a8c4b3cc9f80a8b4a4d716ab5ed1e15d4e12b3c2c6d4385bfb00e8a1e7be82,-63,,3,64,12.0,3
17:53:15,26.0,3,63a8c4b3cc9f80a8b4a4d716ab5ed1e15d4e12b3c2c6d4385bfb00e8a1e7be82,-68,,3,64,12.0,3
17:53:16,26.0,3,63a8c4b3cc9f80a8b4a4d716ab5ed1e15d4e12b3c2c6d4385bfb00e8a1e7be82,-71,,3,64,12.0,3
17:53:17,26.0,3,7541143a26c1cf00aefc869fb074e355246adb2b831072f7924b41e5a5addb14,-93,,3,64,7.0,3
17:53:18,26.0,3,63a8c4b3cc9f80a8b4a4d716ab5ed1e15d4e12b3c2c6d4385bfb00e8a1e7be82,-76,,3,64,12.0,3
17:53:18,26.0,3,4c0997ee680cf832505ece0d9588deed0ec65aa0a612e1abcd8db16608201c80,-90,,3,64,8.0,3
17:53:19,26.0,3,63a8c4b3cc9f80a8b4a4d716ab5ed1e15d4e12b3c2c6d4385bfb00e8a1e7be82,-64,,3,64,12.0,3
17:53:20,,3,df085d72c1d8e76a426324a9079a7161e4873de0a72be45a1fd8f36c11da6b57,-88,,3,64,,3
17:53:21,26.0,3,63a8c4b3cc9f80a8b4a4d716ab5ed1e15d4e12b3c2c6d4385bfb00e8a1e7be82,-64,,3,64,12.0,3
17:53:22,26.0,3,63a8c4b3cc9f80a8b4a4d716ab5ed1e15d4e12b3c2c6d4385bfb00e8a1e7be82,-66,,3,64,12.0,3
17:53:22,26.0,3,63a8c4b3cc9f80a8b4a4d716ab5ed1e15d4e12b3c2c6d4385bfb00e8a1e7be82,-64,,3,64,12.0,3
17:53:23,26.0,3,63a8c4b3cc9f80a8b4a4d716ab5ed1e15d4e12b3c2c6d4385bfb00e8a1e7be82,-68,,3,64,12.0,3
17:53:24,,3,371b006c56ca3f299458bf077311a337ef97af3da4f6e82bbb9adafeac7548ce,-94,,3,64,,3
17:53:25,,3,8b81152c729d39608207308be7fc145c3a72657d3353cb72c357b4738fa8acc8,-70,,3,64,,3
17:53:26,26.0,3,63a8c4b3cc9f80a8b4a4d716ab5ed1e15d4e12b3c2c6d4385bfb00e8a1e7be82,-70,,3,64,12.0,3
17:53:26,,3,d8dc68959b334169de001a8e0fd33e15a7531e2062552e34a02e44b39a9b8ff1,-87,,3,64,,3
17:53:27,26.0,3,63a8c4b3cc9f80a8b4a4d716ab5ed1e15d4e12b3c2c6d4385bfb00e8a1e7be82,-68,,3,64,12.0,3
17:53:28,,3,8b81152c729d39608207308be7fc145c3a72657d3353cb72c357b4738fa8acc8,-70,,3,64,,3
17:53:29,26.0,3,4c0997ee680cf832505ece0d9588deed0ec65aa0a612e1abcd8db16608201c80,-89,,3,64,8.0,3
17:53:30,26.0,3,c814e264ec29bfff775424d09e1983b2cdd63c78d00e99ab39ff644941481e00,-85,,3,64,12.0,3
17:53:30,,3,d8dc68959b334169de001a8e0fd33e15a7531e2062552e34a02e44b39a9b8ff1,-95,,3,64,,3
17:53:31,26.0,3,c814e264ec29bfff775424d09e1983b2cdd63c78d00e99ab39ff644941481e00,-95,,3,64,12.0,3
17:53:32,,3,aced4489bd3e5912d814884765860ffe4fbabbc1cf1ac6e40ad4b9c48b9ace4e,-96,,3,64,,3
17:53:33,26.0,3,11c322ef34aa063c066fec125c2734aac529f30a7807423d82f3c44b0a1563e7,-95,,3,64,26.0,3
17:53:34,26.0,3,8211ae56b06f2ddff76879dbc608b3876ce743458c23e701733d32d5d8ad6fbd,-89,,3,64,7.0,3
17:53:34,,3,887e812d571b535d19f0a2f71c676458fab3c405b8bc6aa3c7a6698a70d4d94e,-92,,3,64,,3
17:53:35,26.0,3,c814e264ec29bfff775424d09e1983b2cdd63c78d00e99ab39ff644941481e00,-96,,3,64,12.0,3
17:53:36,,3,1db5d67f985c46d1a8fe67e46587a9fa90ddca6006205f7dd388b6faa32fec2e,-98,,3,64,,3
17:53:37,,3,887e812d571b535d19f0a2f71c676458fab3c405b8bc6aa3c7a6698a70d4d94e,-92,,3,64,,3
17:53:38,26.0,3,11c322ef34aa063c066fec125c2734aac529f30a7807423d82f3c44b0a1563e7,-93,,3,64,26.0,3
17:53:38,26.0,3,4c0997ee680cf832505ece0d9588deed0ec65aa0a612e1abcd8db16608201c80,-87,,3,64,8.0,3
17:53:39,,3,d8dc68959b334169de001a8e0fd33e15a7531e2062552e34a02e44b39a9b8ff1,-94,,3,64,,3
17:53:40,26.0,3,11c322ef34aa063c066fec125c2734aac529f30a7807423d82f3c44b0a1563e7,-87,,3,64,26.0,3
17:53:41,26.0,3,11c322ef34aa063c066fec125c2734aac529f30a7807423d82f3c44b0a1563e7,-82,,3,64,26.0,3
17:53:42,,3,7d19f96a85260973fe22fd51a7e6bedc040525b413375dafce61e7fff65f95b7,-92,,3,64,,3
17:53:42,26.0,3,60763ffd52b09c07eb9002d19b02003caf63839b89200741019791a643f34420,-93,,3,64,12.0,3
17:53:43,6.0,3,b139fc455806c9dffe46b3516dd0f2d0ed889509e4bad175e90679d37a09c066,-95,BB310,3,64,,3
17:53:44,,3,7d19f96a85260973fe22fd51a7e6bedc040525b413375dafce61e7fff65f95b7,-89,,3,64,,3
17:53:45,,3,1db5d67f985c46d1a8fe67e46587a9fa90ddca6006205f7dd388b6faa32fec2e,-74,,3,64,,3
17:53:46,26.0,3,f8fdefcddf794a52360707a961bf9cd3f55a2fc67b8a93e845b0ec450f9a9a71,-92,,3,64,7.0,3
17:53:46,26.0,3,f8fdefcddf794a52360707a961bf9cd3f55a2fc67b8a93e845b0ec450f9a9a71,-86,,3,64,7.0,3
17:53:47,26.0,3,11c322ef34aa063c066fec125c2734aac529f30a7807423d82f3c44b0a1563e7,-93,,3,64,26.0,3
17:53:48,,3,8b81152c729d39608207308be7fc145c3a72657d3353cb72c357b4738fa8acc8,-66,,3,64,,3
17:53:49,26.0,3,63a8c4b3cc9f80a8b4a4d716ab5ed1e15d4e12b3c2c6d4385bfb00e8a1e7be82,-62,,3,64,12.0,3
17:53:50,26.0,3,8211ae56b06f2ddff76879dbc608b3876ce743458c23e701733d32d5d8ad6fbd,-89,,3,64,7.0,3
17:53:50,26.0,3,63a8c4b3cc9f80a8b4a4d716ab5ed1e15d4e12b3c2c6d4385bfb00e8a1e7be82,-64,,3,64,12.0,3
17:53:51,26.0,3,63a8c4b3cc9f80a8b4a4d716ab5ed1e15d4e12b3c2c6d4385bfb00e8a1e7be82,-66,,3,64,12.0,3
17:53:52,26.0,3,7541143a26c1cf00aefc869fb074e355246adb2b831072f7924b41e5a5addb14,-97,,3,64,7.0,3
17:53:53,,3,efc297596557a327edfdef5ffe80dcb4d3b5623a89075a7330575256e31b8d86,-90,,3,64,,3
17:53:54,26.0,3,63a8c4b3cc9f80a8b4a4d716ab5ed1e15d4e12b3c2c6d4385bfb00e8a1e7be82,-60,,3,64,12.0,3
17:53:54,,3,ecd2ba28ac34df3e427902ae535d6ae7cbe9f2cddb0c239755185ebb81d26001,-95,,3,64,,3
17:53:55,26.0,3,1acd2169e60045cccba14020197168b4eb1ec2a4335d9bf2fff848022426c0b1,-87,,3,64,12.0,3
17:53:56,,3,8b81152c729d39608207308be7fc145c3a72657d3353cb72c357b4738fa8acc8,-63,,3,64,,3
17:53:57,26.0,3,63a8c4b3cc9f80a8b4a4d716ab5ed1e15d4e12b3c2c6d4385bfb00e8a1e7be82,-67,,3,64,12.0,3
17:53:57,26.0,3,63a8c4b3cc9f80a8b4a4d716ab5ed1e15d4e12b3c2c6d4385bfb00e8a1e7be82,-64,,3,64,12.0,3
17:53:58,,3,8b81152c729d39608207308be7fc145c3a72657d3353cb72c357b4738fa8acc8,-62,,3,64,,3
17:53:59,26.0,3,63a8c4b3cc9f80a8b4a4d716ab5ed1e15d4e12b3c2c6d4385bfb00e8a1e7be82,-61,,3,64,12.0,3
17:54:00,26.0,3,63a8c4b3cc9f80a8b4a4d716ab5ed1e15d4e12b3c2c6d4385bfb00e8a1e7be82,-56,,3,64,12.0,3
17:54:01,26.0,3,23d461e80c17d3d43c3f62886375da69b93e5102ce1c29347eb5d12f85708115,-83,,3,64,12.0,3
17:54:01,26.0,3,63a8c4b3cc9f80a8b4a4d716ab5ed1e15d4e12b3c2c6d4385bfb00e8a1e7be82,-57,,3,64,12.0,3
17:54:02,,3,ecd2ba28ac34df3e427902ae535d6ae7cbe9f2cddb0c239755185ebb81d26001,-83,,3,64,,3
17:54:03,26.0,3,921e70ce9d5e4c0acbf59f5177534cf7968420a7d08c9dafe58b08a3e2779d33,-93,,3,64,,3
17:54:04,26.0,3,d1c1e6591de37013b8bf1a2fcff238ad8472c5718166cf119df61ddfbc5c8ae4,-88,,3,64,,3
17:54:05,26.0,3,63a8c4b3cc9f80a8b4a4d716ab5ed1e15d4e12b3c2c6d4385bfb00e8a1e7be82,-67,,3,64,12.0,3
17:54:05,26.0,3,7541143a26c1cf00aefc869fb074e355246adb2b831072f7924b41e5a5addb14,-95,,3,64,7.0,3
17:54:06,,3,ecd2ba28ac34df3e427902ae535d6ae7cbe9f2cddb0c239755185ebb81d26001,-95,,3,64,,3
17:54:07,26.0,3,863457fdccdd75be04eebf8ae1c96e96d92f9bbe828f196c381e369bbb11765f,-94,,3,64,,3
17:54:08,26.0,3,7541143a26c1cf00aefc869fb074e355246adb2b831072f7924b41e5a5addb14,-91,,3,64,7.0,3
17:54:09,26.0,3,63a8c4b3cc9f80a8b4a4d716ab5ed1e15d4e12b3c2c6d4385bfb00e8a1e7be82,-63,,3,64,12.0,3
17:54:09,26.0,3,63a8c4b3cc9f80a8b4a4d716ab5ed1e15d4e12b3c2c6d4385bfb00e8a1e7be82,-66,,3,64,12.0,3
17:54:10,,3,2adbc935839480492d36dee921326ce6fbe2c05d4b847531515be232f0160cb8,-91,,3,64,,3
17:54:11,26.0,3,11c322ef34aa063c066fec125c2734aac529f30a7807423d82f3c44b0a1563e7,-95,,3,64,26.0,3
17:54:12,26.0,3,63a8c4b3cc9f80a8b4a4d716ab5ed1e15d4e12b3c2c6d4385bfb00e8a1e7be82,-62,,3,64,12.0,3
17:54:13,,3,de31c4271a2ab4bebf90db37bf91c3ef021b4de4f092ef67d784448046994b30,-85,,3,64,,3
17:54:13,26.0,3,2608af6dd6b2674961c7f360eac60800b9eeec946550efedb5a3efb61c57f441,-92,,3,64,7.0,3
17:54:14,26.0,3,f8fdefcddf794a52360707a961bf9cd3f55a2fc67b8a93e845b0ec450f9a9a71,-80,,3,64,7.0,3
17:54:15,26.0,3,1acd2169e60045cccba14020197168b4eb1ec2a4335d9bf2fff848022426c0b1,-93,,3,64,12.0,3
17:54:16,26.0,3,f8fdefcddf794a52360707a961bf9cd3f55a2fc67b8a93e845b0ec450f9a9a71,-95,,3,64,7.0,3
17:54:17,,3,c70670f50a5885af61401bc7eb8aba6599fa36f6188a7210c015c41907e2fda2,-92,,3,64,,3
17:54:17,26.0,3,63a8c4b3cc9f80a8b4a4d716ab5ed1e15d4e12b3c2c6d4385bfb00e8a1e7be82,-62,,3,64,12.0,3
17:54:18,26.0,3,23d461e80c17d3d43c3f62886375da69b93e5102ce1c29347eb5d12f85708115,-92,,3,64,12.0,3
17:54:19,26.0,3,63a8c4b3cc9f80a8b4a4d716ab5ed1e15d4e12b3c2c6d4385bfb00e8a1e7be82,-63,,3,64,12.0,3
17:54:20,,3,de31c4271a2ab4bebf90db37bf91c3ef021b4de4f092ef67d784448046994b30,-94,,3,64,,3
17:54:21,26.0,3,63a8c4b3cc9f80a8b4a4d716ab5ed1e15d4e12b3c2c6d4385bfb00e8a1e7be82,-60,,3,64,12.0,3
17:54:21,26.0,3,63a8c4b3cc9f80a8b4a4d716ab5ed1e15d4e12b3c2c6d4385bfb00e8a1e7be82,-57,,3,64,12.0,3
17:54:22,26.0,3,63a8c4b3cc9f80a8b4a4d716ab5ed1e15d4e12b3c2c6d4385bfb00e8a1e7be82,-68,,3,64,12.0,3
17:54:23,26.0,3,63a8c4b3cc9f80a8b4a4d716ab5ed1e15d4e12b3c2c6d4385bfb00e8a1e7be82,-63,,3,64,12.0,3
17:54:24,26.0,3,1acd2169e60045cccba14020197168b4eb1ec2a4335d9bf2fff848022426c0b1,-92,,3,64,12.0,3
17:54:25,26.0,3,7541143a26c1cf00aefc869fb074e355246adb2b831072f7924b41e5a5addb14,-92,,3,64,7.0,3
17:54:25,26.0,3,63a8c4b3cc9f80a8b4a4d716ab5ed1e15d4e12b3c2c6d4385bfb00e8a1e7be82,-57,,3,64,12.0,3
17:54:26,26.0,3,7541143a26c1cf00aefc869fb074e355246adb2b831072f7924b41e5a5addb14,-90,,3,64,7.0,3
17:54:27,26.0,3,d1c1e6591de37013b8bf1a2fcff238ad8472c5718166cf119df61ddfbc5c8ae4,-96,,3,64,,3
17:54:28,26.0,3,63a8c4b3cc9f80a8b4a4d716ab5ed1e15d4e12b3c2c6d4385bfb00e8a1e7be82,-61,,3,64,12.0,3
17:54:29,,3,25252fc485fc20d29453c8193c9a44d9314ae5cb7971234ecbbd8d05aa666a81,-92,BB311,3,64,-10.0,3
17:54:29,26.0,3,8211ae56b06f2ddff76879dbc608b3876ce743458c23e701733d32d5d8ad6fbd,-95,,3,64,7.0,3
17:54:30,26.0,3,7541143a26c1cf00aefc869fb074e355246adb2b831072f7924b41e5a5addb14,-95,,3,64,,3
17:54:31,,3,25252fc485fc20d29453c8193c9a44d9314ae5cb7971234ecbbd8d05aa666a81,-93,BB311,3,64,-10.0,3
17:54:32,,3,8b81152c729d39608207308be7fc145c3a72657d3353cb72c357b4738fa8acc8,-66,,3,64,,3
17:54:33,26.0,3,63a8c4b3cc9f80a8b4a4d716ab5ed1e15d4e12b3c2c6d4385bfb00e8a1e7be82,-67,,3,64,12.0,3
17:54:33,26.0,3,63a8c4b3cc9f80a8b4a4d716ab5ed1e15d4e12b3c2c6d4385bfb00e8a1e7be82,-64,,3,64,12.0,3
17:54:34,,3,8b81152c729d39608207308be7fc145c3a72657d3353cb72c357b4738fa8acc8,-63,,3,64,,3
17:54:35,26.0,3,d1c1e6591de37013b8bf1a2fcff238ad8472c5718166cf119df61ddfbc5c8ae4,-85,,3,64,,3
17:54:36,26.0,3,60763ffd52b09c07eb9002d19b02003caf63839b89200741019791a643f34420,-94,,3,64,12.0,3
17:54:36,26.0,3,63a8c4b3cc9f80a8b4a4d716ab5ed1e15d4e12b3c2c6d4385bfb00e8a1e7be82,-67,,3,64,12.0,3
17:54:37,26.0,3,63a8c4b3cc9f80a8b4a4d716ab5ed1e15d4e12b3c2c6d4385bfb00e8a1e7be82,-64,,3,64,12.0,3
17:54:38,,3,8b81152c729d39608207308be7fc145c3a72657d3353cb72c357b4738fa8acc8,-65,,3,64,,3
17:54:39,26.0,3,8211ae56b06f2ddff76879dbc608b3876ce743458c23e701733d32d5d8ad6fbd,-88,,3,64,7.0,3
17:54:40,26.0,3,63a8c4b3cc9f80a8b4a4d716ab5ed1e15d4e12b3c2c6d4385bfb00e8a1e7be82,-64,,3,64,12.0,3
17:54:41,26.0,3,63a8c4b3cc9f80a8b4a4d716ab5ed1e15d4e12b3c2c6d4385bfb00e8a1e7be82,-66,,3,64,12.0,3
17:54:41,26.0,3,63a8c4b3cc9f80a8b4a4d716ab5ed1e15d4e12b3c2c6d4385bfb00e8a1e7be82,-64,,3,64,12.0,3
17:54:42,,3,8b81152c729d39608207308be7fc145c3a72657d3353cb72c357b4738fa8acc8,-63,,3,64,,3
17:54:43,26.0,3,7541143a26c1cf00aefc869fb074e355246adb2b831072f7924b41e5a5addb14,-90,,3,64,,3
17:54:44,26.0,3,87056de4656753527ec7caed50965adf9a1fe451f46096d0cdd4b772409fda05,-94,,3,64,7.0,3
17:54:44,26.0,3,63a8c4b3cc9f80a8b4a4d716ab5ed1e15d4e12b3c2c6d4385bfb00e8a1e7be82,-65,,3,64,12.0,3
17:54:45,26.0,3,11c322ef34aa063c066fec125c2734aac529f30a7807423d82f3c44b0a1563e7,-95,,3,64,26.0,3
17:54:46,,3,7d19f96a85260973fe22fd51a7e6bedc040525b413375dafce61e7fff65f95b7,-88,,3,64,,3
17:54:47,26.0,3,11c322ef34aa063c066fec125c2734aac529f30a7807423d82f3c44b0a1563e7,-93,,3,64,26.0,3
17:54:48,26.0,3,63a8c4b3cc9f80a8b4a4d716ab5ed1e15d4e12b3c2c6d4385bfb00e8a1e7be82,-57,,3,64,12.0,3
17:54:48,26.0,3,63a8c4b3cc9f80a8b4a4d716ab5ed1e15d4e12b3c2c6d4385bfb00e8a1e7be82,-54,,3,64,12.0,3
17:54:49,26.0,3,63a8c4b3cc9f80a8b4a4d716ab5ed1e15d4e12b3c2c6d4385bfb00e8a1e7be82,-61,,3,64,12.0,3
17:54:50,,3,bf0bae7aefdbc3220498cc9753ee3df83850651cf6a1e1d775150cdc639c7d3e,-90,,3,64,,3
17:54:51,26.0,3,63a8c4b3cc9f80a8b4a4d716ab5ed1e15d4e12b3c2c6d4385bfb00e8a1e7be82,-66,,3,64,12.0,3
17:54:52,26.0,3,63a8c4b3cc9f80a8b4a4d716ab5ed1e15d4e12b3c2c6d4385bfb00e8a1e7be82,-64,,3,64,12.0,3
17:54:52,26.0,3,11c9903ecb9851ec9954b1a21f14b2075ff93f2b3a1774039063d00c218feea6,-97,,3,64,8.0,3
17:54:53,,3,887e812d571b535d19f0a2f71c676458fab3c405b8bc6aa3c7a6698a70d4d94e,-93,,3,64,,3
17:54:54,26.0,3,63a8c4b3cc9f80a8b4a4d716ab5ed1e15d4e12b3c2c6d4385bfb00e8a1e7be82,-71,,3,64,12.0,3
17:54:55,26.0,3,63a8c4b3cc9f80a8b4a4d716ab5ed1e15d4e12b3c2c6d4385bfb00e8a1e7be82,-63,,3,64,12.0,3
17:54:56,26.0,3,d1c1e6591de37013b8bf1a2fcff238ad8472c5718166cf119df61ddfbc5c8ae4,-83,,3,64,,3
17:54:56,26.0,3,63a8c4b3cc9f80a8b4a4d716ab5ed1e15d4e12b3c2c6d4385bfb00e8a1e7be82,-69,,3,64,12.0,3
17:54:57,26.0,3,4c0997ee680cf832505ece0d9588deed0ec65aa0a612e1abcd8db16608201c80,-91,,3,64,8.0,3
17:54:58,26.0,3,63a8c4b3cc9f80a8b4a4d716ab5ed1e15d4e12b3c2c6d4385bfb00e8a1e7be82,-61,,3,64,12.0,3
17:54:59,26.0,3,9b6a38752bc79df77bd5285811b84608ebfca5e965f1b9e073b6c8c543028cbc,-88,,3,64,12.0,3
17:55:00,26.0,3,63a8c4b3cc9f80a8b4a4d716ab5ed1e15d4e12b3c2c6d4385bfb00e8a1e7be82,-66,,3,64,12.0,3
17:55:00,26.0,3,11c9903ecb9851ec9954b1a21f14b2075ff93f2b3a1774039063d00c218feea6,-81,,3,64,8.0,3
17:55:01,26.0,3,11c9903ecb9851ec9954b1a21f14b2075ff93f2b3a1774039063d00c218feea6,-85,,3,64,8.0,3
17:55:02,26.0,3,1c55e5cd9eecd6321281782940ffc57de56e83d1940c2de1f6617d4dc71eba26,-90,,3,64,7.0,3
17:55:03,26.0,3,9b6a38752bc79df77bd5285811b84608ebfca5e965f1b9e073b6c8c543028cbc,-85,,3,64,12.0,3
17:55:04,26.0,3,63a8c4b3cc9f80a8b4a4d716ab5ed1e15d4e12b3c2c6d4385bfb00e8a1e7be82,-67,,3,64,12.0,3
17:55:04,26.0,3,63a8c4b3cc9f80a8b4a4d716ab5ed1e15d4e12b3c2c6d4385bfb00e8a1e7be82,-73,,3,64,12.0,3
17:55:05,,3,25252fc485fc20d29453c8193c9a44d9314ae5cb7971234ecbbd8d05aa666a81,-93,BB311,3,64,-10.0,3
17:55:06,26.0,3,981004abd16fb40259b88ed14498ad480cfd74392f7c64c072e2aa5431f0cda8,-91,BB312,3,64,-5.0,3
17:55:07,26.0,3,1c55e5cd9eecd6321281782940ffc57de56e83d1940c2de1f6617d4dc71eba26,-95,,3,64,7.0,3
17:55:08,26.0,3,63a8c4b3cc9f80a8b4a4d716ab5ed1e15d4e12b3c2c6d4385bfb00e8a1e7be82,-64,,3,64,12.0,3
17:55:08,26.0,3,7e7590b3ea7a6c27c895a111afa6ffe092617bb74dbffea47cee641559138d44,-90,,3,64,,3
17:55:09,26.0,3,9b6a38752bc79df77bd5285811b84608ebfca5e965f1b9e073b6c8c543028cbc,-81,,3,64,12.0,3
17:55:10,26.0,3,7e7590b3ea7a6c27c895a111afa6ffe092617bb74dbffea47cee641559138d44,-90,,3,64,,3
17:55:11,,3,8b81152c729d39608207308be7fc145c3a72657d3353cb72c357b4738fa8acc8,-63,,3,64,,3
17:55:12,26.0,3,4c0997ee680cf832505ece0d9588deed0ec65aa0a612e1abcd8db16608201c80,-91,,3,64,8.0,3
17:55:12,26.0,3,63a8c4b3cc9f80a8b4a4d716ab5ed1e15d4e12b3c2c6d4385bfb00e8a1e7be82,-63,,3,64,12.0,3
17:55:13,26.0,3,63a8c4b3cc9f80a8b4a4d716ab5ed1e15d4e12b3c2c6d4385bfb00e8a1e7be82,-63,,3,64,12.0,3
17:55:14,26.0,3,63a8c4b3cc9f80a8b4a4d716ab5ed1e15d4e12b3c2c6d4385bfb00e8a1e7be82,-61,,3,64,12.0,3
17:55:15,26.0,3,63a8c4b3cc9f80a8b4a4d716ab5ed1e15d4e12b3c2c6d4385bfb00e8a1e7be82,-71,,3,64,12.0,3
17:55:16,6.0,3,0eb889cf2d4865106dfffe4455e99f16a40df32a64cffae4cffedcc7291521b4,-89,BB36,3,64,,3
17:55:16,,3,ecd2ba28ac34df3e427902ae535d6ae7cbe9f2cddb0c239755185ebb81d26001,-97,,3,64,,3
17:55:17,26.0,3,9b6a38752bc79df77bd5285811b84608ebfca5e965f1b9e073b6c8c543028cbc,-88,,3,64,12.0,3
17:55:18,26.0,3,7541143a26c1cf00aefc869fb074e355246adb2b831072f7924b41e5a5addb14,-90,,3,64,7.0,3
17:55:19,26.0,3,921e70ce9d5e4c0acbf59f5177534cf7968420a7d08c9dafe58b08a3e2779d33,-88,,3,64,,3
17:55:19,26.0,3,7541143a26c1cf00aefc869fb074e355246adb2b831072f7924b41e5a5addb14,-85,,3,64,,3
17:55:20,26.0,3,7541143a26c1cf00aefc869fb074e355246adb2b831072f7924b41e5a5addb14,-83,,3,64,,3
17:55:21,26.0,3,7541143a26c1cf00aefc869fb074e355246adb2b831072f7924b41e5a5addb14,-86,,3,64,,3
17:55:22,26.0,3,7541143a26c1cf00aefc869fb074e355246adb2b831072f7924b41e5a5addb14,-87,,3,64,,3
17:55:23,26.0,3,7541143a26c1cf00aefc869fb074e355246adb2b831072f7924b41e5a5addb14,-83,,3,64,,3
17:55:24,26.0,3,921e70ce9d5e4c0acbf59f5177534cf7968420a7d08c9dafe58b08a3e2779d33,-85,,3,64,,3
17:55:24,26.0,3,23d461e80c17d3d43c3f62886375da69b93e5102ce1c29347eb5d12f85708115,-92,,3,64,12.0,3
17:55:25,26.0,3,7541143a26c1cf00aefc869fb074e355246adb2b831072f7924b41e5a5addb14,-90,,3,64,7.0,3
17:55:26,26.0,3,23d461e80c17d3d43c3f62886375da69b93e5102ce1c29347eb5d12f85708115,-83,,3,64,12.0,3
17:55:27,,3,c7b15f6b044438bf29d596985cc05a7fcdb47231722c2dd168e68b16f09e870a,-92,,3,64,,3
17:55:28,26.0,3,7541143a26c1cf00aefc869fb074e355246adb2b831072f7924b41e5a5addb14,-87,,3,64,7.0,3
17:55:28,26.0,3,7e7590b3ea7a6c27c895a111afa6ffe092617bb74dbffea47cee641559138d44,-90,,3,64,,3
17:55:29,26.0,3,7e7590b3ea7a6c27c895a111afa6ffe092617bb74dbffea47cee641559138d44,-86,,3,64,,3
17:55:30,26.0,3,921e70ce9d5e4c0acbf59f5177534cf7968420a7d08c9dafe58b08a3e2779d33,-87,,3,64,,3
17:55:31,,3,8b81152c729d39608207308be7fc145c3a72657d3353cb72c357b4738fa8acc8,-84,,3,64,,3
17:55:31,,3,769eb3b1f1af3d2ce34e18a008f33221589d925ece07fc3c497d973619294eaa,-86,,3,64,,3
17:55:32,26.0,3,bfa66761f416eb2a260018fce1d2f128bd836868d4aff08a70713f2ca43f7696,-94,,3,64,8.0,3
17:55:33,,3,8b81152c729d39608207308be7fc145c3a72657d3353cb72c357b4738fa8acc8,-68,,3,64,,3
17:55:34,26.0,3,23d461e80c17d3d43c3f62886375da69b93e5102ce1c29347eb5d12f85708115,-93,,3,64,12.0,3
17:55:35,,3,1d4baef4a0d0d9339140b0c6996b4825610703fc60c199a63628aaf0612c9a32,-92,,3,64,,3
17:55:35,26.0,3,c21976de134105109f01b58f8b1a10d2469ab7ed2e0c8666f3ea3aaa3d4aa4e8,-89,,3,64,8.0,3
17:55:36,,3,8b81152c729d39608207308be7fc145c3a72657d3353cb72c357b4738fa8acc8,-70,,3,64,,3
17:55:37,26.0,3,23d461e80c17d3d43c3f62886375da69b93e5102ce1c29347eb5d12f85708115,-90,,3,64,12.0,3
17:55:38,26.0,3,7e7590b3ea7a6c27c895a111afa6ffe092617bb74dbffea47cee641559138d44,-94,,3,64,,3
17:55:39,26.0,3,7e7590b3ea7a6c27c895a111afa6ffe092617bb74dbffea47cee641559138d44,-92,,3,64,,3
17:55:39,26.0,3,7e7590b3ea7a6c27c895a111afa6ffe092617bb74dbffea47cee641559138d44,-90,,3,64,,3
17:55:40,,3,8b81152c729d39608207308be7fc145c3a72657d3353cb72c357b4738fa8acc8,-72,,3,64,,3
17:55:41,,3,707b71408a8d2e3470fc72a71710d66d45218c96706eb4e184b3588aeb82ab59,-93,,3,64,,3
17:55:42,26.0,3,921e70ce9d5e4c0acbf59f5177534cf7968420a7d08c9dafe58b08a3e2779d33,-84,,3,64,,3
17:55:43,,3,8b81152c729d39608207308be7fc145c3a72657d3353cb72c357b4738fa8acc8,-67,,3,64,,3
17:55:43,26.0,3,7e7590b3ea7a6c27c895a111afa6ffe092617bb74dbffea47cee641559138d44,-89,,3,64,8.0,3
17:55:44,,3,8b81152c729d39608207308be7fc145c3a72657d3353cb72c357b4738fa8acc8,-75,,3,64,,3
17:55:45,26.0,3,daedca1ac018732383c093bb0c19e4d4b7d274764cbc9d52d6f812eb7849149a,-96,,3,64,7.0,3
17:55:46,26.0,3,921e70ce9d5e4c0acbf59f5177534cf7968420a7d08c9dafe58b08a3e2779d33,-94,,3,64,,3
17:55:47,26.0,3,23d461e80c17d3d43c3f62886375da69b93e5102ce1c29347eb5d12f85708115,-97,,3,64,12.0,3
17:55:47,26.0,3,daedca1ac018732383c093bb0c19e4d4b7d274764cbc9d52d6f812eb7849149a,-92,,3,64,7.0,3
17:55:48,26.0,3,436f666854960ab6749f2a76cec7528c15986969ccb2ef58574247a20d593c5c,-82,,3,64,7.0,3
17:55:49,26.0,3,5899dc4b05c0c7927b8c0fc0dcb913d26a610d36dc664f6f85254dab6dab56ce,-92,,3,64,7.0,3
17:55:50,26.0,3,7e7590b3ea7a6c27c895a111afa6ffe092617bb74dbffea47cee641559138d44,-90,,3,64,8.0,3
17:55:51,,3,8b81152c729d39608207308be7fc145c3a72657d3353cb72c357b4738fa8acc8,-72,,3,64,,3
17:55:51,26.0,3,b49ca62a12e863ad3c2b1b2442d5f4dda2248a33b6c7f07a0dc9df73d0ddb775,-86,,3,64,7.0,3
17:55:52,,3,769eb3b1f1af3d2ce34e18a008f33221589d925ece07fc3c497d973619294eaa,-87,,3,64,,3
17:55:53,26.0,3,436f666854960ab6749f2a76cec7528c15986969ccb2ef58574247a20d593c5c,-85,,3,64,7.0,3
17:55:54,,3,769eb3b1f1af3d2ce34e18a008f33221589d925ece07fc3c497d973619294eaa,-95,,3,64,,3
17:55:54,26.0,3,b7506f3983ee393ad1c83531d90077e48b9ab31d7778f010d38b1e84ccec2b4c,-87,,3,64,26.0,3
17:55:55,6.0,3,0eb889cf2d4865106dfffe4455e99f16a40df32a64cffae4cffedcc7291521b4,-86,BB36,3,64,,3
17:55:56,26.0,3,ee5c46882363c677b76d561a4925f1349521feec99ce4fe272d3996b365a00bc,-93,,3,64,26.0,3
17:55:57,,3,8b81152c729d39608207308be7fc145c3a72657d3353cb72c357b4738fa8acc8,-79,,3,64,,3
17:55:58,26.0,3,9745ac628dbb92f49503e68ae337dfd27dc1db42125c192827c7534d1182456d,-86,,3,64,12.0,3
17:55:58,,3,df085d72c1d8e76a426324a9079a7161e4873de0a72be45a1fd8f36c11da6b57,-86,,3,64,,3
