Time,ssid,bssid,sec,channel,rssi
10:26:44,P60,62bcc1ff7a123a2b1432f3f8b08fbcfa3c0696ea037b38442444be8b3e2bc357,3,6,-45
10:26:44,P61,7994e1d55e270023b1edd16e8675b8d5e5119c564d78cc2df6d90de2db9014d8,0,9,-68
10:26:44,P61,6757e50fa194a9a9ab921adeec5f85610c44fb6dc6befb9ae9a1f352b270d2fe,0,9,-74
10:26:44,P62,136e57471ae7f7ad469b1f8cb65556b71ea243eae5c14d75b564a1a6c2698311,4,4,-76
10:26:44,P62,3ab234bab04dfb1dcfe022f68e4caa9488a3853e6f10c9d19611d3fafb69d4ea,3,4,-77
10:26:44,P63,a19096e2fddfe105b302b37054bc39175de238eca5c303861dd3aa02951564e2,3,5,-77
10:26:44,P64,49c2f85516da1ac110f55d19d8954f030a5a87fb1e5aca647533edd58dbf7c3a,2,11,-80
10:26:44,P65,48922ee94bab276570425975661bc7b4a55a553fd6edf5eed59dbb3169a12e98,3,1,-81
10:26:44,P66,2c670a73159247bddfa25cdbcfca206310152545cace9f5c836196a3dbe02f28,3,5,-86
10:26:44,P66,80bcd244e033e1ea3ed6b7f6933ed2a2c39d62d82b44a5bd9c6c8f89d53905d3,3,13,-87
10:26:44,P67,fcff1553cd3c54952932eb3bc8591eae8192637a43ebb672c473c9f1ea6f8f0d,0,13,-93
10:26:45,P60,62bcc1ff7a123a2b1432f3f8b08fbcfa3c0696ea037b38442444be8b3e2bc357,3,6,-48
10:26:45,P68,d43c2ee594be2c39d07d913f416107ef6bb45ce0dba30635ab8f930eeaa9159d,3,5,-71
10:26:45,P66,4337135f0f2d3d618c6ef84149499ebffbbae61bda73b3f915a736539e705bfe,3,5,-72
10:26:45,P62,3ab234bab04dfb1dcfe022f68e4caa9488a3853e6f10c9d19611d3fafb69d4ea,3,4,-76
10:26:45,P61,6757e50fa194a9a9ab921adeec5f85610c44fb6dc6befb9ae9a1f352b270d2fe,0,9,-76
10:26:45,P61,88e9094b352969fb4ccec603824148b50c89dfdc48fd8ac685eab14514397538,0,9,-78
10:26:45,P69,6f8a0927e1e06cc634d51ba2f813b25fe0fc41990febcfa94359e7912439bbe8,5,13,-83
10:26:45,P63,6e1a6a5fcf7725ad5ab63ae6225b58d438cba4fec82e423e45441149a7c5c437,3,13,-83
10:26:45,P66,0a27df65e336b75d3bafda6eb54009191fdbfcc6d59e8dbe3b4ea16e8305e806,3,13,-84
10:26:45,P68,d5b9d021e6fac9231bc4acb492bc1dd61fb8b307ab8f12061d438ee5504b75e4,3,13,-84
10:26:47,P60,62bcc1ff7a123a2b1432f3f8b08fbcfa3c0696ea037b38442444be8b3e2bc357,3,6,-50
10:26:47,P61,7994e1d55e270023b1edd16e8675b8d5e5119c564d78cc2df6d90de2db9014d8,0,9,-67
10:26:47,P68,d43c2ee594be2c39d07d913f416107ef6bb45ce0dba30635ab8f930eeaa9159d,3,5,-69
10:26:47,P63,d83c430665271fcc02e67e6beac22cb7760e9f211f2518819ed7eed44ce9d316,3,5,-69
10:26:47,P66,4337135f0f2d3d618c6ef84149499ebffbbae61bda73b3f915a736539e705bfe,3,5,-70
10:26:47,P69,a089d15d5b3c14f4ae925df1492d14f6b322a6d8c8674958ecd0276007339c17,5,5,-70
10:26:47,P67,661be8fb21873d3185eb4f4320d25b613e6fd633cf88673f8231e9c31757898c,0,5,-71
10:26:47,P61,6757e50fa194a9a9ab921adeec5f85610c44fb6dc6befb9ae9a1f352b270d2fe,0,9,-79
10:26:47,P61,88e9094b352969fb4ccec603824148b50c89dfdc48fd8ac685eab14514397538,0,9,-83
10:26:47,P69,6f8a0927e1e06cc634d51ba2f813b25fe0fc41990febcfa94359e7912439bbe8,5,13,-84
10:26:47,P67,b64233ae6aae1d541f538a9cdfaa0eceb940981bbecf2e88c2c9bf01c96e0a55,0,13,-84
10:26:47,P610,6c2fb1ffed0ca69e3c21b6a6909b330b56a4a0a8d7077cd207140295a700fdaa,3,1,-85
10:26:47,P611,54e73e745e0c888e715edf353300546f083b7b5f9bac528382ca3c9f5adb8f3f,4,11,-85
10:26:47,P67,46855325792676cdde4939f086fc0ac008fac09d4a6e61b2bcc055fbd9d372d5,0,13,-85
10:26:47,P67,cac7bd3c7ba984b162efabb191833617cdd3f5cdfa78355cbad7a229e8a0097f,0,13,-85
10:26:47,P66,2c670a73159247bddfa25cdbcfca206310152545cace9f5c836196a3dbe02f28,3,5,-86
10:26:47,P68,dc77977c37f7916426ddbf502cce04b2583789847802a6974996500d7e1c7255,3,5,-87
10:26:47,P612,00bf3ef74648cf35880434b6ac53ca6577165882e38222ebf2f91087fa430b64,5,9,-91
10:26:47,P613,e58a21cb0581ec680934f569d0abe11b9a87ffb4c8fa1d0f81dbe2702e5fdf87,3,4,-94
10:26:50,P60,62bcc1ff7a123a2b1432f3f8b08fbcfa3c0696ea037b38442444be8b3e2bc357,3,6,-45
10:26:50,P61,7994e1d55e270023b1edd16e8675b8d5e5119c564d78cc2df6d90de2db9014d8,0,9,-66
10:26:50,P67,661be8fb21873d3185eb4f4320d25b613e6fd633cf88673f8231e9c31757898c,0,5,-67
10:26:50,P66,4337135f0f2d3d618c6ef84149499ebffbbae61bda73b3f915a736539e705bfe,3,5,-68
10:26:50,P62,3ab234bab04dfb1dcfe022f68e4caa9488a3853e6f10c9d19611d3fafb69d4ea,3,4,-72
10:26:50,P61,6757e50fa194a9a9ab921adeec5f85610c44fb6dc6befb9ae9a1f352b270d2fe,0,9,-77
10:26:50,P610,6c2fb1ffed0ca69e3c21b6a6909b330b56a4a0a8d7077cd207140295a700fdaa,3,1,-78
10:26:50,P614,a31fec0712e0403ba7aec76cbf56de9027f8899201b452b5b54ec62074f91cc5,3,1,-78
10:26:50,P61,88e9094b352969fb4ccec603824148b50c89dfdc48fd8ac685eab14514397538,0,9,-78
10:26:50,P615,80b41edd6ac575251301b7309f80045995f307afd7a7b50ce7d26a80e4d9f915,3,1,-79
10:26:50,P62,136e57471ae7f7ad469b1f8cb65556b71ea243eae5c14d75b564a1a6c2698311,4,4,-82
10:26:50,P67,cdb4df8918fadbbf86d8afac6d58e9413d6127024bd68bb9c9fca595d21884b2,0,13,-87
10:26:50,P68,3162535206d48eceb9f898af256a1e74433114a486ba7820e1c439097f1110bd,3,13,-87
10:26:50,P614,bc7f7be54680e2fee40a9287c764f3c69856709a821b37accf84ddca6445baed,3,1,-88
10:26:50,P66,80bcd244e033e1ea3ed6b7f6933ed2a2c39d62d82b44a5bd9c6c8f89d53905d3,3,13,-88
10:26:50,P615,3be7e69d9614e157a0b338adf1a498e87aae6701e1b294c17fe6c2c837c4bfe2,3,1,-89
10:26:50,P69,617091af4e57cac8b446add0939bb250f881accb05129100e9491cdfcf95a1d1,5,13,-89
10:26:52,P60,62bcc1ff7a123a2b1432f3f8b08fbcfa3c0696ea037b38442444be8b3e2bc357,3,6,-41
10:26:52,P61,6757e50fa194a9a9ab921adeec5f85610c44fb6dc6befb9ae9a1f352b270d2fe,0,9,-64
10:26:52,P614,575ae1a3a64cfa3c707c36849179f72832b08aa1f1f5f8295b22ad9b51a890d9,3,6,-72
10:26:52,P610,32fe81291b4dc24ad44bdbb43a889ca2444026f8f237d3338fa5407d42f84dbb,3,6,-73
10:26:52,P615,2bb287fd381ed201fb03f25ec1a14f2785308046e57460d8ee3be7737d747c2e,3,6,-73
10:26:52,P62,3ab234bab04dfb1dcfe022f68e4caa9488a3853e6f10c9d19611d3fafb69d4ea,3,4,-75
10:26:52,P616,f36ccf296dce77d435bfc633096bf26cbed355f83ef2a10003e1674e5e509e05,4,11,-81
10:26:52,P67,b64233ae6aae1d541f538a9cdfaa0eceb940981bbecf2e88c2c9bf01c96e0a55,0,13,-87
10:26:52,P67,ae75e4780819d66c13c5204e6736e973104942adc807efa62738f46d02ba69eb,0,5,-88
10:26:52,P66,6098916209ce8b8bb63c60422423b0f4312f55791edabb2ba3f07b35969fa7e1,3,5,-88
10:26:52,P68,6e6467c31734e636bbbecb9e5d605391d29fa4ded882bdf91fbfdbc4896de2d3,3,5,-88
10:26:52,P69,ca0900b2840c4f2b81567280f76332e1ba422bdaa912724d052018206cda9020,5,5,-88
10:26:52,P63,a19096e2fddfe105b302b37054bc39175de238eca5c303861dd3aa02951564e2,3,5,-88
10:26:52,P67,d5a81a3a3a5a00e9ed5db5cf893387162ab444dcc6ac8e153a50b5b6b649f06a,0,13,-89
10:26:52,P66,6f5a22f5ca83c31bf9ce5099a20e2b485226da0c9da782757308aea86c020c26,3,13,-91
10:26:52,P617,0f47ca43be55cc4fc33b6b951f145852c655917e67b80a797102eb4762be3f4c,3,11,-96
10:26:54,P60,62bcc1ff7a123a2b1432f3f8b08fbcfa3c0696ea037b38442444be8b3e2bc357,3,6,-45
10:26:54,P61,7994e1d55e270023b1edd16e8675b8d5e5119c564d78cc2df6d90de2db9014d8,0,9,-67
10:26:54,P61,6757e50fa194a9a9ab921adeec5f85610c44fb6dc6befb9ae9a1f352b270d2fe,0,9,-71
10:26:54,P615,2bb287fd381ed201fb03f25ec1a14f2785308046e57460d8ee3be7737d747c2e,3,6,-78
10:26:54,P66,ff45f76b201777f64eee6b6ec73ecec595012ecf102503b183859f9ec06323d5,3,13,-79
10:26:54,P68,3cce479af858732893f43aee2797afc04cdca2531a7c0cee6b9186d6e4fee039,3,13,-79
10:26:54,P618,54981616c6519f0ee0099f85cd4c5f970c5adb09e65111b27dafe59ca0f138e6,0,8,-81
10:26:54,P61,469e21b03cb9761dd6b913bdef60d862f4ef500f7ad0d96d37f78ce82a08e431,0,8,-84
10:26:54,P61,88e9094b352969fb4ccec603824148b50c89dfdc48fd8ac685eab14514397538,0,9,-84
10:26:54,P66,2328c350612c91e51414cbceec6a0cfc1d11b0f2071119ba628b1db9cdbe132f,3,13,-90
10:26:54,P68,30a4f58f44c5108c77d607a88671b07cd8fcda4ba62713cba5da1240dbd02de2,3,13,-90
10:26:56,P60,62bcc1ff7a123a2b1432f3f8b08fbcfa3c0696ea037b38442444be8b3e2bc357,3,6,-50
10:26:56,P62,3ab234bab04dfb1dcfe022f68e4caa9488a3853e6f10c9d19611d3fafb69d4ea,3,4,-73
10:26:56,P61,6757e50fa194a9a9ab921adeec5f85610c44fb6dc6befb9ae9a1f352b270d2fe,0,9,-73
10:26:56,P61,7994e1d55e270023b1edd16e8675b8d5e5119c564d78cc2df6d90de2db9014d8,0,9,-78
10:26:56,P615,2bb287fd381ed201fb03f25ec1a14f2785308046e57460d8ee3be7737d747c2e,3,6,-80
10:26:56,P69,c4412f717d3e43144835e976eb8589a5f6322ba06088b9c541015e827a21bf48,5,13,-81
10:26:56,P614,575ae1a3a64cfa3c707c36849179f72832b08aa1f1f5f8295b22ad9b51a890d9,3,6,-82
10:26:56,P63,46e8a11f21617b51d9d75a495992bc6e1d1ad7e492f315b407418b8d946e61f5,3,13,-82
10:26:56,P610,32fe81291b4dc24ad44bdbb43a889ca2444026f8f237d3338fa5407d42f84dbb,3,6,-83
10:26:56,P619,377c20c82307c4373c868c8f9f98848275af31a55f96bda163c60cb49d92e45e,4,1,-84
10:26:56,P620,4b79f80f70f5a1a311207dba58311ab5f8cecf7325a7d5a9d33aeb75a0de23f5,3,6,-85
10:26:56,P67,c485765176fdb6e7958769647c4792939948e26812f8a9a282a68648aad9fa7d,0,5,-88
10:26:56,P621,ff7524319190f6712afb792bbcfb2bfc902f0eca669481f1aad78cc8dbbb8538,5,9,-90
10:26:58,P68,d43c2ee594be2c39d07d913f416107ef6bb45ce0dba30635ab8f930eeaa9159d,3,5,-66
10:26:58,P69,a089d15d5b3c14f4ae925df1492d14f6b322a6d8c8674958ecd0276007339c17,5,5,-66
10:26:58,P63,d83c430665271fcc02e67e6beac22cb7760e9f211f2518819ed7eed44ce9d316,3,5,-66
10:26:58,P67,661be8fb21873d3185eb4f4320d25b613e6fd633cf88673f8231e9c31757898c,0,5,-66
10:26:58,P66,4337135f0f2d3d618c6ef84149499ebffbbae61bda73b3f915a736539e705bfe,3,5,-66
10:26:58,P620,4b79f80f70f5a1a311207dba58311ab5f8cecf7325a7d5a9d33aeb75a0de23f5,3,6,-77
10:26:58,P67,46855325792676cdde4939f086fc0ac008fac09d4a6e61b2bcc055fbd9d372d5,0,13,-80
10:26:58,P619,377c20c82307c4373c868c8f9f98848275af31a55f96bda163c60cb49d92e45e,4,1,-81
10:27:00,P622,50e1b790bdb99d2cebe0f3d5c191b0a1e307973059780013eaaa7079ad193173,3,6,-70
10:27:00,P620,4b79f80f70f5a1a311207dba58311ab5f8cecf7325a7d5a9d33aeb75a0de23f5,3,6,-77
10:27:00,P619,377c20c82307c4373c868c8f9f98848275af31a55f96bda163c60cb49d92e45e,4,1,-81
10:27:00,P64,49c2f85516da1ac110f55d19d8954f030a5a87fb1e5aca647533edd58dbf7c3a,2,11,-83
10:27:00,P623,a334c78e9666a4b46d4e59eb4815521bb6fc1c9b7109cdc4787e1aa2678ae087,5,11,-83
10:27:00,P621,ff7524319190f6712afb792bbcfb2bfc902f0eca669481f1aad78cc8dbbb8538,5,9,-89
10:27:00,P612,00bf3ef74648cf35880434b6ac53ca6577165882e38222ebf2f91087fa430b64,5,9,-89
10:27:00,P621_RFID,3ec662f8ee62f83a1818f1160afef0421be247df36b3713ad5d479772084d798,5,9,-89
10:27:00,P625,5cfa6560d6adab46a91573e285979e9bf3ef89553557728f2ae4c55926b3f5d8,5,9,-89
10:27:02,P68,823c4d4c521c101e54579ec1def591c690112004eecb7fb7f8706bee6d9a8fdc,3,13,-77
10:27:02,P69,c4412f717d3e43144835e976eb8589a5f6322ba06088b9c541015e827a21bf48,5,13,-79
10:27:02,P63,46e8a11f21617b51d9d75a495992bc6e1d1ad7e492f315b407418b8d946e61f5,3,13,-80
10:27:02,P626,832c1ed8aeb687f2cc9faf51643657434bf25484114ffed24e8393907ff54f9f,3,1,-83
10:27:02,P627,c8c813c356875f7f3e3a55fe3d893e135c53c25a44844bbeb3b9a3965ed45812,4,1,-86
10:27:02,P68,dedd9dc837b6e3566d0ae022bc4869c19a4be8019dc57bba22e418580a5bb21d,3,13,-86
10:27:02,P615,2bb287fd381ed201fb03f25ec1a14f2785308046e57460d8ee3be7737d747c2e,3,6,-87
10:27:04,P628,2e54e9cb403dac610a27f7d6fd674bf9a7876d8f3e6b5b84e0ed9cb0380a562c,4,6,-68
10:27:04,P67,46855325792676cdde4939f086fc0ac008fac09d4a6e61b2bcc055fbd9d372d5,0,13,-74
10:27:04,P68,79ffb4722bcc168da04a5157a3d5ee869384947d7b12ea9fc9de83d94a986739,3,13,-74
10:27:04,P66,2a671ad49e6e7152cc82c61857700d2e997f198b15ebded01f69f71736c2a06c,3,13,-75
10:27:04,P69,617091af4e57cac8b446add0939bb250f881accb05129100e9491cdfcf95a1d1,5,13,-75
10:27:04,P63,133f58d02260daaf82990944fe78dc0f0c756b415db0b2cf3534ca4a5d809cbd,3,13,-75
10:27:04,P627,c8c813c356875f7f3e3a55fe3d893e135c53c25a44844bbeb3b9a3965ed45812,4,1,-79
10:27:04,P629,149119dc0afbcef59bdaa0c43943049835ce3e7cbed3f2eb42c81584ee1428c1,4,6,-85
10:27:04,P626,832c1ed8aeb687f2cc9faf51643657434bf25484114ffed24e8393907ff54f9f,3,1,-86
10:27:04,P613,e58a21cb0581ec680934f569d0abe11b9a87ffb4c8fa1d0f81dbe2702e5fdf87,3,4,-86
10:27:06,P620,4b79f80f70f5a1a311207dba58311ab5f8cecf7325a7d5a9d33aeb75a0de23f5,3,6,-68
10:27:06,P628,2e54e9cb403dac610a27f7d6fd674bf9a7876d8f3e6b5b84e0ed9cb0380a562c,4,6,-69
10:27:06,P67,46855325792676cdde4939f086fc0ac008fac09d4a6e61b2bcc055fbd9d372d5,0,13,-72
10:27:06,P66,2a671ad49e6e7152cc82c61857700d2e997f198b15ebded01f69f71736c2a06c,3,13,-73
10:27:06,P63,d83c430665271fcc02e67e6beac22cb7760e9f211f2518819ed7eed44ce9d316,3,5,-74
10:27:06,P67,661be8fb21873d3185eb4f4320d25b613e6fd633cf88673f8231e9c31757898c,0,5,-77
10:27:06,P63,46e8a11f21617b51d9d75a495992bc6e1d1ad7e492f315b407418b8d946e61f5,3,13,-82
10:27:06,P61,7994e1d55e270023b1edd16e8675b8d5e5119c564d78cc2df6d90de2db9014d8,0,9,-88
10:27:06,P621_RFID,3ec662f8ee62f83a1818f1160afef0421be247df36b3713ad5d479772084d798,5,9,-88
10:27:08,P628,2e54e9cb403dac610a27f7d6fd674bf9a7876d8f3e6b5b84e0ed9cb0380a562c,4,6,-67
10:27:08,P620,4b79f80f70f5a1a311207dba58311ab5f8cecf7325a7d5a9d33aeb75a0de23f5,3,6,-73
10:27:08,P66,ff45f76b201777f64eee6b6ec73ecec595012ecf102503b183859f9ec06323d5,3,13,-80
10:27:08,P68,3cce479af858732893f43aee2797afc04cdca2531a7c0cee6b9186d6e4fee039,3,13,-81
10:27:08,P627,c8c813c356875f7f3e3a55fe3d893e135c53c25a44844bbeb3b9a3965ed45812,4,1,-84
10:27:08,P62,3ab234bab04dfb1dcfe022f68e4caa9488a3853e6f10c9d19611d3fafb69d4ea,3,4,-85
10:27:08,P63,d753ce367b74a34ecfb65feb21828e2af8f1aae3db073e0a8b2b3087e088fda6,3,13,-86
10:27:10,P620,4b79f80f70f5a1a311207dba58311ab5f8cecf7325a7d5a9d33aeb75a0de23f5,3,6,-66
10:27:10,P627,c8c813c356875f7f3e3a55fe3d893e135c53c25a44844bbeb3b9a3965ed45812,4,1,-76
10:27:10,P66,2a671ad49e6e7152cc82c61857700d2e997f198b15ebded01f69f71736c2a06c,3,13,-76
10:27:10,P626,832c1ed8aeb687f2cc9faf51643657434bf25484114ffed24e8393907ff54f9f,3,1,-77
10:27:10,P623,a334c78e9666a4b46d4e59eb4815521bb6fc1c9b7109cdc4787e1aa2678ae087,5,11,-85
10:27:10,P68,dd6dc3128771ac99c199219fd45dae5daf6e6923db95e70bf93cf71be88ccb32,3,13,-86
10:27:10,P69,2588994f64cf7af9f9a1634e00c0540977eaeae07036efeafd6bd165f21fd159,5,5,-91
10:27:10,P64,49c2f85516da1ac110f55d19d8954f030a5a87fb1e5aca647533edd58dbf7c3a,2,11,-91
10:27:12,P620,4b79f80f70f5a1a311207dba58311ab5f8cecf7325a7d5a9d33aeb75a0de23f5,3,6,-80
10:27:12,P616,f36ccf296dce77d435bfc633096bf26cbed355f83ef2a10003e1674e5e509e05,4,11,-82
10:27:12,P630,60a84126c2475d38495ab44a7d19545498ae9bc0f30a630b8315c1bc58ef746e,3,11,-83
10:27:12,P63,635a45c0353f2cfe075f10d3c945e6170aa75046844a8446d4d0c67bb2f48aa1,3,5,-88
10:27:14,P67,d5a81a3a3a5a00e9ed5db5cf893387162ab444dcc6ac8e153a50b5b6b649f06a,0,13,-78
10:27:14,P68,d43c2ee594be2c39d07d913f416107ef6bb45ce0dba30635ab8f930eeaa9159d,3,5,-82
10:27:14,P628,2e54e9cb403dac610a27f7d6fd674bf9a7876d8f3e6b5b84e0ed9cb0380a562c,4,6,-82
10:27:14,P66,4a62b2d08379fb57646a9076078e82dd67893663e3964c8c80fe53c1786fed13,3,13,-84
10:27:14,P67,186c6d1078f82916633656ea64e1d030f5a899960bbbe89e2d561342802d7420,0,13,-85
10:27:14,P627,c8c813c356875f7f3e3a55fe3d893e135c53c25a44844bbeb3b9a3965ed45812,4,1,-89
10:27:14,P61,6757e50fa194a9a9ab921adeec5f85610c44fb6dc6befb9ae9a1f352b270d2fe,0,9,-91
10:27:14,P67,c93e1b7b2e612a38169ea5479fb5dc1dab49f3ea374fb83d92cabae34772e3af,0,5,-94
10:27:16,P627,c8c813c356875f7f3e3a55fe3d893e135c53c25a44844bbeb3b9a3965ed45812,4,1,-82
10:27:16,P631,72efb0f2b795746ee8a20856b25fc1ee952a292bcf52bb8c5456436d0d4b5c7b,4,11,-84
10:27:16,P63,1442c4b0e6b4911cffbf04a049e22029a2c156ae5bfc7057050bb1766c77f0ed,3,13,-86
10:27:16,P632,078cb4a28c7de65917eb3fecc607bccd6ad04ed7e3b446ed26ad306a6760928e,3,1,-89
10:27:16,P63,254259d3b01ab221bd57481b5edb0820383e02e0fcf2418c6542f7acd3ac5e6c,3,13,-90
10:27:16,P69,c4412f717d3e43144835e976eb8589a5f6322ba06088b9c541015e827a21bf48,5,13,-90
10:27:16,P67,d9f5b5850fbe0c46af96ce80445b37a50f7f181ad16323c3f9a3409390f6d8d2,0,5,-91
10:27:18,P69,617091af4e57cac8b446add0939bb250f881accb05129100e9491cdfcf95a1d1,5,13,-73
10:27:18,P627,c8c813c356875f7f3e3a55fe3d893e135c53c25a44844bbeb3b9a3965ed45812,4,1,-79
10:27:18,P613,e58a21cb0581ec680934f569d0abe11b9a87ffb4c8fa1d0f81dbe2702e5fdf87,3,4,-85
10:27:18,P633,6c165c11ec1300d6d87582ab2985d9e9c39da13bb6fa6b163ee84e2693974c04,4,6,-87
10:27:18,P634,74bcfcea6bd824d21136ec5914e2c8059cc491c0f0d1bdef2eb4796b5acdc49f,4,1,-93
10:27:20,P67,46855325792676cdde4939f086fc0ac008fac09d4a6e61b2bcc055fbd9d372d5,0,13,-67
10:27:20,P66,2a671ad49e6e7152cc82c61857700d2e997f198b15ebded01f69f71736c2a06c,3,13,-68
10:27:20,P68,79ffb4722bcc168da04a5157a3d5ee869384947d7b12ea9fc9de83d94a986739,3,13,-68
10:27:20,P67,186c6d1078f82916633656ea64e1d030f5a899960bbbe89e2d561342802d7420,0,13,-83
10:27:22,P63,133f58d02260daaf82990944fe78dc0f0c756b415db0b2cf3534ca4a5d809cbd,3,13,-67
10:27:22,P635,a3b0783cd3e424403f6ea51b9dac8a45fb4d4a0c0ba5dbe97cc17af2f74a784a,4,11,-80
10:27:22,P630,60a84126c2475d38495ab44a7d19545498ae9bc0f30a630b8315c1bc58ef746e,3,11,-85
10:27:22,P66,6f5a22f5ca83c31bf9ce5099a20e2b485226da0c9da782757308aea86c020c26,3,13,-86
10:27:22,P67,5a8e57e91a11d64b294ce6dc01663cfd35aa98ea22b5ab0abad7058953ff26e7,0,13,-86
10:27:22,P68,dedd9dc837b6e3566d0ae022bc4869c19a4be8019dc57bba22e418580a5bb21d,3,13,-86
10:27:22,P622,50e1b790bdb99d2cebe0f3d5c191b0a1e307973059780013eaaa7079ad193173,3,6,-91
10:27:22,P69,5799a9c7a5d21a627e6a5e1305502f0e7ca7c6b2efc51042db27b379c89b0a25,5,13,-91
10:27:22,P63,4a183c8577cd54fad0d1cfaca2663c9fc9882eced20b2a3107a1a473be1e7475,3,13,-91
10:27:24,P635,a3b0783cd3e424403f6ea51b9dac8a45fb4d4a0c0ba5dbe97cc17af2f74a784a,4,11,-67
10:27:24,P69,566fbdfaa30ec91f3a8d5a229d9cd38af1fefe41ae10bbae4dee27cbbb604152,5,13,-80
10:27:24,P66,6f5a22f5ca83c31bf9ce5099a20e2b485226da0c9da782757308aea86c020c26,3,13,-81
10:27:24,P68,dedd9dc837b6e3566d0ae022bc4869c19a4be8019dc57bba22e418580a5bb21d,3,13,-81
10:27:24,P636,e0827183228e823af4b622356dff5228ced7852ddb9e1c86ca4d72d04c81c7d5,4,1,-84
10:27:24,P637,e70bd85f7ae3265c4fd3c0dc8d125191fe5cd6d93eaa493d166068cfc6d84d90,4,1,-85
10:27:24,P638,1b1ee58594714feb3fe7338d5426f897160aa57246a7ed48918ffd297f4bc105,0,1,-89
10:27:24,P639,35ff633222091c3c84815f905147b8682a70ecad42929e7c34bf56a52237479c,3,1,-90
10:27:24,P640,442455b4054e87f8bddf0347e390049114e342cc06f7a9d01359065fe83abcd7,4,1,-90
10:27:26,P67,46855325792676cdde4939f086fc0ac008fac09d4a6e61b2bcc055fbd9d372d5,0,13,-73
10:27:26,P66,2a671ad49e6e7152cc82c61857700d2e997f198b15ebded01f69f71736c2a06c,3,13,-74
10:27:26,P68,79ffb4722bcc168da04a5157a3d5ee869384947d7b12ea9fc9de83d94a986739,3,13,-74
10:27:26,P69,617091af4e57cac8b446add0939bb250f881accb05129100e9491cdfcf95a1d1,5,13,-74
10:27:26,P63,133f58d02260daaf82990944fe78dc0f0c756b415db0b2cf3534ca4a5d809cbd,3,13,-74
10:27:26,P620,4b79f80f70f5a1a311207dba58311ab5f8cecf7325a7d5a9d33aeb75a0de23f5,3,6,-84
10:27:26,P636,e0827183228e823af4b622356dff5228ced7852ddb9e1c86ca4d72d04c81c7d5,4,1,-85
10:27:26,P637,e70bd85f7ae3265c4fd3c0dc8d125191fe5cd6d93eaa493d166068cfc6d84d90,4,1,-85
10:27:26,P67,5d4b6290f526982f29782ae4b4b35ba3d8d60e0434edb6a3ef4925ac90109b66,0,5,-85
10:27:26,P66,2d77ce18938d38712a6cdff24e0cb7760a95f2189ccde5f753d5dbcd48d5b8ac,3,5,-86
10:27:26,P613,e58a21cb0581ec680934f569d0abe11b9a87ffb4c8fa1d0f81dbe2702e5fdf87,3,4,-88
10:27:26,P641,d12c1055f1397f3ada05224dd4d8bc3b220ce1b466501224b494b3e69b5058b9,3,11,-88
10:27:26,P67,c93e1b7b2e612a38169ea5479fb5dc1dab49f3ea374fb83d92cabae34772e3af,0,5,-89
10:27:26,P642,375a3e2ac7d5c0e442eedf57086071c1949741c28af33f7602f8fc636e85e8bd,3,11,-90
10:27:28,P68,79ffb4722bcc168da04a5157a3d5ee869384947d7b12ea9fc9de83d94a986739,3,13,-65
10:27:28,P67,46855325792676cdde4939f086fc0ac008fac09d4a6e61b2bcc055fbd9d372d5,0,13,-67
10:27:28,P66,2a671ad49e6e7152cc82c61857700d2e997f198b15ebded01f69f71736c2a06c,3,13,-67
10:27:28,P66,4a62b2d08379fb57646a9076078e82dd67893663e3964c8c80fe53c1786fed13,3,13,-78
10:27:28,P67,186c6d1078f82916633656ea64e1d030f5a899960bbbe89e2d561342802d7420,0,13,-81
10:27:28,P64,49c2f85516da1ac110f55d19d8954f030a5a87fb1e5aca647533edd58dbf7c3a,2,11,-86
10:27:28,P623,a334c78e9666a4b46d4e59eb4815521bb6fc1c9b7109cdc4787e1aa2678ae087,5,11,-87
10:27:28,P643,61c9f6d612b0d15159d08d31312a69d6d120feee1a47d801bb302eb423734286,5,11,-88
10:27:28,P644,4aeb705b291a5dde6e3e0ab1d055b6a6bb3e965ad2ebdc26911dd7f686ef81df,4,8,-90
10:27:28,P63,fefa149caaa7a4e1a7f650b7f0b8cef565818ff3259e17946c4701a60051ceee,3,13,-90
10:27:28,P69,a67a342279bc8c443788bb1f146351450d660238d651d144cd87ab01a2fca4d9,5,13,-92
10:27:30,P67,46855325792676cdde4939f086fc0ac008fac09d4a6e61b2bcc055fbd9d372d5,0,13,-76
10:27:30,P66,2a671ad49e6e7152cc82c61857700d2e997f198b15ebded01f69f71736c2a06c,3,13,-77
10:27:30,P66,4a62b2d08379fb57646a9076078e82dd67893663e3964c8c80fe53c1786fed13,3,13,-78
10:27:30,P628,2e54e9cb403dac610a27f7d6fd674bf9a7876d8f3e6b5b84e0ed9cb0380a562c,4,6,-87
10:27:30,P633,6c165c11ec1300d6d87582ab2985d9e9c39da13bb6fa6b163ee84e2693974c04,4,6,-88
10:27:32,P67,46855325792676cdde4939f086fc0ac008fac09d4a6e61b2bcc055fbd9d372d5,0,13,-75
10:27:32,P66,2a671ad49e6e7152cc82c61857700d2e997f198b15ebded01f69f71736c2a06c,3,13,-75
10:27:32,P68,79ffb4722bcc168da04a5157a3d5ee869384947d7b12ea9fc9de83d94a986739,3,13,-75
10:27:32,P69,617091af4e57cac8b446add0939bb250f881accb05129100e9491cdfcf95a1d1,5,13,-75
10:27:32,P63,133f58d02260daaf82990944fe78dc0f0c756b415db0b2cf3534ca4a5d809cbd,3,13,-75
10:27:32,P64,49c2f85516da1ac110f55d19d8954f030a5a87fb1e5aca647533edd58dbf7c3a,2,11,-85
10:27:32,P623,a334c78e9666a4b46d4e59eb4815521bb6fc1c9b7109cdc4787e1aa2678ae087,5,11,-85
10:27:32,P620,4b79f80f70f5a1a311207dba58311ab5f8cecf7325a7d5a9d33aeb75a0de23f5,3,6,-86
10:27:32,P67,fcff1553cd3c54952932eb3bc8591eae8192637a43ebb672c473c9f1ea6f8f0d,0,13,-94
10:27:34,P631,72efb0f2b795746ee8a20856b25fc1ee952a292bcf52bb8c5456436d0d4b5c7b,4,11,-79
10:27:34,P645,3cc64365a0066e2b67c23d61e21afae8c168ebbb4797078cc0fee066b2f5db7d,4,1,-81
10:27:34,P627,c8c813c356875f7f3e3a55fe3d893e135c53c25a44844bbeb3b9a3965ed45812,4,1,-87
10:27:34,P67,d9f5b5850fbe0c46af96ce80445b37a50f7f181ad16323c3f9a3409390f6d8d2,0,5,-87
10:27:34,P632,370b785e822391fee46b707d9e8e647048e718aa26a1a9f211031532d1b71892,3,11,-89
10:27:34,P63,5f3f5ff63b4e7d05cfb522e3392901120cf168485e9438aa55e99b745553c0f6,3,5,-90
10:27:34,P646,784fcaf253b66c62ad1f9724e9c97ace0e84c377a0112a4927d30504bdde0756,4,6,-90
10:27:36,P613,e58a21cb0581ec680934f569d0abe11b9a87ffb4c8fa1d0f81dbe2702e5fdf87,3,4,-80
10:27:36,P642,f3c2d5931908cc25158afc17a704e2e2c7414824881eb585b20387981231df66,3,1,-83
10:27:36,P628,2e54e9cb403dac610a27f7d6fd674bf9a7876d8f3e6b5b84e0ed9cb0380a562c,4,6,-84
10:27:36,P63,254259d3b01ab221bd57481b5edb0820383e02e0fcf2418c6542f7acd3ac5e6c,3,13,-85
10:27:36,P69,cdb716dc93747a4fbfcd8e0a2f08cc321eb6ec505f9b69b35f07e13f3d14f91b,5,13,-87
10:27:36,P634,74bcfcea6bd824d21136ec5914e2c8059cc491c0f0d1bdef2eb4796b5acdc49f,4,1,-94
10:27:38,P63,133f58d02260daaf82990944fe78dc0f0c756b415db0b2cf3534ca4a5d809cbd,3,13,-63
10:27:38,P69,617091af4e57cac8b446add0939bb250f881accb05129100e9491cdfcf95a1d1,5,13,-66
10:27:38,P67,186c6d1078f82916633656ea64e1d030f5a899960bbbe89e2d561342802d7420,0,13,-81
10:27:38,P68,dd6dc3128771ac99c199219fd45dae5daf6e6923db95e70bf93cf71be88ccb32,3,13,-81
10:27:38,P69,cdb716dc93747a4fbfcd8e0a2f08cc321eb6ec505f9b69b35f07e13f3d14f91b,5,13,-82
10:27:38,P647,904dcbdbd5002332095d9e4e163bd74f3ca67ba83ca6e0fb35c7bc3b550bcf90,4,4,-83
10:27:38,P642,f3c2d5931908cc25158afc17a704e2e2c7414824881eb585b20387981231df66,3,1,-84
10:27:38,P66,5b0b9dcfea44c460f8294b5b983476e19804d907217beb59862df15ee67c364f,3,5,-86
10:27:38,P66,87cbb1a7318334b62366924aa1956a056b7fd69c16ebad776a0a8fdd25eeaa67,3,9,-91
10:27:38,P628,2e54e9cb403dac610a27f7d6fd674bf9a7876d8f3e6b5b84e0ed9cb0380a562c,4,6,-92
10:27:38,P66,f93b7be5e131bd7fee761e8bf10553462a1cc7106aad48827b957a2b9a35055c,3,5,-95
10:27:38,P68,62bb31ea3a5fc600d036f44052c059e8a6476ccca2a23ae33f4a6df642ddd233,3,5,-96
10:27:40,P69,2588994f64cf7af9f9a1634e00c0540977eaeae07036efeafd6bd165f21fd159,5,5,-80
10:27:40,P630,60a84126c2475d38495ab44a7d19545498ae9bc0f30a630b8315c1bc58ef746e,3,11,-80
10:27:40,P63,d753ce367b74a34ecfb65feb21828e2af8f1aae3db073e0a8b2b3087e088fda6,3,13,-83
10:27:40,P67,5d4b6290f526982f29782ae4b4b35ba3d8d60e0434edb6a3ef4925ac90109b66,0,5,-84
10:27:40,P69,566fbdfaa30ec91f3a8d5a229d9cd38af1fefe41ae10bbae4dee27cbbb604152,5,13,-84
10:27:40,P66,4a62b2d08379fb57646a9076078e82dd67893663e3964c8c80fe53c1786fed13,3,13,-84
10:27:40,P66,5b0b9dcfea44c460f8294b5b983476e19804d907217beb59862df15ee67c364f,3,5,-85
10:27:40,P68,6d353e9d3163b5d0ab64606e3f2c3edba2ef52610726068b76caea208b77892e,3,5,-85
10:27:40,P63,635a45c0353f2cfe075f10d3c945e6170aa75046844a8446d4d0c67bb2f48aa1,3,5,-85
10:27:40,P648,02a56aa4938ffb31ee1932ceea95fd43cbddb97a5ae74f969a6840fde47cb8cb,3,1,-87
10:27:40,P66,87cbb1a7318334b62366924aa1956a056b7fd69c16ebad776a0a8fdd25eeaa67,3,9,-90
10:27:40,P68,744e7c0e2bb86ac14bdb6896c95aba1db1598650d8dd9be63eec4e95792a5452,3,9,-90
10:27:40,P69,81066bcd683c59c0b5d9fda5888e059c5627c8f1e675d7aa188334dba3fb01a6,5,9,-91
10:27:40,P63,e201672e15a8e8dc4641c42b101bf94b31c13ab340089d02c47b19bdb81a17e1,3,9,-91
10:27:40,P67,5a8e57e91a11d64b294ce6dc01663cfd35aa98ea22b5ab0abad7058953ff26e7,0,13,-91
10:27:40,P68,65dad673fd48d9efde30348784e3282c19f7bb8591b9b9745d27199fd9a3e84b,3,13,-93
10:27:40,P63,958dccbfdc756485c9fdb61431413b880b130dfa0f07b493c84713da474ae650,3,9,-94
10:27:42,P67,46855325792676cdde4939f086fc0ac008fac09d4a6e61b2bcc055fbd9d372d5,0,13,-69
10:27:42,P68,79ffb4722bcc168da04a5157a3d5ee869384947d7b12ea9fc9de83d94a986739,3,13,-71
10:27:42,P613,e58a21cb0581ec680934f569d0abe11b9a87ffb4c8fa1d0f81dbe2702e5fdf87,3,4,-77
10:27:42,P67,c93e1b7b2e612a38169ea5479fb5dc1dab49f3ea374fb83d92cabae34772e3af,0,5,-82
10:27:42,P66,2d77ce18938d38712a6cdff24e0cb7760a95f2189ccde5f753d5dbcd48d5b8ac,3,5,-83
10:27:42,P68,2d82b6896d7ad6bd7b60d8583c0ef1b34364dc37c3348af1b8c7a263ab8fefde,3,5,-83
10:27:44,P66,2a671ad49e6e7152cc82c61857700d2e997f198b15ebded01f69f71736c2a06c,3,13,-66
10:27:44,P67,46855325792676cdde4939f086fc0ac008fac09d4a6e61b2bcc055fbd9d372d5,0,13,-67
10:27:44,P68,79ffb4722bcc168da04a5157a3d5ee869384947d7b12ea9fc9de83d94a986739,3,13,-67
10:27:44,P613,e58a21cb0581ec680934f569d0abe11b9a87ffb4c8fa1d0f81dbe2702e5fdf87,3,4,-78
10:27:44,P633,6c165c11ec1300d6d87582ab2985d9e9c39da13bb6fa6b163ee84e2693974c04,4,6,-81
10:27:44,P628,2e54e9cb403dac610a27f7d6fd674bf9a7876d8f3e6b5b84e0ed9cb0380a562c,4,6,-82
10:27:44,P68,dd6dc3128771ac99c199219fd45dae5daf6e6923db95e70bf93cf71be88ccb32,3,13,-82
10:27:44,P69,cdb716dc93747a4fbfcd8e0a2f08cc321eb6ec505f9b69b35f07e13f3d14f91b,5,13,-82
10:27:44,P627,c8c813c356875f7f3e3a55fe3d893e135c53c25a44844bbeb3b9a3965ed45812,4,1,-86
10:27:44,P68,2d82b6896d7ad6bd7b60d8583c0ef1b34364dc37c3348af1b8c7a263ab8fefde,3,5,-88
10:27:44,P67,c93e1b7b2e612a38169ea5479fb5dc1dab49f3ea374fb83d92cabae34772e3af,0,5,-89
10:27:44,P69,40040c60385de6dae98012684f1c98007765db907c3e5137a01a1b6bfe5c00b5,5,5,-89
10:27:44,P63,f8b386b97e49b92911bd14b367946d7ec6c900cc037805e5557914302d7f88e6,3,5,-89
10:27:47,P631,72efb0f2b795746ee8a20856b25fc1ee952a292bcf52bb8c5456436d0d4b5c7b,4,11,-75
10:27:47,P69,2588994f64cf7af9f9a1634e00c0540977eaeae07036efeafd6bd165f21fd159,5,5,-84
10:27:47,P63,635a45c0353f2cfe075f10d3c945e6170aa75046844a8446d4d0c67bb2f48aa1,3,5,-87
10:27:47,P67,d9f5b5850fbe0c46af96ce80445b37a50f7f181ad16323c3f9a3409390f6d8d2,0,5,-88
10:27:48,P647,904dcbdbd5002332095d9e4e163bd74f3ca67ba83ca6e0fb35c7bc3b550bcf90,4,4,-72
10:27:48,P635,a3b0783cd3e424403f6ea51b9dac8a45fb4d4a0c0ba5dbe97cc17af2f74a784a,4,11,-76
10:27:48,P67,d5a81a3a3a5a00e9ed5db5cf893387162ab444dcc6ac8e153a50b5b6b649f06a,0,13,-82
10:27:48,P63,635a45c0353f2cfe075f10d3c945e6170aa75046844a8446d4d0c67bb2f48aa1,3,5,-84
10:27:48,P68,dedd9dc837b6e3566d0ae022bc4869c19a4be8019dc57bba22e418580a5bb21d,3,13,-84
10:27:48,P66,6f5a22f5ca83c31bf9ce5099a20e2b485226da0c9da782757308aea86c020c26,3,13,-85
10:27:48,P66,87cbb1a7318334b62366924aa1956a056b7fd69c16ebad776a0a8fdd25eeaa67,3,9,-89
10:27:48,P68,744e7c0e2bb86ac14bdb6896c95aba1db1598650d8dd9be63eec4e95792a5452,3,9,-89
10:27:48,P66,2e4fc7f2a6337ea52fedf1b937ce9cdde8be4f0af7f9631c4aa26b351062d2a4,3,13,-89
10:27:48,P67,ce0403b6a66c5db348c257f4c087e531107d901552e671aeef1933ca7eb23df7,0,9,-90
10:27:50,P67,46855325792676cdde4939f086fc0ac008fac09d4a6e61b2bcc055fbd9d372d5,0,13,-62
10:27:50,P68,79ffb4722bcc168da04a5157a3d5ee869384947d7b12ea9fc9de83d94a986739,3,13,-63
10:27:50,P635,a3b0783cd3e424403f6ea51b9dac8a45fb4d4a0c0ba5dbe97cc17af2f74a784a,4,11,-73
10:27:50,P613,e58a21cb0581ec680934f569d0abe11b9a87ffb4c8fa1d0f81dbe2702e5fdf87,3,4,-75
10:27:50,P616,f36ccf296dce77d435bfc633096bf26cbed355f83ef2a10003e1674e5e509e05,4,11,-77
10:27:50,P67,d5a81a3a3a5a00e9ed5db5cf893387162ab444dcc6ac8e153a50b5b6b649f06a,0,13,-79
10:27:50,P66,5b0b9dcfea44c460f8294b5b983476e19804d907217beb59862df15ee67c364f,3,5,-81
10:27:50,P68,6d353e9d3163b5d0ab64606e3f2c3edba2ef52610726068b76caea208b77892e,3,5,-81
10:27:50,P617,c1a4f080d42470f0a270ab31bb6f5a39d4196514b85c8864bff910d7cc20553d,3,1,-82
10:27:50,P67,5d4b6290f526982f29782ae4b4b35ba3d8d60e0434edb6a3ef4925ac90109b66,0,5,-82
10:27:50,P69,2588994f64cf7af9f9a1634e00c0540977eaeae07036efeafd6bd165f21fd159,5,5,-82
10:27:50,P63,635a45c0353f2cfe075f10d3c945e6170aa75046844a8446d4d0c67bb2f48aa1,3,5,-82
10:27:50,P640,442455b4054e87f8bddf0347e390049114e342cc06f7a9d01359065fe83abcd7,4,1,-83
10:27:50,P69,cdb716dc93747a4fbfcd8e0a2f08cc321eb6ec505f9b69b35f07e13f3d14f91b,5,13,-84
10:27:50,P69,40040c60385de6dae98012684f1c98007765db907c3e5137a01a1b6bfe5c00b5,5,5,-85
10:27:50,P63,f8b386b97e49b92911bd14b367946d7ec6c900cc037805e5557914302d7f88e6,3,5,-85
10:27:50,P67,661be8fb21873d3185eb4f4320d25b613e6fd633cf88673f8231e9c31757898c,0,5,-85
10:27:50,P634,74bcfcea6bd824d21136ec5914e2c8059cc491c0f0d1bdef2eb4796b5acdc49f,4,1,-86
10:27:50,P67,d893802392b0cd832063606d813e0d17b57990516f9468cb03b9f5da769f9862,0,13,-92
10:27:53,P63,133f58d02260daaf82990944fe78dc0f0c756b415db0b2cf3534ca4a5d809cbd,3,13,-64
10:27:53,P69,617091af4e57cac8b446add0939bb250f881accb05129100e9491cdfcf95a1d1,5,13,-65
10:27:53,P66,2a671ad49e6e7152cc82c61857700d2e997f198b15ebded01f69f71736c2a06c,3,13,-67
10:27:53,P67,46855325792676cdde4939f086fc0ac008fac09d4a6e61b2bcc055fbd9d372d5,0,13,-68
10:27:53,P613,e58a21cb0581ec680934f569d0abe11b9a87ffb4c8fa1d0f81dbe2702e5fdf87,3,4,-77
10:27:53,P67,d5a81a3a3a5a00e9ed5db5cf893387162ab444dcc6ac8e153a50b5b6b649f06a,0,13,-79
10:27:53,P641,d12c1055f1397f3ada05224dd4d8bc3b220ce1b466501224b494b3e69b5058b9,3,11,-82
10:27:53,P635,a3b0783cd3e424403f6ea51b9dac8a45fb4d4a0c0ba5dbe97cc17af2f74a784a,4,11,-83
10:27:53,P642,f3c2d5931908cc25158afc17a704e2e2c7414824881eb585b20387981231df66,3,1,-86
10:27:53,P63,d83c430665271fcc02e67e6beac22cb7760e9f211f2518819ed7eed44ce9d316,3,5,-86
10:27:53,P647,904dcbdbd5002332095d9e4e163bd74f3ca67ba83ca6e0fb35c7bc3b550bcf90,4,4,-86
10:27:53,P66,5b0b9dcfea44c460f8294b5b983476e19804d907217beb59862df15ee67c364f,3,5,-87
10:27:53,P617,0f47ca43be55cc4fc33b6b951f145852c655917e67b80a797102eb4762be3f4c,3,11,-87
10:27:53,P632,078cb4a28c7de65917eb3fecc607bccd6ad04ed7e3b446ed26ad306a6760928e,3,1,-89
10:27:55,P68,79ffb4722bcc168da04a5157a3d5ee869384947d7b12ea9fc9de83d94a986739,3,13,-67
10:27:55,P616,f36ccf296dce77d435bfc633096bf26cbed355f83ef2a10003e1674e5e509e05,4,11,-69
10:27:55,P67,46855325792676cdde4939f086fc0ac008fac09d4a6e61b2bcc055fbd9d372d5,0,13,-69
10:27:55,P66,2a671ad49e6e7152cc82c61857700d2e997f198b15ebded01f69f71736c2a06c,3,13,-69
10:27:55,P69,617091af4e57cac8b446add0939bb250f881accb05129100e9491cdfcf95a1d1,5,13,-69
10:27:55,P66,4a62b2d08379fb57646a9076078e82dd67893663e3964c8c80fe53c1786fed13,3,13,-79
10:27:55,P68,dd6dc3128771ac99c199219fd45dae5daf6e6923db95e70bf93cf71be88ccb32,3,13,-80
10:27:55,P617,0f47ca43be55cc4fc33b6b951f145852c655917e67b80a797102eb4762be3f4c,3,11,-81
10:27:55,P67,c93e1b7b2e612a38169ea5479fb5dc1dab49f3ea374fb83d92cabae34772e3af,0,5,-86
10:27:57,P647,904dcbdbd5002332095d9e4e163bd74f3ca67ba83ca6e0fb35c7bc3b550bcf90,4,4,-72
10:27:57,P642,375a3e2ac7d5c0e442eedf57086071c1949741c28af33f7602f8fc636e85e8bd,3,11,-75
10:27:57,P69,81066bcd683c59c0b5d9fda5888e059c5627c8f1e675d7aa188334dba3fb01a6,5,9,-81
10:27:57,P645,3cc64365a0066e2b67c23d61e21afae8c168ebbb4797078cc0fee066b2f5db7d,4,1,-83
10:27:57,P67,186c6d1078f82916633656ea64e1d030f5a899960bbbe89e2d561342802d7420,0,13,-83
10:27:57,P641,d12c1055f1397f3ada05224dd4d8bc3b220ce1b466501224b494b3e69b5058b9,3,11,-84
10:27:57,P649,4d3982f986db4bd50c1802b246a4c45b2361f5a2554023c5c5f8d4a3aceb28b5,5,1,-85
10:27:57,P650,db5775fe05e9a341f0883dd51a531549c64ec0db3bd36f6b20a887a597789182,5,1,-86
10:27:57,P69,d46ae59d5b3c85a62d42614fc4c52738bab3d7649cf9568f85e9aea3501c5287,5,13,-89
10:27:57,P63,fd854594817e33eb36d5a150b27e30d22912bcb017ddaa42a119f4d990c30e6d,3,13,-90
10:27:57,P651,a2a83cb9e5b83b0ef9568e033d00f42342e5a0b79f41900cef65a4d7b3e1580f,3,1,-91
10:27:59,P66,2a671ad49e6e7152cc82c61857700d2e997f198b15ebded01f69f71736c2a06c,3,13,-68
10:27:59,P69,617091af4e57cac8b446add0939bb250f881accb05129100e9491cdfcf95a1d1,5,13,-68
10:27:59,P67,46855325792676cdde4939f086fc0ac008fac09d4a6e61b2bcc055fbd9d372d5,0,13,-69
10:27:59,P68,79ffb4722bcc168da04a5157a3d5ee869384947d7b12ea9fc9de83d94a986739,3,13,-69
10:27:59,P631,72efb0f2b795746ee8a20856b25fc1ee952a292bcf52bb8c5456436d0d4b5c7b,4,11,-75
10:27:59,P632,078cb4a28c7de65917eb3fecc607bccd6ad04ed7e3b446ed26ad306a6760928e,3,1,-79
10:27:59,P642,f3c2d5931908cc25158afc17a704e2e2c7414824881eb585b20387981231df66,3,1,-79
10:27:59,P69,916cecbf7d5d68f1a22cead0117d7a75421bcc7baaeb148929879f23e446ef19,5,5,-80
10:27:59,P67,186c6d1078f82916633656ea64e1d030f5a899960bbbe89e2d561342802d7420,0,13,-80
10:27:59,P644,4aeb705b291a5dde6e3e0ab1d055b6a6bb3e965ad2ebdc26911dd7f686ef81df,4,8,-86
10:27:59,P63,fd854594817e33eb36d5a150b27e30d22912bcb017ddaa42a119f4d990c30e6d,3,13,-87
10:27:59,P69,9cc006a32aabea4440d8bfe4b4a62a2d31fd35125544a972b6d7b1a5b5681a67,5,9,-88
10:28:01,P647,904dcbdbd5002332095d9e4e163bd74f3ca67ba83ca6e0fb35c7bc3b550bcf90,4,4,-77
10:28:01,P69,2588994f64cf7af9f9a1634e00c0540977eaeae07036efeafd6bd165f21fd159,5,5,-82
10:28:01,P63,635a45c0353f2cfe075f10d3c945e6170aa75046844a8446d4d0c67bb2f48aa1,3,5,-82
10:28:01,P652,a5098e65110fdae07b5855092442686b21a7bd53e287b5db77ac33264bc7d8a4,0,6,-83
10:28:01,P67,186c6d1078f82916633656ea64e1d030f5a899960bbbe89e2d561342802d7420,0,13,-83
10:28:01,P68,dd6dc3128771ac99c199219fd45dae5daf6e6923db95e70bf93cf71be88ccb32,3,13,-85
10:28:03,P616,f36ccf296dce77d435bfc633096bf26cbed355f83ef2a10003e1674e5e509e05,4,11,-69
10:28:03,P647,904dcbdbd5002332095d9e4e163bd74f3ca67ba83ca6e0fb35c7bc3b550bcf90,4,4,-76
10:28:03,P68,79ffb4722bcc168da04a5157a3d5ee869384947d7b12ea9fc9de83d94a986739,3,13,-78
10:28:03,P63,133f58d02260daaf82990944fe78dc0f0c756b415db0b2cf3534ca4a5d809cbd,3,13,-78
10:28:03,P66,6f5a22f5ca83c31bf9ce5099a20e2b485226da0c9da782757308aea86c020c26,3,13,-81
10:28:03,P68,6d353e9d3163b5d0ab64606e3f2c3edba2ef52610726068b76caea208b77892e,3,5,-84
10:28:03,P69,2588994f64cf7af9f9a1634e00c0540977eaeae07036efeafd6bd165f21fd159,5,5,-85
10:28:03,P67,5d4b6290f526982f29782ae4b4b35ba3d8d60e0434edb6a3ef4925ac90109b66,0,5,-87
10:28:03,P640,442455b4054e87f8bddf0347e390049114e342cc06f7a9d01359065fe83abcd7,4,1,-90
10:28:05,P66,2a671ad49e6e7152cc82c61857700d2e997f198b15ebded01f69f71736c2a06c,3,13,-76
10:28:05,P68,79ffb4722bcc168da04a5157a3d5ee869384947d7b12ea9fc9de83d94a986739,3,13,-76
10:28:05,P69,617091af4e57cac8b446add0939bb250f881accb05129100e9491cdfcf95a1d1,5,13,-76
10:28:05,P66,2d77ce18938d38712a6cdff24e0cb7760a95f2189ccde5f753d5dbcd48d5b8ac,3,5,-80
10:28:05,P617,0f47ca43be55cc4fc33b6b951f145852c655917e67b80a797102eb4762be3f4c,3,11,-80
10:28:05,P613,e58a21cb0581ec680934f569d0abe11b9a87ffb4c8fa1d0f81dbe2702e5fdf87,3,4,-82
10:28:05,P67,c93e1b7b2e612a38169ea5479fb5dc1dab49f3ea374fb83d92cabae34772e3af,0,5,-82
10:28:05,P66,4a62b2d08379fb57646a9076078e82dd67893663e3964c8c80fe53c1786fed13,3,13,-82
10:28:05,P68,d43c2ee594be2c39d07d913f416107ef6bb45ce0dba30635ab8f930eeaa9159d,3,5,-85
10:28:05,P653,261563ef02a4966fc4876d53bb63829a3f0488beba55810666ac88b16664a536,3,6,-87
10:28:05,P628,2e54e9cb403dac610a27f7d6fd674bf9a7876d8f3e6b5b84e0ed9cb0380a562c,4,6,-90
10:28:05,P69,883f76ad756fac92ee54c439282ee19453bccb1a1575394723f012fa6eb89bf5,5,5,-91
10:28:07,P69,617091af4e57cac8b446add0939bb250f881accb05129100e9491cdfcf95a1d1,5,13,-73
10:28:07,P66,5b0b9dcfea44c460f8294b5b983476e19804d907217beb59862df15ee67c364f,3,5,-76
10:28:07,P616,f36ccf296dce77d435bfc633096bf26cbed355f83ef2a10003e1674e5e509e05,4,11,-76
10:28:07,P634,74bcfcea6bd824d21136ec5914e2c8059cc491c0f0d1bdef2eb4796b5acdc49f,4,1,-77
10:28:07,P632,078cb4a28c7de65917eb3fecc607bccd6ad04ed7e3b446ed26ad306a6760928e,3,1,-78
10:28:07,P69,81066bcd683c59c0b5d9fda5888e059c5627c8f1e675d7aa188334dba3fb01a6,5,9,-79
10:28:07,P66,87cbb1a7318334b62366924aa1956a056b7fd69c16ebad776a0a8fdd25eeaa67,3,9,-80
10:28:07,P632,370b785e822391fee46b707d9e8e647048e718aa26a1a9f211031532d1b71892,3,11,-80
10:28:07,P68,6d353e9d3163b5d0ab64606e3f2c3edba2ef52610726068b76caea208b77892e,3,5,-81
10:28:07,P68,60641de71e4bee773152bb486ef585d304375b574f5b3cc4aee719e3d28d4ef3,3,9,-91
10:28:09,P616,f36ccf296dce77d435bfc633096bf26cbed355f83ef2a10003e1674e5e509e05,4,11,-74
10:28:09,P632,370b785e822391fee46b707d9e8e647048e718aa26a1a9f211031532d1b71892,3,11,-80
10:28:09,P66,8a11d911677c6e03108365e7d4082046e3a82695d8cd919a19620fa9f571baea,3,9,-84
10:28:09,P68,0f076290e46be5c48f5f7448cfaf318e83274d36022701391ec1f48bb622655c,3,9,-84
10:28:09,P63,958dccbfdc756485c9fdb61431413b880b130dfa0f07b493c84713da474ae650,3,9,-84
10:28:09,P67,d63940f0c3cfcb8ff3e571be66fc2b0a652a5c445b848002596278f45c9fcab9,0,5,-85
10:28:09,P630,60a84126c2475d38495ab44a7d19545498ae9bc0f30a630b8315c1bc58ef746e,3,11,-85
10:28:09,P66,16b8601f34713bd2a94614900a625e90b2a4d39ca3cc65a3caf7b2f9632f5126,3,13,-96
10:28:11,P68,79ffb4722bcc168da04a5157a3d5ee869384947d7b12ea9fc9de83d94a986739,3,13,-71
10:28:11,P69,617091af4e57cac8b446add0939bb250f881accb05129100e9491cdfcf95a1d1,5,13,-72
10:28:11,P63,133f58d02260daaf82990944fe78dc0f0c756b415db0b2cf3534ca4a5d809cbd,3,13,-72
10:28:11,P617,0f47ca43be55cc4fc33b6b951f145852c655917e67b80a797102eb4762be3f4c,3,11,-75
10:28:11,P67,c93e1b7b2e612a38169ea5479fb5dc1dab49f3ea374fb83d92cabae34772e3af,0,5,-80
10:28:11,P66,2d77ce18938d38712a6cdff24e0cb7760a95f2189ccde5f753d5dbcd48d5b8ac,3,5,-80
10:28:11,P68,dd6dc3128771ac99c199219fd45dae5daf6e6923db95e70bf93cf71be88ccb32,3,13,-84
10:28:11,P644,4aeb705b291a5dde6e3e0ab1d055b6a6bb3e965ad2ebdc26911dd7f686ef81df,4,8,-86
10:28:11,freebox_P642,674287cf876b031995d0caeffaacc8bb121fa1b46ee2e20f7598d1507dc575db,1,7,-88
10:28:13,P613,e58a21cb0581ec680934f569d0abe11b9a87ffb4c8fa1d0f81dbe2702e5fdf87,3,4,-68
10:28:13,P642,375a3e2ac7d5c0e442eedf57086071c1949741c28af33f7602f8fc636e85e8bd,3,11,-71
10:28:13,P67,46855325792676cdde4939f086fc0ac008fac09d4a6e61b2bcc055fbd9d372d5,0,13,-72
10:28:13,P631,72efb0f2b795746ee8a20856b25fc1ee952a292bcf52bb8c5456436d0d4b5c7b,4,11,-75
10:28:13,P69,916cecbf7d5d68f1a22cead0117d7a75421bcc7baaeb148929879f23e446ef19,5,5,-80
10:28:13,P645,3cc64365a0066e2b67c23d61e21afae8c168ebbb4797078cc0fee066b2f5db7d,4,1,-81
10:28:13,P63,f7373f25c891d6206be320cfcc5822a6da2aa2b07b19d65a4fdd8c51e9e62f31,3,5,-81
10:28:13,P69,81066bcd683c59c0b5d9fda5888e059c5627c8f1e675d7aa188334dba3fb01a6,5,9,-81
10:28:13,P66,f80ad563c4bfc670785fd074910edf3a683fccdd4edb04eae2afe04c13bfe441,3,5,-82
10:28:13,P67,d9f5b5850fbe0c46af96ce80445b37a50f7f181ad16323c3f9a3409390f6d8d2,0,5,-83
10:28:13,P67,585600424b00c4287dd4b4a3e0f35131342409fdc78d102878c562e4678e7e95,0,13,-90
10:28:13,P655,bd00b94b38783f70f01dab6e9e8c98428d837fe4dab17c5ba332ad1f013e0780,3,1,-91
10:28:15,P613,e58a21cb0581ec680934f569d0abe11b9a87ffb4c8fa1d0f81dbe2702e5fdf87,3,4,-68
10:28:15,P69,617091af4e57cac8b446add0939bb250f881accb05129100e9491cdfcf95a1d1,5,13,-73
10:28:15,P68,79ffb4722bcc168da04a5157a3d5ee869384947d7b12ea9fc9de83d94a986739,3,13,-74
10:28:15,P63,133f58d02260daaf82990944fe78dc0f0c756b415db0b2cf3534ca4a5d809cbd,3,13,-74
10:28:15,P68,2d82b6896d7ad6bd7b60d8583c0ef1b34364dc37c3348af1b8c7a263ab8fefde,3,5,-77
10:28:15,P67,c93e1b7b2e612a38169ea5479fb5dc1dab49f3ea374fb83d92cabae34772e3af,0,5,-78
10:28:15,P647,904dcbdbd5002332095d9e4e163bd74f3ca67ba83ca6e0fb35c7bc3b550bcf90,4,4,-80
10:28:15,P66,2d77ce18938d38712a6cdff24e0cb7760a95f2189ccde5f753d5dbcd48d5b8ac,3,5,-80
10:28:15,P67,5d4b6290f526982f29782ae4b4b35ba3d8d60e0434edb6a3ef4925ac90109b66,0,5,-81
10:28:15,P656,2879084ff380cac9921c104e86be131effc6aaeca35f1339c0eb1eba7c466862,0,6,-84
10:28:15,P657,b064d2165d658a972865f5a994eeb927b0c7ea9ca22cfb0076ce37fa71c06325,4,1,-87
10:28:15,P69,a089d15d5b3c14f4ae925df1492d14f6b322a6d8c8674958ecd0276007339c17,5,5,-87
10:28:17,P616,f36ccf296dce77d435bfc633096bf26cbed355f83ef2a10003e1674e5e509e05,4,11,-71
10:28:17,P652,a5098e65110fdae07b5855092442686b21a7bd53e287b5db77ac33264bc7d8a4,0,6,-73
10:28:17,P642,f3c2d5931908cc25158afc17a704e2e2c7414824881eb585b20387981231df66,3,1,-76
10:28:17,P632,078cb4a28c7de65917eb3fecc607bccd6ad04ed7e3b446ed26ad306a6760928e,3,1,-76
10:28:17,P63,f8b386b97e49b92911bd14b367946d7ec6c900cc037805e5557914302d7f88e6,3,5,-77
10:28:17,P66,87cbb1a7318334b62366924aa1956a056b7fd69c16ebad776a0a8fdd25eeaa67,3,9,-78
10:28:17,P68,744e7c0e2bb86ac14bdb6896c95aba1db1598650d8dd9be63eec4e95792a5452,3,9,-78
10:28:17,P66,4a62b2d08379fb57646a9076078e82dd67893663e3964c8c80fe53c1786fed13,3,13,-81
10:28:17,P68,a741b043e4f1d3efd0b2acf7262a083df73323644bea34f7ddc7c02d44508f73,3,5,-82
10:28:17,P69,9cc006a32aabea4440d8bfe4b4a62a2d31fd35125544a972b6d7b1a5b5681a67,5,9,-82
10:28:17,P63,d83c430665271fcc02e67e6beac22cb7760e9f211f2518819ed7eed44ce9d316,3,5,-86
10:28:17,P68,60641de71e4bee773152bb486ef585d304375b574f5b3cc4aee719e3d28d4ef3,3,9,-90
10:28:17,P67,f04359ffcb02fe17ca6d81309ad7ba5ccfac14114c5475c69eb76fab0a8583a0,0,9,-93
10:28:19,P613,e58a21cb0581ec680934f569d0abe11b9a87ffb4c8fa1d0f81dbe2702e5fdf87,3,4,-73
10:28:19,P647,904dcbdbd5002332095d9e4e163bd74f3ca67ba83ca6e0fb35c7bc3b550bcf90,4,4,-75
10:28:19,P66,2a671ad49e6e7152cc82c61857700d2e997f198b15ebded01f69f71736c2a06c,3,13,-75
10:28:19,P66,2d77ce18938d38712a6cdff24e0cb7760a95f2189ccde5f753d5dbcd48d5b8ac,3,5,-76
10:28:19,P68,2d82b6896d7ad6bd7b60d8583c0ef1b34364dc37c3348af1b8c7a263ab8fefde,3,5,-76
10:28:19,P67,c93e1b7b2e612a38169ea5479fb5dc1dab49f3ea374fb83d92cabae34772e3af,0,5,-77
10:28:19,P66,4a62b2d08379fb57646a9076078e82dd67893663e3964c8c80fe53c1786fed13,3,13,-79
10:28:19,P68,dd6dc3128771ac99c199219fd45dae5daf6e6923db95e70bf93cf71be88ccb32,3,13,-79
10:28:19,P634,74bcfcea6bd824d21136ec5914e2c8059cc491c0f0d1bdef2eb4796b5acdc49f,4,1,-80
10:28:19,P617,c1a4f080d42470f0a270ab31bb6f5a39d4196514b85c8864bff910d7cc20553d,3,1,-80
10:28:19,P66,5b0b9dcfea44c460f8294b5b983476e19804d907217beb59862df15ee67c364f,3,5,-82
10:28:19,P68,d43c2ee594be2c39d07d913f416107ef6bb45ce0dba30635ab8f930eeaa9159d,3,5,-86
10:28:19,P641,d12c1055f1397f3ada05224dd4d8bc3b220ce1b466501224b494b3e69b5058b9,3,11,-87
10:28:19,P66,48c3b2de610ee6f2475d2af34ffafd156cffca7e9d95058646e6ee11852566c0,3,13,-91
10:28:22,P631,72efb0f2b795746ee8a20856b25fc1ee952a292bcf52bb8c5456436d0d4b5c7b,4,11,-75
10:28:23,P68,79ffb4722bcc168da04a5157a3d5ee869384947d7b12ea9fc9de83d94a986739,3,13,-79
10:28:23,P634,74bcfcea6bd824d21136ec5914e2c8059cc491c0f0d1bdef2eb4796b5acdc49f,4,1,-80
10:28:23,P69,916cecbf7d5d68f1a22cead0117d7a75421bcc7baaeb148929879f23e446ef19,5,5,-80
10:28:23,P66,2a671ad49e6e7152cc82c61857700d2e997f198b15ebded01f69f71736c2a06c,3,13,-81
10:28:23,P67,186c6d1078f82916633656ea64e1d030f5a899960bbbe89e2d561342802d7420,0,13,-82
10:28:23,P66,5b0b9dcfea44c460f8294b5b983476e19804d907217beb59862df15ee67c364f,3,5,-84
10:28:23,P68,6d353e9d3163b5d0ab64606e3f2c3edba2ef52610726068b76caea208b77892e,3,5,-84
10:28:25,P66,882b8c1bc140ee17c46b654b19ed8c4a41018e5b42bea8fc67d64fa14f1fbd88,3,9,-77
10:28:25,P632,370b785e822391fee46b707d9e8e647048e718aa26a1a9f211031532d1b71892,3,11,-77
10:28:25,P652,a5098e65110fdae07b5855092442686b21a7bd53e287b5db77ac33264bc7d8a4,0,6,-78
10:28:25,P67,dba83b6db8d6f1540bd4961c99b91e1f639372cf7c913952630294a079dee6cf,0,9,-78
10:28:25,P68,ac0d84ff6f9c33b9f0d21b50e657271705ee15c2819df7721d722c9bbf701103,3,9,-78
10:28:25,P67,186c6d1078f82916633656ea64e1d030f5a899960bbbe89e2d561342802d7420,0,13,-78
10:28:25,P63,133f58d02260daaf82990944fe78dc0f0c756b415db0b2cf3534ca4a5d809cbd,3,13,-80
10:28:25,P66,f93b7be5e131bd7fee761e8bf10553462a1cc7106aad48827b957a2b9a35055c,3,5,-81
10:28:25,P69,617091af4e57cac8b446add0939bb250f881accb05129100e9491cdfcf95a1d1,5,13,-81
10:28:25,P635,a3b0783cd3e424403f6ea51b9dac8a45fb4d4a0c0ba5dbe97cc17af2f74a784a,4,11,-84
10:28:25,P69,2588994f64cf7af9f9a1634e00c0540977eaeae07036efeafd6bd165f21fd159,5,5,-88
10:28:25,P63,635a45c0353f2cfe075f10d3c945e6170aa75046844a8446d4d0c67bb2f48aa1,3,5,-88
10:28:25,P658,cd49003d793b550c1b0fcd5bbdcf59e0b1f4d07500e6275372541bbf7fbd904e,3,8,-92
10:28:27,P617,0f47ca43be55cc4fc33b6b951f145852c655917e67b80a797102eb4762be3f4c,3,11,-73
10:28:27,P69,617091af4e57cac8b446add0939bb250f881accb05129100e9491cdfcf95a1d1,5,13,-80
10:28:27,P66,2a671ad49e6e7152cc82c61857700d2e997f198b15ebded01f69f71736c2a06c,3,13,-81
10:28:27,P63,133f58d02260daaf82990944fe78dc0f0c756b415db0b2cf3534ca4a5d809cbd,3,13,-81
10:28:27,P66,4a62b2d08379fb57646a9076078e82dd67893663e3964c8c80fe53c1786fed13,3,13,-82
10:28:27,P68,dd6dc3128771ac99c199219fd45dae5daf6e6923db95e70bf93cf71be88ccb32,3,13,-82
10:28:27,P67,186c6d1078f82916633656ea64e1d030f5a899960bbbe89e2d561342802d7420,0,13,-83
10:28:29,P634,74bcfcea6bd824d21136ec5914e2c8059cc491c0f0d1bdef2eb4796b5acdc49f,4,1,-73
10:28:29,P635,a3b0783cd3e424403f6ea51b9dac8a45fb4d4a0c0ba5dbe97cc17af2f74a784a,4,11,-78
10:28:29,P67,e9b4ceffcde14574b3193f38fe06258a8c253c7d3faa09e05fbb8c67c705676d,0,9,-81
10:28:29,P66,8a11d911677c6e03108365e7d4082046e3a82695d8cd919a19620fa9f571baea,3,9,-82
10:28:29,P658,cd49003d793b550c1b0fcd5bbdcf59e0b1f4d07500e6275372541bbf7fbd904e,3,8,-86
10:28:31,P66,f80ad563c4bfc670785fd074910edf3a683fccdd4edb04eae2afe04c13bfe441,3,5,-63
10:28:31,P634,74bcfcea6bd824d21136ec5914e2c8059cc491c0f0d1bdef2eb4796b5acdc49f,4,1,-73
10:28:31,P617,c1a4f080d42470f0a270ab31bb6f5a39d4196514b85c8864bff910d7cc20553d,3,1,-76
10:28:31,P641,d12c1055f1397f3ada05224dd4d8bc3b220ce1b466501224b494b3e69b5058b9,3,11,-77
10:28:31,P68,79ffb4722bcc168da04a5157a3d5ee869384947d7b12ea9fc9de83d94a986739,3,13,-80
10:28:31,P659,cba7b82562ebdefaab3322f0cf14b5adfe3f40d005b5672892c1772e61922e49,3,11,-88
10:28:33,P66,f80ad563c4bfc670785fd074910edf3a683fccdd4edb04eae2afe04c13bfe441,3,5,-65
10:28:33,P68,a741b043e4f1d3efd0b2acf7262a083df73323644bea34f7ddc7c02d44508f73,3,5,-65
10:28:33,P63,f7373f25c891d6206be320cfcc5822a6da2aa2b07b19d65a4fdd8c51e9e62f31,3,5,-66
10:28:33,P69,916cecbf7d5d68f1a22cead0117d7a75421bcc7baaeb148929879f23e446ef19,5,5,-67
10:28:33,P634,74bcfcea6bd824d21136ec5914e2c8059cc491c0f0d1bdef2eb4796b5acdc49f,4,1,-69
10:28:33,P66,87cbb1a7318334b62366924aa1956a056b7fd69c16ebad776a0a8fdd25eeaa67,3,9,-75
10:28:33,P641,d12c1055f1397f3ada05224dd4d8bc3b220ce1b466501224b494b3e69b5058b9,3,11,-80
10:28:33,P632,078cb4a28c7de65917eb3fecc607bccd6ad04ed7e3b446ed26ad306a6760928e,3,1,-84
10:28:33,P68,d8b1af262bfe33f24c3f761a5c4f314dee430659ec17cefef8b6a29fdef8cbac,3,5,-92
10:28:35,P67,d9f5b5850fbe0c46af96ce80445b37a50f7f181ad16323c3f9a3409390f6d8d2,0,5,-68
10:28:35,P66,f80ad563c4bfc670785fd074910edf3a683fccdd4edb04eae2afe04c13bfe441,3,5,-69
10:28:35,P63,e201672e15a8e8dc4641c42b101bf94b31c13ab340089d02c47b19bdb81a17e1,3,9,-72
10:28:35,P69,81066bcd683c59c0b5d9fda5888e059c5627c8f1e675d7aa188334dba3fb01a6,5,9,-73
10:28:35,P617,0f47ca43be55cc4fc33b6b951f145852c655917e67b80a797102eb4762be3f4c,3,11,-76
10:28:35,P649,4d3982f986db4bd50c1802b246a4c45b2361f5a2554023c5c5f8d4a3aceb28b5,5,1,-86
10:28:37,P634,74bcfcea6bd824d21136ec5914e2c8059cc491c0f0d1bdef2eb4796b5acdc49f,4,1,-62
10:28:37,P66,4a62b2d08379fb57646a9076078e82dd67893663e3964c8c80fe53c1786fed13,3,13,-87
10:28:39,P634,74bcfcea6bd824d21136ec5914e2c8059cc491c0f0d1bdef2eb4796b5acdc49f,4,1,-66
10:28:39,P650,db5775fe05e9a341f0883dd51a531549c64ec0db3bd36f6b20a887a597789182,5,1,-82
10:28:39,P649,4d3982f986db4bd50c1802b246a4c45b2361f5a2554023c5c5f8d4a3aceb28b5,5,1,-83
10:28:39,P632,370b785e822391fee46b707d9e8e647048e718aa26a1a9f211031532d1b71892,3,11,-83
10:28:39,P660,7e77b0428c93a5ef36526f8e842a6b45de62caef4ed154d595b91dc1c247c7c9,3,6,-84
10:28:39,P632,078cb4a28c7de65917eb3fecc607bccd6ad04ed7e3b446ed26ad306a6760928e,3,1,-86
10:28:39,P69,e4d907ee604e9de63be3586ee4537886dcbc8d9eace883ad7963163f4b12a4a6,5,5,-87
10:28:39,P635,a3b0783cd3e424403f6ea51b9dac8a45fb4d4a0c0ba5dbe97cc17af2f74a784a,4,11,-87
10:28:39,P68,bac1d775e0873840f2aa681b624f0ad81283708a42321bf3cc810ddb004876e6,3,5,-88
10:28:39,P66,8a11d911677c6e03108365e7d4082046e3a82695d8cd919a19620fa9f571baea,3,9,-88
10:28:39,P67,e9b4ceffcde14574b3193f38fe06258a8c253c7d3faa09e05fbb8c67c705676d,0,9,-89
10:28:39,P68,d43c2ee594be2c39d07d913f416107ef6bb45ce0dba30635ab8f930eeaa9159d,3,5,-91
10:28:41,P634,74bcfcea6bd824d21136ec5914e2c8059cc491c0f0d1bdef2eb4796b5acdc49f,4,1,-75
10:28:41,P650,db5775fe05e9a341f0883dd51a531549c64ec0db3bd36f6b20a887a597789182,5,1,-79
10:28:41,P649,4d3982f986db4bd50c1802b246a4c45b2361f5a2554023c5c5f8d4a3aceb28b5,5,1,-80
10:28:41,P661,3bef51d968bb75bdf5dec0b3ab54e605e0e64b0d62adab11cc9db0420379446a,4,4,-83
10:28:41,P642,375a3e2ac7d5c0e442eedf57086071c1949741c28af33f7602f8fc636e85e8bd,3,11,-87
10:28:41,P69,cdb716dc93747a4fbfcd8e0a2f08cc321eb6ec505f9b69b35f07e13f3d14f91b,5,13,-88
10:28:41,P642,f3c2d5931908cc25158afc17a704e2e2c7414824881eb585b20387981231df66,3,1,-89
10:28:41,P63,96a1059a6a1e27e97e642247703a42c81a620fe8516c11e2068c9033925da268,3,9,-90
10:28:41,P69,0f72a052d571aaa61e0798d4454146b2512b00d5e26c5eb094e2388323798c58,5,9,-91
10:28:41,P662,102972379967f6fade1bd26b5d2d0663bc3a95309e3b21f57f6dc215c6bd7f7e,3,11,-91
10:28:41,P68,60641de71e4bee773152bb486ef585d304375b574f5b3cc4aee719e3d28d4ef3,3,9,-92
10:28:41,P63,958dccbfdc756485c9fdb61431413b880b130dfa0f07b493c84713da474ae650,3,9,-94
10:28:43,P650,db5775fe05e9a341f0883dd51a531549c64ec0db3bd36f6b20a887a597789182,5,1,-76
10:28:43,P663,4eafbf515f792e12fedf7f16f6d1fa8a293ae18f42fad66003070a7109eb76c1,1,11,-78
10:28:43,P66,f80ad563c4bfc670785fd074910edf3a683fccdd4edb04eae2afe04c13bfe441,3,5,-79
10:28:43,P663,df4fa962bca42164c20b33a36d0fc5afdf869aa7b7c9b3979f089f62f400e993,1,1,-85
10:28:43,P643,9daf4490216ce0d156002d8a75c43e82287ef5c01a35bd2bc0a5762a7e807d8b,5,1,-86
10:28:43,P66,03889dc26225f146cc4bc6bbc942a93249a6ee525131a2d9982ee2cbc987437c,3,5,-88
10:28:45,P68,a741b043e4f1d3efd0b2acf7262a083df73323644bea34f7ddc7c02d44508f73,3,5,-76
10:28:45,P63,fd854594817e33eb36d5a150b27e30d22912bcb017ddaa42a119f4d990c30e6d,3,13,-76
10:28:45,P66,f80ad563c4bfc670785fd074910edf3a683fccdd4edb04eae2afe04c13bfe441,3,5,-78
10:28:45,P643,5424a86605cbfb3e0dc3025583ba09ec68cd88e5520a72aa168b5b5b24cd6040,5,6,-85
10:28:45,P67,ce0403b6a66c5db348c257f4c087e531107d901552e671aeef1933ca7eb23df7,0,9,-86
10:28:45,P663,b0f9d9131d745cd6e48a412c0443d8fae75b1c1eacfd277d9a16c1bec700ccc2,1,6,-87
10:28:45,P67,d63940f0c3cfcb8ff3e571be66fc2b0a652a5c445b848002596278f45c9fcab9,0,5,-91
10:28:45,P68,79ffb4722bcc168da04a5157a3d5ee869384947d7b12ea9fc9de83d94a986739,3,13,-92
10:28:47,P69,d46ae59d5b3c85a62d42614fc4c52738bab3d7649cf9568f85e9aea3501c5287,5,13,-71
10:28:47,P68,65dad673fd48d9efde30348784e3282c19f7bb8591b9b9745d27199fd9a3e84b,3,13,-72
10:28:47,P66,2e4fc7f2a6337ea52fedf1b937ce9cdde8be4f0af7f9631c4aa26b351062d2a4,3,13,-73
10:28:47,P645,3cc64365a0066e2b67c23d61e21afae8c168ebbb4797078cc0fee066b2f5db7d,4,1,-74
10:28:47,P655,375f047f5b16d34db5cb5c4589ed9b3678b66cedad0625a286855dcf00c03396,3,1,-76
10:28:47,P650,db5775fe05e9a341f0883dd51a531549c64ec0db3bd36f6b20a887a597789182,5,1,-79
10:28:47,P68,a741b043e4f1d3efd0b2acf7262a083df73323644bea34f7ddc7c02d44508f73,3,5,-80
10:28:47,P67,d9f5b5850fbe0c46af96ce80445b37a50f7f181ad16323c3f9a3409390f6d8d2,0,5,-81
10:28:47,P66,f80ad563c4bfc670785fd074910edf3a683fccdd4edb04eae2afe04c13bfe441,3,5,-81
10:28:47,P631,72efb0f2b795746ee8a20856b25fc1ee952a292bcf52bb8c5456436d0d4b5c7b,4,11,-82
10:28:47,P660,7e77b0428c93a5ef36526f8e842a6b45de62caef4ed154d595b91dc1c247c7c9,3,6,-84
10:28:47,P69,d43f9f2bc8902dac0257f9c9a80000ae68673f724b1435b10ff67f4c722aa7bc,5,9,-84
10:28:47,P66,c5da61acc08ab85609fbdad7671d95b4a421d0df740743eb7a74643cd6407f0c,3,9,-89
10:28:47,P63,133f58d02260daaf82990944fe78dc0f0c756b415db0b2cf3534ca4a5d809cbd,3,13,-90
10:28:47,P68,0732d169758fa8697a7811db040063b8fab9c282250e9440decb530e5352ff3b,3,9,-91
10:28:49,P68,65dad673fd48d9efde30348784e3282c19f7bb8591b9b9745d27199fd9a3e84b,3,13,-68
10:28:49,P69,d46ae59d5b3c85a62d42614fc4c52738bab3d7649cf9568f85e9aea3501c5287,5,13,-68
10:28:49,P67,d893802392b0cd832063606d813e0d17b57990516f9468cb03b9f5da769f9862,0,13,-70
10:28:49,P63,fd854594817e33eb36d5a150b27e30d22912bcb017ddaa42a119f4d990c30e6d,3,13,-71
10:28:49,P68,0732d169758fa8697a7811db040063b8fab9c282250e9440decb530e5352ff3b,3,9,-88
10:28:49,P69,d43f9f2bc8902dac0257f9c9a80000ae68673f724b1435b10ff67f4c722aa7bc,5,9,-88
10:28:49,P63,8acc5596460701f30aeb42410ea01b125e355575b69af64e199525c34e91fe1b,3,9,-90
10:28:51,P643,9daf4490216ce0d156002d8a75c43e82287ef5c01a35bd2bc0a5762a7e807d8b,5,1,-72
10:28:51,P663,df4fa962bca42164c20b33a36d0fc5afdf869aa7b7c9b3979f089f62f400e993,1,1,-73
10:28:51,P657,b064d2165d658a972865f5a994eeb927b0c7ea9ca22cfb0076ce37fa71c06325,4,1,-76
10:28:51,P63,e201672e15a8e8dc4641c42b101bf94b31c13ab340089d02c47b19bdb81a17e1,3,9,-76
10:28:51,P67,7c42a717d639602add454c23108d62a0af09f82f3df5e02877edf54bedf91a7d,0,13,-95
10:28:53,P645,3cc64365a0066e2b67c23d61e21afae8c168ebbb4797078cc0fee066b2f5db7d,4,1,-71
10:28:53,P66,87cbb1a7318334b62366924aa1956a056b7fd69c16ebad776a0a8fdd25eeaa67,3,9,-73
10:28:53,P663,df4fa962bca42164c20b33a36d0fc5afdf869aa7b7c9b3979f089f62f400e993,1,1,-75
10:28:53,P643,9daf4490216ce0d156002d8a75c43e82287ef5c01a35bd2bc0a5762a7e807d8b,5,1,-75
10:28:53,P68,744e7c0e2bb86ac14bdb6896c95aba1db1598650d8dd9be63eec4e95792a5452,3,9,-75
10:28:53,P67,ce0403b6a66c5db348c257f4c087e531107d901552e671aeef1933ca7eb23df7,0,9,-76
10:28:53,P69,81066bcd683c59c0b5d9fda5888e059c5627c8f1e675d7aa188334dba3fb01a6,5,9,-76
10:28:53,P63,e201672e15a8e8dc4641c42b101bf94b31c13ab340089d02c47b19bdb81a17e1,3,9,-76
10:28:53,P68,a741b043e4f1d3efd0b2acf7262a083df73323644bea34f7ddc7c02d44508f73,3,5,-77
10:28:53,P66,f80ad563c4bfc670785fd074910edf3a683fccdd4edb04eae2afe04c13bfe441,3,5,-78
10:28:53,P67,d9f5b5850fbe0c46af96ce80445b37a50f7f181ad16323c3f9a3409390f6d8d2,0,5,-79
10:28:53,P67,46855325792676cdde4939f086fc0ac008fac09d4a6e61b2bcc055fbd9d372d5,0,13,-87
10:28:55,P664,f1aeecbeab1d1f2adf0766cdb180b8bb7d8a83dc96c0e0e353d10df97680332f,0,11,-79
10:28:55,P665,812132ec15600a52897f40a58112a52eadd5d9540ea6700494918bc2f79dd880,3,1,-85
10:28:55,P666,d5fcb84d6cf0f6025773367f3200860b24355b9f0a9cf57c0981a21e82cc9318,4,6,-85
10:28:55,P632,370b785e822391fee46b707d9e8e647048e718aa26a1a9f211031532d1b71892,3,11,-88
10:28:55,P67,5d4b6290f526982f29782ae4b4b35ba3d8d60e0434edb6a3ef4925ac90109b66,0,5,-89
10:28:55,P68,dd6dc3128771ac99c199219fd45dae5daf6e6923db95e70bf93cf71be88ccb32,3,13,-90
10:28:57,P643,5424a86605cbfb3e0dc3025583ba09ec68cd88e5520a72aa168b5b5b24cd6040,5,6,-75
10:28:57,P663,b0f9d9131d745cd6e48a412c0443d8fae75b1c1eacfd277d9a16c1bec700ccc2,1,6,-78
10:28:57,P66,2d77ce18938d38712a6cdff24e0cb7760a95f2189ccde5f753d5dbcd48d5b8ac,3,5,-81
10:28:57,P67,ce0403b6a66c5db348c257f4c087e531107d901552e671aeef1933ca7eb23df7,0,9,-81
10:28:57,P68,2d82b6896d7ad6bd7b60d8583c0ef1b34364dc37c3348af1b8c7a263ab8fefde,3,5,-82
10:28:57,P63,133f58d02260daaf82990944fe78dc0f0c756b415db0b2cf3534ca4a5d809cbd,3,13,-89
10:28:57,P67,5d4b6290f526982f29782ae4b4b35ba3d8d60e0434edb6a3ef4925ac90109b66,0,5,-90
10:28:57,P635,a3b0783cd3e424403f6ea51b9dac8a45fb4d4a0c0ba5dbe97cc17af2f74a784a,4,11,-90
10:28:59,P643,5424a86605cbfb3e0dc3025583ba09ec68cd88e5520a72aa168b5b5b24cd6040,5,6,-63
10:28:59,P663,b0f9d9131d745cd6e48a412c0443d8fae75b1c1eacfd277d9a16c1bec700ccc2,1,6,-64
10:28:59,P68,65dad673fd48d9efde30348784e3282c19f7bb8591b9b9745d27199fd9a3e84b,3,13,-68
10:28:59,P66,2e4fc7f2a6337ea52fedf1b937ce9cdde8be4f0af7f9631c4aa26b351062d2a4,3,13,-69
10:28:59,P69,d46ae59d5b3c85a62d42614fc4c52738bab3d7649cf9568f85e9aea3501c5287,5,13,-70
10:28:59,P63,6624edfac5c34b3d7c238ca05b5038773e71d3e50b8b80caae56123a63ff8409,3,9,-72
10:28:59,P69,82fabb5755d75369d454cac6121e1d9104ce95e3412b6d9c9f3c1b41e21f5fa0,5,9,-74
10:28:59,P66,882b8c1bc140ee17c46b654b19ed8c4a41018e5b42bea8fc67d64fa14f1fbd88,3,9,-75
10:28:59,P68,ac0d84ff6f9c33b9f0d21b50e657271705ee15c2819df7721d722c9bbf701103,3,9,-75
10:28:59,P67,dba83b6db8d6f1540bd4961c99b91e1f639372cf7c913952630294a079dee6cf,0,9,-76
10:28:59,P645,3cc64365a0066e2b67c23d61e21afae8c168ebbb4797078cc0fee066b2f5db7d,4,1,-78
10:28:59,P643,9daf4490216ce0d156002d8a75c43e82287ef5c01a35bd2bc0a5762a7e807d8b,5,1,-79
10:28:59,P66,b40503deb0c44a23babf2605afb0827ed221cfa9165a596b387cd573c4690ffa,3,5,-85
10:28:59,P667,48ba618e364b50064a4e3e9c53dacbbe03a306d163d644fb858e8416ffb1d9cb,3,10,-86
10:28:59,P69,d11f7eaa0a04363fdfb2c2cc1ab5740dabe9d574933a4970b126200f278f90e8,5,13,-93
10:29:02,P69,d46ae59d5b3c85a62d42614fc4c52738bab3d7649cf9568f85e9aea3501c5287,5,13,-73
10:29:02,P63,fd854594817e33eb36d5a150b27e30d22912bcb017ddaa42a119f4d990c30e6d,3,13,-73
10:29:02,P69,82fabb5755d75369d454cac6121e1d9104ce95e3412b6d9c9f3c1b41e21f5fa0,5,9,-80
10:29:02,P67,dba83b6db8d6f1540bd4961c99b91e1f639372cf7c913952630294a079dee6cf,0,9,-81
10:29:02,P645,3cc64365a0066e2b67c23d61e21afae8c168ebbb4797078cc0fee066b2f5db7d,4,1,-84
10:29:02,P68,744e7c0e2bb86ac14bdb6896c95aba1db1598650d8dd9be63eec4e95792a5452,3,9,-85
10:29:02,P663,df4fa962bca42164c20b33a36d0fc5afdf869aa7b7c9b3979f089f62f400e993,1,1,-86
10:29:02,P68,a6ee92f9874c6db110b8a546e5bfa7470a928311815dc8468e9cb4dabf6437fc,3,5,-86
10:29:02,P63,c10f860d96af88411748dd2ae30c07d6e886f41b44c3566a06b9272ffeb724bb,3,5,-88
10:29:02,P650,db5775fe05e9a341f0883dd51a531549c64ec0db3bd36f6b20a887a597789182,5,1,-89
10:29:02,P63,f8b386b97e49b92911bd14b367946d7ec6c900cc037805e5557914302d7f88e6,3,5,-89
10:29:02,P664,f1aeecbeab1d1f2adf0766cdb180b8bb7d8a83dc96c0e0e353d10df97680332f,0,11,-90
10:29:02,P63,958dccbfdc756485c9fdb61431413b880b130dfa0f07b493c84713da474ae650,3,9,-91
10:29:04,P63,e201672e15a8e8dc4641c42b101bf94b31c13ab340089d02c47b19bdb81a17e1,3,9,-78
10:29:04,P67,ce0403b6a66c5db348c257f4c087e531107d901552e671aeef1933ca7eb23df7,0,9,-79
10:29:04,P616,f36ccf296dce77d435bfc633096bf26cbed355f83ef2a10003e1674e5e509e05,4,11,-79
10:29:04,P67,dba83b6db8d6f1540bd4961c99b91e1f639372cf7c913952630294a079dee6cf,0,9,-80
10:29:04,P66,882b8c1bc140ee17c46b654b19ed8c4a41018e5b42bea8fc67d64fa14f1fbd88,3,9,-80
10:29:04,P68,ac0d84ff6f9c33b9f0d21b50e657271705ee15c2819df7721d722c9bbf701103,3,9,-81
10:29:04,P642,375a3e2ac7d5c0e442eedf57086071c1949741c28af33f7602f8fc636e85e8bd,3,11,-83
10:29:04,P67,b62d64f6093b288fb7703c22dbadab975fc45b04fae1ac8d16d7752a17537459,0,5,-84
10:29:04,P66,b40503deb0c44a23babf2605afb0827ed221cfa9165a596b387cd573c4690ffa,3,5,-84
10:29:04,P69,e307372bdb4c16b6b4dab53c34d3931d6a420fb63a87c0570c53360dcec225b9,5,5,-85
10:29:04,P63,1e0f5e473724cab3e43c16eef5b0b0ed6e970fbc5ebb8c5e02f13eb135c16eb1,3,5,-86
10:29:04,P68,9b9d11e0b8516c819799a4945331783f3fe88b306d48479fd4143fad5f8e5576,3,5,-87
10:29:04,P69,9cc006a32aabea4440d8bfe4b4a62a2d31fd35125544a972b6d7b1a5b5681a67,5,9,-89
10:29:04,P63,958dccbfdc756485c9fdb61431413b880b130dfa0f07b493c84713da474ae650,3,9,-89
10:29:04,P67,f04359ffcb02fe17ca6d81309ad7ba5ccfac14114c5475c69eb76fab0a8583a0,0,9,-91
10:29:06,P66,882b8c1bc140ee17c46b654b19ed8c4a41018e5b42bea8fc67d64fa14f1fbd88,3,9,-73
10:29:06,P68,a741b043e4f1d3efd0b2acf7262a083df73323644bea34f7ddc7c02d44508f73,3,5,-76
10:29:06,P616,f36ccf296dce77d435bfc633096bf26cbed355f83ef2a10003e1674e5e509e05,4,11,-82
10:29:06,P66,87cbb1a7318334b62366924aa1956a056b7fd69c16ebad776a0a8fdd25eeaa67,3,9,-84
10:29:06,P668,d8c04fb0772404fc69ee638f37a927d6d0de5fbfa6e5725caf0ed0635f65365a,3,1,-88
10:29:06,P63,179dc0f44280be91b5db1d32d408603dda391dcde489e0f6dbd3a0ed399843a6,3,5,-90
10:29:06,P661,3bef51d968bb75bdf5dec0b3ab54e605e0e64b0d62adab11cc9db0420379446a,4,4,-92
10:29:08,P69,d46ae59d5b3c85a62d42614fc4c52738bab3d7649cf9568f85e9aea3501c5287,5,13,-74
10:29:08,P69,82fabb5755d75369d454cac6121e1d9104ce95e3412b6d9c9f3c1b41e21f5fa0,5,9,-75
10:29:08,P63,6624edfac5c34b3d7c238ca05b5038773e71d3e50b8b80caae56123a63ff8409,3,9,-76
10:29:08,P631,72efb0f2b795746ee8a20856b25fc1ee952a292bcf52bb8c5456436d0d4b5c7b,4,11,-76
10:29:08,P665,812132ec15600a52897f40a58112a52eadd5d9540ea6700494918bc2f79dd880,3,1,-80
10:29:08,P67,d9f5b5850fbe0c46af96ce80445b37a50f7f181ad16323c3f9a3409390f6d8d2,0,5,-82
10:29:10,P67,dba83b6db8d6f1540bd4961c99b91e1f639372cf7c913952630294a079dee6cf,0,9,-73
10:29:10,P66,882b8c1bc140ee17c46b654b19ed8c4a41018e5b42bea8fc67d64fa14f1fbd88,3,9,-73
10:29:10,P68,ac0d84ff6f9c33b9f0d21b50e657271705ee15c2819df7721d722c9bbf701103,3,9,-74
10:29:10,P69,82fabb5755d75369d454cac6121e1d9104ce95e3412b6d9c9f3c1b41e21f5fa0,5,9,-75
10:29:10,P63,6624edfac5c34b3d7c238ca05b5038773e71d3e50b8b80caae56123a63ff8409,3,9,-77
10:29:10,P669,a6c4f02f03d3282d100270c29f2ceef8b7cab05627449254047d6820c4417b0a,3,1,-80
10:29:10,P645,3cc64365a0066e2b67c23d61e21afae8c168ebbb4797078cc0fee066b2f5db7d,4,1,-82
10:29:10,P655,375f047f5b16d34db5cb5c4589ed9b3678b66cedad0625a286855dcf00c03396,3,1,-82
10:29:10,P68,0f076290e46be5c48f5f7448cfaf318e83274d36022701391ec1f48bb622655c,3,9,-93
10:29:12,P669,a6c4f02f03d3282d100270c29f2ceef8b7cab05627449254047d6820c4417b0a,3,1,-77
10:29:12,P63,6624edfac5c34b3d7c238ca05b5038773e71d3e50b8b80caae56123a63ff8409,3,9,-78
10:29:12,P655,375f047f5b16d34db5cb5c4589ed9b3678b66cedad0625a286855dcf00c03396,3,1,-80
10:29:12,P67,dba83b6db8d6f1540bd4961c99b91e1f639372cf7c913952630294a079dee6cf,0,9,-80
10:29:12,P66,2e4fc7f2a6337ea52fedf1b937ce9cdde8be4f0af7f9631c4aa26b351062d2a4,3,13,-80
10:29:12,P69,82fabb5755d75369d454cac6121e1d9104ce95e3412b6d9c9f3c1b41e21f5fa0,5,9,-81
10:29:12,P67,d9f5b5850fbe0c46af96ce80445b37a50f7f181ad16323c3f9a3409390f6d8d2,0,5,-84
10:29:12,P68,ac207aa584087135b5f5bf7dae1eba86fabeb145ed6154983ec7d9c78113bd17,3,13,-90
10:29:12,P67,71ea4fc99e19a0b1f83226e76291fd78593c023765d116782251b93b373f40c2,0,13,-91
10:29:12,P66,11e74f9d4538d4368c3da4f503b0e55cda6c1a8b50c8286f9953ab1653eca00a,3,13,-91
10:29:12,P69,0f72a052d571aaa61e0798d4454146b2512b00d5e26c5eb094e2388323798c58,5,9,-92
10:29:12,P63,8acc5596460701f30aeb42410ea01b125e355575b69af64e199525c34e91fe1b,3,9,-92
10:29:12,P66,c7f9610982dd54f7074403902f122be75ce70a52f87cccb874ecc54af08f7481,3,5,-93
10:29:12,P67,7703fdce973b5e96fa5e9bb0e0643e04792587dbf3c2e3b901100c0e1780c16f,0,9,-93
10:29:12,P66,c5da61acc08ab85609fbdad7671d95b4a421d0df740743eb7a74643cd6407f0c,3,9,-95
10:29:14,P666,d5fcb84d6cf0f6025773367f3200860b24355b9f0a9cf57c0981a21e82cc9318,4,6,-77
10:29:14,P67,d893802392b0cd832063606d813e0d17b57990516f9468cb03b9f5da769f9862,0,13,-80
10:29:14,P67,94f9314af7b8a9710a58cef9a735ce4dbac17c9b226053764ac55dd2b5511bd5,0,5,-88
10:29:14,P66,7c28118dce6654900f09f716972c8b2f7aaba3eadfa8b014ea7a08e6e0a87966,3,5,-90
10:29:14,P68,3aff825636b113bf9d5553dcd301f2e1b82c61e81ca52befd86ecc9411d24fdf,3,5,-92
10:29:14,P67,7703fdce973b5e96fa5e9bb0e0643e04792587dbf3c2e3b901100c0e1780c16f,0,9,-92
10:29:14,P66,c5da61acc08ab85609fbdad7671d95b4a421d0df740743eb7a74643cd6407f0c,3,9,-93
10:29:16,P63,fd854594817e33eb36d5a150b27e30d22912bcb017ddaa42a119f4d990c30e6d,3,13,-77
10:29:16,P670,753af1f779b38066f3f2e7115c655aebf42d596904e79011093ff8a79bc34a79,3,3,-83
10:29:16,P645,3cc64365a0066e2b67c23d61e21afae8c168ebbb4797078cc0fee066b2f5db7d,4,1,-85
10:29:16,P671,ffa200947f961cb91e4f89295fa5ad5b5d159146d4d70093cab893c3ca540aee,4,11,-87
10:29:16,P63,ee032fd904572ff882cb0668589d0f94e1be13c38ec56e8a515a7bf07f62fb26,3,13,-89
10:29:16,P68,79ffb4722bcc168da04a5157a3d5ee869384947d7b12ea9fc9de83d94a986739,3,13,-96
10:29:18,P670,753af1f779b38066f3f2e7115c655aebf42d596904e79011093ff8a79bc34a79,3,3,-77
10:29:18,P669,7f86124665427933da96816ac256af5639859ae20e6be67cdbba37f5b2713ec0,3,11,-80
10:29:18,P68,9b9d11e0b8516c819799a4945331783f3fe88b306d48479fd4143fad5f8e5576,3,5,-82
10:29:18,P655,2aa6568ff676b2ff7bc542cd23db0cf8cb42d72c8332013022837e6cecdd38a8,3,11,-82
10:29:18,P69,e307372bdb4c16b6b4dab53c34d3931d6a420fb63a87c0570c53360dcec225b9,5,5,-83
10:29:18,P672,f16d3519a930340aa0dac463517f6e58b0b78bb15fda106f089a8b0f74752f0e,0,1,-84
10:29:18,P67,b62d64f6093b288fb7703c22dbadab975fc45b04fae1ac8d16d7752a17537459,0,5,-84
10:29:18,P67,c485765176fdb6e7958769647c4792939948e26812f8a9a282a68648aad9fa7d,0,5,-89
10:29:18,P66,2c670a73159247bddfa25cdbcfca206310152545cace9f5c836196a3dbe02f28,3,5,-90
10:29:18,P64,49c2f85516da1ac110f55d19d8954f030a5a87fb1e5aca647533edd58dbf7c3a,2,11,-91
10:29:18,P623,a334c78e9666a4b46d4e59eb4815521bb6fc1c9b7109cdc4787e1aa2678ae087,5,11,-92
10:29:20,P68,bac1d775e0873840f2aa681b624f0ad81283708a42321bf3cc810ddb004876e6,3,5,-75
10:29:20,P666,d5fcb84d6cf0f6025773367f3200860b24355b9f0a9cf57c0981a21e82cc9318,4,6,-75
10:29:20,P655,375f047f5b16d34db5cb5c4589ed9b3678b66cedad0625a286855dcf00c03396,3,1,-77
10:29:20,P669,a6c4f02f03d3282d100270c29f2ceef8b7cab05627449254047d6820c4417b0a,3,1,-77
10:29:20,P67,b62d64f6093b288fb7703c22dbadab975fc45b04fae1ac8d16d7752a17537459,0,5,-78
10:29:20,P66,b40503deb0c44a23babf2605afb0827ed221cfa9165a596b387cd573c4690ffa,3,5,-80
10:29:20,P69,e307372bdb4c16b6b4dab53c34d3931d6a420fb63a87c0570c53360dcec225b9,5,5,-80
10:29:20,P670,753af1f779b38066f3f2e7115c655aebf42d596904e79011093ff8a79bc34a79,3,3,-85
10:29:20,P669,7f86124665427933da96816ac256af5639859ae20e6be67cdbba37f5b2713ec0,3,11,-85
10:29:20,P69,398398f2075453b2634565501d684ea40303adb3924aa6a18af92108c0cc37b6,5,13,-86
10:29:20,P63,ee032fd904572ff882cb0668589d0f94e1be13c38ec56e8a515a7bf07f62fb26,3,13,-87
10:29:20,Cul de vieux goré,cd8e541eb141e8c7e0281c4fc3805c0ba9b4c443fb98f35a8a0a9cd48ddc8aab,3,1,-90
10:29:20,P63,958dccbfdc756485c9fdb61431413b880b130dfa0f07b493c84713da474ae650,3,9,-95
10:29:20,P69,9cc006a32aabea4440d8bfe4b4a62a2d31fd35125544a972b6d7b1a5b5681a67,5,9,-98
10:29:22,P655,375f047f5b16d34db5cb5c4589ed9b3678b66cedad0625a286855dcf00c03396,3,1,-69
10:29:22,P669,a6c4f02f03d3282d100270c29f2ceef8b7cab05627449254047d6820c4417b0a,3,1,-69
10:29:22,P68,bac1d775e0873840f2aa681b624f0ad81283708a42321bf3cc810ddb004876e6,3,5,-71
10:29:22,P669,7f86124665427933da96816ac256af5639859ae20e6be67cdbba37f5b2713ec0,3,11,-71
10:29:22,P655,2aa6568ff676b2ff7bc542cd23db0cf8cb42d72c8332013022837e6cecdd38a8,3,11,-72
10:29:22,P674,41dbff9b10daa942c367ddd88723cc0c229f4d3dd86f208b71a5419e9348fc97,4,11,-78
10:29:22,P675,4e8530e0ddceed0154c57ea5f1b7e5dc7dee21643df54911357f61ef50a91b94,4,1,-87
10:29:22,P663,df4fa962bca42164c20b33a36d0fc5afdf869aa7b7c9b3979f089f62f400e993,1,1,-88
10:29:22,P67,c485765176fdb6e7958769647c4792939948e26812f8a9a282a68648aad9fa7d,0,5,-90
10:29:24,P655,375f047f5b16d34db5cb5c4589ed9b3678b66cedad0625a286855dcf00c03396,3,1,-71
10:29:24,P669,a6c4f02f03d3282d100270c29f2ceef8b7cab05627449254047d6820c4417b0a,3,1,-73
10:29:24,P676,fe155040b0952508c4a4147debcad92aa3e05e3938d6825ac32636aba1b6bfae,3,6,-78
10:29:24,P674,41dbff9b10daa942c367ddd88723cc0c229f4d3dd86f208b71a5419e9348fc97,4,11,-79
10:29:24,P66,b40503deb0c44a23babf2605afb0827ed221cfa9165a596b387cd573c4690ffa,3,5,-82
10:29:24,P67,b62d64f6093b288fb7703c22dbadab975fc45b04fae1ac8d16d7752a17537459,0,5,-83
10:29:24,P63,59bb16de183f570e9e9684c6c3b172598c02d9d4662345ddf9507cc50a92df53,3,9,-89
10:29:24,P68,a6ee92f9874c6db110b8a546e5bfa7470a928311815dc8468e9cb4dabf6437fc,3,5,-90
10:29:24,P69,f915639ed7526b9886773139dc50e04df0df6eca6b4b6c9cca2ac3f55bd4f579,5,13,-90
10:29:24,P631,72efb0f2b795746ee8a20856b25fc1ee952a292bcf52bb8c5456436d0d4b5c7b,4,11,-97
10:29:26,P69,e4d907ee604e9de63be3586ee4537886dcbc8d9eace883ad7963163f4b12a4a6,5,5,-52
10:29:26,P655,2aa6568ff676b2ff7bc542cd23db0cf8cb42d72c8332013022837e6cecdd38a8,3,11,-78
10:29:26,P676,fe155040b0952508c4a4147debcad92aa3e05e3938d6825ac32636aba1b6bfae,3,6,-88
10:29:26,P674,41dbff9b10daa942c367ddd88723cc0c229f4d3dd86f208b71a5419e9348fc97,4,11,-88
10:29:26,P66,c5da61acc08ab85609fbdad7671d95b4a421d0df740743eb7a74643cd6407f0c,3,9,-89
10:29:26,P670,753af1f779b38066f3f2e7115c655aebf42d596904e79011093ff8a79bc34a79,3,3,-90
10:29:26,P68,0732d169758fa8697a7811db040063b8fab9c282250e9440decb530e5352ff3b,3,9,-90
10:29:26,P69,d43f9f2bc8902dac0257f9c9a80000ae68673f724b1435b10ff67f4c722aa7bc,5,9,-90
10:29:26,P67,7703fdce973b5e96fa5e9bb0e0643e04792587dbf3c2e3b901100c0e1780c16f,0,9,-91
10:29:26,P66,87cbb1a7318334b62366924aa1956a056b7fd69c16ebad776a0a8fdd25eeaa67,3,9,-92
10:29:26,P68,744e7c0e2bb86ac14bdb6896c95aba1db1598650d8dd9be63eec4e95792a5452,3,9,-94
10:29:26,P69,81066bcd683c59c0b5d9fda5888e059c5627c8f1e675d7aa188334dba3fb01a6,5,9,-97
10:29:28,P68,bac1d775e0873840f2aa681b624f0ad81283708a42321bf3cc810ddb004876e6,3,5,-59
10:29:28,P69,e4d907ee604e9de63be3586ee4537886dcbc8d9eace883ad7963163f4b12a4a6,5,5,-59
10:29:28,P66,03889dc26225f146cc4bc6bbc942a93249a6ee525131a2d9982ee2cbc987437c,3,5,-60
10:29:28,P67,e775ac1dc09d4f1b46ad6489c54185a8ff9b45eb53ee731900969edb60141503,0,5,-61
10:29:28,P677,e5597f06d8790d15cab709e0e5c1d052c3525c1d8d2d48ea3eb6b85e7c1e7950,4,9,-68
10:29:28,P66,b40503deb0c44a23babf2605afb0827ed221cfa9165a596b387cd573c4690ffa,3,5,-72
10:29:28,P68,9b9d11e0b8516c819799a4945331783f3fe88b306d48479fd4143fad5f8e5576,3,5,-72
10:29:28,P69,e307372bdb4c16b6b4dab53c34d3931d6a420fb63a87c0570c53360dcec225b9,5,5,-73
10:29:28,P655,2aa6568ff676b2ff7bc542cd23db0cf8cb42d72c8332013022837e6cecdd38a8,3,11,-78
10:29:28,P669,7f86124665427933da96816ac256af5639859ae20e6be67cdbba37f5b2713ec0,3,11,-79
10:29:28,P674,41dbff9b10daa942c367ddd88723cc0c229f4d3dd86f208b71a5419e9348fc97,4,11,-82
10:29:28,P68,086bb564c3c17f7bbc9c5c8447b92656bd17cccb8db868989031cf929fcfe8e1,3,13,-95
10:29:30,P68,bac1d775e0873840f2aa681b624f0ad81283708a42321bf3cc810ddb004876e6,3,5,-68
10:29:30,P63,179dc0f44280be91b5db1d32d408603dda391dcde489e0f6dbd3a0ed399843a6,3,5,-68
10:29:30,P69,e4d907ee604e9de63be3586ee4537886dcbc8d9eace883ad7963163f4b12a4a6,5,5,-69
10:29:30,P66,03889dc26225f146cc4bc6bbc942a93249a6ee525131a2d9982ee2cbc987437c,3,5,-71
10:29:30,P67,e775ac1dc09d4f1b46ad6489c54185a8ff9b45eb53ee731900969edb60141503,0,5,-74
10:29:30,P669,7f86124665427933da96816ac256af5639859ae20e6be67cdbba37f5b2713ec0,3,11,-76
10:29:30,P67,b62d64f6093b288fb7703c22dbadab975fc45b04fae1ac8d16d7752a17537459,0,5,-77
10:29:30,P677,e5597f06d8790d15cab709e0e5c1d052c3525c1d8d2d48ea3eb6b85e7c1e7950,4,9,-78
10:29:30,P655,2aa6568ff676b2ff7bc542cd23db0cf8cb42d72c8332013022837e6cecdd38a8,3,11,-78
10:29:30,P678,77ddcbcac6c970f0a1e2bd5cb248d71577c91612891d45c3e05d78f13b6b04c4,0,1,-79
10:29:30,P66,b40503deb0c44a23babf2605afb0827ed221cfa9165a596b387cd573c4690ffa,3,5,-79
10:29:30,P679,6f84c465ec261fb5a705b83bdf59709a40cc080a1f448da5854b4e5445809d48,4,1,-80
10:29:30,P68,9b9d11e0b8516c819799a4945331783f3fe88b306d48479fd4143fad5f8e5576,3,5,-81
10:29:30,P67,d893802392b0cd832063606d813e0d17b57990516f9468cb03b9f5da769f9862,0,13,-81
10:29:30,P66,2e4fc7f2a6337ea52fedf1b937ce9cdde8be4f0af7f9631c4aa26b351062d2a4,3,13,-81
10:29:30,P69,d46ae59d5b3c85a62d42614fc4c52738bab3d7649cf9568f85e9aea3501c5287,5,13,-83
10:29:30,P680,e4bb4e815d76bcca0996e1f3f4aec43d4eb290e4cf16167e33f5e1164e422966,3,8,-84
10:29:30,P68,65dad673fd48d9efde30348784e3282c19f7bb8591b9b9745d27199fd9a3e84b,3,13,-88
10:29:30,P68,ac0d84ff6f9c33b9f0d21b50e657271705ee15c2819df7721d722c9bbf701103,3,9,-89
10:29:30,P69,82fabb5755d75369d454cac6121e1d9104ce95e3412b6d9c9f3c1b41e21f5fa0,5,9,-89
10:29:30,P681,a0c17943e9e854214c02e860d93337a040737fe9d4b368b91306f3ef7ee43af2,4,1,-90
10:29:30,P66,87cbb1a7318334b62366924aa1956a056b7fd69c16ebad776a0a8fdd25eeaa67,3,9,-93
10:29:33,P68,9b9d11e0b8516c819799a4945331783f3fe88b306d48479fd4143fad5f8e5576,3,5,-73
10:29:33,P679,6f84c465ec261fb5a705b83bdf59709a40cc080a1f448da5854b4e5445809d48,4,1,-76
10:29:33,P67,b62d64f6093b288fb7703c22dbadab975fc45b04fae1ac8d16d7752a17537459,0,5,-78
10:29:33,P682,266e9acecae2250148470f50703c04c7d79aef16a1ce009d0a92ffdac87ceb79,3,8,-78
10:29:33,P680,e4bb4e815d76bcca0996e1f3f4aec43d4eb290e4cf16167e33f5e1164e422966,3,8,-80
10:29:33,P683,cf65aeb5d655d9262e25a397364cbff685665b973dec6904142a59cd2344c45f,5,8,-81
10:29:33,P63,ca95b07823d522f58562da07f323ec22c239fcd1e16f95babdc05683f28b8741,3,13,-81
10:29:33,P66,c43dbd2bbf91c9ea6df2658c97edfd73376c42ec29a93f82d091f3732ea96ffa,3,5,-88
10:29:33,Cul de vieux goré,cd8e541eb141e8c7e0281c4fc3805c0ba9b4c443fb98f35a8a0a9cd48ddc8aab,3,1,-90
10:29:33,P68,194a7fe6b243338861b4b751057c0daf93a05bdece143df3807605defeb61088,3,13,-93
10:29:33,P66,9c0422bf8369958d59cbd01986b93d924e2f42ae663c9b7a003d07279e215af3,3,13,-94
10:29:33,P69,5fbd4dbda8c16d2f9e0ebc70f811cf9fccef553a429b1f203a15a756d0e297e1,5,5,-95
10:29:35,P63,1e0f5e473724cab3e43c16eef5b0b0ed6e970fbc5ebb8c5e02f13eb135c16eb1,3,5,-66
10:29:35,P66,b40503deb0c44a23babf2605afb0827ed221cfa9165a596b387cd573c4690ffa,3,5,-67
10:29:35,P67,b62d64f6093b288fb7703c22dbadab975fc45b04fae1ac8d16d7752a17537459,0,5,-69
10:29:35,P68,9b9d11e0b8516c819799a4945331783f3fe88b306d48479fd4143fad5f8e5576,3,5,-69
10:29:35,P69,e307372bdb4c16b6b4dab53c34d3931d6a420fb63a87c0570c53360dcec225b9,5,5,-69
10:29:35,P67,e775ac1dc09d4f1b46ad6489c54185a8ff9b45eb53ee731900969edb60141503,0,5,-72
10:29:35,P66,03889dc26225f146cc4bc6bbc942a93249a6ee525131a2d9982ee2cbc987437c,3,5,-73
10:29:35,P69,e4d907ee604e9de63be3586ee4537886dcbc8d9eace883ad7963163f4b12a4a6,5,5,-73
10:29:35,P63,179dc0f44280be91b5db1d32d408603dda391dcde489e0f6dbd3a0ed399843a6,3,5,-73
10:29:35,P68,bac1d775e0873840f2aa681b624f0ad81283708a42321bf3cc810ddb004876e6,3,5,-74
10:29:35,P684,5a8e556d289012424e21893ff841a52ba1acd474aee0d20a3887f857c1f01cb1,5,1,-75
10:29:35,P679,6f84c465ec261fb5a705b83bdf59709a40cc080a1f448da5854b4e5445809d48,4,1,-76
10:29:35,P655,2aa6568ff676b2ff7bc542cd23db0cf8cb42d72c8332013022837e6cecdd38a8,3,11,-82
10:29:35,P680,e4bb4e815d76bcca0996e1f3f4aec43d4eb290e4cf16167e33f5e1164e422966,3,8,-83
10:29:35,P669,7f86124665427933da96816ac256af5639859ae20e6be67cdbba37f5b2713ec0,3,11,-83
10:29:35,P67,d893802392b0cd832063606d813e0d17b57990516f9468cb03b9f5da769f9862,0,13,-90
10:29:35,P66,882b8c1bc140ee17c46b654b19ed8c4a41018e5b42bea8fc67d64fa14f1fbd88,3,9,-91
10:29:35,P663,b0f9d9131d745cd6e48a412c0443d8fae75b1c1eacfd277d9a16c1bec700ccc2,1,6,-92
10:29:35,P67,ce0403b6a66c5db348c257f4c087e531107d901552e671aeef1933ca7eb23df7,0,9,-95
10:29:37,P63,1e0f5e473724cab3e43c16eef5b0b0ed6e970fbc5ebb8c5e02f13eb135c16eb1,3,5,-63
10:29:37,P69,e307372bdb4c16b6b4dab53c34d3931d6a420fb63a87c0570c53360dcec225b9,5,5,-64
10:29:37,P66,b40503deb0c44a23babf2605afb0827ed221cfa9165a596b387cd573c4690ffa,3,5,-66
10:29:37,P68,9b9d11e0b8516c819799a4945331783f3fe88b306d48479fd4143fad5f8e5576,3,5,-68
10:29:37,P67,e775ac1dc09d4f1b46ad6489c54185a8ff9b45eb53ee731900969edb60141503,0,5,-71
10:29:37,P66,03889dc26225f146cc4bc6bbc942a93249a6ee525131a2d9982ee2cbc987437c,3,5,-71
10:29:37,P684,5a8e556d289012424e21893ff841a52ba1acd474aee0d20a3887f857c1f01cb1,5,1,-74
10:29:37,P67,ab0a7c25c6f423c4b90f8ab45dc726fba39d072a9d609a479623f3075aaf3f73,0,5,-82
10:29:37,Cul de vieux goré,cd8e541eb141e8c7e0281c4fc3805c0ba9b4c443fb98f35a8a0a9cd48ddc8aab,3,1,-83
10:29:37,P66,500466b24d73b1ab279eae5b990b7011122e8b6f20d8e65dfcecba4e524953e6,3,13,-90
10:29:39,P68,bac1d775e0873840f2aa681b624f0ad81283708a42321bf3cc810ddb004876e6,3,5,-69
10:29:39,P667,48ba618e364b50064a4e3e9c53dacbbe03a306d163d644fb858e8416ffb1d9cb,3,10,-72
10:29:39,Cul de vieux goré,cd8e541eb141e8c7e0281c4fc3805c0ba9b4c443fb98f35a8a0a9cd48ddc8aab,3,1,-73
10:29:39,P684,5a8e556d289012424e21893ff841a52ba1acd474aee0d20a3887f857c1f01cb1,5,1,-74
10:29:39,P67,e775ac1dc09d4f1b46ad6489c54185a8ff9b45eb53ee731900969edb60141503,0,5,-74
10:29:39,P66,03889dc26225f146cc4bc6bbc942a93249a6ee525131a2d9982ee2cbc987437c,3,5,-74
10:29:39,P67,ab0a7c25c6f423c4b90f8ab45dc726fba39d072a9d609a479623f3075aaf3f73,0,5,-78
10:29:39,P685,a5ee7ed7a2651c5c0f432c6edd6b83b81efb06d172a6ac2d7391e833a15d6c16,3,1,-84
10:29:39,P686,c2e2c0ed508420b50e0d865badf4313979ea697343cc5ba0fefc1bbcbd648dad,3,2,-84
10:29:39,P69,a26af2566f6d66c7ee4008b3ff138bae9c0d9638890102333439c30847cf6d61,5,5,-84
10:29:39,P687,b81d11732ef4ab62662ecff9736d2255d171220d4dfd7ca2948727ae9e05a95a,3,1,-85
10:29:39,P688,8ac043fa0dd3956145f19276bd794b10909b3a84a3e211dfbd5b29709cd7ca56,3,2,-88
10:29:41,P66,b40503deb0c44a23babf2605afb0827ed221cfa9165a596b387cd573c4690ffa,3,5,-64
10:29:41,P67,b62d64f6093b288fb7703c22dbadab975fc45b04fae1ac8d16d7752a17537459,0,5,-66
10:29:41,P68,9b9d11e0b8516c819799a4945331783f3fe88b306d48479fd4143fad5f8e5576,3,5,-66
10:29:41,P63,b63e06a405601e21341afb86bd0013ca6769f0297aca46e0089397e200b330e4,3,5,-73
10:29:41,P67,ab0a7c25c6f423c4b90f8ab45dc726fba39d072a9d609a479623f3075aaf3f73,0,5,-73
10:29:41,P66,c43dbd2bbf91c9ea6df2658c97edfd73376c42ec29a93f82d091f3732ea96ffa,3,5,-73
10:29:41,P68,d8b1af262bfe33f24c3f761a5c4f314dee430659ec17cefef8b6a29fdef8cbac,3,5,-73
10:29:41,P684,5a8e556d289012424e21893ff841a52ba1acd474aee0d20a3887f857c1f01cb1,5,1,-74
10:29:41,P667,48ba618e364b50064a4e3e9c53dacbbe03a306d163d644fb858e8416ffb1d9cb,3,10,-74
10:29:41,P67,94f9314af7b8a9710a58cef9a735ce4dbac17c9b226053764ac55dd2b5511bd5,0,5,-77
10:29:41,Cul de vieux goré,cd8e541eb141e8c7e0281c4fc3805c0ba9b4c443fb98f35a8a0a9cd48ddc8aab,3,1,-80
10:29:41,P655,375f047f5b16d34db5cb5c4589ed9b3678b66cedad0625a286855dcf00c03396,3,1,-84
10:29:41,P69,2ef453db5bee3b2a3b781a8c8fe335a80d4116df64d33a0c35f29e5c902d606b,5,9,-87
10:29:41,P67,13caef057e9fd6a16833ca2cedd6e7173113aa66fe93a211de260a133c392795,0,13,-87
10:29:41,P63,59bb16de183f570e9e9684c6c3b172598c02d9d4662345ddf9507cc50a92df53,3,9,-88
10:29:41,P69,30a0245d6a949136350cf89b3fe68e929abce60c91d2a93beb23328e1659e700,5,13,-97
10:29:43,P68,2a161f1a8f67709f70c7645d9b8c24177ae60022a844dd08c6edaee552cf0c0d,3,13,-62
10:29:43,P69,d11f7eaa0a04363fdfb2c2cc1ab5740dabe9d574933a4970b126200f278f90e8,5,13,-62
10:29:43,P63,ca95b07823d522f58562da07f323ec22c239fcd1e16f95babdc05683f28b8741,3,13,-62
10:29:43,P67,4e3de8c622bcbef948b1800d2930ba9a6eb13880bd4efdc07a689fa8e3e2423a,0,13,-63
10:29:43,Cul de vieux goré,cd8e541eb141e8c7e0281c4fc3805c0ba9b4c443fb98f35a8a0a9cd48ddc8aab,3,1,-66
10:29:43,P667,48ba618e364b50064a4e3e9c53dacbbe03a306d163d644fb858e8416ffb1d9cb,3,10,-68
10:29:43,P66,0d68564cc41242f8e5233205683a6acb7f8b25190d1179ba038a078cb79e8554,3,5,-70
10:29:43,P67,00cc5f59ca1bdc9ff345e147629be7b1d99342a26d49586cf4b2b270ab8fc41e,0,5,-71
10:29:43,P69,e307372bdb4c16b6b4dab53c34d3931d6a420fb63a87c0570c53360dcec225b9,5,5,-71
10:29:43,P67,ab0a7c25c6f423c4b90f8ab45dc726fba39d072a9d609a479623f3075aaf3f73,0,5,-72
10:29:43,P66,c43dbd2bbf91c9ea6df2658c97edfd73376c42ec29a93f82d091f3732ea96ffa,3,5,-72
10:29:43,P69,71c8d7a4e958d4181df8a58a4eaf1b9114e295d1086040c7a7819d5b62f6868d,5,5,-73
10:29:43,P63,a66b100759ac90574182f679dbc3d61a829dfeb000924a739945387104c51de5,3,5,-73
10:29:43,P66,b40503deb0c44a23babf2605afb0827ed221cfa9165a596b387cd573c4690ffa,3,5,-73
10:29:43,P67,b62d64f6093b288fb7703c22dbadab975fc45b04fae1ac8d16d7752a17537459,0,5,-74
10:29:43,P67,e775ac1dc09d4f1b46ad6489c54185a8ff9b45eb53ee731900969edb60141503,0,5,-75
10:29:43,P66,912716f585c4e1a96bb4b268f64f83e06e33c64c46505e9298b5cc3034ba8599,3,5,-79
10:29:43,P67,94f9314af7b8a9710a58cef9a735ce4dbac17c9b226053764ac55dd2b5511bd5,0,5,-80
10:29:43,P69,d9fe9e5b950ef09468a1675977d58f324d548e19aaded957c03025d93c839de7,5,5,-81
10:29:43,P63,05f95eba51ac9dadfd3f868cb6d04cfb0017a67b0d07489b346ff072c884e461,3,5,-81
10:29:43,P68,fefb10f36962cf57654b9dc5a9cedb1bff01f07a3f04f782dc46710ae460d88f,3,13,-81
10:29:43,P63,e5ae075101d7017bd9d52fdaba7640bb2baca714205edaff823586f2fabe45ed,3,13,-81
10:29:43,P69,f915639ed7526b9886773139dc50e04df0df6eca6b4b6c9cca2ac3f55bd4f579,5,13,-82
10:29:43,P689,7a04916aadd443190cd6487b037040c859e36712dc117d04b716ff37d52f0493,3,1,-84
10:29:43,P690,8426bd1b5c70f4b38c319354761b3956a7ab708f942041b90ebd1d046e14b910,0,1,-86
10:29:43,P691,a91ac37473826de7d8a0ee7646ab286ae327b1a79d27ecebef8bc7bbd08b1f3a,3,1,-86
10:29:43,P69,6e07f6c89e378bbb2a5995e86fbd5b2e968bc505d5e4bd74ab19bd284cb26478,5,9,-86
10:29:43,P67,7f6ba439a0d2882967107b3665baebe0c75b3522336c86e7ac02af32c0757bd7,0,9,-87
10:29:43,P63,df4738444bd0a0395b18affe62b6bfa01794e3c25b3322b7c1080ffbfecfeed9,3,9,-87
10:29:43,P67,36743282aadf3680e561cc14e5b6aef80a3950b9edc403cb8de0e27bf58cde85,0,9,-87
10:29:43,P66,16d8535af8c84ac8c18104890ef6afeb797cb6c785bbaea4fd18a12ed6b26c63,3,9,-87
10:29:43,P66,5d55ad330299fb5debe8b4d29b26e961400722b6807c3d239a73917d93e90846,3,9,-88
10:29:43,P692,63988eb537753c1d5d3cf99e31f936330f76fea7b0374199c324a1f40e4b28ac,0,11,-90
10:29:46,P667,48ba618e364b50064a4e3e9c53dacbbe03a306d163d644fb858e8416ffb1d9cb,3,10,-60
10:29:46,Cul de vieux goré,cd8e541eb141e8c7e0281c4fc3805c0ba9b4c443fb98f35a8a0a9cd48ddc8aab,3,1,-69
10:29:46,P68,3aff825636b113bf9d5553dcd301f2e1b82c61e81ca52befd86ecc9411d24fdf,3,5,-73
10:29:46,P66,0d68564cc41242f8e5233205683a6acb7f8b25190d1179ba038a078cb79e8554,3,5,-74
10:29:46,P68,92a949cb653a60d7f29d6a8e40de7ced76a65919887d615f8596a98cd808630a,3,5,-74
10:29:46,P67,94f9314af7b8a9710a58cef9a735ce4dbac17c9b226053764ac55dd2b5511bd5,0,5,-74
10:29:46,P67,b62d64f6093b288fb7703c22dbadab975fc45b04fae1ac8d16d7752a17537459,0,5,-77
10:29:46,P66,b40503deb0c44a23babf2605afb0827ed221cfa9165a596b387cd573c4690ffa,3,5,-77
10:29:46,P67,4e3de8c622bcbef948b1800d2930ba9a6eb13880bd4efdc07a689fa8e3e2423a,0,13,-80
10:29:46,P66,7bf11f88dfac84b175ce631ace6f0c49552f094654339557183c552761b462c3,3,13,-80
10:29:46,P68,2a161f1a8f67709f70c7645d9b8c24177ae60022a844dd08c6edaee552cf0c0d,3,13,-80
10:29:46,P68,a6ee92f9874c6db110b8a546e5bfa7470a928311815dc8468e9cb4dabf6437fc,3,5,-84
10:29:46,P69,a26af2566f6d66c7ee4008b3ff138bae9c0d9638890102333439c30847cf6d61,5,5,-84
10:29:46,P68,fefb10f36962cf57654b9dc5a9cedb1bff01f07a3f04f782dc46710ae460d88f,3,13,-87
10:29:46,P692,63988eb537753c1d5d3cf99e31f936330f76fea7b0374199c324a1f40e4b28ac,0,11,-90
10:29:46,P693,ec609d201b8ef98301d070c7a0a34a12d678544b3e2a1d266d211f67e5fde76f,3,1,-92
10:29:48,P68,f455080ee4ac794af1a82ffce10fa6be5d0b1e1c062debc7b9b61d5215eeb8ed,3,13,-59
10:29:48,P66,55b56ed73908c768b3e51b04990621b5f15585ceaee116dad73dda330a1762f8,3,13,-60
10:29:48,P67,10dcc2cb3fa0e853f94e830e7e4c46691d6604c12676273ee855b2917f7fd096,0,13,-61
10:29:48,Cul de vieux goré,cd8e541eb141e8c7e0281c4fc3805c0ba9b4c443fb98f35a8a0a9cd48ddc8aab,3,1,-69
10:29:48,P69,22f597205375a0efb9c827fe584d522953e855854d7bce638c84d4d58cd0cf99,5,5,-73
10:29:48,P63,b63e06a405601e21341afb86bd0013ca6769f0297aca46e0089397e200b330e4,3,5,-73
10:29:48,P67,ab0a7c25c6f423c4b90f8ab45dc726fba39d072a9d609a479623f3075aaf3f73,0,5,-74
10:29:48,P66,c43dbd2bbf91c9ea6df2658c97edfd73376c42ec29a93f82d091f3732ea96ffa,3,5,-74
10:29:48,P667,48ba618e364b50064a4e3e9c53dacbbe03a306d163d644fb858e8416ffb1d9cb,3,10,-75
10:29:48,P63,179dc0f44280be91b5db1d32d408603dda391dcde489e0f6dbd3a0ed399843a6,3,5,-77
10:29:48,P67,e775ac1dc09d4f1b46ad6489c54185a8ff9b45eb53ee731900969edb60141503,0,5,-78
10:29:48,P69,e4d907ee604e9de63be3586ee4537886dcbc8d9eace883ad7963163f4b12a4a6,5,5,-78
10:29:48,P66,03889dc26225f146cc4bc6bbc942a93249a6ee525131a2d9982ee2cbc987437c,3,5,-79
10:29:48,P68,bac1d775e0873840f2aa681b624f0ad81283708a42321bf3cc810ddb004876e6,3,5,-79
10:29:48,P655,2aa6568ff676b2ff7bc542cd23db0cf8cb42d72c8332013022837e6cecdd38a8,3,11,-81
10:29:48,P694,49907d3b99996b8ef98ba03242e0c771e2db68f386c84b7149d2d3576065390b,5,6,-84
10:29:48,P695,cec829aa033ffbb4665903a312b8bc8509f77a356d328d90dc516bfc451cdbf7,0,6,-85
10:29:48,P63,6a925770dd50372739916485e7aa6f99a48b54daac6750c9eb880d26c2bc31ff,3,9,-86
10:29:48,P669,7f86124665427933da96816ac256af5639859ae20e6be67cdbba37f5b2713ec0,3,11,-87
10:29:48,P696,c093565523ab1a22d7c2e76f43803ec4a5153b3b2f7b54580ead2a38d3d9e137,3,6,-88
10:29:48,P69,26b41e3f671012f945323b4c3e71183f515119d3dd6325489510912579f3ad99,5,9,-89
10:29:48,P68,ac0444dc7a6b031e539b99ff30df6427f4a7516ee06a599409e76db8175f7b05,3,13,-89
10:29:50,P697,c44d95d0d00d20ea39530522f462ced994880390e558740e9011e587524ff50c,3,8,-72
10:29:50,P66,7c28118dce6654900f09f716972c8b2f7aaba3eadfa8b014ea7a08e6e0a87966,3,5,-73
10:29:50,Cul de vieux goré,cd8e541eb141e8c7e0281c4fc3805c0ba9b4c443fb98f35a8a0a9cd48ddc8aab,3,1,-74
10:29:50,P67,94f9314af7b8a9710a58cef9a735ce4dbac17c9b226053764ac55dd2b5511bd5,0,5,-74
10:29:50,P667,48ba618e364b50064a4e3e9c53dacbbe03a306d163d644fb858e8416ffb1d9cb,3,10,-74
10:29:50,P67,b62d64f6093b288fb7703c22dbadab975fc45b04fae1ac8d16d7752a17537459,0,5,-75
10:29:50,P63,e5ae075101d7017bd9d52fdaba7640bb2baca714205edaff823586f2fabe45ed,3,13,-76
10:29:50,P69,f915639ed7526b9886773139dc50e04df0df6eca6b4b6c9cca2ac3f55bd4f579,5,13,-78
10:29:50,P66,b40503deb0c44a23babf2605afb0827ed221cfa9165a596b387cd573c4690ffa,3,5,-79
10:29:50,P68,fefb10f36962cf57654b9dc5a9cedb1bff01f07a3f04f782dc46710ae460d88f,3,13,-79
10:29:50,P66,34f5a476b2d8fa9c4668f78b6556c3d7f8d393a55607644bc0a817b997444dc1,3,13,-80
10:29:50,P66,7bf11f88dfac84b175ce631ace6f0c49552f094654339557183c552761b462c3,3,13,-80
10:29:50,P68,08a5c4245df2609838ad2da7aeef677624bfb525ff9ab1ead172e0a05a6bb3fa,3,5,-81
10:29:50,P69,71c8d7a4e958d4181df8a58a4eaf1b9114e295d1086040c7a7819d5b62f6868d,5,5,-81
10:29:50,P69,5fbd4dbda8c16d2f9e0ebc70f811cf9fccef553a429b1f203a15a756d0e297e1,5,5,-81
10:29:50,P67,4e3de8c622bcbef948b1800d2930ba9a6eb13880bd4efdc07a689fa8e3e2423a,0,13,-81
10:29:50,P68,92a949cb653a60d7f29d6a8e40de7ced76a65919887d615f8596a98cd808630a,3,5,-82
10:29:50,P68,d8b1af262bfe33f24c3f761a5c4f314dee430659ec17cefef8b6a29fdef8cbac,3,5,-83
10:29:50,P698,007bbb4473d1a3d5438d08519f6d656443bd1b9b7212ef722931f2fa7a853233,5,6,-85
10:29:50,P655,bd00b94b38783f70f01dab6e9e8c98428d837fe4dab17c5ba332ad1f013e0780,3,1,-88
10:29:50,P692,63988eb537753c1d5d3cf99e31f936330f76fea7b0374199c324a1f40e4b28ac,0,11,-92
10:29:53,Cul de vieux goré,cd8e541eb141e8c7e0281c4fc3805c0ba9b4c443fb98f35a8a0a9cd48ddc8aab,3,1,-68
10:29:53,P66,b40503deb0c44a23babf2605afb0827ed221cfa9165a596b387cd573c4690ffa,3,5,-72
10:29:53,P68,9b9d11e0b8516c819799a4945331783f3fe88b306d48479fd4143fad5f8e5576,3,5,-72
10:29:53,P695,cec829aa033ffbb4665903a312b8bc8509f77a356d328d90dc516bfc451cdbf7,0,6,-72
10:29:53,P67,b62d64f6093b288fb7703c22dbadab975fc45b04fae1ac8d16d7752a17537459,0,5,-74
10:29:53,P67,ab0a7c25c6f423c4b90f8ab45dc726fba39d072a9d609a479623f3075aaf3f73,0,5,-76
10:29:53,P69,22f597205375a0efb9c827fe584d522953e855854d7bce638c84d4d58cd0cf99,5,5,-76
10:29:53,P69,d9fe9e5b950ef09468a1675977d58f324d548e19aaded957c03025d93c839de7,5,5,-79
10:29:53,P67,e775ac1dc09d4f1b46ad6489c54185a8ff9b45eb53ee731900969edb60141503,0,5,-80
10:29:53,P66,03889dc26225f146cc4bc6bbc942a93249a6ee525131a2d9982ee2cbc987437c,3,5,-80
10:29:53,P699,2727ec12c56bcf4f2d953f0af8ffb3d12e00cc378904c0089fd1357d5a61c82d,3,11,-81
10:29:53,P67,10dcc2cb3fa0e853f94e830e7e4c46691d6604c12676273ee855b2917f7fd096,0,13,-81
10:29:53,P686,c2e2c0ed508420b50e0d865badf4313979ea697343cc5ba0fefc1bbcbd648dad,3,2,-83
10:29:53,P669,2ce08948f0b77017066f71222da82e914062e445259735c064a9cf140bc64983,3,11,-83
10:29:53,P6100,77d40a4f6d0b82edbb607dc67781746e1957f21e097cfd3f524a43e8b4f81d29,3,11,-91
10:29:55,Cul de vieux goré,cd8e541eb141e8c7e0281c4fc3805c0ba9b4c443fb98f35a8a0a9cd48ddc8aab,3,1,-68
10:29:55,P68,d8b1af262bfe33f24c3f761a5c4f314dee430659ec17cefef8b6a29fdef8cbac,3,5,-72
10:29:55,P678,77ddcbcac6c970f0a1e2bd5cb248d71577c91612891d45c3e05d78f13b6b04c4,0,1,-73
10:29:55,P67,ab0a7c25c6f423c4b90f8ab45dc726fba39d072a9d609a479623f3075aaf3f73,0,5,-73
10:29:55,P69,22f597205375a0efb9c827fe584d522953e855854d7bce638c84d4d58cd0cf99,5,5,-73
10:29:55,P63,b63e06a405601e21341afb86bd0013ca6769f0297aca46e0089397e200b330e4,3,5,-74
10:29:55,P69,a26af2566f6d66c7ee4008b3ff138bae9c0d9638890102333439c30847cf6d61,5,5,-75
10:29:55,P63,c10f860d96af88411748dd2ae30c07d6e886f41b44c3566a06b9272ffeb724bb,3,5,-75
10:29:55,P66,34f5a476b2d8fa9c4668f78b6556c3d7f8d393a55607644bc0a817b997444dc1,3,13,-76
10:29:55,P68,fefb10f36962cf57654b9dc5a9cedb1bff01f07a3f04f782dc46710ae460d88f,3,13,-76
10:29:55,P63,85155d828d2e3a33e53f3ea28cab86267cc05c0f7a0c25d99180633d3ec7f40e,3,13,-78
10:29:55,P68,f455080ee4ac794af1a82ffce10fa6be5d0b1e1c062debc7b9b61d5215eeb8ed,3,13,-80
10:29:55,P67,10dcc2cb3fa0e853f94e830e7e4c46691d6604c12676273ee855b2917f7fd096,0,13,-81
10:29:55,P66,55b56ed73908c768b3e51b04990621b5f15585ceaee116dad73dda330a1762f8,3,13,-81
10:29:55,P68,bac1d775e0873840f2aa681b624f0ad81283708a42321bf3cc810ddb004876e6,3,5,-84
10:29:55,P67,e775ac1dc09d4f1b46ad6489c54185a8ff9b45eb53ee731900969edb60141503,0,5,-87
10:29:57,P681,a0c17943e9e854214c02e860d93337a040737fe9d4b368b91306f3ef7ee43af2,4,1,-67
10:29:57,P6101,eb361d9bd6a52c45a3e44f99bde992a075b81a8e71265e7c7277ebc6786d0c4f,3,8,-67
10:29:57,P66,7c28118dce6654900f09f716972c8b2f7aaba3eadfa8b014ea7a08e6e0a87966,3,5,-69
10:29:57,P67,94f9314af7b8a9710a58cef9a735ce4dbac17c9b226053764ac55dd2b5511bd5,0,5,-70
10:29:57,P68,3aff825636b113bf9d5553dcd301f2e1b82c61e81ca52befd86ecc9411d24fdf,3,5,-71
10:29:57,P69,d9fe9e5b950ef09468a1675977d58f324d548e19aaded957c03025d93c839de7,5,5,-71
10:29:57,P67,4353f5ee5a98f257fe5ede5065fd001f5c9d05598f7a8ba485cf4e42b98e9919,0,5,-72
10:29:57,P66,c7f9610982dd54f7074403902f122be75ce70a52f87cccb874ecc54af08f7481,3,5,-72
10:29:57,P63,85155d828d2e3a33e53f3ea28cab86267cc05c0f7a0c25d99180633d3ec7f40e,3,13,-72
10:29:57,P66,912716f585c4e1a96bb4b268f64f83e06e33c64c46505e9298b5cc3034ba8599,3,5,-73
10:29:57,P68,a6ee92f9874c6db110b8a546e5bfa7470a928311815dc8468e9cb4dabf6437fc,3,5,-73
10:29:57,P63,c10f860d96af88411748dd2ae30c07d6e886f41b44c3566a06b9272ffeb724bb,3,5,-73
10:29:57,P69,a81a446607bcddf0e0b80f1c8e40e3e3a1d34ce85b862b580c959cc2b1f3831a,5,13,-74
10:29:57,P67,00cc5f59ca1bdc9ff345e147629be7b1d99342a26d49586cf4b2b270ab8fc41e,0,5,-78
10:29:57,P693,ec609d201b8ef98301d070c7a0a34a12d678544b3e2a1d266d211f67e5fde76f,3,1,-80
10:29:57,P67,1a05535977a77dab097336ef3bf4ad808fdb9510f0fe5a0d842d08087cb7d4a1,0,9,-80
10:29:57,P66,904c6eeb208bf35589a5d85b6b9b7df6d8d7c69e5d0254fb5c0f893d244178f3,3,9,-80
10:29:57,P697,c44d95d0d00d20ea39530522f462ced994880390e558740e9011e587524ff50c,3,8,-81
10:29:57,P68,a551ffd8097fc93a3a299af31b9ae75a4bfc1e1d1ef43c9d50d991e7308fcdad,3,9,-81
10:29:57,P69,2ef453db5bee3b2a3b781a8c8fe335a80d4116df64d33a0c35f29e5c902d606b,5,9,-81
10:29:57,P63,59bb16de183f570e9e9684c6c3b172598c02d9d4662345ddf9507cc50a92df53,3,9,-81
10:29:57,P66,c43dbd2bbf91c9ea6df2658c97edfd73376c42ec29a93f82d091f3732ea96ffa,3,5,-83
10:29:57,P69,22f597205375a0efb9c827fe584d522953e855854d7bce638c84d4d58cd0cf99,5,5,-83
10:29:59,P63,c10f860d96af88411748dd2ae30c07d6e886f41b44c3566a06b9272ffeb724bb,3,5,-65
10:29:59,P66,912716f585c4e1a96bb4b268f64f83e06e33c64c46505e9298b5cc3034ba8599,3,5,-65
10:29:59,P69,a26af2566f6d66c7ee4008b3ff138bae9c0d9638890102333439c30847cf6d61,5,5,-65
10:29:59,P68,a6ee92f9874c6db110b8a546e5bfa7470a928311815dc8468e9cb4dabf6437fc,3,5,-66
10:29:59,P67,1106d061fae6daab6b376d8521bd4ca4144c01f34a04cd34d56d31823cfb90f6,0,5,-66
10:29:59,P67,94f9314af7b8a9710a58cef9a735ce4dbac17c9b226053764ac55dd2b5511bd5,0,5,-70
10:29:59,P68,3aff825636b113bf9d5553dcd301f2e1b82c61e81ca52befd86ecc9411d24fdf,3,5,-70
10:29:59,P69,d9fe9e5b950ef09468a1675977d58f324d548e19aaded957c03025d93c839de7,5,5,-70
10:29:59,P66,7c28118dce6654900f09f716972c8b2f7aaba3eadfa8b014ea7a08e6e0a87966,3,5,-71
10:29:59,P6100,77d40a4f6d0b82edbb607dc67781746e1957f21e097cfd3f524a43e8b4f81d29,3,11,-71
10:29:59,P678,77ddcbcac6c970f0a1e2bd5cb248d71577c91612891d45c3e05d78f13b6b04c4,0,1,-73
10:29:59,P681,a0c17943e9e854214c02e860d93337a040737fe9d4b368b91306f3ef7ee43af2,4,1,-73
10:29:59,P6101,eb361d9bd6a52c45a3e44f99bde992a075b81a8e71265e7c7277ebc6786d0c4f,3,8,-78
10:29:59,P68,f455080ee4ac794af1a82ffce10fa6be5d0b1e1c062debc7b9b61d5215eeb8ed,3,13,-78
10:29:59,P66,c43dbd2bbf91c9ea6df2658c97edfd73376c42ec29a93f82d091f3732ea96ffa,3,5,-82
10:29:59,P66,03889dc26225f146cc4bc6bbc942a93249a6ee525131a2d9982ee2cbc987437c,3,5,-92
10:30:01,Cul de vieux goré,cd8e541eb141e8c7e0281c4fc3805c0ba9b4c443fb98f35a8a0a9cd48ddc8aab,3,1,-72
10:30:01,P67,ab0a7c25c6f423c4b90f8ab45dc726fba39d072a9d609a479623f3075aaf3f73,0,5,-73
10:30:01,P67,4353f5ee5a98f257fe5ede5065fd001f5c9d05598f7a8ba485cf4e42b98e9919,0,5,-73
10:30:01,P66,c43dbd2bbf91c9ea6df2658c97edfd73376c42ec29a93f82d091f3732ea96ffa,3,5,-75
10:30:01,P68,d8b1af262bfe33f24c3f761a5c4f314dee430659ec17cefef8b6a29fdef8cbac,3,5,-76
10:30:01,P66,904c6eeb208bf35589a5d85b6b9b7df6d8d7c69e5d0254fb5c0f893d244178f3,3,9,-76
10:30:01,P68,a551ffd8097fc93a3a299af31b9ae75a4bfc1e1d1ef43c9d50d991e7308fcdad,3,9,-76
10:30:01,P63,59bb16de183f570e9e9684c6c3b172598c02d9d4662345ddf9507cc50a92df53,3,9,-76
10:30:01,P67,1106d061fae6daab6b376d8521bd4ca4144c01f34a04cd34d56d31823cfb90f6,0,5,-77
10:30:01,P69,2ef453db5bee3b2a3b781a8c8fe335a80d4116df64d33a0c35f29e5c902d606b,5,9,-77
10:30:01,P67,00cc5f59ca1bdc9ff345e147629be7b1d99342a26d49586cf4b2b270ab8fc41e,0,5,-78
10:30:01,P66,912716f585c4e1a96bb4b268f64f83e06e33c64c46505e9298b5cc3034ba8599,3,5,-78
10:30:01,P68,a6ee92f9874c6db110b8a546e5bfa7470a928311815dc8468e9cb4dabf6437fc,3,5,-78
10:30:01,P66,0d68564cc41242f8e5233205683a6acb7f8b25190d1179ba038a078cb79e8554,3,5,-79
10:30:01,P68,08a5c4245df2609838ad2da7aeef677624bfb525ff9ab1ead172e0a05a6bb3fa,3,5,-79
10:30:01,P69,a26af2566f6d66c7ee4008b3ff138bae9c0d9638890102333439c30847cf6d61,5,5,-79
10:30:01,P63,c10f860d96af88411748dd2ae30c07d6e886f41b44c3566a06b9272ffeb724bb,3,5,-79
10:30:01,P681,a0c17943e9e854214c02e860d93337a040737fe9d4b368b91306f3ef7ee43af2,4,1,-83
10:30:04,Cul de vieux goré,cd8e541eb141e8c7e0281c4fc3805c0ba9b4c443fb98f35a8a0a9cd48ddc8aab,3,1,-73
10:30:04,P68,a551ffd8097fc93a3a299af31b9ae75a4bfc1e1d1ef43c9d50d991e7308fcdad,3,9,-80
10:30:04,P69,a81a446607bcddf0e0b80f1c8e40e3e3a1d34ce85b862b580c959cc2b1f3831a,5,13,-80
10:30:04,P63,85155d828d2e3a33e53f3ea28cab86267cc05c0f7a0c25d99180633d3ec7f40e,3,13,-81
10:30:06,P6102,940ac55a01f275a64740f4d7f2fe3874b822ccaee64444f4b265e0bb5f787dd4,0,1,-71
10:30:06,P69,d9fe9e5b950ef09468a1675977d58f324d548e19aaded957c03025d93c839de7,5,5,-79
10:30:06,P63,e5ae075101d7017bd9d52fdaba7640bb2baca714205edaff823586f2fabe45ed,3,13,-81
10:30:06,P667,48ba618e364b50064a4e3e9c53dacbbe03a306d163d644fb858e8416ffb1d9cb,3,10,-82
10:30:06,P63,c10f860d96af88411748dd2ae30c07d6e886f41b44c3566a06b9272ffeb724bb,3,5,-83
10:30:06,P66,b40503deb0c44a23babf2605afb0827ed221cfa9165a596b387cd573c4690ffa,3,5,-89
10:30:06,P69,e307372bdb4c16b6b4dab53c34d3931d6a420fb63a87c0570c53360dcec225b9,5,5,-90
10:30:06,P63,1e0f5e473724cab3e43c16eef5b0b0ed6e970fbc5ebb8c5e02f13eb135c16eb1,3,5,-90
10:30:06,P63,ca95b07823d522f58562da07f323ec22c239fcd1e16f95babdc05683f28b8741,3,13,-91
10:30:08,P67,94f9314af7b8a9710a58cef9a735ce4dbac17c9b226053764ac55dd2b5511bd5,0,5,-74
10:30:08,P66,7c28118dce6654900f09f716972c8b2f7aaba3eadfa8b014ea7a08e6e0a87966,3,5,-74
10:30:08,P67,4353f5ee5a98f257fe5ede5065fd001f5c9d05598f7a8ba485cf4e42b98e9919,0,5,-74
10:30:08,P66,c7f9610982dd54f7074403902f122be75ce70a52f87cccb874ecc54af08f7481,3,5,-75
10:30:09,P67,94f9314af7b8a9710a58cef9a735ce4dbac17c9b226053764ac55dd2b5511bd5,0,5,-80
10:30:09,P66,7c28118dce6654900f09f716972c8b2f7aaba3eadfa8b014ea7a08e6e0a87966,3,5,-81
10:30:09,P63,05f95eba51ac9dadfd3f868cb6d04cfb0017a67b0d07489b346ff072c884e461,3,5,-81
10:30:09,P69,a81a446607bcddf0e0b80f1c8e40e3e3a1d34ce85b862b580c959cc2b1f3831a,5,13,-84
10:30:09,P63,85155d828d2e3a33e53f3ea28cab86267cc05c0f7a0c25d99180633d3ec7f40e,3,13,-84
10:30:09,P6101,eb361d9bd6a52c45a3e44f99bde992a075b81a8e71265e7c7277ebc6786d0c4f,3,8,-87
10:30:09,P6102,b9baf3ea4b20da719626a3f181e190bba2064cafe9bd04ba9de3ea97fb65c6bf,0,11,-90
10:30:11,Cul de vieux goré,cd8e541eb141e8c7e0281c4fc3805c0ba9b4c443fb98f35a8a0a9cd48ddc8aab,3,1,-75
10:30:11,P67,94f9314af7b8a9710a58cef9a735ce4dbac17c9b226053764ac55dd2b5511bd5,0,5,-76
10:30:11,P678,77ddcbcac6c970f0a1e2bd5cb248d71577c91612891d45c3e05d78f13b6b04c4,0,1,-82
10:30:11,P66,c7f9610982dd54f7074403902f122be75ce70a52f87cccb874ecc54af08f7481,3,5,-84
10:30:11,P69,2ef453db5bee3b2a3b781a8c8fe335a80d4116df64d33a0c35f29e5c902d606b,5,9,-84
10:30:11,P63,59bb16de183f570e9e9684c6c3b172598c02d9d4662345ddf9507cc50a92df53,3,9,-84
10:30:11,P67,4353f5ee5a98f257fe5ede5065fd001f5c9d05598f7a8ba485cf4e42b98e9919,0,5,-86
10:30:13,P6102,940ac55a01f275a64740f4d7f2fe3874b822ccaee64444f4b265e0bb5f787dd4,0,1,-66
10:30:13,P667,48ba618e364b50064a4e3e9c53dacbbe03a306d163d644fb858e8416ffb1d9cb,3,10,-82
10:30:13,P68,3aff825636b113bf9d5553dcd301f2e1b82c61e81ca52befd86ecc9411d24fdf,3,5,-83
10:30:13,P66,b40503deb0c44a23babf2605afb0827ed221cfa9165a596b387cd573c4690ffa,3,5,-90
10:30:13,P68,a6ee92f9874c6db110b8a546e5bfa7470a928311815dc8468e9cb4dabf6437fc,3,5,-90
10:30:13,P68,9b9d11e0b8516c819799a4945331783f3fe88b306d48479fd4143fad5f8e5576,3,5,-92
10:30:13,P69,e307372bdb4c16b6b4dab53c34d3931d6a420fb63a87c0570c53360dcec225b9,5,5,-93
10:30:13,P63,1e0f5e473724cab3e43c16eef5b0b0ed6e970fbc5ebb8c5e02f13eb135c16eb1,3,5,-93
10:30:15,P695,7ddb6250af6d956ed387799a6023c3e99bf041b452daeae6fd6b24ff9b3ceb6f,0,6,-85
10:30:17,P6103,698c34757b25fd2e994e1404821da50d65fa33957d408c728ff7449ba32b7fc6,3,1,-83
10:30:17,P66,0d68564cc41242f8e5233205683a6acb7f8b25190d1179ba038a078cb79e8554,3,5,-90
10:30:17,P681,a0c17943e9e854214c02e860d93337a040737fe9d4b368b91306f3ef7ee43af2,4,1,-91
10:30:17,P68,a551ffd8097fc93a3a299af31b9ae75a4bfc1e1d1ef43c9d50d991e7308fcdad,3,9,-92
10:30:17,P69,2ef453db5bee3b2a3b781a8c8fe335a80d4116df64d33a0c35f29e5c902d606b,5,9,-93
10:30:19,Cul de vieux goré,cd8e541eb141e8c7e0281c4fc3805c0ba9b4c443fb98f35a8a0a9cd48ddc8aab,3,1,-83
10:30:19,P67,00cc5f59ca1bdc9ff345e147629be7b1d99342a26d49586cf4b2b270ab8fc41e,0,5,-87
10:30:19,P63,85155d828d2e3a33e53f3ea28cab86267cc05c0f7a0c25d99180633d3ec7f40e,3,13,-91
10:30:19,P69,a81a446607bcddf0e0b80f1c8e40e3e3a1d34ce85b862b580c959cc2b1f3831a,5,13,-93
10:30:21,P6104,97d43154617566e1e2f102578ae733ba05320133daaeccbe517eb9b26ca9e35d,4,1,-83
10:30:21,P6102,e2b38d35d6a93518fc1c2aea6ba8a5887dc0648b5aac4bc295df009a5c054b5a,0,11,-87
10:30:21,P693,ec609d201b8ef98301d070c7a0a34a12d678544b3e2a1d266d211f67e5fde76f,3,1,-92
10:30:23,Cul de vieux goré,cd8e541eb141e8c7e0281c4fc3805c0ba9b4c443fb98f35a8a0a9cd48ddc8aab,3,1,-81
10:30:23,P66,0d68564cc41242f8e5233205683a6acb7f8b25190d1179ba038a078cb79e8554,3,5,-92
10:30:23,P67,1a05535977a77dab097336ef3bf4ad808fdb9510f0fe5a0d842d08087cb7d4a1,0,9,-92
10:30:23,P66,904c6eeb208bf35589a5d85b6b9b7df6d8d7c69e5d0254fb5c0f893d244178f3,3,9,-93
10:30:23,P69,2ef453db5bee3b2a3b781a8c8fe335a80d4116df64d33a0c35f29e5c902d606b,5,9,-93
10:30:25,P6104,97d43154617566e1e2f102578ae733ba05320133daaeccbe517eb9b26ca9e35d,4,1,-79
10:30:25,P63,b63e06a405601e21341afb86bd0013ca6769f0297aca46e0089397e200b330e4,3,5,-91
10:30:27,P67,94f9314af7b8a9710a58cef9a735ce4dbac17c9b226053764ac55dd2b5511bd5,0,5,-79
10:30:27,Cul de vieux goré,cd8e541eb141e8c7e0281c4fc3805c0ba9b4c443fb98f35a8a0a9cd48ddc8aab,3,1,-80
10:30:27,P67,4353f5ee5a98f257fe5ede5065fd001f5c9d05598f7a8ba485cf4e42b98e9919,0,5,-91
10:30:27,P67,1a05535977a77dab097336ef3bf4ad808fdb9510f0fe5a0d842d08087cb7d4a1,0,9,-96
10:30:27,P68,a551ffd8097fc93a3a299af31b9ae75a4bfc1e1d1ef43c9d50d991e7308fcdad,3,9,-97
10:30:29,P66,904c6eeb208bf35589a5d85b6b9b7df6d8d7c69e5d0254fb5c0f893d244178f3,3,9,-93
10:30:29,P69,2ef453db5bee3b2a3b781a8c8fe335a80d4116df64d33a0c35f29e5c902d606b,5,9,-93
10:30:29,P67,1a05535977a77dab097336ef3bf4ad808fdb9510f0fe5a0d842d08087cb7d4a1,0,9,-94
10:30:29,P63,59bb16de183f570e9e9684c6c3b172598c02d9d4662345ddf9507cc50a92df53,3,9,-94
10:30:31,Cul de vieux goré,cd8e541eb141e8c7e0281c4fc3805c0ba9b4c443fb98f35a8a0a9cd48ddc8aab,3,1,-74
10:30:31,P6105,3d4ffe9292ece145e9e0a76a9b8fb7a12fb43ab502b85a5160da33ee75e592c0,4,1,-74
10:30:31,P6104,97d43154617566e1e2f102578ae733ba05320133daaeccbe517eb9b26ca9e35d,4,1,-75
10:30:31,P6102,e2b38d35d6a93518fc1c2aea6ba8a5887dc0648b5aac4bc295df009a5c054b5a,0,11,-88
10:30:31,P68,d8b1af262bfe33f24c3f761a5c4f314dee430659ec17cefef8b6a29fdef8cbac,3,5,-92
10:30:31,P6100,77d40a4f6d0b82edbb607dc67781746e1957f21e097cfd3f524a43e8b4f81d29,3,11,-92
10:30:31,P66,c43dbd2bbf91c9ea6df2658c97edfd73376c42ec29a93f82d091f3732ea96ffa,3,5,-93
10:30:31,P69,71c8d7a4e958d4181df8a58a4eaf1b9114e295d1086040c7a7819d5b62f6868d,5,5,-94
10:30:31,P67,ab0a7c25c6f423c4b90f8ab45dc726fba39d072a9d609a479623f3075aaf3f73,0,5,-94
10:30:33,Cul de vieux goré,cd8e541eb141e8c7e0281c4fc3805c0ba9b4c443fb98f35a8a0a9cd48ddc8aab,3,1,-77
10:30:35,Cul de vieux goré,cd8e541eb141e8c7e0281c4fc3805c0ba9b4c443fb98f35a8a0a9cd48ddc8aab,3,1,-80
10:30:35,P69,d9fe9e5b950ef09468a1675977d58f324d548e19aaded957c03025d93c839de7,5,5,-90
10:30:35,P63,05f95eba51ac9dadfd3f868cb6d04cfb0017a67b0d07489b346ff072c884e461,3,5,-90
10:30:35,P672,4070ac5be644255844dfb439548e4716841c686ee549f3bcf6e38bbcb4a8ba5c,0,11,-90
10:30:36,Cul de vieux goré,cd8e541eb141e8c7e0281c4fc3805c0ba9b4c443fb98f35a8a0a9cd48ddc8aab,3,1,-76
10:30:36,P66,7c28118dce6654900f09f716972c8b2f7aaba3eadfa8b014ea7a08e6e0a87966,3,5,-85
10:30:36,P6103,698c34757b25fd2e994e1404821da50d65fa33957d408c728ff7449ba32b7fc6,3,1,-90
10:30:38,P6104,97d43154617566e1e2f102578ae733ba05320133daaeccbe517eb9b26ca9e35d,4,1,-74
10:30:38,P6102,e2b38d35d6a93518fc1c2aea6ba8a5887dc0648b5aac4bc295df009a5c054b5a,0,11,-87
10:30:38,Cul de vieux goré,cd8e541eb141e8c7e0281c4fc3805c0ba9b4c443fb98f35a8a0a9cd48ddc8aab,3,1,-88
10:30:40,P6104,97d43154617566e1e2f102578ae733ba05320133daaeccbe517eb9b26ca9e35d,4,1,-76
10:30:40,Cul de vieux goré,cd8e541eb141e8c7e0281c4fc3805c0ba9b4c443fb98f35a8a0a9cd48ddc8aab,3,1,-84
10:30:44,Cul de vieux goré,cd8e541eb141e8c7e0281c4fc3805c0ba9b4c443fb98f35a8a0a9cd48ddc8aab,3,1,-82
10:30:44,P68,a551ffd8097fc93a3a299af31b9ae75a4bfc1e1d1ef43c9d50d991e7308fcdad,3,9,-93
10:30:44,P69,2ef453db5bee3b2a3b781a8c8fe335a80d4116df64d33a0c35f29e5c902d606b,5,9,-95
10:30:46,P6102,e2b38d35d6a93518fc1c2aea6ba8a5887dc0648b5aac4bc295df009a5c054b5a,0,11,-93
10:30:48,P6102,b9baf3ea4b20da719626a3f181e190bba2064cafe9bd04ba9de3ea97fb65c6bf,0,11,-81
10:30:48,P6103,698c34757b25fd2e994e1404821da50d65fa33957d408c728ff7449ba32b7fc6,3,1,-84
10:30:48,P672,6fd8d1c2037e7378ba5a48b10400b0b765669618229c4654c536bb446b5202e8,0,1,-86
10:30:50,P67,4353f5ee5a98f257fe5ede5065fd001f5c9d05598f7a8ba485cf4e42b98e9919,0,5,-93
10:30:51,P6103,698c34757b25fd2e994e1404821da50d65fa33957d408c728ff7449ba32b7fc6,3,1,-76
10:30:51,P672,6fd8d1c2037e7378ba5a48b10400b0b765669618229c4654c536bb446b5202e8,0,1,-88
10:30:51,P67,94f9314af7b8a9710a58cef9a735ce4dbac17c9b226053764ac55dd2b5511bd5,0,5,-91
10:30:51,P68,08a5c4245df2609838ad2da7aeef677624bfb525ff9ab1ead172e0a05a6bb3fa,3,5,-92
10:30:53,P6102,b9baf3ea4b20da719626a3f181e190bba2064cafe9bd04ba9de3ea97fb65c6bf,0,11,-78
10:30:55,P6103,698c34757b25fd2e994e1404821da50d65fa33957d408c728ff7449ba32b7fc6,3,1,-80
10:30:57,P6103,698c34757b25fd2e994e1404821da50d65fa33957d408c728ff7449ba32b7fc6,3,1,-90
10:30:59,P69,2ef453db5bee3b2a3b781a8c8fe335a80d4116df64d33a0c35f29e5c902d606b,5,9,-94
10:30:59,P67,1a05535977a77dab097336ef3bf4ad808fdb9510f0fe5a0d842d08087cb7d4a1,0,9,-95
10:31:01,Cul de vieux goré,cd8e541eb141e8c7e0281c4fc3805c0ba9b4c443fb98f35a8a0a9cd48ddc8aab,3,1,-81
10:31:01,P6103,698c34757b25fd2e994e1404821da50d65fa33957d408c728ff7449ba32b7fc6,3,1,-88
10:31:01,P68,3aff825636b113bf9d5553dcd301f2e1b82c61e81ca52befd86ecc9411d24fdf,3,5,-90
10:31:01,P67,94f9314af7b8a9710a58cef9a735ce4dbac17c9b226053764ac55dd2b5511bd5,0,5,-91
10:31:01,P66,7c28118dce6654900f09f716972c8b2f7aaba3eadfa8b014ea7a08e6e0a87966,3,5,-91
10:31:02,P66,0d68564cc41242f8e5233205683a6acb7f8b25190d1179ba038a078cb79e8554,3,5,-92
10:31:05,P69,71c8d7a4e958d4181df8a58a4eaf1b9114e295d1086040c7a7819d5b62f6868d,5,5,-91
10:31:05,P6106,39b4ee00374a3f7672add5db987565d3b1636dadfe28177a69027b7d5fd90911,3,6,-91
10:31:05,P63,a66b100759ac90574182f679dbc3d61a829dfeb000924a739945387104c51de5,3,5,-96
10:31:06,P6102,e2b38d35d6a93518fc1c2aea6ba8a5887dc0648b5aac4bc295df009a5c054b5a,0,11,-90
10:31:06,P67,1106d061fae6daab6b376d8521bd4ca4144c01f34a04cd34d56d31823cfb90f6,0,5,-96
10:31:08,P6102,b9baf3ea4b20da719626a3f181e190bba2064cafe9bd04ba9de3ea97fb65c6bf,0,11,-79
10:31:08,P6106,39b4ee00374a3f7672add5db987565d3b1636dadfe28177a69027b7d5fd90911,3,6,-83
10:31:08,P6105,3d4ffe9292ece145e9e0a76a9b8fb7a12fb43ab502b85a5160da33ee75e592c0,4,1,-86
10:31:10,P6106,39b4ee00374a3f7672add5db987565d3b1636dadfe28177a69027b7d5fd90911,3,6,-86
10:31:10,P678,77ddcbcac6c970f0a1e2bd5cb248d71577c91612891d45c3e05d78f13b6b04c4,0,1,-89
10:31:10,P67,94f9314af7b8a9710a58cef9a735ce4dbac17c9b226053764ac55dd2b5511bd5,0,5,-91
10:31:10,P66,7c28118dce6654900f09f716972c8b2f7aaba3eadfa8b014ea7a08e6e0a87966,3,5,-92
10:31:10,P68,3aff825636b113bf9d5553dcd301f2e1b82c61e81ca52befd86ecc9411d24fdf,3,5,-92
10:31:12,Cul de vieux goré,cd8e541eb141e8c7e0281c4fc3805c0ba9b4c443fb98f35a8a0a9cd48ddc8aab,3,1,-83
10:31:14,P695,7ddb6250af6d956ed387799a6023c3e99bf041b452daeae6fd6b24ff9b3ceb6f,0,6,-88
10:31:16,P6103,698c34757b25fd2e994e1404821da50d65fa33957d408c728ff7449ba32b7fc6,3,1,-94
10:31:18,P6102,940ac55a01f275a64740f4d7f2fe3874b822ccaee64444f4b265e0bb5f787dd4,0,1,-72
10:31:18,P68,3aff825636b113bf9d5553dcd301f2e1b82c61e81ca52befd86ecc9411d24fdf,3,5,-91
10:31:19,P672,6fd8d1c2037e7378ba5a48b10400b0b765669618229c4654c536bb446b5202e8,0,1,-87
10:31:19,P698,4185c3f6ca04fe05f33d49b039778f0fcfa070cfdbf1fc038428e78da2f0d320,5,6,-93
10:31:21,P6102,b9baf3ea4b20da719626a3f181e190bba2064cafe9bd04ba9de3ea97fb65c6bf,0,11,-81
10:31:21,P672,6fd8d1c2037e7378ba5a48b10400b0b765669618229c4654c536bb446b5202e8,0,1,-86
10:31:21,P6105,3d4ffe9292ece145e9e0a76a9b8fb7a12fb43ab502b85a5160da33ee75e592c0,4,1,-88
10:31:21,P694,59397d9586fc1aebc51b52512fb5895783f9f1561ca28372cada1bce2ce3d948,5,6,-91
10:31:21,Cul de vieux goré,cd8e541eb141e8c7e0281c4fc3805c0ba9b4c443fb98f35a8a0a9cd48ddc8aab,3,1,-94
10:31:23,P6102,b9baf3ea4b20da719626a3f181e190bba2064cafe9bd04ba9de3ea97fb65c6bf,0,11,-80
10:31:23,P672,6fd8d1c2037e7378ba5a48b10400b0b765669618229c4654c536bb446b5202e8,0,1,-87
10:31:23,P6104,97d43154617566e1e2f102578ae733ba05320133daaeccbe517eb9b26ca9e35d,4,1,-88
10:31:23,P6102,e2b38d35d6a93518fc1c2aea6ba8a5887dc0648b5aac4bc295df009a5c054b5a,0,11,-91
10:31:25,P6102,940ac55a01f275a64740f4d7f2fe3874b822ccaee64444f4b265e0bb5f787dd4,0,1,-79
10:31:27,P694,59397d9586fc1aebc51b52512fb5895783f9f1561ca28372cada1bce2ce3d948,5,6,-84
10:31:27,P6106,39b4ee00374a3f7672add5db987565d3b1636dadfe28177a69027b7d5fd90911,3,6,-84
10:31:27,P695,7ddb6250af6d956ed387799a6023c3e99bf041b452daeae6fd6b24ff9b3ceb6f,0,6,-85
10:31:29,P6102,b9baf3ea4b20da719626a3f181e190bba2064cafe9bd04ba9de3ea97fb65c6bf,0,11,-68
10:31:31,P6106,fab08bf7dd6fadca3b80c4cd27f6ce1ac9dd192033ea4261633adf1f5e9c6d01,3,6,-89
10:31:33,P695,7ddb6250af6d956ed387799a6023c3e99bf041b452daeae6fd6b24ff9b3ceb6f,0,6,-85
10:31:35,P695,7ddb6250af6d956ed387799a6023c3e99bf041b452daeae6fd6b24ff9b3ceb6f,0,6,-79
10:31:35,P694,59397d9586fc1aebc51b52512fb5895783f9f1561ca28372cada1bce2ce3d948,5,6,-79
10:31:35,P698,4185c3f6ca04fe05f33d49b039778f0fcfa070cfdbf1fc038428e78da2f0d320,5,6,-79
10:31:35,P6106,39b4ee00374a3f7672add5db987565d3b1636dadfe28177a69027b7d5fd90911,3,6,-79
10:31:36,P694,59397d9586fc1aebc51b52512fb5895783f9f1561ca28372cada1bce2ce3d948,5,6,-79
10:31:36,P695,7ddb6250af6d956ed387799a6023c3e99bf041b452daeae6fd6b24ff9b3ceb6f,0,6,-80
10:31:36,P6104,97d43154617566e1e2f102578ae733ba05320133daaeccbe517eb9b26ca9e35d,4,1,-87
10:31:38,P698,4185c3f6ca04fe05f33d49b039778f0fcfa070cfdbf1fc038428e78da2f0d320,5,6,-76
10:31:38,P695,7ddb6250af6d956ed387799a6023c3e99bf041b452daeae6fd6b24ff9b3ceb6f,0,6,-77
10:31:38,P694,59397d9586fc1aebc51b52512fb5895783f9f1561ca28372cada1bce2ce3d948,5,6,-77
10:31:38,P6106,39b4ee00374a3f7672add5db987565d3b1636dadfe28177a69027b7d5fd90911,3,6,-77
10:31:38,P67,94f9314af7b8a9710a58cef9a735ce4dbac17c9b226053764ac55dd2b5511bd5,0,5,-90
10:31:38,P66,7c28118dce6654900f09f716972c8b2f7aaba3eadfa8b014ea7a08e6e0a87966,3,5,-90
10:31:40,P68,3aff825636b113bf9d5553dcd301f2e1b82c61e81ca52befd86ecc9411d24fdf,3,5,-88
10:31:40,P67,94f9314af7b8a9710a58cef9a735ce4dbac17c9b226053764ac55dd2b5511bd5,0,5,-89
10:31:40,P66,7c28118dce6654900f09f716972c8b2f7aaba3eadfa8b014ea7a08e6e0a87966,3,5,-89
10:31:40,P67,4353f5ee5a98f257fe5ede5065fd001f5c9d05598f7a8ba485cf4e42b98e9919,0,5,-90
10:31:40,P69,5fbd4dbda8c16d2f9e0ebc70f811cf9fccef553a429b1f203a15a756d0e297e1,5,5,-91
10:31:42,P67,13caef057e9fd6a16833ca2cedd6e7173113aa66fe93a211de260a133c392795,0,13,-95
10:31:44,P698,4185c3f6ca04fe05f33d49b039778f0fcfa070cfdbf1fc038428e78da2f0d320,5,6,-80
10:31:44,P694,59397d9586fc1aebc51b52512fb5895783f9f1561ca28372cada1bce2ce3d948,5,6,-82
10:31:44,P695,decdf6012c03fc6ab40aeb5feeb7e596c026ec541a1286bce84ee1624df3936c,0,6,-88
10:31:44,P694,d9ff3c48dbcfeef32294ce8b03e62281c2c542b46cc24f30d0a2dc5167af7dfe,5,6,-89
10:31:44,P6106,fab08bf7dd6fadca3b80c4cd27f6ce1ac9dd192033ea4261633adf1f5e9c6d01,3,6,-90
10:31:44,P63,59bb16de183f570e9e9684c6c3b172598c02d9d4662345ddf9507cc50a92df53,3,9,-93
10:31:44,P69,2ef453db5bee3b2a3b781a8c8fe335a80d4116df64d33a0c35f29e5c902d606b,5,9,-95
10:31:46,P6102,940ac55a01f275a64740f4d7f2fe3874b822ccaee64444f4b265e0bb5f787dd4,0,1,-82
10:31:48,P6106,39b4ee00374a3f7672add5db987565d3b1636dadfe28177a69027b7d5fd90911,3,6,-79
10:31:48,P6102,e2b38d35d6a93518fc1c2aea6ba8a5887dc0648b5aac4bc295df009a5c054b5a,0,11,-91
10:31:50,P6102,b9baf3ea4b20da719626a3f181e190bba2064cafe9bd04ba9de3ea97fb65c6bf,0,11,-76
10:31:50,Cul de vieux goré,cd8e541eb141e8c7e0281c4fc3805c0ba9b4c443fb98f35a8a0a9cd48ddc8aab,3,1,-91
10:31:52,P6106,fab08bf7dd6fadca3b80c4cd27f6ce1ac9dd192033ea4261633adf1f5e9c6d01,3,6,-84
10:31:52,P67,00cc5f59ca1bdc9ff345e147629be7b1d99342a26d49586cf4b2b270ab8fc41e,0,5,-90
10:31:52,P68,08a5c4245df2609838ad2da7aeef677624bfb525ff9ab1ead172e0a05a6bb3fa,3,5,-90
10:31:52,P66,0d68564cc41242f8e5233205683a6acb7f8b25190d1179ba038a078cb79e8554,3,5,-91
10:31:53,P6102,e2b38d35d6a93518fc1c2aea6ba8a5887dc0648b5aac4bc295df009a5c054b5a,0,11,-90
10:31:53,P695,7ddb6250af6d956ed387799a6023c3e99bf041b452daeae6fd6b24ff9b3ceb6f,0,6,-91
10:31:53,P694,59397d9586fc1aebc51b52512fb5895783f9f1561ca28372cada1bce2ce3d948,5,6,-91
10:31:53,P6106,39b4ee00374a3f7672add5db987565d3b1636dadfe28177a69027b7d5fd90911,3,6,-91
10:31:55,P6106,fab08bf7dd6fadca3b80c4cd27f6ce1ac9dd192033ea4261633adf1f5e9c6d01,3,6,-89
10:31:55,P694,59397d9586fc1aebc51b52512fb5895783f9f1561ca28372cada1bce2ce3d948,5,6,-90
10:31:55,P694,d9ff3c48dbcfeef32294ce8b03e62281c2c542b46cc24f30d0a2dc5167af7dfe,5,6,-90
10:31:55,P695,decdf6012c03fc6ab40aeb5feeb7e596c026ec541a1286bce84ee1624df3936c,0,6,-91
10:31:57,P6106,39b4ee00374a3f7672add5db987565d3b1636dadfe28177a69027b7d5fd90911,3,6,-87
10:31:57,P695,7ddb6250af6d956ed387799a6023c3e99bf041b452daeae6fd6b24ff9b3ceb6f,0,6,-88
10:31:57,P694,59397d9586fc1aebc51b52512fb5895783f9f1561ca28372cada1bce2ce3d948,5,6,-88
10:31:59,P6102,e2b38d35d6a93518fc1c2aea6ba8a5887dc0648b5aac4bc295df009a5c054b5a,0,11,-85
10:31:59,P6106,fab08bf7dd6fadca3b80c4cd27f6ce1ac9dd192033ea4261633adf1f5e9c6d01,3,6,-91
10:32:01,P6102,b9baf3ea4b20da719626a3f181e190bba2064cafe9bd04ba9de3ea97fb65c6bf,0,11,-84
10:32:01,P6102,e2b38d35d6a93518fc1c2aea6ba8a5887dc0648b5aac4bc295df009a5c054b5a,0,11,-87
10:32:01,P67,ab0a7c25c6f423c4b90f8ab45dc726fba39d072a9d609a479623f3075aaf3f73,0,5,-94
10:32:05,P695,7ddb6250af6d956ed387799a6023c3e99bf041b452daeae6fd6b24ff9b3ceb6f,0,6,-88
10:32:05,P67,00cc5f59ca1bdc9ff345e147629be7b1d99342a26d49586cf4b2b270ab8fc41e,0,5,-91
10:32:07,P66,0d68564cc41242f8e5233205683a6acb7f8b25190d1179ba038a078cb79e8554,3,5,-93
10:32:07,P68,08a5c4245df2609838ad2da7aeef677624bfb525ff9ab1ead172e0a05a6bb3fa,3,5,-93
10:32:09,P6102,940ac55a01f275a64740f4d7f2fe3874b822ccaee64444f4b265e0bb5f787dd4,0,1,-72
10:32:09,P6106,39b4ee00374a3f7672add5db987565d3b1636dadfe28177a69027b7d5fd90911,3,6,-90
10:32:09,P63,05f95eba51ac9dadfd3f868cb6d04cfb0017a67b0d07489b346ff072c884e461,3,5,-92
10:32:09,P69,d9fe9e5b950ef09468a1675977d58f324d548e19aaded957c03025d93c839de7,5,5,-93
10:32:10,P68,92a949cb653a60d7f29d6a8e40de7ced76a65919887d615f8596a98cd808630a,3,5,-91
10:32:10,P66,c7f9610982dd54f7074403902f122be75ce70a52f87cccb874ecc54af08f7481,3,5,-92
10:32:12,P6102,940ac55a01f275a64740f4d7f2fe3874b822ccaee64444f4b265e0bb5f787dd4,0,1,-69
10:32:12,P66,912716f585c4e1a96bb4b268f64f83e06e33c64c46505e9298b5cc3034ba8599,3,5,-92
10:32:12,P69,a26af2566f6d66c7ee4008b3ff138bae9c0d9638890102333439c30847cf6d61,5,5,-92
10:32:12,P68,a6ee92f9874c6db110b8a546e5bfa7470a928311815dc8468e9cb4dabf6437fc,3,5,-94
10:32:12,P68,fefb10f36962cf57654b9dc5a9cedb1bff01f07a3f04f782dc46710ae460d88f,3,13,-96
10:32:14,P69,71c8d7a4e958d4181df8a58a4eaf1b9114e295d1086040c7a7819d5b62f6868d,5,5,-92
10:32:14,P63,a66b100759ac90574182f679dbc3d61a829dfeb000924a739945387104c51de5,3,5,-92
10:32:16,P6102,940ac55a01f275a64740f4d7f2fe3874b822ccaee64444f4b265e0bb5f787dd4,0,1,-75
10:32:16,P69,5fbd4dbda8c16d2f9e0ebc70f811cf9fccef553a429b1f203a15a756d0e297e1,5,5,-90
10:32:16,P698,4185c3f6ca04fe05f33d49b039778f0fcfa070cfdbf1fc038428e78da2f0d320,5,6,-91
10:32:16,P63,4c9b9b7921c60adada5801762daa34f799feff8dd70136e3af8f242812391b6a,3,5,-92
10:32:16,P63,e5ae075101d7017bd9d52fdaba7640bb2baca714205edaff823586f2fabe45ed,3,13,-94
10:32:16,P66,b40503deb0c44a23babf2605afb0827ed221cfa9165a596b387cd573c4690ffa,3,5,-95
10:32:16,P69,f915639ed7526b9886773139dc50e04df0df6eca6b4b6c9cca2ac3f55bd4f579,5,13,-95
10:32:16,P67,b62d64f6093b288fb7703c22dbadab975fc45b04fae1ac8d16d7752a17537459,0,5,-97
10:32:18,P678,77ddcbcac6c970f0a1e2bd5cb248d71577c91612891d45c3e05d78f13b6b04c4,0,1,-87
10:32:20,P694,59397d9586fc1aebc51b52512fb5895783f9f1561ca28372cada1bce2ce3d948,5,6,-85
10:32:20,P695,7ddb6250af6d956ed387799a6023c3e99bf041b452daeae6fd6b24ff9b3ceb6f,0,6,-86
10:32:22,P67,4353f5ee5a98f257fe5ede5065fd001f5c9d05598f7a8ba485cf4e42b98e9919,0,5,-91
10:32:22,P66,c7f9610982dd54f7074403902f122be75ce70a52f87cccb874ecc54af08f7481,3,5,-92
10:32:22,P63,4c9b9b7921c60adada5801762daa34f799feff8dd70136e3af8f242812391b6a,3,5,-93
10:32:22,P69,5fbd4dbda8c16d2f9e0ebc70f811cf9fccef553a429b1f203a15a756d0e297e1,5,5,-94
10:32:24,P694,59397d9586fc1aebc51b52512fb5895783f9f1561ca28372cada1bce2ce3d948,5,6,-81
10:32:24,P698,4185c3f6ca04fe05f33d49b039778f0fcfa070cfdbf1fc038428e78da2f0d320,5,6,-84
10:32:24,P695,7ddb6250af6d956ed387799a6023c3e99bf041b452daeae6fd6b24ff9b3ceb6f,0,6,-85
10:32:26,P6102,940ac55a01f275a64740f4d7f2fe3874b822ccaee64444f4b265e0bb5f787dd4,0,1,-76
10:32:26,P695,7ddb6250af6d956ed387799a6023c3e99bf041b452daeae6fd6b24ff9b3ceb6f,0,6,-76
10:32:26,P694,59397d9586fc1aebc51b52512fb5895783f9f1561ca28372cada1bce2ce3d948,5,6,-76
10:32:26,P698,4185c3f6ca04fe05f33d49b039778f0fcfa070cfdbf1fc038428e78da2f0d320,5,6,-76
10:32:26,P6106,39b4ee00374a3f7672add5db987565d3b1636dadfe28177a69027b7d5fd90911,3,6,-76
10:32:26,P6103,698c34757b25fd2e994e1404821da50d65fa33957d408c728ff7449ba32b7fc6,3,1,-94
10:32:28,P6102,940ac55a01f275a64740f4d7f2fe3874b822ccaee64444f4b265e0bb5f787dd4,0,1,-71
10:32:28,P694,59397d9586fc1aebc51b52512fb5895783f9f1561ca28372cada1bce2ce3d948,5,6,-77
10:32:28,P695,7ddb6250af6d956ed387799a6023c3e99bf041b452daeae6fd6b24ff9b3ceb6f,0,6,-78
10:32:28,P667,48ba618e364b50064a4e3e9c53dacbbe03a306d163d644fb858e8416ffb1d9cb,3,10,-92
10:32:29,P6106,fab08bf7dd6fadca3b80c4cd27f6ce1ac9dd192033ea4261633adf1f5e9c6d01,3,6,-95
10:32:29,P69,e4d907ee604e9de63be3586ee4537886dcbc8d9eace883ad7963163f4b12a4a6,5,5,-96
10:32:31,P6102,940ac55a01f275a64740f4d7f2fe3874b822ccaee64444f4b265e0bb5f787dd4,0,1,-72
10:32:31,P698,4185c3f6ca04fe05f33d49b039778f0fcfa070cfdbf1fc038428e78da2f0d320,5,6,-82
10:32:31,P67,13caef057e9fd6a16833ca2cedd6e7173113aa66fe93a211de260a133c392795,0,13,-91
10:32:31,P68,fefb10f36962cf57654b9dc5a9cedb1bff01f07a3f04f782dc46710ae460d88f,3,13,-92
10:32:31,P66,34f5a476b2d8fa9c4668f78b6556c3d7f8d393a55607644bc0a817b997444dc1,3,13,-93
10:32:31,P69,f915639ed7526b9886773139dc50e04df0df6eca6b4b6c9cca2ac3f55bd4f579,5,13,-93
10:32:31,P68,3aff825636b113bf9d5553dcd301f2e1b82c61e81ca52befd86ecc9411d24fdf,3,5,-94
10:32:31,P63,e5ae075101d7017bd9d52fdaba7640bb2baca714205edaff823586f2fabe45ed,3,13,-96
10:32:31,P66,7c28118dce6654900f09f716972c8b2f7aaba3eadfa8b014ea7a08e6e0a87966,3,5,-97
10:32:33,P67,1a05535977a77dab097336ef3bf4ad808fdb9510f0fe5a0d842d08087cb7d4a1,0,9,-89
10:32:33,P67,00cc5f59ca1bdc9ff345e147629be7b1d99342a26d49586cf4b2b270ab8fc41e,0,5,-90
10:32:33,P66,904c6eeb208bf35589a5d85b6b9b7df6d8d7c69e5d0254fb5c0f893d244178f3,3,9,-93
10:32:33,P69,2ef453db5bee3b2a3b781a8c8fe335a80d4116df64d33a0c35f29e5c902d606b,5,9,-93
10:32:33,P68,a551ffd8097fc93a3a299af31b9ae75a4bfc1e1d1ef43c9d50d991e7308fcdad,3,9,-94
10:32:33,P63,59bb16de183f570e9e9684c6c3b172598c02d9d4662345ddf9507cc50a92df53,3,9,-95
10:32:35,P68,08a5c4245df2609838ad2da7aeef677624bfb525ff9ab1ead172e0a05a6bb3fa,3,5,-85
10:32:35,P67,00cc5f59ca1bdc9ff345e147629be7b1d99342a26d49586cf4b2b270ab8fc41e,0,5,-86
10:32:35,P66,0d68564cc41242f8e5233205683a6acb7f8b25190d1179ba038a078cb79e8554,3,5,-86
10:32:35,P69,71c8d7a4e958d4181df8a58a4eaf1b9114e295d1086040c7a7819d5b62f6868d,5,5,-86
10:32:35,P66,c7f9610982dd54f7074403902f122be75ce70a52f87cccb874ecc54af08f7481,3,5,-88
10:32:35,P67,4353f5ee5a98f257fe5ede5065fd001f5c9d05598f7a8ba485cf4e42b98e9919,0,5,-89
10:32:35,P67,94f9314af7b8a9710a58cef9a735ce4dbac17c9b226053764ac55dd2b5511bd5,0,5,-89
10:32:35,P68,92a949cb653a60d7f29d6a8e40de7ced76a65919887d615f8596a98cd808630a,3,5,-90
10:32:37,P6102,b9baf3ea4b20da719626a3f181e190bba2064cafe9bd04ba9de3ea97fb65c6bf,0,11,-78
10:32:37,P69,71c8d7a4e958d4181df8a58a4eaf1b9114e295d1086040c7a7819d5b62f6868d,5,5,-90
10:32:37,P68,f455080ee4ac794af1a82ffce10fa6be5d0b1e1c062debc7b9b61d5215eeb8ed,3,13,-93
10:32:37,P67,10dcc2cb3fa0e853f94e830e7e4c46691d6604c12676273ee855b2917f7fd096,0,13,-95
10:32:37,P66,55b56ed73908c768b3e51b04990621b5f15585ceaee116dad73dda330a1762f8,3,13,-95
10:32:37,P63,e5ae075101d7017bd9d52fdaba7640bb2baca714205edaff823586f2fabe45ed,3,13,-97
10:32:39,P6102,b9baf3ea4b20da719626a3f181e190bba2064cafe9bd04ba9de3ea97fb65c6bf,0,11,-78
10:32:39,P6102,8b5d38128cb17c2ec9cdfeda17732077d8b938527b04dadf89b81627c366a6a6,0,1,-89
10:32:39,P69,a81a446607bcddf0e0b80f1c8e40e3e3a1d34ce85b862b580c959cc2b1f3831a,5,13,-94
10:32:41,P698,4185c3f6ca04fe05f33d49b039778f0fcfa070cfdbf1fc038428e78da2f0d320,5,6,-84
10:32:41,P67,94f9314af7b8a9710a58cef9a735ce4dbac17c9b226053764ac55dd2b5511bd5,0,5,-94
10:32:41,P68,3aff825636b113bf9d5553dcd301f2e1b82c61e81ca52befd86ecc9411d24fdf,3,5,-95
10:32:43,P6102,b9baf3ea4b20da719626a3f181e190bba2064cafe9bd04ba9de3ea97fb65c6bf,0,11,-75
10:32:43,P66,c43dbd2bbf91c9ea6df2658c97edfd73376c42ec29a93f82d091f3732ea96ffa,3,5,-90
10:32:43,P68,d8b1af262bfe33f24c3f761a5c4f314dee430659ec17cefef8b6a29fdef8cbac,3,5,-92
10:32:43,P69,22f597205375a0efb9c827fe584d522953e855854d7bce638c84d4d58cd0cf99,5,5,-92
10:32:45,P63,a66b100759ac90574182f679dbc3d61a829dfeb000924a739945387104c51de5,3,5,-96
10:32:47,P6102,940ac55a01f275a64740f4d7f2fe3874b822ccaee64444f4b265e0bb5f787dd4,0,1,-81
10:32:47,P69,5fbd4dbda8c16d2f9e0ebc70f811cf9fccef553a429b1f203a15a756d0e297e1,5,5,-91
10:32:49,P6102,b9baf3ea4b20da719626a3f181e190bba2064cafe9bd04ba9de3ea97fb65c6bf,0,11,-65
10:32:49,P695,decdf6012c03fc6ab40aeb5feeb7e596c026ec541a1286bce84ee1624df3936c,0,6,-81
10:32:49,P694,d9ff3c48dbcfeef32294ce8b03e62281c2c542b46cc24f30d0a2dc5167af7dfe,5,6,-82
10:32:49,P698,272efd8437695ccb0beb8ef156d781f089b34c610e31eedebb3f0e1107330909,5,6,-82
10:32:49,P6106,fab08bf7dd6fadca3b80c4cd27f6ce1ac9dd192033ea4261633adf1f5e9c6d01,3,6,-82
10:32:51,P695,decdf6012c03fc6ab40aeb5feeb7e596c026ec541a1286bce84ee1624df3936c,0,6,-88
10:32:51,P694,d9ff3c48dbcfeef32294ce8b03e62281c2c542b46cc24f30d0a2dc5167af7dfe,5,6,-88
10:32:51,P6102,e2b38d35d6a93518fc1c2aea6ba8a5887dc0648b5aac4bc295df009a5c054b5a,0,11,-91
10:32:53,P694,d9ff3c48dbcfeef32294ce8b03e62281c2c542b46cc24f30d0a2dc5167af7dfe,5,6,-90
10:32:58,P6102,b9baf3ea4b20da719626a3f181e190bba2064cafe9bd04ba9de3ea97fb65c6bf,0,11,-81
10:32:58,P6102,8b5d38128cb17c2ec9cdfeda17732077d8b938527b04dadf89b81627c366a6a6,0,1,-82
10:33:00,P695,decdf6012c03fc6ab40aeb5feeb7e596c026ec541a1286bce84ee1624df3936c,0,6,-85
10:33:00,P698,272efd8437695ccb0beb8ef156d781f089b34c610e31eedebb3f0e1107330909,5,6,-85
10:33:00,P6106,fab08bf7dd6fadca3b80c4cd27f6ce1ac9dd192033ea4261633adf1f5e9c6d01,3,6,-85
10:33:00,P694,d9ff3c48dbcfeef32294ce8b03e62281c2c542b46cc24f30d0a2dc5167af7dfe,5,6,-86
10:33:02,P6102,e2b38d35d6a93518fc1c2aea6ba8a5887dc0648b5aac4bc295df009a5c054b5a,0,11,-79
10:33:02,P6102,b9baf3ea4b20da719626a3f181e190bba2064cafe9bd04ba9de3ea97fb65c6bf,0,11,-83
10:33:02,P6106,fab08bf7dd6fadca3b80c4cd27f6ce1ac9dd192033ea4261633adf1f5e9c6d01,3,6,-88
10:33:02,P694,d9ff3c48dbcfeef32294ce8b03e62281c2c542b46cc24f30d0a2dc5167af7dfe,5,6,-89
10:33:02,P695,decdf6012c03fc6ab40aeb5feeb7e596c026ec541a1286bce84ee1624df3936c,0,6,-90
10:33:04,P6102,e2b38d35d6a93518fc1c2aea6ba8a5887dc0648b5aac4bc295df009a5c054b5a,0,11,-80
10:33:04,P67,4353f5ee5a98f257fe5ede5065fd001f5c9d05598f7a8ba485cf4e42b98e9919,0,5,-86
10:33:04,P69,5fbd4dbda8c16d2f9e0ebc70f811cf9fccef553a429b1f203a15a756d0e297e1,5,5,-87
10:33:04,P694,d9ff3c48dbcfeef32294ce8b03e62281c2c542b46cc24f30d0a2dc5167af7dfe,5,6,-87
10:33:04,P6106,fab08bf7dd6fadca3b80c4cd27f6ce1ac9dd192033ea4261633adf1f5e9c6d01,3,6,-87
10:33:04,P695,decdf6012c03fc6ab40aeb5feeb7e596c026ec541a1286bce84ee1624df3936c,0,6,-89
10:33:06,P6102,b9baf3ea4b20da719626a3f181e190bba2064cafe9bd04ba9de3ea97fb65c6bf,0,11,-73
10:33:08,P6102,b9baf3ea4b20da719626a3f181e190bba2064cafe9bd04ba9de3ea97fb65c6bf,0,11,-79
10:33:08,P6102,8b5d38128cb17c2ec9cdfeda17732077d8b938527b04dadf89b81627c366a6a6,0,1,-80
10:33:08,P694,d9ff3c48dbcfeef32294ce8b03e62281c2c542b46cc24f30d0a2dc5167af7dfe,5,6,-86
10:33:08,P698,272efd8437695ccb0beb8ef156d781f089b34c610e31eedebb3f0e1107330909,5,6,-86
10:33:08,P6106,fab08bf7dd6fadca3b80c4cd27f6ce1ac9dd192033ea4261633adf1f5e9c6d01,3,6,-86
10:33:08,P695,decdf6012c03fc6ab40aeb5feeb7e596c026ec541a1286bce84ee1624df3936c,0,6,-87
10:33:09,P6106,fab08bf7dd6fadca3b80c4cd27f6ce1ac9dd192033ea4261633adf1f5e9c6d01,3,6,-88
10:33:11,P694,59397d9586fc1aebc51b52512fb5895783f9f1561ca28372cada1bce2ce3d948,5,6,-90
10:33:11,P698,4185c3f6ca04fe05f33d49b039778f0fcfa070cfdbf1fc038428e78da2f0d320,5,6,-91
10:33:13,P695,decdf6012c03fc6ab40aeb5feeb7e596c026ec541a1286bce84ee1624df3936c,0,6,-88
10:33:13,P694,d9ff3c48dbcfeef32294ce8b03e62281c2c542b46cc24f30d0a2dc5167af7dfe,5,6,-88
10:33:13,P698,272efd8437695ccb0beb8ef156d781f089b34c610e31eedebb3f0e1107330909,5,6,-89
10:33:13,P6106,fab08bf7dd6fadca3b80c4cd27f6ce1ac9dd192033ea4261633adf1f5e9c6d01,3,6,-90
10:33:15,P6102,b9baf3ea4b20da719626a3f181e190bba2064cafe9bd04ba9de3ea97fb65c6bf,0,11,-80
10:33:15,P6106,fab08bf7dd6fadca3b80c4cd27f6ce1ac9dd192033ea4261633adf1f5e9c6d01,3,6,-87
10:33:15,P69,d9fe9e5b950ef09468a1675977d58f324d548e19aaded957c03025d93c839de7,5,5,-92
10:33:17,P6107,78bf810b923b849de4c01bc0952fb2fdb61b8f2ad3ed41612f884f25611d40ee,3,6,-87
10:33:17,P67,4353f5ee5a98f257fe5ede5065fd001f5c9d05598f7a8ba485cf4e42b98e9919,0,5,-89
10:33:17,P68,a551ffd8097fc93a3a299af31b9ae75a4bfc1e1d1ef43c9d50d991e7308fcdad,3,9,-96
10:33:17,P66,904c6eeb208bf35589a5d85b6b9b7df6d8d7c69e5d0254fb5c0f893d244178f3,3,9,-97
10:33:19,P695,decdf6012c03fc6ab40aeb5feeb7e596c026ec541a1286bce84ee1624df3936c,0,6,-90
10:33:21,P694,d9ff3c48dbcfeef32294ce8b03e62281c2c542b46cc24f30d0a2dc5167af7dfe,5,6,-85
10:33:21,P695,decdf6012c03fc6ab40aeb5feeb7e596c026ec541a1286bce84ee1624df3936c,0,6,-86
10:33:21,P6106,fab08bf7dd6fadca3b80c4cd27f6ce1ac9dd192033ea4261633adf1f5e9c6d01,3,6,-86
10:33:23,P6102,940ac55a01f275a64740f4d7f2fe3874b822ccaee64444f4b265e0bb5f787dd4,0,1,-85
10:33:26,P695,decdf6012c03fc6ab40aeb5feeb7e596c026ec541a1286bce84ee1624df3936c,0,6,-91
10:33:28,P6102,940ac55a01f275a64740f4d7f2fe3874b822ccaee64444f4b265e0bb5f787dd4,0,1,-88
10:33:30,P6102,940ac55a01f275a64740f4d7f2fe3874b822ccaee64444f4b265e0bb5f787dd4,0,1,-83
10:33:32,P695,decdf6012c03fc6ab40aeb5feeb7e596c026ec541a1286bce84ee1624df3936c,0,6,-84
10:33:32,P694,d9ff3c48dbcfeef32294ce8b03e62281c2c542b46cc24f30d0a2dc5167af7dfe,5,6,-84
10:33:34,P6102,b9baf3ea4b20da719626a3f181e190bba2064cafe9bd04ba9de3ea97fb65c6bf,0,11,-67
10:33:34,P694,59397d9586fc1aebc51b52512fb5895783f9f1561ca28372cada1bce2ce3d948,5,6,-88
10:33:34,P695,7ddb6250af6d956ed387799a6023c3e99bf041b452daeae6fd6b24ff9b3ceb6f,0,6,-89
10:33:34,P6106,39b4ee00374a3f7672add5db987565d3b1636dadfe28177a69027b7d5fd90911,3,6,-89
10:33:34,P695,decdf6012c03fc6ab40aeb5feeb7e596c026ec541a1286bce84ee1624df3936c,0,6,-90
10:33:34,P6104,97d43154617566e1e2f102578ae733ba05320133daaeccbe517eb9b26ca9e35d,4,1,-92
10:33:36,P6102,b9baf3ea4b20da719626a3f181e190bba2064cafe9bd04ba9de3ea97fb65c6bf,0,11,-64
10:33:36,P6106,fab08bf7dd6fadca3b80c4cd27f6ce1ac9dd192033ea4261633adf1f5e9c6d01,3,6,-91
10:33:38,P695,decdf6012c03fc6ab40aeb5feeb7e596c026ec541a1286bce84ee1624df3936c,0,6,-88
10:33:38,P694,d9ff3c48dbcfeef32294ce8b03e62281c2c542b46cc24f30d0a2dc5167af7dfe,5,6,-88
10:33:38,P6106,fab08bf7dd6fadca3b80c4cd27f6ce1ac9dd192033ea4261633adf1f5e9c6d01,3,6,-88
10:33:39,P6107,78bf810b923b849de4c01bc0952fb2fdb61b8f2ad3ed41612f884f25611d40ee,3,6,-83
10:33:41,P6107,78bf810b923b849de4c01bc0952fb2fdb61b8f2ad3ed41612f884f25611d40ee,3,6,-88
10:33:41,P694,59397d9586fc1aebc51b52512fb5895783f9f1561ca28372cada1bce2ce3d948,5,6,-88
10:33:41,P698,4185c3f6ca04fe05f33d49b039778f0fcfa070cfdbf1fc038428e78da2f0d320,5,6,-88
10:33:41,P6106,39b4ee00374a3f7672add5db987565d3b1636dadfe28177a69027b7d5fd90911,3,6,-89
10:33:41,P695,decdf6012c03fc6ab40aeb5feeb7e596c026ec541a1286bce84ee1624df3936c,0,6,-90
10:33:41,P6106,fab08bf7dd6fadca3b80c4cd27f6ce1ac9dd192033ea4261633adf1f5e9c6d01,3,6,-90
10:33:43,P6102,b9baf3ea4b20da719626a3f181e190bba2064cafe9bd04ba9de3ea97fb65c6bf,0,11,-67
10:33:43,P6105,3d4ffe9292ece145e9e0a76a9b8fb7a12fb43ab502b85a5160da33ee75e592c0,4,1,-91
10:33:45,P6106,39b4ee00374a3f7672add5db987565d3b1636dadfe28177a69027b7d5fd90911,3,6,-81
10:33:45,P695,7ddb6250af6d956ed387799a6023c3e99bf041b452daeae6fd6b24ff9b3ceb6f,0,6,-81
10:33:45,P694,59397d9586fc1aebc51b52512fb5895783f9f1561ca28372cada1bce2ce3d948,5,6,-81
10:33:45,P6107,78bf810b923b849de4c01bc0952fb2fdb61b8f2ad3ed41612f884f25611d40ee,3,6,-83
10:33:47,P695,7ddb6250af6d956ed387799a6023c3e99bf041b452daeae6fd6b24ff9b3ceb6f,0,6,-84
10:33:47,P694,59397d9586fc1aebc51b52512fb5895783f9f1561ca28372cada1bce2ce3d948,5,6,-84
10:33:47,P6107,78bf810b923b849de4c01bc0952fb2fdb61b8f2ad3ed41612f884f25611d40ee,3,6,-86
10:33:47,P6104,97d43154617566e1e2f102578ae733ba05320133daaeccbe517eb9b26ca9e35d,4,1,-94
10:33:49,P6102,940ac55a01f275a64740f4d7f2fe3874b822ccaee64444f4b265e0bb5f787dd4,0,1,-79
10:33:49,P6107,78bf810b923b849de4c01bc0952fb2fdb61b8f2ad3ed41612f884f25611d40ee,3,6,-83
10:33:51,P698,4185c3f6ca04fe05f33d49b039778f0fcfa070cfdbf1fc038428e78da2f0d320,5,6,-82
10:33:51,P6107,78bf810b923b849de4c01bc0952fb2fdb61b8f2ad3ed41612f884f25611d40ee,3,6,-88
10:33:53,P6102,b9baf3ea4b20da719626a3f181e190bba2064cafe9bd04ba9de3ea97fb65c6bf,0,11,-78
10:33:55,P6102,b9baf3ea4b20da719626a3f181e190bba2064cafe9bd04ba9de3ea97fb65c6bf,0,11,-71
10:33:56,P6105,3d4ffe9292ece145e9e0a76a9b8fb7a12fb43ab502b85a5160da33ee75e592c0,4,1,-91
10:33:58,P694,59397d9586fc1aebc51b52512fb5895783f9f1561ca28372cada1bce2ce3d948,5,6,-84
10:33:58,P698,4185c3f6ca04fe05f33d49b039778f0fcfa070cfdbf1fc038428e78da2f0d320,5,6,-87
10:34:00,P698,4185c3f6ca04fe05f33d49b039778f0fcfa070cfdbf1fc038428e78da2f0d320,5,6,-83
10:34:00,P6106,39b4ee00374a3f7672add5db987565d3b1636dadfe28177a69027b7d5fd90911,3,6,-83
10:34:00,P695,7ddb6250af6d956ed387799a6023c3e99bf041b452daeae6fd6b24ff9b3ceb6f,0,6,-85
10:34:00,P694,59397d9586fc1aebc51b52512fb5895783f9f1561ca28372cada1bce2ce3d948,5,6,-85
10:34:02,P6102,b9baf3ea4b20da719626a3f181e190bba2064cafe9bd04ba9de3ea97fb65c6bf,0,11,-77
10:34:04,P6105,3d4ffe9292ece145e9e0a76a9b8fb7a12fb43ab502b85a5160da33ee75e592c0,4,1,-89
10:34:06,P6107,78bf810b923b849de4c01bc0952fb2fdb61b8f2ad3ed41612f884f25611d40ee,3,6,-84
10:34:06,P672,6fd8d1c2037e7378ba5a48b10400b0b765669618229c4654c536bb446b5202e8,0,1,-89
10:34:06,P6105,3d4ffe9292ece145e9e0a76a9b8fb7a12fb43ab502b85a5160da33ee75e592c0,4,1,-89
10:34:11,P6106,39b4ee00374a3f7672add5db987565d3b1636dadfe28177a69027b7d5fd90911,3,6,-91
10:34:15,P6105,3d4ffe9292ece145e9e0a76a9b8fb7a12fb43ab502b85a5160da33ee75e592c0,4,1,-87
10:34:19,P6102,b9baf3ea4b20da719626a3f181e190bba2064cafe9bd04ba9de3ea97fb65c6bf,0,11,-88
10:34:19,Cul de vieux goré,cd8e541eb141e8c7e0281c4fc3805c0ba9b4c443fb98f35a8a0a9cd48ddc8aab,3,1,-90
10:34:22,P6105,3d4ffe9292ece145e9e0a76a9b8fb7a12fb43ab502b85a5160da33ee75e592c0,4,1,-87
10:34:22,P6102,b9baf3ea4b20da719626a3f181e190bba2064cafe9bd04ba9de3ea97fb65c6bf,0,11,-88
10:34:24,P6103,698c34757b25fd2e994e1404821da50d65fa33957d408c728ff7449ba32b7fc6,3,1,-82
10:34:26,P6103,698c34757b25fd2e994e1404821da50d65fa33957d408c728ff7449ba32b7fc6,3,1,-75
10:34:26,Cul de vieux goré,cd8e541eb141e8c7e0281c4fc3805c0ba9b4c443fb98f35a8a0a9cd48ddc8aab,3,1,-88
10:34:33,P6103,698c34757b25fd2e994e1404821da50d65fa33957d408c728ff7449ba32b7fc6,3,1,-85
10:34:39,P6103,698c34757b25fd2e994e1404821da50d65fa33957d408c728ff7449ba32b7fc6,3,1,-82
10:34:41,P6104,97d43154617566e1e2f102578ae733ba05320133daaeccbe517eb9b26ca9e35d,4,1,-92
10:34:42,P6103,698c34757b25fd2e994e1404821da50d65fa33957d408c728ff7449ba32b7fc6,3,1,-88
10:34:42,P6102,b9baf3ea4b20da719626a3f181e190bba2064cafe9bd04ba9de3ea97fb65c6bf,0,11,-90
10:34:42,P6106,b1e740e76e21075f2cf28130c30433d191cd243adbb5360a576d55c9672844f4,3,11,-96
10:34:48,P6103,698c34757b25fd2e994e1404821da50d65fa33957d408c728ff7449ba32b7fc6,3,1,-81
10:34:48,P672,288873aeb3f04d227cf61a1739287bea266017fff79a5effdbd44be654c29ee4,0,11,-89
10:34:50,P672,288873aeb3f04d227cf61a1739287bea266017fff79a5effdbd44be654c29ee4,0,11,-87
10:34:52,P672,288873aeb3f04d227cf61a1739287bea266017fff79a5effdbd44be654c29ee4,0,11,-87
10:34:52,P6103,698c34757b25fd2e994e1404821da50d65fa33957d408c728ff7449ba32b7fc6,3,1,-90
10:34:53,P6103,698c34757b25fd2e994e1404821da50d65fa33957d408c728ff7449ba32b7fc6,3,1,-81
10:34:53,P672,288873aeb3f04d227cf61a1739287bea266017fff79a5effdbd44be654c29ee4,0,11,-83
10:34:55,P6103,698c34757b25fd2e994e1404821da50d65fa33957d408c728ff7449ba32b7fc6,3,1,-87
10:34:55,P672,288873aeb3f04d227cf61a1739287bea266017fff79a5effdbd44be654c29ee4,0,11,-87
10:34:57,P672,288873aeb3f04d227cf61a1739287bea266017fff79a5effdbd44be654c29ee4,0,11,-83
10:34:57,Cul de vieux goré,cd8e541eb141e8c7e0281c4fc3805c0ba9b4c443fb98f35a8a0a9cd48ddc8aab,3,1,-88
10:34:59,P6103,698c34757b25fd2e994e1404821da50d65fa33957d408c728ff7449ba32b7fc6,3,1,-80
10:35:01,Cul de vieux goré,cd8e541eb141e8c7e0281c4fc3805c0ba9b4c443fb98f35a8a0a9cd48ddc8aab,3,1,-82
10:35:05,Cul de vieux goré,cd8e541eb141e8c7e0281c4fc3805c0ba9b4c443fb98f35a8a0a9cd48ddc8aab,3,1,-83
10:35:06,Cul de vieux goré,cd8e541eb141e8c7e0281c4fc3805c0ba9b4c443fb98f35a8a0a9cd48ddc8aab,3,1,-76
10:35:06,P6103,698c34757b25fd2e994e1404821da50d65fa33957d408c728ff7449ba32b7fc6,3,1,-87
10:35:08,Cul de vieux goré,cd8e541eb141e8c7e0281c4fc3805c0ba9b4c443fb98f35a8a0a9cd48ddc8aab,3,1,-78
10:35:10,Cul de vieux goré,cd8e541eb141e8c7e0281c4fc3805c0ba9b4c443fb98f35a8a0a9cd48ddc8aab,3,1,-74
10:35:12,P6102,adbd11643006f2545308906677c20b7d65310d31e4e5d302f63e1e6d94215e9d,0,11,-90
10:35:16,P6103,698c34757b25fd2e994e1404821da50d65fa33957d408c728ff7449ba32b7fc6,3,1,-82
10:35:16,P6102,adbd11643006f2545308906677c20b7d65310d31e4e5d302f63e1e6d94215e9d,0,11,-89
10:35:19,P6103,698c34757b25fd2e994e1404821da50d65fa33957d408c728ff7449ba32b7fc6,3,1,-82
10:35:19,Cul de vieux goré,cd8e541eb141e8c7e0281c4fc3805c0ba9b4c443fb98f35a8a0a9cd48ddc8aab,3,1,-85
10:35:22,Cul de vieux goré,cd8e541eb141e8c7e0281c4fc3805c0ba9b4c443fb98f35a8a0a9cd48ddc8aab,3,1,-87
10:35:22,P672,288873aeb3f04d227cf61a1739287bea266017fff79a5effdbd44be654c29ee4,0,11,-87
10:35:23,P672,288873aeb3f04d227cf61a1739287bea266017fff79a5effdbd44be654c29ee4,0,11,-90
10:35:31,Cul de vieux goré,cd8e541eb141e8c7e0281c4fc3805c0ba9b4c443fb98f35a8a0a9cd48ddc8aab,3,1,-85
10:35:31,P6102,adbd11643006f2545308906677c20b7d65310d31e4e5d302f63e1e6d94215e9d,0,11,-86
10:35:33,Cul de vieux goré,cd8e541eb141e8c7e0281c4fc3805c0ba9b4c443fb98f35a8a0a9cd48ddc8aab,3,1,-85
10:35:34,P6102,b9baf3ea4b20da719626a3f181e190bba2064cafe9bd04ba9de3ea97fb65c6bf,0,11,-91
10:35:34,P6104,97d43154617566e1e2f102578ae733ba05320133daaeccbe517eb9b26ca9e35d,4,1,-95
10:35:38,Cul de vieux goré,cd8e541eb141e8c7e0281c4fc3805c0ba9b4c443fb98f35a8a0a9cd48ddc8aab,3,1,-84
10:35:38,P6102,b9baf3ea4b20da719626a3f181e190bba2064cafe9bd04ba9de3ea97fb65c6bf,0,11,-89
10:35:42,P6102,b9baf3ea4b20da719626a3f181e190bba2064cafe9bd04ba9de3ea97fb65c6bf,0,11,-89
10:35:45,Cul de vieux goré,cd8e541eb141e8c7e0281c4fc3805c0ba9b4c443fb98f35a8a0a9cd48ddc8aab,3,1,-89
10:35:53,P6103,698c34757b25fd2e994e1404821da50d65fa33957d408c728ff7449ba32b7fc6,3,1,-80
10:35:53,P6102,adbd11643006f2545308906677c20b7d65310d31e4e5d302f63e1e6d94215e9d,0,11,-91
10:35:55,P6103,698c34757b25fd2e994e1404821da50d65fa33957d408c728ff7449ba32b7fc6,3,1,-78
10:35:58,P6102,adbd11643006f2545308906677c20b7d65310d31e4e5d302f63e1e6d94215e9d,0,11,-88
10:36:00,P6103,698c34757b25fd2e994e1404821da50d65fa33957d408c728ff7449ba32b7fc6,3,1,-82
10:36:00,P6102,56a85f8f40c1bdb6ca45d29c08e7297ebd1a35bd939a58b34a9c52e7cffb2cb1,0,6,-85
10:36:06,P6102,adbd11643006f2545308906677c20b7d65310d31e4e5d302f63e1e6d94215e9d,0,11,-90
10:36:08,P6103,698c34757b25fd2e994e1404821da50d65fa33957d408c728ff7449ba32b7fc6,3,1,-79
10:36:08,P6102,adbd11643006f2545308906677c20b7d65310d31e4e5d302f63e1e6d94215e9d,0,11,-89
10:36:13,P6103,698c34757b25fd2e994e1404821da50d65fa33957d408c728ff7449ba32b7fc6,3,1,-83
10:36:13,P6102,56a85f8f40c1bdb6ca45d29c08e7297ebd1a35bd939a58b34a9c52e7cffb2cb1,0,6,-85
10:36:13,Cul de vieux goré,cd8e541eb141e8c7e0281c4fc3805c0ba9b4c443fb98f35a8a0a9cd48ddc8aab,3,1,-86
10:36:17,P672,288873aeb3f04d227cf61a1739287bea266017fff79a5effdbd44be654c29ee4,0,11,-89
10:36:18,P6103,698c34757b25fd2e994e1404821da50d65fa33957d408c728ff7449ba32b7fc6,3,1,-82
10:36:18,P6102,b9baf3ea4b20da719626a3f181e190bba2064cafe9bd04ba9de3ea97fb65c6bf,0,11,-91
10:36:20,P6103,698c34757b25fd2e994e1404821da50d65fa33957d408c728ff7449ba32b7fc6,3,1,-88
10:36:22,Cul de vieux goré,cd8e541eb141e8c7e0281c4fc3805c0ba9b4c443fb98f35a8a0a9cd48ddc8aab,3,1,-86
10:36:28,P6103,698c34757b25fd2e994e1404821da50d65fa33957d408c728ff7449ba32b7fc6,3,1,-81
10:36:33,P6102,adbd11643006f2545308906677c20b7d65310d31e4e5d302f63e1e6d94215e9d,0,11,-89
10:36:35,P6103,698c34757b25fd2e994e1404821da50d65fa33957d408c728ff7449ba32b7fc6,3,1,-84
10:36:39,P6103,698c34757b25fd2e994e1404821da50d65fa33957d408c728ff7449ba32b7fc6,3,1,-84
10:36:39,P6102,56a85f8f40c1bdb6ca45d29c08e7297ebd1a35bd939a58b34a9c52e7cffb2cb1,0,6,-87
10:36:41,P672,288873aeb3f04d227cf61a1739287bea266017fff79a5effdbd44be654c29ee4,0,11,-90
10:36:43,P672,288873aeb3f04d227cf61a1739287bea266017fff79a5effdbd44be654c29ee4,0,11,-89
10:36:46,P6103,698c34757b25fd2e994e1404821da50d65fa33957d408c728ff7449ba32b7fc6,3,1,-88
10:36:48,P6103,698c34757b25fd2e994e1404821da50d65fa33957d408c728ff7449ba32b7fc6,3,1,-87
10:36:52,P672,288873aeb3f04d227cf61a1739287bea266017fff79a5effdbd44be654c29ee4,0,11,-88
10:36:54,P6103,698c34757b25fd2e994e1404821da50d65fa33957d408c728ff7449ba32b7fc6,3,1,-87
10:36:55,P6103,698c34757b25fd2e994e1404821da50d65fa33957d408c728ff7449ba32b7fc6,3,1,-85
10:37:01,P6102,56a85f8f40c1bdb6ca45d29c08e7297ebd1a35bd939a58b34a9c52e7cffb2cb1,0,6,-88
10:37:10,P6103,698c34757b25fd2e994e1404821da50d65fa33957d408c728ff7449ba32b7fc6,3,1,-87
10:37:10,P672,288873aeb3f04d227cf61a1739287bea266017fff79a5effdbd44be654c29ee4,0,11,-89
10:37:16,P6103,698c34757b25fd2e994e1404821da50d65fa33957d408c728ff7449ba32b7fc6,3,1,-88
10:37:23,P6102,adbd11643006f2545308906677c20b7d65310d31e4e5d302f63e1e6d94215e9d,0,11,-87
10:37:23,P6103,698c34757b25fd2e994e1404821da50d65fa33957d408c728ff7449ba32b7fc6,3,1,-94
10:37:25,P6102,56a85f8f40c1bdb6ca45d29c08e7297ebd1a35bd939a58b34a9c52e7cffb2cb1,0,6,-89
10:37:29,P6102,56a85f8f40c1bdb6ca45d29c08e7297ebd1a35bd939a58b34a9c52e7cffb2cb1,0,6,-88
10:37:34,P6103,698c34757b25fd2e994e1404821da50d65fa33957d408c728ff7449ba32b7fc6,3,1,-87
10:37:36,P6103,698c34757b25fd2e994e1404821da50d65fa33957d408c728ff7449ba32b7fc6,3,1,-90
10:37:36,P672,288873aeb3f04d227cf61a1739287bea266017fff79a5effdbd44be654c29ee4,0,11,-90
10:37:38,P6102,56a85f8f40c1bdb6ca45d29c08e7297ebd1a35bd939a58b34a9c52e7cffb2cb1,0,6,-84
10:37:38,P6102,adbd11643006f2545308906677c20b7d65310d31e4e5d302f63e1e6d94215e9d,0,11,-93
10:37:40,P6102,b9baf3ea4b20da719626a3f181e190bba2064cafe9bd04ba9de3ea97fb65c6bf,0,11,-89
10:37:41,P6102,b9baf3ea4b20da719626a3f181e190bba2064cafe9bd04ba9de3ea97fb65c6bf,0,11,-92
10:37:43,P6103,698c34757b25fd2e994e1404821da50d65fa33957d408c728ff7449ba32b7fc6,3,1,-83
10:37:43,P6102,b9baf3ea4b20da719626a3f181e190bba2064cafe9bd04ba9de3ea97fb65c6bf,0,11,-91
10:37:47,P6104,97d43154617566e1e2f102578ae733ba05320133daaeccbe517eb9b26ca9e35d,4,1,-95
10:37:54,P6102,56a85f8f40c1bdb6ca45d29c08e7297ebd1a35bd939a58b34a9c52e7cffb2cb1,0,6,-89
10:37:58,P6102,56a85f8f40c1bdb6ca45d29c08e7297ebd1a35bd939a58b34a9c52e7cffb2cb1,0,6,-85
10:37:58,P672,288873aeb3f04d227cf61a1739287bea266017fff79a5effdbd44be654c29ee4,0,11,-92
10:38:02,P6102,56a85f8f40c1bdb6ca45d29c08e7297ebd1a35bd939a58b34a9c52e7cffb2cb1,0,6,-84
10:38:02,P6102,adbd11643006f2545308906677c20b7d65310d31e4e5d302f63e1e6d94215e9d,0,11,-92
10:38:04,P6103,698c34757b25fd2e994e1404821da50d65fa33957d408c728ff7449ba32b7fc6,3,1,-86
10:38:05,P672,288873aeb3f04d227cf61a1739287bea266017fff79a5effdbd44be654c29ee4,0,11,-88
10:38:07,P6102,b9baf3ea4b20da719626a3f181e190bba2064cafe9bd04ba9de3ea97fb65c6bf,0,11,-87
10:38:09,P672,288873aeb3f04d227cf61a1739287bea266017fff79a5effdbd44be654c29ee4,0,11,-89
10:38:16,P6102,adbd11643006f2545308906677c20b7d65310d31e4e5d302f63e1e6d94215e9d,0,11,-86
10:38:16,P6108,b4ee9533189a9af29a1f6f0acf949f4963fd20c3dcc6920dfac63c899471205b,3,3,-91
10:38:20,P6102,adbd11643006f2545308906677c20b7d65310d31e4e5d302f63e1e6d94215e9d,0,11,-90
10:38:24,P6103,698c34757b25fd2e994e1404821da50d65fa33957d408c728ff7449ba32b7fc6,3,1,-88
10:38:31,P6103,698c34757b25fd2e994e1404821da50d65fa33957d408c728ff7449ba32b7fc6,3,1,-84
10:38:35,P6104,97d43154617566e1e2f102578ae733ba05320133daaeccbe517eb9b26ca9e35d,4,1,-94
10:38:40,P6102,56a85f8f40c1bdb6ca45d29c08e7297ebd1a35bd939a58b34a9c52e7cffb2cb1,0,6,-86
10:38:44,P6102,adbd11643006f2545308906677c20b7d65310d31e4e5d302f63e1e6d94215e9d,0,11,-90
10:38:46,P6102,adbd11643006f2545308906677c20b7d65310d31e4e5d302f63e1e6d94215e9d,0,11,-88
10:39:02,P6103,698c34757b25fd2e994e1404821da50d65fa33957d408c728ff7449ba32b7fc6,3,1,-88
10:39:15,P6103,698c34757b25fd2e994e1404821da50d65fa33957d408c728ff7449ba32b7fc6,3,1,-92
10:39:17,P6103,698c34757b25fd2e994e1404821da50d65fa33957d408c728ff7449ba32b7fc6,3,1,-86
10:39:17,P6102,adbd11643006f2545308906677c20b7d65310d31e4e5d302f63e1e6d94215e9d,0,11,-87
10:39:19,P6103,698c34757b25fd2e994e1404821da50d65fa33957d408c728ff7449ba32b7fc6,3,1,-84
10:39:19,P6102,56a85f8f40c1bdb6ca45d29c08e7297ebd1a35bd939a58b34a9c52e7cffb2cb1,0,6,-90
10:39:24,P6102,adbd11643006f2545308906677c20b7d65310d31e4e5d302f63e1e6d94215e9d,0,11,-85
10:39:26,P6102,56a85f8f40c1bdb6ca45d29c08e7297ebd1a35bd939a58b34a9c52e7cffb2cb1,0,6,-89
10:39:28,P672,288873aeb3f04d227cf61a1739287bea266017fff79a5effdbd44be654c29ee4,0,11,-92
10:39:34,P6102,adbd11643006f2545308906677c20b7d65310d31e4e5d302f63e1e6d94215e9d,0,11,-91
10:39:35,P6103,698c34757b25fd2e994e1404821da50d65fa33957d408c728ff7449ba32b7fc6,3,1,-89
10:39:35,P6102,adbd11643006f2545308906677c20b7d65310d31e4e5d302f63e1e6d94215e9d,0,11,-92
10:39:35,P6108,b4ee9533189a9af29a1f6f0acf949f4963fd20c3dcc6920dfac63c899471205b,3,3,-94
10:39:39,P672,288873aeb3f04d227cf61a1739287bea266017fff79a5effdbd44be654c29ee4,0,11,-92
10:39:43,P6102,56a85f8f40c1bdb6ca45d29c08e7297ebd1a35bd939a58b34a9c52e7cffb2cb1,0,6,-85
10:39:48,P6106,b1e740e76e21075f2cf28130c30433d191cd243adbb5360a576d55c9672844f4,3,11,-94
10:39:52,P695,921dde94afc534810453ce557dba84e7c1573583357b34295e0ef432ea4deb15,0,11,-88
10:39:52,P694,0e5a2e9466f9c6d7c9949a65bd62298065c3184055a6e1e0dec7450067307f0b,5,11,-89
10:39:52,P6106,b1e740e76e21075f2cf28130c30433d191cd243adbb5360a576d55c9672844f4,3,11,-90
10:39:54,P695,921dde94afc534810453ce557dba84e7c1573583357b34295e0ef432ea4deb15,0,11,-90
10:39:59,P6106,b1e740e76e21075f2cf28130c30433d191cd243adbb5360a576d55c9672844f4,3,11,-92
10:40:01,P6102,940ac55a01f275a64740f4d7f2fe3874b822ccaee64444f4b265e0bb5f787dd4,0,1,-86
10:40:05,P6102,b9baf3ea4b20da719626a3f181e190bba2064cafe9bd04ba9de3ea97fb65c6bf,0,11,-75
10:40:12,P6102,b9baf3ea4b20da719626a3f181e190bba2064cafe9bd04ba9de3ea97fb65c6bf,0,11,-85
10:40:14,P6102,b9baf3ea4b20da719626a3f181e190bba2064cafe9bd04ba9de3ea97fb65c6bf,0,11,-87
10:40:16,P6104,97d43154617566e1e2f102578ae733ba05320133daaeccbe517eb9b26ca9e35d,4,1,-87
10:40:16,P6105,3d4ffe9292ece145e9e0a76a9b8fb7a12fb43ab502b85a5160da33ee75e592c0,4,1,-89
10:40:16,P694,0e5a2e9466f9c6d7c9949a65bd62298065c3184055a6e1e0dec7450067307f0b,5,11,-93
10:40:18,P6102,940ac55a01f275a64740f4d7f2fe3874b822ccaee64444f4b265e0bb5f787dd4,0,1,-85
10:40:23,P6105,3d4ffe9292ece145e9e0a76a9b8fb7a12fb43ab502b85a5160da33ee75e592c0,4,1,-92
10:40:29,P6102,b9baf3ea4b20da719626a3f181e190bba2064cafe9bd04ba9de3ea97fb65c6bf,0,11,-88
10:40:31,P6102,b9baf3ea4b20da719626a3f181e190bba2064cafe9bd04ba9de3ea97fb65c6bf,0,11,-86
10:40:32,P6105,3d4ffe9292ece145e9e0a76a9b8fb7a12fb43ab502b85a5160da33ee75e592c0,4,1,-90
10:40:36,P6102,b9baf3ea4b20da719626a3f181e190bba2064cafe9bd04ba9de3ea97fb65c6bf,0,11,-85
10:40:36,P6104,97d43154617566e1e2f102578ae733ba05320133daaeccbe517eb9b26ca9e35d,4,1,-90
10:40:45,P6102,940ac55a01f275a64740f4d7f2fe3874b822ccaee64444f4b265e0bb5f787dd4,0,1,-85
10:40:47,P6102,940ac55a01f275a64740f4d7f2fe3874b822ccaee64444f4b265e0bb5f787dd4,0,1,-87
10:40:47,P6106,b1e740e76e21075f2cf28130c30433d191cd243adbb5360a576d55c9672844f4,3,11,-95
10:40:56,P6104,97d43154617566e1e2f102578ae733ba05320133daaeccbe517eb9b26ca9e35d,4,1,-89
10:40:58,P6104,97d43154617566e1e2f102578ae733ba05320133daaeccbe517eb9b26ca9e35d,4,1,-92
10:40:58,P6105,3d4ffe9292ece145e9e0a76a9b8fb7a12fb43ab502b85a5160da33ee75e592c0,4,1,-92
10:41:02,P6105,3d4ffe9292ece145e9e0a76a9b8fb7a12fb43ab502b85a5160da33ee75e592c0,4,1,-88
10:41:02,P6104,97d43154617566e1e2f102578ae733ba05320133daaeccbe517eb9b26ca9e35d,4,1,-89
10:41:27,P6102,b9baf3ea4b20da719626a3f181e190bba2064cafe9bd04ba9de3ea97fb65c6bf,0,11,-86
10:41:29,P6102,b9baf3ea4b20da719626a3f181e190bba2064cafe9bd04ba9de3ea97fb65c6bf,0,11,-85
10:41:31,P6102,b9baf3ea4b20da719626a3f181e190bba2064cafe9bd04ba9de3ea97fb65c6bf,0,11,-84
10:41:33,P6104,97d43154617566e1e2f102578ae733ba05320133daaeccbe517eb9b26ca9e35d,4,1,-92
10:41:37,P6102,b9baf3ea4b20da719626a3f181e190bba2064cafe9bd04ba9de3ea97fb65c6bf,0,11,-91
10:41:39,P6102,b9baf3ea4b20da719626a3f181e190bba2064cafe9bd04ba9de3ea97fb65c6bf,0,11,-88
10:41:44,P6102,b9baf3ea4b20da719626a3f181e190bba2064cafe9bd04ba9de3ea97fb65c6bf,0,11,-84
10:41:46,P6102,b9baf3ea4b20da719626a3f181e190bba2064cafe9bd04ba9de3ea97fb65c6bf,0,11,-84
10:41:48,P698,a4ad792b8a02009dc6640913f624f483a6f7d4b880e890f149f9983508a1f94c,5,11,-94
10:41:51,P6102,940ac55a01f275a64740f4d7f2fe3874b822ccaee64444f4b265e0bb5f787dd4,0,1,-81
10:41:53,P6102,b9baf3ea4b20da719626a3f181e190bba2064cafe9bd04ba9de3ea97fb65c6bf,0,11,-86
10:41:53,P694,0e5a2e9466f9c6d7c9949a65bd62298065c3184055a6e1e0dec7450067307f0b,5,11,-92
10:41:55,P6102,b9baf3ea4b20da719626a3f181e190bba2064cafe9bd04ba9de3ea97fb65c6bf,0,11,-84
10:42:01,P6102,940ac55a01f275a64740f4d7f2fe3874b822ccaee64444f4b265e0bb5f787dd4,0,1,-85
10:42:01,P672,6fd8d1c2037e7378ba5a48b10400b0b765669618229c4654c536bb446b5202e8,0,1,-87
10:42:01,P694,59397d9586fc1aebc51b52512fb5895783f9f1561ca28372cada1bce2ce3d948,5,6,-90
10:42:02,P6102,b9baf3ea4b20da719626a3f181e190bba2064cafe9bd04ba9de3ea97fb65c6bf,0,11,-86
10:42:02,P6104,97d43154617566e1e2f102578ae733ba05320133daaeccbe517eb9b26ca9e35d,4,1,-89
10:42:04,P6105,3d4ffe9292ece145e9e0a76a9b8fb7a12fb43ab502b85a5160da33ee75e592c0,4,1,-94
10:42:08,P6102,b9baf3ea4b20da719626a3f181e190bba2064cafe9bd04ba9de3ea97fb65c6bf,0,11,-83
10:42:08,P672,6fd8d1c2037e7378ba5a48b10400b0b765669618229c4654c536bb446b5202e8,0,1,-90
10:42:08,P6105,3d4ffe9292ece145e9e0a76a9b8fb7a12fb43ab502b85a5160da33ee75e592c0,4,1,-90
10:42:08,P6104,97d43154617566e1e2f102578ae733ba05320133daaeccbe517eb9b26ca9e35d,4,1,-91
10:42:10,P6102,b9baf3ea4b20da719626a3f181e190bba2064cafe9bd04ba9de3ea97fb65c6bf,0,11,-87
10:42:14,P6107,78bf810b923b849de4c01bc0952fb2fdb61b8f2ad3ed41612f884f25611d40ee,3,6,-91
10:42:17,P6102,940ac55a01f275a64740f4d7f2fe3874b822ccaee64444f4b265e0bb5f787dd4,0,1,-80
10:42:17,P6102,b9baf3ea4b20da719626a3f181e190bba2064cafe9bd04ba9de3ea97fb65c6bf,0,11,-85
10:42:17,P68,3aff825636b113bf9d5553dcd301f2e1b82c61e81ca52befd86ecc9411d24fdf,3,5,-91
10:42:17,P66,7c28118dce6654900f09f716972c8b2f7aaba3eadfa8b014ea7a08e6e0a87966,3,5,-92
10:42:21,Cul de vieux goré,cd8e541eb141e8c7e0281c4fc3805c0ba9b4c443fb98f35a8a0a9cd48ddc8aab,3,1,-95
10:42:25,P6102,b9baf3ea4b20da719626a3f181e190bba2064cafe9bd04ba9de3ea97fb65c6bf,0,11,-88
10:42:28,P6102,b9baf3ea4b20da719626a3f181e190bba2064cafe9bd04ba9de3ea97fb65c6bf,0,11,-87
10:42:28,P6105,3d4ffe9292ece145e9e0a76a9b8fb7a12fb43ab502b85a5160da33ee75e592c0,4,1,-90
10:42:30,P6102,b9baf3ea4b20da719626a3f181e190bba2064cafe9bd04ba9de3ea97fb65c6bf,0,11,-90
10:42:32,P6104,97d43154617566e1e2f102578ae733ba05320133daaeccbe517eb9b26ca9e35d,4,1,-90
10:42:34,P6104,97d43154617566e1e2f102578ae733ba05320133daaeccbe517eb9b26ca9e35d,4,1,-90
10:42:34,P6106,b1e740e76e21075f2cf28130c30433d191cd243adbb5360a576d55c9672844f4,3,11,-90
10:42:34,P63,a66b100759ac90574182f679dbc3d61a829dfeb000924a739945387104c51de5,3,5,-94
10:42:38,P6102,b9baf3ea4b20da719626a3f181e190bba2064cafe9bd04ba9de3ea97fb65c6bf,0,11,-80
10:42:39,P6102,b9baf3ea4b20da719626a3f181e190bba2064cafe9bd04ba9de3ea97fb65c6bf,0,11,-84
10:42:41,P6102,b9baf3ea4b20da719626a3f181e190bba2064cafe9bd04ba9de3ea97fb65c6bf,0,11,-80
10:42:41,P6103,698c34757b25fd2e994e1404821da50d65fa33957d408c728ff7449ba32b7fc6,3,1,-92
10:42:43,P6102,b9baf3ea4b20da719626a3f181e190bba2064cafe9bd04ba9de3ea97fb65c6bf,0,11,-71
10:42:49,P6102,b9baf3ea4b20da719626a3f181e190bba2064cafe9bd04ba9de3ea97fb65c6bf,0,11,-84
10:42:49,P695,921dde94afc534810453ce557dba84e7c1573583357b34295e0ef432ea4deb15,0,11,-92
10:42:51,P6103,698c34757b25fd2e994e1404821da50d65fa33957d408c728ff7449ba32b7fc6,3,1,-79
10:42:52,P69,d9fe9e5b950ef09468a1675977d58f324d548e19aaded957c03025d93c839de7,5,5,-93
10:42:52,P63,05f95eba51ac9dadfd3f868cb6d04cfb0017a67b0d07489b346ff072c884e461,3,5,-93
10:42:54,P6102,b9baf3ea4b20da719626a3f181e190bba2064cafe9bd04ba9de3ea97fb65c6bf,0,11,-86
10:42:58,P6103,698c34757b25fd2e994e1404821da50d65fa33957d408c728ff7449ba32b7fc6,3,1,-78
10:43:03,P6103,698c34757b25fd2e994e1404821da50d65fa33957d408c728ff7449ba32b7fc6,3,1,-86
10:43:07,P6104,97d43154617566e1e2f102578ae733ba05320133daaeccbe517eb9b26ca9e35d,4,1,-88
10:43:09,P6102,b9baf3ea4b20da719626a3f181e190bba2064cafe9bd04ba9de3ea97fb65c6bf,0,11,-83
10:43:11,P6103,698c34757b25fd2e994e1404821da50d65fa33957d408c728ff7449ba32b7fc6,3,1,-89
10:43:13,P6102,940ac55a01f275a64740f4d7f2fe3874b822ccaee64444f4b265e0bb5f787dd4,0,1,-80
10:43:16,P6103,698c34757b25fd2e994e1404821da50d65fa33957d408c728ff7449ba32b7fc6,3,1,-85
10:43:18,P6102,b9baf3ea4b20da719626a3f181e190bba2064cafe9bd04ba9de3ea97fb65c6bf,0,11,-88
10:43:22,P6103,698c34757b25fd2e994e1404821da50d65fa33957d408c728ff7449ba32b7fc6,3,1,-95
10:43:26,P6105,3d4ffe9292ece145e9e0a76a9b8fb7a12fb43ab502b85a5160da33ee75e592c0,4,1,-89
10:43:29,P6104,97d43154617566e1e2f102578ae733ba05320133daaeccbe517eb9b26ca9e35d,4,1,-90
10:43:29,P6109,7670a5a056a6cce7db264dc3bb50476f28ad1c10a47a42f17c150a788464aa4b,3,11,-96
10:43:35,P6104,97d43154617566e1e2f102578ae733ba05320133daaeccbe517eb9b26ca9e35d,4,1,-95
10:43:46,P698,a4ad792b8a02009dc6640913f624f483a6f7d4b880e890f149f9983508a1f94c,5,11,-92
10:43:46,P6105,3d4ffe9292ece145e9e0a76a9b8fb7a12fb43ab502b85a5160da33ee75e592c0,4,1,-93
10:43:46,P694,0e5a2e9466f9c6d7c9949a65bd62298065c3184055a6e1e0dec7450067307f0b,5,11,-93
10:43:55,P6104,97d43154617566e1e2f102578ae733ba05320133daaeccbe517eb9b26ca9e35d,4,1,-91
10:43:57,P6104,97d43154617566e1e2f102578ae733ba05320133daaeccbe517eb9b26ca9e35d,4,1,-94
10:43:59,P6105,3d4ffe9292ece145e9e0a76a9b8fb7a12fb43ab502b85a5160da33ee75e592c0,4,1,-96
10:44:13,P6104,97d43154617566e1e2f102578ae733ba05320133daaeccbe517eb9b26ca9e35d,4,1,-91
10:44:15,P6104,97d43154617566e1e2f102578ae733ba05320133daaeccbe517eb9b26ca9e35d,4,1,-92
10:44:17,P6104,97d43154617566e1e2f102578ae733ba05320133daaeccbe517eb9b26ca9e35d,4,1,-92
10:44:19,P6105,3d4ffe9292ece145e9e0a76a9b8fb7a12fb43ab502b85a5160da33ee75e592c0,4,1,-86
10:44:21,P6105,3d4ffe9292ece145e9e0a76a9b8fb7a12fb43ab502b85a5160da33ee75e592c0,4,1,-93
10:44:24,P6105,3d4ffe9292ece145e9e0a76a9b8fb7a12fb43ab502b85a5160da33ee75e592c0,4,1,-87
10:44:24,P6104,97d43154617566e1e2f102578ae733ba05320133daaeccbe517eb9b26ca9e35d,4,1,-89
10:44:30,P6104,97d43154617566e1e2f102578ae733ba05320133daaeccbe517eb9b26ca9e35d,4,1,-89
10:44:34,P6102,b9baf3ea4b20da719626a3f181e190bba2064cafe9bd04ba9de3ea97fb65c6bf,0,11,-92
10:44:41,P6102,940ac55a01f275a64740f4d7f2fe3874b822ccaee64444f4b265e0bb5f787dd4,0,1,-86
10:44:43,P6102,940ac55a01f275a64740f4d7f2fe3874b822ccaee64444f4b265e0bb5f787dd4,0,1,-76
10:44:50,P6104,97d43154617566e1e2f102578ae733ba05320133daaeccbe517eb9b26ca9e35d,4,1,-75
10:44:50,P6105,3d4ffe9292ece145e9e0a76a9b8fb7a12fb43ab502b85a5160da33ee75e592c0,4,1,-75
10:45:03,P694,431c749c80ed52109d78726bca2a3601fb276831ea14e05f8cccdd4da17cb9d6,5,6,-93
10:45:03,P695,cbe525ab14dcc5505e53f4a50849e353e41f4a5a983f198a44fab8a2e2ac88ef,0,6,-94
10:45:03,P6106,3aaa514d586c30ba84c01b2386f2935cbdb04d4f777178e87e080391b7c2f241,3,6,-94
10:45:08,P6102,940ac55a01f275a64740f4d7f2fe3874b822ccaee64444f4b265e0bb5f787dd4,0,1,-87
10:45:14,P6105,3d4ffe9292ece145e9e0a76a9b8fb7a12fb43ab502b85a5160da33ee75e592c0,4,1,-89
10:45:14,P6104,97d43154617566e1e2f102578ae733ba05320133daaeccbe517eb9b26ca9e35d,4,1,-90
10:45:19,P6104,97d43154617566e1e2f102578ae733ba05320133daaeccbe517eb9b26ca9e35d,4,1,-85
10:45:21,P6104,97d43154617566e1e2f102578ae733ba05320133daaeccbe517eb9b26ca9e35d,4,1,-92
10:45:23,P6105,3d4ffe9292ece145e9e0a76a9b8fb7a12fb43ab502b85a5160da33ee75e592c0,4,1,-86
10:45:23,P6102,b9baf3ea4b20da719626a3f181e190bba2064cafe9bd04ba9de3ea97fb65c6bf,0,11,-93
10:45:27,P6105,3d4ffe9292ece145e9e0a76a9b8fb7a12fb43ab502b85a5160da33ee75e592c0,4,1,-92
10:45:29,P6105,3d4ffe9292ece145e9e0a76a9b8fb7a12fb43ab502b85a5160da33ee75e592c0,4,1,-89
10:45:34,P695,921dde94afc534810453ce557dba84e7c1573583357b34295e0ef432ea4deb15,0,11,-91
10:45:34,P694,0e5a2e9466f9c6d7c9949a65bd62298065c3184055a6e1e0dec7450067307f0b,5,11,-91
10:45:34,P698,a4ad792b8a02009dc6640913f624f483a6f7d4b880e890f149f9983508a1f94c,5,11,-91
10:45:38,P6106,b1e740e76e21075f2cf28130c30433d191cd243adbb5360a576d55c9672844f4,3,11,-91
10:45:38,P6105,3d4ffe9292ece145e9e0a76a9b8fb7a12fb43ab502b85a5160da33ee75e592c0,4,1,-95
10:45:43,P6104,97d43154617566e1e2f102578ae733ba05320133daaeccbe517eb9b26ca9e35d,4,1,-87
10:45:49,P694,0e5a2e9466f9c6d7c9949a65bd62298065c3184055a6e1e0dec7450067307f0b,5,11,-94
10:46:00,P6104,97d43154617566e1e2f102578ae733ba05320133daaeccbe517eb9b26ca9e35d,4,1,-88
10:46:09,P6102,56a85f8f40c1bdb6ca45d29c08e7297ebd1a35bd939a58b34a9c52e7cffb2cb1,0,6,-84
10:46:09,P6102,940ac55a01f275a64740f4d7f2fe3874b822ccaee64444f4b265e0bb5f787dd4,0,1,-87
10:46:13,P698,a4ad792b8a02009dc6640913f624f483a6f7d4b880e890f149f9983508a1f94c,5,11,-86
10:46:15,P695,921dde94afc534810453ce557dba84e7c1573583357b34295e0ef432ea4deb15,0,11,-90
10:46:15,P694,0e5a2e9466f9c6d7c9949a65bd62298065c3184055a6e1e0dec7450067307f0b,5,11,-93
10:46:16,P695,921dde94afc534810453ce557dba84e7c1573583357b34295e0ef432ea4deb15,0,11,-85
10:46:16,P694,0e5a2e9466f9c6d7c9949a65bd62298065c3184055a6e1e0dec7450067307f0b,5,11,-85
10:46:16,P6106,b1e740e76e21075f2cf28130c30433d191cd243adbb5360a576d55c9672844f4,3,11,-85
10:46:16,P6102,b9baf3ea4b20da719626a3f181e190bba2064cafe9bd04ba9de3ea97fb65c6bf,0,11,-90
10:46:22,P6105,3d4ffe9292ece145e9e0a76a9b8fb7a12fb43ab502b85a5160da33ee75e592c0,4,1,-92
10:46:26,P6104,97d43154617566e1e2f102578ae733ba05320133daaeccbe517eb9b26ca9e35d,4,1,-88
10:46:28,P6104,97d43154617566e1e2f102578ae733ba05320133daaeccbe517eb9b26ca9e35d,4,1,-91
10:46:29,P6106,b1e740e76e21075f2cf28130c30433d191cd243adbb5360a576d55c9672844f4,3,11,-92
10:46:33,P6104,97d43154617566e1e2f102578ae733ba05320133daaeccbe517eb9b26ca9e35d,4,1,-92
10:46:37,P672,6fd8d1c2037e7378ba5a48b10400b0b765669618229c4654c536bb446b5202e8,0,1,-88
10:46:39,P672,6fd8d1c2037e7378ba5a48b10400b0b765669618229c4654c536bb446b5202e8,0,1,-86
10:46:39,P6104,97d43154617566e1e2f102578ae733ba05320133daaeccbe517eb9b26ca9e35d,4,1,-88
10:46:40,P6102,b9baf3ea4b20da719626a3f181e190bba2064cafe9bd04ba9de3ea97fb65c6bf,0,11,-82
10:46:40,P672,6fd8d1c2037e7378ba5a48b10400b0b765669618229c4654c536bb446b5202e8,0,1,-85
10:46:42,P672,6fd8d1c2037e7378ba5a48b10400b0b765669618229c4654c536bb446b5202e8,0,1,-86
10:46:42,P694,59397d9586fc1aebc51b52512fb5895783f9f1561ca28372cada1bce2ce3d948,5,6,-89
10:46:46,P6102,b9baf3ea4b20da719626a3f181e190bba2064cafe9bd04ba9de3ea97fb65c6bf,0,11,-79
10:46:46,P6102,940ac55a01f275a64740f4d7f2fe3874b822ccaee64444f4b265e0bb5f787dd4,0,1,-82
10:46:48,P6102,b9baf3ea4b20da719626a3f181e190bba2064cafe9bd04ba9de3ea97fb65c6bf,0,11,-77
10:46:48,P672,6fd8d1c2037e7378ba5a48b10400b0b765669618229c4654c536bb446b5202e8,0,1,-88
10:46:50,P672,6fd8d1c2037e7378ba5a48b10400b0b765669618229c4654c536bb446b5202e8,0,1,-84
10:46:52,P6102,b9baf3ea4b20da719626a3f181e190bba2064cafe9bd04ba9de3ea97fb65c6bf,0,11,-80
10:46:52,P672,6fd8d1c2037e7378ba5a48b10400b0b765669618229c4654c536bb446b5202e8,0,1,-86
10:46:53,P6105,3d4ffe9292ece145e9e0a76a9b8fb7a12fb43ab502b85a5160da33ee75e592c0,4,1,-85
10:46:53,P6106,39b4ee00374a3f7672add5db987565d3b1636dadfe28177a69027b7d5fd90911,3,6,-90
10:46:53,P67,00cc5f59ca1bdc9ff345e147629be7b1d99342a26d49586cf4b2b270ab8fc41e,0,5,-92
10:46:53,P66,0d68564cc41242f8e5233205683a6acb7f8b25190d1179ba038a078cb79e8554,3,5,-93
10:46:55,P6102,b9baf3ea4b20da719626a3f181e190bba2064cafe9bd04ba9de3ea97fb65c6bf,0,11,-85
10:46:55,P695,7ddb6250af6d956ed387799a6023c3e99bf041b452daeae6fd6b24ff9b3ceb6f,0,6,-90
10:46:55,P694,59397d9586fc1aebc51b52512fb5895783f9f1561ca28372cada1bce2ce3d948,5,6,-92
10:46:55,P63,05f95eba51ac9dadfd3f868cb6d04cfb0017a67b0d07489b346ff072c884e461,3,5,-95
10:46:57,P6102,940ac55a01f275a64740f4d7f2fe3874b822ccaee64444f4b265e0bb5f787dd4,0,1,-80
10:46:57,P672,6fd8d1c2037e7378ba5a48b10400b0b765669618229c4654c536bb446b5202e8,0,1,-86
10:46:57,P66,7c28118dce6654900f09f716972c8b2f7aaba3eadfa8b014ea7a08e6e0a87966,3,5,-94
10:46:59,P6102,b9baf3ea4b20da719626a3f181e190bba2064cafe9bd04ba9de3ea97fb65c6bf,0,11,-79
10:47:01,P6102,b9baf3ea4b20da719626a3f181e190bba2064cafe9bd04ba9de3ea97fb65c6bf,0,11,-75
10:47:01,P6104,97d43154617566e1e2f102578ae733ba05320133daaeccbe517eb9b26ca9e35d,4,1,-92
10:47:03,P6102,b9baf3ea4b20da719626a3f181e190bba2064cafe9bd04ba9de3ea97fb65c6bf,0,11,-81
10:47:03,P66,904c6eeb208bf35589a5d85b6b9b7df6d8d7c69e5d0254fb5c0f893d244178f3,3,9,-92
10:47:03,P68,a551ffd8097fc93a3a299af31b9ae75a4bfc1e1d1ef43c9d50d991e7308fcdad,3,9,-93
10:47:05,P6102,e2b38d35d6a93518fc1c2aea6ba8a5887dc0648b5aac4bc295df009a5c054b5a,0,11,-89
10:47:07,P6102,b9baf3ea4b20da719626a3f181e190bba2064cafe9bd04ba9de3ea97fb65c6bf,0,11,-89
10:47:08,P6102,b9baf3ea4b20da719626a3f181e190bba2064cafe9bd04ba9de3ea97fb65c6bf,0,11,-76
10:47:08,P66,7c28118dce6654900f09f716972c8b2f7aaba3eadfa8b014ea7a08e6e0a87966,3,5,-85
10:47:08,P68,3aff825636b113bf9d5553dcd301f2e1b82c61e81ca52befd86ecc9411d24fdf,3,5,-85
10:47:08,P63,a66b100759ac90574182f679dbc3d61a829dfeb000924a739945387104c51de5,3,5,-92
10:47:10,P6102,b9baf3ea4b20da719626a3f181e190bba2064cafe9bd04ba9de3ea97fb65c6bf,0,11,-76
10:47:12,P6102,940ac55a01f275a64740f4d7f2fe3874b822ccaee64444f4b265e0bb5f787dd4,0,1,-71
10:47:12,P6102,b9baf3ea4b20da719626a3f181e190bba2064cafe9bd04ba9de3ea97fb65c6bf,0,11,-87
10:47:12,P68,3aff825636b113bf9d5553dcd301f2e1b82c61e81ca52befd86ecc9411d24fdf,3,5,-93
10:47:14,P6102,b9baf3ea4b20da719626a3f181e190bba2064cafe9bd04ba9de3ea97fb65c6bf,0,11,-86
10:47:16,P6104,97d43154617566e1e2f102578ae733ba05320133daaeccbe517eb9b26ca9e35d,4,1,-86
10:47:16,P672,6fd8d1c2037e7378ba5a48b10400b0b765669618229c4654c536bb446b5202e8,0,1,-87
10:47:20,P6102,b9baf3ea4b20da719626a3f181e190bba2064cafe9bd04ba9de3ea97fb65c6bf,0,11,-80
10:47:20,P6106,39b4ee00374a3f7672add5db987565d3b1636dadfe28177a69027b7d5fd90911,3,6,-88
10:47:20,P672,6fd8d1c2037e7378ba5a48b10400b0b765669618229c4654c536bb446b5202e8,0,1,-89
10:47:22,P6102,940ac55a01f275a64740f4d7f2fe3874b822ccaee64444f4b265e0bb5f787dd4,0,1,-72
10:47:22,P6102,b9baf3ea4b20da719626a3f181e190bba2064cafe9bd04ba9de3ea97fb65c6bf,0,11,-82
10:47:22,P6106,39b4ee00374a3f7672add5db987565d3b1636dadfe28177a69027b7d5fd90911,3,6,-90
10:47:22,P695,7ddb6250af6d956ed387799a6023c3e99bf041b452daeae6fd6b24ff9b3ceb6f,0,6,-91
10:47:22,P694,59397d9586fc1aebc51b52512fb5895783f9f1561ca28372cada1bce2ce3d948,5,6,-91
10:47:22,P63,4c9b9b7921c60adada5801762daa34f799feff8dd70136e3af8f242812391b6a,3,5,-93
10:47:24,P6102,b9baf3ea4b20da719626a3f181e190bba2064cafe9bd04ba9de3ea97fb65c6bf,0,11,-76
10:47:24,P695,7ddb6250af6d956ed387799a6023c3e99bf041b452daeae6fd6b24ff9b3ceb6f,0,6,-80
10:47:24,P694,59397d9586fc1aebc51b52512fb5895783f9f1561ca28372cada1bce2ce3d948,5,6,-80
10:47:24,P698,4185c3f6ca04fe05f33d49b039778f0fcfa070cfdbf1fc038428e78da2f0d320,5,6,-80
10:47:24,P6106,39b4ee00374a3f7672add5db987565d3b1636dadfe28177a69027b7d5fd90911,3,6,-80
10:47:24,P6102,e2b38d35d6a93518fc1c2aea6ba8a5887dc0648b5aac4bc295df009a5c054b5a,0,11,-88
10:47:25,P6102,b9baf3ea4b20da719626a3f181e190bba2064cafe9bd04ba9de3ea97fb65c6bf,0,11,-78
10:47:25,P6102,e2b38d35d6a93518fc1c2aea6ba8a5887dc0648b5aac4bc295df009a5c054b5a,0,11,-89
10:47:25,P698,4185c3f6ca04fe05f33d49b039778f0fcfa070cfdbf1fc038428e78da2f0d320,5,6,-91
10:47:25,P67,10dcc2cb3fa0e853f94e830e7e4c46691d6604c12676273ee855b2917f7fd096,0,13,-93
10:47:27,P6102,940ac55a01f275a64740f4d7f2fe3874b822ccaee64444f4b265e0bb5f787dd4,0,1,-78
10:47:27,P6102,b9baf3ea4b20da719626a3f181e190bba2064cafe9bd04ba9de3ea97fb65c6bf,0,11,-81
10:47:27,P66,c7f9610982dd54f7074403902f122be75ce70a52f87cccb874ecc54af08f7481,3,5,-89
10:47:27,P69,71c8d7a4e958d4181df8a58a4eaf1b9114e295d1086040c7a7819d5b62f6868d,5,5,-92
10:47:31,P6102,b9baf3ea4b20da719626a3f181e190bba2064cafe9bd04ba9de3ea97fb65c6bf,0,11,-80
10:47:31,P63,85155d828d2e3a33e53f3ea28cab86267cc05c0f7a0c25d99180633d3ec7f40e,3,13,-93
10:47:31,P68,f455080ee4ac794af1a82ffce10fa6be5d0b1e1c062debc7b9b61d5215eeb8ed,3,13,-94
10:47:31,P69,a81a446607bcddf0e0b80f1c8e40e3e3a1d34ce85b862b580c959cc2b1f3831a,5,13,-95
10:47:33,P6102,e2b38d35d6a93518fc1c2aea6ba8a5887dc0648b5aac4bc295df009a5c054b5a,0,11,-84
10:47:35,P6102,b9baf3ea4b20da719626a3f181e190bba2064cafe9bd04ba9de3ea97fb65c6bf,0,11,-82
10:47:35,P698,4185c3f6ca04fe05f33d49b039778f0fcfa070cfdbf1fc038428e78da2f0d320,5,6,-88
10:47:35,P667,48ba618e364b50064a4e3e9c53dacbbe03a306d163d644fb858e8416ffb1d9cb,3,10,-93
10:47:37,P6102,b9baf3ea4b20da719626a3f181e190bba2064cafe9bd04ba9de3ea97fb65c6bf,0,11,-82
10:47:37,P6107,78bf810b923b849de4c01bc0952fb2fdb61b8f2ad3ed41612f884f25611d40ee,3,6,-89
10:47:39,P6102,b9baf3ea4b20da719626a3f181e190bba2064cafe9bd04ba9de3ea97fb65c6bf,0,11,-85
10:47:39,P698,4185c3f6ca04fe05f33d49b039778f0fcfa070cfdbf1fc038428e78da2f0d320,5,6,-88
10:47:39,P678,77ddcbcac6c970f0a1e2bd5cb248d71577c91612891d45c3e05d78f13b6b04c4,0,1,-93
10:47:41,P6102,b9baf3ea4b20da719626a3f181e190bba2064cafe9bd04ba9de3ea97fb65c6bf,0,11,-79
10:47:41,P6102,e2b38d35d6a93518fc1c2aea6ba8a5887dc0648b5aac4bc295df009a5c054b5a,0,11,-86
10:47:41,P63,1e0f5e473724cab3e43c16eef5b0b0ed6e970fbc5ebb8c5e02f13eb135c16eb1,3,5,-95
10:47:42,P68,08a5c4245df2609838ad2da7aeef677624bfb525ff9ab1ead172e0a05a6bb3fa,3,5,-86
10:47:42,P67,00cc5f59ca1bdc9ff345e147629be7b1d99342a26d49586cf4b2b270ab8fc41e,0,5,-89
10:47:42,P66,0d68564cc41242f8e5233205683a6acb7f8b25190d1179ba038a078cb79e8554,3,5,-89
10:47:44,P6102,b9baf3ea4b20da719626a3f181e190bba2064cafe9bd04ba9de3ea97fb65c6bf,0,11,-79
10:47:46,P6102,b9baf3ea4b20da719626a3f181e190bba2064cafe9bd04ba9de3ea97fb65c6bf,0,11,-83
10:47:46,P6102,e2b38d35d6a93518fc1c2aea6ba8a5887dc0648b5aac4bc295df009a5c054b5a,0,11,-90
10:47:48,P678,77ddcbcac6c970f0a1e2bd5cb248d71577c91612891d45c3e05d78f13b6b04c4,0,1,-88
10:47:48,P695,7ddb6250af6d956ed387799a6023c3e99bf041b452daeae6fd6b24ff9b3ceb6f,0,6,-88
10:47:48,P694,59397d9586fc1aebc51b52512fb5895783f9f1561ca28372cada1bce2ce3d948,5,6,-88
10:47:50,P6102,940ac55a01f275a64740f4d7f2fe3874b822ccaee64444f4b265e0bb5f787dd4,0,1,-79
10:47:50,P6102,b9baf3ea4b20da719626a3f181e190bba2064cafe9bd04ba9de3ea97fb65c6bf,0,11,-82
10:47:50,P68,a551ffd8097fc93a3a299af31b9ae75a4bfc1e1d1ef43c9d50d991e7308fcdad,3,9,-91
10:47:50,P63,59bb16de183f570e9e9684c6c3b172598c02d9d4662345ddf9507cc50a92df53,3,9,-91
10:47:50,P68,fefb10f36962cf57654b9dc5a9cedb1bff01f07a3f04f782dc46710ae460d88f,3,13,-91
10:47:50,P69,2ef453db5bee3b2a3b781a8c8fe335a80d4116df64d33a0c35f29e5c902d606b,5,9,-93
10:47:52,P6102,b9baf3ea4b20da719626a3f181e190bba2064cafe9bd04ba9de3ea97fb65c6bf,0,11,-73
10:47:52,P63,4c9b9b7921c60adada5801762daa34f799feff8dd70136e3af8f242812391b6a,3,5,-86
10:47:52,P68,fefb10f36962cf57654b9dc5a9cedb1bff01f07a3f04f782dc46710ae460d88f,3,13,-89
10:47:52,P69,f915639ed7526b9886773139dc50e04df0df6eca6b4b6c9cca2ac3f55bd4f579,5,13,-91
10:47:52,P66,34f5a476b2d8fa9c4668f78b6556c3d7f8d393a55607644bc0a817b997444dc1,3,13,-92
10:47:52,P66,7c28118dce6654900f09f716972c8b2f7aaba3eadfa8b014ea7a08e6e0a87966,3,5,-93
10:47:52,P63,05f95eba51ac9dadfd3f868cb6d04cfb0017a67b0d07489b346ff072c884e461,3,5,-93
10:47:54,P6102,b9baf3ea4b20da719626a3f181e190bba2064cafe9bd04ba9de3ea97fb65c6bf,0,11,-73
10:47:54,P69,d9fe9e5b950ef09468a1675977d58f324d548e19aaded957c03025d93c839de7,5,5,-92
10:47:54,P63,e5ae075101d7017bd9d52fdaba7640bb2baca714205edaff823586f2fabe45ed,3,13,-92
10:47:56,P6102,b9baf3ea4b20da719626a3f181e190bba2064cafe9bd04ba9de3ea97fb65c6bf,0,11,-75
10:47:56,P66,0d68564cc41242f8e5233205683a6acb7f8b25190d1179ba038a078cb79e8554,3,5,-88
10:47:56,P68,08a5c4245df2609838ad2da7aeef677624bfb525ff9ab1ead172e0a05a6bb3fa,3,5,-88
10:47:56,P69,2ef453db5bee3b2a3b781a8c8fe335a80d4116df64d33a0c35f29e5c902d606b,5,9,-89
10:47:56,P68,a551ffd8097fc93a3a299af31b9ae75a4bfc1e1d1ef43c9d50d991e7308fcdad,3,9,-90
10:47:56,P63,59bb16de183f570e9e9684c6c3b172598c02d9d4662345ddf9507cc50a92df53,3,9,-91
10:47:56,P67,4353f5ee5a98f257fe5ede5065fd001f5c9d05598f7a8ba485cf4e42b98e9919,0,5,-93
10:47:56,P63,4c9b9b7921c60adada5801762daa34f799feff8dd70136e3af8f242812391b6a,3,5,-93
10:47:58,P6102,b9baf3ea4b20da719626a3f181e190bba2064cafe9bd04ba9de3ea97fb65c6bf,0,11,-84
10:47:58,P67,10dcc2cb3fa0e853f94e830e7e4c46691d6604c12676273ee855b2917f7fd096,0,13,-93
10:47:58,P66,55b56ed73908c768b3e51b04990621b5f15585ceaee116dad73dda330a1762f8,3,13,-93
10:48:00,P6102,b9baf3ea4b20da719626a3f181e190bba2064cafe9bd04ba9de3ea97fb65c6bf,0,11,-82
10:48:00,P68,92a949cb653a60d7f29d6a8e40de7ced76a65919887d615f8596a98cd808630a,3,5,-88
10:48:00,P6106,fab08bf7dd6fadca3b80c4cd27f6ce1ac9dd192033ea4261633adf1f5e9c6d01,3,6,-88
10:48:00,P698,4185c3f6ca04fe05f33d49b039778f0fcfa070cfdbf1fc038428e78da2f0d320,5,6,-89
10:48:00,P63,59bb16de183f570e9e9684c6c3b172598c02d9d4662345ddf9507cc50a92df53,3,9,-93
10:48:00,P69,2ef453db5bee3b2a3b781a8c8fe335a80d4116df64d33a0c35f29e5c902d606b,5,9,-97
10:48:02,P6102,940ac55a01f275a64740f4d7f2fe3874b822ccaee64444f4b265e0bb5f787dd4,0,1,-71
10:48:02,P69,2ef453db5bee3b2a3b781a8c8fe335a80d4116df64d33a0c35f29e5c902d606b,5,9,-95
10:48:03,P6102,b9baf3ea4b20da719626a3f181e190bba2064cafe9bd04ba9de3ea97fb65c6bf,0,11,-79
10:48:03,P6102,e2b38d35d6a93518fc1c2aea6ba8a5887dc0648b5aac4bc295df009a5c054b5a,0,11,-86
10:48:03,P667,48ba618e364b50064a4e3e9c53dacbbe03a306d163d644fb858e8416ffb1d9cb,3,10,-96
10:48:05,P6102,b9baf3ea4b20da719626a3f181e190bba2064cafe9bd04ba9de3ea97fb65c6bf,0,11,-75
10:48:05,P698,4185c3f6ca04fe05f33d49b039778f0fcfa070cfdbf1fc038428e78da2f0d320,5,6,-80
10:48:05,P6106,39b4ee00374a3f7672add5db987565d3b1636dadfe28177a69027b7d5fd90911,3,6,-80
10:48:05,P695,7ddb6250af6d956ed387799a6023c3e99bf041b452daeae6fd6b24ff9b3ceb6f,0,6,-81
10:48:05,P694,59397d9586fc1aebc51b52512fb5895783f9f1561ca28372cada1bce2ce3d948,5,6,-81
10:48:07,P6102,b9baf3ea4b20da719626a3f181e190bba2064cafe9bd04ba9de3ea97fb65c6bf,0,11,-77
10:48:07,P694,59397d9586fc1aebc51b52512fb5895783f9f1561ca28372cada1bce2ce3d948,5,6,-84
10:48:07,P6106,39b4ee00374a3f7672add5db987565d3b1636dadfe28177a69027b7d5fd90911,3,6,-84
10:48:07,P695,7ddb6250af6d956ed387799a6023c3e99bf041b452daeae6fd6b24ff9b3ceb6f,0,6,-85
10:48:07,P6107,78bf810b923b849de4c01bc0952fb2fdb61b8f2ad3ed41612f884f25611d40ee,3,6,-92
10:48:09,P6102,b9baf3ea4b20da719626a3f181e190bba2064cafe9bd04ba9de3ea97fb65c6bf,0,11,-79
10:48:09,P694,59397d9586fc1aebc51b52512fb5895783f9f1561ca28372cada1bce2ce3d948,5,6,-81
10:48:09,P695,7ddb6250af6d956ed387799a6023c3e99bf041b452daeae6fd6b24ff9b3ceb6f,0,6,-82
10:48:11,P6102,b9baf3ea4b20da719626a3f181e190bba2064cafe9bd04ba9de3ea97fb65c6bf,0,11,-73
10:48:11,P6102,940ac55a01f275a64740f4d7f2fe3874b822ccaee64444f4b265e0bb5f787dd4,0,1,-80
10:48:11,P695,7ddb6250af6d956ed387799a6023c3e99bf041b452daeae6fd6b24ff9b3ceb6f,0,6,-81
10:48:11,P694,59397d9586fc1aebc51b52512fb5895783f9f1561ca28372cada1bce2ce3d948,5,6,-82
10:48:11,P69,71c8d7a4e958d4181df8a58a4eaf1b9114e295d1086040c7a7819d5b62f6868d,5,5,-87
10:48:13,P6106,39b4ee00374a3f7672add5db987565d3b1636dadfe28177a69027b7d5fd90911,3,6,-90
10:48:15,P6102,b9baf3ea4b20da719626a3f181e190bba2064cafe9bd04ba9de3ea97fb65c6bf,0,11,-57
10:48:15,P6105,3d4ffe9292ece145e9e0a76a9b8fb7a12fb43ab502b85a5160da33ee75e592c0,4,1,-91
10:48:17,P6102,b9baf3ea4b20da719626a3f181e190bba2064cafe9bd04ba9de3ea97fb65c6bf,0,11,-64
10:48:19,P69,d9fe9e5b950ef09468a1675977d58f324d548e19aaded957c03025d93c839de7,5,5,-94
10:48:20,P6102,b9baf3ea4b20da719626a3f181e190bba2064cafe9bd04ba9de3ea97fb65c6bf,0,11,-76
10:48:20,P6102,e2b38d35d6a93518fc1c2aea6ba8a5887dc0648b5aac4bc295df009a5c054b5a,0,11,-88
10:48:22,P6102,b9baf3ea4b20da719626a3f181e190bba2064cafe9bd04ba9de3ea97fb65c6bf,0,11,-78
10:48:24,P694,59397d9586fc1aebc51b52512fb5895783f9f1561ca28372cada1bce2ce3d948,5,6,-87
10:48:26,P6102,b9baf3ea4b20da719626a3f181e190bba2064cafe9bd04ba9de3ea97fb65c6bf,0,11,-73
10:48:26,P698,272efd8437695ccb0beb8ef156d781f089b34c610e31eedebb3f0e1107330909,5,6,-91
10:48:28,P6102,b9baf3ea4b20da719626a3f181e190bba2064cafe9bd04ba9de3ea97fb65c6bf,0,11,-78
10:48:28,P66,0d68564cc41242f8e5233205683a6acb7f8b25190d1179ba038a078cb79e8554,3,5,-90
10:48:28,P63,a66b100759ac90574182f679dbc3d61a829dfeb000924a739945387104c51de5,3,5,-92
10:48:28,P67,00cc5f59ca1bdc9ff345e147629be7b1d99342a26d49586cf4b2b270ab8fc41e,0,5,-93
10:48:28,P69,71c8d7a4e958d4181df8a58a4eaf1b9114e295d1086040c7a7819d5b62f6868d,5,5,-93
10:48:30,P6102,b9baf3ea4b20da719626a3f181e190bba2064cafe9bd04ba9de3ea97fb65c6bf,0,11,-69
10:48:32,P6102,b9baf3ea4b20da719626a3f181e190bba2064cafe9bd04ba9de3ea97fb65c6bf,0,11,-72
10:48:34,P6102,b9baf3ea4b20da719626a3f181e190bba2064cafe9bd04ba9de3ea97fb65c6bf,0,11,-58
10:48:34,P6106,39b4ee00374a3f7672add5db987565d3b1636dadfe28177a69027b7d5fd90911,3,6,-84
10:48:34,P695,decdf6012c03fc6ab40aeb5feeb7e596c026ec541a1286bce84ee1624df3936c,0,6,-90
10:48:35,P6102,b9baf3ea4b20da719626a3f181e190bba2064cafe9bd04ba9de3ea97fb65c6bf,0,11,-68
10:48:35,P6106,39b4ee00374a3f7672add5db987565d3b1636dadfe28177a69027b7d5fd90911,3,6,-85
10:48:37,P6102,b9baf3ea4b20da719626a3f181e190bba2064cafe9bd04ba9de3ea97fb65c6bf,0,11,-62
10:48:37,P6106,39b4ee00374a3f7672add5db987565d3b1636dadfe28177a69027b7d5fd90911,3,6,-88
10:48:37,P695,decdf6012c03fc6ab40aeb5feeb7e596c026ec541a1286bce84ee1624df3936c,0,6,-90
10:48:39,P6102,b9baf3ea4b20da719626a3f181e190bba2064cafe9bd04ba9de3ea97fb65c6bf,0,11,-60
10:48:39,P6106,39b4ee00374a3f7672add5db987565d3b1636dadfe28177a69027b7d5fd90911,3,6,-81
10:48:43,P6102,b9baf3ea4b20da719626a3f181e190bba2064cafe9bd04ba9de3ea97fb65c6bf,0,11,-74
10:48:43,P6102,940ac55a01f275a64740f4d7f2fe3874b822ccaee64444f4b265e0bb5f787dd4,0,1,-80
10:48:43,P694,59397d9586fc1aebc51b52512fb5895783f9f1561ca28372cada1bce2ce3d948,5,6,-82
10:48:43,P695,7ddb6250af6d956ed387799a6023c3e99bf041b452daeae6fd6b24ff9b3ceb6f,0,6,-83
10:48:45,P6102,b9baf3ea4b20da719626a3f181e190bba2064cafe9bd04ba9de3ea97fb65c6bf,0,11,-68
10:48:47,P6102,b9baf3ea4b20da719626a3f181e190bba2064cafe9bd04ba9de3ea97fb65c6bf,0,11,-67
10:48:47,P694,59397d9586fc1aebc51b52512fb5895783f9f1561ca28372cada1bce2ce3d948,5,6,-80
10:48:47,P698,4185c3f6ca04fe05f33d49b039778f0fcfa070cfdbf1fc038428e78da2f0d320,5,6,-80
10:48:47,P6106,39b4ee00374a3f7672add5db987565d3b1636dadfe28177a69027b7d5fd90911,3,6,-80
10:48:47,P695,7ddb6250af6d956ed387799a6023c3e99bf041b452daeae6fd6b24ff9b3ceb6f,0,6,-81
10:48:49,P6102,b9baf3ea4b20da719626a3f181e190bba2064cafe9bd04ba9de3ea97fb65c6bf,0,11,-66
10:48:50,P6102,b9baf3ea4b20da719626a3f181e190bba2064cafe9bd04ba9de3ea97fb65c6bf,0,11,-74
10:48:50,P695,7ddb6250af6d956ed387799a6023c3e99bf041b452daeae6fd6b24ff9b3ceb6f,0,6,-78
10:48:50,P694,59397d9586fc1aebc51b52512fb5895783f9f1561ca28372cada1bce2ce3d948,5,6,-78
10:48:50,P698,4185c3f6ca04fe05f33d49b039778f0fcfa070cfdbf1fc038428e78da2f0d320,5,6,-79
10:48:50,P6106,39b4ee00374a3f7672add5db987565d3b1636dadfe28177a69027b7d5fd90911,3,6,-79
10:48:50,P672,6fd8d1c2037e7378ba5a48b10400b0b765669618229c4654c536bb446b5202e8,0,1,-88
10:48:52,P6102,b9baf3ea4b20da719626a3f181e190bba2064cafe9bd04ba9de3ea97fb65c6bf,0,11,-71
10:48:52,P695,7ddb6250af6d956ed387799a6023c3e99bf041b452daeae6fd6b24ff9b3ceb6f,0,6,-86
10:48:54,P6102,b9baf3ea4b20da719626a3f181e190bba2064cafe9bd04ba9de3ea97fb65c6bf,0,11,-82
10:48:54,P6107,78bf810b923b849de4c01bc0952fb2fdb61b8f2ad3ed41612f884f25611d40ee,3,6,-90
10:48:54,P66,7c28118dce6654900f09f716972c8b2f7aaba3eadfa8b014ea7a08e6e0a87966,3,5,-91
10:48:54,P67,94f9314af7b8a9710a58cef9a735ce4dbac17c9b226053764ac55dd2b5511bd5,0,5,-92
10:48:54,P68,3aff825636b113bf9d5553dcd301f2e1b82c61e81ca52befd86ecc9411d24fdf,3,5,-95
10:48:56,P6102,b9baf3ea4b20da719626a3f181e190bba2064cafe9bd04ba9de3ea97fb65c6bf,0,11,-79
10:48:58,P6102,b9baf3ea4b20da719626a3f181e190bba2064cafe9bd04ba9de3ea97fb65c6bf,0,11,-80
10:49:00,P6102,940ac55a01f275a64740f4d7f2fe3874b822ccaee64444f4b265e0bb5f787dd4,0,1,-79
10:49:00,P6102,b9baf3ea4b20da719626a3f181e190bba2064cafe9bd04ba9de3ea97fb65c6bf,0,11,-81
10:49:02,P6102,b9baf3ea4b20da719626a3f181e190bba2064cafe9bd04ba9de3ea97fb65c6bf,0,11,-81
10:49:02,P672,6fd8d1c2037e7378ba5a48b10400b0b765669618229c4654c536bb446b5202e8,0,1,-87
10:49:04,P6102,b9baf3ea4b20da719626a3f181e190bba2064cafe9bd04ba9de3ea97fb65c6bf,0,11,-81
10:49:04,P695,7ddb6250af6d956ed387799a6023c3e99bf041b452daeae6fd6b24ff9b3ceb6f,0,6,-84
10:49:04,P694,59397d9586fc1aebc51b52512fb5895783f9f1561ca28372cada1bce2ce3d948,5,6,-84
10:49:04,P6106,39b4ee00374a3f7672add5db987565d3b1636dadfe28177a69027b7d5fd90911,3,6,-84
10:49:06,P6102,940ac55a01f275a64740f4d7f2fe3874b822ccaee64444f4b265e0bb5f787dd4,0,1,-78
10:49:06,P6102,b9baf3ea4b20da719626a3f181e190bba2064cafe9bd04ba9de3ea97fb65c6bf,0,11,-80
10:49:07,P6102,b9baf3ea4b20da719626a3f181e190bba2064cafe9bd04ba9de3ea97fb65c6bf,0,11,-82
10:49:07,P6102,e2b38d35d6a93518fc1c2aea6ba8a5887dc0648b5aac4bc295df009a5c054b5a,0,11,-88
10:49:09,P6102,b9baf3ea4b20da719626a3f181e190bba2064cafe9bd04ba9de3ea97fb65c6bf,0,11,-79
10:49:11,P6102,b9baf3ea4b20da719626a3f181e190bba2064cafe9bd04ba9de3ea97fb65c6bf,0,11,-78
10:49:11,P698,4185c3f6ca04fe05f33d49b039778f0fcfa070cfdbf1fc038428e78da2f0d320,5,6,-90
10:49:11,P6104,97d43154617566e1e2f102578ae733ba05320133daaeccbe517eb9b26ca9e35d,4,1,-92
10:49:13,P6102,940ac55a01f275a64740f4d7f2fe3874b822ccaee64444f4b265e0bb5f787dd4,0,1,-63
10:49:13,P69,d9fe9e5b950ef09468a1675977d58f324d548e19aaded957c03025d93c839de7,5,5,-89
10:49:13,P68,a6ee92f9874c6db110b8a546e5bfa7470a928311815dc8468e9cb4dabf6437fc,3,5,-91
10:49:15,P6102,b9baf3ea4b20da719626a3f181e190bba2064cafe9bd04ba9de3ea97fb65c6bf,0,11,-84
10:49:17,P6102,b9baf3ea4b20da719626a3f181e190bba2064cafe9bd04ba9de3ea97fb65c6bf,0,11,-74
10:49:17,P698,4185c3f6ca04fe05f33d49b039778f0fcfa070cfdbf1fc038428e78da2f0d320,5,6,-88
10:49:19,P6102,b9baf3ea4b20da719626a3f181e190bba2064cafe9bd04ba9de3ea97fb65c6bf,0,11,-79
10:49:20,P6102,b9baf3ea4b20da719626a3f181e190bba2064cafe9bd04ba9de3ea97fb65c6bf,0,11,-77
10:49:20,P6106,39b4ee00374a3f7672add5db987565d3b1636dadfe28177a69027b7d5fd90911,3,6,-89
10:49:20,P6107,78bf810b923b849de4c01bc0952fb2fdb61b8f2ad3ed41612f884f25611d40ee,3,6,-95
10:49:22,P6102,b9baf3ea4b20da719626a3f181e190bba2064cafe9bd04ba9de3ea97fb65c6bf,0,11,-81
10:49:22,P63,e5ae075101d7017bd9d52fdaba7640bb2baca714205edaff823586f2fabe45ed,3,13,-93
10:49:24,P6102,b9baf3ea4b20da719626a3f181e190bba2064cafe9bd04ba9de3ea97fb65c6bf,0,11,-84
10:49:28,P6102,b9baf3ea4b20da719626a3f181e190bba2064cafe9bd04ba9de3ea97fb65c6bf,0,11,-84
10:49:39,P6104,97d43154617566e1e2f102578ae733ba05320133daaeccbe517eb9b26ca9e35d,4,1,-87
10:49:41,P6102,b9baf3ea4b20da719626a3f181e190bba2064cafe9bd04ba9de3ea97fb65c6bf,0,11,-85
10:49:43,P6104,97d43154617566e1e2f102578ae733ba05320133daaeccbe517eb9b26ca9e35d,4,1,-82
10:49:43,P6105,3d4ffe9292ece145e9e0a76a9b8fb7a12fb43ab502b85a5160da33ee75e592c0,4,1,-86
10:49:44,P6102,940ac55a01f275a64740f4d7f2fe3874b822ccaee64444f4b265e0bb5f787dd4,0,1,-86
10:49:48,P6105,3d4ffe9292ece145e9e0a76a9b8fb7a12fb43ab502b85a5160da33ee75e592c0,4,1,-89
10:49:50,P6102,940ac55a01f275a64740f4d7f2fe3874b822ccaee64444f4b265e0bb5f787dd4,0,1,-83
10:49:54,P6105,3d4ffe9292ece145e9e0a76a9b8fb7a12fb43ab502b85a5160da33ee75e592c0,4,1,-85
10:49:54,P6106,b1e740e76e21075f2cf28130c30433d191cd243adbb5360a576d55c9672844f4,3,11,-94
10:50:06,P6102,56a85f8f40c1bdb6ca45d29c08e7297ebd1a35bd939a58b34a9c52e7cffb2cb1,0,6,-86
10:50:10,P6106,b1e740e76e21075f2cf28130c30433d191cd243adbb5360a576d55c9672844f4,3,11,-87
10:50:10,P695,921dde94afc534810453ce557dba84e7c1573583357b34295e0ef432ea4deb15,0,11,-88
10:50:10,P694,0e5a2e9466f9c6d7c9949a65bd62298065c3184055a6e1e0dec7450067307f0b,5,11,-88
10:50:16,P672,288873aeb3f04d227cf61a1739287bea266017fff79a5effdbd44be654c29ee4,0,11,-89
10:50:21,P6104,97d43154617566e1e2f102578ae733ba05320133daaeccbe517eb9b26ca9e35d,4,1,-92
10:50:23,P6105,3d4ffe9292ece145e9e0a76a9b8fb7a12fb43ab502b85a5160da33ee75e592c0,4,1,-89
10:50:23,P6107,78bf810b923b849de4c01bc0952fb2fdb61b8f2ad3ed41612f884f25611d40ee,3,6,-90
10:50:25,P6102,56a85f8f40c1bdb6ca45d29c08e7297ebd1a35bd939a58b34a9c52e7cffb2cb1,0,6,-88
10:50:30,P6105,3d4ffe9292ece145e9e0a76a9b8fb7a12fb43ab502b85a5160da33ee75e592c0,4,1,-87
10:50:30,P6104,97d43154617566e1e2f102578ae733ba05320133daaeccbe517eb9b26ca9e35d,4,1,-89
10:50:32,P695,cbe525ab14dcc5505e53f4a50849e353e41f4a5a983f198a44fab8a2e2ac88ef,0,6,-82
10:50:32,P694,431c749c80ed52109d78726bca2a3601fb276831ea14e05f8cccdd4da17cb9d6,5,6,-82
10:50:34,P66,7c28118dce6654900f09f716972c8b2f7aaba3eadfa8b014ea7a08e6e0a87966,3,5,-92
10:50:34,P694,431c749c80ed52109d78726bca2a3601fb276831ea14e05f8cccdd4da17cb9d6,5,6,-92
10:50:34,P69,d9fe9e5b950ef09468a1675977d58f324d548e19aaded957c03025d93c839de7,5,5,-93
10:50:36,P6104,97d43154617566e1e2f102578ae733ba05320133daaeccbe517eb9b26ca9e35d,4,1,-83
10:50:36,P69,5fbd4dbda8c16d2f9e0ebc70f811cf9fccef553a429b1f203a15a756d0e297e1,5,5,-93
10:50:38,P6102,940ac55a01f275a64740f4d7f2fe3874b822ccaee64444f4b265e0bb5f787dd4,0,1,-80
10:50:38,P6105,3d4ffe9292ece145e9e0a76a9b8fb7a12fb43ab502b85a5160da33ee75e592c0,4,1,-81
10:50:38,P698,839bf95b48dcdea12282c9776bcd38a485bcbd921ddb2c57023fd32422343c4a,5,6,-86
10:50:40,P698,839bf95b48dcdea12282c9776bcd38a485bcbd921ddb2c57023fd32422343c4a,5,6,-92
10:50:42,P695,cbe525ab14dcc5505e53f4a50849e353e41f4a5a983f198a44fab8a2e2ac88ef,0,6,-89
10:50:42,P694,431c749c80ed52109d78726bca2a3601fb276831ea14e05f8cccdd4da17cb9d6,5,6,-89
10:50:42,P6102,b9baf3ea4b20da719626a3f181e190bba2064cafe9bd04ba9de3ea97fb65c6bf,0,11,-91
10:50:43,P6105,3d4ffe9292ece145e9e0a76a9b8fb7a12fb43ab502b85a5160da33ee75e592c0,4,1,-77
10:50:43,P6107,78bf810b923b849de4c01bc0952fb2fdb61b8f2ad3ed41612f884f25611d40ee,3,6,-90
10:50:45,P695,cbe525ab14dcc5505e53f4a50849e353e41f4a5a983f198a44fab8a2e2ac88ef,0,6,-87
10:50:45,P6106,3aaa514d586c30ba84c01b2386f2935cbdb04d4f777178e87e080391b7c2f241,3,6,-88
10:50:45,P694,431c749c80ed52109d78726bca2a3601fb276831ea14e05f8cccdd4da17cb9d6,5,6,-89
10:50:45,P63,4c9b9b7921c60adada5801762daa34f799feff8dd70136e3af8f242812391b6a,3,5,-95
10:50:47,P6104,97d43154617566e1e2f102578ae733ba05320133daaeccbe517eb9b26ca9e35d,4,1,-90
10:50:49,P6105,3d4ffe9292ece145e9e0a76a9b8fb7a12fb43ab502b85a5160da33ee75e592c0,4,1,-84
10:50:49,P695,cbe525ab14dcc5505e53f4a50849e353e41f4a5a983f198a44fab8a2e2ac88ef,0,6,-88
10:50:49,P672,4070ac5be644255844dfb439548e4716841c686ee549f3bcf6e38bbcb4a8ba5c,0,11,-90
10:50:51,P6102,e2b38d35d6a93518fc1c2aea6ba8a5887dc0648b5aac4bc295df009a5c054b5a,0,11,-89
10:50:53,P68,3aff825636b113bf9d5553dcd301f2e1b82c61e81ca52befd86ecc9411d24fdf,3,5,-92
10:50:55,P63,05f95eba51ac9dadfd3f868cb6d04cfb0017a67b0d07489b346ff072c884e461,3,5,-91
10:50:57,P6107,78bf810b923b849de4c01bc0952fb2fdb61b8f2ad3ed41612f884f25611d40ee,3,6,-85
10:50:57,P68,d8b1af262bfe33f24c3f761a5c4f314dee430659ec17cefef8b6a29fdef8cbac,3,5,-87
10:50:57,P69,d9fe9e5b950ef09468a1675977d58f324d548e19aaded957c03025d93c839de7,5,5,-88
10:50:57,P63,05f95eba51ac9dadfd3f868cb6d04cfb0017a67b0d07489b346ff072c884e461,3,5,-88
10:50:57,P6101,eb361d9bd6a52c45a3e44f99bde992a075b81a8e71265e7c7277ebc6786d0c4f,3,8,-90
10:50:58,P67,10dcc2cb3fa0e853f94e830e7e4c46691d6604c12676273ee855b2917f7fd096,0,13,-90
10:50:58,P66,55b56ed73908c768b3e51b04990621b5f15585ceaee116dad73dda330a1762f8,3,13,-90
10:50:58,P68,f455080ee4ac794af1a82ffce10fa6be5d0b1e1c062debc7b9b61d5215eeb8ed,3,13,-90
10:50:58,P69,a81a446607bcddf0e0b80f1c8e40e3e3a1d34ce85b862b580c959cc2b1f3831a,5,13,-90
10:50:58,P63,85155d828d2e3a33e53f3ea28cab86267cc05c0f7a0c25d99180633d3ec7f40e,3,13,-90
10:50:58,P69,f915639ed7526b9886773139dc50e04df0df6eca6b4b6c9cca2ac3f55bd4f579,5,13,-93
10:50:58,P63,e5ae075101d7017bd9d52fdaba7640bb2baca714205edaff823586f2fabe45ed,3,13,-93
10:51:00,P678,77ddcbcac6c970f0a1e2bd5cb248d71577c91612891d45c3e05d78f13b6b04c4,0,1,-81
10:51:00,P67,1a05535977a77dab097336ef3bf4ad808fdb9510f0fe5a0d842d08087cb7d4a1,0,9,-91
10:51:00,P66,904c6eeb208bf35589a5d85b6b9b7df6d8d7c69e5d0254fb5c0f893d244178f3,3,9,-92
10:51:02,P6107,78bf810b923b849de4c01bc0952fb2fdb61b8f2ad3ed41612f884f25611d40ee,3,6,-73
10:51:02,P667,48ba618e364b50064a4e3e9c53dacbbe03a306d163d644fb858e8416ffb1d9cb,3,10,-83
10:51:02,P67,1106d061fae6daab6b376d8521bd4ca4144c01f34a04cd34d56d31823cfb90f6,0,5,-87
10:51:02,P66,c7f9610982dd54f7074403902f122be75ce70a52f87cccb874ecc54af08f7481,3,5,-88
10:51:02,P67,94f9314af7b8a9710a58cef9a735ce4dbac17c9b226053764ac55dd2b5511bd5,0,5,-88
10:51:04,P6102,940ac55a01f275a64740f4d7f2fe3874b822ccaee64444f4b265e0bb5f787dd4,0,1,-70
10:51:04,P6107,78bf810b923b849de4c01bc0952fb2fdb61b8f2ad3ed41612f884f25611d40ee,3,6,-80
10:51:04,P66,34f5a476b2d8fa9c4668f78b6556c3d7f8d393a55607644bc0a817b997444dc1,3,13,-86
10:51:06,P66,55b56ed73908c768b3e51b04990621b5f15585ceaee116dad73dda330a1762f8,3,13,-94
10:51:06,P67,10dcc2cb3fa0e853f94e830e7e4c46691d6604c12676273ee855b2917f7fd096,0,13,-96
10:51:06,P68,f455080ee4ac794af1a82ffce10fa6be5d0b1e1c062debc7b9b61d5215eeb8ed,3,13,-96
10:51:08,P6107,78bf810b923b849de4c01bc0952fb2fdb61b8f2ad3ed41612f884f25611d40ee,3,6,-74
10:51:08,P678,77ddcbcac6c970f0a1e2bd5cb248d71577c91612891d45c3e05d78f13b6b04c4,0,1,-82
10:51:08,P67,4353f5ee5a98f257fe5ede5065fd001f5c9d05598f7a8ba485cf4e42b98e9919,0,5,-82
10:51:08,P6102,b9baf3ea4b20da719626a3f181e190bba2064cafe9bd04ba9de3ea97fb65c6bf,0,11,-85
10:51:08,P66,904c6eeb208bf35589a5d85b6b9b7df6d8d7c69e5d0254fb5c0f893d244178f3,3,9,-87
10:51:08,P69,2ef453db5bee3b2a3b781a8c8fe335a80d4116df64d33a0c35f29e5c902d606b,5,9,-87
10:51:08,P68,a551ffd8097fc93a3a299af31b9ae75a4bfc1e1d1ef43c9d50d991e7308fcdad,3,9,-88
10:51:08,P69,22f597205375a0efb9c827fe584d522953e855854d7bce638c84d4d58cd0cf99,5,5,-90
10:51:08,P63,a66b100759ac90574182f679dbc3d61a829dfeb000924a739945387104c51de5,3,5,-91
10:51:10,P6102,940ac55a01f275a64740f4d7f2fe3874b822ccaee64444f4b265e0bb5f787dd4,0,1,-66
10:51:10,P67,00cc5f59ca1bdc9ff345e147629be7b1d99342a26d49586cf4b2b270ab8fc41e,0,5,-89
10:51:10,P66,0d68564cc41242f8e5233205683a6acb7f8b25190d1179ba038a078cb79e8554,3,5,-90
10:51:10,P68,92a949cb653a60d7f29d6a8e40de7ced76a65919887d615f8596a98cd808630a,3,5,-91
10:51:10,P6101,eb361d9bd6a52c45a3e44f99bde992a075b81a8e71265e7c7277ebc6786d0c4f,3,8,-92
10:51:12,P6102,940ac55a01f275a64740f4d7f2fe3874b822ccaee64444f4b265e0bb5f787dd4,0,1,-61
10:51:12,P6107,78bf810b923b849de4c01bc0952fb2fdb61b8f2ad3ed41612f884f25611d40ee,3,6,-82
10:51:14,P6102,940ac55a01f275a64740f4d7f2fe3874b822ccaee64444f4b265e0bb5f787dd4,0,1,-63
10:51:14,P6105,3d4ffe9292ece145e9e0a76a9b8fb7a12fb43ab502b85a5160da33ee75e592c0,4,1,-87
10:51:14,P69,a81a446607bcddf0e0b80f1c8e40e3e3a1d34ce85b862b580c959cc2b1f3831a,5,13,-94
10:51:14,P66,904c6eeb208bf35589a5d85b6b9b7df6d8d7c69e5d0254fb5c0f893d244178f3,3,9,-95
10:51:16,P6102,b9baf3ea4b20da719626a3f181e190bba2064cafe9bd04ba9de3ea97fb65c6bf,0,11,-87
10:51:16,P63,b63e06a405601e21341afb86bd0013ca6769f0297aca46e0089397e200b330e4,3,5,-92
10:51:16,P63,1e0f5e473724cab3e43c16eef5b0b0ed6e970fbc5ebb8c5e02f13eb135c16eb1,3,5,-93
10:51:16,P67,ab0a7c25c6f423c4b90f8ab45dc726fba39d072a9d609a479623f3075aaf3f73,0,5,-94
10:51:16,P67,10dcc2cb3fa0e853f94e830e7e4c46691d6604c12676273ee855b2917f7fd096,0,13,-95
10:51:18,P63,e5ae075101d7017bd9d52fdaba7640bb2baca714205edaff823586f2fabe45ed,3,13,-90
10:51:18,P69,f915639ed7526b9886773139dc50e04df0df6eca6b4b6c9cca2ac3f55bd4f579,5,13,-92
10:51:20,P6102,940ac55a01f275a64740f4d7f2fe3874b822ccaee64444f4b265e0bb5f787dd4,0,1,-56
10:51:20,P6107,78bf810b923b849de4c01bc0952fb2fdb61b8f2ad3ed41612f884f25611d40ee,3,6,-85
10:51:20,P69,22f597205375a0efb9c827fe584d522953e855854d7bce638c84d4d58cd0cf99,5,5,-93
10:51:20,P69,a81a446607bcddf0e0b80f1c8e40e3e3a1d34ce85b862b580c959cc2b1f3831a,5,13,-93
10:51:21,P6102,940ac55a01f275a64740f4d7f2fe3874b822ccaee64444f4b265e0bb5f787dd4,0,1,-55
10:51:21,P6107,78bf810b923b849de4c01bc0952fb2fdb61b8f2ad3ed41612f884f25611d40ee,3,6,-88
10:51:21,P69,5fbd4dbda8c16d2f9e0ebc70f811cf9fccef553a429b1f203a15a756d0e297e1,5,5,-89
10:51:21,P68,fefb10f36962cf57654b9dc5a9cedb1bff01f07a3f04f782dc46710ae460d88f,3,13,-95
10:51:21,P63,e5ae075101d7017bd9d52fdaba7640bb2baca714205edaff823586f2fabe45ed,3,13,-96
10:51:23,P6102,940ac55a01f275a64740f4d7f2fe3874b822ccaee64444f4b265e0bb5f787dd4,0,1,-51
10:51:23,P69,d9fe9e5b950ef09468a1675977d58f324d548e19aaded957c03025d93c839de7,5,5,-85
10:51:23,P69,f915639ed7526b9886773139dc50e04df0df6eca6b4b6c9cca2ac3f55bd4f579,5,13,-95
10:51:25,P6102,940ac55a01f275a64740f4d7f2fe3874b822ccaee64444f4b265e0bb5f787dd4,0,1,-66
10:51:25,P6107,78bf810b923b849de4c01bc0952fb2fdb61b8f2ad3ed41612f884f25611d40ee,3,6,-87
10:51:27,P6102,940ac55a01f275a64740f4d7f2fe3874b822ccaee64444f4b265e0bb5f787dd4,0,1,-64
10:51:27,P6104,97d43154617566e1e2f102578ae733ba05320133daaeccbe517eb9b26ca9e35d,4,1,-82
10:51:27,P678,77ddcbcac6c970f0a1e2bd5cb248d71577c91612891d45c3e05d78f13b6b04c4,0,1,-86
10:51:27,P67,00cc5f59ca1bdc9ff345e147629be7b1d99342a26d49586cf4b2b270ab8fc41e,0,5,-88
10:51:27,P67,1a05535977a77dab097336ef3bf4ad808fdb9510f0fe5a0d842d08087cb7d4a1,0,9,-91
10:51:27,P68,a551ffd8097fc93a3a299af31b9ae75a4bfc1e1d1ef43c9d50d991e7308fcdad,3,9,-91
10:51:27,P69,2ef453db5bee3b2a3b781a8c8fe335a80d4116df64d33a0c35f29e5c902d606b,5,9,-91
10:51:27,P66,904c6eeb208bf35589a5d85b6b9b7df6d8d7c69e5d0254fb5c0f893d244178f3,3,9,-94
10:51:27,P63,59bb16de183f570e9e9684c6c3b172598c02d9d4662345ddf9507cc50a92df53,3,9,-95
10:51:29,P6102,940ac55a01f275a64740f4d7f2fe3874b822ccaee64444f4b265e0bb5f787dd4,0,1,-60
10:51:31,P6107,78bf810b923b849de4c01bc0952fb2fdb61b8f2ad3ed41612f884f25611d40ee,3,6,-77
10:51:31,P678,77ddcbcac6c970f0a1e2bd5cb248d71577c91612891d45c3e05d78f13b6b04c4,0,1,-87
10:51:33,P6102,940ac55a01f275a64740f4d7f2fe3874b822ccaee64444f4b265e0bb5f787dd4,0,1,-63
10:51:33,P66,0d68564cc41242f8e5233205683a6acb7f8b25190d1179ba038a078cb79e8554,3,5,-89
10:51:33,P6104,97d43154617566e1e2f102578ae733ba05320133daaeccbe517eb9b26ca9e35d,4,1,-91
10:51:33,P69,2ef453db5bee3b2a3b781a8c8fe335a80d4116df64d33a0c35f29e5c902d606b,5,9,-91
10:51:33,P6105,3d4ffe9292ece145e9e0a76a9b8fb7a12fb43ab502b85a5160da33ee75e592c0,4,1,-92
10:51:33,P67,4353f5ee5a98f257fe5ede5065fd001f5c9d05598f7a8ba485cf4e42b98e9919,0,5,-93
10:51:33,P67,1a05535977a77dab097336ef3bf4ad808fdb9510f0fe5a0d842d08087cb7d4a1,0,9,-94
10:51:35,P63,4c9b9b7921c60adada5801762daa34f799feff8dd70136e3af8f242812391b6a,3,5,-83
10:51:35,P63,a66b100759ac90574182f679dbc3d61a829dfeb000924a739945387104c51de5,3,5,-87
10:51:35,P63,05f95eba51ac9dadfd3f868cb6d04cfb0017a67b0d07489b346ff072c884e461,3,5,-89
10:51:35,P69,a26af2566f6d66c7ee4008b3ff138bae9c0d9638890102333439c30847cf6d61,5,5,-91
10:51:35,P63,e5ae075101d7017bd9d52fdaba7640bb2baca714205edaff823586f2fabe45ed,3,13,-91
10:51:37,P6102,940ac55a01f275a64740f4d7f2fe3874b822ccaee64444f4b265e0bb5f787dd4,0,1,-68
10:51:37,P67,94f9314af7b8a9710a58cef9a735ce4dbac17c9b226053764ac55dd2b5511bd5,0,5,-83
10:51:37,P67,4353f5ee5a98f257fe5ede5065fd001f5c9d05598f7a8ba485cf4e42b98e9919,0,5,-84
10:51:37,P66,c7f9610982dd54f7074403902f122be75ce70a52f87cccb874ecc54af08f7481,3,5,-85
10:51:37,P68,92a949cb653a60d7f29d6a8e40de7ced76a65919887d615f8596a98cd808630a,3,5,-86
10:51:37,P67,13caef057e9fd6a16833ca2cedd6e7173113aa66fe93a211de260a133c392795,0,13,-88
10:51:37,P66,34f5a476b2d8fa9c4668f78b6556c3d7f8d393a55607644bc0a817b997444dc1,3,13,-89
10:51:39,P6102,940ac55a01f275a64740f4d7f2fe3874b822ccaee64444f4b265e0bb5f787dd4,0,1,-65
10:51:39,P68,d8b1af262bfe33f24c3f761a5c4f314dee430659ec17cefef8b6a29fdef8cbac,3,5,-87
10:51:39,P69,22f597205375a0efb9c827fe584d522953e855854d7bce638c84d4d58cd0cf99,5,5,-87
10:51:39,P6102,e2b38d35d6a93518fc1c2aea6ba8a5887dc0648b5aac4bc295df009a5c054b5a,0,11,-87
10:51:39,P67,ab0a7c25c6f423c4b90f8ab45dc726fba39d072a9d609a479623f3075aaf3f73,0,5,-89
10:51:39,P6106,39b4ee00374a3f7672add5db987565d3b1636dadfe28177a69027b7d5fd90911,3,6,-89
10:51:39,P66,c43dbd2bbf91c9ea6df2658c97edfd73376c42ec29a93f82d091f3732ea96ffa,3,5,-90
10:51:39,P67,10dcc2cb3fa0e853f94e830e7e4c46691d6604c12676273ee855b2917f7fd096,0,13,-94
10:51:41,P6102,940ac55a01f275a64740f4d7f2fe3874b822ccaee64444f4b265e0bb5f787dd4,0,1,-69
10:51:41,P67,94f9314af7b8a9710a58cef9a735ce4dbac17c9b226053764ac55dd2b5511bd5,0,5,-87
10:51:43,P6102,940ac55a01f275a64740f4d7f2fe3874b822ccaee64444f4b265e0bb5f787dd4,0,1,-74
10:51:43,P6107,78bf810b923b849de4c01bc0952fb2fdb61b8f2ad3ed41612f884f25611d40ee,3,6,-81
10:51:43,P6104,97d43154617566e1e2f102578ae733ba05320133daaeccbe517eb9b26ca9e35d,4,1,-82
10:51:43,P63,4c9b9b7921c60adada5801762daa34f799feff8dd70136e3af8f242812391b6a,3,5,-87
10:51:43,P69,5fbd4dbda8c16d2f9e0ebc70f811cf9fccef553a429b1f203a15a756d0e297e1,5,5,-88
10:51:43,P67,13caef057e9fd6a16833ca2cedd6e7173113aa66fe93a211de260a133c392795,0,13,-92
10:51:43,P63,a66b100759ac90574182f679dbc3d61a829dfeb000924a739945387104c51de5,3,5,-94
10:51:45,P6104,97d43154617566e1e2f102578ae733ba05320133daaeccbe517eb9b26ca9e35d,4,1,-79
10:51:45,P6107,78bf810b923b849de4c01bc0952fb2fdb61b8f2ad3ed41612f884f25611d40ee,3,6,-84
10:51:45,P63,c10f860d96af88411748dd2ae30c07d6e886f41b44c3566a06b9272ffeb724bb,3,5,-90
10:51:47,P6105,3d4ffe9292ece145e9e0a76a9b8fb7a12fb43ab502b85a5160da33ee75e592c0,4,1,-76
10:51:47,P6107,78bf810b923b849de4c01bc0952fb2fdb61b8f2ad3ed41612f884f25611d40ee,3,6,-84
10:51:47,P67,4353f5ee5a98f257fe5ede5065fd001f5c9d05598f7a8ba485cf4e42b98e9919,0,5,-91
10:51:47,P67,1a05535977a77dab097336ef3bf4ad808fdb9510f0fe5a0d842d08087cb7d4a1,0,9,-94
10:51:48,P6102,940ac55a01f275a64740f4d7f2fe3874b822ccaee64444f4b265e0bb5f787dd4,0,1,-74
10:51:48,P6104,97d43154617566e1e2f102578ae733ba05320133daaeccbe517eb9b26ca9e35d,4,1,-76
10:51:48,P6107,78bf810b923b849de4c01bc0952fb2fdb61b8f2ad3ed41612f884f25611d40ee,3,6,-78
10:51:50,P6102,940ac55a01f275a64740f4d7f2fe3874b822ccaee64444f4b265e0bb5f787dd4,0,1,-72
10:51:50,P6105,3d4ffe9292ece145e9e0a76a9b8fb7a12fb43ab502b85a5160da33ee75e592c0,4,1,-75
10:51:50,P63,05f95eba51ac9dadfd3f868cb6d04cfb0017a67b0d07489b346ff072c884e461,3,5,-90
10:51:50,P66,7c28118dce6654900f09f716972c8b2f7aaba3eadfa8b014ea7a08e6e0a87966,3,5,-91
10:51:52,P6102,940ac55a01f275a64740f4d7f2fe3874b822ccaee64444f4b265e0bb5f787dd4,0,1,-71
10:51:52,P6104,97d43154617566e1e2f102578ae733ba05320133daaeccbe517eb9b26ca9e35d,4,1,-77
10:51:52,P66,0d68564cc41242f8e5233205683a6acb7f8b25190d1179ba038a078cb79e8554,3,5,-90
10:51:54,P6102,940ac55a01f275a64740f4d7f2fe3874b822ccaee64444f4b265e0bb5f787dd4,0,1,-72
10:51:54,P6107,78bf810b923b849de4c01bc0952fb2fdb61b8f2ad3ed41612f884f25611d40ee,3,6,-79
10:51:54,P667,48ba618e364b50064a4e3e9c53dacbbe03a306d163d644fb858e8416ffb1d9cb,3,10,-92
10:51:54,P68,fefb10f36962cf57654b9dc5a9cedb1bff01f07a3f04f782dc46710ae460d88f,3,13,-93
10:51:54,P69,f915639ed7526b9886773139dc50e04df0df6eca6b4b6c9cca2ac3f55bd4f579,5,13,-93
10:51:56,P6102,940ac55a01f275a64740f4d7f2fe3874b822ccaee64444f4b265e0bb5f787dd4,0,1,-74
10:51:56,P6107,78bf810b923b849de4c01bc0952fb2fdb61b8f2ad3ed41612f884f25611d40ee,3,6,-80
10:51:56,P69,71c8d7a4e958d4181df8a58a4eaf1b9114e295d1086040c7a7819d5b62f6868d,5,5,-90
10:51:56,P67,94f9314af7b8a9710a58cef9a735ce4dbac17c9b226053764ac55dd2b5511bd5,0,5,-91
10:51:56,P67,13caef057e9fd6a16833ca2cedd6e7173113aa66fe93a211de260a133c392795,0,13,-92
10:51:56,P63,a66b100759ac90574182f679dbc3d61a829dfeb000924a739945387104c51de5,3,5,-93
10:51:58,P6107,78bf810b923b849de4c01bc0952fb2fdb61b8f2ad3ed41612f884f25611d40ee,3,6,-87
10:51:58,P69,a26af2566f6d66c7ee4008b3ff138bae9c0d9638890102333439c30847cf6d61,5,5,-93
10:52:00,P6102,b9baf3ea4b20da719626a3f181e190bba2064cafe9bd04ba9de3ea97fb65c6bf,0,11,-91
10:52:00,P66,55b56ed73908c768b3e51b04990621b5f15585ceaee116dad73dda330a1762f8,3,13,-95
10:52:02,P6102,940ac55a01f275a64740f4d7f2fe3874b822ccaee64444f4b265e0bb5f787dd4,0,1,-68
10:52:04,P6107,78bf810b923b849de4c01bc0952fb2fdb61b8f2ad3ed41612f884f25611d40ee,3,6,-87
10:52:04,P66,904c6eeb208bf35589a5d85b6b9b7df6d8d7c69e5d0254fb5c0f893d244178f3,3,9,-89
10:52:04,P67,1a05535977a77dab097336ef3bf4ad808fdb9510f0fe5a0d842d08087cb7d4a1,0,9,-91
10:52:04,P68,a551ffd8097fc93a3a299af31b9ae75a4bfc1e1d1ef43c9d50d991e7308fcdad,3,9,-92
10:52:06,P6104,97d43154617566e1e2f102578ae733ba05320133daaeccbe517eb9b26ca9e35d,4,1,-76
10:52:06,P69,d9fe9e5b950ef09468a1675977d58f324d548e19aaded957c03025d93c839de7,5,5,-90
10:52:06,P69,f915639ed7526b9886773139dc50e04df0df6eca6b4b6c9cca2ac3f55bd4f579,5,13,-94
10:52:06,P6100,77d40a4f6d0b82edbb607dc67781746e1957f21e097cfd3f524a43e8b4f81d29,3,11,-96
10:52:07,P6102,940ac55a01f275a64740f4d7f2fe3874b822ccaee64444f4b265e0bb5f787dd4,0,1,-69
10:52:07,P63,05f95eba51ac9dadfd3f868cb6d04cfb0017a67b0d07489b346ff072c884e461,3,5,-81
10:52:07,P67,94f9314af7b8a9710a58cef9a735ce4dbac17c9b226053764ac55dd2b5511bd5,0,5,-82
10:52:07,P68,3aff825636b113bf9d5553dcd301f2e1b82c61e81ca52befd86ecc9411d24fdf,3,5,-82
10:52:07,P69,d9fe9e5b950ef09468a1675977d58f324d548e19aaded957c03025d93c839de7,5,5,-82
10:52:07,P66,7c28118dce6654900f09f716972c8b2f7aaba3eadfa8b014ea7a08e6e0a87966,3,5,-83
10:52:07,P66,912716f585c4e1a96bb4b268f64f83e06e33c64c46505e9298b5cc3034ba8599,3,5,-83
10:52:07,P68,a6ee92f9874c6db110b8a546e5bfa7470a928311815dc8468e9cb4dabf6437fc,3,5,-84
10:52:07,P67,1106d061fae6daab6b376d8521bd4ca4144c01f34a04cd34d56d31823cfb90f6,0,5,-85
10:52:07,P69,5fbd4dbda8c16d2f9e0ebc70f811cf9fccef553a429b1f203a15a756d0e297e1,5,5,-87
10:52:07,P63,4c9b9b7921c60adada5801762daa34f799feff8dd70136e3af8f242812391b6a,3,5,-88
10:52:07,P68,fefb10f36962cf57654b9dc5a9cedb1bff01f07a3f04f782dc46710ae460d88f,3,13,-91
10:52:10,P6107,78bf810b923b849de4c01bc0952fb2fdb61b8f2ad3ed41612f884f25611d40ee,3,6,-84
10:52:10,P63,05f95eba51ac9dadfd3f868cb6d04cfb0017a67b0d07489b346ff072c884e461,3,5,-89
10:52:11,P6102,940ac55a01f275a64740f4d7f2fe3874b822ccaee64444f4b265e0bb5f787dd4,0,1,-66
10:52:11,P6105,3d4ffe9292ece145e9e0a76a9b8fb7a12fb43ab502b85a5160da33ee75e592c0,4,1,-75
10:52:13,P6105,3d4ffe9292ece145e9e0a76a9b8fb7a12fb43ab502b85a5160da33ee75e592c0,4,1,-82
10:52:13,P67,4353f5ee5a98f257fe5ede5065fd001f5c9d05598f7a8ba485cf4e42b98e9919,0,5,-86
10:52:13,P66,0d68564cc41242f8e5233205683a6acb7f8b25190d1179ba038a078cb79e8554,3,5,-87
10:52:13,P6107,78bf810b923b849de4c01bc0952fb2fdb61b8f2ad3ed41612f884f25611d40ee,3,6,-87
10:52:13,P68,08a5c4245df2609838ad2da7aeef677624bfb525ff9ab1ead172e0a05a6bb3fa,3,5,-90
10:52:13,P63,59bb16de183f570e9e9684c6c3b172598c02d9d4662345ddf9507cc50a92df53,3,9,-91
10:52:13,P67,1a05535977a77dab097336ef3bf4ad808fdb9510f0fe5a0d842d08087cb7d4a1,0,9,-94
10:52:13,P68,a551ffd8097fc93a3a299af31b9ae75a4bfc1e1d1ef43c9d50d991e7308fcdad,3,9,-94
10:52:13,P69,2ef453db5bee3b2a3b781a8c8fe335a80d4116df64d33a0c35f29e5c902d606b,5,9,-94
10:52:15,P6104,97d43154617566e1e2f102578ae733ba05320133daaeccbe517eb9b26ca9e35d,4,1,-85
10:52:15,P681,a0c17943e9e854214c02e860d93337a040737fe9d4b368b91306f3ef7ee43af2,4,1,-87
10:52:15,P67,1a05535977a77dab097336ef3bf4ad808fdb9510f0fe5a0d842d08087cb7d4a1,0,9,-92
10:52:17,P68,a6ee92f9874c6db110b8a546e5bfa7470a928311815dc8468e9cb4dabf6437fc,3,5,-94
10:52:19,P69,f915639ed7526b9886773139dc50e04df0df6eca6b4b6c9cca2ac3f55bd4f579,5,13,-91
10:52:21,P6105,3d4ffe9292ece145e9e0a76a9b8fb7a12fb43ab502b85a5160da33ee75e592c0,4,1,-80
10:52:21,P6104,97d43154617566e1e2f102578ae733ba05320133daaeccbe517eb9b26ca9e35d,4,1,-81
10:52:21,P6102,b9baf3ea4b20da719626a3f181e190bba2064cafe9bd04ba9de3ea97fb65c6bf,0,11,-90
10:52:21,P6107,78bf810b923b849de4c01bc0952fb2fdb61b8f2ad3ed41612f884f25611d40ee,3,6,-92
10:52:23,P6105,3d4ffe9292ece145e9e0a76a9b8fb7a12fb43ab502b85a5160da33ee75e592c0,4,1,-84
10:52:23,P68,3aff825636b113bf9d5553dcd301f2e1b82c61e81ca52befd86ecc9411d24fdf,3,5,-90
10:52:23,P66,7c28118dce6654900f09f716972c8b2f7aaba3eadfa8b014ea7a08e6e0a87966,3,5,-91
10:52:25,P69,5fbd4dbda8c16d2f9e0ebc70f811cf9fccef553a429b1f203a15a756d0e297e1,5,5,-90
10:52:28,P6107,78bf810b923b849de4c01bc0952fb2fdb61b8f2ad3ed41612f884f25611d40ee,3,6,-88
10:52:30,P6107,78bf810b923b849de4c01bc0952fb2fdb61b8f2ad3ed41612f884f25611d40ee,3,6,-88
10:52:32,P6102,b9baf3ea4b20da719626a3f181e190bba2064cafe9bd04ba9de3ea97fb65c6bf,0,11,-86
10:52:32,P6107,78bf810b923b849de4c01bc0952fb2fdb61b8f2ad3ed41612f884f25611d40ee,3,6,-89
10:52:34,P6107,78bf810b923b849de4c01bc0952fb2fdb61b8f2ad3ed41612f884f25611d40ee,3,6,-83
10:52:36,P6107,78bf810b923b849de4c01bc0952fb2fdb61b8f2ad3ed41612f884f25611d40ee,3,6,-87
10:52:38,P6107,78bf810b923b849de4c01bc0952fb2fdb61b8f2ad3ed41612f884f25611d40ee,3,6,-63
10:52:38,P6104,97d43154617566e1e2f102578ae733ba05320133daaeccbe517eb9b26ca9e35d,4,1,-89
10:52:38,P67,00cc5f59ca1bdc9ff345e147629be7b1d99342a26d49586cf4b2b270ab8fc41e,0,5,-92
10:52:39,P6107,78bf810b923b849de4c01bc0952fb2fdb61b8f2ad3ed41612f884f25611d40ee,3,6,-76
10:52:41,P6102,b9baf3ea4b20da719626a3f181e190bba2064cafe9bd04ba9de3ea97fb65c6bf,0,11,-87
10:52:41,P6107,78bf810b923b849de4c01bc0952fb2fdb61b8f2ad3ed41612f884f25611d40ee,3,6,-89
10:52:43,P6107,78bf810b923b849de4c01bc0952fb2fdb61b8f2ad3ed41612f884f25611d40ee,3,6,-78
10:52:43,P6102,b9baf3ea4b20da719626a3f181e190bba2064cafe9bd04ba9de3ea97fb65c6bf,0,11,-86
10:52:45,P6107,78bf810b923b849de4c01bc0952fb2fdb61b8f2ad3ed41612f884f25611d40ee,3,6,-66
10:52:45,P6102,b9baf3ea4b20da719626a3f181e190bba2064cafe9bd04ba9de3ea97fb65c6bf,0,11,-85
10:52:45,P6104,97d43154617566e1e2f102578ae733ba05320133daaeccbe517eb9b26ca9e35d,4,1,-90
10:52:47,P6107,78bf810b923b849de4c01bc0952fb2fdb61b8f2ad3ed41612f884f25611d40ee,3,6,-67
10:52:51,P6102,940ac55a01f275a64740f4d7f2fe3874b822ccaee64444f4b265e0bb5f787dd4,0,1,-88
10:52:51,P6107,78bf810b923b849de4c01bc0952fb2fdb61b8f2ad3ed41612f884f25611d40ee,3,6,-89
10:52:52,P6102,b9baf3ea4b20da719626a3f181e190bba2064cafe9bd04ba9de3ea97fb65c6bf,0,11,-92
10:52:54,P6102,b9baf3ea4b20da719626a3f181e190bba2064cafe9bd04ba9de3ea97fb65c6bf,0,11,-90
10:52:54,P6106,b1e740e76e21075f2cf28130c30433d191cd243adbb5360a576d55c9672844f4,3,11,-90
10:52:58,P695,921dde94afc534810453ce557dba84e7c1573583357b34295e0ef432ea4deb15,0,11,-91
10:52:58,P6102,b9baf3ea4b20da719626a3f181e190bba2064cafe9bd04ba9de3ea97fb65c6bf,0,11,-92
10:52:58,P694,0e5a2e9466f9c6d7c9949a65bd62298065c3184055a6e1e0dec7450067307f0b,5,11,-92
10:53:00,P6102,b9baf3ea4b20da719626a3f181e190bba2064cafe9bd04ba9de3ea97fb65c6bf,0,11,-87
10:53:00,P6107,78bf810b923b849de4c01bc0952fb2fdb61b8f2ad3ed41612f884f25611d40ee,3,6,-88
10:53:00,P6105,3d4ffe9292ece145e9e0a76a9b8fb7a12fb43ab502b85a5160da33ee75e592c0,4,1,-94
10:53:02,P6107,78bf810b923b849de4c01bc0952fb2fdb61b8f2ad3ed41612f884f25611d40ee,3,6,-93
10:53:04,P6102,b9baf3ea4b20da719626a3f181e190bba2064cafe9bd04ba9de3ea97fb65c6bf,0,11,-90
10:53:06,P6107,78bf810b923b849de4c01bc0952fb2fdb61b8f2ad3ed41612f884f25611d40ee,3,6,-92
10:53:11,P6107,78bf810b923b849de4c01bc0952fb2fdb61b8f2ad3ed41612f884f25611d40ee,3,6,-91
10:53:15,P6102,56a85f8f40c1bdb6ca45d29c08e7297ebd1a35bd939a58b34a9c52e7cffb2cb1,0,6,-86
10:53:18,P6102,adbd11643006f2545308906677c20b7d65310d31e4e5d302f63e1e6d94215e9d,0,11,-80
10:53:20,P6102,adbd11643006f2545308906677c20b7d65310d31e4e5d302f63e1e6d94215e9d,0,11,-69
10:53:22,P698,36c9c7471387db23b86ab1e4456212bd6bd032d717915922f61593bb13232707,5,1,-79
10:53:24,P6102,51d1e71cf4be94b1ed34331c131a1e0c342b7b0d6742caf821b02a5c643dc711,0,1,-85
10:53:24,P6110,f363ea144de74368dcb96e852562cc1da88e347b0a7a97e77a082c3d4b2440a3,3,6,-90
10:53:26,P6102,51d1e71cf4be94b1ed34331c131a1e0c342b7b0d6742caf821b02a5c643dc711,0,1,-91
10:53:26,P6108,b4ee9533189a9af29a1f6f0acf949f4963fd20c3dcc6920dfac63c899471205b,3,3,-92
10:53:26,P6111,6e0410438a9cd8d546e27261e6ff09b85ccfff845c864f98abfaae4f6ddfa2a2,0,11,-92
10:53:28,P6102,adbd11643006f2545308906677c20b7d65310d31e4e5d302f63e1e6d94215e9d,0,11,-63
10:53:28,P6108,b4ee9533189a9af29a1f6f0acf949f4963fd20c3dcc6920dfac63c899471205b,3,3,-91
10:53:30,P6108,b4ee9533189a9af29a1f6f0acf949f4963fd20c3dcc6920dfac63c899471205b,3,3,-86
10:53:30,P6110,f363ea144de74368dcb96e852562cc1da88e347b0a7a97e77a082c3d4b2440a3,3,6,-90
10:53:30,P694,56c81edeaa3c360ba1e3f4c3c448f1fbb426d9db8eb236e73659e8609ea17e0c,5,1,-93
10:53:30,P6106,74b91f975c116ce5fde21a19cd2ce2181a22295500722d1a80a0621348da4e6e,3,1,-93
10:53:30,P695,b8120161ec68e547c1b6720a4388aa1656d03f3f2fc79bac1c594be83d28f755,0,1,-95
10:53:31,P6102,adbd11643006f2545308906677c20b7d65310d31e4e5d302f63e1e6d94215e9d,0,11,-69
10:53:31,P698,36c9c7471387db23b86ab1e4456212bd6bd032d717915922f61593bb13232707,5,1,-90
10:53:31,P6108,b4ee9533189a9af29a1f6f0acf949f4963fd20c3dcc6920dfac63c899471205b,3,3,-90
10:53:33,P6108,b4ee9533189a9af29a1f6f0acf949f4963fd20c3dcc6920dfac63c899471205b,3,3,-90
10:53:33,P6112,aa3e7735f783a743d8fbbbd1b99da8ac4a3e1731e8c99e8695aa558083768872,3,3,-92
10:53:33,P6111,6e0410438a9cd8d546e27261e6ff09b85ccfff845c864f98abfaae4f6ddfa2a2,0,11,-97
10:53:35,P694,56c81edeaa3c360ba1e3f4c3c448f1fbb426d9db8eb236e73659e8609ea17e0c,5,1,-89
10:53:35,P695,b8120161ec68e547c1b6720a4388aa1656d03f3f2fc79bac1c594be83d28f755,0,1,-91
10:53:35,P6106,74b91f975c116ce5fde21a19cd2ce2181a22295500722d1a80a0621348da4e6e,3,1,-91
10:53:35,P6108,b4ee9533189a9af29a1f6f0acf949f4963fd20c3dcc6920dfac63c899471205b,3,3,-93
10:53:37,P6102,adbd11643006f2545308906677c20b7d65310d31e4e5d302f63e1e6d94215e9d,0,11,-60
10:53:37,P695,b8120161ec68e547c1b6720a4388aa1656d03f3f2fc79bac1c594be83d28f755,0,1,-89
10:53:37,P694,56c81edeaa3c360ba1e3f4c3c448f1fbb426d9db8eb236e73659e8609ea17e0c,5,1,-89
10:53:37,P6106,74b91f975c116ce5fde21a19cd2ce2181a22295500722d1a80a0621348da4e6e,3,1,-90
10:53:37,P6110,f363ea144de74368dcb96e852562cc1da88e347b0a7a97e77a082c3d4b2440a3,3,6,-91
10:53:37,P6108,b4ee9533189a9af29a1f6f0acf949f4963fd20c3dcc6920dfac63c899471205b,3,3,-93
10:53:39,P6102,adbd11643006f2545308906677c20b7d65310d31e4e5d302f63e1e6d94215e9d,0,11,-63
10:53:39,P6102,9d872d990106cbe08b55a9b0f1526b86bee4f8cfcb91be4498596e09091a4da3,0,1,-86
10:53:39,P695,b8120161ec68e547c1b6720a4388aa1656d03f3f2fc79bac1c594be83d28f755,0,1,-87
10:53:39,P694,56c81edeaa3c360ba1e3f4c3c448f1fbb426d9db8eb236e73659e8609ea17e0c,5,1,-87
10:53:39,P6106,74b91f975c116ce5fde21a19cd2ce2181a22295500722d1a80a0621348da4e6e,3,1,-88
10:53:41,P6112,aa3e7735f783a743d8fbbbd1b99da8ac4a3e1731e8c99e8695aa558083768872,3,3,-91
10:53:41,P6108,b4ee9533189a9af29a1f6f0acf949f4963fd20c3dcc6920dfac63c899471205b,3,3,-93
10:53:45,P6102,adbd11643006f2545308906677c20b7d65310d31e4e5d302f63e1e6d94215e9d,0,11,-66
10:53:45,P6112,aa3e7735f783a743d8fbbbd1b99da8ac4a3e1731e8c99e8695aa558083768872,3,3,-86
10:53:45,P6102,9d872d990106cbe08b55a9b0f1526b86bee4f8cfcb91be4498596e09091a4da3,0,1,-88
10:53:45,P6108,b4ee9533189a9af29a1f6f0acf949f4963fd20c3dcc6920dfac63c899471205b,3,3,-89
10:53:47,P6112,aa3e7735f783a743d8fbbbd1b99da8ac4a3e1731e8c99e8695aa558083768872,3,3,-84
10:53:47,P6108,b4ee9533189a9af29a1f6f0acf949f4963fd20c3dcc6920dfac63c899471205b,3,3,-92
10:53:49,P6108,b4ee9533189a9af29a1f6f0acf949f4963fd20c3dcc6920dfac63c899471205b,3,3,-91
10:53:50,P6112,aa3e7735f783a743d8fbbbd1b99da8ac4a3e1731e8c99e8695aa558083768872,3,3,-84
10:53:50,P6102,9d872d990106cbe08b55a9b0f1526b86bee4f8cfcb91be4498596e09091a4da3,0,1,-89
10:53:50,P698,36c9c7471387db23b86ab1e4456212bd6bd032d717915922f61593bb13232707,5,1,-90
10:53:50,P6108,b4ee9533189a9af29a1f6f0acf949f4963fd20c3dcc6920dfac63c899471205b,3,3,-90
10:53:50,P6110,f363ea144de74368dcb96e852562cc1da88e347b0a7a97e77a082c3d4b2440a3,3,6,-90
10:53:52,P6112,aa3e7735f783a743d8fbbbd1b99da8ac4a3e1731e8c99e8695aa558083768872,3,3,-83
10:53:52,P6108,b4ee9533189a9af29a1f6f0acf949f4963fd20c3dcc6920dfac63c899471205b,3,3,-92
10:53:52,P6111,6e0410438a9cd8d546e27261e6ff09b85ccfff845c864f98abfaae4f6ddfa2a2,0,11,-96
10:53:54,P6102,adbd11643006f2545308906677c20b7d65310d31e4e5d302f63e1e6d94215e9d,0,11,-68
10:53:56,P6102,adbd11643006f2545308906677c20b7d65310d31e4e5d302f63e1e6d94215e9d,0,11,-66
10:53:56,P6112,aa3e7735f783a743d8fbbbd1b99da8ac4a3e1731e8c99e8695aa558083768872,3,3,-82
10:53:56,P6108,b4ee9533189a9af29a1f6f0acf949f4963fd20c3dcc6920dfac63c899471205b,3,3,-92
10:53:58,P6102,adbd11643006f2545308906677c20b7d65310d31e4e5d302f63e1e6d94215e9d,0,11,-68
10:53:58,P6112,aa3e7735f783a743d8fbbbd1b99da8ac4a3e1731e8c99e8695aa558083768872,3,3,-83
10:53:58,P6111,6e0410438a9cd8d546e27261e6ff09b85ccfff845c864f98abfaae4f6ddfa2a2,0,11,-85
10:54:00,P6102,adbd11643006f2545308906677c20b7d65310d31e4e5d302f63e1e6d94215e9d,0,11,-66
10:54:00,P6112,aa3e7735f783a743d8fbbbd1b99da8ac4a3e1731e8c99e8695aa558083768872,3,3,-85
10:54:00,P6110,f363ea144de74368dcb96e852562cc1da88e347b0a7a97e77a082c3d4b2440a3,3,6,-89
10:54:00,P6108,b4ee9533189a9af29a1f6f0acf949f4963fd20c3dcc6920dfac63c899471205b,3,3,-93
10:54:00,P6106,74b91f975c116ce5fde21a19cd2ce2181a22295500722d1a80a0621348da4e6e,3,1,-94
10:54:02,P6102,adbd11643006f2545308906677c20b7d65310d31e4e5d302f63e1e6d94215e9d,0,11,-62
10:54:04,P6102,adbd11643006f2545308906677c20b7d65310d31e4e5d302f63e1e6d94215e9d,0,11,-60
10:54:04,P694,56c81edeaa3c360ba1e3f4c3c448f1fbb426d9db8eb236e73659e8609ea17e0c,5,1,-90
10:54:04,P6106,74b91f975c116ce5fde21a19cd2ce2181a22295500722d1a80a0621348da4e6e,3,1,-90
10:54:04,P695,b8120161ec68e547c1b6720a4388aa1656d03f3f2fc79bac1c594be83d28f755,0,1,-91
10:54:04,P6112,aa3e7735f783a743d8fbbbd1b99da8ac4a3e1731e8c99e8695aa558083768872,3,3,-93
10:54:06,P6102,adbd11643006f2545308906677c20b7d65310d31e4e5d302f63e1e6d94215e9d,0,11,-62
10:54:07,P6102,adbd11643006f2545308906677c20b7d65310d31e4e5d302f63e1e6d94215e9d,0,11,-66
10:54:07,P6110,f363ea144de74368dcb96e852562cc1da88e347b0a7a97e77a082c3d4b2440a3,3,6,-86
10:54:07,P6112,aa3e7735f783a743d8fbbbd1b99da8ac4a3e1731e8c99e8695aa558083768872,3,3,-89
10:54:07,P6108,b4ee9533189a9af29a1f6f0acf949f4963fd20c3dcc6920dfac63c899471205b,3,3,-91
10:54:09,P6102,adbd11643006f2545308906677c20b7d65310d31e4e5d302f63e1e6d94215e9d,0,11,-62
10:54:09,P6112,aa3e7735f783a743d8fbbbd1b99da8ac4a3e1731e8c99e8695aa558083768872,3,3,-90
10:54:09,P6111,6e0410438a9cd8d546e27261e6ff09b85ccfff845c864f98abfaae4f6ddfa2a2,0,11,-93
10:54:11,P6102,adbd11643006f2545308906677c20b7d65310d31e4e5d302f63e1e6d94215e9d,0,11,-65
10:54:11,P6112,aa3e7735f783a743d8fbbbd1b99da8ac4a3e1731e8c99e8695aa558083768872,3,3,-84
10:54:11,P6110,f363ea144de74368dcb96e852562cc1da88e347b0a7a97e77a082c3d4b2440a3,3,6,-86
10:54:11,P6108,b4ee9533189a9af29a1f6f0acf949f4963fd20c3dcc6920dfac63c899471205b,3,3,-91
10:54:13,P6102,adbd11643006f2545308906677c20b7d65310d31e4e5d302f63e1e6d94215e9d,0,11,-79
10:54:13,P6102,9d872d990106cbe08b55a9b0f1526b86bee4f8cfcb91be4498596e09091a4da3,0,1,-85
10:54:13,P6108,b4ee9533189a9af29a1f6f0acf949f4963fd20c3dcc6920dfac63c899471205b,3,3,-87
10:54:13,P6110,f363ea144de74368dcb96e852562cc1da88e347b0a7a97e77a082c3d4b2440a3,3,6,-92
10:54:15,P6108,b4ee9533189a9af29a1f6f0acf949f4963fd20c3dcc6920dfac63c899471205b,3,3,-85
10:54:15,P6111,6e0410438a9cd8d546e27261e6ff09b85ccfff845c864f98abfaae4f6ddfa2a2,0,11,-87
10:54:15,P6110,f363ea144de74368dcb96e852562cc1da88e347b0a7a97e77a082c3d4b2440a3,3,6,-89
10:54:15,P698,36c9c7471387db23b86ab1e4456212bd6bd032d717915922f61593bb13232707,5,1,-91
10:54:15,P6106,74b91f975c116ce5fde21a19cd2ce2181a22295500722d1a80a0621348da4e6e,3,1,-92
10:54:15,P6112,aa3e7735f783a743d8fbbbd1b99da8ac4a3e1731e8c99e8695aa558083768872,3,3,-92
10:54:15,P694,56c81edeaa3c360ba1e3f4c3c448f1fbb426d9db8eb236e73659e8609ea17e0c,5,1,-93
10:54:15,P695,b8120161ec68e547c1b6720a4388aa1656d03f3f2fc79bac1c594be83d28f755,0,1,-94
10:54:17,P6108,b4ee9533189a9af29a1f6f0acf949f4963fd20c3dcc6920dfac63c899471205b,3,3,-88
10:54:19,P694,56c81edeaa3c360ba1e3f4c3c448f1fbb426d9db8eb236e73659e8609ea17e0c,5,1,-93
10:54:21,P6102,adbd11643006f2545308906677c20b7d65310d31e4e5d302f63e1e6d94215e9d,0,11,-83
10:54:21,P6108,b4ee9533189a9af29a1f6f0acf949f4963fd20c3dcc6920dfac63c899471205b,3,3,-96
10:54:23,P6112,aa3e7735f783a743d8fbbbd1b99da8ac4a3e1731e8c99e8695aa558083768872,3,3,-88
10:54:23,P6108,b4ee9533189a9af29a1f6f0acf949f4963fd20c3dcc6920dfac63c899471205b,3,3,-90
10:54:24,P6110,f363ea144de74368dcb96e852562cc1da88e347b0a7a97e77a082c3d4b2440a3,3,6,-85
10:54:24,P6112,aa3e7735f783a743d8fbbbd1b99da8ac4a3e1731e8c99e8695aa558083768872,3,3,-86
10:54:24,P6108,b4ee9533189a9af29a1f6f0acf949f4963fd20c3dcc6920dfac63c899471205b,3,3,-91
10:54:24,P6111,6e0410438a9cd8d546e27261e6ff09b85ccfff845c864f98abfaae4f6ddfa2a2,0,11,-95
10:54:26,P6102,9d872d990106cbe08b55a9b0f1526b86bee4f8cfcb91be4498596e09091a4da3,0,1,-75
10:54:26,P6108,b4ee9533189a9af29a1f6f0acf949f4963fd20c3dcc6920dfac63c899471205b,3,3,-88
10:54:26,P6110,f363ea144de74368dcb96e852562cc1da88e347b0a7a97e77a082c3d4b2440a3,3,6,-88
10:54:28,P6102,9d872d990106cbe08b55a9b0f1526b86bee4f8cfcb91be4498596e09091a4da3,0,1,-77
10:54:28,P6110,f363ea144de74368dcb96e852562cc1da88e347b0a7a97e77a082c3d4b2440a3,3,6,-85
10:54:28,P6112,aa3e7735f783a743d8fbbbd1b99da8ac4a3e1731e8c99e8695aa558083768872,3,3,-86
10:54:28,P6108,b4ee9533189a9af29a1f6f0acf949f4963fd20c3dcc6920dfac63c899471205b,3,3,-87
10:54:30,P6108,b4ee9533189a9af29a1f6f0acf949f4963fd20c3dcc6920dfac63c899471205b,3,3,-79
10:54:30,P6102,9d872d990106cbe08b55a9b0f1526b86bee4f8cfcb91be4498596e09091a4da3,0,1,-80
10:54:30,P6112,aa3e7735f783a743d8fbbbd1b99da8ac4a3e1731e8c99e8695aa558083768872,3,3,-82
10:54:30,P6110,f363ea144de74368dcb96e852562cc1da88e347b0a7a97e77a082c3d4b2440a3,3,6,-87
10:54:32,P6102,adbd11643006f2545308906677c20b7d65310d31e4e5d302f63e1e6d94215e9d,0,11,-80
10:54:34,P6102,9d872d990106cbe08b55a9b0f1526b86bee4f8cfcb91be4498596e09091a4da3,0,1,-78
10:54:34,P6102,adbd11643006f2545308906677c20b7d65310d31e4e5d302f63e1e6d94215e9d,0,11,-83
10:54:34,P6110,f363ea144de74368dcb96e852562cc1da88e347b0a7a97e77a082c3d4b2440a3,3,6,-85
10:54:34,P6108,b4ee9533189a9af29a1f6f0acf949f4963fd20c3dcc6920dfac63c899471205b,3,3,-86
10:54:36,P6102,9d872d990106cbe08b55a9b0f1526b86bee4f8cfcb91be4498596e09091a4da3,0,1,-68
10:54:36,P6108,b4ee9533189a9af29a1f6f0acf949f4963fd20c3dcc6920dfac63c899471205b,3,3,-83
10:54:38,P6102,9d872d990106cbe08b55a9b0f1526b86bee4f8cfcb91be4498596e09091a4da3,0,1,-70
10:54:38,P6108,b4ee9533189a9af29a1f6f0acf949f4963fd20c3dcc6920dfac63c899471205b,3,3,-81
10:54:38,P6110,f363ea144de74368dcb96e852562cc1da88e347b0a7a97e77a082c3d4b2440a3,3,6,-83
10:54:38,P6112,aa3e7735f783a743d8fbbbd1b99da8ac4a3e1731e8c99e8695aa558083768872,3,3,-92
10:54:40,P6102,9d872d990106cbe08b55a9b0f1526b86bee4f8cfcb91be4498596e09091a4da3,0,1,-77
10:54:42,P6102,9d872d990106cbe08b55a9b0f1526b86bee4f8cfcb91be4498596e09091a4da3,0,1,-72
10:54:42,P6108,b4ee9533189a9af29a1f6f0acf949f4963fd20c3dcc6920dfac63c899471205b,3,3,-89
10:54:45,P6102,9d872d990106cbe08b55a9b0f1526b86bee4f8cfcb91be4498596e09091a4da3,0,1,-78
10:54:49,P6102,9d872d990106cbe08b55a9b0f1526b86bee4f8cfcb91be4498596e09091a4da3,0,1,-78
10:54:49,P6108,b4ee9533189a9af29a1f6f0acf949f4963fd20c3dcc6920dfac63c899471205b,3,3,-88
10:54:51,P6108,b4ee9533189a9af29a1f6f0acf949f4963fd20c3dcc6920dfac63c899471205b,3,3,-91
10:54:53,P6102,9d872d990106cbe08b55a9b0f1526b86bee4f8cfcb91be4498596e09091a4da3,0,1,-77
10:54:53,P6102,adbd11643006f2545308906677c20b7d65310d31e4e5d302f63e1e6d94215e9d,0,11,-79
10:54:54,P6102,adbd11643006f2545308906677c20b7d65310d31e4e5d302f63e1e6d94215e9d,0,11,-79
10:54:56,P6102,adbd11643006f2545308906677c20b7d65310d31e4e5d302f63e1e6d94215e9d,0,11,-79
10:54:56,P6108,b4ee9533189a9af29a1f6f0acf949f4963fd20c3dcc6920dfac63c899471205b,3,3,-84
10:54:56,P6113,8bd55ed40826c82d28d86b89d47a9b324044d74179d1abd27b9ac12b953e781e,5,1,-93
10:54:56,P6114,7fba499bb4f55f7d22e9bd42bdfe8ef69c3c426a3708778a102668a151160650,4,1,-94
10:54:58,P6108,b4ee9533189a9af29a1f6f0acf949f4963fd20c3dcc6920dfac63c899471205b,3,3,-94
10:55:00,P6108,b4ee9533189a9af29a1f6f0acf949f4963fd20c3dcc6920dfac63c899471205b,3,3,-94
10:55:06,P6102,9d872d990106cbe08b55a9b0f1526b86bee4f8cfcb91be4498596e09091a4da3,0,1,-85
10:55:07,P6108,b4ee9533189a9af29a1f6f0acf949f4963fd20c3dcc6920dfac63c899471205b,3,3,-87
10:55:09,P6102,9d872d990106cbe08b55a9b0f1526b86bee4f8cfcb91be4498596e09091a4da3,0,1,-80
10:55:09,P6108,b4ee9533189a9af29a1f6f0acf949f4963fd20c3dcc6920dfac63c899471205b,3,3,-92
10:55:11,P6112,aa3e7735f783a743d8fbbbd1b99da8ac4a3e1731e8c99e8695aa558083768872,3,3,-91
10:55:11,P6108,b4ee9533189a9af29a1f6f0acf949f4963fd20c3dcc6920dfac63c899471205b,3,3,-93
10:55:13,P6102,adbd11643006f2545308906677c20b7d65310d31e4e5d302f63e1e6d94215e9d,0,11,-79
10:55:13,P6102,9d872d990106cbe08b55a9b0f1526b86bee4f8cfcb91be4498596e09091a4da3,0,1,-80
10:55:13,P6112,aa3e7735f783a743d8fbbbd1b99da8ac4a3e1731e8c99e8695aa558083768872,3,3,-91
10:55:15,P6102,9d872d990106cbe08b55a9b0f1526b86bee4f8cfcb91be4498596e09091a4da3,0,1,-76
10:55:15,P6108,b4ee9533189a9af29a1f6f0acf949f4963fd20c3dcc6920dfac63c899471205b,3,3,-92
10:55:19,P6102,9d872d990106cbe08b55a9b0f1526b86bee4f8cfcb91be4498596e09091a4da3,0,1,-76
10:55:19,P6108,b4ee9533189a9af29a1f6f0acf949f4963fd20c3dcc6920dfac63c899471205b,3,3,-91
10:55:20,P6102,9d872d990106cbe08b55a9b0f1526b86bee4f8cfcb91be4498596e09091a4da3,0,1,-80
10:55:22,P6102,9d872d990106cbe08b55a9b0f1526b86bee4f8cfcb91be4498596e09091a4da3,0,1,-72
10:55:22,P6102,adbd11643006f2545308906677c20b7d65310d31e4e5d302f63e1e6d94215e9d,0,11,-81
10:55:22,P6108,b4ee9533189a9af29a1f6f0acf949f4963fd20c3dcc6920dfac63c899471205b,3,3,-90
10:55:24,P6110,f363ea144de74368dcb96e852562cc1da88e347b0a7a97e77a082c3d4b2440a3,3,6,-87
10:55:24,P6108,b4ee9533189a9af29a1f6f0acf949f4963fd20c3dcc6920dfac63c899471205b,3,3,-89
10:55:24,P6112,aa3e7735f783a743d8fbbbd1b99da8ac4a3e1731e8c99e8695aa558083768872,3,3,-89
10:55:24,P6111,6e0410438a9cd8d546e27261e6ff09b85ccfff845c864f98abfaae4f6ddfa2a2,0,11,-93
10:55:26,P6102,9d872d990106cbe08b55a9b0f1526b86bee4f8cfcb91be4498596e09091a4da3,0,1,-75
10:55:26,P6102,adbd11643006f2545308906677c20b7d65310d31e4e5d302f63e1e6d94215e9d,0,11,-80
10:55:26,P6108,b4ee9533189a9af29a1f6f0acf949f4963fd20c3dcc6920dfac63c899471205b,3,3,-88
10:55:28,P6102,9d872d990106cbe08b55a9b0f1526b86bee4f8cfcb91be4498596e09091a4da3,0,1,-74
10:55:28,P6108,b4ee9533189a9af29a1f6f0acf949f4963fd20c3dcc6920dfac63c899471205b,3,3,-87
10:55:28,P6111,6e0410438a9cd8d546e27261e6ff09b85ccfff845c864f98abfaae4f6ddfa2a2,0,11,-95
10:55:30,P6102,9d872d990106cbe08b55a9b0f1526b86bee4f8cfcb91be4498596e09091a4da3,0,1,-76
10:55:30,P6102,adbd11643006f2545308906677c20b7d65310d31e4e5d302f63e1e6d94215e9d,0,11,-85
10:55:30,P6110,f363ea144de74368dcb96e852562cc1da88e347b0a7a97e77a082c3d4b2440a3,3,6,-91
10:55:32,P6102,9d872d990106cbe08b55a9b0f1526b86bee4f8cfcb91be4498596e09091a4da3,0,1,-76
10:55:32,P6110,f363ea144de74368dcb96e852562cc1da88e347b0a7a97e77a082c3d4b2440a3,3,6,-91
10:55:32,P6108,b4ee9533189a9af29a1f6f0acf949f4963fd20c3dcc6920dfac63c899471205b,3,3,-93
10:55:32,P6111,6e0410438a9cd8d546e27261e6ff09b85ccfff845c864f98abfaae4f6ddfa2a2,0,11,-94
10:55:37,P6108,b4ee9533189a9af29a1f6f0acf949f4963fd20c3dcc6920dfac63c899471205b,3,3,-90
10:55:39,P6102,9d872d990106cbe08b55a9b0f1526b86bee4f8cfcb91be4498596e09091a4da3,0,1,-62
10:55:41,P6102,9d872d990106cbe08b55a9b0f1526b86bee4f8cfcb91be4498596e09091a4da3,0,1,-61
10:55:43,P6102,9d872d990106cbe08b55a9b0f1526b86bee4f8cfcb91be4498596e09091a4da3,0,1,-58
10:55:45,P6102,9d872d990106cbe08b55a9b0f1526b86bee4f8cfcb91be4498596e09091a4da3,0,1,-63
10:55:45,P6108,b4ee9533189a9af29a1f6f0acf949f4963fd20c3dcc6920dfac63c899471205b,3,3,-94
10:55:52,P6102,9b2077243632d2c03ff16bc2ef65ba76ead624910c47aacd4c20496fda9ee837,0,11,-73
10:55:54,P6102,9b2077243632d2c03ff16bc2ef65ba76ead624910c47aacd4c20496fda9ee837,0,11,-84
10:55:58,P6102,9b2077243632d2c03ff16bc2ef65ba76ead624910c47aacd4c20496fda9ee837,0,11,-78
10:55:59,P6102,9b2077243632d2c03ff16bc2ef65ba76ead624910c47aacd4c20496fda9ee837,0,11,-75
10:56:01,P6102,9b2077243632d2c03ff16bc2ef65ba76ead624910c47aacd4c20496fda9ee837,0,11,-78
10:56:05,P6102,9b2077243632d2c03ff16bc2ef65ba76ead624910c47aacd4c20496fda9ee837,0,11,-74
10:56:07,P6102,9b2077243632d2c03ff16bc2ef65ba76ead624910c47aacd4c20496fda9ee837,0,11,-73
10:56:10,P6102,9b2077243632d2c03ff16bc2ef65ba76ead624910c47aacd4c20496fda9ee837,0,11,-75
10:56:12,P6102,9b2077243632d2c03ff16bc2ef65ba76ead624910c47aacd4c20496fda9ee837,0,11,-74
10:56:14,P6102,9b2077243632d2c03ff16bc2ef65ba76ead624910c47aacd4c20496fda9ee837,0,11,-76
10:56:14,P6102,56a85f8f40c1bdb6ca45d29c08e7297ebd1a35bd939a58b34a9c52e7cffb2cb1,0,6,-85
10:56:16,P6102,56a85f8f40c1bdb6ca45d29c08e7297ebd1a35bd939a58b34a9c52e7cffb2cb1,0,6,-84
10:56:18,P6102,56a85f8f40c1bdb6ca45d29c08e7297ebd1a35bd939a58b34a9c52e7cffb2cb1,0,6,-84
10:56:20,P6102,56a85f8f40c1bdb6ca45d29c08e7297ebd1a35bd939a58b34a9c52e7cffb2cb1,0,6,-83
10:56:22,P6102,56a85f8f40c1bdb6ca45d29c08e7297ebd1a35bd939a58b34a9c52e7cffb2cb1,0,6,-85
10:56:23,P6102,56a85f8f40c1bdb6ca45d29c08e7297ebd1a35bd939a58b34a9c52e7cffb2cb1,0,6,-87
10:56:25,P6102,56a85f8f40c1bdb6ca45d29c08e7297ebd1a35bd939a58b34a9c52e7cffb2cb1,0,6,-89
10:56:27,P6102,9b2077243632d2c03ff16bc2ef65ba76ead624910c47aacd4c20496fda9ee837,0,11,-73
10:56:29,P6102,9b2077243632d2c03ff16bc2ef65ba76ead624910c47aacd4c20496fda9ee837,0,11,-73
10:56:29,P6102,56a85f8f40c1bdb6ca45d29c08e7297ebd1a35bd939a58b34a9c52e7cffb2cb1,0,6,-83
10:56:31,P6102,9b2077243632d2c03ff16bc2ef65ba76ead624910c47aacd4c20496fda9ee837,0,11,-72
10:56:33,P6102,9b2077243632d2c03ff16bc2ef65ba76ead624910c47aacd4c20496fda9ee837,0,11,-73
10:56:35,P6102,9b2077243632d2c03ff16bc2ef65ba76ead624910c47aacd4c20496fda9ee837,0,11,-75
10:56:35,P6102,56a85f8f40c1bdb6ca45d29c08e7297ebd1a35bd939a58b34a9c52e7cffb2cb1,0,6,-85
10:56:36,P6102,9b2077243632d2c03ff16bc2ef65ba76ead624910c47aacd4c20496fda9ee837,0,11,-73
10:56:36,P6102,56a85f8f40c1bdb6ca45d29c08e7297ebd1a35bd939a58b34a9c52e7cffb2cb1,0,6,-92
10:56:38,P6102,9b2077243632d2c03ff16bc2ef65ba76ead624910c47aacd4c20496fda9ee837,0,11,-70
10:56:40,P6102,56a85f8f40c1bdb6ca45d29c08e7297ebd1a35bd939a58b34a9c52e7cffb2cb1,0,6,-88
10:56:44,P6102,56a85f8f40c1bdb6ca45d29c08e7297ebd1a35bd939a58b34a9c52e7cffb2cb1,0,6,-89
10:56:47,P6102,56a85f8f40c1bdb6ca45d29c08e7297ebd1a35bd939a58b34a9c52e7cffb2cb1,0,6,-88
10:56:49,P6102,56a85f8f40c1bdb6ca45d29c08e7297ebd1a35bd939a58b34a9c52e7cffb2cb1,0,6,-85
10:56:55,P6102,56a85f8f40c1bdb6ca45d29c08e7297ebd1a35bd939a58b34a9c52e7cffb2cb1,0,6,-87
10:56:59,P6102,9b2077243632d2c03ff16bc2ef65ba76ead624910c47aacd4c20496fda9ee837,0,11,-73
10:57:00,P6102,56a85f8f40c1bdb6ca45d29c08e7297ebd1a35bd939a58b34a9c52e7cffb2cb1,0,6,-90
10:57:02,P6102,56a85f8f40c1bdb6ca45d29c08e7297ebd1a35bd939a58b34a9c52e7cffb2cb1,0,6,-86
10:57:06,P6102,9b2077243632d2c03ff16bc2ef65ba76ead624910c47aacd4c20496fda9ee837,0,11,-72
10:57:10,P6102,9b2077243632d2c03ff16bc2ef65ba76ead624910c47aacd4c20496fda9ee837,0,11,-69
10:57:11,P6102,9b2077243632d2c03ff16bc2ef65ba76ead624910c47aacd4c20496fda9ee837,0,11,-69
10:57:13,P6102,9b2077243632d2c03ff16bc2ef65ba76ead624910c47aacd4c20496fda9ee837,0,11,-69
10:57:17,P6102,9b2077243632d2c03ff16bc2ef65ba76ead624910c47aacd4c20496fda9ee837,0,11,-70
10:57:19,P6102,9b2077243632d2c03ff16bc2ef65ba76ead624910c47aacd4c20496fda9ee837,0,11,-71
10:57:19,P6102,56a85f8f40c1bdb6ca45d29c08e7297ebd1a35bd939a58b34a9c52e7cffb2cb1,0,6,-85
10:57:21,P6102,56a85f8f40c1bdb6ca45d29c08e7297ebd1a35bd939a58b34a9c52e7cffb2cb1,0,6,-87
10:57:24,P6102,56a85f8f40c1bdb6ca45d29c08e7297ebd1a35bd939a58b34a9c52e7cffb2cb1,0,6,-87
10:57:26,P6102,56a85f8f40c1bdb6ca45d29c08e7297ebd1a35bd939a58b34a9c52e7cffb2cb1,0,6,-88
10:57:32,P6102,9b2077243632d2c03ff16bc2ef65ba76ead624910c47aacd4c20496fda9ee837,0,11,-72
10:57:32,P6102,56a85f8f40c1bdb6ca45d29c08e7297ebd1a35bd939a58b34a9c52e7cffb2cb1,0,6,-85
10:57:35,P6102,9b2077243632d2c03ff16bc2ef65ba76ead624910c47aacd4c20496fda9ee837,0,11,-71
10:57:35,P6102,56a85f8f40c1bdb6ca45d29c08e7297ebd1a35bd939a58b34a9c52e7cffb2cb1,0,6,-87
10:57:37,P6102,56a85f8f40c1bdb6ca45d29c08e7297ebd1a35bd939a58b34a9c52e7cffb2cb1,0,6,-87
10:57:43,P6102,9b2077243632d2c03ff16bc2ef65ba76ead624910c47aacd4c20496fda9ee837,0,11,-73
10:57:43,P6102,56a85f8f40c1bdb6ca45d29c08e7297ebd1a35bd939a58b34a9c52e7cffb2cb1,0,6,-89
10:57:45,P6102,9b2077243632d2c03ff16bc2ef65ba76ead624910c47aacd4c20496fda9ee837,0,11,-72
10:57:45,P6102,56a85f8f40c1bdb6ca45d29c08e7297ebd1a35bd939a58b34a9c52e7cffb2cb1,0,6,-88
10:57:46,P6102,9b2077243632d2c03ff16bc2ef65ba76ead624910c47aacd4c20496fda9ee837,0,11,-69
10:57:46,P6102,56a85f8f40c1bdb6ca45d29c08e7297ebd1a35bd939a58b34a9c52e7cffb2cb1,0,6,-88
10:57:48,P6102,56a85f8f40c1bdb6ca45d29c08e7297ebd1a35bd939a58b34a9c52e7cffb2cb1,0,6,-87
10:57:50,P6102,9b2077243632d2c03ff16bc2ef65ba76ead624910c47aacd4c20496fda9ee837,0,11,-71
10:57:50,P6102,56a85f8f40c1bdb6ca45d29c08e7297ebd1a35bd939a58b34a9c52e7cffb2cb1,0,6,-86
10:57:52,P6102,9b2077243632d2c03ff16bc2ef65ba76ead624910c47aacd4c20496fda9ee837,0,11,-75
10:57:52,P6102,56a85f8f40c1bdb6ca45d29c08e7297ebd1a35bd939a58b34a9c52e7cffb2cb1,0,6,-88
10:57:54,P6102,56a85f8f40c1bdb6ca45d29c08e7297ebd1a35bd939a58b34a9c52e7cffb2cb1,0,6,-87
10:57:56,P6102,56a85f8f40c1bdb6ca45d29c08e7297ebd1a35bd939a58b34a9c52e7cffb2cb1,0,6,-87
10:57:59,P6102,9b2077243632d2c03ff16bc2ef65ba76ead624910c47aacd4c20496fda9ee837,0,11,-70
10:57:59,P6102,56a85f8f40c1bdb6ca45d29c08e7297ebd1a35bd939a58b34a9c52e7cffb2cb1,0,6,-87
10:57:59,P60 de Amelie,d8349cf775539e23d7dbc388085db520cfa15d136adda440ea0896fc710336af,3,6,-90
10:58:01,P60 de Amelie,d8349cf775539e23d7dbc388085db520cfa15d136adda440ea0896fc710336af,3,6,-85
10:58:03,P6102,9b2077243632d2c03ff16bc2ef65ba76ead624910c47aacd4c20496fda9ee837,0,11,-69
10:58:05,P60 de Amelie,d8349cf775539e23d7dbc388085db520cfa15d136adda440ea0896fc710336af,3,6,-93
10:58:07,P60 de Amelie,d8349cf775539e23d7dbc388085db520cfa15d136adda440ea0896fc710336af,3,6,-83
10:58:07,P6102,56a85f8f40c1bdb6ca45d29c08e7297ebd1a35bd939a58b34a9c52e7cffb2cb1,0,6,-87
10:58:09,P6102,9b2077243632d2c03ff16bc2ef65ba76ead624910c47aacd4c20496fda9ee837,0,11,-75
10:58:09,P60 de Amelie,d8349cf775539e23d7dbc388085db520cfa15d136adda440ea0896fc710336af,3,6,-85
10:58:11,P60 de Amelie,d8349cf775539e23d7dbc388085db520cfa15d136adda440ea0896fc710336af,3,6,-86
10:58:11,P6102,56a85f8f40c1bdb6ca45d29c08e7297ebd1a35bd939a58b34a9c52e7cffb2cb1,0,6,-86
10:58:12,P6102,56a85f8f40c1bdb6ca45d29c08e7297ebd1a35bd939a58b34a9c52e7cffb2cb1,0,6,-85
10:58:12,P60 de Amelie,d8349cf775539e23d7dbc388085db520cfa15d136adda440ea0896fc710336af,3,6,-90
10:58:16,P60 de Amelie,d8349cf775539e23d7dbc388085db520cfa15d136adda440ea0896fc710336af,3,6,-88
10:58:16,P6102,56a85f8f40c1bdb6ca45d29c08e7297ebd1a35bd939a58b34a9c52e7cffb2cb1,0,6,-89
10:58:18,P6102,56a85f8f40c1bdb6ca45d29c08e7297ebd1a35bd939a58b34a9c52e7cffb2cb1,0,6,-89
10:58:18,P60 de Amelie,d8349cf775539e23d7dbc388085db520cfa15d136adda440ea0896fc710336af,3,6,-91
10:58:20,P6102,9b2077243632d2c03ff16bc2ef65ba76ead624910c47aacd4c20496fda9ee837,0,11,-75
10:58:20,P60 de Amelie,d8349cf775539e23d7dbc388085db520cfa15d136adda440ea0896fc710336af,3,6,-87
10:58:20,P6102,56a85f8f40c1bdb6ca45d29c08e7297ebd1a35bd939a58b34a9c52e7cffb2cb1,0,6,-88
10:58:22,P6102,9b2077243632d2c03ff16bc2ef65ba76ead624910c47aacd4c20496fda9ee837,0,11,-73
10:58:24,P6102,9b2077243632d2c03ff16bc2ef65ba76ead624910c47aacd4c20496fda9ee837,0,11,-74
10:58:24,P60 de Amelie,d8349cf775539e23d7dbc388085db520cfa15d136adda440ea0896fc710336af,3,6,-86
10:58:26,P6102,9b2077243632d2c03ff16bc2ef65ba76ead624910c47aacd4c20496fda9ee837,0,11,-71
10:58:27,P6102,9b2077243632d2c03ff16bc2ef65ba76ead624910c47aacd4c20496fda9ee837,0,11,-74
10:58:27,P60 de Amelie,d8349cf775539e23d7dbc388085db520cfa15d136adda440ea0896fc710336af,3,6,-86
10:58:29,P6102,9b2077243632d2c03ff16bc2ef65ba76ead624910c47aacd4c20496fda9ee837,0,11,-73
10:58:31,P6102,9b2077243632d2c03ff16bc2ef65ba76ead624910c47aacd4c20496fda9ee837,0,11,-74
10:58:33,P6102,56a85f8f40c1bdb6ca45d29c08e7297ebd1a35bd939a58b34a9c52e7cffb2cb1,0,6,-86
10:58:33,P60 de Amelie,d8349cf775539e23d7dbc388085db520cfa15d136adda440ea0896fc710336af,3,6,-88
10:58:35,P6102,56a85f8f40c1bdb6ca45d29c08e7297ebd1a35bd939a58b34a9c52e7cffb2cb1,0,6,-88
10:58:37,P6102,56a85f8f40c1bdb6ca45d29c08e7297ebd1a35bd939a58b34a9c52e7cffb2cb1,0,6,-87
10:58:40,P6102,56a85f8f40c1bdb6ca45d29c08e7297ebd1a35bd939a58b34a9c52e7cffb2cb1,0,6,-89
10:58:42,P6102,9b2077243632d2c03ff16bc2ef65ba76ead624910c47aacd4c20496fda9ee837,0,11,-72
10:58:46,P6102,56a85f8f40c1bdb6ca45d29c08e7297ebd1a35bd939a58b34a9c52e7cffb2cb1,0,6,-88
10:58:48,P6102,9b2077243632d2c03ff16bc2ef65ba76ead624910c47aacd4c20496fda9ee837,0,11,-71
10:58:50,P6102,9b2077243632d2c03ff16bc2ef65ba76ead624910c47aacd4c20496fda9ee837,0,11,-72
10:58:50,P6102,56a85f8f40c1bdb6ca45d29c08e7297ebd1a35bd939a58b34a9c52e7cffb2cb1,0,6,-92
10:58:51,P6102,9b2077243632d2c03ff16bc2ef65ba76ead624910c47aacd4c20496fda9ee837,0,11,-70
10:58:53,P6102,9b2077243632d2c03ff16bc2ef65ba76ead624910c47aacd4c20496fda9ee837,0,11,-72
10:58:53,P6102,56a85f8f40c1bdb6ca45d29c08e7297ebd1a35bd939a58b34a9c52e7cffb2cb1,0,6,-86
10:58:55,P6102,9b2077243632d2c03ff16bc2ef65ba76ead624910c47aacd4c20496fda9ee837,0,11,-72
10:58:55,P60 de Amelie,d8349cf775539e23d7dbc388085db520cfa15d136adda440ea0896fc710336af,3,6,-87
10:58:57,P60 de Amelie,d8349cf775539e23d7dbc388085db520cfa15d136adda440ea0896fc710336af,3,6,-88
10:59:01,P6102,9b2077243632d2c03ff16bc2ef65ba76ead624910c47aacd4c20496fda9ee837,0,11,-76
10:59:01,P60 de Amelie,d8349cf775539e23d7dbc388085db520cfa15d136adda440ea0896fc710336af,3,6,-88
10:59:01,P6102,56a85f8f40c1bdb6ca45d29c08e7297ebd1a35bd939a58b34a9c52e7cffb2cb1,0,6,-89
10:59:03,P6102,9b2077243632d2c03ff16bc2ef65ba76ead624910c47aacd4c20496fda9ee837,0,11,-73
10:59:03,P6102,56a85f8f40c1bdb6ca45d29c08e7297ebd1a35bd939a58b34a9c52e7cffb2cb1,0,6,-84
10:59:04,P6102,9b2077243632d2c03ff16bc2ef65ba76ead624910c47aacd4c20496fda9ee837,0,11,-73
10:59:06,P6102,9b2077243632d2c03ff16bc2ef65ba76ead624910c47aacd4c20496fda9ee837,0,11,-69
10:59:08,P6102,9b2077243632d2c03ff16bc2ef65ba76ead624910c47aacd4c20496fda9ee837,0,11,-72
10:59:08,P60 de Amelie,d8349cf775539e23d7dbc388085db520cfa15d136adda440ea0896fc710336af,3,6,-87
10:59:10,P6102,9b2077243632d2c03ff16bc2ef65ba76ead624910c47aacd4c20496fda9ee837,0,11,-75
10:59:12,P6102,9b2077243632d2c03ff16bc2ef65ba76ead624910c47aacd4c20496fda9ee837,0,11,-74
10:59:14,P6102,9b2077243632d2c03ff16bc2ef65ba76ead624910c47aacd4c20496fda9ee837,0,11,-68
10:59:14,P60 de Amelie,d8349cf775539e23d7dbc388085db520cfa15d136adda440ea0896fc710336af,3,6,-89
10:59:16,P6102,9b2077243632d2c03ff16bc2ef65ba76ead624910c47aacd4c20496fda9ee837,0,11,-72
10:59:16,P60 de Amelie,d8349cf775539e23d7dbc388085db520cfa15d136adda440ea0896fc710336af,3,6,-89
10:59:17,P6102,9b2077243632d2c03ff16bc2ef65ba76ead624910c47aacd4c20496fda9ee837,0,11,-72
10:59:19,P6102,9b2077243632d2c03ff16bc2ef65ba76ead624910c47aacd4c20496fda9ee837,0,11,-72
10:59:21,P6102,9b2077243632d2c03ff16bc2ef65ba76ead624910c47aacd4c20496fda9ee837,0,11,-73
10:59:23,P6102,9b2077243632d2c03ff16bc2ef65ba76ead624910c47aacd4c20496fda9ee837,0,11,-73
10:59:23,P6102,56a85f8f40c1bdb6ca45d29c08e7297ebd1a35bd939a58b34a9c52e7cffb2cb1,0,6,-89
10:59:23,P6102,9d872d990106cbe08b55a9b0f1526b86bee4f8cfcb91be4498596e09091a4da3,0,1,-91
10:59:25,P6102,9b2077243632d2c03ff16bc2ef65ba76ead624910c47aacd4c20496fda9ee837,0,11,-73
10:59:27,P6102,9b2077243632d2c03ff16bc2ef65ba76ead624910c47aacd4c20496fda9ee837,0,11,-73
10:59:29,P6102,9b2077243632d2c03ff16bc2ef65ba76ead624910c47aacd4c20496fda9ee837,0,11,-70
10:59:30,P6102,9b2077243632d2c03ff16bc2ef65ba76ead624910c47aacd4c20496fda9ee837,0,11,-72
10:59:32,P6102,9b2077243632d2c03ff16bc2ef65ba76ead624910c47aacd4c20496fda9ee837,0,11,-74
10:59:32,P60 de Amelie,d8349cf775539e23d7dbc388085db520cfa15d136adda440ea0896fc710336af,3,6,-90
10:59:36,P6102,9b2077243632d2c03ff16bc2ef65ba76ead624910c47aacd4c20496fda9ee837,0,11,-74
10:59:36,P6102,56a85f8f40c1bdb6ca45d29c08e7297ebd1a35bd939a58b34a9c52e7cffb2cb1,0,6,-85
10:59:36,P60 de Amelie,d8349cf775539e23d7dbc388085db520cfa15d136adda440ea0896fc710336af,3,6,-88
10:59:40,P6102,9b2077243632d2c03ff16bc2ef65ba76ead624910c47aacd4c20496fda9ee837,0,11,-72
10:59:42,P6102,9b2077243632d2c03ff16bc2ef65ba76ead624910c47aacd4c20496fda9ee837,0,11,-72
10:59:43,P6102,9b2077243632d2c03ff16bc2ef65ba76ead624910c47aacd4c20496fda9ee837,0,11,-72
10:59:43,P6102,56a85f8f40c1bdb6ca45d29c08e7297ebd1a35bd939a58b34a9c52e7cffb2cb1,0,6,-87
10:59:45,P6102,9b2077243632d2c03ff16bc2ef65ba76ead624910c47aacd4c20496fda9ee837,0,11,-74
10:59:45,P60 de Amelie,d8349cf775539e23d7dbc388085db520cfa15d136adda440ea0896fc710336af,3,6,-88
10:59:47,P6102,9b2077243632d2c03ff16bc2ef65ba76ead624910c47aacd4c20496fda9ee837,0,11,-76
10:59:49,P6102,9b2077243632d2c03ff16bc2ef65ba76ead624910c47aacd4c20496fda9ee837,0,11,-74
10:59:49,P60 de Amelie,d8349cf775539e23d7dbc388085db520cfa15d136adda440ea0896fc710336af,3,6,-91
10:59:51,P6102,9b2077243632d2c03ff16bc2ef65ba76ead624910c47aacd4c20496fda9ee837,0,11,-77
10:59:53,P6102,9b2077243632d2c03ff16bc2ef65ba76ead624910c47aacd4c20496fda9ee837,0,11,-76
10:59:55,P6102,9b2077243632d2c03ff16bc2ef65ba76ead624910c47aacd4c20496fda9ee837,0,11,-74
10:59:56,P6102,9b2077243632d2c03ff16bc2ef65ba76ead624910c47aacd4c20496fda9ee837,0,11,-75
10:59:56,P6102,56a85f8f40c1bdb6ca45d29c08e7297ebd1a35bd939a58b34a9c52e7cffb2cb1,0,6,-89
10:59:58,P6102,9b2077243632d2c03ff16bc2ef65ba76ead624910c47aacd4c20496fda9ee837,0,11,-75
11:00:00,P6102,9b2077243632d2c03ff16bc2ef65ba76ead624910c47aacd4c20496fda9ee837,0,11,-72
11:00:00,P6102,56a85f8f40c1bdb6ca45d29c08e7297ebd1a35bd939a58b34a9c52e7cffb2cb1,0,6,-89
11:00:02,P6102,9b2077243632d2c03ff16bc2ef65ba76ead624910c47aacd4c20496fda9ee837,0,11,-73
11:00:04,P6102,9b2077243632d2c03ff16bc2ef65ba76ead624910c47aacd4c20496fda9ee837,0,11,-70
11:00:06,P6102,9b2077243632d2c03ff16bc2ef65ba76ead624910c47aacd4c20496fda9ee837,0,11,-72
11:00:06,P6102,56a85f8f40c1bdb6ca45d29c08e7297ebd1a35bd939a58b34a9c52e7cffb2cb1,0,6,-88
11:00:06,P60 de Amelie,d8349cf775539e23d7dbc388085db520cfa15d136adda440ea0896fc710336af,3,6,-96
11:00:08,P6102,9b2077243632d2c03ff16bc2ef65ba76ead624910c47aacd4c20496fda9ee837,0,11,-74
11:00:09,P6102,9b2077243632d2c03ff16bc2ef65ba76ead624910c47aacd4c20496fda9ee837,0,11,-73
11:00:11,P6102,9b2077243632d2c03ff16bc2ef65ba76ead624910c47aacd4c20496fda9ee837,0,11,-72
11:00:11,P6102,56a85f8f40c1bdb6ca45d29c08e7297ebd1a35bd939a58b34a9c52e7cffb2cb1,0,6,-84
11:00:13,P6102,9b2077243632d2c03ff16bc2ef65ba76ead624910c47aacd4c20496fda9ee837,0,11,-74
11:00:15,P6102,56a85f8f40c1bdb6ca45d29c08e7297ebd1a35bd939a58b34a9c52e7cffb2cb1,0,6,-90
11:00:17,P6102,9b2077243632d2c03ff16bc2ef65ba76ead624910c47aacd4c20496fda9ee837,0,11,-73
11:00:17,P6102,56a85f8f40c1bdb6ca45d29c08e7297ebd1a35bd939a58b34a9c52e7cffb2cb1,0,6,-85
11:00:19,P6102,9b2077243632d2c03ff16bc2ef65ba76ead624910c47aacd4c20496fda9ee837,0,11,-77
11:00:21,P6102,9b2077243632d2c03ff16bc2ef65ba76ead624910c47aacd4c20496fda9ee837,0,11,-74
11:00:21,P60 de Amelie,d8349cf775539e23d7dbc388085db520cfa15d136adda440ea0896fc710336af,3,6,-88
11:00:22,P6102,9b2077243632d2c03ff16bc2ef65ba76ead624910c47aacd4c20496fda9ee837,0,11,-74
11:00:24,P6102,9b2077243632d2c03ff16bc2ef65ba76ead624910c47aacd4c20496fda9ee837,0,11,-74
11:00:26,P6102,9b2077243632d2c03ff16bc2ef65ba76ead624910c47aacd4c20496fda9ee837,0,11,-74
11:00:26,P60 de Amelie,d8349cf775539e23d7dbc388085db520cfa15d136adda440ea0896fc710336af,3,6,-91
11:00:28,P6102,9b2077243632d2c03ff16bc2ef65ba76ead624910c47aacd4c20496fda9ee837,0,11,-72
11:00:28,P6102,56a85f8f40c1bdb6ca45d29c08e7297ebd1a35bd939a58b34a9c52e7cffb2cb1,0,6,-87
11:00:28,P60 de Amelie,d8349cf775539e23d7dbc388085db520cfa15d136adda440ea0896fc710336af,3,6,-90
11:00:30,P6102,9b2077243632d2c03ff16bc2ef65ba76ead624910c47aacd4c20496fda9ee837,0,11,-75
11:00:30,P6102,56a85f8f40c1bdb6ca45d29c08e7297ebd1a35bd939a58b34a9c52e7cffb2cb1,0,6,-85
11:00:32,P6102,9b2077243632d2c03ff16bc2ef65ba76ead624910c47aacd4c20496fda9ee837,0,11,-74
11:00:34,P6102,9b2077243632d2c03ff16bc2ef65ba76ead624910c47aacd4c20496fda9ee837,0,11,-76
11:00:35,P6102,56a85f8f40c1bdb6ca45d29c08e7297ebd1a35bd939a58b34a9c52e7cffb2cb1,0,6,-87
11:00:35,P60 de Amelie,d8349cf775539e23d7dbc388085db520cfa15d136adda440ea0896fc710336af,3,6,-88
11:00:37,P6102,9b2077243632d2c03ff16bc2ef65ba76ead624910c47aacd4c20496fda9ee837,0,11,-73
11:00:37,P6102,56a85f8f40c1bdb6ca45d29c08e7297ebd1a35bd939a58b34a9c52e7cffb2cb1,0,6,-87
11:00:39,P6102,9b2077243632d2c03ff16bc2ef65ba76ead624910c47aacd4c20496fda9ee837,0,11,-72
11:00:41,P6102,9b2077243632d2c03ff16bc2ef65ba76ead624910c47aacd4c20496fda9ee837,0,11,-72
11:00:41,P6102,56a85f8f40c1bdb6ca45d29c08e7297ebd1a35bd939a58b34a9c52e7cffb2cb1,0,6,-85
11:00:43,P6102,9b2077243632d2c03ff16bc2ef65ba76ead624910c47aacd4c20496fda9ee837,0,11,-70
11:00:45,P6102,56a85f8f40c1bdb6ca45d29c08e7297ebd1a35bd939a58b34a9c52e7cffb2cb1,0,6,-88
11:00:47,P6102,9b2077243632d2c03ff16bc2ef65ba76ead624910c47aacd4c20496fda9ee837,0,11,-75
11:00:47,P60 de Amelie,d8349cf775539e23d7dbc388085db520cfa15d136adda440ea0896fc710336af,3,6,-90
11:00:48,P6102,56a85f8f40c1bdb6ca45d29c08e7297ebd1a35bd939a58b34a9c52e7cffb2cb1,0,6,-88
11:00:50,P6102,9b2077243632d2c03ff16bc2ef65ba76ead624910c47aacd4c20496fda9ee837,0,11,-73
11:00:54,P6102,9b2077243632d2c03ff16bc2ef65ba76ead624910c47aacd4c20496fda9ee837,0,11,-74
11:00:54,P6102,56a85f8f40c1bdb6ca45d29c08e7297ebd1a35bd939a58b34a9c52e7cffb2cb1,0,6,-89
11:00:56,P6102,9b2077243632d2c03ff16bc2ef65ba76ead624910c47aacd4c20496fda9ee837,0,11,-72
11:00:56,P60 de Amelie,d8349cf775539e23d7dbc388085db520cfa15d136adda440ea0896fc710336af,3,6,-91
11:00:58,P6102,9b2077243632d2c03ff16bc2ef65ba76ead624910c47aacd4c20496fda9ee837,0,11,-70
11:00:58,P60 de Amelie,d8349cf775539e23d7dbc388085db520cfa15d136adda440ea0896fc710336af,3,6,-91
11:01:00,P6102,9b2077243632d2c03ff16bc2ef65ba76ead624910c47aacd4c20496fda9ee837,0,11,-78
11:01:01,P6102,9b2077243632d2c03ff16bc2ef65ba76ead624910c47aacd4c20496fda9ee837,0,11,-76
11:01:03,P60 de Amelie,d8349cf775539e23d7dbc388085db520cfa15d136adda440ea0896fc710336af,3,6,-91
11:01:05,P6102,9b2077243632d2c03ff16bc2ef65ba76ead624910c47aacd4c20496fda9ee837,0,11,-77
11:01:07,P6102,9b2077243632d2c03ff16bc2ef65ba76ead624910c47aacd4c20496fda9ee837,0,11,-74
11:01:09,P6102,9b2077243632d2c03ff16bc2ef65ba76ead624910c47aacd4c20496fda9ee837,0,11,-74
11:01:09,P6102,56a85f8f40c1bdb6ca45d29c08e7297ebd1a35bd939a58b34a9c52e7cffb2cb1,0,6,-87
11:01:11,P6102,9b2077243632d2c03ff16bc2ef65ba76ead624910c47aacd4c20496fda9ee837,0,11,-73
11:01:11,P6102,56a85f8f40c1bdb6ca45d29c08e7297ebd1a35bd939a58b34a9c52e7cffb2cb1,0,6,-89
11:01:13,P6102,9b2077243632d2c03ff16bc2ef65ba76ead624910c47aacd4c20496fda9ee837,0,11,-77
11:01:13,P60 de Amelie,d8349cf775539e23d7dbc388085db520cfa15d136adda440ea0896fc710336af,3,6,-91
11:01:14,P6102,9b2077243632d2c03ff16bc2ef65ba76ead624910c47aacd4c20496fda9ee837,0,11,-76
11:01:16,P6102,9b2077243632d2c03ff16bc2ef65ba76ead624910c47aacd4c20496fda9ee837,0,11,-75
11:01:18,P6102,9b2077243632d2c03ff16bc2ef65ba76ead624910c47aacd4c20496fda9ee837,0,11,-74
11:01:18,P60 de Amelie,d8349cf775539e23d7dbc388085db520cfa15d136adda440ea0896fc710336af,3,6,-91
11:01:20,P6102,9b2077243632d2c03ff16bc2ef65ba76ead624910c47aacd4c20496fda9ee837,0,11,-73
11:01:20,P6102,56a85f8f40c1bdb6ca45d29c08e7297ebd1a35bd939a58b34a9c52e7cffb2cb1,0,6,-86
11:01:20,P60 de Amelie,d8349cf775539e23d7dbc388085db520cfa15d136adda440ea0896fc710336af,3,6,-90
11:01:22,P6102,9b2077243632d2c03ff16bc2ef65ba76ead624910c47aacd4c20496fda9ee837,0,11,-76
11:01:24,P6102,9b2077243632d2c03ff16bc2ef65ba76ead624910c47aacd4c20496fda9ee837,0,11,-76
11:01:24,P6102,56a85f8f40c1bdb6ca45d29c08e7297ebd1a35bd939a58b34a9c52e7cffb2cb1,0,6,-91
11:01:26,P6102,9b2077243632d2c03ff16bc2ef65ba76ead624910c47aacd4c20496fda9ee837,0,11,-77
11:01:27,P6102,9b2077243632d2c03ff16bc2ef65ba76ead624910c47aacd4c20496fda9ee837,0,11,-78
11:01:27,P60 de Amelie,d8349cf775539e23d7dbc388085db520cfa15d136adda440ea0896fc710336af,3,6,-93
11:01:29,P6102,56a85f8f40c1bdb6ca45d29c08e7297ebd1a35bd939a58b34a9c52e7cffb2cb1,0,6,-88
11:01:31,P6102,9b2077243632d2c03ff16bc2ef65ba76ead624910c47aacd4c20496fda9ee837,0,11,-76
11:01:31,P6102,56a85f8f40c1bdb6ca45d29c08e7297ebd1a35bd939a58b34a9c52e7cffb2cb1,0,6,-85
11:01:31,P60 de Amelie,d8349cf775539e23d7dbc388085db520cfa15d136adda440ea0896fc710336af,3,6,-91
11:01:33,P6102,9b2077243632d2c03ff16bc2ef65ba76ead624910c47aacd4c20496fda9ee837,0,11,-76
11:01:33,P6102,56a85f8f40c1bdb6ca45d29c08e7297ebd1a35bd939a58b34a9c52e7cffb2cb1,0,6,-86
11:01:33,P60 de Amelie,d8349cf775539e23d7dbc388085db520cfa15d136adda440ea0896fc710336af,3,6,-91
11:01:35,P6102,9b2077243632d2c03ff16bc2ef65ba76ead624910c47aacd4c20496fda9ee837,0,11,-76
11:01:37,P6102,9b2077243632d2c03ff16bc2ef65ba76ead624910c47aacd4c20496fda9ee837,0,11,-76
11:01:37,P6102,56a85f8f40c1bdb6ca45d29c08e7297ebd1a35bd939a58b34a9c52e7cffb2cb1,0,6,-87
11:01:39,P6102,9b2077243632d2c03ff16bc2ef65ba76ead624910c47aacd4c20496fda9ee837,0,11,-75
11:01:40,P6102,9b2077243632d2c03ff16bc2ef65ba76ead624910c47aacd4c20496fda9ee837,0,11,-75
11:01:42,P6102,9b2077243632d2c03ff16bc2ef65ba76ead624910c47aacd4c20496fda9ee837,0,11,-74
11:01:44,P6102,9b2077243632d2c03ff16bc2ef65ba76ead624910c47aacd4c20496fda9ee837,0,11,-76
11:01:44,P6102,56a85f8f40c1bdb6ca45d29c08e7297ebd1a35bd939a58b34a9c52e7cffb2cb1,0,6,-87
11:01:46,P60 de Amelie,d8349cf775539e23d7dbc388085db520cfa15d136adda440ea0896fc710336af,3,6,-88
11:01:48,P6102,9b2077243632d2c03ff16bc2ef65ba76ead624910c47aacd4c20496fda9ee837,0,11,-73
11:01:48,P6102,56a85f8f40c1bdb6ca45d29c08e7297ebd1a35bd939a58b34a9c52e7cffb2cb1,0,6,-84
11:01:48,P60 de Amelie,d8349cf775539e23d7dbc388085db520cfa15d136adda440ea0896fc710336af,3,6,-91
11:01:50,P6102,9b2077243632d2c03ff16bc2ef65ba76ead624910c47aacd4c20496fda9ee837,0,11,-73
11:01:50,P60 de Amelie,d8349cf775539e23d7dbc388085db520cfa15d136adda440ea0896fc710336af,3,6,-91
11:01:52,P6102,9b2077243632d2c03ff16bc2ef65ba76ead624910c47aacd4c20496fda9ee837,0,11,-75
11:01:54,P6102,9b2077243632d2c03ff16bc2ef65ba76ead624910c47aacd4c20496fda9ee837,0,11,-76
11:01:54,P60 de Amelie,d8349cf775539e23d7dbc388085db520cfa15d136adda440ea0896fc710336af,3,6,-91
11:01:55,P6102,9b2077243632d2c03ff16bc2ef65ba76ead624910c47aacd4c20496fda9ee837,0,11,-75
11:01:55,P6102,56a85f8f40c1bdb6ca45d29c08e7297ebd1a35bd939a58b34a9c52e7cffb2cb1,0,6,-84
11:01:57,P6102,9b2077243632d2c03ff16bc2ef65ba76ead624910c47aacd4c20496fda9ee837,0,11,-73
11:01:57,P6102,56a85f8f40c1bdb6ca45d29c08e7297ebd1a35bd939a58b34a9c52e7cffb2cb1,0,6,-86
11:01:59,P6102,9b2077243632d2c03ff16bc2ef65ba76ead624910c47aacd4c20496fda9ee837,0,11,-74
11:02:01,P6102,9b2077243632d2c03ff16bc2ef65ba76ead624910c47aacd4c20496fda9ee837,0,11,-73
11:02:03,P6102,9b2077243632d2c03ff16bc2ef65ba76ead624910c47aacd4c20496fda9ee837,0,11,-73
11:02:05,P6102,9b2077243632d2c03ff16bc2ef65ba76ead624910c47aacd4c20496fda9ee837,0,11,-75
11:02:05,P6102,56a85f8f40c1bdb6ca45d29c08e7297ebd1a35bd939a58b34a9c52e7cffb2cb1,0,6,-86
11:02:07,P6102,9b2077243632d2c03ff16bc2ef65ba76ead624910c47aacd4c20496fda9ee837,0,11,-75
11:02:07,P6102,56a85f8f40c1bdb6ca45d29c08e7297ebd1a35bd939a58b34a9c52e7cffb2cb1,0,6,-84
11:02:08,P6102,9b2077243632d2c03ff16bc2ef65ba76ead624910c47aacd4c20496fda9ee837,0,11,-76
11:02:08,P6102,56a85f8f40c1bdb6ca45d29c08e7297ebd1a35bd939a58b34a9c52e7cffb2cb1,0,6,-86
11:02:10,P6102,9b2077243632d2c03ff16bc2ef65ba76ead624910c47aacd4c20496fda9ee837,0,11,-74
11:02:10,P6102,56a85f8f40c1bdb6ca45d29c08e7297ebd1a35bd939a58b34a9c52e7cffb2cb1,0,6,-87
11:02:12,P6102,9b2077243632d2c03ff16bc2ef65ba76ead624910c47aacd4c20496fda9ee837,0,11,-77
11:02:12,P6102,56a85f8f40c1bdb6ca45d29c08e7297ebd1a35bd939a58b34a9c52e7cffb2cb1,0,6,-84
11:02:14,P6102,9b2077243632d2c03ff16bc2ef65ba76ead624910c47aacd4c20496fda9ee837,0,11,-73
11:02:14,P6102,56a85f8f40c1bdb6ca45d29c08e7297ebd1a35bd939a58b34a9c52e7cffb2cb1,0,6,-84
11:02:16,P6102,9b2077243632d2c03ff16bc2ef65ba76ead624910c47aacd4c20496fda9ee837,0,11,-72
11:02:18,P6102,9b2077243632d2c03ff16bc2ef65ba76ead624910c47aacd4c20496fda9ee837,0,11,-73
11:02:20,P6102,9b2077243632d2c03ff16bc2ef65ba76ead624910c47aacd4c20496fda9ee837,0,11,-73
11:02:20,P6102,56a85f8f40c1bdb6ca45d29c08e7297ebd1a35bd939a58b34a9c52e7cffb2cb1,0,6,-85
11:02:21,P6102,9b2077243632d2c03ff16bc2ef65ba76ead624910c47aacd4c20496fda9ee837,0,11,-73
11:02:21,P6102,56a85f8f40c1bdb6ca45d29c08e7297ebd1a35bd939a58b34a9c52e7cffb2cb1,0,6,-86
11:02:23,P6102,9b2077243632d2c03ff16bc2ef65ba76ead624910c47aacd4c20496fda9ee837,0,11,-73
11:02:23,P6102,56a85f8f40c1bdb6ca45d29c08e7297ebd1a35bd939a58b34a9c52e7cffb2cb1,0,6,-85
11:02:25,P6102,9b2077243632d2c03ff16bc2ef65ba76ead624910c47aacd4c20496fda9ee837,0,11,-72
11:02:25,P6102,56a85f8f40c1bdb6ca45d29c08e7297ebd1a35bd939a58b34a9c52e7cffb2cb1,0,6,-86
11:02:27,P6102,9b2077243632d2c03ff16bc2ef65ba76ead624910c47aacd4c20496fda9ee837,0,11,-73
11:02:29,P6102,9b2077243632d2c03ff16bc2ef65ba76ead624910c47aacd4c20496fda9ee837,0,11,-73
11:02:29,P6102,56a85f8f40c1bdb6ca45d29c08e7297ebd1a35bd939a58b34a9c52e7cffb2cb1,0,6,-88
11:02:31,P6102,9b2077243632d2c03ff16bc2ef65ba76ead624910c47aacd4c20496fda9ee837,0,11,-73
11:02:33,P6102,9b2077243632d2c03ff16bc2ef65ba76ead624910c47aacd4c20496fda9ee837,0,11,-74
11:02:34,P6102,9b2077243632d2c03ff16bc2ef65ba76ead624910c47aacd4c20496fda9ee837,0,11,-72
11:02:36,P6102,9b2077243632d2c03ff16bc2ef65ba76ead624910c47aacd4c20496fda9ee837,0,11,-74
11:02:38,P6102,9b2077243632d2c03ff16bc2ef65ba76ead624910c47aacd4c20496fda9ee837,0,11,-75
11:02:38,P6102,56a85f8f40c1bdb6ca45d29c08e7297ebd1a35bd939a58b34a9c52e7cffb2cb1,0,6,-87
11:02:40,P6102,9b2077243632d2c03ff16bc2ef65ba76ead624910c47aacd4c20496fda9ee837,0,11,-75
11:02:42,P6102,9b2077243632d2c03ff16bc2ef65ba76ead624910c47aacd4c20496fda9ee837,0,11,-77
11:02:42,P6102,56a85f8f40c1bdb6ca45d29c08e7297ebd1a35bd939a58b34a9c52e7cffb2cb1,0,6,-87
11:02:44,P6102,9b2077243632d2c03ff16bc2ef65ba76ead624910c47aacd4c20496fda9ee837,0,11,-75
11:02:46,P6102,9b2077243632d2c03ff16bc2ef65ba76ead624910c47aacd4c20496fda9ee837,0,11,-73
11:02:46,P6102,56a85f8f40c1bdb6ca45d29c08e7297ebd1a35bd939a58b34a9c52e7cffb2cb1,0,6,-90
11:02:47,P6102,9b2077243632d2c03ff16bc2ef65ba76ead624910c47aacd4c20496fda9ee837,0,11,-72
11:02:47,P6102,56a85f8f40c1bdb6ca45d29c08e7297ebd1a35bd939a58b34a9c52e7cffb2cb1,0,6,-89
11:02:49,P6102,9b2077243632d2c03ff16bc2ef65ba76ead624910c47aacd4c20496fda9ee837,0,11,-71
11:02:51,P6102,9b2077243632d2c03ff16bc2ef65ba76ead624910c47aacd4c20496fda9ee837,0,11,-72
11:02:51,P6102,56a85f8f40c1bdb6ca45d29c08e7297ebd1a35bd939a58b34a9c52e7cffb2cb1,0,6,-90
11:02:53,P6102,9b2077243632d2c03ff16bc2ef65ba76ead624910c47aacd4c20496fda9ee837,0,11,-69
11:02:55,P6102,9b2077243632d2c03ff16bc2ef65ba76ead624910c47aacd4c20496fda9ee837,0,11,-69
11:02:55,P6102,56a85f8f40c1bdb6ca45d29c08e7297ebd1a35bd939a58b34a9c52e7cffb2cb1,0,6,-85
11:02:57,P6102,9b2077243632d2c03ff16bc2ef65ba76ead624910c47aacd4c20496fda9ee837,0,11,-69
11:02:59,P6102,9b2077243632d2c03ff16bc2ef65ba76ead624910c47aacd4c20496fda9ee837,0,11,-72
11:03:00,P6102,9b2077243632d2c03ff16bc2ef65ba76ead624910c47aacd4c20496fda9ee837,0,11,-74
11:03:02,P6102,9b2077243632d2c03ff16bc2ef65ba76ead624910c47aacd4c20496fda9ee837,0,11,-74
11:03:06,P6102,9b2077243632d2c03ff16bc2ef65ba76ead624910c47aacd4c20496fda9ee837,0,11,-74
11:03:08,P6102,9b2077243632d2c03ff16bc2ef65ba76ead624910c47aacd4c20496fda9ee837,0,11,-75
11:03:10,P6102,9b2077243632d2c03ff16bc2ef65ba76ead624910c47aacd4c20496fda9ee837,0,11,-75
11:03:12,P6102,9b2077243632d2c03ff16bc2ef65ba76ead624910c47aacd4c20496fda9ee837,0,11,-73
11:03:13,P6102,9b2077243632d2c03ff16bc2ef65ba76ead624910c47aacd4c20496fda9ee837,0,11,-72
11:03:15,P6102,9b2077243632d2c03ff16bc2ef65ba76ead624910c47aacd4c20496fda9ee837,0,11,-77
11:03:17,P6102,9b2077243632d2c03ff16bc2ef65ba76ead624910c47aacd4c20496fda9ee837,0,11,-75
11:03:19,P6102,9b2077243632d2c03ff16bc2ef65ba76ead624910c47aacd4c20496fda9ee837,0,11,-73
11:03:21,P6102,9b2077243632d2c03ff16bc2ef65ba76ead624910c47aacd4c20496fda9ee837,0,11,-75
11:03:23,P6102,9b2077243632d2c03ff16bc2ef65ba76ead624910c47aacd4c20496fda9ee837,0,11,-76
11:03:24,P6102,9b2077243632d2c03ff16bc2ef65ba76ead624910c47aacd4c20496fda9ee837,0,11,-75
11:03:26,P6102,9b2077243632d2c03ff16bc2ef65ba76ead624910c47aacd4c20496fda9ee837,0,11,-76
11:03:28,P6102,9b2077243632d2c03ff16bc2ef65ba76ead624910c47aacd4c20496fda9ee837,0,11,-74
11:03:30,P6102,9b2077243632d2c03ff16bc2ef65ba76ead624910c47aacd4c20496fda9ee837,0,11,-74
11:03:32,P6102,9b2077243632d2c03ff16bc2ef65ba76ead624910c47aacd4c20496fda9ee837,0,11,-75
11:03:34,P6102,9b2077243632d2c03ff16bc2ef65ba76ead624910c47aacd4c20496fda9ee837,0,11,-74
11:03:36,P6102,9b2077243632d2c03ff16bc2ef65ba76ead624910c47aacd4c20496fda9ee837,0,11,-74
11:03:36,P6102,56a85f8f40c1bdb6ca45d29c08e7297ebd1a35bd939a58b34a9c52e7cffb2cb1,0,6,-89
11:03:37,P6102,9b2077243632d2c03ff16bc2ef65ba76ead624910c47aacd4c20496fda9ee837,0,11,-75
11:03:39,P6102,9b2077243632d2c03ff16bc2ef65ba76ead624910c47aacd4c20496fda9ee837,0,11,-75
11:03:41,P6102,9b2077243632d2c03ff16bc2ef65ba76ead624910c47aacd4c20496fda9ee837,0,11,-75
11:03:43,P6102,9b2077243632d2c03ff16bc2ef65ba76ead624910c47aacd4c20496fda9ee837,0,11,-75
11:03:45,P6102,9b2077243632d2c03ff16bc2ef65ba76ead624910c47aacd4c20496fda9ee837,0,11,-73
11:03:47,P6102,9b2077243632d2c03ff16bc2ef65ba76ead624910c47aacd4c20496fda9ee837,0,11,-72
11:03:47,P6102,9d872d990106cbe08b55a9b0f1526b86bee4f8cfcb91be4498596e09091a4da3,0,1,-91
11:03:50,P6102,9b2077243632d2c03ff16bc2ef65ba76ead624910c47aacd4c20496fda9ee837,0,11,-73
11:03:52,P6102,9b2077243632d2c03ff16bc2ef65ba76ead624910c47aacd4c20496fda9ee837,0,11,-74
11:03:52,P6102,9d872d990106cbe08b55a9b0f1526b86bee4f8cfcb91be4498596e09091a4da3,0,1,-90
11:03:54,P6102,9b2077243632d2c03ff16bc2ef65ba76ead624910c47aacd4c20496fda9ee837,0,11,-75
11:03:56,P6102,9b2077243632d2c03ff16bc2ef65ba76ead624910c47aacd4c20496fda9ee837,0,11,-76
11:03:58,P6102,9b2077243632d2c03ff16bc2ef65ba76ead624910c47aacd4c20496fda9ee837,0,11,-74
11:03:58,P6102,56a85f8f40c1bdb6ca45d29c08e7297ebd1a35bd939a58b34a9c52e7cffb2cb1,0,6,-90
11:04:00,P6102,9b2077243632d2c03ff16bc2ef65ba76ead624910c47aacd4c20496fda9ee837,0,11,-74
11:04:03,P6102,9b2077243632d2c03ff16bc2ef65ba76ead624910c47aacd4c20496fda9ee837,0,11,-72
11:04:03,P6102,56a85f8f40c1bdb6ca45d29c08e7297ebd1a35bd939a58b34a9c52e7cffb2cb1,0,6,-89
11:04:05,P6102,9b2077243632d2c03ff16bc2ef65ba76ead624910c47aacd4c20496fda9ee837,0,11,-70
11:04:07,P6102,9b2077243632d2c03ff16bc2ef65ba76ead624910c47aacd4c20496fda9ee837,0,11,-73
11:04:09,P6102,9b2077243632d2c03ff16bc2ef65ba76ead624910c47aacd4c20496fda9ee837,0,11,-72
11:04:11,P6102,9b2077243632d2c03ff16bc2ef65ba76ead624910c47aacd4c20496fda9ee837,0,11,-75
11:04:11,P60 de Amelie,d8349cf775539e23d7dbc388085db520cfa15d136adda440ea0896fc710336af,3,6,-94
11:04:13,P6102,9b2077243632d2c03ff16bc2ef65ba76ead624910c47aacd4c20496fda9ee837,0,11,-73
11:04:14,P6102,9b2077243632d2c03ff16bc2ef65ba76ead624910c47aacd4c20496fda9ee837,0,11,-78
11:04:16,P6102,9b2077243632d2c03ff16bc2ef65ba76ead624910c47aacd4c20496fda9ee837,0,11,-70
11:04:18,P6102,9b2077243632d2c03ff16bc2ef65ba76ead624910c47aacd4c20496fda9ee837,0,11,-71
11:04:20,P6102,9b2077243632d2c03ff16bc2ef65ba76ead624910c47aacd4c20496fda9ee837,0,11,-74
11:04:20,P6102,56a85f8f40c1bdb6ca45d29c08e7297ebd1a35bd939a58b34a9c52e7cffb2cb1,0,6,-86
11:04:22,P6102,9b2077243632d2c03ff16bc2ef65ba76ead624910c47aacd4c20496fda9ee837,0,11,-72
11:04:22,P60 de Amelie,d8349cf775539e23d7dbc388085db520cfa15d136adda440ea0896fc710336af,3,6,-92
11:04:26,P6102,9b2077243632d2c03ff16bc2ef65ba76ead624910c47aacd4c20496fda9ee837,0,11,-72
11:04:31,P6102,9b2077243632d2c03ff16bc2ef65ba76ead624910c47aacd4c20496fda9ee837,0,11,-73
11:04:31,P6102,56a85f8f40c1bdb6ca45d29c08e7297ebd1a35bd939a58b34a9c52e7cffb2cb1,0,6,-88
11:04:33,P6102,9b2077243632d2c03ff16bc2ef65ba76ead624910c47aacd4c20496fda9ee837,0,11,-74
11:04:35,P6102,9b2077243632d2c03ff16bc2ef65ba76ead624910c47aacd4c20496fda9ee837,0,11,-72
11:04:37,P6102,9b2077243632d2c03ff16bc2ef65ba76ead624910c47aacd4c20496fda9ee837,0,11,-76
11:04:38,P6102,9b2077243632d2c03ff16bc2ef65ba76ead624910c47aacd4c20496fda9ee837,0,11,-74
11:04:40,P6102,9b2077243632d2c03ff16bc2ef65ba76ead624910c47aacd4c20496fda9ee837,0,11,-74
11:04:42,P6102,9b2077243632d2c03ff16bc2ef65ba76ead624910c47aacd4c20496fda9ee837,0,11,-74
11:04:42,P6102,9d872d990106cbe08b55a9b0f1526b86bee4f8cfcb91be4498596e09091a4da3,0,1,-92
11:04:44,P6102,9b2077243632d2c03ff16bc2ef65ba76ead624910c47aacd4c20496fda9ee837,0,11,-73
11:04:46,P6102,9b2077243632d2c03ff16bc2ef65ba76ead624910c47aacd4c20496fda9ee837,0,11,-72
11:04:48,P6102,9b2077243632d2c03ff16bc2ef65ba76ead624910c47aacd4c20496fda9ee837,0,11,-73
11:04:48,P60 de Amelie,d8349cf775539e23d7dbc388085db520cfa15d136adda440ea0896fc710336af,3,6,-93
11:04:50,P6102,9b2077243632d2c03ff16bc2ef65ba76ead624910c47aacd4c20496fda9ee837,0,11,-73
11:04:50,P6102,56a85f8f40c1bdb6ca45d29c08e7297ebd1a35bd939a58b34a9c52e7cffb2cb1,0,6,-86
11:04:51,P6102,9b2077243632d2c03ff16bc2ef65ba76ead624910c47aacd4c20496fda9ee837,0,11,-72
11:04:53,P6102,9b2077243632d2c03ff16bc2ef65ba76ead624910c47aacd4c20496fda9ee837,0,11,-72
11:04:57,P6102,9b2077243632d2c03ff16bc2ef65ba76ead624910c47aacd4c20496fda9ee837,0,11,-72
11:04:59,P6102,9b2077243632d2c03ff16bc2ef65ba76ead624910c47aacd4c20496fda9ee837,0,11,-71
11:04:59,P60 de Amelie,d8349cf775539e23d7dbc388085db520cfa15d136adda440ea0896fc710336af,3,6,-90
11:05:01,P6102,9b2077243632d2c03ff16bc2ef65ba76ead624910c47aacd4c20496fda9ee837,0,11,-74
11:05:03,P6102,9b2077243632d2c03ff16bc2ef65ba76ead624910c47aacd4c20496fda9ee837,0,11,-72
11:05:04,P6102,9b2077243632d2c03ff16bc2ef65ba76ead624910c47aacd4c20496fda9ee837,0,11,-71
11:05:04,P60 de Amelie,d8349cf775539e23d7dbc388085db520cfa15d136adda440ea0896fc710336af,3,6,-89
11:05:06,P6102,9b2077243632d2c03ff16bc2ef65ba76ead624910c47aacd4c20496fda9ee837,0,11,-69
11:05:06,P60 de Amelie,d8349cf775539e23d7dbc388085db520cfa15d136adda440ea0896fc710336af,3,6,-85
11:05:06,P6102,56a85f8f40c1bdb6ca45d29c08e7297ebd1a35bd939a58b34a9c52e7cffb2cb1,0,6,-88
11:05:08,P6102,9b2077243632d2c03ff16bc2ef65ba76ead624910c47aacd4c20496fda9ee837,0,11,-72
11:05:08,P60 de Amelie,d8349cf775539e23d7dbc388085db520cfa15d136adda440ea0896fc710336af,3,6,-84
11:05:10,P6102,9b2077243632d2c03ff16bc2ef65ba76ead624910c47aacd4c20496fda9ee837,0,11,-73
11:05:10,P60 de Amelie,d8349cf775539e23d7dbc388085db520cfa15d136adda440ea0896fc710336af,3,6,-75
11:05:12,P6102,9b2077243632d2c03ff16bc2ef65ba76ead624910c47aacd4c20496fda9ee837,0,11,-73
11:05:12,P60 de Amelie,d8349cf775539e23d7dbc388085db520cfa15d136adda440ea0896fc710336af,3,6,-84
11:05:12,P6107,78bf810b923b849de4c01bc0952fb2fdb61b8f2ad3ed41612f884f25611d40ee,3,6,-95
11:05:14,P6102,9b2077243632d2c03ff16bc2ef65ba76ead624910c47aacd4c20496fda9ee837,0,11,-74
11:05:16,P6102,9b2077243632d2c03ff16bc2ef65ba76ead624910c47aacd4c20496fda9ee837,0,11,-72
11:05:16,P60 de Amelie,d8349cf775539e23d7dbc388085db520cfa15d136adda440ea0896fc710336af,3,6,-89
11:05:17,P6102,9b2077243632d2c03ff16bc2ef65ba76ead624910c47aacd4c20496fda9ee837,0,11,-73
11:05:19,P6102,9b2077243632d2c03ff16bc2ef65ba76ead624910c47aacd4c20496fda9ee837,0,11,-77
11:05:21,P6102,9b2077243632d2c03ff16bc2ef65ba76ead624910c47aacd4c20496fda9ee837,0,11,-77
11:05:23,P6102,9b2077243632d2c03ff16bc2ef65ba76ead624910c47aacd4c20496fda9ee837,0,11,-71
11:05:25,P6102,9b2077243632d2c03ff16bc2ef65ba76ead624910c47aacd4c20496fda9ee837,0,11,-75
11:05:25,P6107,78bf810b923b849de4c01bc0952fb2fdb61b8f2ad3ed41612f884f25611d40ee,3,6,-93
11:05:29,P6102,9b2077243632d2c03ff16bc2ef65ba76ead624910c47aacd4c20496fda9ee837,0,11,-72
11:05:29,P6102,56a85f8f40c1bdb6ca45d29c08e7297ebd1a35bd939a58b34a9c52e7cffb2cb1,0,6,-88
11:05:30,P6102,9b2077243632d2c03ff16bc2ef65ba76ead624910c47aacd4c20496fda9ee837,0,11,-70
11:05:32,P6102,9b2077243632d2c03ff16bc2ef65ba76ead624910c47aacd4c20496fda9ee837,0,11,-69
11:05:36,P6102,9b2077243632d2c03ff16bc2ef65ba76ead624910c47aacd4c20496fda9ee837,0,11,-72
11:05:36,P6102,56a85f8f40c1bdb6ca45d29c08e7297ebd1a35bd939a58b34a9c52e7cffb2cb1,0,6,-86
11:05:38,P6102,9b2077243632d2c03ff16bc2ef65ba76ead624910c47aacd4c20496fda9ee837,0,11,-70
11:05:38,P6102,56a85f8f40c1bdb6ca45d29c08e7297ebd1a35bd939a58b34a9c52e7cffb2cb1,0,6,-87
11:05:40,P6102,9b2077243632d2c03ff16bc2ef65ba76ead624910c47aacd4c20496fda9ee837,0,11,-71
11:05:40,P6102,56a85f8f40c1bdb6ca45d29c08e7297ebd1a35bd939a58b34a9c52e7cffb2cb1,0,6,-84
11:05:42,P6102,9b2077243632d2c03ff16bc2ef65ba76ead624910c47aacd4c20496fda9ee837,0,11,-74
11:05:42,P6102,56a85f8f40c1bdb6ca45d29c08e7297ebd1a35bd939a58b34a9c52e7cffb2cb1,0,6,-86
11:05:43,P6102,9b2077243632d2c03ff16bc2ef65ba76ead624910c47aacd4c20496fda9ee837,0,11,-74
11:05:45,P6102,9b2077243632d2c03ff16bc2ef65ba76ead624910c47aacd4c20496fda9ee837,0,11,-72
11:05:47,P6102,9b2077243632d2c03ff16bc2ef65ba76ead624910c47aacd4c20496fda9ee837,0,11,-70
11:05:49,P6102,9b2077243632d2c03ff16bc2ef65ba76ead624910c47aacd4c20496fda9ee837,0,11,-74
11:05:53,P6102,9b2077243632d2c03ff16bc2ef65ba76ead624910c47aacd4c20496fda9ee837,0,11,-72
11:05:55,P6102,9b2077243632d2c03ff16bc2ef65ba76ead624910c47aacd4c20496fda9ee837,0,11,-71
11:05:56,P6102,9b2077243632d2c03ff16bc2ef65ba76ead624910c47aacd4c20496fda9ee837,0,11,-73
11:05:56,P6102,56a85f8f40c1bdb6ca45d29c08e7297ebd1a35bd939a58b34a9c52e7cffb2cb1,0,6,-87
11:05:56,P6107,78bf810b923b849de4c01bc0952fb2fdb61b8f2ad3ed41612f884f25611d40ee,3,6,-93
11:05:58,P6102,9b2077243632d2c03ff16bc2ef65ba76ead624910c47aacd4c20496fda9ee837,0,11,-73
11:05:58,P6107,78bf810b923b849de4c01bc0952fb2fdb61b8f2ad3ed41612f884f25611d40ee,3,6,-93
11:06:00,P6102,9b2077243632d2c03ff16bc2ef65ba76ead624910c47aacd4c20496fda9ee837,0,11,-75
11:06:00,P6102,56a85f8f40c1bdb6ca45d29c08e7297ebd1a35bd939a58b34a9c52e7cffb2cb1,0,6,-89
11:06:04,P6102,9b2077243632d2c03ff16bc2ef65ba76ead624910c47aacd4c20496fda9ee837,0,11,-74
11:06:06,P6102,9b2077243632d2c03ff16bc2ef65ba76ead624910c47aacd4c20496fda9ee837,0,11,-74
11:06:06,P6107,78bf810b923b849de4c01bc0952fb2fdb61b8f2ad3ed41612f884f25611d40ee,3,6,-94
11:06:08,P6102,9b2077243632d2c03ff16bc2ef65ba76ead624910c47aacd4c20496fda9ee837,0,11,-74
11:06:09,P6102,9b2077243632d2c03ff16bc2ef65ba76ead624910c47aacd4c20496fda9ee837,0,11,-75
11:06:09,P6107,78bf810b923b849de4c01bc0952fb2fdb61b8f2ad3ed41612f884f25611d40ee,3,6,-90
11:06:11,P6102,9b2077243632d2c03ff16bc2ef65ba76ead624910c47aacd4c20496fda9ee837,0,11,-74
11:06:13,P6102,9b2077243632d2c03ff16bc2ef65ba76ead624910c47aacd4c20496fda9ee837,0,11,-74
11:06:13,P6107,78bf810b923b849de4c01bc0952fb2fdb61b8f2ad3ed41612f884f25611d40ee,3,6,-95
11:06:15,P6102,9b2077243632d2c03ff16bc2ef65ba76ead624910c47aacd4c20496fda9ee837,0,11,-74
11:06:17,P6102,9b2077243632d2c03ff16bc2ef65ba76ead624910c47aacd4c20496fda9ee837,0,11,-73
11:06:17,P6102,56a85f8f40c1bdb6ca45d29c08e7297ebd1a35bd939a58b34a9c52e7cffb2cb1,0,6,-84
11:06:17,P6107,78bf810b923b849de4c01bc0952fb2fdb61b8f2ad3ed41612f884f25611d40ee,3,6,-91
11:06:19,P6102,9b2077243632d2c03ff16bc2ef65ba76ead624910c47aacd4c20496fda9ee837,0,11,-73
11:06:21,P6102,9b2077243632d2c03ff16bc2ef65ba76ead624910c47aacd4c20496fda9ee837,0,11,-75
11:06:22,P6102,9b2077243632d2c03ff16bc2ef65ba76ead624910c47aacd4c20496fda9ee837,0,11,-75
11:06:24,P6102,9b2077243632d2c03ff16bc2ef65ba76ead624910c47aacd4c20496fda9ee837,0,11,-74
11:06:26,P6102,9b2077243632d2c03ff16bc2ef65ba76ead624910c47aacd4c20496fda9ee837,0,11,-75
11:06:28,P6102,9b2077243632d2c03ff16bc2ef65ba76ead624910c47aacd4c20496fda9ee837,0,11,-77
11:06:30,P6102,9b2077243632d2c03ff16bc2ef65ba76ead624910c47aacd4c20496fda9ee837,0,11,-73
11:06:30,P6107,78bf810b923b849de4c01bc0952fb2fdb61b8f2ad3ed41612f884f25611d40ee,3,6,-92
11:06:32,P6102,9b2077243632d2c03ff16bc2ef65ba76ead624910c47aacd4c20496fda9ee837,0,11,-74
11:06:32,P6102,56a85f8f40c1bdb6ca45d29c08e7297ebd1a35bd939a58b34a9c52e7cffb2cb1,0,6,-86
11:06:35,P6102,9b2077243632d2c03ff16bc2ef65ba76ead624910c47aacd4c20496fda9ee837,0,11,-74
11:06:37,P6102,9b2077243632d2c03ff16bc2ef65ba76ead624910c47aacd4c20496fda9ee837,0,11,-70
11:06:39,P6102,9b2077243632d2c03ff16bc2ef65ba76ead624910c47aacd4c20496fda9ee837,0,11,-74
11:06:41,P6102,9b2077243632d2c03ff16bc2ef65ba76ead624910c47aacd4c20496fda9ee837,0,11,-75
11:06:43,P6102,9b2077243632d2c03ff16bc2ef65ba76ead624910c47aacd4c20496fda9ee837,0,11,-75
11:06:45,P6102,9b2077243632d2c03ff16bc2ef65ba76ead624910c47aacd4c20496fda9ee837,0,11,-70
11:06:46,P6102,9b2077243632d2c03ff16bc2ef65ba76ead624910c47aacd4c20496fda9ee837,0,11,-75
11:06:46,P6102,56a85f8f40c1bdb6ca45d29c08e7297ebd1a35bd939a58b34a9c52e7cffb2cb1,0,6,-83
11:06:48,P6102,9b2077243632d2c03ff16bc2ef65ba76ead624910c47aacd4c20496fda9ee837,0,11,-74
11:06:50,P6102,9b2077243632d2c03ff16bc2ef65ba76ead624910c47aacd4c20496fda9ee837,0,11,-72
11:06:52,P6102,9b2077243632d2c03ff16bc2ef65ba76ead624910c47aacd4c20496fda9ee837,0,11,-73
11:06:58,P6102,9b2077243632d2c03ff16bc2ef65ba76ead624910c47aacd4c20496fda9ee837,0,11,-72
11:06:59,P6102,9b2077243632d2c03ff16bc2ef65ba76ead624910c47aacd4c20496fda9ee837,0,11,-73
11:07:01,P6102,9b2077243632d2c03ff16bc2ef65ba76ead624910c47aacd4c20496fda9ee837,0,11,-73
11:07:03,P6102,9b2077243632d2c03ff16bc2ef65ba76ead624910c47aacd4c20496fda9ee837,0,11,-72
11:07:03,P6107,78bf810b923b849de4c01bc0952fb2fdb61b8f2ad3ed41612f884f25611d40ee,3,6,-93
11:07:05,P6102,9b2077243632d2c03ff16bc2ef65ba76ead624910c47aacd4c20496fda9ee837,0,11,-74
11:07:05,P6102,56a85f8f40c1bdb6ca45d29c08e7297ebd1a35bd939a58b34a9c52e7cffb2cb1,0,6,-84
11:07:07,P6102,56a85f8f40c1bdb6ca45d29c08e7297ebd1a35bd939a58b34a9c52e7cffb2cb1,0,6,-85
11:07:09,P6102,9b2077243632d2c03ff16bc2ef65ba76ead624910c47aacd4c20496fda9ee837,0,11,-71
11:07:11,P6102,9b2077243632d2c03ff16bc2ef65ba76ead624910c47aacd4c20496fda9ee837,0,11,-73
11:07:11,P6102,56a85f8f40c1bdb6ca45d29c08e7297ebd1a35bd939a58b34a9c52e7cffb2cb1,0,6,-84
11:07:12,P6102,9b2077243632d2c03ff16bc2ef65ba76ead624910c47aacd4c20496fda9ee837,0,11,-73
11:07:14,P6102,9b2077243632d2c03ff16bc2ef65ba76ead624910c47aacd4c20496fda9ee837,0,11,-73
11:07:14,P6102,56a85f8f40c1bdb6ca45d29c08e7297ebd1a35bd939a58b34a9c52e7cffb2cb1,0,6,-85
11:07:16,P6102,9b2077243632d2c03ff16bc2ef65ba76ead624910c47aacd4c20496fda9ee837,0,11,-74
11:07:16,P6102,56a85f8f40c1bdb6ca45d29c08e7297ebd1a35bd939a58b34a9c52e7cffb2cb1,0,6,-86
11:07:18,P6102,9b2077243632d2c03ff16bc2ef65ba76ead624910c47aacd4c20496fda9ee837,0,11,-72
11:07:20,P6102,9b2077243632d2c03ff16bc2ef65ba76ead624910c47aacd4c20496fda9ee837,0,11,-73
11:07:22,P6102,9b2077243632d2c03ff16bc2ef65ba76ead624910c47aacd4c20496fda9ee837,0,11,-73
11:07:24,P6102,9b2077243632d2c03ff16bc2ef65ba76ead624910c47aacd4c20496fda9ee837,0,11,-70
11:07:25,P6102,9b2077243632d2c03ff16bc2ef65ba76ead624910c47aacd4c20496fda9ee837,0,11,-72
11:07:29,P6102,9b2077243632d2c03ff16bc2ef65ba76ead624910c47aacd4c20496fda9ee837,0,11,-74
11:07:33,P6102,9b2077243632d2c03ff16bc2ef65ba76ead624910c47aacd4c20496fda9ee837,0,11,-73
11:07:35,P6102,9b2077243632d2c03ff16bc2ef65ba76ead624910c47aacd4c20496fda9ee837,0,11,-72
11:07:36,P6102,9b2077243632d2c03ff16bc2ef65ba76ead624910c47aacd4c20496fda9ee837,0,11,-75
11:07:38,P6102,9b2077243632d2c03ff16bc2ef65ba76ead624910c47aacd4c20496fda9ee837,0,11,-76
11:07:42,P6102,9b2077243632d2c03ff16bc2ef65ba76ead624910c47aacd4c20496fda9ee837,0,11,-79
11:07:44,P6102,9b2077243632d2c03ff16bc2ef65ba76ead624910c47aacd4c20496fda9ee837,0,11,-76
11:07:46,P6102,9b2077243632d2c03ff16bc2ef65ba76ead624910c47aacd4c20496fda9ee837,0,11,-75
11:07:46,P6102,56a85f8f40c1bdb6ca45d29c08e7297ebd1a35bd939a58b34a9c52e7cffb2cb1,0,6,-88
11:07:48,P6102,9b2077243632d2c03ff16bc2ef65ba76ead624910c47aacd4c20496fda9ee837,0,11,-82
11:07:51,P6102,9b2077243632d2c03ff16bc2ef65ba76ead624910c47aacd4c20496fda9ee837,0,11,-82
11:07:53,P6102,9b2077243632d2c03ff16bc2ef65ba76ead624910c47aacd4c20496fda9ee837,0,11,-74
11:07:55,P6102,9b2077243632d2c03ff16bc2ef65ba76ead624910c47aacd4c20496fda9ee837,0,11,-78
11:07:57,P6102,9b2077243632d2c03ff16bc2ef65ba76ead624910c47aacd4c20496fda9ee837,0,11,-79
11:07:59,P6102,9b2077243632d2c03ff16bc2ef65ba76ead624910c47aacd4c20496fda9ee837,0,11,-80
11:08:00,P6102,9b2077243632d2c03ff16bc2ef65ba76ead624910c47aacd4c20496fda9ee837,0,11,-79
11:08:02,P6102,9b2077243632d2c03ff16bc2ef65ba76ead624910c47aacd4c20496fda9ee837,0,11,-76
11:08:04,P6102,9b2077243632d2c03ff16bc2ef65ba76ead624910c47aacd4c20496fda9ee837,0,11,-73
11:08:06,P6102,56a85f8f40c1bdb6ca45d29c08e7297ebd1a35bd939a58b34a9c52e7cffb2cb1,0,6,-89
11:08:08,P6102,9b2077243632d2c03ff16bc2ef65ba76ead624910c47aacd4c20496fda9ee837,0,11,-73
11:08:10,P6102,9b2077243632d2c03ff16bc2ef65ba76ead624910c47aacd4c20496fda9ee837,0,11,-77
11:08:12,P6102,9b2077243632d2c03ff16bc2ef65ba76ead624910c47aacd4c20496fda9ee837,0,11,-72
11:08:13,P6102,9b2077243632d2c03ff16bc2ef65ba76ead624910c47aacd4c20496fda9ee837,0,11,-76
11:08:15,P6102,9b2077243632d2c03ff16bc2ef65ba76ead624910c47aacd4c20496fda9ee837,0,11,-76
11:08:17,P6102,9b2077243632d2c03ff16bc2ef65ba76ead624910c47aacd4c20496fda9ee837,0,11,-74
11:08:19,P6102,9b2077243632d2c03ff16bc2ef65ba76ead624910c47aacd4c20496fda9ee837,0,11,-76
11:08:21,P6102,9b2077243632d2c03ff16bc2ef65ba76ead624910c47aacd4c20496fda9ee837,0,11,-82
11:08:23,P6102,9b2077243632d2c03ff16bc2ef65ba76ead624910c47aacd4c20496fda9ee837,0,11,-67
11:08:24,P6102,9b2077243632d2c03ff16bc2ef65ba76ead624910c47aacd4c20496fda9ee837,0,11,-79
11:08:28,P6102,9d872d990106cbe08b55a9b0f1526b86bee4f8cfcb91be4498596e09091a4da3,0,1,-81
11:08:28,P6102,9b2077243632d2c03ff16bc2ef65ba76ead624910c47aacd4c20496fda9ee837,0,11,-84
11:08:30,P6102,9d872d990106cbe08b55a9b0f1526b86bee4f8cfcb91be4498596e09091a4da3,0,1,-65
11:08:32,P6102,9d872d990106cbe08b55a9b0f1526b86bee4f8cfcb91be4498596e09091a4da3,0,1,-67
11:08:34,P6102,9d872d990106cbe08b55a9b0f1526b86bee4f8cfcb91be4498596e09091a4da3,0,1,-55
11:08:34,P6114,553d9df83f48fdb83bbca3d9b901be8ffdce4138d5f9cb02206b5e080983d637,3,4,-94
11:08:36,P6102,9d872d990106cbe08b55a9b0f1526b86bee4f8cfcb91be4498596e09091a4da3,0,1,-56
11:08:37,P6102,9d872d990106cbe08b55a9b0f1526b86bee4f8cfcb91be4498596e09091a4da3,0,1,-64
11:08:39,P6102,9d872d990106cbe08b55a9b0f1526b86bee4f8cfcb91be4498596e09091a4da3,0,1,-66
11:08:39,P6102,adbd11643006f2545308906677c20b7d65310d31e4e5d302f63e1e6d94215e9d,0,11,-89
11:08:41,P6102,9d872d990106cbe08b55a9b0f1526b86bee4f8cfcb91be4498596e09091a4da3,0,1,-68
11:08:43,P6102,9d872d990106cbe08b55a9b0f1526b86bee4f8cfcb91be4498596e09091a4da3,0,1,-65
11:08:45,P6102,9d872d990106cbe08b55a9b0f1526b86bee4f8cfcb91be4498596e09091a4da3,0,1,-62
11:08:49,P6102,9d872d990106cbe08b55a9b0f1526b86bee4f8cfcb91be4498596e09091a4da3,0,1,-62
11:08:49,P6108,b4ee9533189a9af29a1f6f0acf949f4963fd20c3dcc6920dfac63c899471205b,3,3,-92
11:08:49,P6110,f363ea144de74368dcb96e852562cc1da88e347b0a7a97e77a082c3d4b2440a3,3,6,-92
11:08:56,P6102,9d872d990106cbe08b55a9b0f1526b86bee4f8cfcb91be4498596e09091a4da3,0,1,-70
11:08:58,P6102,9d872d990106cbe08b55a9b0f1526b86bee4f8cfcb91be4498596e09091a4da3,0,1,-70
11:09:01,P6102,9d872d990106cbe08b55a9b0f1526b86bee4f8cfcb91be4498596e09091a4da3,0,1,-69
11:09:01,P6108,b4ee9533189a9af29a1f6f0acf949f4963fd20c3dcc6920dfac63c899471205b,3,3,-93
11:09:05,P6102,9d872d990106cbe08b55a9b0f1526b86bee4f8cfcb91be4498596e09091a4da3,0,1,-67
11:09:07,P6102,9d872d990106cbe08b55a9b0f1526b86bee4f8cfcb91be4498596e09091a4da3,0,1,-64
11:09:09,P6108,b4ee9533189a9af29a1f6f0acf949f4963fd20c3dcc6920dfac63c899471205b,3,3,-91
11:09:11,P6112,aa3e7735f783a743d8fbbbd1b99da8ac4a3e1731e8c99e8695aa558083768872,3,3,-94
11:09:12,P6102,adbd11643006f2545308906677c20b7d65310d31e4e5d302f63e1e6d94215e9d,0,11,-80
11:09:12,P6108,b4ee9533189a9af29a1f6f0acf949f4963fd20c3dcc6920dfac63c899471205b,3,3,-94
11:09:14,P6102,9d872d990106cbe08b55a9b0f1526b86bee4f8cfcb91be4498596e09091a4da3,0,1,-71
11:09:16,P6102,9d872d990106cbe08b55a9b0f1526b86bee4f8cfcb91be4498596e09091a4da3,0,1,-73
11:09:16,P6108,b4ee9533189a9af29a1f6f0acf949f4963fd20c3dcc6920dfac63c899471205b,3,3,-94
11:09:18,P6102,9d872d990106cbe08b55a9b0f1526b86bee4f8cfcb91be4498596e09091a4da3,0,1,-67
11:09:18,P6111,6e0410438a9cd8d546e27261e6ff09b85ccfff845c864f98abfaae4f6ddfa2a2,0,11,-95
11:09:20,P6108,b4ee9533189a9af29a1f6f0acf949f4963fd20c3dcc6920dfac63c899471205b,3,3,-90
11:09:22,P6102,9d872d990106cbe08b55a9b0f1526b86bee4f8cfcb91be4498596e09091a4da3,0,1,-67
11:09:22,P6112,aa3e7735f783a743d8fbbbd1b99da8ac4a3e1731e8c99e8695aa558083768872,3,3,-88
11:09:22,P6108,b4ee9533189a9af29a1f6f0acf949f4963fd20c3dcc6920dfac63c899471205b,3,3,-91
11:09:24,P6102,9d872d990106cbe08b55a9b0f1526b86bee4f8cfcb91be4498596e09091a4da3,0,1,-68
11:09:24,P6108,b4ee9533189a9af29a1f6f0acf949f4963fd20c3dcc6920dfac63c899471205b,3,3,-88
11:09:26,P6102,9d872d990106cbe08b55a9b0f1526b86bee4f8cfcb91be4498596e09091a4da3,0,1,-73
11:09:26,P6108,b4ee9533189a9af29a1f6f0acf949f4963fd20c3dcc6920dfac63c899471205b,3,3,-87
11:09:26,P6112,aa3e7735f783a743d8fbbbd1b99da8ac4a3e1731e8c99e8695aa558083768872,3,3,-89
11:09:27,P6112,aa3e7735f783a743d8fbbbd1b99da8ac4a3e1731e8c99e8695aa558083768872,3,3,-89
11:09:27,P6108,b4ee9533189a9af29a1f6f0acf949f4963fd20c3dcc6920dfac63c899471205b,3,3,-92
11:09:29,P6102,9d872d990106cbe08b55a9b0f1526b86bee4f8cfcb91be4498596e09091a4da3,0,1,-69
11:09:29,P6102,adbd11643006f2545308906677c20b7d65310d31e4e5d302f63e1e6d94215e9d,0,11,-80
11:09:29,P6108,b4ee9533189a9af29a1f6f0acf949f4963fd20c3dcc6920dfac63c899471205b,3,3,-87
11:09:31,P6102,adbd11643006f2545308906677c20b7d65310d31e4e5d302f63e1e6d94215e9d,0,11,-79
11:09:31,P6112,aa3e7735f783a743d8fbbbd1b99da8ac4a3e1731e8c99e8695aa558083768872,3,3,-89
11:09:31,P6108,b4ee9533189a9af29a1f6f0acf949f4963fd20c3dcc6920dfac63c899471205b,3,3,-89
11:09:33,P6102,adbd11643006f2545308906677c20b7d65310d31e4e5d302f63e1e6d94215e9d,0,11,-84
11:09:35,P6102,9d872d990106cbe08b55a9b0f1526b86bee4f8cfcb91be4498596e09091a4da3,0,1,-68
11:09:35,P6108,b4ee9533189a9af29a1f6f0acf949f4963fd20c3dcc6920dfac63c899471205b,3,3,-96
11:09:37,P6108,b4ee9533189a9af29a1f6f0acf949f4963fd20c3dcc6920dfac63c899471205b,3,3,-82
11:09:37,P6112,aa3e7735f783a743d8fbbbd1b99da8ac4a3e1731e8c99e8695aa558083768872,3,3,-86
11:09:39,P6108,b4ee9533189a9af29a1f6f0acf949f4963fd20c3dcc6920dfac63c899471205b,3,3,-86
11:09:39,P6112,aa3e7735f783a743d8fbbbd1b99da8ac4a3e1731e8c99e8695aa558083768872,3,3,-89
11:09:39,P6110,f363ea144de74368dcb96e852562cc1da88e347b0a7a97e77a082c3d4b2440a3,3,6,-89
11:09:39,P6111,6e0410438a9cd8d546e27261e6ff09b85ccfff845c864f98abfaae4f6ddfa2a2,0,11,-91
11:09:41,P6102,9d872d990106cbe08b55a9b0f1526b86bee4f8cfcb91be4498596e09091a4da3,0,1,-69
11:09:41,P6108,b4ee9533189a9af29a1f6f0acf949f4963fd20c3dcc6920dfac63c899471205b,3,3,-94
11:09:42,P6102,9d872d990106cbe08b55a9b0f1526b86bee4f8cfcb91be4498596e09091a4da3,0,1,-65
11:09:42,P6111,6e0410438a9cd8d546e27261e6ff09b85ccfff845c864f98abfaae4f6ddfa2a2,0,11,-94
11:09:44,P6102,9d872d990106cbe08b55a9b0f1526b86bee4f8cfcb91be4498596e09091a4da3,0,1,-75
11:09:44,P6102,adbd11643006f2545308906677c20b7d65310d31e4e5d302f63e1e6d94215e9d,0,11,-77
11:09:46,P6102,adbd11643006f2545308906677c20b7d65310d31e4e5d302f63e1e6d94215e9d,0,11,-78
11:09:46,P6108,b4ee9533189a9af29a1f6f0acf949f4963fd20c3dcc6920dfac63c899471205b,3,3,-92
11:09:48,P6102,adbd11643006f2545308906677c20b7d65310d31e4e5d302f63e1e6d94215e9d,0,11,-75
11:09:48,P6102,9d872d990106cbe08b55a9b0f1526b86bee4f8cfcb91be4498596e09091a4da3,0,1,-80
11:09:48,P6112,aa3e7735f783a743d8fbbbd1b99da8ac4a3e1731e8c99e8695aa558083768872,3,3,-89
11:09:48,P6108,b4ee9533189a9af29a1f6f0acf949f4963fd20c3dcc6920dfac63c899471205b,3,3,-94
11:09:50,P6102,9d872d990106cbe08b55a9b0f1526b86bee4f8cfcb91be4498596e09091a4da3,0,1,-78
11:09:50,P6112,aa3e7735f783a743d8fbbbd1b99da8ac4a3e1731e8c99e8695aa558083768872,3,3,-92
11:09:52,P6102,9d872d990106cbe08b55a9b0f1526b86bee4f8cfcb91be4498596e09091a4da3,0,1,-75
11:09:52,P6102,adbd11643006f2545308906677c20b7d65310d31e4e5d302f63e1e6d94215e9d,0,11,-78
11:09:52,P6108,b4ee9533189a9af29a1f6f0acf949f4963fd20c3dcc6920dfac63c899471205b,3,3,-94
11:09:54,P6111,6e0410438a9cd8d546e27261e6ff09b85ccfff845c864f98abfaae4f6ddfa2a2,0,11,-90
11:09:56,P6102,9d872d990106cbe08b55a9b0f1526b86bee4f8cfcb91be4498596e09091a4da3,0,1,-74
11:09:56,P6111,6e0410438a9cd8d546e27261e6ff09b85ccfff845c864f98abfaae4f6ddfa2a2,0,11,-87
11:09:56,P6108,b4ee9533189a9af29a1f6f0acf949f4963fd20c3dcc6920dfac63c899471205b,3,3,-90
11:09:56,P6112,aa3e7735f783a743d8fbbbd1b99da8ac4a3e1731e8c99e8695aa558083768872,3,3,-91
11:09:58,P6102,adbd11643006f2545308906677c20b7d65310d31e4e5d302f63e1e6d94215e9d,0,11,-70
11:09:58,P6110,f363ea144de74368dcb96e852562cc1da88e347b0a7a97e77a082c3d4b2440a3,3,6,-89
11:09:58,P6108,b4ee9533189a9af29a1f6f0acf949f4963fd20c3dcc6920dfac63c899471205b,3,3,-95
11:09:59,P6112,aa3e7735f783a743d8fbbbd1b99da8ac4a3e1731e8c99e8695aa558083768872,3,3,-91
11:09:59,P6108,b4ee9533189a9af29a1f6f0acf949f4963fd20c3dcc6920dfac63c899471205b,3,3,-96
11:10:01,P6108,b4ee9533189a9af29a1f6f0acf949f4963fd20c3dcc6920dfac63c899471205b,3,3,-88
11:10:01,P6112,aa3e7735f783a743d8fbbbd1b99da8ac4a3e1731e8c99e8695aa558083768872,3,3,-93
11:10:03,P6102,adbd11643006f2545308906677c20b7d65310d31e4e5d302f63e1e6d94215e9d,0,11,-65
11:10:03,P6108,b4ee9533189a9af29a1f6f0acf949f4963fd20c3dcc6920dfac63c899471205b,3,3,-86
11:10:03,P6112,aa3e7735f783a743d8fbbbd1b99da8ac4a3e1731e8c99e8695aa558083768872,3,3,-87
11:10:05,P694,56c81edeaa3c360ba1e3f4c3c448f1fbb426d9db8eb236e73659e8609ea17e0c,5,1,-86
11:10:05,P6106,74b91f975c116ce5fde21a19cd2ce2181a22295500722d1a80a0621348da4e6e,3,1,-87
11:10:05,P695,b8120161ec68e547c1b6720a4388aa1656d03f3f2fc79bac1c594be83d28f755,0,1,-88
11:10:05,P6108,b4ee9533189a9af29a1f6f0acf949f4963fd20c3dcc6920dfac63c899471205b,3,3,-88
11:10:05,P6112,aa3e7735f783a743d8fbbbd1b99da8ac4a3e1731e8c99e8695aa558083768872,3,3,-90
11:10:05,P6111,6e0410438a9cd8d546e27261e6ff09b85ccfff845c864f98abfaae4f6ddfa2a2,0,11,-96
11:10:09,P6106,74b91f975c116ce5fde21a19cd2ce2181a22295500722d1a80a0621348da4e6e,3,1,-91
11:10:09,P6111,6e0410438a9cd8d546e27261e6ff09b85ccfff845c864f98abfaae4f6ddfa2a2,0,11,-95
11:10:11,P6102,adbd11643006f2545308906677c20b7d65310d31e4e5d302f63e1e6d94215e9d,0,11,-68
11:10:11,P6102,51d1e71cf4be94b1ed34331c131a1e0c342b7b0d6742caf821b02a5c643dc711,0,1,-88
11:10:11,P6102,9d872d990106cbe08b55a9b0f1526b86bee4f8cfcb91be4498596e09091a4da3,0,1,-89
11:10:13,P6102,56a85f8f40c1bdb6ca45d29c08e7297ebd1a35bd939a58b34a9c52e7cffb2cb1,0,6,-88
11:10:13,P695,b8120161ec68e547c1b6720a4388aa1656d03f3f2fc79bac1c594be83d28f755,0,1,-91
11:10:13,P6108,b4ee9533189a9af29a1f6f0acf949f4963fd20c3dcc6920dfac63c899471205b,3,3,-92
11:10:13,P694,56c81edeaa3c360ba1e3f4c3c448f1fbb426d9db8eb236e73659e8609ea17e0c,5,1,-93
11:10:13,P6106,74b91f975c116ce5fde21a19cd2ce2181a22295500722d1a80a0621348da4e6e,3,1,-93
11:10:15,P6102,adbd11643006f2545308906677c20b7d65310d31e4e5d302f63e1e6d94215e9d,0,11,-69
11:10:15,P6108,b4ee9533189a9af29a1f6f0acf949f4963fd20c3dcc6920dfac63c899471205b,3,3,-87
11:10:15,P6106,74b91f975c116ce5fde21a19cd2ce2181a22295500722d1a80a0621348da4e6e,3,1,-88
11:10:15,P695,b8120161ec68e547c1b6720a4388aa1656d03f3f2fc79bac1c594be83d28f755,0,1,-91
11:10:15,P694,56c81edeaa3c360ba1e3f4c3c448f1fbb426d9db8eb236e73659e8609ea17e0c,5,1,-91
11:10:15,P698,36c9c7471387db23b86ab1e4456212bd6bd032d717915922f61593bb13232707,5,1,-94
11:10:16,P6102,adbd11643006f2545308906677c20b7d65310d31e4e5d302f63e1e6d94215e9d,0,11,-77
11:10:16,P6102,56a85f8f40c1bdb6ca45d29c08e7297ebd1a35bd939a58b34a9c52e7cffb2cb1,0,6,-83
11:10:20,P6102,56a85f8f40c1bdb6ca45d29c08e7297ebd1a35bd939a58b34a9c52e7cffb2cb1,0,6,-85
11:10:20,P6102,51d1e71cf4be94b1ed34331c131a1e0c342b7b0d6742caf821b02a5c643dc711,0,1,-86
11:10:20,P6108,b4ee9533189a9af29a1f6f0acf949f4963fd20c3dcc6920dfac63c899471205b,3,3,-91
11:10:22,P6102,51d1e71cf4be94b1ed34331c131a1e0c342b7b0d6742caf821b02a5c643dc711,0,1,-91
11:10:26,P6102,56a85f8f40c1bdb6ca45d29c08e7297ebd1a35bd939a58b34a9c52e7cffb2cb1,0,6,-90
11:10:31,P6102,56a85f8f40c1bdb6ca45d29c08e7297ebd1a35bd939a58b34a9c52e7cffb2cb1,0,6,-81
11:10:31,P672,288873aeb3f04d227cf61a1739287bea266017fff79a5effdbd44be654c29ee4,0,11,-91
11:10:31,P6102,b9baf3ea4b20da719626a3f181e190bba2064cafe9bd04ba9de3ea97fb65c6bf,0,11,-92
11:10:37,P695,921dde94afc534810453ce557dba84e7c1573583357b34295e0ef432ea4deb15,0,11,-90
11:10:37,P694,0e5a2e9466f9c6d7c9949a65bd62298065c3184055a6e1e0dec7450067307f0b,5,11,-91
11:10:37,P6104,97d43154617566e1e2f102578ae733ba05320133daaeccbe517eb9b26ca9e35d,4,1,-94
11:10:37,P6105,3d4ffe9292ece145e9e0a76a9b8fb7a12fb43ab502b85a5160da33ee75e592c0,4,1,-95
11:10:42,P694,0e5a2e9466f9c6d7c9949a65bd62298065c3184055a6e1e0dec7450067307f0b,5,11,-94
11:10:42,P695,921dde94afc534810453ce557dba84e7c1573583357b34295e0ef432ea4deb15,0,11,-95
11:10:42,P6106,b1e740e76e21075f2cf28130c30433d191cd243adbb5360a576d55c9672844f4,3,11,-96
11:10:44,P695,921dde94afc534810453ce557dba84e7c1573583357b34295e0ef432ea4deb15,0,11,-83
11:10:44,P694,0e5a2e9466f9c6d7c9949a65bd62298065c3184055a6e1e0dec7450067307f0b,5,11,-83
11:10:44,P698,a4ad792b8a02009dc6640913f624f483a6f7d4b880e890f149f9983508a1f94c,5,11,-84
11:10:44,P6106,b1e740e76e21075f2cf28130c30433d191cd243adbb5360a576d55c9672844f4,3,11,-84
11:10:46,P6106,b1e740e76e21075f2cf28130c30433d191cd243adbb5360a576d55c9672844f4,3,11,-85
11:10:48,P672,288873aeb3f04d227cf61a1739287bea266017fff79a5effdbd44be654c29ee4,0,11,-88
11:10:50,P672,288873aeb3f04d227cf61a1739287bea266017fff79a5effdbd44be654c29ee4,0,11,-89
11:10:50,P6107,78bf810b923b849de4c01bc0952fb2fdb61b8f2ad3ed41612f884f25611d40ee,3,6,-93
11:10:52,P6102,56a85f8f40c1bdb6ca45d29c08e7297ebd1a35bd939a58b34a9c52e7cffb2cb1,0,6,-88
11:10:52,P694,0e5a2e9466f9c6d7c9949a65bd62298065c3184055a6e1e0dec7450067307f0b,5,11,-94
11:10:52,P695,921dde94afc534810453ce557dba84e7c1573583357b34295e0ef432ea4deb15,0,11,-96
11:10:59,P6102,940ac55a01f275a64740f4d7f2fe3874b822ccaee64444f4b265e0bb5f787dd4,0,1,-85
11:10:59,P66,7c28118dce6654900f09f716972c8b2f7aaba3eadfa8b014ea7a08e6e0a87966,3,5,-93
11:10:59,P67,4353f5ee5a98f257fe5ede5065fd001f5c9d05598f7a8ba485cf4e42b98e9919,0,5,-95
11:10:59,P67,94f9314af7b8a9710a58cef9a735ce4dbac17c9b226053764ac55dd2b5511bd5,0,5,-96
11:11:03,P63,e5ae075101d7017bd9d52fdaba7640bb2baca714205edaff823586f2fabe45ed,3,13,-93
11:11:05,P6102,940ac55a01f275a64740f4d7f2fe3874b822ccaee64444f4b265e0bb5f787dd4,0,1,-80
11:11:06,P6102,940ac55a01f275a64740f4d7f2fe3874b822ccaee64444f4b265e0bb5f787dd4,0,1,-74
11:11:08,P6102,940ac55a01f275a64740f4d7f2fe3874b822ccaee64444f4b265e0bb5f787dd4,0,1,-74
11:11:10,P672,6fd8d1c2037e7378ba5a48b10400b0b765669618229c4654c536bb446b5202e8,0,1,-85
11:11:10,P67,1a05535977a77dab097336ef3bf4ad808fdb9510f0fe5a0d842d08087cb7d4a1,0,9,-88
11:11:10,P6106,39b4ee00374a3f7672add5db987565d3b1636dadfe28177a69027b7d5fd90911,3,6,-91
11:11:10,P68,a551ffd8097fc93a3a299af31b9ae75a4bfc1e1d1ef43c9d50d991e7308fcdad,3,9,-92
11:11:10,P66,904c6eeb208bf35589a5d85b6b9b7df6d8d7c69e5d0254fb5c0f893d244178f3,3,9,-93
11:11:12,P672,6fd8d1c2037e7378ba5a48b10400b0b765669618229c4654c536bb446b5202e8,0,1,-85
11:11:14,P672,6fd8d1c2037e7378ba5a48b10400b0b765669618229c4654c536bb446b5202e8,0,1,-87
11:11:16,P672,6fd8d1c2037e7378ba5a48b10400b0b765669618229c4654c536bb446b5202e8,0,1,-83
11:11:18,P6102,b9baf3ea4b20da719626a3f181e190bba2064cafe9bd04ba9de3ea97fb65c6bf,0,11,-75
11:11:18,P698,4185c3f6ca04fe05f33d49b039778f0fcfa070cfdbf1fc038428e78da2f0d320,5,6,-78
11:11:20,P6102,b9baf3ea4b20da719626a3f181e190bba2064cafe9bd04ba9de3ea97fb65c6bf,0,11,-70
11:11:20,P695,7ddb6250af6d956ed387799a6023c3e99bf041b452daeae6fd6b24ff9b3ceb6f,0,6,-82
11:11:20,P694,59397d9586fc1aebc51b52512fb5895783f9f1561ca28372cada1bce2ce3d948,5,6,-83
11:11:20,P6106,39b4ee00374a3f7672add5db987565d3b1636dadfe28177a69027b7d5fd90911,3,6,-83
11:11:20,P698,4185c3f6ca04fe05f33d49b039778f0fcfa070cfdbf1fc038428e78da2f0d320,5,6,-83
11:11:20,P6104,97d43154617566e1e2f102578ae733ba05320133daaeccbe517eb9b26ca9e35d,4,1,-86
11:11:20,P67,94f9314af7b8a9710a58cef9a735ce4dbac17c9b226053764ac55dd2b5511bd5,0,5,-89
11:11:20,P63,05f95eba51ac9dadfd3f868cb6d04cfb0017a67b0d07489b346ff072c884e461,3,5,-90
11:11:20,P68,92a949cb653a60d7f29d6a8e40de7ced76a65919887d615f8596a98cd808630a,3,5,-91
11:11:20,P69,5fbd4dbda8c16d2f9e0ebc70f811cf9fccef553a429b1f203a15a756d0e297e1,5,5,-91
11:11:20,P63,4c9b9b7921c60adada5801762daa34f799feff8dd70136e3af8f242812391b6a,3,5,-91
11:11:20,P69,d9fe9e5b950ef09468a1675977d58f324d548e19aaded957c03025d93c839de7,5,5,-91
11:11:20,P67,4353f5ee5a98f257fe5ede5065fd001f5c9d05598f7a8ba485cf4e42b98e9919,0,5,-93
11:11:20,P63,59bb16de183f570e9e9684c6c3b172598c02d9d4662345ddf9507cc50a92df53,3,9,-94
11:11:20,P68,a551ffd8097fc93a3a299af31b9ae75a4bfc1e1d1ef43c9d50d991e7308fcdad,3,9,-95
11:11:24,P6102,940ac55a01f275a64740f4d7f2fe3874b822ccaee64444f4b265e0bb5f787dd4,0,1,-70
11:11:24,P698,4185c3f6ca04fe05f33d49b039778f0fcfa070cfdbf1fc038428e78da2f0d320,5,6,-79
11:11:24,P63,b63e06a405601e21341afb86bd0013ca6769f0297aca46e0089397e200b330e4,3,5,-90
11:11:25,P6102,b9baf3ea4b20da719626a3f181e190bba2064cafe9bd04ba9de3ea97fb65c6bf,0,11,-73
11:11:25,P6102,940ac55a01f275a64740f4d7f2fe3874b822ccaee64444f4b265e0bb5f787dd4,0,1,-74
11:11:25,P6102,8b5d38128cb17c2ec9cdfeda17732077d8b938527b04dadf89b81627c366a6a6,0,1,-89
11:11:25,P67,ab0a7c25c6f423c4b90f8ab45dc726fba39d072a9d609a479623f3075aaf3f73,0,5,-93
11:11:27,P6102,940ac55a01f275a64740f4d7f2fe3874b822ccaee64444f4b265e0bb5f787dd4,0,1,-74
11:11:27,P6102,b9baf3ea4b20da719626a3f181e190bba2064cafe9bd04ba9de3ea97fb65c6bf,0,11,-74
11:11:27,P6106,39b4ee00374a3f7672add5db987565d3b1636dadfe28177a69027b7d5fd90911,3,6,-86
11:11:27,P698,272efd8437695ccb0beb8ef156d781f089b34c610e31eedebb3f0e1107330909,5,6,-89
11:11:27,P6106,fab08bf7dd6fadca3b80c4cd27f6ce1ac9dd192033ea4261633adf1f5e9c6d01,3,6,-90
11:11:29,P695,7ddb6250af6d956ed387799a6023c3e99bf041b452daeae6fd6b24ff9b3ceb6f,0,6,-77
11:11:29,P698,4185c3f6ca04fe05f33d49b039778f0fcfa070cfdbf1fc038428e78da2f0d320,5,6,-77
11:11:29,P6106,39b4ee00374a3f7672add5db987565d3b1636dadfe28177a69027b7d5fd90911,3,6,-77
11:11:29,P694,59397d9586fc1aebc51b52512fb5895783f9f1561ca28372cada1bce2ce3d948,5,6,-78
11:11:31,P6101,eb361d9bd6a52c45a3e44f99bde992a075b81a8e71265e7c7277ebc6786d0c4f,3,8,-95
11:11:31,P66,55b56ed73908c768b3e51b04990621b5f15585ceaee116dad73dda330a1762f8,3,13,-95
11:11:33,P6102,940ac55a01f275a64740f4d7f2fe3874b822ccaee64444f4b265e0bb5f787dd4,0,1,-74
11:11:33,P698,4185c3f6ca04fe05f33d49b039778f0fcfa070cfdbf1fc038428e78da2f0d320,5,6,-86
11:11:33,P68,a551ffd8097fc93a3a299af31b9ae75a4bfc1e1d1ef43c9d50d991e7308fcdad,3,9,-95
11:11:35,P6102,e2b38d35d6a93518fc1c2aea6ba8a5887dc0648b5aac4bc295df009a5c054b5a,0,11,-83
11:11:35,P6105,3d4ffe9292ece145e9e0a76a9b8fb7a12fb43ab502b85a5160da33ee75e592c0,4,1,-90
11:11:35,P68,3aff825636b113bf9d5553dcd301f2e1b82c61e81ca52befd86ecc9411d24fdf,3,5,-92
11:11:35,P69,d9fe9e5b950ef09468a1675977d58f324d548e19aaded957c03025d93c839de7,5,5,-92
11:11:37,P6102,940ac55a01f275a64740f4d7f2fe3874b822ccaee64444f4b265e0bb5f787dd4,0,1,-73
11:11:37,P67,00cc5f59ca1bdc9ff345e147629be7b1d99342a26d49586cf4b2b270ab8fc41e,0,5,-91
11:11:39,P6102,940ac55a01f275a64740f4d7f2fe3874b822ccaee64444f4b265e0bb5f787dd4,0,1,-72
11:11:39,P6102,b9baf3ea4b20da719626a3f181e190bba2064cafe9bd04ba9de3ea97fb65c6bf,0,11,-78
11:11:41,P6102,940ac55a01f275a64740f4d7f2fe3874b822ccaee64444f4b265e0bb5f787dd4,0,1,-75
11:11:41,P694,d9ff3c48dbcfeef32294ce8b03e62281c2c542b46cc24f30d0a2dc5167af7dfe,5,6,-88
11:11:42,P6102,940ac55a01f275a64740f4d7f2fe3874b822ccaee64444f4b265e0bb5f787dd4,0,1,-72
11:11:42,P698,4185c3f6ca04fe05f33d49b039778f0fcfa070cfdbf1fc038428e78da2f0d320,5,6,-86
11:11:42,P694,d9ff3c48dbcfeef32294ce8b03e62281c2c542b46cc24f30d0a2dc5167af7dfe,5,6,-92
11:11:42,P695,decdf6012c03fc6ab40aeb5feeb7e596c026ec541a1286bce84ee1624df3936c,0,6,-94
11:11:44,P6102,940ac55a01f275a64740f4d7f2fe3874b822ccaee64444f4b265e0bb5f787dd4,0,1,-83
11:11:44,P6102,e2b38d35d6a93518fc1c2aea6ba8a5887dc0648b5aac4bc295df009a5c054b5a,0,11,-88
11:11:46,P6102,b9baf3ea4b20da719626a3f181e190bba2064cafe9bd04ba9de3ea97fb65c6bf,0,11,-71
11:11:46,P694,59397d9586fc1aebc51b52512fb5895783f9f1561ca28372cada1bce2ce3d948,5,6,-80
11:11:46,P698,4185c3f6ca04fe05f33d49b039778f0fcfa070cfdbf1fc038428e78da2f0d320,5,6,-81
11:11:46,P6106,39b4ee00374a3f7672add5db987565d3b1636dadfe28177a69027b7d5fd90911,3,6,-81
11:11:46,P6106,fab08bf7dd6fadca3b80c4cd27f6ce1ac9dd192033ea4261633adf1f5e9c6d01,3,6,-82
11:11:46,P694,d9ff3c48dbcfeef32294ce8b03e62281c2c542b46cc24f30d0a2dc5167af7dfe,5,6,-84
11:11:46,P695,7ddb6250af6d956ed387799a6023c3e99bf041b452daeae6fd6b24ff9b3ceb6f,0,6,-85
11:11:46,P6102,8b5d38128cb17c2ec9cdfeda17732077d8b938527b04dadf89b81627c366a6a6,0,1,-87
11:11:46,P60 de Amelie,d8349cf775539e23d7dbc388085db520cfa15d136adda440ea0896fc710336af,3,6,-87
11:11:48,P6102,b9baf3ea4b20da719626a3f181e190bba2064cafe9bd04ba9de3ea97fb65c6bf,0,11,-70
11:11:48,P6102,e2b38d35d6a93518fc1c2aea6ba8a5887dc0648b5aac4bc295df009a5c054b5a,0,11,-90
11:11:50,P6106,39b4ee00374a3f7672add5db987565d3b1636dadfe28177a69027b7d5fd90911,3,6,-83
11:11:50,P6102,8b5d38128cb17c2ec9cdfeda17732077d8b938527b04dadf89b81627c366a6a6,0,1,-88
11:11:50,P698,272efd8437695ccb0beb8ef156d781f089b34c610e31eedebb3f0e1107330909,5,6,-88
11:11:52,P6102,940ac55a01f275a64740f4d7f2fe3874b822ccaee64444f4b265e0bb5f787dd4,0,1,-75
11:11:52,P68,08a5c4245df2609838ad2da7aeef677624bfb525ff9ab1ead172e0a05a6bb3fa,3,5,-93
11:11:54,P6102,940ac55a01f275a64740f4d7f2fe3874b822ccaee64444f4b265e0bb5f787dd4,0,1,-57
11:11:54,P6106,39b4ee00374a3f7672add5db987565d3b1636dadfe28177a69027b7d5fd90911,3,6,-84
11:11:54,P68,3aff825636b113bf9d5553dcd301f2e1b82c61e81ca52befd86ecc9411d24fdf,3,5,-85
11:11:54,P6102,e2b38d35d6a93518fc1c2aea6ba8a5887dc0648b5aac4bc295df009a5c054b5a,0,11,-85
11:11:54,P6102,b9baf3ea4b20da719626a3f181e190bba2064cafe9bd04ba9de3ea97fb65c6bf,0,11,-86
11:11:54,P6104,97d43154617566e1e2f102578ae733ba05320133daaeccbe517eb9b26ca9e35d,4,1,-88
11:11:54,P69,5fbd4dbda8c16d2f9e0ebc70f811cf9fccef553a429b1f203a15a756d0e297e1,5,5,-89
11:11:54,P67,1106d061fae6daab6b376d8521bd4ca4144c01f34a04cd34d56d31823cfb90f6,0,5,-90
11:11:54,P68,a6ee92f9874c6db110b8a546e5bfa7470a928311815dc8468e9cb4dabf6437fc,3,5,-90
11:11:54,P66,912716f585c4e1a96bb4b268f64f83e06e33c64c46505e9298b5cc3034ba8599,3,5,-91
11:11:54,P68,fefb10f36962cf57654b9dc5a9cedb1bff01f07a3f04f782dc46710ae460d88f,3,13,-91
11:11:54,P69,f915639ed7526b9886773139dc50e04df0df6eca6b4b6c9cca2ac3f55bd4f579,5,13,-91
11:11:56,P6102,940ac55a01f275a64740f4d7f2fe3874b822ccaee64444f4b265e0bb5f787dd4,0,1,-56
11:11:56,P6102,b9baf3ea4b20da719626a3f181e190bba2064cafe9bd04ba9de3ea97fb65c6bf,0,11,-85
11:11:56,P667,48ba618e364b50064a4e3e9c53dacbbe03a306d163d644fb858e8416ffb1d9cb,3,10,-94
11:11:58,P6102,b9baf3ea4b20da719626a3f181e190bba2064cafe9bd04ba9de3ea97fb65c6bf,0,11,-84
11:11:58,P68,d8b1af262bfe33f24c3f761a5c4f314dee430659ec17cefef8b6a29fdef8cbac,3,5,-91
11:11:58,P66,c43dbd2bbf91c9ea6df2658c97edfd73376c42ec29a93f82d091f3732ea96ffa,3,5,-93
11:12:00,P6102,940ac55a01f275a64740f4d7f2fe3874b822ccaee64444f4b265e0bb5f787dd4,0,1,-72
11:12:00,P6105,3d4ffe9292ece145e9e0a76a9b8fb7a12fb43ab502b85a5160da33ee75e592c0,4,1,-86
11:12:02,P6102,940ac55a01f275a64740f4d7f2fe3874b822ccaee64444f4b265e0bb5f787dd4,0,1,-74
11:12:02,P6102,b9baf3ea4b20da719626a3f181e190bba2064cafe9bd04ba9de3ea97fb65c6bf,0,11,-86
11:12:04,P6102,940ac55a01f275a64740f4d7f2fe3874b822ccaee64444f4b265e0bb5f787dd4,0,1,-79
11:12:04,P6102,b9baf3ea4b20da719626a3f181e190bba2064cafe9bd04ba9de3ea97fb65c6bf,0,11,-80
11:12:05,P6102,940ac55a01f275a64740f4d7f2fe3874b822ccaee64444f4b265e0bb5f787dd4,0,1,-82
11:12:05,P6102,b9baf3ea4b20da719626a3f181e190bba2064cafe9bd04ba9de3ea97fb65c6bf,0,11,-83
11:12:07,P6104,97d43154617566e1e2f102578ae733ba05320133daaeccbe517eb9b26ca9e35d,4,1,-86
11:12:09,P6102,940ac55a01f275a64740f4d7f2fe3874b822ccaee64444f4b265e0bb5f787dd4,0,1,-85
11:12:09,P6104,97d43154617566e1e2f102578ae733ba05320133daaeccbe517eb9b26ca9e35d,4,1,-86
11:12:16,P6102,940ac55a01f275a64740f4d7f2fe3874b822ccaee64444f4b265e0bb5f787dd4,0,1,-87
11:12:20,P6107,78bf810b923b849de4c01bc0952fb2fdb61b8f2ad3ed41612f884f25611d40ee,3,6,-92
11:12:26,P6102,56a85f8f40c1bdb6ca45d29c08e7297ebd1a35bd939a58b34a9c52e7cffb2cb1,0,6,-79
11:12:27,P672,288873aeb3f04d227cf61a1739287bea266017fff79a5effdbd44be654c29ee4,0,11,-90
11:12:29,P695,921dde94afc534810453ce557dba84e7c1573583357b34295e0ef432ea4deb15,0,11,-93
11:12:33,P694,0e5a2e9466f9c6d7c9949a65bd62298065c3184055a6e1e0dec7450067307f0b,5,11,-85
11:12:33,P6102,56a85f8f40c1bdb6ca45d29c08e7297ebd1a35bd939a58b34a9c52e7cffb2cb1,0,6,-87
11:12:33,P698,a4ad792b8a02009dc6640913f624f483a6f7d4b880e890f149f9983508a1f94c,5,11,-87
11:12:33,P6109,7670a5a056a6cce7db264dc3bb50476f28ad1c10a47a42f17c150a788464aa4b,3,11,-93
11:12:40,P695,921dde94afc534810453ce557dba84e7c1573583357b34295e0ef432ea4deb15,0,11,-87
11:12:48,P6102,940ac55a01f275a64740f4d7f2fe3874b822ccaee64444f4b265e0bb5f787dd4,0,1,-79
11:12:50,P6102,940ac55a01f275a64740f4d7f2fe3874b822ccaee64444f4b265e0bb5f787dd4,0,1,-81
11:12:50,P672,6fd8d1c2037e7378ba5a48b10400b0b765669618229c4654c536bb446b5202e8,0,1,-90
11:12:50,P6105,3d4ffe9292ece145e9e0a76a9b8fb7a12fb43ab502b85a5160da33ee75e592c0,4,1,-94
11:12:51,P672,6fd8d1c2037e7378ba5a48b10400b0b765669618229c4654c536bb446b5202e8,0,1,-89
11:12:53,P6102,940ac55a01f275a64740f4d7f2fe3874b822ccaee64444f4b265e0bb5f787dd4,0,1,-80
11:12:53,P672,6fd8d1c2037e7378ba5a48b10400b0b765669618229c4654c536bb446b5202e8,0,1,-91
11:12:55,P6102,b9baf3ea4b20da719626a3f181e190bba2064cafe9bd04ba9de3ea97fb65c6bf,0,11,-80
11:12:55,P60 de Amelie,d8349cf775539e23d7dbc388085db520cfa15d136adda440ea0896fc710336af,3,6,-83
11:12:55,P6104,97d43154617566e1e2f102578ae733ba05320133daaeccbe517eb9b26ca9e35d,4,1,-86
11:12:55,P63,4c9b9b7921c60adada5801762daa34f799feff8dd70136e3af8f242812391b6a,3,5,-93
11:12:55,P69,5fbd4dbda8c16d2f9e0ebc70f811cf9fccef553a429b1f203a15a756d0e297e1,5,5,-95
11:12:55,P66,c7f9610982dd54f7074403902f122be75ce70a52f87cccb874ecc54af08f7481,3,5,-96
11:12:57,P6102,940ac55a01f275a64740f4d7f2fe3874b822ccaee64444f4b265e0bb5f787dd4,0,1,-81
11:12:57,P6104,97d43154617566e1e2f102578ae733ba05320133daaeccbe517eb9b26ca9e35d,4,1,-90
11:12:59,P60 de Amelie,d8349cf775539e23d7dbc388085db520cfa15d136adda440ea0896fc710336af,3,6,-75
11:12:59,P6102,b9baf3ea4b20da719626a3f181e190bba2064cafe9bd04ba9de3ea97fb65c6bf,0,11,-80
11:13:01,P6102,940ac55a01f275a64740f4d7f2fe3874b822ccaee64444f4b265e0bb5f787dd4,0,1,-82
11:13:01,P60 de Amelie,d8349cf775539e23d7dbc388085db520cfa15d136adda440ea0896fc710336af,3,6,-82
11:13:03,P6102,940ac55a01f275a64740f4d7f2fe3874b822ccaee64444f4b265e0bb5f787dd4,0,1,-78
11:13:05,P60 de Amelie,d8349cf775539e23d7dbc388085db520cfa15d136adda440ea0896fc710336af,3,6,-81
11:13:05,P6102,b9baf3ea4b20da719626a3f181e190bba2064cafe9bd04ba9de3ea97fb65c6bf,0,11,-86
11:13:06,P60 de Amelie,d8349cf775539e23d7dbc388085db520cfa15d136adda440ea0896fc710336af,3,6,-78
11:13:06,P6102,940ac55a01f275a64740f4d7f2fe3874b822ccaee64444f4b265e0bb5f787dd4,0,1,-80
11:13:06,P6104,97d43154617566e1e2f102578ae733ba05320133daaeccbe517eb9b26ca9e35d,4,1,-87
11:13:06,P672,6fd8d1c2037e7378ba5a48b10400b0b765669618229c4654c536bb446b5202e8,0,1,-89
11:13:06,P66,7c28118dce6654900f09f716972c8b2f7aaba3eadfa8b014ea7a08e6e0a87966,3,5,-91
11:13:06,P68,92a949cb653a60d7f29d6a8e40de7ced76a65919887d615f8596a98cd808630a,3,5,-94
11:13:08,P60 de Amelie,d8349cf775539e23d7dbc388085db520cfa15d136adda440ea0896fc710336af,3,6,-76
11:13:08,P694,0e5a2e9466f9c6d7c9949a65bd62298065c3184055a6e1e0dec7450067307f0b,5,11,-92
11:13:08,P6105,3d4ffe9292ece145e9e0a76a9b8fb7a12fb43ab502b85a5160da33ee75e592c0,4,1,-95
11:13:08,P695,921dde94afc534810453ce557dba84e7c1573583357b34295e0ef432ea4deb15,0,11,-96
11:13:10,P60 de Amelie,d8349cf775539e23d7dbc388085db520cfa15d136adda440ea0896fc710336af,3,6,-76
11:13:10,P6102,940ac55a01f275a64740f4d7f2fe3874b822ccaee64444f4b265e0bb5f787dd4,0,1,-84
11:13:12,P60 de Amelie,d8349cf775539e23d7dbc388085db520cfa15d136adda440ea0896fc710336af,3,6,-86
11:13:12,P698,a4ad792b8a02009dc6640913f624f483a6f7d4b880e890f149f9983508a1f94c,5,11,-93
11:13:16,P60 de Amelie,d8349cf775539e23d7dbc388085db520cfa15d136adda440ea0896fc710336af,3,6,-81
11:13:18,P6102,940ac55a01f275a64740f4d7f2fe3874b822ccaee64444f4b265e0bb5f787dd4,0,1,-85
11:13:18,P60 de Amelie,d8349cf775539e23d7dbc388085db520cfa15d136adda440ea0896fc710336af,3,6,-87
11:13:20,P60 de Amelie,d8349cf775539e23d7dbc388085db520cfa15d136adda440ea0896fc710336af,3,6,-78
11:13:20,P695,921dde94afc534810453ce557dba84e7c1573583357b34295e0ef432ea4deb15,0,11,-90
11:13:20,P694,0e5a2e9466f9c6d7c9949a65bd62298065c3184055a6e1e0dec7450067307f0b,5,11,-93
11:13:20,P698,a4ad792b8a02009dc6640913f624f483a6f7d4b880e890f149f9983508a1f94c,5,11,-93
11:13:20,P6106,b1e740e76e21075f2cf28130c30433d191cd243adbb5360a576d55c9672844f4,3,11,-93
11:13:22,P60 de Amelie,d8349cf775539e23d7dbc388085db520cfa15d136adda440ea0896fc710336af,3,6,-70
11:13:23,P60 de Amelie,d8349cf775539e23d7dbc388085db520cfa15d136adda440ea0896fc710336af,3,6,-62
11:13:25,P60 de Amelie,d8349cf775539e23d7dbc388085db520cfa15d136adda440ea0896fc710336af,3,6,-65
11:13:27,P60 de Amelie,d8349cf775539e23d7dbc388085db520cfa15d136adda440ea0896fc710336af,3,6,-68
11:13:29,P60 de Amelie,d8349cf775539e23d7dbc388085db520cfa15d136adda440ea0896fc710336af,3,6,-72
11:13:33,P60 de Amelie,d8349cf775539e23d7dbc388085db520cfa15d136adda440ea0896fc710336af,3,6,-72
11:13:34,P60 de Amelie,d8349cf775539e23d7dbc388085db520cfa15d136adda440ea0896fc710336af,3,6,-76
11:13:36,P60 de Amelie,d8349cf775539e23d7dbc388085db520cfa15d136adda440ea0896fc710336af,3,6,-77
11:13:36,P6102,940ac55a01f275a64740f4d7f2fe3874b822ccaee64444f4b265e0bb5f787dd4,0,1,-87
11:13:36,P694,0e5a2e9466f9c6d7c9949a65bd62298065c3184055a6e1e0dec7450067307f0b,5,11,-96
11:13:38,P60 de Amelie,d8349cf775539e23d7dbc388085db520cfa15d136adda440ea0896fc710336af,3,6,-73
11:13:40,P6102,b9baf3ea4b20da719626a3f181e190bba2064cafe9bd04ba9de3ea97fb65c6bf,0,11,-77
11:13:40,P60 de Amelie,d8349cf775539e23d7dbc388085db520cfa15d136adda440ea0896fc710336af,3,6,-80
11:13:42,P60 de Amelie,d8349cf775539e23d7dbc388085db520cfa15d136adda440ea0896fc710336af,3,6,-76
11:13:42,P6102,b9baf3ea4b20da719626a3f181e190bba2064cafe9bd04ba9de3ea97fb65c6bf,0,11,-79
11:13:44,P60 de Amelie,d8349cf775539e23d7dbc388085db520cfa15d136adda440ea0896fc710336af,3,6,-72
11:13:44,P6106,b1e740e76e21075f2cf28130c30433d191cd243adbb5360a576d55c9672844f4,3,11,-89
11:13:46,P6102,b9baf3ea4b20da719626a3f181e190bba2064cafe9bd04ba9de3ea97fb65c6bf,0,11,-83
11:13:46,P6102,940ac55a01f275a64740f4d7f2fe3874b822ccaee64444f4b265e0bb5f787dd4,0,1,-86
11:13:48,P60 de Amelie,d8349cf775539e23d7dbc388085db520cfa15d136adda440ea0896fc710336af,3,6,-77
11:13:48,P6104,97d43154617566e1e2f102578ae733ba05320133daaeccbe517eb9b26ca9e35d,4,1,-86
11:13:48,P6102,b9baf3ea4b20da719626a3f181e190bba2064cafe9bd04ba9de3ea97fb65c6bf,0,11,-89
11:13:49,P6102,b9baf3ea4b20da719626a3f181e190bba2064cafe9bd04ba9de3ea97fb65c6bf,0,11,-84
11:13:51,P6102,b9baf3ea4b20da719626a3f181e190bba2064cafe9bd04ba9de3ea97fb65c6bf,0,11,-87
11:13:53,P60 de Amelie,d8349cf775539e23d7dbc388085db520cfa15d136adda440ea0896fc710336af,3,6,-79
11:13:53,P694,0e5a2e9466f9c6d7c9949a65bd62298065c3184055a6e1e0dec7450067307f0b,5,11,-94
11:13:55,P6102,940ac55a01f275a64740f4d7f2fe3874b822ccaee64444f4b265e0bb5f787dd4,0,1,-81
11:13:57,P6102,940ac55a01f275a64740f4d7f2fe3874b822ccaee64444f4b265e0bb5f787dd4,0,1,-78
11:13:57,P6102,b9baf3ea4b20da719626a3f181e190bba2064cafe9bd04ba9de3ea97fb65c6bf,0,11,-86
11:13:59,P6102,940ac55a01f275a64740f4d7f2fe3874b822ccaee64444f4b265e0bb5f787dd4,0,1,-78
11:13:59,P60 de Amelie,d8349cf775539e23d7dbc388085db520cfa15d136adda440ea0896fc710336af,3,6,-82
11:13:59,P6102,b9baf3ea4b20da719626a3f181e190bba2064cafe9bd04ba9de3ea97fb65c6bf,0,11,-87
11:14:01,P6102,940ac55a01f275a64740f4d7f2fe3874b822ccaee64444f4b265e0bb5f787dd4,0,1,-85
11:14:02,P60 de Amelie,d8349cf775539e23d7dbc388085db520cfa15d136adda440ea0896fc710336af,3,6,-81
11:14:02,P6102,b9baf3ea4b20da719626a3f181e190bba2064cafe9bd04ba9de3ea97fb65c6bf,0,11,-87
11:14:02,P698,a4ad792b8a02009dc6640913f624f483a6f7d4b880e890f149f9983508a1f94c,5,11,-88
11:14:04,P60 de Amelie,d8349cf775539e23d7dbc388085db520cfa15d136adda440ea0896fc710336af,3,6,-80
11:14:04,P6104,97d43154617566e1e2f102578ae733ba05320133daaeccbe517eb9b26ca9e35d,4,1,-90
11:14:04,P6105,3d4ffe9292ece145e9e0a76a9b8fb7a12fb43ab502b85a5160da33ee75e592c0,4,1,-91
11:14:06,P6102,940ac55a01f275a64740f4d7f2fe3874b822ccaee64444f4b265e0bb5f787dd4,0,1,-80
11:14:06,P6102,b9baf3ea4b20da719626a3f181e190bba2064cafe9bd04ba9de3ea97fb65c6bf,0,11,-81
11:14:08,P6102,940ac55a01f275a64740f4d7f2fe3874b822ccaee64444f4b265e0bb5f787dd4,0,1,-81
11:14:08,P6102,b9baf3ea4b20da719626a3f181e190bba2064cafe9bd04ba9de3ea97fb65c6bf,0,11,-83
11:14:08,P672,6fd8d1c2037e7378ba5a48b10400b0b765669618229c4654c536bb446b5202e8,0,1,-90
11:14:10,P6102,b9baf3ea4b20da719626a3f181e190bba2064cafe9bd04ba9de3ea97fb65c6bf,0,11,-83
11:14:10,P6105,3d4ffe9292ece145e9e0a76a9b8fb7a12fb43ab502b85a5160da33ee75e592c0,4,1,-88
11:14:10,P672,6fd8d1c2037e7378ba5a48b10400b0b765669618229c4654c536bb446b5202e8,0,1,-91
11:14:12,P6102,940ac55a01f275a64740f4d7f2fe3874b822ccaee64444f4b265e0bb5f787dd4,0,1,-77
11:14:12,P6102,b9baf3ea4b20da719626a3f181e190bba2064cafe9bd04ba9de3ea97fb65c6bf,0,11,-82
11:14:14,P6102,940ac55a01f275a64740f4d7f2fe3874b822ccaee64444f4b265e0bb5f787dd4,0,1,-80
11:14:14,P6102,b9baf3ea4b20da719626a3f181e190bba2064cafe9bd04ba9de3ea97fb65c6bf,0,11,-83
11:14:14,P672,6fd8d1c2037e7378ba5a48b10400b0b765669618229c4654c536bb446b5202e8,0,1,-86
11:14:17,P6105,3d4ffe9292ece145e9e0a76a9b8fb7a12fb43ab502b85a5160da33ee75e592c0,4,1,-83
11:14:19,P6105,3d4ffe9292ece145e9e0a76a9b8fb7a12fb43ab502b85a5160da33ee75e592c0,4,1,-89
11:14:19,P6106,b1e740e76e21075f2cf28130c30433d191cd243adbb5360a576d55c9672844f4,3,11,-89
11:14:23,P6102,940ac55a01f275a64740f4d7f2fe3874b822ccaee64444f4b265e0bb5f787dd4,0,1,-83
11:14:25,P672,6fd8d1c2037e7378ba5a48b10400b0b765669618229c4654c536bb446b5202e8,0,1,-90
11:14:27,P60 de Amelie,d8349cf775539e23d7dbc388085db520cfa15d136adda440ea0896fc710336af,3,6,-86
11:14:27,P672,6fd8d1c2037e7378ba5a48b10400b0b765669618229c4654c536bb446b5202e8,0,1,-87
11:14:28,P66,0d68564cc41242f8e5233205683a6acb7f8b25190d1179ba038a078cb79e8554,3,5,-94
11:14:28,P67,00cc5f59ca1bdc9ff345e147629be7b1d99342a26d49586cf4b2b270ab8fc41e,0,5,-96
11:14:30,P6102,b9baf3ea4b20da719626a3f181e190bba2064cafe9bd04ba9de3ea97fb65c6bf,0,11,-84
11:14:30,P6102,940ac55a01f275a64740f4d7f2fe3874b822ccaee64444f4b265e0bb5f787dd4,0,1,-85
11:14:32,P672,6fd8d1c2037e7378ba5a48b10400b0b765669618229c4654c536bb446b5202e8,0,1,-90
11:14:32,P60 de Amelie,d8349cf775539e23d7dbc388085db520cfa15d136adda440ea0896fc710336af,3,6,-90
11:14:32,P6104,97d43154617566e1e2f102578ae733ba05320133daaeccbe517eb9b26ca9e35d,4,1,-92
11:14:34,P6102,940ac55a01f275a64740f4d7f2fe3874b822ccaee64444f4b265e0bb5f787dd4,0,1,-78
11:14:36,P6102,940ac55a01f275a64740f4d7f2fe3874b822ccaee64444f4b265e0bb5f787dd4,0,1,-84
11:14:38,P6102,940ac55a01f275a64740f4d7f2fe3874b822ccaee64444f4b265e0bb5f787dd4,0,1,-83
11:14:39,P6102,940ac55a01f275a64740f4d7f2fe3874b822ccaee64444f4b265e0bb5f787dd4,0,1,-83
11:14:41,P6102,b9baf3ea4b20da719626a3f181e190bba2064cafe9bd04ba9de3ea97fb65c6bf,0,11,-92
11:14:43,P6102,940ac55a01f275a64740f4d7f2fe3874b822ccaee64444f4b265e0bb5f787dd4,0,1,-82
11:14:43,P6102,b9baf3ea4b20da719626a3f181e190bba2064cafe9bd04ba9de3ea97fb65c6bf,0,11,-89
11:14:45,P6104,97d43154617566e1e2f102578ae733ba05320133daaeccbe517eb9b26ca9e35d,4,1,-88
11:14:45,P69,f915639ed7526b9886773139dc50e04df0df6eca6b4b6c9cca2ac3f55bd4f579,5,13,-92
11:14:45,P63,e5ae075101d7017bd9d52fdaba7640bb2baca714205edaff823586f2fabe45ed,3,13,-95
11:14:49,P6109,7670a5a056a6cce7db264dc3bb50476f28ad1c10a47a42f17c150a788464aa4b,3,11,-94
11:14:51,P6102,940ac55a01f275a64740f4d7f2fe3874b822ccaee64444f4b265e0bb5f787dd4,0,1,-83
11:14:52,P6102,940ac55a01f275a64740f4d7f2fe3874b822ccaee64444f4b265e0bb5f787dd4,0,1,-80
11:14:52,P63,05f95eba51ac9dadfd3f868cb6d04cfb0017a67b0d07489b346ff072c884e461,3,5,-91
11:14:52,P6109,7670a5a056a6cce7db264dc3bb50476f28ad1c10a47a42f17c150a788464aa4b,3,11,-92
11:14:54,P672,6fd8d1c2037e7378ba5a48b10400b0b765669618229c4654c536bb446b5202e8,0,1,-80
11:14:54,P6104,97d43154617566e1e2f102578ae733ba05320133daaeccbe517eb9b26ca9e35d,4,1,-85
11:14:54,P67,94f9314af7b8a9710a58cef9a735ce4dbac17c9b226053764ac55dd2b5511bd5,0,5,-95
11:14:56,P6102,940ac55a01f275a64740f4d7f2fe3874b822ccaee64444f4b265e0bb5f787dd4,0,1,-77
11:14:56,P694,59397d9586fc1aebc51b52512fb5895783f9f1561ca28372cada1bce2ce3d948,5,6,-88
11:14:56,P695,7ddb6250af6d956ed387799a6023c3e99bf041b452daeae6fd6b24ff9b3ceb6f,0,6,-90
11:14:58,P6102,b9baf3ea4b20da719626a3f181e190bba2064cafe9bd04ba9de3ea97fb65c6bf,0,11,-74
11:14:58,P6102,940ac55a01f275a64740f4d7f2fe3874b822ccaee64444f4b265e0bb5f787dd4,0,1,-81
11:15:00,P6102,940ac55a01f275a64740f4d7f2fe3874b822ccaee64444f4b265e0bb5f787dd4,0,1,-79
11:15:00,P6104,97d43154617566e1e2f102578ae733ba05320133daaeccbe517eb9b26ca9e35d,4,1,-89
11:15:00,P695,7ddb6250af6d956ed387799a6023c3e99bf041b452daeae6fd6b24ff9b3ceb6f,0,6,-89
11:15:02,P672,6fd8d1c2037e7378ba5a48b10400b0b765669618229c4654c536bb446b5202e8,0,1,-85
11:15:04,P6102,b9baf3ea4b20da719626a3f181e190bba2064cafe9bd04ba9de3ea97fb65c6bf,0,11,-83
11:15:04,P672,6fd8d1c2037e7378ba5a48b10400b0b765669618229c4654c536bb446b5202e8,0,1,-88
11:15:06,P6102,940ac55a01f275a64740f4d7f2fe3874b822ccaee64444f4b265e0bb5f787dd4,0,1,-78
11:15:06,P6102,b9baf3ea4b20da719626a3f181e190bba2064cafe9bd04ba9de3ea97fb65c6bf,0,11,-85
11:15:07,P6102,940ac55a01f275a64740f4d7f2fe3874b822ccaee64444f4b265e0bb5f787dd4,0,1,-80
11:15:07,P63,a66b100759ac90574182f679dbc3d61a829dfeb000924a739945387104c51de5,3,5,-93
11:15:07,P694,0e5a2e9466f9c6d7c9949a65bd62298065c3184055a6e1e0dec7450067307f0b,5,11,-95
11:15:09,P6109,7670a5a056a6cce7db264dc3bb50476f28ad1c10a47a42f17c150a788464aa4b,3,11,-95
11:15:18,P6102,940ac55a01f275a64740f4d7f2fe3874b822ccaee64444f4b265e0bb5f787dd4,0,1,-83
11:15:18,P6102,b9baf3ea4b20da719626a3f181e190bba2064cafe9bd04ba9de3ea97fb65c6bf,0,11,-85
11:15:20,P66,34f5a476b2d8fa9c4668f78b6556c3d7f8d393a55607644bc0a817b997444dc1,3,13,-93
11:15:22,P6102,940ac55a01f275a64740f4d7f2fe3874b822ccaee64444f4b265e0bb5f787dd4,0,1,-82
11:15:22,P6105,3d4ffe9292ece145e9e0a76a9b8fb7a12fb43ab502b85a5160da33ee75e592c0,4,1,-86
11:15:22,P6104,97d43154617566e1e2f102578ae733ba05320133daaeccbe517eb9b26ca9e35d,4,1,-88
11:15:22,P6102,b9baf3ea4b20da719626a3f181e190bba2064cafe9bd04ba9de3ea97fb65c6bf,0,11,-90
11:15:24,P6102,b9baf3ea4b20da719626a3f181e190bba2064cafe9bd04ba9de3ea97fb65c6bf,0,11,-86
11:15:26,P6102,b9baf3ea4b20da719626a3f181e190bba2064cafe9bd04ba9de3ea97fb65c6bf,0,11,-90
11:15:28,P695,921dde94afc534810453ce557dba84e7c1573583357b34295e0ef432ea4deb15,0,11,-82
11:15:28,P694,0e5a2e9466f9c6d7c9949a65bd62298065c3184055a6e1e0dec7450067307f0b,5,11,-82
11:15:28,P6102,56a85f8f40c1bdb6ca45d29c08e7297ebd1a35bd939a58b34a9c52e7cffb2cb1,0,6,-87
11:15:30,P698,a4ad792b8a02009dc6640913f624f483a6f7d4b880e890f149f9983508a1f94c,5,11,-84
11:15:33,P6102,b9baf3ea4b20da719626a3f181e190bba2064cafe9bd04ba9de3ea97fb65c6bf,0,11,-83
11:15:35,P6102,b9baf3ea4b20da719626a3f181e190bba2064cafe9bd04ba9de3ea97fb65c6bf,0,11,-83
11:15:37,P6102,b9baf3ea4b20da719626a3f181e190bba2064cafe9bd04ba9de3ea97fb65c6bf,0,11,-82
11:15:39,P695,921dde94afc534810453ce557dba84e7c1573583357b34295e0ef432ea4deb15,0,11,-92
11:15:39,P6106,b1e740e76e21075f2cf28130c30433d191cd243adbb5360a576d55c9672844f4,3,11,-92
11:15:39,P694,0e5a2e9466f9c6d7c9949a65bd62298065c3184055a6e1e0dec7450067307f0b,5,11,-93
11:15:41,P6102,56a85f8f40c1bdb6ca45d29c08e7297ebd1a35bd939a58b34a9c52e7cffb2cb1,0,6,-89
11:15:43,P6102,b9baf3ea4b20da719626a3f181e190bba2064cafe9bd04ba9de3ea97fb65c6bf,0,11,-88
11:15:43,P6102,56a85f8f40c1bdb6ca45d29c08e7297ebd1a35bd939a58b34a9c52e7cffb2cb1,0,6,-90
11:15:43,P698,a4ad792b8a02009dc6640913f624f483a6f7d4b880e890f149f9983508a1f94c,5,11,-90
11:15:44,P698,a4ad792b8a02009dc6640913f624f483a6f7d4b880e890f149f9983508a1f94c,5,11,-93
11:15:46,P695,921dde94afc534810453ce557dba84e7c1573583357b34295e0ef432ea4deb15,0,11,-91
11:15:48,P6106,b1e740e76e21075f2cf28130c30433d191cd243adbb5360a576d55c9672844f4,3,11,-92
11:15:57,P6102,adbd11643006f2545308906677c20b7d65310d31e4e5d302f63e1e6d94215e9d,0,11,-86
11:16:03,P6102,51d1e71cf4be94b1ed34331c131a1e0c342b7b0d6742caf821b02a5c643dc711,0,1,-87
11:16:05,P6102,51d1e71cf4be94b1ed34331c131a1e0c342b7b0d6742caf821b02a5c643dc711,0,1,-86
11:16:16,P6102,adbd11643006f2545308906677c20b7d65310d31e4e5d302f63e1e6d94215e9d,0,11,-87
11:16:25,P6108,b4ee9533189a9af29a1f6f0acf949f4963fd20c3dcc6920dfac63c899471205b,3,3,-92
11:16:34,P6102,51d1e71cf4be94b1ed34331c131a1e0c342b7b0d6742caf821b02a5c643dc711,0,1,-87
11:16:38,P6102,51d1e71cf4be94b1ed34331c131a1e0c342b7b0d6742caf821b02a5c643dc711,0,1,-85
11:16:40,P6102,51d1e71cf4be94b1ed34331c131a1e0c342b7b0d6742caf821b02a5c643dc711,0,1,-87
11:16:43,P6111,6e0410438a9cd8d546e27261e6ff09b85ccfff845c864f98abfaae4f6ddfa2a2,0,11,-93
11:16:45,P694,56c81edeaa3c360ba1e3f4c3c448f1fbb426d9db8eb236e73659e8609ea17e0c,5,1,-89
11:16:45,P695,b8120161ec68e547c1b6720a4388aa1656d03f3f2fc79bac1c594be83d28f755,0,1,-91
11:16:45,P6106,74b91f975c116ce5fde21a19cd2ce2181a22295500722d1a80a0621348da4e6e,3,1,-92
11:16:47,P695,b8120161ec68e547c1b6720a4388aa1656d03f3f2fc79bac1c594be83d28f755,0,1,-78
11:16:47,P694,56c81edeaa3c360ba1e3f4c3c448f1fbb426d9db8eb236e73659e8609ea17e0c,5,1,-78
11:16:47,P6108,b4ee9533189a9af29a1f6f0acf949f4963fd20c3dcc6920dfac63c899471205b,3,3,-91
11:16:49,P694,56c81edeaa3c360ba1e3f4c3c448f1fbb426d9db8eb236e73659e8609ea17e0c,5,1,-80
11:16:49,P695,b8120161ec68e547c1b6720a4388aa1656d03f3f2fc79bac1c594be83d28f755,0,1,-81
11:16:49,P6106,74b91f975c116ce5fde21a19cd2ce2181a22295500722d1a80a0621348da4e6e,3,1,-81
11:16:49,P698,36c9c7471387db23b86ab1e4456212bd6bd032d717915922f61593bb13232707,5,1,-83
11:16:49,P6112,aa3e7735f783a743d8fbbbd1b99da8ac4a3e1731e8c99e8695aa558083768872,3,3,-90
11:16:49,P6110,f363ea144de74368dcb96e852562cc1da88e347b0a7a97e77a082c3d4b2440a3,3,6,-90
11:16:49,P6111,6e0410438a9cd8d546e27261e6ff09b85ccfff845c864f98abfaae4f6ddfa2a2,0,11,-96
11:16:51,P695,b8120161ec68e547c1b6720a4388aa1656d03f3f2fc79bac1c594be83d28f755,0,1,-83
11:16:51,P694,56c81edeaa3c360ba1e3f4c3c448f1fbb426d9db8eb236e73659e8609ea17e0c,5,1,-83
11:16:51,P6106,74b91f975c116ce5fde21a19cd2ce2181a22295500722d1a80a0621348da4e6e,3,1,-83
11:16:51,P6112,aa3e7735f783a743d8fbbbd1b99da8ac4a3e1731e8c99e8695aa558083768872,3,3,-89
11:16:51,P6108,b4ee9533189a9af29a1f6f0acf949f4963fd20c3dcc6920dfac63c899471205b,3,3,-93
11:16:53,P6106,74b91f975c116ce5fde21a19cd2ce2181a22295500722d1a80a0621348da4e6e,3,1,-91
11:16:53,P694,56c81edeaa3c360ba1e3f4c3c448f1fbb426d9db8eb236e73659e8609ea17e0c,5,1,-92
11:16:53,P695,b8120161ec68e547c1b6720a4388aa1656d03f3f2fc79bac1c594be83d28f755,0,1,-93
11:16:55,P6102,adbd11643006f2545308906677c20b7d65310d31e4e5d302f63e1e6d94215e9d,0,11,-67
11:16:55,P6102,9d872d990106cbe08b55a9b0f1526b86bee4f8cfcb91be4498596e09091a4da3,0,1,-76
11:16:55,P695,b8120161ec68e547c1b6720a4388aa1656d03f3f2fc79bac1c594be83d28f755,0,1,-91
11:16:55,P694,56c81edeaa3c360ba1e3f4c3c448f1fbb426d9db8eb236e73659e8609ea17e0c,5,1,-91
11:16:55,P6106,74b91f975c116ce5fde21a19cd2ce2181a22295500722d1a80a0621348da4e6e,3,1,-93
11:16:57,P6112,aa3e7735f783a743d8fbbbd1b99da8ac4a3e1731e8c99e8695aa558083768872,3,3,-91
11:16:57,P6108,b4ee9533189a9af29a1f6f0acf949f4963fd20c3dcc6920dfac63c899471205b,3,3,-91
11:16:59,P6102,adbd11643006f2545308906677c20b7d65310d31e4e5d302f63e1e6d94215e9d,0,11,-75
11:17:01,P6102,9d872d990106cbe08b55a9b0f1526b86bee4f8cfcb91be4498596e09091a4da3,0,1,-83
11:17:01,P6112,aa3e7735f783a743d8fbbbd1b99da8ac4a3e1731e8c99e8695aa558083768872,3,3,-88
11:17:01,P6108,b4ee9533189a9af29a1f6f0acf949f4963fd20c3dcc6920dfac63c899471205b,3,3,-89
11:17:03,P6102,9d872d990106cbe08b55a9b0f1526b86bee4f8cfcb91be4498596e09091a4da3,0,1,-81
11:17:03,P6108,b4ee9533189a9af29a1f6f0acf949f4963fd20c3dcc6920dfac63c899471205b,3,3,-82
11:17:03,P6112,aa3e7735f783a743d8fbbbd1b99da8ac4a3e1731e8c99e8695aa558083768872,3,3,-86
11:17:03,P6110,f363ea144de74368dcb96e852562cc1da88e347b0a7a97e77a082c3d4b2440a3,3,6,-88
11:17:03,P6111,6e0410438a9cd8d546e27261e6ff09b85ccfff845c864f98abfaae4f6ddfa2a2,0,11,-90
11:17:04,P6108,b4ee9533189a9af29a1f6f0acf949f4963fd20c3dcc6920dfac63c899471205b,3,3,-81
11:17:04,P6112,aa3e7735f783a743d8fbbbd1b99da8ac4a3e1731e8c99e8695aa558083768872,3,3,-83
11:17:04,P6110,f363ea144de74368dcb96e852562cc1da88e347b0a7a97e77a082c3d4b2440a3,3,6,-84
11:17:06,P6102,adbd11643006f2545308906677c20b7d65310d31e4e5d302f63e1e6d94215e9d,0,11,-74
11:17:06,P6108,b4ee9533189a9af29a1f6f0acf949f4963fd20c3dcc6920dfac63c899471205b,3,3,-84
11:17:08,P6102,9d872d990106cbe08b55a9b0f1526b86bee4f8cfcb91be4498596e09091a4da3,0,1,-78
11:17:08,P6112,aa3e7735f783a743d8fbbbd1b99da8ac4a3e1731e8c99e8695aa558083768872,3,3,-85
11:17:08,P6108,b4ee9533189a9af29a1f6f0acf949f4963fd20c3dcc6920dfac63c899471205b,3,3,-85
11:17:08,P6110,f363ea144de74368dcb96e852562cc1da88e347b0a7a97e77a082c3d4b2440a3,3,6,-89
11:17:10,P6112,aa3e7735f783a743d8fbbbd1b99da8ac4a3e1731e8c99e8695aa558083768872,3,3,-91
11:17:10,P6108,b4ee9533189a9af29a1f6f0acf949f4963fd20c3dcc6920dfac63c899471205b,3,3,-91
11:17:12,P6102,adbd11643006f2545308906677c20b7d65310d31e4e5d302f63e1e6d94215e9d,0,11,-80
11:17:12,P6108,b4ee9533189a9af29a1f6f0acf949f4963fd20c3dcc6920dfac63c899471205b,3,3,-91
11:17:14,P6112,aa3e7735f783a743d8fbbbd1b99da8ac4a3e1731e8c99e8695aa558083768872,3,3,-89
11:17:16,P6110,f363ea144de74368dcb96e852562cc1da88e347b0a7a97e77a082c3d4b2440a3,3,6,-88
11:17:16,P6112,aa3e7735f783a743d8fbbbd1b99da8ac4a3e1731e8c99e8695aa558083768872,3,3,-91
11:17:16,P6108,b4ee9533189a9af29a1f6f0acf949f4963fd20c3dcc6920dfac63c899471205b,3,3,-92
11:17:18,P6102,9d872d990106cbe08b55a9b0f1526b86bee4f8cfcb91be4498596e09091a4da3,0,1,-81
11:17:18,P6112,aa3e7735f783a743d8fbbbd1b99da8ac4a3e1731e8c99e8695aa558083768872,3,3,-90
11:17:18,P6108,b4ee9533189a9af29a1f6f0acf949f4963fd20c3dcc6920dfac63c899471205b,3,3,-91
11:17:19,P6102,9d872d990106cbe08b55a9b0f1526b86bee4f8cfcb91be4498596e09091a4da3,0,1,-79
11:17:19,P6110,f363ea144de74368dcb96e852562cc1da88e347b0a7a97e77a082c3d4b2440a3,3,6,-89
11:17:19,P6108,b4ee9533189a9af29a1f6f0acf949f4963fd20c3dcc6920dfac63c899471205b,3,3,-91
11:17:21,P6102,9d872d990106cbe08b55a9b0f1526b86bee4f8cfcb91be4498596e09091a4da3,0,1,-76
11:17:21,P6108,b4ee9533189a9af29a1f6f0acf949f4963fd20c3dcc6920dfac63c899471205b,3,3,-86
11:17:21,P6112,aa3e7735f783a743d8fbbbd1b99da8ac4a3e1731e8c99e8695aa558083768872,3,3,-87
11:17:21,P6111,6e0410438a9cd8d546e27261e6ff09b85ccfff845c864f98abfaae4f6ddfa2a2,0,11,-96
11:17:23,P6102,9d872d990106cbe08b55a9b0f1526b86bee4f8cfcb91be4498596e09091a4da3,0,1,-78
11:17:25,P6102,9d872d990106cbe08b55a9b0f1526b86bee4f8cfcb91be4498596e09091a4da3,0,1,-76
11:17:25,P6108,b4ee9533189a9af29a1f6f0acf949f4963fd20c3dcc6920dfac63c899471205b,3,3,-88
11:17:25,P6110,f363ea144de74368dcb96e852562cc1da88e347b0a7a97e77a082c3d4b2440a3,3,6,-89
11:17:27,P6102,9d872d990106cbe08b55a9b0f1526b86bee4f8cfcb91be4498596e09091a4da3,0,1,-78
11:17:27,P6110,f363ea144de74368dcb96e852562cc1da88e347b0a7a97e77a082c3d4b2440a3,3,6,-87
11:17:29,P6102,adbd11643006f2545308906677c20b7d65310d31e4e5d302f63e1e6d94215e9d,0,11,-78
11:17:29,P6108,b4ee9533189a9af29a1f6f0acf949f4963fd20c3dcc6920dfac63c899471205b,3,3,-88
11:17:29,P6110,f363ea144de74368dcb96e852562cc1da88e347b0a7a97e77a082c3d4b2440a3,3,6,-89
11:17:31,P6102,9d872d990106cbe08b55a9b0f1526b86bee4f8cfcb91be4498596e09091a4da3,0,1,-78
11:17:31,P6112,aa3e7735f783a743d8fbbbd1b99da8ac4a3e1731e8c99e8695aa558083768872,3,3,-85
11:17:31,P6108,b4ee9533189a9af29a1f6f0acf949f4963fd20c3dcc6920dfac63c899471205b,3,3,-89
11:17:31,P6111,6e0410438a9cd8d546e27261e6ff09b85ccfff845c864f98abfaae4f6ddfa2a2,0,11,-94
11:17:33,P6106,74b91f975c116ce5fde21a19cd2ce2181a22295500722d1a80a0621348da4e6e,3,1,-88
11:17:33,P694,56c81edeaa3c360ba1e3f4c3c448f1fbb426d9db8eb236e73659e8609ea17e0c,5,1,-89
11:17:33,P695,b8120161ec68e547c1b6720a4388aa1656d03f3f2fc79bac1c594be83d28f755,0,1,-90
11:17:35,P6102,9d872d990106cbe08b55a9b0f1526b86bee4f8cfcb91be4498596e09091a4da3,0,1,-78
11:17:35,P6110,f363ea144de74368dcb96e852562cc1da88e347b0a7a97e77a082c3d4b2440a3,3,6,-85
11:17:35,P6108,b4ee9533189a9af29a1f6f0acf949f4963fd20c3dcc6920dfac63c899471205b,3,3,-86
11:17:35,P6112,aa3e7735f783a743d8fbbbd1b99da8ac4a3e1731e8c99e8695aa558083768872,3,3,-87
11:17:35,P6106,74b91f975c116ce5fde21a19cd2ce2181a22295500722d1a80a0621348da4e6e,3,1,-94
11:17:35,P6111,6e0410438a9cd8d546e27261e6ff09b85ccfff845c864f98abfaae4f6ddfa2a2,0,11,-94
11:17:37,P6102,9d872d990106cbe08b55a9b0f1526b86bee4f8cfcb91be4498596e09091a4da3,0,1,-72
11:17:38,P6102,9d872d990106cbe08b55a9b0f1526b86bee4f8cfcb91be4498596e09091a4da3,0,1,-68
11:17:38,P6108,b4ee9533189a9af29a1f6f0acf949f4963fd20c3dcc6920dfac63c899471205b,3,3,-91
11:17:40,P6102,9d872d990106cbe08b55a9b0f1526b86bee4f8cfcb91be4498596e09091a4da3,0,1,-71
11:17:40,P6102,adbd11643006f2545308906677c20b7d65310d31e4e5d302f63e1e6d94215e9d,0,11,-79
11:17:40,P6108,b4ee9533189a9af29a1f6f0acf949f4963fd20c3dcc6920dfac63c899471205b,3,3,-93
11:17:42,P6108,b4ee9533189a9af29a1f6f0acf949f4963fd20c3dcc6920dfac63c899471205b,3,3,-92
11:17:42,P6111,6e0410438a9cd8d546e27261e6ff09b85ccfff845c864f98abfaae4f6ddfa2a2,0,11,-94
11:17:44,P6102,9d872d990106cbe08b55a9b0f1526b86bee4f8cfcb91be4498596e09091a4da3,0,1,-64
11:17:44,P6108,b4ee9533189a9af29a1f6f0acf949f4963fd20c3dcc6920dfac63c899471205b,3,3,-93
11:17:46,P6102,9d872d990106cbe08b55a9b0f1526b86bee4f8cfcb91be4498596e09091a4da3,0,1,-62
11:17:46,P6102,adbd11643006f2545308906677c20b7d65310d31e4e5d302f63e1e6d94215e9d,0,11,-88
11:17:46,P6112,aa3e7735f783a743d8fbbbd1b99da8ac4a3e1731e8c99e8695aa558083768872,3,3,-89
11:17:46,P6108,b4ee9533189a9af29a1f6f0acf949f4963fd20c3dcc6920dfac63c899471205b,3,3,-93
11:17:48,P6102,9d872d990106cbe08b55a9b0f1526b86bee4f8cfcb91be4498596e09091a4da3,0,1,-57
11:17:48,P6108,b4ee9533189a9af29a1f6f0acf949f4963fd20c3dcc6920dfac63c899471205b,3,3,-90
11:17:50,P6102,9d872d990106cbe08b55a9b0f1526b86bee4f8cfcb91be4498596e09091a4da3,0,1,-57
11:17:50,P6108,b4ee9533189a9af29a1f6f0acf949f4963fd20c3dcc6920dfac63c899471205b,3,3,-99
11:17:52,P6102,9d872d990106cbe08b55a9b0f1526b86bee4f8cfcb91be4498596e09091a4da3,0,1,-65
11:17:52,P6116,46d4ce7affc4035cd64fa69053ec0f61dcb367d3e9157e8f3098b2f6c4286cef,3,6,-92
11:17:55,P6102,9b2077243632d2c03ff16bc2ef65ba76ead624910c47aacd4c20496fda9ee837,0,11,-86
11:17:57,P6116,46d4ce7affc4035cd64fa69053ec0f61dcb367d3e9157e8f3098b2f6c4286cef,3,6,-92
11:17:59,P6102,9b2077243632d2c03ff16bc2ef65ba76ead624910c47aacd4c20496fda9ee837,0,11,-75
11:18:01,P6102,9b2077243632d2c03ff16bc2ef65ba76ead624910c47aacd4c20496fda9ee837,0,11,-69
11:18:04,P6102,9b2077243632d2c03ff16bc2ef65ba76ead624910c47aacd4c20496fda9ee837,0,11,-72
11:18:08,P6102,9b2077243632d2c03ff16bc2ef65ba76ead624910c47aacd4c20496fda9ee837,0,11,-72
11:18:08,P6102,56a85f8f40c1bdb6ca45d29c08e7297ebd1a35bd939a58b34a9c52e7cffb2cb1,0,6,-83
11:18:10,P6102,9b2077243632d2c03ff16bc2ef65ba76ead624910c47aacd4c20496fda9ee837,0,11,-68
11:18:12,P6102,9b2077243632d2c03ff16bc2ef65ba76ead624910c47aacd4c20496fda9ee837,0,11,-73
11:18:14,P6102,9b2077243632d2c03ff16bc2ef65ba76ead624910c47aacd4c20496fda9ee837,0,11,-74
11:18:16,P6102,9b2077243632d2c03ff16bc2ef65ba76ead624910c47aacd4c20496fda9ee837,0,11,-74
11:18:16,P6102,56a85f8f40c1bdb6ca45d29c08e7297ebd1a35bd939a58b34a9c52e7cffb2cb1,0,6,-79
11:18:17,P6102,9b2077243632d2c03ff16bc2ef65ba76ead624910c47aacd4c20496fda9ee837,0,11,-69
11:18:19,P6102,9b2077243632d2c03ff16bc2ef65ba76ead624910c47aacd4c20496fda9ee837,0,11,-72
11:18:19,P6102,56a85f8f40c1bdb6ca45d29c08e7297ebd1a35bd939a58b34a9c52e7cffb2cb1,0,6,-80
11:18:21,P6102,9b2077243632d2c03ff16bc2ef65ba76ead624910c47aacd4c20496fda9ee837,0,11,-73
11:18:23,P6102,9b2077243632d2c03ff16bc2ef65ba76ead624910c47aacd4c20496fda9ee837,0,11,-70
11:18:23,P6102,56a85f8f40c1bdb6ca45d29c08e7297ebd1a35bd939a58b34a9c52e7cffb2cb1,0,6,-78
11:18:25,P6102,9b2077243632d2c03ff16bc2ef65ba76ead624910c47aacd4c20496fda9ee837,0,11,-73
11:18:25,P6102,56a85f8f40c1bdb6ca45d29c08e7297ebd1a35bd939a58b34a9c52e7cffb2cb1,0,6,-80
11:18:27,P6102,9b2077243632d2c03ff16bc2ef65ba76ead624910c47aacd4c20496fda9ee837,0,11,-72
11:18:27,P6102,56a85f8f40c1bdb6ca45d29c08e7297ebd1a35bd939a58b34a9c52e7cffb2cb1,0,6,-81
11:18:29,P6102,9b2077243632d2c03ff16bc2ef65ba76ead624910c47aacd4c20496fda9ee837,0,11,-73
11:18:29,P6102,56a85f8f40c1bdb6ca45d29c08e7297ebd1a35bd939a58b34a9c52e7cffb2cb1,0,6,-79
11:18:30,P6102,9b2077243632d2c03ff16bc2ef65ba76ead624910c47aacd4c20496fda9ee837,0,11,-68
11:18:32,P6102,9b2077243632d2c03ff16bc2ef65ba76ead624910c47aacd4c20496fda9ee837,0,11,-71
11:18:32,P6102,56a85f8f40c1bdb6ca45d29c08e7297ebd1a35bd939a58b34a9c52e7cffb2cb1,0,6,-80
11:18:34,P6102,9b2077243632d2c03ff16bc2ef65ba76ead624910c47aacd4c20496fda9ee837,0,11,-72
11:18:34,P6102,56a85f8f40c1bdb6ca45d29c08e7297ebd1a35bd939a58b34a9c52e7cffb2cb1,0,6,-80
11:18:36,P6102,9b2077243632d2c03ff16bc2ef65ba76ead624910c47aacd4c20496fda9ee837,0,11,-71
11:18:38,P6102,9b2077243632d2c03ff16bc2ef65ba76ead624910c47aacd4c20496fda9ee837,0,11,-67
11:18:38,P6102,56a85f8f40c1bdb6ca45d29c08e7297ebd1a35bd939a58b34a9c52e7cffb2cb1,0,6,-78
11:18:40,P6102,9b2077243632d2c03ff16bc2ef65ba76ead624910c47aacd4c20496fda9ee837,0,11,-75
11:18:42,P6102,9b2077243632d2c03ff16bc2ef65ba76ead624910c47aacd4c20496fda9ee837,0,11,-69
11:18:43,P6102,9b2077243632d2c03ff16bc2ef65ba76ead624910c47aacd4c20496fda9ee837,0,11,-69
11:18:43,P6102,56a85f8f40c1bdb6ca45d29c08e7297ebd1a35bd939a58b34a9c52e7cffb2cb1,0,6,-78
11:18:45,P6102,9b2077243632d2c03ff16bc2ef65ba76ead624910c47aacd4c20496fda9ee837,0,11,-69
11:18:45,P6102,56a85f8f40c1bdb6ca45d29c08e7297ebd1a35bd939a58b34a9c52e7cffb2cb1,0,6,-77
11:18:47,P6102,9b2077243632d2c03ff16bc2ef65ba76ead624910c47aacd4c20496fda9ee837,0,11,-72
11:18:49,P6102,9b2077243632d2c03ff16bc2ef65ba76ead624910c47aacd4c20496fda9ee837,0,11,-69
11:18:49,P6102,56a85f8f40c1bdb6ca45d29c08e7297ebd1a35bd939a58b34a9c52e7cffb2cb1,0,6,-79
11:18:51,P6102,9b2077243632d2c03ff16bc2ef65ba76ead624910c47aacd4c20496fda9ee837,0,11,-71
11:18:53,P6102,9b2077243632d2c03ff16bc2ef65ba76ead624910c47aacd4c20496fda9ee837,0,11,-69
11:18:55,P6102,9b2077243632d2c03ff16bc2ef65ba76ead624910c47aacd4c20496fda9ee837,0,11,-68
11:18:56,P6102,9b2077243632d2c03ff16bc2ef65ba76ead624910c47aacd4c20496fda9ee837,0,11,-72
11:18:58,P6102,9b2077243632d2c03ff16bc2ef65ba76ead624910c47aacd4c20496fda9ee837,0,11,-68
11:19:00,P6102,9b2077243632d2c03ff16bc2ef65ba76ead624910c47aacd4c20496fda9ee837,0,11,-73
11:19:02,P6102,9b2077243632d2c03ff16bc2ef65ba76ead624910c47aacd4c20496fda9ee837,0,11,-68
11:19:04,P6102,9b2077243632d2c03ff16bc2ef65ba76ead624910c47aacd4c20496fda9ee837,0,11,-73
11:19:04,P6102,56a85f8f40c1bdb6ca45d29c08e7297ebd1a35bd939a58b34a9c52e7cffb2cb1,0,6,-81
11:19:06,P6102,9b2077243632d2c03ff16bc2ef65ba76ead624910c47aacd4c20496fda9ee837,0,11,-69
11:19:08,P6102,9b2077243632d2c03ff16bc2ef65ba76ead624910c47aacd4c20496fda9ee837,0,11,-74
11:19:09,P6102,9b2077243632d2c03ff16bc2ef65ba76ead624910c47aacd4c20496fda9ee837,0,11,-69
11:19:11,P6102,9b2077243632d2c03ff16bc2ef65ba76ead624910c47aacd4c20496fda9ee837,0,11,-68
11:19:13,P6102,9b2077243632d2c03ff16bc2ef65ba76ead624910c47aacd4c20496fda9ee837,0,11,-70
11:19:15,P6102,9b2077243632d2c03ff16bc2ef65ba76ead624910c47aacd4c20496fda9ee837,0,11,-69
11:19:17,P6102,9b2077243632d2c03ff16bc2ef65ba76ead624910c47aacd4c20496fda9ee837,0,11,-70
11:19:19,P6102,9b2077243632d2c03ff16bc2ef65ba76ead624910c47aacd4c20496fda9ee837,0,11,-71
11:19:20,P6102,9b2077243632d2c03ff16bc2ef65ba76ead624910c47aacd4c20496fda9ee837,0,11,-70
11:19:22,P6102,9b2077243632d2c03ff16bc2ef65ba76ead624910c47aacd4c20496fda9ee837,0,11,-71
11:19:24,P6102,9b2077243632d2c03ff16bc2ef65ba76ead624910c47aacd4c20496fda9ee837,0,11,-72
11:19:26,P6102,9b2077243632d2c03ff16bc2ef65ba76ead624910c47aacd4c20496fda9ee837,0,11,-72
11:19:28,P6102,9b2077243632d2c03ff16bc2ef65ba76ead624910c47aacd4c20496fda9ee837,0,11,-78
11:19:30,P6102,9b2077243632d2c03ff16bc2ef65ba76ead624910c47aacd4c20496fda9ee837,0,11,-75
11:19:30,P6102,56a85f8f40c1bdb6ca45d29c08e7297ebd1a35bd939a58b34a9c52e7cffb2cb1,0,6,-78
11:19:33,P6102,9b2077243632d2c03ff16bc2ef65ba76ead624910c47aacd4c20496fda9ee837,0,11,-70
11:19:33,P6102,56a85f8f40c1bdb6ca45d29c08e7297ebd1a35bd939a58b34a9c52e7cffb2cb1,0,6,-79
11:19:35,P6102,9b2077243632d2c03ff16bc2ef65ba76ead624910c47aacd4c20496fda9ee837,0,11,-71
11:19:37,P6102,9b2077243632d2c03ff16bc2ef65ba76ead624910c47aacd4c20496fda9ee837,0,11,-75
11:19:39,P6102,9b2077243632d2c03ff16bc2ef65ba76ead624910c47aacd4c20496fda9ee837,0,11,-77
11:19:41,P6102,9b2077243632d2c03ff16bc2ef65ba76ead624910c47aacd4c20496fda9ee837,0,11,-72
11:19:43,P6102,9b2077243632d2c03ff16bc2ef65ba76ead624910c47aacd4c20496fda9ee837,0,11,-69
11:19:45,P6102,9b2077243632d2c03ff16bc2ef65ba76ead624910c47aacd4c20496fda9ee837,0,11,-70
11:19:46,P6102,9b2077243632d2c03ff16bc2ef65ba76ead624910c47aacd4c20496fda9ee837,0,11,-69
11:19:48,P6102,9b2077243632d2c03ff16bc2ef65ba76ead624910c47aacd4c20496fda9ee837,0,11,-77
11:19:50,P6102,9b2077243632d2c03ff16bc2ef65ba76ead624910c47aacd4c20496fda9ee837,0,11,-73
11:19:52,P6102,9b2077243632d2c03ff16bc2ef65ba76ead624910c47aacd4c20496fda9ee837,0,11,-73
11:19:56,P6102,9b2077243632d2c03ff16bc2ef65ba76ead624910c47aacd4c20496fda9ee837,0,11,-70
11:19:57,P6102,9b2077243632d2c03ff16bc2ef65ba76ead624910c47aacd4c20496fda9ee837,0,11,-77
11:19:59,P6102,9b2077243632d2c03ff16bc2ef65ba76ead624910c47aacd4c20496fda9ee837,0,11,-76
11:20:01,P6102,9b2077243632d2c03ff16bc2ef65ba76ead624910c47aacd4c20496fda9ee837,0,11,-75
11:20:05,P6102,9b2077243632d2c03ff16bc2ef65ba76ead624910c47aacd4c20496fda9ee837,0,11,-69
11:20:07,P6102,9b2077243632d2c03ff16bc2ef65ba76ead624910c47aacd4c20496fda9ee837,0,11,-71
11:20:09,P6102,9b2077243632d2c03ff16bc2ef65ba76ead624910c47aacd4c20496fda9ee837,0,11,-74
11:20:10,P6102,9b2077243632d2c03ff16bc2ef65ba76ead624910c47aacd4c20496fda9ee837,0,11,-73
11:20:12,P6102,9b2077243632d2c03ff16bc2ef65ba76ead624910c47aacd4c20496fda9ee837,0,11,-76
11:20:14,P6102,9b2077243632d2c03ff16bc2ef65ba76ead624910c47aacd4c20496fda9ee837,0,11,-78
11:20:14,P6102,56a85f8f40c1bdb6ca45d29c08e7297ebd1a35bd939a58b34a9c52e7cffb2cb1,0,6,-81
11:20:16,P6102,9b2077243632d2c03ff16bc2ef65ba76ead624910c47aacd4c20496fda9ee837,0,11,-76
11:20:18,P6102,9b2077243632d2c03ff16bc2ef65ba76ead624910c47aacd4c20496fda9ee837,0,11,-77
11:20:20,P6102,9b2077243632d2c03ff16bc2ef65ba76ead624910c47aacd4c20496fda9ee837,0,11,-75
11:20:21,P6102,9b2077243632d2c03ff16bc2ef65ba76ead624910c47aacd4c20496fda9ee837,0,11,-73
11:20:23,P6102,9b2077243632d2c03ff16bc2ef65ba76ead624910c47aacd4c20496fda9ee837,0,11,-74
11:20:25,P6102,9b2077243632d2c03ff16bc2ef65ba76ead624910c47aacd4c20496fda9ee837,0,11,-75
11:20:27,P6102,9b2077243632d2c03ff16bc2ef65ba76ead624910c47aacd4c20496fda9ee837,0,11,-76
11:20:29,P6102,9b2077243632d2c03ff16bc2ef65ba76ead624910c47aacd4c20496fda9ee837,0,11,-77
11:20:29,P6102,56a85f8f40c1bdb6ca45d29c08e7297ebd1a35bd939a58b34a9c52e7cffb2cb1,0,6,-80
11:20:31,P6102,9b2077243632d2c03ff16bc2ef65ba76ead624910c47aacd4c20496fda9ee837,0,11,-75
11:20:33,P6102,9b2077243632d2c03ff16bc2ef65ba76ead624910c47aacd4c20496fda9ee837,0,11,-72
11:20:33,P6102,56a85f8f40c1bdb6ca45d29c08e7297ebd1a35bd939a58b34a9c52e7cffb2cb1,0,6,-80
11:20:34,P6102,9b2077243632d2c03ff16bc2ef65ba76ead624910c47aacd4c20496fda9ee837,0,11,-72
11:20:34,P6102,56a85f8f40c1bdb6ca45d29c08e7297ebd1a35bd939a58b34a9c52e7cffb2cb1,0,6,-79
11:20:36,P6102,9b2077243632d2c03ff16bc2ef65ba76ead624910c47aacd4c20496fda9ee837,0,11,-77
11:20:36,P6102,56a85f8f40c1bdb6ca45d29c08e7297ebd1a35bd939a58b34a9c52e7cffb2cb1,0,6,-78
11:20:38,P6102,9b2077243632d2c03ff16bc2ef65ba76ead624910c47aacd4c20496fda9ee837,0,11,-74
11:20:40,P6102,9b2077243632d2c03ff16bc2ef65ba76ead624910c47aacd4c20496fda9ee837,0,11,-70
11:20:40,P6102,56a85f8f40c1bdb6ca45d29c08e7297ebd1a35bd939a58b34a9c52e7cffb2cb1,0,6,-78
11:20:42,P6102,9b2077243632d2c03ff16bc2ef65ba76ead624910c47aacd4c20496fda9ee837,0,11,-74
11:20:44,P6102,9b2077243632d2c03ff16bc2ef65ba76ead624910c47aacd4c20496fda9ee837,0,11,-73
11:20:46,P6102,9b2077243632d2c03ff16bc2ef65ba76ead624910c47aacd4c20496fda9ee837,0,11,-74
11:20:46,P6102,56a85f8f40c1bdb6ca45d29c08e7297ebd1a35bd939a58b34a9c52e7cffb2cb1,0,6,-78
11:20:47,P6102,9b2077243632d2c03ff16bc2ef65ba76ead624910c47aacd4c20496fda9ee837,0,11,-72
11:20:49,P6102,9b2077243632d2c03ff16bc2ef65ba76ead624910c47aacd4c20496fda9ee837,0,11,-72
11:20:51,P6102,9b2077243632d2c03ff16bc2ef65ba76ead624910c47aacd4c20496fda9ee837,0,11,-76
11:20:53,P6102,9b2077243632d2c03ff16bc2ef65ba76ead624910c47aacd4c20496fda9ee837,0,11,-74
11:20:55,P6102,9b2077243632d2c03ff16bc2ef65ba76ead624910c47aacd4c20496fda9ee837,0,11,-70
11:20:57,P6102,9b2077243632d2c03ff16bc2ef65ba76ead624910c47aacd4c20496fda9ee837,0,11,-73
11:20:58,P6102,9b2077243632d2c03ff16bc2ef65ba76ead624910c47aacd4c20496fda9ee837,0,11,-72
11:21:00,P6102,9b2077243632d2c03ff16bc2ef65ba76ead624910c47aacd4c20496fda9ee837,0,11,-69
11:21:02,P6102,9b2077243632d2c03ff16bc2ef65ba76ead624910c47aacd4c20496fda9ee837,0,11,-69
11:21:04,P6102,9b2077243632d2c03ff16bc2ef65ba76ead624910c47aacd4c20496fda9ee837,0,11,-69
11:21:06,P6102,9b2077243632d2c03ff16bc2ef65ba76ead624910c47aacd4c20496fda9ee837,0,11,-69
11:21:08,P6102,9b2077243632d2c03ff16bc2ef65ba76ead624910c47aacd4c20496fda9ee837,0,11,-70
11:21:10,P6102,9b2077243632d2c03ff16bc2ef65ba76ead624910c47aacd4c20496fda9ee837,0,11,-68
11:21:11,P6102,9b2077243632d2c03ff16bc2ef65ba76ead624910c47aacd4c20496fda9ee837,0,11,-72
11:21:13,P6102,56a85f8f40c1bdb6ca45d29c08e7297ebd1a35bd939a58b34a9c52e7cffb2cb1,0,6,-80
11:21:15,P6102,56a85f8f40c1bdb6ca45d29c08e7297ebd1a35bd939a58b34a9c52e7cffb2cb1,0,6,-79
11:21:17,P6102,9b2077243632d2c03ff16bc2ef65ba76ead624910c47aacd4c20496fda9ee837,0,11,-68
11:21:17,P6102,56a85f8f40c1bdb6ca45d29c08e7297ebd1a35bd939a58b34a9c52e7cffb2cb1,0,6,-78
11:21:19,P6102,9b2077243632d2c03ff16bc2ef65ba76ead624910c47aacd4c20496fda9ee837,0,11,-74
11:21:23,P6102,9b2077243632d2c03ff16bc2ef65ba76ead624910c47aacd4c20496fda9ee837,0,11,-76
11:21:24,P6102,9b2077243632d2c03ff16bc2ef65ba76ead624910c47aacd4c20496fda9ee837,0,11,-72
11:21:26,P6102,9b2077243632d2c03ff16bc2ef65ba76ead624910c47aacd4c20496fda9ee837,0,11,-67
11:21:28,P6102,9b2077243632d2c03ff16bc2ef65ba76ead624910c47aacd4c20496fda9ee837,0,11,-68
11:21:30,P6102,9b2077243632d2c03ff16bc2ef65ba76ead624910c47aacd4c20496fda9ee837,0,11,-73
11:21:32,P6102,9b2077243632d2c03ff16bc2ef65ba76ead624910c47aacd4c20496fda9ee837,0,11,-68
11:21:34,P6102,9b2077243632d2c03ff16bc2ef65ba76ead624910c47aacd4c20496fda9ee837,0,11,-70
11:21:35,P6102,9b2077243632d2c03ff16bc2ef65ba76ead624910c47aacd4c20496fda9ee837,0,11,-74
11:21:35,P60 de Amelie,d8349cf775539e23d7dbc388085db520cfa15d136adda440ea0896fc710336af,3,6,-91
11:21:37,P6102,9b2077243632d2c03ff16bc2ef65ba76ead624910c47aacd4c20496fda9ee837,0,11,-72
11:21:39,P6102,9b2077243632d2c03ff16bc2ef65ba76ead624910c47aacd4c20496fda9ee837,0,11,-71
11:21:39,P6102,56a85f8f40c1bdb6ca45d29c08e7297ebd1a35bd939a58b34a9c52e7cffb2cb1,0,6,-80
11:21:39,P60 de Amelie,d8349cf775539e23d7dbc388085db520cfa15d136adda440ea0896fc710336af,3,6,-89
11:21:41,P6102,9b2077243632d2c03ff16bc2ef65ba76ead624910c47aacd4c20496fda9ee837,0,11,-70
11:21:43,P6102,9b2077243632d2c03ff16bc2ef65ba76ead624910c47aacd4c20496fda9ee837,0,11,-70
11:21:43,P60 de Amelie,d8349cf775539e23d7dbc388085db520cfa15d136adda440ea0896fc710336af,3,6,-82
11:21:45,P6102,9b2077243632d2c03ff16bc2ef65ba76ead624910c47aacd4c20496fda9ee837,0,11,-73
11:21:45,P60 de Amelie,d8349cf775539e23d7dbc388085db520cfa15d136adda440ea0896fc710336af,3,6,-84
11:21:47,P6102,9b2077243632d2c03ff16bc2ef65ba76ead624910c47aacd4c20496fda9ee837,0,11,-72
11:21:47,P60 de Amelie,d8349cf775539e23d7dbc388085db520cfa15d136adda440ea0896fc710336af,3,6,-88
11:21:49,P6102,9b2077243632d2c03ff16bc2ef65ba76ead624910c47aacd4c20496fda9ee837,0,11,-74
11:21:49,P60 de Amelie,d8349cf775539e23d7dbc388085db520cfa15d136adda440ea0896fc710336af,3,6,-82
11:21:50,P6102,9b2077243632d2c03ff16bc2ef65ba76ead624910c47aacd4c20496fda9ee837,0,11,-75
11:21:50,P60 de Amelie,d8349cf775539e23d7dbc388085db520cfa15d136adda440ea0896fc710336af,3,6,-90
11:21:52,P6102,9b2077243632d2c03ff16bc2ef65ba76ead624910c47aacd4c20496fda9ee837,0,11,-68
11:21:54,P6102,9b2077243632d2c03ff16bc2ef65ba76ead624910c47aacd4c20496fda9ee837,0,11,-69
11:21:54,P60 de Amelie,d8349cf775539e23d7dbc388085db520cfa15d136adda440ea0896fc710336af,3,6,-87
11:21:56,P6102,9b2077243632d2c03ff16bc2ef65ba76ead624910c47aacd4c20496fda9ee837,0,11,-73
11:21:56,P60 de Amelie,d8349cf775539e23d7dbc388085db520cfa15d136adda440ea0896fc710336af,3,6,-82
11:21:58,P6102,9b2077243632d2c03ff16bc2ef65ba76ead624910c47aacd4c20496fda9ee837,0,11,-68
11:21:58,P6102,56a85f8f40c1bdb6ca45d29c08e7297ebd1a35bd939a58b34a9c52e7cffb2cb1,0,6,-79
11:22:00,P6102,9b2077243632d2c03ff16bc2ef65ba76ead624910c47aacd4c20496fda9ee837,0,11,-73
11:22:02,P6102,9b2077243632d2c03ff16bc2ef65ba76ead624910c47aacd4c20496fda9ee837,0,11,-71
11:22:02,P60 de Amelie,d8349cf775539e23d7dbc388085db520cfa15d136adda440ea0896fc710336af,3,6,-88
11:22:03,P6102,9b2077243632d2c03ff16bc2ef65ba76ead624910c47aacd4c20496fda9ee837,0,11,-71
11:22:03,P60 de Amelie,d8349cf775539e23d7dbc388085db520cfa15d136adda440ea0896fc710336af,3,6,-81
11:22:05,P6102,9b2077243632d2c03ff16bc2ef65ba76ead624910c47aacd4c20496fda9ee837,0,11,-70
11:22:07,P6102,9b2077243632d2c03ff16bc2ef65ba76ead624910c47aacd4c20496fda9ee837,0,11,-70
11:22:07,P60 de Amelie,d8349cf775539e23d7dbc388085db520cfa15d136adda440ea0896fc710336af,3,6,-86
11:22:09,P6102,9b2077243632d2c03ff16bc2ef65ba76ead624910c47aacd4c20496fda9ee837,0,11,-68
11:22:09,P6102,56a85f8f40c1bdb6ca45d29c08e7297ebd1a35bd939a58b34a9c52e7cffb2cb1,0,6,-79
11:22:09,P60 de Amelie,d8349cf775539e23d7dbc388085db520cfa15d136adda440ea0896fc710336af,3,6,-86
11:22:11,P6102,9b2077243632d2c03ff16bc2ef65ba76ead624910c47aacd4c20496fda9ee837,0,11,-66
11:22:11,P60 de Amelie,d8349cf775539e23d7dbc388085db520cfa15d136adda440ea0896fc710336af,3,6,-86
11:22:13,P6102,9b2077243632d2c03ff16bc2ef65ba76ead624910c47aacd4c20496fda9ee837,0,11,-68
11:22:13,P60 de Amelie,d8349cf775539e23d7dbc388085db520cfa15d136adda440ea0896fc710336af,3,6,-82
11:22:15,P6102,9b2077243632d2c03ff16bc2ef65ba76ead624910c47aacd4c20496fda9ee837,0,11,-68
11:22:15,P6102,56a85f8f40c1bdb6ca45d29c08e7297ebd1a35bd939a58b34a9c52e7cffb2cb1,0,6,-79
11:22:15,P60 de Amelie,d8349cf775539e23d7dbc388085db520cfa15d136adda440ea0896fc710336af,3,6,-86
11:22:16,P6102,9b2077243632d2c03ff16bc2ef65ba76ead624910c47aacd4c20496fda9ee837,0,11,-69
11:22:16,P60 de Amelie,d8349cf775539e23d7dbc388085db520cfa15d136adda440ea0896fc710336af,3,6,-86
11:22:18,P6102,9b2077243632d2c03ff16bc2ef65ba76ead624910c47aacd4c20496fda9ee837,0,11,-73
11:22:18,P60 de Amelie,d8349cf775539e23d7dbc388085db520cfa15d136adda440ea0896fc710336af,3,6,-92
11:22:20,P6102,9b2077243632d2c03ff16bc2ef65ba76ead624910c47aacd4c20496fda9ee837,0,11,-76
11:22:22,P6102,9b2077243632d2c03ff16bc2ef65ba76ead624910c47aacd4c20496fda9ee837,0,11,-70
11:22:22,P6102,56a85f8f40c1bdb6ca45d29c08e7297ebd1a35bd939a58b34a9c52e7cffb2cb1,0,6,-82
11:22:24,P6102,9b2077243632d2c03ff16bc2ef65ba76ead624910c47aacd4c20496fda9ee837,0,11,-69
11:22:24,P60 de Amelie,d8349cf775539e23d7dbc388085db520cfa15d136adda440ea0896fc710336af,3,6,-83
11:22:26,P6102,9b2077243632d2c03ff16bc2ef65ba76ead624910c47aacd4c20496fda9ee837,0,11,-69
11:22:26,P60 de Amelie,d8349cf775539e23d7dbc388085db520cfa15d136adda440ea0896fc710336af,3,6,-80
11:22:28,P6102,9b2077243632d2c03ff16bc2ef65ba76ead624910c47aacd4c20496fda9ee837,0,11,-74
11:22:28,P60 de Amelie,d8349cf775539e23d7dbc388085db520cfa15d136adda440ea0896fc710336af,3,6,-76
11:22:30,P6102,9b2077243632d2c03ff16bc2ef65ba76ead624910c47aacd4c20496fda9ee837,0,11,-73
11:22:30,P60 de Amelie,d8349cf775539e23d7dbc388085db520cfa15d136adda440ea0896fc710336af,3,6,-76
11:22:31,P6102,9b2077243632d2c03ff16bc2ef65ba76ead624910c47aacd4c20496fda9ee837,0,11,-73
11:22:31,P60 de Amelie,d8349cf775539e23d7dbc388085db520cfa15d136adda440ea0896fc710336af,3,6,-79
11:22:31,P6102,56a85f8f40c1bdb6ca45d29c08e7297ebd1a35bd939a58b34a9c52e7cffb2cb1,0,6,-81
11:22:33,P6102,9b2077243632d2c03ff16bc2ef65ba76ead624910c47aacd4c20496fda9ee837,0,11,-69
11:22:33,P60 de Amelie,d8349cf775539e23d7dbc388085db520cfa15d136adda440ea0896fc710336af,3,6,-85
11:22:35,P6102,9b2077243632d2c03ff16bc2ef65ba76ead624910c47aacd4c20496fda9ee837,0,11,-70
11:22:37,P6102,9b2077243632d2c03ff16bc2ef65ba76ead624910c47aacd4c20496fda9ee837,0,11,-68
11:22:37,P60 de Amelie,d8349cf775539e23d7dbc388085db520cfa15d136adda440ea0896fc710336af,3,6,-82
11:22:39,P60 de Amelie,d8349cf775539e23d7dbc388085db520cfa15d136adda440ea0896fc710336af,3,6,-73
11:22:39,P6102,9b2077243632d2c03ff16bc2ef65ba76ead624910c47aacd4c20496fda9ee837,0,11,-75
11:22:39,P6102,56a85f8f40c1bdb6ca45d29c08e7297ebd1a35bd939a58b34a9c52e7cffb2cb1,0,6,-82
11:22:41,P6102,9b2077243632d2c03ff16bc2ef65ba76ead624910c47aacd4c20496fda9ee837,0,11,-65
11:22:43,P6102,9b2077243632d2c03ff16bc2ef65ba76ead624910c47aacd4c20496fda9ee837,0,11,-67
11:22:44,P6102,9b2077243632d2c03ff16bc2ef65ba76ead624910c47aacd4c20496fda9ee837,0,11,-70
11:22:44,P60 de Amelie,d8349cf775539e23d7dbc388085db520cfa15d136adda440ea0896fc710336af,3,6,-80
11:22:46,P6102,9b2077243632d2c03ff16bc2ef65ba76ead624910c47aacd4c20496fda9ee837,0,11,-69
11:22:46,P60 de Amelie,d8349cf775539e23d7dbc388085db520cfa15d136adda440ea0896fc710336af,3,6,-79
11:22:48,P6102,9b2077243632d2c03ff16bc2ef65ba76ead624910c47aacd4c20496fda9ee837,0,11,-68
11:22:48,P6102,56a85f8f40c1bdb6ca45d29c08e7297ebd1a35bd939a58b34a9c52e7cffb2cb1,0,6,-82
11:22:50,P6102,9b2077243632d2c03ff16bc2ef65ba76ead624910c47aacd4c20496fda9ee837,0,11,-69
11:22:50,P60 de Amelie,d8349cf775539e23d7dbc388085db520cfa15d136adda440ea0896fc710336af,3,6,-87
11:22:52,P6102,9b2077243632d2c03ff16bc2ef65ba76ead624910c47aacd4c20496fda9ee837,0,11,-72
11:22:52,P60 de Amelie,d8349cf775539e23d7dbc388085db520cfa15d136adda440ea0896fc710336af,3,6,-84
11:22:54,P6102,9b2077243632d2c03ff16bc2ef65ba76ead624910c47aacd4c20496fda9ee837,0,11,-71
11:22:56,P6102,9b2077243632d2c03ff16bc2ef65ba76ead624910c47aacd4c20496fda9ee837,0,11,-72
11:22:56,P60 de Amelie,d8349cf775539e23d7dbc388085db520cfa15d136adda440ea0896fc710336af,3,6,-87
11:22:58,P6102,9b2077243632d2c03ff16bc2ef65ba76ead624910c47aacd4c20496fda9ee837,0,11,-68
11:22:58,P60 de Amelie,d8349cf775539e23d7dbc388085db520cfa15d136adda440ea0896fc710336af,3,6,-87
11:22:59,P6102,9b2077243632d2c03ff16bc2ef65ba76ead624910c47aacd4c20496fda9ee837,0,11,-68
11:22:59,P60 de Amelie,d8349cf775539e23d7dbc388085db520cfa15d136adda440ea0896fc710336af,3,6,-86
11:23:01,P6102,9b2077243632d2c03ff16bc2ef65ba76ead624910c47aacd4c20496fda9ee837,0,11,-68
11:23:03,P6102,9b2077243632d2c03ff16bc2ef65ba76ead624910c47aacd4c20496fda9ee837,0,11,-69
11:23:05,P6102,9b2077243632d2c03ff16bc2ef65ba76ead624910c47aacd4c20496fda9ee837,0,11,-67
11:23:05,P60 de Amelie,d8349cf775539e23d7dbc388085db520cfa15d136adda440ea0896fc710336af,3,6,-83
11:23:07,P6102,9b2077243632d2c03ff16bc2ef65ba76ead624910c47aacd4c20496fda9ee837,0,11,-68
11:23:07,P60 de Amelie,d8349cf775539e23d7dbc388085db520cfa15d136adda440ea0896fc710336af,3,6,-84
11:23:09,P6102,56a85f8f40c1bdb6ca45d29c08e7297ebd1a35bd939a58b34a9c52e7cffb2cb1,0,6,-81
11:23:11,P6102,9b2077243632d2c03ff16bc2ef65ba76ead624910c47aacd4c20496fda9ee837,0,11,-70
11:23:11,P6102,56a85f8f40c1bdb6ca45d29c08e7297ebd1a35bd939a58b34a9c52e7cffb2cb1,0,6,-81
11:23:12,P6102,9b2077243632d2c03ff16bc2ef65ba76ead624910c47aacd4c20496fda9ee837,0,11,-68
11:23:12,P60 de Amelie,d8349cf775539e23d7dbc388085db520cfa15d136adda440ea0896fc710336af,3,6,-92
11:23:14,P6102,9b2077243632d2c03ff16bc2ef65ba76ead624910c47aacd4c20496fda9ee837,0,11,-72
11:23:14,P60 de Amelie,d8349cf775539e23d7dbc388085db520cfa15d136adda440ea0896fc710336af,3,6,-85
11:23:16,P6102,9b2077243632d2c03ff16bc2ef65ba76ead624910c47aacd4c20496fda9ee837,0,11,-74
11:23:16,P60 de Amelie,d8349cf775539e23d7dbc388085db520cfa15d136adda440ea0896fc710336af,3,6,-87
11:23:18,P6102,9b2077243632d2c03ff16bc2ef65ba76ead624910c47aacd4c20496fda9ee837,0,11,-69
11:23:18,P60 de Amelie,d8349cf775539e23d7dbc388085db520cfa15d136adda440ea0896fc710336af,3,6,-78
11:23:18,P6102,56a85f8f40c1bdb6ca45d29c08e7297ebd1a35bd939a58b34a9c52e7cffb2cb1,0,6,-78
11:23:20,P6102,9b2077243632d2c03ff16bc2ef65ba76ead624910c47aacd4c20496fda9ee837,0,11,-70
11:23:24,P60 de Amelie,d8349cf775539e23d7dbc388085db520cfa15d136adda440ea0896fc710336af,3,6,-87
11:23:26,P6102,9b2077243632d2c03ff16bc2ef65ba76ead624910c47aacd4c20496fda9ee837,0,11,-69
11:23:26,P60 de Amelie,d8349cf775539e23d7dbc388085db520cfa15d136adda440ea0896fc710336af,3,6,-85
11:23:27,P6102,9b2077243632d2c03ff16bc2ef65ba76ead624910c47aacd4c20496fda9ee837,0,11,-70
11:23:27,P60 de Amelie,d8349cf775539e23d7dbc388085db520cfa15d136adda440ea0896fc710336af,3,6,-85
11:23:29,P6102,9b2077243632d2c03ff16bc2ef65ba76ead624910c47aacd4c20496fda9ee837,0,11,-68
11:23:33,P60 de Amelie,d8349cf775539e23d7dbc388085db520cfa15d136adda440ea0896fc710336af,3,6,-84
11:23:35,P6102,9b2077243632d2c03ff16bc2ef65ba76ead624910c47aacd4c20496fda9ee837,0,11,-70
11:23:36,P60 de Amelie,d8349cf775539e23d7dbc388085db520cfa15d136adda440ea0896fc710336af,3,6,-85
11:23:38,P6102,9b2077243632d2c03ff16bc2ef65ba76ead624910c47aacd4c20496fda9ee837,0,11,-68
11:23:38,P60 de Amelie,d8349cf775539e23d7dbc388085db520cfa15d136adda440ea0896fc710336af,3,6,-80
11:23:40,P6102,9b2077243632d2c03ff16bc2ef65ba76ead624910c47aacd4c20496fda9ee837,0,11,-74
11:23:40,P60 de Amelie,d8349cf775539e23d7dbc388085db520cfa15d136adda440ea0896fc710336af,3,6,-87
11:23:42,P6102,9b2077243632d2c03ff16bc2ef65ba76ead624910c47aacd4c20496fda9ee837,0,11,-70
11:23:42,P60 de Amelie,d8349cf775539e23d7dbc388085db520cfa15d136adda440ea0896fc710336af,3,6,-87
11:23:44,P6102,9b2077243632d2c03ff16bc2ef65ba76ead624910c47aacd4c20496fda9ee837,0,11,-70
11:23:44,P60 de Amelie,d8349cf775539e23d7dbc388085db520cfa15d136adda440ea0896fc710336af,3,6,-86
11:23:46,P6102,9b2077243632d2c03ff16bc2ef65ba76ead624910c47aacd4c20496fda9ee837,0,11,-70
11:23:48,P6102,9b2077243632d2c03ff16bc2ef65ba76ead624910c47aacd4c20496fda9ee837,0,11,-69
11:23:50,P6102,9b2077243632d2c03ff16bc2ef65ba76ead624910c47aacd4c20496fda9ee837,0,11,-69
11:23:50,P6102,56a85f8f40c1bdb6ca45d29c08e7297ebd1a35bd939a58b34a9c52e7cffb2cb1,0,6,-81
11:23:50,P60 de Amelie,d8349cf775539e23d7dbc388085db520cfa15d136adda440ea0896fc710336af,3,6,-85
11:23:52,P6102,9b2077243632d2c03ff16bc2ef65ba76ead624910c47aacd4c20496fda9ee837,0,11,-68
11:23:52,P60 de Amelie,d8349cf775539e23d7dbc388085db520cfa15d136adda440ea0896fc710336af,3,6,-90
11:23:53,P6102,9b2077243632d2c03ff16bc2ef65ba76ead624910c47aacd4c20496fda9ee837,0,11,-72
11:23:55,P6102,9b2077243632d2c03ff16bc2ef65ba76ead624910c47aacd4c20496fda9ee837,0,11,-69
11:23:55,P60 de Amelie,d8349cf775539e23d7dbc388085db520cfa15d136adda440ea0896fc710336af,3,6,-82
11:23:57,P6102,9b2077243632d2c03ff16bc2ef65ba76ead624910c47aacd4c20496fda9ee837,0,11,-68
11:23:57,P60 de Amelie,d8349cf775539e23d7dbc388085db520cfa15d136adda440ea0896fc710336af,3,6,-87
11:23:57,P60 de Fedwa,2b97f7ce842e487aaaee3d7279377aa55c961e54109d94a4ed0611a4c1d87a39,3,6,-95
11:23:59,P6102,9b2077243632d2c03ff16bc2ef65ba76ead624910c47aacd4c20496fda9ee837,0,11,-69
11:24:01,P6102,9b2077243632d2c03ff16bc2ef65ba76ead624910c47aacd4c20496fda9ee837,0,11,-70
11:24:01,P60 de Amelie,d8349cf775539e23d7dbc388085db520cfa15d136adda440ea0896fc710336af,3,6,-87
11:24:02,P6102,9b2077243632d2c03ff16bc2ef65ba76ead624910c47aacd4c20496fda9ee837,0,11,-76
11:24:05,P6102,9b2077243632d2c03ff16bc2ef65ba76ead624910c47aacd4c20496fda9ee837,0,11,-72
11:24:06,P6102,9b2077243632d2c03ff16bc2ef65ba76ead624910c47aacd4c20496fda9ee837,0,11,-72
11:24:08,P6102,9b2077243632d2c03ff16bc2ef65ba76ead624910c47aacd4c20496fda9ee837,0,11,-69
11:24:08,P60 de Amelie,d8349cf775539e23d7dbc388085db520cfa15d136adda440ea0896fc710336af,3,6,-86
11:24:10,P6102,9b2077243632d2c03ff16bc2ef65ba76ead624910c47aacd4c20496fda9ee837,0,11,-71
11:24:10,P6102,56a85f8f40c1bdb6ca45d29c08e7297ebd1a35bd939a58b34a9c52e7cffb2cb1,0,6,-79
11:24:10,P60 de Amelie,d8349cf775539e23d7dbc388085db520cfa15d136adda440ea0896fc710336af,3,6,-84
11:24:12,P6102,9b2077243632d2c03ff16bc2ef65ba76ead624910c47aacd4c20496fda9ee837,0,11,-68
11:24:12,P60 de Amelie,d8349cf775539e23d7dbc388085db520cfa15d136adda440ea0896fc710336af,3,6,-88
11:24:14,P6102,9b2077243632d2c03ff16bc2ef65ba76ead624910c47aacd4c20496fda9ee837,0,11,-67
11:24:14,P60 de Amelie,d8349cf775539e23d7dbc388085db520cfa15d136adda440ea0896fc710336af,3,6,-85
11:24:16,P6102,9b2077243632d2c03ff16bc2ef65ba76ead624910c47aacd4c20496fda9ee837,0,11,-67
11:24:16,P6102,56a85f8f40c1bdb6ca45d29c08e7297ebd1a35bd939a58b34a9c52e7cffb2cb1,0,6,-80
11:24:16,P60 de Amelie,d8349cf775539e23d7dbc388085db520cfa15d136adda440ea0896fc710336af,3,6,-82
11:24:18,P6102,9b2077243632d2c03ff16bc2ef65ba76ead624910c47aacd4c20496fda9ee837,0,11,-69
11:24:18,P60 de Amelie,d8349cf775539e23d7dbc388085db520cfa15d136adda440ea0896fc710336af,3,6,-79
11:24:20,P6102,9b2077243632d2c03ff16bc2ef65ba76ead624910c47aacd4c20496fda9ee837,0,11,-70
11:24:21,P6102,9b2077243632d2c03ff16bc2ef65ba76ead624910c47aacd4c20496fda9ee837,0,11,-70
11:24:23,P6102,9b2077243632d2c03ff16bc2ef65ba76ead624910c47aacd4c20496fda9ee837,0,11,-72
11:24:23,P60 de Amelie,d8349cf775539e23d7dbc388085db520cfa15d136adda440ea0896fc710336af,3,6,-83
11:24:25,P6102,9b2077243632d2c03ff16bc2ef65ba76ead624910c47aacd4c20496fda9ee837,0,11,-69
11:24:27,P6102,9b2077243632d2c03ff16bc2ef65ba76ead624910c47aacd4c20496fda9ee837,0,11,-68
11:24:27,P6102,56a85f8f40c1bdb6ca45d29c08e7297ebd1a35bd939a58b34a9c52e7cffb2cb1,0,6,-78
11:24:27,P60 de Amelie,d8349cf775539e23d7dbc388085db520cfa15d136adda440ea0896fc710336af,3,6,-89
11:24:29,P6102,9b2077243632d2c03ff16bc2ef65ba76ead624910c47aacd4c20496fda9ee837,0,11,-71
11:24:29,P60 de Amelie,d8349cf775539e23d7dbc388085db520cfa15d136adda440ea0896fc710336af,3,6,-92
11:24:31,P6102,9b2077243632d2c03ff16bc2ef65ba76ead624910c47aacd4c20496fda9ee837,0,11,-70
11:24:33,P6102,9b2077243632d2c03ff16bc2ef65ba76ead624910c47aacd4c20496fda9ee837,0,11,-72
11:24:33,P60 de Fedwa,2b97f7ce842e487aaaee3d7279377aa55c961e54109d94a4ed0611a4c1d87a39,3,6,-95
11:24:34,P6102,9b2077243632d2c03ff16bc2ef65ba76ead624910c47aacd4c20496fda9ee837,0,11,-73
11:24:34,P60 de Amelie,d8349cf775539e23d7dbc388085db520cfa15d136adda440ea0896fc710336af,3,6,-79
11:24:34,P6102,56a85f8f40c1bdb6ca45d29c08e7297ebd1a35bd939a58b34a9c52e7cffb2cb1,0,6,-80
11:24:36,P6102,9b2077243632d2c03ff16bc2ef65ba76ead624910c47aacd4c20496fda9ee837,0,11,-73
11:24:36,P60 de Amelie,d8349cf775539e23d7dbc388085db520cfa15d136adda440ea0896fc710336af,3,6,-83
11:24:38,P6102,9b2077243632d2c03ff16bc2ef65ba76ead624910c47aacd4c20496fda9ee837,0,11,-70
11:24:40,P6102,9b2077243632d2c03ff16bc2ef65ba76ead624910c47aacd4c20496fda9ee837,0,11,-70
11:24:40,P60 de Amelie,d8349cf775539e23d7dbc388085db520cfa15d136adda440ea0896fc710336af,3,6,-87
11:24:42,P6102,9b2077243632d2c03ff16bc2ef65ba76ead624910c47aacd4c20496fda9ee837,0,11,-73
11:24:42,P60 de Amelie,d8349cf775539e23d7dbc388085db520cfa15d136adda440ea0896fc710336af,3,6,-85
11:24:44,P6102,9b2077243632d2c03ff16bc2ef65ba76ead624910c47aacd4c20496fda9ee837,0,11,-73
11:24:44,P60 de Amelie,d8349cf775539e23d7dbc388085db520cfa15d136adda440ea0896fc710336af,3,6,-87
11:24:46,P60 de Amelie,d8349cf775539e23d7dbc388085db520cfa15d136adda440ea0896fc710336af,3,6,-85
11:24:47,P6102,9b2077243632d2c03ff16bc2ef65ba76ead624910c47aacd4c20496fda9ee837,0,11,-70
11:24:47,P60 de Amelie,d8349cf775539e23d7dbc388085db520cfa15d136adda440ea0896fc710336af,3,6,-85
11:24:49,P6102,9b2077243632d2c03ff16bc2ef65ba76ead624910c47aacd4c20496fda9ee837,0,11,-75
11:24:51,P6102,9b2077243632d2c03ff16bc2ef65ba76ead624910c47aacd4c20496fda9ee837,0,11,-69
11:24:51,P60 de Amelie,d8349cf775539e23d7dbc388085db520cfa15d136adda440ea0896fc710336af,3,6,-88
11:24:53,P6102,9b2077243632d2c03ff16bc2ef65ba76ead624910c47aacd4c20496fda9ee837,0,11,-73
11:24:53,P6102,56a85f8f40c1bdb6ca45d29c08e7297ebd1a35bd939a58b34a9c52e7cffb2cb1,0,6,-81
11:24:53,P60 de Amelie,d8349cf775539e23d7dbc388085db520cfa15d136adda440ea0896fc710336af,3,6,-89
11:24:55,P6102,9b2077243632d2c03ff16bc2ef65ba76ead624910c47aacd4c20496fda9ee837,0,11,-70
11:24:55,P60 de Amelie,d8349cf775539e23d7dbc388085db520cfa15d136adda440ea0896fc710336af,3,6,-88
11:24:57,P6102,9b2077243632d2c03ff16bc2ef65ba76ead624910c47aacd4c20496fda9ee837,0,11,-70
11:24:57,P60 de Amelie,d8349cf775539e23d7dbc388085db520cfa15d136adda440ea0896fc710336af,3,6,-85
11:24:59,P6102,9b2077243632d2c03ff16bc2ef65ba76ead624910c47aacd4c20496fda9ee837,0,11,-72
11:24:59,P60 de Amelie,d8349cf775539e23d7dbc388085db520cfa15d136adda440ea0896fc710336af,3,6,-83
11:25:00,P6102,9b2077243632d2c03ff16bc2ef65ba76ead624910c47aacd4c20496fda9ee837,0,11,-71
11:25:00,P6102,56a85f8f40c1bdb6ca45d29c08e7297ebd1a35bd939a58b34a9c52e7cffb2cb1,0,6,-85
11:25:02,P6102,9b2077243632d2c03ff16bc2ef65ba76ead624910c47aacd4c20496fda9ee837,0,11,-75
11:25:04,P6102,9b2077243632d2c03ff16bc2ef65ba76ead624910c47aacd4c20496fda9ee837,0,11,-70
11:25:06,P6102,9b2077243632d2c03ff16bc2ef65ba76ead624910c47aacd4c20496fda9ee837,0,11,-74
11:25:08,P6102,9b2077243632d2c03ff16bc2ef65ba76ead624910c47aacd4c20496fda9ee837,0,11,-73
11:25:10,P6102,9b2077243632d2c03ff16bc2ef65ba76ead624910c47aacd4c20496fda9ee837,0,11,-73
11:25:10,P60 de Amelie,d8349cf775539e23d7dbc388085db520cfa15d136adda440ea0896fc710336af,3,6,-87
11:25:12,P6102,9b2077243632d2c03ff16bc2ef65ba76ead624910c47aacd4c20496fda9ee837,0,11,-76
11:25:14,P6102,9b2077243632d2c03ff16bc2ef65ba76ead624910c47aacd4c20496fda9ee837,0,11,-74
11:25:14,P60 de Amelie,d8349cf775539e23d7dbc388085db520cfa15d136adda440ea0896fc710336af,3,6,-86
11:25:15,P6102,9b2077243632d2c03ff16bc2ef65ba76ead624910c47aacd4c20496fda9ee837,0,11,-73
11:25:15,P6102,56a85f8f40c1bdb6ca45d29c08e7297ebd1a35bd939a58b34a9c52e7cffb2cb1,0,6,-78
11:25:15,P60 de Amelie,d8349cf775539e23d7dbc388085db520cfa15d136adda440ea0896fc710336af,3,6,-89
11:25:17,P60 de Amelie,d8349cf775539e23d7dbc388085db520cfa15d136adda440ea0896fc710336af,3,6,-85
11:25:21,P60 de Amelie,d8349cf775539e23d7dbc388085db520cfa15d136adda440ea0896fc710336af,3,6,-90
11:25:23,P6102,56a85f8f40c1bdb6ca45d29c08e7297ebd1a35bd939a58b34a9c52e7cffb2cb1,0,6,-79
11:25:23,P60 de Amelie,d8349cf775539e23d7dbc388085db520cfa15d136adda440ea0896fc710336af,3,6,-85
11:25:25,P6102,9b2077243632d2c03ff16bc2ef65ba76ead624910c47aacd4c20496fda9ee837,0,11,-72
11:25:25,P6102,56a85f8f40c1bdb6ca45d29c08e7297ebd1a35bd939a58b34a9c52e7cffb2cb1,0,6,-79
11:25:25,P60 de Amelie,d8349cf775539e23d7dbc388085db520cfa15d136adda440ea0896fc710336af,3,6,-88
11:25:27,P6102,56a85f8f40c1bdb6ca45d29c08e7297ebd1a35bd939a58b34a9c52e7cffb2cb1,0,6,-77
11:25:27,P60 de Amelie,d8349cf775539e23d7dbc388085db520cfa15d136adda440ea0896fc710336af,3,6,-87
11:25:28,P60 de Amelie,d8349cf775539e23d7dbc388085db520cfa15d136adda440ea0896fc710336af,3,6,-88
11:25:32,P60 de Amelie,d8349cf775539e23d7dbc388085db520cfa15d136adda440ea0896fc710336af,3,6,-86
11:25:34,P60 de Amelie,d8349cf775539e23d7dbc388085db520cfa15d136adda440ea0896fc710336af,3,6,-84
11:25:38,P60 de Amelie,d8349cf775539e23d7dbc388085db520cfa15d136adda440ea0896fc710336af,3,6,-86
11:25:39,P60 de Amelie,d8349cf775539e23d7dbc388085db520cfa15d136adda440ea0896fc710336af,3,6,-89
11:25:41,P60 de Amelie,d8349cf775539e23d7dbc388085db520cfa15d136adda440ea0896fc710336af,3,6,-89
11:25:43,P60 de Amelie,d8349cf775539e23d7dbc388085db520cfa15d136adda440ea0896fc710336af,3,6,-93
11:25:47,P6102,56a85f8f40c1bdb6ca45d29c08e7297ebd1a35bd939a58b34a9c52e7cffb2cb1,0,6,-81
11:25:47,P60 de Amelie,d8349cf775539e23d7dbc388085db520cfa15d136adda440ea0896fc710336af,3,6,-82
11:25:49,P60 de Amelie,d8349cf775539e23d7dbc388085db520cfa15d136adda440ea0896fc710336af,3,6,-89
11:25:51,P60 de Amelie,d8349cf775539e23d7dbc388085db520cfa15d136adda440ea0896fc710336af,3,6,-83
11:25:56,P6102,56a85f8f40c1bdb6ca45d29c08e7297ebd1a35bd939a58b34a9c52e7cffb2cb1,0,6,-78
11:25:58,P60 de Amelie,d8349cf775539e23d7dbc388085db520cfa15d136adda440ea0896fc710336af,3,6,-88
11:26:00,P60 de Amelie,d8349cf775539e23d7dbc388085db520cfa15d136adda440ea0896fc710336af,3,6,-87
11:26:05,P6102,56a85f8f40c1bdb6ca45d29c08e7297ebd1a35bd939a58b34a9c52e7cffb2cb1,0,6,-84
11:26:05,P60 de Amelie,d8349cf775539e23d7dbc388085db520cfa15d136adda440ea0896fc710336af,3,6,-91
11:26:07,P60 de Amelie,d8349cf775539e23d7dbc388085db520cfa15d136adda440ea0896fc710336af,3,6,-90
11:26:11,P6102,56a85f8f40c1bdb6ca45d29c08e7297ebd1a35bd939a58b34a9c52e7cffb2cb1,0,6,-83
11:26:11,P60 de Amelie,d8349cf775539e23d7dbc388085db520cfa15d136adda440ea0896fc710336af,3,6,-90
11:26:14,P6114,553d9df83f48fdb83bbca3d9b901be8ffdce4138d5f9cb02206b5e080983d637,3,4,-94
11:26:18,P6102,9d872d990106cbe08b55a9b0f1526b86bee4f8cfcb91be4498596e09091a4da3,0,1,-81
11:26:20,P6102,9d872d990106cbe08b55a9b0f1526b86bee4f8cfcb91be4498596e09091a4da3,0,1,-76
11:26:20,P6116,46d4ce7affc4035cd64fa69053ec0f61dcb367d3e9157e8f3098b2f6c4286cef,3,6,-93
11:26:22,P6102,9d872d990106cbe08b55a9b0f1526b86bee4f8cfcb91be4498596e09091a4da3,0,1,-67
11:26:24,P6102,9d872d990106cbe08b55a9b0f1526b86bee4f8cfcb91be4498596e09091a4da3,0,1,-54
11:26:26,P6102,9d872d990106cbe08b55a9b0f1526b86bee4f8cfcb91be4498596e09091a4da3,0,1,-65
11:26:27,P6102,9d872d990106cbe08b55a9b0f1526b86bee4f8cfcb91be4498596e09091a4da3,0,1,-70
11:26:29,P6102,9d872d990106cbe08b55a9b0f1526b86bee4f8cfcb91be4498596e09091a4da3,0,1,-67
11:26:31,P6102,9d872d990106cbe08b55a9b0f1526b86bee4f8cfcb91be4498596e09091a4da3,0,1,-62
11:26:33,P6102,9d872d990106cbe08b55a9b0f1526b86bee4f8cfcb91be4498596e09091a4da3,0,1,-61
11:26:35,P6102,9d872d990106cbe08b55a9b0f1526b86bee4f8cfcb91be4498596e09091a4da3,0,1,-62
11:26:37,P6102,9d872d990106cbe08b55a9b0f1526b86bee4f8cfcb91be4498596e09091a4da3,0,1,-62
11:26:38,P6102,9d872d990106cbe08b55a9b0f1526b86bee4f8cfcb91be4498596e09091a4da3,0,1,-62
11:26:38,P6102,adbd11643006f2545308906677c20b7d65310d31e4e5d302f63e1e6d94215e9d,0,11,-88
11:26:40,P6102,9d872d990106cbe08b55a9b0f1526b86bee4f8cfcb91be4498596e09091a4da3,0,1,-62
11:26:44,P6102,9d872d990106cbe08b55a9b0f1526b86bee4f8cfcb91be4498596e09091a4da3,0,1,-78
11:26:44,P6102,adbd11643006f2545308906677c20b7d65310d31e4e5d302f63e1e6d94215e9d,0,11,-87
11:26:46,P6102,9d872d990106cbe08b55a9b0f1526b86bee4f8cfcb91be4498596e09091a4da3,0,1,-66
11:26:48,P6102,9d872d990106cbe08b55a9b0f1526b86bee4f8cfcb91be4498596e09091a4da3,0,1,-67
11:26:50,P6102,9d872d990106cbe08b55a9b0f1526b86bee4f8cfcb91be4498596e09091a4da3,0,1,-66
11:26:53,P6102,9d872d990106cbe08b55a9b0f1526b86bee4f8cfcb91be4498596e09091a4da3,0,1,-69
11:26:55,P6102,9d872d990106cbe08b55a9b0f1526b86bee4f8cfcb91be4498596e09091a4da3,0,1,-71
11:26:57,P6102,9d872d990106cbe08b55a9b0f1526b86bee4f8cfcb91be4498596e09091a4da3,0,1,-64
11:27:02,P6102,9d872d990106cbe08b55a9b0f1526b86bee4f8cfcb91be4498596e09091a4da3,0,1,-59
11:27:06,P6102,adbd11643006f2545308906677c20b7d65310d31e4e5d302f63e1e6d94215e9d,0,11,-82
11:27:08,P6102,9d872d990106cbe08b55a9b0f1526b86bee4f8cfcb91be4498596e09091a4da3,0,1,-61
11:27:10,P6102,9d872d990106cbe08b55a9b0f1526b86bee4f8cfcb91be4498596e09091a4da3,0,1,-59
11:27:10,P6108,b4ee9533189a9af29a1f6f0acf949f4963fd20c3dcc6920dfac63c899471205b,3,3,-95
11:27:12,P6102,9d872d990106cbe08b55a9b0f1526b86bee4f8cfcb91be4498596e09091a4da3,0,1,-58
11:27:14,P6102,9d872d990106cbe08b55a9b0f1526b86bee4f8cfcb91be4498596e09091a4da3,0,1,-66
11:27:15,P6102,9d872d990106cbe08b55a9b0f1526b86bee4f8cfcb91be4498596e09091a4da3,0,1,-62
11:27:17,P6102,9d872d990106cbe08b55a9b0f1526b86bee4f8cfcb91be4498596e09091a4da3,0,1,-63
11:27:17,P6108,b4ee9533189a9af29a1f6f0acf949f4963fd20c3dcc6920dfac63c899471205b,3,3,-94
11:27:19,P6102,9d872d990106cbe08b55a9b0f1526b86bee4f8cfcb91be4498596e09091a4da3,0,1,-63
11:27:21,P6102,9d872d990106cbe08b55a9b0f1526b86bee4f8cfcb91be4498596e09091a4da3,0,1,-72
11:27:23,P6102,9d872d990106cbe08b55a9b0f1526b86bee4f8cfcb91be4498596e09091a4da3,0,1,-71
11:27:23,P6102,adbd11643006f2545308906677c20b7d65310d31e4e5d302f63e1e6d94215e9d,0,11,-82
11:27:25,P6102,9d872d990106cbe08b55a9b0f1526b86bee4f8cfcb91be4498596e09091a4da3,0,1,-67
11:27:25,P6112,aa3e7735f783a743d8fbbbd1b99da8ac4a3e1731e8c99e8695aa558083768872,3,3,-91
11:27:27,P6102,9d872d990106cbe08b55a9b0f1526b86bee4f8cfcb91be4498596e09091a4da3,0,1,-65
11:27:27,P6112,aa3e7735f783a743d8fbbbd1b99da8ac4a3e1731e8c99e8695aa558083768872,3,3,-92
11:27:30,P6108,b4ee9533189a9af29a1f6f0acf949f4963fd20c3dcc6920dfac63c899471205b,3,3,-95
11:27:32,P6102,9d872d990106cbe08b55a9b0f1526b86bee4f8cfcb91be4498596e09091a4da3,0,1,-71
11:27:34,P6102,9d872d990106cbe08b55a9b0f1526b86bee4f8cfcb91be4498596e09091a4da3,0,1,-68
11:27:34,P6110,f363ea144de74368dcb96e852562cc1da88e347b0a7a97e77a082c3d4b2440a3,3,6,-90
11:27:36,P6102,9d872d990106cbe08b55a9b0f1526b86bee4f8cfcb91be4498596e09091a4da3,0,1,-68
11:27:38,P6102,9d872d990106cbe08b55a9b0f1526b86bee4f8cfcb91be4498596e09091a4da3,0,1,-74
11:27:39,P6102,9d872d990106cbe08b55a9b0f1526b86bee4f8cfcb91be4498596e09091a4da3,0,1,-66
11:27:41,P6102,9d872d990106cbe08b55a9b0f1526b86bee4f8cfcb91be4498596e09091a4da3,0,1,-74
11:27:41,P6102,adbd11643006f2545308906677c20b7d65310d31e4e5d302f63e1e6d94215e9d,0,11,-77
11:27:41,P6112,aa3e7735f783a743d8fbbbd1b99da8ac4a3e1731e8c99e8695aa558083768872,3,3,-87
11:27:41,P6108,b4ee9533189a9af29a1f6f0acf949f4963fd20c3dcc6920dfac63c899471205b,3,3,-92
11:27:43,P6102,9d872d990106cbe08b55a9b0f1526b86bee4f8cfcb91be4498596e09091a4da3,0,1,-73
11:27:43,P6108,b4ee9533189a9af29a1f6f0acf949f4963fd20c3dcc6920dfac63c899471205b,3,3,-87
11:27:43,P6112,aa3e7735f783a743d8fbbbd1b99da8ac4a3e1731e8c99e8695aa558083768872,3,3,-89
11:27:45,P6102,adbd11643006f2545308906677c20b7d65310d31e4e5d302f63e1e6d94215e9d,0,11,-85
11:27:45,P6112,aa3e7735f783a743d8fbbbd1b99da8ac4a3e1731e8c99e8695aa558083768872,3,3,-89
11:27:47,P6108,b4ee9533189a9af29a1f6f0acf949f4963fd20c3dcc6920dfac63c899471205b,3,3,-91
11:27:49,P6102,9d872d990106cbe08b55a9b0f1526b86bee4f8cfcb91be4498596e09091a4da3,0,1,-76
11:27:49,P6108,b4ee9533189a9af29a1f6f0acf949f4963fd20c3dcc6920dfac63c899471205b,3,3,-88
11:27:51,P6102,9d872d990106cbe08b55a9b0f1526b86bee4f8cfcb91be4498596e09091a4da3,0,1,-78
11:27:51,P6112,aa3e7735f783a743d8fbbbd1b99da8ac4a3e1731e8c99e8695aa558083768872,3,3,-88
11:27:53,P6102,9d872d990106cbe08b55a9b0f1526b86bee4f8cfcb91be4498596e09091a4da3,0,1,-72
11:27:54,P6102,9d872d990106cbe08b55a9b0f1526b86bee4f8cfcb91be4498596e09091a4da3,0,1,-72
11:27:54,P6112,aa3e7735f783a743d8fbbbd1b99da8ac4a3e1731e8c99e8695aa558083768872,3,3,-89
11:27:56,P6108,b4ee9533189a9af29a1f6f0acf949f4963fd20c3dcc6920dfac63c899471205b,3,3,-90
11:27:58,P6102,9d872d990106cbe08b55a9b0f1526b86bee4f8cfcb91be4498596e09091a4da3,0,1,-74
11:27:58,P6108,b4ee9533189a9af29a1f6f0acf949f4963fd20c3dcc6920dfac63c899471205b,3,3,-88
11:28:00,P6112,aa3e7735f783a743d8fbbbd1b99da8ac4a3e1731e8c99e8695aa558083768872,3,3,-84
11:28:00,P6108,b4ee9533189a9af29a1f6f0acf949f4963fd20c3dcc6920dfac63c899471205b,3,3,-87
11:28:02,P6102,adbd11643006f2545308906677c20b7d65310d31e4e5d302f63e1e6d94215e9d,0,11,-76
11:28:02,P6110,f363ea144de74368dcb96e852562cc1da88e347b0a7a97e77a082c3d4b2440a3,3,6,-90
11:28:02,P6112,aa3e7735f783a743d8fbbbd1b99da8ac4a3e1731e8c99e8695aa558083768872,3,3,-91
11:28:02,P6108,b4ee9533189a9af29a1f6f0acf949f4963fd20c3dcc6920dfac63c899471205b,3,3,-92
11:28:04,P6110,f363ea144de74368dcb96e852562cc1da88e347b0a7a97e77a082c3d4b2440a3,3,6,-87
11:28:04,P6108,b4ee9533189a9af29a1f6f0acf949f4963fd20c3dcc6920dfac63c899471205b,3,3,-91
11:28:06,P6110,f363ea144de74368dcb96e852562cc1da88e347b0a7a97e77a082c3d4b2440a3,3,6,-89
11:28:06,P6102,d7541c6ab7daee05a25b8617871ab35665089c62c0af3b5c27b4a01e25693930,0,11,-90
11:28:08,P6110,f363ea144de74368dcb96e852562cc1da88e347b0a7a97e77a082c3d4b2440a3,3,6,-86
11:28:08,P6111,6e0410438a9cd8d546e27261e6ff09b85ccfff845c864f98abfaae4f6ddfa2a2,0,11,-91
11:28:08,P6108,b4ee9533189a9af29a1f6f0acf949f4963fd20c3dcc6920dfac63c899471205b,3,3,-92
11:28:09,P6110,f363ea144de74368dcb96e852562cc1da88e347b0a7a97e77a082c3d4b2440a3,3,6,-86
11:28:09,P6108,b4ee9533189a9af29a1f6f0acf949f4963fd20c3dcc6920dfac63c899471205b,3,3,-95
11:28:11,P6112,aa3e7735f783a743d8fbbbd1b99da8ac4a3e1731e8c99e8695aa558083768872,3,3,-87
11:28:11,P6110,f363ea144de74368dcb96e852562cc1da88e347b0a7a97e77a082c3d4b2440a3,3,6,-90
11:28:11,P6108,b4ee9533189a9af29a1f6f0acf949f4963fd20c3dcc6920dfac63c899471205b,3,3,-92
11:28:13,P6108,b4ee9533189a9af29a1f6f0acf949f4963fd20c3dcc6920dfac63c899471205b,3,3,-86
11:28:15,P6102,adbd11643006f2545308906677c20b7d65310d31e4e5d302f63e1e6d94215e9d,0,11,-76
11:28:15,P6108,b4ee9533189a9af29a1f6f0acf949f4963fd20c3dcc6920dfac63c899471205b,3,3,-86
11:28:17,P6108,b4ee9533189a9af29a1f6f0acf949f4963fd20c3dcc6920dfac63c899471205b,3,3,-83
11:28:19,P6102,9d872d990106cbe08b55a9b0f1526b86bee4f8cfcb91be4498596e09091a4da3,0,1,-64
11:28:21,P6102,9d872d990106cbe08b55a9b0f1526b86bee4f8cfcb91be4498596e09091a4da3,0,1,-71
11:28:21,P6108,b4ee9533189a9af29a1f6f0acf949f4963fd20c3dcc6920dfac63c899471205b,3,3,-96
11:28:22,P6102,9d872d990106cbe08b55a9b0f1526b86bee4f8cfcb91be4498596e09091a4da3,0,1,-63
11:28:24,P6102,9d872d990106cbe08b55a9b0f1526b86bee4f8cfcb91be4498596e09091a4da3,0,1,-56
11:28:26,P6102,9d872d990106cbe08b55a9b0f1526b86bee4f8cfcb91be4498596e09091a4da3,0,1,-58
11:28:26,P6108,b4ee9533189a9af29a1f6f0acf949f4963fd20c3dcc6920dfac63c899471205b,3,3,-90
11:28:28,P6102,9d872d990106cbe08b55a9b0f1526b86bee4f8cfcb91be4498596e09091a4da3,0,1,-61
11:28:28,P6114,553d9df83f48fdb83bbca3d9b901be8ffdce4138d5f9cb02206b5e080983d637,3,4,-90
11:28:28,P6102,9b2077243632d2c03ff16bc2ef65ba76ead624910c47aacd4c20496fda9ee837,0,11,-90
11:28:30,P6102,9d872d990106cbe08b55a9b0f1526b86bee4f8cfcb91be4498596e09091a4da3,0,1,-73
11:28:30,P6116,46d4ce7affc4035cd64fa69053ec0f61dcb367d3e9157e8f3098b2f6c4286cef,3,6,-90
11:28:32,P60 de Amelie,d8349cf775539e23d7dbc388085db520cfa15d136adda440ea0896fc710336af,3,6,-92
11:28:34,P60 de Amelie,d8349cf775539e23d7dbc388085db520cfa15d136adda440ea0896fc710336af,3,6,-92
11:28:39,P6102,56a85f8f40c1bdb6ca45d29c08e7297ebd1a35bd939a58b34a9c52e7cffb2cb1,0,6,-83
11:28:43,P60 de Amelie,d8349cf775539e23d7dbc388085db520cfa15d136adda440ea0896fc710336af,3,6,-80
11:28:43,P6102,56a85f8f40c1bdb6ca45d29c08e7297ebd1a35bd939a58b34a9c52e7cffb2cb1,0,6,-85
11:28:45,P60 de Amelie,d8349cf775539e23d7dbc388085db520cfa15d136adda440ea0896fc710336af,3,6,-93
11:28:48,P6102,56a85f8f40c1bdb6ca45d29c08e7297ebd1a35bd939a58b34a9c52e7cffb2cb1,0,6,-86
11:28:52,P6102,56a85f8f40c1bdb6ca45d29c08e7297ebd1a35bd939a58b34a9c52e7cffb2cb1,0,6,-86
11:28:54,P6102,56a85f8f40c1bdb6ca45d29c08e7297ebd1a35bd939a58b34a9c52e7cffb2cb1,0,6,-87
11:28:56,P6102,56a85f8f40c1bdb6ca45d29c08e7297ebd1a35bd939a58b34a9c52e7cffb2cb1,0,6,-85
11:28:59,P6102,56a85f8f40c1bdb6ca45d29c08e7297ebd1a35bd939a58b34a9c52e7cffb2cb1,0,6,-83
11:29:01,P6102,56a85f8f40c1bdb6ca45d29c08e7297ebd1a35bd939a58b34a9c52e7cffb2cb1,0,6,-81
11:29:03,P60 de Amelie,d8349cf775539e23d7dbc388085db520cfa15d136adda440ea0896fc710336af,3,6,-91
11:29:07,P60 de Amelie,d8349cf775539e23d7dbc388085db520cfa15d136adda440ea0896fc710336af,3,6,-91
11:29:09,P6102,56a85f8f40c1bdb6ca45d29c08e7297ebd1a35bd939a58b34a9c52e7cffb2cb1,0,6,-83
11:29:09,P60 de Amelie,d8349cf775539e23d7dbc388085db520cfa15d136adda440ea0896fc710336af,3,6,-87
11:29:11,P60 de Amelie,d8349cf775539e23d7dbc388085db520cfa15d136adda440ea0896fc710336af,3,6,-90
11:29:16,P60 de Amelie,d8349cf775539e23d7dbc388085db520cfa15d136adda440ea0896fc710336af,3,6,-91
11:29:18,P6102,56a85f8f40c1bdb6ca45d29c08e7297ebd1a35bd939a58b34a9c52e7cffb2cb1,0,6,-83
11:29:20,P6102,56a85f8f40c1bdb6ca45d29c08e7297ebd1a35bd939a58b34a9c52e7cffb2cb1,0,6,-82
11:29:20,P60 de Amelie,d8349cf775539e23d7dbc388085db520cfa15d136adda440ea0896fc710336af,3,6,-92
11:29:29,P6102,9b2077243632d2c03ff16bc2ef65ba76ead624910c47aacd4c20496fda9ee837,0,11,-60
11:29:31,P6102,9b2077243632d2c03ff16bc2ef65ba76ead624910c47aacd4c20496fda9ee837,0,11,-59
11:29:34,P6102,9b2077243632d2c03ff16bc2ef65ba76ead624910c47aacd4c20496fda9ee837,0,11,-59
11:29:36,P6102,9b2077243632d2c03ff16bc2ef65ba76ead624910c47aacd4c20496fda9ee837,0,11,-65
11:29:38,P6102,9b2077243632d2c03ff16bc2ef65ba76ead624910c47aacd4c20496fda9ee837,0,11,-80
11:29:38,P60 de Amelie,d8349cf775539e23d7dbc388085db520cfa15d136adda440ea0896fc710336af,3,6,-88
11:29:42,P60 de Amelie,d8349cf775539e23d7dbc388085db520cfa15d136adda440ea0896fc710336af,3,6,-93
11:29:44,P60 de Amelie,d8349cf775539e23d7dbc388085db520cfa15d136adda440ea0896fc710336af,3,6,-90
11:29:45,P60 de Amelie,d8349cf775539e23d7dbc388085db520cfa15d136adda440ea0896fc710336af,3,6,-90
11:29:51,P6102,9b2077243632d2c03ff16bc2ef65ba76ead624910c47aacd4c20496fda9ee837,0,11,-69
11:29:53,P6102,9b2077243632d2c03ff16bc2ef65ba76ead624910c47aacd4c20496fda9ee837,0,11,-62
11:29:53,P60 de Amelie,d8349cf775539e23d7dbc388085db520cfa15d136adda440ea0896fc710336af,3,6,-89
11:29:57,P6102,9b2077243632d2c03ff16bc2ef65ba76ead624910c47aacd4c20496fda9ee837,0,11,-60
11:30:00,P6102,9b2077243632d2c03ff16bc2ef65ba76ead624910c47aacd4c20496fda9ee837,0,11,-72
11:30:00,P60 de Amelie,d8349cf775539e23d7dbc388085db520cfa15d136adda440ea0896fc710336af,3,6,-93
11:30:04,P6102,9b2077243632d2c03ff16bc2ef65ba76ead624910c47aacd4c20496fda9ee837,0,11,-60
11:30:06,P6102,9b2077243632d2c03ff16bc2ef65ba76ead624910c47aacd4c20496fda9ee837,0,11,-59
11:30:09,P6102,9b2077243632d2c03ff16bc2ef65ba76ead624910c47aacd4c20496fda9ee837,0,11,-59
11:30:09,P60 de Amelie,d8349cf775539e23d7dbc388085db520cfa15d136adda440ea0896fc710336af,3,6,-92
11:30:13,P6102,9b2077243632d2c03ff16bc2ef65ba76ead624910c47aacd4c20496fda9ee837,0,11,-58
11:30:15,P6102,9b2077243632d2c03ff16bc2ef65ba76ead624910c47aacd4c20496fda9ee837,0,11,-57
11:30:19,P6102,9b2077243632d2c03ff16bc2ef65ba76ead624910c47aacd4c20496fda9ee837,0,11,-63
11:30:20,P6102,9b2077243632d2c03ff16bc2ef65ba76ead624910c47aacd4c20496fda9ee837,0,11,-64
11:30:20,P60 de Amelie,d8349cf775539e23d7dbc388085db520cfa15d136adda440ea0896fc710336af,3,6,-90
11:30:24,P6102,9b2077243632d2c03ff16bc2ef65ba76ead624910c47aacd4c20496fda9ee837,0,11,-59
11:30:26,P6102,9b2077243632d2c03ff16bc2ef65ba76ead624910c47aacd4c20496fda9ee837,0,11,-61
11:30:26,P60 de Amelie,d8349cf775539e23d7dbc388085db520cfa15d136adda440ea0896fc710336af,3,6,-92
11:30:28,P6102,56a85f8f40c1bdb6ca45d29c08e7297ebd1a35bd939a58b34a9c52e7cffb2cb1,0,6,-81
11:30:30,P6102,56a85f8f40c1bdb6ca45d29c08e7297ebd1a35bd939a58b34a9c52e7cffb2cb1,0,6,-90
11:30:32,P6102,56a85f8f40c1bdb6ca45d29c08e7297ebd1a35bd939a58b34a9c52e7cffb2cb1,0,6,-84
11:30:32,P60 de Amelie,d8349cf775539e23d7dbc388085db520cfa15d136adda440ea0896fc710336af,3,6,-90
11:30:35,P6102,56a85f8f40c1bdb6ca45d29c08e7297ebd1a35bd939a58b34a9c52e7cffb2cb1,0,6,-84
11:30:35,P60 de Amelie,d8349cf775539e23d7dbc388085db520cfa15d136adda440ea0896fc710336af,3,6,-92
11:30:37,P60 de Amelie,d8349cf775539e23d7dbc388085db520cfa15d136adda440ea0896fc710336af,3,6,-89
11:30:41,P60 de Amelie,d8349cf775539e23d7dbc388085db520cfa15d136adda440ea0896fc710336af,3,6,-92
11:30:43,P60 de Amelie,d8349cf775539e23d7dbc388085db520cfa15d136adda440ea0896fc710336af,3,6,-87
11:30:48,P6102,56a85f8f40c1bdb6ca45d29c08e7297ebd1a35bd939a58b34a9c52e7cffb2cb1,0,6,-91
11:30:50,P6102,56a85f8f40c1bdb6ca45d29c08e7297ebd1a35bd939a58b34a9c52e7cffb2cb1,0,6,-86
11:30:52,P60 de Amelie,d8349cf775539e23d7dbc388085db520cfa15d136adda440ea0896fc710336af,3,6,-91
11:30:56,P6102,56a85f8f40c1bdb6ca45d29c08e7297ebd1a35bd939a58b34a9c52e7cffb2cb1,0,6,-83
11:30:57,P6102,56a85f8f40c1bdb6ca45d29c08e7297ebd1a35bd939a58b34a9c52e7cffb2cb1,0,6,-82
11:30:57,P60 de Amelie,d8349cf775539e23d7dbc388085db520cfa15d136adda440ea0896fc710336af,3,6,-87
11:30:59,P60 de Amelie,d8349cf775539e23d7dbc388085db520cfa15d136adda440ea0896fc710336af,3,6,-86
11:31:05,P6102,56a85f8f40c1bdb6ca45d29c08e7297ebd1a35bd939a58b34a9c52e7cffb2cb1,0,6,-86
11:31:07,P6102,56a85f8f40c1bdb6ca45d29c08e7297ebd1a35bd939a58b34a9c52e7cffb2cb1,0,6,-87
11:31:07,P60 de Amelie,d8349cf775539e23d7dbc388085db520cfa15d136adda440ea0896fc710336af,3,6,-90
11:31:08,P60 de Amelie,d8349cf775539e23d7dbc388085db520cfa15d136adda440ea0896fc710336af,3,6,-92
11:31:10,P6102,9b2077243632d2c03ff16bc2ef65ba76ead624910c47aacd4c20496fda9ee837,0,11,-57
11:31:10,P60 de Amelie,d8349cf775539e23d7dbc388085db520cfa15d136adda440ea0896fc710336af,3,6,-90
11:31:12,P6102,9b2077243632d2c03ff16bc2ef65ba76ead624910c47aacd4c20496fda9ee837,0,11,-62
11:31:14,P6102,9b2077243632d2c03ff16bc2ef65ba76ead624910c47aacd4c20496fda9ee837,0,11,-57
11:31:16,P6102,9b2077243632d2c03ff16bc2ef65ba76ead624910c47aacd4c20496fda9ee837,0,11,-56
11:31:20,P6102,9b2077243632d2c03ff16bc2ef65ba76ead624910c47aacd4c20496fda9ee837,0,11,-57
11:31:20,P60 de Amelie,d8349cf775539e23d7dbc388085db520cfa15d136adda440ea0896fc710336af,3,6,-89
11:31:21,P60 de Amelie,d8349cf775539e23d7dbc388085db520cfa15d136adda440ea0896fc710336af,3,6,-87
11:31:25,P6102,9b2077243632d2c03ff16bc2ef65ba76ead624910c47aacd4c20496fda9ee837,0,11,-56
11:31:29,P6102,9b2077243632d2c03ff16bc2ef65ba76ead624910c47aacd4c20496fda9ee837,0,11,-58
11:31:29,P60 de Amelie,d8349cf775539e23d7dbc388085db520cfa15d136adda440ea0896fc710336af,3,6,-87
11:31:32,P6102,9b2077243632d2c03ff16bc2ef65ba76ead624910c47aacd4c20496fda9ee837,0,11,-67
11:31:34,P60 de Amelie,d8349cf775539e23d7dbc388085db520cfa15d136adda440ea0896fc710336af,3,6,-84
11:31:38,P6102,9b2077243632d2c03ff16bc2ef65ba76ead624910c47aacd4c20496fda9ee837,0,11,-56
11:31:40,P6102,9b2077243632d2c03ff16bc2ef65ba76ead624910c47aacd4c20496fda9ee837,0,11,-59
11:31:43,P6102,9b2077243632d2c03ff16bc2ef65ba76ead624910c47aacd4c20496fda9ee837,0,11,-60
11:31:45,P6102,9b2077243632d2c03ff16bc2ef65ba76ead624910c47aacd4c20496fda9ee837,0,11,-62
11:31:45,P60 de Amelie,d8349cf775539e23d7dbc388085db520cfa15d136adda440ea0896fc710336af,3,6,-89
11:31:47,P60 de Amelie,d8349cf775539e23d7dbc388085db520cfa15d136adda440ea0896fc710336af,3,6,-88
11:31:49,P60 de Amelie,d8349cf775539e23d7dbc388085db520cfa15d136adda440ea0896fc710336af,3,6,-91
11:31:51,P6102,56a85f8f40c1bdb6ca45d29c08e7297ebd1a35bd939a58b34a9c52e7cffb2cb1,0,6,-87
11:31:53,P60 de Amelie,d8349cf775539e23d7dbc388085db520cfa15d136adda440ea0896fc710336af,3,6,-90
11:31:55,P6102,56a85f8f40c1bdb6ca45d29c08e7297ebd1a35bd939a58b34a9c52e7cffb2cb1,0,6,-84
11:31:55,P60 de Amelie,d8349cf775539e23d7dbc388085db520cfa15d136adda440ea0896fc710336af,3,6,-91
11:32:02,P60 de Amelie,d8349cf775539e23d7dbc388085db520cfa15d136adda440ea0896fc710336af,3,6,-92
11:32:06,P6102,9b2077243632d2c03ff16bc2ef65ba76ead624910c47aacd4c20496fda9ee837,0,11,-57
11:32:06,P60 de Amelie,d8349cf775539e23d7dbc388085db520cfa15d136adda440ea0896fc710336af,3,6,-88
11:32:09,P60 de Amelie,d8349cf775539e23d7dbc388085db520cfa15d136adda440ea0896fc710336af,3,6,-84
11:32:13,P6102,9b2077243632d2c03ff16bc2ef65ba76ead624910c47aacd4c20496fda9ee837,0,11,-58
11:32:13,P60 de Amelie,d8349cf775539e23d7dbc388085db520cfa15d136adda440ea0896fc710336af,3,6,-85
11:32:18,P6102,9b2077243632d2c03ff16bc2ef65ba76ead624910c47aacd4c20496fda9ee837,0,11,-55
11:32:20,P6102,9b2077243632d2c03ff16bc2ef65ba76ead624910c47aacd4c20496fda9ee837,0,11,-55
11:32:22,P6102,9b2077243632d2c03ff16bc2ef65ba76ead624910c47aacd4c20496fda9ee837,0,11,-55
11:32:24,P6102,9b2077243632d2c03ff16bc2ef65ba76ead624910c47aacd4c20496fda9ee837,0,11,-64
11:32:28,P6102,9b2077243632d2c03ff16bc2ef65ba76ead624910c47aacd4c20496fda9ee837,0,11,-67
11:32:30,P6102,9b2077243632d2c03ff16bc2ef65ba76ead624910c47aacd4c20496fda9ee837,0,11,-70
11:32:31,P60 de Amelie,d8349cf775539e23d7dbc388085db520cfa15d136adda440ea0896fc710336af,3,6,-88
11:32:35,P6102,9b2077243632d2c03ff16bc2ef65ba76ead624910c47aacd4c20496fda9ee837,0,11,-58
11:32:37,P6102,9b2077243632d2c03ff16bc2ef65ba76ead624910c47aacd4c20496fda9ee837,0,11,-58
11:32:39,P60 de Amelie,d8349cf775539e23d7dbc388085db520cfa15d136adda440ea0896fc710336af,3,6,-92
11:32:42,P6102,9b2077243632d2c03ff16bc2ef65ba76ead624910c47aacd4c20496fda9ee837,0,11,-58
11:32:46,P6102,9b2077243632d2c03ff16bc2ef65ba76ead624910c47aacd4c20496fda9ee837,0,11,-69
11:32:48,P6102,9b2077243632d2c03ff16bc2ef65ba76ead624910c47aacd4c20496fda9ee837,0,11,-64
11:32:50,P6102,9b2077243632d2c03ff16bc2ef65ba76ead624910c47aacd4c20496fda9ee837,0,11,-65
11:32:54,P6102,9b2077243632d2c03ff16bc2ef65ba76ead624910c47aacd4c20496fda9ee837,0,11,-63
11:32:55,P6102,9b2077243632d2c03ff16bc2ef65ba76ead624910c47aacd4c20496fda9ee837,0,11,-64
11:32:57,P6102,9b2077243632d2c03ff16bc2ef65ba76ead624910c47aacd4c20496fda9ee837,0,11,-65
11:32:59,P6102,9b2077243632d2c03ff16bc2ef65ba76ead624910c47aacd4c20496fda9ee837,0,11,-58
11:33:03,P6102,9b2077243632d2c03ff16bc2ef65ba76ead624910c47aacd4c20496fda9ee837,0,11,-62
11:33:05,P6102,9b2077243632d2c03ff16bc2ef65ba76ead624910c47aacd4c20496fda9ee837,0,11,-61
11:33:08,P6102,9b2077243632d2c03ff16bc2ef65ba76ead624910c47aacd4c20496fda9ee837,0,11,-62
11:33:10,P6102,9b2077243632d2c03ff16bc2ef65ba76ead624910c47aacd4c20496fda9ee837,0,11,-62
11:33:12,P6102,9b2077243632d2c03ff16bc2ef65ba76ead624910c47aacd4c20496fda9ee837,0,11,-63
11:33:14,P6102,9b2077243632d2c03ff16bc2ef65ba76ead624910c47aacd4c20496fda9ee837,0,11,-59
11:33:18,P6102,9b2077243632d2c03ff16bc2ef65ba76ead624910c47aacd4c20496fda9ee837,0,11,-62
11:33:19,P6102,9b2077243632d2c03ff16bc2ef65ba76ead624910c47aacd4c20496fda9ee837,0,11,-64
11:33:21,P6102,9b2077243632d2c03ff16bc2ef65ba76ead624910c47aacd4c20496fda9ee837,0,11,-63
11:33:25,P6102,9b2077243632d2c03ff16bc2ef65ba76ead624910c47aacd4c20496fda9ee837,0,11,-67
11:33:27,P6102,9b2077243632d2c03ff16bc2ef65ba76ead624910c47aacd4c20496fda9ee837,0,11,-65
11:33:30,P6102,9b2077243632d2c03ff16bc2ef65ba76ead624910c47aacd4c20496fda9ee837,0,11,-66
11:33:32,P6102,9b2077243632d2c03ff16bc2ef65ba76ead624910c47aacd4c20496fda9ee837,0,11,-66
11:33:34,P6102,9b2077243632d2c03ff16bc2ef65ba76ead624910c47aacd4c20496fda9ee837,0,11,-65
11:33:38,P6102,9b2077243632d2c03ff16bc2ef65ba76ead624910c47aacd4c20496fda9ee837,0,11,-64
11:33:40,P6102,9b2077243632d2c03ff16bc2ef65ba76ead624910c47aacd4c20496fda9ee837,0,11,-62
11:33:41,P6102,9b2077243632d2c03ff16bc2ef65ba76ead624910c47aacd4c20496fda9ee837,0,11,-58
11:33:43,P6102,9b2077243632d2c03ff16bc2ef65ba76ead624910c47aacd4c20496fda9ee837,0,11,-60
11:33:45,P6102,9b2077243632d2c03ff16bc2ef65ba76ead624910c47aacd4c20496fda9ee837,0,11,-60
11:33:47,P6102,9b2077243632d2c03ff16bc2ef65ba76ead624910c47aacd4c20496fda9ee837,0,11,-59
11:33:49,P6102,9b2077243632d2c03ff16bc2ef65ba76ead624910c47aacd4c20496fda9ee837,0,11,-59
11:33:49,P6102,56a85f8f40c1bdb6ca45d29c08e7297ebd1a35bd939a58b34a9c52e7cffb2cb1,0,6,-84
11:33:51,P6102,9b2077243632d2c03ff16bc2ef65ba76ead624910c47aacd4c20496fda9ee837,0,11,-62
11:33:53,P6102,9b2077243632d2c03ff16bc2ef65ba76ead624910c47aacd4c20496fda9ee837,0,11,-60
11:33:54,P6102,9b2077243632d2c03ff16bc2ef65ba76ead624910c47aacd4c20496fda9ee837,0,11,-60
11:33:56,P6102,9b2077243632d2c03ff16bc2ef65ba76ead624910c47aacd4c20496fda9ee837,0,11,-62
11:33:58,P6102,9b2077243632d2c03ff16bc2ef65ba76ead624910c47aacd4c20496fda9ee837,0,11,-58
11:34:00,P6102,9b2077243632d2c03ff16bc2ef65ba76ead624910c47aacd4c20496fda9ee837,0,11,-59
11:34:02,P6102,9b2077243632d2c03ff16bc2ef65ba76ead624910c47aacd4c20496fda9ee837,0,11,-59
11:34:04,P6102,9b2077243632d2c03ff16bc2ef65ba76ead624910c47aacd4c20496fda9ee837,0,11,-54
11:34:06,P6102,9b2077243632d2c03ff16bc2ef65ba76ead624910c47aacd4c20496fda9ee837,0,11,-62
11:34:07,P6102,9b2077243632d2c03ff16bc2ef65ba76ead624910c47aacd4c20496fda9ee837,0,11,-60
11:34:09,P6102,9b2077243632d2c03ff16bc2ef65ba76ead624910c47aacd4c20496fda9ee837,0,11,-60
11:34:15,P6102,56a85f8f40c1bdb6ca45d29c08e7297ebd1a35bd939a58b34a9c52e7cffb2cb1,0,6,-86
11:34:17,P6102,9b2077243632d2c03ff16bc2ef65ba76ead624910c47aacd4c20496fda9ee837,0,11,-61
11:34:18,P6102,9b2077243632d2c03ff16bc2ef65ba76ead624910c47aacd4c20496fda9ee837,0,11,-60
11:34:20,P6102,9b2077243632d2c03ff16bc2ef65ba76ead624910c47aacd4c20496fda9ee837,0,11,-60
11:34:22,P6102,9b2077243632d2c03ff16bc2ef65ba76ead624910c47aacd4c20496fda9ee837,0,11,-62
11:34:22,P6102,56a85f8f40c1bdb6ca45d29c08e7297ebd1a35bd939a58b34a9c52e7cffb2cb1,0,6,-83
11:34:28,P6102,9b2077243632d2c03ff16bc2ef65ba76ead624910c47aacd4c20496fda9ee837,0,11,-54
11:34:29,P6102,9b2077243632d2c03ff16bc2ef65ba76ead624910c47aacd4c20496fda9ee837,0,11,-56
11:34:29,P6102,56a85f8f40c1bdb6ca45d29c08e7297ebd1a35bd939a58b34a9c52e7cffb2cb1,0,6,-83
11:34:31,P6102,9b2077243632d2c03ff16bc2ef65ba76ead624910c47aacd4c20496fda9ee837,0,11,-56
11:34:31,P6102,56a85f8f40c1bdb6ca45d29c08e7297ebd1a35bd939a58b34a9c52e7cffb2cb1,0,6,-83
11:34:33,P6102,9b2077243632d2c03ff16bc2ef65ba76ead624910c47aacd4c20496fda9ee837,0,11,-57
11:34:35,P6102,9b2077243632d2c03ff16bc2ef65ba76ead624910c47aacd4c20496fda9ee837,0,11,-57
11:34:37,P6102,9b2077243632d2c03ff16bc2ef65ba76ead624910c47aacd4c20496fda9ee837,0,11,-58
11:34:39,P6102,9b2077243632d2c03ff16bc2ef65ba76ead624910c47aacd4c20496fda9ee837,0,11,-57
11:34:41,P6102,9b2077243632d2c03ff16bc2ef65ba76ead624910c47aacd4c20496fda9ee837,0,11,-56
11:34:46,P6102,56a85f8f40c1bdb6ca45d29c08e7297ebd1a35bd939a58b34a9c52e7cffb2cb1,0,6,-88
11:34:53,P6102,9d872d990106cbe08b55a9b0f1526b86bee4f8cfcb91be4498596e09091a4da3,0,1,-74
11:34:53,P6102,9b2077243632d2c03ff16bc2ef65ba76ead624910c47aacd4c20496fda9ee837,0,11,-86
11:34:57,P6102,9d872d990106cbe08b55a9b0f1526b86bee4f8cfcb91be4498596e09091a4da3,0,1,-61
11:34:59,P6102,9d872d990106cbe08b55a9b0f1526b86bee4f8cfcb91be4498596e09091a4da3,0,1,-54
11:35:01,P6102,adbd11643006f2545308906677c20b7d65310d31e4e5d302f63e1e6d94215e9d,0,11,-87
11:35:03,P6102,adbd11643006f2545308906677c20b7d65310d31e4e5d302f63e1e6d94215e9d,0,11,-89
11:35:05,P6102,9d872d990106cbe08b55a9b0f1526b86bee4f8cfcb91be4498596e09091a4da3,0,1,-64
11:35:05,P6102,adbd11643006f2545308906677c20b7d65310d31e4e5d302f63e1e6d94215e9d,0,11,-87
11:35:10,P6102,9d872d990106cbe08b55a9b0f1526b86bee4f8cfcb91be4498596e09091a4da3,0,1,-64
11:35:10,P6102,adbd11643006f2545308906677c20b7d65310d31e4e5d302f63e1e6d94215e9d,0,11,-81
11:35:10,P6108,b4ee9533189a9af29a1f6f0acf949f4963fd20c3dcc6920dfac63c899471205b,3,3,-93
11:35:12,P6102,9d872d990106cbe08b55a9b0f1526b86bee4f8cfcb91be4498596e09091a4da3,0,1,-64
11:35:14,P6102,9d872d990106cbe08b55a9b0f1526b86bee4f8cfcb91be4498596e09091a4da3,0,1,-64
11:35:18,P6108,b4ee9533189a9af29a1f6f0acf949f4963fd20c3dcc6920dfac63c899471205b,3,3,-94
11:35:21,P6108,b4ee9533189a9af29a1f6f0acf949f4963fd20c3dcc6920dfac63c899471205b,3,3,-93
11:35:23,P6108,b4ee9533189a9af29a1f6f0acf949f4963fd20c3dcc6920dfac63c899471205b,3,3,-92
11:35:28,P6102,adbd11643006f2545308906677c20b7d65310d31e4e5d302f63e1e6d94215e9d,0,11,-81
11:35:30,P6102,adbd11643006f2545308906677c20b7d65310d31e4e5d302f63e1e6d94215e9d,0,11,-79
11:35:34,P6102,adbd11643006f2545308906677c20b7d65310d31e4e5d302f63e1e6d94215e9d,0,11,-81
11:35:36,P6102,adbd11643006f2545308906677c20b7d65310d31e4e5d302f63e1e6d94215e9d,0,11,-82
11:35:36,P6108,b4ee9533189a9af29a1f6f0acf949f4963fd20c3dcc6920dfac63c899471205b,3,3,-93
11:35:38,P6108,b4ee9533189a9af29a1f6f0acf949f4963fd20c3dcc6920dfac63c899471205b,3,3,-85
11:35:40,P6102,adbd11643006f2545308906677c20b7d65310d31e4e5d302f63e1e6d94215e9d,0,11,-70
11:35:40,P6108,b4ee9533189a9af29a1f6f0acf949f4963fd20c3dcc6920dfac63c899471205b,3,3,-82
11:35:40,P6112,aa3e7735f783a743d8fbbbd1b99da8ac4a3e1731e8c99e8695aa558083768872,3,3,-88
11:35:42,P694,56c81edeaa3c360ba1e3f4c3c448f1fbb426d9db8eb236e73659e8609ea17e0c,5,1,-87
11:35:42,P695,b8120161ec68e547c1b6720a4388aa1656d03f3f2fc79bac1c594be83d28f755,0,1,-89
11:35:42,P6111,6e0410438a9cd8d546e27261e6ff09b85ccfff845c864f98abfaae4f6ddfa2a2,0,11,-92
11:35:43,P6102,adbd11643006f2545308906677c20b7d65310d31e4e5d302f63e1e6d94215e9d,0,11,-58
11:35:43,P6108,b4ee9533189a9af29a1f6f0acf949f4963fd20c3dcc6920dfac63c899471205b,3,3,-85
11:35:43,P6112,aa3e7735f783a743d8fbbbd1b99da8ac4a3e1731e8c99e8695aa558083768872,3,3,-87
11:35:45,P6102,adbd11643006f2545308906677c20b7d65310d31e4e5d302f63e1e6d94215e9d,0,11,-63
11:35:45,P6106,74b91f975c116ce5fde21a19cd2ce2181a22295500722d1a80a0621348da4e6e,3,1,-87
11:35:45,P6112,aa3e7735f783a743d8fbbbd1b99da8ac4a3e1731e8c99e8695aa558083768872,3,3,-91
11:35:45,P6108,b4ee9533189a9af29a1f6f0acf949f4963fd20c3dcc6920dfac63c899471205b,3,3,-93
11:35:47,P695,b8120161ec68e547c1b6720a4388aa1656d03f3f2fc79bac1c594be83d28f755,0,1,-84
11:35:47,P694,56c81edeaa3c360ba1e3f4c3c448f1fbb426d9db8eb236e73659e8609ea17e0c,5,1,-84
11:35:47,P6106,74b91f975c116ce5fde21a19cd2ce2181a22295500722d1a80a0621348da4e6e,3,1,-85
11:35:49,P695,b8120161ec68e547c1b6720a4388aa1656d03f3f2fc79bac1c594be83d28f755,0,1,-85
11:35:49,P694,56c81edeaa3c360ba1e3f4c3c448f1fbb426d9db8eb236e73659e8609ea17e0c,5,1,-85
11:35:49,P6106,74b91f975c116ce5fde21a19cd2ce2181a22295500722d1a80a0621348da4e6e,3,1,-85
11:35:51,P6102,adbd11643006f2545308906677c20b7d65310d31e4e5d302f63e1e6d94215e9d,0,11,-74
11:35:51,P695,b8120161ec68e547c1b6720a4388aa1656d03f3f2fc79bac1c594be83d28f755,0,1,-90
11:35:51,P694,56c81edeaa3c360ba1e3f4c3c448f1fbb426d9db8eb236e73659e8609ea17e0c,5,1,-90
11:35:51,P6106,74b91f975c116ce5fde21a19cd2ce2181a22295500722d1a80a0621348da4e6e,3,1,-90
11:35:51,P6108,b4ee9533189a9af29a1f6f0acf949f4963fd20c3dcc6920dfac63c899471205b,3,3,-92
11:35:53,P6102,adbd11643006f2545308906677c20b7d65310d31e4e5d302f63e1e6d94215e9d,0,11,-78
11:35:53,P695,b8120161ec68e547c1b6720a4388aa1656d03f3f2fc79bac1c594be83d28f755,0,1,-87
11:35:53,P694,56c81edeaa3c360ba1e3f4c3c448f1fbb426d9db8eb236e73659e8609ea17e0c,5,1,-87
11:35:53,P6112,aa3e7735f783a743d8fbbbd1b99da8ac4a3e1731e8c99e8695aa558083768872,3,3,-91
11:35:57,P6102,51d1e71cf4be94b1ed34331c131a1e0c342b7b0d6742caf821b02a5c643dc711,0,1,-81
11:35:57,P695,b8120161ec68e547c1b6720a4388aa1656d03f3f2fc79bac1c594be83d28f755,0,1,-89
11:35:57,P694,56c81edeaa3c360ba1e3f4c3c448f1fbb426d9db8eb236e73659e8609ea17e0c,5,1,-93
11:35:57,P6106,74b91f975c116ce5fde21a19cd2ce2181a22295500722d1a80a0621348da4e6e,3,1,-93
11:35:59,P6102,51d1e71cf4be94b1ed34331c131a1e0c342b7b0d6742caf821b02a5c643dc711,0,1,-83
11:36:00,P6102,51d1e71cf4be94b1ed34331c131a1e0c342b7b0d6742caf821b02a5c643dc711,0,1,-86
11:36:02,P6102,51d1e71cf4be94b1ed34331c131a1e0c342b7b0d6742caf821b02a5c643dc711,0,1,-85
11:36:04,P6102,51d1e71cf4be94b1ed34331c131a1e0c342b7b0d6742caf821b02a5c643dc711,0,1,-81
11:36:06,P6102,51d1e71cf4be94b1ed34331c131a1e0c342b7b0d6742caf821b02a5c643dc711,0,1,-82
11:36:10,P695,85b696fe7473ccff8df64f46ff925c4216b492520a3d7031d4560be000699b02,0,11,-94
11:36:10,P694,68374482f7a2c18712b3946dc5664d20afb11221c34b067abdd81859978dabe7,5,11,-94
11:36:11,P6102,51d1e71cf4be94b1ed34331c131a1e0c342b7b0d6742caf821b02a5c643dc711,0,1,-84
11:36:15,P6102,51d1e71cf4be94b1ed34331c131a1e0c342b7b0d6742caf821b02a5c643dc711,0,1,-86
11:36:19,P6102,51d1e71cf4be94b1ed34331c131a1e0c342b7b0d6742caf821b02a5c643dc711,0,1,-83
11:36:23,P6102,56a85f8f40c1bdb6ca45d29c08e7297ebd1a35bd939a58b34a9c52e7cffb2cb1,0,6,-90
11:36:23,P695,b8120161ec68e547c1b6720a4388aa1656d03f3f2fc79bac1c594be83d28f755,0,1,-93
11:36:23,P694,56c81edeaa3c360ba1e3f4c3c448f1fbb426d9db8eb236e73659e8609ea17e0c,5,1,-93
11:36:24,P6102,51d1e71cf4be94b1ed34331c131a1e0c342b7b0d6742caf821b02a5c643dc711,0,1,-80
11:36:26,P6102,51d1e71cf4be94b1ed34331c131a1e0c342b7b0d6742caf821b02a5c643dc711,0,1,-83
11:36:30,P6102,adbd11643006f2545308906677c20b7d65310d31e4e5d302f63e1e6d94215e9d,0,11,-67
11:36:30,P6102,51d1e71cf4be94b1ed34331c131a1e0c342b7b0d6742caf821b02a5c643dc711,0,1,-80
11:36:32,P6102,adbd11643006f2545308906677c20b7d65310d31e4e5d302f63e1e6d94215e9d,0,11,-68
11:36:34,P6102,adbd11643006f2545308906677c20b7d65310d31e4e5d302f63e1e6d94215e9d,0,11,-68
11:36:35,P6102,adbd11643006f2545308906677c20b7d65310d31e4e5d302f63e1e6d94215e9d,0,11,-69
11:36:37,P6102,adbd11643006f2545308906677c20b7d65310d31e4e5d302f63e1e6d94215e9d,0,11,-67
11:36:39,P6102,adbd11643006f2545308906677c20b7d65310d31e4e5d302f63e1e6d94215e9d,0,11,-82
11:36:43,P6102,adbd11643006f2545308906677c20b7d65310d31e4e5d302f63e1e6d94215e9d,0,11,-70
11:36:45,P6102,adbd11643006f2545308906677c20b7d65310d31e4e5d302f63e1e6d94215e9d,0,11,-77
11:36:45,P6106,74b91f975c116ce5fde21a19cd2ce2181a22295500722d1a80a0621348da4e6e,3,1,-89
11:36:47,P6108,b4ee9533189a9af29a1f6f0acf949f4963fd20c3dcc6920dfac63c899471205b,3,3,-95
11:36:48,P6108,b4ee9533189a9af29a1f6f0acf949f4963fd20c3dcc6920dfac63c899471205b,3,3,-91
11:36:54,P6102,adbd11643006f2545308906677c20b7d65310d31e4e5d302f63e1e6d94215e9d,0,11,-75
11:36:56,P6102,56a85f8f40c1bdb6ca45d29c08e7297ebd1a35bd939a58b34a9c52e7cffb2cb1,0,6,-91
11:36:59,P6102,adbd11643006f2545308906677c20b7d65310d31e4e5d302f63e1e6d94215e9d,0,11,-83
11:36:59,P695,b8120161ec68e547c1b6720a4388aa1656d03f3f2fc79bac1c594be83d28f755,0,1,-92
11:36:59,P694,56c81edeaa3c360ba1e3f4c3c448f1fbb426d9db8eb236e73659e8609ea17e0c,5,1,-92
11:36:59,P6106,74b91f975c116ce5fde21a19cd2ce2181a22295500722d1a80a0621348da4e6e,3,1,-92
11:37:01,P6106,74b91f975c116ce5fde21a19cd2ce2181a22295500722d1a80a0621348da4e6e,3,1,-94
11:37:03,P695,b8120161ec68e547c1b6720a4388aa1656d03f3f2fc79bac1c594be83d28f755,0,1,-92
11:37:03,P6106,74b91f975c116ce5fde21a19cd2ce2181a22295500722d1a80a0621348da4e6e,3,1,-94
11:37:05,P6102,adbd11643006f2545308906677c20b7d65310d31e4e5d302f63e1e6d94215e9d,0,11,-78
11:37:05,P6106,74b91f975c116ce5fde21a19cd2ce2181a22295500722d1a80a0621348da4e6e,3,1,-91
11:37:09,P6102,adbd11643006f2545308906677c20b7d65310d31e4e5d302f63e1e6d94215e9d,0,11,-75
11:37:11,P6102,adbd11643006f2545308906677c20b7d65310d31e4e5d302f63e1e6d94215e9d,0,11,-75
11:37:12,P6102,adbd11643006f2545308906677c20b7d65310d31e4e5d302f63e1e6d94215e9d,0,11,-74
11:37:14,P6102,adbd11643006f2545308906677c20b7d65310d31e4e5d302f63e1e6d94215e9d,0,11,-75
11:37:14,P698,36c9c7471387db23b86ab1e4456212bd6bd032d717915922f61593bb13232707,5,1,-92
11:37:14,P694,56c81edeaa3c360ba1e3f4c3c448f1fbb426d9db8eb236e73659e8609ea17e0c,5,1,-94
11:37:16,P695,b8120161ec68e547c1b6720a4388aa1656d03f3f2fc79bac1c594be83d28f755,0,1,-92
11:37:16,P694,56c81edeaa3c360ba1e3f4c3c448f1fbb426d9db8eb236e73659e8609ea17e0c,5,1,-92
11:37:16,P6106,74b91f975c116ce5fde21a19cd2ce2181a22295500722d1a80a0621348da4e6e,3,1,-93
11:37:18,P6102,adbd11643006f2545308906677c20b7d65310d31e4e5d302f63e1e6d94215e9d,0,11,-74
11:37:20,P695,b8120161ec68e547c1b6720a4388aa1656d03f3f2fc79bac1c594be83d28f755,0,1,-93
11:37:20,P6106,74b91f975c116ce5fde21a19cd2ce2181a22295500722d1a80a0621348da4e6e,3,1,-93
11:37:22,P695,b8120161ec68e547c1b6720a4388aa1656d03f3f2fc79bac1c594be83d28f755,0,1,-93
11:37:22,P6106,74b91f975c116ce5fde21a19cd2ce2181a22295500722d1a80a0621348da4e6e,3,1,-94
11:37:24,P695,b8120161ec68e547c1b6720a4388aa1656d03f3f2fc79bac1c594be83d28f755,0,1,-91
11:37:24,P694,56c81edeaa3c360ba1e3f4c3c448f1fbb426d9db8eb236e73659e8609ea17e0c,5,1,-93
11:37:35,P6102,adbd11643006f2545308906677c20b7d65310d31e4e5d302f63e1e6d94215e9d,0,11,-68
11:37:36,P6102,adbd11643006f2545308906677c20b7d65310d31e4e5d302f63e1e6d94215e9d,0,11,-69
11:37:38,P6102,adbd11643006f2545308906677c20b7d65310d31e4e5d302f63e1e6d94215e9d,0,11,-68
11:37:40,P6102,adbd11643006f2545308906677c20b7d65310d31e4e5d302f63e1e6d94215e9d,0,11,-68
11:37:40,P6112,aa3e7735f783a743d8fbbbd1b99da8ac4a3e1731e8c99e8695aa558083768872,3,3,-93
11:37:42,P6102,adbd11643006f2545308906677c20b7d65310d31e4e5d302f63e1e6d94215e9d,0,11,-68
11:37:42,P694,56c81edeaa3c360ba1e3f4c3c448f1fbb426d9db8eb236e73659e8609ea17e0c,5,1,-94
11:37:49,P6102,adbd11643006f2545308906677c20b7d65310d31e4e5d302f63e1e6d94215e9d,0,11,-68
11:37:51,P6102,adbd11643006f2545308906677c20b7d65310d31e4e5d302f63e1e6d94215e9d,0,11,-70
11:37:55,P6102,adbd11643006f2545308906677c20b7d65310d31e4e5d302f63e1e6d94215e9d,0,11,-70
11:37:57,P6102,adbd11643006f2545308906677c20b7d65310d31e4e5d302f63e1e6d94215e9d,0,11,-69
11:37:59,P6102,56a85f8f40c1bdb6ca45d29c08e7297ebd1a35bd939a58b34a9c52e7cffb2cb1,0,6,-88
11:38:02,P6102,adbd11643006f2545308906677c20b7d65310d31e4e5d302f63e1e6d94215e9d,0,11,-76
11:38:04,P6102,56a85f8f40c1bdb6ca45d29c08e7297ebd1a35bd939a58b34a9c52e7cffb2cb1,0,6,-88
11:38:06,P694,56c81edeaa3c360ba1e3f4c3c448f1fbb426d9db8eb236e73659e8609ea17e0c,5,1,-89
11:38:06,P6106,74b91f975c116ce5fde21a19cd2ce2181a22295500722d1a80a0621348da4e6e,3,1,-89
11:38:06,P695,b8120161ec68e547c1b6720a4388aa1656d03f3f2fc79bac1c594be83d28f755,0,1,-90
11:38:08,P694,56c81edeaa3c360ba1e3f4c3c448f1fbb426d9db8eb236e73659e8609ea17e0c,5,1,-87
11:38:08,P6106,74b91f975c116ce5fde21a19cd2ce2181a22295500722d1a80a0621348da4e6e,3,1,-87
11:38:08,P695,b8120161ec68e547c1b6720a4388aa1656d03f3f2fc79bac1c594be83d28f755,0,1,-88
11:38:10,P6102,adbd11643006f2545308906677c20b7d65310d31e4e5d302f63e1e6d94215e9d,0,11,-79
11:38:12,P6118,a160ce66148a2f8d5ac70af5e169a8209f5402bd56c82bc8df79ce8b922d3c3d,3,10,-92
11:38:12,P6108,b4ee9533189a9af29a1f6f0acf949f4963fd20c3dcc6920dfac63c899471205b,3,3,-97
11:38:13,P694,56c81edeaa3c360ba1e3f4c3c448f1fbb426d9db8eb236e73659e8609ea17e0c,5,1,-93
11:38:15,P6106,74b91f975c116ce5fde21a19cd2ce2181a22295500722d1a80a0621348da4e6e,3,1,-90
11:38:19,P695,b8120161ec68e547c1b6720a4388aa1656d03f3f2fc79bac1c594be83d28f755,0,1,-89
11:38:19,P694,56c81edeaa3c360ba1e3f4c3c448f1fbb426d9db8eb236e73659e8609ea17e0c,5,1,-90
11:38:19,P6106,74b91f975c116ce5fde21a19cd2ce2181a22295500722d1a80a0621348da4e6e,3,1,-91
11:38:26,P6108,b4ee9533189a9af29a1f6f0acf949f4963fd20c3dcc6920dfac63c899471205b,3,3,-97
11:38:28,P6108,b4ee9533189a9af29a1f6f0acf949f4963fd20c3dcc6920dfac63c899471205b,3,3,-96
11:38:34,P6102,adbd11643006f2545308906677c20b7d65310d31e4e5d302f63e1e6d94215e9d,0,11,-80
11:38:36,P6102,56a85f8f40c1bdb6ca45d29c08e7297ebd1a35bd939a58b34a9c52e7cffb2cb1,0,6,-87
11:38:37,P6102,9d872d990106cbe08b55a9b0f1526b86bee4f8cfcb91be4498596e09091a4da3,0,1,-89
11:38:41,P6102,adbd11643006f2545308906677c20b7d65310d31e4e5d302f63e1e6d94215e9d,0,11,-77
11:38:45,P6102,adbd11643006f2545308906677c20b7d65310d31e4e5d302f63e1e6d94215e9d,0,11,-79
11:38:45,P6102,9d872d990106cbe08b55a9b0f1526b86bee4f8cfcb91be4498596e09091a4da3,0,1,-91
11:38:49,P6102,adbd11643006f2545308906677c20b7d65310d31e4e5d302f63e1e6d94215e9d,0,11,-77
11:38:50,P6102,adbd11643006f2545308906677c20b7d65310d31e4e5d302f63e1e6d94215e9d,0,11,-79
11:38:52,P6102,adbd11643006f2545308906677c20b7d65310d31e4e5d302f63e1e6d94215e9d,0,11,-76
11:38:52,P6108,b4ee9533189a9af29a1f6f0acf949f4963fd20c3dcc6920dfac63c899471205b,3,3,-93
11:38:54,P6102,adbd11643006f2545308906677c20b7d65310d31e4e5d302f63e1e6d94215e9d,0,11,-82
11:38:54,P694,56c81edeaa3c360ba1e3f4c3c448f1fbb426d9db8eb236e73659e8609ea17e0c,5,1,-91
11:38:54,P6106,74b91f975c116ce5fde21a19cd2ce2181a22295500722d1a80a0621348da4e6e,3,1,-91
11:38:54,P695,b8120161ec68e547c1b6720a4388aa1656d03f3f2fc79bac1c594be83d28f755,0,1,-92
11:38:56,P6102,adbd11643006f2545308906677c20b7d65310d31e4e5d302f63e1e6d94215e9d,0,11,-77
11:38:58,P6102,adbd11643006f2545308906677c20b7d65310d31e4e5d302f63e1e6d94215e9d,0,11,-79
11:39:02,P6102,adbd11643006f2545308906677c20b7d65310d31e4e5d302f63e1e6d94215e9d,0,11,-81
11:39:03,P6102,adbd11643006f2545308906677c20b7d65310d31e4e5d302f63e1e6d94215e9d,0,11,-81
11:39:05,P6102,adbd11643006f2545308906677c20b7d65310d31e4e5d302f63e1e6d94215e9d,0,11,-74
11:39:07,P6106,74b91f975c116ce5fde21a19cd2ce2181a22295500722d1a80a0621348da4e6e,3,1,-95
11:39:09,P6102,adbd11643006f2545308906677c20b7d65310d31e4e5d302f63e1e6d94215e9d,0,11,-77
11:39:11,P6102,adbd11643006f2545308906677c20b7d65310d31e4e5d302f63e1e6d94215e9d,0,11,-81
11:39:11,P6102,56a85f8f40c1bdb6ca45d29c08e7297ebd1a35bd939a58b34a9c52e7cffb2cb1,0,6,-90
11:39:11,P6106,74b91f975c116ce5fde21a19cd2ce2181a22295500722d1a80a0621348da4e6e,3,1,-93
11:39:11,P695,b8120161ec68e547c1b6720a4388aa1656d03f3f2fc79bac1c594be83d28f755,0,1,-94
11:39:13,P6102,adbd11643006f2545308906677c20b7d65310d31e4e5d302f63e1e6d94215e9d,0,11,-76
11:39:14,P6102,adbd11643006f2545308906677c20b7d65310d31e4e5d302f63e1e6d94215e9d,0,11,-83
11:39:16,P6102,adbd11643006f2545308906677c20b7d65310d31e4e5d302f63e1e6d94215e9d,0,11,-83
11:39:18,P6102,adbd11643006f2545308906677c20b7d65310d31e4e5d302f63e1e6d94215e9d,0,11,-81
11:39:20,P6102,adbd11643006f2545308906677c20b7d65310d31e4e5d302f63e1e6d94215e9d,0,11,-78
11:39:22,P6102,adbd11643006f2545308906677c20b7d65310d31e4e5d302f63e1e6d94215e9d,0,11,-83
11:39:22,P694,56c81edeaa3c360ba1e3f4c3c448f1fbb426d9db8eb236e73659e8609ea17e0c,5,1,-93
11:39:22,P695,b8120161ec68e547c1b6720a4388aa1656d03f3f2fc79bac1c594be83d28f755,0,1,-97
11:39:24,P6102,adbd11643006f2545308906677c20b7d65310d31e4e5d302f63e1e6d94215e9d,0,11,-80
11:39:26,P6102,adbd11643006f2545308906677c20b7d65310d31e4e5d302f63e1e6d94215e9d,0,11,-73
11:39:28,P6102,adbd11643006f2545308906677c20b7d65310d31e4e5d302f63e1e6d94215e9d,0,11,-78
11:39:28,P6102,51d1e71cf4be94b1ed34331c131a1e0c342b7b0d6742caf821b02a5c643dc711,0,1,-88
11:39:28,P695,b8120161ec68e547c1b6720a4388aa1656d03f3f2fc79bac1c594be83d28f755,0,1,-91
11:39:28,P698,36c9c7471387db23b86ab1e4456212bd6bd032d717915922f61593bb13232707,5,1,-91
11:39:28,P694,56c81edeaa3c360ba1e3f4c3c448f1fbb426d9db8eb236e73659e8609ea17e0c,5,1,-92
11:39:28,P6106,74b91f975c116ce5fde21a19cd2ce2181a22295500722d1a80a0621348da4e6e,3,1,-93
11:39:28,P6111,6e0410438a9cd8d546e27261e6ff09b85ccfff845c864f98abfaae4f6ddfa2a2,0,11,-95
11:39:29,P6102,adbd11643006f2545308906677c20b7d65310d31e4e5d302f63e1e6d94215e9d,0,11,-77
11:39:31,P6102,adbd11643006f2545308906677c20b7d65310d31e4e5d302f63e1e6d94215e9d,0,11,-75
11:39:31,P6102,56a85f8f40c1bdb6ca45d29c08e7297ebd1a35bd939a58b34a9c52e7cffb2cb1,0,6,-89
11:39:33,P6102,adbd11643006f2545308906677c20b7d65310d31e4e5d302f63e1e6d94215e9d,0,11,-75
11:39:35,P6102,adbd11643006f2545308906677c20b7d65310d31e4e5d302f63e1e6d94215e9d,0,11,-78
11:39:39,P6102,56a85f8f40c1bdb6ca45d29c08e7297ebd1a35bd939a58b34a9c52e7cffb2cb1,0,6,-86
11:39:39,P6108,b4ee9533189a9af29a1f6f0acf949f4963fd20c3dcc6920dfac63c899471205b,3,3,-93
11:39:41,P6108,b4ee9533189a9af29a1f6f0acf949f4963fd20c3dcc6920dfac63c899471205b,3,3,-92
11:39:46,P6112,aa3e7735f783a743d8fbbbd1b99da8ac4a3e1731e8c99e8695aa558083768872,3,3,-92
11:39:46,P6108,b4ee9533189a9af29a1f6f0acf949f4963fd20c3dcc6920dfac63c899471205b,3,3,-94
11:39:48,P6108,b4ee9533189a9af29a1f6f0acf949f4963fd20c3dcc6920dfac63c899471205b,3,3,-93
11:39:50,P6108,b4ee9533189a9af29a1f6f0acf949f4963fd20c3dcc6920dfac63c899471205b,3,3,-91
11:39:55,P6102,56a85f8f40c1bdb6ca45d29c08e7297ebd1a35bd939a58b34a9c52e7cffb2cb1,0,6,-89
11:39:57,P6102,adbd11643006f2545308906677c20b7d65310d31e4e5d302f63e1e6d94215e9d,0,11,-74
11:39:57,P6112,aa3e7735f783a743d8fbbbd1b99da8ac4a3e1731e8c99e8695aa558083768872,3,3,-92
11:39:59,P6102,adbd11643006f2545308906677c20b7d65310d31e4e5d302f63e1e6d94215e9d,0,11,-76
11:40:01,P6102,adbd11643006f2545308906677c20b7d65310d31e4e5d302f63e1e6d94215e9d,0,11,-75
11:40:03,P6102,adbd11643006f2545308906677c20b7d65310d31e4e5d302f63e1e6d94215e9d,0,11,-76
11:40:05,P6102,adbd11643006f2545308906677c20b7d65310d31e4e5d302f63e1e6d94215e9d,0,11,-77
11:40:06,P6102,adbd11643006f2545308906677c20b7d65310d31e4e5d302f63e1e6d94215e9d,0,11,-75
11:40:08,P6102,adbd11643006f2545308906677c20b7d65310d31e4e5d302f63e1e6d94215e9d,0,11,-76
11:40:08,P6102,9d872d990106cbe08b55a9b0f1526b86bee4f8cfcb91be4498596e09091a4da3,0,1,-87
11:40:10,P6102,adbd11643006f2545308906677c20b7d65310d31e4e5d302f63e1e6d94215e9d,0,11,-75
11:40:10,P6111,6e0410438a9cd8d546e27261e6ff09b85ccfff845c864f98abfaae4f6ddfa2a2,0,11,-94
11:40:14,P6102,adbd11643006f2545308906677c20b7d65310d31e4e5d302f63e1e6d94215e9d,0,11,-79
11:40:16,P6102,9d872d990106cbe08b55a9b0f1526b86bee4f8cfcb91be4498596e09091a4da3,0,1,-82
11:40:16,P6102,56a85f8f40c1bdb6ca45d29c08e7297ebd1a35bd939a58b34a9c52e7cffb2cb1,0,6,-86
11:40:21,P6102,adbd11643006f2545308906677c20b7d65310d31e4e5d302f63e1e6d94215e9d,0,11,-87
11:40:23,P6102,adbd11643006f2545308906677c20b7d65310d31e4e5d302f63e1e6d94215e9d,0,11,-84
11:40:27,P6102,adbd11643006f2545308906677c20b7d65310d31e4e5d302f63e1e6d94215e9d,0,11,-85
11:40:28,P6102,adbd11643006f2545308906677c20b7d65310d31e4e5d302f63e1e6d94215e9d,0,11,-87
11:40:30,P6102,adbd11643006f2545308906677c20b7d65310d31e4e5d302f63e1e6d94215e9d,0,11,-83
11:40:32,P6102,56a85f8f40c1bdb6ca45d29c08e7297ebd1a35bd939a58b34a9c52e7cffb2cb1,0,6,-90
11:40:34,P6102,9d872d990106cbe08b55a9b0f1526b86bee4f8cfcb91be4498596e09091a4da3,0,1,-88
11:40:36,P6119,ef8e995cde5cfc530386769c175e148716eaa119cd0e2275bb2fb049a51715df,3,6,-92
11:40:41,P6102,adbd11643006f2545308906677c20b7d65310d31e4e5d302f63e1e6d94215e9d,0,11,-83
11:40:43,P6102,adbd11643006f2545308906677c20b7d65310d31e4e5d302f63e1e6d94215e9d,0,11,-86
11:40:47,P6102,adbd11643006f2545308906677c20b7d65310d31e4e5d302f63e1e6d94215e9d,0,11,-83
11:40:49,P6102,adbd11643006f2545308906677c20b7d65310d31e4e5d302f63e1e6d94215e9d,0,11,-85
11:40:51,P6102,adbd11643006f2545308906677c20b7d65310d31e4e5d302f63e1e6d94215e9d,0,11,-83
11:40:52,P6102,56a85f8f40c1bdb6ca45d29c08e7297ebd1a35bd939a58b34a9c52e7cffb2cb1,0,6,-91
11:40:56,P6102,adbd11643006f2545308906677c20b7d65310d31e4e5d302f63e1e6d94215e9d,0,11,-80
11:40:58,P6102,adbd11643006f2545308906677c20b7d65310d31e4e5d302f63e1e6d94215e9d,0,11,-79
11:41:02,P6102,adbd11643006f2545308906677c20b7d65310d31e4e5d302f63e1e6d94215e9d,0,11,-81
11:41:04,P6102,adbd11643006f2545308906677c20b7d65310d31e4e5d302f63e1e6d94215e9d,0,11,-80
11:41:07,P6102,9d872d990106cbe08b55a9b0f1526b86bee4f8cfcb91be4498596e09091a4da3,0,1,-84
11:41:07,P6102,adbd11643006f2545308906677c20b7d65310d31e4e5d302f63e1e6d94215e9d,0,11,-84
11:41:09,P6102,56a85f8f40c1bdb6ca45d29c08e7297ebd1a35bd939a58b34a9c52e7cffb2cb1,0,6,-89
11:41:11,P6102,adbd11643006f2545308906677c20b7d65310d31e4e5d302f63e1e6d94215e9d,0,11,-84
11:41:11,P6108,b4ee9533189a9af29a1f6f0acf949f4963fd20c3dcc6920dfac63c899471205b,3,3,-94
11:41:13,P6108,b4ee9533189a9af29a1f6f0acf949f4963fd20c3dcc6920dfac63c899471205b,3,3,-94
11:41:16,P6102,56a85f8f40c1bdb6ca45d29c08e7297ebd1a35bd939a58b34a9c52e7cffb2cb1,0,6,-87
11:41:18,P6102,adbd11643006f2545308906677c20b7d65310d31e4e5d302f63e1e6d94215e9d,0,11,-77
11:41:18,P6108,b4ee9533189a9af29a1f6f0acf949f4963fd20c3dcc6920dfac63c899471205b,3,3,-94
11:41:22,P6102,adbd11643006f2545308906677c20b7d65310d31e4e5d302f63e1e6d94215e9d,0,11,-80
11:41:24,P6102,adbd11643006f2545308906677c20b7d65310d31e4e5d302f63e1e6d94215e9d,0,11,-78
11:41:29,P6102,adbd11643006f2545308906677c20b7d65310d31e4e5d302f63e1e6d94215e9d,0,11,-83
11:41:31,P6102,adbd11643006f2545308906677c20b7d65310d31e4e5d302f63e1e6d94215e9d,0,11,-80
11:41:31,P6102,56a85f8f40c1bdb6ca45d29c08e7297ebd1a35bd939a58b34a9c52e7cffb2cb1,0,6,-86
11:41:33,P6102,adbd11643006f2545308906677c20b7d65310d31e4e5d302f63e1e6d94215e9d,0,11,-83
11:41:35,P6102,adbd11643006f2545308906677c20b7d65310d31e4e5d302f63e1e6d94215e9d,0,11,-89
11:41:39,P6102,adbd11643006f2545308906677c20b7d65310d31e4e5d302f63e1e6d94215e9d,0,11,-88
11:41:44,P6102,56a85f8f40c1bdb6ca45d29c08e7297ebd1a35bd939a58b34a9c52e7cffb2cb1,0,6,-83
11:41:44,P6102,adbd11643006f2545308906677c20b7d65310d31e4e5d302f63e1e6d94215e9d,0,11,-87
11:41:59,P6102,56a85f8f40c1bdb6ca45d29c08e7297ebd1a35bd939a58b34a9c52e7cffb2cb1,0,6,-81
11:42:01,P6102,56a85f8f40c1bdb6ca45d29c08e7297ebd1a35bd939a58b34a9c52e7cffb2cb1,0,6,-78
11:42:04,P6102,56a85f8f40c1bdb6ca45d29c08e7297ebd1a35bd939a58b34a9c52e7cffb2cb1,0,6,-86
11:42:06,P6102,56a85f8f40c1bdb6ca45d29c08e7297ebd1a35bd939a58b34a9c52e7cffb2cb1,0,6,-80
11:42:08,P6102,56a85f8f40c1bdb6ca45d29c08e7297ebd1a35bd939a58b34a9c52e7cffb2cb1,0,6,-78
11:42:23,P6102,56a85f8f40c1bdb6ca45d29c08e7297ebd1a35bd939a58b34a9c52e7cffb2cb1,0,6,-79
11:42:24,P6102,56a85f8f40c1bdb6ca45d29c08e7297ebd1a35bd939a58b34a9c52e7cffb2cb1,0,6,-85
11:42:28,P6102,56a85f8f40c1bdb6ca45d29c08e7297ebd1a35bd939a58b34a9c52e7cffb2cb1,0,6,-83
11:42:41,P6102,56a85f8f40c1bdb6ca45d29c08e7297ebd1a35bd939a58b34a9c52e7cffb2cb1,0,6,-78
11:42:43,P6102,56a85f8f40c1bdb6ca45d29c08e7297ebd1a35bd939a58b34a9c52e7cffb2cb1,0,6,-79
11:42:46,P6104,97d43154617566e1e2f102578ae733ba05320133daaeccbe517eb9b26ca9e35d,4,1,-94
11:42:46,P6118,a160ce66148a2f8d5ac70af5e169a8209f5402bd56c82bc8df79ce8b922d3c3d,3,10,-97
11:42:52,P6104,97d43154617566e1e2f102578ae733ba05320133daaeccbe517eb9b26ca9e35d,4,1,-92
11:42:54,P6105,3d4ffe9292ece145e9e0a76a9b8fb7a12fb43ab502b85a5160da33ee75e592c0,4,1,-93
11:42:54,P6104,97d43154617566e1e2f102578ae733ba05320133daaeccbe517eb9b26ca9e35d,4,1,-94
11:42:58,P6102,56a85f8f40c1bdb6ca45d29c08e7297ebd1a35bd939a58b34a9c52e7cffb2cb1,0,6,-81
11:42:58,P6105,3d4ffe9292ece145e9e0a76a9b8fb7a12fb43ab502b85a5160da33ee75e592c0,4,1,-96
11:43:01,P6102,56a85f8f40c1bdb6ca45d29c08e7297ebd1a35bd939a58b34a9c52e7cffb2cb1,0,6,-84
11:43:03,P6102,56a85f8f40c1bdb6ca45d29c08e7297ebd1a35bd939a58b34a9c52e7cffb2cb1,0,6,-83
11:43:07,P6102,56a85f8f40c1bdb6ca45d29c08e7297ebd1a35bd939a58b34a9c52e7cffb2cb1,0,6,-83
11:43:09,P6102,56a85f8f40c1bdb6ca45d29c08e7297ebd1a35bd939a58b34a9c52e7cffb2cb1,0,6,-80
11:43:10,P6102,56a85f8f40c1bdb6ca45d29c08e7297ebd1a35bd939a58b34a9c52e7cffb2cb1,0,6,-83
11:43:14,P6102,56a85f8f40c1bdb6ca45d29c08e7297ebd1a35bd939a58b34a9c52e7cffb2cb1,0,6,-82
11:43:14,P6118,a160ce66148a2f8d5ac70af5e169a8209f5402bd56c82bc8df79ce8b922d3c3d,3,10,-95
11:43:18,P6102,56a85f8f40c1bdb6ca45d29c08e7297ebd1a35bd939a58b34a9c52e7cffb2cb1,0,6,-83
11:43:20,P6102,56a85f8f40c1bdb6ca45d29c08e7297ebd1a35bd939a58b34a9c52e7cffb2cb1,0,6,-87
11:43:23,P6102,56a85f8f40c1bdb6ca45d29c08e7297ebd1a35bd939a58b34a9c52e7cffb2cb1,0,6,-82
11:43:25,P6102,56a85f8f40c1bdb6ca45d29c08e7297ebd1a35bd939a58b34a9c52e7cffb2cb1,0,6,-83
11:43:27,P6102,56a85f8f40c1bdb6ca45d29c08e7297ebd1a35bd939a58b34a9c52e7cffb2cb1,0,6,-81
11:43:31,P6102,56a85f8f40c1bdb6ca45d29c08e7297ebd1a35bd939a58b34a9c52e7cffb2cb1,0,6,-80
11:43:33,P6102,56a85f8f40c1bdb6ca45d29c08e7297ebd1a35bd939a58b34a9c52e7cffb2cb1,0,6,-80
11:43:36,P6102,56a85f8f40c1bdb6ca45d29c08e7297ebd1a35bd939a58b34a9c52e7cffb2cb1,0,6,-79
11:43:38,P6102,56a85f8f40c1bdb6ca45d29c08e7297ebd1a35bd939a58b34a9c52e7cffb2cb1,0,6,-82
11:43:40,P6102,56a85f8f40c1bdb6ca45d29c08e7297ebd1a35bd939a58b34a9c52e7cffb2cb1,0,6,-80
11:43:42,P6102,56a85f8f40c1bdb6ca45d29c08e7297ebd1a35bd939a58b34a9c52e7cffb2cb1,0,6,-71
11:43:45,P6102,56a85f8f40c1bdb6ca45d29c08e7297ebd1a35bd939a58b34a9c52e7cffb2cb1,0,6,-79
11:43:47,P6102,56a85f8f40c1bdb6ca45d29c08e7297ebd1a35bd939a58b34a9c52e7cffb2cb1,0,6,-72
11:43:51,P6102,56a85f8f40c1bdb6ca45d29c08e7297ebd1a35bd939a58b34a9c52e7cffb2cb1,0,6,-75
11:43:53,P6102,56a85f8f40c1bdb6ca45d29c08e7297ebd1a35bd939a58b34a9c52e7cffb2cb1,0,6,-78
11:43:55,P6102,56a85f8f40c1bdb6ca45d29c08e7297ebd1a35bd939a58b34a9c52e7cffb2cb1,0,6,-77
11:43:57,P6102,56a85f8f40c1bdb6ca45d29c08e7297ebd1a35bd939a58b34a9c52e7cffb2cb1,0,6,-69
11:43:58,P6102,56a85f8f40c1bdb6ca45d29c08e7297ebd1a35bd939a58b34a9c52e7cffb2cb1,0,6,-75
11:44:00,P6118,a160ce66148a2f8d5ac70af5e169a8209f5402bd56c82bc8df79ce8b922d3c3d,3,10,-93
11:44:04,P6102,56a85f8f40c1bdb6ca45d29c08e7297ebd1a35bd939a58b34a9c52e7cffb2cb1,0,6,-64
11:44:04,P6118,a160ce66148a2f8d5ac70af5e169a8209f5402bd56c82bc8df79ce8b922d3c3d,3,10,-89
11:44:06,P6102,56a85f8f40c1bdb6ca45d29c08e7297ebd1a35bd939a58b34a9c52e7cffb2cb1,0,6,-66
11:44:06,P6118,a160ce66148a2f8d5ac70af5e169a8209f5402bd56c82bc8df79ce8b922d3c3d,3,10,-91
11:44:08,P6102,56a85f8f40c1bdb6ca45d29c08e7297ebd1a35bd939a58b34a9c52e7cffb2cb1,0,6,-68
11:44:09,P6102,56a85f8f40c1bdb6ca45d29c08e7297ebd1a35bd939a58b34a9c52e7cffb2cb1,0,6,-71
11:44:13,P6102,56a85f8f40c1bdb6ca45d29c08e7297ebd1a35bd939a58b34a9c52e7cffb2cb1,0,6,-64
11:44:15,P6102,56a85f8f40c1bdb6ca45d29c08e7297ebd1a35bd939a58b34a9c52e7cffb2cb1,0,6,-61
11:44:15,P6102,9b2077243632d2c03ff16bc2ef65ba76ead624910c47aacd4c20496fda9ee837,0,11,-90
11:44:17,P6102,56a85f8f40c1bdb6ca45d29c08e7297ebd1a35bd939a58b34a9c52e7cffb2cb1,0,6,-69
11:44:17,P6118,a160ce66148a2f8d5ac70af5e169a8209f5402bd56c82bc8df79ce8b922d3c3d,3,10,-92
11:44:19,P6102,56a85f8f40c1bdb6ca45d29c08e7297ebd1a35bd939a58b34a9c52e7cffb2cb1,0,6,-71
11:44:21,P6102,56a85f8f40c1bdb6ca45d29c08e7297ebd1a35bd939a58b34a9c52e7cffb2cb1,0,6,-65
11:44:22,P6102,56a85f8f40c1bdb6ca45d29c08e7297ebd1a35bd939a58b34a9c52e7cffb2cb1,0,6,-70
11:44:26,P6102,56a85f8f40c1bdb6ca45d29c08e7297ebd1a35bd939a58b34a9c52e7cffb2cb1,0,6,-64
11:44:26,P698,d623e1dc850e78904c6e5dea3632d4412c92aea5c33f72c19460c17de9619ae2,5,1,-93
11:44:28,P6102,56a85f8f40c1bdb6ca45d29c08e7297ebd1a35bd939a58b34a9c52e7cffb2cb1,0,6,-70
11:44:30,P6102,56a85f8f40c1bdb6ca45d29c08e7297ebd1a35bd939a58b34a9c52e7cffb2cb1,0,6,-67
11:44:32,P6102,56a85f8f40c1bdb6ca45d29c08e7297ebd1a35bd939a58b34a9c52e7cffb2cb1,0,6,-58
11:44:35,P6102,56a85f8f40c1bdb6ca45d29c08e7297ebd1a35bd939a58b34a9c52e7cffb2cb1,0,6,-64
11:44:35,P6120,39ed2136fe8d2d1f8a6cdef00575e926e7f116be2492d16da091c275d4a80808,3,11,-95
11:44:37,P6120,39ed2136fe8d2d1f8a6cdef00575e926e7f116be2492d16da091c275d4a80808,3,11,-95
11:44:39,P6102,9b2077243632d2c03ff16bc2ef65ba76ead624910c47aacd4c20496fda9ee837,0,11,-86
11:44:41,P6102,9b2077243632d2c03ff16bc2ef65ba76ead624910c47aacd4c20496fda9ee837,0,11,-84
11:44:43,P6102,56a85f8f40c1bdb6ca45d29c08e7297ebd1a35bd939a58b34a9c52e7cffb2cb1,0,6,-60
11:44:43,P6106,c6d660573a1a2aa9b3c8d4a5b95c52895ff78dc09b03c3f6cf814155000add7d,3,1,-92
11:44:45,P6102,56a85f8f40c1bdb6ca45d29c08e7297ebd1a35bd939a58b34a9c52e7cffb2cb1,0,6,-58
11:44:47,P698,d623e1dc850e78904c6e5dea3632d4412c92aea5c33f72c19460c17de9619ae2,5,1,-91
11:44:50,P6102,56a85f8f40c1bdb6ca45d29c08e7297ebd1a35bd939a58b34a9c52e7cffb2cb1,0,6,-62
11:44:52,P6102,56a85f8f40c1bdb6ca45d29c08e7297ebd1a35bd939a58b34a9c52e7cffb2cb1,0,6,-63
11:44:52,P694,18504acd8dd873fe68677f5ab913c6037634247b87ae332a28e4cec7134a1568,5,1,-89
11:44:52,P698,d623e1dc850e78904c6e5dea3632d4412c92aea5c33f72c19460c17de9619ae2,5,1,-89
11:44:56,P6102,56a85f8f40c1bdb6ca45d29c08e7297ebd1a35bd939a58b34a9c52e7cffb2cb1,0,6,-64
11:44:58,P6102,56a85f8f40c1bdb6ca45d29c08e7297ebd1a35bd939a58b34a9c52e7cffb2cb1,0,6,-58
11:44:59,P6102,56a85f8f40c1bdb6ca45d29c08e7297ebd1a35bd939a58b34a9c52e7cffb2cb1,0,6,-61
11:44:59,P694,18504acd8dd873fe68677f5ab913c6037634247b87ae332a28e4cec7134a1568,5,1,-84
11:45:01,P6102,56a85f8f40c1bdb6ca45d29c08e7297ebd1a35bd939a58b34a9c52e7cffb2cb1,0,6,-68
11:45:01,P695,472ae251257ee7678f5bd37a588070b45b6bd4b121748ce16cb11cf253208ccc,0,1,-88
11:45:03,P6102,56a85f8f40c1bdb6ca45d29c08e7297ebd1a35bd939a58b34a9c52e7cffb2cb1,0,6,-66
11:45:03,P6118,a160ce66148a2f8d5ac70af5e169a8209f5402bd56c82bc8df79ce8b922d3c3d,3,10,-93
11:45:05,P6102,56a85f8f40c1bdb6ca45d29c08e7297ebd1a35bd939a58b34a9c52e7cffb2cb1,0,6,-67
11:45:05,P6106,c6d660573a1a2aa9b3c8d4a5b95c52895ff78dc09b03c3f6cf814155000add7d,3,1,-90
11:45:07,P6102,56a85f8f40c1bdb6ca45d29c08e7297ebd1a35bd939a58b34a9c52e7cffb2cb1,0,6,-62
11:45:07,P6106,c6d660573a1a2aa9b3c8d4a5b95c52895ff78dc09b03c3f6cf814155000add7d,3,1,-91
11:45:09,P6102,56a85f8f40c1bdb6ca45d29c08e7297ebd1a35bd939a58b34a9c52e7cffb2cb1,0,6,-64
11:45:11,P6102,56a85f8f40c1bdb6ca45d29c08e7297ebd1a35bd939a58b34a9c52e7cffb2cb1,0,6,-67
11:45:11,P6102,9b2077243632d2c03ff16bc2ef65ba76ead624910c47aacd4c20496fda9ee837,0,11,-89
11:45:12,P6102,56a85f8f40c1bdb6ca45d29c08e7297ebd1a35bd939a58b34a9c52e7cffb2cb1,0,6,-65
11:45:12,P6118,a160ce66148a2f8d5ac70af5e169a8209f5402bd56c82bc8df79ce8b922d3c3d,3,10,-90
11:45:12,P695,472ae251257ee7678f5bd37a588070b45b6bd4b121748ce16cb11cf253208ccc,0,1,-92
11:45:14,P6102,56a85f8f40c1bdb6ca45d29c08e7297ebd1a35bd939a58b34a9c52e7cffb2cb1,0,6,-58
11:45:16,P6102,56a85f8f40c1bdb6ca45d29c08e7297ebd1a35bd939a58b34a9c52e7cffb2cb1,0,6,-53
11:45:18,P6102,56a85f8f40c1bdb6ca45d29c08e7297ebd1a35bd939a58b34a9c52e7cffb2cb1,0,6,-54
11:45:22,P6102,56a85f8f40c1bdb6ca45d29c08e7297ebd1a35bd939a58b34a9c52e7cffb2cb1,0,6,-57
11:45:22,P6120,39ed2136fe8d2d1f8a6cdef00575e926e7f116be2492d16da091c275d4a80808,3,11,-97
11:45:24,P6102,56a85f8f40c1bdb6ca45d29c08e7297ebd1a35bd939a58b34a9c52e7cffb2cb1,0,6,-59
11:45:25,P6102,56a85f8f40c1bdb6ca45d29c08e7297ebd1a35bd939a58b34a9c52e7cffb2cb1,0,6,-57
11:45:25,P6102,9b2077243632d2c03ff16bc2ef65ba76ead624910c47aacd4c20496fda9ee837,0,11,-77
11:45:27,P6102,56a85f8f40c1bdb6ca45d29c08e7297ebd1a35bd939a58b34a9c52e7cffb2cb1,0,6,-56
11:45:29,P6102,56a85f8f40c1bdb6ca45d29c08e7297ebd1a35bd939a58b34a9c52e7cffb2cb1,0,6,-55
11:45:29,P6102,8f90d518972012e8fc7d825f922f892d667b5ec831228764d12058e9affe1e65,0,11,-90
11:45:31,P6102,56a85f8f40c1bdb6ca45d29c08e7297ebd1a35bd939a58b34a9c52e7cffb2cb1,0,6,-54
11:45:33,P6102,56a85f8f40c1bdb6ca45d29c08e7297ebd1a35bd939a58b34a9c52e7cffb2cb1,0,6,-60
11:45:35,P6102,56a85f8f40c1bdb6ca45d29c08e7297ebd1a35bd939a58b34a9c52e7cffb2cb1,0,6,-56
11:45:38,P6102,56a85f8f40c1bdb6ca45d29c08e7297ebd1a35bd939a58b34a9c52e7cffb2cb1,0,6,-60
11:45:38,P6121,589ae7ba6b8fbc5a6aa3f38f2a728360774c03d23b199bccc047da4497c4c55f,4,6,-95
11:45:38,P6122,e69ca24f59ee890be0870498cded5a6c935950b6aea0903530fde93fd68a7aaf,0,6,-95
11:45:40,P6102,56a85f8f40c1bdb6ca45d29c08e7297ebd1a35bd939a58b34a9c52e7cffb2cb1,0,6,-64
11:45:42,P6102,9b2077243632d2c03ff16bc2ef65ba76ead624910c47aacd4c20496fda9ee837,0,11,-83
11:45:42,P694,18504acd8dd873fe68677f5ab913c6037634247b87ae332a28e4cec7134a1568,5,1,-88
11:45:42,P695,472ae251257ee7678f5bd37a588070b45b6bd4b121748ce16cb11cf253208ccc,0,1,-89
11:45:44,P6102,56a85f8f40c1bdb6ca45d29c08e7297ebd1a35bd939a58b34a9c52e7cffb2cb1,0,6,-65
11:45:44,P6105,3d4ffe9292ece145e9e0a76a9b8fb7a12fb43ab502b85a5160da33ee75e592c0,4,1,-92
11:45:44,P698,d623e1dc850e78904c6e5dea3632d4412c92aea5c33f72c19460c17de9619ae2,5,1,-93
11:45:46,P6102,56a85f8f40c1bdb6ca45d29c08e7297ebd1a35bd939a58b34a9c52e7cffb2cb1,0,6,-63
11:45:48,P6102,56a85f8f40c1bdb6ca45d29c08e7297ebd1a35bd939a58b34a9c52e7cffb2cb1,0,6,-65
11:45:48,P6102,9b2077243632d2c03ff16bc2ef65ba76ead624910c47aacd4c20496fda9ee837,0,11,-88
11:45:50,P6102,56a85f8f40c1bdb6ca45d29c08e7297ebd1a35bd939a58b34a9c52e7cffb2cb1,0,6,-67
11:45:53,P6102,56a85f8f40c1bdb6ca45d29c08e7297ebd1a35bd939a58b34a9c52e7cffb2cb1,0,6,-66
11:45:53,P6102,9b2077243632d2c03ff16bc2ef65ba76ead624910c47aacd4c20496fda9ee837,0,11,-81
11:45:53,P694,18504acd8dd873fe68677f5ab913c6037634247b87ae332a28e4cec7134a1568,5,1,-93
11:45:55,P6102,56a85f8f40c1bdb6ca45d29c08e7297ebd1a35bd939a58b34a9c52e7cffb2cb1,0,6,-66
11:45:55,P694,18504acd8dd873fe68677f5ab913c6037634247b87ae332a28e4cec7134a1568,5,1,-87
11:45:55,P6122,e69ca24f59ee890be0870498cded5a6c935950b6aea0903530fde93fd68a7aaf,0,6,-94
11:45:57,P6102,56a85f8f40c1bdb6ca45d29c08e7297ebd1a35bd939a58b34a9c52e7cffb2cb1,0,6,-60
11:45:57,P6102,9b2077243632d2c03ff16bc2ef65ba76ead624910c47aacd4c20496fda9ee837,0,11,-77
11:45:59,P6102,56a85f8f40c1bdb6ca45d29c08e7297ebd1a35bd939a58b34a9c52e7cffb2cb1,0,6,-63
11:45:59,P694,18504acd8dd873fe68677f5ab913c6037634247b87ae332a28e4cec7134a1568,5,1,-93
11:46:01,P6102,56a85f8f40c1bdb6ca45d29c08e7297ebd1a35bd939a58b34a9c52e7cffb2cb1,0,6,-67
11:46:01,P695,472ae251257ee7678f5bd37a588070b45b6bd4b121748ce16cb11cf253208ccc,0,1,-93
11:46:05,P6102,56a85f8f40c1bdb6ca45d29c08e7297ebd1a35bd939a58b34a9c52e7cffb2cb1,0,6,-64
11:46:05,P698,d623e1dc850e78904c6e5dea3632d4412c92aea5c33f72c19460c17de9619ae2,5,1,-91
11:46:06,P6102,56a85f8f40c1bdb6ca45d29c08e7297ebd1a35bd939a58b34a9c52e7cffb2cb1,0,6,-63
11:46:08,P6102,56a85f8f40c1bdb6ca45d29c08e7297ebd1a35bd939a58b34a9c52e7cffb2cb1,0,6,-63
11:46:12,P6102,56a85f8f40c1bdb6ca45d29c08e7297ebd1a35bd939a58b34a9c52e7cffb2cb1,0,6,-62
11:46:14,P6102,56a85f8f40c1bdb6ca45d29c08e7297ebd1a35bd939a58b34a9c52e7cffb2cb1,0,6,-63
11:46:16,P6102,56a85f8f40c1bdb6ca45d29c08e7297ebd1a35bd939a58b34a9c52e7cffb2cb1,0,6,-61
11:46:17,P6102,56a85f8f40c1bdb6ca45d29c08e7297ebd1a35bd939a58b34a9c52e7cffb2cb1,0,6,-71
11:46:23,P6122,e69ca24f59ee890be0870498cded5a6c935950b6aea0903530fde93fd68a7aaf,0,6,-96
11:46:25,P6102,56a85f8f40c1bdb6ca45d29c08e7297ebd1a35bd939a58b34a9c52e7cffb2cb1,0,6,-70
11:46:27,P6102,56a85f8f40c1bdb6ca45d29c08e7297ebd1a35bd939a58b34a9c52e7cffb2cb1,0,6,-63
11:46:29,P6102,56a85f8f40c1bdb6ca45d29c08e7297ebd1a35bd939a58b34a9c52e7cffb2cb1,0,6,-71
11:46:30,P6123,15720b2da64e70ce175bd14b1de1cb3bd2ef00cea7b5d31777f1f3e964eefe46,3,11,-88
11:46:34,P6102,56a85f8f40c1bdb6ca45d29c08e7297ebd1a35bd939a58b34a9c52e7cffb2cb1,0,6,-66
11:46:38,P6121,589ae7ba6b8fbc5a6aa3f38f2a728360774c03d23b199bccc047da4497c4c55f,4,6,-90
11:46:40,P6123,15720b2da64e70ce175bd14b1de1cb3bd2ef00cea7b5d31777f1f3e964eefe46,3,11,-90
11:46:43,P6122,e69ca24f59ee890be0870498cded5a6c935950b6aea0903530fde93fd68a7aaf,0,6,-87
11:46:43,P6121,589ae7ba6b8fbc5a6aa3f38f2a728360774c03d23b199bccc047da4497c4c55f,4,6,-89
11:46:47,P6123,15720b2da64e70ce175bd14b1de1cb3bd2ef00cea7b5d31777f1f3e964eefe46,3,11,-90
11:46:51,P6121,589ae7ba6b8fbc5a6aa3f38f2a728360774c03d23b199bccc047da4497c4c55f,4,6,-87
11:46:51,P6122,e69ca24f59ee890be0870498cded5a6c935950b6aea0903530fde93fd68a7aaf,0,6,-87
11:46:54,P6121,589ae7ba6b8fbc5a6aa3f38f2a728360774c03d23b199bccc047da4497c4c55f,4,6,-86
11:46:54,P6122,e69ca24f59ee890be0870498cded5a6c935950b6aea0903530fde93fd68a7aaf,0,6,-86
11:46:58,P6122,e69ca24f59ee890be0870498cded5a6c935950b6aea0903530fde93fd68a7aaf,0,6,-85
11:47:00,P6123,15720b2da64e70ce175bd14b1de1cb3bd2ef00cea7b5d31777f1f3e964eefe46,3,11,-91
11:47:02,P6123,15720b2da64e70ce175bd14b1de1cb3bd2ef00cea7b5d31777f1f3e964eefe46,3,11,-89
11:47:05,P6123,15720b2da64e70ce175bd14b1de1cb3bd2ef00cea7b5d31777f1f3e964eefe46,3,11,-92
11:47:09,P6102,56a85f8f40c1bdb6ca45d29c08e7297ebd1a35bd939a58b34a9c52e7cffb2cb1,0,6,-75
11:47:09,P6121,589ae7ba6b8fbc5a6aa3f38f2a728360774c03d23b199bccc047da4497c4c55f,4,6,-85
11:47:09,P6122,e69ca24f59ee890be0870498cded5a6c935950b6aea0903530fde93fd68a7aaf,0,6,-85
11:47:11,P6102,9b2077243632d2c03ff16bc2ef65ba76ead624910c47aacd4c20496fda9ee837,0,11,-86
11:47:11,P694,18504acd8dd873fe68677f5ab913c6037634247b87ae332a28e4cec7134a1568,5,1,-95
11:47:15,P6102,9b2077243632d2c03ff16bc2ef65ba76ead624910c47aacd4c20496fda9ee837,0,11,-89
11:47:16,P6102,9b2077243632d2c03ff16bc2ef65ba76ead624910c47aacd4c20496fda9ee837,0,11,-81
11:47:20,P6102,9b2077243632d2c03ff16bc2ef65ba76ead624910c47aacd4c20496fda9ee837,0,11,-81
11:47:20,P6123,15720b2da64e70ce175bd14b1de1cb3bd2ef00cea7b5d31777f1f3e964eefe46,3,11,-92
11:47:24,P6102,9b2077243632d2c03ff16bc2ef65ba76ead624910c47aacd4c20496fda9ee837,0,11,-83
11:47:28,P6102,9b2077243632d2c03ff16bc2ef65ba76ead624910c47aacd4c20496fda9ee837,0,11,-81
11:47:28,P6124,c85bf29b31261d44394637785c4fc52615c3fe0864870160c272d3c4b29e7048,3,8,-92
11:47:33,P6123,15720b2da64e70ce175bd14b1de1cb3bd2ef00cea7b5d31777f1f3e964eefe46,3,11,-91
11:47:39,P6122,e69ca24f59ee890be0870498cded5a6c935950b6aea0903530fde93fd68a7aaf,0,6,-90
11:47:39,P6121,589ae7ba6b8fbc5a6aa3f38f2a728360774c03d23b199bccc047da4497c4c55f,4,6,-94
11:47:44,P6102,56a85f8f40c1bdb6ca45d29c08e7297ebd1a35bd939a58b34a9c52e7cffb2cb1,0,6,-79
11:47:44,P6121,589ae7ba6b8fbc5a6aa3f38f2a728360774c03d23b199bccc047da4497c4c55f,4,6,-88
11:47:44,P6122,e69ca24f59ee890be0870498cded5a6c935950b6aea0903530fde93fd68a7aaf,0,6,-89
11:47:48,P6121,589ae7ba6b8fbc5a6aa3f38f2a728360774c03d23b199bccc047da4497c4c55f,4,6,-81
11:47:48,P6122,e69ca24f59ee890be0870498cded5a6c935950b6aea0903530fde93fd68a7aaf,0,6,-81
11:47:50,P6122,e69ca24f59ee890be0870498cded5a6c935950b6aea0903530fde93fd68a7aaf,0,6,-80
11:47:50,P6121,589ae7ba6b8fbc5a6aa3f38f2a728360774c03d23b199bccc047da4497c4c55f,4,6,-81
11:47:50,P6123,15720b2da64e70ce175bd14b1de1cb3bd2ef00cea7b5d31777f1f3e964eefe46,3,11,-84
11:47:50,P6102,9b2077243632d2c03ff16bc2ef65ba76ead624910c47aacd4c20496fda9ee837,0,11,-87
11:47:52,P6121,589ae7ba6b8fbc5a6aa3f38f2a728360774c03d23b199bccc047da4497c4c55f,4,6,-74
11:47:52,P6122,e69ca24f59ee890be0870498cded5a6c935950b6aea0903530fde93fd68a7aaf,0,6,-75
11:47:53,P6123,15720b2da64e70ce175bd14b1de1cb3bd2ef00cea7b5d31777f1f3e964eefe46,3,11,-85
11:47:55,P6123,15720b2da64e70ce175bd14b1de1cb3bd2ef00cea7b5d31777f1f3e964eefe46,3,11,-81
11:47:57,P6121,589ae7ba6b8fbc5a6aa3f38f2a728360774c03d23b199bccc047da4497c4c55f,4,6,-79
11:47:57,P6122,e69ca24f59ee890be0870498cded5a6c935950b6aea0903530fde93fd68a7aaf,0,6,-79
11:47:57,P6102,9b2077243632d2c03ff16bc2ef65ba76ead624910c47aacd4c20496fda9ee837,0,11,-85
11:47:57,P6123,15720b2da64e70ce175bd14b1de1cb3bd2ef00cea7b5d31777f1f3e964eefe46,3,11,-87
11:47:59,P6121,589ae7ba6b8fbc5a6aa3f38f2a728360774c03d23b199bccc047da4497c4c55f,4,6,-73
11:47:59,P6122,e69ca24f59ee890be0870498cded5a6c935950b6aea0903530fde93fd68a7aaf,0,6,-76
11:47:59,P6123,15720b2da64e70ce175bd14b1de1cb3bd2ef00cea7b5d31777f1f3e964eefe46,3,11,-87
11:48:01,P6123,15720b2da64e70ce175bd14b1de1cb3bd2ef00cea7b5d31777f1f3e964eefe46,3,11,-86
11:48:05,P6102,9b2077243632d2c03ff16bc2ef65ba76ead624910c47aacd4c20496fda9ee837,0,11,-87
11:48:06,P6102,9b2077243632d2c03ff16bc2ef65ba76ead624910c47aacd4c20496fda9ee837,0,11,-87
11:48:10,P6123,15720b2da64e70ce175bd14b1de1cb3bd2ef00cea7b5d31777f1f3e964eefe46,3,11,-80
11:48:10,P6102,9b2077243632d2c03ff16bc2ef65ba76ead624910c47aacd4c20496fda9ee837,0,11,-86
11:48:12,P6121,589ae7ba6b8fbc5a6aa3f38f2a728360774c03d23b199bccc047da4497c4c55f,4,6,-82
11:48:12,P6123,15720b2da64e70ce175bd14b1de1cb3bd2ef00cea7b5d31777f1f3e964eefe46,3,11,-88
11:48:14,P6102,56a85f8f40c1bdb6ca45d29c08e7297ebd1a35bd939a58b34a9c52e7cffb2cb1,0,6,-79
11:48:14,P6122,e69ca24f59ee890be0870498cded5a6c935950b6aea0903530fde93fd68a7aaf,0,6,-84
11:48:14,P6121,589ae7ba6b8fbc5a6aa3f38f2a728360774c03d23b199bccc047da4497c4c55f,4,6,-85
11:48:19,P6121,589ae7ba6b8fbc5a6aa3f38f2a728360774c03d23b199bccc047da4497c4c55f,4,6,-77
11:48:19,P6123,15720b2da64e70ce175bd14b1de1cb3bd2ef00cea7b5d31777f1f3e964eefe46,3,11,-88
11:48:19,P6106,c6d660573a1a2aa9b3c8d4a5b95c52895ff78dc09b03c3f6cf814155000add7d,3,1,-92
11:48:21,P6102,9b2077243632d2c03ff16bc2ef65ba76ead624910c47aacd4c20496fda9ee837,0,11,-90
11:48:23,P6123,15720b2da64e70ce175bd14b1de1cb3bd2ef00cea7b5d31777f1f3e964eefe46,3,11,-83
11:48:27,P6123,15720b2da64e70ce175bd14b1de1cb3bd2ef00cea7b5d31777f1f3e964eefe46,3,11,-85
11:48:27,P6102,9b2077243632d2c03ff16bc2ef65ba76ead624910c47aacd4c20496fda9ee837,0,11,-90
11:48:29,P6123,15720b2da64e70ce175bd14b1de1cb3bd2ef00cea7b5d31777f1f3e964eefe46,3,11,-83
11:48:31,P6102,56a85f8f40c1bdb6ca45d29c08e7297ebd1a35bd939a58b34a9c52e7cffb2cb1,0,6,-73
11:48:31,P6121,589ae7ba6b8fbc5a6aa3f38f2a728360774c03d23b199bccc047da4497c4c55f,4,6,-77
11:48:31,P6123,15720b2da64e70ce175bd14b1de1cb3bd2ef00cea7b5d31777f1f3e964eefe46,3,11,-84
11:48:32,P6102,56a85f8f40c1bdb6ca45d29c08e7297ebd1a35bd939a58b34a9c52e7cffb2cb1,0,6,-72
11:48:34,P6102,56a85f8f40c1bdb6ca45d29c08e7297ebd1a35bd939a58b34a9c52e7cffb2cb1,0,6,-72
11:48:36,P6102,56a85f8f40c1bdb6ca45d29c08e7297ebd1a35bd939a58b34a9c52e7cffb2cb1,0,6,-74
11:48:36,P6123,15720b2da64e70ce175bd14b1de1cb3bd2ef00cea7b5d31777f1f3e964eefe46,3,11,-83
11:48:38,P6123,15720b2da64e70ce175bd14b1de1cb3bd2ef00cea7b5d31777f1f3e964eefe46,3,11,-83
11:48:40,P6102,56a85f8f40c1bdb6ca45d29c08e7297ebd1a35bd939a58b34a9c52e7cffb2cb1,0,6,-73
11:48:40,P6123,15720b2da64e70ce175bd14b1de1cb3bd2ef00cea7b5d31777f1f3e964eefe46,3,11,-83
11:48:40,P6102,8f90d518972012e8fc7d825f922f892d667b5ec831228764d12058e9affe1e65,0,11,-91
11:48:42,P6123,15720b2da64e70ce175bd14b1de1cb3bd2ef00cea7b5d31777f1f3e964eefe46,3,11,-84
11:48:44,P6102,56a85f8f40c1bdb6ca45d29c08e7297ebd1a35bd939a58b34a9c52e7cffb2cb1,0,6,-72
11:48:45,P6102,56a85f8f40c1bdb6ca45d29c08e7297ebd1a35bd939a58b34a9c52e7cffb2cb1,0,6,-72
11:48:47,P6102,56a85f8f40c1bdb6ca45d29c08e7297ebd1a35bd939a58b34a9c52e7cffb2cb1,0,6,-71
11:48:47,P6123,15720b2da64e70ce175bd14b1de1cb3bd2ef00cea7b5d31777f1f3e964eefe46,3,11,-83
11:48:49,P6123,15720b2da64e70ce175bd14b1de1cb3bd2ef00cea7b5d31777f1f3e964eefe46,3,11,-83
11:48:51,P6102,56a85f8f40c1bdb6ca45d29c08e7297ebd1a35bd939a58b34a9c52e7cffb2cb1,0,6,-73
11:48:51,P6123,15720b2da64e70ce175bd14b1de1cb3bd2ef00cea7b5d31777f1f3e964eefe46,3,11,-83
11:48:53,P6102,56a85f8f40c1bdb6ca45d29c08e7297ebd1a35bd939a58b34a9c52e7cffb2cb1,0,6,-73
11:48:53,P6122,e69ca24f59ee890be0870498cded5a6c935950b6aea0903530fde93fd68a7aaf,0,6,-74
11:48:55,P6102,56a85f8f40c1bdb6ca45d29c08e7297ebd1a35bd939a58b34a9c52e7cffb2cb1,0,6,-74
11:48:55,P6121,589ae7ba6b8fbc5a6aa3f38f2a728360774c03d23b199bccc047da4497c4c55f,4,6,-75
11:48:55,P6123,15720b2da64e70ce175bd14b1de1cb3bd2ef00cea7b5d31777f1f3e964eefe46,3,11,-84
11:48:57,P6102,56a85f8f40c1bdb6ca45d29c08e7297ebd1a35bd939a58b34a9c52e7cffb2cb1,0,6,-75
11:48:57,P6123,15720b2da64e70ce175bd14b1de1cb3bd2ef00cea7b5d31777f1f3e964eefe46,3,11,-84
11:48:57,P6102,9b2077243632d2c03ff16bc2ef65ba76ead624910c47aacd4c20496fda9ee837,0,11,-92
11:48:59,P6102,56a85f8f40c1bdb6ca45d29c08e7297ebd1a35bd939a58b34a9c52e7cffb2cb1,0,6,-76
11:48:59,P6121,589ae7ba6b8fbc5a6aa3f38f2a728360774c03d23b199bccc047da4497c4c55f,4,6,-76
11:48:59,P6122,e69ca24f59ee890be0870498cded5a6c935950b6aea0903530fde93fd68a7aaf,0,6,-77
11:48:59,P6123,15720b2da64e70ce175bd14b1de1cb3bd2ef00cea7b5d31777f1f3e964eefe46,3,11,-85
11:49:02,P60 de Fedwa,2b97f7ce842e487aaaee3d7279377aa55c961e54109d94a4ed0611a4c1d87a39,3,6,-70
11:49:02,P6123,15720b2da64e70ce175bd14b1de1cb3bd2ef00cea7b5d31777f1f3e964eefe46,3,11,-84
11:49:02,P6102,9b2077243632d2c03ff16bc2ef65ba76ead624910c47aacd4c20496fda9ee837,0,11,-86
11:49:04,P6122,e69ca24f59ee890be0870498cded5a6c935950b6aea0903530fde93fd68a7aaf,0,6,-73
11:49:04,P6121,589ae7ba6b8fbc5a6aa3f38f2a728360774c03d23b199bccc047da4497c4c55f,4,6,-74
11:49:04,P6102,56a85f8f40c1bdb6ca45d29c08e7297ebd1a35bd939a58b34a9c52e7cffb2cb1,0,6,-76
11:49:04,P6123,15720b2da64e70ce175bd14b1de1cb3bd2ef00cea7b5d31777f1f3e964eefe46,3,11,-85
11:49:12,P6123,15720b2da64e70ce175bd14b1de1cb3bd2ef00cea7b5d31777f1f3e964eefe46,3,11,-89
11:49:15,P6122,e69ca24f59ee890be0870498cded5a6c935950b6aea0903530fde93fd68a7aaf,0,6,-85
11:49:15,P6121,589ae7ba6b8fbc5a6aa3f38f2a728360774c03d23b199bccc047da4497c4c55f,4,6,-87
11:49:15,P6123,15720b2da64e70ce175bd14b1de1cb3bd2ef00cea7b5d31777f1f3e964eefe46,3,11,-91
11:49:19,P6123,15720b2da64e70ce175bd14b1de1cb3bd2ef00cea7b5d31777f1f3e964eefe46,3,11,-88
11:49:24,P6121,589ae7ba6b8fbc5a6aa3f38f2a728360774c03d23b199bccc047da4497c4c55f,4,6,-87
11:49:24,P6122,e69ca24f59ee890be0870498cded5a6c935950b6aea0903530fde93fd68a7aaf,0,6,-88
11:49:26,P6123,15720b2da64e70ce175bd14b1de1cb3bd2ef00cea7b5d31777f1f3e964eefe46,3,11,-85
11:49:28,P6123,15720b2da64e70ce175bd14b1de1cb3bd2ef00cea7b5d31777f1f3e964eefe46,3,11,-82
11:49:32,P60 de Fedwa,2b97f7ce842e487aaaee3d7279377aa55c961e54109d94a4ed0611a4c1d87a39,3,6,-70
11:49:34,P6102,56a85f8f40c1bdb6ca45d29c08e7297ebd1a35bd939a58b34a9c52e7cffb2cb1,0,6,-68
11:49:34,P60 de Fedwa,2b97f7ce842e487aaaee3d7279377aa55c961e54109d94a4ed0611a4c1d87a39,3,6,-75
11:49:36,P6102,56a85f8f40c1bdb6ca45d29c08e7297ebd1a35bd939a58b34a9c52e7cffb2cb1,0,6,-58
11:49:36,P6102,9b2077243632d2c03ff16bc2ef65ba76ead624910c47aacd4c20496fda9ee837,0,11,-75
11:49:36,P6124,c85bf29b31261d44394637785c4fc52615c3fe0864870160c272d3c4b29e7048,3,8,-95
11:49:37,P6102,56a85f8f40c1bdb6ca45d29c08e7297ebd1a35bd939a58b34a9c52e7cffb2cb1,0,6,-66
11:49:39,P6102,56a85f8f40c1bdb6ca45d29c08e7297ebd1a35bd939a58b34a9c52e7cffb2cb1,0,6,-60
11:49:39,P6124,c85bf29b31261d44394637785c4fc52615c3fe0864870160c272d3c4b29e7048,3,8,-89
11:49:41,P6102,56a85f8f40c1bdb6ca45d29c08e7297ebd1a35bd939a58b34a9c52e7cffb2cb1,0,6,-67
11:49:41,P694,18504acd8dd873fe68677f5ab913c6037634247b87ae332a28e4cec7134a1568,5,1,-87
11:49:43,P6124,c85bf29b31261d44394637785c4fc52615c3fe0864870160c272d3c4b29e7048,3,8,-88
11:49:43,P6120,39ed2136fe8d2d1f8a6cdef00575e926e7f116be2492d16da091c275d4a80808,3,11,-94
11:49:45,P6102,56a85f8f40c1bdb6ca45d29c08e7297ebd1a35bd939a58b34a9c52e7cffb2cb1,0,6,-71
11:49:45,P6124,c85bf29b31261d44394637785c4fc52615c3fe0864870160c272d3c4b29e7048,3,8,-87
11:49:45,P6120,39ed2136fe8d2d1f8a6cdef00575e926e7f116be2492d16da091c275d4a80808,3,11,-92
11:49:47,P6124,c85bf29b31261d44394637785c4fc52615c3fe0864870160c272d3c4b29e7048,3,8,-89
11:49:47,P672,288873aeb3f04d227cf61a1739287bea266017fff79a5effdbd44be654c29ee4,0,11,-89
11:49:49,P6124,c85bf29b31261d44394637785c4fc52615c3fe0864870160c272d3c4b29e7048,3,8,-91
11:49:49,P6120,39ed2136fe8d2d1f8a6cdef00575e926e7f116be2492d16da091c275d4a80808,3,11,-91
11:49:49,P6125,8d2412383918d11705de5eea9ff31d517b5abf225d37616d80098382534ae997,3,11,-95
11:49:51,P6124,c85bf29b31261d44394637785c4fc52615c3fe0864870160c272d3c4b29e7048,3,8,-88
11:49:52,P6104,97d43154617566e1e2f102578ae733ba05320133daaeccbe517eb9b26ca9e35d,4,1,-84
11:49:52,P6124,c85bf29b31261d44394637785c4fc52615c3fe0864870160c272d3c4b29e7048,3,8,-85
11:49:56,P6104,97d43154617566e1e2f102578ae733ba05320133daaeccbe517eb9b26ca9e35d,4,1,-83
11:49:56,P6102,940ac55a01f275a64740f4d7f2fe3874b822ccaee64444f4b265e0bb5f787dd4,0,1,-88
11:49:56,P6102,56a85f8f40c1bdb6ca45d29c08e7297ebd1a35bd939a58b34a9c52e7cffb2cb1,0,6,-89
11:50:00,P66,34f5a476b2d8fa9c4668f78b6556c3d7f8d393a55607644bc0a817b997444dc1,3,13,-94
11:50:03,P6105,3d4ffe9292ece145e9e0a76a9b8fb7a12fb43ab502b85a5160da33ee75e592c0,4,1,-76
11:50:03,P66,34f5a476b2d8fa9c4668f78b6556c3d7f8d393a55607644bc0a817b997444dc1,3,13,-93
11:50:03,P66,7c28118dce6654900f09f716972c8b2f7aaba3eadfa8b014ea7a08e6e0a87966,3,5,-94
11:50:03,P68,3aff825636b113bf9d5553dcd301f2e1b82c61e81ca52befd86ecc9411d24fdf,3,5,-94
11:50:03,P67,94f9314af7b8a9710a58cef9a735ce4dbac17c9b226053764ac55dd2b5511bd5,0,5,-95
11:50:03,P67,13caef057e9fd6a16833ca2cedd6e7173113aa66fe93a211de260a133c392795,0,13,-95
11:50:05,P6102,940ac55a01f275a64740f4d7f2fe3874b822ccaee64444f4b265e0bb5f787dd4,0,1,-75
11:50:05,P68,3aff825636b113bf9d5553dcd301f2e1b82c61e81ca52befd86ecc9411d24fdf,3,5,-96
11:50:07,P6102,940ac55a01f275a64740f4d7f2fe3874b822ccaee64444f4b265e0bb5f787dd4,0,1,-69
11:50:07,P667,48ba618e364b50064a4e3e9c53dacbbe03a306d163d644fb858e8416ffb1d9cb,3,10,-85
11:50:07,P63,05f95eba51ac9dadfd3f868cb6d04cfb0017a67b0d07489b346ff072c884e461,3,5,-89
11:50:07,P6101,eb361d9bd6a52c45a3e44f99bde992a075b81a8e71265e7c7277ebc6786d0c4f,3,8,-93
11:50:07,P6125,8d2412383918d11705de5eea9ff31d517b5abf225d37616d80098382534ae997,3,11,-94
11:50:09,P68,a6ee92f9874c6db110b8a546e5bfa7470a928311815dc8468e9cb4dabf6437fc,3,5,-87
11:50:09,P695,7ddb6250af6d956ed387799a6023c3e99bf041b452daeae6fd6b24ff9b3ceb6f,0,6,-87
11:50:09,P6125,8d2412383918d11705de5eea9ff31d517b5abf225d37616d80098382534ae997,3,11,-91
11:50:09,P67,13caef057e9fd6a16833ca2cedd6e7173113aa66fe93a211de260a133c392795,0,13,-95
11:50:11,P698,4185c3f6ca04fe05f33d49b039778f0fcfa070cfdbf1fc038428e78da2f0d320,5,6,-85
11:50:11,P6105,3d4ffe9292ece145e9e0a76a9b8fb7a12fb43ab502b85a5160da33ee75e592c0,4,1,-86
11:50:11,P67,4353f5ee5a98f257fe5ede5065fd001f5c9d05598f7a8ba485cf4e42b98e9919,0,5,-86
11:50:11,P69,22f597205375a0efb9c827fe584d522953e855854d7bce638c84d4d58cd0cf99,5,5,-88
11:50:11,P68,a551ffd8097fc93a3a299af31b9ae75a4bfc1e1d1ef43c9d50d991e7308fcdad,3,9,-94
11:50:13,P6102,940ac55a01f275a64740f4d7f2fe3874b822ccaee64444f4b265e0bb5f787dd4,0,1,-52
11:50:13,P69,f915639ed7526b9886773139dc50e04df0df6eca6b4b6c9cca2ac3f55bd4f579,5,13,-86
11:50:13,P63,e5ae075101d7017bd9d52fdaba7640bb2baca714205edaff823586f2fabe45ed,3,13,-87
11:50:13,P6102,b9baf3ea4b20da719626a3f181e190bba2064cafe9bd04ba9de3ea97fb65c6bf,0,11,-89
11:50:13,P63,85155d828d2e3a33e53f3ea28cab86267cc05c0f7a0c25d99180633d3ec7f40e,3,13,-97
11:50:15,P6102,940ac55a01f275a64740f4d7f2fe3874b822ccaee64444f4b265e0bb5f787dd4,0,1,-66
11:50:15,P63,b63e06a405601e21341afb86bd0013ca6769f0297aca46e0089397e200b330e4,3,5,-88
11:50:15,P63,4c9b9b7921c60adada5801762daa34f799feff8dd70136e3af8f242812391b6a,3,5,-89
11:50:17,P678,77ddcbcac6c970f0a1e2bd5cb248d71577c91612891d45c3e05d78f13b6b04c4,0,1,-81
11:50:17,P68,3aff825636b113bf9d5553dcd301f2e1b82c61e81ca52befd86ecc9411d24fdf,3,5,-83
11:50:17,P69,d9fe9e5b950ef09468a1675977d58f324d548e19aaded957c03025d93c839de7,5,5,-83
11:50:17,P63,05f95eba51ac9dadfd3f868cb6d04cfb0017a67b0d07489b346ff072c884e461,3,5,-83
11:50:17,P69,5fbd4dbda8c16d2f9e0ebc70f811cf9fccef553a429b1f203a15a756d0e297e1,5,5,-83
11:50:17,P63,4c9b9b7921c60adada5801762daa34f799feff8dd70136e3af8f242812391b6a,3,5,-83
11:50:17,P6102,e2b38d35d6a93518fc1c2aea6ba8a5887dc0648b5aac4bc295df009a5c054b5a,0,11,-84
11:50:17,P66,7c28118dce6654900f09f716972c8b2f7aaba3eadfa8b014ea7a08e6e0a87966,3,5,-85
11:50:17,P63,fd854594817e33eb36d5a150b27e30d22912bcb017ddaa42a119f4d990c30e6d,3,13,-92
11:50:19,P67,00cc5f59ca1bdc9ff345e147629be7b1d99342a26d49586cf4b2b270ab8fc41e,0,5,-80
11:50:19,P67,1a05535977a77dab097336ef3bf4ad808fdb9510f0fe5a0d842d08087cb7d4a1,0,9,-89
11:50:19,P69,a81a446607bcddf0e0b80f1c8e40e3e3a1d34ce85b862b580c959cc2b1f3831a,5,13,-90
11:50:19,P63,85155d828d2e3a33e53f3ea28cab86267cc05c0f7a0c25d99180633d3ec7f40e,3,13,-92
11:50:21,P68,92a949cb653a60d7f29d6a8e40de7ced76a65919887d615f8596a98cd808630a,3,5,-76
11:50:21,P66,c7f9610982dd54f7074403902f122be75ce70a52f87cccb874ecc54af08f7481,3,5,-77
11:50:21,P6102,940ac55a01f275a64740f4d7f2fe3874b822ccaee64444f4b265e0bb5f787dd4,0,1,-78
11:50:21,P67,4353f5ee5a98f257fe5ede5065fd001f5c9d05598f7a8ba485cf4e42b98e9919,0,5,-78
11:50:21,P6102,e2b38d35d6a93518fc1c2aea6ba8a5887dc0648b5aac4bc295df009a5c054b5a,0,11,-81
11:50:21,P66,c43dbd2bbf91c9ea6df2658c97edfd73376c42ec29a93f82d091f3732ea96ffa,3,5,-88
11:50:21,P66,34f5a476b2d8fa9c4668f78b6556c3d7f8d393a55607644bc0a817b997444dc1,3,13,-89
11:50:21,P69,e307372bdb4c16b6b4dab53c34d3931d6a420fb63a87c0570c53360dcec225b9,5,5,-91
11:50:23,P66,c7f9610982dd54f7074403902f122be75ce70a52f87cccb874ecc54af08f7481,3,5,-72
11:50:23,P68,92a949cb653a60d7f29d6a8e40de7ced76a65919887d615f8596a98cd808630a,3,5,-72
11:50:23,P69,5fbd4dbda8c16d2f9e0ebc70f811cf9fccef553a429b1f203a15a756d0e297e1,5,5,-72
11:50:23,P67,4353f5ee5a98f257fe5ede5065fd001f5c9d05598f7a8ba485cf4e42b98e9919,0,5,-74
11:50:23,P67,1106d061fae6daab6b376d8521bd4ca4144c01f34a04cd34d56d31823cfb90f6,0,5,-78
11:50:23,P6102,e2b38d35d6a93518fc1c2aea6ba8a5887dc0648b5aac4bc295df009a5c054b5a,0,11,-81
11:50:23,P63,59bb16de183f570e9e9684c6c3b172598c02d9d4662345ddf9507cc50a92df53,3,9,-85
11:50:23,P6100,77d40a4f6d0b82edbb607dc67781746e1957f21e097cfd3f524a43e8b4f81d29,3,11,-88
11:50:25,P66,7c28118dce6654900f09f716972c8b2f7aaba3eadfa8b014ea7a08e6e0a87966,3,5,-75
11:50:25,P678,77ddcbcac6c970f0a1e2bd5cb248d71577c91612891d45c3e05d78f13b6b04c4,0,1,-77
11:50:25,P69,d9fe9e5b950ef09468a1675977d58f324d548e19aaded957c03025d93c839de7,5,5,-77
11:50:25,P68,3aff825636b113bf9d5553dcd301f2e1b82c61e81ca52befd86ecc9411d24fdf,3,5,-78
11:50:25,P667,48ba618e364b50064a4e3e9c53dacbbe03a306d163d644fb858e8416ffb1d9cb,3,10,-78
11:50:25,P68,f455080ee4ac794af1a82ffce10fa6be5d0b1e1c062debc7b9b61d5215eeb8ed,3,13,-80
11:50:25,P69,a81a446607bcddf0e0b80f1c8e40e3e3a1d34ce85b862b580c959cc2b1f3831a,5,13,-80
11:50:25,P67,ab0a7c25c6f423c4b90f8ab45dc726fba39d072a9d609a479623f3075aaf3f73,0,5,-83
11:50:25,P66,c43dbd2bbf91c9ea6df2658c97edfd73376c42ec29a93f82d091f3732ea96ffa,3,5,-85
11:50:25,P684,5a8e556d289012424e21893ff841a52ba1acd474aee0d20a3887f857c1f01cb1,5,1,-90
11:50:25,P67,d893802392b0cd832063606d813e0d17b57990516f9468cb03b9f5da769f9862,0,13,-91
11:50:27,P67,1106d061fae6daab6b376d8521bd4ca4144c01f34a04cd34d56d31823cfb90f6,0,5,-73
11:50:27,P63,85155d828d2e3a33e53f3ea28cab86267cc05c0f7a0c25d99180633d3ec7f40e,3,13,-79
11:50:27,P63,ca95b07823d522f58562da07f323ec22c239fcd1e16f95babdc05683f28b8741,3,13,-92
11:50:29,P667,48ba618e364b50064a4e3e9c53dacbbe03a306d163d644fb858e8416ffb1d9cb,3,10,-72
11:50:29,P69,d9fe9e5b950ef09468a1675977d58f324d548e19aaded957c03025d93c839de7,5,5,-75
11:50:29,P63,59bb16de183f570e9e9684c6c3b172598c02d9d4662345ddf9507cc50a92df53,3,9,-78
11:50:29,P68,92a949cb653a60d7f29d6a8e40de7ced76a65919887d615f8596a98cd808630a,3,5,-79
11:50:29,P6102,940ac55a01f275a64740f4d7f2fe3874b822ccaee64444f4b265e0bb5f787dd4,0,1,-80
11:50:29,P66,c7f9610982dd54f7074403902f122be75ce70a52f87cccb874ecc54af08f7481,3,5,-80
11:50:29,P6126,2e94d1e30eafa02385326a63cda5ee520fab0a8d8b62f01407f695847d9375b7,3,1,-82
11:50:29,P66,34f5a476b2d8fa9c4668f78b6556c3d7f8d393a55607644bc0a817b997444dc1,3,13,-84
11:50:29,P68,fefb10f36962cf57654b9dc5a9cedb1bff01f07a3f04f782dc46710ae460d88f,3,13,-86
11:50:29,P6100,77d40a4f6d0b82edbb607dc67781746e1957f21e097cfd3f524a43e8b4f81d29,3,11,-87
11:50:31,P67,4353f5ee5a98f257fe5ede5065fd001f5c9d05598f7a8ba485cf4e42b98e9919,0,5,-76
11:50:31,P68,3aff825636b113bf9d5553dcd301f2e1b82c61e81ca52befd86ecc9411d24fdf,3,5,-81
11:50:31,P67,b62d64f6093b288fb7703c22dbadab975fc45b04fae1ac8d16d7752a17537459,0,5,-86
11:50:31,P66,b40503deb0c44a23babf2605afb0827ed221cfa9165a596b387cd573c4690ffa,3,5,-86
11:50:31,P68,9b9d11e0b8516c819799a4945331783f3fe88b306d48479fd4143fad5f8e5576,3,5,-86
11:50:31,P67,13caef057e9fd6a16833ca2cedd6e7173113aa66fe93a211de260a133c392795,0,13,-87
11:50:31,P68,fefb10f36962cf57654b9dc5a9cedb1bff01f07a3f04f782dc46710ae460d88f,3,13,-87
11:50:31,P6100,77d40a4f6d0b82edbb607dc67781746e1957f21e097cfd3f524a43e8b4f81d29,3,11,-90
11:50:33,P67,1106d061fae6daab6b376d8521bd4ca4144c01f34a04cd34d56d31823cfb90f6,0,5,-68
11:50:33,P66,912716f585c4e1a96bb4b268f64f83e06e33c64c46505e9298b5cc3034ba8599,3,5,-69
11:50:33,P68,a6ee92f9874c6db110b8a546e5bfa7470a928311815dc8468e9cb4dabf6437fc,3,5,-69
11:50:33,P67,4353f5ee5a98f257fe5ede5065fd001f5c9d05598f7a8ba485cf4e42b98e9919,0,5,-74
11:50:33,P66,c7f9610982dd54f7074403902f122be75ce70a52f87cccb874ecc54af08f7481,3,5,-74
11:50:33,P67,94f9314af7b8a9710a58cef9a735ce4dbac17c9b226053764ac55dd2b5511bd5,0,5,-77
11:50:33,P66,7c28118dce6654900f09f716972c8b2f7aaba3eadfa8b014ea7a08e6e0a87966,3,5,-78
11:50:33,P68,3aff825636b113bf9d5553dcd301f2e1b82c61e81ca52befd86ecc9411d24fdf,3,5,-78
11:50:33,P67,00cc5f59ca1bdc9ff345e147629be7b1d99342a26d49586cf4b2b270ab8fc41e,0,5,-80
11:50:33,P667,48ba618e364b50064a4e3e9c53dacbbe03a306d163d644fb858e8416ffb1d9cb,3,10,-80
11:50:33,P68,f455080ee4ac794af1a82ffce10fa6be5d0b1e1c062debc7b9b61d5215eeb8ed,3,13,-80
11:50:33,P66,55b56ed73908c768b3e51b04990621b5f15585ceaee116dad73dda330a1762f8,3,13,-81
11:50:33,P6126,2e94d1e30eafa02385326a63cda5ee520fab0a8d8b62f01407f695847d9375b7,3,1,-83
11:50:33,P693,ec609d201b8ef98301d070c7a0a34a12d678544b3e2a1d266d211f67e5fde76f,3,1,-84
11:50:33,P66,03889dc26225f146cc4bc6bbc942a93249a6ee525131a2d9982ee2cbc987437c,3,5,-90
11:50:33,P67,e775ac1dc09d4f1b46ad6489c54185a8ff9b45eb53ee731900969edb60141503,0,5,-92
11:50:35,P67,1106d061fae6daab6b376d8521bd4ca4144c01f34a04cd34d56d31823cfb90f6,0,5,-73
11:50:35,P66,912716f585c4e1a96bb4b268f64f83e06e33c64c46505e9298b5cc3034ba8599,3,5,-73
11:50:35,P68,a6ee92f9874c6db110b8a546e5bfa7470a928311815dc8468e9cb4dabf6437fc,3,5,-73
11:50:35,P66,7c28118dce6654900f09f716972c8b2f7aaba3eadfa8b014ea7a08e6e0a87966,3,5,-74
11:50:35,P67,94f9314af7b8a9710a58cef9a735ce4dbac17c9b226053764ac55dd2b5511bd5,0,5,-75
11:50:35,P67,4353f5ee5a98f257fe5ede5065fd001f5c9d05598f7a8ba485cf4e42b98e9919,0,5,-81
11:50:35,P67,b62d64f6093b288fb7703c22dbadab975fc45b04fae1ac8d16d7752a17537459,0,5,-85
11:50:35,P66,b40503deb0c44a23babf2605afb0827ed221cfa9165a596b387cd573c4690ffa,3,5,-85
11:50:35,P67,13caef057e9fd6a16833ca2cedd6e7173113aa66fe93a211de260a133c392795,0,13,-87
11:50:35,P6100,77d40a4f6d0b82edbb607dc67781746e1957f21e097cfd3f524a43e8b4f81d29,3,11,-91
11:50:37,P67,4353f5ee5a98f257fe5ede5065fd001f5c9d05598f7a8ba485cf4e42b98e9919,0,5,-74
11:50:37,P63,a66b100759ac90574182f679dbc3d61a829dfeb000924a739945387104c51de5,3,5,-77
11:50:37,P66,0d68564cc41242f8e5233205683a6acb7f8b25190d1179ba038a078cb79e8554,3,5,-78
11:50:37,P69,71c8d7a4e958d4181df8a58a4eaf1b9114e295d1086040c7a7819d5b62f6868d,5,5,-79
11:50:37,P67,b62d64f6093b288fb7703c22dbadab975fc45b04fae1ac8d16d7752a17537459,0,5,-81
11:50:37,P68,a6ee92f9874c6db110b8a546e5bfa7470a928311815dc8468e9cb4dabf6437fc,3,5,-82
11:50:37,P68,fefb10f36962cf57654b9dc5a9cedb1bff01f07a3f04f782dc46710ae460d88f,3,13,-83
11:50:37,P66,7c28118dce6654900f09f716972c8b2f7aaba3eadfa8b014ea7a08e6e0a87966,3,5,-84
11:50:37,P69,f915639ed7526b9886773139dc50e04df0df6eca6b4b6c9cca2ac3f55bd4f579,5,13,-84
11:50:37,P63,e5ae075101d7017bd9d52fdaba7640bb2baca714205edaff823586f2fabe45ed,3,13,-84
11:50:37,P66,904c6eeb208bf35589a5d85b6b9b7df6d8d7c69e5d0254fb5c0f893d244178f3,3,9,-89
11:50:37,P6100,77d40a4f6d0b82edbb607dc67781746e1957f21e097cfd3f524a43e8b4f81d29,3,11,-89
11:50:37,P6126,2e94d1e30eafa02385326a63cda5ee520fab0a8d8b62f01407f695847d9375b7,3,1,-90
11:50:37,P6102,940ac55a01f275a64740f4d7f2fe3874b822ccaee64444f4b265e0bb5f787dd4,0,1,-91
11:50:39,P68,a551ffd8097fc93a3a299af31b9ae75a4bfc1e1d1ef43c9d50d991e7308fcdad,3,9,-70
11:50:39,P63,59bb16de183f570e9e9684c6c3b172598c02d9d4662345ddf9507cc50a92df53,3,9,-70
11:50:39,P67,1a05535977a77dab097336ef3bf4ad808fdb9510f0fe5a0d842d08087cb7d4a1,0,9,-71
11:50:39,P69,2ef453db5bee3b2a3b781a8c8fe335a80d4116df64d33a0c35f29e5c902d606b,5,9,-71
11:50:39,P68,a6ee92f9874c6db110b8a546e5bfa7470a928311815dc8468e9cb4dabf6437fc,3,5,-72
11:50:39,P63,c10f860d96af88411748dd2ae30c07d6e886f41b44c3566a06b9272ffeb724bb,3,5,-73
11:50:39,P67,94f9314af7b8a9710a58cef9a735ce4dbac17c9b226053764ac55dd2b5511bd5,0,5,-81
11:50:39,P655,bd00b94b38783f70f01dab6e9e8c98428d837fe4dab17c5ba332ad1f013e0780,3,1,-83
11:50:39,P68,08a5c4245df2609838ad2da7aeef677624bfb525ff9ab1ead172e0a05a6bb3fa,3,5,-86
11:50:39,P6126,2e94d1e30eafa02385326a63cda5ee520fab0a8d8b62f01407f695847d9375b7,3,1,-90
11:50:39,P686,c2e2c0ed508420b50e0d865badf4313979ea697343cc5ba0fefc1bbcbd648dad,3,2,-91
11:50:39,P69,51e80661bf7599efa76764a9f804591747039f3c197cc5438dfd9fc976e73585,5,13,-94
11:50:41,P63,4c9b9b7921c60adada5801762daa34f799feff8dd70136e3af8f242812391b6a,3,5,-66
11:50:41,P68,a6ee92f9874c6db110b8a546e5bfa7470a928311815dc8468e9cb4dabf6437fc,3,5,-73
11:50:41,P69,a26af2566f6d66c7ee4008b3ff138bae9c0d9638890102333439c30847cf6d61,5,5,-74
11:50:41,P68,fefb10f36962cf57654b9dc5a9cedb1bff01f07a3f04f782dc46710ae460d88f,3,13,-76
11:50:41,P667,48ba618e364b50064a4e3e9c53dacbbe03a306d163d644fb858e8416ffb1d9cb,3,10,-79
11:50:41,P66,55b56ed73908c768b3e51b04990621b5f15585ceaee116dad73dda330a1762f8,3,13,-79
11:50:41,P67,10dcc2cb3fa0e853f94e830e7e4c46691d6604c12676273ee855b2917f7fd096,0,13,-80
11:50:41,P68,3aff825636b113bf9d5553dcd301f2e1b82c61e81ca52befd86ecc9411d24fdf,3,5,-81
11:50:41,P67,e775ac1dc09d4f1b46ad6489c54185a8ff9b45eb53ee731900969edb60141503,0,5,-84
11:50:41,P6126,2e94d1e30eafa02385326a63cda5ee520fab0a8d8b62f01407f695847d9375b7,3,1,-85
11:50:41,P66,03889dc26225f146cc4bc6bbc942a93249a6ee525131a2d9982ee2cbc987437c,3,5,-86
11:50:41,P68,bac1d775e0873840f2aa681b624f0ad81283708a42321bf3cc810ddb004876e6,3,5,-86
11:50:41,P69,d11f7eaa0a04363fdfb2c2cc1ab5740dabe9d574933a4970b126200f278f90e8,5,13,-90
11:50:41,P63,ca95b07823d522f58562da07f323ec22c239fcd1e16f95babdc05683f28b8741,3,13,-90
11:50:41,P68,9b9d11e0b8516c819799a4945331783f3fe88b306d48479fd4143fad5f8e5576,3,5,-95
11:50:41,P68,194a7fe6b243338861b4b751057c0daf93a05bdece143df3807605defeb61088,3,13,-95
11:50:43,P6101,eb361d9bd6a52c45a3e44f99bde992a075b81a8e71265e7c7277ebc6786d0c4f,3,8,-67
11:50:43,P69,5fbd4dbda8c16d2f9e0ebc70f811cf9fccef553a429b1f203a15a756d0e297e1,5,5,-78
11:50:43,P67,ab0a7c25c6f423c4b90f8ab45dc726fba39d072a9d609a479623f3075aaf3f73,0,5,-78
11:50:43,P68,a6ee92f9874c6db110b8a546e5bfa7470a928311815dc8468e9cb4dabf6437fc,3,5,-81
11:50:43,P67,e775ac1dc09d4f1b46ad6489c54185a8ff9b45eb53ee731900969edb60141503,0,5,-91
11:50:43,P66,03889dc26225f146cc4bc6bbc942a93249a6ee525131a2d9982ee2cbc987437c,3,5,-91
11:50:45,P6101,eb361d9bd6a52c45a3e44f99bde992a075b81a8e71265e7c7277ebc6786d0c4f,3,8,-61
11:50:45,P695,cec829aa033ffbb4665903a312b8bc8509f77a356d328d90dc516bfc451cdbf7,0,6,-75
11:50:45,P694,49907d3b99996b8ef98ba03242e0c771e2db68f386c84b7149d2d3576065390b,5,6,-75
11:50:45,P698,007bbb4473d1a3d5438d08519f6d656443bd1b9b7212ef722931f2fa7a853233,5,6,-75
11:50:45,P6106,4d21a4847a62f1ce8d592b4fec2ed709eb9f6070c39f86094dc78438c4a67d97,3,6,-75
11:50:45,P63,4c9b9b7921c60adada5801762daa34f799feff8dd70136e3af8f242812391b6a,3,5,-76
11:50:45,P67,10dcc2cb3fa0e853f94e830e7e4c46691d6604c12676273ee855b2917f7fd096,0,13,-76
11:50:45,P69,f915639ed7526b9886773139dc50e04df0df6eca6b4b6c9cca2ac3f55bd4f579,5,13,-77
11:50:45,P667,48ba618e364b50064a4e3e9c53dacbbe03a306d163d644fb858e8416ffb1d9cb,3,10,-79
11:50:47,P6101,eb361d9bd6a52c45a3e44f99bde992a075b81a8e71265e7c7277ebc6786d0c4f,3,8,-64
11:50:47,P67,10dcc2cb3fa0e853f94e830e7e4c46691d6604c12676273ee855b2917f7fd096,0,13,-70
11:50:47,P66,55b56ed73908c768b3e51b04990621b5f15585ceaee116dad73dda330a1762f8,3,13,-71
11:50:47,P68,f455080ee4ac794af1a82ffce10fa6be5d0b1e1c062debc7b9b61d5215eeb8ed,3,13,-71
11:50:47,P667,48ba618e364b50064a4e3e9c53dacbbe03a306d163d644fb858e8416ffb1d9cb,3,10,-74
11:50:47,P69,f915639ed7526b9886773139dc50e04df0df6eca6b4b6c9cca2ac3f55bd4f579,5,13,-80
11:50:47,P67,ab0a7c25c6f423c4b90f8ab45dc726fba39d072a9d609a479623f3075aaf3f73,0,5,-81
11:50:47,P686,c2e2c0ed508420b50e0d865badf4313979ea697343cc5ba0fefc1bbcbd648dad,3,2,-83
11:50:47,P68,3aff825636b113bf9d5553dcd301f2e1b82c61e81ca52befd86ecc9411d24fdf,3,5,-83
11:50:47,P63,ca95b07823d522f58562da07f323ec22c239fcd1e16f95babdc05683f28b8741,3,13,-85
11:50:47,P684,5a8e556d289012424e21893ff841a52ba1acd474aee0d20a3887f857c1f01cb1,5,1,-89
11:50:47,P68,bac1d775e0873840f2aa681b624f0ad81283708a42321bf3cc810ddb004876e6,3,5,-90
11:50:50,P69,a81a446607bcddf0e0b80f1c8e40e3e3a1d34ce85b862b580c959cc2b1f3831a,5,13,-60
11:50:50,P63,85155d828d2e3a33e53f3ea28cab86267cc05c0f7a0c25d99180633d3ec7f40e,3,13,-61
11:50:50,P67,10dcc2cb3fa0e853f94e830e7e4c46691d6604c12676273ee855b2917f7fd096,0,13,-62
11:50:50,P66,55b56ed73908c768b3e51b04990621b5f15585ceaee116dad73dda330a1762f8,3,13,-62
11:50:50,P68,f455080ee4ac794af1a82ffce10fa6be5d0b1e1c062debc7b9b61d5215eeb8ed,3,13,-62
11:50:50,P68,3aff825636b113bf9d5553dcd301f2e1b82c61e81ca52befd86ecc9411d24fdf,3,5,-75
11:50:50,P66,904c6eeb208bf35589a5d85b6b9b7df6d8d7c69e5d0254fb5c0f893d244178f3,3,9,-81
11:50:50,P67,1a05535977a77dab097336ef3bf4ad808fdb9510f0fe5a0d842d08087cb7d4a1,0,9,-82
11:50:50,P68,a551ffd8097fc93a3a299af31b9ae75a4bfc1e1d1ef43c9d50d991e7308fcdad,3,9,-82
11:50:50,P69,2ef453db5bee3b2a3b781a8c8fe335a80d4116df64d33a0c35f29e5c902d606b,5,9,-82
11:50:50,P63,59bb16de183f570e9e9684c6c3b172598c02d9d4662345ddf9507cc50a92df53,3,9,-82
11:50:52,P67,4e3de8c622bcbef948b1800d2930ba9a6eb13880bd4efdc07a689fa8e3e2423a,0,13,-74
11:50:52,P66,7bf11f88dfac84b175ce631ace6f0c49552f094654339557183c552761b462c3,3,13,-74
11:50:52,P686,c2e2c0ed508420b50e0d865badf4313979ea697343cc5ba0fefc1bbcbd648dad,3,2,-77
11:50:52,P68,3aff825636b113bf9d5553dcd301f2e1b82c61e81ca52befd86ecc9411d24fdf,3,5,-77
11:50:52,P67,94f9314af7b8a9710a58cef9a735ce4dbac17c9b226053764ac55dd2b5511bd5,0,5,-78
11:50:52,P67,1106d061fae6daab6b376d8521bd4ca4144c01f34a04cd34d56d31823cfb90f6,0,5,-78
11:50:52,P68,08a5c4245df2609838ad2da7aeef677624bfb525ff9ab1ead172e0a05a6bb3fa,3,5,-80
11:50:52,P66,0d68564cc41242f8e5233205683a6acb7f8b25190d1179ba038a078cb79e8554,3,5,-83
11:50:52,P69,f915639ed7526b9886773139dc50e04df0df6eca6b4b6c9cca2ac3f55bd4f579,5,13,-85
11:50:52,P68,fefb10f36962cf57654b9dc5a9cedb1bff01f07a3f04f782dc46710ae460d88f,3,13,-87
11:50:52,P68,9b9d11e0b8516c819799a4945331783f3fe88b306d48479fd4143fad5f8e5576,3,5,-88
11:50:52,P69,e307372bdb4c16b6b4dab53c34d3931d6a420fb63a87c0570c53360dcec225b9,5,5,-88
11:50:52,P692,63988eb537753c1d5d3cf99e31f936330f76fea7b0374199c324a1f40e4b28ac,0,11,-88
11:50:52,P67,13caef057e9fd6a16833ca2cedd6e7173113aa66fe93a211de260a133c392795,0,13,-88
11:50:52,P66,34f5a476b2d8fa9c4668f78b6556c3d7f8d393a55607644bc0a817b997444dc1,3,13,-88
11:50:52,P67,b62d64f6093b288fb7703c22dbadab975fc45b04fae1ac8d16d7752a17537459,0,5,-90
11:50:52,P63,1e0f5e473724cab3e43c16eef5b0b0ed6e970fbc5ebb8c5e02f13eb135c16eb1,3,5,-90
11:50:54,P66,c43dbd2bbf91c9ea6df2658c97edfd73376c42ec29a93f82d091f3732ea96ffa,3,5,-75
11:50:54,P69,22f597205375a0efb9c827fe584d522953e855854d7bce638c84d4d58cd0cf99,5,5,-75
11:50:54,P63,b63e06a405601e21341afb86bd0013ca6769f0297aca46e0089397e200b330e4,3,5,-75
11:50:54,P686,c2e2c0ed508420b50e0d865badf4313979ea697343cc5ba0fefc1bbcbd648dad,3,2,-76
11:50:54,P667,48ba618e364b50064a4e3e9c53dacbbe03a306d163d644fb858e8416ffb1d9cb,3,10,-76
11:50:54,P63,179dc0f44280be91b5db1d32d408603dda391dcde489e0f6dbd3a0ed399843a6,3,5,-81
11:50:54,P68,f455080ee4ac794af1a82ffce10fa6be5d0b1e1c062debc7b9b61d5215eeb8ed,3,13,-81
11:50:54,P69,a81a446607bcddf0e0b80f1c8e40e3e3a1d34ce85b862b580c959cc2b1f3831a,5,13,-81
11:50:54,P63,85155d828d2e3a33e53f3ea28cab86267cc05c0f7a0c25d99180633d3ec7f40e,3,13,-81
11:50:54,P69,e4d907ee604e9de63be3586ee4537886dcbc8d9eace883ad7963163f4b12a4a6,5,5,-82
11:50:54,P68,cc77c2708def9a886cf8ecd08c2242963152bd89acc54b119052432e0620dff5,3,9,-90
11:50:54,P67,7f6ba439a0d2882967107b3665baebe0c75b3522336c86e7ac02af32c0757bd7,0,9,-91
11:50:54,P66,5d55ad330299fb5debe8b4d29b26e961400722b6807c3d239a73917d93e90846,3,9,-91
11:50:54,P69,6e07f6c89e378bbb2a5995e86fbd5b2e968bc505d5e4bd74ab19bd284cb26478,5,9,-91
11:50:54,P63,df4738444bd0a0395b18affe62b6bfa01794e3c25b3322b7c1080ffbfecfeed9,3,9,-91
11:50:56,P667,48ba618e364b50064a4e3e9c53dacbbe03a306d163d644fb858e8416ffb1d9cb,3,10,-63
11:50:56,P68,2a161f1a8f67709f70c7645d9b8c24177ae60022a844dd08c6edaee552cf0c0d,3,13,-65
11:50:56,P69,5fbd4dbda8c16d2f9e0ebc70f811cf9fccef553a429b1f203a15a756d0e297e1,5,5,-78
11:50:56,P63,4c9b9b7921c60adada5801762daa34f799feff8dd70136e3af8f242812391b6a,3,5,-78
11:50:56,P67,ab0a7c25c6f423c4b90f8ab45dc726fba39d072a9d609a479623f3075aaf3f73,0,5,-82
11:50:56,P6126,2e94d1e30eafa02385326a63cda5ee520fab0a8d8b62f01407f695847d9375b7,3,1,-86
11:50:56,P68,08a5c4245df2609838ad2da7aeef677624bfb525ff9ab1ead172e0a05a6bb3fa,3,5,-87
11:50:56,P69,26b41e3f671012f945323b4c3e71183f515119d3dd6325489510912579f3ad99,5,9,-89
11:50:56,P692,63988eb537753c1d5d3cf99e31f936330f76fea7b0374199c324a1f40e4b28ac,0,11,-93
11:50:58,P66,7bf11f88dfac84b175ce631ace6f0c49552f094654339557183c552761b462c3,3,13,-66
11:50:58,P68,2a161f1a8f67709f70c7645d9b8c24177ae60022a844dd08c6edaee552cf0c0d,3,13,-66
11:50:58,P68,d8b1af262bfe33f24c3f761a5c4f314dee430659ec17cefef8b6a29fdef8cbac,3,5,-67
11:50:58,P67,4e3de8c622bcbef948b1800d2930ba9a6eb13880bd4efdc07a689fa8e3e2423a,0,13,-67
11:50:58,P66,c43dbd2bbf91c9ea6df2658c97edfd73376c42ec29a93f82d091f3732ea96ffa,3,5,-68
11:50:58,P67,ab0a7c25c6f423c4b90f8ab45dc726fba39d072a9d609a479623f3075aaf3f73,0,5,-69
11:50:58,P6101,eb361d9bd6a52c45a3e44f99bde992a075b81a8e71265e7c7277ebc6786d0c4f,3,8,-77
11:50:58,P66,03889dc26225f146cc4bc6bbc942a93249a6ee525131a2d9982ee2cbc987437c,3,5,-78
11:50:58,P69,d9fe9e5b950ef09468a1675977d58f324d548e19aaded957c03025d93c839de7,5,5,-79
11:50:58,P67,e775ac1dc09d4f1b46ad6489c54185a8ff9b45eb53ee731900969edb60141503,0,5,-79
11:50:58,P68,bac1d775e0873840f2aa681b624f0ad81283708a42321bf3cc810ddb004876e6,3,5,-79
11:50:58,P63,05f95eba51ac9dadfd3f868cb6d04cfb0017a67b0d07489b346ff072c884e461,3,5,-80
11:50:58,P686,c2e2c0ed508420b50e0d865badf4313979ea697343cc5ba0fefc1bbcbd648dad,3,2,-81
11:50:58,P63,a66b100759ac90574182f679dbc3d61a829dfeb000924a739945387104c51de5,3,5,-82
11:50:58,P655,2aa6568ff676b2ff7bc542cd23db0cf8cb42d72c8332013022837e6cecdd38a8,3,11,-84
11:50:58,P69,a26af2566f6d66c7ee4008b3ff138bae9c0d9638890102333439c30847cf6d61,5,5,-86
11:50:58,P67,36743282aadf3680e561cc14e5b6aef80a3950b9edc403cb8de0e27bf58cde85,0,9,-88
11:50:58,P66,16d8535af8c84ac8c18104890ef6afeb797cb6c785bbaea4fd18a12ed6b26c63,3,9,-88
11:51:00,P67,b62d64f6093b288fb7703c22dbadab975fc45b04fae1ac8d16d7752a17537459,0,5,-61
11:51:00,P69,e307372bdb4c16b6b4dab53c34d3931d6a420fb63a87c0570c53360dcec225b9,5,5,-61
11:51:00,P66,b40503deb0c44a23babf2605afb0827ed221cfa9165a596b387cd573c4690ffa,3,5,-62
11:51:00,P68,9b9d11e0b8516c819799a4945331783f3fe88b306d48479fd4143fad5f8e5576,3,5,-62
11:51:00,P63,1e0f5e473724cab3e43c16eef5b0b0ed6e970fbc5ebb8c5e02f13eb135c16eb1,3,5,-63
11:51:00,P667,48ba618e364b50064a4e3e9c53dacbbe03a306d163d644fb858e8416ffb1d9cb,3,10,-71
11:51:00,P68,d8b1af262bfe33f24c3f761a5c4f314dee430659ec17cefef8b6a29fdef8cbac,3,5,-75
11:51:00,P67,e775ac1dc09d4f1b46ad6489c54185a8ff9b45eb53ee731900969edb60141503,0,5,-76
11:51:00,P66,7c28118dce6654900f09f716972c8b2f7aaba3eadfa8b014ea7a08e6e0a87966,3,5,-77
11:51:00,P67,ab0a7c25c6f423c4b90f8ab45dc726fba39d072a9d609a479623f3075aaf3f73,0,5,-78
11:51:00,P696,c093565523ab1a22d7c2e76f43803ec4a5153b3b2f7b54580ead2a38d3d9e137,3,6,-79
11:51:00,P67,4e3de8c622bcbef948b1800d2930ba9a6eb13880bd4efdc07a689fa8e3e2423a,0,13,-81
11:51:00,P66,7bf11f88dfac84b175ce631ace6f0c49552f094654339557183c552761b462c3,3,13,-82
11:51:02,P68,9b9d11e0b8516c819799a4945331783f3fe88b306d48479fd4143fad5f8e5576,3,5,-65
11:51:02,P69,e307372bdb4c16b6b4dab53c34d3931d6a420fb63a87c0570c53360dcec225b9,5,5,-65
11:51:02,P66,b40503deb0c44a23babf2605afb0827ed221cfa9165a596b387cd573c4690ffa,3,5,-66
11:51:02,P67,b62d64f6093b288fb7703c22dbadab975fc45b04fae1ac8d16d7752a17537459,0,5,-67
11:51:02,P68,f455080ee4ac794af1a82ffce10fa6be5d0b1e1c062debc7b9b61d5215eeb8ed,3,13,-83
11:51:02,P66,55b56ed73908c768b3e51b04990621b5f15585ceaee116dad73dda330a1762f8,3,13,-85
11:51:04,P63,179dc0f44280be91b5db1d32d408603dda391dcde489e0f6dbd3a0ed399843a6,3,5,-71
11:51:04,P69,e4d907ee604e9de63be3586ee4537886dcbc8d9eace883ad7963163f4b12a4a6,5,5,-74
11:51:04,P678,77ddcbcac6c970f0a1e2bd5cb248d71577c91612891d45c3e05d78f13b6b04c4,0,1,-77
11:51:04,P69,a81a446607bcddf0e0b80f1c8e40e3e3a1d34ce85b862b580c959cc2b1f3831a,5,13,-83
11:51:04,P66,55b56ed73908c768b3e51b04990621b5f15585ceaee116dad73dda330a1762f8,3,13,-84
11:51:04,P63,85155d828d2e3a33e53f3ea28cab86267cc05c0f7a0c25d99180633d3ec7f40e,3,13,-84
11:51:04,P68,f455080ee4ac794af1a82ffce10fa6be5d0b1e1c062debc7b9b61d5215eeb8ed,3,13,-85
11:51:04,P655,375f047f5b16d34db5cb5c4589ed9b3678b66cedad0625a286855dcf00c03396,3,1,-86
11:51:06,P66,03889dc26225f146cc4bc6bbc942a93249a6ee525131a2d9982ee2cbc987437c,3,5,-70
11:51:06,P68,bac1d775e0873840f2aa681b624f0ad81283708a42321bf3cc810ddb004876e6,3,5,-71
11:51:06,P66,7bf11f88dfac84b175ce631ace6f0c49552f094654339557183c552761b462c3,3,13,-74
11:51:06,P68,2a161f1a8f67709f70c7645d9b8c24177ae60022a844dd08c6edaee552cf0c0d,3,13,-74
11:51:06,P67,ab0a7c25c6f423c4b90f8ab45dc726fba39d072a9d609a479623f3075aaf3f73,0,5,-84
11:51:06,P66,c43dbd2bbf91c9ea6df2658c97edfd73376c42ec29a93f82d091f3732ea96ffa,3,5,-86
11:51:06,P68,f455080ee4ac794af1a82ffce10fa6be5d0b1e1c062debc7b9b61d5215eeb8ed,3,13,-86
11:51:06,P684,5a8e556d289012424e21893ff841a52ba1acd474aee0d20a3887f857c1f01cb1,5,1,-87
11:51:06,P66,55b56ed73908c768b3e51b04990621b5f15585ceaee116dad73dda330a1762f8,3,13,-87
11:51:06,P6127,72deb5149abfb0db3447855fb320e4cf8ea7e9fb8dd7d3a2f31f341038ac51c2,3,1,-89
11:51:06,P63,4c9b9b7921c60adada5801762daa34f799feff8dd70136e3af8f242812391b6a,3,5,-89
11:51:06,P685,a5ee7ed7a2651c5c0f432c6edd6b83b81efb06d172a6ac2d7391e833a15d6c16,3,1,-90
11:51:08,P66,03889dc26225f146cc4bc6bbc942a93249a6ee525131a2d9982ee2cbc987437c,3,5,-67
11:51:08,P68,bac1d775e0873840f2aa681b624f0ad81283708a42321bf3cc810ddb004876e6,3,5,-67
11:51:08,P67,e775ac1dc09d4f1b46ad6489c54185a8ff9b45eb53ee731900969edb60141503,0,5,-68
11:51:08,P63,179dc0f44280be91b5db1d32d408603dda391dcde489e0f6dbd3a0ed399843a6,3,5,-71
11:51:08,P69,e4d907ee604e9de63be3586ee4537886dcbc8d9eace883ad7963163f4b12a4a6,5,5,-72
11:51:08,P678,77ddcbcac6c970f0a1e2bd5cb248d71577c91612891d45c3e05d78f13b6b04c4,0,1,-76
11:51:08,P655,375f047f5b16d34db5cb5c4589ed9b3678b66cedad0625a286855dcf00c03396,3,1,-83
11:51:08,P6128,dcd7d9fe5d672bc09e1c8f612a8be28dcc3968ce1ec11123225a216fb689685f,3,6,-84
11:51:08,P67,1a05535977a77dab097336ef3bf4ad808fdb9510f0fe5a0d842d08087cb7d4a1,0,9,-84
11:51:08,P67,dba83b6db8d6f1540bd4961c99b91e1f639372cf7c913952630294a079dee6cf,0,9,-95
11:51:10,P66,03889dc26225f146cc4bc6bbc942a93249a6ee525131a2d9982ee2cbc987437c,3,5,-76
11:51:10,P68,bac1d775e0873840f2aa681b624f0ad81283708a42321bf3cc810ddb004876e6,3,5,-78
11:51:10,P655,375f047f5b16d34db5cb5c4589ed9b3678b66cedad0625a286855dcf00c03396,3,1,-81
11:51:10,P69,22f597205375a0efb9c827fe584d522953e855854d7bce638c84d4d58cd0cf99,5,5,-81
11:51:10,P669,a6c4f02f03d3282d100270c29f2ceef8b7cab05627449254047d6820c4417b0a,3,1,-82
11:51:10,P68,d8b1af262bfe33f24c3f761a5c4f314dee430659ec17cefef8b6a29fdef8cbac,3,5,-82
11:51:10,P6126,2e94d1e30eafa02385326a63cda5ee520fab0a8d8b62f01407f695847d9375b7,3,1,-86
11:51:10,P67,1a05535977a77dab097336ef3bf4ad808fdb9510f0fe5a0d842d08087cb7d4a1,0,9,-90
11:51:10,P67,d893802392b0cd832063606d813e0d17b57990516f9468cb03b9f5da769f9862,0,13,-92
11:51:10,P63,4f4c084e8f18f76590780e0a8bea09d808fb007deaee3626eff2c27d813af37d,3,13,-96
11:51:12,P69,e4d907ee604e9de63be3586ee4537886dcbc8d9eace883ad7963163f4b12a4a6,5,5,-61
11:51:12,P655,375f047f5b16d34db5cb5c4589ed9b3678b66cedad0625a286855dcf00c03396,3,1,-84
11:51:12,P63,b63e06a405601e21341afb86bd0013ca6769f0297aca46e0089397e200b330e4,3,5,-87
11:51:12,P68,65dad673fd48d9efde30348784e3282c19f7bb8591b9b9745d27199fd9a3e84b,3,13,-89
11:51:12,P67,d893802392b0cd832063606d813e0d17b57990516f9468cb03b9f5da769f9862,0,13,-90
11:51:12,P679,6f84c465ec261fb5a705b83bdf59709a40cc080a1f448da5854b4e5445809d48,4,1,-91
11:51:12,P66,2e4fc7f2a6337ea52fedf1b937ce9cdde8be4f0af7f9631c4aa26b351062d2a4,3,13,-91
11:51:14,P68,bac1d775e0873840f2aa681b624f0ad81283708a42321bf3cc810ddb004876e6,3,5,-63
11:51:14,P677,e5597f06d8790d15cab709e0e5c1d052c3525c1d8d2d48ea3eb6b85e7c1e7950,4,9,-86
11:51:16,P66,03889dc26225f146cc4bc6bbc942a93249a6ee525131a2d9982ee2cbc987437c,3,5,-54
11:51:16,P68,bac1d775e0873840f2aa681b624f0ad81283708a42321bf3cc810ddb004876e6,3,5,-55
11:51:16,P67,e775ac1dc09d4f1b46ad6489c54185a8ff9b45eb53ee731900969edb60141503,0,5,-56
11:51:16,P69,e4d907ee604e9de63be3586ee4537886dcbc8d9eace883ad7963163f4b12a4a6,5,5,-56
11:51:16,P63,179dc0f44280be91b5db1d32d408603dda391dcde489e0f6dbd3a0ed399843a6,3,5,-57
11:51:16,P655,375f047f5b16d34db5cb5c4589ed9b3678b66cedad0625a286855dcf00c03396,3,1,-73
11:51:16,P669,a6c4f02f03d3282d100270c29f2ceef8b7cab05627449254047d6820c4417b0a,3,1,-73
11:51:16,P68,9b9d11e0b8516c819799a4945331783f3fe88b306d48479fd4143fad5f8e5576,3,5,-79
11:51:16,P69,d46ae59d5b3c85a62d42614fc4c52738bab3d7649cf9568f85e9aea3501c5287,5,13,-81
11:51:16,P655,2aa6568ff676b2ff7bc542cd23db0cf8cb42d72c8332013022837e6cecdd38a8,3,11,-82
11:51:16,P63,fd854594817e33eb36d5a150b27e30d22912bcb017ddaa42a119f4d990c30e6d,3,13,-82
11:51:16,P66,b40503deb0c44a23babf2605afb0827ed221cfa9165a596b387cd573c4690ffa,3,5,-83
11:51:16,P674,41dbff9b10daa942c367ddd88723cc0c229f4d3dd86f208b71a5419e9348fc97,4,11,-83
11:51:16,P667,48ba618e364b50064a4e3e9c53dacbbe03a306d163d644fb858e8416ffb1d9cb,3,10,-85
11:51:16,P69,d9fe9e5b950ef09468a1675977d58f324d548e19aaded957c03025d93c839de7,5,5,-88
11:51:16,P6101,eb361d9bd6a52c45a3e44f99bde992a075b81a8e71265e7c7277ebc6786d0c4f,3,8,-88
11:51:16,P69,f915639ed7526b9886773139dc50e04df0df6eca6b4b6c9cca2ac3f55bd4f579,5,13,-88
11:51:16,P69,22f597205375a0efb9c827fe584d522953e855854d7bce638c84d4d58cd0cf99,5,5,-89
11:51:16,P63,e5ae075101d7017bd9d52fdaba7640bb2baca714205edaff823586f2fabe45ed,3,13,-90
11:51:16,P63,ca95b07823d522f58562da07f323ec22c239fcd1e16f95babdc05683f28b8741,3,13,-90
11:51:16,P69,d11f7eaa0a04363fdfb2c2cc1ab5740dabe9d574933a4970b126200f278f90e8,5,13,-92
11:51:19,P669,a6c4f02f03d3282d100270c29f2ceef8b7cab05627449254047d6820c4417b0a,3,1,-67
11:51:19,P655,375f047f5b16d34db5cb5c4589ed9b3678b66cedad0625a286855dcf00c03396,3,1,-68
11:51:19,P67,e775ac1dc09d4f1b46ad6489c54185a8ff9b45eb53ee731900969edb60141503,0,5,-77
11:51:19,P66,03889dc26225f146cc4bc6bbc942a93249a6ee525131a2d9982ee2cbc987437c,3,5,-77
11:51:19,P674,41dbff9b10daa942c367ddd88723cc0c229f4d3dd86f208b71a5419e9348fc97,4,11,-82
11:51:19,P68,086bb564c3c17f7bbc9c5c8447b92656bd17cccb8db868989031cf929fcfe8e1,3,13,-95
11:51:21,P669,a6c4f02f03d3282d100270c29f2ceef8b7cab05627449254047d6820c4417b0a,3,1,-77
11:51:21,P655,375f047f5b16d34db5cb5c4589ed9b3678b66cedad0625a286855dcf00c03396,3,1,-78
11:51:21,P68,bac1d775e0873840f2aa681b624f0ad81283708a42321bf3cc810ddb004876e6,3,5,-87
11:51:21,P66,c43dbd2bbf91c9ea6df2658c97edfd73376c42ec29a93f82d091f3732ea96ffa,3,5,-88
11:51:21,P68,d5b9d021e6fac9231bc4acb492bc1dd61fb8b307ab8f12061d438ee5504b75e4,3,13,-92
11:51:22,P69,e4d907ee604e9de63be3586ee4537886dcbc8d9eace883ad7963163f4b12a4a6,5,5,-77
11:51:22,P63,179dc0f44280be91b5db1d32d408603dda391dcde489e0f6dbd3a0ed399843a6,3,5,-77
11:51:22,P669,a6c4f02f03d3282d100270c29f2ceef8b7cab05627449254047d6820c4417b0a,3,1,-78
11:51:22,P655,375f047f5b16d34db5cb5c4589ed9b3678b66cedad0625a286855dcf00c03396,3,1,-79
11:51:22,P69,81066bcd683c59c0b5d9fda5888e059c5627c8f1e675d7aa188334dba3fb01a6,5,9,-86
11:51:22,P67,d893802392b0cd832063606d813e0d17b57990516f9468cb03b9f5da769f9862,0,13,-86
11:51:22,P66,2e4fc7f2a6337ea52fedf1b937ce9cdde8be4f0af7f9631c4aa26b351062d2a4,3,13,-87
11:51:22,P6129,918bf727bfe620f8fa4b9309981d748291baa67ad0bd4a03597c2f4e909f1cd7,4,11,-90
11:51:22,P670,753af1f779b38066f3f2e7115c655aebf42d596904e79011093ff8a79bc34a79,3,3,-92
11:51:22,P63,b63e06a405601e21341afb86bd0013ca6769f0297aca46e0089397e200b330e4,3,5,-92
11:51:22,P67,e9b4ceffcde14574b3193f38fe06258a8c253c7d3faa09e05fbb8c67c705676d,0,9,-96
11:51:25,P655,375f047f5b16d34db5cb5c4589ed9b3678b66cedad0625a286855dcf00c03396,3,1,-74
11:51:25,P669,a6c4f02f03d3282d100270c29f2ceef8b7cab05627449254047d6820c4417b0a,3,1,-74
11:51:25,P69,e4d907ee604e9de63be3586ee4537886dcbc8d9eace883ad7963163f4b12a4a6,5,5,-77
11:51:25,P63,179dc0f44280be91b5db1d32d408603dda391dcde489e0f6dbd3a0ed399843a6,3,5,-79
11:51:25,P670,753af1f779b38066f3f2e7115c655aebf42d596904e79011093ff8a79bc34a79,3,3,-86
11:51:25,P66,2e4fc7f2a6337ea52fedf1b937ce9cdde8be4f0af7f9631c4aa26b351062d2a4,3,13,-90
11:51:25,P69,916cecbf7d5d68f1a22cead0117d7a75421bcc7baaeb148929879f23e446ef19,5,5,-92
11:51:25,P66,87cbb1a7318334b62366924aa1956a056b7fd69c16ebad776a0a8fdd25eeaa67,3,9,-94
11:51:25,P67,ce0403b6a66c5db348c257f4c087e531107d901552e671aeef1933ca7eb23df7,0,9,-95
11:51:25,P68,744e7c0e2bb86ac14bdb6896c95aba1db1598650d8dd9be63eec4e95792a5452,3,9,-95
11:51:26,P655,375f047f5b16d34db5cb5c4589ed9b3678b66cedad0625a286855dcf00c03396,3,1,-80
11:51:26,P669,a6c4f02f03d3282d100270c29f2ceef8b7cab05627449254047d6820c4417b0a,3,1,-80
11:51:26,P670,753af1f779b38066f3f2e7115c655aebf42d596904e79011093ff8a79bc34a79,3,3,-87
11:51:26,P66,b40503deb0c44a23babf2605afb0827ed221cfa9165a596b387cd573c4690ffa,3,5,-91
11:51:28,P655,2aa6568ff676b2ff7bc542cd23db0cf8cb42d72c8332013022837e6cecdd38a8,3,11,-84
11:51:28,P669,7f86124665427933da96816ac256af5639859ae20e6be67cdbba37f5b2713ec0,3,11,-86
11:51:28,P663,b0f9d9131d745cd6e48a412c0443d8fae75b1c1eacfd277d9a16c1bec700ccc2,1,6,-88
11:51:28,P643,5424a86605cbfb3e0dc3025583ba09ec68cd88e5520a72aa168b5b5b24cd6040,5,6,-88
11:51:28,P67,10dcc2cb3fa0e853f94e830e7e4c46691d6604c12676273ee855b2917f7fd096,0,13,-94
11:51:28,P66,55b56ed73908c768b3e51b04990621b5f15585ceaee116dad73dda330a1762f8,3,13,-95
11:51:28,P68,f455080ee4ac794af1a82ffce10fa6be5d0b1e1c062debc7b9b61d5215eeb8ed,3,13,-96
11:51:30,P69,e4d907ee604e9de63be3586ee4537886dcbc8d9eace883ad7963163f4b12a4a6,5,5,-81
11:51:30,P69,916cecbf7d5d68f1a22cead0117d7a75421bcc7baaeb148929879f23e446ef19,5,5,-85
11:51:30,P63,b63e06a405601e21341afb86bd0013ca6769f0297aca46e0089397e200b330e4,3,5,-88
11:51:30,P69,cfb2ee24a4e8225544cc055f33ffba3b3d6d68ad26b7decaa38162a2be9f2636,5,13,-89
11:51:30,P63,fd3e67a45127473284867a1785c96655534cbcfd3360aada0cd1b3cbca3b702f,3,13,-90
11:51:30,P69,81066bcd683c59c0b5d9fda5888e059c5627c8f1e675d7aa188334dba3fb01a6,5,9,-91
11:51:32,P67,dba83b6db8d6f1540bd4961c99b91e1f639372cf7c913952630294a079dee6cf,0,9,-80
11:51:32,P67,d893802392b0cd832063606d813e0d17b57990516f9468cb03b9f5da769f9862,0,13,-81
11:51:32,P66,2e4fc7f2a6337ea52fedf1b937ce9cdde8be4f0af7f9631c4aa26b351062d2a4,3,13,-82
11:51:32,P67,ce0403b6a66c5db348c257f4c087e531107d901552e671aeef1933ca7eb23df7,0,9,-84
11:51:32,P655,375f047f5b16d34db5cb5c4589ed9b3678b66cedad0625a286855dcf00c03396,3,1,-86
11:51:32,P669,a6c4f02f03d3282d100270c29f2ceef8b7cab05627449254047d6820c4417b0a,3,1,-86
11:51:32,P678,77ddcbcac6c970f0a1e2bd5cb248d71577c91612891d45c3e05d78f13b6b04c4,0,1,-87
11:51:32,P68,d5b9d021e6fac9231bc4acb492bc1dd61fb8b307ab8f12061d438ee5504b75e4,3,13,-87
11:51:34,P663,b0f9d9131d745cd6e48a412c0443d8fae75b1c1eacfd277d9a16c1bec700ccc2,1,6,-78
11:51:34,P643,5424a86605cbfb3e0dc3025583ba09ec68cd88e5520a72aa168b5b5b24cd6040,5,6,-79
11:51:34,P657,b064d2165d658a972865f5a994eeb927b0c7ea9ca22cfb0076ce37fa71c06325,4,1,-86
11:51:34,P66,b40503deb0c44a23babf2605afb0827ed221cfa9165a596b387cd573c4690ffa,3,5,-87
11:51:34,P650,db5775fe05e9a341f0883dd51a531549c64ec0db3bd36f6b20a887a597789182,5,1,-89
11:51:36,P66,87cbb1a7318334b62366924aa1956a056b7fd69c16ebad776a0a8fdd25eeaa67,3,9,-84
11:51:38,P68,ac0d84ff6f9c33b9f0d21b50e657271705ee15c2819df7721d722c9bbf701103,3,9,-66
11:51:38,P69,82fabb5755d75369d454cac6121e1d9104ce95e3412b6d9c9f3c1b41e21f5fa0,5,9,-66
11:51:38,P63,6624edfac5c34b3d7c238ca05b5038773e71d3e50b8b80caae56123a63ff8409,3,9,-66
11:51:38,P66,882b8c1bc140ee17c46b654b19ed8c4a41018e5b42bea8fc67d64fa14f1fbd88,3,9,-70
11:51:38,P67,dba83b6db8d6f1540bd4961c99b91e1f639372cf7c913952630294a079dee6cf,0,9,-71
11:51:38,P69,d46ae59d5b3c85a62d42614fc4c52738bab3d7649cf9568f85e9aea3501c5287,5,13,-76
11:51:38,P67,d9f5b5850fbe0c46af96ce80445b37a50f7f181ad16323c3f9a3409390f6d8d2,0,5,-79
11:51:38,P68,a741b043e4f1d3efd0b2acf7262a083df73323644bea34f7ddc7c02d44508f73,3,5,-79
11:51:38,P66,f80ad563c4bfc670785fd074910edf3a683fccdd4edb04eae2afe04c13bfe441,3,5,-80
11:51:38,P667,48ba618e364b50064a4e3e9c53dacbbe03a306d163d644fb858e8416ffb1d9cb,3,10,-88
11:51:38,P67,7c42a717d639602add454c23108d62a0af09f82f3df5e02877edf54bedf91a7d,0,13,-88
11:51:38,P66,f34c7fafe13fe148ab2d52c3006543dcd33b51d92b759aeb123dc52b4d36fad1,3,13,-89
11:51:38,P67,b62d64f6093b288fb7703c22dbadab975fc45b04fae1ac8d16d7752a17537459,0,5,-90
11:51:40,P63,6624edfac5c34b3d7c238ca05b5038773e71d3e50b8b80caae56123a63ff8409,3,9,-74
11:51:40,P67,dba83b6db8d6f1540bd4961c99b91e1f639372cf7c913952630294a079dee6cf,0,9,-75
11:51:40,P66,882b8c1bc140ee17c46b654b19ed8c4a41018e5b42bea8fc67d64fa14f1fbd88,3,9,-75
11:51:40,P68,ac0d84ff6f9c33b9f0d21b50e657271705ee15c2819df7721d722c9bbf701103,3,9,-75
11:51:40,P69,82fabb5755d75369d454cac6121e1d9104ce95e3412b6d9c9f3c1b41e21f5fa0,5,9,-75
11:51:40,P66,87cbb1a7318334b62366924aa1956a056b7fd69c16ebad776a0a8fdd25eeaa67,3,9,-82
11:51:40,P69,d46ae59d5b3c85a62d42614fc4c52738bab3d7649cf9568f85e9aea3501c5287,5,13,-85
11:51:40,P69,e4d907ee604e9de63be3586ee4537886dcbc8d9eace883ad7963163f4b12a4a6,5,5,-88
11:51:40,P63,179dc0f44280be91b5db1d32d408603dda391dcde489e0f6dbd3a0ed399843a6,3,5,-88
11:51:42,P66,882b8c1bc140ee17c46b654b19ed8c4a41018e5b42bea8fc67d64fa14f1fbd88,3,9,-75
11:51:42,P63,6624edfac5c34b3d7c238ca05b5038773e71d3e50b8b80caae56123a63ff8409,3,9,-75
11:51:42,P67,dba83b6db8d6f1540bd4961c99b91e1f639372cf7c913952630294a079dee6cf,0,9,-76
11:51:42,P68,ac0d84ff6f9c33b9f0d21b50e657271705ee15c2819df7721d722c9bbf701103,3,9,-76
11:51:42,P67,d893802392b0cd832063606d813e0d17b57990516f9468cb03b9f5da769f9862,0,13,-77
11:51:42,P69,cfb2ee24a4e8225544cc055f33ffba3b3d6d68ad26b7decaa38162a2be9f2636,5,13,-83
11:51:42,P63,fd3e67a45127473284867a1785c96655534cbcfd3360aada0cd1b3cbca3b702f,3,13,-90
11:51:42,P69,e4d907ee604e9de63be3586ee4537886dcbc8d9eace883ad7963163f4b12a4a6,5,5,-94
11:51:44,P63,6624edfac5c34b3d7c238ca05b5038773e71d3e50b8b80caae56123a63ff8409,3,9,-74
11:51:44,P69,82fabb5755d75369d454cac6121e1d9104ce95e3412b6d9c9f3c1b41e21f5fa0,5,9,-77
11:51:44,P67,ce0403b6a66c5db348c257f4c087e531107d901552e671aeef1933ca7eb23df7,0,9,-89
11:51:44,P63,1e0f5e473724cab3e43c16eef5b0b0ed6e970fbc5ebb8c5e02f13eb135c16eb1,3,5,-92
11:51:46,P68,ac0d84ff6f9c33b9f0d21b50e657271705ee15c2819df7721d722c9bbf701103,3,9,-78
11:51:46,P66,882b8c1bc140ee17c46b654b19ed8c4a41018e5b42bea8fc67d64fa14f1fbd88,3,9,-79
11:51:46,P67,dba83b6db8d6f1540bd4961c99b91e1f639372cf7c913952630294a079dee6cf,0,9,-80
11:51:46,P66,2e4fc7f2a6337ea52fedf1b937ce9cdde8be4f0af7f9631c4aa26b351062d2a4,3,13,-80
11:51:46,P67,ce0403b6a66c5db348c257f4c087e531107d901552e671aeef1933ca7eb23df7,0,9,-84
11:51:46,P663,df4fa962bca42164c20b33a36d0fc5afdf869aa7b7c9b3979f089f62f400e993,1,1,-85
11:51:46,P643,9daf4490216ce0d156002d8a75c43e82287ef5c01a35bd2bc0a5762a7e807d8b,5,1,-85
11:51:46,P664,f1aeecbeab1d1f2adf0766cdb180b8bb7d8a83dc96c0e0e353d10df97680332f,0,11,-86
11:51:46,P6130,eacc05590df96e68f355554052cbc3a1e47f8693b5f8ac8be2daf44fee63a24f,5,11,-91
11:51:46,P63,958dccbfdc756485c9fdb61431413b880b130dfa0f07b493c84713da474ae650,3,9,-93
11:51:46,P68,60641de71e4bee773152bb486ef585d304375b574f5b3cc4aee719e3d28d4ef3,3,9,-93
11:51:46,P69,9cc006a32aabea4440d8bfe4b4a62a2d31fd35125544a972b6d7b1a5b5681a67,5,9,-94
11:51:46,P67,f04359ffcb02fe17ca6d81309ad7ba5ccfac14114c5475c69eb76fab0a8583a0,0,9,-94
11:51:46,P6131,5bc29c6f969b18cc6ca1f9279c9eef3cef909d529e28e469fdd695557bc51cc9,4,6,-95
11:51:46,P6132,9a15a7606e8791083e0bdc251387fd4c9f46561e2bf65f99b40c637f6352043f,5,11,-95
11:51:46,P66,00d83641c9d1851ba1f78420946e75b920484a77c82b01bac93b79a538916bde,3,9,-97
11:51:48,P663,b0f9d9131d745cd6e48a412c0443d8fae75b1c1eacfd277d9a16c1bec700ccc2,1,6,-70
11:51:48,P69,d46ae59d5b3c85a62d42614fc4c52738bab3d7649cf9568f85e9aea3501c5287,5,13,-83
11:51:48,P675,4e8530e0ddceed0154c57ea5f1b7e5dc7dee21643df54911357f61ef50a91b94,4,1,-92
11:51:50,P663,b0f9d9131d745cd6e48a412c0443d8fae75b1c1eacfd277d9a16c1bec700ccc2,1,6,-62
11:51:50,P643,5424a86605cbfb3e0dc3025583ba09ec68cd88e5520a72aa168b5b5b24cd6040,5,6,-63
11:51:50,P664,f1aeecbeab1d1f2adf0766cdb180b8bb7d8a83dc96c0e0e353d10df97680332f,0,11,-73
11:51:50,P66,2a272d5cb1bafef5f02b81f8cc666624c793da0ba4890cd3f8d6feedf7070775,3,13,-76
11:51:50,P68,ac0444dc7a6b031e539b99ff30df6427f4a7516ee06a599409e76db8175f7b05,3,13,-77
11:51:50,P69,cfb2ee24a4e8225544cc055f33ffba3b3d6d68ad26b7decaa38162a2be9f2636,5,13,-79
11:51:50,P63,fd3e67a45127473284867a1785c96655534cbcfd3360aada0cd1b3cbca3b702f,3,13,-81
11:51:50,P68,dc77977c37f7916426ddbf502cce04b2583789847802a6974996500d7e1c7255,3,5,-89
11:51:50,P63,6d468a0b1c770330aab0f18dc51b8b308fd9257fe8dd423560efcc97ae211cb6,3,5,-91
11:51:52,P663,b0f9d9131d745cd6e48a412c0443d8fae75b1c1eacfd277d9a16c1bec700ccc2,1,6,-63
11:51:52,P643,5424a86605cbfb3e0dc3025583ba09ec68cd88e5520a72aa168b5b5b24cd6040,5,6,-64
11:51:54,P643,5424a86605cbfb3e0dc3025583ba09ec68cd88e5520a72aa168b5b5b24cd6040,5,6,-74
11:51:54,P663,b0f9d9131d745cd6e48a412c0443d8fae75b1c1eacfd277d9a16c1bec700ccc2,1,6,-75
11:51:54,P67,8fb7aa8d989ddde3cb5a9288d6cf236837c5939c590a2b339953d9d31ed5e996,0,13,-79
11:51:54,P68,ac0444dc7a6b031e539b99ff30df6427f4a7516ee06a599409e76db8175f7b05,3,13,-79
11:51:54,P69,cfb2ee24a4e8225544cc055f33ffba3b3d6d68ad26b7decaa38162a2be9f2636,5,13,-79
11:51:54,P63,fd3e67a45127473284867a1785c96655534cbcfd3360aada0cd1b3cbca3b702f,3,13,-79
11:51:54,P66,2a272d5cb1bafef5f02b81f8cc666624c793da0ba4890cd3f8d6feedf7070775,3,13,-80
11:51:54,P63,e201672e15a8e8dc4641c42b101bf94b31c13ab340089d02c47b19bdb81a17e1,3,9,-90
11:51:54,P69,81066bcd683c59c0b5d9fda5888e059c5627c8f1e675d7aa188334dba3fb01a6,5,9,-92
11:51:56,P663,b0f9d9131d745cd6e48a412c0443d8fae75b1c1eacfd277d9a16c1bec700ccc2,1,6,-81
11:51:56,P643,5424a86605cbfb3e0dc3025583ba09ec68cd88e5520a72aa168b5b5b24cd6040,5,6,-81
11:51:56,P67,c485765176fdb6e7958769647c4792939948e26812f8a9a282a68648aad9fa7d,0,5,-89
11:51:56,P68,d5b9d021e6fac9231bc4acb492bc1dd61fb8b307ab8f12061d438ee5504b75e4,3,13,-96
11:51:56,P6133,47c210ebe0870ab6c3197aa87db0365f6319acc55146dc685de7250d3a8a164f,0,11,-97
11:51:58,P6134,cc5860712cd360f0f16cc20e097c2022aaf0270b3adcdb90cef4a526e1f8dd8a,3,6,-72
11:51:58,P6134,a0609702d0165b6dd1f1a09cb58c35f987c46586013966472ee5b028f7cd88ba,3,11,-78
11:52:00,P6134,cc5860712cd360f0f16cc20e097c2022aaf0270b3adcdb90cef4a526e1f8dd8a,3,6,-67
11:52:00,P67,8fb7aa8d989ddde3cb5a9288d6cf236837c5939c590a2b339953d9d31ed5e996,0,13,-69
11:52:00,P66,2a272d5cb1bafef5f02b81f8cc666624c793da0ba4890cd3f8d6feedf7070775,3,13,-69
11:52:00,P68,ac0444dc7a6b031e539b99ff30df6427f4a7516ee06a599409e76db8175f7b05,3,13,-70
11:52:00,P6134,a0609702d0165b6dd1f1a09cb58c35f987c46586013966472ee5b028f7cd88ba,3,11,-73
11:52:00,P643,5424a86605cbfb3e0dc3025583ba09ec68cd88e5520a72aa168b5b5b24cd6040,5,6,-78
11:52:00,P6135,f78d98cb269fe49f2ee982ef3291bacb92cda644f915ae310ed81ba3692b915b,4,1,-84
11:52:00,P6136,ad1c6dbbf35c02466d55a945bf80f4ec9d2b3af4adb72f9c3cb4736af5920cc0,3,1,-91
11:52:02,P6134,cc5860712cd360f0f16cc20e097c2022aaf0270b3adcdb90cef4a526e1f8dd8a,3,6,-64
11:52:02,P663,554b8818bec49b135ff4ab45cfb56d627ae3ffac7c96ae7f19e6ea418a6131fd,1,1,-78
11:52:02,P643,793afc4854467c8bdad5a42437b681bcce657fa3f2454b6dd4259560a88e94a6,5,1,-79
11:52:02,P66,c5da61acc08ab85609fbdad7671d95b4a421d0df740743eb7a74643cd6407f0c,3,9,-87
11:52:02,P67,7703fdce973b5e96fa5e9bb0e0643e04792587dbf3c2e3b901100c0e1780c16f,0,9,-88
11:52:02,P68,0732d169758fa8697a7811db040063b8fab9c282250e9440decb530e5352ff3b,3,9,-88
11:52:02,P6137,94fc69bfaa7004cd8682dd58df3394089cd848eeb8a2f74e0a5ab9f0df8f4d78,3,11,-94
11:52:02,P69,82fabb5755d75369d454cac6121e1d9104ce95e3412b6d9c9f3c1b41e21f5fa0,5,9,-95
11:52:02,P68,ac0d84ff6f9c33b9f0d21b50e657271705ee15c2819df7721d722c9bbf701103,3,9,-96
11:52:04,P66,2a272d5cb1bafef5f02b81f8cc666624c793da0ba4890cd3f8d6feedf7070775,3,13,-73
11:52:04,P6138,870bb53bbaba47dfa386770a20954196dcff0b499c6fdc2e1230e0fe1fd9da42,3,1,-87
11:52:04,P63,b121464cf3d6cea4ae6f553629e7d99df6bd19816ae51c7a37c8af64c4c62e1b,3,13,-92
11:52:06,P6134,a0609702d0165b6dd1f1a09cb58c35f987c46586013966472ee5b028f7cd88ba,3,11,-70
11:52:06,P6134,cc5860712cd360f0f16cc20e097c2022aaf0270b3adcdb90cef4a526e1f8dd8a,3,6,-71
11:52:06,P63,8acc5596460701f30aeb42410ea01b125e355575b69af64e199525c34e91fe1b,3,9,-86
11:52:06,P6139,9115b7d1d3707d047883c0db0f4884c00b319aba0d724783c756e249e85d336d,4,1,-87
11:52:06,P69,d43f9f2bc8902dac0257f9c9a80000ae68673f724b1435b10ff67f4c722aa7bc,5,9,-87
11:52:06,P67,1106d061fae6daab6b376d8521bd4ca4144c01f34a04cd34d56d31823cfb90f6,0,5,-90
11:52:06,P67,e98933b5f75b69dae10e88f11e6d5210cbe319865e880efb787309dfb57b1e66,0,13,-91
11:52:06,P64,49c2f85516da1ac110f55d19d8954f030a5a87fb1e5aca647533edd58dbf7c3a,2,11,-95
11:52:08,P6134,a0609702d0165b6dd1f1a09cb58c35f987c46586013966472ee5b028f7cd88ba,3,11,-69
11:52:08,P6134,cc5860712cd360f0f16cc20e097c2022aaf0270b3adcdb90cef4a526e1f8dd8a,3,6,-70
11:52:08,P6139,9115b7d1d3707d047883c0db0f4884c00b319aba0d724783c756e249e85d336d,4,1,-77
11:52:08,P69,cfb2ee24a4e8225544cc055f33ffba3b3d6d68ad26b7decaa38162a2be9f2636,5,13,-79
11:52:08,P63,fd3e67a45127473284867a1785c96655534cbcfd3360aada0cd1b3cbca3b702f,3,13,-80
11:52:08,P6140,251135c3d33b224db1974bd8fa0c108840c4ccc72c06274907e928db7f184302,5,11,-83
11:52:08,P66,2c670a73159247bddfa25cdbcfca206310152545cace9f5c836196a3dbe02f28,3,5,-85
11:52:10,P6141,6e0255d024ccbccb14a42a84d5d37e23e49aa0b94c8f277775882e31c956b44f,0,1,-87
11:52:10,P612,fa908b5b879be707f9811d1b44c6409f4390cbd02592966a590ffc90044ff7be,5,1,-88
11:52:10,P67,d893802392b0cd832063606d813e0d17b57990516f9468cb03b9f5da769f9862,0,13,-89
11:52:10,P6142,9dfa8315f9310c58b91c75cb8ebf35ae7d256e479424eedeb2c9a044f4de96b5,5,1,-90
11:52:10,P66,87cbb1a7318334b62366924aa1956a056b7fd69c16ebad776a0a8fdd25eeaa67,3,9,-91
11:52:10,P68,744e7c0e2bb86ac14bdb6896c95aba1db1598650d8dd9be63eec4e95792a5452,3,9,-91
11:52:10,P69,81066bcd683c59c0b5d9fda5888e059c5627c8f1e675d7aa188334dba3fb01a6,5,9,-91
11:52:10,P6143,7ba31e6d43ac51487bbd51ed592243cb41a98e8ac12231a2d0018d90a56483ca,0,9,-92
11:52:10,P63,a19096e2fddfe105b302b37054bc39175de238eca5c303861dd3aa02951564e2,3,5,-97
11:52:12,P6139,9115b7d1d3707d047883c0db0f4884c00b319aba0d724783c756e249e85d336d,4,1,-78
11:52:12,P63,fd3e67a45127473284867a1785c96655534cbcfd3360aada0cd1b3cbca3b702f,3,13,-80
11:52:12,P6144,8f69202b0bddf4cd219fa1161a564c67b1564e23e7a3469dbc2717bdd3961a9a,0,1,-85
11:52:12,P6145,229280557de42b36304a8c2521e6b3df4a43963642077f8ce0a2c703842d0a56,0,1,-86
11:52:12,P68,dc77977c37f7916426ddbf502cce04b2583789847802a6974996500d7e1c7255,3,5,-87
11:52:12,P69,81066bcd683c59c0b5d9fda5888e059c5627c8f1e675d7aa188334dba3fb01a6,5,9,-93
11:52:12,P67,d893802392b0cd832063606d813e0d17b57990516f9468cb03b9f5da769f9862,0,13,-93
11:52:14,P6139,9115b7d1d3707d047883c0db0f4884c00b319aba0d724783c756e249e85d336d,4,1,-73
11:52:14,P67,7703fdce973b5e96fa5e9bb0e0643e04792587dbf3c2e3b901100c0e1780c16f,0,9,-80
11:52:14,P66,c5da61acc08ab85609fbdad7671d95b4a421d0df740743eb7a74643cd6407f0c,3,9,-81
11:52:14,P68,0732d169758fa8697a7811db040063b8fab9c282250e9440decb530e5352ff3b,3,9,-81
11:52:14,P69,d43f9f2bc8902dac0257f9c9a80000ae68673f724b1435b10ff67f4c722aa7bc,5,9,-81
11:52:14,P63,8acc5596460701f30aeb42410ea01b125e355575b69af64e199525c34e91fe1b,3,9,-81
11:52:14,P6146,f9bb34b8644b7151acc104771da7d238cd854f12f7b1e6da70a596fc2e52a00e,3,8,-84
11:52:14,P643,793afc4854467c8bdad5a42437b681bcce657fa3f2454b6dd4259560a88e94a6,5,1,-87
11:52:16,P68,30a4f58f44c5108c77d607a88671b07cd8fcda4ba62713cba5da1240dbd02de2,3,13,-86
11:52:16,P69,5799a9c7a5d21a627e6a5e1305502f0e7ca7c6b2efc51042db27b379c89b0a25,5,13,-87
11:52:16,P66,80bcd244e033e1ea3ed6b7f6933ed2a2c39d62d82b44a5bd9c6c8f89d53905d3,3,13,-94
11:52:16,P63,1442c4b0e6b4911cffbf04a049e22029a2c156ae5bfc7057050bb1766c77f0ed,3,13,-96
11:52:16,P67,cdb4df8918fadbbf86d8afac6d58e9413d6127024bd68bb9c9fca595d21884b2,0,13,-98
11:52:18,P6134,cc5860712cd360f0f16cc20e097c2022aaf0270b3adcdb90cef4a526e1f8dd8a,3,6,-82
11:52:18,P66,2a272d5cb1bafef5f02b81f8cc666624c793da0ba4890cd3f8d6feedf7070775,3,13,-85
11:52:18,P67,cdb4df8918fadbbf86d8afac6d58e9413d6127024bd68bb9c9fca595d21884b2,0,13,-89
11:52:20,P67,7703fdce973b5e96fa5e9bb0e0643e04792587dbf3c2e3b901100c0e1780c16f,0,9,-56
11:52:20,P66,c5da61acc08ab85609fbdad7671d95b4a421d0df740743eb7a74643cd6407f0c,3,9,-56
11:52:20,P69,d43f9f2bc8902dac0257f9c9a80000ae68673f724b1435b10ff67f4c722aa7bc,5,9,-56
11:52:20,P63,8acc5596460701f30aeb42410ea01b125e355575b69af64e199525c34e91fe1b,3,9,-56
11:52:20,P68,0732d169758fa8697a7811db040063b8fab9c282250e9440decb530e5352ff3b,3,9,-57
11:52:20,P6147,635be986f5489d85ca3a4145826c86e2a7772d972ca5d3c2c69af1bea8fdb221,3,6,-79
11:52:20,P6148,542a92c8726f85958356f50c5cc7ad8b2c36accfe23ac74d1edd60c52f9d34a5,0,6,-81
11:52:20,P69,21777e5e5c83b5d99aa60c371b5321ea9abfc3a722e0b3d99c1849ad0caf6c90,5,5,-88
11:52:20,P68,6cff437832d849ed7d8fb703dd4791850beb0ed5199c40b8467235cffc974c47,3,5,-89
11:52:20,P66,e8edeb6bf5c75b05a7f9a3338e9d85d9122d478e6a3bfb70aa7edccdfe3dc190,3,5,-91
11:52:20,P67,e48b0821b2dfa0addae83be1867917d327c98a195fdc05112e65f8427b375931,0,5,-92
11:52:20,P6146,f9bb34b8644b7151acc104771da7d238cd854f12f7b1e6da70a596fc2e52a00e,3,8,-94
11:52:22,P66,c5da61acc08ab85609fbdad7671d95b4a421d0df740743eb7a74643cd6407f0c,3,9,-66
11:52:22,P63,8acc5596460701f30aeb42410ea01b125e355575b69af64e199525c34e91fe1b,3,9,-66
11:52:22,P69,d43f9f2bc8902dac0257f9c9a80000ae68673f724b1435b10ff67f4c722aa7bc,5,9,-67
11:52:22,P68,0732d169758fa8697a7811db040063b8fab9c282250e9440decb530e5352ff3b,3,9,-68
11:52:22,P67,7703fdce973b5e96fa5e9bb0e0643e04792587dbf3c2e3b901100c0e1780c16f,0,9,-69
11:52:22,P67,c485765176fdb6e7958769647c4792939948e26812f8a9a282a68648aad9fa7d,0,5,-79
11:52:22,P6147,635be986f5489d85ca3a4145826c86e2a7772d972ca5d3c2c69af1bea8fdb221,3,6,-82
11:52:22,P6134,cc5860712cd360f0f16cc20e097c2022aaf0270b3adcdb90cef4a526e1f8dd8a,3,6,-82
11:52:22,P6148,542a92c8726f85958356f50c5cc7ad8b2c36accfe23ac74d1edd60c52f9d34a5,0,6,-83
11:52:22,P6134,a0609702d0165b6dd1f1a09cb58c35f987c46586013966472ee5b028f7cd88ba,3,11,-86
11:52:22,P67,cac7bd3c7ba984b162efabb191833617cdd3f5cdfa78355cbad7a229e8a0097f,0,13,-89
11:52:22,P69,30a0245d6a949136350cf89b3fe68e929abce60c91d2a93beb23328e1659e700,5,13,-89
11:52:22,P66,0a27df65e336b75d3bafda6eb54009191fdbfcc6d59e8dbe3b4ea16e8305e806,3,13,-91
11:52:22,P67,b64233ae6aae1d541f538a9cdfaa0eceb940981bbecf2e88c2c9bf01c96e0a55,0,13,-91
11:52:22,P66,c57dffcc8831e5951c79ac5c6ffdb3e8ca85eb61e7abf3ffad76434511f04a7e,3,13,-95
11:52:24,P623,a334c78e9666a4b46d4e59eb4815521bb6fc1c9b7109cdc4787e1aa2678ae087,5,11,-84
11:52:24,P6134,cc5860712cd360f0f16cc20e097c2022aaf0270b3adcdb90cef4a526e1f8dd8a,3,6,-85
11:52:24,P6149,918f67c48f5f8e0713c77659b51fdb663f4e7f62d57a676b4a78572e96aabb0c,3,1,-90
11:52:24,P66,0a27df65e336b75d3bafda6eb54009191fdbfcc6d59e8dbe3b4ea16e8305e806,3,13,-91
11:52:24,P68,6cff437832d849ed7d8fb703dd4791850beb0ed5199c40b8467235cffc974c47,3,5,-93
11:52:24,P66,e559a94fb0f14c92c84d9ce7d073e540b43295254b001a4bdff65a530509e033,3,13,-93
11:52:24,P68,7707107a78f5436858ce95f429ddefe30141a5b5f0b72bba26d77f0a75ee3a4b,3,13,-93
11:52:26,P68,3162535206d48eceb9f898af256a1e74433114a486ba7820e1c439097f1110bd,3,13,-79
11:52:26,P69,6f8a0927e1e06cc634d51ba2f813b25fe0fc41990febcfa94359e7912439bbe8,5,13,-79
11:52:26,P63,6e1a6a5fcf7725ad5ab63ae6225b58d438cba4fec82e423e45441149a7c5c437,3,13,-79
11:52:26,P67,c485765176fdb6e7958769647c4792939948e26812f8a9a282a68648aad9fa7d,0,5,-83
11:52:26,P67,fb2eb113d96d93a89274fa198c75290627605aed3bb6c8d5e57538fb61a64455,0,13,-88
11:52:26,P69,30a0245d6a949136350cf89b3fe68e929abce60c91d2a93beb23328e1659e700,5,13,-88
11:52:26,P66,6f7b41c4e934bfab8894e56a5123a888567ac868bec924f9bd738ea49598c759,3,13,-90
11:52:26,P63,b121464cf3d6cea4ae6f553629e7d99df6bd19816ae51c7a37c8af64c4c62e1b,3,13,-90
11:52:26,P61,6757e50fa194a9a9ab921adeec5f85610c44fb6dc6befb9ae9a1f352b270d2fe,0,9,-91
11:52:26,P68,7a233f361bb216199020e42eea0bab3f3e4c2453dd1f185b07cce152cfce0f9f,3,13,-93
11:52:28,P6148,542a92c8726f85958356f50c5cc7ad8b2c36accfe23ac74d1edd60c52f9d34a5,0,11,-77
11:52:28,P66,2328c350612c91e51414cbceec6a0cfc1d11b0f2071119ba628b1db9cdbe132f,3,13,-82
11:52:28,P68,30a4f58f44c5108c77d607a88671b07cd8fcda4ba62713cba5da1240dbd02de2,3,13,-82
11:52:28,P61,7994e1d55e270023b1edd16e8675b8d5e5119c564d78cc2df6d90de2db9014d8,0,4,-84
11:52:28,P69,cfb2ee24a4e8225544cc055f33ffba3b3d6d68ad26b7decaa38162a2be9f2636,5,13,-84
11:52:28,P63,fd3e67a45127473284867a1785c96655534cbcfd3360aada0cd1b3cbca3b702f,3,13,-84
11:52:28,P68,3162535206d48eceb9f898af256a1e74433114a486ba7820e1c439097f1110bd,3,13,-86
11:52:30,P68,0732d169758fa8697a7811db040063b8fab9c282250e9440decb530e5352ff3b,3,9,-79
11:52:30,P69,d43f9f2bc8902dac0257f9c9a80000ae68673f724b1435b10ff67f4c722aa7bc,5,9,-79
11:52:30,P61,88e9094b352969fb4ccec603824148b50c89dfdc48fd8ac685eab14514397538,0,9,-80
11:52:30,P66,c5da61acc08ab85609fbdad7671d95b4a421d0df740743eb7a74643cd6407f0c,3,9,-80
11:52:30,P6147,d1a86bad941decfd493e3a73db90c7d2315c4f9331ab06772bd15ea59ad4543e,3,1,-83
11:52:30,P69,ca0900b2840c4f2b81567280f76332e1ba422bdaa912724d052018206cda9020,5,5,-85
11:52:30,P68,6e6467c31734e636bbbecb9e5d605391d29fa4ded882bdf91fbfdbc4896de2d3,3,5,-86
11:52:30,P67,ae75e4780819d66c13c5204e6736e973104942adc807efa62738f46d02ba69eb,0,5,-87
11:52:30,P66,c21ac611e04866028a091222aafef5fcb7ef0db44da76e7361200e774f2cae0c,3,13,-88
11:52:30,P68,7a233f361bb216199020e42eea0bab3f3e4c2453dd1f185b07cce152cfce0f9f,3,13,-89
11:52:30,P68,bc9cf6017b69685e2d89f1416b0c5a0b3e31b554c9ed769cb851b4c6138f83d1,3,13,-89
11:52:30,P66,e8edeb6bf5c75b05a7f9a3338e9d85d9122d478e6a3bfb70aa7edccdfe3dc190,3,5,-92
11:52:32,P6147,635be986f5489d85ca3a4145826c86e2a7772d972ca5d3c2c69af1bea8fdb221,3,11,-72
11:52:32,P61,7994e1d55e270023b1edd16e8675b8d5e5119c564d78cc2df6d90de2db9014d8,0,4,-74
11:52:32,P61,6757e50fa194a9a9ab921adeec5f85610c44fb6dc6befb9ae9a1f352b270d2fe,0,9,-75
11:52:32,P63,8acc5596460701f30aeb42410ea01b125e355575b69af64e199525c34e91fe1b,3,9,-76
11:52:32,P67,c485765176fdb6e7958769647c4792939948e26812f8a9a282a68648aad9fa7d,0,5,-81
11:52:32,P69,407b57c7885492251316c35b07514f11c75e76fc7d0eab8bd81ff43189135930,5,5,-88
11:52:32,P61,88e9094b352969fb4ccec603824148b50c89dfdc48fd8ac685eab14514397538,0,9,-88
11:52:32,P69,30a0245d6a949136350cf89b3fe68e929abce60c91d2a93beb23328e1659e700,5,13,-88
11:52:32,P67,280bf74cffd01ed3a69f01d795f0ecb81540c51d48d1750b55c6d55a3b7f6963,0,13,-90
11:52:32,P68,bc9cf6017b69685e2d89f1416b0c5a0b3e31b554c9ed769cb851b4c6138f83d1,3,13,-90
11:52:32,P68,2fb61bb5965feff40b9a7eb67d4dd4c67aa810f6321ad990abd7935e8c31e904,3,13,-94
11:52:34,P6148,542a92c8726f85958356f50c5cc7ad8b2c36accfe23ac74d1edd60c52f9d34a5,0,11,-75
11:52:34,P6147,635be986f5489d85ca3a4145826c86e2a7772d972ca5d3c2c69af1bea8fdb221,3,11,-76
11:52:34,P63,6e1a6a5fcf7725ad5ab63ae6225b58d438cba4fec82e423e45441149a7c5c437,3,13,-79
11:52:34,P66,80bcd244e033e1ea3ed6b7f6933ed2a2c39d62d82b44a5bd9c6c8f89d53905d3,3,13,-81
11:52:34,P68,3162535206d48eceb9f898af256a1e74433114a486ba7820e1c439097f1110bd,3,13,-81
11:52:34,P69,6f8a0927e1e06cc634d51ba2f813b25fe0fc41990febcfa94359e7912439bbe8,5,13,-82
11:52:34,P6150,82a2f72c8885fe0e70814ba9d471889ad6e064c14fd6f58f5fa39937b34e2937,3,11,-87
11:52:34,P6151,9763705afdbcdb53735e636cf232685328a2580abc77baef755558452079b713,3,11,-89
11:52:34,P68,ac0444dc7a6b031e539b99ff30df6427f4a7516ee06a599409e76db8175f7b05,3,13,-91
11:52:36,P6147,635be986f5489d85ca3a4145826c86e2a7772d972ca5d3c2c69af1bea8fdb221,3,11,-78
11:52:36,P6147,8a0bf6cee7ffc1c407c1f9f2f60b5b817de262b38be0ef4faad7d10fb2790d36,3,6,-80
11:52:36,P6150,e64a894b9fab92ad8f6f57003ce2dfc579c2d4f0bc0c025d121fad1b3b8cd709,3,1,-84
11:52:36,P6151,d30f753602beec5eb0ceada9589959a2474c37369e5bb3762cc0427350a594ea,3,1,-84
11:52:36,P61,7994e1d55e270023b1edd16e8675b8d5e5119c564d78cc2df6d90de2db9014d8,0,4,-86
11:52:36,P67,044fbadeb255d5f348b2ea66629ac927635f213b1c5825b42d42ff35565bbc29,0,13,-86
11:52:36,P66,2328c350612c91e51414cbceec6a0cfc1d11b0f2071119ba628b1db9cdbe132f,3,13,-87
11:52:38,P6147,d1a86bad941decfd493e3a73db90c7d2315c4f9331ab06772bd15ea59ad4543e,3,1,-75
11:52:38,P6148,542a92c8726f85958356f50c5cc7ad8b2c36accfe23ac74d1edd60c52f9d34a5,0,11,-75
11:52:38,P6147,635be986f5489d85ca3a4145826c86e2a7772d972ca5d3c2c69af1bea8fdb221,3,11,-77
11:52:38,P66,80bcd244e033e1ea3ed6b7f6933ed2a2c39d62d82b44a5bd9c6c8f89d53905d3,3,13,-79
11:52:38,P68,3162535206d48eceb9f898af256a1e74433114a486ba7820e1c439097f1110bd,3,13,-79
11:52:38,P69,6f8a0927e1e06cc634d51ba2f813b25fe0fc41990febcfa94359e7912439bbe8,5,13,-79
11:52:38,P63,6e1a6a5fcf7725ad5ab63ae6225b58d438cba4fec82e423e45441149a7c5c437,3,13,-79
11:52:38,P6152,5e0a433f6a64e782687dafdb6c6f60f4418853fb586746774a7cf1c5748fadb6,0,1,-80
11:52:38,P6144,7eace87f59602dfdf33295f514a0a54458efb25c2c24d3b6128c3495e6e3ea4f,0,1,-83
11:52:38,P6153,4bff76cdf2a8987279373c5d15c5a2d71300cf07e058513a17ba4dff27761657,3,1,-88
11:52:38,P66,48c3b2de610ee6f2475d2af34ffafd156cffca7e9d95058646e6ee11852566c0,3,13,-89
11:52:38,P68,bc9cf6017b69685e2d89f1416b0c5a0b3e31b554c9ed769cb851b4c6138f83d1,3,13,-90
11:52:38,P67,044fbadeb255d5f348b2ea66629ac927635f213b1c5825b42d42ff35565bbc29,0,13,-93
11:52:40,P6147,d1a86bad941decfd493e3a73db90c7d2315c4f9331ab06772bd15ea59ad4543e,3,1,-75
11:52:40,P6145,074324c0c541190f9f4670247c5abd25d712459d95e471802ebe89fd3db47703,0,1,-83
11:52:40,P623,a334c78e9666a4b46d4e59eb4815521bb6fc1c9b7109cdc4787e1aa2678ae087,5,11,-83
11:52:40,P67,cac7bd3c7ba984b162efabb191833617cdd3f5cdfa78355cbad7a229e8a0097f,0,13,-85
11:52:40,P68,0732d169758fa8697a7811db040063b8fab9c282250e9440decb530e5352ff3b,3,9,-88
11:52:42,P6147,d1a86bad941decfd493e3a73db90c7d2315c4f9331ab06772bd15ea59ad4543e,3,1,-69
11:52:42,P6148,94f9ff1469476c89234b03b781c4301744a6c7eb8fcdc85cffde44032cfa558c,0,1,-70
11:52:42,P69,21777e5e5c83b5d99aa60c371b5321ea9abfc3a722e0b3d99c1849ad0caf6c90,5,5,-82
11:52:42,P6145,074324c0c541190f9f4670247c5abd25d712459d95e471802ebe89fd3db47703,0,1,-83
11:52:42,P6147,635be986f5489d85ca3a4145826c86e2a7772d972ca5d3c2c69af1bea8fdb221,3,11,-83
11:52:44,P6147,d1a86bad941decfd493e3a73db90c7d2315c4f9331ab06772bd15ea59ad4543e,3,1,-73
11:52:44,P6148,94f9ff1469476c89234b03b781c4301744a6c7eb8fcdc85cffde44032cfa558c,0,1,-73
11:52:44,P6148,542a92c8726f85958356f50c5cc7ad8b2c36accfe23ac74d1edd60c52f9d34a5,0,11,-77
11:52:44,P6147,635be986f5489d85ca3a4145826c86e2a7772d972ca5d3c2c69af1bea8fdb221,3,11,-78
11:52:44,P6152,5e0a433f6a64e782687dafdb6c6f60f4418853fb586746774a7cf1c5748fadb6,0,1,-79
11:52:44,P68,0732d169758fa8697a7811db040063b8fab9c282250e9440decb530e5352ff3b,3,9,-81
11:52:44,P67,7703fdce973b5e96fa5e9bb0e0643e04792587dbf3c2e3b901100c0e1780c16f,0,9,-82
11:52:44,P66,c5da61acc08ab85609fbdad7671d95b4a421d0df740743eb7a74643cd6407f0c,3,9,-82
11:52:44,P6147,8a0bf6cee7ffc1c407c1f9f2f60b5b817de262b38be0ef4faad7d10fb2790d36,3,6,-83
11:52:44,P6148,4d9202e4a9261577dc42d982b5f54a3cb9d885d2b5115c32e6b9f224a6056e57,0,6,-84
11:52:44,P66,6098916209ce8b8bb63c60422423b0f4312f55791edabb2ba3f07b35969fa7e1,3,5,-85
11:52:44,P67,7704c94b87675d4c4b66b79ac33439dcfe6d16c183ba4ad327577de35e26d00b,0,5,-93
11:52:44,P63,1442c4b0e6b4911cffbf04a049e22029a2c156ae5bfc7057050bb1766c77f0ed,3,13,-94
11:52:46,P6147,d1a86bad941decfd493e3a73db90c7d2315c4f9331ab06772bd15ea59ad4543e,3,1,-65
11:52:46,P6148,94f9ff1469476c89234b03b781c4301744a6c7eb8fcdc85cffde44032cfa558c,0,1,-67
11:52:46,P68,3162535206d48eceb9f898af256a1e74433114a486ba7820e1c439097f1110bd,3,13,-90
11:52:46,P63,4a183c8577cd54fad0d1cfaca2663c9fc9882eced20b2a3107a1a473be1e7475,3,13,-92
11:52:46,P68,ac0444dc7a6b031e539b99ff30df6427f4a7516ee06a599409e76db8175f7b05,3,13,-95
11:52:48,P6148,94f9ff1469476c89234b03b781c4301744a6c7eb8fcdc85cffde44032cfa558c,0,1,-67
11:52:48,P6147,d1a86bad941decfd493e3a73db90c7d2315c4f9331ab06772bd15ea59ad4543e,3,1,-69
11:52:48,P6147,635be986f5489d85ca3a4145826c86e2a7772d972ca5d3c2c69af1bea8fdb221,3,11,-86
11:52:48,P6151,9763705afdbcdb53735e636cf232685328a2580abc77baef755558452079b713,3,11,-91
11:52:48,P6150,82a2f72c8885fe0e70814ba9d471889ad6e064c14fd6f58f5fa39937b34e2937,3,11,-92
11:52:48,P63,b121464cf3d6cea4ae6f553629e7d99df6bd19816ae51c7a37c8af64c4c62e1b,3,13,-92
11:52:50,P6147,d1a86bad941decfd493e3a73db90c7d2315c4f9331ab06772bd15ea59ad4543e,3,1,-71
11:52:50,P60 {4},0bcae6cbb4ca6fa9998d1f20b954a01cf84f019e8bafbedd9160678d48b127b2,3,6,-73
11:52:50,P6152,5e0a433f6a64e782687dafdb6c6f60f4418853fb586746774a7cf1c5748fadb6,0,1,-81
11:52:50,P6155,060d5e22eb76320c029c50bd5a4d7f5bc842520eddb9c571396170cb6a4001c9,3,1,-84
11:52:50,P6147,635be986f5489d85ca3a4145826c86e2a7772d972ca5d3c2c69af1bea8fdb221,3,11,-86
11:52:50,P66,80bcd244e033e1ea3ed6b7f6933ed2a2c39d62d82b44a5bd9c6c8f89d53905d3,3,13,-89
11:52:50,P67,cdb4df8918fadbbf86d8afac6d58e9413d6127024bd68bb9c9fca595d21884b2,0,13,-90
11:52:50,P68,3162535206d48eceb9f898af256a1e74433114a486ba7820e1c439097f1110bd,3,13,-90
11:52:50,P63,dbecc8c7bf5c8e96235c1b7814e41dc0aaa85682eff848baf1902bcc67d05432,3,13,-91
11:52:50,P68,d5b9d021e6fac9231bc4acb492bc1dd61fb8b307ab8f12061d438ee5504b75e4,3,13,-91
11:52:50,P63,c38715b20ee3e684d98f4e2b1d2408d5bcf6088fc6e5e25357454d54ca26ef14,3,5,-92
11:52:50,P66,2328c350612c91e51414cbceec6a0cfc1d11b0f2071119ba628b1db9cdbe132f,3,13,-93
11:52:50,P68,30a4f58f44c5108c77d607a88671b07cd8fcda4ba62713cba5da1240dbd02de2,3,13,-94
11:52:52,P6147,d1a86bad941decfd493e3a73db90c7d2315c4f9331ab06772bd15ea59ad4543e,3,1,-63
11:52:52,P69,f3f95c48d929bca8f3a8de53bfa957c2280e558379a9ad141ef0abe30eabf9e3,5,13,-86
11:52:52,P68,6cff437832d849ed7d8fb703dd4791850beb0ed5199c40b8467235cffc974c47,3,5,-95
11:52:54,P60 {4},0bcae6cbb4ca6fa9998d1f20b954a01cf84f019e8bafbedd9160678d48b127b2,3,6,-59
11:52:54,P67,c485765176fdb6e7958769647c4792939948e26812f8a9a282a68648aad9fa7d,0,5,-89
11:52:54,P69,5799a9c7a5d21a627e6a5e1305502f0e7ca7c6b2efc51042db27b379c89b0a25,5,13,-92
11:52:54,P67,cdb4df8918fadbbf86d8afac6d58e9413d6127024bd68bb9c9fca595d21884b2,0,13,-93
11:52:54,P66,80bcd244e033e1ea3ed6b7f6933ed2a2c39d62d82b44a5bd9c6c8f89d53905d3,3,13,-95
11:52:56,P6147,d1a86bad941decfd493e3a73db90c7d2315c4f9331ab06772bd15ea59ad4543e,3,1,-75
11:52:56,P6148,94f9ff1469476c89234b03b781c4301744a6c7eb8fcdc85cffde44032cfa558c,0,1,-76
11:52:56,P68,2fb61bb5965feff40b9a7eb67d4dd4c67aa810f6321ad990abd7935e8c31e904,3,13,-92
11:52:58,P60 {4},0bcae6cbb4ca6fa9998d1f20b954a01cf84f019e8bafbedd9160678d48b127b2,3,6,-72
11:52:58,P6147,8a0bf6cee7ffc1c407c1f9f2f60b5b817de262b38be0ef4faad7d10fb2790d36,3,6,-86
11:52:58,P6152,5e0a433f6a64e782687dafdb6c6f60f4418853fb586746774a7cf1c5748fadb6,0,1,-88
11:53:00,P6147,d1a86bad941decfd493e3a73db90c7d2315c4f9331ab06772bd15ea59ad4543e,3,1,-66
11:53:00,P6148,94f9ff1469476c89234b03b781c4301744a6c7eb8fcdc85cffde44032cfa558c,0,1,-67
11:53:00,P6147,8a0bf6cee7ffc1c407c1f9f2f60b5b817de262b38be0ef4faad7d10fb2790d36,3,6,-75
11:53:00,P6148,4d9202e4a9261577dc42d982b5f54a3cb9d885d2b5115c32e6b9f224a6056e57,0,6,-76
11:53:00,P68,823c4d4c521c101e54579ec1def591c690112004eecb7fb7f8706bee6d9a8fdc,3,13,-86
11:53:00,P69,ca0900b2840c4f2b81567280f76332e1ba422bdaa912724d052018206cda9020,5,5,-89
11:53:00,P68,d5b9d021e6fac9231bc4acb492bc1dd61fb8b307ab8f12061d438ee5504b75e4,3,13,-89
11:53:00,P63,a19096e2fddfe105b302b37054bc39175de238eca5c303861dd3aa02951564e2,3,5,-90
11:53:00,P67,cac7bd3c7ba984b162efabb191833617cdd3f5cdfa78355cbad7a229e8a0097f,0,13,-90
11:53:00,P66,0a27df65e336b75d3bafda6eb54009191fdbfcc6d59e8dbe3b4ea16e8305e806,3,13,-90
11:53:00,P61,7994e1d55e270023b1edd16e8675b8d5e5119c564d78cc2df6d90de2db9014d8,0,4,-91
11:53:00,P67,044fbadeb255d5f348b2ea66629ac927635f213b1c5825b42d42ff35565bbc29,0,13,-94
11:53:02,P6147,d1a86bad941decfd493e3a73db90c7d2315c4f9331ab06772bd15ea59ad4543e,3,1,-67
11:53:02,P67,b64233ae6aae1d541f538a9cdfaa0eceb940981bbecf2e88c2c9bf01c96e0a55,0,13,-85
11:53:02,P68,823c4d4c521c101e54579ec1def591c690112004eecb7fb7f8706bee6d9a8fdc,3,13,-85
11:53:02,P66,48c3b2de610ee6f2475d2af34ffafd156cffca7e9d95058646e6ee11852566c0,3,13,-86
11:53:02,P69,6f8a0927e1e06cc634d51ba2f813b25fe0fc41990febcfa94359e7912439bbe8,5,13,-91
11:53:02,P63,6e1a6a5fcf7725ad5ab63ae6225b58d438cba4fec82e423e45441149a7c5c437,3,13,-91
11:53:02,P61,6757e50fa194a9a9ab921adeec5f85610c44fb6dc6befb9ae9a1f352b270d2fe,0,9,-92
11:53:04,P6147,d1a86bad941decfd493e3a73db90c7d2315c4f9331ab06772bd15ea59ad4543e,3,1,-69
11:53:04,P6148,94f9ff1469476c89234b03b781c4301744a6c7eb8fcdc85cffde44032cfa558c,0,1,-70
11:53:04,P6148,4d9202e4a9261577dc42d982b5f54a3cb9d885d2b5115c32e6b9f224a6056e57,0,6,-78
11:53:04,P6147,8a0bf6cee7ffc1c407c1f9f2f60b5b817de262b38be0ef4faad7d10fb2790d36,3,6,-79
11:53:04,P6156,35ca69a4adcb0101eeede8398b7749fd3a7b35bf811a75b54df2edf9437a47a7,3,6,-85
11:53:04,P67,7703fdce973b5e96fa5e9bb0e0643e04792587dbf3c2e3b901100c0e1780c16f,0,9,-90
11:53:04,P66,c5da61acc08ab85609fbdad7671d95b4a421d0df740743eb7a74643cd6407f0c,3,9,-91
11:53:04,P63,6e1a6a5fcf7725ad5ab63ae6225b58d438cba4fec82e423e45441149a7c5c437,3,13,-91
11:53:04,P63,c38715b20ee3e684d98f4e2b1d2408d5bcf6088fc6e5e25357454d54ca26ef14,3,5,-92
11:53:04,P69,407b57c7885492251316c35b07514f11c75e76fc7d0eab8bd81ff43189135930,5,5,-93
11:53:04,P68,0732d169758fa8697a7811db040063b8fab9c282250e9440decb530e5352ff3b,3,9,-93
11:53:06,P6147,8a0bf6cee7ffc1c407c1f9f2f60b5b817de262b38be0ef4faad7d10fb2790d36,3,6,-83
11:53:06,P6150,e64a894b9fab92ad8f6f57003ce2dfc579c2d4f0bc0c025d121fad1b3b8cd709,3,1,-84
11:53:06,P6148,4d9202e4a9261577dc42d982b5f54a3cb9d885d2b5115c32e6b9f224a6056e57,0,6,-86
11:53:06,P6155,060d5e22eb76320c029c50bd5a4d7f5bc842520eddb9c571396170cb6a4001c9,3,1,-86
11:53:06,P6151,d30f753602beec5eb0ceada9589959a2474c37369e5bb3762cc0427350a594ea,3,1,-88
11:53:06,P60 {4},0bcae6cbb4ca6fa9998d1f20b954a01cf84f019e8bafbedd9160678d48b127b2,3,6,-88
11:53:06,P64,49c2f85516da1ac110f55d19d8954f030a5a87fb1e5aca647533edd58dbf7c3a,2,11,-89
11:53:06,P6152,0024e7e547798941f3ec629edcf19111950a3b1fdb0c50bb0891603a9dd5fc93,0,6,-90
11:53:08,P6148,94f9ff1469476c89234b03b781c4301744a6c7eb8fcdc85cffde44032cfa558c,0,1,-66
11:53:08,P6147,d1a86bad941decfd493e3a73db90c7d2315c4f9331ab06772bd15ea59ad4543e,3,1,-67
11:53:08,P6156,35ca69a4adcb0101eeede8398b7749fd3a7b35bf811a75b54df2edf9437a47a7,3,6,-80
11:53:08,P6152,5e0a433f6a64e782687dafdb6c6f60f4418853fb586746774a7cf1c5748fadb6,0,1,-86
11:53:08,P68,823c4d4c521c101e54579ec1def591c690112004eecb7fb7f8706bee6d9a8fdc,3,13,-90
11:53:08,P66,48c3b2de610ee6f2475d2af34ffafd156cffca7e9d95058646e6ee11852566c0,3,13,-91
11:53:08,P63,6e1a6a5fcf7725ad5ab63ae6225b58d438cba4fec82e423e45441149a7c5c437,3,13,-91
11:53:08,P69,6f8a0927e1e06cc634d51ba2f813b25fe0fc41990febcfa94359e7912439bbe8,5,13,-94
11:53:08,P68,30a4f58f44c5108c77d607a88671b07cd8fcda4ba62713cba5da1240dbd02de2,3,13,-95
11:53:08,P69,5799a9c7a5d21a627e6a5e1305502f0e7ca7c6b2efc51042db27b379c89b0a25,5,13,-95
11:53:08,P63,4a183c8577cd54fad0d1cfaca2663c9fc9882eced20b2a3107a1a473be1e7475,3,13,-97
11:53:10,P6147,d1a86bad941decfd493e3a73db90c7d2315c4f9331ab06772bd15ea59ad4543e,3,1,-62
11:53:10,P6147,8a0bf6cee7ffc1c407c1f9f2f60b5b817de262b38be0ef4faad7d10fb2790d36,3,6,-81
11:53:10,P6148,bee9e0b2cfec8fe1a3bc8a03ec685c58feb1ee175114c18edf4a0bdfc550e0a2,0,11,-88
11:53:10,P67,7703fdce973b5e96fa5e9bb0e0643e04792587dbf3c2e3b901100c0e1780c16f,0,9,-93
11:53:10,P63,cd78c4d2deec1965cb69a0370158a1d1cf9aba704693902c8b780e815837953f,3,9,-95
11:53:10,P69,6ed219d36019f3de52600c5221d786776f7ba4dfcc214985a62c38dc765ca083,5,9,-96
11:53:12,P6148,94f9ff1469476c89234b03b781c4301744a6c7eb8fcdc85cffde44032cfa558c,0,1,-68
11:53:12,P6147,d1a86bad941decfd493e3a73db90c7d2315c4f9331ab06772bd15ea59ad4543e,3,1,-69
11:53:12,P6155,060d5e22eb76320c029c50bd5a4d7f5bc842520eddb9c571396170cb6a4001c9,3,1,-83
11:53:12,P68,272092359d242a568c05a4b526017ba76ef96c9d7b2e241f47d2a227bd273b8e,3,5,-94
11:53:12,P63,a19096e2fddfe105b302b37054bc39175de238eca5c303861dd3aa02951564e2,3,5,-95
11:53:14,P6147,d1a86bad941decfd493e3a73db90c7d2315c4f9331ab06772bd15ea59ad4543e,3,1,-65
11:53:14,P6148,94f9ff1469476c89234b03b781c4301744a6c7eb8fcdc85cffde44032cfa558c,0,1,-65
11:53:14,P6152,5e0a433f6a64e782687dafdb6c6f60f4418853fb586746774a7cf1c5748fadb6,0,1,-78
11:53:14,P6156,35ca69a4adcb0101eeede8398b7749fd3a7b35bf811a75b54df2edf9437a47a7,3,6,-81
11:53:14,P69,ec12509faa9413baf3e4963324e241fed60ccb7ef4f50d828cf36b1f60338754,5,13,-93
11:53:14,P66,6098916209ce8b8bb63c60422423b0f4312f55791edabb2ba3f07b35969fa7e1,3,5,-94
11:53:14,P69,6f8a0927e1e06cc634d51ba2f813b25fe0fc41990febcfa94359e7912439bbe8,5,13,-94
11:53:14,P68,2fb61bb5965feff40b9a7eb67d4dd4c67aa810f6321ad990abd7935e8c31e904,3,13,-95
11:53:16,P6156,35ca69a4adcb0101eeede8398b7749fd3a7b35bf811a75b54df2edf9437a47a7,3,6,-65
11:53:16,P6148,94f9ff1469476c89234b03b781c4301744a6c7eb8fcdc85cffde44032cfa558c,0,1,-71
11:53:16,P6147,d1a86bad941decfd493e3a73db90c7d2315c4f9331ab06772bd15ea59ad4543e,3,1,-72
11:53:16,P6148,4d9202e4a9261577dc42d982b5f54a3cb9d885d2b5115c32e6b9f224a6056e57,0,6,-76
11:53:16,P6147,8a0bf6cee7ffc1c407c1f9f2f60b5b817de262b38be0ef4faad7d10fb2790d36,3,6,-77
11:53:16,P63,a19096e2fddfe105b302b37054bc39175de238eca5c303861dd3aa02951564e2,3,5,-87
11:53:16,P61,7994e1d55e270023b1edd16e8675b8d5e5119c564d78cc2df6d90de2db9014d8,0,4,-88
11:53:16,P69,30a0245d6a949136350cf89b3fe68e929abce60c91d2a93beb23328e1659e700,5,13,-89
11:53:16,P63,b121464cf3d6cea4ae6f553629e7d99df6bd19816ae51c7a37c8af64c4c62e1b,3,13,-89
11:53:16,P69,ec12509faa9413baf3e4963324e241fed60ccb7ef4f50d828cf36b1f60338754,5,13,-90
11:53:16,P63,dbecc8c7bf5c8e96235c1b7814e41dc0aaa85682eff848baf1902bcc67d05432,3,13,-91
11:53:16,P66,e8edeb6bf5c75b05a7f9a3338e9d85d9122d478e6a3bfb70aa7edccdfe3dc190,3,5,-93
11:53:16,P68,6cff437832d849ed7d8fb703dd4791850beb0ed5199c40b8467235cffc974c47,3,5,-93
11:53:18,P6147,d1a86bad941decfd493e3a73db90c7d2315c4f9331ab06772bd15ea59ad4543e,3,1,-75
11:53:18,P6147,8a0bf6cee7ffc1c407c1f9f2f60b5b817de262b38be0ef4faad7d10fb2790d36,3,6,-77
11:53:18,P6148,4d9202e4a9261577dc42d982b5f54a3cb9d885d2b5115c32e6b9f224a6056e57,0,6,-82
11:53:18,P69,d43f9f2bc8902dac0257f9c9a80000ae68673f724b1435b10ff67f4c722aa7bc,5,9,-88
11:53:18,P67,7703fdce973b5e96fa5e9bb0e0643e04792587dbf3c2e3b901100c0e1780c16f,0,9,-90
11:53:18,P66,c5da61acc08ab85609fbdad7671d95b4a421d0df740743eb7a74643cd6407f0c,3,9,-90
11:53:18,P68,0732d169758fa8697a7811db040063b8fab9c282250e9440decb530e5352ff3b,3,9,-90
11:53:18,P63,6e1a6a5fcf7725ad5ab63ae6225b58d438cba4fec82e423e45441149a7c5c437,3,13,-94
11:53:20,P6147,d1a86bad941decfd493e3a73db90c7d2315c4f9331ab06772bd15ea59ad4543e,3,1,-66
11:53:20,P6148,94f9ff1469476c89234b03b781c4301744a6c7eb8fcdc85cffde44032cfa558c,0,1,-66
11:53:20,P6147,635be986f5489d85ca3a4145826c86e2a7772d972ca5d3c2c69af1bea8fdb221,3,11,-85
11:53:20,P6150,82a2f72c8885fe0e70814ba9d471889ad6e064c14fd6f58f5fa39937b34e2937,3,11,-86
11:53:20,P66,2c670a73159247bddfa25cdbcfca206310152545cace9f5c836196a3dbe02f28,3,5,-88
11:53:20,P67,c485765176fdb6e7958769647c4792939948e26812f8a9a282a68648aad9fa7d,0,5,-90
11:53:20,P69,21777e5e5c83b5d99aa60c371b5321ea9abfc3a722e0b3d99c1849ad0caf6c90,5,5,-90
11:53:20,P6153,4bff76cdf2a8987279373c5d15c5a2d71300cf07e058513a17ba4dff27761657,3,6,-93
11:53:20,P67,cdb4df8918fadbbf86d8afac6d58e9413d6127024bd68bb9c9fca595d21884b2,0,13,-95
11:53:22,P6151,d30f753602beec5eb0ceada9589959a2474c37369e5bb3762cc0427350a594ea,3,1,-83
11:53:22,P6151,cdaeac487071a1bd097434067bac76ceb52eeba731617b67b80f7b1eb262b028,3,11,-90
11:53:22,P6150,ecf2a38c22e48c6e7e2050d0d34e7138881ebd7319c0105abf77d1dceec22a25,3,11,-91
11:53:22,P67,cac7bd3c7ba984b162efabb191833617cdd3f5cdfa78355cbad7a229e8a0097f,0,13,-94
11:53:24,P6148,94f9ff1469476c89234b03b781c4301744a6c7eb8fcdc85cffde44032cfa558c,0,1,-64
11:53:24,P6147,d1a86bad941decfd493e3a73db90c7d2315c4f9331ab06772bd15ea59ad4543e,3,1,-65
11:53:24,P68,dc77977c37f7916426ddbf502cce04b2583789847802a6974996500d7e1c7255,3,5,-89
11:53:24,P6148,bee9e0b2cfec8fe1a3bc8a03ec685c58feb1ee175114c18edf4a0bdfc550e0a2,0,11,-90
11:53:24,P66,48c3b2de610ee6f2475d2af34ffafd156cffca7e9d95058646e6ee11852566c0,3,13,-91
11:53:24,P68,3162535206d48eceb9f898af256a1e74433114a486ba7820e1c439097f1110bd,3,13,-91
11:53:24,P6143,7ba31e6d43ac51487bbd51ed592243cb41a98e8ac12231a2d0018d90a56483ca,0,9,-93
11:53:26,P64,49c2f85516da1ac110f55d19d8954f030a5a87fb1e5aca647533edd58dbf7c3a,2,11,-90
11:53:26,P623,a334c78e9666a4b46d4e59eb4815521bb6fc1c9b7109cdc4787e1aa2678ae087,5,11,-90
11:53:26,P6151,d30f753602beec5eb0ceada9589959a2474c37369e5bb3762cc0427350a594ea,3,1,-91
11:53:28,P6147,d1a86bad941decfd493e3a73db90c7d2315c4f9331ab06772bd15ea59ad4543e,3,1,-65
11:53:28,P6148,94f9ff1469476c89234b03b781c4301744a6c7eb8fcdc85cffde44032cfa558c,0,1,-66
11:53:28,P6147,635be986f5489d85ca3a4145826c86e2a7772d972ca5d3c2c69af1bea8fdb221,3,11,-87
11:53:28,P68,dc77977c37f7916426ddbf502cce04b2583789847802a6974996500d7e1c7255,3,5,-88
11:53:28,P6148,542a92c8726f85958356f50c5cc7ad8b2c36accfe23ac74d1edd60c52f9d34a5,0,11,-89
11:53:28,P67,b64233ae6aae1d541f538a9cdfaa0eceb940981bbecf2e88c2c9bf01c96e0a55,0,13,-92
11:53:28,P6150,82a2f72c8885fe0e70814ba9d471889ad6e064c14fd6f58f5fa39937b34e2937,3,11,-94
11:53:30,P6147,8a0bf6cee7ffc1c407c1f9f2f60b5b817de262b38be0ef4faad7d10fb2790d36,3,6,-79
11:53:30,P6148,bee9e0b2cfec8fe1a3bc8a03ec685c58feb1ee175114c18edf4a0bdfc550e0a2,0,11,-87
11:53:30,P67,ae75e4780819d66c13c5204e6736e973104942adc807efa62738f46d02ba69eb,0,5,-88
11:53:30,P6147,4d0f91d3dba5726edec60497db284ecd784973c1fe74d656da0054a697f9c9b7,3,11,-88
11:53:32,P6147,d1a86bad941decfd493e3a73db90c7d2315c4f9331ab06772bd15ea59ad4543e,3,1,-72
11:53:32,P6147,8a0bf6cee7ffc1c407c1f9f2f60b5b817de262b38be0ef4faad7d10fb2790d36,3,6,-75
11:53:32,P69,f3f95c48d929bca8f3a8de53bfa957c2280e558379a9ad141ef0abe30eabf9e3,5,13,-88
11:53:32,P6151,9763705afdbcdb53735e636cf232685328a2580abc77baef755558452079b713,3,11,-93
11:53:32,P6150,82a2f72c8885fe0e70814ba9d471889ad6e064c14fd6f58f5fa39937b34e2937,3,11,-95
11:53:34,P6147,d1a86bad941decfd493e3a73db90c7d2315c4f9331ab06772bd15ea59ad4543e,3,1,-64
11:53:34,P6148,94f9ff1469476c89234b03b781c4301744a6c7eb8fcdc85cffde44032cfa558c,0,1,-64
11:53:35,P6147,d1a86bad941decfd493e3a73db90c7d2315c4f9331ab06772bd15ea59ad4543e,3,1,-71
11:53:35,P66,48c3b2de610ee6f2475d2af34ffafd156cffca7e9d95058646e6ee11852566c0,3,13,-94
11:53:35,P68,3162535206d48eceb9f898af256a1e74433114a486ba7820e1c439097f1110bd,3,13,-94
11:53:37,P6147,d1a86bad941decfd493e3a73db90c7d2315c4f9331ab06772bd15ea59ad4543e,3,1,-65
11:53:37,P6148,94f9ff1469476c89234b03b781c4301744a6c7eb8fcdc85cffde44032cfa558c,0,1,-66
11:53:37,P6147,8a0bf6cee7ffc1c407c1f9f2f60b5b817de262b38be0ef4faad7d10fb2790d36,3,6,-83
11:53:37,P6148,4d9202e4a9261577dc42d982b5f54a3cb9d885d2b5115c32e6b9f224a6056e57,0,6,-84
11:53:39,P69,6f8a0927e1e06cc634d51ba2f813b25fe0fc41990febcfa94359e7912439bbe8,5,13,-87
11:53:39,P61,6757e50fa194a9a9ab921adeec5f85610c44fb6dc6befb9ae9a1f352b270d2fe,0,9,-90
11:53:39,P66,48c3b2de610ee6f2475d2af34ffafd156cffca7e9d95058646e6ee11852566c0,3,13,-91
11:53:41,P69,d43f9f2bc8902dac0257f9c9a80000ae68673f724b1435b10ff67f4c722aa7bc,5,9,-89
11:53:41,P67,b64233ae6aae1d541f538a9cdfaa0eceb940981bbecf2e88c2c9bf01c96e0a55,0,13,-91
11:53:41,P6150,e64a894b9fab92ad8f6f57003ce2dfc579c2d4f0bc0c025d121fad1b3b8cd709,3,1,-95
11:53:43,P6147,d1a86bad941decfd493e3a73db90c7d2315c4f9331ab06772bd15ea59ad4543e,3,1,-64
11:53:43,P6148,94f9ff1469476c89234b03b781c4301744a6c7eb8fcdc85cffde44032cfa558c,0,1,-65
11:53:43,P6152,5e0a433f6a64e782687dafdb6c6f60f4418853fb586746774a7cf1c5748fadb6,0,1,-82
11:53:43,P6148,542a92c8726f85958356f50c5cc7ad8b2c36accfe23ac74d1edd60c52f9d34a5,0,11,-87
11:53:43,P69,6f8a0927e1e06cc634d51ba2f813b25fe0fc41990febcfa94359e7912439bbe8,5,13,-91
11:53:43,P61,6757e50fa194a9a9ab921adeec5f85610c44fb6dc6befb9ae9a1f352b270d2fe,0,9,-92
11:53:43,P63,6bc1f3c739086af1f4cb712b794f0fb785b50dfa6f6e57468e124185fe39be18,3,5,-93
11:53:45,P6147,d1a86bad941decfd493e3a73db90c7d2315c4f9331ab06772bd15ea59ad4543e,3,1,-67
11:53:45,P6148,94f9ff1469476c89234b03b781c4301744a6c7eb8fcdc85cffde44032cfa558c,0,1,-67
11:53:45,P6147,8a0bf6cee7ffc1c407c1f9f2f60b5b817de262b38be0ef4faad7d10fb2790d36,3,6,-81
11:53:45,P67,ae75e4780819d66c13c5204e6736e973104942adc807efa62738f46d02ba69eb,0,5,-87
11:53:45,P66,c5da61acc08ab85609fbdad7671d95b4a421d0df740743eb7a74643cd6407f0c,3,9,-89
11:53:45,P68,0732d169758fa8697a7811db040063b8fab9c282250e9440decb530e5352ff3b,3,9,-92
11:53:47,P6147,d1a86bad941decfd493e3a73db90c7d2315c4f9331ab06772bd15ea59ad4543e,3,1,-70
11:53:47,P6148,94f9ff1469476c89234b03b781c4301744a6c7eb8fcdc85cffde44032cfa558c,0,1,-70
11:53:49,P6148,94f9ff1469476c89234b03b781c4301744a6c7eb8fcdc85cffde44032cfa558c,0,1,-75
11:53:49,P6148,542a92c8726f85958356f50c5cc7ad8b2c36accfe23ac74d1edd60c52f9d34a5,0,11,-75
11:53:49,P6147,d1a86bad941decfd493e3a73db90c7d2315c4f9331ab06772bd15ea59ad4543e,3,1,-76
11:53:49,P6147,635be986f5489d85ca3a4145826c86e2a7772d972ca5d3c2c69af1bea8fdb221,3,11,-76
11:53:49,P6151,cdaeac487071a1bd097434067bac76ceb52eeba731617b67b80f7b1eb262b028,3,11,-91
11:53:49,P68,d5b9d021e6fac9231bc4acb492bc1dd61fb8b307ab8f12061d438ee5504b75e4,3,13,-93
11:53:49,P6151,d30f753602beec5eb0ceada9589959a2474c37369e5bb3762cc0427350a594ea,3,1,-94
11:53:49,P66,0a27df65e336b75d3bafda6eb54009191fdbfcc6d59e8dbe3b4ea16e8305e806,3,13,-95
11:53:51,P6147,d1a86bad941decfd493e3a73db90c7d2315c4f9331ab06772bd15ea59ad4543e,3,1,-67
11:53:51,P6148,94f9ff1469476c89234b03b781c4301744a6c7eb8fcdc85cffde44032cfa558c,0,1,-67
11:53:51,P63,b121464cf3d6cea4ae6f553629e7d99df6bd19816ae51c7a37c8af64c4c62e1b,3,13,-93
11:53:53,P6147,d1a86bad941decfd493e3a73db90c7d2315c4f9331ab06772bd15ea59ad4543e,3,1,-73
11:53:53,P6148,94f9ff1469476c89234b03b781c4301744a6c7eb8fcdc85cffde44032cfa558c,0,1,-73
11:53:53,P6152,0024e7e547798941f3ec629edcf19111950a3b1fdb0c50bb0891603a9dd5fc93,0,6,-79
11:53:53,P6155,73bbcd07d429a0dfcfa878b90194adf03714ad72e0489a00e1ccf7b178da5b50,3,6,-83
11:53:53,P6151,cdaeac487071a1bd097434067bac76ceb52eeba731617b67b80f7b1eb262b028,3,11,-91
11:53:53,P6150,ecf2a38c22e48c6e7e2050d0d34e7138881ebd7319c0105abf77d1dceec22a25,3,11,-94
11:53:53,P63,8acc5596460701f30aeb42410ea01b125e355575b69af64e199525c34e91fe1b,3,9,-95
11:53:55,P6147,d1a86bad941decfd493e3a73db90c7d2315c4f9331ab06772bd15ea59ad4543e,3,1,-69
11:53:55,P6148,94f9ff1469476c89234b03b781c4301744a6c7eb8fcdc85cffde44032cfa558c,0,1,-71
11:53:55,P6152,5e0a433f6a64e782687dafdb6c6f60f4418853fb586746774a7cf1c5748fadb6,0,1,-87
11:53:55,P6150,82a2f72c8885fe0e70814ba9d471889ad6e064c14fd6f58f5fa39937b34e2937,3,11,-88
11:53:55,P6151,9763705afdbcdb53735e636cf232685328a2580abc77baef755558452079b713,3,11,-89
11:53:57,P6147,d1a86bad941decfd493e3a73db90c7d2315c4f9331ab06772bd15ea59ad4543e,3,1,-72
11:53:57,P6148,94f9ff1469476c89234b03b781c4301744a6c7eb8fcdc85cffde44032cfa558c,0,1,-72
11:53:58,P6147,d1a86bad941decfd493e3a73db90c7d2315c4f9331ab06772bd15ea59ad4543e,3,1,-72
11:53:58,P6148,94f9ff1469476c89234b03b781c4301744a6c7eb8fcdc85cffde44032cfa558c,0,1,-72
11:53:58,P6148,542a92c8726f85958356f50c5cc7ad8b2c36accfe23ac74d1edd60c52f9d34a5,0,11,-87
11:53:58,P67,c485765176fdb6e7958769647c4792939948e26812f8a9a282a68648aad9fa7d,0,5,-92
11:53:58,P68,3162535206d48eceb9f898af256a1e74433114a486ba7820e1c439097f1110bd,3,13,-95
11:54:00,P6148,94f9ff1469476c89234b03b781c4301744a6c7eb8fcdc85cffde44032cfa558c,0,1,-67
11:54:00,P6147,8a0bf6cee7ffc1c407c1f9f2f60b5b817de262b38be0ef4faad7d10fb2790d36,3,6,-76
11:54:00,P6150,82a2f72c8885fe0e70814ba9d471889ad6e064c14fd6f58f5fa39937b34e2937,3,11,-88
11:54:00,P6148,542a92c8726f85958356f50c5cc7ad8b2c36accfe23ac74d1edd60c52f9d34a5,0,11,-89
11:54:00,P68,d5b9d021e6fac9231bc4acb492bc1dd61fb8b307ab8f12061d438ee5504b75e4,3,13,-95
11:54:00,P69,ec12509faa9413baf3e4963324e241fed60ccb7ef4f50d828cf36b1f60338754,5,13,-95
11:54:02,P6147,d1a86bad941decfd493e3a73db90c7d2315c4f9331ab06772bd15ea59ad4543e,3,1,-62
11:54:02,P6148,94f9ff1469476c89234b03b781c4301744a6c7eb8fcdc85cffde44032cfa558c,0,1,-64
11:54:02,P6144,c9bfa2ecbc73de6c2378eab024f959803dcc3cc911d7417bfe6e999e613a9d63,0,1,-83
11:54:04,P6147,d1a86bad941decfd493e3a73db90c7d2315c4f9331ab06772bd15ea59ad4543e,3,1,-71
11:54:04,P6148,94f9ff1469476c89234b03b781c4301744a6c7eb8fcdc85cffde44032cfa558c,0,1,-71
11:54:04,P6147,8a0bf6cee7ffc1c407c1f9f2f60b5b817de262b38be0ef4faad7d10fb2790d36,3,6,-80
11:54:04,P6148,4d9202e4a9261577dc42d982b5f54a3cb9d885d2b5115c32e6b9f224a6056e57,0,6,-80
11:54:06,P6147,8a0bf6cee7ffc1c407c1f9f2f60b5b817de262b38be0ef4faad7d10fb2790d36,3,6,-73
11:54:06,P6148,4d9202e4a9261577dc42d982b5f54a3cb9d885d2b5115c32e6b9f224a6056e57,0,6,-73
11:54:06,P6148,542a92c8726f85958356f50c5cc7ad8b2c36accfe23ac74d1edd60c52f9d34a5,0,11,-82
11:54:06,P6157,183026b62693da4a1c658229225b64ac40423127a9767791d0dc5db5b39162fc,3,2,-93
11:54:08,P68,823c4d4c521c101e54579ec1def591c690112004eecb7fb7f8706bee6d9a8fdc,3,13,-92
11:54:08,P67,cac7bd3c7ba984b162efabb191833617cdd3f5cdfa78355cbad7a229e8a0097f,0,13,-94
11:54:08,P66,0a27df65e336b75d3bafda6eb54009191fdbfcc6d59e8dbe3b4ea16e8305e806,3,13,-95
11:54:10,P68,3162535206d48eceb9f898af256a1e74433114a486ba7820e1c439097f1110bd,3,13,-92
11:54:10,P6152,0024e7e547798941f3ec629edcf19111950a3b1fdb0c50bb0891603a9dd5fc93,0,6,-93
11:54:12,P6147,d1a86bad941decfd493e3a73db90c7d2315c4f9331ab06772bd15ea59ad4543e,3,1,-78
11:54:12,P6148,94f9ff1469476c89234b03b781c4301744a6c7eb8fcdc85cffde44032cfa558c,0,1,-78
11:54:12,P6148,4d9202e4a9261577dc42d982b5f54a3cb9d885d2b5115c32e6b9f224a6056e57,0,6,-79
11:54:12,P6147,8a0bf6cee7ffc1c407c1f9f2f60b5b817de262b38be0ef4faad7d10fb2790d36,3,6,-80
11:54:12,P6158,d907718e1bd2f2958dbb01abf8e71e69710f46f61617b3ca98b00288428be25a,3,6,-87
11:54:12,P6159,5a13faafa97551f2d96f0ee6c0e5d7a13206c0b69254844bb2347f5bf9f14829,3,4,-88
11:54:12,P63,6bc1f3c739086af1f4cb712b794f0fb785b50dfa6f6e57468e124185fe39be18,3,5,-89
11:54:14,P6148,94f9ff1469476c89234b03b781c4301744a6c7eb8fcdc85cffde44032cfa558c,0,1,-65
11:54:14,P6147,d1a86bad941decfd493e3a73db90c7d2315c4f9331ab06772bd15ea59ad4543e,3,1,-66
11:54:14,P6145,6d6c65e021db749ebbcb980f68664d96c876a715fc04775240b6b235977ae82f,0,1,-83
11:54:14,P6144,c9bfa2ecbc73de6c2378eab024f959803dcc3cc911d7417bfe6e999e613a9d63,0,1,-84
11:54:14,P6150,e64a894b9fab92ad8f6f57003ce2dfc579c2d4f0bc0c025d121fad1b3b8cd709,3,1,-92
11:54:14,P69,f3f95c48d929bca8f3a8de53bfa957c2280e558379a9ad141ef0abe30eabf9e3,5,13,-94
11:54:16,P6147,d1a86bad941decfd493e3a73db90c7d2315c4f9331ab06772bd15ea59ad4543e,3,1,-75
11:54:16,P6147,8a0bf6cee7ffc1c407c1f9f2f60b5b817de262b38be0ef4faad7d10fb2790d36,3,6,-75
11:54:16,P66,0a27df65e336b75d3bafda6eb54009191fdbfcc6d59e8dbe3b4ea16e8305e806,3,13,-92
11:54:16,P61,7994e1d55e270023b1edd16e8675b8d5e5119c564d78cc2df6d90de2db9014d8,0,4,-94
11:54:18,P6147,8a0bf6cee7ffc1c407c1f9f2f60b5b817de262b38be0ef4faad7d10fb2790d36,3,6,-72
11:54:18,P6148,4d9202e4a9261577dc42d982b5f54a3cb9d885d2b5115c32e6b9f224a6056e57,0,6,-73
11:54:18,P6147,d1a86bad941decfd493e3a73db90c7d2315c4f9331ab06772bd15ea59ad4543e,3,1,-78
11:54:18,P6148,94f9ff1469476c89234b03b781c4301744a6c7eb8fcdc85cffde44032cfa558c,0,1,-78
11:54:18,P63,1442c4b0e6b4911cffbf04a049e22029a2c156ae5bfc7057050bb1766c77f0ed,3,13,-92
11:54:18,P68,0732d169758fa8697a7811db040063b8fab9c282250e9440decb530e5352ff3b,3,9,-93
11:54:18,P69,f3f95c48d929bca8f3a8de53bfa957c2280e558379a9ad141ef0abe30eabf9e3,5,13,-94
11:54:20,P6147,8a0bf6cee7ffc1c407c1f9f2f60b5b817de262b38be0ef4faad7d10fb2790d36,3,6,-80
11:54:20,P6152,5e0a433f6a64e782687dafdb6c6f60f4418853fb586746774a7cf1c5748fadb6,0,1,-86
11:54:20,P67,c485765176fdb6e7958769647c4792939948e26812f8a9a282a68648aad9fa7d,0,5,-90
11:54:23,P6147,d1a86bad941decfd493e3a73db90c7d2315c4f9331ab06772bd15ea59ad4543e,3,1,-68
11:54:25,P6147,d1a86bad941decfd493e3a73db90c7d2315c4f9331ab06772bd15ea59ad4543e,3,1,-70
11:54:25,P6148,94f9ff1469476c89234b03b781c4301744a6c7eb8fcdc85cffde44032cfa558c,0,1,-70
11:54:25,P6147,8a0bf6cee7ffc1c407c1f9f2f60b5b817de262b38be0ef4faad7d10fb2790d36,3,6,-80
11:54:25,P6152,0024e7e547798941f3ec629edcf19111950a3b1fdb0c50bb0891603a9dd5fc93,0,6,-88
11:54:25,P6157,183026b62693da4a1c658229225b64ac40423127a9767791d0dc5db5b39162fc,3,2,-91
11:54:27,P6147,d1a86bad941decfd493e3a73db90c7d2315c4f9331ab06772bd15ea59ad4543e,3,1,-69
11:54:27,P6148,94f9ff1469476c89234b03b781c4301744a6c7eb8fcdc85cffde44032cfa558c,0,1,-69
11:54:27,P6147,635be986f5489d85ca3a4145826c86e2a7772d972ca5d3c2c69af1bea8fdb221,3,11,-85
11:54:27,P6148,542a92c8726f85958356f50c5cc7ad8b2c36accfe23ac74d1edd60c52f9d34a5,0,11,-85
11:54:27,P6150,82a2f72c8885fe0e70814ba9d471889ad6e064c14fd6f58f5fa39937b34e2937,3,11,-88
11:54:27,P6151,9763705afdbcdb53735e636cf232685328a2580abc77baef755558452079b713,3,11,-89
11:54:27,P6160,90cdfa13eae5dff7cd16a7c5490f58516cd073afee8a039dda23ef8e1d32a8d4,4,11,-93
11:54:29,P6147,d1a86bad941decfd493e3a73db90c7d2315c4f9331ab06772bd15ea59ad4543e,3,1,-69
11:54:29,P6148,94f9ff1469476c89234b03b781c4301744a6c7eb8fcdc85cffde44032cfa558c,0,1,-69
11:54:29,P67,b64233ae6aae1d541f538a9cdfaa0eceb940981bbecf2e88c2c9bf01c96e0a55,0,13,-94
11:54:31,P6151,cdaeac487071a1bd097434067bac76ceb52eeba731617b67b80f7b1eb262b028,3,11,-95
11:54:31,P6150,ecf2a38c22e48c6e7e2050d0d34e7138881ebd7319c0105abf77d1dceec22a25,3,11,-97
11:54:33,P6148,94f9ff1469476c89234b03b781c4301744a6c7eb8fcdc85cffde44032cfa558c,0,1,-73
11:54:33,P6147,d1a86bad941decfd493e3a73db90c7d2315c4f9331ab06772bd15ea59ad4543e,3,1,-74
11:54:33,P6147,8a0bf6cee7ffc1c407c1f9f2f60b5b817de262b38be0ef4faad7d10fb2790d36,3,6,-79
11:54:33,P6145,6d6c65e021db749ebbcb980f68664d96c876a715fc04775240b6b235977ae82f,0,1,-83
11:54:33,P6144,c9bfa2ecbc73de6c2378eab024f959803dcc3cc911d7417bfe6e999e613a9d63,0,1,-83
11:54:33,P6147,635be986f5489d85ca3a4145826c86e2a7772d972ca5d3c2c69af1bea8fdb221,3,11,-83
11:54:33,P67,c485765176fdb6e7958769647c4792939948e26812f8a9a282a68648aad9fa7d,0,5,-90
11:54:33,P69,f3f95c48d929bca8f3a8de53bfa957c2280e558379a9ad141ef0abe30eabf9e3,5,13,-91
11:54:33,P6150,82a2f72c8885fe0e70814ba9d471889ad6e064c14fd6f58f5fa39937b34e2937,3,11,-94
11:54:33,P6151,9763705afdbcdb53735e636cf232685328a2580abc77baef755558452079b713,3,11,-95
11:54:35,P6148,94f9ff1469476c89234b03b781c4301744a6c7eb8fcdc85cffde44032cfa558c,0,1,-72
11:54:35,P6147,d1a86bad941decfd493e3a73db90c7d2315c4f9331ab06772bd15ea59ad4543e,3,1,-73
11:54:35,P6150,82a2f72c8885fe0e70814ba9d471889ad6e064c14fd6f58f5fa39937b34e2937,3,11,-91
11:54:37,P6147,d1a86bad941decfd493e3a73db90c7d2315c4f9331ab06772bd15ea59ad4543e,3,1,-71
11:54:37,P6148,4d9202e4a9261577dc42d982b5f54a3cb9d885d2b5115c32e6b9f224a6056e57,0,6,-82
11:54:37,P6147,8a0bf6cee7ffc1c407c1f9f2f60b5b817de262b38be0ef4faad7d10fb2790d36,3,6,-83
11:54:37,P6150,82a2f72c8885fe0e70814ba9d471889ad6e064c14fd6f58f5fa39937b34e2937,3,11,-85
11:54:37,P6145,6d6c65e021db749ebbcb980f68664d96c876a715fc04775240b6b235977ae82f,0,1,-89
11:54:39,P6147,d1a86bad941decfd493e3a73db90c7d2315c4f9331ab06772bd15ea59ad4543e,3,1,-71
11:54:39,P6148,94f9ff1469476c89234b03b781c4301744a6c7eb8fcdc85cffde44032cfa558c,0,1,-72
11:54:39,P6148,4d9202e4a9261577dc42d982b5f54a3cb9d885d2b5115c32e6b9f224a6056e57,0,6,-80
11:54:39,P6147,8a0bf6cee7ffc1c407c1f9f2f60b5b817de262b38be0ef4faad7d10fb2790d36,3,6,-81
11:54:39,P66,48c3b2de610ee6f2475d2af34ffafd156cffca7e9d95058646e6ee11852566c0,3,13,-94
11:54:39,P6157,183026b62693da4a1c658229225b64ac40423127a9767791d0dc5db5b39162fc,3,2,-96
11:54:41,P6147,8a0bf6cee7ffc1c407c1f9f2f60b5b817de262b38be0ef4faad7d10fb2790d36,3,6,-80
11:54:41,P66,48c3b2de610ee6f2475d2af34ffafd156cffca7e9d95058646e6ee11852566c0,3,13,-93
11:54:43,P6147,8a0bf6cee7ffc1c407c1f9f2f60b5b817de262b38be0ef4faad7d10fb2790d36,3,6,-74
11:54:43,P6148,4d9202e4a9261577dc42d982b5f54a3cb9d885d2b5115c32e6b9f224a6056e57,0,6,-74
11:54:43,P6147,d1a86bad941decfd493e3a73db90c7d2315c4f9331ab06772bd15ea59ad4543e,3,1,-78
11:54:43,P6148,94f9ff1469476c89234b03b781c4301744a6c7eb8fcdc85cffde44032cfa558c,0,1,-78
11:54:43,P6155,73bbcd07d429a0dfcfa878b90194adf03714ad72e0489a00e1ccf7b178da5b50,3,6,-89
11:54:43,P66,fc435d58bc3eeac7bec139ee87b2810190967433ce34f02d58c588a673ae3a06,3,9,-90
11:54:43,P68,1063cad6adf0e54871fc8599106cfe663c9c35808a1ba7cc9497cffbd8e2864c,3,9,-91
11:54:43,P69,6ed219d36019f3de52600c5221d786776f7ba4dfcc214985a62c38dc765ca083,5,9,-92
11:54:43,P63,1442c4b0e6b4911cffbf04a049e22029a2c156ae5bfc7057050bb1766c77f0ed,3,13,-96
11:54:45,P6147,8a0bf6cee7ffc1c407c1f9f2f60b5b817de262b38be0ef4faad7d10fb2790d36,3,6,-67
11:54:45,P6147,d1a86bad941decfd493e3a73db90c7d2315c4f9331ab06772bd15ea59ad4543e,3,1,-71
11:54:45,P63,6e1a6a5fcf7725ad5ab63ae6225b58d438cba4fec82e423e45441149a7c5c437,3,13,-94
11:54:46,P6147,8a0bf6cee7ffc1c407c1f9f2f60b5b817de262b38be0ef4faad7d10fb2790d36,3,6,-69
11:54:46,P6148,4d9202e4a9261577dc42d982b5f54a3cb9d885d2b5115c32e6b9f224a6056e57,0,6,-70
11:54:46,P6147,d1a86bad941decfd493e3a73db90c7d2315c4f9331ab06772bd15ea59ad4543e,3,1,-78
11:54:46,P6148,94f9ff1469476c89234b03b781c4301744a6c7eb8fcdc85cffde44032cfa558c,0,1,-78
11:54:46,P6152,0024e7e547798941f3ec629edcf19111950a3b1fdb0c50bb0891603a9dd5fc93,0,6,-79
11:54:46,P6155,73bbcd07d429a0dfcfa878b90194adf03714ad72e0489a00e1ccf7b178da5b50,3,6,-83
11:54:46,P6152,5e0a433f6a64e782687dafdb6c6f60f4418853fb586746774a7cf1c5748fadb6,0,1,-87
11:54:46,P6147,12018e326dcbb3932303f0f790089864f0e6c0ffc235281e73838747c77b8264,3,11,-87
11:54:46,P6148,b6097cad71942ddd6d1d17fc4d3b3c679715329b4e4aabb4a738f8785627f646,0,11,-87
11:54:46,P63,1442c4b0e6b4911cffbf04a049e22029a2c156ae5bfc7057050bb1766c77f0ed,3,13,-92
11:54:49,P6147,8a0bf6cee7ffc1c407c1f9f2f60b5b817de262b38be0ef4faad7d10fb2790d36,3,6,-77
11:54:49,P6148,94f9ff1469476c89234b03b781c4301744a6c7eb8fcdc85cffde44032cfa558c,0,1,-78
11:54:49,P6148,4d9202e4a9261577dc42d982b5f54a3cb9d885d2b5115c32e6b9f224a6056e57,0,6,-78
11:54:49,P6148,b6097cad71942ddd6d1d17fc4d3b3c679715329b4e4aabb4a738f8785627f646,0,11,-90
11:54:49,P69,f3f95c48d929bca8f3a8de53bfa957c2280e558379a9ad141ef0abe30eabf9e3,5,13,-94
11:54:50,P6147,8a0bf6cee7ffc1c407c1f9f2f60b5b817de262b38be0ef4faad7d10fb2790d36,3,6,-73
11:54:50,P6147,d1a86bad941decfd493e3a73db90c7d2315c4f9331ab06772bd15ea59ad4543e,3,1,-76
11:54:50,P6148,94f9ff1469476c89234b03b781c4301744a6c7eb8fcdc85cffde44032cfa558c,0,1,-76
11:54:50,P66,c5da61acc08ab85609fbdad7671d95b4a421d0df740743eb7a74643cd6407f0c,3,9,-88
11:54:50,P67,7703fdce973b5e96fa5e9bb0e0643e04792587dbf3c2e3b901100c0e1780c16f,0,9,-90
11:54:50,P68,1063cad6adf0e54871fc8599106cfe663c9c35808a1ba7cc9497cffbd8e2864c,3,9,-96
11:54:52,P6148,94f9ff1469476c89234b03b781c4301744a6c7eb8fcdc85cffde44032cfa558c,0,1,-69
11:54:52,P6147,d1a86bad941decfd493e3a73db90c7d2315c4f9331ab06772bd15ea59ad4543e,3,1,-70
11:54:52,P6147,8a0bf6cee7ffc1c407c1f9f2f60b5b817de262b38be0ef4faad7d10fb2790d36,3,6,-82
11:54:52,P68,823c4d4c521c101e54579ec1def591c690112004eecb7fb7f8706bee6d9a8fdc,3,13,-88
11:54:54,P6147,8a0bf6cee7ffc1c407c1f9f2f60b5b817de262b38be0ef4faad7d10fb2790d36,3,6,-78
11:54:54,P67,b64233ae6aae1d541f538a9cdfaa0eceb940981bbecf2e88c2c9bf01c96e0a55,0,13,-92
11:54:54,P66,48c3b2de610ee6f2475d2af34ffafd156cffca7e9d95058646e6ee11852566c0,3,13,-92
11:54:56,P6148,4d9202e4a9261577dc42d982b5f54a3cb9d885d2b5115c32e6b9f224a6056e57,0,6,-77
11:54:56,P6147,12018e326dcbb3932303f0f790089864f0e6c0ffc235281e73838747c77b8264,3,11,-82
11:54:56,P69,ca0900b2840c4f2b81567280f76332e1ba422bdaa912724d052018206cda9020,5,5,-90
11:54:56,P68,0732d169758fa8697a7811db040063b8fab9c282250e9440decb530e5352ff3b,3,9,-93
11:54:58,P6148,4d9202e4a9261577dc42d982b5f54a3cb9d885d2b5115c32e6b9f224a6056e57,0,6,-67
11:54:58,P6147,d1a86bad941decfd493e3a73db90c7d2315c4f9331ab06772bd15ea59ad4543e,3,1,-68
11:54:58,P6147,12018e326dcbb3932303f0f790089864f0e6c0ffc235281e73838747c77b8264,3,11,-78
11:54:58,P6148,b6097cad71942ddd6d1d17fc4d3b3c679715329b4e4aabb4a738f8785627f646,0,11,-78
11:54:58,P6161,a20ea53f44ba64a9e33b708a2e894b68173e41d06d81a96fcb22bf2d4ea88a72,2,11,-80
11:55:00,P6147,8a0bf6cee7ffc1c407c1f9f2f60b5b817de262b38be0ef4faad7d10fb2790d36,3,6,-71
11:55:00,P6152,0024e7e547798941f3ec629edcf19111950a3b1fdb0c50bb0891603a9dd5fc93,0,6,-82
11:55:00,P6155,73bbcd07d429a0dfcfa878b90194adf03714ad72e0489a00e1ccf7b178da5b50,3,6,-83
11:55:00,P63,6bc1f3c739086af1f4cb712b794f0fb785b50dfa6f6e57468e124185fe39be18,3,5,-91
11:55:02,P6147,d1a86bad941decfd493e3a73db90c7d2315c4f9331ab06772bd15ea59ad4543e,3,1,-73
11:55:02,P6148,94f9ff1469476c89234b03b781c4301744a6c7eb8fcdc85cffde44032cfa558c,0,1,-74
11:55:02,P6147,8a0bf6cee7ffc1c407c1f9f2f60b5b817de262b38be0ef4faad7d10fb2790d36,3,6,-74
11:55:02,P6148,4d9202e4a9261577dc42d982b5f54a3cb9d885d2b5115c32e6b9f224a6056e57,0,6,-74
11:55:02,P6152,0024e7e547798941f3ec629edcf19111950a3b1fdb0c50bb0891603a9dd5fc93,0,6,-81
11:55:02,P68,1063cad6adf0e54871fc8599106cfe663c9c35808a1ba7cc9497cffbd8e2864c,3,9,-88
11:55:02,P63,cd78c4d2deec1965cb69a0370158a1d1cf9aba704693902c8b780e815837953f,3,9,-88
11:55:02,P66,fc435d58bc3eeac7bec139ee87b2810190967433ce34f02d58c588a673ae3a06,3,9,-89
11:55:02,P69,6ed219d36019f3de52600c5221d786776f7ba4dfcc214985a62c38dc765ca083,5,9,-89
11:55:02,P6155,060d5e22eb76320c029c50bd5a4d7f5bc842520eddb9c571396170cb6a4001c9,3,1,-90
11:55:02,P66,48c3b2de610ee6f2475d2af34ffafd156cffca7e9d95058646e6ee11852566c0,3,13,-94
11:55:02,P68,d5b9d021e6fac9231bc4acb492bc1dd61fb8b307ab8f12061d438ee5504b75e4,3,13,-95
11:55:04,P6147,8a0bf6cee7ffc1c407c1f9f2f60b5b817de262b38be0ef4faad7d10fb2790d36,3,6,-70
11:55:04,P6148,4d9202e4a9261577dc42d982b5f54a3cb9d885d2b5115c32e6b9f224a6056e57,0,6,-70
11:55:04,P6147,d1a86bad941decfd493e3a73db90c7d2315c4f9331ab06772bd15ea59ad4543e,3,1,-76
11:55:04,P6148,94f9ff1469476c89234b03b781c4301744a6c7eb8fcdc85cffde44032cfa558c,0,1,-77
11:55:04,P6152,0024e7e547798941f3ec629edcf19111950a3b1fdb0c50bb0891603a9dd5fc93,0,6,-85
11:55:04,P6148,542a92c8726f85958356f50c5cc7ad8b2c36accfe23ac74d1edd60c52f9d34a5,0,11,-85
11:55:04,P6147,12018e326dcbb3932303f0f790089864f0e6c0ffc235281e73838747c77b8264,3,11,-85
11:55:04,P6148,b6097cad71942ddd6d1d17fc4d3b3c679715329b4e4aabb4a738f8785627f646,0,11,-87
11:55:04,P63,a19096e2fddfe105b302b37054bc39175de238eca5c303861dd3aa02951564e2,3,5,-92
11:55:06,P6152,0024e7e547798941f3ec629edcf19111950a3b1fdb0c50bb0891603a9dd5fc93,0,6,-81
11:55:06,P6147,d1a86bad941decfd493e3a73db90c7d2315c4f9331ab06772bd15ea59ad4543e,3,1,-82
11:55:06,P6148,94f9ff1469476c89234b03b781c4301744a6c7eb8fcdc85cffde44032cfa558c,0,1,-82
11:55:06,P6147,8a0bf6cee7ffc1c407c1f9f2f60b5b817de262b38be0ef4faad7d10fb2790d36,3,6,-83
11:55:06,P6148,4d9202e4a9261577dc42d982b5f54a3cb9d885d2b5115c32e6b9f224a6056e57,0,6,-83
11:55:06,P69,f3f95c48d929bca8f3a8de53bfa957c2280e558379a9ad141ef0abe30eabf9e3,5,13,-90
11:55:06,P63,1442c4b0e6b4911cffbf04a049e22029a2c156ae5bfc7057050bb1766c77f0ed,3,13,-90
11:55:08,P6147,d1a86bad941decfd493e3a73db90c7d2315c4f9331ab06772bd15ea59ad4543e,3,1,-76
11:55:08,P6148,94f9ff1469476c89234b03b781c4301744a6c7eb8fcdc85cffde44032cfa558c,0,1,-77
11:55:08,P6152,0024e7e547798941f3ec629edcf19111950a3b1fdb0c50bb0891603a9dd5fc93,0,6,-80
11:55:08,P6155,73bbcd07d429a0dfcfa878b90194adf03714ad72e0489a00e1ccf7b178da5b50,3,6,-83
11:55:08,P67,b64233ae6aae1d541f538a9cdfaa0eceb940981bbecf2e88c2c9bf01c96e0a55,0,13,-86
11:55:08,P6148,542a92c8726f85958356f50c5cc7ad8b2c36accfe23ac74d1edd60c52f9d34a5,0,11,-89
11:55:10,P6147,d1a86bad941decfd493e3a73db90c7d2315c4f9331ab06772bd15ea59ad4543e,3,1,-82
11:55:10,P6148,94f9ff1469476c89234b03b781c4301744a6c7eb8fcdc85cffde44032cfa558c,0,1,-83
11:55:10,P6147,12018e326dcbb3932303f0f790089864f0e6c0ffc235281e73838747c77b8264,3,11,-85
11:55:10,P6148,b6097cad71942ddd6d1d17fc4d3b3c679715329b4e4aabb4a738f8785627f646,0,11,-86
11:55:10,P66,48c3b2de610ee6f2475d2af34ffafd156cffca7e9d95058646e6ee11852566c0,3,13,-93
11:55:10,P67,b64233ae6aae1d541f538a9cdfaa0eceb940981bbecf2e88c2c9bf01c96e0a55,0,13,-95
11:55:12,P6148,94f9ff1469476c89234b03b781c4301744a6c7eb8fcdc85cffde44032cfa558c,0,1,-66
11:55:12,P6147,d1a86bad941decfd493e3a73db90c7d2315c4f9331ab06772bd15ea59ad4543e,3,1,-68
11:55:12,P6147,8a0bf6cee7ffc1c407c1f9f2f60b5b817de262b38be0ef4faad7d10fb2790d36,3,6,-72
11:55:12,P6148,4d9202e4a9261577dc42d982b5f54a3cb9d885d2b5115c32e6b9f224a6056e57,0,6,-73
11:55:12,P6152,0024e7e547798941f3ec629edcf19111950a3b1fdb0c50bb0891603a9dd5fc93,0,6,-79
11:55:12,P6155,73bbcd07d429a0dfcfa878b90194adf03714ad72e0489a00e1ccf7b178da5b50,3,6,-79
11:55:12,P6148,b6097cad71942ddd6d1d17fc4d3b3c679715329b4e4aabb4a738f8785627f646,0,11,-81
11:55:12,P6147,12018e326dcbb3932303f0f790089864f0e6c0ffc235281e73838747c77b8264,3,11,-82
11:55:12,P6161,a20ea53f44ba64a9e33b708a2e894b68173e41d06d81a96fcb22bf2d4ea88a72,2,11,-92
11:55:14,P6148,94f9ff1469476c89234b03b781c4301744a6c7eb8fcdc85cffde44032cfa558c,0,1,-73
11:55:14,P6147,d1a86bad941decfd493e3a73db90c7d2315c4f9331ab06772bd15ea59ad4543e,3,1,-74
11:55:14,P6161,a20ea53f44ba64a9e33b708a2e894b68173e41d06d81a96fcb22bf2d4ea88a72,2,11,-75
11:55:14,P6152,0024e7e547798941f3ec629edcf19111950a3b1fdb0c50bb0891603a9dd5fc93,0,6,-77
11:55:14,P6155,73bbcd07d429a0dfcfa878b90194adf03714ad72e0489a00e1ccf7b178da5b50,3,6,-80
11:55:14,P67,b64233ae6aae1d541f538a9cdfaa0eceb940981bbecf2e88c2c9bf01c96e0a55,0,13,-89
11:55:14,P68,3162535206d48eceb9f898af256a1e74433114a486ba7820e1c439097f1110bd,3,13,-95
11:55:16,P6147,8a0bf6cee7ffc1c407c1f9f2f60b5b817de262b38be0ef4faad7d10fb2790d36,3,6,-77
11:55:16,P6148,4d9202e4a9261577dc42d982b5f54a3cb9d885d2b5115c32e6b9f224a6056e57,0,6,-77
11:55:16,P6147,d1a86bad941decfd493e3a73db90c7d2315c4f9331ab06772bd15ea59ad4543e,3,1,-80
11:55:16,P6155,73bbcd07d429a0dfcfa878b90194adf03714ad72e0489a00e1ccf7b178da5b50,3,6,-81
11:55:16,P6148,b6097cad71942ddd6d1d17fc4d3b3c679715329b4e4aabb4a738f8785627f646,0,11,-82
11:55:16,P6147,12018e326dcbb3932303f0f790089864f0e6c0ffc235281e73838747c77b8264,3,11,-83
11:55:16,P6152,5e0a433f6a64e782687dafdb6c6f60f4418853fb586746774a7cf1c5748fadb6,0,1,-84
11:55:16,P66,fc435d58bc3eeac7bec139ee87b2810190967433ce34f02d58c588a673ae3a06,3,9,-91
11:55:16,P68,823c4d4c521c101e54579ec1def591c690112004eecb7fb7f8706bee6d9a8fdc,3,13,-91
11:55:16,P66,48c3b2de610ee6f2475d2af34ffafd156cffca7e9d95058646e6ee11852566c0,3,13,-92
11:55:16,P69,f3f95c48d929bca8f3a8de53bfa957c2280e558379a9ad141ef0abe30eabf9e3,5,13,-92
11:55:16,P68,1063cad6adf0e54871fc8599106cfe663c9c35808a1ba7cc9497cffbd8e2864c,3,9,-96
11:55:18,P6152,0024e7e547798941f3ec629edcf19111950a3b1fdb0c50bb0891603a9dd5fc93,0,6,-75
11:55:18,P6155,73bbcd07d429a0dfcfa878b90194adf03714ad72e0489a00e1ccf7b178da5b50,3,6,-81
11:55:20,P6152,0024e7e547798941f3ec629edcf19111950a3b1fdb0c50bb0891603a9dd5fc93,0,6,-72
11:55:20,P6155,73bbcd07d429a0dfcfa878b90194adf03714ad72e0489a00e1ccf7b178da5b50,3,6,-74
11:55:20,P6147,d1a86bad941decfd493e3a73db90c7d2315c4f9331ab06772bd15ea59ad4543e,3,1,-78
11:55:22,P6152,0024e7e547798941f3ec629edcf19111950a3b1fdb0c50bb0891603a9dd5fc93,0,6,-74
11:55:22,P6147,d1a86bad941decfd493e3a73db90c7d2315c4f9331ab06772bd15ea59ad4543e,3,1,-78
11:55:22,P6148,94f9ff1469476c89234b03b781c4301744a6c7eb8fcdc85cffde44032cfa558c,0,1,-80
11:55:22,P6147,8a0bf6cee7ffc1c407c1f9f2f60b5b817de262b38be0ef4faad7d10fb2790d36,3,6,-80
11:55:22,P6148,4d9202e4a9261577dc42d982b5f54a3cb9d885d2b5115c32e6b9f224a6056e57,0,6,-82
11:55:22,P6152,5e0a433f6a64e782687dafdb6c6f60f4418853fb586746774a7cf1c5748fadb6,0,1,-90
11:55:22,P67,b64233ae6aae1d541f538a9cdfaa0eceb940981bbecf2e88c2c9bf01c96e0a55,0,13,-94
11:55:24,P6147,8a0bf6cee7ffc1c407c1f9f2f60b5b817de262b38be0ef4faad7d10fb2790d36,3,6,-72
11:55:24,P6148,4d9202e4a9261577dc42d982b5f54a3cb9d885d2b5115c32e6b9f224a6056e57,0,6,-72
11:55:26,P6152,0024e7e547798941f3ec629edcf19111950a3b1fdb0c50bb0891603a9dd5fc93,0,6,-75
11:55:26,P6151,9763705afdbcdb53735e636cf232685328a2580abc77baef755558452079b713,3,11,-93
11:55:26,P6150,82a2f72c8885fe0e70814ba9d471889ad6e064c14fd6f58f5fa39937b34e2937,3,11,-97
11:55:28,P6152,0024e7e547798941f3ec629edcf19111950a3b1fdb0c50bb0891603a9dd5fc93,0,6,-73
11:55:28,P6147,8a0bf6cee7ffc1c407c1f9f2f60b5b817de262b38be0ef4faad7d10fb2790d36,3,6,-76
11:55:28,P6148,4d9202e4a9261577dc42d982b5f54a3cb9d885d2b5115c32e6b9f224a6056e57,0,6,-76
11:55:28,P6155,73bbcd07d429a0dfcfa878b90194adf03714ad72e0489a00e1ccf7b178da5b50,3,6,-77
11:55:28,P6147,d1a86bad941decfd493e3a73db90c7d2315c4f9331ab06772bd15ea59ad4543e,3,1,-81
11:55:28,P6148,94f9ff1469476c89234b03b781c4301744a6c7eb8fcdc85cffde44032cfa558c,0,1,-82
11:55:28,P68,1063cad6adf0e54871fc8599106cfe663c9c35808a1ba7cc9497cffbd8e2864c,3,9,-92
11:55:28,P63,cd78c4d2deec1965cb69a0370158a1d1cf9aba704693902c8b780e815837953f,3,9,-92
11:55:28,P69,6ed219d36019f3de52600c5221d786776f7ba4dfcc214985a62c38dc765ca083,5,9,-93
11:55:28,P67,2e4ad8abbec9e46ec8279be13ff2e98db2ac804134a6d4622bfde365b9ad0983,0,9,-94
11:55:28,P66,fc435d58bc3eeac7bec139ee87b2810190967433ce34f02d58c588a673ae3a06,3,9,-94
11:55:30,P6152,0024e7e547798941f3ec629edcf19111950a3b1fdb0c50bb0891603a9dd5fc93,0,6,-65
11:55:30,P6148,4d9202e4a9261577dc42d982b5f54a3cb9d885d2b5115c32e6b9f224a6056e57,0,6,-66
11:55:30,P6147,8a0bf6cee7ffc1c407c1f9f2f60b5b817de262b38be0ef4faad7d10fb2790d36,3,6,-68
11:55:30,P6147,12018e326dcbb3932303f0f790089864f0e6c0ffc235281e73838747c77b8264,3,11,-86
11:55:30,P69,f3f95c48d929bca8f3a8de53bfa957c2280e558379a9ad141ef0abe30eabf9e3,5,13,-88
11:55:32,P6148,4d9202e4a9261577dc42d982b5f54a3cb9d885d2b5115c32e6b9f224a6056e57,0,6,-65
11:55:32,P6147,8a0bf6cee7ffc1c407c1f9f2f60b5b817de262b38be0ef4faad7d10fb2790d36,3,6,-66
11:55:32,P6147,d1a86bad941decfd493e3a73db90c7d2315c4f9331ab06772bd15ea59ad4543e,3,1,-85
11:55:32,P6148,94f9ff1469476c89234b03b781c4301744a6c7eb8fcdc85cffde44032cfa558c,0,1,-85
11:55:33,P6147,8a0bf6cee7ffc1c407c1f9f2f60b5b817de262b38be0ef4faad7d10fb2790d36,3,6,-80
11:55:33,P6152,0024e7e547798941f3ec629edcf19111950a3b1fdb0c50bb0891603a9dd5fc93,0,6,-80
11:55:33,P6147,d1a86bad941decfd493e3a73db90c7d2315c4f9331ab06772bd15ea59ad4543e,3,1,-81
11:55:33,P6148,94f9ff1469476c89234b03b781c4301744a6c7eb8fcdc85cffde44032cfa558c,0,1,-83
11:55:33,P68,3162535206d48eceb9f898af256a1e74433114a486ba7820e1c439097f1110bd,3,13,-93
11:55:35,P6148,4d9202e4a9261577dc42d982b5f54a3cb9d885d2b5115c32e6b9f224a6056e57,0,6,-72
11:55:35,P6147,8a0bf6cee7ffc1c407c1f9f2f60b5b817de262b38be0ef4faad7d10fb2790d36,3,6,-73
11:55:35,P6148,542a92c8726f85958356f50c5cc7ad8b2c36accfe23ac74d1edd60c52f9d34a5,0,11,-85
11:55:35,P6147,635be986f5489d85ca3a4145826c86e2a7772d972ca5d3c2c69af1bea8fdb221,3,11,-86
11:55:35,P6150,82a2f72c8885fe0e70814ba9d471889ad6e064c14fd6f58f5fa39937b34e2937,3,11,-95
11:55:35,P6151,9763705afdbcdb53735e636cf232685328a2580abc77baef755558452079b713,3,11,-98
11:55:37,P6152,0024e7e547798941f3ec629edcf19111950a3b1fdb0c50bb0891603a9dd5fc93,0,6,-79
11:55:37,P6155,73bbcd07d429a0dfcfa878b90194adf03714ad72e0489a00e1ccf7b178da5b50,3,6,-81
11:55:37,P66,2c670a73159247bddfa25cdbcfca206310152545cace9f5c836196a3dbe02f28,3,5,-92
11:55:37,P69,21777e5e5c83b5d99aa60c371b5321ea9abfc3a722e0b3d99c1849ad0caf6c90,5,5,-93
11:55:39,P6147,8a0bf6cee7ffc1c407c1f9f2f60b5b817de262b38be0ef4faad7d10fb2790d36,3,6,-65
11:55:39,P6148,4d9202e4a9261577dc42d982b5f54a3cb9d885d2b5115c32e6b9f224a6056e57,0,6,-65
11:55:39,P6147,d1a86bad941decfd493e3a73db90c7d2315c4f9331ab06772bd15ea59ad4543e,3,1,-71
11:55:39,P6145,6d6c65e021db749ebbcb980f68664d96c876a715fc04775240b6b235977ae82f,0,1,-83
11:55:39,P6144,c9bfa2ecbc73de6c2378eab024f959803dcc3cc911d7417bfe6e999e613a9d63,0,1,-84
11:55:39,P6148,b6097cad71942ddd6d1d17fc4d3b3c679715329b4e4aabb4a738f8785627f646,0,11,-85
11:55:41,P6148,4d9202e4a9261577dc42d982b5f54a3cb9d885d2b5115c32e6b9f224a6056e57,0,6,-65
11:55:41,P6147,8a0bf6cee7ffc1c407c1f9f2f60b5b817de262b38be0ef4faad7d10fb2790d36,3,6,-66
11:55:41,P6155,73bbcd07d429a0dfcfa878b90194adf03714ad72e0489a00e1ccf7b178da5b50,3,6,-82
11:55:43,P6148,4d9202e4a9261577dc42d982b5f54a3cb9d885d2b5115c32e6b9f224a6056e57,0,6,-72
11:55:43,P6147,8a0bf6cee7ffc1c407c1f9f2f60b5b817de262b38be0ef4faad7d10fb2790d36,3,6,-73
11:55:43,P6152,0024e7e547798941f3ec629edcf19111950a3b1fdb0c50bb0891603a9dd5fc93,0,6,-77
11:55:43,P6161,a20ea53f44ba64a9e33b708a2e894b68173e41d06d81a96fcb22bf2d4ea88a72,2,11,-77
11:55:43,P6155,73bbcd07d429a0dfcfa878b90194adf03714ad72e0489a00e1ccf7b178da5b50,3,6,-78
11:55:43,P6152,5e0a433f6a64e782687dafdb6c6f60f4418853fb586746774a7cf1c5748fadb6,0,1,-87
11:55:43,P68,823c4d4c521c101e54579ec1def591c690112004eecb7fb7f8706bee6d9a8fdc,3,13,-92
11:55:43,P67,ae75e4780819d66c13c5204e6736e973104942adc807efa62738f46d02ba69eb,0,5,-94
11:55:43,P66,6098916209ce8b8bb63c60422423b0f4312f55791edabb2ba3f07b35969fa7e1,3,5,-95
11:55:45,P6147,8a0bf6cee7ffc1c407c1f9f2f60b5b817de262b38be0ef4faad7d10fb2790d36,3,6,-64
11:55:45,P6148,4d9202e4a9261577dc42d982b5f54a3cb9d885d2b5115c32e6b9f224a6056e57,0,6,-64
11:55:45,P6152,0024e7e547798941f3ec629edcf19111950a3b1fdb0c50bb0891603a9dd5fc93,0,6,-78
11:55:45,P6155,73bbcd07d429a0dfcfa878b90194adf03714ad72e0489a00e1ccf7b178da5b50,3,6,-81
11:55:45,P6147,12018e326dcbb3932303f0f790089864f0e6c0ffc235281e73838747c77b8264,3,11,-83
11:55:45,P6147,09d9f862d6ec2420edb9847b56ae494a815441f5916063994b4c0ad76d3a549a,3,1,-87
11:55:45,P6148,8f7b502fd07299638f9a4b7640a014db4f59665b5fcca95b142a8e8ff8af7e81,0,1,-88
11:55:45,P6147,635be986f5489d85ca3a4145826c86e2a7772d972ca5d3c2c69af1bea8fdb221,3,11,-88
11:55:45,P63,a19096e2fddfe105b302b37054bc39175de238eca5c303861dd3aa02951564e2,3,5,-89
11:55:47,P6147,8a0bf6cee7ffc1c407c1f9f2f60b5b817de262b38be0ef4faad7d10fb2790d36,3,6,-73
11:55:47,P6148,4d9202e4a9261577dc42d982b5f54a3cb9d885d2b5115c32e6b9f224a6056e57,0,6,-76
11:55:47,P6152,0024e7e547798941f3ec629edcf19111950a3b1fdb0c50bb0891603a9dd5fc93,0,6,-76
11:55:47,P6148,94f9ff1469476c89234b03b781c4301744a6c7eb8fcdc85cffde44032cfa558c,0,1,-78
11:55:47,P6147,d1a86bad941decfd493e3a73db90c7d2315c4f9331ab06772bd15ea59ad4543e,3,1,-79
11:55:47,P6147,12018e326dcbb3932303f0f790089864f0e6c0ffc235281e73838747c77b8264,3,11,-88
11:55:49,P6155,73bbcd07d429a0dfcfa878b90194adf03714ad72e0489a00e1ccf7b178da5b50,3,6,-78
11:55:49,P6152,0024e7e547798941f3ec629edcf19111950a3b1fdb0c50bb0891603a9dd5fc93,0,6,-80
11:55:49,P6147,d1a86bad941decfd493e3a73db90c7d2315c4f9331ab06772bd15ea59ad4543e,3,1,-86
11:55:49,P6148,94f9ff1469476c89234b03b781c4301744a6c7eb8fcdc85cffde44032cfa558c,0,1,-86
11:55:51,P6147,8a0bf6cee7ffc1c407c1f9f2f60b5b817de262b38be0ef4faad7d10fb2790d36,3,6,-70
11:55:51,P6148,4d9202e4a9261577dc42d982b5f54a3cb9d885d2b5115c32e6b9f224a6056e57,0,6,-75
11:55:51,P6148,94f9ff1469476c89234b03b781c4301744a6c7eb8fcdc85cffde44032cfa558c,0,1,-80
11:55:51,P6161,a20ea53f44ba64a9e33b708a2e894b68173e41d06d81a96fcb22bf2d4ea88a72,2,11,-94
11:55:51,P69,6f8a0927e1e06cc634d51ba2f813b25fe0fc41990febcfa94359e7912439bbe8,5,13,-94
11:55:53,P6147,8a0bf6cee7ffc1c407c1f9f2f60b5b817de262b38be0ef4faad7d10fb2790d36,3,6,-68
11:55:53,P6152,0024e7e547798941f3ec629edcf19111950a3b1fdb0c50bb0891603a9dd5fc93,0,6,-73
11:55:53,P6161,a20ea53f44ba64a9e33b708a2e894b68173e41d06d81a96fcb22bf2d4ea88a72,2,11,-81
11:55:53,P6147,12018e326dcbb3932303f0f790089864f0e6c0ffc235281e73838747c77b8264,3,11,-83
11:55:55,P6147,8a0bf6cee7ffc1c407c1f9f2f60b5b817de262b38be0ef4faad7d10fb2790d36,3,6,-60
11:55:55,P6152,0024e7e547798941f3ec629edcf19111950a3b1fdb0c50bb0891603a9dd5fc93,0,6,-73
11:55:55,P6161,a20ea53f44ba64a9e33b708a2e894b68173e41d06d81a96fcb22bf2d4ea88a72,2,11,-76
11:55:55,P6147,d1a86bad941decfd493e3a73db90c7d2315c4f9331ab06772bd15ea59ad4543e,3,1,-77
11:55:55,P6148,94f9ff1469476c89234b03b781c4301744a6c7eb8fcdc85cffde44032cfa558c,0,1,-77
11:55:55,P6147,12018e326dcbb3932303f0f790089864f0e6c0ffc235281e73838747c77b8264,3,11,-86
11:55:55,P69,21777e5e5c83b5d99aa60c371b5321ea9abfc3a722e0b3d99c1849ad0caf6c90,5,5,-93
11:55:56,P6155,73bbcd07d429a0dfcfa878b90194adf03714ad72e0489a00e1ccf7b178da5b50,3,6,-77
11:55:56,P6147,12018e326dcbb3932303f0f790089864f0e6c0ffc235281e73838747c77b8264,3,11,-81
11:55:56,P6148,b6097cad71942ddd6d1d17fc4d3b3c679715329b4e4aabb4a738f8785627f646,0,11,-81
11:55:56,P66,48c3b2de610ee6f2475d2af34ffafd156cffca7e9d95058646e6ee11852566c0,3,13,-89
11:55:56,P68,823c4d4c521c101e54579ec1def591c690112004eecb7fb7f8706bee6d9a8fdc,3,13,-90
11:55:56,P63,6bc1f3c739086af1f4cb712b794f0fb785b50dfa6f6e57468e124185fe39be18,3,5,-92
11:55:56,P6161,a20ea53f44ba64a9e33b708a2e894b68173e41d06d81a96fcb22bf2d4ea88a72,2,11,-93
11:55:59,P6147,8a0bf6cee7ffc1c407c1f9f2f60b5b817de262b38be0ef4faad7d10fb2790d36,3,6,-59
11:55:59,P6148,4d9202e4a9261577dc42d982b5f54a3cb9d885d2b5115c32e6b9f224a6056e57,0,6,-61
11:55:59,P6152,0024e7e547798941f3ec629edcf19111950a3b1fdb0c50bb0891603a9dd5fc93,0,6,-76
11:55:59,P6147,d1a86bad941decfd493e3a73db90c7d2315c4f9331ab06772bd15ea59ad4543e,3,1,-77
11:55:59,P6148,94f9ff1469476c89234b03b781c4301744a6c7eb8fcdc85cffde44032cfa558c,0,1,-77
11:55:59,P6155,73bbcd07d429a0dfcfa878b90194adf03714ad72e0489a00e1ccf7b178da5b50,3,6,-79
11:56:01,P6147,8a0bf6cee7ffc1c407c1f9f2f60b5b817de262b38be0ef4faad7d10fb2790d36,3,6,-61
11:56:01,P6148,4d9202e4a9261577dc42d982b5f54a3cb9d885d2b5115c32e6b9f224a6056e57,0,6,-62
11:56:01,P6152,0024e7e547798941f3ec629edcf19111950a3b1fdb0c50bb0891603a9dd5fc93,0,6,-77
11:56:01,P6161,a20ea53f44ba64a9e33b708a2e894b68173e41d06d81a96fcb22bf2d4ea88a72,2,11,-96
11:56:03,P6155,73bbcd07d429a0dfcfa878b90194adf03714ad72e0489a00e1ccf7b178da5b50,3,6,-77
11:56:03,P6152,0024e7e547798941f3ec629edcf19111950a3b1fdb0c50bb0891603a9dd5fc93,0,6,-79
11:56:04,P6147,8a0bf6cee7ffc1c407c1f9f2f60b5b817de262b38be0ef4faad7d10fb2790d36,3,6,-67
11:56:04,P6148,4d9202e4a9261577dc42d982b5f54a3cb9d885d2b5115c32e6b9f224a6056e57,0,6,-68
11:56:04,P6152,0024e7e547798941f3ec629edcf19111950a3b1fdb0c50bb0891603a9dd5fc93,0,6,-74
11:56:04,P6147,d1a86bad941decfd493e3a73db90c7d2315c4f9331ab06772bd15ea59ad4543e,3,1,-81
11:56:04,P6148,b6097cad71942ddd6d1d17fc4d3b3c679715329b4e4aabb4a738f8785627f646,0,11,-88
11:56:04,P6147,12018e326dcbb3932303f0f790089864f0e6c0ffc235281e73838747c77b8264,3,11,-89
11:56:04,P67,b64233ae6aae1d541f538a9cdfaa0eceb940981bbecf2e88c2c9bf01c96e0a55,0,13,-91
11:56:06,P6147,8a0bf6cee7ffc1c407c1f9f2f60b5b817de262b38be0ef4faad7d10fb2790d36,3,6,-61
11:56:06,P6148,4d9202e4a9261577dc42d982b5f54a3cb9d885d2b5115c32e6b9f224a6056e57,0,6,-62
11:56:08,P6147,8a0bf6cee7ffc1c407c1f9f2f60b5b817de262b38be0ef4faad7d10fb2790d36,3,6,-73
11:56:08,P6148,4d9202e4a9261577dc42d982b5f54a3cb9d885d2b5115c32e6b9f224a6056e57,0,6,-73
11:56:08,P6155,73bbcd07d429a0dfcfa878b90194adf03714ad72e0489a00e1ccf7b178da5b50,3,6,-79
11:56:08,P6152,0024e7e547798941f3ec629edcf19111950a3b1fdb0c50bb0891603a9dd5fc93,0,6,-81
11:56:08,P6161,a20ea53f44ba64a9e33b708a2e894b68173e41d06d81a96fcb22bf2d4ea88a72,2,11,-92
11:56:08,P6151,9763705afdbcdb53735e636cf232685328a2580abc77baef755558452079b713,3,11,-94
11:56:10,P6147,8a0bf6cee7ffc1c407c1f9f2f60b5b817de262b38be0ef4faad7d10fb2790d36,3,6,-73
11:56:10,P6148,4d9202e4a9261577dc42d982b5f54a3cb9d885d2b5115c32e6b9f224a6056e57,0,6,-73
11:56:10,P6152,0024e7e547798941f3ec629edcf19111950a3b1fdb0c50bb0891603a9dd5fc93,0,6,-80
11:56:10,P6155,73bbcd07d429a0dfcfa878b90194adf03714ad72e0489a00e1ccf7b178da5b50,3,6,-82
11:56:12,P6148,4d9202e4a9261577dc42d982b5f54a3cb9d885d2b5115c32e6b9f224a6056e57,0,6,-65
11:56:12,P6147,8a0bf6cee7ffc1c407c1f9f2f60b5b817de262b38be0ef4faad7d10fb2790d36,3,6,-66
11:56:14,P6147,8a0bf6cee7ffc1c407c1f9f2f60b5b817de262b38be0ef4faad7d10fb2790d36,3,6,-72
11:56:14,P6155,73bbcd07d429a0dfcfa878b90194adf03714ad72e0489a00e1ccf7b178da5b50,3,6,-74
11:56:14,P6152,0024e7e547798941f3ec629edcf19111950a3b1fdb0c50bb0891603a9dd5fc93,0,6,-79
11:56:14,P66,48c3b2de610ee6f2475d2af34ffafd156cffca7e9d95058646e6ee11852566c0,3,13,-93
11:56:14,P63,6bc1f3c739086af1f4cb712b794f0fb785b50dfa6f6e57468e124185fe39be18,3,5,-95
11:56:16,P6152,0024e7e547798941f3ec629edcf19111950a3b1fdb0c50bb0891603a9dd5fc93,0,6,-76
11:56:16,P6155,73bbcd07d429a0dfcfa878b90194adf03714ad72e0489a00e1ccf7b178da5b50,3,6,-78
11:56:18,P6147,09d9f862d6ec2420edb9847b56ae494a815441f5916063994b4c0ad76d3a549a,3,1,-84
11:56:18,P6148,8f7b502fd07299638f9a4b7640a014db4f59665b5fcca95b142a8e8ff8af7e81,0,1,-84
11:56:20,P6147,8a0bf6cee7ffc1c407c1f9f2f60b5b817de262b38be0ef4faad7d10fb2790d36,3,6,-66
11:56:20,P6148,4d9202e4a9261577dc42d982b5f54a3cb9d885d2b5115c32e6b9f224a6056e57,0,6,-66
11:56:20,P6155,73bbcd07d429a0dfcfa878b90194adf03714ad72e0489a00e1ccf7b178da5b50,3,6,-74
11:56:20,P6152,0024e7e547798941f3ec629edcf19111950a3b1fdb0c50bb0891603a9dd5fc93,0,6,-76
11:56:22,P6148,4d9202e4a9261577dc42d982b5f54a3cb9d885d2b5115c32e6b9f224a6056e57,0,6,-62
11:56:22,P6147,8a0bf6cee7ffc1c407c1f9f2f60b5b817de262b38be0ef4faad7d10fb2790d36,3,6,-63
11:56:22,P6152,0024e7e547798941f3ec629edcf19111950a3b1fdb0c50bb0891603a9dd5fc93,0,6,-79
11:56:22,P6155,73bbcd07d429a0dfcfa878b90194adf03714ad72e0489a00e1ccf7b178da5b50,3,6,-81
11:56:24,P6147,8a0bf6cee7ffc1c407c1f9f2f60b5b817de262b38be0ef4faad7d10fb2790d36,3,6,-67
11:56:24,P6152,0024e7e547798941f3ec629edcf19111950a3b1fdb0c50bb0891603a9dd5fc93,0,6,-79
11:56:24,P6155,73bbcd07d429a0dfcfa878b90194adf03714ad72e0489a00e1ccf7b178da5b50,3,6,-82
11:56:24,P6147,12018e326dcbb3932303f0f790089864f0e6c0ffc235281e73838747c77b8264,3,11,-85
11:56:24,P6148,b6097cad71942ddd6d1d17fc4d3b3c679715329b4e4aabb4a738f8785627f646,0,11,-85
11:56:24,P6145,be66992da9ab8a68747a880933853b8ba9d619f5b4ce846dcc5a1ce2886863d1,0,1,-86
11:56:24,P6158,d907718e1bd2f2958dbb01abf8e71e69710f46f61617b3ca98b00288428be25a,3,6,-89
11:56:25,P6147,8a0bf6cee7ffc1c407c1f9f2f60b5b817de262b38be0ef4faad7d10fb2790d36,3,6,-65
11:56:25,P6148,4d9202e4a9261577dc42d982b5f54a3cb9d885d2b5115c32e6b9f224a6056e57,0,6,-65
11:56:25,P6152,0024e7e547798941f3ec629edcf19111950a3b1fdb0c50bb0891603a9dd5fc93,0,6,-77
11:56:25,P6155,73bbcd07d429a0dfcfa878b90194adf03714ad72e0489a00e1ccf7b178da5b50,3,6,-80
11:56:27,P6148,b6097cad71942ddd6d1d17fc4d3b3c679715329b4e4aabb4a738f8785627f646,0,11,-73
11:56:27,P6147,12018e326dcbb3932303f0f790089864f0e6c0ffc235281e73838747c77b8264,3,11,-74
11:56:27,P6147,8a0bf6cee7ffc1c407c1f9f2f60b5b817de262b38be0ef4faad7d10fb2790d36,3,6,-75
11:56:27,P6148,4d9202e4a9261577dc42d982b5f54a3cb9d885d2b5115c32e6b9f224a6056e57,0,6,-75
11:56:27,P6148,94f9ff1469476c89234b03b781c4301744a6c7eb8fcdc85cffde44032cfa558c,0,1,-85
11:56:29,P6147,8a0bf6cee7ffc1c407c1f9f2f60b5b817de262b38be0ef4faad7d10fb2790d36,3,6,-68
11:56:29,P6147,d1a86bad941decfd493e3a73db90c7d2315c4f9331ab06772bd15ea59ad4543e,3,1,-82
11:56:29,P6148,b6097cad71942ddd6d1d17fc4d3b3c679715329b4e4aabb4a738f8785627f646,0,11,-82
11:56:29,P6148,94f9ff1469476c89234b03b781c4301744a6c7eb8fcdc85cffde44032cfa558c,0,1,-83
11:56:29,P6152,0024e7e547798941f3ec629edcf19111950a3b1fdb0c50bb0891603a9dd5fc93,0,6,-83
11:56:29,P6147,12018e326dcbb3932303f0f790089864f0e6c0ffc235281e73838747c77b8264,3,11,-83
11:56:29,P68,1063cad6adf0e54871fc8599106cfe663c9c35808a1ba7cc9497cffbd8e2864c,3,9,-94
11:56:29,P69,6ed219d36019f3de52600c5221d786776f7ba4dfcc214985a62c38dc765ca083,5,9,-95
11:56:29,P63,cd78c4d2deec1965cb69a0370158a1d1cf9aba704693902c8b780e815837953f,3,9,-95
11:56:33,P6150,82a2f72c8885fe0e70814ba9d471889ad6e064c14fd6f58f5fa39937b34e2937,3,11,-90
11:56:33,P6151,9763705afdbcdb53735e636cf232685328a2580abc77baef755558452079b713,3,11,-91
11:56:33,P66,80bcd244e033e1ea3ed6b7f6933ed2a2c39d62d82b44a5bd9c6c8f89d53905d3,3,13,-94
11:56:35,P6147,d1a86bad941decfd493e3a73db90c7d2315c4f9331ab06772bd15ea59ad4543e,3,1,-71
11:56:35,P6148,94f9ff1469476c89234b03b781c4301744a6c7eb8fcdc85cffde44032cfa558c,0,1,-71
11:56:35,P6152,0024e7e547798941f3ec629edcf19111950a3b1fdb0c50bb0891603a9dd5fc93,0,6,-74
11:56:35,P6147,8a0bf6cee7ffc1c407c1f9f2f60b5b817de262b38be0ef4faad7d10fb2790d36,3,6,-76
11:56:35,P6148,4d9202e4a9261577dc42d982b5f54a3cb9d885d2b5115c32e6b9f224a6056e57,0,6,-77
11:56:35,P68,1063cad6adf0e54871fc8599106cfe663c9c35808a1ba7cc9497cffbd8e2864c,3,9,-92
11:56:35,P69,6ed219d36019f3de52600c5221d786776f7ba4dfcc214985a62c38dc765ca083,5,9,-92
11:56:35,P66,fc435d58bc3eeac7bec139ee87b2810190967433ce34f02d58c588a673ae3a06,3,9,-93
11:56:35,P63,cd78c4d2deec1965cb69a0370158a1d1cf9aba704693902c8b780e815837953f,3,9,-93
11:56:35,P67,2e4ad8abbec9e46ec8279be13ff2e98db2ac804134a6d4622bfde365b9ad0983,0,9,-94
11:56:37,P6152,0024e7e547798941f3ec629edcf19111950a3b1fdb0c50bb0891603a9dd5fc93,0,6,-73
11:56:37,P6155,73bbcd07d429a0dfcfa878b90194adf03714ad72e0489a00e1ccf7b178da5b50,3,6,-77
11:56:37,P6147,d1a86bad941decfd493e3a73db90c7d2315c4f9331ab06772bd15ea59ad4543e,3,1,-78
11:56:37,P6161,a20ea53f44ba64a9e33b708a2e894b68173e41d06d81a96fcb22bf2d4ea88a72,2,11,-88
11:56:37,P68,1063cad6adf0e54871fc8599106cfe663c9c35808a1ba7cc9497cffbd8e2864c,3,9,-89
11:56:37,P67,2e4ad8abbec9e46ec8279be13ff2e98db2ac804134a6d4622bfde365b9ad0983,0,9,-93
11:56:39,P6147,8a0bf6cee7ffc1c407c1f9f2f60b5b817de262b38be0ef4faad7d10fb2790d36,3,6,-75
11:56:39,P6148,4d9202e4a9261577dc42d982b5f54a3cb9d885d2b5115c32e6b9f224a6056e57,0,6,-75
11:56:39,P6147,d1a86bad941decfd493e3a73db90c7d2315c4f9331ab06772bd15ea59ad4543e,3,1,-80
11:56:39,P6148,94f9ff1469476c89234b03b781c4301744a6c7eb8fcdc85cffde44032cfa558c,0,1,-82
11:56:39,P6155,73bbcd07d429a0dfcfa878b90194adf03714ad72e0489a00e1ccf7b178da5b50,3,6,-83
11:56:39,P68,1063cad6adf0e54871fc8599106cfe663c9c35808a1ba7cc9497cffbd8e2864c,3,9,-93
11:56:39,P63,cd78c4d2deec1965cb69a0370158a1d1cf9aba704693902c8b780e815837953f,3,9,-95
11:56:39,P69,6ed219d36019f3de52600c5221d786776f7ba4dfcc214985a62c38dc765ca083,5,9,-96
11:56:39,P67,2e4ad8abbec9e46ec8279be13ff2e98db2ac804134a6d4622bfde365b9ad0983,0,9,-97
11:56:41,P6152,0024e7e547798941f3ec629edcf19111950a3b1fdb0c50bb0891603a9dd5fc93,0,6,-77
11:56:41,P6147,d1a86bad941decfd493e3a73db90c7d2315c4f9331ab06772bd15ea59ad4543e,3,1,-78
11:56:41,P6147,8a0bf6cee7ffc1c407c1f9f2f60b5b817de262b38be0ef4faad7d10fb2790d36,3,6,-79
11:56:41,P6148,4d9202e4a9261577dc42d982b5f54a3cb9d885d2b5115c32e6b9f224a6056e57,0,6,-80
11:56:41,P6155,73bbcd07d429a0dfcfa878b90194adf03714ad72e0489a00e1ccf7b178da5b50,3,6,-82
11:56:41,P6155,060d5e22eb76320c029c50bd5a4d7f5bc842520eddb9c571396170cb6a4001c9,3,1,-90
11:56:43,P6147,d1a86bad941decfd493e3a73db90c7d2315c4f9331ab06772bd15ea59ad4543e,3,1,-74
11:56:43,P6148,94f9ff1469476c89234b03b781c4301744a6c7eb8fcdc85cffde44032cfa558c,0,1,-74
11:56:43,P66,48c3b2de610ee6f2475d2af34ffafd156cffca7e9d95058646e6ee11852566c0,3,13,-83
11:56:43,P68,823c4d4c521c101e54579ec1def591c690112004eecb7fb7f8706bee6d9a8fdc,3,13,-83
11:56:45,P6147,d1a86bad941decfd493e3a73db90c7d2315c4f9331ab06772bd15ea59ad4543e,3,1,-76
11:56:45,P6148,94f9ff1469476c89234b03b781c4301744a6c7eb8fcdc85cffde44032cfa558c,0,1,-76
11:56:45,P6152,5e0a433f6a64e782687dafdb6c6f60f4418853fb586746774a7cf1c5748fadb6,0,1,-85
11:56:45,P6150,82a2f72c8885fe0e70814ba9d471889ad6e064c14fd6f58f5fa39937b34e2937,3,11,-89
11:56:45,P61,7994e1d55e270023b1edd16e8675b8d5e5119c564d78cc2df6d90de2db9014d8,0,4,-91
11:56:47,P6150,e64a894b9fab92ad8f6f57003ce2dfc579c2d4f0bc0c025d121fad1b3b8cd709,3,1,-89
11:56:47,P61,7994e1d55e270023b1edd16e8675b8d5e5119c564d78cc2df6d90de2db9014d8,0,4,-91
11:56:47,P63,6bc1f3c739086af1f4cb712b794f0fb785b50dfa6f6e57468e124185fe39be18,3,5,-91
11:56:49,P67,c485765176fdb6e7958769647c4792939948e26812f8a9a282a68648aad9fa7d,0,5,-89
11:56:49,P69,6f8a0927e1e06cc634d51ba2f813b25fe0fc41990febcfa94359e7912439bbe8,5,13,-90
11:56:49,P66,48c3b2de610ee6f2475d2af34ffafd156cffca7e9d95058646e6ee11852566c0,3,13,-91
11:56:49,P67,b64233ae6aae1d541f538a9cdfaa0eceb940981bbecf2e88c2c9bf01c96e0a55,0,13,-92
11:56:49,P68,3162535206d48eceb9f898af256a1e74433114a486ba7820e1c439097f1110bd,3,13,-94
11:56:51,P6147,d1a86bad941decfd493e3a73db90c7d2315c4f9331ab06772bd15ea59ad4543e,3,1,-65
11:56:51,P6148,94f9ff1469476c89234b03b781c4301744a6c7eb8fcdc85cffde44032cfa558c,0,1,-65
11:56:51,P6145,6d6c65e021db749ebbcb980f68664d96c876a715fc04775240b6b235977ae82f,0,1,-85
11:56:51,P6144,c9bfa2ecbc73de6c2378eab024f959803dcc3cc911d7417bfe6e999e613a9d63,0,1,-85
11:56:51,P6147,635be986f5489d85ca3a4145826c86e2a7772d972ca5d3c2c69af1bea8fdb221,3,11,-87
11:56:51,P6148,542a92c8726f85958356f50c5cc7ad8b2c36accfe23ac74d1edd60c52f9d34a5,0,11,-89
11:56:53,P6147,d1a86bad941decfd493e3a73db90c7d2315c4f9331ab06772bd15ea59ad4543e,3,1,-71
11:56:53,P6148,94f9ff1469476c89234b03b781c4301744a6c7eb8fcdc85cffde44032cfa558c,0,1,-71
11:56:53,P6152,0024e7e547798941f3ec629edcf19111950a3b1fdb0c50bb0891603a9dd5fc93,0,6,-80
11:56:53,P67,b64233ae6aae1d541f538a9cdfaa0eceb940981bbecf2e88c2c9bf01c96e0a55,0,13,-93
11:56:53,P66,48c3b2de610ee6f2475d2af34ffafd156cffca7e9d95058646e6ee11852566c0,3,13,-93
11:56:55,P6147,d1a86bad941decfd493e3a73db90c7d2315c4f9331ab06772bd15ea59ad4543e,3,1,-72
11:56:55,P6148,94f9ff1469476c89234b03b781c4301744a6c7eb8fcdc85cffde44032cfa558c,0,1,-72
11:56:55,P66,2c670a73159247bddfa25cdbcfca206310152545cace9f5c836196a3dbe02f28,3,5,-92
11:56:55,P67,cdb4df8918fadbbf86d8afac6d58e9413d6127024bd68bb9c9fca595d21884b2,0,13,-93
11:56:55,P66,80bcd244e033e1ea3ed6b7f6933ed2a2c39d62d82b44a5bd9c6c8f89d53905d3,3,13,-94
11:56:55,P6160,90cdfa13eae5dff7cd16a7c5490f58516cd073afee8a039dda23ef8e1d32a8d4,4,11,-95
11:56:57,P6147,8a0bf6cee7ffc1c407c1f9f2f60b5b817de262b38be0ef4faad7d10fb2790d36,3,6,-65
11:56:57,P6148,4d9202e4a9261577dc42d982b5f54a3cb9d885d2b5115c32e6b9f224a6056e57,0,6,-65
11:56:57,P6148,b6097cad71942ddd6d1d17fc4d3b3c679715329b4e4aabb4a738f8785627f646,0,11,-87
11:56:57,P6147,12018e326dcbb3932303f0f790089864f0e6c0ffc235281e73838747c77b8264,3,11,-88
11:56:57,P6152,0024e7e547798941f3ec629edcf19111950a3b1fdb0c50bb0891603a9dd5fc93,0,6,-90
11:56:58,P6155,060d5e22eb76320c029c50bd5a4d7f5bc842520eddb9c571396170cb6a4001c9,3,1,-86
11:56:58,P6150,82a2f72c8885fe0e70814ba9d471889ad6e064c14fd6f58f5fa39937b34e2937,3,11,-87
11:56:58,P6151,9763705afdbcdb53735e636cf232685328a2580abc77baef755558452079b713,3,11,-87
11:57:00,P6147,d1a86bad941decfd493e3a73db90c7d2315c4f9331ab06772bd15ea59ad4543e,3,1,-75
11:57:00,P6148,94f9ff1469476c89234b03b781c4301744a6c7eb8fcdc85cffde44032cfa558c,0,1,-75
11:57:00,P6147,8a0bf6cee7ffc1c407c1f9f2f60b5b817de262b38be0ef4faad7d10fb2790d36,3,6,-75
11:57:00,P6148,4d9202e4a9261577dc42d982b5f54a3cb9d885d2b5115c32e6b9f224a6056e57,0,6,-75
11:57:00,P6155,73bbcd07d429a0dfcfa878b90194adf03714ad72e0489a00e1ccf7b178da5b50,3,6,-80
11:57:00,P6152,0024e7e547798941f3ec629edcf19111950a3b1fdb0c50bb0891603a9dd5fc93,0,6,-80
11:57:02,P6148,94f9ff1469476c89234b03b781c4301744a6c7eb8fcdc85cffde44032cfa558c,0,1,-71
11:57:02,P6147,d1a86bad941decfd493e3a73db90c7d2315c4f9331ab06772bd15ea59ad4543e,3,1,-73
11:57:02,P6147,8a0bf6cee7ffc1c407c1f9f2f60b5b817de262b38be0ef4faad7d10fb2790d36,3,6,-82
11:57:02,P6152,0024e7e547798941f3ec629edcf19111950a3b1fdb0c50bb0891603a9dd5fc93,0,6,-84
11:57:02,P6148,4d9202e4a9261577dc42d982b5f54a3cb9d885d2b5115c32e6b9f224a6056e57,0,6,-84
11:57:02,P6158,d907718e1bd2f2958dbb01abf8e71e69710f46f61617b3ca98b00288428be25a,3,6,-89
11:57:02,P68,1063cad6adf0e54871fc8599106cfe663c9c35808a1ba7cc9497cffbd8e2864c,3,9,-91
11:57:02,P66,6098916209ce8b8bb63c60422423b0f4312f55791edabb2ba3f07b35969fa7e1,3,5,-94
11:57:02,P68,6e6467c31734e636bbbecb9e5d605391d29fa4ded882bdf91fbfdbc4896de2d3,3,5,-94
11:57:02,P66,fc435d58bc3eeac7bec139ee87b2810190967433ce34f02d58c588a673ae3a06,3,9,-95
11:57:02,P67,e48b0821b2dfa0addae83be1867917d327c98a195fdc05112e65f8427b375931,0,5,-96
11:57:04,P6147,8a0bf6cee7ffc1c407c1f9f2f60b5b817de262b38be0ef4faad7d10fb2790d36,3,6,-75
11:57:04,P6148,4d9202e4a9261577dc42d982b5f54a3cb9d885d2b5115c32e6b9f224a6056e57,0,6,-75
11:57:04,P6145,6d6c65e021db749ebbcb980f68664d96c876a715fc04775240b6b235977ae82f,0,1,-79
11:57:04,P6144,c9bfa2ecbc73de6c2378eab024f959803dcc3cc911d7417bfe6e999e613a9d63,0,1,-80
11:57:04,P6152,0024e7e547798941f3ec629edcf19111950a3b1fdb0c50bb0891603a9dd5fc93,0,6,-80
11:57:04,P6155,73bbcd07d429a0dfcfa878b90194adf03714ad72e0489a00e1ccf7b178da5b50,3,6,-84
11:57:04,P6152,5e0a433f6a64e782687dafdb6c6f60f4418853fb586746774a7cf1c5748fadb6,0,1,-88
11:57:04,P6151,d30f753602beec5eb0ceada9589959a2474c37369e5bb3762cc0427350a594ea,3,1,-93
11:57:04,P69,f3f95c48d929bca8f3a8de53bfa957c2280e558379a9ad141ef0abe30eabf9e3,5,13,-94
11:57:06,P6148,94f9ff1469476c89234b03b781c4301744a6c7eb8fcdc85cffde44032cfa558c,0,1,-79
11:57:06,P6147,8a0bf6cee7ffc1c407c1f9f2f60b5b817de262b38be0ef4faad7d10fb2790d36,3,6,-80
11:57:06,P6148,4d9202e4a9261577dc42d982b5f54a3cb9d885d2b5115c32e6b9f224a6056e57,0,6,-80
11:57:06,P6147,d1a86bad941decfd493e3a73db90c7d2315c4f9331ab06772bd15ea59ad4543e,3,1,-81
11:57:08,P6148,542a92c8726f85958356f50c5cc7ad8b2c36accfe23ac74d1edd60c52f9d34a5,0,11,-87
11:57:08,P68,3162535206d48eceb9f898af256a1e74433114a486ba7820e1c439097f1110bd,3,13,-87
11:57:08,P67,cdb4df8918fadbbf86d8afac6d58e9413d6127024bd68bb9c9fca595d21884b2,0,13,-89
11:57:08,P66,80bcd244e033e1ea3ed6b7f6933ed2a2c39d62d82b44a5bd9c6c8f89d53905d3,3,13,-89
11:57:08,P6153,4bff76cdf2a8987279373c5d15c5a2d71300cf07e058513a17ba4dff27761657,3,6,-90
11:57:10,P6148,94f9ff1469476c89234b03b781c4301744a6c7eb8fcdc85cffde44032cfa558c,0,1,-65
11:57:10,P6147,d1a86bad941decfd493e3a73db90c7d2315c4f9331ab06772bd15ea59ad4543e,3,1,-69
11:57:10,P6152,5e0a433f6a64e782687dafdb6c6f60f4418853fb586746774a7cf1c5748fadb6,0,1,-82
11:57:10,P67,c485765176fdb6e7958769647c4792939948e26812f8a9a282a68648aad9fa7d,0,5,-89
11:57:10,P66,2c670a73159247bddfa25cdbcfca206310152545cace9f5c836196a3dbe02f28,3,5,-90
11:57:10,P67,cac7bd3c7ba984b162efabb191833617cdd3f5cdfa78355cbad7a229e8a0097f,0,13,-90
11:57:10,P66,0a27df65e336b75d3bafda6eb54009191fdbfcc6d59e8dbe3b4ea16e8305e806,3,13,-91
11:57:10,P61,7994e1d55e270023b1edd16e8675b8d5e5119c564d78cc2df6d90de2db9014d8,0,4,-94
11:57:10,P6151,9763705afdbcdb53735e636cf232685328a2580abc77baef755558452079b713,3,11,-94
11:57:10,P68,30a4f58f44c5108c77d607a88671b07cd8fcda4ba62713cba5da1240dbd02de2,3,13,-94
11:57:10,P68,2fb61bb5965feff40b9a7eb67d4dd4c67aa810f6321ad990abd7935e8c31e904,3,13,-94
11:57:10,P6150,82a2f72c8885fe0e70814ba9d471889ad6e064c14fd6f58f5fa39937b34e2937,3,11,-95
11:57:10,P67,044fbadeb255d5f348b2ea66629ac927635f213b1c5825b42d42ff35565bbc29,0,13,-95
11:57:10,P66,2328c350612c91e51414cbceec6a0cfc1d11b0f2071119ba628b1db9cdbe132f,3,13,-95
11:57:12,P6147,d1a86bad941decfd493e3a73db90c7d2315c4f9331ab06772bd15ea59ad4543e,3,1,-61
11:57:12,P6148,94f9ff1469476c89234b03b781c4301744a6c7eb8fcdc85cffde44032cfa558c,0,1,-61
11:57:12,P6147,8a0bf6cee7ffc1c407c1f9f2f60b5b817de262b38be0ef4faad7d10fb2790d36,3,6,-80
11:57:12,P6155,060d5e22eb76320c029c50bd5a4d7f5bc842520eddb9c571396170cb6a4001c9,3,1,-85
11:57:12,P68,dc77977c37f7916426ddbf502cce04b2583789847802a6974996500d7e1c7255,3,5,-87
11:57:12,P69,21777e5e5c83b5d99aa60c371b5321ea9abfc3a722e0b3d99c1849ad0caf6c90,5,5,-89
11:57:12,P6158,d907718e1bd2f2958dbb01abf8e71e69710f46f61617b3ca98b00288428be25a,3,6,-92
11:57:12,P67,cac7bd3c7ba984b162efabb191833617cdd3f5cdfa78355cbad7a229e8a0097f,0,13,-93
11:57:14,P6148,94f9ff1469476c89234b03b781c4301744a6c7eb8fcdc85cffde44032cfa558c,0,1,-64
11:57:14,P6147,d1a86bad941decfd493e3a73db90c7d2315c4f9331ab06772bd15ea59ad4543e,3,1,-67
11:57:14,P66,48c3b2de610ee6f2475d2af34ffafd156cffca7e9d95058646e6ee11852566c0,3,13,-85
11:57:14,P68,823c4d4c521c101e54579ec1def591c690112004eecb7fb7f8706bee6d9a8fdc,3,13,-85
11:57:14,P63,6bc1f3c739086af1f4cb712b794f0fb785b50dfa6f6e57468e124185fe39be18,3,5,-90
11:57:14,P61,88e9094b352969fb4ccec603824148b50c89dfdc48fd8ac685eab14514397538,0,9,-90
11:57:14,P68,6e6467c31734e636bbbecb9e5d605391d29fa4ded882bdf91fbfdbc4896de2d3,3,5,-93
11:57:14,P67,7704c94b87675d4c4b66b79ac33439dcfe6d16c183ba4ad327577de35e26d00b,0,5,-93
11:57:14,P63,a19096e2fddfe105b302b37054bc39175de238eca5c303861dd3aa02951564e2,3,5,-93
11:57:14,P63,dbecc8c7bf5c8e96235c1b7814e41dc0aaa85682eff848baf1902bcc67d05432,3,13,-93
11:57:14,P69,ca0900b2840c4f2b81567280f76332e1ba422bdaa912724d052018206cda9020,5,5,-94
11:57:14,P66,bd817130ebe2d536f058c1f3da515f65a5fecd7e5ab4986cada92f8b845ebda9,3,5,-94
11:57:14,P67,e48b0821b2dfa0addae83be1867917d327c98a195fdc05112e65f8427b375931,0,5,-94
11:57:14,P66,6098916209ce8b8bb63c60422423b0f4312f55791edabb2ba3f07b35969fa7e1,3,5,-95
11:57:17,P6147,d1a86bad941decfd493e3a73db90c7d2315c4f9331ab06772bd15ea59ad4543e,3,1,-70
11:57:17,P6148,94f9ff1469476c89234b03b781c4301744a6c7eb8fcdc85cffde44032cfa558c,0,1,-70
11:57:17,P6155,060d5e22eb76320c029c50bd5a4d7f5bc842520eddb9c571396170cb6a4001c9,3,1,-78
11:57:17,P66,48c3b2de610ee6f2475d2af34ffafd156cffca7e9d95058646e6ee11852566c0,3,13,-88
11:57:17,P69,5799a9c7a5d21a627e6a5e1305502f0e7ca7c6b2efc51042db27b379c89b0a25,5,13,-92
11:57:17,P68,30a4f58f44c5108c77d607a88671b07cd8fcda4ba62713cba5da1240dbd02de2,3,13,-93
11:57:17,P63,4a183c8577cd54fad0d1cfaca2663c9fc9882eced20b2a3107a1a473be1e7475,3,13,-93
11:57:17,P67,cdb4df8918fadbbf86d8afac6d58e9413d6127024bd68bb9c9fca595d21884b2,0,13,-95
11:57:19,P6148,94f9ff1469476c89234b03b781c4301744a6c7eb8fcdc85cffde44032cfa558c,0,1,-68
11:57:19,P6147,d1a86bad941decfd493e3a73db90c7d2315c4f9331ab06772bd15ea59ad4543e,3,1,-71
11:57:19,P64,49c2f85516da1ac110f55d19d8954f030a5a87fb1e5aca647533edd58dbf7c3a,2,11,-88
11:57:19,P66,ee8e1338dae3e0eb0b37c70828f45e7dd3362cc9863bd6a3cc206393e40a5b7f,3,13,-88
11:57:19,P68,2fb61bb5965feff40b9a7eb67d4dd4c67aa810f6321ad990abd7935e8c31e904,3,13,-88
11:57:19,P623,a334c78e9666a4b46d4e59eb4815521bb6fc1c9b7109cdc4787e1aa2678ae087,5,11,-89
11:57:19,P67,fcff1553cd3c54952932eb3bc8591eae8192637a43ebb672c473c9f1ea6f8f0d,0,13,-89
11:57:19,P67,cac7bd3c7ba984b162efabb191833617cdd3f5cdfa78355cbad7a229e8a0097f,0,13,-91
11:57:21,P68,dc77977c37f7916426ddbf502cce04b2583789847802a6974996500d7e1c7255,3,5,-84
11:57:21,P67,b64233ae6aae1d541f538a9cdfaa0eceb940981bbecf2e88c2c9bf01c96e0a55,0,13,-84
11:57:21,P69,30a0245d6a949136350cf89b3fe68e929abce60c91d2a93beb23328e1659e700,5,13,-88
11:57:21,P67,ae75e4780819d66c13c5204e6736e973104942adc807efa62738f46d02ba69eb,0,5,-91
11:57:21,P63,4a183c8577cd54fad0d1cfaca2663c9fc9882eced20b2a3107a1a473be1e7475,3,13,-91
11:57:21,P6161,a20ea53f44ba64a9e33b708a2e894b68173e41d06d81a96fcb22bf2d4ea88a72,2,11,-96
11:57:23,P6147,d1a86bad941decfd493e3a73db90c7d2315c4f9331ab06772bd15ea59ad4543e,3,1,-73
11:57:23,P6148,94f9ff1469476c89234b03b781c4301744a6c7eb8fcdc85cffde44032cfa558c,0,1,-73
11:57:23,P69,30a0245d6a949136350cf89b3fe68e929abce60c91d2a93beb23328e1659e700,5,13,-83
11:57:23,P63,b121464cf3d6cea4ae6f553629e7d99df6bd19816ae51c7a37c8af64c4c62e1b,3,13,-84
11:57:23,P69,6f8a0927e1e06cc634d51ba2f813b25fe0fc41990febcfa94359e7912439bbe8,5,13,-90
11:57:23,P68,3162535206d48eceb9f898af256a1e74433114a486ba7820e1c439097f1110bd,3,13,-91
11:57:24,P6147,d1a86bad941decfd493e3a73db90c7d2315c4f9331ab06772bd15ea59ad4543e,3,1,-72
11:57:24,P6148,94f9ff1469476c89234b03b781c4301744a6c7eb8fcdc85cffde44032cfa558c,0,1,-73
11:57:24,P6147,8a0bf6cee7ffc1c407c1f9f2f60b5b817de262b38be0ef4faad7d10fb2790d36,3,6,-75
11:57:24,P6148,4d9202e4a9261577dc42d982b5f54a3cb9d885d2b5115c32e6b9f224a6056e57,0,6,-75
11:57:24,P66,80bcd244e033e1ea3ed6b7f6933ed2a2c39d62d82b44a5bd9c6c8f89d53905d3,3,13,-83
11:57:24,P68,3162535206d48eceb9f898af256a1e74433114a486ba7820e1c439097f1110bd,3,13,-83
11:57:24,P66,c5da61acc08ab85609fbdad7671d95b4a421d0df740743eb7a74643cd6407f0c,3,9,-86
11:57:24,P69,d43f9f2bc8902dac0257f9c9a80000ae68673f724b1435b10ff67f4c722aa7bc,5,9,-86
11:57:24,P67,7703fdce973b5e96fa5e9bb0e0643e04792587dbf3c2e3b901100c0e1780c16f,0,9,-87
11:57:24,P68,0732d169758fa8697a7811db040063b8fab9c282250e9440decb530e5352ff3b,3,9,-87
11:57:24,P68,dc77977c37f7916426ddbf502cce04b2583789847802a6974996500d7e1c7255,3,5,-88
11:57:24,P67,2e4ad8abbec9e46ec8279be13ff2e98db2ac804134a6d4622bfde365b9ad0983,0,9,-95
11:57:27,P6152,5e0a433f6a64e782687dafdb6c6f60f4418853fb586746774a7cf1c5748fadb6,0,1,-76
11:57:27,P6147,d1a86bad941decfd493e3a73db90c7d2315c4f9331ab06772bd15ea59ad4543e,3,1,-78
11:57:27,P6155,060d5e22eb76320c029c50bd5a4d7f5bc842520eddb9c571396170cb6a4001c9,3,1,-82
11:57:27,P68,d5b9d021e6fac9231bc4acb492bc1dd61fb8b307ab8f12061d438ee5504b75e4,3,13,-84
11:57:27,P61,7994e1d55e270023b1edd16e8675b8d5e5119c564d78cc2df6d90de2db9014d8,0,4,-92
11:57:28,P67,cac7bd3c7ba984b162efabb191833617cdd3f5cdfa78355cbad7a229e8a0097f,0,13,-81
11:57:28,P6147,635be986f5489d85ca3a4145826c86e2a7772d972ca5d3c2c69af1bea8fdb221,3,11,-82
11:57:28,P6155,060d5e22eb76320c029c50bd5a4d7f5bc842520eddb9c571396170cb6a4001c9,3,1,-83
11:57:28,P6148,542a92c8726f85958356f50c5cc7ad8b2c36accfe23ac74d1edd60c52f9d34a5,0,11,-83
11:57:28,P6152,5e0a433f6a64e782687dafdb6c6f60f4418853fb586746774a7cf1c5748fadb6,0,1,-84
11:57:28,P623,a334c78e9666a4b46d4e59eb4815521bb6fc1c9b7109cdc4787e1aa2678ae087,5,11,-87
11:57:28,P6147,8a0bf6cee7ffc1c407c1f9f2f60b5b817de262b38be0ef4faad7d10fb2790d36,3,6,-88
11:57:30,P6148,542a92c8726f85958356f50c5cc7ad8b2c36accfe23ac74d1edd60c52f9d34a5,0,11,-78
11:57:30,P6147,635be986f5489d85ca3a4145826c86e2a7772d972ca5d3c2c69af1bea8fdb221,3,11,-79
11:57:30,P63,1442c4b0e6b4911cffbf04a049e22029a2c156ae5bfc7057050bb1766c77f0ed,3,13,-87
11:57:30,P67,cdb4df8918fadbbf86d8afac6d58e9413d6127024bd68bb9c9fca595d21884b2,0,13,-87
11:57:30,P6153,4bff76cdf2a8987279373c5d15c5a2d71300cf07e058513a17ba4dff27761657,3,6,-88
11:57:30,P67,cac7bd3c7ba984b162efabb191833617cdd3f5cdfa78355cbad7a229e8a0097f,0,13,-88
11:57:30,P66,0a27df65e336b75d3bafda6eb54009191fdbfcc6d59e8dbe3b4ea16e8305e806,3,13,-88
11:57:30,P68,d5b9d021e6fac9231bc4acb492bc1dd61fb8b307ab8f12061d438ee5504b75e4,3,13,-88
11:57:30,P68,30a4f58f44c5108c77d607a88671b07cd8fcda4ba62713cba5da1240dbd02de2,3,13,-93
11:57:30,P67,044fbadeb255d5f348b2ea66629ac927635f213b1c5825b42d42ff35565bbc29,0,13,-95
11:57:33,P6148,542a92c8726f85958356f50c5cc7ad8b2c36accfe23ac74d1edd60c52f9d34a5,0,11,-77
11:57:33,P6147,635be986f5489d85ca3a4145826c86e2a7772d972ca5d3c2c69af1bea8fdb221,3,11,-78
11:57:33,P6153,4bff76cdf2a8987279373c5d15c5a2d71300cf07e058513a17ba4dff27761657,3,6,-88
11:57:33,P68,d5b9d021e6fac9231bc4acb492bc1dd61fb8b307ab8f12061d438ee5504b75e4,3,13,-88
11:57:33,P69,30a0245d6a949136350cf89b3fe68e929abce60c91d2a93beb23328e1659e700,5,13,-88
11:57:33,P63,b121464cf3d6cea4ae6f553629e7d99df6bd19816ae51c7a37c8af64c4c62e1b,3,13,-88
11:57:33,P6150,82a2f72c8885fe0e70814ba9d471889ad6e064c14fd6f58f5fa39937b34e2937,3,11,-91
11:57:33,P67,044fbadeb255d5f348b2ea66629ac927635f213b1c5825b42d42ff35565bbc29,0,13,-92
11:57:33,P68,30a4f58f44c5108c77d607a88671b07cd8fcda4ba62713cba5da1240dbd02de2,3,13,-92
11:57:33,P69,ec12509faa9413baf3e4963324e241fed60ccb7ef4f50d828cf36b1f60338754,5,13,-92
11:57:33,P66,2328c350612c91e51414cbceec6a0cfc1d11b0f2071119ba628b1db9cdbe132f,3,13,-94
11:57:35,P6147,635be986f5489d85ca3a4145826c86e2a7772d972ca5d3c2c69af1bea8fdb221,3,11,-82
11:57:35,P6155,060d5e22eb76320c029c50bd5a4d7f5bc842520eddb9c571396170cb6a4001c9,3,1,-84
11:57:35,P67,cdb4df8918fadbbf86d8afac6d58e9413d6127024bd68bb9c9fca595d21884b2,0,13,-84
11:57:35,P68,d5b9d021e6fac9231bc4acb492bc1dd61fb8b307ab8f12061d438ee5504b75e4,3,13,-85
11:57:35,P6145,074324c0c541190f9f4670247c5abd25d712459d95e471802ebe89fd3db47703,0,1,-86
11:57:35,P6152,5e0a433f6a64e782687dafdb6c6f60f4418853fb586746774a7cf1c5748fadb6,0,1,-86
11:57:35,P61,6757e50fa194a9a9ab921adeec5f85610c44fb6dc6befb9ae9a1f352b270d2fe,0,9,-86
11:57:37,P6148,94f9ff1469476c89234b03b781c4301744a6c7eb8fcdc85cffde44032cfa558c,0,1,-70
11:57:37,P6147,d1a86bad941decfd493e3a73db90c7d2315c4f9331ab06772bd15ea59ad4543e,3,1,-72
11:57:37,P6145,074324c0c541190f9f4670247c5abd25d712459d95e471802ebe89fd3db47703,0,1,-80
11:57:37,P6144,7eace87f59602dfdf33295f514a0a54458efb25c2c24d3b6128c3495e6e3ea4f,0,1,-80
11:57:37,P6145Events,aefeee13e903dc3f5aa7f83b13b3bea9269e71e8af8620dd6a32ffa23c55651d,3,1,-81
11:57:37,P6147,8a0bf6cee7ffc1c407c1f9f2f60b5b817de262b38be0ef4faad7d10fb2790d36,3,6,-85
11:57:37,P6148,4d9202e4a9261577dc42d982b5f54a3cb9d885d2b5115c32e6b9f224a6056e57,0,6,-85
11:57:37,P69,30a0245d6a949136350cf89b3fe68e929abce60c91d2a93beb23328e1659e700,5,13,-85
11:57:37,P63,b121464cf3d6cea4ae6f553629e7d99df6bd19816ae51c7a37c8af64c4c62e1b,3,13,-87
11:57:37,P69,6f8a0927e1e06cc634d51ba2f813b25fe0fc41990febcfa94359e7912439bbe8,5,13,-87
11:57:37,P69,ca0900b2840c4f2b81567280f76332e1ba422bdaa912724d052018206cda9020,5,5,-92
11:57:37,P68,0732d169758fa8697a7811db040063b8fab9c282250e9440decb530e5352ff3b,3,9,-92
11:57:39,P6147,d1a86bad941decfd493e3a73db90c7d2315c4f9331ab06772bd15ea59ad4543e,3,1,-72
11:57:39,P6145,074324c0c541190f9f4670247c5abd25d712459d95e471802ebe89fd3db47703,0,1,-79
11:57:39,P6144,7eace87f59602dfdf33295f514a0a54458efb25c2c24d3b6128c3495e6e3ea4f,0,1,-79
11:57:39,P6145Events,aefeee13e903dc3f5aa7f83b13b3bea9269e71e8af8620dd6a32ffa23c55651d,3,1,-79
11:57:39,P6155,060d5e22eb76320c029c50bd5a4d7f5bc842520eddb9c571396170cb6a4001c9,3,1,-87
11:57:39,P67,044fbadeb255d5f348b2ea66629ac927635f213b1c5825b42d42ff35565bbc29,0,13,-89
11:57:39,P66,2328c350612c91e51414cbceec6a0cfc1d11b0f2071119ba628b1db9cdbe132f,3,13,-89
11:57:39,P68,30a4f58f44c5108c77d607a88671b07cd8fcda4ba62713cba5da1240dbd02de2,3,13,-90
11:57:39,P68,0732d169758fa8697a7811db040063b8fab9c282250e9440decb530e5352ff3b,3,9,-91
11:57:39,P69,d43f9f2bc8902dac0257f9c9a80000ae68673f724b1435b10ff67f4c722aa7bc,5,9,-92
11:57:39,P63,8acc5596460701f30aeb42410ea01b125e355575b69af64e199525c34e91fe1b,3,9,-92
11:57:39,P67,fcff1553cd3c54952932eb3bc8591eae8192637a43ebb672c473c9f1ea6f8f0d,0,13,-92
11:57:41,P61,6757e50fa194a9a9ab921adeec5f85610c44fb6dc6befb9ae9a1f352b270d2fe,0,9,-82
11:57:41,P67,b64233ae6aae1d541f538a9cdfaa0eceb940981bbecf2e88c2c9bf01c96e0a55,0,13,-88
11:57:41,P69,407b57c7885492251316c35b07514f11c75e76fc7d0eab8bd81ff43189135930,5,5,-90
11:57:41,P68,30a4f58f44c5108c77d607a88671b07cd8fcda4ba62713cba5da1240dbd02de2,3,13,-93
11:57:41,P63,4a183c8577cd54fad0d1cfaca2663c9fc9882eced20b2a3107a1a473be1e7475,3,13,-94
11:57:43,P6147,d1a86bad941decfd493e3a73db90c7d2315c4f9331ab06772bd15ea59ad4543e,3,1,-70
11:57:43,P6148,94f9ff1469476c89234b03b781c4301744a6c7eb8fcdc85cffde44032cfa558c,0,1,-70
11:57:43,P6147,8a0bf6cee7ffc1c407c1f9f2f60b5b817de262b38be0ef4faad7d10fb2790d36,3,6,-79
11:57:43,P61,6757e50fa194a9a9ab921adeec5f85610c44fb6dc6befb9ae9a1f352b270d2fe,0,9,-92
11:57:43,P67,b64233ae6aae1d541f538a9cdfaa0eceb940981bbecf2e88c2c9bf01c96e0a55,0,13,-95
11:57:45,P6147,d1a86bad941decfd493e3a73db90c7d2315c4f9331ab06772bd15ea59ad4543e,3,1,-66
11:57:45,P6148,94f9ff1469476c89234b03b781c4301744a6c7eb8fcdc85cffde44032cfa558c,0,1,-67
11:57:45,P6148,542a92c8726f85958356f50c5cc7ad8b2c36accfe23ac74d1edd60c52f9d34a5,0,11,-83
11:57:45,P6153,4bff76cdf2a8987279373c5d15c5a2d71300cf07e058513a17ba4dff27761657,3,6,-91
11:57:45,P6160,90cdfa13eae5dff7cd16a7c5490f58516cd073afee8a039dda23ef8e1d32a8d4,4,11,-92
11:57:45,P68,30a4f58f44c5108c77d607a88671b07cd8fcda4ba62713cba5da1240dbd02de2,3,13,-92
11:57:45,P6150,82a2f72c8885fe0e70814ba9d471889ad6e064c14fd6f58f5fa39937b34e2937,3,11,-93
11:57:45,P67,cdb4df8918fadbbf86d8afac6d58e9413d6127024bd68bb9c9fca595d21884b2,0,13,-93
11:57:47,P6148,94f9ff1469476c89234b03b781c4301744a6c7eb8fcdc85cffde44032cfa558c,0,1,-66
11:57:47,P6147,d1a86bad941decfd493e3a73db90c7d2315c4f9331ab06772bd15ea59ad4543e,3,1,-68
11:57:47,P6148,4d9202e4a9261577dc42d982b5f54a3cb9d885d2b5115c32e6b9f224a6056e57,0,6,-80
11:57:47,P6147,8a0bf6cee7ffc1c407c1f9f2f60b5b817de262b38be0ef4faad7d10fb2790d36,3,6,-81
11:57:47,P63,b121464cf3d6cea4ae6f553629e7d99df6bd19816ae51c7a37c8af64c4c62e1b,3,13,-90
11:57:47,P67,7703fdce973b5e96fa5e9bb0e0643e04792587dbf3c2e3b901100c0e1780c16f,0,9,-92
11:57:47,P69,407b57c7885492251316c35b07514f11c75e76fc7d0eab8bd81ff43189135930,5,5,-93
11:57:49,P64,49c2f85516da1ac110f55d19d8954f030a5a87fb1e5aca647533edd58dbf7c3a,2,11,-91
11:57:49,P623,a334c78e9666a4b46d4e59eb4815521bb6fc1c9b7109cdc4787e1aa2678ae087,5,11,-91
11:57:49,P67,fcff1553cd3c54952932eb3bc8591eae8192637a43ebb672c473c9f1ea6f8f0d,0,13,-95
11:57:49,P66,2328c350612c91e51414cbceec6a0cfc1d11b0f2071119ba628b1db9cdbe132f,3,13,-97
11:57:50,P6148,542a92c8726f85958356f50c5cc7ad8b2c36accfe23ac74d1edd60c52f9d34a5,0,11,-70
11:57:50,P6147,d1a86bad941decfd493e3a73db90c7d2315c4f9331ab06772bd15ea59ad4543e,3,1,-71
11:57:50,P6148,94f9ff1469476c89234b03b781c4301744a6c7eb8fcdc85cffde44032cfa558c,0,1,-72
11:57:50,P6147,635be986f5489d85ca3a4145826c86e2a7772d972ca5d3c2c69af1bea8fdb221,3,11,-72
11:57:50,P6152,5e0a433f6a64e782687dafdb6c6f60f4418853fb586746774a7cf1c5748fadb6,0,1,-83
11:57:50,P6144,7eace87f59602dfdf33295f514a0a54458efb25c2c24d3b6128c3495e6e3ea4f,0,1,-83
11:57:50,P63,b121464cf3d6cea4ae6f553629e7d99df6bd19816ae51c7a37c8af64c4c62e1b,3,13,-86
11:57:52,P6147,d1a86bad941decfd493e3a73db90c7d2315c4f9331ab06772bd15ea59ad4543e,3,1,-65
11:57:52,P68,d5b9d021e6fac9231bc4acb492bc1dd61fb8b307ab8f12061d438ee5504b75e4,3,13,-84
11:57:52,P6150,e64a894b9fab92ad8f6f57003ce2dfc579c2d4f0bc0c025d121fad1b3b8cd709,3,1,-85
11:57:52,P6151,d30f753602beec5eb0ceada9589959a2474c37369e5bb3762cc0427350a594ea,3,1,-85
11:57:52,P68,2fb61bb5965feff40b9a7eb67d4dd4c67aa810f6321ad990abd7935e8c31e904,3,13,-87
11:57:52,P67,fcff1553cd3c54952932eb3bc8591eae8192637a43ebb672c473c9f1ea6f8f0d,0,13,-91
11:57:52,P66,ee8e1338dae3e0eb0b37c70828f45e7dd3362cc9863bd6a3cc206393e40a5b7f,3,13,-91
11:57:54,P6147,d1a86bad941decfd493e3a73db90c7d2315c4f9331ab06772bd15ea59ad4543e,3,1,-78
11:57:54,P6147,635be986f5489d85ca3a4145826c86e2a7772d972ca5d3c2c69af1bea8fdb221,3,11,-80
11:57:54,P6148,542a92c8726f85958356f50c5cc7ad8b2c36accfe23ac74d1edd60c52f9d34a5,0,11,-81
11:57:54,P66,2c670a73159247bddfa25cdbcfca206310152545cace9f5c836196a3dbe02f28,3,5,-86
11:57:54,P67,044fbadeb255d5f348b2ea66629ac927635f213b1c5825b42d42ff35565bbc29,0,13,-92
11:57:56,P6147,635be986f5489d85ca3a4145826c86e2a7772d972ca5d3c2c69af1bea8fdb221,3,11,-76
11:57:56,P6153,4bff76cdf2a8987279373c5d15c5a2d71300cf07e058513a17ba4dff27761657,3,6,-84
11:57:56,P61,7994e1d55e270023b1edd16e8675b8d5e5119c564d78cc2df6d90de2db9014d8,0,4,-85
11:57:56,P69,ca0900b2840c4f2b81567280f76332e1ba422bdaa912724d052018206cda9020,5,5,-85
11:57:56,P67,044fbadeb255d5f348b2ea66629ac927635f213b1c5825b42d42ff35565bbc29,0,13,-88
11:57:56,P6150,82a2f72c8885fe0e70814ba9d471889ad6e064c14fd6f58f5fa39937b34e2937,3,11,-91
11:57:56,P6160,90cdfa13eae5dff7cd16a7c5490f58516cd073afee8a039dda23ef8e1d32a8d4,4,11,-92
11:57:56,P67,8fb7aa8d989ddde3cb5a9288d6cf236837c5939c590a2b339953d9d31ed5e996,0,13,-93
11:57:58,P6147,d1a86bad941decfd493e3a73db90c7d2315c4f9331ab06772bd15ea59ad4543e,3,1,-71
11:57:58,P6148,94f9ff1469476c89234b03b781c4301744a6c7eb8fcdc85cffde44032cfa558c,0,1,-72
11:57:58,P6152,5e0a433f6a64e782687dafdb6c6f60f4418853fb586746774a7cf1c5748fadb6,0,1,-76
11:57:58,P6155,060d5e22eb76320c029c50bd5a4d7f5bc842520eddb9c571396170cb6a4001c9,3,1,-79
11:57:58,P68,3162535206d48eceb9f898af256a1e74433114a486ba7820e1c439097f1110bd,3,13,-84
11:57:58,P66,c5da61acc08ab85609fbdad7671d95b4a421d0df740743eb7a74643cd6407f0c,3,9,-85
11:57:58,P68,0732d169758fa8697a7811db040063b8fab9c282250e9440decb530e5352ff3b,3,9,-85
11:57:58,P66,80bcd244e033e1ea3ed6b7f6933ed2a2c39d62d82b44a5bd9c6c8f89d53905d3,3,13,-85
11:57:58,P67,ae75e4780819d66c13c5204e6736e973104942adc807efa62738f46d02ba69eb,0,5,-86
11:57:58,P66,6098916209ce8b8bb63c60422423b0f4312f55791edabb2ba3f07b35969fa7e1,3,5,-86
11:57:58,P68,6e6467c31734e636bbbecb9e5d605391d29fa4ded882bdf91fbfdbc4896de2d3,3,5,-86
11:57:58,P6148,4d9202e4a9261577dc42d982b5f54a3cb9d885d2b5115c32e6b9f224a6056e57,0,6,-87
11:57:58,P66,48c3b2de610ee6f2475d2af34ffafd156cffca7e9d95058646e6ee11852566c0,3,13,-88
11:57:58,P69,ec12509faa9413baf3e4963324e241fed60ccb7ef4f50d828cf36b1f60338754,5,13,-91
11:57:58,P63,dbecc8c7bf5c8e96235c1b7814e41dc0aaa85682eff848baf1902bcc67d05432,3,13,-91
11:58:01,P6147,d1a86bad941decfd493e3a73db90c7d2315c4f9331ab06772bd15ea59ad4543e,3,1,-77
11:58:01,P6148,94f9ff1469476c89234b03b781c4301744a6c7eb8fcdc85cffde44032cfa558c,0,1,-77
11:58:01,P6147,8a0bf6cee7ffc1c407c1f9f2f60b5b817de262b38be0ef4faad7d10fb2790d36,3,6,-80
11:58:01,P6148,4d9202e4a9261577dc42d982b5f54a3cb9d885d2b5115c32e6b9f224a6056e57,0,6,-81
11:58:01,P69,d43f9f2bc8902dac0257f9c9a80000ae68673f724b1435b10ff67f4c722aa7bc,5,9,-82
11:58:01,P63,8acc5596460701f30aeb42410ea01b125e355575b69af64e199525c34e91fe1b,3,9,-82
11:58:01,P66,80bcd244e033e1ea3ed6b7f6933ed2a2c39d62d82b44a5bd9c6c8f89d53905d3,3,13,-82
11:58:01,P66,c5da61acc08ab85609fbdad7671d95b4a421d0df740743eb7a74643cd6407f0c,3,9,-83
11:58:01,P68,0732d169758fa8697a7811db040063b8fab9c282250e9440decb530e5352ff3b,3,9,-83
11:58:01,P67,cdb4df8918fadbbf86d8afac6d58e9413d6127024bd68bb9c9fca595d21884b2,0,13,-83
11:58:01,P68,6e6467c31734e636bbbecb9e5d605391d29fa4ded882bdf91fbfdbc4896de2d3,3,5,-88
11:58:01,P63,a19096e2fddfe105b302b37054bc39175de238eca5c303861dd3aa02951564e2,3,5,-89
11:58:01,P68,bc9cf6017b69685e2d89f1416b0c5a0b3e31b554c9ed769cb851b4c6138f83d1,3,13,-90
11:58:01,P69,83f72f702f75b2536620f46e5dad65aeb3ba44f8b7c7f0dbc48e2a5c4409c98c,5,13,-91
11:58:03,P6147,d1a86bad941decfd493e3a73db90c7d2315c4f9331ab06772bd15ea59ad4543e,3,1,-73
11:58:03,P6148,94f9ff1469476c89234b03b781c4301744a6c7eb8fcdc85cffde44032cfa558c,0,1,-75
11:58:03,P6147,8a0bf6cee7ffc1c407c1f9f2f60b5b817de262b38be0ef4faad7d10fb2790d36,3,6,-79
11:58:03,P67,ae75e4780819d66c13c5204e6736e973104942adc807efa62738f46d02ba69eb,0,5,-88
11:58:03,P67,e48b0821b2dfa0addae83be1867917d327c98a195fdc05112e65f8427b375931,0,5,-89
11:58:03,P68,6cff437832d849ed7d8fb703dd4791850beb0ed5199c40b8467235cffc974c47,3,5,-90
11:58:03,P69,407b57c7885492251316c35b07514f11c75e76fc7d0eab8bd81ff43189135930,5,5,-91
11:58:03,P69,5799a9c7a5d21a627e6a5e1305502f0e7ca7c6b2efc51042db27b379c89b0a25,5,13,-94
11:58:05,P6147,d1a86bad941decfd493e3a73db90c7d2315c4f9331ab06772bd15ea59ad4543e,3,1,-74
11:58:05,P6152,5e0a433f6a64e782687dafdb6c6f60f4418853fb586746774a7cf1c5748fadb6,0,1,-76
11:58:05,P61,7994e1d55e270023b1edd16e8675b8d5e5119c564d78cc2df6d90de2db9014d8,0,4,-86
11:58:05,P6148,542a92c8726f85958356f50c5cc7ad8b2c36accfe23ac74d1edd60c52f9d34a5,0,11,-87
11:58:05,P6147,635be986f5489d85ca3a4145826c86e2a7772d972ca5d3c2c69af1bea8fdb221,3,11,-88
11:58:05,P66,ee8e1338dae3e0eb0b37c70828f45e7dd3362cc9863bd6a3cc206393e40a5b7f,3,13,-94
11:58:05,P67,fcff1553cd3c54952932eb3bc8591eae8192637a43ebb672c473c9f1ea6f8f0d,0,13,-96
11:58:07,P6147,8a0bf6cee7ffc1c407c1f9f2f60b5b817de262b38be0ef4faad7d10fb2790d36,3,6,-77
11:58:07,P6148,4d9202e4a9261577dc42d982b5f54a3cb9d885d2b5115c32e6b9f224a6056e57,0,6,-77
11:58:07,P6152,5e0a433f6a64e782687dafdb6c6f60f4418853fb586746774a7cf1c5748fadb6,0,1,-78
11:58:07,P6155,060d5e22eb76320c029c50bd5a4d7f5bc842520eddb9c571396170cb6a4001c9,3,1,-80
11:58:07,P66,2c670a73159247bddfa25cdbcfca206310152545cace9f5c836196a3dbe02f28,3,5,-80
11:58:07,P63,6bc1f3c739086af1f4cb712b794f0fb785b50dfa6f6e57468e124185fe39be18,3,5,-80
11:58:07,P67,b64233ae6aae1d541f538a9cdfaa0eceb940981bbecf2e88c2c9bf01c96e0a55,0,13,-80
11:58:07,P68,3162535206d48eceb9f898af256a1e74433114a486ba7820e1c439097f1110bd,3,13,-92
11:58:09,P6152,5e0a433f6a64e782687dafdb6c6f60f4418853fb586746774a7cf1c5748fadb6,0,1,-73
11:58:09,P6155,060d5e22eb76320c029c50bd5a4d7f5bc842520eddb9c571396170cb6a4001c9,3,1,-76
11:58:09,P623,a334c78e9666a4b46d4e59eb4815521bb6fc1c9b7109cdc4787e1aa2678ae087,5,11,-88
11:58:09,P67,46855325792676cdde4939f086fc0ac008fac09d4a6e61b2bcc055fbd9d372d5,0,13,-96
11:58:11,P6147,d1a86bad941decfd493e3a73db90c7d2315c4f9331ab06772bd15ea59ad4543e,3,1,-72
11:58:11,P6148,94f9ff1469476c89234b03b781c4301744a6c7eb8fcdc85cffde44032cfa558c,0,1,-75
11:58:11,P6152,5e0a433f6a64e782687dafdb6c6f60f4418853fb586746774a7cf1c5748fadb6,0,1,-81
11:58:11,P6147,8a0bf6cee7ffc1c407c1f9f2f60b5b817de262b38be0ef4faad7d10fb2790d36,3,6,-84
11:58:11,P63,6e1a6a5fcf7725ad5ab63ae6225b58d438cba4fec82e423e45441149a7c5c437,3,13,-89
11:58:11,P66,6098916209ce8b8bb63c60422423b0f4312f55791edabb2ba3f07b35969fa7e1,3,5,-90
11:58:11,P69,ec12509faa9413baf3e4963324e241fed60ccb7ef4f50d828cf36b1f60338754,5,13,-94
11:58:11,P66,2328c350612c91e51414cbceec6a0cfc1d11b0f2071119ba628b1db9cdbe132f,3,13,-95
11:58:13,P6148,94f9ff1469476c89234b03b781c4301744a6c7eb8fcdc85cffde44032cfa558c,0,1,-76
11:58:13,P67,c485765176fdb6e7958769647c4792939948e26812f8a9a282a68648aad9fa7d,0,5,-83
11:58:13,P66,2c670a73159247bddfa25cdbcfca206310152545cace9f5c836196a3dbe02f28,3,5,-83
11:58:13,P66,2328c350612c91e51414cbceec6a0cfc1d11b0f2071119ba628b1db9cdbe132f,3,13,-86
11:58:13,P69,5799a9c7a5d21a627e6a5e1305502f0e7ca7c6b2efc51042db27b379c89b0a25,5,13,-86
11:58:13,P63,4a183c8577cd54fad0d1cfaca2663c9fc9882eced20b2a3107a1a473be1e7475,3,13,-86
11:58:13,P67,044fbadeb255d5f348b2ea66629ac927635f213b1c5825b42d42ff35565bbc29,0,13,-87
11:58:13,P68,30a4f58f44c5108c77d607a88671b07cd8fcda4ba62713cba5da1240dbd02de2,3,13,-87
11:58:13,P66,c5da61acc08ab85609fbdad7671d95b4a421d0df740743eb7a74643cd6407f0c,3,9,-88
11:58:13,P68,0732d169758fa8697a7811db040063b8fab9c282250e9440decb530e5352ff3b,3,9,-88
11:58:13,P61,7994e1d55e270023b1edd16e8675b8d5e5119c564d78cc2df6d90de2db9014d8,0,4,-90
11:58:13,P63,c38715b20ee3e684d98f4e2b1d2408d5bcf6088fc6e5e25357454d54ca26ef14,3,5,-90
11:58:13,P6153,4bff76cdf2a8987279373c5d15c5a2d71300cf07e058513a17ba4dff27761657,3,6,-91
11:58:15,P6147,d1a86bad941decfd493e3a73db90c7d2315c4f9331ab06772bd15ea59ad4543e,3,1,-71
11:58:15,P6148,94f9ff1469476c89234b03b781c4301744a6c7eb8fcdc85cffde44032cfa558c,0,1,-72
11:58:15,P67,7703fdce973b5e96fa5e9bb0e0643e04792587dbf3c2e3b901100c0e1780c16f,0,9,-75
11:58:15,P66,c5da61acc08ab85609fbdad7671d95b4a421d0df740743eb7a74643cd6407f0c,3,9,-75
11:58:15,P68,0732d169758fa8697a7811db040063b8fab9c282250e9440decb530e5352ff3b,3,9,-75
11:58:15,P63,8acc5596460701f30aeb42410ea01b125e355575b69af64e199525c34e91fe1b,3,9,-77
11:58:17,P6148,94f9ff1469476c89234b03b781c4301744a6c7eb8fcdc85cffde44032cfa558c,0,1,-67
11:58:17,P6147,d1a86bad941decfd493e3a73db90c7d2315c4f9331ab06772bd15ea59ad4543e,3,1,-68
11:58:17,P66,c5da61acc08ab85609fbdad7671d95b4a421d0df740743eb7a74643cd6407f0c,3,9,-81
11:58:17,P69,d43f9f2bc8902dac0257f9c9a80000ae68673f724b1435b10ff67f4c722aa7bc,5,9,-82
11:58:17,P63,8acc5596460701f30aeb42410ea01b125e355575b69af64e199525c34e91fe1b,3,9,-82
11:58:17,P67,7703fdce973b5e96fa5e9bb0e0643e04792587dbf3c2e3b901100c0e1780c16f,0,9,-83
11:58:17,P68,0732d169758fa8697a7811db040063b8fab9c282250e9440decb530e5352ff3b,3,9,-83
11:58:17,P66,48c3b2de610ee6f2475d2af34ffafd156cffca7e9d95058646e6ee11852566c0,3,13,-86
11:58:17,P6147,635be986f5489d85ca3a4145826c86e2a7772d972ca5d3c2c69af1bea8fdb221,3,11,-88
11:58:17,P63,4a183c8577cd54fad0d1cfaca2663c9fc9882eced20b2a3107a1a473be1e7475,3,13,-88
11:58:17,P66,2328c350612c91e51414cbceec6a0cfc1d11b0f2071119ba628b1db9cdbe132f,3,13,-89
11:58:17,P67,cac7bd3c7ba984b162efabb191833617cdd3f5cdfa78355cbad7a229e8a0097f,0,13,-89
11:58:17,P68,30a4f58f44c5108c77d607a88671b07cd8fcda4ba62713cba5da1240dbd02de2,3,13,-90
11:58:17,P69,5799a9c7a5d21a627e6a5e1305502f0e7ca7c6b2efc51042db27b379c89b0a25,5,13,-90
11:58:17,P63,6e1a6a5fcf7725ad5ab63ae6225b58d438cba4fec82e423e45441149a7c5c437,3,13,-93
11:58:19,P69,d43f9f2bc8902dac0257f9c9a80000ae68673f724b1435b10ff67f4c722aa7bc,5,9,-81
11:58:19,P63,8acc5596460701f30aeb42410ea01b125e355575b69af64e199525c34e91fe1b,3,9,-81
11:58:19,P6155,060d5e22eb76320c029c50bd5a4d7f5bc842520eddb9c571396170cb6a4001c9,3,1,-83
11:58:19,P623,a334c78e9666a4b46d4e59eb4815521bb6fc1c9b7109cdc4787e1aa2678ae087,5,11,-83
11:58:19,P69,f3f95c48d929bca8f3a8de53bfa957c2280e558379a9ad141ef0abe30eabf9e3,5,13,-85
11:58:19,P68,6cff437832d849ed7d8fb703dd4791850beb0ed5199c40b8467235cffc974c47,3,5,-87
11:58:19,P6150,e64a894b9fab92ad8f6f57003ce2dfc579c2d4f0bc0c025d121fad1b3b8cd709,3,1,-89
11:58:19,P68,2fb61bb5965feff40b9a7eb67d4dd4c67aa810f6321ad990abd7935e8c31e904,3,13,-93
11:58:21,P63,dbecc8c7bf5c8e96235c1b7814e41dc0aaa85682eff848baf1902bcc67d05432,3,13,-87
11:58:21,P67,cdb4df8918fadbbf86d8afac6d58e9413d6127024bd68bb9c9fca595d21884b2,0,13,-88
11:58:21,P67,b64233ae6aae1d541f538a9cdfaa0eceb940981bbecf2e88c2c9bf01c96e0a55,0,13,-89
11:58:21,P69,ec12509faa9413baf3e4963324e241fed60ccb7ef4f50d828cf36b1f60338754,5,13,-89
11:58:21,P61,6757e50fa194a9a9ab921adeec5f85610c44fb6dc6befb9ae9a1f352b270d2fe,0,9,-93
11:58:23,P6147,d1a86bad941decfd493e3a73db90c7d2315c4f9331ab06772bd15ea59ad4543e,3,1,-68
11:58:23,P6148,542a92c8726f85958356f50c5cc7ad8b2c36accfe23ac74d1edd60c52f9d34a5,0,11,-79
11:58:23,P67,c485765176fdb6e7958769647c4792939948e26812f8a9a282a68648aad9fa7d,0,5,-80
11:58:23,P68,dc77977c37f7916426ddbf502cce04b2583789847802a6974996500d7e1c7255,3,5,-81
11:58:23,P66,2c670a73159247bddfa25cdbcfca206310152545cace9f5c836196a3dbe02f28,3,5,-82
11:58:23,P6145,074324c0c541190f9f4670247c5abd25d712459d95e471802ebe89fd3db47703,0,1,-83
11:58:23,P6144,7eace87f59602dfdf33295f514a0a54458efb25c2c24d3b6128c3495e6e3ea4f,0,1,-83
11:58:25,P6148,94f9ff1469476c89234b03b781c4301744a6c7eb8fcdc85cffde44032cfa558c,0,1,-72
11:58:25,P6147,d1a86bad941decfd493e3a73db90c7d2315c4f9331ab06772bd15ea59ad4543e,3,1,-74
11:58:25,P6152,5e0a433f6a64e782687dafdb6c6f60f4418853fb586746774a7cf1c5748fadb6,0,1,-79
11:58:25,P63,6bc1f3c739086af1f4cb712b794f0fb785b50dfa6f6e57468e124185fe39be18,3,5,-87
11:58:25,P68,823c4d4c521c101e54579ec1def591c690112004eecb7fb7f8706bee6d9a8fdc,3,13,-87
11:58:25,P66,6098916209ce8b8bb63c60422423b0f4312f55791edabb2ba3f07b35969fa7e1,3,5,-92
11:58:25,P63,a19096e2fddfe105b302b37054bc39175de238eca5c303861dd3aa02951564e2,3,5,-92
11:58:25,P68,6e6467c31734e636bbbecb9e5d605391d29fa4ded882bdf91fbfdbc4896de2d3,3,5,-93
11:58:27,P6147,d1a86bad941decfd493e3a73db90c7d2315c4f9331ab06772bd15ea59ad4543e,3,1,-75
11:58:27,P6147,4d0f91d3dba5726edec60497db284ecd784973c1fe74d656da0054a697f9c9b7,3,6,-83
11:58:27,P67,c485765176fdb6e7958769647c4792939948e26812f8a9a282a68648aad9fa7d,0,5,-85
11:58:27,P67,cac7bd3c7ba984b162efabb191833617cdd3f5cdfa78355cbad7a229e8a0097f,0,13,-89
11:58:27,P66,0a27df65e336b75d3bafda6eb54009191fdbfcc6d59e8dbe3b4ea16e8305e806,3,13,-89
11:58:27,P69,407b57c7885492251316c35b07514f11c75e76fc7d0eab8bd81ff43189135930,5,5,-91
11:58:27,P63,c38715b20ee3e684d98f4e2b1d2408d5bcf6088fc6e5e25357454d54ca26ef14,3,5,-92
11:58:29,P6152,5e0a433f6a64e782687dafdb6c6f60f4418853fb586746774a7cf1c5748fadb6,0,1,-81
11:58:29,P68,3162535206d48eceb9f898af256a1e74433114a486ba7820e1c439097f1110bd,3,13,-96
11:58:30,P6147,d1a86bad941decfd493e3a73db90c7d2315c4f9331ab06772bd15ea59ad4543e,3,1,-70
11:58:30,P6148,94f9ff1469476c89234b03b781c4301744a6c7eb8fcdc85cffde44032cfa558c,0,1,-70
11:58:30,P6147,8a0bf6cee7ffc1c407c1f9f2f60b5b817de262b38be0ef4faad7d10fb2790d36,3,6,-77
11:58:30,P6148,4d9202e4a9261577dc42d982b5f54a3cb9d885d2b5115c32e6b9f224a6056e57,0,6,-77
11:58:30,P66,48c3b2de610ee6f2475d2af34ffafd156cffca7e9d95058646e6ee11852566c0,3,13,-84
11:58:30,P66,0a27df65e336b75d3bafda6eb54009191fdbfcc6d59e8dbe3b4ea16e8305e806,3,13,-91
11:58:32,P6148,94f9ff1469476c89234b03b781c4301744a6c7eb8fcdc85cffde44032cfa558c,0,1,-65
11:58:32,P6147,d1a86bad941decfd493e3a73db90c7d2315c4f9331ab06772bd15ea59ad4543e,3,1,-66
11:58:32,P6148,4d9202e4a9261577dc42d982b5f54a3cb9d885d2b5115c32e6b9f224a6056e57,0,6,-83
11:58:32,P68,dc77977c37f7916426ddbf502cce04b2583789847802a6974996500d7e1c7255,3,5,-85
11:58:32,P67,7703fdce973b5e96fa5e9bb0e0643e04792587dbf3c2e3b901100c0e1780c16f,0,9,-90
11:58:32,P66,c5da61acc08ab85609fbdad7671d95b4a421d0df740743eb7a74643cd6407f0c,3,9,-91
11:58:32,P66,48c3b2de610ee6f2475d2af34ffafd156cffca7e9d95058646e6ee11852566c0,3,13,-91
11:58:32,P68,d5b9d021e6fac9231bc4acb492bc1dd61fb8b307ab8f12061d438ee5504b75e4,3,13,-91
11:58:32,P68,823c4d4c521c101e54579ec1def591c690112004eecb7fb7f8706bee6d9a8fdc,3,13,-92
11:58:35,P6147,d1a86bad941decfd493e3a73db90c7d2315c4f9331ab06772bd15ea59ad4543e,3,1,-60
11:58:35,P6148,94f9ff1469476c89234b03b781c4301744a6c7eb8fcdc85cffde44032cfa558c,0,1,-61
11:58:35,P6147,4d0f91d3dba5726edec60497db284ecd784973c1fe74d656da0054a697f9c9b7,3,6,-82
11:58:35,P67,cdb4df8918fadbbf86d8afac6d58e9413d6127024bd68bb9c9fca595d21884b2,0,13,-89
11:58:35,P66,80bcd244e033e1ea3ed6b7f6933ed2a2c39d62d82b44a5bd9c6c8f89d53905d3,3,13,-89
11:58:36,P69,f3f95c48d929bca8f3a8de53bfa957c2280e558379a9ad141ef0abe30eabf9e3,5,13,-91
11:58:38,P6155,73bbcd07d429a0dfcfa878b90194adf03714ad72e0489a00e1ccf7b178da5b50,3,6,-91
11:58:40,P6147,d1a86bad941decfd493e3a73db90c7d2315c4f9331ab06772bd15ea59ad4543e,3,1,-60
11:58:40,P6148,94f9ff1469476c89234b03b781c4301744a6c7eb8fcdc85cffde44032cfa558c,0,1,-60
11:58:40,P6147,635be986f5489d85ca3a4145826c86e2a7772d972ca5d3c2c69af1bea8fdb221,3,11,-84
11:58:40,P6148,542a92c8726f85958356f50c5cc7ad8b2c36accfe23ac74d1edd60c52f9d34a5,0,11,-84
11:58:40,P66,2c670a73159247bddfa25cdbcfca206310152545cace9f5c836196a3dbe02f28,3,5,-89
11:58:40,P63,6bc1f3c739086af1f4cb712b794f0fb785b50dfa6f6e57468e124185fe39be18,3,5,-90
11:58:40,P6153,4bff76cdf2a8987279373c5d15c5a2d71300cf07e058513a17ba4dff27761657,3,6,-92
11:58:40,P67,cdb4df8918fadbbf86d8afac6d58e9413d6127024bd68bb9c9fca595d21884b2,0,13,-92
11:58:40,P6150,82a2f72c8885fe0e70814ba9d471889ad6e064c14fd6f58f5fa39937b34e2937,3,11,-93
11:58:40,P6151,9763705afdbcdb53735e636cf232685328a2580abc77baef755558452079b713,3,11,-93
11:58:42,P6148,94f9ff1469476c89234b03b781c4301744a6c7eb8fcdc85cffde44032cfa558c,0,1,-63
11:58:42,P6147,d1a86bad941decfd493e3a73db90c7d2315c4f9331ab06772bd15ea59ad4543e,3,1,-65
11:58:42,P66,2c670a73159247bddfa25cdbcfca206310152545cace9f5c836196a3dbe02f28,3,5,-86
11:58:42,P69,f3f95c48d929bca8f3a8de53bfa957c2280e558379a9ad141ef0abe30eabf9e3,5,13,-86
11:58:44,P6147,d1a86bad941decfd493e3a73db90c7d2315c4f9331ab06772bd15ea59ad4543e,3,1,-68
11:58:44,P6148,94f9ff1469476c89234b03b781c4301744a6c7eb8fcdc85cffde44032cfa558c,0,1,-68
11:58:44,P6147,8a0bf6cee7ffc1c407c1f9f2f60b5b817de262b38be0ef4faad7d10fb2790d36,3,6,-87
11:58:44,P6148,4d9202e4a9261577dc42d982b5f54a3cb9d885d2b5115c32e6b9f224a6056e57,0,6,-87
11:58:44,P63,b121464cf3d6cea4ae6f553629e7d99df6bd19816ae51c7a37c8af64c4c62e1b,3,13,-92
11:58:44,P69,6f8a0927e1e06cc634d51ba2f813b25fe0fc41990febcfa94359e7912439bbe8,5,13,-92
11:58:44,P63,6e1a6a5fcf7725ad5ab63ae6225b58d438cba4fec82e423e45441149a7c5c437,3,13,-92
11:58:44,P68,6cff437832d849ed7d8fb703dd4791850beb0ed5199c40b8467235cffc974c47,3,5,-93
11:58:46,P6152,5e0a433f6a64e782687dafdb6c6f60f4418853fb586746774a7cf1c5748fadb6,0,1,-82
11:58:46,P6148,bee9e0b2cfec8fe1a3bc8a03ec685c58feb1ee175114c18edf4a0bdfc550e0a2,0,6,-85
11:58:46,P6147,635be986f5489d85ca3a4145826c86e2a7772d972ca5d3c2c69af1bea8fdb221,3,11,-87
11:58:46,P6148,542a92c8726f85958356f50c5cc7ad8b2c36accfe23ac74d1edd60c52f9d34a5,0,11,-87
11:58:46,P66,80bcd244e033e1ea3ed6b7f6933ed2a2c39d62d82b44a5bd9c6c8f89d53905d3,3,13,-89
11:58:46,P68,3162535206d48eceb9f898af256a1e74433114a486ba7820e1c439097f1110bd,3,13,-91
11:58:46,P67,cdb4df8918fadbbf86d8afac6d58e9413d6127024bd68bb9c9fca595d21884b2,0,13,-92
11:58:46,P69,30a0245d6a949136350cf89b3fe68e929abce60c91d2a93beb23328e1659e700,5,13,-92
11:58:46,P61,6757e50fa194a9a9ab921adeec5f85610c44fb6dc6befb9ae9a1f352b270d2fe,0,9,-93
11:58:48,P6147,d1a86bad941decfd493e3a73db90c7d2315c4f9331ab06772bd15ea59ad4543e,3,1,-64
11:58:48,P6148,94f9ff1469476c89234b03b781c4301744a6c7eb8fcdc85cffde44032cfa558c,0,1,-65
11:58:48,P66,2c670a73159247bddfa25cdbcfca206310152545cace9f5c836196a3dbe02f28,3,5,-89
11:58:48,P68,dc77977c37f7916426ddbf502cce04b2583789847802a6974996500d7e1c7255,3,5,-89
11:58:48,P67,c485765176fdb6e7958769647c4792939948e26812f8a9a282a68648aad9fa7d,0,5,-90
11:58:50,P6147,d1a86bad941decfd493e3a73db90c7d2315c4f9331ab06772bd15ea59ad4543e,3,1,-67
11:58:52,P6147,d1a86bad941decfd493e3a73db90c7d2315c4f9331ab06772bd15ea59ad4543e,3,1,-63
11:58:52,P6148,94f9ff1469476c89234b03b781c4301744a6c7eb8fcdc85cffde44032cfa558c,0,1,-65
11:58:52,P60,24789c279f3fdf557f3229e232469a5ce48169d96886159047ac4d6a3294ec0d,3,6,-92
11:58:52,P67,cac7bd3c7ba984b162efabb191833617cdd3f5cdfa78355cbad7a229e8a0097f,0,13,-92
11:58:54,P6147,d1a86bad941decfd493e3a73db90c7d2315c4f9331ab06772bd15ea59ad4543e,3,1,-69
11:58:54,P6148,94f9ff1469476c89234b03b781c4301744a6c7eb8fcdc85cffde44032cfa558c,0,1,-69
11:58:54,P6147,8a0bf6cee7ffc1c407c1f9f2f60b5b817de262b38be0ef4faad7d10fb2790d36,3,6,-83
11:58:54,P6148,4d9202e4a9261577dc42d982b5f54a3cb9d885d2b5115c32e6b9f224a6056e57,0,6,-83
11:58:54,P67,2e4ad8abbec9e46ec8279be13ff2e98db2ac804134a6d4622bfde365b9ad0983,0,9,-86
11:58:54,P69,6ed219d36019f3de52600c5221d786776f7ba4dfcc214985a62c38dc765ca083,5,9,-86
11:58:54,P6152,0024e7e547798941f3ec629edcf19111950a3b1fdb0c50bb0891603a9dd5fc93,0,6,-87
11:58:54,P66,fc435d58bc3eeac7bec139ee87b2810190967433ce34f02d58c588a673ae3a06,3,9,-87
11:58:54,P68,1063cad6adf0e54871fc8599106cfe663c9c35808a1ba7cc9497cffbd8e2864c,3,9,-87
11:58:54,P60,24789c279f3fdf557f3229e232469a5ce48169d96886159047ac4d6a3294ec0d,3,6,-88
11:58:54,P6147,12018e326dcbb3932303f0f790089864f0e6c0ffc235281e73838747c77b8264,3,11,-89
11:58:56,P6147,8a0bf6cee7ffc1c407c1f9f2f60b5b817de262b38be0ef4faad7d10fb2790d36,3,6,-75
11:58:56,P6147,12018e326dcbb3932303f0f790089864f0e6c0ffc235281e73838747c77b8264,3,11,-75
11:58:56,P6148,4d9202e4a9261577dc42d982b5f54a3cb9d885d2b5115c32e6b9f224a6056e57,0,6,-76
11:58:56,P6152,0024e7e547798941f3ec629edcf19111950a3b1fdb0c50bb0891603a9dd5fc93,0,6,-76
11:58:56,P6155,73bbcd07d429a0dfcfa878b90194adf03714ad72e0489a00e1ccf7b178da5b50,3,6,-80
11:58:56,P60,24789c279f3fdf557f3229e232469a5ce48169d96886159047ac4d6a3294ec0d,3,6,-87
11:58:56,P6158,d907718e1bd2f2958dbb01abf8e71e69710f46f61617b3ca98b00288428be25a,3,6,-87
11:58:56,P68,823c4d4c521c101e54579ec1def591c690112004eecb7fb7f8706bee6d9a8fdc,3,13,-94
11:58:56,P63,8acc5596460701f30aeb42410ea01b125e355575b69af64e199525c34e91fe1b,3,9,-96
11:58:58,P6152,0024e7e547798941f3ec629edcf19111950a3b1fdb0c50bb0891603a9dd5fc93,0,6,-71
11:58:58,P6147,8a0bf6cee7ffc1c407c1f9f2f60b5b817de262b38be0ef4faad7d10fb2790d36,3,6,-74
11:58:58,P6148,4d9202e4a9261577dc42d982b5f54a3cb9d885d2b5115c32e6b9f224a6056e57,0,6,-74
11:58:58,P6147,d1a86bad941decfd493e3a73db90c7d2315c4f9331ab06772bd15ea59ad4543e,3,1,-76
11:58:58,P6147,12018e326dcbb3932303f0f790089864f0e6c0ffc235281e73838747c77b8264,3,11,-81
11:58:58,P6148,b6097cad71942ddd6d1d17fc4d3b3c679715329b4e4aabb4a738f8785627f646,0,11,-81
11:58:58,P60,24789c279f3fdf557f3229e232469a5ce48169d96886159047ac4d6a3294ec0d,3,6,-82
11:58:58,P6145,be66992da9ab8a68747a880933853b8ba9d619f5b4ce846dcc5a1ce2886863d1,0,1,-83
11:58:58,P6144,1ac7c8f269911b1ec0811e698ad91c19471f0dcb0d2f87ad4e7af829021b573b,0,1,-84
11:59:00,P6152,0024e7e547798941f3ec629edcf19111950a3b1fdb0c50bb0891603a9dd5fc93,0,6,-72
11:59:00,P60,24789c279f3fdf557f3229e232469a5ce48169d96886159047ac4d6a3294ec0d,3,6,-72
11:59:00,P6155,73bbcd07d429a0dfcfa878b90194adf03714ad72e0489a00e1ccf7b178da5b50,3,6,-76
11:59:00,P6145,be66992da9ab8a68747a880933853b8ba9d619f5b4ce846dcc5a1ce2886863d1,0,1,-83
11:59:00,P6144,1ac7c8f269911b1ec0811e698ad91c19471f0dcb0d2f87ad4e7af829021b573b,0,1,-84
11:59:00,P6148,b6097cad71942ddd6d1d17fc4d3b3c679715329b4e4aabb4a738f8785627f646,0,11,-89
11:59:00,P6150,82a2f72c8885fe0e70814ba9d471889ad6e064c14fd6f58f5fa39937b34e2937,3,11,-90
11:59:00,P6151,9763705afdbcdb53735e636cf232685328a2580abc77baef755558452079b713,3,11,-94
11:59:02,P60,24789c279f3fdf557f3229e232469a5ce48169d96886159047ac4d6a3294ec0d,3,6,-59
11:59:02,P6147,8a0bf6cee7ffc1c407c1f9f2f60b5b817de262b38be0ef4faad7d10fb2790d36,3,6,-63
11:59:02,P6148,4d9202e4a9261577dc42d982b5f54a3cb9d885d2b5115c32e6b9f224a6056e57,0,6,-64
11:59:02,P6152,0024e7e547798941f3ec629edcf19111950a3b1fdb0c50bb0891603a9dd5fc93,0,6,-77
11:59:02,P6155,73bbcd07d429a0dfcfa878b90194adf03714ad72e0489a00e1ccf7b178da5b50,3,6,-79
11:59:02,P6148,94f9ff1469476c89234b03b781c4301744a6c7eb8fcdc85cffde44032cfa558c,0,1,-81
11:59:02,P6147,d1a86bad941decfd493e3a73db90c7d2315c4f9331ab06772bd15ea59ad4543e,3,1,-82
11:59:04,P6161,a20ea53f44ba64a9e33b708a2e894b68173e41d06d81a96fcb22bf2d4ea88a72,2,11,-73
11:59:04,P60,24789c279f3fdf557f3229e232469a5ce48169d96886159047ac4d6a3294ec0d,3,6,-75
11:59:04,P6147,8a0bf6cee7ffc1c407c1f9f2f60b5b817de262b38be0ef4faad7d10fb2790d36,3,6,-75
11:59:04,P6148,4d9202e4a9261577dc42d982b5f54a3cb9d885d2b5115c32e6b9f224a6056e57,0,6,-75
11:59:06,P6147,8a0bf6cee7ffc1c407c1f9f2f60b5b817de262b38be0ef4faad7d10fb2790d36,3,6,-84
11:59:06,P6145,be66992da9ab8a68747a880933853b8ba9d619f5b4ce846dcc5a1ce2886863d1,0,1,-87
11:59:06,P6144,1ac7c8f269911b1ec0811e698ad91c19471f0dcb0d2f87ad4e7af829021b573b,0,1,-87
11:59:06,P6152,0024e7e547798941f3ec629edcf19111950a3b1fdb0c50bb0891603a9dd5fc93,0,6,-88
11:59:06,P63,1442c4b0e6b4911cffbf04a049e22029a2c156ae5bfc7057050bb1766c77f0ed,3,13,-92
11:59:08,P6147,8a0bf6cee7ffc1c407c1f9f2f60b5b817de262b38be0ef4faad7d10fb2790d36,3,6,-69
11:59:08,P6152,0024e7e547798941f3ec629edcf19111950a3b1fdb0c50bb0891603a9dd5fc93,0,6,-79
11:59:08,P60,24789c279f3fdf557f3229e232469a5ce48169d96886159047ac4d6a3294ec0d,3,6,-83
11:59:08,P6144,1ac7c8f269911b1ec0811e698ad91c19471f0dcb0d2f87ad4e7af829021b573b,0,1,-88
11:59:10,P6155,73bbcd07d429a0dfcfa878b90194adf03714ad72e0489a00e1ccf7b178da5b50,3,6,-81
11:59:10,P60,24789c279f3fdf557f3229e232469a5ce48169d96886159047ac4d6a3294ec0d,3,6,-83
11:59:12,P6147,8a0bf6cee7ffc1c407c1f9f2f60b5b817de262b38be0ef4faad7d10fb2790d36,3,6,-67
11:59:12,P60,24789c279f3fdf557f3229e232469a5ce48169d96886159047ac4d6a3294ec0d,3,6,-74
11:59:12,P6152,0024e7e547798941f3ec629edcf19111950a3b1fdb0c50bb0891603a9dd5fc93,0,6,-80
11:59:12,P6150,82a2f72c8885fe0e70814ba9d471889ad6e064c14fd6f58f5fa39937b34e2937,3,11,-95
11:59:12,P6160,90cdfa13eae5dff7cd16a7c5490f58516cd073afee8a039dda23ef8e1d32a8d4,4,11,-95
11:59:12,P6151,9763705afdbcdb53735e636cf232685328a2580abc77baef755558452079b713,3,11,-96
11:59:14,P6148,4d9202e4a9261577dc42d982b5f54a3cb9d885d2b5115c32e6b9f224a6056e57,0,6,-68
11:59:14,P6147,8a0bf6cee7ffc1c407c1f9f2f60b5b817de262b38be0ef4faad7d10fb2790d36,3,6,-70
11:59:14,P6150,82a2f72c8885fe0e70814ba9d471889ad6e064c14fd6f58f5fa39937b34e2937,3,11,-94
11:59:14,P6151,9763705afdbcdb53735e636cf232685328a2580abc77baef755558452079b713,3,11,-94
11:59:15,P6148,4d9202e4a9261577dc42d982b5f54a3cb9d885d2b5115c32e6b9f224a6056e57,0,6,-71
11:59:15,P6147,8a0bf6cee7ffc1c407c1f9f2f60b5b817de262b38be0ef4faad7d10fb2790d36,3,6,-73
11:59:15,P6152,0024e7e547798941f3ec629edcf19111950a3b1fdb0c50bb0891603a9dd5fc93,0,6,-79
11:59:15,P60,24789c279f3fdf557f3229e232469a5ce48169d96886159047ac4d6a3294ec0d,3,6,-81
11:59:15,P6148,b6097cad71942ddd6d1d17fc4d3b3c679715329b4e4aabb4a738f8785627f646,0,11,-89
11:59:17,P6147,8a0bf6cee7ffc1c407c1f9f2f60b5b817de262b38be0ef4faad7d10fb2790d36,3,6,-70
11:59:17,P6148,4d9202e4a9261577dc42d982b5f54a3cb9d885d2b5115c32e6b9f224a6056e57,0,6,-73
11:59:17,P60,24789c279f3fdf557f3229e232469a5ce48169d96886159047ac4d6a3294ec0d,3,6,-76
11:59:17,P6152,0024e7e547798941f3ec629edcf19111950a3b1fdb0c50bb0891603a9dd5fc93,0,6,-83
11:59:17,P6147,12018e326dcbb3932303f0f790089864f0e6c0ffc235281e73838747c77b8264,3,11,-84
11:59:17,P6148,94f9ff1469476c89234b03b781c4301744a6c7eb8fcdc85cffde44032cfa558c,0,1,-85
11:59:17,P6144,1ac7c8f269911b1ec0811e698ad91c19471f0dcb0d2f87ad4e7af829021b573b,0,1,-85
11:59:17,P6155,73bbcd07d429a0dfcfa878b90194adf03714ad72e0489a00e1ccf7b178da5b50,3,6,-85
11:59:17,P6148,b6097cad71942ddd6d1d17fc4d3b3c679715329b4e4aabb4a738f8785627f646,0,11,-85
11:59:17,P6158,d907718e1bd2f2958dbb01abf8e71e69710f46f61617b3ca98b00288428be25a,3,6,-88
11:59:19,P6148,4d9202e4a9261577dc42d982b5f54a3cb9d885d2b5115c32e6b9f224a6056e57,0,6,-65
11:59:19,P6147,8a0bf6cee7ffc1c407c1f9f2f60b5b817de262b38be0ef4faad7d10fb2790d36,3,6,-67
11:59:19,P6147,12018e326dcbb3932303f0f790089864f0e6c0ffc235281e73838747c77b8264,3,11,-74
11:59:19,P6148,b6097cad71942ddd6d1d17fc4d3b3c679715329b4e4aabb4a738f8785627f646,0,11,-75
11:59:19,P6147,d1a86bad941decfd493e3a73db90c7d2315c4f9331ab06772bd15ea59ad4543e,3,1,-76
11:59:19,P6148,94f9ff1469476c89234b03b781c4301744a6c7eb8fcdc85cffde44032cfa558c,0,1,-76
11:59:19,P6152,0024e7e547798941f3ec629edcf19111950a3b1fdb0c50bb0891603a9dd5fc93,0,6,-77
11:59:19,P6155,73bbcd07d429a0dfcfa878b90194adf03714ad72e0489a00e1ccf7b178da5b50,3,6,-80
11:59:21,P6148,4d9202e4a9261577dc42d982b5f54a3cb9d885d2b5115c32e6b9f224a6056e57,0,6,-68
11:59:21,P6147,8a0bf6cee7ffc1c407c1f9f2f60b5b817de262b38be0ef4faad7d10fb2790d36,3,6,-69
11:59:21,P60,24789c279f3fdf557f3229e232469a5ce48169d96886159047ac4d6a3294ec0d,3,6,-70
11:59:21,P6152,5e0a433f6a64e782687dafdb6c6f60f4418853fb586746774a7cf1c5748fadb6,0,1,-92
11:59:21,P67,c485765176fdb6e7958769647c4792939948e26812f8a9a282a68648aad9fa7d,0,5,-93
11:59:21,P68,dc77977c37f7916426ddbf502cce04b2583789847802a6974996500d7e1c7255,3,5,-94
11:59:21,P63,6bc1f3c739086af1f4cb712b794f0fb785b50dfa6f6e57468e124185fe39be18,3,5,-95
11:59:23,P60,24789c279f3fdf557f3229e232469a5ce48169d96886159047ac4d6a3294ec0d,3,6,-75
11:59:23,P6155,73bbcd07d429a0dfcfa878b90194adf03714ad72e0489a00e1ccf7b178da5b50,3,6,-84
11:59:23,P6152,0024e7e547798941f3ec629edcf19111950a3b1fdb0c50bb0891603a9dd5fc93,0,6,-84
11:59:23,P6145,6d6c65e021db749ebbcb980f68664d96c876a715fc04775240b6b235977ae82f,0,1,-85
11:59:23,P6144,c9bfa2ecbc73de6c2378eab024f959803dcc3cc911d7417bfe6e999e613a9d63,0,1,-85
11:59:23,P66,48c3b2de610ee6f2475d2af34ffafd156cffca7e9d95058646e6ee11852566c0,3,13,-96
11:59:25,P6147,8a0bf6cee7ffc1c407c1f9f2f60b5b817de262b38be0ef4faad7d10fb2790d36,3,6,-76
11:59:25,P6148,4d9202e4a9261577dc42d982b5f54a3cb9d885d2b5115c32e6b9f224a6056e57,0,6,-76
11:59:25,P60,24789c279f3fdf557f3229e232469a5ce48169d96886159047ac4d6a3294ec0d,3,6,-80
11:59:25,P6161,a20ea53f44ba64a9e33b708a2e894b68173e41d06d81a96fcb22bf2d4ea88a72,2,11,-95
11:59:27,P60,24789c279f3fdf557f3229e232469a5ce48169d96886159047ac4d6a3294ec0d,3,6,-75
11:59:27,P6147,635be986f5489d85ca3a4145826c86e2a7772d972ca5d3c2c69af1bea8fdb221,3,11,-90
11:59:27,P6148,542a92c8726f85958356f50c5cc7ad8b2c36accfe23ac74d1edd60c52f9d34a5,0,11,-91
11:59:29,P60,24789c279f3fdf557f3229e232469a5ce48169d96886159047ac4d6a3294ec0d,3,6,-75
11:59:29,P6152,0024e7e547798941f3ec629edcf19111950a3b1fdb0c50bb0891603a9dd5fc93,0,6,-81
11:59:29,P6147,12018e326dcbb3932303f0f790089864f0e6c0ffc235281e73838747c77b8264,3,11,-83
11:59:29,P6148,b6097cad71942ddd6d1d17fc4d3b3c679715329b4e4aabb4a738f8785627f646,0,11,-83
11:59:29,P67,b64233ae6aae1d541f538a9cdfaa0eceb940981bbecf2e88c2c9bf01c96e0a55,0,13,-94
11:59:31,P6148,4d9202e4a9261577dc42d982b5f54a3cb9d885d2b5115c32e6b9f224a6056e57,0,6,-65
11:59:31,P6147,8a0bf6cee7ffc1c407c1f9f2f60b5b817de262b38be0ef4faad7d10fb2790d36,3,6,-67
11:59:31,P6152,0024e7e547798941f3ec629edcf19111950a3b1fdb0c50bb0891603a9dd5fc93,0,6,-73
11:59:31,P6155,73bbcd07d429a0dfcfa878b90194adf03714ad72e0489a00e1ccf7b178da5b50,3,6,-75
11:59:31,P60,24789c279f3fdf557f3229e232469a5ce48169d96886159047ac4d6a3294ec0d,3,6,-77
11:59:31,P67,b64233ae6aae1d541f538a9cdfaa0eceb940981bbecf2e88c2c9bf01c96e0a55,0,13,-93
11:59:31,P69,30a0245d6a949136350cf89b3fe68e929abce60c91d2a93beb23328e1659e700,5,13,-95
11:59:33,P6152,0024e7e547798941f3ec629edcf19111950a3b1fdb0c50bb0891603a9dd5fc93,0,6,-72
11:59:33,P6155,73bbcd07d429a0dfcfa878b90194adf03714ad72e0489a00e1ccf7b178da5b50,3,6,-73
11:59:33,P6147,8a0bf6cee7ffc1c407c1f9f2f60b5b817de262b38be0ef4faad7d10fb2790d36,3,6,-74
11:59:33,P6148,4d9202e4a9261577dc42d982b5f54a3cb9d885d2b5115c32e6b9f224a6056e57,0,6,-74
11:59:33,P6147,d1a86bad941decfd493e3a73db90c7d2315c4f9331ab06772bd15ea59ad4543e,3,1,-77
11:59:33,P6148,94f9ff1469476c89234b03b781c4301744a6c7eb8fcdc85cffde44032cfa558c,0,1,-78
11:59:33,P6145,be66992da9ab8a68747a880933853b8ba9d619f5b4ce846dcc5a1ce2886863d1,0,1,-86
11:59:33,P6144,1ac7c8f269911b1ec0811e698ad91c19471f0dcb0d2f87ad4e7af829021b573b,0,1,-87
11:59:33,P6161,a20ea53f44ba64a9e33b708a2e894b68173e41d06d81a96fcb22bf2d4ea88a72,2,11,-93
11:59:33,P6159,5a13faafa97551f2d96f0ee6c0e5d7a13206c0b69254844bb2347f5bf9f14829,3,4,-94
11:59:35,P6147,8a0bf6cee7ffc1c407c1f9f2f60b5b817de262b38be0ef4faad7d10fb2790d36,3,6,-68
11:59:35,P6148,4d9202e4a9261577dc42d982b5f54a3cb9d885d2b5115c32e6b9f224a6056e57,0,6,-68
11:59:35,P60,24789c279f3fdf557f3229e232469a5ce48169d96886159047ac4d6a3294ec0d,3,6,-77
11:59:35,P6161,a20ea53f44ba64a9e33b708a2e894b68173e41d06d81a96fcb22bf2d4ea88a72,2,11,-79
11:59:35,P6145,be66992da9ab8a68747a880933853b8ba9d619f5b4ce846dcc5a1ce2886863d1,0,1,-80
11:59:35,P6144,1ac7c8f269911b1ec0811e698ad91c19471f0dcb0d2f87ad4e7af829021b573b,0,1,-80
11:59:35,P6148,94f9ff1469476c89234b03b781c4301744a6c7eb8fcdc85cffde44032cfa558c,0,1,-82
11:59:35,P6147,d1a86bad941decfd493e3a73db90c7d2315c4f9331ab06772bd15ea59ad4543e,3,1,-84
11:59:37,P6152,0024e7e547798941f3ec629edcf19111950a3b1fdb0c50bb0891603a9dd5fc93,0,6,-76
11:59:37,P6155,73bbcd07d429a0dfcfa878b90194adf03714ad72e0489a00e1ccf7b178da5b50,3,6,-79
11:59:37,P60,24789c279f3fdf557f3229e232469a5ce48169d96886159047ac4d6a3294ec0d,3,6,-82
11:59:39,P6152,0024e7e547798941f3ec629edcf19111950a3b1fdb0c50bb0891603a9dd5fc93,0,6,-77
11:59:39,P60,24789c279f3fdf557f3229e232469a5ce48169d96886159047ac4d6a3294ec0d,3,6,-79
11:59:39,P6155,73bbcd07d429a0dfcfa878b90194adf03714ad72e0489a00e1ccf7b178da5b50,3,6,-79
11:59:39,P6147,12018e326dcbb3932303f0f790089864f0e6c0ffc235281e73838747c77b8264,3,11,-88
11:59:39,P6148,b6097cad71942ddd6d1d17fc4d3b3c679715329b4e4aabb4a738f8785627f646,0,11,-90
11:59:41,P60,24789c279f3fdf557f3229e232469a5ce48169d96886159047ac4d6a3294ec0d,3,6,-73
11:59:41,P6147,8a0bf6cee7ffc1c407c1f9f2f60b5b817de262b38be0ef4faad7d10fb2790d36,3,6,-74
11:59:41,P6148,4d9202e4a9261577dc42d982b5f54a3cb9d885d2b5115c32e6b9f224a6056e57,0,6,-75
11:59:41,P6152,0024e7e547798941f3ec629edcf19111950a3b1fdb0c50bb0891603a9dd5fc93,0,6,-78
11:59:43,P6152,0024e7e547798941f3ec629edcf19111950a3b1fdb0c50bb0891603a9dd5fc93,0,6,-74
11:59:43,P6148,94f9ff1469476c89234b03b781c4301744a6c7eb8fcdc85cffde44032cfa558c,0,1,-77
11:59:43,P6147,d1a86bad941decfd493e3a73db90c7d2315c4f9331ab06772bd15ea59ad4543e,3,1,-78
11:59:43,P60,24789c279f3fdf557f3229e232469a5ce48169d96886159047ac4d6a3294ec0d,3,6,-78
11:59:45,P6147,8a0bf6cee7ffc1c407c1f9f2f60b5b817de262b38be0ef4faad7d10fb2790d36,3,6,-71
11:59:45,P6148,4d9202e4a9261577dc42d982b5f54a3cb9d885d2b5115c32e6b9f224a6056e57,0,6,-71
11:59:45,P60,24789c279f3fdf557f3229e232469a5ce48169d96886159047ac4d6a3294ec0d,3,6,-78
11:59:47,P6148,4d9202e4a9261577dc42d982b5f54a3cb9d885d2b5115c32e6b9f224a6056e57,0,6,-76
11:59:47,P6152,0024e7e547798941f3ec629edcf19111950a3b1fdb0c50bb0891603a9dd5fc93,0,6,-79
11:59:47,P60,24789c279f3fdf557f3229e232469a5ce48169d96886159047ac4d6a3294ec0d,3,6,-84
11:59:48,P6147,8a0bf6cee7ffc1c407c1f9f2f60b5b817de262b38be0ef4faad7d10fb2790d36,3,6,-73
11:59:48,P6152,0024e7e547798941f3ec629edcf19111950a3b1fdb0c50bb0891603a9dd5fc93,0,6,-78
11:59:48,P6161,a20ea53f44ba64a9e33b708a2e894b68173e41d06d81a96fcb22bf2d4ea88a72,2,11,-78
11:59:48,P67,b64233ae6aae1d541f538a9cdfaa0eceb940981bbecf2e88c2c9bf01c96e0a55,0,13,-94
11:59:50,P6152,0024e7e547798941f3ec629edcf19111950a3b1fdb0c50bb0891603a9dd5fc93,0,6,-80
11:59:50,P6155,73bbcd07d429a0dfcfa878b90194adf03714ad72e0489a00e1ccf7b178da5b50,3,6,-83
11:59:50,P68,dc77977c37f7916426ddbf502cce04b2583789847802a6974996500d7e1c7255,3,5,-95
11:59:52,P6147,d1a86bad941decfd493e3a73db90c7d2315c4f9331ab06772bd15ea59ad4543e,3,1,-74
11:59:52,P6148,94f9ff1469476c89234b03b781c4301744a6c7eb8fcdc85cffde44032cfa558c,0,1,-75
11:59:52,P6147,8a0bf6cee7ffc1c407c1f9f2f60b5b817de262b38be0ef4faad7d10fb2790d36,3,6,-76
11:59:52,P60,24789c279f3fdf557f3229e232469a5ce48169d96886159047ac4d6a3294ec0d,3,6,-78
11:59:52,P6148,4d9202e4a9261577dc42d982b5f54a3cb9d885d2b5115c32e6b9f224a6056e57,0,6,-78
11:59:52,P6152,0024e7e547798941f3ec629edcf19111950a3b1fdb0c50bb0891603a9dd5fc93,0,6,-85
11:59:52,P6158,d907718e1bd2f2958dbb01abf8e71e69710f46f61617b3ca98b00288428be25a,3,6,-90
11:59:54,P6148,4d9202e4a9261577dc42d982b5f54a3cb9d885d2b5115c32e6b9f224a6056e57,0,6,-71
11:59:54,P6147,8a0bf6cee7ffc1c407c1f9f2f60b5b817de262b38be0ef4faad7d10fb2790d36,3,6,-72
11:59:54,P60,24789c279f3fdf557f3229e232469a5ce48169d96886159047ac4d6a3294ec0d,3,6,-74
11:59:54,P6147,d1a86bad941decfd493e3a73db90c7d2315c4f9331ab06772bd15ea59ad4543e,3,1,-75
11:59:54,P6148,94f9ff1469476c89234b03b781c4301744a6c7eb8fcdc85cffde44032cfa558c,0,1,-76
11:59:54,P6148,b6097cad71942ddd6d1d17fc4d3b3c679715329b4e4aabb4a738f8785627f646,0,11,-83
11:59:54,P6147,12018e326dcbb3932303f0f790089864f0e6c0ffc235281e73838747c77b8264,3,11,-84
11:59:54,P6152,0024e7e547798941f3ec629edcf19111950a3b1fdb0c50bb0891603a9dd5fc93,0,6,-85
11:59:56,P60,24789c279f3fdf557f3229e232469a5ce48169d96886159047ac4d6a3294ec0d,3,6,-77
11:59:58,P60,24789c279f3fdf557f3229e232469a5ce48169d96886159047ac4d6a3294ec0d,3,6,-77
11:59:58,P6147,12018e326dcbb3932303f0f790089864f0e6c0ffc235281e73838747c77b8264,3,11,-83
11:59:58,P6148,b6097cad71942ddd6d1d17fc4d3b3c679715329b4e4aabb4a738f8785627f646,0,11,-83
11:59:58,P6152,0024e7e547798941f3ec629edcf19111950a3b1fdb0c50bb0891603a9dd5fc93,0,6,-86
11:59:58,P6150,82a2f72c8885fe0e70814ba9d471889ad6e064c14fd6f58f5fa39937b34e2937,3,11,-95
12:00:00,P6152,0024e7e547798941f3ec629edcf19111950a3b1fdb0c50bb0891603a9dd5fc93,0,6,-83
12:00:00,P60,24789c279f3fdf557f3229e232469a5ce48169d96886159047ac4d6a3294ec0d,3,6,-85
12:00:00,P6155,73bbcd07d429a0dfcfa878b90194adf03714ad72e0489a00e1ccf7b178da5b50,3,6,-86
12:00:00,P6159,5a13faafa97551f2d96f0ee6c0e5d7a13206c0b69254844bb2347f5bf9f14829,3,4,-89
12:00:00,P6150,82a2f72c8885fe0e70814ba9d471889ad6e064c14fd6f58f5fa39937b34e2937,3,11,-91
12:00:02,P6148,4d9202e4a9261577dc42d982b5f54a3cb9d885d2b5115c32e6b9f224a6056e57,0,6,-70
12:00:02,P6147,8a0bf6cee7ffc1c407c1f9f2f60b5b817de262b38be0ef4faad7d10fb2790d36,3,6,-71
12:00:02,P60,24789c279f3fdf557f3229e232469a5ce48169d96886159047ac4d6a3294ec0d,3,6,-79
12:00:02,P6152,0024e7e547798941f3ec629edcf19111950a3b1fdb0c50bb0891603a9dd5fc93,0,6,-84
12:00:02,P6155,73bbcd07d429a0dfcfa878b90194adf03714ad72e0489a00e1ccf7b178da5b50,3,6,-85
12:00:02,P6152,5e0a433f6a64e782687dafdb6c6f60f4418853fb586746774a7cf1c5748fadb6,0,1,-93
12:00:04,P60,24789c279f3fdf557f3229e232469a5ce48169d96886159047ac4d6a3294ec0d,3,6,-75
12:00:04,P6159,5a13faafa97551f2d96f0ee6c0e5d7a13206c0b69254844bb2347f5bf9f14829,3,4,-81
12:00:04,P6155,73bbcd07d429a0dfcfa878b90194adf03714ad72e0489a00e1ccf7b178da5b50,3,6,-86
12:00:04,P6152,0024e7e547798941f3ec629edcf19111950a3b1fdb0c50bb0891603a9dd5fc93,0,6,-88
12:00:06,P6148,94f9ff1469476c89234b03b781c4301744a6c7eb8fcdc85cffde44032cfa558c,0,1,-74
12:00:06,P6147,d1a86bad941decfd493e3a73db90c7d2315c4f9331ab06772bd15ea59ad4543e,3,1,-75
12:00:06,P6155,73bbcd07d429a0dfcfa878b90194adf03714ad72e0489a00e1ccf7b178da5b50,3,6,-84
12:00:08,P60,24789c279f3fdf557f3229e232469a5ce48169d96886159047ac4d6a3294ec0d,3,6,-74
12:00:08,P63,1442c4b0e6b4911cffbf04a049e22029a2c156ae5bfc7057050bb1766c77f0ed,3,13,-93
12:00:08,P69,f3f95c48d929bca8f3a8de53bfa957c2280e558379a9ad141ef0abe30eabf9e3,5,13,-94
12:00:11,P60,24789c279f3fdf557f3229e232469a5ce48169d96886159047ac4d6a3294ec0d,3,6,-75
12:00:11,P6148,94f9ff1469476c89234b03b781c4301744a6c7eb8fcdc85cffde44032cfa558c,0,1,-80
12:00:11,P6147,d1a86bad941decfd493e3a73db90c7d2315c4f9331ab06772bd15ea59ad4543e,3,1,-81
12:00:13,P6147,8a0bf6cee7ffc1c407c1f9f2f60b5b817de262b38be0ef4faad7d10fb2790d36,3,6,-73
12:00:13,P6148,4d9202e4a9261577dc42d982b5f54a3cb9d885d2b5115c32e6b9f224a6056e57,0,6,-73
12:00:13,P6147,d1a86bad941decfd493e3a73db90c7d2315c4f9331ab06772bd15ea59ad4543e,3,1,-79
12:00:13,P6148,94f9ff1469476c89234b03b781c4301744a6c7eb8fcdc85cffde44032cfa558c,0,1,-79
12:00:13,P60,24789c279f3fdf557f3229e232469a5ce48169d96886159047ac4d6a3294ec0d,3,6,-82
12:00:13,P6155,73bbcd07d429a0dfcfa878b90194adf03714ad72e0489a00e1ccf7b178da5b50,3,6,-86
12:00:13,P6158,d907718e1bd2f2958dbb01abf8e71e69710f46f61617b3ca98b00288428be25a,3,6,-89
12:00:15,P60,24789c279f3fdf557f3229e232469a5ce48169d96886159047ac4d6a3294ec0d,3,6,-75
12:00:15,P6147,8a0bf6cee7ffc1c407c1f9f2f60b5b817de262b38be0ef4faad7d10fb2790d36,3,6,-75
12:00:15,P6148,4d9202e4a9261577dc42d982b5f54a3cb9d885d2b5115c32e6b9f224a6056e57,0,6,-75
12:00:17,P6148,b6097cad71942ddd6d1d17fc4d3b3c679715329b4e4aabb4a738f8785627f646,0,11,-89
12:00:19,P60,24789c279f3fdf557f3229e232469a5ce48169d96886159047ac4d6a3294ec0d,3,6,-78
12:00:19,P66,48c3b2de610ee6f2475d2af34ffafd156cffca7e9d95058646e6ee11852566c0,3,13,-94
12:00:19,P67,b64233ae6aae1d541f538a9cdfaa0eceb940981bbecf2e88c2c9bf01c96e0a55,0,13,-95
12:00:21,P6147,8a0bf6cee7ffc1c407c1f9f2f60b5b817de262b38be0ef4faad7d10fb2790d36,3,6,-70
12:00:21,P6148,4d9202e4a9261577dc42d982b5f54a3cb9d885d2b5115c32e6b9f224a6056e57,0,6,-71
12:00:21,P60,24789c279f3fdf557f3229e232469a5ce48169d96886159047ac4d6a3294ec0d,3,6,-79
12:00:23,P60,24789c279f3fdf557f3229e232469a5ce48169d96886159047ac4d6a3294ec0d,3,6,-80
12:00:25,P60,24789c279f3fdf557f3229e232469a5ce48169d96886159047ac4d6a3294ec0d,3,6,-88
12:00:26,P60,24789c279f3fdf557f3229e232469a5ce48169d96886159047ac4d6a3294ec0d,3,6,-78
12:00:26,P66,48c3b2de610ee6f2475d2af34ffafd156cffca7e9d95058646e6ee11852566c0,3,13,-94
12:00:26,P68,823c4d4c521c101e54579ec1def591c690112004eecb7fb7f8706bee6d9a8fdc,3,13,-94
12:00:26,P67,b64233ae6aae1d541f538a9cdfaa0eceb940981bbecf2e88c2c9bf01c96e0a55,0,13,-95
12:00:28,P60,24789c279f3fdf557f3229e232469a5ce48169d96886159047ac4d6a3294ec0d,3,6,-79
12:00:28,P6152,0024e7e547798941f3ec629edcf19111950a3b1fdb0c50bb0891603a9dd5fc93,0,6,-85
12:00:30,P6147,8a0bf6cee7ffc1c407c1f9f2f60b5b817de262b38be0ef4faad7d10fb2790d36,3,6,-73
12:00:30,P6148,4d9202e4a9261577dc42d982b5f54a3cb9d885d2b5115c32e6b9f224a6056e57,0,6,-73
12:00:30,P60,24789c279f3fdf557f3229e232469a5ce48169d96886159047ac4d6a3294ec0d,3,6,-76
12:00:30,P6150,82a2f72c8885fe0e70814ba9d471889ad6e064c14fd6f58f5fa39937b34e2937,3,11,-92
12:00:30,P6151,9763705afdbcdb53735e636cf232685328a2580abc77baef755558452079b713,3,11,-94
12:00:32,P6147,8a0bf6cee7ffc1c407c1f9f2f60b5b817de262b38be0ef4faad7d10fb2790d36,3,6,-71
12:00:32,P6148,4d9202e4a9261577dc42d982b5f54a3cb9d885d2b5115c32e6b9f224a6056e57,0,6,-71
12:00:32,P60,24789c279f3fdf557f3229e232469a5ce48169d96886159047ac4d6a3294ec0d,3,6,-74
12:00:34,P60,24789c279f3fdf557f3229e232469a5ce48169d96886159047ac4d6a3294ec0d,3,6,-72
12:00:34,P6155,73bbcd07d429a0dfcfa878b90194adf03714ad72e0489a00e1ccf7b178da5b50,3,6,-86
12:00:34,P67,b64233ae6aae1d541f538a9cdfaa0eceb940981bbecf2e88c2c9bf01c96e0a55,0,13,-94
12:00:34,P66,48c3b2de610ee6f2475d2af34ffafd156cffca7e9d95058646e6ee11852566c0,3,13,-94
12:00:36,P6148,4d9202e4a9261577dc42d982b5f54a3cb9d885d2b5115c32e6b9f224a6056e57,0,6,-69
12:00:36,P60,24789c279f3fdf557f3229e232469a5ce48169d96886159047ac4d6a3294ec0d,3,6,-74
12:00:36,P6148,94f9ff1469476c89234b03b781c4301744a6c7eb8fcdc85cffde44032cfa558c,0,1,-86
12:00:36,P6147,d1a86bad941decfd493e3a73db90c7d2315c4f9331ab06772bd15ea59ad4543e,3,1,-87
12:00:38,P60,24789c279f3fdf557f3229e232469a5ce48169d96886159047ac4d6a3294ec0d,3,6,-69
12:00:38,P6147,8a0bf6cee7ffc1c407c1f9f2f60b5b817de262b38be0ef4faad7d10fb2790d36,3,6,-69
12:00:38,P6148,4d9202e4a9261577dc42d982b5f54a3cb9d885d2b5115c32e6b9f224a6056e57,0,6,-71
12:00:38,P6147,d1a86bad941decfd493e3a73db90c7d2315c4f9331ab06772bd15ea59ad4543e,3,1,-80
12:00:38,P6148,94f9ff1469476c89234b03b781c4301744a6c7eb8fcdc85cffde44032cfa558c,0,1,-81
12:00:40,P6147,8a0bf6cee7ffc1c407c1f9f2f60b5b817de262b38be0ef4faad7d10fb2790d36,3,6,-67
12:00:40,P6148,4d9202e4a9261577dc42d982b5f54a3cb9d885d2b5115c32e6b9f224a6056e57,0,6,-67
12:00:40,P60,24789c279f3fdf557f3229e232469a5ce48169d96886159047ac4d6a3294ec0d,3,6,-73
12:00:40,P6155,73bbcd07d429a0dfcfa878b90194adf03714ad72e0489a00e1ccf7b178da5b50,3,6,-89
12:00:40,P6161,a20ea53f44ba64a9e33b708a2e894b68173e41d06d81a96fcb22bf2d4ea88a72,2,11,-90
12:00:42,P6148,4d9202e4a9261577dc42d982b5f54a3cb9d885d2b5115c32e6b9f224a6056e57,0,6,-66
12:00:42,P6147,8a0bf6cee7ffc1c407c1f9f2f60b5b817de262b38be0ef4faad7d10fb2790d36,3,6,-67
12:00:42,P60,24789c279f3fdf557f3229e232469a5ce48169d96886159047ac4d6a3294ec0d,3,6,-69
12:00:42,P6147,d1a86bad941decfd493e3a73db90c7d2315c4f9331ab06772bd15ea59ad4543e,3,1,-83
12:00:42,P6147,12018e326dcbb3932303f0f790089864f0e6c0ffc235281e73838747c77b8264,3,11,-88
12:00:44,P6147,8a0bf6cee7ffc1c407c1f9f2f60b5b817de262b38be0ef4faad7d10fb2790d36,3,6,-69
12:00:44,P6148,4d9202e4a9261577dc42d982b5f54a3cb9d885d2b5115c32e6b9f224a6056e57,0,6,-71
12:00:44,P60,24789c279f3fdf557f3229e232469a5ce48169d96886159047ac4d6a3294ec0d,3,6,-77
12:00:44,P6150,82a2f72c8885fe0e70814ba9d471889ad6e064c14fd6f58f5fa39937b34e2937,3,11,-89
12:00:44,P6151,9763705afdbcdb53735e636cf232685328a2580abc77baef755558452079b713,3,11,-89
12:00:44,P6147,12018e326dcbb3932303f0f790089864f0e6c0ffc235281e73838747c77b8264,3,11,-91
12:00:46,P60,24789c279f3fdf557f3229e232469a5ce48169d96886159047ac4d6a3294ec0d,3,6,-70
12:00:46,P6151,9763705afdbcdb53735e636cf232685328a2580abc77baef755558452079b713,3,11,-88
12:00:46,P6150,82a2f72c8885fe0e70814ba9d471889ad6e064c14fd6f58f5fa39937b34e2937,3,11,-89
12:00:47,P6148,4d9202e4a9261577dc42d982b5f54a3cb9d885d2b5115c32e6b9f224a6056e57,0,6,-67
12:00:47,P6147,8a0bf6cee7ffc1c407c1f9f2f60b5b817de262b38be0ef4faad7d10fb2790d36,3,6,-68
12:00:47,P60,24789c279f3fdf557f3229e232469a5ce48169d96886159047ac4d6a3294ec0d,3,6,-78
12:00:49,P6147,8a0bf6cee7ffc1c407c1f9f2f60b5b817de262b38be0ef4faad7d10fb2790d36,3,6,-66
12:00:49,P6148,4d9202e4a9261577dc42d982b5f54a3cb9d885d2b5115c32e6b9f224a6056e57,0,6,-67
12:00:49,P60,24789c279f3fdf557f3229e232469a5ce48169d96886159047ac4d6a3294ec0d,3,6,-80
12:00:49,P6148,94f9ff1469476c89234b03b781c4301744a6c7eb8fcdc85cffde44032cfa558c,0,1,-82
12:00:49,P6150,82a2f72c8885fe0e70814ba9d471889ad6e064c14fd6f58f5fa39937b34e2937,3,11,-89
12:00:49,P6151,9763705afdbcdb53735e636cf232685328a2580abc77baef755558452079b713,3,11,-91
12:00:51,P60,24789c279f3fdf557f3229e232469a5ce48169d96886159047ac4d6a3294ec0d,3,6,-72
12:00:51,P6151,9763705afdbcdb53735e636cf232685328a2580abc77baef755558452079b713,3,11,-90
12:00:51,P6150,82a2f72c8885fe0e70814ba9d471889ad6e064c14fd6f58f5fa39937b34e2937,3,11,-92
12:00:51,P68,823c4d4c521c101e54579ec1def591c690112004eecb7fb7f8706bee6d9a8fdc,3,13,-93
12:00:51,P67,b64233ae6aae1d541f538a9cdfaa0eceb940981bbecf2e88c2c9bf01c96e0a55,0,13,-93
12:00:53,P60,24789c279f3fdf557f3229e232469a5ce48169d96886159047ac4d6a3294ec0d,3,6,-73
12:00:53,P6150,82a2f72c8885fe0e70814ba9d471889ad6e064c14fd6f58f5fa39937b34e2937,3,11,-92
12:00:55,P60,24789c279f3fdf557f3229e232469a5ce48169d96886159047ac4d6a3294ec0d,3,6,-78
12:00:57,P60,24789c279f3fdf557f3229e232469a5ce48169d96886159047ac4d6a3294ec0d,3,6,-67
12:00:57,P6148,4d9202e4a9261577dc42d982b5f54a3cb9d885d2b5115c32e6b9f224a6056e57,0,6,-69
12:00:57,P6147,8a0bf6cee7ffc1c407c1f9f2f60b5b817de262b38be0ef4faad7d10fb2790d36,3,6,-72
12:00:57,P6147,d1a86bad941decfd493e3a73db90c7d2315c4f9331ab06772bd15ea59ad4543e,3,1,-86
12:00:59,P60,24789c279f3fdf557f3229e232469a5ce48169d96886159047ac4d6a3294ec0d,3,6,-72
12:01:01,P60,24789c279f3fdf557f3229e232469a5ce48169d96886159047ac4d6a3294ec0d,3,6,-71
12:01:01,P6148,4d9202e4a9261577dc42d982b5f54a3cb9d885d2b5115c32e6b9f224a6056e57,0,6,-85
12:01:03,P6147,d1a86bad941decfd493e3a73db90c7d2315c4f9331ab06772bd15ea59ad4543e,3,1,-80
12:01:03,P6148,94f9ff1469476c89234b03b781c4301744a6c7eb8fcdc85cffde44032cfa558c,0,1,-80
12:01:03,P60,24789c279f3fdf557f3229e232469a5ce48169d96886159047ac4d6a3294ec0d,3,6,-83
12:01:03,P6150,82a2f72c8885fe0e70814ba9d471889ad6e064c14fd6f58f5fa39937b34e2937,3,11,-91
12:01:03,P6151,9763705afdbcdb53735e636cf232685328a2580abc77baef755558452079b713,3,11,-92
12:01:05,P60,24789c279f3fdf557f3229e232469a5ce48169d96886159047ac4d6a3294ec0d,3,6,-87
12:01:05,P6147,8a0bf6cee7ffc1c407c1f9f2f60b5b817de262b38be0ef4faad7d10fb2790d36,3,6,-87
12:01:06,P6147,8a0bf6cee7ffc1c407c1f9f2f60b5b817de262b38be0ef4faad7d10fb2790d36,3,6,-78
12:01:06,P6155,73bbcd07d429a0dfcfa878b90194adf03714ad72e0489a00e1ccf7b178da5b50,3,6,-88
12:01:06,P6150,82a2f72c8885fe0e70814ba9d471889ad6e064c14fd6f58f5fa39937b34e2937,3,11,-93
12:01:06,P6151,9763705afdbcdb53735e636cf232685328a2580abc77baef755558452079b713,3,11,-94
12:01:08,P6148,4d9202e4a9261577dc42d982b5f54a3cb9d885d2b5115c32e6b9f224a6056e57,0,6,-81
12:01:08,P6147,12018e326dcbb3932303f0f790089864f0e6c0ffc235281e73838747c77b8264,3,11,-83
12:01:08,P6148,b6097cad71942ddd6d1d17fc4d3b3c679715329b4e4aabb4a738f8785627f646,0,11,-83
12:01:08,P6152,0024e7e547798941f3ec629edcf19111950a3b1fdb0c50bb0891603a9dd5fc93,0,6,-90
12:01:08,P6163,5d35bf69388bbb62d00739683cbb08839699b4aebbe590fae96aeb7de8c8dbaa,4,1,-96
12:01:10,P60,24789c279f3fdf557f3229e232469a5ce48169d96886159047ac4d6a3294ec0d,3,6,-72
12:01:10,P6148,4d9202e4a9261577dc42d982b5f54a3cb9d885d2b5115c32e6b9f224a6056e57,0,6,-72
12:01:10,P6147,8a0bf6cee7ffc1c407c1f9f2f60b5b817de262b38be0ef4faad7d10fb2790d36,3,6,-73
12:01:10,P6147,d1a86bad941decfd493e3a73db90c7d2315c4f9331ab06772bd15ea59ad4543e,3,1,-78
12:01:10,P6148,94f9ff1469476c89234b03b781c4301744a6c7eb8fcdc85cffde44032cfa558c,0,1,-78
12:01:10,P6158,d907718e1bd2f2958dbb01abf8e71e69710f46f61617b3ca98b00288428be25a,3,6,-84
12:01:10,P6147,12018e326dcbb3932303f0f790089864f0e6c0ffc235281e73838747c77b8264,3,11,-84
12:01:10,P6148,b6097cad71942ddd6d1d17fc4d3b3c679715329b4e4aabb4a738f8785627f646,0,11,-84
12:01:10,P63,1442c4b0e6b4911cffbf04a049e22029a2c156ae5bfc7057050bb1766c77f0ed,3,13,-94
12:01:12,P60,24789c279f3fdf557f3229e232469a5ce48169d96886159047ac4d6a3294ec0d,3,6,-68
12:01:12,P6158,d907718e1bd2f2958dbb01abf8e71e69710f46f61617b3ca98b00288428be25a,3,6,-89
12:01:14,P6147,8a0bf6cee7ffc1c407c1f9f2f60b5b817de262b38be0ef4faad7d10fb2790d36,3,6,-66
12:01:14,P6148,4d9202e4a9261577dc42d982b5f54a3cb9d885d2b5115c32e6b9f224a6056e57,0,6,-67
12:01:14,P60,24789c279f3fdf557f3229e232469a5ce48169d96886159047ac4d6a3294ec0d,3,6,-72
12:01:14,P6148,94f9ff1469476c89234b03b781c4301744a6c7eb8fcdc85cffde44032cfa558c,0,1,-77
12:01:14,P6147,d1a86bad941decfd493e3a73db90c7d2315c4f9331ab06772bd15ea59ad4543e,3,1,-79
12:01:16,P60,24789c279f3fdf557f3229e232469a5ce48169d96886159047ac4d6a3294ec0d,3,6,-71
12:01:16,P6147,8a0bf6cee7ffc1c407c1f9f2f60b5b817de262b38be0ef4faad7d10fb2790d36,3,6,-72
12:01:16,P6148,4d9202e4a9261577dc42d982b5f54a3cb9d885d2b5115c32e6b9f224a6056e57,0,6,-73
12:01:16,P6147,09d9f862d6ec2420edb9847b56ae494a815441f5916063994b4c0ad76d3a549a,3,1,-89
12:01:18,P60,24789c279f3fdf557f3229e232469a5ce48169d96886159047ac4d6a3294ec0d,3,6,-72
12:01:18,P6148,8f7b502fd07299638f9a4b7640a014db4f59665b5fcca95b142a8e8ff8af7e81,0,1,-88
12:01:20,P60,24789c279f3fdf557f3229e232469a5ce48169d96886159047ac4d6a3294ec0d,3,6,-65
12:01:20,P6150,82a2f72c8885fe0e70814ba9d471889ad6e064c14fd6f58f5fa39937b34e2937,3,11,-88
12:01:20,P6151,9763705afdbcdb53735e636cf232685328a2580abc77baef755558452079b713,3,11,-88
12:01:22,P6147,8a0bf6cee7ffc1c407c1f9f2f60b5b817de262b38be0ef4faad7d10fb2790d36,3,6,-75
12:01:22,P6148,4d9202e4a9261577dc42d982b5f54a3cb9d885d2b5115c32e6b9f224a6056e57,0,6,-75
12:01:22,P6152,0024e7e547798941f3ec629edcf19111950a3b1fdb0c50bb0891603a9dd5fc93,0,6,-82
12:01:22,P6147,d1a86bad941decfd493e3a73db90c7d2315c4f9331ab06772bd15ea59ad4543e,3,1,-85
12:01:22,P6148,94f9ff1469476c89234b03b781c4301744a6c7eb8fcdc85cffde44032cfa558c,0,1,-86
12:01:22,P6147,12018e326dcbb3932303f0f790089864f0e6c0ffc235281e73838747c77b8264,3,11,-88
12:01:22,P6148,b6097cad71942ddd6d1d17fc4d3b3c679715329b4e4aabb4a738f8785627f646,0,11,-88
12:01:22,P68,823c4d4c521c101e54579ec1def591c690112004eecb7fb7f8706bee6d9a8fdc,3,13,-96
12:01:22,P66,48c3b2de610ee6f2475d2af34ffafd156cffca7e9d95058646e6ee11852566c0,3,13,-97
12:01:24,P60,24789c279f3fdf557f3229e232469a5ce48169d96886159047ac4d6a3294ec0d,3,6,-76
12:01:24,P6148,8f7b502fd07299638f9a4b7640a014db4f59665b5fcca95b142a8e8ff8af7e81,0,1,-89
12:01:24,P67,b64233ae6aae1d541f538a9cdfaa0eceb940981bbecf2e88c2c9bf01c96e0a55,0,13,-95
12:01:26,P60,24789c279f3fdf557f3229e232469a5ce48169d96886159047ac4d6a3294ec0d,3,6,-73
12:01:26,P6148,4d9202e4a9261577dc42d982b5f54a3cb9d885d2b5115c32e6b9f224a6056e57,0,6,-76
12:01:26,P6147,8a0bf6cee7ffc1c407c1f9f2f60b5b817de262b38be0ef4faad7d10fb2790d36,3,6,-76
12:01:27,P60,24789c279f3fdf557f3229e232469a5ce48169d96886159047ac4d6a3294ec0d,3,6,-74
12:01:27,P6150,82a2f72c8885fe0e70814ba9d471889ad6e064c14fd6f58f5fa39937b34e2937,3,11,-80
12:01:27,P6148,94f9ff1469476c89234b03b781c4301744a6c7eb8fcdc85cffde44032cfa558c,0,1,-81
12:01:27,P6151,9763705afdbcdb53735e636cf232685328a2580abc77baef755558452079b713,3,11,-87
12:01:27,P6147,09d9f862d6ec2420edb9847b56ae494a815441f5916063994b4c0ad76d3a549a,3,1,-88
12:01:29,P60,24789c279f3fdf557f3229e232469a5ce48169d96886159047ac4d6a3294ec0d,3,6,-73
12:01:29,P6147,12018e326dcbb3932303f0f790089864f0e6c0ffc235281e73838747c77b8264,3,11,-89
12:01:31,P6147,8a0bf6cee7ffc1c407c1f9f2f60b5b817de262b38be0ef4faad7d10fb2790d36,3,6,-75
12:01:31,P6148,4d9202e4a9261577dc42d982b5f54a3cb9d885d2b5115c32e6b9f224a6056e57,0,6,-75
12:01:31,P60,24789c279f3fdf557f3229e232469a5ce48169d96886159047ac4d6a3294ec0d,3,6,-82
12:01:31,P6150,82a2f72c8885fe0e70814ba9d471889ad6e064c14fd6f58f5fa39937b34e2937,3,11,-86
12:01:31,P6147,09d9f862d6ec2420edb9847b56ae494a815441f5916063994b4c0ad76d3a549a,3,1,-87
12:01:31,P6151,9763705afdbcdb53735e636cf232685328a2580abc77baef755558452079b713,3,11,-87
12:01:31,P67,b64233ae6aae1d541f538a9cdfaa0eceb940981bbecf2e88c2c9bf01c96e0a55,0,13,-92
12:01:31,P67,c485765176fdb6e7958769647c4792939948e26812f8a9a282a68648aad9fa7d,0,5,-95
12:01:33,P6147,8a0bf6cee7ffc1c407c1f9f2f60b5b817de262b38be0ef4faad7d10fb2790d36,3,6,-77
12:01:33,P6148,4d9202e4a9261577dc42d982b5f54a3cb9d885d2b5115c32e6b9f224a6056e57,0,6,-77
12:01:33,P6152,0024e7e547798941f3ec629edcf19111950a3b1fdb0c50bb0891603a9dd5fc93,0,6,-83
12:01:33,P6148,94f9ff1469476c89234b03b781c4301744a6c7eb8fcdc85cffde44032cfa558c,0,1,-86
12:01:33,P6147,d1a86bad941decfd493e3a73db90c7d2315c4f9331ab06772bd15ea59ad4543e,3,1,-87
12:01:33,P6148,b6097cad71942ddd6d1d17fc4d3b3c679715329b4e4aabb4a738f8785627f646,0,11,-89
12:01:33,P6147,12018e326dcbb3932303f0f790089864f0e6c0ffc235281e73838747c77b8264,3,11,-90
12:01:35,P60,24789c279f3fdf557f3229e232469a5ce48169d96886159047ac4d6a3294ec0d,3,6,-73
12:01:35,P6147,8a0bf6cee7ffc1c407c1f9f2f60b5b817de262b38be0ef4faad7d10fb2790d36,3,6,-78
12:01:35,P6155,73bbcd07d429a0dfcfa878b90194adf03714ad72e0489a00e1ccf7b178da5b50,3,6,-84
12:01:37,P60,24789c279f3fdf557f3229e232469a5ce48169d96886159047ac4d6a3294ec0d,3,6,-73
12:01:37,P6147,8a0bf6cee7ffc1c407c1f9f2f60b5b817de262b38be0ef4faad7d10fb2790d36,3,6,-74
12:01:37,P6148,4d9202e4a9261577dc42d982b5f54a3cb9d885d2b5115c32e6b9f224a6056e57,0,6,-75
12:01:37,P6147,09d9f862d6ec2420edb9847b56ae494a815441f5916063994b4c0ad76d3a549a,3,1,-88
12:01:37,P6148,8f7b502fd07299638f9a4b7640a014db4f59665b5fcca95b142a8e8ff8af7e81,0,1,-88
12:01:39,P60,24789c279f3fdf557f3229e232469a5ce48169d96886159047ac4d6a3294ec0d,3,6,-73
12:01:41,P60,24789c279f3fdf557f3229e232469a5ce48169d96886159047ac4d6a3294ec0d,3,6,-85
12:01:41,P6147,d1a86bad941decfd493e3a73db90c7d2315c4f9331ab06772bd15ea59ad4543e,3,1,-86
12:01:41,P6147,09d9f862d6ec2420edb9847b56ae494a815441f5916063994b4c0ad76d3a549a,3,1,-87
12:01:41,P6148,8f7b502fd07299638f9a4b7640a014db4f59665b5fcca95b142a8e8ff8af7e81,0,1,-87
12:01:43,P60,24789c279f3fdf557f3229e232469a5ce48169d96886159047ac4d6a3294ec0d,3,6,-71
12:01:43,P6147,12018e326dcbb3932303f0f790089864f0e6c0ffc235281e73838747c77b8264,3,11,-88
12:01:45,P60,24789c279f3fdf557f3229e232469a5ce48169d96886159047ac4d6a3294ec0d,3,6,-73
12:01:45,P6147,d1a86bad941decfd493e3a73db90c7d2315c4f9331ab06772bd15ea59ad4543e,3,1,-77
12:01:45,P6148,94f9ff1469476c89234b03b781c4301744a6c7eb8fcdc85cffde44032cfa558c,0,1,-79
12:01:45,P6150,82a2f72c8885fe0e70814ba9d471889ad6e064c14fd6f58f5fa39937b34e2937,3,11,-92
12:01:45,P6151,9763705afdbcdb53735e636cf232685328a2580abc77baef755558452079b713,3,11,-92
12:01:45,P69,f3f95c48d929bca8f3a8de53bfa957c2280e558379a9ad141ef0abe30eabf9e3,5,13,-95
12:01:47,P6148,4d9202e4a9261577dc42d982b5f54a3cb9d885d2b5115c32e6b9f224a6056e57,0,6,-72
12:01:47,P6147,8a0bf6cee7ffc1c407c1f9f2f60b5b817de262b38be0ef4faad7d10fb2790d36,3,6,-73
12:01:47,P60,24789c279f3fdf557f3229e232469a5ce48169d96886159047ac4d6a3294ec0d,3,6,-85
12:01:47,P6151,9763705afdbcdb53735e636cf232685328a2580abc77baef755558452079b713,3,11,-93
12:01:47,P6160,90cdfa13eae5dff7cd16a7c5490f58516cd073afee8a039dda23ef8e1d32a8d4,4,11,-97
12:01:49,P6147,8a0bf6cee7ffc1c407c1f9f2f60b5b817de262b38be0ef4faad7d10fb2790d36,3,6,-73
12:01:49,P60,24789c279f3fdf557f3229e232469a5ce48169d96886159047ac4d6a3294ec0d,3,6,-85
12:01:49,P6155,73bbcd07d429a0dfcfa878b90194adf03714ad72e0489a00e1ccf7b178da5b50,3,6,-85
12:01:49,P6148,b6097cad71942ddd6d1d17fc4d3b3c679715329b4e4aabb4a738f8785627f646,0,11,-88
12:01:49,P6147,12018e326dcbb3932303f0f790089864f0e6c0ffc235281e73838747c77b8264,3,11,-89
12:01:49,P69,ca0900b2840c4f2b81567280f76332e1ba422bdaa912724d052018206cda9020,5,5,-95
12:01:50,P6147,8a0bf6cee7ffc1c407c1f9f2f60b5b817de262b38be0ef4faad7d10fb2790d36,3,6,-74
12:01:50,P6148,4d9202e4a9261577dc42d982b5f54a3cb9d885d2b5115c32e6b9f224a6056e57,0,6,-75
12:01:50,P6147,d1a86bad941decfd493e3a73db90c7d2315c4f9331ab06772bd15ea59ad4543e,3,1,-77
12:01:50,P6151,9763705afdbcdb53735e636cf232685328a2580abc77baef755558452079b713,3,11,-94
12:01:50,P6150,82a2f72c8885fe0e70814ba9d471889ad6e064c14fd6f58f5fa39937b34e2937,3,11,-95
12:01:52,P6147,8a0bf6cee7ffc1c407c1f9f2f60b5b817de262b38be0ef4faad7d10fb2790d36,3,6,-72
12:01:52,P6148,4d9202e4a9261577dc42d982b5f54a3cb9d885d2b5115c32e6b9f224a6056e57,0,6,-72
12:01:52,P60,24789c279f3fdf557f3229e232469a5ce48169d96886159047ac4d6a3294ec0d,3,6,-86
12:01:54,P6147,8a0bf6cee7ffc1c407c1f9f2f60b5b817de262b38be0ef4faad7d10fb2790d36,3,6,-74
12:01:54,P6148,4d9202e4a9261577dc42d982b5f54a3cb9d885d2b5115c32e6b9f224a6056e57,0,6,-74
12:01:54,P60,24789c279f3fdf557f3229e232469a5ce48169d96886159047ac4d6a3294ec0d,3,6,-82
12:01:54,P6147,12018e326dcbb3932303f0f790089864f0e6c0ffc235281e73838747c77b8264,3,11,-90
12:01:54,P6148,b6097cad71942ddd6d1d17fc4d3b3c679715329b4e4aabb4a738f8785627f646,0,11,-90
12:01:56,P6148,4d9202e4a9261577dc42d982b5f54a3cb9d885d2b5115c32e6b9f224a6056e57,0,6,-73
12:01:56,P6147,8a0bf6cee7ffc1c407c1f9f2f60b5b817de262b38be0ef4faad7d10fb2790d36,3,6,-74
12:01:56,P60,24789c279f3fdf557f3229e232469a5ce48169d96886159047ac4d6a3294ec0d,3,6,-81
12:01:56,P6147,12018e326dcbb3932303f0f790089864f0e6c0ffc235281e73838747c77b8264,3,11,-90
12:01:56,P6151,9763705afdbcdb53735e636cf232685328a2580abc77baef755558452079b713,3,11,-92
12:01:58,P60,24789c279f3fdf557f3229e232469a5ce48169d96886159047ac4d6a3294ec0d,3,6,-81
12:01:58,P6148,b6097cad71942ddd6d1d17fc4d3b3c679715329b4e4aabb4a738f8785627f646,0,11,-88
12:01:58,P6147,09d9f862d6ec2420edb9847b56ae494a815441f5916063994b4c0ad76d3a549a,3,1,-89
12:02:00,P6148,4d9202e4a9261577dc42d982b5f54a3cb9d885d2b5115c32e6b9f224a6056e57,0,6,-77
12:02:00,P6147,d1a86bad941decfd493e3a73db90c7d2315c4f9331ab06772bd15ea59ad4543e,3,1,-84
12:02:00,P6152,0024e7e547798941f3ec629edcf19111950a3b1fdb0c50bb0891603a9dd5fc93,0,6,-84
12:02:00,P6155,73bbcd07d429a0dfcfa878b90194adf03714ad72e0489a00e1ccf7b178da5b50,3,6,-86
12:02:00,P60,24789c279f3fdf557f3229e232469a5ce48169d96886159047ac4d6a3294ec0d,3,6,-87
12:02:00,P6161,a20ea53f44ba64a9e33b708a2e894b68173e41d06d81a96fcb22bf2d4ea88a72,2,11,-91
12:02:02,P6147,8a0bf6cee7ffc1c407c1f9f2f60b5b817de262b38be0ef4faad7d10fb2790d36,3,6,-73
12:02:02,P6147,d1a86bad941decfd493e3a73db90c7d2315c4f9331ab06772bd15ea59ad4543e,3,1,-78
12:02:02,P60,24789c279f3fdf557f3229e232469a5ce48169d96886159047ac4d6a3294ec0d,3,6,-87
12:02:04,P6147,8a0bf6cee7ffc1c407c1f9f2f60b5b817de262b38be0ef4faad7d10fb2790d36,3,6,-74
12:02:04,P6148,4d9202e4a9261577dc42d982b5f54a3cb9d885d2b5115c32e6b9f224a6056e57,0,6,-74
12:02:04,P60,24789c279f3fdf557f3229e232469a5ce48169d96886159047ac4d6a3294ec0d,3,6,-80
12:02:04,P6155,73bbcd07d429a0dfcfa878b90194adf03714ad72e0489a00e1ccf7b178da5b50,3,6,-88
12:02:06,P6147,d1a86bad941decfd493e3a73db90c7d2315c4f9331ab06772bd15ea59ad4543e,3,1,-78
12:02:06,P6161,a20ea53f44ba64a9e33b708a2e894b68173e41d06d81a96fcb22bf2d4ea88a72,2,11,-93
12:02:08,P6147,8a0bf6cee7ffc1c407c1f9f2f60b5b817de262b38be0ef4faad7d10fb2790d36,3,6,-70
12:02:08,P6148,4d9202e4a9261577dc42d982b5f54a3cb9d885d2b5115c32e6b9f224a6056e57,0,6,-70
12:02:08,P6147,d1a86bad941decfd493e3a73db90c7d2315c4f9331ab06772bd15ea59ad4543e,3,1,-79
12:02:10,P6148,4d9202e4a9261577dc42d982b5f54a3cb9d885d2b5115c32e6b9f224a6056e57,0,6,-73
12:02:10,P60,24789c279f3fdf557f3229e232469a5ce48169d96886159047ac4d6a3294ec0d,3,6,-87
12:02:10,P6160,90cdfa13eae5dff7cd16a7c5490f58516cd073afee8a039dda23ef8e1d32a8d4,4,11,-98
12:02:11,P6147,8a0bf6cee7ffc1c407c1f9f2f60b5b817de262b38be0ef4faad7d10fb2790d36,3,6,-73
12:02:11,P6148,4d9202e4a9261577dc42d982b5f54a3cb9d885d2b5115c32e6b9f224a6056e57,0,6,-73
12:02:11,P60,24789c279f3fdf557f3229e232469a5ce48169d96886159047ac4d6a3294ec0d,3,6,-91
12:02:13,P6152,0024e7e547798941f3ec629edcf19111950a3b1fdb0c50bb0891603a9dd5fc93,0,6,-81
12:02:15,P6147,8a0bf6cee7ffc1c407c1f9f2f60b5b817de262b38be0ef4faad7d10fb2790d36,3,6,-74
12:02:15,P6148,4d9202e4a9261577dc42d982b5f54a3cb9d885d2b5115c32e6b9f224a6056e57,0,6,-74
12:02:17,P6147,8a0bf6cee7ffc1c407c1f9f2f60b5b817de262b38be0ef4faad7d10fb2790d36,3,6,-76
12:02:17,P6148,4d9202e4a9261577dc42d982b5f54a3cb9d885d2b5115c32e6b9f224a6056e57,0,6,-76
12:02:17,P6152,0024e7e547798941f3ec629edcf19111950a3b1fdb0c50bb0891603a9dd5fc93,0,6,-81
12:02:19,P6147,8a0bf6cee7ffc1c407c1f9f2f60b5b817de262b38be0ef4faad7d10fb2790d36,3,6,-73
12:02:19,P6148,4d9202e4a9261577dc42d982b5f54a3cb9d885d2b5115c32e6b9f224a6056e57,0,6,-73
12:02:19,P6147,d1a86bad941decfd493e3a73db90c7d2315c4f9331ab06772bd15ea59ad4543e,3,1,-83
12:02:19,P6148,94f9ff1469476c89234b03b781c4301744a6c7eb8fcdc85cffde44032cfa558c,0,1,-83
12:02:21,P6152,0024e7e547798941f3ec629edcf19111950a3b1fdb0c50bb0891603a9dd5fc93,0,6,-79
12:02:21,P6155,73bbcd07d429a0dfcfa878b90194adf03714ad72e0489a00e1ccf7b178da5b50,3,6,-85
12:02:21,P6148,8f7b502fd07299638f9a4b7640a014db4f59665b5fcca95b142a8e8ff8af7e81,0,1,-87
12:02:23,P6148,4d9202e4a9261577dc42d982b5f54a3cb9d885d2b5115c32e6b9f224a6056e57,0,6,-73
12:02:23,P6147,8a0bf6cee7ffc1c407c1f9f2f60b5b817de262b38be0ef4faad7d10fb2790d36,3,6,-74
12:02:23,P6152,0024e7e547798941f3ec629edcf19111950a3b1fdb0c50bb0891603a9dd5fc93,0,6,-80
12:02:23,P6155,73bbcd07d429a0dfcfa878b90194adf03714ad72e0489a00e1ccf7b178da5b50,3,6,-84
12:02:25,P6148,8f7b502fd07299638f9a4b7640a014db4f59665b5fcca95b142a8e8ff8af7e81,0,1,-86
12:02:26,P6148,4d9202e4a9261577dc42d982b5f54a3cb9d885d2b5115c32e6b9f224a6056e57,0,6,-73
12:02:26,P6147,8a0bf6cee7ffc1c407c1f9f2f60b5b817de262b38be0ef4faad7d10fb2790d36,3,6,-74
12:02:26,P6152,0024e7e547798941f3ec629edcf19111950a3b1fdb0c50bb0891603a9dd5fc93,0,6,-78
12:02:26,P6161,a20ea53f44ba64a9e33b708a2e894b68173e41d06d81a96fcb22bf2d4ea88a72,2,11,-89
12:02:28,P6148,4d9202e4a9261577dc42d982b5f54a3cb9d885d2b5115c32e6b9f224a6056e57,0,6,-74
12:02:28,P6147,8a0bf6cee7ffc1c407c1f9f2f60b5b817de262b38be0ef4faad7d10fb2790d36,3,6,-76
12:02:28,P6152,0024e7e547798941f3ec629edcf19111950a3b1fdb0c50bb0891603a9dd5fc93,0,6,-77
12:02:28,P6147,d1a86bad941decfd493e3a73db90c7d2315c4f9331ab06772bd15ea59ad4543e,3,1,-83
12:02:28,P6151,9763705afdbcdb53735e636cf232685328a2580abc77baef755558452079b713,3,11,-93
12:02:28,P6150,82a2f72c8885fe0e70814ba9d471889ad6e064c14fd6f58f5fa39937b34e2937,3,11,-95
12:02:30,P6147,8a0bf6cee7ffc1c407c1f9f2f60b5b817de262b38be0ef4faad7d10fb2790d36,3,6,-67
12:02:30,P6148,4d9202e4a9261577dc42d982b5f54a3cb9d885d2b5115c32e6b9f224a6056e57,0,6,-68
12:02:30,P6152,0024e7e547798941f3ec629edcf19111950a3b1fdb0c50bb0891603a9dd5fc93,0,6,-82
12:02:30,P6150,82a2f72c8885fe0e70814ba9d471889ad6e064c14fd6f58f5fa39937b34e2937,3,11,-95
12:02:32,P60,24789c279f3fdf557f3229e232469a5ce48169d96886159047ac4d6a3294ec0d,3,6,-94
12:02:34,P6147,8a0bf6cee7ffc1c407c1f9f2f60b5b817de262b38be0ef4faad7d10fb2790d36,3,6,-71
12:02:34,P6148,4d9202e4a9261577dc42d982b5f54a3cb9d885d2b5115c32e6b9f224a6056e57,0,6,-71
12:02:34,P6147,d1a86bad941decfd493e3a73db90c7d2315c4f9331ab06772bd15ea59ad4543e,3,1,-75
12:02:34,P6148,94f9ff1469476c89234b03b781c4301744a6c7eb8fcdc85cffde44032cfa558c,0,1,-75
12:02:34,P60,24789c279f3fdf557f3229e232469a5ce48169d96886159047ac4d6a3294ec0d,3,6,-94
12:02:36,P6148,4d9202e4a9261577dc42d982b5f54a3cb9d885d2b5115c32e6b9f224a6056e57,0,6,-69
12:02:36,P6147,8a0bf6cee7ffc1c407c1f9f2f60b5b817de262b38be0ef4faad7d10fb2790d36,3,6,-71
12:02:36,P6147,d1a86bad941decfd493e3a73db90c7d2315c4f9331ab06772bd15ea59ad4543e,3,1,-80
12:02:36,P6152,0024e7e547798941f3ec629edcf19111950a3b1fdb0c50bb0891603a9dd5fc93,0,6,-83
12:02:36,P6155,73bbcd07d429a0dfcfa878b90194adf03714ad72e0489a00e1ccf7b178da5b50,3,6,-85
12:02:38,P6147,8a0bf6cee7ffc1c407c1f9f2f60b5b817de262b38be0ef4faad7d10fb2790d36,3,6,-69
12:02:38,P6148,4d9202e4a9261577dc42d982b5f54a3cb9d885d2b5115c32e6b9f224a6056e57,0,6,-70
12:02:38,P6147,d1a86bad941decfd493e3a73db90c7d2315c4f9331ab06772bd15ea59ad4543e,3,1,-77
12:02:38,P6158,d907718e1bd2f2958dbb01abf8e71e69710f46f61617b3ca98b00288428be25a,3,6,-85
12:02:40,P6148,4d9202e4a9261577dc42d982b5f54a3cb9d885d2b5115c32e6b9f224a6056e57,0,6,-69
12:02:40,P6147,8a0bf6cee7ffc1c407c1f9f2f60b5b817de262b38be0ef4faad7d10fb2790d36,3,6,-71
12:02:40,P6152,0024e7e547798941f3ec629edcf19111950a3b1fdb0c50bb0891603a9dd5fc93,0,6,-83
12:02:40,P6158,d907718e1bd2f2958dbb01abf8e71e69710f46f61617b3ca98b00288428be25a,3,6,-91
12:02:44,P6147,d1a86bad941decfd493e3a73db90c7d2315c4f9331ab06772bd15ea59ad4543e,3,1,-79
12:02:44,P6158,d907718e1bd2f2958dbb01abf8e71e69710f46f61617b3ca98b00288428be25a,3,6,-85
12:02:45,P6147,09d9f862d6ec2420edb9847b56ae494a815441f5916063994b4c0ad76d3a549a,3,1,-83
12:02:45,P6148,94f9ff1469476c89234b03b781c4301744a6c7eb8fcdc85cffde44032cfa558c,0,1,-87
12:02:45,P6147,d1a86bad941decfd493e3a73db90c7d2315c4f9331ab06772bd15ea59ad4543e,3,1,-90
12:02:47,P6148,8f7b502fd07299638f9a4b7640a014db4f59665b5fcca95b142a8e8ff8af7e81,0,1,-84
12:02:47,P6147,09d9f862d6ec2420edb9847b56ae494a815441f5916063994b4c0ad76d3a549a,3,1,-85
12:02:47,P6150,82a2f72c8885fe0e70814ba9d471889ad6e064c14fd6f58f5fa39937b34e2937,3,11,-94
12:02:47,P6151,9763705afdbcdb53735e636cf232685328a2580abc77baef755558452079b713,3,11,-98
12:02:49,P6148,4d9202e4a9261577dc42d982b5f54a3cb9d885d2b5115c32e6b9f224a6056e57,0,6,-74
12:02:49,P6147,8a0bf6cee7ffc1c407c1f9f2f60b5b817de262b38be0ef4faad7d10fb2790d36,3,6,-74
12:02:49,P6147,d1a86bad941decfd493e3a73db90c7d2315c4f9331ab06772bd15ea59ad4543e,3,1,-79
12:02:49,P60,24789c279f3fdf557f3229e232469a5ce48169d96886159047ac4d6a3294ec0d,3,6,-80
12:02:49,P6152,0024e7e547798941f3ec629edcf19111950a3b1fdb0c50bb0891603a9dd5fc93,0,6,-82
12:02:49,P6155,73bbcd07d429a0dfcfa878b90194adf03714ad72e0489a00e1ccf7b178da5b50,3,6,-83
12:02:51,P6155,73bbcd07d429a0dfcfa878b90194adf03714ad72e0489a00e1ccf7b178da5b50,3,6,-82
12:02:51,P6148,8f7b502fd07299638f9a4b7640a014db4f59665b5fcca95b142a8e8ff8af7e81,0,1,-86
12:02:53,P6152,0024e7e547798941f3ec629edcf19111950a3b1fdb0c50bb0891603a9dd5fc93,0,6,-81
12:02:53,P6161,a20ea53f44ba64a9e33b708a2e894b68173e41d06d81a96fcb22bf2d4ea88a72,2,11,-96
12:02:57,P6148,4d9202e4a9261577dc42d982b5f54a3cb9d885d2b5115c32e6b9f224a6056e57,0,6,-75
12:02:57,P6147,8a0bf6cee7ffc1c407c1f9f2f60b5b817de262b38be0ef4faad7d10fb2790d36,3,6,-76
12:02:57,P6152,0024e7e547798941f3ec629edcf19111950a3b1fdb0c50bb0891603a9dd5fc93,0,6,-83
12:02:57,P6151,9763705afdbcdb53735e636cf232685328a2580abc77baef755558452079b713,3,11,-94
12:02:57,P6150,82a2f72c8885fe0e70814ba9d471889ad6e064c14fd6f58f5fa39937b34e2937,3,11,-96
12:02:59,P6147,8a0bf6cee7ffc1c407c1f9f2f60b5b817de262b38be0ef4faad7d10fb2790d36,3,6,-75
12:02:59,P6148,4d9202e4a9261577dc42d982b5f54a3cb9d885d2b5115c32e6b9f224a6056e57,0,6,-76
12:02:59,P6152,0024e7e547798941f3ec629edcf19111950a3b1fdb0c50bb0891603a9dd5fc93,0,6,-83
12:02:59,P6147,09d9f862d6ec2420edb9847b56ae494a815441f5916063994b4c0ad76d3a549a,3,1,-85
12:02:59,P60,24789c279f3fdf557f3229e232469a5ce48169d96886159047ac4d6a3294ec0d,3,6,-92
12:03:01,P6148,4d9202e4a9261577dc42d982b5f54a3cb9d885d2b5115c32e6b9f224a6056e57,0,6,-74
12:03:01,P6147,12018e326dcbb3932303f0f790089864f0e6c0ffc235281e73838747c77b8264,3,11,-83
12:03:01,P6148,b6097cad71942ddd6d1d17fc4d3b3c679715329b4e4aabb4a738f8785627f646,0,11,-85
12:03:03,P6151,9763705afdbcdb53735e636cf232685328a2580abc77baef755558452079b713,3,11,-97
12:03:03,P6150,82a2f72c8885fe0e70814ba9d471889ad6e064c14fd6f58f5fa39937b34e2937,3,11,-101
12:03:04,P6148,4d9202e4a9261577dc42d982b5f54a3cb9d885d2b5115c32e6b9f224a6056e57,0,6,-75
12:03:04,P6147,8a0bf6cee7ffc1c407c1f9f2f60b5b817de262b38be0ef4faad7d10fb2790d36,3,6,-76
12:03:04,P6147,12018e326dcbb3932303f0f790089864f0e6c0ffc235281e73838747c77b8264,3,11,-85
12:03:04,P6155,73bbcd07d429a0dfcfa878b90194adf03714ad72e0489a00e1ccf7b178da5b50,3,6,-89
12:03:06,P6147,12018e326dcbb3932303f0f790089864f0e6c0ffc235281e73838747c77b8264,3,11,-86
12:03:06,P6148,b6097cad71942ddd6d1d17fc4d3b3c679715329b4e4aabb4a738f8785627f646,0,11,-86
12:03:08,P6148,4d9202e4a9261577dc42d982b5f54a3cb9d885d2b5115c32e6b9f224a6056e57,0,6,-78
12:03:08,P6147,09d9f862d6ec2420edb9847b56ae494a815441f5916063994b4c0ad76d3a549a,3,1,-87
12:03:08,P6147,12018e326dcbb3932303f0f790089864f0e6c0ffc235281e73838747c77b8264,3,11,-87
12:03:08,P6148,b6097cad71942ddd6d1d17fc4d3b3c679715329b4e4aabb4a738f8785627f646,0,11,-87
12:03:08,P6158,d907718e1bd2f2958dbb01abf8e71e69710f46f61617b3ca98b00288428be25a,3,6,-92
12:03:10,P6148,94f9ff1469476c89234b03b781c4301744a6c7eb8fcdc85cffde44032cfa558c,0,1,-77
12:03:10,P6147,d1a86bad941decfd493e3a73db90c7d2315c4f9331ab06772bd15ea59ad4543e,3,1,-78
12:03:10,P6158,d907718e1bd2f2958dbb01abf8e71e69710f46f61617b3ca98b00288428be25a,3,6,-91
12:03:10,P6150,82a2f72c8885fe0e70814ba9d471889ad6e064c14fd6f58f5fa39937b34e2937,3,11,-93
12:03:10,P6147,12018e326dcbb3932303f0f790089864f0e6c0ffc235281e73838747c77b8264,3,11,-94
12:03:10,P6151,9763705afdbcdb53735e636cf232685328a2580abc77baef755558452079b713,3,11,-94
12:03:12,P6147,8a0bf6cee7ffc1c407c1f9f2f60b5b817de262b38be0ef4faad7d10fb2790d36,3,6,-68
12:03:12,P6148,4d9202e4a9261577dc42d982b5f54a3cb9d885d2b5115c32e6b9f224a6056e57,0,6,-68
12:03:14,P6148,4d9202e4a9261577dc42d982b5f54a3cb9d885d2b5115c32e6b9f224a6056e57,0,6,-68
12:03:14,P6147,8a0bf6cee7ffc1c407c1f9f2f60b5b817de262b38be0ef4faad7d10fb2790d36,3,6,-70
12:03:14,P6147,d1a86bad941decfd493e3a73db90c7d2315c4f9331ab06772bd15ea59ad4543e,3,1,-90
12:03:14,P6158,d907718e1bd2f2958dbb01abf8e71e69710f46f61617b3ca98b00288428be25a,3,6,-91
12:03:14,P6161,a20ea53f44ba64a9e33b708a2e894b68173e41d06d81a96fcb22bf2d4ea88a72,2,11,-92
12:03:16,P6147,8a0bf6cee7ffc1c407c1f9f2f60b5b817de262b38be0ef4faad7d10fb2790d36,3,6,-69
12:03:16,P6148,4d9202e4a9261577dc42d982b5f54a3cb9d885d2b5115c32e6b9f224a6056e57,0,6,-70
12:03:16,P6148,8f7b502fd07299638f9a4b7640a014db4f59665b5fcca95b142a8e8ff8af7e81,0,1,-80
12:03:16,P6147,09d9f862d6ec2420edb9847b56ae494a815441f5916063994b4c0ad76d3a549a,3,1,-82
12:03:16,P6155,73bbcd07d429a0dfcfa878b90194adf03714ad72e0489a00e1ccf7b178da5b50,3,6,-87
12:03:18,P6147,d1a86bad941decfd493e3a73db90c7d2315c4f9331ab06772bd15ea59ad4543e,3,1,-79
12:03:18,P6147,09d9f862d6ec2420edb9847b56ae494a815441f5916063994b4c0ad76d3a549a,3,1,-83
12:03:20,P6155,73bbcd07d429a0dfcfa878b90194adf03714ad72e0489a00e1ccf7b178da5b50,3,6,-83
12:03:20,P6152,0024e7e547798941f3ec629edcf19111950a3b1fdb0c50bb0891603a9dd5fc93,0,6,-85
12:03:22,P6148,94f9ff1469476c89234b03b781c4301744a6c7eb8fcdc85cffde44032cfa558c,0,1,-74
12:03:22,P6147,d1a86bad941decfd493e3a73db90c7d2315c4f9331ab06772bd15ea59ad4543e,3,1,-75
12:03:22,P6147,8a0bf6cee7ffc1c407c1f9f2f60b5b817de262b38be0ef4faad7d10fb2790d36,3,6,-75
12:03:22,P6148,4d9202e4a9261577dc42d982b5f54a3cb9d885d2b5115c32e6b9f224a6056e57,0,6,-75
12:03:23,P6147,8a0bf6cee7ffc1c407c1f9f2f60b5b817de262b38be0ef4faad7d10fb2790d36,3,6,-67
12:03:23,P6147,d1a86bad941decfd493e3a73db90c7d2315c4f9331ab06772bd15ea59ad4543e,3,1,-79
12:03:23,P6155,73bbcd07d429a0dfcfa878b90194adf03714ad72e0489a00e1ccf7b178da5b50,3,6,-87
12:03:25,P6147,8a0bf6cee7ffc1c407c1f9f2f60b5b817de262b38be0ef4faad7d10fb2790d36,3,6,-77
12:03:25,P6148,4d9202e4a9261577dc42d982b5f54a3cb9d885d2b5115c32e6b9f224a6056e57,0,6,-77
12:03:25,P6147,d1a86bad941decfd493e3a73db90c7d2315c4f9331ab06772bd15ea59ad4543e,3,1,-82
12:03:25,P6148,94f9ff1469476c89234b03b781c4301744a6c7eb8fcdc85cffde44032cfa558c,0,1,-83
12:03:25,P6158,d907718e1bd2f2958dbb01abf8e71e69710f46f61617b3ca98b00288428be25a,3,6,-84
12:03:27,P6147,8a0bf6cee7ffc1c407c1f9f2f60b5b817de262b38be0ef4faad7d10fb2790d36,3,6,-72
12:03:27,P6148,4d9202e4a9261577dc42d982b5f54a3cb9d885d2b5115c32e6b9f224a6056e57,0,6,-73
12:03:27,P6148,94f9ff1469476c89234b03b781c4301744a6c7eb8fcdc85cffde44032cfa558c,0,1,-77
12:03:27,P6147,d1a86bad941decfd493e3a73db90c7d2315c4f9331ab06772bd15ea59ad4543e,3,1,-80
12:03:27,P6158,d907718e1bd2f2958dbb01abf8e71e69710f46f61617b3ca98b00288428be25a,3,6,-91
12:03:31,P6147,d1a86bad941decfd493e3a73db90c7d2315c4f9331ab06772bd15ea59ad4543e,3,1,-77
12:03:31,P6148,94f9ff1469476c89234b03b781c4301744a6c7eb8fcdc85cffde44032cfa558c,0,1,-78
12:03:31,P6155,73bbcd07d429a0dfcfa878b90194adf03714ad72e0489a00e1ccf7b178da5b50,3,6,-87
12:03:33,P6148,4d9202e4a9261577dc42d982b5f54a3cb9d885d2b5115c32e6b9f224a6056e57,0,6,-76
12:03:33,P6147,d1a86bad941decfd493e3a73db90c7d2315c4f9331ab06772bd15ea59ad4543e,3,1,-77
12:03:33,P6148,94f9ff1469476c89234b03b781c4301744a6c7eb8fcdc85cffde44032cfa558c,0,1,-78
12:03:33,P6147,8a0bf6cee7ffc1c407c1f9f2f60b5b817de262b38be0ef4faad7d10fb2790d36,3,6,-78
12:03:33,P6158,d907718e1bd2f2958dbb01abf8e71e69710f46f61617b3ca98b00288428be25a,3,6,-91
12:03:35,P6147,8a0bf6cee7ffc1c407c1f9f2f60b5b817de262b38be0ef4faad7d10fb2790d36,3,6,-74
12:03:35,P6147,d1a86bad941decfd493e3a73db90c7d2315c4f9331ab06772bd15ea59ad4543e,3,1,-82
12:03:35,P6148,94f9ff1469476c89234b03b781c4301744a6c7eb8fcdc85cffde44032cfa558c,0,1,-82
12:03:35,P6158,d907718e1bd2f2958dbb01abf8e71e69710f46f61617b3ca98b00288428be25a,3,6,-88
12:03:37,P6148,94f9ff1469476c89234b03b781c4301744a6c7eb8fcdc85cffde44032cfa558c,0,1,-76
12:03:37,P6147,d1a86bad941decfd493e3a73db90c7d2315c4f9331ab06772bd15ea59ad4543e,3,1,-79
12:03:37,P67,b64233ae6aae1d541f538a9cdfaa0eceb940981bbecf2e88c2c9bf01c96e0a55,0,13,-95
12:03:37,P6150,82a2f72c8885fe0e70814ba9d471889ad6e064c14fd6f58f5fa39937b34e2937,3,11,-96
12:03:39,P6148,94f9ff1469476c89234b03b781c4301744a6c7eb8fcdc85cffde44032cfa558c,0,1,-77
12:03:39,P6147,d1a86bad941decfd493e3a73db90c7d2315c4f9331ab06772bd15ea59ad4543e,3,1,-77
12:03:39,P6158,d907718e1bd2f2958dbb01abf8e71e69710f46f61617b3ca98b00288428be25a,3,6,-87
12:03:41,P6155,73bbcd07d429a0dfcfa878b90194adf03714ad72e0489a00e1ccf7b178da5b50,3,6,-86
12:03:42,P67,b64233ae6aae1d541f538a9cdfaa0eceb940981bbecf2e88c2c9bf01c96e0a55,0,13,-94
12:03:46,P6148,94f9ff1469476c89234b03b781c4301744a6c7eb8fcdc85cffde44032cfa558c,0,1,-76
12:03:46,P6147,d1a86bad941decfd493e3a73db90c7d2315c4f9331ab06772bd15ea59ad4543e,3,1,-77
12:03:46,P6151,9763705afdbcdb53735e636cf232685328a2580abc77baef755558452079b713,3,11,-95
12:03:46,P6150,82a2f72c8885fe0e70814ba9d471889ad6e064c14fd6f58f5fa39937b34e2937,3,11,-96
12:03:50,P6148,4d9202e4a9261577dc42d982b5f54a3cb9d885d2b5115c32e6b9f224a6056e57,0,6,-75
12:03:50,P6152,0024e7e547798941f3ec629edcf19111950a3b1fdb0c50bb0891603a9dd5fc93,0,6,-90
12:03:54,P6147,8a0bf6cee7ffc1c407c1f9f2f60b5b817de262b38be0ef4faad7d10fb2790d36,3,6,-83
12:03:54,P6148,4d9202e4a9261577dc42d982b5f54a3cb9d885d2b5115c32e6b9f224a6056e57,0,6,-83
12:03:55,P6145,4c1936195505e72d63ce11418067347a9d2b2f5c28695d2cd5ffc861e3c9df7f,0,1,-82
12:03:55,P6144,e003d6addcfa7a724e70ff96edc78267014d31608e9c7c03d9d3b15a04c52e09,0,1,-83
12:03:55,P6145,449dd95ca72387511ac9ebb9bd079e42d827e075cb95d6e4c31bf7d6d25a3d63,0,1,-84
12:03:57,P6147,8a0bf6cee7ffc1c407c1f9f2f60b5b817de262b38be0ef4faad7d10fb2790d36,3,6,-76
12:03:57,P6148,4d9202e4a9261577dc42d982b5f54a3cb9d885d2b5115c32e6b9f224a6056e57,0,6,-76
12:03:57,P6161,a20ea53f44ba64a9e33b708a2e894b68173e41d06d81a96fcb22bf2d4ea88a72,2,11,-97
12:03:59,P6145,4c1936195505e72d63ce11418067347a9d2b2f5c28695d2cd5ffc861e3c9df7f,0,1,-76
12:03:59,P6144,e003d6addcfa7a724e70ff96edc78267014d31608e9c7c03d9d3b15a04c52e09,0,1,-76
12:03:59,P61,7994e1d55e270023b1edd16e8675b8d5e5119c564d78cc2df6d90de2db9014d8,0,4,-94
12:04:03,P6145,4c1936195505e72d63ce11418067347a9d2b2f5c28695d2cd5ffc861e3c9df7f,0,1,-77
12:04:03,P6145,449dd95ca72387511ac9ebb9bd079e42d827e075cb95d6e4c31bf7d6d25a3d63,0,1,-84
12:04:03,P6150,82a2f72c8885fe0e70814ba9d471889ad6e064c14fd6f58f5fa39937b34e2937,3,11,-95
12:04:03,P6151,9763705afdbcdb53735e636cf232685328a2580abc77baef755558452079b713,3,11,-95
12:04:05,P6145,449dd95ca72387511ac9ebb9bd079e42d827e075cb95d6e4c31bf7d6d25a3d63,0,1,-79
12:04:05,P6144,d2217f95189b41f8ed9f04fb3ea512e306a870445a223ebe945f77e9162ad5fb,0,1,-79
12:04:07,P6145,4c1936195505e72d63ce11418067347a9d2b2f5c28695d2cd5ffc861e3c9df7f,0,1,-80
12:04:07,P6144,e003d6addcfa7a724e70ff96edc78267014d31608e9c7c03d9d3b15a04c52e09,0,1,-81
12:04:07,P6145,449dd95ca72387511ac9ebb9bd079e42d827e075cb95d6e4c31bf7d6d25a3d63,0,1,-83
12:04:07,P6144,d2217f95189b41f8ed9f04fb3ea512e306a870445a223ebe945f77e9162ad5fb,0,1,-83
12:04:09,P6145,4c1936195505e72d63ce11418067347a9d2b2f5c28695d2cd5ffc861e3c9df7f,0,1,-79
12:04:09,P6145,449dd95ca72387511ac9ebb9bd079e42d827e075cb95d6e4c31bf7d6d25a3d63,0,1,-80
12:04:09,P6144,d2217f95189b41f8ed9f04fb3ea512e306a870445a223ebe945f77e9162ad5fb,0,1,-81
12:04:09,P6148,4d9202e4a9261577dc42d982b5f54a3cb9d885d2b5115c32e6b9f224a6056e57,0,6,-88
12:04:09,P6163,5d35bf69388bbb62d00739683cbb08839699b4aebbe590fae96aeb7de8c8dbaa,4,1,-91
12:04:11,P6158,d907718e1bd2f2958dbb01abf8e71e69710f46f61617b3ca98b00288428be25a,3,6,-88
12:04:11,P6147,3a647dc20ae6039ee703794d0b52ae86eb723d28a53d4666424605759b590078,3,11,-88
12:04:11,P6148,013818f5af6813203f332a436d77c769484fe53714ea2769141c4cc80e76df14,0,11,-88
12:04:12,P6144,e003d6addcfa7a724e70ff96edc78267014d31608e9c7c03d9d3b15a04c52e09,0,1,-81
12:04:12,P6151,9763705afdbcdb53735e636cf232685328a2580abc77baef755558452079b713,3,11,-97
12:04:16,P6145,4c1936195505e72d63ce11418067347a9d2b2f5c28695d2cd5ffc861e3c9df7f,0,1,-85
12:04:16,P6144,e003d6addcfa7a724e70ff96edc78267014d31608e9c7c03d9d3b15a04c52e09,0,1,-85
12:04:16,P6144,d2217f95189b41f8ed9f04fb3ea512e306a870445a223ebe945f77e9162ad5fb,0,1,-87
12:04:16,P6150,82a2f72c8885fe0e70814ba9d471889ad6e064c14fd6f58f5fa39937b34e2937,3,11,-92
12:04:16,P6151,9763705afdbcdb53735e636cf232685328a2580abc77baef755558452079b713,3,11,-95
12:04:18,P6144,e003d6addcfa7a724e70ff96edc78267014d31608e9c7c03d9d3b15a04c52e09,0,1,-84
12:04:18,P6145,4c1936195505e72d63ce11418067347a9d2b2f5c28695d2cd5ffc861e3c9df7f,0,1,-85
12:04:20,P6145,4c1936195505e72d63ce11418067347a9d2b2f5c28695d2cd5ffc861e3c9df7f,0,1,-83
12:04:20,P6144,e003d6addcfa7a724e70ff96edc78267014d31608e9c7c03d9d3b15a04c52e09,0,1,-83
12:04:20,P6151,9763705afdbcdb53735e636cf232685328a2580abc77baef755558452079b713,3,11,-93
12:04:22,P6145,449dd95ca72387511ac9ebb9bd079e42d827e075cb95d6e4c31bf7d6d25a3d63,0,1,-86
12:04:22,P6144,d2217f95189b41f8ed9f04fb3ea512e306a870445a223ebe945f77e9162ad5fb,0,1,-87
12:04:27,P6145,4c1936195505e72d63ce11418067347a9d2b2f5c28695d2cd5ffc861e3c9df7f,0,1,-82
12:04:27,P6144,e003d6addcfa7a724e70ff96edc78267014d31608e9c7c03d9d3b15a04c52e09,0,1,-82
12:04:31,P6145,4c1936195505e72d63ce11418067347a9d2b2f5c28695d2cd5ffc861e3c9df7f,0,1,-80
12:04:31,P6144,e003d6addcfa7a724e70ff96edc78267014d31608e9c7c03d9d3b15a04c52e09,0,1,-80
12:04:33,P6163,5d35bf69388bbb62d00739683cbb08839699b4aebbe590fae96aeb7de8c8dbaa,4,1,-93
12:04:37,P6145,4c1936195505e72d63ce11418067347a9d2b2f5c28695d2cd5ffc861e3c9df7f,0,1,-83
12:04:37,P6144,e003d6addcfa7a724e70ff96edc78267014d31608e9c7c03d9d3b15a04c52e09,0,1,-83
12:04:37,P6163,5d35bf69388bbb62d00739683cbb08839699b4aebbe590fae96aeb7de8c8dbaa,4,1,-90
12:04:38,P6151,9763705afdbcdb53735e636cf232685328a2580abc77baef755558452079b713,3,11,-93
12:04:38,P6150,82a2f72c8885fe0e70814ba9d471889ad6e064c14fd6f58f5fa39937b34e2937,3,11,-94
12:04:44,P6145,449dd95ca72387511ac9ebb9bd079e42d827e075cb95d6e4c31bf7d6d25a3d63,0,1,-84
12:04:44,P6145,4c1936195505e72d63ce11418067347a9d2b2f5c28695d2cd5ffc861e3c9df7f,0,1,-84
12:04:44,P6144,d2217f95189b41f8ed9f04fb3ea512e306a870445a223ebe945f77e9162ad5fb,0,1,-85
12:04:44,P6147,8a0bf6cee7ffc1c407c1f9f2f60b5b817de262b38be0ef4faad7d10fb2790d36,3,6,-86
12:04:46,P6158,d907718e1bd2f2958dbb01abf8e71e69710f46f61617b3ca98b00288428be25a,3,6,-91
12:04:46,P6163,5d35bf69388bbb62d00739683cbb08839699b4aebbe590fae96aeb7de8c8dbaa,4,1,-93
12:04:48,P6147,8a0bf6cee7ffc1c407c1f9f2f60b5b817de262b38be0ef4faad7d10fb2790d36,3,6,-88
12:04:51,P6163,5d35bf69388bbb62d00739683cbb08839699b4aebbe590fae96aeb7de8c8dbaa,4,1,-94
12:04:55,P6158,d907718e1bd2f2958dbb01abf8e71e69710f46f61617b3ca98b00288428be25a,3,6,-90
12:04:57,P6151,b7878d81349d200b257fcb307a4327afcdc49eb000aac9d5f428377e87834876,3,6,-92
12:04:57,P6163,5d35bf69388bbb62d00739683cbb08839699b4aebbe590fae96aeb7de8c8dbaa,4,1,-95
12:05:01,P6163,5d35bf69388bbb62d00739683cbb08839699b4aebbe590fae96aeb7de8c8dbaa,4,1,-91
12:05:04,P6145,4c1936195505e72d63ce11418067347a9d2b2f5c28695d2cd5ffc861e3c9df7f,0,1,-81
12:05:04,P6144,e003d6addcfa7a724e70ff96edc78267014d31608e9c7c03d9d3b15a04c52e09,0,1,-82
12:05:10,P6145,4c1936195505e72d63ce11418067347a9d2b2f5c28695d2cd5ffc861e3c9df7f,0,1,-83
12:05:10,P6144,e003d6addcfa7a724e70ff96edc78267014d31608e9c7c03d9d3b15a04c52e09,0,1,-83
12:05:10,P6145,449dd95ca72387511ac9ebb9bd079e42d827e075cb95d6e4c31bf7d6d25a3d63,0,1,-84
12:05:12,P6144,e003d6addcfa7a724e70ff96edc78267014d31608e9c7c03d9d3b15a04c52e09,0,1,-85
12:05:12,P6145,449dd95ca72387511ac9ebb9bd079e42d827e075cb95d6e4c31bf7d6d25a3d63,0,1,-86
12:05:12,P6150,82a2f72c8885fe0e70814ba9d471889ad6e064c14fd6f58f5fa39937b34e2937,3,11,-96
12:05:12,P6151,9763705afdbcdb53735e636cf232685328a2580abc77baef755558452079b713,3,11,-96
12:05:15,P6145,4c1936195505e72d63ce11418067347a9d2b2f5c28695d2cd5ffc861e3c9df7f,0,1,-83
12:05:15,P6144,e003d6addcfa7a724e70ff96edc78267014d31608e9c7c03d9d3b15a04c52e09,0,1,-83
12:05:17,P6151,b7878d81349d200b257fcb307a4327afcdc49eb000aac9d5f428377e87834876,3,6,-93
12:05:21,P6158,d907718e1bd2f2958dbb01abf8e71e69710f46f61617b3ca98b00288428be25a,3,6,-92
12:05:23,P6144,d2217f95189b41f8ed9f04fb3ea512e306a870445a223ebe945f77e9162ad5fb,0,1,-86
12:05:23,P6163,5d35bf69388bbb62d00739683cbb08839699b4aebbe590fae96aeb7de8c8dbaa,4,1,-93
12:05:26,P6145,449dd95ca72387511ac9ebb9bd079e42d827e075cb95d6e4c31bf7d6d25a3d63,0,1,-86
12:05:26,P6163,5d35bf69388bbb62d00739683cbb08839699b4aebbe590fae96aeb7de8c8dbaa,4,1,-91
12:05:30,P6163,5d35bf69388bbb62d00739683cbb08839699b4aebbe590fae96aeb7de8c8dbaa,4,1,-94
12:05:32,P6145,449dd95ca72387511ac9ebb9bd079e42d827e075cb95d6e4c31bf7d6d25a3d63,0,1,-85
12:05:32,P6144,d2217f95189b41f8ed9f04fb3ea512e306a870445a223ebe945f77e9162ad5fb,0,1,-86
12:05:34,P6145,4c1936195505e72d63ce11418067347a9d2b2f5c28695d2cd5ffc861e3c9df7f,0,1,-82
12:05:34,P6150,82a2f72c8885fe0e70814ba9d471889ad6e064c14fd6f58f5fa39937b34e2937,3,11,-95
12:05:34,P6151,9763705afdbcdb53735e636cf232685328a2580abc77baef755558452079b713,3,11,-96
12:05:36,P6145,4c1936195505e72d63ce11418067347a9d2b2f5c28695d2cd5ffc861e3c9df7f,0,1,-78
12:05:36,P6144,e003d6addcfa7a724e70ff96edc78267014d31608e9c7c03d9d3b15a04c52e09,0,1,-78
12:05:36,P6144,d2217f95189b41f8ed9f04fb3ea512e306a870445a223ebe945f77e9162ad5fb,0,1,-87
12:05:38,P6145,4c1936195505e72d63ce11418067347a9d2b2f5c28695d2cd5ffc861e3c9df7f,0,1,-83
12:05:38,P6147,8a0bf6cee7ffc1c407c1f9f2f60b5b817de262b38be0ef4faad7d10fb2790d36,3,6,-87
12:05:38,P6148,4d9202e4a9261577dc42d982b5f54a3cb9d885d2b5115c32e6b9f224a6056e57,0,6,-88
12:05:40,P6145,4c1936195505e72d63ce11418067347a9d2b2f5c28695d2cd5ffc861e3c9df7f,0,1,-82
12:05:40,P6144,e003d6addcfa7a724e70ff96edc78267014d31608e9c7c03d9d3b15a04c52e09,0,1,-83
12:05:41,P6147,8a0bf6cee7ffc1c407c1f9f2f60b5b817de262b38be0ef4faad7d10fb2790d36,3,6,-84
12:05:41,P6145,4c1936195505e72d63ce11418067347a9d2b2f5c28695d2cd5ffc861e3c9df7f,0,1,-85
12:05:41,P6144,e003d6addcfa7a724e70ff96edc78267014d31608e9c7c03d9d3b15a04c52e09,0,1,-85
12:05:41,P6148,4d9202e4a9261577dc42d982b5f54a3cb9d885d2b5115c32e6b9f224a6056e57,0,6,-86
12:05:45,P6150,82a2f72c8885fe0e70814ba9d471889ad6e064c14fd6f58f5fa39937b34e2937,3,11,-96
12:05:47,P6145,4c1936195505e72d63ce11418067347a9d2b2f5c28695d2cd5ffc861e3c9df7f,0,1,-79
12:05:47,P6144,e003d6addcfa7a724e70ff96edc78267014d31608e9c7c03d9d3b15a04c52e09,0,1,-80
12:05:47,P6150,82a2f72c8885fe0e70814ba9d471889ad6e064c14fd6f58f5fa39937b34e2937,3,11,-94
12:05:47,P6151,9763705afdbcdb53735e636cf232685328a2580abc77baef755558452079b713,3,11,-96
12:05:52,P6144,e003d6addcfa7a724e70ff96edc78267014d31608e9c7c03d9d3b15a04c52e09,0,1,-83
12:05:52,P6147,8a0bf6cee7ffc1c407c1f9f2f60b5b817de262b38be0ef4faad7d10fb2790d36,3,6,-86
12:05:52,P6148,4d9202e4a9261577dc42d982b5f54a3cb9d885d2b5115c32e6b9f224a6056e57,0,6,-87
