Time,adv_flag,def_tx_pwr,mac,rssi,name,scan_tx_pwr,conn_tx_pwr,tx_range,adv_tx_pwr
14:23:00,26.0,3,e1b5a6ed3c8f2b33d3024ab64bab4fb4bc08c25166fdbeee2155c13073f51888,-72,,3,64,12.0,3
14:23:01,,3,daea65da5da116f72fc87d97a41d4903fc50846fa27e8dda32d7d909ee42708a,-75,,3,64,,3
14:23:01,,3,2bd7f7956d084a84323f78bdee100f0604e79944e24a170a318b950636694eb1,-92,,3,64,,3
14:23:02,2.0,3,b9895e5b31b1f68d32f25078dd4f10e700dd29a39a672bff40fc15c09300b7c9,-91,BB40,3,64,,3
14:23:03,2.0,3,a6dea932949b5b75ce25736f4ff71b08e81b775a6f87bc7e98f41de1f6456c33,-88,,3,64,,3
14:23:04,26.0,3,e1b5a6ed3c8f2b33d3024ab64bab4fb4bc08c25166fdbeee2155c13073f51888,-68,,3,64,12.0,3
14:23:05,26.0,3,d5b0e05ae7ad732317b93c85b00eeb9dd8029239708f52447f4932c7fd587407,-87,,3,64,7.0,3
14:23:05,26.0,3,e1b5a6ed3c8f2b33d3024ab64bab4fb4bc08c25166fdbeee2155c13073f51888,-71,,3,64,12.0,3
14:23:06,26.0,3,e1b5a6ed3c8f2b33d3024ab64bab4fb4bc08c25166fdbeee2155c13073f51888,-74,,3,64,12.0,3
14:23:07,,3,daea65da5da116f72fc87d97a41d4903fc50846fa27e8dda32d7d909ee42708a,-67,,3,64,,3
14:23:08,26.0,3,7b0e244396b4f4e7809c280405471d0d4c784a6db03c2ebb1a24776a95f7d073,-91,,3,64,8.0,3
14:23:08,26.0,3,9ebce1d3aefb6f99180f42a978becc2afbe0fde9769b5df04b772b13a5f4ba51,-93,,3,64,24.0,3
14:23:09,2.0,3,b9895e5b31b1f68d32f25078dd4f10e700dd29a39a672bff40fc15c09300b7c9,-77,BB40,3,64,,3
14:23:10,2.0,3,a6dea932949b5b75ce25736f4ff71b08e81b775a6f87bc7e98f41de1f6456c33,-86,,3,64,,3
14:23:11,,3,1f0dfcdfabec84f43263b030a3b1299bfa69174c7460fc52fadde1f0e0c96ec3,-87,,3,64,,3
14:23:12,,3,fbbbbd1658dc393ee356c7557b804924a34bd9379e7375bd8e93852939ce93d1,-60,,3,64,,3
14:23:12,2.0,3,a6dea932949b5b75ce25736f4ff71b08e81b775a6f87bc7e98f41de1f6456c33,-90,,3,64,,3
14:23:13,26.0,3,9ebce1d3aefb6f99180f42a978becc2afbe0fde9769b5df04b772b13a5f4ba51,-83,,3,64,24.0,3
14:23:14,26.0,3,7b0e244396b4f4e7809c280405471d0d4c784a6db03c2ebb1a24776a95f7d073,-83,,3,64,8.0,3
14:23:15,26.0,3,3df88128d5ba885eb4767886993f263bd4502ef9ff6d1770de5f53b1d1f9fe5f,-83,,3,64,12.0,3
14:23:16,26.0,3,912454845b4a1fdf1d77e4379b62594ec791de340e4a4522cfaacf9d2899a186,-68,,3,64,7.0,3
14:23:16,2.0,3,b9895e5b31b1f68d32f25078dd4f10e700dd29a39a672bff40fc15c09300b7c9,-73,BB40,3,64,,3
14:23:17,2.0,3,1891ae7cab427b5b4947569d37104e18930217b00d433ff933408a1c4706c79e,-85,,3,64,,3
14:23:18,26.0,3,9ebce1d3aefb6f99180f42a978becc2afbe0fde9769b5df04b772b13a5f4ba51,-67,,3,64,24.0,3
14:23:19,26.0,3,d5b0e05ae7ad732317b93c85b00eeb9dd8029239708f52447f4932c7fd587407,-74,,3,64,7.0,3
14:23:19,26.0,3,d5b0e05ae7ad732317b93c85b00eeb9dd8029239708f52447f4932c7fd587407,-73,,3,64,,3
14:23:20,2.0,3,1891ae7cab427b5b4947569d37104e18930217b00d433ff933408a1c4706c79e,-90,,3,64,,3
14:23:21,26.0,3,912454845b4a1fdf1d77e4379b62594ec791de340e4a4522cfaacf9d2899a186,-74,,3,64,7.0,3
14:23:22,26.0,3,3df88128d5ba885eb4767886993f263bd4502ef9ff6d1770de5f53b1d1f9fe5f,-75,,3,64,12.0,3
14:23:23,26.0,3,912454845b4a1fdf1d77e4379b62594ec791de340e4a4522cfaacf9d2899a186,-78,,3,64,7.0,3
14:23:23,26.0,3,d5b0e05ae7ad732317b93c85b00eeb9dd8029239708f52447f4932c7fd587407,-78,,3,64,,3
14:23:24,26.0,3,d5b0e05ae7ad732317b93c85b00eeb9dd8029239708f52447f4932c7fd587407,-80,,3,64,,3
14:23:25,26.0,3,d5b0e05ae7ad732317b93c85b00eeb9dd8029239708f52447f4932c7fd587407,-81,,3,64,,3
14:23:26,26.0,3,d5b0e05ae7ad732317b93c85b00eeb9dd8029239708f52447f4932c7fd587407,-75,,3,64,,3
14:23:27,26.0,3,7b0e244396b4f4e7809c280405471d0d4c784a6db03c2ebb1a24776a95f7d073,-72,,3,64,,3
14:23:27,26.0,3,e1b5a6ed3c8f2b33d3024ab64bab4fb4bc08c25166fdbeee2155c13073f51888,-71,,3,64,12.0,3
14:23:28,26.0,3,7b0e244396b4f4e7809c280405471d0d4c784a6db03c2ebb1a24776a95f7d073,-69,,3,64,,3
14:23:29,26.0,3,e1b5a6ed3c8f2b33d3024ab64bab4fb4bc08c25166fdbeee2155c13073f51888,-68,,3,64,12.0,3
14:23:30,26.0,3,7b0e244396b4f4e7809c280405471d0d4c784a6db03c2ebb1a24776a95f7d073,-66,,3,64,,3
14:23:31,26.0,3,7b0e244396b4f4e7809c280405471d0d4c784a6db03c2ebb1a24776a95f7d073,-68,,3,64,,3
14:23:31,26.0,3,e1b5a6ed3c8f2b33d3024ab64bab4fb4bc08c25166fdbeee2155c13073f51888,-65,,3,64,12.0,3
14:23:32,26.0,3,d5b0e05ae7ad732317b93c85b00eeb9dd8029239708f52447f4932c7fd587407,-77,,3,64,7.0,3
14:23:33,26.0,3,912454845b4a1fdf1d77e4379b62594ec791de340e4a4522cfaacf9d2899a186,-81,,3,64,7.0,3
14:23:34,,3,b7a2f2c4dddb5f59e83021a5646970c99284834c669420d38af4f0e3635fc960,-82,,3,64,,3
14:23:34,2.0,3,b9895e5b31b1f68d32f25078dd4f10e700dd29a39a672bff40fc15c09300b7c9,-65,BB40,3,64,,3
14:23:35,26.0,3,7b0e244396b4f4e7809c280405471d0d4c784a6db03c2ebb1a24776a95f7d073,-75,,3,64,,3
14:23:36,26.0,3,912454845b4a1fdf1d77e4379b62594ec791de340e4a4522cfaacf9d2899a186,-89,,3,64,7.0,3
14:23:37,2.0,3,1891ae7cab427b5b4947569d37104e18930217b00d433ff933408a1c4706c79e,-94,,3,64,,3
14:23:38,2.0,3,1891ae7cab427b5b4947569d37104e18930217b00d433ff933408a1c4706c79e,-91,,3,64,,3
14:23:38,26.0,3,e1b5a6ed3c8f2b33d3024ab64bab4fb4bc08c25166fdbeee2155c13073f51888,-72,,3,64,12.0,3
14:23:39,26.0,3,9ebce1d3aefb6f99180f42a978becc2afbe0fde9769b5df04b772b13a5f4ba51,-83,,3,64,24.0,3
14:23:40,26.0,3,9ebce1d3aefb6f99180f42a978becc2afbe0fde9769b5df04b772b13a5f4ba51,-77,,3,64,24.0,3
14:23:41,26.0,3,7b0e244396b4f4e7809c280405471d0d4c784a6db03c2ebb1a24776a95f7d073,-73,,3,64,,3
14:23:42,26.0,3,7b0e244396b4f4e7809c280405471d0d4c784a6db03c2ebb1a24776a95f7d073,-71,,3,64,,3
14:23:42,26.0,3,7b0e244396b4f4e7809c280405471d0d4c784a6db03c2ebb1a24776a95f7d073,-73,,3,64,,3
14:23:43,26.0,3,d5b0e05ae7ad732317b93c85b00eeb9dd8029239708f52447f4932c7fd587407,-87,,3,64,7.0,3
14:23:44,26.0,3,7b0e244396b4f4e7809c280405471d0d4c784a6db03c2ebb1a24776a95f7d073,-74,,3,64,,3
14:23:45,2.0,3,1891ae7cab427b5b4947569d37104e18930217b00d433ff933408a1c4706c79e,-91,,3,64,,3
14:23:46,26.0,3,7b0e244396b4f4e7809c280405471d0d4c784a6db03c2ebb1a24776a95f7d073,-65,,3,64,8.0,3
14:23:46,26.0,3,912454845b4a1fdf1d77e4379b62594ec791de340e4a4522cfaacf9d2899a186,-84,,3,64,7.0,3
14:23:47,26.0,3,e1b5a6ed3c8f2b33d3024ab64bab4fb4bc08c25166fdbeee2155c13073f51888,-65,,3,64,12.0,3
14:23:48,,3,1f0dfcdfabec84f43263b030a3b1299bfa69174c7460fc52fadde1f0e0c96ec3,-74,,3,64,,3
14:23:49,26.0,3,7b0e244396b4f4e7809c280405471d0d4c784a6db03c2ebb1a24776a95f7d073,-74,,3,64,,3
14:23:49,26.0,3,7b0e244396b4f4e7809c280405471d0d4c784a6db03c2ebb1a24776a95f7d073,-80,,3,64,,3
14:23:50,26.0,3,d5b0e05ae7ad732317b93c85b00eeb9dd8029239708f52447f4932c7fd587407,-79,,3,64,7.0,3
14:23:51,26.0,3,912454845b4a1fdf1d77e4379b62594ec791de340e4a4522cfaacf9d2899a186,-83,,3,64,7.0,3
14:23:52,,3,fbbbbd1658dc393ee356c7557b804924a34bd9379e7375bd8e93852939ce93d1,-94,,3,64,,3
14:23:53,26.0,3,d5b0e05ae7ad732317b93c85b00eeb9dd8029239708f52447f4932c7fd587407,-85,,3,64,7.0,3
14:23:53,26.0,3,3df88128d5ba885eb4767886993f263bd4502ef9ff6d1770de5f53b1d1f9fe5f,-72,,3,64,12.0,3
14:23:54,26.0,3,9ebce1d3aefb6f99180f42a978becc2afbe0fde9769b5df04b772b13a5f4ba51,-74,,3,64,24.0,3
14:23:55,26.0,3,7b0e244396b4f4e7809c280405471d0d4c784a6db03c2ebb1a24776a95f7d073,-65,,3,64,,3
14:23:56,,3,fbbbbd1658dc393ee356c7557b804924a34bd9379e7375bd8e93852939ce93d1,-84,,3,64,,3
14:23:57,26.0,3,912454845b4a1fdf1d77e4379b62594ec791de340e4a4522cfaacf9d2899a186,-86,,3,64,7.0,3
14:23:57,26.0,3,912454845b4a1fdf1d77e4379b62594ec791de340e4a4522cfaacf9d2899a186,-82,,3,64,7.0,3
14:23:58,2.0,3,1891ae7cab427b5b4947569d37104e18930217b00d433ff933408a1c4706c79e,-93,,3,64,,3
14:23:59,26.0,3,3db51d0b2e64c651281dc6717353a97aab8d21fc0754d566cb6a241367e8c6b1,-78,,3,64,7.0,3
14:24:00,26.0,3,7b0e244396b4f4e7809c280405471d0d4c784a6db03c2ebb1a24776a95f7d073,-74,,3,64,8.0,3
14:24:01,26.0,3,e1b5a6ed3c8f2b33d3024ab64bab4fb4bc08c25166fdbeee2155c13073f51888,-53,,3,64,12.0,3
14:24:01,26.0,3,9ebce1d3aefb6f99180f42a978becc2afbe0fde9769b5df04b772b13a5f4ba51,-74,,3,64,24.0,3
14:24:02,,3,1f0dfcdfabec84f43263b030a3b1299bfa69174c7460fc52fadde1f0e0c96ec3,-76,,3,64,,3
14:24:03,26.0,3,3df88128d5ba885eb4767886993f263bd4502ef9ff6d1770de5f53b1d1f9fe5f,-84,,3,64,12.0,3
14:24:04,2.0,3,b9895e5b31b1f68d32f25078dd4f10e700dd29a39a672bff40fc15c09300b7c9,-72,BB40,3,64,,3
14:24:04,26.0,3,9ebce1d3aefb6f99180f42a978becc2afbe0fde9769b5df04b772b13a5f4ba51,-84,,3,64,24.0,3
14:24:05,2.0,3,1891ae7cab427b5b4947569d37104e18930217b00d433ff933408a1c4706c79e,-86,,3,64,,3
14:24:06,2.0,3,1891ae7cab427b5b4947569d37104e18930217b00d433ff933408a1c4706c79e,-88,,3,64,,3
14:24:07,26.0,3,7b0e244396b4f4e7809c280405471d0d4c784a6db03c2ebb1a24776a95f7d073,-67,,3,64,8.0,3
14:24:08,26.0,3,912454845b4a1fdf1d77e4379b62594ec791de340e4a4522cfaacf9d2899a186,-88,,3,64,7.0,3
14:24:08,26.0,3,9ebce1d3aefb6f99180f42a978becc2afbe0fde9769b5df04b772b13a5f4ba51,-85,,3,64,24.0,3
14:24:09,26.0,3,e1b5a6ed3c8f2b33d3024ab64bab4fb4bc08c25166fdbeee2155c13073f51888,-37,,3,64,12.0,3
14:24:10,26.0,3,d5b0e05ae7ad732317b93c85b00eeb9dd8029239708f52447f4932c7fd587407,-83,,3,64,7.0,3
14:24:11,26.0,3,7b0e244396b4f4e7809c280405471d0d4c784a6db03c2ebb1a24776a95f7d073,-75,,3,64,8.0,3
14:24:12,26.0,3,d5b0e05ae7ad732317b93c85b00eeb9dd8029239708f52447f4932c7fd587407,-84,,3,64,7.0,3
14:24:12,26.0,3,3df88128d5ba885eb4767886993f263bd4502ef9ff6d1770de5f53b1d1f9fe5f,-87,,3,64,12.0,3
14:24:13,2.0,3,1891ae7cab427b5b4947569d37104e18930217b00d433ff933408a1c4706c79e,-85,,3,64,,3
14:24:14,26.0,3,3db51d0b2e64c651281dc6717353a97aab8d21fc0754d566cb6a241367e8c6b1,-72,,3,64,7.0,3
14:24:15,2.0,3,b9895e5b31b1f68d32f25078dd4f10e700dd29a39a672bff40fc15c09300b7c9,-75,BB40,3,64,,3
14:24:16,26.0,3,d5b0e05ae7ad732317b93c85b00eeb9dd8029239708f52447f4932c7fd587407,-87,,3,64,7.0,3
14:24:16,2.0,3,1891ae7cab427b5b4947569d37104e18930217b00d433ff933408a1c4706c79e,-86,,3,64,,3
14:24:17,26.0,3,3db51d0b2e64c651281dc6717353a97aab8d21fc0754d566cb6a241367e8c6b1,-84,,3,64,7.0,3
14:24:18,26.0,3,3db51d0b2e64c651281dc6717353a97aab8d21fc0754d566cb6a241367e8c6b1,-73,,3,64,7.0,3
14:24:19,26.0,3,912454845b4a1fdf1d77e4379b62594ec791de340e4a4522cfaacf9d2899a186,-81,,3,64,7.0,3
14:24:19,26.0,3,3df88128d5ba885eb4767886993f263bd4502ef9ff6d1770de5f53b1d1f9fe5f,-72,,3,64,12.0,3
14:24:20,2.0,3,1891ae7cab427b5b4947569d37104e18930217b00d433ff933408a1c4706c79e,-89,,3,64,,3
14:24:21,2.0,3,1891ae7cab427b5b4947569d37104e18930217b00d433ff933408a1c4706c79e,-87,,3,64,,3
14:24:22,26.0,3,7b0e244396b4f4e7809c280405471d0d4c784a6db03c2ebb1a24776a95f7d073,-69,,3,64,8.0,3
14:24:23,26.0,3,d5b0e05ae7ad732317b93c85b00eeb9dd8029239708f52447f4932c7fd587407,-84,,3,64,7.0,3
14:24:23,26.0,3,7b0e244396b4f4e7809c280405471d0d4c784a6db03c2ebb1a24776a95f7d073,-71,,3,64,8.0,3
14:24:24,26.0,3,d5b0e05ae7ad732317b93c85b00eeb9dd8029239708f52447f4932c7fd587407,-78,,3,64,7.0,3
14:24:25,26.0,3,912454845b4a1fdf1d77e4379b62594ec791de340e4a4522cfaacf9d2899a186,-81,,3,64,7.0,3
14:24:26,26.0,3,3db51d0b2e64c651281dc6717353a97aab8d21fc0754d566cb6a241367e8c6b1,-77,,3,64,7.0,3
14:24:27,2.0,3,1891ae7cab427b5b4947569d37104e18930217b00d433ff933408a1c4706c79e,-85,,3,64,,3
14:24:27,26.0,3,912454845b4a1fdf1d77e4379b62594ec791de340e4a4522cfaacf9d2899a186,-72,,3,64,7.0,3
14:24:28,26.0,3,7b0e244396b4f4e7809c280405471d0d4c784a6db03c2ebb1a24776a95f7d073,-70,,3,64,8.0,3
14:24:29,26.0,3,3db51d0b2e64c651281dc6717353a97aab8d21fc0754d566cb6a241367e8c6b1,-83,,3,64,7.0,3
14:24:30,2.0,3,1891ae7cab427b5b4947569d37104e18930217b00d433ff933408a1c4706c79e,-85,,3,64,,3
14:24:31,26.0,3,3db51d0b2e64c651281dc6717353a97aab8d21fc0754d566cb6a241367e8c6b1,-86,,3,64,7.0,3
14:24:31,26.0,3,9ebce1d3aefb6f99180f42a978becc2afbe0fde9769b5df04b772b13a5f4ba51,-80,,3,64,24.0,3
14:24:32,26.0,3,e18e1cd5406d29950683a0aa69d3c971676b0ad1523bb7494b2c127cb5468344,-86,,3,64,8.0,3
14:24:33,26.0,3,3df88128d5ba885eb4767886993f263bd4502ef9ff6d1770de5f53b1d1f9fe5f,-84,,3,64,12.0,3
14:24:34,2.0,3,1891ae7cab427b5b4947569d37104e18930217b00d433ff933408a1c4706c79e,-90,,3,64,,3
14:24:34,26.0,3,7b0e244396b4f4e7809c280405471d0d4c784a6db03c2ebb1a24776a95f7d073,-80,,3,64,8.0,3
14:24:35,2.0,3,1891ae7cab427b5b4947569d37104e18930217b00d433ff933408a1c4706c79e,-84,,3,64,,3
14:24:36,26.0,3,7b0e244396b4f4e7809c280405471d0d4c784a6db03c2ebb1a24776a95f7d073,-77,,3,64,8.0,3
14:24:37,26.0,3,912454845b4a1fdf1d77e4379b62594ec791de340e4a4522cfaacf9d2899a186,-83,,3,64,7.0,3
14:24:38,26.0,3,3db51d0b2e64c651281dc6717353a97aab8d21fc0754d566cb6a241367e8c6b1,-71,,3,64,7.0,3
14:24:38,2.0,3,1891ae7cab427b5b4947569d37104e18930217b00d433ff933408a1c4706c79e,-87,,3,64,,3
14:24:39,26.0,3,d5b0e05ae7ad732317b93c85b00eeb9dd8029239708f52447f4932c7fd587407,-82,,3,64,7.0,3
14:24:40,26.0,3,d5b0e05ae7ad732317b93c85b00eeb9dd8029239708f52447f4932c7fd587407,-76,,3,64,7.0,3
14:24:41,26.0,3,7b0e244396b4f4e7809c280405471d0d4c784a6db03c2ebb1a24776a95f7d073,-75,,3,64,8.0,3
14:24:42,26.0,3,7b0e244396b4f4e7809c280405471d0d4c784a6db03c2ebb1a24776a95f7d073,-69,,3,64,8.0,3
14:24:42,2.0,3,1891ae7cab427b5b4947569d37104e18930217b00d433ff933408a1c4706c79e,-85,,3,64,,3
14:24:43,26.0,3,3df88128d5ba885eb4767886993f263bd4502ef9ff6d1770de5f53b1d1f9fe5f,-71,,3,64,12.0,3
14:24:44,2.0,3,b9895e5b31b1f68d32f25078dd4f10e700dd29a39a672bff40fc15c09300b7c9,-69,BB40,3,64,,3
14:24:45,26.0,3,d5b0e05ae7ad732317b93c85b00eeb9dd8029239708f52447f4932c7fd587407,-82,,3,64,7.0,3
14:24:46,26.0,3,3db51d0b2e64c651281dc6717353a97aab8d21fc0754d566cb6a241367e8c6b1,-86,,3,64,7.0,3
14:24:46,26.0,3,7b0e244396b4f4e7809c280405471d0d4c784a6db03c2ebb1a24776a95f7d073,-76,,3,64,8.0,3
14:24:47,26.0,3,3db51d0b2e64c651281dc6717353a97aab8d21fc0754d566cb6a241367e8c6b1,-77,,3,64,7.0,3
14:24:48,26.0,3,9ebce1d3aefb6f99180f42a978becc2afbe0fde9769b5df04b772b13a5f4ba51,-88,,3,64,24.0,3
14:24:49,26.0,3,912454845b4a1fdf1d77e4379b62594ec791de340e4a4522cfaacf9d2899a186,-77,,3,64,7.0,3
14:24:50,2.0,3,1891ae7cab427b5b4947569d37104e18930217b00d433ff933408a1c4706c79e,-91,,3,64,,3
14:24:50,26.0,3,3df88128d5ba885eb4767886993f263bd4502ef9ff6d1770de5f53b1d1f9fe5f,-76,,3,64,12.0,3
14:24:51,26.0,3,3df88128d5ba885eb4767886993f263bd4502ef9ff6d1770de5f53b1d1f9fe5f,-73,,3,64,12.0,3
14:24:52,26.0,3,9ebce1d3aefb6f99180f42a978becc2afbe0fde9769b5df04b772b13a5f4ba51,-78,,3,64,24.0,3
14:24:53,26.0,3,9ebce1d3aefb6f99180f42a978becc2afbe0fde9769b5df04b772b13a5f4ba51,-79,,3,64,24.0,3
14:24:53,26.0,3,3df88128d5ba885eb4767886993f263bd4502ef9ff6d1770de5f53b1d1f9fe5f,-80,,3,64,12.0,3
14:24:54,26.0,3,7b0e244396b4f4e7809c280405471d0d4c784a6db03c2ebb1a24776a95f7d073,-70,,3,64,8.0,3
14:24:55,26.0,3,912454845b4a1fdf1d77e4379b62594ec791de340e4a4522cfaacf9d2899a186,-76,,3,64,7.0,3
14:24:56,26.0,3,912454845b4a1fdf1d77e4379b62594ec791de340e4a4522cfaacf9d2899a186,-77,,3,64,7.0,3
14:24:57,,3,10ae75012a71ff25a46c6a0d12f29b42a1625652be95e59f423da1a4ca62076e,-82,,3,64,,3
14:24:57,2.0,3,1891ae7cab427b5b4947569d37104e18930217b00d433ff933408a1c4706c79e,-85,,3,64,,3
14:24:58,26.0,3,7b0e244396b4f4e7809c280405471d0d4c784a6db03c2ebb1a24776a95f7d073,-70,,3,64,8.0,3
14:24:59,26.0,3,7b0e244396b4f4e7809c280405471d0d4c784a6db03c2ebb1a24776a95f7d073,-68,,3,64,8.0,3
14:25:00,26.0,3,7b0e244396b4f4e7809c280405471d0d4c784a6db03c2ebb1a24776a95f7d073,-71,,3,64,8.0,3
14:25:01,26.0,3,912454845b4a1fdf1d77e4379b62594ec791de340e4a4522cfaacf9d2899a186,-77,,3,64,7.0,3
14:25:01,26.0,3,9ebce1d3aefb6f99180f42a978becc2afbe0fde9769b5df04b772b13a5f4ba51,-82,,3,64,24.0,3
14:25:02,26.0,3,d5b0e05ae7ad732317b93c85b00eeb9dd8029239708f52447f4932c7fd587407,-79,,3,64,7.0,3
14:25:03,26.0,3,3df88128d5ba885eb4767886993f263bd4502ef9ff6d1770de5f53b1d1f9fe5f,-70,,3,64,12.0,3
14:25:04,26.0,3,912454845b4a1fdf1d77e4379b62594ec791de340e4a4522cfaacf9d2899a186,-75,,3,64,7.0,3
14:25:05,26.0,3,9ebce1d3aefb6f99180f42a978becc2afbe0fde9769b5df04b772b13a5f4ba51,-83,,3,64,24.0,3
14:25:05,26.0,3,9ebce1d3aefb6f99180f42a978becc2afbe0fde9769b5df04b772b13a5f4ba51,-80,,3,64,24.0,3
14:25:06,26.0,3,3db51d0b2e64c651281dc6717353a97aab8d21fc0754d566cb6a241367e8c6b1,-75,,3,64,7.0,3
14:25:07,26.0,3,912454845b4a1fdf1d77e4379b62594ec791de340e4a4522cfaacf9d2899a186,-77,,3,64,7.0,3
14:25:08,26.0,3,9ebce1d3aefb6f99180f42a978becc2afbe0fde9769b5df04b772b13a5f4ba51,-76,,3,64,24.0,3
14:25:08,2.0,3,c302c9c64a7a711632e39639d1bd7979d065b49790bbc19a2419e7396a467a32,-85,,3,64,,3
14:25:09,26.0,3,912454845b4a1fdf1d77e4379b62594ec791de340e4a4522cfaacf9d2899a186,-76,,3,64,7.0,3
14:25:10,26.0,3,3df88128d5ba885eb4767886993f263bd4502ef9ff6d1770de5f53b1d1f9fe5f,-71,,3,64,12.0,3
14:25:11,26.0,3,7b0e244396b4f4e7809c280405471d0d4c784a6db03c2ebb1a24776a95f7d073,-69,,3,64,8.0,3
14:25:12,26.0,3,7b0e244396b4f4e7809c280405471d0d4c784a6db03c2ebb1a24776a95f7d073,-67,,3,64,8.0,3
14:25:12,26.0,3,3db51d0b2e64c651281dc6717353a97aab8d21fc0754d566cb6a241367e8c6b1,-75,,3,64,7.0,3
14:25:13,26.0,3,3db51d0b2e64c651281dc6717353a97aab8d21fc0754d566cb6a241367e8c6b1,-74,,3,64,7.0,3
14:25:14,,3,daea65da5da116f72fc87d97a41d4903fc50846fa27e8dda32d7d909ee42708a,-47,,3,64,,3
14:25:15,26.0,3,9ebce1d3aefb6f99180f42a978becc2afbe0fde9769b5df04b772b13a5f4ba51,-92,,3,64,24.0,3
14:25:16,26.0,3,9ebce1d3aefb6f99180f42a978becc2afbe0fde9769b5df04b772b13a5f4ba51,-88,,3,64,24.0,3
14:25:16,2.0,3,c302c9c64a7a711632e39639d1bd7979d065b49790bbc19a2419e7396a467a32,-89,,3,64,,3
14:25:17,,3,10ae75012a71ff25a46c6a0d12f29b42a1625652be95e59f423da1a4ca62076e,-74,,3,64,,3
14:25:18,,3,1f0dfcdfabec84f43263b030a3b1299bfa69174c7460fc52fadde1f0e0c96ec3,-73,,3,64,,3
14:25:19,26.0,3,9ebce1d3aefb6f99180f42a978becc2afbe0fde9769b5df04b772b13a5f4ba51,-81,,3,64,24.0,3
14:25:20,26.0,3,3db51d0b2e64c651281dc6717353a97aab8d21fc0754d566cb6a241367e8c6b1,-77,,3,64,7.0,3
14:25:20,2.0,3,c302c9c64a7a711632e39639d1bd7979d065b49790bbc19a2419e7396a467a32,-92,,3,64,,3
14:25:21,26.0,3,9ebce1d3aefb6f99180f42a978becc2afbe0fde9769b5df04b772b13a5f4ba51,-79,,3,64,24.0,3
14:25:22,26.0,3,9ebce1d3aefb6f99180f42a978becc2afbe0fde9769b5df04b772b13a5f4ba51,-79,,3,64,24.0,3
14:25:23,2.0,3,c302c9c64a7a711632e39639d1bd7979d065b49790bbc19a2419e7396a467a32,-88,,3,64,,3
14:25:23,2.0,3,c302c9c64a7a711632e39639d1bd7979d065b49790bbc19a2419e7396a467a32,-86,,3,64,,3
14:25:24,26.0,3,7b0e244396b4f4e7809c280405471d0d4c784a6db03c2ebb1a24776a95f7d073,-87,,3,64,8.0,3
14:25:25,26.0,3,3df88128d5ba885eb4767886993f263bd4502ef9ff6d1770de5f53b1d1f9fe5f,-78,,3,64,12.0,3
14:25:26,26.0,3,3db51d0b2e64c651281dc6717353a97aab8d21fc0754d566cb6a241367e8c6b1,-75,,3,64,7.0,3
14:25:27,26.0,3,3df88128d5ba885eb4767886993f263bd4502ef9ff6d1770de5f53b1d1f9fe5f,-78,,3,64,12.0,3
14:25:27,26.0,3,3df88128d5ba885eb4767886993f263bd4502ef9ff6d1770de5f53b1d1f9fe5f,-75,,3,64,12.0,3
14:25:28,,3,fbbbbd1658dc393ee356c7557b804924a34bd9379e7375bd8e93852939ce93d1,-87,,3,64,,3
14:25:29,2.0,3,c302c9c64a7a711632e39639d1bd7979d065b49790bbc19a2419e7396a467a32,-86,,3,64,,3
14:25:30,26.0,3,d5b0e05ae7ad732317b93c85b00eeb9dd8029239708f52447f4932c7fd587407,-80,,3,64,7.0,3
14:25:31,26.0,3,3db51d0b2e64c651281dc6717353a97aab8d21fc0754d566cb6a241367e8c6b1,-79,,3,64,7.0,3
14:25:31,26.0,3,d5b0e05ae7ad732317b93c85b00eeb9dd8029239708f52447f4932c7fd587407,-81,,3,64,7.0,3
14:25:32,2.0,3,c302c9c64a7a711632e39639d1bd7979d065b49790bbc19a2419e7396a467a32,-88,,3,64,,3
14:25:33,2.0,3,c302c9c64a7a711632e39639d1bd7979d065b49790bbc19a2419e7396a467a32,-90,,3,64,,3
14:25:34,26.0,3,3db51d0b2e64c651281dc6717353a97aab8d21fc0754d566cb6a241367e8c6b1,-79,,3,64,7.0,3
14:25:34,2.0,3,c302c9c64a7a711632e39639d1bd7979d065b49790bbc19a2419e7396a467a32,-92,,3,64,,3
14:25:35,26.0,3,912454845b4a1fdf1d77e4379b62594ec791de340e4a4522cfaacf9d2899a186,-87,,3,64,7.0,3
14:25:36,26.0,3,d5b0e05ae7ad732317b93c85b00eeb9dd8029239708f52447f4932c7fd587407,-84,,3,64,7.0,3
14:25:37,26.0,3,3db51d0b2e64c651281dc6717353a97aab8d21fc0754d566cb6a241367e8c6b1,-80,,3,64,7.0,3
14:25:38,26.0,3,3db51d0b2e64c651281dc6717353a97aab8d21fc0754d566cb6a241367e8c6b1,-70,,3,64,7.0,3
14:25:38,26.0,3,3db51d0b2e64c651281dc6717353a97aab8d21fc0754d566cb6a241367e8c6b1,-79,,3,64,7.0,3
14:25:39,,3,1f0dfcdfabec84f43263b030a3b1299bfa69174c7460fc52fadde1f0e0c96ec3,-83,,3,64,,3
14:25:40,26.0,3,3db51d0b2e64c651281dc6717353a97aab8d21fc0754d566cb6a241367e8c6b1,-77,,3,64,7.0,3
14:25:41,26.0,3,7b0e244396b4f4e7809c280405471d0d4c784a6db03c2ebb1a24776a95f7d073,-80,,3,64,8.0,3
14:25:42,26.0,3,3df88128d5ba885eb4767886993f263bd4502ef9ff6d1770de5f53b1d1f9fe5f,-72,,3,64,12.0,3
14:25:42,2.0,3,c302c9c64a7a711632e39639d1bd7979d065b49790bbc19a2419e7396a467a32,-87,,3,64,,3
14:25:43,2.0,3,b9895e5b31b1f68d32f25078dd4f10e700dd29a39a672bff40fc15c09300b7c9,-75,BB40,3,64,,3
14:25:44,26.0,3,9ebce1d3aefb6f99180f42a978becc2afbe0fde9769b5df04b772b13a5f4ba51,-77,,3,64,24.0,3
14:25:45,2.0,3,c302c9c64a7a711632e39639d1bd7979d065b49790bbc19a2419e7396a467a32,-84,,3,64,,3
14:25:46,2.0,3,c302c9c64a7a711632e39639d1bd7979d065b49790bbc19a2419e7396a467a32,-90,,3,64,,3
14:25:46,26.0,3,7b0e244396b4f4e7809c280405471d0d4c784a6db03c2ebb1a24776a95f7d073,-84,,3,64,8.0,3
14:25:47,26.0,3,912454845b4a1fdf1d77e4379b62594ec791de340e4a4522cfaacf9d2899a186,-82,,3,64,7.0,3
14:25:48,,3,b7a2f2c4dddb5f59e83021a5646970c99284834c669420d38af4f0e3635fc960,-78,,3,64,,3
14:25:49,26.0,3,912454845b4a1fdf1d77e4379b62594ec791de340e4a4522cfaacf9d2899a186,-83,,3,64,7.0,3
14:25:49,2.0,3,c302c9c64a7a711632e39639d1bd7979d065b49790bbc19a2419e7396a467a32,-85,,3,64,,3
14:25:50,26.0,3,3df88128d5ba885eb4767886993f263bd4502ef9ff6d1770de5f53b1d1f9fe5f,-71,,3,64,12.0,3
14:25:51,26.0,3,9ebce1d3aefb6f99180f42a978becc2afbe0fde9769b5df04b772b13a5f4ba51,-77,,3,64,24.0,3
14:25:52,26.0,3,7b0e244396b4f4e7809c280405471d0d4c784a6db03c2ebb1a24776a95f7d073,-83,,3,64,8.0,3
14:25:53,26.0,3,3db51d0b2e64c651281dc6717353a97aab8d21fc0754d566cb6a241367e8c6b1,-86,,3,64,7.0,3
14:25:53,26.0,3,912454845b4a1fdf1d77e4379b62594ec791de340e4a4522cfaacf9d2899a186,-81,,3,64,7.0,3
14:25:54,,3,fbbbbd1658dc393ee356c7557b804924a34bd9379e7375bd8e93852939ce93d1,-74,,3,64,,3
14:25:55,26.0,3,3db51d0b2e64c651281dc6717353a97aab8d21fc0754d566cb6a241367e8c6b1,-74,,3,64,7.0,3
14:25:56,26.0,3,3db51d0b2e64c651281dc6717353a97aab8d21fc0754d566cb6a241367e8c6b1,-78,,3,64,7.0,3
14:25:57,26.0,3,9ebce1d3aefb6f99180f42a978becc2afbe0fde9769b5df04b772b13a5f4ba51,-84,,3,64,24.0,3
14:25:57,26.0,3,7b0e244396b4f4e7809c280405471d0d4c784a6db03c2ebb1a24776a95f7d073,-83,,3,64,8.0,3
14:25:58,2.0,3,c302c9c64a7a711632e39639d1bd7979d065b49790bbc19a2419e7396a467a32,-86,,3,64,,3
14:25:59,26.0,3,912454845b4a1fdf1d77e4379b62594ec791de340e4a4522cfaacf9d2899a186,-83,,3,64,7.0,3
14:26:00,26.0,3,3df88128d5ba885eb4767886993f263bd4502ef9ff6d1770de5f53b1d1f9fe5f,-76,,3,64,12.0,3
14:26:01,26.0,3,9ebce1d3aefb6f99180f42a978becc2afbe0fde9769b5df04b772b13a5f4ba51,-86,,3,64,24.0,3
14:26:01,26.0,3,9ebce1d3aefb6f99180f42a978becc2afbe0fde9769b5df04b772b13a5f4ba51,-83,,3,64,24.0,3
14:26:02,,3,10ae75012a71ff25a46c6a0d12f29b42a1625652be95e59f423da1a4ca62076e,-75,,3,64,,3
14:26:03,26.0,3,d5b0e05ae7ad732317b93c85b00eeb9dd8029239708f52447f4932c7fd587407,-76,,3,64,7.0,3
14:26:04,26.0,3,7b0e244396b4f4e7809c280405471d0d4c784a6db03c2ebb1a24776a95f7d073,-82,,3,64,8.0,3
14:26:04,26.0,3,7b0e244396b4f4e7809c280405471d0d4c784a6db03c2ebb1a24776a95f7d073,-76,,3,64,8.0,3
14:26:05,26.0,3,3df88128d5ba885eb4767886993f263bd4502ef9ff6d1770de5f53b1d1f9fe5f,-67,,3,64,12.0,3
14:26:06,,3,daea65da5da116f72fc87d97a41d4903fc50846fa27e8dda32d7d909ee42708a,-41,,3,64,,3
14:26:07,26.0,3,9ebce1d3aefb6f99180f42a978becc2afbe0fde9769b5df04b772b13a5f4ba51,-79,,3,64,24.0,3
14:26:08,26.0,3,9ebce1d3aefb6f99180f42a978becc2afbe0fde9769b5df04b772b13a5f4ba51,-81,,3,64,24.0,3
14:26:08,26.0,3,9ebce1d3aefb6f99180f42a978becc2afbe0fde9769b5df04b772b13a5f4ba51,-78,,3,64,24.0,3
14:26:09,26.0,3,3df88128d5ba885eb4767886993f263bd4502ef9ff6d1770de5f53b1d1f9fe5f,-68,,3,64,12.0,3
14:26:10,26.0,3,7b0e244396b4f4e7809c280405471d0d4c784a6db03c2ebb1a24776a95f7d073,-86,,3,64,8.0,3
14:26:11,,3,b7a2f2c4dddb5f59e83021a5646970c99284834c669420d38af4f0e3635fc960,-70,,3,64,,3
14:26:12,26.0,3,9ebce1d3aefb6f99180f42a978becc2afbe0fde9769b5df04b772b13a5f4ba51,-79,,3,64,24.0,3
14:26:12,2.0,3,c302c9c64a7a711632e39639d1bd7979d065b49790bbc19a2419e7396a467a32,-89,,3,64,,3
14:26:13,26.0,3,7b0e244396b4f4e7809c280405471d0d4c784a6db03c2ebb1a24776a95f7d073,-83,,3,64,8.0,3
14:26:14,26.0,3,d5b0e05ae7ad732317b93c85b00eeb9dd8029239708f52447f4932c7fd587407,-70,,3,64,7.0,3
14:26:15,26.0,3,3db51d0b2e64c651281dc6717353a97aab8d21fc0754d566cb6a241367e8c6b1,-76,,3,64,7.0,3
14:26:16,26.0,3,3db51d0b2e64c651281dc6717353a97aab8d21fc0754d566cb6a241367e8c6b1,-77,,3,64,7.0,3
14:26:16,26.0,3,912454845b4a1fdf1d77e4379b62594ec791de340e4a4522cfaacf9d2899a186,-75,,3,64,7.0,3
14:26:17,26.0,3,9ebce1d3aefb6f99180f42a978becc2afbe0fde9769b5df04b772b13a5f4ba51,-79,,3,64,24.0,3
14:26:18,2.0,3,c302c9c64a7a711632e39639d1bd7979d065b49790bbc19a2419e7396a467a32,-86,,3,64,,3
14:26:19,,3,fbbbbd1658dc393ee356c7557b804924a34bd9379e7375bd8e93852939ce93d1,-73,,3,64,,3
14:26:19,2.0,3,c302c9c64a7a711632e39639d1bd7979d065b49790bbc19a2419e7396a467a32,-86,,3,64,,3
14:26:20,26.0,3,d5b0e05ae7ad732317b93c85b00eeb9dd8029239708f52447f4932c7fd587407,-74,,3,64,7.0,3
14:26:21,26.0,3,7b0e244396b4f4e7809c280405471d0d4c784a6db03c2ebb1a24776a95f7d073,-85,,3,64,8.0,3
14:26:22,26.0,3,9ebce1d3aefb6f99180f42a978becc2afbe0fde9769b5df04b772b13a5f4ba51,-93,,3,64,24.0,3
14:26:23,26.0,3,912454845b4a1fdf1d77e4379b62594ec791de340e4a4522cfaacf9d2899a186,-67,,3,64,7.0,3
14:26:23,2.0,3,b9895e5b31b1f68d32f25078dd4f10e700dd29a39a672bff40fc15c09300b7c9,-67,BB40,3,64,,3
14:26:24,2.0,3,c302c9c64a7a711632e39639d1bd7979d065b49790bbc19a2419e7396a467a32,-88,,3,64,,3
14:26:25,26.0,3,912454845b4a1fdf1d77e4379b62594ec791de340e4a4522cfaacf9d2899a186,-79,,3,64,7.0,3
14:26:26,2.0,3,c302c9c64a7a711632e39639d1bd7979d065b49790bbc19a2419e7396a467a32,-87,,3,64,,3
14:26:27,26.0,3,3db51d0b2e64c651281dc6717353a97aab8d21fc0754d566cb6a241367e8c6b1,-72,,3,64,7.0,3
14:26:27,2.0,3,c302c9c64a7a711632e39639d1bd7979d065b49790bbc19a2419e7396a467a32,-88,,3,64,,3
14:26:28,26.0,3,9ebce1d3aefb6f99180f42a978becc2afbe0fde9769b5df04b772b13a5f4ba51,-94,,3,64,24.0,3
14:26:29,2.0,3,8a659895ff255f12e219cfd4ca1f751145a2573b67a0b4410ba1aea8e1cfa204,-88,,3,64,,3
14:26:30,26.0,3,7b0e244396b4f4e7809c280405471d0d4c784a6db03c2ebb1a24776a95f7d073,-80,,3,64,8.0,3
14:26:31,26.0,3,3df88128d5ba885eb4767886993f263bd4502ef9ff6d1770de5f53b1d1f9fe5f,-80,,3,64,12.0,3
14:26:31,,3,1f0dfcdfabec84f43263b030a3b1299bfa69174c7460fc52fadde1f0e0c96ec3,-94,,3,64,,3
14:26:32,26.0,3,9ebce1d3aefb6f99180f42a978becc2afbe0fde9769b5df04b772b13a5f4ba51,-88,,3,64,24.0,3
14:26:33,26.0,3,7b0e244396b4f4e7809c280405471d0d4c784a6db03c2ebb1a24776a95f7d073,-79,,3,64,8.0,3
14:26:34,26.0,3,912454845b4a1fdf1d77e4379b62594ec791de340e4a4522cfaacf9d2899a186,-83,,3,64,7.0,3
14:26:34,2.0,3,b9895e5b31b1f68d32f25078dd4f10e700dd29a39a672bff40fc15c09300b7c9,-73,BB40,3,64,,3
14:26:35,26.0,3,9ebce1d3aefb6f99180f42a978becc2afbe0fde9769b5df04b772b13a5f4ba51,-93,,3,64,24.0,3
14:26:36,2.0,3,8a659895ff255f12e219cfd4ca1f751145a2573b67a0b4410ba1aea8e1cfa204,-86,,3,64,,3
14:26:37,26.0,3,9ebce1d3aefb6f99180f42a978becc2afbe0fde9769b5df04b772b13a5f4ba51,-87,,3,64,24.0,3
14:26:38,2.0,3,8a659895ff255f12e219cfd4ca1f751145a2573b67a0b4410ba1aea8e1cfa204,-86,,3,64,,3
14:26:38,2.0,3,8a659895ff255f12e219cfd4ca1f751145a2573b67a0b4410ba1aea8e1cfa204,-91,,3,64,,3
14:26:39,26.0,3,3df88128d5ba885eb4767886993f263bd4502ef9ff6d1770de5f53b1d1f9fe5f,-71,,3,64,12.0,3
14:26:40,2.0,3,8a659895ff255f12e219cfd4ca1f751145a2573b67a0b4410ba1aea8e1cfa204,-90,,3,64,,3
14:26:41,26.0,3,9ebce1d3aefb6f99180f42a978becc2afbe0fde9769b5df04b772b13a5f4ba51,-88,,3,64,24.0,3
14:26:42,26.0,3,d5b0e05ae7ad732317b93c85b00eeb9dd8029239708f52447f4932c7fd587407,-80,,3,64,7.0,3
14:26:42,26.0,3,9ebce1d3aefb6f99180f42a978becc2afbe0fde9769b5df04b772b13a5f4ba51,-86,,3,64,24.0,3
14:26:43,26.0,3,d5b0e05ae7ad732317b93c85b00eeb9dd8029239708f52447f4932c7fd587407,-84,,3,64,7.0,3
14:26:44,26.0,3,9ebce1d3aefb6f99180f42a978becc2afbe0fde9769b5df04b772b13a5f4ba51,-83,,3,64,24.0,3
14:26:45,26.0,3,7b0e244396b4f4e7809c280405471d0d4c784a6db03c2ebb1a24776a95f7d073,-78,,3,64,8.0,3
14:26:46,26.0,3,9ebce1d3aefb6f99180f42a978becc2afbe0fde9769b5df04b772b13a5f4ba51,-84,,3,64,24.0,3
14:26:46,26.0,3,7b0e244396b4f4e7809c280405471d0d4c784a6db03c2ebb1a24776a95f7d073,-79,,3,64,8.0,3
14:26:47,26.0,3,d5b0e05ae7ad732317b93c85b00eeb9dd8029239708f52447f4932c7fd587407,-75,,3,64,7.0,3
14:26:48,26.0,3,9ebce1d3aefb6f99180f42a978becc2afbe0fde9769b5df04b772b13a5f4ba51,-85,,3,64,24.0,3
14:26:49,26.0,3,7b0e244396b4f4e7809c280405471d0d4c784a6db03c2ebb1a24776a95f7d073,-88,,3,64,8.0,3
14:26:49,26.0,3,7b0e244396b4f4e7809c280405471d0d4c784a6db03c2ebb1a24776a95f7d073,-78,,3,64,8.0,3
14:26:50,26.0,3,9ebce1d3aefb6f99180f42a978becc2afbe0fde9769b5df04b772b13a5f4ba51,-87,,3,64,24.0,3
14:26:51,26.0,3,9ebce1d3aefb6f99180f42a978becc2afbe0fde9769b5df04b772b13a5f4ba51,-85,,3,64,24.0,3
14:26:52,26.0,3,9ebce1d3aefb6f99180f42a978becc2afbe0fde9769b5df04b772b13a5f4ba51,-87,,3,64,24.0,3
14:26:53,2.0,3,8a659895ff255f12e219cfd4ca1f751145a2573b67a0b4410ba1aea8e1cfa204,-87,,3,64,,3
14:26:53,,3,1f0dfcdfabec84f43263b030a3b1299bfa69174c7460fc52fadde1f0e0c96ec3,-94,,3,64,,3
14:26:54,2.0,3,8a659895ff255f12e219cfd4ca1f751145a2573b67a0b4410ba1aea8e1cfa204,-87,,3,64,,3
14:26:55,26.0,3,3df88128d5ba885eb4767886993f263bd4502ef9ff6d1770de5f53b1d1f9fe5f,-72,,3,64,12.0,3
14:26:56,26.0,3,9ebce1d3aefb6f99180f42a978becc2afbe0fde9769b5df04b772b13a5f4ba51,-90,,3,64,24.0,3
14:26:57,26.0,3,7b0e244396b4f4e7809c280405471d0d4c784a6db03c2ebb1a24776a95f7d073,-77,,3,64,8.0,3
14:26:57,26.0,3,912454845b4a1fdf1d77e4379b62594ec791de340e4a4522cfaacf9d2899a186,-90,,3,64,7.0,3
14:26:58,,3,daea65da5da116f72fc87d97a41d4903fc50846fa27e8dda32d7d909ee42708a,-53,,3,64,,3
14:26:59,26.0,3,d5b0e05ae7ad732317b93c85b00eeb9dd8029239708f52447f4932c7fd587407,-70,,3,64,7.0,3
14:27:00,2.0,3,8a659895ff255f12e219cfd4ca1f751145a2573b67a0b4410ba1aea8e1cfa204,-86,,3,64,,3
14:27:00,2.0,3,8a659895ff255f12e219cfd4ca1f751145a2573b67a0b4410ba1aea8e1cfa204,-95,,3,64,,3
14:27:01,26.0,3,9ebce1d3aefb6f99180f42a978becc2afbe0fde9769b5df04b772b13a5f4ba51,-82,,3,64,24.0,3
14:27:02,2.0,3,8a659895ff255f12e219cfd4ca1f751145a2573b67a0b4410ba1aea8e1cfa204,-89,,3,64,,3
14:27:03,26.0,3,3df88128d5ba885eb4767886993f263bd4502ef9ff6d1770de5f53b1d1f9fe5f,-65,,3,64,12.0,3
14:27:04,26.0,3,3df88128d5ba885eb4767886993f263bd4502ef9ff6d1770de5f53b1d1f9fe5f,-73,,3,64,12.0,3
14:27:04,26.0,3,d5b0e05ae7ad732317b93c85b00eeb9dd8029239708f52447f4932c7fd587407,-78,,3,64,7.0,3
14:27:05,26.0,3,d5b0e05ae7ad732317b93c85b00eeb9dd8029239708f52447f4932c7fd587407,-82,,3,64,7.0,3
14:27:06,26.0,3,9ebce1d3aefb6f99180f42a978becc2afbe0fde9769b5df04b772b13a5f4ba51,-71,,3,64,24.0,3
14:27:07,26.0,3,9ebce1d3aefb6f99180f42a978becc2afbe0fde9769b5df04b772b13a5f4ba51,-77,,3,64,24.0,3
14:27:08,2.0,3,b9895e5b31b1f68d32f25078dd4f10e700dd29a39a672bff40fc15c09300b7c9,-72,BB40,3,64,,3
14:27:08,2.0,3,8a659895ff255f12e219cfd4ca1f751145a2573b67a0b4410ba1aea8e1cfa204,-85,,3,64,,3
14:27:09,26.0,3,3df88128d5ba885eb4767886993f263bd4502ef9ff6d1770de5f53b1d1f9fe5f,-75,,3,64,12.0,3
14:27:10,26.0,3,9ebce1d3aefb6f99180f42a978becc2afbe0fde9769b5df04b772b13a5f4ba51,-76,,3,64,24.0,3
14:27:11,26.0,3,d5b0e05ae7ad732317b93c85b00eeb9dd8029239708f52447f4932c7fd587407,-76,,3,64,7.0,3
14:27:12,26.0,3,9ebce1d3aefb6f99180f42a978becc2afbe0fde9769b5df04b772b13a5f4ba51,-81,,3,64,24.0,3
14:27:12,26.0,3,3df88128d5ba885eb4767886993f263bd4502ef9ff6d1770de5f53b1d1f9fe5f,-76,,3,64,12.0,3
14:27:13,2.0,3,8a659895ff255f12e219cfd4ca1f751145a2573b67a0b4410ba1aea8e1cfa204,-87,,3,64,,3
14:27:14,26.0,3,7b0e244396b4f4e7809c280405471d0d4c784a6db03c2ebb1a24776a95f7d073,-87,,3,64,8.0,3
14:27:15,26.0,3,7b0e244396b4f4e7809c280405471d0d4c784a6db03c2ebb1a24776a95f7d073,-77,,3,64,8.0,3
14:27:15,2.0,3,b9895e5b31b1f68d32f25078dd4f10e700dd29a39a672bff40fc15c09300b7c9,-72,BB40,3,64,,3
14:27:16,26.0,3,7b0e244396b4f4e7809c280405471d0d4c784a6db03c2ebb1a24776a95f7d073,-81,,3,64,8.0,3
14:27:17,26.0,3,d5b0e05ae7ad732317b93c85b00eeb9dd8029239708f52447f4932c7fd587407,-75,,3,64,7.0,3
14:27:18,2.0,3,8a659895ff255f12e219cfd4ca1f751145a2573b67a0b4410ba1aea8e1cfa204,-88,,3,64,,3
14:27:19,2.0,3,b9895e5b31b1f68d32f25078dd4f10e700dd29a39a672bff40fc15c09300b7c9,-69,BB40,3,64,,3
14:27:19,,3,1f0dfcdfabec84f43263b030a3b1299bfa69174c7460fc52fadde1f0e0c96ec3,-75,,3,64,,3
14:27:20,26.0,3,3df88128d5ba885eb4767886993f263bd4502ef9ff6d1770de5f53b1d1f9fe5f,-64,,3,64,12.0,3
14:27:21,2.0,3,8a659895ff255f12e219cfd4ca1f751145a2573b67a0b4410ba1aea8e1cfa204,-88,,3,64,,3
14:27:22,26.0,3,7b0e244396b4f4e7809c280405471d0d4c784a6db03c2ebb1a24776a95f7d073,-73,,3,64,8.0,3
14:27:23,2.0,3,8a659895ff255f12e219cfd4ca1f751145a2573b67a0b4410ba1aea8e1cfa204,-89,,3,64,,3
14:27:23,26.0,3,9ebce1d3aefb6f99180f42a978becc2afbe0fde9769b5df04b772b13a5f4ba51,-88,,3,64,24.0,3
14:27:24,26.0,3,9ebce1d3aefb6f99180f42a978becc2afbe0fde9769b5df04b772b13a5f4ba51,-89,,3,64,24.0,3
14:27:25,2.0,3,8a659895ff255f12e219cfd4ca1f751145a2573b67a0b4410ba1aea8e1cfa204,-88,,3,64,,3
14:27:26,26.0,3,d5b0e05ae7ad732317b93c85b00eeb9dd8029239708f52447f4932c7fd587407,-76,,3,64,7.0,3
14:27:27,,3,b7a2f2c4dddb5f59e83021a5646970c99284834c669420d38af4f0e3635fc960,-77,,3,64,,3
14:27:27,26.0,3,3df88128d5ba885eb4767886993f263bd4502ef9ff6d1770de5f53b1d1f9fe5f,-64,,3,64,12.0,3
14:27:28,26.0,3,3df88128d5ba885eb4767886993f263bd4502ef9ff6d1770de5f53b1d1f9fe5f,-69,,3,64,12.0,3
14:27:29,26.0,3,d5b0e05ae7ad732317b93c85b00eeb9dd8029239708f52447f4932c7fd587407,-91,,3,64,7.0,3
14:27:30,2.0,3,8a659895ff255f12e219cfd4ca1f751145a2573b67a0b4410ba1aea8e1cfa204,-87,,3,64,,3
14:27:30,26.0,3,7b0e244396b4f4e7809c280405471d0d4c784a6db03c2ebb1a24776a95f7d073,-71,,3,64,8.0,3
14:27:31,2.0,3,8a659895ff255f12e219cfd4ca1f751145a2573b67a0b4410ba1aea8e1cfa204,-85,,3,64,,3
14:27:32,,3,b7a2f2c4dddb5f59e83021a5646970c99284834c669420d38af4f0e3635fc960,-74,,3,64,,3
14:27:33,2.0,3,8a659895ff255f12e219cfd4ca1f751145a2573b67a0b4410ba1aea8e1cfa204,-86,,3,64,,3
14:27:34,26.0,3,9ebce1d3aefb6f99180f42a978becc2afbe0fde9769b5df04b772b13a5f4ba51,-90,,3,64,24.0,3
14:27:34,26.0,3,9ebce1d3aefb6f99180f42a978becc2afbe0fde9769b5df04b772b13a5f4ba51,-81,,3,64,24.0,3
14:27:35,26.0,3,d5b0e05ae7ad732317b93c85b00eeb9dd8029239708f52447f4932c7fd587407,-75,,3,64,7.0,3
14:27:36,2.0,3,8a659895ff255f12e219cfd4ca1f751145a2573b67a0b4410ba1aea8e1cfa204,-87,,3,64,,3
14:27:37,2.0,3,8a659895ff255f12e219cfd4ca1f751145a2573b67a0b4410ba1aea8e1cfa204,-88,,3,64,,3
14:27:38,2.0,3,b9895e5b31b1f68d32f25078dd4f10e700dd29a39a672bff40fc15c09300b7c9,-70,BB40,3,64,,3
14:27:38,2.0,3,8a659895ff255f12e219cfd4ca1f751145a2573b67a0b4410ba1aea8e1cfa204,-87,,3,64,,3
14:27:39,26.0,3,3df88128d5ba885eb4767886993f263bd4502ef9ff6d1770de5f53b1d1f9fe5f,-69,,3,64,12.0,3
14:27:40,2.0,3,8a659895ff255f12e219cfd4ca1f751145a2573b67a0b4410ba1aea8e1cfa204,-92,,3,64,,3
14:27:41,26.0,3,3df88128d5ba885eb4767886993f263bd4502ef9ff6d1770de5f53b1d1f9fe5f,-78,,3,64,12.0,3
14:27:42,26.0,3,9ebce1d3aefb6f99180f42a978becc2afbe0fde9769b5df04b772b13a5f4ba51,-81,,3,64,24.0,3
14:27:42,26.0,3,7b0e244396b4f4e7809c280405471d0d4c784a6db03c2ebb1a24776a95f7d073,-90,,3,64,8.0,3
14:27:43,26.0,3,9ebce1d3aefb6f99180f42a978becc2afbe0fde9769b5df04b772b13a5f4ba51,-88,,3,64,24.0,3
14:27:44,,3,daea65da5da116f72fc87d97a41d4903fc50846fa27e8dda32d7d909ee42708a,-49,,3,64,,3
14:27:45,26.0,3,3df88128d5ba885eb4767886993f263bd4502ef9ff6d1770de5f53b1d1f9fe5f,-68,,3,64,12.0,3
14:27:45,2.0,3,9b90e77d19094561455cefe1ee312dc600bc068494a49fd8b8270261d56b9c08,-86,,3,64,,3
14:27:46,2.0,3,9b90e77d19094561455cefe1ee312dc600bc068494a49fd8b8270261d56b9c08,-87,,3,64,,3
14:27:47,,3,1f0dfcdfabec84f43263b030a3b1299bfa69174c7460fc52fadde1f0e0c96ec3,-84,,3,64,,3
14:27:48,2.0,3,9b90e77d19094561455cefe1ee312dc600bc068494a49fd8b8270261d56b9c08,-86,,3,64,,3
14:27:49,26.0,3,9ebce1d3aefb6f99180f42a978becc2afbe0fde9769b5df04b772b13a5f4ba51,-88,,3,64,24.0,3
14:27:49,26.0,3,d5b0e05ae7ad732317b93c85b00eeb9dd8029239708f52447f4932c7fd587407,-78,,3,64,7.0,3
14:27:50,2.0,3,9b90e77d19094561455cefe1ee312dc600bc068494a49fd8b8270261d56b9c08,-86,,3,64,,3
14:27:51,2.0,3,9b90e77d19094561455cefe1ee312dc600bc068494a49fd8b8270261d56b9c08,-89,,3,64,,3
14:27:52,26.0,3,d5b0e05ae7ad732317b93c85b00eeb9dd8029239708f52447f4932c7fd587407,-77,,3,64,7.0,3
14:27:53,26.0,3,9ebce1d3aefb6f99180f42a978becc2afbe0fde9769b5df04b772b13a5f4ba51,-81,,3,64,24.0,3
14:27:53,26.0,3,d5b0e05ae7ad732317b93c85b00eeb9dd8029239708f52447f4932c7fd587407,-77,,3,64,,3
14:27:54,26.0,3,d5b0e05ae7ad732317b93c85b00eeb9dd8029239708f52447f4932c7fd587407,-79,,3,64,,3
14:27:55,26.0,3,d5b0e05ae7ad732317b93c85b00eeb9dd8029239708f52447f4932c7fd587407,-80,,3,64,,3
14:27:56,2.0,3,9b90e77d19094561455cefe1ee312dc600bc068494a49fd8b8270261d56b9c08,-92,,3,64,,3
14:27:57,26.0,3,d5b0e05ae7ad732317b93c85b00eeb9dd8029239708f52447f4932c7fd587407,-77,,3,64,7.0,3
14:27:57,26.0,3,9ebce1d3aefb6f99180f42a978becc2afbe0fde9769b5df04b772b13a5f4ba51,-81,,3,64,24.0,3
14:27:58,26.0,3,9ebce1d3aefb6f99180f42a978becc2afbe0fde9769b5df04b772b13a5f4ba51,-82,,3,64,24.0,3
14:27:59,2.0,3,b9895e5b31b1f68d32f25078dd4f10e700dd29a39a672bff40fc15c09300b7c9,-68,BB40,3,64,,3
14:28:00,26.0,3,7b0e244396b4f4e7809c280405471d0d4c784a6db03c2ebb1a24776a95f7d073,-84,,3,64,8.0,3
14:28:00,2.0,3,b9895e5b31b1f68d32f25078dd4f10e700dd29a39a672bff40fc15c09300b7c9,-69,BB40,3,64,,3
14:28:01,26.0,3,9ebce1d3aefb6f99180f42a978becc2afbe0fde9769b5df04b772b13a5f4ba51,-84,,3,64,24.0,3
14:28:02,26.0,3,9ebce1d3aefb6f99180f42a978becc2afbe0fde9769b5df04b772b13a5f4ba51,-85,,3,64,24.0,3
14:28:03,2.0,3,9b90e77d19094561455cefe1ee312dc600bc068494a49fd8b8270261d56b9c08,-89,,3,64,,3
14:28:04,26.0,3,9a09de8004812808143117316edc7a318a01be8c2e4eaa501f90376da798d0f2,-73,,3,64,12.0,3
14:28:04,26.0,3,9ebce1d3aefb6f99180f42a978becc2afbe0fde9769b5df04b772b13a5f4ba51,-84,,3,64,24.0,3
14:28:05,,3,1f0dfcdfabec84f43263b030a3b1299bfa69174c7460fc52fadde1f0e0c96ec3,-87,,3,64,,3
14:28:06,26.0,3,7b0e244396b4f4e7809c280405471d0d4c784a6db03c2ebb1a24776a95f7d073,-88,,3,64,8.0,3
14:28:07,2.0,3,9b90e77d19094561455cefe1ee312dc600bc068494a49fd8b8270261d56b9c08,-84,,3,64,,3
14:28:08,26.0,3,9ebce1d3aefb6f99180f42a978becc2afbe0fde9769b5df04b772b13a5f4ba51,-87,,3,64,24.0,3
14:28:08,2.0,3,9b90e77d19094561455cefe1ee312dc600bc068494a49fd8b8270261d56b9c08,-82,,3,64,,3
14:28:09,,3,1f0dfcdfabec84f43263b030a3b1299bfa69174c7460fc52fadde1f0e0c96ec3,-81,,3,64,,3
14:28:10,2.0,3,b9895e5b31b1f68d32f25078dd4f10e700dd29a39a672bff40fc15c09300b7c9,-72,BB40,3,64,,3
14:28:11,2.0,3,9b90e77d19094561455cefe1ee312dc600bc068494a49fd8b8270261d56b9c08,-85,,3,64,,3
14:28:12,26.0,3,9ebce1d3aefb6f99180f42a978becc2afbe0fde9769b5df04b772b13a5f4ba51,-85,,3,64,24.0,3
14:28:12,26.0,3,7b0e244396b4f4e7809c280405471d0d4c784a6db03c2ebb1a24776a95f7d073,-76,,3,64,8.0,3
14:28:13,,3,1f0dfcdfabec84f43263b030a3b1299bfa69174c7460fc52fadde1f0e0c96ec3,-78,,3,64,,3
14:28:14,2.0,3,9b90e77d19094561455cefe1ee312dc600bc068494a49fd8b8270261d56b9c08,-84,,3,64,,3
14:28:15,26.0,3,d5b0e05ae7ad732317b93c85b00eeb9dd8029239708f52447f4932c7fd587407,-79,,3,64,7.0,3
14:28:15,26.0,3,9ebce1d3aefb6f99180f42a978becc2afbe0fde9769b5df04b772b13a5f4ba51,-88,,3,64,24.0,3
14:28:16,26.0,3,e1b5a6ed3c8f2b33d3024ab64bab4fb4bc08c25166fdbeee2155c13073f51888,-48,,3,64,12.0,3
14:28:17,26.0,3,e1b5a6ed3c8f2b33d3024ab64bab4fb4bc08c25166fdbeee2155c13073f51888,-49,,3,64,12.0,3
14:28:18,26.0,3,9a09de8004812808143117316edc7a318a01be8c2e4eaa501f90376da798d0f2,-79,,3,64,12.0,3
14:28:19,26.0,3,9a09de8004812808143117316edc7a318a01be8c2e4eaa501f90376da798d0f2,-71,,3,64,12.0,3
14:28:19,,3,b7a2f2c4dddb5f59e83021a5646970c99284834c669420d38af4f0e3635fc960,-83,,3,64,,3
14:28:20,2.0,3,9b90e77d19094561455cefe1ee312dc600bc068494a49fd8b8270261d56b9c08,-88,,3,64,,3
14:28:21,26.0,3,d5b0e05ae7ad732317b93c85b00eeb9dd8029239708f52447f4932c7fd587407,-74,,3,64,7.0,3
14:28:22,2.0,3,9b90e77d19094561455cefe1ee312dc600bc068494a49fd8b8270261d56b9c08,-88,,3,64,,3
14:28:23,26.0,3,d5b0e05ae7ad732317b93c85b00eeb9dd8029239708f52447f4932c7fd587407,-73,,3,64,7.0,3
14:28:23,2.0,3,9b90e77d19094561455cefe1ee312dc600bc068494a49fd8b8270261d56b9c08,-87,,3,64,,3
14:28:24,2.0,3,9b90e77d19094561455cefe1ee312dc600bc068494a49fd8b8270261d56b9c08,-87,,3,64,,3
14:28:25,2.0,3,9b90e77d19094561455cefe1ee312dc600bc068494a49fd8b8270261d56b9c08,-87,,3,64,,3
14:28:26,2.0,3,9b90e77d19094561455cefe1ee312dc600bc068494a49fd8b8270261d56b9c08,-89,,3,64,,3
14:28:27,26.0,3,9a09de8004812808143117316edc7a318a01be8c2e4eaa501f90376da798d0f2,-73,,3,64,12.0,3
14:28:27,26.0,3,9a09de8004812808143117316edc7a318a01be8c2e4eaa501f90376da798d0f2,-70,,3,64,12.0,3
14:28:28,26.0,3,e1b5a6ed3c8f2b33d3024ab64bab4fb4bc08c25166fdbeee2155c13073f51888,-50,,3,64,12.0,3
14:28:29,26.0,3,e1b5a6ed3c8f2b33d3024ab64bab4fb4bc08c25166fdbeee2155c13073f51888,-52,,3,64,12.0,3
14:28:30,26.0,3,7b0e244396b4f4e7809c280405471d0d4c784a6db03c2ebb1a24776a95f7d073,-82,,3,64,8.0,3
14:28:30,26.0,3,9ebce1d3aefb6f99180f42a978becc2afbe0fde9769b5df04b772b13a5f4ba51,-83,,3,64,24.0,3
14:28:31,26.0,3,7b0e244396b4f4e7809c280405471d0d4c784a6db03c2ebb1a24776a95f7d073,-80,,3,64,8.0,3
14:28:32,2.0,3,9b90e77d19094561455cefe1ee312dc600bc068494a49fd8b8270261d56b9c08,-89,,3,64,,3
14:28:33,26.0,3,d5b0e05ae7ad732317b93c85b00eeb9dd8029239708f52447f4932c7fd587407,-82,,3,64,7.0,3
14:28:34,26.0,3,9ebce1d3aefb6f99180f42a978becc2afbe0fde9769b5df04b772b13a5f4ba51,-80,,3,64,24.0,3
14:28:34,26.0,3,9a09de8004812808143117316edc7a318a01be8c2e4eaa501f90376da798d0f2,-76,,3,64,12.0,3
14:28:35,2.0,3,9b90e77d19094561455cefe1ee312dc600bc068494a49fd8b8270261d56b9c08,-82,,3,64,,3
14:28:36,26.0,3,9a09de8004812808143117316edc7a318a01be8c2e4eaa501f90376da798d0f2,-78,,3,64,12.0,3
14:28:37,2.0,3,9b90e77d19094561455cefe1ee312dc600bc068494a49fd8b8270261d56b9c08,-81,,3,64,,3
14:28:38,,3,b7a2f2c4dddb5f59e83021a5646970c99284834c669420d38af4f0e3635fc960,-75,,3,64,,3
14:28:38,2.0,3,9b90e77d19094561455cefe1ee312dc600bc068494a49fd8b8270261d56b9c08,-82,,3,64,,3
14:28:39,26.0,3,9ebce1d3aefb6f99180f42a978becc2afbe0fde9769b5df04b772b13a5f4ba51,-82,,3,64,24.0,3
14:28:40,26.0,3,9ebce1d3aefb6f99180f42a978becc2afbe0fde9769b5df04b772b13a5f4ba51,-82,,3,64,24.0,3
14:28:41,26.0,3,9ebce1d3aefb6f99180f42a978becc2afbe0fde9769b5df04b772b13a5f4ba51,-82,,3,64,24.0,3
14:28:41,,3,b7a2f2c4dddb5f59e83021a5646970c99284834c669420d38af4f0e3635fc960,-90,,3,64,,3
14:28:42,26.0,3,d5b0e05ae7ad732317b93c85b00eeb9dd8029239708f52447f4932c7fd587407,-87,,3,64,7.0,3
14:28:43,26.0,3,9a09de8004812808143117316edc7a318a01be8c2e4eaa501f90376da798d0f2,-78,,3,64,12.0,3
14:28:44,26.0,3,9ebce1d3aefb6f99180f42a978becc2afbe0fde9769b5df04b772b13a5f4ba51,-89,,3,64,24.0,3
14:28:45,26.0,3,9a09de8004812808143117316edc7a318a01be8c2e4eaa501f90376da798d0f2,-81,,3,64,12.0,3
14:28:45,2.0,3,9b90e77d19094561455cefe1ee312dc600bc068494a49fd8b8270261d56b9c08,-87,,3,64,,3
14:28:46,26.0,3,7b0e244396b4f4e7809c280405471d0d4c784a6db03c2ebb1a24776a95f7d073,-84,,3,64,8.0,3
14:28:47,26.0,3,9ebce1d3aefb6f99180f42a978becc2afbe0fde9769b5df04b772b13a5f4ba51,-78,,3,64,24.0,3
14:28:48,,3,daea65da5da116f72fc87d97a41d4903fc50846fa27e8dda32d7d909ee42708a,-48,,3,64,,3
14:28:49,2.0,3,9b90e77d19094561455cefe1ee312dc600bc068494a49fd8b8270261d56b9c08,-91,,3,64,,3
14:28:49,26.0,3,7b0e244396b4f4e7809c280405471d0d4c784a6db03c2ebb1a24776a95f7d073,-84,,3,64,8.0,3
14:28:50,26.0,3,7b0e244396b4f4e7809c280405471d0d4c784a6db03c2ebb1a24776a95f7d073,-83,,3,64,8.0,3
14:28:51,26.0,3,9a09de8004812808143117316edc7a318a01be8c2e4eaa501f90376da798d0f2,-88,,3,64,12.0,3
14:28:52,,3,daea65da5da116f72fc87d97a41d4903fc50846fa27e8dda32d7d909ee42708a,-51,,3,64,,3
14:28:53,26.0,3,7b0e244396b4f4e7809c280405471d0d4c784a6db03c2ebb1a24776a95f7d073,-83,,3,64,8.0,3
14:28:53,,3,1f0dfcdfabec84f43263b030a3b1299bfa69174c7460fc52fadde1f0e0c96ec3,-87,,3,64,,3
14:28:54,26.0,3,7b0e244396b4f4e7809c280405471d0d4c784a6db03c2ebb1a24776a95f7d073,-85,,3,64,8.0,3
14:28:55,26.0,3,9ebce1d3aefb6f99180f42a978becc2afbe0fde9769b5df04b772b13a5f4ba51,-83,,3,64,24.0,3
14:28:56,26.0,3,9ebce1d3aefb6f99180f42a978becc2afbe0fde9769b5df04b772b13a5f4ba51,-83,,3,64,24.0,3
14:28:56,26.0,3,9ebce1d3aefb6f99180f42a978becc2afbe0fde9769b5df04b772b13a5f4ba51,-76,,3,64,24.0,3
14:28:57,,3,1f0dfcdfabec84f43263b030a3b1299bfa69174c7460fc52fadde1f0e0c96ec3,-81,,3,64,,3
14:28:58,26.0,3,9ebce1d3aefb6f99180f42a978becc2afbe0fde9769b5df04b772b13a5f4ba51,-77,,3,64,24.0,3
14:28:59,26.0,3,9a09de8004812808143117316edc7a318a01be8c2e4eaa501f90376da798d0f2,-81,,3,64,12.0,3
14:29:00,26.0,3,9a09de8004812808143117316edc7a318a01be8c2e4eaa501f90376da798d0f2,-77,,3,64,12.0,3
14:29:00,26.0,3,9ebce1d3aefb6f99180f42a978becc2afbe0fde9769b5df04b772b13a5f4ba51,-75,,3,64,24.0,3
14:29:01,2.0,3,9b90e77d19094561455cefe1ee312dc600bc068494a49fd8b8270261d56b9c08,-86,,3,64,,3
14:29:02,26.0,3,9a09de8004812808143117316edc7a318a01be8c2e4eaa501f90376da798d0f2,-83,,3,64,12.0,3
14:29:03,2.0,3,9b90e77d19094561455cefe1ee312dc600bc068494a49fd8b8270261d56b9c08,-85,,3,64,,3
14:29:04,26.0,3,9ebce1d3aefb6f99180f42a978becc2afbe0fde9769b5df04b772b13a5f4ba51,-82,,3,64,24.0,3
14:29:04,2.0,3,9b90e77d19094561455cefe1ee312dc600bc068494a49fd8b8270261d56b9c08,-89,,3,64,,3
14:29:05,2.0,3,9b90e77d19094561455cefe1ee312dc600bc068494a49fd8b8270261d56b9c08,-90,,3,64,,3
14:29:06,26.0,3,9ebce1d3aefb6f99180f42a978becc2afbe0fde9769b5df04b772b13a5f4ba51,-80,,3,64,24.0,3
14:29:07,26.0,3,9ebce1d3aefb6f99180f42a978becc2afbe0fde9769b5df04b772b13a5f4ba51,-80,,3,64,24.0,3
14:29:08,2.0,3,9b90e77d19094561455cefe1ee312dc600bc068494a49fd8b8270261d56b9c08,-85,,3,64,,3
14:29:08,2.0,3,9b90e77d19094561455cefe1ee312dc600bc068494a49fd8b8270261d56b9c08,-91,,3,64,,3
14:29:09,2.0,3,9b90e77d19094561455cefe1ee312dc600bc068494a49fd8b8270261d56b9c08,-85,,3,64,,3
14:29:10,26.0,3,9a09de8004812808143117316edc7a318a01be8c2e4eaa501f90376da798d0f2,-80,,3,64,12.0,3
14:29:11,26.0,3,7b0e244396b4f4e7809c280405471d0d4c784a6db03c2ebb1a24776a95f7d073,-80,,3,64,8.0,3
14:29:11,26.0,3,9ebce1d3aefb6f99180f42a978becc2afbe0fde9769b5df04b772b13a5f4ba51,-83,,3,64,24.0,3
14:29:12,2.0,3,9b90e77d19094561455cefe1ee312dc600bc068494a49fd8b8270261d56b9c08,-85,,3,64,,3
14:29:13,26.0,3,9ebce1d3aefb6f99180f42a978becc2afbe0fde9769b5df04b772b13a5f4ba51,-83,,3,64,24.0,3
14:29:14,26.0,3,9a09de8004812808143117316edc7a318a01be8c2e4eaa501f90376da798d0f2,-76,,3,64,12.0,3
14:29:15,2.0,3,6606a3fca9b2eaeda5eadcdc8bdc13a5b38f786bbb1c34c832e2f41218d08b2d,-87,,3,64,,3
14:29:15,26.0,3,7b0e244396b4f4e7809c280405471d0d4c784a6db03c2ebb1a24776a95f7d073,-70,,3,64,8.0,3
14:29:16,26.0,3,9ebce1d3aefb6f99180f42a978becc2afbe0fde9769b5df04b772b13a5f4ba51,-84,,3,64,24.0,3
14:29:17,26.0,3,9a09de8004812808143117316edc7a318a01be8c2e4eaa501f90376da798d0f2,-79,,3,64,12.0,3
14:29:18,2.0,3,6606a3fca9b2eaeda5eadcdc8bdc13a5b38f786bbb1c34c832e2f41218d08b2d,-87,,3,64,,3
14:29:19,2.0,3,6606a3fca9b2eaeda5eadcdc8bdc13a5b38f786bbb1c34c832e2f41218d08b2d,-82,,3,64,,3
14:29:19,26.0,3,9ebce1d3aefb6f99180f42a978becc2afbe0fde9769b5df04b772b13a5f4ba51,-77,,3,64,24.0,3
14:29:20,26.0,3,7b0e244396b4f4e7809c280405471d0d4c784a6db03c2ebb1a24776a95f7d073,-83,,3,64,8.0,3
14:29:21,2.0,3,6606a3fca9b2eaeda5eadcdc8bdc13a5b38f786bbb1c34c832e2f41218d08b2d,-84,,3,64,,3
14:29:22,26.0,3,9a09de8004812808143117316edc7a318a01be8c2e4eaa501f90376da798d0f2,-76,,3,64,12.0,3
14:29:22,26.0,3,9a09de8004812808143117316edc7a318a01be8c2e4eaa501f90376da798d0f2,-75,,3,64,12.0,3
14:29:23,2.0,3,6606a3fca9b2eaeda5eadcdc8bdc13a5b38f786bbb1c34c832e2f41218d08b2d,-91,,3,64,,3
14:29:24,26.0,3,9a09de8004812808143117316edc7a318a01be8c2e4eaa501f90376da798d0f2,-77,,3,64,12.0,3
14:29:25,26.0,3,9a09de8004812808143117316edc7a318a01be8c2e4eaa501f90376da798d0f2,-77,,3,64,12.0,3
14:29:26,2.0,3,6606a3fca9b2eaeda5eadcdc8bdc13a5b38f786bbb1c34c832e2f41218d08b2d,-83,,3,64,,3
14:29:26,26.0,3,7b0e244396b4f4e7809c280405471d0d4c784a6db03c2ebb1a24776a95f7d073,-81,,3,64,8.0,3
14:29:27,2.0,3,6606a3fca9b2eaeda5eadcdc8bdc13a5b38f786bbb1c34c832e2f41218d08b2d,-83,,3,64,,3
14:29:28,26.0,3,9ebce1d3aefb6f99180f42a978becc2afbe0fde9769b5df04b772b13a5f4ba51,-85,,3,64,24.0,3
14:29:29,26.0,3,d5b0e05ae7ad732317b93c85b00eeb9dd8029239708f52447f4932c7fd587407,-75,,3,64,7.0,3
14:29:30,2.0,3,6606a3fca9b2eaeda5eadcdc8bdc13a5b38f786bbb1c34c832e2f41218d08b2d,-87,,3,64,,3
14:29:30,26.0,3,9a09de8004812808143117316edc7a318a01be8c2e4eaa501f90376da798d0f2,-78,,3,64,12.0,3
14:29:31,26.0,3,9ebce1d3aefb6f99180f42a978becc2afbe0fde9769b5df04b772b13a5f4ba51,-85,,3,64,24.0,3
14:29:32,26.0,3,9a09de8004812808143117316edc7a318a01be8c2e4eaa501f90376da798d0f2,-75,,3,64,12.0,3
14:29:33,26.0,3,7b0e244396b4f4e7809c280405471d0d4c784a6db03c2ebb1a24776a95f7d073,-80,,3,64,8.0,3
14:29:34,26.0,3,9ebce1d3aefb6f99180f42a978becc2afbe0fde9769b5df04b772b13a5f4ba51,-89,,3,64,24.0,3
14:29:34,26.0,3,d5b0e05ae7ad732317b93c85b00eeb9dd8029239708f52447f4932c7fd587407,-77,,3,64,,3
14:29:35,26.0,3,d5b0e05ae7ad732317b93c85b00eeb9dd8029239708f52447f4932c7fd587407,-83,,3,64,,3
14:29:36,,3,1f0dfcdfabec84f43263b030a3b1299bfa69174c7460fc52fadde1f0e0c96ec3,-83,,3,64,,3
14:29:37,2.0,3,6606a3fca9b2eaeda5eadcdc8bdc13a5b38f786bbb1c34c832e2f41218d08b2d,-95,,3,64,,3
14:29:37,2.0,3,6606a3fca9b2eaeda5eadcdc8bdc13a5b38f786bbb1c34c832e2f41218d08b2d,-85,,3,64,,3
14:29:38,26.0,3,9ebce1d3aefb6f99180f42a978becc2afbe0fde9769b5df04b772b13a5f4ba51,-83,,3,64,24.0,3
14:29:39,26.0,3,7b0e244396b4f4e7809c280405471d0d4c784a6db03c2ebb1a24776a95f7d073,-78,,3,64,8.0,3
14:29:40,26.0,3,d5b0e05ae7ad732317b93c85b00eeb9dd8029239708f52447f4932c7fd587407,-80,,3,64,,3
14:29:41,26.0,3,9ebce1d3aefb6f99180f42a978becc2afbe0fde9769b5df04b772b13a5f4ba51,-80,,3,64,24.0,3
14:29:41,26.0,3,9a09de8004812808143117316edc7a318a01be8c2e4eaa501f90376da798d0f2,-75,,3,64,12.0,3
14:29:42,26.0,3,d5b0e05ae7ad732317b93c85b00eeb9dd8029239708f52447f4932c7fd587407,-73,,3,64,,3
14:29:43,26.0,3,d5b0e05ae7ad732317b93c85b00eeb9dd8029239708f52447f4932c7fd587407,-74,,3,64,,3
14:29:44,26.0,3,d5b0e05ae7ad732317b93c85b00eeb9dd8029239708f52447f4932c7fd587407,-76,,3,64,,3
14:29:45,26.0,3,9ebce1d3aefb6f99180f42a978becc2afbe0fde9769b5df04b772b13a5f4ba51,-77,,3,64,24.0,3
14:29:45,26.0,3,9a09de8004812808143117316edc7a318a01be8c2e4eaa501f90376da798d0f2,-77,,3,64,12.0,3
14:29:46,2.0,3,6606a3fca9b2eaeda5eadcdc8bdc13a5b38f786bbb1c34c832e2f41218d08b2d,-82,,3,64,,3
14:29:47,26.0,3,d5b0e05ae7ad732317b93c85b00eeb9dd8029239708f52447f4932c7fd587407,-81,,3,64,,3
14:29:48,26.0,3,9a09de8004812808143117316edc7a318a01be8c2e4eaa501f90376da798d0f2,-79,,3,64,12.0,3
14:29:49,26.0,3,d5b0e05ae7ad732317b93c85b00eeb9dd8029239708f52447f4932c7fd587407,-74,,3,64,,3
14:29:49,26.0,3,7b0e244396b4f4e7809c280405471d0d4c784a6db03c2ebb1a24776a95f7d073,-75,,3,64,8.0,3
14:29:50,26.0,3,9ebce1d3aefb6f99180f42a978becc2afbe0fde9769b5df04b772b13a5f4ba51,-81,,3,64,24.0,3
14:29:51,26.0,3,d5b0e05ae7ad732317b93c85b00eeb9dd8029239708f52447f4932c7fd587407,-79,,3,64,,3
14:29:52,,3,1f0dfcdfabec84f43263b030a3b1299bfa69174c7460fc52fadde1f0e0c96ec3,-84,,3,64,,3
14:29:52,2.0,3,6606a3fca9b2eaeda5eadcdc8bdc13a5b38f786bbb1c34c832e2f41218d08b2d,-80,,3,64,,3
14:29:53,26.0,3,9a09de8004812808143117316edc7a318a01be8c2e4eaa501f90376da798d0f2,-75,,3,64,12.0,3
14:29:54,26.0,3,d5b0e05ae7ad732317b93c85b00eeb9dd8029239708f52447f4932c7fd587407,-76,,3,64,,3
14:29:55,2.0,3,6606a3fca9b2eaeda5eadcdc8bdc13a5b38f786bbb1c34c832e2f41218d08b2d,-86,,3,64,,3
14:29:56,2.0,3,6606a3fca9b2eaeda5eadcdc8bdc13a5b38f786bbb1c34c832e2f41218d08b2d,-83,,3,64,,3
14:29:56,26.0,3,d5b0e05ae7ad732317b93c85b00eeb9dd8029239708f52447f4932c7fd587407,-71,,3,64,,3
14:29:57,26.0,3,d5b0e05ae7ad732317b93c85b00eeb9dd8029239708f52447f4932c7fd587407,-77,,3,64,,3
14:29:58,26.0,3,d5b0e05ae7ad732317b93c85b00eeb9dd8029239708f52447f4932c7fd587407,-83,,3,64,,3
14:29:59,26.0,3,7b0e244396b4f4e7809c280405471d0d4c784a6db03c2ebb1a24776a95f7d073,-79,,3,64,8.0,3
14:30:00,,3,03ea406a084e5cfbfba0fdf0eaace6e64e267fdd0f1d411f92150efacc762f84,-91,,3,64,,3
14:30:00,26.0,3,9ebce1d3aefb6f99180f42a978becc2afbe0fde9769b5df04b772b13a5f4ba51,-83,,3,64,24.0,3
14:30:01,26.0,3,7b0e244396b4f4e7809c280405471d0d4c784a6db03c2ebb1a24776a95f7d073,-81,,3,64,8.0,3
14:30:02,26.0,3,d5b0e05ae7ad732317b93c85b00eeb9dd8029239708f52447f4932c7fd587407,-85,,3,64,,3
14:30:03,2.0,3,6606a3fca9b2eaeda5eadcdc8bdc13a5b38f786bbb1c34c832e2f41218d08b2d,-90,,3,64,,3
14:30:04,26.0,3,d5b0e05ae7ad732317b93c85b00eeb9dd8029239708f52447f4932c7fd587407,-83,,3,64,,3
14:30:04,26.0,3,d5b0e05ae7ad732317b93c85b00eeb9dd8029239708f52447f4932c7fd587407,-87,,3,64,,3
14:30:05,26.0,3,d5b0e05ae7ad732317b93c85b00eeb9dd8029239708f52447f4932c7fd587407,-82,,3,64,,3
14:30:06,,3,03ea406a084e5cfbfba0fdf0eaace6e64e267fdd0f1d411f92150efacc762f84,-92,,3,64,,3
14:30:07,26.0,3,d5b0e05ae7ad732317b93c85b00eeb9dd8029239708f52447f4932c7fd587407,-83,,3,64,,3
14:30:07,26.0,3,7b0e244396b4f4e7809c280405471d0d4c784a6db03c2ebb1a24776a95f7d073,-79,,3,64,8.0,3
14:30:08,26.0,3,d5b0e05ae7ad732317b93c85b00eeb9dd8029239708f52447f4932c7fd587407,-72,,3,64,,3
14:30:09,26.0,3,9ebce1d3aefb6f99180f42a978becc2afbe0fde9769b5df04b772b13a5f4ba51,-89,,3,64,24.0,3
14:30:10,26.0,3,d5b0e05ae7ad732317b93c85b00eeb9dd8029239708f52447f4932c7fd587407,-80,,3,64,,3
14:30:11,26.0,3,d5b0e05ae7ad732317b93c85b00eeb9dd8029239708f52447f4932c7fd587407,-78,,3,64,,3
14:30:11,26.0,3,9a09de8004812808143117316edc7a318a01be8c2e4eaa501f90376da798d0f2,-78,,3,64,12.0,3
14:30:12,2.0,3,6606a3fca9b2eaeda5eadcdc8bdc13a5b38f786bbb1c34c832e2f41218d08b2d,-85,,3,64,,3
14:30:13,26.0,3,7b0e244396b4f4e7809c280405471d0d4c784a6db03c2ebb1a24776a95f7d073,-83,,3,64,8.0,3
14:30:14,2.0,3,6606a3fca9b2eaeda5eadcdc8bdc13a5b38f786bbb1c34c832e2f41218d08b2d,-82,,3,64,,3
14:30:15,,3,c129f43efe7028a7cab13ed98652263fa8e044c95c5c2113c308d245a4aa8c99,-73,,3,64,,3
14:30:15,26.0,3,d5b0e05ae7ad732317b93c85b00eeb9dd8029239708f52447f4932c7fd587407,-85,,3,64,,3
14:30:16,26.0,3,d5b0e05ae7ad732317b93c85b00eeb9dd8029239708f52447f4932c7fd587407,-84,,3,64,,3
14:30:17,26.0,3,d5b0e05ae7ad732317b93c85b00eeb9dd8029239708f52447f4932c7fd587407,-81,,3,64,,3
14:30:18,26.0,3,7b0e244396b4f4e7809c280405471d0d4c784a6db03c2ebb1a24776a95f7d073,-90,,3,64,8.0,3
14:30:19,26.0,3,9a09de8004812808143117316edc7a318a01be8c2e4eaa501f90376da798d0f2,-75,,3,64,12.0,3
14:30:19,2.0,3,e04cd2eeafe1af0be8ac3c1eec8a958fd9154cda2131e56b9323ce9ad3e23f83,-89,,3,64,,3
14:30:20,26.0,3,d5b0e05ae7ad732317b93c85b00eeb9dd8029239708f52447f4932c7fd587407,-78,,3,64,,3
14:30:21,26.0,3,9ebce1d3aefb6f99180f42a978becc2afbe0fde9769b5df04b772b13a5f4ba51,-82,,3,64,24.0,3
14:30:22,,3,bd420b16aeda83e38f77c196333859da4d33986aed387aca73198be3e9c6d4c1,-55,,3,64,,3
14:30:22,26.0,3,9a09de8004812808143117316edc7a318a01be8c2e4eaa501f90376da798d0f2,-77,,3,64,12.0,3
14:30:23,26.0,3,d5b0e05ae7ad732317b93c85b00eeb9dd8029239708f52447f4932c7fd587407,-73,,3,64,,3
14:30:24,26.0,3,d5b0e05ae7ad732317b93c85b00eeb9dd8029239708f52447f4932c7fd587407,-72,,3,64,,3
14:30:25,26.0,3,7b0e244396b4f4e7809c280405471d0d4c784a6db03c2ebb1a24776a95f7d073,-87,,3,64,8.0,3
14:30:26,26.0,3,d5b0e05ae7ad732317b93c85b00eeb9dd8029239708f52447f4932c7fd587407,-75,,3,64,,3
14:30:26,26.0,3,9a09de8004812808143117316edc7a318a01be8c2e4eaa501f90376da798d0f2,-78,,3,64,12.0,3
14:30:27,26.0,3,7b0e244396b4f4e7809c280405471d0d4c784a6db03c2ebb1a24776a95f7d073,-79,,3,64,8.0,3
14:30:28,,3,bd420b16aeda83e38f77c196333859da4d33986aed387aca73198be3e9c6d4c1,-55,,3,64,,3
14:30:29,,3,c129f43efe7028a7cab13ed98652263fa8e044c95c5c2113c308d245a4aa8c99,-78,,3,64,,3
14:30:30,26.0,3,d5b0e05ae7ad732317b93c85b00eeb9dd8029239708f52447f4932c7fd587407,-75,,3,64,,3
14:30:30,26.0,3,7b0e244396b4f4e7809c280405471d0d4c784a6db03c2ebb1a24776a95f7d073,-79,,3,64,8.0,3
14:30:31,26.0,3,d5b0e05ae7ad732317b93c85b00eeb9dd8029239708f52447f4932c7fd587407,-76,,3,64,,3
14:30:32,26.0,3,d5b0e05ae7ad732317b93c85b00eeb9dd8029239708f52447f4932c7fd587407,-75,,3,64,,3
14:30:33,26.0,3,22d429f981ede5bcd59f9a4614c6c60d7254406f587bac2a5bec2fbdcfb89605,-94,,3,64,12.0,3
14:30:34,26.0,3,d5b0e05ae7ad732317b93c85b00eeb9dd8029239708f52447f4932c7fd587407,-74,,3,64,7.0,3
14:30:34,2.0,3,e04cd2eeafe1af0be8ac3c1eec8a958fd9154cda2131e56b9323ce9ad3e23f83,-83,,3,64,,3
14:30:35,26.0,3,9a09de8004812808143117316edc7a318a01be8c2e4eaa501f90376da798d0f2,-79,,3,64,12.0,3
14:30:36,26.0,3,7b0e244396b4f4e7809c280405471d0d4c784a6db03c2ebb1a24776a95f7d073,-77,,3,64,8.0,3
14:30:37,26.0,3,7b0e244396b4f4e7809c280405471d0d4c784a6db03c2ebb1a24776a95f7d073,-80,,3,64,8.0,3
14:30:37,26.0,3,9ebce1d3aefb6f99180f42a978becc2afbe0fde9769b5df04b772b13a5f4ba51,-90,,3,64,24.0,3
14:30:38,26.0,3,9ebce1d3aefb6f99180f42a978becc2afbe0fde9769b5df04b772b13a5f4ba51,-85,,3,64,24.0,3
14:30:39,26.0,3,9ebce1d3aefb6f99180f42a978becc2afbe0fde9769b5df04b772b13a5f4ba51,-82,,3,64,24.0,3
14:30:40,26.0,3,d5b0e05ae7ad732317b93c85b00eeb9dd8029239708f52447f4932c7fd587407,-74,,3,64,7.0,3
14:30:41,,3,c129f43efe7028a7cab13ed98652263fa8e044c95c5c2113c308d245a4aa8c99,-79,,3,64,,3
14:30:41,2.0,3,e04cd2eeafe1af0be8ac3c1eec8a958fd9154cda2131e56b9323ce9ad3e23f83,-83,,3,64,,3
14:30:42,26.0,3,9a09de8004812808143117316edc7a318a01be8c2e4eaa501f90376da798d0f2,-78,,3,64,12.0,3
14:30:43,26.0,3,7b0e244396b4f4e7809c280405471d0d4c784a6db03c2ebb1a24776a95f7d073,-86,,3,64,8.0,3
14:30:44,26.0,3,9a09de8004812808143117316edc7a318a01be8c2e4eaa501f90376da798d0f2,-76,,3,64,12.0,3
14:30:45,2.0,3,e04cd2eeafe1af0be8ac3c1eec8a958fd9154cda2131e56b9323ce9ad3e23f83,-82,,3,64,,3
14:30:45,26.0,3,9ebce1d3aefb6f99180f42a978becc2afbe0fde9769b5df04b772b13a5f4ba51,-79,,3,64,24.0,3
14:30:46,26.0,3,9ebce1d3aefb6f99180f42a978becc2afbe0fde9769b5df04b772b13a5f4ba51,-80,,3,64,24.0,3
14:30:47,26.0,3,d5b0e05ae7ad732317b93c85b00eeb9dd8029239708f52447f4932c7fd587407,-76,,3,64,7.0,3
14:30:48,,3,0a7f7b061449338fd4f9dda78d504efac3bbf16c5789795bc15ca3744021abfa,-80,,3,64,,3
14:30:48,2.0,3,e04cd2eeafe1af0be8ac3c1eec8a958fd9154cda2131e56b9323ce9ad3e23f83,-85,,3,64,,3
14:30:49,26.0,3,9a09de8004812808143117316edc7a318a01be8c2e4eaa501f90376da798d0f2,-79,,3,64,12.0,3
14:30:50,26.0,3,9a09de8004812808143117316edc7a318a01be8c2e4eaa501f90376da798d0f2,-81,,3,64,12.0,3
14:30:51,26.0,3,7b0e244396b4f4e7809c280405471d0d4c784a6db03c2ebb1a24776a95f7d073,-78,,3,64,8.0,3
14:30:52,,3,0a7f7b061449338fd4f9dda78d504efac3bbf16c5789795bc15ca3744021abfa,-85,,3,64,,3
14:30:52,2.0,3,e04cd2eeafe1af0be8ac3c1eec8a958fd9154cda2131e56b9323ce9ad3e23f83,-89,,3,64,,3
14:30:53,26.0,3,7b0e244396b4f4e7809c280405471d0d4c784a6db03c2ebb1a24776a95f7d073,-86,,3,64,8.0,3
14:30:54,26.0,3,9ebce1d3aefb6f99180f42a978becc2afbe0fde9769b5df04b772b13a5f4ba51,-88,,3,64,24.0,3
14:30:55,26.0,3,7b0e244396b4f4e7809c280405471d0d4c784a6db03c2ebb1a24776a95f7d073,-82,,3,64,8.0,3
14:30:56,26.0,3,9a09de8004812808143117316edc7a318a01be8c2e4eaa501f90376da798d0f2,-77,,3,64,12.0,3
14:30:56,2.0,3,e04cd2eeafe1af0be8ac3c1eec8a958fd9154cda2131e56b9323ce9ad3e23f83,-82,,3,64,,3
14:30:57,26.0,3,9ebce1d3aefb6f99180f42a978becc2afbe0fde9769b5df04b772b13a5f4ba51,-84,,3,64,24.0,3
14:30:58,26.0,3,7b0e244396b4f4e7809c280405471d0d4c784a6db03c2ebb1a24776a95f7d073,-89,,3,64,8.0,3
14:30:59,26.0,3,9a09de8004812808143117316edc7a318a01be8c2e4eaa501f90376da798d0f2,-79,,3,64,12.0,3
14:31:00,26.0,3,9a09de8004812808143117316edc7a318a01be8c2e4eaa501f90376da798d0f2,-75,,3,64,12.0,3
14:31:00,26.0,3,7b0e244396b4f4e7809c280405471d0d4c784a6db03c2ebb1a24776a95f7d073,-83,,3,64,8.0,3
14:31:01,26.0,3,9a09de8004812808143117316edc7a318a01be8c2e4eaa501f90376da798d0f2,-78,,3,64,12.0,3
14:31:02,2.0,3,e04cd2eeafe1af0be8ac3c1eec8a958fd9154cda2131e56b9323ce9ad3e23f83,-81,,3,64,,3
14:31:03,2.0,3,e04cd2eeafe1af0be8ac3c1eec8a958fd9154cda2131e56b9323ce9ad3e23f83,-92,,3,64,,3
14:31:04,2.0,3,e04cd2eeafe1af0be8ac3c1eec8a958fd9154cda2131e56b9323ce9ad3e23f83,-82,,3,64,,3
14:31:04,26.0,3,9ebce1d3aefb6f99180f42a978becc2afbe0fde9769b5df04b772b13a5f4ba51,-78,,3,64,24.0,3
14:31:05,2.0,3,e04cd2eeafe1af0be8ac3c1eec8a958fd9154cda2131e56b9323ce9ad3e23f83,-85,,3,64,,3
14:31:06,26.0,3,7b0e244396b4f4e7809c280405471d0d4c784a6db03c2ebb1a24776a95f7d073,-84,,3,64,8.0,3
14:31:07,26.0,3,9ebce1d3aefb6f99180f42a978becc2afbe0fde9769b5df04b772b13a5f4ba51,-76,,3,64,24.0,3
14:31:07,26.0,3,9a09de8004812808143117316edc7a318a01be8c2e4eaa501f90376da798d0f2,-80,,3,64,12.0,3
14:31:08,26.0,3,9a09de8004812808143117316edc7a318a01be8c2e4eaa501f90376da798d0f2,-78,,3,64,12.0,3
14:31:09,26.0,3,9ebce1d3aefb6f99180f42a978becc2afbe0fde9769b5df04b772b13a5f4ba51,-93,,3,64,24.0,3
14:31:10,26.0,3,d5b0e05ae7ad732317b93c85b00eeb9dd8029239708f52447f4932c7fd587407,-88,,3,64,7.0,3
14:31:11,26.0,3,d5b0e05ae7ad732317b93c85b00eeb9dd8029239708f52447f4932c7fd587407,-89,,3,64,7.0,3
14:31:11,26.0,3,582ef2495ad75e149151d865dff80d60d80f65477eb48b0066adbf8105323351,-50,,3,64,12.0,3
14:31:12,26.0,3,7b0e244396b4f4e7809c280405471d0d4c784a6db03c2ebb1a24776a95f7d073,-80,,3,64,8.0,3
14:31:13,26.0,3,9a09de8004812808143117316edc7a318a01be8c2e4eaa501f90376da798d0f2,-83,,3,64,12.0,3
14:31:14,,3,0a7f7b061449338fd4f9dda78d504efac3bbf16c5789795bc15ca3744021abfa,-85,,3,64,,3
14:31:15,26.0,3,7b0e244396b4f4e7809c280405471d0d4c784a6db03c2ebb1a24776a95f7d073,-83,,3,64,8.0,3
14:31:15,26.0,3,d5b0e05ae7ad732317b93c85b00eeb9dd8029239708f52447f4932c7fd587407,-91,,3,64,7.0,3
14:31:16,26.0,3,9a09de8004812808143117316edc7a318a01be8c2e4eaa501f90376da798d0f2,-91,,3,64,12.0,3
14:31:17,2.0,3,e04cd2eeafe1af0be8ac3c1eec8a958fd9154cda2131e56b9323ce9ad3e23f83,-89,,3,64,,3
14:31:18,,3,0a7f7b061449338fd4f9dda78d504efac3bbf16c5789795bc15ca3744021abfa,-80,,3,64,,3
14:31:18,2.0,3,e04cd2eeafe1af0be8ac3c1eec8a958fd9154cda2131e56b9323ce9ad3e23f83,-90,,3,64,,3
14:31:19,26.0,3,7b0e244396b4f4e7809c280405471d0d4c784a6db03c2ebb1a24776a95f7d073,-88,,3,64,8.0,3
14:31:20,26.0,3,7b0e244396b4f4e7809c280405471d0d4c784a6db03c2ebb1a24776a95f7d073,-78,,3,64,8.0,3
14:31:21,26.0,3,582ef2495ad75e149151d865dff80d60d80f65477eb48b0066adbf8105323351,-46,,3,64,12.0,3
14:31:22,26.0,3,7b0e244396b4f4e7809c280405471d0d4c784a6db03c2ebb1a24776a95f7d073,-80,,3,64,8.0,3
14:31:22,26.0,3,9a09de8004812808143117316edc7a318a01be8c2e4eaa501f90376da798d0f2,-75,,3,64,12.0,3
14:31:23,26.0,3,7b0e244396b4f4e7809c280405471d0d4c784a6db03c2ebb1a24776a95f7d073,-88,,3,64,8.0,3
14:31:24,26.0,3,7b0e244396b4f4e7809c280405471d0d4c784a6db03c2ebb1a24776a95f7d073,-83,,3,64,8.0,3
14:31:25,26.0,3,9a09de8004812808143117316edc7a318a01be8c2e4eaa501f90376da798d0f2,-72,,3,64,12.0,3
14:31:26,,3,bd420b16aeda83e38f77c196333859da4d33986aed387aca73198be3e9c6d4c1,-47,,3,64,,3
14:31:26,2.0,3,728e502cf6188c7b0a6e5abbf7a6cc5754ec86b8e9a129062a152aba5f6c5db8,-86,,3,64,,3
14:31:27,6.0,3,27836651d83e9e1a6f697f9ef47672870c7e3305d21db4aeec66d9423a9862d6,-91,BB41,3,64,4.0,3
14:31:28,26.0,3,9a09de8004812808143117316edc7a318a01be8c2e4eaa501f90376da798d0f2,-80,,3,64,12.0,3
14:31:29,2.0,3,728e502cf6188c7b0a6e5abbf7a6cc5754ec86b8e9a129062a152aba5f6c5db8,-84,,3,64,,3
14:31:30,,3,bd420b16aeda83e38f77c196333859da4d33986aed387aca73198be3e9c6d4c1,-41,,3,64,,3
14:31:30,26.0,3,582ef2495ad75e149151d865dff80d60d80f65477eb48b0066adbf8105323351,-40,,3,64,12.0,3
14:31:31,26.0,3,9a09de8004812808143117316edc7a318a01be8c2e4eaa501f90376da798d0f2,-83,,3,64,12.0,3
14:31:32,26.0,3,7b0e244396b4f4e7809c280405471d0d4c784a6db03c2ebb1a24776a95f7d073,-84,,3,64,8.0,3
14:31:33,26.0,3,7b0e244396b4f4e7809c280405471d0d4c784a6db03c2ebb1a24776a95f7d073,-83,,3,64,8.0,3
14:31:33,26.0,3,7b0e244396b4f4e7809c280405471d0d4c784a6db03c2ebb1a24776a95f7d073,-88,,3,64,8.0,3
14:31:34,26.0,3,7b0e244396b4f4e7809c280405471d0d4c784a6db03c2ebb1a24776a95f7d073,-83,,3,64,8.0,3
14:31:35,2.0,3,728e502cf6188c7b0a6e5abbf7a6cc5754ec86b8e9a129062a152aba5f6c5db8,-87,,3,64,,3
14:31:36,26.0,3,582ef2495ad75e149151d865dff80d60d80f65477eb48b0066adbf8105323351,-37,,3,64,12.0,3
14:31:37,2.0,3,728e502cf6188c7b0a6e5abbf7a6cc5754ec86b8e9a129062a152aba5f6c5db8,-85,,3,64,,3
14:31:37,2.0,3,728e502cf6188c7b0a6e5abbf7a6cc5754ec86b8e9a129062a152aba5f6c5db8,-88,,3,64,,3
14:31:38,26.0,3,7b0e244396b4f4e7809c280405471d0d4c784a6db03c2ebb1a24776a95f7d073,-85,,3,64,8.0,3
14:31:39,26.0,3,7b0e244396b4f4e7809c280405471d0d4c784a6db03c2ebb1a24776a95f7d073,-81,,3,64,8.0,3
14:31:40,26.0,3,9a09de8004812808143117316edc7a318a01be8c2e4eaa501f90376da798d0f2,-87,,3,64,12.0,3
14:31:41,26.0,3,9a09de8004812808143117316edc7a318a01be8c2e4eaa501f90376da798d0f2,-74,,3,64,12.0,3
14:31:41,26.0,3,582ef2495ad75e149151d865dff80d60d80f65477eb48b0066adbf8105323351,-41,,3,64,12.0,3
14:31:42,26.0,3,9a09de8004812808143117316edc7a318a01be8c2e4eaa501f90376da798d0f2,-76,,3,64,12.0,3
14:31:43,26.0,3,582ef2495ad75e149151d865dff80d60d80f65477eb48b0066adbf8105323351,-49,,3,64,12.0,3
14:31:44,2.0,3,728e502cf6188c7b0a6e5abbf7a6cc5754ec86b8e9a129062a152aba5f6c5db8,-87,,3,64,,3
14:31:45,2.0,3,728e502cf6188c7b0a6e5abbf7a6cc5754ec86b8e9a129062a152aba5f6c5db8,-86,,3,64,,3
14:31:45,26.0,3,7b0e244396b4f4e7809c280405471d0d4c784a6db03c2ebb1a24776a95f7d073,-90,,3,64,8.0,3
14:31:46,26.0,3,9a09de8004812808143117316edc7a318a01be8c2e4eaa501f90376da798d0f2,-87,,3,64,12.0,3
14:31:47,26.0,3,582ef2495ad75e149151d865dff80d60d80f65477eb48b0066adbf8105323351,-46,,3,64,12.0,3
14:31:48,26.0,3,582ef2495ad75e149151d865dff80d60d80f65477eb48b0066adbf8105323351,-53,,3,64,12.0,3
14:31:48,2.0,3,728e502cf6188c7b0a6e5abbf7a6cc5754ec86b8e9a129062a152aba5f6c5db8,-91,,3,64,,3
14:31:49,26.0,3,7b0e244396b4f4e7809c280405471d0d4c784a6db03c2ebb1a24776a95f7d073,-82,,3,64,8.0,3
14:31:50,26.0,3,582ef2495ad75e149151d865dff80d60d80f65477eb48b0066adbf8105323351,-41,,3,64,12.0,3
14:31:51,26.0,3,7b0e244396b4f4e7809c280405471d0d4c784a6db03c2ebb1a24776a95f7d073,-84,,3,64,8.0,3
14:31:52,26.0,3,7b0e244396b4f4e7809c280405471d0d4c784a6db03c2ebb1a24776a95f7d073,-85,,3,64,8.0,3
14:31:52,26.0,3,582ef2495ad75e149151d865dff80d60d80f65477eb48b0066adbf8105323351,-47,,3,64,12.0,3
14:31:53,26.0,3,7b0e244396b4f4e7809c280405471d0d4c784a6db03c2ebb1a24776a95f7d073,-84,,3,64,8.0,3
14:31:54,26.0,3,9a09de8004812808143117316edc7a318a01be8c2e4eaa501f90376da798d0f2,-84,,3,64,12.0,3
14:31:55,26.0,3,582ef2495ad75e149151d865dff80d60d80f65477eb48b0066adbf8105323351,-48,,3,64,12.0,3
14:31:56,26.0,3,9a09de8004812808143117316edc7a318a01be8c2e4eaa501f90376da798d0f2,-81,,3,64,12.0,3
14:31:56,26.0,3,9a09de8004812808143117316edc7a318a01be8c2e4eaa501f90376da798d0f2,-76,,3,64,12.0,3
14:31:57,2.0,3,728e502cf6188c7b0a6e5abbf7a6cc5754ec86b8e9a129062a152aba5f6c5db8,-90,,3,64,,3
14:31:58,26.0,3,9a09de8004812808143117316edc7a318a01be8c2e4eaa501f90376da798d0f2,-76,,3,64,12.0,3
14:31:59,26.0,3,9a09de8004812808143117316edc7a318a01be8c2e4eaa501f90376da798d0f2,-80,,3,64,12.0,3
14:32:00,26.0,3,582ef2495ad75e149151d865dff80d60d80f65477eb48b0066adbf8105323351,-53,,3,64,12.0,3
14:32:00,26.0,3,7b0e244396b4f4e7809c280405471d0d4c784a6db03c2ebb1a24776a95f7d073,-88,,3,64,8.0,3
14:32:01,26.0,3,9a09de8004812808143117316edc7a318a01be8c2e4eaa501f90376da798d0f2,-81,,3,64,12.0,3
14:32:02,26.0,3,7b0e244396b4f4e7809c280405471d0d4c784a6db03c2ebb1a24776a95f7d073,-85,,3,64,8.0,3
14:32:03,,3,0a7f7b061449338fd4f9dda78d504efac3bbf16c5789795bc15ca3744021abfa,-84,,3,64,,3
14:32:03,26.0,3,9a09de8004812808143117316edc7a318a01be8c2e4eaa501f90376da798d0f2,-78,,3,64,12.0,3
14:32:04,26.0,3,7b0e244396b4f4e7809c280405471d0d4c784a6db03c2ebb1a24776a95f7d073,-86,,3,64,8.0,3
14:32:05,26.0,3,9a09de8004812808143117316edc7a318a01be8c2e4eaa501f90376da798d0f2,-77,,3,64,12.0,3
14:32:06,26.0,3,9a09de8004812808143117316edc7a318a01be8c2e4eaa501f90376da798d0f2,-81,,3,64,12.0,3
14:32:07,26.0,3,7b0e244396b4f4e7809c280405471d0d4c784a6db03c2ebb1a24776a95f7d073,-85,,3,64,8.0,3
14:32:07,26.0,3,582ef2495ad75e149151d865dff80d60d80f65477eb48b0066adbf8105323351,-47,,3,64,12.0,3
14:32:08,26.0,3,7b0e244396b4f4e7809c280405471d0d4c784a6db03c2ebb1a24776a95f7d073,-84,,3,64,8.0,3
14:32:09,26.0,3,582ef2495ad75e149151d865dff80d60d80f65477eb48b0066adbf8105323351,-48,,3,64,12.0,3
14:32:10,26.0,3,7b0e244396b4f4e7809c280405471d0d4c784a6db03c2ebb1a24776a95f7d073,-85,,3,64,8.0,3
14:32:11,,3,0a7f7b061449338fd4f9dda78d504efac3bbf16c5789795bc15ca3744021abfa,-84,,3,64,,3
14:32:11,26.0,3,9a09de8004812808143117316edc7a318a01be8c2e4eaa501f90376da798d0f2,-83,,3,64,12.0,3
14:32:12,26.0,3,582ef2495ad75e149151d865dff80d60d80f65477eb48b0066adbf8105323351,-48,,3,64,12.0,3
14:32:13,26.0,3,9a09de8004812808143117316edc7a318a01be8c2e4eaa501f90376da798d0f2,-82,,3,64,12.0,3
14:32:14,26.0,3,7b0e244396b4f4e7809c280405471d0d4c784a6db03c2ebb1a24776a95f7d073,-83,,3,64,8.0,3
14:32:14,26.0,3,582ef2495ad75e149151d865dff80d60d80f65477eb48b0066adbf8105323351,-48,,3,64,12.0,3
14:32:15,26.0,3,9a09de8004812808143117316edc7a318a01be8c2e4eaa501f90376da798d0f2,-79,,3,64,12.0,3
14:32:16,26.0,3,9a09de8004812808143117316edc7a318a01be8c2e4eaa501f90376da798d0f2,-82,,3,64,12.0,3
14:32:17,26.0,3,9a09de8004812808143117316edc7a318a01be8c2e4eaa501f90376da798d0f2,-81,,3,64,12.0,3
14:32:18,26.0,3,582ef2495ad75e149151d865dff80d60d80f65477eb48b0066adbf8105323351,-39,,3,64,12.0,3
14:32:18,26.0,3,582ef2495ad75e149151d865dff80d60d80f65477eb48b0066adbf8105323351,-61,,3,64,12.0,3
14:32:19,26.0,3,9a09de8004812808143117316edc7a318a01be8c2e4eaa501f90376da798d0f2,-83,,3,64,12.0,3
14:32:20,26.0,3,9a09de8004812808143117316edc7a318a01be8c2e4eaa501f90376da798d0f2,-80,,3,64,12.0,3
14:32:21,,3,0a7f7b061449338fd4f9dda78d504efac3bbf16c5789795bc15ca3744021abfa,-86,,3,64,,3
14:32:22,,3,bd420b16aeda83e38f77c196333859da4d33986aed387aca73198be3e9c6d4c1,-51,,3,64,,3
14:32:22,26.0,3,9a09de8004812808143117316edc7a318a01be8c2e4eaa501f90376da798d0f2,-79,,3,64,12.0,3
14:32:23,26.0,3,582ef2495ad75e149151d865dff80d60d80f65477eb48b0066adbf8105323351,-47,,3,64,12.0,3
14:32:24,26.0,3,582ef2495ad75e149151d865dff80d60d80f65477eb48b0066adbf8105323351,-54,,3,64,12.0,3
14:32:25,26.0,3,7b0e244396b4f4e7809c280405471d0d4c784a6db03c2ebb1a24776a95f7d073,-85,,3,64,8.0,3
14:32:26,,3,bd420b16aeda83e38f77c196333859da4d33986aed387aca73198be3e9c6d4c1,-50,,3,64,,3
14:32:26,26.0,3,7b0e244396b4f4e7809c280405471d0d4c784a6db03c2ebb1a24776a95f7d073,-89,,3,64,8.0,3
14:32:27,26.0,3,582ef2495ad75e149151d865dff80d60d80f65477eb48b0066adbf8105323351,-48,,3,64,12.0,3
14:32:28,26.0,3,9a09de8004812808143117316edc7a318a01be8c2e4eaa501f90376da798d0f2,-84,,3,64,12.0,3
14:32:29,26.0,3,9a09de8004812808143117316edc7a318a01be8c2e4eaa501f90376da798d0f2,-79,,3,64,12.0,3
14:32:29,26.0,3,582ef2495ad75e149151d865dff80d60d80f65477eb48b0066adbf8105323351,-39,,3,64,12.0,3
14:32:30,26.0,3,9a09de8004812808143117316edc7a318a01be8c2e4eaa501f90376da798d0f2,-79,,3,64,12.0,3
14:32:31,2.0,3,728e502cf6188c7b0a6e5abbf7a6cc5754ec86b8e9a129062a152aba5f6c5db8,-89,,3,64,,3
14:32:32,26.0,3,582ef2495ad75e149151d865dff80d60d80f65477eb48b0066adbf8105323351,-50,,3,64,12.0,3
14:32:33,26.0,3,7b0e244396b4f4e7809c280405471d0d4c784a6db03c2ebb1a24776a95f7d073,-83,,3,64,8.0,3
14:32:33,26.0,3,7b0e244396b4f4e7809c280405471d0d4c784a6db03c2ebb1a24776a95f7d073,-85,,3,64,8.0,3
14:32:34,26.0,3,7b0e244396b4f4e7809c280405471d0d4c784a6db03c2ebb1a24776a95f7d073,-88,,3,64,8.0,3
14:32:35,26.0,3,9a09de8004812808143117316edc7a318a01be8c2e4eaa501f90376da798d0f2,-79,,3,64,12.0,3
14:32:36,2.0,3,16aadfde32304b37fd1445e37fa057fcccfb38bdc3725fc02c5cc90cc0c2293c,-91,,3,64,,3
14:32:37,26.0,3,9a09de8004812808143117316edc7a318a01be8c2e4eaa501f90376da798d0f2,-76,,3,64,12.0,3
14:32:37,26.0,3,9a09de8004812808143117316edc7a318a01be8c2e4eaa501f90376da798d0f2,-76,,3,64,12.0,3
14:32:38,26.0,3,582ef2495ad75e149151d865dff80d60d80f65477eb48b0066adbf8105323351,-55,,3,64,12.0,3
14:32:39,2.0,3,16aadfde32304b37fd1445e37fa057fcccfb38bdc3725fc02c5cc90cc0c2293c,-91,,3,64,,3
14:32:40,26.0,3,9a09de8004812808143117316edc7a318a01be8c2e4eaa501f90376da798d0f2,-78,,3,64,12.0,3
14:32:41,2.0,3,16aadfde32304b37fd1445e37fa057fcccfb38bdc3725fc02c5cc90cc0c2293c,-91,,3,64,,3
14:32:41,2.0,3,16aadfde32304b37fd1445e37fa057fcccfb38bdc3725fc02c5cc90cc0c2293c,-93,,3,64,,3
14:32:42,26.0,3,9a09de8004812808143117316edc7a318a01be8c2e4eaa501f90376da798d0f2,-75,,3,64,12.0,3
14:32:43,26.0,3,9a09de8004812808143117316edc7a318a01be8c2e4eaa501f90376da798d0f2,-79,,3,64,12.0,3
14:32:44,,3,0a7f7b061449338fd4f9dda78d504efac3bbf16c5789795bc15ca3744021abfa,-68,,3,64,,3
14:32:44,26.0,3,9a09de8004812808143117316edc7a318a01be8c2e4eaa501f90376da798d0f2,-76,,3,64,12.0,3
14:32:45,26.0,3,9a09de8004812808143117316edc7a318a01be8c2e4eaa501f90376da798d0f2,-78,,3,64,12.0,3
14:32:46,26.0,3,9a09de8004812808143117316edc7a318a01be8c2e4eaa501f90376da798d0f2,-76,,3,64,12.0,3
14:32:47,2.0,3,16aadfde32304b37fd1445e37fa057fcccfb38bdc3725fc02c5cc90cc0c2293c,-94,,3,64,,3
14:32:48,26.0,3,7b0e244396b4f4e7809c280405471d0d4c784a6db03c2ebb1a24776a95f7d073,-82,,3,64,8.0,3
14:32:48,2.0,3,16aadfde32304b37fd1445e37fa057fcccfb38bdc3725fc02c5cc90cc0c2293c,-94,,3,64,,3
14:32:49,26.0,3,582ef2495ad75e149151d865dff80d60d80f65477eb48b0066adbf8105323351,-50,,3,64,12.0,3
14:32:50,26.0,3,582ef2495ad75e149151d865dff80d60d80f65477eb48b0066adbf8105323351,-63,,3,64,12.0,3
14:32:51,2.0,3,16aadfde32304b37fd1445e37fa057fcccfb38bdc3725fc02c5cc90cc0c2293c,-89,,3,64,,3
14:32:52,26.0,3,9a09de8004812808143117316edc7a318a01be8c2e4eaa501f90376da798d0f2,-78,,3,64,12.0,3
14:32:52,26.0,3,7b0e244396b4f4e7809c280405471d0d4c784a6db03c2ebb1a24776a95f7d073,-81,,3,64,8.0,3
14:32:53,26.0,3,582ef2495ad75e149151d865dff80d60d80f65477eb48b0066adbf8105323351,-50,,3,64,12.0,3
14:32:54,26.0,3,9a09de8004812808143117316edc7a318a01be8c2e4eaa501f90376da798d0f2,-86,,3,64,12.0,3
14:32:55,26.0,3,9a09de8004812808143117316edc7a318a01be8c2e4eaa501f90376da798d0f2,-77,,3,64,12.0,3
14:32:56,26.0,3,582ef2495ad75e149151d865dff80d60d80f65477eb48b0066adbf8105323351,-47,,3,64,12.0,3
14:32:56,26.0,3,9a09de8004812808143117316edc7a318a01be8c2e4eaa501f90376da798d0f2,-75,,3,64,12.0,3
14:32:57,26.0,3,9a09de8004812808143117316edc7a318a01be8c2e4eaa501f90376da798d0f2,-84,,3,64,12.0,3
14:32:58,26.0,3,7b0e244396b4f4e7809c280405471d0d4c784a6db03c2ebb1a24776a95f7d073,-78,,3,64,8.0,3
14:32:59,26.0,3,582ef2495ad75e149151d865dff80d60d80f65477eb48b0066adbf8105323351,-49,,3,64,12.0,3
14:33:00,26.0,3,7b0e244396b4f4e7809c280405471d0d4c784a6db03c2ebb1a24776a95f7d073,-79,,3,64,8.0,3
14:33:00,2.0,3,16aadfde32304b37fd1445e37fa057fcccfb38bdc3725fc02c5cc90cc0c2293c,-93,,3,64,,3
14:33:01,26.0,3,9a09de8004812808143117316edc7a318a01be8c2e4eaa501f90376da798d0f2,-79,,3,64,12.0,3
14:33:02,26.0,3,9a09de8004812808143117316edc7a318a01be8c2e4eaa501f90376da798d0f2,-79,,3,64,12.0,3
14:33:03,26.0,3,9a09de8004812808143117316edc7a318a01be8c2e4eaa501f90376da798d0f2,-82,,3,64,12.0,3
14:33:03,2.0,3,16aadfde32304b37fd1445e37fa057fcccfb38bdc3725fc02c5cc90cc0c2293c,-94,,3,64,,3
14:33:04,26.0,3,7b0e244396b4f4e7809c280405471d0d4c784a6db03c2ebb1a24776a95f7d073,-83,,3,64,8.0,3
14:33:05,,3,0a7f7b061449338fd4f9dda78d504efac3bbf16c5789795bc15ca3744021abfa,-84,,3,64,,3
14:33:06,26.0,3,7b0e244396b4f4e7809c280405471d0d4c784a6db03c2ebb1a24776a95f7d073,-80,,3,64,8.0,3
14:33:07,2.0,3,4d63b9a56719b299aeb49dd7e07c1f100515725832a2da4b4a4f9ab99e81fd1a,-93,,3,64,,3
14:33:07,,3,bd420b16aeda83e38f77c196333859da4d33986aed387aca73198be3e9c6d4c1,-49,,3,64,,3
14:33:08,2.0,3,4d63b9a56719b299aeb49dd7e07c1f100515725832a2da4b4a4f9ab99e81fd1a,-91,,3,64,,3
14:33:09,26.0,3,9a09de8004812808143117316edc7a318a01be8c2e4eaa501f90376da798d0f2,-85,,3,64,12.0,3
14:33:10,26.0,3,7b0e244396b4f4e7809c280405471d0d4c784a6db03c2ebb1a24776a95f7d073,-79,,3,64,8.0,3
14:33:11,26.0,3,9a09de8004812808143117316edc7a318a01be8c2e4eaa501f90376da798d0f2,-73,,3,64,12.0,3
14:33:11,,3,bd420b16aeda83e38f77c196333859da4d33986aed387aca73198be3e9c6d4c1,-41,,3,64,,3
14:33:12,26.0,3,9a09de8004812808143117316edc7a318a01be8c2e4eaa501f90376da798d0f2,-76,,3,64,12.0,3
14:33:13,26.0,3,7b0e244396b4f4e7809c280405471d0d4c784a6db03c2ebb1a24776a95f7d073,-83,,3,64,8.0,3
14:33:14,26.0,3,7b0e244396b4f4e7809c280405471d0d4c784a6db03c2ebb1a24776a95f7d073,-81,,3,64,8.0,3
14:33:14,26.0,3,9a09de8004812808143117316edc7a318a01be8c2e4eaa501f90376da798d0f2,-79,,3,64,12.0,3
14:33:15,,3,bd420b16aeda83e38f77c196333859da4d33986aed387aca73198be3e9c6d4c1,-50,,3,64,,3
14:33:16,26.0,3,9a09de8004812808143117316edc7a318a01be8c2e4eaa501f90376da798d0f2,-83,,3,64,12.0,3
14:33:17,26.0,3,9a09de8004812808143117316edc7a318a01be8c2e4eaa501f90376da798d0f2,-75,,3,64,12.0,3
14:33:18,26.0,3,7b0e244396b4f4e7809c280405471d0d4c784a6db03c2ebb1a24776a95f7d073,-82,,3,64,8.0,3
14:33:18,26.0,3,9a09de8004812808143117316edc7a318a01be8c2e4eaa501f90376da798d0f2,-78,,3,64,12.0,3
14:33:19,26.0,3,9a09de8004812808143117316edc7a318a01be8c2e4eaa501f90376da798d0f2,-82,,3,64,12.0,3
14:33:20,26.0,3,9a09de8004812808143117316edc7a318a01be8c2e4eaa501f90376da798d0f2,-80,,3,64,12.0,3
14:33:21,26.0,3,9a09de8004812808143117316edc7a318a01be8c2e4eaa501f90376da798d0f2,-77,,3,64,12.0,3
14:33:22,26.0,3,9a09de8004812808143117316edc7a318a01be8c2e4eaa501f90376da798d0f2,-81,,3,64,12.0,3
14:33:22,26.0,3,9a09de8004812808143117316edc7a318a01be8c2e4eaa501f90376da798d0f2,-76,,3,64,12.0,3
14:33:23,26.0,3,9a09de8004812808143117316edc7a318a01be8c2e4eaa501f90376da798d0f2,-79,,3,64,12.0,3
14:33:24,26.0,3,9a09de8004812808143117316edc7a318a01be8c2e4eaa501f90376da798d0f2,-74,,3,64,12.0,3
14:33:25,26.0,3,7b0e244396b4f4e7809c280405471d0d4c784a6db03c2ebb1a24776a95f7d073,-69,,3,64,8.0,3
14:33:26,26.0,3,7b0e244396b4f4e7809c280405471d0d4c784a6db03c2ebb1a24776a95f7d073,-71,,3,64,8.0,3
14:33:26,26.0,3,9a09de8004812808143117316edc7a318a01be8c2e4eaa501f90376da798d0f2,-82,,3,64,12.0,3
14:33:27,26.0,3,7b0e244396b4f4e7809c280405471d0d4c784a6db03c2ebb1a24776a95f7d073,-70,,3,64,8.0,3
14:33:28,,3,0a7f7b061449338fd4f9dda78d504efac3bbf16c5789795bc15ca3744021abfa,-71,,3,64,,3
14:33:29,26.0,3,9a09de8004812808143117316edc7a318a01be8c2e4eaa501f90376da798d0f2,-84,,3,64,12.0,3
14:33:29,,3,0a7f7b061449338fd4f9dda78d504efac3bbf16c5789795bc15ca3744021abfa,-72,,3,64,,3
14:33:30,26.0,3,9a09de8004812808143117316edc7a318a01be8c2e4eaa501f90376da798d0f2,-80,,3,64,12.0,3
14:33:31,26.0,3,7b0e244396b4f4e7809c280405471d0d4c784a6db03c2ebb1a24776a95f7d073,-73,,3,64,8.0,3
14:33:32,26.0,3,7b0e244396b4f4e7809c280405471d0d4c784a6db03c2ebb1a24776a95f7d073,-70,,3,64,8.0,3
14:33:33,26.0,3,7b0e244396b4f4e7809c280405471d0d4c784a6db03c2ebb1a24776a95f7d073,-75,,3,64,8.0,3
14:33:33,26.0,3,9a09de8004812808143117316edc7a318a01be8c2e4eaa501f90376da798d0f2,-79,,3,64,12.0,3
14:33:34,26.0,3,9a09de8004812808143117316edc7a318a01be8c2e4eaa501f90376da798d0f2,-76,,3,64,12.0,3
14:33:35,26.0,3,7b0e244396b4f4e7809c280405471d0d4c784a6db03c2ebb1a24776a95f7d073,-78,,3,64,8.0,3
14:33:36,26.0,3,7b0e244396b4f4e7809c280405471d0d4c784a6db03c2ebb1a24776a95f7d073,-70,,3,64,8.0,3
14:33:36,,3,0a7f7b061449338fd4f9dda78d504efac3bbf16c5789795bc15ca3744021abfa,-70,,3,64,,3
14:33:37,26.0,3,7b0e244396b4f4e7809c280405471d0d4c784a6db03c2ebb1a24776a95f7d073,-75,,3,64,8.0,3
14:33:38,26.0,3,7b0e244396b4f4e7809c280405471d0d4c784a6db03c2ebb1a24776a95f7d073,-80,,3,64,8.0,3
14:33:39,26.0,3,7b0e244396b4f4e7809c280405471d0d4c784a6db03c2ebb1a24776a95f7d073,-77,,3,64,8.0,3
14:33:39,26.0,3,7b0e244396b4f4e7809c280405471d0d4c784a6db03c2ebb1a24776a95f7d073,-81,,3,64,8.0,3
14:33:40,,3,0a7f7b061449338fd4f9dda78d504efac3bbf16c5789795bc15ca3744021abfa,-75,,3,64,,3
14:33:41,,3,bd420b16aeda83e38f77c196333859da4d33986aed387aca73198be3e9c6d4c1,-50,,3,64,,3
14:33:42,26.0,3,7b0e244396b4f4e7809c280405471d0d4c784a6db03c2ebb1a24776a95f7d073,-69,,3,64,8.0,3
14:33:43,26.0,3,9a09de8004812808143117316edc7a318a01be8c2e4eaa501f90376da798d0f2,-77,,3,64,12.0,3
14:33:44,26.0,3,7b0e244396b4f4e7809c280405471d0d4c784a6db03c2ebb1a24776a95f7d073,-69,,3,64,8.0,3
14:33:44,26.0,3,9a09de8004812808143117316edc7a318a01be8c2e4eaa501f90376da798d0f2,-79,,3,64,12.0,3
14:33:45,26.0,3,9a09de8004812808143117316edc7a318a01be8c2e4eaa501f90376da798d0f2,-83,,3,64,12.0,3
14:33:46,,3,0a7f7b061449338fd4f9dda78d504efac3bbf16c5789795bc15ca3744021abfa,-70,,3,64,,3
14:33:47,26.0,3,7b0e244396b4f4e7809c280405471d0d4c784a6db03c2ebb1a24776a95f7d073,-85,,3,64,8.0,3
14:33:48,26.0,3,9a09de8004812808143117316edc7a318a01be8c2e4eaa501f90376da798d0f2,-77,,3,64,12.0,3
14:33:48,26.0,3,9a09de8004812808143117316edc7a318a01be8c2e4eaa501f90376da798d0f2,-82,,3,64,12.0,3
14:33:49,,3,bd420b16aeda83e38f77c196333859da4d33986aed387aca73198be3e9c6d4c1,-50,,3,64,,3
14:33:50,,3,0a7f7b061449338fd4f9dda78d504efac3bbf16c5789795bc15ca3744021abfa,-79,,3,64,,3
14:33:51,26.0,3,9a09de8004812808143117316edc7a318a01be8c2e4eaa501f90376da798d0f2,-78,,3,64,12.0,3
14:33:52,26.0,3,7b0e244396b4f4e7809c280405471d0d4c784a6db03c2ebb1a24776a95f7d073,-78,,3,64,8.0,3
14:33:52,,3,0a7f7b061449338fd4f9dda78d504efac3bbf16c5789795bc15ca3744021abfa,-76,,3,64,,3
14:33:53,26.0,3,9a09de8004812808143117316edc7a318a01be8c2e4eaa501f90376da798d0f2,-77,,3,64,12.0,3
14:33:54,26.0,3,7b0e244396b4f4e7809c280405471d0d4c784a6db03c2ebb1a24776a95f7d073,-73,,3,64,8.0,3
14:33:55,26.0,3,7b0e244396b4f4e7809c280405471d0d4c784a6db03c2ebb1a24776a95f7d073,-73,,3,64,8.0,3
14:33:56,26.0,3,7b0e244396b4f4e7809c280405471d0d4c784a6db03c2ebb1a24776a95f7d073,-75,,3,64,8.0,3
14:33:56,26.0,3,7b0e244396b4f4e7809c280405471d0d4c784a6db03c2ebb1a24776a95f7d073,-74,,3,64,8.0,3
14:33:57,26.0,3,7b0e244396b4f4e7809c280405471d0d4c784a6db03c2ebb1a24776a95f7d073,-75,,3,64,8.0,3
14:33:58,26.0,3,9a09de8004812808143117316edc7a318a01be8c2e4eaa501f90376da798d0f2,-74,,3,64,12.0,3
14:33:59,26.0,3,9a09de8004812808143117316edc7a318a01be8c2e4eaa501f90376da798d0f2,-78,,3,64,12.0,3
14:33:59,26.0,3,7b0e244396b4f4e7809c280405471d0d4c784a6db03c2ebb1a24776a95f7d073,-71,,3,64,8.0,3
14:34:00,26.0,3,7b0e244396b4f4e7809c280405471d0d4c784a6db03c2ebb1a24776a95f7d073,-84,,3,64,8.0,3
14:34:01,,3,bd420b16aeda83e38f77c196333859da4d33986aed387aca73198be3e9c6d4c1,-52,,3,64,,3
14:34:02,26.0,3,7b0e244396b4f4e7809c280405471d0d4c784a6db03c2ebb1a24776a95f7d073,-77,,3,64,8.0,3
14:34:03,,3,0a7f7b061449338fd4f9dda78d504efac3bbf16c5789795bc15ca3744021abfa,-76,,3,64,,3
14:34:03,26.0,3,7b0e244396b4f4e7809c280405471d0d4c784a6db03c2ebb1a24776a95f7d073,-76,,3,64,8.0,3
14:34:04,26.0,3,7b0e244396b4f4e7809c280405471d0d4c784a6db03c2ebb1a24776a95f7d073,-77,,3,64,8.0,3
14:34:05,26.0,3,9a09de8004812808143117316edc7a318a01be8c2e4eaa501f90376da798d0f2,-75,,3,64,12.0,3
14:34:06,26.0,3,7b0e244396b4f4e7809c280405471d0d4c784a6db03c2ebb1a24776a95f7d073,-75,,3,64,8.0,3
14:34:07,26.0,3,9a09de8004812808143117316edc7a318a01be8c2e4eaa501f90376da798d0f2,-80,,3,64,12.0,3
14:34:07,26.0,3,9a09de8004812808143117316edc7a318a01be8c2e4eaa501f90376da798d0f2,-77,,3,64,12.0,3
14:34:08,26.0,3,9a09de8004812808143117316edc7a318a01be8c2e4eaa501f90376da798d0f2,-76,,3,64,12.0,3
14:34:09,26.0,3,9a09de8004812808143117316edc7a318a01be8c2e4eaa501f90376da798d0f2,-77,,3,64,12.0,3
14:34:10,2.0,3,8d771b11f3ceaef44d9d8fa3e1105a455fec212b15ed925c3beca598291a8941,-92,,3,64,,3
14:34:11,26.0,3,7b0e244396b4f4e7809c280405471d0d4c784a6db03c2ebb1a24776a95f7d073,-78,,3,64,8.0,3
14:34:11,26.0,3,9a09de8004812808143117316edc7a318a01be8c2e4eaa501f90376da798d0f2,-80,,3,64,12.0,3
14:34:12,26.0,3,9a09de8004812808143117316edc7a318a01be8c2e4eaa501f90376da798d0f2,-78,,3,64,12.0,3
14:34:13,26.0,3,7b0e244396b4f4e7809c280405471d0d4c784a6db03c2ebb1a24776a95f7d073,-73,,3,64,8.0,3
14:34:14,2.0,3,f8f8b1f81b7f854976625ca42408d1aaea2ddbf80a76201c8e518f33b91b635c,-85,,3,64,,3
14:34:14,26.0,3,9a09de8004812808143117316edc7a318a01be8c2e4eaa501f90376da798d0f2,-82,,3,64,12.0,3
14:34:15,26.0,3,9a09de8004812808143117316edc7a318a01be8c2e4eaa501f90376da798d0f2,-74,,3,64,12.0,3
14:34:16,26.0,3,cdda3482f206ab2de644d3d909e2556d9ec6b9d7cd3212a1399907719fba3823,-74,,3,64,8.0,3
14:34:17,26.0,3,cdda3482f206ab2de644d3d909e2556d9ec6b9d7cd3212a1399907719fba3823,-75,,3,64,8.0,3
14:34:18,26.0,3,9a09de8004812808143117316edc7a318a01be8c2e4eaa501f90376da798d0f2,-76,,3,64,12.0,3
14:34:18,26.0,3,9a09de8004812808143117316edc7a318a01be8c2e4eaa501f90376da798d0f2,-80,,3,64,12.0,3
14:34:19,26.0,3,cdda3482f206ab2de644d3d909e2556d9ec6b9d7cd3212a1399907719fba3823,-81,,3,64,8.0,3
14:34:20,,3,0a7f7b061449338fd4f9dda78d504efac3bbf16c5789795bc15ca3744021abfa,-76,,3,64,,3
14:34:21,26.0,3,9a09de8004812808143117316edc7a318a01be8c2e4eaa501f90376da798d0f2,-75,,3,64,12.0,3
14:34:22,26.0,3,9a09de8004812808143117316edc7a318a01be8c2e4eaa501f90376da798d0f2,-80,,3,64,12.0,3
14:34:22,26.0,3,9a09de8004812808143117316edc7a318a01be8c2e4eaa501f90376da798d0f2,-77,,3,64,12.0,3
14:34:23,26.0,3,cdda3482f206ab2de644d3d909e2556d9ec6b9d7cd3212a1399907719fba3823,-77,,3,64,8.0,3
14:34:24,26.0,3,9a09de8004812808143117316edc7a318a01be8c2e4eaa501f90376da798d0f2,-75,,3,64,12.0,3
14:34:25,26.0,3,9a09de8004812808143117316edc7a318a01be8c2e4eaa501f90376da798d0f2,-76,,3,64,12.0,3
14:34:26,26.0,3,cdda3482f206ab2de644d3d909e2556d9ec6b9d7cd3212a1399907719fba3823,-69,,3,64,8.0,3
14:34:26,26.0,3,9a09de8004812808143117316edc7a318a01be8c2e4eaa501f90376da798d0f2,-76,,3,64,12.0,3
14:34:27,26.0,3,9a09de8004812808143117316edc7a318a01be8c2e4eaa501f90376da798d0f2,-82,,3,64,12.0,3
14:34:28,26.0,3,9a09de8004812808143117316edc7a318a01be8c2e4eaa501f90376da798d0f2,-74,,3,64,12.0,3
14:34:29,26.0,3,cdda3482f206ab2de644d3d909e2556d9ec6b9d7cd3212a1399907719fba3823,-70,,3,64,8.0,3
14:34:29,26.0,3,cdda3482f206ab2de644d3d909e2556d9ec6b9d7cd3212a1399907719fba3823,-77,,3,64,8.0,3
14:34:30,26.0,3,9a09de8004812808143117316edc7a318a01be8c2e4eaa501f90376da798d0f2,-81,,3,64,12.0,3
14:34:31,26.0,3,cdda3482f206ab2de644d3d909e2556d9ec6b9d7cd3212a1399907719fba3823,-79,,3,64,8.0,3
14:34:32,26.0,3,9a09de8004812808143117316edc7a318a01be8c2e4eaa501f90376da798d0f2,-75,,3,64,12.0,3
14:34:33,26.0,3,9a09de8004812808143117316edc7a318a01be8c2e4eaa501f90376da798d0f2,-73,,3,64,12.0,3
14:34:33,,3,bd420b16aeda83e38f77c196333859da4d33986aed387aca73198be3e9c6d4c1,-53,,3,64,,3
14:34:34,26.0,3,cdda3482f206ab2de644d3d909e2556d9ec6b9d7cd3212a1399907719fba3823,-76,,3,64,8.0,3
14:34:35,26.0,3,9a09de8004812808143117316edc7a318a01be8c2e4eaa501f90376da798d0f2,-75,,3,64,12.0,3
14:34:36,26.0,3,9a09de8004812808143117316edc7a318a01be8c2e4eaa501f90376da798d0f2,-83,,3,64,12.0,3
14:34:37,26.0,3,cdda3482f206ab2de644d3d909e2556d9ec6b9d7cd3212a1399907719fba3823,-75,,3,64,8.0,3
14:34:37,,3,bd420b16aeda83e38f77c196333859da4d33986aed387aca73198be3e9c6d4c1,-52,,3,64,,3
14:34:38,,3,0a7f7b061449338fd4f9dda78d504efac3bbf16c5789795bc15ca3744021abfa,-76,,3,64,,3
14:34:39,26.0,3,9a09de8004812808143117316edc7a318a01be8c2e4eaa501f90376da798d0f2,-81,,3,64,12.0,3
14:34:40,26.0,3,9a09de8004812808143117316edc7a318a01be8c2e4eaa501f90376da798d0f2,-75,,3,64,12.0,3
14:34:41,26.0,3,cdda3482f206ab2de644d3d909e2556d9ec6b9d7cd3212a1399907719fba3823,-70,,3,64,8.0,3
14:34:41,26.0,3,cdda3482f206ab2de644d3d909e2556d9ec6b9d7cd3212a1399907719fba3823,-78,,3,64,8.0,3
14:34:42,26.0,3,9a09de8004812808143117316edc7a318a01be8c2e4eaa501f90376da798d0f2,-75,,3,64,12.0,3
14:34:43,26.0,3,cdda3482f206ab2de644d3d909e2556d9ec6b9d7cd3212a1399907719fba3823,-76,,3,64,8.0,3
14:34:44,26.0,3,9a09de8004812808143117316edc7a318a01be8c2e4eaa501f90376da798d0f2,-75,,3,64,12.0,3
14:34:44,26.0,3,9a09de8004812808143117316edc7a318a01be8c2e4eaa501f90376da798d0f2,-71,,3,64,12.0,3
14:34:45,26.0,3,9a09de8004812808143117316edc7a318a01be8c2e4eaa501f90376da798d0f2,-78,,3,64,12.0,3
14:34:46,26.0,3,9a09de8004812808143117316edc7a318a01be8c2e4eaa501f90376da798d0f2,-72,,3,64,12.0,3
14:34:47,26.0,3,9a09de8004812808143117316edc7a318a01be8c2e4eaa501f90376da798d0f2,-83,,3,64,12.0,3
14:34:48,2.0,3,31e8ae8cd03bd6bb9ebdc4db5128f8c5dbdcac04715426f96bf88cdffd8c5841,-92,,3,64,,3
14:34:48,26.0,3,9a09de8004812808143117316edc7a318a01be8c2e4eaa501f90376da798d0f2,-75,,3,64,12.0,3
14:34:49,26.0,3,cdda3482f206ab2de644d3d909e2556d9ec6b9d7cd3212a1399907719fba3823,-72,,3,64,8.0,3
14:34:50,2.0,3,f8f8b1f81b7f854976625ca42408d1aaea2ddbf80a76201c8e518f33b91b635c,-94,,3,64,,3
14:34:51,26.0,3,9a09de8004812808143117316edc7a318a01be8c2e4eaa501f90376da798d0f2,-79,,3,64,12.0,3
14:34:52,26.0,3,cdda3482f206ab2de644d3d909e2556d9ec6b9d7cd3212a1399907719fba3823,-77,,3,64,8.0,3
14:34:52,2.0,3,31e8ae8cd03bd6bb9ebdc4db5128f8c5dbdcac04715426f96bf88cdffd8c5841,-92,,3,64,,3
14:34:53,26.0,3,cdda3482f206ab2de644d3d909e2556d9ec6b9d7cd3212a1399907719fba3823,-77,,3,64,8.0,3
14:34:54,2.0,3,31e8ae8cd03bd6bb9ebdc4db5128f8c5dbdcac04715426f96bf88cdffd8c5841,-91,,3,64,,3
14:34:55,26.0,3,9a09de8004812808143117316edc7a318a01be8c2e4eaa501f90376da798d0f2,-71,,3,64,12.0,3
14:34:55,2.0,3,31e8ae8cd03bd6bb9ebdc4db5128f8c5dbdcac04715426f96bf88cdffd8c5841,-89,,3,64,,3
14:34:56,,3,0a7f7b061449338fd4f9dda78d504efac3bbf16c5789795bc15ca3744021abfa,-76,,3,64,,3
14:34:57,26.0,3,9a09de8004812808143117316edc7a318a01be8c2e4eaa501f90376da798d0f2,-75,,3,64,12.0,3
14:34:58,26.0,3,cdda3482f206ab2de644d3d909e2556d9ec6b9d7cd3212a1399907719fba3823,-73,,3,64,8.0,3
14:34:59,2.0,3,31e8ae8cd03bd6bb9ebdc4db5128f8c5dbdcac04715426f96bf88cdffd8c5841,-89,,3,64,,3
14:34:59,,3,bd420b16aeda83e38f77c196333859da4d33986aed387aca73198be3e9c6d4c1,-51,,3,64,,3
14:35:00,,3,0a7f7b061449338fd4f9dda78d504efac3bbf16c5789795bc15ca3744021abfa,-73,,3,64,,3
14:35:01,2.0,3,31e8ae8cd03bd6bb9ebdc4db5128f8c5dbdcac04715426f96bf88cdffd8c5841,-88,,3,64,,3
14:35:02,26.0,3,9a09de8004812808143117316edc7a318a01be8c2e4eaa501f90376da798d0f2,-75,,3,64,12.0,3
14:35:03,26.0,3,9a09de8004812808143117316edc7a318a01be8c2e4eaa501f90376da798d0f2,-78,,3,64,12.0,3
14:35:03,26.0,3,9a09de8004812808143117316edc7a318a01be8c2e4eaa501f90376da798d0f2,-75,,3,64,12.0,3
14:35:04,2.0,3,31e8ae8cd03bd6bb9ebdc4db5128f8c5dbdcac04715426f96bf88cdffd8c5841,-91,,3,64,,3
14:35:05,2.0,3,31e8ae8cd03bd6bb9ebdc4db5128f8c5dbdcac04715426f96bf88cdffd8c5841,-88,,3,64,,3
14:35:06,26.0,3,9a09de8004812808143117316edc7a318a01be8c2e4eaa501f90376da798d0f2,-76,,3,64,12.0,3
14:35:07,2.0,3,bcd7dbbdd2243c86bbb0d78c96b76a7c5912f519bed4d3ba5897c3adee4d651c,-90,,3,64,,3
14:35:07,26.0,3,cdda3482f206ab2de644d3d909e2556d9ec6b9d7cd3212a1399907719fba3823,-75,,3,64,8.0,3
14:35:08,26.0,3,9a09de8004812808143117316edc7a318a01be8c2e4eaa501f90376da798d0f2,-80,,3,64,12.0,3
14:35:09,2.0,3,bcd7dbbdd2243c86bbb0d78c96b76a7c5912f519bed4d3ba5897c3adee4d651c,-93,,3,64,,3
14:35:10,26.0,3,cdda3482f206ab2de644d3d909e2556d9ec6b9d7cd3212a1399907719fba3823,-71,,3,64,8.0,3
14:35:11,2.0,3,bcd7dbbdd2243c86bbb0d78c96b76a7c5912f519bed4d3ba5897c3adee4d651c,-92,,3,64,,3
14:35:11,26.0,3,9a09de8004812808143117316edc7a318a01be8c2e4eaa501f90376da798d0f2,-74,,3,64,12.0,3
14:35:12,26.0,3,ac24b9eda7ecadff82399257b5886d7d74b579f06fd964513d10749684e2e6e5,-85,BB42,3,64,,3
14:35:13,26.0,3,ac24b9eda7ecadff82399257b5886d7d74b579f06fd964513d10749684e2e6e5,-78,BB42,3,64,,3
14:35:14,2.0,3,bcd7dbbdd2243c86bbb0d78c96b76a7c5912f519bed4d3ba5897c3adee4d651c,-94,,3,64,,3
14:35:14,26.0,3,cdda3482f206ab2de644d3d909e2556d9ec6b9d7cd3212a1399907719fba3823,-78,,3,64,8.0,3
14:35:15,26.0,3,ac24b9eda7ecadff82399257b5886d7d74b579f06fd964513d10749684e2e6e5,-82,BB42,3,64,,3
14:35:16,26.0,3,ac24b9eda7ecadff82399257b5886d7d74b579f06fd964513d10749684e2e6e5,-76,BB42,3,64,,3
14:35:17,2.0,3,bcd7dbbdd2243c86bbb0d78c96b76a7c5912f519bed4d3ba5897c3adee4d651c,-94,,3,64,,3
14:35:18,26.0,3,ac24b9eda7ecadff82399257b5886d7d74b579f06fd964513d10749684e2e6e5,-78,BB42,3,64,,3
14:35:18,26.0,3,ac24b9eda7ecadff82399257b5886d7d74b579f06fd964513d10749684e2e6e5,-72,BB42,3,64,,3
14:35:19,2.0,3,bcd7dbbdd2243c86bbb0d78c96b76a7c5912f519bed4d3ba5897c3adee4d651c,-90,,3,64,,3
14:35:20,26.0,3,cdda3482f206ab2de644d3d909e2556d9ec6b9d7cd3212a1399907719fba3823,-73,,3,64,8.0,3
14:35:21,2.0,3,bcd7dbbdd2243c86bbb0d78c96b76a7c5912f519bed4d3ba5897c3adee4d651c,-91,,3,64,,3
14:35:22,26.0,3,ac24b9eda7ecadff82399257b5886d7d74b579f06fd964513d10749684e2e6e5,-73,BB42,3,64,,3
14:35:22,2.0,3,bcd7dbbdd2243c86bbb0d78c96b76a7c5912f519bed4d3ba5897c3adee4d651c,-91,,3,64,,3
14:35:23,26.0,3,ac24b9eda7ecadff82399257b5886d7d74b579f06fd964513d10749684e2e6e5,-69,BB42,3,64,,3
14:35:24,26.0,3,9a09de8004812808143117316edc7a318a01be8c2e4eaa501f90376da798d0f2,-78,,3,64,12.0,3
14:35:25,26.0,3,ac24b9eda7ecadff82399257b5886d7d74b579f06fd964513d10749684e2e6e5,-81,BB42,3,64,,3
14:35:25,2.0,3,bcd7dbbdd2243c86bbb0d78c96b76a7c5912f519bed4d3ba5897c3adee4d651c,-88,,3,64,,3
14:35:26,26.0,3,ac24b9eda7ecadff82399257b5886d7d74b579f06fd964513d10749684e2e6e5,-80,BB42,3,64,,3
14:35:27,26.0,3,9a09de8004812808143117316edc7a318a01be8c2e4eaa501f90376da798d0f2,-71,,3,64,12.0,3
14:35:28,26.0,3,9a09de8004812808143117316edc7a318a01be8c2e4eaa501f90376da798d0f2,-70,,3,64,12.0,3
14:35:29,2.0,3,bcd7dbbdd2243c86bbb0d78c96b76a7c5912f519bed4d3ba5897c3adee4d651c,-90,,3,64,,3
14:35:29,,3,bd420b16aeda83e38f77c196333859da4d33986aed387aca73198be3e9c6d4c1,-52,,3,64,,3
14:35:30,26.0,3,ac24b9eda7ecadff82399257b5886d7d74b579f06fd964513d10749684e2e6e5,-71,BB42,3,64,,3
14:35:31,2.0,3,bcd7dbbdd2243c86bbb0d78c96b76a7c5912f519bed4d3ba5897c3adee4d651c,-90,,3,64,,3
14:35:32,26.0,3,9a09de8004812808143117316edc7a318a01be8c2e4eaa501f90376da798d0f2,-77,,3,64,12.0,3
14:35:33,26.0,3,ac24b9eda7ecadff82399257b5886d7d74b579f06fd964513d10749684e2e6e5,-73,BB42,3,64,,3
14:35:33,,3,bd420b16aeda83e38f77c196333859da4d33986aed387aca73198be3e9c6d4c1,-53,,3,64,,3
14:35:34,2.0,3,bcd7dbbdd2243c86bbb0d78c96b76a7c5912f519bed4d3ba5897c3adee4d651c,-87,,3,64,,3
14:35:35,26.0,3,cdda3482f206ab2de644d3d909e2556d9ec6b9d7cd3212a1399907719fba3823,-72,,3,64,8.0,3
14:35:36,26.0,3,9a09de8004812808143117316edc7a318a01be8c2e4eaa501f90376da798d0f2,-74,,3,64,12.0,3
14:35:37,2.0,3,d3a97ef474d763e83d191eb583ab89c1b5d62a91ab027eda2e4aae7e6dddac86,-90,,3,64,,3
14:35:37,2.0,3,d3a97ef474d763e83d191eb583ab89c1b5d62a91ab027eda2e4aae7e6dddac86,-92,,3,64,,3
14:35:38,2.0,3,d3a97ef474d763e83d191eb583ab89c1b5d62a91ab027eda2e4aae7e6dddac86,-92,,3,64,,3
14:35:39,26.0,3,cdda3482f206ab2de644d3d909e2556d9ec6b9d7cd3212a1399907719fba3823,-72,,3,64,8.0,3
14:35:40,2.0,3,d3a97ef474d763e83d191eb583ab89c1b5d62a91ab027eda2e4aae7e6dddac86,-88,,3,64,,3
14:35:41,26.0,3,cdda3482f206ab2de644d3d909e2556d9ec6b9d7cd3212a1399907719fba3823,-76,,3,64,8.0,3
14:35:41,26.0,3,ac24b9eda7ecadff82399257b5886d7d74b579f06fd964513d10749684e2e6e5,-80,BB42,3,64,,3
14:35:42,26.0,3,ac24b9eda7ecadff82399257b5886d7d74b579f06fd964513d10749684e2e6e5,-87,BB42,3,64,,3
14:35:43,26.0,3,ac24b9eda7ecadff82399257b5886d7d74b579f06fd964513d10749684e2e6e5,-90,BB42,3,64,,3
14:35:44,26.0,3,cdda3482f206ab2de644d3d909e2556d9ec6b9d7cd3212a1399907719fba3823,-71,,3,64,8.0,3
14:35:45,26.0,3,9a09de8004812808143117316edc7a318a01be8c2e4eaa501f90376da798d0f2,-82,,3,64,12.0,3
14:35:45,26.0,3,9a09de8004812808143117316edc7a318a01be8c2e4eaa501f90376da798d0f2,-71,,3,64,12.0,3
14:35:46,2.0,3,d3a97ef474d763e83d191eb583ab89c1b5d62a91ab027eda2e4aae7e6dddac86,-90,,3,64,,3
14:35:47,2.0,3,d3a97ef474d763e83d191eb583ab89c1b5d62a91ab027eda2e4aae7e6dddac86,-92,,3,64,,3
14:35:48,26.0,3,ac24b9eda7ecadff82399257b5886d7d74b579f06fd964513d10749684e2e6e5,-81,BB42,3,64,,3
14:35:48,26.0,3,ac24b9eda7ecadff82399257b5886d7d74b579f06fd964513d10749684e2e6e5,-89,BB42,3,64,,3
14:35:49,,3,bd420b16aeda83e38f77c196333859da4d33986aed387aca73198be3e9c6d4c1,-46,,3,64,,3
14:35:50,2.0,3,d3a97ef474d763e83d191eb583ab89c1b5d62a91ab027eda2e4aae7e6dddac86,-90,,3,64,,3
14:35:51,26.0,3,cdda3482f206ab2de644d3d909e2556d9ec6b9d7cd3212a1399907719fba3823,-70,,3,64,8.0,3
14:35:52,2.0,3,d3a97ef474d763e83d191eb583ab89c1b5d62a91ab027eda2e4aae7e6dddac86,-89,,3,64,,3
14:35:52,26.0,3,cdda3482f206ab2de644d3d909e2556d9ec6b9d7cd3212a1399907719fba3823,-69,,3,64,8.0,3
14:35:53,26.0,3,ac24b9eda7ecadff82399257b5886d7d74b579f06fd964513d10749684e2e6e5,-88,BB42,3,64,,3
14:35:54,26.0,3,ac24b9eda7ecadff82399257b5886d7d74b579f06fd964513d10749684e2e6e5,-82,BB42,3,64,,3
14:35:55,2.0,3,d3a97ef474d763e83d191eb583ab89c1b5d62a91ab027eda2e4aae7e6dddac86,-87,,3,64,,3
14:35:56,26.0,3,ac24b9eda7ecadff82399257b5886d7d74b579f06fd964513d10749684e2e6e5,-84,BB42,3,64,,3
14:35:56,26.0,3,9a09de8004812808143117316edc7a318a01be8c2e4eaa501f90376da798d0f2,-77,,3,64,12.0,3
14:35:57,26.0,3,ac24b9eda7ecadff82399257b5886d7d74b579f06fd964513d10749684e2e6e5,-82,BB42,3,64,,3
14:35:58,26.0,3,ac24b9eda7ecadff82399257b5886d7d74b579f06fd964513d10749684e2e6e5,-80,BB42,3,64,,3
14:35:59,2.0,3,d3a97ef474d763e83d191eb583ab89c1b5d62a91ab027eda2e4aae7e6dddac86,-94,,3,64,,3
14:36:00,26.0,3,ac24b9eda7ecadff82399257b5886d7d74b579f06fd964513d10749684e2e6e5,-80,BB42,3,64,,3
14:36:00,2.0,3,d3a97ef474d763e83d191eb583ab89c1b5d62a91ab027eda2e4aae7e6dddac86,-94,,3,64,,3
14:36:01,26.0,3,9a09de8004812808143117316edc7a318a01be8c2e4eaa501f90376da798d0f2,-69,,3,64,12.0,3
14:36:02,26.0,3,9a09de8004812808143117316edc7a318a01be8c2e4eaa501f90376da798d0f2,-76,,3,64,12.0,3
14:36:03,26.0,3,ac24b9eda7ecadff82399257b5886d7d74b579f06fd964513d10749684e2e6e5,-71,BB42,3,64,,3
14:36:03,26.0,3,cdda3482f206ab2de644d3d909e2556d9ec6b9d7cd3212a1399907719fba3823,-67,,3,64,8.0,3
14:36:04,26.0,3,cdda3482f206ab2de644d3d909e2556d9ec6b9d7cd3212a1399907719fba3823,-64,,3,64,8.0,3
14:36:05,26.0,3,cdda3482f206ab2de644d3d909e2556d9ec6b9d7cd3212a1399907719fba3823,-69,,3,64,8.0,3
14:36:06,2.0,3,c4040af00cf7e08fb3daa8d972c019af1319f01d34b8274619492eac801beeb0,-88,,3,64,,3
14:36:07,26.0,3,cdda3482f206ab2de644d3d909e2556d9ec6b9d7cd3212a1399907719fba3823,-66,,3,64,8.0,3
14:36:07,,3,bd420b16aeda83e38f77c196333859da4d33986aed387aca73198be3e9c6d4c1,-54,,3,64,,3
14:36:08,26.0,3,cdda3482f206ab2de644d3d909e2556d9ec6b9d7cd3212a1399907719fba3823,-66,,3,64,8.0,3
14:36:09,2.0,3,c4040af00cf7e08fb3daa8d972c019af1319f01d34b8274619492eac801beeb0,-86,,3,64,,3
14:36:10,26.0,3,cdda3482f206ab2de644d3d909e2556d9ec6b9d7cd3212a1399907719fba3823,-66,,3,64,8.0,3
14:36:11,2.0,3,c4040af00cf7e08fb3daa8d972c019af1319f01d34b8274619492eac801beeb0,-87,,3,64,,3
14:36:11,26.0,3,9a09de8004812808143117316edc7a318a01be8c2e4eaa501f90376da798d0f2,-71,,3,64,12.0,3
14:36:12,2.0,3,c4040af00cf7e08fb3daa8d972c019af1319f01d34b8274619492eac801beeb0,-88,,3,64,,3
14:36:13,2.0,3,c4040af00cf7e08fb3daa8d972c019af1319f01d34b8274619492eac801beeb0,-97,,3,64,,3
14:36:14,26.0,3,cdda3482f206ab2de644d3d909e2556d9ec6b9d7cd3212a1399907719fba3823,-80,,3,64,8.0,3
14:36:15,2.0,3,c4040af00cf7e08fb3daa8d972c019af1319f01d34b8274619492eac801beeb0,-91,,3,64,,3
14:36:15,,3,0a7f7b061449338fd4f9dda78d504efac3bbf16c5789795bc15ca3744021abfa,-65,,3,64,,3
14:36:16,26.0,3,cdda3482f206ab2de644d3d909e2556d9ec6b9d7cd3212a1399907719fba3823,-64,,3,64,8.0,3
14:36:17,26.0,3,9a09de8004812808143117316edc7a318a01be8c2e4eaa501f90376da798d0f2,-73,,3,64,12.0,3
14:36:18,26.0,3,cdda3482f206ab2de644d3d909e2556d9ec6b9d7cd3212a1399907719fba3823,-65,,3,64,8.0,3
14:36:18,26.0,3,9a09de8004812808143117316edc7a318a01be8c2e4eaa501f90376da798d0f2,-71,,3,64,12.0,3
14:36:19,26.0,3,cdda3482f206ab2de644d3d909e2556d9ec6b9d7cd3212a1399907719fba3823,-66,,3,64,8.0,3
14:36:20,26.0,3,9a09de8004812808143117316edc7a318a01be8c2e4eaa501f90376da798d0f2,-72,,3,64,12.0,3
14:36:21,26.0,3,9a09de8004812808143117316edc7a318a01be8c2e4eaa501f90376da798d0f2,-79,,3,64,12.0,3
14:36:22,26.0,3,cdda3482f206ab2de644d3d909e2556d9ec6b9d7cd3212a1399907719fba3823,-88,,3,64,8.0,3
14:36:22,26.0,3,cdda3482f206ab2de644d3d909e2556d9ec6b9d7cd3212a1399907719fba3823,-67,,3,64,8.0,3
14:36:23,26.0,3,cdda3482f206ab2de644d3d909e2556d9ec6b9d7cd3212a1399907719fba3823,-71,,3,64,8.0,3
14:36:24,26.0,3,cdda3482f206ab2de644d3d909e2556d9ec6b9d7cd3212a1399907719fba3823,-66,,3,64,8.0,3
14:36:25,26.0,3,cdda3482f206ab2de644d3d909e2556d9ec6b9d7cd3212a1399907719fba3823,-65,,3,64,8.0,3
14:36:26,2.0,3,c4040af00cf7e08fb3daa8d972c019af1319f01d34b8274619492eac801beeb0,-86,,3,64,,3
14:36:26,26.0,3,9a09de8004812808143117316edc7a318a01be8c2e4eaa501f90376da798d0f2,-75,,3,64,12.0,3
14:36:27,26.0,3,9a09de8004812808143117316edc7a318a01be8c2e4eaa501f90376da798d0f2,-71,,3,64,12.0,3
14:36:28,26.0,3,cdda3482f206ab2de644d3d909e2556d9ec6b9d7cd3212a1399907719fba3823,-66,,3,64,8.0,3
14:36:29,26.0,3,9a09de8004812808143117316edc7a318a01be8c2e4eaa501f90376da798d0f2,-76,,3,64,12.0,3
14:36:29,26.0,3,cdda3482f206ab2de644d3d909e2556d9ec6b9d7cd3212a1399907719fba3823,-67,,3,64,8.0,3
14:36:30,26.0,3,cdda3482f206ab2de644d3d909e2556d9ec6b9d7cd3212a1399907719fba3823,-72,,3,64,8.0,3
14:36:31,,3,0a7f7b061449338fd4f9dda78d504efac3bbf16c5789795bc15ca3744021abfa,-68,,3,64,,3
14:36:32,26.0,3,cdda3482f206ab2de644d3d909e2556d9ec6b9d7cd3212a1399907719fba3823,-77,,3,64,8.0,3
14:36:33,2.0,3,c4040af00cf7e08fb3daa8d972c019af1319f01d34b8274619492eac801beeb0,-89,,3,64,,3
14:36:33,26.0,3,cdda3482f206ab2de644d3d909e2556d9ec6b9d7cd3212a1399907719fba3823,-66,,3,64,8.0,3
14:36:34,2.0,3,c4040af00cf7e08fb3daa8d972c019af1319f01d34b8274619492eac801beeb0,-91,,3,64,,3
14:36:35,26.0,3,9a09de8004812808143117316edc7a318a01be8c2e4eaa501f90376da798d0f2,-78,,3,64,12.0,3
14:36:36,26.0,3,9a09de8004812808143117316edc7a318a01be8c2e4eaa501f90376da798d0f2,-71,,3,64,12.0,3
14:36:37,2.0,3,9585ae1d9cb4b07b2472d0a5ccb3c579a10ee63bbcb878a8c5ad00f4f50fb2f8,-90,,3,64,,3
14:36:37,26.0,3,cdda3482f206ab2de644d3d909e2556d9ec6b9d7cd3212a1399907719fba3823,-66,,3,64,8.0,3
14:36:38,26.0,3,9a09de8004812808143117316edc7a318a01be8c2e4eaa501f90376da798d0f2,-76,,3,64,12.0,3
14:36:39,26.0,3,9a09de8004812808143117316edc7a318a01be8c2e4eaa501f90376da798d0f2,-75,,3,64,12.0,3
14:36:40,2.0,3,9585ae1d9cb4b07b2472d0a5ccb3c579a10ee63bbcb878a8c5ad00f4f50fb2f8,-90,,3,64,,3
14:36:41,26.0,3,cdda3482f206ab2de644d3d909e2556d9ec6b9d7cd3212a1399907719fba3823,-75,,3,64,8.0,3
14:36:41,2.0,3,9585ae1d9cb4b07b2472d0a5ccb3c579a10ee63bbcb878a8c5ad00f4f50fb2f8,-92,,3,64,,3
14:36:42,26.0,3,cdda3482f206ab2de644d3d909e2556d9ec6b9d7cd3212a1399907719fba3823,-71,,3,64,8.0,3
14:36:43,26.0,3,9a09de8004812808143117316edc7a318a01be8c2e4eaa501f90376da798d0f2,-74,,3,64,12.0,3
14:36:44,26.0,3,9a09de8004812808143117316edc7a318a01be8c2e4eaa501f90376da798d0f2,-73,,3,64,12.0,3
14:36:45,26.0,3,9a09de8004812808143117316edc7a318a01be8c2e4eaa501f90376da798d0f2,-75,,3,64,12.0,3
14:36:45,2.0,3,9585ae1d9cb4b07b2472d0a5ccb3c579a10ee63bbcb878a8c5ad00f4f50fb2f8,-94,,3,64,,3
14:36:46,26.0,3,cdda3482f206ab2de644d3d909e2556d9ec6b9d7cd3212a1399907719fba3823,-62,,3,64,8.0,3
14:36:47,26.0,3,9a09de8004812808143117316edc7a318a01be8c2e4eaa501f90376da798d0f2,-82,,3,64,12.0,3
14:36:48,26.0,3,cdda3482f206ab2de644d3d909e2556d9ec6b9d7cd3212a1399907719fba3823,-63,,3,64,8.0,3
14:36:48,26.0,3,cdda3482f206ab2de644d3d909e2556d9ec6b9d7cd3212a1399907719fba3823,-73,,3,64,8.0,3
14:36:49,,3,0a7f7b061449338fd4f9dda78d504efac3bbf16c5789795bc15ca3744021abfa,-63,,3,64,,3
14:36:50,26.0,3,9a09de8004812808143117316edc7a318a01be8c2e4eaa501f90376da798d0f2,-76,,3,64,12.0,3
14:36:51,26.0,3,cdda3482f206ab2de644d3d909e2556d9ec6b9d7cd3212a1399907719fba3823,-62,,3,64,8.0,3
14:36:52,26.0,3,cdda3482f206ab2de644d3d909e2556d9ec6b9d7cd3212a1399907719fba3823,-77,,3,64,8.0,3
14:36:52,2.0,3,9585ae1d9cb4b07b2472d0a5ccb3c579a10ee63bbcb878a8c5ad00f4f50fb2f8,-93,,3,64,,3
14:36:53,26.0,3,9a09de8004812808143117316edc7a318a01be8c2e4eaa501f90376da798d0f2,-76,,3,64,12.0,3
14:36:54,26.0,3,9a09de8004812808143117316edc7a318a01be8c2e4eaa501f90376da798d0f2,-79,,3,64,12.0,3
14:36:55,26.0,3,9a09de8004812808143117316edc7a318a01be8c2e4eaa501f90376da798d0f2,-81,,3,64,12.0,3
14:36:56,26.0,3,9a09de8004812808143117316edc7a318a01be8c2e4eaa501f90376da798d0f2,-78,,3,64,12.0,3
14:36:56,26.0,3,cdda3482f206ab2de644d3d909e2556d9ec6b9d7cd3212a1399907719fba3823,-65,,3,64,8.0,3
14:36:57,26.0,3,cdda3482f206ab2de644d3d909e2556d9ec6b9d7cd3212a1399907719fba3823,-72,,3,64,8.0,3
14:36:58,26.0,3,9a09de8004812808143117316edc7a318a01be8c2e4eaa501f90376da798d0f2,-74,,3,64,12.0,3
14:36:59,26.0,3,cdda3482f206ab2de644d3d909e2556d9ec6b9d7cd3212a1399907719fba3823,-74,,3,64,8.0,3
14:36:59,26.0,3,9a09de8004812808143117316edc7a318a01be8c2e4eaa501f90376da798d0f2,-82,,3,64,12.0,3
14:37:00,2.0,3,9585ae1d9cb4b07b2472d0a5ccb3c579a10ee63bbcb878a8c5ad00f4f50fb2f8,-89,,3,64,,3
14:37:01,26.0,3,9a09de8004812808143117316edc7a318a01be8c2e4eaa501f90376da798d0f2,-80,,3,64,12.0,3
14:37:02,26.0,3,9a09de8004812808143117316edc7a318a01be8c2e4eaa501f90376da798d0f2,-76,,3,64,12.0,3
14:37:03,26.0,3,9a09de8004812808143117316edc7a318a01be8c2e4eaa501f90376da798d0f2,-79,,3,64,12.0,3
14:37:03,2.0,3,9585ae1d9cb4b07b2472d0a5ccb3c579a10ee63bbcb878a8c5ad00f4f50fb2f8,-92,,3,64,,3
14:37:04,26.0,3,cdda3482f206ab2de644d3d909e2556d9ec6b9d7cd3212a1399907719fba3823,-72,,3,64,8.0,3
14:37:05,26.0,3,cdda3482f206ab2de644d3d909e2556d9ec6b9d7cd3212a1399907719fba3823,-77,,3,64,8.0,3
14:37:06,26.0,3,cdda3482f206ab2de644d3d909e2556d9ec6b9d7cd3212a1399907719fba3823,-72,,3,64,8.0,3
14:37:07,26.0,3,cdda3482f206ab2de644d3d909e2556d9ec6b9d7cd3212a1399907719fba3823,-77,,3,64,8.0,3
14:37:07,26.0,3,9a09de8004812808143117316edc7a318a01be8c2e4eaa501f90376da798d0f2,-78,,3,64,12.0,3
14:37:08,26.0,3,9a09de8004812808143117316edc7a318a01be8c2e4eaa501f90376da798d0f2,-77,,3,64,12.0,3
14:37:09,26.0,3,9a09de8004812808143117316edc7a318a01be8c2e4eaa501f90376da798d0f2,-63,,3,64,12.0,3
14:37:10,26.0,3,9a09de8004812808143117316edc7a318a01be8c2e4eaa501f90376da798d0f2,-74,,3,64,12.0,3
14:37:11,26.0,3,cdda3482f206ab2de644d3d909e2556d9ec6b9d7cd3212a1399907719fba3823,-73,,3,64,8.0,3
14:37:11,,3,0a7f7b061449338fd4f9dda78d504efac3bbf16c5789795bc15ca3744021abfa,-73,,3,64,,3
14:37:12,26.0,3,cdda3482f206ab2de644d3d909e2556d9ec6b9d7cd3212a1399907719fba3823,-75,,3,64,8.0,3
14:37:13,26.0,3,9a09de8004812808143117316edc7a318a01be8c2e4eaa501f90376da798d0f2,-80,,3,64,12.0,3
14:37:14,26.0,3,cdda3482f206ab2de644d3d909e2556d9ec6b9d7cd3212a1399907719fba3823,-73,,3,64,8.0,3
14:37:15,26.0,3,cdda3482f206ab2de644d3d909e2556d9ec6b9d7cd3212a1399907719fba3823,-85,,3,64,8.0,3
14:37:15,26.0,3,9a09de8004812808143117316edc7a318a01be8c2e4eaa501f90376da798d0f2,-75,,3,64,12.0,3
14:37:16,26.0,3,9a09de8004812808143117316edc7a318a01be8c2e4eaa501f90376da798d0f2,-73,,3,64,12.0,3
14:37:17,26.0,3,9a09de8004812808143117316edc7a318a01be8c2e4eaa501f90376da798d0f2,-78,,3,64,12.0,3
14:37:18,26.0,3,9a09de8004812808143117316edc7a318a01be8c2e4eaa501f90376da798d0f2,-75,,3,64,12.0,3
14:37:19,26.0,3,9a09de8004812808143117316edc7a318a01be8c2e4eaa501f90376da798d0f2,-81,,3,64,12.0,3
14:37:19,26.0,3,9a09de8004812808143117316edc7a318a01be8c2e4eaa501f90376da798d0f2,-75,,3,64,12.0,3
14:37:20,26.0,3,cdda3482f206ab2de644d3d909e2556d9ec6b9d7cd3212a1399907719fba3823,-82,,3,64,8.0,3
14:37:21,26.0,3,9a09de8004812808143117316edc7a318a01be8c2e4eaa501f90376da798d0f2,-76,,3,64,12.0,3
14:37:22,26.0,3,cdda3482f206ab2de644d3d909e2556d9ec6b9d7cd3212a1399907719fba3823,-80,,3,64,8.0,3
14:37:23,26.0,3,9a09de8004812808143117316edc7a318a01be8c2e4eaa501f90376da798d0f2,-75,,3,64,12.0,3
14:37:23,26.0,3,9a09de8004812808143117316edc7a318a01be8c2e4eaa501f90376da798d0f2,-76,,3,64,12.0,3
14:37:24,26.0,3,cdda3482f206ab2de644d3d909e2556d9ec6b9d7cd3212a1399907719fba3823,-72,,3,64,8.0,3
14:37:25,26.0,3,cdda3482f206ab2de644d3d909e2556d9ec6b9d7cd3212a1399907719fba3823,-77,,3,64,8.0,3
14:37:26,26.0,3,9a09de8004812808143117316edc7a318a01be8c2e4eaa501f90376da798d0f2,-76,,3,64,12.0,3
14:37:26,26.0,3,9a09de8004812808143117316edc7a318a01be8c2e4eaa501f90376da798d0f2,-73,,3,64,12.0,3
14:37:27,26.0,3,9a09de8004812808143117316edc7a318a01be8c2e4eaa501f90376da798d0f2,-74,,3,64,12.0,3
14:37:28,26.0,3,cdda3482f206ab2de644d3d909e2556d9ec6b9d7cd3212a1399907719fba3823,-77,,3,64,8.0,3
14:37:29,26.0,3,9a09de8004812808143117316edc7a318a01be8c2e4eaa501f90376da798d0f2,-76,,3,64,12.0,3
14:37:30,26.0,3,9a09de8004812808143117316edc7a318a01be8c2e4eaa501f90376da798d0f2,-77,,3,64,12.0,3
14:37:30,26.0,3,cdda3482f206ab2de644d3d909e2556d9ec6b9d7cd3212a1399907719fba3823,-87,,3,64,8.0,3
14:37:31,2.0,3,f69bdf65942ad5140952079d62778c90af8927f1af5c9280fb7ec30110161d5c,-87,,3,64,,3
14:37:32,26.0,3,cdda3482f206ab2de644d3d909e2556d9ec6b9d7cd3212a1399907719fba3823,-78,,3,64,8.0,3
14:37:33,26.0,3,cdda3482f206ab2de644d3d909e2556d9ec6b9d7cd3212a1399907719fba3823,-77,,3,64,8.0,3
14:37:34,26.0,3,9a09de8004812808143117316edc7a318a01be8c2e4eaa501f90376da798d0f2,-78,,3,64,12.0,3
14:37:34,2.0,3,f69bdf65942ad5140952079d62778c90af8927f1af5c9280fb7ec30110161d5c,-91,,3,64,,3
14:37:35,26.0,3,9a09de8004812808143117316edc7a318a01be8c2e4eaa501f90376da798d0f2,-78,,3,64,12.0,3
14:37:36,26.0,3,9a09de8004812808143117316edc7a318a01be8c2e4eaa501f90376da798d0f2,-73,,3,64,12.0,3
14:37:37,26.0,3,cdda3482f206ab2de644d3d909e2556d9ec6b9d7cd3212a1399907719fba3823,-80,,3,64,8.0,3
14:37:38,26.0,3,cdda3482f206ab2de644d3d909e2556d9ec6b9d7cd3212a1399907719fba3823,-77,,3,64,8.0,3
14:37:38,26.0,3,cdda3482f206ab2de644d3d909e2556d9ec6b9d7cd3212a1399907719fba3823,-81,,3,64,8.0,3
14:37:39,26.0,3,9a09de8004812808143117316edc7a318a01be8c2e4eaa501f90376da798d0f2,-72,,3,64,12.0,3
14:37:40,26.0,3,9a09de8004812808143117316edc7a318a01be8c2e4eaa501f90376da798d0f2,-72,,3,64,12.0,3
14:37:41,26.0,3,9a09de8004812808143117316edc7a318a01be8c2e4eaa501f90376da798d0f2,-72,,3,64,12.0,3
14:37:41,,3,0a7f7b061449338fd4f9dda78d504efac3bbf16c5789795bc15ca3744021abfa,-75,,3,64,,3
14:37:42,26.0,3,cdda3482f206ab2de644d3d909e2556d9ec6b9d7cd3212a1399907719fba3823,-73,,3,64,8.0,3
14:37:43,26.0,3,cdda3482f206ab2de644d3d909e2556d9ec6b9d7cd3212a1399907719fba3823,-76,,3,64,8.0,3
14:37:44,26.0,3,9a09de8004812808143117316edc7a318a01be8c2e4eaa501f90376da798d0f2,-72,,3,64,12.0,3
14:37:45,26.0,3,9a09de8004812808143117316edc7a318a01be8c2e4eaa501f90376da798d0f2,-71,,3,64,12.0,3
14:37:45,2.0,3,4be81760a50ebc48cea56289c61bb021f7a33bfa85f4e47ab761aca94acf989e,-90,,3,64,,3
14:37:46,26.0,3,cdda3482f206ab2de644d3d909e2556d9ec6b9d7cd3212a1399907719fba3823,-75,,3,64,8.0,3
14:37:47,2.0,3,4be81760a50ebc48cea56289c61bb021f7a33bfa85f4e47ab761aca94acf989e,-92,,3,64,,3
14:37:48,26.0,3,9a09de8004812808143117316edc7a318a01be8c2e4eaa501f90376da798d0f2,-72,,3,64,12.0,3
14:37:49,26.0,3,cdda3482f206ab2de644d3d909e2556d9ec6b9d7cd3212a1399907719fba3823,-72,,3,64,8.0,3
14:37:49,26.0,3,cdda3482f206ab2de644d3d909e2556d9ec6b9d7cd3212a1399907719fba3823,-85,,3,64,8.0,3
14:37:50,2.0,3,4be81760a50ebc48cea56289c61bb021f7a33bfa85f4e47ab761aca94acf989e,-90,,3,64,,3
14:37:51,26.0,3,cdda3482f206ab2de644d3d909e2556d9ec6b9d7cd3212a1399907719fba3823,-80,,3,64,8.0,3
14:37:52,26.0,3,cdda3482f206ab2de644d3d909e2556d9ec6b9d7cd3212a1399907719fba3823,-77,,3,64,8.0,3
14:37:53,26.0,3,9a09de8004812808143117316edc7a318a01be8c2e4eaa501f90376da798d0f2,-72,,3,64,12.0,3
14:37:53,26.0,3,9a09de8004812808143117316edc7a318a01be8c2e4eaa501f90376da798d0f2,-73,,3,64,12.0,3
14:37:54,26.0,3,cdda3482f206ab2de644d3d909e2556d9ec6b9d7cd3212a1399907719fba3823,-73,,3,64,8.0,3
14:37:55,26.0,3,cdda3482f206ab2de644d3d909e2556d9ec6b9d7cd3212a1399907719fba3823,-77,,3,64,8.0,3
14:37:56,26.0,3,9a09de8004812808143117316edc7a318a01be8c2e4eaa501f90376da798d0f2,-76,,3,64,12.0,3
14:37:56,26.0,3,cdda3482f206ab2de644d3d909e2556d9ec6b9d7cd3212a1399907719fba3823,-81,,3,64,8.0,3
14:37:57,26.0,3,cdda3482f206ab2de644d3d909e2556d9ec6b9d7cd3212a1399907719fba3823,-78,,3,64,8.0,3
14:37:58,26.0,3,9a09de8004812808143117316edc7a318a01be8c2e4eaa501f90376da798d0f2,-76,,3,64,12.0,3
14:37:59,2.0,3,4be81760a50ebc48cea56289c61bb021f7a33bfa85f4e47ab761aca94acf989e,-90,,3,64,,3
14:38:00,26.0,3,cdda3482f206ab2de644d3d909e2556d9ec6b9d7cd3212a1399907719fba3823,-71,,3,64,8.0,3
14:38:00,26.0,3,9a09de8004812808143117316edc7a318a01be8c2e4eaa501f90376da798d0f2,-74,,3,64,12.0,3
14:38:01,26.0,3,cdda3482f206ab2de644d3d909e2556d9ec6b9d7cd3212a1399907719fba3823,-74,,3,64,8.0,3
14:38:02,26.0,3,9a09de8004812808143117316edc7a318a01be8c2e4eaa501f90376da798d0f2,-74,,3,64,12.0,3
14:38:03,26.0,3,9a09de8004812808143117316edc7a318a01be8c2e4eaa501f90376da798d0f2,-71,,3,64,12.0,3
14:38:04,,3,0a7f7b061449338fd4f9dda78d504efac3bbf16c5789795bc15ca3744021abfa,-79,,3,64,,3
14:38:04,26.0,3,9a09de8004812808143117316edc7a318a01be8c2e4eaa501f90376da798d0f2,-72,,3,64,12.0,3
14:38:05,,3,bd420b16aeda83e38f77c196333859da4d33986aed387aca73198be3e9c6d4c1,-56,,3,64,,3
14:38:06,2.0,3,a36dcf3f15aca576633f8d8a60dd8398c9b889a89cbe06bb709d534951411cb4,-92,,3,64,,3
14:38:07,26.0,3,cdda3482f206ab2de644d3d909e2556d9ec6b9d7cd3212a1399907719fba3823,-76,,3,64,8.0,3
14:38:08,,3,bd420b16aeda83e38f77c196333859da4d33986aed387aca73198be3e9c6d4c1,-56,,3,64,,3
14:38:08,26.0,3,9a09de8004812808143117316edc7a318a01be8c2e4eaa501f90376da798d0f2,-75,,3,64,12.0,3
14:38:09,26.0,3,cdda3482f206ab2de644d3d909e2556d9ec6b9d7cd3212a1399907719fba3823,-72,,3,64,8.0,3
14:38:10,26.0,3,cdda3482f206ab2de644d3d909e2556d9ec6b9d7cd3212a1399907719fba3823,-76,,3,64,8.0,3
14:38:11,26.0,3,cdda3482f206ab2de644d3d909e2556d9ec6b9d7cd3212a1399907719fba3823,-73,,3,64,8.0,3
14:38:11,2.0,3,a36dcf3f15aca576633f8d8a60dd8398c9b889a89cbe06bb709d534951411cb4,-89,,3,64,,3
14:38:12,2.0,3,a36dcf3f15aca576633f8d8a60dd8398c9b889a89cbe06bb709d534951411cb4,-95,,3,64,,3
14:38:13,26.0,3,cdda3482f206ab2de644d3d909e2556d9ec6b9d7cd3212a1399907719fba3823,-75,,3,64,8.0,3
14:38:14,26.0,3,cdda3482f206ab2de644d3d909e2556d9ec6b9d7cd3212a1399907719fba3823,-76,,3,64,8.0,3
14:38:15,26.0,3,cdda3482f206ab2de644d3d909e2556d9ec6b9d7cd3212a1399907719fba3823,-75,,3,64,8.0,3
14:38:15,,3,bd420b16aeda83e38f77c196333859da4d33986aed387aca73198be3e9c6d4c1,-55,,3,64,,3
14:38:16,26.0,3,9a09de8004812808143117316edc7a318a01be8c2e4eaa501f90376da798d0f2,-73,,3,64,12.0,3
14:38:17,26.0,3,cdda3482f206ab2de644d3d909e2556d9ec6b9d7cd3212a1399907719fba3823,-77,,3,64,8.0,3
14:38:18,26.0,3,cdda3482f206ab2de644d3d909e2556d9ec6b9d7cd3212a1399907719fba3823,-82,,3,64,8.0,3
14:38:19,26.0,3,9a09de8004812808143117316edc7a318a01be8c2e4eaa501f90376da798d0f2,-78,,3,64,12.0,3
14:38:19,,3,bd420b16aeda83e38f77c196333859da4d33986aed387aca73198be3e9c6d4c1,-55,,3,64,,3
14:38:20,2.0,3,a36dcf3f15aca576633f8d8a60dd8398c9b889a89cbe06bb709d534951411cb4,-90,,3,64,,3
14:38:21,26.0,3,9a09de8004812808143117316edc7a318a01be8c2e4eaa501f90376da798d0f2,-71,,3,64,12.0,3
14:38:22,26.0,3,7f29db6c610f099f158995ec25f7f6a45c751dc5bd16623c1fdb4c92217ed016,-91,,3,64,8.0,3
14:38:23,26.0,3,cdda3482f206ab2de644d3d909e2556d9ec6b9d7cd3212a1399907719fba3823,-77,,3,64,8.0,3
14:38:23,26.0,3,cdda3482f206ab2de644d3d909e2556d9ec6b9d7cd3212a1399907719fba3823,-73,,3,64,8.0,3
14:38:24,26.0,3,9a09de8004812808143117316edc7a318a01be8c2e4eaa501f90376da798d0f2,-77,,3,64,12.0,3
14:38:25,26.0,3,9a09de8004812808143117316edc7a318a01be8c2e4eaa501f90376da798d0f2,-75,,3,64,12.0,3
14:38:26,26.0,3,9a09de8004812808143117316edc7a318a01be8c2e4eaa501f90376da798d0f2,-80,,3,64,12.0,3
14:38:26,26.0,3,9a09de8004812808143117316edc7a318a01be8c2e4eaa501f90376da798d0f2,-75,,3,64,12.0,3
14:38:27,2.0,3,a36dcf3f15aca576633f8d8a60dd8398c9b889a89cbe06bb709d534951411cb4,-96,,3,64,,3
14:38:28,26.0,3,cdda3482f206ab2de644d3d909e2556d9ec6b9d7cd3212a1399907719fba3823,-68,,3,64,8.0,3
14:38:29,26.0,3,cdda3482f206ab2de644d3d909e2556d9ec6b9d7cd3212a1399907719fba3823,-69,,3,64,8.0,3
14:38:30,26.0,3,cdda3482f206ab2de644d3d909e2556d9ec6b9d7cd3212a1399907719fba3823,-75,,3,64,8.0,3
14:38:30,26.0,3,9a09de8004812808143117316edc7a318a01be8c2e4eaa501f90376da798d0f2,-72,,3,64,12.0,3
14:38:31,26.0,3,cdda3482f206ab2de644d3d909e2556d9ec6b9d7cd3212a1399907719fba3823,-77,,3,64,8.0,3
14:38:32,2.0,3,a36dcf3f15aca576633f8d8a60dd8398c9b889a89cbe06bb709d534951411cb4,-90,,3,64,,3
14:38:33,2.0,3,a36dcf3f15aca576633f8d8a60dd8398c9b889a89cbe06bb709d534951411cb4,-94,,3,64,,3
14:38:34,26.0,3,9a09de8004812808143117316edc7a318a01be8c2e4eaa501f90376da798d0f2,-72,,3,64,12.0,3
14:38:34,26.0,3,9a09de8004812808143117316edc7a318a01be8c2e4eaa501f90376da798d0f2,-72,,3,64,12.0,3
14:38:35,26.0,3,cdda3482f206ab2de644d3d909e2556d9ec6b9d7cd3212a1399907719fba3823,-72,,3,64,8.0,3
14:38:36,26.0,3,9a09de8004812808143117316edc7a318a01be8c2e4eaa501f90376da798d0f2,-72,,3,64,12.0,3
14:38:37,26.0,3,9a09de8004812808143117316edc7a318a01be8c2e4eaa501f90376da798d0f2,-72,,3,64,12.0,3
14:38:38,2.0,3,7c4bd2df3309f8a9fed91cd0a737effc5658a31ad1b6aefc188582340d8d7c61,-94,,3,64,,3
14:38:38,26.0,3,582ef2495ad75e149151d865dff80d60d80f65477eb48b0066adbf8105323351,-48,,3,64,12.0,3
14:38:39,26.0,3,cdda3482f206ab2de644d3d909e2556d9ec6b9d7cd3212a1399907719fba3823,-74,,3,64,8.0,3
14:38:40,26.0,3,cdda3482f206ab2de644d3d909e2556d9ec6b9d7cd3212a1399907719fba3823,-75,,3,64,8.0,3
14:38:41,26.0,3,cdda3482f206ab2de644d3d909e2556d9ec6b9d7cd3212a1399907719fba3823,-70,,3,64,8.0,3
14:38:41,26.0,3,cdda3482f206ab2de644d3d909e2556d9ec6b9d7cd3212a1399907719fba3823,-67,,3,64,8.0,3
14:38:42,26.0,3,582ef2495ad75e149151d865dff80d60d80f65477eb48b0066adbf8105323351,-48,,3,64,12.0,3
14:38:43,26.0,3,9a09de8004812808143117316edc7a318a01be8c2e4eaa501f90376da798d0f2,-74,,3,64,12.0,3
14:38:44,26.0,3,cdda3482f206ab2de644d3d909e2556d9ec6b9d7cd3212a1399907719fba3823,-79,,3,64,8.0,3
14:38:45,26.0,3,cdda3482f206ab2de644d3d909e2556d9ec6b9d7cd3212a1399907719fba3823,-66,,3,64,8.0,3
14:38:45,26.0,3,9a09de8004812808143117316edc7a318a01be8c2e4eaa501f90376da798d0f2,-74,,3,64,12.0,3
14:38:46,2.0,3,7c4bd2df3309f8a9fed91cd0a737effc5658a31ad1b6aefc188582340d8d7c61,-91,,3,64,,3
14:38:47,26.0,3,cdda3482f206ab2de644d3d909e2556d9ec6b9d7cd3212a1399907719fba3823,-72,,3,64,,3
14:38:48,26.0,3,cdda3482f206ab2de644d3d909e2556d9ec6b9d7cd3212a1399907719fba3823,-69,,3,64,,3
14:38:49,26.0,3,9a09de8004812808143117316edc7a318a01be8c2e4eaa501f90376da798d0f2,-76,,3,64,12.0,3
14:38:49,26.0,3,9a09de8004812808143117316edc7a318a01be8c2e4eaa501f90376da798d0f2,-76,,3,64,12.0,3
14:38:50,2.0,3,7c4bd2df3309f8a9fed91cd0a737effc5658a31ad1b6aefc188582340d8d7c61,-92,,3,64,,3
14:38:51,26.0,3,9a09de8004812808143117316edc7a318a01be8c2e4eaa501f90376da798d0f2,-74,,3,64,12.0,3
14:38:52,2.0,3,7c4bd2df3309f8a9fed91cd0a737effc5658a31ad1b6aefc188582340d8d7c61,-90,,3,64,,3
14:38:53,26.0,3,cdda3482f206ab2de644d3d909e2556d9ec6b9d7cd3212a1399907719fba3823,-70,,3,64,,3
14:38:53,26.0,3,cdda3482f206ab2de644d3d909e2556d9ec6b9d7cd3212a1399907719fba3823,-69,,3,64,,3
14:38:54,26.0,3,cdda3482f206ab2de644d3d909e2556d9ec6b9d7cd3212a1399907719fba3823,-70,,3,64,,3
14:38:55,2.0,3,7c4bd2df3309f8a9fed91cd0a737effc5658a31ad1b6aefc188582340d8d7c61,-94,,3,64,,3
14:38:56,26.0,3,9a09de8004812808143117316edc7a318a01be8c2e4eaa501f90376da798d0f2,-75,,3,64,12.0,3
14:38:56,26.0,3,9a09de8004812808143117316edc7a318a01be8c2e4eaa501f90376da798d0f2,-78,,3,64,12.0,3
14:38:57,26.0,3,9a09de8004812808143117316edc7a318a01be8c2e4eaa501f90376da798d0f2,-83,,3,64,12.0,3
14:38:58,26.0,3,9a09de8004812808143117316edc7a318a01be8c2e4eaa501f90376da798d0f2,-76,,3,64,12.0,3
14:38:59,26.0,3,cdda3482f206ab2de644d3d909e2556d9ec6b9d7cd3212a1399907719fba3823,-67,,3,64,,3
14:39:00,26.0,3,9a09de8004812808143117316edc7a318a01be8c2e4eaa501f90376da798d0f2,-86,,3,64,12.0,3
14:39:00,26.0,3,cdda3482f206ab2de644d3d909e2556d9ec6b9d7cd3212a1399907719fba3823,-67,,3,64,,3
14:39:01,26.0,3,cdda3482f206ab2de644d3d909e2556d9ec6b9d7cd3212a1399907719fba3823,-72,,3,64,,3
14:39:02,26.0,3,9a09de8004812808143117316edc7a318a01be8c2e4eaa501f90376da798d0f2,-74,,3,64,12.0,3
14:39:03,,3,bd420b16aeda83e38f77c196333859da4d33986aed387aca73198be3e9c6d4c1,-50,,3,64,,3
14:39:04,26.0,3,cdda3482f206ab2de644d3d909e2556d9ec6b9d7cd3212a1399907719fba3823,-88,,3,64,,3
14:39:04,26.0,3,cdda3482f206ab2de644d3d909e2556d9ec6b9d7cd3212a1399907719fba3823,-70,,3,64,,3
14:39:05,26.0,3,9a09de8004812808143117316edc7a318a01be8c2e4eaa501f90376da798d0f2,-73,,3,64,12.0,3
14:39:06,26.0,3,cdda3482f206ab2de644d3d909e2556d9ec6b9d7cd3212a1399907719fba3823,-72,,3,64,,3
14:39:07,,3,bd420b16aeda83e38f77c196333859da4d33986aed387aca73198be3e9c6d4c1,-57,,3,64,,3
14:39:08,26.0,3,9a09de8004812808143117316edc7a318a01be8c2e4eaa501f90376da798d0f2,-73,,3,64,12.0,3
14:39:08,,3,0a7f7b061449338fd4f9dda78d504efac3bbf16c5789795bc15ca3744021abfa,-67,,3,64,,3
14:39:09,26.0,3,cdda3482f206ab2de644d3d909e2556d9ec6b9d7cd3212a1399907719fba3823,-70,,3,64,,3
14:39:10,26.0,3,cdda3482f206ab2de644d3d909e2556d9ec6b9d7cd3212a1399907719fba3823,-69,,3,64,,3
14:39:11,26.0,3,cdda3482f206ab2de644d3d909e2556d9ec6b9d7cd3212a1399907719fba3823,-69,,3,64,,3
14:39:11,26.0,3,cdda3482f206ab2de644d3d909e2556d9ec6b9d7cd3212a1399907719fba3823,-68,,3,64,,3
14:39:12,2.0,3,939516d3175c317d1e88f5f4e80e1840c6e5b8afa89e40401e112ffd7224a804,-95,,3,64,,3
14:39:13,26.0,3,cdda3482f206ab2de644d3d909e2556d9ec6b9d7cd3212a1399907719fba3823,-65,,3,64,,3
14:39:14,26.0,3,9a09de8004812808143117316edc7a318a01be8c2e4eaa501f90376da798d0f2,-71,,3,64,12.0,3
14:39:15,26.0,3,9a09de8004812808143117316edc7a318a01be8c2e4eaa501f90376da798d0f2,-72,,3,64,12.0,3
14:39:15,2.0,3,939516d3175c317d1e88f5f4e80e1840c6e5b8afa89e40401e112ffd7224a804,-94,,3,64,,3
14:39:16,26.0,3,cdda3482f206ab2de644d3d909e2556d9ec6b9d7cd3212a1399907719fba3823,-69,,3,64,,3
14:39:17,26.0,3,cdda3482f206ab2de644d3d909e2556d9ec6b9d7cd3212a1399907719fba3823,-70,,3,64,,3
14:39:18,,3,0a7f7b061449338fd4f9dda78d504efac3bbf16c5789795bc15ca3744021abfa,-70,,3,64,,3
14:39:19,26.0,3,cdda3482f206ab2de644d3d909e2556d9ec6b9d7cd3212a1399907719fba3823,-67,,3,64,,3
14:39:19,26.0,3,9a09de8004812808143117316edc7a318a01be8c2e4eaa501f90376da798d0f2,-70,,3,64,12.0,3
14:39:20,26.0,3,cdda3482f206ab2de644d3d909e2556d9ec6b9d7cd3212a1399907719fba3823,-82,,3,64,,3
14:39:21,26.0,3,9a09de8004812808143117316edc7a318a01be8c2e4eaa501f90376da798d0f2,-71,,3,64,12.0,3
14:39:22,,3,0a7f7b061449338fd4f9dda78d504efac3bbf16c5789795bc15ca3744021abfa,-71,,3,64,,3
14:39:23,26.0,3,9a09de8004812808143117316edc7a318a01be8c2e4eaa501f90376da798d0f2,-70,,3,64,12.0,3
14:39:23,2.0,3,939516d3175c317d1e88f5f4e80e1840c6e5b8afa89e40401e112ffd7224a804,-95,,3,64,,3
14:39:24,26.0,3,9a09de8004812808143117316edc7a318a01be8c2e4eaa501f90376da798d0f2,-77,,3,64,12.0,3
14:39:25,26.0,3,cdda3482f206ab2de644d3d909e2556d9ec6b9d7cd3212a1399907719fba3823,-78,,3,64,,3
14:39:26,26.0,3,cdda3482f206ab2de644d3d909e2556d9ec6b9d7cd3212a1399907719fba3823,-77,,3,64,,3
14:39:26,26.0,3,cdda3482f206ab2de644d3d909e2556d9ec6b9d7cd3212a1399907719fba3823,-75,,3,64,,3
14:39:27,26.0,3,cdda3482f206ab2de644d3d909e2556d9ec6b9d7cd3212a1399907719fba3823,-72,,3,64,,3
14:39:28,2.0,3,939516d3175c317d1e88f5f4e80e1840c6e5b8afa89e40401e112ffd7224a804,-93,,3,64,,3
14:39:29,26.0,3,9a09de8004812808143117316edc7a318a01be8c2e4eaa501f90376da798d0f2,-75,,3,64,12.0,3
14:39:30,26.0,3,cdda3482f206ab2de644d3d909e2556d9ec6b9d7cd3212a1399907719fba3823,-75,,3,64,,3
14:39:30,26.0,3,9a09de8004812808143117316edc7a318a01be8c2e4eaa501f90376da798d0f2,-73,,3,64,12.0,3
14:39:31,,3,0a7f7b061449338fd4f9dda78d504efac3bbf16c5789795bc15ca3744021abfa,-79,,3,64,,3
14:39:32,26.0,3,cdda3482f206ab2de644d3d909e2556d9ec6b9d7cd3212a1399907719fba3823,-77,,3,64,,3
14:39:33,2.0,3,939516d3175c317d1e88f5f4e80e1840c6e5b8afa89e40401e112ffd7224a804,-89,,3,64,,3
14:39:34,26.0,3,9a09de8004812808143117316edc7a318a01be8c2e4eaa501f90376da798d0f2,-78,,3,64,12.0,3
14:39:34,26.0,3,cdda3482f206ab2de644d3d909e2556d9ec6b9d7cd3212a1399907719fba3823,-69,,3,64,,3
14:39:35,,3,0a7f7b061449338fd4f9dda78d504efac3bbf16c5789795bc15ca3744021abfa,-68,,3,64,,3
14:39:36,26.0,3,cdda3482f206ab2de644d3d909e2556d9ec6b9d7cd3212a1399907719fba3823,-72,,3,64,,3
14:39:37,26.0,3,9a09de8004812808143117316edc7a318a01be8c2e4eaa501f90376da798d0f2,-79,,3,64,12.0,3
14:39:38,2.0,3,cb58bcc22ee55fb4b6ca8cb829e3e2252bc056012aed3cf8bc02ada9b4503d17,-88,,3,64,,3
14:39:38,26.0,3,9a09de8004812808143117316edc7a318a01be8c2e4eaa501f90376da798d0f2,-79,,3,64,12.0,3
14:39:39,26.0,3,cdda3482f206ab2de644d3d909e2556d9ec6b9d7cd3212a1399907719fba3823,-78,,3,64,,3
14:39:40,26.0,3,cdda3482f206ab2de644d3d909e2556d9ec6b9d7cd3212a1399907719fba3823,-76,,3,64,,3
14:39:41,,3,bd420b16aeda83e38f77c196333859da4d33986aed387aca73198be3e9c6d4c1,-61,,3,64,,3
14:39:41,26.0,3,cdda3482f206ab2de644d3d909e2556d9ec6b9d7cd3212a1399907719fba3823,-81,,3,64,,3
14:39:42,26.0,3,cdda3482f206ab2de644d3d909e2556d9ec6b9d7cd3212a1399907719fba3823,-74,,3,64,,3
14:39:43,,3,0a7f7b061449338fd4f9dda78d504efac3bbf16c5789795bc15ca3744021abfa,-75,,3,64,,3
14:39:44,26.0,3,cdda3482f206ab2de644d3d909e2556d9ec6b9d7cd3212a1399907719fba3823,-75,,3,64,,3
14:39:45,26.0,3,cdda3482f206ab2de644d3d909e2556d9ec6b9d7cd3212a1399907719fba3823,-81,,3,64,,3
14:39:45,26.0,3,cdda3482f206ab2de644d3d909e2556d9ec6b9d7cd3212a1399907719fba3823,-71,,3,64,,3
14:39:46,26.0,3,9a09de8004812808143117316edc7a318a01be8c2e4eaa501f90376da798d0f2,-79,,3,64,12.0,3
14:39:47,26.0,3,9a09de8004812808143117316edc7a318a01be8c2e4eaa501f90376da798d0f2,-72,,3,64,12.0,3
14:39:48,26.0,3,cdda3482f206ab2de644d3d909e2556d9ec6b9d7cd3212a1399907719fba3823,-72,,3,64,,3
14:39:49,26.0,3,cdda3482f206ab2de644d3d909e2556d9ec6b9d7cd3212a1399907719fba3823,-76,,3,64,,3
14:39:49,26.0,3,9a09de8004812808143117316edc7a318a01be8c2e4eaa501f90376da798d0f2,-70,,3,64,12.0,3
14:39:50,26.0,3,cdda3482f206ab2de644d3d909e2556d9ec6b9d7cd3212a1399907719fba3823,-71,,3,64,,3
14:39:51,26.0,3,cdda3482f206ab2de644d3d909e2556d9ec6b9d7cd3212a1399907719fba3823,-80,,3,64,,3
14:39:52,26.0,3,9a09de8004812808143117316edc7a318a01be8c2e4eaa501f90376da798d0f2,-76,,3,64,12.0,3
14:39:53,26.0,3,cdda3482f206ab2de644d3d909e2556d9ec6b9d7cd3212a1399907719fba3823,-71,,3,64,,3
14:39:53,,3,0a7f7b061449338fd4f9dda78d504efac3bbf16c5789795bc15ca3744021abfa,-77,,3,64,,3
14:39:54,26.0,3,cdda3482f206ab2de644d3d909e2556d9ec6b9d7cd3212a1399907719fba3823,-70,,3,64,,3
14:39:55,26.0,3,9a09de8004812808143117316edc7a318a01be8c2e4eaa501f90376da798d0f2,-80,,3,64,12.0,3
14:39:56,26.0,3,9a09de8004812808143117316edc7a318a01be8c2e4eaa501f90376da798d0f2,-75,,3,64,12.0,3
14:39:56,26.0,3,cdda3482f206ab2de644d3d909e2556d9ec6b9d7cd3212a1399907719fba3823,-68,,3,64,,3
14:39:57,26.0,3,cdda3482f206ab2de644d3d909e2556d9ec6b9d7cd3212a1399907719fba3823,-72,,3,64,,3
14:39:58,26.0,3,cdda3482f206ab2de644d3d909e2556d9ec6b9d7cd3212a1399907719fba3823,-68,,3,64,,3
14:39:59,,3,bd420b16aeda83e38f77c196333859da4d33986aed387aca73198be3e9c6d4c1,-62,,3,64,,3
14:40:00,26.0,3,9a09de8004812808143117316edc7a318a01be8c2e4eaa501f90376da798d0f2,-69,,3,64,12.0,3
14:40:00,26.0,3,cdda3482f206ab2de644d3d909e2556d9ec6b9d7cd3212a1399907719fba3823,-70,,3,64,,3
14:40:01,,3,0a7f7b061449338fd4f9dda78d504efac3bbf16c5789795bc15ca3744021abfa,-83,,3,64,,3
14:40:02,2.0,3,cb58bcc22ee55fb4b6ca8cb829e3e2252bc056012aed3cf8bc02ada9b4503d17,-93,,3,64,,3
14:40:03,,3,bd420b16aeda83e38f77c196333859da4d33986aed387aca73198be3e9c6d4c1,-65,,3,64,,3
14:40:04,26.0,3,cdda3482f206ab2de644d3d909e2556d9ec6b9d7cd3212a1399907719fba3823,-71,,3,64,,3
14:40:04,26.0,3,9a09de8004812808143117316edc7a318a01be8c2e4eaa501f90376da798d0f2,-74,,3,64,12.0,3
14:40:05,2.0,3,cb58bcc22ee55fb4b6ca8cb829e3e2252bc056012aed3cf8bc02ada9b4503d17,-90,,3,64,,3
14:40:06,26.0,3,cdda3482f206ab2de644d3d909e2556d9ec6b9d7cd3212a1399907719fba3823,-71,,3,64,,3
14:40:07,,3,bd420b16aeda83e38f77c196333859da4d33986aed387aca73198be3e9c6d4c1,-64,,3,64,,3
14:40:08,2.0,3,f1006b0122cf5e27ecd7ca3f9c94fd7302cab673694a0f6743b869b4bc66f3ca,-92,,3,64,,3
14:40:08,26.0,3,cdda3482f206ab2de644d3d909e2556d9ec6b9d7cd3212a1399907719fba3823,-82,,3,64,,3
14:40:09,26.0,3,cdda3482f206ab2de644d3d909e2556d9ec6b9d7cd3212a1399907719fba3823,-73,,3,64,,3
14:40:10,2.0,3,f1006b0122cf5e27ecd7ca3f9c94fd7302cab673694a0f6743b869b4bc66f3ca,-90,,3,64,,3
14:40:11,26.0,3,9a09de8004812808143117316edc7a318a01be8c2e4eaa501f90376da798d0f2,-79,,3,64,12.0,3
14:40:11,26.0,3,cdda3482f206ab2de644d3d909e2556d9ec6b9d7cd3212a1399907719fba3823,-76,,3,64,,3
14:40:12,26.0,3,9a09de8004812808143117316edc7a318a01be8c2e4eaa501f90376da798d0f2,-76,,3,64,12.0,3
14:40:13,26.0,3,9a09de8004812808143117316edc7a318a01be8c2e4eaa501f90376da798d0f2,-73,,3,64,12.0,3
14:40:14,2.0,3,f1006b0122cf5e27ecd7ca3f9c94fd7302cab673694a0f6743b869b4bc66f3ca,-87,,3,64,,3
14:40:15,26.0,3,9a09de8004812808143117316edc7a318a01be8c2e4eaa501f90376da798d0f2,-73,,3,64,12.0,3
14:40:15,26.0,3,cdda3482f206ab2de644d3d909e2556d9ec6b9d7cd3212a1399907719fba3823,-66,,3,64,,3
14:40:16,26.0,3,cdda3482f206ab2de644d3d909e2556d9ec6b9d7cd3212a1399907719fba3823,-65,,3,64,,3
14:40:17,26.0,3,cdda3482f206ab2de644d3d909e2556d9ec6b9d7cd3212a1399907719fba3823,-77,,3,64,,3
14:40:18,26.0,3,9a09de8004812808143117316edc7a318a01be8c2e4eaa501f90376da798d0f2,-79,,3,64,12.0,3
14:40:19,26.0,3,9a09de8004812808143117316edc7a318a01be8c2e4eaa501f90376da798d0f2,-73,,3,64,12.0,3
14:40:19,26.0,3,9a09de8004812808143117316edc7a318a01be8c2e4eaa501f90376da798d0f2,-81,,3,64,12.0,3
14:40:20,26.0,3,cdda3482f206ab2de644d3d909e2556d9ec6b9d7cd3212a1399907719fba3823,-74,,3,64,,3
14:40:21,26.0,3,9a09de8004812808143117316edc7a318a01be8c2e4eaa501f90376da798d0f2,-77,,3,64,12.0,3
14:40:22,26.0,3,9a09de8004812808143117316edc7a318a01be8c2e4eaa501f90376da798d0f2,-72,,3,64,12.0,3
14:40:23,2.0,3,f1006b0122cf5e27ecd7ca3f9c94fd7302cab673694a0f6743b869b4bc66f3ca,-91,,3,64,,3
14:40:23,26.0,3,cdda3482f206ab2de644d3d909e2556d9ec6b9d7cd3212a1399907719fba3823,-70,,3,64,,3
14:40:24,26.0,3,cdda3482f206ab2de644d3d909e2556d9ec6b9d7cd3212a1399907719fba3823,-77,,3,64,,3
14:40:25,2.0,3,f1006b0122cf5e27ecd7ca3f9c94fd7302cab673694a0f6743b869b4bc66f3ca,-99,,3,64,,3
14:40:26,26.0,3,cdda3482f206ab2de644d3d909e2556d9ec6b9d7cd3212a1399907719fba3823,-72,,3,64,,3
14:40:26,2.0,3,f1006b0122cf5e27ecd7ca3f9c94fd7302cab673694a0f6743b869b4bc66f3ca,-93,,3,64,,3
14:40:27,26.0,3,9a09de8004812808143117316edc7a318a01be8c2e4eaa501f90376da798d0f2,-72,,3,64,12.0,3
14:40:28,26.0,3,9a09de8004812808143117316edc7a318a01be8c2e4eaa501f90376da798d0f2,-76,,3,64,12.0,3
14:40:29,26.0,3,9a09de8004812808143117316edc7a318a01be8c2e4eaa501f90376da798d0f2,-70,,3,64,12.0,3
14:40:30,26.0,3,9a09de8004812808143117316edc7a318a01be8c2e4eaa501f90376da798d0f2,-71,,3,64,12.0,3
14:40:30,26.0,3,9a09de8004812808143117316edc7a318a01be8c2e4eaa501f90376da798d0f2,-69,,3,64,12.0,3
14:40:31,26.0,3,cdda3482f206ab2de644d3d909e2556d9ec6b9d7cd3212a1399907719fba3823,-67,,3,64,,3
14:40:32,26.0,3,cdda3482f206ab2de644d3d909e2556d9ec6b9d7cd3212a1399907719fba3823,-68,,3,64,,3
14:40:33,26.0,3,cdda3482f206ab2de644d3d909e2556d9ec6b9d7cd3212a1399907719fba3823,-70,,3,64,,3
14:40:34,26.0,3,cdda3482f206ab2de644d3d909e2556d9ec6b9d7cd3212a1399907719fba3823,-70,,3,64,,3
14:40:34,26.0,3,cdda3482f206ab2de644d3d909e2556d9ec6b9d7cd3212a1399907719fba3823,-69,,3,64,,3
14:40:35,26.0,3,9a09de8004812808143117316edc7a318a01be8c2e4eaa501f90376da798d0f2,-77,,3,64,12.0,3
14:40:36,26.0,3,9a09de8004812808143117316edc7a318a01be8c2e4eaa501f90376da798d0f2,-69,,3,64,12.0,3
14:40:37,26.0,3,cdda3482f206ab2de644d3d909e2556d9ec6b9d7cd3212a1399907719fba3823,-68,,3,64,,3
14:40:38,26.0,3,9a09de8004812808143117316edc7a318a01be8c2e4eaa501f90376da798d0f2,-70,,3,64,12.0,3
14:40:38,26.0,3,cdda3482f206ab2de644d3d909e2556d9ec6b9d7cd3212a1399907719fba3823,-79,,3,64,,3
14:40:39,26.0,3,cdda3482f206ab2de644d3d909e2556d9ec6b9d7cd3212a1399907719fba3823,-69,,3,64,,3
14:40:40,26.0,3,cdda3482f206ab2de644d3d909e2556d9ec6b9d7cd3212a1399907719fba3823,-73,,3,64,,3
14:40:41,,3,bd420b16aeda83e38f77c196333859da4d33986aed387aca73198be3e9c6d4c1,-64,,3,64,,3
14:40:41,26.0,3,9a09de8004812808143117316edc7a318a01be8c2e4eaa501f90376da798d0f2,-72,,3,64,12.0,3
14:40:42,2.0,3,9b7b0dfe366eb0dbf93c5cc2879d37b9951e5edac7378476417554990a9f61da,-95,,3,64,,3
14:40:43,26.0,3,9a09de8004812808143117316edc7a318a01be8c2e4eaa501f90376da798d0f2,-71,,3,64,12.0,3
14:40:44,26.0,3,9a09de8004812808143117316edc7a318a01be8c2e4eaa501f90376da798d0f2,-71,,3,64,12.0,3
14:40:45,,3,bd420b16aeda83e38f77c196333859da4d33986aed387aca73198be3e9c6d4c1,-71,,3,64,,3
14:40:45,26.0,3,cdda3482f206ab2de644d3d909e2556d9ec6b9d7cd3212a1399907719fba3823,-69,,3,64,,3
14:40:46,26.0,3,cdda3482f206ab2de644d3d909e2556d9ec6b9d7cd3212a1399907719fba3823,-69,,3,64,,3
14:40:47,26.0,3,cdda3482f206ab2de644d3d909e2556d9ec6b9d7cd3212a1399907719fba3823,-70,,3,64,,3
14:40:48,26.0,3,cdda3482f206ab2de644d3d909e2556d9ec6b9d7cd3212a1399907719fba3823,-68,,3,64,,3
14:40:49,26.0,3,cdda3482f206ab2de644d3d909e2556d9ec6b9d7cd3212a1399907719fba3823,-64,,3,64,,3
14:40:49,26.0,3,cdda3482f206ab2de644d3d909e2556d9ec6b9d7cd3212a1399907719fba3823,-65,,3,64,,3
14:40:50,26.0,3,cdda3482f206ab2de644d3d909e2556d9ec6b9d7cd3212a1399907719fba3823,-70,,3,64,,3
14:40:51,26.0,3,9a09de8004812808143117316edc7a318a01be8c2e4eaa501f90376da798d0f2,-67,,3,64,12.0,3
14:40:52,26.0,3,9a09de8004812808143117316edc7a318a01be8c2e4eaa501f90376da798d0f2,-71,,3,64,12.0,3
14:40:52,26.0,3,9a09de8004812808143117316edc7a318a01be8c2e4eaa501f90376da798d0f2,-66,,3,64,12.0,3
14:40:53,26.0,3,cdda3482f206ab2de644d3d909e2556d9ec6b9d7cd3212a1399907719fba3823,-69,,3,64,8.0,3
14:40:54,,3,0a7f7b061449338fd4f9dda78d504efac3bbf16c5789795bc15ca3744021abfa,-71,,3,64,,3
14:40:55,,3,bd420b16aeda83e38f77c196333859da4d33986aed387aca73198be3e9c6d4c1,-66,,3,64,,3
14:40:56,26.0,3,9a09de8004812808143117316edc7a318a01be8c2e4eaa501f90376da798d0f2,-79,,3,64,12.0,3
14:40:56,26.0,3,9a09de8004812808143117316edc7a318a01be8c2e4eaa501f90376da798d0f2,-68,,3,64,12.0,3
14:40:57,26.0,3,cdda3482f206ab2de644d3d909e2556d9ec6b9d7cd3212a1399907719fba3823,-73,,3,64,8.0,3
14:40:58,26.0,3,9a09de8004812808143117316edc7a318a01be8c2e4eaa501f90376da798d0f2,-68,,3,64,12.0,3
14:40:59,26.0,3,9a09de8004812808143117316edc7a318a01be8c2e4eaa501f90376da798d0f2,-77,,3,64,12.0,3
14:41:00,26.0,3,cdda3482f206ab2de644d3d909e2556d9ec6b9d7cd3212a1399907719fba3823,-81,,3,64,,3
14:41:00,26.0,3,9a09de8004812808143117316edc7a318a01be8c2e4eaa501f90376da798d0f2,-73,,3,64,12.0,3
14:41:01,26.0,3,9a09de8004812808143117316edc7a318a01be8c2e4eaa501f90376da798d0f2,-72,,3,64,12.0,3
14:41:02,26.0,3,9a09de8004812808143117316edc7a318a01be8c2e4eaa501f90376da798d0f2,-71,,3,64,12.0,3
14:41:03,,3,bd420b16aeda83e38f77c196333859da4d33986aed387aca73198be3e9c6d4c1,-55,,3,64,,3
14:41:04,26.0,3,9a09de8004812808143117316edc7a318a01be8c2e4eaa501f90376da798d0f2,-70,,3,64,12.0,3
14:41:04,,3,bd420b16aeda83e38f77c196333859da4d33986aed387aca73198be3e9c6d4c1,-65,,3,64,,3
14:41:05,26.0,3,9a09de8004812808143117316edc7a318a01be8c2e4eaa501f90376da798d0f2,-75,,3,64,12.0,3
14:41:06,26.0,3,9a09de8004812808143117316edc7a318a01be8c2e4eaa501f90376da798d0f2,-76,,3,64,12.0,3
14:41:07,,3,bd420b16aeda83e38f77c196333859da4d33986aed387aca73198be3e9c6d4c1,-65,,3,64,,3
14:41:07,26.0,3,9a09de8004812808143117316edc7a318a01be8c2e4eaa501f90376da798d0f2,-76,,3,64,12.0,3
14:41:08,26.0,3,9a09de8004812808143117316edc7a318a01be8c2e4eaa501f90376da798d0f2,-70,,3,64,12.0,3
14:41:09,26.0,3,9a09de8004812808143117316edc7a318a01be8c2e4eaa501f90376da798d0f2,-79,,3,64,12.0,3
14:41:10,26.0,3,9a09de8004812808143117316edc7a318a01be8c2e4eaa501f90376da798d0f2,-71,,3,64,12.0,3
14:41:11,,3,bd420b16aeda83e38f77c196333859da4d33986aed387aca73198be3e9c6d4c1,-68,,3,64,,3
14:41:11,26.0,3,9a09de8004812808143117316edc7a318a01be8c2e4eaa501f90376da798d0f2,-68,,3,64,12.0,3
14:41:12,26.0,3,9a09de8004812808143117316edc7a318a01be8c2e4eaa501f90376da798d0f2,-71,,3,64,12.0,3
14:41:13,26.0,3,9a09de8004812808143117316edc7a318a01be8c2e4eaa501f90376da798d0f2,-79,,3,64,12.0,3
14:41:14,26.0,3,9a09de8004812808143117316edc7a318a01be8c2e4eaa501f90376da798d0f2,-70,,3,64,12.0,3
14:41:15,26.0,3,9a09de8004812808143117316edc7a318a01be8c2e4eaa501f90376da798d0f2,-79,,3,64,12.0,3
14:41:15,26.0,3,9a09de8004812808143117316edc7a318a01be8c2e4eaa501f90376da798d0f2,-71,,3,64,12.0,3
14:41:16,26.0,3,9a09de8004812808143117316edc7a318a01be8c2e4eaa501f90376da798d0f2,-76,,3,64,12.0,3
14:41:17,26.0,3,9a09de8004812808143117316edc7a318a01be8c2e4eaa501f90376da798d0f2,-69,,3,64,12.0,3
14:41:18,26.0,3,9a09de8004812808143117316edc7a318a01be8c2e4eaa501f90376da798d0f2,-81,,3,64,12.0,3
14:41:19,26.0,3,9a09de8004812808143117316edc7a318a01be8c2e4eaa501f90376da798d0f2,-68,,3,64,12.0,3
14:41:19,26.0,3,9a09de8004812808143117316edc7a318a01be8c2e4eaa501f90376da798d0f2,-71,,3,64,12.0,3
14:41:20,26.0,3,9a09de8004812808143117316edc7a318a01be8c2e4eaa501f90376da798d0f2,-77,,3,64,12.0,3
14:41:21,26.0,3,9a09de8004812808143117316edc7a318a01be8c2e4eaa501f90376da798d0f2,-68,,3,64,12.0,3
14:41:22,26.0,3,9a09de8004812808143117316edc7a318a01be8c2e4eaa501f90376da798d0f2,-77,,3,64,12.0,3
14:41:22,26.0,3,29eeef893f088b3b738664d69eda4e3b04dd6964b38b78ed287b9213cace8c5e,-87,,3,64,,3
14:41:23,26.0,3,9a09de8004812808143117316edc7a318a01be8c2e4eaa501f90376da798d0f2,-78,,3,64,12.0,3
14:41:24,26.0,3,9a09de8004812808143117316edc7a318a01be8c2e4eaa501f90376da798d0f2,-71,,3,64,12.0,3
14:41:25,26.0,3,9a09de8004812808143117316edc7a318a01be8c2e4eaa501f90376da798d0f2,-79,,3,64,12.0,3
14:41:26,26.0,3,9a09de8004812808143117316edc7a318a01be8c2e4eaa501f90376da798d0f2,-71,,3,64,12.0,3
14:41:26,26.0,3,9a09de8004812808143117316edc7a318a01be8c2e4eaa501f90376da798d0f2,-80,,3,64,12.0,3
14:41:27,26.0,3,9a09de8004812808143117316edc7a318a01be8c2e4eaa501f90376da798d0f2,-69,,3,64,12.0,3
14:41:28,,3,da20e0658defa8eb003403c430cb88662466b56f373952cd58052c37d940cc8e,-86,,3,64,,3
14:41:29,26.0,3,9a09de8004812808143117316edc7a318a01be8c2e4eaa501f90376da798d0f2,-68,,3,64,12.0,3
14:41:30,26.0,3,9a09de8004812808143117316edc7a318a01be8c2e4eaa501f90376da798d0f2,-69,,3,64,12.0,3
14:41:30,26.0,3,9a09de8004812808143117316edc7a318a01be8c2e4eaa501f90376da798d0f2,-77,,3,64,12.0,3
14:41:31,26.0,3,9a09de8004812808143117316edc7a318a01be8c2e4eaa501f90376da798d0f2,-70,,3,64,12.0,3
14:41:32,26.0,3,9a09de8004812808143117316edc7a318a01be8c2e4eaa501f90376da798d0f2,-82,,3,64,12.0,3
14:41:33,26.0,3,9a09de8004812808143117316edc7a318a01be8c2e4eaa501f90376da798d0f2,-74,,3,64,12.0,3
14:41:34,26.0,3,9a09de8004812808143117316edc7a318a01be8c2e4eaa501f90376da798d0f2,-74,,3,64,12.0,3
14:41:34,26.0,3,9a09de8004812808143117316edc7a318a01be8c2e4eaa501f90376da798d0f2,-67,,3,64,12.0,3
14:41:35,26.0,3,9a09de8004812808143117316edc7a318a01be8c2e4eaa501f90376da798d0f2,-72,,3,64,12.0,3
14:41:36,26.0,3,9a09de8004812808143117316edc7a318a01be8c2e4eaa501f90376da798d0f2,-67,,3,64,12.0,3
14:41:37,26.0,3,9a09de8004812808143117316edc7a318a01be8c2e4eaa501f90376da798d0f2,-71,,3,64,12.0,3
14:41:37,26.0,3,9a09de8004812808143117316edc7a318a01be8c2e4eaa501f90376da798d0f2,-88,,3,64,12.0,3
14:41:38,26.0,3,9a09de8004812808143117316edc7a318a01be8c2e4eaa501f90376da798d0f2,-71,,3,64,12.0,3
14:41:39,26.0,3,9a09de8004812808143117316edc7a318a01be8c2e4eaa501f90376da798d0f2,-68,,3,64,12.0,3
14:41:40,26.0,3,d4450f5b1febea8d82dddb15815606de7ceb5512dfdb8892aedf4b1c49cc7da2,-86,,3,64,7.0,3
14:41:41,,3,bd420b16aeda83e38f77c196333859da4d33986aed387aca73198be3e9c6d4c1,-69,,3,64,,3
14:41:41,26.0,3,9a09de8004812808143117316edc7a318a01be8c2e4eaa501f90376da798d0f2,-67,,3,64,12.0,3
14:41:42,26.0,3,9a09de8004812808143117316edc7a318a01be8c2e4eaa501f90376da798d0f2,-88,,3,64,12.0,3
14:41:43,26.0,3,9a09de8004812808143117316edc7a318a01be8c2e4eaa501f90376da798d0f2,-68,,3,64,12.0,3
14:41:44,26.0,3,9a09de8004812808143117316edc7a318a01be8c2e4eaa501f90376da798d0f2,-69,,3,64,12.0,3
14:41:45,26.0,3,9a09de8004812808143117316edc7a318a01be8c2e4eaa501f90376da798d0f2,-68,,3,64,12.0,3
14:41:45,26.0,3,9a09de8004812808143117316edc7a318a01be8c2e4eaa501f90376da798d0f2,-69,,3,64,12.0,3
14:41:46,2.0,3,0f2af55246c8229ce314f982643fca0ee94782fe8747c40a0951081f678eb11b,-95,,3,64,,3
14:41:47,26.0,3,9a09de8004812808143117316edc7a318a01be8c2e4eaa501f90376da798d0f2,-71,,3,64,12.0,3
14:41:48,26.0,3,9a09de8004812808143117316edc7a318a01be8c2e4eaa501f90376da798d0f2,-81,,3,64,12.0,3
14:41:48,26.0,3,9a09de8004812808143117316edc7a318a01be8c2e4eaa501f90376da798d0f2,-72,,3,64,12.0,3
14:41:49,26.0,3,9a09de8004812808143117316edc7a318a01be8c2e4eaa501f90376da798d0f2,-71,,3,64,12.0,3
14:41:50,26.0,3,9a09de8004812808143117316edc7a318a01be8c2e4eaa501f90376da798d0f2,-67,,3,64,12.0,3
14:41:51,,3,bd420b16aeda83e38f77c196333859da4d33986aed387aca73198be3e9c6d4c1,-63,,3,64,,3
14:41:52,26.0,3,9a09de8004812808143117316edc7a318a01be8c2e4eaa501f90376da798d0f2,-68,,3,64,12.0,3
14:41:52,26.0,3,9a09de8004812808143117316edc7a318a01be8c2e4eaa501f90376da798d0f2,-72,,3,64,12.0,3
14:41:53,26.0,3,9a09de8004812808143117316edc7a318a01be8c2e4eaa501f90376da798d0f2,-67,,3,64,12.0,3
14:41:54,6.0,3,39013a6f55c223dab278c2c6c77de0e7e40dfd845b8c7080009e2318ae947c7e,-91,,3,64,,3
14:41:55,,3,bd420b16aeda83e38f77c196333859da4d33986aed387aca73198be3e9c6d4c1,-62,,3,64,,3
14:41:56,26.0,3,9a09de8004812808143117316edc7a318a01be8c2e4eaa501f90376da798d0f2,-70,,3,64,12.0,3
14:41:56,26.0,3,9a09de8004812808143117316edc7a318a01be8c2e4eaa501f90376da798d0f2,-80,,3,64,12.0,3
14:41:57,26.0,3,9a09de8004812808143117316edc7a318a01be8c2e4eaa501f90376da798d0f2,-70,,3,64,12.0,3
14:41:58,26.0,3,9a09de8004812808143117316edc7a318a01be8c2e4eaa501f90376da798d0f2,-80,,3,64,12.0,3
14:41:59,,3,bd420b16aeda83e38f77c196333859da4d33986aed387aca73198be3e9c6d4c1,-71,,3,64,,3
14:42:00,26.0,3,9a09de8004812808143117316edc7a318a01be8c2e4eaa501f90376da798d0f2,-81,,3,64,12.0,3
14:42:00,26.0,3,9a09de8004812808143117316edc7a318a01be8c2e4eaa501f90376da798d0f2,-70,,3,64,12.0,3
14:42:01,26.0,3,9a09de8004812808143117316edc7a318a01be8c2e4eaa501f90376da798d0f2,-79,,3,64,12.0,3
14:42:02,26.0,3,9a09de8004812808143117316edc7a318a01be8c2e4eaa501f90376da798d0f2,-67,,3,64,12.0,3
14:42:03,,3,bd420b16aeda83e38f77c196333859da4d33986aed387aca73198be3e9c6d4c1,-71,,3,64,,3
14:42:04,26.0,3,9a09de8004812808143117316edc7a318a01be8c2e4eaa501f90376da798d0f2,-68,,3,64,12.0,3
14:42:04,26.0,3,9a09de8004812808143117316edc7a318a01be8c2e4eaa501f90376da798d0f2,-73,,3,64,12.0,3
14:42:05,26.0,3,9a09de8004812808143117316edc7a318a01be8c2e4eaa501f90376da798d0f2,-70,,3,64,12.0,3
14:42:06,26.0,3,9a09de8004812808143117316edc7a318a01be8c2e4eaa501f90376da798d0f2,-72,,3,64,12.0,3
14:42:07,,3,bd420b16aeda83e38f77c196333859da4d33986aed387aca73198be3e9c6d4c1,-55,,3,64,,3
14:42:07,26.0,3,9a09de8004812808143117316edc7a318a01be8c2e4eaa501f90376da798d0f2,-72,,3,64,12.0,3
14:42:08,26.0,3,9a09de8004812808143117316edc7a318a01be8c2e4eaa501f90376da798d0f2,-76,,3,64,12.0,3
14:42:09,26.0,3,9a09de8004812808143117316edc7a318a01be8c2e4eaa501f90376da798d0f2,-70,,3,64,12.0,3
14:42:10,26.0,3,9a09de8004812808143117316edc7a318a01be8c2e4eaa501f90376da798d0f2,-76,,3,64,12.0,3
14:42:11,6.0,3,6990514cfc2c97153850bd825a6f419f81838fc40715b4d8a538f84707a92d1e,-91,,3,64,,3
14:42:11,26.0,3,9a09de8004812808143117316edc7a318a01be8c2e4eaa501f90376da798d0f2,-70,,3,64,12.0,3
14:42:12,26.0,3,9a09de8004812808143117316edc7a318a01be8c2e4eaa501f90376da798d0f2,-68,,3,64,12.0,3
14:42:13,26.0,3,9a09de8004812808143117316edc7a318a01be8c2e4eaa501f90376da798d0f2,-71,,3,64,12.0,3
14:42:14,26.0,3,9a09de8004812808143117316edc7a318a01be8c2e4eaa501f90376da798d0f2,-67,,3,64,12.0,3
14:42:15,26.0,3,9a09de8004812808143117316edc7a318a01be8c2e4eaa501f90376da798d0f2,-72,,3,64,12.0,3
14:42:15,26.0,3,9a09de8004812808143117316edc7a318a01be8c2e4eaa501f90376da798d0f2,-75,,3,64,12.0,3
14:42:16,26.0,3,9a09de8004812808143117316edc7a318a01be8c2e4eaa501f90376da798d0f2,-72,,3,64,12.0,3
14:42:17,26.0,3,9a09de8004812808143117316edc7a318a01be8c2e4eaa501f90376da798d0f2,-76,,3,64,12.0,3
14:42:18,26.0,3,9a09de8004812808143117316edc7a318a01be8c2e4eaa501f90376da798d0f2,-67,,3,64,12.0,3
14:42:18,26.0,3,9a09de8004812808143117316edc7a318a01be8c2e4eaa501f90376da798d0f2,-77,,3,64,12.0,3
14:42:19,26.0,3,9a09de8004812808143117316edc7a318a01be8c2e4eaa501f90376da798d0f2,-67,,3,64,12.0,3
14:42:20,2.0,3,e21c296667be0451aeb5de20afb412c5394b0c358e76ad054426cdcc1aac8788,-91,,3,64,,3
14:42:21,26.0,3,9a09de8004812808143117316edc7a318a01be8c2e4eaa501f90376da798d0f2,-68,,3,64,12.0,3
14:42:22,26.0,3,9a09de8004812808143117316edc7a318a01be8c2e4eaa501f90376da798d0f2,-72,,3,64,12.0,3
14:42:22,2.0,3,e21c296667be0451aeb5de20afb412c5394b0c358e76ad054426cdcc1aac8788,-93,,3,64,,3
14:42:23,26.0,3,9a09de8004812808143117316edc7a318a01be8c2e4eaa501f90376da798d0f2,-71,,3,64,12.0,3
14:42:24,26.0,3,9a09de8004812808143117316edc7a318a01be8c2e4eaa501f90376da798d0f2,-77,,3,64,12.0,3
14:42:25,26.0,3,9a09de8004812808143117316edc7a318a01be8c2e4eaa501f90376da798d0f2,-70,,3,64,12.0,3
14:42:26,2.0,3,e21c296667be0451aeb5de20afb412c5394b0c358e76ad054426cdcc1aac8788,-94,,3,64,,3
14:42:26,26.0,3,9a09de8004812808143117316edc7a318a01be8c2e4eaa501f90376da798d0f2,-68,,3,64,12.0,3
14:42:27,2.0,3,e21c296667be0451aeb5de20afb412c5394b0c358e76ad054426cdcc1aac8788,-92,,3,64,,3
14:42:28,26.0,3,9a09de8004812808143117316edc7a318a01be8c2e4eaa501f90376da798d0f2,-69,,3,64,12.0,3
14:42:29,26.0,3,9a09de8004812808143117316edc7a318a01be8c2e4eaa501f90376da798d0f2,-78,,3,64,12.0,3
14:42:30,26.0,3,9a09de8004812808143117316edc7a318a01be8c2e4eaa501f90376da798d0f2,-69,,3,64,12.0,3
14:42:30,2.0,3,e21c296667be0451aeb5de20afb412c5394b0c358e76ad054426cdcc1aac8788,-90,,3,64,,3
14:42:31,26.0,3,9a09de8004812808143117316edc7a318a01be8c2e4eaa501f90376da798d0f2,-70,,3,64,12.0,3
14:42:32,26.0,3,9a09de8004812808143117316edc7a318a01be8c2e4eaa501f90376da798d0f2,-71,,3,64,12.0,3
14:42:33,26.0,3,9a09de8004812808143117316edc7a318a01be8c2e4eaa501f90376da798d0f2,-76,,3,64,12.0,3
14:42:34,26.0,3,9a09de8004812808143117316edc7a318a01be8c2e4eaa501f90376da798d0f2,-69,,3,64,12.0,3
14:42:34,26.0,3,9a09de8004812808143117316edc7a318a01be8c2e4eaa501f90376da798d0f2,-80,,3,64,12.0,3
14:42:35,,3,458079ca1156e8f8509d472d1446303ab74290d98c56bd283958d42f4352ee23,-90,,3,64,,3
14:42:36,26.0,3,9a09de8004812808143117316edc7a318a01be8c2e4eaa501f90376da798d0f2,-79,,3,64,12.0,3
14:42:37,26.0,3,9a09de8004812808143117316edc7a318a01be8c2e4eaa501f90376da798d0f2,-67,,3,64,12.0,3
14:42:37,26.0,3,9a09de8004812808143117316edc7a318a01be8c2e4eaa501f90376da798d0f2,-78,,3,64,12.0,3
14:42:38,26.0,3,9a09de8004812808143117316edc7a318a01be8c2e4eaa501f90376da798d0f2,-67,,3,64,12.0,3
14:42:39,26.0,3,9a09de8004812808143117316edc7a318a01be8c2e4eaa501f90376da798d0f2,-76,,3,64,12.0,3
14:42:40,26.0,3,9a09de8004812808143117316edc7a318a01be8c2e4eaa501f90376da798d0f2,-67,,3,64,12.0,3
14:42:41,26.0,3,9a09de8004812808143117316edc7a318a01be8c2e4eaa501f90376da798d0f2,-72,,3,64,12.0,3
14:42:41,26.0,3,9a09de8004812808143117316edc7a318a01be8c2e4eaa501f90376da798d0f2,-80,,3,64,12.0,3
14:42:42,26.0,3,9a09de8004812808143117316edc7a318a01be8c2e4eaa501f90376da798d0f2,-71,,3,64,12.0,3
14:42:43,26.0,3,9a09de8004812808143117316edc7a318a01be8c2e4eaa501f90376da798d0f2,-78,,3,64,12.0,3
14:42:44,26.0,3,9a09de8004812808143117316edc7a318a01be8c2e4eaa501f90376da798d0f2,-70,,3,64,12.0,3
14:42:45,2.0,3,7ec345d4a7306622317c5b27420667a20fb86ac29481318e6389ad4ecd865b36,-94,,3,64,,3
14:42:45,26.0,3,9a09de8004812808143117316edc7a318a01be8c2e4eaa501f90376da798d0f2,-69,,3,64,12.0,3
14:42:46,26.0,3,9a09de8004812808143117316edc7a318a01be8c2e4eaa501f90376da798d0f2,-81,,3,64,12.0,3
14:42:47,,3,bd420b16aeda83e38f77c196333859da4d33986aed387aca73198be3e9c6d4c1,-63,,3,64,,3
14:42:48,26.0,3,9a09de8004812808143117316edc7a318a01be8c2e4eaa501f90376da798d0f2,-70,,3,64,12.0,3
14:42:49,26.0,3,9a09de8004812808143117316edc7a318a01be8c2e4eaa501f90376da798d0f2,-77,,3,64,12.0,3
14:42:49,26.0,3,9a09de8004812808143117316edc7a318a01be8c2e4eaa501f90376da798d0f2,-73,,3,64,12.0,3
14:42:50,2.0,3,7ec345d4a7306622317c5b27420667a20fb86ac29481318e6389ad4ecd865b36,-92,,3,64,,3
14:42:51,,3,bd420b16aeda83e38f77c196333859da4d33986aed387aca73198be3e9c6d4c1,-72,,3,64,,3
14:42:52,26.0,3,9a09de8004812808143117316edc7a318a01be8c2e4eaa501f90376da798d0f2,-72,,3,64,12.0,3
14:42:52,,3,7d0c903eee1bc001452ecfe8100cf3828603f31cb6b439a0f51dc77e6d8a8f2b,-89,,3,64,,3
14:42:53,2.0,3,7ec345d4a7306622317c5b27420667a20fb86ac29481318e6389ad4ecd865b36,-95,,3,64,,3
14:42:54,26.0,3,9a09de8004812808143117316edc7a318a01be8c2e4eaa501f90376da798d0f2,-76,,3,64,12.0,3
14:42:55,26.0,3,9a09de8004812808143117316edc7a318a01be8c2e4eaa501f90376da798d0f2,-74,,3,64,12.0,3
14:42:56,26.0,3,9a09de8004812808143117316edc7a318a01be8c2e4eaa501f90376da798d0f2,-76,,3,64,12.0,3
14:42:56,26.0,3,9a09de8004812808143117316edc7a318a01be8c2e4eaa501f90376da798d0f2,-76,,3,64,12.0,3
14:42:57,26.0,3,9a09de8004812808143117316edc7a318a01be8c2e4eaa501f90376da798d0f2,-71,,3,64,12.0,3
14:42:58,6.0,3,e8cce17b796e7661935fb75648b87aede3520b7e8db101e6b9bdaf53be427c6c,-91,,3,64,,3
14:42:59,2.0,3,7ec345d4a7306622317c5b27420667a20fb86ac29481318e6389ad4ecd865b36,-94,,3,64,,3
14:43:00,26.0,3,9a09de8004812808143117316edc7a318a01be8c2e4eaa501f90376da798d0f2,-70,,3,64,12.0,3
14:43:00,26.0,3,9a09de8004812808143117316edc7a318a01be8c2e4eaa501f90376da798d0f2,-83,,3,64,12.0,3
14:43:01,26.0,3,9a09de8004812808143117316edc7a318a01be8c2e4eaa501f90376da798d0f2,-69,,3,64,12.0,3
14:43:02,26.0,3,9a09de8004812808143117316edc7a318a01be8c2e4eaa501f90376da798d0f2,-69,,3,64,12.0,3
14:43:03,,3,bd420b16aeda83e38f77c196333859da4d33986aed387aca73198be3e9c6d4c1,-70,,3,64,,3
14:43:04,26.0,3,9a09de8004812808143117316edc7a318a01be8c2e4eaa501f90376da798d0f2,-82,,3,64,12.0,3
14:43:04,26.0,3,9a09de8004812808143117316edc7a318a01be8c2e4eaa501f90376da798d0f2,-68,,3,64,12.0,3
14:43:05,26.0,3,9a09de8004812808143117316edc7a318a01be8c2e4eaa501f90376da798d0f2,-82,,3,64,12.0,3
14:43:06,26.0,3,9a09de8004812808143117316edc7a318a01be8c2e4eaa501f90376da798d0f2,-69,,3,64,12.0,3
14:43:07,,3,bd420b16aeda83e38f77c196333859da4d33986aed387aca73198be3e9c6d4c1,-70,,3,64,,3
14:43:07,26.0,3,9a09de8004812808143117316edc7a318a01be8c2e4eaa501f90376da798d0f2,-82,,3,64,12.0,3
14:43:08,26.0,3,9a09de8004812808143117316edc7a318a01be8c2e4eaa501f90376da798d0f2,-71,,3,64,12.0,3
14:43:09,26.0,3,9a09de8004812808143117316edc7a318a01be8c2e4eaa501f90376da798d0f2,-82,,3,64,12.0,3
14:43:10,26.0,3,9a09de8004812808143117316edc7a318a01be8c2e4eaa501f90376da798d0f2,-68,,3,64,12.0,3
14:43:11,26.0,3,9a09de8004812808143117316edc7a318a01be8c2e4eaa501f90376da798d0f2,-85,,3,64,12.0,3
14:43:11,26.0,3,9a09de8004812808143117316edc7a318a01be8c2e4eaa501f90376da798d0f2,-70,,3,64,12.0,3
14:43:12,2.0,3,1657bfe86506ced85182a82c547ec82d21ee7e5e87d878dd60c6adae48d8045b,-91,,3,64,,3
14:43:13,26.0,3,9a09de8004812808143117316edc7a318a01be8c2e4eaa501f90376da798d0f2,-73,,3,64,12.0,3
14:43:14,26.0,3,9a09de8004812808143117316edc7a318a01be8c2e4eaa501f90376da798d0f2,-83,,3,64,12.0,3
14:43:15,26.0,3,9a09de8004812808143117316edc7a318a01be8c2e4eaa501f90376da798d0f2,-72,,3,64,12.0,3
14:43:15,26.0,3,9a09de8004812808143117316edc7a318a01be8c2e4eaa501f90376da798d0f2,-77,,3,64,12.0,3
14:43:16,26.0,3,9a09de8004812808143117316edc7a318a01be8c2e4eaa501f90376da798d0f2,-81,,3,64,12.0,3
14:43:17,,3,bd420b16aeda83e38f77c196333859da4d33986aed387aca73198be3e9c6d4c1,-57,,3,64,,3
14:43:18,26.0,3,9a09de8004812808143117316edc7a318a01be8c2e4eaa501f90376da798d0f2,-70,,3,64,12.0,3
14:43:19,26.0,3,9a09de8004812808143117316edc7a318a01be8c2e4eaa501f90376da798d0f2,-77,,3,64,12.0,3
14:43:19,26.0,3,9a09de8004812808143117316edc7a318a01be8c2e4eaa501f90376da798d0f2,-83,,3,64,12.0,3
14:43:20,26.0,3,9a09de8004812808143117316edc7a318a01be8c2e4eaa501f90376da798d0f2,-69,,3,64,12.0,3
14:43:21,,3,bd420b16aeda83e38f77c196333859da4d33986aed387aca73198be3e9c6d4c1,-70,,3,64,,3
14:43:22,26.0,3,9a09de8004812808143117316edc7a318a01be8c2e4eaa501f90376da798d0f2,-68,,3,64,12.0,3
14:43:22,26.0,3,9a09de8004812808143117316edc7a318a01be8c2e4eaa501f90376da798d0f2,-71,,3,64,12.0,3
14:43:23,26.0,3,9a09de8004812808143117316edc7a318a01be8c2e4eaa501f90376da798d0f2,-68,,3,64,12.0,3
14:43:24,26.0,3,9a09de8004812808143117316edc7a318a01be8c2e4eaa501f90376da798d0f2,-70,,3,64,12.0,3
14:43:25,,3,bd420b16aeda83e38f77c196333859da4d33986aed387aca73198be3e9c6d4c1,-71,,3,64,,3
14:43:26,26.0,3,9a09de8004812808143117316edc7a318a01be8c2e4eaa501f90376da798d0f2,-81,,3,64,12.0,3
14:43:26,26.0,3,9a09de8004812808143117316edc7a318a01be8c2e4eaa501f90376da798d0f2,-68,,3,64,12.0,3
14:43:27,26.0,3,9a09de8004812808143117316edc7a318a01be8c2e4eaa501f90376da798d0f2,-71,,3,64,12.0,3
14:43:28,2.0,3,1657bfe86506ced85182a82c547ec82d21ee7e5e87d878dd60c6adae48d8045b,-95,,3,64,,3
14:43:29,26.0,3,9a09de8004812808143117316edc7a318a01be8c2e4eaa501f90376da798d0f2,-70,,3,64,12.0,3
14:43:30,26.0,3,9a09de8004812808143117316edc7a318a01be8c2e4eaa501f90376da798d0f2,-84,,3,64,12.0,3
14:43:30,26.0,3,9a09de8004812808143117316edc7a318a01be8c2e4eaa501f90376da798d0f2,-69,,3,64,12.0,3
14:43:31,26.0,3,9a09de8004812808143117316edc7a318a01be8c2e4eaa501f90376da798d0f2,-70,,3,64,12.0,3
14:43:32,26.0,3,9a09de8004812808143117316edc7a318a01be8c2e4eaa501f90376da798d0f2,-68,,3,64,12.0,3
14:43:33,26.0,3,9a09de8004812808143117316edc7a318a01be8c2e4eaa501f90376da798d0f2,-70,,3,64,12.0,3
14:43:34,2.0,3,1657bfe86506ced85182a82c547ec82d21ee7e5e87d878dd60c6adae48d8045b,-96,,3,64,,3
14:43:34,26.0,3,9a09de8004812808143117316edc7a318a01be8c2e4eaa501f90376da798d0f2,-70,,3,64,12.0,3
14:43:35,26.0,3,9a09de8004812808143117316edc7a318a01be8c2e4eaa501f90376da798d0f2,-68,,3,64,12.0,3
14:43:36,26.0,3,9a09de8004812808143117316edc7a318a01be8c2e4eaa501f90376da798d0f2,-70,,3,64,12.0,3
14:43:37,26.0,3,9a09de8004812808143117316edc7a318a01be8c2e4eaa501f90376da798d0f2,-88,,3,64,12.0,3
14:43:37,26.0,3,9a09de8004812808143117316edc7a318a01be8c2e4eaa501f90376da798d0f2,-72,,3,64,12.0,3
14:43:38,26.0,3,9a09de8004812808143117316edc7a318a01be8c2e4eaa501f90376da798d0f2,-72,,3,64,12.0,3
14:43:39,26.0,3,9a09de8004812808143117316edc7a318a01be8c2e4eaa501f90376da798d0f2,-67,,3,64,12.0,3
14:43:40,26.0,3,9a09de8004812808143117316edc7a318a01be8c2e4eaa501f90376da798d0f2,-78,,3,64,12.0,3
14:43:41,26.0,3,9a09de8004812808143117316edc7a318a01be8c2e4eaa501f90376da798d0f2,-68,,3,64,12.0,3
14:43:41,26.0,3,9a09de8004812808143117316edc7a318a01be8c2e4eaa501f90376da798d0f2,-74,,3,64,12.0,3
14:43:42,26.0,3,9a09de8004812808143117316edc7a318a01be8c2e4eaa501f90376da798d0f2,-70,,3,64,12.0,3
14:43:43,26.0,3,9a09de8004812808143117316edc7a318a01be8c2e4eaa501f90376da798d0f2,-78,,3,64,12.0,3
14:43:44,26.0,3,9a09de8004812808143117316edc7a318a01be8c2e4eaa501f90376da798d0f2,-68,,3,64,12.0,3
14:43:45,26.0,3,9a09de8004812808143117316edc7a318a01be8c2e4eaa501f90376da798d0f2,-82,,3,64,12.0,3
14:43:45,26.0,3,9a09de8004812808143117316edc7a318a01be8c2e4eaa501f90376da798d0f2,-71,,3,64,12.0,3
14:43:46,26.0,3,e427fdc509967d591594693ff565f08a295f7eb70aef086ad3b231a2e620b2fa,-73,,3,64,12.0,3
14:43:47,2.0,3,e5ef26b84401fcb08a979c9f20c034a2869264e9696d07cf9e4262bfdda6838b,-90,,3,64,,3
14:43:48,2.0,3,e5ef26b84401fcb08a979c9f20c034a2869264e9696d07cf9e4262bfdda6838b,-91,,3,64,,3
14:43:49,26.0,3,e427fdc509967d591594693ff565f08a295f7eb70aef086ad3b231a2e620b2fa,-72,,3,64,12.0,3
14:43:49,26.0,3,e427fdc509967d591594693ff565f08a295f7eb70aef086ad3b231a2e620b2fa,-81,,3,64,12.0,3
14:43:50,26.0,3,e427fdc509967d591594693ff565f08a295f7eb70aef086ad3b231a2e620b2fa,-72,,3,64,12.0,3
14:43:51,26.0,3,e427fdc509967d591594693ff565f08a295f7eb70aef086ad3b231a2e620b2fa,-77,,3,64,12.0,3
14:43:52,26.0,3,e427fdc509967d591594693ff565f08a295f7eb70aef086ad3b231a2e620b2fa,-70,,3,64,12.0,3
14:43:52,26.0,3,e427fdc509967d591594693ff565f08a295f7eb70aef086ad3b231a2e620b2fa,-74,,3,64,12.0,3
14:43:53,26.0,3,e427fdc509967d591594693ff565f08a295f7eb70aef086ad3b231a2e620b2fa,-77,,3,64,12.0,3
14:43:54,26.0,3,e427fdc509967d591594693ff565f08a295f7eb70aef086ad3b231a2e620b2fa,-71,,3,64,12.0,3
14:43:55,26.0,3,e427fdc509967d591594693ff565f08a295f7eb70aef086ad3b231a2e620b2fa,-74,,3,64,12.0,3
14:43:56,2.0,3,e5ef26b84401fcb08a979c9f20c034a2869264e9696d07cf9e4262bfdda6838b,-92,,3,64,,3
14:43:56,26.0,3,e427fdc509967d591594693ff565f08a295f7eb70aef086ad3b231a2e620b2fa,-76,,3,64,12.0,3
14:43:57,2.0,3,e5ef26b84401fcb08a979c9f20c034a2869264e9696d07cf9e4262bfdda6838b,-89,,3,64,,3
14:43:58,2.0,3,e5ef26b84401fcb08a979c9f20c034a2869264e9696d07cf9e4262bfdda6838b,-92,,3,64,,3
14:43:59,26.0,3,e427fdc509967d591594693ff565f08a295f7eb70aef086ad3b231a2e620b2fa,-71,,3,64,12.0,3
14:44:00,2.0,3,e5ef26b84401fcb08a979c9f20c034a2869264e9696d07cf9e4262bfdda6838b,-92,,3,64,,3
14:44:00,2.0,3,e5ef26b84401fcb08a979c9f20c034a2869264e9696d07cf9e4262bfdda6838b,-91,,3,64,,3
14:44:01,26.0,3,e427fdc509967d591594693ff565f08a295f7eb70aef086ad3b231a2e620b2fa,-74,,3,64,12.0,3
14:44:02,2.0,3,e5ef26b84401fcb08a979c9f20c034a2869264e9696d07cf9e4262bfdda6838b,-91,,3,64,,3
14:44:03,26.0,3,e427fdc509967d591594693ff565f08a295f7eb70aef086ad3b231a2e620b2fa,-71,,3,64,12.0,3
14:44:04,26.0,3,1286f397eeb072866391b0aa7a3939e9d9635e051c125e37f604c8f8a14ef20e,-89,,3,64,,3
14:44:04,2.0,3,e5ef26b84401fcb08a979c9f20c034a2869264e9696d07cf9e4262bfdda6838b,-93,,3,64,,3
14:44:05,26.0,3,e427fdc509967d591594693ff565f08a295f7eb70aef086ad3b231a2e620b2fa,-74,,3,64,12.0,3
14:44:06,2.0,3,e5ef26b84401fcb08a979c9f20c034a2869264e9696d07cf9e4262bfdda6838b,-91,,3,64,,3
14:44:07,,3,bd420b16aeda83e38f77c196333859da4d33986aed387aca73198be3e9c6d4c1,-66,,3,64,,3
14:44:07,26.0,3,e427fdc509967d591594693ff565f08a295f7eb70aef086ad3b231a2e620b2fa,-76,,3,64,12.0,3
14:44:08,2.0,3,7573c5725730372d6e3a20ff271ad852404d7d65b07c092dc99635abab502c37,-93,,3,64,,3
14:44:09,2.0,3,7573c5725730372d6e3a20ff271ad852404d7d65b07c092dc99635abab502c37,-91,,3,64,,3
14:44:10,2.0,3,7573c5725730372d6e3a20ff271ad852404d7d65b07c092dc99635abab502c37,-93,,3,64,,3
14:44:11,,3,43b7eabbd7ad55748aeaf90e5a63b71da60e135b8a085e2f43b5c41f9ee8206f,-88,,3,64,,3
14:44:11,2.0,3,7573c5725730372d6e3a20ff271ad852404d7d65b07c092dc99635abab502c37,-91,,3,64,,3
14:44:12,26.0,3,e427fdc509967d591594693ff565f08a295f7eb70aef086ad3b231a2e620b2fa,-74,,3,64,12.0,3
14:44:13,,3,bd420b16aeda83e38f77c196333859da4d33986aed387aca73198be3e9c6d4c1,-62,,3,64,,3
14:44:14,26.0,3,e427fdc509967d591594693ff565f08a295f7eb70aef086ad3b231a2e620b2fa,-70,,3,64,12.0,3
14:44:15,26.0,3,e427fdc509967d591594693ff565f08a295f7eb70aef086ad3b231a2e620b2fa,-73,,3,64,12.0,3
14:44:15,26.0,3,e427fdc509967d591594693ff565f08a295f7eb70aef086ad3b231a2e620b2fa,-71,,3,64,12.0,3
14:44:16,26.0,3,e427fdc509967d591594693ff565f08a295f7eb70aef086ad3b231a2e620b2fa,-71,,3,64,12.0,3
14:44:17,,3,bd420b16aeda83e38f77c196333859da4d33986aed387aca73198be3e9c6d4c1,-67,,3,64,,3
14:44:18,26.0,3,e427fdc509967d591594693ff565f08a295f7eb70aef086ad3b231a2e620b2fa,-78,,3,64,12.0,3
14:44:19,26.0,3,e427fdc509967d591594693ff565f08a295f7eb70aef086ad3b231a2e620b2fa,-74,,3,64,12.0,3
14:44:19,26.0,3,e427fdc509967d591594693ff565f08a295f7eb70aef086ad3b231a2e620b2fa,-74,,3,64,12.0,3
14:44:20,,3,5ce89083c0a42813027e12ae87f8ca5bea3eb88dac65eb2b4404d6298607afc6,-88,,3,64,,3
14:44:21,,3,bd420b16aeda83e38f77c196333859da4d33986aed387aca73198be3e9c6d4c1,-61,,3,64,,3
14:44:22,26.0,3,e427fdc509967d591594693ff565f08a295f7eb70aef086ad3b231a2e620b2fa,-72,,3,64,12.0,3
14:44:22,26.0,3,e427fdc509967d591594693ff565f08a295f7eb70aef086ad3b231a2e620b2fa,-73,,3,64,12.0,3
14:44:23,26.0,3,e427fdc509967d591594693ff565f08a295f7eb70aef086ad3b231a2e620b2fa,-67,,3,64,12.0,3
14:44:24,26.0,3,e427fdc509967d591594693ff565f08a295f7eb70aef086ad3b231a2e620b2fa,-73,,3,64,12.0,3
14:44:25,26.0,3,e427fdc509967d591594693ff565f08a295f7eb70aef086ad3b231a2e620b2fa,-69,,3,64,12.0,3
14:44:26,26.0,3,e427fdc509967d591594693ff565f08a295f7eb70aef086ad3b231a2e620b2fa,-75,,3,64,12.0,3
14:44:26,26.0,3,e427fdc509967d591594693ff565f08a295f7eb70aef086ad3b231a2e620b2fa,-72,,3,64,12.0,3
14:44:27,26.0,3,e427fdc509967d591594693ff565f08a295f7eb70aef086ad3b231a2e620b2fa,-79,,3,64,12.0,3
14:44:28,2.0,3,7573c5725730372d6e3a20ff271ad852404d7d65b07c092dc99635abab502c37,-96,,3,64,,3
14:44:29,,3,bd420b16aeda83e38f77c196333859da4d33986aed387aca73198be3e9c6d4c1,-62,,3,64,,3
14:44:30,2.0,3,7573c5725730372d6e3a20ff271ad852404d7d65b07c092dc99635abab502c37,-94,,3,64,,3
14:44:30,26.0,3,e427fdc509967d591594693ff565f08a295f7eb70aef086ad3b231a2e620b2fa,-78,,3,64,12.0,3
14:44:31,26.0,3,e427fdc509967d591594693ff565f08a295f7eb70aef086ad3b231a2e620b2fa,-73,,3,64,12.0,3
14:44:32,26.0,3,e427fdc509967d591594693ff565f08a295f7eb70aef086ad3b231a2e620b2fa,-70,,3,64,12.0,3
14:44:33,,3,bd420b16aeda83e38f77c196333859da4d33986aed387aca73198be3e9c6d4c1,-62,,3,64,,3
14:44:34,26.0,3,e427fdc509967d591594693ff565f08a295f7eb70aef086ad3b231a2e620b2fa,-72,,3,64,12.0,3
14:44:34,26.0,3,e427fdc509967d591594693ff565f08a295f7eb70aef086ad3b231a2e620b2fa,-73,,3,64,12.0,3
14:44:35,26.0,3,e427fdc509967d591594693ff565f08a295f7eb70aef086ad3b231a2e620b2fa,-74,,3,64,12.0,3
14:44:36,26.0,3,e427fdc509967d591594693ff565f08a295f7eb70aef086ad3b231a2e620b2fa,-74,,3,64,12.0,3
14:44:37,2.0,3,7573c5725730372d6e3a20ff271ad852404d7d65b07c092dc99635abab502c37,-93,,3,64,,3
14:44:37,2.0,3,a9983219ae7aa62af3443378a32a87f86004518b62e129cc40b1fb1d2746b381,-93,,3,64,,3
14:44:38,26.0,3,e427fdc509967d591594693ff565f08a295f7eb70aef086ad3b231a2e620b2fa,-77,,3,64,12.0,3
14:44:39,26.0,3,e427fdc509967d591594693ff565f08a295f7eb70aef086ad3b231a2e620b2fa,-73,,3,64,12.0,3
14:44:40,26.0,3,e427fdc509967d591594693ff565f08a295f7eb70aef086ad3b231a2e620b2fa,-75,,3,64,12.0,3
14:44:41,26.0,3,e427fdc509967d591594693ff565f08a295f7eb70aef086ad3b231a2e620b2fa,-69,,3,64,12.0,3
14:44:41,26.0,3,e427fdc509967d591594693ff565f08a295f7eb70aef086ad3b231a2e620b2fa,-75,,3,64,12.0,3
14:44:42,26.0,3,e427fdc509967d591594693ff565f08a295f7eb70aef086ad3b231a2e620b2fa,-82,,3,64,12.0,3
14:44:43,26.0,3,e427fdc509967d591594693ff565f08a295f7eb70aef086ad3b231a2e620b2fa,-83,,3,64,12.0,3
14:44:44,2.0,3,a9983219ae7aa62af3443378a32a87f86004518b62e129cc40b1fb1d2746b381,-93,,3,64,,3
14:44:45,26.0,3,e427fdc509967d591594693ff565f08a295f7eb70aef086ad3b231a2e620b2fa,-76,,3,64,12.0,3
14:44:45,2.0,3,a9983219ae7aa62af3443378a32a87f86004518b62e129cc40b1fb1d2746b381,-97,,3,64,,3
14:44:46,26.0,3,e427fdc509967d591594693ff565f08a295f7eb70aef086ad3b231a2e620b2fa,-75,,3,64,12.0,3
14:44:47,26.0,3,e427fdc509967d591594693ff565f08a295f7eb70aef086ad3b231a2e620b2fa,-76,,3,64,12.0,3
14:44:48,26.0,3,e427fdc509967d591594693ff565f08a295f7eb70aef086ad3b231a2e620b2fa,-73,,3,64,12.0,3
14:44:49,26.0,3,e427fdc509967d591594693ff565f08a295f7eb70aef086ad3b231a2e620b2fa,-77,,3,64,12.0,3
14:44:49,26.0,3,e427fdc509967d591594693ff565f08a295f7eb70aef086ad3b231a2e620b2fa,-74,,3,64,12.0,3
14:44:50,26.0,3,e427fdc509967d591594693ff565f08a295f7eb70aef086ad3b231a2e620b2fa,-76,,3,64,12.0,3
14:44:51,2.0,3,a9983219ae7aa62af3443378a32a87f86004518b62e129cc40b1fb1d2746b381,-93,,3,64,,3
14:44:52,26.0,3,e427fdc509967d591594693ff565f08a295f7eb70aef086ad3b231a2e620b2fa,-80,,3,64,12.0,3
14:44:52,26.0,3,e427fdc509967d591594693ff565f08a295f7eb70aef086ad3b231a2e620b2fa,-78,,3,64,12.0,3
14:44:53,26.0,3,e96002a32e7df101ad5eb15992a112ffcbd9429ff95e360469128882e09ec945,-86,,3,64,7.0,3
14:44:54,26.0,3,e96002a32e7df101ad5eb15992a112ffcbd9429ff95e360469128882e09ec945,-87,,3,64,7.0,3
14:44:55,26.0,3,e427fdc509967d591594693ff565f08a295f7eb70aef086ad3b231a2e620b2fa,-71,,3,64,12.0,3
14:44:56,26.0,3,e427fdc509967d591594693ff565f08a295f7eb70aef086ad3b231a2e620b2fa,-77,,3,64,12.0,3
14:44:57,26.0,3,e427fdc509967d591594693ff565f08a295f7eb70aef086ad3b231a2e620b2fa,-72,,3,64,12.0,3
14:44:57,26.0,3,dabe3edb613edacce6ce1a421751f38ee0051bfb2781e2d007f496d125d77b8e,-90,,3,64,12.0,3
14:44:58,26.0,3,dabe3edb613edacce6ce1a421751f38ee0051bfb2781e2d007f496d125d77b8e,-83,,3,64,12.0,3
14:44:59,26.0,3,dabe3edb613edacce6ce1a421751f38ee0051bfb2781e2d007f496d125d77b8e,-88,,3,64,12.0,3
14:45:00,26.0,3,e427fdc509967d591594693ff565f08a295f7eb70aef086ad3b231a2e620b2fa,-78,,3,64,12.0,3
14:45:00,26.0,3,e427fdc509967d591594693ff565f08a295f7eb70aef086ad3b231a2e620b2fa,-74,,3,64,12.0,3
14:45:01,26.0,3,e427fdc509967d591594693ff565f08a295f7eb70aef086ad3b231a2e620b2fa,-71,,3,64,12.0,3
14:45:02,2.0,3,a9983219ae7aa62af3443378a32a87f86004518b62e129cc40b1fb1d2746b381,-93,,3,64,,3
14:45:03,2.0,3,a9983219ae7aa62af3443378a32a87f86004518b62e129cc40b1fb1d2746b381,-88,,3,64,,3
14:45:04,26.0,3,e427fdc509967d591594693ff565f08a295f7eb70aef086ad3b231a2e620b2fa,-71,,3,64,12.0,3
14:45:04,26.0,3,e427fdc509967d591594693ff565f08a295f7eb70aef086ad3b231a2e620b2fa,-73,,3,64,12.0,3
14:45:05,26.0,3,e427fdc509967d591594693ff565f08a295f7eb70aef086ad3b231a2e620b2fa,-72,,3,64,12.0,3
14:45:06,26.0,3,e427fdc509967d591594693ff565f08a295f7eb70aef086ad3b231a2e620b2fa,-86,,3,64,12.0,3
14:45:07,26.0,3,e427fdc509967d591594693ff565f08a295f7eb70aef086ad3b231a2e620b2fa,-78,,3,64,12.0,3
14:45:08,26.0,3,e427fdc509967d591594693ff565f08a295f7eb70aef086ad3b231a2e620b2fa,-79,,3,64,12.0,3
14:45:08,2.0,3,a9983219ae7aa62af3443378a32a87f86004518b62e129cc40b1fb1d2746b381,-93,,3,64,,3
14:45:09,26.0,3,e427fdc509967d591594693ff565f08a295f7eb70aef086ad3b231a2e620b2fa,-69,,3,64,12.0,3
14:45:10,26.0,3,e427fdc509967d591594693ff565f08a295f7eb70aef086ad3b231a2e620b2fa,-73,,3,64,12.0,3
14:45:11,26.0,3,c28c06bfa16eacbc24f009186c57a59bf31a319e0fcf9825e7afc5ce1ccbc885,-90,,3,64,12.0,3
14:45:12,,3,5d34d9a9b79821c13e34f32ced68a76b2787412a728f14bd0684d84d05f48b3f,-91,,3,64,,3
14:45:12,26.0,3,e427fdc509967d591594693ff565f08a295f7eb70aef086ad3b231a2e620b2fa,-72,,3,64,12.0,3
14:45:13,26.0,3,e427fdc509967d591594693ff565f08a295f7eb70aef086ad3b231a2e620b2fa,-80,,3,64,12.0,3
14:45:14,2.0,3,a9983219ae7aa62af3443378a32a87f86004518b62e129cc40b1fb1d2746b381,-90,,3,64,,3
14:45:15,26.0,3,e427fdc509967d591594693ff565f08a295f7eb70aef086ad3b231a2e620b2fa,-73,,3,64,12.0,3
14:45:15,26.0,3,e427fdc509967d591594693ff565f08a295f7eb70aef086ad3b231a2e620b2fa,-77,,3,64,12.0,3
14:45:16,26.0,3,e427fdc509967d591594693ff565f08a295f7eb70aef086ad3b231a2e620b2fa,-78,,3,64,12.0,3
14:45:17,,3,bd420b16aeda83e38f77c196333859da4d33986aed387aca73198be3e9c6d4c1,-63,,3,64,,3
14:45:18,26.0,3,e427fdc509967d591594693ff565f08a295f7eb70aef086ad3b231a2e620b2fa,-81,,3,64,12.0,3
14:45:19,26.0,3,e427fdc509967d591594693ff565f08a295f7eb70aef086ad3b231a2e620b2fa,-73,,3,64,12.0,3
14:45:19,26.0,3,e427fdc509967d591594693ff565f08a295f7eb70aef086ad3b231a2e620b2fa,-81,,3,64,12.0,3
14:45:20,26.0,3,e427fdc509967d591594693ff565f08a295f7eb70aef086ad3b231a2e620b2fa,-78,,3,64,12.0,3
14:45:21,,3,bd420b16aeda83e38f77c196333859da4d33986aed387aca73198be3e9c6d4c1,-47,,3,64,,3
14:45:22,26.0,3,c6d46e48fdae1eb895e5b38ccfec8567e3e09aedfce331bb4a55c875338edff9,-47,,3,64,12.0,3
14:45:23,26.0,3,c6d46e48fdae1eb895e5b38ccfec8567e3e09aedfce331bb4a55c875338edff9,-39,,3,64,12.0,3
14:45:23,26.0,3,e427fdc509967d591594693ff565f08a295f7eb70aef086ad3b231a2e620b2fa,-75,,3,64,12.0,3
14:45:24,26.0,3,e427fdc509967d591594693ff565f08a295f7eb70aef086ad3b231a2e620b2fa,-86,,3,64,12.0,3
14:45:25,26.0,3,c6d46e48fdae1eb895e5b38ccfec8567e3e09aedfce331bb4a55c875338edff9,-36,,3,64,12.0,3
14:45:26,2.0,3,a9983219ae7aa62af3443378a32a87f86004518b62e129cc40b1fb1d2746b381,-93,,3,64,,3
14:45:27,26.0,3,e427fdc509967d591594693ff565f08a295f7eb70aef086ad3b231a2e620b2fa,-80,,3,64,12.0,3
14:45:27,2.0,3,a9983219ae7aa62af3443378a32a87f86004518b62e129cc40b1fb1d2746b381,-92,,3,64,,3
14:45:28,26.0,3,e427fdc509967d591594693ff565f08a295f7eb70aef086ad3b231a2e620b2fa,-79,,3,64,12.0,3
14:45:29,26.0,3,c6d46e48fdae1eb895e5b38ccfec8567e3e09aedfce331bb4a55c875338edff9,-55,,3,64,12.0,3
14:45:30,26.0,3,e427fdc509967d591594693ff565f08a295f7eb70aef086ad3b231a2e620b2fa,-76,,3,64,12.0,3
14:45:31,26.0,3,e427fdc509967d591594693ff565f08a295f7eb70aef086ad3b231a2e620b2fa,-81,,3,64,12.0,3
14:45:31,,3,eafeb14df07a603af5a76540894f3d41c6de83d340f729a2957a40ccaca1e416,-49,,3,64,,3
14:45:32,26.0,3,e427fdc509967d591594693ff565f08a295f7eb70aef086ad3b231a2e620b2fa,-78,,3,64,12.0,3
14:45:33,26.0,3,e427fdc509967d591594693ff565f08a295f7eb70aef086ad3b231a2e620b2fa,-77,,3,64,12.0,3
14:45:34,26.0,3,e427fdc509967d591594693ff565f08a295f7eb70aef086ad3b231a2e620b2fa,-75,,3,64,12.0,3
14:45:35,26.0,3,e427fdc509967d591594693ff565f08a295f7eb70aef086ad3b231a2e620b2fa,-78,,3,64,12.0,3
14:45:35,,3,eafeb14df07a603af5a76540894f3d41c6de83d340f729a2957a40ccaca1e416,-38,,3,64,,3
14:45:36,26.0,3,c6d46e48fdae1eb895e5b38ccfec8567e3e09aedfce331bb4a55c875338edff9,-49,,3,64,12.0,3
14:45:37,26.0,3,e427fdc509967d591594693ff565f08a295f7eb70aef086ad3b231a2e620b2fa,-74,,3,64,12.0,3
14:45:38,26.0,3,e427fdc509967d591594693ff565f08a295f7eb70aef086ad3b231a2e620b2fa,-81,,3,64,12.0,3
14:45:38,26.0,3,e427fdc509967d591594693ff565f08a295f7eb70aef086ad3b231a2e620b2fa,-72,,3,64,12.0,3
14:45:39,26.0,3,e427fdc509967d591594693ff565f08a295f7eb70aef086ad3b231a2e620b2fa,-80,,3,64,12.0,3
14:45:40,26.0,3,e427fdc509967d591594693ff565f08a295f7eb70aef086ad3b231a2e620b2fa,-76,,3,64,12.0,3
14:45:41,26.0,3,c6d46e48fdae1eb895e5b38ccfec8567e3e09aedfce331bb4a55c875338edff9,-59,,3,64,12.0,3
14:45:42,26.0,3,e427fdc509967d591594693ff565f08a295f7eb70aef086ad3b231a2e620b2fa,-75,,3,64,12.0,3
14:45:42,26.0,3,e427fdc509967d591594693ff565f08a295f7eb70aef086ad3b231a2e620b2fa,-73,,3,64,12.0,3
14:45:43,26.0,3,c6d46e48fdae1eb895e5b38ccfec8567e3e09aedfce331bb4a55c875338edff9,-49,,3,64,12.0,3
14:45:44,26.0,3,c6d46e48fdae1eb895e5b38ccfec8567e3e09aedfce331bb4a55c875338edff9,-38,,3,64,12.0,3
14:45:45,26.0,3,c6d46e48fdae1eb895e5b38ccfec8567e3e09aedfce331bb4a55c875338edff9,-40,,3,64,12.0,3
14:45:46,26.0,3,e427fdc509967d591594693ff565f08a295f7eb70aef086ad3b231a2e620b2fa,-79,,3,64,12.0,3
14:45:46,26.0,3,c6d46e48fdae1eb895e5b38ccfec8567e3e09aedfce331bb4a55c875338edff9,-49,,3,64,12.0,3
14:45:47,2.0,3,a9983219ae7aa62af3443378a32a87f86004518b62e129cc40b1fb1d2746b381,-94,,3,64,,3
14:45:48,26.0,3,e427fdc509967d591594693ff565f08a295f7eb70aef086ad3b231a2e620b2fa,-72,,3,64,12.0,3
14:45:49,26.0,3,c6d46e48fdae1eb895e5b38ccfec8567e3e09aedfce331bb4a55c875338edff9,-43,,3,64,12.0,3
14:45:49,26.0,3,c6d46e48fdae1eb895e5b38ccfec8567e3e09aedfce331bb4a55c875338edff9,-52,,3,64,12.0,3
14:45:50,26.0,3,e427fdc509967d591594693ff565f08a295f7eb70aef086ad3b231a2e620b2fa,-80,,3,64,12.0,3
14:45:51,26.0,3,e427fdc509967d591594693ff565f08a295f7eb70aef086ad3b231a2e620b2fa,-74,,3,64,12.0,3
14:45:52,2.0,3,a9983219ae7aa62af3443378a32a87f86004518b62e129cc40b1fb1d2746b381,-92,,3,64,,3
14:45:53,26.0,3,e427fdc509967d591594693ff565f08a295f7eb70aef086ad3b231a2e620b2fa,-73,,3,64,12.0,3
14:45:53,26.0,3,e427fdc509967d591594693ff565f08a295f7eb70aef086ad3b231a2e620b2fa,-79,,3,64,12.0,3
14:45:54,26.0,3,e427fdc509967d591594693ff565f08a295f7eb70aef086ad3b231a2e620b2fa,-82,,3,64,12.0,3
14:45:55,26.0,3,c6d46e48fdae1eb895e5b38ccfec8567e3e09aedfce331bb4a55c875338edff9,-52,,3,64,12.0,3
14:45:56,26.0,3,e427fdc509967d591594693ff565f08a295f7eb70aef086ad3b231a2e620b2fa,-82,,3,64,12.0,3
14:45:57,26.0,3,e427fdc509967d591594693ff565f08a295f7eb70aef086ad3b231a2e620b2fa,-76,,3,64,12.0,3
14:45:57,26.0,3,c6d46e48fdae1eb895e5b38ccfec8567e3e09aedfce331bb4a55c875338edff9,-54,,3,64,12.0,3
14:45:58,26.0,3,e427fdc509967d591594693ff565f08a295f7eb70aef086ad3b231a2e620b2fa,-73,,3,64,12.0,3
14:45:59,26.0,3,c6d46e48fdae1eb895e5b38ccfec8567e3e09aedfce331bb4a55c875338edff9,-48,,3,64,12.0,3
14:46:00,26.0,3,c6d46e48fdae1eb895e5b38ccfec8567e3e09aedfce331bb4a55c875338edff9,-47,,3,64,12.0,3
14:46:00,2.0,3,52ff442081d5105b34501af4bea07fc4e28970456e08e0959cb6ba6b67f5c53c,-91,,3,64,,3
14:46:01,26.0,3,c6d46e48fdae1eb895e5b38ccfec8567e3e09aedfce331bb4a55c875338edff9,-50,,3,64,12.0,3
14:46:02,26.0,3,c6d46e48fdae1eb895e5b38ccfec8567e3e09aedfce331bb4a55c875338edff9,-53,,3,64,12.0,3
14:46:03,26.0,3,e427fdc509967d591594693ff565f08a295f7eb70aef086ad3b231a2e620b2fa,-87,,3,64,12.0,3
14:46:04,2.0,3,52ff442081d5105b34501af4bea07fc4e28970456e08e0959cb6ba6b67f5c53c,-92,,3,64,,3
14:46:04,26.0,3,c6d46e48fdae1eb895e5b38ccfec8567e3e09aedfce331bb4a55c875338edff9,-48,,3,64,12.0,3
14:46:05,26.0,3,d62f70555473412f3f776c8388a93bee103a22df709896873e0fcc21d18b4f01,-83,,3,64,12.0,3
14:46:06,26.0,3,e427fdc509967d591594693ff565f08a295f7eb70aef086ad3b231a2e620b2fa,-83,,3,64,12.0,3
14:46:07,26.0,3,e427fdc509967d591594693ff565f08a295f7eb70aef086ad3b231a2e620b2fa,-74,,3,64,12.0,3
14:46:08,26.0,3,e427fdc509967d591594693ff565f08a295f7eb70aef086ad3b231a2e620b2fa,-82,,3,64,12.0,3
14:46:08,26.0,3,e427fdc509967d591594693ff565f08a295f7eb70aef086ad3b231a2e620b2fa,-76,,3,64,12.0,3
14:46:09,26.0,3,e427fdc509967d591594693ff565f08a295f7eb70aef086ad3b231a2e620b2fa,-82,,3,64,12.0,3
14:46:10,26.0,3,d62f70555473412f3f776c8388a93bee103a22df709896873e0fcc21d18b4f01,-85,,3,64,12.0,3
14:46:11,26.0,3,c6d46e48fdae1eb895e5b38ccfec8567e3e09aedfce331bb4a55c875338edff9,-48,,3,64,12.0,3
14:46:12,26.0,3,e427fdc509967d591594693ff565f08a295f7eb70aef086ad3b231a2e620b2fa,-84,,3,64,12.0,3
14:46:12,26.0,3,d62f70555473412f3f776c8388a93bee103a22df709896873e0fcc21d18b4f01,-79,,3,64,12.0,3
14:46:13,26.0,3,50f70868a9d9b210c29e9294e1171cb1cce84c18e0f53883ea8cf03175a3ee99,-89,,3,64,7.0,3
14:46:14,26.0,3,d62f70555473412f3f776c8388a93bee103a22df709896873e0fcc21d18b4f01,-78,,3,64,12.0,3
14:46:15,26.0,3,c6d46e48fdae1eb895e5b38ccfec8567e3e09aedfce331bb4a55c875338edff9,-48,,3,64,12.0,3
14:46:15,26.0,3,e427fdc509967d591594693ff565f08a295f7eb70aef086ad3b231a2e620b2fa,-71,,3,64,12.0,3
14:46:16,26.0,3,d62f70555473412f3f776c8388a93bee103a22df709896873e0fcc21d18b4f01,-72,,3,64,12.0,3
14:46:17,26.0,3,e427fdc509967d591594693ff565f08a295f7eb70aef086ad3b231a2e620b2fa,-71,,3,64,12.0,3
14:46:18,26.0,3,e427fdc509967d591594693ff565f08a295f7eb70aef086ad3b231a2e620b2fa,-79,,3,64,12.0,3
14:46:19,26.0,3,d62f70555473412f3f776c8388a93bee103a22df709896873e0fcc21d18b4f01,-70,,3,64,12.0,3
14:46:19,26.0,3,d62f70555473412f3f776c8388a93bee103a22df709896873e0fcc21d18b4f01,-72,,3,64,12.0,3
14:46:20,26.0,3,e427fdc509967d591594693ff565f08a295f7eb70aef086ad3b231a2e620b2fa,-71,,3,64,12.0,3
14:46:21,26.0,3,d62f70555473412f3f776c8388a93bee103a22df709896873e0fcc21d18b4f01,-77,,3,64,12.0,3
14:46:22,26.0,3,c6d46e48fdae1eb895e5b38ccfec8567e3e09aedfce331bb4a55c875338edff9,-50,,3,64,12.0,3
14:46:23,26.0,3,c6d46e48fdae1eb895e5b38ccfec8567e3e09aedfce331bb4a55c875338edff9,-51,,3,64,12.0,3
14:46:23,26.0,3,c6d46e48fdae1eb895e5b38ccfec8567e3e09aedfce331bb4a55c875338edff9,-49,,3,64,12.0,3
14:46:24,26.0,3,e427fdc509967d591594693ff565f08a295f7eb70aef086ad3b231a2e620b2fa,-76,,3,64,12.0,3
14:46:25,,3,eafeb14df07a603af5a76540894f3d41c6de83d340f729a2957a40ccaca1e416,-42,,3,64,,3
14:46:26,26.0,3,e427fdc509967d591594693ff565f08a295f7eb70aef086ad3b231a2e620b2fa,-77,,3,64,12.0,3
14:46:27,26.0,3,d62f70555473412f3f776c8388a93bee103a22df709896873e0fcc21d18b4f01,-70,,3,64,12.0,3
14:46:27,26.0,3,d62f70555473412f3f776c8388a93bee103a22df709896873e0fcc21d18b4f01,-70,,3,64,12.0,3
14:46:28,2.0,3,52ff442081d5105b34501af4bea07fc4e28970456e08e0959cb6ba6b67f5c53c,-95,,3,64,,3
14:46:29,26.0,3,d62f70555473412f3f776c8388a93bee103a22df709896873e0fcc21d18b4f01,-87,,3,64,12.0,3
14:46:30,26.0,3,c6d46e48fdae1eb895e5b38ccfec8567e3e09aedfce331bb4a55c875338edff9,-48,,3,64,12.0,3
14:46:30,26.0,3,d62f70555473412f3f776c8388a93bee103a22df709896873e0fcc21d18b4f01,-77,,3,64,12.0,3
14:46:31,,3,eafeb14df07a603af5a76540894f3d41c6de83d340f729a2957a40ccaca1e416,-49,,3,64,,3
14:46:32,26.0,3,e427fdc509967d591594693ff565f08a295f7eb70aef086ad3b231a2e620b2fa,-74,,3,64,12.0,3
14:46:33,26.0,3,c6d46e48fdae1eb895e5b38ccfec8567e3e09aedfce331bb4a55c875338edff9,-49,,3,64,12.0,3
14:46:34,26.0,3,d62f70555473412f3f776c8388a93bee103a22df709896873e0fcc21d18b4f01,-78,,3,64,12.0,3
14:46:34,26.0,3,c6d46e48fdae1eb895e5b38ccfec8567e3e09aedfce331bb4a55c875338edff9,-42,,3,64,12.0,3
14:46:35,,3,eafeb14df07a603af5a76540894f3d41c6de83d340f729a2957a40ccaca1e416,-47,,3,64,,3
14:46:36,26.0,3,c6d46e48fdae1eb895e5b38ccfec8567e3e09aedfce331bb4a55c875338edff9,-47,,3,64,12.0,3
14:46:37,26.0,3,d62f70555473412f3f776c8388a93bee103a22df709896873e0fcc21d18b4f01,-76,,3,64,12.0,3
14:46:38,26.0,3,e427fdc509967d591594693ff565f08a295f7eb70aef086ad3b231a2e620b2fa,-73,,3,64,12.0,3
14:46:38,2.0,3,52ff442081d5105b34501af4bea07fc4e28970456e08e0959cb6ba6b67f5c53c,-95,,3,64,,3
14:46:39,,3,eafeb14df07a603af5a76540894f3d41c6de83d340f729a2957a40ccaca1e416,-52,,3,64,,3
14:46:40,26.0,3,d62f70555473412f3f776c8388a93bee103a22df709896873e0fcc21d18b4f01,-79,,3,64,12.0,3
14:46:41,26.0,3,d62f70555473412f3f776c8388a93bee103a22df709896873e0fcc21d18b4f01,-78,,3,64,12.0,3
14:46:42,26.0,3,d62f70555473412f3f776c8388a93bee103a22df709896873e0fcc21d18b4f01,-79,,3,64,12.0,3
14:46:42,26.0,3,d62f70555473412f3f776c8388a93bee103a22df709896873e0fcc21d18b4f01,-82,,3,64,12.0,3
14:46:43,26.0,3,d62f70555473412f3f776c8388a93bee103a22df709896873e0fcc21d18b4f01,-76,,3,64,12.0,3
14:46:44,26.0,3,c6d46e48fdae1eb895e5b38ccfec8567e3e09aedfce331bb4a55c875338edff9,-39,,3,64,12.0,3
14:46:45,26.0,3,c6d46e48fdae1eb895e5b38ccfec8567e3e09aedfce331bb4a55c875338edff9,-40,,3,64,12.0,3
14:46:45,26.0,3,d62f70555473412f3f776c8388a93bee103a22df709896873e0fcc21d18b4f01,-76,,3,64,12.0,3
14:46:46,26.0,3,d62f70555473412f3f776c8388a93bee103a22df709896873e0fcc21d18b4f01,-87,,3,64,12.0,3
14:46:47,26.0,3,e427fdc509967d591594693ff565f08a295f7eb70aef086ad3b231a2e620b2fa,-75,,3,64,12.0,3
14:46:48,26.0,3,c6d46e48fdae1eb895e5b38ccfec8567e3e09aedfce331bb4a55c875338edff9,-41,,3,64,12.0,3
14:46:49,26.0,3,c6d46e48fdae1eb895e5b38ccfec8567e3e09aedfce331bb4a55c875338edff9,-37,,3,64,12.0,3
14:46:49,26.0,3,d62f70555473412f3f776c8388a93bee103a22df709896873e0fcc21d18b4f01,-82,,3,64,12.0,3
14:46:50,26.0,3,d62f70555473412f3f776c8388a93bee103a22df709896873e0fcc21d18b4f01,-84,,3,64,12.0,3
14:46:51,2.0,3,52ff442081d5105b34501af4bea07fc4e28970456e08e0959cb6ba6b67f5c53c,-89,,3,64,,3
14:46:52,26.0,3,d62f70555473412f3f776c8388a93bee103a22df709896873e0fcc21d18b4f01,-78,,3,64,12.0,3
14:46:53,26.0,3,d62f70555473412f3f776c8388a93bee103a22df709896873e0fcc21d18b4f01,-83,,3,64,12.0,3
14:46:53,26.0,3,c6d46e48fdae1eb895e5b38ccfec8567e3e09aedfce331bb4a55c875338edff9,-41,,3,64,12.0,3
14:46:54,26.0,3,d62f70555473412f3f776c8388a93bee103a22df709896873e0fcc21d18b4f01,-78,,3,64,12.0,3
14:46:55,26.0,3,d62f70555473412f3f776c8388a93bee103a22df709896873e0fcc21d18b4f01,-75,,3,64,12.0,3
14:46:56,2.0,3,52ff442081d5105b34501af4bea07fc4e28970456e08e0959cb6ba6b67f5c53c,-92,,3,64,,3
14:46:57,26.0,3,e427fdc509967d591594693ff565f08a295f7eb70aef086ad3b231a2e620b2fa,-78,,3,64,12.0,3
14:46:57,26.0,3,c6d46e48fdae1eb895e5b38ccfec8567e3e09aedfce331bb4a55c875338edff9,-38,,3,64,12.0,3
14:46:58,26.0,3,d62f70555473412f3f776c8388a93bee103a22df709896873e0fcc21d18b4f01,-77,,3,64,12.0,3
14:46:59,26.0,3,d62f70555473412f3f776c8388a93bee103a22df709896873e0fcc21d18b4f01,-88,,3,64,12.0,3
14:47:00,26.0,3,c6d46e48fdae1eb895e5b38ccfec8567e3e09aedfce331bb4a55c875338edff9,-40,,3,64,12.0,3
14:47:00,26.0,3,d62f70555473412f3f776c8388a93bee103a22df709896873e0fcc21d18b4f01,-75,,3,64,12.0,3
14:47:01,,3,eafeb14df07a603af5a76540894f3d41c6de83d340f729a2957a40ccaca1e416,-47,,3,64,,3
14:47:02,2.0,3,52ff442081d5105b34501af4bea07fc4e28970456e08e0959cb6ba6b67f5c53c,-86,,3,64,,3
14:47:03,2.0,3,52ff442081d5105b34501af4bea07fc4e28970456e08e0959cb6ba6b67f5c53c,-85,,3,64,,3
14:47:04,2.0,3,52ff442081d5105b34501af4bea07fc4e28970456e08e0959cb6ba6b67f5c53c,-86,,3,64,,3
14:47:04,26.0,3,c6d46e48fdae1eb895e5b38ccfec8567e3e09aedfce331bb4a55c875338edff9,-47,,3,64,12.0,3
14:47:05,26.0,3,d62f70555473412f3f776c8388a93bee103a22df709896873e0fcc21d18b4f01,-80,,3,64,12.0,3
14:47:06,26.0,3,c6d46e48fdae1eb895e5b38ccfec8567e3e09aedfce331bb4a55c875338edff9,-42,,3,64,12.0,3
14:47:07,26.0,3,d62f70555473412f3f776c8388a93bee103a22df709896873e0fcc21d18b4f01,-78,,3,64,12.0,3
14:47:08,26.0,3,d62f70555473412f3f776c8388a93bee103a22df709896873e0fcc21d18b4f01,-73,,3,64,12.0,3
14:47:08,26.0,3,e427fdc509967d591594693ff565f08a295f7eb70aef086ad3b231a2e620b2fa,-83,,3,64,12.0,3
14:47:09,26.0,3,d62f70555473412f3f776c8388a93bee103a22df709896873e0fcc21d18b4f01,-83,,3,64,12.0,3
14:47:10,26.0,3,d62f70555473412f3f776c8388a93bee103a22df709896873e0fcc21d18b4f01,-73,,3,64,12.0,3
14:47:11,26.0,3,e427fdc509967d591594693ff565f08a295f7eb70aef086ad3b231a2e620b2fa,-82,,3,64,12.0,3
14:47:12,26.0,3,e427fdc509967d591594693ff565f08a295f7eb70aef086ad3b231a2e620b2fa,-78,,3,64,12.0,3
14:47:12,26.0,3,e427fdc509967d591594693ff565f08a295f7eb70aef086ad3b231a2e620b2fa,-76,,3,64,12.0,3
14:47:13,26.0,3,d62f70555473412f3f776c8388a93bee103a22df709896873e0fcc21d18b4f01,-72,,3,64,12.0,3
14:47:14,26.0,3,d62f70555473412f3f776c8388a93bee103a22df709896873e0fcc21d18b4f01,-79,,3,64,12.0,3
14:47:15,26.0,3,e427fdc509967d591594693ff565f08a295f7eb70aef086ad3b231a2e620b2fa,-77,,3,64,12.0,3
14:47:15,26.0,3,d62f70555473412f3f776c8388a93bee103a22df709896873e0fcc21d18b4f01,-79,,3,64,12.0,3
14:47:16,26.0,3,d62f70555473412f3f776c8388a93bee103a22df709896873e0fcc21d18b4f01,-75,,3,64,12.0,3
14:47:17,26.0,3,e427fdc509967d591594693ff565f08a295f7eb70aef086ad3b231a2e620b2fa,-84,,3,64,12.0,3
14:47:18,26.0,3,c6d46e48fdae1eb895e5b38ccfec8567e3e09aedfce331bb4a55c875338edff9,-39,,3,64,12.0,3
14:47:19,26.0,3,c6d46e48fdae1eb895e5b38ccfec8567e3e09aedfce331bb4a55c875338edff9,-34,,3,64,12.0,3
14:47:19,26.0,3,c6d46e48fdae1eb895e5b38ccfec8567e3e09aedfce331bb4a55c875338edff9,-38,,3,64,12.0,3
14:47:20,26.0,3,e427fdc509967d591594693ff565f08a295f7eb70aef086ad3b231a2e620b2fa,-77,,3,64,12.0,3
14:47:21,26.0,3,e427fdc509967d591594693ff565f08a295f7eb70aef086ad3b231a2e620b2fa,-77,,3,64,12.0,3
14:47:22,26.0,3,d62f70555473412f3f776c8388a93bee103a22df709896873e0fcc21d18b4f01,-85,,3,64,12.0,3
14:47:23,26.0,3,d62f70555473412f3f776c8388a93bee103a22df709896873e0fcc21d18b4f01,-76,,3,64,12.0,3
14:47:23,26.0,3,d62f70555473412f3f776c8388a93bee103a22df709896873e0fcc21d18b4f01,-78,,3,64,12.0,3
14:47:24,26.0,3,e427fdc509967d591594693ff565f08a295f7eb70aef086ad3b231a2e620b2fa,-75,,3,64,12.0,3
14:47:25,,3,eafeb14df07a603af5a76540894f3d41c6de83d340f729a2957a40ccaca1e416,-49,,3,64,,3
14:47:26,26.0,3,d62f70555473412f3f776c8388a93bee103a22df709896873e0fcc21d18b4f01,-80,,3,64,12.0,3
14:47:27,26.0,3,e427fdc509967d591594693ff565f08a295f7eb70aef086ad3b231a2e620b2fa,-77,,3,64,12.0,3
14:47:27,,3,eafeb14df07a603af5a76540894f3d41c6de83d340f729a2957a40ccaca1e416,-57,,3,64,,3
14:47:28,26.0,3,e2a2e9de8c1fd6efa7b430d7ab165ec92df9669ec0a029d5c3db198ad63f35c4,-88,,3,64,1.0,3
14:47:29,26.0,3,c6d46e48fdae1eb895e5b38ccfec8567e3e09aedfce331bb4a55c875338edff9,-53,,3,64,12.0,3
14:47:30,26.0,3,c6d46e48fdae1eb895e5b38ccfec8567e3e09aedfce331bb4a55c875338edff9,-37,,3,64,12.0,3
14:47:30,26.0,3,d62f70555473412f3f776c8388a93bee103a22df709896873e0fcc21d18b4f01,-82,,3,64,12.0,3
14:47:31,,3,eafeb14df07a603af5a76540894f3d41c6de83d340f729a2957a40ccaca1e416,-53,,3,64,,3
14:47:32,26.0,3,e427fdc509967d591594693ff565f08a295f7eb70aef086ad3b231a2e620b2fa,-78,,3,64,12.0,3
14:47:33,26.0,3,e427fdc509967d591594693ff565f08a295f7eb70aef086ad3b231a2e620b2fa,-72,,3,64,12.0,3
14:47:34,26.0,3,c6d46e48fdae1eb895e5b38ccfec8567e3e09aedfce331bb4a55c875338edff9,-49,,3,64,12.0,3
14:47:34,26.0,3,d62f70555473412f3f776c8388a93bee103a22df709896873e0fcc21d18b4f01,-82,,3,64,12.0,3
14:47:35,,3,eafeb14df07a603af5a76540894f3d41c6de83d340f729a2957a40ccaca1e416,-49,,3,64,,3
14:47:36,26.0,3,d62f70555473412f3f776c8388a93bee103a22df709896873e0fcc21d18b4f01,-83,,3,64,12.0,3
14:47:37,26.0,3,c6d46e48fdae1eb895e5b38ccfec8567e3e09aedfce331bb4a55c875338edff9,-48,,3,64,12.0,3
14:47:38,26.0,3,c6d46e48fdae1eb895e5b38ccfec8567e3e09aedfce331bb4a55c875338edff9,-56,,3,64,12.0,3
14:47:38,26.0,3,e427fdc509967d591594693ff565f08a295f7eb70aef086ad3b231a2e620b2fa,-76,,3,64,12.0,3
14:47:39,,3,eafeb14df07a603af5a76540894f3d41c6de83d340f729a2957a40ccaca1e416,-49,,3,64,,3
14:47:40,26.0,3,d62f70555473412f3f776c8388a93bee103a22df709896873e0fcc21d18b4f01,-80,,3,64,12.0,3
14:47:41,26.0,3,c6d46e48fdae1eb895e5b38ccfec8567e3e09aedfce331bb4a55c875338edff9,-49,,3,64,12.0,3
14:47:42,26.0,3,e427fdc509967d591594693ff565f08a295f7eb70aef086ad3b231a2e620b2fa,-75,,3,64,12.0,3
14:47:42,26.0,3,e427fdc509967d591594693ff565f08a295f7eb70aef086ad3b231a2e620b2fa,-84,,3,64,12.0,3
14:47:43,26.0,3,d62f70555473412f3f776c8388a93bee103a22df709896873e0fcc21d18b4f01,-77,,3,64,12.0,3
14:47:44,26.0,3,e427fdc509967d591594693ff565f08a295f7eb70aef086ad3b231a2e620b2fa,-73,,3,64,12.0,3
14:47:45,26.0,3,e427fdc509967d591594693ff565f08a295f7eb70aef086ad3b231a2e620b2fa,-84,,3,64,12.0,3
14:47:45,26.0,3,d62f70555473412f3f776c8388a93bee103a22df709896873e0fcc21d18b4f01,-85,,3,64,12.0,3
14:47:46,26.0,3,c6d46e48fdae1eb895e5b38ccfec8567e3e09aedfce331bb4a55c875338edff9,-70,,3,64,12.0,3
14:47:47,26.0,3,d62f70555473412f3f776c8388a93bee103a22df709896873e0fcc21d18b4f01,-86,,3,64,12.0,3
14:47:48,26.0,3,d62f70555473412f3f776c8388a93bee103a22df709896873e0fcc21d18b4f01,-71,,3,64,12.0,3
14:47:49,26.0,3,e427fdc509967d591594693ff565f08a295f7eb70aef086ad3b231a2e620b2fa,-74,,3,64,12.0,3
14:47:49,26.0,3,d62f70555473412f3f776c8388a93bee103a22df709896873e0fcc21d18b4f01,-78,,3,64,12.0,3
14:47:50,26.0,3,d62f70555473412f3f776c8388a93bee103a22df709896873e0fcc21d18b4f01,-75,,3,64,12.0,3
14:47:51,,3,eafeb14df07a603af5a76540894f3d41c6de83d340f729a2957a40ccaca1e416,-54,,3,64,,3
14:47:52,26.0,3,d62f70555473412f3f776c8388a93bee103a22df709896873e0fcc21d18b4f01,-75,,3,64,12.0,3
14:47:53,26.0,3,d62f70555473412f3f776c8388a93bee103a22df709896873e0fcc21d18b4f01,-71,,3,64,12.0,3
14:47:53,26.0,3,c6d46e48fdae1eb895e5b38ccfec8567e3e09aedfce331bb4a55c875338edff9,-61,,3,64,12.0,3
14:47:54,26.0,3,e427fdc509967d591594693ff565f08a295f7eb70aef086ad3b231a2e620b2fa,-84,,3,64,12.0,3
14:47:55,26.0,3,e427fdc509967d591594693ff565f08a295f7eb70aef086ad3b231a2e620b2fa,-74,,3,64,12.0,3
14:47:56,26.0,3,e427fdc509967d591594693ff565f08a295f7eb70aef086ad3b231a2e620b2fa,-85,,3,64,12.0,3
14:47:57,26.0,3,c6d46e48fdae1eb895e5b38ccfec8567e3e09aedfce331bb4a55c875338edff9,-57,,3,64,12.0,3
14:47:57,26.0,3,dc645565c23962fa2465b0de0ec87f597e581018998b3dbf8454c291b42a2ff0,-76,,3,64,12.0,3
14:47:58,26.0,3,dc645565c23962fa2465b0de0ec87f597e581018998b3dbf8454c291b42a2ff0,-76,,3,64,12.0,3
14:47:59,26.0,3,c6d46e48fdae1eb895e5b38ccfec8567e3e09aedfce331bb4a55c875338edff9,-56,,3,64,12.0,3
14:48:00,26.0,3,c6d46e48fdae1eb895e5b38ccfec8567e3e09aedfce331bb4a55c875338edff9,-64,,3,64,12.0,3
14:48:00,26.0,3,e427fdc509967d591594693ff565f08a295f7eb70aef086ad3b231a2e620b2fa,-73,,3,64,12.0,3
14:48:01,26.0,3,e427fdc509967d591594693ff565f08a295f7eb70aef086ad3b231a2e620b2fa,-84,,3,64,12.0,3
14:48:02,26.0,3,c6d46e48fdae1eb895e5b38ccfec8567e3e09aedfce331bb4a55c875338edff9,-53,,3,64,12.0,3
14:48:03,26.0,3,c6d46e48fdae1eb895e5b38ccfec8567e3e09aedfce331bb4a55c875338edff9,-60,,3,64,12.0,3
14:48:04,26.0,3,c6d46e48fdae1eb895e5b38ccfec8567e3e09aedfce331bb4a55c875338edff9,-64,,3,64,12.0,3
14:48:04,26.0,3,dc645565c23962fa2465b0de0ec87f597e581018998b3dbf8454c291b42a2ff0,-84,,3,64,12.0,3
14:48:05,26.0,3,dc645565c23962fa2465b0de0ec87f597e581018998b3dbf8454c291b42a2ff0,-77,,3,64,12.0,3
14:48:06,26.0,3,c6d46e48fdae1eb895e5b38ccfec8567e3e09aedfce331bb4a55c875338edff9,-55,,3,64,12.0,3
14:48:07,26.0,3,dc645565c23962fa2465b0de0ec87f597e581018998b3dbf8454c291b42a2ff0,-77,,3,64,12.0,3
14:48:08,26.0,3,dc645565c23962fa2465b0de0ec87f597e581018998b3dbf8454c291b42a2ff0,-75,,3,64,12.0,3
14:48:08,26.0,3,c6d46e48fdae1eb895e5b38ccfec8567e3e09aedfce331bb4a55c875338edff9,-57,,3,64,12.0,3
14:48:09,26.0,3,dc645565c23962fa2465b0de0ec87f597e581018998b3dbf8454c291b42a2ff0,-80,,3,64,12.0,3
14:48:10,26.0,3,c6d46e48fdae1eb895e5b38ccfec8567e3e09aedfce331bb4a55c875338edff9,-54,,3,64,12.0,3
14:48:11,26.0,3,e427fdc509967d591594693ff565f08a295f7eb70aef086ad3b231a2e620b2fa,-77,,3,64,12.0,3
14:48:12,26.0,3,c6d46e48fdae1eb895e5b38ccfec8567e3e09aedfce331bb4a55c875338edff9,-66,,3,64,12.0,3
14:48:12,26.0,3,dc645565c23962fa2465b0de0ec87f597e581018998b3dbf8454c291b42a2ff0,-82,,3,64,12.0,3
14:48:13,26.0,3,dc645565c23962fa2465b0de0ec87f597e581018998b3dbf8454c291b42a2ff0,-73,,3,64,12.0,3
14:48:14,26.0,3,e427fdc509967d591594693ff565f08a295f7eb70aef086ad3b231a2e620b2fa,-78,,3,64,12.0,3
14:48:15,26.0,3,e427fdc509967d591594693ff565f08a295f7eb70aef086ad3b231a2e620b2fa,-79,,3,64,12.0,3
14:48:15,26.0,3,e427fdc509967d591594693ff565f08a295f7eb70aef086ad3b231a2e620b2fa,-84,,3,64,12.0,3
14:48:16,26.0,3,dc645565c23962fa2465b0de0ec87f597e581018998b3dbf8454c291b42a2ff0,-86,,3,64,12.0,3
14:48:17,26.0,3,dc645565c23962fa2465b0de0ec87f597e581018998b3dbf8454c291b42a2ff0,-72,,3,64,12.0,3
14:48:18,26.0,3,dc645565c23962fa2465b0de0ec87f597e581018998b3dbf8454c291b42a2ff0,-75,,3,64,12.0,3
14:48:19,26.0,3,dc645565c23962fa2465b0de0ec87f597e581018998b3dbf8454c291b42a2ff0,-78,,3,64,12.0,3
14:48:19,26.0,3,c6d46e48fdae1eb895e5b38ccfec8567e3e09aedfce331bb4a55c875338edff9,-63,,3,64,12.0,3
14:48:20,26.0,3,c6d46e48fdae1eb895e5b38ccfec8567e3e09aedfce331bb4a55c875338edff9,-65,,3,64,12.0,3
14:48:21,26.0,3,dc645565c23962fa2465b0de0ec87f597e581018998b3dbf8454c291b42a2ff0,-61,,3,64,12.0,3
14:48:22,26.0,3,c6d46e48fdae1eb895e5b38ccfec8567e3e09aedfce331bb4a55c875338edff9,-66,,3,64,12.0,3
14:48:23,26.0,3,c6d46e48fdae1eb895e5b38ccfec8567e3e09aedfce331bb4a55c875338edff9,-65,,3,64,12.0,3
14:48:23,,3,eafeb14df07a603af5a76540894f3d41c6de83d340f729a2957a40ccaca1e416,-68,,3,64,,3
14:48:24,26.0,3,dc645565c23962fa2465b0de0ec87f597e581018998b3dbf8454c291b42a2ff0,-63,,3,64,12.0,3
14:48:25,26.0,3,dc645565c23962fa2465b0de0ec87f597e581018998b3dbf8454c291b42a2ff0,-63,,3,64,12.0,3
14:48:26,26.0,3,c6d46e48fdae1eb895e5b38ccfec8567e3e09aedfce331bb4a55c875338edff9,-66,,3,64,12.0,3
14:48:27,26.0,3,dc645565c23962fa2465b0de0ec87f597e581018998b3dbf8454c291b42a2ff0,-63,,3,64,,3
14:48:27,26.0,3,dc645565c23962fa2465b0de0ec87f597e581018998b3dbf8454c291b42a2ff0,-58,,3,64,,3
14:48:28,26.0,3,dc645565c23962fa2465b0de0ec87f597e581018998b3dbf8454c291b42a2ff0,-60,,3,64,,3
14:48:29,26.0,3,dc645565c23962fa2465b0de0ec87f597e581018998b3dbf8454c291b42a2ff0,-65,,3,64,,3
14:48:30,26.0,3,c6d46e48fdae1eb895e5b38ccfec8567e3e09aedfce331bb4a55c875338edff9,-65,,3,64,12.0,3
14:48:31,26.0,3,dc645565c23962fa2465b0de0ec87f597e581018998b3dbf8454c291b42a2ff0,-63,,3,64,,3
14:48:31,,3,eafeb14df07a603af5a76540894f3d41c6de83d340f729a2957a40ccaca1e416,-70,,3,64,,3
14:48:32,26.0,3,c6d46e48fdae1eb895e5b38ccfec8567e3e09aedfce331bb4a55c875338edff9,-66,,3,64,12.0,3
14:48:33,26.0,3,c6d46e48fdae1eb895e5b38ccfec8567e3e09aedfce331bb4a55c875338edff9,-68,,3,64,12.0,3
14:48:34,26.0,3,dc645565c23962fa2465b0de0ec87f597e581018998b3dbf8454c291b42a2ff0,-62,,3,64,,3
14:48:34,26.0,3,c6d46e48fdae1eb895e5b38ccfec8567e3e09aedfce331bb4a55c875338edff9,-70,,3,64,12.0,3
14:48:35,26.0,3,dc645565c23962fa2465b0de0ec87f597e581018998b3dbf8454c291b42a2ff0,-62,,3,64,,3
14:48:36,26.0,3,dc645565c23962fa2465b0de0ec87f597e581018998b3dbf8454c291b42a2ff0,-62,,3,64,,3
14:48:37,26.0,3,c6d46e48fdae1eb895e5b38ccfec8567e3e09aedfce331bb4a55c875338edff9,-67,,3,64,12.0,3
14:48:38,26.0,3,dc645565c23962fa2465b0de0ec87f597e581018998b3dbf8454c291b42a2ff0,-62,,3,64,,3
14:48:38,26.0,3,dc645565c23962fa2465b0de0ec87f597e581018998b3dbf8454c291b42a2ff0,-64,,3,64,,3
14:48:39,26.0,3,dc645565c23962fa2465b0de0ec87f597e581018998b3dbf8454c291b42a2ff0,-64,,3,64,,3
14:48:40,26.0,3,dc645565c23962fa2465b0de0ec87f597e581018998b3dbf8454c291b42a2ff0,-61,,3,64,,3
14:48:41,26.0,3,dc645565c23962fa2465b0de0ec87f597e581018998b3dbf8454c291b42a2ff0,-63,,3,64,,3
14:48:42,26.0,3,c6d46e48fdae1eb895e5b38ccfec8567e3e09aedfce331bb4a55c875338edff9,-66,,3,64,12.0,3
14:48:42,26.0,3,dc645565c23962fa2465b0de0ec87f597e581018998b3dbf8454c291b42a2ff0,-64,,3,64,,3
14:48:43,26.0,3,dc645565c23962fa2465b0de0ec87f597e581018998b3dbf8454c291b42a2ff0,-64,,3,64,,3
14:48:44,26.0,3,dc645565c23962fa2465b0de0ec87f597e581018998b3dbf8454c291b42a2ff0,-64,,3,64,,3
14:48:45,26.0,3,c6d46e48fdae1eb895e5b38ccfec8567e3e09aedfce331bb4a55c875338edff9,-63,,3,64,12.0,3
14:48:46,26.0,3,c6d46e48fdae1eb895e5b38ccfec8567e3e09aedfce331bb4a55c875338edff9,-65,,3,64,12.0,3
14:48:46,26.0,3,dc645565c23962fa2465b0de0ec87f597e581018998b3dbf8454c291b42a2ff0,-64,,3,64,,3
14:48:47,26.0,3,dc645565c23962fa2465b0de0ec87f597e581018998b3dbf8454c291b42a2ff0,-63,,3,64,,3
14:48:48,26.0,3,dc645565c23962fa2465b0de0ec87f597e581018998b3dbf8454c291b42a2ff0,-65,,3,64,,3
14:48:49,26.0,3,dc645565c23962fa2465b0de0ec87f597e581018998b3dbf8454c291b42a2ff0,-81,,3,64,,3
14:48:49,26.0,3,dc645565c23962fa2465b0de0ec87f597e581018998b3dbf8454c291b42a2ff0,-67,,3,64,,3
14:48:50,26.0,3,dc645565c23962fa2465b0de0ec87f597e581018998b3dbf8454c291b42a2ff0,-86,,3,64,,3
14:48:51,26.0,3,dc645565c23962fa2465b0de0ec87f597e581018998b3dbf8454c291b42a2ff0,-75,,3,64,,3
14:48:52,26.0,3,dc645565c23962fa2465b0de0ec87f597e581018998b3dbf8454c291b42a2ff0,-74,,3,64,,3
14:48:53,26.0,3,dc645565c23962fa2465b0de0ec87f597e581018998b3dbf8454c291b42a2ff0,-76,,3,64,,3
14:48:53,26.0,3,c6d46e48fdae1eb895e5b38ccfec8567e3e09aedfce331bb4a55c875338edff9,-63,,3,64,12.0,3
14:48:54,26.0,3,c6d46e48fdae1eb895e5b38ccfec8567e3e09aedfce331bb4a55c875338edff9,-62,,3,64,12.0,3
14:48:55,26.0,3,dc645565c23962fa2465b0de0ec87f597e581018998b3dbf8454c291b42a2ff0,-74,,3,64,,3
14:48:56,26.0,3,c6d46e48fdae1eb895e5b38ccfec8567e3e09aedfce331bb4a55c875338edff9,-57,,3,64,12.0,3
14:48:57,26.0,3,dc645565c23962fa2465b0de0ec87f597e581018998b3dbf8454c291b42a2ff0,-73,,3,64,,3
14:48:57,26.0,3,dc645565c23962fa2465b0de0ec87f597e581018998b3dbf8454c291b42a2ff0,-74,,3,64,,3
14:48:58,26.0,3,dc645565c23962fa2465b0de0ec87f597e581018998b3dbf8454c291b42a2ff0,-75,,3,64,,3
14:48:59,26.0,3,c6d46e48fdae1eb895e5b38ccfec8567e3e09aedfce331bb4a55c875338edff9,-68,,3,64,12.0,3
14:49:00,26.0,3,dc645565c23962fa2465b0de0ec87f597e581018998b3dbf8454c291b42a2ff0,-77,,3,64,12.0,3
14:49:00,26.0,3,c6d46e48fdae1eb895e5b38ccfec8567e3e09aedfce331bb4a55c875338edff9,-64,,3,64,12.0,3
14:49:01,26.0,3,dc645565c23962fa2465b0de0ec87f597e581018998b3dbf8454c291b42a2ff0,-76,,3,64,12.0,3
14:49:02,26.0,3,c6d46e48fdae1eb895e5b38ccfec8567e3e09aedfce331bb4a55c875338edff9,-62,,3,64,12.0,3
14:49:03,26.0,3,c6d46e48fdae1eb895e5b38ccfec8567e3e09aedfce331bb4a55c875338edff9,-70,,3,64,12.0,3
14:49:04,26.0,3,dc645565c23962fa2465b0de0ec87f597e581018998b3dbf8454c291b42a2ff0,-77,,3,64,12.0,3
14:49:04,26.0,3,c6d46e48fdae1eb895e5b38ccfec8567e3e09aedfce331bb4a55c875338edff9,-61,,3,64,12.0,3
14:49:05,26.0,3,dc645565c23962fa2465b0de0ec87f597e581018998b3dbf8454c291b42a2ff0,-67,,3,64,12.0,3
14:49:06,26.0,3,c6d46e48fdae1eb895e5b38ccfec8567e3e09aedfce331bb4a55c875338edff9,-58,,3,64,12.0,3
14:49:07,26.0,3,c6d46e48fdae1eb895e5b38ccfec8567e3e09aedfce331bb4a55c875338edff9,-62,,3,64,12.0,3
14:49:08,26.0,3,dc645565c23962fa2465b0de0ec87f597e581018998b3dbf8454c291b42a2ff0,-77,,3,64,12.0,3
14:49:08,26.0,3,c6d46e48fdae1eb895e5b38ccfec8567e3e09aedfce331bb4a55c875338edff9,-64,,3,64,12.0,3
14:49:09,26.0,3,c6d46e48fdae1eb895e5b38ccfec8567e3e09aedfce331bb4a55c875338edff9,-62,,3,64,12.0,3
14:49:10,26.0,3,c6d46e48fdae1eb895e5b38ccfec8567e3e09aedfce331bb4a55c875338edff9,-73,,3,64,12.0,3
14:49:11,26.0,3,c6d46e48fdae1eb895e5b38ccfec8567e3e09aedfce331bb4a55c875338edff9,-65,,3,64,12.0,3
14:49:12,26.0,3,dc645565c23962fa2465b0de0ec87f597e581018998b3dbf8454c291b42a2ff0,-81,,3,64,12.0,3
14:49:12,26.0,3,c6d46e48fdae1eb895e5b38ccfec8567e3e09aedfce331bb4a55c875338edff9,-58,,3,64,12.0,3
14:49:13,26.0,3,c6d46e48fdae1eb895e5b38ccfec8567e3e09aedfce331bb4a55c875338edff9,-66,,3,64,12.0,3
14:49:14,26.0,3,c6d46e48fdae1eb895e5b38ccfec8567e3e09aedfce331bb4a55c875338edff9,-58,,3,64,12.0,3
14:49:15,26.0,3,dc645565c23962fa2465b0de0ec87f597e581018998b3dbf8454c291b42a2ff0,-86,,3,64,12.0,3
14:49:16,26.0,3,dc645565c23962fa2465b0de0ec87f597e581018998b3dbf8454c291b42a2ff0,-76,,3,64,12.0,3
14:49:16,26.0,3,c6d46e48fdae1eb895e5b38ccfec8567e3e09aedfce331bb4a55c875338edff9,-60,,3,64,12.0,3
14:49:17,26.0,3,c6d46e48fdae1eb895e5b38ccfec8567e3e09aedfce331bb4a55c875338edff9,-54,,3,64,12.0,3
14:49:18,26.0,3,dc645565c23962fa2465b0de0ec87f597e581018998b3dbf8454c291b42a2ff0,-69,,3,64,12.0,3
14:49:19,26.0,3,c6d46e48fdae1eb895e5b38ccfec8567e3e09aedfce331bb4a55c875338edff9,-52,,3,64,12.0,3
14:49:19,26.0,3,c6d46e48fdae1eb895e5b38ccfec8567e3e09aedfce331bb4a55c875338edff9,-54,,3,64,12.0,3
14:49:20,26.0,3,dc645565c23962fa2465b0de0ec87f597e581018998b3dbf8454c291b42a2ff0,-82,,3,64,12.0,3
14:49:21,26.0,3,c6d46e48fdae1eb895e5b38ccfec8567e3e09aedfce331bb4a55c875338edff9,-55,,3,64,12.0,3
14:49:22,26.0,3,dc645565c23962fa2465b0de0ec87f597e581018998b3dbf8454c291b42a2ff0,-73,,3,64,12.0,3
14:49:23,26.0,3,dc645565c23962fa2465b0de0ec87f597e581018998b3dbf8454c291b42a2ff0,-71,,3,64,12.0,3
14:49:23,26.0,3,c6d46e48fdae1eb895e5b38ccfec8567e3e09aedfce331bb4a55c875338edff9,-58,,3,64,12.0,3
14:49:24,26.0,3,dc645565c23962fa2465b0de0ec87f597e581018998b3dbf8454c291b42a2ff0,-69,,3,64,12.0,3
14:49:25,26.0,3,c6d46e48fdae1eb895e5b38ccfec8567e3e09aedfce331bb4a55c875338edff9,-57,,3,64,12.0,3
14:49:26,26.0,3,c6d46e48fdae1eb895e5b38ccfec8567e3e09aedfce331bb4a55c875338edff9,-58,,3,64,12.0,3
14:49:27,26.0,3,dc645565c23962fa2465b0de0ec87f597e581018998b3dbf8454c291b42a2ff0,-69,,3,64,12.0,3
14:49:27,26.0,3,c6d46e48fdae1eb895e5b38ccfec8567e3e09aedfce331bb4a55c875338edff9,-60,,3,64,12.0,3
14:49:28,26.0,3,c6d46e48fdae1eb895e5b38ccfec8567e3e09aedfce331bb4a55c875338edff9,-55,,3,64,12.0,3
14:49:29,26.0,3,c6d46e48fdae1eb895e5b38ccfec8567e3e09aedfce331bb4a55c875338edff9,-52,,3,64,12.0,3
14:49:30,26.0,3,dc645565c23962fa2465b0de0ec87f597e581018998b3dbf8454c291b42a2ff0,-72,,3,64,12.0,3
14:49:31,26.0,3,c6d46e48fdae1eb895e5b38ccfec8567e3e09aedfce331bb4a55c875338edff9,-53,,3,64,12.0,3
14:49:31,,3,eafeb14df07a603af5a76540894f3d41c6de83d340f729a2957a40ccaca1e416,-53,,3,64,,3
14:49:32,26.0,3,dc645565c23962fa2465b0de0ec87f597e581018998b3dbf8454c291b42a2ff0,-70,,3,64,12.0,3
14:49:33,26.0,3,c6d46e48fdae1eb895e5b38ccfec8567e3e09aedfce331bb4a55c875338edff9,-57,,3,64,12.0,3
14:49:34,26.0,3,c6d46e48fdae1eb895e5b38ccfec8567e3e09aedfce331bb4a55c875338edff9,-57,,3,64,12.0,3
14:49:34,26.0,3,c6d46e48fdae1eb895e5b38ccfec8567e3e09aedfce331bb4a55c875338edff9,-57,,3,64,12.0,3
14:49:35,26.0,3,c6d46e48fdae1eb895e5b38ccfec8567e3e09aedfce331bb4a55c875338edff9,-55,,3,64,12.0,3
14:49:36,26.0,3,c6d46e48fdae1eb895e5b38ccfec8567e3e09aedfce331bb4a55c875338edff9,-53,,3,64,12.0,3
14:49:37,26.0,3,dc645565c23962fa2465b0de0ec87f597e581018998b3dbf8454c291b42a2ff0,-68,,3,64,12.0,3
14:49:38,26.0,3,dc645565c23962fa2465b0de0ec87f597e581018998b3dbf8454c291b42a2ff0,-68,,3,64,12.0,3
14:49:38,26.0,3,dc645565c23962fa2465b0de0ec87f597e581018998b3dbf8454c291b42a2ff0,-68,,3,64,12.0,3
14:49:39,,3,eafeb14df07a603af5a76540894f3d41c6de83d340f729a2957a40ccaca1e416,-55,,3,64,,3
14:49:40,26.0,3,dc645565c23962fa2465b0de0ec87f597e581018998b3dbf8454c291b42a2ff0,-68,,3,64,12.0,3
14:49:41,26.0,3,c6d46e48fdae1eb895e5b38ccfec8567e3e09aedfce331bb4a55c875338edff9,-62,,3,64,12.0,3
14:49:42,26.0,3,c6d46e48fdae1eb895e5b38ccfec8567e3e09aedfce331bb4a55c875338edff9,-61,,3,64,12.0,3
14:49:42,26.0,3,dc645565c23962fa2465b0de0ec87f597e581018998b3dbf8454c291b42a2ff0,-69,,3,64,12.0,3
14:49:43,26.0,3,c6d46e48fdae1eb895e5b38ccfec8567e3e09aedfce331bb4a55c875338edff9,-58,,3,64,12.0,3
14:49:44,26.0,3,c6d46e48fdae1eb895e5b38ccfec8567e3e09aedfce331bb4a55c875338edff9,-60,,3,64,12.0,3
14:49:45,26.0,3,dc645565c23962fa2465b0de0ec87f597e581018998b3dbf8454c291b42a2ff0,-68,,3,64,12.0,3
14:49:46,26.0,3,c6d46e48fdae1eb895e5b38ccfec8567e3e09aedfce331bb4a55c875338edff9,-58,,3,64,12.0,3
14:49:46,26.0,3,dc645565c23962fa2465b0de0ec87f597e581018998b3dbf8454c291b42a2ff0,-67,,3,64,12.0,3
14:49:47,26.0,3,dc645565c23962fa2465b0de0ec87f597e581018998b3dbf8454c291b42a2ff0,-69,,3,64,12.0,3
14:49:48,26.0,3,c6d46e48fdae1eb895e5b38ccfec8567e3e09aedfce331bb4a55c875338edff9,-55,,3,64,12.0,3
14:49:49,26.0,3,dc645565c23962fa2465b0de0ec87f597e581018998b3dbf8454c291b42a2ff0,-68,,3,64,12.0,3
14:49:49,,3,eafeb14df07a603af5a76540894f3d41c6de83d340f729a2957a40ccaca1e416,-64,,3,64,,3
14:49:50,26.0,3,c6d46e48fdae1eb895e5b38ccfec8567e3e09aedfce331bb4a55c875338edff9,-62,,3,64,12.0,3
14:49:51,26.0,3,c6d46e48fdae1eb895e5b38ccfec8567e3e09aedfce331bb4a55c875338edff9,-60,,3,64,12.0,3
14:49:52,26.0,3,c6d46e48fdae1eb895e5b38ccfec8567e3e09aedfce331bb4a55c875338edff9,-63,,3,64,12.0,3
14:49:53,26.0,3,c6d46e48fdae1eb895e5b38ccfec8567e3e09aedfce331bb4a55c875338edff9,-58,,3,64,12.0,3
14:49:53,26.0,3,c6d46e48fdae1eb895e5b38ccfec8567e3e09aedfce331bb4a55c875338edff9,-62,,3,64,12.0,3
14:49:54,26.0,3,dc645565c23962fa2465b0de0ec87f597e581018998b3dbf8454c291b42a2ff0,-71,,3,64,12.0,3
14:49:55,26.0,3,dc645565c23962fa2465b0de0ec87f597e581018998b3dbf8454c291b42a2ff0,-67,,3,64,12.0,3
14:49:56,26.0,3,b8c993a6b424c97ddd2cd1293dfb623aa7139dbfeea50c3b72416ce0578ba5d3,-88,,3,64,7.0,3
14:49:57,26.0,3,dc645565c23962fa2465b0de0ec87f597e581018998b3dbf8454c291b42a2ff0,-68,,3,64,12.0,3
14:49:57,26.0,3,dc645565c23962fa2465b0de0ec87f597e581018998b3dbf8454c291b42a2ff0,-70,,3,64,12.0,3
14:49:58,26.0,3,c6d46e48fdae1eb895e5b38ccfec8567e3e09aedfce331bb4a55c875338edff9,-60,,3,64,12.0,3
14:49:59,26.0,3,dc645565c23962fa2465b0de0ec87f597e581018998b3dbf8454c291b42a2ff0,-70,,3,64,12.0,3
14:50:00,26.0,3,c6d46e48fdae1eb895e5b38ccfec8567e3e09aedfce331bb4a55c875338edff9,-57,,3,64,12.0,3
14:50:00,26.0,3,c6d46e48fdae1eb895e5b38ccfec8567e3e09aedfce331bb4a55c875338edff9,-64,,3,64,12.0,3
14:50:01,26.0,3,dc645565c23962fa2465b0de0ec87f597e581018998b3dbf8454c291b42a2ff0,-69,,3,64,12.0,3
14:50:02,26.0,3,c6d46e48fdae1eb895e5b38ccfec8567e3e09aedfce331bb4a55c875338edff9,-65,,3,64,12.0,3
14:50:03,26.0,3,c6d46e48fdae1eb895e5b38ccfec8567e3e09aedfce331bb4a55c875338edff9,-63,,3,64,12.0,3
14:50:04,26.0,3,dc645565c23962fa2465b0de0ec87f597e581018998b3dbf8454c291b42a2ff0,-69,,3,64,12.0,3
14:50:04,26.0,3,dc645565c23962fa2465b0de0ec87f597e581018998b3dbf8454c291b42a2ff0,-70,,3,64,12.0,3
14:50:05,26.0,3,dc645565c23962fa2465b0de0ec87f597e581018998b3dbf8454c291b42a2ff0,-70,,3,64,12.0,3
14:50:06,26.0,3,c6d46e48fdae1eb895e5b38ccfec8567e3e09aedfce331bb4a55c875338edff9,-58,,3,64,12.0,3
14:50:07,26.0,3,c6d46e48fdae1eb895e5b38ccfec8567e3e09aedfce331bb4a55c875338edff9,-55,,3,64,12.0,3
14:50:08,26.0,3,dc645565c23962fa2465b0de0ec87f597e581018998b3dbf8454c291b42a2ff0,-70,,3,64,12.0,3
14:50:08,26.0,3,c6d46e48fdae1eb895e5b38ccfec8567e3e09aedfce331bb4a55c875338edff9,-53,,3,64,12.0,3
14:50:09,26.0,3,c6d46e48fdae1eb895e5b38ccfec8567e3e09aedfce331bb4a55c875338edff9,-55,,3,64,12.0,3
14:50:10,26.0,3,dc645565c23962fa2465b0de0ec87f597e581018998b3dbf8454c291b42a2ff0,-64,,3,64,12.0,3
14:50:11,26.0,3,c6d46e48fdae1eb895e5b38ccfec8567e3e09aedfce331bb4a55c875338edff9,-51,,3,64,12.0,3
14:50:12,26.0,3,c6d46e48fdae1eb895e5b38ccfec8567e3e09aedfce331bb4a55c875338edff9,-51,,3,64,12.0,3
14:50:12,26.0,3,c4dbe2593f1aa4314a667bc102a520c8547a11e0eb3b49daff7b30184832835a,-89,,3,64,12.0,3
14:50:13,26.0,3,dc645565c23962fa2465b0de0ec87f597e581018998b3dbf8454c291b42a2ff0,-75,,3,64,12.0,3
14:50:14,26.0,3,dc645565c23962fa2465b0de0ec87f597e581018998b3dbf8454c291b42a2ff0,-71,,3,64,12.0,3
14:50:15,26.0,3,c6d46e48fdae1eb895e5b38ccfec8567e3e09aedfce331bb4a55c875338edff9,-53,,3,64,12.0,3
14:50:16,,3,eafeb14df07a603af5a76540894f3d41c6de83d340f729a2957a40ccaca1e416,-54,,3,64,,3
14:50:16,26.0,3,dc645565c23962fa2465b0de0ec87f597e581018998b3dbf8454c291b42a2ff0,-70,,3,64,12.0,3
14:50:17,26.0,3,c6d46e48fdae1eb895e5b38ccfec8567e3e09aedfce331bb4a55c875338edff9,-54,,3,64,12.0,3
14:50:18,26.0,3,c6d46e48fdae1eb895e5b38ccfec8567e3e09aedfce331bb4a55c875338edff9,-57,,3,64,12.0,3
14:50:19,26.0,3,dc645565c23962fa2465b0de0ec87f597e581018998b3dbf8454c291b42a2ff0,-68,,3,64,12.0,3
14:50:19,,3,eafeb14df07a603af5a76540894f3d41c6de83d340f729a2957a40ccaca1e416,-58,,3,64,,3
14:50:20,26.0,3,c6d46e48fdae1eb895e5b38ccfec8567e3e09aedfce331bb4a55c875338edff9,-50,,3,64,12.0,3
14:50:21,26.0,3,dc645565c23962fa2465b0de0ec87f597e581018998b3dbf8454c291b42a2ff0,-71,,3,64,12.0,3
14:50:22,26.0,3,c6d46e48fdae1eb895e5b38ccfec8567e3e09aedfce331bb4a55c875338edff9,-49,,3,64,12.0,3
14:50:23,26.0,3,dc645565c23962fa2465b0de0ec87f597e581018998b3dbf8454c291b42a2ff0,-78,,3,64,12.0,3
14:50:23,26.0,3,c6d46e48fdae1eb895e5b38ccfec8567e3e09aedfce331bb4a55c875338edff9,-70,,3,64,12.0,3
14:50:24,26.0,3,c6d46e48fdae1eb895e5b38ccfec8567e3e09aedfce331bb4a55c875338edff9,-56,,3,64,12.0,3
14:50:25,26.0,3,dc645565c23962fa2465b0de0ec87f597e581018998b3dbf8454c291b42a2ff0,-80,,3,64,12.0,3
14:50:26,26.0,3,c6d46e48fdae1eb895e5b38ccfec8567e3e09aedfce331bb4a55c875338edff9,-56,,3,64,12.0,3
14:50:27,26.0,3,c6d46e48fdae1eb895e5b38ccfec8567e3e09aedfce331bb4a55c875338edff9,-61,,3,64,12.0,3
14:50:27,,3,eafeb14df07a603af5a76540894f3d41c6de83d340f729a2957a40ccaca1e416,-63,,3,64,,3
14:50:28,26.0,3,c6d46e48fdae1eb895e5b38ccfec8567e3e09aedfce331bb4a55c875338edff9,-61,,3,64,12.0,3
14:50:29,26.0,3,dc645565c23962fa2465b0de0ec87f597e581018998b3dbf8454c291b42a2ff0,-76,,3,64,12.0,3
14:50:30,26.0,3,c6d46e48fdae1eb895e5b38ccfec8567e3e09aedfce331bb4a55c875338edff9,-63,,3,64,12.0,3
14:50:31,26.0,3,c6d46e48fdae1eb895e5b38ccfec8567e3e09aedfce331bb4a55c875338edff9,-58,,3,64,12.0,3
14:50:31,26.0,3,dc645565c23962fa2465b0de0ec87f597e581018998b3dbf8454c291b42a2ff0,-75,,3,64,12.0,3
14:50:32,26.0,3,c6d46e48fdae1eb895e5b38ccfec8567e3e09aedfce331bb4a55c875338edff9,-58,,3,64,12.0,3
14:50:33,26.0,3,c6d46e48fdae1eb895e5b38ccfec8567e3e09aedfce331bb4a55c875338edff9,-58,,3,64,12.0,3
14:50:34,26.0,3,dc645565c23962fa2465b0de0ec87f597e581018998b3dbf8454c291b42a2ff0,-67,,3,64,12.0,3
14:50:34,26.0,3,dc645565c23962fa2465b0de0ec87f597e581018998b3dbf8454c291b42a2ff0,-75,,3,64,12.0,3
14:50:35,26.0,3,dc645565c23962fa2465b0de0ec87f597e581018998b3dbf8454c291b42a2ff0,-75,,3,64,,3
14:50:36,26.0,3,dc645565c23962fa2465b0de0ec87f597e581018998b3dbf8454c291b42a2ff0,-67,,3,64,,3
14:50:37,26.0,3,dc645565c23962fa2465b0de0ec87f597e581018998b3dbf8454c291b42a2ff0,-63,,3,64,,3
14:50:38,26.0,3,c6d46e48fdae1eb895e5b38ccfec8567e3e09aedfce331bb4a55c875338edff9,-59,,3,64,12.0,3
14:50:38,26.0,3,c6d46e48fdae1eb895e5b38ccfec8567e3e09aedfce331bb4a55c875338edff9,-56,,3,64,12.0,3
14:50:39,26.0,3,dc645565c23962fa2465b0de0ec87f597e581018998b3dbf8454c291b42a2ff0,-67,,3,64,,3
14:50:40,26.0,3,dc645565c23962fa2465b0de0ec87f597e581018998b3dbf8454c291b42a2ff0,-61,,3,64,,3
14:50:41,26.0,3,dc645565c23962fa2465b0de0ec87f597e581018998b3dbf8454c291b42a2ff0,-85,,3,64,,3
14:50:42,26.0,3,dc645565c23962fa2465b0de0ec87f597e581018998b3dbf8454c291b42a2ff0,-73,,3,64,,3
14:50:42,26.0,3,dc645565c23962fa2465b0de0ec87f597e581018998b3dbf8454c291b42a2ff0,-71,,3,64,,3
14:50:43,26.0,3,dc645565c23962fa2465b0de0ec87f597e581018998b3dbf8454c291b42a2ff0,-68,,3,64,,3
14:50:44,26.0,3,dc645565c23962fa2465b0de0ec87f597e581018998b3dbf8454c291b42a2ff0,-76,,3,64,,3
14:50:45,26.0,3,dc645565c23962fa2465b0de0ec87f597e581018998b3dbf8454c291b42a2ff0,-73,,3,64,,3
14:50:45,26.0,3,dc645565c23962fa2465b0de0ec87f597e581018998b3dbf8454c291b42a2ff0,-70,,3,64,,3
14:50:46,26.0,3,dc645565c23962fa2465b0de0ec87f597e581018998b3dbf8454c291b42a2ff0,-72,,3,64,,3
14:50:47,26.0,3,c6d46e48fdae1eb895e5b38ccfec8567e3e09aedfce331bb4a55c875338edff9,-52,,3,64,12.0,3
14:50:48,26.0,3,c6d46e48fdae1eb895e5b38ccfec8567e3e09aedfce331bb4a55c875338edff9,-57,,3,64,12.0,3
14:50:49,26.0,3,dc645565c23962fa2465b0de0ec87f597e581018998b3dbf8454c291b42a2ff0,-71,,3,64,,3
14:50:49,26.0,3,dc645565c23962fa2465b0de0ec87f597e581018998b3dbf8454c291b42a2ff0,-84,,3,64,,3
14:50:50,26.0,3,dc645565c23962fa2465b0de0ec87f597e581018998b3dbf8454c291b42a2ff0,-72,,3,64,,3
14:50:51,26.0,3,dc645565c23962fa2465b0de0ec87f597e581018998b3dbf8454c291b42a2ff0,-73,,3,64,,3
14:50:52,26.0,3,c6d46e48fdae1eb895e5b38ccfec8567e3e09aedfce331bb4a55c875338edff9,-61,,3,64,12.0,3
14:50:53,26.0,3,c6d46e48fdae1eb895e5b38ccfec8567e3e09aedfce331bb4a55c875338edff9,-62,,3,64,12.0,3
14:50:53,26.0,3,c6d46e48fdae1eb895e5b38ccfec8567e3e09aedfce331bb4a55c875338edff9,-63,,3,64,12.0,3
14:50:54,26.0,3,dc645565c23962fa2465b0de0ec87f597e581018998b3dbf8454c291b42a2ff0,-75,,3,64,12.0,3
14:50:55,26.0,3,dc645565c23962fa2465b0de0ec87f597e581018998b3dbf8454c291b42a2ff0,-76,,3,64,12.0,3
14:50:56,26.0,3,dc645565c23962fa2465b0de0ec87f597e581018998b3dbf8454c291b42a2ff0,-65,,3,64,12.0,3
14:50:57,26.0,3,c6d46e48fdae1eb895e5b38ccfec8567e3e09aedfce331bb4a55c875338edff9,-61,,3,64,12.0,3
14:50:57,26.0,3,c6d46e48fdae1eb895e5b38ccfec8567e3e09aedfce331bb4a55c875338edff9,-57,,3,64,12.0,3
14:50:58,26.0,3,dc645565c23962fa2465b0de0ec87f597e581018998b3dbf8454c291b42a2ff0,-76,,3,64,12.0,3
14:50:59,26.0,3,c6d46e48fdae1eb895e5b38ccfec8567e3e09aedfce331bb4a55c875338edff9,-56,,3,64,12.0,3
14:51:00,26.0,3,c6d46e48fdae1eb895e5b38ccfec8567e3e09aedfce331bb4a55c875338edff9,-56,,3,64,12.0,3
14:51:01,26.0,3,dc645565c23962fa2465b0de0ec87f597e581018998b3dbf8454c291b42a2ff0,-71,,3,64,12.0,3
14:51:01,26.0,3,c6d46e48fdae1eb895e5b38ccfec8567e3e09aedfce331bb4a55c875338edff9,-54,,3,64,12.0,3
14:51:02,26.0,3,c6d46e48fdae1eb895e5b38ccfec8567e3e09aedfce331bb4a55c875338edff9,-62,,3,64,12.0,3
14:51:03,26.0,3,c6d46e48fdae1eb895e5b38ccfec8567e3e09aedfce331bb4a55c875338edff9,-54,,3,64,12.0,3
14:51:04,26.0,3,c6d46e48fdae1eb895e5b38ccfec8567e3e09aedfce331bb4a55c875338edff9,-61,,3,64,12.0,3
14:51:04,26.0,3,dc645565c23962fa2465b0de0ec87f597e581018998b3dbf8454c291b42a2ff0,-66,,3,64,12.0,3
14:51:05,,3,eafeb14df07a603af5a76540894f3d41c6de83d340f729a2957a40ccaca1e416,-54,,3,64,,3
14:51:06,26.0,3,49d4d76b3a38fc3de5f73dd5fa09a04cf50963d1ddd5b1c00ea5a8f0ff0ed0c7,-82,,3,64,12.0,3
14:51:07,26.0,3,dc645565c23962fa2465b0de0ec87f597e581018998b3dbf8454c291b42a2ff0,-75,,3,64,12.0,3
14:51:08,26.0,3,c6d46e48fdae1eb895e5b38ccfec8567e3e09aedfce331bb4a55c875338edff9,-57,,3,64,12.0,3
14:51:08,26.0,3,c6d46e48fdae1eb895e5b38ccfec8567e3e09aedfce331bb4a55c875338edff9,-54,,3,64,12.0,3
14:51:09,,3,d311c14fee422b164fc6e320183d4e9f06b26641b8a828e132bc88e51b31f9e8,-91,,3,64,,3
14:51:10,26.0,3,dc645565c23962fa2465b0de0ec87f597e581018998b3dbf8454c291b42a2ff0,-80,,3,64,12.0,3
14:51:11,26.0,3,c6d46e48fdae1eb895e5b38ccfec8567e3e09aedfce331bb4a55c875338edff9,-56,,3,64,12.0,3
14:51:12,,3,eafeb14df07a603af5a76540894f3d41c6de83d340f729a2957a40ccaca1e416,-54,,3,64,,3
14:51:12,26.0,3,c6d46e48fdae1eb895e5b38ccfec8567e3e09aedfce331bb4a55c875338edff9,-56,,3,64,12.0,3
14:51:13,26.0,3,c6d46e48fdae1eb895e5b38ccfec8567e3e09aedfce331bb4a55c875338edff9,-54,,3,64,12.0,3
14:51:14,26.0,3,c6d46e48fdae1eb895e5b38ccfec8567e3e09aedfce331bb4a55c875338edff9,-53,,3,64,12.0,3
14:51:15,26.0,3,c6d46e48fdae1eb895e5b38ccfec8567e3e09aedfce331bb4a55c875338edff9,-53,,3,64,12.0,3
14:51:16,26.0,3,dc645565c23962fa2465b0de0ec87f597e581018998b3dbf8454c291b42a2ff0,-72,,3,64,12.0,3
14:51:16,26.0,3,dc645565c23962fa2465b0de0ec87f597e581018998b3dbf8454c291b42a2ff0,-65,,3,64,12.0,3
14:51:17,26.0,3,c6d46e48fdae1eb895e5b38ccfec8567e3e09aedfce331bb4a55c875338edff9,-57,,3,64,12.0,3
14:51:18,26.0,3,dc645565c23962fa2465b0de0ec87f597e581018998b3dbf8454c291b42a2ff0,-63,,3,64,12.0,3
14:51:19,26.0,3,dc645565c23962fa2465b0de0ec87f597e581018998b3dbf8454c291b42a2ff0,-75,,3,64,12.0,3
14:51:19,,3,eafeb14df07a603af5a76540894f3d41c6de83d340f729a2957a40ccaca1e416,-63,,3,64,,3
14:51:20,26.0,3,c6d46e48fdae1eb895e5b38ccfec8567e3e09aedfce331bb4a55c875338edff9,-63,,3,64,12.0,3
14:51:21,26.0,3,dc645565c23962fa2465b0de0ec87f597e581018998b3dbf8454c291b42a2ff0,-65,,3,64,12.0,3
14:51:22,26.0,3,c6d46e48fdae1eb895e5b38ccfec8567e3e09aedfce331bb4a55c875338edff9,-68,,3,64,12.0,3
14:51:23,,3,eafeb14df07a603af5a76540894f3d41c6de83d340f729a2957a40ccaca1e416,-77,,3,64,,3
14:51:23,26.0,3,dc645565c23962fa2465b0de0ec87f597e581018998b3dbf8454c291b42a2ff0,-66,,3,64,12.0,3
14:51:24,26.0,3,dc645565c23962fa2465b0de0ec87f597e581018998b3dbf8454c291b42a2ff0,-79,,3,64,12.0,3
14:51:25,26.0,3,dc645565c23962fa2465b0de0ec87f597e581018998b3dbf8454c291b42a2ff0,-72,,3,64,12.0,3
14:51:26,26.0,3,c6d46e48fdae1eb895e5b38ccfec8567e3e09aedfce331bb4a55c875338edff9,-65,,3,64,12.0,3
14:51:27,26.0,3,dc645565c23962fa2465b0de0ec87f597e581018998b3dbf8454c291b42a2ff0,-70,,3,64,12.0,3
14:51:27,26.0,3,dc645565c23962fa2465b0de0ec87f597e581018998b3dbf8454c291b42a2ff0,-72,,3,64,12.0,3
14:51:28,26.0,3,c6d46e48fdae1eb895e5b38ccfec8567e3e09aedfce331bb4a55c875338edff9,-34,,3,64,12.0,3
14:51:29,26.0,3,dc645565c23962fa2465b0de0ec87f597e581018998b3dbf8454c291b42a2ff0,-63,,3,64,12.0,3
14:51:30,26.0,3,c6d46e48fdae1eb895e5b38ccfec8567e3e09aedfce331bb4a55c875338edff9,-60,,3,64,12.0,3
14:51:31,26.0,3,c6d46e48fdae1eb895e5b38ccfec8567e3e09aedfce331bb4a55c875338edff9,-57,,3,64,12.0,3
14:51:31,26.0,3,dc645565c23962fa2465b0de0ec87f597e581018998b3dbf8454c291b42a2ff0,-63,,3,64,12.0,3
14:51:32,26.0,3,dc645565c23962fa2465b0de0ec87f597e581018998b3dbf8454c291b42a2ff0,-67,,3,64,12.0,3
14:51:33,26.0,3,c6d46e48fdae1eb895e5b38ccfec8567e3e09aedfce331bb4a55c875338edff9,-50,,3,64,12.0,3
14:51:34,26.0,3,dc645565c23962fa2465b0de0ec87f597e581018998b3dbf8454c291b42a2ff0,-66,,3,64,12.0,3
14:51:34,26.0,3,dc645565c23962fa2465b0de0ec87f597e581018998b3dbf8454c291b42a2ff0,-69,,3,64,12.0,3
14:51:35,,3,eafeb14df07a603af5a76540894f3d41c6de83d340f729a2957a40ccaca1e416,-50,,3,64,,3
14:51:36,26.0,3,dc645565c23962fa2465b0de0ec87f597e581018998b3dbf8454c291b42a2ff0,-70,,3,64,12.0,3
14:51:37,26.0,3,dc645565c23962fa2465b0de0ec87f597e581018998b3dbf8454c291b42a2ff0,-63,,3,64,12.0,3
14:51:38,26.0,3,dc645565c23962fa2465b0de0ec87f597e581018998b3dbf8454c291b42a2ff0,-59,,3,64,12.0,3
14:51:38,26.0,3,dc645565c23962fa2465b0de0ec87f597e581018998b3dbf8454c291b42a2ff0,-62,,3,64,12.0,3
14:51:39,,3,eafeb14df07a603af5a76540894f3d41c6de83d340f729a2957a40ccaca1e416,-55,,3,64,,3
14:51:40,26.0,3,dc645565c23962fa2465b0de0ec87f597e581018998b3dbf8454c291b42a2ff0,-63,,3,64,12.0,3
14:51:41,26.0,3,dc645565c23962fa2465b0de0ec87f597e581018998b3dbf8454c291b42a2ff0,-62,,3,64,12.0,3
14:51:42,26.0,3,dc645565c23962fa2465b0de0ec87f597e581018998b3dbf8454c291b42a2ff0,-67,,3,64,12.0,3
14:51:42,26.0,3,dc645565c23962fa2465b0de0ec87f597e581018998b3dbf8454c291b42a2ff0,-65,,3,64,12.0,3
14:51:43,26.0,3,dc645565c23962fa2465b0de0ec87f597e581018998b3dbf8454c291b42a2ff0,-65,,3,64,12.0,3
14:51:44,26.0,3,dc645565c23962fa2465b0de0ec87f597e581018998b3dbf8454c291b42a2ff0,-68,,3,64,12.0,3
14:51:45,26.0,3,dc645565c23962fa2465b0de0ec87f597e581018998b3dbf8454c291b42a2ff0,-68,,3,64,12.0,3
14:51:46,26.0,3,dc645565c23962fa2465b0de0ec87f597e581018998b3dbf8454c291b42a2ff0,-63,,3,64,12.0,3
14:51:46,26.0,3,dc645565c23962fa2465b0de0ec87f597e581018998b3dbf8454c291b42a2ff0,-68,,3,64,12.0,3
14:51:47,,3,eafeb14df07a603af5a76540894f3d41c6de83d340f729a2957a40ccaca1e416,-49,,3,64,,3
14:51:48,26.0,3,dc645565c23962fa2465b0de0ec87f597e581018998b3dbf8454c291b42a2ff0,-72,,3,64,12.0,3
14:51:49,26.0,3,dc645565c23962fa2465b0de0ec87f597e581018998b3dbf8454c291b42a2ff0,-81,,3,64,12.0,3
14:51:49,,3,eafeb14df07a603af5a76540894f3d41c6de83d340f729a2957a40ccaca1e416,-56,,3,64,,3
14:51:50,26.0,3,dc645565c23962fa2465b0de0ec87f597e581018998b3dbf8454c291b42a2ff0,-70,,3,64,12.0,3
14:51:51,26.0,3,dc645565c23962fa2465b0de0ec87f597e581018998b3dbf8454c291b42a2ff0,-72,,3,64,12.0,3
14:51:52,26.0,3,dc645565c23962fa2465b0de0ec87f597e581018998b3dbf8454c291b42a2ff0,-91,,3,64,12.0,3
14:51:53,,3,eafeb14df07a603af5a76540894f3d41c6de83d340f729a2957a40ccaca1e416,-56,,3,64,,3
14:51:53,,3,eafeb14df07a603af5a76540894f3d41c6de83d340f729a2957a40ccaca1e416,-57,,3,64,,3
14:51:54,,3,eafeb14df07a603af5a76540894f3d41c6de83d340f729a2957a40ccaca1e416,-57,,3,64,,3
14:51:55,,3,eafeb14df07a603af5a76540894f3d41c6de83d340f729a2957a40ccaca1e416,-67,,3,64,,3
14:51:56,,3,eafeb14df07a603af5a76540894f3d41c6de83d340f729a2957a40ccaca1e416,-57,,3,64,,3
14:51:57,,3,eafeb14df07a603af5a76540894f3d41c6de83d340f729a2957a40ccaca1e416,-56,,3,64,,3
14:51:57,,3,eafeb14df07a603af5a76540894f3d41c6de83d340f729a2957a40ccaca1e416,-63,,3,64,,3
14:52:12,26.0,3,3b53afe6d5f19adefb4fde5aad69c648fa5fd63fcc61227c044825633385ee07,-91,,3,64,8.0,3
14:52:25,,3,eafeb14df07a603af5a76540894f3d41c6de83d340f729a2957a40ccaca1e416,-56,,3,64,,3
14:52:27,,3,eafeb14df07a603af5a76540894f3d41c6de83d340f729a2957a40ccaca1e416,-55,,3,64,,3
14:52:29,,3,eafeb14df07a603af5a76540894f3d41c6de83d340f729a2957a40ccaca1e416,-55,,3,64,,3
14:52:31,,3,eafeb14df07a603af5a76540894f3d41c6de83d340f729a2957a40ccaca1e416,-54,,3,64,,3
14:52:33,,3,eafeb14df07a603af5a76540894f3d41c6de83d340f729a2957a40ccaca1e416,-49,,3,64,,3
14:52:35,,3,eafeb14df07a603af5a76540894f3d41c6de83d340f729a2957a40ccaca1e416,-54,,3,64,,3
14:52:37,,3,eafeb14df07a603af5a76540894f3d41c6de83d340f729a2957a40ccaca1e416,-53,,3,64,,3
14:52:39,,3,eafeb14df07a603af5a76540894f3d41c6de83d340f729a2957a40ccaca1e416,-53,,3,64,,3
14:52:40,26.0,3,261708ee468c5358874bb8d5ea03752ec5473cd79a42d149693190fbde68f21e,-90,,3,64,7.0,3
14:52:41,,3,eafeb14df07a603af5a76540894f3d41c6de83d340f729a2957a40ccaca1e416,-55,,3,64,,3
14:52:43,,3,eafeb14df07a603af5a76540894f3d41c6de83d340f729a2957a40ccaca1e416,-53,,3,64,,3
14:52:45,,3,eafeb14df07a603af5a76540894f3d41c6de83d340f729a2957a40ccaca1e416,-54,,3,64,,3
14:52:47,,3,eafeb14df07a603af5a76540894f3d41c6de83d340f729a2957a40ccaca1e416,-57,,3,64,,3
14:52:48,,3,b0224d55895e3244d81bf66d791b329d616f05bac07206a1e2c03c6f68c8001a,-92,,3,64,,3
14:52:49,26.0,3,fd4bb1f3717b4608334351ca553aa5f4cb37a0c4552a15ed85b6583752e6e362,-89,,3,64,8.0,3
14:52:50,,3,eafeb14df07a603af5a76540894f3d41c6de83d340f729a2957a40ccaca1e416,-59,,3,64,,3
14:53:04,,3,eafeb14df07a603af5a76540894f3d41c6de83d340f729a2957a40ccaca1e416,-54,,3,64,,3
14:53:05,26.0,3,c6d46e48fdae1eb895e5b38ccfec8567e3e09aedfce331bb4a55c875338edff9,-64,,3,64,12.0,3
14:53:06,26.0,3,c6d46e48fdae1eb895e5b38ccfec8567e3e09aedfce331bb4a55c875338edff9,-53,,3,64,12.0,3
14:53:07,26.0,3,c6d46e48fdae1eb895e5b38ccfec8567e3e09aedfce331bb4a55c875338edff9,-51,,3,64,12.0,3
14:53:08,26.0,3,c6d46e48fdae1eb895e5b38ccfec8567e3e09aedfce331bb4a55c875338edff9,-50,,3,64,12.0,3
14:53:08,,3,eafeb14df07a603af5a76540894f3d41c6de83d340f729a2957a40ccaca1e416,-51,,3,64,,3
14:53:09,26.0,3,c6d46e48fdae1eb895e5b38ccfec8567e3e09aedfce331bb4a55c875338edff9,-55,,3,64,12.0,3
14:53:10,26.0,3,c6d46e48fdae1eb895e5b38ccfec8567e3e09aedfce331bb4a55c875338edff9,-56,,3,64,12.0,3
14:53:11,26.0,3,c6d46e48fdae1eb895e5b38ccfec8567e3e09aedfce331bb4a55c875338edff9,-50,,3,64,12.0,3
14:53:12,26.0,3,c6d46e48fdae1eb895e5b38ccfec8567e3e09aedfce331bb4a55c875338edff9,-63,,3,64,12.0,3
14:53:12,,3,eafeb14df07a603af5a76540894f3d41c6de83d340f729a2957a40ccaca1e416,-53,,3,64,,3
14:53:13,6.0,3,f6c76e3ac42a2e7948227bccf80d9ceb27a4d47dc85c27899de793319bf5cf17,-91,BB43,3,64,0.0,3
14:53:14,6.0,3,f6c76e3ac42a2e7948227bccf80d9ceb27a4d47dc85c27899de793319bf5cf17,-95,BB43,3,64,0.0,3
14:53:15,26.0,3,c6d46e48fdae1eb895e5b38ccfec8567e3e09aedfce331bb4a55c875338edff9,-58,,3,64,12.0,3
14:53:15,6.0,3,f6c76e3ac42a2e7948227bccf80d9ceb27a4d47dc85c27899de793319bf5cf17,-93,BB43,3,64,0.0,3
14:53:16,26.0,3,c6d46e48fdae1eb895e5b38ccfec8567e3e09aedfce331bb4a55c875338edff9,-56,,3,64,12.0,3
14:53:17,26.0,3,c6d46e48fdae1eb895e5b38ccfec8567e3e09aedfce331bb4a55c875338edff9,-53,,3,64,12.0,3
14:53:18,,3,eafeb14df07a603af5a76540894f3d41c6de83d340f729a2957a40ccaca1e416,-50,,3,64,,3
14:53:19,26.0,3,c6d46e48fdae1eb895e5b38ccfec8567e3e09aedfce331bb4a55c875338edff9,-50,,3,64,12.0,3
14:53:19,26.0,3,c6d46e48fdae1eb895e5b38ccfec8567e3e09aedfce331bb4a55c875338edff9,-48,,3,64,12.0,3
14:53:20,26.0,3,c6d46e48fdae1eb895e5b38ccfec8567e3e09aedfce331bb4a55c875338edff9,-49,,3,64,12.0,3
14:53:21,26.0,3,c6d46e48fdae1eb895e5b38ccfec8567e3e09aedfce331bb4a55c875338edff9,-61,,3,64,12.0,3
14:53:23,26.0,3,c6d46e48fdae1eb895e5b38ccfec8567e3e09aedfce331bb4a55c875338edff9,-68,,3,64,12.0,3
14:53:24,26.0,3,c6d46e48fdae1eb895e5b38ccfec8567e3e09aedfce331bb4a55c875338edff9,-64,,3,64,12.0,3
14:53:25,26.0,3,c6d46e48fdae1eb895e5b38ccfec8567e3e09aedfce331bb4a55c875338edff9,-65,,3,64,12.0,3
14:53:26,26.0,3,c6d46e48fdae1eb895e5b38ccfec8567e3e09aedfce331bb4a55c875338edff9,-67,,3,64,12.0,3
14:53:26,26.0,3,c6d46e48fdae1eb895e5b38ccfec8567e3e09aedfce331bb4a55c875338edff9,-84,,3,64,12.0,3
14:53:27,26.0,3,c6d46e48fdae1eb895e5b38ccfec8567e3e09aedfce331bb4a55c875338edff9,-64,,3,64,12.0,3
14:53:28,26.0,3,c6d46e48fdae1eb895e5b38ccfec8567e3e09aedfce331bb4a55c875338edff9,-66,,3,64,12.0,3
14:53:29,,3,eafeb14df07a603af5a76540894f3d41c6de83d340f729a2957a40ccaca1e416,-70,,3,64,,3
14:53:30,26.0,3,c6d46e48fdae1eb895e5b38ccfec8567e3e09aedfce331bb4a55c875338edff9,-67,,3,64,12.0,3
14:53:30,26.0,3,c6d46e48fdae1eb895e5b38ccfec8567e3e09aedfce331bb4a55c875338edff9,-61,,3,64,12.0,3
14:53:31,26.0,3,c6d46e48fdae1eb895e5b38ccfec8567e3e09aedfce331bb4a55c875338edff9,-64,,3,64,12.0,3
14:53:32,26.0,3,c6d46e48fdae1eb895e5b38ccfec8567e3e09aedfce331bb4a55c875338edff9,-64,,3,64,12.0,3
14:53:33,26.0,3,c6d46e48fdae1eb895e5b38ccfec8567e3e09aedfce331bb4a55c875338edff9,-64,,3,64,12.0,3
14:53:34,26.0,3,c6d46e48fdae1eb895e5b38ccfec8567e3e09aedfce331bb4a55c875338edff9,-64,,3,64,12.0,3
14:53:34,26.0,3,c6d46e48fdae1eb895e5b38ccfec8567e3e09aedfce331bb4a55c875338edff9,-63,,3,64,12.0,3
14:53:35,26.0,3,c6d46e48fdae1eb895e5b38ccfec8567e3e09aedfce331bb4a55c875338edff9,-65,,3,64,12.0,3
14:53:36,,3,eafeb14df07a603af5a76540894f3d41c6de83d340f729a2957a40ccaca1e416,-64,,3,64,,3
14:53:37,26.0,3,c6d46e48fdae1eb895e5b38ccfec8567e3e09aedfce331bb4a55c875338edff9,-66,,3,64,12.0,3
14:53:38,26.0,3,c6d46e48fdae1eb895e5b38ccfec8567e3e09aedfce331bb4a55c875338edff9,-67,,3,64,12.0,3
14:53:38,,3,eafeb14df07a603af5a76540894f3d41c6de83d340f729a2957a40ccaca1e416,-63,,3,64,,3
14:53:39,26.0,3,c6d46e48fdae1eb895e5b38ccfec8567e3e09aedfce331bb4a55c875338edff9,-62,,3,64,12.0,3
14:53:40,26.0,3,c6d46e48fdae1eb895e5b38ccfec8567e3e09aedfce331bb4a55c875338edff9,-67,,3,64,12.0,3
14:53:41,26.0,3,c6d46e48fdae1eb895e5b38ccfec8567e3e09aedfce331bb4a55c875338edff9,-63,,3,64,12.0,3
14:53:41,,3,eafeb14df07a603af5a76540894f3d41c6de83d340f729a2957a40ccaca1e416,-67,,3,64,,3
14:53:42,26.0,3,c6d46e48fdae1eb895e5b38ccfec8567e3e09aedfce331bb4a55c875338edff9,-73,,3,64,12.0,3
14:53:43,26.0,3,c6d46e48fdae1eb895e5b38ccfec8567e3e09aedfce331bb4a55c875338edff9,-64,,3,64,12.0,3
14:53:44,26.0,3,c6d46e48fdae1eb895e5b38ccfec8567e3e09aedfce331bb4a55c875338edff9,-69,,3,64,12.0,3
14:53:45,26.0,3,c6d46e48fdae1eb895e5b38ccfec8567e3e09aedfce331bb4a55c875338edff9,-68,,3,64,12.0,3
14:53:45,,3,eafeb14df07a603af5a76540894f3d41c6de83d340f729a2957a40ccaca1e416,-69,,3,64,,3
14:53:46,26.0,3,c6d46e48fdae1eb895e5b38ccfec8567e3e09aedfce331bb4a55c875338edff9,-65,,3,64,12.0,3
14:53:47,26.0,3,c6d46e48fdae1eb895e5b38ccfec8567e3e09aedfce331bb4a55c875338edff9,-63,,3,64,12.0,3
14:53:48,26.0,3,c6d46e48fdae1eb895e5b38ccfec8567e3e09aedfce331bb4a55c875338edff9,-75,,3,64,12.0,3
14:53:49,26.0,3,c6d46e48fdae1eb895e5b38ccfec8567e3e09aedfce331bb4a55c875338edff9,-69,,3,64,12.0,3
14:53:49,,3,eafeb14df07a603af5a76540894f3d41c6de83d340f729a2957a40ccaca1e416,-64,,3,64,,3
14:53:50,26.0,3,c6d46e48fdae1eb895e5b38ccfec8567e3e09aedfce331bb4a55c875338edff9,-64,,3,64,12.0,3
14:53:51,26.0,3,c6d46e48fdae1eb895e5b38ccfec8567e3e09aedfce331bb4a55c875338edff9,-69,,3,64,12.0,3
14:53:52,26.0,3,c6d46e48fdae1eb895e5b38ccfec8567e3e09aedfce331bb4a55c875338edff9,-67,,3,64,12.0,3
14:53:53,26.0,3,c6d46e48fdae1eb895e5b38ccfec8567e3e09aedfce331bb4a55c875338edff9,-63,,3,64,12.0,3
14:53:53,26.0,3,c6d46e48fdae1eb895e5b38ccfec8567e3e09aedfce331bb4a55c875338edff9,-71,,3,64,12.0,3
14:53:54,26.0,3,c6d46e48fdae1eb895e5b38ccfec8567e3e09aedfce331bb4a55c875338edff9,-66,,3,64,12.0,3
14:53:55,26.0,3,c6d46e48fdae1eb895e5b38ccfec8567e3e09aedfce331bb4a55c875338edff9,-68,,3,64,12.0,3
14:53:56,,3,eafeb14df07a603af5a76540894f3d41c6de83d340f729a2957a40ccaca1e416,-69,,3,64,,3
14:53:56,26.0,3,c6d46e48fdae1eb895e5b38ccfec8567e3e09aedfce331bb4a55c875338edff9,-68,,3,64,12.0,3
14:53:57,26.0,3,c6d46e48fdae1eb895e5b38ccfec8567e3e09aedfce331bb4a55c875338edff9,-63,,3,64,12.0,3
14:53:58,26.0,3,c6d46e48fdae1eb895e5b38ccfec8567e3e09aedfce331bb4a55c875338edff9,-69,,3,64,12.0,3
14:53:59,,3,eafeb14df07a603af5a76540894f3d41c6de83d340f729a2957a40ccaca1e416,-69,,3,64,,3
14:54:00,26.0,3,c6d46e48fdae1eb895e5b38ccfec8567e3e09aedfce331bb4a55c875338edff9,-69,,3,64,12.0,3
14:54:00,26.0,3,c6d46e48fdae1eb895e5b38ccfec8567e3e09aedfce331bb4a55c875338edff9,-67,,3,64,12.0,3
14:54:01,26.0,3,c6d46e48fdae1eb895e5b38ccfec8567e3e09aedfce331bb4a55c875338edff9,-69,,3,64,12.0,3
14:54:02,26.0,3,c6d46e48fdae1eb895e5b38ccfec8567e3e09aedfce331bb4a55c875338edff9,-71,,3,64,12.0,3
14:54:03,26.0,3,c6d46e48fdae1eb895e5b38ccfec8567e3e09aedfce331bb4a55c875338edff9,-68,,3,64,12.0,3
14:54:04,26.0,3,c6d46e48fdae1eb895e5b38ccfec8567e3e09aedfce331bb4a55c875338edff9,-69,,3,64,12.0,3
14:54:04,26.0,3,c6d46e48fdae1eb895e5b38ccfec8567e3e09aedfce331bb4a55c875338edff9,-64,,3,64,12.0,3
14:54:05,26.0,3,c6d46e48fdae1eb895e5b38ccfec8567e3e09aedfce331bb4a55c875338edff9,-71,,3,64,12.0,3
14:54:06,26.0,3,c6d46e48fdae1eb895e5b38ccfec8567e3e09aedfce331bb4a55c875338edff9,-62,,3,64,12.0,3
14:54:07,26.0,3,c6d46e48fdae1eb895e5b38ccfec8567e3e09aedfce331bb4a55c875338edff9,-67,,3,64,12.0,3
14:54:08,,3,eafeb14df07a603af5a76540894f3d41c6de83d340f729a2957a40ccaca1e416,-68,,3,64,,3
14:54:08,26.0,3,c6d46e48fdae1eb895e5b38ccfec8567e3e09aedfce331bb4a55c875338edff9,-67,,3,64,12.0,3
14:54:09,26.0,3,c6d46e48fdae1eb895e5b38ccfec8567e3e09aedfce331bb4a55c875338edff9,-71,,3,64,12.0,3
14:54:10,26.0,3,c6d46e48fdae1eb895e5b38ccfec8567e3e09aedfce331bb4a55c875338edff9,-71,,3,64,12.0,3
14:54:11,26.0,3,c6d46e48fdae1eb895e5b38ccfec8567e3e09aedfce331bb4a55c875338edff9,-74,,3,64,12.0,3
14:54:12,,3,eafeb14df07a603af5a76540894f3d41c6de83d340f729a2957a40ccaca1e416,-75,,3,64,,3
14:54:12,26.0,3,c6d46e48fdae1eb895e5b38ccfec8567e3e09aedfce331bb4a55c875338edff9,-72,,3,64,12.0,3
14:54:13,26.0,3,c6d46e48fdae1eb895e5b38ccfec8567e3e09aedfce331bb4a55c875338edff9,-60,,3,64,12.0,3
14:54:14,26.0,3,c6d46e48fdae1eb895e5b38ccfec8567e3e09aedfce331bb4a55c875338edff9,-63,,3,64,12.0,3
14:54:15,26.0,3,c6d46e48fdae1eb895e5b38ccfec8567e3e09aedfce331bb4a55c875338edff9,-80,,3,64,12.0,3
14:54:15,,3,eafeb14df07a603af5a76540894f3d41c6de83d340f729a2957a40ccaca1e416,-74,,3,64,,3
14:54:16,26.0,3,c6d46e48fdae1eb895e5b38ccfec8567e3e09aedfce331bb4a55c875338edff9,-65,,3,64,12.0,3
14:54:17,,3,eafeb14df07a603af5a76540894f3d41c6de83d340f729a2957a40ccaca1e416,-67,,3,64,,3
14:54:18,26.0,3,c6d46e48fdae1eb895e5b38ccfec8567e3e09aedfce331bb4a55c875338edff9,-88,,3,64,12.0,3
14:54:19,26.0,3,c6d46e48fdae1eb895e5b38ccfec8567e3e09aedfce331bb4a55c875338edff9,-65,,3,64,12.0,3
14:54:19,26.0,3,c6d46e48fdae1eb895e5b38ccfec8567e3e09aedfce331bb4a55c875338edff9,-77,,3,64,12.0,3
14:54:20,26.0,3,c6d46e48fdae1eb895e5b38ccfec8567e3e09aedfce331bb4a55c875338edff9,-69,,3,64,12.0,3
14:54:21,26.0,3,c6d46e48fdae1eb895e5b38ccfec8567e3e09aedfce331bb4a55c875338edff9,-70,,3,64,12.0,3
14:54:22,26.0,3,c6d46e48fdae1eb895e5b38ccfec8567e3e09aedfce331bb4a55c875338edff9,-67,,3,64,12.0,3
14:54:23,26.0,3,c6d46e48fdae1eb895e5b38ccfec8567e3e09aedfce331bb4a55c875338edff9,-71,,3,64,12.0,3
14:54:23,26.0,3,c6d46e48fdae1eb895e5b38ccfec8567e3e09aedfce331bb4a55c875338edff9,-69,,3,64,12.0,3
14:54:24,26.0,3,c6d46e48fdae1eb895e5b38ccfec8567e3e09aedfce331bb4a55c875338edff9,-78,,3,64,12.0,3
14:54:25,26.0,3,c6d46e48fdae1eb895e5b38ccfec8567e3e09aedfce331bb4a55c875338edff9,-73,,3,64,12.0,3
14:54:26,26.0,3,c6d46e48fdae1eb895e5b38ccfec8567e3e09aedfce331bb4a55c875338edff9,-72,,3,64,12.0,3
14:54:26,26.0,3,c6d46e48fdae1eb895e5b38ccfec8567e3e09aedfce331bb4a55c875338edff9,-68,,3,64,12.0,3
14:54:27,26.0,3,c6d46e48fdae1eb895e5b38ccfec8567e3e09aedfce331bb4a55c875338edff9,-72,,3,64,12.0,3
14:54:28,26.0,3,c6d46e48fdae1eb895e5b38ccfec8567e3e09aedfce331bb4a55c875338edff9,-73,,3,64,12.0,3
14:54:29,26.0,3,c6d46e48fdae1eb895e5b38ccfec8567e3e09aedfce331bb4a55c875338edff9,-71,,3,64,12.0,3
14:54:30,26.0,3,c6d46e48fdae1eb895e5b38ccfec8567e3e09aedfce331bb4a55c875338edff9,-76,,3,64,12.0,3
14:54:30,26.0,3,c6d46e48fdae1eb895e5b38ccfec8567e3e09aedfce331bb4a55c875338edff9,-71,,3,64,12.0,3
14:54:31,26.0,3,c6d46e48fdae1eb895e5b38ccfec8567e3e09aedfce331bb4a55c875338edff9,-75,,3,64,12.0,3
14:54:32,26.0,3,c6d46e48fdae1eb895e5b38ccfec8567e3e09aedfce331bb4a55c875338edff9,-72,,3,64,12.0,3
14:54:33,26.0,3,c6d46e48fdae1eb895e5b38ccfec8567e3e09aedfce331bb4a55c875338edff9,-72,,3,64,12.0,3
14:54:34,26.0,3,c6d46e48fdae1eb895e5b38ccfec8567e3e09aedfce331bb4a55c875338edff9,-75,,3,64,12.0,3
14:54:34,26.0,3,c6d46e48fdae1eb895e5b38ccfec8567e3e09aedfce331bb4a55c875338edff9,-75,,3,64,12.0,3
14:54:35,26.0,3,c6d46e48fdae1eb895e5b38ccfec8567e3e09aedfce331bb4a55c875338edff9,-76,,3,64,12.0,3
14:54:36,26.0,3,c6d46e48fdae1eb895e5b38ccfec8567e3e09aedfce331bb4a55c875338edff9,-68,,3,64,12.0,3
14:54:37,26.0,3,c6d46e48fdae1eb895e5b38ccfec8567e3e09aedfce331bb4a55c875338edff9,-74,,3,64,12.0,3
14:54:38,26.0,3,c6d46e48fdae1eb895e5b38ccfec8567e3e09aedfce331bb4a55c875338edff9,-66,,3,64,12.0,3
14:54:38,26.0,3,c6d46e48fdae1eb895e5b38ccfec8567e3e09aedfce331bb4a55c875338edff9,-83,,3,64,12.0,3
14:54:39,26.0,3,c6d46e48fdae1eb895e5b38ccfec8567e3e09aedfce331bb4a55c875338edff9,-83,,3,64,12.0,3
14:54:40,26.0,3,c6d46e48fdae1eb895e5b38ccfec8567e3e09aedfce331bb4a55c875338edff9,-84,,3,64,12.0,3
14:54:41,26.0,3,c6d46e48fdae1eb895e5b38ccfec8567e3e09aedfce331bb4a55c875338edff9,-70,,3,64,12.0,3
14:54:41,26.0,3,c6d46e48fdae1eb895e5b38ccfec8567e3e09aedfce331bb4a55c875338edff9,-70,,3,64,12.0,3
14:54:42,26.0,3,c6d46e48fdae1eb895e5b38ccfec8567e3e09aedfce331bb4a55c875338edff9,-71,,3,64,12.0,3
14:54:43,26.0,3,c6d46e48fdae1eb895e5b38ccfec8567e3e09aedfce331bb4a55c875338edff9,-65,,3,64,12.0,3
14:54:44,26.0,3,c6d46e48fdae1eb895e5b38ccfec8567e3e09aedfce331bb4a55c875338edff9,-68,,3,64,12.0,3
14:54:45,26.0,3,c6d46e48fdae1eb895e5b38ccfec8567e3e09aedfce331bb4a55c875338edff9,-75,,3,64,12.0,3
14:54:45,26.0,3,c6d46e48fdae1eb895e5b38ccfec8567e3e09aedfce331bb4a55c875338edff9,-67,,3,64,12.0,3
14:54:46,26.0,3,c6d46e48fdae1eb895e5b38ccfec8567e3e09aedfce331bb4a55c875338edff9,-75,,3,64,12.0,3
14:54:47,26.0,3,c6d46e48fdae1eb895e5b38ccfec8567e3e09aedfce331bb4a55c875338edff9,-69,,3,64,12.0,3
14:54:48,26.0,3,c6d46e48fdae1eb895e5b38ccfec8567e3e09aedfce331bb4a55c875338edff9,-80,,3,64,12.0,3
14:54:49,26.0,3,c6d46e48fdae1eb895e5b38ccfec8567e3e09aedfce331bb4a55c875338edff9,-69,,3,64,12.0,3
14:54:49,26.0,3,c6d46e48fdae1eb895e5b38ccfec8567e3e09aedfce331bb4a55c875338edff9,-75,,3,64,12.0,3
14:54:50,26.0,3,c6d46e48fdae1eb895e5b38ccfec8567e3e09aedfce331bb4a55c875338edff9,-69,,3,64,12.0,3
14:54:51,26.0,3,c6d46e48fdae1eb895e5b38ccfec8567e3e09aedfce331bb4a55c875338edff9,-71,,3,64,12.0,3
14:54:52,,3,eafeb14df07a603af5a76540894f3d41c6de83d340f729a2957a40ccaca1e416,-70,,3,64,,3
14:54:53,26.0,3,c6d46e48fdae1eb895e5b38ccfec8567e3e09aedfce331bb4a55c875338edff9,-70,,3,64,12.0,3
14:54:53,,3,eafeb14df07a603af5a76540894f3d41c6de83d340f729a2957a40ccaca1e416,-67,,3,64,,3
14:54:54,26.0,3,c6d46e48fdae1eb895e5b38ccfec8567e3e09aedfce331bb4a55c875338edff9,-65,,3,64,12.0,3
14:54:55,26.0,3,c6d46e48fdae1eb895e5b38ccfec8567e3e09aedfce331bb4a55c875338edff9,-70,,3,64,12.0,3
14:54:56,,3,eafeb14df07a603af5a76540894f3d41c6de83d340f729a2957a40ccaca1e416,-78,,3,64,,3
14:54:57,26.0,3,c6d46e48fdae1eb895e5b38ccfec8567e3e09aedfce331bb4a55c875338edff9,-75,,3,64,12.0,3
14:54:57,26.0,3,c6d46e48fdae1eb895e5b38ccfec8567e3e09aedfce331bb4a55c875338edff9,-67,,3,64,12.0,3
14:54:58,26.0,3,c6d46e48fdae1eb895e5b38ccfec8567e3e09aedfce331bb4a55c875338edff9,-73,,3,64,12.0,3
14:54:59,26.0,3,c6d46e48fdae1eb895e5b38ccfec8567e3e09aedfce331bb4a55c875338edff9,-72,,3,64,12.0,3
14:55:00,26.0,3,c6d46e48fdae1eb895e5b38ccfec8567e3e09aedfce331bb4a55c875338edff9,-79,,3,64,12.0,3
14:55:00,26.0,3,c6d46e48fdae1eb895e5b38ccfec8567e3e09aedfce331bb4a55c875338edff9,-75,,3,64,12.0,3
14:55:01,,3,eafeb14df07a603af5a76540894f3d41c6de83d340f729a2957a40ccaca1e416,-72,,3,64,,3
14:55:02,26.0,3,c6d46e48fdae1eb895e5b38ccfec8567e3e09aedfce331bb4a55c875338edff9,-70,,3,64,12.0,3
14:55:03,26.0,3,c6d46e48fdae1eb895e5b38ccfec8567e3e09aedfce331bb4a55c875338edff9,-72,,3,64,12.0,3
14:55:04,,3,eafeb14df07a603af5a76540894f3d41c6de83d340f729a2957a40ccaca1e416,-69,,3,64,,3
14:55:04,26.0,3,c6d46e48fdae1eb895e5b38ccfec8567e3e09aedfce331bb4a55c875338edff9,-72,,3,64,12.0,3
14:55:05,26.0,3,c6d46e48fdae1eb895e5b38ccfec8567e3e09aedfce331bb4a55c875338edff9,-70,,3,64,12.0,3
14:55:06,26.0,3,c6d46e48fdae1eb895e5b38ccfec8567e3e09aedfce331bb4a55c875338edff9,-63,,3,64,12.0,3
14:55:07,26.0,3,c6d46e48fdae1eb895e5b38ccfec8567e3e09aedfce331bb4a55c875338edff9,-76,,3,64,12.0,3
14:55:08,,3,eafeb14df07a603af5a76540894f3d41c6de83d340f729a2957a40ccaca1e416,-76,,3,64,,3
14:55:08,26.0,3,c6d46e48fdae1eb895e5b38ccfec8567e3e09aedfce331bb4a55c875338edff9,-72,,3,64,12.0,3
14:55:09,26.0,3,c6d46e48fdae1eb895e5b38ccfec8567e3e09aedfce331bb4a55c875338edff9,-65,,3,64,12.0,3
14:55:10,26.0,3,c6d46e48fdae1eb895e5b38ccfec8567e3e09aedfce331bb4a55c875338edff9,-79,,3,64,12.0,3
14:55:11,26.0,3,c6d46e48fdae1eb895e5b38ccfec8567e3e09aedfce331bb4a55c875338edff9,-63,,3,64,12.0,3
14:55:11,,3,eafeb14df07a603af5a76540894f3d41c6de83d340f729a2957a40ccaca1e416,-75,,3,64,,3
14:55:12,26.0,3,c6d46e48fdae1eb895e5b38ccfec8567e3e09aedfce331bb4a55c875338edff9,-68,,3,64,12.0,3
14:55:13,26.0,3,c6d46e48fdae1eb895e5b38ccfec8567e3e09aedfce331bb4a55c875338edff9,-75,,3,64,12.0,3
14:55:14,26.0,3,c6d46e48fdae1eb895e5b38ccfec8567e3e09aedfce331bb4a55c875338edff9,-68,,3,64,12.0,3
14:55:15,26.0,3,c6d46e48fdae1eb895e5b38ccfec8567e3e09aedfce331bb4a55c875338edff9,-64,,3,64,12.0,3
14:55:15,26.0,3,c6d46e48fdae1eb895e5b38ccfec8567e3e09aedfce331bb4a55c875338edff9,-70,,3,64,12.0,3
14:55:16,26.0,3,c6d46e48fdae1eb895e5b38ccfec8567e3e09aedfce331bb4a55c875338edff9,-75,,3,64,12.0,3
14:55:17,26.0,3,c6d46e48fdae1eb895e5b38ccfec8567e3e09aedfce331bb4a55c875338edff9,-72,,3,64,12.0,3
14:55:18,26.0,3,c6d46e48fdae1eb895e5b38ccfec8567e3e09aedfce331bb4a55c875338edff9,-63,,3,64,12.0,3
14:55:19,26.0,3,c6d46e48fdae1eb895e5b38ccfec8567e3e09aedfce331bb4a55c875338edff9,-72,,3,64,12.0,3
14:55:19,26.0,3,c6d46e48fdae1eb895e5b38ccfec8567e3e09aedfce331bb4a55c875338edff9,-65,,3,64,12.0,3
14:55:20,26.0,3,c6d46e48fdae1eb895e5b38ccfec8567e3e09aedfce331bb4a55c875338edff9,-67,,3,64,12.0,3
14:55:21,26.0,3,c6d46e48fdae1eb895e5b38ccfec8567e3e09aedfce331bb4a55c875338edff9,-63,,3,64,12.0,3
14:55:22,,3,eafeb14df07a603af5a76540894f3d41c6de83d340f729a2957a40ccaca1e416,-78,,3,64,,3
14:55:23,26.0,3,c6d46e48fdae1eb895e5b38ccfec8567e3e09aedfce331bb4a55c875338edff9,-65,,3,64,12.0,3
14:55:23,,3,eafeb14df07a603af5a76540894f3d41c6de83d340f729a2957a40ccaca1e416,-59,,3,64,,3
14:55:24,26.0,3,c6d46e48fdae1eb895e5b38ccfec8567e3e09aedfce331bb4a55c875338edff9,-71,,3,64,12.0,3
14:55:25,26.0,3,c6d46e48fdae1eb895e5b38ccfec8567e3e09aedfce331bb4a55c875338edff9,-67,,3,64,12.0,3
14:55:26,26.0,3,c6d46e48fdae1eb895e5b38ccfec8567e3e09aedfce331bb4a55c875338edff9,-60,,3,64,12.0,3
14:55:26,26.0,3,c6d46e48fdae1eb895e5b38ccfec8567e3e09aedfce331bb4a55c875338edff9,-67,,3,64,12.0,3
14:55:27,26.0,3,c6d46e48fdae1eb895e5b38ccfec8567e3e09aedfce331bb4a55c875338edff9,-68,,3,64,12.0,3
14:55:28,26.0,3,c6d46e48fdae1eb895e5b38ccfec8567e3e09aedfce331bb4a55c875338edff9,-62,,3,64,12.0,3
14:55:29,26.0,3,c6d46e48fdae1eb895e5b38ccfec8567e3e09aedfce331bb4a55c875338edff9,-68,,3,64,12.0,3
14:55:30,26.0,3,c6d46e48fdae1eb895e5b38ccfec8567e3e09aedfce331bb4a55c875338edff9,-69,,3,64,12.0,3
14:55:30,26.0,3,c6d46e48fdae1eb895e5b38ccfec8567e3e09aedfce331bb4a55c875338edff9,-65,,3,64,12.0,3
14:55:31,26.0,3,c6d46e48fdae1eb895e5b38ccfec8567e3e09aedfce331bb4a55c875338edff9,-73,,3,64,12.0,3
14:55:32,26.0,3,c6d46e48fdae1eb895e5b38ccfec8567e3e09aedfce331bb4a55c875338edff9,-61,,3,64,12.0,3
14:55:33,26.0,3,c6d46e48fdae1eb895e5b38ccfec8567e3e09aedfce331bb4a55c875338edff9,-73,,3,64,12.0,3
14:55:34,26.0,3,c6d46e48fdae1eb895e5b38ccfec8567e3e09aedfce331bb4a55c875338edff9,-63,,3,64,12.0,3
14:55:34,26.0,3,c6d46e48fdae1eb895e5b38ccfec8567e3e09aedfce331bb4a55c875338edff9,-64,,3,64,12.0,3
14:55:35,26.0,3,c6d46e48fdae1eb895e5b38ccfec8567e3e09aedfce331bb4a55c875338edff9,-61,,3,64,12.0,3
14:55:36,26.0,3,c6d46e48fdae1eb895e5b38ccfec8567e3e09aedfce331bb4a55c875338edff9,-62,,3,64,12.0,3
14:55:37,26.0,3,c6d46e48fdae1eb895e5b38ccfec8567e3e09aedfce331bb4a55c875338edff9,-62,,3,64,12.0,3
14:55:38,26.0,3,c6d46e48fdae1eb895e5b38ccfec8567e3e09aedfce331bb4a55c875338edff9,-62,,3,64,12.0,3
14:55:38,26.0,3,c6d46e48fdae1eb895e5b38ccfec8567e3e09aedfce331bb4a55c875338edff9,-64,,3,64,12.0,3
14:55:39,26.0,3,c6d46e48fdae1eb895e5b38ccfec8567e3e09aedfce331bb4a55c875338edff9,-61,,3,64,12.0,3
14:55:40,26.0,3,c6d46e48fdae1eb895e5b38ccfec8567e3e09aedfce331bb4a55c875338edff9,-66,,3,64,12.0,3
14:55:41,26.0,3,c6d46e48fdae1eb895e5b38ccfec8567e3e09aedfce331bb4a55c875338edff9,-63,,3,64,12.0,3
14:55:42,26.0,3,c6d46e48fdae1eb895e5b38ccfec8567e3e09aedfce331bb4a55c875338edff9,-64,,3,64,12.0,3
14:55:42,26.0,3,c6d46e48fdae1eb895e5b38ccfec8567e3e09aedfce331bb4a55c875338edff9,-63,,3,64,12.0,3
14:55:43,26.0,3,c6d46e48fdae1eb895e5b38ccfec8567e3e09aedfce331bb4a55c875338edff9,-64,,3,64,12.0,3
14:55:44,26.0,3,c6d46e48fdae1eb895e5b38ccfec8567e3e09aedfce331bb4a55c875338edff9,-63,,3,64,12.0,3
14:55:45,26.0,3,c6d46e48fdae1eb895e5b38ccfec8567e3e09aedfce331bb4a55c875338edff9,-62,,3,64,12.0,3
14:55:45,26.0,3,c6d46e48fdae1eb895e5b38ccfec8567e3e09aedfce331bb4a55c875338edff9,-67,,3,64,12.0,3
14:55:46,26.0,3,c6d46e48fdae1eb895e5b38ccfec8567e3e09aedfce331bb4a55c875338edff9,-65,,3,64,12.0,3
14:55:47,26.0,3,c6d46e48fdae1eb895e5b38ccfec8567e3e09aedfce331bb4a55c875338edff9,-60,,3,64,12.0,3
14:55:48,26.0,3,c6d46e48fdae1eb895e5b38ccfec8567e3e09aedfce331bb4a55c875338edff9,-64,,3,64,12.0,3
14:55:49,26.0,3,c6d46e48fdae1eb895e5b38ccfec8567e3e09aedfce331bb4a55c875338edff9,-58,,3,64,12.0,3
14:55:49,26.0,3,c6d46e48fdae1eb895e5b38ccfec8567e3e09aedfce331bb4a55c875338edff9,-63,,3,64,12.0,3
14:55:50,26.0,3,c6d46e48fdae1eb895e5b38ccfec8567e3e09aedfce331bb4a55c875338edff9,-60,,3,64,12.0,3
14:55:51,26.0,3,c6d46e48fdae1eb895e5b38ccfec8567e3e09aedfce331bb4a55c875338edff9,-66,,3,64,12.0,3
14:55:52,,3,eafeb14df07a603af5a76540894f3d41c6de83d340f729a2957a40ccaca1e416,-63,,3,64,,3
14:55:53,26.0,3,c6d46e48fdae1eb895e5b38ccfec8567e3e09aedfce331bb4a55c875338edff9,-64,,3,64,12.0,3
14:55:53,26.0,3,c6d46e48fdae1eb895e5b38ccfec8567e3e09aedfce331bb4a55c875338edff9,-64,,3,64,12.0,3
14:55:54,26.0,3,c6d46e48fdae1eb895e5b38ccfec8567e3e09aedfce331bb4a55c875338edff9,-72,,3,64,12.0,3
14:55:55,26.0,3,c6d46e48fdae1eb895e5b38ccfec8567e3e09aedfce331bb4a55c875338edff9,-75,,3,64,12.0,3
14:55:56,,3,eafeb14df07a603af5a76540894f3d41c6de83d340f729a2957a40ccaca1e416,-66,,3,64,,3
14:55:57,26.0,3,c6d46e48fdae1eb895e5b38ccfec8567e3e09aedfce331bb4a55c875338edff9,-78,,3,64,12.0,3
14:55:57,26.0,3,c6d46e48fdae1eb895e5b38ccfec8567e3e09aedfce331bb4a55c875338edff9,-68,,3,64,12.0,3
14:55:58,26.0,3,c6d46e48fdae1eb895e5b38ccfec8567e3e09aedfce331bb4a55c875338edff9,-78,,3,64,12.0,3
14:55:59,26.0,3,c6d46e48fdae1eb895e5b38ccfec8567e3e09aedfce331bb4a55c875338edff9,-69,,3,64,12.0,3
14:56:00,26.0,3,c6d46e48fdae1eb895e5b38ccfec8567e3e09aedfce331bb4a55c875338edff9,-83,,3,64,12.0,3
14:56:00,26.0,3,c6d46e48fdae1eb895e5b38ccfec8567e3e09aedfce331bb4a55c875338edff9,-70,,3,64,12.0,3
14:56:01,26.0,3,c6d46e48fdae1eb895e5b38ccfec8567e3e09aedfce331bb4a55c875338edff9,-65,,3,64,12.0,3
14:56:02,26.0,3,c6d46e48fdae1eb895e5b38ccfec8567e3e09aedfce331bb4a55c875338edff9,-69,,3,64,12.0,3
14:56:03,26.0,3,c6d46e48fdae1eb895e5b38ccfec8567e3e09aedfce331bb4a55c875338edff9,-68,,3,64,12.0,3
14:56:04,,3,eafeb14df07a603af5a76540894f3d41c6de83d340f729a2957a40ccaca1e416,-65,,3,64,,3
14:56:04,26.0,3,c6d46e48fdae1eb895e5b38ccfec8567e3e09aedfce331bb4a55c875338edff9,-79,,3,64,12.0,3
14:56:05,26.0,3,c6d46e48fdae1eb895e5b38ccfec8567e3e09aedfce331bb4a55c875338edff9,-67,,3,64,12.0,3
14:56:06,26.0,3,c6d46e48fdae1eb895e5b38ccfec8567e3e09aedfce331bb4a55c875338edff9,-80,,3,64,12.0,3
14:56:07,26.0,3,c6d46e48fdae1eb895e5b38ccfec8567e3e09aedfce331bb4a55c875338edff9,-66,,3,64,12.0,3
14:56:08,,3,eafeb14df07a603af5a76540894f3d41c6de83d340f729a2957a40ccaca1e416,-79,,3,64,,3
14:56:08,26.0,3,c6d46e48fdae1eb895e5b38ccfec8567e3e09aedfce331bb4a55c875338edff9,-66,,3,64,12.0,3
14:56:09,26.0,3,c6d46e48fdae1eb895e5b38ccfec8567e3e09aedfce331bb4a55c875338edff9,-71,,3,64,12.0,3
14:56:10,26.0,3,c6d46e48fdae1eb895e5b38ccfec8567e3e09aedfce331bb4a55c875338edff9,-79,,3,64,12.0,3
14:56:11,26.0,3,c6d46e48fdae1eb895e5b38ccfec8567e3e09aedfce331bb4a55c875338edff9,-71,,3,64,12.0,3
14:56:12,,3,eafeb14df07a603af5a76540894f3d41c6de83d340f729a2957a40ccaca1e416,-69,,3,64,,3
14:56:12,26.0,3,c6d46e48fdae1eb895e5b38ccfec8567e3e09aedfce331bb4a55c875338edff9,-67,,3,64,12.0,3
14:56:13,26.0,3,c6d46e48fdae1eb895e5b38ccfec8567e3e09aedfce331bb4a55c875338edff9,-78,,3,64,12.0,3
14:56:14,26.0,3,c6d46e48fdae1eb895e5b38ccfec8567e3e09aedfce331bb4a55c875338edff9,-68,,3,64,12.0,3
14:56:15,26.0,3,c6d46e48fdae1eb895e5b38ccfec8567e3e09aedfce331bb4a55c875338edff9,-78,,3,64,12.0,3
14:56:15,26.0,3,c6d46e48fdae1eb895e5b38ccfec8567e3e09aedfce331bb4a55c875338edff9,-71,,3,64,12.0,3
14:56:16,26.0,3,c6d46e48fdae1eb895e5b38ccfec8567e3e09aedfce331bb4a55c875338edff9,-76,,3,64,12.0,3
14:56:17,26.0,3,c6d46e48fdae1eb895e5b38ccfec8567e3e09aedfce331bb4a55c875338edff9,-70,,3,64,12.0,3
14:56:18,26.0,3,c6d46e48fdae1eb895e5b38ccfec8567e3e09aedfce331bb4a55c875338edff9,-68,,3,64,12.0,3
14:56:19,26.0,3,c6d46e48fdae1eb895e5b38ccfec8567e3e09aedfce331bb4a55c875338edff9,-86,,3,64,12.0,3
14:56:19,26.0,3,c6d46e48fdae1eb895e5b38ccfec8567e3e09aedfce331bb4a55c875338edff9,-68,,3,64,12.0,3
14:56:20,26.0,3,c6d46e48fdae1eb895e5b38ccfec8567e3e09aedfce331bb4a55c875338edff9,-81,,3,64,12.0,3
14:56:21,26.0,3,c6d46e48fdae1eb895e5b38ccfec8567e3e09aedfce331bb4a55c875338edff9,-67,,3,64,12.0,3
14:56:22,26.0,3,c6d46e48fdae1eb895e5b38ccfec8567e3e09aedfce331bb4a55c875338edff9,-85,,3,64,12.0,3
14:56:23,26.0,3,c6d46e48fdae1eb895e5b38ccfec8567e3e09aedfce331bb4a55c875338edff9,-67,,3,64,12.0,3
14:56:23,26.0,3,c6d46e48fdae1eb895e5b38ccfec8567e3e09aedfce331bb4a55c875338edff9,-83,,3,64,12.0,3
14:56:24,26.0,3,c6d46e48fdae1eb895e5b38ccfec8567e3e09aedfce331bb4a55c875338edff9,-68,,3,64,12.0,3
14:56:25,26.0,3,c6d46e48fdae1eb895e5b38ccfec8567e3e09aedfce331bb4a55c875338edff9,-86,,3,64,12.0,3
14:56:26,26.0,3,c6d46e48fdae1eb895e5b38ccfec8567e3e09aedfce331bb4a55c875338edff9,-70,,3,64,12.0,3
14:56:27,26.0,3,c6d46e48fdae1eb895e5b38ccfec8567e3e09aedfce331bb4a55c875338edff9,-83,,3,64,12.0,3
14:56:27,26.0,3,c6d46e48fdae1eb895e5b38ccfec8567e3e09aedfce331bb4a55c875338edff9,-81,,3,64,12.0,3
14:56:28,26.0,3,c6d46e48fdae1eb895e5b38ccfec8567e3e09aedfce331bb4a55c875338edff9,-63,,3,64,12.0,3
14:56:29,26.0,3,c6d46e48fdae1eb895e5b38ccfec8567e3e09aedfce331bb4a55c875338edff9,-72,,3,64,12.0,3
14:56:30,26.0,3,c6d46e48fdae1eb895e5b38ccfec8567e3e09aedfce331bb4a55c875338edff9,-78,,3,64,12.0,3
14:56:30,26.0,3,c6d46e48fdae1eb895e5b38ccfec8567e3e09aedfce331bb4a55c875338edff9,-71,,3,64,12.0,3
14:56:31,26.0,3,c6d46e48fdae1eb895e5b38ccfec8567e3e09aedfce331bb4a55c875338edff9,-64,,3,64,12.0,3
14:56:32,26.0,3,c6d46e48fdae1eb895e5b38ccfec8567e3e09aedfce331bb4a55c875338edff9,-62,,3,64,12.0,3
14:56:33,26.0,3,c6d46e48fdae1eb895e5b38ccfec8567e3e09aedfce331bb4a55c875338edff9,-76,,3,64,12.0,3
14:56:34,26.0,3,c6d46e48fdae1eb895e5b38ccfec8567e3e09aedfce331bb4a55c875338edff9,-64,,3,64,12.0,3
14:56:34,26.0,3,c6d46e48fdae1eb895e5b38ccfec8567e3e09aedfce331bb4a55c875338edff9,-67,,3,64,12.0,3
14:56:35,26.0,3,c6d46e48fdae1eb895e5b38ccfec8567e3e09aedfce331bb4a55c875338edff9,-67,,3,64,12.0,3
14:56:36,26.0,3,c6d46e48fdae1eb895e5b38ccfec8567e3e09aedfce331bb4a55c875338edff9,-69,,3,64,12.0,3
14:56:37,26.0,3,c6d46e48fdae1eb895e5b38ccfec8567e3e09aedfce331bb4a55c875338edff9,-66,,3,64,12.0,3
14:56:38,26.0,3,c6d46e48fdae1eb895e5b38ccfec8567e3e09aedfce331bb4a55c875338edff9,-69,,3,64,12.0,3
14:56:38,26.0,3,c6d46e48fdae1eb895e5b38ccfec8567e3e09aedfce331bb4a55c875338edff9,-63,,3,64,12.0,3
14:56:39,26.0,3,c6d46e48fdae1eb895e5b38ccfec8567e3e09aedfce331bb4a55c875338edff9,-67,,3,64,12.0,3
14:56:40,26.0,3,c6d46e48fdae1eb895e5b38ccfec8567e3e09aedfce331bb4a55c875338edff9,-65,,3,64,12.0,3
14:56:41,26.0,3,c6d46e48fdae1eb895e5b38ccfec8567e3e09aedfce331bb4a55c875338edff9,-68,,3,64,12.0,3
14:56:42,26.0,3,c6d46e48fdae1eb895e5b38ccfec8567e3e09aedfce331bb4a55c875338edff9,-67,,3,64,12.0,3
14:56:42,26.0,3,c6d46e48fdae1eb895e5b38ccfec8567e3e09aedfce331bb4a55c875338edff9,-64,,3,64,12.0,3
14:56:43,26.0,3,c6d46e48fdae1eb895e5b38ccfec8567e3e09aedfce331bb4a55c875338edff9,-68,,3,64,12.0,3
14:56:44,26.0,3,c6d46e48fdae1eb895e5b38ccfec8567e3e09aedfce331bb4a55c875338edff9,-65,,3,64,12.0,3
14:56:45,26.0,3,c6d46e48fdae1eb895e5b38ccfec8567e3e09aedfce331bb4a55c875338edff9,-68,,3,64,12.0,3
14:56:46,26.0,3,c6d46e48fdae1eb895e5b38ccfec8567e3e09aedfce331bb4a55c875338edff9,-59,,3,64,12.0,3
14:56:46,26.0,3,c6d46e48fdae1eb895e5b38ccfec8567e3e09aedfce331bb4a55c875338edff9,-67,,3,64,12.0,3
14:56:47,26.0,3,c6d46e48fdae1eb895e5b38ccfec8567e3e09aedfce331bb4a55c875338edff9,-69,,3,64,12.0,3
14:56:48,26.0,3,c6d46e48fdae1eb895e5b38ccfec8567e3e09aedfce331bb4a55c875338edff9,-67,,3,64,12.0,3
14:56:49,26.0,3,c6d46e48fdae1eb895e5b38ccfec8567e3e09aedfce331bb4a55c875338edff9,-69,,3,64,12.0,3
14:56:49,26.0,3,c6d46e48fdae1eb895e5b38ccfec8567e3e09aedfce331bb4a55c875338edff9,-64,,3,64,12.0,3
14:56:50,26.0,3,c6d46e48fdae1eb895e5b38ccfec8567e3e09aedfce331bb4a55c875338edff9,-66,,3,64,12.0,3
14:56:51,26.0,3,c6d46e48fdae1eb895e5b38ccfec8567e3e09aedfce331bb4a55c875338edff9,-65,,3,64,12.0,3
14:56:52,,3,9cd74b265a2a63157db38d8fbda36857e0ecc1241a5be129364ca032cf4c7f2b,-91,,3,64,,3
14:56:53,,3,eafeb14df07a603af5a76540894f3d41c6de83d340f729a2957a40ccaca1e416,-71,,3,64,,3
14:56:53,,3,9cd74b265a2a63157db38d8fbda36857e0ecc1241a5be129364ca032cf4c7f2b,-78,,3,64,,3
14:56:54,26.0,3,c6d46e48fdae1eb895e5b38ccfec8567e3e09aedfce331bb4a55c875338edff9,-68,,3,64,12.0,3
14:56:55,26.0,3,c6d46e48fdae1eb895e5b38ccfec8567e3e09aedfce331bb4a55c875338edff9,-76,,3,64,12.0,3
14:56:56,,3,9cd74b265a2a63157db38d8fbda36857e0ecc1241a5be129364ca032cf4c7f2b,-81,,3,64,,3
14:56:57,26.0,3,c6d46e48fdae1eb895e5b38ccfec8567e3e09aedfce331bb4a55c875338edff9,-75,,3,64,12.0,3
14:56:57,,3,9cd74b265a2a63157db38d8fbda36857e0ecc1241a5be129364ca032cf4c7f2b,-85,,3,64,,3
14:56:58,26.0,3,c6d46e48fdae1eb895e5b38ccfec8567e3e09aedfce331bb4a55c875338edff9,-65,,3,64,12.0,3
14:56:59,26.0,3,c6d46e48fdae1eb895e5b38ccfec8567e3e09aedfce331bb4a55c875338edff9,-67,,3,64,12.0,3
14:57:00,26.0,3,c6d46e48fdae1eb895e5b38ccfec8567e3e09aedfce331bb4a55c875338edff9,-74,,3,64,12.0,3
14:57:01,,3,608067a096fbd2611044d8ba466676a387fc17e1e598fc20ca95e244b65bef4b,-84,,3,64,,3
14:57:01,,3,9cd74b265a2a63157db38d8fbda36857e0ecc1241a5be129364ca032cf4c7f2b,-73,,3,64,,3
14:57:02,26.0,3,fffc35b6edf10c8b8d860461510b38a5bc4863e8e1d034552812badf24e5bb5f,-92,,3,64,7.0,3
14:57:03,,3,9cd74b265a2a63157db38d8fbda36857e0ecc1241a5be129364ca032cf4c7f2b,-63,,3,64,,3
14:57:04,,3,eafeb14df07a603af5a76540894f3d41c6de83d340f729a2957a40ccaca1e416,-68,,3,64,,3
14:57:05,26.0,3,6994b692c4ee039e2c0446f80b95d5d737260a5768715e33bcaba1dad7df9295,-89,,3,64,8.0,3
14:57:05,,3,9cd74b265a2a63157db38d8fbda36857e0ecc1241a5be129364ca032cf4c7f2b,-68,,3,64,,3
14:57:06,26.0,3,6994b692c4ee039e2c0446f80b95d5d737260a5768715e33bcaba1dad7df9295,-86,,3,64,8.0,3
14:57:07,26.0,3,6994b692c4ee039e2c0446f80b95d5d737260a5768715e33bcaba1dad7df9295,-86,,3,64,8.0,3
14:57:08,,3,eafeb14df07a603af5a76540894f3d41c6de83d340f729a2957a40ccaca1e416,-65,,3,64,,3
14:57:09,,3,eafeb14df07a603af5a76540894f3d41c6de83d340f729a2957a40ccaca1e416,-67,,3,64,,3
14:57:09,,3,eafeb14df07a603af5a76540894f3d41c6de83d340f729a2957a40ccaca1e416,-73,,3,64,,3
14:57:10,26.0,3,6994b692c4ee039e2c0446f80b95d5d737260a5768715e33bcaba1dad7df9295,-95,,3,64,8.0,3
14:57:11,,3,eafeb14df07a603af5a76540894f3d41c6de83d340f729a2957a40ccaca1e416,-65,,3,64,,3
14:57:12,,3,eafeb14df07a603af5a76540894f3d41c6de83d340f729a2957a40ccaca1e416,-64,,3,64,,3
14:57:13,26.0,3,6994b692c4ee039e2c0446f80b95d5d737260a5768715e33bcaba1dad7df9295,-93,,3,64,8.0,3
14:57:13,26.0,3,c6d46e48fdae1eb895e5b38ccfec8567e3e09aedfce331bb4a55c875338edff9,-71,,3,64,12.0,3
14:57:14,26.0,3,c6d46e48fdae1eb895e5b38ccfec8567e3e09aedfce331bb4a55c875338edff9,-67,,3,64,12.0,3
14:57:15,26.0,3,c6d46e48fdae1eb895e5b38ccfec8567e3e09aedfce331bb4a55c875338edff9,-86,,3,64,12.0,3
14:57:16,26.0,3,c6d46e48fdae1eb895e5b38ccfec8567e3e09aedfce331bb4a55c875338edff9,-64,,3,64,12.0,3
14:57:16,26.0,3,c6d46e48fdae1eb895e5b38ccfec8567e3e09aedfce331bb4a55c875338edff9,-76,,3,64,12.0,3
14:57:17,26.0,3,c6d46e48fdae1eb895e5b38ccfec8567e3e09aedfce331bb4a55c875338edff9,-65,,3,64,12.0,3
14:57:18,26.0,3,c6d46e48fdae1eb895e5b38ccfec8567e3e09aedfce331bb4a55c875338edff9,-64,,3,64,12.0,3
14:57:19,26.0,3,c6d46e48fdae1eb895e5b38ccfec8567e3e09aedfce331bb4a55c875338edff9,-70,,3,64,12.0,3
14:57:20,26.0,3,c6d46e48fdae1eb895e5b38ccfec8567e3e09aedfce331bb4a55c875338edff9,-73,,3,64,12.0,3
14:57:20,26.0,3,c6d46e48fdae1eb895e5b38ccfec8567e3e09aedfce331bb4a55c875338edff9,-81,,3,64,12.0,3
14:57:21,26.0,3,c6d46e48fdae1eb895e5b38ccfec8567e3e09aedfce331bb4a55c875338edff9,-71,,3,64,12.0,3
14:57:22,26.0,3,c6d46e48fdae1eb895e5b38ccfec8567e3e09aedfce331bb4a55c875338edff9,-72,,3,64,12.0,3
14:57:23,26.0,3,c6d46e48fdae1eb895e5b38ccfec8567e3e09aedfce331bb4a55c875338edff9,-76,,3,64,12.0,3
14:57:24,26.0,3,c6d46e48fdae1eb895e5b38ccfec8567e3e09aedfce331bb4a55c875338edff9,-68,,3,64,12.0,3
14:57:24,26.0,3,c6d46e48fdae1eb895e5b38ccfec8567e3e09aedfce331bb4a55c875338edff9,-69,,3,64,12.0,3
14:57:25,,3,9cd74b265a2a63157db38d8fbda36857e0ecc1241a5be129364ca032cf4c7f2b,-73,,3,64,,3
14:57:26,26.0,3,c6d46e48fdae1eb895e5b38ccfec8567e3e09aedfce331bb4a55c875338edff9,-80,,3,64,12.0,3
14:57:27,26.0,3,c6d46e48fdae1eb895e5b38ccfec8567e3e09aedfce331bb4a55c875338edff9,-65,,3,64,12.0,3
14:57:28,26.0,3,c6d46e48fdae1eb895e5b38ccfec8567e3e09aedfce331bb4a55c875338edff9,-80,,3,64,12.0,3
14:57:28,26.0,3,c6d46e48fdae1eb895e5b38ccfec8567e3e09aedfce331bb4a55c875338edff9,-72,,3,64,12.0,3
14:57:29,26.0,3,c6d46e48fdae1eb895e5b38ccfec8567e3e09aedfce331bb4a55c875338edff9,-76,,3,64,12.0,3
14:57:30,,3,9cd74b265a2a63157db38d8fbda36857e0ecc1241a5be129364ca032cf4c7f2b,-72,,3,64,,3
14:57:31,26.0,3,c6d46e48fdae1eb895e5b38ccfec8567e3e09aedfce331bb4a55c875338edff9,-64,,3,64,12.0,3
14:57:32,26.0,3,c6d46e48fdae1eb895e5b38ccfec8567e3e09aedfce331bb4a55c875338edff9,-61,,3,64,12.0,3
14:57:32,26.0,3,c6d46e48fdae1eb895e5b38ccfec8567e3e09aedfce331bb4a55c875338edff9,-69,,3,64,12.0,3
14:57:33,26.0,3,c6d46e48fdae1eb895e5b38ccfec8567e3e09aedfce331bb4a55c875338edff9,-69,,3,64,12.0,3
14:57:34,,3,9cd74b265a2a63157db38d8fbda36857e0ecc1241a5be129364ca032cf4c7f2b,-69,,3,64,,3
14:57:35,26.0,3,c6d46e48fdae1eb895e5b38ccfec8567e3e09aedfce331bb4a55c875338edff9,-67,,3,64,12.0,3
14:57:36,,3,9cd74b265a2a63157db38d8fbda36857e0ecc1241a5be129364ca032cf4c7f2b,-75,,3,64,,3
14:57:36,26.0,3,c6d46e48fdae1eb895e5b38ccfec8567e3e09aedfce331bb4a55c875338edff9,-65,,3,64,12.0,3
14:57:37,26.0,3,c6d46e48fdae1eb895e5b38ccfec8567e3e09aedfce331bb4a55c875338edff9,-65,,3,64,12.0,3
14:57:38,,3,9cd74b265a2a63157db38d8fbda36857e0ecc1241a5be129364ca032cf4c7f2b,-66,,3,64,,3
14:57:39,26.0,3,c6d46e48fdae1eb895e5b38ccfec8567e3e09aedfce331bb4a55c875338edff9,-73,,3,64,12.0,3
14:57:40,,3,9cd74b265a2a63157db38d8fbda36857e0ecc1241a5be129364ca032cf4c7f2b,-71,,3,64,,3
14:57:40,26.0,3,c6d46e48fdae1eb895e5b38ccfec8567e3e09aedfce331bb4a55c875338edff9,-64,,3,64,12.0,3
14:57:41,26.0,3,c6d46e48fdae1eb895e5b38ccfec8567e3e09aedfce331bb4a55c875338edff9,-69,,3,64,12.0,3
14:57:42,26.0,3,c6d46e48fdae1eb895e5b38ccfec8567e3e09aedfce331bb4a55c875338edff9,-62,,3,64,12.0,3
14:57:43,26.0,3,c6d46e48fdae1eb895e5b38ccfec8567e3e09aedfce331bb4a55c875338edff9,-79,,3,64,12.0,3
14:57:44,26.0,3,c6d46e48fdae1eb895e5b38ccfec8567e3e09aedfce331bb4a55c875338edff9,-68,,3,64,12.0,3
14:57:44,26.0,3,c6d46e48fdae1eb895e5b38ccfec8567e3e09aedfce331bb4a55c875338edff9,-76,,3,64,12.0,3
14:57:45,26.0,3,c6d46e48fdae1eb895e5b38ccfec8567e3e09aedfce331bb4a55c875338edff9,-71,,3,64,12.0,3
14:57:46,,3,9cd74b265a2a63157db38d8fbda36857e0ecc1241a5be129364ca032cf4c7f2b,-75,,3,64,,3
14:57:47,26.0,3,c6d46e48fdae1eb895e5b38ccfec8567e3e09aedfce331bb4a55c875338edff9,-73,,3,64,12.0,3
14:57:47,,3,9cd74b265a2a63157db38d8fbda36857e0ecc1241a5be129364ca032cf4c7f2b,-75,,3,64,,3
14:57:48,26.0,3,c6d46e48fdae1eb895e5b38ccfec8567e3e09aedfce331bb4a55c875338edff9,-66,,3,64,12.0,3
14:57:49,,3,9cd74b265a2a63157db38d8fbda36857e0ecc1241a5be129364ca032cf4c7f2b,-71,,3,64,,3
14:57:50,,3,eafeb14df07a603af5a76540894f3d41c6de83d340f729a2957a40ccaca1e416,-78,,3,64,,3
14:57:51,26.0,3,c6d46e48fdae1eb895e5b38ccfec8567e3e09aedfce331bb4a55c875338edff9,-73,,3,64,12.0,3
14:57:51,,3,9cd74b265a2a63157db38d8fbda36857e0ecc1241a5be129364ca032cf4c7f2b,-58,,3,64,,3
14:57:52,26.0,3,c6d46e48fdae1eb895e5b38ccfec8567e3e09aedfce331bb4a55c875338edff9,-76,,3,64,12.0,3
14:57:53,26.0,3,c6d46e48fdae1eb895e5b38ccfec8567e3e09aedfce331bb4a55c875338edff9,-76,,3,64,12.0,3
14:57:54,26.0,3,c6d46e48fdae1eb895e5b38ccfec8567e3e09aedfce331bb4a55c875338edff9,-77,,3,64,12.0,3
14:57:55,26.0,3,c6d46e48fdae1eb895e5b38ccfec8567e3e09aedfce331bb4a55c875338edff9,-72,,3,64,12.0,3
14:57:55,26.0,3,c6d46e48fdae1eb895e5b38ccfec8567e3e09aedfce331bb4a55c875338edff9,-76,,3,64,12.0,3
14:57:56,26.0,3,c6d46e48fdae1eb895e5b38ccfec8567e3e09aedfce331bb4a55c875338edff9,-69,,3,64,12.0,3
14:57:57,,3,c33ef7dea9b096764d7c31a98a074846f5ba30f06310fabb933cb8376af154d2,-89,,3,64,,3
14:57:58,26.0,3,c8d14cfcd7987b476d3c465e902b95e43ec7853b99f6b202b2bc659ad55c1b3a,-65,,3,64,12.0,3
14:57:59,26.0,3,c8d14cfcd7987b476d3c465e902b95e43ec7853b99f6b202b2bc659ad55c1b3a,-75,,3,64,12.0,3
14:57:59,,3,c33ef7dea9b096764d7c31a98a074846f5ba30f06310fabb933cb8376af154d2,-96,,3,64,,3
14:58:00,26.0,3,c8d14cfcd7987b476d3c465e902b95e43ec7853b99f6b202b2bc659ad55c1b3a,-64,,3,64,12.0,3
14:58:01,26.0,3,c8d14cfcd7987b476d3c465e902b95e43ec7853b99f6b202b2bc659ad55c1b3a,-71,,3,64,12.0,3
14:58:02,26.0,3,c8d14cfcd7987b476d3c465e902b95e43ec7853b99f6b202b2bc659ad55c1b3a,-68,,3,64,12.0,3
14:58:03,26.0,3,c8d14cfcd7987b476d3c465e902b95e43ec7853b99f6b202b2bc659ad55c1b3a,-66,,3,64,12.0,3
14:58:03,26.0,3,c8d14cfcd7987b476d3c465e902b95e43ec7853b99f6b202b2bc659ad55c1b3a,-72,,3,64,12.0,3
14:58:04,26.0,3,c8d14cfcd7987b476d3c465e902b95e43ec7853b99f6b202b2bc659ad55c1b3a,-68,,3,64,12.0,3
14:58:05,26.0,3,c8d14cfcd7987b476d3c465e902b95e43ec7853b99f6b202b2bc659ad55c1b3a,-74,,3,64,12.0,3
14:58:06,26.0,3,c8d14cfcd7987b476d3c465e902b95e43ec7853b99f6b202b2bc659ad55c1b3a,-61,,3,64,12.0,3
14:58:07,26.0,3,c8d14cfcd7987b476d3c465e902b95e43ec7853b99f6b202b2bc659ad55c1b3a,-72,,3,64,12.0,3
14:58:07,26.0,3,c8d14cfcd7987b476d3c465e902b95e43ec7853b99f6b202b2bc659ad55c1b3a,-68,,3,64,12.0,3
14:58:08,,3,eafeb14df07a603af5a76540894f3d41c6de83d340f729a2957a40ccaca1e416,-84,,3,64,,3
14:58:09,26.0,3,c8d14cfcd7987b476d3c465e902b95e43ec7853b99f6b202b2bc659ad55c1b3a,-68,,3,64,12.0,3
14:58:10,,3,eafeb14df07a603af5a76540894f3d41c6de83d340f729a2957a40ccaca1e416,-68,,3,64,,3
14:58:11,26.0,3,c8d14cfcd7987b476d3c465e902b95e43ec7853b99f6b202b2bc659ad55c1b3a,-87,,3,64,12.0,3
14:58:11,,3,eafeb14df07a603af5a76540894f3d41c6de83d340f729a2957a40ccaca1e416,-89,,3,64,,3
14:58:12,26.0,3,c8d14cfcd7987b476d3c465e902b95e43ec7853b99f6b202b2bc659ad55c1b3a,-75,,3,64,12.0,3
14:58:13,26.0,3,c8d14cfcd7987b476d3c465e902b95e43ec7853b99f6b202b2bc659ad55c1b3a,-69,,3,64,12.0,3
14:58:14,26.0,3,c8d14cfcd7987b476d3c465e902b95e43ec7853b99f6b202b2bc659ad55c1b3a,-78,,3,64,12.0,3
14:58:15,,3,eafeb14df07a603af5a76540894f3d41c6de83d340f729a2957a40ccaca1e416,-72,,3,64,,3
14:58:15,26.0,3,c8d14cfcd7987b476d3c465e902b95e43ec7853b99f6b202b2bc659ad55c1b3a,-74,,3,64,12.0,3
14:58:16,26.0,3,c8d14cfcd7987b476d3c465e902b95e43ec7853b99f6b202b2bc659ad55c1b3a,-73,,3,64,12.0,3
14:58:17,26.0,3,c8d14cfcd7987b476d3c465e902b95e43ec7853b99f6b202b2bc659ad55c1b3a,-63,,3,64,12.0,3
14:58:18,26.0,3,c8d14cfcd7987b476d3c465e902b95e43ec7853b99f6b202b2bc659ad55c1b3a,-70,,3,64,12.0,3
14:58:19,26.0,3,c8d14cfcd7987b476d3c465e902b95e43ec7853b99f6b202b2bc659ad55c1b3a,-76,,3,64,12.0,3
14:58:19,26.0,3,c8d14cfcd7987b476d3c465e902b95e43ec7853b99f6b202b2bc659ad55c1b3a,-74,,3,64,12.0,3
14:58:20,26.0,3,c8d14cfcd7987b476d3c465e902b95e43ec7853b99f6b202b2bc659ad55c1b3a,-74,,3,64,12.0,3
14:58:21,26.0,3,c8d14cfcd7987b476d3c465e902b95e43ec7853b99f6b202b2bc659ad55c1b3a,-75,,3,64,12.0,3
14:58:22,26.0,3,c8d14cfcd7987b476d3c465e902b95e43ec7853b99f6b202b2bc659ad55c1b3a,-66,,3,64,12.0,3
14:58:22,26.0,3,c8d14cfcd7987b476d3c465e902b95e43ec7853b99f6b202b2bc659ad55c1b3a,-78,,3,64,12.0,3
14:58:23,26.0,3,c8d14cfcd7987b476d3c465e902b95e43ec7853b99f6b202b2bc659ad55c1b3a,-67,,3,64,12.0,3
14:58:24,,3,eafeb14df07a603af5a76540894f3d41c6de83d340f729a2957a40ccaca1e416,-72,,3,64,,3
14:58:25,26.0,3,c8d14cfcd7987b476d3c465e902b95e43ec7853b99f6b202b2bc659ad55c1b3a,-68,,3,64,12.0,3
14:58:26,26.0,3,c8d14cfcd7987b476d3c465e902b95e43ec7853b99f6b202b2bc659ad55c1b3a,-74,,3,64,12.0,3
14:58:26,26.0,3,c8d14cfcd7987b476d3c465e902b95e43ec7853b99f6b202b2bc659ad55c1b3a,-74,,3,64,12.0,3
14:58:27,26.0,3,c8d14cfcd7987b476d3c465e902b95e43ec7853b99f6b202b2bc659ad55c1b3a,-65,,3,64,12.0,3
14:58:28,26.0,3,c8d14cfcd7987b476d3c465e902b95e43ec7853b99f6b202b2bc659ad55c1b3a,-68,,3,64,12.0,3
14:58:29,26.0,3,c8d14cfcd7987b476d3c465e902b95e43ec7853b99f6b202b2bc659ad55c1b3a,-65,,3,64,12.0,3
14:58:30,26.0,3,c8d14cfcd7987b476d3c465e902b95e43ec7853b99f6b202b2bc659ad55c1b3a,-66,,3,64,12.0,3
14:58:30,,3,eafeb14df07a603af5a76540894f3d41c6de83d340f729a2957a40ccaca1e416,-71,,3,64,,3
14:58:31,26.0,3,c8d14cfcd7987b476d3c465e902b95e43ec7853b99f6b202b2bc659ad55c1b3a,-67,,3,64,12.0,3
14:58:32,26.0,3,c8d14cfcd7987b476d3c465e902b95e43ec7853b99f6b202b2bc659ad55c1b3a,-71,,3,64,12.0,3
14:58:33,26.0,3,c8d14cfcd7987b476d3c465e902b95e43ec7853b99f6b202b2bc659ad55c1b3a,-72,,3,64,12.0,3
14:58:34,26.0,3,c8d14cfcd7987b476d3c465e902b95e43ec7853b99f6b202b2bc659ad55c1b3a,-67,,3,64,12.0,3
14:58:34,26.0,3,c8d14cfcd7987b476d3c465e902b95e43ec7853b99f6b202b2bc659ad55c1b3a,-70,,3,64,12.0,3
14:58:35,26.0,3,c8d14cfcd7987b476d3c465e902b95e43ec7853b99f6b202b2bc659ad55c1b3a,-71,,3,64,12.0,3
14:58:36,26.0,3,c8d14cfcd7987b476d3c465e902b95e43ec7853b99f6b202b2bc659ad55c1b3a,-70,,3,64,12.0,3
14:58:37,26.0,3,c8d14cfcd7987b476d3c465e902b95e43ec7853b99f6b202b2bc659ad55c1b3a,-73,,3,64,12.0,3
14:58:38,26.0,3,c8d14cfcd7987b476d3c465e902b95e43ec7853b99f6b202b2bc659ad55c1b3a,-75,,3,64,12.0,3
14:58:38,26.0,3,c8d14cfcd7987b476d3c465e902b95e43ec7853b99f6b202b2bc659ad55c1b3a,-77,,3,64,12.0,3
14:58:39,26.0,3,c8d14cfcd7987b476d3c465e902b95e43ec7853b99f6b202b2bc659ad55c1b3a,-65,,3,64,12.0,3
14:58:40,,3,9cd74b265a2a63157db38d8fbda36857e0ecc1241a5be129364ca032cf4c7f2b,-84,,3,64,,3
14:58:41,26.0,3,c8d14cfcd7987b476d3c465e902b95e43ec7853b99f6b202b2bc659ad55c1b3a,-79,,3,64,12.0,3
14:58:42,26.0,3,c8d14cfcd7987b476d3c465e902b95e43ec7853b99f6b202b2bc659ad55c1b3a,-70,,3,64,12.0,3
14:58:42,26.0,3,c8d14cfcd7987b476d3c465e902b95e43ec7853b99f6b202b2bc659ad55c1b3a,-73,,3,64,12.0,3
14:58:43,26.0,3,c8d14cfcd7987b476d3c465e902b95e43ec7853b99f6b202b2bc659ad55c1b3a,-71,,3,64,12.0,3
14:58:44,,3,9cd74b265a2a63157db38d8fbda36857e0ecc1241a5be129364ca032cf4c7f2b,-74,,3,64,,3
14:58:45,26.0,3,c8d14cfcd7987b476d3c465e902b95e43ec7853b99f6b202b2bc659ad55c1b3a,-70,,3,64,12.0,3
14:58:46,,3,9cd74b265a2a63157db38d8fbda36857e0ecc1241a5be129364ca032cf4c7f2b,-61,,3,64,,3
14:58:46,26.0,3,c8d14cfcd7987b476d3c465e902b95e43ec7853b99f6b202b2bc659ad55c1b3a,-76,,3,64,12.0,3
14:58:47,26.0,3,c8d14cfcd7987b476d3c465e902b95e43ec7853b99f6b202b2bc659ad55c1b3a,-74,,3,64,12.0,3
14:58:48,,3,9cd74b265a2a63157db38d8fbda36857e0ecc1241a5be129364ca032cf4c7f2b,-69,,3,64,,3
14:58:49,26.0,3,c8d14cfcd7987b476d3c465e902b95e43ec7853b99f6b202b2bc659ad55c1b3a,-81,,3,64,12.0,3
14:58:50,26.0,3,c8d14cfcd7987b476d3c465e902b95e43ec7853b99f6b202b2bc659ad55c1b3a,-70,,3,64,12.0,3
14:58:50,,3,eafeb14df07a603af5a76540894f3d41c6de83d340f729a2957a40ccaca1e416,-70,,3,64,,3
14:58:51,26.0,3,c8d14cfcd7987b476d3c465e902b95e43ec7853b99f6b202b2bc659ad55c1b3a,-71,,3,64,12.0,3
14:58:52,,3,9cd74b265a2a63157db38d8fbda36857e0ecc1241a5be129364ca032cf4c7f2b,-64,,3,64,,3
14:58:53,26.0,3,c8d14cfcd7987b476d3c465e902b95e43ec7853b99f6b202b2bc659ad55c1b3a,-69,,3,64,12.0,3
14:58:53,,3,9cd74b265a2a63157db38d8fbda36857e0ecc1241a5be129364ca032cf4c7f2b,-72,,3,64,,3
14:58:54,26.0,3,c8d14cfcd7987b476d3c465e902b95e43ec7853b99f6b202b2bc659ad55c1b3a,-76,,3,64,12.0,3
14:58:55,26.0,3,c8d14cfcd7987b476d3c465e902b95e43ec7853b99f6b202b2bc659ad55c1b3a,-67,,3,64,12.0,3
14:58:56,,3,9cd74b265a2a63157db38d8fbda36857e0ecc1241a5be129364ca032cf4c7f2b,-62,,3,64,,3
14:58:57,,3,9cd74b265a2a63157db38d8fbda36857e0ecc1241a5be129364ca032cf4c7f2b,-67,,3,64,,3
14:58:57,,3,9cd74b265a2a63157db38d8fbda36857e0ecc1241a5be129364ca032cf4c7f2b,-78,,3,64,,3
14:58:58,26.0,3,c8d14cfcd7987b476d3c465e902b95e43ec7853b99f6b202b2bc659ad55c1b3a,-74,,3,64,12.0,3
14:58:59,26.0,3,c8d14cfcd7987b476d3c465e902b95e43ec7853b99f6b202b2bc659ad55c1b3a,-64,,3,64,12.0,3
14:59:00,,3,9cd74b265a2a63157db38d8fbda36857e0ecc1241a5be129364ca032cf4c7f2b,-73,,3,64,,3
14:59:01,26.0,3,c8d14cfcd7987b476d3c465e902b95e43ec7853b99f6b202b2bc659ad55c1b3a,-71,,3,64,12.0,3
14:59:01,26.0,3,c8d14cfcd7987b476d3c465e902b95e43ec7853b99f6b202b2bc659ad55c1b3a,-76,,3,64,12.0,3
14:59:02,26.0,3,c8d14cfcd7987b476d3c465e902b95e43ec7853b99f6b202b2bc659ad55c1b3a,-63,,3,64,12.0,3
14:59:03,26.0,3,c8d14cfcd7987b476d3c465e902b95e43ec7853b99f6b202b2bc659ad55c1b3a,-71,,3,64,12.0,3
14:59:04,,3,9cd74b265a2a63157db38d8fbda36857e0ecc1241a5be129364ca032cf4c7f2b,-73,,3,64,,3
14:59:05,26.0,3,c8d14cfcd7987b476d3c465e902b95e43ec7853b99f6b202b2bc659ad55c1b3a,-65,,3,64,12.0,3
14:59:05,26.0,3,c8d14cfcd7987b476d3c465e902b95e43ec7853b99f6b202b2bc659ad55c1b3a,-75,,3,64,12.0,3
14:59:06,26.0,3,c8d14cfcd7987b476d3c465e902b95e43ec7853b99f6b202b2bc659ad55c1b3a,-74,,3,64,12.0,3
14:59:07,26.0,3,c8d14cfcd7987b476d3c465e902b95e43ec7853b99f6b202b2bc659ad55c1b3a,-65,,3,64,12.0,3
14:59:08,,3,9cd74b265a2a63157db38d8fbda36857e0ecc1241a5be129364ca032cf4c7f2b,-70,,3,64,,3
14:59:09,26.0,3,c8d14cfcd7987b476d3c465e902b95e43ec7853b99f6b202b2bc659ad55c1b3a,-66,,3,64,12.0,3
14:59:09,26.0,3,c8d14cfcd7987b476d3c465e902b95e43ec7853b99f6b202b2bc659ad55c1b3a,-71,,3,64,12.0,3
14:59:10,,3,eafeb14df07a603af5a76540894f3d41c6de83d340f729a2957a40ccaca1e416,-64,,3,64,,3
14:59:11,26.0,3,c8d14cfcd7987b476d3c465e902b95e43ec7853b99f6b202b2bc659ad55c1b3a,-70,,3,64,12.0,3
14:59:12,26.0,3,c8d14cfcd7987b476d3c465e902b95e43ec7853b99f6b202b2bc659ad55c1b3a,-72,,3,64,12.0,3
14:59:13,26.0,3,c8d14cfcd7987b476d3c465e902b95e43ec7853b99f6b202b2bc659ad55c1b3a,-72,,3,64,12.0,3
14:59:13,26.0,3,c8d14cfcd7987b476d3c465e902b95e43ec7853b99f6b202b2bc659ad55c1b3a,-65,,3,64,12.0,3
14:59:14,26.0,3,c8d14cfcd7987b476d3c465e902b95e43ec7853b99f6b202b2bc659ad55c1b3a,-72,,3,64,12.0,3
14:59:15,26.0,3,c8d14cfcd7987b476d3c465e902b95e43ec7853b99f6b202b2bc659ad55c1b3a,-61,,3,64,12.0,3
14:59:16,,3,9cd74b265a2a63157db38d8fbda36857e0ecc1241a5be129364ca032cf4c7f2b,-68,,3,64,,3
14:59:17,26.0,3,c8d14cfcd7987b476d3c465e902b95e43ec7853b99f6b202b2bc659ad55c1b3a,-70,,3,64,12.0,3
14:59:17,26.0,3,c8d14cfcd7987b476d3c465e902b95e43ec7853b99f6b202b2bc659ad55c1b3a,-73,,3,64,12.0,3
14:59:18,26.0,3,c8d14cfcd7987b476d3c465e902b95e43ec7853b99f6b202b2bc659ad55c1b3a,-75,,3,64,12.0,3
14:59:19,26.0,3,c8d14cfcd7987b476d3c465e902b95e43ec7853b99f6b202b2bc659ad55c1b3a,-77,,3,64,12.0,3
14:59:20,26.0,3,c8d14cfcd7987b476d3c465e902b95e43ec7853b99f6b202b2bc659ad55c1b3a,-71,,3,64,12.0,3
14:59:21,26.0,3,c8d14cfcd7987b476d3c465e902b95e43ec7853b99f6b202b2bc659ad55c1b3a,-72,,3,64,12.0,3
14:59:21,26.0,3,c8d14cfcd7987b476d3c465e902b95e43ec7853b99f6b202b2bc659ad55c1b3a,-70,,3,64,12.0,3
14:59:22,26.0,3,c8d14cfcd7987b476d3c465e902b95e43ec7853b99f6b202b2bc659ad55c1b3a,-78,,3,64,12.0,3
14:59:23,26.0,3,c8d14cfcd7987b476d3c465e902b95e43ec7853b99f6b202b2bc659ad55c1b3a,-65,,3,64,12.0,3
14:59:24,,3,9cd74b265a2a63157db38d8fbda36857e0ecc1241a5be129364ca032cf4c7f2b,-72,,3,64,,3
14:59:25,26.0,3,c8d14cfcd7987b476d3c465e902b95e43ec7853b99f6b202b2bc659ad55c1b3a,-69,,3,64,12.0,3
14:59:25,,3,9cd74b265a2a63157db38d8fbda36857e0ecc1241a5be129364ca032cf4c7f2b,-71,,3,64,,3
14:59:26,26.0,3,c8d14cfcd7987b476d3c465e902b95e43ec7853b99f6b202b2bc659ad55c1b3a,-65,,3,64,12.0,3
14:59:27,26.0,3,c8d14cfcd7987b476d3c465e902b95e43ec7853b99f6b202b2bc659ad55c1b3a,-65,,3,64,12.0,3
14:59:28,,3,eafeb14df07a603af5a76540894f3d41c6de83d340f729a2957a40ccaca1e416,-86,,3,64,,3
14:59:29,26.0,3,c8d14cfcd7987b476d3c465e902b95e43ec7853b99f6b202b2bc659ad55c1b3a,-70,,3,64,12.0,3
14:59:29,26.0,3,c8d14cfcd7987b476d3c465e902b95e43ec7853b99f6b202b2bc659ad55c1b3a,-69,,3,64,12.0,3
14:59:30,,3,eafeb14df07a603af5a76540894f3d41c6de83d340f729a2957a40ccaca1e416,-66,,3,64,,3
14:59:31,26.0,3,c8d14cfcd7987b476d3c465e902b95e43ec7853b99f6b202b2bc659ad55c1b3a,-69,,3,64,12.0,3
14:59:32,26.0,3,c8d14cfcd7987b476d3c465e902b95e43ec7853b99f6b202b2bc659ad55c1b3a,-68,,3,64,12.0,3
14:59:32,26.0,3,c8d14cfcd7987b476d3c465e902b95e43ec7853b99f6b202b2bc659ad55c1b3a,-65,,3,64,12.0,3
14:59:33,26.0,3,c8d14cfcd7987b476d3c465e902b95e43ec7853b99f6b202b2bc659ad55c1b3a,-72,,3,64,12.0,3
14:59:34,,3,eafeb14df07a603af5a76540894f3d41c6de83d340f729a2957a40ccaca1e416,-65,,3,64,,3
14:59:35,26.0,3,c8d14cfcd7987b476d3c465e902b95e43ec7853b99f6b202b2bc659ad55c1b3a,-71,,3,64,12.0,3
14:59:36,26.0,3,c8d14cfcd7987b476d3c465e902b95e43ec7853b99f6b202b2bc659ad55c1b3a,-71,,3,64,12.0,3
14:59:36,26.0,3,c8d14cfcd7987b476d3c465e902b95e43ec7853b99f6b202b2bc659ad55c1b3a,-71,,3,64,12.0,3
14:59:37,26.0,3,c8d14cfcd7987b476d3c465e902b95e43ec7853b99f6b202b2bc659ad55c1b3a,-68,,3,64,12.0,3
14:59:38,26.0,3,c8d14cfcd7987b476d3c465e902b95e43ec7853b99f6b202b2bc659ad55c1b3a,-70,,3,64,12.0,3
14:59:39,26.0,3,c8d14cfcd7987b476d3c465e902b95e43ec7853b99f6b202b2bc659ad55c1b3a,-75,,3,64,12.0,3
14:59:40,26.0,3,c8d14cfcd7987b476d3c465e902b95e43ec7853b99f6b202b2bc659ad55c1b3a,-66,,3,64,12.0,3
14:59:40,26.0,3,c8d14cfcd7987b476d3c465e902b95e43ec7853b99f6b202b2bc659ad55c1b3a,-65,,3,64,12.0,3
14:59:41,26.0,3,c8d14cfcd7987b476d3c465e902b95e43ec7853b99f6b202b2bc659ad55c1b3a,-67,,3,64,12.0,3
14:59:42,,3,eafeb14df07a603af5a76540894f3d41c6de83d340f729a2957a40ccaca1e416,-69,,3,64,,3
14:59:43,26.0,3,c8d14cfcd7987b476d3c465e902b95e43ec7853b99f6b202b2bc659ad55c1b3a,-67,,3,64,12.0,3
14:59:44,26.0,3,c8d14cfcd7987b476d3c465e902b95e43ec7853b99f6b202b2bc659ad55c1b3a,-69,,3,64,12.0,3
14:59:44,26.0,3,c8d14cfcd7987b476d3c465e902b95e43ec7853b99f6b202b2bc659ad55c1b3a,-74,,3,64,12.0,3
14:59:45,26.0,3,c8d14cfcd7987b476d3c465e902b95e43ec7853b99f6b202b2bc659ad55c1b3a,-69,,3,64,12.0,3
14:59:46,,3,eafeb14df07a603af5a76540894f3d41c6de83d340f729a2957a40ccaca1e416,-71,,3,64,,3
14:59:47,26.0,3,c8d14cfcd7987b476d3c465e902b95e43ec7853b99f6b202b2bc659ad55c1b3a,-61,,3,64,12.0,3
14:59:48,26.0,3,c8d14cfcd7987b476d3c465e902b95e43ec7853b99f6b202b2bc659ad55c1b3a,-76,,3,64,12.0,3
14:59:48,26.0,3,c8d14cfcd7987b476d3c465e902b95e43ec7853b99f6b202b2bc659ad55c1b3a,-61,,3,64,12.0,3
14:59:49,26.0,3,c8d14cfcd7987b476d3c465e902b95e43ec7853b99f6b202b2bc659ad55c1b3a,-68,,3,64,12.0,3
14:59:50,,3,9cd74b265a2a63157db38d8fbda36857e0ecc1241a5be129364ca032cf4c7f2b,-68,,3,64,,3
14:59:51,26.0,3,c8d14cfcd7987b476d3c465e902b95e43ec7853b99f6b202b2bc659ad55c1b3a,-72,,3,64,12.0,3
14:59:52,26.0,3,c8d14cfcd7987b476d3c465e902b95e43ec7853b99f6b202b2bc659ad55c1b3a,-67,,3,64,12.0,3
14:59:52,26.0,3,c8d14cfcd7987b476d3c465e902b95e43ec7853b99f6b202b2bc659ad55c1b3a,-76,,3,64,12.0,3
14:59:53,26.0,3,c8d14cfcd7987b476d3c465e902b95e43ec7853b99f6b202b2bc659ad55c1b3a,-63,,3,64,12.0,3
14:59:54,,3,9cd74b265a2a63157db38d8fbda36857e0ecc1241a5be129364ca032cf4c7f2b,-69,,3,64,,3
14:59:55,26.0,3,c8d14cfcd7987b476d3c465e902b95e43ec7853b99f6b202b2bc659ad55c1b3a,-65,,3,64,12.0,3
14:59:56,26.0,3,c8d14cfcd7987b476d3c465e902b95e43ec7853b99f6b202b2bc659ad55c1b3a,-73,,3,64,12.0,3
14:59:56,26.0,3,c8d14cfcd7987b476d3c465e902b95e43ec7853b99f6b202b2bc659ad55c1b3a,-64,,3,64,12.0,3
14:59:57,26.0,3,c8d14cfcd7987b476d3c465e902b95e43ec7853b99f6b202b2bc659ad55c1b3a,-67,,3,64,12.0,3
14:59:58,,3,9cd74b265a2a63157db38d8fbda36857e0ecc1241a5be129364ca032cf4c7f2b,-64,,3,64,,3
14:59:59,26.0,3,c8d14cfcd7987b476d3c465e902b95e43ec7853b99f6b202b2bc659ad55c1b3a,-64,,3,64,12.0,3
