Time,adv_flag,def_tx_pwr,mac,rssi,name,scan_tx_pwr,conn_tx_pwr,tx_range,adv_tx_pwr
08:32:33,26.0,0,8e8c353c898d756ee983ec2a9b2fc7d4a9f55c5e1a38a4efe1211c78bf8572ae,-57,,0,0,12.0,0
08:32:34,26.0,0,8e8c353c898d756ee983ec2a9b2fc7d4a9f55c5e1a38a4efe1211c78bf8572ae,-55,,0,0,12.0,0
08:32:34,26.0,0,8e8c353c898d756ee983ec2a9b2fc7d4a9f55c5e1a38a4efe1211c78bf8572ae,-74,,0,0,12.0,0
08:32:35,,0,5c7570a731edd7c5f1219c65ee640538b8491b6c24df2fcff4d749c4a0f178fe,-55,,0,0,,0
08:32:36,26.0,0,8e8c353c898d756ee983ec2a9b2fc7d4a9f55c5e1a38a4efe1211c78bf8572ae,-57,,0,0,12.0,0
08:32:37,26.0,0,8e8c353c898d756ee983ec2a9b2fc7d4a9f55c5e1a38a4efe1211c78bf8572ae,-53,,0,0,12.0,0
08:32:38,26.0,0,8e8c353c898d756ee983ec2a9b2fc7d4a9f55c5e1a38a4efe1211c78bf8572ae,-62,,0,0,12.0,0
08:32:38,26.0,0,8e8c353c898d756ee983ec2a9b2fc7d4a9f55c5e1a38a4efe1211c78bf8572ae,-63,,0,0,12.0,0
08:32:39,26.0,0,8e8c353c898d756ee983ec2a9b2fc7d4a9f55c5e1a38a4efe1211c78bf8572ae,-50,,0,0,12.0,0
08:32:40,26.0,0,8e8c353c898d756ee983ec2a9b2fc7d4a9f55c5e1a38a4efe1211c78bf8572ae,-51,,0,0,12.0,0
08:32:41,26.0,0,8e8c353c898d756ee983ec2a9b2fc7d4a9f55c5e1a38a4efe1211c78bf8572ae,-70,,0,0,12.0,0
08:32:41,,0,5c7570a731edd7c5f1219c65ee640538b8491b6c24df2fcff4d749c4a0f178fe,-64,,0,0,,0
08:32:42,,0,dec64bd6b06c1ae2c40af16d258e20a5dd7bc4f35ac128df0dca9e274ea77861,-94,,0,0,,0
08:32:43,26.0,0,8e8c353c898d756ee983ec2a9b2fc7d4a9f55c5e1a38a4efe1211c78bf8572ae,-57,,0,0,12.0,0
08:32:44,26.0,0,8e8c353c898d756ee983ec2a9b2fc7d4a9f55c5e1a38a4efe1211c78bf8572ae,-49,,0,0,12.0,0
08:32:45,26.0,0,8e8c353c898d756ee983ec2a9b2fc7d4a9f55c5e1a38a4efe1211c78bf8572ae,-54,,0,0,12.0,0
08:32:45,,0,5c7570a731edd7c5f1219c65ee640538b8491b6c24df2fcff4d749c4a0f178fe,-61,,0,0,,0
08:32:46,26.0,0,8e8c353c898d756ee983ec2a9b2fc7d4a9f55c5e1a38a4efe1211c78bf8572ae,-61,,0,0,12.0,0
08:32:47,26.0,0,8e8c353c898d756ee983ec2a9b2fc7d4a9f55c5e1a38a4efe1211c78bf8572ae,-56,,0,0,12.0,0
08:32:48,26.0,0,d6400dce30524787907e740dc4625ff58a5b92c77a9adf8a243c23ab7c8cf390,-93,,0,0,4.0,0
08:32:49,26.0,0,d6400dce30524787907e740dc4625ff58a5b92c77a9adf8a243c23ab7c8cf390,-91,,0,0,4.0,0
08:32:49,,0,5c7570a731edd7c5f1219c65ee640538b8491b6c24df2fcff4d749c4a0f178fe,-60,,0,0,,0
08:32:50,,0,6cceba6b2495205aaf9dcc3218bf9f0fa5b17182c1c58a654eee0a4d8754265e,-94,,0,0,,0
08:32:51,26.0,0,8e8c353c898d756ee983ec2a9b2fc7d4a9f55c5e1a38a4efe1211c78bf8572ae,-55,,0,0,12.0,0
08:32:52,,0,5c7570a731edd7c5f1219c65ee640538b8491b6c24df2fcff4d749c4a0f178fe,-55,,0,0,,0
08:32:52,26.0,0,8e8c353c898d756ee983ec2a9b2fc7d4a9f55c5e1a38a4efe1211c78bf8572ae,-39,,0,0,12.0,0
08:32:53,26.0,0,8e8c353c898d756ee983ec2a9b2fc7d4a9f55c5e1a38a4efe1211c78bf8572ae,-54,,0,0,12.0,0
08:32:54,26.0,0,8e8c353c898d756ee983ec2a9b2fc7d4a9f55c5e1a38a4efe1211c78bf8572ae,-50,,0,0,12.0,0
08:32:55,,0,5c7570a731edd7c5f1219c65ee640538b8491b6c24df2fcff4d749c4a0f178fe,-56,,0,0,,0
08:32:55,26.0,0,d6400dce30524787907e740dc4625ff58a5b92c77a9adf8a243c23ab7c8cf390,-86,,0,0,4.0,0
08:32:56,26.0,0,8e8c353c898d756ee983ec2a9b2fc7d4a9f55c5e1a38a4efe1211c78bf8572ae,-50,,0,0,12.0,0
08:32:57,26.0,0,8e8c353c898d756ee983ec2a9b2fc7d4a9f55c5e1a38a4efe1211c78bf8572ae,-50,,0,0,12.0,0
08:32:58,,0,5c7570a731edd7c5f1219c65ee640538b8491b6c24df2fcff4d749c4a0f178fe,-42,,0,0,,0
08:32:59,26.0,0,8e8c353c898d756ee983ec2a9b2fc7d4a9f55c5e1a38a4efe1211c78bf8572ae,-70,,0,0,12.0,0
08:32:59,26.0,0,8e8c353c898d756ee983ec2a9b2fc7d4a9f55c5e1a38a4efe1211c78bf8572ae,-59,,0,0,12.0,0
08:33:00,,0,f0e529b585a5d5699cd49ff08fe7e157ea05a90f9b67d8127bd8304189312fef,-96,,0,0,,0
08:33:01,,0,f0e529b585a5d5699cd49ff08fe7e157ea05a90f9b67d8127bd8304189312fef,-93,,0,0,,0
08:33:02,26.0,0,8e8c353c898d756ee983ec2a9b2fc7d4a9f55c5e1a38a4efe1211c78bf8572ae,-71,,0,0,12.0,0
08:33:02,,0,f0e529b585a5d5699cd49ff08fe7e157ea05a90f9b67d8127bd8304189312fef,-92,,0,0,,0
08:33:03,26.0,0,8e8c353c898d756ee983ec2a9b2fc7d4a9f55c5e1a38a4efe1211c78bf8572ae,-66,,0,0,12.0,0
08:33:04,26.0,0,8e8c353c898d756ee983ec2a9b2fc7d4a9f55c5e1a38a4efe1211c78bf8572ae,-63,,0,0,12.0,0
08:33:05,26.0,0,8e8c353c898d756ee983ec2a9b2fc7d4a9f55c5e1a38a4efe1211c78bf8572ae,-65,,0,0,12.0,0
08:33:05,26.0,0,8e8c353c898d756ee983ec2a9b2fc7d4a9f55c5e1a38a4efe1211c78bf8572ae,-79,,0,0,12.0,0
08:33:06,,0,f0e529b585a5d5699cd49ff08fe7e157ea05a90f9b67d8127bd8304189312fef,-92,,0,0,,0
08:33:07,26.0,0,8e8c353c898d756ee983ec2a9b2fc7d4a9f55c5e1a38a4efe1211c78bf8572ae,-72,,0,0,12.0,0
08:33:08,26.0,0,8e8c353c898d756ee983ec2a9b2fc7d4a9f55c5e1a38a4efe1211c78bf8572ae,-69,,0,0,12.0,0
08:33:09,26.0,0,8e8c353c898d756ee983ec2a9b2fc7d4a9f55c5e1a38a4efe1211c78bf8572ae,-71,,0,0,12.0,0
08:33:09,26.0,0,8e8c353c898d756ee983ec2a9b2fc7d4a9f55c5e1a38a4efe1211c78bf8572ae,-67,,0,0,12.0,0
08:33:10,,0,5c7570a731edd7c5f1219c65ee640538b8491b6c24df2fcff4d749c4a0f178fe,-70,,0,0,,0
08:33:11,26.0,0,d6400dce30524787907e740dc4625ff58a5b92c77a9adf8a243c23ab7c8cf390,-88,,0,0,4.0,0
08:33:12,26.0,0,8e8c353c898d756ee983ec2a9b2fc7d4a9f55c5e1a38a4efe1211c78bf8572ae,-72,,0,0,12.0,0
08:33:13,26.0,0,8e8c353c898d756ee983ec2a9b2fc7d4a9f55c5e1a38a4efe1211c78bf8572ae,-63,,0,0,12.0,0
08:33:13,,0,a92f75b2e79e492f508f2164f2923381990498d75165ce0cfa74a99bc10e65c1,-91,,0,0,,0
08:33:14,,0,5c7570a731edd7c5f1219c65ee640538b8491b6c24df2fcff4d749c4a0f178fe,-70,,0,0,,0
08:33:15,26.0,0,8e8c353c898d756ee983ec2a9b2fc7d4a9f55c5e1a38a4efe1211c78bf8572ae,-63,,0,0,12.0,0
08:33:16,26.0,0,8e8c353c898d756ee983ec2a9b2fc7d4a9f55c5e1a38a4efe1211c78bf8572ae,-70,,0,0,12.0,0
08:33:17,26.0,0,8e8c353c898d756ee983ec2a9b2fc7d4a9f55c5e1a38a4efe1211c78bf8572ae,-63,,0,0,12.0,0
08:33:17,26.0,0,8e8c353c898d756ee983ec2a9b2fc7d4a9f55c5e1a38a4efe1211c78bf8572ae,-64,,0,0,12.0,0
08:33:18,26.0,0,8e8c353c898d756ee983ec2a9b2fc7d4a9f55c5e1a38a4efe1211c78bf8572ae,-64,,0,0,12.0,0
08:33:19,26.0,0,8e8c353c898d756ee983ec2a9b2fc7d4a9f55c5e1a38a4efe1211c78bf8572ae,-69,,0,0,12.0,0
08:33:20,26.0,0,8e8c353c898d756ee983ec2a9b2fc7d4a9f55c5e1a38a4efe1211c78bf8572ae,-70,,0,0,12.0,0
08:33:20,26.0,0,8e8c353c898d756ee983ec2a9b2fc7d4a9f55c5e1a38a4efe1211c78bf8572ae,-69,,0,0,12.0,0
08:33:21,,0,a92f75b2e79e492f508f2164f2923381990498d75165ce0cfa74a99bc10e65c1,-92,,0,0,,0
08:33:22,26.0,0,8e8c353c898d756ee983ec2a9b2fc7d4a9f55c5e1a38a4efe1211c78bf8572ae,-67,,0,0,12.0,0
08:33:23,,0,5c7570a731edd7c5f1219c65ee640538b8491b6c24df2fcff4d749c4a0f178fe,-73,,0,0,,0
08:33:24,26.0,0,8e8c353c898d756ee983ec2a9b2fc7d4a9f55c5e1a38a4efe1211c78bf8572ae,-71,,0,0,12.0,0
08:33:24,26.0,0,8e8c353c898d756ee983ec2a9b2fc7d4a9f55c5e1a38a4efe1211c78bf8572ae,-65,,0,0,12.0,0
08:33:25,26.0,0,8e8c353c898d756ee983ec2a9b2fc7d4a9f55c5e1a38a4efe1211c78bf8572ae,-66,,0,0,12.0,0
08:33:26,26.0,0,8e8c353c898d756ee983ec2a9b2fc7d4a9f55c5e1a38a4efe1211c78bf8572ae,-76,,0,0,12.0,0
08:33:27,,0,5c7570a731edd7c5f1219c65ee640538b8491b6c24df2fcff4d749c4a0f178fe,-71,,0,0,,0
08:33:27,26.0,0,8e8c353c898d756ee983ec2a9b2fc7d4a9f55c5e1a38a4efe1211c78bf8572ae,-59,,0,0,12.0,0
08:33:28,,0,6cceba6b2495205aaf9dcc3218bf9f0fa5b17182c1c58a654eee0a4d8754265e,-90,,0,0,,0
08:33:29,26.0,0,d6400dce30524787907e740dc4625ff58a5b92c77a9adf8a243c23ab7c8cf390,-91,,0,0,4.0,0
08:33:30,26.0,0,8e8c353c898d756ee983ec2a9b2fc7d4a9f55c5e1a38a4efe1211c78bf8572ae,-68,,0,0,12.0,0
08:33:31,,0,a92f75b2e79e492f508f2164f2923381990498d75165ce0cfa74a99bc10e65c1,-94,,0,0,,0
08:33:31,,0,a92f75b2e79e492f508f2164f2923381990498d75165ce0cfa74a99bc10e65c1,-93,,0,0,,0
08:33:32,26.0,0,8e8c353c898d756ee983ec2a9b2fc7d4a9f55c5e1a38a4efe1211c78bf8572ae,-74,,0,0,12.0,0
08:33:33,26.0,0,8e8c353c898d756ee983ec2a9b2fc7d4a9f55c5e1a38a4efe1211c78bf8572ae,-76,,0,0,12.0,0
08:33:34,,0,a92f75b2e79e492f508f2164f2923381990498d75165ce0cfa74a99bc10e65c1,-92,,0,0,,0
08:33:34,26.0,0,8e8c353c898d756ee983ec2a9b2fc7d4a9f55c5e1a38a4efe1211c78bf8572ae,-73,,0,0,12.0,0
08:33:35,26.0,0,8e8c353c898d756ee983ec2a9b2fc7d4a9f55c5e1a38a4efe1211c78bf8572ae,-78,,0,0,12.0,0
08:33:36,26.0,0,8e8c353c898d756ee983ec2a9b2fc7d4a9f55c5e1a38a4efe1211c78bf8572ae,-75,,0,0,12.0,0
08:33:37,,0,a92f75b2e79e492f508f2164f2923381990498d75165ce0cfa74a99bc10e65c1,-91,,0,0,,0
08:33:38,,0,a92f75b2e79e492f508f2164f2923381990498d75165ce0cfa74a99bc10e65c1,-91,,0,0,,0
08:33:38,26.0,0,8e8c353c898d756ee983ec2a9b2fc7d4a9f55c5e1a38a4efe1211c78bf8572ae,-84,,0,0,12.0,0
08:33:39,26.0,0,8e8c353c898d756ee983ec2a9b2fc7d4a9f55c5e1a38a4efe1211c78bf8572ae,-76,,0,0,12.0,0
08:33:40,,0,a92f75b2e79e492f508f2164f2923381990498d75165ce0cfa74a99bc10e65c1,-92,,0,0,,0
08:33:41,,0,a92f75b2e79e492f508f2164f2923381990498d75165ce0cfa74a99bc10e65c1,-92,,0,0,,0
08:33:41,,0,a92f75b2e79e492f508f2164f2923381990498d75165ce0cfa74a99bc10e65c1,-94,,0,0,,0
08:33:42,,0,a92f75b2e79e492f508f2164f2923381990498d75165ce0cfa74a99bc10e65c1,-97,,0,0,,0
08:33:43,,0,a92f75b2e79e492f508f2164f2923381990498d75165ce0cfa74a99bc10e65c1,-92,,0,0,,0
08:33:44,,0,6cceba6b2495205aaf9dcc3218bf9f0fa5b17182c1c58a654eee0a4d8754265e,-92,,0,0,,0
08:33:45,,0,a92f75b2e79e492f508f2164f2923381990498d75165ce0cfa74a99bc10e65c1,-95,,0,0,,0
08:33:45,26.0,0,8e8c353c898d756ee983ec2a9b2fc7d4a9f55c5e1a38a4efe1211c78bf8572ae,-77,,0,0,12.0,0
08:33:46,,0,a92f75b2e79e492f508f2164f2923381990498d75165ce0cfa74a99bc10e65c1,-94,,0,0,,0
08:33:47,,0,a92f75b2e79e492f508f2164f2923381990498d75165ce0cfa74a99bc10e65c1,-93,,0,0,,0
08:33:48,26.0,0,8e8c353c898d756ee983ec2a9b2fc7d4a9f55c5e1a38a4efe1211c78bf8572ae,-70,,0,0,12.0,0
08:33:48,,0,a92f75b2e79e492f508f2164f2923381990498d75165ce0cfa74a99bc10e65c1,-89,,0,0,,0
08:33:49,,0,a92f75b2e79e492f508f2164f2923381990498d75165ce0cfa74a99bc10e65c1,-94,,0,0,,0
08:33:50,26.0,0,8e8c353c898d756ee983ec2a9b2fc7d4a9f55c5e1a38a4efe1211c78bf8572ae,-71,,0,0,12.0,0
08:33:51,26.0,0,8e8c353c898d756ee983ec2a9b2fc7d4a9f55c5e1a38a4efe1211c78bf8572ae,-73,,0,0,12.0,0
08:33:52,,0,a92f75b2e79e492f508f2164f2923381990498d75165ce0cfa74a99bc10e65c1,-91,,0,0,,0
08:33:52,,0,a92f75b2e79e492f508f2164f2923381990498d75165ce0cfa74a99bc10e65c1,-92,,0,0,,0
08:33:53,26.0,0,d6400dce30524787907e740dc4625ff58a5b92c77a9adf8a243c23ab7c8cf390,-93,,0,0,4.0,0
08:33:54,26.0,0,8e8c353c898d756ee983ec2a9b2fc7d4a9f55c5e1a38a4efe1211c78bf8572ae,-89,,0,0,12.0,0
08:33:55,,0,a92f75b2e79e492f508f2164f2923381990498d75165ce0cfa74a99bc10e65c1,-91,,0,0,,0
08:33:56,26.0,0,8e8c353c898d756ee983ec2a9b2fc7d4a9f55c5e1a38a4efe1211c78bf8572ae,-74,,0,0,12.0,0
08:33:56,,0,a92f75b2e79e492f508f2164f2923381990498d75165ce0cfa74a99bc10e65c1,-92,,0,0,,0
08:33:57,,0,a92f75b2e79e492f508f2164f2923381990498d75165ce0cfa74a99bc10e65c1,-92,,0,0,,0
08:33:58,26.0,0,8e8c353c898d756ee983ec2a9b2fc7d4a9f55c5e1a38a4efe1211c78bf8572ae,-79,,0,0,12.0,0
08:33:59,,0,a92f75b2e79e492f508f2164f2923381990498d75165ce0cfa74a99bc10e65c1,-93,,0,0,,0
08:33:59,,0,a92f75b2e79e492f508f2164f2923381990498d75165ce0cfa74a99bc10e65c1,-92,,0,0,,0
08:34:00,,0,6cceba6b2495205aaf9dcc3218bf9f0fa5b17182c1c58a654eee0a4d8754265e,-95,,0,0,,0
08:34:01,26.0,0,8e8c353c898d756ee983ec2a9b2fc7d4a9f55c5e1a38a4efe1211c78bf8572ae,-70,,0,0,12.0,0
08:34:02,,0,a92f75b2e79e492f508f2164f2923381990498d75165ce0cfa74a99bc10e65c1,-92,,0,0,,0
08:34:03,,0,a92f75b2e79e492f508f2164f2923381990498d75165ce0cfa74a99bc10e65c1,-91,,0,0,,0
08:34:03,,0,a92f75b2e79e492f508f2164f2923381990498d75165ce0cfa74a99bc10e65c1,-93,,0,0,,0
08:34:04,,0,a92f75b2e79e492f508f2164f2923381990498d75165ce0cfa74a99bc10e65c1,-91,,0,0,,0
08:34:05,26.0,0,8e8c353c898d756ee983ec2a9b2fc7d4a9f55c5e1a38a4efe1211c78bf8572ae,-61,,0,0,12.0,0
08:34:06,,0,a92f75b2e79e492f508f2164f2923381990498d75165ce0cfa74a99bc10e65c1,-94,,0,0,,0
08:34:06,26.0,0,8e8c353c898d756ee983ec2a9b2fc7d4a9f55c5e1a38a4efe1211c78bf8572ae,-56,,0,0,12.0,0
08:34:07,,0,a92f75b2e79e492f508f2164f2923381990498d75165ce0cfa74a99bc10e65c1,-92,,0,0,,0
08:34:08,,0,a92f75b2e79e492f508f2164f2923381990498d75165ce0cfa74a99bc10e65c1,-92,,0,0,,0
08:34:09,,0,5c7570a731edd7c5f1219c65ee640538b8491b6c24df2fcff4d749c4a0f178fe,-62,,0,0,,0
08:34:10,26.0,0,8e8c353c898d756ee983ec2a9b2fc7d4a9f55c5e1a38a4efe1211c78bf8572ae,-60,,0,0,12.0,0
08:34:10,,0,a92f75b2e79e492f508f2164f2923381990498d75165ce0cfa74a99bc10e65c1,-92,,0,0,,0
08:34:11,26.0,0,8e8c353c898d756ee983ec2a9b2fc7d4a9f55c5e1a38a4efe1211c78bf8572ae,-60,,0,0,12.0,0
08:34:12,,0,a92f75b2e79e492f508f2164f2923381990498d75165ce0cfa74a99bc10e65c1,-93,,0,0,,0
08:34:13,,0,a92f75b2e79e492f508f2164f2923381990498d75165ce0cfa74a99bc10e65c1,-95,,0,0,,0
08:34:13,26.0,0,8e8c353c898d756ee983ec2a9b2fc7d4a9f55c5e1a38a4efe1211c78bf8572ae,-69,,0,0,12.0,0
08:34:14,26.0,0,8e8c353c898d756ee983ec2a9b2fc7d4a9f55c5e1a38a4efe1211c78bf8572ae,-60,,0,0,12.0,0
08:34:15,,0,a92f75b2e79e492f508f2164f2923381990498d75165ce0cfa74a99bc10e65c1,-93,,0,0,,0
08:34:16,26.0,0,8e8c353c898d756ee983ec2a9b2fc7d4a9f55c5e1a38a4efe1211c78bf8572ae,-61,,0,0,12.0,0
08:34:17,26.0,0,8e8c353c898d756ee983ec2a9b2fc7d4a9f55c5e1a38a4efe1211c78bf8572ae,-60,,0,0,12.0,0
08:34:17,26.0,0,8e8c353c898d756ee983ec2a9b2fc7d4a9f55c5e1a38a4efe1211c78bf8572ae,-64,,0,0,12.0,0
08:34:18,,0,a92f75b2e79e492f508f2164f2923381990498d75165ce0cfa74a99bc10e65c1,-94,,0,0,,0
08:34:19,26.0,0,8e8c353c898d756ee983ec2a9b2fc7d4a9f55c5e1a38a4efe1211c78bf8572ae,-63,,0,0,12.0,0
08:34:20,26.0,0,8e8c353c898d756ee983ec2a9b2fc7d4a9f55c5e1a38a4efe1211c78bf8572ae,-60,,0,0,12.0,0
08:34:20,26.0,0,8e8c353c898d756ee983ec2a9b2fc7d4a9f55c5e1a38a4efe1211c78bf8572ae,-63,,0,0,12.0,0
08:34:21,,0,a92f75b2e79e492f508f2164f2923381990498d75165ce0cfa74a99bc10e65c1,-93,,0,0,,0
08:34:22,26.0,0,d6400dce30524787907e740dc4625ff58a5b92c77a9adf8a243c23ab7c8cf390,-86,,0,0,4.0,0
08:34:23,,0,5c7570a731edd7c5f1219c65ee640538b8491b6c24df2fcff4d749c4a0f178fe,-64,,0,0,,0
08:34:24,26.0,0,d6400dce30524787907e740dc4625ff58a5b92c77a9adf8a243c23ab7c8cf390,-86,,0,0,4.0,0
08:34:24,26.0,0,8e8c353c898d756ee983ec2a9b2fc7d4a9f55c5e1a38a4efe1211c78bf8572ae,-62,,0,0,12.0,0
08:34:25,,0,a92f75b2e79e492f508f2164f2923381990498d75165ce0cfa74a99bc10e65c1,-96,,0,0,,0
08:34:26,26.0,0,8e8c353c898d756ee983ec2a9b2fc7d4a9f55c5e1a38a4efe1211c78bf8572ae,-60,,0,0,12.0,0
08:34:27,26.0,0,8e8c353c898d756ee983ec2a9b2fc7d4a9f55c5e1a38a4efe1211c78bf8572ae,-58,,0,0,12.0,0
08:34:27,,0,a92f75b2e79e492f508f2164f2923381990498d75165ce0cfa74a99bc10e65c1,-93,,0,0,,0
08:34:28,,0,a92f75b2e79e492f508f2164f2923381990498d75165ce0cfa74a99bc10e65c1,-93,,0,0,,0
08:34:29,,0,a92f75b2e79e492f508f2164f2923381990498d75165ce0cfa74a99bc10e65c1,-93,,0,0,,0
08:34:30,26.0,0,8e8c353c898d756ee983ec2a9b2fc7d4a9f55c5e1a38a4efe1211c78bf8572ae,-61,,0,0,12.0,0
08:34:31,26.0,0,8e8c353c898d756ee983ec2a9b2fc7d4a9f55c5e1a38a4efe1211c78bf8572ae,-66,,0,0,12.0,0
08:34:31,,0,a92f75b2e79e492f508f2164f2923381990498d75165ce0cfa74a99bc10e65c1,-93,,0,0,,0
08:34:32,26.0,0,d6400dce30524787907e740dc4625ff58a5b92c77a9adf8a243c23ab7c8cf390,-86,,0,0,4.0,0
08:34:33,26.0,0,8e8c353c898d756ee983ec2a9b2fc7d4a9f55c5e1a38a4efe1211c78bf8572ae,-62,,0,0,12.0,0
08:34:34,26.0,0,d6400dce30524787907e740dc4625ff58a5b92c77a9adf8a243c23ab7c8cf390,-87,,0,0,4.0,0
08:34:34,,0,a92f75b2e79e492f508f2164f2923381990498d75165ce0cfa74a99bc10e65c1,-91,,0,0,,0
08:34:35,,0,a92f75b2e79e492f508f2164f2923381990498d75165ce0cfa74a99bc10e65c1,-93,,0,0,,0
08:34:36,26.0,0,8e8c353c898d756ee983ec2a9b2fc7d4a9f55c5e1a38a4efe1211c78bf8572ae,-66,,0,0,12.0,0
08:34:37,26.0,0,8e8c353c898d756ee983ec2a9b2fc7d4a9f55c5e1a38a4efe1211c78bf8572ae,-62,,0,0,12.0,0
08:34:38,,0,a92f75b2e79e492f508f2164f2923381990498d75165ce0cfa74a99bc10e65c1,-92,,0,0,,0
08:34:38,,0,a92f75b2e79e492f508f2164f2923381990498d75165ce0cfa74a99bc10e65c1,-93,,0,0,,0
08:34:39,,0,a92f75b2e79e492f508f2164f2923381990498d75165ce0cfa74a99bc10e65c1,-92,,0,0,,0
08:34:40,26.0,0,8e8c353c898d756ee983ec2a9b2fc7d4a9f55c5e1a38a4efe1211c78bf8572ae,-74,,0,0,12.0,0
08:34:41,26.0,0,8e8c353c898d756ee983ec2a9b2fc7d4a9f55c5e1a38a4efe1211c78bf8572ae,-72,,0,0,12.0,0
08:34:41,26.0,0,8e8c353c898d756ee983ec2a9b2fc7d4a9f55c5e1a38a4efe1211c78bf8572ae,-69,,0,0,12.0,0
08:34:42,26.0,0,d6400dce30524787907e740dc4625ff58a5b92c77a9adf8a243c23ab7c8cf390,-88,,0,0,4.0,0
08:34:43,,0,a92f75b2e79e492f508f2164f2923381990498d75165ce0cfa74a99bc10e65c1,-93,,0,0,,0
08:34:44,26.0,0,d6400dce30524787907e740dc4625ff58a5b92c77a9adf8a243c23ab7c8cf390,-88,,0,0,4.0,0
08:34:45,,0,a92f75b2e79e492f508f2164f2923381990498d75165ce0cfa74a99bc10e65c1,-93,,0,0,,0
08:34:45,26.0,0,e93ed444eac7ecb6d7dcf7e613443e3f0c4c44f019cd474b31b930527c522814,-90,,0,0,,0
08:34:46,26.0,0,e93ed444eac7ecb6d7dcf7e613443e3f0c4c44f019cd474b31b930527c522814,-91,,0,0,,0
08:34:47,26.0,0,e93ed444eac7ecb6d7dcf7e613443e3f0c4c44f019cd474b31b930527c522814,-92,,0,0,,0
08:34:48,26.0,0,e93ed444eac7ecb6d7dcf7e613443e3f0c4c44f019cd474b31b930527c522814,-93,,0,0,,0
08:34:48,,0,5c7570a731edd7c5f1219c65ee640538b8491b6c24df2fcff4d749c4a0f178fe,-39,,0,0,,0
08:34:49,26.0,0,e93ed444eac7ecb6d7dcf7e613443e3f0c4c44f019cd474b31b930527c522814,-91,,0,0,,0
08:34:50,26.0,0,e93ed444eac7ecb6d7dcf7e613443e3f0c4c44f019cd474b31b930527c522814,-87,,0,0,,0
08:34:51,26.0,0,d6400dce30524787907e740dc4625ff58a5b92c77a9adf8a243c23ab7c8cf390,-88,,0,0,4.0,0
08:34:52,26.0,0,e93ed444eac7ecb6d7dcf7e613443e3f0c4c44f019cd474b31b930527c522814,-90,,0,0,,0
08:34:52,26.0,0,e93ed444eac7ecb6d7dcf7e613443e3f0c4c44f019cd474b31b930527c522814,-92,,0,0,,0
08:34:53,26.0,0,e93ed444eac7ecb6d7dcf7e613443e3f0c4c44f019cd474b31b930527c522814,-87,,0,0,,0
08:34:54,26.0,0,d6400dce30524787907e740dc4625ff58a5b92c77a9adf8a243c23ab7c8cf390,-84,,0,0,4.0,0
08:34:55,,0,a92f75b2e79e492f508f2164f2923381990498d75165ce0cfa74a99bc10e65c1,-94,,0,0,,0
08:34:55,26.0,0,d6400dce30524787907e740dc4625ff58a5b92c77a9adf8a243c23ab7c8cf390,-88,,0,0,4.0,0
08:34:56,,0,a92f75b2e79e492f508f2164f2923381990498d75165ce0cfa74a99bc10e65c1,-93,,0,0,,0
08:34:57,,0,a92f75b2e79e492f508f2164f2923381990498d75165ce0cfa74a99bc10e65c1,-95,,0,0,,0
08:34:58,,0,a92f75b2e79e492f508f2164f2923381990498d75165ce0cfa74a99bc10e65c1,-91,,0,0,,0
08:34:59,,0,a92f75b2e79e492f508f2164f2923381990498d75165ce0cfa74a99bc10e65c1,-96,,0,0,,0
08:34:59,,0,a92f75b2e79e492f508f2164f2923381990498d75165ce0cfa74a99bc10e65c1,-98,,0,0,,0
08:35:00,,0,a92f75b2e79e492f508f2164f2923381990498d75165ce0cfa74a99bc10e65c1,-91,,0,0,,0
08:35:01,,0,6bee75c87d2c58b2df2f92b7cbf706ebf620e46e63d95c7d4abd61d11c5c25ef,-94,,0,0,,0
08:35:02,26.0,0,d6400dce30524787907e740dc4625ff58a5b92c77a9adf8a243c23ab7c8cf390,-85,,0,0,4.0,0
08:35:02,,0,135ec4cde997a1457df86f431bb33e7a29e31005bd63d4dd4e571d5357ad8c3a,-70,,0,0,,0
08:35:03,,0,135ec4cde997a1457df86f431bb33e7a29e31005bd63d4dd4e571d5357ad8c3a,-67,,0,0,,0
08:35:04,,0,135ec4cde997a1457df86f431bb33e7a29e31005bd63d4dd4e571d5357ad8c3a,-65,,0,0,,0
08:35:05,,0,135ec4cde997a1457df86f431bb33e7a29e31005bd63d4dd4e571d5357ad8c3a,-61,,0,0,,0
08:35:06,,0,a92f75b2e79e492f508f2164f2923381990498d75165ce0cfa74a99bc10e65c1,-93,,0,0,,0
08:35:06,,0,135ec4cde997a1457df86f431bb33e7a29e31005bd63d4dd4e571d5357ad8c3a,-67,,0,0,,0
08:35:07,,0,135ec4cde997a1457df86f431bb33e7a29e31005bd63d4dd4e571d5357ad8c3a,-68,,0,0,,0
08:35:08,,0,135ec4cde997a1457df86f431bb33e7a29e31005bd63d4dd4e571d5357ad8c3a,-72,,0,0,,0
08:35:09,,0,a92f75b2e79e492f508f2164f2923381990498d75165ce0cfa74a99bc10e65c1,-91,,0,0,,0
08:35:10,,0,135ec4cde997a1457df86f431bb33e7a29e31005bd63d4dd4e571d5357ad8c3a,-69,,0,0,,0
08:35:10,,0,a92f75b2e79e492f508f2164f2923381990498d75165ce0cfa74a99bc10e65c1,-92,,0,0,,0
08:35:11,,0,135ec4cde997a1457df86f431bb33e7a29e31005bd63d4dd4e571d5357ad8c3a,-73,,0,0,,0
08:35:12,,0,135ec4cde997a1457df86f431bb33e7a29e31005bd63d4dd4e571d5357ad8c3a,-70,,0,0,,0
08:35:13,,0,135ec4cde997a1457df86f431bb33e7a29e31005bd63d4dd4e571d5357ad8c3a,-68,,0,0,,0
08:35:13,,0,135ec4cde997a1457df86f431bb33e7a29e31005bd63d4dd4e571d5357ad8c3a,-67,,0,0,,0
08:35:14,,0,a92f75b2e79e492f508f2164f2923381990498d75165ce0cfa74a99bc10e65c1,-94,,0,0,,0
08:35:15,,0,135ec4cde997a1457df86f431bb33e7a29e31005bd63d4dd4e571d5357ad8c3a,-72,,0,0,,0
08:35:16,,0,135ec4cde997a1457df86f431bb33e7a29e31005bd63d4dd4e571d5357ad8c3a,-75,,0,0,,0
08:35:17,26.0,0,d6400dce30524787907e740dc4625ff58a5b92c77a9adf8a243c23ab7c8cf390,-91,,0,0,4.0,0
08:35:17,,0,a92f75b2e79e492f508f2164f2923381990498d75165ce0cfa74a99bc10e65c1,-92,,0,0,,0
08:35:18,,0,135ec4cde997a1457df86f431bb33e7a29e31005bd63d4dd4e571d5357ad8c3a,-67,,0,0,,0
08:35:19,,0,a92f75b2e79e492f508f2164f2923381990498d75165ce0cfa74a99bc10e65c1,-100,,0,0,,0
08:35:20,,0,135ec4cde997a1457df86f431bb33e7a29e31005bd63d4dd4e571d5357ad8c3a,-83,,0,0,,0
08:35:20,,0,135ec4cde997a1457df86f431bb33e7a29e31005bd63d4dd4e571d5357ad8c3a,-68,,0,0,,0
08:35:21,,0,135ec4cde997a1457df86f431bb33e7a29e31005bd63d4dd4e571d5357ad8c3a,-78,,0,0,,0
08:35:22,,0,135ec4cde997a1457df86f431bb33e7a29e31005bd63d4dd4e571d5357ad8c3a,-74,,0,0,,0
08:35:23,,0,a92f75b2e79e492f508f2164f2923381990498d75165ce0cfa74a99bc10e65c1,-91,,0,0,,0
08:35:24,,0,135ec4cde997a1457df86f431bb33e7a29e31005bd63d4dd4e571d5357ad8c3a,-66,,0,0,,0
08:35:24,,0,135ec4cde997a1457df86f431bb33e7a29e31005bd63d4dd4e571d5357ad8c3a,-73,,0,0,,0
08:35:25,,0,135ec4cde997a1457df86f431bb33e7a29e31005bd63d4dd4e571d5357ad8c3a,-70,,0,0,,0
08:35:26,,0,135ec4cde997a1457df86f431bb33e7a29e31005bd63d4dd4e571d5357ad8c3a,-82,,0,0,,0
08:35:27,,0,135ec4cde997a1457df86f431bb33e7a29e31005bd63d4dd4e571d5357ad8c3a,-54,,0,0,,0
08:35:27,,0,135ec4cde997a1457df86f431bb33e7a29e31005bd63d4dd4e571d5357ad8c3a,-60,,0,0,,0
08:35:28,,0,135ec4cde997a1457df86f431bb33e7a29e31005bd63d4dd4e571d5357ad8c3a,-72,,0,0,,0
08:35:29,,0,135ec4cde997a1457df86f431bb33e7a29e31005bd63d4dd4e571d5357ad8c3a,-66,,0,0,,0
08:35:30,,0,135ec4cde997a1457df86f431bb33e7a29e31005bd63d4dd4e571d5357ad8c3a,-83,,0,0,,0
08:35:31,,0,a92f75b2e79e492f508f2164f2923381990498d75165ce0cfa74a99bc10e65c1,-95,,0,0,,0
08:35:31,,0,a92f75b2e79e492f508f2164f2923381990498d75165ce0cfa74a99bc10e65c1,-88,,0,0,,0
08:35:32,,0,135ec4cde997a1457df86f431bb33e7a29e31005bd63d4dd4e571d5357ad8c3a,-71,,0,0,,0
08:35:33,,0,135ec4cde997a1457df86f431bb33e7a29e31005bd63d4dd4e571d5357ad8c3a,-71,,0,0,,0
08:35:34,,0,5c7570a731edd7c5f1219c65ee640538b8491b6c24df2fcff4d749c4a0f178fe,-39,,0,0,,0
08:35:34,,0,135ec4cde997a1457df86f431bb33e7a29e31005bd63d4dd4e571d5357ad8c3a,-71,,0,0,,0
08:35:35,,0,135ec4cde997a1457df86f431bb33e7a29e31005bd63d4dd4e571d5357ad8c3a,-73,,0,0,,0
08:35:36,,0,135ec4cde997a1457df86f431bb33e7a29e31005bd63d4dd4e571d5357ad8c3a,-72,,0,0,,0
08:35:37,,0,135ec4cde997a1457df86f431bb33e7a29e31005bd63d4dd4e571d5357ad8c3a,-68,,0,0,,0
08:35:38,,0,135ec4cde997a1457df86f431bb33e7a29e31005bd63d4dd4e571d5357ad8c3a,-68,,0,0,,0
08:35:38,,0,a92f75b2e79e492f508f2164f2923381990498d75165ce0cfa74a99bc10e65c1,-92,,0,0,,0
08:35:39,,0,135ec4cde997a1457df86f431bb33e7a29e31005bd63d4dd4e571d5357ad8c3a,-70,,0,0,,0
08:35:40,,0,135ec4cde997a1457df86f431bb33e7a29e31005bd63d4dd4e571d5357ad8c3a,-69,,0,0,,0
08:35:41,,0,135ec4cde997a1457df86f431bb33e7a29e31005bd63d4dd4e571d5357ad8c3a,-75,,0,0,,0
08:35:41,,0,5c7570a731edd7c5f1219c65ee640538b8491b6c24df2fcff4d749c4a0f178fe,-35,,0,0,,0
08:35:42,,0,135ec4cde997a1457df86f431bb33e7a29e31005bd63d4dd4e571d5357ad8c3a,-75,,0,0,,0
08:35:43,,0,135ec4cde997a1457df86f431bb33e7a29e31005bd63d4dd4e571d5357ad8c3a,-79,,0,0,,0
08:35:44,,0,135ec4cde997a1457df86f431bb33e7a29e31005bd63d4dd4e571d5357ad8c3a,-70,,0,0,,0
08:35:45,,0,135ec4cde997a1457df86f431bb33e7a29e31005bd63d4dd4e571d5357ad8c3a,-67,,0,0,,0
08:35:45,,0,135ec4cde997a1457df86f431bb33e7a29e31005bd63d4dd4e571d5357ad8c3a,-75,,0,0,,0
08:35:46,,0,135ec4cde997a1457df86f431bb33e7a29e31005bd63d4dd4e571d5357ad8c3a,-72,,0,0,,0
08:35:47,,0,135ec4cde997a1457df86f431bb33e7a29e31005bd63d4dd4e571d5357ad8c3a,-72,,0,0,,0
08:35:48,,0,135ec4cde997a1457df86f431bb33e7a29e31005bd63d4dd4e571d5357ad8c3a,-70,,0,0,,0
08:35:48,,0,135ec4cde997a1457df86f431bb33e7a29e31005bd63d4dd4e571d5357ad8c3a,-69,,0,0,,0
08:35:49,,0,135ec4cde997a1457df86f431bb33e7a29e31005bd63d4dd4e571d5357ad8c3a,-78,,0,0,,0
08:35:50,,0,135ec4cde997a1457df86f431bb33e7a29e31005bd63d4dd4e571d5357ad8c3a,-72,,0,0,,0
08:35:51,,0,135ec4cde997a1457df86f431bb33e7a29e31005bd63d4dd4e571d5357ad8c3a,-65,,0,0,,0
08:35:52,,0,135ec4cde997a1457df86f431bb33e7a29e31005bd63d4dd4e571d5357ad8c3a,-87,,0,0,,0
08:35:52,,0,135ec4cde997a1457df86f431bb33e7a29e31005bd63d4dd4e571d5357ad8c3a,-76,,0,0,,0
08:35:53,26.0,0,d6400dce30524787907e740dc4625ff58a5b92c77a9adf8a243c23ab7c8cf390,-93,,0,0,4.0,0
08:35:54,,0,135ec4cde997a1457df86f431bb33e7a29e31005bd63d4dd4e571d5357ad8c3a,-71,,0,0,,0
08:35:55,,0,a92f75b2e79e492f508f2164f2923381990498d75165ce0cfa74a99bc10e65c1,-96,,0,0,,0
08:35:55,,0,a92f75b2e79e492f508f2164f2923381990498d75165ce0cfa74a99bc10e65c1,-94,,0,0,,0
08:35:56,,0,135ec4cde997a1457df86f431bb33e7a29e31005bd63d4dd4e571d5357ad8c3a,-77,,0,0,,0
08:35:57,,0,135ec4cde997a1457df86f431bb33e7a29e31005bd63d4dd4e571d5357ad8c3a,-75,,0,0,,0
08:35:58,,0,a92f75b2e79e492f508f2164f2923381990498d75165ce0cfa74a99bc10e65c1,-94,,0,0,,0
08:35:59,,0,135ec4cde997a1457df86f431bb33e7a29e31005bd63d4dd4e571d5357ad8c3a,-70,,0,0,,0
08:35:59,,0,135ec4cde997a1457df86f431bb33e7a29e31005bd63d4dd4e571d5357ad8c3a,-75,,0,0,,0
08:36:00,,0,135ec4cde997a1457df86f431bb33e7a29e31005bd63d4dd4e571d5357ad8c3a,-73,,0,0,,0
08:36:01,,0,135ec4cde997a1457df86f431bb33e7a29e31005bd63d4dd4e571d5357ad8c3a,-67,,0,0,,0
08:36:02,,0,a92f75b2e79e492f508f2164f2923381990498d75165ce0cfa74a99bc10e65c1,-92,,0,0,,0
08:36:02,,0,135ec4cde997a1457df86f431bb33e7a29e31005bd63d4dd4e571d5357ad8c3a,-91,,0,0,,0
08:36:03,,0,a92f75b2e79e492f508f2164f2923381990498d75165ce0cfa74a99bc10e65c1,-94,,0,0,,0
08:36:04,,0,135ec4cde997a1457df86f431bb33e7a29e31005bd63d4dd4e571d5357ad8c3a,-72,,0,0,,0
08:36:05,,0,135ec4cde997a1457df86f431bb33e7a29e31005bd63d4dd4e571d5357ad8c3a,-67,,0,0,,0
08:36:06,,0,a92f75b2e79e492f508f2164f2923381990498d75165ce0cfa74a99bc10e65c1,-94,,0,0,,0
08:36:06,,0,135ec4cde997a1457df86f431bb33e7a29e31005bd63d4dd4e571d5357ad8c3a,-73,,0,0,,0
08:36:07,,0,a92f75b2e79e492f508f2164f2923381990498d75165ce0cfa74a99bc10e65c1,-93,,0,0,,0
08:36:08,26.0,0,d6400dce30524787907e740dc4625ff58a5b92c77a9adf8a243c23ab7c8cf390,-93,,0,0,4.0,0
08:36:09,,0,135ec4cde997a1457df86f431bb33e7a29e31005bd63d4dd4e571d5357ad8c3a,-67,,0,0,,0
08:36:10,,0,135ec4cde997a1457df86f431bb33e7a29e31005bd63d4dd4e571d5357ad8c3a,-74,,0,0,,0
08:36:10,,0,135ec4cde997a1457df86f431bb33e7a29e31005bd63d4dd4e571d5357ad8c3a,-75,,0,0,,0
08:36:11,,0,6bee75c87d2c58b2df2f92b7cbf706ebf620e46e63d95c7d4abd61d11c5c25ef,-94,,0,0,,0
08:36:12,,0,135ec4cde997a1457df86f431bb33e7a29e31005bd63d4dd4e571d5357ad8c3a,-71,,0,0,,0
08:36:13,26.0,0,d6400dce30524787907e740dc4625ff58a5b92c77a9adf8a243c23ab7c8cf390,-92,,0,0,4.0,0
08:36:13,,0,135ec4cde997a1457df86f431bb33e7a29e31005bd63d4dd4e571d5357ad8c3a,-72,,0,0,,0
08:36:14,,0,135ec4cde997a1457df86f431bb33e7a29e31005bd63d4dd4e571d5357ad8c3a,-72,,0,0,,0
08:36:15,,0,135ec4cde997a1457df86f431bb33e7a29e31005bd63d4dd4e571d5357ad8c3a,-77,,0,0,,0
08:36:16,,0,135ec4cde997a1457df86f431bb33e7a29e31005bd63d4dd4e571d5357ad8c3a,-71,,0,0,,0
08:36:17,,0,135ec4cde997a1457df86f431bb33e7a29e31005bd63d4dd4e571d5357ad8c3a,-78,,0,0,,0
08:36:17,,0,135ec4cde997a1457df86f431bb33e7a29e31005bd63d4dd4e571d5357ad8c3a,-71,,0,0,,0
08:36:18,,0,135ec4cde997a1457df86f431bb33e7a29e31005bd63d4dd4e571d5357ad8c3a,-71,,0,0,,0
08:36:19,,0,135ec4cde997a1457df86f431bb33e7a29e31005bd63d4dd4e571d5357ad8c3a,-73,,0,0,,0
08:36:20,,0,135ec4cde997a1457df86f431bb33e7a29e31005bd63d4dd4e571d5357ad8c3a,-72,,0,0,,0
08:36:20,,0,135ec4cde997a1457df86f431bb33e7a29e31005bd63d4dd4e571d5357ad8c3a,-81,,0,0,,0
08:36:21,,0,135ec4cde997a1457df86f431bb33e7a29e31005bd63d4dd4e571d5357ad8c3a,-75,,0,0,,0
08:36:22,,0,a92f75b2e79e492f508f2164f2923381990498d75165ce0cfa74a99bc10e65c1,-95,,0,0,,0
08:36:23,,0,135ec4cde997a1457df86f431bb33e7a29e31005bd63d4dd4e571d5357ad8c3a,-76,,0,0,,0
08:36:24,,0,135ec4cde997a1457df86f431bb33e7a29e31005bd63d4dd4e571d5357ad8c3a,-75,,0,0,,0
08:36:24,26.0,0,d6400dce30524787907e740dc4625ff58a5b92c77a9adf8a243c23ab7c8cf390,-92,,0,0,4.0,0
08:36:25,,0,135ec4cde997a1457df86f431bb33e7a29e31005bd63d4dd4e571d5357ad8c3a,-78,,0,0,,0
08:36:26,,0,135ec4cde997a1457df86f431bb33e7a29e31005bd63d4dd4e571d5357ad8c3a,-75,,0,0,,0
08:36:27,,0,135ec4cde997a1457df86f431bb33e7a29e31005bd63d4dd4e571d5357ad8c3a,-81,,0,0,,0
08:36:27,,0,135ec4cde997a1457df86f431bb33e7a29e31005bd63d4dd4e571d5357ad8c3a,-82,,0,0,,0
08:36:28,,0,135ec4cde997a1457df86f431bb33e7a29e31005bd63d4dd4e571d5357ad8c3a,-75,,0,0,,0
08:36:29,,0,135ec4cde997a1457df86f431bb33e7a29e31005bd63d4dd4e571d5357ad8c3a,-70,,0,0,,0
08:36:30,,0,5c7570a731edd7c5f1219c65ee640538b8491b6c24df2fcff4d749c4a0f178fe,-40,,0,0,,0
08:36:31,26.0,0,d6400dce30524787907e740dc4625ff58a5b92c77a9adf8a243c23ab7c8cf390,-89,,0,0,4.0,0
08:36:31,,0,135ec4cde997a1457df86f431bb33e7a29e31005bd63d4dd4e571d5357ad8c3a,-73,,0,0,,0
08:36:32,,0,135ec4cde997a1457df86f431bb33e7a29e31005bd63d4dd4e571d5357ad8c3a,-74,,0,0,,0
08:36:33,,0,135ec4cde997a1457df86f431bb33e7a29e31005bd63d4dd4e571d5357ad8c3a,-68,,0,0,,0
08:36:34,,0,135ec4cde997a1457df86f431bb33e7a29e31005bd63d4dd4e571d5357ad8c3a,-71,,0,0,,0
08:36:34,,0,135ec4cde997a1457df86f431bb33e7a29e31005bd63d4dd4e571d5357ad8c3a,-76,,0,0,,0
08:36:35,,0,135ec4cde997a1457df86f431bb33e7a29e31005bd63d4dd4e571d5357ad8c3a,-71,,0,0,,0
08:36:36,,0,135ec4cde997a1457df86f431bb33e7a29e31005bd63d4dd4e571d5357ad8c3a,-78,,0,0,,0
08:36:37,,0,135ec4cde997a1457df86f431bb33e7a29e31005bd63d4dd4e571d5357ad8c3a,-82,,0,0,,0
08:36:38,,0,135ec4cde997a1457df86f431bb33e7a29e31005bd63d4dd4e571d5357ad8c3a,-75,,0,0,,0
08:36:38,,0,135ec4cde997a1457df86f431bb33e7a29e31005bd63d4dd4e571d5357ad8c3a,-56,,0,0,,0
08:36:39,,0,135ec4cde997a1457df86f431bb33e7a29e31005bd63d4dd4e571d5357ad8c3a,-61,,0,0,,0
08:36:40,,0,135ec4cde997a1457df86f431bb33e7a29e31005bd63d4dd4e571d5357ad8c3a,-71,,0,0,,0
08:36:41,,0,135ec4cde997a1457df86f431bb33e7a29e31005bd63d4dd4e571d5357ad8c3a,-71,,0,0,,0
08:36:41,26.0,0,d6400dce30524787907e740dc4625ff58a5b92c77a9adf8a243c23ab7c8cf390,-88,,0,0,4.0,0
08:36:42,,0,135ec4cde997a1457df86f431bb33e7a29e31005bd63d4dd4e571d5357ad8c3a,-66,,0,0,,0
08:36:43,,0,135ec4cde997a1457df86f431bb33e7a29e31005bd63d4dd4e571d5357ad8c3a,-70,,0,0,,0
08:36:44,,0,5c7570a731edd7c5f1219c65ee640538b8491b6c24df2fcff4d749c4a0f178fe,-38,,0,0,,0
08:36:45,,0,135ec4cde997a1457df86f431bb33e7a29e31005bd63d4dd4e571d5357ad8c3a,-71,,0,0,,0
08:36:45,,0,135ec4cde997a1457df86f431bb33e7a29e31005bd63d4dd4e571d5357ad8c3a,-71,,0,0,,0
08:36:46,,0,135ec4cde997a1457df86f431bb33e7a29e31005bd63d4dd4e571d5357ad8c3a,-71,,0,0,,0
08:36:47,,0,135ec4cde997a1457df86f431bb33e7a29e31005bd63d4dd4e571d5357ad8c3a,-90,,0,0,,0
08:36:48,,0,135ec4cde997a1457df86f431bb33e7a29e31005bd63d4dd4e571d5357ad8c3a,-69,,0,0,,0
08:36:48,,0,135ec4cde997a1457df86f431bb33e7a29e31005bd63d4dd4e571d5357ad8c3a,-71,,0,0,,0
08:36:49,,0,135ec4cde997a1457df86f431bb33e7a29e31005bd63d4dd4e571d5357ad8c3a,-64,,0,0,,0
08:36:50,,0,135ec4cde997a1457df86f431bb33e7a29e31005bd63d4dd4e571d5357ad8c3a,-74,,0,0,,0
08:36:51,,0,135ec4cde997a1457df86f431bb33e7a29e31005bd63d4dd4e571d5357ad8c3a,-69,,0,0,,0
08:36:52,,0,a92f75b2e79e492f508f2164f2923381990498d75165ce0cfa74a99bc10e65c1,-93,,0,0,,0
08:36:52,,0,a92f75b2e79e492f508f2164f2923381990498d75165ce0cfa74a99bc10e65c1,-93,,0,0,,0
08:36:53,,0,6bee75c87d2c58b2df2f92b7cbf706ebf620e46e63d95c7d4abd61d11c5c25ef,-92,,0,0,,0
08:36:54,,0,a92f75b2e79e492f508f2164f2923381990498d75165ce0cfa74a99bc10e65c1,-96,,0,0,,0
08:36:55,,0,135ec4cde997a1457df86f431bb33e7a29e31005bd63d4dd4e571d5357ad8c3a,-70,,0,0,,0
08:36:55,,0,135ec4cde997a1457df86f431bb33e7a29e31005bd63d4dd4e571d5357ad8c3a,-73,,0,0,,0
08:36:56,,0,135ec4cde997a1457df86f431bb33e7a29e31005bd63d4dd4e571d5357ad8c3a,-67,,0,0,,0
08:36:57,,0,a92f75b2e79e492f508f2164f2923381990498d75165ce0cfa74a99bc10e65c1,-94,,0,0,,0
08:36:58,,0,135ec4cde997a1457df86f431bb33e7a29e31005bd63d4dd4e571d5357ad8c3a,-82,,0,0,,0
08:36:59,,0,a92f75b2e79e492f508f2164f2923381990498d75165ce0cfa74a99bc10e65c1,-97,,0,0,,0
08:36:59,,0,a92f75b2e79e492f508f2164f2923381990498d75165ce0cfa74a99bc10e65c1,-95,,0,0,,0
08:37:00,,0,135ec4cde997a1457df86f431bb33e7a29e31005bd63d4dd4e571d5357ad8c3a,-79,,0,0,,0
08:37:01,,0,135ec4cde997a1457df86f431bb33e7a29e31005bd63d4dd4e571d5357ad8c3a,-66,,0,0,,0
08:37:02,,0,135ec4cde997a1457df86f431bb33e7a29e31005bd63d4dd4e571d5357ad8c3a,-73,,0,0,,0
08:37:02,,0,135ec4cde997a1457df86f431bb33e7a29e31005bd63d4dd4e571d5357ad8c3a,-71,,0,0,,0
08:37:03,,0,135ec4cde997a1457df86f431bb33e7a29e31005bd63d4dd4e571d5357ad8c3a,-58,,0,0,,0
08:37:04,,0,135ec4cde997a1457df86f431bb33e7a29e31005bd63d4dd4e571d5357ad8c3a,-80,,0,0,,0
08:37:05,,0,135ec4cde997a1457df86f431bb33e7a29e31005bd63d4dd4e571d5357ad8c3a,-72,,0,0,,0
08:37:06,26.0,0,d6400dce30524787907e740dc4625ff58a5b92c77a9adf8a243c23ab7c8cf390,-91,,0,0,4.0,0
08:37:06,,0,135ec4cde997a1457df86f431bb33e7a29e31005bd63d4dd4e571d5357ad8c3a,-72,,0,0,,0
08:37:07,,0,135ec4cde997a1457df86f431bb33e7a29e31005bd63d4dd4e571d5357ad8c3a,-71,,0,0,,0
08:37:08,,0,135ec4cde997a1457df86f431bb33e7a29e31005bd63d4dd4e571d5357ad8c3a,-64,,0,0,,0
08:37:09,,0,135ec4cde997a1457df86f431bb33e7a29e31005bd63d4dd4e571d5357ad8c3a,-83,,0,0,,0
08:37:09,,0,135ec4cde997a1457df86f431bb33e7a29e31005bd63d4dd4e571d5357ad8c3a,-58,,0,0,,0
08:37:10,,0,135ec4cde997a1457df86f431bb33e7a29e31005bd63d4dd4e571d5357ad8c3a,-70,,0,0,,0
08:37:11,,0,135ec4cde997a1457df86f431bb33e7a29e31005bd63d4dd4e571d5357ad8c3a,-83,,0,0,,0
08:37:12,,0,5c7570a731edd7c5f1219c65ee640538b8491b6c24df2fcff4d749c4a0f178fe,-39,,0,0,,0
08:37:13,,0,135ec4cde997a1457df86f431bb33e7a29e31005bd63d4dd4e571d5357ad8c3a,-67,,0,0,,0
08:37:13,,0,135ec4cde997a1457df86f431bb33e7a29e31005bd63d4dd4e571d5357ad8c3a,-69,,0,0,,0
08:37:14,,0,135ec4cde997a1457df86f431bb33e7a29e31005bd63d4dd4e571d5357ad8c3a,-71,,0,0,,0
08:37:15,,0,135ec4cde997a1457df86f431bb33e7a29e31005bd63d4dd4e571d5357ad8c3a,-78,,0,0,,0
08:37:16,,0,135ec4cde997a1457df86f431bb33e7a29e31005bd63d4dd4e571d5357ad8c3a,-77,,0,0,,0
08:37:16,,0,a92f75b2e79e492f508f2164f2923381990498d75165ce0cfa74a99bc10e65c1,-93,,0,0,,0
08:37:17,,0,135ec4cde997a1457df86f431bb33e7a29e31005bd63d4dd4e571d5357ad8c3a,-84,,0,0,,0
08:37:18,,0,135ec4cde997a1457df86f431bb33e7a29e31005bd63d4dd4e571d5357ad8c3a,-80,,0,0,,0
08:37:19,,0,135ec4cde997a1457df86f431bb33e7a29e31005bd63d4dd4e571d5357ad8c3a,-71,,0,0,,0
08:37:20,,0,5c7570a731edd7c5f1219c65ee640538b8491b6c24df2fcff4d749c4a0f178fe,-36,,0,0,,0
08:37:20,,0,135ec4cde997a1457df86f431bb33e7a29e31005bd63d4dd4e571d5357ad8c3a,-76,,0,0,,0
08:37:21,,0,135ec4cde997a1457df86f431bb33e7a29e31005bd63d4dd4e571d5357ad8c3a,-68,,0,0,,0
08:37:22,,0,135ec4cde997a1457df86f431bb33e7a29e31005bd63d4dd4e571d5357ad8c3a,-70,,0,0,,0
08:37:23,,0,135ec4cde997a1457df86f431bb33e7a29e31005bd63d4dd4e571d5357ad8c3a,-77,,0,0,,0
08:37:23,,0,135ec4cde997a1457df86f431bb33e7a29e31005bd63d4dd4e571d5357ad8c3a,-68,,0,0,,0
08:37:24,,0,135ec4cde997a1457df86f431bb33e7a29e31005bd63d4dd4e571d5357ad8c3a,-69,,0,0,,0
08:37:25,,0,a92f75b2e79e492f508f2164f2923381990498d75165ce0cfa74a99bc10e65c1,-94,,0,0,,0
08:37:26,,0,5c7570a731edd7c5f1219c65ee640538b8491b6c24df2fcff4d749c4a0f178fe,-37,,0,0,,0
08:37:27,,0,135ec4cde997a1457df86f431bb33e7a29e31005bd63d4dd4e571d5357ad8c3a,-87,,0,0,,0
08:37:27,,0,135ec4cde997a1457df86f431bb33e7a29e31005bd63d4dd4e571d5357ad8c3a,-71,,0,0,,0
08:37:28,,0,135ec4cde997a1457df86f431bb33e7a29e31005bd63d4dd4e571d5357ad8c3a,-73,,0,0,,0
08:37:29,,0,135ec4cde997a1457df86f431bb33e7a29e31005bd63d4dd4e571d5357ad8c3a,-74,,0,0,,0
08:37:30,,0,135ec4cde997a1457df86f431bb33e7a29e31005bd63d4dd4e571d5357ad8c3a,-74,,0,0,,0
08:37:31,,0,135ec4cde997a1457df86f431bb33e7a29e31005bd63d4dd4e571d5357ad8c3a,-72,,0,0,,0
08:37:31,,0,135ec4cde997a1457df86f431bb33e7a29e31005bd63d4dd4e571d5357ad8c3a,-86,,0,0,,0
08:37:32,,0,135ec4cde997a1457df86f431bb33e7a29e31005bd63d4dd4e571d5357ad8c3a,-69,,0,0,,0
08:37:33,,0,135ec4cde997a1457df86f431bb33e7a29e31005bd63d4dd4e571d5357ad8c3a,-61,,0,0,,0
08:37:34,,0,135ec4cde997a1457df86f431bb33e7a29e31005bd63d4dd4e571d5357ad8c3a,-67,,0,0,,0
08:37:34,,0,135ec4cde997a1457df86f431bb33e7a29e31005bd63d4dd4e571d5357ad8c3a,-68,,0,0,,0
08:37:35,,0,135ec4cde997a1457df86f431bb33e7a29e31005bd63d4dd4e571d5357ad8c3a,-85,,0,0,,0
08:37:36,,0,135ec4cde997a1457df86f431bb33e7a29e31005bd63d4dd4e571d5357ad8c3a,-59,,0,0,,0
08:37:37,,0,135ec4cde997a1457df86f431bb33e7a29e31005bd63d4dd4e571d5357ad8c3a,-57,,0,0,,0
08:37:38,,0,135ec4cde997a1457df86f431bb33e7a29e31005bd63d4dd4e571d5357ad8c3a,-64,,0,0,,0
08:37:38,,0,135ec4cde997a1457df86f431bb33e7a29e31005bd63d4dd4e571d5357ad8c3a,-76,,0,0,,0
08:37:39,,0,135ec4cde997a1457df86f431bb33e7a29e31005bd63d4dd4e571d5357ad8c3a,-71,,0,0,,0
08:37:40,26.0,0,d6400dce30524787907e740dc4625ff58a5b92c77a9adf8a243c23ab7c8cf390,-86,,0,0,4.0,0
08:37:41,,0,135ec4cde997a1457df86f431bb33e7a29e31005bd63d4dd4e571d5357ad8c3a,-73,,0,0,,0
08:37:41,,0,135ec4cde997a1457df86f431bb33e7a29e31005bd63d4dd4e571d5357ad8c3a,-76,,0,0,,0
08:37:42,,0,135ec4cde997a1457df86f431bb33e7a29e31005bd63d4dd4e571d5357ad8c3a,-81,,0,0,,0
08:37:43,,0,135ec4cde997a1457df86f431bb33e7a29e31005bd63d4dd4e571d5357ad8c3a,-69,,0,0,,0
08:37:44,,0,135ec4cde997a1457df86f431bb33e7a29e31005bd63d4dd4e571d5357ad8c3a,-67,,0,0,,0
08:37:45,,0,135ec4cde997a1457df86f431bb33e7a29e31005bd63d4dd4e571d5357ad8c3a,-68,,0,0,,0
08:37:45,,0,135ec4cde997a1457df86f431bb33e7a29e31005bd63d4dd4e571d5357ad8c3a,-70,,0,0,,0
08:37:46,,0,135ec4cde997a1457df86f431bb33e7a29e31005bd63d4dd4e571d5357ad8c3a,-67,,0,0,,0
08:37:47,,0,135ec4cde997a1457df86f431bb33e7a29e31005bd63d4dd4e571d5357ad8c3a,-71,,0,0,,0
08:37:48,,0,135ec4cde997a1457df86f431bb33e7a29e31005bd63d4dd4e571d5357ad8c3a,-70,,0,0,,0
08:37:48,,0,135ec4cde997a1457df86f431bb33e7a29e31005bd63d4dd4e571d5357ad8c3a,-74,,0,0,,0
08:37:49,,0,135ec4cde997a1457df86f431bb33e7a29e31005bd63d4dd4e571d5357ad8c3a,-75,,0,0,,0
08:37:50,,0,135ec4cde997a1457df86f431bb33e7a29e31005bd63d4dd4e571d5357ad8c3a,-70,,0,0,,0
08:37:51,,0,135ec4cde997a1457df86f431bb33e7a29e31005bd63d4dd4e571d5357ad8c3a,-65,,0,0,,0
08:37:52,,0,135ec4cde997a1457df86f431bb33e7a29e31005bd63d4dd4e571d5357ad8c3a,-78,,0,0,,0
08:37:52,,0,135ec4cde997a1457df86f431bb33e7a29e31005bd63d4dd4e571d5357ad8c3a,-71,,0,0,,0
08:37:53,26.0,0,d6400dce30524787907e740dc4625ff58a5b92c77a9adf8a243c23ab7c8cf390,-87,,0,0,4.0,0
08:37:54,,0,135ec4cde997a1457df86f431bb33e7a29e31005bd63d4dd4e571d5357ad8c3a,-70,,0,0,,0
08:37:55,,0,135ec4cde997a1457df86f431bb33e7a29e31005bd63d4dd4e571d5357ad8c3a,-63,,0,0,,0
08:37:55,,0,135ec4cde997a1457df86f431bb33e7a29e31005bd63d4dd4e571d5357ad8c3a,-86,,0,0,,0
08:37:56,,0,135ec4cde997a1457df86f431bb33e7a29e31005bd63d4dd4e571d5357ad8c3a,-69,,0,0,,0
08:37:57,,0,135ec4cde997a1457df86f431bb33e7a29e31005bd63d4dd4e571d5357ad8c3a,-76,,0,0,,0
08:37:58,,0,135ec4cde997a1457df86f431bb33e7a29e31005bd63d4dd4e571d5357ad8c3a,-77,,0,0,,0
08:37:59,,0,135ec4cde997a1457df86f431bb33e7a29e31005bd63d4dd4e571d5357ad8c3a,-72,,0,0,,0
08:37:59,,0,135ec4cde997a1457df86f431bb33e7a29e31005bd63d4dd4e571d5357ad8c3a,-78,,0,0,,0
08:38:00,,0,135ec4cde997a1457df86f431bb33e7a29e31005bd63d4dd4e571d5357ad8c3a,-71,,0,0,,0
08:38:01,26.0,0,d6400dce30524787907e740dc4625ff58a5b92c77a9adf8a243c23ab7c8cf390,-89,,0,0,4.0,0
08:38:02,,0,135ec4cde997a1457df86f431bb33e7a29e31005bd63d4dd4e571d5357ad8c3a,-83,,0,0,,0
08:38:02,,0,135ec4cde997a1457df86f431bb33e7a29e31005bd63d4dd4e571d5357ad8c3a,-69,,0,0,,0
08:38:03,26.0,0,d6400dce30524787907e740dc4625ff58a5b92c77a9adf8a243c23ab7c8cf390,-90,,0,0,4.0,0
08:38:04,,0,135ec4cde997a1457df86f431bb33e7a29e31005bd63d4dd4e571d5357ad8c3a,-69,,0,0,,0
08:38:05,,0,135ec4cde997a1457df86f431bb33e7a29e31005bd63d4dd4e571d5357ad8c3a,-65,,0,0,,0
08:38:06,,0,5c7570a731edd7c5f1219c65ee640538b8491b6c24df2fcff4d749c4a0f178fe,-36,,0,0,,0
08:38:06,,0,135ec4cde997a1457df86f431bb33e7a29e31005bd63d4dd4e571d5357ad8c3a,-77,,0,0,,0
08:38:07,,0,135ec4cde997a1457df86f431bb33e7a29e31005bd63d4dd4e571d5357ad8c3a,-75,,0,0,,0
08:38:08,,0,5c7570a731edd7c5f1219c65ee640538b8491b6c24df2fcff4d749c4a0f178fe,-40,,0,0,,0
08:38:09,,0,135ec4cde997a1457df86f431bb33e7a29e31005bd63d4dd4e571d5357ad8c3a,-65,,0,0,,0
08:38:09,,0,135ec4cde997a1457df86f431bb33e7a29e31005bd63d4dd4e571d5357ad8c3a,-74,,0,0,,0
08:38:10,,0,135ec4cde997a1457df86f431bb33e7a29e31005bd63d4dd4e571d5357ad8c3a,-73,,0,0,,0
08:38:11,,0,135ec4cde997a1457df86f431bb33e7a29e31005bd63d4dd4e571d5357ad8c3a,-73,,0,0,,0
08:38:12,,0,135ec4cde997a1457df86f431bb33e7a29e31005bd63d4dd4e571d5357ad8c3a,-76,,0,0,,0
08:38:13,,0,135ec4cde997a1457df86f431bb33e7a29e31005bd63d4dd4e571d5357ad8c3a,-72,,0,0,,0
08:38:13,,0,135ec4cde997a1457df86f431bb33e7a29e31005bd63d4dd4e571d5357ad8c3a,-78,,0,0,,0
08:38:14,,0,135ec4cde997a1457df86f431bb33e7a29e31005bd63d4dd4e571d5357ad8c3a,-68,,0,0,,0
08:38:15,,0,135ec4cde997a1457df86f431bb33e7a29e31005bd63d4dd4e571d5357ad8c3a,-74,,0,0,,0
08:38:16,,0,135ec4cde997a1457df86f431bb33e7a29e31005bd63d4dd4e571d5357ad8c3a,-64,,0,0,,0
08:38:16,,0,135ec4cde997a1457df86f431bb33e7a29e31005bd63d4dd4e571d5357ad8c3a,-66,,0,0,,0
08:38:17,,0,135ec4cde997a1457df86f431bb33e7a29e31005bd63d4dd4e571d5357ad8c3a,-69,,0,0,,0
08:38:18,,0,135ec4cde997a1457df86f431bb33e7a29e31005bd63d4dd4e571d5357ad8c3a,-69,,0,0,,0
08:38:19,,0,135ec4cde997a1457df86f431bb33e7a29e31005bd63d4dd4e571d5357ad8c3a,-75,,0,0,,0
08:38:19,,0,135ec4cde997a1457df86f431bb33e7a29e31005bd63d4dd4e571d5357ad8c3a,-71,,0,0,,0
08:38:20,,0,135ec4cde997a1457df86f431bb33e7a29e31005bd63d4dd4e571d5357ad8c3a,-68,,0,0,,0
08:38:21,,0,135ec4cde997a1457df86f431bb33e7a29e31005bd63d4dd4e571d5357ad8c3a,-67,,0,0,,0
08:38:22,,0,135ec4cde997a1457df86f431bb33e7a29e31005bd63d4dd4e571d5357ad8c3a,-70,,0,0,,0
08:38:23,,0,a92f75b2e79e492f508f2164f2923381990498d75165ce0cfa74a99bc10e65c1,-94,,0,0,,0
08:38:23,,0,135ec4cde997a1457df86f431bb33e7a29e31005bd63d4dd4e571d5357ad8c3a,-90,,0,0,,0
08:38:24,,0,135ec4cde997a1457df86f431bb33e7a29e31005bd63d4dd4e571d5357ad8c3a,-66,,0,0,,0
08:38:25,,0,135ec4cde997a1457df86f431bb33e7a29e31005bd63d4dd4e571d5357ad8c3a,-73,,0,0,,0
08:38:26,,0,135ec4cde997a1457df86f431bb33e7a29e31005bd63d4dd4e571d5357ad8c3a,-72,,0,0,,0
08:38:27,,0,135ec4cde997a1457df86f431bb33e7a29e31005bd63d4dd4e571d5357ad8c3a,-75,,0,0,,0
08:38:27,,0,135ec4cde997a1457df86f431bb33e7a29e31005bd63d4dd4e571d5357ad8c3a,-81,,0,0,,0
08:38:28,,0,135ec4cde997a1457df86f431bb33e7a29e31005bd63d4dd4e571d5357ad8c3a,-64,,0,0,,0
08:38:29,,0,135ec4cde997a1457df86f431bb33e7a29e31005bd63d4dd4e571d5357ad8c3a,-65,,0,0,,0
08:38:30,,0,135ec4cde997a1457df86f431bb33e7a29e31005bd63d4dd4e571d5357ad8c3a,-84,,0,0,,0
08:38:30,,0,135ec4cde997a1457df86f431bb33e7a29e31005bd63d4dd4e571d5357ad8c3a,-67,,0,0,,0
08:38:31,,0,135ec4cde997a1457df86f431bb33e7a29e31005bd63d4dd4e571d5357ad8c3a,-70,,0,0,,0
08:38:32,,0,135ec4cde997a1457df86f431bb33e7a29e31005bd63d4dd4e571d5357ad8c3a,-78,,0,0,,0
08:38:33,,0,135ec4cde997a1457df86f431bb33e7a29e31005bd63d4dd4e571d5357ad8c3a,-75,,0,0,,0
08:38:34,,0,5c7570a731edd7c5f1219c65ee640538b8491b6c24df2fcff4d749c4a0f178fe,-39,,0,0,,0
08:38:34,,0,135ec4cde997a1457df86f431bb33e7a29e31005bd63d4dd4e571d5357ad8c3a,-76,,0,0,,0
08:38:35,,0,135ec4cde997a1457df86f431bb33e7a29e31005bd63d4dd4e571d5357ad8c3a,-80,,0,0,,0
08:38:36,,0,135ec4cde997a1457df86f431bb33e7a29e31005bd63d4dd4e571d5357ad8c3a,-77,,0,0,,0
08:38:37,,0,135ec4cde997a1457df86f431bb33e7a29e31005bd63d4dd4e571d5357ad8c3a,-69,,0,0,,0
08:38:37,,0,135ec4cde997a1457df86f431bb33e7a29e31005bd63d4dd4e571d5357ad8c3a,-70,,0,0,,0
08:38:38,,0,135ec4cde997a1457df86f431bb33e7a29e31005bd63d4dd4e571d5357ad8c3a,-78,,0,0,,0
08:38:39,,0,135ec4cde997a1457df86f431bb33e7a29e31005bd63d4dd4e571d5357ad8c3a,-72,,0,0,,0
08:38:40,,0,135ec4cde997a1457df86f431bb33e7a29e31005bd63d4dd4e571d5357ad8c3a,-79,,0,0,,0
08:38:41,,0,135ec4cde997a1457df86f431bb33e7a29e31005bd63d4dd4e571d5357ad8c3a,-70,,0,0,,0
08:38:41,,0,135ec4cde997a1457df86f431bb33e7a29e31005bd63d4dd4e571d5357ad8c3a,-69,,0,0,,0
08:38:42,,0,135ec4cde997a1457df86f431bb33e7a29e31005bd63d4dd4e571d5357ad8c3a,-75,,0,0,,0
08:38:43,,0,135ec4cde997a1457df86f431bb33e7a29e31005bd63d4dd4e571d5357ad8c3a,-84,,0,0,,0
08:38:44,,0,135ec4cde997a1457df86f431bb33e7a29e31005bd63d4dd4e571d5357ad8c3a,-73,,0,0,,0
08:38:44,,0,135ec4cde997a1457df86f431bb33e7a29e31005bd63d4dd4e571d5357ad8c3a,-70,,0,0,,0
08:38:45,,0,135ec4cde997a1457df86f431bb33e7a29e31005bd63d4dd4e571d5357ad8c3a,-78,,0,0,,0
08:38:46,,0,135ec4cde997a1457df86f431bb33e7a29e31005bd63d4dd4e571d5357ad8c3a,-75,,0,0,,0
08:38:47,,0,a92f75b2e79e492f508f2164f2923381990498d75165ce0cfa74a99bc10e65c1,-93,,0,0,,0
08:38:48,,0,135ec4cde997a1457df86f431bb33e7a29e31005bd63d4dd4e571d5357ad8c3a,-74,,0,0,,0
08:38:48,,0,6bee75c87d2c58b2df2f92b7cbf706ebf620e46e63d95c7d4abd61d11c5c25ef,-88,,0,0,,0
08:38:49,,0,135ec4cde997a1457df86f431bb33e7a29e31005bd63d4dd4e571d5357ad8c3a,-72,,0,0,,0
08:38:50,,0,135ec4cde997a1457df86f431bb33e7a29e31005bd63d4dd4e571d5357ad8c3a,-73,,0,0,,0
08:38:51,,0,135ec4cde997a1457df86f431bb33e7a29e31005bd63d4dd4e571d5357ad8c3a,-69,,0,0,,0
08:38:51,,0,a92f75b2e79e492f508f2164f2923381990498d75165ce0cfa74a99bc10e65c1,-94,,0,0,,0
08:38:52,26.0,0,d6400dce30524787907e740dc4625ff58a5b92c77a9adf8a243c23ab7c8cf390,-89,,0,0,4.0,0
08:38:53,,0,135ec4cde997a1457df86f431bb33e7a29e31005bd63d4dd4e571d5357ad8c3a,-69,,0,0,,0
08:38:54,,0,135ec4cde997a1457df86f431bb33e7a29e31005bd63d4dd4e571d5357ad8c3a,-61,,0,0,,0
08:38:55,,0,135ec4cde997a1457df86f431bb33e7a29e31005bd63d4dd4e571d5357ad8c3a,-84,,0,0,,0
08:38:55,,0,135ec4cde997a1457df86f431bb33e7a29e31005bd63d4dd4e571d5357ad8c3a,-69,,0,0,,0
08:38:56,,0,135ec4cde997a1457df86f431bb33e7a29e31005bd63d4dd4e571d5357ad8c3a,-75,,0,0,,0
08:38:57,,0,135ec4cde997a1457df86f431bb33e7a29e31005bd63d4dd4e571d5357ad8c3a,-65,,0,0,,0
08:38:58,,0,135ec4cde997a1457df86f431bb33e7a29e31005bd63d4dd4e571d5357ad8c3a,-72,,0,0,,0
08:38:59,,0,135ec4cde997a1457df86f431bb33e7a29e31005bd63d4dd4e571d5357ad8c3a,-69,,0,0,,0
08:38:59,26.0,0,d6400dce30524787907e740dc4625ff58a5b92c77a9adf8a243c23ab7c8cf390,-89,,0,0,4.0,0
08:39:00,,0,135ec4cde997a1457df86f431bb33e7a29e31005bd63d4dd4e571d5357ad8c3a,-70,,0,0,,0
08:39:01,,0,135ec4cde997a1457df86f431bb33e7a29e31005bd63d4dd4e571d5357ad8c3a,-71,,0,0,,0
08:39:02,,0,135ec4cde997a1457df86f431bb33e7a29e31005bd63d4dd4e571d5357ad8c3a,-70,,0,0,,0
08:39:02,,0,135ec4cde997a1457df86f431bb33e7a29e31005bd63d4dd4e571d5357ad8c3a,-68,,0,0,,0
08:39:03,,0,135ec4cde997a1457df86f431bb33e7a29e31005bd63d4dd4e571d5357ad8c3a,-69,,0,0,,0
08:39:04,,0,135ec4cde997a1457df86f431bb33e7a29e31005bd63d4dd4e571d5357ad8c3a,-74,,0,0,,0
08:39:05,,0,135ec4cde997a1457df86f431bb33e7a29e31005bd63d4dd4e571d5357ad8c3a,-72,,0,0,,0
08:39:06,26.0,0,d6400dce30524787907e740dc4625ff58a5b92c77a9adf8a243c23ab7c8cf390,-91,,0,0,4.0,0
08:39:06,,0,135ec4cde997a1457df86f431bb33e7a29e31005bd63d4dd4e571d5357ad8c3a,-68,,0,0,,0
08:39:07,,0,135ec4cde997a1457df86f431bb33e7a29e31005bd63d4dd4e571d5357ad8c3a,-71,,0,0,,0
08:39:08,,0,135ec4cde997a1457df86f431bb33e7a29e31005bd63d4dd4e571d5357ad8c3a,-80,,0,0,,0
08:39:09,26.0,0,d6400dce30524787907e740dc4625ff58a5b92c77a9adf8a243c23ab7c8cf390,-91,,0,0,4.0,0
08:39:09,,0,135ec4cde997a1457df86f431bb33e7a29e31005bd63d4dd4e571d5357ad8c3a,-74,,0,0,,0
08:39:10,,0,135ec4cde997a1457df86f431bb33e7a29e31005bd63d4dd4e571d5357ad8c3a,-70,,0,0,,0
08:39:11,,0,135ec4cde997a1457df86f431bb33e7a29e31005bd63d4dd4e571d5357ad8c3a,-70,,0,0,,0
08:39:12,,0,135ec4cde997a1457df86f431bb33e7a29e31005bd63d4dd4e571d5357ad8c3a,-70,,0,0,,0
08:39:13,,0,135ec4cde997a1457df86f431bb33e7a29e31005bd63d4dd4e571d5357ad8c3a,-71,,0,0,,0
08:39:13,,0,135ec4cde997a1457df86f431bb33e7a29e31005bd63d4dd4e571d5357ad8c3a,-72,,0,0,,0
08:39:14,,0,a92f75b2e79e492f508f2164f2923381990498d75165ce0cfa74a99bc10e65c1,-95,,0,0,,0
08:39:15,,0,135ec4cde997a1457df86f431bb33e7a29e31005bd63d4dd4e571d5357ad8c3a,-72,,0,0,,0
08:39:16,,0,5c7570a731edd7c5f1219c65ee640538b8491b6c24df2fcff4d749c4a0f178fe,-37,,0,0,,0
08:39:16,,0,135ec4cde997a1457df86f431bb33e7a29e31005bd63d4dd4e571d5357ad8c3a,-71,,0,0,,0
08:39:17,,0,135ec4cde997a1457df86f431bb33e7a29e31005bd63d4dd4e571d5357ad8c3a,-68,,0,0,,0
08:39:18,,0,135ec4cde997a1457df86f431bb33e7a29e31005bd63d4dd4e571d5357ad8c3a,-67,,0,0,,0
08:39:19,,0,135ec4cde997a1457df86f431bb33e7a29e31005bd63d4dd4e571d5357ad8c3a,-80,,0,0,,0
08:39:20,,0,135ec4cde997a1457df86f431bb33e7a29e31005bd63d4dd4e571d5357ad8c3a,-72,,0,0,,0
08:39:20,,0,135ec4cde997a1457df86f431bb33e7a29e31005bd63d4dd4e571d5357ad8c3a,-73,,0,0,,0
08:39:21,,0,135ec4cde997a1457df86f431bb33e7a29e31005bd63d4dd4e571d5357ad8c3a,-83,,0,0,,0
08:39:22,,0,135ec4cde997a1457df86f431bb33e7a29e31005bd63d4dd4e571d5357ad8c3a,-70,,0,0,,0
08:39:23,,0,135ec4cde997a1457df86f431bb33e7a29e31005bd63d4dd4e571d5357ad8c3a,-75,,0,0,,0
08:39:23,,0,135ec4cde997a1457df86f431bb33e7a29e31005bd63d4dd4e571d5357ad8c3a,-71,,0,0,,0
08:39:24,26.0,0,d6400dce30524787907e740dc4625ff58a5b92c77a9adf8a243c23ab7c8cf390,-88,,0,0,4.0,0
08:39:25,,0,135ec4cde997a1457df86f431bb33e7a29e31005bd63d4dd4e571d5357ad8c3a,-70,,0,0,,0
08:39:26,,0,135ec4cde997a1457df86f431bb33e7a29e31005bd63d4dd4e571d5357ad8c3a,-73,,0,0,,0
08:39:27,,0,135ec4cde997a1457df86f431bb33e7a29e31005bd63d4dd4e571d5357ad8c3a,-75,,0,0,,0
08:39:27,26.0,0,d6400dce30524787907e740dc4625ff58a5b92c77a9adf8a243c23ab7c8cf390,-87,,0,0,4.0,0
08:39:28,,0,135ec4cde997a1457df86f431bb33e7a29e31005bd63d4dd4e571d5357ad8c3a,-69,,0,0,,0
08:39:29,,0,135ec4cde997a1457df86f431bb33e7a29e31005bd63d4dd4e571d5357ad8c3a,-69,,0,0,,0
08:39:30,,0,135ec4cde997a1457df86f431bb33e7a29e31005bd63d4dd4e571d5357ad8c3a,-69,,0,0,,0
08:39:30,,0,135ec4cde997a1457df86f431bb33e7a29e31005bd63d4dd4e571d5357ad8c3a,-82,,0,0,,0
08:39:31,,0,135ec4cde997a1457df86f431bb33e7a29e31005bd63d4dd4e571d5357ad8c3a,-79,,0,0,,0
08:39:32,26.0,0,d6400dce30524787907e740dc4625ff58a5b92c77a9adf8a243c23ab7c8cf390,-88,,0,0,4.0,0
08:39:33,,0,135ec4cde997a1457df86f431bb33e7a29e31005bd63d4dd4e571d5357ad8c3a,-77,,0,0,,0
08:39:33,,0,135ec4cde997a1457df86f431bb33e7a29e31005bd63d4dd4e571d5357ad8c3a,-65,,0,0,,0
08:39:34,,0,135ec4cde997a1457df86f431bb33e7a29e31005bd63d4dd4e571d5357ad8c3a,-66,,0,0,,0
08:39:35,,0,a92f75b2e79e492f508f2164f2923381990498d75165ce0cfa74a99bc10e65c1,-95,,0,0,,0
08:39:36,,0,135ec4cde997a1457df86f431bb33e7a29e31005bd63d4dd4e571d5357ad8c3a,-75,,0,0,,0
08:39:37,,0,135ec4cde997a1457df86f431bb33e7a29e31005bd63d4dd4e571d5357ad8c3a,-74,,0,0,,0
08:39:37,,0,135ec4cde997a1457df86f431bb33e7a29e31005bd63d4dd4e571d5357ad8c3a,-78,,0,0,,0
08:39:38,,0,135ec4cde997a1457df86f431bb33e7a29e31005bd63d4dd4e571d5357ad8c3a,-69,,0,0,,0
08:39:39,,0,135ec4cde997a1457df86f431bb33e7a29e31005bd63d4dd4e571d5357ad8c3a,-69,,0,0,,0
08:39:40,,0,a92f75b2e79e492f508f2164f2923381990498d75165ce0cfa74a99bc10e65c1,-96,,0,0,,0
08:39:41,,0,135ec4cde997a1457df86f431bb33e7a29e31005bd63d4dd4e571d5357ad8c3a,-80,,0,0,,0
08:39:41,,0,135ec4cde997a1457df86f431bb33e7a29e31005bd63d4dd4e571d5357ad8c3a,-67,,0,0,,0
08:39:42,,0,135ec4cde997a1457df86f431bb33e7a29e31005bd63d4dd4e571d5357ad8c3a,-71,,0,0,,0
08:39:43,,0,135ec4cde997a1457df86f431bb33e7a29e31005bd63d4dd4e571d5357ad8c3a,-69,,0,0,,0
08:39:44,,0,a92f75b2e79e492f508f2164f2923381990498d75165ce0cfa74a99bc10e65c1,-95,,0,0,,0
08:39:44,,0,135ec4cde997a1457df86f431bb33e7a29e31005bd63d4dd4e571d5357ad8c3a,-73,,0,0,,0
08:39:45,,0,135ec4cde997a1457df86f431bb33e7a29e31005bd63d4dd4e571d5357ad8c3a,-60,,0,0,,0
08:39:46,,0,135ec4cde997a1457df86f431bb33e7a29e31005bd63d4dd4e571d5357ad8c3a,-73,,0,0,,0
08:39:47,,0,135ec4cde997a1457df86f431bb33e7a29e31005bd63d4dd4e571d5357ad8c3a,-71,,0,0,,0
08:39:48,26.0,0,d6400dce30524787907e740dc4625ff58a5b92c77a9adf8a243c23ab7c8cf390,-93,,0,0,4.0,0
08:39:48,,0,135ec4cde997a1457df86f431bb33e7a29e31005bd63d4dd4e571d5357ad8c3a,-82,,0,0,,0
08:39:49,,0,135ec4cde997a1457df86f431bb33e7a29e31005bd63d4dd4e571d5357ad8c3a,-83,,0,0,,0
08:39:50,,0,135ec4cde997a1457df86f431bb33e7a29e31005bd63d4dd4e571d5357ad8c3a,-74,,0,0,,0
08:39:51,,0,135ec4cde997a1457df86f431bb33e7a29e31005bd63d4dd4e571d5357ad8c3a,-85,,0,0,,0
08:39:51,,0,135ec4cde997a1457df86f431bb33e7a29e31005bd63d4dd4e571d5357ad8c3a,-73,,0,0,,0
08:39:52,,0,135ec4cde997a1457df86f431bb33e7a29e31005bd63d4dd4e571d5357ad8c3a,-66,,0,0,,0
08:39:53,,0,135ec4cde997a1457df86f431bb33e7a29e31005bd63d4dd4e571d5357ad8c3a,-69,,0,0,,0
08:39:54,,0,135ec4cde997a1457df86f431bb33e7a29e31005bd63d4dd4e571d5357ad8c3a,-73,,0,0,,0
08:39:54,,0,135ec4cde997a1457df86f431bb33e7a29e31005bd63d4dd4e571d5357ad8c3a,-71,,0,0,,0
08:39:55,,0,135ec4cde997a1457df86f431bb33e7a29e31005bd63d4dd4e571d5357ad8c3a,-57,,0,0,,0
08:39:56,,0,135ec4cde997a1457df86f431bb33e7a29e31005bd63d4dd4e571d5357ad8c3a,-65,,0,0,,0
08:39:57,,0,135ec4cde997a1457df86f431bb33e7a29e31005bd63d4dd4e571d5357ad8c3a,-77,,0,0,,0
08:39:58,,0,135ec4cde997a1457df86f431bb33e7a29e31005bd63d4dd4e571d5357ad8c3a,-70,,0,0,,0
08:39:58,,0,135ec4cde997a1457df86f431bb33e7a29e31005bd63d4dd4e571d5357ad8c3a,-87,,0,0,,0
08:39:59,,0,135ec4cde997a1457df86f431bb33e7a29e31005bd63d4dd4e571d5357ad8c3a,-63,,0,0,,0
08:40:00,,0,135ec4cde997a1457df86f431bb33e7a29e31005bd63d4dd4e571d5357ad8c3a,-68,,0,0,,0
08:40:01,,0,135ec4cde997a1457df86f431bb33e7a29e31005bd63d4dd4e571d5357ad8c3a,-74,,0,0,,0
08:40:02,,0,135ec4cde997a1457df86f431bb33e7a29e31005bd63d4dd4e571d5357ad8c3a,-72,,0,0,,0
08:40:02,26.0,0,d6400dce30524787907e740dc4625ff58a5b92c77a9adf8a243c23ab7c8cf390,-89,,0,0,4.0,0
08:40:03,,0,135ec4cde997a1457df86f431bb33e7a29e31005bd63d4dd4e571d5357ad8c3a,-73,,0,0,,0
08:40:04,,0,5c7570a731edd7c5f1219c65ee640538b8491b6c24df2fcff4d749c4a0f178fe,-41,,0,0,,0
08:40:05,,0,6bee75c87d2c58b2df2f92b7cbf706ebf620e46e63d95c7d4abd61d11c5c25ef,-91,,0,0,,0
08:40:05,26.0,0,d6400dce30524787907e740dc4625ff58a5b92c77a9adf8a243c23ab7c8cf390,-91,,0,0,4.0,0
08:40:06,,0,135ec4cde997a1457df86f431bb33e7a29e31005bd63d4dd4e571d5357ad8c3a,-68,,0,0,,0
08:40:07,,0,135ec4cde997a1457df86f431bb33e7a29e31005bd63d4dd4e571d5357ad8c3a,-69,,0,0,,0
08:40:08,,0,135ec4cde997a1457df86f431bb33e7a29e31005bd63d4dd4e571d5357ad8c3a,-79,,0,0,,0
08:40:09,,0,135ec4cde997a1457df86f431bb33e7a29e31005bd63d4dd4e571d5357ad8c3a,-76,,0,0,,0
08:40:09,26.0,0,d6400dce30524787907e740dc4625ff58a5b92c77a9adf8a243c23ab7c8cf390,-91,,0,0,4.0,0
08:40:10,,0,135ec4cde997a1457df86f431bb33e7a29e31005bd63d4dd4e571d5357ad8c3a,-70,,0,0,,0
08:40:11,,0,135ec4cde997a1457df86f431bb33e7a29e31005bd63d4dd4e571d5357ad8c3a,-84,,0,0,,0
08:40:12,,0,135ec4cde997a1457df86f431bb33e7a29e31005bd63d4dd4e571d5357ad8c3a,-71,,0,0,,0
08:40:12,,0,135ec4cde997a1457df86f431bb33e7a29e31005bd63d4dd4e571d5357ad8c3a,-76,,0,0,,0
08:40:13,,0,135ec4cde997a1457df86f431bb33e7a29e31005bd63d4dd4e571d5357ad8c3a,-70,,0,0,,0
08:40:14,,0,135ec4cde997a1457df86f431bb33e7a29e31005bd63d4dd4e571d5357ad8c3a,-67,,0,0,,0
08:40:15,,0,135ec4cde997a1457df86f431bb33e7a29e31005bd63d4dd4e571d5357ad8c3a,-68,,0,0,,0
08:40:16,,0,135ec4cde997a1457df86f431bb33e7a29e31005bd63d4dd4e571d5357ad8c3a,-73,,0,0,,0
08:40:16,,0,135ec4cde997a1457df86f431bb33e7a29e31005bd63d4dd4e571d5357ad8c3a,-75,,0,0,,0
08:40:17,,0,135ec4cde997a1457df86f431bb33e7a29e31005bd63d4dd4e571d5357ad8c3a,-76,,0,0,,0
08:40:18,,0,5c7570a731edd7c5f1219c65ee640538b8491b6c24df2fcff4d749c4a0f178fe,-38,,0,0,,0
08:40:19,,0,135ec4cde997a1457df86f431bb33e7a29e31005bd63d4dd4e571d5357ad8c3a,-69,,0,0,,0
08:40:19,,0,135ec4cde997a1457df86f431bb33e7a29e31005bd63d4dd4e571d5357ad8c3a,-76,,0,0,,0
08:40:20,,0,135ec4cde997a1457df86f431bb33e7a29e31005bd63d4dd4e571d5357ad8c3a,-75,,0,0,,0
08:40:21,,0,135ec4cde997a1457df86f431bb33e7a29e31005bd63d4dd4e571d5357ad8c3a,-65,,0,0,,0
08:40:22,,0,135ec4cde997a1457df86f431bb33e7a29e31005bd63d4dd4e571d5357ad8c3a,-67,,0,0,,0
08:40:23,,0,135ec4cde997a1457df86f431bb33e7a29e31005bd63d4dd4e571d5357ad8c3a,-71,,0,0,,0
08:40:23,,0,a92f75b2e79e492f508f2164f2923381990498d75165ce0cfa74a99bc10e65c1,-95,,0,0,,0
08:40:24,,0,135ec4cde997a1457df86f431bb33e7a29e31005bd63d4dd4e571d5357ad8c3a,-68,,0,0,,0
08:40:25,,0,135ec4cde997a1457df86f431bb33e7a29e31005bd63d4dd4e571d5357ad8c3a,-67,,0,0,,0
08:40:26,,0,135ec4cde997a1457df86f431bb33e7a29e31005bd63d4dd4e571d5357ad8c3a,-71,,0,0,,0
08:40:27,,0,135ec4cde997a1457df86f431bb33e7a29e31005bd63d4dd4e571d5357ad8c3a,-75,,0,0,,0
08:40:27,,0,135ec4cde997a1457df86f431bb33e7a29e31005bd63d4dd4e571d5357ad8c3a,-71,,0,0,,0
08:40:28,,0,135ec4cde997a1457df86f431bb33e7a29e31005bd63d4dd4e571d5357ad8c3a,-71,,0,0,,0
08:40:29,,0,135ec4cde997a1457df86f431bb33e7a29e31005bd63d4dd4e571d5357ad8c3a,-66,,0,0,,0
08:40:30,,0,135ec4cde997a1457df86f431bb33e7a29e31005bd63d4dd4e571d5357ad8c3a,-80,,0,0,,0
08:40:30,,0,135ec4cde997a1457df86f431bb33e7a29e31005bd63d4dd4e571d5357ad8c3a,-72,,0,0,,0
08:40:31,,0,135ec4cde997a1457df86f431bb33e7a29e31005bd63d4dd4e571d5357ad8c3a,-67,,0,0,,0
08:40:32,,0,a92f75b2e79e492f508f2164f2923381990498d75165ce0cfa74a99bc10e65c1,-97,,0,0,,0
08:40:33,,0,135ec4cde997a1457df86f431bb33e7a29e31005bd63d4dd4e571d5357ad8c3a,-79,,0,0,,0
08:40:34,,0,135ec4cde997a1457df86f431bb33e7a29e31005bd63d4dd4e571d5357ad8c3a,-76,,0,0,,0
08:40:34,,0,135ec4cde997a1457df86f431bb33e7a29e31005bd63d4dd4e571d5357ad8c3a,-79,,0,0,,0
08:40:35,,0,135ec4cde997a1457df86f431bb33e7a29e31005bd63d4dd4e571d5357ad8c3a,-68,,0,0,,0
08:40:36,,0,135ec4cde997a1457df86f431bb33e7a29e31005bd63d4dd4e571d5357ad8c3a,-75,,0,0,,0
08:40:37,,0,135ec4cde997a1457df86f431bb33e7a29e31005bd63d4dd4e571d5357ad8c3a,-72,,0,0,,0
08:40:37,,0,135ec4cde997a1457df86f431bb33e7a29e31005bd63d4dd4e571d5357ad8c3a,-72,,0,0,,0
08:40:38,,0,135ec4cde997a1457df86f431bb33e7a29e31005bd63d4dd4e571d5357ad8c3a,-73,,0,0,,0
08:40:39,26.0,0,d6400dce30524787907e740dc4625ff58a5b92c77a9adf8a243c23ab7c8cf390,-88,,0,0,4.0,0
08:40:40,,0,135ec4cde997a1457df86f431bb33e7a29e31005bd63d4dd4e571d5357ad8c3a,-64,,0,0,,0
08:40:41,26.0,0,d6400dce30524787907e740dc4625ff58a5b92c77a9adf8a243c23ab7c8cf390,-89,,0,0,4.0,0
08:40:41,,0,135ec4cde997a1457df86f431bb33e7a29e31005bd63d4dd4e571d5357ad8c3a,-76,,0,0,,0
08:40:42,,0,135ec4cde997a1457df86f431bb33e7a29e31005bd63d4dd4e571d5357ad8c3a,-74,,0,0,,0
08:40:43,,0,135ec4cde997a1457df86f431bb33e7a29e31005bd63d4dd4e571d5357ad8c3a,-70,,0,0,,0
08:40:44,,0,135ec4cde997a1457df86f431bb33e7a29e31005bd63d4dd4e571d5357ad8c3a,-72,,0,0,,0
08:40:44,,0,a92f75b2e79e492f508f2164f2923381990498d75165ce0cfa74a99bc10e65c1,-95,,0,0,,0
08:40:45,,0,a92f75b2e79e492f508f2164f2923381990498d75165ce0cfa74a99bc10e65c1,-93,,0,0,,0
08:40:46,,0,135ec4cde997a1457df86f431bb33e7a29e31005bd63d4dd4e571d5357ad8c3a,-77,,0,0,,0
08:40:47,,0,a92f75b2e79e492f508f2164f2923381990498d75165ce0cfa74a99bc10e65c1,-96,,0,0,,0
08:40:48,,0,135ec4cde997a1457df86f431bb33e7a29e31005bd63d4dd4e571d5357ad8c3a,-68,,0,0,,0
08:40:48,,0,135ec4cde997a1457df86f431bb33e7a29e31005bd63d4dd4e571d5357ad8c3a,-78,,0,0,,0
08:40:49,,0,135ec4cde997a1457df86f431bb33e7a29e31005bd63d4dd4e571d5357ad8c3a,-72,,0,0,,0
08:40:50,,0,135ec4cde997a1457df86f431bb33e7a29e31005bd63d4dd4e571d5357ad8c3a,-70,,0,0,,0
08:40:51,,0,135ec4cde997a1457df86f431bb33e7a29e31005bd63d4dd4e571d5357ad8c3a,-66,,0,0,,0
08:40:51,,0,135ec4cde997a1457df86f431bb33e7a29e31005bd63d4dd4e571d5357ad8c3a,-71,,0,0,,0
08:40:52,,0,135ec4cde997a1457df86f431bb33e7a29e31005bd63d4dd4e571d5357ad8c3a,-72,,0,0,,0
08:40:53,,0,135ec4cde997a1457df86f431bb33e7a29e31005bd63d4dd4e571d5357ad8c3a,-67,,0,0,,0
08:40:54,,0,135ec4cde997a1457df86f431bb33e7a29e31005bd63d4dd4e571d5357ad8c3a,-67,,0,0,,0
08:40:55,,0,135ec4cde997a1457df86f431bb33e7a29e31005bd63d4dd4e571d5357ad8c3a,-68,,0,0,,0
08:40:55,,0,135ec4cde997a1457df86f431bb33e7a29e31005bd63d4dd4e571d5357ad8c3a,-75,,0,0,,0
08:40:56,,0,135ec4cde997a1457df86f431bb33e7a29e31005bd63d4dd4e571d5357ad8c3a,-78,,0,0,,0
08:40:57,,0,135ec4cde997a1457df86f431bb33e7a29e31005bd63d4dd4e571d5357ad8c3a,-68,,0,0,,0
08:40:58,,0,135ec4cde997a1457df86f431bb33e7a29e31005bd63d4dd4e571d5357ad8c3a,-65,,0,0,,0
08:40:58,,0,135ec4cde997a1457df86f431bb33e7a29e31005bd63d4dd4e571d5357ad8c3a,-71,,0,0,,0
08:40:59,,0,135ec4cde997a1457df86f431bb33e7a29e31005bd63d4dd4e571d5357ad8c3a,-72,,0,0,,0
08:41:00,,0,135ec4cde997a1457df86f431bb33e7a29e31005bd63d4dd4e571d5357ad8c3a,-76,,0,0,,0
08:41:01,,0,135ec4cde997a1457df86f431bb33e7a29e31005bd63d4dd4e571d5357ad8c3a,-71,,0,0,,0
08:41:02,,0,135ec4cde997a1457df86f431bb33e7a29e31005bd63d4dd4e571d5357ad8c3a,-76,,0,0,,0
08:41:02,,0,135ec4cde997a1457df86f431bb33e7a29e31005bd63d4dd4e571d5357ad8c3a,-74,,0,0,,0
08:41:03,,0,135ec4cde997a1457df86f431bb33e7a29e31005bd63d4dd4e571d5357ad8c3a,-70,,0,0,,0
08:41:04,,0,135ec4cde997a1457df86f431bb33e7a29e31005bd63d4dd4e571d5357ad8c3a,-74,,0,0,,0
08:41:05,,0,6bee75c87d2c58b2df2f92b7cbf706ebf620e46e63d95c7d4abd61d11c5c25ef,-91,,0,0,,0
08:41:05,,0,135ec4cde997a1457df86f431bb33e7a29e31005bd63d4dd4e571d5357ad8c3a,-82,,0,0,,0
08:41:06,,0,135ec4cde997a1457df86f431bb33e7a29e31005bd63d4dd4e571d5357ad8c3a,-65,,0,0,,0
08:41:07,,0,135ec4cde997a1457df86f431bb33e7a29e31005bd63d4dd4e571d5357ad8c3a,-79,,0,0,,0
08:41:08,,0,135ec4cde997a1457df86f431bb33e7a29e31005bd63d4dd4e571d5357ad8c3a,-77,,0,0,,0
08:41:09,,0,135ec4cde997a1457df86f431bb33e7a29e31005bd63d4dd4e571d5357ad8c3a,-66,,0,0,,0
08:41:09,,0,135ec4cde997a1457df86f431bb33e7a29e31005bd63d4dd4e571d5357ad8c3a,-69,,0,0,,0
08:41:10,,0,135ec4cde997a1457df86f431bb33e7a29e31005bd63d4dd4e571d5357ad8c3a,-72,,0,0,,0
08:41:11,,0,135ec4cde997a1457df86f431bb33e7a29e31005bd63d4dd4e571d5357ad8c3a,-76,,0,0,,0
08:41:12,,0,135ec4cde997a1457df86f431bb33e7a29e31005bd63d4dd4e571d5357ad8c3a,-86,,0,0,,0
08:41:12,,0,135ec4cde997a1457df86f431bb33e7a29e31005bd63d4dd4e571d5357ad8c3a,-76,,0,0,,0
08:41:13,,0,135ec4cde997a1457df86f431bb33e7a29e31005bd63d4dd4e571d5357ad8c3a,-71,,0,0,,0
08:41:14,26.0,0,5860c36c27dbf0a7317f15521925b1f5b9105b5494e0cf5687e1b4e1d6d537c2,-92,,0,0,,0
08:41:15,,0,135ec4cde997a1457df86f431bb33e7a29e31005bd63d4dd4e571d5357ad8c3a,-67,,0,0,,0
08:41:16,,0,135ec4cde997a1457df86f431bb33e7a29e31005bd63d4dd4e571d5357ad8c3a,-70,,0,0,,0
08:41:16,,0,a92f75b2e79e492f508f2164f2923381990498d75165ce0cfa74a99bc10e65c1,-95,,0,0,,0
08:41:17,,0,135ec4cde997a1457df86f431bb33e7a29e31005bd63d4dd4e571d5357ad8c3a,-72,,0,0,,0
08:41:18,,0,135ec4cde997a1457df86f431bb33e7a29e31005bd63d4dd4e571d5357ad8c3a,-71,,0,0,,0
08:41:19,,0,135ec4cde997a1457df86f431bb33e7a29e31005bd63d4dd4e571d5357ad8c3a,-75,,0,0,,0
08:41:20,,0,135ec4cde997a1457df86f431bb33e7a29e31005bd63d4dd4e571d5357ad8c3a,-71,,0,0,,0
08:41:20,,0,135ec4cde997a1457df86f431bb33e7a29e31005bd63d4dd4e571d5357ad8c3a,-71,,0,0,,0
08:41:21,,0,a92f75b2e79e492f508f2164f2923381990498d75165ce0cfa74a99bc10e65c1,-96,,0,0,,0
08:41:22,,0,5c7570a731edd7c5f1219c65ee640538b8491b6c24df2fcff4d749c4a0f178fe,-39,,0,0,,0
08:41:23,,0,135ec4cde997a1457df86f431bb33e7a29e31005bd63d4dd4e571d5357ad8c3a,-68,,0,0,,0
08:41:23,,0,135ec4cde997a1457df86f431bb33e7a29e31005bd63d4dd4e571d5357ad8c3a,-73,,0,0,,0
08:41:24,,0,135ec4cde997a1457df86f431bb33e7a29e31005bd63d4dd4e571d5357ad8c3a,-68,,0,0,,0
08:41:25,,0,135ec4cde997a1457df86f431bb33e7a29e31005bd63d4dd4e571d5357ad8c3a,-72,,0,0,,0
08:41:26,,0,5c7570a731edd7c5f1219c65ee640538b8491b6c24df2fcff4d749c4a0f178fe,-40,,0,0,,0
08:41:27,,0,135ec4cde997a1457df86f431bb33e7a29e31005bd63d4dd4e571d5357ad8c3a,-68,,0,0,,0
08:41:27,,0,135ec4cde997a1457df86f431bb33e7a29e31005bd63d4dd4e571d5357ad8c3a,-65,,0,0,,0
08:41:28,,0,135ec4cde997a1457df86f431bb33e7a29e31005bd63d4dd4e571d5357ad8c3a,-73,,0,0,,0
08:41:29,,0,135ec4cde997a1457df86f431bb33e7a29e31005bd63d4dd4e571d5357ad8c3a,-74,,0,0,,0
08:41:30,,0,135ec4cde997a1457df86f431bb33e7a29e31005bd63d4dd4e571d5357ad8c3a,-72,,0,0,,0
08:41:30,,0,135ec4cde997a1457df86f431bb33e7a29e31005bd63d4dd4e571d5357ad8c3a,-74,,0,0,,0
08:41:31,,0,135ec4cde997a1457df86f431bb33e7a29e31005bd63d4dd4e571d5357ad8c3a,-69,,0,0,,0
08:41:32,,0,135ec4cde997a1457df86f431bb33e7a29e31005bd63d4dd4e571d5357ad8c3a,-68,,0,0,,0
08:41:33,,0,135ec4cde997a1457df86f431bb33e7a29e31005bd63d4dd4e571d5357ad8c3a,-78,,0,0,,0
08:41:34,,0,135ec4cde997a1457df86f431bb33e7a29e31005bd63d4dd4e571d5357ad8c3a,-75,,0,0,,0
08:41:34,,0,135ec4cde997a1457df86f431bb33e7a29e31005bd63d4dd4e571d5357ad8c3a,-88,,0,0,,0
08:41:35,,0,135ec4cde997a1457df86f431bb33e7a29e31005bd63d4dd4e571d5357ad8c3a,-72,,0,0,,0
08:41:36,,0,135ec4cde997a1457df86f431bb33e7a29e31005bd63d4dd4e571d5357ad8c3a,-72,,0,0,,0
08:41:37,,0,135ec4cde997a1457df86f431bb33e7a29e31005bd63d4dd4e571d5357ad8c3a,-72,,0,0,,0
08:41:37,,0,135ec4cde997a1457df86f431bb33e7a29e31005bd63d4dd4e571d5357ad8c3a,-72,,0,0,,0
08:41:38,,0,135ec4cde997a1457df86f431bb33e7a29e31005bd63d4dd4e571d5357ad8c3a,-71,,0,0,,0
08:41:39,,0,135ec4cde997a1457df86f431bb33e7a29e31005bd63d4dd4e571d5357ad8c3a,-73,,0,0,,0
08:41:40,,0,135ec4cde997a1457df86f431bb33e7a29e31005bd63d4dd4e571d5357ad8c3a,-76,,0,0,,0
08:41:40,,0,135ec4cde997a1457df86f431bb33e7a29e31005bd63d4dd4e571d5357ad8c3a,-75,,0,0,,0
08:41:41,,0,135ec4cde997a1457df86f431bb33e7a29e31005bd63d4dd4e571d5357ad8c3a,-76,,0,0,,0
08:41:42,,0,135ec4cde997a1457df86f431bb33e7a29e31005bd63d4dd4e571d5357ad8c3a,-79,,0,0,,0
08:41:43,,0,135ec4cde997a1457df86f431bb33e7a29e31005bd63d4dd4e571d5357ad8c3a,-80,,0,0,,0
08:41:44,,0,135ec4cde997a1457df86f431bb33e7a29e31005bd63d4dd4e571d5357ad8c3a,-64,,0,0,,0
08:41:44,,0,135ec4cde997a1457df86f431bb33e7a29e31005bd63d4dd4e571d5357ad8c3a,-70,,0,0,,0
08:41:45,,0,135ec4cde997a1457df86f431bb33e7a29e31005bd63d4dd4e571d5357ad8c3a,-83,,0,0,,0
08:41:46,,0,135ec4cde997a1457df86f431bb33e7a29e31005bd63d4dd4e571d5357ad8c3a,-78,,0,0,,0
08:41:47,,0,135ec4cde997a1457df86f431bb33e7a29e31005bd63d4dd4e571d5357ad8c3a,-68,,0,0,,0
08:41:48,,0,135ec4cde997a1457df86f431bb33e7a29e31005bd63d4dd4e571d5357ad8c3a,-69,,0,0,,0
08:41:48,,0,135ec4cde997a1457df86f431bb33e7a29e31005bd63d4dd4e571d5357ad8c3a,-74,,0,0,,0
08:41:49,,0,135ec4cde997a1457df86f431bb33e7a29e31005bd63d4dd4e571d5357ad8c3a,-78,,0,0,,0
08:41:50,,0,5c7570a731edd7c5f1219c65ee640538b8491b6c24df2fcff4d749c4a0f178fe,-39,,0,0,,0
08:41:51,,0,135ec4cde997a1457df86f431bb33e7a29e31005bd63d4dd4e571d5357ad8c3a,-68,,0,0,,0
08:41:51,,0,135ec4cde997a1457df86f431bb33e7a29e31005bd63d4dd4e571d5357ad8c3a,-70,,0,0,,0
08:41:52,,0,135ec4cde997a1457df86f431bb33e7a29e31005bd63d4dd4e571d5357ad8c3a,-76,,0,0,,0
08:41:53,,0,135ec4cde997a1457df86f431bb33e7a29e31005bd63d4dd4e571d5357ad8c3a,-76,,0,0,,0
08:41:54,,0,5c7570a731edd7c5f1219c65ee640538b8491b6c24df2fcff4d749c4a0f178fe,-40,,0,0,,0
08:41:55,26.0,0,b7d92320da8b7be1f7da844fd373833495bb84dc3572a24cc877a0ef1ae1db00,-89,,0,0,8.0,0
08:41:55,,0,135ec4cde997a1457df86f431bb33e7a29e31005bd63d4dd4e571d5357ad8c3a,-69,,0,0,,0
08:41:56,,0,135ec4cde997a1457df86f431bb33e7a29e31005bd63d4dd4e571d5357ad8c3a,-78,,0,0,,0
08:41:57,,0,135ec4cde997a1457df86f431bb33e7a29e31005bd63d4dd4e571d5357ad8c3a,-78,,0,0,,0
08:41:58,,0,135ec4cde997a1457df86f431bb33e7a29e31005bd63d4dd4e571d5357ad8c3a,-68,,0,0,,0
08:41:58,26.0,0,b7d92320da8b7be1f7da844fd373833495bb84dc3572a24cc877a0ef1ae1db00,-88,,0,0,8.0,0
08:41:59,,0,135ec4cde997a1457df86f431bb33e7a29e31005bd63d4dd4e571d5357ad8c3a,-72,,0,0,,0
08:42:00,,0,5c7570a731edd7c5f1219c65ee640538b8491b6c24df2fcff4d749c4a0f178fe,-40,,0,0,,0
08:42:01,,0,135ec4cde997a1457df86f431bb33e7a29e31005bd63d4dd4e571d5357ad8c3a,-73,,0,0,,0
08:42:02,,0,135ec4cde997a1457df86f431bb33e7a29e31005bd63d4dd4e571d5357ad8c3a,-77,,0,0,,0
08:42:02,,0,135ec4cde997a1457df86f431bb33e7a29e31005bd63d4dd4e571d5357ad8c3a,-68,,0,0,,0
08:42:03,,0,135ec4cde997a1457df86f431bb33e7a29e31005bd63d4dd4e571d5357ad8c3a,-70,,0,0,,0
08:42:04,,0,135ec4cde997a1457df86f431bb33e7a29e31005bd63d4dd4e571d5357ad8c3a,-74,,0,0,,0
08:42:05,,0,135ec4cde997a1457df86f431bb33e7a29e31005bd63d4dd4e571d5357ad8c3a,-74,,0,0,,0
08:42:05,,0,135ec4cde997a1457df86f431bb33e7a29e31005bd63d4dd4e571d5357ad8c3a,-68,,0,0,,0
08:42:06,,0,135ec4cde997a1457df86f431bb33e7a29e31005bd63d4dd4e571d5357ad8c3a,-73,,0,0,,0
08:42:07,,0,135ec4cde997a1457df86f431bb33e7a29e31005bd63d4dd4e571d5357ad8c3a,-70,,0,0,,0
08:42:08,,0,135ec4cde997a1457df86f431bb33e7a29e31005bd63d4dd4e571d5357ad8c3a,-71,,0,0,,0
08:42:09,,0,135ec4cde997a1457df86f431bb33e7a29e31005bd63d4dd4e571d5357ad8c3a,-74,,0,0,,0
08:42:09,,0,135ec4cde997a1457df86f431bb33e7a29e31005bd63d4dd4e571d5357ad8c3a,-68,,0,0,,0
08:42:10,,0,135ec4cde997a1457df86f431bb33e7a29e31005bd63d4dd4e571d5357ad8c3a,-80,,0,0,,0
08:42:11,,0,135ec4cde997a1457df86f431bb33e7a29e31005bd63d4dd4e571d5357ad8c3a,-74,,0,0,,0
08:42:12,26.0,0,b7d92320da8b7be1f7da844fd373833495bb84dc3572a24cc877a0ef1ae1db00,-90,,0,0,8.0,0
08:42:12,,0,135ec4cde997a1457df86f431bb33e7a29e31005bd63d4dd4e571d5357ad8c3a,-75,,0,0,,0
08:42:13,,0,135ec4cde997a1457df86f431bb33e7a29e31005bd63d4dd4e571d5357ad8c3a,-73,,0,0,,0
08:42:14,,0,135ec4cde997a1457df86f431bb33e7a29e31005bd63d4dd4e571d5357ad8c3a,-75,,0,0,,0
08:42:15,,0,135ec4cde997a1457df86f431bb33e7a29e31005bd63d4dd4e571d5357ad8c3a,-72,,0,0,,0
08:42:16,,0,135ec4cde997a1457df86f431bb33e7a29e31005bd63d4dd4e571d5357ad8c3a,-68,,0,0,,0
08:42:16,,0,135ec4cde997a1457df86f431bb33e7a29e31005bd63d4dd4e571d5357ad8c3a,-72,,0,0,,0
08:42:17,,0,135ec4cde997a1457df86f431bb33e7a29e31005bd63d4dd4e571d5357ad8c3a,-70,,0,0,,0
08:42:18,,0,135ec4cde997a1457df86f431bb33e7a29e31005bd63d4dd4e571d5357ad8c3a,-80,,0,0,,0
08:42:19,,0,135ec4cde997a1457df86f431bb33e7a29e31005bd63d4dd4e571d5357ad8c3a,-80,,0,0,,0
08:42:20,,0,135ec4cde997a1457df86f431bb33e7a29e31005bd63d4dd4e571d5357ad8c3a,-72,,0,0,,0
08:42:20,,0,135ec4cde997a1457df86f431bb33e7a29e31005bd63d4dd4e571d5357ad8c3a,-71,,0,0,,0
08:42:21,,0,135ec4cde997a1457df86f431bb33e7a29e31005bd63d4dd4e571d5357ad8c3a,-78,,0,0,,0
08:42:22,,0,135ec4cde997a1457df86f431bb33e7a29e31005bd63d4dd4e571d5357ad8c3a,-79,,0,0,,0
08:42:23,,0,135ec4cde997a1457df86f431bb33e7a29e31005bd63d4dd4e571d5357ad8c3a,-69,,0,0,,0
08:42:23,,0,135ec4cde997a1457df86f431bb33e7a29e31005bd63d4dd4e571d5357ad8c3a,-72,,0,0,,0
08:42:24,,0,135ec4cde997a1457df86f431bb33e7a29e31005bd63d4dd4e571d5357ad8c3a,-75,,0,0,,0
08:42:25,,0,135ec4cde997a1457df86f431bb33e7a29e31005bd63d4dd4e571d5357ad8c3a,-73,,0,0,,0
08:42:25,,0,135ec4cde997a1457df86f431bb33e7a29e31005bd63d4dd4e571d5357ad8c3a,-68,,0,0,,0
08:42:26,,0,135ec4cde997a1457df86f431bb33e7a29e31005bd63d4dd4e571d5357ad8c3a,-91,,0,0,,0
08:42:27,,0,135ec4cde997a1457df86f431bb33e7a29e31005bd63d4dd4e571d5357ad8c3a,-72,,0,0,,0
08:42:28,,0,135ec4cde997a1457df86f431bb33e7a29e31005bd63d4dd4e571d5357ad8c3a,-77,,0,0,,0
08:42:29,,0,135ec4cde997a1457df86f431bb33e7a29e31005bd63d4dd4e571d5357ad8c3a,-65,,0,0,,0
08:42:30,,0,a92f75b2e79e492f508f2164f2923381990498d75165ce0cfa74a99bc10e65c1,-97,,0,0,,0
08:42:30,,0,135ec4cde997a1457df86f431bb33e7a29e31005bd63d4dd4e571d5357ad8c3a,-63,,0,0,,0
08:42:31,,0,135ec4cde997a1457df86f431bb33e7a29e31005bd63d4dd4e571d5357ad8c3a,-77,,0,0,,0
08:42:32,,0,135ec4cde997a1457df86f431bb33e7a29e31005bd63d4dd4e571d5357ad8c3a,-73,,0,0,,0
08:42:33,,0,135ec4cde997a1457df86f431bb33e7a29e31005bd63d4dd4e571d5357ad8c3a,-72,,0,0,,0
08:42:33,,0,135ec4cde997a1457df86f431bb33e7a29e31005bd63d4dd4e571d5357ad8c3a,-72,,0,0,,0
08:42:34,,0,135ec4cde997a1457df86f431bb33e7a29e31005bd63d4dd4e571d5357ad8c3a,-74,,0,0,,0
08:42:35,,0,a92f75b2e79e492f508f2164f2923381990498d75165ce0cfa74a99bc10e65c1,-93,,0,0,,0
08:42:36,,0,a92f75b2e79e492f508f2164f2923381990498d75165ce0cfa74a99bc10e65c1,-91,,0,0,,0
08:42:37,,0,135ec4cde997a1457df86f431bb33e7a29e31005bd63d4dd4e571d5357ad8c3a,-72,,0,0,,0
08:42:37,,0,135ec4cde997a1457df86f431bb33e7a29e31005bd63d4dd4e571d5357ad8c3a,-77,,0,0,,0
08:42:38,,0,135ec4cde997a1457df86f431bb33e7a29e31005bd63d4dd4e571d5357ad8c3a,-76,,0,0,,0
08:42:39,,0,135ec4cde997a1457df86f431bb33e7a29e31005bd63d4dd4e571d5357ad8c3a,-75,,0,0,,0
08:42:40,,0,135ec4cde997a1457df86f431bb33e7a29e31005bd63d4dd4e571d5357ad8c3a,-72,,0,0,,0
08:42:41,,0,135ec4cde997a1457df86f431bb33e7a29e31005bd63d4dd4e571d5357ad8c3a,-82,,0,0,,0
08:42:41,,0,135ec4cde997a1457df86f431bb33e7a29e31005bd63d4dd4e571d5357ad8c3a,-66,,0,0,,0
08:42:42,,0,135ec4cde997a1457df86f431bb33e7a29e31005bd63d4dd4e571d5357ad8c3a,-73,,0,0,,0
08:42:43,,0,135ec4cde997a1457df86f431bb33e7a29e31005bd63d4dd4e571d5357ad8c3a,-80,,0,0,,0
08:42:44,,0,a92f75b2e79e492f508f2164f2923381990498d75165ce0cfa74a99bc10e65c1,-93,,0,0,,0
08:42:44,,0,135ec4cde997a1457df86f431bb33e7a29e31005bd63d4dd4e571d5357ad8c3a,-67,,0,0,,0
08:42:45,,0,135ec4cde997a1457df86f431bb33e7a29e31005bd63d4dd4e571d5357ad8c3a,-69,,0,0,,0
08:42:46,,0,135ec4cde997a1457df86f431bb33e7a29e31005bd63d4dd4e571d5357ad8c3a,-70,,0,0,,0
08:42:47,,0,135ec4cde997a1457df86f431bb33e7a29e31005bd63d4dd4e571d5357ad8c3a,-80,,0,0,,0
08:42:48,,0,135ec4cde997a1457df86f431bb33e7a29e31005bd63d4dd4e571d5357ad8c3a,-74,,0,0,,0
08:42:48,,0,135ec4cde997a1457df86f431bb33e7a29e31005bd63d4dd4e571d5357ad8c3a,-71,,0,0,,0
08:42:49,,0,135ec4cde997a1457df86f431bb33e7a29e31005bd63d4dd4e571d5357ad8c3a,-78,,0,0,,0
08:42:50,,0,135ec4cde997a1457df86f431bb33e7a29e31005bd63d4dd4e571d5357ad8c3a,-72,,0,0,,0
08:42:51,,0,135ec4cde997a1457df86f431bb33e7a29e31005bd63d4dd4e571d5357ad8c3a,-69,,0,0,,0
08:42:51,,0,a92f75b2e79e492f508f2164f2923381990498d75165ce0cfa74a99bc10e65c1,-97,,0,0,,0
08:42:52,,0,135ec4cde997a1457df86f431bb33e7a29e31005bd63d4dd4e571d5357ad8c3a,-80,,0,0,,0
08:42:53,,0,135ec4cde997a1457df86f431bb33e7a29e31005bd63d4dd4e571d5357ad8c3a,-69,,0,0,,0
08:42:54,,0,5c7570a731edd7c5f1219c65ee640538b8491b6c24df2fcff4d749c4a0f178fe,-39,,0,0,,0
08:42:55,,0,135ec4cde997a1457df86f431bb33e7a29e31005bd63d4dd4e571d5357ad8c3a,-65,,0,0,,0
08:42:55,,0,135ec4cde997a1457df86f431bb33e7a29e31005bd63d4dd4e571d5357ad8c3a,-76,,0,0,,0
08:42:56,,0,135ec4cde997a1457df86f431bb33e7a29e31005bd63d4dd4e571d5357ad8c3a,-69,,0,0,,0
08:42:57,,0,135ec4cde997a1457df86f431bb33e7a29e31005bd63d4dd4e571d5357ad8c3a,-66,,0,0,,0
08:42:58,,0,135ec4cde997a1457df86f431bb33e7a29e31005bd63d4dd4e571d5357ad8c3a,-81,,0,0,,0
08:42:58,,0,135ec4cde997a1457df86f431bb33e7a29e31005bd63d4dd4e571d5357ad8c3a,-83,,0,0,,0
08:42:59,,0,a92f75b2e79e492f508f2164f2923381990498d75165ce0cfa74a99bc10e65c1,-95,,0,0,,0
08:43:00,,0,a92f75b2e79e492f508f2164f2923381990498d75165ce0cfa74a99bc10e65c1,-97,,0,0,,0
08:43:01,,0,135ec4cde997a1457df86f431bb33e7a29e31005bd63d4dd4e571d5357ad8c3a,-74,,0,0,,0
08:43:02,,0,135ec4cde997a1457df86f431bb33e7a29e31005bd63d4dd4e571d5357ad8c3a,-70,,0,0,,0
08:43:02,,0,135ec4cde997a1457df86f431bb33e7a29e31005bd63d4dd4e571d5357ad8c3a,-72,,0,0,,0
08:43:03,,0,135ec4cde997a1457df86f431bb33e7a29e31005bd63d4dd4e571d5357ad8c3a,-68,,0,0,,0
08:43:04,,0,135ec4cde997a1457df86f431bb33e7a29e31005bd63d4dd4e571d5357ad8c3a,-69,,0,0,,0
08:43:05,,0,135ec4cde997a1457df86f431bb33e7a29e31005bd63d4dd4e571d5357ad8c3a,-68,,0,0,,0
08:43:06,,0,135ec4cde997a1457df86f431bb33e7a29e31005bd63d4dd4e571d5357ad8c3a,-71,,0,0,,0
08:43:06,,0,135ec4cde997a1457df86f431bb33e7a29e31005bd63d4dd4e571d5357ad8c3a,-66,,0,0,,0
08:43:07,,0,135ec4cde997a1457df86f431bb33e7a29e31005bd63d4dd4e571d5357ad8c3a,-69,,0,0,,0
08:43:08,,0,135ec4cde997a1457df86f431bb33e7a29e31005bd63d4dd4e571d5357ad8c3a,-68,,0,0,,0
08:43:09,,0,135ec4cde997a1457df86f431bb33e7a29e31005bd63d4dd4e571d5357ad8c3a,-72,,0,0,,0
08:43:09,,0,135ec4cde997a1457df86f431bb33e7a29e31005bd63d4dd4e571d5357ad8c3a,-70,,0,0,,0
08:43:10,,0,135ec4cde997a1457df86f431bb33e7a29e31005bd63d4dd4e571d5357ad8c3a,-66,,0,0,,0
08:43:11,,0,135ec4cde997a1457df86f431bb33e7a29e31005bd63d4dd4e571d5357ad8c3a,-63,,0,0,,0
08:43:12,,0,5c7570a731edd7c5f1219c65ee640538b8491b6c24df2fcff4d749c4a0f178fe,-39,,0,0,,0
08:43:13,,0,135ec4cde997a1457df86f431bb33e7a29e31005bd63d4dd4e571d5357ad8c3a,-80,,0,0,,0
08:43:13,,0,135ec4cde997a1457df86f431bb33e7a29e31005bd63d4dd4e571d5357ad8c3a,-70,,0,0,,0
08:43:14,,0,135ec4cde997a1457df86f431bb33e7a29e31005bd63d4dd4e571d5357ad8c3a,-72,,0,0,,0
08:43:15,,0,135ec4cde997a1457df86f431bb33e7a29e31005bd63d4dd4e571d5357ad8c3a,-87,,0,0,,0
08:43:16,,0,135ec4cde997a1457df86f431bb33e7a29e31005bd63d4dd4e571d5357ad8c3a,-78,,0,0,,0
08:43:16,,0,135ec4cde997a1457df86f431bb33e7a29e31005bd63d4dd4e571d5357ad8c3a,-70,,0,0,,0
08:43:17,,0,135ec4cde997a1457df86f431bb33e7a29e31005bd63d4dd4e571d5357ad8c3a,-74,,0,0,,0
08:43:18,,0,5c7570a731edd7c5f1219c65ee640538b8491b6c24df2fcff4d749c4a0f178fe,-38,,0,0,,0
08:43:19,,0,135ec4cde997a1457df86f431bb33e7a29e31005bd63d4dd4e571d5357ad8c3a,-68,,0,0,,0
08:43:20,,0,135ec4cde997a1457df86f431bb33e7a29e31005bd63d4dd4e571d5357ad8c3a,-78,,0,0,,0
08:43:20,,0,135ec4cde997a1457df86f431bb33e7a29e31005bd63d4dd4e571d5357ad8c3a,-69,,0,0,,0
08:43:21,,0,135ec4cde997a1457df86f431bb33e7a29e31005bd63d4dd4e571d5357ad8c3a,-61,,0,0,,0
08:43:22,,0,135ec4cde997a1457df86f431bb33e7a29e31005bd63d4dd4e571d5357ad8c3a,-67,,0,0,,0
08:43:23,,0,135ec4cde997a1457df86f431bb33e7a29e31005bd63d4dd4e571d5357ad8c3a,-65,,0,0,,0
08:43:23,,0,135ec4cde997a1457df86f431bb33e7a29e31005bd63d4dd4e571d5357ad8c3a,-76,,0,0,,0
08:43:24,,0,135ec4cde997a1457df86f431bb33e7a29e31005bd63d4dd4e571d5357ad8c3a,-75,,0,0,,0
08:43:25,,0,135ec4cde997a1457df86f431bb33e7a29e31005bd63d4dd4e571d5357ad8c3a,-73,,0,0,,0
08:43:26,,0,5c7570a731edd7c5f1219c65ee640538b8491b6c24df2fcff4d749c4a0f178fe,-38,,0,0,,0
08:43:27,,0,135ec4cde997a1457df86f431bb33e7a29e31005bd63d4dd4e571d5357ad8c3a,-74,,0,0,,0
08:43:27,,0,135ec4cde997a1457df86f431bb33e7a29e31005bd63d4dd4e571d5357ad8c3a,-72,,0,0,,0
08:43:28,,0,242010671ef4e97a2e7471cf2c6fdddaffcdedd20149cd8d8d1b60a23f9b65aa,-93,,0,0,,0
08:43:29,,0,135ec4cde997a1457df86f431bb33e7a29e31005bd63d4dd4e571d5357ad8c3a,-68,,0,0,,0
08:43:30,,0,242010671ef4e97a2e7471cf2c6fdddaffcdedd20149cd8d8d1b60a23f9b65aa,-96,,0,0,,0
08:43:30,,0,135ec4cde997a1457df86f431bb33e7a29e31005bd63d4dd4e571d5357ad8c3a,-78,,0,0,,0
08:43:31,,0,135ec4cde997a1457df86f431bb33e7a29e31005bd63d4dd4e571d5357ad8c3a,-71,,0,0,,0
08:43:32,,0,135ec4cde997a1457df86f431bb33e7a29e31005bd63d4dd4e571d5357ad8c3a,-80,,0,0,,0
08:43:33,,0,135ec4cde997a1457df86f431bb33e7a29e31005bd63d4dd4e571d5357ad8c3a,-77,,0,0,,0
08:43:34,,0,135ec4cde997a1457df86f431bb33e7a29e31005bd63d4dd4e571d5357ad8c3a,-72,,0,0,,0
08:43:34,,0,135ec4cde997a1457df86f431bb33e7a29e31005bd63d4dd4e571d5357ad8c3a,-69,,0,0,,0
08:43:35,,0,135ec4cde997a1457df86f431bb33e7a29e31005bd63d4dd4e571d5357ad8c3a,-84,,0,0,,0
08:43:36,,0,135ec4cde997a1457df86f431bb33e7a29e31005bd63d4dd4e571d5357ad8c3a,-81,,0,0,,0
08:43:37,,0,135ec4cde997a1457df86f431bb33e7a29e31005bd63d4dd4e571d5357ad8c3a,-85,,0,0,,0
08:43:37,,0,135ec4cde997a1457df86f431bb33e7a29e31005bd63d4dd4e571d5357ad8c3a,-74,,0,0,,0
08:43:38,,0,135ec4cde997a1457df86f431bb33e7a29e31005bd63d4dd4e571d5357ad8c3a,-81,,0,0,,0
08:43:39,,0,135ec4cde997a1457df86f431bb33e7a29e31005bd63d4dd4e571d5357ad8c3a,-66,,0,0,,0
08:43:40,,0,135ec4cde997a1457df86f431bb33e7a29e31005bd63d4dd4e571d5357ad8c3a,-67,,0,0,,0
08:43:41,,0,135ec4cde997a1457df86f431bb33e7a29e31005bd63d4dd4e571d5357ad8c3a,-79,,0,0,,0
08:43:41,,0,135ec4cde997a1457df86f431bb33e7a29e31005bd63d4dd4e571d5357ad8c3a,-74,,0,0,,0
08:43:42,,0,135ec4cde997a1457df86f431bb33e7a29e31005bd63d4dd4e571d5357ad8c3a,-64,,0,0,,0
08:43:43,,0,135ec4cde997a1457df86f431bb33e7a29e31005bd63d4dd4e571d5357ad8c3a,-75,,0,0,,0
08:43:44,,0,135ec4cde997a1457df86f431bb33e7a29e31005bd63d4dd4e571d5357ad8c3a,-72,,0,0,,0
08:43:44,,0,135ec4cde997a1457df86f431bb33e7a29e31005bd63d4dd4e571d5357ad8c3a,-76,,0,0,,0
08:43:45,,0,135ec4cde997a1457df86f431bb33e7a29e31005bd63d4dd4e571d5357ad8c3a,-72,,0,0,,0
08:43:46,,0,135ec4cde997a1457df86f431bb33e7a29e31005bd63d4dd4e571d5357ad8c3a,-75,,0,0,,0
08:43:47,,0,135ec4cde997a1457df86f431bb33e7a29e31005bd63d4dd4e571d5357ad8c3a,-72,,0,0,,0
08:43:48,,0,135ec4cde997a1457df86f431bb33e7a29e31005bd63d4dd4e571d5357ad8c3a,-84,,0,0,,0
08:43:48,,0,135ec4cde997a1457df86f431bb33e7a29e31005bd63d4dd4e571d5357ad8c3a,-74,,0,0,,0
08:43:49,,0,135ec4cde997a1457df86f431bb33e7a29e31005bd63d4dd4e571d5357ad8c3a,-73,,0,0,,0
08:43:50,,0,135ec4cde997a1457df86f431bb33e7a29e31005bd63d4dd4e571d5357ad8c3a,-70,,0,0,,0
08:43:51,,0,135ec4cde997a1457df86f431bb33e7a29e31005bd63d4dd4e571d5357ad8c3a,-69,,0,0,,0
08:43:51,,0,135ec4cde997a1457df86f431bb33e7a29e31005bd63d4dd4e571d5357ad8c3a,-77,,0,0,,0
08:43:52,,0,135ec4cde997a1457df86f431bb33e7a29e31005bd63d4dd4e571d5357ad8c3a,-78,,0,0,,0
08:43:53,,0,135ec4cde997a1457df86f431bb33e7a29e31005bd63d4dd4e571d5357ad8c3a,-90,,0,0,,0
08:43:54,,0,135ec4cde997a1457df86f431bb33e7a29e31005bd63d4dd4e571d5357ad8c3a,-73,,0,0,,0
08:43:55,,0,135ec4cde997a1457df86f431bb33e7a29e31005bd63d4dd4e571d5357ad8c3a,-70,,0,0,,0
08:43:55,,0,135ec4cde997a1457df86f431bb33e7a29e31005bd63d4dd4e571d5357ad8c3a,-86,,0,0,,0
08:43:56,,0,242010671ef4e97a2e7471cf2c6fdddaffcdedd20149cd8d8d1b60a23f9b65aa,-91,,0,0,,0
08:43:57,,0,135ec4cde997a1457df86f431bb33e7a29e31005bd63d4dd4e571d5357ad8c3a,-67,,0,0,,0
08:43:58,,0,135ec4cde997a1457df86f431bb33e7a29e31005bd63d4dd4e571d5357ad8c3a,-69,,0,0,,0
08:43:58,,0,135ec4cde997a1457df86f431bb33e7a29e31005bd63d4dd4e571d5357ad8c3a,-81,,0,0,,0
08:43:59,,0,135ec4cde997a1457df86f431bb33e7a29e31005bd63d4dd4e571d5357ad8c3a,-85,,0,0,,0
08:44:00,,0,5c7570a731edd7c5f1219c65ee640538b8491b6c24df2fcff4d749c4a0f178fe,-37,,0,0,,0
08:44:01,,0,242010671ef4e97a2e7471cf2c6fdddaffcdedd20149cd8d8d1b60a23f9b65aa,-95,,0,0,,0
08:44:02,,0,135ec4cde997a1457df86f431bb33e7a29e31005bd63d4dd4e571d5357ad8c3a,-75,,0,0,,0
08:44:02,,0,135ec4cde997a1457df86f431bb33e7a29e31005bd63d4dd4e571d5357ad8c3a,-84,,0,0,,0
08:44:03,,0,135ec4cde997a1457df86f431bb33e7a29e31005bd63d4dd4e571d5357ad8c3a,-65,,0,0,,0
08:44:04,,0,135ec4cde997a1457df86f431bb33e7a29e31005bd63d4dd4e571d5357ad8c3a,-66,,0,0,,0
08:44:05,,0,135ec4cde997a1457df86f431bb33e7a29e31005bd63d4dd4e571d5357ad8c3a,-73,,0,0,,0
08:44:05,,0,242010671ef4e97a2e7471cf2c6fdddaffcdedd20149cd8d8d1b60a23f9b65aa,-94,,0,0,,0
08:44:06,,0,135ec4cde997a1457df86f431bb33e7a29e31005bd63d4dd4e571d5357ad8c3a,-80,,0,0,,0
08:44:07,,0,135ec4cde997a1457df86f431bb33e7a29e31005bd63d4dd4e571d5357ad8c3a,-80,,0,0,,0
08:44:08,,0,135ec4cde997a1457df86f431bb33e7a29e31005bd63d4dd4e571d5357ad8c3a,-73,,0,0,,0
08:44:09,,0,135ec4cde997a1457df86f431bb33e7a29e31005bd63d4dd4e571d5357ad8c3a,-74,,0,0,,0
08:44:09,,0,135ec4cde997a1457df86f431bb33e7a29e31005bd63d4dd4e571d5357ad8c3a,-70,,0,0,,0
08:44:10,,0,5c7570a731edd7c5f1219c65ee640538b8491b6c24df2fcff4d749c4a0f178fe,-38,,0,0,,0
08:44:11,,0,135ec4cde997a1457df86f431bb33e7a29e31005bd63d4dd4e571d5357ad8c3a,-69,,0,0,,0
08:44:12,,0,135ec4cde997a1457df86f431bb33e7a29e31005bd63d4dd4e571d5357ad8c3a,-81,,0,0,,0
08:44:12,,0,242010671ef4e97a2e7471cf2c6fdddaffcdedd20149cd8d8d1b60a23f9b65aa,-93,,0,0,,0
08:44:13,,0,242010671ef4e97a2e7471cf2c6fdddaffcdedd20149cd8d8d1b60a23f9b65aa,-95,,0,0,,0
08:44:14,,0,135ec4cde997a1457df86f431bb33e7a29e31005bd63d4dd4e571d5357ad8c3a,-75,,0,0,,0
08:44:15,,0,135ec4cde997a1457df86f431bb33e7a29e31005bd63d4dd4e571d5357ad8c3a,-73,,0,0,,0
08:44:16,,0,135ec4cde997a1457df86f431bb33e7a29e31005bd63d4dd4e571d5357ad8c3a,-70,,0,0,,0
08:44:16,,0,135ec4cde997a1457df86f431bb33e7a29e31005bd63d4dd4e571d5357ad8c3a,-75,,0,0,,0
08:44:17,,0,242010671ef4e97a2e7471cf2c6fdddaffcdedd20149cd8d8d1b60a23f9b65aa,-93,,0,0,,0
08:44:18,,0,5c7570a731edd7c5f1219c65ee640538b8491b6c24df2fcff4d749c4a0f178fe,-36,,0,0,,0
08:44:19,,0,135ec4cde997a1457df86f431bb33e7a29e31005bd63d4dd4e571d5357ad8c3a,-82,,0,0,,0
08:44:19,,0,242010671ef4e97a2e7471cf2c6fdddaffcdedd20149cd8d8d1b60a23f9b65aa,-94,,0,0,,0
08:44:20,,0,135ec4cde997a1457df86f431bb33e7a29e31005bd63d4dd4e571d5357ad8c3a,-72,,0,0,,0
08:44:21,,0,135ec4cde997a1457df86f431bb33e7a29e31005bd63d4dd4e571d5357ad8c3a,-75,,0,0,,0
08:44:22,,0,135ec4cde997a1457df86f431bb33e7a29e31005bd63d4dd4e571d5357ad8c3a,-72,,0,0,,0
08:44:23,,0,135ec4cde997a1457df86f431bb33e7a29e31005bd63d4dd4e571d5357ad8c3a,-70,,0,0,,0
08:44:23,,0,135ec4cde997a1457df86f431bb33e7a29e31005bd63d4dd4e571d5357ad8c3a,-71,,0,0,,0
08:44:24,,0,5c7570a731edd7c5f1219c65ee640538b8491b6c24df2fcff4d749c4a0f178fe,-37,,0,0,,0
08:44:25,,0,135ec4cde997a1457df86f431bb33e7a29e31005bd63d4dd4e571d5357ad8c3a,-78,,0,0,,0
08:44:26,,0,135ec4cde997a1457df86f431bb33e7a29e31005bd63d4dd4e571d5357ad8c3a,-81,,0,0,,0
08:44:27,,0,135ec4cde997a1457df86f431bb33e7a29e31005bd63d4dd4e571d5357ad8c3a,-71,,0,0,,0
08:44:27,,0,135ec4cde997a1457df86f431bb33e7a29e31005bd63d4dd4e571d5357ad8c3a,-79,,0,0,,0
08:44:28,,0,135ec4cde997a1457df86f431bb33e7a29e31005bd63d4dd4e571d5357ad8c3a,-74,,0,0,,0
08:44:29,,0,135ec4cde997a1457df86f431bb33e7a29e31005bd63d4dd4e571d5357ad8c3a,-66,,0,0,,0
08:44:30,,0,242010671ef4e97a2e7471cf2c6fdddaffcdedd20149cd8d8d1b60a23f9b65aa,-96,,0,0,,0
08:44:30,,0,135ec4cde997a1457df86f431bb33e7a29e31005bd63d4dd4e571d5357ad8c3a,-69,,0,0,,0
08:44:31,,0,135ec4cde997a1457df86f431bb33e7a29e31005bd63d4dd4e571d5357ad8c3a,-71,,0,0,,0
08:44:32,,0,135ec4cde997a1457df86f431bb33e7a29e31005bd63d4dd4e571d5357ad8c3a,-69,,0,0,,0
08:44:33,,0,135ec4cde997a1457df86f431bb33e7a29e31005bd63d4dd4e571d5357ad8c3a,-71,,0,0,,0
08:44:34,,0,242010671ef4e97a2e7471cf2c6fdddaffcdedd20149cd8d8d1b60a23f9b65aa,-95,,0,0,,0
08:44:34,,0,135ec4cde997a1457df86f431bb33e7a29e31005bd63d4dd4e571d5357ad8c3a,-70,,0,0,,0
08:44:35,,0,135ec4cde997a1457df86f431bb33e7a29e31005bd63d4dd4e571d5357ad8c3a,-72,,0,0,,0
08:44:36,,0,135ec4cde997a1457df86f431bb33e7a29e31005bd63d4dd4e571d5357ad8c3a,-59,,0,0,,0
08:44:37,,0,242010671ef4e97a2e7471cf2c6fdddaffcdedd20149cd8d8d1b60a23f9b65aa,-97,,0,0,,0
08:44:37,,0,135ec4cde997a1457df86f431bb33e7a29e31005bd63d4dd4e571d5357ad8c3a,-65,,0,0,,0
08:44:38,,0,135ec4cde997a1457df86f431bb33e7a29e31005bd63d4dd4e571d5357ad8c3a,-75,,0,0,,0
08:44:39,,0,135ec4cde997a1457df86f431bb33e7a29e31005bd63d4dd4e571d5357ad8c3a,-73,,0,0,,0
08:44:40,,0,135ec4cde997a1457df86f431bb33e7a29e31005bd63d4dd4e571d5357ad8c3a,-71,,0,0,,0
08:44:41,,0,135ec4cde997a1457df86f431bb33e7a29e31005bd63d4dd4e571d5357ad8c3a,-73,,0,0,,0
08:44:41,,0,135ec4cde997a1457df86f431bb33e7a29e31005bd63d4dd4e571d5357ad8c3a,-68,,0,0,,0
08:44:42,,0,135ec4cde997a1457df86f431bb33e7a29e31005bd63d4dd4e571d5357ad8c3a,-72,,0,0,,0
08:44:43,,0,135ec4cde997a1457df86f431bb33e7a29e31005bd63d4dd4e571d5357ad8c3a,-65,,0,0,,0
08:44:44,,0,135ec4cde997a1457df86f431bb33e7a29e31005bd63d4dd4e571d5357ad8c3a,-67,,0,0,,0
08:44:44,,0,135ec4cde997a1457df86f431bb33e7a29e31005bd63d4dd4e571d5357ad8c3a,-69,,0,0,,0
08:44:45,,0,135ec4cde997a1457df86f431bb33e7a29e31005bd63d4dd4e571d5357ad8c3a,-74,,0,0,,0
08:44:46,,0,135ec4cde997a1457df86f431bb33e7a29e31005bd63d4dd4e571d5357ad8c3a,-74,,0,0,,0
08:44:47,,0,135ec4cde997a1457df86f431bb33e7a29e31005bd63d4dd4e571d5357ad8c3a,-63,,0,0,,0
08:44:48,,0,135ec4cde997a1457df86f431bb33e7a29e31005bd63d4dd4e571d5357ad8c3a,-71,,0,0,,0
08:44:48,,0,135ec4cde997a1457df86f431bb33e7a29e31005bd63d4dd4e571d5357ad8c3a,-83,,0,0,,0
08:44:49,,0,135ec4cde997a1457df86f431bb33e7a29e31005bd63d4dd4e571d5357ad8c3a,-71,,0,0,,0
08:44:50,,0,135ec4cde997a1457df86f431bb33e7a29e31005bd63d4dd4e571d5357ad8c3a,-85,,0,0,,0
08:44:51,,0,135ec4cde997a1457df86f431bb33e7a29e31005bd63d4dd4e571d5357ad8c3a,-85,,0,0,,0
08:44:51,,0,135ec4cde997a1457df86f431bb33e7a29e31005bd63d4dd4e571d5357ad8c3a,-69,,0,0,,0
08:44:52,,0,135ec4cde997a1457df86f431bb33e7a29e31005bd63d4dd4e571d5357ad8c3a,-62,,0,0,,0
08:44:53,,0,135ec4cde997a1457df86f431bb33e7a29e31005bd63d4dd4e571d5357ad8c3a,-74,,0,0,,0
08:44:54,,0,135ec4cde997a1457df86f431bb33e7a29e31005bd63d4dd4e571d5357ad8c3a,-67,,0,0,,0
08:44:55,,0,135ec4cde997a1457df86f431bb33e7a29e31005bd63d4dd4e571d5357ad8c3a,-72,,0,0,,0
08:44:55,,0,135ec4cde997a1457df86f431bb33e7a29e31005bd63d4dd4e571d5357ad8c3a,-71,,0,0,,0
08:44:56,,0,5c7570a731edd7c5f1219c65ee640538b8491b6c24df2fcff4d749c4a0f178fe,-38,,0,0,,0
08:44:57,,0,135ec4cde997a1457df86f431bb33e7a29e31005bd63d4dd4e571d5357ad8c3a,-70,,0,0,,0
08:44:58,,0,135ec4cde997a1457df86f431bb33e7a29e31005bd63d4dd4e571d5357ad8c3a,-81,,0,0,,0
08:44:58,,0,135ec4cde997a1457df86f431bb33e7a29e31005bd63d4dd4e571d5357ad8c3a,-79,,0,0,,0
08:44:59,,0,135ec4cde997a1457df86f431bb33e7a29e31005bd63d4dd4e571d5357ad8c3a,-74,,0,0,,0
08:45:00,,0,135ec4cde997a1457df86f431bb33e7a29e31005bd63d4dd4e571d5357ad8c3a,-81,,0,0,,0
08:45:01,,0,135ec4cde997a1457df86f431bb33e7a29e31005bd63d4dd4e571d5357ad8c3a,-71,,0,0,,0
08:45:02,,0,135ec4cde997a1457df86f431bb33e7a29e31005bd63d4dd4e571d5357ad8c3a,-66,,0,0,,0
08:45:02,,0,135ec4cde997a1457df86f431bb33e7a29e31005bd63d4dd4e571d5357ad8c3a,-65,,0,0,,0
08:45:03,,0,17297dba3159a9a6d35caa3e2c3549b6c4b5416546fa004fbe17845f2cb7cbb6,-77,,0,0,,0
08:45:04,,0,17297dba3159a9a6d35caa3e2c3549b6c4b5416546fa004fbe17845f2cb7cbb6,-69,,0,0,,0
08:45:05,,0,242010671ef4e97a2e7471cf2c6fdddaffcdedd20149cd8d8d1b60a23f9b65aa,-97,,0,0,,0
08:45:05,,0,17297dba3159a9a6d35caa3e2c3549b6c4b5416546fa004fbe17845f2cb7cbb6,-70,,0,0,,0
08:45:06,,0,5c7570a731edd7c5f1219c65ee640538b8491b6c24df2fcff4d749c4a0f178fe,-41,,0,0,,0
08:45:07,,0,17297dba3159a9a6d35caa3e2c3549b6c4b5416546fa004fbe17845f2cb7cbb6,-73,,0,0,,0
08:45:08,,0,17297dba3159a9a6d35caa3e2c3549b6c4b5416546fa004fbe17845f2cb7cbb6,-75,,0,0,,0
08:45:09,,0,17297dba3159a9a6d35caa3e2c3549b6c4b5416546fa004fbe17845f2cb7cbb6,-73,,0,0,,0
08:45:09,,0,17297dba3159a9a6d35caa3e2c3549b6c4b5416546fa004fbe17845f2cb7cbb6,-73,,0,0,,0
08:45:10,,0,17297dba3159a9a6d35caa3e2c3549b6c4b5416546fa004fbe17845f2cb7cbb6,-73,,0,0,,0
08:45:11,,0,242010671ef4e97a2e7471cf2c6fdddaffcdedd20149cd8d8d1b60a23f9b65aa,-96,,0,0,,0
08:45:12,,0,17297dba3159a9a6d35caa3e2c3549b6c4b5416546fa004fbe17845f2cb7cbb6,-73,,0,0,,0
08:45:12,,0,17297dba3159a9a6d35caa3e2c3549b6c4b5416546fa004fbe17845f2cb7cbb6,-69,,0,0,,0
08:45:13,,0,17297dba3159a9a6d35caa3e2c3549b6c4b5416546fa004fbe17845f2cb7cbb6,-77,,0,0,,0
08:45:14,,0,17297dba3159a9a6d35caa3e2c3549b6c4b5416546fa004fbe17845f2cb7cbb6,-71,,0,0,,0
08:45:15,,0,17297dba3159a9a6d35caa3e2c3549b6c4b5416546fa004fbe17845f2cb7cbb6,-67,,0,0,,0
08:45:16,,0,17297dba3159a9a6d35caa3e2c3549b6c4b5416546fa004fbe17845f2cb7cbb6,-66,,0,0,,0
08:45:16,,0,17297dba3159a9a6d35caa3e2c3549b6c4b5416546fa004fbe17845f2cb7cbb6,-70,,0,0,,0
08:45:17,,0,17297dba3159a9a6d35caa3e2c3549b6c4b5416546fa004fbe17845f2cb7cbb6,-68,,0,0,,0
08:45:18,,0,17297dba3159a9a6d35caa3e2c3549b6c4b5416546fa004fbe17845f2cb7cbb6,-75,,0,0,,0
08:45:19,,0,17297dba3159a9a6d35caa3e2c3549b6c4b5416546fa004fbe17845f2cb7cbb6,-64,,0,0,,0
08:45:19,,0,17297dba3159a9a6d35caa3e2c3549b6c4b5416546fa004fbe17845f2cb7cbb6,-72,,0,0,,0
08:45:20,,0,17297dba3159a9a6d35caa3e2c3549b6c4b5416546fa004fbe17845f2cb7cbb6,-91,,0,0,,0
08:45:21,,0,17297dba3159a9a6d35caa3e2c3549b6c4b5416546fa004fbe17845f2cb7cbb6,-77,,0,0,,0
08:45:22,,0,17297dba3159a9a6d35caa3e2c3549b6c4b5416546fa004fbe17845f2cb7cbb6,-66,,0,0,,0
08:45:23,,0,17297dba3159a9a6d35caa3e2c3549b6c4b5416546fa004fbe17845f2cb7cbb6,-69,,0,0,,0
08:45:23,,0,17297dba3159a9a6d35caa3e2c3549b6c4b5416546fa004fbe17845f2cb7cbb6,-72,,0,0,,0
08:45:24,,0,17297dba3159a9a6d35caa3e2c3549b6c4b5416546fa004fbe17845f2cb7cbb6,-57,,0,0,,0
08:45:25,,0,17297dba3159a9a6d35caa3e2c3549b6c4b5416546fa004fbe17845f2cb7cbb6,-70,,0,0,,0
08:45:26,,0,17297dba3159a9a6d35caa3e2c3549b6c4b5416546fa004fbe17845f2cb7cbb6,-78,,0,0,,0
08:45:27,,0,17297dba3159a9a6d35caa3e2c3549b6c4b5416546fa004fbe17845f2cb7cbb6,-69,,0,0,,0
08:45:27,,0,17297dba3159a9a6d35caa3e2c3549b6c4b5416546fa004fbe17845f2cb7cbb6,-66,,0,0,,0
08:45:28,,0,17297dba3159a9a6d35caa3e2c3549b6c4b5416546fa004fbe17845f2cb7cbb6,-62,,0,0,,0
08:45:29,,0,17297dba3159a9a6d35caa3e2c3549b6c4b5416546fa004fbe17845f2cb7cbb6,-76,,0,0,,0
08:45:30,,0,17297dba3159a9a6d35caa3e2c3549b6c4b5416546fa004fbe17845f2cb7cbb6,-76,,0,0,,0
08:45:30,,0,17297dba3159a9a6d35caa3e2c3549b6c4b5416546fa004fbe17845f2cb7cbb6,-72,,0,0,,0
08:45:31,,0,17297dba3159a9a6d35caa3e2c3549b6c4b5416546fa004fbe17845f2cb7cbb6,-66,,0,0,,0
08:45:32,,0,17297dba3159a9a6d35caa3e2c3549b6c4b5416546fa004fbe17845f2cb7cbb6,-79,,0,0,,0
08:45:33,,0,17297dba3159a9a6d35caa3e2c3549b6c4b5416546fa004fbe17845f2cb7cbb6,-68,,0,0,,0
08:45:33,,0,17297dba3159a9a6d35caa3e2c3549b6c4b5416546fa004fbe17845f2cb7cbb6,-86,,0,0,,0
08:45:34,,0,17297dba3159a9a6d35caa3e2c3549b6c4b5416546fa004fbe17845f2cb7cbb6,-81,,0,0,,0
08:45:35,,0,17297dba3159a9a6d35caa3e2c3549b6c4b5416546fa004fbe17845f2cb7cbb6,-80,,0,0,,0
08:45:36,,0,4c2a0914871510660233a0f3951936eacf699c5ede9b69fd76c489b2adf64535,-37,,0,0,,0
08:45:37,,0,17297dba3159a9a6d35caa3e2c3549b6c4b5416546fa004fbe17845f2cb7cbb6,-75,,0,0,,0
08:45:37,,0,17297dba3159a9a6d35caa3e2c3549b6c4b5416546fa004fbe17845f2cb7cbb6,-73,,0,0,,0
08:45:38,,0,4c2a0914871510660233a0f3951936eacf699c5ede9b69fd76c489b2adf64535,-40,,0,0,,0
08:45:39,,0,17297dba3159a9a6d35caa3e2c3549b6c4b5416546fa004fbe17845f2cb7cbb6,-73,,0,0,,0
08:45:40,,0,17297dba3159a9a6d35caa3e2c3549b6c4b5416546fa004fbe17845f2cb7cbb6,-73,,0,0,,0
08:45:41,,0,17297dba3159a9a6d35caa3e2c3549b6c4b5416546fa004fbe17845f2cb7cbb6,-81,,0,0,,0
08:45:41,,0,17297dba3159a9a6d35caa3e2c3549b6c4b5416546fa004fbe17845f2cb7cbb6,-66,,0,0,,0
08:45:42,,0,17297dba3159a9a6d35caa3e2c3549b6c4b5416546fa004fbe17845f2cb7cbb6,-76,,0,0,,0
08:45:43,,0,17297dba3159a9a6d35caa3e2c3549b6c4b5416546fa004fbe17845f2cb7cbb6,-71,,0,0,,0
08:45:44,,0,17297dba3159a9a6d35caa3e2c3549b6c4b5416546fa004fbe17845f2cb7cbb6,-83,,0,0,,0
08:45:44,,0,17297dba3159a9a6d35caa3e2c3549b6c4b5416546fa004fbe17845f2cb7cbb6,-78,,0,0,,0
08:45:45,,0,17297dba3159a9a6d35caa3e2c3549b6c4b5416546fa004fbe17845f2cb7cbb6,-74,,0,0,,0
08:45:46,,0,17297dba3159a9a6d35caa3e2c3549b6c4b5416546fa004fbe17845f2cb7cbb6,-71,,0,0,,0
08:45:47,,0,17297dba3159a9a6d35caa3e2c3549b6c4b5416546fa004fbe17845f2cb7cbb6,-70,,0,0,,0
08:45:48,,0,17297dba3159a9a6d35caa3e2c3549b6c4b5416546fa004fbe17845f2cb7cbb6,-70,,0,0,,0
08:45:48,,0,17297dba3159a9a6d35caa3e2c3549b6c4b5416546fa004fbe17845f2cb7cbb6,-64,,0,0,,0
08:45:49,,0,17297dba3159a9a6d35caa3e2c3549b6c4b5416546fa004fbe17845f2cb7cbb6,-79,,0,0,,0
08:45:50,,0,17297dba3159a9a6d35caa3e2c3549b6c4b5416546fa004fbe17845f2cb7cbb6,-81,,0,0,,0
08:45:51,,0,17297dba3159a9a6d35caa3e2c3549b6c4b5416546fa004fbe17845f2cb7cbb6,-69,,0,0,,0
08:45:51,,0,17297dba3159a9a6d35caa3e2c3549b6c4b5416546fa004fbe17845f2cb7cbb6,-71,,0,0,,0
08:45:52,,0,17297dba3159a9a6d35caa3e2c3549b6c4b5416546fa004fbe17845f2cb7cbb6,-78,,0,0,,0
08:45:53,,0,17297dba3159a9a6d35caa3e2c3549b6c4b5416546fa004fbe17845f2cb7cbb6,-66,,0,0,,0
08:45:54,,0,17297dba3159a9a6d35caa3e2c3549b6c4b5416546fa004fbe17845f2cb7cbb6,-70,,0,0,,0
08:45:55,,0,17297dba3159a9a6d35caa3e2c3549b6c4b5416546fa004fbe17845f2cb7cbb6,-75,,0,0,,0
08:45:55,,0,17297dba3159a9a6d35caa3e2c3549b6c4b5416546fa004fbe17845f2cb7cbb6,-73,,0,0,,0
08:45:56,,0,17297dba3159a9a6d35caa3e2c3549b6c4b5416546fa004fbe17845f2cb7cbb6,-74,,0,0,,0
08:45:57,,0,17297dba3159a9a6d35caa3e2c3549b6c4b5416546fa004fbe17845f2cb7cbb6,-70,,0,0,,0
08:45:58,,0,17297dba3159a9a6d35caa3e2c3549b6c4b5416546fa004fbe17845f2cb7cbb6,-75,,0,0,,0
08:45:58,,0,17297dba3159a9a6d35caa3e2c3549b6c4b5416546fa004fbe17845f2cb7cbb6,-76,,0,0,,0
08:45:59,,0,17297dba3159a9a6d35caa3e2c3549b6c4b5416546fa004fbe17845f2cb7cbb6,-69,,0,0,,0
08:46:00,,0,4c2a0914871510660233a0f3951936eacf699c5ede9b69fd76c489b2adf64535,-38,,0,0,,0
08:46:01,,0,17297dba3159a9a6d35caa3e2c3549b6c4b5416546fa004fbe17845f2cb7cbb6,-76,,0,0,,0
08:46:02,,0,17297dba3159a9a6d35caa3e2c3549b6c4b5416546fa004fbe17845f2cb7cbb6,-80,,0,0,,0
08:46:02,,0,17297dba3159a9a6d35caa3e2c3549b6c4b5416546fa004fbe17845f2cb7cbb6,-78,,0,0,,0
08:46:03,,0,17297dba3159a9a6d35caa3e2c3549b6c4b5416546fa004fbe17845f2cb7cbb6,-68,,0,0,,0
08:46:04,,0,17297dba3159a9a6d35caa3e2c3549b6c4b5416546fa004fbe17845f2cb7cbb6,-79,,0,0,,0
08:46:05,,0,17297dba3159a9a6d35caa3e2c3549b6c4b5416546fa004fbe17845f2cb7cbb6,-68,,0,0,,0
08:46:05,,0,17297dba3159a9a6d35caa3e2c3549b6c4b5416546fa004fbe17845f2cb7cbb6,-79,,0,0,,0
08:46:06,,0,17297dba3159a9a6d35caa3e2c3549b6c4b5416546fa004fbe17845f2cb7cbb6,-69,,0,0,,0
08:46:07,,0,17297dba3159a9a6d35caa3e2c3549b6c4b5416546fa004fbe17845f2cb7cbb6,-74,,0,0,,0
08:46:08,,0,17297dba3159a9a6d35caa3e2c3549b6c4b5416546fa004fbe17845f2cb7cbb6,-82,,0,0,,0
08:46:09,,0,17297dba3159a9a6d35caa3e2c3549b6c4b5416546fa004fbe17845f2cb7cbb6,-90,,0,0,,0
08:46:09,,0,17297dba3159a9a6d35caa3e2c3549b6c4b5416546fa004fbe17845f2cb7cbb6,-76,,0,0,,0
08:46:10,,0,17297dba3159a9a6d35caa3e2c3549b6c4b5416546fa004fbe17845f2cb7cbb6,-72,,0,0,,0
08:46:11,,0,17297dba3159a9a6d35caa3e2c3549b6c4b5416546fa004fbe17845f2cb7cbb6,-77,,0,0,,0
08:46:12,,0,17297dba3159a9a6d35caa3e2c3549b6c4b5416546fa004fbe17845f2cb7cbb6,-69,,0,0,,0
08:46:12,,0,17297dba3159a9a6d35caa3e2c3549b6c4b5416546fa004fbe17845f2cb7cbb6,-73,,0,0,,0
08:46:13,,0,17297dba3159a9a6d35caa3e2c3549b6c4b5416546fa004fbe17845f2cb7cbb6,-70,,0,0,,0
08:46:14,,0,17297dba3159a9a6d35caa3e2c3549b6c4b5416546fa004fbe17845f2cb7cbb6,-71,,0,0,,0
08:46:15,,0,17297dba3159a9a6d35caa3e2c3549b6c4b5416546fa004fbe17845f2cb7cbb6,-72,,0,0,,0
08:46:16,,0,17297dba3159a9a6d35caa3e2c3549b6c4b5416546fa004fbe17845f2cb7cbb6,-73,,0,0,,0
08:46:16,,0,17297dba3159a9a6d35caa3e2c3549b6c4b5416546fa004fbe17845f2cb7cbb6,-73,,0,0,,0
08:46:17,,0,17297dba3159a9a6d35caa3e2c3549b6c4b5416546fa004fbe17845f2cb7cbb6,-72,,0,0,,0
08:46:18,,0,17297dba3159a9a6d35caa3e2c3549b6c4b5416546fa004fbe17845f2cb7cbb6,-76,,0,0,,0
08:46:19,,0,17297dba3159a9a6d35caa3e2c3549b6c4b5416546fa004fbe17845f2cb7cbb6,-71,,0,0,,0
08:46:19,,0,17297dba3159a9a6d35caa3e2c3549b6c4b5416546fa004fbe17845f2cb7cbb6,-79,,0,0,,0
08:46:20,,0,17297dba3159a9a6d35caa3e2c3549b6c4b5416546fa004fbe17845f2cb7cbb6,-71,,0,0,,0
08:46:21,,0,17297dba3159a9a6d35caa3e2c3549b6c4b5416546fa004fbe17845f2cb7cbb6,-71,,0,0,,0
08:46:22,,0,17297dba3159a9a6d35caa3e2c3549b6c4b5416546fa004fbe17845f2cb7cbb6,-79,,0,0,,0
08:46:23,,0,17297dba3159a9a6d35caa3e2c3549b6c4b5416546fa004fbe17845f2cb7cbb6,-74,,0,0,,0
08:46:23,,0,17297dba3159a9a6d35caa3e2c3549b6c4b5416546fa004fbe17845f2cb7cbb6,-76,,0,0,,0
08:46:24,,0,17297dba3159a9a6d35caa3e2c3549b6c4b5416546fa004fbe17845f2cb7cbb6,-75,,0,0,,0
08:46:25,,0,17297dba3159a9a6d35caa3e2c3549b6c4b5416546fa004fbe17845f2cb7cbb6,-72,,0,0,,0
08:46:26,,0,17297dba3159a9a6d35caa3e2c3549b6c4b5416546fa004fbe17845f2cb7cbb6,-73,,0,0,,0
08:46:26,,0,17297dba3159a9a6d35caa3e2c3549b6c4b5416546fa004fbe17845f2cb7cbb6,-65,,0,0,,0
08:46:27,,0,17297dba3159a9a6d35caa3e2c3549b6c4b5416546fa004fbe17845f2cb7cbb6,-73,,0,0,,0
08:46:28,,0,17297dba3159a9a6d35caa3e2c3549b6c4b5416546fa004fbe17845f2cb7cbb6,-75,,0,0,,0
08:46:29,,0,17297dba3159a9a6d35caa3e2c3549b6c4b5416546fa004fbe17845f2cb7cbb6,-78,,0,0,,0
08:46:30,,0,17297dba3159a9a6d35caa3e2c3549b6c4b5416546fa004fbe17845f2cb7cbb6,-75,,0,0,,0
08:46:30,,0,17297dba3159a9a6d35caa3e2c3549b6c4b5416546fa004fbe17845f2cb7cbb6,-74,,0,0,,0
08:46:31,,0,17297dba3159a9a6d35caa3e2c3549b6c4b5416546fa004fbe17845f2cb7cbb6,-71,,0,0,,0
08:46:32,,0,17297dba3159a9a6d35caa3e2c3549b6c4b5416546fa004fbe17845f2cb7cbb6,-70,,0,0,,0
08:46:33,,0,17297dba3159a9a6d35caa3e2c3549b6c4b5416546fa004fbe17845f2cb7cbb6,-75,,0,0,,0
08:46:33,,0,17297dba3159a9a6d35caa3e2c3549b6c4b5416546fa004fbe17845f2cb7cbb6,-69,,0,0,,0
08:46:34,,0,4c2a0914871510660233a0f3951936eacf699c5ede9b69fd76c489b2adf64535,-37,,0,0,,0
08:46:35,,0,17297dba3159a9a6d35caa3e2c3549b6c4b5416546fa004fbe17845f2cb7cbb6,-74,,0,0,,0
08:46:36,,0,17297dba3159a9a6d35caa3e2c3549b6c4b5416546fa004fbe17845f2cb7cbb6,-74,,0,0,,0
08:46:37,,0,17297dba3159a9a6d35caa3e2c3549b6c4b5416546fa004fbe17845f2cb7cbb6,-70,,0,0,,0
08:46:37,,0,17297dba3159a9a6d35caa3e2c3549b6c4b5416546fa004fbe17845f2cb7cbb6,-82,,0,0,,0
08:46:38,,0,17297dba3159a9a6d35caa3e2c3549b6c4b5416546fa004fbe17845f2cb7cbb6,-68,,0,0,,0
08:46:39,,0,17297dba3159a9a6d35caa3e2c3549b6c4b5416546fa004fbe17845f2cb7cbb6,-75,,0,0,,0
08:46:40,,0,17297dba3159a9a6d35caa3e2c3549b6c4b5416546fa004fbe17845f2cb7cbb6,-72,,0,0,,0
08:46:41,,0,17297dba3159a9a6d35caa3e2c3549b6c4b5416546fa004fbe17845f2cb7cbb6,-69,,0,0,,0
08:46:41,,0,17297dba3159a9a6d35caa3e2c3549b6c4b5416546fa004fbe17845f2cb7cbb6,-64,,0,0,,0
08:46:42,,0,17297dba3159a9a6d35caa3e2c3549b6c4b5416546fa004fbe17845f2cb7cbb6,-65,,0,0,,0
08:46:43,,0,17297dba3159a9a6d35caa3e2c3549b6c4b5416546fa004fbe17845f2cb7cbb6,-65,,0,0,,0
08:46:44,,0,17297dba3159a9a6d35caa3e2c3549b6c4b5416546fa004fbe17845f2cb7cbb6,-71,,0,0,,0
08:46:44,,0,17297dba3159a9a6d35caa3e2c3549b6c4b5416546fa004fbe17845f2cb7cbb6,-70,,0,0,,0
08:46:45,,0,17297dba3159a9a6d35caa3e2c3549b6c4b5416546fa004fbe17845f2cb7cbb6,-65,,0,0,,0
08:46:46,,0,17297dba3159a9a6d35caa3e2c3549b6c4b5416546fa004fbe17845f2cb7cbb6,-68,,0,0,,0
08:46:47,,0,17297dba3159a9a6d35caa3e2c3549b6c4b5416546fa004fbe17845f2cb7cbb6,-70,,0,0,,0
08:46:48,,0,17297dba3159a9a6d35caa3e2c3549b6c4b5416546fa004fbe17845f2cb7cbb6,-84,,0,0,,0
08:46:48,,0,4c2a0914871510660233a0f3951936eacf699c5ede9b69fd76c489b2adf64535,-41,,0,0,,0
08:46:49,,0,17297dba3159a9a6d35caa3e2c3549b6c4b5416546fa004fbe17845f2cb7cbb6,-72,,0,0,,0
08:46:50,,0,17297dba3159a9a6d35caa3e2c3549b6c4b5416546fa004fbe17845f2cb7cbb6,-71,,0,0,,0
08:46:51,,0,17297dba3159a9a6d35caa3e2c3549b6c4b5416546fa004fbe17845f2cb7cbb6,-70,,0,0,,0
08:46:51,,0,17297dba3159a9a6d35caa3e2c3549b6c4b5416546fa004fbe17845f2cb7cbb6,-63,,0,0,,0
08:46:52,,0,4c2a0914871510660233a0f3951936eacf699c5ede9b69fd76c489b2adf64535,-37,,0,0,,0
08:46:53,,0,17297dba3159a9a6d35caa3e2c3549b6c4b5416546fa004fbe17845f2cb7cbb6,-73,,0,0,,0
08:46:54,,0,17297dba3159a9a6d35caa3e2c3549b6c4b5416546fa004fbe17845f2cb7cbb6,-87,,0,0,,0
08:46:55,,0,17297dba3159a9a6d35caa3e2c3549b6c4b5416546fa004fbe17845f2cb7cbb6,-68,,0,0,,0
08:46:55,,0,17297dba3159a9a6d35caa3e2c3549b6c4b5416546fa004fbe17845f2cb7cbb6,-71,,0,0,,0
08:46:56,,0,17297dba3159a9a6d35caa3e2c3549b6c4b5416546fa004fbe17845f2cb7cbb6,-77,,0,0,,0
08:46:57,,0,17297dba3159a9a6d35caa3e2c3549b6c4b5416546fa004fbe17845f2cb7cbb6,-79,,0,0,,0
08:46:58,,0,17297dba3159a9a6d35caa3e2c3549b6c4b5416546fa004fbe17845f2cb7cbb6,-79,,0,0,,0
08:46:58,,0,17297dba3159a9a6d35caa3e2c3549b6c4b5416546fa004fbe17845f2cb7cbb6,-77,,0,0,,0
08:46:59,,0,17297dba3159a9a6d35caa3e2c3549b6c4b5416546fa004fbe17845f2cb7cbb6,-71,,0,0,,0
08:47:00,,0,17297dba3159a9a6d35caa3e2c3549b6c4b5416546fa004fbe17845f2cb7cbb6,-78,,0,0,,0
08:47:01,,0,17297dba3159a9a6d35caa3e2c3549b6c4b5416546fa004fbe17845f2cb7cbb6,-70,,0,0,,0
08:47:02,,0,17297dba3159a9a6d35caa3e2c3549b6c4b5416546fa004fbe17845f2cb7cbb6,-68,,0,0,,0
08:47:02,,0,17297dba3159a9a6d35caa3e2c3549b6c4b5416546fa004fbe17845f2cb7cbb6,-65,,0,0,,0
08:47:03,,0,17297dba3159a9a6d35caa3e2c3549b6c4b5416546fa004fbe17845f2cb7cbb6,-65,,0,0,,0
08:47:04,,0,17297dba3159a9a6d35caa3e2c3549b6c4b5416546fa004fbe17845f2cb7cbb6,-67,,0,0,,0
08:47:05,,0,17297dba3159a9a6d35caa3e2c3549b6c4b5416546fa004fbe17845f2cb7cbb6,-71,,0,0,,0
08:47:05,,0,17297dba3159a9a6d35caa3e2c3549b6c4b5416546fa004fbe17845f2cb7cbb6,-79,,0,0,,0
08:47:06,,0,17297dba3159a9a6d35caa3e2c3549b6c4b5416546fa004fbe17845f2cb7cbb6,-79,,0,0,,0
08:47:07,,0,17297dba3159a9a6d35caa3e2c3549b6c4b5416546fa004fbe17845f2cb7cbb6,-66,,0,0,,0
08:47:08,,0,17297dba3159a9a6d35caa3e2c3549b6c4b5416546fa004fbe17845f2cb7cbb6,-67,,0,0,,0
08:47:09,,0,17297dba3159a9a6d35caa3e2c3549b6c4b5416546fa004fbe17845f2cb7cbb6,-68,,0,0,,0
08:47:09,,0,17297dba3159a9a6d35caa3e2c3549b6c4b5416546fa004fbe17845f2cb7cbb6,-75,,0,0,,0
08:47:10,,0,17297dba3159a9a6d35caa3e2c3549b6c4b5416546fa004fbe17845f2cb7cbb6,-71,,0,0,,0
08:47:11,,0,17297dba3159a9a6d35caa3e2c3549b6c4b5416546fa004fbe17845f2cb7cbb6,-76,,0,0,,0
08:47:12,,0,17297dba3159a9a6d35caa3e2c3549b6c4b5416546fa004fbe17845f2cb7cbb6,-74,,0,0,,0
08:47:12,,0,17297dba3159a9a6d35caa3e2c3549b6c4b5416546fa004fbe17845f2cb7cbb6,-73,,0,0,,0
08:47:13,,0,17297dba3159a9a6d35caa3e2c3549b6c4b5416546fa004fbe17845f2cb7cbb6,-74,,0,0,,0
08:47:14,,0,17297dba3159a9a6d35caa3e2c3549b6c4b5416546fa004fbe17845f2cb7cbb6,-72,,0,0,,0
08:47:15,,0,17297dba3159a9a6d35caa3e2c3549b6c4b5416546fa004fbe17845f2cb7cbb6,-67,,0,0,,0
08:47:16,,0,17297dba3159a9a6d35caa3e2c3549b6c4b5416546fa004fbe17845f2cb7cbb6,-87,,0,0,,0
08:47:16,,0,17297dba3159a9a6d35caa3e2c3549b6c4b5416546fa004fbe17845f2cb7cbb6,-71,,0,0,,0
08:47:17,,0,17297dba3159a9a6d35caa3e2c3549b6c4b5416546fa004fbe17845f2cb7cbb6,-82,,0,0,,0
08:47:18,,0,17297dba3159a9a6d35caa3e2c3549b6c4b5416546fa004fbe17845f2cb7cbb6,-83,,0,0,,0
08:47:19,,0,17297dba3159a9a6d35caa3e2c3549b6c4b5416546fa004fbe17845f2cb7cbb6,-70,,0,0,,0
08:47:19,,0,17297dba3159a9a6d35caa3e2c3549b6c4b5416546fa004fbe17845f2cb7cbb6,-71,,0,0,,0
08:47:20,,0,242010671ef4e97a2e7471cf2c6fdddaffcdedd20149cd8d8d1b60a23f9b65aa,-95,,0,0,,0
08:47:21,,0,17297dba3159a9a6d35caa3e2c3549b6c4b5416546fa004fbe17845f2cb7cbb6,-68,,0,0,,0
08:47:22,,0,17297dba3159a9a6d35caa3e2c3549b6c4b5416546fa004fbe17845f2cb7cbb6,-74,,0,0,,0
08:47:23,,0,17297dba3159a9a6d35caa3e2c3549b6c4b5416546fa004fbe17845f2cb7cbb6,-69,,0,0,,0
08:47:23,,0,17297dba3159a9a6d35caa3e2c3549b6c4b5416546fa004fbe17845f2cb7cbb6,-76,,0,0,,0
08:47:24,,0,4c2a0914871510660233a0f3951936eacf699c5ede9b69fd76c489b2adf64535,-39,,0,0,,0
08:47:25,,0,17297dba3159a9a6d35caa3e2c3549b6c4b5416546fa004fbe17845f2cb7cbb6,-67,,0,0,,0
08:47:26,,0,17297dba3159a9a6d35caa3e2c3549b6c4b5416546fa004fbe17845f2cb7cbb6,-75,,0,0,,0
08:47:26,,0,17297dba3159a9a6d35caa3e2c3549b6c4b5416546fa004fbe17845f2cb7cbb6,-70,,0,0,,0
08:47:27,,0,17297dba3159a9a6d35caa3e2c3549b6c4b5416546fa004fbe17845f2cb7cbb6,-70,,0,0,,0
08:47:28,,0,17297dba3159a9a6d35caa3e2c3549b6c4b5416546fa004fbe17845f2cb7cbb6,-65,,0,0,,0
08:47:29,,0,17297dba3159a9a6d35caa3e2c3549b6c4b5416546fa004fbe17845f2cb7cbb6,-61,,0,0,,0
08:47:30,,0,17297dba3159a9a6d35caa3e2c3549b6c4b5416546fa004fbe17845f2cb7cbb6,-76,,0,0,,0
08:47:30,,0,4c2a0914871510660233a0f3951936eacf699c5ede9b69fd76c489b2adf64535,-39,,0,0,,0
08:47:31,,0,17297dba3159a9a6d35caa3e2c3549b6c4b5416546fa004fbe17845f2cb7cbb6,-86,,0,0,,0
08:47:32,,0,17297dba3159a9a6d35caa3e2c3549b6c4b5416546fa004fbe17845f2cb7cbb6,-73,,0,0,,0
08:47:33,,0,17297dba3159a9a6d35caa3e2c3549b6c4b5416546fa004fbe17845f2cb7cbb6,-75,,0,0,,0
08:47:33,,0,242010671ef4e97a2e7471cf2c6fdddaffcdedd20149cd8d8d1b60a23f9b65aa,-94,,0,0,,0
08:47:34,,0,17297dba3159a9a6d35caa3e2c3549b6c4b5416546fa004fbe17845f2cb7cbb6,-62,,0,0,,0
08:47:35,,0,17297dba3159a9a6d35caa3e2c3549b6c4b5416546fa004fbe17845f2cb7cbb6,-65,,0,0,,0
08:47:36,,0,17297dba3159a9a6d35caa3e2c3549b6c4b5416546fa004fbe17845f2cb7cbb6,-63,,0,0,,0
08:47:37,,0,242010671ef4e97a2e7471cf2c6fdddaffcdedd20149cd8d8d1b60a23f9b65aa,-91,,0,0,,0
08:47:37,,0,17297dba3159a9a6d35caa3e2c3549b6c4b5416546fa004fbe17845f2cb7cbb6,-63,,0,0,,0
08:47:38,,0,17297dba3159a9a6d35caa3e2c3549b6c4b5416546fa004fbe17845f2cb7cbb6,-64,,0,0,,0
08:47:39,,0,17297dba3159a9a6d35caa3e2c3549b6c4b5416546fa004fbe17845f2cb7cbb6,-61,,0,0,,0
08:47:40,,0,17297dba3159a9a6d35caa3e2c3549b6c4b5416546fa004fbe17845f2cb7cbb6,-63,,0,0,,0
08:47:40,,0,17297dba3159a9a6d35caa3e2c3549b6c4b5416546fa004fbe17845f2cb7cbb6,-58,,0,0,,0
08:47:41,,0,17297dba3159a9a6d35caa3e2c3549b6c4b5416546fa004fbe17845f2cb7cbb6,-65,,0,0,,0
08:47:42,,0,17297dba3159a9a6d35caa3e2c3549b6c4b5416546fa004fbe17845f2cb7cbb6,-73,,0,0,,0
08:47:43,,0,17297dba3159a9a6d35caa3e2c3549b6c4b5416546fa004fbe17845f2cb7cbb6,-70,,0,0,,0
08:47:44,,0,17297dba3159a9a6d35caa3e2c3549b6c4b5416546fa004fbe17845f2cb7cbb6,-72,,0,0,,0
08:47:44,,0,4c2a0914871510660233a0f3951936eacf699c5ede9b69fd76c489b2adf64535,-37,,0,0,,0
08:47:45,,0,17297dba3159a9a6d35caa3e2c3549b6c4b5416546fa004fbe17845f2cb7cbb6,-74,,0,0,,0
08:47:46,,0,17297dba3159a9a6d35caa3e2c3549b6c4b5416546fa004fbe17845f2cb7cbb6,-66,,0,0,,0
08:47:47,,0,17297dba3159a9a6d35caa3e2c3549b6c4b5416546fa004fbe17845f2cb7cbb6,-74,,0,0,,0
08:47:48,,0,17297dba3159a9a6d35caa3e2c3549b6c4b5416546fa004fbe17845f2cb7cbb6,-60,,0,0,,0
08:47:48,,0,17297dba3159a9a6d35caa3e2c3549b6c4b5416546fa004fbe17845f2cb7cbb6,-71,,0,0,,0
08:47:49,,0,17297dba3159a9a6d35caa3e2c3549b6c4b5416546fa004fbe17845f2cb7cbb6,-77,,0,0,,0
08:47:50,,0,17297dba3159a9a6d35caa3e2c3549b6c4b5416546fa004fbe17845f2cb7cbb6,-59,,0,0,,0
08:47:51,,0,17297dba3159a9a6d35caa3e2c3549b6c4b5416546fa004fbe17845f2cb7cbb6,-70,,0,0,,0
08:47:51,,0,17297dba3159a9a6d35caa3e2c3549b6c4b5416546fa004fbe17845f2cb7cbb6,-59,,0,0,,0
08:47:52,,0,17297dba3159a9a6d35caa3e2c3549b6c4b5416546fa004fbe17845f2cb7cbb6,-66,,0,0,,0
08:47:53,,0,17297dba3159a9a6d35caa3e2c3549b6c4b5416546fa004fbe17845f2cb7cbb6,-66,,0,0,,0
08:47:54,,0,17297dba3159a9a6d35caa3e2c3549b6c4b5416546fa004fbe17845f2cb7cbb6,-73,,0,0,,0
08:47:55,,0,17297dba3159a9a6d35caa3e2c3549b6c4b5416546fa004fbe17845f2cb7cbb6,-66,,0,0,,0
08:47:55,,0,17297dba3159a9a6d35caa3e2c3549b6c4b5416546fa004fbe17845f2cb7cbb6,-70,,0,0,,0
08:47:56,,0,17297dba3159a9a6d35caa3e2c3549b6c4b5416546fa004fbe17845f2cb7cbb6,-69,,0,0,,0
08:47:57,,0,17297dba3159a9a6d35caa3e2c3549b6c4b5416546fa004fbe17845f2cb7cbb6,-70,,0,0,,0
08:47:58,,0,242010671ef4e97a2e7471cf2c6fdddaffcdedd20149cd8d8d1b60a23f9b65aa,-97,,0,0,,0
08:47:58,,0,17297dba3159a9a6d35caa3e2c3549b6c4b5416546fa004fbe17845f2cb7cbb6,-65,,0,0,,0
08:47:59,,0,17297dba3159a9a6d35caa3e2c3549b6c4b5416546fa004fbe17845f2cb7cbb6,-79,,0,0,,0
08:48:00,,0,4c2a0914871510660233a0f3951936eacf699c5ede9b69fd76c489b2adf64535,-39,,0,0,,0
08:48:01,,0,17297dba3159a9a6d35caa3e2c3549b6c4b5416546fa004fbe17845f2cb7cbb6,-72,,0,0,,0
08:48:02,,0,17297dba3159a9a6d35caa3e2c3549b6c4b5416546fa004fbe17845f2cb7cbb6,-64,,0,0,,0
08:48:02,,0,4c2a0914871510660233a0f3951936eacf699c5ede9b69fd76c489b2adf64535,-37,,0,0,,0
08:48:03,,0,17297dba3159a9a6d35caa3e2c3549b6c4b5416546fa004fbe17845f2cb7cbb6,-78,,0,0,,0
08:48:04,,0,17297dba3159a9a6d35caa3e2c3549b6c4b5416546fa004fbe17845f2cb7cbb6,-74,,0,0,,0
08:48:05,,0,17297dba3159a9a6d35caa3e2c3549b6c4b5416546fa004fbe17845f2cb7cbb6,-70,,0,0,,0
08:48:05,,0,17297dba3159a9a6d35caa3e2c3549b6c4b5416546fa004fbe17845f2cb7cbb6,-77,,0,0,,0
08:48:06,,0,17297dba3159a9a6d35caa3e2c3549b6c4b5416546fa004fbe17845f2cb7cbb6,-76,,0,0,,0
08:48:07,,0,242010671ef4e97a2e7471cf2c6fdddaffcdedd20149cd8d8d1b60a23f9b65aa,-94,,0,0,,0
08:48:08,,0,17297dba3159a9a6d35caa3e2c3549b6c4b5416546fa004fbe17845f2cb7cbb6,-72,,0,0,,0
08:48:09,,0,17297dba3159a9a6d35caa3e2c3549b6c4b5416546fa004fbe17845f2cb7cbb6,-78,,0,0,,0
08:48:09,,0,242010671ef4e97a2e7471cf2c6fdddaffcdedd20149cd8d8d1b60a23f9b65aa,-94,,0,0,,0
08:48:10,,0,17297dba3159a9a6d35caa3e2c3549b6c4b5416546fa004fbe17845f2cb7cbb6,-71,,0,0,,0
08:48:11,,0,17297dba3159a9a6d35caa3e2c3549b6c4b5416546fa004fbe17845f2cb7cbb6,-73,,0,0,,0
08:48:12,,0,17297dba3159a9a6d35caa3e2c3549b6c4b5416546fa004fbe17845f2cb7cbb6,-66,,0,0,,0
08:48:12,,0,17297dba3159a9a6d35caa3e2c3549b6c4b5416546fa004fbe17845f2cb7cbb6,-75,,0,0,,0
08:48:13,,0,17297dba3159a9a6d35caa3e2c3549b6c4b5416546fa004fbe17845f2cb7cbb6,-72,,0,0,,0
08:48:14,,0,17297dba3159a9a6d35caa3e2c3549b6c4b5416546fa004fbe17845f2cb7cbb6,-71,,0,0,,0
08:48:15,,0,17297dba3159a9a6d35caa3e2c3549b6c4b5416546fa004fbe17845f2cb7cbb6,-71,,0,0,,0
08:48:16,,0,17297dba3159a9a6d35caa3e2c3549b6c4b5416546fa004fbe17845f2cb7cbb6,-73,,0,0,,0
08:48:16,,0,17297dba3159a9a6d35caa3e2c3549b6c4b5416546fa004fbe17845f2cb7cbb6,-74,,0,0,,0
08:48:17,,0,17297dba3159a9a6d35caa3e2c3549b6c4b5416546fa004fbe17845f2cb7cbb6,-63,,0,0,,0
08:48:18,,0,17297dba3159a9a6d35caa3e2c3549b6c4b5416546fa004fbe17845f2cb7cbb6,-70,,0,0,,0
08:48:19,,0,17297dba3159a9a6d35caa3e2c3549b6c4b5416546fa004fbe17845f2cb7cbb6,-70,,0,0,,0
08:48:19,,0,17297dba3159a9a6d35caa3e2c3549b6c4b5416546fa004fbe17845f2cb7cbb6,-72,,0,0,,0
08:48:20,,0,17297dba3159a9a6d35caa3e2c3549b6c4b5416546fa004fbe17845f2cb7cbb6,-65,,0,0,,0
08:48:21,,0,17297dba3159a9a6d35caa3e2c3549b6c4b5416546fa004fbe17845f2cb7cbb6,-67,,0,0,,0
08:48:22,,0,17297dba3159a9a6d35caa3e2c3549b6c4b5416546fa004fbe17845f2cb7cbb6,-71,,0,0,,0
08:48:23,,0,17297dba3159a9a6d35caa3e2c3549b6c4b5416546fa004fbe17845f2cb7cbb6,-74,,0,0,,0
08:48:23,,0,17297dba3159a9a6d35caa3e2c3549b6c4b5416546fa004fbe17845f2cb7cbb6,-72,,0,0,,0
08:48:24,,0,17297dba3159a9a6d35caa3e2c3549b6c4b5416546fa004fbe17845f2cb7cbb6,-74,,0,0,,0
08:48:25,,0,17297dba3159a9a6d35caa3e2c3549b6c4b5416546fa004fbe17845f2cb7cbb6,-69,,0,0,,0
08:48:26,,0,17297dba3159a9a6d35caa3e2c3549b6c4b5416546fa004fbe17845f2cb7cbb6,-63,,0,0,,0
08:48:26,,0,17297dba3159a9a6d35caa3e2c3549b6c4b5416546fa004fbe17845f2cb7cbb6,-75,,0,0,,0
08:48:27,,0,17297dba3159a9a6d35caa3e2c3549b6c4b5416546fa004fbe17845f2cb7cbb6,-64,,0,0,,0
08:48:28,,0,17297dba3159a9a6d35caa3e2c3549b6c4b5416546fa004fbe17845f2cb7cbb6,-64,,0,0,,0
08:48:29,,0,17297dba3159a9a6d35caa3e2c3549b6c4b5416546fa004fbe17845f2cb7cbb6,-64,,0,0,,0
08:48:30,,0,242010671ef4e97a2e7471cf2c6fdddaffcdedd20149cd8d8d1b60a23f9b65aa,-97,,0,0,,0
08:48:30,,0,17297dba3159a9a6d35caa3e2c3549b6c4b5416546fa004fbe17845f2cb7cbb6,-73,,0,0,,0
08:48:31,,0,17297dba3159a9a6d35caa3e2c3549b6c4b5416546fa004fbe17845f2cb7cbb6,-71,,0,0,,0
08:48:32,,0,242010671ef4e97a2e7471cf2c6fdddaffcdedd20149cd8d8d1b60a23f9b65aa,-93,,0,0,,0
08:48:33,,0,17297dba3159a9a6d35caa3e2c3549b6c4b5416546fa004fbe17845f2cb7cbb6,-63,,0,0,,0
08:48:34,,0,17297dba3159a9a6d35caa3e2c3549b6c4b5416546fa004fbe17845f2cb7cbb6,-73,,0,0,,0
08:48:34,,0,17297dba3159a9a6d35caa3e2c3549b6c4b5416546fa004fbe17845f2cb7cbb6,-72,,0,0,,0
08:48:35,,0,242010671ef4e97a2e7471cf2c6fdddaffcdedd20149cd8d8d1b60a23f9b65aa,-97,,0,0,,0
08:48:36,,0,17297dba3159a9a6d35caa3e2c3549b6c4b5416546fa004fbe17845f2cb7cbb6,-65,,0,0,,0
08:48:37,,0,17297dba3159a9a6d35caa3e2c3549b6c4b5416546fa004fbe17845f2cb7cbb6,-71,,0,0,,0
08:48:37,,0,17297dba3159a9a6d35caa3e2c3549b6c4b5416546fa004fbe17845f2cb7cbb6,-70,,0,0,,0
08:48:38,,0,17297dba3159a9a6d35caa3e2c3549b6c4b5416546fa004fbe17845f2cb7cbb6,-69,,0,0,,0
08:48:39,,0,17297dba3159a9a6d35caa3e2c3549b6c4b5416546fa004fbe17845f2cb7cbb6,-70,,0,0,,0
08:48:40,,0,17297dba3159a9a6d35caa3e2c3549b6c4b5416546fa004fbe17845f2cb7cbb6,-71,,0,0,,0
08:48:41,,0,17297dba3159a9a6d35caa3e2c3549b6c4b5416546fa004fbe17845f2cb7cbb6,-88,,0,0,,0
08:48:41,,0,17297dba3159a9a6d35caa3e2c3549b6c4b5416546fa004fbe17845f2cb7cbb6,-83,,0,0,,0
08:48:42,,0,17297dba3159a9a6d35caa3e2c3549b6c4b5416546fa004fbe17845f2cb7cbb6,-72,,0,0,,0
08:48:43,26.0,0,a253a01e90fd5ea8a968a7583f3d10809123414ef600b0b0595a33856198801e,-87,,0,0,7.0,0
08:48:44,,0,17297dba3159a9a6d35caa3e2c3549b6c4b5416546fa004fbe17845f2cb7cbb6,-66,,0,0,,0
08:48:44,,0,4c2a0914871510660233a0f3951936eacf699c5ede9b69fd76c489b2adf64535,-40,,0,0,,0
08:48:45,,0,17297dba3159a9a6d35caa3e2c3549b6c4b5416546fa004fbe17845f2cb7cbb6,-68,,0,0,,0
08:48:46,,0,17297dba3159a9a6d35caa3e2c3549b6c4b5416546fa004fbe17845f2cb7cbb6,-65,,0,0,,0
08:48:47,,0,17297dba3159a9a6d35caa3e2c3549b6c4b5416546fa004fbe17845f2cb7cbb6,-69,,0,0,,0
08:48:48,,0,17297dba3159a9a6d35caa3e2c3549b6c4b5416546fa004fbe17845f2cb7cbb6,-72,,0,0,,0
08:48:48,,0,17297dba3159a9a6d35caa3e2c3549b6c4b5416546fa004fbe17845f2cb7cbb6,-74,,0,0,,0
08:48:49,,0,17297dba3159a9a6d35caa3e2c3549b6c4b5416546fa004fbe17845f2cb7cbb6,-72,,0,0,,0
08:48:50,,0,17297dba3159a9a6d35caa3e2c3549b6c4b5416546fa004fbe17845f2cb7cbb6,-64,,0,0,,0
08:48:51,,0,17297dba3159a9a6d35caa3e2c3549b6c4b5416546fa004fbe17845f2cb7cbb6,-72,,0,0,,0
08:48:51,,0,17297dba3159a9a6d35caa3e2c3549b6c4b5416546fa004fbe17845f2cb7cbb6,-67,,0,0,,0
08:48:52,,0,17297dba3159a9a6d35caa3e2c3549b6c4b5416546fa004fbe17845f2cb7cbb6,-70,,0,0,,0
08:48:53,,0,17297dba3159a9a6d35caa3e2c3549b6c4b5416546fa004fbe17845f2cb7cbb6,-64,,0,0,,0
08:48:54,,0,17297dba3159a9a6d35caa3e2c3549b6c4b5416546fa004fbe17845f2cb7cbb6,-66,,0,0,,0
08:48:55,,0,17297dba3159a9a6d35caa3e2c3549b6c4b5416546fa004fbe17845f2cb7cbb6,-63,,0,0,,0
08:48:55,,0,17297dba3159a9a6d35caa3e2c3549b6c4b5416546fa004fbe17845f2cb7cbb6,-69,,0,0,,0
08:48:56,,0,4c2a0914871510660233a0f3951936eacf699c5ede9b69fd76c489b2adf64535,-41,,0,0,,0
08:48:57,,0,17297dba3159a9a6d35caa3e2c3549b6c4b5416546fa004fbe17845f2cb7cbb6,-68,,0,0,,0
08:48:58,,0,17297dba3159a9a6d35caa3e2c3549b6c4b5416546fa004fbe17845f2cb7cbb6,-72,,0,0,,0
08:48:58,,0,17297dba3159a9a6d35caa3e2c3549b6c4b5416546fa004fbe17845f2cb7cbb6,-71,,0,0,,0
08:48:59,,0,17297dba3159a9a6d35caa3e2c3549b6c4b5416546fa004fbe17845f2cb7cbb6,-74,,0,0,,0
08:49:00,,0,17297dba3159a9a6d35caa3e2c3549b6c4b5416546fa004fbe17845f2cb7cbb6,-72,,0,0,,0
08:49:01,,0,17297dba3159a9a6d35caa3e2c3549b6c4b5416546fa004fbe17845f2cb7cbb6,-78,,0,0,,0
08:49:02,,0,17297dba3159a9a6d35caa3e2c3549b6c4b5416546fa004fbe17845f2cb7cbb6,-74,,0,0,,0
08:49:02,,0,17297dba3159a9a6d35caa3e2c3549b6c4b5416546fa004fbe17845f2cb7cbb6,-75,,0,0,,0
08:49:03,,0,17297dba3159a9a6d35caa3e2c3549b6c4b5416546fa004fbe17845f2cb7cbb6,-75,,0,0,,0
08:49:04,,0,17297dba3159a9a6d35caa3e2c3549b6c4b5416546fa004fbe17845f2cb7cbb6,-72,,0,0,,0
08:49:05,,0,17297dba3159a9a6d35caa3e2c3549b6c4b5416546fa004fbe17845f2cb7cbb6,-69,,0,0,,0
08:49:05,,0,17297dba3159a9a6d35caa3e2c3549b6c4b5416546fa004fbe17845f2cb7cbb6,-67,,0,0,,0
08:49:06,,0,17297dba3159a9a6d35caa3e2c3549b6c4b5416546fa004fbe17845f2cb7cbb6,-76,,0,0,,0
08:49:07,,0,17297dba3159a9a6d35caa3e2c3549b6c4b5416546fa004fbe17845f2cb7cbb6,-79,,0,0,,0
08:49:08,,0,17297dba3159a9a6d35caa3e2c3549b6c4b5416546fa004fbe17845f2cb7cbb6,-63,,0,0,,0
08:49:09,,0,17297dba3159a9a6d35caa3e2c3549b6c4b5416546fa004fbe17845f2cb7cbb6,-80,,0,0,,0
08:49:09,,0,00bfa28221ad6821cea5cc4e60c0facef4982003911257a8180a6ddc520d2359,-92,,0,0,,0
08:49:10,,0,17297dba3159a9a6d35caa3e2c3549b6c4b5416546fa004fbe17845f2cb7cbb6,-69,,0,0,,0
08:49:11,,0,17297dba3159a9a6d35caa3e2c3549b6c4b5416546fa004fbe17845f2cb7cbb6,-74,,0,0,,0
08:49:12,,0,17297dba3159a9a6d35caa3e2c3549b6c4b5416546fa004fbe17845f2cb7cbb6,-86,,0,0,,0
08:49:12,,0,17297dba3159a9a6d35caa3e2c3549b6c4b5416546fa004fbe17845f2cb7cbb6,-73,,0,0,,0
08:49:13,,0,00bfa28221ad6821cea5cc4e60c0facef4982003911257a8180a6ddc520d2359,-96,,0,0,,0
08:49:14,,0,17297dba3159a9a6d35caa3e2c3549b6c4b5416546fa004fbe17845f2cb7cbb6,-77,,0,0,,0
08:49:15,,0,17297dba3159a9a6d35caa3e2c3549b6c4b5416546fa004fbe17845f2cb7cbb6,-74,,0,0,,0
08:49:16,,0,17297dba3159a9a6d35caa3e2c3549b6c4b5416546fa004fbe17845f2cb7cbb6,-67,,0,0,,0
08:49:16,,0,17297dba3159a9a6d35caa3e2c3549b6c4b5416546fa004fbe17845f2cb7cbb6,-72,,0,0,,0
08:49:17,,0,17297dba3159a9a6d35caa3e2c3549b6c4b5416546fa004fbe17845f2cb7cbb6,-72,,0,0,,0
08:49:18,,0,17297dba3159a9a6d35caa3e2c3549b6c4b5416546fa004fbe17845f2cb7cbb6,-71,,0,0,,0
08:49:19,,0,17297dba3159a9a6d35caa3e2c3549b6c4b5416546fa004fbe17845f2cb7cbb6,-72,,0,0,,0
08:49:19,,0,17297dba3159a9a6d35caa3e2c3549b6c4b5416546fa004fbe17845f2cb7cbb6,-71,,0,0,,0
08:49:20,,0,4c2a0914871510660233a0f3951936eacf699c5ede9b69fd76c489b2adf64535,-39,,0,0,,0
08:49:21,,0,17297dba3159a9a6d35caa3e2c3549b6c4b5416546fa004fbe17845f2cb7cbb6,-72,,0,0,,0
08:49:22,,0,17297dba3159a9a6d35caa3e2c3549b6c4b5416546fa004fbe17845f2cb7cbb6,-79,,0,0,,0
08:49:22,,0,17297dba3159a9a6d35caa3e2c3549b6c4b5416546fa004fbe17845f2cb7cbb6,-73,,0,0,,0
08:49:23,,0,17297dba3159a9a6d35caa3e2c3549b6c4b5416546fa004fbe17845f2cb7cbb6,-78,,0,0,,0
08:49:24,,0,17297dba3159a9a6d35caa3e2c3549b6c4b5416546fa004fbe17845f2cb7cbb6,-71,,0,0,,0
08:49:24,,0,17297dba3159a9a6d35caa3e2c3549b6c4b5416546fa004fbe17845f2cb7cbb6,-78,,0,0,,0
08:49:26,,0,17297dba3159a9a6d35caa3e2c3549b6c4b5416546fa004fbe17845f2cb7cbb6,-68,,0,0,,0
08:49:27,,0,4c2a0914871510660233a0f3951936eacf699c5ede9b69fd76c489b2adf64535,-39,,0,0,,0
08:49:27,,0,17297dba3159a9a6d35caa3e2c3549b6c4b5416546fa004fbe17845f2cb7cbb6,-83,,0,0,,0
08:49:28,,0,4c2a0914871510660233a0f3951936eacf699c5ede9b69fd76c489b2adf64535,-38,,0,0,,0
08:49:29,,0,17297dba3159a9a6d35caa3e2c3549b6c4b5416546fa004fbe17845f2cb7cbb6,-89,,0,0,,0
08:49:30,,0,17297dba3159a9a6d35caa3e2c3549b6c4b5416546fa004fbe17845f2cb7cbb6,-80,,0,0,,0
08:49:30,,0,17297dba3159a9a6d35caa3e2c3549b6c4b5416546fa004fbe17845f2cb7cbb6,-70,,0,0,,0
08:49:31,,0,17297dba3159a9a6d35caa3e2c3549b6c4b5416546fa004fbe17845f2cb7cbb6,-73,,0,0,,0
08:49:32,,0,242010671ef4e97a2e7471cf2c6fdddaffcdedd20149cd8d8d1b60a23f9b65aa,-98,,0,0,,0
08:49:33,,0,17297dba3159a9a6d35caa3e2c3549b6c4b5416546fa004fbe17845f2cb7cbb6,-87,,0,0,,0
08:49:33,,0,17297dba3159a9a6d35caa3e2c3549b6c4b5416546fa004fbe17845f2cb7cbb6,-72,,0,0,,0
08:49:34,,0,17297dba3159a9a6d35caa3e2c3549b6c4b5416546fa004fbe17845f2cb7cbb6,-77,,0,0,,0
08:49:35,,0,17297dba3159a9a6d35caa3e2c3549b6c4b5416546fa004fbe17845f2cb7cbb6,-75,,0,0,,0
08:49:36,,0,17297dba3159a9a6d35caa3e2c3549b6c4b5416546fa004fbe17845f2cb7cbb6,-73,,0,0,,0
08:49:37,,0,17297dba3159a9a6d35caa3e2c3549b6c4b5416546fa004fbe17845f2cb7cbb6,-73,,0,0,,0
08:49:37,,0,17297dba3159a9a6d35caa3e2c3549b6c4b5416546fa004fbe17845f2cb7cbb6,-73,,0,0,,0
08:49:38,,0,17297dba3159a9a6d35caa3e2c3549b6c4b5416546fa004fbe17845f2cb7cbb6,-76,,0,0,,0
08:49:39,,0,17297dba3159a9a6d35caa3e2c3549b6c4b5416546fa004fbe17845f2cb7cbb6,-82,,0,0,,0
08:49:40,,0,17297dba3159a9a6d35caa3e2c3549b6c4b5416546fa004fbe17845f2cb7cbb6,-74,,0,0,,0
08:49:41,,0,17297dba3159a9a6d35caa3e2c3549b6c4b5416546fa004fbe17845f2cb7cbb6,-66,,0,0,,0
08:49:41,,0,17297dba3159a9a6d35caa3e2c3549b6c4b5416546fa004fbe17845f2cb7cbb6,-65,,0,0,,0
08:49:42,,0,17297dba3159a9a6d35caa3e2c3549b6c4b5416546fa004fbe17845f2cb7cbb6,-78,,0,0,,0
08:49:43,,0,17297dba3159a9a6d35caa3e2c3549b6c4b5416546fa004fbe17845f2cb7cbb6,-67,,0,0,,0
08:49:44,,0,17297dba3159a9a6d35caa3e2c3549b6c4b5416546fa004fbe17845f2cb7cbb6,-73,,0,0,,0
08:49:44,,0,4c2a0914871510660233a0f3951936eacf699c5ede9b69fd76c489b2adf64535,-39,,0,0,,0
08:49:45,,0,17297dba3159a9a6d35caa3e2c3549b6c4b5416546fa004fbe17845f2cb7cbb6,-81,,0,0,,0
08:49:46,,0,17297dba3159a9a6d35caa3e2c3549b6c4b5416546fa004fbe17845f2cb7cbb6,-82,,0,0,,0
08:49:47,,0,17297dba3159a9a6d35caa3e2c3549b6c4b5416546fa004fbe17845f2cb7cbb6,-74,,0,0,,0
08:49:48,,0,17297dba3159a9a6d35caa3e2c3549b6c4b5416546fa004fbe17845f2cb7cbb6,-69,,0,0,,0
08:49:48,,0,17297dba3159a9a6d35caa3e2c3549b6c4b5416546fa004fbe17845f2cb7cbb6,-72,,0,0,,0
08:49:49,,0,17297dba3159a9a6d35caa3e2c3549b6c4b5416546fa004fbe17845f2cb7cbb6,-66,,0,0,,0
08:49:50,,0,17297dba3159a9a6d35caa3e2c3549b6c4b5416546fa004fbe17845f2cb7cbb6,-82,,0,0,,0
08:49:51,,0,17297dba3159a9a6d35caa3e2c3549b6c4b5416546fa004fbe17845f2cb7cbb6,-71,,0,0,,0
08:49:51,,0,17297dba3159a9a6d35caa3e2c3549b6c4b5416546fa004fbe17845f2cb7cbb6,-72,,0,0,,0
08:49:52,,0,17297dba3159a9a6d35caa3e2c3549b6c4b5416546fa004fbe17845f2cb7cbb6,-73,,0,0,,0
08:49:53,,0,17297dba3159a9a6d35caa3e2c3549b6c4b5416546fa004fbe17845f2cb7cbb6,-77,,0,0,,0
08:49:54,,0,17297dba3159a9a6d35caa3e2c3549b6c4b5416546fa004fbe17845f2cb7cbb6,-71,,0,0,,0
08:49:55,,0,17297dba3159a9a6d35caa3e2c3549b6c4b5416546fa004fbe17845f2cb7cbb6,-72,,0,0,,0
08:49:55,,0,17297dba3159a9a6d35caa3e2c3549b6c4b5416546fa004fbe17845f2cb7cbb6,-70,,0,0,,0
08:49:56,,0,17297dba3159a9a6d35caa3e2c3549b6c4b5416546fa004fbe17845f2cb7cbb6,-72,,0,0,,0
08:49:57,,0,17297dba3159a9a6d35caa3e2c3549b6c4b5416546fa004fbe17845f2cb7cbb6,-72,,0,0,,0
08:49:58,,0,17297dba3159a9a6d35caa3e2c3549b6c4b5416546fa004fbe17845f2cb7cbb6,-71,,0,0,,0
08:49:58,,0,17297dba3159a9a6d35caa3e2c3549b6c4b5416546fa004fbe17845f2cb7cbb6,-80,,0,0,,0
08:49:59,,0,17297dba3159a9a6d35caa3e2c3549b6c4b5416546fa004fbe17845f2cb7cbb6,-75,,0,0,,0
08:50:00,,0,17297dba3159a9a6d35caa3e2c3549b6c4b5416546fa004fbe17845f2cb7cbb6,-70,,0,0,,0
08:50:01,,0,17297dba3159a9a6d35caa3e2c3549b6c4b5416546fa004fbe17845f2cb7cbb6,-75,,0,0,,0
08:50:02,,0,17297dba3159a9a6d35caa3e2c3549b6c4b5416546fa004fbe17845f2cb7cbb6,-74,,0,0,,0
08:50:02,,0,17297dba3159a9a6d35caa3e2c3549b6c4b5416546fa004fbe17845f2cb7cbb6,-69,,0,0,,0
08:50:03,,0,17297dba3159a9a6d35caa3e2c3549b6c4b5416546fa004fbe17845f2cb7cbb6,-75,,0,0,,0
08:50:04,,0,17297dba3159a9a6d35caa3e2c3549b6c4b5416546fa004fbe17845f2cb7cbb6,-76,,0,0,,0
08:50:05,,0,17297dba3159a9a6d35caa3e2c3549b6c4b5416546fa004fbe17845f2cb7cbb6,-64,,0,0,,0
08:50:05,,0,17297dba3159a9a6d35caa3e2c3549b6c4b5416546fa004fbe17845f2cb7cbb6,-70,,0,0,,0
08:50:06,,0,17297dba3159a9a6d35caa3e2c3549b6c4b5416546fa004fbe17845f2cb7cbb6,-75,,0,0,,0
08:50:07,,0,17297dba3159a9a6d35caa3e2c3549b6c4b5416546fa004fbe17845f2cb7cbb6,-65,,0,0,,0
08:50:08,,0,17297dba3159a9a6d35caa3e2c3549b6c4b5416546fa004fbe17845f2cb7cbb6,-77,,0,0,,0
08:50:09,,0,242010671ef4e97a2e7471cf2c6fdddaffcdedd20149cd8d8d1b60a23f9b65aa,-93,,0,0,,0
08:50:09,,0,17297dba3159a9a6d35caa3e2c3549b6c4b5416546fa004fbe17845f2cb7cbb6,-71,,0,0,,0
08:50:10,,0,17297dba3159a9a6d35caa3e2c3549b6c4b5416546fa004fbe17845f2cb7cbb6,-73,,0,0,,0
08:50:11,,0,17297dba3159a9a6d35caa3e2c3549b6c4b5416546fa004fbe17845f2cb7cbb6,-70,,0,0,,0
08:50:12,,0,17297dba3159a9a6d35caa3e2c3549b6c4b5416546fa004fbe17845f2cb7cbb6,-70,,0,0,,0
08:50:12,,0,17297dba3159a9a6d35caa3e2c3549b6c4b5416546fa004fbe17845f2cb7cbb6,-66,,0,0,,0
08:50:13,,0,17297dba3159a9a6d35caa3e2c3549b6c4b5416546fa004fbe17845f2cb7cbb6,-80,,0,0,,0
08:50:14,,0,17297dba3159a9a6d35caa3e2c3549b6c4b5416546fa004fbe17845f2cb7cbb6,-67,,0,0,,0
08:50:15,,0,17297dba3159a9a6d35caa3e2c3549b6c4b5416546fa004fbe17845f2cb7cbb6,-74,,0,0,,0
08:50:16,,0,17297dba3159a9a6d35caa3e2c3549b6c4b5416546fa004fbe17845f2cb7cbb6,-71,,0,0,,0
08:50:16,,0,17297dba3159a9a6d35caa3e2c3549b6c4b5416546fa004fbe17845f2cb7cbb6,-75,,0,0,,0
08:50:17,,0,17297dba3159a9a6d35caa3e2c3549b6c4b5416546fa004fbe17845f2cb7cbb6,-69,,0,0,,0
08:50:18,,0,17297dba3159a9a6d35caa3e2c3549b6c4b5416546fa004fbe17845f2cb7cbb6,-71,,0,0,,0
08:50:19,,0,17297dba3159a9a6d35caa3e2c3549b6c4b5416546fa004fbe17845f2cb7cbb6,-75,,0,0,,0
08:50:20,,0,17297dba3159a9a6d35caa3e2c3549b6c4b5416546fa004fbe17845f2cb7cbb6,-76,,0,0,,0
08:50:20,,0,4c2a0914871510660233a0f3951936eacf699c5ede9b69fd76c489b2adf64535,-38,,0,0,,0
08:50:21,,0,17297dba3159a9a6d35caa3e2c3549b6c4b5416546fa004fbe17845f2cb7cbb6,-71,,0,0,,0
08:50:22,,0,17297dba3159a9a6d35caa3e2c3549b6c4b5416546fa004fbe17845f2cb7cbb6,-65,,0,0,,0
08:50:23,,0,17297dba3159a9a6d35caa3e2c3549b6c4b5416546fa004fbe17845f2cb7cbb6,-71,,0,0,,0
08:50:23,,0,17297dba3159a9a6d35caa3e2c3549b6c4b5416546fa004fbe17845f2cb7cbb6,-67,,0,0,,0
08:50:24,,0,17297dba3159a9a6d35caa3e2c3549b6c4b5416546fa004fbe17845f2cb7cbb6,-69,,0,0,,0
08:50:25,,0,17297dba3159a9a6d35caa3e2c3549b6c4b5416546fa004fbe17845f2cb7cbb6,-65,,0,0,,0
08:50:26,,0,17297dba3159a9a6d35caa3e2c3549b6c4b5416546fa004fbe17845f2cb7cbb6,-71,,0,0,,0
08:50:27,,0,4c2a0914871510660233a0f3951936eacf699c5ede9b69fd76c489b2adf64535,-38,,0,0,,0
08:50:27,,0,17297dba3159a9a6d35caa3e2c3549b6c4b5416546fa004fbe17845f2cb7cbb6,-68,,0,0,,0
08:50:28,,0,17297dba3159a9a6d35caa3e2c3549b6c4b5416546fa004fbe17845f2cb7cbb6,-81,,0,0,,0
08:50:29,,0,242010671ef4e97a2e7471cf2c6fdddaffcdedd20149cd8d8d1b60a23f9b65aa,-93,,0,0,,0
08:50:30,,0,17297dba3159a9a6d35caa3e2c3549b6c4b5416546fa004fbe17845f2cb7cbb6,-72,,0,0,,0
08:50:30,,0,17297dba3159a9a6d35caa3e2c3549b6c4b5416546fa004fbe17845f2cb7cbb6,-77,,0,0,,0
08:50:31,,0,17297dba3159a9a6d35caa3e2c3549b6c4b5416546fa004fbe17845f2cb7cbb6,-64,,0,0,,0
08:50:32,,0,242010671ef4e97a2e7471cf2c6fdddaffcdedd20149cd8d8d1b60a23f9b65aa,-92,,0,0,,0
08:50:33,,0,17297dba3159a9a6d35caa3e2c3549b6c4b5416546fa004fbe17845f2cb7cbb6,-72,,0,0,,0
08:50:34,,0,17297dba3159a9a6d35caa3e2c3549b6c4b5416546fa004fbe17845f2cb7cbb6,-71,,0,0,,0
08:50:34,,0,4c2a0914871510660233a0f3951936eacf699c5ede9b69fd76c489b2adf64535,-41,,0,0,,0
08:50:35,,0,17297dba3159a9a6d35caa3e2c3549b6c4b5416546fa004fbe17845f2cb7cbb6,-74,,0,0,,0
08:50:36,,0,17297dba3159a9a6d35caa3e2c3549b6c4b5416546fa004fbe17845f2cb7cbb6,-75,,0,0,,0
08:50:37,,0,242010671ef4e97a2e7471cf2c6fdddaffcdedd20149cd8d8d1b60a23f9b65aa,-95,,0,0,,0
08:50:37,,0,17297dba3159a9a6d35caa3e2c3549b6c4b5416546fa004fbe17845f2cb7cbb6,-78,,0,0,,0
08:50:38,,0,17297dba3159a9a6d35caa3e2c3549b6c4b5416546fa004fbe17845f2cb7cbb6,-82,,0,0,,0
08:50:39,,0,17297dba3159a9a6d35caa3e2c3549b6c4b5416546fa004fbe17845f2cb7cbb6,-78,,0,0,,0
08:50:40,,0,17297dba3159a9a6d35caa3e2c3549b6c4b5416546fa004fbe17845f2cb7cbb6,-72,,0,0,,0
08:50:41,,0,4c2a0914871510660233a0f3951936eacf699c5ede9b69fd76c489b2adf64535,-40,,0,0,,0
08:50:41,,0,17297dba3159a9a6d35caa3e2c3549b6c4b5416546fa004fbe17845f2cb7cbb6,-69,,0,0,,0
08:50:42,,0,17297dba3159a9a6d35caa3e2c3549b6c4b5416546fa004fbe17845f2cb7cbb6,-69,,0,0,,0
08:50:43,,0,17297dba3159a9a6d35caa3e2c3549b6c4b5416546fa004fbe17845f2cb7cbb6,-67,,0,0,,0
08:50:44,,0,17297dba3159a9a6d35caa3e2c3549b6c4b5416546fa004fbe17845f2cb7cbb6,-82,,0,0,,0
08:50:44,,0,17297dba3159a9a6d35caa3e2c3549b6c4b5416546fa004fbe17845f2cb7cbb6,-72,,0,0,,0
08:50:45,,0,17297dba3159a9a6d35caa3e2c3549b6c4b5416546fa004fbe17845f2cb7cbb6,-64,,0,0,,0
08:50:46,,0,17297dba3159a9a6d35caa3e2c3549b6c4b5416546fa004fbe17845f2cb7cbb6,-71,,0,0,,0
08:50:47,,0,17297dba3159a9a6d35caa3e2c3549b6c4b5416546fa004fbe17845f2cb7cbb6,-65,,0,0,,0
08:50:48,,0,17297dba3159a9a6d35caa3e2c3549b6c4b5416546fa004fbe17845f2cb7cbb6,-75,,0,0,,0
08:50:48,,0,4c2a0914871510660233a0f3951936eacf699c5ede9b69fd76c489b2adf64535,-39,,0,0,,0
08:50:49,,0,17297dba3159a9a6d35caa3e2c3549b6c4b5416546fa004fbe17845f2cb7cbb6,-71,,0,0,,0
08:50:50,,0,17297dba3159a9a6d35caa3e2c3549b6c4b5416546fa004fbe17845f2cb7cbb6,-72,,0,0,,0
08:50:51,,0,17297dba3159a9a6d35caa3e2c3549b6c4b5416546fa004fbe17845f2cb7cbb6,-72,,0,0,,0
08:50:51,,0,242010671ef4e97a2e7471cf2c6fdddaffcdedd20149cd8d8d1b60a23f9b65aa,-93,,0,0,,0
08:50:52,,0,17297dba3159a9a6d35caa3e2c3549b6c4b5416546fa004fbe17845f2cb7cbb6,-78,,0,0,,0
08:50:53,,0,17297dba3159a9a6d35caa3e2c3549b6c4b5416546fa004fbe17845f2cb7cbb6,-76,,0,0,,0
08:50:54,,0,17297dba3159a9a6d35caa3e2c3549b6c4b5416546fa004fbe17845f2cb7cbb6,-71,,0,0,,0
08:50:55,,0,4c2a0914871510660233a0f3951936eacf699c5ede9b69fd76c489b2adf64535,-39,,0,0,,0
08:50:55,,0,17297dba3159a9a6d35caa3e2c3549b6c4b5416546fa004fbe17845f2cb7cbb6,-73,,0,0,,0
08:50:56,26.0,0,e9f4a14634c820af4167d8b3889c755868efaaa41da3738caf4ffcec9a465f75,-90,,0,0,4.0,0
08:50:57,,0,242010671ef4e97a2e7471cf2c6fdddaffcdedd20149cd8d8d1b60a23f9b65aa,-96,,0,0,,0
08:50:58,,0,242010671ef4e97a2e7471cf2c6fdddaffcdedd20149cd8d8d1b60a23f9b65aa,-91,,0,0,,0
08:50:58,,0,17297dba3159a9a6d35caa3e2c3549b6c4b5416546fa004fbe17845f2cb7cbb6,-71,,0,0,,0
08:50:59,,0,17297dba3159a9a6d35caa3e2c3549b6c4b5416546fa004fbe17845f2cb7cbb6,-66,,0,0,,0
08:51:00,,0,17297dba3159a9a6d35caa3e2c3549b6c4b5416546fa004fbe17845f2cb7cbb6,-70,,0,0,,0
08:51:01,,0,17297dba3159a9a6d35caa3e2c3549b6c4b5416546fa004fbe17845f2cb7cbb6,-70,,0,0,,0
08:51:02,,0,17297dba3159a9a6d35caa3e2c3549b6c4b5416546fa004fbe17845f2cb7cbb6,-79,,0,0,,0
08:51:02,,0,17297dba3159a9a6d35caa3e2c3549b6c4b5416546fa004fbe17845f2cb7cbb6,-69,,0,0,,0
08:51:03,,0,17297dba3159a9a6d35caa3e2c3549b6c4b5416546fa004fbe17845f2cb7cbb6,-71,,0,0,,0
08:51:04,,0,17297dba3159a9a6d35caa3e2c3549b6c4b5416546fa004fbe17845f2cb7cbb6,-69,,0,0,,0
08:51:05,,0,17297dba3159a9a6d35caa3e2c3549b6c4b5416546fa004fbe17845f2cb7cbb6,-76,,0,0,,0
08:51:06,,0,17297dba3159a9a6d35caa3e2c3549b6c4b5416546fa004fbe17845f2cb7cbb6,-71,,0,0,,0
08:51:06,,0,17297dba3159a9a6d35caa3e2c3549b6c4b5416546fa004fbe17845f2cb7cbb6,-71,,0,0,,0
08:51:07,,0,17297dba3159a9a6d35caa3e2c3549b6c4b5416546fa004fbe17845f2cb7cbb6,-73,,0,0,,0
08:51:08,,0,17297dba3159a9a6d35caa3e2c3549b6c4b5416546fa004fbe17845f2cb7cbb6,-62,,0,0,,0
08:51:09,,0,17297dba3159a9a6d35caa3e2c3549b6c4b5416546fa004fbe17845f2cb7cbb6,-73,,0,0,,0
08:51:09,,0,17297dba3159a9a6d35caa3e2c3549b6c4b5416546fa004fbe17845f2cb7cbb6,-89,,0,0,,0
08:51:10,,0,17297dba3159a9a6d35caa3e2c3549b6c4b5416546fa004fbe17845f2cb7cbb6,-72,,0,0,,0
08:51:11,,0,17297dba3159a9a6d35caa3e2c3549b6c4b5416546fa004fbe17845f2cb7cbb6,-76,,0,0,,0
08:51:12,,0,17297dba3159a9a6d35caa3e2c3549b6c4b5416546fa004fbe17845f2cb7cbb6,-81,,0,0,,0
08:51:13,,0,17297dba3159a9a6d35caa3e2c3549b6c4b5416546fa004fbe17845f2cb7cbb6,-75,,0,0,,0
08:51:13,,0,17297dba3159a9a6d35caa3e2c3549b6c4b5416546fa004fbe17845f2cb7cbb6,-70,,0,0,,0
08:51:14,,0,17297dba3159a9a6d35caa3e2c3549b6c4b5416546fa004fbe17845f2cb7cbb6,-70,,0,0,,0
08:51:15,,0,17297dba3159a9a6d35caa3e2c3549b6c4b5416546fa004fbe17845f2cb7cbb6,-69,,0,0,,0
08:51:16,,0,17297dba3159a9a6d35caa3e2c3549b6c4b5416546fa004fbe17845f2cb7cbb6,-75,,0,0,,0
08:51:16,,0,17297dba3159a9a6d35caa3e2c3549b6c4b5416546fa004fbe17845f2cb7cbb6,-70,,0,0,,0
08:51:17,,0,17297dba3159a9a6d35caa3e2c3549b6c4b5416546fa004fbe17845f2cb7cbb6,-71,,0,0,,0
08:51:18,,0,17297dba3159a9a6d35caa3e2c3549b6c4b5416546fa004fbe17845f2cb7cbb6,-65,,0,0,,0
08:51:19,,0,17297dba3159a9a6d35caa3e2c3549b6c4b5416546fa004fbe17845f2cb7cbb6,-66,,0,0,,0
08:51:19,,0,17297dba3159a9a6d35caa3e2c3549b6c4b5416546fa004fbe17845f2cb7cbb6,-77,,0,0,,0
08:51:20,,0,17297dba3159a9a6d35caa3e2c3549b6c4b5416546fa004fbe17845f2cb7cbb6,-76,,0,0,,0
08:51:21,,0,17297dba3159a9a6d35caa3e2c3549b6c4b5416546fa004fbe17845f2cb7cbb6,-76,,0,0,,0
08:51:22,,0,17297dba3159a9a6d35caa3e2c3549b6c4b5416546fa004fbe17845f2cb7cbb6,-71,,0,0,,0
08:51:23,,0,17297dba3159a9a6d35caa3e2c3549b6c4b5416546fa004fbe17845f2cb7cbb6,-70,,0,0,,0
08:51:23,,0,17297dba3159a9a6d35caa3e2c3549b6c4b5416546fa004fbe17845f2cb7cbb6,-76,,0,0,,0
08:51:24,,0,17297dba3159a9a6d35caa3e2c3549b6c4b5416546fa004fbe17845f2cb7cbb6,-78,,0,0,,0
08:51:25,,0,17297dba3159a9a6d35caa3e2c3549b6c4b5416546fa004fbe17845f2cb7cbb6,-76,,0,0,,0
08:51:26,,0,17297dba3159a9a6d35caa3e2c3549b6c4b5416546fa004fbe17845f2cb7cbb6,-79,,0,0,,0
08:51:27,,0,4c2a0914871510660233a0f3951936eacf699c5ede9b69fd76c489b2adf64535,-40,,0,0,,0
08:51:27,,0,17297dba3159a9a6d35caa3e2c3549b6c4b5416546fa004fbe17845f2cb7cbb6,-77,,0,0,,0
08:51:28,,0,17297dba3159a9a6d35caa3e2c3549b6c4b5416546fa004fbe17845f2cb7cbb6,-69,,0,0,,0
08:51:29,,0,17297dba3159a9a6d35caa3e2c3549b6c4b5416546fa004fbe17845f2cb7cbb6,-73,,0,0,,0
08:51:30,,0,17297dba3159a9a6d35caa3e2c3549b6c4b5416546fa004fbe17845f2cb7cbb6,-71,,0,0,,0
08:51:30,,0,17297dba3159a9a6d35caa3e2c3549b6c4b5416546fa004fbe17845f2cb7cbb6,-85,,0,0,,0
08:51:31,,0,17297dba3159a9a6d35caa3e2c3549b6c4b5416546fa004fbe17845f2cb7cbb6,-70,,0,0,,0
08:51:32,,0,17297dba3159a9a6d35caa3e2c3549b6c4b5416546fa004fbe17845f2cb7cbb6,-69,,0,0,,0
08:51:33,,0,17297dba3159a9a6d35caa3e2c3549b6c4b5416546fa004fbe17845f2cb7cbb6,-71,,0,0,,0
08:51:34,,0,17297dba3159a9a6d35caa3e2c3549b6c4b5416546fa004fbe17845f2cb7cbb6,-80,,0,0,,0
08:51:34,,0,4c2a0914871510660233a0f3951936eacf699c5ede9b69fd76c489b2adf64535,-39,,0,0,,0
08:51:35,,0,17297dba3159a9a6d35caa3e2c3549b6c4b5416546fa004fbe17845f2cb7cbb6,-64,,0,0,,0
08:51:36,,0,17297dba3159a9a6d35caa3e2c3549b6c4b5416546fa004fbe17845f2cb7cbb6,-68,,0,0,,0
08:51:37,,0,4c2a0914871510660233a0f3951936eacf699c5ede9b69fd76c489b2adf64535,-38,,0,0,,0
08:51:37,,0,17297dba3159a9a6d35caa3e2c3549b6c4b5416546fa004fbe17845f2cb7cbb6,-72,,0,0,,0
08:51:38,,0,17297dba3159a9a6d35caa3e2c3549b6c4b5416546fa004fbe17845f2cb7cbb6,-73,,0,0,,0
08:51:39,,0,17297dba3159a9a6d35caa3e2c3549b6c4b5416546fa004fbe17845f2cb7cbb6,-71,,0,0,,0
08:51:40,,0,17297dba3159a9a6d35caa3e2c3549b6c4b5416546fa004fbe17845f2cb7cbb6,-83,,0,0,,0
08:51:41,,0,4c2a0914871510660233a0f3951936eacf699c5ede9b69fd76c489b2adf64535,-39,,0,0,,0
08:51:41,,0,17297dba3159a9a6d35caa3e2c3549b6c4b5416546fa004fbe17845f2cb7cbb6,-68,,0,0,,0
08:51:42,,0,17297dba3159a9a6d35caa3e2c3549b6c4b5416546fa004fbe17845f2cb7cbb6,-80,,0,0,,0
08:51:43,,0,17297dba3159a9a6d35caa3e2c3549b6c4b5416546fa004fbe17845f2cb7cbb6,-73,,0,0,,0
08:51:44,,0,17297dba3159a9a6d35caa3e2c3549b6c4b5416546fa004fbe17845f2cb7cbb6,-74,,0,0,,0
08:51:44,,0,17297dba3159a9a6d35caa3e2c3549b6c4b5416546fa004fbe17845f2cb7cbb6,-70,,0,0,,0
08:51:45,,0,17297dba3159a9a6d35caa3e2c3549b6c4b5416546fa004fbe17845f2cb7cbb6,-79,,0,0,,0
08:51:46,,0,17297dba3159a9a6d35caa3e2c3549b6c4b5416546fa004fbe17845f2cb7cbb6,-65,,0,0,,0
08:51:47,,0,17297dba3159a9a6d35caa3e2c3549b6c4b5416546fa004fbe17845f2cb7cbb6,-90,,0,0,,0
08:51:48,,0,17297dba3159a9a6d35caa3e2c3549b6c4b5416546fa004fbe17845f2cb7cbb6,-69,,0,0,,0
08:51:48,,0,17297dba3159a9a6d35caa3e2c3549b6c4b5416546fa004fbe17845f2cb7cbb6,-77,,0,0,,0
08:51:49,,0,17297dba3159a9a6d35caa3e2c3549b6c4b5416546fa004fbe17845f2cb7cbb6,-74,,0,0,,0
08:51:50,,0,17297dba3159a9a6d35caa3e2c3549b6c4b5416546fa004fbe17845f2cb7cbb6,-71,,0,0,,0
08:51:51,,0,17297dba3159a9a6d35caa3e2c3549b6c4b5416546fa004fbe17845f2cb7cbb6,-68,,0,0,,0
08:51:51,,0,17297dba3159a9a6d35caa3e2c3549b6c4b5416546fa004fbe17845f2cb7cbb6,-68,,0,0,,0
08:51:52,,0,17297dba3159a9a6d35caa3e2c3549b6c4b5416546fa004fbe17845f2cb7cbb6,-69,,0,0,,0
08:51:53,,0,17297dba3159a9a6d35caa3e2c3549b6c4b5416546fa004fbe17845f2cb7cbb6,-72,,0,0,,0
08:51:54,,0,17297dba3159a9a6d35caa3e2c3549b6c4b5416546fa004fbe17845f2cb7cbb6,-73,,0,0,,0
08:51:55,,0,4c2a0914871510660233a0f3951936eacf699c5ede9b69fd76c489b2adf64535,-38,,0,0,,0
08:51:55,,0,17297dba3159a9a6d35caa3e2c3549b6c4b5416546fa004fbe17845f2cb7cbb6,-69,,0,0,,0
08:51:56,,0,17297dba3159a9a6d35caa3e2c3549b6c4b5416546fa004fbe17845f2cb7cbb6,-71,,0,0,,0
08:51:57,,0,242010671ef4e97a2e7471cf2c6fdddaffcdedd20149cd8d8d1b60a23f9b65aa,-94,,0,0,,0
08:51:58,,0,17297dba3159a9a6d35caa3e2c3549b6c4b5416546fa004fbe17845f2cb7cbb6,-72,,0,0,,0
08:51:58,,0,17297dba3159a9a6d35caa3e2c3549b6c4b5416546fa004fbe17845f2cb7cbb6,-75,,0,0,,0
08:51:59,,0,17297dba3159a9a6d35caa3e2c3549b6c4b5416546fa004fbe17845f2cb7cbb6,-78,,0,0,,0
08:52:00,,0,17297dba3159a9a6d35caa3e2c3549b6c4b5416546fa004fbe17845f2cb7cbb6,-71,,0,0,,0
08:52:01,,0,242010671ef4e97a2e7471cf2c6fdddaffcdedd20149cd8d8d1b60a23f9b65aa,-92,,0,0,,0
08:52:02,,0,17297dba3159a9a6d35caa3e2c3549b6c4b5416546fa004fbe17845f2cb7cbb6,-69,,0,0,,0
08:52:02,,0,17297dba3159a9a6d35caa3e2c3549b6c4b5416546fa004fbe17845f2cb7cbb6,-73,,0,0,,0
08:52:03,,0,17297dba3159a9a6d35caa3e2c3549b6c4b5416546fa004fbe17845f2cb7cbb6,-72,,0,0,,0
08:52:04,,0,17297dba3159a9a6d35caa3e2c3549b6c4b5416546fa004fbe17845f2cb7cbb6,-68,,0,0,,0
08:52:05,,0,17297dba3159a9a6d35caa3e2c3549b6c4b5416546fa004fbe17845f2cb7cbb6,-83,,0,0,,0
08:52:05,,0,17297dba3159a9a6d35caa3e2c3549b6c4b5416546fa004fbe17845f2cb7cbb6,-73,,0,0,,0
08:52:06,,0,17297dba3159a9a6d35caa3e2c3549b6c4b5416546fa004fbe17845f2cb7cbb6,-75,,0,0,,0
08:52:07,,0,17297dba3159a9a6d35caa3e2c3549b6c4b5416546fa004fbe17845f2cb7cbb6,-74,,0,0,,0
08:52:08,,0,17297dba3159a9a6d35caa3e2c3549b6c4b5416546fa004fbe17845f2cb7cbb6,-73,,0,0,,0
08:52:09,,0,17297dba3159a9a6d35caa3e2c3549b6c4b5416546fa004fbe17845f2cb7cbb6,-77,,0,0,,0
08:52:09,,0,17297dba3159a9a6d35caa3e2c3549b6c4b5416546fa004fbe17845f2cb7cbb6,-74,,0,0,,0
08:52:10,,0,17297dba3159a9a6d35caa3e2c3549b6c4b5416546fa004fbe17845f2cb7cbb6,-75,,0,0,,0
08:52:11,,0,17297dba3159a9a6d35caa3e2c3549b6c4b5416546fa004fbe17845f2cb7cbb6,-69,,0,0,,0
08:52:11,,0,17297dba3159a9a6d35caa3e2c3549b6c4b5416546fa004fbe17845f2cb7cbb6,-77,,0,0,,0
08:52:12,,0,17297dba3159a9a6d35caa3e2c3549b6c4b5416546fa004fbe17845f2cb7cbb6,-70,,0,0,,0
08:52:13,,0,17297dba3159a9a6d35caa3e2c3549b6c4b5416546fa004fbe17845f2cb7cbb6,-77,,0,0,,0
08:52:14,,0,17297dba3159a9a6d35caa3e2c3549b6c4b5416546fa004fbe17845f2cb7cbb6,-76,,0,0,,0
08:52:15,,0,17297dba3159a9a6d35caa3e2c3549b6c4b5416546fa004fbe17845f2cb7cbb6,-69,,0,0,,0
08:52:15,,0,17297dba3159a9a6d35caa3e2c3549b6c4b5416546fa004fbe17845f2cb7cbb6,-70,,0,0,,0
08:52:16,,0,17297dba3159a9a6d35caa3e2c3549b6c4b5416546fa004fbe17845f2cb7cbb6,-71,,0,0,,0
08:52:17,,0,17297dba3159a9a6d35caa3e2c3549b6c4b5416546fa004fbe17845f2cb7cbb6,-76,,0,0,,0
08:52:18,,0,17297dba3159a9a6d35caa3e2c3549b6c4b5416546fa004fbe17845f2cb7cbb6,-77,,0,0,,0
08:52:19,,0,17297dba3159a9a6d35caa3e2c3549b6c4b5416546fa004fbe17845f2cb7cbb6,-70,,0,0,,0
08:52:19,,0,17297dba3159a9a6d35caa3e2c3549b6c4b5416546fa004fbe17845f2cb7cbb6,-70,,0,0,,0
08:52:20,,0,17297dba3159a9a6d35caa3e2c3549b6c4b5416546fa004fbe17845f2cb7cbb6,-67,,0,0,,0
08:52:21,,0,17297dba3159a9a6d35caa3e2c3549b6c4b5416546fa004fbe17845f2cb7cbb6,-80,,0,0,,0
08:52:22,,0,17297dba3159a9a6d35caa3e2c3549b6c4b5416546fa004fbe17845f2cb7cbb6,-70,,0,0,,0
08:52:23,,0,17297dba3159a9a6d35caa3e2c3549b6c4b5416546fa004fbe17845f2cb7cbb6,-72,,0,0,,0
08:52:23,,0,17297dba3159a9a6d35caa3e2c3549b6c4b5416546fa004fbe17845f2cb7cbb6,-67,,0,0,,0
08:52:24,,0,17297dba3159a9a6d35caa3e2c3549b6c4b5416546fa004fbe17845f2cb7cbb6,-76,,0,0,,0
08:52:25,,0,17297dba3159a9a6d35caa3e2c3549b6c4b5416546fa004fbe17845f2cb7cbb6,-69,,0,0,,0
08:52:26,,0,17297dba3159a9a6d35caa3e2c3549b6c4b5416546fa004fbe17845f2cb7cbb6,-82,,0,0,,0
08:52:27,,0,17297dba3159a9a6d35caa3e2c3549b6c4b5416546fa004fbe17845f2cb7cbb6,-70,,0,0,,0
08:52:27,,0,17297dba3159a9a6d35caa3e2c3549b6c4b5416546fa004fbe17845f2cb7cbb6,-68,,0,0,,0
08:52:28,,0,17297dba3159a9a6d35caa3e2c3549b6c4b5416546fa004fbe17845f2cb7cbb6,-74,,0,0,,0
08:52:29,,0,17297dba3159a9a6d35caa3e2c3549b6c4b5416546fa004fbe17845f2cb7cbb6,-69,,0,0,,0
08:52:30,,0,17297dba3159a9a6d35caa3e2c3549b6c4b5416546fa004fbe17845f2cb7cbb6,-66,,0,0,,0
08:52:30,,0,17297dba3159a9a6d35caa3e2c3549b6c4b5416546fa004fbe17845f2cb7cbb6,-73,,0,0,,0
08:52:31,,0,17297dba3159a9a6d35caa3e2c3549b6c4b5416546fa004fbe17845f2cb7cbb6,-71,,0,0,,0
08:52:32,,0,17297dba3159a9a6d35caa3e2c3549b6c4b5416546fa004fbe17845f2cb7cbb6,-70,,0,0,,0
08:52:33,,0,17297dba3159a9a6d35caa3e2c3549b6c4b5416546fa004fbe17845f2cb7cbb6,-78,,0,0,,0
08:52:34,,0,17297dba3159a9a6d35caa3e2c3549b6c4b5416546fa004fbe17845f2cb7cbb6,-74,,0,0,,0
08:52:34,,0,17297dba3159a9a6d35caa3e2c3549b6c4b5416546fa004fbe17845f2cb7cbb6,-76,,0,0,,0
08:52:35,,0,17297dba3159a9a6d35caa3e2c3549b6c4b5416546fa004fbe17845f2cb7cbb6,-68,,0,0,,0
08:52:36,,0,242010671ef4e97a2e7471cf2c6fdddaffcdedd20149cd8d8d1b60a23f9b65aa,-97,,0,0,,0
08:52:37,,0,4c2a0914871510660233a0f3951936eacf699c5ede9b69fd76c489b2adf64535,-40,,0,0,,0
08:52:37,,0,17297dba3159a9a6d35caa3e2c3549b6c4b5416546fa004fbe17845f2cb7cbb6,-75,,0,0,,0
08:52:38,,0,17297dba3159a9a6d35caa3e2c3549b6c4b5416546fa004fbe17845f2cb7cbb6,-71,,0,0,,0
08:52:39,,0,17297dba3159a9a6d35caa3e2c3549b6c4b5416546fa004fbe17845f2cb7cbb6,-75,,0,0,,0
08:52:40,,0,17297dba3159a9a6d35caa3e2c3549b6c4b5416546fa004fbe17845f2cb7cbb6,-71,,0,0,,0
08:52:41,,0,4c2a0914871510660233a0f3951936eacf699c5ede9b69fd76c489b2adf64535,-38,,0,0,,0
08:52:41,,0,17297dba3159a9a6d35caa3e2c3549b6c4b5416546fa004fbe17845f2cb7cbb6,-72,,0,0,,0
08:52:42,,0,17297dba3159a9a6d35caa3e2c3549b6c4b5416546fa004fbe17845f2cb7cbb6,-72,,0,0,,0
08:52:43,,0,17297dba3159a9a6d35caa3e2c3549b6c4b5416546fa004fbe17845f2cb7cbb6,-71,,0,0,,0
08:52:44,,0,17297dba3159a9a6d35caa3e2c3549b6c4b5416546fa004fbe17845f2cb7cbb6,-75,,0,0,,0
08:52:44,,0,17297dba3159a9a6d35caa3e2c3549b6c4b5416546fa004fbe17845f2cb7cbb6,-71,,0,0,,0
08:52:45,,0,17297dba3159a9a6d35caa3e2c3549b6c4b5416546fa004fbe17845f2cb7cbb6,-75,,0,0,,0
08:52:46,,0,17297dba3159a9a6d35caa3e2c3549b6c4b5416546fa004fbe17845f2cb7cbb6,-79,,0,0,,0
08:52:47,,0,17297dba3159a9a6d35caa3e2c3549b6c4b5416546fa004fbe17845f2cb7cbb6,-73,,0,0,,0
08:52:47,,0,17297dba3159a9a6d35caa3e2c3549b6c4b5416546fa004fbe17845f2cb7cbb6,-70,,0,0,,0
08:52:48,,0,17297dba3159a9a6d35caa3e2c3549b6c4b5416546fa004fbe17845f2cb7cbb6,-71,,0,0,,0
08:52:49,,0,242010671ef4e97a2e7471cf2c6fdddaffcdedd20149cd8d8d1b60a23f9b65aa,-98,,0,0,,0
08:52:50,,0,17297dba3159a9a6d35caa3e2c3549b6c4b5416546fa004fbe17845f2cb7cbb6,-82,,0,0,,0
08:52:51,,0,4c2a0914871510660233a0f3951936eacf699c5ede9b69fd76c489b2adf64535,-38,,0,0,,0
08:52:51,,0,17297dba3159a9a6d35caa3e2c3549b6c4b5416546fa004fbe17845f2cb7cbb6,-65,,0,0,,0
08:52:52,,0,17297dba3159a9a6d35caa3e2c3549b6c4b5416546fa004fbe17845f2cb7cbb6,-84,,0,0,,0
08:52:53,,0,17297dba3159a9a6d35caa3e2c3549b6c4b5416546fa004fbe17845f2cb7cbb6,-70,,0,0,,0
08:52:54,,0,17297dba3159a9a6d35caa3e2c3549b6c4b5416546fa004fbe17845f2cb7cbb6,-76,,0,0,,0
08:52:54,,0,17297dba3159a9a6d35caa3e2c3549b6c4b5416546fa004fbe17845f2cb7cbb6,-81,,0,0,,0
08:52:55,,0,17297dba3159a9a6d35caa3e2c3549b6c4b5416546fa004fbe17845f2cb7cbb6,-69,,0,0,,0
08:52:56,,0,17297dba3159a9a6d35caa3e2c3549b6c4b5416546fa004fbe17845f2cb7cbb6,-65,,0,0,,0
08:52:57,,0,17297dba3159a9a6d35caa3e2c3549b6c4b5416546fa004fbe17845f2cb7cbb6,-67,,0,0,,0
08:52:58,,0,17297dba3159a9a6d35caa3e2c3549b6c4b5416546fa004fbe17845f2cb7cbb6,-74,,0,0,,0
08:52:58,,0,17297dba3159a9a6d35caa3e2c3549b6c4b5416546fa004fbe17845f2cb7cbb6,-73,,0,0,,0
08:52:59,,0,17297dba3159a9a6d35caa3e2c3549b6c4b5416546fa004fbe17845f2cb7cbb6,-77,,0,0,,0
08:53:00,,0,17297dba3159a9a6d35caa3e2c3549b6c4b5416546fa004fbe17845f2cb7cbb6,-77,,0,0,,0
08:53:01,,0,17297dba3159a9a6d35caa3e2c3549b6c4b5416546fa004fbe17845f2cb7cbb6,-74,,0,0,,0
08:53:02,,0,17297dba3159a9a6d35caa3e2c3549b6c4b5416546fa004fbe17845f2cb7cbb6,-71,,0,0,,0
08:53:02,,0,17297dba3159a9a6d35caa3e2c3549b6c4b5416546fa004fbe17845f2cb7cbb6,-73,,0,0,,0
08:53:03,,0,17297dba3159a9a6d35caa3e2c3549b6c4b5416546fa004fbe17845f2cb7cbb6,-71,,0,0,,0
08:53:04,,0,17297dba3159a9a6d35caa3e2c3549b6c4b5416546fa004fbe17845f2cb7cbb6,-74,,0,0,,0
08:53:05,,0,17297dba3159a9a6d35caa3e2c3549b6c4b5416546fa004fbe17845f2cb7cbb6,-80,,0,0,,0
08:53:05,,0,242010671ef4e97a2e7471cf2c6fdddaffcdedd20149cd8d8d1b60a23f9b65aa,-97,,0,0,,0
08:53:06,,0,17297dba3159a9a6d35caa3e2c3549b6c4b5416546fa004fbe17845f2cb7cbb6,-72,,0,0,,0
08:53:07,,0,17297dba3159a9a6d35caa3e2c3549b6c4b5416546fa004fbe17845f2cb7cbb6,-79,,0,0,,0
08:53:08,,0,17297dba3159a9a6d35caa3e2c3549b6c4b5416546fa004fbe17845f2cb7cbb6,-72,,0,0,,0
08:53:08,,0,242010671ef4e97a2e7471cf2c6fdddaffcdedd20149cd8d8d1b60a23f9b65aa,-94,,0,0,,0
08:53:09,,0,17297dba3159a9a6d35caa3e2c3549b6c4b5416546fa004fbe17845f2cb7cbb6,-72,,0,0,,0
08:53:10,,0,17297dba3159a9a6d35caa3e2c3549b6c4b5416546fa004fbe17845f2cb7cbb6,-76,,0,0,,0
08:53:11,,0,17297dba3159a9a6d35caa3e2c3549b6c4b5416546fa004fbe17845f2cb7cbb6,-65,,0,0,,0
08:53:12,,0,17297dba3159a9a6d35caa3e2c3549b6c4b5416546fa004fbe17845f2cb7cbb6,-65,,0,0,,0
08:53:13,,0,17297dba3159a9a6d35caa3e2c3549b6c4b5416546fa004fbe17845f2cb7cbb6,-72,,0,0,,0
08:53:13,,0,17297dba3159a9a6d35caa3e2c3549b6c4b5416546fa004fbe17845f2cb7cbb6,-69,,0,0,,0
08:53:14,,0,17297dba3159a9a6d35caa3e2c3549b6c4b5416546fa004fbe17845f2cb7cbb6,-76,,0,0,,0
08:53:15,,0,17297dba3159a9a6d35caa3e2c3549b6c4b5416546fa004fbe17845f2cb7cbb6,-69,,0,0,,0
08:53:16,,0,17297dba3159a9a6d35caa3e2c3549b6c4b5416546fa004fbe17845f2cb7cbb6,-71,,0,0,,0
08:53:16,,0,17297dba3159a9a6d35caa3e2c3549b6c4b5416546fa004fbe17845f2cb7cbb6,-73,,0,0,,0
08:53:17,,0,17297dba3159a9a6d35caa3e2c3549b6c4b5416546fa004fbe17845f2cb7cbb6,-70,,0,0,,0
08:53:18,,0,17297dba3159a9a6d35caa3e2c3549b6c4b5416546fa004fbe17845f2cb7cbb6,-72,,0,0,,0
08:53:19,,0,17297dba3159a9a6d35caa3e2c3549b6c4b5416546fa004fbe17845f2cb7cbb6,-76,,0,0,,0
08:53:19,,0,17297dba3159a9a6d35caa3e2c3549b6c4b5416546fa004fbe17845f2cb7cbb6,-75,,0,0,,0
08:53:20,,0,17297dba3159a9a6d35caa3e2c3549b6c4b5416546fa004fbe17845f2cb7cbb6,-65,,0,0,,0
08:53:21,,0,17297dba3159a9a6d35caa3e2c3549b6c4b5416546fa004fbe17845f2cb7cbb6,-70,,0,0,,0
08:53:22,,0,17297dba3159a9a6d35caa3e2c3549b6c4b5416546fa004fbe17845f2cb7cbb6,-75,,0,0,,0
08:53:23,,0,17297dba3159a9a6d35caa3e2c3549b6c4b5416546fa004fbe17845f2cb7cbb6,-69,,0,0,,0
08:53:23,,0,17297dba3159a9a6d35caa3e2c3549b6c4b5416546fa004fbe17845f2cb7cbb6,-85,,0,0,,0
08:53:24,,0,17297dba3159a9a6d35caa3e2c3549b6c4b5416546fa004fbe17845f2cb7cbb6,-80,,0,0,,0
08:53:25,,0,17297dba3159a9a6d35caa3e2c3549b6c4b5416546fa004fbe17845f2cb7cbb6,-88,,0,0,,0
08:53:26,,0,17297dba3159a9a6d35caa3e2c3549b6c4b5416546fa004fbe17845f2cb7cbb6,-71,,0,0,,0
08:53:27,,0,17297dba3159a9a6d35caa3e2c3549b6c4b5416546fa004fbe17845f2cb7cbb6,-90,,0,0,,0
08:53:27,,0,17297dba3159a9a6d35caa3e2c3549b6c4b5416546fa004fbe17845f2cb7cbb6,-76,,0,0,,0
08:53:28,,0,17297dba3159a9a6d35caa3e2c3549b6c4b5416546fa004fbe17845f2cb7cbb6,-70,,0,0,,0
08:53:29,,0,17297dba3159a9a6d35caa3e2c3549b6c4b5416546fa004fbe17845f2cb7cbb6,-73,,0,0,,0
08:53:30,,0,17297dba3159a9a6d35caa3e2c3549b6c4b5416546fa004fbe17845f2cb7cbb6,-80,,0,0,,0
08:53:30,,0,17297dba3159a9a6d35caa3e2c3549b6c4b5416546fa004fbe17845f2cb7cbb6,-67,,0,0,,0
08:53:31,,0,17297dba3159a9a6d35caa3e2c3549b6c4b5416546fa004fbe17845f2cb7cbb6,-71,,0,0,,0
08:53:32,,0,17297dba3159a9a6d35caa3e2c3549b6c4b5416546fa004fbe17845f2cb7cbb6,-66,,0,0,,0
08:53:33,,0,17297dba3159a9a6d35caa3e2c3549b6c4b5416546fa004fbe17845f2cb7cbb6,-70,,0,0,,0
08:53:34,,0,17297dba3159a9a6d35caa3e2c3549b6c4b5416546fa004fbe17845f2cb7cbb6,-85,,0,0,,0
08:53:34,,0,17297dba3159a9a6d35caa3e2c3549b6c4b5416546fa004fbe17845f2cb7cbb6,-69,,0,0,,0
08:53:35,,0,17297dba3159a9a6d35caa3e2c3549b6c4b5416546fa004fbe17845f2cb7cbb6,-67,,0,0,,0
08:53:36,,0,17297dba3159a9a6d35caa3e2c3549b6c4b5416546fa004fbe17845f2cb7cbb6,-73,,0,0,,0
08:53:37,,0,4c2a0914871510660233a0f3951936eacf699c5ede9b69fd76c489b2adf64535,-48,,0,0,,0
08:53:37,,0,17297dba3159a9a6d35caa3e2c3549b6c4b5416546fa004fbe17845f2cb7cbb6,-76,,0,0,,0
08:53:38,,0,17297dba3159a9a6d35caa3e2c3549b6c4b5416546fa004fbe17845f2cb7cbb6,-70,,0,0,,0
08:53:39,,0,17297dba3159a9a6d35caa3e2c3549b6c4b5416546fa004fbe17845f2cb7cbb6,-70,,0,0,,0
08:53:40,,0,17297dba3159a9a6d35caa3e2c3549b6c4b5416546fa004fbe17845f2cb7cbb6,-87,,0,0,,0
08:53:41,,0,4c2a0914871510660233a0f3951936eacf699c5ede9b69fd76c489b2adf64535,-41,,0,0,,0
08:53:41,,0,17297dba3159a9a6d35caa3e2c3549b6c4b5416546fa004fbe17845f2cb7cbb6,-74,,0,0,,0
08:53:42,,0,17297dba3159a9a6d35caa3e2c3549b6c4b5416546fa004fbe17845f2cb7cbb6,-68,,0,0,,0
08:53:43,,0,17297dba3159a9a6d35caa3e2c3549b6c4b5416546fa004fbe17845f2cb7cbb6,-68,,0,0,,0
08:53:44,,0,8d0a58c411eebaa9b8e996639cb5a7faab310c2ad2185d570de2be28cfb8ee2e,-92,,0,0,,0
08:53:44,,0,17297dba3159a9a6d35caa3e2c3549b6c4b5416546fa004fbe17845f2cb7cbb6,-76,,0,0,,0
08:53:45,,0,17297dba3159a9a6d35caa3e2c3549b6c4b5416546fa004fbe17845f2cb7cbb6,-75,,0,0,,0
08:53:46,,0,17297dba3159a9a6d35caa3e2c3549b6c4b5416546fa004fbe17845f2cb7cbb6,-80,,0,0,,0
08:53:47,,0,17297dba3159a9a6d35caa3e2c3549b6c4b5416546fa004fbe17845f2cb7cbb6,-67,,0,0,,0
08:53:48,,0,17297dba3159a9a6d35caa3e2c3549b6c4b5416546fa004fbe17845f2cb7cbb6,-68,,0,0,,0
08:53:48,,0,17297dba3159a9a6d35caa3e2c3549b6c4b5416546fa004fbe17845f2cb7cbb6,-71,,0,0,,0
08:53:49,,0,17297dba3159a9a6d35caa3e2c3549b6c4b5416546fa004fbe17845f2cb7cbb6,-77,,0,0,,0
08:53:50,,0,17297dba3159a9a6d35caa3e2c3549b6c4b5416546fa004fbe17845f2cb7cbb6,-73,,0,0,,0
08:53:51,,0,4c2a0914871510660233a0f3951936eacf699c5ede9b69fd76c489b2adf64535,-38,,0,0,,0
08:53:51,,0,17297dba3159a9a6d35caa3e2c3549b6c4b5416546fa004fbe17845f2cb7cbb6,-74,,0,0,,0
08:53:52,,0,4c2a0914871510660233a0f3951936eacf699c5ede9b69fd76c489b2adf64535,-41,,0,0,,0
08:53:53,,0,17297dba3159a9a6d35caa3e2c3549b6c4b5416546fa004fbe17845f2cb7cbb6,-64,,0,0,,0
08:53:54,,0,17297dba3159a9a6d35caa3e2c3549b6c4b5416546fa004fbe17845f2cb7cbb6,-65,,0,0,,0
08:53:55,,0,4c2a0914871510660233a0f3951936eacf699c5ede9b69fd76c489b2adf64535,-39,,0,0,,0
08:53:55,,0,17297dba3159a9a6d35caa3e2c3549b6c4b5416546fa004fbe17845f2cb7cbb6,-79,,0,0,,0
08:53:56,,0,17297dba3159a9a6d35caa3e2c3549b6c4b5416546fa004fbe17845f2cb7cbb6,-80,,0,0,,0
08:53:57,,0,17297dba3159a9a6d35caa3e2c3549b6c4b5416546fa004fbe17845f2cb7cbb6,-81,,0,0,,0
08:53:57,,0,17297dba3159a9a6d35caa3e2c3549b6c4b5416546fa004fbe17845f2cb7cbb6,-72,,0,0,,0
08:53:58,,0,17297dba3159a9a6d35caa3e2c3549b6c4b5416546fa004fbe17845f2cb7cbb6,-77,,0,0,,0
08:53:59,,0,17297dba3159a9a6d35caa3e2c3549b6c4b5416546fa004fbe17845f2cb7cbb6,-84,,0,0,,0
08:54:00,,0,17297dba3159a9a6d35caa3e2c3549b6c4b5416546fa004fbe17845f2cb7cbb6,-77,,0,0,,0
08:54:01,,0,17297dba3159a9a6d35caa3e2c3549b6c4b5416546fa004fbe17845f2cb7cbb6,-87,,0,0,,0
08:54:02,,0,17297dba3159a9a6d35caa3e2c3549b6c4b5416546fa004fbe17845f2cb7cbb6,-80,,0,0,,0
08:54:02,,0,17297dba3159a9a6d35caa3e2c3549b6c4b5416546fa004fbe17845f2cb7cbb6,-78,,0,0,,0
08:54:03,,0,17297dba3159a9a6d35caa3e2c3549b6c4b5416546fa004fbe17845f2cb7cbb6,-80,,0,0,,0
08:54:04,,0,17297dba3159a9a6d35caa3e2c3549b6c4b5416546fa004fbe17845f2cb7cbb6,-83,,0,0,,0
08:54:05,,0,17297dba3159a9a6d35caa3e2c3549b6c4b5416546fa004fbe17845f2cb7cbb6,-74,,0,0,,0
08:54:05,,0,17297dba3159a9a6d35caa3e2c3549b6c4b5416546fa004fbe17845f2cb7cbb6,-79,,0,0,,0
08:54:06,,0,17297dba3159a9a6d35caa3e2c3549b6c4b5416546fa004fbe17845f2cb7cbb6,-79,,0,0,,0
08:54:07,,0,17297dba3159a9a6d35caa3e2c3549b6c4b5416546fa004fbe17845f2cb7cbb6,-72,,0,0,,0
08:54:08,,0,17297dba3159a9a6d35caa3e2c3549b6c4b5416546fa004fbe17845f2cb7cbb6,-72,,0,0,,0
08:54:09,,0,8d0a58c411eebaa9b8e996639cb5a7faab310c2ad2185d570de2be28cfb8ee2e,-91,,0,0,,0
08:54:09,,0,17297dba3159a9a6d35caa3e2c3549b6c4b5416546fa004fbe17845f2cb7cbb6,-84,,0,0,,0
08:54:10,,0,17297dba3159a9a6d35caa3e2c3549b6c4b5416546fa004fbe17845f2cb7cbb6,-75,,0,0,,0
08:54:11,,0,17297dba3159a9a6d35caa3e2c3549b6c4b5416546fa004fbe17845f2cb7cbb6,-88,,0,0,,0
08:54:12,,0,17297dba3159a9a6d35caa3e2c3549b6c4b5416546fa004fbe17845f2cb7cbb6,-86,,0,0,,0
08:54:13,,0,17297dba3159a9a6d35caa3e2c3549b6c4b5416546fa004fbe17845f2cb7cbb6,-73,,0,0,,0
08:54:13,,0,17297dba3159a9a6d35caa3e2c3549b6c4b5416546fa004fbe17845f2cb7cbb6,-83,,0,0,,0
08:54:14,,0,17297dba3159a9a6d35caa3e2c3549b6c4b5416546fa004fbe17845f2cb7cbb6,-82,,0,0,,0
08:54:15,,0,17297dba3159a9a6d35caa3e2c3549b6c4b5416546fa004fbe17845f2cb7cbb6,-76,,0,0,,0
08:54:15,,0,17297dba3159a9a6d35caa3e2c3549b6c4b5416546fa004fbe17845f2cb7cbb6,-86,,0,0,,0
08:54:16,26.0,0,ff6760fcd18974fc8e40ba3a303aec2f194e40723607792bd6d24eaf7a56a85c,-38,,0,0,12.0,0
08:54:17,,0,17297dba3159a9a6d35caa3e2c3549b6c4b5416546fa004fbe17845f2cb7cbb6,-82,,0,0,,0
08:54:18,,0,17297dba3159a9a6d35caa3e2c3549b6c4b5416546fa004fbe17845f2cb7cbb6,-90,,0,0,,0
08:54:19,,0,17297dba3159a9a6d35caa3e2c3549b6c4b5416546fa004fbe17845f2cb7cbb6,-76,,0,0,,0
08:54:19,,0,17297dba3159a9a6d35caa3e2c3549b6c4b5416546fa004fbe17845f2cb7cbb6,-75,,0,0,,0
08:54:20,,0,17297dba3159a9a6d35caa3e2c3549b6c4b5416546fa004fbe17845f2cb7cbb6,-72,,0,0,,0
08:54:21,,0,4c2a0914871510660233a0f3951936eacf699c5ede9b69fd76c489b2adf64535,-37,,0,0,,0
08:54:22,,0,17297dba3159a9a6d35caa3e2c3549b6c4b5416546fa004fbe17845f2cb7cbb6,-88,,0,0,,0
08:54:23,,0,17297dba3159a9a6d35caa3e2c3549b6c4b5416546fa004fbe17845f2cb7cbb6,-76,,0,0,,0
08:54:23,26.0,0,ff6760fcd18974fc8e40ba3a303aec2f194e40723607792bd6d24eaf7a56a85c,-39,,0,0,12.0,0
08:54:24,,0,17297dba3159a9a6d35caa3e2c3549b6c4b5416546fa004fbe17845f2cb7cbb6,-78,,0,0,,0
08:54:25,,0,17297dba3159a9a6d35caa3e2c3549b6c4b5416546fa004fbe17845f2cb7cbb6,-72,,0,0,,0
08:54:26,,0,17297dba3159a9a6d35caa3e2c3549b6c4b5416546fa004fbe17845f2cb7cbb6,-85,,0,0,,0
08:54:27,,0,17297dba3159a9a6d35caa3e2c3549b6c4b5416546fa004fbe17845f2cb7cbb6,-86,,0,0,,0
08:54:27,,0,17297dba3159a9a6d35caa3e2c3549b6c4b5416546fa004fbe17845f2cb7cbb6,-98,,0,0,,0
08:54:28,,0,17297dba3159a9a6d35caa3e2c3549b6c4b5416546fa004fbe17845f2cb7cbb6,-83,,0,0,,0
08:54:29,,0,4c2a0914871510660233a0f3951936eacf699c5ede9b69fd76c489b2adf64535,-41,,0,0,,0
08:54:30,,0,17297dba3159a9a6d35caa3e2c3549b6c4b5416546fa004fbe17845f2cb7cbb6,-73,,0,0,,0
08:54:30,,0,17297dba3159a9a6d35caa3e2c3549b6c4b5416546fa004fbe17845f2cb7cbb6,-90,,0,0,,0
08:54:31,,0,17297dba3159a9a6d35caa3e2c3549b6c4b5416546fa004fbe17845f2cb7cbb6,-83,,0,0,,0
08:54:32,,0,17297dba3159a9a6d35caa3e2c3549b6c4b5416546fa004fbe17845f2cb7cbb6,-76,,0,0,,0
08:54:33,,0,17297dba3159a9a6d35caa3e2c3549b6c4b5416546fa004fbe17845f2cb7cbb6,-69,,0,0,,0
08:54:34,,0,17297dba3159a9a6d35caa3e2c3549b6c4b5416546fa004fbe17845f2cb7cbb6,-86,,0,0,,0
08:54:34,,0,4c2a0914871510660233a0f3951936eacf699c5ede9b69fd76c489b2adf64535,-41,,0,0,,0
08:54:35,,0,17297dba3159a9a6d35caa3e2c3549b6c4b5416546fa004fbe17845f2cb7cbb6,-72,,0,0,,0
08:54:36,,0,17297dba3159a9a6d35caa3e2c3549b6c4b5416546fa004fbe17845f2cb7cbb6,-72,,0,0,,0
08:54:37,,0,17297dba3159a9a6d35caa3e2c3549b6c4b5416546fa004fbe17845f2cb7cbb6,-84,,0,0,,0
08:54:37,,0,17297dba3159a9a6d35caa3e2c3549b6c4b5416546fa004fbe17845f2cb7cbb6,-87,,0,0,,0
08:54:38,,0,17297dba3159a9a6d35caa3e2c3549b6c4b5416546fa004fbe17845f2cb7cbb6,-77,,0,0,,0
08:54:39,,0,17297dba3159a9a6d35caa3e2c3549b6c4b5416546fa004fbe17845f2cb7cbb6,-63,,0,0,,0
08:54:40,,0,17297dba3159a9a6d35caa3e2c3549b6c4b5416546fa004fbe17845f2cb7cbb6,-52,,0,0,,0
08:54:41,,0,17297dba3159a9a6d35caa3e2c3549b6c4b5416546fa004fbe17845f2cb7cbb6,-53,,0,0,,0
08:54:41,,0,17297dba3159a9a6d35caa3e2c3549b6c4b5416546fa004fbe17845f2cb7cbb6,-53,,0,0,,0
08:54:42,,0,4c2a0914871510660233a0f3951936eacf699c5ede9b69fd76c489b2adf64535,-40,,0,0,,0
08:54:43,,0,4c2a0914871510660233a0f3951936eacf699c5ede9b69fd76c489b2adf64535,-38,,0,0,,0
08:54:44,,0,4c2a0914871510660233a0f3951936eacf699c5ede9b69fd76c489b2adf64535,-36,,0,0,,0
08:54:44,,0,4c2a0914871510660233a0f3951936eacf699c5ede9b69fd76c489b2adf64535,-39,,0,0,,0
08:54:45,,0,b982d8f0b2ee56637e6f867ac7c07ea98df190dcd49a0dffedad19de58030ced,-49,,0,0,,0
08:54:46,,0,b982d8f0b2ee56637e6f867ac7c07ea98df190dcd49a0dffedad19de58030ced,-53,,0,0,,0
08:54:47,,0,4c2a0914871510660233a0f3951936eacf699c5ede9b69fd76c489b2adf64535,-37,,0,0,,0
08:54:48,,0,b982d8f0b2ee56637e6f867ac7c07ea98df190dcd49a0dffedad19de58030ced,-51,,0,0,,0
08:54:48,,0,b982d8f0b2ee56637e6f867ac7c07ea98df190dcd49a0dffedad19de58030ced,-54,,0,0,,0
08:54:49,,0,b982d8f0b2ee56637e6f867ac7c07ea98df190dcd49a0dffedad19de58030ced,-70,,0,0,,0
08:54:50,,0,b982d8f0b2ee56637e6f867ac7c07ea98df190dcd49a0dffedad19de58030ced,-55,,0,0,,0
08:54:51,,0,b982d8f0b2ee56637e6f867ac7c07ea98df190dcd49a0dffedad19de58030ced,-57,,0,0,,0
08:54:51,,0,b982d8f0b2ee56637e6f867ac7c07ea98df190dcd49a0dffedad19de58030ced,-56,,0,0,,0
08:54:52,,0,b982d8f0b2ee56637e6f867ac7c07ea98df190dcd49a0dffedad19de58030ced,-49,,0,0,,0
08:54:53,,0,b982d8f0b2ee56637e6f867ac7c07ea98df190dcd49a0dffedad19de58030ced,-59,,0,0,,0
08:54:54,,0,b982d8f0b2ee56637e6f867ac7c07ea98df190dcd49a0dffedad19de58030ced,-62,,0,0,,0
08:54:55,,0,b982d8f0b2ee56637e6f867ac7c07ea98df190dcd49a0dffedad19de58030ced,-54,,0,0,,0
08:54:55,,0,b982d8f0b2ee56637e6f867ac7c07ea98df190dcd49a0dffedad19de58030ced,-56,,0,0,,0
08:54:56,,0,b982d8f0b2ee56637e6f867ac7c07ea98df190dcd49a0dffedad19de58030ced,-59,,0,0,,0
08:54:57,,0,b982d8f0b2ee56637e6f867ac7c07ea98df190dcd49a0dffedad19de58030ced,-54,,0,0,,0
08:54:58,,0,241d7d062135d58be305daa6ddefbb5e964426aa960065b8f647ad9cc453f914,-41,,0,0,,0
08:54:58,,0,241d7d062135d58be305daa6ddefbb5e964426aa960065b8f647ad9cc453f914,-40,,0,0,,0
08:54:59,,0,241d7d062135d58be305daa6ddefbb5e964426aa960065b8f647ad9cc453f914,-39,,0,0,,0
08:55:00,,0,241d7d062135d58be305daa6ddefbb5e964426aa960065b8f647ad9cc453f914,-47,,0,0,,0
08:55:01,,0,241d7d062135d58be305daa6ddefbb5e964426aa960065b8f647ad9cc453f914,-47,,0,0,,0
08:55:02,,0,241d7d062135d58be305daa6ddefbb5e964426aa960065b8f647ad9cc453f914,-47,,0,0,,0
08:55:02,,0,241d7d062135d58be305daa6ddefbb5e964426aa960065b8f647ad9cc453f914,-41,,0,0,,0
08:55:03,,0,241d7d062135d58be305daa6ddefbb5e964426aa960065b8f647ad9cc453f914,-48,,0,0,,0
08:55:04,,0,8d0a58c411eebaa9b8e996639cb5a7faab310c2ad2185d570de2be28cfb8ee2e,-95,,0,0,,0
08:55:05,,0,8d0a58c411eebaa9b8e996639cb5a7faab310c2ad2185d570de2be28cfb8ee2e,-96,,0,0,,0
08:55:06,,0,8d0a58c411eebaa9b8e996639cb5a7faab310c2ad2185d570de2be28cfb8ee2e,-95,,0,0,,0
08:55:06,,0,8d0a58c411eebaa9b8e996639cb5a7faab310c2ad2185d570de2be28cfb8ee2e,-95,,0,0,,0
08:55:07,,0,8d0a58c411eebaa9b8e996639cb5a7faab310c2ad2185d570de2be28cfb8ee2e,-92,,0,0,,0
08:55:08,,0,8d0a58c411eebaa9b8e996639cb5a7faab310c2ad2185d570de2be28cfb8ee2e,-94,,0,0,,0
08:55:08,,0,8d0a58c411eebaa9b8e996639cb5a7faab310c2ad2185d570de2be28cfb8ee2e,-94,,0,0,,0
08:55:09,,0,8d0a58c411eebaa9b8e996639cb5a7faab310c2ad2185d570de2be28cfb8ee2e,-92,,0,0,,0
08:55:10,,0,4c2a0914871510660233a0f3951936eacf699c5ede9b69fd76c489b2adf64535,-39,,0,0,,0
08:55:11,,0,8d0a58c411eebaa9b8e996639cb5a7faab310c2ad2185d570de2be28cfb8ee2e,-94,,0,0,,0
08:55:12,,0,4c2a0914871510660233a0f3951936eacf699c5ede9b69fd76c489b2adf64535,-36,,0,0,,0
08:55:12,,0,8d0a58c411eebaa9b8e996639cb5a7faab310c2ad2185d570de2be28cfb8ee2e,-92,,0,0,,0
08:55:13,,0,8d0a58c411eebaa9b8e996639cb5a7faab310c2ad2185d570de2be28cfb8ee2e,-94,,0,0,,0
08:55:14,,0,8d0a58c411eebaa9b8e996639cb5a7faab310c2ad2185d570de2be28cfb8ee2e,-95,,0,0,,0
08:55:15,,0,4c2a0914871510660233a0f3951936eacf699c5ede9b69fd76c489b2adf64535,-36,,0,0,,0
08:55:16,,0,8d0a58c411eebaa9b8e996639cb5a7faab310c2ad2185d570de2be28cfb8ee2e,-93,,0,0,,0
08:55:16,,0,8d0a58c411eebaa9b8e996639cb5a7faab310c2ad2185d570de2be28cfb8ee2e,-95,,0,0,,0
08:55:17,,0,8d0a58c411eebaa9b8e996639cb5a7faab310c2ad2185d570de2be28cfb8ee2e,-97,,0,0,,0
08:55:18,,0,8d0a58c411eebaa9b8e996639cb5a7faab310c2ad2185d570de2be28cfb8ee2e,-94,,0,0,,0
08:55:19,,0,4c2a0914871510660233a0f3951936eacf699c5ede9b69fd76c489b2adf64535,-39,,0,0,,0
08:55:19,,0,8d0a58c411eebaa9b8e996639cb5a7faab310c2ad2185d570de2be28cfb8ee2e,-92,,0,0,,0
08:55:20,,0,8d0a58c411eebaa9b8e996639cb5a7faab310c2ad2185d570de2be28cfb8ee2e,-94,,0,0,,0
08:55:21,,0,4c2a0914871510660233a0f3951936eacf699c5ede9b69fd76c489b2adf64535,-36,,0,0,,0
08:55:22,,0,8d0a58c411eebaa9b8e996639cb5a7faab310c2ad2185d570de2be28cfb8ee2e,-93,,0,0,,0
08:55:23,,0,8d0a58c411eebaa9b8e996639cb5a7faab310c2ad2185d570de2be28cfb8ee2e,-94,,0,0,,0
08:55:23,,0,8d0a58c411eebaa9b8e996639cb5a7faab310c2ad2185d570de2be28cfb8ee2e,-94,,0,0,,0
08:55:24,,0,4c2a0914871510660233a0f3951936eacf699c5ede9b69fd76c489b2adf64535,-37,,0,0,,0
08:55:25,,0,8d0a58c411eebaa9b8e996639cb5a7faab310c2ad2185d570de2be28cfb8ee2e,-92,,0,0,,0
08:55:26,,0,8d0a58c411eebaa9b8e996639cb5a7faab310c2ad2185d570de2be28cfb8ee2e,-91,,0,0,,0
08:55:26,,0,4c2a0914871510660233a0f3951936eacf699c5ede9b69fd76c489b2adf64535,-35,,0,0,,0
08:55:27,,0,8d0a58c411eebaa9b8e996639cb5a7faab310c2ad2185d570de2be28cfb8ee2e,-90,,0,0,,0
08:55:28,,0,8d0a58c411eebaa9b8e996639cb5a7faab310c2ad2185d570de2be28cfb8ee2e,-99,,0,0,,0
08:55:29,,0,8d0a58c411eebaa9b8e996639cb5a7faab310c2ad2185d570de2be28cfb8ee2e,-93,,0,0,,0
08:55:30,,0,4c2a0914871510660233a0f3951936eacf699c5ede9b69fd76c489b2adf64535,-37,,0,0,,0
08:55:30,,0,8d0a58c411eebaa9b8e996639cb5a7faab310c2ad2185d570de2be28cfb8ee2e,-95,,0,0,,0
08:55:31,,0,8d0a58c411eebaa9b8e996639cb5a7faab310c2ad2185d570de2be28cfb8ee2e,-92,,0,0,,0
08:55:32,,0,4c2a0914871510660233a0f3951936eacf699c5ede9b69fd76c489b2adf64535,-39,,0,0,,0
08:55:33,,0,8d0a58c411eebaa9b8e996639cb5a7faab310c2ad2185d570de2be28cfb8ee2e,-94,,0,0,,0
08:55:34,,0,4c2a0914871510660233a0f3951936eacf699c5ede9b69fd76c489b2adf64535,-35,,0,0,,0
08:55:34,,0,4c2a0914871510660233a0f3951936eacf699c5ede9b69fd76c489b2adf64535,-37,,0,0,,0
08:55:35,,0,8d0a58c411eebaa9b8e996639cb5a7faab310c2ad2185d570de2be28cfb8ee2e,-95,,0,0,,0
08:55:36,,0,4c2a0914871510660233a0f3951936eacf699c5ede9b69fd76c489b2adf64535,-39,,0,0,,0
08:55:37,,0,4c2a0914871510660233a0f3951936eacf699c5ede9b69fd76c489b2adf64535,-36,,0,0,,0
08:55:37,,0,8d0a58c411eebaa9b8e996639cb5a7faab310c2ad2185d570de2be28cfb8ee2e,-93,,0,0,,0
08:55:38,,0,8d0a58c411eebaa9b8e996639cb5a7faab310c2ad2185d570de2be28cfb8ee2e,-96,,0,0,,0
08:55:39,,0,8d0a58c411eebaa9b8e996639cb5a7faab310c2ad2185d570de2be28cfb8ee2e,-93,,0,0,,0
08:55:40,,0,8d0a58c411eebaa9b8e996639cb5a7faab310c2ad2185d570de2be28cfb8ee2e,-94,,0,0,,0
08:55:41,,0,8d0a58c411eebaa9b8e996639cb5a7faab310c2ad2185d570de2be28cfb8ee2e,-95,,0,0,,0
08:55:41,,0,8d0a58c411eebaa9b8e996639cb5a7faab310c2ad2185d570de2be28cfb8ee2e,-94,,0,0,,0
08:55:42,,0,8d0a58c411eebaa9b8e996639cb5a7faab310c2ad2185d570de2be28cfb8ee2e,-95,,0,0,,0
08:55:43,,0,8d0a58c411eebaa9b8e996639cb5a7faab310c2ad2185d570de2be28cfb8ee2e,-93,,0,0,,0
08:55:44,,0,8d0a58c411eebaa9b8e996639cb5a7faab310c2ad2185d570de2be28cfb8ee2e,-94,,0,0,,0
08:55:44,,0,8d0a58c411eebaa9b8e996639cb5a7faab310c2ad2185d570de2be28cfb8ee2e,-93,,0,0,,0
08:55:45,,0,8d0a58c411eebaa9b8e996639cb5a7faab310c2ad2185d570de2be28cfb8ee2e,-96,,0,0,,0
08:55:46,,0,8d0a58c411eebaa9b8e996639cb5a7faab310c2ad2185d570de2be28cfb8ee2e,-99,,0,0,,0
08:55:47,,0,8d0a58c411eebaa9b8e996639cb5a7faab310c2ad2185d570de2be28cfb8ee2e,-94,,0,0,,0
08:55:48,,0,8d0a58c411eebaa9b8e996639cb5a7faab310c2ad2185d570de2be28cfb8ee2e,-94,,0,0,,0
08:55:48,,0,8d0a58c411eebaa9b8e996639cb5a7faab310c2ad2185d570de2be28cfb8ee2e,-93,,0,0,,0
08:55:49,,0,8d0a58c411eebaa9b8e996639cb5a7faab310c2ad2185d570de2be28cfb8ee2e,-95,,0,0,,0
08:55:50,,0,8d0a58c411eebaa9b8e996639cb5a7faab310c2ad2185d570de2be28cfb8ee2e,-93,,0,0,,0
08:55:51,,0,4c2a0914871510660233a0f3951936eacf699c5ede9b69fd76c489b2adf64535,-39,,0,0,,0
08:55:51,,0,4c2a0914871510660233a0f3951936eacf699c5ede9b69fd76c489b2adf64535,-35,,0,0,,0
08:55:52,,0,8d0a58c411eebaa9b8e996639cb5a7faab310c2ad2185d570de2be28cfb8ee2e,-94,,0,0,,0
08:55:53,,0,4c2a0914871510660233a0f3951936eacf699c5ede9b69fd76c489b2adf64535,-37,,0,0,,0
08:55:55,,0,4c2a0914871510660233a0f3951936eacf699c5ede9b69fd76c489b2adf64535,-39,,0,0,,0
08:55:57,,0,4c2a0914871510660233a0f3951936eacf699c5ede9b69fd76c489b2adf64535,-35,,0,0,,0
08:55:59,,0,4c2a0914871510660233a0f3951936eacf699c5ede9b69fd76c489b2adf64535,-37,,0,0,,0
08:55:59,,0,8d0a58c411eebaa9b8e996639cb5a7faab310c2ad2185d570de2be28cfb8ee2e,-95,,0,0,,0
08:56:00,,0,8d0a58c411eebaa9b8e996639cb5a7faab310c2ad2185d570de2be28cfb8ee2e,-94,,0,0,,0
08:56:01,,0,8d0a58c411eebaa9b8e996639cb5a7faab310c2ad2185d570de2be28cfb8ee2e,-93,,0,0,,0
08:56:02,,0,4c2a0914871510660233a0f3951936eacf699c5ede9b69fd76c489b2adf64535,-39,,0,0,,0
08:56:02,,0,8d0a58c411eebaa9b8e996639cb5a7faab310c2ad2185d570de2be28cfb8ee2e,-95,,0,0,,0
08:56:03,,0,4c2a0914871510660233a0f3951936eacf699c5ede9b69fd76c489b2adf64535,-35,,0,0,,0
08:56:04,,0,8d0a58c411eebaa9b8e996639cb5a7faab310c2ad2185d570de2be28cfb8ee2e,-94,,0,0,,0
08:56:05,,0,4c2a0914871510660233a0f3951936eacf699c5ede9b69fd76c489b2adf64535,-37,,0,0,,0
08:56:06,,0,4c2a0914871510660233a0f3951936eacf699c5ede9b69fd76c489b2adf64535,-39,,0,0,,0
08:56:08,,0,4c2a0914871510660233a0f3951936eacf699c5ede9b69fd76c489b2adf64535,-35,,0,0,,0
08:56:13,,0,8d0a58c411eebaa9b8e996639cb5a7faab310c2ad2185d570de2be28cfb8ee2e,-93,,0,0,,0
08:56:15,,0,8d0a58c411eebaa9b8e996639cb5a7faab310c2ad2185d570de2be28cfb8ee2e,-95,,0,0,,0
08:56:18,,0,8d0a58c411eebaa9b8e996639cb5a7faab310c2ad2185d570de2be28cfb8ee2e,-94,,0,0,,0
08:56:18,,0,8d0a58c411eebaa9b8e996639cb5a7faab310c2ad2185d570de2be28cfb8ee2e,-96,,0,0,,0
08:56:25,,0,8d0a58c411eebaa9b8e996639cb5a7faab310c2ad2185d570de2be28cfb8ee2e,-94,,0,0,,0
08:56:31,,0,8d0a58c411eebaa9b8e996639cb5a7faab310c2ad2185d570de2be28cfb8ee2e,-97,,0,0,,0
08:56:33,,0,4c2a0914871510660233a0f3951936eacf699c5ede9b69fd76c489b2adf64535,-37,,0,0,,0
08:56:35,,0,4c2a0914871510660233a0f3951936eacf699c5ede9b69fd76c489b2adf64535,-39,,0,0,,0
08:56:35,,0,8d0a58c411eebaa9b8e996639cb5a7faab310c2ad2185d570de2be28cfb8ee2e,-94,,0,0,,0
08:56:37,,0,4c2a0914871510660233a0f3951936eacf699c5ede9b69fd76c489b2adf64535,-36,,0,0,,0
08:56:39,,0,4c2a0914871510660233a0f3951936eacf699c5ede9b69fd76c489b2adf64535,-36,,0,0,,0
08:56:39,6.0,0,4e5f80648192adca6325e0c254c092f836ae8f9c90f65b9ceb444228c29c980c,-91,Hb140,0,0,,0
08:56:41,,0,4c2a0914871510660233a0f3951936eacf699c5ede9b69fd76c489b2adf64535,-39,,0,0,,0
08:56:42,,0,8d0a58c411eebaa9b8e996639cb5a7faab310c2ad2185d570de2be28cfb8ee2e,-95,,0,0,,0
08:56:43,,0,4c2a0914871510660233a0f3951936eacf699c5ede9b69fd76c489b2adf64535,-36,,0,0,,0
08:56:44,,0,8d0a58c411eebaa9b8e996639cb5a7faab310c2ad2185d570de2be28cfb8ee2e,-96,,0,0,,0
08:56:45,,0,8d0a58c411eebaa9b8e996639cb5a7faab310c2ad2185d570de2be28cfb8ee2e,-94,,0,0,,0
08:56:45,,0,8d0a58c411eebaa9b8e996639cb5a7faab310c2ad2185d570de2be28cfb8ee2e,-95,,0,0,,0
08:56:46,,0,4c2a0914871510660233a0f3951936eacf699c5ede9b69fd76c489b2adf64535,-36,,0,0,,0
08:56:47,,0,8d0a58c411eebaa9b8e996639cb5a7faab310c2ad2185d570de2be28cfb8ee2e,-93,,0,0,,0
08:56:48,,0,8d0a58c411eebaa9b8e996639cb5a7faab310c2ad2185d570de2be28cfb8ee2e,-93,,0,0,,0
08:56:48,,0,8d0a58c411eebaa9b8e996639cb5a7faab310c2ad2185d570de2be28cfb8ee2e,-94,,0,0,,0
08:56:49,,0,4c2a0914871510660233a0f3951936eacf699c5ede9b69fd76c489b2adf64535,-39,,0,0,,0
08:56:50,,0,4c2a0914871510660233a0f3951936eacf699c5ede9b69fd76c489b2adf64535,-36,,0,0,,0
08:56:51,,0,4c2a0914871510660233a0f3951936eacf699c5ede9b69fd76c489b2adf64535,-37,,0,0,,0
08:56:53,,0,4c2a0914871510660233a0f3951936eacf699c5ede9b69fd76c489b2adf64535,-39,,0,0,,0
08:56:54,,0,4c2a0914871510660233a0f3951936eacf699c5ede9b69fd76c489b2adf64535,-36,,0,0,,0
08:56:56,,0,4c2a0914871510660233a0f3951936eacf699c5ede9b69fd76c489b2adf64535,-36,,0,0,,0
08:56:59,,0,4c2a0914871510660233a0f3951936eacf699c5ede9b69fd76c489b2adf64535,-39,,0,0,,0
08:57:01,,0,4c2a0914871510660233a0f3951936eacf699c5ede9b69fd76c489b2adf64535,-35,,0,0,,0
08:57:02,,0,8d0a58c411eebaa9b8e996639cb5a7faab310c2ad2185d570de2be28cfb8ee2e,-93,,0,0,,0
08:57:03,,0,8d0a58c411eebaa9b8e996639cb5a7faab310c2ad2185d570de2be28cfb8ee2e,-95,,0,0,,0
08:57:04,,0,4c2a0914871510660233a0f3951936eacf699c5ede9b69fd76c489b2adf64535,-36,,0,0,,0
08:57:04,,0,4c2a0914871510660233a0f3951936eacf699c5ede9b69fd76c489b2adf64535,-39,,0,0,,0
08:57:09,,0,8d0a58c411eebaa9b8e996639cb5a7faab310c2ad2185d570de2be28cfb8ee2e,-94,,0,0,,0
08:57:10,,0,8d0a58c411eebaa9b8e996639cb5a7faab310c2ad2185d570de2be28cfb8ee2e,-93,,0,0,,0
08:57:11,,0,8d0a58c411eebaa9b8e996639cb5a7faab310c2ad2185d570de2be28cfb8ee2e,-93,,0,0,,0
08:57:12,,0,8d0a58c411eebaa9b8e996639cb5a7faab310c2ad2185d570de2be28cfb8ee2e,-96,,0,0,,0
08:57:27,,0,4c2a0914871510660233a0f3951936eacf699c5ede9b69fd76c489b2adf64535,-40,,0,0,,0
08:57:29,,0,4c2a0914871510660233a0f3951936eacf699c5ede9b69fd76c489b2adf64535,-36,,0,0,,0
08:57:30,,0,4c2a0914871510660233a0f3951936eacf699c5ede9b69fd76c489b2adf64535,-36,,0,0,,0
08:57:32,,0,4c2a0914871510660233a0f3951936eacf699c5ede9b69fd76c489b2adf64535,-40,,0,0,,0
08:57:34,,0,4c2a0914871510660233a0f3951936eacf699c5ede9b69fd76c489b2adf64535,-35,,0,0,,0
08:57:36,,0,4c2a0914871510660233a0f3951936eacf699c5ede9b69fd76c489b2adf64535,-37,,0,0,,0
08:57:39,,0,4c2a0914871510660233a0f3951936eacf699c5ede9b69fd76c489b2adf64535,-40,,0,0,,0
08:57:40,,0,8d0a58c411eebaa9b8e996639cb5a7faab310c2ad2185d570de2be28cfb8ee2e,-99,,0,0,,0
08:57:41,,0,4c2a0914871510660233a0f3951936eacf699c5ede9b69fd76c489b2adf64535,-36,,0,0,,0
08:57:43,,0,4c2a0914871510660233a0f3951936eacf699c5ede9b69fd76c489b2adf64535,-37,,0,0,,0
08:57:43,,0,8d0a58c411eebaa9b8e996639cb5a7faab310c2ad2185d570de2be28cfb8ee2e,-95,,0,0,,0
08:57:44,,0,8d0a58c411eebaa9b8e996639cb5a7faab310c2ad2185d570de2be28cfb8ee2e,-96,,0,0,,0
08:57:45,,0,4c2a0914871510660233a0f3951936eacf699c5ede9b69fd76c489b2adf64535,-39,,0,0,,0
08:57:46,,0,8d0a58c411eebaa9b8e996639cb5a7faab310c2ad2185d570de2be28cfb8ee2e,-97,,0,0,,0
08:57:47,,0,4c2a0914871510660233a0f3951936eacf699c5ede9b69fd76c489b2adf64535,-36,,0,0,,0
08:57:49,,0,4c2a0914871510660233a0f3951936eacf699c5ede9b69fd76c489b2adf64535,-38,,0,0,,0
08:57:51,,0,4c2a0914871510660233a0f3951936eacf699c5ede9b69fd76c489b2adf64535,-39,,0,0,,0
08:57:51,,0,8d0a58c411eebaa9b8e996639cb5a7faab310c2ad2185d570de2be28cfb8ee2e,-98,,0,0,,0
08:57:52,,0,8d0a58c411eebaa9b8e996639cb5a7faab310c2ad2185d570de2be28cfb8ee2e,-93,,0,0,,0
08:57:53,,0,4c2a0914871510660233a0f3951936eacf699c5ede9b69fd76c489b2adf64535,-36,,0,0,,0
08:57:55,,0,4c2a0914871510660233a0f3951936eacf699c5ede9b69fd76c489b2adf64535,-37,,0,0,,0
08:57:57,,0,4c2a0914871510660233a0f3951936eacf699c5ede9b69fd76c489b2adf64535,-39,,0,0,,0
08:57:57,,0,8d0a58c411eebaa9b8e996639cb5a7faab310c2ad2185d570de2be28cfb8ee2e,-94,,0,0,,0
08:57:58,,0,8d0a58c411eebaa9b8e996639cb5a7faab310c2ad2185d570de2be28cfb8ee2e,-92,,0,0,,0
08:57:59,,0,8d0a58c411eebaa9b8e996639cb5a7faab310c2ad2185d570de2be28cfb8ee2e,-94,,0,0,,0
08:58:01,,0,8d0a58c411eebaa9b8e996639cb5a7faab310c2ad2185d570de2be28cfb8ee2e,-93,,0,0,,0
08:58:01,,0,8d0a58c411eebaa9b8e996639cb5a7faab310c2ad2185d570de2be28cfb8ee2e,-93,,0,0,,0
08:58:02,,0,8d0a58c411eebaa9b8e996639cb5a7faab310c2ad2185d570de2be28cfb8ee2e,-93,,0,0,,0
08:58:03,,0,8d0a58c411eebaa9b8e996639cb5a7faab310c2ad2185d570de2be28cfb8ee2e,-97,,0,0,,0
08:58:04,,0,8d0a58c411eebaa9b8e996639cb5a7faab310c2ad2185d570de2be28cfb8ee2e,-96,,0,0,,0
08:58:08,,0,8d0a58c411eebaa9b8e996639cb5a7faab310c2ad2185d570de2be28cfb8ee2e,-98,,0,0,,0
08:58:13,,0,8d0a58c411eebaa9b8e996639cb5a7faab310c2ad2185d570de2be28cfb8ee2e,-92,,0,0,,0
08:58:14,,0,8d0a58c411eebaa9b8e996639cb5a7faab310c2ad2185d570de2be28cfb8ee2e,-92,,0,0,,0
08:58:15,,0,8d0a58c411eebaa9b8e996639cb5a7faab310c2ad2185d570de2be28cfb8ee2e,-98,,0,0,,0
08:58:15,,0,8d0a58c411eebaa9b8e996639cb5a7faab310c2ad2185d570de2be28cfb8ee2e,-94,,0,0,,0
08:58:16,,0,8d0a58c411eebaa9b8e996639cb5a7faab310c2ad2185d570de2be28cfb8ee2e,-93,,0,0,,0
08:58:19,26.0,0,8fda0bb17694deeca1a6df200c4ba39fce899cb614a3811293f4d0dcc9d4511e,-87,Hb141,0,0,8.0,0
08:58:19,26.0,0,f8891cb0cede679ce746dba1d29800b2cec7ee2d45c3aa310573413694d90cfd,-93,Hb142,0,0,8.0,0
08:58:31,,0,4c2a0914871510660233a0f3951936eacf699c5ede9b69fd76c489b2adf64535,-39,,0,0,,0
08:58:31,,0,8d0a58c411eebaa9b8e996639cb5a7faab310c2ad2185d570de2be28cfb8ee2e,-93,,0,0,,0
08:58:32,,0,8d0a58c411eebaa9b8e996639cb5a7faab310c2ad2185d570de2be28cfb8ee2e,-96,,0,0,,0
08:58:33,,0,8d0a58c411eebaa9b8e996639cb5a7faab310c2ad2185d570de2be28cfb8ee2e,-95,,0,0,,0
08:58:34,,0,4c2a0914871510660233a0f3951936eacf699c5ede9b69fd76c489b2adf64535,-36,,0,0,,0
08:58:34,,0,4c2a0914871510660233a0f3951936eacf699c5ede9b69fd76c489b2adf64535,-37,,0,0,,0
08:58:36,,0,8d0a58c411eebaa9b8e996639cb5a7faab310c2ad2185d570de2be28cfb8ee2e,-93,,0,0,,0
08:58:36,,0,8d0a58c411eebaa9b8e996639cb5a7faab310c2ad2185d570de2be28cfb8ee2e,-94,,0,0,,0
08:58:37,,0,4c2a0914871510660233a0f3951936eacf699c5ede9b69fd76c489b2adf64535,-39,,0,0,,0
08:58:38,,0,8d0a58c411eebaa9b8e996639cb5a7faab310c2ad2185d570de2be28cfb8ee2e,-94,,0,0,,0
08:58:39,,0,4c2a0914871510660233a0f3951936eacf699c5ede9b69fd76c489b2adf64535,-36,,0,0,,0
08:58:41,,0,4c2a0914871510660233a0f3951936eacf699c5ede9b69fd76c489b2adf64535,-37,,0,0,,0
08:58:42,,0,4c2a0914871510660233a0f3951936eacf699c5ede9b69fd76c489b2adf64535,-40,,0,0,,0
08:58:44,,0,4c2a0914871510660233a0f3951936eacf699c5ede9b69fd76c489b2adf64535,-37,,0,0,,0
08:58:47,,0,4c2a0914871510660233a0f3951936eacf699c5ede9b69fd76c489b2adf64535,-36,,0,0,,0
08:58:49,,0,4c2a0914871510660233a0f3951936eacf699c5ede9b69fd76c489b2adf64535,-39,,0,0,,0
08:58:50,,0,4c2a0914871510660233a0f3951936eacf699c5ede9b69fd76c489b2adf64535,-36,,0,0,,0
08:58:52,,0,4c2a0914871510660233a0f3951936eacf699c5ede9b69fd76c489b2adf64535,-37,,0,0,,0
08:58:54,,0,4c2a0914871510660233a0f3951936eacf699c5ede9b69fd76c489b2adf64535,-40,,0,0,,0
08:58:56,,0,4c2a0914871510660233a0f3951936eacf699c5ede9b69fd76c489b2adf64535,-36,,0,0,,0
08:58:58,,0,4c2a0914871510660233a0f3951936eacf699c5ede9b69fd76c489b2adf64535,-36,,0,0,,0
08:59:00,,0,4c2a0914871510660233a0f3951936eacf699c5ede9b69fd76c489b2adf64535,-39,,0,0,,0
08:59:06,,0,4c2a0914871510660233a0f3951936eacf699c5ede9b69fd76c489b2adf64535,-40,,0,0,,0
08:59:13,,0,8d0a58c411eebaa9b8e996639cb5a7faab310c2ad2185d570de2be28cfb8ee2e,-98,,0,0,,0
08:59:23,,0,4c2a0914871510660233a0f3951936eacf699c5ede9b69fd76c489b2adf64535,-39,,0,0,,0
08:59:24,,0,4c2a0914871510660233a0f3951936eacf699c5ede9b69fd76c489b2adf64535,-36,,0,0,,0
08:59:26,,0,4c2a0914871510660233a0f3951936eacf699c5ede9b69fd76c489b2adf64535,-36,,0,0,,0
08:59:28,,0,4c2a0914871510660233a0f3951936eacf699c5ede9b69fd76c489b2adf64535,-40,,0,0,,0
08:59:30,,0,4c2a0914871510660233a0f3951936eacf699c5ede9b69fd76c489b2adf64535,-36,,0,0,,0
08:59:32,,0,4c2a0914871510660233a0f3951936eacf699c5ede9b69fd76c489b2adf64535,-38,,0,0,,0
08:59:34,,0,8d0a58c411eebaa9b8e996639cb5a7faab310c2ad2185d570de2be28cfb8ee2e,-93,,0,0,,0
08:59:34,,0,8d0a58c411eebaa9b8e996639cb5a7faab310c2ad2185d570de2be28cfb8ee2e,-94,,0,0,,0
08:59:35,,0,8d0a58c411eebaa9b8e996639cb5a7faab310c2ad2185d570de2be28cfb8ee2e,-94,,0,0,,0
08:59:36,,0,8d0a58c411eebaa9b8e996639cb5a7faab310c2ad2185d570de2be28cfb8ee2e,-92,,0,0,,0
08:59:37,,0,4c2a0914871510660233a0f3951936eacf699c5ede9b69fd76c489b2adf64535,-40,,0,0,,0
08:59:37,,0,8d0a58c411eebaa9b8e996639cb5a7faab310c2ad2185d570de2be28cfb8ee2e,-98,,0,0,,0
08:59:38,,0,4c2a0914871510660233a0f3951936eacf699c5ede9b69fd76c489b2adf64535,-36,,0,0,,0
08:59:39,,0,8d0a58c411eebaa9b8e996639cb5a7faab310c2ad2185d570de2be28cfb8ee2e,-95,,0,0,,0
08:59:40,,0,4c2a0914871510660233a0f3951936eacf699c5ede9b69fd76c489b2adf64535,-38,,0,0,,0
08:59:41,,0,8d0a58c411eebaa9b8e996639cb5a7faab310c2ad2185d570de2be28cfb8ee2e,-94,,0,0,,0
08:59:41,,0,8d0a58c411eebaa9b8e996639cb5a7faab310c2ad2185d570de2be28cfb8ee2e,-92,,0,0,,0
08:59:42,,0,8d0a58c411eebaa9b8e996639cb5a7faab310c2ad2185d570de2be28cfb8ee2e,-93,,0,0,,0
08:59:43,,0,4c2a0914871510660233a0f3951936eacf699c5ede9b69fd76c489b2adf64535,-40,,0,0,,0
08:59:44,,0,8d0a58c411eebaa9b8e996639cb5a7faab310c2ad2185d570de2be28cfb8ee2e,-92,,0,0,,0
08:59:44,,0,4c2a0914871510660233a0f3951936eacf699c5ede9b69fd76c489b2adf64535,-36,,0,0,,0
08:59:45,,0,4c2a0914871510660233a0f3951936eacf699c5ede9b69fd76c489b2adf64535,-37,,0,0,,0
08:59:47,,0,4c2a0914871510660233a0f3951936eacf699c5ede9b69fd76c489b2adf64535,-40,,0,0,,0
08:59:49,,0,4c2a0914871510660233a0f3951936eacf699c5ede9b69fd76c489b2adf64535,-36,,0,0,,0
08:59:50,26.0,0,382452bc59fb774dc4790c964c9fb33862b6a77bdceaf913a00bdf89095ae93c,-89,,0,0,12.0,0
08:59:51,,0,4c2a0914871510660233a0f3951936eacf699c5ede9b69fd76c489b2adf64535,-38,,0,0,,0
08:59:59,,0,8d0a58c411eebaa9b8e996639cb5a7faab310c2ad2185d570de2be28cfb8ee2e,-94,,0,0,,0
09:00:01,,0,8d0a58c411eebaa9b8e996639cb5a7faab310c2ad2185d570de2be28cfb8ee2e,-93,,0,0,,0
09:00:01,,0,8d0a58c411eebaa9b8e996639cb5a7faab310c2ad2185d570de2be28cfb8ee2e,-95,,0,0,,0
09:00:02,,0,8d0a58c411eebaa9b8e996639cb5a7faab310c2ad2185d570de2be28cfb8ee2e,-96,,0,0,,0
09:00:09,,0,8d0a58c411eebaa9b8e996639cb5a7faab310c2ad2185d570de2be28cfb8ee2e,-95,,0,0,,0
09:00:10,,0,8d0a58c411eebaa9b8e996639cb5a7faab310c2ad2185d570de2be28cfb8ee2e,-93,,0,0,,0
09:00:14,,0,8d0a58c411eebaa9b8e996639cb5a7faab310c2ad2185d570de2be28cfb8ee2e,-91,,0,0,,0
09:00:15,,0,8d0a58c411eebaa9b8e996639cb5a7faab310c2ad2185d570de2be28cfb8ee2e,-99,,0,0,,0
09:00:15,,0,8d0a58c411eebaa9b8e996639cb5a7faab310c2ad2185d570de2be28cfb8ee2e,-95,,0,0,,0
09:00:17,,0,8d0a58c411eebaa9b8e996639cb5a7faab310c2ad2185d570de2be28cfb8ee2e,-92,,0,0,,0
09:00:18,,0,8d0a58c411eebaa9b8e996639cb5a7faab310c2ad2185d570de2be28cfb8ee2e,-93,,0,0,,0
09:00:19,,0,8d0a58c411eebaa9b8e996639cb5a7faab310c2ad2185d570de2be28cfb8ee2e,-97,,0,0,,0
09:00:20,,0,8d0a58c411eebaa9b8e996639cb5a7faab310c2ad2185d570de2be28cfb8ee2e,-93,,0,0,,0
09:00:21,,0,8d0a58c411eebaa9b8e996639cb5a7faab310c2ad2185d570de2be28cfb8ee2e,-96,,0,0,,0
09:00:22,,0,8d0a58c411eebaa9b8e996639cb5a7faab310c2ad2185d570de2be28cfb8ee2e,-93,,0,0,,0
09:00:22,,0,8d0a58c411eebaa9b8e996639cb5a7faab310c2ad2185d570de2be28cfb8ee2e,-95,,0,0,,0
09:00:23,,0,8d0a58c411eebaa9b8e996639cb5a7faab310c2ad2185d570de2be28cfb8ee2e,-95,,0,0,,0
09:00:24,,0,8d0a58c411eebaa9b8e996639cb5a7faab310c2ad2185d570de2be28cfb8ee2e,-92,,0,0,,0
09:00:25,,0,8d0a58c411eebaa9b8e996639cb5a7faab310c2ad2185d570de2be28cfb8ee2e,-95,,0,0,,0
09:00:26,,0,8d0a58c411eebaa9b8e996639cb5a7faab310c2ad2185d570de2be28cfb8ee2e,-93,,0,0,,0
09:00:26,,0,8d0a58c411eebaa9b8e996639cb5a7faab310c2ad2185d570de2be28cfb8ee2e,-93,,0,0,,0
09:00:27,,0,8d0a58c411eebaa9b8e996639cb5a7faab310c2ad2185d570de2be28cfb8ee2e,-95,,0,0,,0
09:00:28,,0,8d0a58c411eebaa9b8e996639cb5a7faab310c2ad2185d570de2be28cfb8ee2e,-91,,0,0,,0
09:00:29,,0,8d0a58c411eebaa9b8e996639cb5a7faab310c2ad2185d570de2be28cfb8ee2e,-92,,0,0,,0
09:00:45,,0,d52dde8fd112fcb4070d2023d281426a12852e5e3f0a4be4338ee946000eff42,-36,,0,0,,0
09:00:47,,0,d52dde8fd112fcb4070d2023d281426a12852e5e3f0a4be4338ee946000eff42,-37,,0,0,,0
09:00:53,,0,d52dde8fd112fcb4070d2023d281426a12852e5e3f0a4be4338ee946000eff42,-37,,0,0,,0
09:00:55,,0,d52dde8fd112fcb4070d2023d281426a12852e5e3f0a4be4338ee946000eff42,-40,,0,0,,0
09:00:57,,0,d52dde8fd112fcb4070d2023d281426a12852e5e3f0a4be4338ee946000eff42,-36,,0,0,,0
09:00:59,,0,d52dde8fd112fcb4070d2023d281426a12852e5e3f0a4be4338ee946000eff42,-37,,0,0,,0
09:01:00,,0,8d0a58c411eebaa9b8e996639cb5a7faab310c2ad2185d570de2be28cfb8ee2e,-93,,0,0,,0
09:01:01,,0,d52dde8fd112fcb4070d2023d281426a12852e5e3f0a4be4338ee946000eff42,-40,,0,0,,0
09:01:03,,0,8d0a58c411eebaa9b8e996639cb5a7faab310c2ad2185d570de2be28cfb8ee2e,-95,,0,0,,0
09:01:03,,0,8d0a58c411eebaa9b8e996639cb5a7faab310c2ad2185d570de2be28cfb8ee2e,-92,,0,0,,0
09:01:04,,0,8d0a58c411eebaa9b8e996639cb5a7faab310c2ad2185d570de2be28cfb8ee2e,-93,,0,0,,0
09:01:05,,0,d52dde8fd112fcb4070d2023d281426a12852e5e3f0a4be4338ee946000eff42,-36,,0,0,,0
09:01:06,,0,8d0a58c411eebaa9b8e996639cb5a7faab310c2ad2185d570de2be28cfb8ee2e,-92,,0,0,,0
09:01:07,,0,8d0a58c411eebaa9b8e996639cb5a7faab310c2ad2185d570de2be28cfb8ee2e,-92,,0,0,,0
09:01:07,,0,d52dde8fd112fcb4070d2023d281426a12852e5e3f0a4be4338ee946000eff42,-37,,0,0,,0
09:01:08,,0,d52dde8fd112fcb4070d2023d281426a12852e5e3f0a4be4338ee946000eff42,-40,,0,0,,0
09:01:09,,0,8d0a58c411eebaa9b8e996639cb5a7faab310c2ad2185d570de2be28cfb8ee2e,-96,,0,0,,0
09:01:10,,0,d52dde8fd112fcb4070d2023d281426a12852e5e3f0a4be4338ee946000eff42,-37,,0,0,,0
09:01:10,,0,8d0a58c411eebaa9b8e996639cb5a7faab310c2ad2185d570de2be28cfb8ee2e,-97,,0,0,,0
09:01:11,,0,d52dde8fd112fcb4070d2023d281426a12852e5e3f0a4be4338ee946000eff42,-37,,0,0,,0
09:01:16,,0,8d0a58c411eebaa9b8e996639cb5a7faab310c2ad2185d570de2be28cfb8ee2e,-96,,0,0,,0
09:01:18,,0,8d0a58c411eebaa9b8e996639cb5a7faab310c2ad2185d570de2be28cfb8ee2e,-96,,0,0,,0
09:01:25,,0,8d0a58c411eebaa9b8e996639cb5a7faab310c2ad2185d570de2be28cfb8ee2e,-95,,0,0,,0
09:01:33,,0,d52dde8fd112fcb4070d2023d281426a12852e5e3f0a4be4338ee946000eff42,-37,,0,0,,0
09:01:35,,0,d52dde8fd112fcb4070d2023d281426a12852e5e3f0a4be4338ee946000eff42,-40,,0,0,,0
09:01:36,,0,8d0a58c411eebaa9b8e996639cb5a7faab310c2ad2185d570de2be28cfb8ee2e,-101,,0,0,,0
09:01:37,,0,d52dde8fd112fcb4070d2023d281426a12852e5e3f0a4be4338ee946000eff42,-36,,0,0,,0
09:01:39,,0,d52dde8fd112fcb4070d2023d281426a12852e5e3f0a4be4338ee946000eff42,-37,,0,0,,0
09:01:41,,0,d52dde8fd112fcb4070d2023d281426a12852e5e3f0a4be4338ee946000eff42,-40,,0,0,,0
09:01:42,,0,8d0a58c411eebaa9b8e996639cb5a7faab310c2ad2185d570de2be28cfb8ee2e,-95,,0,0,,0
09:01:43,,0,8d0a58c411eebaa9b8e996639cb5a7faab310c2ad2185d570de2be28cfb8ee2e,-93,,0,0,,0
09:01:44,,0,d52dde8fd112fcb4070d2023d281426a12852e5e3f0a4be4338ee946000eff42,-36,,0,0,,0
09:01:45,,0,8d0a58c411eebaa9b8e996639cb5a7faab310c2ad2185d570de2be28cfb8ee2e,-98,,0,0,,0
09:01:46,,0,d52dde8fd112fcb4070d2023d281426a12852e5e3f0a4be4338ee946000eff42,-36,,0,0,,0
09:01:49,,0,d52dde8fd112fcb4070d2023d281426a12852e5e3f0a4be4338ee946000eff42,-37,,0,0,,0
09:01:51,26.0,0,16603dcc3783c264bb8dd81d6391cf8a15ea58048cd81c492f9c323c1b2b6d69,-39,,0,0,12.0,0
09:01:51,26.0,0,16603dcc3783c264bb8dd81d6391cf8a15ea58048cd81c492f9c323c1b2b6d69,-40,,0,0,12.0,0
09:01:52,26.0,0,16603dcc3783c264bb8dd81d6391cf8a15ea58048cd81c492f9c323c1b2b6d69,-47,,0,0,12.0,0
09:01:53,26.0,0,16603dcc3783c264bb8dd81d6391cf8a15ea58048cd81c492f9c323c1b2b6d69,-47,,0,0,12.0,0
09:01:54,26.0,0,16603dcc3783c264bb8dd81d6391cf8a15ea58048cd81c492f9c323c1b2b6d69,-40,,0,0,12.0,0
09:01:55,26.0,0,16603dcc3783c264bb8dd81d6391cf8a15ea58048cd81c492f9c323c1b2b6d69,-40,,0,0,12.0,0
09:01:55,26.0,0,16603dcc3783c264bb8dd81d6391cf8a15ea58048cd81c492f9c323c1b2b6d69,-47,,0,0,12.0,0
09:01:56,26.0,0,16603dcc3783c264bb8dd81d6391cf8a15ea58048cd81c492f9c323c1b2b6d69,-40,,0,0,12.0,0
09:01:57,,0,d52dde8fd112fcb4070d2023d281426a12852e5e3f0a4be4338ee946000eff42,-38,,0,0,,0
09:01:58,26.0,0,16603dcc3783c264bb8dd81d6391cf8a15ea58048cd81c492f9c323c1b2b6d69,-56,,0,0,12.0,0
09:01:58,26.0,0,16603dcc3783c264bb8dd81d6391cf8a15ea58048cd81c492f9c323c1b2b6d69,-55,,0,0,12.0,0
09:01:59,26.0,0,16603dcc3783c264bb8dd81d6391cf8a15ea58048cd81c492f9c323c1b2b6d69,-61,,0,0,12.0,0
09:02:00,,0,8d0a58c411eebaa9b8e996639cb5a7faab310c2ad2185d570de2be28cfb8ee2e,-94,,0,0,,0
09:02:01,26.0,0,16603dcc3783c264bb8dd81d6391cf8a15ea58048cd81c492f9c323c1b2b6d69,-67,,0,0,12.0,0
09:02:02,,0,8d0a58c411eebaa9b8e996639cb5a7faab310c2ad2185d570de2be28cfb8ee2e,-95,,0,0,,0
09:02:02,,0,d52dde8fd112fcb4070d2023d281426a12852e5e3f0a4be4338ee946000eff42,-72,,0,0,,0
09:02:03,26.0,0,16603dcc3783c264bb8dd81d6391cf8a15ea58048cd81c492f9c323c1b2b6d69,-77,,0,0,12.0,0
09:02:04,,0,8d0a58c411eebaa9b8e996639cb5a7faab310c2ad2185d570de2be28cfb8ee2e,-93,,0,0,,0
09:02:05,26.0,0,16603dcc3783c264bb8dd81d6391cf8a15ea58048cd81c492f9c323c1b2b6d69,-71,,0,0,12.0,0
09:02:05,26.0,0,16603dcc3783c264bb8dd81d6391cf8a15ea58048cd81c492f9c323c1b2b6d69,-72,,0,0,12.0,0
09:02:06,26.0,0,16603dcc3783c264bb8dd81d6391cf8a15ea58048cd81c492f9c323c1b2b6d69,-74,,0,0,12.0,0
09:02:07,26.0,0,16603dcc3783c264bb8dd81d6391cf8a15ea58048cd81c492f9c323c1b2b6d69,-80,,0,0,12.0,0
09:02:08,26.0,0,16603dcc3783c264bb8dd81d6391cf8a15ea58048cd81c492f9c323c1b2b6d69,-72,,0,0,12.0,0
09:02:09,,0,d52dde8fd112fcb4070d2023d281426a12852e5e3f0a4be4338ee946000eff42,-71,,0,0,,0
09:02:09,26.0,0,16603dcc3783c264bb8dd81d6391cf8a15ea58048cd81c492f9c323c1b2b6d69,-72,,0,0,12.0,0
09:02:10,26.0,0,16603dcc3783c264bb8dd81d6391cf8a15ea58048cd81c492f9c323c1b2b6d69,-69,,0,0,12.0,0
09:02:11,26.0,0,16603dcc3783c264bb8dd81d6391cf8a15ea58048cd81c492f9c323c1b2b6d69,-70,,0,0,12.0,0
09:02:12,26.0,0,16603dcc3783c264bb8dd81d6391cf8a15ea58048cd81c492f9c323c1b2b6d69,-68,,0,0,12.0,0
09:02:12,,0,8d0a58c411eebaa9b8e996639cb5a7faab310c2ad2185d570de2be28cfb8ee2e,-96,,0,0,,0
09:02:13,26.0,0,16603dcc3783c264bb8dd81d6391cf8a15ea58048cd81c492f9c323c1b2b6d69,-74,,0,0,12.0,0
09:02:14,26.0,0,16603dcc3783c264bb8dd81d6391cf8a15ea58048cd81c492f9c323c1b2b6d69,-63,,0,0,12.0,0
09:02:15,26.0,0,16603dcc3783c264bb8dd81d6391cf8a15ea58048cd81c492f9c323c1b2b6d69,-69,,0,0,12.0,0
09:02:16,26.0,0,16603dcc3783c264bb8dd81d6391cf8a15ea58048cd81c492f9c323c1b2b6d69,-61,,0,0,12.0,0
09:02:16,,0,8d0a58c411eebaa9b8e996639cb5a7faab310c2ad2185d570de2be28cfb8ee2e,-95,,0,0,,0
09:02:17,26.0,0,16603dcc3783c264bb8dd81d6391cf8a15ea58048cd81c492f9c323c1b2b6d69,-63,,0,0,12.0,0
09:02:18,26.0,0,16603dcc3783c264bb8dd81d6391cf8a15ea58048cd81c492f9c323c1b2b6d69,-63,,0,0,12.0,0
09:02:19,,0,8d0a58c411eebaa9b8e996639cb5a7faab310c2ad2185d570de2be28cfb8ee2e,-100,,0,0,,0
09:02:19,26.0,0,16603dcc3783c264bb8dd81d6391cf8a15ea58048cd81c492f9c323c1b2b6d69,-67,,0,0,12.0,0
09:02:20,26.0,0,16603dcc3783c264bb8dd81d6391cf8a15ea58048cd81c492f9c323c1b2b6d69,-70,,0,0,12.0,0
09:02:21,26.0,0,16603dcc3783c264bb8dd81d6391cf8a15ea58048cd81c492f9c323c1b2b6d69,-82,,0,0,12.0,0
09:02:22,26.0,0,16603dcc3783c264bb8dd81d6391cf8a15ea58048cd81c492f9c323c1b2b6d69,-69,,0,0,12.0,0
09:02:23,,0,8d0a58c411eebaa9b8e996639cb5a7faab310c2ad2185d570de2be28cfb8ee2e,-95,,0,0,,0
09:02:23,,0,8d0a58c411eebaa9b8e996639cb5a7faab310c2ad2185d570de2be28cfb8ee2e,-95,,0,0,,0
09:02:24,26.0,0,16603dcc3783c264bb8dd81d6391cf8a15ea58048cd81c492f9c323c1b2b6d69,-70,,0,0,12.0,0
09:02:25,,0,d52dde8fd112fcb4070d2023d281426a12852e5e3f0a4be4338ee946000eff42,-75,,0,0,,0
09:02:26,26.0,0,16603dcc3783c264bb8dd81d6391cf8a15ea58048cd81c492f9c323c1b2b6d69,-69,,0,0,12.0,0
09:02:26,,0,8d0a58c411eebaa9b8e996639cb5a7faab310c2ad2185d570de2be28cfb8ee2e,-95,,0,0,,0
09:02:27,26.0,0,16603dcc3783c264bb8dd81d6391cf8a15ea58048cd81c492f9c323c1b2b6d69,-70,,0,0,12.0,0
09:02:28,26.0,0,16603dcc3783c264bb8dd81d6391cf8a15ea58048cd81c492f9c323c1b2b6d69,-65,,0,0,12.0,0
09:02:29,26.0,0,16603dcc3783c264bb8dd81d6391cf8a15ea58048cd81c492f9c323c1b2b6d69,-71,,0,0,12.0,0
09:02:30,26.0,0,16603dcc3783c264bb8dd81d6391cf8a15ea58048cd81c492f9c323c1b2b6d69,-64,,0,0,12.0,0
09:02:30,26.0,0,16603dcc3783c264bb8dd81d6391cf8a15ea58048cd81c492f9c323c1b2b6d69,-68,,0,0,12.0,0
09:02:31,26.0,0,16603dcc3783c264bb8dd81d6391cf8a15ea58048cd81c492f9c323c1b2b6d69,-70,,0,0,12.0,0
09:02:32,26.0,0,16603dcc3783c264bb8dd81d6391cf8a15ea58048cd81c492f9c323c1b2b6d69,-70,,0,0,12.0,0
09:02:33,26.0,0,16603dcc3783c264bb8dd81d6391cf8a15ea58048cd81c492f9c323c1b2b6d69,-68,,0,0,12.0,0
09:02:33,26.0,0,16603dcc3783c264bb8dd81d6391cf8a15ea58048cd81c492f9c323c1b2b6d69,-73,,0,0,12.0,0
09:02:34,26.0,0,16603dcc3783c264bb8dd81d6391cf8a15ea58048cd81c492f9c323c1b2b6d69,-73,,0,0,12.0,0
09:02:35,26.0,0,16603dcc3783c264bb8dd81d6391cf8a15ea58048cd81c492f9c323c1b2b6d69,-72,,0,0,12.0,0
09:02:36,26.0,0,16603dcc3783c264bb8dd81d6391cf8a15ea58048cd81c492f9c323c1b2b6d69,-74,,0,0,12.0,0
09:02:37,,0,8d0a58c411eebaa9b8e996639cb5a7faab310c2ad2185d570de2be28cfb8ee2e,-92,,0,0,,0
09:02:37,26.0,0,16603dcc3783c264bb8dd81d6391cf8a15ea58048cd81c492f9c323c1b2b6d69,-71,,0,0,12.0,0
09:02:38,26.0,0,16603dcc3783c264bb8dd81d6391cf8a15ea58048cd81c492f9c323c1b2b6d69,-65,,0,0,12.0,0
09:02:39,26.0,0,16603dcc3783c264bb8dd81d6391cf8a15ea58048cd81c492f9c323c1b2b6d69,-71,,0,0,12.0,0
09:02:40,26.0,0,16603dcc3783c264bb8dd81d6391cf8a15ea58048cd81c492f9c323c1b2b6d69,-64,,0,0,12.0,0
09:02:40,26.0,0,16603dcc3783c264bb8dd81d6391cf8a15ea58048cd81c492f9c323c1b2b6d69,-71,,0,0,12.0,0
09:02:41,,0,8d0a58c411eebaa9b8e996639cb5a7faab310c2ad2185d570de2be28cfb8ee2e,-96,,0,0,,0
09:02:42,26.0,0,16603dcc3783c264bb8dd81d6391cf8a15ea58048cd81c492f9c323c1b2b6d69,-71,,0,0,12.0,0
09:02:43,26.0,0,16603dcc3783c264bb8dd81d6391cf8a15ea58048cd81c492f9c323c1b2b6d69,-72,,0,0,12.0,0
09:02:44,26.0,0,16603dcc3783c264bb8dd81d6391cf8a15ea58048cd81c492f9c323c1b2b6d69,-71,,0,0,12.0,0
09:02:44,26.0,0,16603dcc3783c264bb8dd81d6391cf8a15ea58048cd81c492f9c323c1b2b6d69,-63,,0,0,12.0,0
09:02:45,26.0,0,16603dcc3783c264bb8dd81d6391cf8a15ea58048cd81c492f9c323c1b2b6d69,-69,,0,0,12.0,0
09:02:46,26.0,0,16603dcc3783c264bb8dd81d6391cf8a15ea58048cd81c492f9c323c1b2b6d69,-75,,0,0,12.0,0
09:02:47,26.0,0,16603dcc3783c264bb8dd81d6391cf8a15ea58048cd81c492f9c323c1b2b6d69,-71,,0,0,12.0,0
09:02:47,26.0,0,16603dcc3783c264bb8dd81d6391cf8a15ea58048cd81c492f9c323c1b2b6d69,-68,,0,0,12.0,0
09:02:48,26.0,0,16603dcc3783c264bb8dd81d6391cf8a15ea58048cd81c492f9c323c1b2b6d69,-71,,0,0,12.0,0
09:02:49,26.0,0,16603dcc3783c264bb8dd81d6391cf8a15ea58048cd81c492f9c323c1b2b6d69,-71,,0,0,12.0,0
09:02:50,,0,8d0a58c411eebaa9b8e996639cb5a7faab310c2ad2185d570de2be28cfb8ee2e,-92,,0,0,,0
09:02:51,26.0,0,16603dcc3783c264bb8dd81d6391cf8a15ea58048cd81c492f9c323c1b2b6d69,-68,,0,0,12.0,0
09:02:51,26.0,0,16603dcc3783c264bb8dd81d6391cf8a15ea58048cd81c492f9c323c1b2b6d69,-64,,0,0,12.0,0
09:02:52,,0,8d0a58c411eebaa9b8e996639cb5a7faab310c2ad2185d570de2be28cfb8ee2e,-95,,0,0,,0
09:02:53,26.0,0,16603dcc3783c264bb8dd81d6391cf8a15ea58048cd81c492f9c323c1b2b6d69,-68,,0,0,12.0,0
09:02:54,26.0,0,16603dcc3783c264bb8dd81d6391cf8a15ea58048cd81c492f9c323c1b2b6d69,-71,,0,0,12.0,0
09:02:54,26.0,0,16603dcc3783c264bb8dd81d6391cf8a15ea58048cd81c492f9c323c1b2b6d69,-65,,0,0,12.0,0
09:02:55,26.0,0,16603dcc3783c264bb8dd81d6391cf8a15ea58048cd81c492f9c323c1b2b6d69,-70,,0,0,12.0,0
09:02:56,26.0,0,16603dcc3783c264bb8dd81d6391cf8a15ea58048cd81c492f9c323c1b2b6d69,-67,,0,0,12.0,0
09:02:57,26.0,0,16603dcc3783c264bb8dd81d6391cf8a15ea58048cd81c492f9c323c1b2b6d69,-71,,0,0,12.0,0
09:02:58,26.0,0,16603dcc3783c264bb8dd81d6391cf8a15ea58048cd81c492f9c323c1b2b6d69,-70,,0,0,12.0,0
09:02:58,26.0,0,16603dcc3783c264bb8dd81d6391cf8a15ea58048cd81c492f9c323c1b2b6d69,-70,,0,0,12.0,0
09:02:59,26.0,0,16603dcc3783c264bb8dd81d6391cf8a15ea58048cd81c492f9c323c1b2b6d69,-71,,0,0,12.0,0
09:03:00,26.0,0,16603dcc3783c264bb8dd81d6391cf8a15ea58048cd81c492f9c323c1b2b6d69,-65,,0,0,12.0,0
09:03:01,26.0,0,16603dcc3783c264bb8dd81d6391cf8a15ea58048cd81c492f9c323c1b2b6d69,-71,,0,0,12.0,0
09:03:01,26.0,0,16603dcc3783c264bb8dd81d6391cf8a15ea58048cd81c492f9c323c1b2b6d69,-66,,0,0,12.0,0
09:03:02,26.0,0,16603dcc3783c264bb8dd81d6391cf8a15ea58048cd81c492f9c323c1b2b6d69,-72,,0,0,12.0,0
09:03:03,26.0,0,16603dcc3783c264bb8dd81d6391cf8a15ea58048cd81c492f9c323c1b2b6d69,-74,,0,0,12.0,0
09:03:04,26.0,0,16603dcc3783c264bb8dd81d6391cf8a15ea58048cd81c492f9c323c1b2b6d69,-65,,0,0,12.0,0
09:03:05,,0,d52dde8fd112fcb4070d2023d281426a12852e5e3f0a4be4338ee946000eff42,-64,,0,0,,0
09:03:05,26.0,0,16603dcc3783c264bb8dd81d6391cf8a15ea58048cd81c492f9c323c1b2b6d69,-65,,0,0,12.0,0
09:03:06,26.0,0,16603dcc3783c264bb8dd81d6391cf8a15ea58048cd81c492f9c323c1b2b6d69,-68,,0,0,12.0,0
09:03:07,,0,d52dde8fd112fcb4070d2023d281426a12852e5e3f0a4be4338ee946000eff42,-71,,0,0,,0
09:03:08,26.0,0,16603dcc3783c264bb8dd81d6391cf8a15ea58048cd81c492f9c323c1b2b6d69,-71,,0,0,12.0,0
09:03:09,26.0,0,16603dcc3783c264bb8dd81d6391cf8a15ea58048cd81c492f9c323c1b2b6d69,-63,,0,0,12.0,0
09:03:09,26.0,0,16603dcc3783c264bb8dd81d6391cf8a15ea58048cd81c492f9c323c1b2b6d69,-72,,0,0,12.0,0
09:03:10,26.0,0,16603dcc3783c264bb8dd81d6391cf8a15ea58048cd81c492f9c323c1b2b6d69,-63,,0,0,12.0,0
09:03:11,,0,d52dde8fd112fcb4070d2023d281426a12852e5e3f0a4be4338ee946000eff42,-64,,0,0,,0
09:03:12,,0,8d0a58c411eebaa9b8e996639cb5a7faab310c2ad2185d570de2be28cfb8ee2e,-97,,0,0,,0
09:03:12,,0,8d0a58c411eebaa9b8e996639cb5a7faab310c2ad2185d570de2be28cfb8ee2e,-95,,0,0,,0
09:03:13,26.0,0,16603dcc3783c264bb8dd81d6391cf8a15ea58048cd81c492f9c323c1b2b6d69,-68,,0,0,12.0,0
09:03:14,26.0,0,16603dcc3783c264bb8dd81d6391cf8a15ea58048cd81c492f9c323c1b2b6d69,-74,,0,0,12.0,0
09:03:15,26.0,0,16603dcc3783c264bb8dd81d6391cf8a15ea58048cd81c492f9c323c1b2b6d69,-68,,0,0,12.0,0
09:03:15,,0,c53c660722f0ea925e9f9d84f1a2173883a52048ba2d6e7c9b1dea7006c6165a,-94,,0,0,,0
09:03:16,26.0,0,16603dcc3783c264bb8dd81d6391cf8a15ea58048cd81c492f9c323c1b2b6d69,-72,,0,0,12.0,0
09:03:17,26.0,0,16603dcc3783c264bb8dd81d6391cf8a15ea58048cd81c492f9c323c1b2b6d69,-72,,0,0,12.0,0
09:03:18,26.0,0,16603dcc3783c264bb8dd81d6391cf8a15ea58048cd81c492f9c323c1b2b6d69,-74,,0,0,12.0,0
09:03:19,26.0,0,16603dcc3783c264bb8dd81d6391cf8a15ea58048cd81c492f9c323c1b2b6d69,-74,,0,0,12.0,0
09:03:19,26.0,0,16603dcc3783c264bb8dd81d6391cf8a15ea58048cd81c492f9c323c1b2b6d69,-75,,0,0,12.0,0
09:03:20,26.0,0,16603dcc3783c264bb8dd81d6391cf8a15ea58048cd81c492f9c323c1b2b6d69,-63,,0,0,12.0,0
09:03:21,,0,d52dde8fd112fcb4070d2023d281426a12852e5e3f0a4be4338ee946000eff42,-63,,0,0,,0
09:03:22,,0,c53c660722f0ea925e9f9d84f1a2173883a52048ba2d6e7c9b1dea7006c6165a,-99,,0,0,,0
09:03:23,,0,c53c660722f0ea925e9f9d84f1a2173883a52048ba2d6e7c9b1dea7006c6165a,-94,,0,0,,0
09:03:23,26.0,0,16603dcc3783c264bb8dd81d6391cf8a15ea58048cd81c492f9c323c1b2b6d69,-70,,0,0,12.0,0
09:03:24,,0,c53c660722f0ea925e9f9d84f1a2173883a52048ba2d6e7c9b1dea7006c6165a,-95,,0,0,,0
09:03:25,26.0,0,16603dcc3783c264bb8dd81d6391cf8a15ea58048cd81c492f9c323c1b2b6d69,-63,,0,0,12.0,0
09:03:26,26.0,0,16603dcc3783c264bb8dd81d6391cf8a15ea58048cd81c492f9c323c1b2b6d69,-64,,0,0,12.0,0
09:03:26,,0,c53c660722f0ea925e9f9d84f1a2173883a52048ba2d6e7c9b1dea7006c6165a,-97,,0,0,,0
09:03:27,26.0,0,16603dcc3783c264bb8dd81d6391cf8a15ea58048cd81c492f9c323c1b2b6d69,-61,,0,0,12.0,0
09:03:28,,0,c53c660722f0ea925e9f9d84f1a2173883a52048ba2d6e7c9b1dea7006c6165a,-94,,0,0,,0
09:03:29,,0,c53c660722f0ea925e9f9d84f1a2173883a52048ba2d6e7c9b1dea7006c6165a,-95,,0,0,,0
09:03:29,26.0,0,16603dcc3783c264bb8dd81d6391cf8a15ea58048cd81c492f9c323c1b2b6d69,-76,,0,0,12.0,0
09:03:30,26.0,0,16603dcc3783c264bb8dd81d6391cf8a15ea58048cd81c492f9c323c1b2b6d69,-71,,0,0,12.0,0
09:03:31,26.0,0,16603dcc3783c264bb8dd81d6391cf8a15ea58048cd81c492f9c323c1b2b6d69,-72,,0,0,12.0,0
09:03:32,26.0,0,16603dcc3783c264bb8dd81d6391cf8a15ea58048cd81c492f9c323c1b2b6d69,-78,,0,0,12.0,0
09:03:33,,0,d52dde8fd112fcb4070d2023d281426a12852e5e3f0a4be4338ee946000eff42,-72,,0,0,,0
09:03:33,26.0,0,16603dcc3783c264bb8dd81d6391cf8a15ea58048cd81c492f9c323c1b2b6d69,-72,,0,0,12.0,0
09:03:34,,0,d52dde8fd112fcb4070d2023d281426a12852e5e3f0a4be4338ee946000eff42,-76,,0,0,,0
09:03:35,,0,d52dde8fd112fcb4070d2023d281426a12852e5e3f0a4be4338ee946000eff42,-76,,0,0,,0
09:03:36,,0,c53c660722f0ea925e9f9d84f1a2173883a52048ba2d6e7c9b1dea7006c6165a,-95,,0,0,,0
09:03:37,,0,d52dde8fd112fcb4070d2023d281426a12852e5e3f0a4be4338ee946000eff42,-72,,0,0,,0
09:03:37,,0,d52dde8fd112fcb4070d2023d281426a12852e5e3f0a4be4338ee946000eff42,-81,,0,0,,0
09:03:38,,0,d52dde8fd112fcb4070d2023d281426a12852e5e3f0a4be4338ee946000eff42,-81,,0,0,,0
09:03:39,,0,c53c660722f0ea925e9f9d84f1a2173883a52048ba2d6e7c9b1dea7006c6165a,-93,,0,0,,0
09:03:40,,0,d52dde8fd112fcb4070d2023d281426a12852e5e3f0a4be4338ee946000eff42,-77,,0,0,,0
09:03:40,,0,c53c660722f0ea925e9f9d84f1a2173883a52048ba2d6e7c9b1dea7006c6165a,-93,,0,0,,0
09:03:41,26.0,0,16603dcc3783c264bb8dd81d6391cf8a15ea58048cd81c492f9c323c1b2b6d69,-71,,0,0,12.0,0
09:03:42,26.0,0,16603dcc3783c264bb8dd81d6391cf8a15ea58048cd81c492f9c323c1b2b6d69,-88,,0,0,12.0,0
09:03:43,,0,c53c660722f0ea925e9f9d84f1a2173883a52048ba2d6e7c9b1dea7006c6165a,-95,,0,0,,0
09:03:44,26.0,0,16603dcc3783c264bb8dd81d6391cf8a15ea58048cd81c492f9c323c1b2b6d69,-75,,0,0,12.0,0
09:03:44,,0,c53c660722f0ea925e9f9d84f1a2173883a52048ba2d6e7c9b1dea7006c6165a,-92,,0,0,,0
09:03:45,26.0,0,16603dcc3783c264bb8dd81d6391cf8a15ea58048cd81c492f9c323c1b2b6d69,-68,,0,0,12.0,0
09:03:46,,0,c53c660722f0ea925e9f9d84f1a2173883a52048ba2d6e7c9b1dea7006c6165a,-93,,0,0,,0
09:03:47,26.0,0,16603dcc3783c264bb8dd81d6391cf8a15ea58048cd81c492f9c323c1b2b6d69,-86,,0,0,12.0,0
09:03:47,26.0,0,16603dcc3783c264bb8dd81d6391cf8a15ea58048cd81c492f9c323c1b2b6d69,-74,,0,0,12.0,0
09:03:48,,0,c53c660722f0ea925e9f9d84f1a2173883a52048ba2d6e7c9b1dea7006c6165a,-94,,0,0,,0
09:03:49,26.0,0,16603dcc3783c264bb8dd81d6391cf8a15ea58048cd81c492f9c323c1b2b6d69,-74,,0,0,12.0,0
09:03:50,26.0,0,16603dcc3783c264bb8dd81d6391cf8a15ea58048cd81c492f9c323c1b2b6d69,-79,,0,0,12.0,0
09:03:51,26.0,0,16603dcc3783c264bb8dd81d6391cf8a15ea58048cd81c492f9c323c1b2b6d69,-72,,0,0,12.0,0
09:03:51,,0,c53c660722f0ea925e9f9d84f1a2173883a52048ba2d6e7c9b1dea7006c6165a,-95,,0,0,,0
09:03:52,26.0,0,16603dcc3783c264bb8dd81d6391cf8a15ea58048cd81c492f9c323c1b2b6d69,-77,,0,0,12.0,0
09:03:53,26.0,0,16603dcc3783c264bb8dd81d6391cf8a15ea58048cd81c492f9c323c1b2b6d69,-72,,0,0,12.0,0
09:03:54,26.0,0,16603dcc3783c264bb8dd81d6391cf8a15ea58048cd81c492f9c323c1b2b6d69,-79,,0,0,12.0,0
09:03:54,26.0,0,16603dcc3783c264bb8dd81d6391cf8a15ea58048cd81c492f9c323c1b2b6d69,-74,,0,0,12.0,0
09:03:55,26.0,0,16603dcc3783c264bb8dd81d6391cf8a15ea58048cd81c492f9c323c1b2b6d69,-71,,0,0,12.0,0
09:03:56,26.0,0,16603dcc3783c264bb8dd81d6391cf8a15ea58048cd81c492f9c323c1b2b6d69,-83,,0,0,12.0,0
09:03:57,26.0,0,16603dcc3783c264bb8dd81d6391cf8a15ea58048cd81c492f9c323c1b2b6d69,-80,,0,0,12.0,0
09:03:58,26.0,0,16603dcc3783c264bb8dd81d6391cf8a15ea58048cd81c492f9c323c1b2b6d69,-68,,0,0,12.0,0
09:03:58,,0,d52dde8fd112fcb4070d2023d281426a12852e5e3f0a4be4338ee946000eff42,-76,,0,0,,0
09:03:59,26.0,0,16603dcc3783c264bb8dd81d6391cf8a15ea58048cd81c492f9c323c1b2b6d69,-75,,0,0,12.0,0
09:04:00,,0,d52dde8fd112fcb4070d2023d281426a12852e5e3f0a4be4338ee946000eff42,-75,,0,0,,0
09:04:01,26.0,0,16603dcc3783c264bb8dd81d6391cf8a15ea58048cd81c492f9c323c1b2b6d69,-73,,0,0,12.0,0
09:04:02,26.0,0,16603dcc3783c264bb8dd81d6391cf8a15ea58048cd81c492f9c323c1b2b6d69,-81,,0,0,12.0,0
09:04:02,26.0,0,16603dcc3783c264bb8dd81d6391cf8a15ea58048cd81c492f9c323c1b2b6d69,-77,,0,0,12.0,0
09:04:03,,0,d52dde8fd112fcb4070d2023d281426a12852e5e3f0a4be4338ee946000eff42,-88,,0,0,,0
09:04:04,26.0,0,16603dcc3783c264bb8dd81d6391cf8a15ea58048cd81c492f9c323c1b2b6d69,-80,,0,0,12.0,0
09:04:05,,0,d52dde8fd112fcb4070d2023d281426a12852e5e3f0a4be4338ee946000eff42,-73,,0,0,,0
09:04:05,26.0,0,16603dcc3783c264bb8dd81d6391cf8a15ea58048cd81c492f9c323c1b2b6d69,-79,,0,0,12.0,0
09:04:06,26.0,0,16603dcc3783c264bb8dd81d6391cf8a15ea58048cd81c492f9c323c1b2b6d69,-84,,0,0,12.0,0
09:04:07,,0,c53c660722f0ea925e9f9d84f1a2173883a52048ba2d6e7c9b1dea7006c6165a,-94,,0,0,,0
09:04:08,,0,c53c660722f0ea925e9f9d84f1a2173883a52048ba2d6e7c9b1dea7006c6165a,-98,,0,0,,0
09:04:09,,0,d52dde8fd112fcb4070d2023d281426a12852e5e3f0a4be4338ee946000eff42,-71,,0,0,,0
09:04:09,,0,d52dde8fd112fcb4070d2023d281426a12852e5e3f0a4be4338ee946000eff42,-80,,0,0,,0
09:04:10,,0,d52dde8fd112fcb4070d2023d281426a12852e5e3f0a4be4338ee946000eff42,-80,,0,0,,0
09:04:11,,0,c53c660722f0ea925e9f9d84f1a2173883a52048ba2d6e7c9b1dea7006c6165a,-94,,0,0,,0
09:04:12,,0,d52dde8fd112fcb4070d2023d281426a12852e5e3f0a4be4338ee946000eff42,-73,,0,0,,0
09:04:14,,0,d52dde8fd112fcb4070d2023d281426a12852e5e3f0a4be4338ee946000eff42,-84,,0,0,,0
09:04:16,,0,d52dde8fd112fcb4070d2023d281426a12852e5e3f0a4be4338ee946000eff42,-81,,0,0,,0
09:04:18,,0,c53c660722f0ea925e9f9d84f1a2173883a52048ba2d6e7c9b1dea7006c6165a,-92,,0,0,,0
09:04:18,,0,d52dde8fd112fcb4070d2023d281426a12852e5e3f0a4be4338ee946000eff42,-70,,0,0,,0
09:04:19,,0,c53c660722f0ea925e9f9d84f1a2173883a52048ba2d6e7c9b1dea7006c6165a,-95,,0,0,,0
09:04:20,,0,c53c660722f0ea925e9f9d84f1a2173883a52048ba2d6e7c9b1dea7006c6165a,-96,,0,0,,0
09:04:21,,0,d52dde8fd112fcb4070d2023d281426a12852e5e3f0a4be4338ee946000eff42,-75,,0,0,,0
09:04:22,,0,c53c660722f0ea925e9f9d84f1a2173883a52048ba2d6e7c9b1dea7006c6165a,-97,,0,0,,0
09:04:22,,0,d52dde8fd112fcb4070d2023d281426a12852e5e3f0a4be4338ee946000eff42,-79,,0,0,,0
09:04:24,,0,d52dde8fd112fcb4070d2023d281426a12852e5e3f0a4be4338ee946000eff42,-70,,0,0,,0
09:04:26,,0,d52dde8fd112fcb4070d2023d281426a12852e5e3f0a4be4338ee946000eff42,-81,,0,0,,0
09:04:28,,0,d52dde8fd112fcb4070d2023d281426a12852e5e3f0a4be4338ee946000eff42,-82,,0,0,,0
09:04:30,,0,d52dde8fd112fcb4070d2023d281426a12852e5e3f0a4be4338ee946000eff42,-70,,0,0,,0
09:04:32,,0,d52dde8fd112fcb4070d2023d281426a12852e5e3f0a4be4338ee946000eff42,-77,,0,0,,0
09:04:37,,0,c53c660722f0ea925e9f9d84f1a2173883a52048ba2d6e7c9b1dea7006c6165a,-93,,0,0,,0
09:04:37,,0,c53c660722f0ea925e9f9d84f1a2173883a52048ba2d6e7c9b1dea7006c6165a,-92,,0,0,,0
09:04:38,,0,c53c660722f0ea925e9f9d84f1a2173883a52048ba2d6e7c9b1dea7006c6165a,-94,,0,0,,0
09:04:39,,0,c53c660722f0ea925e9f9d84f1a2173883a52048ba2d6e7c9b1dea7006c6165a,-93,,0,0,,0
09:04:40,,0,c53c660722f0ea925e9f9d84f1a2173883a52048ba2d6e7c9b1dea7006c6165a,-94,,0,0,,0
09:04:40,,0,c53c660722f0ea925e9f9d84f1a2173883a52048ba2d6e7c9b1dea7006c6165a,-93,,0,0,,0
09:04:41,,0,c53c660722f0ea925e9f9d84f1a2173883a52048ba2d6e7c9b1dea7006c6165a,-94,,0,0,,0
09:04:42,,0,c53c660722f0ea925e9f9d84f1a2173883a52048ba2d6e7c9b1dea7006c6165a,-92,,0,0,,0
09:04:43,,0,c53c660722f0ea925e9f9d84f1a2173883a52048ba2d6e7c9b1dea7006c6165a,-95,,0,0,,0
09:04:44,,0,c53c660722f0ea925e9f9d84f1a2173883a52048ba2d6e7c9b1dea7006c6165a,-94,,0,0,,0
09:04:45,,0,c53c660722f0ea925e9f9d84f1a2173883a52048ba2d6e7c9b1dea7006c6165a,-95,,0,0,,0
09:04:46,,0,c53c660722f0ea925e9f9d84f1a2173883a52048ba2d6e7c9b1dea7006c6165a,-93,,0,0,,0
09:04:48,,0,c53c660722f0ea925e9f9d84f1a2173883a52048ba2d6e7c9b1dea7006c6165a,-94,,0,0,,0
09:04:49,,0,c53c660722f0ea925e9f9d84f1a2173883a52048ba2d6e7c9b1dea7006c6165a,-96,,0,0,,0
09:04:50,,0,c53c660722f0ea925e9f9d84f1a2173883a52048ba2d6e7c9b1dea7006c6165a,-93,,0,0,,0
09:04:53,,0,c53c660722f0ea925e9f9d84f1a2173883a52048ba2d6e7c9b1dea7006c6165a,-94,,0,0,,0
09:04:54,,0,c53c660722f0ea925e9f9d84f1a2173883a52048ba2d6e7c9b1dea7006c6165a,-95,,0,0,,0
09:04:54,,0,c53c660722f0ea925e9f9d84f1a2173883a52048ba2d6e7c9b1dea7006c6165a,-95,,0,0,,0
09:04:55,,0,c53c660722f0ea925e9f9d84f1a2173883a52048ba2d6e7c9b1dea7006c6165a,-92,,0,0,,0
09:04:56,,0,c53c660722f0ea925e9f9d84f1a2173883a52048ba2d6e7c9b1dea7006c6165a,-92,,0,0,,0
09:04:57,,0,c53c660722f0ea925e9f9d84f1a2173883a52048ba2d6e7c9b1dea7006c6165a,-95,,0,0,,0
09:04:58,,0,c53c660722f0ea925e9f9d84f1a2173883a52048ba2d6e7c9b1dea7006c6165a,-96,,0,0,,0
09:04:59,,0,c53c660722f0ea925e9f9d84f1a2173883a52048ba2d6e7c9b1dea7006c6165a,-97,,0,0,,0
09:04:59,,0,c53c660722f0ea925e9f9d84f1a2173883a52048ba2d6e7c9b1dea7006c6165a,-93,,0,0,,0
09:05:00,,0,c53c660722f0ea925e9f9d84f1a2173883a52048ba2d6e7c9b1dea7006c6165a,-96,,0,0,,0
09:05:01,,0,d52dde8fd112fcb4070d2023d281426a12852e5e3f0a4be4338ee946000eff42,-77,,0,0,,0
09:05:02,,0,c53c660722f0ea925e9f9d84f1a2173883a52048ba2d6e7c9b1dea7006c6165a,-94,,0,0,,0
09:05:03,,0,c53c660722f0ea925e9f9d84f1a2173883a52048ba2d6e7c9b1dea7006c6165a,-93,,0,0,,0
09:05:03,,0,c53c660722f0ea925e9f9d84f1a2173883a52048ba2d6e7c9b1dea7006c6165a,-94,,0,0,,0
09:05:04,,0,d52dde8fd112fcb4070d2023d281426a12852e5e3f0a4be4338ee946000eff42,-82,,0,0,,0
09:05:05,,0,c53c660722f0ea925e9f9d84f1a2173883a52048ba2d6e7c9b1dea7006c6165a,-93,,0,0,,0
09:05:06,,0,c53c660722f0ea925e9f9d84f1a2173883a52048ba2d6e7c9b1dea7006c6165a,-94,,0,0,,0
09:05:07,,0,d52dde8fd112fcb4070d2023d281426a12852e5e3f0a4be4338ee946000eff42,-72,,0,0,,0
09:05:07,,0,c53c660722f0ea925e9f9d84f1a2173883a52048ba2d6e7c9b1dea7006c6165a,-93,,0,0,,0
09:05:08,,0,c53c660722f0ea925e9f9d84f1a2173883a52048ba2d6e7c9b1dea7006c6165a,-97,,0,0,,0
09:05:09,,0,c53c660722f0ea925e9f9d84f1a2173883a52048ba2d6e7c9b1dea7006c6165a,-94,,0,0,,0
09:05:10,,0,d52dde8fd112fcb4070d2023d281426a12852e5e3f0a4be4338ee946000eff42,-77,,0,0,,0
09:05:10,,0,c53c660722f0ea925e9f9d84f1a2173883a52048ba2d6e7c9b1dea7006c6165a,-92,,0,0,,0
09:05:11,,0,c53c660722f0ea925e9f9d84f1a2173883a52048ba2d6e7c9b1dea7006c6165a,-92,,0,0,,0
09:05:12,,0,d52dde8fd112fcb4070d2023d281426a12852e5e3f0a4be4338ee946000eff42,-81,,0,0,,0
09:05:13,,0,c53c660722f0ea925e9f9d84f1a2173883a52048ba2d6e7c9b1dea7006c6165a,-93,,0,0,,0
09:05:14,,0,c53c660722f0ea925e9f9d84f1a2173883a52048ba2d6e7c9b1dea7006c6165a,-93,,0,0,,0
09:05:14,,0,c53c660722f0ea925e9f9d84f1a2173883a52048ba2d6e7c9b1dea7006c6165a,-91,,0,0,,0
09:05:15,,0,c53c660722f0ea925e9f9d84f1a2173883a52048ba2d6e7c9b1dea7006c6165a,-94,,0,0,,0
09:05:16,,0,d52dde8fd112fcb4070d2023d281426a12852e5e3f0a4be4338ee946000eff42,-72,,0,0,,0
09:05:17,,0,c53c660722f0ea925e9f9d84f1a2173883a52048ba2d6e7c9b1dea7006c6165a,-92,,0,0,,0
09:05:17,,0,c53c660722f0ea925e9f9d84f1a2173883a52048ba2d6e7c9b1dea7006c6165a,-94,,0,0,,0
09:05:18,,0,c53c660722f0ea925e9f9d84f1a2173883a52048ba2d6e7c9b1dea7006c6165a,-94,,0,0,,0
09:05:19,,0,d52dde8fd112fcb4070d2023d281426a12852e5e3f0a4be4338ee946000eff42,-78,,0,0,,0
09:05:20,,0,c53c660722f0ea925e9f9d84f1a2173883a52048ba2d6e7c9b1dea7006c6165a,-92,,0,0,,0
09:05:21,,0,c53c660722f0ea925e9f9d84f1a2173883a52048ba2d6e7c9b1dea7006c6165a,-93,,0,0,,0
09:05:21,,0,c53c660722f0ea925e9f9d84f1a2173883a52048ba2d6e7c9b1dea7006c6165a,-93,,0,0,,0
09:05:22,,0,d52dde8fd112fcb4070d2023d281426a12852e5e3f0a4be4338ee946000eff42,-83,,0,0,,0
09:05:23,,0,c53c660722f0ea925e9f9d84f1a2173883a52048ba2d6e7c9b1dea7006c6165a,-91,,0,0,,0
09:05:24,,0,c53c660722f0ea925e9f9d84f1a2173883a52048ba2d6e7c9b1dea7006c6165a,-94,,0,0,,0
09:05:25,,0,d52dde8fd112fcb4070d2023d281426a12852e5e3f0a4be4338ee946000eff42,-71,,0,0,,0
09:05:25,,0,d52dde8fd112fcb4070d2023d281426a12852e5e3f0a4be4338ee946000eff42,-78,,0,0,,0
09:05:26,,0,c53c660722f0ea925e9f9d84f1a2173883a52048ba2d6e7c9b1dea7006c6165a,-93,,0,0,,0
09:05:27,,0,c53c660722f0ea925e9f9d84f1a2173883a52048ba2d6e7c9b1dea7006c6165a,-94,,0,0,,0
09:05:28,,0,c53c660722f0ea925e9f9d84f1a2173883a52048ba2d6e7c9b1dea7006c6165a,-92,,0,0,,0
09:05:28,,0,d52dde8fd112fcb4070d2023d281426a12852e5e3f0a4be4338ee946000eff42,-71,,0,0,,0
09:05:29,,0,c53c660722f0ea925e9f9d84f1a2173883a52048ba2d6e7c9b1dea7006c6165a,-93,,0,0,,0
09:05:30,,0,c53c660722f0ea925e9f9d84f1a2173883a52048ba2d6e7c9b1dea7006c6165a,-94,,0,0,,0
09:05:31,,0,c53c660722f0ea925e9f9d84f1a2173883a52048ba2d6e7c9b1dea7006c6165a,-95,,0,0,,0
09:05:32,,0,d52dde8fd112fcb4070d2023d281426a12852e5e3f0a4be4338ee946000eff42,-83,,0,0,,0
09:05:32,,0,c53c660722f0ea925e9f9d84f1a2173883a52048ba2d6e7c9b1dea7006c6165a,-96,,0,0,,0
09:05:33,,0,d52dde8fd112fcb4070d2023d281426a12852e5e3f0a4be4338ee946000eff42,-72,,0,0,,0
09:05:34,,0,c53c660722f0ea925e9f9d84f1a2173883a52048ba2d6e7c9b1dea7006c6165a,-94,,0,0,,0
09:05:35,,0,c53c660722f0ea925e9f9d84f1a2173883a52048ba2d6e7c9b1dea7006c6165a,-92,,0,0,,0
09:05:35,,0,d52dde8fd112fcb4070d2023d281426a12852e5e3f0a4be4338ee946000eff42,-77,,0,0,,0
09:05:36,,0,c53c660722f0ea925e9f9d84f1a2173883a52048ba2d6e7c9b1dea7006c6165a,-96,,0,0,,0
09:05:37,,0,c53c660722f0ea925e9f9d84f1a2173883a52048ba2d6e7c9b1dea7006c6165a,-92,,0,0,,0
09:05:38,,0,c53c660722f0ea925e9f9d84f1a2173883a52048ba2d6e7c9b1dea7006c6165a,-95,,0,0,,0
09:05:39,,0,c53c660722f0ea925e9f9d84f1a2173883a52048ba2d6e7c9b1dea7006c6165a,-92,,0,0,,0
09:05:39,,0,c53c660722f0ea925e9f9d84f1a2173883a52048ba2d6e7c9b1dea7006c6165a,-94,,0,0,,0
09:05:40,,0,d52dde8fd112fcb4070d2023d281426a12852e5e3f0a4be4338ee946000eff42,-71,,0,0,,0
09:05:41,,0,c53c660722f0ea925e9f9d84f1a2173883a52048ba2d6e7c9b1dea7006c6165a,-94,,0,0,,0
09:05:42,,0,c53c660722f0ea925e9f9d84f1a2173883a52048ba2d6e7c9b1dea7006c6165a,-97,,0,0,,0
09:05:42,,0,c53c660722f0ea925e9f9d84f1a2173883a52048ba2d6e7c9b1dea7006c6165a,-96,,0,0,,0
09:05:43,,0,c53c660722f0ea925e9f9d84f1a2173883a52048ba2d6e7c9b1dea7006c6165a,-97,,0,0,,0
09:05:44,,0,c53c660722f0ea925e9f9d84f1a2173883a52048ba2d6e7c9b1dea7006c6165a,-95,,0,0,,0
09:05:45,,0,c53c660722f0ea925e9f9d84f1a2173883a52048ba2d6e7c9b1dea7006c6165a,-93,,0,0,,0
09:05:52,,0,c53c660722f0ea925e9f9d84f1a2173883a52048ba2d6e7c9b1dea7006c6165a,-93,,0,0,,0
09:05:54,,0,c53c660722f0ea925e9f9d84f1a2173883a52048ba2d6e7c9b1dea7006c6165a,-95,,0,0,,0
09:05:55,,0,c53c660722f0ea925e9f9d84f1a2173883a52048ba2d6e7c9b1dea7006c6165a,-93,,0,0,,0
09:05:55,,0,d52dde8fd112fcb4070d2023d281426a12852e5e3f0a4be4338ee946000eff42,-83,,0,0,,0
09:05:56,,0,d52dde8fd112fcb4070d2023d281426a12852e5e3f0a4be4338ee946000eff42,-71,,0,0,,0
09:05:58,,0,d52dde8fd112fcb4070d2023d281426a12852e5e3f0a4be4338ee946000eff42,-78,,0,0,,0
09:06:00,,0,d52dde8fd112fcb4070d2023d281426a12852e5e3f0a4be4338ee946000eff42,-80,,0,0,,0
09:06:02,,0,d52dde8fd112fcb4070d2023d281426a12852e5e3f0a4be4338ee946000eff42,-71,,0,0,,0
09:06:03,,0,c53c660722f0ea925e9f9d84f1a2173883a52048ba2d6e7c9b1dea7006c6165a,-93,,0,0,,0
09:06:04,,0,d52dde8fd112fcb4070d2023d281426a12852e5e3f0a4be4338ee946000eff42,-78,,0,0,,0
09:06:05,,0,c53c660722f0ea925e9f9d84f1a2173883a52048ba2d6e7c9b1dea7006c6165a,-97,,0,0,,0
09:06:06,,0,d52dde8fd112fcb4070d2023d281426a12852e5e3f0a4be4338ee946000eff42,-83,,0,0,,0
09:06:07,,0,c53c660722f0ea925e9f9d84f1a2173883a52048ba2d6e7c9b1dea7006c6165a,-94,,0,0,,0
09:06:08,,0,d52dde8fd112fcb4070d2023d281426a12852e5e3f0a4be4338ee946000eff42,-71,,0,0,,0
09:06:10,,0,d52dde8fd112fcb4070d2023d281426a12852e5e3f0a4be4338ee946000eff42,-78,,0,0,,0
09:06:12,,0,d52dde8fd112fcb4070d2023d281426a12852e5e3f0a4be4338ee946000eff42,-81,,0,0,,0
09:06:14,,0,d52dde8fd112fcb4070d2023d281426a12852e5e3f0a4be4338ee946000eff42,-70,,0,0,,0
09:06:16,,0,d52dde8fd112fcb4070d2023d281426a12852e5e3f0a4be4338ee946000eff42,-77,,0,0,,0
09:06:18,,0,d52dde8fd112fcb4070d2023d281426a12852e5e3f0a4be4338ee946000eff42,-80,,0,0,,0
09:06:40,,0,d52dde8fd112fcb4070d2023d281426a12852e5e3f0a4be4338ee946000eff42,-81,,0,0,,0
09:06:42,,0,d52dde8fd112fcb4070d2023d281426a12852e5e3f0a4be4338ee946000eff42,-70,,0,0,,0
09:06:44,,0,d52dde8fd112fcb4070d2023d281426a12852e5e3f0a4be4338ee946000eff42,-77,,0,0,,0
09:06:46,,0,d52dde8fd112fcb4070d2023d281426a12852e5e3f0a4be4338ee946000eff42,-81,,0,0,,0
09:06:48,,0,d52dde8fd112fcb4070d2023d281426a12852e5e3f0a4be4338ee946000eff42,-72,,0,0,,0
09:06:50,,0,d52dde8fd112fcb4070d2023d281426a12852e5e3f0a4be4338ee946000eff42,-78,,0,0,,0
09:06:52,,0,d52dde8fd112fcb4070d2023d281426a12852e5e3f0a4be4338ee946000eff42,-80,,0,0,,0
09:06:54,,0,d52dde8fd112fcb4070d2023d281426a12852e5e3f0a4be4338ee946000eff42,-71,,0,0,,0
09:06:56,,0,d52dde8fd112fcb4070d2023d281426a12852e5e3f0a4be4338ee946000eff42,-77,,0,0,,0
09:06:58,,0,d52dde8fd112fcb4070d2023d281426a12852e5e3f0a4be4338ee946000eff42,-80,,0,0,,0
09:07:00,,0,d52dde8fd112fcb4070d2023d281426a12852e5e3f0a4be4338ee946000eff42,-71,,0,0,,0
09:07:02,,0,d52dde8fd112fcb4070d2023d281426a12852e5e3f0a4be4338ee946000eff42,-78,,0,0,,0
09:07:04,,0,d52dde8fd112fcb4070d2023d281426a12852e5e3f0a4be4338ee946000eff42,-80,,0,0,,0
09:07:06,,0,d52dde8fd112fcb4070d2023d281426a12852e5e3f0a4be4338ee946000eff42,-71,,0,0,,0
09:07:08,,0,d52dde8fd112fcb4070d2023d281426a12852e5e3f0a4be4338ee946000eff42,-77,,0,0,,0
09:07:10,,0,d52dde8fd112fcb4070d2023d281426a12852e5e3f0a4be4338ee946000eff42,-80,,0,0,,0
09:07:12,,0,d52dde8fd112fcb4070d2023d281426a12852e5e3f0a4be4338ee946000eff42,-72,,0,0,,0
09:07:40,,0,d52dde8fd112fcb4070d2023d281426a12852e5e3f0a4be4338ee946000eff42,-71,,0,0,,0
09:07:42,,0,d52dde8fd112fcb4070d2023d281426a12852e5e3f0a4be4338ee946000eff42,-77,,0,0,,0
09:07:44,,0,d52dde8fd112fcb4070d2023d281426a12852e5e3f0a4be4338ee946000eff42,-81,,0,0,,0
09:07:46,,0,d52dde8fd112fcb4070d2023d281426a12852e5e3f0a4be4338ee946000eff42,-70,,0,0,,0
09:07:48,,0,d52dde8fd112fcb4070d2023d281426a12852e5e3f0a4be4338ee946000eff42,-78,,0,0,,0
09:07:50,,0,d52dde8fd112fcb4070d2023d281426a12852e5e3f0a4be4338ee946000eff42,-81,,0,0,,0
09:07:52,,0,d52dde8fd112fcb4070d2023d281426a12852e5e3f0a4be4338ee946000eff42,-70,,0,0,,0
09:07:54,,0,d52dde8fd112fcb4070d2023d281426a12852e5e3f0a4be4338ee946000eff42,-77,,0,0,,0
09:07:56,,0,d52dde8fd112fcb4070d2023d281426a12852e5e3f0a4be4338ee946000eff42,-80,,0,0,,0
09:07:58,,0,d52dde8fd112fcb4070d2023d281426a12852e5e3f0a4be4338ee946000eff42,-71,,0,0,,0
09:08:00,,0,d52dde8fd112fcb4070d2023d281426a12852e5e3f0a4be4338ee946000eff42,-78,,0,0,,0
09:08:02,,0,d52dde8fd112fcb4070d2023d281426a12852e5e3f0a4be4338ee946000eff42,-80,,0,0,,0
09:08:03,,0,62b7a7949d69398a300f9752374e3038ceeca3c22b1efbd0fad1ed28d92d11ab,-90,,0,0,,0
09:08:04,,0,d52dde8fd112fcb4070d2023d281426a12852e5e3f0a4be4338ee946000eff42,-71,,0,0,,0
09:08:06,,0,d52dde8fd112fcb4070d2023d281426a12852e5e3f0a4be4338ee946000eff42,-77,,0,0,,0
09:08:08,,0,d52dde8fd112fcb4070d2023d281426a12852e5e3f0a4be4338ee946000eff42,-81,,0,0,,0
09:08:10,,0,d52dde8fd112fcb4070d2023d281426a12852e5e3f0a4be4338ee946000eff42,-70,,0,0,,0
09:08:12,,0,d52dde8fd112fcb4070d2023d281426a12852e5e3f0a4be4338ee946000eff42,-78,,0,0,,0
09:08:13,,0,3b3a8a34df5848f34e36ab7152124d35bfe18b3a0ed963c0521012a9e45c7652,-92,,0,0,,0
09:08:14,,0,d52dde8fd112fcb4070d2023d281426a12852e5e3f0a4be4338ee946000eff42,-81,,0,0,,0
09:08:21,26.0,0,bcc90dd2b3df71423ea3ea9a408cbada69fa704471a64349364b3fc1817e4f26,-92,,0,0,7.0,0
09:08:30,,0,d52dde8fd112fcb4070d2023d281426a12852e5e3f0a4be4338ee946000eff42,-80,,0,0,,0
09:08:32,,0,d52dde8fd112fcb4070d2023d281426a12852e5e3f0a4be4338ee946000eff42,-70,,0,0,,0
09:08:34,,0,d52dde8fd112fcb4070d2023d281426a12852e5e3f0a4be4338ee946000eff42,-77,,0,0,,0
09:08:36,,0,d52dde8fd112fcb4070d2023d281426a12852e5e3f0a4be4338ee946000eff42,-81,,0,0,,0
09:08:38,,0,d52dde8fd112fcb4070d2023d281426a12852e5e3f0a4be4338ee946000eff42,-70,,0,0,,0
09:08:40,,0,d52dde8fd112fcb4070d2023d281426a12852e5e3f0a4be4338ee946000eff42,-78,,0,0,,0
09:08:42,,0,d52dde8fd112fcb4070d2023d281426a12852e5e3f0a4be4338ee946000eff42,-80,,0,0,,0
09:08:44,,0,d52dde8fd112fcb4070d2023d281426a12852e5e3f0a4be4338ee946000eff42,-70,,0,0,,0
09:08:46,,0,d52dde8fd112fcb4070d2023d281426a12852e5e3f0a4be4338ee946000eff42,-78,,0,0,,0
09:08:48,,0,d52dde8fd112fcb4070d2023d281426a12852e5e3f0a4be4338ee946000eff42,-80,,0,0,,0
09:08:50,,0,d52dde8fd112fcb4070d2023d281426a12852e5e3f0a4be4338ee946000eff42,-70,,0,0,,0
09:08:52,,0,d52dde8fd112fcb4070d2023d281426a12852e5e3f0a4be4338ee946000eff42,-77,,0,0,,0
09:08:54,,0,d52dde8fd112fcb4070d2023d281426a12852e5e3f0a4be4338ee946000eff42,-80,,0,0,,0
09:08:56,,0,d52dde8fd112fcb4070d2023d281426a12852e5e3f0a4be4338ee946000eff42,-71,,0,0,,0
09:08:58,,0,d52dde8fd112fcb4070d2023d281426a12852e5e3f0a4be4338ee946000eff42,-77,,0,0,,0
09:09:00,,0,d52dde8fd112fcb4070d2023d281426a12852e5e3f0a4be4338ee946000eff42,-81,,0,0,,0
09:09:02,,0,d52dde8fd112fcb4070d2023d281426a12852e5e3f0a4be4338ee946000eff42,-71,,0,0,,0
09:09:04,,0,d52dde8fd112fcb4070d2023d281426a12852e5e3f0a4be4338ee946000eff42,-78,,0,0,,0
09:09:06,,0,d52dde8fd112fcb4070d2023d281426a12852e5e3f0a4be4338ee946000eff42,-80,,0,0,,0
09:09:08,,0,d52dde8fd112fcb4070d2023d281426a12852e5e3f0a4be4338ee946000eff42,-70,,0,0,,0
09:09:10,,0,d52dde8fd112fcb4070d2023d281426a12852e5e3f0a4be4338ee946000eff42,-78,,0,0,,0
09:09:12,,0,d52dde8fd112fcb4070d2023d281426a12852e5e3f0a4be4338ee946000eff42,-80,,0,0,,0
09:09:14,,0,d52dde8fd112fcb4070d2023d281426a12852e5e3f0a4be4338ee946000eff42,-71,,0,0,,0
09:09:25,,0,c53c660722f0ea925e9f9d84f1a2173883a52048ba2d6e7c9b1dea7006c6165a,-96,,0,0,,0
09:09:29,,0,c53c660722f0ea925e9f9d84f1a2173883a52048ba2d6e7c9b1dea7006c6165a,-98,,0,0,,0
09:09:44,,0,d52dde8fd112fcb4070d2023d281426a12852e5e3f0a4be4338ee946000eff42,-77,,0,0,,0
09:09:46,,0,d52dde8fd112fcb4070d2023d281426a12852e5e3f0a4be4338ee946000eff42,-82,,0,0,,0
09:09:48,,0,d52dde8fd112fcb4070d2023d281426a12852e5e3f0a4be4338ee946000eff42,-70,,0,0,,0
09:09:50,,0,d52dde8fd112fcb4070d2023d281426a12852e5e3f0a4be4338ee946000eff42,-76,,0,0,,0
09:09:52,,0,d52dde8fd112fcb4070d2023d281426a12852e5e3f0a4be4338ee946000eff42,-82,,0,0,,0
09:09:54,,0,d52dde8fd112fcb4070d2023d281426a12852e5e3f0a4be4338ee946000eff42,-71,,0,0,,0
09:09:56,,0,d52dde8fd112fcb4070d2023d281426a12852e5e3f0a4be4338ee946000eff42,-78,,0,0,,0
09:09:58,,0,d52dde8fd112fcb4070d2023d281426a12852e5e3f0a4be4338ee946000eff42,-79,,0,0,,0
09:10:00,,0,d52dde8fd112fcb4070d2023d281426a12852e5e3f0a4be4338ee946000eff42,-70,,0,0,,0
09:10:02,,0,d52dde8fd112fcb4070d2023d281426a12852e5e3f0a4be4338ee946000eff42,-78,,0,0,,0
09:10:04,,0,d52dde8fd112fcb4070d2023d281426a12852e5e3f0a4be4338ee946000eff42,-80,,0,0,,0
09:10:06,,0,d52dde8fd112fcb4070d2023d281426a12852e5e3f0a4be4338ee946000eff42,-70,,0,0,,0
09:10:08,,0,d52dde8fd112fcb4070d2023d281426a12852e5e3f0a4be4338ee946000eff42,-77,,0,0,,0
09:10:09,,0,c53c660722f0ea925e9f9d84f1a2173883a52048ba2d6e7c9b1dea7006c6165a,-96,,0,0,,0
09:10:10,26.0,0,61762690fc23860c240d78b45868133f919d896cfb9793b8ee3d5e18238e3ff9,-95,,0,0,12.0,0
09:10:11,,0,d52dde8fd112fcb4070d2023d281426a12852e5e3f0a4be4338ee946000eff42,-80,,0,0,,0
09:10:11,26.0,0,16603dcc3783c264bb8dd81d6391cf8a15ea58048cd81c492f9c323c1b2b6d69,-77,,0,0,12.0,0
09:10:12,,0,d52dde8fd112fcb4070d2023d281426a12852e5e3f0a4be4338ee946000eff42,-78,,0,0,,0
09:10:13,26.0,0,16603dcc3783c264bb8dd81d6391cf8a15ea58048cd81c492f9c323c1b2b6d69,-80,,0,0,12.0,0
09:10:14,26.0,0,16603dcc3783c264bb8dd81d6391cf8a15ea58048cd81c492f9c323c1b2b6d69,-77,,0,0,12.0,0
09:10:14,26.0,0,16603dcc3783c264bb8dd81d6391cf8a15ea58048cd81c492f9c323c1b2b6d69,-70,,0,0,12.0,0
09:10:15,,0,d52dde8fd112fcb4070d2023d281426a12852e5e3f0a4be4338ee946000eff42,-80,,0,0,,0
09:10:16,26.0,0,16603dcc3783c264bb8dd81d6391cf8a15ea58048cd81c492f9c323c1b2b6d69,-78,,0,0,12.0,0
09:10:17,26.0,0,16603dcc3783c264bb8dd81d6391cf8a15ea58048cd81c492f9c323c1b2b6d69,-71,,0,0,12.0,0
09:10:18,26.0,0,16603dcc3783c264bb8dd81d6391cf8a15ea58048cd81c492f9c323c1b2b6d69,-78,,0,0,12.0,0
09:10:18,,0,d52dde8fd112fcb4070d2023d281426a12852e5e3f0a4be4338ee946000eff42,-70,,0,0,,0
09:10:19,26.0,0,16603dcc3783c264bb8dd81d6391cf8a15ea58048cd81c492f9c323c1b2b6d69,-77,,0,0,12.0,0
09:10:20,26.0,0,16603dcc3783c264bb8dd81d6391cf8a15ea58048cd81c492f9c323c1b2b6d69,-71,,0,0,12.0,0
09:10:21,26.0,0,16603dcc3783c264bb8dd81d6391cf8a15ea58048cd81c492f9c323c1b2b6d69,-71,,0,0,12.0,0
09:10:21,26.0,0,16603dcc3783c264bb8dd81d6391cf8a15ea58048cd81c492f9c323c1b2b6d69,-78,,0,0,12.0,0
09:10:22,26.0,0,16603dcc3783c264bb8dd81d6391cf8a15ea58048cd81c492f9c323c1b2b6d69,-77,,0,0,12.0,0
09:10:23,26.0,0,16603dcc3783c264bb8dd81d6391cf8a15ea58048cd81c492f9c323c1b2b6d69,-71,,0,0,12.0,0
09:10:24,26.0,0,16603dcc3783c264bb8dd81d6391cf8a15ea58048cd81c492f9c323c1b2b6d69,-79,,0,0,12.0,0
09:10:25,26.0,0,16603dcc3783c264bb8dd81d6391cf8a15ea58048cd81c492f9c323c1b2b6d69,-75,,0,0,12.0,0
09:10:25,26.0,0,16603dcc3783c264bb8dd81d6391cf8a15ea58048cd81c492f9c323c1b2b6d69,-70,,0,0,12.0,0
09:10:26,,0,d52dde8fd112fcb4070d2023d281426a12852e5e3f0a4be4338ee946000eff42,-81,,0,0,,0
09:10:27,26.0,0,16603dcc3783c264bb8dd81d6391cf8a15ea58048cd81c492f9c323c1b2b6d69,-81,,0,0,12.0,0
09:10:28,26.0,0,16603dcc3783c264bb8dd81d6391cf8a15ea58048cd81c492f9c323c1b2b6d69,-77,,0,0,12.0,0
09:10:28,26.0,0,16603dcc3783c264bb8dd81d6391cf8a15ea58048cd81c492f9c323c1b2b6d69,-70,,0,0,12.0,0
09:10:29,26.0,0,16603dcc3783c264bb8dd81d6391cf8a15ea58048cd81c492f9c323c1b2b6d69,-81,,0,0,12.0,0
09:10:30,,0,d52dde8fd112fcb4070d2023d281426a12852e5e3f0a4be4338ee946000eff42,-71,,0,0,,0
09:10:31,26.0,0,16603dcc3783c264bb8dd81d6391cf8a15ea58048cd81c492f9c323c1b2b6d69,-77,,0,0,12.0,0
09:10:32,,0,d52dde8fd112fcb4070d2023d281426a12852e5e3f0a4be4338ee946000eff42,-71,,0,0,,0
09:10:32,26.0,0,16603dcc3783c264bb8dd81d6391cf8a15ea58048cd81c492f9c323c1b2b6d69,-82,,0,0,12.0,0
09:10:33,26.0,0,16603dcc3783c264bb8dd81d6391cf8a15ea58048cd81c492f9c323c1b2b6d69,-79,,0,0,12.0,0
09:10:34,26.0,0,16603dcc3783c264bb8dd81d6391cf8a15ea58048cd81c492f9c323c1b2b6d69,-71,,0,0,12.0,0
09:10:35,26.0,0,16603dcc3783c264bb8dd81d6391cf8a15ea58048cd81c492f9c323c1b2b6d69,-81,,0,0,12.0,0
09:10:35,26.0,0,16603dcc3783c264bb8dd81d6391cf8a15ea58048cd81c492f9c323c1b2b6d69,-71,,0,0,12.0,0
09:10:36,26.0,0,16603dcc3783c264bb8dd81d6391cf8a15ea58048cd81c492f9c323c1b2b6d69,-82,,0,0,12.0,0
09:10:37,26.0,0,16603dcc3783c264bb8dd81d6391cf8a15ea58048cd81c492f9c323c1b2b6d69,-71,,0,0,12.0,0
09:10:38,26.0,0,16603dcc3783c264bb8dd81d6391cf8a15ea58048cd81c492f9c323c1b2b6d69,-81,,0,0,12.0,0
09:10:39,,0,d52dde8fd112fcb4070d2023d281426a12852e5e3f0a4be4338ee946000eff42,-77,,0,0,,0
09:10:39,,0,d52dde8fd112fcb4070d2023d281426a12852e5e3f0a4be4338ee946000eff42,-71,,0,0,,0
09:10:40,,0,d52dde8fd112fcb4070d2023d281426a12852e5e3f0a4be4338ee946000eff42,-77,,0,0,,0
09:10:41,,0,d52dde8fd112fcb4070d2023d281426a12852e5e3f0a4be4338ee946000eff42,-80,,0,0,,0
09:10:42,26.0,0,3f49a6906ac8f56e7c026d195587fa83dd7b148a356980f15f2b7601559638d5,-93,,0,0,7.0,0
09:10:42,,0,d52dde8fd112fcb4070d2023d281426a12852e5e3f0a4be4338ee946000eff42,-69,,0,0,,0
09:11:24,,0,d52dde8fd112fcb4070d2023d281426a12852e5e3f0a4be4338ee946000eff42,-71,,0,0,,0
09:11:28,,0,d52dde8fd112fcb4070d2023d281426a12852e5e3f0a4be4338ee946000eff42,-79,,0,0,,0
09:11:30,,0,d52dde8fd112fcb4070d2023d281426a12852e5e3f0a4be4338ee946000eff42,-71,,0,0,,0
09:11:32,,0,d52dde8fd112fcb4070d2023d281426a12852e5e3f0a4be4338ee946000eff42,-78,,0,0,,0
09:11:36,,0,d52dde8fd112fcb4070d2023d281426a12852e5e3f0a4be4338ee946000eff42,-71,,0,0,,0
09:11:37,26.0,0,6437d065a72c80aa3c1f343d896ed20fdf39195235255d3ff04e84e9b2f3c961,-92,,0,0,,0
09:11:38,,0,d52dde8fd112fcb4070d2023d281426a12852e5e3f0a4be4338ee946000eff42,-77,,0,0,,0
09:11:39,26.0,0,6437d065a72c80aa3c1f343d896ed20fdf39195235255d3ff04e84e9b2f3c961,-93,,0,0,,0
09:11:40,,0,d52dde8fd112fcb4070d2023d281426a12852e5e3f0a4be4338ee946000eff42,-80,,0,0,,0
09:11:42,,0,d52dde8fd112fcb4070d2023d281426a12852e5e3f0a4be4338ee946000eff42,-71,,0,0,,0
09:11:44,,0,d52dde8fd112fcb4070d2023d281426a12852e5e3f0a4be4338ee946000eff42,-77,,0,0,,0
09:11:46,,0,d52dde8fd112fcb4070d2023d281426a12852e5e3f0a4be4338ee946000eff42,-79,,0,0,,0
09:11:48,,0,d52dde8fd112fcb4070d2023d281426a12852e5e3f0a4be4338ee946000eff42,-71,,0,0,,0
09:11:50,,0,d52dde8fd112fcb4070d2023d281426a12852e5e3f0a4be4338ee946000eff42,-77,,0,0,,0
09:11:52,,0,d52dde8fd112fcb4070d2023d281426a12852e5e3f0a4be4338ee946000eff42,-82,,0,0,,0
09:11:54,,0,d52dde8fd112fcb4070d2023d281426a12852e5e3f0a4be4338ee946000eff42,-71,,0,0,,0
09:11:56,,0,d52dde8fd112fcb4070d2023d281426a12852e5e3f0a4be4338ee946000eff42,-78,,0,0,,0
09:12:00,,0,d52dde8fd112fcb4070d2023d281426a12852e5e3f0a4be4338ee946000eff42,-71,,0,0,,0
09:12:10,,0,c53c660722f0ea925e9f9d84f1a2173883a52048ba2d6e7c9b1dea7006c6165a,-93,,0,0,,0
09:12:11,,0,c53c660722f0ea925e9f9d84f1a2173883a52048ba2d6e7c9b1dea7006c6165a,-94,,0,0,,0
09:12:12,,0,c53c660722f0ea925e9f9d84f1a2173883a52048ba2d6e7c9b1dea7006c6165a,-94,,0,0,,0
09:12:22,,0,c53c660722f0ea925e9f9d84f1a2173883a52048ba2d6e7c9b1dea7006c6165a,-95,,0,0,,0
09:12:22,,0,c53c660722f0ea925e9f9d84f1a2173883a52048ba2d6e7c9b1dea7006c6165a,-96,,0,0,,0
09:12:23,,0,c53c660722f0ea925e9f9d84f1a2173883a52048ba2d6e7c9b1dea7006c6165a,-94,,0,0,,0
09:12:24,,0,c53c660722f0ea925e9f9d84f1a2173883a52048ba2d6e7c9b1dea7006c6165a,-96,,0,0,,0
09:12:26,,0,c53c660722f0ea925e9f9d84f1a2173883a52048ba2d6e7c9b1dea7006c6165a,-96,,0,0,,0
09:12:26,,0,d52dde8fd112fcb4070d2023d281426a12852e5e3f0a4be4338ee946000eff42,-80,,0,0,,0
09:12:28,,0,d52dde8fd112fcb4070d2023d281426a12852e5e3f0a4be4338ee946000eff42,-70,,0,0,,0
09:12:30,,0,d52dde8fd112fcb4070d2023d281426a12852e5e3f0a4be4338ee946000eff42,-75,,0,0,,0
09:12:32,,0,d52dde8fd112fcb4070d2023d281426a12852e5e3f0a4be4338ee946000eff42,-77,,0,0,,0
09:12:33,26.0,0,cbc728b5b2039f5009b016450d216d54adf62af2f5a929c271794ad77cb9bb1d,-80,,0,0,12.0,0
09:12:34,,0,d52dde8fd112fcb4070d2023d281426a12852e5e3f0a4be4338ee946000eff42,-80,,0,0,,0
09:12:34,26.0,0,cbc728b5b2039f5009b016450d216d54adf62af2f5a929c271794ad77cb9bb1d,-73,,0,0,12.0,0
09:12:35,26.0,0,cbc728b5b2039f5009b016450d216d54adf62af2f5a929c271794ad77cb9bb1d,-73,,0,0,12.0,0
09:12:36,26.0,0,cbc728b5b2039f5009b016450d216d54adf62af2f5a929c271794ad77cb9bb1d,-71,,0,0,12.0,0
09:12:37,,0,c53c660722f0ea925e9f9d84f1a2173883a52048ba2d6e7c9b1dea7006c6165a,-92,,0,0,,0
09:12:38,26.0,0,cbc728b5b2039f5009b016450d216d54adf62af2f5a929c271794ad77cb9bb1d,-72,,0,0,12.0,0
09:12:38,,0,d52dde8fd112fcb4070d2023d281426a12852e5e3f0a4be4338ee946000eff42,-71,,0,0,,0
09:12:39,26.0,0,cbc728b5b2039f5009b016450d216d54adf62af2f5a929c271794ad77cb9bb1d,-71,,0,0,12.0,0
09:12:40,,0,c53c660722f0ea925e9f9d84f1a2173883a52048ba2d6e7c9b1dea7006c6165a,-93,,0,0,,0
09:12:41,26.0,0,cbc728b5b2039f5009b016450d216d54adf62af2f5a929c271794ad77cb9bb1d,-73,,0,0,12.0,0
09:12:41,26.0,0,cbc728b5b2039f5009b016450d216d54adf62af2f5a929c271794ad77cb9bb1d,-75,,0,0,12.0,0
09:12:42,,0,2b3d32e0228b2eb82898a9664dc9fca1df8b1c808672d8a506ed7e9ee3ed80c8,-95,,0,0,,0
09:12:43,26.0,0,cbc728b5b2039f5009b016450d216d54adf62af2f5a929c271794ad77cb9bb1d,-81,,0,0,12.0,0
09:12:44,26.0,0,cbc728b5b2039f5009b016450d216d54adf62af2f5a929c271794ad77cb9bb1d,-77,,0,0,12.0,0
09:12:45,26.0,0,cbc728b5b2039f5009b016450d216d54adf62af2f5a929c271794ad77cb9bb1d,-82,,0,0,12.0,0
09:12:45,26.0,0,cbc728b5b2039f5009b016450d216d54adf62af2f5a929c271794ad77cb9bb1d,-71,,0,0,12.0,0
09:12:46,26.0,0,cbc728b5b2039f5009b016450d216d54adf62af2f5a929c271794ad77cb9bb1d,-82,,0,0,12.0,0
09:12:47,,0,2b3d32e0228b2eb82898a9664dc9fca1df8b1c808672d8a506ed7e9ee3ed80c8,-94,,0,0,,0
09:12:48,26.0,0,cbc728b5b2039f5009b016450d216d54adf62af2f5a929c271794ad77cb9bb1d,-75,,0,0,12.0,0
09:12:48,26.0,0,cbc728b5b2039f5009b016450d216d54adf62af2f5a929c271794ad77cb9bb1d,-74,,0,0,12.0,0
09:12:49,26.0,0,aa31b512bc773e4e6b2f3a88fbf7975dbe93598c6cb371d1f38a0899ab0a0ab7,-91,,0,0,12.0,0
09:12:50,26.0,0,cbc728b5b2039f5009b016450d216d54adf62af2f5a929c271794ad77cb9bb1d,-75,,0,0,12.0,0
09:12:51,26.0,0,cbc728b5b2039f5009b016450d216d54adf62af2f5a929c271794ad77cb9bb1d,-76,,0,0,12.0,0
09:12:52,26.0,0,aa31b512bc773e4e6b2f3a88fbf7975dbe93598c6cb371d1f38a0899ab0a0ab7,-90,,0,0,12.0,0
09:12:52,26.0,0,cbc728b5b2039f5009b016450d216d54adf62af2f5a929c271794ad77cb9bb1d,-76,,0,0,12.0,0
09:12:53,26.0,0,cbc728b5b2039f5009b016450d216d54adf62af2f5a929c271794ad77cb9bb1d,-77,,0,0,12.0,0
09:12:54,,0,d52dde8fd112fcb4070d2023d281426a12852e5e3f0a4be4338ee946000eff42,-73,,0,0,,0
09:12:55,,0,d52dde8fd112fcb4070d2023d281426a12852e5e3f0a4be4338ee946000eff42,-73,,0,0,,0
09:12:55,,0,c53c660722f0ea925e9f9d84f1a2173883a52048ba2d6e7c9b1dea7006c6165a,-94,,0,0,,0
09:12:56,,0,c53c660722f0ea925e9f9d84f1a2173883a52048ba2d6e7c9b1dea7006c6165a,-96,,0,0,,0
09:12:57,,0,c53c660722f0ea925e9f9d84f1a2173883a52048ba2d6e7c9b1dea7006c6165a,-94,,0,0,,0
09:12:58,,0,d52dde8fd112fcb4070d2023d281426a12852e5e3f0a4be4338ee946000eff42,-89,,0,0,,0
09:12:59,,0,c53c660722f0ea925e9f9d84f1a2173883a52048ba2d6e7c9b1dea7006c6165a,-95,,0,0,,0
09:12:59,,0,c53c660722f0ea925e9f9d84f1a2173883a52048ba2d6e7c9b1dea7006c6165a,-94,,0,0,,0
09:13:00,,0,d52dde8fd112fcb4070d2023d281426a12852e5e3f0a4be4338ee946000eff42,-74,,0,0,,0
09:13:01,,0,c53c660722f0ea925e9f9d84f1a2173883a52048ba2d6e7c9b1dea7006c6165a,-96,,0,0,,0
09:13:02,,0,d52dde8fd112fcb4070d2023d281426a12852e5e3f0a4be4338ee946000eff42,-78,,0,0,,0
09:13:02,,0,c53c660722f0ea925e9f9d84f1a2173883a52048ba2d6e7c9b1dea7006c6165a,-96,,0,0,,0
09:13:03,,0,d52dde8fd112fcb4070d2023d281426a12852e5e3f0a4be4338ee946000eff42,-81,,0,0,,0
09:13:04,,0,2b3d32e0228b2eb82898a9664dc9fca1df8b1c808672d8a506ed7e9ee3ed80c8,-91,,0,0,,0
09:13:05,,0,c53c660722f0ea925e9f9d84f1a2173883a52048ba2d6e7c9b1dea7006c6165a,-93,,0,0,,0
09:13:06,,0,d52dde8fd112fcb4070d2023d281426a12852e5e3f0a4be4338ee946000eff42,-78,,0,0,,0
09:13:06,,0,c53c660722f0ea925e9f9d84f1a2173883a52048ba2d6e7c9b1dea7006c6165a,-92,,0,0,,0
09:13:07,,0,c53c660722f0ea925e9f9d84f1a2173883a52048ba2d6e7c9b1dea7006c6165a,-98,,0,0,,0
09:13:08,,0,d52dde8fd112fcb4070d2023d281426a12852e5e3f0a4be4338ee946000eff42,-71,,0,0,,0
09:13:09,,0,c53c660722f0ea925e9f9d84f1a2173883a52048ba2d6e7c9b1dea7006c6165a,-94,,0,0,,0
09:13:10,,0,d52dde8fd112fcb4070d2023d281426a12852e5e3f0a4be4338ee946000eff42,-80,,0,0,,0
09:13:10,,0,d52dde8fd112fcb4070d2023d281426a12852e5e3f0a4be4338ee946000eff42,-86,,0,0,,0
09:13:11,,0,c53c660722f0ea925e9f9d84f1a2173883a52048ba2d6e7c9b1dea7006c6165a,-96,,0,0,,0
09:13:12,,0,d52dde8fd112fcb4070d2023d281426a12852e5e3f0a4be4338ee946000eff42,-79,,0,0,,0
09:13:13,26.0,0,bd6b90f8beff81cade484798c7ee98272119ec138ada370accb0ce2c2d7ea2a2,-94,,0,0,8.0,0
09:13:13,,0,d52dde8fd112fcb4070d2023d281426a12852e5e3f0a4be4338ee946000eff42,-72,,0,0,,0
09:13:14,,0,d52dde8fd112fcb4070d2023d281426a12852e5e3f0a4be4338ee946000eff42,-76,,0,0,,0
09:13:15,,0,d52dde8fd112fcb4070d2023d281426a12852e5e3f0a4be4338ee946000eff42,-75,,0,0,,0
09:13:16,,0,1ff15b32bcd1b86a8ff8f6f4e7a4153e7aa35930e36b49c4a0093d3e6841a1d6,-94,,0,0,,0
09:13:16,,0,1ff15b32bcd1b86a8ff8f6f4e7a4153e7aa35930e36b49c4a0093d3e6841a1d6,-94,,0,0,,0
09:13:17,,0,1ff15b32bcd1b86a8ff8f6f4e7a4153e7aa35930e36b49c4a0093d3e6841a1d6,-96,,0,0,,0
09:13:18,,0,d52dde8fd112fcb4070d2023d281426a12852e5e3f0a4be4338ee946000eff42,-82,,0,0,,0
09:13:19,,0,1ff15b32bcd1b86a8ff8f6f4e7a4153e7aa35930e36b49c4a0093d3e6841a1d6,-92,,0,0,,0
09:13:20,,0,1ff15b32bcd1b86a8ff8f6f4e7a4153e7aa35930e36b49c4a0093d3e6841a1d6,-91,,0,0,,0
09:13:28,,0,d52dde8fd112fcb4070d2023d281426a12852e5e3f0a4be4338ee946000eff42,-73,,0,0,,0
09:13:30,,0,d52dde8fd112fcb4070d2023d281426a12852e5e3f0a4be4338ee946000eff42,-77,,0,0,,0
09:13:32,,0,d52dde8fd112fcb4070d2023d281426a12852e5e3f0a4be4338ee946000eff42,-76,,0,0,,0
09:13:34,,0,d52dde8fd112fcb4070d2023d281426a12852e5e3f0a4be4338ee946000eff42,-76,,0,0,,0
09:13:36,,0,d52dde8fd112fcb4070d2023d281426a12852e5e3f0a4be4338ee946000eff42,-66,,0,0,,0
09:13:38,,0,1ff15b32bcd1b86a8ff8f6f4e7a4153e7aa35930e36b49c4a0093d3e6841a1d6,-96,,0,0,,0
09:13:39,,0,d52dde8fd112fcb4070d2023d281426a12852e5e3f0a4be4338ee946000eff42,-72,,0,0,,0
09:13:40,,0,d52dde8fd112fcb4070d2023d281426a12852e5e3f0a4be4338ee946000eff42,-86,,0,0,,0
09:13:42,,0,d52dde8fd112fcb4070d2023d281426a12852e5e3f0a4be4338ee946000eff42,-71,,0,0,,0
09:13:44,,0,d52dde8fd112fcb4070d2023d281426a12852e5e3f0a4be4338ee946000eff42,-71,,0,0,,0
09:13:46,,0,d52dde8fd112fcb4070d2023d281426a12852e5e3f0a4be4338ee946000eff42,-80,,0,0,,0
09:13:48,,0,d52dde8fd112fcb4070d2023d281426a12852e5e3f0a4be4338ee946000eff42,-68,,0,0,,0
09:13:50,,0,d52dde8fd112fcb4070d2023d281426a12852e5e3f0a4be4338ee946000eff42,-76,,0,0,,0
09:13:52,,0,d52dde8fd112fcb4070d2023d281426a12852e5e3f0a4be4338ee946000eff42,-81,,0,0,,0
09:13:54,,0,d52dde8fd112fcb4070d2023d281426a12852e5e3f0a4be4338ee946000eff42,-74,,0,0,,0
09:13:55,,0,1ff15b32bcd1b86a8ff8f6f4e7a4153e7aa35930e36b49c4a0093d3e6841a1d6,-98,,0,0,,0
09:13:56,,0,1ff15b32bcd1b86a8ff8f6f4e7a4153e7aa35930e36b49c4a0093d3e6841a1d6,-98,,0,0,,0
09:13:57,,0,d52dde8fd112fcb4070d2023d281426a12852e5e3f0a4be4338ee946000eff42,-81,,0,0,,0
09:13:57,,0,1ff15b32bcd1b86a8ff8f6f4e7a4153e7aa35930e36b49c4a0093d3e6841a1d6,-101,,0,0,,0
09:13:58,,0,1ff15b32bcd1b86a8ff8f6f4e7a4153e7aa35930e36b49c4a0093d3e6841a1d6,-97,,0,0,,0
09:13:59,,0,d52dde8fd112fcb4070d2023d281426a12852e5e3f0a4be4338ee946000eff42,-78,,0,0,,0
09:14:08,,0,1ff15b32bcd1b86a8ff8f6f4e7a4153e7aa35930e36b49c4a0093d3e6841a1d6,-101,,0,0,,0
09:14:10,,0,1ff15b32bcd1b86a8ff8f6f4e7a4153e7aa35930e36b49c4a0093d3e6841a1d6,-97,,0,0,,0
09:14:22,,0,1ff15b32bcd1b86a8ff8f6f4e7a4153e7aa35930e36b49c4a0093d3e6841a1d6,-94,,0,0,,0
09:14:26,,0,d52dde8fd112fcb4070d2023d281426a12852e5e3f0a4be4338ee946000eff42,-80,,0,0,,0
09:14:27,,0,1ff15b32bcd1b86a8ff8f6f4e7a4153e7aa35930e36b49c4a0093d3e6841a1d6,-95,,0,0,,0
09:14:28,,0,d52dde8fd112fcb4070d2023d281426a12852e5e3f0a4be4338ee946000eff42,-74,,0,0,,0
09:14:30,,0,d52dde8fd112fcb4070d2023d281426a12852e5e3f0a4be4338ee946000eff42,-86,,0,0,,0
09:14:32,,0,d52dde8fd112fcb4070d2023d281426a12852e5e3f0a4be4338ee946000eff42,-74,,0,0,,0
09:14:34,,0,d52dde8fd112fcb4070d2023d281426a12852e5e3f0a4be4338ee946000eff42,-77,,0,0,,0
09:14:36,,0,d52dde8fd112fcb4070d2023d281426a12852e5e3f0a4be4338ee946000eff42,-84,,0,0,,0
09:14:37,,0,1ff15b32bcd1b86a8ff8f6f4e7a4153e7aa35930e36b49c4a0093d3e6841a1d6,-93,,0,0,,0
09:14:38,,0,d52dde8fd112fcb4070d2023d281426a12852e5e3f0a4be4338ee946000eff42,-81,,0,0,,0
09:14:40,,0,d52dde8fd112fcb4070d2023d281426a12852e5e3f0a4be4338ee946000eff42,-76,,0,0,,0
09:14:42,,0,1ff15b32bcd1b86a8ff8f6f4e7a4153e7aa35930e36b49c4a0093d3e6841a1d6,-98,,0,0,,0
09:14:43,,0,d52dde8fd112fcb4070d2023d281426a12852e5e3f0a4be4338ee946000eff42,-82,,0,0,,0
09:14:46,,0,1ff15b32bcd1b86a8ff8f6f4e7a4153e7aa35930e36b49c4a0093d3e6841a1d6,-96,,0,0,,0
09:15:10,,0,d52dde8fd112fcb4070d2023d281426a12852e5e3f0a4be4338ee946000eff42,-74,,0,0,,0
09:15:12,,0,d52dde8fd112fcb4070d2023d281426a12852e5e3f0a4be4338ee946000eff42,-75,,0,0,,0
09:15:14,,0,d52dde8fd112fcb4070d2023d281426a12852e5e3f0a4be4338ee946000eff42,-70,,0,0,,0
09:15:16,,0,d52dde8fd112fcb4070d2023d281426a12852e5e3f0a4be4338ee946000eff42,-78,,0,0,,0
09:15:28,,0,68f4fd2ec928cd26b02526316220fb546da056b1bac6e30ee4be612ee908e9cd,-79,,0,0,,0
09:15:30,,0,68f4fd2ec928cd26b02526316220fb546da056b1bac6e30ee4be612ee908e9cd,-73,,0,0,,0
09:15:32,,0,68f4fd2ec928cd26b02526316220fb546da056b1bac6e30ee4be612ee908e9cd,-79,,0,0,,0
09:15:34,,0,68f4fd2ec928cd26b02526316220fb546da056b1bac6e30ee4be612ee908e9cd,-80,,0,0,,0
09:15:36,,0,68f4fd2ec928cd26b02526316220fb546da056b1bac6e30ee4be612ee908e9cd,-72,,0,0,,0
09:15:38,,0,68f4fd2ec928cd26b02526316220fb546da056b1bac6e30ee4be612ee908e9cd,-86,,0,0,,0
09:15:40,,0,68f4fd2ec928cd26b02526316220fb546da056b1bac6e30ee4be612ee908e9cd,-81,,0,0,,0
09:15:42,,0,68f4fd2ec928cd26b02526316220fb546da056b1bac6e30ee4be612ee908e9cd,-74,,0,0,,0
09:15:44,,0,68f4fd2ec928cd26b02526316220fb546da056b1bac6e30ee4be612ee908e9cd,-80,,0,0,,0
09:15:46,,0,68f4fd2ec928cd26b02526316220fb546da056b1bac6e30ee4be612ee908e9cd,-79,,0,0,,0
09:15:48,,0,68f4fd2ec928cd26b02526316220fb546da056b1bac6e30ee4be612ee908e9cd,-73,,0,0,,0
09:15:50,,0,68f4fd2ec928cd26b02526316220fb546da056b1bac6e30ee4be612ee908e9cd,-84,,0,0,,0
09:15:52,,0,68f4fd2ec928cd26b02526316220fb546da056b1bac6e30ee4be612ee908e9cd,-78,,0,0,,0
09:15:54,,0,68f4fd2ec928cd26b02526316220fb546da056b1bac6e30ee4be612ee908e9cd,-73,,0,0,,0
09:15:56,,0,68f4fd2ec928cd26b02526316220fb546da056b1bac6e30ee4be612ee908e9cd,-81,,0,0,,0
09:15:57,,0,1ff15b32bcd1b86a8ff8f6f4e7a4153e7aa35930e36b49c4a0093d3e6841a1d6,-92,,0,0,,0
09:15:58,,0,68f4fd2ec928cd26b02526316220fb546da056b1bac6e30ee4be612ee908e9cd,-78,,0,0,,0
09:16:00,,0,68f4fd2ec928cd26b02526316220fb546da056b1bac6e30ee4be612ee908e9cd,-72,,0,0,,0
09:16:02,,0,68f4fd2ec928cd26b02526316220fb546da056b1bac6e30ee4be612ee908e9cd,-86,,0,0,,0
09:16:03,,0,f55a7791a5c748b81480eb1503ce71e944a7692a689d316702cc665a90885f70,-96,,0,0,,0
09:16:04,,0,68f4fd2ec928cd26b02526316220fb546da056b1bac6e30ee4be612ee908e9cd,-69,,0,0,,0
09:16:06,,0,68f4fd2ec928cd26b02526316220fb546da056b1bac6e30ee4be612ee908e9cd,-75,,0,0,,0
09:16:07,,0,1ff15b32bcd1b86a8ff8f6f4e7a4153e7aa35930e36b49c4a0093d3e6841a1d6,-96,,0,0,,0
09:16:08,,0,68f4fd2ec928cd26b02526316220fb546da056b1bac6e30ee4be612ee908e9cd,-79,,0,0,,0
09:16:09,,0,1ff15b32bcd1b86a8ff8f6f4e7a4153e7aa35930e36b49c4a0093d3e6841a1d6,-93,,0,0,,0
09:16:11,,0,1ff15b32bcd1b86a8ff8f6f4e7a4153e7aa35930e36b49c4a0093d3e6841a1d6,-95,,0,0,,0
09:16:12,,0,1ff15b32bcd1b86a8ff8f6f4e7a4153e7aa35930e36b49c4a0093d3e6841a1d6,-93,,0,0,,0
09:16:13,,0,1ff15b32bcd1b86a8ff8f6f4e7a4153e7aa35930e36b49c4a0093d3e6841a1d6,-94,,0,0,,0
09:16:14,,0,1ff15b32bcd1b86a8ff8f6f4e7a4153e7aa35930e36b49c4a0093d3e6841a1d6,-96,,0,0,,0
09:16:17,,0,1ff15b32bcd1b86a8ff8f6f4e7a4153e7aa35930e36b49c4a0093d3e6841a1d6,-93,,0,0,,0
09:16:18,,0,1ff15b32bcd1b86a8ff8f6f4e7a4153e7aa35930e36b49c4a0093d3e6841a1d6,-92,,0,0,,0
09:16:19,,0,1ff15b32bcd1b86a8ff8f6f4e7a4153e7aa35930e36b49c4a0093d3e6841a1d6,-92,,0,0,,0
09:16:20,,0,1ff15b32bcd1b86a8ff8f6f4e7a4153e7aa35930e36b49c4a0093d3e6841a1d6,-93,,0,0,,0
09:16:21,,0,1ff15b32bcd1b86a8ff8f6f4e7a4153e7aa35930e36b49c4a0093d3e6841a1d6,-96,,0,0,,0
09:16:24,,0,68f4fd2ec928cd26b02526316220fb546da056b1bac6e30ee4be612ee908e9cd,-76,,0,0,,0
09:16:25,,0,1ff15b32bcd1b86a8ff8f6f4e7a4153e7aa35930e36b49c4a0093d3e6841a1d6,-93,,0,0,,0
09:16:25,,0,1ff15b32bcd1b86a8ff8f6f4e7a4153e7aa35930e36b49c4a0093d3e6841a1d6,-91,,0,0,,0
09:16:26,,0,1ff15b32bcd1b86a8ff8f6f4e7a4153e7aa35930e36b49c4a0093d3e6841a1d6,-93,,0,0,,0
09:16:27,,0,68f4fd2ec928cd26b02526316220fb546da056b1bac6e30ee4be612ee908e9cd,-71,,0,0,,0
09:16:28,,0,1ff15b32bcd1b86a8ff8f6f4e7a4153e7aa35930e36b49c4a0093d3e6841a1d6,-92,,0,0,,0
09:16:29,,0,1ff15b32bcd1b86a8ff8f6f4e7a4153e7aa35930e36b49c4a0093d3e6841a1d6,-96,,0,0,,0
09:16:29,,0,68f4fd2ec928cd26b02526316220fb546da056b1bac6e30ee4be612ee908e9cd,-75,,0,0,,0
09:16:30,,0,1ff15b32bcd1b86a8ff8f6f4e7a4153e7aa35930e36b49c4a0093d3e6841a1d6,-93,,0,0,,0
09:16:31,,0,1ff15b32bcd1b86a8ff8f6f4e7a4153e7aa35930e36b49c4a0093d3e6841a1d6,-93,,0,0,,0
09:16:32,,0,68f4fd2ec928cd26b02526316220fb546da056b1bac6e30ee4be612ee908e9cd,-75,,0,0,,0
09:16:32,,0,1ff15b32bcd1b86a8ff8f6f4e7a4153e7aa35930e36b49c4a0093d3e6841a1d6,-96,,0,0,,0
09:16:33,,0,68f4fd2ec928cd26b02526316220fb546da056b1bac6e30ee4be612ee908e9cd,-71,,0,0,,0
09:16:34,,0,1ff15b32bcd1b86a8ff8f6f4e7a4153e7aa35930e36b49c4a0093d3e6841a1d6,-95,,0,0,,0
09:16:35,,0,1ff15b32bcd1b86a8ff8f6f4e7a4153e7aa35930e36b49c4a0093d3e6841a1d6,-93,,0,0,,0
09:16:36,,0,68f4fd2ec928cd26b02526316220fb546da056b1bac6e30ee4be612ee908e9cd,-75,,0,0,,0
09:16:36,,0,1ff15b32bcd1b86a8ff8f6f4e7a4153e7aa35930e36b49c4a0093d3e6841a1d6,-94,,0,0,,0
09:16:37,,0,1ff15b32bcd1b86a8ff8f6f4e7a4153e7aa35930e36b49c4a0093d3e6841a1d6,-95,,0,0,,0
09:16:38,,0,68f4fd2ec928cd26b02526316220fb546da056b1bac6e30ee4be612ee908e9cd,-77,,0,0,,0
09:16:39,,0,1ff15b32bcd1b86a8ff8f6f4e7a4153e7aa35930e36b49c4a0093d3e6841a1d6,-93,,0,0,,0
09:16:39,,0,1ff15b32bcd1b86a8ff8f6f4e7a4153e7aa35930e36b49c4a0093d3e6841a1d6,-92,,0,0,,0
09:16:40,,0,68f4fd2ec928cd26b02526316220fb546da056b1bac6e30ee4be612ee908e9cd,-71,,0,0,,0
09:16:41,,0,1ff15b32bcd1b86a8ff8f6f4e7a4153e7aa35930e36b49c4a0093d3e6841a1d6,-90,,0,0,,0
09:16:42,,0,1ff15b32bcd1b86a8ff8f6f4e7a4153e7aa35930e36b49c4a0093d3e6841a1d6,-97,,0,0,,0
09:16:43,,0,68f4fd2ec928cd26b02526316220fb546da056b1bac6e30ee4be612ee908e9cd,-74,,0,0,,0
09:16:43,,0,1ff15b32bcd1b86a8ff8f6f4e7a4153e7aa35930e36b49c4a0093d3e6841a1d6,-99,,0,0,,0
09:16:44,,0,1ff15b32bcd1b86a8ff8f6f4e7a4153e7aa35930e36b49c4a0093d3e6841a1d6,-92,,0,0,,0
09:16:45,,0,1ff15b32bcd1b86a8ff8f6f4e7a4153e7aa35930e36b49c4a0093d3e6841a1d6,-95,,0,0,,0
09:16:46,,0,1ff15b32bcd1b86a8ff8f6f4e7a4153e7aa35930e36b49c4a0093d3e6841a1d6,-95,,0,0,,0
09:16:46,,0,68f4fd2ec928cd26b02526316220fb546da056b1bac6e30ee4be612ee908e9cd,-76,,0,0,,0
09:16:47,,0,1ff15b32bcd1b86a8ff8f6f4e7a4153e7aa35930e36b49c4a0093d3e6841a1d6,-94,,0,0,,0
09:16:48,,0,1ff15b32bcd1b86a8ff8f6f4e7a4153e7aa35930e36b49c4a0093d3e6841a1d6,-94,,0,0,,0
09:16:49,,0,68f4fd2ec928cd26b02526316220fb546da056b1bac6e30ee4be612ee908e9cd,-71,,0,0,,0
09:16:50,,0,1ff15b32bcd1b86a8ff8f6f4e7a4153e7aa35930e36b49c4a0093d3e6841a1d6,-92,,0,0,,0
09:16:50,,0,1ff15b32bcd1b86a8ff8f6f4e7a4153e7aa35930e36b49c4a0093d3e6841a1d6,-93,,0,0,,0
09:16:51,,0,68f4fd2ec928cd26b02526316220fb546da056b1bac6e30ee4be612ee908e9cd,-75,,0,0,,0
09:16:52,,0,1ff15b32bcd1b86a8ff8f6f4e7a4153e7aa35930e36b49c4a0093d3e6841a1d6,-93,,0,0,,0
09:16:53,,0,1ff15b32bcd1b86a8ff8f6f4e7a4153e7aa35930e36b49c4a0093d3e6841a1d6,-96,,0,0,,0
09:16:53,,0,1ff15b32bcd1b86a8ff8f6f4e7a4153e7aa35930e36b49c4a0093d3e6841a1d6,-96,,0,0,,0
09:16:54,,0,68f4fd2ec928cd26b02526316220fb546da056b1bac6e30ee4be612ee908e9cd,-77,,0,0,,0
09:16:55,,0,1ff15b32bcd1b86a8ff8f6f4e7a4153e7aa35930e36b49c4a0093d3e6841a1d6,-94,,0,0,,0
09:16:56,,0,1ff15b32bcd1b86a8ff8f6f4e7a4153e7aa35930e36b49c4a0093d3e6841a1d6,-91,,0,0,,0
09:16:57,,0,1ff15b32bcd1b86a8ff8f6f4e7a4153e7aa35930e36b49c4a0093d3e6841a1d6,-94,,0,0,,0
09:16:57,,0,68f4fd2ec928cd26b02526316220fb546da056b1bac6e30ee4be612ee908e9cd,-70,,0,0,,0
09:16:58,,0,1ff15b32bcd1b86a8ff8f6f4e7a4153e7aa35930e36b49c4a0093d3e6841a1d6,-93,,0,0,,0
09:16:59,,0,1ff15b32bcd1b86a8ff8f6f4e7a4153e7aa35930e36b49c4a0093d3e6841a1d6,-91,,0,0,,0
09:17:00,,0,1ff15b32bcd1b86a8ff8f6f4e7a4153e7aa35930e36b49c4a0093d3e6841a1d6,-95,,0,0,,0
09:17:00,,0,1ff15b32bcd1b86a8ff8f6f4e7a4153e7aa35930e36b49c4a0093d3e6841a1d6,-90,,0,0,,0
09:17:01,,0,68f4fd2ec928cd26b02526316220fb546da056b1bac6e30ee4be612ee908e9cd,-74,,0,0,,0
09:17:02,,0,1ff15b32bcd1b86a8ff8f6f4e7a4153e7aa35930e36b49c4a0093d3e6841a1d6,-97,,0,0,,0
09:17:03,,0,1ff15b32bcd1b86a8ff8f6f4e7a4153e7aa35930e36b49c4a0093d3e6841a1d6,-92,,0,0,,0
09:17:04,,0,1ff15b32bcd1b86a8ff8f6f4e7a4153e7aa35930e36b49c4a0093d3e6841a1d6,-93,,0,0,,0
09:17:04,,0,1ff15b32bcd1b86a8ff8f6f4e7a4153e7aa35930e36b49c4a0093d3e6841a1d6,-93,,0,0,,0
09:17:05,,0,68f4fd2ec928cd26b02526316220fb546da056b1bac6e30ee4be612ee908e9cd,-77,,0,0,,0
09:17:06,,0,1ff15b32bcd1b86a8ff8f6f4e7a4153e7aa35930e36b49c4a0093d3e6841a1d6,-95,,0,0,,0
09:17:07,,0,1ff15b32bcd1b86a8ff8f6f4e7a4153e7aa35930e36b49c4a0093d3e6841a1d6,-94,,0,0,,0
09:17:07,,0,1ff15b32bcd1b86a8ff8f6f4e7a4153e7aa35930e36b49c4a0093d3e6841a1d6,-93,,0,0,,0
09:17:08,,0,68f4fd2ec928cd26b02526316220fb546da056b1bac6e30ee4be612ee908e9cd,-70,,0,0,,0
09:17:09,,0,1ff15b32bcd1b86a8ff8f6f4e7a4153e7aa35930e36b49c4a0093d3e6841a1d6,-94,,0,0,,0
09:17:10,,0,68f4fd2ec928cd26b02526316220fb546da056b1bac6e30ee4be612ee908e9cd,-75,,0,0,,0
09:17:11,,0,1ff15b32bcd1b86a8ff8f6f4e7a4153e7aa35930e36b49c4a0093d3e6841a1d6,-92,,0,0,,0
09:17:11,,0,1ff15b32bcd1b86a8ff8f6f4e7a4153e7aa35930e36b49c4a0093d3e6841a1d6,-93,,0,0,,0
09:17:12,,0,68f4fd2ec928cd26b02526316220fb546da056b1bac6e30ee4be612ee908e9cd,-76,,0,0,,0
09:17:13,,0,68f4fd2ec928cd26b02526316220fb546da056b1bac6e30ee4be612ee908e9cd,-70,,0,0,,0
09:17:14,,0,1ff15b32bcd1b86a8ff8f6f4e7a4153e7aa35930e36b49c4a0093d3e6841a1d6,-96,,0,0,,0
09:17:14,,0,1ff15b32bcd1b86a8ff8f6f4e7a4153e7aa35930e36b49c4a0093d3e6841a1d6,-93,,0,0,,0
09:17:15,,0,1ff15b32bcd1b86a8ff8f6f4e7a4153e7aa35930e36b49c4a0093d3e6841a1d6,-96,,0,0,,0
09:17:16,,0,1ff15b32bcd1b86a8ff8f6f4e7a4153e7aa35930e36b49c4a0093d3e6841a1d6,-94,,0,0,,0
09:17:17,,0,1ff15b32bcd1b86a8ff8f6f4e7a4153e7aa35930e36b49c4a0093d3e6841a1d6,-95,,0,0,,0
09:17:18,,0,1ff15b32bcd1b86a8ff8f6f4e7a4153e7aa35930e36b49c4a0093d3e6841a1d6,-94,,0,0,,0
09:17:18,,0,1ff15b32bcd1b86a8ff8f6f4e7a4153e7aa35930e36b49c4a0093d3e6841a1d6,-95,,0,0,,0
09:17:19,,0,1ff15b32bcd1b86a8ff8f6f4e7a4153e7aa35930e36b49c4a0093d3e6841a1d6,-95,,0,0,,0
09:17:20,,0,1ff15b32bcd1b86a8ff8f6f4e7a4153e7aa35930e36b49c4a0093d3e6841a1d6,-96,,0,0,,0
09:17:21,,0,1ff15b32bcd1b86a8ff8f6f4e7a4153e7aa35930e36b49c4a0093d3e6841a1d6,-94,,0,0,,0
09:17:22,,0,1ff15b32bcd1b86a8ff8f6f4e7a4153e7aa35930e36b49c4a0093d3e6841a1d6,-93,,0,0,,0
09:17:22,,0,1ff15b32bcd1b86a8ff8f6f4e7a4153e7aa35930e36b49c4a0093d3e6841a1d6,-92,,0,0,,0
09:17:23,,0,1ff15b32bcd1b86a8ff8f6f4e7a4153e7aa35930e36b49c4a0093d3e6841a1d6,-94,,0,0,,0
09:17:24,,0,1ff15b32bcd1b86a8ff8f6f4e7a4153e7aa35930e36b49c4a0093d3e6841a1d6,-94,,0,0,,0
09:17:25,,0,1ff15b32bcd1b86a8ff8f6f4e7a4153e7aa35930e36b49c4a0093d3e6841a1d6,-93,,0,0,,0
09:17:25,,0,1ff15b32bcd1b86a8ff8f6f4e7a4153e7aa35930e36b49c4a0093d3e6841a1d6,-98,,0,0,,0
09:17:26,,0,1ff15b32bcd1b86a8ff8f6f4e7a4153e7aa35930e36b49c4a0093d3e6841a1d6,-93,,0,0,,0
09:17:27,,0,1ff15b32bcd1b86a8ff8f6f4e7a4153e7aa35930e36b49c4a0093d3e6841a1d6,-94,,0,0,,0
09:17:28,,0,1ff15b32bcd1b86a8ff8f6f4e7a4153e7aa35930e36b49c4a0093d3e6841a1d6,-96,,0,0,,0
09:17:29,,0,1ff15b32bcd1b86a8ff8f6f4e7a4153e7aa35930e36b49c4a0093d3e6841a1d6,-96,,0,0,,0
09:17:29,,0,68f4fd2ec928cd26b02526316220fb546da056b1bac6e30ee4be612ee908e9cd,-75,,0,0,,0
09:17:30,,0,68f4fd2ec928cd26b02526316220fb546da056b1bac6e30ee4be612ee908e9cd,-71,,0,0,,0
09:17:31,,0,1ff15b32bcd1b86a8ff8f6f4e7a4153e7aa35930e36b49c4a0093d3e6841a1d6,-93,,0,0,,0
09:17:32,,0,68f4fd2ec928cd26b02526316220fb546da056b1bac6e30ee4be612ee908e9cd,-73,,0,0,,0
09:17:34,,0,68f4fd2ec928cd26b02526316220fb546da056b1bac6e30ee4be612ee908e9cd,-76,,0,0,,0
09:17:35,,0,1ff15b32bcd1b86a8ff8f6f4e7a4153e7aa35930e36b49c4a0093d3e6841a1d6,-97,,0,0,,0
09:17:36,,0,68f4fd2ec928cd26b02526316220fb546da056b1bac6e30ee4be612ee908e9cd,-72,,0,0,,0
09:17:38,,0,68f4fd2ec928cd26b02526316220fb546da056b1bac6e30ee4be612ee908e9cd,-75,,0,0,,0
09:17:39,,0,1ff15b32bcd1b86a8ff8f6f4e7a4153e7aa35930e36b49c4a0093d3e6841a1d6,-99,,0,0,,0
09:17:39,,0,1ff15b32bcd1b86a8ff8f6f4e7a4153e7aa35930e36b49c4a0093d3e6841a1d6,-96,,0,0,,0
09:17:40,,0,68f4fd2ec928cd26b02526316220fb546da056b1bac6e30ee4be612ee908e9cd,-77,,0,0,,0
09:17:41,,0,1ff15b32bcd1b86a8ff8f6f4e7a4153e7aa35930e36b49c4a0093d3e6841a1d6,-94,,0,0,,0
09:17:42,,0,1ff15b32bcd1b86a8ff8f6f4e7a4153e7aa35930e36b49c4a0093d3e6841a1d6,-92,,0,0,,0
09:17:43,,0,68f4fd2ec928cd26b02526316220fb546da056b1bac6e30ee4be612ee908e9cd,-71,,0,0,,0
09:17:43,,0,1ff15b32bcd1b86a8ff8f6f4e7a4153e7aa35930e36b49c4a0093d3e6841a1d6,-93,,0,0,,0
09:17:44,,0,68f4fd2ec928cd26b02526316220fb546da056b1bac6e30ee4be612ee908e9cd,-75,,0,0,,0
09:17:45,,0,1ff15b32bcd1b86a8ff8f6f4e7a4153e7aa35930e36b49c4a0093d3e6841a1d6,-97,,0,0,,0
09:17:46,,0,1ff15b32bcd1b86a8ff8f6f4e7a4153e7aa35930e36b49c4a0093d3e6841a1d6,-94,,0,0,,0
09:17:47,,0,68f4fd2ec928cd26b02526316220fb546da056b1bac6e30ee4be612ee908e9cd,-78,,0,0,,0
09:17:48,,0,1ff15b32bcd1b86a8ff8f6f4e7a4153e7aa35930e36b49c4a0093d3e6841a1d6,-96,,0,0,,0
09:17:48,,0,68f4fd2ec928cd26b02526316220fb546da056b1bac6e30ee4be612ee908e9cd,-74,,0,0,,0
09:17:49,,0,1ff15b32bcd1b86a8ff8f6f4e7a4153e7aa35930e36b49c4a0093d3e6841a1d6,-91,,0,0,,0
09:17:50,,0,1ff15b32bcd1b86a8ff8f6f4e7a4153e7aa35930e36b49c4a0093d3e6841a1d6,-92,,0,0,,0
09:17:51,,0,68f4fd2ec928cd26b02526316220fb546da056b1bac6e30ee4be612ee908e9cd,-75,,0,0,,0
09:17:52,,0,1ff15b32bcd1b86a8ff8f6f4e7a4153e7aa35930e36b49c4a0093d3e6841a1d6,-94,,0,0,,0
09:17:52,,0,1ff15b32bcd1b86a8ff8f6f4e7a4153e7aa35930e36b49c4a0093d3e6841a1d6,-93,,0,0,,0
09:17:53,,0,68f4fd2ec928cd26b02526316220fb546da056b1bac6e30ee4be612ee908e9cd,-76,,0,0,,0
09:17:54,,0,1ff15b32bcd1b86a8ff8f6f4e7a4153e7aa35930e36b49c4a0093d3e6841a1d6,-94,,0,0,,0
09:17:55,26.0,0,1e4962f773ea94d619bc4f8a1287b26a12f22619f043592c0f4c419537309645,-96,,0,0,,0
09:17:55,,0,1ff15b32bcd1b86a8ff8f6f4e7a4153e7aa35930e36b49c4a0093d3e6841a1d6,-97,,0,0,,0
09:17:56,26.0,0,1e4962f773ea94d619bc4f8a1287b26a12f22619f043592c0f4c419537309645,-93,,0,0,,0
09:17:57,,0,68f4fd2ec928cd26b02526316220fb546da056b1bac6e30ee4be612ee908e9cd,-69,,0,0,,0
09:17:58,26.0,0,cbc728b5b2039f5009b016450d216d54adf62af2f5a929c271794ad77cb9bb1d,-67,,0,0,12.0,0
09:17:59,,0,68f4fd2ec928cd26b02526316220fb546da056b1bac6e30ee4be612ee908e9cd,-68,,0,0,,0
09:17:59,,0,1ff15b32bcd1b86a8ff8f6f4e7a4153e7aa35930e36b49c4a0093d3e6841a1d6,-95,,0,0,,0
09:18:00,26.0,0,cbc728b5b2039f5009b016450d216d54adf62af2f5a929c271794ad77cb9bb1d,-76,,0,0,12.0,0
09:18:01,26.0,0,cbc728b5b2039f5009b016450d216d54adf62af2f5a929c271794ad77cb9bb1d,-71,,0,0,12.0,0
09:18:02,26.0,0,cbc728b5b2039f5009b016450d216d54adf62af2f5a929c271794ad77cb9bb1d,-71,,0,0,12.0,0
09:18:02,26.0,0,cbc728b5b2039f5009b016450d216d54adf62af2f5a929c271794ad77cb9bb1d,-72,,0,0,12.0,0
09:18:03,,0,68f4fd2ec928cd26b02526316220fb546da056b1bac6e30ee4be612ee908e9cd,-80,,0,0,,0
09:18:04,26.0,0,cbc728b5b2039f5009b016450d216d54adf62af2f5a929c271794ad77cb9bb1d,-77,,0,0,12.0,0
09:18:05,26.0,0,cbc728b5b2039f5009b016450d216d54adf62af2f5a929c271794ad77cb9bb1d,-77,,0,0,12.0,0
09:18:06,26.0,0,cbc728b5b2039f5009b016450d216d54adf62af2f5a929c271794ad77cb9bb1d,-78,,0,0,12.0,0
09:18:06,26.0,0,cbc728b5b2039f5009b016450d216d54adf62af2f5a929c271794ad77cb9bb1d,-81,,0,0,12.0,0
09:18:07,,0,1ff15b32bcd1b86a8ff8f6f4e7a4153e7aa35930e36b49c4a0093d3e6841a1d6,-97,,0,0,,0
09:18:08,26.0,0,cbc728b5b2039f5009b016450d216d54adf62af2f5a929c271794ad77cb9bb1d,-72,,0,0,12.0,0
09:18:09,26.0,0,cbc728b5b2039f5009b016450d216d54adf62af2f5a929c271794ad77cb9bb1d,-77,,0,0,12.0,0
09:18:09,26.0,0,cbc728b5b2039f5009b016450d216d54adf62af2f5a929c271794ad77cb9bb1d,-78,,0,0,12.0,0
09:18:10,26.0,0,cbc728b5b2039f5009b016450d216d54adf62af2f5a929c271794ad77cb9bb1d,-77,,0,0,12.0,0
09:18:11,26.0,0,cbc728b5b2039f5009b016450d216d54adf62af2f5a929c271794ad77cb9bb1d,-75,,0,0,12.0,0
09:18:12,26.0,0,cbc728b5b2039f5009b016450d216d54adf62af2f5a929c271794ad77cb9bb1d,-75,,0,0,12.0,0
09:18:13,26.0,0,cbc728b5b2039f5009b016450d216d54adf62af2f5a929c271794ad77cb9bb1d,-78,,0,0,12.0,0
09:18:13,,0,1ff15b32bcd1b86a8ff8f6f4e7a4153e7aa35930e36b49c4a0093d3e6841a1d6,-96,,0,0,,0
09:18:14,26.0,0,cbc728b5b2039f5009b016450d216d54adf62af2f5a929c271794ad77cb9bb1d,-75,,0,0,12.0,0
09:18:15,26.0,0,cbc728b5b2039f5009b016450d216d54adf62af2f5a929c271794ad77cb9bb1d,-74,,0,0,12.0,0
09:18:16,,0,1ff15b32bcd1b86a8ff8f6f4e7a4153e7aa35930e36b49c4a0093d3e6841a1d6,-93,,0,0,,0
09:18:16,26.0,0,cbc728b5b2039f5009b016450d216d54adf62af2f5a929c271794ad77cb9bb1d,-73,,0,0,12.0,0
09:18:17,26.0,0,cbc728b5b2039f5009b016450d216d54adf62af2f5a929c271794ad77cb9bb1d,-86,,0,0,12.0,0
09:18:18,26.0,0,cbc728b5b2039f5009b016450d216d54adf62af2f5a929c271794ad77cb9bb1d,-74,,0,0,12.0,0
09:18:19,,0,68f4fd2ec928cd26b02526316220fb546da056b1bac6e30ee4be612ee908e9cd,-72,,0,0,,0
09:18:20,26.0,0,cbc728b5b2039f5009b016450d216d54adf62af2f5a929c271794ad77cb9bb1d,-75,,0,0,12.0,0
09:18:20,26.0,0,cbc728b5b2039f5009b016450d216d54adf62af2f5a929c271794ad77cb9bb1d,-78,,0,0,12.0,0
09:18:21,26.0,0,cbc728b5b2039f5009b016450d216d54adf62af2f5a929c271794ad77cb9bb1d,-75,,0,0,12.0,0
09:18:22,,0,1ff15b32bcd1b86a8ff8f6f4e7a4153e7aa35930e36b49c4a0093d3e6841a1d6,-91,,0,0,,0
09:18:23,,0,1ff15b32bcd1b86a8ff8f6f4e7a4153e7aa35930e36b49c4a0093d3e6841a1d6,-96,,0,0,,0
09:18:23,,0,1ff15b32bcd1b86a8ff8f6f4e7a4153e7aa35930e36b49c4a0093d3e6841a1d6,-94,,0,0,,0
09:18:24,,0,1ff15b32bcd1b86a8ff8f6f4e7a4153e7aa35930e36b49c4a0093d3e6841a1d6,-96,,0,0,,0
09:18:25,,0,1ff15b32bcd1b86a8ff8f6f4e7a4153e7aa35930e36b49c4a0093d3e6841a1d6,-96,,0,0,,0
09:18:26,,0,1ff15b32bcd1b86a8ff8f6f4e7a4153e7aa35930e36b49c4a0093d3e6841a1d6,-94,,0,0,,0
09:18:27,,0,1ff15b32bcd1b86a8ff8f6f4e7a4153e7aa35930e36b49c4a0093d3e6841a1d6,-92,,0,0,,0
09:18:32,,0,1ff15b32bcd1b86a8ff8f6f4e7a4153e7aa35930e36b49c4a0093d3e6841a1d6,-95,,0,0,,0
09:18:32,,0,68f4fd2ec928cd26b02526316220fb546da056b1bac6e30ee4be612ee908e9cd,-70,,0,0,,0
09:18:34,,0,68f4fd2ec928cd26b02526316220fb546da056b1bac6e30ee4be612ee908e9cd,-72,,0,0,,0
09:18:36,,0,68f4fd2ec928cd26b02526316220fb546da056b1bac6e30ee4be612ee908e9cd,-83,,0,0,,0
09:18:38,26.0,0,351c5555418c6015648d2f0d24dc4f4444507524ee2351df63da2063e97649f6,-89,,0,0,12.0,0
09:18:38,,0,68f4fd2ec928cd26b02526316220fb546da056b1bac6e30ee4be612ee908e9cd,-76,,0,0,,0
09:18:39,,0,1ff15b32bcd1b86a8ff8f6f4e7a4153e7aa35930e36b49c4a0093d3e6841a1d6,-94,,0,0,,0
09:18:40,,0,68f4fd2ec928cd26b02526316220fb546da056b1bac6e30ee4be612ee908e9cd,-72,,0,0,,0
09:18:42,,0,68f4fd2ec928cd26b02526316220fb546da056b1bac6e30ee4be612ee908e9cd,-81,,0,0,,0
09:18:44,,0,68f4fd2ec928cd26b02526316220fb546da056b1bac6e30ee4be612ee908e9cd,-70,,0,0,,0
09:18:46,,0,68f4fd2ec928cd26b02526316220fb546da056b1bac6e30ee4be612ee908e9cd,-76,,0,0,,0
09:18:46,,0,1ff15b32bcd1b86a8ff8f6f4e7a4153e7aa35930e36b49c4a0093d3e6841a1d6,-95,,0,0,,0
09:18:48,,0,68f4fd2ec928cd26b02526316220fb546da056b1bac6e30ee4be612ee908e9cd,-79,,0,0,,0
09:18:48,,0,1ff15b32bcd1b86a8ff8f6f4e7a4153e7aa35930e36b49c4a0093d3e6841a1d6,-96,,0,0,,0
09:18:50,,0,68f4fd2ec928cd26b02526316220fb546da056b1bac6e30ee4be612ee908e9cd,-71,,0,0,,0
09:18:52,,0,68f4fd2ec928cd26b02526316220fb546da056b1bac6e30ee4be612ee908e9cd,-74,,0,0,,0
09:18:52,,0,1ff15b32bcd1b86a8ff8f6f4e7a4153e7aa35930e36b49c4a0093d3e6841a1d6,-95,,0,0,,0
09:18:53,,0,1ff15b32bcd1b86a8ff8f6f4e7a4153e7aa35930e36b49c4a0093d3e6841a1d6,-93,,0,0,,0
09:18:54,,0,68f4fd2ec928cd26b02526316220fb546da056b1bac6e30ee4be612ee908e9cd,-82,,0,0,,0
09:18:55,,0,1ff15b32bcd1b86a8ff8f6f4e7a4153e7aa35930e36b49c4a0093d3e6841a1d6,-98,,0,0,,0
09:18:56,,0,68f4fd2ec928cd26b02526316220fb546da056b1bac6e30ee4be612ee908e9cd,-70,,0,0,,0
09:18:57,,0,1ff15b32bcd1b86a8ff8f6f4e7a4153e7aa35930e36b49c4a0093d3e6841a1d6,-95,,0,0,,0
09:18:57,,0,1ff15b32bcd1b86a8ff8f6f4e7a4153e7aa35930e36b49c4a0093d3e6841a1d6,-94,,0,0,,0
09:18:58,,0,1ff15b32bcd1b86a8ff8f6f4e7a4153e7aa35930e36b49c4a0093d3e6841a1d6,-93,,0,0,,0
09:18:59,,0,68f4fd2ec928cd26b02526316220fb546da056b1bac6e30ee4be612ee908e9cd,-73,,0,0,,0
09:19:00,,0,1ff15b32bcd1b86a8ff8f6f4e7a4153e7aa35930e36b49c4a0093d3e6841a1d6,-94,,0,0,,0
09:19:00,,0,1ff15b32bcd1b86a8ff8f6f4e7a4153e7aa35930e36b49c4a0093d3e6841a1d6,-92,,0,0,,0
09:19:01,,0,68f4fd2ec928cd26b02526316220fb546da056b1bac6e30ee4be612ee908e9cd,-79,,0,0,,0
09:19:02,,0,1ff15b32bcd1b86a8ff8f6f4e7a4153e7aa35930e36b49c4a0093d3e6841a1d6,-93,,0,0,,0
09:19:03,,0,1ff15b32bcd1b86a8ff8f6f4e7a4153e7aa35930e36b49c4a0093d3e6841a1d6,-94,,0,0,,0
09:19:04,,0,1ff15b32bcd1b86a8ff8f6f4e7a4153e7aa35930e36b49c4a0093d3e6841a1d6,-93,,0,0,,0
09:19:04,,0,68f4fd2ec928cd26b02526316220fb546da056b1bac6e30ee4be612ee908e9cd,-69,,0,0,,0
09:19:05,,0,1ff15b32bcd1b86a8ff8f6f4e7a4153e7aa35930e36b49c4a0093d3e6841a1d6,-96,,0,0,,0
09:19:06,,0,1ff15b32bcd1b86a8ff8f6f4e7a4153e7aa35930e36b49c4a0093d3e6841a1d6,-93,,0,0,,0
09:19:07,,0,1ff15b32bcd1b86a8ff8f6f4e7a4153e7aa35930e36b49c4a0093d3e6841a1d6,-94,,0,0,,0
09:19:07,,0,68f4fd2ec928cd26b02526316220fb546da056b1bac6e30ee4be612ee908e9cd,-73,,0,0,,0
09:19:08,,0,1ff15b32bcd1b86a8ff8f6f4e7a4153e7aa35930e36b49c4a0093d3e6841a1d6,-93,,0,0,,0
09:19:09,,0,1ff15b32bcd1b86a8ff8f6f4e7a4153e7aa35930e36b49c4a0093d3e6841a1d6,-92,,0,0,,0
09:19:10,,0,1ff15b32bcd1b86a8ff8f6f4e7a4153e7aa35930e36b49c4a0093d3e6841a1d6,-97,,0,0,,0
09:19:11,,0,1ff15b32bcd1b86a8ff8f6f4e7a4153e7aa35930e36b49c4a0093d3e6841a1d6,-93,,0,0,,0
09:19:11,,0,68f4fd2ec928cd26b02526316220fb546da056b1bac6e30ee4be612ee908e9cd,-78,,0,0,,0
09:19:12,,0,1ff15b32bcd1b86a8ff8f6f4e7a4153e7aa35930e36b49c4a0093d3e6841a1d6,-97,,0,0,,0
09:19:13,,0,1ff15b32bcd1b86a8ff8f6f4e7a4153e7aa35930e36b49c4a0093d3e6841a1d6,-95,,0,0,,0
09:19:14,,0,1ff15b32bcd1b86a8ff8f6f4e7a4153e7aa35930e36b49c4a0093d3e6841a1d6,-92,,0,0,,0
09:19:14,,0,68f4fd2ec928cd26b02526316220fb546da056b1bac6e30ee4be612ee908e9cd,-69,,0,0,,0
09:19:15,,0,1ff15b32bcd1b86a8ff8f6f4e7a4153e7aa35930e36b49c4a0093d3e6841a1d6,-92,,0,0,,0
09:19:16,,0,1ff15b32bcd1b86a8ff8f6f4e7a4153e7aa35930e36b49c4a0093d3e6841a1d6,-98,,0,0,,0
09:19:17,,0,1ff15b32bcd1b86a8ff8f6f4e7a4153e7aa35930e36b49c4a0093d3e6841a1d6,-93,,0,0,,0
09:19:18,,0,68f4fd2ec928cd26b02526316220fb546da056b1bac6e30ee4be612ee908e9cd,-73,,0,0,,0
09:19:18,,0,1ff15b32bcd1b86a8ff8f6f4e7a4153e7aa35930e36b49c4a0093d3e6841a1d6,-92,,0,0,,0
09:19:19,,0,1ff15b32bcd1b86a8ff8f6f4e7a4153e7aa35930e36b49c4a0093d3e6841a1d6,-93,,0,0,,0
09:19:20,,0,68f4fd2ec928cd26b02526316220fb546da056b1bac6e30ee4be612ee908e9cd,-78,,0,0,,0
09:19:21,,0,1ff15b32bcd1b86a8ff8f6f4e7a4153e7aa35930e36b49c4a0093d3e6841a1d6,-95,,0,0,,0
09:19:21,,0,1ff15b32bcd1b86a8ff8f6f4e7a4153e7aa35930e36b49c4a0093d3e6841a1d6,-98,,0,0,,0
09:19:22,,0,1ff15b32bcd1b86a8ff8f6f4e7a4153e7aa35930e36b49c4a0093d3e6841a1d6,-92,,0,0,,0
09:19:23,,0,1ff15b32bcd1b86a8ff8f6f4e7a4153e7aa35930e36b49c4a0093d3e6841a1d6,-94,,0,0,,0
09:19:24,,0,1ff15b32bcd1b86a8ff8f6f4e7a4153e7aa35930e36b49c4a0093d3e6841a1d6,-96,,0,0,,0
09:19:25,,0,1ff15b32bcd1b86a8ff8f6f4e7a4153e7aa35930e36b49c4a0093d3e6841a1d6,-96,,0,0,,0
09:19:25,,0,1ff15b32bcd1b86a8ff8f6f4e7a4153e7aa35930e36b49c4a0093d3e6841a1d6,-93,,0,0,,0
09:19:26,,0,1ff15b32bcd1b86a8ff8f6f4e7a4153e7aa35930e36b49c4a0093d3e6841a1d6,-93,,0,0,,0
09:19:27,,0,1ff15b32bcd1b86a8ff8f6f4e7a4153e7aa35930e36b49c4a0093d3e6841a1d6,-93,,0,0,,0
09:19:28,,0,1ff15b32bcd1b86a8ff8f6f4e7a4153e7aa35930e36b49c4a0093d3e6841a1d6,-95,,0,0,,0
09:19:28,,0,1ff15b32bcd1b86a8ff8f6f4e7a4153e7aa35930e36b49c4a0093d3e6841a1d6,-92,,0,0,,0
09:19:29,,0,1ff15b32bcd1b86a8ff8f6f4e7a4153e7aa35930e36b49c4a0093d3e6841a1d6,-95,,0,0,,0
09:19:30,,0,1ff15b32bcd1b86a8ff8f6f4e7a4153e7aa35930e36b49c4a0093d3e6841a1d6,-92,,0,0,,0
09:19:31,,0,1ff15b32bcd1b86a8ff8f6f4e7a4153e7aa35930e36b49c4a0093d3e6841a1d6,-94,,0,0,,0
09:19:32,,0,1ff15b32bcd1b86a8ff8f6f4e7a4153e7aa35930e36b49c4a0093d3e6841a1d6,-94,,0,0,,0
09:19:32,,0,1ff15b32bcd1b86a8ff8f6f4e7a4153e7aa35930e36b49c4a0093d3e6841a1d6,-97,,0,0,,0
09:19:33,,0,1ff15b32bcd1b86a8ff8f6f4e7a4153e7aa35930e36b49c4a0093d3e6841a1d6,-94,,0,0,,0
09:19:34,,0,1ff15b32bcd1b86a8ff8f6f4e7a4153e7aa35930e36b49c4a0093d3e6841a1d6,-96,,0,0,,0
09:19:35,,0,1ff15b32bcd1b86a8ff8f6f4e7a4153e7aa35930e36b49c4a0093d3e6841a1d6,-93,,0,0,,0
09:19:35,,0,1ff15b32bcd1b86a8ff8f6f4e7a4153e7aa35930e36b49c4a0093d3e6841a1d6,-94,,0,0,,0
09:19:36,,0,1ff15b32bcd1b86a8ff8f6f4e7a4153e7aa35930e36b49c4a0093d3e6841a1d6,-94,,0,0,,0
09:19:37,,0,1ff15b32bcd1b86a8ff8f6f4e7a4153e7aa35930e36b49c4a0093d3e6841a1d6,-94,,0,0,,0
09:19:38,,0,1ff15b32bcd1b86a8ff8f6f4e7a4153e7aa35930e36b49c4a0093d3e6841a1d6,-93,,0,0,,0
09:19:39,,0,68f4fd2ec928cd26b02526316220fb546da056b1bac6e30ee4be612ee908e9cd,-70,,0,0,,0
09:19:39,,0,1ff15b32bcd1b86a8ff8f6f4e7a4153e7aa35930e36b49c4a0093d3e6841a1d6,-92,,0,0,,0
09:19:40,,0,1ff15b32bcd1b86a8ff8f6f4e7a4153e7aa35930e36b49c4a0093d3e6841a1d6,-92,,0,0,,0
09:19:41,,0,68f4fd2ec928cd26b02526316220fb546da056b1bac6e30ee4be612ee908e9cd,-73,,0,0,,0
09:19:42,,0,1ff15b32bcd1b86a8ff8f6f4e7a4153e7aa35930e36b49c4a0093d3e6841a1d6,-91,,0,0,,0
09:19:43,,0,1ff15b32bcd1b86a8ff8f6f4e7a4153e7aa35930e36b49c4a0093d3e6841a1d6,-96,,0,0,,0
09:19:43,,0,1ff15b32bcd1b86a8ff8f6f4e7a4153e7aa35930e36b49c4a0093d3e6841a1d6,-92,,0,0,,0
09:19:44,,0,68f4fd2ec928cd26b02526316220fb546da056b1bac6e30ee4be612ee908e9cd,-79,,0,0,,0
09:19:45,,0,1ff15b32bcd1b86a8ff8f6f4e7a4153e7aa35930e36b49c4a0093d3e6841a1d6,-93,,0,0,,0
09:19:46,,0,1ff15b32bcd1b86a8ff8f6f4e7a4153e7aa35930e36b49c4a0093d3e6841a1d6,-92,,0,0,,0
09:19:46,,0,68f4fd2ec928cd26b02526316220fb546da056b1bac6e30ee4be612ee908e9cd,-70,,0,0,,0
09:19:47,,0,1ff15b32bcd1b86a8ff8f6f4e7a4153e7aa35930e36b49c4a0093d3e6841a1d6,-92,,0,0,,0
09:19:48,,0,68f4fd2ec928cd26b02526316220fb546da056b1bac6e30ee4be612ee908e9cd,-73,,0,0,,0
09:19:49,,0,1ff15b32bcd1b86a8ff8f6f4e7a4153e7aa35930e36b49c4a0093d3e6841a1d6,-97,,0,0,,0
09:19:49,,0,1ff15b32bcd1b86a8ff8f6f4e7a4153e7aa35930e36b49c4a0093d3e6841a1d6,-93,,0,0,,0
09:19:50,,0,68f4fd2ec928cd26b02526316220fb546da056b1bac6e30ee4be612ee908e9cd,-78,,0,0,,0
09:19:51,,0,1ff15b32bcd1b86a8ff8f6f4e7a4153e7aa35930e36b49c4a0093d3e6841a1d6,-93,,0,0,,0
09:19:52,,0,1ff15b32bcd1b86a8ff8f6f4e7a4153e7aa35930e36b49c4a0093d3e6841a1d6,-95,,0,0,,0
09:19:53,,0,1ff15b32bcd1b86a8ff8f6f4e7a4153e7aa35930e36b49c4a0093d3e6841a1d6,-92,,0,0,,0
09:19:53,,0,68f4fd2ec928cd26b02526316220fb546da056b1bac6e30ee4be612ee908e9cd,-70,,0,0,,0
09:19:54,,0,1ff15b32bcd1b86a8ff8f6f4e7a4153e7aa35930e36b49c4a0093d3e6841a1d6,-95,,0,0,,0
09:19:55,,0,1ff15b32bcd1b86a8ff8f6f4e7a4153e7aa35930e36b49c4a0093d3e6841a1d6,-94,,0,0,,0
09:19:56,,0,68f4fd2ec928cd26b02526316220fb546da056b1bac6e30ee4be612ee908e9cd,-73,,0,0,,0
09:19:57,,0,1ff15b32bcd1b86a8ff8f6f4e7a4153e7aa35930e36b49c4a0093d3e6841a1d6,-92,,0,0,,0
09:19:57,,0,1ff15b32bcd1b86a8ff8f6f4e7a4153e7aa35930e36b49c4a0093d3e6841a1d6,-94,,0,0,,0
09:19:58,,0,68f4fd2ec928cd26b02526316220fb546da056b1bac6e30ee4be612ee908e9cd,-80,,0,0,,0
09:19:59,,0,68f4fd2ec928cd26b02526316220fb546da056b1bac6e30ee4be612ee908e9cd,-69,,0,0,,0
09:20:00,,0,1ff15b32bcd1b86a8ff8f6f4e7a4153e7aa35930e36b49c4a0093d3e6841a1d6,-98,,0,0,,0
09:20:00,,0,68f4fd2ec928cd26b02526316220fb546da056b1bac6e30ee4be612ee908e9cd,-74,,0,0,,0
09:20:01,,0,68f4fd2ec928cd26b02526316220fb546da056b1bac6e30ee4be612ee908e9cd,-81,,0,0,,0
09:20:02,,0,1ff15b32bcd1b86a8ff8f6f4e7a4153e7aa35930e36b49c4a0093d3e6841a1d6,-96,,0,0,,0
09:20:03,,0,68f4fd2ec928cd26b02526316220fb546da056b1bac6e30ee4be612ee908e9cd,-70,,0,0,,0
09:20:04,,0,68f4fd2ec928cd26b02526316220fb546da056b1bac6e30ee4be612ee908e9cd,-75,,0,0,,0
09:20:04,,0,68f4fd2ec928cd26b02526316220fb546da056b1bac6e30ee4be612ee908e9cd,-69,,0,0,,0
09:20:05,,0,68f4fd2ec928cd26b02526316220fb546da056b1bac6e30ee4be612ee908e9cd,-84,,0,0,,0
09:20:06,,0,1ff15b32bcd1b86a8ff8f6f4e7a4153e7aa35930e36b49c4a0093d3e6841a1d6,-99,,0,0,,0
09:20:07,,0,68f4fd2ec928cd26b02526316220fb546da056b1bac6e30ee4be612ee908e9cd,-77,,0,0,,0
09:20:07,,0,1ff15b32bcd1b86a8ff8f6f4e7a4153e7aa35930e36b49c4a0093d3e6841a1d6,-98,,0,0,,0
09:20:08,,0,68f4fd2ec928cd26b02526316220fb546da056b1bac6e30ee4be612ee908e9cd,-69,,0,0,,0
09:20:09,,0,1ff15b32bcd1b86a8ff8f6f4e7a4153e7aa35930e36b49c4a0093d3e6841a1d6,-94,,0,0,,0
09:20:10,,0,68f4fd2ec928cd26b02526316220fb546da056b1bac6e30ee4be612ee908e9cd,-77,,0,0,,0
09:20:11,,0,1ff15b32bcd1b86a8ff8f6f4e7a4153e7aa35930e36b49c4a0093d3e6841a1d6,-94,,0,0,,0
09:20:11,,0,1ff15b32bcd1b86a8ff8f6f4e7a4153e7aa35930e36b49c4a0093d3e6841a1d6,-94,,0,0,,0
09:20:12,,0,1ff15b32bcd1b86a8ff8f6f4e7a4153e7aa35930e36b49c4a0093d3e6841a1d6,-94,,0,0,,0
09:20:13,,0,68f4fd2ec928cd26b02526316220fb546da056b1bac6e30ee4be612ee908e9cd,-75,,0,0,,0
09:20:14,,0,1ff15b32bcd1b86a8ff8f6f4e7a4153e7aa35930e36b49c4a0093d3e6841a1d6,-95,,0,0,,0
09:20:14,,0,68f4fd2ec928cd26b02526316220fb546da056b1bac6e30ee4be612ee908e9cd,-69,,0,0,,0
09:20:15,,0,1ff15b32bcd1b86a8ff8f6f4e7a4153e7aa35930e36b49c4a0093d3e6841a1d6,-95,,0,0,,0
09:20:16,,0,68f4fd2ec928cd26b02526316220fb546da056b1bac6e30ee4be612ee908e9cd,-78,,0,0,,0
09:20:27,,0,1ff15b32bcd1b86a8ff8f6f4e7a4153e7aa35930e36b49c4a0093d3e6841a1d6,-93,,0,0,,0
09:20:30,,0,1ff15b32bcd1b86a8ff8f6f4e7a4153e7aa35930e36b49c4a0093d3e6841a1d6,-91,,0,0,,0
09:20:34,,0,68f4fd2ec928cd26b02526316220fb546da056b1bac6e30ee4be612ee908e9cd,-68,,0,0,,0
09:20:36,,0,134a05a4b9b83330912ff8b96b7fcb39bb17ddbd1e81a788ae2e91ec6719132b,-93,,0,0,,0
09:20:37,,0,1ff15b32bcd1b86a8ff8f6f4e7a4153e7aa35930e36b49c4a0093d3e6841a1d6,-96,,0,0,,0
09:20:38,,0,68f4fd2ec928cd26b02526316220fb546da056b1bac6e30ee4be612ee908e9cd,-77,,0,0,,0
09:20:40,,0,68f4fd2ec928cd26b02526316220fb546da056b1bac6e30ee4be612ee908e9cd,-68,,0,0,,0
09:20:42,,0,68f4fd2ec928cd26b02526316220fb546da056b1bac6e30ee4be612ee908e9cd,-78,,0,0,,0
09:20:44,,0,68f4fd2ec928cd26b02526316220fb546da056b1bac6e30ee4be612ee908e9cd,-78,,0,0,,0
09:20:46,,0,68f4fd2ec928cd26b02526316220fb546da056b1bac6e30ee4be612ee908e9cd,-68,,0,0,,0
09:20:48,,0,68f4fd2ec928cd26b02526316220fb546da056b1bac6e30ee4be612ee908e9cd,-79,,0,0,,0
09:20:50,,0,68f4fd2ec928cd26b02526316220fb546da056b1bac6e30ee4be612ee908e9cd,-76,,0,0,,0
09:20:51,,0,1ff15b32bcd1b86a8ff8f6f4e7a4153e7aa35930e36b49c4a0093d3e6841a1d6,-96,,0,0,,0
09:20:52,,0,68f4fd2ec928cd26b02526316220fb546da056b1bac6e30ee4be612ee908e9cd,-68,,0,0,,0
09:20:53,,0,1ff15b32bcd1b86a8ff8f6f4e7a4153e7aa35930e36b49c4a0093d3e6841a1d6,-93,,0,0,,0
09:20:54,,0,68f4fd2ec928cd26b02526316220fb546da056b1bac6e30ee4be612ee908e9cd,-79,,0,0,,0
09:20:56,,0,68f4fd2ec928cd26b02526316220fb546da056b1bac6e30ee4be612ee908e9cd,-75,,0,0,,0
09:20:58,,0,1ff15b32bcd1b86a8ff8f6f4e7a4153e7aa35930e36b49c4a0093d3e6841a1d6,-96,,0,0,,0
09:20:58,,0,68f4fd2ec928cd26b02526316220fb546da056b1bac6e30ee4be612ee908e9cd,-69,,0,0,,0
09:21:00,,0,68f4fd2ec928cd26b02526316220fb546da056b1bac6e30ee4be612ee908e9cd,-81,,0,0,,0
09:21:02,,0,68f4fd2ec928cd26b02526316220fb546da056b1bac6e30ee4be612ee908e9cd,-88,,0,0,,0
09:21:04,,0,68f4fd2ec928cd26b02526316220fb546da056b1bac6e30ee4be612ee908e9cd,-68,,0,0,,0
09:21:05,,0,1ff15b32bcd1b86a8ff8f6f4e7a4153e7aa35930e36b49c4a0093d3e6841a1d6,-96,,0,0,,0
09:21:05,,0,1ff15b32bcd1b86a8ff8f6f4e7a4153e7aa35930e36b49c4a0093d3e6841a1d6,-95,,0,0,,0
09:21:06,,0,68f4fd2ec928cd26b02526316220fb546da056b1bac6e30ee4be612ee908e9cd,-75,,0,0,,0
09:21:07,,0,1ff15b32bcd1b86a8ff8f6f4e7a4153e7aa35930e36b49c4a0093d3e6841a1d6,-97,,0,0,,0
09:21:08,,0,1ff15b32bcd1b86a8ff8f6f4e7a4153e7aa35930e36b49c4a0093d3e6841a1d6,-94,,0,0,,0
09:21:08,,0,1ff15b32bcd1b86a8ff8f6f4e7a4153e7aa35930e36b49c4a0093d3e6841a1d6,-92,,0,0,,0
09:21:09,,0,68f4fd2ec928cd26b02526316220fb546da056b1bac6e30ee4be612ee908e9cd,-78,,0,0,,0
09:21:10,,0,1ff15b32bcd1b86a8ff8f6f4e7a4153e7aa35930e36b49c4a0093d3e6841a1d6,-93,,0,0,,0
09:21:11,,0,68f4fd2ec928cd26b02526316220fb546da056b1bac6e30ee4be612ee908e9cd,-68,,0,0,,0
09:21:12,,0,68f4fd2ec928cd26b02526316220fb546da056b1bac6e30ee4be612ee908e9cd,-73,,0,0,,0
09:21:13,,0,1ff15b32bcd1b86a8ff8f6f4e7a4153e7aa35930e36b49c4a0093d3e6841a1d6,-93,,0,0,,0
09:21:13,,0,1ff15b32bcd1b86a8ff8f6f4e7a4153e7aa35930e36b49c4a0093d3e6841a1d6,-96,,0,0,,0
09:21:14,,0,68f4fd2ec928cd26b02526316220fb546da056b1bac6e30ee4be612ee908e9cd,-74,,0,0,,0
09:21:16,,0,68f4fd2ec928cd26b02526316220fb546da056b1bac6e30ee4be612ee908e9cd,-70,,0,0,,0
09:21:18,,0,68f4fd2ec928cd26b02526316220fb546da056b1bac6e30ee4be612ee908e9cd,-72,,0,0,,0
09:21:19,,0,1ff15b32bcd1b86a8ff8f6f4e7a4153e7aa35930e36b49c4a0093d3e6841a1d6,-94,,0,0,,0
09:21:19,,0,1ff15b32bcd1b86a8ff8f6f4e7a4153e7aa35930e36b49c4a0093d3e6841a1d6,-94,,0,0,,0
09:21:20,,0,1ff15b32bcd1b86a8ff8f6f4e7a4153e7aa35930e36b49c4a0093d3e6841a1d6,-95,,0,0,,0
09:21:22,,0,1ff15b32bcd1b86a8ff8f6f4e7a4153e7aa35930e36b49c4a0093d3e6841a1d6,-93,,0,0,,0
09:21:22,,0,1ff15b32bcd1b86a8ff8f6f4e7a4153e7aa35930e36b49c4a0093d3e6841a1d6,-95,,0,0,,0
09:21:24,,0,1ff15b32bcd1b86a8ff8f6f4e7a4153e7aa35930e36b49c4a0093d3e6841a1d6,-94,,0,0,,0
09:21:29,26.0,0,cbc728b5b2039f5009b016450d216d54adf62af2f5a929c271794ad77cb9bb1d,-68,,0,0,12.0,0
09:21:30,,0,68f4fd2ec928cd26b02526316220fb546da056b1bac6e30ee4be612ee908e9cd,-68,,0,0,,0
09:21:31,26.0,0,cbc728b5b2039f5009b016450d216d54adf62af2f5a929c271794ad77cb9bb1d,-71,,0,0,12.0,0
09:21:31,26.0,0,cbc728b5b2039f5009b016450d216d54adf62af2f5a929c271794ad77cb9bb1d,-72,,0,0,12.0,0
09:21:32,26.0,0,cbc728b5b2039f5009b016450d216d54adf62af2f5a929c271794ad77cb9bb1d,-70,,0,0,12.0,0
09:21:33,26.0,0,cbc728b5b2039f5009b016450d216d54adf62af2f5a929c271794ad77cb9bb1d,-68,,0,0,12.0,0
09:21:34,,0,68f4fd2ec928cd26b02526316220fb546da056b1bac6e30ee4be612ee908e9cd,-68,,0,0,,0
09:21:34,26.0,0,cbc728b5b2039f5009b016450d216d54adf62af2f5a929c271794ad77cb9bb1d,-69,,0,0,12.0,0
09:21:35,26.0,0,cbc728b5b2039f5009b016450d216d54adf62af2f5a929c271794ad77cb9bb1d,-74,,0,0,12.0,0
09:21:36,26.0,0,cbc728b5b2039f5009b016450d216d54adf62af2f5a929c271794ad77cb9bb1d,-72,,0,0,12.0,0
09:21:37,26.0,0,cbc728b5b2039f5009b016450d216d54adf62af2f5a929c271794ad77cb9bb1d,-68,,0,0,12.0,0
09:21:38,,0,68f4fd2ec928cd26b02526316220fb546da056b1bac6e30ee4be612ee908e9cd,-68,,0,0,,0
09:21:38,26.0,0,cbc728b5b2039f5009b016450d216d54adf62af2f5a929c271794ad77cb9bb1d,-68,,0,0,12.0,0
09:21:39,26.0,0,cbc728b5b2039f5009b016450d216d54adf62af2f5a929c271794ad77cb9bb1d,-72,,0,0,12.0,0
09:21:40,26.0,0,cbc728b5b2039f5009b016450d216d54adf62af2f5a929c271794ad77cb9bb1d,-70,,0,0,12.0,0
09:21:41,26.0,0,cbc728b5b2039f5009b016450d216d54adf62af2f5a929c271794ad77cb9bb1d,-76,,0,0,12.0,0
09:21:41,,0,68f4fd2ec928cd26b02526316220fb546da056b1bac6e30ee4be612ee908e9cd,-69,,0,0,,0
09:21:42,26.0,0,cbc728b5b2039f5009b016450d216d54adf62af2f5a929c271794ad77cb9bb1d,-71,,0,0,12.0,0
09:21:43,26.0,0,cbc728b5b2039f5009b016450d216d54adf62af2f5a929c271794ad77cb9bb1d,-68,,0,0,12.0,0
09:21:44,26.0,0,cbc728b5b2039f5009b016450d216d54adf62af2f5a929c271794ad77cb9bb1d,-73,,0,0,12.0,0
09:21:45,26.0,0,cbc728b5b2039f5009b016450d216d54adf62af2f5a929c271794ad77cb9bb1d,-73,,0,0,12.0,0
09:21:45,,0,68f4fd2ec928cd26b02526316220fb546da056b1bac6e30ee4be612ee908e9cd,-72,,0,0,,0
09:21:46,,0,68f4fd2ec928cd26b02526316220fb546da056b1bac6e30ee4be612ee908e9cd,-75,,0,0,,0
09:21:48,,0,68f4fd2ec928cd26b02526316220fb546da056b1bac6e30ee4be612ee908e9cd,-69,,0,0,,0
09:21:50,,0,68f4fd2ec928cd26b02526316220fb546da056b1bac6e30ee4be612ee908e9cd,-74,,0,0,,0
09:21:52,,0,68f4fd2ec928cd26b02526316220fb546da056b1bac6e30ee4be612ee908e9cd,-73,,0,0,,0
09:21:54,,0,68f4fd2ec928cd26b02526316220fb546da056b1bac6e30ee4be612ee908e9cd,-66,,0,0,,0
09:21:56,,0,68f4fd2ec928cd26b02526316220fb546da056b1bac6e30ee4be612ee908e9cd,-70,,0,0,,0
09:21:58,,0,68f4fd2ec928cd26b02526316220fb546da056b1bac6e30ee4be612ee908e9cd,-76,,0,0,,0
09:22:00,,0,68f4fd2ec928cd26b02526316220fb546da056b1bac6e30ee4be612ee908e9cd,-67,,0,0,,0
09:22:02,,0,68f4fd2ec928cd26b02526316220fb546da056b1bac6e30ee4be612ee908e9cd,-75,,0,0,,0
09:22:04,,0,68f4fd2ec928cd26b02526316220fb546da056b1bac6e30ee4be612ee908e9cd,-71,,0,0,,0
09:22:06,,0,68f4fd2ec928cd26b02526316220fb546da056b1bac6e30ee4be612ee908e9cd,-70,,0,0,,0
09:22:08,,0,68f4fd2ec928cd26b02526316220fb546da056b1bac6e30ee4be612ee908e9cd,-97,,0,0,,0
09:22:10,,0,68f4fd2ec928cd26b02526316220fb546da056b1bac6e30ee4be612ee908e9cd,-71,,0,0,,0
09:22:12,,0,68f4fd2ec928cd26b02526316220fb546da056b1bac6e30ee4be612ee908e9cd,-77,,0,0,,0
09:22:14,,0,68f4fd2ec928cd26b02526316220fb546da056b1bac6e30ee4be612ee908e9cd,-72,,0,0,,0
09:22:20,,0,1ff15b32bcd1b86a8ff8f6f4e7a4153e7aa35930e36b49c4a0093d3e6841a1d6,-96,,0,0,,0
09:22:26,26.0,0,df526bfc5f3217ecc64922079cf34c3118ed81709d339af42bb6a0b5dbdaeea5,-90,,0,0,4.0,0
09:22:26,26.0,0,df526bfc5f3217ecc64922079cf34c3118ed81709d339af42bb6a0b5dbdaeea5,-94,,0,0,4.0,0
09:22:33,,0,1ff15b32bcd1b86a8ff8f6f4e7a4153e7aa35930e36b49c4a0093d3e6841a1d6,-93,,0,0,,0
09:22:34,,0,68f4fd2ec928cd26b02526316220fb546da056b1bac6e30ee4be612ee908e9cd,-68,,0,0,,0
09:22:36,,0,68f4fd2ec928cd26b02526316220fb546da056b1bac6e30ee4be612ee908e9cd,-75,,0,0,,0
09:22:38,,0,1ff15b32bcd1b86a8ff8f6f4e7a4153e7aa35930e36b49c4a0093d3e6841a1d6,-94,,0,0,,0
09:22:38,,0,68f4fd2ec928cd26b02526316220fb546da056b1bac6e30ee4be612ee908e9cd,-70,,0,0,,0
09:22:41,,0,1ff15b32bcd1b86a8ff8f6f4e7a4153e7aa35930e36b49c4a0093d3e6841a1d6,-95,,0,0,,0
09:22:42,,0,1ff15b32bcd1b86a8ff8f6f4e7a4153e7aa35930e36b49c4a0093d3e6841a1d6,-95,,0,0,,0
09:22:43,,0,68f4fd2ec928cd26b02526316220fb546da056b1bac6e30ee4be612ee908e9cd,-74,,0,0,,0
09:22:44,,0,68f4fd2ec928cd26b02526316220fb546da056b1bac6e30ee4be612ee908e9cd,-71,,0,0,,0
09:22:45,,0,1ff15b32bcd1b86a8ff8f6f4e7a4153e7aa35930e36b49c4a0093d3e6841a1d6,-93,,0,0,,0
09:22:46,,0,68f4fd2ec928cd26b02526316220fb546da056b1bac6e30ee4be612ee908e9cd,-71,,0,0,,0
09:22:47,,0,af4e4d8ca180cea755304eeadd957ea5c91225274d952ec2c8f888c1e1ecebc4,-89,,0,0,,0
09:22:48,26.0,0,bf548970b44727c6ab8ce3a13c78cedd5ada8433dc4d86347a4c1c5493ac14b5,-88,,0,0,,0
09:22:49,26.0,0,4ac716de85d99ced408cda4bef5fca0c4d070a0c7b8bbd12d312fa74be9650eb,-95,,0,0,,0
09:22:50,,0,68f4fd2ec928cd26b02526316220fb546da056b1bac6e30ee4be612ee908e9cd,-72,,0,0,,0
09:22:50,,0,1ff15b32bcd1b86a8ff8f6f4e7a4153e7aa35930e36b49c4a0093d3e6841a1d6,-97,,0,0,,0
09:22:51,,0,68f4fd2ec928cd26b02526316220fb546da056b1bac6e30ee4be612ee908e9cd,-69,,0,0,,0
09:22:52,26.0,0,4ac716de85d99ced408cda4bef5fca0c4d070a0c7b8bbd12d312fa74be9650eb,-93,,0,0,,0
09:22:53,,0,68f4fd2ec928cd26b02526316220fb546da056b1bac6e30ee4be612ee908e9cd,-71,,0,0,,0
09:22:54,,0,1ff15b32bcd1b86a8ff8f6f4e7a4153e7aa35930e36b49c4a0093d3e6841a1d6,-94,,0,0,,0
09:22:55,,0,68f4fd2ec928cd26b02526316220fb546da056b1bac6e30ee4be612ee908e9cd,-72,,0,0,,0
09:22:56,,0,1ff15b32bcd1b86a8ff8f6f4e7a4153e7aa35930e36b49c4a0093d3e6841a1d6,-94,,0,0,,0
09:22:57,,0,68f4fd2ec928cd26b02526316220fb546da056b1bac6e30ee4be612ee908e9cd,-69,,0,0,,0
09:22:58,,0,1ff15b32bcd1b86a8ff8f6f4e7a4153e7aa35930e36b49c4a0093d3e6841a1d6,-93,,0,0,,0
09:23:07,,0,b8f0e553e7a22e4c38d97d4668cb2f358ddaec520b807f96be8878bef3ef3dc9,-92,,0,0,,0
09:23:08,,0,b8f0e553e7a22e4c38d97d4668cb2f358ddaec520b807f96be8878bef3ef3dc9,-93,,0,0,,0
09:23:09,,0,b8f0e553e7a22e4c38d97d4668cb2f358ddaec520b807f96be8878bef3ef3dc9,-94,,0,0,,0
09:23:10,,0,b8f0e553e7a22e4c38d97d4668cb2f358ddaec520b807f96be8878bef3ef3dc9,-96,,0,0,,0
09:23:10,,0,b8f0e553e7a22e4c38d97d4668cb2f358ddaec520b807f96be8878bef3ef3dc9,-94,,0,0,,0
09:23:11,,0,b8f0e553e7a22e4c38d97d4668cb2f358ddaec520b807f96be8878bef3ef3dc9,-98,,0,0,,0
09:23:12,,0,b8f0e553e7a22e4c38d97d4668cb2f358ddaec520b807f96be8878bef3ef3dc9,-94,,0,0,,0
09:23:13,,0,b8f0e553e7a22e4c38d97d4668cb2f358ddaec520b807f96be8878bef3ef3dc9,-94,,0,0,,0
09:23:17,,0,b8f0e553e7a22e4c38d97d4668cb2f358ddaec520b807f96be8878bef3ef3dc9,-95,,0,0,,0
09:23:18,,0,b8f0e553e7a22e4c38d97d4668cb2f358ddaec520b807f96be8878bef3ef3dc9,-94,,0,0,,0
09:23:30,,0,b8f0e553e7a22e4c38d97d4668cb2f358ddaec520b807f96be8878bef3ef3dc9,-98,,0,0,,0
09:23:31,,0,68f4fd2ec928cd26b02526316220fb546da056b1bac6e30ee4be612ee908e9cd,-70,,0,0,,0
09:23:32,,0,b8f0e553e7a22e4c38d97d4668cb2f358ddaec520b807f96be8878bef3ef3dc9,-94,,0,0,,0
09:23:33,,0,68f4fd2ec928cd26b02526316220fb546da056b1bac6e30ee4be612ee908e9cd,-68,,0,0,,0
09:23:34,,0,b8f0e553e7a22e4c38d97d4668cb2f358ddaec520b807f96be8878bef3ef3dc9,-94,,0,0,,0
09:23:35,,0,68f4fd2ec928cd26b02526316220fb546da056b1bac6e30ee4be612ee908e9cd,-70,,0,0,,0
09:23:36,,0,b8f0e553e7a22e4c38d97d4668cb2f358ddaec520b807f96be8878bef3ef3dc9,-94,,0,0,,0
09:23:37,,0,68f4fd2ec928cd26b02526316220fb546da056b1bac6e30ee4be612ee908e9cd,-69,,0,0,,0
09:23:38,,0,68f4fd2ec928cd26b02526316220fb546da056b1bac6e30ee4be612ee908e9cd,-71,,0,0,,0
09:23:40,,0,68f4fd2ec928cd26b02526316220fb546da056b1bac6e30ee4be612ee908e9cd,-74,,0,0,,0
09:23:42,,0,68f4fd2ec928cd26b02526316220fb546da056b1bac6e30ee4be612ee908e9cd,-71,,0,0,,0
09:23:43,,0,b8f0e553e7a22e4c38d97d4668cb2f358ddaec520b807f96be8878bef3ef3dc9,-94,,0,0,,0
09:23:44,,0,b8f0e553e7a22e4c38d97d4668cb2f358ddaec520b807f96be8878bef3ef3dc9,-95,,0,0,,0
09:23:45,,0,68f4fd2ec928cd26b02526316220fb546da056b1bac6e30ee4be612ee908e9cd,-71,,0,0,,0
09:23:46,,0,b8f0e553e7a22e4c38d97d4668cb2f358ddaec520b807f96be8878bef3ef3dc9,-95,,0,0,,0
09:23:46,,0,68f4fd2ec928cd26b02526316220fb546da056b1bac6e30ee4be612ee908e9cd,-73,,0,0,,0
09:23:48,,0,68f4fd2ec928cd26b02526316220fb546da056b1bac6e30ee4be612ee908e9cd,-69,,0,0,,0
09:23:49,,0,b8f0e553e7a22e4c38d97d4668cb2f358ddaec520b807f96be8878bef3ef3dc9,-97,,0,0,,0
09:23:50,,0,68f4fd2ec928cd26b02526316220fb546da056b1bac6e30ee4be612ee908e9cd,-70,,0,0,,0
09:23:52,,0,68f4fd2ec928cd26b02526316220fb546da056b1bac6e30ee4be612ee908e9cd,-73,,0,0,,0
09:23:54,,0,68f4fd2ec928cd26b02526316220fb546da056b1bac6e30ee4be612ee908e9cd,-71,,0,0,,0
09:23:56,,0,68f4fd2ec928cd26b02526316220fb546da056b1bac6e30ee4be612ee908e9cd,-70,,0,0,,0
09:23:57,,0,b8f0e553e7a22e4c38d97d4668cb2f358ddaec520b807f96be8878bef3ef3dc9,-93,,0,0,,0
09:23:58,,0,b8f0e553e7a22e4c38d97d4668cb2f358ddaec520b807f96be8878bef3ef3dc9,-92,,0,0,,0
09:23:59,,0,68f4fd2ec928cd26b02526316220fb546da056b1bac6e30ee4be612ee908e9cd,-82,,0,0,,0
09:24:00,,0,b8f0e553e7a22e4c38d97d4668cb2f358ddaec520b807f96be8878bef3ef3dc9,-95,,0,0,,0
09:24:01,,0,68f4fd2ec928cd26b02526316220fb546da056b1bac6e30ee4be612ee908e9cd,-69,,0,0,,0
09:24:02,,0,b8f0e553e7a22e4c38d97d4668cb2f358ddaec520b807f96be8878bef3ef3dc9,-96,,0,0,,0
09:24:03,,0,b8f0e553e7a22e4c38d97d4668cb2f358ddaec520b807f96be8878bef3ef3dc9,-93,,0,0,,0
09:24:04,,0,b8f0e553e7a22e4c38d97d4668cb2f358ddaec520b807f96be8878bef3ef3dc9,-92,,0,0,,0
09:24:05,,0,b8f0e553e7a22e4c38d97d4668cb2f358ddaec520b807f96be8878bef3ef3dc9,-94,,0,0,,0
09:24:08,,0,b8f0e553e7a22e4c38d97d4668cb2f358ddaec520b807f96be8878bef3ef3dc9,-97,,0,0,,0
09:24:15,,0,b8f0e553e7a22e4c38d97d4668cb2f358ddaec520b807f96be8878bef3ef3dc9,-98,,0,0,,0
09:24:16,,0,b8f0e553e7a22e4c38d97d4668cb2f358ddaec520b807f96be8878bef3ef3dc9,-95,,0,0,,0
09:24:17,,0,b8f0e553e7a22e4c38d97d4668cb2f358ddaec520b807f96be8878bef3ef3dc9,-93,,0,0,,0
09:24:18,,0,b8f0e553e7a22e4c38d97d4668cb2f358ddaec520b807f96be8878bef3ef3dc9,-96,,0,0,,0
09:24:18,,0,b8f0e553e7a22e4c38d97d4668cb2f358ddaec520b807f96be8878bef3ef3dc9,-93,,0,0,,0
09:24:19,,0,b8f0e553e7a22e4c38d97d4668cb2f358ddaec520b807f96be8878bef3ef3dc9,-96,,0,0,,0
09:24:20,,0,b8f0e553e7a22e4c38d97d4668cb2f358ddaec520b807f96be8878bef3ef3dc9,-93,,0,0,,0
09:24:21,,0,b8f0e553e7a22e4c38d97d4668cb2f358ddaec520b807f96be8878bef3ef3dc9,-94,,0,0,,0
09:24:21,,0,b8f0e553e7a22e4c38d97d4668cb2f358ddaec520b807f96be8878bef3ef3dc9,-95,,0,0,,0
09:24:22,,0,b8f0e553e7a22e4c38d97d4668cb2f358ddaec520b807f96be8878bef3ef3dc9,-93,,0,0,,0
09:24:23,,0,b8f0e553e7a22e4c38d97d4668cb2f358ddaec520b807f96be8878bef3ef3dc9,-94,,0,0,,0
09:24:24,,0,68f4fd2ec928cd26b02526316220fb546da056b1bac6e30ee4be612ee908e9cd,-75,,0,0,,0
09:24:25,,0,b8f0e553e7a22e4c38d97d4668cb2f358ddaec520b807f96be8878bef3ef3dc9,-93,,0,0,,0
09:24:26,,0,68f4fd2ec928cd26b02526316220fb546da056b1bac6e30ee4be612ee908e9cd,-69,,0,0,,0
09:24:28,,0,68f4fd2ec928cd26b02526316220fb546da056b1bac6e30ee4be612ee908e9cd,-74,,0,0,,0
09:24:30,,0,68f4fd2ec928cd26b02526316220fb546da056b1bac6e30ee4be612ee908e9cd,-71,,0,0,,0
09:24:32,,0,68f4fd2ec928cd26b02526316220fb546da056b1bac6e30ee4be612ee908e9cd,-68,,0,0,,0
09:24:34,,0,68f4fd2ec928cd26b02526316220fb546da056b1bac6e30ee4be612ee908e9cd,-72,,0,0,,0
09:24:36,,0,68f4fd2ec928cd26b02526316220fb546da056b1bac6e30ee4be612ee908e9cd,-68,,0,0,,0
09:25:19,,0,68f4fd2ec928cd26b02526316220fb546da056b1bac6e30ee4be612ee908e9cd,-68,,0,0,,0
09:25:20,26.0,0,2fbe21a81273f305a591f4200e856a7cfe6038c3c3017c7f9eca28603a38fac4,-91,,0,0,6.0,0
09:25:21,26.0,0,cbc728b5b2039f5009b016450d216d54adf62af2f5a929c271794ad77cb9bb1d,-75,,0,0,12.0,0
09:25:22,,0,68f4fd2ec928cd26b02526316220fb546da056b1bac6e30ee4be612ee908e9cd,-74,,0,0,,0
09:25:23,26.0,0,cbc728b5b2039f5009b016450d216d54adf62af2f5a929c271794ad77cb9bb1d,-73,,0,0,12.0,0
09:25:23,26.0,0,cbc728b5b2039f5009b016450d216d54adf62af2f5a929c271794ad77cb9bb1d,-75,,0,0,12.0,0
09:25:24,26.0,0,cbc728b5b2039f5009b016450d216d54adf62af2f5a929c271794ad77cb9bb1d,-70,,0,0,12.0,0
09:25:25,26.0,0,cbc728b5b2039f5009b016450d216d54adf62af2f5a929c271794ad77cb9bb1d,-74,,0,0,12.0,0
09:25:26,,0,68f4fd2ec928cd26b02526316220fb546da056b1bac6e30ee4be612ee908e9cd,-69,,0,0,,0
09:25:26,26.0,0,cbc728b5b2039f5009b016450d216d54adf62af2f5a929c271794ad77cb9bb1d,-67,,0,0,12.0,0
09:25:27,26.0,0,cbc728b5b2039f5009b016450d216d54adf62af2f5a929c271794ad77cb9bb1d,-71,,0,0,12.0,0
09:25:28,26.0,0,cbc728b5b2039f5009b016450d216d54adf62af2f5a929c271794ad77cb9bb1d,-71,,0,0,12.0,0
09:25:29,26.0,0,cbc728b5b2039f5009b016450d216d54adf62af2f5a929c271794ad77cb9bb1d,-71,,0,0,12.0,0
09:25:30,26.0,0,cbc728b5b2039f5009b016450d216d54adf62af2f5a929c271794ad77cb9bb1d,-69,,0,0,12.0,0
09:25:30,,0,68f4fd2ec928cd26b02526316220fb546da056b1bac6e30ee4be612ee908e9cd,-71,,0,0,,0
09:25:31,26.0,0,cbc728b5b2039f5009b016450d216d54adf62af2f5a929c271794ad77cb9bb1d,-70,,0,0,12.0,0
09:25:32,26.0,0,cbc728b5b2039f5009b016450d216d54adf62af2f5a929c271794ad77cb9bb1d,-71,,0,0,12.0,0
09:25:33,26.0,0,cbc728b5b2039f5009b016450d216d54adf62af2f5a929c271794ad77cb9bb1d,-71,,0,0,12.0,0
09:25:33,26.0,0,cbc728b5b2039f5009b016450d216d54adf62af2f5a929c271794ad77cb9bb1d,-72,,0,0,12.0,0
09:25:34,,0,68f4fd2ec928cd26b02526316220fb546da056b1bac6e30ee4be612ee908e9cd,-71,,0,0,,0
09:25:35,26.0,0,cbc728b5b2039f5009b016450d216d54adf62af2f5a929c271794ad77cb9bb1d,-70,,0,0,12.0,0
09:25:36,26.0,0,cbc728b5b2039f5009b016450d216d54adf62af2f5a929c271794ad77cb9bb1d,-70,,0,0,12.0,0
09:25:37,26.0,0,cbc728b5b2039f5009b016450d216d54adf62af2f5a929c271794ad77cb9bb1d,-72,,0,0,12.0,0
09:25:37,26.0,0,cbc728b5b2039f5009b016450d216d54adf62af2f5a929c271794ad77cb9bb1d,-71,,0,0,12.0,0
09:25:38,,0,68f4fd2ec928cd26b02526316220fb546da056b1bac6e30ee4be612ee908e9cd,-72,,0,0,,0
09:25:39,26.0,0,cbc728b5b2039f5009b016450d216d54adf62af2f5a929c271794ad77cb9bb1d,-71,,0,0,12.0,0
09:25:40,26.0,0,cbc728b5b2039f5009b016450d216d54adf62af2f5a929c271794ad77cb9bb1d,-72,,0,0,12.0,0
09:25:40,26.0,0,cbc728b5b2039f5009b016450d216d54adf62af2f5a929c271794ad77cb9bb1d,-71,,0,0,12.0,0
09:25:41,26.0,0,cbc728b5b2039f5009b016450d216d54adf62af2f5a929c271794ad77cb9bb1d,-70,,0,0,12.0,0
09:25:42,,0,68f4fd2ec928cd26b02526316220fb546da056b1bac6e30ee4be612ee908e9cd,-72,,0,0,,0
09:25:43,26.0,0,cbc728b5b2039f5009b016450d216d54adf62af2f5a929c271794ad77cb9bb1d,-71,,0,0,12.0,0
09:25:44,26.0,0,cbc728b5b2039f5009b016450d216d54adf62af2f5a929c271794ad77cb9bb1d,-68,,0,0,12.0,0
09:25:44,26.0,0,cbc728b5b2039f5009b016450d216d54adf62af2f5a929c271794ad77cb9bb1d,-73,,0,0,12.0,0
09:25:45,26.0,0,cbc728b5b2039f5009b016450d216d54adf62af2f5a929c271794ad77cb9bb1d,-69,,0,0,12.0,0
09:25:46,26.0,0,cbc728b5b2039f5009b016450d216d54adf62af2f5a929c271794ad77cb9bb1d,-72,,0,0,12.0,0
09:25:47,,0,68f4fd2ec928cd26b02526316220fb546da056b1bac6e30ee4be612ee908e9cd,-75,,0,0,,0
09:25:48,26.0,0,cbc728b5b2039f5009b016450d216d54adf62af2f5a929c271794ad77cb9bb1d,-71,,0,0,12.0,0
09:25:48,26.0,0,cbc728b5b2039f5009b016450d216d54adf62af2f5a929c271794ad77cb9bb1d,-79,,0,0,12.0,0
09:25:49,26.0,0,cbc728b5b2039f5009b016450d216d54adf62af2f5a929c271794ad77cb9bb1d,-75,,0,0,12.0,0
09:25:50,26.0,0,cbc728b5b2039f5009b016450d216d54adf62af2f5a929c271794ad77cb9bb1d,-77,,0,0,12.0,0
09:25:51,26.0,0,cbc728b5b2039f5009b016450d216d54adf62af2f5a929c271794ad77cb9bb1d,-74,,0,0,12.0,0
09:25:51,26.0,0,cbc728b5b2039f5009b016450d216d54adf62af2f5a929c271794ad77cb9bb1d,-77,,0,0,12.0,0
09:25:52,26.0,0,cbc728b5b2039f5009b016450d216d54adf62af2f5a929c271794ad77cb9bb1d,-72,,0,0,12.0,0
09:25:53,,0,68f4fd2ec928cd26b02526316220fb546da056b1bac6e30ee4be612ee908e9cd,-76,,0,0,,0
09:26:09,,0,68f4fd2ec928cd26b02526316220fb546da056b1bac6e30ee4be612ee908e9cd,-89,,0,0,,0
09:26:09,26.0,0,dfc2ec5d50ccdc10fa27ae3aec01061fb91763d91ec051e8165cb8a6e5900ed0,-93,,0,0,,0
09:26:11,,0,68f4fd2ec928cd26b02526316220fb546da056b1bac6e30ee4be612ee908e9cd,-68,,0,0,,0
09:26:13,,0,68f4fd2ec928cd26b02526316220fb546da056b1bac6e30ee4be612ee908e9cd,-76,,0,0,,0
09:26:15,,0,68f4fd2ec928cd26b02526316220fb546da056b1bac6e30ee4be612ee908e9cd,-80,,0,0,,0
09:26:17,,0,68f4fd2ec928cd26b02526316220fb546da056b1bac6e30ee4be612ee908e9cd,-71,,0,0,,0
09:26:19,,0,68f4fd2ec928cd26b02526316220fb546da056b1bac6e30ee4be612ee908e9cd,-72,,0,0,,0
09:26:21,,0,68f4fd2ec928cd26b02526316220fb546da056b1bac6e30ee4be612ee908e9cd,-78,,0,0,,0
09:26:23,,0,68f4fd2ec928cd26b02526316220fb546da056b1bac6e30ee4be612ee908e9cd,-70,,0,0,,0
09:26:25,,0,68f4fd2ec928cd26b02526316220fb546da056b1bac6e30ee4be612ee908e9cd,-72,,0,0,,0
09:26:27,,0,68f4fd2ec928cd26b02526316220fb546da056b1bac6e30ee4be612ee908e9cd,-88,,0,0,,0
09:26:29,,0,68f4fd2ec928cd26b02526316220fb546da056b1bac6e30ee4be612ee908e9cd,-67,,0,0,,0
09:26:31,,0,68f4fd2ec928cd26b02526316220fb546da056b1bac6e30ee4be612ee908e9cd,-75,,0,0,,0
09:26:33,,0,68f4fd2ec928cd26b02526316220fb546da056b1bac6e30ee4be612ee908e9cd,-80,,0,0,,0
09:26:35,,0,68f4fd2ec928cd26b02526316220fb546da056b1bac6e30ee4be612ee908e9cd,-67,,0,0,,0
09:26:37,,0,68f4fd2ec928cd26b02526316220fb546da056b1bac6e30ee4be612ee908e9cd,-75,,0,0,,0
09:26:39,,0,68f4fd2ec928cd26b02526316220fb546da056b1bac6e30ee4be612ee908e9cd,-88,,0,0,,0
09:26:41,,0,68f4fd2ec928cd26b02526316220fb546da056b1bac6e30ee4be612ee908e9cd,-69,,0,0,,0
09:26:43,,0,68f4fd2ec928cd26b02526316220fb546da056b1bac6e30ee4be612ee908e9cd,-78,,0,0,,0
09:26:45,,0,68f4fd2ec928cd26b02526316220fb546da056b1bac6e30ee4be612ee908e9cd,-85,,0,0,,0
09:26:47,,0,68f4fd2ec928cd26b02526316220fb546da056b1bac6e30ee4be612ee908e9cd,-68,,0,0,,0
09:26:49,,0,68f4fd2ec928cd26b02526316220fb546da056b1bac6e30ee4be612ee908e9cd,-79,,0,0,,0
09:26:51,,0,68f4fd2ec928cd26b02526316220fb546da056b1bac6e30ee4be612ee908e9cd,-77,,0,0,,0
09:27:15,,0,68f4fd2ec928cd26b02526316220fb546da056b1bac6e30ee4be612ee908e9cd,-70,,0,0,,0
09:27:17,,0,68f4fd2ec928cd26b02526316220fb546da056b1bac6e30ee4be612ee908e9cd,-79,,0,0,,0
09:27:19,,0,68f4fd2ec928cd26b02526316220fb546da056b1bac6e30ee4be612ee908e9cd,-86,,0,0,,0
09:27:20,,0,28d317391f51352cfae4ad192fad1f383fe4e18db88520ea0c1a7bfb3370cb2b,-93,,0,0,,0
09:27:21,,0,28d317391f51352cfae4ad192fad1f383fe4e18db88520ea0c1a7bfb3370cb2b,-92,,0,0,,0
09:27:21,,0,68f4fd2ec928cd26b02526316220fb546da056b1bac6e30ee4be612ee908e9cd,-70,,0,0,,0
09:27:23,,0,68f4fd2ec928cd26b02526316220fb546da056b1bac6e30ee4be612ee908e9cd,-79,,0,0,,0
09:27:25,,0,68f4fd2ec928cd26b02526316220fb546da056b1bac6e30ee4be612ee908e9cd,-97,,0,0,,0
09:27:27,,0,68f4fd2ec928cd26b02526316220fb546da056b1bac6e30ee4be612ee908e9cd,-69,,0,0,,0
09:27:29,,0,68f4fd2ec928cd26b02526316220fb546da056b1bac6e30ee4be612ee908e9cd,-79,,0,0,,0
09:27:31,,0,68f4fd2ec928cd26b02526316220fb546da056b1bac6e30ee4be612ee908e9cd,-76,,0,0,,0
09:27:33,,0,68f4fd2ec928cd26b02526316220fb546da056b1bac6e30ee4be612ee908e9cd,-69,,0,0,,0
09:27:35,,0,68f4fd2ec928cd26b02526316220fb546da056b1bac6e30ee4be612ee908e9cd,-81,,0,0,,0
09:27:37,,0,68f4fd2ec928cd26b02526316220fb546da056b1bac6e30ee4be612ee908e9cd,-74,,0,0,,0
09:27:39,,0,68f4fd2ec928cd26b02526316220fb546da056b1bac6e30ee4be612ee908e9cd,-71,,0,0,,0
09:27:41,,0,68f4fd2ec928cd26b02526316220fb546da056b1bac6e30ee4be612ee908e9cd,-73,,0,0,,0
09:27:43,,0,68f4fd2ec928cd26b02526316220fb546da056b1bac6e30ee4be612ee908e9cd,-81,,0,0,,0
09:27:45,,0,68f4fd2ec928cd26b02526316220fb546da056b1bac6e30ee4be612ee908e9cd,-68,,0,0,,0
09:27:47,,0,68f4fd2ec928cd26b02526316220fb546da056b1bac6e30ee4be612ee908e9cd,-70,,0,0,,0
09:27:49,,0,68f4fd2ec928cd26b02526316220fb546da056b1bac6e30ee4be612ee908e9cd,-71,,0,0,,0
09:27:51,,0,68f4fd2ec928cd26b02526316220fb546da056b1bac6e30ee4be612ee908e9cd,-73,,0,0,,0
09:27:53,,0,68f4fd2ec928cd26b02526316220fb546da056b1bac6e30ee4be612ee908e9cd,-73,,0,0,,0
09:27:57,,0,68f4fd2ec928cd26b02526316220fb546da056b1bac6e30ee4be612ee908e9cd,-82,,0,0,,0
09:28:00,26.0,0,940d8ddeb20337ef3fca9fa6125bf45e905d2c436f712040c3fed47760f359c9,-80,,0,0,12.0,0
09:28:01,,0,68f4fd2ec928cd26b02526316220fb546da056b1bac6e30ee4be612ee908e9cd,-68,,0,0,,0
09:28:01,26.0,0,940d8ddeb20337ef3fca9fa6125bf45e905d2c436f712040c3fed47760f359c9,-69,,0,0,12.0,0
09:28:02,,0,68f4fd2ec928cd26b02526316220fb546da056b1bac6e30ee4be612ee908e9cd,-69,,0,0,,0
09:28:03,26.0,0,940d8ddeb20337ef3fca9fa6125bf45e905d2c436f712040c3fed47760f359c9,-79,,0,0,12.0,0
09:28:04,26.0,0,940d8ddeb20337ef3fca9fa6125bf45e905d2c436f712040c3fed47760f359c9,-78,,0,0,12.0,0
09:28:05,26.0,0,940d8ddeb20337ef3fca9fa6125bf45e905d2c436f712040c3fed47760f359c9,-70,,0,0,12.0,0
09:28:05,,0,68f4fd2ec928cd26b02526316220fb546da056b1bac6e30ee4be612ee908e9cd,-79,,0,0,,0
09:28:06,26.0,0,940d8ddeb20337ef3fca9fa6125bf45e905d2c436f712040c3fed47760f359c9,-78,,0,0,12.0,0
09:28:07,26.0,0,940d8ddeb20337ef3fca9fa6125bf45e905d2c436f712040c3fed47760f359c9,-74,,0,0,12.0,0
