Time,adv_flag,def_tx_pwr,mac,rssi,name,scan_tx_pwr,conn_tx_pwr,tx_range,adv_tx_pwr
21:58:18,26.0,0,86c772429019ddd88e56bb72bdbe3deebcd14cf819cc313bb099ec883609e73e,-81,,0,0,6.0,0
21:58:19,26.0,0,041aea07b92eab1ba677715aee789ce7336496283e1ee8940b4f6dd5e094afa4,-86,,0,0,12.0,0
21:58:20,26.0,0,4c20c9f6ab4c11ee1524e89d60271967311c7112b86d2dafc5acef6475d2af58,-80,,0,0,8.0,0
21:58:21,26.0,0,5ed6f9a59f33d4e1c71bbfc5e4106ddc818f0e5f1e9bbd5350f938637556c6ef,-95,,0,0,,0
21:58:22,,0,ed05c99be09039915659fa812ecb481205b9a87f4310a5267a6b73cb27c2d976,-41,,0,0,,0
21:58:22,26.0,0,86c772429019ddd88e56bb72bdbe3deebcd14cf819cc313bb099ec883609e73e,-72,,0,0,6.0,0
21:58:23,26.0,0,a4cf39e2b560204ee6166b6a22da36f3bf4cd01135fc524b678f93466732e223,-73,,0,0,7.0,0
21:58:24,,0,ed05c99be09039915659fa812ecb481205b9a87f4310a5267a6b73cb27c2d976,-38,,0,0,,0
21:58:25,26.0,0,5ed6f9a59f33d4e1c71bbfc5e4106ddc818f0e5f1e9bbd5350f938637556c6ef,-80,,0,0,,0
21:58:25,26.0,0,231ba77b59614d3e34ad6f04853873cdb57bb155c829e21f998b4107413b6f14,-55,,0,0,12.0,0
21:58:26,,0,ed05c99be09039915659fa812ecb481205b9a87f4310a5267a6b73cb27c2d976,-37,,0,0,,0
21:58:27,,0,0488fb2556402878f9773adf0279f31790129beba5a9834474955ebbbf2f9ae1,-91,,0,0,,0
21:58:28,26.0,0,5ed6f9a59f33d4e1c71bbfc5e4106ddc818f0e5f1e9bbd5350f938637556c6ef,-72,,0,0,,0
21:58:29,,0,ed05c99be09039915659fa812ecb481205b9a87f4310a5267a6b73cb27c2d976,-42,,0,0,,0
21:58:29,26.0,0,4c20c9f6ab4c11ee1524e89d60271967311c7112b86d2dafc5acef6475d2af58,-75,,0,0,8.0,0
21:58:30,26.0,0,156a37474bd59400294b64a7721de7d929ac9cb506b12012bf5b99f68e08b121,-82,,0,0,12.0,0
21:58:31,26.0,0,a8cad6986e8427dfec1e2d6ad92ddffda0a182a19ce1b2b1ce5d8106b5f8cf26,-84,,0,0,7.0,0
21:58:32,26.0,0,a4cf39e2b560204ee6166b6a22da36f3bf4cd01135fc524b678f93466732e223,-83,,0,0,7.0,0
21:58:32,,0,ed05c99be09039915659fa812ecb481205b9a87f4310a5267a6b73cb27c2d976,-43,,0,0,,0
21:58:33,6.0,0,aa1c1c1ecff1fde1bc284d0ec7c8c938f62d5e8c7b8f34a4e8683de8c2c0d402,-83,Rb20,0,0,,0
21:58:34,26.0,0,5ed6f9a59f33d4e1c71bbfc5e4106ddc818f0e5f1e9bbd5350f938637556c6ef,-76,,0,0,,0
21:58:35,26.0,0,5ed6f9a59f33d4e1c71bbfc5e4106ddc818f0e5f1e9bbd5350f938637556c6ef,-77,,0,0,,0
21:58:36,26.0,0,4c20c9f6ab4c11ee1524e89d60271967311c7112b86d2dafc5acef6475d2af58,-76,,0,0,8.0,0
21:58:36,26.0,0,231ba77b59614d3e34ad6f04853873cdb57bb155c829e21f998b4107413b6f14,-61,,0,0,12.0,0
21:58:37,26.0,0,231ba77b59614d3e34ad6f04853873cdb57bb155c829e21f998b4107413b6f14,-69,,0,0,12.0,0
21:58:38,26.0,0,41c45c0df08e47ea405a675352cf13fbe3aa78feb4fb7ccc257c8da738cc25f6,-85,,0,0,8.0,0
21:58:39,6.0,0,aa1c1c1ecff1fde1bc284d0ec7c8c938f62d5e8c7b8f34a4e8683de8c2c0d402,-85,Rb20,0,0,,0
21:58:39,26.0,0,5ed6f9a59f33d4e1c71bbfc5e4106ddc818f0e5f1e9bbd5350f938637556c6ef,-72,,0,0,,0
21:58:40,26.0,0,5ed6f9a59f33d4e1c71bbfc5e4106ddc818f0e5f1e9bbd5350f938637556c6ef,-74,,0,0,,0
21:58:41,26.0,0,4c20c9f6ab4c11ee1524e89d60271967311c7112b86d2dafc5acef6475d2af58,-76,,0,0,8.0,0
21:58:42,26.0,0,041aea07b92eab1ba677715aee789ce7336496283e1ee8940b4f6dd5e094afa4,-81,,0,0,12.0,0
21:58:43,26.0,0,4c20c9f6ab4c11ee1524e89d60271967311c7112b86d2dafc5acef6475d2af58,-79,,0,0,8.0,0
21:58:43,26.0,0,231ba77b59614d3e34ad6f04853873cdb57bb155c829e21f998b4107413b6f14,-67,,0,0,12.0,0
21:58:44,26.0,0,5ed6f9a59f33d4e1c71bbfc5e4106ddc818f0e5f1e9bbd5350f938637556c6ef,-74,,0,0,,0
21:58:45,26.0,0,86c772429019ddd88e56bb72bdbe3deebcd14cf819cc313bb099ec883609e73e,-71,,0,0,6.0,0
21:58:46,26.0,0,041aea07b92eab1ba677715aee789ce7336496283e1ee8940b4f6dd5e094afa4,-81,,0,0,12.0,0
21:58:46,26.0,0,41c45c0df08e47ea405a675352cf13fbe3aa78feb4fb7ccc257c8da738cc25f6,-86,,0,0,8.0,0
21:58:47,26.0,0,5ed6f9a59f33d4e1c71bbfc5e4106ddc818f0e5f1e9bbd5350f938637556c6ef,-71,,0,0,,0
21:58:48,26.0,0,5ed6f9a59f33d4e1c71bbfc5e4106ddc818f0e5f1e9bbd5350f938637556c6ef,-80,,0,0,,0
21:58:49,26.0,0,5ed6f9a59f33d4e1c71bbfc5e4106ddc818f0e5f1e9bbd5350f938637556c6ef,-78,,0,0,,0
21:58:50,26.0,0,a4cf39e2b560204ee6166b6a22da36f3bf4cd01135fc524b678f93466732e223,-80,,0,0,7.0,0
21:58:50,26.0,0,041aea07b92eab1ba677715aee789ce7336496283e1ee8940b4f6dd5e094afa4,-80,,0,0,12.0,0
21:58:51,26.0,0,86c772429019ddd88e56bb72bdbe3deebcd14cf819cc313bb099ec883609e73e,-81,,0,0,6.0,0
21:58:52,26.0,0,041aea07b92eab1ba677715aee789ce7336496283e1ee8940b4f6dd5e094afa4,-81,,0,0,12.0,0
21:58:53,26.0,0,5ed6f9a59f33d4e1c71bbfc5e4106ddc818f0e5f1e9bbd5350f938637556c6ef,-72,,0,0,,0
21:58:54,26.0,0,5ed6f9a59f33d4e1c71bbfc5e4106ddc818f0e5f1e9bbd5350f938637556c6ef,-73,,0,0,,0
21:58:54,26.0,0,a4cf39e2b560204ee6166b6a22da36f3bf4cd01135fc524b678f93466732e223,-75,,0,0,7.0,0
21:58:55,26.0,0,041aea07b92eab1ba677715aee789ce7336496283e1ee8940b4f6dd5e094afa4,-80,,0,0,12.0,0
21:58:56,26.0,0,156a37474bd59400294b64a7721de7d929ac9cb506b12012bf5b99f68e08b121,-91,,0,0,12.0,0
21:58:57,26.0,0,5ed6f9a59f33d4e1c71bbfc5e4106ddc818f0e5f1e9bbd5350f938637556c6ef,-70,,0,0,,0
21:58:57,26.0,0,5ed6f9a59f33d4e1c71bbfc5e4106ddc818f0e5f1e9bbd5350f938637556c6ef,-74,,0,0,,0
21:58:58,26.0,0,5ed6f9a59f33d4e1c71bbfc5e4106ddc818f0e5f1e9bbd5350f938637556c6ef,-73,,0,0,,0
21:58:59,26.0,0,041aea07b92eab1ba677715aee789ce7336496283e1ee8940b4f6dd5e094afa4,-83,,0,0,12.0,0
21:59:00,26.0,0,5ed6f9a59f33d4e1c71bbfc5e4106ddc818f0e5f1e9bbd5350f938637556c6ef,-72,,0,0,,0
21:59:01,,0,de2e354e00c6e15d3476d44e3327471592d0346889da698424bd2b154a1dbbf0,-76,,0,0,,0
21:59:01,26.0,0,156a37474bd59400294b64a7721de7d929ac9cb506b12012bf5b99f68e08b121,-92,,0,0,12.0,0
21:59:02,26.0,0,4c20c9f6ab4c11ee1524e89d60271967311c7112b86d2dafc5acef6475d2af58,-92,,0,0,8.0,0
21:59:03,26.0,0,041aea07b92eab1ba677715aee789ce7336496283e1ee8940b4f6dd5e094afa4,-79,,0,0,12.0,0
21:59:04,6.0,0,aa1c1c1ecff1fde1bc284d0ec7c8c938f62d5e8c7b8f34a4e8683de8c2c0d402,-84,Rb20,0,0,,0
21:59:04,,0,a8b48dfb3511c78df2ff970fb3cb8e61a08ee770ce545d8ad041d1b5821d1492,-61,,0,0,,0
21:59:05,26.0,0,041aea07b92eab1ba677715aee789ce7336496283e1ee8940b4f6dd5e094afa4,-83,,0,0,12.0,0
21:59:06,,0,3fa2d4a0801f2f5312084b596a585d2384bda79833716302d693e569869e0f05,-97,,0,0,,0
21:59:07,26.0,0,86c772429019ddd88e56bb72bdbe3deebcd14cf819cc313bb099ec883609e73e,-65,,0,0,6.0,0
21:59:08,26.0,0,5ed6f9a59f33d4e1c71bbfc5e4106ddc818f0e5f1e9bbd5350f938637556c6ef,-73,,0,0,,0
21:59:08,26.0,0,a4cf39e2b560204ee6166b6a22da36f3bf4cd01135fc524b678f93466732e223,-74,,0,0,7.0,0
21:59:09,26.0,0,a4cf39e2b560204ee6166b6a22da36f3bf4cd01135fc524b678f93466732e223,-77,,0,0,7.0,0
21:59:10,26.0,0,041aea07b92eab1ba677715aee789ce7336496283e1ee8940b4f6dd5e094afa4,-85,,0,0,12.0,0
21:59:11,26.0,0,231ba77b59614d3e34ad6f04853873cdb57bb155c829e21f998b4107413b6f14,-77,,0,0,12.0,0
21:59:11,26.0,0,41c45c0df08e47ea405a675352cf13fbe3aa78feb4fb7ccc257c8da738cc25f6,-86,,0,0,8.0,0
21:59:12,26.0,0,86c772429019ddd88e56bb72bdbe3deebcd14cf819cc313bb099ec883609e73e,-69,,0,0,6.0,0
21:59:13,26.0,0,a4cf39e2b560204ee6166b6a22da36f3bf4cd01135fc524b678f93466732e223,-68,,0,0,7.0,0
21:59:14,26.0,0,a4cf39e2b560204ee6166b6a22da36f3bf4cd01135fc524b678f93466732e223,-78,,0,0,7.0,0
21:59:15,26.0,0,041aea07b92eab1ba677715aee789ce7336496283e1ee8940b4f6dd5e094afa4,-80,,0,0,12.0,0
21:59:15,26.0,0,5ed6f9a59f33d4e1c71bbfc5e4106ddc818f0e5f1e9bbd5350f938637556c6ef,-69,,0,0,,0
21:59:16,26.0,0,041aea07b92eab1ba677715aee789ce7336496283e1ee8940b4f6dd5e094afa4,-84,,0,0,12.0,0
21:59:17,26.0,0,231ba77b59614d3e34ad6f04853873cdb57bb155c829e21f998b4107413b6f14,-65,,0,0,12.0,0
21:59:18,26.0,0,6fc8097b3d7f6d7f05fedab7b420aa3fbb1ee7ccd8cf52d6ae233da4b607851a,-89,,0,0,7.0,0
21:59:19,26.0,0,a4cf39e2b560204ee6166b6a22da36f3bf4cd01135fc524b678f93466732e223,-71,,0,0,7.0,0
21:59:19,26.0,0,4c20c9f6ab4c11ee1524e89d60271967311c7112b86d2dafc5acef6475d2af58,-81,,0,0,8.0,0
21:59:20,26.0,0,5ed6f9a59f33d4e1c71bbfc5e4106ddc818f0e5f1e9bbd5350f938637556c6ef,-70,,0,0,,0
21:59:21,26.0,0,5ed6f9a59f33d4e1c71bbfc5e4106ddc818f0e5f1e9bbd5350f938637556c6ef,-71,,0,0,,0
21:59:22,26.0,0,86c772429019ddd88e56bb72bdbe3deebcd14cf819cc313bb099ec883609e73e,-70,,0,0,6.0,0
21:59:22,,0,ce8b03855f0ecac0d84991054be3500efea1f20a00487724fc9343e688d541f3,-92,,0,0,,0
21:59:23,26.0,0,4c20c9f6ab4c11ee1524e89d60271967311c7112b86d2dafc5acef6475d2af58,-74,,0,0,8.0,0
21:59:24,26.0,0,86c772429019ddd88e56bb72bdbe3deebcd14cf819cc313bb099ec883609e73e,-72,,0,0,6.0,0
21:59:25,26.0,0,5ed6f9a59f33d4e1c71bbfc5e4106ddc818f0e5f1e9bbd5350f938637556c6ef,-69,,0,0,,0
21:59:26,26.0,0,5ed6f9a59f33d4e1c71bbfc5e4106ddc818f0e5f1e9bbd5350f938637556c6ef,-72,,0,0,,0
21:59:26,26.0,0,5ed6f9a59f33d4e1c71bbfc5e4106ddc818f0e5f1e9bbd5350f938637556c6ef,-70,,0,0,,0
21:59:27,6.0,0,aa1c1c1ecff1fde1bc284d0ec7c8c938f62d5e8c7b8f34a4e8683de8c2c0d402,-90,Rb20,0,0,,0
21:59:28,26.0,0,4c20c9f6ab4c11ee1524e89d60271967311c7112b86d2dafc5acef6475d2af58,-76,,0,0,8.0,0
21:59:29,6.0,0,aa1c1c1ecff1fde1bc284d0ec7c8c938f62d5e8c7b8f34a4e8683de8c2c0d402,-86,Rb20,0,0,,0
21:59:29,,0,0488fb2556402878f9773adf0279f31790129beba5a9834474955ebbbf2f9ae1,-92,,0,0,,0
21:59:30,26.0,0,041aea07b92eab1ba677715aee789ce7336496283e1ee8940b4f6dd5e094afa4,-85,,0,0,12.0,0
21:59:31,,0,ed75ba98fa626a873b1c92cbef4b8368e4d36125f0314afe9ba73608a8e70d3b,-93,,0,0,,0
21:59:32,26.0,0,86c772429019ddd88e56bb72bdbe3deebcd14cf819cc313bb099ec883609e73e,-70,,0,0,6.0,0
21:59:33,26.0,0,a4cf39e2b560204ee6166b6a22da36f3bf4cd01135fc524b678f93466732e223,-67,,0,0,7.0,0
21:59:33,26.0,0,4c20c9f6ab4c11ee1524e89d60271967311c7112b86d2dafc5acef6475d2af58,-82,,0,0,8.0,0
21:59:34,26.0,0,86c772429019ddd88e56bb72bdbe3deebcd14cf819cc313bb099ec883609e73e,-69,,0,0,6.0,0
21:59:35,26.0,0,5ed6f9a59f33d4e1c71bbfc5e4106ddc818f0e5f1e9bbd5350f938637556c6ef,-69,,0,0,,0
21:59:36,26.0,0,5ed6f9a59f33d4e1c71bbfc5e4106ddc818f0e5f1e9bbd5350f938637556c6ef,-69,,0,0,,0
21:59:36,26.0,0,41c45c0df08e47ea405a675352cf13fbe3aa78feb4fb7ccc257c8da738cc25f6,-87,,0,0,8.0,0
21:59:37,26.0,0,a4cf39e2b560204ee6166b6a22da36f3bf4cd01135fc524b678f93466732e223,-75,,0,0,7.0,0
21:59:38,26.0,0,5ed6f9a59f33d4e1c71bbfc5e4106ddc818f0e5f1e9bbd5350f938637556c6ef,-71,,0,0,,0
21:59:39,26.0,0,5ed6f9a59f33d4e1c71bbfc5e4106ddc818f0e5f1e9bbd5350f938637556c6ef,-70,,0,0,,0
21:59:40,26.0,0,231ba77b59614d3e34ad6f04853873cdb57bb155c829e21f998b4107413b6f14,-73,,0,0,12.0,0
21:59:40,26.0,0,5ed6f9a59f33d4e1c71bbfc5e4106ddc818f0e5f1e9bbd5350f938637556c6ef,-71,,0,0,,0
21:59:41,26.0,0,5ed6f9a59f33d4e1c71bbfc5e4106ddc818f0e5f1e9bbd5350f938637556c6ef,-72,,0,0,,0
21:59:42,26.0,0,5ed6f9a59f33d4e1c71bbfc5e4106ddc818f0e5f1e9bbd5350f938637556c6ef,-71,,0,0,,0
21:59:43,26.0,0,86c772429019ddd88e56bb72bdbe3deebcd14cf819cc313bb099ec883609e73e,-70,,0,0,6.0,0
21:59:43,26.0,0,4c20c9f6ab4c11ee1524e89d60271967311c7112b86d2dafc5acef6475d2af58,-82,,0,0,8.0,0
21:59:44,6.0,0,aa1c1c1ecff1fde1bc284d0ec7c8c938f62d5e8c7b8f34a4e8683de8c2c0d402,-83,Rb20,0,0,,0
21:59:45,26.0,0,5ed6f9a59f33d4e1c71bbfc5e4106ddc818f0e5f1e9bbd5350f938637556c6ef,-71,,0,0,,0
21:59:46,26.0,0,231ba77b59614d3e34ad6f04853873cdb57bb155c829e21f998b4107413b6f14,-68,,0,0,12.0,0
21:59:47,26.0,0,231ba77b59614d3e34ad6f04853873cdb57bb155c829e21f998b4107413b6f14,-74,,0,0,12.0,0
21:59:47,26.0,0,4c20c9f6ab4c11ee1524e89d60271967311c7112b86d2dafc5acef6475d2af58,-78,,0,0,8.0,0
21:59:48,26.0,0,041aea07b92eab1ba677715aee789ce7336496283e1ee8940b4f6dd5e094afa4,-81,,0,0,12.0,0
21:59:49,,0,6f193410d36cc2ab6c7f14e181e872e022850b161a155f21064bd71912f5e383,-86,,0,0,,0
21:59:50,26.0,0,156a37474bd59400294b64a7721de7d929ac9cb506b12012bf5b99f68e08b121,-84,,0,0,12.0,0
21:59:50,26.0,0,156a37474bd59400294b64a7721de7d929ac9cb506b12012bf5b99f68e08b121,-85,,0,0,12.0,0
21:59:51,2.0,0,0dedfd7aa0ba4a02fb8c9f4be80f8c39759bff1f6e6dd4fc19637b71466c8861,-84,,0,0,,0
21:59:52,26.0,0,4c20c9f6ab4c11ee1524e89d60271967311c7112b86d2dafc5acef6475d2af58,-78,,0,0,8.0,0
21:59:53,26.0,0,231ba77b59614d3e34ad6f04853873cdb57bb155c829e21f998b4107413b6f14,-64,,0,0,12.0,0
21:59:54,26.0,0,4c20c9f6ab4c11ee1524e89d60271967311c7112b86d2dafc5acef6475d2af58,-79,,0,0,8.0,0
21:59:54,2.0,0,0dedfd7aa0ba4a02fb8c9f4be80f8c39759bff1f6e6dd4fc19637b71466c8861,-79,,0,0,,0
21:59:55,26.0,0,231ba77b59614d3e34ad6f04853873cdb57bb155c829e21f998b4107413b6f14,-79,,0,0,12.0,0
21:59:56,26.0,0,5ed6f9a59f33d4e1c71bbfc5e4106ddc818f0e5f1e9bbd5350f938637556c6ef,-86,,0,0,,0
21:59:57,26.0,0,a4cf39e2b560204ee6166b6a22da36f3bf4cd01135fc524b678f93466732e223,-83,,0,0,7.0,0
21:59:58,2.0,0,0dedfd7aa0ba4a02fb8c9f4be80f8c39759bff1f6e6dd4fc19637b71466c8861,-85,,0,0,,0
21:59:58,26.0,0,231ba77b59614d3e34ad6f04853873cdb57bb155c829e21f998b4107413b6f14,-75,,0,0,12.0,0
21:59:59,26.0,0,231ba77b59614d3e34ad6f04853873cdb57bb155c829e21f998b4107413b6f14,-78,,0,0,12.0,0
22:00:00,26.0,0,86c772429019ddd88e56bb72bdbe3deebcd14cf819cc313bb099ec883609e73e,-87,,0,0,6.0,0
22:00:01,26.0,0,231ba77b59614d3e34ad6f04853873cdb57bb155c829e21f998b4107413b6f14,-90,,0,0,12.0,0
22:00:01,26.0,0,a4cf39e2b560204ee6166b6a22da36f3bf4cd01135fc524b678f93466732e223,-84,,0,0,7.0,0
22:00:02,26.0,0,041aea07b92eab1ba677715aee789ce7336496283e1ee8940b4f6dd5e094afa4,-79,,0,0,12.0,0
22:00:03,26.0,0,41c45c0df08e47ea405a675352cf13fbe3aa78feb4fb7ccc257c8da738cc25f6,-88,,0,0,8.0,0
22:00:04,2.0,0,0dedfd7aa0ba4a02fb8c9f4be80f8c39759bff1f6e6dd4fc19637b71466c8861,-79,,0,0,,0
22:00:05,26.0,0,5ed6f9a59f33d4e1c71bbfc5e4106ddc818f0e5f1e9bbd5350f938637556c6ef,-85,,0,0,,0
22:00:05,26.0,0,5ed6f9a59f33d4e1c71bbfc5e4106ddc818f0e5f1e9bbd5350f938637556c6ef,-82,,0,0,,0
22:00:06,26.0,0,86c772429019ddd88e56bb72bdbe3deebcd14cf819cc313bb099ec883609e73e,-77,,0,0,6.0,0
22:00:07,26.0,0,a4cf39e2b560204ee6166b6a22da36f3bf4cd01135fc524b678f93466732e223,-82,,0,0,7.0,0
22:00:08,26.0,0,4c20c9f6ab4c11ee1524e89d60271967311c7112b86d2dafc5acef6475d2af58,-87,,0,0,8.0,0
22:00:08,26.0,0,5ed6f9a59f33d4e1c71bbfc5e4106ddc818f0e5f1e9bbd5350f938637556c6ef,-81,,0,0,,0
22:00:09,26.0,0,5ed6f9a59f33d4e1c71bbfc5e4106ddc818f0e5f1e9bbd5350f938637556c6ef,-86,,0,0,,0
22:00:10,26.0,0,231ba77b59614d3e34ad6f04853873cdb57bb155c829e21f998b4107413b6f14,-65,,0,0,12.0,0
22:00:11,26.0,0,231ba77b59614d3e34ad6f04853873cdb57bb155c829e21f998b4107413b6f14,-73,,0,0,12.0,0
22:00:12,26.0,0,4c20c9f6ab4c11ee1524e89d60271967311c7112b86d2dafc5acef6475d2af58,-78,,0,0,8.0,0
22:00:12,26.0,0,5ed6f9a59f33d4e1c71bbfc5e4106ddc818f0e5f1e9bbd5350f938637556c6ef,-94,,0,0,,0
22:00:13,26.0,0,231ba77b59614d3e34ad6f04853873cdb57bb155c829e21f998b4107413b6f14,-67,,0,0,12.0,0
22:00:14,26.0,0,4c20c9f6ab4c11ee1524e89d60271967311c7112b86d2dafc5acef6475d2af58,-72,,0,0,8.0,0
22:00:15,26.0,0,5ed6f9a59f33d4e1c71bbfc5e4106ddc818f0e5f1e9bbd5350f938637556c6ef,-80,,0,0,,0
22:00:15,26.0,0,86c772429019ddd88e56bb72bdbe3deebcd14cf819cc313bb099ec883609e73e,-87,,0,0,6.0,0
22:00:16,26.0,0,5ed6f9a59f33d4e1c71bbfc5e4106ddc818f0e5f1e9bbd5350f938637556c6ef,-83,,0,0,,0
22:00:17,26.0,0,041aea07b92eab1ba677715aee789ce7336496283e1ee8940b4f6dd5e094afa4,-77,,0,0,12.0,0
22:00:18,26.0,0,86c772429019ddd88e56bb72bdbe3deebcd14cf819cc313bb099ec883609e73e,-74,,0,0,6.0,0
22:00:19,,0,d44379115d889e7177195d88872a8a1561b8af6119eeac7a8cad87421536dc81,-68,,0,0,,0
22:00:19,26.0,0,231ba77b59614d3e34ad6f04853873cdb57bb155c829e21f998b4107413b6f14,-67,,0,0,12.0,0
22:00:20,26.0,0,a4cf39e2b560204ee6166b6a22da36f3bf4cd01135fc524b678f93466732e223,-78,,0,0,7.0,0
22:00:21,26.0,0,041aea07b92eab1ba677715aee789ce7336496283e1ee8940b4f6dd5e094afa4,-82,,0,0,12.0,0
22:00:22,26.0,0,5ed6f9a59f33d4e1c71bbfc5e4106ddc818f0e5f1e9bbd5350f938637556c6ef,-91,,0,0,,0
22:00:22,26.0,0,041aea07b92eab1ba677715aee789ce7336496283e1ee8940b4f6dd5e094afa4,-82,,0,0,12.0,0
22:00:23,26.0,0,231ba77b59614d3e34ad6f04853873cdb57bb155c829e21f998b4107413b6f14,-66,,0,0,12.0,0
22:00:24,2.0,0,0dedfd7aa0ba4a02fb8c9f4be80f8c39759bff1f6e6dd4fc19637b71466c8861,-83,,0,0,,0
22:00:25,26.0,0,156a37474bd59400294b64a7721de7d929ac9cb506b12012bf5b99f68e08b121,-84,,0,0,12.0,0
22:00:26,26.0,0,4c20c9f6ab4c11ee1524e89d60271967311c7112b86d2dafc5acef6475d2af58,-74,,0,0,8.0,0
22:00:26,26.0,0,041aea07b92eab1ba677715aee789ce7336496283e1ee8940b4f6dd5e094afa4,-81,,0,0,12.0,0
22:00:27,2.0,0,0dedfd7aa0ba4a02fb8c9f4be80f8c39759bff1f6e6dd4fc19637b71466c8861,-75,,0,0,,0
22:00:28,,0,d83f251dd0b044027026e93165c9463c2d1653d3f3915ad0dd45a29bef7e603f,-86,,0,0,,0
22:00:29,,0,de2e354e00c6e15d3476d44e3327471592d0346889da698424bd2b154a1dbbf0,-74,,0,0,,0
22:00:29,26.0,0,a4cf39e2b560204ee6166b6a22da36f3bf4cd01135fc524b678f93466732e223,-78,,0,0,7.0,0
22:00:30,,0,c98aa3198de7f0da4b0062526c4db1c78e91179bf2efa8814b1b34022daa9502,-90,,0,0,,0
22:00:31,26.0,0,86c772429019ddd88e56bb72bdbe3deebcd14cf819cc313bb099ec883609e73e,-89,,0,0,6.0,0
22:00:32,26.0,0,231ba77b59614d3e34ad6f04853873cdb57bb155c829e21f998b4107413b6f14,-69,,0,0,12.0,0
22:00:33,26.0,0,19c71c92a97af7241c58bd13a4387ce4c1f76248fd4c3f51366e5c34577b1d91,-87,,0,0,12.0,0
22:00:33,26.0,0,231ba77b59614d3e34ad6f04853873cdb57bb155c829e21f998b4107413b6f14,-76,,0,0,12.0,0
22:00:34,26.0,0,19c71c92a97af7241c58bd13a4387ce4c1f76248fd4c3f51366e5c34577b1d91,-86,,0,0,12.0,0
22:00:35,26.0,0,a4cf39e2b560204ee6166b6a22da36f3bf4cd01135fc524b678f93466732e223,-79,,0,0,7.0,0
22:00:36,26.0,0,4c20c9f6ab4c11ee1524e89d60271967311c7112b86d2dafc5acef6475d2af58,-82,,0,0,8.0,0
22:00:37,26.0,0,041aea07b92eab1ba677715aee789ce7336496283e1ee8940b4f6dd5e094afa4,-80,,0,0,12.0,0
22:00:37,26.0,0,a424631d6a524a9372b47993741776442ff3a01f24ecc69561f2f547c3784763,-87,,0,0,7.0,0
22:00:38,26.0,0,a424631d6a524a9372b47993741776442ff3a01f24ecc69561f2f547c3784763,-77,,0,0,7.0,0
22:00:39,26.0,0,041aea07b92eab1ba677715aee789ce7336496283e1ee8940b4f6dd5e094afa4,-83,,0,0,12.0,0
22:00:40,26.0,0,a4cf39e2b560204ee6166b6a22da36f3bf4cd01135fc524b678f93466732e223,-81,,0,0,7.0,0
22:00:40,26.0,0,86c772429019ddd88e56bb72bdbe3deebcd14cf819cc313bb099ec883609e73e,-93,,0,0,6.0,0
22:00:41,26.0,0,041aea07b92eab1ba677715aee789ce7336496283e1ee8940b4f6dd5e094afa4,-78,,0,0,12.0,0
22:00:42,26.0,0,041aea07b92eab1ba677715aee789ce7336496283e1ee8940b4f6dd5e094afa4,-88,,0,0,12.0,0
22:00:43,26.0,0,231ba77b59614d3e34ad6f04853873cdb57bb155c829e21f998b4107413b6f14,-69,,0,0,12.0,0
22:00:44,26.0,0,a4cf39e2b560204ee6166b6a22da36f3bf4cd01135fc524b678f93466732e223,-80,,0,0,7.0,0
22:00:44,26.0,0,a4cf39e2b560204ee6166b6a22da36f3bf4cd01135fc524b678f93466732e223,-82,,0,0,7.0,0
22:00:45,26.0,0,a4cf39e2b560204ee6166b6a22da36f3bf4cd01135fc524b678f93466732e223,-80,,0,0,7.0,0
22:00:46,26.0,0,41c45c0df08e47ea405a675352cf13fbe3aa78feb4fb7ccc257c8da738cc25f6,-88,,0,0,8.0,0
22:00:47,26.0,0,231ba77b59614d3e34ad6f04853873cdb57bb155c829e21f998b4107413b6f14,-78,,0,0,12.0,0
22:00:47,26.0,0,4c20c9f6ab4c11ee1524e89d60271967311c7112b86d2dafc5acef6475d2af58,-81,,0,0,8.0,0
22:00:48,26.0,0,86c772429019ddd88e56bb72bdbe3deebcd14cf819cc313bb099ec883609e73e,-88,,0,0,6.0,0
22:00:49,26.0,0,41c45c0df08e47ea405a675352cf13fbe3aa78feb4fb7ccc257c8da738cc25f6,-88,,0,0,8.0,0
22:00:50,26.0,0,a4cf39e2b560204ee6166b6a22da36f3bf4cd01135fc524b678f93466732e223,-81,,0,0,7.0,0
22:00:51,26.0,0,19c71c92a97af7241c58bd13a4387ce4c1f76248fd4c3f51366e5c34577b1d91,-85,,0,0,12.0,0
22:00:51,26.0,0,4c20c9f6ab4c11ee1524e89d60271967311c7112b86d2dafc5acef6475d2af58,-72,,0,0,8.0,0
22:00:52,6.0,0,aa1c1c1ecff1fde1bc284d0ec7c8c938f62d5e8c7b8f34a4e8683de8c2c0d402,-87,Rb20,0,0,,0
22:00:53,6.0,0,aa1c1c1ecff1fde1bc284d0ec7c8c938f62d5e8c7b8f34a4e8683de8c2c0d402,-89,Rb20,0,0,,0
22:00:54,26.0,0,a4cf39e2b560204ee6166b6a22da36f3bf4cd01135fc524b678f93466732e223,-84,,0,0,7.0,0
22:00:54,26.0,0,231ba77b59614d3e34ad6f04853873cdb57bb155c829e21f998b4107413b6f14,-64,,0,0,12.0,0
22:00:55,26.0,0,4c20c9f6ab4c11ee1524e89d60271967311c7112b86d2dafc5acef6475d2af58,-79,,0,0,8.0,0
22:00:56,26.0,0,a4cf39e2b560204ee6166b6a22da36f3bf4cd01135fc524b678f93466732e223,-82,,0,0,7.0,0
22:00:57,,0,de2e354e00c6e15d3476d44e3327471592d0346889da698424bd2b154a1dbbf0,-79,,0,0,,0
22:00:58,26.0,0,4c20c9f6ab4c11ee1524e89d60271967311c7112b86d2dafc5acef6475d2af58,-74,,0,0,8.0,0
22:00:58,26.0,0,4c20c9f6ab4c11ee1524e89d60271967311c7112b86d2dafc5acef6475d2af58,-81,,0,0,8.0,0
22:00:59,26.0,0,231ba77b59614d3e34ad6f04853873cdb57bb155c829e21f998b4107413b6f14,-67,,0,0,12.0,0
22:01:00,26.0,0,37914c025f26d11baeeca37cd6ca64618d6a049439242db4f39dd5e88bfc2847,-88,,0,0,,0
22:01:01,26.0,0,a4cf39e2b560204ee6166b6a22da36f3bf4cd01135fc524b678f93466732e223,-80,,0,0,7.0,0
22:01:01,26.0,0,4c20c9f6ab4c11ee1524e89d60271967311c7112b86d2dafc5acef6475d2af58,-80,,0,0,8.0,0
22:01:02,26.0,0,041aea07b92eab1ba677715aee789ce7336496283e1ee8940b4f6dd5e094afa4,-77,,0,0,12.0,0
22:01:03,26.0,0,19c71c92a97af7241c58bd13a4387ce4c1f76248fd4c3f51366e5c34577b1d91,-85,,0,0,12.0,0
22:01:04,26.0,0,a4cf39e2b560204ee6166b6a22da36f3bf4cd01135fc524b678f93466732e223,-70,,0,0,7.0,0
22:01:05,,0,d44379115d889e7177195d88872a8a1561b8af6119eeac7a8cad87421536dc81,-68,,0,0,,0
22:01:05,26.0,0,4c20c9f6ab4c11ee1524e89d60271967311c7112b86d2dafc5acef6475d2af58,-79,,0,0,8.0,0
22:01:06,26.0,0,6fc8097b3d7f6d7f05fedab7b420aa3fbb1ee7ccd8cf52d6ae233da4b607851a,-93,,0,0,7.0,0
22:01:07,26.0,0,231ba77b59614d3e34ad6f04853873cdb57bb155c829e21f998b4107413b6f14,-72,,0,0,12.0,0
22:01:08,26.0,0,4c20c9f6ab4c11ee1524e89d60271967311c7112b86d2dafc5acef6475d2af58,-77,,0,0,8.0,0
22:01:09,,0,d44379115d889e7177195d88872a8a1561b8af6119eeac7a8cad87421536dc81,-71,,0,0,,0
22:01:09,26.0,0,041aea07b92eab1ba677715aee789ce7336496283e1ee8940b4f6dd5e094afa4,-78,,0,0,12.0,0
22:01:10,26.0,0,041aea07b92eab1ba677715aee789ce7336496283e1ee8940b4f6dd5e094afa4,-79,,0,0,12.0,0
22:01:11,26.0,0,231ba77b59614d3e34ad6f04853873cdb57bb155c829e21f998b4107413b6f14,-67,,0,0,12.0,0
22:01:12,26.0,0,041aea07b92eab1ba677715aee789ce7336496283e1ee8940b4f6dd5e094afa4,-78,,0,0,12.0,0
22:01:12,26.0,0,4c20c9f6ab4c11ee1524e89d60271967311c7112b86d2dafc5acef6475d2af58,-83,,0,0,8.0,0
22:01:13,26.0,0,231ba77b59614d3e34ad6f04853873cdb57bb155c829e21f998b4107413b6f14,-73,,0,0,12.0,0
22:01:14,26.0,0,6fc8097b3d7f6d7f05fedab7b420aa3fbb1ee7ccd8cf52d6ae233da4b607851a,-89,,0,0,7.0,0
22:01:15,26.0,0,a4cf39e2b560204ee6166b6a22da36f3bf4cd01135fc524b678f93466732e223,-82,,0,0,7.0,0
22:01:16,26.0,0,4c20c9f6ab4c11ee1524e89d60271967311c7112b86d2dafc5acef6475d2af58,-74,,0,0,8.0,0
22:01:16,26.0,0,4c20c9f6ab4c11ee1524e89d60271967311c7112b86d2dafc5acef6475d2af58,-81,,0,0,8.0,0
22:01:17,26.0,0,231ba77b59614d3e34ad6f04853873cdb57bb155c829e21f998b4107413b6f14,-70,,0,0,12.0,0
22:01:18,26.0,0,4c20c9f6ab4c11ee1524e89d60271967311c7112b86d2dafc5acef6475d2af58,-76,,0,0,8.0,0
22:01:19,,0,d44379115d889e7177195d88872a8a1561b8af6119eeac7a8cad87421536dc81,-64,,0,0,,0
22:01:19,26.0,0,231ba77b59614d3e34ad6f04853873cdb57bb155c829e21f998b4107413b6f14,-62,,0,0,12.0,0
22:01:20,26.0,0,41c45c0df08e47ea405a675352cf13fbe3aa78feb4fb7ccc257c8da738cc25f6,-89,,0,0,8.0,0
22:01:21,26.0,0,041aea07b92eab1ba677715aee789ce7336496283e1ee8940b4f6dd5e094afa4,-79,,0,0,12.0,0
22:01:22,26.0,0,4c20c9f6ab4c11ee1524e89d60271967311c7112b86d2dafc5acef6475d2af58,-75,,0,0,8.0,0
22:01:23,,0,d44379115d889e7177195d88872a8a1561b8af6119eeac7a8cad87421536dc81,-78,,0,0,,0
22:01:23,26.0,0,231ba77b59614d3e34ad6f04853873cdb57bb155c829e21f998b4107413b6f14,-71,,0,0,12.0,0
22:01:24,26.0,0,041aea07b92eab1ba677715aee789ce7336496283e1ee8940b4f6dd5e094afa4,-84,,0,0,12.0,0
22:01:25,26.0,0,41c45c0df08e47ea405a675352cf13fbe3aa78feb4fb7ccc257c8da738cc25f6,-87,,0,0,8.0,0
22:01:26,26.0,0,4c20c9f6ab4c11ee1524e89d60271967311c7112b86d2dafc5acef6475d2af58,-81,,0,0,8.0,0
22:01:26,26.0,0,4c20c9f6ab4c11ee1524e89d60271967311c7112b86d2dafc5acef6475d2af58,-80,,0,0,8.0,0
22:01:27,26.0,0,a4cf39e2b560204ee6166b6a22da36f3bf4cd01135fc524b678f93466732e223,-77,,0,0,7.0,0
22:01:28,26.0,0,4c20c9f6ab4c11ee1524e89d60271967311c7112b86d2dafc5acef6475d2af58,-81,,0,0,8.0,0
22:01:29,26.0,0,231ba77b59614d3e34ad6f04853873cdb57bb155c829e21f998b4107413b6f14,-69,,0,0,12.0,0
22:01:30,26.0,0,231ba77b59614d3e34ad6f04853873cdb57bb155c829e21f998b4107413b6f14,-67,,0,0,12.0,0
22:01:30,26.0,0,4c20c9f6ab4c11ee1524e89d60271967311c7112b86d2dafc5acef6475d2af58,-75,,0,0,8.0,0
22:01:31,26.0,0,86c772429019ddd88e56bb72bdbe3deebcd14cf819cc313bb099ec883609e73e,-77,,0,0,6.0,0
22:01:32,26.0,0,a4cf39e2b560204ee6166b6a22da36f3bf4cd01135fc524b678f93466732e223,-81,,0,0,7.0,0
22:01:33,26.0,0,a4cf39e2b560204ee6166b6a22da36f3bf4cd01135fc524b678f93466732e223,-80,,0,0,7.0,0
22:01:33,26.0,0,a4cf39e2b560204ee6166b6a22da36f3bf4cd01135fc524b678f93466732e223,-80,,0,0,7.0,0
22:01:34,26.0,0,041aea07b92eab1ba677715aee789ce7336496283e1ee8940b4f6dd5e094afa4,-82,,0,0,12.0,0
22:01:35,26.0,0,231ba77b59614d3e34ad6f04853873cdb57bb155c829e21f998b4107413b6f14,-64,,0,0,12.0,0
22:01:36,26.0,0,231ba77b59614d3e34ad6f04853873cdb57bb155c829e21f998b4107413b6f14,-66,,0,0,12.0,0
22:01:37,26.0,0,a4cf39e2b560204ee6166b6a22da36f3bf4cd01135fc524b678f93466732e223,-81,,0,0,7.0,0
22:01:37,26.0,0,a4cf39e2b560204ee6166b6a22da36f3bf4cd01135fc524b678f93466732e223,-76,,0,0,7.0,0
22:01:38,26.0,0,86c772429019ddd88e56bb72bdbe3deebcd14cf819cc313bb099ec883609e73e,-87,,0,0,6.0,0
22:01:39,26.0,0,a4cf39e2b560204ee6166b6a22da36f3bf4cd01135fc524b678f93466732e223,-78,,0,0,7.0,0
22:01:40,26.0,0,4c20c9f6ab4c11ee1524e89d60271967311c7112b86d2dafc5acef6475d2af58,-78,,0,0,8.0,0
22:01:41,,0,d83f251dd0b044027026e93165c9463c2d1653d3f3915ad0dd45a29bef7e603f,-87,,0,0,,0
22:01:41,26.0,0,4c20c9f6ab4c11ee1524e89d60271967311c7112b86d2dafc5acef6475d2af58,-79,,0,0,8.0,0
22:01:42,,0,c98aa3198de7f0da4b0062526c4db1c78e91179bf2efa8814b1b34022daa9502,-87,,0,0,,0
22:01:43,26.0,0,86c772429019ddd88e56bb72bdbe3deebcd14cf819cc313bb099ec883609e73e,-87,,0,0,6.0,0
22:01:44,26.0,0,41c45c0df08e47ea405a675352cf13fbe3aa78feb4fb7ccc257c8da738cc25f6,-88,,0,0,8.0,0
22:01:44,26.0,0,041aea07b92eab1ba677715aee789ce7336496283e1ee8940b4f6dd5e094afa4,-83,,0,0,12.0,0
22:01:45,26.0,0,4c20c9f6ab4c11ee1524e89d60271967311c7112b86d2dafc5acef6475d2af58,-78,,0,0,8.0,0
22:01:46,26.0,0,a4cf39e2b560204ee6166b6a22da36f3bf4cd01135fc524b678f93466732e223,-76,,0,0,7.0,0
22:01:47,26.0,0,4c20c9f6ab4c11ee1524e89d60271967311c7112b86d2dafc5acef6475d2af58,-81,,0,0,8.0,0
22:01:48,26.0,0,231ba77b59614d3e34ad6f04853873cdb57bb155c829e21f998b4107413b6f14,-75,,0,0,12.0,0
22:01:48,26.0,0,231ba77b59614d3e34ad6f04853873cdb57bb155c829e21f998b4107413b6f14,-70,,0,0,12.0,0
22:01:49,26.0,0,041aea07b92eab1ba677715aee789ce7336496283e1ee8940b4f6dd5e094afa4,-76,,0,0,12.0,0
22:01:50,26.0,0,4c20c9f6ab4c11ee1524e89d60271967311c7112b86d2dafc5acef6475d2af58,-76,,0,0,8.0,0
22:01:51,26.0,0,a4cf39e2b560204ee6166b6a22da36f3bf4cd01135fc524b678f93466732e223,-82,,0,0,7.0,0
22:01:51,26.0,0,4c20c9f6ab4c11ee1524e89d60271967311c7112b86d2dafc5acef6475d2af58,-77,,0,0,8.0,0
22:01:52,26.0,0,4c20c9f6ab4c11ee1524e89d60271967311c7112b86d2dafc5acef6475d2af58,-88,,0,0,8.0,0
22:01:53,,0,ed75ba98fa626a873b1c92cbef4b8368e4d36125f0314afe9ba73608a8e70d3b,-78,,0,0,,0
22:01:54,26.0,0,231ba77b59614d3e34ad6f04853873cdb57bb155c829e21f998b4107413b6f14,-58,,0,0,12.0,0
22:01:55,26.0,0,231ba77b59614d3e34ad6f04853873cdb57bb155c829e21f998b4107413b6f14,-71,,0,0,12.0,0
22:01:55,26.0,0,a4cf39e2b560204ee6166b6a22da36f3bf4cd01135fc524b678f93466732e223,-80,,0,0,7.0,0
22:01:56,26.0,0,19c71c92a97af7241c58bd13a4387ce4c1f76248fd4c3f51366e5c34577b1d91,-83,,0,0,12.0,0
22:01:57,26.0,0,0bbafa3c4f0a594197f3f1135381ed636c867f231feeb42e07ce57e51a39012f,-95,,0,0,12.0,0
22:01:58,26.0,0,231ba77b59614d3e34ad6f04853873cdb57bb155c829e21f998b4107413b6f14,-61,,0,0,12.0,0
22:01:58,26.0,0,231ba77b59614d3e34ad6f04853873cdb57bb155c829e21f998b4107413b6f14,-64,,0,0,12.0,0
22:01:59,26.0,0,4c20c9f6ab4c11ee1524e89d60271967311c7112b86d2dafc5acef6475d2af58,-80,,0,0,8.0,0
22:02:00,26.0,0,231ba77b59614d3e34ad6f04853873cdb57bb155c829e21f998b4107413b6f14,-63,,0,0,12.0,0
22:02:01,6.0,0,aa1c1c1ecff1fde1bc284d0ec7c8c938f62d5e8c7b8f34a4e8683de8c2c0d402,-90,Rb20,0,0,,0
22:02:02,26.0,0,231ba77b59614d3e34ad6f04853873cdb57bb155c829e21f998b4107413b6f14,-61,,0,0,12.0,0
22:02:02,26.0,0,231ba77b59614d3e34ad6f04853873cdb57bb155c829e21f998b4107413b6f14,-58,,0,0,12.0,0
22:02:03,,0,ed75ba98fa626a873b1c92cbef4b8368e4d36125f0314afe9ba73608a8e70d3b,-77,,0,0,,0
22:02:04,26.0,0,41c45c0df08e47ea405a675352cf13fbe3aa78feb4fb7ccc257c8da738cc25f6,-87,,0,0,8.0,0
22:02:05,26.0,0,4c20c9f6ab4c11ee1524e89d60271967311c7112b86d2dafc5acef6475d2af58,-74,,0,0,8.0,0
22:02:05,26.0,0,f406cd986083f211a7c41c0105a0b57f2f376a7a748d34f78e9e471650b765b3,-87,,0,0,8.0,0
22:02:06,26.0,0,041aea07b92eab1ba677715aee789ce7336496283e1ee8940b4f6dd5e094afa4,-78,,0,0,12.0,0
22:02:07,,0,059b1934141025f120a17f4fb1c4ee31a77a20e296b14e65998859c21bb83085,-89,,0,0,,0
22:02:08,26.0,0,a4cf39e2b560204ee6166b6a22da36f3bf4cd01135fc524b678f93466732e223,-86,,0,0,7.0,0
22:02:09,,0,d44379115d889e7177195d88872a8a1561b8af6119eeac7a8cad87421536dc81,-72,,0,0,,0
22:02:09,26.0,0,4c20c9f6ab4c11ee1524e89d60271967311c7112b86d2dafc5acef6475d2af58,-74,,0,0,8.0,0
22:02:10,,0,c98aa3198de7f0da4b0062526c4db1c78e91179bf2efa8814b1b34022daa9502,-82,,0,0,,0
22:02:11,26.0,0,231ba77b59614d3e34ad6f04853873cdb57bb155c829e21f998b4107413b6f14,-61,,0,0,12.0,0
22:02:12,26.0,0,4c20c9f6ab4c11ee1524e89d60271967311c7112b86d2dafc5acef6475d2af58,-75,,0,0,8.0,0
22:02:13,,0,d44379115d889e7177195d88872a8a1561b8af6119eeac7a8cad87421536dc81,-69,,0,0,,0
22:02:13,26.0,0,4c20c9f6ab4c11ee1524e89d60271967311c7112b86d2dafc5acef6475d2af58,-79,,0,0,8.0,0
22:02:14,26.0,0,5ed6f9a59f33d4e1c71bbfc5e4106ddc818f0e5f1e9bbd5350f938637556c6ef,-78,,0,0,,0
22:02:15,26.0,0,86c772429019ddd88e56bb72bdbe3deebcd14cf819cc313bb099ec883609e73e,-75,,0,0,6.0,0
22:02:16,26.0,0,5ed6f9a59f33d4e1c71bbfc5e4106ddc818f0e5f1e9bbd5350f938637556c6ef,-84,,0,0,,0
22:02:16,26.0,0,5ed6f9a59f33d4e1c71bbfc5e4106ddc818f0e5f1e9bbd5350f938637556c6ef,-77,,0,0,,0
22:02:17,26.0,0,41c45c0df08e47ea405a675352cf13fbe3aa78feb4fb7ccc257c8da738cc25f6,-93,,0,0,8.0,0
22:02:18,26.0,0,231ba77b59614d3e34ad6f04853873cdb57bb155c829e21f998b4107413b6f14,-79,,0,0,12.0,0
22:02:19,26.0,0,4c20c9f6ab4c11ee1524e89d60271967311c7112b86d2dafc5acef6475d2af58,-82,,0,0,8.0,0
22:02:19,26.0,0,5ed6f9a59f33d4e1c71bbfc5e4106ddc818f0e5f1e9bbd5350f938637556c6ef,-79,,0,0,,0
22:02:20,26.0,0,86c772429019ddd88e56bb72bdbe3deebcd14cf819cc313bb099ec883609e73e,-76,,0,0,,0
22:02:21,26.0,0,86c772429019ddd88e56bb72bdbe3deebcd14cf819cc313bb099ec883609e73e,-75,,0,0,,0
22:02:22,26.0,0,86c772429019ddd88e56bb72bdbe3deebcd14cf819cc313bb099ec883609e73e,-85,,0,0,,0
22:02:23,26.0,0,4c20c9f6ab4c11ee1524e89d60271967311c7112b86d2dafc5acef6475d2af58,-75,,0,0,8.0,0
22:02:23,26.0,0,041aea07b92eab1ba677715aee789ce7336496283e1ee8940b4f6dd5e094afa4,-85,,0,0,12.0,0
22:02:24,26.0,0,231ba77b59614d3e34ad6f04853873cdb57bb155c829e21f998b4107413b6f14,-74,,0,0,12.0,0
22:02:25,,0,de2e354e00c6e15d3476d44e3327471592d0346889da698424bd2b154a1dbbf0,-79,,0,0,,0
22:02:26,26.0,0,231ba77b59614d3e34ad6f04853873cdb57bb155c829e21f998b4107413b6f14,-75,,0,0,12.0,0
22:02:27,,0,d44379115d889e7177195d88872a8a1561b8af6119eeac7a8cad87421536dc81,-75,,0,0,,0
22:02:27,26.0,0,a4cf39e2b560204ee6166b6a22da36f3bf4cd01135fc524b678f93466732e223,-88,,0,0,7.0,0
22:02:28,26.0,0,5a4da4d0b0b231c6e165510d0d268fbd7cbd456c401a4c5f799a8162c8fee824,-74,,0,0,8.0,0
22:02:29,26.0,0,4c20c9f6ab4c11ee1524e89d60271967311c7112b86d2dafc5acef6475d2af58,-79,,0,0,8.0,0
22:02:30,26.0,0,231ba77b59614d3e34ad6f04853873cdb57bb155c829e21f998b4107413b6f14,-81,,0,0,12.0,0
22:02:30,26.0,0,231ba77b59614d3e34ad6f04853873cdb57bb155c829e21f998b4107413b6f14,-76,,0,0,12.0,0
22:02:31,26.0,0,37914c025f26d11baeeca37cd6ca64618d6a049439242db4f39dd5e88bfc2847,-86,,0,0,,0
22:02:32,26.0,0,41c45c0df08e47ea405a675352cf13fbe3aa78feb4fb7ccc257c8da738cc25f6,-85,,0,0,8.0,0
22:02:33,26.0,0,4c20c9f6ab4c11ee1524e89d60271967311c7112b86d2dafc5acef6475d2af58,-75,,0,0,8.0,0
22:02:34,26.0,0,86c772429019ddd88e56bb72bdbe3deebcd14cf819cc313bb099ec883609e73e,-84,,0,0,6.0,0
22:02:34,26.0,0,5a4da4d0b0b231c6e165510d0d268fbd7cbd456c401a4c5f799a8162c8fee824,-80,,0,0,8.0,0
22:02:35,26.0,0,5a4da4d0b0b231c6e165510d0d268fbd7cbd456c401a4c5f799a8162c8fee824,-81,,0,0,8.0,0
22:02:36,26.0,0,a4cf39e2b560204ee6166b6a22da36f3bf4cd01135fc524b678f93466732e223,-85,,0,0,7.0,0
22:02:37,26.0,0,a4cf39e2b560204ee6166b6a22da36f3bf4cd01135fc524b678f93466732e223,-81,,0,0,7.0,0
22:02:37,26.0,0,231ba77b59614d3e34ad6f04853873cdb57bb155c829e21f998b4107413b6f14,-64,,0,0,12.0,0
22:02:38,26.0,0,041aea07b92eab1ba677715aee789ce7336496283e1ee8940b4f6dd5e094afa4,-79,,0,0,12.0,0
22:02:39,,0,de2e354e00c6e15d3476d44e3327471592d0346889da698424bd2b154a1dbbf0,-76,,0,0,,0
22:02:40,26.0,0,75b373f24c0d3b69bf9d59b13a557455e437eb13e9f0518560b23a513b942081,-91,,0,0,7.0,0
22:02:41,6.0,0,aa1c1c1ecff1fde1bc284d0ec7c8c938f62d5e8c7b8f34a4e8683de8c2c0d402,-85,Rb20,0,0,,0
22:02:41,26.0,0,75b373f24c0d3b69bf9d59b13a557455e437eb13e9f0518560b23a513b942081,-87,,0,0,7.0,0
22:02:42,26.0,0,231ba77b59614d3e34ad6f04853873cdb57bb155c829e21f998b4107413b6f14,-67,,0,0,12.0,0
22:02:43,26.0,0,4c20c9f6ab4c11ee1524e89d60271967311c7112b86d2dafc5acef6475d2af58,-75,,0,0,8.0,0
22:02:44,26.0,0,4c20c9f6ab4c11ee1524e89d60271967311c7112b86d2dafc5acef6475d2af58,-71,,0,0,8.0,0
22:02:45,26.0,0,4c20c9f6ab4c11ee1524e89d60271967311c7112b86d2dafc5acef6475d2af58,-76,,0,0,8.0,0
22:02:45,26.0,0,75b373f24c0d3b69bf9d59b13a557455e437eb13e9f0518560b23a513b942081,-92,,0,0,7.0,0
22:02:46,26.0,0,231ba77b59614d3e34ad6f04853873cdb57bb155c829e21f998b4107413b6f14,-69,,0,0,12.0,0
22:02:47,26.0,0,a4cf39e2b560204ee6166b6a22da36f3bf4cd01135fc524b678f93466732e223,-93,,0,0,7.0,0
22:02:48,26.0,0,041aea07b92eab1ba677715aee789ce7336496283e1ee8940b4f6dd5e094afa4,-80,,0,0,12.0,0
22:02:48,26.0,0,a4cf39e2b560204ee6166b6a22da36f3bf4cd01135fc524b678f93466732e223,-89,,0,0,7.0,0
22:02:49,26.0,0,4c20c9f6ab4c11ee1524e89d60271967311c7112b86d2dafc5acef6475d2af58,-73,,0,0,8.0,0
22:02:50,26.0,0,231ba77b59614d3e34ad6f04853873cdb57bb155c829e21f998b4107413b6f14,-64,,0,0,12.0,0
22:02:51,,0,d44379115d889e7177195d88872a8a1561b8af6119eeac7a8cad87421536dc81,-67,,0,0,,0
22:02:52,26.0,0,4c20c9f6ab4c11ee1524e89d60271967311c7112b86d2dafc5acef6475d2af58,-73,,0,0,8.0,0
22:02:52,6.0,0,311a8e84393bffc6c12d714e377767cab12094e830496d347d7ff045ad7a4267,-91,,0,0,,0
22:02:53,26.0,0,041aea07b92eab1ba677715aee789ce7336496283e1ee8940b4f6dd5e094afa4,-81,,0,0,12.0,0
22:02:54,26.0,0,231ba77b59614d3e34ad6f04853873cdb57bb155c829e21f998b4107413b6f14,-61,,0,0,12.0,0
22:02:55,,0,d44379115d889e7177195d88872a8a1561b8af6119eeac7a8cad87421536dc81,-71,,0,0,,0
22:02:55,26.0,0,231ba77b59614d3e34ad6f04853873cdb57bb155c829e21f998b4107413b6f14,-60,,0,0,12.0,0
22:02:56,26.0,0,231ba77b59614d3e34ad6f04853873cdb57bb155c829e21f998b4107413b6f14,-62,,0,0,12.0,0
22:02:57,26.0,0,041aea07b92eab1ba677715aee789ce7336496283e1ee8940b4f6dd5e094afa4,-86,,0,0,12.0,0
22:02:58,26.0,0,4c20c9f6ab4c11ee1524e89d60271967311c7112b86d2dafc5acef6475d2af58,-72,,0,0,8.0,0
22:02:59,26.0,0,4c20c9f6ab4c11ee1524e89d60271967311c7112b86d2dafc5acef6475d2af58,-76,,0,0,8.0,0
22:02:59,26.0,0,4c20c9f6ab4c11ee1524e89d60271967311c7112b86d2dafc5acef6475d2af58,-73,,0,0,8.0,0
22:03:00,26.0,0,a4cf39e2b560204ee6166b6a22da36f3bf4cd01135fc524b678f93466732e223,-77,,0,0,7.0,0
22:03:01,26.0,0,231ba77b59614d3e34ad6f04853873cdb57bb155c829e21f998b4107413b6f14,-64,,0,0,12.0,0
22:03:02,26.0,0,a4cf39e2b560204ee6166b6a22da36f3bf4cd01135fc524b678f93466732e223,-78,,0,0,7.0,0
22:03:02,26.0,0,4c20c9f6ab4c11ee1524e89d60271967311c7112b86d2dafc5acef6475d2af58,-71,,0,0,8.0,0
22:03:03,26.0,0,231ba77b59614d3e34ad6f04853873cdb57bb155c829e21f998b4107413b6f14,-61,,0,0,12.0,0
22:03:04,6.0,0,aa1c1c1ecff1fde1bc284d0ec7c8c938f62d5e8c7b8f34a4e8683de8c2c0d402,-88,Rb20,0,0,,0
22:03:05,26.0,0,a4cf39e2b560204ee6166b6a22da36f3bf4cd01135fc524b678f93466732e223,-77,,0,0,7.0,0
22:03:06,26.0,0,4c20c9f6ab4c11ee1524e89d60271967311c7112b86d2dafc5acef6475d2af58,-71,,0,0,8.0,0
22:03:06,26.0,0,231ba77b59614d3e34ad6f04853873cdb57bb155c829e21f998b4107413b6f14,-63,,0,0,12.0,0
22:03:07,26.0,0,231ba77b59614d3e34ad6f04853873cdb57bb155c829e21f998b4107413b6f14,-66,,0,0,12.0,0
22:03:08,26.0,0,4c20c9f6ab4c11ee1524e89d60271967311c7112b86d2dafc5acef6475d2af58,-74,,0,0,8.0,0
22:03:09,,0,d44379115d889e7177195d88872a8a1561b8af6119eeac7a8cad87421536dc81,-60,,0,0,,0
22:03:09,26.0,0,19c71c92a97af7241c58bd13a4387ce4c1f76248fd4c3f51366e5c34577b1d91,-91,,0,0,12.0,0
22:03:10,26.0,0,a4cf39e2b560204ee6166b6a22da36f3bf4cd01135fc524b678f93466732e223,-81,,0,0,7.0,0
22:03:11,26.0,0,a4cf39e2b560204ee6166b6a22da36f3bf4cd01135fc524b678f93466732e223,-81,,0,0,7.0,0
22:03:12,26.0,0,041aea07b92eab1ba677715aee789ce7336496283e1ee8940b4f6dd5e094afa4,-77,,0,0,12.0,0
22:03:13,26.0,0,231ba77b59614d3e34ad6f04853873cdb57bb155c829e21f998b4107413b6f14,-81,,0,0,12.0,0
22:03:13,26.0,0,231ba77b59614d3e34ad6f04853873cdb57bb155c829e21f998b4107413b6f14,-69,,0,0,12.0,0
22:03:14,26.0,0,231ba77b59614d3e34ad6f04853873cdb57bb155c829e21f998b4107413b6f14,-60,,0,0,12.0,0
22:03:15,26.0,0,231ba77b59614d3e34ad6f04853873cdb57bb155c829e21f998b4107413b6f14,-67,,0,0,12.0,0
22:03:16,26.0,0,a4cf39e2b560204ee6166b6a22da36f3bf4cd01135fc524b678f93466732e223,-84,,0,0,7.0,0
22:03:16,26.0,0,86c772429019ddd88e56bb72bdbe3deebcd14cf819cc313bb099ec883609e73e,-87,,0,0,6.0,0
22:03:17,26.0,0,da0291c3997eeee3f80a02b572057345243553bf856c5f5a1642da77bfe16ef6,-73,,0,0,8.0,0
22:03:18,26.0,0,da0291c3997eeee3f80a02b572057345243553bf856c5f5a1642da77bfe16ef6,-75,,0,0,8.0,0
22:03:19,26.0,0,231ba77b59614d3e34ad6f04853873cdb57bb155c829e21f998b4107413b6f14,-61,,0,0,12.0,0
22:03:20,26.0,0,19c71c92a97af7241c58bd13a4387ce4c1f76248fd4c3f51366e5c34577b1d91,-93,,0,0,12.0,0
22:03:20,26.0,0,a4cf39e2b560204ee6166b6a22da36f3bf4cd01135fc524b678f93466732e223,-83,,0,0,7.0,0
22:03:21,26.0,0,041aea07b92eab1ba677715aee789ce7336496283e1ee8940b4f6dd5e094afa4,-79,,0,0,12.0,0
22:03:22,26.0,0,231ba77b59614d3e34ad6f04853873cdb57bb155c829e21f998b4107413b6f14,-63,,0,0,12.0,0
22:03:23,,0,d44379115d889e7177195d88872a8a1561b8af6119eeac7a8cad87421536dc81,-63,,0,0,,0
22:03:24,26.0,0,86c772429019ddd88e56bb72bdbe3deebcd14cf819cc313bb099ec883609e73e,-88,,0,0,6.0,0
22:03:24,26.0,0,a4cf39e2b560204ee6166b6a22da36f3bf4cd01135fc524b678f93466732e223,-78,,0,0,7.0,0
22:03:25,26.0,0,6e862e8b7c97eb4a848d050c34418fc01ec4ab32c4b56a55453add4701e09a43,-67,,0,0,12.0,0
22:03:26,26.0,0,86c772429019ddd88e56bb72bdbe3deebcd14cf819cc313bb099ec883609e73e,-84,,0,0,,0
22:03:27,26.0,0,86c772429019ddd88e56bb72bdbe3deebcd14cf819cc313bb099ec883609e73e,-87,,0,0,,0
22:03:27,26.0,0,5ed6f9a59f33d4e1c71bbfc5e4106ddc818f0e5f1e9bbd5350f938637556c6ef,-85,,0,0,,0
22:03:28,26.0,0,5ed6f9a59f33d4e1c71bbfc5e4106ddc818f0e5f1e9bbd5350f938637556c6ef,-86,,0,0,,0
22:03:29,26.0,0,6e862e8b7c97eb4a848d050c34418fc01ec4ab32c4b56a55453add4701e09a43,-63,,0,0,12.0,0
22:03:30,26.0,0,86c772429019ddd88e56bb72bdbe3deebcd14cf819cc313bb099ec883609e73e,-82,,0,0,,0
22:03:31,,0,5bd2b1e40908b3a6038577844138db89a16720ce16925c5a0ab0ee3099de3ecd,-76,,0,0,,0
22:03:31,26.0,0,5ed6f9a59f33d4e1c71bbfc5e4106ddc818f0e5f1e9bbd5350f938637556c6ef,-85,,0,0,,0
22:03:32,6.0,0,aa1c1c1ecff1fde1bc284d0ec7c8c938f62d5e8c7b8f34a4e8683de8c2c0d402,-88,Rb20,0,0,,0
22:03:33,26.0,0,5ed6f9a59f33d4e1c71bbfc5e4106ddc818f0e5f1e9bbd5350f938637556c6ef,-82,,0,0,,0
22:03:34,26.0,0,5ed6f9a59f33d4e1c71bbfc5e4106ddc818f0e5f1e9bbd5350f938637556c6ef,-80,,0,0,,0
22:03:34,2.0,0,a44bc62b069dc1030f9645fa66fb709f4aeffd84ab2c9080f6741c7f9808730a,-89,Rb21,0,0,,0
22:03:35,26.0,0,6e862e8b7c97eb4a848d050c34418fc01ec4ab32c4b56a55453add4701e09a43,-62,,0,0,12.0,0
22:03:36,26.0,0,041aea07b92eab1ba677715aee789ce7336496283e1ee8940b4f6dd5e094afa4,-79,,0,0,12.0,0
22:03:37,26.0,0,a4cf39e2b560204ee6166b6a22da36f3bf4cd01135fc524b678f93466732e223,-88,,0,0,7.0,0
22:03:38,,0,d83f251dd0b044027026e93165c9463c2d1653d3f3915ad0dd45a29bef7e603f,-87,,0,0,,0
22:03:38,26.0,0,a4cf39e2b560204ee6166b6a22da36f3bf4cd01135fc524b678f93466732e223,-88,,0,0,7.0,0
22:03:39,,0,479e5666284abde0221edd2acc6aa02c566fadfa0b85710b981fbb6698d07bb7,-91,,0,0,,0
22:03:40,26.0,0,041aea07b92eab1ba677715aee789ce7336496283e1ee8940b4f6dd5e094afa4,-82,,0,0,12.0,0
22:03:41,26.0,0,5ed6f9a59f33d4e1c71bbfc5e4106ddc818f0e5f1e9bbd5350f938637556c6ef,-79,,0,0,,0
22:03:41,26.0,0,6e862e8b7c97eb4a848d050c34418fc01ec4ab32c4b56a55453add4701e09a43,-71,,0,0,12.0,0
22:03:42,26.0,0,86c772429019ddd88e56bb72bdbe3deebcd14cf819cc313bb099ec883609e73e,-79,,0,0,6.0,0
22:03:43,26.0,0,6e862e8b7c97eb4a848d050c34418fc01ec4ab32c4b56a55453add4701e09a43,-71,,0,0,12.0,0
22:03:44,26.0,0,86c772429019ddd88e56bb72bdbe3deebcd14cf819cc313bb099ec883609e73e,-90,,0,0,6.0,0
22:03:45,26.0,0,da0291c3997eeee3f80a02b572057345243553bf856c5f5a1642da77bfe16ef6,-72,,0,0,8.0,0
22:03:45,26.0,0,da0291c3997eeee3f80a02b572057345243553bf856c5f5a1642da77bfe16ef6,-72,,0,0,8.0,0
22:03:46,26.0,0,034bbc6c44dd429f68d94747765546ca249c7daa8bded9fbdc0c5a4fb4e712af,-92,,0,0,8.0,0
22:03:47,,0,8b31c4ea1e63a9281cda845209081c0902b8efdafd0d578ff782c35885a8ba8a,-83,,0,0,,0
22:03:48,26.0,0,86c772429019ddd88e56bb72bdbe3deebcd14cf819cc313bb099ec883609e73e,-81,,0,0,6.0,0
22:03:48,,0,5bd2b1e40908b3a6038577844138db89a16720ce16925c5a0ab0ee3099de3ecd,-73,,0,0,,0
22:03:49,,0,ed75ba98fa626a873b1c92cbef4b8368e4d36125f0314afe9ba73608a8e70d3b,-80,,0,0,,0
22:03:50,26.0,0,041aea07b92eab1ba677715aee789ce7336496283e1ee8940b4f6dd5e094afa4,-83,,0,0,12.0,0
22:03:51,26.0,0,da0291c3997eeee3f80a02b572057345243553bf856c5f5a1642da77bfe16ef6,-76,,0,0,8.0,0
22:03:52,26.0,0,041aea07b92eab1ba677715aee789ce7336496283e1ee8940b4f6dd5e094afa4,-83,,0,0,12.0,0
22:03:52,26.0,0,86c772429019ddd88e56bb72bdbe3deebcd14cf819cc313bb099ec883609e73e,-81,,0,0,6.0,0
22:03:53,26.0,0,a4cf39e2b560204ee6166b6a22da36f3bf4cd01135fc524b678f93466732e223,-73,,0,0,7.0,0
22:03:54,26.0,0,da0291c3997eeee3f80a02b572057345243553bf856c5f5a1642da77bfe16ef6,-77,,0,0,8.0,0
22:03:55,26.0,0,da0291c3997eeee3f80a02b572057345243553bf856c5f5a1642da77bfe16ef6,-74,,0,0,8.0,0
22:03:56,26.0,0,da0291c3997eeee3f80a02b572057345243553bf856c5f5a1642da77bfe16ef6,-74,,0,0,8.0,0
22:03:56,26.0,0,a4cf39e2b560204ee6166b6a22da36f3bf4cd01135fc524b678f93466732e223,-78,,0,0,7.0,0
22:03:57,26.0,0,da0291c3997eeee3f80a02b572057345243553bf856c5f5a1642da77bfe16ef6,-71,,0,0,8.0,0
22:03:58,26.0,0,da0291c3997eeee3f80a02b572057345243553bf856c5f5a1642da77bfe16ef6,-78,,0,0,8.0,0
22:03:59,,0,c98aa3198de7f0da4b0062526c4db1c78e91179bf2efa8814b1b34022daa9502,-84,,0,0,,0
22:03:59,26.0,0,a4cf39e2b560204ee6166b6a22da36f3bf4cd01135fc524b678f93466732e223,-81,,0,0,7.0,0
22:04:00,26.0,0,da0291c3997eeee3f80a02b572057345243553bf856c5f5a1642da77bfe16ef6,-73,,0,0,8.0,0
22:04:01,26.0,0,034bbc6c44dd429f68d94747765546ca249c7daa8bded9fbdc0c5a4fb4e712af,-90,,0,0,8.0,0
22:04:02,26.0,0,f308ce8e07ef362a8a7040eaabed62b770d9b968ebfeec2a4b3801dfb8738f97,-87,,0,0,6.0,0
22:04:03,26.0,0,da0291c3997eeee3f80a02b572057345243553bf856c5f5a1642da77bfe16ef6,-74,,0,0,8.0,0
22:04:03,,0,d44379115d889e7177195d88872a8a1561b8af6119eeac7a8cad87421536dc81,-58,,0,0,,0
22:04:04,26.0,0,a4cf39e2b560204ee6166b6a22da36f3bf4cd01135fc524b678f93466732e223,-83,,0,0,7.0,0
22:04:05,26.0,0,a4cf39e2b560204ee6166b6a22da36f3bf4cd01135fc524b678f93466732e223,-77,,0,0,7.0,0
22:04:06,26.0,0,041aea07b92eab1ba677715aee789ce7336496283e1ee8940b4f6dd5e094afa4,-77,,0,0,12.0,0
22:04:06,26.0,0,a4cf39e2b560204ee6166b6a22da36f3bf4cd01135fc524b678f93466732e223,-78,,0,0,7.0,0
22:04:07,,0,f3821dc890d168dec88f5ffa5ebd336915ec6e3919ddb18c9dd43d16e09e409a,-82,,0,0,,0
22:04:08,26.0,0,f308ce8e07ef362a8a7040eaabed62b770d9b968ebfeec2a4b3801dfb8738f97,-78,,0,0,6.0,0
22:04:09,26.0,0,da0291c3997eeee3f80a02b572057345243553bf856c5f5a1642da77bfe16ef6,-72,,0,0,8.0,0
22:04:10,26.0,0,041aea07b92eab1ba677715aee789ce7336496283e1ee8940b4f6dd5e094afa4,-85,,0,0,12.0,0
22:04:10,26.0,0,041aea07b92eab1ba677715aee789ce7336496283e1ee8940b4f6dd5e094afa4,-78,,0,0,12.0,0
22:04:11,26.0,0,da0291c3997eeee3f80a02b572057345243553bf856c5f5a1642da77bfe16ef6,-74,,0,0,8.0,0
22:04:12,26.0,0,f308ce8e07ef362a8a7040eaabed62b770d9b968ebfeec2a4b3801dfb8738f97,-74,,0,0,6.0,0
22:04:13,,0,5bd2b1e40908b3a6038577844138db89a16720ce16925c5a0ab0ee3099de3ecd,-78,,0,0,,0
22:04:13,26.0,0,041aea07b92eab1ba677715aee789ce7336496283e1ee8940b4f6dd5e094afa4,-76,,0,0,12.0,0
22:04:14,26.0,0,041aea07b92eab1ba677715aee789ce7336496283e1ee8940b4f6dd5e094afa4,-85,,0,0,12.0,0
22:04:15,26.0,0,da0291c3997eeee3f80a02b572057345243553bf856c5f5a1642da77bfe16ef6,-73,,0,0,8.0,0
22:04:16,26.0,0,041aea07b92eab1ba677715aee789ce7336496283e1ee8940b4f6dd5e094afa4,-87,,0,0,12.0,0
22:04:17,26.0,0,f308ce8e07ef362a8a7040eaabed62b770d9b968ebfeec2a4b3801dfb8738f97,-77,,0,0,6.0,0
22:04:17,26.0,0,da0291c3997eeee3f80a02b572057345243553bf856c5f5a1642da77bfe16ef6,-82,,0,0,8.0,0
22:04:18,26.0,0,041aea07b92eab1ba677715aee789ce7336496283e1ee8940b4f6dd5e094afa4,-86,,0,0,12.0,0
22:04:19,26.0,0,041aea07b92eab1ba677715aee789ce7336496283e1ee8940b4f6dd5e094afa4,-87,,0,0,12.0,0
22:04:20,26.0,0,6e862e8b7c97eb4a848d050c34418fc01ec4ab32c4b56a55453add4701e09a43,-68,,0,0,12.0,0
22:04:20,,0,5bd2b1e40908b3a6038577844138db89a16720ce16925c5a0ab0ee3099de3ecd,-81,,0,0,,0
22:04:21,,0,ed75ba98fa626a873b1c92cbef4b8368e4d36125f0314afe9ba73608a8e70d3b,-85,,0,0,,0
22:04:22,26.0,0,19c71c92a97af7241c58bd13a4387ce4c1f76248fd4c3f51366e5c34577b1d91,-92,,0,0,12.0,0
22:04:23,26.0,0,f308ce8e07ef362a8a7040eaabed62b770d9b968ebfeec2a4b3801dfb8738f97,-81,,0,0,6.0,0
22:04:24,6.0,0,aa1c1c1ecff1fde1bc284d0ec7c8c938f62d5e8c7b8f34a4e8683de8c2c0d402,-83,Rb20,0,0,,0
22:04:24,26.0,0,6e862e8b7c97eb4a848d050c34418fc01ec4ab32c4b56a55453add4701e09a43,-69,,0,0,12.0,0
22:04:25,26.0,0,f308ce8e07ef362a8a7040eaabed62b770d9b968ebfeec2a4b3801dfb8738f97,-86,,0,0,6.0,0
22:04:26,6.0,0,aa1c1c1ecff1fde1bc284d0ec7c8c938f62d5e8c7b8f34a4e8683de8c2c0d402,-88,Rb20,0,0,,0
22:04:27,26.0,0,f308ce8e07ef362a8a7040eaabed62b770d9b968ebfeec2a4b3801dfb8738f97,-83,,0,0,6.0,0
22:04:28,26.0,0,041aea07b92eab1ba677715aee789ce7336496283e1ee8940b4f6dd5e094afa4,-78,,0,0,12.0,0
22:04:28,26.0,0,a4cf39e2b560204ee6166b6a22da36f3bf4cd01135fc524b678f93466732e223,-80,,0,0,7.0,0
22:04:29,26.0,0,a4cf39e2b560204ee6166b6a22da36f3bf4cd01135fc524b678f93466732e223,-87,,0,0,7.0,0
22:04:30,26.0,0,da0291c3997eeee3f80a02b572057345243553bf856c5f5a1642da77bfe16ef6,-74,,0,0,8.0,0
22:04:31,26.0,0,6e862e8b7c97eb4a848d050c34418fc01ec4ab32c4b56a55453add4701e09a43,-72,,0,0,12.0,0
22:04:31,26.0,0,da0291c3997eeee3f80a02b572057345243553bf856c5f5a1642da77bfe16ef6,-75,,0,0,8.0,0
22:04:32,26.0,0,da0291c3997eeee3f80a02b572057345243553bf856c5f5a1642da77bfe16ef6,-72,,0,0,8.0,0
22:04:33,26.0,0,da0291c3997eeee3f80a02b572057345243553bf856c5f5a1642da77bfe16ef6,-75,,0,0,8.0,0
22:04:34,26.0,0,041aea07b92eab1ba677715aee789ce7336496283e1ee8940b4f6dd5e094afa4,-80,,0,0,12.0,0
22:04:35,26.0,0,f308ce8e07ef362a8a7040eaabed62b770d9b968ebfeec2a4b3801dfb8738f97,-86,,0,0,6.0,0
22:04:35,26.0,0,f308ce8e07ef362a8a7040eaabed62b770d9b968ebfeec2a4b3801dfb8738f97,-91,,0,0,6.0,0
22:04:36,26.0,0,6e862e8b7c97eb4a848d050c34418fc01ec4ab32c4b56a55453add4701e09a43,-62,,0,0,12.0,0
22:04:37,26.0,0,da0291c3997eeee3f80a02b572057345243553bf856c5f5a1642da77bfe16ef6,-72,,0,0,8.0,0
22:04:38,,0,d83f251dd0b044027026e93165c9463c2d1653d3f3915ad0dd45a29bef7e603f,-85,,0,0,,0
22:04:38,26.0,0,f308ce8e07ef362a8a7040eaabed62b770d9b968ebfeec2a4b3801dfb8738f97,-74,,0,0,6.0,0
22:04:39,26.0,0,a4cf39e2b560204ee6166b6a22da36f3bf4cd01135fc524b678f93466732e223,-87,,0,0,7.0,0
22:04:40,26.0,0,041aea07b92eab1ba677715aee789ce7336496283e1ee8940b4f6dd5e094afa4,-80,,0,0,12.0,0
22:04:41,26.0,0,034bbc6c44dd429f68d94747765546ca249c7daa8bded9fbdc0c5a4fb4e712af,-96,,0,0,8.0,0
22:04:42,26.0,0,6e862e8b7c97eb4a848d050c34418fc01ec4ab32c4b56a55453add4701e09a43,-63,,0,0,12.0,0
22:04:42,26.0,0,041aea07b92eab1ba677715aee789ce7336496283e1ee8940b4f6dd5e094afa4,-84,,0,0,12.0,0
22:04:43,26.0,0,da0291c3997eeee3f80a02b572057345243553bf856c5f5a1642da77bfe16ef6,-75,,0,0,8.0,0
22:04:44,26.0,0,a4cf39e2b560204ee6166b6a22da36f3bf4cd01135fc524b678f93466732e223,-78,,0,0,7.0,0
22:04:45,26.0,0,f308ce8e07ef362a8a7040eaabed62b770d9b968ebfeec2a4b3801dfb8738f97,-75,,0,0,6.0,0
22:04:45,26.0,0,041aea07b92eab1ba677715aee789ce7336496283e1ee8940b4f6dd5e094afa4,-82,,0,0,12.0,0
22:04:46,26.0,0,f308ce8e07ef362a8a7040eaabed62b770d9b968ebfeec2a4b3801dfb8738f97,-88,,0,0,6.0,0
22:04:47,26.0,0,da0291c3997eeee3f80a02b572057345243553bf856c5f5a1642da77bfe16ef6,-77,,0,0,8.0,0
22:04:48,26.0,0,6e862e8b7c97eb4a848d050c34418fc01ec4ab32c4b56a55453add4701e09a43,-66,,0,0,12.0,0
22:04:49,26.0,0,6e862e8b7c97eb4a848d050c34418fc01ec4ab32c4b56a55453add4701e09a43,-65,,0,0,12.0,0
22:04:49,,0,974144b1e43e18b284cfcc7e012fd16982a0bdece8cc4a0392704349a1dba363,-92,,0,0,,0
22:04:50,26.0,0,6e862e8b7c97eb4a848d050c34418fc01ec4ab32c4b56a55453add4701e09a43,-63,,0,0,12.0,0
22:04:51,26.0,0,6e862e8b7c97eb4a848d050c34418fc01ec4ab32c4b56a55453add4701e09a43,-64,,0,0,12.0,0
22:04:52,,0,41a7525da9cbf1da4a2f5ded3113ec25c590480abdffda893fae2dcf88f78589,-85,,0,0,,0
22:04:52,26.0,0,f308ce8e07ef362a8a7040eaabed62b770d9b968ebfeec2a4b3801dfb8738f97,-78,,0,0,6.0,0
22:04:53,,0,ed75ba98fa626a873b1c92cbef4b8368e4d36125f0314afe9ba73608a8e70d3b,-79,,0,0,,0
22:04:54,26.0,0,6e862e8b7c97eb4a848d050c34418fc01ec4ab32c4b56a55453add4701e09a43,-61,,0,0,12.0,0
22:04:55,26.0,0,f308ce8e07ef362a8a7040eaabed62b770d9b968ebfeec2a4b3801dfb8738f97,-77,,0,0,6.0,0
22:04:56,26.0,0,da0291c3997eeee3f80a02b572057345243553bf856c5f5a1642da77bfe16ef6,-70,,0,0,8.0,0
22:04:56,26.0,0,6e862e8b7c97eb4a848d050c34418fc01ec4ab32c4b56a55453add4701e09a43,-60,,0,0,12.0,0
22:04:57,,0,8b31c4ea1e63a9281cda845209081c0902b8efdafd0d578ff782c35885a8ba8a,-89,,0,0,,0
22:04:58,26.0,0,a4cf39e2b560204ee6166b6a22da36f3bf4cd01135fc524b678f93466732e223,-81,,0,0,7.0,0
22:04:59,,0,5bd2b1e40908b3a6038577844138db89a16720ce16925c5a0ab0ee3099de3ecd,-72,,0,0,,0
22:04:59,26.0,0,f308ce8e07ef362a8a7040eaabed62b770d9b968ebfeec2a4b3801dfb8738f97,-75,,0,0,6.0,0
22:05:00,26.0,0,6e862e8b7c97eb4a848d050c34418fc01ec4ab32c4b56a55453add4701e09a43,-65,,0,0,12.0,0
22:05:01,26.0,0,19c71c92a97af7241c58bd13a4387ce4c1f76248fd4c3f51366e5c34577b1d91,-83,,0,0,12.0,0
22:05:02,26.0,0,a4cf39e2b560204ee6166b6a22da36f3bf4cd01135fc524b678f93466732e223,-85,,0,0,7.0,0
22:05:03,26.0,0,034bbc6c44dd429f68d94747765546ca249c7daa8bded9fbdc0c5a4fb4e712af,-88,,0,0,8.0,0
22:05:03,26.0,0,f308ce8e07ef362a8a7040eaabed62b770d9b968ebfeec2a4b3801dfb8738f97,-86,,0,0,6.0,0
22:05:04,26.0,0,19c71c92a97af7241c58bd13a4387ce4c1f76248fd4c3f51366e5c34577b1d91,-85,,0,0,12.0,0
22:05:05,26.0,0,a4cf39e2b560204ee6166b6a22da36f3bf4cd01135fc524b678f93466732e223,-84,,0,0,7.0,0
22:05:06,26.0,0,6e862e8b7c97eb4a848d050c34418fc01ec4ab32c4b56a55453add4701e09a43,-64,,0,0,12.0,0
22:05:07,26.0,0,6e862e8b7c97eb4a848d050c34418fc01ec4ab32c4b56a55453add4701e09a43,-63,,0,0,12.0,0
22:05:07,26.0,0,041aea07b92eab1ba677715aee789ce7336496283e1ee8940b4f6dd5e094afa4,-80,,0,0,12.0,0
22:05:08,26.0,0,da0291c3997eeee3f80a02b572057345243553bf856c5f5a1642da77bfe16ef6,-73,,0,0,8.0,0
22:05:09,26.0,0,f308ce8e07ef362a8a7040eaabed62b770d9b968ebfeec2a4b3801dfb8738f97,-81,,0,0,6.0,0
22:05:10,6.0,0,aa1c1c1ecff1fde1bc284d0ec7c8c938f62d5e8c7b8f34a4e8683de8c2c0d402,-88,Rb20,0,0,,0
22:05:10,26.0,0,da0291c3997eeee3f80a02b572057345243553bf856c5f5a1642da77bfe16ef6,-71,,0,0,8.0,0
22:05:11,26.0,0,a4cf39e2b560204ee6166b6a22da36f3bf4cd01135fc524b678f93466732e223,-85,,0,0,7.0,0
22:05:12,26.0,0,da0291c3997eeee3f80a02b572057345243553bf856c5f5a1642da77bfe16ef6,-69,,0,0,8.0,0
22:05:13,26.0,0,f308ce8e07ef362a8a7040eaabed62b770d9b968ebfeec2a4b3801dfb8738f97,-84,,0,0,6.0,0
22:05:14,26.0,0,a4cf39e2b560204ee6166b6a22da36f3bf4cd01135fc524b678f93466732e223,-88,,0,0,7.0,0
22:05:14,26.0,0,f308ce8e07ef362a8a7040eaabed62b770d9b968ebfeec2a4b3801dfb8738f97,-85,,0,0,6.0,0
22:05:15,,0,8b31c4ea1e63a9281cda845209081c0902b8efdafd0d578ff782c35885a8ba8a,-84,,0,0,,0
22:05:16,26.0,0,19c71c92a97af7241c58bd13a4387ce4c1f76248fd4c3f51366e5c34577b1d91,-86,,0,0,12.0,0
22:05:17,26.0,0,041aea07b92eab1ba677715aee789ce7336496283e1ee8940b4f6dd5e094afa4,-86,,0,0,12.0,0
22:05:17,26.0,0,a4cf39e2b560204ee6166b6a22da36f3bf4cd01135fc524b678f93466732e223,-84,,0,0,7.0,0
22:05:18,26.0,0,f308ce8e07ef362a8a7040eaabed62b770d9b968ebfeec2a4b3801dfb8738f97,-79,,0,0,6.0,0
22:05:19,26.0,0,6e862e8b7c97eb4a848d050c34418fc01ec4ab32c4b56a55453add4701e09a43,-75,,0,0,12.0,0
22:05:20,26.0,0,6e862e8b7c97eb4a848d050c34418fc01ec4ab32c4b56a55453add4701e09a43,-66,,0,0,12.0,0
22:05:21,26.0,0,da0291c3997eeee3f80a02b572057345243553bf856c5f5a1642da77bfe16ef6,-70,,0,0,8.0,0
22:05:21,26.0,0,da0291c3997eeee3f80a02b572057345243553bf856c5f5a1642da77bfe16ef6,-74,,0,0,8.0,0
22:05:22,26.0,0,19c71c92a97af7241c58bd13a4387ce4c1f76248fd4c3f51366e5c34577b1d91,-86,,0,0,12.0,0
22:05:23,26.0,0,f308ce8e07ef362a8a7040eaabed62b770d9b968ebfeec2a4b3801dfb8738f97,-79,,0,0,6.0,0
22:05:24,26.0,0,37914c025f26d11baeeca37cd6ca64618d6a049439242db4f39dd5e88bfc2847,-93,,0,0,,0
22:05:24,6.0,0,aa1c1c1ecff1fde1bc284d0ec7c8c938f62d5e8c7b8f34a4e8683de8c2c0d402,-85,Rb20,0,0,,0
22:05:25,26.0,0,6e862e8b7c97eb4a848d050c34418fc01ec4ab32c4b56a55453add4701e09a43,-71,,0,0,12.0,0
22:05:26,26.0,0,a4cf39e2b560204ee6166b6a22da36f3bf4cd01135fc524b678f93466732e223,-81,,0,0,7.0,0
22:05:27,,0,5bd2b1e40908b3a6038577844138db89a16720ce16925c5a0ab0ee3099de3ecd,-79,,0,0,,0
22:05:28,,0,d83f251dd0b044027026e93165c9463c2d1653d3f3915ad0dd45a29bef7e603f,-89,,0,0,,0
22:05:28,26.0,0,f308ce8e07ef362a8a7040eaabed62b770d9b968ebfeec2a4b3801dfb8738f97,-78,,0,0,6.0,0
22:05:29,26.0,0,da0291c3997eeee3f80a02b572057345243553bf856c5f5a1642da77bfe16ef6,-74,,0,0,8.0,0
22:05:30,26.0,0,f308ce8e07ef362a8a7040eaabed62b770d9b968ebfeec2a4b3801dfb8738f97,-81,,0,0,6.0,0
22:05:31,26.0,0,6e862e8b7c97eb4a848d050c34418fc01ec4ab32c4b56a55453add4701e09a43,-65,,0,0,12.0,0
22:05:31,,0,c98aa3198de7f0da4b0062526c4db1c78e91179bf2efa8814b1b34022daa9502,-84,,0,0,,0
22:05:32,26.0,0,f308ce8e07ef362a8a7040eaabed62b770d9b968ebfeec2a4b3801dfb8738f97,-88,,0,0,6.0,0
22:05:33,,0,f791a04f193656fd3a0982282150aec5de0136e4eb242090ce9d580e11b1ac6a,-77,,0,0,,0
22:05:34,26.0,0,041aea07b92eab1ba677715aee789ce7336496283e1ee8940b4f6dd5e094afa4,-93,,0,0,12.0,0
22:05:35,26.0,0,da0291c3997eeee3f80a02b572057345243553bf856c5f5a1642da77bfe16ef6,-77,,0,0,8.0,0
22:05:35,26.0,0,da0291c3997eeee3f80a02b572057345243553bf856c5f5a1642da77bfe16ef6,-75,,0,0,8.0,0
22:05:36,26.0,0,a4cf39e2b560204ee6166b6a22da36f3bf4cd01135fc524b678f93466732e223,-86,,0,0,7.0,0
22:05:37,26.0,0,da0291c3997eeee3f80a02b572057345243553bf856c5f5a1642da77bfe16ef6,-75,,0,0,8.0,0
22:05:38,26.0,0,f308ce8e07ef362a8a7040eaabed62b770d9b968ebfeec2a4b3801dfb8738f97,-84,,0,0,6.0,0
22:05:39,26.0,0,75b373f24c0d3b69bf9d59b13a557455e437eb13e9f0518560b23a513b942081,-88,,0,0,7.0,0
22:05:39,26.0,0,da0291c3997eeee3f80a02b572057345243553bf856c5f5a1642da77bfe16ef6,-72,,0,0,8.0,0
22:05:40,6.0,0,aa1c1c1ecff1fde1bc284d0ec7c8c938f62d5e8c7b8f34a4e8683de8c2c0d402,-89,Rb20,0,0,,0
22:05:41,26.0,0,a4cf39e2b560204ee6166b6a22da36f3bf4cd01135fc524b678f93466732e223,-81,,0,0,7.0,0
22:05:42,,0,d83f251dd0b044027026e93165c9463c2d1653d3f3915ad0dd45a29bef7e603f,-88,,0,0,,0
22:05:42,26.0,0,6e862e8b7c97eb4a848d050c34418fc01ec4ab32c4b56a55453add4701e09a43,-66,,0,0,12.0,0
22:05:43,26.0,0,f308ce8e07ef362a8a7040eaabed62b770d9b968ebfeec2a4b3801dfb8738f97,-77,,0,0,6.0,0
22:05:44,26.0,0,6e862e8b7c97eb4a848d050c34418fc01ec4ab32c4b56a55453add4701e09a43,-63,,0,0,12.0,0
22:05:45,26.0,0,6e862e8b7c97eb4a848d050c34418fc01ec4ab32c4b56a55453add4701e09a43,-62,,0,0,12.0,0
22:05:46,,0,d83f251dd0b044027026e93165c9463c2d1653d3f3915ad0dd45a29bef7e603f,-89,,0,0,,0
22:05:46,26.0,0,19c71c92a97af7241c58bd13a4387ce4c1f76248fd4c3f51366e5c34577b1d91,-86,,0,0,12.0,0
22:05:47,26.0,0,041aea07b92eab1ba677715aee789ce7336496283e1ee8940b4f6dd5e094afa4,-80,,0,0,12.0,0
22:05:48,26.0,0,f308ce8e07ef362a8a7040eaabed62b770d9b968ebfeec2a4b3801dfb8738f97,-82,,0,0,6.0,0
22:05:49,26.0,0,da0291c3997eeee3f80a02b572057345243553bf856c5f5a1642da77bfe16ef6,-73,,0,0,8.0,0
22:05:49,,0,c98aa3198de7f0da4b0062526c4db1c78e91179bf2efa8814b1b34022daa9502,-81,,0,0,,0
22:05:50,26.0,0,a4cf39e2b560204ee6166b6a22da36f3bf4cd01135fc524b678f93466732e223,-93,,0,0,7.0,0
22:05:51,26.0,0,f308ce8e07ef362a8a7040eaabed62b770d9b968ebfeec2a4b3801dfb8738f97,-85,,0,0,6.0,0
22:05:52,26.0,0,a4cf39e2b560204ee6166b6a22da36f3bf4cd01135fc524b678f93466732e223,-80,,0,0,7.0,0
22:05:53,26.0,0,f308ce8e07ef362a8a7040eaabed62b770d9b968ebfeec2a4b3801dfb8738f97,-79,,0,0,6.0,0
22:05:53,,0,c98aa3198de7f0da4b0062526c4db1c78e91179bf2efa8814b1b34022daa9502,-80,,0,0,,0
22:05:54,26.0,0,da0291c3997eeee3f80a02b572057345243553bf856c5f5a1642da77bfe16ef6,-76,,0,0,8.0,0
22:05:55,26.0,0,a4cf39e2b560204ee6166b6a22da36f3bf4cd01135fc524b678f93466732e223,-76,,0,0,7.0,0
22:05:56,26.0,0,f308ce8e07ef362a8a7040eaabed62b770d9b968ebfeec2a4b3801dfb8738f97,-81,,0,0,6.0,0
22:05:56,26.0,0,f308ce8e07ef362a8a7040eaabed62b770d9b968ebfeec2a4b3801dfb8738f97,-78,,0,0,6.0,0
22:05:57,26.0,0,f308ce8e07ef362a8a7040eaabed62b770d9b968ebfeec2a4b3801dfb8738f97,-90,,0,0,6.0,0
22:05:58,26.0,0,a4cf39e2b560204ee6166b6a22da36f3bf4cd01135fc524b678f93466732e223,-79,,0,0,7.0,0
22:05:59,26.0,0,a4cf39e2b560204ee6166b6a22da36f3bf4cd01135fc524b678f93466732e223,-80,,0,0,7.0,0
22:06:00,26.0,0,a4cf39e2b560204ee6166b6a22da36f3bf4cd01135fc524b678f93466732e223,-80,,0,0,7.0,0
22:06:00,26.0,0,a4cf39e2b560204ee6166b6a22da36f3bf4cd01135fc524b678f93466732e223,-78,,0,0,7.0,0
22:06:01,,0,8b31c4ea1e63a9281cda845209081c0902b8efdafd0d578ff782c35885a8ba8a,-83,,0,0,,0
22:06:02,26.0,0,f308ce8e07ef362a8a7040eaabed62b770d9b968ebfeec2a4b3801dfb8738f97,-81,,0,0,6.0,0
22:06:03,26.0,0,f308ce8e07ef362a8a7040eaabed62b770d9b968ebfeec2a4b3801dfb8738f97,-78,,0,0,6.0,0
22:06:03,26.0,0,da0291c3997eeee3f80a02b572057345243553bf856c5f5a1642da77bfe16ef6,-71,,0,0,8.0,0
22:06:04,26.0,0,a4cf39e2b560204ee6166b6a22da36f3bf4cd01135fc524b678f93466732e223,-84,,0,0,7.0,0
22:06:05,26.0,0,041aea07b92eab1ba677715aee789ce7336496283e1ee8940b4f6dd5e094afa4,-85,,0,0,12.0,0
22:06:06,26.0,0,6e862e8b7c97eb4a848d050c34418fc01ec4ab32c4b56a55453add4701e09a43,-56,,0,0,12.0,0
22:06:07,26.0,0,6e862e8b7c97eb4a848d050c34418fc01ec4ab32c4b56a55453add4701e09a43,-66,,0,0,12.0,0
22:06:07,26.0,0,da0291c3997eeee3f80a02b572057345243553bf856c5f5a1642da77bfe16ef6,-77,,0,0,8.0,0
22:06:08,26.0,0,da0291c3997eeee3f80a02b572057345243553bf856c5f5a1642da77bfe16ef6,-70,,0,0,8.0,0
22:06:09,26.0,0,a4cf39e2b560204ee6166b6a22da36f3bf4cd01135fc524b678f93466732e223,-82,,0,0,7.0,0
22:06:10,26.0,0,a4cf39e2b560204ee6166b6a22da36f3bf4cd01135fc524b678f93466732e223,-78,,0,0,7.0,0
22:06:10,26.0,0,f308ce8e07ef362a8a7040eaabed62b770d9b968ebfeec2a4b3801dfb8738f97,-82,,0,0,6.0,0
22:06:11,,0,8b31c4ea1e63a9281cda845209081c0902b8efdafd0d578ff782c35885a8ba8a,-79,,0,0,,0
22:06:12,26.0,0,f308ce8e07ef362a8a7040eaabed62b770d9b968ebfeec2a4b3801dfb8738f97,-78,,0,0,6.0,0
22:06:13,26.0,0,6e862e8b7c97eb4a848d050c34418fc01ec4ab32c4b56a55453add4701e09a43,-60,,0,0,12.0,0
22:06:14,26.0,0,da0291c3997eeee3f80a02b572057345243553bf856c5f5a1642da77bfe16ef6,-77,,0,0,8.0,0
22:06:14,26.0,0,a4cf39e2b560204ee6166b6a22da36f3bf4cd01135fc524b678f93466732e223,-79,,0,0,7.0,0
22:06:15,6.0,0,aa1c1c1ecff1fde1bc284d0ec7c8c938f62d5e8c7b8f34a4e8683de8c2c0d402,-88,Rb20,0,0,,0
22:06:16,26.0,0,f308ce8e07ef362a8a7040eaabed62b770d9b968ebfeec2a4b3801dfb8738f97,-84,,0,0,6.0,0
22:06:17,26.0,0,da0291c3997eeee3f80a02b572057345243553bf856c5f5a1642da77bfe16ef6,-71,,0,0,8.0,0
22:06:17,26.0,0,19c71c92a97af7241c58bd13a4387ce4c1f76248fd4c3f51366e5c34577b1d91,-93,,0,0,12.0,0
22:06:18,26.0,0,a4cf39e2b560204ee6166b6a22da36f3bf4cd01135fc524b678f93466732e223,-72,,0,0,7.0,0
22:06:19,26.0,0,a4cf39e2b560204ee6166b6a22da36f3bf4cd01135fc524b678f93466732e223,-76,,0,0,7.0,0
22:06:20,26.0,0,6e862e8b7c97eb4a848d050c34418fc01ec4ab32c4b56a55453add4701e09a43,-62,,0,0,12.0,0
22:06:21,26.0,0,041aea07b92eab1ba677715aee789ce7336496283e1ee8940b4f6dd5e094afa4,-89,,0,0,12.0,0
22:06:21,,0,479e5666284abde0221edd2acc6aa02c566fadfa0b85710b981fbb6698d07bb7,-92,,0,0,,0
22:06:22,26.0,0,da0291c3997eeee3f80a02b572057345243553bf856c5f5a1642da77bfe16ef6,-77,,0,0,8.0,0
22:06:23,,0,5bd2b1e40908b3a6038577844138db89a16720ce16925c5a0ab0ee3099de3ecd,-76,,0,0,,0
22:06:24,26.0,0,a4cf39e2b560204ee6166b6a22da36f3bf4cd01135fc524b678f93466732e223,-78,,0,0,7.0,0
22:06:25,26.0,0,f308ce8e07ef362a8a7040eaabed62b770d9b968ebfeec2a4b3801dfb8738f97,-84,,0,0,6.0,0
22:06:25,26.0,0,6e862e8b7c97eb4a848d050c34418fc01ec4ab32c4b56a55453add4701e09a43,-64,,0,0,12.0,0
22:06:26,26.0,0,a4cf39e2b560204ee6166b6a22da36f3bf4cd01135fc524b678f93466732e223,-77,,0,0,7.0,0
22:06:27,26.0,0,da0291c3997eeee3f80a02b572057345243553bf856c5f5a1642da77bfe16ef6,-75,,0,0,8.0,0
22:06:28,,0,c98aa3198de7f0da4b0062526c4db1c78e91179bf2efa8814b1b34022daa9502,-80,,0,0,,0
22:06:28,26.0,0,da0291c3997eeee3f80a02b572057345243553bf856c5f5a1642da77bfe16ef6,-76,,0,0,8.0,0
22:06:29,26.0,0,a4cf39e2b560204ee6166b6a22da36f3bf4cd01135fc524b678f93466732e223,-78,,0,0,7.0,0
22:06:30,26.0,0,f308ce8e07ef362a8a7040eaabed62b770d9b968ebfeec2a4b3801dfb8738f97,-78,,0,0,6.0,0
22:06:31,26.0,0,6e862e8b7c97eb4a848d050c34418fc01ec4ab32c4b56a55453add4701e09a43,-67,,0,0,12.0,0
22:06:32,26.0,0,6e862e8b7c97eb4a848d050c34418fc01ec4ab32c4b56a55453add4701e09a43,-71,,0,0,12.0,0
22:06:32,26.0,0,6e862e8b7c97eb4a848d050c34418fc01ec4ab32c4b56a55453add4701e09a43,-71,,0,0,12.0,0
22:06:33,,0,f791a04f193656fd3a0982282150aec5de0136e4eb242090ce9d580e11b1ac6a,-83,,0,0,,0
22:06:34,26.0,0,da0291c3997eeee3f80a02b572057345243553bf856c5f5a1642da77bfe16ef6,-72,,0,0,8.0,0
22:06:35,26.0,0,a4cf39e2b560204ee6166b6a22da36f3bf4cd01135fc524b678f93466732e223,-79,,0,0,7.0,0
22:06:35,26.0,0,37914c025f26d11baeeca37cd6ca64618d6a049439242db4f39dd5e88bfc2847,-91,,0,0,,0
22:06:36,26.0,0,5ae54f71e02b4b8ade7b803985059b4a6859468820368acffa54bbf8627d5ec9,-83,,0,0,8.0,0
22:06:37,,0,5bd2b1e40908b3a6038577844138db89a16720ce16925c5a0ab0ee3099de3ecd,-72,,0,0,,0
22:06:38,26.0,0,5ae54f71e02b4b8ade7b803985059b4a6859468820368acffa54bbf8627d5ec9,-84,,0,0,8.0,0
22:06:39,26.0,0,6e862e8b7c97eb4a848d050c34418fc01ec4ab32c4b56a55453add4701e09a43,-62,,0,0,12.0,0
22:06:39,26.0,0,da0291c3997eeee3f80a02b572057345243553bf856c5f5a1642da77bfe16ef6,-70,,0,0,8.0,0
22:06:40,26.0,0,5ae54f71e02b4b8ade7b803985059b4a6859468820368acffa54bbf8627d5ec9,-78,,0,0,8.0,0
22:06:41,26.0,0,19c71c92a97af7241c58bd13a4387ce4c1f76248fd4c3f51366e5c34577b1d91,-92,,0,0,12.0,0
22:06:42,,0,d83f251dd0b044027026e93165c9463c2d1653d3f3915ad0dd45a29bef7e603f,-91,,0,0,,0
22:06:42,26.0,0,da0291c3997eeee3f80a02b572057345243553bf856c5f5a1642da77bfe16ef6,-71,,0,0,8.0,0
22:06:43,26.0,0,da0291c3997eeee3f80a02b572057345243553bf856c5f5a1642da77bfe16ef6,-75,,0,0,8.0,0
22:06:44,26.0,0,5ae54f71e02b4b8ade7b803985059b4a6859468820368acffa54bbf8627d5ec9,-80,,0,0,8.0,0
22:06:45,26.0,0,5ae54f71e02b4b8ade7b803985059b4a6859468820368acffa54bbf8627d5ec9,-84,,0,0,8.0,0
22:06:46,26.0,0,6584c52b7f50d1647f88e23a650f6afedcae00f93457e1679978c51f3bc2e275,-78,,0,0,,0
22:06:46,26.0,0,6584c52b7f50d1647f88e23a650f6afedcae00f93457e1679978c51f3bc2e275,-84,,0,0,,0
22:06:47,26.0,0,6584c52b7f50d1647f88e23a650f6afedcae00f93457e1679978c51f3bc2e275,-75,,0,0,,0
22:06:48,26.0,0,f308ce8e07ef362a8a7040eaabed62b770d9b968ebfeec2a4b3801dfb8738f97,-83,,0,0,6.0,0
22:06:49,26.0,0,041aea07b92eab1ba677715aee789ce7336496283e1ee8940b4f6dd5e094afa4,-83,,0,0,12.0,0
22:06:50,26.0,0,f308ce8e07ef362a8a7040eaabed62b770d9b968ebfeec2a4b3801dfb8738f97,-84,,0,0,6.0,0
22:06:50,26.0,0,041aea07b92eab1ba677715aee789ce7336496283e1ee8940b4f6dd5e094afa4,-83,,0,0,12.0,0
22:06:51,,0,f791a04f193656fd3a0982282150aec5de0136e4eb242090ce9d580e11b1ac6a,-89,,0,0,,0
22:06:52,26.0,0,da0291c3997eeee3f80a02b572057345243553bf856c5f5a1642da77bfe16ef6,-75,,0,0,8.0,0
22:06:53,26.0,0,6584c52b7f50d1647f88e23a650f6afedcae00f93457e1679978c51f3bc2e275,-86,,0,0,,0
22:06:53,26.0,0,a4cf39e2b560204ee6166b6a22da36f3bf4cd01135fc524b678f93466732e223,-85,,0,0,7.0,0
22:06:54,26.0,0,041aea07b92eab1ba677715aee789ce7336496283e1ee8940b4f6dd5e094afa4,-82,,0,0,12.0,0
22:06:55,,0,5bd2b1e40908b3a6038577844138db89a16720ce16925c5a0ab0ee3099de3ecd,-71,,0,0,,0
22:06:56,26.0,0,f308ce8e07ef362a8a7040eaabed62b770d9b968ebfeec2a4b3801dfb8738f97,-79,,0,0,6.0,0
22:06:57,26.0,0,5ae54f71e02b4b8ade7b803985059b4a6859468820368acffa54bbf8627d5ec9,-91,,0,0,8.0,0
22:06:57,26.0,0,6e862e8b7c97eb4a848d050c34418fc01ec4ab32c4b56a55453add4701e09a43,-67,,0,0,12.0,0
22:06:58,26.0,0,6e862e8b7c97eb4a848d050c34418fc01ec4ab32c4b56a55453add4701e09a43,-62,,0,0,12.0,0
22:06:59,26.0,0,041aea07b92eab1ba677715aee789ce7336496283e1ee8940b4f6dd5e094afa4,-83,,0,0,12.0,0
22:07:00,,0,c98aa3198de7f0da4b0062526c4db1c78e91179bf2efa8814b1b34022daa9502,-87,,0,0,,0
22:07:00,26.0,0,041aea07b92eab1ba677715aee789ce7336496283e1ee8940b4f6dd5e094afa4,-84,,0,0,12.0,0
22:07:01,26.0,0,da0291c3997eeee3f80a02b572057345243553bf856c5f5a1642da77bfe16ef6,-74,,0,0,8.0,0
22:07:02,26.0,0,6584c52b7f50d1647f88e23a650f6afedcae00f93457e1679978c51f3bc2e275,-85,,0,0,,0
22:07:03,26.0,0,6584c52b7f50d1647f88e23a650f6afedcae00f93457e1679978c51f3bc2e275,-84,,0,0,,0
22:07:04,26.0,0,6584c52b7f50d1647f88e23a650f6afedcae00f93457e1679978c51f3bc2e275,-84,,0,0,,0
22:07:04,26.0,0,6584c52b7f50d1647f88e23a650f6afedcae00f93457e1679978c51f3bc2e275,-96,,0,0,,0
22:07:05,26.0,0,6584c52b7f50d1647f88e23a650f6afedcae00f93457e1679978c51f3bc2e275,-89,,0,0,,0
22:07:06,26.0,0,6584c52b7f50d1647f88e23a650f6afedcae00f93457e1679978c51f3bc2e275,-80,,0,0,,0
22:07:07,26.0,0,6584c52b7f50d1647f88e23a650f6afedcae00f93457e1679978c51f3bc2e275,-80,,0,0,,0
22:07:07,26.0,0,041aea07b92eab1ba677715aee789ce7336496283e1ee8940b4f6dd5e094afa4,-79,,0,0,12.0,0
22:07:08,26.0,0,da0291c3997eeee3f80a02b572057345243553bf856c5f5a1642da77bfe16ef6,-77,,0,0,8.0,0
22:07:09,26.0,0,6e862e8b7c97eb4a848d050c34418fc01ec4ab32c4b56a55453add4701e09a43,-62,,0,0,12.0,0
22:07:10,26.0,0,5ae54f71e02b4b8ade7b803985059b4a6859468820368acffa54bbf8627d5ec9,-78,,0,0,8.0,0
22:07:11,26.0,0,6584c52b7f50d1647f88e23a650f6afedcae00f93457e1679978c51f3bc2e275,-69,,0,0,,0
22:07:11,26.0,0,da0291c3997eeee3f80a02b572057345243553bf856c5f5a1642da77bfe16ef6,-72,,0,0,8.0,0
22:07:12,26.0,0,6e862e8b7c97eb4a848d050c34418fc01ec4ab32c4b56a55453add4701e09a43,-83,,0,0,12.0,0
22:07:13,26.0,0,da0291c3997eeee3f80a02b572057345243553bf856c5f5a1642da77bfe16ef6,-74,,0,0,8.0,0
22:07:14,26.0,0,041aea07b92eab1ba677715aee789ce7336496283e1ee8940b4f6dd5e094afa4,-84,,0,0,12.0,0
22:07:14,26.0,0,f308ce8e07ef362a8a7040eaabed62b770d9b968ebfeec2a4b3801dfb8738f97,-75,,0,0,6.0,0
22:07:15,26.0,0,da0291c3997eeee3f80a02b572057345243553bf856c5f5a1642da77bfe16ef6,-75,,0,0,8.0,0
22:07:16,26.0,0,19c71c92a97af7241c58bd13a4387ce4c1f76248fd4c3f51366e5c34577b1d91,-89,,0,0,12.0,0
22:07:17,,0,8b31c4ea1e63a9281cda845209081c0902b8efdafd0d578ff782c35885a8ba8a,-78,,0,0,,0
22:07:18,26.0,0,6e862e8b7c97eb4a848d050c34418fc01ec4ab32c4b56a55453add4701e09a43,-70,,0,0,12.0,0
22:07:18,26.0,0,a4cf39e2b560204ee6166b6a22da36f3bf4cd01135fc524b678f93466732e223,-78,,0,0,7.0,0
22:07:19,26.0,0,034bbc6c44dd429f68d94747765546ca249c7daa8bded9fbdc0c5a4fb4e712af,-89,,0,0,8.0,0
22:07:20,26.0,0,a4cf39e2b560204ee6166b6a22da36f3bf4cd01135fc524b678f93466732e223,-74,,0,0,7.0,0
22:07:21,26.0,0,6e862e8b7c97eb4a848d050c34418fc01ec4ab32c4b56a55453add4701e09a43,-65,,0,0,12.0,0
22:07:22,26.0,0,6e862e8b7c97eb4a848d050c34418fc01ec4ab32c4b56a55453add4701e09a43,-63,,0,0,12.0,0
22:07:22,26.0,0,f308ce8e07ef362a8a7040eaabed62b770d9b968ebfeec2a4b3801dfb8738f97,-83,,0,0,6.0,0
22:07:23,26.0,0,a4cf39e2b560204ee6166b6a22da36f3bf4cd01135fc524b678f93466732e223,-77,,0,0,7.0,0
22:07:24,26.0,0,a4cf39e2b560204ee6166b6a22da36f3bf4cd01135fc524b678f93466732e223,-80,,0,0,7.0,0
22:07:25,26.0,0,041aea07b92eab1ba677715aee789ce7336496283e1ee8940b4f6dd5e094afa4,-79,,0,0,12.0,0
22:07:25,26.0,0,da0291c3997eeee3f80a02b572057345243553bf856c5f5a1642da77bfe16ef6,-71,,0,0,8.0,0
22:07:26,26.0,0,da0291c3997eeee3f80a02b572057345243553bf856c5f5a1642da77bfe16ef6,-71,,0,0,8.0,0
22:07:27,26.0,0,a4cf39e2b560204ee6166b6a22da36f3bf4cd01135fc524b678f93466732e223,-88,,0,0,7.0,0
22:07:28,26.0,0,041aea07b92eab1ba677715aee789ce7336496283e1ee8940b4f6dd5e094afa4,-81,,0,0,12.0,0
22:07:29,26.0,0,6e862e8b7c97eb4a848d050c34418fc01ec4ab32c4b56a55453add4701e09a43,-62,,0,0,12.0,0
22:07:29,26.0,0,041aea07b92eab1ba677715aee789ce7336496283e1ee8940b4f6dd5e094afa4,-82,,0,0,12.0,0
22:07:30,26.0,0,da0291c3997eeee3f80a02b572057345243553bf856c5f5a1642da77bfe16ef6,-77,,0,0,8.0,0
22:07:31,,0,8b31c4ea1e63a9281cda845209081c0902b8efdafd0d578ff782c35885a8ba8a,-76,,0,0,,0
22:07:32,26.0,0,a4cf39e2b560204ee6166b6a22da36f3bf4cd01135fc524b678f93466732e223,-81,,0,0,7.0,0
22:07:32,26.0,0,6e862e8b7c97eb4a848d050c34418fc01ec4ab32c4b56a55453add4701e09a43,-76,,0,0,12.0,0
22:07:33,26.0,0,75b373f24c0d3b69bf9d59b13a557455e437eb13e9f0518560b23a513b942081,-92,,0,0,7.0,0
22:07:34,26.0,0,19c71c92a97af7241c58bd13a4387ce4c1f76248fd4c3f51366e5c34577b1d91,-85,,0,0,12.0,0
22:07:35,,0,8b31c4ea1e63a9281cda845209081c0902b8efdafd0d578ff782c35885a8ba8a,-74,,0,0,,0
22:07:36,26.0,0,da0291c3997eeee3f80a02b572057345243553bf856c5f5a1642da77bfe16ef6,-71,,0,0,8.0,0
22:07:36,26.0,0,da0291c3997eeee3f80a02b572057345243553bf856c5f5a1642da77bfe16ef6,-77,,0,0,8.0,0
22:07:37,26.0,0,a4cf39e2b560204ee6166b6a22da36f3bf4cd01135fc524b678f93466732e223,-74,,0,0,7.0,0
22:07:38,26.0,0,f308ce8e07ef362a8a7040eaabed62b770d9b968ebfeec2a4b3801dfb8738f97,-85,,0,0,6.0,0
22:07:39,26.0,0,a4cf39e2b560204ee6166b6a22da36f3bf4cd01135fc524b678f93466732e223,-75,,0,0,7.0,0
22:07:39,,0,d44379115d889e7177195d88872a8a1561b8af6119eeac7a8cad87421536dc81,-66,,0,0,,0
22:07:40,26.0,0,da0291c3997eeee3f80a02b572057345243553bf856c5f5a1642da77bfe16ef6,-73,,0,0,8.0,0
22:07:41,26.0,0,a4cf39e2b560204ee6166b6a22da36f3bf4cd01135fc524b678f93466732e223,-82,,0,0,7.0,0
22:07:42,,0,c98aa3198de7f0da4b0062526c4db1c78e91179bf2efa8814b1b34022daa9502,-81,,0,0,,0
22:07:43,26.0,0,041aea07b92eab1ba677715aee789ce7336496283e1ee8940b4f6dd5e094afa4,-80,,0,0,12.0,0
22:07:43,,0,d44379115d889e7177195d88872a8a1561b8af6119eeac7a8cad87421536dc81,-67,,0,0,,0
22:07:44,26.0,0,da0291c3997eeee3f80a02b572057345243553bf856c5f5a1642da77bfe16ef6,-70,,0,0,8.0,0
22:07:45,26.0,0,6e862e8b7c97eb4a848d050c34418fc01ec4ab32c4b56a55453add4701e09a43,-72,,0,0,12.0,0
22:07:46,,0,d83f251dd0b044027026e93165c9463c2d1653d3f3915ad0dd45a29bef7e603f,-86,,0,0,,0
22:07:46,26.0,0,f308ce8e07ef362a8a7040eaabed62b770d9b968ebfeec2a4b3801dfb8738f97,-80,,0,0,6.0,0
22:07:47,26.0,0,041aea07b92eab1ba677715aee789ce7336496283e1ee8940b4f6dd5e094afa4,-83,,0,0,12.0,0
22:07:48,26.0,0,19c71c92a97af7241c58bd13a4387ce4c1f76248fd4c3f51366e5c34577b1d91,-84,,0,0,12.0,0
22:07:49,26.0,0,041aea07b92eab1ba677715aee789ce7336496283e1ee8940b4f6dd5e094afa4,-83,,0,0,12.0,0
22:07:50,,0,d83f251dd0b044027026e93165c9463c2d1653d3f3915ad0dd45a29bef7e603f,-85,,0,0,,0
22:07:50,26.0,0,a4cf39e2b560204ee6166b6a22da36f3bf4cd01135fc524b678f93466732e223,-77,,0,0,7.0,0
22:07:51,26.0,0,9410c608822a9e52fdf9de2051b58eebb40bb33f4996e4d4d19595868b778460,-63,,0,0,,0
22:07:52,26.0,0,9410c608822a9e52fdf9de2051b58eebb40bb33f4996e4d4d19595868b778460,-66,,0,0,,0
22:07:53,26.0,0,6e862e8b7c97eb4a848d050c34418fc01ec4ab32c4b56a55453add4701e09a43,-63,,0,0,12.0,0
22:07:53,26.0,0,da0291c3997eeee3f80a02b572057345243553bf856c5f5a1642da77bfe16ef6,-73,,0,0,8.0,0
22:07:54,26.0,0,041aea07b92eab1ba677715aee789ce7336496283e1ee8940b4f6dd5e094afa4,-82,,0,0,12.0,0
22:07:55,26.0,0,9410c608822a9e52fdf9de2051b58eebb40bb33f4996e4d4d19595868b778460,-65,,0,0,,0
22:07:56,26.0,0,9410c608822a9e52fdf9de2051b58eebb40bb33f4996e4d4d19595868b778460,-70,,0,0,,0
22:07:57,26.0,0,9410c608822a9e52fdf9de2051b58eebb40bb33f4996e4d4d19595868b778460,-63,,0,0,,0
22:07:57,26.0,0,9410c608822a9e52fdf9de2051b58eebb40bb33f4996e4d4d19595868b778460,-71,,0,0,,0
22:07:58,26.0,0,19c71c92a97af7241c58bd13a4387ce4c1f76248fd4c3f51366e5c34577b1d91,-84,,0,0,12.0,0
22:07:59,26.0,0,9410c608822a9e52fdf9de2051b58eebb40bb33f4996e4d4d19595868b778460,-59,,0,0,,0
22:08:00,,0,d83f251dd0b044027026e93165c9463c2d1653d3f3915ad0dd45a29bef7e603f,-98,,0,0,,0
22:08:01,26.0,0,a4cf39e2b560204ee6166b6a22da36f3bf4cd01135fc524b678f93466732e223,-73,,0,0,7.0,0
22:08:01,26.0,0,75b373f24c0d3b69bf9d59b13a557455e437eb13e9f0518560b23a513b942081,-92,,0,0,7.0,0
22:08:02,26.0,0,9410c608822a9e52fdf9de2051b58eebb40bb33f4996e4d4d19595868b778460,-64,,0,0,,0
22:08:03,26.0,0,6e862e8b7c97eb4a848d050c34418fc01ec4ab32c4b56a55453add4701e09a43,-66,,0,0,12.0,0
22:08:04,26.0,0,6e862e8b7c97eb4a848d050c34418fc01ec4ab32c4b56a55453add4701e09a43,-65,,0,0,12.0,0
22:08:04,26.0,0,f308ce8e07ef362a8a7040eaabed62b770d9b968ebfeec2a4b3801dfb8738f97,-86,,0,0,6.0,0
22:08:05,26.0,0,19c71c92a97af7241c58bd13a4387ce4c1f76248fd4c3f51366e5c34577b1d91,-87,,0,0,12.0,0
22:08:06,26.0,0,a4cf39e2b560204ee6166b6a22da36f3bf4cd01135fc524b678f93466732e223,-76,,0,0,7.0,0
22:08:07,26.0,0,041aea07b92eab1ba677715aee789ce7336496283e1ee8940b4f6dd5e094afa4,-78,,0,0,12.0,0
22:08:08,26.0,0,a4cf39e2b560204ee6166b6a22da36f3bf4cd01135fc524b678f93466732e223,-90,,0,0,7.0,0
22:08:08,26.0,0,6e862e8b7c97eb4a848d050c34418fc01ec4ab32c4b56a55453add4701e09a43,-63,,0,0,12.0,0
22:08:09,26.0,0,6e862e8b7c97eb4a848d050c34418fc01ec4ab32c4b56a55453add4701e09a43,-72,,0,0,12.0,0
22:08:10,26.0,0,a4cf39e2b560204ee6166b6a22da36f3bf4cd01135fc524b678f93466732e223,-72,,0,0,7.0,0
22:08:11,26.0,0,19c71c92a97af7241c58bd13a4387ce4c1f76248fd4c3f51366e5c34577b1d91,-84,,0,0,12.0,0
22:08:11,26.0,0,19c71c92a97af7241c58bd13a4387ce4c1f76248fd4c3f51366e5c34577b1d91,-94,,0,0,12.0,0
22:08:12,26.0,0,da0291c3997eeee3f80a02b572057345243553bf856c5f5a1642da77bfe16ef6,-74,,0,0,8.0,0
22:08:13,26.0,0,f308ce8e07ef362a8a7040eaabed62b770d9b968ebfeec2a4b3801dfb8738f97,-75,,0,0,6.0,0
22:08:14,26.0,0,f308ce8e07ef362a8a7040eaabed62b770d9b968ebfeec2a4b3801dfb8738f97,-75,,0,0,6.0,0
22:08:15,26.0,0,b04fa9adc1154dc80d5f86725e606d286260a1d01fbc25bd9f3a846380471b4c,-93,,0,0,,0
22:08:15,26.0,0,a4cf39e2b560204ee6166b6a22da36f3bf4cd01135fc524b678f93466732e223,-73,,0,0,7.0,0
22:08:16,26.0,0,041aea07b92eab1ba677715aee789ce7336496283e1ee8940b4f6dd5e094afa4,-80,,0,0,12.0,0
22:08:17,26.0,0,041aea07b92eab1ba677715aee789ce7336496283e1ee8940b4f6dd5e094afa4,-83,,0,0,12.0,0
22:08:18,26.0,0,19c71c92a97af7241c58bd13a4387ce4c1f76248fd4c3f51366e5c34577b1d91,-90,,0,0,12.0,0
22:08:18,26.0,0,f308ce8e07ef362a8a7040eaabed62b770d9b968ebfeec2a4b3801dfb8738f97,-79,,0,0,6.0,0
22:08:19,,0,f791a04f193656fd3a0982282150aec5de0136e4eb242090ce9d580e11b1ac6a,-81,,0,0,,0
22:08:20,26.0,0,a4cf39e2b560204ee6166b6a22da36f3bf4cd01135fc524b678f93466732e223,-78,,0,0,7.0,0
22:08:21,26.0,0,da0291c3997eeee3f80a02b572057345243553bf856c5f5a1642da77bfe16ef6,-70,,0,0,8.0,0
22:08:22,26.0,0,041aea07b92eab1ba677715aee789ce7336496283e1ee8940b4f6dd5e094afa4,-75,,0,0,12.0,0
22:08:22,26.0,0,041aea07b92eab1ba677715aee789ce7336496283e1ee8940b4f6dd5e094afa4,-77,,0,0,12.0,0
22:08:23,,0,5bd2b1e40908b3a6038577844138db89a16720ce16925c5a0ab0ee3099de3ecd,-76,,0,0,,0
22:08:24,,0,08943097dfe110e26262a9a71bddc4dac0704f2e3b8a248a0a7e0dc438dd7a3a,-92,,0,0,,0
22:08:25,26.0,0,6e862e8b7c97eb4a848d050c34418fc01ec4ab32c4b56a55453add4701e09a43,-71,,0,0,12.0,0
22:08:26,26.0,0,f308ce8e07ef362a8a7040eaabed62b770d9b968ebfeec2a4b3801dfb8738f97,-85,,0,0,6.0,0
22:08:26,26.0,0,6e862e8b7c97eb4a848d050c34418fc01ec4ab32c4b56a55453add4701e09a43,-69,,0,0,12.0,0
22:08:27,26.0,0,5dc410907f61d13b44f61d230434e4c234ce61b10e634d44de6c81f5864f9048,-90,,0,0,,0
22:08:28,26.0,0,6e862e8b7c97eb4a848d050c34418fc01ec4ab32c4b56a55453add4701e09a43,-67,,0,0,12.0,0
22:08:29,,0,c98aa3198de7f0da4b0062526c4db1c78e91179bf2efa8814b1b34022daa9502,-88,,0,0,,0
22:08:29,26.0,0,5dd8350ed7a7ba26958fd9cc97e9a9591fc120027d94cde3b0bc634de8928aa4,-82,,0,0,7.0,0
22:08:30,26.0,0,da0291c3997eeee3f80a02b572057345243553bf856c5f5a1642da77bfe16ef6,-77,,0,0,8.0,0
22:08:31,,0,8b31c4ea1e63a9281cda845209081c0902b8efdafd0d578ff782c35885a8ba8a,-84,,0,0,,0
22:08:32,26.0,0,041aea07b92eab1ba677715aee789ce7336496283e1ee8940b4f6dd5e094afa4,-81,,0,0,12.0,0
22:08:33,26.0,0,5dd8350ed7a7ba26958fd9cc97e9a9591fc120027d94cde3b0bc634de8928aa4,-83,,0,0,7.0,0
22:08:33,26.0,0,5dc410907f61d13b44f61d230434e4c234ce61b10e634d44de6c81f5864f9048,-79,,0,0,,0
22:08:34,26.0,0,5dd8350ed7a7ba26958fd9cc97e9a9591fc120027d94cde3b0bc634de8928aa4,-82,,0,0,7.0,0
22:08:35,26.0,0,6e862e8b7c97eb4a848d050c34418fc01ec4ab32c4b56a55453add4701e09a43,-70,,0,0,12.0,0
22:08:36,26.0,0,19c71c92a97af7241c58bd13a4387ce4c1f76248fd4c3f51366e5c34577b1d91,-86,,0,0,12.0,0
22:08:36,26.0,0,041aea07b92eab1ba677715aee789ce7336496283e1ee8940b4f6dd5e094afa4,-77,,0,0,12.0,0
22:08:37,26.0,0,5dc410907f61d13b44f61d230434e4c234ce61b10e634d44de6c81f5864f9048,-80,,0,0,,0
22:08:38,,0,08943097dfe110e26262a9a71bddc4dac0704f2e3b8a248a0a7e0dc438dd7a3a,-88,,0,0,,0
22:08:39,26.0,0,6e862e8b7c97eb4a848d050c34418fc01ec4ab32c4b56a55453add4701e09a43,-64,,0,0,12.0,0
22:08:40,26.0,0,da0291c3997eeee3f80a02b572057345243553bf856c5f5a1642da77bfe16ef6,-78,,0,0,8.0,0
22:08:40,26.0,0,041aea07b92eab1ba677715aee789ce7336496283e1ee8940b4f6dd5e094afa4,-80,,0,0,12.0,0
22:08:41,26.0,0,5dc410907f61d13b44f61d230434e4c234ce61b10e634d44de6c81f5864f9048,-86,,0,0,,0
22:08:42,26.0,0,5dd8350ed7a7ba26958fd9cc97e9a9591fc120027d94cde3b0bc634de8928aa4,-76,,0,0,7.0,0
22:08:43,26.0,0,5dc410907f61d13b44f61d230434e4c234ce61b10e634d44de6c81f5864f9048,-90,,0,0,,0
22:08:44,26.0,0,6e862e8b7c97eb4a848d050c34418fc01ec4ab32c4b56a55453add4701e09a43,-70,,0,0,12.0,0
22:08:44,26.0,0,b58404e8a097b0a00885a6c8929fb08fb41142400595d99df74f305c84897f75,-83,,0,0,,0
22:08:45,,0,8b31c4ea1e63a9281cda845209081c0902b8efdafd0d578ff782c35885a8ba8a,-83,,0,0,,0
22:08:46,,0,0893d5aff853392049a7a5e50378c460ee7b919559c7691c6f6bbaeb360325b4,-81,,0,0,,0
22:08:47,26.0,0,f308ce8e07ef362a8a7040eaabed62b770d9b968ebfeec2a4b3801dfb8738f97,-83,,0,0,6.0,0
22:08:47,26.0,0,5dc410907f61d13b44f61d230434e4c234ce61b10e634d44de6c81f5864f9048,-86,,0,0,,0
22:08:48,,0,974144b1e43e18b284cfcc7e012fd16982a0bdece8cc4a0392704349a1dba363,-92,,0,0,,0
22:08:49,26.0,0,da0291c3997eeee3f80a02b572057345243553bf856c5f5a1642da77bfe16ef6,-71,,0,0,8.0,0
22:08:50,26.0,0,f308ce8e07ef362a8a7040eaabed62b770d9b968ebfeec2a4b3801dfb8738f97,-75,,0,0,,0
22:08:51,26.0,0,f308ce8e07ef362a8a7040eaabed62b770d9b968ebfeec2a4b3801dfb8738f97,-83,,0,0,,0
22:08:51,26.0,0,f308ce8e07ef362a8a7040eaabed62b770d9b968ebfeec2a4b3801dfb8738f97,-88,,0,0,,0
22:08:52,,0,d44379115d889e7177195d88872a8a1561b8af6119eeac7a8cad87421536dc81,-64,,0,0,,0
22:08:53,26.0,0,6e862e8b7c97eb4a848d050c34418fc01ec4ab32c4b56a55453add4701e09a43,-62,,0,0,12.0,0
22:08:54,26.0,0,da0291c3997eeee3f80a02b572057345243553bf856c5f5a1642da77bfe16ef6,-69,,0,0,8.0,0
22:08:54,26.0,0,5dc410907f61d13b44f61d230434e4c234ce61b10e634d44de6c81f5864f9048,-89,,0,0,,0
22:08:55,26.0,0,f308ce8e07ef362a8a7040eaabed62b770d9b968ebfeec2a4b3801dfb8738f97,-84,,0,0,,0
22:08:56,26.0,0,6e862e8b7c97eb4a848d050c34418fc01ec4ab32c4b56a55453add4701e09a43,-77,,0,0,12.0,0
22:08:57,26.0,0,5dd8350ed7a7ba26958fd9cc97e9a9591fc120027d94cde3b0bc634de8928aa4,-72,,0,0,7.0,0
22:08:58,26.0,0,5dc410907f61d13b44f61d230434e4c234ce61b10e634d44de6c81f5864f9048,-87,,0,0,,0
22:08:58,26.0,0,cf7ea96bf14956719aeb5d6f3d2c9a3f76551c984307e93a7dddcdd716591ab1,-78,,0,0,,0
22:08:59,26.0,0,041aea07b92eab1ba677715aee789ce7336496283e1ee8940b4f6dd5e094afa4,-86,,0,0,12.0,0
22:09:00,,0,0893d5aff853392049a7a5e50378c460ee7b919559c7691c6f6bbaeb360325b4,-91,,0,0,,0
22:09:01,26.0,0,041aea07b92eab1ba677715aee789ce7336496283e1ee8940b4f6dd5e094afa4,-86,,0,0,12.0,0
22:09:01,26.0,0,cf7ea96bf14956719aeb5d6f3d2c9a3f76551c984307e93a7dddcdd716591ab1,-88,,0,0,,0
22:09:02,26.0,0,5dd8350ed7a7ba26958fd9cc97e9a9591fc120027d94cde3b0bc634de8928aa4,-74,,0,0,7.0,0
22:09:03,26.0,0,f308ce8e07ef362a8a7040eaabed62b770d9b968ebfeec2a4b3801dfb8738f97,-80,,0,0,,0
22:09:04,26.0,0,f308ce8e07ef362a8a7040eaabed62b770d9b968ebfeec2a4b3801dfb8738f97,-85,,0,0,,0
22:09:05,26.0,0,5dc410907f61d13b44f61d230434e4c234ce61b10e634d44de6c81f5864f9048,-81,,0,0,,0
22:09:05,,0,5bd2b1e40908b3a6038577844138db89a16720ce16925c5a0ab0ee3099de3ecd,-71,,0,0,,0
22:09:06,26.0,0,19c71c92a97af7241c58bd13a4387ce4c1f76248fd4c3f51366e5c34577b1d91,-85,,0,0,12.0,0
22:09:07,26.0,0,5dd8350ed7a7ba26958fd9cc97e9a9591fc120027d94cde3b0bc634de8928aa4,-75,,0,0,7.0,0
22:09:08,26.0,0,da0291c3997eeee3f80a02b572057345243553bf856c5f5a1642da77bfe16ef6,-76,,0,0,8.0,0
22:09:08,26.0,0,5dc410907f61d13b44f61d230434e4c234ce61b10e634d44de6c81f5864f9048,-80,,0,0,,0
22:09:09,26.0,0,5dc410907f61d13b44f61d230434e4c234ce61b10e634d44de6c81f5864f9048,-82,,0,0,,0
22:09:10,26.0,0,5dd8350ed7a7ba26958fd9cc97e9a9591fc120027d94cde3b0bc634de8928aa4,-76,,0,0,7.0,0
22:09:11,26.0,0,f308ce8e07ef362a8a7040eaabed62b770d9b968ebfeec2a4b3801dfb8738f97,-79,,0,0,,0
22:09:12,26.0,0,f308ce8e07ef362a8a7040eaabed62b770d9b968ebfeec2a4b3801dfb8738f97,-79,,0,0,,0
22:09:12,26.0,0,f308ce8e07ef362a8a7040eaabed62b770d9b968ebfeec2a4b3801dfb8738f97,-78,,0,0,,0
22:09:13,26.0,0,f308ce8e07ef362a8a7040eaabed62b770d9b968ebfeec2a4b3801dfb8738f97,-76,,0,0,,0
22:09:14,26.0,0,5dd8350ed7a7ba26958fd9cc97e9a9591fc120027d94cde3b0bc634de8928aa4,-72,,0,0,7.0,0
22:09:15,26.0,0,f308ce8e07ef362a8a7040eaabed62b770d9b968ebfeec2a4b3801dfb8738f97,-84,,0,0,,0
22:09:16,26.0,0,6e862e8b7c97eb4a848d050c34418fc01ec4ab32c4b56a55453add4701e09a43,-70,,0,0,12.0,0
22:09:16,26.0,0,6e862e8b7c97eb4a848d050c34418fc01ec4ab32c4b56a55453add4701e09a43,-72,,0,0,12.0,0
22:09:17,26.0,0,f308ce8e07ef362a8a7040eaabed62b770d9b968ebfeec2a4b3801dfb8738f97,-84,,0,0,,0
22:09:18,26.0,0,f308ce8e07ef362a8a7040eaabed62b770d9b968ebfeec2a4b3801dfb8738f97,-82,,0,0,,0
22:09:19,26.0,0,6e862e8b7c97eb4a848d050c34418fc01ec4ab32c4b56a55453add4701e09a43,-67,,0,0,12.0,0
22:09:19,26.0,0,5dc410907f61d13b44f61d230434e4c234ce61b10e634d44de6c81f5864f9048,-78,,0,0,,0
22:09:20,26.0,0,f308ce8e07ef362a8a7040eaabed62b770d9b968ebfeec2a4b3801dfb8738f97,-75,,0,0,,0
22:09:21,26.0,0,cf7ea96bf14956719aeb5d6f3d2c9a3f76551c984307e93a7dddcdd716591ab1,-91,,0,0,,0
22:09:22,26.0,0,f308ce8e07ef362a8a7040eaabed62b770d9b968ebfeec2a4b3801dfb8738f97,-79,,0,0,,0
22:09:23,26.0,0,d97f62ad8a3621010c4488c6519681a8d1807d1bd75550ac988086747c856a04,-92,,0,0,,0
22:09:23,26.0,0,5dc410907f61d13b44f61d230434e4c234ce61b10e634d44de6c81f5864f9048,-80,,0,0,,0
22:09:24,26.0,0,d97f62ad8a3621010c4488c6519681a8d1807d1bd75550ac988086747c856a04,-93,,0,0,,0
22:09:25,26.0,0,041aea07b92eab1ba677715aee789ce7336496283e1ee8940b4f6dd5e094afa4,-78,,0,0,12.0,0
22:09:26,26.0,0,041aea07b92eab1ba677715aee789ce7336496283e1ee8940b4f6dd5e094afa4,-85,,0,0,12.0,0
22:09:26,26.0,0,f308ce8e07ef362a8a7040eaabed62b770d9b968ebfeec2a4b3801dfb8738f97,-78,,0,0,,0
22:09:27,26.0,0,f308ce8e07ef362a8a7040eaabed62b770d9b968ebfeec2a4b3801dfb8738f97,-80,,0,0,,0
22:09:28,,0,974144b1e43e18b284cfcc7e012fd16982a0bdece8cc4a0392704349a1dba363,-92,,0,0,,0
22:09:29,26.0,0,f308ce8e07ef362a8a7040eaabed62b770d9b968ebfeec2a4b3801dfb8738f97,-84,,0,0,6.0,0
22:09:30,26.0,0,5dd8350ed7a7ba26958fd9cc97e9a9591fc120027d94cde3b0bc634de8928aa4,-81,,0,0,7.0,0
22:09:30,26.0,0,5dd8350ed7a7ba26958fd9cc97e9a9591fc120027d94cde3b0bc634de8928aa4,-84,,0,0,7.0,0
22:09:31,,0,8b31c4ea1e63a9281cda845209081c0902b8efdafd0d578ff782c35885a8ba8a,-91,,0,0,,0
22:09:32,,0,0893d5aff853392049a7a5e50378c460ee7b919559c7691c6f6bbaeb360325b4,-93,,0,0,,0
22:09:33,26.0,0,f308ce8e07ef362a8a7040eaabed62b770d9b968ebfeec2a4b3801dfb8738f97,-81,,0,0,6.0,0
22:09:33,26.0,0,6e862e8b7c97eb4a848d050c34418fc01ec4ab32c4b56a55453add4701e09a43,-57,,0,0,12.0,0
22:09:34,26.0,0,5dc410907f61d13b44f61d230434e4c234ce61b10e634d44de6c81f5864f9048,-84,,0,0,,0
22:09:35,26.0,0,5dc410907f61d13b44f61d230434e4c234ce61b10e634d44de6c81f5864f9048,-90,,0,0,,0
22:09:36,,0,d83f251dd0b044027026e93165c9463c2d1653d3f3915ad0dd45a29bef7e603f,-88,,0,0,,0
22:09:37,26.0,0,6e862e8b7c97eb4a848d050c34418fc01ec4ab32c4b56a55453add4701e09a43,-58,,0,0,12.0,0
22:09:37,,0,f791a04f193656fd3a0982282150aec5de0136e4eb242090ce9d580e11b1ac6a,-79,,0,0,,0
22:09:38,,0,08943097dfe110e26262a9a71bddc4dac0704f2e3b8a248a0a7e0dc438dd7a3a,-71,,0,0,,0
22:09:39,26.0,0,041aea07b92eab1ba677715aee789ce7336496283e1ee8940b4f6dd5e094afa4,-83,,0,0,12.0,0
22:09:40,26.0,0,6e862e8b7c97eb4a848d050c34418fc01ec4ab32c4b56a55453add4701e09a43,-58,,0,0,12.0,0
22:09:41,26.0,0,6e862e8b7c97eb4a848d050c34418fc01ec4ab32c4b56a55453add4701e09a43,-57,,0,0,12.0,0
22:09:41,26.0,0,5dc410907f61d13b44f61d230434e4c234ce61b10e634d44de6c81f5864f9048,-94,,0,0,,0
22:09:42,26.0,0,da0291c3997eeee3f80a02b572057345243553bf856c5f5a1642da77bfe16ef6,-75,,0,0,8.0,0
22:09:43,26.0,0,041aea07b92eab1ba677715aee789ce7336496283e1ee8940b4f6dd5e094afa4,-79,,0,0,12.0,0
22:09:44,26.0,0,5dc410907f61d13b44f61d230434e4c234ce61b10e634d44de6c81f5864f9048,-87,,0,0,,0
22:09:44,26.0,0,da0291c3997eeee3f80a02b572057345243553bf856c5f5a1642da77bfe16ef6,-70,,0,0,8.0,0
22:09:45,,0,8b31c4ea1e63a9281cda845209081c0902b8efdafd0d578ff782c35885a8ba8a,-84,,0,0,,0
22:09:46,26.0,0,5dc410907f61d13b44f61d230434e4c234ce61b10e634d44de6c81f5864f9048,-87,,0,0,,0
22:09:47,26.0,0,6e862e8b7c97eb4a848d050c34418fc01ec4ab32c4b56a55453add4701e09a43,-59,,0,0,12.0,0
22:09:48,,0,5bd2b1e40908b3a6038577844138db89a16720ce16925c5a0ab0ee3099de3ecd,-70,,0,0,,0
22:09:48,26.0,0,f308ce8e07ef362a8a7040eaabed62b770d9b968ebfeec2a4b3801dfb8738f97,-85,,0,0,6.0,0
22:09:49,26.0,0,5dd8350ed7a7ba26958fd9cc97e9a9591fc120027d94cde3b0bc634de8928aa4,-78,,0,0,7.0,0
22:09:50,26.0,0,041aea07b92eab1ba677715aee789ce7336496283e1ee8940b4f6dd5e094afa4,-76,,0,0,12.0,0
22:09:51,26.0,0,5dc410907f61d13b44f61d230434e4c234ce61b10e634d44de6c81f5864f9048,-80,,0,0,,0
22:09:51,26.0,0,5dc410907f61d13b44f61d230434e4c234ce61b10e634d44de6c81f5864f9048,-83,,0,0,,0
22:09:52,26.0,0,5dc410907f61d13b44f61d230434e4c234ce61b10e634d44de6c81f5864f9048,-79,,0,0,,0
22:09:53,26.0,0,041aea07b92eab1ba677715aee789ce7336496283e1ee8940b4f6dd5e094afa4,-80,,0,0,12.0,0
22:09:54,26.0,0,6e862e8b7c97eb4a848d050c34418fc01ec4ab32c4b56a55453add4701e09a43,-68,,0,0,12.0,0
22:09:55,26.0,0,19c71c92a97af7241c58bd13a4387ce4c1f76248fd4c3f51366e5c34577b1d91,-90,,0,0,12.0,0
22:09:55,26.0,0,19c71c92a97af7241c58bd13a4387ce4c1f76248fd4c3f51366e5c34577b1d91,-83,,0,0,12.0,0
22:09:56,,0,08943097dfe110e26262a9a71bddc4dac0704f2e3b8a248a0a7e0dc438dd7a3a,-90,,0,0,,0
22:09:57,26.0,0,cf7ea96bf14956719aeb5d6f3d2c9a3f76551c984307e93a7dddcdd716591ab1,-87,,0,0,,0
22:09:58,26.0,0,5dc410907f61d13b44f61d230434e4c234ce61b10e634d44de6c81f5864f9048,-75,,0,0,,0
22:09:58,26.0,0,f308ce8e07ef362a8a7040eaabed62b770d9b968ebfeec2a4b3801dfb8738f97,-76,,0,0,6.0,0
22:09:59,,0,8b31c4ea1e63a9281cda845209081c0902b8efdafd0d578ff782c35885a8ba8a,-90,,0,0,,0
22:10:00,26.0,0,5dc410907f61d13b44f61d230434e4c234ce61b10e634d44de6c81f5864f9048,-78,,0,0,,0
22:10:01,26.0,0,5dc410907f61d13b44f61d230434e4c234ce61b10e634d44de6c81f5864f9048,-80,,0,0,,0
22:10:02,,0,5bd2b1e40908b3a6038577844138db89a16720ce16925c5a0ab0ee3099de3ecd,-78,,0,0,,0
22:10:02,26.0,0,da0291c3997eeee3f80a02b572057345243553bf856c5f5a1642da77bfe16ef6,-71,,0,0,8.0,0
22:10:03,26.0,0,da0291c3997eeee3f80a02b572057345243553bf856c5f5a1642da77bfe16ef6,-79,,0,0,8.0,0
22:10:04,26.0,0,6e862e8b7c97eb4a848d050c34418fc01ec4ab32c4b56a55453add4701e09a43,-71,,0,0,12.0,0
22:10:05,26.0,0,5dd8350ed7a7ba26958fd9cc97e9a9591fc120027d94cde3b0bc634de8928aa4,-80,,0,0,7.0,0
22:10:05,26.0,0,6e862e8b7c97eb4a848d050c34418fc01ec4ab32c4b56a55453add4701e09a43,-70,,0,0,12.0,0
22:10:06,26.0,0,5dd8350ed7a7ba26958fd9cc97e9a9591fc120027d94cde3b0bc634de8928aa4,-82,,0,0,7.0,0
22:10:07,26.0,0,f308ce8e07ef362a8a7040eaabed62b770d9b968ebfeec2a4b3801dfb8738f97,-73,,0,0,6.0,0
22:10:08,26.0,0,5dd8350ed7a7ba26958fd9cc97e9a9591fc120027d94cde3b0bc634de8928aa4,-79,,0,0,7.0,0
22:10:09,26.0,0,5dd8350ed7a7ba26958fd9cc97e9a9591fc120027d94cde3b0bc634de8928aa4,-80,,0,0,7.0,0
22:10:09,,0,c98aa3198de7f0da4b0062526c4db1c78e91179bf2efa8814b1b34022daa9502,-80,,0,0,,0
22:10:10,26.0,0,041aea07b92eab1ba677715aee789ce7336496283e1ee8940b4f6dd5e094afa4,-77,,0,0,12.0,0
22:10:11,26.0,0,da0291c3997eeee3f80a02b572057345243553bf856c5f5a1642da77bfe16ef6,-71,,0,0,8.0,0
22:10:12,26.0,0,f308ce8e07ef362a8a7040eaabed62b770d9b968ebfeec2a4b3801dfb8738f97,-81,,0,0,6.0,0
22:10:12,26.0,0,5ae54f71e02b4b8ade7b803985059b4a6859468820368acffa54bbf8627d5ec9,-86,,0,0,8.0,0
22:10:13,,0,f791a04f193656fd3a0982282150aec5de0136e4eb242090ce9d580e11b1ac6a,-74,,0,0,,0
22:10:14,26.0,0,5dd8350ed7a7ba26958fd9cc97e9a9591fc120027d94cde3b0bc634de8928aa4,-80,,0,0,7.0,0
22:10:15,,0,c98aa3198de7f0da4b0062526c4db1c78e91179bf2efa8814b1b34022daa9502,-79,,0,0,,0
22:10:16,26.0,0,da0291c3997eeee3f80a02b572057345243553bf856c5f5a1642da77bfe16ef6,-75,,0,0,8.0,0
22:10:16,26.0,0,6e862e8b7c97eb4a848d050c34418fc01ec4ab32c4b56a55453add4701e09a43,-57,,0,0,12.0,0
22:10:17,,0,c98aa3198de7f0da4b0062526c4db1c78e91179bf2efa8814b1b34022daa9502,-80,,0,0,,0
22:10:18,26.0,0,f308ce8e07ef362a8a7040eaabed62b770d9b968ebfeec2a4b3801dfb8738f97,-83,,0,0,6.0,0
22:10:19,26.0,0,5dc410907f61d13b44f61d230434e4c234ce61b10e634d44de6c81f5864f9048,-85,,0,0,,0
22:10:20,26.0,0,041aea07b92eab1ba677715aee789ce7336496283e1ee8940b4f6dd5e094afa4,-79,,0,0,12.0,0
22:10:20,26.0,0,f308ce8e07ef362a8a7040eaabed62b770d9b968ebfeec2a4b3801dfb8738f97,-84,,0,0,6.0,0
22:10:21,26.0,0,f308ce8e07ef362a8a7040eaabed62b770d9b968ebfeec2a4b3801dfb8738f97,-82,,0,0,6.0,0
22:10:22,26.0,0,5dd8350ed7a7ba26958fd9cc97e9a9591fc120027d94cde3b0bc634de8928aa4,-81,,0,0,7.0,0
22:10:23,26.0,0,6e862e8b7c97eb4a848d050c34418fc01ec4ab32c4b56a55453add4701e09a43,-62,,0,0,12.0,0
22:10:23,,0,f791a04f193656fd3a0982282150aec5de0136e4eb242090ce9d580e11b1ac6a,-75,,0,0,,0
22:10:24,26.0,0,041aea07b92eab1ba677715aee789ce7336496283e1ee8940b4f6dd5e094afa4,-80,,0,0,12.0,0
22:10:25,26.0,0,19c71c92a97af7241c58bd13a4387ce4c1f76248fd4c3f51366e5c34577b1d91,-85,,0,0,12.0,0
22:10:26,26.0,0,da0291c3997eeee3f80a02b572057345243553bf856c5f5a1642da77bfe16ef6,-71,,0,0,8.0,0
22:10:27,26.0,0,5dc410907f61d13b44f61d230434e4c234ce61b10e634d44de6c81f5864f9048,-81,,0,0,,0
22:10:27,26.0,0,75b373f24c0d3b69bf9d59b13a557455e437eb13e9f0518560b23a513b942081,-92,,0,0,7.0,0
22:10:28,26.0,0,da0291c3997eeee3f80a02b572057345243553bf856c5f5a1642da77bfe16ef6,-72,,0,0,8.0,0
22:10:29,26.0,0,041aea07b92eab1ba677715aee789ce7336496283e1ee8940b4f6dd5e094afa4,-76,,0,0,12.0,0
22:10:30,26.0,0,5dd8350ed7a7ba26958fd9cc97e9a9591fc120027d94cde3b0bc634de8928aa4,-80,,0,0,7.0,0
22:10:30,26.0,0,041aea07b92eab1ba677715aee789ce7336496283e1ee8940b4f6dd5e094afa4,-79,,0,0,12.0,0
22:10:31,26.0,0,5dd8350ed7a7ba26958fd9cc97e9a9591fc120027d94cde3b0bc634de8928aa4,-82,,0,0,7.0,0
22:10:32,26.0,0,da0291c3997eeee3f80a02b572057345243553bf856c5f5a1642da77bfe16ef6,-70,,0,0,8.0,0
22:10:33,26.0,0,f308ce8e07ef362a8a7040eaabed62b770d9b968ebfeec2a4b3801dfb8738f97,-86,,0,0,6.0,0
22:10:34,26.0,0,5dd8350ed7a7ba26958fd9cc97e9a9591fc120027d94cde3b0bc634de8928aa4,-81,,0,0,7.0,0
22:10:34,26.0,0,6e862e8b7c97eb4a848d050c34418fc01ec4ab32c4b56a55453add4701e09a43,-64,,0,0,12.0,0
22:10:35,26.0,0,6e862e8b7c97eb4a848d050c34418fc01ec4ab32c4b56a55453add4701e09a43,-81,,0,0,12.0,0
22:10:36,26.0,0,da0291c3997eeee3f80a02b572057345243553bf856c5f5a1642da77bfe16ef6,-81,,0,0,8.0,0
22:10:37,26.0,0,f308ce8e07ef362a8a7040eaabed62b770d9b968ebfeec2a4b3801dfb8738f97,-87,,0,0,6.0,0
22:10:37,26.0,0,f308ce8e07ef362a8a7040eaabed62b770d9b968ebfeec2a4b3801dfb8738f97,-78,,0,0,6.0,0
22:10:38,,0,d44379115d889e7177195d88872a8a1561b8af6119eeac7a8cad87421536dc81,-65,,0,0,,0
22:10:39,26.0,0,da0291c3997eeee3f80a02b572057345243553bf856c5f5a1642da77bfe16ef6,-84,,0,0,8.0,0
22:10:40,,0,c98aa3198de7f0da4b0062526c4db1c78e91179bf2efa8814b1b34022daa9502,-79,,0,0,,0
22:10:41,26.0,0,041aea07b92eab1ba677715aee789ce7336496283e1ee8940b4f6dd5e094afa4,-77,,0,0,12.0,0
22:10:41,26.0,0,5dd8350ed7a7ba26958fd9cc97e9a9591fc120027d94cde3b0bc634de8928aa4,-80,,0,0,7.0,0
22:10:42,26.0,0,19c71c92a97af7241c58bd13a4387ce4c1f76248fd4c3f51366e5c34577b1d91,-89,,0,0,12.0,0
22:10:43,26.0,0,5dd8350ed7a7ba26958fd9cc97e9a9591fc120027d94cde3b0bc634de8928aa4,-74,,0,0,7.0,0
22:10:44,26.0,0,19c71c92a97af7241c58bd13a4387ce4c1f76248fd4c3f51366e5c34577b1d91,-87,,0,0,12.0,0
22:10:44,26.0,0,041aea07b92eab1ba677715aee789ce7336496283e1ee8940b4f6dd5e094afa4,-75,,0,0,12.0,0
22:10:45,26.0,0,da0291c3997eeee3f80a02b572057345243553bf856c5f5a1642da77bfe16ef6,-69,,0,0,8.0,0
22:10:46,26.0,0,da0291c3997eeee3f80a02b572057345243553bf856c5f5a1642da77bfe16ef6,-79,,0,0,8.0,0
22:10:47,26.0,0,f308ce8e07ef362a8a7040eaabed62b770d9b968ebfeec2a4b3801dfb8738f97,-77,,0,0,6.0,0
22:10:48,26.0,0,041aea07b92eab1ba677715aee789ce7336496283e1ee8940b4f6dd5e094afa4,-73,,0,0,12.0,0
22:10:48,26.0,0,041aea07b92eab1ba677715aee789ce7336496283e1ee8940b4f6dd5e094afa4,-75,,0,0,12.0,0
22:10:49,26.0,0,5dd8350ed7a7ba26958fd9cc97e9a9591fc120027d94cde3b0bc634de8928aa4,-71,,0,0,7.0,0
22:10:50,,0,c98aa3198de7f0da4b0062526c4db1c78e91179bf2efa8814b1b34022daa9502,-76,,0,0,,0
22:10:51,26.0,0,5dd8350ed7a7ba26958fd9cc97e9a9591fc120027d94cde3b0bc634de8928aa4,-91,,0,0,7.0,0
22:10:52,26.0,0,da0291c3997eeee3f80a02b572057345243553bf856c5f5a1642da77bfe16ef6,-72,,0,0,8.0,0
22:10:52,,0,08943097dfe110e26262a9a71bddc4dac0704f2e3b8a248a0a7e0dc438dd7a3a,-77,,0,0,,0
22:10:53,26.0,0,6e862e8b7c97eb4a848d050c34418fc01ec4ab32c4b56a55453add4701e09a43,-57,,0,0,12.0,0
22:10:54,26.0,0,19c71c92a97af7241c58bd13a4387ce4c1f76248fd4c3f51366e5c34577b1d91,-86,,0,0,12.0,0
22:10:55,26.0,0,034bbc6c44dd429f68d94747765546ca249c7daa8bded9fbdc0c5a4fb4e712af,-88,,0,0,8.0,0
22:10:55,26.0,0,5dd8350ed7a7ba26958fd9cc97e9a9591fc120027d94cde3b0bc634de8928aa4,-79,,0,0,7.0,0
22:10:56,26.0,0,da0291c3997eeee3f80a02b572057345243553bf856c5f5a1642da77bfe16ef6,-70,,0,0,8.0,0
22:10:57,26.0,0,f308ce8e07ef362a8a7040eaabed62b770d9b968ebfeec2a4b3801dfb8738f97,-73,,0,0,6.0,0
22:10:58,26.0,0,6ac41e7eaa21b1be3099c60f02a829d49013d2509e3bf1243d620a59f7d60c5a,-73,,0,0,12.0,0
22:10:59,26.0,0,6ac41e7eaa21b1be3099c60f02a829d49013d2509e3bf1243d620a59f7d60c5a,-74,,0,0,12.0,0
22:10:59,26.0,0,da0291c3997eeee3f80a02b572057345243553bf856c5f5a1642da77bfe16ef6,-75,,0,0,8.0,0
22:11:00,26.0,0,da0291c3997eeee3f80a02b572057345243553bf856c5f5a1642da77bfe16ef6,-69,,0,0,8.0,0
22:11:01,26.0,0,5dd8350ed7a7ba26958fd9cc97e9a9591fc120027d94cde3b0bc634de8928aa4,-86,,0,0,7.0,0
22:11:02,,0,5bd2b1e40908b3a6038577844138db89a16720ce16925c5a0ab0ee3099de3ecd,-76,,0,0,,0
22:11:02,6.0,0,aa1c1c1ecff1fde1bc284d0ec7c8c938f62d5e8c7b8f34a4e8683de8c2c0d402,-88,Rb20,0,0,,0
22:11:03,26.0,0,f308ce8e07ef362a8a7040eaabed62b770d9b968ebfeec2a4b3801dfb8738f97,-72,,0,0,6.0,0
22:11:04,26.0,0,6ac41e7eaa21b1be3099c60f02a829d49013d2509e3bf1243d620a59f7d60c5a,-73,,0,0,12.0,0
22:11:05,26.0,0,5dd8350ed7a7ba26958fd9cc97e9a9591fc120027d94cde3b0bc634de8928aa4,-87,,0,0,7.0,0
22:11:06,26.0,0,9410c608822a9e52fdf9de2051b58eebb40bb33f4996e4d4d19595868b778460,-62,,0,0,,0
22:11:06,26.0,0,9410c608822a9e52fdf9de2051b58eebb40bb33f4996e4d4d19595868b778460,-62,,0,0,,0
22:11:07,26.0,0,6ac41e7eaa21b1be3099c60f02a829d49013d2509e3bf1243d620a59f7d60c5a,-73,,0,0,12.0,0
22:11:08,26.0,0,6e862e8b7c97eb4a848d050c34418fc01ec4ab32c4b56a55453add4701e09a43,-62,,0,0,12.0,0
22:11:09,26.0,0,5dc410907f61d13b44f61d230434e4c234ce61b10e634d44de6c81f5864f9048,-80,,0,0,,0
22:11:09,,0,f791a04f193656fd3a0982282150aec5de0136e4eb242090ce9d580e11b1ac6a,-75,,0,0,,0
22:11:10,6.0,0,d1ce96484feb528fe6488e5ea2ef3c3826762c0dc0137aa3b45f5a9a323611f3,-91,,0,0,,0
22:11:11,26.0,0,5dd8350ed7a7ba26958fd9cc97e9a9591fc120027d94cde3b0bc634de8928aa4,-84,,0,0,7.0,0
22:11:12,26.0,0,75b373f24c0d3b69bf9d59b13a557455e437eb13e9f0518560b23a513b942081,-90,,0,0,7.0,0
22:11:13,26.0,0,f308ce8e07ef362a8a7040eaabed62b770d9b968ebfeec2a4b3801dfb8738f97,-81,,0,0,,0
22:11:13,26.0,0,9410c608822a9e52fdf9de2051b58eebb40bb33f4996e4d4d19595868b778460,-63,,0,0,,0
22:11:14,26.0,0,5dd8350ed7a7ba26958fd9cc97e9a9591fc120027d94cde3b0bc634de8928aa4,-81,,0,0,7.0,0
22:11:15,26.0,0,f308ce8e07ef362a8a7040eaabed62b770d9b968ebfeec2a4b3801dfb8738f97,-73,,0,0,,0
22:11:16,26.0,0,f308ce8e07ef362a8a7040eaabed62b770d9b968ebfeec2a4b3801dfb8738f97,-71,,0,0,,0
22:11:17,26.0,0,5dc410907f61d13b44f61d230434e4c234ce61b10e634d44de6c81f5864f9048,-70,,0,0,,0
22:11:17,26.0,0,6ac41e7eaa21b1be3099c60f02a829d49013d2509e3bf1243d620a59f7d60c5a,-75,,0,0,12.0,0
22:11:18,26.0,0,9410c608822a9e52fdf9de2051b58eebb40bb33f4996e4d4d19595868b778460,-70,,0,0,,0
22:11:19,26.0,0,5dd8350ed7a7ba26958fd9cc97e9a9591fc120027d94cde3b0bc634de8928aa4,-79,,0,0,7.0,0
22:11:20,26.0,0,5dc410907f61d13b44f61d230434e4c234ce61b10e634d44de6c81f5864f9048,-71,,0,0,,0
22:11:20,26.0,0,5dd8350ed7a7ba26958fd9cc97e9a9591fc120027d94cde3b0bc634de8928aa4,-82,,0,0,7.0,0
22:11:21,,0,28720a041e96b68a733f0015e0036014f7c0fcb5c900714fa992fedc6e3e4ba2,-85,,0,0,,0
22:11:22,26.0,0,6ac41e7eaa21b1be3099c60f02a829d49013d2509e3bf1243d620a59f7d60c5a,-74,,0,0,12.0,0
22:11:23,26.0,0,55dd408fbec2e7ea42f1154b3cb5939761a8789fea6a710a397ee89dd8f0526e,-96,,0,0,12.0,0
22:11:24,26.0,0,6ac41e7eaa21b1be3099c60f02a829d49013d2509e3bf1243d620a59f7d60c5a,-74,,0,0,12.0,0
22:11:24,26.0,0,f308ce8e07ef362a8a7040eaabed62b770d9b968ebfeec2a4b3801dfb8738f97,-72,,0,0,,0
22:11:25,26.0,0,f308ce8e07ef362a8a7040eaabed62b770d9b968ebfeec2a4b3801dfb8738f97,-72,,0,0,,0
22:11:26,26.0,0,5dd8350ed7a7ba26958fd9cc97e9a9591fc120027d94cde3b0bc634de8928aa4,-80,,0,0,7.0,0
22:11:27,26.0,0,da0291c3997eeee3f80a02b572057345243553bf856c5f5a1642da77bfe16ef6,-71,,0,0,8.0,0
22:11:27,,0,f791a04f193656fd3a0982282150aec5de0136e4eb242090ce9d580e11b1ac6a,-83,,0,0,,0
22:11:28,26.0,0,5dd8350ed7a7ba26958fd9cc97e9a9591fc120027d94cde3b0bc634de8928aa4,-82,,0,0,7.0,0
22:11:29,26.0,0,da0291c3997eeee3f80a02b572057345243553bf856c5f5a1642da77bfe16ef6,-78,,0,0,8.0,0
22:11:30,26.0,0,da0291c3997eeee3f80a02b572057345243553bf856c5f5a1642da77bfe16ef6,-72,,0,0,8.0,0
22:11:31,26.0,0,da0291c3997eeee3f80a02b572057345243553bf856c5f5a1642da77bfe16ef6,-77,,0,0,8.0,0
22:11:31,26.0,0,6ac41e7eaa21b1be3099c60f02a829d49013d2509e3bf1243d620a59f7d60c5a,-77,,0,0,12.0,0
22:11:32,26.0,0,6e862e8b7c97eb4a848d050c34418fc01ec4ab32c4b56a55453add4701e09a43,-68,,0,0,12.0,0
22:11:33,26.0,0,f308ce8e07ef362a8a7040eaabed62b770d9b968ebfeec2a4b3801dfb8738f97,-72,,0,0,,0
22:11:34,26.0,0,da0291c3997eeee3f80a02b572057345243553bf856c5f5a1642da77bfe16ef6,-70,,0,0,8.0,0
22:11:34,,0,d83f251dd0b044027026e93165c9463c2d1653d3f3915ad0dd45a29bef7e603f,-91,,0,0,,0
22:11:35,26.0,0,6e862e8b7c97eb4a848d050c34418fc01ec4ab32c4b56a55453add4701e09a43,-70,,0,0,12.0,0
22:11:36,26.0,0,6ac41e7eaa21b1be3099c60f02a829d49013d2509e3bf1243d620a59f7d60c5a,-73,,0,0,12.0,0
22:11:37,26.0,0,f308ce8e07ef362a8a7040eaabed62b770d9b968ebfeec2a4b3801dfb8738f97,-75,,0,0,,0
22:11:38,26.0,0,f308ce8e07ef362a8a7040eaabed62b770d9b968ebfeec2a4b3801dfb8738f97,-80,,0,0,,0
22:11:38,26.0,0,f308ce8e07ef362a8a7040eaabed62b770d9b968ebfeec2a4b3801dfb8738f97,-77,,0,0,,0
22:11:39,26.0,0,5dd8350ed7a7ba26958fd9cc97e9a9591fc120027d94cde3b0bc634de8928aa4,-76,,0,0,7.0,0
22:11:40,26.0,0,5dc410907f61d13b44f61d230434e4c234ce61b10e634d44de6c81f5864f9048,-81,,0,0,,0
22:11:41,26.0,0,5dc410907f61d13b44f61d230434e4c234ce61b10e634d44de6c81f5864f9048,-77,,0,0,,0
22:11:41,,0,f791a04f193656fd3a0982282150aec5de0136e4eb242090ce9d580e11b1ac6a,-77,,0,0,,0
22:11:42,26.0,0,f308ce8e07ef362a8a7040eaabed62b770d9b968ebfeec2a4b3801dfb8738f97,-78,,0,0,6.0,0
22:11:43,26.0,0,f308ce8e07ef362a8a7040eaabed62b770d9b968ebfeec2a4b3801dfb8738f97,-79,,0,0,6.0,0
22:11:44,,0,974144b1e43e18b284cfcc7e012fd16982a0bdece8cc4a0392704349a1dba363,-92,,0,0,,0
22:11:45,26.0,0,6ac41e7eaa21b1be3099c60f02a829d49013d2509e3bf1243d620a59f7d60c5a,-77,,0,0,12.0,0
22:11:45,,0,c98aa3198de7f0da4b0062526c4db1c78e91179bf2efa8814b1b34022daa9502,-77,,0,0,,0
22:11:46,26.0,0,5dc410907f61d13b44f61d230434e4c234ce61b10e634d44de6c81f5864f9048,-83,,0,0,,0
22:11:47,6.0,0,aa1c1c1ecff1fde1bc284d0ec7c8c938f62d5e8c7b8f34a4e8683de8c2c0d402,-89,Rb20,0,0,,0
22:11:48,26.0,0,da0291c3997eeee3f80a02b572057345243553bf856c5f5a1642da77bfe16ef6,-79,,0,0,8.0,0
22:11:49,26.0,0,da0291c3997eeee3f80a02b572057345243553bf856c5f5a1642da77bfe16ef6,-71,,0,0,8.0,0
22:11:49,26.0,0,5ae54f71e02b4b8ade7b803985059b4a6859468820368acffa54bbf8627d5ec9,-83,,0,0,8.0,0
22:11:50,26.0,0,6ac41e7eaa21b1be3099c60f02a829d49013d2509e3bf1243d620a59f7d60c5a,-79,,0,0,12.0,0
22:11:51,26.0,0,f308ce8e07ef362a8a7040eaabed62b770d9b968ebfeec2a4b3801dfb8738f97,-83,,0,0,6.0,0
22:11:52,,0,c98aa3198de7f0da4b0062526c4db1c78e91179bf2efa8814b1b34022daa9502,-79,,0,0,,0
22:11:52,26.0,0,6e862e8b7c97eb4a848d050c34418fc01ec4ab32c4b56a55453add4701e09a43,-68,,0,0,12.0,0
22:11:53,26.0,0,5dd8350ed7a7ba26958fd9cc97e9a9591fc120027d94cde3b0bc634de8928aa4,-88,,0,0,7.0,0
22:11:54,26.0,0,19c71c92a97af7241c58bd13a4387ce4c1f76248fd4c3f51366e5c34577b1d91,-87,,0,0,12.0,0
22:11:55,26.0,0,5dd8350ed7a7ba26958fd9cc97e9a9591fc120027d94cde3b0bc634de8928aa4,-88,,0,0,7.0,0
22:11:56,,0,c98aa3198de7f0da4b0062526c4db1c78e91179bf2efa8814b1b34022daa9502,-84,,0,0,,0
22:11:56,,0,d44379115d889e7177195d88872a8a1561b8af6119eeac7a8cad87421536dc81,-67,,0,0,,0
22:11:57,26.0,0,da0291c3997eeee3f80a02b572057345243553bf856c5f5a1642da77bfe16ef6,-70,,0,0,8.0,0
22:11:58,,0,5bd2b1e40908b3a6038577844138db89a16720ce16925c5a0ab0ee3099de3ecd,-72,,0,0,,0
22:11:59,26.0,0,6e862e8b7c97eb4a848d050c34418fc01ec4ab32c4b56a55453add4701e09a43,-70,,0,0,12.0,0
22:11:59,26.0,0,f308ce8e07ef362a8a7040eaabed62b770d9b968ebfeec2a4b3801dfb8738f97,-74,,0,0,6.0,0
22:12:00,26.0,0,5dd8350ed7a7ba26958fd9cc97e9a9591fc120027d94cde3b0bc634de8928aa4,-79,,0,0,7.0,0
22:12:01,26.0,0,6e862e8b7c97eb4a848d050c34418fc01ec4ab32c4b56a55453add4701e09a43,-70,,0,0,12.0,0
22:12:02,26.0,0,da0291c3997eeee3f80a02b572057345243553bf856c5f5a1642da77bfe16ef6,-73,,0,0,8.0,0
22:12:03,26.0,0,5dd8350ed7a7ba26958fd9cc97e9a9591fc120027d94cde3b0bc634de8928aa4,-77,,0,0,7.0,0
22:12:03,26.0,0,6ac41e7eaa21b1be3099c60f02a829d49013d2509e3bf1243d620a59f7d60c5a,-82,,0,0,12.0,0
22:12:04,26.0,0,6e862e8b7c97eb4a848d050c34418fc01ec4ab32c4b56a55453add4701e09a43,-70,,0,0,12.0,0
22:12:05,26.0,0,6e862e8b7c97eb4a848d050c34418fc01ec4ab32c4b56a55453add4701e09a43,-69,,0,0,12.0,0
22:12:06,,0,d83f251dd0b044027026e93165c9463c2d1653d3f3915ad0dd45a29bef7e603f,-92,,0,0,,0
22:12:06,26.0,0,6ac41e7eaa21b1be3099c60f02a829d49013d2509e3bf1243d620a59f7d60c5a,-82,,0,0,12.0,0
22:12:07,26.0,0,da0291c3997eeee3f80a02b572057345243553bf856c5f5a1642da77bfe16ef6,-69,,0,0,8.0,0
22:12:08,26.0,0,5dd8350ed7a7ba26958fd9cc97e9a9591fc120027d94cde3b0bc634de8928aa4,-80,,0,0,7.0,0
22:12:09,26.0,0,f308ce8e07ef362a8a7040eaabed62b770d9b968ebfeec2a4b3801dfb8738f97,-76,,0,0,6.0,0
22:12:10,,0,d83f251dd0b044027026e93165c9463c2d1653d3f3915ad0dd45a29bef7e603f,-85,,0,0,,0
22:12:10,26.0,0,da0291c3997eeee3f80a02b572057345243553bf856c5f5a1642da77bfe16ef6,-71,,0,0,8.0,0
22:12:11,26.0,0,5dd8350ed7a7ba26958fd9cc97e9a9591fc120027d94cde3b0bc634de8928aa4,-83,,0,0,7.0,0
22:12:12,26.0,0,f308ce8e07ef362a8a7040eaabed62b770d9b968ebfeec2a4b3801dfb8738f97,-75,,0,0,6.0,0
22:12:13,6.0,0,aa1c1c1ecff1fde1bc284d0ec7c8c938f62d5e8c7b8f34a4e8683de8c2c0d402,-94,Rb20,0,0,,0
22:12:13,,0,f791a04f193656fd3a0982282150aec5de0136e4eb242090ce9d580e11b1ac6a,-75,,0,0,,0
22:12:14,26.0,0,da0291c3997eeee3f80a02b572057345243553bf856c5f5a1642da77bfe16ef6,-68,,0,0,8.0,0
22:12:15,26.0,0,f3503de439956142f6fac5808cb5624ec922d706745275efc30469fe4d941160,-94,,0,0,,0
22:12:16,26.0,0,da0291c3997eeee3f80a02b572057345243553bf856c5f5a1642da77bfe16ef6,-70,,0,0,8.0,0
22:12:17,6.0,0,aa1c1c1ecff1fde1bc284d0ec7c8c938f62d5e8c7b8f34a4e8683de8c2c0d402,-86,Rb20,0,0,,0
22:12:17,26.0,0,f308ce8e07ef362a8a7040eaabed62b770d9b968ebfeec2a4b3801dfb8738f97,-76,,0,0,6.0,0
22:12:18,26.0,0,034bbc6c44dd429f68d94747765546ca249c7daa8bded9fbdc0c5a4fb4e712af,-89,,0,0,8.0,0
22:12:19,,0,d44379115d889e7177195d88872a8a1561b8af6119eeac7a8cad87421536dc81,-58,,0,0,,0
22:12:20,,0,c98aa3198de7f0da4b0062526c4db1c78e91179bf2efa8814b1b34022daa9502,-74,,0,0,,0
22:12:21,26.0,0,db161b51e825dacab043a8346d51f476015ee5628fc9cf36bea3e2eb92ddfa4d,-89,,0,0,,0
22:12:21,26.0,0,6ac41e7eaa21b1be3099c60f02a829d49013d2509e3bf1243d620a59f7d60c5a,-87,,0,0,12.0,0
22:12:22,26.0,0,f308ce8e07ef362a8a7040eaabed62b770d9b968ebfeec2a4b3801dfb8738f97,-69,,0,0,6.0,0
22:12:23,26.0,0,5dd8350ed7a7ba26958fd9cc97e9a9591fc120027d94cde3b0bc634de8928aa4,-81,,0,0,7.0,0
22:12:24,,0,d44379115d889e7177195d88872a8a1561b8af6119eeac7a8cad87421536dc81,-55,,0,0,,0
22:12:24,26.0,0,6e862e8b7c97eb4a848d050c34418fc01ec4ab32c4b56a55453add4701e09a43,-56,,0,0,12.0,0
22:12:25,26.0,0,6ac41e7eaa21b1be3099c60f02a829d49013d2509e3bf1243d620a59f7d60c5a,-78,,0,0,12.0,0
22:12:26,26.0,0,f308ce8e07ef362a8a7040eaabed62b770d9b968ebfeec2a4b3801dfb8738f97,-75,,0,0,6.0,0
22:12:27,26.0,0,5dd8350ed7a7ba26958fd9cc97e9a9591fc120027d94cde3b0bc634de8928aa4,-83,,0,0,7.0,0
22:12:28,,0,f791a04f193656fd3a0982282150aec5de0136e4eb242090ce9d580e11b1ac6a,-76,,0,0,,0
22:12:28,26.0,0,6e862e8b7c97eb4a848d050c34418fc01ec4ab32c4b56a55453add4701e09a43,-57,,0,0,12.0,0
22:12:29,26.0,0,5dd8350ed7a7ba26958fd9cc97e9a9591fc120027d94cde3b0bc634de8928aa4,-77,,0,0,7.0,0
22:12:30,26.0,0,6ac41e7eaa21b1be3099c60f02a829d49013d2509e3bf1243d620a59f7d60c5a,-81,,0,0,12.0,0
22:12:31,26.0,0,f308ce8e07ef362a8a7040eaabed62b770d9b968ebfeec2a4b3801dfb8738f97,-72,,0,0,6.0,0
22:12:31,26.0,0,6e862e8b7c97eb4a848d050c34418fc01ec4ab32c4b56a55453add4701e09a43,-57,,0,0,12.0,0
22:12:32,26.0,0,f308ce8e07ef362a8a7040eaabed62b770d9b968ebfeec2a4b3801dfb8738f97,-71,,0,0,6.0,0
22:12:33,26.0,0,034bbc6c44dd429f68d94747765546ca249c7daa8bded9fbdc0c5a4fb4e712af,-85,,0,0,8.0,0
22:12:34,26.0,0,f308ce8e07ef362a8a7040eaabed62b770d9b968ebfeec2a4b3801dfb8738f97,-71,,0,0,6.0,0
22:12:35,26.0,0,6ac41e7eaa21b1be3099c60f02a829d49013d2509e3bf1243d620a59f7d60c5a,-84,,0,0,12.0,0
22:12:35,26.0,0,6ac41e7eaa21b1be3099c60f02a829d49013d2509e3bf1243d620a59f7d60c5a,-74,,0,0,12.0,0
22:12:36,26.0,0,a1bfa649a45e7a7db01f1abbf08e6d0e0186ff7582573209446d3e100b4b430c,-86,,0,0,12.0,0
22:12:37,26.0,0,5dd8350ed7a7ba26958fd9cc97e9a9591fc120027d94cde3b0bc634de8928aa4,-81,,0,0,7.0,0
22:12:38,,0,c98aa3198de7f0da4b0062526c4db1c78e91179bf2efa8814b1b34022daa9502,-75,,0,0,,0
22:12:38,26.0,0,5dd8350ed7a7ba26958fd9cc97e9a9591fc120027d94cde3b0bc634de8928aa4,-82,,0,0,7.0,0
22:12:39,,0,f791a04f193656fd3a0982282150aec5de0136e4eb242090ce9d580e11b1ac6a,-76,,0,0,,0
22:12:40,26.0,0,da0291c3997eeee3f80a02b572057345243553bf856c5f5a1642da77bfe16ef6,-72,,0,0,8.0,0
22:12:41,26.0,0,6ac41e7eaa21b1be3099c60f02a829d49013d2509e3bf1243d620a59f7d60c5a,-82,,0,0,12.0,0
22:12:42,,0,c98aa3198de7f0da4b0062526c4db1c78e91179bf2efa8814b1b34022daa9502,-82,,0,0,,0
22:12:42,26.0,0,5dd8350ed7a7ba26958fd9cc97e9a9591fc120027d94cde3b0bc634de8928aa4,-75,,0,0,7.0,0
22:12:43,26.0,0,a1bfa649a45e7a7db01f1abbf08e6d0e0186ff7582573209446d3e100b4b430c,-85,,0,0,12.0,0
22:12:44,,0,5bd2b1e40908b3a6038577844138db89a16720ce16925c5a0ab0ee3099de3ecd,-72,,0,0,,0
22:12:45,26.0,0,f308ce8e07ef362a8a7040eaabed62b770d9b968ebfeec2a4b3801dfb8738f97,-80,,0,0,6.0,0
22:12:45,,0,f791a04f193656fd3a0982282150aec5de0136e4eb242090ce9d580e11b1ac6a,-76,,0,0,,0
22:12:46,6.0,0,aa1c1c1ecff1fde1bc284d0ec7c8c938f62d5e8c7b8f34a4e8683de8c2c0d402,-86,Rb20,0,0,,0
22:12:47,26.0,0,d97f62ad8a3621010c4488c6519681a8d1807d1bd75550ac988086747c856a04,-89,,0,0,,0
22:12:48,26.0,0,d97f62ad8a3621010c4488c6519681a8d1807d1bd75550ac988086747c856a04,-95,,0,0,,0
22:12:49,26.0,0,a1bfa649a45e7a7db01f1abbf08e6d0e0186ff7582573209446d3e100b4b430c,-86,,0,0,12.0,0
22:12:49,26.0,0,da0291c3997eeee3f80a02b572057345243553bf856c5f5a1642da77bfe16ef6,-87,,0,0,8.0,0
22:12:50,26.0,0,f308ce8e07ef362a8a7040eaabed62b770d9b968ebfeec2a4b3801dfb8738f97,-72,,0,0,6.0,0
22:12:51,26.0,0,f308ce8e07ef362a8a7040eaabed62b770d9b968ebfeec2a4b3801dfb8738f97,-77,,0,0,6.0,0
22:12:52,26.0,0,6ac41e7eaa21b1be3099c60f02a829d49013d2509e3bf1243d620a59f7d60c5a,-79,,0,0,12.0,0
22:12:53,26.0,0,5dd8350ed7a7ba26958fd9cc97e9a9591fc120027d94cde3b0bc634de8928aa4,-86,,0,0,7.0,0
22:12:53,26.0,0,6ac41e7eaa21b1be3099c60f02a829d49013d2509e3bf1243d620a59f7d60c5a,-76,,0,0,12.0,0
22:12:54,26.0,0,6ac41e7eaa21b1be3099c60f02a829d49013d2509e3bf1243d620a59f7d60c5a,-85,,0,0,12.0,0
22:12:55,26.0,0,5dd8350ed7a7ba26958fd9cc97e9a9591fc120027d94cde3b0bc634de8928aa4,-77,,0,0,7.0,0
22:12:56,26.0,0,5dd8350ed7a7ba26958fd9cc97e9a9591fc120027d94cde3b0bc634de8928aa4,-80,,0,0,7.0,0
22:12:56,26.0,0,f308ce8e07ef362a8a7040eaabed62b770d9b968ebfeec2a4b3801dfb8738f97,-74,,0,0,6.0,0
22:12:57,26.0,0,5dd8350ed7a7ba26958fd9cc97e9a9591fc120027d94cde3b0bc634de8928aa4,-77,,0,0,7.0,0
22:12:58,26.0,0,da0291c3997eeee3f80a02b572057345243553bf856c5f5a1642da77bfe16ef6,-82,,0,0,8.0,0
22:12:59,26.0,0,5dd8350ed7a7ba26958fd9cc97e9a9591fc120027d94cde3b0bc634de8928aa4,-78,,0,0,7.0,0
22:13:00,26.0,0,6ac41e7eaa21b1be3099c60f02a829d49013d2509e3bf1243d620a59f7d60c5a,-78,,0,0,12.0,0
22:13:00,26.0,0,f308ce8e07ef362a8a7040eaabed62b770d9b968ebfeec2a4b3801dfb8738f97,-78,,0,0,6.0,0
22:13:01,,0,d44379115d889e7177195d88872a8a1561b8af6119eeac7a8cad87421536dc81,-57,,0,0,,0
22:13:02,,0,c98aa3198de7f0da4b0062526c4db1c78e91179bf2efa8814b1b34022daa9502,-75,,0,0,,0
22:13:03,26.0,0,6ac41e7eaa21b1be3099c60f02a829d49013d2509e3bf1243d620a59f7d60c5a,-80,,0,0,12.0,0
22:13:03,26.0,0,da0291c3997eeee3f80a02b572057345243553bf856c5f5a1642da77bfe16ef6,-71,,0,0,8.0,0
22:13:04,26.0,0,6ac41e7eaa21b1be3099c60f02a829d49013d2509e3bf1243d620a59f7d60c5a,-81,,0,0,12.0,0
22:13:05,26.0,0,6ac41e7eaa21b1be3099c60f02a829d49013d2509e3bf1243d620a59f7d60c5a,-76,,0,0,12.0,0
22:13:06,26.0,0,f308ce8e07ef362a8a7040eaabed62b770d9b968ebfeec2a4b3801dfb8738f97,-81,,0,0,6.0,0
22:13:07,26.0,0,5dd8350ed7a7ba26958fd9cc97e9a9591fc120027d94cde3b0bc634de8928aa4,-81,,0,0,7.0,0
22:13:07,26.0,0,5dd8350ed7a7ba26958fd9cc97e9a9591fc120027d94cde3b0bc634de8928aa4,-92,,0,0,7.0,0
22:13:08,26.0,0,5dd8350ed7a7ba26958fd9cc97e9a9591fc120027d94cde3b0bc634de8928aa4,-82,,0,0,7.0,0
22:13:09,26.0,0,6ac41e7eaa21b1be3099c60f02a829d49013d2509e3bf1243d620a59f7d60c5a,-81,,0,0,12.0,0
22:13:10,26.0,0,f308ce8e07ef362a8a7040eaabed62b770d9b968ebfeec2a4b3801dfb8738f97,-78,,0,0,6.0,0
22:13:10,26.0,0,6ac41e7eaa21b1be3099c60f02a829d49013d2509e3bf1243d620a59f7d60c5a,-81,,0,0,12.0,0
22:13:11,26.0,0,f308ce8e07ef362a8a7040eaabed62b770d9b968ebfeec2a4b3801dfb8738f97,-82,,0,0,6.0,0
22:13:12,,0,5bd2b1e40908b3a6038577844138db89a16720ce16925c5a0ab0ee3099de3ecd,-83,,0,0,,0
22:13:13,26.0,0,da0291c3997eeee3f80a02b572057345243553bf856c5f5a1642da77bfe16ef6,-88,,0,0,8.0,0
22:13:14,26.0,0,da0291c3997eeee3f80a02b572057345243553bf856c5f5a1642da77bfe16ef6,-72,,0,0,8.0,0
22:13:14,26.0,0,f308ce8e07ef362a8a7040eaabed62b770d9b968ebfeec2a4b3801dfb8738f97,-79,,0,0,6.0,0
22:13:15,,0,d44379115d889e7177195d88872a8a1561b8af6119eeac7a8cad87421536dc81,-64,,0,0,,0
22:13:16,,0,c98aa3198de7f0da4b0062526c4db1c78e91179bf2efa8814b1b34022daa9502,-88,,0,0,,0
22:13:17,26.0,0,f308ce8e07ef362a8a7040eaabed62b770d9b968ebfeec2a4b3801dfb8738f97,-77,,0,0,6.0,0
22:13:17,,0,f791a04f193656fd3a0982282150aec5de0136e4eb242090ce9d580e11b1ac6a,-76,,0,0,,0
22:13:18,26.0,0,db161b51e825dacab043a8346d51f476015ee5628fc9cf36bea3e2eb92ddfa4d,-91,,0,0,,0
22:13:19,26.0,0,da0291c3997eeee3f80a02b572057345243553bf856c5f5a1642da77bfe16ef6,-84,,0,0,8.0,0
22:13:20,26.0,0,6ac41e7eaa21b1be3099c60f02a829d49013d2509e3bf1243d620a59f7d60c5a,-78,,0,0,12.0,0
22:13:21,26.0,0,5dd8350ed7a7ba26958fd9cc97e9a9591fc120027d94cde3b0bc634de8928aa4,-84,,0,0,7.0,0
22:13:21,26.0,0,5dd8350ed7a7ba26958fd9cc97e9a9591fc120027d94cde3b0bc634de8928aa4,-84,,0,0,7.0,0
22:13:22,26.0,0,db161b51e825dacab043a8346d51f476015ee5628fc9cf36bea3e2eb92ddfa4d,-89,,0,0,,0
22:13:23,26.0,0,f308ce8e07ef362a8a7040eaabed62b770d9b968ebfeec2a4b3801dfb8738f97,-77,,0,0,6.0,0
22:13:24,26.0,0,f308ce8e07ef362a8a7040eaabed62b770d9b968ebfeec2a4b3801dfb8738f97,-81,,0,0,6.0,0
22:13:25,6.0,0,aa1c1c1ecff1fde1bc284d0ec7c8c938f62d5e8c7b8f34a4e8683de8c2c0d402,-88,Rb20,0,0,,0
22:13:25,,0,f791a04f193656fd3a0982282150aec5de0136e4eb242090ce9d580e11b1ac6a,-79,,0,0,,0
22:13:26,26.0,0,5dd8350ed7a7ba26958fd9cc97e9a9591fc120027d94cde3b0bc634de8928aa4,-86,,0,0,7.0,0
22:13:27,26.0,0,6ac41e7eaa21b1be3099c60f02a829d49013d2509e3bf1243d620a59f7d60c5a,-81,,0,0,12.0,0
22:13:28,26.0,0,f308ce8e07ef362a8a7040eaabed62b770d9b968ebfeec2a4b3801dfb8738f97,-78,,0,0,6.0,0
22:13:28,26.0,0,da0291c3997eeee3f80a02b572057345243553bf856c5f5a1642da77bfe16ef6,-72,,0,0,8.0,0
22:13:29,26.0,0,6ac41e7eaa21b1be3099c60f02a829d49013d2509e3bf1243d620a59f7d60c5a,-76,,0,0,12.0,0
22:13:30,,0,c98aa3198de7f0da4b0062526c4db1c78e91179bf2efa8814b1b34022daa9502,-79,,0,0,,0
22:13:31,26.0,0,6ac41e7eaa21b1be3099c60f02a829d49013d2509e3bf1243d620a59f7d60c5a,-76,,0,0,12.0,0
22:13:32,26.0,0,5dd8350ed7a7ba26958fd9cc97e9a9591fc120027d94cde3b0bc634de8928aa4,-88,,0,0,7.0,0
22:13:32,26.0,0,6ac41e7eaa21b1be3099c60f02a829d49013d2509e3bf1243d620a59f7d60c5a,-76,,0,0,12.0,0
22:13:33,,0,d44379115d889e7177195d88872a8a1561b8af6119eeac7a8cad87421536dc81,-61,,0,0,,0
22:13:34,,0,c98aa3198de7f0da4b0062526c4db1c78e91179bf2efa8814b1b34022daa9502,-78,,0,0,,0
22:13:35,6.0,0,aa1c1c1ecff1fde1bc284d0ec7c8c938f62d5e8c7b8f34a4e8683de8c2c0d402,-92,Rb20,0,0,,0
22:13:35,26.0,0,5dc410907f61d13b44f61d230434e4c234ce61b10e634d44de6c81f5864f9048,-75,,0,0,,0
22:13:36,26.0,0,5dc410907f61d13b44f61d230434e4c234ce61b10e634d44de6c81f5864f9048,-81,,0,0,,0
22:13:37,26.0,0,5dc410907f61d13b44f61d230434e4c234ce61b10e634d44de6c81f5864f9048,-75,,0,0,,0
22:13:38,26.0,0,da0291c3997eeee3f80a02b572057345243553bf856c5f5a1642da77bfe16ef6,-71,,0,0,8.0,0
22:13:39,26.0,0,f308ce8e07ef362a8a7040eaabed62b770d9b968ebfeec2a4b3801dfb8738f97,-84,,0,0,,0
22:13:39,26.0,0,f308ce8e07ef362a8a7040eaabed62b770d9b968ebfeec2a4b3801dfb8738f97,-76,,0,0,,0
22:13:40,26.0,0,f308ce8e07ef362a8a7040eaabed62b770d9b968ebfeec2a4b3801dfb8738f97,-76,,0,0,,0
22:13:41,26.0,0,5dd8350ed7a7ba26958fd9cc97e9a9591fc120027d94cde3b0bc634de8928aa4,-83,,0,0,7.0,0
22:13:42,26.0,0,5dc410907f61d13b44f61d230434e4c234ce61b10e634d44de6c81f5864f9048,-83,,0,0,,0
22:13:42,26.0,0,5dc410907f61d13b44f61d230434e4c234ce61b10e634d44de6c81f5864f9048,-82,,0,0,,0
22:13:43,26.0,0,5dc410907f61d13b44f61d230434e4c234ce61b10e634d44de6c81f5864f9048,-77,,0,0,,0
22:13:44,26.0,0,5dc410907f61d13b44f61d230434e4c234ce61b10e634d44de6c81f5864f9048,-79,,0,0,,0
22:13:45,26.0,0,5dc410907f61d13b44f61d230434e4c234ce61b10e634d44de6c81f5864f9048,-76,,0,0,,0
22:13:46,26.0,0,5dc410907f61d13b44f61d230434e4c234ce61b10e634d44de6c81f5864f9048,-80,,0,0,,0
22:13:46,26.0,0,5dc410907f61d13b44f61d230434e4c234ce61b10e634d44de6c81f5864f9048,-81,,0,0,,0
22:13:47,26.0,0,da0291c3997eeee3f80a02b572057345243553bf856c5f5a1642da77bfe16ef6,-80,,0,0,8.0,0
22:13:48,26.0,0,5dc410907f61d13b44f61d230434e4c234ce61b10e634d44de6c81f5864f9048,-85,,0,0,,0
22:13:49,26.0,0,5dc410907f61d13b44f61d230434e4c234ce61b10e634d44de6c81f5864f9048,-80,,0,0,,0
22:13:50,26.0,0,5dd8350ed7a7ba26958fd9cc97e9a9591fc120027d94cde3b0bc634de8928aa4,-90,,0,0,7.0,0
22:13:50,26.0,0,6ac41e7eaa21b1be3099c60f02a829d49013d2509e3bf1243d620a59f7d60c5a,-74,,0,0,12.0,0
22:13:51,26.0,0,034bbc6c44dd429f68d94747765546ca249c7daa8bded9fbdc0c5a4fb4e712af,-92,,0,0,8.0,0
22:13:52,,0,5bd2b1e40908b3a6038577844138db89a16720ce16925c5a0ab0ee3099de3ecd,-72,,0,0,,0
22:13:53,,0,c98aa3198de7f0da4b0062526c4db1c78e91179bf2efa8814b1b34022daa9502,-83,,0,0,,0
22:13:53,26.0,0,da0291c3997eeee3f80a02b572057345243553bf856c5f5a1642da77bfe16ef6,-86,,0,0,8.0,0
22:13:54,26.0,0,5dc410907f61d13b44f61d230434e4c234ce61b10e634d44de6c81f5864f9048,-82,,0,0,,0
22:13:55,6.0,0,aa1c1c1ecff1fde1bc284d0ec7c8c938f62d5e8c7b8f34a4e8683de8c2c0d402,-91,Rb20,0,0,,0
22:13:56,26.0,0,f308ce8e07ef362a8a7040eaabed62b770d9b968ebfeec2a4b3801dfb8738f97,-80,,0,0,6.0,0
22:13:57,26.0,0,5dc410907f61d13b44f61d230434e4c234ce61b10e634d44de6c81f5864f9048,-84,,0,0,,0
22:13:57,26.0,0,da0291c3997eeee3f80a02b572057345243553bf856c5f5a1642da77bfe16ef6,-70,,0,0,8.0,0
22:13:58,26.0,0,5dd8350ed7a7ba26958fd9cc97e9a9591fc120027d94cde3b0bc634de8928aa4,-87,,0,0,7.0,0
22:13:59,26.0,0,5dc410907f61d13b44f61d230434e4c234ce61b10e634d44de6c81f5864f9048,-84,,0,0,,0
22:14:00,26.0,0,6ac41e7eaa21b1be3099c60f02a829d49013d2509e3bf1243d620a59f7d60c5a,-77,,0,0,12.0,0
22:14:00,26.0,0,5dc410907f61d13b44f61d230434e4c234ce61b10e634d44de6c81f5864f9048,-79,,0,0,,0
22:14:01,,0,d44379115d889e7177195d88872a8a1561b8af6119eeac7a8cad87421536dc81,-64,,0,0,,0
22:14:02,26.0,0,da0291c3997eeee3f80a02b572057345243553bf856c5f5a1642da77bfe16ef6,-72,,0,0,8.0,0
22:14:03,26.0,0,da0291c3997eeee3f80a02b572057345243553bf856c5f5a1642da77bfe16ef6,-73,,0,0,8.0,0
22:14:04,26.0,0,5dd8350ed7a7ba26958fd9cc97e9a9591fc120027d94cde3b0bc634de8928aa4,-74,,0,0,7.0,0
22:14:04,26.0,0,5dd8350ed7a7ba26958fd9cc97e9a9591fc120027d94cde3b0bc634de8928aa4,-83,,0,0,7.0,0
22:14:05,26.0,0,6ac41e7eaa21b1be3099c60f02a829d49013d2509e3bf1243d620a59f7d60c5a,-84,,0,0,12.0,0
22:14:06,26.0,0,6ac41e7eaa21b1be3099c60f02a829d49013d2509e3bf1243d620a59f7d60c5a,-84,,0,0,12.0,0
22:14:07,26.0,0,da0291c3997eeee3f80a02b572057345243553bf856c5f5a1642da77bfe16ef6,-71,,0,0,8.0,0
22:14:07,,0,c98aa3198de7f0da4b0062526c4db1c78e91179bf2efa8814b1b34022daa9502,-92,,0,0,,0
22:14:08,26.0,0,da0291c3997eeee3f80a02b572057345243553bf856c5f5a1642da77bfe16ef6,-84,,0,0,8.0,0
22:14:09,26.0,0,5dc410907f61d13b44f61d230434e4c234ce61b10e634d44de6c81f5864f9048,-89,,0,0,,0
22:14:10,26.0,0,5dc410907f61d13b44f61d230434e4c234ce61b10e634d44de6c81f5864f9048,-87,,0,0,,0
22:14:11,26.0,0,5dc410907f61d13b44f61d230434e4c234ce61b10e634d44de6c81f5864f9048,-85,,0,0,,0
22:14:11,26.0,0,5dc410907f61d13b44f61d230434e4c234ce61b10e634d44de6c81f5864f9048,-82,,0,0,,0
22:14:12,26.0,0,5dd8350ed7a7ba26958fd9cc97e9a9591fc120027d94cde3b0bc634de8928aa4,-76,,0,0,7.0,0
22:14:13,26.0,0,f308ce8e07ef362a8a7040eaabed62b770d9b968ebfeec2a4b3801dfb8738f97,-80,,0,0,,0
22:14:14,26.0,0,5dc410907f61d13b44f61d230434e4c234ce61b10e634d44de6c81f5864f9048,-78,,0,0,,0
22:14:14,26.0,0,5dc410907f61d13b44f61d230434e4c234ce61b10e634d44de6c81f5864f9048,-88,,0,0,,0
22:14:15,,0,f791a04f193656fd3a0982282150aec5de0136e4eb242090ce9d580e11b1ac6a,-76,,0,0,,0
22:14:16,,0,5bd2b1e40908b3a6038577844138db89a16720ce16925c5a0ab0ee3099de3ecd,-74,,0,0,,0
22:14:17,26.0,0,6ac41e7eaa21b1be3099c60f02a829d49013d2509e3bf1243d620a59f7d60c5a,-80,,0,0,12.0,0
22:14:18,,0,f791a04f193656fd3a0982282150aec5de0136e4eb242090ce9d580e11b1ac6a,-77,,0,0,,0
22:14:18,26.0,0,5dd8350ed7a7ba26958fd9cc97e9a9591fc120027d94cde3b0bc634de8928aa4,-83,,0,0,7.0,0
22:14:19,,0,974144b1e43e18b284cfcc7e012fd16982a0bdece8cc4a0392704349a1dba363,-86,,0,0,,0
22:14:20,26.0,0,034bbc6c44dd429f68d94747765546ca249c7daa8bded9fbdc0c5a4fb4e712af,-95,,0,0,8.0,0
22:14:21,26.0,0,6ac41e7eaa21b1be3099c60f02a829d49013d2509e3bf1243d620a59f7d60c5a,-83,,0,0,12.0,0
22:14:22,26.0,0,da0291c3997eeee3f80a02b572057345243553bf856c5f5a1642da77bfe16ef6,-80,,0,0,8.0,0
22:14:22,26.0,0,5dd8350ed7a7ba26958fd9cc97e9a9591fc120027d94cde3b0bc634de8928aa4,-82,,0,0,7.0,0
22:14:23,26.0,0,6ac41e7eaa21b1be3099c60f02a829d49013d2509e3bf1243d620a59f7d60c5a,-74,,0,0,12.0,0
22:14:24,26.0,0,da0291c3997eeee3f80a02b572057345243553bf856c5f5a1642da77bfe16ef6,-74,,0,0,8.0,0
22:14:25,26.0,0,6ac41e7eaa21b1be3099c60f02a829d49013d2509e3bf1243d620a59f7d60c5a,-79,,0,0,12.0,0
22:14:25,,0,f791a04f193656fd3a0982282150aec5de0136e4eb242090ce9d580e11b1ac6a,-83,,0,0,,0
22:14:26,26.0,0,f308ce8e07ef362a8a7040eaabed62b770d9b968ebfeec2a4b3801dfb8738f97,-76,,0,0,6.0,0
22:14:27,26.0,0,f308ce8e07ef362a8a7040eaabed62b770d9b968ebfeec2a4b3801dfb8738f97,-83,,0,0,6.0,0
22:14:28,26.0,0,034bbc6c44dd429f68d94747765546ca249c7daa8bded9fbdc0c5a4fb4e712af,-91,,0,0,8.0,0
22:14:29,26.0,0,a1bfa649a45e7a7db01f1abbf08e6d0e0186ff7582573209446d3e100b4b430c,-88,,0,0,12.0,0
22:14:29,26.0,0,6ac41e7eaa21b1be3099c60f02a829d49013d2509e3bf1243d620a59f7d60c5a,-77,,0,0,12.0,0
22:14:30,26.0,0,6ac41e7eaa21b1be3099c60f02a829d49013d2509e3bf1243d620a59f7d60c5a,-81,,0,0,12.0,0
22:14:31,26.0,0,da0291c3997eeee3f80a02b572057345243553bf856c5f5a1642da77bfe16ef6,-73,,0,0,8.0,0
22:14:32,26.0,0,6e862e8b7c97eb4a848d050c34418fc01ec4ab32c4b56a55453add4701e09a43,-58,,0,0,12.0,0
22:14:32,26.0,0,da0291c3997eeee3f80a02b572057345243553bf856c5f5a1642da77bfe16ef6,-74,,0,0,8.0,0
22:14:33,26.0,0,da0291c3997eeee3f80a02b572057345243553bf856c5f5a1642da77bfe16ef6,-71,,0,0,8.0,0
22:14:34,26.0,0,6ac41e7eaa21b1be3099c60f02a829d49013d2509e3bf1243d620a59f7d60c5a,-81,,0,0,12.0,0
22:14:35,26.0,0,f308ce8e07ef362a8a7040eaabed62b770d9b968ebfeec2a4b3801dfb8738f97,-77,,0,0,6.0,0
22:14:36,,0,f791a04f193656fd3a0982282150aec5de0136e4eb242090ce9d580e11b1ac6a,-79,,0,0,,0
22:14:36,26.0,0,cf22a23b74b71c53afebd9028af5f7ceb3792c968ca95a07c2a889882b5689e5,-64,,0,0,12.0,0
22:14:37,26.0,0,da0291c3997eeee3f80a02b572057345243553bf856c5f5a1642da77bfe16ef6,-74,,0,0,8.0,0
22:14:38,26.0,0,6ac41e7eaa21b1be3099c60f02a829d49013d2509e3bf1243d620a59f7d60c5a,-83,,0,0,12.0,0
22:14:39,26.0,0,6ac41e7eaa21b1be3099c60f02a829d49013d2509e3bf1243d620a59f7d60c5a,-83,,0,0,12.0,0
22:14:39,26.0,0,d97f62ad8a3621010c4488c6519681a8d1807d1bd75550ac988086747c856a04,-94,,0,0,,0
22:14:40,,0,5bd2b1e40908b3a6038577844138db89a16720ce16925c5a0ab0ee3099de3ecd,-88,,0,0,,0
22:14:41,26.0,0,cf22a23b74b71c53afebd9028af5f7ceb3792c968ca95a07c2a889882b5689e5,-62,,0,0,12.0,0
22:14:42,,0,c98aa3198de7f0da4b0062526c4db1c78e91179bf2efa8814b1b34022daa9502,-75,,0,0,,0
22:14:43,26.0,0,da0291c3997eeee3f80a02b572057345243553bf856c5f5a1642da77bfe16ef6,-88,,0,0,8.0,0
22:14:43,26.0,0,6ac41e7eaa21b1be3099c60f02a829d49013d2509e3bf1243d620a59f7d60c5a,-83,,0,0,12.0,0
22:14:44,,0,5bd2b1e40908b3a6038577844138db89a16720ce16925c5a0ab0ee3099de3ecd,-71,,0,0,,0
22:14:45,26.0,0,f308ce8e07ef362a8a7040eaabed62b770d9b968ebfeec2a4b3801dfb8738f97,-88,,0,0,6.0,0
22:14:46,26.0,0,615a165e335669eb078e19fabab7f1e631cb246671c97b9ded6388ae4d18f44b,-90,,0,0,,0
22:14:46,26.0,0,da0291c3997eeee3f80a02b572057345243553bf856c5f5a1642da77bfe16ef6,-70,,0,0,8.0,0
22:14:47,26.0,0,615a165e335669eb078e19fabab7f1e631cb246671c97b9ded6388ae4d18f44b,-92,,0,0,,0
22:14:48,26.0,0,5dd8350ed7a7ba26958fd9cc97e9a9591fc120027d94cde3b0bc634de8928aa4,-73,,0,0,7.0,0
22:14:49,26.0,0,cf22a23b74b71c53afebd9028af5f7ceb3792c968ca95a07c2a889882b5689e5,-61,,0,0,12.0,0
22:14:50,26.0,0,f308ce8e07ef362a8a7040eaabed62b770d9b968ebfeec2a4b3801dfb8738f97,-75,,0,0,6.0,0
22:14:50,26.0,0,6ac41e7eaa21b1be3099c60f02a829d49013d2509e3bf1243d620a59f7d60c5a,-78,,0,0,12.0,0
22:14:51,26.0,0,5dd8350ed7a7ba26958fd9cc97e9a9591fc120027d94cde3b0bc634de8928aa4,-70,,0,0,7.0,0
22:14:52,,0,c98aa3198de7f0da4b0062526c4db1c78e91179bf2efa8814b1b34022daa9502,-81,,0,0,,0
22:14:53,26.0,0,da0291c3997eeee3f80a02b572057345243553bf856c5f5a1642da77bfe16ef6,-70,,0,0,8.0,0
22:14:54,26.0,0,615a165e335669eb078e19fabab7f1e631cb246671c97b9ded6388ae4d18f44b,-89,,0,0,,0
22:14:54,26.0,0,6ac41e7eaa21b1be3099c60f02a829d49013d2509e3bf1243d620a59f7d60c5a,-82,,0,0,12.0,0
22:14:55,26.0,0,6ac41e7eaa21b1be3099c60f02a829d49013d2509e3bf1243d620a59f7d60c5a,-80,,0,0,12.0,0
22:14:56,26.0,0,da0291c3997eeee3f80a02b572057345243553bf856c5f5a1642da77bfe16ef6,-87,,0,0,8.0,0
22:14:57,26.0,0,5dd8350ed7a7ba26958fd9cc97e9a9591fc120027d94cde3b0bc634de8928aa4,-80,,0,0,7.0,0
22:14:57,26.0,0,6ac41e7eaa21b1be3099c60f02a829d49013d2509e3bf1243d620a59f7d60c5a,-82,,0,0,12.0,0
22:14:58,26.0,0,5dd8350ed7a7ba26958fd9cc97e9a9591fc120027d94cde3b0bc634de8928aa4,-81,,0,0,7.0,0
22:14:59,26.0,0,da0291c3997eeee3f80a02b572057345243553bf856c5f5a1642da77bfe16ef6,-82,,0,0,8.0,0
22:15:00,26.0,0,6ac41e7eaa21b1be3099c60f02a829d49013d2509e3bf1243d620a59f7d60c5a,-83,,0,0,12.0,0
22:15:01,26.0,0,da0291c3997eeee3f80a02b572057345243553bf856c5f5a1642da77bfe16ef6,-71,,0,0,8.0,0
22:15:01,26.0,0,da0291c3997eeee3f80a02b572057345243553bf856c5f5a1642da77bfe16ef6,-70,,0,0,8.0,0
22:15:02,26.0,0,da0291c3997eeee3f80a02b572057345243553bf856c5f5a1642da77bfe16ef6,-70,,0,0,8.0,0
22:15:03,,0,d83f251dd0b044027026e93165c9463c2d1653d3f3915ad0dd45a29bef7e603f,-87,,0,0,,0
22:15:04,,0,5bd2b1e40908b3a6038577844138db89a16720ce16925c5a0ab0ee3099de3ecd,-78,,0,0,,0
22:15:04,26.0,0,da0291c3997eeee3f80a02b572057345243553bf856c5f5a1642da77bfe16ef6,-78,,0,0,8.0,0
22:15:05,26.0,0,08b579484edc837f06f7da2b075a88cb26b2beec26d24de383957b294489adc1,-89,,0,0,,0
22:15:06,26.0,0,08b579484edc837f06f7da2b075a88cb26b2beec26d24de383957b294489adc1,-86,,0,0,,0
22:15:07,26.0,0,08b579484edc837f06f7da2b075a88cb26b2beec26d24de383957b294489adc1,-84,,0,0,,0
22:15:08,26.0,0,08b579484edc837f06f7da2b075a88cb26b2beec26d24de383957b294489adc1,-92,,0,0,,0
22:15:08,26.0,0,6ac41e7eaa21b1be3099c60f02a829d49013d2509e3bf1243d620a59f7d60c5a,-84,,0,0,12.0,0
22:15:09,26.0,0,f308ce8e07ef362a8a7040eaabed62b770d9b968ebfeec2a4b3801dfb8738f97,-78,,0,0,6.0,0
22:15:10,26.0,0,f308ce8e07ef362a8a7040eaabed62b770d9b968ebfeec2a4b3801dfb8738f97,-80,,0,0,6.0,0
22:15:11,26.0,0,da0291c3997eeee3f80a02b572057345243553bf856c5f5a1642da77bfe16ef6,-79,,0,0,8.0,0
22:15:11,26.0,0,08b579484edc837f06f7da2b075a88cb26b2beec26d24de383957b294489adc1,-81,,0,0,,0
22:15:12,26.0,0,08b579484edc837f06f7da2b075a88cb26b2beec26d24de383957b294489adc1,-81,,0,0,,0
22:15:13,,0,36036df05f96edc11c7c40c22600015995e1f0028ca27661775e7cda4788070d,-81,,0,0,,0
22:15:14,26.0,0,08b579484edc837f06f7da2b075a88cb26b2beec26d24de383957b294489adc1,-85,,0,0,,0
22:15:15,,0,86d339209204091c8de321e2c3508383e9bd4d85945d739ebcaed4c489d11369,-94,,0,0,,0
22:15:15,26.0,0,da0291c3997eeee3f80a02b572057345243553bf856c5f5a1642da77bfe16ef6,-84,,0,0,8.0,0
22:15:16,26.0,0,08b579484edc837f06f7da2b075a88cb26b2beec26d24de383957b294489adc1,-84,,0,0,,0
22:15:17,26.0,0,6ac41e7eaa21b1be3099c60f02a829d49013d2509e3bf1243d620a59f7d60c5a,-78,,0,0,12.0,0
22:15:18,,0,f791a04f193656fd3a0982282150aec5de0136e4eb242090ce9d580e11b1ac6a,-85,,0,0,,0
22:15:18,26.0,0,f308ce8e07ef362a8a7040eaabed62b770d9b968ebfeec2a4b3801dfb8738f97,-85,,0,0,6.0,0
22:15:19,6.0,0,aa1c1c1ecff1fde1bc284d0ec7c8c938f62d5e8c7b8f34a4e8683de8c2c0d402,-90,Rb20,0,0,,0
22:15:20,,0,f2dd99ee4d874fa3e68f000825140002d4a8487772358f0d4878137a655560a1,-83,,0,0,,0
22:15:21,,0,a6a7dca8695b55afe089a81b428f71b5663090716f2424354fc2b8c22360660c,-60,,0,0,,0
22:15:22,,0,f791a04f193656fd3a0982282150aec5de0136e4eb242090ce9d580e11b1ac6a,-76,,0,0,,0
22:15:22,26.0,0,f308ce8e07ef362a8a7040eaabed62b770d9b968ebfeec2a4b3801dfb8738f97,-79,,0,0,6.0,0
22:15:23,26.0,0,f308ce8e07ef362a8a7040eaabed62b770d9b968ebfeec2a4b3801dfb8738f97,-82,,0,0,6.0,0
22:15:24,,0,f2dd99ee4d874fa3e68f000825140002d4a8487772358f0d4878137a655560a1,-82,,0,0,,0
22:15:25,26.0,0,08b579484edc837f06f7da2b075a88cb26b2beec26d24de383957b294489adc1,-84,,0,0,,0
22:15:26,26.0,0,da0291c3997eeee3f80a02b572057345243553bf856c5f5a1642da77bfe16ef6,-80,,0,0,8.0,0
22:15:26,26.0,0,08b579484edc837f06f7da2b075a88cb26b2beec26d24de383957b294489adc1,-87,,0,0,,0
22:15:27,26.0,0,da0291c3997eeee3f80a02b572057345243553bf856c5f5a1642da77bfe16ef6,-79,,0,0,8.0,0
22:15:28,26.0,0,f308ce8e07ef362a8a7040eaabed62b770d9b968ebfeec2a4b3801dfb8738f97,-81,,0,0,6.0,0
22:15:29,26.0,0,5dd8350ed7a7ba26958fd9cc97e9a9591fc120027d94cde3b0bc634de8928aa4,-80,,0,0,7.0,0
22:15:29,26.0,0,08b579484edc837f06f7da2b075a88cb26b2beec26d24de383957b294489adc1,-81,,0,0,,0
22:15:30,26.0,0,08b579484edc837f06f7da2b075a88cb26b2beec26d24de383957b294489adc1,-78,,0,0,,0
22:15:31,26.0,0,da0291c3997eeee3f80a02b572057345243553bf856c5f5a1642da77bfe16ef6,-80,,0,0,8.0,0
22:15:32,26.0,0,08b579484edc837f06f7da2b075a88cb26b2beec26d24de383957b294489adc1,-82,,0,0,,0
22:15:33,6.0,0,aa1c1c1ecff1fde1bc284d0ec7c8c938f62d5e8c7b8f34a4e8683de8c2c0d402,-91,Rb20,0,0,,0
22:15:33,26.0,0,08b579484edc837f06f7da2b075a88cb26b2beec26d24de383957b294489adc1,-81,,0,0,,0
22:15:34,26.0,0,08b579484edc837f06f7da2b075a88cb26b2beec26d24de383957b294489adc1,-83,,0,0,,0
22:15:35,26.0,0,615a165e335669eb078e19fabab7f1e631cb246671c97b9ded6388ae4d18f44b,-87,,0,0,,0
22:15:36,,0,f791a04f193656fd3a0982282150aec5de0136e4eb242090ce9d580e11b1ac6a,-89,,0,0,,0
22:15:36,26.0,0,08b579484edc837f06f7da2b075a88cb26b2beec26d24de383957b294489adc1,-80,,0,0,,0
22:15:37,26.0,0,f308ce8e07ef362a8a7040eaabed62b770d9b968ebfeec2a4b3801dfb8738f97,-82,,0,0,6.0,0
22:15:38,26.0,0,08b579484edc837f06f7da2b075a88cb26b2beec26d24de383957b294489adc1,-82,,0,0,,0
22:15:39,26.0,0,5dd8350ed7a7ba26958fd9cc97e9a9591fc120027d94cde3b0bc634de8928aa4,-85,,0,0,7.0,0
22:15:40,,0,f791a04f193656fd3a0982282150aec5de0136e4eb242090ce9d580e11b1ac6a,-79,,0,0,,0
22:15:40,26.0,0,a1bfa649a45e7a7db01f1abbf08e6d0e0186ff7582573209446d3e100b4b430c,-88,,0,0,12.0,0
22:15:41,26.0,0,615a165e335669eb078e19fabab7f1e631cb246671c97b9ded6388ae4d18f44b,-93,,0,0,,0
22:15:42,26.0,0,6ac41e7eaa21b1be3099c60f02a829d49013d2509e3bf1243d620a59f7d60c5a,-89,,0,0,12.0,0
22:15:43,6.0,0,aa1c1c1ecff1fde1bc284d0ec7c8c938f62d5e8c7b8f34a4e8683de8c2c0d402,-90,Rb20,0,0,,0
22:15:43,26.0,0,f308ce8e07ef362a8a7040eaabed62b770d9b968ebfeec2a4b3801dfb8738f97,-82,,0,0,6.0,0
22:15:44,26.0,0,5dd8350ed7a7ba26958fd9cc97e9a9591fc120027d94cde3b0bc634de8928aa4,-84,,0,0,7.0,0
22:15:45,,0,36036df05f96edc11c7c40c22600015995e1f0028ca27661775e7cda4788070d,-80,,0,0,,0
22:15:46,26.0,0,08b579484edc837f06f7da2b075a88cb26b2beec26d24de383957b294489adc1,-86,,0,0,,0
22:15:47,26.0,0,da0291c3997eeee3f80a02b572057345243553bf856c5f5a1642da77bfe16ef6,-85,,0,0,8.0,0
22:15:47,6.0,0,aa1c1c1ecff1fde1bc284d0ec7c8c938f62d5e8c7b8f34a4e8683de8c2c0d402,-87,Rb20,0,0,,0
22:15:48,,0,f2dd99ee4d874fa3e68f000825140002d4a8487772358f0d4878137a655560a1,-82,,0,0,,0
22:15:49,26.0,0,a1bfa649a45e7a7db01f1abbf08e6d0e0186ff7582573209446d3e100b4b430c,-83,,0,0,12.0,0
22:15:50,26.0,0,5dd8350ed7a7ba26958fd9cc97e9a9591fc120027d94cde3b0bc634de8928aa4,-81,,0,0,7.0,0
22:15:50,26.0,0,615a165e335669eb078e19fabab7f1e631cb246671c97b9ded6388ae4d18f44b,-91,,0,0,,0
22:15:51,26.0,0,5dd8350ed7a7ba26958fd9cc97e9a9591fc120027d94cde3b0bc634de8928aa4,-72,,0,0,7.0,0
22:15:52,26.0,0,f308ce8e07ef362a8a7040eaabed62b770d9b968ebfeec2a4b3801dfb8738f97,-89,,0,0,6.0,0
22:15:53,,0,a6a7dca8695b55afe089a81b428f71b5663090716f2424354fc2b8c22360660c,-63,,0,0,,0
22:15:54,26.0,0,5dd8350ed7a7ba26958fd9cc97e9a9591fc120027d94cde3b0bc634de8928aa4,-80,,0,0,7.0,0
22:15:54,26.0,0,6ac41e7eaa21b1be3099c60f02a829d49013d2509e3bf1243d620a59f7d60c5a,-88,,0,0,12.0,0
22:15:55,26.0,0,5dd8350ed7a7ba26958fd9cc97e9a9591fc120027d94cde3b0bc634de8928aa4,-80,,0,0,7.0,0
22:15:56,26.0,0,f308ce8e07ef362a8a7040eaabed62b770d9b968ebfeec2a4b3801dfb8738f97,-80,,0,0,6.0,0
22:15:57,26.0,0,da0291c3997eeee3f80a02b572057345243553bf856c5f5a1642da77bfe16ef6,-82,,0,0,8.0,0
22:15:58,26.0,0,f308ce8e07ef362a8a7040eaabed62b770d9b968ebfeec2a4b3801dfb8738f97,-82,,0,0,6.0,0
22:15:58,26.0,0,6ac41e7eaa21b1be3099c60f02a829d49013d2509e3bf1243d620a59f7d60c5a,-83,,0,0,12.0,0
22:15:59,26.0,0,5dd8350ed7a7ba26958fd9cc97e9a9591fc120027d94cde3b0bc634de8928aa4,-85,,0,0,7.0,0
22:16:00,26.0,0,da0291c3997eeee3f80a02b572057345243553bf856c5f5a1642da77bfe16ef6,-82,,0,0,8.0,0
22:16:01,26.0,0,f308ce8e07ef362a8a7040eaabed62b770d9b968ebfeec2a4b3801dfb8738f97,-76,,0,0,6.0,0
22:16:01,,0,36036df05f96edc11c7c40c22600015995e1f0028ca27661775e7cda4788070d,-80,,0,0,,0
22:16:02,26.0,0,f308ce8e07ef362a8a7040eaabed62b770d9b968ebfeec2a4b3801dfb8738f97,-81,,0,0,6.0,0
22:16:03,,0,36036df05f96edc11c7c40c22600015995e1f0028ca27661775e7cda4788070d,-85,,0,0,,0
22:16:04,26.0,0,da0291c3997eeee3f80a02b572057345243553bf856c5f5a1642da77bfe16ef6,-80,,0,0,8.0,0
22:16:05,26.0,0,5dd8350ed7a7ba26958fd9cc97e9a9591fc120027d94cde3b0bc634de8928aa4,-92,,0,0,7.0,0
22:16:05,26.0,0,6ac41e7eaa21b1be3099c60f02a829d49013d2509e3bf1243d620a59f7d60c5a,-85,,0,0,12.0,0
22:16:06,26.0,0,f308ce8e07ef362a8a7040eaabed62b770d9b968ebfeec2a4b3801dfb8738f97,-82,,0,0,6.0,0
22:16:07,,0,36036df05f96edc11c7c40c22600015995e1f0028ca27661775e7cda4788070d,-85,,0,0,,0
22:16:08,26.0,0,6ac41e7eaa21b1be3099c60f02a829d49013d2509e3bf1243d620a59f7d60c5a,-87,,0,0,12.0,0
22:16:08,26.0,0,5dd8350ed7a7ba26958fd9cc97e9a9591fc120027d94cde3b0bc634de8928aa4,-79,,0,0,7.0,0
22:16:09,26.0,0,a1bfa649a45e7a7db01f1abbf08e6d0e0186ff7582573209446d3e100b4b430c,-87,,0,0,12.0,0
22:16:10,26.0,0,da0291c3997eeee3f80a02b572057345243553bf856c5f5a1642da77bfe16ef6,-85,,0,0,8.0,0
22:16:11,26.0,0,5dd8350ed7a7ba26958fd9cc97e9a9591fc120027d94cde3b0bc634de8928aa4,-88,,0,0,7.0,0
22:16:12,6.0,0,aa1c1c1ecff1fde1bc284d0ec7c8c938f62d5e8c7b8f34a4e8683de8c2c0d402,-86,Rb20,0,0,,0
22:16:12,26.0,0,f308ce8e07ef362a8a7040eaabed62b770d9b968ebfeec2a4b3801dfb8738f97,-87,,0,0,6.0,0
22:16:13,26.0,0,5dc410907f61d13b44f61d230434e4c234ce61b10e634d44de6c81f5864f9048,-87,,0,0,,0
22:16:14,26.0,0,f308ce8e07ef362a8a7040eaabed62b770d9b968ebfeec2a4b3801dfb8738f97,-91,,0,0,6.0,0
22:16:15,,0,86d339209204091c8de321e2c3508383e9bd4d85945d739ebcaed4c489d11369,-93,,0,0,,0
22:16:15,26.0,0,da0291c3997eeee3f80a02b572057345243553bf856c5f5a1642da77bfe16ef6,-83,,0,0,8.0,0
22:16:16,,0,f2dd99ee4d874fa3e68f000825140002d4a8487772358f0d4878137a655560a1,-80,,0,0,,0
22:16:17,26.0,0,da0291c3997eeee3f80a02b572057345243553bf856c5f5a1642da77bfe16ef6,-83,,0,0,8.0,0
22:16:18,26.0,0,5dc410907f61d13b44f61d230434e4c234ce61b10e634d44de6c81f5864f9048,-89,,0,0,,0
22:16:19,,0,86d339209204091c8de321e2c3508383e9bd4d85945d739ebcaed4c489d11369,-90,,0,0,,0
22:16:19,26.0,0,5dd8350ed7a7ba26958fd9cc97e9a9591fc120027d94cde3b0bc634de8928aa4,-86,,0,0,7.0,0
22:16:20,,0,f2dd99ee4d874fa3e68f000825140002d4a8487772358f0d4878137a655560a1,-88,,0,0,,0
22:16:21,26.0,0,5dd8350ed7a7ba26958fd9cc97e9a9591fc120027d94cde3b0bc634de8928aa4,-85,,0,0,7.0,0
22:16:22,,0,f791a04f193656fd3a0982282150aec5de0136e4eb242090ce9d580e11b1ac6a,-78,,0,0,,0
22:16:23,26.0,0,5dc410907f61d13b44f61d230434e4c234ce61b10e634d44de6c81f5864f9048,-83,,0,0,,0
22:16:23,26.0,0,5dc410907f61d13b44f61d230434e4c234ce61b10e634d44de6c81f5864f9048,-79,,0,0,,0
22:16:24,26.0,0,6ac41e7eaa21b1be3099c60f02a829d49013d2509e3bf1243d620a59f7d60c5a,-82,,0,0,12.0,0
22:16:25,,0,a6a7dca8695b55afe089a81b428f71b5663090716f2424354fc2b8c22360660c,-59,,0,0,,0
22:16:26,26.0,0,f308ce8e07ef362a8a7040eaabed62b770d9b968ebfeec2a4b3801dfb8738f97,-76,,0,0,6.0,0
22:16:26,26.0,0,da0291c3997eeee3f80a02b572057345243553bf856c5f5a1642da77bfe16ef6,-85,,0,0,8.0,0
22:16:27,26.0,0,f308ce8e07ef362a8a7040eaabed62b770d9b968ebfeec2a4b3801dfb8738f97,-78,,0,0,6.0,0
22:16:28,26.0,0,5dd8350ed7a7ba26958fd9cc97e9a9591fc120027d94cde3b0bc634de8928aa4,-82,,0,0,7.0,0
22:16:29,,0,a6a7dca8695b55afe089a81b428f71b5663090716f2424354fc2b8c22360660c,-56,,0,0,,0
22:16:30,26.0,0,f308ce8e07ef362a8a7040eaabed62b770d9b968ebfeec2a4b3801dfb8738f97,-81,,0,0,6.0,0
22:16:30,26.0,0,f308ce8e07ef362a8a7040eaabed62b770d9b968ebfeec2a4b3801dfb8738f97,-89,,0,0,6.0,0
22:16:31,26.0,0,f308ce8e07ef362a8a7040eaabed62b770d9b968ebfeec2a4b3801dfb8738f97,-82,,0,0,6.0,0
22:16:32,26.0,0,5dc410907f61d13b44f61d230434e4c234ce61b10e634d44de6c81f5864f9048,-86,,0,0,,0
22:16:33,26.0,0,5dc410907f61d13b44f61d230434e4c234ce61b10e634d44de6c81f5864f9048,-86,,0,0,,0
22:16:33,26.0,0,5dc410907f61d13b44f61d230434e4c234ce61b10e634d44de6c81f5864f9048,-90,,0,0,,0
22:16:34,26.0,0,f308ce8e07ef362a8a7040eaabed62b770d9b968ebfeec2a4b3801dfb8738f97,-79,,0,0,6.0,0
22:16:35,26.0,0,5dc410907f61d13b44f61d230434e4c234ce61b10e634d44de6c81f5864f9048,-77,,0,0,,0
22:16:36,26.0,0,f308ce8e07ef362a8a7040eaabed62b770d9b968ebfeec2a4b3801dfb8738f97,-84,,0,0,,0
22:16:37,26.0,0,da0291c3997eeee3f80a02b572057345243553bf856c5f5a1642da77bfe16ef6,-83,,0,0,8.0,0
22:16:37,26.0,0,5dc410907f61d13b44f61d230434e4c234ce61b10e634d44de6c81f5864f9048,-86,,0,0,,0
22:16:38,26.0,0,da0291c3997eeee3f80a02b572057345243553bf856c5f5a1642da77bfe16ef6,-80,,0,0,8.0,0
22:16:39,,0,a6a7dca8695b55afe089a81b428f71b5663090716f2424354fc2b8c22360660c,-56,,0,0,,0
22:16:40,26.0,0,f308ce8e07ef362a8a7040eaabed62b770d9b968ebfeec2a4b3801dfb8738f97,-84,,0,0,,0
22:16:40,26.0,0,f308ce8e07ef362a8a7040eaabed62b770d9b968ebfeec2a4b3801dfb8738f97,-82,,0,0,,0
22:16:41,26.0,0,f308ce8e07ef362a8a7040eaabed62b770d9b968ebfeec2a4b3801dfb8738f97,-78,,0,0,,0
22:16:42,26.0,0,5dc410907f61d13b44f61d230434e4c234ce61b10e634d44de6c81f5864f9048,-86,,0,0,,0
22:16:43,26.0,0,5dc410907f61d13b44f61d230434e4c234ce61b10e634d44de6c81f5864f9048,-79,,0,0,,0
22:16:44,26.0,0,5dc410907f61d13b44f61d230434e4c234ce61b10e634d44de6c81f5864f9048,-77,,0,0,,0
22:16:44,26.0,0,5dc410907f61d13b44f61d230434e4c234ce61b10e634d44de6c81f5864f9048,-77,,0,0,,0
22:16:45,26.0,0,5dc410907f61d13b44f61d230434e4c234ce61b10e634d44de6c81f5864f9048,-76,,0,0,,0
22:16:46,26.0,0,5dc410907f61d13b44f61d230434e4c234ce61b10e634d44de6c81f5864f9048,-97,,0,0,,0
22:16:47,,0,86d339209204091c8de321e2c3508383e9bd4d85945d739ebcaed4c489d11369,-93,,0,0,,0
22:16:47,6.0,0,aa1c1c1ecff1fde1bc284d0ec7c8c938f62d5e8c7b8f34a4e8683de8c2c0d402,-86,Rb20,0,0,,0
22:16:48,26.0,0,5dd8350ed7a7ba26958fd9cc97e9a9591fc120027d94cde3b0bc634de8928aa4,-81,,0,0,7.0,0
22:16:49,26.0,0,da0291c3997eeee3f80a02b572057345243553bf856c5f5a1642da77bfe16ef6,-79,,0,0,8.0,0
22:16:50,26.0,0,a1bfa649a45e7a7db01f1abbf08e6d0e0186ff7582573209446d3e100b4b430c,-84,,0,0,12.0,0
22:16:51,26.0,0,5dd8350ed7a7ba26958fd9cc97e9a9591fc120027d94cde3b0bc634de8928aa4,-84,,0,0,7.0,0
22:16:51,6.0,0,aa1c1c1ecff1fde1bc284d0ec7c8c938f62d5e8c7b8f34a4e8683de8c2c0d402,-86,Rb20,0,0,,0
22:16:52,26.0,0,a1bfa649a45e7a7db01f1abbf08e6d0e0186ff7582573209446d3e100b4b430c,-85,,0,0,12.0,0
22:16:53,26.0,0,f308ce8e07ef362a8a7040eaabed62b770d9b968ebfeec2a4b3801dfb8738f97,-86,,0,0,,0
22:16:54,26.0,0,f308ce8e07ef362a8a7040eaabed62b770d9b968ebfeec2a4b3801dfb8738f97,-86,,0,0,,0
22:16:55,,0,86d339209204091c8de321e2c3508383e9bd4d85945d739ebcaed4c489d11369,-85,,0,0,,0
22:16:55,26.0,0,6ac41e7eaa21b1be3099c60f02a829d49013d2509e3bf1243d620a59f7d60c5a,-89,,0,0,12.0,0
22:16:56,26.0,0,da0291c3997eeee3f80a02b572057345243553bf856c5f5a1642da77bfe16ef6,-79,,0,0,8.0,0
22:16:57,6.0,0,aa1c1c1ecff1fde1bc284d0ec7c8c938f62d5e8c7b8f34a4e8683de8c2c0d402,-84,Rb20,0,0,,0
22:16:58,26.0,0,da0291c3997eeee3f80a02b572057345243553bf856c5f5a1642da77bfe16ef6,-80,,0,0,8.0,0
22:16:58,,0,f2dd99ee4d874fa3e68f000825140002d4a8487772358f0d4878137a655560a1,-79,,0,0,,0
22:16:59,26.0,0,f308ce8e07ef362a8a7040eaabed62b770d9b968ebfeec2a4b3801dfb8738f97,-81,,0,0,,0
22:17:00,26.0,0,5dd8350ed7a7ba26958fd9cc97e9a9591fc120027d94cde3b0bc634de8928aa4,-82,,0,0,7.0,0
22:17:01,26.0,0,f308ce8e07ef362a8a7040eaabed62b770d9b968ebfeec2a4b3801dfb8738f97,-83,,0,0,,0
22:17:02,26.0,0,da0291c3997eeee3f80a02b572057345243553bf856c5f5a1642da77bfe16ef6,-92,,0,0,8.0,0
22:17:02,26.0,0,a1bfa649a45e7a7db01f1abbf08e6d0e0186ff7582573209446d3e100b4b430c,-88,,0,0,12.0,0
22:17:03,26.0,0,a1bfa649a45e7a7db01f1abbf08e6d0e0186ff7582573209446d3e100b4b430c,-92,,0,0,12.0,0
22:17:04,26.0,0,f308ce8e07ef362a8a7040eaabed62b770d9b968ebfeec2a4b3801dfb8738f97,-77,,0,0,,0
22:17:05,26.0,0,5dd8350ed7a7ba26958fd9cc97e9a9591fc120027d94cde3b0bc634de8928aa4,-84,,0,0,7.0,0
22:17:05,26.0,0,6ac41e7eaa21b1be3099c60f02a829d49013d2509e3bf1243d620a59f7d60c5a,-87,,0,0,12.0,0
22:17:06,26.0,0,da0291c3997eeee3f80a02b572057345243553bf856c5f5a1642da77bfe16ef6,-87,,0,0,8.0,0
22:17:07,6.0,0,aa1c1c1ecff1fde1bc284d0ec7c8c938f62d5e8c7b8f34a4e8683de8c2c0d402,-85,Rb20,0,0,,0
22:17:08,26.0,0,da0291c3997eeee3f80a02b572057345243553bf856c5f5a1642da77bfe16ef6,-82,,0,0,8.0,0
22:17:09,26.0,0,a1bfa649a45e7a7db01f1abbf08e6d0e0186ff7582573209446d3e100b4b430c,-86,,0,0,12.0,0
22:17:09,26.0,0,a1bfa649a45e7a7db01f1abbf08e6d0e0186ff7582573209446d3e100b4b430c,-87,,0,0,12.0,0
22:17:10,26.0,0,5dd8350ed7a7ba26958fd9cc97e9a9591fc120027d94cde3b0bc634de8928aa4,-80,,0,0,7.0,0
22:17:11,26.0,0,5dc410907f61d13b44f61d230434e4c234ce61b10e634d44de6c81f5864f9048,-78,,0,0,,0
22:17:12,26.0,0,5dc410907f61d13b44f61d230434e4c234ce61b10e634d44de6c81f5864f9048,-74,,0,0,,0
22:17:12,6.0,0,aa1c1c1ecff1fde1bc284d0ec7c8c938f62d5e8c7b8f34a4e8683de8c2c0d402,-86,Rb20,0,0,,0
22:17:13,6.0,0,aa1c1c1ecff1fde1bc284d0ec7c8c938f62d5e8c7b8f34a4e8683de8c2c0d402,-87,Rb20,0,0,,0
22:17:14,26.0,0,da0291c3997eeee3f80a02b572057345243553bf856c5f5a1642da77bfe16ef6,-80,,0,0,8.0,0
22:17:15,26.0,0,5dd8350ed7a7ba26958fd9cc97e9a9591fc120027d94cde3b0bc634de8928aa4,-83,,0,0,7.0,0
22:17:16,26.0,0,da0291c3997eeee3f80a02b572057345243553bf856c5f5a1642da77bfe16ef6,-82,,0,0,8.0,0
22:17:16,26.0,0,f308ce8e07ef362a8a7040eaabed62b770d9b968ebfeec2a4b3801dfb8738f97,-88,,0,0,,0
22:17:17,26.0,0,5dc410907f61d13b44f61d230434e4c234ce61b10e634d44de6c81f5864f9048,-91,,0,0,,0
22:17:18,26.0,0,6ac41e7eaa21b1be3099c60f02a829d49013d2509e3bf1243d620a59f7d60c5a,-87,,0,0,12.0,0
22:17:19,26.0,0,6ac41e7eaa21b1be3099c60f02a829d49013d2509e3bf1243d620a59f7d60c5a,-89,,0,0,12.0,0
22:17:19,26.0,0,5dd8350ed7a7ba26958fd9cc97e9a9591fc120027d94cde3b0bc634de8928aa4,-83,,0,0,7.0,0
22:17:20,26.0,0,6ac41e7eaa21b1be3099c60f02a829d49013d2509e3bf1243d620a59f7d60c5a,-85,,0,0,12.0,0
22:17:21,26.0,0,a1bfa649a45e7a7db01f1abbf08e6d0e0186ff7582573209446d3e100b4b430c,-88,,0,0,12.0,0
22:17:22,26.0,0,f308ce8e07ef362a8a7040eaabed62b770d9b968ebfeec2a4b3801dfb8738f97,-88,,0,0,,0
22:17:23,,0,f2dd99ee4d874fa3e68f000825140002d4a8487772358f0d4878137a655560a1,-81,,0,0,,0
22:17:23,6.0,0,aa1c1c1ecff1fde1bc284d0ec7c8c938f62d5e8c7b8f34a4e8683de8c2c0d402,-84,Rb20,0,0,,0
22:17:24,26.0,0,f308ce8e07ef362a8a7040eaabed62b770d9b968ebfeec2a4b3801dfb8738f97,-87,,0,0,,0
22:17:25,26.0,0,f308ce8e07ef362a8a7040eaabed62b770d9b968ebfeec2a4b3801dfb8738f97,-87,,0,0,,0
22:17:26,26.0,0,f308ce8e07ef362a8a7040eaabed62b770d9b968ebfeec2a4b3801dfb8738f97,-85,,0,0,,0
22:17:27,26.0,0,f308ce8e07ef362a8a7040eaabed62b770d9b968ebfeec2a4b3801dfb8738f97,-76,,0,0,,0
22:17:27,26.0,0,5dc410907f61d13b44f61d230434e4c234ce61b10e634d44de6c81f5864f9048,-76,,0,0,,0
22:17:28,26.0,0,f308ce8e07ef362a8a7040eaabed62b770d9b968ebfeec2a4b3801dfb8738f97,-75,,0,0,,0
22:17:29,26.0,0,da0291c3997eeee3f80a02b572057345243553bf856c5f5a1642da77bfe16ef6,-81,,0,0,8.0,0
22:17:30,26.0,0,f308ce8e07ef362a8a7040eaabed62b770d9b968ebfeec2a4b3801dfb8738f97,-80,,0,0,6.0,0
22:17:30,26.0,0,5dc410907f61d13b44f61d230434e4c234ce61b10e634d44de6c81f5864f9048,-78,,0,0,,0
22:17:31,26.0,0,5dc410907f61d13b44f61d230434e4c234ce61b10e634d44de6c81f5864f9048,-80,,0,0,,0
22:17:32,26.0,0,da0291c3997eeee3f80a02b572057345243553bf856c5f5a1642da77bfe16ef6,-92,,0,0,8.0,0
22:17:33,26.0,0,a1bfa649a45e7a7db01f1abbf08e6d0e0186ff7582573209446d3e100b4b430c,-83,,0,0,12.0,0
22:17:34,26.0,0,da0291c3997eeee3f80a02b572057345243553bf856c5f5a1642da77bfe16ef6,-86,,0,0,8.0,0
22:17:34,26.0,0,5dc410907f61d13b44f61d230434e4c234ce61b10e634d44de6c81f5864f9048,-86,,0,0,,0
22:17:35,26.0,0,5dc410907f61d13b44f61d230434e4c234ce61b10e634d44de6c81f5864f9048,-78,,0,0,,0
22:17:36,6.0,0,aa1c1c1ecff1fde1bc284d0ec7c8c938f62d5e8c7b8f34a4e8683de8c2c0d402,-84,Rb20,0,0,,0
22:17:37,26.0,0,f308ce8e07ef362a8a7040eaabed62b770d9b968ebfeec2a4b3801dfb8738f97,-84,,0,0,,0
22:17:37,26.0,0,5dd8350ed7a7ba26958fd9cc97e9a9591fc120027d94cde3b0bc634de8928aa4,-85,,0,0,7.0,0
22:17:38,26.0,0,034bbc6c44dd429f68d94747765546ca249c7daa8bded9fbdc0c5a4fb4e712af,-88,,0,0,8.0,0
22:17:39,26.0,0,a1bfa649a45e7a7db01f1abbf08e6d0e0186ff7582573209446d3e100b4b430c,-88,,0,0,12.0,0
22:17:40,,0,f791a04f193656fd3a0982282150aec5de0136e4eb242090ce9d580e11b1ac6a,-82,,0,0,,0
22:17:41,26.0,0,f308ce8e07ef362a8a7040eaabed62b770d9b968ebfeec2a4b3801dfb8738f97,-86,,0,0,,0
22:17:41,26.0,0,f308ce8e07ef362a8a7040eaabed62b770d9b968ebfeec2a4b3801dfb8738f97,-82,,0,0,,0
22:17:42,26.0,0,5dc410907f61d13b44f61d230434e4c234ce61b10e634d44de6c81f5864f9048,-79,,0,0,,0
22:17:43,26.0,0,5dd8350ed7a7ba26958fd9cc97e9a9591fc120027d94cde3b0bc634de8928aa4,-81,,0,0,7.0,0
22:17:44,26.0,0,6ac41e7eaa21b1be3099c60f02a829d49013d2509e3bf1243d620a59f7d60c5a,-83,,0,0,12.0,0
22:17:44,26.0,0,5dd8350ed7a7ba26958fd9cc97e9a9591fc120027d94cde3b0bc634de8928aa4,-90,,0,0,7.0,0
22:17:45,26.0,0,5dc410907f61d13b44f61d230434e4c234ce61b10e634d44de6c81f5864f9048,-87,,0,0,,0
22:17:46,26.0,0,a1bfa649a45e7a7db01f1abbf08e6d0e0186ff7582573209446d3e100b4b430c,-82,,0,0,12.0,0
22:17:47,26.0,0,f308ce8e07ef362a8a7040eaabed62b770d9b968ebfeec2a4b3801dfb8738f97,-75,,0,0,,0
22:17:48,26.0,0,034bbc6c44dd429f68d94747765546ca249c7daa8bded9fbdc0c5a4fb4e712af,-90,,0,0,8.0,0
22:17:48,26.0,0,5dc410907f61d13b44f61d230434e4c234ce61b10e634d44de6c81f5864f9048,-78,,0,0,,0
22:17:49,26.0,0,5dc410907f61d13b44f61d230434e4c234ce61b10e634d44de6c81f5864f9048,-79,,0,0,,0
22:17:50,26.0,0,5dc410907f61d13b44f61d230434e4c234ce61b10e634d44de6c81f5864f9048,-81,,0,0,,0
22:17:51,26.0,0,5dd8350ed7a7ba26958fd9cc97e9a9591fc120027d94cde3b0bc634de8928aa4,-86,,0,0,7.0,0
22:17:51,26.0,0,5dd8350ed7a7ba26958fd9cc97e9a9591fc120027d94cde3b0bc634de8928aa4,-83,,0,0,7.0,0
22:17:52,26.0,0,5dc410907f61d13b44f61d230434e4c234ce61b10e634d44de6c81f5864f9048,-82,,0,0,,0
22:17:53,26.0,0,5dd8350ed7a7ba26958fd9cc97e9a9591fc120027d94cde3b0bc634de8928aa4,-78,,0,0,7.0,0
22:17:54,26.0,0,cf22a23b74b71c53afebd9028af5f7ceb3792c968ca95a07c2a889882b5689e5,-76,,0,0,12.0,0
22:17:55,26.0,0,5dc410907f61d13b44f61d230434e4c234ce61b10e634d44de6c81f5864f9048,-84,,0,0,,0
22:17:55,26.0,0,5dc410907f61d13b44f61d230434e4c234ce61b10e634d44de6c81f5864f9048,-89,,0,0,,0
22:17:56,26.0,0,cf22a23b74b71c53afebd9028af5f7ceb3792c968ca95a07c2a889882b5689e5,-63,,0,0,12.0,0
22:17:57,26.0,0,5dd8350ed7a7ba26958fd9cc97e9a9591fc120027d94cde3b0bc634de8928aa4,-79,,0,0,7.0,0
22:17:58,26.0,0,6ac41e7eaa21b1be3099c60f02a829d49013d2509e3bf1243d620a59f7d60c5a,-85,,0,0,12.0,0
22:17:58,,0,f2dd99ee4d874fa3e68f000825140002d4a8487772358f0d4878137a655560a1,-84,,0,0,,0
22:17:59,6.0,0,aa1c1c1ecff1fde1bc284d0ec7c8c938f62d5e8c7b8f34a4e8683de8c2c0d402,-84,Rb20,0,0,,0
22:18:00,26.0,0,cf22a23b74b71c53afebd9028af5f7ceb3792c968ca95a07c2a889882b5689e5,-65,,0,0,12.0,0
22:18:01,26.0,0,f308ce8e07ef362a8a7040eaabed62b770d9b968ebfeec2a4b3801dfb8738f97,-83,,0,0,,0
22:18:02,26.0,0,f308ce8e07ef362a8a7040eaabed62b770d9b968ebfeec2a4b3801dfb8738f97,-86,,0,0,,0
22:18:02,26.0,0,6ac41e7eaa21b1be3099c60f02a829d49013d2509e3bf1243d620a59f7d60c5a,-87,,0,0,12.0,0
22:18:03,26.0,0,08b579484edc837f06f7da2b075a88cb26b2beec26d24de383957b294489adc1,-84,,0,0,,0
22:18:04,26.0,0,08b579484edc837f06f7da2b075a88cb26b2beec26d24de383957b294489adc1,-84,,0,0,,0
22:18:05,26.0,0,08b579484edc837f06f7da2b075a88cb26b2beec26d24de383957b294489adc1,-89,,0,0,,0
22:18:06,26.0,0,cf22a23b74b71c53afebd9028af5f7ceb3792c968ca95a07c2a889882b5689e5,-65,,0,0,12.0,0
22:18:06,26.0,0,cf22a23b74b71c53afebd9028af5f7ceb3792c968ca95a07c2a889882b5689e5,-62,,0,0,12.0,0
22:18:07,,0,a6a7dca8695b55afe089a81b428f71b5663090716f2424354fc2b8c22360660c,-62,,0,0,,0
22:18:08,26.0,0,f308ce8e07ef362a8a7040eaabed62b770d9b968ebfeec2a4b3801dfb8738f97,-82,,0,0,,0
22:18:09,26.0,0,08b579484edc837f06f7da2b075a88cb26b2beec26d24de383957b294489adc1,-81,,0,0,,0
22:18:09,26.0,0,da0291c3997eeee3f80a02b572057345243553bf856c5f5a1642da77bfe16ef6,-82,,0,0,8.0,0
22:18:10,26.0,0,5dd8350ed7a7ba26958fd9cc97e9a9591fc120027d94cde3b0bc634de8928aa4,-80,,0,0,7.0,0
22:18:11,,0,a6a7dca8695b55afe089a81b428f71b5663090716f2424354fc2b8c22360660c,-68,,0,0,,0
22:18:12,26.0,0,cf22a23b74b71c53afebd9028af5f7ceb3792c968ca95a07c2a889882b5689e5,-71,,0,0,12.0,0
22:18:13,,0,f2dd99ee4d874fa3e68f000825140002d4a8487772358f0d4878137a655560a1,-83,,0,0,,0
22:18:13,26.0,0,da0291c3997eeee3f80a02b572057345243553bf856c5f5a1642da77bfe16ef6,-83,,0,0,8.0,0
22:18:14,6.0,0,aa1c1c1ecff1fde1bc284d0ec7c8c938f62d5e8c7b8f34a4e8683de8c2c0d402,-89,Rb20,0,0,,0
22:18:15,26.0,0,5dc410907f61d13b44f61d230434e4c234ce61b10e634d44de6c81f5864f9048,-78,,0,0,,0
22:18:16,26.0,0,5dc410907f61d13b44f61d230434e4c234ce61b10e634d44de6c81f5864f9048,-79,,0,0,,0
22:18:16,26.0,0,f308ce8e07ef362a8a7040eaabed62b770d9b968ebfeec2a4b3801dfb8738f97,-82,,0,0,,0
22:18:17,26.0,0,5dc410907f61d13b44f61d230434e4c234ce61b10e634d44de6c81f5864f9048,-79,,0,0,,0
22:18:18,26.0,0,cf22a23b74b71c53afebd9028af5f7ceb3792c968ca95a07c2a889882b5689e5,-63,,0,0,12.0,0
22:18:19,26.0,0,cf22a23b74b71c53afebd9028af5f7ceb3792c968ca95a07c2a889882b5689e5,-71,,0,0,12.0,0
22:18:20,26.0,0,5dc410907f61d13b44f61d230434e4c234ce61b10e634d44de6c81f5864f9048,-77,,0,0,,0
22:18:20,26.0,0,cf22a23b74b71c53afebd9028af5f7ceb3792c968ca95a07c2a889882b5689e5,-70,,0,0,12.0,0
22:18:21,26.0,0,a1bfa649a45e7a7db01f1abbf08e6d0e0186ff7582573209446d3e100b4b430c,-89,,0,0,12.0,0
22:18:22,,0,36036df05f96edc11c7c40c22600015995e1f0028ca27661775e7cda4788070d,-76,,0,0,,0
22:18:23,26.0,0,da0291c3997eeee3f80a02b572057345243553bf856c5f5a1642da77bfe16ef6,-81,,0,0,8.0,0
22:18:23,26.0,0,cf22a23b74b71c53afebd9028af5f7ceb3792c968ca95a07c2a889882b5689e5,-69,,0,0,12.0,0
22:18:24,,0,86d339209204091c8de321e2c3508383e9bd4d85945d739ebcaed4c489d11369,-90,,0,0,,0
22:18:25,,0,a6a7dca8695b55afe089a81b428f71b5663090716f2424354fc2b8c22360660c,-66,,0,0,,0
22:18:26,,0,f791a04f193656fd3a0982282150aec5de0136e4eb242090ce9d580e11b1ac6a,-82,,0,0,,0
22:18:27,26.0,0,f308ce8e07ef362a8a7040eaabed62b770d9b968ebfeec2a4b3801dfb8738f97,-73,,0,0,,0
22:18:27,26.0,0,da0291c3997eeee3f80a02b572057345243553bf856c5f5a1642da77bfe16ef6,-81,,0,0,8.0,0
22:18:28,26.0,0,f308ce8e07ef362a8a7040eaabed62b770d9b968ebfeec2a4b3801dfb8738f97,-70,,0,0,,0
22:18:29,26.0,0,f308ce8e07ef362a8a7040eaabed62b770d9b968ebfeec2a4b3801dfb8738f97,-70,,0,0,,0
22:18:30,,0,f791a04f193656fd3a0982282150aec5de0136e4eb242090ce9d580e11b1ac6a,-88,,0,0,,0
22:18:31,26.0,0,5dd8350ed7a7ba26958fd9cc97e9a9591fc120027d94cde3b0bc634de8928aa4,-86,,0,0,7.0,0
22:18:31,26.0,0,5dc410907f61d13b44f61d230434e4c234ce61b10e634d44de6c81f5864f9048,-84,,0,0,,0
22:18:32,26.0,0,5dc410907f61d13b44f61d230434e4c234ce61b10e634d44de6c81f5864f9048,-84,,0,0,,0
22:18:33,26.0,0,5dc410907f61d13b44f61d230434e4c234ce61b10e634d44de6c81f5864f9048,-82,,0,0,,0
22:18:34,26.0,0,da0291c3997eeee3f80a02b572057345243553bf856c5f5a1642da77bfe16ef6,-82,,0,0,8.0,0
22:18:34,26.0,0,5dc410907f61d13b44f61d230434e4c234ce61b10e634d44de6c81f5864f9048,-80,,0,0,,0
22:18:35,26.0,0,034bbc6c44dd429f68d94747765546ca249c7daa8bded9fbdc0c5a4fb4e712af,-88,,0,0,8.0,0
22:18:36,,0,f2dd99ee4d874fa3e68f000825140002d4a8487772358f0d4878137a655560a1,-76,,0,0,,0
22:18:37,26.0,0,5dc410907f61d13b44f61d230434e4c234ce61b10e634d44de6c81f5864f9048,-77,,0,0,,0
22:18:38,26.0,0,da0291c3997eeee3f80a02b572057345243553bf856c5f5a1642da77bfe16ef6,-81,,0,0,8.0,0
22:18:38,26.0,0,cf22a23b74b71c53afebd9028af5f7ceb3792c968ca95a07c2a889882b5689e5,-68,,0,0,12.0,0
22:18:39,26.0,0,da0291c3997eeee3f80a02b572057345243553bf856c5f5a1642da77bfe16ef6,-77,,0,0,8.0,0
22:18:40,26.0,0,5dd8350ed7a7ba26958fd9cc97e9a9591fc120027d94cde3b0bc634de8928aa4,-84,,0,0,7.0,0
22:18:41,26.0,0,5dc410907f61d13b44f61d230434e4c234ce61b10e634d44de6c81f5864f9048,-76,,0,0,,0
22:18:41,26.0,0,5dc410907f61d13b44f61d230434e4c234ce61b10e634d44de6c81f5864f9048,-72,,0,0,,0
22:18:42,,0,86d339209204091c8de321e2c3508383e9bd4d85945d739ebcaed4c489d11369,-89,,0,0,,0
22:18:43,26.0,0,da0291c3997eeee3f80a02b572057345243553bf856c5f5a1642da77bfe16ef6,-82,,0,0,8.0,0
22:18:44,,0,f791a04f193656fd3a0982282150aec5de0136e4eb242090ce9d580e11b1ac6a,-89,,0,0,,0
22:18:45,26.0,0,f308ce8e07ef362a8a7040eaabed62b770d9b968ebfeec2a4b3801dfb8738f97,-80,,0,0,,0
22:18:45,26.0,0,f308ce8e07ef362a8a7040eaabed62b770d9b968ebfeec2a4b3801dfb8738f97,-85,,0,0,,0
22:18:46,26.0,0,f308ce8e07ef362a8a7040eaabed62b770d9b968ebfeec2a4b3801dfb8738f97,-82,,0,0,,0
22:18:47,26.0,0,6ac41e7eaa21b1be3099c60f02a829d49013d2509e3bf1243d620a59f7d60c5a,-87,,0,0,12.0,0
22:18:48,26.0,0,f308ce8e07ef362a8a7040eaabed62b770d9b968ebfeec2a4b3801dfb8738f97,-82,,0,0,,0
22:18:48,26.0,0,da0291c3997eeee3f80a02b572057345243553bf856c5f5a1642da77bfe16ef6,-83,,0,0,8.0,0
22:18:49,26.0,0,cf22a23b74b71c53afebd9028af5f7ceb3792c968ca95a07c2a889882b5689e5,-76,,0,0,12.0,0
22:18:50,26.0,0,f308ce8e07ef362a8a7040eaabed62b770d9b968ebfeec2a4b3801dfb8738f97,-88,,0,0,,0
22:18:51,26.0,0,f308ce8e07ef362a8a7040eaabed62b770d9b968ebfeec2a4b3801dfb8738f97,-79,,0,0,,0
22:18:52,26.0,0,5dd8350ed7a7ba26958fd9cc97e9a9591fc120027d94cde3b0bc634de8928aa4,-77,,0,0,7.0,0
22:18:52,26.0,0,f308ce8e07ef362a8a7040eaabed62b770d9b968ebfeec2a4b3801dfb8738f97,-85,,0,0,,0
22:18:53,26.0,0,da0291c3997eeee3f80a02b572057345243553bf856c5f5a1642da77bfe16ef6,-83,,0,0,8.0,0
22:18:54,26.0,0,da0291c3997eeee3f80a02b572057345243553bf856c5f5a1642da77bfe16ef6,-76,,0,0,8.0,0
22:18:55,26.0,0,5dd8350ed7a7ba26958fd9cc97e9a9591fc120027d94cde3b0bc634de8928aa4,-82,,0,0,7.0,0
22:18:55,26.0,0,cf22a23b74b71c53afebd9028af5f7ceb3792c968ca95a07c2a889882b5689e5,-71,,0,0,12.0,0
22:18:56,26.0,0,5dc410907f61d13b44f61d230434e4c234ce61b10e634d44de6c81f5864f9048,-79,,0,0,,0
22:18:57,,0,a6a7dca8695b55afe089a81b428f71b5663090716f2424354fc2b8c22360660c,-72,,0,0,,0
22:18:58,,0,f791a04f193656fd3a0982282150aec5de0136e4eb242090ce9d580e11b1ac6a,-73,,0,0,,0
22:18:59,26.0,0,5dc410907f61d13b44f61d230434e4c234ce61b10e634d44de6c81f5864f9048,-77,,0,0,,0
22:18:59,26.0,0,5dc410907f61d13b44f61d230434e4c234ce61b10e634d44de6c81f5864f9048,-77,,0,0,,0
22:19:00,26.0,0,043937778c25f39fe803bcefc6145e86cc87e96be9cf1eb591f67e8d7298238d,-78,,0,0,,0
22:19:01,26.0,0,cf22a23b74b71c53afebd9028af5f7ceb3792c968ca95a07c2a889882b5689e5,-71,,0,0,12.0,0
22:19:02,26.0,0,e807abb8f3eac32f937b0b15638627899f7a0ac88a8e0ee0271098c99cc1a639,-80,,0,0,,0
22:19:02,26.0,0,e807abb8f3eac32f937b0b15638627899f7a0ac88a8e0ee0271098c99cc1a639,-87,,0,0,,0
22:19:03,26.0,0,043937778c25f39fe803bcefc6145e86cc87e96be9cf1eb591f67e8d7298238d,-86,,0,0,,0
22:19:04,26.0,0,e807abb8f3eac32f937b0b15638627899f7a0ac88a8e0ee0271098c99cc1a639,-85,,0,0,,0
22:19:05,26.0,0,5dd8350ed7a7ba26958fd9cc97e9a9591fc120027d94cde3b0bc634de8928aa4,-81,,0,0,7.0,0
22:19:06,26.0,0,043937778c25f39fe803bcefc6145e86cc87e96be9cf1eb591f67e8d7298238d,-83,,0,0,,0
22:19:06,26.0,0,6ac41e7eaa21b1be3099c60f02a829d49013d2509e3bf1243d620a59f7d60c5a,-86,,0,0,12.0,0
22:19:07,26.0,0,5dd8350ed7a7ba26958fd9cc97e9a9591fc120027d94cde3b0bc634de8928aa4,-77,,0,0,7.0,0
22:19:08,26.0,0,cf22a23b74b71c53afebd9028af5f7ceb3792c968ca95a07c2a889882b5689e5,-71,,0,0,12.0,0
22:19:09,26.0,0,5dd8350ed7a7ba26958fd9cc97e9a9591fc120027d94cde3b0bc634de8928aa4,-83,,0,0,7.0,0
22:19:10,26.0,0,e807abb8f3eac32f937b0b15638627899f7a0ac88a8e0ee0271098c99cc1a639,-86,,0,0,,0
22:19:10,,0,86d339209204091c8de321e2c3508383e9bd4d85945d739ebcaed4c489d11369,-87,,0,0,,0
22:19:11,,0,a6a7dca8695b55afe089a81b428f71b5663090716f2424354fc2b8c22360660c,-75,,0,0,,0
22:19:12,26.0,0,e807abb8f3eac32f937b0b15638627899f7a0ac88a8e0ee0271098c99cc1a639,-86,,0,0,,0
22:19:13,26.0,0,e807abb8f3eac32f937b0b15638627899f7a0ac88a8e0ee0271098c99cc1a639,-89,,0,0,,0
22:19:13,26.0,0,e807abb8f3eac32f937b0b15638627899f7a0ac88a8e0ee0271098c99cc1a639,-89,,0,0,,0
22:19:14,26.0,0,cf22a23b74b71c53afebd9028af5f7ceb3792c968ca95a07c2a889882b5689e5,-74,,0,0,12.0,0
22:19:15,26.0,0,6ac41e7eaa21b1be3099c60f02a829d49013d2509e3bf1243d620a59f7d60c5a,-88,,0,0,12.0,0
22:19:16,26.0,0,6ac41e7eaa21b1be3099c60f02a829d49013d2509e3bf1243d620a59f7d60c5a,-87,,0,0,12.0,0
22:19:17,26.0,0,da0291c3997eeee3f80a02b572057345243553bf856c5f5a1642da77bfe16ef6,-84,,0,0,8.0,0
22:19:17,26.0,0,5dd8350ed7a7ba26958fd9cc97e9a9591fc120027d94cde3b0bc634de8928aa4,-84,,0,0,7.0,0
22:19:18,,0,f2dd99ee4d874fa3e68f000825140002d4a8487772358f0d4878137a655560a1,-77,,0,0,,0
22:19:19,26.0,0,cf22a23b74b71c53afebd9028af5f7ceb3792c968ca95a07c2a889882b5689e5,-73,,0,0,12.0,0
22:19:20,26.0,0,cf22a23b74b71c53afebd9028af5f7ceb3792c968ca95a07c2a889882b5689e5,-72,,0,0,12.0,0
22:19:20,26.0,0,cf22a23b74b71c53afebd9028af5f7ceb3792c968ca95a07c2a889882b5689e5,-73,,0,0,12.0,0
22:19:21,26.0,0,e807abb8f3eac32f937b0b15638627899f7a0ac88a8e0ee0271098c99cc1a639,-87,,0,0,,0
22:19:22,26.0,0,e807abb8f3eac32f937b0b15638627899f7a0ac88a8e0ee0271098c99cc1a639,-88,,0,0,,0
22:19:23,26.0,0,043937778c25f39fe803bcefc6145e86cc87e96be9cf1eb591f67e8d7298238d,-89,,0,0,,0
22:19:24,6.0,0,aa1c1c1ecff1fde1bc284d0ec7c8c938f62d5e8c7b8f34a4e8683de8c2c0d402,-88,Rb20,0,0,,0
22:19:24,26.0,0,6ac41e7eaa21b1be3099c60f02a829d49013d2509e3bf1243d620a59f7d60c5a,-89,,0,0,12.0,0
22:19:25,26.0,0,e807abb8f3eac32f937b0b15638627899f7a0ac88a8e0ee0271098c99cc1a639,-88,,0,0,,0
22:19:26,26.0,0,e807abb8f3eac32f937b0b15638627899f7a0ac88a8e0ee0271098c99cc1a639,-84,,0,0,,0
22:19:27,26.0,0,6ac41e7eaa21b1be3099c60f02a829d49013d2509e3bf1243d620a59f7d60c5a,-87,,0,0,12.0,0
22:19:27,26.0,0,da0291c3997eeee3f80a02b572057345243553bf856c5f5a1642da77bfe16ef6,-78,,0,0,8.0,0
22:19:28,26.0,0,e807abb8f3eac32f937b0b15638627899f7a0ac88a8e0ee0271098c99cc1a639,-91,,0,0,,0
22:19:29,26.0,0,a1bfa649a45e7a7db01f1abbf08e6d0e0186ff7582573209446d3e100b4b430c,-91,,0,0,12.0,0
22:19:30,,0,f791a04f193656fd3a0982282150aec5de0136e4eb242090ce9d580e11b1ac6a,-87,,0,0,,0
22:19:31,26.0,0,5dd8350ed7a7ba26958fd9cc97e9a9591fc120027d94cde3b0bc634de8928aa4,-72,,0,0,7.0,0
22:19:31,26.0,0,5dd8350ed7a7ba26958fd9cc97e9a9591fc120027d94cde3b0bc634de8928aa4,-88,,0,0,7.0,0
22:19:32,,0,f2dd99ee4d874fa3e68f000825140002d4a8487772358f0d4878137a655560a1,-80,,0,0,,0
22:19:33,26.0,0,cf22a23b74b71c53afebd9028af5f7ceb3792c968ca95a07c2a889882b5689e5,-74,,0,0,12.0,0
22:19:34,,0,f791a04f193656fd3a0982282150aec5de0136e4eb242090ce9d580e11b1ac6a,-83,,0,0,,0
22:19:34,26.0,0,a1bfa649a45e7a7db01f1abbf08e6d0e0186ff7582573209446d3e100b4b430c,-89,,0,0,12.0,0
22:19:35,26.0,0,043937778c25f39fe803bcefc6145e86cc87e96be9cf1eb591f67e8d7298238d,-90,,0,0,,0
22:19:36,26.0,0,5dd8350ed7a7ba26958fd9cc97e9a9591fc120027d94cde3b0bc634de8928aa4,-89,,0,0,7.0,0
22:19:37,26.0,0,cf22a23b74b71c53afebd9028af5f7ceb3792c968ca95a07c2a889882b5689e5,-71,,0,0,12.0,0
22:19:38,26.0,0,e807abb8f3eac32f937b0b15638627899f7a0ac88a8e0ee0271098c99cc1a639,-90,,0,0,,0
22:19:38,26.0,0,043937778c25f39fe803bcefc6145e86cc87e96be9cf1eb591f67e8d7298238d,-85,,0,0,,0
22:19:39,26.0,0,e807abb8f3eac32f937b0b15638627899f7a0ac88a8e0ee0271098c99cc1a639,-91,,0,0,,0
22:19:40,26.0,0,e807abb8f3eac32f937b0b15638627899f7a0ac88a8e0ee0271098c99cc1a639,-91,,0,0,,0
22:19:41,26.0,0,da0291c3997eeee3f80a02b572057345243553bf856c5f5a1642da77bfe16ef6,-78,,0,0,8.0,0
22:19:42,26.0,0,5dd8350ed7a7ba26958fd9cc97e9a9591fc120027d94cde3b0bc634de8928aa4,-79,,0,0,7.0,0
22:19:42,26.0,0,5dd8350ed7a7ba26958fd9cc97e9a9591fc120027d94cde3b0bc634de8928aa4,-71,,0,0,7.0,0
22:19:43,,0,a6a7dca8695b55afe089a81b428f71b5663090716f2424354fc2b8c22360660c,-76,,0,0,,0
22:19:44,,0,f791a04f193656fd3a0982282150aec5de0136e4eb242090ce9d580e11b1ac6a,-78,,0,0,,0
22:19:45,26.0,0,da0291c3997eeee3f80a02b572057345243553bf856c5f5a1642da77bfe16ef6,-78,,0,0,8.0,0
22:19:45,26.0,0,6ac41e7eaa21b1be3099c60f02a829d49013d2509e3bf1243d620a59f7d60c5a,-84,,0,0,12.0,0
22:19:46,26.0,0,da0291c3997eeee3f80a02b572057345243553bf856c5f5a1642da77bfe16ef6,-78,,0,0,8.0,0
22:19:47,26.0,0,5dd8350ed7a7ba26958fd9cc97e9a9591fc120027d94cde3b0bc634de8928aa4,-72,,0,0,7.0,0
22:19:48,26.0,0,034bbc6c44dd429f68d94747765546ca249c7daa8bded9fbdc0c5a4fb4e712af,-90,,0,0,8.0,0
22:19:49,26.0,0,e807abb8f3eac32f937b0b15638627899f7a0ac88a8e0ee0271098c99cc1a639,-91,,0,0,,0
22:19:49,26.0,0,da0291c3997eeee3f80a02b572057345243553bf856c5f5a1642da77bfe16ef6,-75,,0,0,8.0,0
22:19:50,,0,f2dd99ee4d874fa3e68f000825140002d4a8487772358f0d4878137a655560a1,-78,,0,0,,0
22:19:51,26.0,0,5dd8350ed7a7ba26958fd9cc97e9a9591fc120027d94cde3b0bc634de8928aa4,-85,,0,0,7.0,0
22:19:52,26.0,0,da0291c3997eeee3f80a02b572057345243553bf856c5f5a1642da77bfe16ef6,-86,,0,0,8.0,0
22:19:52,26.0,0,5dd8350ed7a7ba26958fd9cc97e9a9591fc120027d94cde3b0bc634de8928aa4,-85,,0,0,7.0,0
22:19:53,26.0,0,6ac41e7eaa21b1be3099c60f02a829d49013d2509e3bf1243d620a59f7d60c5a,-88,,0,0,12.0,0
22:19:54,26.0,0,5dd8350ed7a7ba26958fd9cc97e9a9591fc120027d94cde3b0bc634de8928aa4,-85,,0,0,7.0,0
22:19:55,26.0,0,da0291c3997eeee3f80a02b572057345243553bf856c5f5a1642da77bfe16ef6,-79,,0,0,8.0,0
22:19:56,26.0,0,da0291c3997eeee3f80a02b572057345243553bf856c5f5a1642da77bfe16ef6,-83,,0,0,8.0,0
22:19:56,,0,86d339209204091c8de321e2c3508383e9bd4d85945d739ebcaed4c489d11369,-89,,0,0,,0
22:19:57,,0,36036df05f96edc11c7c40c22600015995e1f0028ca27661775e7cda4788070d,-86,,0,0,,0
22:19:58,26.0,0,5dd8350ed7a7ba26958fd9cc97e9a9591fc120027d94cde3b0bc634de8928aa4,-87,,0,0,7.0,0
22:19:59,26.0,0,da0291c3997eeee3f80a02b572057345243553bf856c5f5a1642da77bfe16ef6,-83,,0,0,8.0,0
22:19:59,26.0,0,da0291c3997eeee3f80a02b572057345243553bf856c5f5a1642da77bfe16ef6,-81,,0,0,8.0,0
22:20:00,26.0,0,da0291c3997eeee3f80a02b572057345243553bf856c5f5a1642da77bfe16ef6,-90,,0,0,8.0,0
22:20:01,26.0,0,da0291c3997eeee3f80a02b572057345243553bf856c5f5a1642da77bfe16ef6,-79,,0,0,8.0,0
22:20:02,26.0,0,da0291c3997eeee3f80a02b572057345243553bf856c5f5a1642da77bfe16ef6,-83,,0,0,8.0,0
22:20:03,26.0,0,6ac41e7eaa21b1be3099c60f02a829d49013d2509e3bf1243d620a59f7d60c5a,-93,,0,0,12.0,0
22:20:03,26.0,0,da0291c3997eeee3f80a02b572057345243553bf856c5f5a1642da77bfe16ef6,-81,,0,0,8.0,0
22:20:04,26.0,0,da0291c3997eeee3f80a02b572057345243553bf856c5f5a1642da77bfe16ef6,-82,,0,0,8.0,0
22:20:05,26.0,0,5dd8350ed7a7ba26958fd9cc97e9a9591fc120027d94cde3b0bc634de8928aa4,-83,,0,0,7.0,0
22:20:06,26.0,0,043937778c25f39fe803bcefc6145e86cc87e96be9cf1eb591f67e8d7298238d,-94,,0,0,,0
22:20:06,26.0,0,5dd8350ed7a7ba26958fd9cc97e9a9591fc120027d94cde3b0bc634de8928aa4,-77,,0,0,7.0,0
22:20:07,26.0,0,034bbc6c44dd429f68d94747765546ca249c7daa8bded9fbdc0c5a4fb4e712af,-91,,0,0,8.0,0
22:20:08,26.0,0,da0291c3997eeee3f80a02b572057345243553bf856c5f5a1642da77bfe16ef6,-79,,0,0,8.0,0
22:20:09,26.0,0,da0291c3997eeee3f80a02b572057345243553bf856c5f5a1642da77bfe16ef6,-81,,0,0,8.0,0
22:20:10,26.0,0,dcdebeae0cd6540ff3c75426f118ca812bb8d5b5acb47012b282f14befc3cd97,-84,,0,0,7.0,0
22:20:10,26.0,0,6ac41e7eaa21b1be3099c60f02a829d49013d2509e3bf1243d620a59f7d60c5a,-86,,0,0,12.0,0
22:20:11,26.0,0,5dd8350ed7a7ba26958fd9cc97e9a9591fc120027d94cde3b0bc634de8928aa4,-74,,0,0,7.0,0
22:20:12,26.0,0,5dd8350ed7a7ba26958fd9cc97e9a9591fc120027d94cde3b0bc634de8928aa4,-86,,0,0,7.0,0
22:20:13,26.0,0,5dd8350ed7a7ba26958fd9cc97e9a9591fc120027d94cde3b0bc634de8928aa4,-74,,0,0,7.0,0
22:20:14,26.0,0,a1bfa649a45e7a7db01f1abbf08e6d0e0186ff7582573209446d3e100b4b430c,-85,,0,0,12.0,0
22:20:14,26.0,0,5dd8350ed7a7ba26958fd9cc97e9a9591fc120027d94cde3b0bc634de8928aa4,-74,,0,0,7.0,0
22:20:15,26.0,0,5dd8350ed7a7ba26958fd9cc97e9a9591fc120027d94cde3b0bc634de8928aa4,-84,,0,0,7.0,0
22:20:16,26.0,0,5dd8350ed7a7ba26958fd9cc97e9a9591fc120027d94cde3b0bc634de8928aa4,-81,,0,0,7.0,0
22:20:17,26.0,0,043937778c25f39fe803bcefc6145e86cc87e96be9cf1eb591f67e8d7298238d,-91,,0,0,,0
22:20:17,26.0,0,da0291c3997eeee3f80a02b572057345243553bf856c5f5a1642da77bfe16ef6,-77,,0,0,8.0,0
22:20:18,26.0,0,da0291c3997eeee3f80a02b572057345243553bf856c5f5a1642da77bfe16ef6,-77,,0,0,8.0,0
22:20:19,26.0,0,6ac41e7eaa21b1be3099c60f02a829d49013d2509e3bf1243d620a59f7d60c5a,-84,,0,0,12.0,0
22:20:20,,0,f791a04f193656fd3a0982282150aec5de0136e4eb242090ce9d580e11b1ac6a,-89,,0,0,,0
22:20:21,26.0,0,6ac41e7eaa21b1be3099c60f02a829d49013d2509e3bf1243d620a59f7d60c5a,-85,,0,0,12.0,0
22:20:21,,0,25d3fa52805804e076e764d235007b231b01e48fba4136878ab38619d37fe4d5,-72,,0,0,,0
22:20:22,26.0,0,a1bfa649a45e7a7db01f1abbf08e6d0e0186ff7582573209446d3e100b4b430c,-91,,0,0,12.0,0
22:20:23,26.0,0,da0291c3997eeee3f80a02b572057345243553bf856c5f5a1642da77bfe16ef6,-76,,0,0,8.0,0
22:20:24,26.0,0,043937778c25f39fe803bcefc6145e86cc87e96be9cf1eb591f67e8d7298238d,-92,,0,0,,0
22:20:24,26.0,0,5dd8350ed7a7ba26958fd9cc97e9a9591fc120027d94cde3b0bc634de8928aa4,-90,,0,0,7.0,0
22:20:25,26.0,0,6ac41e7eaa21b1be3099c60f02a829d49013d2509e3bf1243d620a59f7d60c5a,-87,,0,0,12.0,0
22:20:26,26.0,0,6ac41e7eaa21b1be3099c60f02a829d49013d2509e3bf1243d620a59f7d60c5a,-84,,0,0,12.0,0
22:20:27,,0,a6a7dca8695b55afe089a81b428f71b5663090716f2424354fc2b8c22360660c,-63,,0,0,,0
22:20:28,26.0,0,da0291c3997eeee3f80a02b572057345243553bf856c5f5a1642da77bfe16ef6,-77,,0,0,8.0,0
22:20:28,,0,86d339209204091c8de321e2c3508383e9bd4d85945d739ebcaed4c489d11369,-86,,0,0,,0
22:20:29,26.0,0,da0291c3997eeee3f80a02b572057345243553bf856c5f5a1642da77bfe16ef6,-78,,0,0,8.0,0
22:20:30,26.0,0,043937778c25f39fe803bcefc6145e86cc87e96be9cf1eb591f67e8d7298238d,-90,,0,0,,0
22:20:31,26.0,0,da0291c3997eeee3f80a02b572057345243553bf856c5f5a1642da77bfe16ef6,-78,,0,0,8.0,0
22:20:31,26.0,0,5dd8350ed7a7ba26958fd9cc97e9a9591fc120027d94cde3b0bc634de8928aa4,-74,,0,0,7.0,0
22:20:32,26.0,0,043937778c25f39fe803bcefc6145e86cc87e96be9cf1eb591f67e8d7298238d,-87,,0,0,6.0,0
22:20:33,,0,a6a7dca8695b55afe089a81b428f71b5663090716f2424354fc2b8c22360660c,-65,,0,0,,0
22:20:34,26.0,0,043937778c25f39fe803bcefc6145e86cc87e96be9cf1eb591f67e8d7298238d,-88,,0,0,6.0,0
22:20:35,,0,a6a7dca8695b55afe089a81b428f71b5663090716f2424354fc2b8c22360660c,-67,,0,0,,0
22:20:35,26.0,0,a1bfa649a45e7a7db01f1abbf08e6d0e0186ff7582573209446d3e100b4b430c,-86,,0,0,12.0,0
22:20:36,26.0,0,da0291c3997eeee3f80a02b572057345243553bf856c5f5a1642da77bfe16ef6,-79,,0,0,8.0,0
22:20:37,,0,a6a7dca8695b55afe089a81b428f71b5663090716f2424354fc2b8c22360660c,-70,,0,0,,0
22:20:38,26.0,0,da0291c3997eeee3f80a02b572057345243553bf856c5f5a1642da77bfe16ef6,-77,,0,0,8.0,0
22:20:38,,0,36036df05f96edc11c7c40c22600015995e1f0028ca27661775e7cda4788070d,-88,,0,0,,0
22:20:39,26.0,0,da0291c3997eeee3f80a02b572057345243553bf856c5f5a1642da77bfe16ef6,-79,,0,0,8.0,0
22:20:40,,0,f2dd99ee4d874fa3e68f000825140002d4a8487772358f0d4878137a655560a1,-78,,0,0,,0
22:20:41,26.0,0,5dd8350ed7a7ba26958fd9cc97e9a9591fc120027d94cde3b0bc634de8928aa4,-82,,0,0,7.0,0
22:20:42,26.0,0,6ac41e7eaa21b1be3099c60f02a829d49013d2509e3bf1243d620a59f7d60c5a,-88,,0,0,12.0,0
22:20:42,26.0,0,a1bfa649a45e7a7db01f1abbf08e6d0e0186ff7582573209446d3e100b4b430c,-84,,0,0,12.0,0
22:20:43,26.0,0,5dd8350ed7a7ba26958fd9cc97e9a9591fc120027d94cde3b0bc634de8928aa4,-82,,0,0,7.0,0
22:20:44,26.0,0,5dd8350ed7a7ba26958fd9cc97e9a9591fc120027d94cde3b0bc634de8928aa4,-83,,0,0,7.0,0
22:20:45,,0,a6a7dca8695b55afe089a81b428f71b5663090716f2424354fc2b8c22360660c,-66,,0,0,,0
22:20:46,26.0,0,da0291c3997eeee3f80a02b572057345243553bf856c5f5a1642da77bfe16ef6,-78,,0,0,8.0,0
22:20:46,26.0,0,da0291c3997eeee3f80a02b572057345243553bf856c5f5a1642da77bfe16ef6,-74,,0,0,8.0,0
22:20:47,,0,86d339209204091c8de321e2c3508383e9bd4d85945d739ebcaed4c489d11369,-93,,0,0,,0
22:20:48,26.0,0,da0291c3997eeee3f80a02b572057345243553bf856c5f5a1642da77bfe16ef6,-76,,0,0,8.0,0
22:20:49,26.0,0,5dd8350ed7a7ba26958fd9cc97e9a9591fc120027d94cde3b0bc634de8928aa4,-82,,0,0,7.0,0
22:20:49,,0,25d3fa52805804e076e764d235007b231b01e48fba4136878ab38619d37fe4d5,-73,,0,0,,0
22:20:50,26.0,0,043937778c25f39fe803bcefc6145e86cc87e96be9cf1eb591f67e8d7298238d,-87,,0,0,,0
22:20:51,26.0,0,043937778c25f39fe803bcefc6145e86cc87e96be9cf1eb591f67e8d7298238d,-91,,0,0,,0
22:20:52,26.0,0,da0291c3997eeee3f80a02b572057345243553bf856c5f5a1642da77bfe16ef6,-88,,0,0,8.0,0
22:20:53,26.0,0,da0291c3997eeee3f80a02b572057345243553bf856c5f5a1642da77bfe16ef6,-74,,0,0,8.0,0
22:20:53,,0,25d3fa52805804e076e764d235007b231b01e48fba4136878ab38619d37fe4d5,-88,,0,0,,0
22:20:54,26.0,0,a1bfa649a45e7a7db01f1abbf08e6d0e0186ff7582573209446d3e100b4b430c,-85,,0,0,12.0,0
22:20:55,26.0,0,034bbc6c44dd429f68d94747765546ca249c7daa8bded9fbdc0c5a4fb4e712af,-91,,0,0,8.0,0
22:20:56,26.0,0,043937778c25f39fe803bcefc6145e86cc87e96be9cf1eb591f67e8d7298238d,-85,,0,0,,0
22:20:57,26.0,0,6ac41e7eaa21b1be3099c60f02a829d49013d2509e3bf1243d620a59f7d60c5a,-89,,0,0,12.0,0
22:20:57,,0,86d339209204091c8de321e2c3508383e9bd4d85945d739ebcaed4c489d11369,-91,,0,0,,0
22:20:58,26.0,0,043937778c25f39fe803bcefc6145e86cc87e96be9cf1eb591f67e8d7298238d,-82,,0,0,,0
22:20:59,26.0,0,043937778c25f39fe803bcefc6145e86cc87e96be9cf1eb591f67e8d7298238d,-90,,0,0,,0
22:21:00,26.0,0,5dd8350ed7a7ba26958fd9cc97e9a9591fc120027d94cde3b0bc634de8928aa4,-78,,0,0,7.0,0
22:21:00,26.0,0,a1bfa649a45e7a7db01f1abbf08e6d0e0186ff7582573209446d3e100b4b430c,-86,,0,0,12.0,0
22:21:01,26.0,0,da0291c3997eeee3f80a02b572057345243553bf856c5f5a1642da77bfe16ef6,-77,,0,0,8.0,0
22:21:02,26.0,0,043937778c25f39fe803bcefc6145e86cc87e96be9cf1eb591f67e8d7298238d,-80,,0,0,,0
22:21:03,26.0,0,da0291c3997eeee3f80a02b572057345243553bf856c5f5a1642da77bfe16ef6,-76,,0,0,8.0,0
22:21:04,26.0,0,5dd8350ed7a7ba26958fd9cc97e9a9591fc120027d94cde3b0bc634de8928aa4,-83,,0,0,7.0,0
22:21:04,26.0,0,e807abb8f3eac32f937b0b15638627899f7a0ac88a8e0ee0271098c99cc1a639,-83,,0,0,,0
22:21:05,,0,a6a7dca8695b55afe089a81b428f71b5663090716f2424354fc2b8c22360660c,-73,,0,0,,0
22:21:06,26.0,0,e807abb8f3eac32f937b0b15638627899f7a0ac88a8e0ee0271098c99cc1a639,-82,,0,0,,0
22:21:07,26.0,0,5dd8350ed7a7ba26958fd9cc97e9a9591fc120027d94cde3b0bc634de8928aa4,-84,,0,0,7.0,0
22:21:07,,0,25d3fa52805804e076e764d235007b231b01e48fba4136878ab38619d37fe4d5,-72,,0,0,,0
22:21:08,26.0,0,da0291c3997eeee3f80a02b572057345243553bf856c5f5a1642da77bfe16ef6,-87,,0,0,8.0,0
22:21:09,26.0,0,e807abb8f3eac32f937b0b15638627899f7a0ac88a8e0ee0271098c99cc1a639,-90,,0,0,,0
22:21:10,26.0,0,e807abb8f3eac32f937b0b15638627899f7a0ac88a8e0ee0271098c99cc1a639,-89,,0,0,,0
22:21:11,26.0,0,043937778c25f39fe803bcefc6145e86cc87e96be9cf1eb591f67e8d7298238d,-84,,0,0,,0
22:21:11,26.0,0,da0291c3997eeee3f80a02b572057345243553bf856c5f5a1642da77bfe16ef6,-85,,0,0,8.0,0
22:21:12,26.0,0,da0291c3997eeee3f80a02b572057345243553bf856c5f5a1642da77bfe16ef6,-77,,0,0,8.0,0
22:21:13,26.0,0,e807abb8f3eac32f937b0b15638627899f7a0ac88a8e0ee0271098c99cc1a639,-86,,0,0,,0
22:21:14,26.0,0,e807abb8f3eac32f937b0b15638627899f7a0ac88a8e0ee0271098c99cc1a639,-88,,0,0,,0
22:21:14,26.0,0,6ac41e7eaa21b1be3099c60f02a829d49013d2509e3bf1243d620a59f7d60c5a,-84,,0,0,12.0,0
22:21:15,,0,25d3fa52805804e076e764d235007b231b01e48fba4136878ab38619d37fe4d5,-93,,0,0,,0
22:21:16,26.0,0,da0291c3997eeee3f80a02b572057345243553bf856c5f5a1642da77bfe16ef6,-86,,0,0,8.0,0
22:21:17,26.0,0,5dd8350ed7a7ba26958fd9cc97e9a9591fc120027d94cde3b0bc634de8928aa4,-79,,0,0,7.0,0
22:21:18,26.0,0,5dd8350ed7a7ba26958fd9cc97e9a9591fc120027d94cde3b0bc634de8928aa4,-79,,0,0,7.0,0
22:21:18,26.0,0,5dd8350ed7a7ba26958fd9cc97e9a9591fc120027d94cde3b0bc634de8928aa4,-77,,0,0,7.0,0
22:21:19,26.0,0,a1bfa649a45e7a7db01f1abbf08e6d0e0186ff7582573209446d3e100b4b430c,-87,,0,0,12.0,0
22:21:20,26.0,0,6ac41e7eaa21b1be3099c60f02a829d49013d2509e3bf1243d620a59f7d60c5a,-87,,0,0,12.0,0
22:21:21,26.0,0,da0291c3997eeee3f80a02b572057345243553bf856c5f5a1642da77bfe16ef6,-76,,0,0,8.0,0
22:21:21,26.0,0,da0291c3997eeee3f80a02b572057345243553bf856c5f5a1642da77bfe16ef6,-76,,0,0,8.0,0
22:21:22,26.0,0,5dd8350ed7a7ba26958fd9cc97e9a9591fc120027d94cde3b0bc634de8928aa4,-93,,0,0,7.0,0
22:21:23,26.0,0,e807abb8f3eac32f937b0b15638627899f7a0ac88a8e0ee0271098c99cc1a639,-84,,0,0,,0
22:21:24,26.0,0,e807abb8f3eac32f937b0b15638627899f7a0ac88a8e0ee0271098c99cc1a639,-89,,0,0,,0
22:21:25,26.0,0,6ac41e7eaa21b1be3099c60f02a829d49013d2509e3bf1243d620a59f7d60c5a,-84,,0,0,12.0,0
22:21:25,26.0,0,043937778c25f39fe803bcefc6145e86cc87e96be9cf1eb591f67e8d7298238d,-87,,0,0,,0
22:21:26,26.0,0,da0291c3997eeee3f80a02b572057345243553bf856c5f5a1642da77bfe16ef6,-89,,0,0,8.0,0
22:21:27,26.0,0,043937778c25f39fe803bcefc6145e86cc87e96be9cf1eb591f67e8d7298238d,-91,,0,0,,0
22:21:28,26.0,0,e807abb8f3eac32f937b0b15638627899f7a0ac88a8e0ee0271098c99cc1a639,-84,,0,0,,0
22:21:28,26.0,0,6ac41e7eaa21b1be3099c60f02a829d49013d2509e3bf1243d620a59f7d60c5a,-86,,0,0,12.0,0
22:21:29,26.0,0,e807abb8f3eac32f937b0b15638627899f7a0ac88a8e0ee0271098c99cc1a639,-83,,0,0,,0
22:21:30,26.0,0,da0291c3997eeee3f80a02b572057345243553bf856c5f5a1642da77bfe16ef6,-76,,0,0,8.0,0
22:21:31,26.0,0,e807abb8f3eac32f937b0b15638627899f7a0ac88a8e0ee0271098c99cc1a639,-88,,0,0,,0
22:21:32,26.0,0,5dd8350ed7a7ba26958fd9cc97e9a9591fc120027d94cde3b0bc634de8928aa4,-76,,0,0,7.0,0
22:21:32,26.0,0,e807abb8f3eac32f937b0b15638627899f7a0ac88a8e0ee0271098c99cc1a639,-87,,0,0,,0
22:21:33,26.0,0,da0291c3997eeee3f80a02b572057345243553bf856c5f5a1642da77bfe16ef6,-78,,0,0,8.0,0
22:21:34,26.0,0,043937778c25f39fe803bcefc6145e86cc87e96be9cf1eb591f67e8d7298238d,-86,,0,0,,0
22:21:35,26.0,0,043937778c25f39fe803bcefc6145e86cc87e96be9cf1eb591f67e8d7298238d,-83,,0,0,,0
22:21:36,26.0,0,da0291c3997eeee3f80a02b572057345243553bf856c5f5a1642da77bfe16ef6,-77,,0,0,8.0,0
22:21:36,26.0,0,e807abb8f3eac32f937b0b15638627899f7a0ac88a8e0ee0271098c99cc1a639,-93,,0,0,,0
22:21:37,26.0,0,e807abb8f3eac32f937b0b15638627899f7a0ac88a8e0ee0271098c99cc1a639,-89,,0,0,,0
22:21:38,26.0,0,e807abb8f3eac32f937b0b15638627899f7a0ac88a8e0ee0271098c99cc1a639,-92,,0,0,,0
22:21:39,26.0,0,a1bfa649a45e7a7db01f1abbf08e6d0e0186ff7582573209446d3e100b4b430c,-85,,0,0,12.0,0
22:21:39,26.0,0,da0291c3997eeee3f80a02b572057345243553bf856c5f5a1642da77bfe16ef6,-79,,0,0,8.0,0
22:21:40,26.0,0,da0291c3997eeee3f80a02b572057345243553bf856c5f5a1642da77bfe16ef6,-76,,0,0,8.0,0
22:21:41,26.0,0,5dd8350ed7a7ba26958fd9cc97e9a9591fc120027d94cde3b0bc634de8928aa4,-77,,0,0,7.0,0
22:21:42,26.0,0,043937778c25f39fe803bcefc6145e86cc87e96be9cf1eb591f67e8d7298238d,-83,,0,0,,0
22:21:43,26.0,0,043937778c25f39fe803bcefc6145e86cc87e96be9cf1eb591f67e8d7298238d,-83,,0,0,,0
22:21:43,,0,36036df05f96edc11c7c40c22600015995e1f0028ca27661775e7cda4788070d,-81,,0,0,,0
22:21:44,26.0,0,a1bfa649a45e7a7db01f1abbf08e6d0e0186ff7582573209446d3e100b4b430c,-92,,0,0,12.0,0
22:21:45,26.0,0,e807abb8f3eac32f937b0b15638627899f7a0ac88a8e0ee0271098c99cc1a639,-89,,0,0,,0
22:21:46,26.0,0,e807abb8f3eac32f937b0b15638627899f7a0ac88a8e0ee0271098c99cc1a639,-83,,0,0,,0
22:21:46,26.0,0,e807abb8f3eac32f937b0b15638627899f7a0ac88a8e0ee0271098c99cc1a639,-85,,0,0,,0
22:21:47,26.0,0,d97f62ad8a3621010c4488c6519681a8d1807d1bd75550ac988086747c856a04,-89,,0,0,,0
22:21:48,26.0,0,6ac41e7eaa21b1be3099c60f02a829d49013d2509e3bf1243d620a59f7d60c5a,-86,,0,0,12.0,0
22:21:49,26.0,0,d97f62ad8a3621010c4488c6519681a8d1807d1bd75550ac988086747c856a04,-88,,0,0,,0
22:21:50,26.0,0,e807abb8f3eac32f937b0b15638627899f7a0ac88a8e0ee0271098c99cc1a639,-84,,0,0,,0
22:21:50,26.0,0,034bbc6c44dd429f68d94747765546ca249c7daa8bded9fbdc0c5a4fb4e712af,-92,,0,0,8.0,0
22:21:51,26.0,0,da0291c3997eeee3f80a02b572057345243553bf856c5f5a1642da77bfe16ef6,-78,,0,0,8.0,0
22:21:52,26.0,0,e807abb8f3eac32f937b0b15638627899f7a0ac88a8e0ee0271098c99cc1a639,-85,,0,0,,0
22:21:53,26.0,0,db161b51e825dacab043a8346d51f476015ee5628fc9cf36bea3e2eb92ddfa4d,-91,,0,0,7.0,0
22:21:53,26.0,0,034bbc6c44dd429f68d94747765546ca249c7daa8bded9fbdc0c5a4fb4e712af,-90,,0,0,8.0,0
22:21:54,26.0,0,043937778c25f39fe803bcefc6145e86cc87e96be9cf1eb591f67e8d7298238d,-84,,0,0,,0
22:21:55,26.0,0,a1bfa649a45e7a7db01f1abbf08e6d0e0186ff7582573209446d3e100b4b430c,-86,,0,0,12.0,0
22:21:56,26.0,0,5dd8350ed7a7ba26958fd9cc97e9a9591fc120027d94cde3b0bc634de8928aa4,-79,,0,0,7.0,0
22:21:57,26.0,0,034bbc6c44dd429f68d94747765546ca249c7daa8bded9fbdc0c5a4fb4e712af,-93,,0,0,8.0,0
22:21:57,26.0,0,6ac41e7eaa21b1be3099c60f02a829d49013d2509e3bf1243d620a59f7d60c5a,-87,,0,0,12.0,0
22:21:58,26.0,0,e807abb8f3eac32f937b0b15638627899f7a0ac88a8e0ee0271098c99cc1a639,-87,,0,0,,0
22:21:59,26.0,0,e807abb8f3eac32f937b0b15638627899f7a0ac88a8e0ee0271098c99cc1a639,-86,,0,0,,0
22:22:00,26.0,0,6ac41e7eaa21b1be3099c60f02a829d49013d2509e3bf1243d620a59f7d60c5a,-86,,0,0,12.0,0
22:22:00,26.0,0,da0291c3997eeee3f80a02b572057345243553bf856c5f5a1642da77bfe16ef6,-77,,0,0,8.0,0
22:22:01,26.0,0,da0291c3997eeee3f80a02b572057345243553bf856c5f5a1642da77bfe16ef6,-76,,0,0,8.0,0
22:22:02,26.0,0,e807abb8f3eac32f937b0b15638627899f7a0ac88a8e0ee0271098c99cc1a639,-88,,0,0,,0
22:22:03,26.0,0,e807abb8f3eac32f937b0b15638627899f7a0ac88a8e0ee0271098c99cc1a639,-87,,0,0,,0
22:22:04,26.0,0,e807abb8f3eac32f937b0b15638627899f7a0ac88a8e0ee0271098c99cc1a639,-90,,0,0,,0
22:22:04,26.0,0,e807abb8f3eac32f937b0b15638627899f7a0ac88a8e0ee0271098c99cc1a639,-86,,0,0,,0
22:22:05,26.0,0,043937778c25f39fe803bcefc6145e86cc87e96be9cf1eb591f67e8d7298238d,-88,,0,0,,0
22:22:06,26.0,0,da0291c3997eeee3f80a02b572057345243553bf856c5f5a1642da77bfe16ef6,-75,,0,0,8.0,0
22:22:07,26.0,0,e807abb8f3eac32f937b0b15638627899f7a0ac88a8e0ee0271098c99cc1a639,-89,,0,0,,0
22:22:08,,0,25d3fa52805804e076e764d235007b231b01e48fba4136878ab38619d37fe4d5,-89,,0,0,,0
22:22:08,,0,36036df05f96edc11c7c40c22600015995e1f0028ca27661775e7cda4788070d,-84,,0,0,,0
22:22:09,26.0,0,e807abb8f3eac32f937b0b15638627899f7a0ac88a8e0ee0271098c99cc1a639,-84,,0,0,,0
22:22:10,26.0,0,5dd8350ed7a7ba26958fd9cc97e9a9591fc120027d94cde3b0bc634de8928aa4,-91,,0,0,7.0,0
22:22:11,,0,f2dd99ee4d874fa3e68f000825140002d4a8487772358f0d4878137a655560a1,-76,,0,0,,0
22:22:11,,0,6f27c8b9f83024e4d31418520b4b0519e2154250e2085936e32661906fd3987e,-94,,0,0,,0
22:22:12,26.0,0,a1bfa649a45e7a7db01f1abbf08e6d0e0186ff7582573209446d3e100b4b430c,-87,,0,0,12.0,0
22:22:13,26.0,0,043937778c25f39fe803bcefc6145e86cc87e96be9cf1eb591f67e8d7298238d,-79,,0,0,,0
22:22:14,26.0,0,e807abb8f3eac32f937b0b15638627899f7a0ac88a8e0ee0271098c99cc1a639,-82,,0,0,,0
22:22:15,26.0,0,e807abb8f3eac32f937b0b15638627899f7a0ac88a8e0ee0271098c99cc1a639,-92,,0,0,,0
22:22:15,,0,86d339209204091c8de321e2c3508383e9bd4d85945d739ebcaed4c489d11369,-85,,0,0,,0
22:22:16,26.0,0,da0291c3997eeee3f80a02b572057345243553bf856c5f5a1642da77bfe16ef6,-87,,0,0,8.0,0
22:22:17,26.0,0,e807abb8f3eac32f937b0b15638627899f7a0ac88a8e0ee0271098c99cc1a639,-91,,0,0,,0
22:22:18,26.0,0,da0291c3997eeee3f80a02b572057345243553bf856c5f5a1642da77bfe16ef6,-85,,0,0,8.0,0
22:22:18,26.0,0,a1bfa649a45e7a7db01f1abbf08e6d0e0186ff7582573209446d3e100b4b430c,-84,,0,0,12.0,0
22:22:19,26.0,0,e807abb8f3eac32f937b0b15638627899f7a0ac88a8e0ee0271098c99cc1a639,-89,,0,0,,0
22:22:20,26.0,0,da0291c3997eeee3f80a02b572057345243553bf856c5f5a1642da77bfe16ef6,-79,,0,0,8.0,0
22:22:21,26.0,0,da0291c3997eeee3f80a02b572057345243553bf856c5f5a1642da77bfe16ef6,-77,,0,0,8.0,0
22:22:22,26.0,0,da0291c3997eeee3f80a02b572057345243553bf856c5f5a1642da77bfe16ef6,-77,,0,0,8.0,0
22:22:22,26.0,0,da0291c3997eeee3f80a02b572057345243553bf856c5f5a1642da77bfe16ef6,-77,,0,0,8.0,0
22:22:23,,0,a9c9398f8edf9b48e87529ef8fb0f593dc671f7e5c5445aa283d1e389c925eff,-89,,0,0,,0
22:22:24,26.0,0,e807abb8f3eac32f937b0b15638627899f7a0ac88a8e0ee0271098c99cc1a639,-86,,0,0,,0
22:22:25,26.0,0,5dd8350ed7a7ba26958fd9cc97e9a9591fc120027d94cde3b0bc634de8928aa4,-79,,0,0,7.0,0
22:22:25,,0,25d3fa52805804e076e764d235007b231b01e48fba4136878ab38619d37fe4d5,-87,,0,0,,0
22:22:26,26.0,0,e807abb8f3eac32f937b0b15638627899f7a0ac88a8e0ee0271098c99cc1a639,-84,,0,0,,0
22:22:27,26.0,0,e807abb8f3eac32f937b0b15638627899f7a0ac88a8e0ee0271098c99cc1a639,-83,,0,0,,0
22:22:28,26.0,0,a1bfa649a45e7a7db01f1abbf08e6d0e0186ff7582573209446d3e100b4b430c,-86,,0,0,12.0,0
22:22:29,26.0,0,e807abb8f3eac32f937b0b15638627899f7a0ac88a8e0ee0271098c99cc1a639,-85,,0,0,,0
22:22:29,26.0,0,da0291c3997eeee3f80a02b572057345243553bf856c5f5a1642da77bfe16ef6,-77,,0,0,8.0,0
22:22:30,26.0,0,e807abb8f3eac32f937b0b15638627899f7a0ac88a8e0ee0271098c99cc1a639,-83,,0,0,,0
22:22:31,26.0,0,e807abb8f3eac32f937b0b15638627899f7a0ac88a8e0ee0271098c99cc1a639,-84,,0,0,,0
22:22:32,26.0,0,e807abb8f3eac32f937b0b15638627899f7a0ac88a8e0ee0271098c99cc1a639,-93,,0,0,,0
22:22:32,26.0,0,043937778c25f39fe803bcefc6145e86cc87e96be9cf1eb591f67e8d7298238d,-89,,0,0,,0
22:22:33,26.0,0,e807abb8f3eac32f937b0b15638627899f7a0ac88a8e0ee0271098c99cc1a639,-86,,0,0,,0
22:22:34,26.0,0,e807abb8f3eac32f937b0b15638627899f7a0ac88a8e0ee0271098c99cc1a639,-86,,0,0,,0
22:22:35,26.0,0,e807abb8f3eac32f937b0b15638627899f7a0ac88a8e0ee0271098c99cc1a639,-81,,0,0,,0
22:22:36,26.0,0,a1bfa649a45e7a7db01f1abbf08e6d0e0186ff7582573209446d3e100b4b430c,-86,,0,0,12.0,0
22:22:36,,0,36036df05f96edc11c7c40c22600015995e1f0028ca27661775e7cda4788070d,-86,,0,0,,0
22:22:37,26.0,0,e807abb8f3eac32f937b0b15638627899f7a0ac88a8e0ee0271098c99cc1a639,-80,,0,0,,0
22:22:38,26.0,0,043937778c25f39fe803bcefc6145e86cc87e96be9cf1eb591f67e8d7298238d,-87,,0,0,,0
22:22:39,26.0,0,5dd8350ed7a7ba26958fd9cc97e9a9591fc120027d94cde3b0bc634de8928aa4,-80,,0,0,7.0,0
22:22:40,26.0,0,da0291c3997eeee3f80a02b572057345243553bf856c5f5a1642da77bfe16ef6,-86,,0,0,8.0,0
22:22:40,26.0,0,e807abb8f3eac32f937b0b15638627899f7a0ac88a8e0ee0271098c99cc1a639,-82,,0,0,,0
22:22:41,,0,a6a7dca8695b55afe089a81b428f71b5663090716f2424354fc2b8c22360660c,-63,,0,0,,0
22:22:42,26.0,0,043937778c25f39fe803bcefc6145e86cc87e96be9cf1eb591f67e8d7298238d,-78,,0,0,,0
22:22:43,26.0,0,6ac41e7eaa21b1be3099c60f02a829d49013d2509e3bf1243d620a59f7d60c5a,-87,,0,0,12.0,0
22:22:43,26.0,0,5dd8350ed7a7ba26958fd9cc97e9a9591fc120027d94cde3b0bc634de8928aa4,-79,,0,0,7.0,0
22:22:44,26.0,0,6ac41e7eaa21b1be3099c60f02a829d49013d2509e3bf1243d620a59f7d60c5a,-90,,0,0,12.0,0
22:22:45,6.0,0,aa1c1c1ecff1fde1bc284d0ec7c8c938f62d5e8c7b8f34a4e8683de8c2c0d402,-91,Rb20,0,0,,0
22:22:46,26.0,0,da0291c3997eeee3f80a02b572057345243553bf856c5f5a1642da77bfe16ef6,-74,,0,0,8.0,0
22:22:47,,0,36036df05f96edc11c7c40c22600015995e1f0028ca27661775e7cda4788070d,-88,,0,0,,0
22:22:47,26.0,0,043937778c25f39fe803bcefc6145e86cc87e96be9cf1eb591f67e8d7298238d,-79,,0,0,,0
22:22:48,26.0,0,5dd8350ed7a7ba26958fd9cc97e9a9591fc120027d94cde3b0bc634de8928aa4,-89,,0,0,7.0,0
22:22:49,26.0,0,5dd8350ed7a7ba26958fd9cc97e9a9591fc120027d94cde3b0bc634de8928aa4,-80,,0,0,7.0,0
22:22:50,26.0,0,da0291c3997eeee3f80a02b572057345243553bf856c5f5a1642da77bfe16ef6,-84,,0,0,8.0,0
22:22:50,26.0,0,a1bfa649a45e7a7db01f1abbf08e6d0e0186ff7582573209446d3e100b4b430c,-85,,0,0,12.0,0
22:22:51,26.0,0,da0291c3997eeee3f80a02b572057345243553bf856c5f5a1642da77bfe16ef6,-90,,0,0,8.0,0
22:22:52,26.0,0,da0291c3997eeee3f80a02b572057345243553bf856c5f5a1642da77bfe16ef6,-78,,0,0,8.0,0
22:22:53,26.0,0,5dd8350ed7a7ba26958fd9cc97e9a9591fc120027d94cde3b0bc634de8928aa4,-83,,0,0,7.0,0
22:22:54,26.0,0,da0291c3997eeee3f80a02b572057345243553bf856c5f5a1642da77bfe16ef6,-80,,0,0,8.0,0
22:22:54,26.0,0,da0291c3997eeee3f80a02b572057345243553bf856c5f5a1642da77bfe16ef6,-77,,0,0,8.0,0
22:22:55,,0,a6a7dca8695b55afe089a81b428f71b5663090716f2424354fc2b8c22360660c,-70,,0,0,,0
22:22:56,26.0,0,043937778c25f39fe803bcefc6145e86cc87e96be9cf1eb591f67e8d7298238d,-80,,0,0,,0
22:22:57,26.0,0,043937778c25f39fe803bcefc6145e86cc87e96be9cf1eb591f67e8d7298238d,-84,,0,0,,0
22:22:57,,0,25d3fa52805804e076e764d235007b231b01e48fba4136878ab38619d37fe4d5,-77,,0,0,,0
22:22:58,26.0,0,da0291c3997eeee3f80a02b572057345243553bf856c5f5a1642da77bfe16ef6,-83,,0,0,8.0,0
22:22:59,,0,36036df05f96edc11c7c40c22600015995e1f0028ca27661775e7cda4788070d,-84,,0,0,,0
22:23:00,26.0,0,e807abb8f3eac32f937b0b15638627899f7a0ac88a8e0ee0271098c99cc1a639,-79,,0,0,,0
22:23:01,26.0,0,a1bfa649a45e7a7db01f1abbf08e6d0e0186ff7582573209446d3e100b4b430c,-83,,0,0,12.0,0
22:23:01,26.0,0,043937778c25f39fe803bcefc6145e86cc87e96be9cf1eb591f67e8d7298238d,-80,,0,0,,0
22:23:02,26.0,0,043937778c25f39fe803bcefc6145e86cc87e96be9cf1eb591f67e8d7298238d,-87,,0,0,,0
22:23:03,26.0,0,5dd8350ed7a7ba26958fd9cc97e9a9591fc120027d94cde3b0bc634de8928aa4,-87,,0,0,7.0,0
22:23:04,26.0,0,da0291c3997eeee3f80a02b572057345243553bf856c5f5a1642da77bfe16ef6,-83,,0,0,8.0,0
22:23:05,26.0,0,da0291c3997eeee3f80a02b572057345243553bf856c5f5a1642da77bfe16ef6,-81,,0,0,8.0,0
22:23:05,,0,25d3fa52805804e076e764d235007b231b01e48fba4136878ab38619d37fe4d5,-87,,0,0,,0
22:23:06,26.0,0,da0291c3997eeee3f80a02b572057345243553bf856c5f5a1642da77bfe16ef6,-81,,0,0,8.0,0
22:23:07,26.0,0,034bbc6c44dd429f68d94747765546ca249c7daa8bded9fbdc0c5a4fb4e712af,-87,,0,0,8.0,0
22:23:08,26.0,0,5dd8350ed7a7ba26958fd9cc97e9a9591fc120027d94cde3b0bc634de8928aa4,-76,,0,0,7.0,0
22:23:08,26.0,0,da0291c3997eeee3f80a02b572057345243553bf856c5f5a1642da77bfe16ef6,-82,,0,0,8.0,0
22:23:09,,0,a6a7dca8695b55afe089a81b428f71b5663090716f2424354fc2b8c22360660c,-67,,0,0,,0
22:23:10,26.0,0,e807abb8f3eac32f937b0b15638627899f7a0ac88a8e0ee0271098c99cc1a639,-80,,0,0,,0
22:23:11,26.0,0,043937778c25f39fe803bcefc6145e86cc87e96be9cf1eb591f67e8d7298238d,-81,,0,0,,0
22:23:12,,0,25d3fa52805804e076e764d235007b231b01e48fba4136878ab38619d37fe4d5,-89,,0,0,,0
22:23:12,26.0,0,5dd8350ed7a7ba26958fd9cc97e9a9591fc120027d94cde3b0bc634de8928aa4,-80,,0,0,7.0,0
22:23:13,26.0,0,5dd8350ed7a7ba26958fd9cc97e9a9591fc120027d94cde3b0bc634de8928aa4,-77,,0,0,7.0,0
22:23:14,26.0,0,5dd8350ed7a7ba26958fd9cc97e9a9591fc120027d94cde3b0bc634de8928aa4,-88,,0,0,7.0,0
22:23:15,26.0,0,e807abb8f3eac32f937b0b15638627899f7a0ac88a8e0ee0271098c99cc1a639,-83,,0,0,,0
22:23:15,,0,25d3fa52805804e076e764d235007b231b01e48fba4136878ab38619d37fe4d5,-78,,0,0,,0
22:23:16,26.0,0,a1bfa649a45e7a7db01f1abbf08e6d0e0186ff7582573209446d3e100b4b430c,-83,,0,0,12.0,0
22:23:17,26.0,0,da0291c3997eeee3f80a02b572057345243553bf856c5f5a1642da77bfe16ef6,-82,,0,0,8.0,0
22:23:18,26.0,0,5dd8350ed7a7ba26958fd9cc97e9a9591fc120027d94cde3b0bc634de8928aa4,-83,,0,0,7.0,0
22:23:19,26.0,0,5dd8350ed7a7ba26958fd9cc97e9a9591fc120027d94cde3b0bc634de8928aa4,-81,,0,0,7.0,0
22:23:19,,0,86d339209204091c8de321e2c3508383e9bd4d85945d739ebcaed4c489d11369,-86,,0,0,,0
22:23:20,26.0,0,a1bfa649a45e7a7db01f1abbf08e6d0e0186ff7582573209446d3e100b4b430c,-87,,0,0,12.0,0
22:23:21,26.0,0,6ac41e7eaa21b1be3099c60f02a829d49013d2509e3bf1243d620a59f7d60c5a,-87,,0,0,12.0,0
22:23:22,26.0,0,cf22a23b74b71c53afebd9028af5f7ceb3792c968ca95a07c2a889882b5689e5,-68,,0,0,12.0,0
22:23:22,26.0,0,034bbc6c44dd429f68d94747765546ca249c7daa8bded9fbdc0c5a4fb4e712af,-85,,0,0,8.0,0
22:23:23,26.0,0,da0291c3997eeee3f80a02b572057345243553bf856c5f5a1642da77bfe16ef6,-85,,0,0,8.0,0
22:23:24,26.0,0,034bbc6c44dd429f68d94747765546ca249c7daa8bded9fbdc0c5a4fb4e712af,-90,,0,0,8.0,0
22:23:25,26.0,0,5dd8350ed7a7ba26958fd9cc97e9a9591fc120027d94cde3b0bc634de8928aa4,-81,,0,0,7.0,0
22:23:26,6.0,0,aa1c1c1ecff1fde1bc284d0ec7c8c938f62d5e8c7b8f34a4e8683de8c2c0d402,-86,Rb20,0,0,,0
22:23:26,26.0,0,043937778c25f39fe803bcefc6145e86cc87e96be9cf1eb591f67e8d7298238d,-90,,0,0,,0
22:23:27,26.0,0,da0291c3997eeee3f80a02b572057345243553bf856c5f5a1642da77bfe16ef6,-77,,0,0,8.0,0
22:23:28,26.0,0,043937778c25f39fe803bcefc6145e86cc87e96be9cf1eb591f67e8d7298238d,-86,,0,0,,0
22:23:29,26.0,0,5dd8350ed7a7ba26958fd9cc97e9a9591fc120027d94cde3b0bc634de8928aa4,-87,,0,0,7.0,0
22:23:29,26.0,0,5dd8350ed7a7ba26958fd9cc97e9a9591fc120027d94cde3b0bc634de8928aa4,-83,,0,0,7.0,0
22:23:30,26.0,0,5dd8350ed7a7ba26958fd9cc97e9a9591fc120027d94cde3b0bc634de8928aa4,-82,,0,0,7.0,0
22:23:31,26.0,0,5dd8350ed7a7ba26958fd9cc97e9a9591fc120027d94cde3b0bc634de8928aa4,-91,,0,0,7.0,0
22:23:32,26.0,0,043937778c25f39fe803bcefc6145e86cc87e96be9cf1eb591f67e8d7298238d,-88,,0,0,,0
22:23:33,26.0,0,043937778c25f39fe803bcefc6145e86cc87e96be9cf1eb591f67e8d7298238d,-89,,0,0,,0
22:23:33,26.0,0,da0291c3997eeee3f80a02b572057345243553bf856c5f5a1642da77bfe16ef6,-86,,0,0,8.0,0
22:23:34,,0,a6a7dca8695b55afe089a81b428f71b5663090716f2424354fc2b8c22360660c,-66,,0,0,,0
22:23:35,26.0,0,da0291c3997eeee3f80a02b572057345243553bf856c5f5a1642da77bfe16ef6,-85,,0,0,8.0,0
22:23:36,26.0,0,5dd8350ed7a7ba26958fd9cc97e9a9591fc120027d94cde3b0bc634de8928aa4,-85,,0,0,7.0,0
22:23:37,26.0,0,043937778c25f39fe803bcefc6145e86cc87e96be9cf1eb591f67e8d7298238d,-85,,0,0,,0
22:23:37,26.0,0,da0291c3997eeee3f80a02b572057345243553bf856c5f5a1642da77bfe16ef6,-81,,0,0,8.0,0
22:23:38,,0,a6a7dca8695b55afe089a81b428f71b5663090716f2424354fc2b8c22360660c,-62,,0,0,,0
22:23:39,,0,f2dd99ee4d874fa3e68f000825140002d4a8487772358f0d4878137a655560a1,-78,,0,0,,0
22:23:40,,0,36036df05f96edc11c7c40c22600015995e1f0028ca27661775e7cda4788070d,-87,,0,0,,0
22:23:40,6.0,0,aa1c1c1ecff1fde1bc284d0ec7c8c938f62d5e8c7b8f34a4e8683de8c2c0d402,-91,Rb20,0,0,,0
22:23:41,26.0,0,d97f62ad8a3621010c4488c6519681a8d1807d1bd75550ac988086747c856a04,-93,,0,0,,0
22:23:42,26.0,0,d97f62ad8a3621010c4488c6519681a8d1807d1bd75550ac988086747c856a04,-97,,0,0,,0
22:23:43,26.0,0,043937778c25f39fe803bcefc6145e86cc87e96be9cf1eb591f67e8d7298238d,-88,,0,0,,0
22:23:44,26.0,0,ff371b6898b7944a0c799179101895cc9876ebb1cf9cff37dceaffd6382ca368,-58,,0,0,,0
22:23:44,26.0,0,ff371b6898b7944a0c799179101895cc9876ebb1cf9cff37dceaffd6382ca368,-71,,0,0,,0
22:23:45,26.0,0,043937778c25f39fe803bcefc6145e86cc87e96be9cf1eb591f67e8d7298238d,-89,,0,0,,0
22:23:46,26.0,0,5dd8350ed7a7ba26958fd9cc97e9a9591fc120027d94cde3b0bc634de8928aa4,-81,,0,0,7.0,0
22:23:47,26.0,0,cf22a23b74b71c53afebd9028af5f7ceb3792c968ca95a07c2a889882b5689e5,-65,,0,0,12.0,0
22:23:47,26.0,0,034bbc6c44dd429f68d94747765546ca249c7daa8bded9fbdc0c5a4fb4e712af,-91,,0,0,8.0,0
22:23:48,26.0,0,043937778c25f39fe803bcefc6145e86cc87e96be9cf1eb591f67e8d7298238d,-94,,0,0,,0
22:23:49,26.0,0,043937778c25f39fe803bcefc6145e86cc87e96be9cf1eb591f67e8d7298238d,-85,,0,0,,0
22:23:50,26.0,0,a1bfa649a45e7a7db01f1abbf08e6d0e0186ff7582573209446d3e100b4b430c,-87,,0,0,12.0,0
22:23:51,26.0,0,a1647abad885016bc50d285cf1575d69ba81f7a3bb178a5dee25b3c5a18e0ff7,-83,,0,0,12.0,0
22:23:51,,0,86d339209204091c8de321e2c3508383e9bd4d85945d739ebcaed4c489d11369,-94,,0,0,,0
22:23:52,26.0,0,da0291c3997eeee3f80a02b572057345243553bf856c5f5a1642da77bfe16ef6,-80,,0,0,8.0,0
22:23:53,26.0,0,a1647abad885016bc50d285cf1575d69ba81f7a3bb178a5dee25b3c5a18e0ff7,-88,,0,0,12.0,0
22:23:54,,0,36036df05f96edc11c7c40c22600015995e1f0028ca27661775e7cda4788070d,-88,,0,0,,0
22:23:54,26.0,0,cf22a23b74b71c53afebd9028af5f7ceb3792c968ca95a07c2a889882b5689e5,-71,,0,0,12.0,0
22:23:55,26.0,0,043937778c25f39fe803bcefc6145e86cc87e96be9cf1eb591f67e8d7298238d,-83,,0,0,,0
22:23:56,26.0,0,5dd8350ed7a7ba26958fd9cc97e9a9591fc120027d94cde3b0bc634de8928aa4,-81,,0,0,7.0,0
22:23:57,26.0,0,da0291c3997eeee3f80a02b572057345243553bf856c5f5a1642da77bfe16ef6,-79,,0,0,8.0,0
22:23:58,26.0,0,da0291c3997eeee3f80a02b572057345243553bf856c5f5a1642da77bfe16ef6,-82,,0,0,8.0,0
22:23:58,26.0,0,043937778c25f39fe803bcefc6145e86cc87e96be9cf1eb591f67e8d7298238d,-82,,0,0,,0
22:23:59,26.0,0,5dd8350ed7a7ba26958fd9cc97e9a9591fc120027d94cde3b0bc634de8928aa4,-77,,0,0,7.0,0
22:24:00,26.0,0,5dd8350ed7a7ba26958fd9cc97e9a9591fc120027d94cde3b0bc634de8928aa4,-86,,0,0,7.0,0
22:24:01,26.0,0,cf22a23b74b71c53afebd9028af5f7ceb3792c968ca95a07c2a889882b5689e5,-65,,0,0,12.0,0
22:24:02,26.0,0,6ac41e7eaa21b1be3099c60f02a829d49013d2509e3bf1243d620a59f7d60c5a,-88,,0,0,12.0,0
22:24:02,26.0,0,da0291c3997eeee3f80a02b572057345243553bf856c5f5a1642da77bfe16ef6,-86,,0,0,8.0,0
22:24:03,26.0,0,043937778c25f39fe803bcefc6145e86cc87e96be9cf1eb591f67e8d7298238d,-87,,0,0,,0
22:24:04,26.0,0,cf22a23b74b71c53afebd9028af5f7ceb3792c968ca95a07c2a889882b5689e5,-71,,0,0,12.0,0
22:24:05,26.0,0,cf22a23b74b71c53afebd9028af5f7ceb3792c968ca95a07c2a889882b5689e5,-63,,0,0,12.0,0
22:24:05,26.0,0,e807abb8f3eac32f937b0b15638627899f7a0ac88a8e0ee0271098c99cc1a639,-88,,0,0,,0
22:24:06,26.0,0,da0291c3997eeee3f80a02b572057345243553bf856c5f5a1642da77bfe16ef6,-81,,0,0,8.0,0
22:24:07,6.0,0,7339b99184c81c9acae50d081b1cc54a08d737d81a9180c22edf8d3d27d64009,-91,,0,0,,0
22:24:08,26.0,0,e807abb8f3eac32f937b0b15638627899f7a0ac88a8e0ee0271098c99cc1a639,-82,,0,0,,0
22:24:09,26.0,0,db161b51e825dacab043a8346d51f476015ee5628fc9cf36bea3e2eb92ddfa4d,-90,,0,0,,0
22:24:09,26.0,0,5dd8350ed7a7ba26958fd9cc97e9a9591fc120027d94cde3b0bc634de8928aa4,-83,,0,0,7.0,0
22:24:10,26.0,0,75af99afc3fe53d4d6480783a58efb82b0a92bc702cd3ec59ec9ab3fc3d11b6e,-81,,0,0,12.0,0
22:24:11,26.0,0,e807abb8f3eac32f937b0b15638627899f7a0ac88a8e0ee0271098c99cc1a639,-84,,0,0,,0
22:24:12,26.0,0,68ec6e4d224573f1001a4d39be1d82f3f81482979ffaa640036693aec34fad72,-94,,0,0,,0
22:24:12,26.0,0,e807abb8f3eac32f937b0b15638627899f7a0ac88a8e0ee0271098c99cc1a639,-89,,0,0,,0
22:24:13,26.0,0,68ec6e4d224573f1001a4d39be1d82f3f81482979ffaa640036693aec34fad72,-86,,0,0,,0
22:24:14,26.0,0,a1647abad885016bc50d285cf1575d69ba81f7a3bb178a5dee25b3c5a18e0ff7,-85,,0,0,12.0,0
22:24:15,26.0,0,e807abb8f3eac32f937b0b15638627899f7a0ac88a8e0ee0271098c99cc1a639,-88,,0,0,,0
22:24:16,,0,36036df05f96edc11c7c40c22600015995e1f0028ca27661775e7cda4788070d,-81,,0,0,,0
22:24:16,26.0,0,e807abb8f3eac32f937b0b15638627899f7a0ac88a8e0ee0271098c99cc1a639,-80,,0,0,,0
22:24:17,26.0,0,e807abb8f3eac32f937b0b15638627899f7a0ac88a8e0ee0271098c99cc1a639,-78,,0,0,,0
22:24:18,26.0,0,e807abb8f3eac32f937b0b15638627899f7a0ac88a8e0ee0271098c99cc1a639,-86,,0,0,,0
22:24:19,26.0,0,5dd8350ed7a7ba26958fd9cc97e9a9591fc120027d94cde3b0bc634de8928aa4,-84,,0,0,7.0,0
22:24:19,6.0,0,7339b99184c81c9acae50d081b1cc54a08d737d81a9180c22edf8d3d27d64009,-90,,0,0,,0
22:24:20,26.0,0,e807abb8f3eac32f937b0b15638627899f7a0ac88a8e0ee0271098c99cc1a639,-80,,0,0,,0
22:24:21,,0,f2dd99ee4d874fa3e68f000825140002d4a8487772358f0d4878137a655560a1,-82,,0,0,,0
22:24:22,26.0,0,043937778c25f39fe803bcefc6145e86cc87e96be9cf1eb591f67e8d7298238d,-85,,0,0,,0
22:24:23,26.0,0,cf22a23b74b71c53afebd9028af5f7ceb3792c968ca95a07c2a889882b5689e5,-71,,0,0,12.0,0
22:24:23,6.0,0,7339b99184c81c9acae50d081b1cc54a08d737d81a9180c22edf8d3d27d64009,-92,,0,0,,0
22:24:24,26.0,0,043937778c25f39fe803bcefc6145e86cc87e96be9cf1eb591f67e8d7298238d,-85,,0,0,,0
22:24:25,26.0,0,a1647abad885016bc50d285cf1575d69ba81f7a3bb178a5dee25b3c5a18e0ff7,-87,,0,0,12.0,0
22:24:26,26.0,0,da0291c3997eeee3f80a02b572057345243553bf856c5f5a1642da77bfe16ef6,-78,,0,0,8.0,0
22:24:26,26.0,0,da0291c3997eeee3f80a02b572057345243553bf856c5f5a1642da77bfe16ef6,-82,,0,0,8.0,0
22:24:27,26.0,0,5dd8350ed7a7ba26958fd9cc97e9a9591fc120027d94cde3b0bc634de8928aa4,-87,,0,0,7.0,0
22:24:28,26.0,0,da0291c3997eeee3f80a02b572057345243553bf856c5f5a1642da77bfe16ef6,-80,,0,0,8.0,0
22:24:29,26.0,0,cf22a23b74b71c53afebd9028af5f7ceb3792c968ca95a07c2a889882b5689e5,-70,,0,0,12.0,0
22:24:30,26.0,0,b91bfd7ea09580c0c278066b9bfba0ad0fc8d648f81de611b33f822e1a8ded90,-91,,0,0,,0
22:24:30,26.0,0,a1647abad885016bc50d285cf1575d69ba81f7a3bb178a5dee25b3c5a18e0ff7,-89,,0,0,12.0,0
22:24:31,26.0,0,cf22a23b74b71c53afebd9028af5f7ceb3792c968ca95a07c2a889882b5689e5,-71,,0,0,12.0,0
22:24:32,,0,a6a7dca8695b55afe089a81b428f71b5663090716f2424354fc2b8c22360660c,-65,,0,0,,0
22:24:33,6.0,0,aa1c1c1ecff1fde1bc284d0ec7c8c938f62d5e8c7b8f34a4e8683de8c2c0d402,-91,Rb20,0,0,,0
22:24:33,26.0,0,a1bfa649a45e7a7db01f1abbf08e6d0e0186ff7582573209446d3e100b4b430c,-88,,0,0,12.0,0
22:24:34,26.0,0,5dd8350ed7a7ba26958fd9cc97e9a9591fc120027d94cde3b0bc634de8928aa4,-83,,0,0,7.0,0
22:24:35,,0,36036df05f96edc11c7c40c22600015995e1f0028ca27661775e7cda4788070d,-84,,0,0,,0
22:24:36,,0,a6a7dca8695b55afe089a81b428f71b5663090716f2424354fc2b8c22360660c,-75,,0,0,,0
22:24:37,26.0,0,da0291c3997eeee3f80a02b572057345243553bf856c5f5a1642da77bfe16ef6,-82,,0,0,8.0,0
22:24:37,6.0,0,aa1c1c1ecff1fde1bc284d0ec7c8c938f62d5e8c7b8f34a4e8683de8c2c0d402,-86,Rb20,0,0,,0
22:24:38,26.0,0,5dd8350ed7a7ba26958fd9cc97e9a9591fc120027d94cde3b0bc634de8928aa4,-84,,0,0,7.0,0
22:24:39,26.0,0,b91bfd7ea09580c0c278066b9bfba0ad0fc8d648f81de611b33f822e1a8ded90,-93,,0,0,,0
22:24:40,26.0,0,b91bfd7ea09580c0c278066b9bfba0ad0fc8d648f81de611b33f822e1a8ded90,-100,,0,0,,0
22:24:41,26.0,0,da0291c3997eeee3f80a02b572057345243553bf856c5f5a1642da77bfe16ef6,-81,,0,0,8.0,0
22:24:41,26.0,0,cf22a23b74b71c53afebd9028af5f7ceb3792c968ca95a07c2a889882b5689e5,-74,,0,0,12.0,0
22:24:42,26.0,0,5dd8350ed7a7ba26958fd9cc97e9a9591fc120027d94cde3b0bc634de8928aa4,-81,,0,0,7.0,0
22:24:43,26.0,0,da0291c3997eeee3f80a02b572057345243553bf856c5f5a1642da77bfe16ef6,-84,,0,0,8.0,0
22:24:44,,0,25d3fa52805804e076e764d235007b231b01e48fba4136878ab38619d37fe4d5,-78,,0,0,,0
22:24:44,26.0,0,5dd8350ed7a7ba26958fd9cc97e9a9591fc120027d94cde3b0bc634de8928aa4,-85,,0,0,7.0,0
22:24:45,26.0,0,6ac41e7eaa21b1be3099c60f02a829d49013d2509e3bf1243d620a59f7d60c5a,-83,,0,0,12.0,0
22:24:46,26.0,0,da0291c3997eeee3f80a02b572057345243553bf856c5f5a1642da77bfe16ef6,-82,,0,0,8.0,0
22:24:47,26.0,0,043937778c25f39fe803bcefc6145e86cc87e96be9cf1eb591f67e8d7298238d,-81,,0,0,6.0,0
22:24:48,26.0,0,cf22a23b74b71c53afebd9028af5f7ceb3792c968ca95a07c2a889882b5689e5,-69,,0,0,12.0,0
22:24:48,26.0,0,cf22a23b74b71c53afebd9028af5f7ceb3792c968ca95a07c2a889882b5689e5,-78,,0,0,12.0,0
22:24:49,26.0,0,5dd8350ed7a7ba26958fd9cc97e9a9591fc120027d94cde3b0bc634de8928aa4,-70,,0,0,7.0,0
22:24:50,,0,a6a7dca8695b55afe089a81b428f71b5663090716f2424354fc2b8c22360660c,-64,,0,0,,0
22:24:51,26.0,0,db161b51e825dacab043a8346d51f476015ee5628fc9cf36bea3e2eb92ddfa4d,-93,,0,0,,0
22:24:51,26.0,0,da0291c3997eeee3f80a02b572057345243553bf856c5f5a1642da77bfe16ef6,-79,,0,0,8.0,0
22:24:52,26.0,0,5dd8350ed7a7ba26958fd9cc97e9a9591fc120027d94cde3b0bc634de8928aa4,-83,,0,0,7.0,0
22:24:53,26.0,0,cf22a23b74b71c53afebd9028af5f7ceb3792c968ca95a07c2a889882b5689e5,-74,,0,0,12.0,0
22:24:54,26.0,0,cf22a23b74b71c53afebd9028af5f7ceb3792c968ca95a07c2a889882b5689e5,-64,,0,0,12.0,0
22:24:55,6.0,0,aa1c1c1ecff1fde1bc284d0ec7c8c938f62d5e8c7b8f34a4e8683de8c2c0d402,-85,Rb20,0,0,,0
22:24:55,26.0,0,da0291c3997eeee3f80a02b572057345243553bf856c5f5a1642da77bfe16ef6,-82,,0,0,8.0,0
22:24:56,26.0,0,043937778c25f39fe803bcefc6145e86cc87e96be9cf1eb591f67e8d7298238d,-83,,0,0,6.0,0
22:24:57,26.0,0,043937778c25f39fe803bcefc6145e86cc87e96be9cf1eb591f67e8d7298238d,-78,,0,0,6.0,0
22:24:58,26.0,0,da0291c3997eeee3f80a02b572057345243553bf856c5f5a1642da77bfe16ef6,-82,,0,0,8.0,0
22:24:58,26.0,0,e807abb8f3eac32f937b0b15638627899f7a0ac88a8e0ee0271098c99cc1a639,-82,,0,0,,0
22:24:59,26.0,0,cf22a23b74b71c53afebd9028af5f7ceb3792c968ca95a07c2a889882b5689e5,-65,,0,0,12.0,0
22:25:00,26.0,0,da0291c3997eeee3f80a02b572057345243553bf856c5f5a1642da77bfe16ef6,-82,,0,0,8.0,0
22:25:01,6.0,0,aa1c1c1ecff1fde1bc284d0ec7c8c938f62d5e8c7b8f34a4e8683de8c2c0d402,-91,Rb20,0,0,,0
22:25:02,26.0,0,5dd8350ed7a7ba26958fd9cc97e9a9591fc120027d94cde3b0bc634de8928aa4,-85,,0,0,7.0,0
22:25:02,26.0,0,043937778c25f39fe803bcefc6145e86cc87e96be9cf1eb591f67e8d7298238d,-77,,0,0,,0
22:25:03,26.0,0,5dd8350ed7a7ba26958fd9cc97e9a9591fc120027d94cde3b0bc634de8928aa4,-84,,0,0,7.0,0
22:25:04,26.0,0,e807abb8f3eac32f937b0b15638627899f7a0ac88a8e0ee0271098c99cc1a639,-79,,0,0,,0
22:25:05,26.0,0,cf22a23b74b71c53afebd9028af5f7ceb3792c968ca95a07c2a889882b5689e5,-77,,0,0,12.0,0
22:25:06,6.0,0,aa1c1c1ecff1fde1bc284d0ec7c8c938f62d5e8c7b8f34a4e8683de8c2c0d402,-88,Rb20,0,0,,0
22:25:06,26.0,0,e807abb8f3eac32f937b0b15638627899f7a0ac88a8e0ee0271098c99cc1a639,-78,,0,0,,0
22:25:07,26.0,0,e807abb8f3eac32f937b0b15638627899f7a0ac88a8e0ee0271098c99cc1a639,-79,,0,0,,0
22:25:08,26.0,0,da0291c3997eeee3f80a02b572057345243553bf856c5f5a1642da77bfe16ef6,-80,,0,0,8.0,0
22:25:09,26.0,0,5dd8350ed7a7ba26958fd9cc97e9a9591fc120027d94cde3b0bc634de8928aa4,-85,,0,0,7.0,0
22:25:09,26.0,0,cf22a23b74b71c53afebd9028af5f7ceb3792c968ca95a07c2a889882b5689e5,-68,,0,0,12.0,0
22:25:10,26.0,0,da0291c3997eeee3f80a02b572057345243553bf856c5f5a1642da77bfe16ef6,-82,,0,0,8.0,0
22:25:11,26.0,0,cf22a23b74b71c53afebd9028af5f7ceb3792c968ca95a07c2a889882b5689e5,-72,,0,0,12.0,0
22:25:12,26.0,0,e807abb8f3eac32f937b0b15638627899f7a0ac88a8e0ee0271098c99cc1a639,-78,,0,0,,0
22:25:13,26.0,0,a1bfa649a45e7a7db01f1abbf08e6d0e0186ff7582573209446d3e100b4b430c,-90,,0,0,12.0,0
22:25:13,,0,513365d9991ecea144e8802e2f14c277320289eab3d232f0b22a2af4aa5389c5,-94,,0,0,,0
22:25:14,,0,58e2c1c8b0cdc2072d3553ebceb8faa215465d4d0ff30704bc71b8a3d0df139e,-93,,0,0,,0
22:25:15,26.0,0,043937778c25f39fe803bcefc6145e86cc87e96be9cf1eb591f67e8d7298238d,-79,,0,0,6.0,0
22:25:16,26.0,0,043937778c25f39fe803bcefc6145e86cc87e96be9cf1eb591f67e8d7298238d,-86,,0,0,6.0,0
22:25:16,6.0,0,aa1c1c1ecff1fde1bc284d0ec7c8c938f62d5e8c7b8f34a4e8683de8c2c0d402,-88,Rb20,0,0,,0
22:25:17,26.0,0,cf22a23b74b71c53afebd9028af5f7ceb3792c968ca95a07c2a889882b5689e5,-68,,0,0,12.0,0
22:25:18,26.0,0,da0291c3997eeee3f80a02b572057345243553bf856c5f5a1642da77bfe16ef6,-81,,0,0,8.0,0
22:25:19,2.0,0,d9bea27bd61f0ccc026547da7fed0cf3e8efdeac5506d2b473124f68555019e6,-81,,0,0,,0
22:25:20,26.0,0,e807abb8f3eac32f937b0b15638627899f7a0ac88a8e0ee0271098c99cc1a639,-84,,0,0,,0
22:25:20,26.0,0,da0291c3997eeee3f80a02b572057345243553bf856c5f5a1642da77bfe16ef6,-85,,0,0,8.0,0
22:25:21,,0,f2dd99ee4d874fa3e68f000825140002d4a8487772358f0d4878137a655560a1,-84,,0,0,,0
22:25:22,26.0,0,da0291c3997eeee3f80a02b572057345243553bf856c5f5a1642da77bfe16ef6,-89,,0,0,8.0,0
22:25:23,26.0,0,cf22a23b74b71c53afebd9028af5f7ceb3792c968ca95a07c2a889882b5689e5,-74,,0,0,12.0,0
22:25:23,26.0,0,cf22a23b74b71c53afebd9028af5f7ceb3792c968ca95a07c2a889882b5689e5,-64,,0,0,12.0,0
22:25:24,26.0,0,e807abb8f3eac32f937b0b15638627899f7a0ac88a8e0ee0271098c99cc1a639,-86,,0,0,,0
22:25:25,26.0,0,043937778c25f39fe803bcefc6145e86cc87e96be9cf1eb591f67e8d7298238d,-77,,0,0,6.0,0
22:25:26,26.0,0,6ac41e7eaa21b1be3099c60f02a829d49013d2509e3bf1243d620a59f7d60c5a,-84,,0,0,12.0,0
22:25:27,26.0,0,043937778c25f39fe803bcefc6145e86cc87e96be9cf1eb591f67e8d7298238d,-77,,0,0,6.0,0
22:25:27,26.0,0,e807abb8f3eac32f937b0b15638627899f7a0ac88a8e0ee0271098c99cc1a639,-77,,0,0,,0
22:25:28,26.0,0,5dd8350ed7a7ba26958fd9cc97e9a9591fc120027d94cde3b0bc634de8928aa4,-92,,0,0,7.0,0
22:25:29,26.0,0,cf22a23b74b71c53afebd9028af5f7ceb3792c968ca95a07c2a889882b5689e5,-68,,0,0,12.0,0
22:25:30,,0,25d3fa52805804e076e764d235007b231b01e48fba4136878ab38619d37fe4d5,-84,,0,0,,0
22:25:30,26.0,0,e807abb8f3eac32f937b0b15638627899f7a0ac88a8e0ee0271098c99cc1a639,-75,,0,0,,0
22:25:31,26.0,0,da0291c3997eeee3f80a02b572057345243553bf856c5f5a1642da77bfe16ef6,-83,,0,0,8.0,0
22:25:32,26.0,0,a1647abad885016bc50d285cf1575d69ba81f7a3bb178a5dee25b3c5a18e0ff7,-89,,0,0,12.0,0
22:25:33,26.0,0,e807abb8f3eac32f937b0b15638627899f7a0ac88a8e0ee0271098c99cc1a639,-78,,0,0,,0
22:25:34,26.0,0,e807abb8f3eac32f937b0b15638627899f7a0ac88a8e0ee0271098c99cc1a639,-88,,0,0,,0
22:25:34,26.0,0,da0291c3997eeee3f80a02b572057345243553bf856c5f5a1642da77bfe16ef6,-85,,0,0,8.0,0
22:25:35,,0,f2dd99ee4d874fa3e68f000825140002d4a8487772358f0d4878137a655560a1,-86,,0,0,,0
22:25:36,26.0,0,5dd8350ed7a7ba26958fd9cc97e9a9591fc120027d94cde3b0bc634de8928aa4,-79,,0,0,7.0,0
22:25:37,26.0,0,da0291c3997eeee3f80a02b572057345243553bf856c5f5a1642da77bfe16ef6,-79,,0,0,8.0,0
22:25:38,6.0,0,126b42f0bbe076a44bfa22687029460246b9b931419f5aacba85a7945c93bedb,-90,Rb22,0,0,,0
22:25:38,26.0,0,6ac41e7eaa21b1be3099c60f02a829d49013d2509e3bf1243d620a59f7d60c5a,-84,,0,0,12.0,0
22:25:39,26.0,0,043937778c25f39fe803bcefc6145e86cc87e96be9cf1eb591f67e8d7298238d,-82,,0,0,6.0,0
22:25:40,,0,a87239e3ea4acec20cd3f554d87fe7489ed16f06788706f29d38e0802312609a,-96,,0,0,,0
22:25:41,26.0,0,cf22a23b74b71c53afebd9028af5f7ceb3792c968ca95a07c2a889882b5689e5,-76,,0,0,12.0,0
22:25:41,26.0,0,6ac41e7eaa21b1be3099c60f02a829d49013d2509e3bf1243d620a59f7d60c5a,-84,,0,0,12.0,0
22:25:42,26.0,0,cf22a23b74b71c53afebd9028af5f7ceb3792c968ca95a07c2a889882b5689e5,-74,,0,0,12.0,0
22:25:43,26.0,0,a1bfa649a45e7a7db01f1abbf08e6d0e0186ff7582573209446d3e100b4b430c,-86,,0,0,12.0,0
22:25:44,26.0,0,da0291c3997eeee3f80a02b572057345243553bf856c5f5a1642da77bfe16ef6,-81,,0,0,8.0,0
22:25:45,26.0,0,6ac41e7eaa21b1be3099c60f02a829d49013d2509e3bf1243d620a59f7d60c5a,-88,,0,0,12.0,0
22:25:45,26.0,0,cf22a23b74b71c53afebd9028af5f7ceb3792c968ca95a07c2a889882b5689e5,-69,,0,0,12.0,0
22:25:46,26.0,0,da0291c3997eeee3f80a02b572057345243553bf856c5f5a1642da77bfe16ef6,-83,,0,0,8.0,0
22:25:47,26.0,0,cf22a23b74b71c53afebd9028af5f7ceb3792c968ca95a07c2a889882b5689e5,-69,,0,0,12.0,0
22:25:48,26.0,0,cf22a23b74b71c53afebd9028af5f7ceb3792c968ca95a07c2a889882b5689e5,-74,,0,0,12.0,0
22:25:48,26.0,0,cf22a23b74b71c53afebd9028af5f7ceb3792c968ca95a07c2a889882b5689e5,-67,,0,0,12.0,0
22:25:49,26.0,0,6ac41e7eaa21b1be3099c60f02a829d49013d2509e3bf1243d620a59f7d60c5a,-88,,0,0,12.0,0
22:25:50,,0,a6a7dca8695b55afe089a81b428f71b5663090716f2424354fc2b8c22360660c,-68,,0,0,,0
22:25:51,26.0,0,5dd8350ed7a7ba26958fd9cc97e9a9591fc120027d94cde3b0bc634de8928aa4,-78,,0,0,7.0,0
22:25:52,26.0,0,da0291c3997eeee3f80a02b572057345243553bf856c5f5a1642da77bfe16ef6,-80,,0,0,8.0,0
22:25:52,26.0,0,5dd8350ed7a7ba26958fd9cc97e9a9591fc120027d94cde3b0bc634de8928aa4,-77,,0,0,7.0,0
22:25:53,26.0,0,043937778c25f39fe803bcefc6145e86cc87e96be9cf1eb591f67e8d7298238d,-80,,0,0,6.0,0
22:25:54,26.0,0,cf22a23b74b71c53afebd9028af5f7ceb3792c968ca95a07c2a889882b5689e5,-71,,0,0,12.0,0
22:25:55,26.0,0,5dd8350ed7a7ba26958fd9cc97e9a9591fc120027d94cde3b0bc634de8928aa4,-81,,0,0,7.0,0
22:25:55,,0,86d339209204091c8de321e2c3508383e9bd4d85945d739ebcaed4c489d11369,-89,,0,0,,0
22:25:56,26.0,0,e807abb8f3eac32f937b0b15638627899f7a0ac88a8e0ee0271098c99cc1a639,-84,,0,0,,0
22:25:57,26.0,0,e807abb8f3eac32f937b0b15638627899f7a0ac88a8e0ee0271098c99cc1a639,-83,,0,0,,0
22:25:58,26.0,0,a1bfa649a45e7a7db01f1abbf08e6d0e0186ff7582573209446d3e100b4b430c,-85,,0,0,12.0,0
22:25:59,26.0,0,e807abb8f3eac32f937b0b15638627899f7a0ac88a8e0ee0271098c99cc1a639,-80,,0,0,,0
22:25:59,26.0,0,e807abb8f3eac32f937b0b15638627899f7a0ac88a8e0ee0271098c99cc1a639,-80,,0,0,,0
22:26:00,26.0,0,cf22a23b74b71c53afebd9028af5f7ceb3792c968ca95a07c2a889882b5689e5,-67,,0,0,12.0,0
22:26:01,26.0,0,e807abb8f3eac32f937b0b15638627899f7a0ac88a8e0ee0271098c99cc1a639,-80,,0,0,,0
22:26:02,6.0,0,aa1c1c1ecff1fde1bc284d0ec7c8c938f62d5e8c7b8f34a4e8683de8c2c0d402,-88,Rb20,0,0,,0
22:26:02,26.0,0,cf22a23b74b71c53afebd9028af5f7ceb3792c968ca95a07c2a889882b5689e5,-76,,0,0,12.0,0
22:26:03,26.0,0,6ac41e7eaa21b1be3099c60f02a829d49013d2509e3bf1243d620a59f7d60c5a,-86,,0,0,12.0,0
22:26:04,26.0,0,043937778c25f39fe803bcefc6145e86cc87e96be9cf1eb591f67e8d7298238d,-86,,0,0,6.0,0
22:26:05,26.0,0,da0291c3997eeee3f80a02b572057345243553bf856c5f5a1642da77bfe16ef6,-78,,0,0,8.0,0
22:26:06,26.0,0,5dd8350ed7a7ba26958fd9cc97e9a9591fc120027d94cde3b0bc634de8928aa4,-87,,0,0,7.0,0
22:26:06,6.0,0,126b42f0bbe076a44bfa22687029460246b9b931419f5aacba85a7945c93bedb,-83,Rb22,0,0,,0
22:26:07,26.0,0,043937778c25f39fe803bcefc6145e86cc87e96be9cf1eb591f67e8d7298238d,-81,,0,0,6.0,0
22:26:08,6.0,0,aa1c1c1ecff1fde1bc284d0ec7c8c938f62d5e8c7b8f34a4e8683de8c2c0d402,-86,Rb20,0,0,,0
22:26:09,26.0,0,e807abb8f3eac32f937b0b15638627899f7a0ac88a8e0ee0271098c99cc1a639,-83,,0,0,,0
22:26:10,26.0,0,a1bfa649a45e7a7db01f1abbf08e6d0e0186ff7582573209446d3e100b4b430c,-88,,0,0,12.0,0
22:26:10,26.0,0,da0291c3997eeee3f80a02b572057345243553bf856c5f5a1642da77bfe16ef6,-77,,0,0,8.0,0
22:26:11,26.0,0,da0291c3997eeee3f80a02b572057345243553bf856c5f5a1642da77bfe16ef6,-84,,0,0,8.0,0
22:26:12,6.0,0,aa1c1c1ecff1fde1bc284d0ec7c8c938f62d5e8c7b8f34a4e8683de8c2c0d402,-86,Rb20,0,0,,0
22:26:13,26.0,0,cf22a23b74b71c53afebd9028af5f7ceb3792c968ca95a07c2a889882b5689e5,-66,,0,0,12.0,0
22:26:13,26.0,0,cf22a23b74b71c53afebd9028af5f7ceb3792c968ca95a07c2a889882b5689e5,-68,,0,0,12.0,0
22:26:14,26.0,0,5dd8350ed7a7ba26958fd9cc97e9a9591fc120027d94cde3b0bc634de8928aa4,-87,,0,0,7.0,0
22:26:15,26.0,0,cf22a23b74b71c53afebd9028af5f7ceb3792c968ca95a07c2a889882b5689e5,-94,,0,0,12.0,0
22:26:16,26.0,0,da0291c3997eeee3f80a02b572057345243553bf856c5f5a1642da77bfe16ef6,-81,,0,0,8.0,0
22:26:17,26.0,0,6ac41e7eaa21b1be3099c60f02a829d49013d2509e3bf1243d620a59f7d60c5a,-83,,0,0,12.0,0
22:26:17,26.0,0,043937778c25f39fe803bcefc6145e86cc87e96be9cf1eb591f67e8d7298238d,-81,,0,0,6.0,0
22:26:18,26.0,0,5dd8350ed7a7ba26958fd9cc97e9a9591fc120027d94cde3b0bc634de8928aa4,-86,,0,0,7.0,0
22:26:19,26.0,0,da0291c3997eeee3f80a02b572057345243553bf856c5f5a1642da77bfe16ef6,-86,,0,0,8.0,0
22:26:20,,0,25d3fa52805804e076e764d235007b231b01e48fba4136878ab38619d37fe4d5,-76,,0,0,,0
22:26:20,26.0,0,043937778c25f39fe803bcefc6145e86cc87e96be9cf1eb591f67e8d7298238d,-82,,0,0,6.0,0
22:26:21,,0,f2dd99ee4d874fa3e68f000825140002d4a8487772358f0d4878137a655560a1,-81,,0,0,,0
22:26:22,26.0,0,7805946ef9977e585abca5e2fd2b8f0664f6903ea26c173a88140ec81a51be5f,-95,,0,0,7.0,0
22:26:23,26.0,0,e807abb8f3eac32f937b0b15638627899f7a0ac88a8e0ee0271098c99cc1a639,-82,,0,0,,0
22:26:24,26.0,0,e807abb8f3eac32f937b0b15638627899f7a0ac88a8e0ee0271098c99cc1a639,-83,,0,0,,0
22:26:24,26.0,0,e807abb8f3eac32f937b0b15638627899f7a0ac88a8e0ee0271098c99cc1a639,-83,,0,0,,0
22:26:25,26.0,0,e807abb8f3eac32f937b0b15638627899f7a0ac88a8e0ee0271098c99cc1a639,-78,,0,0,,0
22:26:26,26.0,0,e807abb8f3eac32f937b0b15638627899f7a0ac88a8e0ee0271098c99cc1a639,-87,,0,0,,0
22:26:27,26.0,0,da0291c3997eeee3f80a02b572057345243553bf856c5f5a1642da77bfe16ef6,-81,,0,0,8.0,0
22:26:27,26.0,0,cf22a23b74b71c53afebd9028af5f7ceb3792c968ca95a07c2a889882b5689e5,-75,,0,0,12.0,0
22:26:28,26.0,0,e807abb8f3eac32f937b0b15638627899f7a0ac88a8e0ee0271098c99cc1a639,-85,,0,0,,0
22:26:29,26.0,0,da0291c3997eeee3f80a02b572057345243553bf856c5f5a1642da77bfe16ef6,-86,,0,0,8.0,0
22:26:30,26.0,0,da0291c3997eeee3f80a02b572057345243553bf856c5f5a1642da77bfe16ef6,-79,,0,0,8.0,0
22:26:31,26.0,0,da0291c3997eeee3f80a02b572057345243553bf856c5f5a1642da77bfe16ef6,-85,,0,0,8.0,0
22:26:31,26.0,0,cf22a23b74b71c53afebd9028af5f7ceb3792c968ca95a07c2a889882b5689e5,-74,,0,0,12.0,0
22:26:32,26.0,0,6ac41e7eaa21b1be3099c60f02a829d49013d2509e3bf1243d620a59f7d60c5a,-84,,0,0,12.0,0
22:26:33,26.0,0,043937778c25f39fe803bcefc6145e86cc87e96be9cf1eb591f67e8d7298238d,-82,,0,0,6.0,0
22:26:34,26.0,0,da0291c3997eeee3f80a02b572057345243553bf856c5f5a1642da77bfe16ef6,-84,,0,0,8.0,0
22:26:34,26.0,0,043937778c25f39fe803bcefc6145e86cc87e96be9cf1eb591f67e8d7298238d,-80,,0,0,6.0,0
22:26:35,26.0,0,a1bfa649a45e7a7db01f1abbf08e6d0e0186ff7582573209446d3e100b4b430c,-91,,0,0,12.0,0
22:26:36,26.0,0,cf22a23b74b71c53afebd9028af5f7ceb3792c968ca95a07c2a889882b5689e5,-74,,0,0,12.0,0
22:26:37,26.0,0,5dd8350ed7a7ba26958fd9cc97e9a9591fc120027d94cde3b0bc634de8928aa4,-89,,0,0,7.0,0
22:26:38,26.0,0,043937778c25f39fe803bcefc6145e86cc87e96be9cf1eb591f67e8d7298238d,-77,,0,0,6.0,0
22:26:38,26.0,0,da0291c3997eeee3f80a02b572057345243553bf856c5f5a1642da77bfe16ef6,-80,,0,0,8.0,0
22:26:39,6.0,0,aa1c1c1ecff1fde1bc284d0ec7c8c938f62d5e8c7b8f34a4e8683de8c2c0d402,-85,Rb20,0,0,,0
22:26:40,,0,a6a7dca8695b55afe089a81b428f71b5663090716f2424354fc2b8c22360660c,-83,,0,0,,0
22:26:41,26.0,0,5dd8350ed7a7ba26958fd9cc97e9a9591fc120027d94cde3b0bc634de8928aa4,-85,,0,0,7.0,0
22:26:42,26.0,0,da0291c3997eeee3f80a02b572057345243553bf856c5f5a1642da77bfe16ef6,-77,,0,0,8.0,0
22:26:42,26.0,0,6ac41e7eaa21b1be3099c60f02a829d49013d2509e3bf1243d620a59f7d60c5a,-86,,0,0,12.0,0
22:26:43,26.0,0,5dd8350ed7a7ba26958fd9cc97e9a9591fc120027d94cde3b0bc634de8928aa4,-84,,0,0,7.0,0
22:26:44,26.0,0,043937778c25f39fe803bcefc6145e86cc87e96be9cf1eb591f67e8d7298238d,-80,,0,0,6.0,0
22:26:45,,0,36036df05f96edc11c7c40c22600015995e1f0028ca27661775e7cda4788070d,-78,,0,0,,0
22:26:45,26.0,0,cf22a23b74b71c53afebd9028af5f7ceb3792c968ca95a07c2a889882b5689e5,-74,,0,0,12.0,0
22:26:46,26.0,0,6ac41e7eaa21b1be3099c60f02a829d49013d2509e3bf1243d620a59f7d60c5a,-82,,0,0,12.0,0
22:26:47,26.0,0,a1bfa649a45e7a7db01f1abbf08e6d0e0186ff7582573209446d3e100b4b430c,-90,,0,0,12.0,0
22:26:48,,0,25d3fa52805804e076e764d235007b231b01e48fba4136878ab38619d37fe4d5,-84,,0,0,,0
22:26:49,26.0,0,5dd8350ed7a7ba26958fd9cc97e9a9591fc120027d94cde3b0bc634de8928aa4,-72,,0,0,7.0,0
22:26:49,26.0,0,cf22a23b74b71c53afebd9028af5f7ceb3792c968ca95a07c2a889882b5689e5,-74,,0,0,12.0,0
22:26:50,26.0,0,a1bfa649a45e7a7db01f1abbf08e6d0e0186ff7582573209446d3e100b4b430c,-87,,0,0,12.0,0
22:26:51,26.0,0,5dd8350ed7a7ba26958fd9cc97e9a9591fc120027d94cde3b0bc634de8928aa4,-68,,0,0,7.0,0
22:26:52,26.0,0,cf22a23b74b71c53afebd9028af5f7ceb3792c968ca95a07c2a889882b5689e5,-73,,0,0,12.0,0
22:26:53,26.0,0,da0291c3997eeee3f80a02b572057345243553bf856c5f5a1642da77bfe16ef6,-80,,0,0,8.0,0
22:26:53,26.0,0,5dd8350ed7a7ba26958fd9cc97e9a9591fc120027d94cde3b0bc634de8928aa4,-84,,0,0,7.0,0
22:26:54,26.0,0,6b5d5b9552fdbc14199252247224ff739f734aaf035fc38a124add62e039df94,-80,,0,0,7.0,0
22:26:55,26.0,0,6ac41e7eaa21b1be3099c60f02a829d49013d2509e3bf1243d620a59f7d60c5a,-85,,0,0,12.0,0
22:26:56,26.0,0,cf22a23b74b71c53afebd9028af5f7ceb3792c968ca95a07c2a889882b5689e5,-69,,0,0,12.0,0
22:26:56,26.0,0,cf22a23b74b71c53afebd9028af5f7ceb3792c968ca95a07c2a889882b5689e5,-75,,0,0,12.0,0
22:26:57,26.0,0,6b5d5b9552fdbc14199252247224ff739f734aaf035fc38a124add62e039df94,-84,,0,0,7.0,0
22:26:58,26.0,0,cf22a23b74b71c53afebd9028af5f7ceb3792c968ca95a07c2a889882b5689e5,-74,,0,0,12.0,0
22:26:59,26.0,0,a1bfa649a45e7a7db01f1abbf08e6d0e0186ff7582573209446d3e100b4b430c,-85,,0,0,12.0,0
22:27:00,26.0,0,6b5d5b9552fdbc14199252247224ff739f734aaf035fc38a124add62e039df94,-80,,0,0,7.0,0
22:27:00,26.0,0,5dd8350ed7a7ba26958fd9cc97e9a9591fc120027d94cde3b0bc634de8928aa4,-66,,0,0,7.0,0
22:27:01,26.0,0,da0291c3997eeee3f80a02b572057345243553bf856c5f5a1642da77bfe16ef6,-80,,0,0,8.0,0
22:27:02,26.0,0,5dd8350ed7a7ba26958fd9cc97e9a9591fc120027d94cde3b0bc634de8928aa4,-64,,0,0,7.0,0
22:27:03,26.0,0,da0291c3997eeee3f80a02b572057345243553bf856c5f5a1642da77bfe16ef6,-82,,0,0,8.0,0
22:27:03,26.0,0,e807abb8f3eac32f937b0b15638627899f7a0ac88a8e0ee0271098c99cc1a639,-81,,0,0,,0
22:27:04,26.0,0,e807abb8f3eac32f937b0b15638627899f7a0ac88a8e0ee0271098c99cc1a639,-86,,0,0,,0
22:27:05,26.0,0,e807abb8f3eac32f937b0b15638627899f7a0ac88a8e0ee0271098c99cc1a639,-84,,0,0,,0
22:27:06,,0,25d3fa52805804e076e764d235007b231b01e48fba4136878ab38619d37fe4d5,-78,,0,0,,0
22:27:07,26.0,0,b91bfd7ea09580c0c278066b9bfba0ad0fc8d648f81de611b33f822e1a8ded90,-91,,0,0,,0
22:27:07,,0,f2dd99ee4d874fa3e68f000825140002d4a8487772358f0d4878137a655560a1,-79,,0,0,,0
22:27:08,26.0,0,e807abb8f3eac32f937b0b15638627899f7a0ac88a8e0ee0271098c99cc1a639,-85,,0,0,,0
22:27:09,26.0,0,a1bfa649a45e7a7db01f1abbf08e6d0e0186ff7582573209446d3e100b4b430c,-83,,0,0,,0
22:27:10,26.0,0,a1bfa649a45e7a7db01f1abbf08e6d0e0186ff7582573209446d3e100b4b430c,-87,,0,0,,0
22:27:10,26.0,0,f8bfecd1fa68afd9ecafe4ad0de29bcc78b11ce9fbc6ab06822f539dc5277b5c,-85,,0,0,,0
22:27:11,26.0,0,f8bfecd1fa68afd9ecafe4ad0de29bcc78b11ce9fbc6ab06822f539dc5277b5c,-88,,0,0,,0
22:27:12,26.0,0,e807abb8f3eac32f937b0b15638627899f7a0ac88a8e0ee0271098c99cc1a639,-85,,0,0,,0
22:27:13,26.0,0,6b5d5b9552fdbc14199252247224ff739f734aaf035fc38a124add62e039df94,-81,,0,0,7.0,0
22:27:14,26.0,0,401ab454386bf7da8ad61e694908f1597ccc4d71da6a6b4572a6bf31997b273c,-79,,0,0,8.0,0
22:27:14,26.0,0,e807abb8f3eac32f937b0b15638627899f7a0ac88a8e0ee0271098c99cc1a639,-86,,0,0,,0
22:27:15,26.0,0,5dd8350ed7a7ba26958fd9cc97e9a9591fc120027d94cde3b0bc634de8928aa4,-64,,0,0,7.0,0
22:27:16,26.0,0,6b5d5b9552fdbc14199252247224ff739f734aaf035fc38a124add62e039df94,-75,,0,0,7.0,0
22:27:17,26.0,0,e807abb8f3eac32f937b0b15638627899f7a0ac88a8e0ee0271098c99cc1a639,-81,,0,0,,0
22:27:17,26.0,0,e807abb8f3eac32f937b0b15638627899f7a0ac88a8e0ee0271098c99cc1a639,-92,,0,0,,0
22:27:18,26.0,0,e807abb8f3eac32f937b0b15638627899f7a0ac88a8e0ee0271098c99cc1a639,-90,,0,0,,0
22:27:19,26.0,0,7805946ef9977e585abca5e2fd2b8f0664f6903ea26c173a88140ec81a51be5f,-92,,0,0,,0
22:27:20,26.0,0,043937778c25f39fe803bcefc6145e86cc87e96be9cf1eb591f67e8d7298238d,-85,,0,0,6.0,0
22:27:21,26.0,0,cf22a23b74b71c53afebd9028af5f7ceb3792c968ca95a07c2a889882b5689e5,-70,,0,0,12.0,0
22:27:21,,0,f2dd99ee4d874fa3e68f000825140002d4a8487772358f0d4878137a655560a1,-80,,0,0,,0
22:27:22,26.0,0,e807abb8f3eac32f937b0b15638627899f7a0ac88a8e0ee0271098c99cc1a639,-88,,0,0,,0
22:27:23,26.0,0,e807abb8f3eac32f937b0b15638627899f7a0ac88a8e0ee0271098c99cc1a639,-87,,0,0,,0
22:27:24,,0,25d3fa52805804e076e764d235007b231b01e48fba4136878ab38619d37fe4d5,-78,,0,0,,0
22:27:24,26.0,0,6b5d5b9552fdbc14199252247224ff739f734aaf035fc38a124add62e039df94,-81,,0,0,7.0,0
22:27:25,,0,a6a7dca8695b55afe089a81b428f71b5663090716f2424354fc2b8c22360660c,-81,,0,0,,0
22:27:26,26.0,0,401ab454386bf7da8ad61e694908f1597ccc4d71da6a6b4572a6bf31997b273c,-82,,0,0,8.0,0
22:27:27,26.0,0,cf22a23b74b71c53afebd9028af5f7ceb3792c968ca95a07c2a889882b5689e5,-71,,0,0,12.0,0
22:27:28,,0,25d3fa52805804e076e764d235007b231b01e48fba4136878ab38619d37fe4d5,-87,,0,0,,0
22:27:28,26.0,0,6b5d5b9552fdbc14199252247224ff739f734aaf035fc38a124add62e039df94,-82,,0,0,7.0,0
22:27:29,26.0,0,5dd8350ed7a7ba26958fd9cc97e9a9591fc120027d94cde3b0bc634de8928aa4,-75,,0,0,7.0,0
22:27:30,26.0,0,e807abb8f3eac32f937b0b15638627899f7a0ac88a8e0ee0271098c99cc1a639,-84,,0,0,,0
22:27:31,26.0,0,043937778c25f39fe803bcefc6145e86cc87e96be9cf1eb591f67e8d7298238d,-83,,0,0,6.0,0
22:27:32,26.0,0,401ab454386bf7da8ad61e694908f1597ccc4d71da6a6b4572a6bf31997b273c,-84,,0,0,8.0,0
22:27:32,26.0,0,e807abb8f3eac32f937b0b15638627899f7a0ac88a8e0ee0271098c99cc1a639,-82,,0,0,,0
22:27:33,26.0,0,e807abb8f3eac32f937b0b15638627899f7a0ac88a8e0ee0271098c99cc1a639,-82,,0,0,,0
22:27:34,26.0,0,cf22a23b74b71c53afebd9028af5f7ceb3792c968ca95a07c2a889882b5689e5,-70,,0,0,12.0,0
22:27:35,,0,86d339209204091c8de321e2c3508383e9bd4d85945d739ebcaed4c489d11369,-90,,0,0,,0
22:27:35,,0,f2dd99ee4d874fa3e68f000825140002d4a8487772358f0d4878137a655560a1,-80,,0,0,,0
22:27:36,26.0,0,401ab454386bf7da8ad61e694908f1597ccc4d71da6a6b4572a6bf31997b273c,-83,,0,0,8.0,0
22:27:37,26.0,0,401ab454386bf7da8ad61e694908f1597ccc4d71da6a6b4572a6bf31997b273c,-86,,0,0,8.0,0
22:27:38,26.0,0,a1bfa649a45e7a7db01f1abbf08e6d0e0186ff7582573209446d3e100b4b430c,-85,,0,0,,0
22:27:39,26.0,0,6b5d5b9552fdbc14199252247224ff739f734aaf035fc38a124add62e039df94,-84,,0,0,7.0,0
22:27:39,26.0,0,e807abb8f3eac32f937b0b15638627899f7a0ac88a8e0ee0271098c99cc1a639,-86,,0,0,,0
22:27:40,26.0,0,043937778c25f39fe803bcefc6145e86cc87e96be9cf1eb591f67e8d7298238d,-79,,0,0,6.0,0
22:27:41,,0,86d339209204091c8de321e2c3508383e9bd4d85945d739ebcaed4c489d11369,-89,,0,0,,0
22:27:42,26.0,0,e807abb8f3eac32f937b0b15638627899f7a0ac88a8e0ee0271098c99cc1a639,-80,,0,0,,0
22:27:42,26.0,0,e807abb8f3eac32f937b0b15638627899f7a0ac88a8e0ee0271098c99cc1a639,-78,,0,0,,0
22:27:43,26.0,0,401ab454386bf7da8ad61e694908f1597ccc4d71da6a6b4572a6bf31997b273c,-79,,0,0,8.0,0
22:27:44,26.0,0,cf22a23b74b71c53afebd9028af5f7ceb3792c968ca95a07c2a889882b5689e5,-72,,0,0,12.0,0
22:27:45,26.0,0,5dd8350ed7a7ba26958fd9cc97e9a9591fc120027d94cde3b0bc634de8928aa4,-66,,0,0,7.0,0
22:27:46,26.0,0,7805946ef9977e585abca5e2fd2b8f0664f6903ea26c173a88140ec81a51be5f,-92,,0,0,,0
22:27:46,26.0,0,043937778c25f39fe803bcefc6145e86cc87e96be9cf1eb591f67e8d7298238d,-87,,0,0,6.0,0
22:27:47,26.0,0,e807abb8f3eac32f937b0b15638627899f7a0ac88a8e0ee0271098c99cc1a639,-81,,0,0,,0
22:27:48,26.0,0,a1bfa649a45e7a7db01f1abbf08e6d0e0186ff7582573209446d3e100b4b430c,-87,,0,0,,0
22:27:49,26.0,0,5dd8350ed7a7ba26958fd9cc97e9a9591fc120027d94cde3b0bc634de8928aa4,-71,,0,0,7.0,0
22:27:49,26.0,0,a1bfa649a45e7a7db01f1abbf08e6d0e0186ff7582573209446d3e100b4b430c,-87,,0,0,,0
22:27:50,26.0,0,cf22a23b74b71c53afebd9028af5f7ceb3792c968ca95a07c2a889882b5689e5,-72,,0,0,12.0,0
22:27:51,26.0,0,401ab454386bf7da8ad61e694908f1597ccc4d71da6a6b4572a6bf31997b273c,-84,,0,0,8.0,0
22:27:52,,0,25d3fa52805804e076e764d235007b231b01e48fba4136878ab38619d37fe4d5,-79,,0,0,,0
22:27:53,26.0,0,a1bfa649a45e7a7db01f1abbf08e6d0e0186ff7582573209446d3e100b4b430c,-87,,0,0,,0
22:27:53,,0,6c8f3770fa3df37577ab160d3abfad3651d2d81f402cd27d86cef56a4313ee16,-93,,0,0,,0
22:27:54,26.0,0,7805946ef9977e585abca5e2fd2b8f0664f6903ea26c173a88140ec81a51be5f,-90,,0,0,,0
22:27:55,,0,86d339209204091c8de321e2c3508383e9bd4d85945d739ebcaed4c489d11369,-89,,0,0,,0
22:27:56,26.0,0,e807abb8f3eac32f937b0b15638627899f7a0ac88a8e0ee0271098c99cc1a639,-80,,0,0,,0
22:27:57,26.0,0,6b5d5b9552fdbc14199252247224ff739f734aaf035fc38a124add62e039df94,-93,,0,0,7.0,0
22:27:57,26.0,0,6b5d5b9552fdbc14199252247224ff739f734aaf035fc38a124add62e039df94,-79,,0,0,7.0,0
22:27:58,26.0,0,043937778c25f39fe803bcefc6145e86cc87e96be9cf1eb591f67e8d7298238d,-84,,0,0,6.0,0
22:27:59,,0,86d339209204091c8de321e2c3508383e9bd4d85945d739ebcaed4c489d11369,-86,,0,0,,0
22:28:00,26.0,0,6ac41e7eaa21b1be3099c60f02a829d49013d2509e3bf1243d620a59f7d60c5a,-86,,0,0,12.0,0
22:28:00,6.0,0,aa1c1c1ecff1fde1bc284d0ec7c8c938f62d5e8c7b8f34a4e8683de8c2c0d402,-88,Rb20,0,0,,0
22:28:01,26.0,0,e807abb8f3eac32f937b0b15638627899f7a0ac88a8e0ee0271098c99cc1a639,-86,,0,0,,0
22:28:02,26.0,0,e807abb8f3eac32f937b0b15638627899f7a0ac88a8e0ee0271098c99cc1a639,-87,,0,0,,0
22:28:03,26.0,0,cf22a23b74b71c53afebd9028af5f7ceb3792c968ca95a07c2a889882b5689e5,-74,,0,0,12.0,0
22:28:04,26.0,0,cf22a23b74b71c53afebd9028af5f7ceb3792c968ca95a07c2a889882b5689e5,-82,,0,0,12.0,0
22:28:04,26.0,0,6b5d5b9552fdbc14199252247224ff739f734aaf035fc38a124add62e039df94,-80,,0,0,7.0,0
22:28:05,26.0,0,a1bfa649a45e7a7db01f1abbf08e6d0e0186ff7582573209446d3e100b4b430c,-89,,0,0,12.0,0
22:28:06,26.0,0,043937778c25f39fe803bcefc6145e86cc87e96be9cf1eb591f67e8d7298238d,-79,,0,0,6.0,0
22:28:07,26.0,0,5dd8350ed7a7ba26958fd9cc97e9a9591fc120027d94cde3b0bc634de8928aa4,-71,,0,0,7.0,0
22:28:07,26.0,0,5dd8350ed7a7ba26958fd9cc97e9a9591fc120027d94cde3b0bc634de8928aa4,-69,,0,0,7.0,0
22:28:08,26.0,0,6b5d5b9552fdbc14199252247224ff739f734aaf035fc38a124add62e039df94,-85,,0,0,7.0,0
22:28:09,26.0,0,401ab454386bf7da8ad61e694908f1597ccc4d71da6a6b4572a6bf31997b273c,-76,,0,0,8.0,0
22:28:10,,0,25d3fa52805804e076e764d235007b231b01e48fba4136878ab38619d37fe4d5,-77,,0,0,,0
22:28:11,26.0,0,9c66898629bb61c747f9d5f8ee5b83622837388bb0681a2e80e36a5ba800ba5e,-69,,0,0,12.0,0
22:28:11,26.0,0,5dd8350ed7a7ba26958fd9cc97e9a9591fc120027d94cde3b0bc634de8928aa4,-70,,0,0,7.0,0
22:28:12,26.0,0,6b5d5b9552fdbc14199252247224ff739f734aaf035fc38a124add62e039df94,-91,,0,0,7.0,0
22:28:13,26.0,0,5dd8350ed7a7ba26958fd9cc97e9a9591fc120027d94cde3b0bc634de8928aa4,-71,,0,0,7.0,0
22:28:14,,0,25d3fa52805804e076e764d235007b231b01e48fba4136878ab38619d37fe4d5,-81,,0,0,,0
22:28:14,26.0,0,043937778c25f39fe803bcefc6145e86cc87e96be9cf1eb591f67e8d7298238d,-81,,0,0,6.0,0
22:28:15,26.0,0,043937778c25f39fe803bcefc6145e86cc87e96be9cf1eb591f67e8d7298238d,-79,,0,0,6.0,0
22:28:16,26.0,0,a1bfa649a45e7a7db01f1abbf08e6d0e0186ff7582573209446d3e100b4b430c,-85,,0,0,12.0,0
22:28:17,26.0,0,9c66898629bb61c747f9d5f8ee5b83622837388bb0681a2e80e36a5ba800ba5e,-63,,0,0,12.0,0
22:28:18,,0,f2dd99ee4d874fa3e68f000825140002d4a8487772358f0d4878137a655560a1,-75,,0,0,,0
22:28:18,26.0,0,e807abb8f3eac32f937b0b15638627899f7a0ac88a8e0ee0271098c99cc1a639,-85,,0,0,,0
22:28:19,26.0,0,043937778c25f39fe803bcefc6145e86cc87e96be9cf1eb591f67e8d7298238d,-84,,0,0,6.0,0
22:28:20,26.0,0,b91bfd7ea09580c0c278066b9bfba0ad0fc8d648f81de611b33f822e1a8ded90,-89,,0,0,,0
22:28:21,26.0,0,b91bfd7ea09580c0c278066b9bfba0ad0fc8d648f81de611b33f822e1a8ded90,-89,,0,0,,0
22:28:22,26.0,0,6b5d5b9552fdbc14199252247224ff739f734aaf035fc38a124add62e039df94,-83,,0,0,7.0,0
22:28:22,,0,86d339209204091c8de321e2c3508383e9bd4d85945d739ebcaed4c489d11369,-84,,0,0,,0
22:28:23,26.0,0,e807abb8f3eac32f937b0b15638627899f7a0ac88a8e0ee0271098c99cc1a639,-90,,0,0,,0
22:28:24,,0,25d3fa52805804e076e764d235007b231b01e48fba4136878ab38619d37fe4d5,-84,,0,0,,0
22:28:25,26.0,0,401ab454386bf7da8ad61e694908f1597ccc4d71da6a6b4572a6bf31997b273c,-85,,0,0,8.0,0
22:28:25,26.0,0,e807abb8f3eac32f937b0b15638627899f7a0ac88a8e0ee0271098c99cc1a639,-90,,0,0,,0
22:28:26,26.0,0,6b5d5b9552fdbc14199252247224ff739f734aaf035fc38a124add62e039df94,-85,,0,0,7.0,0
22:28:27,26.0,0,5dd8350ed7a7ba26958fd9cc97e9a9591fc120027d94cde3b0bc634de8928aa4,-72,,0,0,7.0,0
22:28:28,6.0,0,aa1c1c1ecff1fde1bc284d0ec7c8c938f62d5e8c7b8f34a4e8683de8c2c0d402,-87,Rb20,0,0,,0
22:28:29,26.0,0,401ab454386bf7da8ad61e694908f1597ccc4d71da6a6b4572a6bf31997b273c,-85,,0,0,8.0,0
22:28:29,26.0,0,401ab454386bf7da8ad61e694908f1597ccc4d71da6a6b4572a6bf31997b273c,-82,,0,0,8.0,0
22:28:30,26.0,0,9c66898629bb61c747f9d5f8ee5b83622837388bb0681a2e80e36a5ba800ba5e,-76,,0,0,12.0,0
22:28:31,26.0,0,5dd8350ed7a7ba26958fd9cc97e9a9591fc120027d94cde3b0bc634de8928aa4,-68,,0,0,7.0,0
22:28:32,26.0,0,043937778c25f39fe803bcefc6145e86cc87e96be9cf1eb591f67e8d7298238d,-85,,0,0,6.0,0
22:28:32,26.0,0,e807abb8f3eac32f937b0b15638627899f7a0ac88a8e0ee0271098c99cc1a639,-85,,0,0,,0
22:28:33,26.0,0,e807abb8f3eac32f937b0b15638627899f7a0ac88a8e0ee0271098c99cc1a639,-91,,0,0,,0
22:28:34,26.0,0,6b5d5b9552fdbc14199252247224ff739f734aaf035fc38a124add62e039df94,-82,,0,0,7.0,0
22:28:35,26.0,0,e807abb8f3eac32f937b0b15638627899f7a0ac88a8e0ee0271098c99cc1a639,-84,,0,0,,0
22:28:36,26.0,0,5dd8350ed7a7ba26958fd9cc97e9a9591fc120027d94cde3b0bc634de8928aa4,-72,,0,0,7.0,0
22:28:36,,0,86d339209204091c8de321e2c3508383e9bd4d85945d739ebcaed4c489d11369,-89,,0,0,,0
22:28:37,26.0,0,e807abb8f3eac32f937b0b15638627899f7a0ac88a8e0ee0271098c99cc1a639,-86,,0,0,,0
22:28:38,26.0,0,e807abb8f3eac32f937b0b15638627899f7a0ac88a8e0ee0271098c99cc1a639,-89,,0,0,,0
22:28:39,26.0,0,6b5d5b9552fdbc14199252247224ff739f734aaf035fc38a124add62e039df94,-84,,0,0,7.0,0
22:28:39,26.0,0,401ab454386bf7da8ad61e694908f1597ccc4d71da6a6b4572a6bf31997b273c,-80,,0,0,8.0,0
22:28:40,26.0,0,5dd8350ed7a7ba26958fd9cc97e9a9591fc120027d94cde3b0bc634de8928aa4,-87,,0,0,7.0,0
22:28:41,26.0,0,e807abb8f3eac32f937b0b15638627899f7a0ac88a8e0ee0271098c99cc1a639,-81,,0,0,,0
22:28:42,26.0,0,e807abb8f3eac32f937b0b15638627899f7a0ac88a8e0ee0271098c99cc1a639,-83,,0,0,,0
22:28:43,26.0,0,e807abb8f3eac32f937b0b15638627899f7a0ac88a8e0ee0271098c99cc1a639,-82,,0,0,,0
22:28:43,26.0,0,e807abb8f3eac32f937b0b15638627899f7a0ac88a8e0ee0271098c99cc1a639,-85,,0,0,,0
22:28:44,26.0,0,043937778c25f39fe803bcefc6145e86cc87e96be9cf1eb591f67e8d7298238d,-81,,0,0,6.0,0
22:28:45,26.0,0,e807abb8f3eac32f937b0b15638627899f7a0ac88a8e0ee0271098c99cc1a639,-81,,0,0,,0
22:28:46,26.0,0,e807abb8f3eac32f937b0b15638627899f7a0ac88a8e0ee0271098c99cc1a639,-84,,0,0,,0
22:28:46,26.0,0,e807abb8f3eac32f937b0b15638627899f7a0ac88a8e0ee0271098c99cc1a639,-83,,0,0,,0
22:28:47,26.0,0,e807abb8f3eac32f937b0b15638627899f7a0ac88a8e0ee0271098c99cc1a639,-83,,0,0,,0
22:28:48,6.0,0,aa1c1c1ecff1fde1bc284d0ec7c8c938f62d5e8c7b8f34a4e8683de8c2c0d402,-91,Rb20,0,0,,0
22:28:49,26.0,0,5dd8350ed7a7ba26958fd9cc97e9a9591fc120027d94cde3b0bc634de8928aa4,-83,,0,0,7.0,0
22:28:50,,0,a6a7dca8695b55afe089a81b428f71b5663090716f2424354fc2b8c22360660c,-66,,0,0,,0
22:28:50,26.0,0,5dd8350ed7a7ba26958fd9cc97e9a9591fc120027d94cde3b0bc634de8928aa4,-85,,0,0,7.0,0
22:28:51,26.0,0,a1bfa649a45e7a7db01f1abbf08e6d0e0186ff7582573209446d3e100b4b430c,-78,,0,0,12.0,0
22:28:52,,0,a6a7dca8695b55afe089a81b428f71b5663090716f2424354fc2b8c22360660c,-70,,0,0,,0
22:28:53,26.0,0,9c66898629bb61c747f9d5f8ee5b83622837388bb0681a2e80e36a5ba800ba5e,-75,,0,0,12.0,0
22:28:53,26.0,0,401ab454386bf7da8ad61e694908f1597ccc4d71da6a6b4572a6bf31997b273c,-89,,0,0,8.0,0
22:28:54,26.0,0,5dd8350ed7a7ba26958fd9cc97e9a9591fc120027d94cde3b0bc634de8928aa4,-69,,0,0,7.0,0
22:28:55,26.0,0,9c66898629bb61c747f9d5f8ee5b83622837388bb0681a2e80e36a5ba800ba5e,-72,,0,0,12.0,0
22:28:56,26.0,0,401ab454386bf7da8ad61e694908f1597ccc4d71da6a6b4572a6bf31997b273c,-81,,0,0,8.0,0
22:28:57,26.0,0,401ab454386bf7da8ad61e694908f1597ccc4d71da6a6b4572a6bf31997b273c,-85,,0,0,8.0,0
22:28:57,26.0,0,043937778c25f39fe803bcefc6145e86cc87e96be9cf1eb591f67e8d7298238d,-85,,0,0,,0
22:28:58,26.0,0,5dd8350ed7a7ba26958fd9cc97e9a9591fc120027d94cde3b0bc634de8928aa4,-68,,0,0,7.0,0
22:28:59,26.0,0,043937778c25f39fe803bcefc6145e86cc87e96be9cf1eb591f67e8d7298238d,-85,,0,0,,0
22:29:00,26.0,0,6ac41e7eaa21b1be3099c60f02a829d49013d2509e3bf1243d620a59f7d60c5a,-85,,0,0,12.0,0
22:29:00,26.0,0,e807abb8f3eac32f937b0b15638627899f7a0ac88a8e0ee0271098c99cc1a639,-86,,0,0,,0
22:29:01,26.0,0,e807abb8f3eac32f937b0b15638627899f7a0ac88a8e0ee0271098c99cc1a639,-90,,0,0,,0
22:29:02,6.0,0,aa1c1c1ecff1fde1bc284d0ec7c8c938f62d5e8c7b8f34a4e8683de8c2c0d402,-87,Rb20,0,0,,0
22:29:03,26.0,0,5dd8350ed7a7ba26958fd9cc97e9a9591fc120027d94cde3b0bc634de8928aa4,-70,,0,0,7.0,0
22:29:04,26.0,0,a1bfa649a45e7a7db01f1abbf08e6d0e0186ff7582573209446d3e100b4b430c,-83,,0,0,12.0,0
22:29:04,26.0,0,e807abb8f3eac32f937b0b15638627899f7a0ac88a8e0ee0271098c99cc1a639,-82,,0,0,,0
22:29:05,26.0,0,a1bfa649a45e7a7db01f1abbf08e6d0e0186ff7582573209446d3e100b4b430c,-82,,0,0,12.0,0
22:29:06,26.0,0,401ab454386bf7da8ad61e694908f1597ccc4d71da6a6b4572a6bf31997b273c,-77,,0,0,8.0,0
22:29:07,26.0,0,e807abb8f3eac32f937b0b15638627899f7a0ac88a8e0ee0271098c99cc1a639,-84,,0,0,,0
22:29:08,26.0,0,9c66898629bb61c747f9d5f8ee5b83622837388bb0681a2e80e36a5ba800ba5e,-67,,0,0,12.0,0
22:29:08,26.0,0,e807abb8f3eac32f937b0b15638627899f7a0ac88a8e0ee0271098c99cc1a639,-82,,0,0,,0
22:29:09,26.0,0,e807abb8f3eac32f937b0b15638627899f7a0ac88a8e0ee0271098c99cc1a639,-84,,0,0,,0
22:29:10,26.0,0,043937778c25f39fe803bcefc6145e86cc87e96be9cf1eb591f67e8d7298238d,-80,,0,0,,0
22:29:11,26.0,0,e807abb8f3eac32f937b0b15638627899f7a0ac88a8e0ee0271098c99cc1a639,-84,,0,0,,0
22:29:11,,0,6c8f3770fa3df37577ab160d3abfad3651d2d81f402cd27d86cef56a4313ee16,-95,,0,0,,0
22:29:12,26.0,0,043937778c25f39fe803bcefc6145e86cc87e96be9cf1eb591f67e8d7298238d,-82,,0,0,,0
22:29:13,26.0,0,5dd8350ed7a7ba26958fd9cc97e9a9591fc120027d94cde3b0bc634de8928aa4,-68,,0,0,7.0,0
22:29:14,26.0,0,043937778c25f39fe803bcefc6145e86cc87e96be9cf1eb591f67e8d7298238d,-81,,0,0,,0
22:29:15,26.0,0,e807abb8f3eac32f937b0b15638627899f7a0ac88a8e0ee0271098c99cc1a639,-83,,0,0,,0
22:29:15,26.0,0,a1bfa649a45e7a7db01f1abbf08e6d0e0186ff7582573209446d3e100b4b430c,-84,,0,0,12.0,0
22:29:16,26.0,0,6ac41e7eaa21b1be3099c60f02a829d49013d2509e3bf1243d620a59f7d60c5a,-89,,0,0,12.0,0
22:29:17,,0,a6a7dca8695b55afe089a81b428f71b5663090716f2424354fc2b8c22360660c,-78,,0,0,,0
22:29:18,26.0,0,043937778c25f39fe803bcefc6145e86cc87e96be9cf1eb591f67e8d7298238d,-83,,0,0,,0
22:29:18,26.0,0,7805946ef9977e585abca5e2fd2b8f0664f6903ea26c173a88140ec81a51be5f,-90,,0,0,7.0,0
22:29:19,26.0,0,401ab454386bf7da8ad61e694908f1597ccc4d71da6a6b4572a6bf31997b273c,-77,,0,0,8.0,0
22:29:20,26.0,0,9c66898629bb61c747f9d5f8ee5b83622837388bb0681a2e80e36a5ba800ba5e,-68,,0,0,12.0,0
22:29:21,26.0,0,6b5d5b9552fdbc14199252247224ff739f734aaf035fc38a124add62e039df94,-85,,0,0,7.0,0
22:29:22,26.0,0,a1bfa649a45e7a7db01f1abbf08e6d0e0186ff7582573209446d3e100b4b430c,-80,,0,0,12.0,0
22:29:22,,0,86d339209204091c8de321e2c3508383e9bd4d85945d739ebcaed4c489d11369,-82,,0,0,,0
22:29:23,26.0,0,e807abb8f3eac32f937b0b15638627899f7a0ac88a8e0ee0271098c99cc1a639,-85,,0,0,,0
22:29:24,,0,25d3fa52805804e076e764d235007b231b01e48fba4136878ab38619d37fe4d5,-80,,0,0,,0
22:29:25,26.0,0,6b5d5b9552fdbc14199252247224ff739f734aaf035fc38a124add62e039df94,-82,,0,0,7.0,0
22:29:25,,0,36036df05f96edc11c7c40c22600015995e1f0028ca27661775e7cda4788070d,-84,,0,0,,0
22:29:26,26.0,0,6b5d5b9552fdbc14199252247224ff739f734aaf035fc38a124add62e039df94,-82,,0,0,7.0,0
22:29:27,26.0,0,5dd8350ed7a7ba26958fd9cc97e9a9591fc120027d94cde3b0bc634de8928aa4,-71,,0,0,7.0,0
22:29:28,26.0,0,e807abb8f3eac32f937b0b15638627899f7a0ac88a8e0ee0271098c99cc1a639,-83,,0,0,,0
22:29:29,26.0,0,a1bfa649a45e7a7db01f1abbf08e6d0e0186ff7582573209446d3e100b4b430c,-80,,0,0,12.0,0
22:29:29,26.0,0,6b5d5b9552fdbc14199252247224ff739f734aaf035fc38a124add62e039df94,-84,,0,0,7.0,0
22:29:30,26.0,0,e807abb8f3eac32f937b0b15638627899f7a0ac88a8e0ee0271098c99cc1a639,-93,,0,0,,0
22:29:31,26.0,0,a1bfa649a45e7a7db01f1abbf08e6d0e0186ff7582573209446d3e100b4b430c,-84,,0,0,12.0,0
22:29:32,,0,f2dd99ee4d874fa3e68f000825140002d4a8487772358f0d4878137a655560a1,-76,,0,0,,0
22:29:33,26.0,0,5dd8350ed7a7ba26958fd9cc97e9a9591fc120027d94cde3b0bc634de8928aa4,-68,,0,0,7.0,0
22:29:33,,0,36036df05f96edc11c7c40c22600015995e1f0028ca27661775e7cda4788070d,-80,,0,0,,0
22:29:34,26.0,0,043937778c25f39fe803bcefc6145e86cc87e96be9cf1eb591f67e8d7298238d,-87,,0,0,,0
22:29:35,26.0,0,6b5d5b9552fdbc14199252247224ff739f734aaf035fc38a124add62e039df94,-81,,0,0,7.0,0
22:29:36,,0,f2dd99ee4d874fa3e68f000825140002d4a8487772358f0d4878137a655560a1,-83,,0,0,,0
22:29:36,6.0,0,aa1c1c1ecff1fde1bc284d0ec7c8c938f62d5e8c7b8f34a4e8683de8c2c0d402,-89,Rb20,0,0,,0
22:29:37,26.0,0,401ab454386bf7da8ad61e694908f1597ccc4d71da6a6b4572a6bf31997b273c,-78,,0,0,8.0,0
22:29:38,26.0,0,6b5d5b9552fdbc14199252247224ff739f734aaf035fc38a124add62e039df94,-85,,0,0,7.0,0
22:29:39,26.0,0,e807abb8f3eac32f937b0b15638627899f7a0ac88a8e0ee0271098c99cc1a639,-82,,0,0,,0
22:29:40,26.0,0,5dd8350ed7a7ba26958fd9cc97e9a9591fc120027d94cde3b0bc634de8928aa4,-84,,0,0,7.0,0
22:29:40,26.0,0,a1bfa649a45e7a7db01f1abbf08e6d0e0186ff7582573209446d3e100b4b430c,-80,,0,0,12.0,0
22:29:41,26.0,0,e807abb8f3eac32f937b0b15638627899f7a0ac88a8e0ee0271098c99cc1a639,-89,,0,0,,0
22:29:42,26.0,0,e807abb8f3eac32f937b0b15638627899f7a0ac88a8e0ee0271098c99cc1a639,-88,,0,0,,0
22:29:43,26.0,0,e807abb8f3eac32f937b0b15638627899f7a0ac88a8e0ee0271098c99cc1a639,-90,,0,0,,0
22:29:43,26.0,0,5dd8350ed7a7ba26958fd9cc97e9a9591fc120027d94cde3b0bc634de8928aa4,-68,,0,0,7.0,0
22:29:44,,0,a6a7dca8695b55afe089a81b428f71b5663090716f2424354fc2b8c22360660c,-73,,0,0,,0
22:29:45,26.0,0,e807abb8f3eac32f937b0b15638627899f7a0ac88a8e0ee0271098c99cc1a639,-87,,0,0,,0
22:29:46,26.0,0,e807abb8f3eac32f937b0b15638627899f7a0ac88a8e0ee0271098c99cc1a639,-87,,0,0,,0
22:29:47,26.0,0,401ab454386bf7da8ad61e694908f1597ccc4d71da6a6b4572a6bf31997b273c,-78,,0,0,8.0,0
22:29:47,26.0,0,e807abb8f3eac32f937b0b15638627899f7a0ac88a8e0ee0271098c99cc1a639,-89,,0,0,,0
22:29:48,26.0,0,043937778c25f39fe803bcefc6145e86cc87e96be9cf1eb591f67e8d7298238d,-79,,0,0,6.0,0
22:29:49,6.0,0,126b42f0bbe076a44bfa22687029460246b9b931419f5aacba85a7945c93bedb,-86,Rb22,0,0,,0
22:29:50,26.0,0,e807abb8f3eac32f937b0b15638627899f7a0ac88a8e0ee0271098c99cc1a639,-87,,0,0,,0
22:29:50,26.0,0,e807abb8f3eac32f937b0b15638627899f7a0ac88a8e0ee0271098c99cc1a639,-89,,0,0,,0
22:29:51,26.0,0,5dd8350ed7a7ba26958fd9cc97e9a9591fc120027d94cde3b0bc634de8928aa4,-82,,0,0,7.0,0
22:29:52,26.0,0,e807abb8f3eac32f937b0b15638627899f7a0ac88a8e0ee0271098c99cc1a639,-92,,0,0,,0
22:29:53,6.0,0,126b42f0bbe076a44bfa22687029460246b9b931419f5aacba85a7945c93bedb,-85,Rb22,0,0,,0
22:29:54,26.0,0,5dd8350ed7a7ba26958fd9cc97e9a9591fc120027d94cde3b0bc634de8928aa4,-71,,0,0,7.0,0
22:29:54,26.0,0,6b5d5b9552fdbc14199252247224ff739f734aaf035fc38a124add62e039df94,-83,,0,0,7.0,0
22:29:55,26.0,0,5dd8350ed7a7ba26958fd9cc97e9a9591fc120027d94cde3b0bc634de8928aa4,-70,,0,0,7.0,0
22:29:56,26.0,0,e807abb8f3eac32f937b0b15638627899f7a0ac88a8e0ee0271098c99cc1a639,-92,,0,0,,0
22:29:57,26.0,0,6b5d5b9552fdbc14199252247224ff739f734aaf035fc38a124add62e039df94,-89,,0,0,7.0,0
22:29:57,26.0,0,6b5d5b9552fdbc14199252247224ff739f734aaf035fc38a124add62e039df94,-85,,0,0,7.0,0
22:29:58,,0,a6a7dca8695b55afe089a81b428f71b5663090716f2424354fc2b8c22360660c,-75,,0,0,,0
22:29:59,26.0,0,043937778c25f39fe803bcefc6145e86cc87e96be9cf1eb591f67e8d7298238d,-88,,0,0,6.0,0
22:30:00,,0,f2dd99ee4d874fa3e68f000825140002d4a8487772358f0d4878137a655560a1,-77,,0,0,,0
22:30:01,26.0,0,401ab454386bf7da8ad61e694908f1597ccc4d71da6a6b4572a6bf31997b273c,-75,,0,0,8.0,0
22:30:01,26.0,0,043937778c25f39fe803bcefc6145e86cc87e96be9cf1eb591f67e8d7298238d,-81,,0,0,6.0,0
22:30:02,26.0,0,9c66898629bb61c747f9d5f8ee5b83622837388bb0681a2e80e36a5ba800ba5e,-68,,0,0,12.0,0
22:30:03,,0,a6a7dca8695b55afe089a81b428f71b5663090716f2424354fc2b8c22360660c,-66,,0,0,,0
22:30:04,26.0,0,9c66898629bb61c747f9d5f8ee5b83622837388bb0681a2e80e36a5ba800ba5e,-70,,0,0,12.0,0
22:30:04,26.0,0,043937778c25f39fe803bcefc6145e86cc87e96be9cf1eb591f67e8d7298238d,-83,,0,0,6.0,0
22:30:05,6.0,0,aa1c1c1ecff1fde1bc284d0ec7c8c938f62d5e8c7b8f34a4e8683de8c2c0d402,-87,Rb20,0,0,,0
22:30:06,26.0,0,401ab454386bf7da8ad61e694908f1597ccc4d71da6a6b4572a6bf31997b273c,-87,,0,0,8.0,0
22:30:07,26.0,0,6b5d5b9552fdbc14199252247224ff739f734aaf035fc38a124add62e039df94,-80,,0,0,7.0,0
22:30:08,26.0,0,9c66898629bb61c747f9d5f8ee5b83622837388bb0681a2e80e36a5ba800ba5e,-72,,0,0,12.0,0
22:30:08,26.0,0,b97e60adb9be172cfa04aa44f3b9128ce28912ad4405b50c4b7d8d09c0040253,-83,,0,0,6.0,0
22:30:09,26.0,0,401ab454386bf7da8ad61e694908f1597ccc4d71da6a6b4572a6bf31997b273c,-86,,0,0,8.0,0
22:30:10,26.0,0,401ab454386bf7da8ad61e694908f1597ccc4d71da6a6b4572a6bf31997b273c,-77,,0,0,8.0,0
22:30:11,26.0,0,5dd8350ed7a7ba26958fd9cc97e9a9591fc120027d94cde3b0bc634de8928aa4,-85,,0,0,7.0,0
22:30:12,26.0,0,401ab454386bf7da8ad61e694908f1597ccc4d71da6a6b4572a6bf31997b273c,-79,,0,0,8.0,0
22:30:12,26.0,0,b97e60adb9be172cfa04aa44f3b9128ce28912ad4405b50c4b7d8d09c0040253,-85,,0,0,6.0,0
22:30:13,26.0,0,401ab454386bf7da8ad61e694908f1597ccc4d71da6a6b4572a6bf31997b273c,-81,,0,0,8.0,0
22:30:14,,0,f2dd99ee4d874fa3e68f000825140002d4a8487772358f0d4878137a655560a1,-81,,0,0,,0
22:30:15,26.0,0,9c66898629bb61c747f9d5f8ee5b83622837388bb0681a2e80e36a5ba800ba5e,-63,,0,0,12.0,0
22:30:15,26.0,0,b97e60adb9be172cfa04aa44f3b9128ce28912ad4405b50c4b7d8d09c0040253,-82,,0,0,6.0,0
22:30:16,26.0,0,a1bfa649a45e7a7db01f1abbf08e6d0e0186ff7582573209446d3e100b4b430c,-80,,0,0,12.0,0
22:30:17,26.0,0,6ac41e7eaa21b1be3099c60f02a829d49013d2509e3bf1243d620a59f7d60c5a,-85,,0,0,12.0,0
22:30:18,26.0,0,a1bfa649a45e7a7db01f1abbf08e6d0e0186ff7582573209446d3e100b4b430c,-81,,0,0,12.0,0
22:30:19,26.0,0,6ac41e7eaa21b1be3099c60f02a829d49013d2509e3bf1243d620a59f7d60c5a,-86,,0,0,12.0,0
22:30:19,26.0,0,401ab454386bf7da8ad61e694908f1597ccc4d71da6a6b4572a6bf31997b273c,-76,,0,0,8.0,0
22:30:20,26.0,0,6ac41e7eaa21b1be3099c60f02a829d49013d2509e3bf1243d620a59f7d60c5a,-87,,0,0,12.0,0
22:30:21,26.0,0,5dd8350ed7a7ba26958fd9cc97e9a9591fc120027d94cde3b0bc634de8928aa4,-87,,0,0,7.0,0
22:30:22,26.0,0,9c66898629bb61c747f9d5f8ee5b83622837388bb0681a2e80e36a5ba800ba5e,-62,,0,0,12.0,0
22:30:22,,0,bc8f5643538981a71c3df7c150677e0237a11739b9d553a59098923f8e54c25a,-65,,0,0,,0
22:30:23,26.0,0,a1bfa649a45e7a7db01f1abbf08e6d0e0186ff7582573209446d3e100b4b430c,-78,,0,0,12.0,0
22:30:24,26.0,0,6b5d5b9552fdbc14199252247224ff739f734aaf035fc38a124add62e039df94,-85,,0,0,7.0,0
22:30:25,26.0,0,5dd8350ed7a7ba26958fd9cc97e9a9591fc120027d94cde3b0bc634de8928aa4,-70,,0,0,7.0,0
22:30:26,26.0,0,b97e60adb9be172cfa04aa44f3b9128ce28912ad4405b50c4b7d8d09c0040253,-87,,0,0,6.0,0
22:30:26,26.0,0,b97e60adb9be172cfa04aa44f3b9128ce28912ad4405b50c4b7d8d09c0040253,-77,,0,0,6.0,0
22:30:27,26.0,0,6b5d5b9552fdbc14199252247224ff739f734aaf035fc38a124add62e039df94,-84,,0,0,7.0,0
22:30:28,,0,25d3fa52805804e076e764d235007b231b01e48fba4136878ab38619d37fe4d5,-82,,0,0,,0
22:30:29,26.0,0,9c66898629bb61c747f9d5f8ee5b83622837388bb0681a2e80e36a5ba800ba5e,-61,,0,0,12.0,0
22:30:29,26.0,0,9c66898629bb61c747f9d5f8ee5b83622837388bb0681a2e80e36a5ba800ba5e,-67,,0,0,12.0,0
22:30:30,26.0,0,b97e60adb9be172cfa04aa44f3b9128ce28912ad4405b50c4b7d8d09c0040253,-89,,0,0,6.0,0
22:30:31,26.0,0,84e7b89af8c2f0c52e007d5b57f23f3d1b29378a6630d585bfa62283f99c8b67,-89,,0,0,8.0,0
22:30:32,26.0,0,b97e60adb9be172cfa04aa44f3b9128ce28912ad4405b50c4b7d8d09c0040253,-90,,0,0,6.0,0
22:30:33,26.0,0,6b5d5b9552fdbc14199252247224ff739f734aaf035fc38a124add62e039df94,-84,,0,0,7.0,0
22:30:33,26.0,0,401ab454386bf7da8ad61e694908f1597ccc4d71da6a6b4572a6bf31997b273c,-85,,0,0,8.0,0
22:30:34,26.0,0,b97e60adb9be172cfa04aa44f3b9128ce28912ad4405b50c4b7d8d09c0040253,-79,,0,0,6.0,0
22:30:35,26.0,0,a1bfa649a45e7a7db01f1abbf08e6d0e0186ff7582573209446d3e100b4b430c,-79,,0,0,12.0,0
22:30:36,26.0,0,6b5d5b9552fdbc14199252247224ff739f734aaf035fc38a124add62e039df94,-84,,0,0,7.0,0
22:30:36,,0,bc8f5643538981a71c3df7c150677e0237a11739b9d553a59098923f8e54c25a,-67,,0,0,,0
22:30:37,6.0,0,aa1c1c1ecff1fde1bc284d0ec7c8c938f62d5e8c7b8f34a4e8683de8c2c0d402,-87,Rb20,0,0,,0
22:30:38,26.0,0,5dd8350ed7a7ba26958fd9cc97e9a9591fc120027d94cde3b0bc634de8928aa4,-84,,0,0,7.0,0
22:30:39,26.0,0,401ab454386bf7da8ad61e694908f1597ccc4d71da6a6b4572a6bf31997b273c,-80,,0,0,8.0,0
22:30:40,26.0,0,9c66898629bb61c747f9d5f8ee5b83622837388bb0681a2e80e36a5ba800ba5e,-77,,0,0,12.0,0
22:30:40,26.0,0,a1bfa649a45e7a7db01f1abbf08e6d0e0186ff7582573209446d3e100b4b430c,-83,,0,0,12.0,0
22:30:41,6.0,0,aa1c1c1ecff1fde1bc284d0ec7c8c938f62d5e8c7b8f34a4e8683de8c2c0d402,-91,Rb20,0,0,,0
22:30:42,26.0,0,401ab454386bf7da8ad61e694908f1597ccc4d71da6a6b4572a6bf31997b273c,-89,,0,0,8.0,0
22:30:43,26.0,0,9c66898629bb61c747f9d5f8ee5b83622837388bb0681a2e80e36a5ba800ba5e,-64,,0,0,12.0,0
22:30:44,26.0,0,eaac4a052fa850df7c73cd8570e0579023b204aacee5d22e7e870929d6137522,-86,,0,0,,0
22:30:44,,0,2a0276ebe79df6ec4db4c85c5df585e21c184dc00f3c7cdc31e61305d00f7892,-90,,0,0,,0
22:30:45,26.0,0,eaac4a052fa850df7c73cd8570e0579023b204aacee5d22e7e870929d6137522,-93,,0,0,,0
22:30:46,26.0,0,5dd8350ed7a7ba26958fd9cc97e9a9591fc120027d94cde3b0bc634de8928aa4,-84,,0,0,7.0,0
22:30:47,26.0,0,5dd8350ed7a7ba26958fd9cc97e9a9591fc120027d94cde3b0bc634de8928aa4,-70,,0,0,7.0,0
22:30:47,26.0,0,401ab454386bf7da8ad61e694908f1597ccc4d71da6a6b4572a6bf31997b273c,-78,,0,0,8.0,0
22:30:48,26.0,0,6ac41e7eaa21b1be3099c60f02a829d49013d2509e3bf1243d620a59f7d60c5a,-85,,0,0,12.0,0
22:30:49,26.0,0,5dd8350ed7a7ba26958fd9cc97e9a9591fc120027d94cde3b0bc634de8928aa4,-86,,0,0,7.0,0
22:30:50,26.0,0,eaac4a052fa850df7c73cd8570e0579023b204aacee5d22e7e870929d6137522,-81,,0,0,,0
22:30:51,26.0,0,eaac4a052fa850df7c73cd8570e0579023b204aacee5d22e7e870929d6137522,-82,,0,0,,0
22:30:51,26.0,0,6ac41e7eaa21b1be3099c60f02a829d49013d2509e3bf1243d620a59f7d60c5a,-91,,0,0,12.0,0
22:30:52,26.0,0,401ab454386bf7da8ad61e694908f1597ccc4d71da6a6b4572a6bf31997b273c,-89,,0,0,8.0,0
22:30:53,26.0,0,eaac4a052fa850df7c73cd8570e0579023b204aacee5d22e7e870929d6137522,-83,,0,0,,0
22:30:54,26.0,0,b97e60adb9be172cfa04aa44f3b9128ce28912ad4405b50c4b7d8d09c0040253,-79,,0,0,,0
22:30:54,6.0,0,aa1c1c1ecff1fde1bc284d0ec7c8c938f62d5e8c7b8f34a4e8683de8c2c0d402,-90,Rb20,0,0,,0
22:30:55,26.0,0,6b5d5b9552fdbc14199252247224ff739f734aaf035fc38a124add62e039df94,-84,,0,0,7.0,0
22:30:56,26.0,0,9c66898629bb61c747f9d5f8ee5b83622837388bb0681a2e80e36a5ba800ba5e,-71,,0,0,12.0,0
22:30:57,26.0,0,401ab454386bf7da8ad61e694908f1597ccc4d71da6a6b4572a6bf31997b273c,-86,,0,0,8.0,0
22:30:58,26.0,0,eaac4a052fa850df7c73cd8570e0579023b204aacee5d22e7e870929d6137522,-85,,0,0,,0
22:30:58,26.0,0,9c66898629bb61c747f9d5f8ee5b83622837388bb0681a2e80e36a5ba800ba5e,-67,,0,0,12.0,0
22:30:59,26.0,0,5dd8350ed7a7ba26958fd9cc97e9a9591fc120027d94cde3b0bc634de8928aa4,-80,,0,0,7.0,0
22:31:00,,0,f2dd99ee4d874fa3e68f000825140002d4a8487772358f0d4878137a655560a1,-86,,0,0,,0
22:31:01,26.0,0,6b5d5b9552fdbc14199252247224ff739f734aaf035fc38a124add62e039df94,-85,,0,0,7.0,0
22:31:01,26.0,0,401ab454386bf7da8ad61e694908f1597ccc4d71da6a6b4572a6bf31997b273c,-82,,0,0,8.0,0
22:31:02,26.0,0,9c66898629bb61c747f9d5f8ee5b83622837388bb0681a2e80e36a5ba800ba5e,-69,,0,0,12.0,0
22:31:03,26.0,0,5dd8350ed7a7ba26958fd9cc97e9a9591fc120027d94cde3b0bc634de8928aa4,-70,,0,0,7.0,0
22:31:04,,0,1f4bfe3eb6a00b7c2ccbaead2c34810154343648b83ea25c7d3195857a9ca333,-83,,0,0,,0
22:31:05,6.0,0,aa1c1c1ecff1fde1bc284d0ec7c8c938f62d5e8c7b8f34a4e8683de8c2c0d402,-93,Rb20,0,0,,0
22:31:05,26.0,0,b97e60adb9be172cfa04aa44f3b9128ce28912ad4405b50c4b7d8d09c0040253,-84,,0,0,,0
22:31:06,26.0,0,a1bfa649a45e7a7db01f1abbf08e6d0e0186ff7582573209446d3e100b4b430c,-86,,0,0,12.0,0
22:31:07,26.0,0,9c66898629bb61c747f9d5f8ee5b83622837388bb0681a2e80e36a5ba800ba5e,-83,,0,0,12.0,0
22:31:08,26.0,0,5dd8350ed7a7ba26958fd9cc97e9a9591fc120027d94cde3b0bc634de8928aa4,-78,,0,0,7.0,0
22:31:09,26.0,0,9c66898629bb61c747f9d5f8ee5b83622837388bb0681a2e80e36a5ba800ba5e,-77,,0,0,12.0,0
22:31:09,26.0,0,5dd8350ed7a7ba26958fd9cc97e9a9591fc120027d94cde3b0bc634de8928aa4,-78,,0,0,7.0,0
22:31:10,26.0,0,6b5d5b9552fdbc14199252247224ff739f734aaf035fc38a124add62e039df94,-87,,0,0,7.0,0
22:31:11,26.0,0,eaac4a052fa850df7c73cd8570e0579023b204aacee5d22e7e870929d6137522,-86,,0,0,,0
22:31:12,26.0,0,eaac4a052fa850df7c73cd8570e0579023b204aacee5d22e7e870929d6137522,-80,,0,0,,0
22:31:12,26.0,0,5dd8350ed7a7ba26958fd9cc97e9a9591fc120027d94cde3b0bc634de8928aa4,-70,,0,0,7.0,0
22:31:13,26.0,0,5dd8350ed7a7ba26958fd9cc97e9a9591fc120027d94cde3b0bc634de8928aa4,-75,,0,0,7.0,0
22:31:14,,0,25d3fa52805804e076e764d235007b231b01e48fba4136878ab38619d37fe4d5,-80,,0,0,,0
22:31:15,26.0,0,6b5d5b9552fdbc14199252247224ff739f734aaf035fc38a124add62e039df94,-87,,0,0,7.0,0
22:31:16,26.0,0,eaac4a052fa850df7c73cd8570e0579023b204aacee5d22e7e870929d6137522,-83,,0,0,,0
22:31:16,26.0,0,5dd8350ed7a7ba26958fd9cc97e9a9591fc120027d94cde3b0bc634de8928aa4,-71,,0,0,7.0,0
22:31:17,26.0,0,eaac4a052fa850df7c73cd8570e0579023b204aacee5d22e7e870929d6137522,-84,,0,0,,0
22:31:18,26.0,0,5dd8350ed7a7ba26958fd9cc97e9a9591fc120027d94cde3b0bc634de8928aa4,-71,,0,0,7.0,0
22:31:19,26.0,0,6b5d5b9552fdbc14199252247224ff739f734aaf035fc38a124add62e039df94,-81,,0,0,7.0,0
22:31:19,6.0,0,aa1c1c1ecff1fde1bc284d0ec7c8c938f62d5e8c7b8f34a4e8683de8c2c0d402,-89,Rb20,0,0,,0
22:31:20,26.0,0,9c66898629bb61c747f9d5f8ee5b83622837388bb0681a2e80e36a5ba800ba5e,-74,,0,0,12.0,0
22:31:21,26.0,0,b97e60adb9be172cfa04aa44f3b9128ce28912ad4405b50c4b7d8d09c0040253,-84,,0,0,,0
22:31:22,26.0,0,eaac4a052fa850df7c73cd8570e0579023b204aacee5d22e7e870929d6137522,-83,,0,0,,0
22:31:23,,0,bc8f5643538981a71c3df7c150677e0237a11739b9d553a59098923f8e54c25a,-64,,0,0,,0
22:31:23,26.0,0,6b5d5b9552fdbc14199252247224ff739f734aaf035fc38a124add62e039df94,-82,,0,0,7.0,0
22:31:24,26.0,0,b97e60adb9be172cfa04aa44f3b9128ce28912ad4405b50c4b7d8d09c0040253,-86,,0,0,,0
22:31:25,6.0,0,aa1c1c1ecff1fde1bc284d0ec7c8c938f62d5e8c7b8f34a4e8683de8c2c0d402,-94,Rb20,0,0,,0
22:31:26,26.0,0,eaac4a052fa850df7c73cd8570e0579023b204aacee5d22e7e870929d6137522,-82,,0,0,,0
22:31:26,26.0,0,b97e60adb9be172cfa04aa44f3b9128ce28912ad4405b50c4b7d8d09c0040253,-83,,0,0,,0
22:31:27,26.0,0,eaac4a052fa850df7c73cd8570e0579023b204aacee5d22e7e870929d6137522,-82,,0,0,,0
22:31:28,26.0,0,eaac4a052fa850df7c73cd8570e0579023b204aacee5d22e7e870929d6137522,-83,,0,0,,0
22:31:29,26.0,0,6b5d5b9552fdbc14199252247224ff739f734aaf035fc38a124add62e039df94,-87,,0,0,7.0,0
22:31:30,26.0,0,eaac4a052fa850df7c73cd8570e0579023b204aacee5d22e7e870929d6137522,-87,,0,0,,0
22:31:30,26.0,0,6ac41e7eaa21b1be3099c60f02a829d49013d2509e3bf1243d620a59f7d60c5a,-86,,0,0,12.0,0
22:31:31,26.0,0,eaac4a052fa850df7c73cd8570e0579023b204aacee5d22e7e870929d6137522,-86,,0,0,,0
22:31:32,26.0,0,9c66898629bb61c747f9d5f8ee5b83622837388bb0681a2e80e36a5ba800ba5e,-71,,0,0,12.0,0
22:31:33,26.0,0,6b5d5b9552fdbc14199252247224ff739f734aaf035fc38a124add62e039df94,-86,,0,0,7.0,0
22:31:33,26.0,0,b91bfd7ea09580c0c278066b9bfba0ad0fc8d648f81de611b33f822e1a8ded90,-92,,0,0,,0
22:31:34,26.0,0,b91bfd7ea09580c0c278066b9bfba0ad0fc8d648f81de611b33f822e1a8ded90,-92,,0,0,,0
22:31:35,26.0,0,401ab454386bf7da8ad61e694908f1597ccc4d71da6a6b4572a6bf31997b273c,-87,,0,0,8.0,0
22:31:36,26.0,0,5eb5f9ce7ce9eaf7a29cbddf51f4e4318bb118ca210b1ca6ef614c124401cba6,-89,,0,0,,0
22:31:37,26.0,0,eaac4a052fa850df7c73cd8570e0579023b204aacee5d22e7e870929d6137522,-80,,0,0,,0
22:31:37,26.0,0,b97e60adb9be172cfa04aa44f3b9128ce28912ad4405b50c4b7d8d09c0040253,-83,,0,0,,0
22:31:38,,0,bc8f5643538981a71c3df7c150677e0237a11739b9d553a59098923f8e54c25a,-78,,0,0,,0
22:31:39,26.0,0,9c66898629bb61c747f9d5f8ee5b83622837388bb0681a2e80e36a5ba800ba5e,-68,,0,0,12.0,0
22:31:40,26.0,0,eaac4a052fa850df7c73cd8570e0579023b204aacee5d22e7e870929d6137522,-82,,0,0,,0
22:31:40,26.0,0,9c66898629bb61c747f9d5f8ee5b83622837388bb0681a2e80e36a5ba800ba5e,-69,,0,0,12.0,0
22:31:41,26.0,0,b97e60adb9be172cfa04aa44f3b9128ce28912ad4405b50c4b7d8d09c0040253,-82,,0,0,,0
22:31:42,,0,f2dd99ee4d874fa3e68f000825140002d4a8487772358f0d4878137a655560a1,-84,,0,0,,0
22:31:43,26.0,0,b97e60adb9be172cfa04aa44f3b9128ce28912ad4405b50c4b7d8d09c0040253,-86,,0,0,,0
22:31:44,26.0,0,a1bfa649a45e7a7db01f1abbf08e6d0e0186ff7582573209446d3e100b4b430c,-87,,0,0,12.0,0
22:31:44,26.0,0,eaac4a052fa850df7c73cd8570e0579023b204aacee5d22e7e870929d6137522,-84,,0,0,,0
22:31:45,26.0,0,eaac4a052fa850df7c73cd8570e0579023b204aacee5d22e7e870929d6137522,-86,,0,0,,0
22:31:46,26.0,0,eaac4a052fa850df7c73cd8570e0579023b204aacee5d22e7e870929d6137522,-86,,0,0,,0
22:31:47,26.0,0,6b5d5b9552fdbc14199252247224ff739f734aaf035fc38a124add62e039df94,-82,,0,0,7.0,0
22:31:48,26.0,0,b97e60adb9be172cfa04aa44f3b9128ce28912ad4405b50c4b7d8d09c0040253,-80,,0,0,,0
22:31:48,26.0,0,b97e60adb9be172cfa04aa44f3b9128ce28912ad4405b50c4b7d8d09c0040253,-82,,0,0,,0
22:31:49,26.0,0,eaac4a052fa850df7c73cd8570e0579023b204aacee5d22e7e870929d6137522,-92,,0,0,,0
22:31:50,26.0,0,401ab454386bf7da8ad61e694908f1597ccc4d71da6a6b4572a6bf31997b273c,-85,,0,0,8.0,0
22:31:51,26.0,0,5dd8350ed7a7ba26958fd9cc97e9a9591fc120027d94cde3b0bc634de8928aa4,-70,,0,0,7.0,0
22:31:51,,0,bc8f5643538981a71c3df7c150677e0237a11739b9d553a59098923f8e54c25a,-74,,0,0,,0
22:31:52,26.0,0,b97e60adb9be172cfa04aa44f3b9128ce28912ad4405b50c4b7d8d09c0040253,-81,,0,0,,0
22:31:53,26.0,0,eaac4a052fa850df7c73cd8570e0579023b204aacee5d22e7e870929d6137522,-84,,0,0,,0
22:31:54,26.0,0,eaac4a052fa850df7c73cd8570e0579023b204aacee5d22e7e870929d6137522,-85,,0,0,,0
22:31:55,26.0,0,eaac4a052fa850df7c73cd8570e0579023b204aacee5d22e7e870929d6137522,-84,,0,0,,0
22:31:55,26.0,0,eaac4a052fa850df7c73cd8570e0579023b204aacee5d22e7e870929d6137522,-86,,0,0,,0
22:31:56,26.0,0,eaac4a052fa850df7c73cd8570e0579023b204aacee5d22e7e870929d6137522,-84,,0,0,,0
22:31:57,,0,bbbdb9e147cdb51fdd703ec12e0459c2a670ee8ac9e477c7a4ad484d1f93c0fe,-89,,0,0,,0
22:31:58,26.0,0,eaac4a052fa850df7c73cd8570e0579023b204aacee5d22e7e870929d6137522,-87,,0,0,,0
22:31:58,26.0,0,401ab454386bf7da8ad61e694908f1597ccc4d71da6a6b4572a6bf31997b273c,-83,,0,0,8.0,0
22:31:59,26.0,0,eaac4a052fa850df7c73cd8570e0579023b204aacee5d22e7e870929d6137522,-87,,0,0,,0
22:32:00,26.0,0,a1bfa649a45e7a7db01f1abbf08e6d0e0186ff7582573209446d3e100b4b430c,-84,,0,0,12.0,0
22:32:01,26.0,0,5dd8350ed7a7ba26958fd9cc97e9a9591fc120027d94cde3b0bc634de8928aa4,-72,,0,0,7.0,0
22:32:02,26.0,0,eaac4a052fa850df7c73cd8570e0579023b204aacee5d22e7e870929d6137522,-91,,0,0,,0
22:32:02,26.0,0,5dd8350ed7a7ba26958fd9cc97e9a9591fc120027d94cde3b0bc634de8928aa4,-73,,0,0,7.0,0
22:32:03,26.0,0,b97e60adb9be172cfa04aa44f3b9128ce28912ad4405b50c4b7d8d09c0040253,-84,,0,0,,0
22:32:04,26.0,0,b97e60adb9be172cfa04aa44f3b9128ce28912ad4405b50c4b7d8d09c0040253,-87,,0,0,,0
22:32:05,26.0,0,5dd8350ed7a7ba26958fd9cc97e9a9591fc120027d94cde3b0bc634de8928aa4,-73,,0,0,7.0,0
22:32:05,26.0,0,4e64ef860678e7d2b0129cbcc3b3c50198b33cf49c03cb530371078e19ce5585,-88,,0,0,12.0,0
22:32:06,26.0,0,6b5d5b9552fdbc14199252247224ff739f734aaf035fc38a124add62e039df94,-84,,0,0,7.0,0
22:32:07,26.0,0,eaac4a052fa850df7c73cd8570e0579023b204aacee5d22e7e870929d6137522,-83,,0,0,,0
22:32:08,26.0,0,eaac4a052fa850df7c73cd8570e0579023b204aacee5d22e7e870929d6137522,-83,,0,0,,0
22:32:09,26.0,0,b97e60adb9be172cfa04aa44f3b9128ce28912ad4405b50c4b7d8d09c0040253,-85,,0,0,,0
22:32:09,,0,bc8f5643538981a71c3df7c150677e0237a11739b9d553a59098923f8e54c25a,-73,,0,0,,0
22:32:10,26.0,0,eaac4a052fa850df7c73cd8570e0579023b204aacee5d22e7e870929d6137522,-85,,0,0,,0
22:32:11,26.0,0,eaac4a052fa850df7c73cd8570e0579023b204aacee5d22e7e870929d6137522,-92,,0,0,,0
22:32:12,26.0,0,a1bfa649a45e7a7db01f1abbf08e6d0e0186ff7582573209446d3e100b4b430c,-84,,0,0,12.0,0
22:32:13,26.0,0,b97e60adb9be172cfa04aa44f3b9128ce28912ad4405b50c4b7d8d09c0040253,-84,,0,0,,0
22:32:13,26.0,0,5dd8350ed7a7ba26958fd9cc97e9a9591fc120027d94cde3b0bc634de8928aa4,-73,,0,0,7.0,0
22:32:14,,0,25d3fa52805804e076e764d235007b231b01e48fba4136878ab38619d37fe4d5,-76,,0,0,,0
22:32:15,26.0,0,b91bfd7ea09580c0c278066b9bfba0ad0fc8d648f81de611b33f822e1a8ded90,-94,,0,0,,0
22:32:16,26.0,0,401ab454386bf7da8ad61e694908f1597ccc4d71da6a6b4572a6bf31997b273c,-79,,0,0,8.0,0
22:32:16,26.0,0,b91bfd7ea09580c0c278066b9bfba0ad0fc8d648f81de611b33f822e1a8ded90,-94,,0,0,,0
22:32:17,26.0,0,401ab454386bf7da8ad61e694908f1597ccc4d71da6a6b4572a6bf31997b273c,-80,,0,0,8.0,0
22:32:18,26.0,0,5dd8350ed7a7ba26958fd9cc97e9a9591fc120027d94cde3b0bc634de8928aa4,-73,,0,0,7.0,0
22:32:19,26.0,0,5dd8350ed7a7ba26958fd9cc97e9a9591fc120027d94cde3b0bc634de8928aa4,-71,,0,0,7.0,0
22:32:20,26.0,0,eaac4a052fa850df7c73cd8570e0579023b204aacee5d22e7e870929d6137522,-76,,0,0,,0
22:32:20,26.0,0,4e64ef860678e7d2b0129cbcc3b3c50198b33cf49c03cb530371078e19ce5585,-87,,0,0,12.0,0
22:32:21,26.0,0,5dd8350ed7a7ba26958fd9cc97e9a9591fc120027d94cde3b0bc634de8928aa4,-74,,0,0,7.0,0
22:32:22,26.0,0,eaac4a052fa850df7c73cd8570e0579023b204aacee5d22e7e870929d6137522,-84,,0,0,,0
22:32:23,26.0,0,eaac4a052fa850df7c73cd8570e0579023b204aacee5d22e7e870929d6137522,-79,,0,0,,0
22:32:23,26.0,0,4e64ef860678e7d2b0129cbcc3b3c50198b33cf49c03cb530371078e19ce5585,-90,,0,0,12.0,0
22:32:24,26.0,0,a1bfa649a45e7a7db01f1abbf08e6d0e0186ff7582573209446d3e100b4b430c,-85,,0,0,12.0,0
22:32:25,26.0,0,eaac4a052fa850df7c73cd8570e0579023b204aacee5d22e7e870929d6137522,-82,,0,0,,0
22:32:26,26.0,0,a1bfa649a45e7a7db01f1abbf08e6d0e0186ff7582573209446d3e100b4b430c,-86,,0,0,12.0,0
22:32:27,26.0,0,b91bfd7ea09580c0c278066b9bfba0ad0fc8d648f81de611b33f822e1a8ded90,-99,,0,0,,0
22:32:27,26.0,0,b97e60adb9be172cfa04aa44f3b9128ce28912ad4405b50c4b7d8d09c0040253,-85,,0,0,,0
22:32:28,26.0,0,eaac4a052fa850df7c73cd8570e0579023b204aacee5d22e7e870929d6137522,-83,,0,0,,0
22:32:29,,0,bbbdb9e147cdb51fdd703ec12e0459c2a670ee8ac9e477c7a4ad484d1f93c0fe,-83,,0,0,,0
22:32:30,26.0,0,b97e60adb9be172cfa04aa44f3b9128ce28912ad4405b50c4b7d8d09c0040253,-84,,0,0,,0
22:32:30,26.0,0,eaac4a052fa850df7c73cd8570e0579023b204aacee5d22e7e870929d6137522,-89,,0,0,,0
22:32:31,26.0,0,b91bfd7ea09580c0c278066b9bfba0ad0fc8d648f81de611b33f822e1a8ded90,-92,,0,0,,0
22:32:32,26.0,0,9c66898629bb61c747f9d5f8ee5b83622837388bb0681a2e80e36a5ba800ba5e,-74,,0,0,12.0,0
22:32:33,26.0,0,5dd8350ed7a7ba26958fd9cc97e9a9591fc120027d94cde3b0bc634de8928aa4,-73,,0,0,7.0,0
22:32:34,26.0,0,b91bfd7ea09580c0c278066b9bfba0ad0fc8d648f81de611b33f822e1a8ded90,-93,,0,0,,0
22:32:34,26.0,0,b97e60adb9be172cfa04aa44f3b9128ce28912ad4405b50c4b7d8d09c0040253,-86,,0,0,,0
22:32:35,26.0,0,eaac4a052fa850df7c73cd8570e0579023b204aacee5d22e7e870929d6137522,-84,,0,0,,0
22:32:36,,0,25d3fa52805804e076e764d235007b231b01e48fba4136878ab38619d37fe4d5,-84,,0,0,,0
22:32:37,26.0,0,9c66898629bb61c747f9d5f8ee5b83622837388bb0681a2e80e36a5ba800ba5e,-65,,0,0,12.0,0
22:32:37,26.0,0,f8bfecd1fa68afd9ecafe4ad0de29bcc78b11ce9fbc6ab06822f539dc5277b5c,-90,,0,0,,0
22:32:38,26.0,0,b97e60adb9be172cfa04aa44f3b9128ce28912ad4405b50c4b7d8d09c0040253,-81,,0,0,,0
22:32:39,26.0,0,f8bfecd1fa68afd9ecafe4ad0de29bcc78b11ce9fbc6ab06822f539dc5277b5c,-88,,0,0,,0
22:32:40,,0,1f4bfe3eb6a00b7c2ccbaead2c34810154343648b83ea25c7d3195857a9ca333,-83,,0,0,,0
22:32:41,26.0,0,a1bfa649a45e7a7db01f1abbf08e6d0e0186ff7582573209446d3e100b4b430c,-80,,0,0,12.0,0
22:32:41,26.0,0,9c66898629bb61c747f9d5f8ee5b83622837388bb0681a2e80e36a5ba800ba5e,-69,,0,0,12.0,0
22:32:42,26.0,0,a1bfa649a45e7a7db01f1abbf08e6d0e0186ff7582573209446d3e100b4b430c,-80,,0,0,12.0,0
22:32:43,26.0,0,f8bfecd1fa68afd9ecafe4ad0de29bcc78b11ce9fbc6ab06822f539dc5277b5c,-76,,0,0,,0
22:32:44,26.0,0,5dd8350ed7a7ba26958fd9cc97e9a9591fc120027d94cde3b0bc634de8928aa4,-74,,0,0,7.0,0
22:32:44,26.0,0,4e64ef860678e7d2b0129cbcc3b3c50198b33cf49c03cb530371078e19ce5585,-87,,0,0,12.0,0
22:32:45,26.0,0,f8bfecd1fa68afd9ecafe4ad0de29bcc78b11ce9fbc6ab06822f539dc5277b5c,-79,,0,0,,0
22:32:46,26.0,0,401ab454386bf7da8ad61e694908f1597ccc4d71da6a6b4572a6bf31997b273c,-87,,0,0,8.0,0
22:32:47,26.0,0,5dd8350ed7a7ba26958fd9cc97e9a9591fc120027d94cde3b0bc634de8928aa4,-73,,0,0,7.0,0
22:32:48,26.0,0,f8bfecd1fa68afd9ecafe4ad0de29bcc78b11ce9fbc6ab06822f539dc5277b5c,-89,,0,0,,0
22:32:48,26.0,0,b91bfd7ea09580c0c278066b9bfba0ad0fc8d648f81de611b33f822e1a8ded90,-97,,0,0,,0
22:32:49,,0,bc8f5643538981a71c3df7c150677e0237a11739b9d553a59098923f8e54c25a,-66,,0,0,,0
22:32:50,26.0,0,6cc5ddd8a138b749fb9dca179c677968853e097c57a86e517807009e66f634d6,-87,,0,0,9.0,0
22:32:51,26.0,0,b97e60adb9be172cfa04aa44f3b9128ce28912ad4405b50c4b7d8d09c0040253,-86,,0,0,,0
22:32:51,26.0,0,6aab15c22a9c62b3b74d210f7aeefcf0144ba2347256a7263306d6602e4a7139,-90,,0,0,7.0,0
22:32:52,26.0,0,401ab454386bf7da8ad61e694908f1597ccc4d71da6a6b4572a6bf31997b273c,-74,,0,0,,0
22:32:53,26.0,0,401ab454386bf7da8ad61e694908f1597ccc4d71da6a6b4572a6bf31997b273c,-74,,0,0,,0
22:32:54,26.0,0,9c66898629bb61c747f9d5f8ee5b83622837388bb0681a2e80e36a5ba800ba5e,-67,,0,0,12.0,0
22:32:55,26.0,0,a1bfa649a45e7a7db01f1abbf08e6d0e0186ff7582573209446d3e100b4b430c,-82,,0,0,12.0,0
22:32:55,26.0,0,f8bfecd1fa68afd9ecafe4ad0de29bcc78b11ce9fbc6ab06822f539dc5277b5c,-81,,0,0,,0
22:32:56,26.0,0,401ab454386bf7da8ad61e694908f1597ccc4d71da6a6b4572a6bf31997b273c,-80,,0,0,,0
22:32:57,,0,bbbdb9e147cdb51fdd703ec12e0459c2a670ee8ac9e477c7a4ad484d1f93c0fe,-91,,0,0,,0
22:32:58,26.0,0,401ab454386bf7da8ad61e694908f1597ccc4d71da6a6b4572a6bf31997b273c,-79,,0,0,,0
22:32:59,26.0,0,4e64ef860678e7d2b0129cbcc3b3c50198b33cf49c03cb530371078e19ce5585,-88,,0,0,12.0,0
22:32:59,26.0,0,9c66898629bb61c747f9d5f8ee5b83622837388bb0681a2e80e36a5ba800ba5e,-68,,0,0,12.0,0
22:33:00,26.0,0,401ab454386bf7da8ad61e694908f1597ccc4d71da6a6b4572a6bf31997b273c,-82,,0,0,,0
22:33:01,26.0,0,401ab454386bf7da8ad61e694908f1597ccc4d71da6a6b4572a6bf31997b273c,-81,,0,0,,0
22:33:02,26.0,0,5dd8350ed7a7ba26958fd9cc97e9a9591fc120027d94cde3b0bc634de8928aa4,-71,,0,0,7.0,0
22:33:02,26.0,0,401ab454386bf7da8ad61e694908f1597ccc4d71da6a6b4572a6bf31997b273c,-88,,0,0,,0
22:33:03,26.0,0,b97e60adb9be172cfa04aa44f3b9128ce28912ad4405b50c4b7d8d09c0040253,-83,,0,0,,0
22:33:04,26.0,0,b97e60adb9be172cfa04aa44f3b9128ce28912ad4405b50c4b7d8d09c0040253,-81,,0,0,,0
22:33:05,6.0,0,aa1c1c1ecff1fde1bc284d0ec7c8c938f62d5e8c7b8f34a4e8683de8c2c0d402,-87,Rb20,0,0,,0
22:33:06,26.0,0,f8bfecd1fa68afd9ecafe4ad0de29bcc78b11ce9fbc6ab06822f539dc5277b5c,-87,,0,0,,0
22:33:06,26.0,0,401ab454386bf7da8ad61e694908f1597ccc4d71da6a6b4572a6bf31997b273c,-80,,0,0,,0
22:33:07,26.0,0,9c66898629bb61c747f9d5f8ee5b83622837388bb0681a2e80e36a5ba800ba5e,-61,,0,0,12.0,0
22:33:08,26.0,0,401ab454386bf7da8ad61e694908f1597ccc4d71da6a6b4572a6bf31997b273c,-80,,0,0,,0
22:33:09,26.0,0,b97e60adb9be172cfa04aa44f3b9128ce28912ad4405b50c4b7d8d09c0040253,-80,,0,0,,0
22:33:09,26.0,0,b97e60adb9be172cfa04aa44f3b9128ce28912ad4405b50c4b7d8d09c0040253,-82,,0,0,,0
22:33:10,26.0,0,5dd8350ed7a7ba26958fd9cc97e9a9591fc120027d94cde3b0bc634de8928aa4,-75,,0,0,7.0,0
22:33:11,26.0,0,5dd8350ed7a7ba26958fd9cc97e9a9591fc120027d94cde3b0bc634de8928aa4,-72,,0,0,7.0,0
22:33:12,26.0,0,5dd8350ed7a7ba26958fd9cc97e9a9591fc120027d94cde3b0bc634de8928aa4,-74,,0,0,7.0,0
22:33:13,26.0,0,a1bfa649a45e7a7db01f1abbf08e6d0e0186ff7582573209446d3e100b4b430c,-82,,0,0,12.0,0
22:33:13,26.0,0,a1bfa649a45e7a7db01f1abbf08e6d0e0186ff7582573209446d3e100b4b430c,-82,,0,0,12.0,0
22:33:14,26.0,0,dca710024a94a119d8dd19453bffbaacdfdd1dd6d01b3433ce8c782da46891c2,-94,,0,0,,0
22:33:15,26.0,0,5dd8350ed7a7ba26958fd9cc97e9a9591fc120027d94cde3b0bc634de8928aa4,-72,,0,0,7.0,0
22:33:16,26.0,0,401ab454386bf7da8ad61e694908f1597ccc4d71da6a6b4572a6bf31997b273c,-82,,0,0,,0
22:33:16,26.0,0,5dd8350ed7a7ba26958fd9cc97e9a9591fc120027d94cde3b0bc634de8928aa4,-73,,0,0,7.0,0
22:33:17,26.0,0,5dd8350ed7a7ba26958fd9cc97e9a9591fc120027d94cde3b0bc634de8928aa4,-73,,0,0,7.0,0
22:33:18,26.0,0,401ab454386bf7da8ad61e694908f1597ccc4d71da6a6b4572a6bf31997b273c,-81,,0,0,8.0,0
22:33:19,26.0,0,b97e60adb9be172cfa04aa44f3b9128ce28912ad4405b50c4b7d8d09c0040253,-87,,0,0,,0
22:33:20,26.0,0,a1bfa649a45e7a7db01f1abbf08e6d0e0186ff7582573209446d3e100b4b430c,-82,,0,0,12.0,0
22:33:20,,0,1f4bfe3eb6a00b7c2ccbaead2c34810154343648b83ea25c7d3195857a9ca333,-83,,0,0,,0
22:33:21,26.0,0,b97e60adb9be172cfa04aa44f3b9128ce28912ad4405b50c4b7d8d09c0040253,-81,,0,0,,0
22:33:22,26.0,0,a1bfa649a45e7a7db01f1abbf08e6d0e0186ff7582573209446d3e100b4b430c,-85,,0,0,12.0,0
22:33:23,26.0,0,401ab454386bf7da8ad61e694908f1597ccc4d71da6a6b4572a6bf31997b273c,-82,,0,0,8.0,0
22:33:24,26.0,0,401ab454386bf7da8ad61e694908f1597ccc4d71da6a6b4572a6bf31997b273c,-77,,0,0,8.0,0
22:33:24,6.0,0,aa1c1c1ecff1fde1bc284d0ec7c8c938f62d5e8c7b8f34a4e8683de8c2c0d402,-87,Rb20,0,0,,0
22:33:25,6.0,0,aa1c1c1ecff1fde1bc284d0ec7c8c938f62d5e8c7b8f34a4e8683de8c2c0d402,-92,Rb20,0,0,,0
22:33:26,26.0,0,b97e60adb9be172cfa04aa44f3b9128ce28912ad4405b50c4b7d8d09c0040253,-86,,0,0,,0
22:33:27,26.0,0,5dd8350ed7a7ba26958fd9cc97e9a9591fc120027d94cde3b0bc634de8928aa4,-73,,0,0,7.0,0
22:33:27,,0,e054d9b5588ce0d5d9ecf44a07e2856810585fbfd963ee0198ca8f9ba319c06d,-91,,0,0,,0
22:33:28,26.0,0,4e64ef860678e7d2b0129cbcc3b3c50198b33cf49c03cb530371078e19ce5585,-84,,0,0,12.0,0
22:33:29,26.0,0,5dd8350ed7a7ba26958fd9cc97e9a9591fc120027d94cde3b0bc634de8928aa4,-75,,0,0,7.0,0
22:33:30,26.0,0,b97e60adb9be172cfa04aa44f3b9128ce28912ad4405b50c4b7d8d09c0040253,-84,,0,0,,0
22:33:31,26.0,0,5dd8350ed7a7ba26958fd9cc97e9a9591fc120027d94cde3b0bc634de8928aa4,-72,,0,0,7.0,0
22:33:31,26.0,0,a1bfa649a45e7a7db01f1abbf08e6d0e0186ff7582573209446d3e100b4b430c,-85,,0,0,12.0,0
22:33:32,26.0,0,401ab454386bf7da8ad61e694908f1597ccc4d71da6a6b4572a6bf31997b273c,-80,,0,0,8.0,0
22:33:33,,0,bbbdb9e147cdb51fdd703ec12e0459c2a670ee8ac9e477c7a4ad484d1f93c0fe,-85,,0,0,,0
22:33:34,26.0,0,5dd8350ed7a7ba26958fd9cc97e9a9591fc120027d94cde3b0bc634de8928aa4,-72,,0,0,7.0,0
22:33:34,26.0,0,5dd8350ed7a7ba26958fd9cc97e9a9591fc120027d94cde3b0bc634de8928aa4,-76,,0,0,7.0,0
22:33:35,26.0,0,a1bfa649a45e7a7db01f1abbf08e6d0e0186ff7582573209446d3e100b4b430c,-80,,0,0,12.0,0
22:33:36,26.0,0,5dd8350ed7a7ba26958fd9cc97e9a9591fc120027d94cde3b0bc634de8928aa4,-69,,0,0,7.0,0
22:33:37,,0,bc8f5643538981a71c3df7c150677e0237a11739b9d553a59098923f8e54c25a,-58,,0,0,,0
22:33:38,26.0,0,5dd8350ed7a7ba26958fd9cc97e9a9591fc120027d94cde3b0bc634de8928aa4,-68,,0,0,7.0,0
