Time,adv_flag,def_tx_pwr,mac,rssi,name,scan_tx_pwr,conn_tx_pwr,tx_range,adv_tx_pwr
16:03:59,26.0,3,e2591d9a97007b17d3b24feccd004f1fd2543c3404c1bc4a880ab24fb948bbbe,-90,,3,64,,3
16:03:59,,3,b0ea5bf0387ae3a66b830e1382d1e323bd9d60bb87876b461bcb1a33bd3bf15b,-85,,3,64,,3
16:04:00,26.0,3,c8d7cde25c78830c0293eb633f3b0e3e4f944bd22a210d52265ea42f16442f0e,-78,,3,64,,3
16:04:01,26.0,3,26c14c73e4112de491bedad9def801cee37b9bad7b659dd93812834d72200f1e,-90,,3,64,,3
16:04:02,26.0,3,e2591d9a97007b17d3b24feccd004f1fd2543c3404c1bc4a880ab24fb948bbbe,-88,,3,64,,3
16:04:03,26.0,3,29ea1baf3c5f51c28084ea929cbbd3b645a97499599d4e5ec5d2fadae4cb141d,-48,,3,64,12.0,3
16:04:03,26.0,3,8a94e387e6e2ba769fa35eb4c0845919e23ef2c4b2d7264576d462f0584312cd,-83,,3,64,,3
16:04:04,,3,b0ea5bf0387ae3a66b830e1382d1e323bd9d60bb87876b461bcb1a33bd3bf15b,-80,,3,64,,3
16:04:05,26.0,3,5edef026a5a04a768a68e3eb55f42442ad0f9013216c0eb83887aa4bbc12006e,-81,,3,64,,3
16:04:06,26.0,3,6e9b02147e8bfeb9d12650d4d2421b26223581518636e34ab022090fcc5a2570,-83,,3,64,,3
16:04:07,26.0,3,5e955c1caaa9b4d4f47b72b1c240f1d09de0724cde4bff66aefcc78d67eabfdf,-81,,3,64,,3
16:04:08,26.0,3,5edef026a5a04a768a68e3eb55f42442ad0f9013216c0eb83887aa4bbc12006e,-78,,3,64,,3
16:04:08,26.0,3,63060931d8eb94a5af4e2e99ef2ecd4aca5331613b236385baf196dcab60c60a,-80,,3,64,,3
16:04:09,26.0,3,6e9b02147e8bfeb9d12650d4d2421b26223581518636e34ab022090fcc5a2570,-77,,3,64,,3
16:04:10,,3,b0ea5bf0387ae3a66b830e1382d1e323bd9d60bb87876b461bcb1a33bd3bf15b,-85,,3,64,,3
16:04:11,26.0,3,e2591d9a97007b17d3b24feccd004f1fd2543c3404c1bc4a880ab24fb948bbbe,-89,,3,64,,3
16:04:12,,3,5c8c10cdaadbfb7b439e635005e877b77db4874624adac80b3d50f9b8a1699ab,-85,,3,64,,3
16:04:12,26.0,3,26c14c73e4112de491bedad9def801cee37b9bad7b659dd93812834d72200f1e,-88,,3,64,,3
16:04:13,,3,1c4bba89d8a04b3d52047cfa68370a33168adac3d03f95192d05c3a26e3013dc,-49,,3,64,,3
16:04:14,,3,dfb9e417bf9b4b045a026d40ee5f6e47e99c1e991b8f87efbf5f7bb8b83a274d,-88,,3,64,,3
16:04:15,26.0,3,5e955c1caaa9b4d4f47b72b1c240f1d09de0724cde4bff66aefcc78d67eabfdf,-84,,3,64,,3
16:04:16,6.0,3,3c04aaa03f16640d5a6da4a9ac54a0d35e9478e98f6e0a002aac9e26c35c4a1f,-88,,3,64,,3
16:04:16,,3,5c8c10cdaadbfb7b439e635005e877b77db4874624adac80b3d50f9b8a1699ab,-84,,3,64,,3
16:04:17,26.0,3,63060931d8eb94a5af4e2e99ef2ecd4aca5331613b236385baf196dcab60c60a,-82,,3,64,,3
16:04:18,,3,57bf852653be90fabfa8ac55388eead4a29f61c1cc2196048abede88ddee3043,-73,,3,64,,3
16:04:19,26.0,3,502635b84af12a178a7b3222e8ef632f90d48307f0534e8b14f69f9c155a74c4,-81,,3,64,5.0,3
16:04:20,26.0,3,5edef026a5a04a768a68e3eb55f42442ad0f9013216c0eb83887aa4bbc12006e,-76,,3,64,,3
16:04:21,,3,fe24010741effcb14ddc4d8294bdbeb4f3f76cd8d7e8b44c70c548f71f3b7159,-81,,3,64,,3
16:04:21,,3,b0ea5bf0387ae3a66b830e1382d1e323bd9d60bb87876b461bcb1a33bd3bf15b,-80,,3,64,,3
16:04:22,26.0,3,5e955c1caaa9b4d4f47b72b1c240f1d09de0724cde4bff66aefcc78d67eabfdf,-88,,3,64,,3
16:04:23,26.0,3,9668b38870697ad1090923560739aa32eb590a2f7a78509cbda9bc4b97733d4d,-74,,3,64,12.0,3
16:04:24,26.0,3,8a94e387e6e2ba769fa35eb4c0845919e23ef2c4b2d7264576d462f0584312cd,-79,,3,64,,3
16:04:25,26.0,3,63060931d8eb94a5af4e2e99ef2ecd4aca5331613b236385baf196dcab60c60a,-75,,3,64,,3
16:04:25,,3,5c8c10cdaadbfb7b439e635005e877b77db4874624adac80b3d50f9b8a1699ab,-88,,3,64,,3
16:04:26,26.0,3,5e955c1caaa9b4d4f47b72b1c240f1d09de0724cde4bff66aefcc78d67eabfdf,-84,,3,64,,3
16:04:27,6.0,3,3c04aaa03f16640d5a6da4a9ac54a0d35e9478e98f6e0a002aac9e26c35c4a1f,-81,,3,64,,3
16:04:28,26.0,3,c8d7cde25c78830c0293eb633f3b0e3e4f944bd22a210d52265ea42f16442f0e,-71,,3,64,,3
16:04:29,6.0,3,3c04aaa03f16640d5a6da4a9ac54a0d35e9478e98f6e0a002aac9e26c35c4a1f,-87,,3,64,,3
16:04:29,26.0,3,6e9b02147e8bfeb9d12650d4d2421b26223581518636e34ab022090fcc5a2570,-83,,3,64,,3
16:04:30,,3,57bf852653be90fabfa8ac55388eead4a29f61c1cc2196048abede88ddee3043,-62,,3,64,,3
16:04:31,26.0,3,eca9c889f9f23084fafdfb22be0bc67976e9d03d8a3380f0f5d512b933ad60b8,-92,,3,64,7.0,3
16:04:32,26.0,3,b1d0cb098a58d2211a3d5e87019f7d7baa948cef808082bcba29610e99e15f32,-83,,3,64,7.0,3
16:04:33,26.0,3,c8d7cde25c78830c0293eb633f3b0e3e4f944bd22a210d52265ea42f16442f0e,-81,,3,64,,3
16:04:33,,3,b0ea5bf0387ae3a66b830e1382d1e323bd9d60bb87876b461bcb1a33bd3bf15b,-84,,3,64,,3
16:04:34,,3,5c8c10cdaadbfb7b439e635005e877b77db4874624adac80b3d50f9b8a1699ab,-85,,3,64,,3
16:04:35,26.0,3,5edef026a5a04a768a68e3eb55f42442ad0f9013216c0eb83887aa4bbc12006e,-87,,3,64,,3
16:04:36,26.0,3,6d7974068429c0067e4e600072da62ce947cb5115dd1fc1bb980718db7a4f5d3,-88,,3,64,12.0,3
16:04:37,26.0,3,6d7974068429c0067e4e600072da62ce947cb5115dd1fc1bb980718db7a4f5d3,-89,,3,64,12.0,3
16:04:37,26.0,3,8a94e387e6e2ba769fa35eb4c0845919e23ef2c4b2d7264576d462f0584312cd,-86,,3,64,,3
16:04:38,6.0,3,3c04aaa03f16640d5a6da4a9ac54a0d35e9478e98f6e0a002aac9e26c35c4a1f,-84,,3,64,,3
16:04:39,,3,b0ea5bf0387ae3a66b830e1382d1e323bd9d60bb87876b461bcb1a33bd3bf15b,-85,,3,64,,3
16:04:40,26.0,3,07ed538f52171da4a74285da13e2df4eacd4e2b500a481b27a3f806a37938f09,-92,,3,64,,3
16:04:41,,3,dfb9e417bf9b4b045a026d40ee5f6e47e99c1e991b8f87efbf5f7bb8b83a274d,-91,,3,64,,3
16:04:41,26.0,3,8a94e387e6e2ba769fa35eb4c0845919e23ef2c4b2d7264576d462f0584312cd,-73,,3,64,,3
16:04:42,6.0,3,3c04aaa03f16640d5a6da4a9ac54a0d35e9478e98f6e0a002aac9e26c35c4a1f,-87,,3,64,,3
16:04:43,,3,57bf852653be90fabfa8ac55388eead4a29f61c1cc2196048abede88ddee3043,-66,,3,64,,3
16:04:44,,3,b0ea5bf0387ae3a66b830e1382d1e323bd9d60bb87876b461bcb1a33bd3bf15b,-75,,3,64,,3
16:04:45,26.0,3,6e9b02147e8bfeb9d12650d4d2421b26223581518636e34ab022090fcc5a2570,-77,,3,64,,3
16:04:46,,3,57bf852653be90fabfa8ac55388eead4a29f61c1cc2196048abede88ddee3043,-77,,3,64,,3
16:04:46,,3,b0ea5bf0387ae3a66b830e1382d1e323bd9d60bb87876b461bcb1a33bd3bf15b,-79,,3,64,,3
16:04:47,26.0,3,502635b84af12a178a7b3222e8ef632f90d48307f0534e8b14f69f9c155a74c4,-73,,3,64,5.0,3
16:04:48,26.0,3,502635b84af12a178a7b3222e8ef632f90d48307f0534e8b14f69f9c155a74c4,-75,,3,64,5.0,3
16:04:49,26.0,3,5edef026a5a04a768a68e3eb55f42442ad0f9013216c0eb83887aa4bbc12006e,-79,,3,64,,3
16:04:50,26.0,3,6e9b02147e8bfeb9d12650d4d2421b26223581518636e34ab022090fcc5a2570,-82,,3,64,,3
16:04:50,,3,57bf852653be90fabfa8ac55388eead4a29f61c1cc2196048abede88ddee3043,-67,,3,64,,3
16:04:51,26.0,3,feda24edacafc1f697ff22bcbbc922dfc7123ce79c3c308f61ffebb3e6f56ebd,-91,,3,64,5.0,3
16:04:52,,3,5c8c10cdaadbfb7b439e635005e877b77db4874624adac80b3d50f9b8a1699ab,-81,,3,64,,3
16:04:53,26.0,3,63060931d8eb94a5af4e2e99ef2ecd4aca5331613b236385baf196dcab60c60a,-87,,3,64,,3
16:04:54,,3,5c8c10cdaadbfb7b439e635005e877b77db4874624adac80b3d50f9b8a1699ab,-84,,3,64,,3
16:04:54,26.0,3,70c9f679983e48bd141ef5190e7517f2f8288b71d8901ec7f27826a6f20abed8,-80,,3,64,5.0,3
16:04:55,,3,57bf852653be90fabfa8ac55388eead4a29f61c1cc2196048abede88ddee3043,-73,,3,64,,3
16:04:56,6.0,3,48fdfa6701d2385251886c55d4ba904b4763834a229ac25d06c135cdd26a4e90,-84,,3,64,,3
16:04:57,26.0,3,f838d0f4fd15906fd233efcc1b264f06e4e5e2721a1ad427f51ccc0b8a46b405,-88,,3,64,,3
16:04:58,26.0,3,5e955c1caaa9b4d4f47b72b1c240f1d09de0724cde4bff66aefcc78d67eabfdf,-75,,3,64,,3
16:04:58,,3,57bf852653be90fabfa8ac55388eead4a29f61c1cc2196048abede88ddee3043,-65,,3,64,,3
16:04:59,26.0,3,63060931d8eb94a5af4e2e99ef2ecd4aca5331613b236385baf196dcab60c60a,-82,,3,64,,3
16:05:00,6.0,3,3c04aaa03f16640d5a6da4a9ac54a0d35e9478e98f6e0a002aac9e26c35c4a1f,-83,,3,64,,3
16:05:01,26.0,3,c8d7cde25c78830c0293eb633f3b0e3e4f944bd22a210d52265ea42f16442f0e,-74,,3,64,,3
16:05:02,,3,57bf852653be90fabfa8ac55388eead4a29f61c1cc2196048abede88ddee3043,-68,,3,64,,3
16:05:03,,3,5c8c10cdaadbfb7b439e635005e877b77db4874624adac80b3d50f9b8a1699ab,-79,,3,64,,3
16:05:03,26.0,3,b1d0cb098a58d2211a3d5e87019f7d7baa948cef808082bcba29610e99e15f32,-85,,3,64,,3
16:05:04,,3,57bf852653be90fabfa8ac55388eead4a29f61c1cc2196048abede88ddee3043,-70,,3,64,,3
16:05:05,26.0,3,6e9b02147e8bfeb9d12650d4d2421b26223581518636e34ab022090fcc5a2570,-75,,3,64,,3
16:05:06,6.0,3,48fdfa6701d2385251886c55d4ba904b4763834a229ac25d06c135cdd26a4e90,-89,,3,64,,3
16:05:07,,3,57bf852653be90fabfa8ac55388eead4a29f61c1cc2196048abede88ddee3043,-70,,3,64,,3
16:05:07,,3,1c4bba89d8a04b3d52047cfa68370a33168adac3d03f95192d05c3a26e3013dc,-52,,3,64,,3
16:05:08,26.0,3,63060931d8eb94a5af4e2e99ef2ecd4aca5331613b236385baf196dcab60c60a,-83,,3,64,,3
16:05:09,,3,b0ea5bf0387ae3a66b830e1382d1e323bd9d60bb87876b461bcb1a33bd3bf15b,-76,,3,64,,3
16:05:10,26.0,3,63060931d8eb94a5af4e2e99ef2ecd4aca5331613b236385baf196dcab60c60a,-81,,3,64,,3
16:05:11,,3,57bf852653be90fabfa8ac55388eead4a29f61c1cc2196048abede88ddee3043,-62,,3,64,,3
16:05:11,,3,b0ea5bf0387ae3a66b830e1382d1e323bd9d60bb87876b461bcb1a33bd3bf15b,-77,,3,64,,3
16:05:12,26.0,3,63060931d8eb94a5af4e2e99ef2ecd4aca5331613b236385baf196dcab60c60a,-81,,3,64,,3
16:05:13,26.0,3,9668b38870697ad1090923560739aa32eb590a2f7a78509cbda9bc4b97733d4d,-73,,3,64,12.0,3
16:05:14,26.0,3,f838d0f4fd15906fd233efcc1b264f06e4e5e2721a1ad427f51ccc0b8a46b405,-90,,3,64,,3
16:05:15,,3,5c8c10cdaadbfb7b439e635005e877b77db4874624adac80b3d50f9b8a1699ab,-81,,3,64,,3
16:05:15,6.0,3,48fdfa6701d2385251886c55d4ba904b4763834a229ac25d06c135cdd26a4e90,-84,,3,64,,3
16:05:16,,3,5c8c10cdaadbfb7b439e635005e877b77db4874624adac80b3d50f9b8a1699ab,-81,,3,64,,3
16:05:17,26.0,3,63060931d8eb94a5af4e2e99ef2ecd4aca5331613b236385baf196dcab60c60a,-84,,3,64,,3
16:05:18,26.0,3,63060931d8eb94a5af4e2e99ef2ecd4aca5331613b236385baf196dcab60c60a,-78,,3,64,,3
16:05:19,26.0,3,5e955c1caaa9b4d4f47b72b1c240f1d09de0724cde4bff66aefcc78d67eabfdf,-72,,3,64,,3
16:05:19,26.0,3,c8d7cde25c78830c0293eb633f3b0e3e4f944bd22a210d52265ea42f16442f0e,-75,,3,64,,3
16:05:20,,3,5c8c10cdaadbfb7b439e635005e877b77db4874624adac80b3d50f9b8a1699ab,-77,,3,64,,3
16:05:21,26.0,3,1033583db495c4a6c82f6b11f3890caf9f568001315bed90c5df93f9919056a6,-76,,3,64,8.0,3
16:05:22,,3,5c8c10cdaadbfb7b439e635005e877b77db4874624adac80b3d50f9b8a1699ab,-74,,3,64,,3
16:05:23,,3,5c8c10cdaadbfb7b439e635005e877b77db4874624adac80b3d50f9b8a1699ab,-82,,3,64,,3
16:05:23,26.0,3,5e955c1caaa9b4d4f47b72b1c240f1d09de0724cde4bff66aefcc78d67eabfdf,-79,,3,64,,3
16:05:24,26.0,3,8a94e387e6e2ba769fa35eb4c0845919e23ef2c4b2d7264576d462f0584312cd,-75,,3,64,,3
16:05:25,,3,5c8c10cdaadbfb7b439e635005e877b77db4874624adac80b3d50f9b8a1699ab,-81,,3,64,,3
16:05:26,26.0,3,9668b38870697ad1090923560739aa32eb590a2f7a78509cbda9bc4b97733d4d,-78,,3,64,12.0,3
16:05:27,,3,57bf852653be90fabfa8ac55388eead4a29f61c1cc2196048abede88ddee3043,-68,,3,64,,3
16:05:28,26.0,3,033d0c76f817f99b3655cfade5d478879a228ac94b9b8faeadc7069300ea0e75,-76,,3,64,5.0,3
16:05:28,,3,5c8c10cdaadbfb7b439e635005e877b77db4874624adac80b3d50f9b8a1699ab,-71,,3,64,,3
16:05:29,,3,5c8c10cdaadbfb7b439e635005e877b77db4874624adac80b3d50f9b8a1699ab,-81,,3,64,,3
16:05:30,,3,5c8c10cdaadbfb7b439e635005e877b77db4874624adac80b3d50f9b8a1699ab,-71,,3,64,,3
16:05:31,,3,dfb9e417bf9b4b045a026d40ee5f6e47e99c1e991b8f87efbf5f7bb8b83a274d,-92,,3,64,,3
16:05:32,,3,57bf852653be90fabfa8ac55388eead4a29f61c1cc2196048abede88ddee3043,-72,,3,64,,3
16:05:32,,3,57bf852653be90fabfa8ac55388eead4a29f61c1cc2196048abede88ddee3043,-66,,3,64,,3
16:05:33,26.0,3,5e955c1caaa9b4d4f47b72b1c240f1d09de0724cde4bff66aefcc78d67eabfdf,-74,,3,64,,3
16:05:34,26.0,3,8a94e387e6e2ba769fa35eb4c0845919e23ef2c4b2d7264576d462f0584312cd,-73,,3,64,,3
16:05:35,26.0,3,feda24edacafc1f697ff22bcbbc922dfc7123ce79c3c308f61ffebb3e6f56ebd,-81,,3,64,5.0,3
16:05:36,26.0,3,8a94e387e6e2ba769fa35eb4c0845919e23ef2c4b2d7264576d462f0584312cd,-72,,3,64,,3
16:05:36,26.0,3,9668b38870697ad1090923560739aa32eb590a2f7a78509cbda9bc4b97733d4d,-77,,3,64,12.0,3
16:05:37,,3,5c8c10cdaadbfb7b439e635005e877b77db4874624adac80b3d50f9b8a1699ab,-87,,3,64,,3
16:05:38,26.0,3,5e955c1caaa9b4d4f47b72b1c240f1d09de0724cde4bff66aefcc78d67eabfdf,-77,,3,64,,3
16:05:39,26.0,3,033d0c76f817f99b3655cfade5d478879a228ac94b9b8faeadc7069300ea0e75,-72,,3,64,5.0,3
16:05:40,26.0,3,c8d7cde25c78830c0293eb633f3b0e3e4f944bd22a210d52265ea42f16442f0e,-82,,3,64,,3
16:05:41,6.0,3,3c04aaa03f16640d5a6da4a9ac54a0d35e9478e98f6e0a002aac9e26c35c4a1f,-82,,3,64,,3
16:05:41,26.0,3,c8d7cde25c78830c0293eb633f3b0e3e4f944bd22a210d52265ea42f16442f0e,-80,,3,64,,3
16:05:42,26.0,3,5edef026a5a04a768a68e3eb55f42442ad0f9013216c0eb83887aa4bbc12006e,-81,,3,64,,3
16:05:43,,3,5c8c10cdaadbfb7b439e635005e877b77db4874624adac80b3d50f9b8a1699ab,-74,,3,64,,3
16:05:44,,3,57bf852653be90fabfa8ac55388eead4a29f61c1cc2196048abede88ddee3043,-74,,3,64,,3
16:05:45,26.0,3,5e955c1caaa9b4d4f47b72b1c240f1d09de0724cde4bff66aefcc78d67eabfdf,-76,,3,64,,3
16:05:45,26.0,3,f838d0f4fd15906fd233efcc1b264f06e4e5e2721a1ad427f51ccc0b8a46b405,-85,,3,64,,3
16:05:46,,3,b0ea5bf0387ae3a66b830e1382d1e323bd9d60bb87876b461bcb1a33bd3bf15b,-85,,3,64,,3
16:05:47,,3,7978c0667a8a56613d288b4d08568ca4f7ec247568a8727d41f8da9a6fa5eaf5,-75,,3,64,,3
16:05:48,26.0,3,1033583db495c4a6c82f6b11f3890caf9f568001315bed90c5df93f9919056a6,-84,,3,64,8.0,3
16:05:49,26.0,3,c8d7cde25c78830c0293eb633f3b0e3e4f944bd22a210d52265ea42f16442f0e,-75,,3,64,,3
16:05:49,26.0,3,8a94e387e6e2ba769fa35eb4c0845919e23ef2c4b2d7264576d462f0584312cd,-72,,3,64,,3
16:05:50,6.0,3,3c04aaa03f16640d5a6da4a9ac54a0d35e9478e98f6e0a002aac9e26c35c4a1f,-84,,3,64,,3
16:05:51,26.0,3,c8d7cde25c78830c0293eb633f3b0e3e4f944bd22a210d52265ea42f16442f0e,-74,,3,64,,3
16:05:52,26.0,3,8a94e387e6e2ba769fa35eb4c0845919e23ef2c4b2d7264576d462f0584312cd,-75,,3,64,,3
16:05:53,26.0,3,f838d0f4fd15906fd233efcc1b264f06e4e5e2721a1ad427f51ccc0b8a46b405,-79,,3,64,,3
16:05:53,26.0,3,07ed538f52171da4a74285da13e2df4eacd4e2b500a481b27a3f806a37938f09,-89,,3,64,,3
16:05:54,,3,57bf852653be90fabfa8ac55388eead4a29f61c1cc2196048abede88ddee3043,-74,,3,64,,3
16:05:55,26.0,3,f838d0f4fd15906fd233efcc1b264f06e4e5e2721a1ad427f51ccc0b8a46b405,-79,,3,64,,3
16:05:56,,3,b0ea5bf0387ae3a66b830e1382d1e323bd9d60bb87876b461bcb1a33bd3bf15b,-84,,3,64,,3
16:05:57,,3,5c8c10cdaadbfb7b439e635005e877b77db4874624adac80b3d50f9b8a1699ab,-85,,3,64,,3
16:05:57,26.0,3,07ed538f52171da4a74285da13e2df4eacd4e2b500a481b27a3f806a37938f09,-94,,3,64,,3
16:05:58,26.0,3,feda24edacafc1f697ff22bcbbc922dfc7123ce79c3c308f61ffebb3e6f56ebd,-81,,3,64,5.0,3
16:05:59,26.0,3,5e955c1caaa9b4d4f47b72b1c240f1d09de0724cde4bff66aefcc78d67eabfdf,-76,,3,64,,3
16:06:00,26.0,3,1033583db495c4a6c82f6b11f3890caf9f568001315bed90c5df93f9919056a6,-83,,3,64,8.0,3
16:06:01,6.0,3,48fdfa6701d2385251886c55d4ba904b4763834a229ac25d06c135cdd26a4e90,-89,,3,64,,3
16:06:02,26.0,3,70c9f679983e48bd141ef5190e7517f2f8288b71d8901ec7f27826a6f20abed8,-78,,3,64,5.0,3
16:06:02,26.0,3,6e9b02147e8bfeb9d12650d4d2421b26223581518636e34ab022090fcc5a2570,-73,,3,64,,3
16:06:03,26.0,3,8a94e387e6e2ba769fa35eb4c0845919e23ef2c4b2d7264576d462f0584312cd,-81,,3,64,,3
16:06:04,,3,5c8c10cdaadbfb7b439e635005e877b77db4874624adac80b3d50f9b8a1699ab,-78,,3,64,,3
16:06:05,26.0,3,c8d7cde25c78830c0293eb633f3b0e3e4f944bd22a210d52265ea42f16442f0e,-89,,3,64,,3
16:06:06,,3,1c4bba89d8a04b3d52047cfa68370a33168adac3d03f95192d05c3a26e3013dc,-53,,3,64,,3
16:06:06,6.0,3,48fdfa6701d2385251886c55d4ba904b4763834a229ac25d06c135cdd26a4e90,-84,,3,64,,3
16:06:07,,3,57bf852653be90fabfa8ac55388eead4a29f61c1cc2196048abede88ddee3043,-79,,3,64,,3
16:06:08,26.0,3,8a94e387e6e2ba769fa35eb4c0845919e23ef2c4b2d7264576d462f0584312cd,-73,,3,64,,3
16:06:09,26.0,3,6d7974068429c0067e4e600072da62ce947cb5115dd1fc1bb980718db7a4f5d3,-86,,3,64,12.0,3
16:06:10,,3,1c4bba89d8a04b3d52047cfa68370a33168adac3d03f95192d05c3a26e3013dc,-52,,3,64,,3
16:06:10,26.0,3,5edef026a5a04a768a68e3eb55f42442ad0f9013216c0eb83887aa4bbc12006e,-75,,3,64,,3
16:06:11,26.0,3,5e955c1caaa9b4d4f47b72b1c240f1d09de0724cde4bff66aefcc78d67eabfdf,-79,,3,64,,3
16:06:12,26.0,3,b1d0cb098a58d2211a3d5e87019f7d7baa948cef808082bcba29610e99e15f32,-85,,3,64,7.0,3
16:06:13,26.0,3,1033583db495c4a6c82f6b11f3890caf9f568001315bed90c5df93f9919056a6,-81,,3,64,8.0,3
16:06:14,,3,b0ea5bf0387ae3a66b830e1382d1e323bd9d60bb87876b461bcb1a33bd3bf15b,-89,,3,64,,3
16:06:14,6.0,3,48fdfa6701d2385251886c55d4ba904b4763834a229ac25d06c135cdd26a4e90,-83,,3,64,,3
16:06:15,26.0,3,5edef026a5a04a768a68e3eb55f42442ad0f9013216c0eb83887aa4bbc12006e,-79,,3,64,,3
16:06:16,26.0,3,6e9b02147e8bfeb9d12650d4d2421b26223581518636e34ab022090fcc5a2570,-73,,3,64,,3
16:06:17,26.0,3,63060931d8eb94a5af4e2e99ef2ecd4aca5331613b236385baf196dcab60c60a,-82,,3,64,,3
16:06:18,26.0,3,5edef026a5a04a768a68e3eb55f42442ad0f9013216c0eb83887aa4bbc12006e,-74,,3,64,,3
16:06:18,26.0,3,033d0c76f817f99b3655cfade5d478879a228ac94b9b8faeadc7069300ea0e75,-73,,3,64,5.0,3
16:06:19,,3,57bf852653be90fabfa8ac55388eead4a29f61c1cc2196048abede88ddee3043,-72,,3,64,,3
16:06:20,26.0,3,8a94e387e6e2ba769fa35eb4c0845919e23ef2c4b2d7264576d462f0584312cd,-73,,3,64,,3
16:06:21,26.0,3,6e9b02147e8bfeb9d12650d4d2421b26223581518636e34ab022090fcc5a2570,-74,,3,64,,3
16:06:22,26.0,3,8a94e387e6e2ba769fa35eb4c0845919e23ef2c4b2d7264576d462f0584312cd,-84,,3,64,,3
16:06:23,26.0,3,5e955c1caaa9b4d4f47b72b1c240f1d09de0724cde4bff66aefcc78d67eabfdf,-73,,3,64,,3
16:06:23,26.0,3,6e9b02147e8bfeb9d12650d4d2421b26223581518636e34ab022090fcc5a2570,-81,,3,64,,3
16:06:24,26.0,3,5e955c1caaa9b4d4f47b72b1c240f1d09de0724cde4bff66aefcc78d67eabfdf,-76,,3,64,,3
16:06:25,,3,57bf852653be90fabfa8ac55388eead4a29f61c1cc2196048abede88ddee3043,-89,,3,64,,3
16:06:26,26.0,3,5e955c1caaa9b4d4f47b72b1c240f1d09de0724cde4bff66aefcc78d67eabfdf,-74,,3,64,,3
16:06:27,26.0,3,f838d0f4fd15906fd233efcc1b264f06e4e5e2721a1ad427f51ccc0b8a46b405,-82,,3,64,,3
16:06:27,,3,57bf852653be90fabfa8ac55388eead4a29f61c1cc2196048abede88ddee3043,-73,,3,64,,3
16:06:28,26.0,3,c8d7cde25c78830c0293eb633f3b0e3e4f944bd22a210d52265ea42f16442f0e,-79,,3,64,,3
16:06:29,,3,5c8c10cdaadbfb7b439e635005e877b77db4874624adac80b3d50f9b8a1699ab,-81,,3,64,,3
16:06:30,,3,57bf852653be90fabfa8ac55388eead4a29f61c1cc2196048abede88ddee3043,-82,,3,64,,3
16:06:31,26.0,3,8a94e387e6e2ba769fa35eb4c0845919e23ef2c4b2d7264576d462f0584312cd,-73,,3,64,,3
16:06:31,26.0,3,9668b38870697ad1090923560739aa32eb590a2f7a78509cbda9bc4b97733d4d,-82,,3,64,12.0,3
16:06:32,26.0,3,6e9b02147e8bfeb9d12650d4d2421b26223581518636e34ab022090fcc5a2570,-73,,3,64,,3
16:06:33,26.0,3,033d0c76f817f99b3655cfade5d478879a228ac94b9b8faeadc7069300ea0e75,-72,,3,64,5.0,3
16:06:34,6.0,3,48fdfa6701d2385251886c55d4ba904b4763834a229ac25d06c135cdd26a4e90,-81,,3,64,,3
16:06:35,,3,5c8c10cdaadbfb7b439e635005e877b77db4874624adac80b3d50f9b8a1699ab,-79,,3,64,,3
16:06:35,26.0,3,c8d7cde25c78830c0293eb633f3b0e3e4f944bd22a210d52265ea42f16442f0e,-84,,3,64,,3
16:06:36,,3,57bf852653be90fabfa8ac55388eead4a29f61c1cc2196048abede88ddee3043,-71,,3,64,,3
16:06:37,26.0,3,5edef026a5a04a768a68e3eb55f42442ad0f9013216c0eb83887aa4bbc12006e,-72,,3,64,,3
16:06:38,26.0,3,8a94e387e6e2ba769fa35eb4c0845919e23ef2c4b2d7264576d462f0584312cd,-81,,3,64,,3
16:06:39,26.0,3,70c9f679983e48bd141ef5190e7517f2f8288b71d8901ec7f27826a6f20abed8,-81,,3,64,5.0,3
16:06:40,26.0,3,70c9f679983e48bd141ef5190e7517f2f8288b71d8901ec7f27826a6f20abed8,-88,,3,64,5.0,3
16:06:40,,3,5c8c10cdaadbfb7b439e635005e877b77db4874624adac80b3d50f9b8a1699ab,-81,,3,64,,3
16:06:41,26.0,3,6e9b02147e8bfeb9d12650d4d2421b26223581518636e34ab022090fcc5a2570,-73,,3,64,,3
16:06:42,6.0,3,48fdfa6701d2385251886c55d4ba904b4763834a229ac25d06c135cdd26a4e90,-87,,3,64,,3
16:06:43,,3,5c8c10cdaadbfb7b439e635005e877b77db4874624adac80b3d50f9b8a1699ab,-85,,3,64,,3
16:06:44,6.0,3,48fdfa6701d2385251886c55d4ba904b4763834a229ac25d06c135cdd26a4e90,-86,,3,64,,3
16:06:44,,3,57bf852653be90fabfa8ac55388eead4a29f61c1cc2196048abede88ddee3043,-74,,3,64,,3
16:06:45,26.0,3,8a94e387e6e2ba769fa35eb4c0845919e23ef2c4b2d7264576d462f0584312cd,-74,,3,64,,3
16:06:46,26.0,3,5e955c1caaa9b4d4f47b72b1c240f1d09de0724cde4bff66aefcc78d67eabfdf,-71,,3,64,,3
16:06:47,26.0,3,63060931d8eb94a5af4e2e99ef2ecd4aca5331613b236385baf196dcab60c60a,-90,,3,64,,3
16:06:48,26.0,3,5e955c1caaa9b4d4f47b72b1c240f1d09de0724cde4bff66aefcc78d67eabfdf,-73,,3,64,,3
16:06:48,26.0,3,5edef026a5a04a768a68e3eb55f42442ad0f9013216c0eb83887aa4bbc12006e,-80,,3,64,,3
16:06:49,26.0,3,c8d7cde25c78830c0293eb633f3b0e3e4f944bd22a210d52265ea42f16442f0e,-79,,3,64,,3
16:06:50,26.0,3,b1d0cb098a58d2211a3d5e87019f7d7baa948cef808082bcba29610e99e15f32,-87,,3,64,7.0,3
16:06:51,26.0,3,8a94e387e6e2ba769fa35eb4c0845919e23ef2c4b2d7264576d462f0584312cd,-81,,3,64,,3
16:06:52,6.0,3,3c04aaa03f16640d5a6da4a9ac54a0d35e9478e98f6e0a002aac9e26c35c4a1f,-85,,3,64,,3
16:06:52,26.0,3,f838d0f4fd15906fd233efcc1b264f06e4e5e2721a1ad427f51ccc0b8a46b405,-87,,3,64,,3
16:06:53,26.0,3,5edef026a5a04a768a68e3eb55f42442ad0f9013216c0eb83887aa4bbc12006e,-73,,3,64,,3
16:06:54,,3,b0ea5bf0387ae3a66b830e1382d1e323bd9d60bb87876b461bcb1a33bd3bf15b,-87,,3,64,,3
16:06:55,,3,b0ea5bf0387ae3a66b830e1382d1e323bd9d60bb87876b461bcb1a33bd3bf15b,-77,,3,64,,3
16:06:56,,3,5c8c10cdaadbfb7b439e635005e877b77db4874624adac80b3d50f9b8a1699ab,-83,,3,64,,3
16:06:56,,3,1c4bba89d8a04b3d52047cfa68370a33168adac3d03f95192d05c3a26e3013dc,-53,,3,64,,3
16:06:57,26.0,3,f838d0f4fd15906fd233efcc1b264f06e4e5e2721a1ad427f51ccc0b8a46b405,-81,,3,64,,3
16:06:58,26.0,3,033d0c76f817f99b3655cfade5d478879a228ac94b9b8faeadc7069300ea0e75,-73,,3,64,5.0,3
16:06:59,26.0,3,502635b84af12a178a7b3222e8ef632f90d48307f0534e8b14f69f9c155a74c4,-79,,3,64,5.0,3
16:07:00,,3,5c8c10cdaadbfb7b439e635005e877b77db4874624adac80b3d50f9b8a1699ab,-80,,3,64,,3
16:07:01,,3,57bf852653be90fabfa8ac55388eead4a29f61c1cc2196048abede88ddee3043,-83,,3,64,,3
16:07:01,26.0,3,f838d0f4fd15906fd233efcc1b264f06e4e5e2721a1ad427f51ccc0b8a46b405,-82,,3,64,,3
16:07:02,26.0,3,63060931d8eb94a5af4e2e99ef2ecd4aca5331613b236385baf196dcab60c60a,-82,,3,64,12.0,3
16:07:03,6.0,3,48fdfa6701d2385251886c55d4ba904b4763834a229ac25d06c135cdd26a4e90,-89,,3,64,,3
16:07:04,26.0,3,8a94e387e6e2ba769fa35eb4c0845919e23ef2c4b2d7264576d462f0584312cd,-74,,3,64,,3
16:07:05,,3,b0ea5bf0387ae3a66b830e1382d1e323bd9d60bb87876b461bcb1a33bd3bf15b,-93,,3,64,,3
16:07:05,,3,5c8c10cdaadbfb7b439e635005e877b77db4874624adac80b3d50f9b8a1699ab,-80,,3,64,,3
16:07:06,,3,57bf852653be90fabfa8ac55388eead4a29f61c1cc2196048abede88ddee3043,-71,,3,64,,3
16:07:07,,3,57bf852653be90fabfa8ac55388eead4a29f61c1cc2196048abede88ddee3043,-75,,3,64,,3
16:07:08,,3,b0ea5bf0387ae3a66b830e1382d1e323bd9d60bb87876b461bcb1a33bd3bf15b,-77,,3,64,,3
16:07:09,26.0,3,5e955c1caaa9b4d4f47b72b1c240f1d09de0724cde4bff66aefcc78d67eabfdf,-71,,3,64,,3
16:07:09,26.0,3,502635b84af12a178a7b3222e8ef632f90d48307f0534e8b14f69f9c155a74c4,-77,,3,64,5.0,3
16:07:10,,3,b0ea5bf0387ae3a66b830e1382d1e323bd9d60bb87876b461bcb1a33bd3bf15b,-77,,3,64,,3
16:07:11,,3,57bf852653be90fabfa8ac55388eead4a29f61c1cc2196048abede88ddee3043,-68,,3,64,,3
16:07:12,26.0,3,5edef026a5a04a768a68e3eb55f42442ad0f9013216c0eb83887aa4bbc12006e,-75,,3,64,,3
16:07:13,26.0,3,1033583db495c4a6c82f6b11f3890caf9f568001315bed90c5df93f9919056a6,-77,,3,64,8.0,3
16:07:13,,3,5c8c10cdaadbfb7b439e635005e877b77db4874624adac80b3d50f9b8a1699ab,-78,,3,64,,3
16:07:14,,3,57bf852653be90fabfa8ac55388eead4a29f61c1cc2196048abede88ddee3043,-67,,3,64,,3
16:07:15,26.0,3,b1d0cb098a58d2211a3d5e87019f7d7baa948cef808082bcba29610e99e15f32,-85,,3,64,7.0,3
16:07:16,26.0,3,63060931d8eb94a5af4e2e99ef2ecd4aca5331613b236385baf196dcab60c60a,-81,,3,64,12.0,3
16:07:17,26.0,3,5e955c1caaa9b4d4f47b72b1c240f1d09de0724cde4bff66aefcc78d67eabfdf,-72,,3,64,,3
16:07:18,,3,57bf852653be90fabfa8ac55388eead4a29f61c1cc2196048abede88ddee3043,-79,,3,64,,3
16:07:18,,3,b0ea5bf0387ae3a66b830e1382d1e323bd9d60bb87876b461bcb1a33bd3bf15b,-89,,3,64,,3
16:07:19,,3,5c8c10cdaadbfb7b439e635005e877b77db4874624adac80b3d50f9b8a1699ab,-88,,3,64,,3
16:07:20,26.0,3,82bd4677596e7f3534eb04fba32ad2955b9b6945800475c563461dfbace261e5,-80,,3,64,8.0,3
16:07:21,26.0,3,8a94e387e6e2ba769fa35eb4c0845919e23ef2c4b2d7264576d462f0584312cd,-75,,3,64,,3
16:07:22,,3,57bf852653be90fabfa8ac55388eead4a29f61c1cc2196048abede88ddee3043,-81,,3,64,,3
16:07:22,,3,5c8c10cdaadbfb7b439e635005e877b77db4874624adac80b3d50f9b8a1699ab,-78,,3,64,,3
16:07:23,,3,b0ea5bf0387ae3a66b830e1382d1e323bd9d60bb87876b461bcb1a33bd3bf15b,-92,,3,64,,3
16:07:24,,3,57bf852653be90fabfa8ac55388eead4a29f61c1cc2196048abede88ddee3043,-69,,3,64,,3
16:07:25,,3,57bf852653be90fabfa8ac55388eead4a29f61c1cc2196048abede88ddee3043,-78,,3,64,,3
16:07:26,26.0,3,033d0c76f817f99b3655cfade5d478879a228ac94b9b8faeadc7069300ea0e75,-72,,3,64,5.0,3
16:07:26,,3,5c8c10cdaadbfb7b439e635005e877b77db4874624adac80b3d50f9b8a1699ab,-81,,3,64,,3
16:07:27,,3,7978c0667a8a56613d288b4d08568ca4f7ec247568a8727d41f8da9a6fa5eaf5,-71,,3,64,,3
16:07:28,26.0,3,5e955c1caaa9b4d4f47b72b1c240f1d09de0724cde4bff66aefcc78d67eabfdf,-77,,3,64,,3
16:07:29,6.0,3,48fdfa6701d2385251886c55d4ba904b4763834a229ac25d06c135cdd26a4e90,-80,,3,64,,3
16:07:30,,3,b0ea5bf0387ae3a66b830e1382d1e323bd9d60bb87876b461bcb1a33bd3bf15b,-87,,3,64,,3
16:07:30,26.0,3,5e955c1caaa9b4d4f47b72b1c240f1d09de0724cde4bff66aefcc78d67eabfdf,-79,,3,64,,3
16:07:31,,3,7978c0667a8a56613d288b4d08568ca4f7ec247568a8727d41f8da9a6fa5eaf5,-72,,3,64,,3
16:07:32,,3,5c8c10cdaadbfb7b439e635005e877b77db4874624adac80b3d50f9b8a1699ab,-79,,3,64,,3
16:07:33,,3,b0ea5bf0387ae3a66b830e1382d1e323bd9d60bb87876b461bcb1a33bd3bf15b,-74,,3,64,,3
16:07:34,,3,5c8c10cdaadbfb7b439e635005e877b77db4874624adac80b3d50f9b8a1699ab,-75,,3,64,,3
16:07:35,26.0,3,5e955c1caaa9b4d4f47b72b1c240f1d09de0724cde4bff66aefcc78d67eabfdf,-73,,3,64,,3
16:07:35,26.0,3,9668b38870697ad1090923560739aa32eb590a2f7a78509cbda9bc4b97733d4d,-83,,3,64,12.0,3
16:07:36,26.0,3,033d0c76f817f99b3655cfade5d478879a228ac94b9b8faeadc7069300ea0e75,-85,,3,64,5.0,3
16:07:37,26.0,3,502635b84af12a178a7b3222e8ef632f90d48307f0534e8b14f69f9c155a74c4,-75,,3,64,5.0,3
16:07:38,26.0,3,29ea1baf3c5f51c28084ea929cbbd3b645a97499599d4e5ec5d2fadae4cb141d,-52,,3,64,12.0,3
16:07:39,26.0,3,29ea1baf3c5f51c28084ea929cbbd3b645a97499599d4e5ec5d2fadae4cb141d,-53,,3,64,12.0,3
16:07:39,26.0,3,5edef026a5a04a768a68e3eb55f42442ad0f9013216c0eb83887aa4bbc12006e,-74,,3,64,,3
16:07:40,26.0,3,29ea1baf3c5f51c28084ea929cbbd3b645a97499599d4e5ec5d2fadae4cb141d,-53,,3,64,12.0,3
16:07:41,,3,5c8c10cdaadbfb7b439e635005e877b77db4874624adac80b3d50f9b8a1699ab,-76,,3,64,,3
16:07:42,26.0,3,63060931d8eb94a5af4e2e99ef2ecd4aca5331613b236385baf196dcab60c60a,-77,,3,64,12.0,3
16:07:43,26.0,3,29ea1baf3c5f51c28084ea929cbbd3b645a97499599d4e5ec5d2fadae4cb141d,-53,,3,64,12.0,3
16:07:43,26.0,3,c8d7cde25c78830c0293eb633f3b0e3e4f944bd22a210d52265ea42f16442f0e,-83,,3,64,,3
16:07:44,26.0,3,5edef026a5a04a768a68e3eb55f42442ad0f9013216c0eb83887aa4bbc12006e,-75,,3,64,,3
16:07:45,,3,5c8c10cdaadbfb7b439e635005e877b77db4874624adac80b3d50f9b8a1699ab,-80,,3,64,,3
16:07:46,26.0,3,5edef026a5a04a768a68e3eb55f42442ad0f9013216c0eb83887aa4bbc12006e,-82,,3,64,,3
16:07:47,26.0,3,5edef026a5a04a768a68e3eb55f42442ad0f9013216c0eb83887aa4bbc12006e,-84,,3,64,,3
16:07:47,,3,b0ea5bf0387ae3a66b830e1382d1e323bd9d60bb87876b461bcb1a33bd3bf15b,-76,,3,64,,3
16:07:48,26.0,3,c8d7cde25c78830c0293eb633f3b0e3e4f944bd22a210d52265ea42f16442f0e,-86,,3,64,,3
16:07:49,6.0,3,3c04aaa03f16640d5a6da4a9ac54a0d35e9478e98f6e0a002aac9e26c35c4a1f,-81,,3,64,,3
16:07:50,26.0,3,6d7974068429c0067e4e600072da62ce947cb5115dd1fc1bb980718db7a4f5d3,-85,,3,64,12.0,3
16:07:51,,3,b0ea5bf0387ae3a66b830e1382d1e323bd9d60bb87876b461bcb1a33bd3bf15b,-88,,3,64,,3
16:07:51,26.0,3,5e955c1caaa9b4d4f47b72b1c240f1d09de0724cde4bff66aefcc78d67eabfdf,-72,,3,64,,3
16:07:52,26.0,3,29ea1baf3c5f51c28084ea929cbbd3b645a97499599d4e5ec5d2fadae4cb141d,-52,,3,64,12.0,3
16:07:53,26.0,3,29ea1baf3c5f51c28084ea929cbbd3b645a97499599d4e5ec5d2fadae4cb141d,-54,,3,64,12.0,3
16:07:54,26.0,3,8a94e387e6e2ba769fa35eb4c0845919e23ef2c4b2d7264576d462f0584312cd,-72,,3,64,,3
16:07:55,,3,b0ea5bf0387ae3a66b830e1382d1e323bd9d60bb87876b461bcb1a33bd3bf15b,-76,,3,64,,3
16:07:55,26.0,3,502635b84af12a178a7b3222e8ef632f90d48307f0534e8b14f69f9c155a74c4,-80,,3,64,5.0,3
16:07:56,,3,57bf852653be90fabfa8ac55388eead4a29f61c1cc2196048abede88ddee3043,-67,,3,64,,3
16:07:57,,3,5c8c10cdaadbfb7b439e635005e877b77db4874624adac80b3d50f9b8a1699ab,-71,,3,64,,3
16:07:58,26.0,3,033d0c76f817f99b3655cfade5d478879a228ac94b9b8faeadc7069300ea0e75,-71,,3,64,5.0,3
16:07:59,,3,b0ea5bf0387ae3a66b830e1382d1e323bd9d60bb87876b461bcb1a33bd3bf15b,-96,,3,64,,3
16:08:00,26.0,3,5edef026a5a04a768a68e3eb55f42442ad0f9013216c0eb83887aa4bbc12006e,-80,,3,64,,3
16:08:00,26.0,3,07ed538f52171da4a74285da13e2df4eacd4e2b500a481b27a3f806a37938f09,-89,,3,64,,3
16:08:01,,3,5c8c10cdaadbfb7b439e635005e877b77db4874624adac80b3d50f9b8a1699ab,-83,,3,64,,3
16:08:02,,3,b0ea5bf0387ae3a66b830e1382d1e323bd9d60bb87876b461bcb1a33bd3bf15b,-90,,3,64,,3
16:08:03,26.0,3,9668b38870697ad1090923560739aa32eb590a2f7a78509cbda9bc4b97733d4d,-84,,3,64,12.0,3
16:08:04,,3,57bf852653be90fabfa8ac55388eead4a29f61c1cc2196048abede88ddee3043,-73,,3,64,,3
16:08:04,26.0,3,5edef026a5a04a768a68e3eb55f42442ad0f9013216c0eb83887aa4bbc12006e,-81,,3,64,,3
16:08:05,26.0,3,5edef026a5a04a768a68e3eb55f42442ad0f9013216c0eb83887aa4bbc12006e,-78,,3,64,,3
16:08:06,26.0,3,5e955c1caaa9b4d4f47b72b1c240f1d09de0724cde4bff66aefcc78d67eabfdf,-72,,3,64,,3
16:08:07,,3,5c8c10cdaadbfb7b439e635005e877b77db4874624adac80b3d50f9b8a1699ab,-76,,3,64,,3
16:08:08,26.0,3,6e9b02147e8bfeb9d12650d4d2421b26223581518636e34ab022090fcc5a2570,-82,,3,64,,3
16:08:08,26.0,3,b1d0cb098a58d2211a3d5e87019f7d7baa948cef808082bcba29610e99e15f32,-91,,3,64,7.0,3
16:08:09,26.0,3,6e9b02147e8bfeb9d12650d4d2421b26223581518636e34ab022090fcc5a2570,-81,,3,64,,3
16:08:10,26.0,3,6e9b02147e8bfeb9d12650d4d2421b26223581518636e34ab022090fcc5a2570,-71,,3,64,,3
16:08:11,6.0,3,48fdfa6701d2385251886c55d4ba904b4763834a229ac25d06c135cdd26a4e90,-92,,3,64,,3
16:08:12,26.0,3,63060931d8eb94a5af4e2e99ef2ecd4aca5331613b236385baf196dcab60c60a,-78,,3,64,,3
16:08:12,26.0,3,63060931d8eb94a5af4e2e99ef2ecd4aca5331613b236385baf196dcab60c60a,-76,,3,64,,3
16:08:13,26.0,3,07ed538f52171da4a74285da13e2df4eacd4e2b500a481b27a3f806a37938f09,-91,,3,64,,3
16:08:14,26.0,3,82bd4677596e7f3534eb04fba32ad2955b9b6945800475c563461dfbace261e5,-77,,3,64,8.0,3
16:08:15,6.0,3,3c04aaa03f16640d5a6da4a9ac54a0d35e9478e98f6e0a002aac9e26c35c4a1f,-85,,3,64,,3
16:08:16,,3,5c8c10cdaadbfb7b439e635005e877b77db4874624adac80b3d50f9b8a1699ab,-83,,3,64,,3
16:08:17,26.0,3,8a94e387e6e2ba769fa35eb4c0845919e23ef2c4b2d7264576d462f0584312cd,-71,,3,64,,3
16:08:17,,3,57bf852653be90fabfa8ac55388eead4a29f61c1cc2196048abede88ddee3043,-69,,3,64,,3
16:08:18,,3,b0ea5bf0387ae3a66b830e1382d1e323bd9d60bb87876b461bcb1a33bd3bf15b,-84,,3,64,,3
16:08:19,,3,b0ea5bf0387ae3a66b830e1382d1e323bd9d60bb87876b461bcb1a33bd3bf15b,-78,,3,64,,3
16:08:20,26.0,3,63060931d8eb94a5af4e2e99ef2ecd4aca5331613b236385baf196dcab60c60a,-83,,3,64,,3
16:08:21,,3,57bf852653be90fabfa8ac55388eead4a29f61c1cc2196048abede88ddee3043,-63,,3,64,,3
16:08:21,6.0,3,3c04aaa03f16640d5a6da4a9ac54a0d35e9478e98f6e0a002aac9e26c35c4a1f,-90,,3,64,,3
16:08:22,26.0,3,07ed538f52171da4a74285da13e2df4eacd4e2b500a481b27a3f806a37938f09,-94,,3,64,,3
16:08:23,26.0,3,07ed538f52171da4a74285da13e2df4eacd4e2b500a481b27a3f806a37938f09,-92,,3,64,,3
16:08:24,26.0,3,5edef026a5a04a768a68e3eb55f42442ad0f9013216c0eb83887aa4bbc12006e,-81,,3,64,,3
16:08:25,,3,57bf852653be90fabfa8ac55388eead4a29f61c1cc2196048abede88ddee3043,-75,,3,64,,3
16:08:25,26.0,3,c8d7cde25c78830c0293eb633f3b0e3e4f944bd22a210d52265ea42f16442f0e,-81,,3,64,,3
16:08:26,26.0,3,8a94e387e6e2ba769fa35eb4c0845919e23ef2c4b2d7264576d462f0584312cd,-84,,3,64,,3
16:08:27,,3,5c8c10cdaadbfb7b439e635005e877b77db4874624adac80b3d50f9b8a1699ab,-84,,3,64,,3
16:08:28,26.0,3,502635b84af12a178a7b3222e8ef632f90d48307f0534e8b14f69f9c155a74c4,-72,,3,64,5.0,3
16:08:29,26.0,3,6e9b02147e8bfeb9d12650d4d2421b26223581518636e34ab022090fcc5a2570,-83,,3,64,,3
16:08:29,,3,57bf852653be90fabfa8ac55388eead4a29f61c1cc2196048abede88ddee3043,-69,,3,64,,3
16:08:30,26.0,3,82bd4677596e7f3534eb04fba32ad2955b9b6945800475c563461dfbace261e5,-79,,3,64,8.0,3
16:08:31,26.0,3,63060931d8eb94a5af4e2e99ef2ecd4aca5331613b236385baf196dcab60c60a,-89,,3,64,,3
16:08:32,26.0,3,9668b38870697ad1090923560739aa32eb590a2f7a78509cbda9bc4b97733d4d,-89,,3,64,12.0,3
16:08:33,,3,57bf852653be90fabfa8ac55388eead4a29f61c1cc2196048abede88ddee3043,-65,,3,64,,3
16:08:34,26.0,3,5e955c1caaa9b4d4f47b72b1c240f1d09de0724cde4bff66aefcc78d67eabfdf,-73,,3,64,,3
16:08:34,,3,5c8c10cdaadbfb7b439e635005e877b77db4874624adac80b3d50f9b8a1699ab,-78,,3,64,,3
16:08:35,,3,57bf852653be90fabfa8ac55388eead4a29f61c1cc2196048abede88ddee3043,-66,,3,64,,3
16:08:36,,3,b0ea5bf0387ae3a66b830e1382d1e323bd9d60bb87876b461bcb1a33bd3bf15b,-91,,3,64,,3
16:08:37,,3,5c8c10cdaadbfb7b439e635005e877b77db4874624adac80b3d50f9b8a1699ab,-79,,3,64,,3
16:08:38,,3,57bf852653be90fabfa8ac55388eead4a29f61c1cc2196048abede88ddee3043,-67,,3,64,,3
16:08:38,26.0,3,63060931d8eb94a5af4e2e99ef2ecd4aca5331613b236385baf196dcab60c60a,-83,,3,64,,3
16:08:39,26.0,3,6e9b02147e8bfeb9d12650d4d2421b26223581518636e34ab022090fcc5a2570,-71,,3,64,,3
16:08:40,,3,d2fa50f505c3cd5f7d3eae6b00c74ff77152ef534a55aa6ab7d0708a8eb72073,-93,,3,64,,3
16:08:41,26.0,3,5e955c1caaa9b4d4f47b72b1c240f1d09de0724cde4bff66aefcc78d67eabfdf,-78,,3,64,,3
16:08:42,26.0,3,8a94e387e6e2ba769fa35eb4c0845919e23ef2c4b2d7264576d462f0584312cd,-72,,3,64,,3
16:08:42,26.0,3,ac6ebe662f1750753d4cb1a15ff1542e174627b18b06b56b53155a1a763486d6,-96,,3,64,12.0,3
16:08:43,,3,57bf852653be90fabfa8ac55388eead4a29f61c1cc2196048abede88ddee3043,-73,,3,64,,3
16:08:44,,3,57bf852653be90fabfa8ac55388eead4a29f61c1cc2196048abede88ddee3043,-68,,3,64,,3
16:08:45,26.0,3,c8d7cde25c78830c0293eb633f3b0e3e4f944bd22a210d52265ea42f16442f0e,-90,,3,64,,3
16:08:46,26.0,3,5e955c1caaa9b4d4f47b72b1c240f1d09de0724cde4bff66aefcc78d67eabfdf,-75,,3,64,,3
16:08:46,26.0,3,5edef026a5a04a768a68e3eb55f42442ad0f9013216c0eb83887aa4bbc12006e,-79,,3,64,,3
16:08:47,26.0,3,6d7974068429c0067e4e600072da62ce947cb5115dd1fc1bb980718db7a4f5d3,-93,,3,64,12.0,3
16:08:48,,3,b0ea5bf0387ae3a66b830e1382d1e323bd9d60bb87876b461bcb1a33bd3bf15b,-91,,3,64,,3
16:08:49,,3,5c8c10cdaadbfb7b439e635005e877b77db4874624adac80b3d50f9b8a1699ab,-79,,3,64,,3
16:08:50,,3,b0ea5bf0387ae3a66b830e1382d1e323bd9d60bb87876b461bcb1a33bd3bf15b,-88,,3,64,,3
16:08:51,26.0,3,5edef026a5a04a768a68e3eb55f42442ad0f9013216c0eb83887aa4bbc12006e,-81,,3,64,,3
16:08:51,26.0,3,c8d7cde25c78830c0293eb633f3b0e3e4f944bd22a210d52265ea42f16442f0e,-89,,3,64,,3
16:08:52,,3,57bf852653be90fabfa8ac55388eead4a29f61c1cc2196048abede88ddee3043,-73,,3,64,,3
16:08:53,6.0,3,48fdfa6701d2385251886c55d4ba904b4763834a229ac25d06c135cdd26a4e90,-88,,3,64,,3
16:08:54,,3,b0ea5bf0387ae3a66b830e1382d1e323bd9d60bb87876b461bcb1a33bd3bf15b,-82,,3,64,,3
16:08:55,,3,57bf852653be90fabfa8ac55388eead4a29f61c1cc2196048abede88ddee3043,-73,,3,64,,3
16:08:55,26.0,3,82bd4677596e7f3534eb04fba32ad2955b9b6945800475c563461dfbace261e5,-75,,3,64,8.0,3
16:08:56,6.0,3,ffe809e617f779eee0b136974bcac1c5f977286be7f23872795d1f3d5c0521a4,-90,,3,64,,3
16:08:57,6.0,3,48fdfa6701d2385251886c55d4ba904b4763834a229ac25d06c135cdd26a4e90,-84,,3,64,,3
16:08:58,,3,5c8c10cdaadbfb7b439e635005e877b77db4874624adac80b3d50f9b8a1699ab,-81,,3,64,,3
16:08:59,,3,b0ea5bf0387ae3a66b830e1382d1e323bd9d60bb87876b461bcb1a33bd3bf15b,-93,,3,64,,3
16:08:59,,3,b0ea5bf0387ae3a66b830e1382d1e323bd9d60bb87876b461bcb1a33bd3bf15b,-84,,3,64,,3
16:09:00,,3,b0ea5bf0387ae3a66b830e1382d1e323bd9d60bb87876b461bcb1a33bd3bf15b,-88,,3,64,,3
16:09:01,26.0,3,9668b38870697ad1090923560739aa32eb590a2f7a78509cbda9bc4b97733d4d,-81,,3,64,12.0,3
16:09:02,,3,57bf852653be90fabfa8ac55388eead4a29f61c1cc2196048abede88ddee3043,-62,,3,64,,3
16:09:03,26.0,3,5e955c1caaa9b4d4f47b72b1c240f1d09de0724cde4bff66aefcc78d67eabfdf,-72,,3,64,,3
16:09:03,26.0,3,5edef026a5a04a768a68e3eb55f42442ad0f9013216c0eb83887aa4bbc12006e,-81,,3,64,,3
16:09:04,,3,57bf852653be90fabfa8ac55388eead4a29f61c1cc2196048abede88ddee3043,-61,,3,64,,3
16:09:05,,3,57bf852653be90fabfa8ac55388eead4a29f61c1cc2196048abede88ddee3043,-72,,3,64,,3
16:09:06,26.0,3,8a94e387e6e2ba769fa35eb4c0845919e23ef2c4b2d7264576d462f0584312cd,-72,,3,64,,3
16:09:07,26.0,3,5edef026a5a04a768a68e3eb55f42442ad0f9013216c0eb83887aa4bbc12006e,-76,,3,64,,3
16:09:07,,3,7978c0667a8a56613d288b4d08568ca4f7ec247568a8727d41f8da9a6fa5eaf5,-77,,3,64,,3
16:09:08,,3,57bf852653be90fabfa8ac55388eead4a29f61c1cc2196048abede88ddee3043,-64,,3,64,,3
16:09:09,26.0,3,c8d7cde25c78830c0293eb633f3b0e3e4f944bd22a210d52265ea42f16442f0e,-83,,3,64,,3
16:09:10,26.0,3,502635b84af12a178a7b3222e8ef632f90d48307f0534e8b14f69f9c155a74c4,-77,,3,64,5.0,3
16:09:11,26.0,3,9668b38870697ad1090923560739aa32eb590a2f7a78509cbda9bc4b97733d4d,-78,,3,64,12.0,3
16:09:12,,3,57bf852653be90fabfa8ac55388eead4a29f61c1cc2196048abede88ddee3043,-70,,3,64,,3
16:09:12,26.0,3,9668b38870697ad1090923560739aa32eb590a2f7a78509cbda9bc4b97733d4d,-81,,3,64,12.0,3
16:09:13,26.0,3,63060931d8eb94a5af4e2e99ef2ecd4aca5331613b236385baf196dcab60c60a,-84,,3,64,,3
16:09:14,,3,57bf852653be90fabfa8ac55388eead4a29f61c1cc2196048abede88ddee3043,-70,,3,64,,3
16:09:15,6.0,3,48fdfa6701d2385251886c55d4ba904b4763834a229ac25d06c135cdd26a4e90,-86,,3,64,,3
16:09:16,,3,b0ea5bf0387ae3a66b830e1382d1e323bd9d60bb87876b461bcb1a33bd3bf15b,-90,,3,64,,3
16:09:16,6.0,3,48fdfa6701d2385251886c55d4ba904b4763834a229ac25d06c135cdd26a4e90,-81,,3,64,,3
16:09:17,26.0,3,8a94e387e6e2ba769fa35eb4c0845919e23ef2c4b2d7264576d462f0584312cd,-83,,3,64,,3
16:09:18,,3,b0ea5bf0387ae3a66b830e1382d1e323bd9d60bb87876b461bcb1a33bd3bf15b,-84,,3,64,,3
16:09:19,26.0,3,63060931d8eb94a5af4e2e99ef2ecd4aca5331613b236385baf196dcab60c60a,-80,,3,64,,3
16:09:20,26.0,3,82bd4677596e7f3534eb04fba32ad2955b9b6945800475c563461dfbace261e5,-72,,3,64,8.0,3
16:09:20,,3,b0ea5bf0387ae3a66b830e1382d1e323bd9d60bb87876b461bcb1a33bd3bf15b,-87,,3,64,,3
16:09:21,,3,57bf852653be90fabfa8ac55388eead4a29f61c1cc2196048abede88ddee3043,-65,,3,64,,3
16:09:22,26.0,3,5edef026a5a04a768a68e3eb55f42442ad0f9013216c0eb83887aa4bbc12006e,-75,,3,64,,3
16:09:23,26.0,3,5edef026a5a04a768a68e3eb55f42442ad0f9013216c0eb83887aa4bbc12006e,-73,,3,64,,3
16:09:24,,3,57bf852653be90fabfa8ac55388eead4a29f61c1cc2196048abede88ddee3043,-62,,3,64,,3
16:09:24,,3,57bf852653be90fabfa8ac55388eead4a29f61c1cc2196048abede88ddee3043,-63,,3,64,,3
16:09:25,26.0,3,63060931d8eb94a5af4e2e99ef2ecd4aca5331613b236385baf196dcab60c60a,-87,,3,64,,3
16:09:26,26.0,3,5e955c1caaa9b4d4f47b72b1c240f1d09de0724cde4bff66aefcc78d67eabfdf,-73,,3,64,,3
16:09:27,26.0,3,6e9b02147e8bfeb9d12650d4d2421b26223581518636e34ab022090fcc5a2570,-73,,3,64,,3
16:09:28,,3,b0ea5bf0387ae3a66b830e1382d1e323bd9d60bb87876b461bcb1a33bd3bf15b,-92,,3,64,,3
16:09:28,,3,57bf852653be90fabfa8ac55388eead4a29f61c1cc2196048abede88ddee3043,-67,,3,64,,3
16:09:29,,3,b0ea5bf0387ae3a66b830e1382d1e323bd9d60bb87876b461bcb1a33bd3bf15b,-85,,3,64,,3
16:09:30,26.0,3,5edef026a5a04a768a68e3eb55f42442ad0f9013216c0eb83887aa4bbc12006e,-77,,3,64,,3
16:09:31,,3,dfb9e417bf9b4b045a026d40ee5f6e47e99c1e991b8f87efbf5f7bb8b83a274d,-91,,3,64,,3
16:09:32,26.0,3,63060931d8eb94a5af4e2e99ef2ecd4aca5331613b236385baf196dcab60c60a,-85,,3,64,,3
16:09:33,26.0,3,033d0c76f817f99b3655cfade5d478879a228ac94b9b8faeadc7069300ea0e75,-77,,3,64,5.0,3
16:09:33,26.0,3,033d0c76f817f99b3655cfade5d478879a228ac94b9b8faeadc7069300ea0e75,-74,,3,64,5.0,3
16:09:34,26.0,3,63060931d8eb94a5af4e2e99ef2ecd4aca5331613b236385baf196dcab60c60a,-82,,3,64,,3
16:09:35,6.0,3,48fdfa6701d2385251886c55d4ba904b4763834a229ac25d06c135cdd26a4e90,-79,,3,64,,3
16:09:36,6.0,3,3c04aaa03f16640d5a6da4a9ac54a0d35e9478e98f6e0a002aac9e26c35c4a1f,-86,,3,64,,3
16:09:37,,3,57bf852653be90fabfa8ac55388eead4a29f61c1cc2196048abede88ddee3043,-76,,3,64,,3
16:09:37,6.0,3,ab3731ee1ecb83a2c9cfb692f3ef6b888dca2e6d5cc4c3ac0155a2303366beed,-84,Cb30,3,64,,3
16:09:38,,3,5c8c10cdaadbfb7b439e635005e877b77db4874624adac80b3d50f9b8a1699ab,-85,,3,64,,3
16:09:39,26.0,3,9668b38870697ad1090923560739aa32eb590a2f7a78509cbda9bc4b97733d4d,-79,,3,64,12.0,3
16:09:40,26.0,3,5edef026a5a04a768a68e3eb55f42442ad0f9013216c0eb83887aa4bbc12006e,-74,,3,64,,3
16:09:41,26.0,3,8a94e387e6e2ba769fa35eb4c0845919e23ef2c4b2d7264576d462f0584312cd,-78,,3,64,,3
16:09:41,,3,b0ea5bf0387ae3a66b830e1382d1e323bd9d60bb87876b461bcb1a33bd3bf15b,-84,,3,64,,3
16:09:42,26.0,3,5e955c1caaa9b4d4f47b72b1c240f1d09de0724cde4bff66aefcc78d67eabfdf,-72,,3,64,,3
16:09:43,26.0,3,6e9b02147e8bfeb9d12650d4d2421b26223581518636e34ab022090fcc5a2570,-80,,3,64,,3
16:09:44,26.0,3,1680930135c083b55ea4508652869972fe0fad3e66bcfb6559fdb23d0c8ea6ee,-82,,3,64,5.0,3
16:09:45,26.0,3,5e955c1caaa9b4d4f47b72b1c240f1d09de0724cde4bff66aefcc78d67eabfdf,-72,,3,64,,3
16:09:45,,3,1c4bba89d8a04b3d52047cfa68370a33168adac3d03f95192d05c3a26e3013dc,-55,,3,64,,3
16:09:46,,3,5c8c10cdaadbfb7b439e635005e877b77db4874624adac80b3d50f9b8a1699ab,-77,,3,64,,3
16:09:47,26.0,3,033d0c76f817f99b3655cfade5d478879a228ac94b9b8faeadc7069300ea0e75,-78,,3,64,5.0,3
16:09:48,26.0,3,6e9b02147e8bfeb9d12650d4d2421b26223581518636e34ab022090fcc5a2570,-71,,3,64,,3
16:09:49,26.0,3,87da1b1f54623f03f4d9445e98600450bc3ac1b20e446b3b8ba84debb3a7f21d,-89,,3,64,7.0,3
16:09:50,,3,7978c0667a8a56613d288b4d08568ca4f7ec247568a8727d41f8da9a6fa5eaf5,-72,,3,64,,3
16:09:50,26.0,3,6e9b02147e8bfeb9d12650d4d2421b26223581518636e34ab022090fcc5a2570,-73,,3,64,,3
16:09:51,26.0,3,5edef026a5a04a768a68e3eb55f42442ad0f9013216c0eb83887aa4bbc12006e,-81,,3,64,,3
16:09:52,26.0,3,6e9b02147e8bfeb9d12650d4d2421b26223581518636e34ab022090fcc5a2570,-71,,3,64,,3
16:09:53,26.0,3,6e9b02147e8bfeb9d12650d4d2421b26223581518636e34ab022090fcc5a2570,-73,,3,64,,3
16:09:54,26.0,3,6e9b02147e8bfeb9d12650d4d2421b26223581518636e34ab022090fcc5a2570,-71,,3,64,,3
16:09:54,,3,57bf852653be90fabfa8ac55388eead4a29f61c1cc2196048abede88ddee3043,-67,,3,64,,3
16:09:55,26.0,3,8a94e387e6e2ba769fa35eb4c0845919e23ef2c4b2d7264576d462f0584312cd,-81,,3,64,,3
16:09:56,26.0,3,5e955c1caaa9b4d4f47b72b1c240f1d09de0724cde4bff66aefcc78d67eabfdf,-76,,3,64,,3
16:09:57,,3,5c8c10cdaadbfb7b439e635005e877b77db4874624adac80b3d50f9b8a1699ab,-81,,3,64,,3
16:09:58,6.0,3,ffe809e617f779eee0b136974bcac1c5f977286be7f23872795d1f3d5c0521a4,-87,,3,64,,3
16:09:58,26.0,3,9668b38870697ad1090923560739aa32eb590a2f7a78509cbda9bc4b97733d4d,-84,,3,64,,3
16:09:59,,3,d2fa50f505c3cd5f7d3eae6b00c74ff77152ef534a55aa6ab7d0708a8eb72073,-92,,3,64,,3
16:10:00,26.0,3,502635b84af12a178a7b3222e8ef632f90d48307f0534e8b14f69f9c155a74c4,-82,,3,64,5.0,3
16:10:01,26.0,3,5e955c1caaa9b4d4f47b72b1c240f1d09de0724cde4bff66aefcc78d67eabfdf,-75,,3,64,,3
16:10:02,,3,57bf852653be90fabfa8ac55388eead4a29f61c1cc2196048abede88ddee3043,-69,,3,64,,3
16:10:02,,3,5c8c10cdaadbfb7b439e635005e877b77db4874624adac80b3d50f9b8a1699ab,-79,,3,64,,3
16:10:03,,3,b0ea5bf0387ae3a66b830e1382d1e323bd9d60bb87876b461bcb1a33bd3bf15b,-88,,3,64,,3
16:10:04,26.0,3,5edef026a5a04a768a68e3eb55f42442ad0f9013216c0eb83887aa4bbc12006e,-74,,3,64,,3
16:10:05,26.0,3,5edef026a5a04a768a68e3eb55f42442ad0f9013216c0eb83887aa4bbc12006e,-75,,3,64,,3
16:10:06,26.0,3,5e955c1caaa9b4d4f47b72b1c240f1d09de0724cde4bff66aefcc78d67eabfdf,-78,,3,64,,3
16:10:06,,3,b0ea5bf0387ae3a66b830e1382d1e323bd9d60bb87876b461bcb1a33bd3bf15b,-89,,3,64,,3
16:10:07,,3,b0ea5bf0387ae3a66b830e1382d1e323bd9d60bb87876b461bcb1a33bd3bf15b,-84,,3,64,,3
16:10:08,6.0,3,3c04aaa03f16640d5a6da4a9ac54a0d35e9478e98f6e0a002aac9e26c35c4a1f,-85,,3,64,,3
16:10:09,26.0,3,c8d7cde25c78830c0293eb633f3b0e3e4f944bd22a210d52265ea42f16442f0e,-82,,3,64,,3
16:10:10,26.0,3,63060931d8eb94a5af4e2e99ef2ecd4aca5331613b236385baf196dcab60c60a,-86,,3,64,,3
16:10:11,,3,57bf852653be90fabfa8ac55388eead4a29f61c1cc2196048abede88ddee3043,-66,,3,64,,3
16:10:11,26.0,3,9668b38870697ad1090923560739aa32eb590a2f7a78509cbda9bc4b97733d4d,-82,,3,64,,3
16:10:12,26.0,3,2495bb00f1c05232b0dc368181b86153f0bc3a96a24efc68738035b7d9eb6c39,-70,,3,64,2.0,3
16:10:13,26.0,3,9668b38870697ad1090923560739aa32eb590a2f7a78509cbda9bc4b97733d4d,-83,,3,64,,3
16:10:14,26.0,3,998677e292035b5dcd0c0f013269756a165633b5b9a560e52fbc67c2e04e16a2,-69,,3,64,,3
16:10:15,26.0,3,9668b38870697ad1090923560739aa32eb590a2f7a78509cbda9bc4b97733d4d,-87,,3,64,,3
16:10:15,26.0,3,998677e292035b5dcd0c0f013269756a165633b5b9a560e52fbc67c2e04e16a2,-72,,3,64,,3
16:10:16,,3,5c8c10cdaadbfb7b439e635005e877b77db4874624adac80b3d50f9b8a1699ab,-81,,3,64,,3
16:10:17,6.0,3,3c04aaa03f16640d5a6da4a9ac54a0d35e9478e98f6e0a002aac9e26c35c4a1f,-90,,3,64,,3
16:10:18,6.0,3,48fdfa6701d2385251886c55d4ba904b4763834a229ac25d06c135cdd26a4e90,-88,,3,64,,3
16:10:19,6.0,3,ffe809e617f779eee0b136974bcac1c5f977286be7f23872795d1f3d5c0521a4,-86,,3,64,,3
16:10:19,26.0,3,9668b38870697ad1090923560739aa32eb590a2f7a78509cbda9bc4b97733d4d,-86,,3,64,12.0,3
16:10:20,6.0,3,ffe809e617f779eee0b136974bcac1c5f977286be7f23872795d1f3d5c0521a4,-87,,3,64,,3
16:10:21,26.0,3,998677e292035b5dcd0c0f013269756a165633b5b9a560e52fbc67c2e04e16a2,-70,,3,64,,3
16:10:22,26.0,3,9668b38870697ad1090923560739aa32eb590a2f7a78509cbda9bc4b97733d4d,-92,,3,64,12.0,3
16:10:23,,3,5c8c10cdaadbfb7b439e635005e877b77db4874624adac80b3d50f9b8a1699ab,-79,,3,64,,3
16:10:23,,3,d2fa50f505c3cd5f7d3eae6b00c74ff77152ef534a55aa6ab7d0708a8eb72073,-96,,3,64,,3
16:10:24,26.0,3,8a94e387e6e2ba769fa35eb4c0845919e23ef2c4b2d7264576d462f0584312cd,-77,,3,64,,3
16:10:25,,3,57bf852653be90fabfa8ac55388eead4a29f61c1cc2196048abede88ddee3043,-60,,3,64,,3
16:10:26,26.0,3,15acd2a0fabe81cc7d1b6834669de3880ee819cfa95d7837b456cacf32547a12,-69,,3,64,,3
16:10:27,6.0,3,48fdfa6701d2385251886c55d4ba904b4763834a229ac25d06c135cdd26a4e90,-83,,3,64,,3
16:10:28,6.0,3,3c04aaa03f16640d5a6da4a9ac54a0d35e9478e98f6e0a002aac9e26c35c4a1f,-84,,3,64,,3
16:10:28,26.0,3,5edef026a5a04a768a68e3eb55f42442ad0f9013216c0eb83887aa4bbc12006e,-73,,3,64,,3
16:10:29,26.0,3,82bd4677596e7f3534eb04fba32ad2955b9b6945800475c563461dfbace261e5,-84,,3,64,8.0,3
16:10:30,6.0,3,ffe809e617f779eee0b136974bcac1c5f977286be7f23872795d1f3d5c0521a4,-87,,3,64,,3
16:10:31,26.0,3,63060931d8eb94a5af4e2e99ef2ecd4aca5331613b236385baf196dcab60c60a,-85,,3,64,,3
16:10:32,26.0,3,63060931d8eb94a5af4e2e99ef2ecd4aca5331613b236385baf196dcab60c60a,-77,,3,64,,3
16:10:32,26.0,3,c8d7cde25c78830c0293eb633f3b0e3e4f944bd22a210d52265ea42f16442f0e,-87,,3,64,,3
16:10:33,,3,57bf852653be90fabfa8ac55388eead4a29f61c1cc2196048abede88ddee3043,-66,,3,64,,3
16:10:34,,3,b0ea5bf0387ae3a66b830e1382d1e323bd9d60bb87876b461bcb1a33bd3bf15b,-81,,3,64,,3
16:10:35,,3,5c8c10cdaadbfb7b439e635005e877b77db4874624adac80b3d50f9b8a1699ab,-76,,3,64,,3
16:10:36,6.0,3,48fdfa6701d2385251886c55d4ba904b4763834a229ac25d06c135cdd26a4e90,-83,,3,64,,3
16:10:36,26.0,3,8a94e387e6e2ba769fa35eb4c0845919e23ef2c4b2d7264576d462f0584312cd,-74,,3,64,,3
16:10:37,6.0,3,48fdfa6701d2385251886c55d4ba904b4763834a229ac25d06c135cdd26a4e90,-84,,3,64,,3
16:10:38,26.0,3,8a94e387e6e2ba769fa35eb4c0845919e23ef2c4b2d7264576d462f0584312cd,-75,,3,64,,3
16:10:39,26.0,3,5e955c1caaa9b4d4f47b72b1c240f1d09de0724cde4bff66aefcc78d67eabfdf,-78,,3,64,,3
16:10:40,,3,5c8c10cdaadbfb7b439e635005e877b77db4874624adac80b3d50f9b8a1699ab,-76,,3,64,,3
16:10:40,26.0,3,63060931d8eb94a5af4e2e99ef2ecd4aca5331613b236385baf196dcab60c60a,-83,,3,64,12.0,3
16:10:41,,3,5c8c10cdaadbfb7b439e635005e877b77db4874624adac80b3d50f9b8a1699ab,-77,,3,64,,3
16:10:42,26.0,3,63060931d8eb94a5af4e2e99ef2ecd4aca5331613b236385baf196dcab60c60a,-83,,3,64,12.0,3
16:10:43,26.0,3,5edef026a5a04a768a68e3eb55f42442ad0f9013216c0eb83887aa4bbc12006e,-80,,3,64,,3
16:10:44,,3,7978c0667a8a56613d288b4d08568ca4f7ec247568a8727d41f8da9a6fa5eaf5,-74,,3,64,,3
16:10:44,,3,57bf852653be90fabfa8ac55388eead4a29f61c1cc2196048abede88ddee3043,-66,,3,64,,3
16:10:45,26.0,3,c8d7cde25c78830c0293eb633f3b0e3e4f944bd22a210d52265ea42f16442f0e,-86,,3,64,,3
16:10:46,,3,5c8c10cdaadbfb7b439e635005e877b77db4874624adac80b3d50f9b8a1699ab,-81,,3,64,,3
16:10:47,,3,5c8c10cdaadbfb7b439e635005e877b77db4874624adac80b3d50f9b8a1699ab,-83,,3,64,,3
16:10:48,26.0,3,6d7974068429c0067e4e600072da62ce947cb5115dd1fc1bb980718db7a4f5d3,-90,,3,64,12.0,3
16:10:49,26.0,3,5e955c1caaa9b4d4f47b72b1c240f1d09de0724cde4bff66aefcc78d67eabfdf,-71,,3,64,,3
16:10:49,26.0,3,8a94e387e6e2ba769fa35eb4c0845919e23ef2c4b2d7264576d462f0584312cd,-79,,3,64,,3
16:10:50,,3,57bf852653be90fabfa8ac55388eead4a29f61c1cc2196048abede88ddee3043,-63,,3,64,,3
16:10:51,26.0,3,5e955c1caaa9b4d4f47b72b1c240f1d09de0724cde4bff66aefcc78d67eabfdf,-72,,3,64,,3
16:10:52,26.0,3,c8d7cde25c78830c0293eb633f3b0e3e4f944bd22a210d52265ea42f16442f0e,-76,,3,64,,3
16:10:53,26.0,3,63060931d8eb94a5af4e2e99ef2ecd4aca5331613b236385baf196dcab60c60a,-81,,3,64,12.0,3
16:10:53,26.0,3,998677e292035b5dcd0c0f013269756a165633b5b9a560e52fbc67c2e04e16a2,-82,,3,64,,3
16:10:54,,3,fe24010741effcb14ddc4d8294bdbeb4f3f76cd8d7e8b44c70c548f71f3b7159,-85,,3,64,,3
16:10:55,26.0,3,2495bb00f1c05232b0dc368181b86153f0bc3a96a24efc68738035b7d9eb6c39,-72,,3,64,,3
16:10:56,26.0,3,6e9b02147e8bfeb9d12650d4d2421b26223581518636e34ab022090fcc5a2570,-77,,3,64,,3
16:10:57,26.0,3,9668b38870697ad1090923560739aa32eb590a2f7a78509cbda9bc4b97733d4d,-84,,3,64,12.0,3
16:10:57,,3,b0ea5bf0387ae3a66b830e1382d1e323bd9d60bb87876b461bcb1a33bd3bf15b,-78,,3,64,,3
16:10:58,26.0,3,c8d7cde25c78830c0293eb633f3b0e3e4f944bd22a210d52265ea42f16442f0e,-79,,3,64,,3
16:10:59,26.0,3,87da1b1f54623f03f4d9445e98600450bc3ac1b20e446b3b8ba84debb3a7f21d,-91,,3,64,7.0,3
16:11:00,26.0,3,5edef026a5a04a768a68e3eb55f42442ad0f9013216c0eb83887aa4bbc12006e,-80,,3,64,,3
16:11:01,26.0,3,998677e292035b5dcd0c0f013269756a165633b5b9a560e52fbc67c2e04e16a2,-72,,3,64,,3
16:11:01,26.0,3,6e9b02147e8bfeb9d12650d4d2421b26223581518636e34ab022090fcc5a2570,-74,,3,64,,3
16:11:02,26.0,3,5e955c1caaa9b4d4f47b72b1c240f1d09de0724cde4bff66aefcc78d67eabfdf,-73,,3,64,,3
16:11:03,26.0,3,c8d7cde25c78830c0293eb633f3b0e3e4f944bd22a210d52265ea42f16442f0e,-87,,3,64,,3
16:11:04,,3,9e64a0b09e37fc47f22be2421d61ff402929d11a99993a2306b3bb6584cb32c2,-72,,3,64,,3
16:11:05,,3,5c8c10cdaadbfb7b439e635005e877b77db4874624adac80b3d50f9b8a1699ab,-86,,3,64,,3
16:11:06,,3,1c4bba89d8a04b3d52047cfa68370a33168adac3d03f95192d05c3a26e3013dc,-55,,3,64,,3
16:11:06,26.0,3,5edef026a5a04a768a68e3eb55f42442ad0f9013216c0eb83887aa4bbc12006e,-75,,3,64,,3
16:11:07,26.0,3,5edef026a5a04a768a68e3eb55f42442ad0f9013216c0eb83887aa4bbc12006e,-74,,3,64,,3
16:11:08,26.0,3,82bd4677596e7f3534eb04fba32ad2955b9b6945800475c563461dfbace261e5,-82,,3,64,8.0,3
16:11:09,26.0,3,2495bb00f1c05232b0dc368181b86153f0bc3a96a24efc68738035b7d9eb6c39,-71,,3,64,,3
16:11:10,,3,9e64a0b09e37fc47f22be2421d61ff402929d11a99993a2306b3bb6584cb32c2,-60,,3,64,,3
16:11:10,,3,5c8c10cdaadbfb7b439e635005e877b77db4874624adac80b3d50f9b8a1699ab,-88,,3,64,,3
16:11:11,26.0,3,15acd2a0fabe81cc7d1b6834669de3880ee819cfa95d7837b456cacf32547a12,-71,,3,64,,3
16:11:12,26.0,3,6e9b02147e8bfeb9d12650d4d2421b26223581518636e34ab022090fcc5a2570,-77,,3,64,,3
16:11:13,26.0,3,15acd2a0fabe81cc7d1b6834669de3880ee819cfa95d7837b456cacf32547a12,-78,,3,64,,3
16:11:14,26.0,3,2495bb00f1c05232b0dc368181b86153f0bc3a96a24efc68738035b7d9eb6c39,-84,,3,64,,3
16:11:14,,3,b0ea5bf0387ae3a66b830e1382d1e323bd9d60bb87876b461bcb1a33bd3bf15b,-85,,3,64,,3
16:11:15,,3,5c8c10cdaadbfb7b439e635005e877b77db4874624adac80b3d50f9b8a1699ab,-80,,3,64,,3
16:11:16,26.0,3,5e955c1caaa9b4d4f47b72b1c240f1d09de0724cde4bff66aefcc78d67eabfdf,-79,,3,64,,3
16:11:17,26.0,3,033d0c76f817f99b3655cfade5d478879a228ac94b9b8faeadc7069300ea0e75,-76,,3,64,5.0,3
16:11:18,26.0,3,2495bb00f1c05232b0dc368181b86153f0bc3a96a24efc68738035b7d9eb6c39,-87,,3,64,,3
16:11:18,,3,9e64a0b09e37fc47f22be2421d61ff402929d11a99993a2306b3bb6584cb32c2,-57,,3,64,,3
16:11:19,26.0,3,8a94e387e6e2ba769fa35eb4c0845919e23ef2c4b2d7264576d462f0584312cd,-82,,3,64,,3
16:11:20,26.0,3,998677e292035b5dcd0c0f013269756a165633b5b9a560e52fbc67c2e04e16a2,-88,,3,64,,3
16:11:21,,3,9e64a0b09e37fc47f22be2421d61ff402929d11a99993a2306b3bb6584cb32c2,-57,,3,64,,3
16:11:22,6.0,3,48fdfa6701d2385251886c55d4ba904b4763834a229ac25d06c135cdd26a4e90,-86,,3,64,,3
16:11:22,26.0,3,6e9b02147e8bfeb9d12650d4d2421b26223581518636e34ab022090fcc5a2570,-87,,3,64,,3
16:11:23,,3,9e64a0b09e37fc47f22be2421d61ff402929d11a99993a2306b3bb6584cb32c2,-56,,3,64,,3
16:11:24,26.0,3,5edef026a5a04a768a68e3eb55f42442ad0f9013216c0eb83887aa4bbc12006e,-82,,3,64,,3
16:11:25,26.0,3,998677e292035b5dcd0c0f013269756a165633b5b9a560e52fbc67c2e04e16a2,-76,,3,64,,3
16:11:26,26.0,3,c8d7cde25c78830c0293eb633f3b0e3e4f944bd22a210d52265ea42f16442f0e,-86,,3,64,,3
16:11:27,26.0,3,5e955c1caaa9b4d4f47b72b1c240f1d09de0724cde4bff66aefcc78d67eabfdf,-80,,3,64,,3
16:11:27,26.0,3,5edef026a5a04a768a68e3eb55f42442ad0f9013216c0eb83887aa4bbc12006e,-84,,3,64,,3
16:11:28,26.0,3,9668b38870697ad1090923560739aa32eb590a2f7a78509cbda9bc4b97733d4d,-84,,3,64,,3
16:11:29,,3,9e64a0b09e37fc47f22be2421d61ff402929d11a99993a2306b3bb6584cb32c2,-55,,3,64,,3
16:11:30,,3,9e64a0b09e37fc47f22be2421d61ff402929d11a99993a2306b3bb6584cb32c2,-58,,3,64,,3
16:11:31,26.0,3,8a94e387e6e2ba769fa35eb4c0845919e23ef2c4b2d7264576d462f0584312cd,-81,,3,64,,3
16:11:31,26.0,3,2495bb00f1c05232b0dc368181b86153f0bc3a96a24efc68738035b7d9eb6c39,-84,,3,64,,3
16:11:32,26.0,3,2495bb00f1c05232b0dc368181b86153f0bc3a96a24efc68738035b7d9eb6c39,-81,,3,64,,3
16:11:33,,3,9e64a0b09e37fc47f22be2421d61ff402929d11a99993a2306b3bb6584cb32c2,-58,,3,64,,3
16:11:34,26.0,3,6e9b02147e8bfeb9d12650d4d2421b26223581518636e34ab022090fcc5a2570,-80,,3,64,,3
16:11:35,26.0,3,2495bb00f1c05232b0dc368181b86153f0bc3a96a24efc68738035b7d9eb6c39,-70,,3,64,,3
16:11:35,26.0,3,c8d7cde25c78830c0293eb633f3b0e3e4f944bd22a210d52265ea42f16442f0e,-83,,3,64,,3
16:11:36,26.0,3,883598d711816a7af4b99aa8dc02593e4c4b340042b7d278113a9f897aa8b54a,-83,,3,64,5.0,3
16:11:37,,3,9e64a0b09e37fc47f22be2421d61ff402929d11a99993a2306b3bb6584cb32c2,-56,,3,64,,3
16:11:38,26.0,3,819114ba274f255d2178a3509534c3fb2728addff33c523ef964874db3ef5c33,-94,,3,64,5.0,3
16:11:39,26.0,3,5edef026a5a04a768a68e3eb55f42442ad0f9013216c0eb83887aa4bbc12006e,-78,,3,64,,3
16:11:39,26.0,3,9668b38870697ad1090923560739aa32eb590a2f7a78509cbda9bc4b97733d4d,-84,,3,64,,3
16:11:40,,3,9e64a0b09e37fc47f22be2421d61ff402929d11a99993a2306b3bb6584cb32c2,-58,,3,64,,3
16:11:41,26.0,3,8a94e387e6e2ba769fa35eb4c0845919e23ef2c4b2d7264576d462f0584312cd,-85,,3,64,,3
16:11:42,26.0,3,6e9b02147e8bfeb9d12650d4d2421b26223581518636e34ab022090fcc5a2570,-79,,3,64,,3
16:11:43,26.0,3,6e9b02147e8bfeb9d12650d4d2421b26223581518636e34ab022090fcc5a2570,-78,,3,64,,3
16:11:44,26.0,3,5e955c1caaa9b4d4f47b72b1c240f1d09de0724cde4bff66aefcc78d67eabfdf,-76,,3,64,,3
16:11:44,26.0,3,82bd4677596e7f3534eb04fba32ad2955b9b6945800475c563461dfbace261e5,-81,,3,64,8.0,3
16:11:45,6.0,3,48fdfa6701d2385251886c55d4ba904b4763834a229ac25d06c135cdd26a4e90,-88,,3,64,,3
16:11:46,26.0,3,15acd2a0fabe81cc7d1b6834669de3880ee819cfa95d7837b456cacf32547a12,-70,,3,64,,3
16:11:47,26.0,3,6d7974068429c0067e4e600072da62ce947cb5115dd1fc1bb980718db7a4f5d3,-85,,3,64,12.0,3
16:11:48,,3,1c4bba89d8a04b3d52047cfa68370a33168adac3d03f95192d05c3a26e3013dc,-52,,3,64,,3
16:11:48,26.0,3,15acd2a0fabe81cc7d1b6834669de3880ee819cfa95d7837b456cacf32547a12,-68,,3,64,,3
16:11:49,26.0,3,5e955c1caaa9b4d4f47b72b1c240f1d09de0724cde4bff66aefcc78d67eabfdf,-74,,3,64,,3
16:11:50,26.0,3,6e9b02147e8bfeb9d12650d4d2421b26223581518636e34ab022090fcc5a2570,-80,,3,64,,3
16:11:51,26.0,3,6d7974068429c0067e4e600072da62ce947cb5115dd1fc1bb980718db7a4f5d3,-84,,3,64,12.0,3
16:11:52,,3,1c4bba89d8a04b3d52047cfa68370a33168adac3d03f95192d05c3a26e3013dc,-54,,3,64,,3
16:11:52,26.0,3,6d7974068429c0067e4e600072da62ce947cb5115dd1fc1bb980718db7a4f5d3,-82,,3,64,12.0,3
16:11:53,,3,b0ea5bf0387ae3a66b830e1382d1e323bd9d60bb87876b461bcb1a33bd3bf15b,-89,,3,64,,3
16:11:54,,3,5c8c10cdaadbfb7b439e635005e877b77db4874624adac80b3d50f9b8a1699ab,-87,,3,64,,3
16:11:55,6.0,3,48fdfa6701d2385251886c55d4ba904b4763834a229ac25d06c135cdd26a4e90,-91,,3,64,,3
16:11:56,,3,b0ea5bf0387ae3a66b830e1382d1e323bd9d60bb87876b461bcb1a33bd3bf15b,-85,,3,64,,3
16:11:56,26.0,3,15acd2a0fabe81cc7d1b6834669de3880ee819cfa95d7837b456cacf32547a12,-69,,3,64,,3
16:11:57,,3,5c8c10cdaadbfb7b439e635005e877b77db4874624adac80b3d50f9b8a1699ab,-87,,3,64,,3
16:11:58,6.0,3,3c04aaa03f16640d5a6da4a9ac54a0d35e9478e98f6e0a002aac9e26c35c4a1f,-80,,3,64,,3
16:11:59,26.0,3,033d0c76f817f99b3655cfade5d478879a228ac94b9b8faeadc7069300ea0e75,-72,,3,64,5.0,3
16:12:00,,3,9e64a0b09e37fc47f22be2421d61ff402929d11a99993a2306b3bb6584cb32c2,-57,,3,64,,3
16:12:00,,3,9e64a0b09e37fc47f22be2421d61ff402929d11a99993a2306b3bb6584cb32c2,-58,,3,64,,3
16:12:01,26.0,3,15acd2a0fabe81cc7d1b6834669de3880ee819cfa95d7837b456cacf32547a12,-72,,3,64,,3
16:12:02,26.0,3,8a94e387e6e2ba769fa35eb4c0845919e23ef2c4b2d7264576d462f0584312cd,-84,,3,64,,3
16:12:03,26.0,3,f65d0b7b70f405a45dee681aecf3d4f6f2deb9c6d29ea49d98a969338e9185d4,-97,,3,64,,3
16:12:04,,3,9e64a0b09e37fc47f22be2421d61ff402929d11a99993a2306b3bb6584cb32c2,-57,,3,64,,3
16:12:04,,3,b0ea5bf0387ae3a66b830e1382d1e323bd9d60bb87876b461bcb1a33bd3bf15b,-78,,3,64,,3
16:12:05,26.0,3,819114ba274f255d2178a3509534c3fb2728addff33c523ef964874db3ef5c33,-85,,3,64,5.0,3
16:12:06,26.0,3,15acd2a0fabe81cc7d1b6834669de3880ee819cfa95d7837b456cacf32547a12,-86,,3,64,,3
16:12:07,,3,cccce2221419bdde4dacc34d8d0b0562c423458d212a8560ac3bc45da3efc37f,-87,,3,64,,3
16:12:08,26.0,3,5edef026a5a04a768a68e3eb55f42442ad0f9013216c0eb83887aa4bbc12006e,-88,,3,64,,3
16:12:09,,3,9e64a0b09e37fc47f22be2421d61ff402929d11a99993a2306b3bb6584cb32c2,-58,,3,64,,3
16:12:09,26.0,3,5e955c1caaa9b4d4f47b72b1c240f1d09de0724cde4bff66aefcc78d67eabfdf,-72,,3,64,,3
16:12:10,,3,5c8c10cdaadbfb7b439e635005e877b77db4874624adac80b3d50f9b8a1699ab,-86,,3,64,,3
16:12:11,26.0,3,998677e292035b5dcd0c0f013269756a165633b5b9a560e52fbc67c2e04e16a2,-68,,3,64,,3
16:12:12,,3,9e64a0b09e37fc47f22be2421d61ff402929d11a99993a2306b3bb6584cb32c2,-59,,3,64,,3
16:12:13,26.0,3,15acd2a0fabe81cc7d1b6834669de3880ee819cfa95d7837b456cacf32547a12,-73,,3,64,,3
16:12:13,,3,5c8c10cdaadbfb7b439e635005e877b77db4874624adac80b3d50f9b8a1699ab,-81,,3,64,,3
16:12:14,26.0,3,8a94e387e6e2ba769fa35eb4c0845919e23ef2c4b2d7264576d462f0584312cd,-85,,3,64,,3
16:12:15,,3,9e64a0b09e37fc47f22be2421d61ff402929d11a99993a2306b3bb6584cb32c2,-63,,3,64,,3
16:12:16,,3,5c8c10cdaadbfb7b439e635005e877b77db4874624adac80b3d50f9b8a1699ab,-79,,3,64,,3
16:12:17,26.0,3,15acd2a0fabe81cc7d1b6834669de3880ee819cfa95d7837b456cacf32547a12,-83,,3,64,,3
16:12:17,,3,9e64a0b09e37fc47f22be2421d61ff402929d11a99993a2306b3bb6584cb32c2,-58,,3,64,,3
16:12:18,,3,5c8c10cdaadbfb7b439e635005e877b77db4874624adac80b3d50f9b8a1699ab,-79,,3,64,,3
16:12:19,26.0,3,c8d7cde25c78830c0293eb633f3b0e3e4f944bd22a210d52265ea42f16442f0e,-81,,3,64,,3
16:12:20,6.0,3,3c04aaa03f16640d5a6da4a9ac54a0d35e9478e98f6e0a002aac9e26c35c4a1f,-87,,3,64,,3
16:12:21,,3,9e64a0b09e37fc47f22be2421d61ff402929d11a99993a2306b3bb6584cb32c2,-61,,3,64,,3
16:12:22,,3,5c8c10cdaadbfb7b439e635005e877b77db4874624adac80b3d50f9b8a1699ab,-80,,3,64,,3
16:12:22,26.0,3,998677e292035b5dcd0c0f013269756a165633b5b9a560e52fbc67c2e04e16a2,-81,,3,64,,3
16:12:23,26.0,3,998677e292035b5dcd0c0f013269756a165633b5b9a560e52fbc67c2e04e16a2,-84,,3,64,,3
16:12:24,26.0,3,6e9b02147e8bfeb9d12650d4d2421b26223581518636e34ab022090fcc5a2570,-80,,3,64,,3
16:12:25,26.0,3,8a94e387e6e2ba769fa35eb4c0845919e23ef2c4b2d7264576d462f0584312cd,-83,,3,64,,3
16:12:26,26.0,3,2495bb00f1c05232b0dc368181b86153f0bc3a96a24efc68738035b7d9eb6c39,-69,,3,64,,3
16:12:26,26.0,3,c8d7cde25c78830c0293eb633f3b0e3e4f944bd22a210d52265ea42f16442f0e,-84,,3,64,,3
16:12:27,26.0,3,5edef026a5a04a768a68e3eb55f42442ad0f9013216c0eb83887aa4bbc12006e,-85,,3,64,,3
16:12:28,,3,5c8c10cdaadbfb7b439e635005e877b77db4874624adac80b3d50f9b8a1699ab,-79,,3,64,,3
16:12:29,26.0,3,5e955c1caaa9b4d4f47b72b1c240f1d09de0724cde4bff66aefcc78d67eabfdf,-81,,3,64,,3
16:12:30,26.0,3,5edef026a5a04a768a68e3eb55f42442ad0f9013216c0eb83887aa4bbc12006e,-75,,3,64,,3
16:12:30,,3,9e64a0b09e37fc47f22be2421d61ff402929d11a99993a2306b3bb6584cb32c2,-60,,3,64,,3
16:12:31,,3,9e64a0b09e37fc47f22be2421d61ff402929d11a99993a2306b3bb6584cb32c2,-59,,3,64,,3
16:12:32,,3,5c8c10cdaadbfb7b439e635005e877b77db4874624adac80b3d50f9b8a1699ab,-79,,3,64,,3
16:12:33,,3,9e64a0b09e37fc47f22be2421d61ff402929d11a99993a2306b3bb6584cb32c2,-57,,3,64,,3
16:12:34,6.0,3,48fdfa6701d2385251886c55d4ba904b4763834a229ac25d06c135cdd26a4e90,-81,,3,64,,3
16:12:35,26.0,3,5edef026a5a04a768a68e3eb55f42442ad0f9013216c0eb83887aa4bbc12006e,-79,,3,64,,3
16:12:35,6.0,3,48fdfa6701d2385251886c55d4ba904b4763834a229ac25d06c135cdd26a4e90,-81,,3,64,,3
16:12:36,26.0,3,998677e292035b5dcd0c0f013269756a165633b5b9a560e52fbc67c2e04e16a2,-82,,3,64,,3
16:12:37,26.0,3,2495bb00f1c05232b0dc368181b86153f0bc3a96a24efc68738035b7d9eb6c39,-82,,3,64,,3
16:12:38,26.0,3,883598d711816a7af4b99aa8dc02593e4c4b340042b7d278113a9f897aa8b54a,-85,,3,64,5.0,3
16:12:39,,3,9e64a0b09e37fc47f22be2421d61ff402929d11a99993a2306b3bb6584cb32c2,-59,,3,64,,3
16:12:39,26.0,3,033d0c76f817f99b3655cfade5d478879a228ac94b9b8faeadc7069300ea0e75,-83,,3,64,5.0,3
16:12:40,26.0,3,819114ba274f255d2178a3509534c3fb2728addff33c523ef964874db3ef5c33,-86,,3,64,5.0,3
16:12:41,26.0,3,5e955c1caaa9b4d4f47b72b1c240f1d09de0724cde4bff66aefcc78d67eabfdf,-76,,3,64,,3
16:12:42,26.0,3,5edef026a5a04a768a68e3eb55f42442ad0f9013216c0eb83887aa4bbc12006e,-74,,3,64,,3
16:12:43,26.0,3,f65d0b7b70f405a45dee681aecf3d4f6f2deb9c6d29ea49d98a969338e9185d4,-83,,3,64,,3
16:12:44,26.0,3,8a94e387e6e2ba769fa35eb4c0845919e23ef2c4b2d7264576d462f0584312cd,-73,,3,64,,3
16:12:44,26.0,3,998677e292035b5dcd0c0f013269756a165633b5b9a560e52fbc67c2e04e16a2,-71,,3,64,,3
16:12:45,26.0,3,15acd2a0fabe81cc7d1b6834669de3880ee819cfa95d7837b456cacf32547a12,-78,,3,64,,3
16:12:46,26.0,3,883598d711816a7af4b99aa8dc02593e4c4b340042b7d278113a9f897aa8b54a,-82,,3,64,5.0,3
16:12:47,26.0,3,8a94e387e6e2ba769fa35eb4c0845919e23ef2c4b2d7264576d462f0584312cd,-77,,3,64,,3
16:12:48,6.0,3,ab3731ee1ecb83a2c9cfb692f3ef6b888dca2e6d5cc4c3ac0155a2303366beed,-86,Cb30,3,64,,3
16:12:48,26.0,3,819114ba274f255d2178a3509534c3fb2728addff33c523ef964874db3ef5c33,-93,,3,64,5.0,3
16:12:49,26.0,3,2495bb00f1c05232b0dc368181b86153f0bc3a96a24efc68738035b7d9eb6c39,-80,,3,64,,3
16:12:50,,3,7978c0667a8a56613d288b4d08568ca4f7ec247568a8727d41f8da9a6fa5eaf5,-77,,3,64,,3
16:12:51,26.0,3,c8d7cde25c78830c0293eb633f3b0e3e4f944bd22a210d52265ea42f16442f0e,-84,,3,64,,3
16:12:52,26.0,3,998677e292035b5dcd0c0f013269756a165633b5b9a560e52fbc67c2e04e16a2,-82,,3,64,,3
16:12:52,26.0,3,5edef026a5a04a768a68e3eb55f42442ad0f9013216c0eb83887aa4bbc12006e,-74,,3,64,,3
16:12:53,26.0,3,f65d0b7b70f405a45dee681aecf3d4f6f2deb9c6d29ea49d98a969338e9185d4,-83,,3,64,,3
16:12:54,26.0,3,2495bb00f1c05232b0dc368181b86153f0bc3a96a24efc68738035b7d9eb6c39,-80,,3,64,,3
16:12:55,,3,9e64a0b09e37fc47f22be2421d61ff402929d11a99993a2306b3bb6584cb32c2,-58,,3,64,,3
16:12:56,,3,6cb0b78b58821b6b11330b167f89e128128c0602679dda7d06f1c31ca1ac08a4,-85,,3,64,,3
16:12:56,6.0,3,48fdfa6701d2385251886c55d4ba904b4763834a229ac25d06c135cdd26a4e90,-81,,3,64,,3
16:12:57,6.0,3,ab3731ee1ecb83a2c9cfb692f3ef6b888dca2e6d5cc4c3ac0155a2303366beed,-87,Cb30,3,64,,3
16:12:58,26.0,3,15acd2a0fabe81cc7d1b6834669de3880ee819cfa95d7837b456cacf32547a12,-72,,3,64,,3
16:12:59,26.0,3,5edef026a5a04a768a68e3eb55f42442ad0f9013216c0eb83887aa4bbc12006e,-77,,3,64,,3
16:13:00,26.0,3,5edef026a5a04a768a68e3eb55f42442ad0f9013216c0eb83887aa4bbc12006e,-82,,3,64,,3
16:13:01,,3,9e64a0b09e37fc47f22be2421d61ff402929d11a99993a2306b3bb6584cb32c2,-58,,3,64,,3
16:13:01,,3,5c8c10cdaadbfb7b439e635005e877b77db4874624adac80b3d50f9b8a1699ab,-80,,3,64,,3
16:13:02,,3,6cb0b78b58821b6b11330b167f89e128128c0602679dda7d06f1c31ca1ac08a4,-78,,3,64,,3
16:13:03,,3,9e64a0b09e37fc47f22be2421d61ff402929d11a99993a2306b3bb6584cb32c2,-57,,3,64,,3
16:13:04,26.0,3,8a94e387e6e2ba769fa35eb4c0845919e23ef2c4b2d7264576d462f0584312cd,-79,,3,64,,3
16:13:05,26.0,3,82bd4677596e7f3534eb04fba32ad2955b9b6945800475c563461dfbace261e5,-78,,3,64,8.0,3
16:13:05,26.0,3,2495bb00f1c05232b0dc368181b86153f0bc3a96a24efc68738035b7d9eb6c39,-78,,3,64,,3
16:13:06,6.0,3,3c04aaa03f16640d5a6da4a9ac54a0d35e9478e98f6e0a002aac9e26c35c4a1f,-85,,3,64,,3
16:13:07,26.0,3,998677e292035b5dcd0c0f013269756a165633b5b9a560e52fbc67c2e04e16a2,-81,,3,64,,3
16:13:08,26.0,3,82bd4677596e7f3534eb04fba32ad2955b9b6945800475c563461dfbace261e5,-80,,3,64,8.0,3
16:13:09,26.0,3,5edef026a5a04a768a68e3eb55f42442ad0f9013216c0eb83887aa4bbc12006e,-78,,3,64,,3
16:13:09,26.0,3,82bd4677596e7f3534eb04fba32ad2955b9b6945800475c563461dfbace261e5,-78,,3,64,8.0,3
16:13:10,26.0,3,f65d0b7b70f405a45dee681aecf3d4f6f2deb9c6d29ea49d98a969338e9185d4,-94,,3,64,,3
16:13:11,26.0,3,c8d7cde25c78830c0293eb633f3b0e3e4f944bd22a210d52265ea42f16442f0e,-84,,3,64,,3
16:13:12,26.0,3,9668b38870697ad1090923560739aa32eb590a2f7a78509cbda9bc4b97733d4d,-79,,3,64,12.0,3
16:13:13,26.0,3,6e9b02147e8bfeb9d12650d4d2421b26223581518636e34ab022090fcc5a2570,-77,,3,64,,3
16:13:13,,3,9e64a0b09e37fc47f22be2421d61ff402929d11a99993a2306b3bb6584cb32c2,-57,,3,64,,3
16:13:14,,3,5c8c10cdaadbfb7b439e635005e877b77db4874624adac80b3d50f9b8a1699ab,-80,,3,64,,3
16:13:15,6.0,3,48fdfa6701d2385251886c55d4ba904b4763834a229ac25d06c135cdd26a4e90,-88,,3,64,,3
16:13:16,,3,9e64a0b09e37fc47f22be2421d61ff402929d11a99993a2306b3bb6584cb32c2,-58,,3,64,,3
16:13:17,,3,5c8c10cdaadbfb7b439e635005e877b77db4874624adac80b3d50f9b8a1699ab,-82,,3,64,,3
16:13:18,26.0,3,998677e292035b5dcd0c0f013269756a165633b5b9a560e52fbc67c2e04e16a2,-77,,3,64,,3
16:13:18,26.0,3,883598d711816a7af4b99aa8dc02593e4c4b340042b7d278113a9f897aa8b54a,-85,,3,64,5.0,3
16:13:19,,3,9e64a0b09e37fc47f22be2421d61ff402929d11a99993a2306b3bb6584cb32c2,-58,,3,64,,3
16:13:20,,3,6cb0b78b58821b6b11330b167f89e128128c0602679dda7d06f1c31ca1ac08a4,-91,,3,64,,3
16:13:21,6.0,3,48fdfa6701d2385251886c55d4ba904b4763834a229ac25d06c135cdd26a4e90,-90,,3,64,,3
16:13:22,,3,5c8c10cdaadbfb7b439e635005e877b77db4874624adac80b3d50f9b8a1699ab,-83,,3,64,,3
16:13:22,26.0,3,c8d7cde25c78830c0293eb633f3b0e3e4f944bd22a210d52265ea42f16442f0e,-77,,3,64,,3
16:13:23,,3,5c8c10cdaadbfb7b439e635005e877b77db4874624adac80b3d50f9b8a1699ab,-83,,3,64,,3
16:13:24,26.0,3,998677e292035b5dcd0c0f013269756a165633b5b9a560e52fbc67c2e04e16a2,-81,,3,64,,3
16:13:25,26.0,3,6e9b02147e8bfeb9d12650d4d2421b26223581518636e34ab022090fcc5a2570,-74,,3,64,,3
16:13:26,26.0,3,2495bb00f1c05232b0dc368181b86153f0bc3a96a24efc68738035b7d9eb6c39,-78,,3,64,,3
16:13:26,26.0,3,033d0c76f817f99b3655cfade5d478879a228ac94b9b8faeadc7069300ea0e75,-82,,3,64,5.0,3
16:13:27,26.0,3,15acd2a0fabe81cc7d1b6834669de3880ee819cfa95d7837b456cacf32547a12,-71,,3,64,,3
16:13:28,26.0,3,8a94e387e6e2ba769fa35eb4c0845919e23ef2c4b2d7264576d462f0584312cd,-84,,3,64,,3
16:13:29,,3,5c8c10cdaadbfb7b439e635005e877b77db4874624adac80b3d50f9b8a1699ab,-77,,3,64,,3
16:13:30,26.0,3,c8d7cde25c78830c0293eb633f3b0e3e4f944bd22a210d52265ea42f16442f0e,-81,,3,64,,3
16:13:30,,3,9e64a0b09e37fc47f22be2421d61ff402929d11a99993a2306b3bb6584cb32c2,-57,,3,64,,3
16:13:31,,3,2b6af2af073fd8f8eeae1290c606ccfad3af28e281402233769c0a9419a2a475,-94,,3,64,,3
16:13:32,,3,7978c0667a8a56613d288b4d08568ca4f7ec247568a8727d41f8da9a6fa5eaf5,-82,,3,64,,3
16:13:33,26.0,3,f65d0b7b70f405a45dee681aecf3d4f6f2deb9c6d29ea49d98a969338e9185d4,-84,,3,64,,3
16:13:34,26.0,3,6e9b02147e8bfeb9d12650d4d2421b26223581518636e34ab022090fcc5a2570,-78,,3,64,,3
16:13:35,26.0,3,6e9b02147e8bfeb9d12650d4d2421b26223581518636e34ab022090fcc5a2570,-86,,3,64,,3
16:13:35,,3,5c8c10cdaadbfb7b439e635005e877b77db4874624adac80b3d50f9b8a1699ab,-77,,3,64,,3
16:13:36,,3,9e64a0b09e37fc47f22be2421d61ff402929d11a99993a2306b3bb6584cb32c2,-62,,3,64,,3
16:13:37,26.0,3,2495bb00f1c05232b0dc368181b86153f0bc3a96a24efc68738035b7d9eb6c39,-69,,3,64,,3
16:13:38,6.0,3,48fdfa6701d2385251886c55d4ba904b4763834a229ac25d06c135cdd26a4e90,-95,,3,64,,3
16:13:39,26.0,3,998677e292035b5dcd0c0f013269756a165633b5b9a560e52fbc67c2e04e16a2,-75,,3,64,,3
16:13:39,6.0,3,3c04aaa03f16640d5a6da4a9ac54a0d35e9478e98f6e0a002aac9e26c35c4a1f,-83,,3,64,,3
16:13:40,6.0,3,48fdfa6701d2385251886c55d4ba904b4763834a229ac25d06c135cdd26a4e90,-88,,3,64,,3
16:13:41,26.0,3,2495bb00f1c05232b0dc368181b86153f0bc3a96a24efc68738035b7d9eb6c39,-73,,3,64,,3
16:13:42,26.0,3,63060931d8eb94a5af4e2e99ef2ecd4aca5331613b236385baf196dcab60c60a,-86,,3,64,12.0,3
16:13:43,,3,9e64a0b09e37fc47f22be2421d61ff402929d11a99993a2306b3bb6584cb32c2,-72,,3,64,,3
16:13:43,26.0,3,2495bb00f1c05232b0dc368181b86153f0bc3a96a24efc68738035b7d9eb6c39,-67,,3,64,,3
16:13:44,26.0,3,5e955c1caaa9b4d4f47b72b1c240f1d09de0724cde4bff66aefcc78d67eabfdf,-79,,3,64,,3
16:13:45,26.0,3,998677e292035b5dcd0c0f013269756a165633b5b9a560e52fbc67c2e04e16a2,-67,,3,64,,3
16:13:46,,3,6cb0b78b58821b6b11330b167f89e128128c0602679dda7d06f1c31ca1ac08a4,-88,,3,64,,3
16:13:47,26.0,3,6e9b02147e8bfeb9d12650d4d2421b26223581518636e34ab022090fcc5a2570,-80,,3,64,,3
16:13:47,26.0,3,5edef026a5a04a768a68e3eb55f42442ad0f9013216c0eb83887aa4bbc12006e,-81,,3,64,,3
16:13:48,26.0,3,502635b84af12a178a7b3222e8ef632f90d48307f0534e8b14f69f9c155a74c4,-76,,3,64,5.0,3
16:13:49,26.0,3,15acd2a0fabe81cc7d1b6834669de3880ee819cfa95d7837b456cacf32547a12,-67,,3,64,,3
16:13:50,26.0,3,2495bb00f1c05232b0dc368181b86153f0bc3a96a24efc68738035b7d9eb6c39,-68,,3,64,,3
16:13:51,26.0,3,5edef026a5a04a768a68e3eb55f42442ad0f9013216c0eb83887aa4bbc12006e,-79,,3,64,,3
16:13:51,,3,9e64a0b09e37fc47f22be2421d61ff402929d11a99993a2306b3bb6584cb32c2,-77,,3,64,,3
16:13:52,6.0,3,ab3731ee1ecb83a2c9cfb692f3ef6b888dca2e6d5cc4c3ac0155a2303366beed,-88,Cb30,3,64,,3
16:13:53,26.0,3,998677e292035b5dcd0c0f013269756a165633b5b9a560e52fbc67c2e04e16a2,-75,,3,64,,3
16:13:54,,3,5c8c10cdaadbfb7b439e635005e877b77db4874624adac80b3d50f9b8a1699ab,-82,,3,64,,3
16:13:55,,3,9e64a0b09e37fc47f22be2421d61ff402929d11a99993a2306b3bb6584cb32c2,-69,,3,64,,3
16:13:56,26.0,3,2495bb00f1c05232b0dc368181b86153f0bc3a96a24efc68738035b7d9eb6c39,-67,,3,64,,3
16:13:56,26.0,3,f65d0b7b70f405a45dee681aecf3d4f6f2deb9c6d29ea49d98a969338e9185d4,-79,,3,64,,3
16:13:57,26.0,3,6e9b02147e8bfeb9d12650d4d2421b26223581518636e34ab022090fcc5a2570,-82,,3,64,,3
16:13:58,26.0,3,15acd2a0fabe81cc7d1b6834669de3880ee819cfa95d7837b456cacf32547a12,-69,,3,64,,3
16:13:59,26.0,3,5edef026a5a04a768a68e3eb55f42442ad0f9013216c0eb83887aa4bbc12006e,-75,,3,64,,3
16:14:00,,3,9e64a0b09e37fc47f22be2421d61ff402929d11a99993a2306b3bb6584cb32c2,-68,,3,64,,3
16:14:00,26.0,3,998677e292035b5dcd0c0f013269756a165633b5b9a560e52fbc67c2e04e16a2,-68,,3,64,,3
16:14:01,26.0,3,502635b84af12a178a7b3222e8ef632f90d48307f0534e8b14f69f9c155a74c4,-78,,3,64,5.0,3
16:14:02,,3,5c8c10cdaadbfb7b439e635005e877b77db4874624adac80b3d50f9b8a1699ab,-72,,3,64,,3
16:14:03,26.0,3,15acd2a0fabe81cc7d1b6834669de3880ee819cfa95d7837b456cacf32547a12,-70,,3,64,,3
16:14:04,26.0,3,5edef026a5a04a768a68e3eb55f42442ad0f9013216c0eb83887aa4bbc12006e,-77,,3,64,,3
16:14:04,,3,5c8c10cdaadbfb7b439e635005e877b77db4874624adac80b3d50f9b8a1699ab,-71,,3,64,,3
16:14:05,26.0,3,f65d0b7b70f405a45dee681aecf3d4f6f2deb9c6d29ea49d98a969338e9185d4,-85,,3,64,,3
16:14:06,,3,9e64a0b09e37fc47f22be2421d61ff402929d11a99993a2306b3bb6584cb32c2,-74,,3,64,,3
16:14:07,26.0,3,033d0c76f817f99b3655cfade5d478879a228ac94b9b8faeadc7069300ea0e75,-80,,3,64,5.0,3
16:14:08,26.0,3,2495bb00f1c05232b0dc368181b86153f0bc3a96a24efc68738035b7d9eb6c39,-75,,3,64,,3
16:14:08,,3,6cb0b78b58821b6b11330b167f89e128128c0602679dda7d06f1c31ca1ac08a4,-74,,3,64,,3
16:14:09,26.0,3,8a94e387e6e2ba769fa35eb4c0845919e23ef2c4b2d7264576d462f0584312cd,-78,,3,64,,3
16:14:10,26.0,3,5e955c1caaa9b4d4f47b72b1c240f1d09de0724cde4bff66aefcc78d67eabfdf,-77,,3,64,,3
16:14:11,26.0,3,5edef026a5a04a768a68e3eb55f42442ad0f9013216c0eb83887aa4bbc12006e,-72,,3,64,,3
16:14:12,,3,9e64a0b09e37fc47f22be2421d61ff402929d11a99993a2306b3bb6584cb32c2,-68,,3,64,,3
16:14:12,26.0,3,8a94e387e6e2ba769fa35eb4c0845919e23ef2c4b2d7264576d462f0584312cd,-73,,3,64,,3
16:14:13,26.0,3,c8d7cde25c78830c0293eb633f3b0e3e4f944bd22a210d52265ea42f16442f0e,-83,,3,64,,3
16:14:14,26.0,3,819114ba274f255d2178a3509534c3fb2728addff33c523ef964874db3ef5c33,-84,,3,64,5.0,3
16:14:15,6.0,3,48fdfa6701d2385251886c55d4ba904b4763834a229ac25d06c135cdd26a4e90,-89,,3,64,,3
16:14:16,,3,1c4bba89d8a04b3d52047cfa68370a33168adac3d03f95192d05c3a26e3013dc,-53,,3,64,,3
16:14:17,26.0,3,15acd2a0fabe81cc7d1b6834669de3880ee819cfa95d7837b456cacf32547a12,-70,,3,64,,3
16:14:17,26.0,3,2495bb00f1c05232b0dc368181b86153f0bc3a96a24efc68738035b7d9eb6c39,-71,,3,64,,3
16:14:18,26.0,3,8a94e387e6e2ba769fa35eb4c0845919e23ef2c4b2d7264576d462f0584312cd,-82,,3,64,,3
16:14:19,26.0,3,6e9b02147e8bfeb9d12650d4d2421b26223581518636e34ab022090fcc5a2570,-76,,3,64,,3
16:14:20,26.0,3,15acd2a0fabe81cc7d1b6834669de3880ee819cfa95d7837b456cacf32547a12,-70,,3,64,,3
16:14:21,6.0,3,ffe809e617f779eee0b136974bcac1c5f977286be7f23872795d1f3d5c0521a4,-85,,3,64,,3
16:14:21,26.0,3,6e9b02147e8bfeb9d12650d4d2421b26223581518636e34ab022090fcc5a2570,-76,,3,64,,3
16:14:22,,3,5c8c10cdaadbfb7b439e635005e877b77db4874624adac80b3d50f9b8a1699ab,-80,,3,64,,3
16:14:23,26.0,3,9668b38870697ad1090923560739aa32eb590a2f7a78509cbda9bc4b97733d4d,-83,,3,64,12.0,3
16:14:24,26.0,3,15acd2a0fabe81cc7d1b6834669de3880ee819cfa95d7837b456cacf32547a12,-74,,3,64,,3
16:14:25,26.0,3,5e955c1caaa9b4d4f47b72b1c240f1d09de0724cde4bff66aefcc78d67eabfdf,-81,,3,64,,3
16:14:25,26.0,3,8a94e387e6e2ba769fa35eb4c0845919e23ef2c4b2d7264576d462f0584312cd,-76,,3,64,,3
16:14:26,26.0,3,5edef026a5a04a768a68e3eb55f42442ad0f9013216c0eb83887aa4bbc12006e,-80,,3,64,,3
16:14:27,26.0,3,2495bb00f1c05232b0dc368181b86153f0bc3a96a24efc68738035b7d9eb6c39,-70,,3,64,,3
16:14:28,,3,6cb0b78b58821b6b11330b167f89e128128c0602679dda7d06f1c31ca1ac08a4,-85,,3,64,,3
16:14:29,26.0,3,502635b84af12a178a7b3222e8ef632f90d48307f0534e8b14f69f9c155a74c4,-76,,3,64,5.0,3
16:14:29,26.0,3,2495bb00f1c05232b0dc368181b86153f0bc3a96a24efc68738035b7d9eb6c39,-71,,3,64,,3
16:14:30,26.0,3,8a94e387e6e2ba769fa35eb4c0845919e23ef2c4b2d7264576d462f0584312cd,-80,,3,64,,3
16:14:31,,3,5c8c10cdaadbfb7b439e635005e877b77db4874624adac80b3d50f9b8a1699ab,-80,,3,64,,3
16:14:32,26.0,3,f65d0b7b70f405a45dee681aecf3d4f6f2deb9c6d29ea49d98a969338e9185d4,-85,,3,64,,3
16:14:33,,3,9e64a0b09e37fc47f22be2421d61ff402929d11a99993a2306b3bb6584cb32c2,-74,,3,64,,3
16:14:33,,3,5c8c10cdaadbfb7b439e635005e877b77db4874624adac80b3d50f9b8a1699ab,-80,,3,64,,3
16:14:34,26.0,3,15acd2a0fabe81cc7d1b6834669de3880ee819cfa95d7837b456cacf32547a12,-71,,3,64,,3
16:14:35,26.0,3,998677e292035b5dcd0c0f013269756a165633b5b9a560e52fbc67c2e04e16a2,-74,,3,64,,3
16:14:36,26.0,3,2495bb00f1c05232b0dc368181b86153f0bc3a96a24efc68738035b7d9eb6c39,-72,,3,64,,3
16:14:37,26.0,3,f65d0b7b70f405a45dee681aecf3d4f6f2deb9c6d29ea49d98a969338e9185d4,-90,,3,64,,3
16:14:38,26.0,3,5edef026a5a04a768a68e3eb55f42442ad0f9013216c0eb83887aa4bbc12006e,-72,,3,64,,3
16:14:38,26.0,3,8a94e387e6e2ba769fa35eb4c0845919e23ef2c4b2d7264576d462f0584312cd,-74,,3,64,,3
16:14:39,26.0,3,8a94e387e6e2ba769fa35eb4c0845919e23ef2c4b2d7264576d462f0584312cd,-77,,3,64,,3
16:14:40,6.0,3,ffe809e617f779eee0b136974bcac1c5f977286be7f23872795d1f3d5c0521a4,-83,,3,64,,3
16:14:41,26.0,3,c8d7cde25c78830c0293eb633f3b0e3e4f944bd22a210d52265ea42f16442f0e,-87,,3,64,,3
16:14:42,26.0,3,5e955c1caaa9b4d4f47b72b1c240f1d09de0724cde4bff66aefcc78d67eabfdf,-76,,3,64,,3
16:14:42,6.0,3,3c04aaa03f16640d5a6da4a9ac54a0d35e9478e98f6e0a002aac9e26c35c4a1f,-87,,3,64,,3
16:14:43,26.0,3,9c30912c26b7382438bc7aaee05ca8cef41ed71bacbb5ba3763797f28dd573f7,-90,,3,64,,3
16:14:44,26.0,3,f65d0b7b70f405a45dee681aecf3d4f6f2deb9c6d29ea49d98a969338e9185d4,-84,,3,64,,3
16:14:45,26.0,3,8a94e387e6e2ba769fa35eb4c0845919e23ef2c4b2d7264576d462f0584312cd,-78,,3,64,,3
16:14:46,,3,5c8c10cdaadbfb7b439e635005e877b77db4874624adac80b3d50f9b8a1699ab,-90,,3,64,,3
16:14:46,6.0,3,3c04aaa03f16640d5a6da4a9ac54a0d35e9478e98f6e0a002aac9e26c35c4a1f,-82,,3,64,,3
16:14:47,,3,6cb0b78b58821b6b11330b167f89e128128c0602679dda7d06f1c31ca1ac08a4,-76,,3,64,,3
16:14:48,,3,5c8c10cdaadbfb7b439e635005e877b77db4874624adac80b3d50f9b8a1699ab,-79,,3,64,,3
16:14:49,26.0,3,819114ba274f255d2178a3509534c3fb2728addff33c523ef964874db3ef5c33,-85,,3,64,5.0,3
16:14:50,,3,5c8c10cdaadbfb7b439e635005e877b77db4874624adac80b3d50f9b8a1699ab,-83,,3,64,,3
16:14:50,26.0,3,8a94e387e6e2ba769fa35eb4c0845919e23ef2c4b2d7264576d462f0584312cd,-73,,3,64,,3
16:14:51,,3,5c8c10cdaadbfb7b439e635005e877b77db4874624adac80b3d50f9b8a1699ab,-80,,3,64,,3
16:14:52,,3,6cb0b78b58821b6b11330b167f89e128128c0602679dda7d06f1c31ca1ac08a4,-79,,3,64,,3
16:14:53,26.0,3,82bd4677596e7f3534eb04fba32ad2955b9b6945800475c563461dfbace261e5,-88,,3,64,8.0,3
16:14:54,26.0,3,5e955c1caaa9b4d4f47b72b1c240f1d09de0724cde4bff66aefcc78d67eabfdf,-78,,3,64,,3
16:14:55,,3,5c8c10cdaadbfb7b439e635005e877b77db4874624adac80b3d50f9b8a1699ab,-82,,3,64,,3
16:14:55,26.0,3,033d0c76f817f99b3655cfade5d478879a228ac94b9b8faeadc7069300ea0e75,-78,,3,64,5.0,3
16:14:56,26.0,3,033d0c76f817f99b3655cfade5d478879a228ac94b9b8faeadc7069300ea0e75,-79,,3,64,5.0,3
16:14:57,26.0,3,998677e292035b5dcd0c0f013269756a165633b5b9a560e52fbc67c2e04e16a2,-70,,3,64,2.0,3
16:14:58,26.0,3,8a94e387e6e2ba769fa35eb4c0845919e23ef2c4b2d7264576d462f0584312cd,-77,,3,64,,3
16:14:59,26.0,3,9668b38870697ad1090923560739aa32eb590a2f7a78509cbda9bc4b97733d4d,-82,,3,64,,3
16:14:59,6.0,3,3c04aaa03f16640d5a6da4a9ac54a0d35e9478e98f6e0a002aac9e26c35c4a1f,-89,,3,64,,3
16:15:00,,3,5c8c10cdaadbfb7b439e635005e877b77db4874624adac80b3d50f9b8a1699ab,-82,,3,64,,3
16:15:01,26.0,3,5edef026a5a04a768a68e3eb55f42442ad0f9013216c0eb83887aa4bbc12006e,-73,,3,64,,3
16:15:02,,3,6cb0b78b58821b6b11330b167f89e128128c0602679dda7d06f1c31ca1ac08a4,-79,,3,64,,3
16:15:03,26.0,3,6e9b02147e8bfeb9d12650d4d2421b26223581518636e34ab022090fcc5a2570,-73,,3,64,,3
16:15:03,,3,9e64a0b09e37fc47f22be2421d61ff402929d11a99993a2306b3bb6584cb32c2,-66,,3,64,,3
16:15:04,,3,5c8c10cdaadbfb7b439e635005e877b77db4874624adac80b3d50f9b8a1699ab,-83,,3,64,,3
16:15:05,26.0,3,8a94e387e6e2ba769fa35eb4c0845919e23ef2c4b2d7264576d462f0584312cd,-73,,3,64,,3
16:15:06,26.0,3,6e9b02147e8bfeb9d12650d4d2421b26223581518636e34ab022090fcc5a2570,-80,,3,64,,3
16:15:07,26.0,3,5edef026a5a04a768a68e3eb55f42442ad0f9013216c0eb83887aa4bbc12006e,-71,,3,64,,3
16:15:07,,3,9e64a0b09e37fc47f22be2421d61ff402929d11a99993a2306b3bb6584cb32c2,-71,,3,64,,3
16:15:08,26.0,3,f65d0b7b70f405a45dee681aecf3d4f6f2deb9c6d29ea49d98a969338e9185d4,-88,,3,64,,3
16:15:09,26.0,3,15acd2a0fabe81cc7d1b6834669de3880ee819cfa95d7837b456cacf32547a12,-71,,3,64,,3
16:15:10,26.0,3,5e955c1caaa9b4d4f47b72b1c240f1d09de0724cde4bff66aefcc78d67eabfdf,-77,,3,64,,3
16:15:11,26.0,3,f65d0b7b70f405a45dee681aecf3d4f6f2deb9c6d29ea49d98a969338e9185d4,-89,,3,64,,3
16:15:11,,3,9e64a0b09e37fc47f22be2421d61ff402929d11a99993a2306b3bb6584cb32c2,-70,,3,64,,3
16:15:12,,3,5c8c10cdaadbfb7b439e635005e877b77db4874624adac80b3d50f9b8a1699ab,-81,,3,64,,3
16:15:13,6.0,3,48fdfa6701d2385251886c55d4ba904b4763834a229ac25d06c135cdd26a4e90,-88,,3,64,,3
16:15:14,,3,9e64a0b09e37fc47f22be2421d61ff402929d11a99993a2306b3bb6584cb32c2,-71,,3,64,,3
16:15:15,,3,6cb0b78b58821b6b11330b167f89e128128c0602679dda7d06f1c31ca1ac08a4,-77,,3,64,,3
16:15:16,26.0,3,9668b38870697ad1090923560739aa32eb590a2f7a78509cbda9bc4b97733d4d,-84,,3,64,,3
16:15:16,,3,9e64a0b09e37fc47f22be2421d61ff402929d11a99993a2306b3bb6584cb32c2,-65,,3,64,,3
16:15:17,6.0,3,48fdfa6701d2385251886c55d4ba904b4763834a229ac25d06c135cdd26a4e90,-89,,3,64,,3
16:15:18,26.0,3,f65d0b7b70f405a45dee681aecf3d4f6f2deb9c6d29ea49d98a969338e9185d4,-84,,3,64,,3
16:15:19,26.0,3,63060931d8eb94a5af4e2e99ef2ecd4aca5331613b236385baf196dcab60c60a,-87,,3,64,12.0,3
16:15:20,,3,9e64a0b09e37fc47f22be2421d61ff402929d11a99993a2306b3bb6584cb32c2,-67,,3,64,,3
16:15:20,26.0,3,b1d0cb098a58d2211a3d5e87019f7d7baa948cef808082bcba29610e99e15f32,-86,,3,64,7.0,3
16:15:21,26.0,3,c8d7cde25c78830c0293eb633f3b0e3e4f944bd22a210d52265ea42f16442f0e,-87,,3,64,,3
16:15:22,26.0,3,819114ba274f255d2178a3509534c3fb2728addff33c523ef964874db3ef5c33,-82,,3,64,5.0,3
16:15:23,26.0,3,883598d711816a7af4b99aa8dc02593e4c4b340042b7d278113a9f897aa8b54a,-89,,3,64,5.0,3
16:15:24,,3,6cb0b78b58821b6b11330b167f89e128128c0602679dda7d06f1c31ca1ac08a4,-84,,3,64,,3
16:15:24,26.0,3,8a94e387e6e2ba769fa35eb4c0845919e23ef2c4b2d7264576d462f0584312cd,-80,,3,64,,3
16:15:25,26.0,3,9668b38870697ad1090923560739aa32eb590a2f7a78509cbda9bc4b97733d4d,-89,,3,64,,3
16:15:26,26.0,3,9668b38870697ad1090923560739aa32eb590a2f7a78509cbda9bc4b97733d4d,-83,,3,64,,3
16:15:27,,3,5c8c10cdaadbfb7b439e635005e877b77db4874624adac80b3d50f9b8a1699ab,-88,,3,64,,3
16:15:28,,3,9e64a0b09e37fc47f22be2421d61ff402929d11a99993a2306b3bb6584cb32c2,-67,,3,64,,3
16:15:28,,3,5c8c10cdaadbfb7b439e635005e877b77db4874624adac80b3d50f9b8a1699ab,-81,,3,64,,3
16:15:29,26.0,3,6e9b02147e8bfeb9d12650d4d2421b26223581518636e34ab022090fcc5a2570,-71,,3,64,,3
16:15:30,26.0,3,8a94e387e6e2ba769fa35eb4c0845919e23ef2c4b2d7264576d462f0584312cd,-74,,3,64,,3
16:15:31,26.0,3,6e9b02147e8bfeb9d12650d4d2421b26223581518636e34ab022090fcc5a2570,-79,,3,64,,3
16:15:32,26.0,3,5e955c1caaa9b4d4f47b72b1c240f1d09de0724cde4bff66aefcc78d67eabfdf,-76,,3,64,,3
16:15:33,26.0,3,8a94e387e6e2ba769fa35eb4c0845919e23ef2c4b2d7264576d462f0584312cd,-73,,3,64,,3
16:15:33,26.0,3,5edef026a5a04a768a68e3eb55f42442ad0f9013216c0eb83887aa4bbc12006e,-78,,3,64,,3
16:15:34,26.0,3,82bd4677596e7f3534eb04fba32ad2955b9b6945800475c563461dfbace261e5,-75,,3,64,8.0,3
16:15:35,26.0,3,15acd2a0fabe81cc7d1b6834669de3880ee819cfa95d7837b456cacf32547a12,-74,,3,64,,3
16:15:36,26.0,3,f65d0b7b70f405a45dee681aecf3d4f6f2deb9c6d29ea49d98a969338e9185d4,-93,,3,64,,3
16:15:37,6.0,3,3c04aaa03f16640d5a6da4a9ac54a0d35e9478e98f6e0a002aac9e26c35c4a1f,-83,,3,64,,3
16:15:37,26.0,3,883598d711816a7af4b99aa8dc02593e4c4b340042b7d278113a9f897aa8b54a,-87,,3,64,5.0,3
16:15:38,6.0,3,48fdfa6701d2385251886c55d4ba904b4763834a229ac25d06c135cdd26a4e90,-84,,3,64,,3
16:15:39,,3,567d3139db79349d3ea714ca5e08d44107b41d22266f53f70ed8f046ff205da0,-79,,3,64,,3
16:15:40,26.0,3,5edef026a5a04a768a68e3eb55f42442ad0f9013216c0eb83887aa4bbc12006e,-71,,3,64,,3
16:15:41,,3,6cb0b78b58821b6b11330b167f89e128128c0602679dda7d06f1c31ca1ac08a4,-90,,3,64,,3
16:15:41,26.0,3,5e955c1caaa9b4d4f47b72b1c240f1d09de0724cde4bff66aefcc78d67eabfdf,-76,,3,64,,3
16:15:42,,3,9e64a0b09e37fc47f22be2421d61ff402929d11a99993a2306b3bb6584cb32c2,-79,,3,64,,3
16:15:43,26.0,3,63060931d8eb94a5af4e2e99ef2ecd4aca5331613b236385baf196dcab60c60a,-89,,3,64,12.0,3
16:15:44,,3,6cb0b78b58821b6b11330b167f89e128128c0602679dda7d06f1c31ca1ac08a4,-74,,3,64,,3
16:15:45,26.0,3,8a94e387e6e2ba769fa35eb4c0845919e23ef2c4b2d7264576d462f0584312cd,-75,,3,64,,3
16:15:45,,3,f17c3293aa1e3d79e8c169f5e56947bafbed2206b03de07d82ac28ebd89d1bd6,-83,,3,64,,3
16:15:46,6.0,3,48fdfa6701d2385251886c55d4ba904b4763834a229ac25d06c135cdd26a4e90,-86,,3,64,,3
16:15:47,,3,9e64a0b09e37fc47f22be2421d61ff402929d11a99993a2306b3bb6584cb32c2,-66,,3,64,,3
16:15:48,26.0,3,5edef026a5a04a768a68e3eb55f42442ad0f9013216c0eb83887aa4bbc12006e,-71,,3,64,,3
16:15:49,26.0,3,5e955c1caaa9b4d4f47b72b1c240f1d09de0724cde4bff66aefcc78d67eabfdf,-75,,3,64,,3
16:15:49,,3,6cb0b78b58821b6b11330b167f89e128128c0602679dda7d06f1c31ca1ac08a4,-87,,3,64,,3
16:15:50,26.0,3,819114ba274f255d2178a3509534c3fb2728addff33c523ef964874db3ef5c33,-89,,3,64,5.0,3
16:15:51,,3,567d3139db79349d3ea714ca5e08d44107b41d22266f53f70ed8f046ff205da0,-80,,3,64,,3
16:15:52,26.0,3,2495bb00f1c05232b0dc368181b86153f0bc3a96a24efc68738035b7d9eb6c39,-75,,3,64,2.0,3
16:15:53,,3,6cb0b78b58821b6b11330b167f89e128128c0602679dda7d06f1c31ca1ac08a4,-94,,3,64,,3
16:15:54,,3,9e64a0b09e37fc47f22be2421d61ff402929d11a99993a2306b3bb6584cb32c2,-70,,3,64,,3
16:15:54,26.0,3,6d7974068429c0067e4e600072da62ce947cb5115dd1fc1bb980718db7a4f5d3,-88,,3,64,12.0,3
16:15:55,6.0,3,ffe809e617f779eee0b136974bcac1c5f977286be7f23872795d1f3d5c0521a4,-82,,3,64,,3
16:15:56,,3,6cb0b78b58821b6b11330b167f89e128128c0602679dda7d06f1c31ca1ac08a4,-72,,3,64,,3
16:15:57,26.0,3,f65d0b7b70f405a45dee681aecf3d4f6f2deb9c6d29ea49d98a969338e9185d4,-87,,3,64,,3
16:15:58,,3,567d3139db79349d3ea714ca5e08d44107b41d22266f53f70ed8f046ff205da0,-78,,3,64,,3
16:15:58,26.0,3,5e955c1caaa9b4d4f47b72b1c240f1d09de0724cde4bff66aefcc78d67eabfdf,-75,,3,64,,3
16:15:59,,3,f17c3293aa1e3d79e8c169f5e56947bafbed2206b03de07d82ac28ebd89d1bd6,-88,,3,64,,3
16:16:00,,3,9e64a0b09e37fc47f22be2421d61ff402929d11a99993a2306b3bb6584cb32c2,-75,,3,64,,3
16:16:01,,3,6cb0b78b58821b6b11330b167f89e128128c0602679dda7d06f1c31ca1ac08a4,-77,,3,64,,3
16:16:02,,3,f17c3293aa1e3d79e8c169f5e56947bafbed2206b03de07d82ac28ebd89d1bd6,-91,,3,64,,3
16:16:02,,3,567d3139db79349d3ea714ca5e08d44107b41d22266f53f70ed8f046ff205da0,-77,,3,64,,3
16:16:03,,3,567d3139db79349d3ea714ca5e08d44107b41d22266f53f70ed8f046ff205da0,-92,,3,64,,3
16:16:04,26.0,3,9668b38870697ad1090923560739aa32eb590a2f7a78509cbda9bc4b97733d4d,-91,,3,64,,3
16:16:05,,3,f17c3293aa1e3d79e8c169f5e56947bafbed2206b03de07d82ac28ebd89d1bd6,-75,,3,64,,3
16:16:06,,3,567d3139db79349d3ea714ca5e08d44107b41d22266f53f70ed8f046ff205da0,-92,,3,64,,3
16:16:06,26.0,3,5e955c1caaa9b4d4f47b72b1c240f1d09de0724cde4bff66aefcc78d67eabfdf,-77,,3,64,,3
16:16:07,26.0,3,2495bb00f1c05232b0dc368181b86153f0bc3a96a24efc68738035b7d9eb6c39,-68,,3,64,2.0,3
16:16:08,,3,f17c3293aa1e3d79e8c169f5e56947bafbed2206b03de07d82ac28ebd89d1bd6,-76,,3,64,,3
16:16:09,,3,9e64a0b09e37fc47f22be2421d61ff402929d11a99993a2306b3bb6584cb32c2,-68,,3,64,,3
16:16:10,6.0,3,ffe809e617f779eee0b136974bcac1c5f977286be7f23872795d1f3d5c0521a4,-83,,3,64,,3
16:16:10,26.0,3,63060931d8eb94a5af4e2e99ef2ecd4aca5331613b236385baf196dcab60c60a,-90,,3,64,12.0,3
16:16:11,,3,6cb0b78b58821b6b11330b167f89e128128c0602679dda7d06f1c31ca1ac08a4,-74,,3,64,,3
16:16:12,26.0,3,15acd2a0fabe81cc7d1b6834669de3880ee819cfa95d7837b456cacf32547a12,-75,,3,64,,3
16:16:13,26.0,3,033d0c76f817f99b3655cfade5d478879a228ac94b9b8faeadc7069300ea0e75,-73,,3,64,5.0,3
16:16:14,6.0,3,3c04aaa03f16640d5a6da4a9ac54a0d35e9478e98f6e0a002aac9e26c35c4a1f,-82,,3,64,,3
16:16:15,,3,567d3139db79349d3ea714ca5e08d44107b41d22266f53f70ed8f046ff205da0,-81,,3,64,,3
16:16:15,26.0,3,c8d7cde25c78830c0293eb633f3b0e3e4f944bd22a210d52265ea42f16442f0e,-91,,3,64,,3
16:16:16,,3,9e64a0b09e37fc47f22be2421d61ff402929d11a99993a2306b3bb6584cb32c2,-70,,3,64,,3
16:16:17,,3,f17c3293aa1e3d79e8c169f5e56947bafbed2206b03de07d82ac28ebd89d1bd6,-72,,3,64,,3
16:16:18,,3,567d3139db79349d3ea714ca5e08d44107b41d22266f53f70ed8f046ff205da0,-81,,3,64,,3
16:16:19,26.0,3,5e955c1caaa9b4d4f47b72b1c240f1d09de0724cde4bff66aefcc78d67eabfdf,-80,,3,64,,3
16:16:19,26.0,3,883598d711816a7af4b99aa8dc02593e4c4b340042b7d278113a9f897aa8b54a,-87,,3,64,5.0,3
16:16:20,26.0,3,5e955c1caaa9b4d4f47b72b1c240f1d09de0724cde4bff66aefcc78d67eabfdf,-82,,3,64,,3
16:16:21,,3,567d3139db79349d3ea714ca5e08d44107b41d22266f53f70ed8f046ff205da0,-90,,3,64,,3
16:16:22,,3,9e64a0b09e37fc47f22be2421d61ff402929d11a99993a2306b3bb6584cb32c2,-63,,3,64,,3
16:16:23,26.0,3,2495bb00f1c05232b0dc368181b86153f0bc3a96a24efc68738035b7d9eb6c39,-78,,3,64,2.0,3
16:16:23,,3,567d3139db79349d3ea714ca5e08d44107b41d22266f53f70ed8f046ff205da0,-87,,3,64,,3
16:16:24,26.0,3,15acd2a0fabe81cc7d1b6834669de3880ee819cfa95d7837b456cacf32547a12,-70,,3,64,,3
16:16:25,,3,f17c3293aa1e3d79e8c169f5e56947bafbed2206b03de07d82ac28ebd89d1bd6,-77,,3,64,,3
16:16:26,6.0,3,48fdfa6701d2385251886c55d4ba904b4763834a229ac25d06c135cdd26a4e90,-85,,3,64,,3
16:16:27,26.0,3,502635b84af12a178a7b3222e8ef632f90d48307f0534e8b14f69f9c155a74c4,-79,,3,64,5.0,3
16:16:27,26.0,3,5e955c1caaa9b4d4f47b72b1c240f1d09de0724cde4bff66aefcc78d67eabfdf,-74,,3,64,,3
16:16:28,26.0,3,5edef026a5a04a768a68e3eb55f42442ad0f9013216c0eb83887aa4bbc12006e,-75,,3,64,,3
16:16:29,,3,567d3139db79349d3ea714ca5e08d44107b41d22266f53f70ed8f046ff205da0,-78,,3,64,,3
16:16:30,26.0,3,5e955c1caaa9b4d4f47b72b1c240f1d09de0724cde4bff66aefcc78d67eabfdf,-76,,3,64,,3
16:16:31,26.0,3,82bd4677596e7f3534eb04fba32ad2955b9b6945800475c563461dfbace261e5,-77,,3,64,8.0,3
16:16:31,26.0,3,9668b38870697ad1090923560739aa32eb590a2f7a78509cbda9bc4b97733d4d,-90,,3,64,,3
16:16:32,26.0,3,8a94e387e6e2ba769fa35eb4c0845919e23ef2c4b2d7264576d462f0584312cd,-75,,3,64,,3
16:16:33,26.0,3,5edef026a5a04a768a68e3eb55f42442ad0f9013216c0eb83887aa4bbc12006e,-83,,3,64,,3
16:16:34,,3,dfb9e417bf9b4b045a026d40ee5f6e47e99c1e991b8f87efbf5f7bb8b83a274d,-91,,3,64,,3
16:16:35,26.0,3,5e955c1caaa9b4d4f47b72b1c240f1d09de0724cde4bff66aefcc78d67eabfdf,-77,,3,64,,3
16:16:36,26.0,3,f65d0b7b70f405a45dee681aecf3d4f6f2deb9c6d29ea49d98a969338e9185d4,-86,,3,64,,3
16:16:36,,3,9e64a0b09e37fc47f22be2421d61ff402929d11a99993a2306b3bb6584cb32c2,-68,,3,64,,3
16:16:37,26.0,3,6e9b02147e8bfeb9d12650d4d2421b26223581518636e34ab022090fcc5a2570,-83,,3,64,,3
16:16:38,26.0,3,998677e292035b5dcd0c0f013269756a165633b5b9a560e52fbc67c2e04e16a2,-69,,3,64,2.0,3
16:16:39,,3,f17c3293aa1e3d79e8c169f5e56947bafbed2206b03de07d82ac28ebd89d1bd6,-77,,3,64,,3
16:16:40,,3,6cb0b78b58821b6b11330b167f89e128128c0602679dda7d06f1c31ca1ac08a4,-84,,3,64,,3
16:16:40,26.0,3,6e9b02147e8bfeb9d12650d4d2421b26223581518636e34ab022090fcc5a2570,-72,,3,64,,3
16:16:41,26.0,3,8a94e387e6e2ba769fa35eb4c0845919e23ef2c4b2d7264576d462f0584312cd,-82,,3,64,,3
16:16:42,,3,f17c3293aa1e3d79e8c169f5e56947bafbed2206b03de07d82ac28ebd89d1bd6,-74,,3,64,,3
16:16:43,26.0,3,819114ba274f255d2178a3509534c3fb2728addff33c523ef964874db3ef5c33,-87,,3,64,5.0,3
16:16:44,26.0,3,8a94e387e6e2ba769fa35eb4c0845919e23ef2c4b2d7264576d462f0584312cd,-75,,3,64,,3
16:16:44,,3,567d3139db79349d3ea714ca5e08d44107b41d22266f53f70ed8f046ff205da0,-85,,3,64,,3
16:16:45,6.0,3,ffe809e617f779eee0b136974bcac1c5f977286be7f23872795d1f3d5c0521a4,-83,,3,64,,3
16:16:46,6.0,3,3c04aaa03f16640d5a6da4a9ac54a0d35e9478e98f6e0a002aac9e26c35c4a1f,-88,,3,64,,3
16:16:47,26.0,3,9668b38870697ad1090923560739aa32eb590a2f7a78509cbda9bc4b97733d4d,-84,,3,64,,3
16:16:48,26.0,3,15acd2a0fabe81cc7d1b6834669de3880ee819cfa95d7837b456cacf32547a12,-77,,3,64,,3
16:16:48,6.0,3,3c04aaa03f16640d5a6da4a9ac54a0d35e9478e98f6e0a002aac9e26c35c4a1f,-83,,3,64,,3
16:16:49,,3,9e64a0b09e37fc47f22be2421d61ff402929d11a99993a2306b3bb6584cb32c2,-69,,3,64,,3
16:16:50,,3,9e64a0b09e37fc47f22be2421d61ff402929d11a99993a2306b3bb6584cb32c2,-68,,3,64,,3
16:16:51,,3,f17c3293aa1e3d79e8c169f5e56947bafbed2206b03de07d82ac28ebd89d1bd6,-74,,3,64,,3
16:16:52,26.0,3,998677e292035b5dcd0c0f013269756a165633b5b9a560e52fbc67c2e04e16a2,-77,,3,64,2.0,3
16:16:53,26.0,3,8a94e387e6e2ba769fa35eb4c0845919e23ef2c4b2d7264576d462f0584312cd,-72,,3,64,,3
16:16:53,,3,9e64a0b09e37fc47f22be2421d61ff402929d11a99993a2306b3bb6584cb32c2,-66,,3,64,,3
16:16:54,,3,f17c3293aa1e3d79e8c169f5e56947bafbed2206b03de07d82ac28ebd89d1bd6,-81,,3,64,,3
16:16:55,26.0,3,f65d0b7b70f405a45dee681aecf3d4f6f2deb9c6d29ea49d98a969338e9185d4,-83,,3,64,,3
16:16:56,,3,567d3139db79349d3ea714ca5e08d44107b41d22266f53f70ed8f046ff205da0,-75,,3,64,,3
16:16:57,26.0,3,819114ba274f255d2178a3509534c3fb2728addff33c523ef964874db3ef5c33,-81,,3,64,5.0,3
16:16:57,26.0,3,2495bb00f1c05232b0dc368181b86153f0bc3a96a24efc68738035b7d9eb6c39,-71,,3,64,,3
16:16:58,,3,f17c3293aa1e3d79e8c169f5e56947bafbed2206b03de07d82ac28ebd89d1bd6,-72,,3,64,,3
16:16:59,26.0,3,5edef026a5a04a768a68e3eb55f42442ad0f9013216c0eb83887aa4bbc12006e,-72,,3,64,,3
16:17:00,,3,9e64a0b09e37fc47f22be2421d61ff402929d11a99993a2306b3bb6584cb32c2,-65,,3,64,,3
16:17:01,,3,567d3139db79349d3ea714ca5e08d44107b41d22266f53f70ed8f046ff205da0,-84,,3,64,,3
16:17:01,26.0,3,883598d711816a7af4b99aa8dc02593e4c4b340042b7d278113a9f897aa8b54a,-78,,3,64,5.0,3
16:17:02,,3,9e64a0b09e37fc47f22be2421d61ff402929d11a99993a2306b3bb6584cb32c2,-66,,3,64,,3
16:17:03,26.0,3,883598d711816a7af4b99aa8dc02593e4c4b340042b7d278113a9f897aa8b54a,-82,,3,64,5.0,3
16:17:04,6.0,3,48fdfa6701d2385251886c55d4ba904b4763834a229ac25d06c135cdd26a4e90,-89,,3,64,,3
16:17:05,26.0,3,033d0c76f817f99b3655cfade5d478879a228ac94b9b8faeadc7069300ea0e75,-73,,3,64,5.0,3
16:17:05,26.0,3,5edef026a5a04a768a68e3eb55f42442ad0f9013216c0eb83887aa4bbc12006e,-75,,3,64,,3
16:17:06,,3,f17c3293aa1e3d79e8c169f5e56947bafbed2206b03de07d82ac28ebd89d1bd6,-78,,3,64,,3
16:17:07,,3,6cb0b78b58821b6b11330b167f89e128128c0602679dda7d06f1c31ca1ac08a4,-74,,3,64,,3
16:17:08,26.0,3,998677e292035b5dcd0c0f013269756a165633b5b9a560e52fbc67c2e04e16a2,-72,,3,64,2.0,3
16:17:09,26.0,3,15acd2a0fabe81cc7d1b6834669de3880ee819cfa95d7837b456cacf32547a12,-77,,3,64,,3
16:17:09,26.0,3,502635b84af12a178a7b3222e8ef632f90d48307f0534e8b14f69f9c155a74c4,-81,,3,64,5.0,3
16:17:10,26.0,3,5edef026a5a04a768a68e3eb55f42442ad0f9013216c0eb83887aa4bbc12006e,-83,,3,64,,3
16:17:11,,3,f17c3293aa1e3d79e8c169f5e56947bafbed2206b03de07d82ac28ebd89d1bd6,-70,,3,64,,3
16:17:12,26.0,3,819114ba274f255d2178a3509534c3fb2728addff33c523ef964874db3ef5c33,-79,,3,64,5.0,3
16:17:13,,3,9e64a0b09e37fc47f22be2421d61ff402929d11a99993a2306b3bb6584cb32c2,-63,,3,64,,3
16:17:14,26.0,3,8a94e387e6e2ba769fa35eb4c0845919e23ef2c4b2d7264576d462f0584312cd,-74,,3,64,,3
16:17:14,26.0,3,998677e292035b5dcd0c0f013269756a165633b5b9a560e52fbc67c2e04e16a2,-76,,3,64,,3
16:17:15,26.0,3,998677e292035b5dcd0c0f013269756a165633b5b9a560e52fbc67c2e04e16a2,-69,,3,64,,3
16:17:16,26.0,3,5e955c1caaa9b4d4f47b72b1c240f1d09de0724cde4bff66aefcc78d67eabfdf,-81,,3,64,,3
16:17:17,,3,567d3139db79349d3ea714ca5e08d44107b41d22266f53f70ed8f046ff205da0,-76,,3,64,,3
16:17:18,26.0,3,5e955c1caaa9b4d4f47b72b1c240f1d09de0724cde4bff66aefcc78d67eabfdf,-83,,3,64,,3
16:17:19,26.0,3,998677e292035b5dcd0c0f013269756a165633b5b9a560e52fbc67c2e04e16a2,-68,,3,64,,3
16:17:19,26.0,3,998677e292035b5dcd0c0f013269756a165633b5b9a560e52fbc67c2e04e16a2,-69,,3,64,,3
16:17:20,26.0,3,63060931d8eb94a5af4e2e99ef2ecd4aca5331613b236385baf196dcab60c60a,-87,,3,64,12.0,3
16:17:21,26.0,3,2495bb00f1c05232b0dc368181b86153f0bc3a96a24efc68738035b7d9eb6c39,-76,,3,64,,3
16:17:22,26.0,3,15acd2a0fabe81cc7d1b6834669de3880ee819cfa95d7837b456cacf32547a12,-68,,3,64,,3
16:17:23,,3,9e64a0b09e37fc47f22be2421d61ff402929d11a99993a2306b3bb6584cb32c2,-69,,3,64,,3
16:17:23,26.0,3,f65d0b7b70f405a45dee681aecf3d4f6f2deb9c6d29ea49d98a969338e9185d4,-92,,3,64,,3
16:17:24,,3,567d3139db79349d3ea714ca5e08d44107b41d22266f53f70ed8f046ff205da0,-89,,3,64,,3
16:17:25,26.0,3,2495bb00f1c05232b0dc368181b86153f0bc3a96a24efc68738035b7d9eb6c39,-76,,3,64,,3
16:17:26,,3,f17c3293aa1e3d79e8c169f5e56947bafbed2206b03de07d82ac28ebd89d1bd6,-71,,3,64,,3
16:17:27,,3,6cb0b78b58821b6b11330b167f89e128128c0602679dda7d06f1c31ca1ac08a4,-74,,3,64,,3
16:17:27,6.0,3,3c04aaa03f16640d5a6da4a9ac54a0d35e9478e98f6e0a002aac9e26c35c4a1f,-84,,3,64,,3
16:17:28,26.0,3,15acd2a0fabe81cc7d1b6834669de3880ee819cfa95d7837b456cacf32547a12,-76,,3,64,,3
16:17:29,,3,f17c3293aa1e3d79e8c169f5e56947bafbed2206b03de07d82ac28ebd89d1bd6,-69,,3,64,,3
16:17:30,,3,6cb0b78b58821b6b11330b167f89e128128c0602679dda7d06f1c31ca1ac08a4,-85,,3,64,,3
16:17:31,,3,9e64a0b09e37fc47f22be2421d61ff402929d11a99993a2306b3bb6584cb32c2,-65,,3,64,,3
16:17:31,26.0,3,8a94e387e6e2ba769fa35eb4c0845919e23ef2c4b2d7264576d462f0584312cd,-75,,3,64,,3
16:17:32,,3,1ad160cd168be0366efbf71391731541359a3e79c15a59e5616e846266a91f9f,-80,,3,64,,3
16:17:33,,3,9e64a0b09e37fc47f22be2421d61ff402929d11a99993a2306b3bb6584cb32c2,-70,,3,64,,3
16:17:34,,3,9e64a0b09e37fc47f22be2421d61ff402929d11a99993a2306b3bb6584cb32c2,-71,,3,64,,3
16:17:35,,3,f17c3293aa1e3d79e8c169f5e56947bafbed2206b03de07d82ac28ebd89d1bd6,-68,,3,64,,3
16:17:35,,3,567d3139db79349d3ea714ca5e08d44107b41d22266f53f70ed8f046ff205da0,-90,,3,64,,3
16:17:36,,3,9e64a0b09e37fc47f22be2421d61ff402929d11a99993a2306b3bb6584cb32c2,-71,,3,64,,3
16:17:37,,3,f17c3293aa1e3d79e8c169f5e56947bafbed2206b03de07d82ac28ebd89d1bd6,-66,,3,64,,3
16:17:38,26.0,3,63060931d8eb94a5af4e2e99ef2ecd4aca5331613b236385baf196dcab60c60a,-83,,3,64,12.0,3
16:17:39,26.0,3,2495bb00f1c05232b0dc368181b86153f0bc3a96a24efc68738035b7d9eb6c39,-75,,3,64,,3
16:17:40,26.0,3,c8d7cde25c78830c0293eb633f3b0e3e4f944bd22a210d52265ea42f16442f0e,-85,,3,64,,3
16:17:40,26.0,3,998677e292035b5dcd0c0f013269756a165633b5b9a560e52fbc67c2e04e16a2,-75,,3,64,,3
16:17:41,6.0,3,48fdfa6701d2385251886c55d4ba904b4763834a229ac25d06c135cdd26a4e90,-80,,3,64,,3
16:17:42,26.0,3,5edef026a5a04a768a68e3eb55f42442ad0f9013216c0eb83887aa4bbc12006e,-75,,3,64,,3
16:17:43,26.0,3,15acd2a0fabe81cc7d1b6834669de3880ee819cfa95d7837b456cacf32547a12,-73,,3,64,,3
16:17:44,,3,f17c3293aa1e3d79e8c169f5e56947bafbed2206b03de07d82ac28ebd89d1bd6,-66,,3,64,,3
16:17:44,,3,6cb0b78b58821b6b11330b167f89e128128c0602679dda7d06f1c31ca1ac08a4,-86,,3,64,,3
16:17:45,26.0,3,5e955c1caaa9b4d4f47b72b1c240f1d09de0724cde4bff66aefcc78d67eabfdf,-74,,3,64,,3
16:17:46,26.0,3,f65d0b7b70f405a45dee681aecf3d4f6f2deb9c6d29ea49d98a969338e9185d4,-85,,3,64,,3
16:17:47,,3,567d3139db79349d3ea714ca5e08d44107b41d22266f53f70ed8f046ff205da0,-78,,3,64,,3
16:17:48,26.0,3,15acd2a0fabe81cc7d1b6834669de3880ee819cfa95d7837b456cacf32547a12,-73,,3,64,,3
16:17:48,26.0,3,2495bb00f1c05232b0dc368181b86153f0bc3a96a24efc68738035b7d9eb6c39,-70,,3,64,,3
16:17:49,26.0,3,5edef026a5a04a768a68e3eb55f42442ad0f9013216c0eb83887aa4bbc12006e,-73,,3,64,,3
16:17:50,26.0,3,998677e292035b5dcd0c0f013269756a165633b5b9a560e52fbc67c2e04e16a2,-72,,3,64,,3
16:17:51,26.0,3,f65d0b7b70f405a45dee681aecf3d4f6f2deb9c6d29ea49d98a969338e9185d4,-83,,3,64,,3
16:17:52,26.0,3,502635b84af12a178a7b3222e8ef632f90d48307f0534e8b14f69f9c155a74c4,-75,,3,64,5.0,3
16:17:52,26.0,3,15acd2a0fabe81cc7d1b6834669de3880ee819cfa95d7837b456cacf32547a12,-71,,3,64,,3
16:17:53,26.0,3,8a94e387e6e2ba769fa35eb4c0845919e23ef2c4b2d7264576d462f0584312cd,-79,,3,64,,3
16:17:54,,3,f17c3293aa1e3d79e8c169f5e56947bafbed2206b03de07d82ac28ebd89d1bd6,-68,,3,64,,3
16:17:55,,3,567d3139db79349d3ea714ca5e08d44107b41d22266f53f70ed8f046ff205da0,-78,,3,64,,3
16:17:56,,3,6cb0b78b58821b6b11330b167f89e128128c0602679dda7d06f1c31ca1ac08a4,-78,,3,64,,3
16:17:57,26.0,3,6e9b02147e8bfeb9d12650d4d2421b26223581518636e34ab022090fcc5a2570,-72,,3,64,,3
16:17:57,26.0,3,15acd2a0fabe81cc7d1b6834669de3880ee819cfa95d7837b456cacf32547a12,-86,,3,64,,3
16:17:58,,3,f17c3293aa1e3d79e8c169f5e56947bafbed2206b03de07d82ac28ebd89d1bd6,-70,,3,64,,3
16:17:59,26.0,3,5edef026a5a04a768a68e3eb55f42442ad0f9013216c0eb83887aa4bbc12006e,-81,,3,64,,3
16:18:00,26.0,3,82bd4677596e7f3534eb04fba32ad2955b9b6945800475c563461dfbace261e5,-82,,3,64,8.0,3
16:18:01,26.0,3,033d0c76f817f99b3655cfade5d478879a228ac94b9b8faeadc7069300ea0e75,-80,,3,64,5.0,3
16:18:01,26.0,3,63060931d8eb94a5af4e2e99ef2ecd4aca5331613b236385baf196dcab60c60a,-86,,3,64,12.0,3
16:18:02,,3,9e64a0b09e37fc47f22be2421d61ff402929d11a99993a2306b3bb6584cb32c2,-70,,3,64,,3
16:18:03,26.0,3,502635b84af12a178a7b3222e8ef632f90d48307f0534e8b14f69f9c155a74c4,-79,,3,64,5.0,3
16:18:04,26.0,3,5edef026a5a04a768a68e3eb55f42442ad0f9013216c0eb83887aa4bbc12006e,-75,,3,64,,3
16:18:05,26.0,3,6d7974068429c0067e4e600072da62ce947cb5115dd1fc1bb980718db7a4f5d3,-84,,3,64,12.0,3
16:18:05,,3,567d3139db79349d3ea714ca5e08d44107b41d22266f53f70ed8f046ff205da0,-79,,3,64,,3
16:18:06,26.0,3,f65d0b7b70f405a45dee681aecf3d4f6f2deb9c6d29ea49d98a969338e9185d4,-79,,3,64,,3
16:18:07,26.0,3,c8d7cde25c78830c0293eb633f3b0e3e4f944bd22a210d52265ea42f16442f0e,-81,,3,64,,3
16:18:08,,3,567d3139db79349d3ea714ca5e08d44107b41d22266f53f70ed8f046ff205da0,-83,,3,64,,3
16:18:09,26.0,3,15acd2a0fabe81cc7d1b6834669de3880ee819cfa95d7837b456cacf32547a12,-73,,3,64,,3
16:18:09,26.0,3,819114ba274f255d2178a3509534c3fb2728addff33c523ef964874db3ef5c33,-90,,3,64,,3
16:18:10,,3,6cb0b78b58821b6b11330b167f89e128128c0602679dda7d06f1c31ca1ac08a4,-74,,3,64,,3
16:18:11,,3,9e64a0b09e37fc47f22be2421d61ff402929d11a99993a2306b3bb6584cb32c2,-65,,3,64,,3
16:18:12,26.0,3,63060931d8eb94a5af4e2e99ef2ecd4aca5331613b236385baf196dcab60c60a,-80,,3,64,12.0,3
16:18:13,,3,9e64a0b09e37fc47f22be2421d61ff402929d11a99993a2306b3bb6584cb32c2,-68,,3,64,,3
16:18:13,26.0,3,2495bb00f1c05232b0dc368181b86153f0bc3a96a24efc68738035b7d9eb6c39,-80,,3,64,,3
16:18:14,,3,f17c3293aa1e3d79e8c169f5e56947bafbed2206b03de07d82ac28ebd89d1bd6,-69,,3,64,,3
16:18:15,26.0,3,819114ba274f255d2178a3509534c3fb2728addff33c523ef964874db3ef5c33,-87,,3,64,,3
16:18:16,26.0,3,5edef026a5a04a768a68e3eb55f42442ad0f9013216c0eb83887aa4bbc12006e,-78,,3,64,,3
16:18:17,26.0,3,998677e292035b5dcd0c0f013269756a165633b5b9a560e52fbc67c2e04e16a2,-76,,3,64,,3
16:18:18,26.0,3,998677e292035b5dcd0c0f013269756a165633b5b9a560e52fbc67c2e04e16a2,-78,,3,64,,3
16:18:18,26.0,3,5e955c1caaa9b4d4f47b72b1c240f1d09de0724cde4bff66aefcc78d67eabfdf,-76,,3,64,,3
16:18:19,26.0,3,883598d711816a7af4b99aa8dc02593e4c4b340042b7d278113a9f897aa8b54a,-88,,3,64,,3
16:18:20,26.0,3,2495bb00f1c05232b0dc368181b86153f0bc3a96a24efc68738035b7d9eb6c39,-84,,3,64,,3
16:18:21,26.0,3,5edef026a5a04a768a68e3eb55f42442ad0f9013216c0eb83887aa4bbc12006e,-74,,3,64,,3
16:18:22,,3,f17c3293aa1e3d79e8c169f5e56947bafbed2206b03de07d82ac28ebd89d1bd6,-73,,3,64,,3
16:18:22,,3,f17c3293aa1e3d79e8c169f5e56947bafbed2206b03de07d82ac28ebd89d1bd6,-70,,3,64,,3
16:18:23,,3,2b6af2af073fd8f8eeae1290c606ccfad3af28e281402233769c0a9419a2a475,-93,,3,64,,3
16:18:24,26.0,3,998677e292035b5dcd0c0f013269756a165633b5b9a560e52fbc67c2e04e16a2,-81,,3,64,,3
16:18:25,26.0,3,998677e292035b5dcd0c0f013269756a165633b5b9a560e52fbc67c2e04e16a2,-92,,3,64,,3
16:18:26,,3,9e64a0b09e37fc47f22be2421d61ff402929d11a99993a2306b3bb6584cb32c2,-85,,3,64,,3
16:18:26,26.0,3,819114ba274f255d2178a3509534c3fb2728addff33c523ef964874db3ef5c33,-87,,3,64,,3
16:18:27,26.0,3,2495bb00f1c05232b0dc368181b86153f0bc3a96a24efc68738035b7d9eb6c39,-82,,3,64,,3
16:18:28,26.0,3,2495bb00f1c05232b0dc368181b86153f0bc3a96a24efc68738035b7d9eb6c39,-83,,3,64,,3
16:18:29,26.0,3,998677e292035b5dcd0c0f013269756a165633b5b9a560e52fbc67c2e04e16a2,-82,,3,64,,3
16:18:30,6.0,3,48fdfa6701d2385251886c55d4ba904b4763834a229ac25d06c135cdd26a4e90,-89,,3,64,,3
16:18:30,26.0,3,b1d0cb098a58d2211a3d5e87019f7d7baa948cef808082bcba29610e99e15f32,-88,,3,64,7.0,3
16:18:31,,3,6cb0b78b58821b6b11330b167f89e128128c0602679dda7d06f1c31ca1ac08a4,-76,,3,64,,3
16:18:32,26.0,3,6e9b02147e8bfeb9d12650d4d2421b26223581518636e34ab022090fcc5a2570,-83,,3,64,,3
16:18:33,26.0,3,c8d7cde25c78830c0293eb633f3b0e3e4f944bd22a210d52265ea42f16442f0e,-86,,3,64,,3
16:18:34,,3,567d3139db79349d3ea714ca5e08d44107b41d22266f53f70ed8f046ff205da0,-86,,3,64,,3
16:18:35,26.0,3,2495bb00f1c05232b0dc368181b86153f0bc3a96a24efc68738035b7d9eb6c39,-79,,3,64,,3
16:18:35,26.0,3,2495bb00f1c05232b0dc368181b86153f0bc3a96a24efc68738035b7d9eb6c39,-75,,3,64,,3
16:18:36,26.0,3,2495bb00f1c05232b0dc368181b86153f0bc3a96a24efc68738035b7d9eb6c39,-80,,3,64,,3
16:18:37,26.0,3,8a94e387e6e2ba769fa35eb4c0845919e23ef2c4b2d7264576d462f0584312cd,-83,,3,64,,3
16:18:38,6.0,3,ffe809e617f779eee0b136974bcac1c5f977286be7f23872795d1f3d5c0521a4,-92,,3,64,,3
16:18:39,,3,f17c3293aa1e3d79e8c169f5e56947bafbed2206b03de07d82ac28ebd89d1bd6,-79,,3,64,,3
16:18:39,26.0,3,63060931d8eb94a5af4e2e99ef2ecd4aca5331613b236385baf196dcab60c60a,-80,,3,64,12.0,3
16:18:40,,3,2b6af2af073fd8f8eeae1290c606ccfad3af28e281402233769c0a9419a2a475,-91,,3,64,,3
16:18:41,26.0,3,63060931d8eb94a5af4e2e99ef2ecd4aca5331613b236385baf196dcab60c60a,-83,,3,64,12.0,3
16:18:42,6.0,3,48fdfa6701d2385251886c55d4ba904b4763834a229ac25d06c135cdd26a4e90,-86,,3,64,,3
16:18:43,26.0,3,f65d0b7b70f405a45dee681aecf3d4f6f2deb9c6d29ea49d98a969338e9185d4,-84,,3,64,,3
16:18:43,26.0,3,998677e292035b5dcd0c0f013269756a165633b5b9a560e52fbc67c2e04e16a2,-78,,3,64,,3
16:18:44,26.0,3,15acd2a0fabe81cc7d1b6834669de3880ee819cfa95d7837b456cacf32547a12,-78,,3,64,,3
16:18:45,26.0,3,f65d0b7b70f405a45dee681aecf3d4f6f2deb9c6d29ea49d98a969338e9185d4,-84,,3,64,,3
16:18:46,26.0,3,15acd2a0fabe81cc7d1b6834669de3880ee819cfa95d7837b456cacf32547a12,-74,,3,64,,3
16:18:47,26.0,3,6e9b02147e8bfeb9d12650d4d2421b26223581518636e34ab022090fcc5a2570,-82,,3,64,,3
16:18:47,,3,6cb0b78b58821b6b11330b167f89e128128c0602679dda7d06f1c31ca1ac08a4,-71,,3,64,,3
16:18:48,,3,6cb0b78b58821b6b11330b167f89e128128c0602679dda7d06f1c31ca1ac08a4,-94,,3,64,,3
16:18:49,26.0,3,82bd4677596e7f3534eb04fba32ad2955b9b6945800475c563461dfbace261e5,-87,,3,64,8.0,3
16:18:50,,3,9e64a0b09e37fc47f22be2421d61ff402929d11a99993a2306b3bb6584cb32c2,-65,,3,64,,3
16:18:51,,3,567d3139db79349d3ea714ca5e08d44107b41d22266f53f70ed8f046ff205da0,-87,,3,64,,3
16:18:51,26.0,3,5e955c1caaa9b4d4f47b72b1c240f1d09de0724cde4bff66aefcc78d67eabfdf,-73,,3,64,,3
16:18:52,26.0,3,f65d0b7b70f405a45dee681aecf3d4f6f2deb9c6d29ea49d98a969338e9185d4,-84,,3,64,,3
16:18:53,,3,f17c3293aa1e3d79e8c169f5e56947bafbed2206b03de07d82ac28ebd89d1bd6,-76,,3,64,,3
16:18:54,26.0,3,b1d0cb098a58d2211a3d5e87019f7d7baa948cef808082bcba29610e99e15f32,-84,,3,64,7.0,3
16:18:55,26.0,3,f65d0b7b70f405a45dee681aecf3d4f6f2deb9c6d29ea49d98a969338e9185d4,-82,,3,64,,3
16:18:56,,3,f17c3293aa1e3d79e8c169f5e56947bafbed2206b03de07d82ac28ebd89d1bd6,-76,,3,64,,3
16:18:56,26.0,3,5edef026a5a04a768a68e3eb55f42442ad0f9013216c0eb83887aa4bbc12006e,-76,,3,64,,3
16:18:57,,3,567d3139db79349d3ea714ca5e08d44107b41d22266f53f70ed8f046ff205da0,-77,,3,64,,3
16:18:58,26.0,3,998677e292035b5dcd0c0f013269756a165633b5b9a560e52fbc67c2e04e16a2,-72,,3,64,,3
16:18:59,,3,2b6af2af073fd8f8eeae1290c606ccfad3af28e281402233769c0a9419a2a475,-90,,3,64,,3
16:19:00,26.0,3,998677e292035b5dcd0c0f013269756a165633b5b9a560e52fbc67c2e04e16a2,-79,,3,64,,3
16:19:00,26.0,3,502635b84af12a178a7b3222e8ef632f90d48307f0534e8b14f69f9c155a74c4,-76,,3,64,5.0,3
16:19:01,,3,6cb0b78b58821b6b11330b167f89e128128c0602679dda7d06f1c31ca1ac08a4,-91,,3,64,,3
16:19:02,,3,9e64a0b09e37fc47f22be2421d61ff402929d11a99993a2306b3bb6584cb32c2,-66,,3,64,,3
16:19:03,26.0,3,883598d711816a7af4b99aa8dc02593e4c4b340042b7d278113a9f897aa8b54a,-82,,3,64,,3
16:19:04,26.0,3,8a94e387e6e2ba769fa35eb4c0845919e23ef2c4b2d7264576d462f0584312cd,-83,,3,64,,3
16:19:04,,3,6cb0b78b58821b6b11330b167f89e128128c0602679dda7d06f1c31ca1ac08a4,-78,,3,64,,3
16:19:05,,3,6cb0b78b58821b6b11330b167f89e128128c0602679dda7d06f1c31ca1ac08a4,-86,,3,64,,3
16:19:06,26.0,3,9668b38870697ad1090923560739aa32eb590a2f7a78509cbda9bc4b97733d4d,-89,,3,64,12.0,3
16:19:07,,3,567d3139db79349d3ea714ca5e08d44107b41d22266f53f70ed8f046ff205da0,-83,,3,64,,3
16:19:08,26.0,3,9668b38870697ad1090923560739aa32eb590a2f7a78509cbda9bc4b97733d4d,-88,,3,64,12.0,3
16:19:08,26.0,3,8a94e387e6e2ba769fa35eb4c0845919e23ef2c4b2d7264576d462f0584312cd,-73,,3,64,,3
16:19:09,26.0,3,eca9c889f9f23084fafdfb22be0bc67976e9d03d8a3380f0f5d512b933ad60b8,-91,,3,64,7.0,3
16:19:10,26.0,3,a9916725875936f322f3ef3def880327bd414a755d48e3992eacbfbc5c69a6c4,-87,,3,64,,3
16:19:11,26.0,3,883598d711816a7af4b99aa8dc02593e4c4b340042b7d278113a9f897aa8b54a,-90,,3,64,,3
16:19:12,26.0,3,819114ba274f255d2178a3509534c3fb2728addff33c523ef964874db3ef5c33,-89,,3,64,,3
16:19:13,,3,567d3139db79349d3ea714ca5e08d44107b41d22266f53f70ed8f046ff205da0,-88,,3,64,,3
16:19:13,26.0,3,5e955c1caaa9b4d4f47b72b1c240f1d09de0724cde4bff66aefcc78d67eabfdf,-78,,3,64,,3
16:19:14,26.0,3,82bd4677596e7f3534eb04fba32ad2955b9b6945800475c563461dfbace261e5,-86,,3,64,8.0,3
16:19:15,,3,f17c3293aa1e3d79e8c169f5e56947bafbed2206b03de07d82ac28ebd89d1bd6,-68,,3,64,,3
16:19:16,26.0,3,49dc891795779aa6adc7be673906b42942bc6f80b65673bfb9425bffe58205ae,-85,,3,64,,3
16:19:17,,3,6cb0b78b58821b6b11330b167f89e128128c0602679dda7d06f1c31ca1ac08a4,-75,,3,64,,3
16:19:17,,3,9e64a0b09e37fc47f22be2421d61ff402929d11a99993a2306b3bb6584cb32c2,-70,,3,64,,3
16:19:18,26.0,3,a9916725875936f322f3ef3def880327bd414a755d48e3992eacbfbc5c69a6c4,-85,,3,64,12.0,3
16:19:19,,3,567d3139db79349d3ea714ca5e08d44107b41d22266f53f70ed8f046ff205da0,-87,,3,64,,3
16:19:20,,3,6cb0b78b58821b6b11330b167f89e128128c0602679dda7d06f1c31ca1ac08a4,-84,,3,64,,3
16:19:21,,3,f17c3293aa1e3d79e8c169f5e56947bafbed2206b03de07d82ac28ebd89d1bd6,-71,,3,64,,3
16:19:21,26.0,3,b1d0cb098a58d2211a3d5e87019f7d7baa948cef808082bcba29610e99e15f32,-89,,3,64,7.0,3
16:19:22,26.0,3,6e9b02147e8bfeb9d12650d4d2421b26223581518636e34ab022090fcc5a2570,-72,,3,64,,3
16:19:23,26.0,3,8a94e387e6e2ba769fa35eb4c0845919e23ef2c4b2d7264576d462f0584312cd,-74,,3,64,,3
16:19:24,,3,9e64a0b09e37fc47f22be2421d61ff402929d11a99993a2306b3bb6584cb32c2,-78,,3,64,,3
16:19:25,,3,6cb0b78b58821b6b11330b167f89e128128c0602679dda7d06f1c31ca1ac08a4,-78,,3,64,,3
16:19:25,26.0,3,5edef026a5a04a768a68e3eb55f42442ad0f9013216c0eb83887aa4bbc12006e,-80,,3,64,,3
16:19:26,26.0,3,f65d0b7b70f405a45dee681aecf3d4f6f2deb9c6d29ea49d98a969338e9185d4,-90,,3,64,,3
16:19:27,26.0,3,2495bb00f1c05232b0dc368181b86153f0bc3a96a24efc68738035b7d9eb6c39,-77,,3,64,,3
16:19:28,26.0,3,883598d711816a7af4b99aa8dc02593e4c4b340042b7d278113a9f897aa8b54a,-91,,3,64,,3
16:19:29,,3,f17c3293aa1e3d79e8c169f5e56947bafbed2206b03de07d82ac28ebd89d1bd6,-70,,3,64,,3
16:19:29,6.0,3,c6ca379640deb81fedb96b1a54c4af806edd7143e8254b3a1aebf11dd6b7a322,-82,,3,64,,3
16:19:30,26.0,3,6e9b02147e8bfeb9d12650d4d2421b26223581518636e34ab022090fcc5a2570,-84,,3,64,,3
16:19:31,26.0,3,49dc891795779aa6adc7be673906b42942bc6f80b65673bfb9425bffe58205ae,-88,,3,64,,3
16:19:32,26.0,3,49dc891795779aa6adc7be673906b42942bc6f80b65673bfb9425bffe58205ae,-86,,3,64,,3
16:19:33,26.0,3,f65d0b7b70f405a45dee681aecf3d4f6f2deb9c6d29ea49d98a969338e9185d4,-87,,3,64,,3
16:19:34,,3,567d3139db79349d3ea714ca5e08d44107b41d22266f53f70ed8f046ff205da0,-91,,3,64,,3
16:19:34,,3,f17c3293aa1e3d79e8c169f5e56947bafbed2206b03de07d82ac28ebd89d1bd6,-74,,3,64,,3
16:19:35,26.0,3,15acd2a0fabe81cc7d1b6834669de3880ee819cfa95d7837b456cacf32547a12,-74,,3,64,,3
16:19:36,26.0,3,63060931d8eb94a5af4e2e99ef2ecd4aca5331613b236385baf196dcab60c60a,-84,,3,64,12.0,3
16:19:37,26.0,3,f6c92e150ee369643188e65d65c3d6998328ba234e265df8dc427e724a60e74d,-94,,3,64,12.0,3
16:19:38,,3,6cb0b78b58821b6b11330b167f89e128128c0602679dda7d06f1c31ca1ac08a4,-76,,3,64,,3
16:19:38,,3,6cb0b78b58821b6b11330b167f89e128128c0602679dda7d06f1c31ca1ac08a4,-86,,3,64,,3
16:19:39,26.0,3,998677e292035b5dcd0c0f013269756a165633b5b9a560e52fbc67c2e04e16a2,-75,,3,64,,3
16:19:40,,3,074f44faea6cb9968fd92a7a0a21c333ef764a2deae35040025ac2cfc2cb74a1,-89,,3,64,,3
16:19:41,,3,6cb0b78b58821b6b11330b167f89e128128c0602679dda7d06f1c31ca1ac08a4,-90,,3,64,,3
16:19:42,,3,f17c3293aa1e3d79e8c169f5e56947bafbed2206b03de07d82ac28ebd89d1bd6,-65,,3,64,,3
16:19:42,,3,dfb9e417bf9b4b045a026d40ee5f6e47e99c1e991b8f87efbf5f7bb8b83a274d,-92,,3,64,,3
16:19:43,,3,9e64a0b09e37fc47f22be2421d61ff402929d11a99993a2306b3bb6584cb32c2,-71,,3,64,,3
16:19:44,26.0,3,a9916725875936f322f3ef3def880327bd414a755d48e3992eacbfbc5c69a6c4,-89,,3,64,12.0,3
16:19:45,26.0,3,a9916725875936f322f3ef3def880327bd414a755d48e3992eacbfbc5c69a6c4,-85,,3,64,12.0,3
16:19:46,26.0,3,883598d711816a7af4b99aa8dc02593e4c4b340042b7d278113a9f897aa8b54a,-85,,3,64,,3
16:19:46,,3,567d3139db79349d3ea714ca5e08d44107b41d22266f53f70ed8f046ff205da0,-87,,3,64,,3
16:19:47,6.0,3,eaa6b94c11a784f9309b5e36d2aa2f04c2c4f1d942abab9f8ab010c53e25d461,-93,,3,64,,3
16:19:48,,3,f17c3293aa1e3d79e8c169f5e56947bafbed2206b03de07d82ac28ebd89d1bd6,-71,,3,64,,3
16:19:49,26.0,3,998677e292035b5dcd0c0f013269756a165633b5b9a560e52fbc67c2e04e16a2,-82,,3,64,,3
16:19:50,26.0,3,5edef026a5a04a768a68e3eb55f42442ad0f9013216c0eb83887aa4bbc12006e,-72,,3,64,,3
16:19:51,6.0,3,ab3731ee1ecb83a2c9cfb692f3ef6b888dca2e6d5cc4c3ac0155a2303366beed,-85,Cb30,3,64,,3
16:19:51,,3,6cb0b78b58821b6b11330b167f89e128128c0602679dda7d06f1c31ca1ac08a4,-87,,3,64,,3
16:19:52,26.0,3,f65d0b7b70f405a45dee681aecf3d4f6f2deb9c6d29ea49d98a969338e9185d4,-84,,3,64,,3
16:19:53,,3,6cb0b78b58821b6b11330b167f89e128128c0602679dda7d06f1c31ca1ac08a4,-87,,3,64,,3
16:19:54,,3,f17c3293aa1e3d79e8c169f5e56947bafbed2206b03de07d82ac28ebd89d1bd6,-67,,3,64,,3
16:19:55,,3,9e64a0b09e37fc47f22be2421d61ff402929d11a99993a2306b3bb6584cb32c2,-74,,3,64,,3
16:19:55,26.0,3,2495bb00f1c05232b0dc368181b86153f0bc3a96a24efc68738035b7d9eb6c39,-77,,3,64,,3
16:19:56,26.0,3,15acd2a0fabe81cc7d1b6834669de3880ee819cfa95d7837b456cacf32547a12,-75,,3,64,,3
16:19:57,,3,567d3139db79349d3ea714ca5e08d44107b41d22266f53f70ed8f046ff205da0,-78,,3,64,,3
16:19:58,,3,9e64a0b09e37fc47f22be2421d61ff402929d11a99993a2306b3bb6584cb32c2,-70,,3,64,,3
16:19:59,26.0,3,2495bb00f1c05232b0dc368181b86153f0bc3a96a24efc68738035b7d9eb6c39,-76,,3,64,,3
16:19:59,,3,567d3139db79349d3ea714ca5e08d44107b41d22266f53f70ed8f046ff205da0,-79,,3,64,,3
16:20:00,26.0,3,f65d0b7b70f405a45dee681aecf3d4f6f2deb9c6d29ea49d98a969338e9185d4,-86,,3,64,,3
16:20:01,26.0,3,5edef026a5a04a768a68e3eb55f42442ad0f9013216c0eb83887aa4bbc12006e,-75,,3,64,,3
16:20:02,26.0,3,82bd4677596e7f3534eb04fba32ad2955b9b6945800475c563461dfbace261e5,-85,,3,64,8.0,3
16:20:03,6.0,3,eaa6b94c11a784f9309b5e36d2aa2f04c2c4f1d942abab9f8ab010c53e25d461,-86,,3,64,,3
16:20:03,,3,9e64a0b09e37fc47f22be2421d61ff402929d11a99993a2306b3bb6584cb32c2,-79,,3,64,,3
16:20:04,,3,f17c3293aa1e3d79e8c169f5e56947bafbed2206b03de07d82ac28ebd89d1bd6,-66,,3,64,,3
16:20:05,26.0,3,6e9b02147e8bfeb9d12650d4d2421b26223581518636e34ab022090fcc5a2570,-72,,3,64,,3
16:20:06,,3,567d3139db79349d3ea714ca5e08d44107b41d22266f53f70ed8f046ff205da0,-78,,3,64,,3
16:20:07,26.0,3,49dc891795779aa6adc7be673906b42942bc6f80b65673bfb9425bffe58205ae,-83,,3,64,,3
16:20:07,26.0,3,cfa1e11203862821cfc10678800126c07375451bd1bfd75a66ff3aebfe3722f4,-85,,3,64,,3
16:20:08,6.0,3,c6ca379640deb81fedb96b1a54c4af806edd7143e8254b3a1aebf11dd6b7a322,-86,,3,64,,3
16:20:09,,3,6cb0b78b58821b6b11330b167f89e128128c0602679dda7d06f1c31ca1ac08a4,-87,,3,64,,3
16:20:10,6.0,3,c6ca379640deb81fedb96b1a54c4af806edd7143e8254b3a1aebf11dd6b7a322,-85,,3,64,,3
16:20:11,26.0,3,998677e292035b5dcd0c0f013269756a165633b5b9a560e52fbc67c2e04e16a2,-78,,3,64,,3
16:20:12,26.0,3,f65d0b7b70f405a45dee681aecf3d4f6f2deb9c6d29ea49d98a969338e9185d4,-90,,3,64,,3
16:20:12,,3,9e64a0b09e37fc47f22be2421d61ff402929d11a99993a2306b3bb6584cb32c2,-69,,3,64,,3
16:20:13,,3,4f723cbb5d542d8ab971816e772cd77f3153a87c19a2139d37af7e7221ce25b4,-52,,3,64,,3
16:20:14,26.0,3,2c9a5bfb4bc73788f26c1f16cd3710b0ed9e63240f95db897da860b08f89d1ff,-83,,3,64,5.0,3
16:20:15,,3,9e64a0b09e37fc47f22be2421d61ff402929d11a99993a2306b3bb6584cb32c2,-70,,3,64,,3
16:20:16,26.0,3,998677e292035b5dcd0c0f013269756a165633b5b9a560e52fbc67c2e04e16a2,-79,,3,64,,3
16:20:16,,3,6cb0b78b58821b6b11330b167f89e128128c0602679dda7d06f1c31ca1ac08a4,-77,,3,64,,3
16:20:17,,3,f17c3293aa1e3d79e8c169f5e56947bafbed2206b03de07d82ac28ebd89d1bd6,-73,,3,64,,3
16:20:18,26.0,3,883598d711816a7af4b99aa8dc02593e4c4b340042b7d278113a9f897aa8b54a,-89,,3,64,,3
16:20:19,26.0,3,49dc891795779aa6adc7be673906b42942bc6f80b65673bfb9425bffe58205ae,-85,,3,64,,3
16:20:20,6.0,3,c6ca379640deb81fedb96b1a54c4af806edd7143e8254b3a1aebf11dd6b7a322,-84,,3,64,,3
16:20:20,26.0,3,5edef026a5a04a768a68e3eb55f42442ad0f9013216c0eb83887aa4bbc12006e,-75,,3,64,,3
16:20:21,26.0,3,6e9b02147e8bfeb9d12650d4d2421b26223581518636e34ab022090fcc5a2570,-72,,3,64,,3
16:20:22,,3,074f44faea6cb9968fd92a7a0a21c333ef764a2deae35040025ac2cfc2cb74a1,-86,,3,64,,3
16:20:23,26.0,3,5edef026a5a04a768a68e3eb55f42442ad0f9013216c0eb83887aa4bbc12006e,-75,,3,64,,3
16:20:24,26.0,3,f6c92e150ee369643188e65d65c3d6998328ba234e265df8dc427e724a60e74d,-87,,3,64,12.0,3
16:20:24,,3,567d3139db79349d3ea714ca5e08d44107b41d22266f53f70ed8f046ff205da0,-79,,3,64,,3
16:20:25,26.0,3,883598d711816a7af4b99aa8dc02593e4c4b340042b7d278113a9f897aa8b54a,-83,,3,64,,3
16:20:26,26.0,3,8a94e387e6e2ba769fa35eb4c0845919e23ef2c4b2d7264576d462f0584312cd,-80,,3,64,,3
16:20:27,26.0,3,63060931d8eb94a5af4e2e99ef2ecd4aca5331613b236385baf196dcab60c60a,-86,,3,64,12.0,3
16:20:28,26.0,3,6e9b02147e8bfeb9d12650d4d2421b26223581518636e34ab022090fcc5a2570,-74,,3,64,,3
16:20:29,26.0,3,8a94e387e6e2ba769fa35eb4c0845919e23ef2c4b2d7264576d462f0584312cd,-81,,3,64,,3
16:20:29,6.0,3,c6ca379640deb81fedb96b1a54c4af806edd7143e8254b3a1aebf11dd6b7a322,-90,,3,64,,3
16:20:30,,3,6cb0b78b58821b6b11330b167f89e128128c0602679dda7d06f1c31ca1ac08a4,-86,,3,64,,3
16:20:31,,3,567d3139db79349d3ea714ca5e08d44107b41d22266f53f70ed8f046ff205da0,-76,,3,64,,3
16:20:32,,3,f17c3293aa1e3d79e8c169f5e56947bafbed2206b03de07d82ac28ebd89d1bd6,-73,,3,64,,3
16:20:33,26.0,3,819114ba274f255d2178a3509534c3fb2728addff33c523ef964874db3ef5c33,-86,,3,64,,3
16:20:33,26.0,3,6e9b02147e8bfeb9d12650d4d2421b26223581518636e34ab022090fcc5a2570,-72,,3,64,,3
16:20:34,,3,2b6af2af073fd8f8eeae1290c606ccfad3af28e281402233769c0a9419a2a475,-91,,3,64,,3
16:20:35,26.0,3,8a94e387e6e2ba769fa35eb4c0845919e23ef2c4b2d7264576d462f0584312cd,-73,,3,64,,3
16:20:36,26.0,3,998677e292035b5dcd0c0f013269756a165633b5b9a560e52fbc67c2e04e16a2,-79,,3,64,,3
16:20:37,26.0,3,49dc891795779aa6adc7be673906b42942bc6f80b65673bfb9425bffe58205ae,-85,,3,64,,3
16:20:37,26.0,3,896e67f7da59360144a2fe605283968f85a0290f2e241893853628facf470181,-72,,3,64,,3
16:20:38,26.0,3,896e67f7da59360144a2fe605283968f85a0290f2e241893853628facf470181,-75,,3,64,,3
16:20:39,26.0,3,cfa1e11203862821cfc10678800126c07375451bd1bfd75a66ff3aebfe3722f4,-81,,3,64,,3
16:20:40,26.0,3,b1d0cb098a58d2211a3d5e87019f7d7baa948cef808082bcba29610e99e15f32,-89,,3,64,7.0,3
16:20:41,26.0,3,b1d0cb098a58d2211a3d5e87019f7d7baa948cef808082bcba29610e99e15f32,-89,,3,64,7.0,3
16:20:41,,3,9e64a0b09e37fc47f22be2421d61ff402929d11a99993a2306b3bb6584cb32c2,-71,,3,64,,3
16:20:42,,3,567d3139db79349d3ea714ca5e08d44107b41d22266f53f70ed8f046ff205da0,-90,,3,64,,3
16:20:43,26.0,3,819114ba274f255d2178a3509534c3fb2728addff33c523ef964874db3ef5c33,-88,,3,64,,3
16:20:44,26.0,3,819114ba274f255d2178a3509534c3fb2728addff33c523ef964874db3ef5c33,-87,,3,64,,3
16:20:45,,3,f17c3293aa1e3d79e8c169f5e56947bafbed2206b03de07d82ac28ebd89d1bd6,-77,,3,64,,3
16:20:45,26.0,3,eca9c889f9f23084fafdfb22be0bc67976e9d03d8a3380f0f5d512b933ad60b8,-92,,3,64,7.0,3
16:20:46,26.0,3,cfa1e11203862821cfc10678800126c07375451bd1bfd75a66ff3aebfe3722f4,-77,,3,64,,3
16:20:47,26.0,3,de0804105251c7d59c7746ba4f0427eac1b3e0cd9b0907f78de37b3fb843ae85,-84,,3,64,,3
16:20:48,26.0,3,896e67f7da59360144a2fe605283968f85a0290f2e241893853628facf470181,-75,,3,64,,3
16:20:49,6.0,3,c6ca379640deb81fedb96b1a54c4af806edd7143e8254b3a1aebf11dd6b7a322,-88,,3,64,,3
16:20:50,,3,074f44faea6cb9968fd92a7a0a21c333ef764a2deae35040025ac2cfc2cb74a1,-93,,3,64,,3
16:20:50,,3,9e64a0b09e37fc47f22be2421d61ff402929d11a99993a2306b3bb6584cb32c2,-68,,3,64,,3
16:20:51,26.0,3,f6c92e150ee369643188e65d65c3d6998328ba234e265df8dc427e724a60e74d,-84,,3,64,12.0,3
16:20:52,,3,6cb0b78b58821b6b11330b167f89e128128c0602679dda7d06f1c31ca1ac08a4,-86,,3,64,,3
16:20:53,26.0,3,de0804105251c7d59c7746ba4f0427eac1b3e0cd9b0907f78de37b3fb843ae85,-76,,3,64,,3
16:20:54,26.0,3,cfa1e11203862821cfc10678800126c07375451bd1bfd75a66ff3aebfe3722f4,-82,,3,64,,3
16:20:54,26.0,3,2c9a5bfb4bc73788f26c1f16cd3710b0ed9e63240f95db897da860b08f89d1ff,-84,,3,64,5.0,3
16:20:55,,3,f17c3293aa1e3d79e8c169f5e56947bafbed2206b03de07d82ac28ebd89d1bd6,-79,,3,64,,3
16:20:56,26.0,3,cfa1e11203862821cfc10678800126c07375451bd1bfd75a66ff3aebfe3722f4,-73,,3,64,,3
16:20:57,,3,4a7427e9d1aeff2ec89fb2a550c3acb8aab78b0f8a529afed8bbdf21ae3ad343,-75,,3,64,,3
16:20:58,26.0,3,1ba7ecd7ef53234b3805399360ca3577a5bedb39a902d2afa4001df3d3ee7bf0,-85,,3,64,,3
16:20:58,26.0,3,998677e292035b5dcd0c0f013269756a165633b5b9a560e52fbc67c2e04e16a2,-67,,3,64,,3
16:20:59,26.0,3,15acd2a0fabe81cc7d1b6834669de3880ee819cfa95d7837b456cacf32547a12,-69,,3,64,,3
16:21:00,,3,567d3139db79349d3ea714ca5e08d44107b41d22266f53f70ed8f046ff205da0,-79,,3,64,,3
16:21:01,26.0,3,998677e292035b5dcd0c0f013269756a165633b5b9a560e52fbc67c2e04e16a2,-71,,3,64,,3
16:21:02,26.0,3,82bd4677596e7f3534eb04fba32ad2955b9b6945800475c563461dfbace261e5,-82,,3,64,8.0,3
16:21:02,26.0,3,1ba7ecd7ef53234b3805399360ca3577a5bedb39a902d2afa4001df3d3ee7bf0,-74,,3,64,,3
16:21:03,26.0,3,cfa1e11203862821cfc10678800126c07375451bd1bfd75a66ff3aebfe3722f4,-84,,3,64,,3
16:21:04,6.0,3,c6ca379640deb81fedb96b1a54c4af806edd7143e8254b3a1aebf11dd6b7a322,-95,,3,64,,3
16:21:05,26.0,3,2495bb00f1c05232b0dc368181b86153f0bc3a96a24efc68738035b7d9eb6c39,-69,,3,64,,3
16:21:06,26.0,3,f65d0b7b70f405a45dee681aecf3d4f6f2deb9c6d29ea49d98a969338e9185d4,-84,,3,64,,3
16:21:06,26.0,3,998677e292035b5dcd0c0f013269756a165633b5b9a560e52fbc67c2e04e16a2,-70,,3,64,,3
16:21:07,26.0,3,f5b2837362cccf06ea1cc6b6114cae5a1b32b3665f09655badbb5e0667c58d38,-88,,3,64,5.0,3
16:21:08,26.0,3,f65d0b7b70f405a45dee681aecf3d4f6f2deb9c6d29ea49d98a969338e9185d4,-81,,3,64,,3
16:21:09,,3,4a7427e9d1aeff2ec89fb2a550c3acb8aab78b0f8a529afed8bbdf21ae3ad343,-72,,3,64,,3
16:21:10,26.0,3,cfa1e11203862821cfc10678800126c07375451bd1bfd75a66ff3aebfe3722f4,-83,,3,64,,3
16:21:11,26.0,3,f65d0b7b70f405a45dee681aecf3d4f6f2deb9c6d29ea49d98a969338e9185d4,-84,,3,64,,3
16:21:11,26.0,3,49dc891795779aa6adc7be673906b42942bc6f80b65673bfb9425bffe58205ae,-81,,3,64,,3
16:21:12,26.0,3,1ba7ecd7ef53234b3805399360ca3577a5bedb39a902d2afa4001df3d3ee7bf0,-73,,3,64,,3
16:21:13,26.0,3,de0804105251c7d59c7746ba4f0427eac1b3e0cd9b0907f78de37b3fb843ae85,-73,,3,64,,3
16:21:14,26.0,3,998677e292035b5dcd0c0f013269756a165633b5b9a560e52fbc67c2e04e16a2,-69,,3,64,,3
16:21:15,,3,567d3139db79349d3ea714ca5e08d44107b41d22266f53f70ed8f046ff205da0,-80,,3,64,,3
16:21:15,26.0,3,1ba7ecd7ef53234b3805399360ca3577a5bedb39a902d2afa4001df3d3ee7bf0,-76,,3,64,,3
16:21:16,26.0,3,a9916725875936f322f3ef3def880327bd414a755d48e3992eacbfbc5c69a6c4,-87,,3,64,12.0,3
16:21:17,,3,4a7427e9d1aeff2ec89fb2a550c3acb8aab78b0f8a529afed8bbdf21ae3ad343,-73,,3,64,,3
16:21:18,26.0,3,de0804105251c7d59c7746ba4f0427eac1b3e0cd9b0907f78de37b3fb843ae85,-82,,3,64,,3
16:21:19,6.0,3,eaa6b94c11a784f9309b5e36d2aa2f04c2c4f1d942abab9f8ab010c53e25d461,-85,,3,64,,3
16:21:19,,3,4a7427e9d1aeff2ec89fb2a550c3acb8aab78b0f8a529afed8bbdf21ae3ad343,-81,,3,64,,3
16:21:20,26.0,3,f5b2837362cccf06ea1cc6b6114cae5a1b32b3665f09655badbb5e0667c58d38,-80,,3,64,5.0,3
16:21:21,6.0,3,c6ca379640deb81fedb96b1a54c4af806edd7143e8254b3a1aebf11dd6b7a322,-89,,3,64,,3
16:21:22,,3,4a7427e9d1aeff2ec89fb2a550c3acb8aab78b0f8a529afed8bbdf21ae3ad343,-70,,3,64,,3
16:21:23,,3,f17c3293aa1e3d79e8c169f5e56947bafbed2206b03de07d82ac28ebd89d1bd6,-66,,3,64,,3
16:21:23,26.0,3,896e67f7da59360144a2fe605283968f85a0290f2e241893853628facf470181,-73,,3,64,,3
16:21:24,26.0,3,896e67f7da59360144a2fe605283968f85a0290f2e241893853628facf470181,-81,,3,64,,3
16:21:25,26.0,3,896e67f7da59360144a2fe605283968f85a0290f2e241893853628facf470181,-72,,3,64,,3
16:21:26,,3,4a7427e9d1aeff2ec89fb2a550c3acb8aab78b0f8a529afed8bbdf21ae3ad343,-77,,3,64,,3
16:21:27,26.0,3,1ba7ecd7ef53234b3805399360ca3577a5bedb39a902d2afa4001df3d3ee7bf0,-70,,3,64,,3
16:21:28,,3,f17c3293aa1e3d79e8c169f5e56947bafbed2206b03de07d82ac28ebd89d1bd6,-67,,3,64,,3
16:21:28,26.0,3,15acd2a0fabe81cc7d1b6834669de3880ee819cfa95d7837b456cacf32547a12,-76,,3,64,,3
16:21:29,6.0,3,c6ca379640deb81fedb96b1a54c4af806edd7143e8254b3a1aebf11dd6b7a322,-87,,3,64,,3
16:21:30,26.0,3,49dc891795779aa6adc7be673906b42942bc6f80b65673bfb9425bffe58205ae,-84,,3,64,,3
16:21:31,26.0,3,883598d711816a7af4b99aa8dc02593e4c4b340042b7d278113a9f897aa8b54a,-83,,3,64,,3
16:21:32,26.0,3,adcc1dee5f805f160c2b2b28232a63c36b8079256f40d912f949f8753acecdfb,-89,,3,64,7.0,3
16:21:32,26.0,3,f5b2837362cccf06ea1cc6b6114cae5a1b32b3665f09655badbb5e0667c58d38,-92,,3,64,5.0,3
16:21:33,26.0,3,f65d0b7b70f405a45dee681aecf3d4f6f2deb9c6d29ea49d98a969338e9185d4,-86,,3,64,,3
16:21:34,,3,6cb0b78b58821b6b11330b167f89e128128c0602679dda7d06f1c31ca1ac08a4,-88,,3,64,,3
16:21:35,26.0,3,82bd4677596e7f3534eb04fba32ad2955b9b6945800475c563461dfbace261e5,-88,,3,64,8.0,3
16:21:36,,3,074f44faea6cb9968fd92a7a0a21c333ef764a2deae35040025ac2cfc2cb74a1,-86,,3,64,,3
16:21:36,26.0,3,cfa1e11203862821cfc10678800126c07375451bd1bfd75a66ff3aebfe3722f4,-89,,3,64,,3
16:21:37,26.0,3,de0804105251c7d59c7746ba4f0427eac1b3e0cd9b0907f78de37b3fb843ae85,-70,,3,64,,3
16:21:38,26.0,3,896e67f7da59360144a2fe605283968f85a0290f2e241893853628facf470181,-74,,3,64,,3
16:21:39,26.0,3,819114ba274f255d2178a3509534c3fb2728addff33c523ef964874db3ef5c33,-86,,3,64,,3
16:21:40,26.0,3,896e67f7da59360144a2fe605283968f85a0290f2e241893853628facf470181,-70,,3,64,,3
16:21:40,6.0,3,eaa6b94c11a784f9309b5e36d2aa2f04c2c4f1d942abab9f8ab010c53e25d461,-94,,3,64,,3
16:21:41,26.0,3,cfa1e11203862821cfc10678800126c07375451bd1bfd75a66ff3aebfe3722f4,-83,,3,64,,3
16:21:42,26.0,3,a69f40451e545453e81bb15eeb9b4c075a0ab6a9d37c3192fc918afbdd96db57,-71,,3,64,,3
16:21:43,26.0,3,49dc891795779aa6adc7be673906b42942bc6f80b65673bfb9425bffe58205ae,-86,,3,64,,3
16:21:44,26.0,3,1ba7ecd7ef53234b3805399360ca3577a5bedb39a902d2afa4001df3d3ee7bf0,-71,,3,64,,3
16:21:44,,3,6cb0b78b58821b6b11330b167f89e128128c0602679dda7d06f1c31ca1ac08a4,-88,,3,64,,3
16:21:45,,3,6cb0b78b58821b6b11330b167f89e128128c0602679dda7d06f1c31ca1ac08a4,-80,,3,64,,3
16:21:46,26.0,3,cfa1e11203862821cfc10678800126c07375451bd1bfd75a66ff3aebfe3722f4,-74,,3,64,,3
16:21:47,,3,f17c3293aa1e3d79e8c169f5e56947bafbed2206b03de07d82ac28ebd89d1bd6,-74,,3,64,,3
16:21:48,,3,6cb0b78b58821b6b11330b167f89e128128c0602679dda7d06f1c31ca1ac08a4,-82,,3,64,,3
16:21:49,26.0,3,f65d0b7b70f405a45dee681aecf3d4f6f2deb9c6d29ea49d98a969338e9185d4,-87,,3,64,,3
16:21:49,,3,567d3139db79349d3ea714ca5e08d44107b41d22266f53f70ed8f046ff205da0,-76,,3,64,,3
16:21:50,,3,4a7427e9d1aeff2ec89fb2a550c3acb8aab78b0f8a529afed8bbdf21ae3ad343,-70,,3,64,,3
16:21:51,26.0,3,819114ba274f255d2178a3509534c3fb2728addff33c523ef964874db3ef5c33,-89,,3,64,5.0,3
16:21:52,26.0,3,adcc1dee5f805f160c2b2b28232a63c36b8079256f40d912f949f8753acecdfb,-86,,3,64,7.0,3
16:21:53,,3,567d3139db79349d3ea714ca5e08d44107b41d22266f53f70ed8f046ff205da0,-86,,3,64,,3
16:21:53,26.0,3,896e67f7da59360144a2fe605283968f85a0290f2e241893853628facf470181,-84,,3,64,,3
16:21:54,26.0,3,d34dad7f8959110c7e4d183b3bf0e8184ca80db5c2051e4cbaa811834cdae495,-72,,3,64,,3
16:21:55,,3,4a7427e9d1aeff2ec89fb2a550c3acb8aab78b0f8a529afed8bbdf21ae3ad343,-76,,3,64,,3
16:21:56,6.0,3,c6ca379640deb81fedb96b1a54c4af806edd7143e8254b3a1aebf11dd6b7a322,-88,,3,64,,3
16:21:57,26.0,3,c9d48b9eda1fa33791a73b3a2c1cf474f475b1c9c5f1c434e4e08dfa788f9913,-72,,3,64,,3
16:21:57,,3,4a7427e9d1aeff2ec89fb2a550c3acb8aab78b0f8a529afed8bbdf21ae3ad343,-80,,3,64,,3
16:21:58,26.0,3,f65d0b7b70f405a45dee681aecf3d4f6f2deb9c6d29ea49d98a969338e9185d4,-86,,3,64,,3
16:21:59,26.0,3,c9d48b9eda1fa33791a73b3a2c1cf474f475b1c9c5f1c434e4e08dfa788f9913,-71,,3,64,,3
16:22:00,26.0,3,1ba7ecd7ef53234b3805399360ca3577a5bedb39a902d2afa4001df3d3ee7bf0,-89,,3,64,,3
16:22:01,26.0,3,de0804105251c7d59c7746ba4f0427eac1b3e0cd9b0907f78de37b3fb843ae85,-87,,3,64,,3
16:22:01,26.0,3,d34dad7f8959110c7e4d183b3bf0e8184ca80db5c2051e4cbaa811834cdae495,-76,,3,64,,3
16:22:02,26.0,3,819114ba274f255d2178a3509534c3fb2728addff33c523ef964874db3ef5c33,-82,,3,64,5.0,3
16:22:03,,3,976b0816935506a5f7ec235bd5cd95ff8bf973be6e86f9ad4927b07064d26cf9,-84,,3,64,,3
16:22:04,26.0,3,de0804105251c7d59c7746ba4f0427eac1b3e0cd9b0907f78de37b3fb843ae85,-83,,3,64,,3
16:22:05,,3,f17c3293aa1e3d79e8c169f5e56947bafbed2206b03de07d82ac28ebd89d1bd6,-68,,3,64,,3
16:22:06,,3,f17c3293aa1e3d79e8c169f5e56947bafbed2206b03de07d82ac28ebd89d1bd6,-73,,3,64,,3
16:22:06,26.0,3,de0804105251c7d59c7746ba4f0427eac1b3e0cd9b0907f78de37b3fb843ae85,-73,,3,64,,3
16:22:07,26.0,3,883598d711816a7af4b99aa8dc02593e4c4b340042b7d278113a9f897aa8b54a,-81,,3,64,5.0,3
16:22:08,,3,6cb0b78b58821b6b11330b167f89e128128c0602679dda7d06f1c31ca1ac08a4,-91,,3,64,,3
16:22:09,26.0,3,1ba7ecd7ef53234b3805399360ca3577a5bedb39a902d2afa4001df3d3ee7bf0,-74,,3,64,,3
16:22:10,6.0,3,ab3731ee1ecb83a2c9cfb692f3ef6b888dca2e6d5cc4c3ac0155a2303366beed,-87,Cb30,3,64,,3
16:22:10,26.0,3,f65d0b7b70f405a45dee681aecf3d4f6f2deb9c6d29ea49d98a969338e9185d4,-81,,3,64,,3
16:22:11,,3,f17c3293aa1e3d79e8c169f5e56947bafbed2206b03de07d82ac28ebd89d1bd6,-69,,3,64,,3
16:22:12,,3,567d3139db79349d3ea714ca5e08d44107b41d22266f53f70ed8f046ff205da0,-80,,3,64,,3
16:22:13,,3,4f723cbb5d542d8ab971816e772cd77f3153a87c19a2139d37af7e7221ce25b4,-58,,3,64,,3
16:22:14,26.0,3,82bd4677596e7f3534eb04fba32ad2955b9b6945800475c563461dfbace261e5,-85,,3,64,8.0,3
16:22:14,26.0,3,de0804105251c7d59c7746ba4f0427eac1b3e0cd9b0907f78de37b3fb843ae85,-90,,3,64,,3
16:22:15,,3,4a7427e9d1aeff2ec89fb2a550c3acb8aab78b0f8a529afed8bbdf21ae3ad343,-64,,3,64,,3
16:22:16,,3,4a7427e9d1aeff2ec89fb2a550c3acb8aab78b0f8a529afed8bbdf21ae3ad343,-71,,3,64,,3
16:22:17,,3,f17c3293aa1e3d79e8c169f5e56947bafbed2206b03de07d82ac28ebd89d1bd6,-66,,3,64,,3
16:22:18,,3,567d3139db79349d3ea714ca5e08d44107b41d22266f53f70ed8f046ff205da0,-81,,3,64,,3
16:22:18,,3,4a7427e9d1aeff2ec89fb2a550c3acb8aab78b0f8a529afed8bbdf21ae3ad343,-73,,3,64,,3
16:22:19,26.0,3,a69f40451e545453e81bb15eeb9b4c075a0ab6a9d37c3192fc918afbdd96db57,-71,,3,64,2.0,3
16:22:20,26.0,3,cfa1e11203862821cfc10678800126c07375451bd1bfd75a66ff3aebfe3722f4,-80,,3,64,,3
16:22:21,26.0,3,c9d48b9eda1fa33791a73b3a2c1cf474f475b1c9c5f1c434e4e08dfa788f9913,-71,,3,64,,3
16:22:22,26.0,3,c9d48b9eda1fa33791a73b3a2c1cf474f475b1c9c5f1c434e4e08dfa788f9913,-75,,3,64,,3
16:22:23,26.0,3,cfa1e11203862821cfc10678800126c07375451bd1bfd75a66ff3aebfe3722f4,-82,,3,64,,3
16:22:23,,3,f17c3293aa1e3d79e8c169f5e56947bafbed2206b03de07d82ac28ebd89d1bd6,-70,,3,64,,3
16:22:24,,3,4a7427e9d1aeff2ec89fb2a550c3acb8aab78b0f8a529afed8bbdf21ae3ad343,-68,,3,64,,3
16:22:25,26.0,3,a69f40451e545453e81bb15eeb9b4c075a0ab6a9d37c3192fc918afbdd96db57,-72,,3,64,,3
16:22:26,,3,6cb0b78b58821b6b11330b167f89e128128c0602679dda7d06f1c31ca1ac08a4,-83,,3,64,,3
16:22:27,,3,4a7427e9d1aeff2ec89fb2a550c3acb8aab78b0f8a529afed8bbdf21ae3ad343,-70,,3,64,,3
16:22:27,26.0,3,adcc1dee5f805f160c2b2b28232a63c36b8079256f40d912f949f8753acecdfb,-85,,3,64,7.0,3
16:22:28,,3,f17c3293aa1e3d79e8c169f5e56947bafbed2206b03de07d82ac28ebd89d1bd6,-84,,3,64,,3
16:22:29,26.0,3,a69f40451e545453e81bb15eeb9b4c075a0ab6a9d37c3192fc918afbdd96db57,-73,,3,64,,3
16:22:30,,3,567d3139db79349d3ea714ca5e08d44107b41d22266f53f70ed8f046ff205da0,-82,,3,64,,3
16:22:31,26.0,3,1ba7ecd7ef53234b3805399360ca3577a5bedb39a902d2afa4001df3d3ee7bf0,-87,,3,64,,3
16:22:31,,3,4a7427e9d1aeff2ec89fb2a550c3acb8aab78b0f8a529afed8bbdf21ae3ad343,-62,,3,64,,3
16:22:32,26.0,3,c9d48b9eda1fa33791a73b3a2c1cf474f475b1c9c5f1c434e4e08dfa788f9913,-76,,3,64,,3
16:22:33,26.0,3,de0804105251c7d59c7746ba4f0427eac1b3e0cd9b0907f78de37b3fb843ae85,-71,,3,64,,3
16:22:34,,3,6cb0b78b58821b6b11330b167f89e128128c0602679dda7d06f1c31ca1ac08a4,-83,,3,64,,3
16:22:35,26.0,3,f65d0b7b70f405a45dee681aecf3d4f6f2deb9c6d29ea49d98a969338e9185d4,-91,,3,64,,3
16:22:35,,3,f17c3293aa1e3d79e8c169f5e56947bafbed2206b03de07d82ac28ebd89d1bd6,-81,,3,64,,3
16:22:36,26.0,3,d34dad7f8959110c7e4d183b3bf0e8184ca80db5c2051e4cbaa811834cdae495,-78,,3,64,,3
16:22:37,,3,567d3139db79349d3ea714ca5e08d44107b41d22266f53f70ed8f046ff205da0,-83,,3,64,,3
16:22:38,,3,6cb0b78b58821b6b11330b167f89e128128c0602679dda7d06f1c31ca1ac08a4,-82,,3,64,,3
16:22:39,,3,6cb0b78b58821b6b11330b167f89e128128c0602679dda7d06f1c31ca1ac08a4,-89,,3,64,,3
16:22:39,26.0,3,cfa1e11203862821cfc10678800126c07375451bd1bfd75a66ff3aebfe3722f4,-78,,3,64,,3
16:22:40,26.0,3,896e67f7da59360144a2fe605283968f85a0290f2e241893853628facf470181,-74,,3,64,,3
16:22:41,,3,6cb0b78b58821b6b11330b167f89e128128c0602679dda7d06f1c31ca1ac08a4,-86,,3,64,,3
16:22:42,,3,4a7427e9d1aeff2ec89fb2a550c3acb8aab78b0f8a529afed8bbdf21ae3ad343,-69,,3,64,,3
16:22:43,26.0,3,82bd4677596e7f3534eb04fba32ad2955b9b6945800475c563461dfbace261e5,-83,,3,64,8.0,3
16:22:44,26.0,3,82bd4677596e7f3534eb04fba32ad2955b9b6945800475c563461dfbace261e5,-75,,3,64,8.0,3
16:22:44,6.0,3,c6ca379640deb81fedb96b1a54c4af806edd7143e8254b3a1aebf11dd6b7a322,-88,,3,64,,3
16:22:45,26.0,3,883598d711816a7af4b99aa8dc02593e4c4b340042b7d278113a9f897aa8b54a,-87,,3,64,5.0,3
16:22:46,26.0,3,d34dad7f8959110c7e4d183b3bf0e8184ca80db5c2051e4cbaa811834cdae495,-75,,3,64,,3
16:22:47,,3,6cb0b78b58821b6b11330b167f89e128128c0602679dda7d06f1c31ca1ac08a4,-86,,3,64,,3
16:22:48,26.0,3,896e67f7da59360144a2fe605283968f85a0290f2e241893853628facf470181,-83,,3,64,,3
16:22:48,6.0,3,c6ca379640deb81fedb96b1a54c4af806edd7143e8254b3a1aebf11dd6b7a322,-86,,3,64,,3
16:22:49,26.0,3,cfa1e11203862821cfc10678800126c07375451bd1bfd75a66ff3aebfe3722f4,-89,,3,64,,3
16:22:50,,3,567d3139db79349d3ea714ca5e08d44107b41d22266f53f70ed8f046ff205da0,-90,,3,64,,3
16:22:51,,3,4a7427e9d1aeff2ec89fb2a550c3acb8aab78b0f8a529afed8bbdf21ae3ad343,-71,,3,64,,3
16:22:52,26.0,3,f65d0b7b70f405a45dee681aecf3d4f6f2deb9c6d29ea49d98a969338e9185d4,-83,,3,64,,3
16:22:52,26.0,3,883598d711816a7af4b99aa8dc02593e4c4b340042b7d278113a9f897aa8b54a,-81,,3,64,5.0,3
16:22:53,26.0,3,d34dad7f8959110c7e4d183b3bf0e8184ca80db5c2051e4cbaa811834cdae495,-75,,3,64,,3
16:22:54,6.0,3,eaa6b94c11a784f9309b5e36d2aa2f04c2c4f1d942abab9f8ab010c53e25d461,-87,,3,64,,3
16:22:55,,3,1ad160cd168be0366efbf71391731541359a3e79c15a59e5616e846266a91f9f,-89,,3,64,,3
16:22:56,26.0,3,f5b2837362cccf06ea1cc6b6114cae5a1b32b3665f09655badbb5e0667c58d38,-84,,3,64,5.0,3
16:22:56,26.0,3,f65d0b7b70f405a45dee681aecf3d4f6f2deb9c6d29ea49d98a969338e9185d4,-87,,3,64,,3
16:22:57,,3,976b0816935506a5f7ec235bd5cd95ff8bf973be6e86f9ad4927b07064d26cf9,-85,,3,64,,3
16:22:58,26.0,3,de0804105251c7d59c7746ba4f0427eac1b3e0cd9b0907f78de37b3fb843ae85,-84,,3,64,,3
16:22:59,26.0,3,a69f40451e545453e81bb15eeb9b4c075a0ab6a9d37c3192fc918afbdd96db57,-76,,3,64,,3
16:23:00,26.0,3,de0804105251c7d59c7746ba4f0427eac1b3e0cd9b0907f78de37b3fb843ae85,-72,,3,64,,3
16:23:00,26.0,3,fefdfb37b82d479e4fcb1274cf1369df6620fc8c010c2e369385ffc7dcda2b2b,-57,,3,64,12.0,3
16:23:01,26.0,3,cfa1e11203862821cfc10678800126c07375451bd1bfd75a66ff3aebfe3722f4,-90,,3,64,,3
16:23:02,26.0,3,a69f40451e545453e81bb15eeb9b4c075a0ab6a9d37c3192fc918afbdd96db57,-79,,3,64,,3
16:23:03,,3,f17c3293aa1e3d79e8c169f5e56947bafbed2206b03de07d82ac28ebd89d1bd6,-83,,3,64,,3
16:23:04,26.0,3,1ba7ecd7ef53234b3805399360ca3577a5bedb39a902d2afa4001df3d3ee7bf0,-86,,3,64,,3
16:23:05,,3,567d3139db79349d3ea714ca5e08d44107b41d22266f53f70ed8f046ff205da0,-76,,3,64,,3
16:23:05,,3,4a7427e9d1aeff2ec89fb2a550c3acb8aab78b0f8a529afed8bbdf21ae3ad343,-69,,3,64,,3
16:23:06,26.0,3,1ba7ecd7ef53234b3805399360ca3577a5bedb39a902d2afa4001df3d3ee7bf0,-87,,3,64,,3
16:23:07,26.0,3,c9d48b9eda1fa33791a73b3a2c1cf474f475b1c9c5f1c434e4e08dfa788f9913,-68,,3,64,,3
16:23:08,,3,4a7427e9d1aeff2ec89fb2a550c3acb8aab78b0f8a529afed8bbdf21ae3ad343,-69,,3,64,,3
16:23:09,26.0,3,cfa1e11203862821cfc10678800126c07375451bd1bfd75a66ff3aebfe3722f4,-78,,3,64,,3
16:23:09,,3,b9e072fa53b683cafeb1a892049e77630f6d7c142ca794e4aa62a8383f17a017,-81,,3,64,,3
16:23:10,,3,4a7427e9d1aeff2ec89fb2a550c3acb8aab78b0f8a529afed8bbdf21ae3ad343,-74,,3,64,,3
16:23:11,26.0,3,cfa1e11203862821cfc10678800126c07375451bd1bfd75a66ff3aebfe3722f4,-75,,3,64,,3
16:23:12,26.0,3,f6c92e150ee369643188e65d65c3d6998328ba234e265df8dc427e724a60e74d,-80,,3,64,12.0,3
16:23:13,26.0,3,896e67f7da59360144a2fe605283968f85a0290f2e241893853628facf470181,-77,,3,64,,3
16:23:13,6.0,3,c6ca379640deb81fedb96b1a54c4af806edd7143e8254b3a1aebf11dd6b7a322,-91,,3,64,,3
16:23:14,26.0,3,d34dad7f8959110c7e4d183b3bf0e8184ca80db5c2051e4cbaa811834cdae495,-76,,3,64,,3
16:23:15,26.0,3,49dc891795779aa6adc7be673906b42942bc6f80b65673bfb9425bffe58205ae,-81,,3,64,,3
16:23:16,26.0,3,63060931d8eb94a5af4e2e99ef2ecd4aca5331613b236385baf196dcab60c60a,-81,,3,64,12.0,3
16:23:17,26.0,3,eca9c889f9f23084fafdfb22be0bc67976e9d03d8a3380f0f5d512b933ad60b8,-89,,3,64,7.0,3
16:23:17,6.0,3,eaa6b94c11a784f9309b5e36d2aa2f04c2c4f1d942abab9f8ab010c53e25d461,-89,,3,64,,3
16:23:18,,3,567d3139db79349d3ea714ca5e08d44107b41d22266f53f70ed8f046ff205da0,-77,,3,64,,3
16:23:19,26.0,3,c9d48b9eda1fa33791a73b3a2c1cf474f475b1c9c5f1c434e4e08dfa788f9913,-68,,3,64,,3
16:23:20,26.0,3,c9d48b9eda1fa33791a73b3a2c1cf474f475b1c9c5f1c434e4e08dfa788f9913,-68,,3,64,,3
16:23:21,,3,f17c3293aa1e3d79e8c169f5e56947bafbed2206b03de07d82ac28ebd89d1bd6,-67,,3,64,,3
16:23:22,26.0,3,2c9a5bfb4bc73788f26c1f16cd3710b0ed9e63240f95db897da860b08f89d1ff,-84,,3,64,5.0,3
16:23:22,26.0,3,2c9a5bfb4bc73788f26c1f16cd3710b0ed9e63240f95db897da860b08f89d1ff,-84,,3,64,5.0,3
16:23:23,26.0,3,de0804105251c7d59c7746ba4f0427eac1b3e0cd9b0907f78de37b3fb843ae85,-74,,3,64,,3
16:23:24,26.0,3,f6c92e150ee369643188e65d65c3d6998328ba234e265df8dc427e724a60e74d,-83,,3,64,12.0,3
16:23:25,26.0,3,a69f40451e545453e81bb15eeb9b4c075a0ab6a9d37c3192fc918afbdd96db57,-77,,3,64,,3
16:23:26,26.0,3,1ba7ecd7ef53234b3805399360ca3577a5bedb39a902d2afa4001df3d3ee7bf0,-76,,3,64,,3
16:23:26,26.0,3,d34dad7f8959110c7e4d183b3bf0e8184ca80db5c2051e4cbaa811834cdae495,-75,,3,64,,3
16:23:27,6.0,3,eaa6b94c11a784f9309b5e36d2aa2f04c2c4f1d942abab9f8ab010c53e25d461,-84,,3,64,,3
16:23:28,26.0,3,a69f40451e545453e81bb15eeb9b4c075a0ab6a9d37c3192fc918afbdd96db57,-69,,3,64,,3
16:23:29,,3,f17c3293aa1e3d79e8c169f5e56947bafbed2206b03de07d82ac28ebd89d1bd6,-73,,3,64,,3
16:23:30,,3,b9e072fa53b683cafeb1a892049e77630f6d7c142ca794e4aa62a8383f17a017,-78,,3,64,,3
16:23:30,26.0,3,de0804105251c7d59c7746ba4f0427eac1b3e0cd9b0907f78de37b3fb843ae85,-79,,3,64,,3
16:23:31,26.0,3,d34dad7f8959110c7e4d183b3bf0e8184ca80db5c2051e4cbaa811834cdae495,-69,,3,64,,3
16:23:32,26.0,3,de0804105251c7d59c7746ba4f0427eac1b3e0cd9b0907f78de37b3fb843ae85,-91,,3,64,,3
16:23:33,,3,567d3139db79349d3ea714ca5e08d44107b41d22266f53f70ed8f046ff205da0,-80,,3,64,,3
16:23:34,26.0,3,d34dad7f8959110c7e4d183b3bf0e8184ca80db5c2051e4cbaa811834cdae495,-66,,3,64,,3
16:23:34,26.0,3,896e67f7da59360144a2fe605283968f85a0290f2e241893853628facf470181,-77,,3,64,,3
16:23:35,,3,567d3139db79349d3ea714ca5e08d44107b41d22266f53f70ed8f046ff205da0,-80,,3,64,,3
16:23:36,26.0,3,a69f40451e545453e81bb15eeb9b4c075a0ab6a9d37c3192fc918afbdd96db57,-68,,3,64,,3
16:23:37,6.0,3,eaa6b94c11a784f9309b5e36d2aa2f04c2c4f1d942abab9f8ab010c53e25d461,-90,,3,64,,3
16:23:38,26.0,3,1ba7ecd7ef53234b3805399360ca3577a5bedb39a902d2afa4001df3d3ee7bf0,-74,,3,64,,3
16:23:39,26.0,3,cfa1e11203862821cfc10678800126c07375451bd1bfd75a66ff3aebfe3722f4,-80,,3,64,,3
16:23:39,,3,b9e072fa53b683cafeb1a892049e77630f6d7c142ca794e4aa62a8383f17a017,-81,,3,64,,3
16:23:40,26.0,3,a9916725875936f322f3ef3def880327bd414a755d48e3992eacbfbc5c69a6c4,-91,,3,64,12.0,3
16:23:41,26.0,3,49dc891795779aa6adc7be673906b42942bc6f80b65673bfb9425bffe58205ae,-85,,3,64,,3
16:23:42,26.0,3,de0804105251c7d59c7746ba4f0427eac1b3e0cd9b0907f78de37b3fb843ae85,-79,,3,64,,3
16:23:43,26.0,3,f65d0b7b70f405a45dee681aecf3d4f6f2deb9c6d29ea49d98a969338e9185d4,-83,,3,64,,3
16:23:43,26.0,3,cfa1e11203862821cfc10678800126c07375451bd1bfd75a66ff3aebfe3722f4,-75,,3,64,,3
16:23:44,26.0,3,d34dad7f8959110c7e4d183b3bf0e8184ca80db5c2051e4cbaa811834cdae495,-69,,3,64,,3
16:23:45,26.0,3,896e67f7da59360144a2fe605283968f85a0290f2e241893853628facf470181,-74,,3,64,,3
16:23:46,26.0,3,a69f40451e545453e81bb15eeb9b4c075a0ab6a9d37c3192fc918afbdd96db57,-70,,3,64,,3
16:23:47,,3,4a7427e9d1aeff2ec89fb2a550c3acb8aab78b0f8a529afed8bbdf21ae3ad343,-68,,3,64,,3
16:23:47,26.0,3,82bd4677596e7f3534eb04fba32ad2955b9b6945800475c563461dfbace261e5,-76,,3,64,8.0,3
16:23:48,,3,f17c3293aa1e3d79e8c169f5e56947bafbed2206b03de07d82ac28ebd89d1bd6,-73,,3,64,,3
16:23:49,,3,4a7427e9d1aeff2ec89fb2a550c3acb8aab78b0f8a529afed8bbdf21ae3ad343,-72,,3,64,,3
16:23:50,26.0,3,1ba7ecd7ef53234b3805399360ca3577a5bedb39a902d2afa4001df3d3ee7bf0,-73,,3,64,,3
16:23:51,,3,f17c3293aa1e3d79e8c169f5e56947bafbed2206b03de07d82ac28ebd89d1bd6,-76,,3,64,,3
16:23:52,,3,f17c3293aa1e3d79e8c169f5e56947bafbed2206b03de07d82ac28ebd89d1bd6,-72,,3,64,,3
16:23:52,26.0,3,49dc891795779aa6adc7be673906b42942bc6f80b65673bfb9425bffe58205ae,-84,,3,64,,3
16:23:53,26.0,3,cfa1e11203862821cfc10678800126c07375451bd1bfd75a66ff3aebfe3722f4,-81,,3,64,,3
16:23:54,6.0,3,eaa6b94c11a784f9309b5e36d2aa2f04c2c4f1d942abab9f8ab010c53e25d461,-81,,3,64,,3
16:23:55,26.0,3,883598d711816a7af4b99aa8dc02593e4c4b340042b7d278113a9f897aa8b54a,-82,,3,64,5.0,3
16:23:56,,3,4a7427e9d1aeff2ec89fb2a550c3acb8aab78b0f8a529afed8bbdf21ae3ad343,-69,,3,64,,3
16:23:56,26.0,3,d34dad7f8959110c7e4d183b3bf0e8184ca80db5c2051e4cbaa811834cdae495,-68,,3,64,,3
16:23:57,26.0,3,819114ba274f255d2178a3509534c3fb2728addff33c523ef964874db3ef5c33,-85,,3,64,5.0,3
16:23:58,,3,b9e072fa53b683cafeb1a892049e77630f6d7c142ca794e4aa62a8383f17a017,-87,,3,64,,3
16:23:59,26.0,3,883598d711816a7af4b99aa8dc02593e4c4b340042b7d278113a9f897aa8b54a,-91,,3,64,5.0,3
16:24:00,26.0,3,c9d48b9eda1fa33791a73b3a2c1cf474f475b1c9c5f1c434e4e08dfa788f9913,-67,,3,64,,3
16:24:00,,3,f17c3293aa1e3d79e8c169f5e56947bafbed2206b03de07d82ac28ebd89d1bd6,-79,,3,64,,3
16:24:01,26.0,3,82bd4677596e7f3534eb04fba32ad2955b9b6945800475c563461dfbace261e5,-83,,3,64,8.0,3
16:24:02,,3,4a7427e9d1aeff2ec89fb2a550c3acb8aab78b0f8a529afed8bbdf21ae3ad343,-74,,3,64,,3
16:24:03,26.0,3,49dc891795779aa6adc7be673906b42942bc6f80b65673bfb9425bffe58205ae,-83,,3,64,,3
16:24:04,26.0,3,49dc891795779aa6adc7be673906b42942bc6f80b65673bfb9425bffe58205ae,-85,,3,64,,3
16:24:04,26.0,3,a69f40451e545453e81bb15eeb9b4c075a0ab6a9d37c3192fc918afbdd96db57,-66,,3,64,,3
16:24:05,,3,4a7427e9d1aeff2ec89fb2a550c3acb8aab78b0f8a529afed8bbdf21ae3ad343,-69,,3,64,,3
16:24:06,26.0,3,883598d711816a7af4b99aa8dc02593e4c4b340042b7d278113a9f897aa8b54a,-80,,3,64,,3
16:24:07,26.0,3,f5b2837362cccf06ea1cc6b6114cae5a1b32b3665f09655badbb5e0667c58d38,-86,,3,64,5.0,3
16:24:08,26.0,3,9b991abe8e0e69a0a22ddbc9e99d924fcabb46604f89b6d3842eda9a21ac30ca,-84,,3,64,12.0,3
16:24:09,26.0,3,f6c92e150ee369643188e65d65c3d6998328ba234e265df8dc427e724a60e74d,-89,,3,64,12.0,3
16:24:09,26.0,3,de0804105251c7d59c7746ba4f0427eac1b3e0cd9b0907f78de37b3fb843ae85,-80,,3,64,,3
16:24:10,,3,b9e072fa53b683cafeb1a892049e77630f6d7c142ca794e4aa62a8383f17a017,-76,,3,64,,3
16:24:11,26.0,3,de0804105251c7d59c7746ba4f0427eac1b3e0cd9b0907f78de37b3fb843ae85,-74,,3,64,,3
16:24:12,26.0,3,de0804105251c7d59c7746ba4f0427eac1b3e0cd9b0907f78de37b3fb843ae85,-82,,3,64,,3
16:24:13,,3,567d3139db79349d3ea714ca5e08d44107b41d22266f53f70ed8f046ff205da0,-85,,3,64,,3
16:24:13,26.0,3,819114ba274f255d2178a3509534c3fb2728addff33c523ef964874db3ef5c33,-86,,3,64,,3
16:24:14,6.0,3,ab3731ee1ecb83a2c9cfb692f3ef6b888dca2e6d5cc4c3ac0155a2303366beed,-91,Cb30,3,64,,3
16:24:15,,3,f17c3293aa1e3d79e8c169f5e56947bafbed2206b03de07d82ac28ebd89d1bd6,-76,,3,64,,3
16:24:16,26.0,3,de0804105251c7d59c7746ba4f0427eac1b3e0cd9b0907f78de37b3fb843ae85,-72,,3,64,,3
16:24:17,26.0,3,1ba7ecd7ef53234b3805399360ca3577a5bedb39a902d2afa4001df3d3ee7bf0,-76,,3,64,,3
16:24:17,26.0,3,2c9a5bfb4bc73788f26c1f16cd3710b0ed9e63240f95db897da860b08f89d1ff,-82,,3,64,5.0,3
16:24:18,,3,4a7427e9d1aeff2ec89fb2a550c3acb8aab78b0f8a529afed8bbdf21ae3ad343,-64,,3,64,,3
16:24:19,26.0,3,de0804105251c7d59c7746ba4f0427eac1b3e0cd9b0907f78de37b3fb843ae85,-74,,3,64,,3
16:24:20,26.0,3,49dc891795779aa6adc7be673906b42942bc6f80b65673bfb9425bffe58205ae,-83,,3,64,,3
16:24:21,26.0,3,d34dad7f8959110c7e4d183b3bf0e8184ca80db5c2051e4cbaa811834cdae495,-67,,3,64,,3
16:24:21,,3,f17c3293aa1e3d79e8c169f5e56947bafbed2206b03de07d82ac28ebd89d1bd6,-84,,3,64,,3
16:24:22,6.0,3,c6ca379640deb81fedb96b1a54c4af806edd7143e8254b3a1aebf11dd6b7a322,-82,,3,64,,3
16:24:23,26.0,3,a69f40451e545453e81bb15eeb9b4c075a0ab6a9d37c3192fc918afbdd96db57,-75,,3,64,,3
16:24:24,26.0,3,a69f40451e545453e81bb15eeb9b4c075a0ab6a9d37c3192fc918afbdd96db57,-75,,3,64,,3
16:24:25,,3,f17c3293aa1e3d79e8c169f5e56947bafbed2206b03de07d82ac28ebd89d1bd6,-77,,3,64,,3
16:24:25,,3,976b0816935506a5f7ec235bd5cd95ff8bf973be6e86f9ad4927b07064d26cf9,-84,,3,64,,3
16:24:26,,3,567d3139db79349d3ea714ca5e08d44107b41d22266f53f70ed8f046ff205da0,-72,,3,64,,3
16:24:27,,3,f17c3293aa1e3d79e8c169f5e56947bafbed2206b03de07d82ac28ebd89d1bd6,-77,,3,64,,3
16:24:28,26.0,3,d34dad7f8959110c7e4d183b3bf0e8184ca80db5c2051e4cbaa811834cdae495,-75,,3,64,,3
16:24:29,26.0,3,a69f40451e545453e81bb15eeb9b4c075a0ab6a9d37c3192fc918afbdd96db57,-70,,3,64,,3
16:24:29,26.0,3,c9d48b9eda1fa33791a73b3a2c1cf474f475b1c9c5f1c434e4e08dfa788f9913,-71,,3,64,,3
16:24:30,26.0,3,a69f40451e545453e81bb15eeb9b4c075a0ab6a9d37c3192fc918afbdd96db57,-70,,3,64,,3
16:24:31,26.0,3,c9d48b9eda1fa33791a73b3a2c1cf474f475b1c9c5f1c434e4e08dfa788f9913,-71,,3,64,,3
16:24:32,26.0,3,49dc891795779aa6adc7be673906b42942bc6f80b65673bfb9425bffe58205ae,-86,,3,64,,3
16:24:33,26.0,3,c9d48b9eda1fa33791a73b3a2c1cf474f475b1c9c5f1c434e4e08dfa788f9913,-70,,3,64,,3
16:24:34,26.0,3,cfa1e11203862821cfc10678800126c07375451bd1bfd75a66ff3aebfe3722f4,-80,,3,64,,3
16:24:34,,3,4a7427e9d1aeff2ec89fb2a550c3acb8aab78b0f8a529afed8bbdf21ae3ad343,-66,,3,64,,3
16:24:35,,3,4a7427e9d1aeff2ec89fb2a550c3acb8aab78b0f8a529afed8bbdf21ae3ad343,-67,,3,64,,3
16:24:36,,3,f17c3293aa1e3d79e8c169f5e56947bafbed2206b03de07d82ac28ebd89d1bd6,-84,,3,64,,3
16:24:37,,3,b9e072fa53b683cafeb1a892049e77630f6d7c142ca794e4aa62a8383f17a017,-77,,3,64,,3
16:24:38,,3,4a7427e9d1aeff2ec89fb2a550c3acb8aab78b0f8a529afed8bbdf21ae3ad343,-68,,3,64,,3
16:24:38,26.0,3,cfa1e11203862821cfc10678800126c07375451bd1bfd75a66ff3aebfe3722f4,-80,,3,64,,3
16:24:39,,3,567d3139db79349d3ea714ca5e08d44107b41d22266f53f70ed8f046ff205da0,-83,,3,64,,3
16:24:40,26.0,3,c9d48b9eda1fa33791a73b3a2c1cf474f475b1c9c5f1c434e4e08dfa788f9913,-74,,3,64,,3
16:24:41,,3,567d3139db79349d3ea714ca5e08d44107b41d22266f53f70ed8f046ff205da0,-90,,3,64,,3
16:24:42,6.0,3,c6ca379640deb81fedb96b1a54c4af806edd7143e8254b3a1aebf11dd6b7a322,-88,,3,64,,3
16:24:42,26.0,3,f65d0b7b70f405a45dee681aecf3d4f6f2deb9c6d29ea49d98a969338e9185d4,-88,,3,64,,3
16:24:43,26.0,3,49dc891795779aa6adc7be673906b42942bc6f80b65673bfb9425bffe58205ae,-90,,3,64,,3
16:24:44,26.0,3,1ba7ecd7ef53234b3805399360ca3577a5bedb39a902d2afa4001df3d3ee7bf0,-83,,3,64,,3
16:24:45,26.0,3,adcc1dee5f805f160c2b2b28232a63c36b8079256f40d912f949f8753acecdfb,-89,,3,64,7.0,3
16:24:46,,3,567d3139db79349d3ea714ca5e08d44107b41d22266f53f70ed8f046ff205da0,-85,,3,64,,3
16:24:46,,3,b9e072fa53b683cafeb1a892049e77630f6d7c142ca794e4aa62a8383f17a017,-80,,3,64,,3
16:24:47,26.0,3,49dc891795779aa6adc7be673906b42942bc6f80b65673bfb9425bffe58205ae,-84,,3,64,,3
16:24:48,,3,567d3139db79349d3ea714ca5e08d44107b41d22266f53f70ed8f046ff205da0,-85,,3,64,,3
16:24:49,,3,f17c3293aa1e3d79e8c169f5e56947bafbed2206b03de07d82ac28ebd89d1bd6,-76,,3,64,,3
16:24:50,6.0,3,eaa6b94c11a784f9309b5e36d2aa2f04c2c4f1d942abab9f8ab010c53e25d461,-87,,3,64,,3
16:24:51,26.0,3,896e67f7da59360144a2fe605283968f85a0290f2e241893853628facf470181,-84,,3,64,,3
16:24:51,26.0,3,a9916725875936f322f3ef3def880327bd414a755d48e3992eacbfbc5c69a6c4,-81,,3,64,12.0,3
16:24:52,,3,f17c3293aa1e3d79e8c169f5e56947bafbed2206b03de07d82ac28ebd89d1bd6,-82,,3,64,,3
16:24:53,26.0,3,82bd4677596e7f3534eb04fba32ad2955b9b6945800475c563461dfbace261e5,-76,,3,64,8.0,3
16:24:54,,3,b9e072fa53b683cafeb1a892049e77630f6d7c142ca794e4aa62a8383f17a017,-92,,3,64,,3
16:24:55,26.0,3,883598d711816a7af4b99aa8dc02593e4c4b340042b7d278113a9f897aa8b54a,-83,,3,64,,3
16:24:55,6.0,3,c6ca379640deb81fedb96b1a54c4af806edd7143e8254b3a1aebf11dd6b7a322,-89,,3,64,,3
16:24:56,26.0,3,d34dad7f8959110c7e4d183b3bf0e8184ca80db5c2051e4cbaa811834cdae495,-74,,3,64,,3
16:24:57,,3,4a7427e9d1aeff2ec89fb2a550c3acb8aab78b0f8a529afed8bbdf21ae3ad343,-66,,3,64,,3
16:24:58,,3,567d3139db79349d3ea714ca5e08d44107b41d22266f53f70ed8f046ff205da0,-80,,3,64,,3
16:24:59,26.0,3,1ba7ecd7ef53234b3805399360ca3577a5bedb39a902d2afa4001df3d3ee7bf0,-83,,3,64,,3
16:24:59,,3,b9e072fa53b683cafeb1a892049e77630f6d7c142ca794e4aa62a8383f17a017,-78,,3,64,,3
16:25:00,26.0,3,896e67f7da59360144a2fe605283968f85a0290f2e241893853628facf470181,-75,,3,64,,3
16:25:01,26.0,3,de0804105251c7d59c7746ba4f0427eac1b3e0cd9b0907f78de37b3fb843ae85,-84,,3,64,,3
16:25:02,,3,f17c3293aa1e3d79e8c169f5e56947bafbed2206b03de07d82ac28ebd89d1bd6,-70,,3,64,,3
16:25:03,,3,567d3139db79349d3ea714ca5e08d44107b41d22266f53f70ed8f046ff205da0,-90,,3,64,,3
16:25:03,26.0,3,9b991abe8e0e69a0a22ddbc9e99d924fcabb46604f89b6d3842eda9a21ac30ca,-86,,3,64,12.0,3
16:25:04,26.0,3,49dc891795779aa6adc7be673906b42942bc6f80b65673bfb9425bffe58205ae,-87,,3,64,,3
16:25:05,6.0,3,c6ca379640deb81fedb96b1a54c4af806edd7143e8254b3a1aebf11dd6b7a322,-87,,3,64,,3
16:25:06,26.0,3,a69f40451e545453e81bb15eeb9b4c075a0ab6a9d37c3192fc918afbdd96db57,-70,,3,64,,3
16:25:07,26.0,3,de0804105251c7d59c7746ba4f0427eac1b3e0cd9b0907f78de37b3fb843ae85,-75,,3,64,,3
16:25:08,26.0,3,1ba7ecd7ef53234b3805399360ca3577a5bedb39a902d2afa4001df3d3ee7bf0,-84,,3,64,,3
16:25:08,,3,4a7427e9d1aeff2ec89fb2a550c3acb8aab78b0f8a529afed8bbdf21ae3ad343,-66,,3,64,,3
16:25:09,,3,4a7427e9d1aeff2ec89fb2a550c3acb8aab78b0f8a529afed8bbdf21ae3ad343,-66,,3,64,,3
16:25:10,,3,567d3139db79349d3ea714ca5e08d44107b41d22266f53f70ed8f046ff205da0,-96,,3,64,,3
16:25:11,,3,f17c3293aa1e3d79e8c169f5e56947bafbed2206b03de07d82ac28ebd89d1bd6,-80,,3,64,,3
16:25:12,26.0,3,de0804105251c7d59c7746ba4f0427eac1b3e0cd9b0907f78de37b3fb843ae85,-82,,3,64,,3
16:25:12,26.0,3,cfa1e11203862821cfc10678800126c07375451bd1bfd75a66ff3aebfe3722f4,-73,,3,64,,3
16:25:13,,3,b9e072fa53b683cafeb1a892049e77630f6d7c142ca794e4aa62a8383f17a017,-93,,3,64,,3
16:25:14,26.0,3,896e67f7da59360144a2fe605283968f85a0290f2e241893853628facf470181,-74,,3,64,,3
16:25:15,,3,f17c3293aa1e3d79e8c169f5e56947bafbed2206b03de07d82ac28ebd89d1bd6,-77,,3,64,,3
16:25:16,26.0,3,d34dad7f8959110c7e4d183b3bf0e8184ca80db5c2051e4cbaa811834cdae495,-80,,3,64,,3
16:25:16,26.0,3,49dc891795779aa6adc7be673906b42942bc6f80b65673bfb9425bffe58205ae,-83,,3,64,,3
16:25:17,,3,4a7427e9d1aeff2ec89fb2a550c3acb8aab78b0f8a529afed8bbdf21ae3ad343,-70,,3,64,,3
16:25:18,26.0,3,1ba7ecd7ef53234b3805399360ca3577a5bedb39a902d2afa4001df3d3ee7bf0,-74,,3,64,,3
16:25:19,6.0,3,c6ca379640deb81fedb96b1a54c4af806edd7143e8254b3a1aebf11dd6b7a322,-87,,3,64,,3
16:25:20,26.0,3,883598d711816a7af4b99aa8dc02593e4c4b340042b7d278113a9f897aa8b54a,-83,,3,64,5.0,3
16:25:20,6.0,3,eaa6b94c11a784f9309b5e36d2aa2f04c2c4f1d942abab9f8ab010c53e25d461,-83,,3,64,,3
16:25:21,,3,567d3139db79349d3ea714ca5e08d44107b41d22266f53f70ed8f046ff205da0,-84,,3,64,,3
16:25:22,26.0,3,c9d48b9eda1fa33791a73b3a2c1cf474f475b1c9c5f1c434e4e08dfa788f9913,-84,,3,64,,3
16:25:23,26.0,3,a9916725875936f322f3ef3def880327bd414a755d48e3992eacbfbc5c69a6c4,-82,,3,64,12.0,3
16:25:24,26.0,3,f5b2837362cccf06ea1cc6b6114cae5a1b32b3665f09655badbb5e0667c58d38,-84,,3,64,5.0,3
16:25:24,26.0,3,a69f40451e545453e81bb15eeb9b4c075a0ab6a9d37c3192fc918afbdd96db57,-69,,3,64,,3
16:25:25,26.0,3,d34dad7f8959110c7e4d183b3bf0e8184ca80db5c2051e4cbaa811834cdae495,-73,,3,64,,3
16:25:26,26.0,3,82bd4677596e7f3534eb04fba32ad2955b9b6945800475c563461dfbace261e5,-90,,3,64,8.0,3
16:25:27,26.0,3,82bd4677596e7f3534eb04fba32ad2955b9b6945800475c563461dfbace261e5,-80,,3,64,8.0,3
16:25:28,26.0,3,d34dad7f8959110c7e4d183b3bf0e8184ca80db5c2051e4cbaa811834cdae495,-73,,3,64,,3
16:25:29,,3,567d3139db79349d3ea714ca5e08d44107b41d22266f53f70ed8f046ff205da0,-83,,3,64,,3
16:25:29,,3,4a7427e9d1aeff2ec89fb2a550c3acb8aab78b0f8a529afed8bbdf21ae3ad343,-70,,3,64,,3
16:25:30,26.0,3,819114ba274f255d2178a3509534c3fb2728addff33c523ef964874db3ef5c33,-81,,3,64,5.0,3
16:25:31,26.0,3,819114ba274f255d2178a3509534c3fb2728addff33c523ef964874db3ef5c33,-80,,3,64,5.0,3
16:25:32,26.0,3,a69f40451e545453e81bb15eeb9b4c075a0ab6a9d37c3192fc918afbdd96db57,-80,,3,64,,3
16:25:33,26.0,3,896e67f7da59360144a2fe605283968f85a0290f2e241893853628facf470181,-72,,3,64,,3
16:25:33,26.0,3,c9d48b9eda1fa33791a73b3a2c1cf474f475b1c9c5f1c434e4e08dfa788f9913,-71,,3,64,,3
16:25:34,26.0,3,c9d48b9eda1fa33791a73b3a2c1cf474f475b1c9c5f1c434e4e08dfa788f9913,-75,,3,64,,3
16:25:35,,3,b9e072fa53b683cafeb1a892049e77630f6d7c142ca794e4aa62a8383f17a017,-75,,3,64,,3
16:25:36,26.0,3,c9d48b9eda1fa33791a73b3a2c1cf474f475b1c9c5f1c434e4e08dfa788f9913,-68,,3,64,,3
16:25:37,,3,9fba6a1ec4a3f9e8ef1c43c93c11aafda5b0cefe5ada604450fe20bd0facbbd2,-70,,3,64,,3
16:25:37,26.0,3,de0804105251c7d59c7746ba4f0427eac1b3e0cd9b0907f78de37b3fb843ae85,-74,,3,64,,3
16:25:38,26.0,3,82bd4677596e7f3534eb04fba32ad2955b9b6945800475c563461dfbace261e5,-84,,3,64,8.0,3
16:25:39,26.0,3,2c9a5bfb4bc73788f26c1f16cd3710b0ed9e63240f95db897da860b08f89d1ff,-74,,3,64,5.0,3
16:25:40,,3,4a7427e9d1aeff2ec89fb2a550c3acb8aab78b0f8a529afed8bbdf21ae3ad343,-79,,3,64,,3
16:25:41,26.0,3,de0804105251c7d59c7746ba4f0427eac1b3e0cd9b0907f78de37b3fb843ae85,-80,,3,64,,3
16:25:42,,3,567d3139db79349d3ea714ca5e08d44107b41d22266f53f70ed8f046ff205da0,-89,,3,64,,3
16:25:42,26.0,3,cfa1e11203862821cfc10678800126c07375451bd1bfd75a66ff3aebfe3722f4,-85,,3,64,,3
16:25:43,,3,4a7427e9d1aeff2ec89fb2a550c3acb8aab78b0f8a529afed8bbdf21ae3ad343,-71,,3,64,,3
16:25:44,26.0,3,883598d711816a7af4b99aa8dc02593e4c4b340042b7d278113a9f897aa8b54a,-80,,3,64,5.0,3
16:25:45,,3,9fba6a1ec4a3f9e8ef1c43c93c11aafda5b0cefe5ada604450fe20bd0facbbd2,-76,,3,64,,3
16:25:46,,3,567d3139db79349d3ea714ca5e08d44107b41d22266f53f70ed8f046ff205da0,-87,,3,64,,3
16:25:46,6.0,3,c6ca379640deb81fedb96b1a54c4af806edd7143e8254b3a1aebf11dd6b7a322,-86,,3,64,,3
16:25:47,26.0,3,cfa1e11203862821cfc10678800126c07375451bd1bfd75a66ff3aebfe3722f4,-73,,3,64,,3
16:25:48,26.0,3,896e67f7da59360144a2fe605283968f85a0290f2e241893853628facf470181,-74,,3,64,,3
16:25:49,6.0,3,ab3731ee1ecb83a2c9cfb692f3ef6b888dca2e6d5cc4c3ac0155a2303366beed,-89,Cb30,3,64,,3
16:25:50,26.0,3,82bd4677596e7f3534eb04fba32ad2955b9b6945800475c563461dfbace261e5,-75,,3,64,8.0,3
16:25:50,6.0,3,c6ca379640deb81fedb96b1a54c4af806edd7143e8254b3a1aebf11dd6b7a322,-87,,3,64,,3
16:25:51,26.0,3,82bd4677596e7f3534eb04fba32ad2955b9b6945800475c563461dfbace261e5,-78,,3,64,8.0,3
16:25:52,26.0,3,49dc891795779aa6adc7be673906b42942bc6f80b65673bfb9425bffe58205ae,-85,,3,64,,3
16:25:53,,3,567d3139db79349d3ea714ca5e08d44107b41d22266f53f70ed8f046ff205da0,-81,,3,64,,3
16:25:54,6.0,3,eaa6b94c11a784f9309b5e36d2aa2f04c2c4f1d942abab9f8ab010c53e25d461,-84,,3,64,,3
16:25:54,6.0,3,c6ca379640deb81fedb96b1a54c4af806edd7143e8254b3a1aebf11dd6b7a322,-85,,3,64,,3
16:25:55,,3,4a7427e9d1aeff2ec89fb2a550c3acb8aab78b0f8a529afed8bbdf21ae3ad343,-65,,3,64,,3
16:25:56,,3,b9e072fa53b683cafeb1a892049e77630f6d7c142ca794e4aa62a8383f17a017,-81,,3,64,,3
16:25:57,26.0,3,49dc891795779aa6adc7be673906b42942bc6f80b65673bfb9425bffe58205ae,-83,,3,64,,3
16:25:58,,3,4a7427e9d1aeff2ec89fb2a550c3acb8aab78b0f8a529afed8bbdf21ae3ad343,-67,,3,64,,3
16:25:59,,3,9fba6a1ec4a3f9e8ef1c43c93c11aafda5b0cefe5ada604450fe20bd0facbbd2,-73,,3,64,,3
16:25:59,26.0,3,1ba7ecd7ef53234b3805399360ca3577a5bedb39a902d2afa4001df3d3ee7bf0,-79,,3,64,,3
16:26:00,26.0,3,9b991abe8e0e69a0a22ddbc9e99d924fcabb46604f89b6d3842eda9a21ac30ca,-83,,3,64,12.0,3
16:26:01,26.0,3,cfa1e11203862821cfc10678800126c07375451bd1bfd75a66ff3aebfe3722f4,-82,,3,64,,3
16:26:02,26.0,3,896e67f7da59360144a2fe605283968f85a0290f2e241893853628facf470181,-72,,3,64,,3
16:26:03,,3,b9e072fa53b683cafeb1a892049e77630f6d7c142ca794e4aa62a8383f17a017,-81,,3,64,,3
16:26:03,,3,1ad160cd168be0366efbf71391731541359a3e79c15a59e5616e846266a91f9f,-85,,3,64,,3
16:26:04,26.0,3,896e67f7da59360144a2fe605283968f85a0290f2e241893853628facf470181,-75,,3,64,,3
16:26:05,,3,9fba6a1ec4a3f9e8ef1c43c93c11aafda5b0cefe5ada604450fe20bd0facbbd2,-76,,3,64,,3
16:26:06,,3,9fba6a1ec4a3f9e8ef1c43c93c11aafda5b0cefe5ada604450fe20bd0facbbd2,-71,,3,64,,3
16:26:07,,3,b9e072fa53b683cafeb1a892049e77630f6d7c142ca794e4aa62a8383f17a017,-84,,3,64,,3
16:26:07,,3,9fba6a1ec4a3f9e8ef1c43c93c11aafda5b0cefe5ada604450fe20bd0facbbd2,-70,,3,64,,3
16:26:08,26.0,3,de0804105251c7d59c7746ba4f0427eac1b3e0cd9b0907f78de37b3fb843ae85,-74,,3,64,,3
16:26:09,6.0,3,eaa6b94c11a784f9309b5e36d2aa2f04c2c4f1d942abab9f8ab010c53e25d461,-84,,3,64,,3
16:26:10,26.0,3,de0804105251c7d59c7746ba4f0427eac1b3e0cd9b0907f78de37b3fb843ae85,-72,,3,64,,3
16:26:11,26.0,3,883598d711816a7af4b99aa8dc02593e4c4b340042b7d278113a9f897aa8b54a,-83,,3,64,5.0,3
16:26:11,26.0,3,de0804105251c7d59c7746ba4f0427eac1b3e0cd9b0907f78de37b3fb843ae85,-84,,3,64,,3
16:26:12,26.0,3,c9d48b9eda1fa33791a73b3a2c1cf474f475b1c9c5f1c434e4e08dfa788f9913,-69,,3,64,,3
16:26:13,,3,4a7427e9d1aeff2ec89fb2a550c3acb8aab78b0f8a529afed8bbdf21ae3ad343,-63,,3,64,,3
16:26:14,26.0,3,f65d0b7b70f405a45dee681aecf3d4f6f2deb9c6d29ea49d98a969338e9185d4,-91,,3,64,,3
16:26:15,,3,4a7427e9d1aeff2ec89fb2a550c3acb8aab78b0f8a529afed8bbdf21ae3ad343,-70,,3,64,,3
16:26:15,,3,9fba6a1ec4a3f9e8ef1c43c93c11aafda5b0cefe5ada604450fe20bd0facbbd2,-76,,3,64,,3
16:26:16,26.0,3,c9d48b9eda1fa33791a73b3a2c1cf474f475b1c9c5f1c434e4e08dfa788f9913,-68,,3,64,,3
16:26:17,26.0,3,adcc1dee5f805f160c2b2b28232a63c36b8079256f40d912f949f8753acecdfb,-91,,3,64,7.0,3
16:26:18,26.0,3,49dc891795779aa6adc7be673906b42942bc6f80b65673bfb9425bffe58205ae,-87,,3,64,,3
16:26:19,6.0,3,eaa6b94c11a784f9309b5e36d2aa2f04c2c4f1d942abab9f8ab010c53e25d461,-88,,3,64,,3
16:26:20,,3,4a7427e9d1aeff2ec89fb2a550c3acb8aab78b0f8a529afed8bbdf21ae3ad343,-64,,3,64,,3
16:26:20,26.0,3,de0804105251c7d59c7746ba4f0427eac1b3e0cd9b0907f78de37b3fb843ae85,-74,,3,64,,3
16:26:21,6.0,3,eaa6b94c11a784f9309b5e36d2aa2f04c2c4f1d942abab9f8ab010c53e25d461,-92,,3,64,,3
16:26:22,,3,567d3139db79349d3ea714ca5e08d44107b41d22266f53f70ed8f046ff205da0,-78,,3,64,,3
16:26:23,,3,4a7427e9d1aeff2ec89fb2a550c3acb8aab78b0f8a529afed8bbdf21ae3ad343,-66,,3,64,,3
16:26:24,26.0,3,f65d0b7b70f405a45dee681aecf3d4f6f2deb9c6d29ea49d98a969338e9185d4,-85,,3,64,,3
16:26:24,,3,074f44faea6cb9968fd92a7a0a21c333ef764a2deae35040025ac2cfc2cb74a1,-85,,3,64,,3
16:26:25,,3,4a7427e9d1aeff2ec89fb2a550c3acb8aab78b0f8a529afed8bbdf21ae3ad343,-73,,3,64,,3
16:26:26,26.0,3,1ba7ecd7ef53234b3805399360ca3577a5bedb39a902d2afa4001df3d3ee7bf0,-83,,3,64,,3
16:26:27,,3,567d3139db79349d3ea714ca5e08d44107b41d22266f53f70ed8f046ff205da0,-71,,3,64,,3
16:26:28,,3,567d3139db79349d3ea714ca5e08d44107b41d22266f53f70ed8f046ff205da0,-77,,3,64,,3
16:26:28,6.0,3,eaa6b94c11a784f9309b5e36d2aa2f04c2c4f1d942abab9f8ab010c53e25d461,-86,,3,64,,3
16:26:29,,3,b9e072fa53b683cafeb1a892049e77630f6d7c142ca794e4aa62a8383f17a017,-85,,3,64,,3
16:26:30,,3,567d3139db79349d3ea714ca5e08d44107b41d22266f53f70ed8f046ff205da0,-76,,3,64,,3
16:26:31,26.0,3,9b991abe8e0e69a0a22ddbc9e99d924fcabb46604f89b6d3842eda9a21ac30ca,-82,,3,64,12.0,3
16:26:32,,3,4a7427e9d1aeff2ec89fb2a550c3acb8aab78b0f8a529afed8bbdf21ae3ad343,-70,,3,64,,3
16:26:32,,3,567d3139db79349d3ea714ca5e08d44107b41d22266f53f70ed8f046ff205da0,-72,,3,64,,3
16:26:33,26.0,3,a69f40451e545453e81bb15eeb9b4c075a0ab6a9d37c3192fc918afbdd96db57,-70,,3,64,,3
16:26:34,26.0,3,a69f40451e545453e81bb15eeb9b4c075a0ab6a9d37c3192fc918afbdd96db57,-77,,3,64,,3
16:26:35,26.0,3,49dc891795779aa6adc7be673906b42942bc6f80b65673bfb9425bffe58205ae,-82,,3,64,,3
16:26:36,26.0,3,d34dad7f8959110c7e4d183b3bf0e8184ca80db5c2051e4cbaa811834cdae495,-69,,3,64,,3
16:26:36,,3,9fba6a1ec4a3f9e8ef1c43c93c11aafda5b0cefe5ada604450fe20bd0facbbd2,-73,,3,64,,3
16:26:37,26.0,3,de0804105251c7d59c7746ba4f0427eac1b3e0cd9b0907f78de37b3fb843ae85,-77,,3,64,,3
16:26:38,26.0,3,896e67f7da59360144a2fe605283968f85a0290f2e241893853628facf470181,-85,,3,64,,3
16:26:39,,3,567d3139db79349d3ea714ca5e08d44107b41d22266f53f70ed8f046ff205da0,-77,,3,64,,3
16:26:40,,3,b9e072fa53b683cafeb1a892049e77630f6d7c142ca794e4aa62a8383f17a017,-90,,3,64,,3
16:26:41,26.0,3,d34dad7f8959110c7e4d183b3bf0e8184ca80db5c2051e4cbaa811834cdae495,-79,,3,64,,3
16:26:41,26.0,3,a69f40451e545453e81bb15eeb9b4c075a0ab6a9d37c3192fc918afbdd96db57,-69,,3,64,,3
16:26:42,26.0,3,82bd4677596e7f3534eb04fba32ad2955b9b6945800475c563461dfbace261e5,-81,,3,64,8.0,3
16:26:43,26.0,3,896e67f7da59360144a2fe605283968f85a0290f2e241893853628facf470181,-78,,3,64,,3
16:26:44,26.0,3,f5b2837362cccf06ea1cc6b6114cae5a1b32b3665f09655badbb5e0667c58d38,-82,,3,64,5.0,3
16:26:45,26.0,3,adcc1dee5f805f160c2b2b28232a63c36b8079256f40d912f949f8753acecdfb,-87,,3,64,7.0,3
16:26:45,,3,dfb9e417bf9b4b045a026d40ee5f6e47e99c1e991b8f87efbf5f7bb8b83a274d,-88,,3,64,,3
16:26:46,26.0,3,cfa1e11203862821cfc10678800126c07375451bd1bfd75a66ff3aebfe3722f4,-86,,3,64,,3
16:26:47,26.0,3,de0804105251c7d59c7746ba4f0427eac1b3e0cd9b0907f78de37b3fb843ae85,-81,,3,64,,3
16:26:48,26.0,3,f65d0b7b70f405a45dee681aecf3d4f6f2deb9c6d29ea49d98a969338e9185d4,-80,,3,64,,3
16:26:49,,3,567d3139db79349d3ea714ca5e08d44107b41d22266f53f70ed8f046ff205da0,-80,,3,64,,3
16:26:49,26.0,3,c9d48b9eda1fa33791a73b3a2c1cf474f475b1c9c5f1c434e4e08dfa788f9913,-69,,3,64,,3
16:26:50,,3,b9e072fa53b683cafeb1a892049e77630f6d7c142ca794e4aa62a8383f17a017,-80,,3,64,,3
16:26:51,26.0,3,cfa1e11203862821cfc10678800126c07375451bd1bfd75a66ff3aebfe3722f4,-77,,3,64,,3
16:26:52,,3,9fba6a1ec4a3f9e8ef1c43c93c11aafda5b0cefe5ada604450fe20bd0facbbd2,-71,,3,64,,3
16:26:53,,3,4a7427e9d1aeff2ec89fb2a550c3acb8aab78b0f8a529afed8bbdf21ae3ad343,-71,,3,64,,3
16:26:53,26.0,3,cfa1e11203862821cfc10678800126c07375451bd1bfd75a66ff3aebfe3722f4,-76,,3,64,,3
16:26:54,6.0,3,c6ca379640deb81fedb96b1a54c4af806edd7143e8254b3a1aebf11dd6b7a322,-86,,3,64,,3
16:26:55,,3,9fba6a1ec4a3f9e8ef1c43c93c11aafda5b0cefe5ada604450fe20bd0facbbd2,-73,,3,64,,3
16:26:56,26.0,3,f5b2837362cccf06ea1cc6b6114cae5a1b32b3665f09655badbb5e0667c58d38,-84,,3,64,5.0,3
16:26:57,,3,567d3139db79349d3ea714ca5e08d44107b41d22266f53f70ed8f046ff205da0,-79,,3,64,,3
16:26:58,,3,9fba6a1ec4a3f9e8ef1c43c93c11aafda5b0cefe5ada604450fe20bd0facbbd2,-75,,3,64,,3
16:26:58,26.0,3,cfa1e11203862821cfc10678800126c07375451bd1bfd75a66ff3aebfe3722f4,-81,,3,64,,3
16:26:59,,3,567d3139db79349d3ea714ca5e08d44107b41d22266f53f70ed8f046ff205da0,-79,,3,64,,3
16:27:00,,3,567d3139db79349d3ea714ca5e08d44107b41d22266f53f70ed8f046ff205da0,-83,,3,64,,3
16:27:01,26.0,3,cfa1e11203862821cfc10678800126c07375451bd1bfd75a66ff3aebfe3722f4,-85,,3,64,,3
16:27:02,26.0,3,819114ba274f255d2178a3509534c3fb2728addff33c523ef964874db3ef5c33,-83,,3,64,,3
16:27:02,26.0,3,d34dad7f8959110c7e4d183b3bf0e8184ca80db5c2051e4cbaa811834cdae495,-71,,3,64,,3
16:27:03,,3,4a7427e9d1aeff2ec89fb2a550c3acb8aab78b0f8a529afed8bbdf21ae3ad343,-71,,3,64,,3
16:27:04,26.0,3,f65d0b7b70f405a45dee681aecf3d4f6f2deb9c6d29ea49d98a969338e9185d4,-88,,3,64,,3
16:27:05,26.0,3,c9d48b9eda1fa33791a73b3a2c1cf474f475b1c9c5f1c434e4e08dfa788f9913,-78,,3,64,,3
16:27:06,26.0,3,883598d711816a7af4b99aa8dc02593e4c4b340042b7d278113a9f897aa8b54a,-89,,3,64,,3
16:27:06,,3,567d3139db79349d3ea714ca5e08d44107b41d22266f53f70ed8f046ff205da0,-87,,3,64,,3
16:27:07,,3,4a7427e9d1aeff2ec89fb2a550c3acb8aab78b0f8a529afed8bbdf21ae3ad343,-63,,3,64,,3
16:27:08,26.0,3,cfa1e11203862821cfc10678800126c07375451bd1bfd75a66ff3aebfe3722f4,-80,,3,64,,3
16:27:09,,3,9fba6a1ec4a3f9e8ef1c43c93c11aafda5b0cefe5ada604450fe20bd0facbbd2,-79,,3,64,,3
16:27:10,26.0,3,1ba7ecd7ef53234b3805399360ca3577a5bedb39a902d2afa4001df3d3ee7bf0,-75,,3,64,,3
16:27:10,,3,4a7427e9d1aeff2ec89fb2a550c3acb8aab78b0f8a529afed8bbdf21ae3ad343,-62,,3,64,,3
16:27:11,26.0,3,896e67f7da59360144a2fe605283968f85a0290f2e241893853628facf470181,-74,,3,64,,3
16:27:12,26.0,3,819114ba274f255d2178a3509534c3fb2728addff33c523ef964874db3ef5c33,-87,,3,64,,3
16:27:13,,3,b9e072fa53b683cafeb1a892049e77630f6d7c142ca794e4aa62a8383f17a017,-89,,3,64,,3
16:27:14,,3,b9e072fa53b683cafeb1a892049e77630f6d7c142ca794e4aa62a8383f17a017,-82,,3,64,,3
16:27:15,,3,074f44faea6cb9968fd92a7a0a21c333ef764a2deae35040025ac2cfc2cb74a1,-96,,3,64,,3
16:27:15,26.0,3,cfa1e11203862821cfc10678800126c07375451bd1bfd75a66ff3aebfe3722f4,-83,,3,64,,3
16:27:16,26.0,3,f65d0b7b70f405a45dee681aecf3d4f6f2deb9c6d29ea49d98a969338e9185d4,-95,,3,64,,3
16:27:17,26.0,3,c9d48b9eda1fa33791a73b3a2c1cf474f475b1c9c5f1c434e4e08dfa788f9913,-71,,3,64,,3
16:27:18,,3,9fba6a1ec4a3f9e8ef1c43c93c11aafda5b0cefe5ada604450fe20bd0facbbd2,-79,,3,64,,3
16:27:19,26.0,3,f65d0b7b70f405a45dee681aecf3d4f6f2deb9c6d29ea49d98a969338e9185d4,-87,,3,64,,3
16:27:19,26.0,3,a69f40451e545453e81bb15eeb9b4c075a0ab6a9d37c3192fc918afbdd96db57,-77,,3,64,,3
16:27:20,26.0,3,1ba7ecd7ef53234b3805399360ca3577a5bedb39a902d2afa4001df3d3ee7bf0,-73,,3,64,,3
16:27:21,26.0,3,883598d711816a7af4b99aa8dc02593e4c4b340042b7d278113a9f897aa8b54a,-84,,3,64,,3
16:27:22,26.0,3,d34dad7f8959110c7e4d183b3bf0e8184ca80db5c2051e4cbaa811834cdae495,-71,,3,64,,3
16:27:23,26.0,3,de0804105251c7d59c7746ba4f0427eac1b3e0cd9b0907f78de37b3fb843ae85,-77,,3,64,,3
16:27:23,26.0,3,a69f40451e545453e81bb15eeb9b4c075a0ab6a9d37c3192fc918afbdd96db57,-70,,3,64,,3
16:27:24,26.0,3,a69f40451e545453e81bb15eeb9b4c075a0ab6a9d37c3192fc918afbdd96db57,-71,,3,64,,3
16:27:25,26.0,3,f6c92e150ee369643188e65d65c3d6998328ba234e265df8dc427e724a60e74d,-85,,3,64,12.0,3
16:27:26,,3,9fba6a1ec4a3f9e8ef1c43c93c11aafda5b0cefe5ada604450fe20bd0facbbd2,-69,,3,64,,3
16:27:27,26.0,3,c9d48b9eda1fa33791a73b3a2c1cf474f475b1c9c5f1c434e4e08dfa788f9913,-69,,3,64,,3
16:27:27,26.0,3,896e67f7da59360144a2fe605283968f85a0290f2e241893853628facf470181,-85,,3,64,,3
16:27:28,6.0,3,ab3731ee1ecb83a2c9cfb692f3ef6b888dca2e6d5cc4c3ac0155a2303366beed,-86,Cb30,3,64,,3
16:27:29,26.0,3,a69f40451e545453e81bb15eeb9b4c075a0ab6a9d37c3192fc918afbdd96db57,-68,,3,64,,3
16:27:30,,3,4a7427e9d1aeff2ec89fb2a550c3acb8aab78b0f8a529afed8bbdf21ae3ad343,-73,,3,64,,3
16:27:31,,3,9fba6a1ec4a3f9e8ef1c43c93c11aafda5b0cefe5ada604450fe20bd0facbbd2,-71,,3,64,,3
16:27:31,26.0,3,a69f40451e545453e81bb15eeb9b4c075a0ab6a9d37c3192fc918afbdd96db57,-70,,3,64,,3
16:27:32,,3,567d3139db79349d3ea714ca5e08d44107b41d22266f53f70ed8f046ff205da0,-82,,3,64,,3
16:27:33,26.0,3,d34dad7f8959110c7e4d183b3bf0e8184ca80db5c2051e4cbaa811834cdae495,-73,,3,64,,3
16:27:34,,3,b9e072fa53b683cafeb1a892049e77630f6d7c142ca794e4aa62a8383f17a017,-83,,3,64,,3
16:27:35,6.0,3,eaa6b94c11a784f9309b5e36d2aa2f04c2c4f1d942abab9f8ab010c53e25d461,-83,,3,64,,3
16:27:36,26.0,3,a69f40451e545453e81bb15eeb9b4c075a0ab6a9d37c3192fc918afbdd96db57,-72,,3,64,,3
16:27:36,26.0,3,883598d711816a7af4b99aa8dc02593e4c4b340042b7d278113a9f897aa8b54a,-86,,3,64,,3
16:27:37,,3,9fba6a1ec4a3f9e8ef1c43c93c11aafda5b0cefe5ada604450fe20bd0facbbd2,-80,,3,64,,3
16:27:38,26.0,3,49dc891795779aa6adc7be673906b42942bc6f80b65673bfb9425bffe58205ae,-86,,3,64,,3
16:27:39,26.0,3,c9d48b9eda1fa33791a73b3a2c1cf474f475b1c9c5f1c434e4e08dfa788f9913,-67,,3,64,,3
16:27:40,,3,9fba6a1ec4a3f9e8ef1c43c93c11aafda5b0cefe5ada604450fe20bd0facbbd2,-76,,3,64,,3
16:27:40,26.0,3,883598d711816a7af4b99aa8dc02593e4c4b340042b7d278113a9f897aa8b54a,-87,,3,64,,3
16:27:41,26.0,3,82bd4677596e7f3534eb04fba32ad2955b9b6945800475c563461dfbace261e5,-77,,3,64,8.0,3
16:27:42,26.0,3,1ba7ecd7ef53234b3805399360ca3577a5bedb39a902d2afa4001df3d3ee7bf0,-77,,3,64,,3
16:27:43,26.0,3,49dc891795779aa6adc7be673906b42942bc6f80b65673bfb9425bffe58205ae,-84,,3,64,,3
16:27:44,26.0,3,8d882148f41ff893af6964db77be6e466cd09fe3c61f3938fa73b364355aa2bc,-85,,3,64,,3
16:27:44,26.0,3,1ba7ecd7ef53234b3805399360ca3577a5bedb39a902d2afa4001df3d3ee7bf0,-76,,3,64,,3
16:27:45,26.0,3,a69f40451e545453e81bb15eeb9b4c075a0ab6a9d37c3192fc918afbdd96db57,-69,,3,64,,3
16:27:46,,3,976b0816935506a5f7ec235bd5cd95ff8bf973be6e86f9ad4927b07064d26cf9,-87,,3,64,,3
16:27:47,,3,b9e072fa53b683cafeb1a892049e77630f6d7c142ca794e4aa62a8383f17a017,-78,,3,64,,3
16:27:48,,3,9fba6a1ec4a3f9e8ef1c43c93c11aafda5b0cefe5ada604450fe20bd0facbbd2,-79,,3,64,,3
16:27:49,26.0,3,fefdfb37b82d479e4fcb1274cf1369df6620fc8c010c2e369385ffc7dcda2b2b,-71,,3,64,12.0,3
16:27:49,26.0,3,d34dad7f8959110c7e4d183b3bf0e8184ca80db5c2051e4cbaa811834cdae495,-73,,3,64,,3
16:27:50,,3,4a7427e9d1aeff2ec89fb2a550c3acb8aab78b0f8a529afed8bbdf21ae3ad343,-80,,3,64,,3
16:27:51,,3,b9e072fa53b683cafeb1a892049e77630f6d7c142ca794e4aa62a8383f17a017,-82,,3,64,,3
16:27:52,26.0,3,f6c92e150ee369643188e65d65c3d6998328ba234e265df8dc427e724a60e74d,-82,,3,64,12.0,3
16:27:53,26.0,3,c9d48b9eda1fa33791a73b3a2c1cf474f475b1c9c5f1c434e4e08dfa788f9913,-74,,3,64,,3
16:27:53,26.0,3,de0804105251c7d59c7746ba4f0427eac1b3e0cd9b0907f78de37b3fb843ae85,-70,,3,64,,3
16:27:54,26.0,3,82bd4677596e7f3534eb04fba32ad2955b9b6945800475c563461dfbace261e5,-86,,3,64,8.0,3
16:27:55,26.0,3,cfa1e11203862821cfc10678800126c07375451bd1bfd75a66ff3aebfe3722f4,-76,,3,64,,3
16:27:56,26.0,3,9b991abe8e0e69a0a22ddbc9e99d924fcabb46604f89b6d3842eda9a21ac30ca,-79,,3,64,12.0,3
16:27:57,,3,4a7427e9d1aeff2ec89fb2a550c3acb8aab78b0f8a529afed8bbdf21ae3ad343,-79,,3,64,,3
16:27:57,,3,b9e072fa53b683cafeb1a892049e77630f6d7c142ca794e4aa62a8383f17a017,-83,,3,64,,3
16:27:58,26.0,3,fefdfb37b82d479e4fcb1274cf1369df6620fc8c010c2e369385ffc7dcda2b2b,-81,,3,64,12.0,3
16:27:59,26.0,3,9b991abe8e0e69a0a22ddbc9e99d924fcabb46604f89b6d3842eda9a21ac30ca,-81,,3,64,12.0,3
16:28:00,26.0,3,1ba7ecd7ef53234b3805399360ca3577a5bedb39a902d2afa4001df3d3ee7bf0,-76,,3,64,,3
16:28:01,,3,9fba6a1ec4a3f9e8ef1c43c93c11aafda5b0cefe5ada604450fe20bd0facbbd2,-70,,3,64,,3
16:28:01,26.0,3,cfa1e11203862821cfc10678800126c07375451bd1bfd75a66ff3aebfe3722f4,-87,,3,64,,3
16:28:02,26.0,3,896e67f7da59360144a2fe605283968f85a0290f2e241893853628facf470181,-76,,3,64,,3
16:28:03,26.0,3,2a8e75452f351d42dd2d82ea112df5739c224b7ba2de58181fc9bee114adbfb8,-86,,3,64,,3
16:28:04,26.0,3,896e67f7da59360144a2fe605283968f85a0290f2e241893853628facf470181,-71,,3,64,,3
16:28:05,,3,b9e072fa53b683cafeb1a892049e77630f6d7c142ca794e4aa62a8383f17a017,-82,,3,64,,3
16:28:06,,3,4a7427e9d1aeff2ec89fb2a550c3acb8aab78b0f8a529afed8bbdf21ae3ad343,-73,,3,64,,3
16:28:06,26.0,3,49dc891795779aa6adc7be673906b42942bc6f80b65673bfb9425bffe58205ae,-90,,3,64,,3
16:28:07,26.0,3,a69f40451e545453e81bb15eeb9b4c075a0ab6a9d37c3192fc918afbdd96db57,-74,,3,64,,3
16:28:08,26.0,3,de0804105251c7d59c7746ba4f0427eac1b3e0cd9b0907f78de37b3fb843ae85,-79,,3,64,,3
16:28:09,,3,4a7427e9d1aeff2ec89fb2a550c3acb8aab78b0f8a529afed8bbdf21ae3ad343,-69,,3,64,,3
16:28:10,26.0,3,49dc891795779aa6adc7be673906b42942bc6f80b65673bfb9425bffe58205ae,-87,,3,64,,3
16:28:10,26.0,3,c9d48b9eda1fa33791a73b3a2c1cf474f475b1c9c5f1c434e4e08dfa788f9913,-73,,3,64,,3
16:28:11,6.0,3,eaa6b94c11a784f9309b5e36d2aa2f04c2c4f1d942abab9f8ab010c53e25d461,-84,,3,64,,3
16:28:12,26.0,3,de0804105251c7d59c7746ba4f0427eac1b3e0cd9b0907f78de37b3fb843ae85,-76,,3,64,,3
16:28:13,26.0,3,8d882148f41ff893af6964db77be6e466cd09fe3c61f3938fa73b364355aa2bc,-83,,3,64,,3
16:28:14,26.0,3,de0804105251c7d59c7746ba4f0427eac1b3e0cd9b0907f78de37b3fb843ae85,-69,,3,64,,3
16:28:14,26.0,3,a69f40451e545453e81bb15eeb9b4c075a0ab6a9d37c3192fc918afbdd96db57,-73,,3,64,,3
16:28:15,26.0,3,896e67f7da59360144a2fe605283968f85a0290f2e241893853628facf470181,-71,,3,64,,3
16:28:16,,3,567d3139db79349d3ea714ca5e08d44107b41d22266f53f70ed8f046ff205da0,-92,,3,64,,3
16:28:17,26.0,3,1ba7ecd7ef53234b3805399360ca3577a5bedb39a902d2afa4001df3d3ee7bf0,-71,,3,64,,3
16:28:18,26.0,3,8d882148f41ff893af6964db77be6e466cd09fe3c61f3938fa73b364355aa2bc,-80,,3,64,,3
16:28:18,26.0,3,a9916725875936f322f3ef3def880327bd414a755d48e3992eacbfbc5c69a6c4,-88,,3,64,12.0,3
16:28:19,,3,9fba6a1ec4a3f9e8ef1c43c93c11aafda5b0cefe5ada604450fe20bd0facbbd2,-70,,3,64,,3
16:28:20,26.0,3,de0804105251c7d59c7746ba4f0427eac1b3e0cd9b0907f78de37b3fb843ae85,-70,,3,64,,3
16:28:21,26.0,3,896e67f7da59360144a2fe605283968f85a0290f2e241893853628facf470181,-77,,3,64,,3
16:28:22,,3,4a7427e9d1aeff2ec89fb2a550c3acb8aab78b0f8a529afed8bbdf21ae3ad343,-70,,3,64,,3
16:28:23,26.0,3,49dc891795779aa6adc7be673906b42942bc6f80b65673bfb9425bffe58205ae,-85,,3,64,,3
16:28:23,26.0,3,82bd4677596e7f3534eb04fba32ad2955b9b6945800475c563461dfbace261e5,-72,,3,64,8.0,3
16:28:24,26.0,3,de0804105251c7d59c7746ba4f0427eac1b3e0cd9b0907f78de37b3fb843ae85,-70,,3,64,,3
16:28:25,26.0,3,1ba7ecd7ef53234b3805399360ca3577a5bedb39a902d2afa4001df3d3ee7bf0,-76,,3,64,,3
16:28:26,26.0,3,cfa1e11203862821cfc10678800126c07375451bd1bfd75a66ff3aebfe3722f4,-77,,3,64,,3
16:28:27,26.0,3,de0804105251c7d59c7746ba4f0427eac1b3e0cd9b0907f78de37b3fb843ae85,-77,,3,64,,3
16:28:27,26.0,3,2a8e75452f351d42dd2d82ea112df5739c224b7ba2de58181fc9bee114adbfb8,-84,,3,64,,3
16:28:28,,3,9fba6a1ec4a3f9e8ef1c43c93c11aafda5b0cefe5ada604450fe20bd0facbbd2,-75,,3,64,,3
16:28:29,,3,4a7427e9d1aeff2ec89fb2a550c3acb8aab78b0f8a529afed8bbdf21ae3ad343,-67,,3,64,,3
16:28:30,26.0,3,a704af4818b373eef915df5a879c4d9ab4d807913d611969f44550a65d8c7659,-71,,3,64,8.0,3
16:28:31,,3,4a7427e9d1aeff2ec89fb2a550c3acb8aab78b0f8a529afed8bbdf21ae3ad343,-68,,3,64,,3
16:28:31,6.0,3,c6ca379640deb81fedb96b1a54c4af806edd7143e8254b3a1aebf11dd6b7a322,-88,,3,64,,3
16:28:32,26.0,3,b66e27399ac99b370975b96171d24bc605e0675d316743ba5339509bda32a9de,-83,,3,64,,3
16:28:33,26.0,3,cfa1e11203862821cfc10678800126c07375451bd1bfd75a66ff3aebfe3722f4,-84,,3,64,,3
16:28:34,,3,b9e072fa53b683cafeb1a892049e77630f6d7c142ca794e4aa62a8383f17a017,-82,,3,64,,3
16:28:35,26.0,3,1b53e9cce7833f7e8cec3282b27e2c5988f853281ff414594ec414d654684d3d,-90,,3,64,,3
16:28:35,26.0,3,adcc1dee5f805f160c2b2b28232a63c36b8079256f40d912f949f8753acecdfb,-93,,3,64,,3
16:28:36,26.0,3,b66e27399ac99b370975b96171d24bc605e0675d316743ba5339509bda32a9de,-86,,3,64,,3
16:28:37,26.0,3,896e67f7da59360144a2fe605283968f85a0290f2e241893853628facf470181,-84,,3,64,,3
16:28:38,,3,b9e072fa53b683cafeb1a892049e77630f6d7c142ca794e4aa62a8383f17a017,-79,,3,64,,3
16:28:39,26.0,3,d34dad7f8959110c7e4d183b3bf0e8184ca80db5c2051e4cbaa811834cdae495,-74,,3,64,,3
16:28:39,,3,9fba6a1ec4a3f9e8ef1c43c93c11aafda5b0cefe5ada604450fe20bd0facbbd2,-70,,3,64,,3
16:28:40,26.0,3,afc6fdb7c10841606809154f9b0def40bb212686a18e63a3325bbae35ca1032f,-99,,3,64,,3
16:28:41,26.0,3,afc6fdb7c10841606809154f9b0def40bb212686a18e63a3325bbae35ca1032f,-89,,3,64,,3
16:28:42,,3,567d3139db79349d3ea714ca5e08d44107b41d22266f53f70ed8f046ff205da0,-72,,3,64,,3
16:28:43,26.0,3,d34dad7f8959110c7e4d183b3bf0e8184ca80db5c2051e4cbaa811834cdae495,-74,,3,64,,3
16:28:43,26.0,3,1ba7ecd7ef53234b3805399360ca3577a5bedb39a902d2afa4001df3d3ee7bf0,-71,,3,64,,3
16:28:44,26.0,3,c9d48b9eda1fa33791a73b3a2c1cf474f475b1c9c5f1c434e4e08dfa788f9913,-73,,3,64,2.0,3
16:28:45,26.0,3,c9d48b9eda1fa33791a73b3a2c1cf474f475b1c9c5f1c434e4e08dfa788f9913,-75,,3,64,,3
16:28:46,26.0,3,c9d48b9eda1fa33791a73b3a2c1cf474f475b1c9c5f1c434e4e08dfa788f9913,-69,,3,64,,3
16:28:47,26.0,3,afc6fdb7c10841606809154f9b0def40bb212686a18e63a3325bbae35ca1032f,-94,,3,64,,3
16:28:48,6.0,3,eaa6b94c11a784f9309b5e36d2aa2f04c2c4f1d942abab9f8ab010c53e25d461,-89,,3,64,,3
16:28:48,26.0,3,8d882148f41ff893af6964db77be6e466cd09fe3c61f3938fa73b364355aa2bc,-90,,3,64,,3
16:28:49,26.0,3,a704af4818b373eef915df5a879c4d9ab4d807913d611969f44550a65d8c7659,-83,,3,64,8.0,3
16:28:50,,3,9fba6a1ec4a3f9e8ef1c43c93c11aafda5b0cefe5ada604450fe20bd0facbbd2,-66,,3,64,,3
16:28:51,26.0,3,de0804105251c7d59c7746ba4f0427eac1b3e0cd9b0907f78de37b3fb843ae85,-70,,3,64,,3
16:28:52,,3,4a7427e9d1aeff2ec89fb2a550c3acb8aab78b0f8a529afed8bbdf21ae3ad343,-72,,3,64,,3
16:28:52,26.0,3,c9d48b9eda1fa33791a73b3a2c1cf474f475b1c9c5f1c434e4e08dfa788f9913,-68,,3,64,,3
16:28:53,26.0,3,b66e27399ac99b370975b96171d24bc605e0675d316743ba5339509bda32a9de,-82,,3,64,,3
16:28:54,,3,976b0816935506a5f7ec235bd5cd95ff8bf973be6e86f9ad4927b07064d26cf9,-77,,3,64,,3
16:28:55,,3,567d3139db79349d3ea714ca5e08d44107b41d22266f53f70ed8f046ff205da0,-81,,3,64,,3
16:28:56,26.0,3,c9d48b9eda1fa33791a73b3a2c1cf474f475b1c9c5f1c434e4e08dfa788f9913,-72,,3,64,2.0,3
16:28:56,26.0,3,d34dad7f8959110c7e4d183b3bf0e8184ca80db5c2051e4cbaa811834cdae495,-69,,3,64,,3
16:28:57,26.0,3,1ba7ecd7ef53234b3805399360ca3577a5bedb39a902d2afa4001df3d3ee7bf0,-70,,3,64,,3
16:28:58,,3,976b0816935506a5f7ec235bd5cd95ff8bf973be6e86f9ad4927b07064d26cf9,-83,,3,64,,3
16:28:59,,3,b9e072fa53b683cafeb1a892049e77630f6d7c142ca794e4aa62a8383f17a017,-85,,3,64,,3
16:29:00,26.0,3,896e67f7da59360144a2fe605283968f85a0290f2e241893853628facf470181,-71,,3,64,,3
16:29:01,26.0,3,de0804105251c7d59c7746ba4f0427eac1b3e0cd9b0907f78de37b3fb843ae85,-70,,3,64,,3
16:29:01,,3,b9e072fa53b683cafeb1a892049e77630f6d7c142ca794e4aa62a8383f17a017,-85,,3,64,,3
16:29:02,26.0,3,a704af4818b373eef915df5a879c4d9ab4d807913d611969f44550a65d8c7659,-81,,3,64,8.0,3
16:29:03,26.0,3,3d61c9763af06e1849e7c6c48be32ae71c3cc2f9a45285790c3e2595f7a253bc,-92,,3,64,,3
16:29:04,,3,1ad160cd168be0366efbf71391731541359a3e79c15a59e5616e846266a91f9f,-83,,3,64,,3
16:29:05,,3,567d3139db79349d3ea714ca5e08d44107b41d22266f53f70ed8f046ff205da0,-76,,3,64,,3
16:29:05,26.0,3,fefdfb37b82d479e4fcb1274cf1369df6620fc8c010c2e369385ffc7dcda2b2b,-66,,3,64,12.0,3
16:29:06,,3,567d3139db79349d3ea714ca5e08d44107b41d22266f53f70ed8f046ff205da0,-87,,3,64,,3
16:29:07,,3,9fba6a1ec4a3f9e8ef1c43c93c11aafda5b0cefe5ada604450fe20bd0facbbd2,-77,,3,64,,3
16:29:08,26.0,3,fefdfb37b82d479e4fcb1274cf1369df6620fc8c010c2e369385ffc7dcda2b2b,-66,,3,64,12.0,3
16:29:09,26.0,3,cfa1e11203862821cfc10678800126c07375451bd1bfd75a66ff3aebfe3722f4,-80,,3,64,,3
16:29:09,26.0,3,b66e27399ac99b370975b96171d24bc605e0675d316743ba5339509bda32a9de,-82,,3,64,,3
16:29:10,26.0,3,896e67f7da59360144a2fe605283968f85a0290f2e241893853628facf470181,-77,,3,64,,3
16:29:11,,3,4a7427e9d1aeff2ec89fb2a550c3acb8aab78b0f8a529afed8bbdf21ae3ad343,-96,,3,64,,3
16:29:12,,3,567d3139db79349d3ea714ca5e08d44107b41d22266f53f70ed8f046ff205da0,-82,,3,64,,3
16:29:13,,3,9fba6a1ec4a3f9e8ef1c43c93c11aafda5b0cefe5ada604450fe20bd0facbbd2,-68,,3,64,,3
16:29:13,,3,b9e072fa53b683cafeb1a892049e77630f6d7c142ca794e4aa62a8383f17a017,-82,,3,64,,3
16:29:14,26.0,3,a704af4818b373eef915df5a879c4d9ab4d807913d611969f44550a65d8c7659,-81,,3,64,8.0,3
16:29:15,26.0,3,896e67f7da59360144a2fe605283968f85a0290f2e241893853628facf470181,-70,,3,64,,3
16:29:16,26.0,3,2a8e75452f351d42dd2d82ea112df5739c224b7ba2de58181fc9bee114adbfb8,-87,,3,64,,3
16:29:17,26.0,3,8d882148f41ff893af6964db77be6e466cd09fe3c61f3938fa73b364355aa2bc,-92,,3,64,5.0,3
16:29:18,26.0,3,1ba7ecd7ef53234b3805399360ca3577a5bedb39a902d2afa4001df3d3ee7bf0,-71,,3,64,,3
16:29:18,,3,b9e072fa53b683cafeb1a892049e77630f6d7c142ca794e4aa62a8383f17a017,-81,,3,64,,3
16:29:19,,3,567d3139db79349d3ea714ca5e08d44107b41d22266f53f70ed8f046ff205da0,-73,,3,64,,3
16:29:20,26.0,3,896e67f7da59360144a2fe605283968f85a0290f2e241893853628facf470181,-69,,3,64,,3
16:29:21,26.0,3,a9916725875936f322f3ef3def880327bd414a755d48e3992eacbfbc5c69a6c4,-91,,3,64,12.0,3
16:29:22,26.0,3,3d61c9763af06e1849e7c6c48be32ae71c3cc2f9a45285790c3e2595f7a253bc,-96,,3,64,,3
16:29:22,26.0,3,1ba7ecd7ef53234b3805399360ca3577a5bedb39a902d2afa4001df3d3ee7bf0,-74,,3,64,,3
16:29:23,26.0,3,cfa1e11203862821cfc10678800126c07375451bd1bfd75a66ff3aebfe3722f4,-80,,3,64,,3
16:29:24,,3,4f723cbb5d542d8ab971816e772cd77f3153a87c19a2139d37af7e7221ce25b4,-56,,3,64,,3
16:29:25,26.0,3,896e67f7da59360144a2fe605283968f85a0290f2e241893853628facf470181,-75,,3,64,,3
16:29:26,,3,9fba6a1ec4a3f9e8ef1c43c93c11aafda5b0cefe5ada604450fe20bd0facbbd2,-70,,3,64,,3
16:29:26,26.0,3,a69f40451e545453e81bb15eeb9b4c075a0ab6a9d37c3192fc918afbdd96db57,-78,,3,64,2.0,3
16:29:27,26.0,3,896e67f7da59360144a2fe605283968f85a0290f2e241893853628facf470181,-69,,3,64,,3
16:29:28,,3,4a7427e9d1aeff2ec89fb2a550c3acb8aab78b0f8a529afed8bbdf21ae3ad343,-71,,3,64,,3
16:29:29,26.0,3,a704af4818b373eef915df5a879c4d9ab4d807913d611969f44550a65d8c7659,-87,,3,64,8.0,3
16:29:30,,3,567d3139db79349d3ea714ca5e08d44107b41d22266f53f70ed8f046ff205da0,-70,,3,64,,3
16:29:30,,3,b9e072fa53b683cafeb1a892049e77630f6d7c142ca794e4aa62a8383f17a017,-83,,3,64,,3
16:29:31,26.0,3,3d61c9763af06e1849e7c6c48be32ae71c3cc2f9a45285790c3e2595f7a253bc,-92,,3,64,,3
16:29:32,26.0,3,49dc891795779aa6adc7be673906b42942bc6f80b65673bfb9425bffe58205ae,-82,,3,64,,3
16:29:33,,3,9fba6a1ec4a3f9e8ef1c43c93c11aafda5b0cefe5ada604450fe20bd0facbbd2,-76,,3,64,,3
16:29:34,,3,4f723cbb5d542d8ab971816e772cd77f3153a87c19a2139d37af7e7221ce25b4,-56,,3,64,,3
16:29:34,26.0,3,d34dad7f8959110c7e4d183b3bf0e8184ca80db5c2051e4cbaa811834cdae495,-72,,3,64,,3
16:29:35,,3,b9e072fa53b683cafeb1a892049e77630f6d7c142ca794e4aa62a8383f17a017,-82,,3,64,,3
16:29:36,,3,567d3139db79349d3ea714ca5e08d44107b41d22266f53f70ed8f046ff205da0,-82,,3,64,,3
16:29:37,26.0,3,d34dad7f8959110c7e4d183b3bf0e8184ca80db5c2051e4cbaa811834cdae495,-75,,3,64,,3
16:29:38,6.0,3,c6ca379640deb81fedb96b1a54c4af806edd7143e8254b3a1aebf11dd6b7a322,-82,,3,64,,3
16:29:39,26.0,3,c9d48b9eda1fa33791a73b3a2c1cf474f475b1c9c5f1c434e4e08dfa788f9913,-72,,3,64,2.0,3
16:29:39,26.0,3,896e67f7da59360144a2fe605283968f85a0290f2e241893853628facf470181,-75,,3,64,,3
16:29:40,26.0,3,c9d48b9eda1fa33791a73b3a2c1cf474f475b1c9c5f1c434e4e08dfa788f9913,-72,,3,64,2.0,3
16:29:41,26.0,3,a69f40451e545453e81bb15eeb9b4c075a0ab6a9d37c3192fc918afbdd96db57,-75,,3,64,2.0,3
16:29:42,26.0,3,d34dad7f8959110c7e4d183b3bf0e8184ca80db5c2051e4cbaa811834cdae495,-70,,3,64,,3
16:29:43,,3,4a7427e9d1aeff2ec89fb2a550c3acb8aab78b0f8a529afed8bbdf21ae3ad343,-71,,3,64,,3
16:29:43,6.0,3,ab3731ee1ecb83a2c9cfb692f3ef6b888dca2e6d5cc4c3ac0155a2303366beed,-91,Cb30,3,64,,3
16:29:44,26.0,3,1ba7ecd7ef53234b3805399360ca3577a5bedb39a902d2afa4001df3d3ee7bf0,-73,,3,64,,3
16:29:45,6.0,3,eaa6b94c11a784f9309b5e36d2aa2f04c2c4f1d942abab9f8ab010c53e25d461,-82,,3,64,,3
16:29:46,,3,567d3139db79349d3ea714ca5e08d44107b41d22266f53f70ed8f046ff205da0,-70,,3,64,,3
16:29:47,,3,9fba6a1ec4a3f9e8ef1c43c93c11aafda5b0cefe5ada604450fe20bd0facbbd2,-92,,3,64,,3
16:29:47,,3,b9e072fa53b683cafeb1a892049e77630f6d7c142ca794e4aa62a8383f17a017,-80,,3,64,,3
16:29:48,,3,976b0816935506a5f7ec235bd5cd95ff8bf973be6e86f9ad4927b07064d26cf9,-79,,3,64,,3
16:29:49,,3,9fba6a1ec4a3f9e8ef1c43c93c11aafda5b0cefe5ada604450fe20bd0facbbd2,-91,,3,64,,3
16:29:50,,3,1ad160cd168be0366efbf71391731541359a3e79c15a59e5616e846266a91f9f,-80,,3,64,,3
16:29:51,,3,9fba6a1ec4a3f9e8ef1c43c93c11aafda5b0cefe5ada604450fe20bd0facbbd2,-83,,3,64,,3
16:29:51,26.0,3,de0804105251c7d59c7746ba4f0427eac1b3e0cd9b0907f78de37b3fb843ae85,-84,,3,64,,3
16:29:52,,3,4a7427e9d1aeff2ec89fb2a550c3acb8aab78b0f8a529afed8bbdf21ae3ad343,-73,,3,64,,3
16:29:53,26.0,3,896e67f7da59360144a2fe605283968f85a0290f2e241893853628facf470181,-86,,3,64,,3
16:29:54,,3,567d3139db79349d3ea714ca5e08d44107b41d22266f53f70ed8f046ff205da0,-70,,3,64,,3
16:29:55,26.0,3,8d882148f41ff893af6964db77be6e466cd09fe3c61f3938fa73b364355aa2bc,-88,,3,64,5.0,3
16:29:55,,3,9fba6a1ec4a3f9e8ef1c43c93c11aafda5b0cefe5ada604450fe20bd0facbbd2,-78,,3,64,,3
16:29:56,26.0,3,adcc1dee5f805f160c2b2b28232a63c36b8079256f40d912f949f8753acecdfb,-89,,3,64,,3
16:29:57,26.0,3,de0804105251c7d59c7746ba4f0427eac1b3e0cd9b0907f78de37b3fb843ae85,-85,,3,64,,3
16:29:58,,3,b9e072fa53b683cafeb1a892049e77630f6d7c142ca794e4aa62a8383f17a017,-94,,3,64,,3
16:29:59,26.0,3,49dc891795779aa6adc7be673906b42942bc6f80b65673bfb9425bffe58205ae,-83,,3,64,,3
16:30:00,,3,9fba6a1ec4a3f9e8ef1c43c93c11aafda5b0cefe5ada604450fe20bd0facbbd2,-69,,3,64,,3
16:30:00,,3,4a7427e9d1aeff2ec89fb2a550c3acb8aab78b0f8a529afed8bbdf21ae3ad343,-76,,3,64,,3
16:30:01,,3,4a7427e9d1aeff2ec89fb2a550c3acb8aab78b0f8a529afed8bbdf21ae3ad343,-70,,3,64,,3
16:30:02,,3,b9e072fa53b683cafeb1a892049e77630f6d7c142ca794e4aa62a8383f17a017,-80,,3,64,,3
16:30:03,26.0,3,de0804105251c7d59c7746ba4f0427eac1b3e0cd9b0907f78de37b3fb843ae85,-73,,3,64,,3
16:30:04,,3,4a7427e9d1aeff2ec89fb2a550c3acb8aab78b0f8a529afed8bbdf21ae3ad343,-71,,3,64,,3
16:30:04,26.0,3,a704af4818b373eef915df5a879c4d9ab4d807913d611969f44550a65d8c7659,-83,,3,64,8.0,3
16:30:05,,3,567d3139db79349d3ea714ca5e08d44107b41d22266f53f70ed8f046ff205da0,-80,,3,64,,3
16:30:06,,3,9fba6a1ec4a3f9e8ef1c43c93c11aafda5b0cefe5ada604450fe20bd0facbbd2,-76,,3,64,,3
16:30:07,,3,9fba6a1ec4a3f9e8ef1c43c93c11aafda5b0cefe5ada604450fe20bd0facbbd2,-79,,3,64,,3
16:30:08,26.0,3,9b991abe8e0e69a0a22ddbc9e99d924fcabb46604f89b6d3842eda9a21ac30ca,-89,,3,64,12.0,3
16:30:08,26.0,3,896e67f7da59360144a2fe605283968f85a0290f2e241893853628facf470181,-72,,3,64,,3
16:30:09,26.0,3,896e67f7da59360144a2fe605283968f85a0290f2e241893853628facf470181,-74,,3,64,,3
16:30:10,26.0,3,a69f40451e545453e81bb15eeb9b4c075a0ab6a9d37c3192fc918afbdd96db57,-75,,3,64,2.0,3
16:30:11,,3,567d3139db79349d3ea714ca5e08d44107b41d22266f53f70ed8f046ff205da0,-70,,3,64,,3
16:30:12,26.0,3,1ba7ecd7ef53234b3805399360ca3577a5bedb39a902d2afa4001df3d3ee7bf0,-74,,3,64,,3
16:30:12,26.0,3,b66e27399ac99b370975b96171d24bc605e0675d316743ba5339509bda32a9de,-91,,3,64,,3
16:30:13,26.0,3,cfa1e11203862821cfc10678800126c07375451bd1bfd75a66ff3aebfe3722f4,-94,,3,64,,3
16:30:14,26.0,3,896e67f7da59360144a2fe605283968f85a0290f2e241893853628facf470181,-84,,3,64,,3
16:30:15,6.0,3,c6ca379640deb81fedb96b1a54c4af806edd7143e8254b3a1aebf11dd6b7a322,-86,,3,64,,3
16:30:16,,3,9fba6a1ec4a3f9e8ef1c43c93c11aafda5b0cefe5ada604450fe20bd0facbbd2,-75,,3,64,,3
16:30:17,26.0,3,d34dad7f8959110c7e4d183b3bf0e8184ca80db5c2051e4cbaa811834cdae495,-72,,3,64,,3
16:30:17,26.0,3,49dc891795779aa6adc7be673906b42942bc6f80b65673bfb9425bffe58205ae,-79,,3,64,,3
16:30:18,26.0,3,1ba7ecd7ef53234b3805399360ca3577a5bedb39a902d2afa4001df3d3ee7bf0,-84,,3,64,,3
16:30:19,,3,4a7427e9d1aeff2ec89fb2a550c3acb8aab78b0f8a529afed8bbdf21ae3ad343,-71,,3,64,,3
16:30:20,26.0,3,b66e27399ac99b370975b96171d24bc605e0675d316743ba5339509bda32a9de,-92,,3,64,,3
16:30:21,6.0,3,c6ca379640deb81fedb96b1a54c4af806edd7143e8254b3a1aebf11dd6b7a322,-81,,3,64,,3
16:30:21,,3,4a7427e9d1aeff2ec89fb2a550c3acb8aab78b0f8a529afed8bbdf21ae3ad343,-71,,3,64,,3
16:30:22,,3,4a7427e9d1aeff2ec89fb2a550c3acb8aab78b0f8a529afed8bbdf21ae3ad343,-68,,3,64,,3
16:30:23,6.0,3,ffe809e617f779eee0b136974bcac1c5f977286be7f23872795d1f3d5c0521a4,-81,,3,64,,3
16:30:24,6.0,3,eaa6b94c11a784f9309b5e36d2aa2f04c2c4f1d942abab9f8ab010c53e25d461,-84,,3,64,,3
16:30:25,,3,4a7427e9d1aeff2ec89fb2a550c3acb8aab78b0f8a529afed8bbdf21ae3ad343,-69,,3,64,,3
16:30:25,26.0,3,1ba7ecd7ef53234b3805399360ca3577a5bedb39a902d2afa4001df3d3ee7bf0,-75,,3,64,,3
16:30:26,26.0,3,de0804105251c7d59c7746ba4f0427eac1b3e0cd9b0907f78de37b3fb843ae85,-85,,3,64,,3
16:30:27,,3,b9e072fa53b683cafeb1a892049e77630f6d7c142ca794e4aa62a8383f17a017,-85,,3,64,,3
16:30:28,26.0,3,de0804105251c7d59c7746ba4f0427eac1b3e0cd9b0907f78de37b3fb843ae85,-77,,3,64,,3
16:30:29,,3,b9e072fa53b683cafeb1a892049e77630f6d7c142ca794e4aa62a8383f17a017,-90,,3,64,,3
16:30:29,,3,4a7427e9d1aeff2ec89fb2a550c3acb8aab78b0f8a529afed8bbdf21ae3ad343,-70,,3,64,,3
16:30:30,26.0,3,d34dad7f8959110c7e4d183b3bf0e8184ca80db5c2051e4cbaa811834cdae495,-73,,3,64,,3
16:30:31,,3,4a7427e9d1aeff2ec89fb2a550c3acb8aab78b0f8a529afed8bbdf21ae3ad343,-75,,3,64,,3
16:30:32,6.0,3,c6ca379640deb81fedb96b1a54c4af806edd7143e8254b3a1aebf11dd6b7a322,-84,,3,64,,3
16:30:33,,3,9fba6a1ec4a3f9e8ef1c43c93c11aafda5b0cefe5ada604450fe20bd0facbbd2,-80,,3,64,,3
16:30:33,,3,567d3139db79349d3ea714ca5e08d44107b41d22266f53f70ed8f046ff205da0,-69,,3,64,,3
16:30:34,26.0,3,9b991abe8e0e69a0a22ddbc9e99d924fcabb46604f89b6d3842eda9a21ac30ca,-86,,3,64,12.0,3
16:30:35,26.0,3,de0804105251c7d59c7746ba4f0427eac1b3e0cd9b0907f78de37b3fb843ae85,-72,,3,64,,3
16:30:36,6.0,3,ffe809e617f779eee0b136974bcac1c5f977286be7f23872795d1f3d5c0521a4,-83,,3,64,,3
16:30:37,26.0,3,a69f40451e545453e81bb15eeb9b4c075a0ab6a9d37c3192fc918afbdd96db57,-74,,3,64,2.0,3
16:30:38,26.0,3,de0804105251c7d59c7746ba4f0427eac1b3e0cd9b0907f78de37b3fb843ae85,-73,,3,64,,3
16:30:38,,3,b9e072fa53b683cafeb1a892049e77630f6d7c142ca794e4aa62a8383f17a017,-86,,3,64,,3
16:30:39,,3,b9e072fa53b683cafeb1a892049e77630f6d7c142ca794e4aa62a8383f17a017,-80,,3,64,,3
16:30:40,,3,4a7427e9d1aeff2ec89fb2a550c3acb8aab78b0f8a529afed8bbdf21ae3ad343,-70,,3,64,,3
16:30:41,,3,567d3139db79349d3ea714ca5e08d44107b41d22266f53f70ed8f046ff205da0,-87,,3,64,,3
16:30:42,,3,b9e072fa53b683cafeb1a892049e77630f6d7c142ca794e4aa62a8383f17a017,-80,,3,64,,3
16:30:42,26.0,3,cfa1e11203862821cfc10678800126c07375451bd1bfd75a66ff3aebfe3722f4,-88,,3,64,,3
16:30:43,,3,b9e072fa53b683cafeb1a892049e77630f6d7c142ca794e4aa62a8383f17a017,-82,,3,64,,3
16:30:44,,3,567d3139db79349d3ea714ca5e08d44107b41d22266f53f70ed8f046ff205da0,-78,,3,64,,3
16:30:45,,3,4a7427e9d1aeff2ec89fb2a550c3acb8aab78b0f8a529afed8bbdf21ae3ad343,-67,,3,64,,3
16:30:46,26.0,3,3d61c9763af06e1849e7c6c48be32ae71c3cc2f9a45285790c3e2595f7a253bc,-86,,3,64,,3
16:30:46,,3,567d3139db79349d3ea714ca5e08d44107b41d22266f53f70ed8f046ff205da0,-79,,3,64,,3
16:30:47,,3,b9e072fa53b683cafeb1a892049e77630f6d7c142ca794e4aa62a8383f17a017,-80,,3,64,,3
16:30:48,26.0,3,3d61c9763af06e1849e7c6c48be32ae71c3cc2f9a45285790c3e2595f7a253bc,-92,,3,64,,3
16:30:49,26.0,3,9b991abe8e0e69a0a22ddbc9e99d924fcabb46604f89b6d3842eda9a21ac30ca,-81,,3,64,12.0,3
16:30:50,,3,4a7427e9d1aeff2ec89fb2a550c3acb8aab78b0f8a529afed8bbdf21ae3ad343,-80,,3,64,,3
16:30:50,26.0,3,2a8e75452f351d42dd2d82ea112df5739c224b7ba2de58181fc9bee114adbfb8,-89,,3,64,5.0,3
16:30:51,26.0,3,a69f40451e545453e81bb15eeb9b4c075a0ab6a9d37c3192fc918afbdd96db57,-73,,3,64,2.0,3
16:30:52,,3,b9e072fa53b683cafeb1a892049e77630f6d7c142ca794e4aa62a8383f17a017,-89,,3,64,,3
16:30:53,,3,9fba6a1ec4a3f9e8ef1c43c93c11aafda5b0cefe5ada604450fe20bd0facbbd2,-78,,3,64,,3
16:30:54,,3,8ce0bc25e93c876d3e587bd9417dd6f5fcdc85473a85fcabab7d3ceab0ee1c1a,-78,,3,64,,3
16:30:55,26.0,3,de0804105251c7d59c7746ba4f0427eac1b3e0cd9b0907f78de37b3fb843ae85,-73,,3,64,,3
16:30:55,26.0,3,475658c139abdb9e0d8a30015f4f3f7a0a7da78f2002f24539e2c297c861c77a,-81,,3,64,,3
16:30:56,26.0,3,d34dad7f8959110c7e4d183b3bf0e8184ca80db5c2051e4cbaa811834cdae495,-71,,3,64,,3
16:30:57,26.0,3,cfa1e11203862821cfc10678800126c07375451bd1bfd75a66ff3aebfe3722f4,-88,,3,64,,3
16:30:58,26.0,3,a704af4818b373eef915df5a879c4d9ab4d807913d611969f44550a65d8c7659,-85,,3,64,8.0,3
16:30:59,26.0,3,d34dad7f8959110c7e4d183b3bf0e8184ca80db5c2051e4cbaa811834cdae495,-76,,3,64,,3
16:30:59,,3,b9e072fa53b683cafeb1a892049e77630f6d7c142ca794e4aa62a8383f17a017,-81,,3,64,,3
16:31:00,6.0,3,ffe809e617f779eee0b136974bcac1c5f977286be7f23872795d1f3d5c0521a4,-80,,3,64,,3
16:31:01,26.0,3,b66e27399ac99b370975b96171d24bc605e0675d316743ba5339509bda32a9de,-82,,3,64,,3
16:31:02,26.0,3,b1dffcd29ec1347331db354939767b25e69c1cd0ecbc4e0ffaf82f0137288f8f,-82,,3,64,,3
16:31:03,6.0,3,ffe809e617f779eee0b136974bcac1c5f977286be7f23872795d1f3d5c0521a4,-81,,3,64,,3
16:31:03,6.0,3,c6ca379640deb81fedb96b1a54c4af806edd7143e8254b3a1aebf11dd6b7a322,-80,,3,64,,3
16:31:04,,3,8ce0bc25e93c876d3e587bd9417dd6f5fcdc85473a85fcabab7d3ceab0ee1c1a,-66,,3,64,,3
16:31:05,26.0,3,2a8e75452f351d42dd2d82ea112df5739c224b7ba2de58181fc9bee114adbfb8,-82,,3,64,5.0,3
16:31:06,26.0,3,3d61c9763af06e1849e7c6c48be32ae71c3cc2f9a45285790c3e2595f7a253bc,-89,,3,64,,3
16:31:07,26.0,3,49dc891795779aa6adc7be673906b42942bc6f80b65673bfb9425bffe58205ae,-93,,3,64,,3
16:31:07,26.0,3,475658c139abdb9e0d8a30015f4f3f7a0a7da78f2002f24539e2c297c861c77a,-81,,3,64,,3
16:31:08,26.0,3,3d61c9763af06e1849e7c6c48be32ae71c3cc2f9a45285790c3e2595f7a253bc,-86,,3,64,,3
16:31:09,26.0,3,b1dffcd29ec1347331db354939767b25e69c1cd0ecbc4e0ffaf82f0137288f8f,-78,,3,64,,3
16:31:10,26.0,3,475658c139abdb9e0d8a30015f4f3f7a0a7da78f2002f24539e2c297c861c77a,-84,,3,64,,3
16:31:11,26.0,3,475658c139abdb9e0d8a30015f4f3f7a0a7da78f2002f24539e2c297c861c77a,-72,,3,64,,3
16:31:12,26.0,3,b1dffcd29ec1347331db354939767b25e69c1cd0ecbc4e0ffaf82f0137288f8f,-83,,3,64,,3
16:31:12,26.0,3,b1dffcd29ec1347331db354939767b25e69c1cd0ecbc4e0ffaf82f0137288f8f,-72,,3,64,,3
16:31:13,26.0,3,adcc1dee5f805f160c2b2b28232a63c36b8079256f40d912f949f8753acecdfb,-87,,3,64,,3
16:31:14,,3,8ce0bc25e93c876d3e587bd9417dd6f5fcdc85473a85fcabab7d3ceab0ee1c1a,-64,,3,64,,3
16:31:15,26.0,3,1b53e9cce7833f7e8cec3282b27e2c5988f853281ff414594ec414d654684d3d,-88,,3,64,12.0,3
16:31:16,26.0,3,b1dffcd29ec1347331db354939767b25e69c1cd0ecbc4e0ffaf82f0137288f8f,-81,,3,64,,3
16:31:16,,3,18e8caa7e873d4c7dda2fc367ee3b2b3391b1133b18ca4cd0c473dc4c9166240,-77,,3,64,,3
16:31:17,,3,567d3139db79349d3ea714ca5e08d44107b41d22266f53f70ed8f046ff205da0,-82,,3,64,,3
16:31:18,26.0,3,b1dffcd29ec1347331db354939767b25e69c1cd0ecbc4e0ffaf82f0137288f8f,-83,,3,64,,3
16:31:19,26.0,3,475658c139abdb9e0d8a30015f4f3f7a0a7da78f2002f24539e2c297c861c77a,-73,,3,64,,3
16:31:20,6.0,3,ffe809e617f779eee0b136974bcac1c5f977286be7f23872795d1f3d5c0521a4,-88,,3,64,,3
16:31:20,,3,9fba6a1ec4a3f9e8ef1c43c93c11aafda5b0cefe5ada604450fe20bd0facbbd2,-81,,3,64,,3
16:31:21,6.0,3,ffe809e617f779eee0b136974bcac1c5f977286be7f23872795d1f3d5c0521a4,-90,,3,64,,3
16:31:22,26.0,3,3d61c9763af06e1849e7c6c48be32ae71c3cc2f9a45285790c3e2595f7a253bc,-89,,3,64,,3
16:31:23,26.0,3,3d61c9763af06e1849e7c6c48be32ae71c3cc2f9a45285790c3e2595f7a253bc,-88,,3,64,,3
16:31:24,26.0,3,475658c139abdb9e0d8a30015f4f3f7a0a7da78f2002f24539e2c297c861c77a,-76,,3,64,,3
16:31:24,,3,b9e072fa53b683cafeb1a892049e77630f6d7c142ca794e4aa62a8383f17a017,-82,,3,64,,3
16:31:25,26.0,3,3d61c9763af06e1849e7c6c48be32ae71c3cc2f9a45285790c3e2595f7a253bc,-85,,3,64,,3
16:31:26,,3,8ce0bc25e93c876d3e587bd9417dd6f5fcdc85473a85fcabab7d3ceab0ee1c1a,-72,,3,64,,3
16:31:27,,3,9fba6a1ec4a3f9e8ef1c43c93c11aafda5b0cefe5ada604450fe20bd0facbbd2,-67,,3,64,,3
16:31:28,,3,567d3139db79349d3ea714ca5e08d44107b41d22266f53f70ed8f046ff205da0,-81,,3,64,,3
16:31:28,26.0,3,f6c92e150ee369643188e65d65c3d6998328ba234e265df8dc427e724a60e74d,-92,,3,64,12.0,3
16:31:29,6.0,3,c6ca379640deb81fedb96b1a54c4af806edd7143e8254b3a1aebf11dd6b7a322,-81,,3,64,,3
16:31:30,26.0,3,d34dad7f8959110c7e4d183b3bf0e8184ca80db5c2051e4cbaa811834cdae495,-68,,3,64,,3
16:31:31,26.0,3,2c9a5bfb4bc73788f26c1f16cd3710b0ed9e63240f95db897da860b08f89d1ff,-87,,3,64,5.0,3
16:31:32,26.0,3,2a8e75452f351d42dd2d82ea112df5739c224b7ba2de58181fc9bee114adbfb8,-80,,3,64,5.0,3
16:31:33,,3,9fba6a1ec4a3f9e8ef1c43c93c11aafda5b0cefe5ada604450fe20bd0facbbd2,-81,,3,64,,3
16:31:33,,3,567d3139db79349d3ea714ca5e08d44107b41d22266f53f70ed8f046ff205da0,-72,,3,64,,3
16:31:34,26.0,3,475658c139abdb9e0d8a30015f4f3f7a0a7da78f2002f24539e2c297c861c77a,-81,,3,64,,3
16:31:35,,3,9fba6a1ec4a3f9e8ef1c43c93c11aafda5b0cefe5ada604450fe20bd0facbbd2,-75,,3,64,,3
16:31:36,6.0,3,ffe809e617f779eee0b136974bcac1c5f977286be7f23872795d1f3d5c0521a4,-89,,3,64,,3
16:31:37,,3,9fba6a1ec4a3f9e8ef1c43c93c11aafda5b0cefe5ada604450fe20bd0facbbd2,-74,,3,64,,3
16:31:37,26.0,3,49dc891795779aa6adc7be673906b42942bc6f80b65673bfb9425bffe58205ae,-86,,3,64,,3
16:31:38,26.0,3,b1dffcd29ec1347331db354939767b25e69c1cd0ecbc4e0ffaf82f0137288f8f,-85,,3,64,,3
16:31:39,26.0,3,a69f40451e545453e81bb15eeb9b4c075a0ab6a9d37c3192fc918afbdd96db57,-71,,3,64,,3
16:31:40,,3,7916acde717a81403536e88c084fc9193ea66e87a4aad77fc4ef55f1496413f8,-76,,3,64,,3
16:31:41,26.0,3,4fe974f790d34e8622528252ba9da3d637027ebc0abd5a320dbb735ee4c8d006,-83,,3,64,,3
16:31:41,,3,9fba6a1ec4a3f9e8ef1c43c93c11aafda5b0cefe5ada604450fe20bd0facbbd2,-68,,3,64,,3
16:31:42,26.0,3,b1dffcd29ec1347331db354939767b25e69c1cd0ecbc4e0ffaf82f0137288f8f,-84,,3,64,,3
16:31:43,,3,8ce0bc25e93c876d3e587bd9417dd6f5fcdc85473a85fcabab7d3ceab0ee1c1a,-74,,3,64,,3
16:31:44,26.0,3,a69f40451e545453e81bb15eeb9b4c075a0ab6a9d37c3192fc918afbdd96db57,-65,,3,64,,3
16:31:45,26.0,3,afc6fdb7c10841606809154f9b0def40bb212686a18e63a3325bbae35ca1032f,-85,,3,64,,3
16:31:45,26.0,3,afc6fdb7c10841606809154f9b0def40bb212686a18e63a3325bbae35ca1032f,-91,,3,64,,3
16:31:46,26.0,3,b1dffcd29ec1347331db354939767b25e69c1cd0ecbc4e0ffaf82f0137288f8f,-69,,3,64,,3
16:31:47,,3,b9e072fa53b683cafeb1a892049e77630f6d7c142ca794e4aa62a8383f17a017,-82,,3,64,,3
16:31:48,26.0,3,475658c139abdb9e0d8a30015f4f3f7a0a7da78f2002f24539e2c297c861c77a,-70,,3,64,,3
16:31:49,,3,7916acde717a81403536e88c084fc9193ea66e87a4aad77fc4ef55f1496413f8,-90,,3,64,,3
16:31:50,,3,7916acde717a81403536e88c084fc9193ea66e87a4aad77fc4ef55f1496413f8,-76,,3,64,,3
16:31:51,26.0,3,3d61c9763af06e1849e7c6c48be32ae71c3cc2f9a45285790c3e2595f7a253bc,-90,,3,64,,3
16:31:51,,3,9fba6a1ec4a3f9e8ef1c43c93c11aafda5b0cefe5ada604450fe20bd0facbbd2,-77,,3,64,,3
16:31:52,,3,b9e072fa53b683cafeb1a892049e77630f6d7c142ca794e4aa62a8383f17a017,-83,,3,64,,3
16:31:53,26.0,3,b1dffcd29ec1347331db354939767b25e69c1cd0ecbc4e0ffaf82f0137288f8f,-78,,3,64,,3
16:31:54,26.0,3,d34dad7f8959110c7e4d183b3bf0e8184ca80db5c2051e4cbaa811834cdae495,-77,,3,64,,3
16:31:55,,3,8ce0bc25e93c876d3e587bd9417dd6f5fcdc85473a85fcabab7d3ceab0ee1c1a,-70,,3,64,,3
16:31:55,26.0,3,a704af4818b373eef915df5a879c4d9ab4d807913d611969f44550a65d8c7659,-76,,3,64,8.0,3
16:31:56,,3,b9e072fa53b683cafeb1a892049e77630f6d7c142ca794e4aa62a8383f17a017,-85,,3,64,,3
16:31:57,,3,b9e072fa53b683cafeb1a892049e77630f6d7c142ca794e4aa62a8383f17a017,-81,,3,64,,3
16:31:58,26.0,3,05b2e041158e5a862ddc7d0a0ab6afe3190bdbdfe9843ae34a5e3a09339ec690,-92,,3,64,7.0,3
16:31:59,26.0,3,d34dad7f8959110c7e4d183b3bf0e8184ca80db5c2051e4cbaa811834cdae495,-66,,3,64,,3
16:31:59,26.0,3,c9d48b9eda1fa33791a73b3a2c1cf474f475b1c9c5f1c434e4e08dfa788f9913,-71,,3,64,,3
16:32:00,,3,b9e072fa53b683cafeb1a892049e77630f6d7c142ca794e4aa62a8383f17a017,-83,,3,64,,3
16:32:01,26.0,3,a9916725875936f322f3ef3def880327bd414a755d48e3992eacbfbc5c69a6c4,-90,,3,64,12.0,3
16:32:02,26.0,3,3d61c9763af06e1849e7c6c48be32ae71c3cc2f9a45285790c3e2595f7a253bc,-88,,3,64,,3
16:32:03,26.0,3,c9d48b9eda1fa33791a73b3a2c1cf474f475b1c9c5f1c434e4e08dfa788f9913,-73,,3,64,,3
16:32:04,26.0,3,c9d48b9eda1fa33791a73b3a2c1cf474f475b1c9c5f1c434e4e08dfa788f9913,-69,,3,64,,3
16:32:04,6.0,3,c6ca379640deb81fedb96b1a54c4af806edd7143e8254b3a1aebf11dd6b7a322,-89,,3,64,,3
16:32:05,26.0,3,c9d48b9eda1fa33791a73b3a2c1cf474f475b1c9c5f1c434e4e08dfa788f9913,-73,,3,64,,3
16:32:06,26.0,3,9b991abe8e0e69a0a22ddbc9e99d924fcabb46604f89b6d3842eda9a21ac30ca,-91,,3,64,12.0,3
16:32:07,26.0,3,9b991abe8e0e69a0a22ddbc9e99d924fcabb46604f89b6d3842eda9a21ac30ca,-84,,3,64,12.0,3
16:32:08,,3,b9e072fa53b683cafeb1a892049e77630f6d7c142ca794e4aa62a8383f17a017,-79,,3,64,,3
16:32:08,,3,9fba6a1ec4a3f9e8ef1c43c93c11aafda5b0cefe5ada604450fe20bd0facbbd2,-78,,3,64,,3
16:32:09,26.0,3,9b991abe8e0e69a0a22ddbc9e99d924fcabb46604f89b6d3842eda9a21ac30ca,-87,,3,64,12.0,3
16:32:10,,3,9fba6a1ec4a3f9e8ef1c43c93c11aafda5b0cefe5ada604450fe20bd0facbbd2,-68,,3,64,,3
16:32:11,,3,b9e072fa53b683cafeb1a892049e77630f6d7c142ca794e4aa62a8383f17a017,-89,,3,64,,3
16:32:12,,3,8ce0bc25e93c876d3e587bd9417dd6f5fcdc85473a85fcabab7d3ceab0ee1c1a,-71,,3,64,,3
16:32:12,26.0,3,3d61c9763af06e1849e7c6c48be32ae71c3cc2f9a45285790c3e2595f7a253bc,-89,,3,64,,3
16:32:13,26.0,3,c9d48b9eda1fa33791a73b3a2c1cf474f475b1c9c5f1c434e4e08dfa788f9913,-81,,3,64,2.0,3
16:32:14,6.0,3,eaa6b94c11a784f9309b5e36d2aa2f04c2c4f1d942abab9f8ab010c53e25d461,-91,,3,64,,3
16:32:15,26.0,3,a704af4818b373eef915df5a879c4d9ab4d807913d611969f44550a65d8c7659,-82,,3,64,8.0,3
16:32:16,,3,9fba6a1ec4a3f9e8ef1c43c93c11aafda5b0cefe5ada604450fe20bd0facbbd2,-82,,3,64,,3
16:32:16,,3,b9e072fa53b683cafeb1a892049e77630f6d7c142ca794e4aa62a8383f17a017,-83,,3,64,,3
16:32:17,,3,8ce0bc25e93c876d3e587bd9417dd6f5fcdc85473a85fcabab7d3ceab0ee1c1a,-70,,3,64,,3
16:32:18,6.0,3,ffe809e617f779eee0b136974bcac1c5f977286be7f23872795d1f3d5c0521a4,-90,,3,64,,3
16:32:19,26.0,3,475658c139abdb9e0d8a30015f4f3f7a0a7da78f2002f24539e2c297c861c77a,-81,,3,64,,3
16:32:20,,3,8ce0bc25e93c876d3e587bd9417dd6f5fcdc85473a85fcabab7d3ceab0ee1c1a,-71,,3,64,,3
16:32:21,,3,b9e072fa53b683cafeb1a892049e77630f6d7c142ca794e4aa62a8383f17a017,-81,,3,64,,3
16:32:21,26.0,3,adcc1dee5f805f160c2b2b28232a63c36b8079256f40d912f949f8753acecdfb,-89,,3,64,,3
16:32:22,26.0,3,475658c139abdb9e0d8a30015f4f3f7a0a7da78f2002f24539e2c297c861c77a,-70,,3,64,,3
16:32:23,,3,9fba6a1ec4a3f9e8ef1c43c93c11aafda5b0cefe5ada604450fe20bd0facbbd2,-79,,3,64,,3
16:32:24,26.0,3,cfa1e11203862821cfc10678800126c07375451bd1bfd75a66ff3aebfe3722f4,-79,,3,64,,3
16:32:25,,3,8ce0bc25e93c876d3e587bd9417dd6f5fcdc85473a85fcabab7d3ceab0ee1c1a,-71,,3,64,,3
16:32:25,26.0,3,475658c139abdb9e0d8a30015f4f3f7a0a7da78f2002f24539e2c297c861c77a,-70,,3,64,,3
16:32:26,26.0,3,cfa1e11203862821cfc10678800126c07375451bd1bfd75a66ff3aebfe3722f4,-93,,3,64,,3
16:32:27,,3,b9e072fa53b683cafeb1a892049e77630f6d7c142ca794e4aa62a8383f17a017,-84,,3,64,,3
16:32:28,,3,7916acde717a81403536e88c084fc9193ea66e87a4aad77fc4ef55f1496413f8,-70,,3,64,,3
16:32:29,,3,9fba6a1ec4a3f9e8ef1c43c93c11aafda5b0cefe5ada604450fe20bd0facbbd2,-77,,3,64,,3
16:32:29,,3,8ce0bc25e93c876d3e587bd9417dd6f5fcdc85473a85fcabab7d3ceab0ee1c1a,-75,,3,64,,3
16:32:30,26.0,3,b1dffcd29ec1347331db354939767b25e69c1cd0ecbc4e0ffaf82f0137288f8f,-69,,3,64,,3
16:32:31,26.0,3,a704af4818b373eef915df5a879c4d9ab4d807913d611969f44550a65d8c7659,-77,,3,64,8.0,3
16:32:32,6.0,3,c6ca379640deb81fedb96b1a54c4af806edd7143e8254b3a1aebf11dd6b7a322,-83,,3,64,,3
16:32:33,26.0,3,b1dffcd29ec1347331db354939767b25e69c1cd0ecbc4e0ffaf82f0137288f8f,-71,,3,64,,3
16:32:33,6.0,3,ffe809e617f779eee0b136974bcac1c5f977286be7f23872795d1f3d5c0521a4,-83,,3,64,,3
16:32:34,26.0,3,b1dffcd29ec1347331db354939767b25e69c1cd0ecbc4e0ffaf82f0137288f8f,-71,,3,64,,3
16:32:35,26.0,3,4fe974f790d34e8622528252ba9da3d637027ebc0abd5a320dbb735ee4c8d006,-71,,3,64,,3
16:32:36,,3,8ce0bc25e93c876d3e587bd9417dd6f5fcdc85473a85fcabab7d3ceab0ee1c1a,-67,,3,64,,3
16:32:37,26.0,3,adcc1dee5f805f160c2b2b28232a63c36b8079256f40d912f949f8753acecdfb,-88,,3,64,,3
16:32:38,,3,b9e072fa53b683cafeb1a892049e77630f6d7c142ca794e4aa62a8383f17a017,-82,,3,64,,3
16:32:38,26.0,3,eec1e12b4c372c16412239ae5bb0b87e22d0e93c025d8b1ad5fc31bee6bb0c94,-85,,3,64,5.0,3
16:32:39,6.0,3,eaa6b94c11a784f9309b5e36d2aa2f04c2c4f1d942abab9f8ab010c53e25d461,-90,,3,64,,3
16:32:40,26.0,3,56e2c97a1137dac8a7bd9c337e46534f9e24d175ef582afdba290920625ea418,-92,,3,64,,3
16:32:41,,3,8ce0bc25e93c876d3e587bd9417dd6f5fcdc85473a85fcabab7d3ceab0ee1c1a,-74,,3,64,,3
16:32:42,26.0,3,4b07fbdf4def60a2d5e5f747a46dbb4c7f928b72a40e7648b1ac74d8878732fd,-86,,3,64,5.0,3
16:32:42,26.0,3,475658c139abdb9e0d8a30015f4f3f7a0a7da78f2002f24539e2c297c861c77a,-70,,3,64,,3
16:32:43,,3,8ce0bc25e93c876d3e587bd9417dd6f5fcdc85473a85fcabab7d3ceab0ee1c1a,-72,,3,64,,3
16:32:44,26.0,3,475658c139abdb9e0d8a30015f4f3f7a0a7da78f2002f24539e2c297c861c77a,-78,,3,64,,3
16:32:45,6.0,3,eaa6b94c11a784f9309b5e36d2aa2f04c2c4f1d942abab9f8ab010c53e25d461,-92,,3,64,,3
16:32:46,,3,b9e072fa53b683cafeb1a892049e77630f6d7c142ca794e4aa62a8383f17a017,-83,,3,64,,3
16:32:46,,3,b9e072fa53b683cafeb1a892049e77630f6d7c142ca794e4aa62a8383f17a017,-81,,3,64,,3
16:32:47,,3,8ce0bc25e93c876d3e587bd9417dd6f5fcdc85473a85fcabab7d3ceab0ee1c1a,-73,,3,64,,3
16:32:48,,3,8ce0bc25e93c876d3e587bd9417dd6f5fcdc85473a85fcabab7d3ceab0ee1c1a,-65,,3,64,,3
16:32:49,26.0,3,4fe974f790d34e8622528252ba9da3d637027ebc0abd5a320dbb735ee4c8d006,-81,,3,64,,3
16:32:50,26.0,3,eec1e12b4c372c16412239ae5bb0b87e22d0e93c025d8b1ad5fc31bee6bb0c94,-81,,3,64,5.0,3
16:32:50,6.0,3,ffe809e617f779eee0b136974bcac1c5f977286be7f23872795d1f3d5c0521a4,-82,,3,64,,3
16:32:51,6.0,3,ffe809e617f779eee0b136974bcac1c5f977286be7f23872795d1f3d5c0521a4,-90,,3,64,,3
16:32:52,,3,7916acde717a81403536e88c084fc9193ea66e87a4aad77fc4ef55f1496413f8,-89,,3,64,,3
16:32:53,26.0,3,4fe974f790d34e8622528252ba9da3d637027ebc0abd5a320dbb735ee4c8d006,-84,,3,64,,3
16:32:54,,3,8ce0bc25e93c876d3e587bd9417dd6f5fcdc85473a85fcabab7d3ceab0ee1c1a,-79,,3,64,,3
16:32:55,26.0,3,28bd62a098a98898f0ae07fc4dafa90fe50d87c8384d15c9a15fb946d776d714,-84,,3,64,,3
16:32:55,,3,7916acde717a81403536e88c084fc9193ea66e87a4aad77fc4ef55f1496413f8,-95,,3,64,,3
16:32:56,,3,9fba6a1ec4a3f9e8ef1c43c93c11aafda5b0cefe5ada604450fe20bd0facbbd2,-79,,3,64,,3
16:32:57,26.0,3,28bd62a098a98898f0ae07fc4dafa90fe50d87c8384d15c9a15fb946d776d714,-84,,3,64,,3
16:32:58,6.0,3,eaa6b94c11a784f9309b5e36d2aa2f04c2c4f1d942abab9f8ab010c53e25d461,-92,,3,64,,3
16:32:59,,3,7916acde717a81403536e88c084fc9193ea66e87a4aad77fc4ef55f1496413f8,-69,,3,64,,3
16:32:59,26.0,3,4fe974f790d34e8622528252ba9da3d637027ebc0abd5a320dbb735ee4c8d006,-85,,3,64,,3
16:33:00,,3,8ce0bc25e93c876d3e587bd9417dd6f5fcdc85473a85fcabab7d3ceab0ee1c1a,-68,,3,64,,3
16:33:01,26.0,3,1b53e9cce7833f7e8cec3282b27e2c5988f853281ff414594ec414d654684d3d,-88,,3,64,12.0,3
16:33:02,6.0,3,ffe809e617f779eee0b136974bcac1c5f977286be7f23872795d1f3d5c0521a4,-92,,3,64,,3
16:33:03,,3,8ce0bc25e93c876d3e587bd9417dd6f5fcdc85473a85fcabab7d3ceab0ee1c1a,-68,,3,64,,3
16:33:03,,3,8ce0bc25e93c876d3e587bd9417dd6f5fcdc85473a85fcabab7d3ceab0ee1c1a,-67,,3,64,,3
16:33:04,,3,8ce0bc25e93c876d3e587bd9417dd6f5fcdc85473a85fcabab7d3ceab0ee1c1a,-71,,3,64,,3
16:33:05,26.0,3,9b991abe8e0e69a0a22ddbc9e99d924fcabb46604f89b6d3842eda9a21ac30ca,-82,,3,64,12.0,3
16:33:06,,3,7916acde717a81403536e88c084fc9193ea66e87a4aad77fc4ef55f1496413f8,-82,,3,64,,3
16:33:07,26.0,3,28bd62a098a98898f0ae07fc4dafa90fe50d87c8384d15c9a15fb946d776d714,-82,,3,64,,3
16:33:08,6.0,3,c6ca379640deb81fedb96b1a54c4af806edd7143e8254b3a1aebf11dd6b7a322,-89,,3,64,,3
16:33:08,,3,01c9b7a2626bdcf9f48803c810ad0c6de3f18cdf679c559343a7d2a3100980dd,-87,,3,64,,3
16:33:09,26.0,3,28bd62a098a98898f0ae07fc4dafa90fe50d87c8384d15c9a15fb946d776d714,-86,,3,64,,3
16:33:10,26.0,3,b1dffcd29ec1347331db354939767b25e69c1cd0ecbc4e0ffaf82f0137288f8f,-89,,3,64,,3
16:33:11,,3,8ce0bc25e93c876d3e587bd9417dd6f5fcdc85473a85fcabab7d3ceab0ee1c1a,-71,,3,64,,3
16:33:12,,3,9fba6a1ec4a3f9e8ef1c43c93c11aafda5b0cefe5ada604450fe20bd0facbbd2,-70,,3,64,,3
16:33:12,26.0,3,4fe974f790d34e8622528252ba9da3d637027ebc0abd5a320dbb735ee4c8d006,-88,,3,64,,3
16:33:13,,3,7916acde717a81403536e88c084fc9193ea66e87a4aad77fc4ef55f1496413f8,-67,,3,64,,3
16:33:14,,3,9fba6a1ec4a3f9e8ef1c43c93c11aafda5b0cefe5ada604450fe20bd0facbbd2,-68,,3,64,,3
16:33:15,26.0,3,475658c139abdb9e0d8a30015f4f3f7a0a7da78f2002f24539e2c297c861c77a,-84,,3,64,,3
16:33:16,26.0,3,475658c139abdb9e0d8a30015f4f3f7a0a7da78f2002f24539e2c297c861c77a,-80,,3,64,,3
16:33:16,,3,8ce0bc25e93c876d3e587bd9417dd6f5fcdc85473a85fcabab7d3ceab0ee1c1a,-72,,3,64,,3
16:33:17,,3,9fba6a1ec4a3f9e8ef1c43c93c11aafda5b0cefe5ada604450fe20bd0facbbd2,-79,,3,64,,3
16:33:18,26.0,3,28bd62a098a98898f0ae07fc4dafa90fe50d87c8384d15c9a15fb946d776d714,-82,,3,64,,3
16:33:19,26.0,3,4fe974f790d34e8622528252ba9da3d637027ebc0abd5a320dbb735ee4c8d006,-82,,3,64,,3
16:33:20,24.0,3,8786f562eb95939075530bd87062c458d675f184ca9b86920804e2eacec84267,-86,Cb31,3,64,,3
16:33:20,26.0,3,28bd62a098a98898f0ae07fc4dafa90fe50d87c8384d15c9a15fb946d776d714,-81,,3,64,,3
16:33:21,,3,7916acde717a81403536e88c084fc9193ea66e87a4aad77fc4ef55f1496413f8,-92,,3,64,,3
16:33:22,6.0,3,ffe809e617f779eee0b136974bcac1c5f977286be7f23872795d1f3d5c0521a4,-88,,3,64,,3
16:33:23,26.0,3,b1dffcd29ec1347331db354939767b25e69c1cd0ecbc4e0ffaf82f0137288f8f,-81,,3,64,,3
16:33:24,26.0,3,56e2c97a1137dac8a7bd9c337e46534f9e24d175ef582afdba290920625ea418,-80,,3,64,,3
16:33:24,26.0,3,b1dffcd29ec1347331db354939767b25e69c1cd0ecbc4e0ffaf82f0137288f8f,-81,,3,64,,3
16:33:25,26.0,3,4fe974f790d34e8622528252ba9da3d637027ebc0abd5a320dbb735ee4c8d006,-87,,3,64,,3
16:33:26,26.0,3,a704af4818b373eef915df5a879c4d9ab4d807913d611969f44550a65d8c7659,-81,,3,64,8.0,3
16:33:27,24.0,3,8786f562eb95939075530bd87062c458d675f184ca9b86920804e2eacec84267,-90,Cb31,3,64,,3
16:33:28,24.0,3,8786f562eb95939075530bd87062c458d675f184ca9b86920804e2eacec84267,-98,Cb31,3,64,,3
16:33:29,,3,8ce0bc25e93c876d3e587bd9417dd6f5fcdc85473a85fcabab7d3ceab0ee1c1a,-66,,3,64,,3
16:33:29,26.0,3,a3dab3bb8f4c37613fdffc51c8cc5431339f9c539123cf1df8b5b43bc1ba68eb,-86,,3,64,,3
16:33:30,6.0,3,ffe809e617f779eee0b136974bcac1c5f977286be7f23872795d1f3d5c0521a4,-83,,3,64,,3
16:33:31,26.0,3,475658c139abdb9e0d8a30015f4f3f7a0a7da78f2002f24539e2c297c861c77a,-88,,3,64,,3
16:33:32,26.0,3,1b53e9cce7833f7e8cec3282b27e2c5988f853281ff414594ec414d654684d3d,-90,,3,64,12.0,3
16:33:33,26.0,3,b1dffcd29ec1347331db354939767b25e69c1cd0ecbc4e0ffaf82f0137288f8f,-82,,3,64,,3
16:33:33,,3,9fba6a1ec4a3f9e8ef1c43c93c11aafda5b0cefe5ada604450fe20bd0facbbd2,-66,,3,64,,3
16:33:34,,3,7916acde717a81403536e88c084fc9193ea66e87a4aad77fc4ef55f1496413f8,-83,,3,64,,3
16:33:35,26.0,3,a3dab3bb8f4c37613fdffc51c8cc5431339f9c539123cf1df8b5b43bc1ba68eb,-85,,3,64,,3
16:33:36,26.0,3,a3dab3bb8f4c37613fdffc51c8cc5431339f9c539123cf1df8b5b43bc1ba68eb,-85,,3,64,,3
16:33:37,26.0,3,4fe974f790d34e8622528252ba9da3d637027ebc0abd5a320dbb735ee4c8d006,-81,,3,64,,3
16:33:37,,3,7916acde717a81403536e88c084fc9193ea66e87a4aad77fc4ef55f1496413f8,-70,,3,64,,3
16:33:38,26.0,3,a3dab3bb8f4c37613fdffc51c8cc5431339f9c539123cf1df8b5b43bc1ba68eb,-87,,3,64,,3
16:33:39,,3,9fba6a1ec4a3f9e8ef1c43c93c11aafda5b0cefe5ada604450fe20bd0facbbd2,-74,,3,64,,3
16:33:40,,3,7916acde717a81403536e88c084fc9193ea66e87a4aad77fc4ef55f1496413f8,-71,,3,64,,3
16:33:41,26.0,3,56e2c97a1137dac8a7bd9c337e46534f9e24d175ef582afdba290920625ea418,-89,,3,64,,3
16:33:41,,3,1202f3e9ae732ddf4a8779a56af036304a2b3d7fc8423ae5319ed2c18b9d631a,-82,,3,64,,3
16:33:42,26.0,3,28bd62a098a98898f0ae07fc4dafa90fe50d87c8384d15c9a15fb946d776d714,-91,,3,64,,3
16:33:43,,3,7916acde717a81403536e88c084fc9193ea66e87a4aad77fc4ef55f1496413f8,-88,,3,64,,3
16:33:44,6.0,3,ffe809e617f779eee0b136974bcac1c5f977286be7f23872795d1f3d5c0521a4,-83,,3,64,,3
16:33:45,,3,9fba6a1ec4a3f9e8ef1c43c93c11aafda5b0cefe5ada604450fe20bd0facbbd2,-79,,3,64,,3
16:33:46,,3,1202f3e9ae732ddf4a8779a56af036304a2b3d7fc8423ae5319ed2c18b9d631a,-79,,3,64,,3
16:33:46,26.0,3,475658c139abdb9e0d8a30015f4f3f7a0a7da78f2002f24539e2c297c861c77a,-77,,3,64,,3
16:33:47,,3,9fba6a1ec4a3f9e8ef1c43c93c11aafda5b0cefe5ada604450fe20bd0facbbd2,-78,,3,64,,3
16:33:48,,3,9fba6a1ec4a3f9e8ef1c43c93c11aafda5b0cefe5ada604450fe20bd0facbbd2,-69,,3,64,,3
16:33:49,26.0,3,475658c139abdb9e0d8a30015f4f3f7a0a7da78f2002f24539e2c297c861c77a,-83,,3,64,,3
16:33:50,,3,01c9b7a2626bdcf9f48803c810ad0c6de3f18cdf679c559343a7d2a3100980dd,-79,,3,64,,3
16:33:50,,3,8ce0bc25e93c876d3e587bd9417dd6f5fcdc85473a85fcabab7d3ceab0ee1c1a,-71,,3,64,,3
16:33:51,26.0,3,475658c139abdb9e0d8a30015f4f3f7a0a7da78f2002f24539e2c297c861c77a,-85,,3,64,,3
16:33:52,26.0,3,28bd62a098a98898f0ae07fc4dafa90fe50d87c8384d15c9a15fb946d776d714,-79,,3,64,,3
16:33:53,26.0,3,4b07fbdf4def60a2d5e5f747a46dbb4c7f928b72a40e7648b1ac74d8878732fd,-85,,3,64,5.0,3
16:33:54,26.0,3,475658c139abdb9e0d8a30015f4f3f7a0a7da78f2002f24539e2c297c861c77a,-87,,3,64,,3
16:33:54,,3,8ce0bc25e93c876d3e587bd9417dd6f5fcdc85473a85fcabab7d3ceab0ee1c1a,-69,,3,64,,3
16:33:55,,3,8ce0bc25e93c876d3e587bd9417dd6f5fcdc85473a85fcabab7d3ceab0ee1c1a,-74,,3,64,,3
16:33:56,,3,9fba6a1ec4a3f9e8ef1c43c93c11aafda5b0cefe5ada604450fe20bd0facbbd2,-67,,3,64,,3
16:33:57,26.0,3,a704af4818b373eef915df5a879c4d9ab4d807913d611969f44550a65d8c7659,-87,,3,64,8.0,3
16:33:58,,3,01c9b7a2626bdcf9f48803c810ad0c6de3f18cdf679c559343a7d2a3100980dd,-84,,3,64,,3
16:33:58,,3,9fba6a1ec4a3f9e8ef1c43c93c11aafda5b0cefe5ada604450fe20bd0facbbd2,-68,,3,64,,3
16:33:59,26.0,3,4fe974f790d34e8622528252ba9da3d637027ebc0abd5a320dbb735ee4c8d006,-83,,3,64,,3
16:34:00,,3,8ce0bc25e93c876d3e587bd9417dd6f5fcdc85473a85fcabab7d3ceab0ee1c1a,-65,,3,64,,3
16:34:01,26.0,3,a3dab3bb8f4c37613fdffc51c8cc5431339f9c539123cf1df8b5b43bc1ba68eb,-81,,3,64,,3
16:34:02,26.0,3,b1dffcd29ec1347331db354939767b25e69c1cd0ecbc4e0ffaf82f0137288f8f,-78,,3,64,,3
16:34:02,6.0,3,ffe809e617f779eee0b136974bcac1c5f977286be7f23872795d1f3d5c0521a4,-87,,3,64,,3
16:34:03,,3,9fba6a1ec4a3f9e8ef1c43c93c11aafda5b0cefe5ada604450fe20bd0facbbd2,-75,,3,64,,3
16:34:04,26.0,3,4fe974f790d34e8622528252ba9da3d637027ebc0abd5a320dbb735ee4c8d006,-79,,3,64,,3
16:34:05,26.0,3,28bd62a098a98898f0ae07fc4dafa90fe50d87c8384d15c9a15fb946d776d714,-77,,3,64,,3
16:34:06,6.0,3,c6ca379640deb81fedb96b1a54c4af806edd7143e8254b3a1aebf11dd6b7a322,-87,,3,64,,3
16:34:07,26.0,3,4fe974f790d34e8622528252ba9da3d637027ebc0abd5a320dbb735ee4c8d006,-73,,3,64,,3
16:34:07,,3,01c9b7a2626bdcf9f48803c810ad0c6de3f18cdf679c559343a7d2a3100980dd,-86,,3,64,,3
16:34:08,,3,8ce0bc25e93c876d3e587bd9417dd6f5fcdc85473a85fcabab7d3ceab0ee1c1a,-65,,3,64,,3
16:34:09,26.0,3,b1dffcd29ec1347331db354939767b25e69c1cd0ecbc4e0ffaf82f0137288f8f,-72,,3,64,,3
16:34:10,6.0,3,c6ca379640deb81fedb96b1a54c4af806edd7143e8254b3a1aebf11dd6b7a322,-90,,3,64,,3
16:34:11,26.0,3,a3dab3bb8f4c37613fdffc51c8cc5431339f9c539123cf1df8b5b43bc1ba68eb,-89,,3,64,,3
16:34:11,26.0,3,a3dab3bb8f4c37613fdffc51c8cc5431339f9c539123cf1df8b5b43bc1ba68eb,-85,,3,64,,3
16:34:12,6.0,3,ffe809e617f779eee0b136974bcac1c5f977286be7f23872795d1f3d5c0521a4,-87,,3,64,,3
16:34:13,,3,01c9b7a2626bdcf9f48803c810ad0c6de3f18cdf679c559343a7d2a3100980dd,-78,,3,64,,3
16:34:14,26.0,3,4fe974f790d34e8622528252ba9da3d637027ebc0abd5a320dbb735ee4c8d006,-79,,3,64,,3
16:34:15,26.0,3,b1dffcd29ec1347331db354939767b25e69c1cd0ecbc4e0ffaf82f0137288f8f,-73,,3,64,,3
16:34:15,26.0,3,475658c139abdb9e0d8a30015f4f3f7a0a7da78f2002f24539e2c297c861c77a,-78,,3,64,,3
16:34:16,26.0,3,475658c139abdb9e0d8a30015f4f3f7a0a7da78f2002f24539e2c297c861c77a,-81,,3,64,,3
16:34:17,26.0,3,3d61c9763af06e1849e7c6c48be32ae71c3cc2f9a45285790c3e2595f7a253bc,-94,,3,64,,3
16:34:18,6.0,3,f4ae16c519c4840e1f13f94e4f83e7d64a1651aa49d8429128a8a366a5b77d08,-88,,3,64,,3
16:34:19,26.0,3,b1dffcd29ec1347331db354939767b25e69c1cd0ecbc4e0ffaf82f0137288f8f,-82,,3,64,,3
16:34:19,,3,8ce0bc25e93c876d3e587bd9417dd6f5fcdc85473a85fcabab7d3ceab0ee1c1a,-71,,3,64,,3
16:34:20,26.0,3,a704af4818b373eef915df5a879c4d9ab4d807913d611969f44550a65d8c7659,-88,,3,64,8.0,3
16:34:21,26.0,3,28bd62a098a98898f0ae07fc4dafa90fe50d87c8384d15c9a15fb946d776d714,-78,,3,64,,3
16:34:22,26.0,3,3d61c9763af06e1849e7c6c48be32ae71c3cc2f9a45285790c3e2595f7a253bc,-91,,3,64,,3
16:34:23,,3,8ce0bc25e93c876d3e587bd9417dd6f5fcdc85473a85fcabab7d3ceab0ee1c1a,-63,,3,64,,3
16:34:23,26.0,3,b1dffcd29ec1347331db354939767b25e69c1cd0ecbc4e0ffaf82f0137288f8f,-74,,3,64,,3
16:34:24,26.0,3,3d61c9763af06e1849e7c6c48be32ae71c3cc2f9a45285790c3e2595f7a253bc,-87,,3,64,,3
16:34:25,6.0,3,ffe809e617f779eee0b136974bcac1c5f977286be7f23872795d1f3d5c0521a4,-89,,3,64,,3
16:34:26,26.0,3,adcc1dee5f805f160c2b2b28232a63c36b8079256f40d912f949f8753acecdfb,-86,,3,64,7.0,3
16:34:27,,3,9fba6a1ec4a3f9e8ef1c43c93c11aafda5b0cefe5ada604450fe20bd0facbbd2,-73,,3,64,,3
16:34:28,26.0,3,05b2e041158e5a862ddc7d0a0ab6afe3190bdbdfe9843ae34a5e3a09339ec690,-82,,3,64,7.0,3
16:34:28,26.0,3,28bd62a098a98898f0ae07fc4dafa90fe50d87c8384d15c9a15fb946d776d714,-87,,3,64,,3
16:34:29,26.0,3,4fe974f790d34e8622528252ba9da3d637027ebc0abd5a320dbb735ee4c8d006,-85,,3,64,,3
16:34:30,26.0,3,a3dab3bb8f4c37613fdffc51c8cc5431339f9c539123cf1df8b5b43bc1ba68eb,-82,,3,64,12.0,3
16:34:31,26.0,3,b1dffcd29ec1347331db354939767b25e69c1cd0ecbc4e0ffaf82f0137288f8f,-82,,3,64,,3
16:34:32,6.0,3,f4ae16c519c4840e1f13f94e4f83e7d64a1651aa49d8429128a8a366a5b77d08,-91,,3,64,,3
16:34:32,26.0,3,a704af4818b373eef915df5a879c4d9ab4d807913d611969f44550a65d8c7659,-72,,3,64,8.0,3
16:34:33,6.0,3,ffe809e617f779eee0b136974bcac1c5f977286be7f23872795d1f3d5c0521a4,-86,,3,64,,3
16:34:34,,3,01c9b7a2626bdcf9f48803c810ad0c6de3f18cdf679c559343a7d2a3100980dd,-77,,3,64,,3
16:34:35,,3,01c9b7a2626bdcf9f48803c810ad0c6de3f18cdf679c559343a7d2a3100980dd,-81,,3,64,,3
16:34:36,,3,9fba6a1ec4a3f9e8ef1c43c93c11aafda5b0cefe5ada604450fe20bd0facbbd2,-75,,3,64,,3
16:34:36,,3,7916acde717a81403536e88c084fc9193ea66e87a4aad77fc4ef55f1496413f8,-88,,3,64,,3
16:34:37,,3,8ce0bc25e93c876d3e587bd9417dd6f5fcdc85473a85fcabab7d3ceab0ee1c1a,-65,,3,64,,3
16:34:38,26.0,3,475658c139abdb9e0d8a30015f4f3f7a0a7da78f2002f24539e2c297c861c77a,-73,,3,64,,3
16:34:39,,3,9fba6a1ec4a3f9e8ef1c43c93c11aafda5b0cefe5ada604450fe20bd0facbbd2,-74,,3,64,,3
16:34:40,,3,1202f3e9ae732ddf4a8779a56af036304a2b3d7fc8423ae5319ed2c18b9d631a,-81,,3,64,,3
16:34:40,26.0,3,28bd62a098a98898f0ae07fc4dafa90fe50d87c8384d15c9a15fb946d776d714,-79,,3,64,,3
16:34:41,,3,7916acde717a81403536e88c084fc9193ea66e87a4aad77fc4ef55f1496413f8,-89,,3,64,,3
16:34:42,,3,7916acde717a81403536e88c084fc9193ea66e87a4aad77fc4ef55f1496413f8,-73,,3,64,,3
16:34:43,26.0,3,28bd62a098a98898f0ae07fc4dafa90fe50d87c8384d15c9a15fb946d776d714,-89,,3,64,,3
16:34:44,26.0,3,9b991abe8e0e69a0a22ddbc9e99d924fcabb46604f89b6d3842eda9a21ac30ca,-93,,3,64,12.0,3
16:34:44,26.0,3,05b2e041158e5a862ddc7d0a0ab6afe3190bdbdfe9843ae34a5e3a09339ec690,-85,,3,64,7.0,3
16:34:45,,3,9fba6a1ec4a3f9e8ef1c43c93c11aafda5b0cefe5ada604450fe20bd0facbbd2,-75,,3,64,,3
16:34:46,26.0,3,b1dffcd29ec1347331db354939767b25e69c1cd0ecbc4e0ffaf82f0137288f8f,-85,,3,64,,3
16:34:47,,3,8ce0bc25e93c876d3e587bd9417dd6f5fcdc85473a85fcabab7d3ceab0ee1c1a,-64,,3,64,,3
16:34:48,26.0,3,475658c139abdb9e0d8a30015f4f3f7a0a7da78f2002f24539e2c297c861c77a,-82,,3,64,,3
16:34:49,,3,9fba6a1ec4a3f9e8ef1c43c93c11aafda5b0cefe5ada604450fe20bd0facbbd2,-69,,3,64,,3
16:34:49,,3,01c9b7a2626bdcf9f48803c810ad0c6de3f18cdf679c559343a7d2a3100980dd,-84,,3,64,,3
16:34:50,26.0,3,a9916725875936f322f3ef3def880327bd414a755d48e3992eacbfbc5c69a6c4,-92,,3,64,12.0,3
16:34:51,26.0,3,1b53e9cce7833f7e8cec3282b27e2c5988f853281ff414594ec414d654684d3d,-88,,3,64,12.0,3
16:34:52,6.0,3,ffe809e617f779eee0b136974bcac1c5f977286be7f23872795d1f3d5c0521a4,-86,,3,64,,3
16:34:53,26.0,3,adcc1dee5f805f160c2b2b28232a63c36b8079256f40d912f949f8753acecdfb,-91,,3,64,7.0,3
16:34:53,,3,01c9b7a2626bdcf9f48803c810ad0c6de3f18cdf679c559343a7d2a3100980dd,-85,,3,64,,3
16:34:54,,3,01c9b7a2626bdcf9f48803c810ad0c6de3f18cdf679c559343a7d2a3100980dd,-86,,3,64,,3
16:34:55,26.0,3,a3dab3bb8f4c37613fdffc51c8cc5431339f9c539123cf1df8b5b43bc1ba68eb,-88,,3,64,12.0,3
16:34:56,,3,7916acde717a81403536e88c084fc9193ea66e87a4aad77fc4ef55f1496413f8,-74,,3,64,,3
16:34:57,,3,7916acde717a81403536e88c084fc9193ea66e87a4aad77fc4ef55f1496413f8,-73,,3,64,,3
16:34:57,26.0,3,fefdfb37b82d479e4fcb1274cf1369df6620fc8c010c2e369385ffc7dcda2b2b,-64,,3,64,12.0,3
16:34:58,24.0,3,8786f562eb95939075530bd87062c458d675f184ca9b86920804e2eacec84267,-90,Cb31,3,64,,3
16:34:59,26.0,3,05b2e041158e5a862ddc7d0a0ab6afe3190bdbdfe9843ae34a5e3a09339ec690,-88,,3,64,7.0,3
16:35:00,,3,8ce0bc25e93c876d3e587bd9417dd6f5fcdc85473a85fcabab7d3ceab0ee1c1a,-68,,3,64,,3
16:35:01,26.0,3,475658c139abdb9e0d8a30015f4f3f7a0a7da78f2002f24539e2c297c861c77a,-82,,3,64,,3
16:35:01,,3,8ce0bc25e93c876d3e587bd9417dd6f5fcdc85473a85fcabab7d3ceab0ee1c1a,-64,,3,64,,3
16:35:02,26.0,3,b1dffcd29ec1347331db354939767b25e69c1cd0ecbc4e0ffaf82f0137288f8f,-80,,3,64,,3
16:35:03,,3,8ce0bc25e93c876d3e587bd9417dd6f5fcdc85473a85fcabab7d3ceab0ee1c1a,-64,,3,64,,3
16:35:04,6.0,3,ff0971a16a475736b2e87fa5178971e6130e3780ab3dafc711e2b55686d8ae17,-88,,3,64,,3
16:35:05,,3,9fba6a1ec4a3f9e8ef1c43c93c11aafda5b0cefe5ada604450fe20bd0facbbd2,-79,,3,64,,3
16:35:05,26.0,3,56e2c97a1137dac8a7bd9c337e46534f9e24d175ef582afdba290920625ea418,-86,,3,64,,3
16:35:06,,3,7916acde717a81403536e88c084fc9193ea66e87a4aad77fc4ef55f1496413f8,-90,,3,64,,3
16:35:07,26.0,3,b1dffcd29ec1347331db354939767b25e69c1cd0ecbc4e0ffaf82f0137288f8f,-74,,3,64,,3
16:35:08,,3,01c9b7a2626bdcf9f48803c810ad0c6de3f18cdf679c559343a7d2a3100980dd,-93,,3,64,,3
16:35:09,,3,8ce0bc25e93c876d3e587bd9417dd6f5fcdc85473a85fcabab7d3ceab0ee1c1a,-65,,3,64,,3
16:35:10,,3,9fba6a1ec4a3f9e8ef1c43c93c11aafda5b0cefe5ada604450fe20bd0facbbd2,-68,,3,64,,3
16:35:10,26.0,3,56e2c97a1137dac8a7bd9c337e46534f9e24d175ef582afdba290920625ea418,-86,,3,64,,3
16:35:11,,3,7916acde717a81403536e88c084fc9193ea66e87a4aad77fc4ef55f1496413f8,-69,,3,64,,3
16:35:12,26.0,3,b1dffcd29ec1347331db354939767b25e69c1cd0ecbc4e0ffaf82f0137288f8f,-80,,3,64,,3
16:35:13,,3,9fba6a1ec4a3f9e8ef1c43c93c11aafda5b0cefe5ada604450fe20bd0facbbd2,-78,,3,64,,3
16:35:14,,3,7916acde717a81403536e88c084fc9193ea66e87a4aad77fc4ef55f1496413f8,-68,,3,64,,3
16:35:14,26.0,3,a9916725875936f322f3ef3def880327bd414a755d48e3992eacbfbc5c69a6c4,-87,,3,64,12.0,3
16:35:15,,3,9fba6a1ec4a3f9e8ef1c43c93c11aafda5b0cefe5ada604450fe20bd0facbbd2,-83,,3,64,,3
16:35:16,,3,7916acde717a81403536e88c084fc9193ea66e87a4aad77fc4ef55f1496413f8,-69,,3,64,,3
16:35:17,26.0,3,4fe974f790d34e8622528252ba9da3d637027ebc0abd5a320dbb735ee4c8d006,-79,,3,64,,3
16:35:18,6.0,3,f4ae16c519c4840e1f13f94e4f83e7d64a1651aa49d8429128a8a366a5b77d08,-90,,3,64,,3
16:35:18,26.0,3,4fe974f790d34e8622528252ba9da3d637027ebc0abd5a320dbb735ee4c8d006,-80,,3,64,,3
16:35:19,26.0,3,56e2c97a1137dac8a7bd9c337e46534f9e24d175ef582afdba290920625ea418,-86,,3,64,,3
16:35:20,26.0,3,b1dffcd29ec1347331db354939767b25e69c1cd0ecbc4e0ffaf82f0137288f8f,-74,,3,64,,3
16:35:21,26.0,3,cbbc71f0da17d9dcb5c343c2db0295ce541d84ab28b797abb13bf5a592347c72,-65,,3,64,12.0,3
16:35:22,26.0,3,28bd62a098a98898f0ae07fc4dafa90fe50d87c8384d15c9a15fb946d776d714,-90,,3,64,,3
16:35:22,26.0,3,475658c139abdb9e0d8a30015f4f3f7a0a7da78f2002f24539e2c297c861c77a,-74,,3,64,,3
16:35:23,,3,1f93b3957e8adbe31d3439f7a4bed542410df234eedaf2096a9ec71758bd8c01,-75,,3,64,,3
16:35:24,26.0,3,9b991abe8e0e69a0a22ddbc9e99d924fcabb46604f89b6d3842eda9a21ac30ca,-81,,3,64,12.0,3
16:35:25,,3,7916acde717a81403536e88c084fc9193ea66e87a4aad77fc4ef55f1496413f8,-97,,3,64,,3
16:35:26,26.0,3,cbbc71f0da17d9dcb5c343c2db0295ce541d84ab28b797abb13bf5a592347c72,-63,,3,64,12.0,3
16:35:27,26.0,3,b1dffcd29ec1347331db354939767b25e69c1cd0ecbc4e0ffaf82f0137288f8f,-83,,3,64,,3
16:35:27,26.0,3,475658c139abdb9e0d8a30015f4f3f7a0a7da78f2002f24539e2c297c861c77a,-80,,3,64,,3
16:35:28,,3,8ce0bc25e93c876d3e587bd9417dd6f5fcdc85473a85fcabab7d3ceab0ee1c1a,-68,,3,64,,3
16:35:29,,3,1f93b3957e8adbe31d3439f7a4bed542410df234eedaf2096a9ec71758bd8c01,-77,,3,64,,3
16:35:30,26.0,3,3d61c9763af06e1849e7c6c48be32ae71c3cc2f9a45285790c3e2595f7a253bc,-90,,3,64,,3
16:35:31,26.0,3,56e2c97a1137dac8a7bd9c337e46534f9e24d175ef582afdba290920625ea418,-89,,3,64,,3
16:35:31,26.0,3,56e2c97a1137dac8a7bd9c337e46534f9e24d175ef582afdba290920625ea418,-89,,3,64,,3
16:35:32,,3,8ce0bc25e93c876d3e587bd9417dd6f5fcdc85473a85fcabab7d3ceab0ee1c1a,-65,,3,64,,3
16:35:33,26.0,3,475658c139abdb9e0d8a30015f4f3f7a0a7da78f2002f24539e2c297c861c77a,-81,,3,64,,3
16:35:34,,3,1202f3e9ae732ddf4a8779a56af036304a2b3d7fc8423ae5319ed2c18b9d631a,-78,,3,64,,3
16:35:35,,3,1f93b3957e8adbe31d3439f7a4bed542410df234eedaf2096a9ec71758bd8c01,-72,,3,64,,3
16:35:35,26.0,3,9b991abe8e0e69a0a22ddbc9e99d924fcabb46604f89b6d3842eda9a21ac30ca,-82,,3,64,12.0,3
16:35:36,,3,8ce0bc25e93c876d3e587bd9417dd6f5fcdc85473a85fcabab7d3ceab0ee1c1a,-69,,3,64,,3
16:35:37,,3,8ce0bc25e93c876d3e587bd9417dd6f5fcdc85473a85fcabab7d3ceab0ee1c1a,-68,,3,64,,3
16:35:38,26.0,3,475658c139abdb9e0d8a30015f4f3f7a0a7da78f2002f24539e2c297c861c77a,-81,,3,64,,3
16:35:39,26.0,3,05b2e041158e5a862ddc7d0a0ab6afe3190bdbdfe9843ae34a5e3a09339ec690,-84,,3,64,7.0,3
16:35:39,6.0,3,ff0971a16a475736b2e87fa5178971e6130e3780ab3dafc711e2b55686d8ae17,-92,,3,64,,3
16:35:40,26.0,3,4fe974f790d34e8622528252ba9da3d637027ebc0abd5a320dbb735ee4c8d006,-79,,3,64,,3
16:35:41,,3,18e8caa7e873d4c7dda2fc367ee3b2b3391b1133b18ca4cd0c473dc4c9166240,-72,,3,64,,3
16:35:42,6.0,3,110f105e8e53b043b11068397d8d288a3130edf016b11be9f993e7f939d8dd5b,-95,Cb32,3,64,,3
16:35:43,26.0,3,4fe974f790d34e8622528252ba9da3d637027ebc0abd5a320dbb735ee4c8d006,-76,,3,64,,3
16:35:43,6.0,3,ffe809e617f779eee0b136974bcac1c5f977286be7f23872795d1f3d5c0521a4,-91,,3,64,,3
16:35:44,26.0,3,3d61c9763af06e1849e7c6c48be32ae71c3cc2f9a45285790c3e2595f7a253bc,-86,,3,64,,3
16:35:45,26.0,3,3d61c9763af06e1849e7c6c48be32ae71c3cc2f9a45285790c3e2595f7a253bc,-88,,3,64,,3
16:35:46,26.0,3,a704af4818b373eef915df5a879c4d9ab4d807913d611969f44550a65d8c7659,-78,,3,64,8.0,3
16:35:47,26.0,3,b1dffcd29ec1347331db354939767b25e69c1cd0ecbc4e0ffaf82f0137288f8f,-80,,3,64,,3
16:35:48,26.0,3,3d61c9763af06e1849e7c6c48be32ae71c3cc2f9a45285790c3e2595f7a253bc,-91,,3,64,,3
16:35:48,26.0,3,b1dffcd29ec1347331db354939767b25e69c1cd0ecbc4e0ffaf82f0137288f8f,-79,,3,64,,3
16:35:49,6.0,3,ff0971a16a475736b2e87fa5178971e6130e3780ab3dafc711e2b55686d8ae17,-93,,3,64,,3
16:35:50,26.0,3,4fe974f790d34e8622528252ba9da3d637027ebc0abd5a320dbb735ee4c8d006,-84,,3,64,,3
16:35:51,,3,7916acde717a81403536e88c084fc9193ea66e87a4aad77fc4ef55f1496413f8,-71,,3,64,,3
16:35:52,26.0,3,adcc1dee5f805f160c2b2b28232a63c36b8079256f40d912f949f8753acecdfb,-88,,3,64,7.0,3
16:35:52,,3,8ce0bc25e93c876d3e587bd9417dd6f5fcdc85473a85fcabab7d3ceab0ee1c1a,-66,,3,64,,3
16:35:53,26.0,3,cbbc71f0da17d9dcb5c343c2db0295ce541d84ab28b797abb13bf5a592347c72,-67,,3,64,12.0,3
16:35:54,26.0,3,a3dab3bb8f4c37613fdffc51c8cc5431339f9c539123cf1df8b5b43bc1ba68eb,-90,,3,64,12.0,3
16:35:55,26.0,3,b1dffcd29ec1347331db354939767b25e69c1cd0ecbc4e0ffaf82f0137288f8f,-78,,3,64,,3
16:35:56,,3,01c9b7a2626bdcf9f48803c810ad0c6de3f18cdf679c559343a7d2a3100980dd,-89,,3,64,,3
16:35:56,,3,8ce0bc25e93c876d3e587bd9417dd6f5fcdc85473a85fcabab7d3ceab0ee1c1a,-65,,3,64,,3
16:35:57,26.0,3,eec1e12b4c372c16412239ae5bb0b87e22d0e93c025d8b1ad5fc31bee6bb0c94,-80,,3,64,5.0,3
16:35:58,,3,7916acde717a81403536e88c084fc9193ea66e87a4aad77fc4ef55f1496413f8,-82,,3,64,,3
16:35:59,,3,8ce0bc25e93c876d3e587bd9417dd6f5fcdc85473a85fcabab7d3ceab0ee1c1a,-70,,3,64,,3
16:36:00,26.0,3,28bd62a098a98898f0ae07fc4dafa90fe50d87c8384d15c9a15fb946d776d714,-82,,3,64,,3
16:36:00,26.0,3,9b991abe8e0e69a0a22ddbc9e99d924fcabb46604f89b6d3842eda9a21ac30ca,-86,,3,64,12.0,3
16:36:01,,3,7916acde717a81403536e88c084fc9193ea66e87a4aad77fc4ef55f1496413f8,-71,,3,64,,3
16:36:02,,3,01c9b7a2626bdcf9f48803c810ad0c6de3f18cdf679c559343a7d2a3100980dd,-85,,3,64,,3
16:36:03,26.0,3,28bd62a098a98898f0ae07fc4dafa90fe50d87c8384d15c9a15fb946d776d714,-87,,3,64,,3
16:36:04,,3,7916acde717a81403536e88c084fc9193ea66e87a4aad77fc4ef55f1496413f8,-70,,3,64,,3
16:36:04,,3,1f93b3957e8adbe31d3439f7a4bed542410df234eedaf2096a9ec71758bd8c01,-75,,3,64,,3
16:36:05,,3,1f93b3957e8adbe31d3439f7a4bed542410df234eedaf2096a9ec71758bd8c01,-74,,3,64,,3
16:36:06,26.0,3,4fe974f790d34e8622528252ba9da3d637027ebc0abd5a320dbb735ee4c8d006,-75,,3,64,,3
16:36:07,,3,8ce0bc25e93c876d3e587bd9417dd6f5fcdc85473a85fcabab7d3ceab0ee1c1a,-68,,3,64,,3
16:36:08,,3,1f93b3957e8adbe31d3439f7a4bed542410df234eedaf2096a9ec71758bd8c01,-76,,3,64,,3
16:36:09,,3,01c9b7a2626bdcf9f48803c810ad0c6de3f18cdf679c559343a7d2a3100980dd,-87,,3,64,,3
16:36:09,,3,1f93b3957e8adbe31d3439f7a4bed542410df234eedaf2096a9ec71758bd8c01,-83,,3,64,,3
16:36:10,26.0,3,a704af4818b373eef915df5a879c4d9ab4d807913d611969f44550a65d8c7659,-75,,3,64,8.0,3
16:36:11,,3,01c9b7a2626bdcf9f48803c810ad0c6de3f18cdf679c559343a7d2a3100980dd,-88,,3,64,,3
16:36:12,,3,8ce0bc25e93c876d3e587bd9417dd6f5fcdc85473a85fcabab7d3ceab0ee1c1a,-65,,3,64,,3
16:36:13,,3,1f93b3957e8adbe31d3439f7a4bed542410df234eedaf2096a9ec71758bd8c01,-76,,3,64,,3
16:36:13,,3,8ce0bc25e93c876d3e587bd9417dd6f5fcdc85473a85fcabab7d3ceab0ee1c1a,-72,,3,64,,3
16:36:14,26.0,3,9b991abe8e0e69a0a22ddbc9e99d924fcabb46604f89b6d3842eda9a21ac30ca,-82,,3,64,12.0,3
16:36:15,,3,7916acde717a81403536e88c084fc9193ea66e87a4aad77fc4ef55f1496413f8,-90,,3,64,,3
16:36:16,,3,8ce0bc25e93c876d3e587bd9417dd6f5fcdc85473a85fcabab7d3ceab0ee1c1a,-71,,3,64,,3
16:36:17,,3,1f93b3957e8adbe31d3439f7a4bed542410df234eedaf2096a9ec71758bd8c01,-86,,3,64,,3
16:36:17,,3,01c9b7a2626bdcf9f48803c810ad0c6de3f18cdf679c559343a7d2a3100980dd,-89,,3,64,,3
16:36:18,26.0,3,b1dffcd29ec1347331db354939767b25e69c1cd0ecbc4e0ffaf82f0137288f8f,-74,,3,64,,3
16:36:19,6.0,3,f4ae16c519c4840e1f13f94e4f83e7d64a1651aa49d8429128a8a366a5b77d08,-89,,3,64,,3
16:36:20,26.0,3,4fe974f790d34e8622528252ba9da3d637027ebc0abd5a320dbb735ee4c8d006,-78,,3,64,,3
16:36:21,6.0,3,ffe809e617f779eee0b136974bcac1c5f977286be7f23872795d1f3d5c0521a4,-88,,3,64,,3
16:36:21,,3,7916acde717a81403536e88c084fc9193ea66e87a4aad77fc4ef55f1496413f8,-91,,3,64,,3
16:36:22,26.0,3,05b2e041158e5a862ddc7d0a0ab6afe3190bdbdfe9843ae34a5e3a09339ec690,-87,,3,64,7.0,3
16:36:23,,3,8ce0bc25e93c876d3e587bd9417dd6f5fcdc85473a85fcabab7d3ceab0ee1c1a,-68,,3,64,,3
16:36:24,,3,7916acde717a81403536e88c084fc9193ea66e87a4aad77fc4ef55f1496413f8,-89,,3,64,,3
16:36:25,26.0,3,a704af4818b373eef915df5a879c4d9ab4d807913d611969f44550a65d8c7659,-73,,3,64,8.0,3
16:36:26,,3,8ce0bc25e93c876d3e587bd9417dd6f5fcdc85473a85fcabab7d3ceab0ee1c1a,-70,,3,64,,3
16:36:26,,3,22c867b85769288dca2989592da775e13cfc55ad5fb33f0f21dad20c8e76f2eb,-92,,3,64,,3
16:36:27,26.0,3,4fe974f790d34e8622528252ba9da3d637027ebc0abd5a320dbb735ee4c8d006,-80,,3,64,,3
16:36:28,26.0,3,a704af4818b373eef915df5a879c4d9ab4d807913d611969f44550a65d8c7659,-75,,3,64,8.0,3
16:36:29,6.0,3,f4ae16c519c4840e1f13f94e4f83e7d64a1651aa49d8429128a8a366a5b77d08,-84,,3,64,,3
16:36:30,,3,15b65af2970af7e0412b69d718951c6d5bd771b6a3f5f900f27e0a6f36c43e40,-71,,3,64,,3
16:36:30,,3,8ce0bc25e93c876d3e587bd9417dd6f5fcdc85473a85fcabab7d3ceab0ee1c1a,-69,,3,64,,3
16:36:31,26.0,3,b1dffcd29ec1347331db354939767b25e69c1cd0ecbc4e0ffaf82f0137288f8f,-75,,3,64,,3
16:36:32,6.0,3,ffe809e617f779eee0b136974bcac1c5f977286be7f23872795d1f3d5c0521a4,-91,,3,64,,3
16:36:33,26.0,3,a3dab3bb8f4c37613fdffc51c8cc5431339f9c539123cf1df8b5b43bc1ba68eb,-84,,3,64,12.0,3
16:36:34,6.0,3,f4ae16c519c4840e1f13f94e4f83e7d64a1651aa49d8429128a8a366a5b77d08,-87,,3,64,,3
16:36:34,26.0,3,adcc1dee5f805f160c2b2b28232a63c36b8079256f40d912f949f8753acecdfb,-92,,3,64,7.0,3
16:36:35,6.0,3,ffe809e617f779eee0b136974bcac1c5f977286be7f23872795d1f3d5c0521a4,-87,,3,64,,3
16:36:36,26.0,3,475658c139abdb9e0d8a30015f4f3f7a0a7da78f2002f24539e2c297c861c77a,-81,,3,64,,3
16:36:37,,3,8ce0bc25e93c876d3e587bd9417dd6f5fcdc85473a85fcabab7d3ceab0ee1c1a,-71,,3,64,,3
16:36:38,,3,7916acde717a81403536e88c084fc9193ea66e87a4aad77fc4ef55f1496413f8,-83,,3,64,,3
16:36:38,26.0,3,b1dffcd29ec1347331db354939767b25e69c1cd0ecbc4e0ffaf82f0137288f8f,-82,,3,64,,3
16:36:39,26.0,3,475658c139abdb9e0d8a30015f4f3f7a0a7da78f2002f24539e2c297c861c77a,-83,,3,64,,3
16:36:40,26.0,3,475658c139abdb9e0d8a30015f4f3f7a0a7da78f2002f24539e2c297c861c77a,-83,,3,64,,3
16:36:41,,3,01c9b7a2626bdcf9f48803c810ad0c6de3f18cdf679c559343a7d2a3100980dd,-81,,3,64,,3
16:36:42,6.0,3,f4ae16c519c4840e1f13f94e4f83e7d64a1651aa49d8429128a8a366a5b77d08,-86,,3,64,,3
16:36:42,,3,1f93b3957e8adbe31d3439f7a4bed542410df234eedaf2096a9ec71758bd8c01,-78,,3,64,,3
16:36:43,,3,7916acde717a81403536e88c084fc9193ea66e87a4aad77fc4ef55f1496413f8,-73,,3,64,,3
16:36:44,26.0,3,4fe974f790d34e8622528252ba9da3d637027ebc0abd5a320dbb735ee4c8d006,-85,,3,64,,3
16:36:45,,3,8ce0bc25e93c876d3e587bd9417dd6f5fcdc85473a85fcabab7d3ceab0ee1c1a,-65,,3,64,,3
16:36:46,26.0,3,b1dffcd29ec1347331db354939767b25e69c1cd0ecbc4e0ffaf82f0137288f8f,-86,,3,64,,3
16:36:47,,3,8ce0bc25e93c876d3e587bd9417dd6f5fcdc85473a85fcabab7d3ceab0ee1c1a,-71,,3,64,,3
16:36:47,26.0,3,475658c139abdb9e0d8a30015f4f3f7a0a7da78f2002f24539e2c297c861c77a,-81,,3,64,,3
16:36:48,26.0,3,a3dab3bb8f4c37613fdffc51c8cc5431339f9c539123cf1df8b5b43bc1ba68eb,-86,,3,64,12.0,3
16:36:49,,3,7916acde717a81403536e88c084fc9193ea66e87a4aad77fc4ef55f1496413f8,-82,,3,64,,3
16:36:50,,3,1f93b3957e8adbe31d3439f7a4bed542410df234eedaf2096a9ec71758bd8c01,-95,,3,64,,3
16:36:51,26.0,3,b1dffcd29ec1347331db354939767b25e69c1cd0ecbc4e0ffaf82f0137288f8f,-81,,3,64,,3
16:36:51,26.0,3,eec1e12b4c372c16412239ae5bb0b87e22d0e93c025d8b1ad5fc31bee6bb0c94,-79,,3,64,5.0,3
16:36:52,,3,7916acde717a81403536e88c084fc9193ea66e87a4aad77fc4ef55f1496413f8,-86,,3,64,,3
16:36:53,,3,8ce0bc25e93c876d3e587bd9417dd6f5fcdc85473a85fcabab7d3ceab0ee1c1a,-70,,3,64,,3
16:36:54,6.0,3,ff0971a16a475736b2e87fa5178971e6130e3780ab3dafc711e2b55686d8ae17,-87,,3,64,,3
16:36:55,26.0,3,b1dffcd29ec1347331db354939767b25e69c1cd0ecbc4e0ffaf82f0137288f8f,-81,,3,64,,3
16:36:55,,3,7916acde717a81403536e88c084fc9193ea66e87a4aad77fc4ef55f1496413f8,-90,,3,64,,3
16:36:56,26.0,3,3d61c9763af06e1849e7c6c48be32ae71c3cc2f9a45285790c3e2595f7a253bc,-94,,3,64,,3
16:36:57,,3,1f93b3957e8adbe31d3439f7a4bed542410df234eedaf2096a9ec71758bd8c01,-77,,3,64,,3
16:36:58,6.0,3,ffe809e617f779eee0b136974bcac1c5f977286be7f23872795d1f3d5c0521a4,-90,,3,64,,3
16:36:59,,3,8ce0bc25e93c876d3e587bd9417dd6f5fcdc85473a85fcabab7d3ceab0ee1c1a,-64,,3,64,,3
16:36:59,,3,7916acde717a81403536e88c084fc9193ea66e87a4aad77fc4ef55f1496413f8,-84,,3,64,,3
16:37:00,,3,1f93b3957e8adbe31d3439f7a4bed542410df234eedaf2096a9ec71758bd8c01,-77,,3,64,,3
16:37:01,26.0,3,28bd62a098a98898f0ae07fc4dafa90fe50d87c8384d15c9a15fb946d776d714,-82,,3,64,,3
16:37:02,26.0,3,475658c139abdb9e0d8a30015f4f3f7a0a7da78f2002f24539e2c297c861c77a,-73,,3,64,,3
16:37:03,26.0,3,b1dffcd29ec1347331db354939767b25e69c1cd0ecbc4e0ffaf82f0137288f8f,-85,,3,64,,3
16:37:03,26.0,3,a704af4818b373eef915df5a879c4d9ab4d807913d611969f44550a65d8c7659,-74,,3,64,8.0,3
16:37:04,,3,22c867b85769288dca2989592da775e13cfc55ad5fb33f0f21dad20c8e76f2eb,-90,,3,64,,3
16:37:05,26.0,3,b1dffcd29ec1347331db354939767b25e69c1cd0ecbc4e0ffaf82f0137288f8f,-81,,3,64,,3
16:37:06,,3,1f93b3957e8adbe31d3439f7a4bed542410df234eedaf2096a9ec71758bd8c01,-66,,3,64,,3
16:37:07,,3,7916acde717a81403536e88c084fc9193ea66e87a4aad77fc4ef55f1496413f8,-83,,3,64,,3
16:37:08,6.0,3,ffe809e617f779eee0b136974bcac1c5f977286be7f23872795d1f3d5c0521a4,-87,,3,64,,3
16:37:08,,3,22c867b85769288dca2989592da775e13cfc55ad5fb33f0f21dad20c8e76f2eb,-94,,3,64,,3
16:37:09,26.0,3,28bd62a098a98898f0ae07fc4dafa90fe50d87c8384d15c9a15fb946d776d714,-82,,3,64,,3
16:37:10,,3,8ce0bc25e93c876d3e587bd9417dd6f5fcdc85473a85fcabab7d3ceab0ee1c1a,-76,,3,64,,3
16:37:11,26.0,3,3d61c9763af06e1849e7c6c48be32ae71c3cc2f9a45285790c3e2595f7a253bc,-93,,3,64,,3
16:37:12,,3,7916acde717a81403536e88c084fc9193ea66e87a4aad77fc4ef55f1496413f8,-84,,3,64,,3
16:37:12,,3,1f93b3957e8adbe31d3439f7a4bed542410df234eedaf2096a9ec71758bd8c01,-79,,3,64,,3
16:37:13,,3,1f93b3957e8adbe31d3439f7a4bed542410df234eedaf2096a9ec71758bd8c01,-82,,3,64,,3
16:37:14,26.0,3,3d61c9763af06e1849e7c6c48be32ae71c3cc2f9a45285790c3e2595f7a253bc,-95,,3,64,,3
16:37:15,,3,249791be3dd440ce2defc865395c1554c590e15a6cf055d56098ae847c557178,-88,,3,64,,3
16:37:16,26.0,3,8f005dba5d59818571170eb477419af51bfe21656f6a31c030838f8fd00f3d6b,-89,,3,64,7.0,3
16:37:16,,3,1f93b3957e8adbe31d3439f7a4bed542410df234eedaf2096a9ec71758bd8c01,-68,,3,64,,3
16:37:17,6.0,3,f4ae16c519c4840e1f13f94e4f83e7d64a1651aa49d8429128a8a366a5b77d08,-86,,3,64,,3
16:37:18,26.0,3,b1dffcd29ec1347331db354939767b25e69c1cd0ecbc4e0ffaf82f0137288f8f,-85,,3,64,,3
16:37:19,6.0,3,ff0971a16a475736b2e87fa5178971e6130e3780ab3dafc711e2b55686d8ae17,-86,,3,64,,3
16:37:20,26.0,3,b1dffcd29ec1347331db354939767b25e69c1cd0ecbc4e0ffaf82f0137288f8f,-83,,3,64,,3
16:37:20,,3,1f93b3957e8adbe31d3439f7a4bed542410df234eedaf2096a9ec71758bd8c01,-70,,3,64,,3
16:37:21,,3,01c9b7a2626bdcf9f48803c810ad0c6de3f18cdf679c559343a7d2a3100980dd,-87,,3,64,,3
16:37:22,,3,01c9b7a2626bdcf9f48803c810ad0c6de3f18cdf679c559343a7d2a3100980dd,-82,,3,64,,3
16:37:23,,3,1f93b3957e8adbe31d3439f7a4bed542410df234eedaf2096a9ec71758bd8c01,-70,,3,64,,3
16:37:24,26.0,3,4fe974f790d34e8622528252ba9da3d637027ebc0abd5a320dbb735ee4c8d006,-80,,3,64,,3
16:37:24,6.0,3,ff0971a16a475736b2e87fa5178971e6130e3780ab3dafc711e2b55686d8ae17,-90,,3,64,,3
16:37:25,26.0,3,56e2c97a1137dac8a7bd9c337e46534f9e24d175ef582afdba290920625ea418,-82,,3,64,,3
16:37:26,26.0,3,cbbc71f0da17d9dcb5c343c2db0295ce541d84ab28b797abb13bf5a592347c72,-63,,3,64,12.0,3
16:37:27,26.0,3,a704af4818b373eef915df5a879c4d9ab4d807913d611969f44550a65d8c7659,-72,,3,64,8.0,3
16:37:28,26.0,3,56e2c97a1137dac8a7bd9c337e46534f9e24d175ef582afdba290920625ea418,-81,,3,64,,3
16:37:29,26.0,3,8f005dba5d59818571170eb477419af51bfe21656f6a31c030838f8fd00f3d6b,-90,,3,64,7.0,3
16:37:29,,3,8ce0bc25e93c876d3e587bd9417dd6f5fcdc85473a85fcabab7d3ceab0ee1c1a,-67,,3,64,,3
16:37:30,26.0,3,475658c139abdb9e0d8a30015f4f3f7a0a7da78f2002f24539e2c297c861c77a,-79,,3,64,,3
16:37:31,,3,01c9b7a2626bdcf9f48803c810ad0c6de3f18cdf679c559343a7d2a3100980dd,-83,,3,64,,3
16:37:32,,3,7916acde717a81403536e88c084fc9193ea66e87a4aad77fc4ef55f1496413f8,-78,,3,64,,3
16:37:33,,3,8ce0bc25e93c876d3e587bd9417dd6f5fcdc85473a85fcabab7d3ceab0ee1c1a,-73,,3,64,,3
16:37:33,,3,8ce0bc25e93c876d3e587bd9417dd6f5fcdc85473a85fcabab7d3ceab0ee1c1a,-76,,3,64,,3
16:37:34,26.0,3,4fe974f790d34e8622528252ba9da3d637027ebc0abd5a320dbb735ee4c8d006,-79,,3,64,,3
16:37:35,,3,7916acde717a81403536e88c084fc9193ea66e87a4aad77fc4ef55f1496413f8,-72,,3,64,,3
16:37:36,26.0,3,a3dab3bb8f4c37613fdffc51c8cc5431339f9c539123cf1df8b5b43bc1ba68eb,-81,,3,64,12.0,3
16:37:37,,3,7916acde717a81403536e88c084fc9193ea66e87a4aad77fc4ef55f1496413f8,-87,,3,64,,3
16:37:37,26.0,3,b1dffcd29ec1347331db354939767b25e69c1cd0ecbc4e0ffaf82f0137288f8f,-74,,3,64,,3
16:37:38,26.0,3,b1dffcd29ec1347331db354939767b25e69c1cd0ecbc4e0ffaf82f0137288f8f,-74,,3,64,,3
16:37:39,26.0,3,a704af4818b373eef915df5a879c4d9ab4d807913d611969f44550a65d8c7659,-80,,3,64,8.0,3
16:37:40,26.0,3,475658c139abdb9e0d8a30015f4f3f7a0a7da78f2002f24539e2c297c861c77a,-72,,3,64,,3
16:37:41,26.0,3,a704af4818b373eef915df5a879c4d9ab4d807913d611969f44550a65d8c7659,-80,,3,64,8.0,3
16:37:41,26.0,3,28bd62a098a98898f0ae07fc4dafa90fe50d87c8384d15c9a15fb946d776d714,-82,,3,64,,3
16:37:42,6.0,3,ff0971a16a475736b2e87fa5178971e6130e3780ab3dafc711e2b55686d8ae17,-89,,3,64,,3
16:37:43,,3,01c9b7a2626bdcf9f48803c810ad0c6de3f18cdf679c559343a7d2a3100980dd,-88,,3,64,,3
16:37:44,,3,7916acde717a81403536e88c084fc9193ea66e87a4aad77fc4ef55f1496413f8,-72,,3,64,,3
16:37:45,26.0,3,b1dffcd29ec1347331db354939767b25e69c1cd0ecbc4e0ffaf82f0137288f8f,-75,,3,64,,3
16:37:45,26.0,3,9b991abe8e0e69a0a22ddbc9e99d924fcabb46604f89b6d3842eda9a21ac30ca,-85,,3,64,12.0,3
16:37:46,26.0,3,28bd62a098a98898f0ae07fc4dafa90fe50d87c8384d15c9a15fb946d776d714,-87,,3,64,,3
16:37:47,,3,8ce0bc25e93c876d3e587bd9417dd6f5fcdc85473a85fcabab7d3ceab0ee1c1a,-61,,3,64,,3
16:37:48,26.0,3,a9916725875936f322f3ef3def880327bd414a755d48e3992eacbfbc5c69a6c4,-96,,3,64,12.0,3
16:37:49,26.0,3,8f005dba5d59818571170eb477419af51bfe21656f6a31c030838f8fd00f3d6b,-84,,3,64,,3
16:37:50,26.0,3,4fe974f790d34e8622528252ba9da3d637027ebc0abd5a320dbb735ee4c8d006,-77,,3,64,,3
16:37:50,26.0,3,b1dffcd29ec1347331db354939767b25e69c1cd0ecbc4e0ffaf82f0137288f8f,-78,,3,64,,3
16:37:51,26.0,3,a704af4818b373eef915df5a879c4d9ab4d807913d611969f44550a65d8c7659,-74,,3,64,8.0,3
16:37:52,26.0,3,475658c139abdb9e0d8a30015f4f3f7a0a7da78f2002f24539e2c297c861c77a,-73,,3,64,,3
16:37:53,26.0,3,a704af4818b373eef915df5a879c4d9ab4d807913d611969f44550a65d8c7659,-75,,3,64,8.0,3
16:37:54,,3,7916acde717a81403536e88c084fc9193ea66e87a4aad77fc4ef55f1496413f8,-81,,3,64,,3
16:37:54,,3,1f93b3957e8adbe31d3439f7a4bed542410df234eedaf2096a9ec71758bd8c01,-70,,3,64,,3
16:37:55,,3,8ce0bc25e93c876d3e587bd9417dd6f5fcdc85473a85fcabab7d3ceab0ee1c1a,-67,,3,64,,3
16:37:56,26.0,3,cbbc71f0da17d9dcb5c343c2db0295ce541d84ab28b797abb13bf5a592347c72,-72,,3,64,12.0,3
16:37:57,26.0,3,9b991abe8e0e69a0a22ddbc9e99d924fcabb46604f89b6d3842eda9a21ac30ca,-89,,3,64,12.0,3
16:37:58,,3,8ce0bc25e93c876d3e587bd9417dd6f5fcdc85473a85fcabab7d3ceab0ee1c1a,-67,,3,64,,3
16:37:58,26.0,3,56e2c97a1137dac8a7bd9c337e46534f9e24d175ef582afdba290920625ea418,-86,,3,64,,3
16:37:59,26.0,3,475658c139abdb9e0d8a30015f4f3f7a0a7da78f2002f24539e2c297c861c77a,-77,,3,64,,3
16:38:00,,3,7916acde717a81403536e88c084fc9193ea66e87a4aad77fc4ef55f1496413f8,-73,,3,64,,3
16:38:01,26.0,3,8f005dba5d59818571170eb477419af51bfe21656f6a31c030838f8fd00f3d6b,-89,,3,64,,3
16:38:02,,3,1f93b3957e8adbe31d3439f7a4bed542410df234eedaf2096a9ec71758bd8c01,-82,,3,64,,3
16:38:02,26.0,3,b1dffcd29ec1347331db354939767b25e69c1cd0ecbc4e0ffaf82f0137288f8f,-74,,3,64,,3
16:38:03,,3,8ce0bc25e93c876d3e587bd9417dd6f5fcdc85473a85fcabab7d3ceab0ee1c1a,-73,,3,64,,3
16:38:04,26.0,3,4fe974f790d34e8622528252ba9da3d637027ebc0abd5a320dbb735ee4c8d006,-75,,3,64,,3
16:38:05,26.0,3,475658c139abdb9e0d8a30015f4f3f7a0a7da78f2002f24539e2c297c861c77a,-75,,3,64,,3
16:38:06,,3,8ce0bc25e93c876d3e587bd9417dd6f5fcdc85473a85fcabab7d3ceab0ee1c1a,-81,,3,64,,3
16:38:06,6.0,3,ab3731ee1ecb83a2c9cfb692f3ef6b888dca2e6d5cc4c3ac0155a2303366beed,-86,Cb30,3,64,,3
16:38:07,26.0,3,475658c139abdb9e0d8a30015f4f3f7a0a7da78f2002f24539e2c297c861c77a,-76,,3,64,,3
16:38:08,,3,7916acde717a81403536e88c084fc9193ea66e87a4aad77fc4ef55f1496413f8,-82,,3,64,,3
16:38:09,,3,8ce0bc25e93c876d3e587bd9417dd6f5fcdc85473a85fcabab7d3ceab0ee1c1a,-75,,3,64,,3
16:38:10,26.0,3,4fe974f790d34e8622528252ba9da3d637027ebc0abd5a320dbb735ee4c8d006,-73,,3,64,,3
16:38:11,26.0,3,3d61c9763af06e1849e7c6c48be32ae71c3cc2f9a45285790c3e2595f7a253bc,-87,,3,64,,3
16:38:11,6.0,3,f4ae16c519c4840e1f13f94e4f83e7d64a1651aa49d8429128a8a366a5b77d08,-87,,3,64,,3
16:38:12,,3,01c9b7a2626bdcf9f48803c810ad0c6de3f18cdf679c559343a7d2a3100980dd,-85,,3,64,,3
16:38:13,26.0,3,3d61c9763af06e1849e7c6c48be32ae71c3cc2f9a45285790c3e2595f7a253bc,-87,,3,64,,3
16:38:14,,3,7916acde717a81403536e88c084fc9193ea66e87a4aad77fc4ef55f1496413f8,-78,,3,64,,3
16:38:15,26.0,3,475658c139abdb9e0d8a30015f4f3f7a0a7da78f2002f24539e2c297c861c77a,-80,,3,64,,3
16:38:15,26.0,3,1b53e9cce7833f7e8cec3282b27e2c5988f853281ff414594ec414d654684d3d,-88,,3,64,,3
16:38:16,26.0,3,475658c139abdb9e0d8a30015f4f3f7a0a7da78f2002f24539e2c297c861c77a,-79,,3,64,,3
16:38:17,26.0,3,b1dffcd29ec1347331db354939767b25e69c1cd0ecbc4e0ffaf82f0137288f8f,-73,,3,64,,3
16:38:18,,3,01c9b7a2626bdcf9f48803c810ad0c6de3f18cdf679c559343a7d2a3100980dd,-82,,3,64,,3
16:38:19,,3,1f93b3957e8adbe31d3439f7a4bed542410df234eedaf2096a9ec71758bd8c01,-85,,3,64,,3
16:38:19,26.0,3,475658c139abdb9e0d8a30015f4f3f7a0a7da78f2002f24539e2c297c861c77a,-72,,3,64,,3
16:38:20,26.0,3,a3dab3bb8f4c37613fdffc51c8cc5431339f9c539123cf1df8b5b43bc1ba68eb,-88,,3,64,12.0,3
16:38:21,,3,01c9b7a2626bdcf9f48803c810ad0c6de3f18cdf679c559343a7d2a3100980dd,-82,,3,64,,3
16:38:22,26.0,3,1b53e9cce7833f7e8cec3282b27e2c5988f853281ff414594ec414d654684d3d,-88,,3,64,,3
16:38:23,,3,1f93b3957e8adbe31d3439f7a4bed542410df234eedaf2096a9ec71758bd8c01,-73,,3,64,,3
16:38:23,26.0,3,b1dffcd29ec1347331db354939767b25e69c1cd0ecbc4e0ffaf82f0137288f8f,-73,,3,64,,3
16:38:24,6.0,3,ffe809e617f779eee0b136974bcac1c5f977286be7f23872795d1f3d5c0521a4,-90,,3,64,,3
16:38:25,,3,1f93b3957e8adbe31d3439f7a4bed542410df234eedaf2096a9ec71758bd8c01,-75,,3,64,,3
16:38:26,,3,7916acde717a81403536e88c084fc9193ea66e87a4aad77fc4ef55f1496413f8,-91,,3,64,,3
16:38:27,,3,1f93b3957e8adbe31d3439f7a4bed542410df234eedaf2096a9ec71758bd8c01,-82,,3,64,,3
16:38:27,26.0,3,28bd62a098a98898f0ae07fc4dafa90fe50d87c8384d15c9a15fb946d776d714,-78,,3,64,,3
16:38:28,26.0,3,56e2c97a1137dac8a7bd9c337e46534f9e24d175ef582afdba290920625ea418,-83,,3,64,,3
16:38:29,,3,7916acde717a81403536e88c084fc9193ea66e87a4aad77fc4ef55f1496413f8,-85,,3,64,,3
16:38:30,,3,7916acde717a81403536e88c084fc9193ea66e87a4aad77fc4ef55f1496413f8,-76,,3,64,,3
16:38:31,,3,8ce0bc25e93c876d3e587bd9417dd6f5fcdc85473a85fcabab7d3ceab0ee1c1a,-64,,3,64,,3
16:38:32,26.0,3,3d61c9763af06e1849e7c6c48be32ae71c3cc2f9a45285790c3e2595f7a253bc,-90,,3,64,,3
16:38:32,26.0,3,28bd62a098a98898f0ae07fc4dafa90fe50d87c8384d15c9a15fb946d776d714,-85,,3,64,,3
16:38:33,,3,7916acde717a81403536e88c084fc9193ea66e87a4aad77fc4ef55f1496413f8,-74,,3,64,,3
16:38:34,26.0,3,a704af4818b373eef915df5a879c4d9ab4d807913d611969f44550a65d8c7659,-76,,3,64,8.0,3
16:38:35,26.0,3,a704af4818b373eef915df5a879c4d9ab4d807913d611969f44550a65d8c7659,-76,,3,64,8.0,3
16:38:36,,3,7916acde717a81403536e88c084fc9193ea66e87a4aad77fc4ef55f1496413f8,-73,,3,64,,3
16:38:36,,3,8ce0bc25e93c876d3e587bd9417dd6f5fcdc85473a85fcabab7d3ceab0ee1c1a,-72,,3,64,,3
16:38:37,,3,1f93b3957e8adbe31d3439f7a4bed542410df234eedaf2096a9ec71758bd8c01,-74,,3,64,,3
16:38:38,26.0,3,9b991abe8e0e69a0a22ddbc9e99d924fcabb46604f89b6d3842eda9a21ac30ca,-84,,3,64,12.0,3
16:38:39,,3,8ce0bc25e93c876d3e587bd9417dd6f5fcdc85473a85fcabab7d3ceab0ee1c1a,-73,,3,64,,3
16:38:40,,3,1f93b3957e8adbe31d3439f7a4bed542410df234eedaf2096a9ec71758bd8c01,-84,,3,64,,3
16:38:40,,3,1f93b3957e8adbe31d3439f7a4bed542410df234eedaf2096a9ec71758bd8c01,-79,,3,64,,3
16:38:41,26.0,3,b1dffcd29ec1347331db354939767b25e69c1cd0ecbc4e0ffaf82f0137288f8f,-81,,3,64,,3
16:38:42,,3,1f93b3957e8adbe31d3439f7a4bed542410df234eedaf2096a9ec71758bd8c01,-78,,3,64,,3
16:38:43,,3,1f93b3957e8adbe31d3439f7a4bed542410df234eedaf2096a9ec71758bd8c01,-79,,3,64,,3
16:38:44,26.0,3,475658c139abdb9e0d8a30015f4f3f7a0a7da78f2002f24539e2c297c861c77a,-79,,3,64,,3
16:38:44,,3,8ce0bc25e93c876d3e587bd9417dd6f5fcdc85473a85fcabab7d3ceab0ee1c1a,-66,,3,64,,3
16:38:45,26.0,3,b1dffcd29ec1347331db354939767b25e69c1cd0ecbc4e0ffaf82f0137288f8f,-80,,3,64,,3
16:38:46,,3,1f93b3957e8adbe31d3439f7a4bed542410df234eedaf2096a9ec71758bd8c01,-75,,3,64,,3
16:38:47,6.0,3,ffe809e617f779eee0b136974bcac1c5f977286be7f23872795d1f3d5c0521a4,-88,,3,64,,3
16:38:48,26.0,3,a704af4818b373eef915df5a879c4d9ab4d807913d611969f44550a65d8c7659,-75,,3,64,8.0,3
16:38:48,,3,1f93b3957e8adbe31d3439f7a4bed542410df234eedaf2096a9ec71758bd8c01,-75,,3,64,,3
16:38:49,,3,01c9b7a2626bdcf9f48803c810ad0c6de3f18cdf679c559343a7d2a3100980dd,-88,,3,64,,3
16:38:50,26.0,3,1b53e9cce7833f7e8cec3282b27e2c5988f853281ff414594ec414d654684d3d,-88,,3,64,,3
16:38:51,26.0,3,4fe974f790d34e8622528252ba9da3d637027ebc0abd5a320dbb735ee4c8d006,-72,,3,64,,3
16:38:52,26.0,3,28bd62a098a98898f0ae07fc4dafa90fe50d87c8384d15c9a15fb946d776d714,-85,,3,64,,3
16:38:53,26.0,3,56e2c97a1137dac8a7bd9c337e46534f9e24d175ef582afdba290920625ea418,-88,,3,64,,3
16:38:53,,3,7916acde717a81403536e88c084fc9193ea66e87a4aad77fc4ef55f1496413f8,-79,,3,64,,3
16:38:54,26.0,3,28bd62a098a98898f0ae07fc4dafa90fe50d87c8384d15c9a15fb946d776d714,-87,,3,64,,3
16:38:55,,3,1f93b3957e8adbe31d3439f7a4bed542410df234eedaf2096a9ec71758bd8c01,-87,,3,64,,3
16:38:56,,3,01c9b7a2626bdcf9f48803c810ad0c6de3f18cdf679c559343a7d2a3100980dd,-84,,3,64,,3
16:38:57,,3,8ce0bc25e93c876d3e587bd9417dd6f5fcdc85473a85fcabab7d3ceab0ee1c1a,-64,,3,64,,3
16:38:57,26.0,3,cbbc71f0da17d9dcb5c343c2db0295ce541d84ab28b797abb13bf5a592347c72,-69,,3,64,12.0,3
16:38:58,26.0,3,cbbc71f0da17d9dcb5c343c2db0295ce541d84ab28b797abb13bf5a592347c72,-69,,3,64,12.0,3
16:38:59,,3,1f93b3957e8adbe31d3439f7a4bed542410df234eedaf2096a9ec71758bd8c01,-72,,3,64,,3
16:39:00,26.0,3,cbbc71f0da17d9dcb5c343c2db0295ce541d84ab28b797abb13bf5a592347c72,-71,,3,64,12.0,3
16:39:01,,3,1f93b3957e8adbe31d3439f7a4bed542410df234eedaf2096a9ec71758bd8c01,-74,,3,64,,3
16:39:01,26.0,3,8f005dba5d59818571170eb477419af51bfe21656f6a31c030838f8fd00f3d6b,-88,,3,64,,3
16:39:02,,3,8ce0bc25e93c876d3e587bd9417dd6f5fcdc85473a85fcabab7d3ceab0ee1c1a,-69,,3,64,,3
16:39:03,26.0,3,475658c139abdb9e0d8a30015f4f3f7a0a7da78f2002f24539e2c297c861c77a,-73,,3,64,,3
16:39:04,,3,7916acde717a81403536e88c084fc9193ea66e87a4aad77fc4ef55f1496413f8,-82,,3,64,,3
16:39:05,,3,8ce0bc25e93c876d3e587bd9417dd6f5fcdc85473a85fcabab7d3ceab0ee1c1a,-72,,3,64,,3
16:39:06,26.0,3,28bd62a098a98898f0ae07fc4dafa90fe50d87c8384d15c9a15fb946d776d714,-77,,3,64,,3
16:39:06,26.0,3,475658c139abdb9e0d8a30015f4f3f7a0a7da78f2002f24539e2c297c861c77a,-79,,3,64,,3
16:39:07,,3,01c9b7a2626bdcf9f48803c810ad0c6de3f18cdf679c559343a7d2a3100980dd,-82,,3,64,,3
16:39:08,26.0,3,eec1e12b4c372c16412239ae5bb0b87e22d0e93c025d8b1ad5fc31bee6bb0c94,-76,,3,64,5.0,3
16:39:09,,3,01c9b7a2626bdcf9f48803c810ad0c6de3f18cdf679c559343a7d2a3100980dd,-85,,3,64,,3
16:39:10,,3,1f93b3957e8adbe31d3439f7a4bed542410df234eedaf2096a9ec71758bd8c01,-77,,3,64,,3
16:39:10,,3,1f93b3957e8adbe31d3439f7a4bed542410df234eedaf2096a9ec71758bd8c01,-85,,3,64,,3
16:39:11,,3,8ce0bc25e93c876d3e587bd9417dd6f5fcdc85473a85fcabab7d3ceab0ee1c1a,-83,,3,64,,3
16:39:12,26.0,3,475658c139abdb9e0d8a30015f4f3f7a0a7da78f2002f24539e2c297c861c77a,-72,,3,64,,3
16:39:13,26.0,3,b1dffcd29ec1347331db354939767b25e69c1cd0ecbc4e0ffaf82f0137288f8f,-80,,3,64,,3
16:39:14,,3,8ce0bc25e93c876d3e587bd9417dd6f5fcdc85473a85fcabab7d3ceab0ee1c1a,-65,,3,64,,3
16:39:14,26.0,3,56e2c97a1137dac8a7bd9c337e46534f9e24d175ef582afdba290920625ea418,-87,,3,64,,3
16:39:15,26.0,3,4fe974f790d34e8622528252ba9da3d637027ebc0abd5a320dbb735ee4c8d006,-80,,3,64,,3
16:39:16,,3,01c9b7a2626bdcf9f48803c810ad0c6de3f18cdf679c559343a7d2a3100980dd,-85,,3,64,,3
16:39:17,,3,7916acde717a81403536e88c084fc9193ea66e87a4aad77fc4ef55f1496413f8,-88,,3,64,,3
16:39:18,26.0,3,4fe974f790d34e8622528252ba9da3d637027ebc0abd5a320dbb735ee4c8d006,-72,,3,64,,3
16:39:18,6.0,3,ff0971a16a475736b2e87fa5178971e6130e3780ab3dafc711e2b55686d8ae17,-92,,3,64,,3
16:39:19,,3,7916acde717a81403536e88c084fc9193ea66e87a4aad77fc4ef55f1496413f8,-84,,3,64,,3
16:39:20,26.0,3,475658c139abdb9e0d8a30015f4f3f7a0a7da78f2002f24539e2c297c861c77a,-72,,3,64,,3
16:39:21,26.0,3,b96b066fb281431d8aeac3be6f6a956aab01f8592c040a82ddb25ce328e9cc76,-91,,3,64,5.0,3
16:39:22,,3,15b65af2970af7e0412b69d718951c6d5bd771b6a3f5f900f27e0a6f36c43e40,-71,,3,64,,3
16:39:22,26.0,3,4fe974f790d34e8622528252ba9da3d637027ebc0abd5a320dbb735ee4c8d006,-73,,3,64,,3
16:39:23,,3,1f93b3957e8adbe31d3439f7a4bed542410df234eedaf2096a9ec71758bd8c01,-87,,3,64,,3
16:39:24,26.0,3,a3dab3bb8f4c37613fdffc51c8cc5431339f9c539123cf1df8b5b43bc1ba68eb,-84,,3,64,12.0,3
16:39:25,26.0,3,b96b066fb281431d8aeac3be6f6a956aab01f8592c040a82ddb25ce328e9cc76,-84,,3,64,5.0,3
16:39:26,6.0,3,ab3731ee1ecb83a2c9cfb692f3ef6b888dca2e6d5cc4c3ac0155a2303366beed,-87,Cb30,3,64,,3
16:39:26,26.0,3,475658c139abdb9e0d8a30015f4f3f7a0a7da78f2002f24539e2c297c861c77a,-74,,3,64,,3
16:39:27,,3,01c9b7a2626bdcf9f48803c810ad0c6de3f18cdf679c559343a7d2a3100980dd,-83,,3,64,,3
16:39:28,26.0,3,cbbc71f0da17d9dcb5c343c2db0295ce541d84ab28b797abb13bf5a592347c72,-74,,3,64,12.0,3
16:39:29,,3,1f93b3957e8adbe31d3439f7a4bed542410df234eedaf2096a9ec71758bd8c01,-82,,3,64,,3
16:39:30,26.0,3,475658c139abdb9e0d8a30015f4f3f7a0a7da78f2002f24539e2c297c861c77a,-80,,3,64,,3
16:39:31,6.0,3,f4ae16c519c4840e1f13f94e4f83e7d64a1651aa49d8429128a8a366a5b77d08,-91,,3,64,,3
16:39:31,,3,7916acde717a81403536e88c084fc9193ea66e87a4aad77fc4ef55f1496413f8,-85,,3,64,,3
16:39:32,26.0,3,28bd62a098a98898f0ae07fc4dafa90fe50d87c8384d15c9a15fb946d776d714,-78,,3,64,,3
16:39:33,26.0,3,b8965e9ac151f557379d0dc7d9ef5e77421697192608daf46c295c8f083df16e,-84,,3,64,,3
16:39:34,,3,8ce0bc25e93c876d3e587bd9417dd6f5fcdc85473a85fcabab7d3ceab0ee1c1a,-76,,3,64,,3
16:39:35,26.0,3,4f297a3b2f1900eddbff037f5cb452b2af2661785154028a524fe0d21b977738,-82,,3,64,5.0,3
16:39:35,,3,01c9b7a2626bdcf9f48803c810ad0c6de3f18cdf679c559343a7d2a3100980dd,-83,,3,64,,3
16:39:36,,3,8ce0bc25e93c876d3e587bd9417dd6f5fcdc85473a85fcabab7d3ceab0ee1c1a,-72,,3,64,,3
16:39:37,,3,8ce0bc25e93c876d3e587bd9417dd6f5fcdc85473a85fcabab7d3ceab0ee1c1a,-72,,3,64,,3
16:39:38,6.0,3,ff0971a16a475736b2e87fa5178971e6130e3780ab3dafc711e2b55686d8ae17,-90,,3,64,,3
16:39:39,26.0,3,a704af4818b373eef915df5a879c4d9ab4d807913d611969f44550a65d8c7659,-76,,3,64,8.0,3
16:39:39,26.0,3,05b2e041158e5a862ddc7d0a0ab6afe3190bdbdfe9843ae34a5e3a09339ec690,-85,,3,64,7.0,3
16:39:40,26.0,3,4fe974f790d34e8622528252ba9da3d637027ebc0abd5a320dbb735ee4c8d006,-81,,3,64,,3
16:39:41,26.0,3,05b2e041158e5a862ddc7d0a0ab6afe3190bdbdfe9843ae34a5e3a09339ec690,-85,,3,64,7.0,3
16:39:42,26.0,3,b1dffcd29ec1347331db354939767b25e69c1cd0ecbc4e0ffaf82f0137288f8f,-78,,3,64,,3
16:39:43,26.0,3,475658c139abdb9e0d8a30015f4f3f7a0a7da78f2002f24539e2c297c861c77a,-71,,3,64,,3
16:39:43,26.0,3,475658c139abdb9e0d8a30015f4f3f7a0a7da78f2002f24539e2c297c861c77a,-72,,3,64,,3
16:39:44,,3,8ce0bc25e93c876d3e587bd9417dd6f5fcdc85473a85fcabab7d3ceab0ee1c1a,-66,,3,64,,3
16:39:45,,3,8ce0bc25e93c876d3e587bd9417dd6f5fcdc85473a85fcabab7d3ceab0ee1c1a,-70,,3,64,,3
16:39:46,26.0,3,b1dffcd29ec1347331db354939767b25e69c1cd0ecbc4e0ffaf82f0137288f8f,-81,,3,64,,3
16:39:47,26.0,3,1b53e9cce7833f7e8cec3282b27e2c5988f853281ff414594ec414d654684d3d,-86,,3,64,,3
16:39:48,26.0,3,b96b066fb281431d8aeac3be6f6a956aab01f8592c040a82ddb25ce328e9cc76,-87,,3,64,5.0,3
16:39:48,,3,1f93b3957e8adbe31d3439f7a4bed542410df234eedaf2096a9ec71758bd8c01,-74,,3,64,,3
16:39:49,26.0,3,4fe974f790d34e8622528252ba9da3d637027ebc0abd5a320dbb735ee4c8d006,-74,,3,64,,3
16:39:50,26.0,3,56e2c97a1137dac8a7bd9c337e46534f9e24d175ef582afdba290920625ea418,-80,,3,64,,3
16:39:51,26.0,3,4f297a3b2f1900eddbff037f5cb452b2af2661785154028a524fe0d21b977738,-86,,3,64,5.0,3
16:39:52,,3,1f93b3957e8adbe31d3439f7a4bed542410df234eedaf2096a9ec71758bd8c01,-87,,3,64,,3
16:39:52,26.0,3,475658c139abdb9e0d8a30015f4f3f7a0a7da78f2002f24539e2c297c861c77a,-84,,3,64,,3
16:39:53,6.0,3,ffe809e617f779eee0b136974bcac1c5f977286be7f23872795d1f3d5c0521a4,-93,,3,64,,3
16:39:54,26.0,3,05b2e041158e5a862ddc7d0a0ab6afe3190bdbdfe9843ae34a5e3a09339ec690,-86,,3,64,7.0,3
16:39:55,26.0,3,a3dab3bb8f4c37613fdffc51c8cc5431339f9c539123cf1df8b5b43bc1ba68eb,-81,,3,64,12.0,3
16:39:56,,3,01c9b7a2626bdcf9f48803c810ad0c6de3f18cdf679c559343a7d2a3100980dd,-88,,3,64,,3
16:39:56,26.0,3,8f005dba5d59818571170eb477419af51bfe21656f6a31c030838f8fd00f3d6b,-86,,3,64,,3
16:39:57,26.0,3,8f005dba5d59818571170eb477419af51bfe21656f6a31c030838f8fd00f3d6b,-84,,3,64,,3
16:39:58,,3,1f93b3957e8adbe31d3439f7a4bed542410df234eedaf2096a9ec71758bd8c01,-76,,3,64,,3
16:39:59,26.0,3,b1dffcd29ec1347331db354939767b25e69c1cd0ecbc4e0ffaf82f0137288f8f,-86,,3,64,,3
16:40:00,,3,1f93b3957e8adbe31d3439f7a4bed542410df234eedaf2096a9ec71758bd8c01,-77,,3,64,,3
16:40:00,,3,1202f3e9ae732ddf4a8779a56af036304a2b3d7fc8423ae5319ed2c18b9d631a,-81,,3,64,,3
16:40:01,26.0,3,8f005dba5d59818571170eb477419af51bfe21656f6a31c030838f8fd00f3d6b,-85,,3,64,,3
16:40:02,26.0,3,4f297a3b2f1900eddbff037f5cb452b2af2661785154028a524fe0d21b977738,-86,,3,64,5.0,3
16:40:03,26.0,3,4fe974f790d34e8622528252ba9da3d637027ebc0abd5a320dbb735ee4c8d006,-84,,3,64,,3
16:40:04,,3,18e8caa7e873d4c7dda2fc367ee3b2b3391b1133b18ca4cd0c473dc4c9166240,-68,,3,64,,3
16:40:04,26.0,3,a704af4818b373eef915df5a879c4d9ab4d807913d611969f44550a65d8c7659,-79,,3,64,8.0,3
16:40:05,,3,01c9b7a2626bdcf9f48803c810ad0c6de3f18cdf679c559343a7d2a3100980dd,-82,,3,64,,3
16:40:06,26.0,3,28bd62a098a98898f0ae07fc4dafa90fe50d87c8384d15c9a15fb946d776d714,-75,,3,64,,3
16:40:07,,3,1f93b3957e8adbe31d3439f7a4bed542410df234eedaf2096a9ec71758bd8c01,-77,,3,64,,3
16:40:08,26.0,3,b1dffcd29ec1347331db354939767b25e69c1cd0ecbc4e0ffaf82f0137288f8f,-74,,3,64,,3
16:40:09,,3,01c9b7a2626bdcf9f48803c810ad0c6de3f18cdf679c559343a7d2a3100980dd,-91,,3,64,,3
16:40:09,,3,7916acde717a81403536e88c084fc9193ea66e87a4aad77fc4ef55f1496413f8,-85,,3,64,,3
16:40:10,,3,15b65af2970af7e0412b69d718951c6d5bd771b6a3f5f900f27e0a6f36c43e40,-65,,3,64,,3
16:40:11,26.0,3,cbbc71f0da17d9dcb5c343c2db0295ce541d84ab28b797abb13bf5a592347c72,-71,,3,64,12.0,3
16:40:12,,3,8ce0bc25e93c876d3e587bd9417dd6f5fcdc85473a85fcabab7d3ceab0ee1c1a,-74,,3,64,,3
16:40:13,26.0,3,b1dffcd29ec1347331db354939767b25e69c1cd0ecbc4e0ffaf82f0137288f8f,-80,,3,64,,3
16:40:13,26.0,3,475658c139abdb9e0d8a30015f4f3f7a0a7da78f2002f24539e2c297c861c77a,-83,,3,64,,3
16:40:14,,3,8ce0bc25e93c876d3e587bd9417dd6f5fcdc85473a85fcabab7d3ceab0ee1c1a,-63,,3,64,,3
16:40:15,,3,1f93b3957e8adbe31d3439f7a4bed542410df234eedaf2096a9ec71758bd8c01,-77,,3,64,,3
16:40:16,26.0,3,28bd62a098a98898f0ae07fc4dafa90fe50d87c8384d15c9a15fb946d776d714,-79,,3,64,,3
16:40:17,,3,7916acde717a81403536e88c084fc9193ea66e87a4aad77fc4ef55f1496413f8,-71,,3,64,,3
16:40:17,,3,7916acde717a81403536e88c084fc9193ea66e87a4aad77fc4ef55f1496413f8,-82,,3,64,,3
16:40:18,26.0,3,3d61c9763af06e1849e7c6c48be32ae71c3cc2f9a45285790c3e2595f7a253bc,-94,,3,64,,3
16:40:19,26.0,3,9b991abe8e0e69a0a22ddbc9e99d924fcabb46604f89b6d3842eda9a21ac30ca,-84,,3,64,12.0,3
16:40:20,,3,7916acde717a81403536e88c084fc9193ea66e87a4aad77fc4ef55f1496413f8,-84,,3,64,,3
16:40:21,26.0,3,56e2c97a1137dac8a7bd9c337e46534f9e24d175ef582afdba290920625ea418,-82,,3,64,,3
16:40:21,,3,01c9b7a2626bdcf9f48803c810ad0c6de3f18cdf679c559343a7d2a3100980dd,-89,,3,64,,3
16:40:22,26.0,3,28bd62a098a98898f0ae07fc4dafa90fe50d87c8384d15c9a15fb946d776d714,-74,,3,64,,3
16:40:23,26.0,3,05b2e041158e5a862ddc7d0a0ab6afe3190bdbdfe9843ae34a5e3a09339ec690,-85,,3,64,7.0,3
16:40:24,,3,1f93b3957e8adbe31d3439f7a4bed542410df234eedaf2096a9ec71758bd8c01,-80,,3,64,,3
16:40:25,26.0,3,a9916725875936f322f3ef3def880327bd414a755d48e3992eacbfbc5c69a6c4,-91,,3,64,12.0,3
16:40:26,,3,7916acde717a81403536e88c084fc9193ea66e87a4aad77fc4ef55f1496413f8,-76,,3,64,,3
16:40:26,26.0,3,b8965e9ac151f557379d0dc7d9ef5e77421697192608daf46c295c8f083df16e,-88,,3,64,,3
16:40:27,6.0,3,f4ae16c519c4840e1f13f94e4f83e7d64a1651aa49d8429128a8a366a5b77d08,-85,,3,64,,3
16:40:28,6.0,3,ffe809e617f779eee0b136974bcac1c5f977286be7f23872795d1f3d5c0521a4,-83,,3,64,,3
16:40:29,,3,1f93b3957e8adbe31d3439f7a4bed542410df234eedaf2096a9ec71758bd8c01,-72,,3,64,,3
16:40:30,26.0,3,28bd62a098a98898f0ae07fc4dafa90fe50d87c8384d15c9a15fb946d776d714,-76,,3,64,,3
16:40:30,26.0,3,a9916725875936f322f3ef3def880327bd414a755d48e3992eacbfbc5c69a6c4,-86,,3,64,12.0,3
16:40:31,26.0,3,475658c139abdb9e0d8a30015f4f3f7a0a7da78f2002f24539e2c297c861c77a,-77,,3,64,,3
16:40:32,,3,01c9b7a2626bdcf9f48803c810ad0c6de3f18cdf679c559343a7d2a3100980dd,-86,,3,64,,3
16:40:33,26.0,3,a3dab3bb8f4c37613fdffc51c8cc5431339f9c539123cf1df8b5b43bc1ba68eb,-83,,3,64,12.0,3
16:40:34,26.0,3,b8965e9ac151f557379d0dc7d9ef5e77421697192608daf46c295c8f083df16e,-81,,3,64,,3
16:40:34,26.0,3,a3dab3bb8f4c37613fdffc51c8cc5431339f9c539123cf1df8b5b43bc1ba68eb,-82,,3,64,12.0,3
16:40:35,6.0,3,ff0971a16a475736b2e87fa5178971e6130e3780ab3dafc711e2b55686d8ae17,-89,,3,64,,3
16:40:36,26.0,3,475658c139abdb9e0d8a30015f4f3f7a0a7da78f2002f24539e2c297c861c77a,-83,,3,64,,3
16:40:37,,3,8ce0bc25e93c876d3e587bd9417dd6f5fcdc85473a85fcabab7d3ceab0ee1c1a,-79,,3,64,,3
16:40:38,26.0,3,56e2c97a1137dac8a7bd9c337e46534f9e24d175ef582afdba290920625ea418,-79,,3,64,,3
16:40:38,26.0,3,b1dffcd29ec1347331db354939767b25e69c1cd0ecbc4e0ffaf82f0137288f8f,-82,,3,64,,3
16:40:39,26.0,3,cbbc71f0da17d9dcb5c343c2db0295ce541d84ab28b797abb13bf5a592347c72,-62,,3,64,12.0,3
16:40:40,26.0,3,4f297a3b2f1900eddbff037f5cb452b2af2661785154028a524fe0d21b977738,-82,,3,64,5.0,3
16:40:41,26.0,3,4fe974f790d34e8622528252ba9da3d637027ebc0abd5a320dbb735ee4c8d006,-73,,3,64,,3
16:40:42,6.0,3,ff0971a16a475736b2e87fa5178971e6130e3780ab3dafc711e2b55686d8ae17,-91,,3,64,,3
16:40:42,26.0,3,a704af4818b373eef915df5a879c4d9ab4d807913d611969f44550a65d8c7659,-83,,3,64,8.0,3
16:40:43,26.0,3,b1dffcd29ec1347331db354939767b25e69c1cd0ecbc4e0ffaf82f0137288f8f,-72,,3,64,,3
16:40:44,,3,1f93b3957e8adbe31d3439f7a4bed542410df234eedaf2096a9ec71758bd8c01,-85,,3,64,,3
16:40:45,,3,7916acde717a81403536e88c084fc9193ea66e87a4aad77fc4ef55f1496413f8,-88,,3,64,,3
16:40:46,26.0,3,05b2e041158e5a862ddc7d0a0ab6afe3190bdbdfe9843ae34a5e3a09339ec690,-89,,3,64,7.0,3
16:40:47,26.0,3,a3dab3bb8f4c37613fdffc51c8cc5431339f9c539123cf1df8b5b43bc1ba68eb,-89,,3,64,12.0,3
16:40:47,,3,8ce0bc25e93c876d3e587bd9417dd6f5fcdc85473a85fcabab7d3ceab0ee1c1a,-76,,3,64,,3
16:40:48,,3,1f93b3957e8adbe31d3439f7a4bed542410df234eedaf2096a9ec71758bd8c01,-82,,3,64,,3
16:40:49,,3,01c9b7a2626bdcf9f48803c810ad0c6de3f18cdf679c559343a7d2a3100980dd,-83,,3,64,,3
16:40:50,6.0,3,ffe809e617f779eee0b136974bcac1c5f977286be7f23872795d1f3d5c0521a4,-95,,3,64,,3
16:40:51,,3,01c9b7a2626bdcf9f48803c810ad0c6de3f18cdf679c559343a7d2a3100980dd,-96,,3,64,,3
16:40:51,,3,01c9b7a2626bdcf9f48803c810ad0c6de3f18cdf679c559343a7d2a3100980dd,-84,,3,64,,3
16:40:52,26.0,3,b96b066fb281431d8aeac3be6f6a956aab01f8592c040a82ddb25ce328e9cc76,-85,,3,64,5.0,3
16:40:53,26.0,3,3c429a60ee37af2415ee6e1a56b7811f0c51b3d87f5f33e927c40ad4c20e7d06,-87,,3,64,,3
16:40:54,26.0,3,4fe974f790d34e8622528252ba9da3d637027ebc0abd5a320dbb735ee4c8d006,-73,,3,64,,3
16:40:55,26.0,3,4f297a3b2f1900eddbff037f5cb452b2af2661785154028a524fe0d21b977738,-87,,3,64,5.0,3
16:40:55,26.0,3,3c429a60ee37af2415ee6e1a56b7811f0c51b3d87f5f33e927c40ad4c20e7d06,-87,,3,64,,3
16:40:56,26.0,3,05b2e041158e5a862ddc7d0a0ab6afe3190bdbdfe9843ae34a5e3a09339ec690,-87,,3,64,7.0,3
16:40:57,,3,1f93b3957e8adbe31d3439f7a4bed542410df234eedaf2096a9ec71758bd8c01,-78,,3,64,,3
16:40:58,26.0,3,05b2e041158e5a862ddc7d0a0ab6afe3190bdbdfe9843ae34a5e3a09339ec690,-86,,3,64,7.0,3
16:40:59,,3,7916acde717a81403536e88c084fc9193ea66e87a4aad77fc4ef55f1496413f8,-86,,3,64,,3
16:40:59,26.0,3,3c429a60ee37af2415ee6e1a56b7811f0c51b3d87f5f33e927c40ad4c20e7d06,-86,,3,64,,3
16:41:00,26.0,3,4fe974f790d34e8622528252ba9da3d637027ebc0abd5a320dbb735ee4c8d006,-73,,3,64,,3
16:41:01,,3,01c9b7a2626bdcf9f48803c810ad0c6de3f18cdf679c559343a7d2a3100980dd,-83,,3,64,,3
16:41:02,6.0,3,f4ae16c519c4840e1f13f94e4f83e7d64a1651aa49d8429128a8a366a5b77d08,-86,,3,64,,3
16:41:03,26.0,3,4fe974f790d34e8622528252ba9da3d637027ebc0abd5a320dbb735ee4c8d006,-79,,3,64,,3
16:41:04,,3,1f93b3957e8adbe31d3439f7a4bed542410df234eedaf2096a9ec71758bd8c01,-70,,3,64,,3
16:41:04,,3,7916acde717a81403536e88c084fc9193ea66e87a4aad77fc4ef55f1496413f8,-81,,3,64,,3
16:41:05,,3,cb3ca45aa3469b355f84032c33bc56106c6452abb7911a896b748279487375ac,-65,,3,64,,3
16:41:06,,3,01c9b7a2626bdcf9f48803c810ad0c6de3f18cdf679c559343a7d2a3100980dd,-89,,3,64,,3
16:41:07,,3,7916acde717a81403536e88c084fc9193ea66e87a4aad77fc4ef55f1496413f8,-80,,3,64,,3
16:41:08,,3,7916acde717a81403536e88c084fc9193ea66e87a4aad77fc4ef55f1496413f8,-71,,3,64,,3
16:41:08,,3,01c9b7a2626bdcf9f48803c810ad0c6de3f18cdf679c559343a7d2a3100980dd,-89,,3,64,,3
16:41:09,26.0,3,b8965e9ac151f557379d0dc7d9ef5e77421697192608daf46c295c8f083df16e,-81,,3,64,,3
16:41:10,26.0,3,475658c139abdb9e0d8a30015f4f3f7a0a7da78f2002f24539e2c297c861c77a,-75,,3,64,,3
16:41:11,26.0,3,cbbc71f0da17d9dcb5c343c2db0295ce541d84ab28b797abb13bf5a592347c72,-69,,3,64,12.0,3
16:41:12,,3,7916acde717a81403536e88c084fc9193ea66e87a4aad77fc4ef55f1496413f8,-88,,3,64,,3
16:41:12,26.0,3,475658c139abdb9e0d8a30015f4f3f7a0a7da78f2002f24539e2c297c861c77a,-74,,3,64,,3
16:41:13,,3,1f93b3957e8adbe31d3439f7a4bed542410df234eedaf2096a9ec71758bd8c01,-75,,3,64,,3
16:41:14,,3,249791be3dd440ce2defc865395c1554c590e15a6cf055d56098ae847c557178,-84,,3,64,,3
16:41:15,26.0,3,4fe974f790d34e8622528252ba9da3d637027ebc0abd5a320dbb735ee4c8d006,-83,,3,64,,3
16:41:16,,3,1f93b3957e8adbe31d3439f7a4bed542410df234eedaf2096a9ec71758bd8c01,-76,,3,64,,3
16:41:16,,3,1f93b3957e8adbe31d3439f7a4bed542410df234eedaf2096a9ec71758bd8c01,-74,,3,64,,3
16:41:17,26.0,3,28bd62a098a98898f0ae07fc4dafa90fe50d87c8384d15c9a15fb946d776d714,-83,,3,64,,3
16:41:18,26.0,3,4f297a3b2f1900eddbff037f5cb452b2af2661785154028a524fe0d21b977738,-83,,3,64,,3
16:41:19,26.0,3,9b991abe8e0e69a0a22ddbc9e99d924fcabb46604f89b6d3842eda9a21ac30ca,-87,,3,64,12.0,3
16:41:20,26.0,3,56e2c97a1137dac8a7bd9c337e46534f9e24d175ef582afdba290920625ea418,-91,,3,64,,3
16:41:20,26.0,3,a3dab3bb8f4c37613fdffc51c8cc5431339f9c539123cf1df8b5b43bc1ba68eb,-80,,3,64,,3
16:41:21,,3,7916acde717a81403536e88c084fc9193ea66e87a4aad77fc4ef55f1496413f8,-79,,3,64,,3
16:41:22,,3,cb3ca45aa3469b355f84032c33bc56106c6452abb7911a896b748279487375ac,-68,,3,64,,3
16:41:23,26.0,3,a704af4818b373eef915df5a879c4d9ab4d807913d611969f44550a65d8c7659,-78,,3,64,8.0,3
16:41:24,26.0,3,56e2c97a1137dac8a7bd9c337e46534f9e24d175ef582afdba290920625ea418,-93,,3,64,,3
16:41:25,26.0,3,b8965e9ac151f557379d0dc7d9ef5e77421697192608daf46c295c8f083df16e,-91,,3,64,,3
16:41:25,,3,cb3ca45aa3469b355f84032c33bc56106c6452abb7911a896b748279487375ac,-70,,3,64,,3
16:41:26,,3,1f93b3957e8adbe31d3439f7a4bed542410df234eedaf2096a9ec71758bd8c01,-74,,3,64,,3
16:41:27,,3,7916acde717a81403536e88c084fc9193ea66e87a4aad77fc4ef55f1496413f8,-71,,3,64,,3
16:41:28,26.0,3,475658c139abdb9e0d8a30015f4f3f7a0a7da78f2002f24539e2c297c861c77a,-80,,3,64,,3
16:41:29,,3,cb3ca45aa3469b355f84032c33bc56106c6452abb7911a896b748279487375ac,-69,,3,64,,3
16:41:29,26.0,3,b1dffcd29ec1347331db354939767b25e69c1cd0ecbc4e0ffaf82f0137288f8f,-71,,3,64,,3
16:41:30,26.0,3,56e2c97a1137dac8a7bd9c337e46534f9e24d175ef582afdba290920625ea418,-88,,3,64,,3
16:41:31,26.0,3,4f297a3b2f1900eddbff037f5cb452b2af2661785154028a524fe0d21b977738,-89,,3,64,5.0,3
16:41:32,26.0,3,28bd62a098a98898f0ae07fc4dafa90fe50d87c8384d15c9a15fb946d776d714,-76,,3,64,,3
16:41:33,,3,cb3ca45aa3469b355f84032c33bc56106c6452abb7911a896b748279487375ac,-71,,3,64,,3
16:41:33,26.0,3,b8965e9ac151f557379d0dc7d9ef5e77421697192608daf46c295c8f083df16e,-81,,3,64,,3
16:41:34,6.0,3,ff0971a16a475736b2e87fa5178971e6130e3780ab3dafc711e2b55686d8ae17,-86,,3,64,,3
16:41:35,26.0,3,a704af4818b373eef915df5a879c4d9ab4d807913d611969f44550a65d8c7659,-72,,3,64,8.0,3
16:41:36,26.0,3,9b991abe8e0e69a0a22ddbc9e99d924fcabb46604f89b6d3842eda9a21ac30ca,-90,,3,64,12.0,3
16:41:37,,3,1202f3e9ae732ddf4a8779a56af036304a2b3d7fc8423ae5319ed2c18b9d631a,-83,,3,64,,3
16:41:37,,3,7916acde717a81403536e88c084fc9193ea66e87a4aad77fc4ef55f1496413f8,-81,,3,64,,3
16:41:38,,3,cb3ca45aa3469b355f84032c33bc56106c6452abb7911a896b748279487375ac,-68,,3,64,,3
16:41:39,26.0,3,28bd62a098a98898f0ae07fc4dafa90fe50d87c8384d15c9a15fb946d776d714,-76,,3,64,,3
16:41:40,26.0,3,b96b066fb281431d8aeac3be6f6a956aab01f8592c040a82ddb25ce328e9cc76,-81,,3,64,,3
16:41:41,,3,7916acde717a81403536e88c084fc9193ea66e87a4aad77fc4ef55f1496413f8,-81,,3,64,,3
16:41:42,26.0,3,4fe974f790d34e8622528252ba9da3d637027ebc0abd5a320dbb735ee4c8d006,-70,,3,64,,3
16:41:42,26.0,3,475658c139abdb9e0d8a30015f4f3f7a0a7da78f2002f24539e2c297c861c77a,-78,,3,64,,3
16:41:43,26.0,3,8f005dba5d59818571170eb477419af51bfe21656f6a31c030838f8fd00f3d6b,-84,,3,64,7.0,3
16:41:44,26.0,3,28bd62a098a98898f0ae07fc4dafa90fe50d87c8384d15c9a15fb946d776d714,-78,,3,64,,3
16:41:45,,3,1f93b3957e8adbe31d3439f7a4bed542410df234eedaf2096a9ec71758bd8c01,-76,,3,64,,3
16:41:46,,3,cb3ca45aa3469b355f84032c33bc56106c6452abb7911a896b748279487375ac,-68,,3,64,,3
16:41:46,,3,01c9b7a2626bdcf9f48803c810ad0c6de3f18cdf679c559343a7d2a3100980dd,-88,,3,64,,3
16:41:47,26.0,3,b1dffcd29ec1347331db354939767b25e69c1cd0ecbc4e0ffaf82f0137288f8f,-72,,3,64,,3
16:41:48,,3,18e8caa7e873d4c7dda2fc367ee3b2b3391b1133b18ca4cd0c473dc4c9166240,-70,,3,64,,3
16:41:49,6.0,3,f4ae16c519c4840e1f13f94e4f83e7d64a1651aa49d8429128a8a366a5b77d08,-91,,3,64,,3
16:41:50,,3,7916acde717a81403536e88c084fc9193ea66e87a4aad77fc4ef55f1496413f8,-69,,3,64,,3
16:41:50,6.0,3,f4ae16c519c4840e1f13f94e4f83e7d64a1651aa49d8429128a8a366a5b77d08,-89,,3,64,,3
16:41:51,,3,cb3ca45aa3469b355f84032c33bc56106c6452abb7911a896b748279487375ac,-68,,3,64,,3
16:41:52,,3,7916acde717a81403536e88c084fc9193ea66e87a4aad77fc4ef55f1496413f8,-80,,3,64,,3
16:41:53,26.0,3,4b07fbdf4def60a2d5e5f747a46dbb4c7f928b72a40e7648b1ac74d8878732fd,-81,,3,64,5.0,3
16:41:54,,3,01c9b7a2626bdcf9f48803c810ad0c6de3f18cdf679c559343a7d2a3100980dd,-83,,3,64,,3
16:41:54,,3,1f93b3957e8adbe31d3439f7a4bed542410df234eedaf2096a9ec71758bd8c01,-77,,3,64,,3
16:41:55,,3,a8f536698ee9977908412c994485c6373bc9f90e517af80b300a29775e575af9,-80,,3,64,,3
16:41:56,,3,01c9b7a2626bdcf9f48803c810ad0c6de3f18cdf679c559343a7d2a3100980dd,-87,,3,64,,3
16:41:57,26.0,3,b1dffcd29ec1347331db354939767b25e69c1cd0ecbc4e0ffaf82f0137288f8f,-80,,3,64,,3
16:41:58,,3,7916acde717a81403536e88c084fc9193ea66e87a4aad77fc4ef55f1496413f8,-69,,3,64,,3
16:41:58,26.0,3,b96b066fb281431d8aeac3be6f6a956aab01f8592c040a82ddb25ce328e9cc76,-84,,3,64,5.0,3
16:41:59,6.0,3,f4ae16c519c4840e1f13f94e4f83e7d64a1651aa49d8429128a8a366a5b77d08,-84,,3,64,,3
16:42:00,26.0,3,a3dab3bb8f4c37613fdffc51c8cc5431339f9c539123cf1df8b5b43bc1ba68eb,-94,,3,64,,3
16:42:01,,3,7916acde717a81403536e88c084fc9193ea66e87a4aad77fc4ef55f1496413f8,-80,,3,64,,3
16:42:02,26.0,3,4fe974f790d34e8622528252ba9da3d637027ebc0abd5a320dbb735ee4c8d006,-74,,3,64,,3
16:42:03,,3,cb3ca45aa3469b355f84032c33bc56106c6452abb7911a896b748279487375ac,-68,,3,64,,3
16:42:03,,3,cb3ca45aa3469b355f84032c33bc56106c6452abb7911a896b748279487375ac,-68,,3,64,,3
16:42:04,,3,7916acde717a81403536e88c084fc9193ea66e87a4aad77fc4ef55f1496413f8,-68,,3,64,,3
16:42:05,,3,cb3ca45aa3469b355f84032c33bc56106c6452abb7911a896b748279487375ac,-70,,3,64,,3
16:42:06,,3,cb3ca45aa3469b355f84032c33bc56106c6452abb7911a896b748279487375ac,-63,,3,64,,3
16:42:07,,3,7916acde717a81403536e88c084fc9193ea66e87a4aad77fc4ef55f1496413f8,-69,,3,64,,3
16:42:07,,3,7916acde717a81403536e88c084fc9193ea66e87a4aad77fc4ef55f1496413f8,-84,,3,64,,3
16:42:08,26.0,3,28bd62a098a98898f0ae07fc4dafa90fe50d87c8384d15c9a15fb946d776d714,-76,,3,64,,3
16:42:09,,3,cb3ca45aa3469b355f84032c33bc56106c6452abb7911a896b748279487375ac,-65,,3,64,,3
16:42:10,26.0,3,475658c139abdb9e0d8a30015f4f3f7a0a7da78f2002f24539e2c297c861c77a,-84,,3,64,,3
16:42:11,26.0,3,b96b066fb281431d8aeac3be6f6a956aab01f8592c040a82ddb25ce328e9cc76,-85,,3,64,5.0,3
16:42:11,26.0,3,28bd62a098a98898f0ae07fc4dafa90fe50d87c8384d15c9a15fb946d776d714,-77,,3,64,,3
16:42:12,26.0,3,b8965e9ac151f557379d0dc7d9ef5e77421697192608daf46c295c8f083df16e,-86,,3,64,,3
16:42:13,26.0,3,28bd62a098a98898f0ae07fc4dafa90fe50d87c8384d15c9a15fb946d776d714,-77,,3,64,,3
16:42:14,26.0,3,b1dffcd29ec1347331db354939767b25e69c1cd0ecbc4e0ffaf82f0137288f8f,-84,,3,64,,3
16:42:15,,3,01c9b7a2626bdcf9f48803c810ad0c6de3f18cdf679c559343a7d2a3100980dd,-88,,3,64,,3
16:42:15,,3,1f93b3957e8adbe31d3439f7a4bed542410df234eedaf2096a9ec71758bd8c01,-75,,3,64,,3
16:42:16,26.0,3,9b991abe8e0e69a0a22ddbc9e99d924fcabb46604f89b6d3842eda9a21ac30ca,-88,,3,64,12.0,3
16:42:17,26.0,3,cbbc71f0da17d9dcb5c343c2db0295ce541d84ab28b797abb13bf5a592347c72,-59,,3,64,12.0,3
16:42:18,26.0,3,cbbc71f0da17d9dcb5c343c2db0295ce541d84ab28b797abb13bf5a592347c72,-58,,3,64,12.0,3
16:42:19,26.0,3,56e2c97a1137dac8a7bd9c337e46534f9e24d175ef582afdba290920625ea418,-89,,3,64,,3
16:42:20,,3,cb3ca45aa3469b355f84032c33bc56106c6452abb7911a896b748279487375ac,-71,,3,64,,3
16:42:20,,3,1f93b3957e8adbe31d3439f7a4bed542410df234eedaf2096a9ec71758bd8c01,-74,,3,64,,3
16:42:21,,3,1f93b3957e8adbe31d3439f7a4bed542410df234eedaf2096a9ec71758bd8c01,-77,,3,64,,3
16:42:22,,3,cb3ca45aa3469b355f84032c33bc56106c6452abb7911a896b748279487375ac,-70,,3,64,,3
16:42:23,,3,1202f3e9ae732ddf4a8779a56af036304a2b3d7fc8423ae5319ed2c18b9d631a,-69,,3,64,,3
16:42:24,,3,cb3ca45aa3469b355f84032c33bc56106c6452abb7911a896b748279487375ac,-61,,3,64,,3
16:42:24,,3,1f93b3957e8adbe31d3439f7a4bed542410df234eedaf2096a9ec71758bd8c01,-77,,3,64,,3
16:42:25,,3,cb3ca45aa3469b355f84032c33bc56106c6452abb7911a896b748279487375ac,-76,,3,64,,3
16:42:26,26.0,3,05b2e041158e5a862ddc7d0a0ab6afe3190bdbdfe9843ae34a5e3a09339ec690,-89,,3,64,7.0,3
16:42:27,26.0,3,28bd62a098a98898f0ae07fc4dafa90fe50d87c8384d15c9a15fb946d776d714,-75,,3,64,,3
16:42:28,,3,7916acde717a81403536e88c084fc9193ea66e87a4aad77fc4ef55f1496413f8,-80,,3,64,,3
16:42:28,26.0,3,a704af4818b373eef915df5a879c4d9ab4d807913d611969f44550a65d8c7659,-85,,3,64,8.0,3
16:42:29,26.0,3,28bd62a098a98898f0ae07fc4dafa90fe50d87c8384d15c9a15fb946d776d714,-75,,3,64,,3
16:42:30,26.0,3,4b07fbdf4def60a2d5e5f747a46dbb4c7f928b72a40e7648b1ac74d8878732fd,-77,,3,64,5.0,3
16:42:31,,3,1f93b3957e8adbe31d3439f7a4bed542410df234eedaf2096a9ec71758bd8c01,-73,,3,64,,3
16:42:31,,3,7916acde717a81403536e88c084fc9193ea66e87a4aad77fc4ef55f1496413f8,-80,,3,64,,3
16:42:32,,3,01c9b7a2626bdcf9f48803c810ad0c6de3f18cdf679c559343a7d2a3100980dd,-95,,3,64,,3
16:42:33,26.0,3,b1dffcd29ec1347331db354939767b25e69c1cd0ecbc4e0ffaf82f0137288f8f,-75,,3,64,,3
16:42:34,26.0,3,28bd62a098a98898f0ae07fc4dafa90fe50d87c8384d15c9a15fb946d776d714,-79,,3,64,,3
16:42:35,,3,7916acde717a81403536e88c084fc9193ea66e87a4aad77fc4ef55f1496413f8,-68,,3,64,,3
16:42:36,26.0,3,475658c139abdb9e0d8a30015f4f3f7a0a7da78f2002f24539e2c297c861c77a,-77,,3,64,,3
16:42:36,26.0,3,28bd62a098a98898f0ae07fc4dafa90fe50d87c8384d15c9a15fb946d776d714,-83,,3,64,,3
16:42:37,,3,01c9b7a2626bdcf9f48803c810ad0c6de3f18cdf679c559343a7d2a3100980dd,-96,,3,64,,3
16:42:38,26.0,3,05b2e041158e5a862ddc7d0a0ab6afe3190bdbdfe9843ae34a5e3a09339ec690,-89,,3,64,7.0,3
16:42:39,,3,1f93b3957e8adbe31d3439f7a4bed542410df234eedaf2096a9ec71758bd8c01,-77,,3,64,,3
16:42:40,,3,cb3ca45aa3469b355f84032c33bc56106c6452abb7911a896b748279487375ac,-68,,3,64,,3
16:42:41,,3,cb3ca45aa3469b355f84032c33bc56106c6452abb7911a896b748279487375ac,-67,,3,64,,3
16:42:41,26.0,3,3d61c9763af06e1849e7c6c48be32ae71c3cc2f9a45285790c3e2595f7a253bc,-90,,3,64,,3
16:42:42,26.0,3,4fe974f790d34e8622528252ba9da3d637027ebc0abd5a320dbb735ee4c8d006,-75,,3,64,,3
16:42:43,,3,01c9b7a2626bdcf9f48803c810ad0c6de3f18cdf679c559343a7d2a3100980dd,-83,,3,64,,3
16:42:44,26.0,3,b1dffcd29ec1347331db354939767b25e69c1cd0ecbc4e0ffaf82f0137288f8f,-74,,3,64,,3
16:42:45,26.0,3,56e2c97a1137dac8a7bd9c337e46534f9e24d175ef582afdba290920625ea418,-87,,3,64,,3
16:42:45,,3,a8f536698ee9977908412c994485c6373bc9f90e517af80b300a29775e575af9,-76,,3,64,,3
16:42:46,,3,01c9b7a2626bdcf9f48803c810ad0c6de3f18cdf679c559343a7d2a3100980dd,-90,,3,64,,3
16:42:47,6.0,3,f4ae16c519c4840e1f13f94e4f83e7d64a1651aa49d8429128a8a366a5b77d08,-88,,3,64,,3
16:42:48,26.0,3,8f005dba5d59818571170eb477419af51bfe21656f6a31c030838f8fd00f3d6b,-86,,3,64,7.0,3
16:42:49,26.0,3,a3dab3bb8f4c37613fdffc51c8cc5431339f9c539123cf1df8b5b43bc1ba68eb,-85,,3,64,,3
16:42:49,,3,01c9b7a2626bdcf9f48803c810ad0c6de3f18cdf679c559343a7d2a3100980dd,-85,,3,64,,3
16:42:50,26.0,3,28bd62a098a98898f0ae07fc4dafa90fe50d87c8384d15c9a15fb946d776d714,-80,,3,64,,3
16:42:51,,3,1f93b3957e8adbe31d3439f7a4bed542410df234eedaf2096a9ec71758bd8c01,-77,,3,64,,3
16:42:52,,3,cb3ca45aa3469b355f84032c33bc56106c6452abb7911a896b748279487375ac,-71,,3,64,,3
16:42:52,,3,df5ead07ebb2ebb5962cf6e819ac0596b6403c8119479e74c3206421408be34c,-93,,3,64,,3
16:42:53,26.0,3,b1dffcd29ec1347331db354939767b25e69c1cd0ecbc4e0ffaf82f0137288f8f,-82,,3,64,,3
16:42:54,,3,7916acde717a81403536e88c084fc9193ea66e87a4aad77fc4ef55f1496413f8,-79,,3,64,,3
16:42:55,,3,cb3ca45aa3469b355f84032c33bc56106c6452abb7911a896b748279487375ac,-58,,3,64,,3
16:42:56,26.0,3,475658c139abdb9e0d8a30015f4f3f7a0a7da78f2002f24539e2c297c861c77a,-74,,3,64,,3
16:42:57,,3,1f93b3957e8adbe31d3439f7a4bed542410df234eedaf2096a9ec71758bd8c01,-76,,3,64,,3
16:42:58,6.0,3,f4ae16c519c4840e1f13f94e4f83e7d64a1651aa49d8429128a8a366a5b77d08,-87,,3,64,,3
16:42:58,6.0,3,ff0971a16a475736b2e87fa5178971e6130e3780ab3dafc711e2b55686d8ae17,-90,,3,64,,3
16:42:59,,3,df5ead07ebb2ebb5962cf6e819ac0596b6403c8119479e74c3206421408be34c,-89,,3,64,,3
16:43:00,26.0,3,b8965e9ac151f557379d0dc7d9ef5e77421697192608daf46c295c8f083df16e,-84,,3,64,,3
16:43:01,,3,cb3ca45aa3469b355f84032c33bc56106c6452abb7911a896b748279487375ac,-67,,3,64,,3
16:43:02,26.0,3,a3dab3bb8f4c37613fdffc51c8cc5431339f9c539123cf1df8b5b43bc1ba68eb,-88,,3,64,,3
16:43:02,26.0,3,475658c139abdb9e0d8a30015f4f3f7a0a7da78f2002f24539e2c297c861c77a,-73,,3,64,,3
16:43:03,,3,15b65af2970af7e0412b69d718951c6d5bd771b6a3f5f900f27e0a6f36c43e40,-66,,3,64,,3
16:43:04,,3,7916acde717a81403536e88c084fc9193ea66e87a4aad77fc4ef55f1496413f8,-68,,3,64,,3
16:43:05,6.0,3,ff0971a16a475736b2e87fa5178971e6130e3780ab3dafc711e2b55686d8ae17,-89,,3,64,,3
16:43:06,,3,1f93b3957e8adbe31d3439f7a4bed542410df234eedaf2096a9ec71758bd8c01,-75,,3,64,,3
16:43:06,,3,df5ead07ebb2ebb5962cf6e819ac0596b6403c8119479e74c3206421408be34c,-87,,3,64,,3
16:43:07,6.0,3,ffe809e617f779eee0b136974bcac1c5f977286be7f23872795d1f3d5c0521a4,-90,,3,64,,3
16:43:08,26.0,3,56e2c97a1137dac8a7bd9c337e46534f9e24d175ef582afdba290920625ea418,-91,,3,64,,3
16:43:09,6.0,3,ffe809e617f779eee0b136974bcac1c5f977286be7f23872795d1f3d5c0521a4,-91,,3,64,,3
16:43:10,26.0,3,a704af4818b373eef915df5a879c4d9ab4d807913d611969f44550a65d8c7659,-84,,3,64,8.0,3
16:43:10,,3,1f93b3957e8adbe31d3439f7a4bed542410df234eedaf2096a9ec71758bd8c01,-73,,3,64,,3
16:43:11,,3,7916acde717a81403536e88c084fc9193ea66e87a4aad77fc4ef55f1496413f8,-76,,3,64,,3
16:43:12,,3,cb3ca45aa3469b355f84032c33bc56106c6452abb7911a896b748279487375ac,-57,,3,64,,3
16:43:13,,3,1f93b3957e8adbe31d3439f7a4bed542410df234eedaf2096a9ec71758bd8c01,-75,,3,64,,3
16:43:14,26.0,3,8f005dba5d59818571170eb477419af51bfe21656f6a31c030838f8fd00f3d6b,-87,,3,64,7.0,3
16:43:15,,3,7916acde717a81403536e88c084fc9193ea66e87a4aad77fc4ef55f1496413f8,-69,,3,64,,3
16:43:15,26.0,3,56e2c97a1137dac8a7bd9c337e46534f9e24d175ef582afdba290920625ea418,-87,,3,64,,3
16:43:16,,3,1f93b3957e8adbe31d3439f7a4bed542410df234eedaf2096a9ec71758bd8c01,-77,,3,64,,3
16:43:17,6.0,3,f4ae16c519c4840e1f13f94e4f83e7d64a1651aa49d8429128a8a366a5b77d08,-83,,3,64,,3
16:43:18,26.0,3,b8965e9ac151f557379d0dc7d9ef5e77421697192608daf46c295c8f083df16e,-77,,3,64,,3
16:43:19,26.0,3,4fe974f790d34e8622528252ba9da3d637027ebc0abd5a320dbb735ee4c8d006,-75,,3,64,,3
16:43:19,,3,1f93b3957e8adbe31d3439f7a4bed542410df234eedaf2096a9ec71758bd8c01,-74,,3,64,,3
16:43:20,,3,cb3ca45aa3469b355f84032c33bc56106c6452abb7911a896b748279487375ac,-56,,3,64,,3
16:43:21,,3,df5ead07ebb2ebb5962cf6e819ac0596b6403c8119479e74c3206421408be34c,-83,,3,64,,3
16:43:22,26.0,3,4fe974f790d34e8622528252ba9da3d637027ebc0abd5a320dbb735ee4c8d006,-83,,3,64,,3
16:43:23,,3,7916acde717a81403536e88c084fc9193ea66e87a4aad77fc4ef55f1496413f8,-83,,3,64,,3
16:43:23,26.0,3,b1dffcd29ec1347331db354939767b25e69c1cd0ecbc4e0ffaf82f0137288f8f,-74,,3,64,,3
16:43:24,26.0,3,28bd62a098a98898f0ae07fc4dafa90fe50d87c8384d15c9a15fb946d776d714,-82,,3,64,,3
16:43:25,26.0,3,4fe974f790d34e8622528252ba9da3d637027ebc0abd5a320dbb735ee4c8d006,-75,,3,64,,3
16:43:26,,3,1f93b3957e8adbe31d3439f7a4bed542410df234eedaf2096a9ec71758bd8c01,-73,,3,64,,3
16:43:27,26.0,3,28bd62a098a98898f0ae07fc4dafa90fe50d87c8384d15c9a15fb946d776d714,-81,,3,64,,3
16:43:27,6.0,3,ff0971a16a475736b2e87fa5178971e6130e3780ab3dafc711e2b55686d8ae17,-88,,3,64,,3
16:43:28,,3,df5ead07ebb2ebb5962cf6e819ac0596b6403c8119479e74c3206421408be34c,-84,,3,64,,3
16:43:29,26.0,3,b1dffcd29ec1347331db354939767b25e69c1cd0ecbc4e0ffaf82f0137288f8f,-75,,3,64,,3
16:43:30,26.0,3,56e2c97a1137dac8a7bd9c337e46534f9e24d175ef582afdba290920625ea418,-83,,3,64,,3
16:43:31,,3,df5ead07ebb2ebb5962cf6e819ac0596b6403c8119479e74c3206421408be34c,-81,,3,64,,3
16:43:31,26.0,3,b8965e9ac151f557379d0dc7d9ef5e77421697192608daf46c295c8f083df16e,-86,,3,64,,3
16:43:32,,3,cb3ca45aa3469b355f84032c33bc56106c6452abb7911a896b748279487375ac,-65,,3,64,,3
16:43:33,,3,cb3ca45aa3469b355f84032c33bc56106c6452abb7911a896b748279487375ac,-72,,3,64,,3
16:43:34,26.0,3,eec1e12b4c372c16412239ae5bb0b87e22d0e93c025d8b1ad5fc31bee6bb0c94,-77,,3,64,5.0,3
16:43:35,,3,1f93b3957e8adbe31d3439f7a4bed542410df234eedaf2096a9ec71758bd8c01,-75,,3,64,,3
16:43:35,26.0,3,0708bb803fb539701aed4abe7137d644da395d63db0127bb1778bb46e8f07ac4,-89,,3,64,,3
16:43:36,,3,7916acde717a81403536e88c084fc9193ea66e87a4aad77fc4ef55f1496413f8,-79,,3,64,,3
16:43:37,6.0,3,ff0971a16a475736b2e87fa5178971e6130e3780ab3dafc711e2b55686d8ae17,-87,,3,64,,3
16:43:38,26.0,3,a9916725875936f322f3ef3def880327bd414a755d48e3992eacbfbc5c69a6c4,-89,,3,64,12.0,3
16:43:39,,3,cb3ca45aa3469b355f84032c33bc56106c6452abb7911a896b748279487375ac,-57,,3,64,,3
16:43:40,26.0,3,475658c139abdb9e0d8a30015f4f3f7a0a7da78f2002f24539e2c297c861c77a,-75,,3,64,,3
16:43:40,,3,7916acde717a81403536e88c084fc9193ea66e87a4aad77fc4ef55f1496413f8,-78,,3,64,,3
16:43:41,,3,1f93b3957e8adbe31d3439f7a4bed542410df234eedaf2096a9ec71758bd8c01,-75,,3,64,,3
16:43:42,26.0,3,a3dab3bb8f4c37613fdffc51c8cc5431339f9c539123cf1df8b5b43bc1ba68eb,-79,,3,64,,3
16:43:43,26.0,3,4f297a3b2f1900eddbff037f5cb452b2af2661785154028a524fe0d21b977738,-88,,3,64,5.0,3
16:43:44,,3,cb3ca45aa3469b355f84032c33bc56106c6452abb7911a896b748279487375ac,-62,,3,64,,3
16:43:44,26.0,3,b1dffcd29ec1347331db354939767b25e69c1cd0ecbc4e0ffaf82f0137288f8f,-75,,3,64,,3
16:43:45,,3,1f93b3957e8adbe31d3439f7a4bed542410df234eedaf2096a9ec71758bd8c01,-76,,3,64,,3
16:43:46,,3,7916acde717a81403536e88c084fc9193ea66e87a4aad77fc4ef55f1496413f8,-71,,3,64,,3
16:43:47,,3,df5ead07ebb2ebb5962cf6e819ac0596b6403c8119479e74c3206421408be34c,-92,,3,64,,3
16:43:48,26.0,3,475658c139abdb9e0d8a30015f4f3f7a0a7da78f2002f24539e2c297c861c77a,-83,,3,64,,3
16:43:48,,3,15b65af2970af7e0412b69d718951c6d5bd771b6a3f5f900f27e0a6f36c43e40,-61,,3,64,,3
16:43:49,,3,7916acde717a81403536e88c084fc9193ea66e87a4aad77fc4ef55f1496413f8,-81,,3,64,,3
16:43:50,26.0,3,9b991abe8e0e69a0a22ddbc9e99d924fcabb46604f89b6d3842eda9a21ac30ca,-86,,3,64,12.0,3
16:43:51,6.0,3,ffe809e617f779eee0b136974bcac1c5f977286be7f23872795d1f3d5c0521a4,-86,,3,64,,3
16:43:52,26.0,3,b1dffcd29ec1347331db354939767b25e69c1cd0ecbc4e0ffaf82f0137288f8f,-75,,3,64,,3
16:43:52,,3,7916acde717a81403536e88c084fc9193ea66e87a4aad77fc4ef55f1496413f8,-82,,3,64,,3
16:43:53,26.0,3,cbbc71f0da17d9dcb5c343c2db0295ce541d84ab28b797abb13bf5a592347c72,-67,,3,64,12.0,3
16:43:54,26.0,3,cbbc71f0da17d9dcb5c343c2db0295ce541d84ab28b797abb13bf5a592347c72,-63,,3,64,12.0,3
16:43:55,26.0,3,4f297a3b2f1900eddbff037f5cb452b2af2661785154028a524fe0d21b977738,-82,,3,64,5.0,3
16:43:56,,3,df5ead07ebb2ebb5962cf6e819ac0596b6403c8119479e74c3206421408be34c,-92,,3,64,,3
16:43:57,6.0,3,f4ae16c519c4840e1f13f94e4f83e7d64a1651aa49d8429128a8a366a5b77d08,-89,,3,64,,3
16:43:57,26.0,3,475658c139abdb9e0d8a30015f4f3f7a0a7da78f2002f24539e2c297c861c77a,-76,,3,64,,3
16:43:58,6.0,3,ff0971a16a475736b2e87fa5178971e6130e3780ab3dafc711e2b55686d8ae17,-90,,3,64,,3
16:43:59,6.0,3,ff0971a16a475736b2e87fa5178971e6130e3780ab3dafc711e2b55686d8ae17,-88,,3,64,,3
16:44:00,,3,7916acde717a81403536e88c084fc9193ea66e87a4aad77fc4ef55f1496413f8,-80,,3,64,,3
16:44:01,26.0,3,56e2c97a1137dac8a7bd9c337e46534f9e24d175ef582afdba290920625ea418,-82,,3,64,,3
16:44:01,26.0,3,56e2c97a1137dac8a7bd9c337e46534f9e24d175ef582afdba290920625ea418,-83,,3,64,,3
16:44:02,26.0,3,28bd62a098a98898f0ae07fc4dafa90fe50d87c8384d15c9a15fb946d776d714,-79,,3,64,,3
16:44:03,,3,7916acde717a81403536e88c084fc9193ea66e87a4aad77fc4ef55f1496413f8,-78,,3,64,,3
16:44:04,26.0,3,8f005dba5d59818571170eb477419af51bfe21656f6a31c030838f8fd00f3d6b,-85,,3,64,7.0,3
16:44:05,,3,cb3ca45aa3469b355f84032c33bc56106c6452abb7911a896b748279487375ac,-65,,3,64,,3
16:44:05,6.0,3,f4ae16c519c4840e1f13f94e4f83e7d64a1651aa49d8429128a8a366a5b77d08,-87,,3,64,,3
16:44:06,6.0,3,f4ae16c519c4840e1f13f94e4f83e7d64a1651aa49d8429128a8a366a5b77d08,-85,,3,64,,3
16:44:07,6.0,3,f4ae16c519c4840e1f13f94e4f83e7d64a1651aa49d8429128a8a366a5b77d08,-86,,3,64,,3
16:44:08,,3,1f93b3957e8adbe31d3439f7a4bed542410df234eedaf2096a9ec71758bd8c01,-81,,3,64,,3
16:44:09,26.0,3,4f297a3b2f1900eddbff037f5cb452b2af2661785154028a524fe0d21b977738,-81,,3,64,5.0,3
16:44:09,26.0,3,56e2c97a1137dac8a7bd9c337e46534f9e24d175ef582afdba290920625ea418,-87,,3,64,,3
16:44:10,,3,1f93b3957e8adbe31d3439f7a4bed542410df234eedaf2096a9ec71758bd8c01,-76,,3,64,,3
16:44:11,,3,1202f3e9ae732ddf4a8779a56af036304a2b3d7fc8423ae5319ed2c18b9d631a,-78,,3,64,,3
16:44:12,26.0,3,4fe974f790d34e8622528252ba9da3d637027ebc0abd5a320dbb735ee4c8d006,-82,,3,64,,3
16:44:13,6.0,3,ffe809e617f779eee0b136974bcac1c5f977286be7f23872795d1f3d5c0521a4,-87,,3,64,,3
16:44:14,26.0,3,b8965e9ac151f557379d0dc7d9ef5e77421697192608daf46c295c8f083df16e,-83,,3,64,,3
16:44:14,,3,7916acde717a81403536e88c084fc9193ea66e87a4aad77fc4ef55f1496413f8,-80,,3,64,,3
16:44:15,,3,1202f3e9ae732ddf4a8779a56af036304a2b3d7fc8423ae5319ed2c18b9d631a,-72,,3,64,,3
16:44:16,26.0,3,b1dffcd29ec1347331db354939767b25e69c1cd0ecbc4e0ffaf82f0137288f8f,-74,,3,64,,3
16:44:17,26.0,3,b1dffcd29ec1347331db354939767b25e69c1cd0ecbc4e0ffaf82f0137288f8f,-84,,3,64,,3
16:44:18,26.0,3,a704af4818b373eef915df5a879c4d9ab4d807913d611969f44550a65d8c7659,-74,,3,64,8.0,3
16:44:18,26.0,3,b1dffcd29ec1347331db354939767b25e69c1cd0ecbc4e0ffaf82f0137288f8f,-83,,3,64,,3
16:44:19,26.0,3,b96b066fb281431d8aeac3be6f6a956aab01f8592c040a82ddb25ce328e9cc76,-83,,3,64,5.0,3
16:44:20,26.0,3,cbbc71f0da17d9dcb5c343c2db0295ce541d84ab28b797abb13bf5a592347c72,-71,,3,64,12.0,3
16:44:21,26.0,3,cbbc71f0da17d9dcb5c343c2db0295ce541d84ab28b797abb13bf5a592347c72,-77,,3,64,12.0,3
16:44:22,26.0,3,4fe974f790d34e8622528252ba9da3d637027ebc0abd5a320dbb735ee4c8d006,-75,,3,64,,3
16:44:22,,3,7916acde717a81403536e88c084fc9193ea66e87a4aad77fc4ef55f1496413f8,-69,,3,64,,3
16:44:23,,3,7916acde717a81403536e88c084fc9193ea66e87a4aad77fc4ef55f1496413f8,-69,,3,64,,3
16:44:24,26.0,3,475658c139abdb9e0d8a30015f4f3f7a0a7da78f2002f24539e2c297c861c77a,-74,,3,64,,3
16:44:25,26.0,3,4fe974f790d34e8622528252ba9da3d637027ebc0abd5a320dbb735ee4c8d006,-82,,3,64,,3
16:44:26,,3,7916acde717a81403536e88c084fc9193ea66e87a4aad77fc4ef55f1496413f8,-69,,3,64,,3
16:44:26,26.0,3,a3dab3bb8f4c37613fdffc51c8cc5431339f9c539123cf1df8b5b43bc1ba68eb,-87,,3,64,,3
16:44:27,26.0,3,475658c139abdb9e0d8a30015f4f3f7a0a7da78f2002f24539e2c297c861c77a,-73,,3,64,,3
16:44:28,26.0,3,b1dffcd29ec1347331db354939767b25e69c1cd0ecbc4e0ffaf82f0137288f8f,-73,,3,64,,3
16:44:29,26.0,3,28bd62a098a98898f0ae07fc4dafa90fe50d87c8384d15c9a15fb946d776d714,-82,,3,64,,3
16:44:30,26.0,3,0708bb803fb539701aed4abe7137d644da395d63db0127bb1778bb46e8f07ac4,-87,,3,64,,3
16:44:30,,3,cb3ca45aa3469b355f84032c33bc56106c6452abb7911a896b748279487375ac,-67,,3,64,,3
16:44:31,26.0,3,8f005dba5d59818571170eb477419af51bfe21656f6a31c030838f8fd00f3d6b,-90,,3,64,7.0,3
16:44:32,,3,7916acde717a81403536e88c084fc9193ea66e87a4aad77fc4ef55f1496413f8,-78,,3,64,,3
16:44:33,6.0,3,ffe809e617f779eee0b136974bcac1c5f977286be7f23872795d1f3d5c0521a4,-85,,3,64,,3
16:44:34,26.0,3,4fe974f790d34e8622528252ba9da3d637027ebc0abd5a320dbb735ee4c8d006,-72,,3,64,,3
16:44:34,,3,cb3ca45aa3469b355f84032c33bc56106c6452abb7911a896b748279487375ac,-65,,3,64,,3
16:44:35,,3,df5ead07ebb2ebb5962cf6e819ac0596b6403c8119479e74c3206421408be34c,-87,,3,64,,3
16:44:36,,3,df5ead07ebb2ebb5962cf6e819ac0596b6403c8119479e74c3206421408be34c,-83,,3,64,,3
16:44:37,,3,7916acde717a81403536e88c084fc9193ea66e87a4aad77fc4ef55f1496413f8,-68,,3,64,,3
16:44:38,,3,cb3ca45aa3469b355f84032c33bc56106c6452abb7911a896b748279487375ac,-70,,3,64,,3
16:44:39,,3,df5ead07ebb2ebb5962cf6e819ac0596b6403c8119479e74c3206421408be34c,-87,,3,64,,3
16:44:39,26.0,3,b1dffcd29ec1347331db354939767b25e69c1cd0ecbc4e0ffaf82f0137288f8f,-74,,3,64,,3
16:44:40,,3,7916acde717a81403536e88c084fc9193ea66e87a4aad77fc4ef55f1496413f8,-73,,3,64,,3
16:44:41,,3,cb3ca45aa3469b355f84032c33bc56106c6452abb7911a896b748279487375ac,-69,,3,64,,3
16:44:42,,3,7916acde717a81403536e88c084fc9193ea66e87a4aad77fc4ef55f1496413f8,-71,,3,64,,3
16:44:43,26.0,3,b1dffcd29ec1347331db354939767b25e69c1cd0ecbc4e0ffaf82f0137288f8f,-74,,3,64,,3
16:44:43,,3,cb3ca45aa3469b355f84032c33bc56106c6452abb7911a896b748279487375ac,-68,,3,64,,3
16:44:44,,3,cb3ca45aa3469b355f84032c33bc56106c6452abb7911a896b748279487375ac,-81,,3,64,,3
16:44:45,,3,1f93b3957e8adbe31d3439f7a4bed542410df234eedaf2096a9ec71758bd8c01,-77,,3,64,,3
16:44:46,26.0,3,0708bb803fb539701aed4abe7137d644da395d63db0127bb1778bb46e8f07ac4,-90,,3,64,,3
16:44:47,,3,cb3ca45aa3469b355f84032c33bc56106c6452abb7911a896b748279487375ac,-81,,3,64,,3
16:44:48,,3,7916acde717a81403536e88c084fc9193ea66e87a4aad77fc4ef55f1496413f8,-80,,3,64,,3
16:44:48,,3,1f93b3957e8adbe31d3439f7a4bed542410df234eedaf2096a9ec71758bd8c01,-74,,3,64,,3
16:44:49,,3,cb3ca45aa3469b355f84032c33bc56106c6452abb7911a896b748279487375ac,-85,,3,64,,3
16:44:50,26.0,3,4fe974f790d34e8622528252ba9da3d637027ebc0abd5a320dbb735ee4c8d006,-73,,3,64,,3
16:44:51,,3,7916acde717a81403536e88c084fc9193ea66e87a4aad77fc4ef55f1496413f8,-78,,3,64,,3
16:44:52,,3,7916acde717a81403536e88c084fc9193ea66e87a4aad77fc4ef55f1496413f8,-71,,3,64,,3
16:44:52,26.0,3,b1dffcd29ec1347331db354939767b25e69c1cd0ecbc4e0ffaf82f0137288f8f,-75,,3,64,,3
16:44:53,,3,cb3ca45aa3469b355f84032c33bc56106c6452abb7911a896b748279487375ac,-72,,3,64,,3
16:44:54,26.0,3,28bd62a098a98898f0ae07fc4dafa90fe50d87c8384d15c9a15fb946d776d714,-76,,3,64,,3
16:44:55,,3,7916acde717a81403536e88c084fc9193ea66e87a4aad77fc4ef55f1496413f8,-82,,3,64,,3
16:44:56,,3,6ac273ec441822eebd780d252559a6818d4b43c60619c45ea142d7a53282cc18,-92,,3,64,,3
16:44:56,26.0,3,8f005dba5d59818571170eb477419af51bfe21656f6a31c030838f8fd00f3d6b,-90,,3,64,7.0,3
16:44:57,,3,1f93b3957e8adbe31d3439f7a4bed542410df234eedaf2096a9ec71758bd8c01,-80,,3,64,,3
16:44:58,,3,1f93b3957e8adbe31d3439f7a4bed542410df234eedaf2096a9ec71758bd8c01,-78,,3,64,,3
16:44:59,26.0,3,a704af4818b373eef915df5a879c4d9ab4d807913d611969f44550a65d8c7659,-86,,3,64,8.0,3
16:45:00,26.0,3,a704af4818b373eef915df5a879c4d9ab4d807913d611969f44550a65d8c7659,-77,,3,64,8.0,3
16:45:00,,3,1f93b3957e8adbe31d3439f7a4bed542410df234eedaf2096a9ec71758bd8c01,-74,,3,64,,3
16:45:01,,3,1202f3e9ae732ddf4a8779a56af036304a2b3d7fc8423ae5319ed2c18b9d631a,-81,,3,64,,3
16:45:02,26.0,3,a3dab3bb8f4c37613fdffc51c8cc5431339f9c539123cf1df8b5b43bc1ba68eb,-88,,3,64,,3
16:45:03,,3,1f93b3957e8adbe31d3439f7a4bed542410df234eedaf2096a9ec71758bd8c01,-73,,3,64,,3
16:45:04,26.0,3,475658c139abdb9e0d8a30015f4f3f7a0a7da78f2002f24539e2c297c861c77a,-73,,3,64,,3
16:45:05,26.0,3,b1dffcd29ec1347331db354939767b25e69c1cd0ecbc4e0ffaf82f0137288f8f,-74,,3,64,,3
16:45:05,,3,df5ead07ebb2ebb5962cf6e819ac0596b6403c8119479e74c3206421408be34c,-86,,3,64,,3
16:45:06,,3,7916acde717a81403536e88c084fc9193ea66e87a4aad77fc4ef55f1496413f8,-71,,3,64,,3
16:45:07,,3,1f93b3957e8adbe31d3439f7a4bed542410df234eedaf2096a9ec71758bd8c01,-83,,3,64,,3
16:45:08,,3,1f93b3957e8adbe31d3439f7a4bed542410df234eedaf2096a9ec71758bd8c01,-73,,3,64,,3
16:45:09,,3,cb3ca45aa3469b355f84032c33bc56106c6452abb7911a896b748279487375ac,-73,,3,64,,3
16:45:09,,3,1f93b3957e8adbe31d3439f7a4bed542410df234eedaf2096a9ec71758bd8c01,-81,,3,64,,3
16:45:10,26.0,3,475658c139abdb9e0d8a30015f4f3f7a0a7da78f2002f24539e2c297c861c77a,-73,,3,64,,3
16:45:11,,3,7916acde717a81403536e88c084fc9193ea66e87a4aad77fc4ef55f1496413f8,-79,,3,64,,3
16:45:12,,3,1f93b3957e8adbe31d3439f7a4bed542410df234eedaf2096a9ec71758bd8c01,-78,,3,64,,3
16:45:13,,3,cb3ca45aa3469b355f84032c33bc56106c6452abb7911a896b748279487375ac,-76,,3,64,,3
16:45:13,26.0,3,55d9d3a86c61b1b98b05877f12d9fea1f23b461901e14e4986a1f66e77ccb3aa,-82,,3,64,,3
16:45:14,26.0,3,55d9d3a86c61b1b98b05877f12d9fea1f23b461901e14e4986a1f66e77ccb3aa,-72,,3,64,,3
16:45:15,,3,1f93b3957e8adbe31d3439f7a4bed542410df234eedaf2096a9ec71758bd8c01,-74,,3,64,,3
16:45:16,26.0,3,28bd62a098a98898f0ae07fc4dafa90fe50d87c8384d15c9a15fb946d776d714,-84,,3,64,,3
16:45:17,,3,1f93b3957e8adbe31d3439f7a4bed542410df234eedaf2096a9ec71758bd8c01,-74,,3,64,,3
16:45:17,,3,1f93b3957e8adbe31d3439f7a4bed542410df234eedaf2096a9ec71758bd8c01,-71,,3,64,,3
16:45:18,,3,df5ead07ebb2ebb5962cf6e819ac0596b6403c8119479e74c3206421408be34c,-88,,3,64,,3
16:45:19,26.0,3,aaa592f8cf0374dd9b9cd5b0bbbc6f6c7f3c4d76e3ca573c2f9a128585c79fc7,-72,,3,64,,3
16:45:20,26.0,3,badf81f9dac0b31494e4d4c0fa1af530142ff0c4d545c2733105650691ada7bb,-74,,3,64,,3
16:45:21,26.0,3,badf81f9dac0b31494e4d4c0fa1af530142ff0c4d545c2733105650691ada7bb,-82,,3,64,,3
16:45:22,26.0,3,a3dab3bb8f4c37613fdffc51c8cc5431339f9c539123cf1df8b5b43bc1ba68eb,-83,,3,64,,3
16:45:22,26.0,3,aaa592f8cf0374dd9b9cd5b0bbbc6f6c7f3c4d76e3ca573c2f9a128585c79fc7,-76,,3,64,,3
16:45:23,,3,7916acde717a81403536e88c084fc9193ea66e87a4aad77fc4ef55f1496413f8,-82,,3,64,,3
16:45:24,26.0,3,cbbc71f0da17d9dcb5c343c2db0295ce541d84ab28b797abb13bf5a592347c72,-58,,3,64,12.0,3
16:45:25,26.0,3,28bd62a098a98898f0ae07fc4dafa90fe50d87c8384d15c9a15fb946d776d714,-80,,3,64,,3
16:45:26,26.0,3,f6de3c5e7e0f7b9f12e047f9508d3d63c3687b90757c2103fa352c989d441cf8,-85,,3,64,12.0,3
16:45:26,26.0,3,cbbc71f0da17d9dcb5c343c2db0295ce541d84ab28b797abb13bf5a592347c72,-57,,3,64,12.0,3
16:45:27,,3,7916acde717a81403536e88c084fc9193ea66e87a4aad77fc4ef55f1496413f8,-74,,3,64,,3
16:45:28,26.0,3,aaa592f8cf0374dd9b9cd5b0bbbc6f6c7f3c4d76e3ca573c2f9a128585c79fc7,-72,,3,64,,3
16:45:29,,3,e08177fb7fb918e091131c614414b77409ab9ccb9396e8d7464789c9c6d2dd57,-76,,3,64,,3
16:45:30,26.0,3,aaa592f8cf0374dd9b9cd5b0bbbc6f6c7f3c4d76e3ca573c2f9a128585c79fc7,-73,,3,64,,3
16:45:30,26.0,3,a704af4818b373eef915df5a879c4d9ab4d807913d611969f44550a65d8c7659,-80,,3,64,8.0,3
16:45:31,26.0,3,55d9d3a86c61b1b98b05877f12d9fea1f23b461901e14e4986a1f66e77ccb3aa,-72,,3,64,,3
16:45:32,26.0,3,aaa592f8cf0374dd9b9cd5b0bbbc6f6c7f3c4d76e3ca573c2f9a128585c79fc7,-72,,3,64,,3
16:45:33,,3,df5ead07ebb2ebb5962cf6e819ac0596b6403c8119479e74c3206421408be34c,-82,,3,64,,3
16:45:34,,3,353af1855a2d794e6077882c52134df0720c8788256714291ce4eec19fc1cd11,-77,,3,64,,3
16:45:34,26.0,3,56e2c97a1137dac8a7bd9c337e46534f9e24d175ef582afdba290920625ea418,-87,,3,64,,3
16:45:35,,3,6ac273ec441822eebd780d252559a6818d4b43c60619c45ea142d7a53282cc18,-92,,3,64,,3
16:45:36,,3,df5ead07ebb2ebb5962cf6e819ac0596b6403c8119479e74c3206421408be34c,-81,,3,64,,3
16:45:37,,3,353af1855a2d794e6077882c52134df0720c8788256714291ce4eec19fc1cd11,-71,,3,64,,3
16:45:38,26.0,3,cbbc71f0da17d9dcb5c343c2db0295ce541d84ab28b797abb13bf5a592347c72,-58,,3,64,12.0,3
16:45:38,26.0,3,0708bb803fb539701aed4abe7137d644da395d63db0127bb1778bb46e8f07ac4,-89,,3,64,,3
16:45:39,,3,7916acde717a81403536e88c084fc9193ea66e87a4aad77fc4ef55f1496413f8,-79,,3,64,,3
16:45:40,26.0,3,a3dab3bb8f4c37613fdffc51c8cc5431339f9c539123cf1df8b5b43bc1ba68eb,-86,,3,64,,3
16:45:41,,3,cb3ca45aa3469b355f84032c33bc56106c6452abb7911a896b748279487375ac,-83,,3,64,,3
16:45:42,26.0,3,a704af4818b373eef915df5a879c4d9ab4d807913d611969f44550a65d8c7659,-81,,3,64,8.0,3
16:45:43,,3,cb3ca45aa3469b355f84032c33bc56106c6452abb7911a896b748279487375ac,-76,,3,64,,3
16:45:43,,3,353af1855a2d794e6077882c52134df0720c8788256714291ce4eec19fc1cd11,-75,,3,64,,3
16:45:44,26.0,3,aaa592f8cf0374dd9b9cd5b0bbbc6f6c7f3c4d76e3ca573c2f9a128585c79fc7,-72,,3,64,,3
16:45:45,26.0,3,a3dab3bb8f4c37613fdffc51c8cc5431339f9c539123cf1df8b5b43bc1ba68eb,-87,,3,64,,3
16:45:46,,3,df5ead07ebb2ebb5962cf6e819ac0596b6403c8119479e74c3206421408be34c,-81,,3,64,,3
16:45:47,6.0,3,f4ae16c519c4840e1f13f94e4f83e7d64a1651aa49d8429128a8a366a5b77d08,-85,,3,64,,3
16:45:47,26.0,3,55d9d3a86c61b1b98b05877f12d9fea1f23b461901e14e4986a1f66e77ccb3aa,-74,,3,64,,3
16:45:48,,3,cb3ca45aa3469b355f84032c33bc56106c6452abb7911a896b748279487375ac,-71,,3,64,,3
16:45:49,26.0,3,28bd62a098a98898f0ae07fc4dafa90fe50d87c8384d15c9a15fb946d776d714,-77,,3,64,,3
16:45:50,,3,df5ead07ebb2ebb5962cf6e819ac0596b6403c8119479e74c3206421408be34c,-90,,3,64,,3
16:45:51,6.0,3,ffe809e617f779eee0b136974bcac1c5f977286be7f23872795d1f3d5c0521a4,-89,,3,64,,3
16:45:51,,3,6ac273ec441822eebd780d252559a6818d4b43c60619c45ea142d7a53282cc18,-85,,3,64,,3
16:45:52,26.0,3,aaa592f8cf0374dd9b9cd5b0bbbc6f6c7f3c4d76e3ca573c2f9a128585c79fc7,-85,,3,64,,3
16:45:53,26.0,3,55d9d3a86c61b1b98b05877f12d9fea1f23b461901e14e4986a1f66e77ccb3aa,-84,,3,64,,3
16:45:54,26.0,3,a704af4818b373eef915df5a879c4d9ab4d807913d611969f44550a65d8c7659,-77,,3,64,8.0,3
16:45:55,26.0,3,56e2c97a1137dac8a7bd9c337e46534f9e24d175ef582afdba290920625ea418,-82,,3,64,,3
16:45:55,26.0,3,05b2e041158e5a862ddc7d0a0ab6afe3190bdbdfe9843ae34a5e3a09339ec690,-90,,3,64,7.0,3
16:45:56,26.0,3,badf81f9dac0b31494e4d4c0fa1af530142ff0c4d545c2733105650691ada7bb,-84,,3,64,,3
16:45:57,26.0,3,05b2e041158e5a862ddc7d0a0ab6afe3190bdbdfe9843ae34a5e3a09339ec690,-95,,3,64,7.0,3
16:45:58,,3,df5ead07ebb2ebb5962cf6e819ac0596b6403c8119479e74c3206421408be34c,-83,,3,64,,3
16:45:59,26.0,3,badf81f9dac0b31494e4d4c0fa1af530142ff0c4d545c2733105650691ada7bb,-88,,3,64,,3
16:45:59,26.0,3,56e2c97a1137dac8a7bd9c337e46534f9e24d175ef582afdba290920625ea418,-88,,3,64,,3
16:46:00,,3,cb3ca45aa3469b355f84032c33bc56106c6452abb7911a896b748279487375ac,-72,,3,64,,3
16:46:01,,3,df5ead07ebb2ebb5962cf6e819ac0596b6403c8119479e74c3206421408be34c,-87,,3,64,,3
16:46:02,26.0,3,aaa592f8cf0374dd9b9cd5b0bbbc6f6c7f3c4d76e3ca573c2f9a128585c79fc7,-76,,3,64,,3
16:46:03,,3,df5ead07ebb2ebb5962cf6e819ac0596b6403c8119479e74c3206421408be34c,-83,,3,64,,3
16:46:04,26.0,3,28bd62a098a98898f0ae07fc4dafa90fe50d87c8384d15c9a15fb946d776d714,-75,,3,64,,3
16:46:04,26.0,3,0708bb803fb539701aed4abe7137d644da395d63db0127bb1778bb46e8f07ac4,-88,,3,64,,3
16:46:05,26.0,3,f6de3c5e7e0f7b9f12e047f9508d3d63c3687b90757c2103fa352c989d441cf8,-88,,3,64,12.0,3
16:46:06,,3,cb3ca45aa3469b355f84032c33bc56106c6452abb7911a896b748279487375ac,-91,,3,64,,3
16:46:07,,3,df5ead07ebb2ebb5962cf6e819ac0596b6403c8119479e74c3206421408be34c,-89,,3,64,,3
16:46:08,,3,7916acde717a81403536e88c084fc9193ea66e87a4aad77fc4ef55f1496413f8,-77,,3,64,,3
16:46:08,26.0,3,a704af4818b373eef915df5a879c4d9ab4d807913d611969f44550a65d8c7659,-78,,3,64,8.0,3
16:46:09,26.0,3,0708bb803fb539701aed4abe7137d644da395d63db0127bb1778bb46e8f07ac4,-90,,3,64,,3
16:46:10,26.0,3,a704af4818b373eef915df5a879c4d9ab4d807913d611969f44550a65d8c7659,-78,,3,64,8.0,3
16:46:11,,3,353af1855a2d794e6077882c52134df0720c8788256714291ce4eec19fc1cd11,-88,,3,64,,3
16:46:12,26.0,3,8f005dba5d59818571170eb477419af51bfe21656f6a31c030838f8fd00f3d6b,-86,,3,64,7.0,3
16:46:12,6.0,3,ffe809e617f779eee0b136974bcac1c5f977286be7f23872795d1f3d5c0521a4,-87,,3,64,,3
16:46:13,26.0,3,badf81f9dac0b31494e4d4c0fa1af530142ff0c4d545c2733105650691ada7bb,-87,,3,64,,3
16:46:14,6.0,3,ff0971a16a475736b2e87fa5178971e6130e3780ab3dafc711e2b55686d8ae17,-85,,3,64,,3
16:46:15,,3,cb3ca45aa3469b355f84032c33bc56106c6452abb7911a896b748279487375ac,-75,,3,64,,3
16:46:16,,3,353af1855a2d794e6077882c52134df0720c8788256714291ce4eec19fc1cd11,-71,,3,64,,3
16:46:16,6.0,3,ff0971a16a475736b2e87fa5178971e6130e3780ab3dafc711e2b55686d8ae17,-89,,3,64,,3
16:46:17,26.0,3,4b07fbdf4def60a2d5e5f747a46dbb4c7f928b72a40e7648b1ac74d8878732fd,-81,,3,64,5.0,3
16:46:18,,3,cb3ca45aa3469b355f84032c33bc56106c6452abb7911a896b748279487375ac,-62,,3,64,,3
16:46:19,,3,7916acde717a81403536e88c084fc9193ea66e87a4aad77fc4ef55f1496413f8,-80,,3,64,,3
16:46:20,26.0,3,56e2c97a1137dac8a7bd9c337e46534f9e24d175ef582afdba290920625ea418,-83,,3,64,,3
16:46:21,26.0,3,28bd62a098a98898f0ae07fc4dafa90fe50d87c8384d15c9a15fb946d776d714,-79,,3,64,,3
16:46:21,26.0,3,aaa592f8cf0374dd9b9cd5b0bbbc6f6c7f3c4d76e3ca573c2f9a128585c79fc7,-79,,3,64,,3
16:46:22,26.0,3,05b2e041158e5a862ddc7d0a0ab6afe3190bdbdfe9843ae34a5e3a09339ec690,-90,,3,64,7.0,3
16:46:23,26.0,3,28bd62a098a98898f0ae07fc4dafa90fe50d87c8384d15c9a15fb946d776d714,-79,,3,64,,3
16:46:24,26.0,3,0708bb803fb539701aed4abe7137d644da395d63db0127bb1778bb46e8f07ac4,-89,,3,64,,3
16:46:25,,3,cb3ca45aa3469b355f84032c33bc56106c6452abb7911a896b748279487375ac,-61,,3,64,,3
16:46:25,,3,df5ead07ebb2ebb5962cf6e819ac0596b6403c8119479e74c3206421408be34c,-84,,3,64,,3
16:46:26,,3,cb3ca45aa3469b355f84032c33bc56106c6452abb7911a896b748279487375ac,-62,,3,64,,3
16:46:27,26.0,3,cbbc71f0da17d9dcb5c343c2db0295ce541d84ab28b797abb13bf5a592347c72,-65,,3,64,12.0,3
16:46:28,26.0,3,28bd62a098a98898f0ae07fc4dafa90fe50d87c8384d15c9a15fb946d776d714,-82,,3,64,,3
16:46:29,26.0,3,badf81f9dac0b31494e4d4c0fa1af530142ff0c4d545c2733105650691ada7bb,-72,,3,64,,3
16:46:29,26.0,3,a3dab3bb8f4c37613fdffc51c8cc5431339f9c539123cf1df8b5b43bc1ba68eb,-84,,3,64,,3
16:46:30,,3,7916acde717a81403536e88c084fc9193ea66e87a4aad77fc4ef55f1496413f8,-82,,3,64,,3
16:46:31,,3,df5ead07ebb2ebb5962cf6e819ac0596b6403c8119479e74c3206421408be34c,-85,,3,64,,3
16:46:32,,3,353af1855a2d794e6077882c52134df0720c8788256714291ce4eec19fc1cd11,-83,,3,64,,3
16:46:33,,3,7916acde717a81403536e88c084fc9193ea66e87a4aad77fc4ef55f1496413f8,-82,,3,64,,3
16:46:33,,3,a60518f5a26877ada31aa89802c0f08f1550104df99c8e72f4c04ee933de03b8,-77,,3,64,,3
16:46:34,,3,7916acde717a81403536e88c084fc9193ea66e87a4aad77fc4ef55f1496413f8,-80,,3,64,,3
16:46:35,26.0,3,badf81f9dac0b31494e4d4c0fa1af530142ff0c4d545c2733105650691ada7bb,-74,,3,64,,3
16:46:36,26.0,3,aaa592f8cf0374dd9b9cd5b0bbbc6f6c7f3c4d76e3ca573c2f9a128585c79fc7,-76,,3,64,,3
16:46:37,26.0,3,badf81f9dac0b31494e4d4c0fa1af530142ff0c4d545c2733105650691ada7bb,-73,,3,64,,3
16:46:37,,3,6ac273ec441822eebd780d252559a6818d4b43c60619c45ea142d7a53282cc18,-91,,3,64,,3
16:46:38,,3,353af1855a2d794e6077882c52134df0720c8788256714291ce4eec19fc1cd11,-70,,3,64,,3
16:46:39,26.0,3,aaa592f8cf0374dd9b9cd5b0bbbc6f6c7f3c4d76e3ca573c2f9a128585c79fc7,-75,,3,64,,3
16:46:40,,3,691535de3706bae00ceaa3790a5fa1d15f8b7e693d659d568132b4c55f1ccce6,-62,,3,64,,3
16:46:41,,3,353af1855a2d794e6077882c52134df0720c8788256714291ce4eec19fc1cd11,-70,,3,64,,3
16:46:42,26.0,3,aaa592f8cf0374dd9b9cd5b0bbbc6f6c7f3c4d76e3ca573c2f9a128585c79fc7,-75,,3,64,,3
16:46:42,26.0,3,badf81f9dac0b31494e4d4c0fa1af530142ff0c4d545c2733105650691ada7bb,-82,,3,64,,3
16:46:43,,3,df5ead07ebb2ebb5962cf6e819ac0596b6403c8119479e74c3206421408be34c,-82,,3,64,,3
16:46:44,26.0,3,56e2c97a1137dac8a7bd9c337e46534f9e24d175ef582afdba290920625ea418,-94,,3,64,,3
16:46:45,26.0,3,0708bb803fb539701aed4abe7137d644da395d63db0127bb1778bb46e8f07ac4,-90,,3,64,,3
16:46:46,26.0,3,55d9d3a86c61b1b98b05877f12d9fea1f23b461901e14e4986a1f66e77ccb3aa,-76,,3,64,,3
16:46:46,,3,df5ead07ebb2ebb5962cf6e819ac0596b6403c8119479e74c3206421408be34c,-82,,3,64,,3
16:46:47,,3,cb3ca45aa3469b355f84032c33bc56106c6452abb7911a896b748279487375ac,-59,,3,64,,3
16:46:48,,3,cb3ca45aa3469b355f84032c33bc56106c6452abb7911a896b748279487375ac,-62,,3,64,,3
16:46:49,26.0,3,a704af4818b373eef915df5a879c4d9ab4d807913d611969f44550a65d8c7659,-79,,3,64,8.0,3
16:46:50,,3,df5ead07ebb2ebb5962cf6e819ac0596b6403c8119479e74c3206421408be34c,-82,,3,64,,3
16:46:50,,3,7916acde717a81403536e88c084fc9193ea66e87a4aad77fc4ef55f1496413f8,-86,,3,64,,3
16:46:51,26.0,3,0708bb803fb539701aed4abe7137d644da395d63db0127bb1778bb46e8f07ac4,-86,,3,64,,3
16:46:52,,3,df5ead07ebb2ebb5962cf6e819ac0596b6403c8119479e74c3206421408be34c,-81,,3,64,,3
16:46:53,,3,353af1855a2d794e6077882c52134df0720c8788256714291ce4eec19fc1cd11,-87,,3,64,,3
16:46:54,,3,353af1855a2d794e6077882c52134df0720c8788256714291ce4eec19fc1cd11,-83,,3,64,,3
16:46:54,26.0,3,55d9d3a86c61b1b98b05877f12d9fea1f23b461901e14e4986a1f66e77ccb3aa,-80,,3,64,,3
16:46:55,6.0,3,ffe809e617f779eee0b136974bcac1c5f977286be7f23872795d1f3d5c0521a4,-91,,3,64,,3
16:46:56,,3,cb3ca45aa3469b355f84032c33bc56106c6452abb7911a896b748279487375ac,-64,,3,64,,3
16:46:57,,3,df5ead07ebb2ebb5962cf6e819ac0596b6403c8119479e74c3206421408be34c,-85,,3,64,,3
16:46:58,26.0,3,badf81f9dac0b31494e4d4c0fa1af530142ff0c4d545c2733105650691ada7bb,-80,,3,64,,3
16:46:59,26.0,3,55d9d3a86c61b1b98b05877f12d9fea1f23b461901e14e4986a1f66e77ccb3aa,-80,,3,64,,3
16:46:59,,3,cb3ca45aa3469b355f84032c33bc56106c6452abb7911a896b748279487375ac,-66,,3,64,,3
16:47:00,26.0,3,0708bb803fb539701aed4abe7137d644da395d63db0127bb1778bb46e8f07ac4,-88,,3,64,,3
16:47:01,,3,353af1855a2d794e6077882c52134df0720c8788256714291ce4eec19fc1cd11,-88,,3,64,,3
16:47:02,,3,cb3ca45aa3469b355f84032c33bc56106c6452abb7911a896b748279487375ac,-65,,3,64,,3
16:47:03,,3,cb3ca45aa3469b355f84032c33bc56106c6452abb7911a896b748279487375ac,-68,,3,64,,3
16:47:03,,3,df5ead07ebb2ebb5962cf6e819ac0596b6403c8119479e74c3206421408be34c,-79,,3,64,,3
16:47:04,,3,7916acde717a81403536e88c084fc9193ea66e87a4aad77fc4ef55f1496413f8,-79,,3,64,,3
16:47:05,26.0,3,eec1e12b4c372c16412239ae5bb0b87e22d0e93c025d8b1ad5fc31bee6bb0c94,-84,,3,64,5.0,3
16:47:06,,3,7916acde717a81403536e88c084fc9193ea66e87a4aad77fc4ef55f1496413f8,-72,,3,64,,3
16:47:07,,3,df5ead07ebb2ebb5962cf6e819ac0596b6403c8119479e74c3206421408be34c,-96,,3,64,,3
16:47:07,26.0,3,55d9d3a86c61b1b98b05877f12d9fea1f23b461901e14e4986a1f66e77ccb3aa,-78,,3,64,,3
16:47:08,26.0,3,8f005dba5d59818571170eb477419af51bfe21656f6a31c030838f8fd00f3d6b,-89,,3,64,7.0,3
16:47:09,,3,cb3ca45aa3469b355f84032c33bc56106c6452abb7911a896b748279487375ac,-70,,3,64,,3
16:47:10,,3,df5ead07ebb2ebb5962cf6e819ac0596b6403c8119479e74c3206421408be34c,-83,,3,64,,3
16:47:11,6.0,3,f4ae16c519c4840e1f13f94e4f83e7d64a1651aa49d8429128a8a366a5b77d08,-86,,3,64,,3
16:47:11,26.0,3,a3dab3bb8f4c37613fdffc51c8cc5431339f9c539123cf1df8b5b43bc1ba68eb,-82,,3,64,,3
16:47:12,,3,cb3ca45aa3469b355f84032c33bc56106c6452abb7911a896b748279487375ac,-63,,3,64,,3
16:47:13,,3,353af1855a2d794e6077882c52134df0720c8788256714291ce4eec19fc1cd11,-79,,3,64,,3
16:47:14,6.0,3,ab3731ee1ecb83a2c9cfb692f3ef6b888dca2e6d5cc4c3ac0155a2303366beed,-94,Cb30,3,64,,3
16:47:15,26.0,3,badf81f9dac0b31494e4d4c0fa1af530142ff0c4d545c2733105650691ada7bb,-82,,3,64,,3
16:47:15,,3,cb3ca45aa3469b355f84032c33bc56106c6452abb7911a896b748279487375ac,-65,,3,64,,3
16:47:16,6.0,3,ffe809e617f779eee0b136974bcac1c5f977286be7f23872795d1f3d5c0521a4,-87,,3,64,,3
16:47:17,,3,7916acde717a81403536e88c084fc9193ea66e87a4aad77fc4ef55f1496413f8,-73,,3,64,,3
16:47:18,,3,cb3ca45aa3469b355f84032c33bc56106c6452abb7911a896b748279487375ac,-64,,3,64,,3
16:47:19,,3,353af1855a2d794e6077882c52134df0720c8788256714291ce4eec19fc1cd11,-87,,3,64,,3
16:47:20,26.0,3,f6de3c5e7e0f7b9f12e047f9508d3d63c3687b90757c2103fa352c989d441cf8,-87,,3,64,12.0,3
16:47:20,6.0,3,f4ae16c519c4840e1f13f94e4f83e7d64a1651aa49d8429128a8a366a5b77d08,-87,,3,64,,3
16:47:21,6.0,3,ff0971a16a475736b2e87fa5178971e6130e3780ab3dafc711e2b55686d8ae17,-86,,3,64,,3
16:47:22,,3,df5ead07ebb2ebb5962cf6e819ac0596b6403c8119479e74c3206421408be34c,-81,,3,64,,3
16:47:23,6.0,3,ffe809e617f779eee0b136974bcac1c5f977286be7f23872795d1f3d5c0521a4,-84,,3,64,,3
16:47:24,,3,353af1855a2d794e6077882c52134df0720c8788256714291ce4eec19fc1cd11,-78,,3,64,,3
16:47:24,,3,df5ead07ebb2ebb5962cf6e819ac0596b6403c8119479e74c3206421408be34c,-77,,3,64,,3
16:47:25,26.0,3,55d9d3a86c61b1b98b05877f12d9fea1f23b461901e14e4986a1f66e77ccb3aa,-77,,3,64,,3
16:47:26,,3,cb3ca45aa3469b355f84032c33bc56106c6452abb7911a896b748279487375ac,-65,,3,64,,3
16:47:27,26.0,3,badf81f9dac0b31494e4d4c0fa1af530142ff0c4d545c2733105650691ada7bb,-72,,3,64,,3
16:47:28,6.0,3,f4ae16c519c4840e1f13f94e4f83e7d64a1651aa49d8429128a8a366a5b77d08,-90,,3,64,,3
16:47:28,26.0,3,56e2c97a1137dac8a7bd9c337e46534f9e24d175ef582afdba290920625ea418,-90,,3,64,,3
16:47:29,,3,353af1855a2d794e6077882c52134df0720c8788256714291ce4eec19fc1cd11,-82,,3,64,,3
16:47:30,26.0,3,a3dab3bb8f4c37613fdffc51c8cc5431339f9c539123cf1df8b5b43bc1ba68eb,-84,,3,64,,3
16:47:31,,3,df5ead07ebb2ebb5962cf6e819ac0596b6403c8119479e74c3206421408be34c,-87,,3,64,,3
16:47:32,,3,353af1855a2d794e6077882c52134df0720c8788256714291ce4eec19fc1cd11,-78,,3,64,,3
16:47:32,26.0,3,aaa592f8cf0374dd9b9cd5b0bbbc6f6c7f3c4d76e3ca573c2f9a128585c79fc7,-73,,3,64,,3
16:47:33,,3,df5ead07ebb2ebb5962cf6e819ac0596b6403c8119479e74c3206421408be34c,-89,,3,64,,3
16:47:34,26.0,3,28bd62a098a98898f0ae07fc4dafa90fe50d87c8384d15c9a15fb946d776d714,-84,,3,64,,3
16:47:35,26.0,3,badf81f9dac0b31494e4d4c0fa1af530142ff0c4d545c2733105650691ada7bb,-74,,3,64,,3
16:47:36,,3,cb3ca45aa3469b355f84032c33bc56106c6452abb7911a896b748279487375ac,-71,,3,64,,3
16:47:36,6.0,3,ff0971a16a475736b2e87fa5178971e6130e3780ab3dafc711e2b55686d8ae17,-88,,3,64,,3
16:47:37,,3,cb3ca45aa3469b355f84032c33bc56106c6452abb7911a896b748279487375ac,-71,,3,64,,3
16:47:38,26.0,3,55d9d3a86c61b1b98b05877f12d9fea1f23b461901e14e4986a1f66e77ccb3aa,-80,,3,64,,3
16:47:39,26.0,3,0708bb803fb539701aed4abe7137d644da395d63db0127bb1778bb46e8f07ac4,-88,,3,64,,3
16:47:40,,3,cb3ca45aa3469b355f84032c33bc56106c6452abb7911a896b748279487375ac,-73,,3,64,,3
16:47:41,26.0,3,f6de3c5e7e0f7b9f12e047f9508d3d63c3687b90757c2103fa352c989d441cf8,-90,,3,64,12.0,3
16:47:41,,3,353af1855a2d794e6077882c52134df0720c8788256714291ce4eec19fc1cd11,-79,,3,64,,3
16:47:42,,3,a2542119652e2e9d68d4268c9ea595ecff338e39d6a52a94b8bdc22e4b1e37fb,-88,,3,64,,3
16:47:43,26.0,3,55d9d3a86c61b1b98b05877f12d9fea1f23b461901e14e4986a1f66e77ccb3aa,-73,,3,64,,3
16:47:44,,3,cb3ca45aa3469b355f84032c33bc56106c6452abb7911a896b748279487375ac,-61,,3,64,,3
16:47:45,,3,cb3ca45aa3469b355f84032c33bc56106c6452abb7911a896b748279487375ac,-66,,3,64,,3
16:47:45,26.0,3,eec1e12b4c372c16412239ae5bb0b87e22d0e93c025d8b1ad5fc31bee6bb0c94,-80,,3,64,5.0,3
16:47:46,,3,cb3ca45aa3469b355f84032c33bc56106c6452abb7911a896b748279487375ac,-71,,3,64,,3
16:47:47,,3,cb3ca45aa3469b355f84032c33bc56106c6452abb7911a896b748279487375ac,-68,,3,64,,3
16:47:48,26.0,3,55d9d3a86c61b1b98b05877f12d9fea1f23b461901e14e4986a1f66e77ccb3aa,-79,,3,64,,3
16:47:49,,3,a2542119652e2e9d68d4268c9ea595ecff338e39d6a52a94b8bdc22e4b1e37fb,-75,,3,64,,3
16:47:49,,3,6ac273ec441822eebd780d252559a6818d4b43c60619c45ea142d7a53282cc18,-88,,3,64,,3
16:47:50,,3,353af1855a2d794e6077882c52134df0720c8788256714291ce4eec19fc1cd11,-77,,3,64,,3
16:47:51,,3,a2542119652e2e9d68d4268c9ea595ecff338e39d6a52a94b8bdc22e4b1e37fb,-75,,3,64,,3
16:47:52,,3,6ac273ec441822eebd780d252559a6818d4b43c60619c45ea142d7a53282cc18,-96,,3,64,,3
16:47:53,,3,cb3ca45aa3469b355f84032c33bc56106c6452abb7911a896b748279487375ac,-67,,3,64,,3
16:47:53,26.0,3,f6de3c5e7e0f7b9f12e047f9508d3d63c3687b90757c2103fa352c989d441cf8,-90,,3,64,12.0,3
16:47:54,,3,a2542119652e2e9d68d4268c9ea595ecff338e39d6a52a94b8bdc22e4b1e37fb,-88,,3,64,,3
16:47:55,26.0,3,aaa592f8cf0374dd9b9cd5b0bbbc6f6c7f3c4d76e3ca573c2f9a128585c79fc7,-73,,3,64,,3
16:47:56,,3,691535de3706bae00ceaa3790a5fa1d15f8b7e693d659d568132b4c55f1ccce6,-54,,3,64,,3
16:47:57,,3,cb3ca45aa3469b355f84032c33bc56106c6452abb7911a896b748279487375ac,-66,,3,64,,3
16:47:57,26.0,3,28bd62a098a98898f0ae07fc4dafa90fe50d87c8384d15c9a15fb946d776d714,-78,,3,64,,3
16:47:58,26.0,3,aaa592f8cf0374dd9b9cd5b0bbbc6f6c7f3c4d76e3ca573c2f9a128585c79fc7,-78,,3,64,,3
16:47:59,,3,e08177fb7fb918e091131c614414b77409ab9ccb9396e8d7464789c9c6d2dd57,-78,,3,64,,3
16:48:00,26.0,3,28bd62a098a98898f0ae07fc4dafa90fe50d87c8384d15c9a15fb946d776d714,-78,,3,64,,3
16:48:01,,3,df5ead07ebb2ebb5962cf6e819ac0596b6403c8119479e74c3206421408be34c,-83,,3,64,,3
16:48:02,,3,a2542119652e2e9d68d4268c9ea595ecff338e39d6a52a94b8bdc22e4b1e37fb,-74,,3,64,,3
16:48:02,,3,a2542119652e2e9d68d4268c9ea595ecff338e39d6a52a94b8bdc22e4b1e37fb,-86,,3,64,,3
16:48:03,,3,353af1855a2d794e6077882c52134df0720c8788256714291ce4eec19fc1cd11,-76,,3,64,,3
16:48:04,,3,df5ead07ebb2ebb5962cf6e819ac0596b6403c8119479e74c3206421408be34c,-84,,3,64,,3
16:48:05,26.0,3,55d9d3a86c61b1b98b05877f12d9fea1f23b461901e14e4986a1f66e77ccb3aa,-81,,3,64,,3
16:48:06,26.0,3,56e2c97a1137dac8a7bd9c337e46534f9e24d175ef582afdba290920625ea418,-83,,3,64,,3
16:48:06,,3,df5ead07ebb2ebb5962cf6e819ac0596b6403c8119479e74c3206421408be34c,-87,,3,64,,3
16:48:07,26.0,3,aaa592f8cf0374dd9b9cd5b0bbbc6f6c7f3c4d76e3ca573c2f9a128585c79fc7,-73,,3,64,,3
16:48:08,26.0,3,aaa592f8cf0374dd9b9cd5b0bbbc6f6c7f3c4d76e3ca573c2f9a128585c79fc7,-75,,3,64,,3
16:48:09,,3,df5ead07ebb2ebb5962cf6e819ac0596b6403c8119479e74c3206421408be34c,-82,,3,64,,3
16:48:10,26.0,3,28bd62a098a98898f0ae07fc4dafa90fe50d87c8384d15c9a15fb946d776d714,-83,,3,64,,3
16:48:10,26.0,3,aaa592f8cf0374dd9b9cd5b0bbbc6f6c7f3c4d76e3ca573c2f9a128585c79fc7,-74,,3,64,,3
16:48:11,26.0,3,a704af4818b373eef915df5a879c4d9ab4d807913d611969f44550a65d8c7659,-76,,3,64,8.0,3
16:48:12,26.0,3,eec1e12b4c372c16412239ae5bb0b87e22d0e93c025d8b1ad5fc31bee6bb0c94,-78,,3,64,5.0,3
16:48:13,26.0,3,55d9d3a86c61b1b98b05877f12d9fea1f23b461901e14e4986a1f66e77ccb3aa,-79,,3,64,,3
16:48:14,6.0,3,ab3731ee1ecb83a2c9cfb692f3ef6b888dca2e6d5cc4c3ac0155a2303366beed,-89,Cb30,3,64,,3
16:48:15,,3,cb3ca45aa3469b355f84032c33bc56106c6452abb7911a896b748279487375ac,-83,,3,64,,3
16:48:15,26.0,3,55d9d3a86c61b1b98b05877f12d9fea1f23b461901e14e4986a1f66e77ccb3aa,-79,,3,64,,3
16:48:16,,3,353af1855a2d794e6077882c52134df0720c8788256714291ce4eec19fc1cd11,-90,,3,64,,3
16:48:17,,3,cb3ca45aa3469b355f84032c33bc56106c6452abb7911a896b748279487375ac,-76,,3,64,,3
16:48:18,26.0,3,aaa592f8cf0374dd9b9cd5b0bbbc6f6c7f3c4d76e3ca573c2f9a128585c79fc7,-74,,3,64,,3
16:48:19,26.0,3,aaa592f8cf0374dd9b9cd5b0bbbc6f6c7f3c4d76e3ca573c2f9a128585c79fc7,-76,,3,64,,3
16:48:19,,3,cb3ca45aa3469b355f84032c33bc56106c6452abb7911a896b748279487375ac,-70,,3,64,,3
16:48:20,,3,a2542119652e2e9d68d4268c9ea595ecff338e39d6a52a94b8bdc22e4b1e37fb,-74,,3,64,,3
16:48:21,26.0,3,aaa592f8cf0374dd9b9cd5b0bbbc6f6c7f3c4d76e3ca573c2f9a128585c79fc7,-76,,3,64,,3
16:48:22,26.0,3,a704af4818b373eef915df5a879c4d9ab4d807913d611969f44550a65d8c7659,-84,,3,64,8.0,3
16:48:23,26.0,3,aaa592f8cf0374dd9b9cd5b0bbbc6f6c7f3c4d76e3ca573c2f9a128585c79fc7,-76,,3,64,,3
16:48:23,26.0,3,a704af4818b373eef915df5a879c4d9ab4d807913d611969f44550a65d8c7659,-88,,3,64,8.0,3
16:48:24,26.0,3,28bd62a098a98898f0ae07fc4dafa90fe50d87c8384d15c9a15fb946d776d714,-76,,3,64,,3
16:48:25,6.0,3,ff0971a16a475736b2e87fa5178971e6130e3780ab3dafc711e2b55686d8ae17,-94,,3,64,,3
16:48:26,26.0,3,28bd62a098a98898f0ae07fc4dafa90fe50d87c8384d15c9a15fb946d776d714,-78,,3,64,,3
16:48:27,26.0,3,05b2e041158e5a862ddc7d0a0ab6afe3190bdbdfe9843ae34a5e3a09339ec690,-93,,3,64,7.0,3
16:48:27,26.0,3,aaa592f8cf0374dd9b9cd5b0bbbc6f6c7f3c4d76e3ca573c2f9a128585c79fc7,-85,,3,64,,3
16:48:28,,3,a2542119652e2e9d68d4268c9ea595ecff338e39d6a52a94b8bdc22e4b1e37fb,-79,,3,64,,3
16:48:29,,3,cb3ca45aa3469b355f84032c33bc56106c6452abb7911a896b748279487375ac,-87,,3,64,,3
16:48:30,,3,df5ead07ebb2ebb5962cf6e819ac0596b6403c8119479e74c3206421408be34c,-76,,3,64,,3
16:48:31,26.0,3,a3dab3bb8f4c37613fdffc51c8cc5431339f9c539123cf1df8b5b43bc1ba68eb,-85,,3,64,,3
16:48:31,,3,691535de3706bae00ceaa3790a5fa1d15f8b7e693d659d568132b4c55f1ccce6,-62,,3,64,,3
16:48:32,26.0,3,aaa592f8cf0374dd9b9cd5b0bbbc6f6c7f3c4d76e3ca573c2f9a128585c79fc7,-76,,3,64,,3
16:48:33,,3,df5ead07ebb2ebb5962cf6e819ac0596b6403c8119479e74c3206421408be34c,-90,,3,64,,3
16:48:34,26.0,3,28bd62a098a98898f0ae07fc4dafa90fe50d87c8384d15c9a15fb946d776d714,-86,,3,64,,3
16:48:35,6.0,3,f4ae16c519c4840e1f13f94e4f83e7d64a1651aa49d8429128a8a366a5b77d08,-86,,3,64,,3
16:48:36,,3,cb3ca45aa3469b355f84032c33bc56106c6452abb7911a896b748279487375ac,-67,,3,64,,3
16:48:36,6.0,3,f4ae16c519c4840e1f13f94e4f83e7d64a1651aa49d8429128a8a366a5b77d08,-88,,3,64,,3
16:48:37,26.0,3,55d9d3a86c61b1b98b05877f12d9fea1f23b461901e14e4986a1f66e77ccb3aa,-75,,3,64,,3
16:48:38,,3,353af1855a2d794e6077882c52134df0720c8788256714291ce4eec19fc1cd11,-75,,3,64,,3
16:48:39,6.0,3,f4ae16c519c4840e1f13f94e4f83e7d64a1651aa49d8429128a8a366a5b77d08,-94,,3,64,,3
16:48:40,,3,a2542119652e2e9d68d4268c9ea595ecff338e39d6a52a94b8bdc22e4b1e37fb,-85,,3,64,,3
16:48:40,6.0,3,ff0971a16a475736b2e87fa5178971e6130e3780ab3dafc711e2b55686d8ae17,-88,,3,64,,3
16:48:41,,3,cb3ca45aa3469b355f84032c33bc56106c6452abb7911a896b748279487375ac,-81,,3,64,,3
16:48:42,,3,df5ead07ebb2ebb5962cf6e819ac0596b6403c8119479e74c3206421408be34c,-86,,3,64,,3
16:48:43,,3,353af1855a2d794e6077882c52134df0720c8788256714291ce4eec19fc1cd11,-72,,3,64,,3
16:48:44,26.0,3,05b2e041158e5a862ddc7d0a0ab6afe3190bdbdfe9843ae34a5e3a09339ec690,-84,,3,64,7.0,3
16:48:44,6.0,3,ff0971a16a475736b2e87fa5178971e6130e3780ab3dafc711e2b55686d8ae17,-90,,3,64,,3
16:48:45,,3,a2542119652e2e9d68d4268c9ea595ecff338e39d6a52a94b8bdc22e4b1e37fb,-78,,3,64,,3
16:48:46,26.0,3,28bd62a098a98898f0ae07fc4dafa90fe50d87c8384d15c9a15fb946d776d714,-87,,3,64,,3
16:48:47,26.0,3,a704af4818b373eef915df5a879c4d9ab4d807913d611969f44550a65d8c7659,-74,,3,64,8.0,3
16:48:48,,3,df5ead07ebb2ebb5962cf6e819ac0596b6403c8119479e74c3206421408be34c,-85,,3,64,,3
16:48:48,26.0,3,a704af4818b373eef915df5a879c4d9ab4d807913d611969f44550a65d8c7659,-75,,3,64,8.0,3
16:48:49,,3,e08177fb7fb918e091131c614414b77409ab9ccb9396e8d7464789c9c6d2dd57,-78,,3,64,,3
16:48:50,,3,353af1855a2d794e6077882c52134df0720c8788256714291ce4eec19fc1cd11,-73,,3,64,,3
16:48:51,,3,a2542119652e2e9d68d4268c9ea595ecff338e39d6a52a94b8bdc22e4b1e37fb,-72,,3,64,,3
16:48:52,26.0,3,aaa592f8cf0374dd9b9cd5b0bbbc6f6c7f3c4d76e3ca573c2f9a128585c79fc7,-79,,3,64,,3
16:48:53,,3,353af1855a2d794e6077882c52134df0720c8788256714291ce4eec19fc1cd11,-74,,3,64,,3
16:48:54,,3,a2542119652e2e9d68d4268c9ea595ecff338e39d6a52a94b8bdc22e4b1e37fb,-74,,3,64,,3
16:48:55,,3,cb3ca45aa3469b355f84032c33bc56106c6452abb7911a896b748279487375ac,-80,,3,64,,3
16:48:56,26.0,3,55d9d3a86c61b1b98b05877f12d9fea1f23b461901e14e4986a1f66e77ccb3aa,-80,,3,64,,3
16:48:57,,3,a2542119652e2e9d68d4268c9ea595ecff338e39d6a52a94b8bdc22e4b1e37fb,-74,,3,64,,3
16:48:57,26.0,3,121127ae2f6dd787ddebdc208e076edb9b5252272a9189cf2316be62026e5ac6,-85,,3,64,5.0,3
16:48:58,,3,353af1855a2d794e6077882c52134df0720c8788256714291ce4eec19fc1cd11,-71,,3,64,,3
16:48:59,6.0,3,ff0971a16a475736b2e87fa5178971e6130e3780ab3dafc711e2b55686d8ae17,-84,,3,64,,3
16:49:00,,3,cb3ca45aa3469b355f84032c33bc56106c6452abb7911a896b748279487375ac,-67,,3,64,,3
16:49:01,,3,6ac273ec441822eebd780d252559a6818d4b43c60619c45ea142d7a53282cc18,-85,,3,64,,3
16:49:01,,3,a2542119652e2e9d68d4268c9ea595ecff338e39d6a52a94b8bdc22e4b1e37fb,-83,,3,64,,3
16:49:02,26.0,3,badf81f9dac0b31494e4d4c0fa1af530142ff0c4d545c2733105650691ada7bb,-72,,3,64,,3
16:49:03,26.0,3,6e8bfe3f61a9bf0d9d6b9efffad540480522732ccf9d9dec5ca89c4412d1111a,-83,,3,64,,3
16:49:04,,3,cb3ca45aa3469b355f84032c33bc56106c6452abb7911a896b748279487375ac,-62,,3,64,,3
16:49:05,26.0,3,6e8bfe3f61a9bf0d9d6b9efffad540480522732ccf9d9dec5ca89c4412d1111a,-76,,3,64,,3
16:49:05,,3,e08177fb7fb918e091131c614414b77409ab9ccb9396e8d7464789c9c6d2dd57,-84,,3,64,,3
16:49:06,26.0,3,56e2c97a1137dac8a7bd9c337e46534f9e24d175ef582afdba290920625ea418,-89,,3,64,,3
16:49:07,26.0,3,121127ae2f6dd787ddebdc208e076edb9b5252272a9189cf2316be62026e5ac6,-76,,3,64,5.0,3
16:49:08,,3,df5ead07ebb2ebb5962cf6e819ac0596b6403c8119479e74c3206421408be34c,-87,,3,64,,3
16:49:09,,3,cb3ca45aa3469b355f84032c33bc56106c6452abb7911a896b748279487375ac,-64,,3,64,,3
16:49:09,26.0,3,a3dab3bb8f4c37613fdffc51c8cc5431339f9c539123cf1df8b5b43bc1ba68eb,-89,,3,64,,3
16:49:10,,3,df5ead07ebb2ebb5962cf6e819ac0596b6403c8119479e74c3206421408be34c,-85,,3,64,,3
16:49:11,,3,cb3ca45aa3469b355f84032c33bc56106c6452abb7911a896b748279487375ac,-64,,3,64,,3
16:49:12,26.0,3,f6de3c5e7e0f7b9f12e047f9508d3d63c3687b90757c2103fa352c989d441cf8,-85,,3,64,12.0,3
16:49:13,,3,353af1855a2d794e6077882c52134df0720c8788256714291ce4eec19fc1cd11,-73,,3,64,,3
16:49:14,26.0,3,f6de3c5e7e0f7b9f12e047f9508d3d63c3687b90757c2103fa352c989d441cf8,-86,,3,64,12.0,3
16:49:14,,3,353af1855a2d794e6077882c52134df0720c8788256714291ce4eec19fc1cd11,-73,,3,64,,3
16:49:15,,3,cb3ca45aa3469b355f84032c33bc56106c6452abb7911a896b748279487375ac,-66,,3,64,,3
16:49:16,,3,df5ead07ebb2ebb5962cf6e819ac0596b6403c8119479e74c3206421408be34c,-79,,3,64,,3
16:49:17,26.0,3,6e8bfe3f61a9bf0d9d6b9efffad540480522732ccf9d9dec5ca89c4412d1111a,-76,,3,64,,3
16:49:18,,3,353af1855a2d794e6077882c52134df0720c8788256714291ce4eec19fc1cd11,-72,,3,64,,3
16:49:18,26.0,3,0708bb803fb539701aed4abe7137d644da395d63db0127bb1778bb46e8f07ac4,-92,,3,64,,3
16:49:19,26.0,3,6e8bfe3f61a9bf0d9d6b9efffad540480522732ccf9d9dec5ca89c4412d1111a,-86,,3,64,,3
16:49:20,,3,6ac273ec441822eebd780d252559a6818d4b43c60619c45ea142d7a53282cc18,-92,,3,64,,3
16:49:21,,3,df5ead07ebb2ebb5962cf6e819ac0596b6403c8119479e74c3206421408be34c,-85,,3,64,,3
16:49:22,,3,6ac273ec441822eebd780d252559a6818d4b43c60619c45ea142d7a53282cc18,-86,,3,64,,3
16:49:22,,3,cb3ca45aa3469b355f84032c33bc56106c6452abb7911a896b748279487375ac,-73,,3,64,,3
16:49:23,26.0,3,badf81f9dac0b31494e4d4c0fa1af530142ff0c4d545c2733105650691ada7bb,-79,,3,64,,3
16:49:24,26.0,3,6e8bfe3f61a9bf0d9d6b9efffad540480522732ccf9d9dec5ca89c4412d1111a,-75,,3,64,,3
16:49:25,26.0,3,55d9d3a86c61b1b98b05877f12d9fea1f23b461901e14e4986a1f66e77ccb3aa,-75,,3,64,,3
16:49:26,26.0,3,aaa592f8cf0374dd9b9cd5b0bbbc6f6c7f3c4d76e3ca573c2f9a128585c79fc7,-78,,3,64,,3
16:49:26,,3,df5ead07ebb2ebb5962cf6e819ac0596b6403c8119479e74c3206421408be34c,-79,,3,64,,3
16:49:27,26.0,3,badf81f9dac0b31494e4d4c0fa1af530142ff0c4d545c2733105650691ada7bb,-80,,3,64,,3
16:49:28,26.0,3,badf81f9dac0b31494e4d4c0fa1af530142ff0c4d545c2733105650691ada7bb,-81,,3,64,,3
16:49:29,,3,353af1855a2d794e6077882c52134df0720c8788256714291ce4eec19fc1cd11,-73,,3,64,,3
16:49:30,,3,cb3ca45aa3469b355f84032c33bc56106c6452abb7911a896b748279487375ac,-68,,3,64,,3
16:49:30,26.0,3,56e2c97a1137dac8a7bd9c337e46534f9e24d175ef582afdba290920625ea418,-91,,3,64,,3
16:49:31,26.0,3,aaa592f8cf0374dd9b9cd5b0bbbc6f6c7f3c4d76e3ca573c2f9a128585c79fc7,-76,,3,64,,3
16:49:32,,3,df5ead07ebb2ebb5962cf6e819ac0596b6403c8119479e74c3206421408be34c,-86,,3,64,,3
16:49:33,,3,353af1855a2d794e6077882c52134df0720c8788256714291ce4eec19fc1cd11,-71,,3,64,,3
16:49:34,,3,353af1855a2d794e6077882c52134df0720c8788256714291ce4eec19fc1cd11,-73,,3,64,,3
16:49:35,26.0,3,121127ae2f6dd787ddebdc208e076edb9b5252272a9189cf2316be62026e5ac6,-82,,3,64,5.0,3
16:49:35,,3,df5ead07ebb2ebb5962cf6e819ac0596b6403c8119479e74c3206421408be34c,-85,,3,64,,3
16:49:36,,3,353af1855a2d794e6077882c52134df0720c8788256714291ce4eec19fc1cd11,-73,,3,64,,3
16:49:37,26.0,3,05b2e041158e5a862ddc7d0a0ab6afe3190bdbdfe9843ae34a5e3a09339ec690,-90,,3,64,7.0,3
16:49:38,26.0,3,aaa592f8cf0374dd9b9cd5b0bbbc6f6c7f3c4d76e3ca573c2f9a128585c79fc7,-81,,3,64,,3
16:49:39,26.0,3,aaa592f8cf0374dd9b9cd5b0bbbc6f6c7f3c4d76e3ca573c2f9a128585c79fc7,-75,,3,64,,3
16:49:39,,3,353af1855a2d794e6077882c52134df0720c8788256714291ce4eec19fc1cd11,-73,,3,64,,3
16:49:40,26.0,3,badf81f9dac0b31494e4d4c0fa1af530142ff0c4d545c2733105650691ada7bb,-86,,3,64,,3
16:49:41,,3,df5ead07ebb2ebb5962cf6e819ac0596b6403c8119479e74c3206421408be34c,-81,,3,64,,3
16:49:42,6.0,3,1be85378a18f2f0fd801e28f03d1c7df0b2caaaf7da8b06e97255285d0f3e053,-88,,3,64,,3
16:49:43,26.0,3,56e2c97a1137dac8a7bd9c337e46534f9e24d175ef582afdba290920625ea418,-84,,3,64,,3
16:49:43,,3,df5ead07ebb2ebb5962cf6e819ac0596b6403c8119479e74c3206421408be34c,-84,,3,64,,3
16:49:44,6.0,3,b15484bce90260c495c3bfd4d14b16d057705c128807b765373826e654badec6,-90,,3,64,,3
16:49:45,26.0,3,6f0f59a08f7130ff741d44b8ee69925c9b42fdedfe6a64532eab075d5476ce07,-82,,3,64,12.0,3
16:49:46,6.0,3,b15484bce90260c495c3bfd4d14b16d057705c128807b765373826e654badec6,-86,,3,64,,3
16:49:47,26.0,3,aaa592f8cf0374dd9b9cd5b0bbbc6f6c7f3c4d76e3ca573c2f9a128585c79fc7,-82,,3,64,,3
16:49:48,26.0,3,0708bb803fb539701aed4abe7137d644da395d63db0127bb1778bb46e8f07ac4,-96,,3,64,,3
16:49:48,,3,353af1855a2d794e6077882c52134df0720c8788256714291ce4eec19fc1cd11,-72,,3,64,,3
16:49:49,26.0,3,aaa592f8cf0374dd9b9cd5b0bbbc6f6c7f3c4d76e3ca573c2f9a128585c79fc7,-82,,3,64,,3
16:49:50,6.0,3,1be85378a18f2f0fd801e28f03d1c7df0b2caaaf7da8b06e97255285d0f3e053,-81,,3,64,,3
16:49:51,,3,d641f019696206dd5de875e096470f9b3f4cfa6bcc7c7e75f0f1166379569cbe,-86,,3,64,,3
16:49:52,26.0,3,f36aa6cab700c5db4f9a18723adf5cce8f7b0bbcda5107ce64d76e5d03e101de,-84,,3,64,8.0,3
16:49:52,26.0,3,0708bb803fb539701aed4abe7137d644da395d63db0127bb1778bb46e8f07ac4,-97,,3,64,,3
16:49:53,26.0,3,aaa592f8cf0374dd9b9cd5b0bbbc6f6c7f3c4d76e3ca573c2f9a128585c79fc7,-81,,3,64,,3
16:49:54,,3,df5ead07ebb2ebb5962cf6e819ac0596b6403c8119479e74c3206421408be34c,-80,,3,64,,3
16:49:55,,3,a2542119652e2e9d68d4268c9ea595ecff338e39d6a52a94b8bdc22e4b1e37fb,-80,,3,64,,3
16:49:56,26.0,3,badf81f9dac0b31494e4d4c0fa1af530142ff0c4d545c2733105650691ada7bb,-78,,3,64,,3
16:49:56,26.0,3,aaa592f8cf0374dd9b9cd5b0bbbc6f6c7f3c4d76e3ca573c2f9a128585c79fc7,-76,,3,64,,3
16:49:57,,3,353af1855a2d794e6077882c52134df0720c8788256714291ce4eec19fc1cd11,-73,,3,64,,3
16:49:58,6.0,3,1be85378a18f2f0fd801e28f03d1c7df0b2caaaf7da8b06e97255285d0f3e053,-85,,3,64,,3
16:49:59,26.0,3,badf81f9dac0b31494e4d4c0fa1af530142ff0c4d545c2733105650691ada7bb,-76,,3,64,,3
16:50:00,,3,353af1855a2d794e6077882c52134df0720c8788256714291ce4eec19fc1cd11,-75,,3,64,,3
16:50:00,26.0,3,8f005dba5d59818571170eb477419af51bfe21656f6a31c030838f8fd00f3d6b,-87,,3,64,7.0,3
16:50:01,,3,cb3ca45aa3469b355f84032c33bc56106c6452abb7911a896b748279487375ac,-72,,3,64,,3
16:50:02,26.0,3,3a8e09572a129074acaf85c27814ffa87cf00d8dc0556b7b6777de4866c1d20b,-93,,3,64,,3
16:50:03,26.0,3,8c105994d51e0bf53dd03aec2f9aa8277125ed68fb61a146ab4502e516a5275a,-90,,3,64,12.0,3
16:50:04,26.0,3,f36aa6cab700c5db4f9a18723adf5cce8f7b0bbcda5107ce64d76e5d03e101de,-80,,3,64,8.0,3
16:50:04,6.0,3,b15484bce90260c495c3bfd4d14b16d057705c128807b765373826e654badec6,-88,,3,64,,3
16:50:05,,3,df5ead07ebb2ebb5962cf6e819ac0596b6403c8119479e74c3206421408be34c,-88,,3,64,,3
16:50:06,6.0,3,b15484bce90260c495c3bfd4d14b16d057705c128807b765373826e654badec6,-88,,3,64,,3
16:50:07,,3,cb3ca45aa3469b355f84032c33bc56106c6452abb7911a896b748279487375ac,-71,,3,64,,3
16:50:08,26.0,3,3a8e09572a129074acaf85c27814ffa87cf00d8dc0556b7b6777de4866c1d20b,-86,,3,64,,3
16:50:09,,3,df5ead07ebb2ebb5962cf6e819ac0596b6403c8119479e74c3206421408be34c,-81,,3,64,,3
16:50:09,,3,cb3ca45aa3469b355f84032c33bc56106c6452abb7911a896b748279487375ac,-74,,3,64,,3
16:50:10,,3,353af1855a2d794e6077882c52134df0720c8788256714291ce4eec19fc1cd11,-72,,3,64,,3
16:50:11,26.0,3,aaa592f8cf0374dd9b9cd5b0bbbc6f6c7f3c4d76e3ca573c2f9a128585c79fc7,-73,,3,64,,3
16:50:12,26.0,3,aaa592f8cf0374dd9b9cd5b0bbbc6f6c7f3c4d76e3ca573c2f9a128585c79fc7,-76,,3,64,,3
16:50:13,26.0,3,3a8e09572a129074acaf85c27814ffa87cf00d8dc0556b7b6777de4866c1d20b,-96,,3,64,,3
16:50:13,,3,353af1855a2d794e6077882c52134df0720c8788256714291ce4eec19fc1cd11,-79,,3,64,,3
16:50:14,26.0,3,fcf95b86714ac680636b67a2ad25124c2a7459f9b1f12d22ad87e6542cb93a1e,-80,,3,64,5.0,3
16:50:15,,3,a60518f5a26877ada31aa89802c0f08f1550104df99c8e72f4c04ee933de03b8,-89,,3,64,,3
16:50:16,6.0,3,1be85378a18f2f0fd801e28f03d1c7df0b2caaaf7da8b06e97255285d0f3e053,-88,,3,64,,3
16:50:17,,3,df5ead07ebb2ebb5962cf6e819ac0596b6403c8119479e74c3206421408be34c,-86,,3,64,,3
16:50:17,,3,9e7ced8390aeed578b57689835408a10a3db8fc8ceccff904695ea958f5bd6e5,-93,,3,64,,3
16:50:18,26.0,3,badf81f9dac0b31494e4d4c0fa1af530142ff0c4d545c2733105650691ada7bb,-80,,3,64,,3
16:50:19,26.0,3,32008650867fc93d424c41f9972d23e69fce29ce4ef17692a108358f9cd89e5c,-91,,3,64,,3
16:50:20,26.0,3,aaa592f8cf0374dd9b9cd5b0bbbc6f6c7f3c4d76e3ca573c2f9a128585c79fc7,-75,,3,64,,3
16:50:21,,3,cb3ca45aa3469b355f84032c33bc56106c6452abb7911a896b748279487375ac,-64,,3,64,,3
16:50:21,,3,cb3ca45aa3469b355f84032c33bc56106c6452abb7911a896b748279487375ac,-63,,3,64,,3
16:50:22,26.0,3,badf81f9dac0b31494e4d4c0fa1af530142ff0c4d545c2733105650691ada7bb,-76,,3,64,,3
16:50:23,26.0,3,8f005dba5d59818571170eb477419af51bfe21656f6a31c030838f8fd00f3d6b,-86,,3,64,7.0,3
16:50:24,26.0,3,32008650867fc93d424c41f9972d23e69fce29ce4ef17692a108358f9cd89e5c,-80,,3,64,,3
16:50:25,26.0,3,badf81f9dac0b31494e4d4c0fa1af530142ff0c4d545c2733105650691ada7bb,-78,,3,64,,3
16:50:25,26.0,3,aaa592f8cf0374dd9b9cd5b0bbbc6f6c7f3c4d76e3ca573c2f9a128585c79fc7,-71,,3,64,,3
16:50:26,,3,a2542119652e2e9d68d4268c9ea595ecff338e39d6a52a94b8bdc22e4b1e37fb,-81,,3,64,,3
16:50:27,,3,a2542119652e2e9d68d4268c9ea595ecff338e39d6a52a94b8bdc22e4b1e37fb,-78,,3,64,,3
16:50:28,6.0,3,1be85378a18f2f0fd801e28f03d1c7df0b2caaaf7da8b06e97255285d0f3e053,-94,,3,64,,3
16:50:29,,3,353af1855a2d794e6077882c52134df0720c8788256714291ce4eec19fc1cd11,-76,,3,64,,3
16:50:30,,3,a2542119652e2e9d68d4268c9ea595ecff338e39d6a52a94b8bdc22e4b1e37fb,-75,,3,64,,3
16:50:30,,3,6ac273ec441822eebd780d252559a6818d4b43c60619c45ea142d7a53282cc18,-98,,3,64,,3
16:50:31,,3,353af1855a2d794e6077882c52134df0720c8788256714291ce4eec19fc1cd11,-76,,3,64,,3
16:50:32,26.0,3,f36aa6cab700c5db4f9a18723adf5cce8f7b0bbcda5107ce64d76e5d03e101de,-80,,3,64,8.0,3
16:50:33,26.0,3,05b2e041158e5a862ddc7d0a0ab6afe3190bdbdfe9843ae34a5e3a09339ec690,-87,,3,64,7.0,3
16:50:34,6.0,3,b15484bce90260c495c3bfd4d14b16d057705c128807b765373826e654badec6,-89,,3,64,,3
16:50:34,26.0,3,badf81f9dac0b31494e4d4c0fa1af530142ff0c4d545c2733105650691ada7bb,-75,,3,64,,3
16:50:35,26.0,3,6e8bfe3f61a9bf0d9d6b9efffad540480522732ccf9d9dec5ca89c4412d1111a,-86,,3,64,,3
16:50:36,6.0,3,1be85378a18f2f0fd801e28f03d1c7df0b2caaaf7da8b06e97255285d0f3e053,-83,,3,64,,3
16:50:37,26.0,3,cbbc71f0da17d9dcb5c343c2db0295ce541d84ab28b797abb13bf5a592347c72,-74,,3,64,12.0,3
16:50:38,6.0,3,b15484bce90260c495c3bfd4d14b16d057705c128807b765373826e654badec6,-82,,3,64,,3
16:50:38,26.0,3,3a8e09572a129074acaf85c27814ffa87cf00d8dc0556b7b6777de4866c1d20b,-84,,3,64,,3
16:50:39,,3,353af1855a2d794e6077882c52134df0720c8788256714291ce4eec19fc1cd11,-74,,3,64,,3
16:50:40,26.0,3,6e8bfe3f61a9bf0d9d6b9efffad540480522732ccf9d9dec5ca89c4412d1111a,-74,,3,64,,3
16:50:41,26.0,3,32008650867fc93d424c41f9972d23e69fce29ce4ef17692a108358f9cd89e5c,-83,,3,64,,3
16:50:42,,3,353af1855a2d794e6077882c52134df0720c8788256714291ce4eec19fc1cd11,-75,,3,64,,3
16:50:42,,3,353af1855a2d794e6077882c52134df0720c8788256714291ce4eec19fc1cd11,-87,,3,64,,3
16:50:43,,3,a2542119652e2e9d68d4268c9ea595ecff338e39d6a52a94b8bdc22e4b1e37fb,-81,,3,64,,3
16:50:44,26.0,3,0708bb803fb539701aed4abe7137d644da395d63db0127bb1778bb46e8f07ac4,-91,,3,64,,3
16:50:45,,3,df5ead07ebb2ebb5962cf6e819ac0596b6403c8119479e74c3206421408be34c,-86,,3,64,,3
16:50:46,,3,353af1855a2d794e6077882c52134df0720c8788256714291ce4eec19fc1cd11,-69,,3,64,,3
16:50:46,,3,a2542119652e2e9d68d4268c9ea595ecff338e39d6a52a94b8bdc22e4b1e37fb,-71,,3,64,,3
16:50:47,26.0,3,32008650867fc93d424c41f9972d23e69fce29ce4ef17692a108358f9cd89e5c,-90,,3,64,12.0,3
16:50:48,26.0,3,f6de3c5e7e0f7b9f12e047f9508d3d63c3687b90757c2103fa352c989d441cf8,-88,,3,64,12.0,3
16:50:49,26.0,3,badf81f9dac0b31494e4d4c0fa1af530142ff0c4d545c2733105650691ada7bb,-73,,3,64,,3
16:50:50,26.0,3,badf81f9dac0b31494e4d4c0fa1af530142ff0c4d545c2733105650691ada7bb,-77,,3,64,,3
16:50:51,,3,353af1855a2d794e6077882c52134df0720c8788256714291ce4eec19fc1cd11,-70,,3,64,,3
16:50:51,6.0,3,b15484bce90260c495c3bfd4d14b16d057705c128807b765373826e654badec6,-84,,3,64,,3
16:50:52,,3,df5ead07ebb2ebb5962cf6e819ac0596b6403c8119479e74c3206421408be34c,-91,,3,64,,3
16:50:53,,3,a2542119652e2e9d68d4268c9ea595ecff338e39d6a52a94b8bdc22e4b1e37fb,-88,,3,64,,3
16:50:54,,3,df5ead07ebb2ebb5962cf6e819ac0596b6403c8119479e74c3206421408be34c,-89,,3,64,,3
16:50:55,26.0,3,6e8bfe3f61a9bf0d9d6b9efffad540480522732ccf9d9dec5ca89c4412d1111a,-78,,3,64,,3
16:50:55,,3,5ef89c56cfd56eb242f20ab4a304e7e99f5178d6399b0493cfe1bf2855f5d6bc,-64,,3,64,,3
16:50:56,26.0,3,aaa592f8cf0374dd9b9cd5b0bbbc6f6c7f3c4d76e3ca573c2f9a128585c79fc7,-78,,3,64,,3
16:50:57,,3,d641f019696206dd5de875e096470f9b3f4cfa6bcc7c7e75f0f1166379569cbe,-84,,3,64,,3
16:50:58,26.0,3,aaa592f8cf0374dd9b9cd5b0bbbc6f6c7f3c4d76e3ca573c2f9a128585c79fc7,-75,,3,64,,3
16:50:59,26.0,3,aaa592f8cf0374dd9b9cd5b0bbbc6f6c7f3c4d76e3ca573c2f9a128585c79fc7,-71,,3,64,,3
16:50:59,26.0,3,f36aa6cab700c5db4f9a18723adf5cce8f7b0bbcda5107ce64d76e5d03e101de,-77,,3,64,8.0,3
16:51:00,,3,5ef89c56cfd56eb242f20ab4a304e7e99f5178d6399b0493cfe1bf2855f5d6bc,-67,,3,64,,3
16:51:01,,3,df5ead07ebb2ebb5962cf6e819ac0596b6403c8119479e74c3206421408be34c,-88,,3,64,,3
16:51:02,,3,a2542119652e2e9d68d4268c9ea595ecff338e39d6a52a94b8bdc22e4b1e37fb,-82,,3,64,,3
16:51:03,,3,5ef89c56cfd56eb242f20ab4a304e7e99f5178d6399b0493cfe1bf2855f5d6bc,-58,,3,64,,3
16:51:04,,3,353af1855a2d794e6077882c52134df0720c8788256714291ce4eec19fc1cd11,-71,,3,64,,3
16:51:04,,3,df5ead07ebb2ebb5962cf6e819ac0596b6403c8119479e74c3206421408be34c,-89,,3,64,,3
16:51:05,,3,a2542119652e2e9d68d4268c9ea595ecff338e39d6a52a94b8bdc22e4b1e37fb,-72,,3,64,,3
16:51:06,26.0,3,aaa592f8cf0374dd9b9cd5b0bbbc6f6c7f3c4d76e3ca573c2f9a128585c79fc7,-74,,3,64,,3
16:51:07,,3,353af1855a2d794e6077882c52134df0720c8788256714291ce4eec19fc1cd11,-74,,3,64,,3
16:51:08,,3,a2542119652e2e9d68d4268c9ea595ecff338e39d6a52a94b8bdc22e4b1e37fb,-74,,3,64,,3
16:51:08,26.0,3,badf81f9dac0b31494e4d4c0fa1af530142ff0c4d545c2733105650691ada7bb,-74,,3,64,,3
16:51:09,,3,18e8caa7e873d4c7dda2fc367ee3b2b3391b1133b18ca4cd0c473dc4c9166240,-70,,3,64,,3
16:51:10,26.0,3,05b2e041158e5a862ddc7d0a0ab6afe3190bdbdfe9843ae34a5e3a09339ec690,-91,,3,64,7.0,3
16:51:11,26.0,3,6e8bfe3f61a9bf0d9d6b9efffad540480522732ccf9d9dec5ca89c4412d1111a,-88,,3,64,,3
16:51:12,26.0,3,8f005dba5d59818571170eb477419af51bfe21656f6a31c030838f8fd00f3d6b,-88,,3,64,7.0,3
16:51:12,,3,5ef89c56cfd56eb242f20ab4a304e7e99f5178d6399b0493cfe1bf2855f5d6bc,-62,,3,64,,3
16:51:13,,3,18e8caa7e873d4c7dda2fc367ee3b2b3391b1133b18ca4cd0c473dc4c9166240,-73,,3,64,,3
16:51:14,26.0,3,badf81f9dac0b31494e4d4c0fa1af530142ff0c4d545c2733105650691ada7bb,-76,,3,64,,3
16:51:15,26.0,3,badf81f9dac0b31494e4d4c0fa1af530142ff0c4d545c2733105650691ada7bb,-78,,3,64,,3
16:51:16,,3,e08177fb7fb918e091131c614414b77409ab9ccb9396e8d7464789c9c6d2dd57,-75,,3,64,,3
16:51:16,,3,5ef89c56cfd56eb242f20ab4a304e7e99f5178d6399b0493cfe1bf2855f5d6bc,-68,,3,64,,3
16:51:17,,3,df5ead07ebb2ebb5962cf6e819ac0596b6403c8119479e74c3206421408be34c,-88,,3,64,,3
16:51:18,,3,5ef89c56cfd56eb242f20ab4a304e7e99f5178d6399b0493cfe1bf2855f5d6bc,-75,,3,64,,3
16:51:19,26.0,3,0708bb803fb539701aed4abe7137d644da395d63db0127bb1778bb46e8f07ac4,-90,,3,64,,3
16:51:20,26.0,3,badf81f9dac0b31494e4d4c0fa1af530142ff0c4d545c2733105650691ada7bb,-80,,3,64,,3
16:51:20,26.0,3,ceab7aeebdcc5ffa90478fce487901d40e1a019801cbb4c4aa2fae40827668fe,-90,,3,64,7.0,3
16:51:21,26.0,3,fcf95b86714ac680636b67a2ad25124c2a7459f9b1f12d22ad87e6542cb93a1e,-81,,3,64,5.0,3
16:51:22,,3,5ef89c56cfd56eb242f20ab4a304e7e99f5178d6399b0493cfe1bf2855f5d6bc,-81,,3,64,,3
16:51:23,26.0,3,55d9d3a86c61b1b98b05877f12d9fea1f23b461901e14e4986a1f66e77ccb3aa,-78,,3,64,,3
16:51:24,26.0,3,05b2e041158e5a862ddc7d0a0ab6afe3190bdbdfe9843ae34a5e3a09339ec690,-89,,3,64,7.0,3
16:51:24,,3,a2542119652e2e9d68d4268c9ea595ecff338e39d6a52a94b8bdc22e4b1e37fb,-86,,3,64,,3
16:51:25,26.0,3,6f0f59a08f7130ff741d44b8ee69925c9b42fdedfe6a64532eab075d5476ce07,-86,,3,64,12.0,3
16:51:26,26.0,3,6e8bfe3f61a9bf0d9d6b9efffad540480522732ccf9d9dec5ca89c4412d1111a,-81,,3,64,,3
16:51:27,26.0,3,6f0f59a08f7130ff741d44b8ee69925c9b42fdedfe6a64532eab075d5476ce07,-84,,3,64,12.0,3
16:51:28,,3,df5ead07ebb2ebb5962cf6e819ac0596b6403c8119479e74c3206421408be34c,-85,,3,64,,3
16:51:28,,3,5ef89c56cfd56eb242f20ab4a304e7e99f5178d6399b0493cfe1bf2855f5d6bc,-67,,3,64,,3
16:51:29,26.0,3,8c105994d51e0bf53dd03aec2f9aa8277125ed68fb61a146ab4502e516a5275a,-90,,3,64,,3
16:51:30,26.0,3,ea1b828cad7d68c01007d88052edb85fbcf19eba51ad951f8ce19e80572ba001,-64,,3,64,12.0,3
16:51:31,,3,df5ead07ebb2ebb5962cf6e819ac0596b6403c8119479e74c3206421408be34c,-83,,3,64,,3
16:51:32,,3,5ef89c56cfd56eb242f20ab4a304e7e99f5178d6399b0493cfe1bf2855f5d6bc,-72,,3,64,,3
16:51:33,,3,6ac273ec441822eebd780d252559a6818d4b43c60619c45ea142d7a53282cc18,-91,,3,64,,3
16:51:33,,3,5ef89c56cfd56eb242f20ab4a304e7e99f5178d6399b0493cfe1bf2855f5d6bc,-72,,3,64,,3
16:51:34,,3,a2542119652e2e9d68d4268c9ea595ecff338e39d6a52a94b8bdc22e4b1e37fb,-80,,3,64,,3
16:51:35,26.0,3,05b2e041158e5a862ddc7d0a0ab6afe3190bdbdfe9843ae34a5e3a09339ec690,-88,,3,64,7.0,3
16:51:36,26.0,3,05b2e041158e5a862ddc7d0a0ab6afe3190bdbdfe9843ae34a5e3a09339ec690,-84,,3,64,7.0,3
16:51:37,,3,353af1855a2d794e6077882c52134df0720c8788256714291ce4eec19fc1cd11,-77,,3,64,,3
16:51:37,,3,353af1855a2d794e6077882c52134df0720c8788256714291ce4eec19fc1cd11,-70,,3,64,,3
16:51:38,,3,5ef89c56cfd56eb242f20ab4a304e7e99f5178d6399b0493cfe1bf2855f5d6bc,-79,,3,64,,3
16:51:39,26.0,3,aaa592f8cf0374dd9b9cd5b0bbbc6f6c7f3c4d76e3ca573c2f9a128585c79fc7,-80,,3,64,,3
16:51:40,26.0,3,aaa592f8cf0374dd9b9cd5b0bbbc6f6c7f3c4d76e3ca573c2f9a128585c79fc7,-84,,3,64,,3
16:51:41,,3,df5ead07ebb2ebb5962cf6e819ac0596b6403c8119479e74c3206421408be34c,-90,,3,64,,3
16:51:41,26.0,3,8c105994d51e0bf53dd03aec2f9aa8277125ed68fb61a146ab4502e516a5275a,-90,,3,64,,3
16:51:42,26.0,3,badf81f9dac0b31494e4d4c0fa1af530142ff0c4d545c2733105650691ada7bb,-89,,3,64,,3
16:51:43,,3,353af1855a2d794e6077882c52134df0720c8788256714291ce4eec19fc1cd11,-72,,3,64,,3
16:51:44,,3,df5ead07ebb2ebb5962cf6e819ac0596b6403c8119479e74c3206421408be34c,-95,,3,64,,3
16:51:45,,3,353af1855a2d794e6077882c52134df0720c8788256714291ce4eec19fc1cd11,-71,,3,64,,3
16:51:45,,3,df5ead07ebb2ebb5962cf6e819ac0596b6403c8119479e74c3206421408be34c,-88,,3,64,,3
16:51:46,26.0,3,ea1b828cad7d68c01007d88052edb85fbcf19eba51ad951f8ce19e80572ba001,-77,,3,64,12.0,3
16:51:47,,3,353af1855a2d794e6077882c52134df0720c8788256714291ce4eec19fc1cd11,-71,,3,64,,3
16:51:48,,3,df5ead07ebb2ebb5962cf6e819ac0596b6403c8119479e74c3206421408be34c,-88,,3,64,,3
16:51:49,26.0,3,ea1b828cad7d68c01007d88052edb85fbcf19eba51ad951f8ce19e80572ba001,-70,,3,64,12.0,3
16:51:49,26.0,3,6e8bfe3f61a9bf0d9d6b9efffad540480522732ccf9d9dec5ca89c4412d1111a,-85,,3,64,,3
16:51:50,26.0,3,badf81f9dac0b31494e4d4c0fa1af530142ff0c4d545c2733105650691ada7bb,-77,,3,64,,3
16:51:51,26.0,3,8c105994d51e0bf53dd03aec2f9aa8277125ed68fb61a146ab4502e516a5275a,-92,,3,64,,3
16:51:52,,3,353af1855a2d794e6077882c52134df0720c8788256714291ce4eec19fc1cd11,-70,,3,64,,3
16:51:53,6.0,3,b15484bce90260c495c3bfd4d14b16d057705c128807b765373826e654badec6,-92,,3,64,,3
16:51:53,,3,5ef89c56cfd56eb242f20ab4a304e7e99f5178d6399b0493cfe1bf2855f5d6bc,-65,,3,64,,3
16:51:54,,3,df5ead07ebb2ebb5962cf6e819ac0596b6403c8119479e74c3206421408be34c,-86,,3,64,,3
16:51:55,26.0,3,6e8bfe3f61a9bf0d9d6b9efffad540480522732ccf9d9dec5ca89c4412d1111a,-80,,3,64,,3
16:51:56,26.0,3,55d9d3a86c61b1b98b05877f12d9fea1f23b461901e14e4986a1f66e77ccb3aa,-84,,3,64,,3
16:51:57,,3,df5ead07ebb2ebb5962cf6e819ac0596b6403c8119479e74c3206421408be34c,-84,,3,64,,3
16:51:57,,3,5ef89c56cfd56eb242f20ab4a304e7e99f5178d6399b0493cfe1bf2855f5d6bc,-78,,3,64,,3
16:51:58,,3,5ef89c56cfd56eb242f20ab4a304e7e99f5178d6399b0493cfe1bf2855f5d6bc,-81,,3,64,,3
16:51:59,6.0,3,b15484bce90260c495c3bfd4d14b16d057705c128807b765373826e654badec6,-86,,3,64,,3
16:52:00,26.0,3,fcf95b86714ac680636b67a2ad25124c2a7459f9b1f12d22ad87e6542cb93a1e,-79,,3,64,5.0,3
16:52:01,26.0,3,0708bb803fb539701aed4abe7137d644da395d63db0127bb1778bb46e8f07ac4,-88,,3,64,,3
16:52:01,,3,df5ead07ebb2ebb5962cf6e819ac0596b6403c8119479e74c3206421408be34c,-91,,3,64,,3
16:52:02,,3,df5ead07ebb2ebb5962cf6e819ac0596b6403c8119479e74c3206421408be34c,-88,,3,64,,3
16:52:03,26.0,3,6e8bfe3f61a9bf0d9d6b9efffad540480522732ccf9d9dec5ca89c4412d1111a,-87,,3,64,,3
16:52:04,,3,6ac273ec441822eebd780d252559a6818d4b43c60619c45ea142d7a53282cc18,-88,,3,64,,3
16:52:05,,3,df5ead07ebb2ebb5962cf6e819ac0596b6403c8119479e74c3206421408be34c,-87,,3,64,,3
16:52:05,,3,5ef89c56cfd56eb242f20ab4a304e7e99f5178d6399b0493cfe1bf2855f5d6bc,-75,,3,64,,3
16:52:06,26.0,3,ceab7aeebdcc5ffa90478fce487901d40e1a019801cbb4c4aa2fae40827668fe,-88,,3,64,7.0,3
16:52:07,,3,353af1855a2d794e6077882c52134df0720c8788256714291ce4eec19fc1cd11,-78,,3,64,,3
16:52:08,,3,a2542119652e2e9d68d4268c9ea595ecff338e39d6a52a94b8bdc22e4b1e37fb,-76,,3,64,,3
16:52:09,,3,df5ead07ebb2ebb5962cf6e819ac0596b6403c8119479e74c3206421408be34c,-88,,3,64,,3
16:52:09,,3,353af1855a2d794e6077882c52134df0720c8788256714291ce4eec19fc1cd11,-80,,3,64,,3
16:52:10,26.0,3,0708bb803fb539701aed4abe7137d644da395d63db0127bb1778bb46e8f07ac4,-93,,3,64,,3
16:52:11,26.0,3,badf81f9dac0b31494e4d4c0fa1af530142ff0c4d545c2733105650691ada7bb,-83,,3,64,,3
16:52:12,26.0,3,aaa592f8cf0374dd9b9cd5b0bbbc6f6c7f3c4d76e3ca573c2f9a128585c79fc7,-83,,3,64,,3
16:52:13,26.0,3,6e8bfe3f61a9bf0d9d6b9efffad540480522732ccf9d9dec5ca89c4412d1111a,-78,,3,64,,3
16:52:13,,3,9e7ced8390aeed578b57689835408a10a3db8fc8ceccff904695ea958f5bd6e5,-91,,3,64,,3
16:52:14,,3,5ef89c56cfd56eb242f20ab4a304e7e99f5178d6399b0493cfe1bf2855f5d6bc,-73,,3,64,,3
16:52:15,26.0,3,6e8bfe3f61a9bf0d9d6b9efffad540480522732ccf9d9dec5ca89c4412d1111a,-79,,3,64,,3
16:52:16,,3,5ef89c56cfd56eb242f20ab4a304e7e99f5178d6399b0493cfe1bf2855f5d6bc,-71,,3,64,,3
16:52:17,,3,353af1855a2d794e6077882c52134df0720c8788256714291ce4eec19fc1cd11,-77,,3,64,,3
16:52:17,,3,5ef89c56cfd56eb242f20ab4a304e7e99f5178d6399b0493cfe1bf2855f5d6bc,-84,,3,64,,3
16:52:18,26.0,3,0708bb803fb539701aed4abe7137d644da395d63db0127bb1778bb46e8f07ac4,-90,,3,64,,3
16:52:19,,3,df5ead07ebb2ebb5962cf6e819ac0596b6403c8119479e74c3206421408be34c,-88,,3,64,,3
16:52:20,,3,353af1855a2d794e6077882c52134df0720c8788256714291ce4eec19fc1cd11,-80,,3,64,,3
16:52:21,,3,5ef89c56cfd56eb242f20ab4a304e7e99f5178d6399b0493cfe1bf2855f5d6bc,-86,,3,64,,3
16:52:22,,3,5ef89c56cfd56eb242f20ab4a304e7e99f5178d6399b0493cfe1bf2855f5d6bc,-82,,3,64,,3
16:52:22,,3,a2542119652e2e9d68d4268c9ea595ecff338e39d6a52a94b8bdc22e4b1e37fb,-82,,3,64,,3
16:52:23,6.0,3,1be85378a18f2f0fd801e28f03d1c7df0b2caaaf7da8b06e97255285d0f3e053,-85,,3,64,,3
16:52:24,,3,5ef89c56cfd56eb242f20ab4a304e7e99f5178d6399b0493cfe1bf2855f5d6bc,-75,,3,64,,3
16:52:25,,3,a2542119652e2e9d68d4268c9ea595ecff338e39d6a52a94b8bdc22e4b1e37fb,-82,,3,64,,3
16:52:26,26.0,3,55d9d3a86c61b1b98b05877f12d9fea1f23b461901e14e4986a1f66e77ccb3aa,-79,,3,64,,3
16:52:26,,3,df5ead07ebb2ebb5962cf6e819ac0596b6403c8119479e74c3206421408be34c,-88,,3,64,,3
16:52:27,26.0,3,aaa592f8cf0374dd9b9cd5b0bbbc6f6c7f3c4d76e3ca573c2f9a128585c79fc7,-80,,3,64,,3
16:52:28,26.0,3,6e8bfe3f61a9bf0d9d6b9efffad540480522732ccf9d9dec5ca89c4412d1111a,-87,,3,64,,3
16:52:29,,3,6ac273ec441822eebd780d252559a6818d4b43c60619c45ea142d7a53282cc18,-88,,3,64,,3
16:52:30,6.0,3,b15484bce90260c495c3bfd4d14b16d057705c128807b765373826e654badec6,-89,,3,64,,3
16:52:30,,3,df5ead07ebb2ebb5962cf6e819ac0596b6403c8119479e74c3206421408be34c,-83,,3,64,,3
16:52:31,,3,5ef89c56cfd56eb242f20ab4a304e7e99f5178d6399b0493cfe1bf2855f5d6bc,-78,,3,64,,3
16:52:32,,3,5ef89c56cfd56eb242f20ab4a304e7e99f5178d6399b0493cfe1bf2855f5d6bc,-77,,3,64,,3
16:52:33,,3,df5ead07ebb2ebb5962cf6e819ac0596b6403c8119479e74c3206421408be34c,-79,,3,64,,3
16:52:34,,3,6ac273ec441822eebd780d252559a6818d4b43c60619c45ea142d7a53282cc18,-91,,3,64,,3
16:52:34,26.0,3,55d9d3a86c61b1b98b05877f12d9fea1f23b461901e14e4986a1f66e77ccb3aa,-74,,3,64,,3
16:52:35,,3,5ef89c56cfd56eb242f20ab4a304e7e99f5178d6399b0493cfe1bf2855f5d6bc,-73,,3,64,,3
16:52:36,6.0,3,b15484bce90260c495c3bfd4d14b16d057705c128807b765373826e654badec6,-91,,3,64,,3
16:52:37,,3,353af1855a2d794e6077882c52134df0720c8788256714291ce4eec19fc1cd11,-76,,3,64,,3
16:52:38,,3,a2542119652e2e9d68d4268c9ea595ecff338e39d6a52a94b8bdc22e4b1e37fb,-70,,3,64,,3
16:52:38,,3,5ef89c56cfd56eb242f20ab4a304e7e99f5178d6399b0493cfe1bf2855f5d6bc,-66,,3,64,,3
16:52:39,,3,a2542119652e2e9d68d4268c9ea595ecff338e39d6a52a94b8bdc22e4b1e37fb,-70,,3,64,,3
16:52:40,,3,353af1855a2d794e6077882c52134df0720c8788256714291ce4eec19fc1cd11,-74,,3,64,,3
16:52:41,26.0,3,ea1b828cad7d68c01007d88052edb85fbcf19eba51ad951f8ce19e80572ba001,-77,,3,64,12.0,3
16:52:42,26.0,3,8c105994d51e0bf53dd03aec2f9aa8277125ed68fb61a146ab4502e516a5275a,-93,,3,64,,3
16:52:42,,3,6ac273ec441822eebd780d252559a6818d4b43c60619c45ea142d7a53282cc18,-91,,3,64,,3
16:52:43,26.0,3,badf81f9dac0b31494e4d4c0fa1af530142ff0c4d545c2733105650691ada7bb,-81,,3,64,,3
16:52:44,26.0,3,aaa592f8cf0374dd9b9cd5b0bbbc6f6c7f3c4d76e3ca573c2f9a128585c79fc7,-73,,3,64,,3
16:52:45,26.0,3,05b2e041158e5a862ddc7d0a0ab6afe3190bdbdfe9843ae34a5e3a09339ec690,-94,,3,64,7.0,3
16:52:46,,3,5ef89c56cfd56eb242f20ab4a304e7e99f5178d6399b0493cfe1bf2855f5d6bc,-76,,3,64,,3
16:52:46,6.0,3,b15484bce90260c495c3bfd4d14b16d057705c128807b765373826e654badec6,-86,,3,64,,3
16:52:47,,3,5ef89c56cfd56eb242f20ab4a304e7e99f5178d6399b0493cfe1bf2855f5d6bc,-77,,3,64,,3
16:52:48,,3,df5ead07ebb2ebb5962cf6e819ac0596b6403c8119479e74c3206421408be34c,-82,,3,64,,3
16:52:49,,3,d641f019696206dd5de875e096470f9b3f4cfa6bcc7c7e75f0f1166379569cbe,-86,,3,64,,3
16:52:50,,3,df5ead07ebb2ebb5962cf6e819ac0596b6403c8119479e74c3206421408be34c,-82,,3,64,,3
16:52:50,,3,df5ead07ebb2ebb5962cf6e819ac0596b6403c8119479e74c3206421408be34c,-85,,3,64,,3
16:52:51,26.0,3,badf81f9dac0b31494e4d4c0fa1af530142ff0c4d545c2733105650691ada7bb,-78,,3,64,,3
16:52:52,26.0,3,badf81f9dac0b31494e4d4c0fa1af530142ff0c4d545c2733105650691ada7bb,-83,,3,64,,3
16:52:53,26.0,3,aaa592f8cf0374dd9b9cd5b0bbbc6f6c7f3c4d76e3ca573c2f9a128585c79fc7,-74,,3,64,,3
16:52:54,,3,fb047bcecf680e56506d2b05c05e1ae150b62b4918e460fa5df16934c1778879,-80,,3,64,,3
16:52:54,,3,a2542119652e2e9d68d4268c9ea595ecff338e39d6a52a94b8bdc22e4b1e37fb,-93,,3,64,,3
16:52:55,,3,18e8caa7e873d4c7dda2fc367ee3b2b3391b1133b18ca4cd0c473dc4c9166240,-74,,3,64,,3
16:52:56,6.0,3,1be85378a18f2f0fd801e28f03d1c7df0b2caaaf7da8b06e97255285d0f3e053,-86,,3,64,,3
16:52:57,,3,5ef89c56cfd56eb242f20ab4a304e7e99f5178d6399b0493cfe1bf2855f5d6bc,-65,,3,64,,3
16:52:58,,3,fb047bcecf680e56506d2b05c05e1ae150b62b4918e460fa5df16934c1778879,-80,,3,64,,3
16:52:58,26.0,3,ea1b828cad7d68c01007d88052edb85fbcf19eba51ad951f8ce19e80572ba001,-77,,3,64,12.0,3
16:52:59,26.0,3,55d9d3a86c61b1b98b05877f12d9fea1f23b461901e14e4986a1f66e77ccb3aa,-80,,3,64,,3
16:53:00,,3,fb047bcecf680e56506d2b05c05e1ae150b62b4918e460fa5df16934c1778879,-80,,3,64,,3
16:53:01,26.0,3,aaa592f8cf0374dd9b9cd5b0bbbc6f6c7f3c4d76e3ca573c2f9a128585c79fc7,-75,,3,64,,3
16:53:02,26.0,3,55d9d3a86c61b1b98b05877f12d9fea1f23b461901e14e4986a1f66e77ccb3aa,-81,,3,64,,3
16:53:02,26.0,3,fcf95b86714ac680636b67a2ad25124c2a7459f9b1f12d22ad87e6542cb93a1e,-86,,3,64,5.0,3
16:53:03,,3,a2542119652e2e9d68d4268c9ea595ecff338e39d6a52a94b8bdc22e4b1e37fb,-71,,3,64,,3
16:53:04,,3,a2542119652e2e9d68d4268c9ea595ecff338e39d6a52a94b8bdc22e4b1e37fb,-71,,3,64,,3
16:53:05,26.0,3,05b2e041158e5a862ddc7d0a0ab6afe3190bdbdfe9843ae34a5e3a09339ec690,-89,,3,64,7.0,3
16:53:06,,3,5ef89c56cfd56eb242f20ab4a304e7e99f5178d6399b0493cfe1bf2855f5d6bc,-65,,3,64,,3
16:53:06,26.0,3,55d9d3a86c61b1b98b05877f12d9fea1f23b461901e14e4986a1f66e77ccb3aa,-75,,3,64,,3
16:53:07,26.0,3,f36aa6cab700c5db4f9a18723adf5cce8f7b0bbcda5107ce64d76e5d03e101de,-86,,3,64,8.0,3
16:53:08,,3,353af1855a2d794e6077882c52134df0720c8788256714291ce4eec19fc1cd11,-75,,3,64,,3
16:53:09,,3,691535de3706bae00ceaa3790a5fa1d15f8b7e693d659d568132b4c55f1ccce6,-70,,3,64,,3
16:53:10,,3,353af1855a2d794e6077882c52134df0720c8788256714291ce4eec19fc1cd11,-72,,3,64,,3
16:53:11,26.0,3,8c105994d51e0bf53dd03aec2f9aa8277125ed68fb61a146ab4502e516a5275a,-89,,3,64,,3
16:53:11,6.0,3,b15484bce90260c495c3bfd4d14b16d057705c128807b765373826e654badec6,-90,,3,64,,3
16:53:12,,3,353af1855a2d794e6077882c52134df0720c8788256714291ce4eec19fc1cd11,-71,,3,64,,3
16:53:13,,3,691535de3706bae00ceaa3790a5fa1d15f8b7e693d659d568132b4c55f1ccce6,-68,,3,64,,3
16:53:14,26.0,3,05b2e041158e5a862ddc7d0a0ab6afe3190bdbdfe9843ae34a5e3a09339ec690,-84,,3,64,7.0,3
16:53:15,,3,fb047bcecf680e56506d2b05c05e1ae150b62b4918e460fa5df16934c1778879,-91,,3,64,,3
16:53:15,26.0,3,6f0f59a08f7130ff741d44b8ee69925c9b42fdedfe6a64532eab075d5476ce07,-90,,3,64,12.0,3
16:53:16,26.0,3,ea1b828cad7d68c01007d88052edb85fbcf19eba51ad951f8ce19e80572ba001,-77,,3,64,12.0,3
16:53:17,26.0,3,55d9d3a86c61b1b98b05877f12d9fea1f23b461901e14e4986a1f66e77ccb3aa,-80,,3,64,,3
16:53:18,,3,5ef89c56cfd56eb242f20ab4a304e7e99f5178d6399b0493cfe1bf2855f5d6bc,-63,,3,64,,3
16:53:19,26.0,3,badf81f9dac0b31494e4d4c0fa1af530142ff0c4d545c2733105650691ada7bb,-76,,3,64,,3
16:53:19,,3,a2542119652e2e9d68d4268c9ea595ecff338e39d6a52a94b8bdc22e4b1e37fb,-91,,3,64,,3
16:53:20,,3,5ef89c56cfd56eb242f20ab4a304e7e99f5178d6399b0493cfe1bf2855f5d6bc,-75,,3,64,,3
16:53:21,,3,6ac273ec441822eebd780d252559a6818d4b43c60619c45ea142d7a53282cc18,-91,,3,64,,3
16:53:22,26.0,3,6e8bfe3f61a9bf0d9d6b9efffad540480522732ccf9d9dec5ca89c4412d1111a,-82,,3,64,,3
16:53:23,,3,5ef89c56cfd56eb242f20ab4a304e7e99f5178d6399b0493cfe1bf2855f5d6bc,-74,,3,64,,3
16:53:23,,3,18e8caa7e873d4c7dda2fc367ee3b2b3391b1133b18ca4cd0c473dc4c9166240,-77,,3,64,,3
16:53:24,,3,353af1855a2d794e6077882c52134df0720c8788256714291ce4eec19fc1cd11,-73,,3,64,,3
16:53:25,,3,d641f019696206dd5de875e096470f9b3f4cfa6bcc7c7e75f0f1166379569cbe,-89,,3,64,,3
16:53:26,,3,353af1855a2d794e6077882c52134df0720c8788256714291ce4eec19fc1cd11,-76,,3,64,,3
16:53:27,,3,a2542119652e2e9d68d4268c9ea595ecff338e39d6a52a94b8bdc22e4b1e37fb,-75,,3,64,,3
16:53:27,,3,5ef89c56cfd56eb242f20ab4a304e7e99f5178d6399b0493cfe1bf2855f5d6bc,-72,,3,64,,3
16:53:28,,3,353af1855a2d794e6077882c52134df0720c8788256714291ce4eec19fc1cd11,-75,,3,64,,3
16:53:29,6.0,3,1be85378a18f2f0fd801e28f03d1c7df0b2caaaf7da8b06e97255285d0f3e053,-87,,3,64,,3
16:53:30,,3,353af1855a2d794e6077882c52134df0720c8788256714291ce4eec19fc1cd11,-73,,3,64,,3
16:53:31,26.0,3,55d9d3a86c61b1b98b05877f12d9fea1f23b461901e14e4986a1f66e77ccb3aa,-82,,3,64,,3
16:53:31,6.0,3,1be85378a18f2f0fd801e28f03d1c7df0b2caaaf7da8b06e97255285d0f3e053,-87,,3,64,,3
16:53:32,,3,a2542119652e2e9d68d4268c9ea595ecff338e39d6a52a94b8bdc22e4b1e37fb,-84,,3,64,,3
16:53:33,,3,353af1855a2d794e6077882c52134df0720c8788256714291ce4eec19fc1cd11,-74,,3,64,,3
16:53:34,,3,5ef89c56cfd56eb242f20ab4a304e7e99f5178d6399b0493cfe1bf2855f5d6bc,-67,,3,64,,3
16:53:35,,3,6492f089eba4fd71640dfb0a9592994854a32cb9af528abebb67247c3c3aaae2,-91,,3,64,,3
16:53:35,,3,353af1855a2d794e6077882c52134df0720c8788256714291ce4eec19fc1cd11,-75,,3,64,,3
16:53:36,,3,fb047bcecf680e56506d2b05c05e1ae150b62b4918e460fa5df16934c1778879,-80,,3,64,,3
16:53:37,26.0,3,f36aa6cab700c5db4f9a18723adf5cce8f7b0bbcda5107ce64d76e5d03e101de,-85,,3,64,8.0,3
16:53:38,,3,5ef89c56cfd56eb242f20ab4a304e7e99f5178d6399b0493cfe1bf2855f5d6bc,-65,,3,64,,3
16:53:39,26.0,3,badf81f9dac0b31494e4d4c0fa1af530142ff0c4d545c2733105650691ada7bb,-76,,3,64,,3
16:53:39,26.0,3,badf81f9dac0b31494e4d4c0fa1af530142ff0c4d545c2733105650691ada7bb,-88,,3,64,,3
16:53:40,6.0,3,b15484bce90260c495c3bfd4d14b16d057705c128807b765373826e654badec6,-89,,3,64,,3
16:53:41,,3,5ef89c56cfd56eb242f20ab4a304e7e99f5178d6399b0493cfe1bf2855f5d6bc,-67,,3,64,,3
16:53:42,,3,fb047bcecf680e56506d2b05c05e1ae150b62b4918e460fa5df16934c1778879,-87,,3,64,,3
16:53:43,,3,353af1855a2d794e6077882c52134df0720c8788256714291ce4eec19fc1cd11,-78,,3,64,,3
16:53:43,,3,a60518f5a26877ada31aa89802c0f08f1550104df99c8e72f4c04ee933de03b8,-82,,3,64,,3
16:53:44,,3,5ef89c56cfd56eb242f20ab4a304e7e99f5178d6399b0493cfe1bf2855f5d6bc,-62,,3,64,,3
16:53:45,,3,353af1855a2d794e6077882c52134df0720c8788256714291ce4eec19fc1cd11,-71,,3,64,,3
16:53:46,6.0,3,1be85378a18f2f0fd801e28f03d1c7df0b2caaaf7da8b06e97255285d0f3e053,-93,,3,64,,3
16:53:47,,3,353af1855a2d794e6077882c52134df0720c8788256714291ce4eec19fc1cd11,-77,,3,64,,3
16:53:47,26.0,3,badf81f9dac0b31494e4d4c0fa1af530142ff0c4d545c2733105650691ada7bb,-76,,3,64,,3
16:53:48,,3,fb047bcecf680e56506d2b05c05e1ae150b62b4918e460fa5df16934c1778879,-84,,3,64,,3
16:53:49,,3,5ef89c56cfd56eb242f20ab4a304e7e99f5178d6399b0493cfe1bf2855f5d6bc,-65,,3,64,,3
16:53:50,,3,fb047bcecf680e56506d2b05c05e1ae150b62b4918e460fa5df16934c1778879,-80,,3,64,,3
16:53:51,,3,a2542119652e2e9d68d4268c9ea595ecff338e39d6a52a94b8bdc22e4b1e37fb,-79,,3,64,,3
16:53:51,,3,5ef89c56cfd56eb242f20ab4a304e7e99f5178d6399b0493cfe1bf2855f5d6bc,-65,,3,64,,3
16:53:52,26.0,3,6e8bfe3f61a9bf0d9d6b9efffad540480522732ccf9d9dec5ca89c4412d1111a,-75,,3,64,,3
16:53:53,26.0,3,ceab7aeebdcc5ffa90478fce487901d40e1a019801cbb4c4aa2fae40827668fe,-86,,3,64,7.0,3
16:53:54,,3,a2542119652e2e9d68d4268c9ea595ecff338e39d6a52a94b8bdc22e4b1e37fb,-71,,3,64,,3
16:53:55,,3,6492f089eba4fd71640dfb0a9592994854a32cb9af528abebb67247c3c3aaae2,-90,,3,64,,3
16:53:55,26.0,3,aaa592f8cf0374dd9b9cd5b0bbbc6f6c7f3c4d76e3ca573c2f9a128585c79fc7,-81,,3,64,,3
16:53:56,26.0,3,badf81f9dac0b31494e4d4c0fa1af530142ff0c4d545c2733105650691ada7bb,-76,,3,64,,3
16:53:57,,3,fb047bcecf680e56506d2b05c05e1ae150b62b4918e460fa5df16934c1778879,-82,,3,64,,3
16:53:58,,3,5ef89c56cfd56eb242f20ab4a304e7e99f5178d6399b0493cfe1bf2855f5d6bc,-73,,3,64,,3
16:53:59,,3,353af1855a2d794e6077882c52134df0720c8788256714291ce4eec19fc1cd11,-67,,3,64,,3
16:53:59,,3,a2542119652e2e9d68d4268c9ea595ecff338e39d6a52a94b8bdc22e4b1e37fb,-71,,3,64,,3
16:54:00,26.0,3,55d9d3a86c61b1b98b05877f12d9fea1f23b461901e14e4986a1f66e77ccb3aa,-82,,3,64,,3
16:54:01,,3,353af1855a2d794e6077882c52134df0720c8788256714291ce4eec19fc1cd11,-69,,3,64,,3
16:54:02,,3,6492f089eba4fd71640dfb0a9592994854a32cb9af528abebb67247c3c3aaae2,-89,,3,64,,3
16:54:03,26.0,3,6e8bfe3f61a9bf0d9d6b9efffad540480522732ccf9d9dec5ca89c4412d1111a,-83,,3,64,,3
16:54:04,,3,5ef89c56cfd56eb242f20ab4a304e7e99f5178d6399b0493cfe1bf2855f5d6bc,-78,,3,64,,3
16:54:04,26.0,3,aaa592f8cf0374dd9b9cd5b0bbbc6f6c7f3c4d76e3ca573c2f9a128585c79fc7,-78,,3,64,,3
16:54:05,26.0,3,6e8bfe3f61a9bf0d9d6b9efffad540480522732ccf9d9dec5ca89c4412d1111a,-82,,3,64,,3
16:54:06,,3,e08177fb7fb918e091131c614414b77409ab9ccb9396e8d7464789c9c6d2dd57,-80,,3,64,,3
16:54:07,,3,353af1855a2d794e6077882c52134df0720c8788256714291ce4eec19fc1cd11,-72,,3,64,,3
16:54:08,26.0,3,6f0f59a08f7130ff741d44b8ee69925c9b42fdedfe6a64532eab075d5476ce07,-86,,3,64,12.0,3
16:54:08,,3,353af1855a2d794e6077882c52134df0720c8788256714291ce4eec19fc1cd11,-68,,3,64,,3
16:54:09,26.0,3,f36aa6cab700c5db4f9a18723adf5cce8f7b0bbcda5107ce64d76e5d03e101de,-85,,3,64,8.0,3
16:54:10,,3,a2542119652e2e9d68d4268c9ea595ecff338e39d6a52a94b8bdc22e4b1e37fb,-72,,3,64,,3
16:54:11,,3,353af1855a2d794e6077882c52134df0720c8788256714291ce4eec19fc1cd11,-69,,3,64,,3
16:54:12,6.0,3,b15484bce90260c495c3bfd4d14b16d057705c128807b765373826e654badec6,-87,,3,64,,3
16:54:12,,3,5ef89c56cfd56eb242f20ab4a304e7e99f5178d6399b0493cfe1bf2855f5d6bc,-68,,3,64,,3
16:54:13,,3,fb047bcecf680e56506d2b05c05e1ae150b62b4918e460fa5df16934c1778879,-83,,3,64,,3
16:54:14,26.0,3,badf81f9dac0b31494e4d4c0fa1af530142ff0c4d545c2733105650691ada7bb,-84,,3,64,,3
16:54:15,26.0,3,badf81f9dac0b31494e4d4c0fa1af530142ff0c4d545c2733105650691ada7bb,-77,,3,64,,3
16:54:16,26.0,3,aaa592f8cf0374dd9b9cd5b0bbbc6f6c7f3c4d76e3ca573c2f9a128585c79fc7,-76,,3,64,,3
16:54:16,,3,353af1855a2d794e6077882c52134df0720c8788256714291ce4eec19fc1cd11,-71,,3,64,,3
16:54:17,,3,a2542119652e2e9d68d4268c9ea595ecff338e39d6a52a94b8bdc22e4b1e37fb,-84,,3,64,,3
16:54:18,6.0,3,b15484bce90260c495c3bfd4d14b16d057705c128807b765373826e654badec6,-89,,3,64,,3
16:54:19,,3,5ef89c56cfd56eb242f20ab4a304e7e99f5178d6399b0493cfe1bf2855f5d6bc,-62,,3,64,,3
16:54:20,,3,6492f089eba4fd71640dfb0a9592994854a32cb9af528abebb67247c3c3aaae2,-88,,3,64,,3
16:54:20,,3,a2542119652e2e9d68d4268c9ea595ecff338e39d6a52a94b8bdc22e4b1e37fb,-83,,3,64,,3
16:54:21,26.0,3,aaa592f8cf0374dd9b9cd5b0bbbc6f6c7f3c4d76e3ca573c2f9a128585c79fc7,-75,,3,64,,3
16:54:22,,3,e08177fb7fb918e091131c614414b77409ab9ccb9396e8d7464789c9c6d2dd57,-80,,3,64,,3
16:54:23,,3,5ef89c56cfd56eb242f20ab4a304e7e99f5178d6399b0493cfe1bf2855f5d6bc,-73,,3,64,,3
16:54:24,,3,fb047bcecf680e56506d2b05c05e1ae150b62b4918e460fa5df16934c1778879,-75,,3,64,,3
16:54:24,26.0,3,55d9d3a86c61b1b98b05877f12d9fea1f23b461901e14e4986a1f66e77ccb3aa,-74,,3,64,,3
16:54:25,,3,a2542119652e2e9d68d4268c9ea595ecff338e39d6a52a94b8bdc22e4b1e37fb,-84,,3,64,,3
16:54:26,,3,fb047bcecf680e56506d2b05c05e1ae150b62b4918e460fa5df16934c1778879,-78,,3,64,,3
16:54:27,26.0,3,f36aa6cab700c5db4f9a18723adf5cce8f7b0bbcda5107ce64d76e5d03e101de,-79,,3,64,8.0,3
16:54:28,26.0,3,aaa592f8cf0374dd9b9cd5b0bbbc6f6c7f3c4d76e3ca573c2f9a128585c79fc7,-81,,3,64,,3
16:54:28,,3,6492f089eba4fd71640dfb0a9592994854a32cb9af528abebb67247c3c3aaae2,-96,,3,64,,3
16:54:29,,3,a2542119652e2e9d68d4268c9ea595ecff338e39d6a52a94b8bdc22e4b1e37fb,-77,,3,64,,3
16:54:30,26.0,3,fcf95b86714ac680636b67a2ad25124c2a7459f9b1f12d22ad87e6542cb93a1e,-81,,3,64,5.0,3
16:54:31,,3,fb047bcecf680e56506d2b05c05e1ae150b62b4918e460fa5df16934c1778879,-91,,3,64,,3
16:54:32,6.0,3,1be85378a18f2f0fd801e28f03d1c7df0b2caaaf7da8b06e97255285d0f3e053,-89,,3,64,,3
16:54:32,26.0,3,f6de3c5e7e0f7b9f12e047f9508d3d63c3687b90757c2103fa352c989d441cf8,-93,,3,64,12.0,3
16:54:33,,3,353af1855a2d794e6077882c52134df0720c8788256714291ce4eec19fc1cd11,-73,,3,64,,3
16:54:34,26.0,3,121127ae2f6dd787ddebdc208e076edb9b5252272a9189cf2316be62026e5ac6,-83,,3,64,5.0,3
16:54:35,26.0,3,55d9d3a86c61b1b98b05877f12d9fea1f23b461901e14e4986a1f66e77ccb3aa,-74,,3,64,,3
16:54:36,,3,353af1855a2d794e6077882c52134df0720c8788256714291ce4eec19fc1cd11,-74,,3,64,,3
16:54:36,,3,fb047bcecf680e56506d2b05c05e1ae150b62b4918e460fa5df16934c1778879,-88,,3,64,,3
16:54:37,26.0,3,badf81f9dac0b31494e4d4c0fa1af530142ff0c4d545c2733105650691ada7bb,-84,,3,64,,3
16:54:38,,3,e08177fb7fb918e091131c614414b77409ab9ccb9396e8d7464789c9c6d2dd57,-83,,3,64,,3
16:54:39,26.0,3,55d9d3a86c61b1b98b05877f12d9fea1f23b461901e14e4986a1f66e77ccb3aa,-81,,3,64,,3
16:54:40,,3,5ef89c56cfd56eb242f20ab4a304e7e99f5178d6399b0493cfe1bf2855f5d6bc,-64,,3,64,,3
16:54:40,26.0,3,55d9d3a86c61b1b98b05877f12d9fea1f23b461901e14e4986a1f66e77ccb3aa,-75,,3,64,,3
16:54:41,,3,5ef89c56cfd56eb242f20ab4a304e7e99f5178d6399b0493cfe1bf2855f5d6bc,-64,,3,64,,3
16:54:42,,3,e08177fb7fb918e091131c614414b77409ab9ccb9396e8d7464789c9c6d2dd57,-81,,3,64,,3
16:54:43,26.0,3,55d9d3a86c61b1b98b05877f12d9fea1f23b461901e14e4986a1f66e77ccb3aa,-82,,3,64,,3
16:54:44,26.0,3,121127ae2f6dd787ddebdc208e076edb9b5252272a9189cf2316be62026e5ac6,-80,,3,64,5.0,3
16:54:44,26.0,3,6e8bfe3f61a9bf0d9d6b9efffad540480522732ccf9d9dec5ca89c4412d1111a,-81,,3,64,,3
16:54:45,,3,a2542119652e2e9d68d4268c9ea595ecff338e39d6a52a94b8bdc22e4b1e37fb,-88,,3,64,,3
16:54:46,,3,353af1855a2d794e6077882c52134df0720c8788256714291ce4eec19fc1cd11,-71,,3,64,,3
16:54:47,,3,fb047bcecf680e56506d2b05c05e1ae150b62b4918e460fa5df16934c1778879,-83,,3,64,,3
16:54:48,26.0,3,f36aa6cab700c5db4f9a18723adf5cce8f7b0bbcda5107ce64d76e5d03e101de,-87,,3,64,8.0,3
16:54:48,26.0,3,f36aa6cab700c5db4f9a18723adf5cce8f7b0bbcda5107ce64d76e5d03e101de,-73,,3,64,8.0,3
16:54:49,,3,5ef89c56cfd56eb242f20ab4a304e7e99f5178d6399b0493cfe1bf2855f5d6bc,-69,,3,64,,3
16:54:50,,3,353af1855a2d794e6077882c52134df0720c8788256714291ce4eec19fc1cd11,-75,,3,64,,3
16:54:51,6.0,3,b15484bce90260c495c3bfd4d14b16d057705c128807b765373826e654badec6,-90,,3,64,,3
16:54:52,,3,a2542119652e2e9d68d4268c9ea595ecff338e39d6a52a94b8bdc22e4b1e37fb,-78,,3,64,,3
16:54:53,26.0,3,aaa592f8cf0374dd9b9cd5b0bbbc6f6c7f3c4d76e3ca573c2f9a128585c79fc7,-82,,3,64,,3
16:54:53,26.0,3,f6de3c5e7e0f7b9f12e047f9508d3d63c3687b90757c2103fa352c989d441cf8,-85,,3,64,12.0,3
16:54:54,,3,5ef89c56cfd56eb242f20ab4a304e7e99f5178d6399b0493cfe1bf2855f5d6bc,-63,,3,64,,3
16:54:55,,3,353af1855a2d794e6077882c52134df0720c8788256714291ce4eec19fc1cd11,-81,,3,64,,3
16:54:56,6.0,3,1be85378a18f2f0fd801e28f03d1c7df0b2caaaf7da8b06e97255285d0f3e053,-88,,3,64,,3
16:54:57,26.0,3,aaa592f8cf0374dd9b9cd5b0bbbc6f6c7f3c4d76e3ca573c2f9a128585c79fc7,-85,,3,64,,3
16:54:57,,3,9e7ced8390aeed578b57689835408a10a3db8fc8ceccff904695ea958f5bd6e5,-96,,3,64,,3
16:54:58,26.0,3,f36aa6cab700c5db4f9a18723adf5cce8f7b0bbcda5107ce64d76e5d03e101de,-74,,3,64,8.0,3
16:54:59,,3,a2542119652e2e9d68d4268c9ea595ecff338e39d6a52a94b8bdc22e4b1e37fb,-90,,3,64,,3
16:55:00,,3,6492f089eba4fd71640dfb0a9592994854a32cb9af528abebb67247c3c3aaae2,-94,,3,64,,3
16:55:01,,3,353af1855a2d794e6077882c52134df0720c8788256714291ce4eec19fc1cd11,-75,,3,64,,3
16:55:01,26.0,3,fcf95b86714ac680636b67a2ad25124c2a7459f9b1f12d22ad87e6542cb93a1e,-82,,3,64,5.0,3
16:55:02,26.0,3,121127ae2f6dd787ddebdc208e076edb9b5252272a9189cf2316be62026e5ac6,-78,,3,64,5.0,3
16:55:03,26.0,3,f6de3c5e7e0f7b9f12e047f9508d3d63c3687b90757c2103fa352c989d441cf8,-86,,3,64,12.0,3
16:55:04,,3,5ef89c56cfd56eb242f20ab4a304e7e99f5178d6399b0493cfe1bf2855f5d6bc,-61,,3,64,,3
16:55:05,26.0,3,ceab7aeebdcc5ffa90478fce487901d40e1a019801cbb4c4aa2fae40827668fe,-85,,3,64,7.0,3
16:55:05,,3,353af1855a2d794e6077882c52134df0720c8788256714291ce4eec19fc1cd11,-84,,3,64,,3
16:55:06,26.0,3,55d9d3a86c61b1b98b05877f12d9fea1f23b461901e14e4986a1f66e77ccb3aa,-74,,3,64,,3
16:55:07,26.0,3,f36aa6cab700c5db4f9a18723adf5cce8f7b0bbcda5107ce64d76e5d03e101de,-76,,3,64,8.0,3
16:55:08,26.0,3,5c0f482825755fd5fa4cd8fcf2ba01feefe810f80307d8a57adeed9d6408aa2a,-92,,3,64,,3
16:55:09,,3,5ef89c56cfd56eb242f20ab4a304e7e99f5178d6399b0493cfe1bf2855f5d6bc,-63,,3,64,,3
16:55:09,26.0,3,b6988854abf6bcfd01180526a9c40f67aa6681c586590659c2d7a7dfadacd931,-87,,3,64,,3
16:55:10,,3,a2542119652e2e9d68d4268c9ea595ecff338e39d6a52a94b8bdc22e4b1e37fb,-84,,3,64,,3
16:55:11,,3,fb047bcecf680e56506d2b05c05e1ae150b62b4918e460fa5df16934c1778879,-79,,3,64,,3
16:55:12,26.0,3,2bbd958bb628b248740a896d54b0666977c549e0c221777d53cdcefd7a78c59e,-84,,3,64,,3
16:55:13,26.0,3,121127ae2f6dd787ddebdc208e076edb9b5252272a9189cf2316be62026e5ac6,-85,,3,64,5.0,3
16:55:13,26.0,3,007254e9d0b4b2898ca6c3fc86b26f1ce7d5cf83bd7bc2546acbcec44f21f480,-85,,3,64,,3
16:55:14,26.0,3,5c0f482825755fd5fa4cd8fcf2ba01feefe810f80307d8a57adeed9d6408aa2a,-88,,3,64,,3
16:55:15,26.0,3,ceab7aeebdcc5ffa90478fce487901d40e1a019801cbb4c4aa2fae40827668fe,-86,,3,64,7.0,3
16:55:16,,3,6492f089eba4fd71640dfb0a9592994854a32cb9af528abebb67247c3c3aaae2,-93,,3,64,,3
16:55:17,26.0,3,007254e9d0b4b2898ca6c3fc86b26f1ce7d5cf83bd7bc2546acbcec44f21f480,-92,,3,64,,3
16:55:17,26.0,3,f36aa6cab700c5db4f9a18723adf5cce8f7b0bbcda5107ce64d76e5d03e101de,-88,,3,64,8.0,3
16:55:18,26.0,3,96102c91df440652aa031fe83d239338a03affe7375ac2d215287dc109c752f7,-85,,3,64,,3
16:55:19,26.0,3,5c0f482825755fd5fa4cd8fcf2ba01feefe810f80307d8a57adeed9d6408aa2a,-91,,3,64,,3
16:55:20,26.0,3,7d0a6f8d4e9a81e045e8799f4d00a2fe862bf74ac3b8746471b56e7cc9bd7f51,-79,,3,64,,3
16:55:21,26.0,3,96102c91df440652aa031fe83d239338a03affe7375ac2d215287dc109c752f7,-86,,3,64,,3
16:55:21,26.0,3,6e8bfe3f61a9bf0d9d6b9efffad540480522732ccf9d9dec5ca89c4412d1111a,-85,,3,64,,3
16:55:22,26.0,3,5c0f482825755fd5fa4cd8fcf2ba01feefe810f80307d8a57adeed9d6408aa2a,-92,,3,64,,3
16:55:23,6.0,3,1be85378a18f2f0fd801e28f03d1c7df0b2caaaf7da8b06e97255285d0f3e053,-88,,3,64,,3
16:55:24,26.0,3,b6988854abf6bcfd01180526a9c40f67aa6681c586590659c2d7a7dfadacd931,-83,,3,64,,3
16:55:25,,3,a2542119652e2e9d68d4268c9ea595ecff338e39d6a52a94b8bdc22e4b1e37fb,-74,,3,64,,3
16:55:25,26.0,3,bdc96a8c6ddddfea6cc186d3d5450c1802d4ffb96313aec796f92177f891977f,-92,,3,64,,3
16:55:26,26.0,3,55d9d3a86c61b1b98b05877f12d9fea1f23b461901e14e4986a1f66e77ccb3aa,-76,,3,64,,3
16:55:27,26.0,3,aaa592f8cf0374dd9b9cd5b0bbbc6f6c7f3c4d76e3ca573c2f9a128585c79fc7,-72,,3,64,,3
16:55:28,26.0,3,fac04b011455640d03ff6a8d24419773972cba0f18f12e6780966a165124539c,-93,,3,64,,3
16:55:29,26.0,3,b6988854abf6bcfd01180526a9c40f67aa6681c586590659c2d7a7dfadacd931,-82,,3,64,,3
16:55:29,26.0,3,f36aa6cab700c5db4f9a18723adf5cce8f7b0bbcda5107ce64d76e5d03e101de,-73,,3,64,8.0,3
16:55:30,,3,a77787a4df92239e7268847261257859b916526035d134a71ffda65a7ca82246,-77,,3,64,,3
16:55:31,26.0,3,badf81f9dac0b31494e4d4c0fa1af530142ff0c4d545c2733105650691ada7bb,-71,,3,64,,3
16:55:32,,3,a77787a4df92239e7268847261257859b916526035d134a71ffda65a7ca82246,-85,,3,64,,3
16:55:33,6.0,3,1be85378a18f2f0fd801e28f03d1c7df0b2caaaf7da8b06e97255285d0f3e053,-93,,3,64,,3
16:55:33,,3,a77787a4df92239e7268847261257859b916526035d134a71ffda65a7ca82246,-89,,3,64,,3
16:55:34,26.0,3,badf81f9dac0b31494e4d4c0fa1af530142ff0c4d545c2733105650691ada7bb,-70,,3,64,,3
16:55:35,26.0,3,badf81f9dac0b31494e4d4c0fa1af530142ff0c4d545c2733105650691ada7bb,-79,,3,64,,3
16:55:36,26.0,3,f6de3c5e7e0f7b9f12e047f9508d3d63c3687b90757c2103fa352c989d441cf8,-77,,3,64,12.0,3
16:55:37,26.0,3,aaa592f8cf0374dd9b9cd5b0bbbc6f6c7f3c4d76e3ca573c2f9a128585c79fc7,-70,,3,64,,3
16:55:38,26.0,3,05b2e041158e5a862ddc7d0a0ab6afe3190bdbdfe9843ae34a5e3a09339ec690,-86,,3,64,7.0,3
16:55:38,,3,fb047bcecf680e56506d2b05c05e1ae150b62b4918e460fa5df16934c1778879,-92,,3,64,,3
16:55:39,,3,5ef89c56cfd56eb242f20ab4a304e7e99f5178d6399b0493cfe1bf2855f5d6bc,-77,,3,64,,3
16:55:40,26.0,3,6e8bfe3f61a9bf0d9d6b9efffad540480522732ccf9d9dec5ca89c4412d1111a,-80,,3,64,,3
16:55:41,26.0,3,fac04b011455640d03ff6a8d24419773972cba0f18f12e6780966a165124539c,-91,,3,64,,3
16:55:42,26.0,3,fcf95b86714ac680636b67a2ad25124c2a7459f9b1f12d22ad87e6542cb93a1e,-82,,3,64,5.0,3
16:55:42,,3,a2542119652e2e9d68d4268c9ea595ecff338e39d6a52a94b8bdc22e4b1e37fb,-73,,3,64,,3
16:55:43,26.0,3,b6988854abf6bcfd01180526a9c40f67aa6681c586590659c2d7a7dfadacd931,-77,,3,64,,3
16:55:44,26.0,3,badf81f9dac0b31494e4d4c0fa1af530142ff0c4d545c2733105650691ada7bb,-77,,3,64,,3
16:55:45,,3,a2542119652e2e9d68d4268c9ea595ecff338e39d6a52a94b8bdc22e4b1e37fb,-73,,3,64,,3
16:55:46,26.0,3,aaa592f8cf0374dd9b9cd5b0bbbc6f6c7f3c4d76e3ca573c2f9a128585c79fc7,-70,,3,64,,3
16:55:46,26.0,3,aaa592f8cf0374dd9b9cd5b0bbbc6f6c7f3c4d76e3ca573c2f9a128585c79fc7,-77,,3,64,,3
16:55:47,26.0,3,fac04b011455640d03ff6a8d24419773972cba0f18f12e6780966a165124539c,-89,,3,64,,3
16:55:48,26.0,3,6e8bfe3f61a9bf0d9d6b9efffad540480522732ccf9d9dec5ca89c4412d1111a,-79,,3,64,,3
16:55:49,26.0,3,7d0a6f8d4e9a81e045e8799f4d00a2fe862bf74ac3b8746471b56e7cc9bd7f51,-84,,3,64,,3
16:55:50,26.0,3,f36aa6cab700c5db4f9a18723adf5cce8f7b0bbcda5107ce64d76e5d03e101de,-71,,3,64,8.0,3
16:55:50,,3,fb047bcecf680e56506d2b05c05e1ae150b62b4918e460fa5df16934c1778879,-84,,3,64,,3
16:55:51,26.0,3,55d9d3a86c61b1b98b05877f12d9fea1f23b461901e14e4986a1f66e77ccb3aa,-71,,3,64,,3
16:55:52,26.0,3,2bbd958bb628b248740a896d54b0666977c549e0c221777d53cdcefd7a78c59e,-87,,3,64,,3
16:55:53,26.0,3,badf81f9dac0b31494e4d4c0fa1af530142ff0c4d545c2733105650691ada7bb,-72,,3,64,,3
16:55:54,,3,fb047bcecf680e56506d2b05c05e1ae150b62b4918e460fa5df16934c1778879,-86,,3,64,,3
16:55:54,26.0,3,aaa592f8cf0374dd9b9cd5b0bbbc6f6c7f3c4d76e3ca573c2f9a128585c79fc7,-69,,3,64,,3
16:55:55,26.0,3,6e8bfe3f61a9bf0d9d6b9efffad540480522732ccf9d9dec5ca89c4412d1111a,-82,,3,64,,3
16:55:56,26.0,3,aaa592f8cf0374dd9b9cd5b0bbbc6f6c7f3c4d76e3ca573c2f9a128585c79fc7,-72,,3,64,,3
16:55:57,26.0,3,fac04b011455640d03ff6a8d24419773972cba0f18f12e6780966a165124539c,-93,,3,64,,3
16:55:58,,3,a77787a4df92239e7268847261257859b916526035d134a71ffda65a7ca82246,-84,,3,64,,3
16:55:58,26.0,3,bdc96a8c6ddddfea6cc186d3d5450c1802d4ffb96313aec796f92177f891977f,-90,,3,64,,3
16:55:59,,3,6492f089eba4fd71640dfb0a9592994854a32cb9af528abebb67247c3c3aaae2,-90,,3,64,,3
16:56:00,,3,fb047bcecf680e56506d2b05c05e1ae150b62b4918e460fa5df16934c1778879,-81,,3,64,,3
16:56:01,26.0,3,96102c91df440652aa031fe83d239338a03affe7375ac2d215287dc109c752f7,-89,,3,64,,3
16:56:02,,3,6492f089eba4fd71640dfb0a9592994854a32cb9af528abebb67247c3c3aaae2,-90,,3,64,,3
16:56:02,,3,a77787a4df92239e7268847261257859b916526035d134a71ffda65a7ca82246,-78,,3,64,,3
16:56:03,26.0,3,5c0f482825755fd5fa4cd8fcf2ba01feefe810f80307d8a57adeed9d6408aa2a,-90,,3,64,,3
16:56:04,,3,fb047bcecf680e56506d2b05c05e1ae150b62b4918e460fa5df16934c1778879,-84,,3,64,,3
16:56:05,26.0,3,badf81f9dac0b31494e4d4c0fa1af530142ff0c4d545c2733105650691ada7bb,-84,,3,64,,3
16:56:06,26.0,3,b6988854abf6bcfd01180526a9c40f67aa6681c586590659c2d7a7dfadacd931,-81,,3,64,,3
16:56:06,,3,fb047bcecf680e56506d2b05c05e1ae150b62b4918e460fa5df16934c1778879,-83,,3,64,,3
16:56:07,26.0,3,05b2e041158e5a862ddc7d0a0ab6afe3190bdbdfe9843ae34a5e3a09339ec690,-84,,3,64,7.0,3
16:56:08,26.0,3,ea1b828cad7d68c01007d88052edb85fbcf19eba51ad951f8ce19e80572ba001,-63,,3,64,12.0,3
16:56:09,,3,a2542119652e2e9d68d4268c9ea595ecff338e39d6a52a94b8bdc22e4b1e37fb,-70,,3,64,,3
16:56:10,,3,a77787a4df92239e7268847261257859b916526035d134a71ffda65a7ca82246,-72,,3,64,,3
16:56:10,,3,5ef89c56cfd56eb242f20ab4a304e7e99f5178d6399b0493cfe1bf2855f5d6bc,-85,,3,64,,3
16:56:11,26.0,3,f36aa6cab700c5db4f9a18723adf5cce8f7b0bbcda5107ce64d76e5d03e101de,-82,,3,64,8.0,3
16:56:12,26.0,3,badf81f9dac0b31494e4d4c0fa1af530142ff0c4d545c2733105650691ada7bb,-76,,3,64,,3
16:56:13,26.0,3,2bbd958bb628b248740a896d54b0666977c549e0c221777d53cdcefd7a78c59e,-83,,3,64,,3
16:56:14,26.0,3,b6988854abf6bcfd01180526a9c40f67aa6681c586590659c2d7a7dfadacd931,-84,,3,64,,3
16:56:14,26.0,3,2bbd958bb628b248740a896d54b0666977c549e0c221777d53cdcefd7a78c59e,-77,,3,64,,3
16:56:15,26.0,3,121127ae2f6dd787ddebdc208e076edb9b5252272a9189cf2316be62026e5ac6,-84,,3,64,5.0,3
16:56:16,26.0,3,fac04b011455640d03ff6a8d24419773972cba0f18f12e6780966a165124539c,-95,,3,64,,3
16:56:17,26.0,3,badf81f9dac0b31494e4d4c0fa1af530142ff0c4d545c2733105650691ada7bb,-75,,3,64,,3
16:56:18,26.0,3,aaa592f8cf0374dd9b9cd5b0bbbc6f6c7f3c4d76e3ca573c2f9a128585c79fc7,-75,,3,64,,3
16:56:18,,3,fb047bcecf680e56506d2b05c05e1ae150b62b4918e460fa5df16934c1778879,-88,,3,64,,3
16:56:19,26.0,3,6e8bfe3f61a9bf0d9d6b9efffad540480522732ccf9d9dec5ca89c4412d1111a,-81,,3,64,,3
16:56:20,26.0,3,55d9d3a86c61b1b98b05877f12d9fea1f23b461901e14e4986a1f66e77ccb3aa,-80,,3,64,,3
16:56:21,26.0,3,f36aa6cab700c5db4f9a18723adf5cce8f7b0bbcda5107ce64d76e5d03e101de,-70,,3,64,8.0,3
16:56:22,,3,9e7ced8390aeed578b57689835408a10a3db8fc8ceccff904695ea958f5bd6e5,-88,,3,64,,3
16:56:22,26.0,3,badf81f9dac0b31494e4d4c0fa1af530142ff0c4d545c2733105650691ada7bb,-79,,3,64,,3
16:56:23,26.0,3,55d9d3a86c61b1b98b05877f12d9fea1f23b461901e14e4986a1f66e77ccb3aa,-76,,3,64,,3
16:56:24,26.0,3,bdc96a8c6ddddfea6cc186d3d5450c1802d4ffb96313aec796f92177f891977f,-86,,3,64,,3
16:56:25,,3,5ef89c56cfd56eb242f20ab4a304e7e99f5178d6399b0493cfe1bf2855f5d6bc,-72,,3,64,,3
16:56:26,,3,a77787a4df92239e7268847261257859b916526035d134a71ffda65a7ca82246,-75,,3,64,,3
16:56:27,26.0,3,ceab7aeebdcc5ffa90478fce487901d40e1a019801cbb4c4aa2fae40827668fe,-86,,3,64,7.0,3
16:56:27,26.0,3,6e8bfe3f61a9bf0d9d6b9efffad540480522732ccf9d9dec5ca89c4412d1111a,-80,,3,64,,3
16:56:28,,3,fb047bcecf680e56506d2b05c05e1ae150b62b4918e460fa5df16934c1778879,-86,,3,64,,3
16:56:29,26.0,3,b6988854abf6bcfd01180526a9c40f67aa6681c586590659c2d7a7dfadacd931,-79,,3,64,,3
16:56:30,26.0,3,2bbd958bb628b248740a896d54b0666977c549e0c221777d53cdcefd7a78c59e,-76,,3,64,,3
16:56:31,,3,a2542119652e2e9d68d4268c9ea595ecff338e39d6a52a94b8bdc22e4b1e37fb,-77,,3,64,,3
16:56:31,,3,d641f019696206dd5de875e096470f9b3f4cfa6bcc7c7e75f0f1166379569cbe,-85,,3,64,,3
16:56:32,26.0,3,f36aa6cab700c5db4f9a18723adf5cce8f7b0bbcda5107ce64d76e5d03e101de,-69,,3,64,8.0,3
16:56:33,26.0,3,6e8bfe3f61a9bf0d9d6b9efffad540480522732ccf9d9dec5ca89c4412d1111a,-80,,3,64,,3
16:56:34,,3,18e8caa7e873d4c7dda2fc367ee3b2b3391b1133b18ca4cd0c473dc4c9166240,-76,,3,64,,3
16:56:35,26.0,3,2bbd958bb628b248740a896d54b0666977c549e0c221777d53cdcefd7a78c59e,-77,,3,64,,3
16:56:35,26.0,3,7d0a6f8d4e9a81e045e8799f4d00a2fe862bf74ac3b8746471b56e7cc9bd7f51,-78,,3,64,,3
16:56:36,,3,a77787a4df92239e7268847261257859b916526035d134a71ffda65a7ca82246,-76,,3,64,,3
16:56:37,26.0,3,55d9d3a86c61b1b98b05877f12d9fea1f23b461901e14e4986a1f66e77ccb3aa,-73,,3,64,,3
16:56:38,26.0,3,7d0a6f8d4e9a81e045e8799f4d00a2fe862bf74ac3b8746471b56e7cc9bd7f51,-80,,3,64,,3
16:56:39,,3,a77787a4df92239e7268847261257859b916526035d134a71ffda65a7ca82246,-78,,3,64,,3
16:56:39,26.0,3,fac04b011455640d03ff6a8d24419773972cba0f18f12e6780966a165124539c,-85,,3,64,,3
16:56:40,26.0,3,aaa592f8cf0374dd9b9cd5b0bbbc6f6c7f3c4d76e3ca573c2f9a128585c79fc7,-80,,3,64,,3
16:56:41,,3,a2542119652e2e9d68d4268c9ea595ecff338e39d6a52a94b8bdc22e4b1e37fb,-72,,3,64,,3
16:56:42,26.0,3,bdc96a8c6ddddfea6cc186d3d5450c1802d4ffb96313aec796f92177f891977f,-86,,3,64,,3
16:56:43,26.0,3,f36aa6cab700c5db4f9a18723adf5cce8f7b0bbcda5107ce64d76e5d03e101de,-83,,3,64,8.0,3
16:56:43,,3,6492f089eba4fd71640dfb0a9592994854a32cb9af528abebb67247c3c3aaae2,-93,,3,64,,3
16:56:44,,3,6492f089eba4fd71640dfb0a9592994854a32cb9af528abebb67247c3c3aaae2,-91,,3,64,,3
16:56:45,26.0,3,aaa592f8cf0374dd9b9cd5b0bbbc6f6c7f3c4d76e3ca573c2f9a128585c79fc7,-85,,3,64,,3
16:56:46,,3,fb047bcecf680e56506d2b05c05e1ae150b62b4918e460fa5df16934c1778879,-82,,3,64,,3
16:56:47,26.0,3,007254e9d0b4b2898ca6c3fc86b26f1ce7d5cf83bd7bc2546acbcec44f21f480,-93,,3,64,,3
16:56:47,,3,d641f019696206dd5de875e096470f9b3f4cfa6bcc7c7e75f0f1166379569cbe,-90,,3,64,,3
16:56:48,26.0,3,f6de3c5e7e0f7b9f12e047f9508d3d63c3687b90757c2103fa352c989d441cf8,-81,,3,64,12.0,3
16:56:49,26.0,3,6f0f59a08f7130ff741d44b8ee69925c9b42fdedfe6a64532eab075d5476ce07,-92,,3,64,12.0,3
16:56:50,,3,a2542119652e2e9d68d4268c9ea595ecff338e39d6a52a94b8bdc22e4b1e37fb,-85,,3,64,,3
16:56:51,,3,fb047bcecf680e56506d2b05c05e1ae150b62b4918e460fa5df16934c1778879,-84,,3,64,,3
16:56:51,26.0,3,6e8bfe3f61a9bf0d9d6b9efffad540480522732ccf9d9dec5ca89c4412d1111a,-82,,3,64,,3
16:56:52,,3,a77787a4df92239e7268847261257859b916526035d134a71ffda65a7ca82246,-83,,3,64,,3
16:56:53,,3,6492f089eba4fd71640dfb0a9592994854a32cb9af528abebb67247c3c3aaae2,-86,,3,64,,3
16:56:54,,3,5ef89c56cfd56eb242f20ab4a304e7e99f5178d6399b0493cfe1bf2855f5d6bc,-61,,3,64,,3
16:56:55,26.0,3,bdc96a8c6ddddfea6cc186d3d5450c1802d4ffb96313aec796f92177f891977f,-85,,3,64,,3
16:56:55,,3,6492f089eba4fd71640dfb0a9592994854a32cb9af528abebb67247c3c3aaae2,-87,,3,64,,3
16:56:56,26.0,3,fcf95b86714ac680636b67a2ad25124c2a7459f9b1f12d22ad87e6542cb93a1e,-80,,3,64,5.0,3
16:56:57,26.0,3,007254e9d0b4b2898ca6c3fc86b26f1ce7d5cf83bd7bc2546acbcec44f21f480,-89,,3,64,,3
16:56:58,,3,5ef89c56cfd56eb242f20ab4a304e7e99f5178d6399b0493cfe1bf2855f5d6bc,-65,,3,64,,3
16:56:59,26.0,3,7d0a6f8d4e9a81e045e8799f4d00a2fe862bf74ac3b8746471b56e7cc9bd7f51,-82,,3,64,,3
16:56:59,26.0,3,f6de3c5e7e0f7b9f12e047f9508d3d63c3687b90757c2103fa352c989d441cf8,-78,,3,64,12.0,3
16:57:00,26.0,3,fac04b011455640d03ff6a8d24419773972cba0f18f12e6780966a165124539c,-85,,3,64,,3
16:57:01,26.0,3,2bbd958bb628b248740a896d54b0666977c549e0c221777d53cdcefd7a78c59e,-81,,3,64,,3
16:57:02,26.0,3,96102c91df440652aa031fe83d239338a03affe7375ac2d215287dc109c752f7,-86,,3,64,,3
16:57:03,,3,6492f089eba4fd71640dfb0a9592994854a32cb9af528abebb67247c3c3aaae2,-92,,3,64,,3
16:57:03,,3,6492f089eba4fd71640dfb0a9592994854a32cb9af528abebb67247c3c3aaae2,-95,,3,64,,3
16:57:04,,3,a2542119652e2e9d68d4268c9ea595ecff338e39d6a52a94b8bdc22e4b1e37fb,-74,,3,64,,3
16:57:05,26.0,3,121127ae2f6dd787ddebdc208e076edb9b5252272a9189cf2316be62026e5ac6,-80,,3,64,5.0,3
16:57:06,6.0,3,1be85378a18f2f0fd801e28f03d1c7df0b2caaaf7da8b06e97255285d0f3e053,-89,,3,64,,3
16:57:07,,3,a2542119652e2e9d68d4268c9ea595ecff338e39d6a52a94b8bdc22e4b1e37fb,-74,,3,64,,3
16:57:07,,3,5ef89c56cfd56eb242f20ab4a304e7e99f5178d6399b0493cfe1bf2855f5d6bc,-66,,3,64,,3
16:57:08,26.0,3,55d9d3a86c61b1b98b05877f12d9fea1f23b461901e14e4986a1f66e77ccb3aa,-73,,3,64,,3
16:57:09,6.0,3,b15484bce90260c495c3bfd4d14b16d057705c128807b765373826e654badec6,-90,,3,64,,3
16:57:10,,3,5ef89c56cfd56eb242f20ab4a304e7e99f5178d6399b0493cfe1bf2855f5d6bc,-61,,3,64,,3
16:57:11,26.0,3,55d9d3a86c61b1b98b05877f12d9fea1f23b461901e14e4986a1f66e77ccb3aa,-72,,3,64,,3
16:57:11,,3,a2542119652e2e9d68d4268c9ea595ecff338e39d6a52a94b8bdc22e4b1e37fb,-75,,3,64,,3
16:57:12,,3,5ef89c56cfd56eb242f20ab4a304e7e99f5178d6399b0493cfe1bf2855f5d6bc,-61,,3,64,,3
16:57:13,,3,fb047bcecf680e56506d2b05c05e1ae150b62b4918e460fa5df16934c1778879,-84,,3,64,,3
16:57:14,26.0,3,121127ae2f6dd787ddebdc208e076edb9b5252272a9189cf2316be62026e5ac6,-83,,3,64,5.0,3
16:57:15,26.0,3,b6988854abf6bcfd01180526a9c40f67aa6681c586590659c2d7a7dfadacd931,-83,,3,64,,3
16:57:16,,3,5ef89c56cfd56eb242f20ab4a304e7e99f5178d6399b0493cfe1bf2855f5d6bc,-65,,3,64,,3
16:57:16,,3,a77787a4df92239e7268847261257859b916526035d134a71ffda65a7ca82246,-80,,3,64,,3
16:57:17,,3,5ef89c56cfd56eb242f20ab4a304e7e99f5178d6399b0493cfe1bf2855f5d6bc,-67,,3,64,,3
16:57:18,,3,6492f089eba4fd71640dfb0a9592994854a32cb9af528abebb67247c3c3aaae2,-92,,3,64,,3
16:57:19,26.0,3,b6988854abf6bcfd01180526a9c40f67aa6681c586590659c2d7a7dfadacd931,-86,,3,64,,3
16:57:19,26.0,3,f36aa6cab700c5db4f9a18723adf5cce8f7b0bbcda5107ce64d76e5d03e101de,-74,,3,64,8.0,3
16:57:20,6.0,3,1be85378a18f2f0fd801e28f03d1c7df0b2caaaf7da8b06e97255285d0f3e053,-89,,3,64,,3
16:57:21,,3,fb047bcecf680e56506d2b05c05e1ae150b62b4918e460fa5df16934c1778879,-84,,3,64,,3
16:57:22,26.0,3,bdc96a8c6ddddfea6cc186d3d5450c1802d4ffb96313aec796f92177f891977f,-85,,3,64,,3
16:57:23,26.0,3,96102c91df440652aa031fe83d239338a03affe7375ac2d215287dc109c752f7,-88,,3,64,,3
16:57:24,26.0,3,55d9d3a86c61b1b98b05877f12d9fea1f23b461901e14e4986a1f66e77ccb3aa,-84,,3,64,,3
16:57:24,26.0,3,6f0f59a08f7130ff741d44b8ee69925c9b42fdedfe6a64532eab075d5476ce07,-85,,3,64,12.0,3
16:57:25,,3,fb047bcecf680e56506d2b05c05e1ae150b62b4918e460fa5df16934c1778879,-93,,3,64,,3
16:57:26,,3,5ef89c56cfd56eb242f20ab4a304e7e99f5178d6399b0493cfe1bf2855f5d6bc,-63,,3,64,,3
16:57:27,,3,6492f089eba4fd71640dfb0a9592994854a32cb9af528abebb67247c3c3aaae2,-93,,3,64,,3
16:57:28,,3,a2542119652e2e9d68d4268c9ea595ecff338e39d6a52a94b8bdc22e4b1e37fb,-76,,3,64,,3
16:57:28,26.0,3,aaa592f8cf0374dd9b9cd5b0bbbc6f6c7f3c4d76e3ca573c2f9a128585c79fc7,-84,,3,64,,3
16:57:29,26.0,3,badf81f9dac0b31494e4d4c0fa1af530142ff0c4d545c2733105650691ada7bb,-73,,3,64,,3
16:57:30,26.0,3,55d9d3a86c61b1b98b05877f12d9fea1f23b461901e14e4986a1f66e77ccb3aa,-73,,3,64,,3
16:57:31,26.0,3,badf81f9dac0b31494e4d4c0fa1af530142ff0c4d545c2733105650691ada7bb,-72,,3,64,,3
16:57:32,26.0,3,aaa592f8cf0374dd9b9cd5b0bbbc6f6c7f3c4d76e3ca573c2f9a128585c79fc7,-74,,3,64,,3
16:57:32,26.0,3,badf81f9dac0b31494e4d4c0fa1af530142ff0c4d545c2733105650691ada7bb,-83,,3,64,,3
16:57:33,26.0,3,fac04b011455640d03ff6a8d24419773972cba0f18f12e6780966a165124539c,-84,,3,64,,3
16:57:34,26.0,3,55d9d3a86c61b1b98b05877f12d9fea1f23b461901e14e4986a1f66e77ccb3aa,-73,,3,64,,3
16:57:35,26.0,3,7d0a6f8d4e9a81e045e8799f4d00a2fe862bf74ac3b8746471b56e7cc9bd7f51,-87,,3,64,,3
16:57:36,,3,a2542119652e2e9d68d4268c9ea595ecff338e39d6a52a94b8bdc22e4b1e37fb,-72,,3,64,,3
16:57:36,26.0,3,5c0f482825755fd5fa4cd8fcf2ba01feefe810f80307d8a57adeed9d6408aa2a,-84,,3,64,,3
16:57:37,,3,a2542119652e2e9d68d4268c9ea595ecff338e39d6a52a94b8bdc22e4b1e37fb,-87,,3,64,,3
16:57:38,,3,fb047bcecf680e56506d2b05c05e1ae150b62b4918e460fa5df16934c1778879,-85,,3,64,,3
16:57:39,26.0,3,55d9d3a86c61b1b98b05877f12d9fea1f23b461901e14e4986a1f66e77ccb3aa,-83,,3,64,,3
16:57:40,,3,a2542119652e2e9d68d4268c9ea595ecff338e39d6a52a94b8bdc22e4b1e37fb,-88,,3,64,,3
16:57:40,26.0,3,7d0a6f8d4e9a81e045e8799f4d00a2fe862bf74ac3b8746471b56e7cc9bd7f51,-79,,3,64,,3
16:57:41,,3,fb047bcecf680e56506d2b05c05e1ae150b62b4918e460fa5df16934c1778879,-88,,3,64,,3
16:57:42,,3,a2542119652e2e9d68d4268c9ea595ecff338e39d6a52a94b8bdc22e4b1e37fb,-85,,3,64,,3
16:57:43,26.0,3,007254e9d0b4b2898ca6c3fc86b26f1ce7d5cf83bd7bc2546acbcec44f21f480,-84,,3,64,,3
16:57:44,,3,a77787a4df92239e7268847261257859b916526035d134a71ffda65a7ca82246,-79,,3,64,,3
16:57:44,26.0,3,6f0f59a08f7130ff741d44b8ee69925c9b42fdedfe6a64532eab075d5476ce07,-85,,3,64,12.0,3
16:57:45,,3,6492f089eba4fd71640dfb0a9592994854a32cb9af528abebb67247c3c3aaae2,-92,,3,64,,3
16:57:46,26.0,3,fac04b011455640d03ff6a8d24419773972cba0f18f12e6780966a165124539c,-90,,3,64,,3
16:57:47,,3,a77787a4df92239e7268847261257859b916526035d134a71ffda65a7ca82246,-71,,3,64,,3
16:57:48,26.0,3,f36aa6cab700c5db4f9a18723adf5cce8f7b0bbcda5107ce64d76e5d03e101de,-74,,3,64,8.0,3
16:57:48,26.0,3,6e8bfe3f61a9bf0d9d6b9efffad540480522732ccf9d9dec5ca89c4412d1111a,-83,,3,64,,3
16:57:49,,3,a2542119652e2e9d68d4268c9ea595ecff338e39d6a52a94b8bdc22e4b1e37fb,-71,,3,64,,3
16:57:50,26.0,3,55d9d3a86c61b1b98b05877f12d9fea1f23b461901e14e4986a1f66e77ccb3aa,-73,,3,64,,3
16:57:51,,3,a77787a4df92239e7268847261257859b916526035d134a71ffda65a7ca82246,-80,,3,64,,3
16:57:52,,3,a2542119652e2e9d68d4268c9ea595ecff338e39d6a52a94b8bdc22e4b1e37fb,-69,,3,64,,3
16:57:52,6.0,3,b15484bce90260c495c3bfd4d14b16d057705c128807b765373826e654badec6,-87,,3,64,,3
16:57:53,26.0,3,6e8bfe3f61a9bf0d9d6b9efffad540480522732ccf9d9dec5ca89c4412d1111a,-78,,3,64,,3
16:57:54,,3,a77787a4df92239e7268847261257859b916526035d134a71ffda65a7ca82246,-84,,3,64,,3
16:57:55,26.0,3,55d9d3a86c61b1b98b05877f12d9fea1f23b461901e14e4986a1f66e77ccb3aa,-84,,3,64,,3
16:57:56,26.0,3,b6988854abf6bcfd01180526a9c40f67aa6681c586590659c2d7a7dfadacd931,-76,,3,64,,3
16:57:56,,3,a77787a4df92239e7268847261257859b916526035d134a71ffda65a7ca82246,-85,,3,64,,3
16:57:57,26.0,3,96102c91df440652aa031fe83d239338a03affe7375ac2d215287dc109c752f7,-86,,3,64,,3
16:57:58,26.0,3,5c0f482825755fd5fa4cd8fcf2ba01feefe810f80307d8a57adeed9d6408aa2a,-87,,3,64,,3
16:57:59,26.0,3,6e8bfe3f61a9bf0d9d6b9efffad540480522732ccf9d9dec5ca89c4412d1111a,-80,,3,64,,3
16:58:00,,3,a2542119652e2e9d68d4268c9ea595ecff338e39d6a52a94b8bdc22e4b1e37fb,-92,,3,64,,3
16:58:00,26.0,3,fac04b011455640d03ff6a8d24419773972cba0f18f12e6780966a165124539c,-93,,3,64,,3
16:58:01,,3,5ef89c56cfd56eb242f20ab4a304e7e99f5178d6399b0493cfe1bf2855f5d6bc,-69,,3,64,,3
16:58:02,,3,a2542119652e2e9d68d4268c9ea595ecff338e39d6a52a94b8bdc22e4b1e37fb,-87,,3,64,,3
16:58:03,26.0,3,96102c91df440652aa031fe83d239338a03affe7375ac2d215287dc109c752f7,-87,,3,64,,3
16:58:04,26.0,3,f6de3c5e7e0f7b9f12e047f9508d3d63c3687b90757c2103fa352c989d441cf8,-86,,3,64,12.0,3
16:58:05,26.0,3,aaa592f8cf0374dd9b9cd5b0bbbc6f6c7f3c4d76e3ca573c2f9a128585c79fc7,-82,,3,64,,3
16:58:05,,3,a77787a4df92239e7268847261257859b916526035d134a71ffda65a7ca82246,-69,,3,64,,3
16:58:06,,3,fb047bcecf680e56506d2b05c05e1ae150b62b4918e460fa5df16934c1778879,-88,,3,64,,3
16:58:07,,3,5ef89c56cfd56eb242f20ab4a304e7e99f5178d6399b0493cfe1bf2855f5d6bc,-71,,3,64,,3
16:58:08,,3,5ef89c56cfd56eb242f20ab4a304e7e99f5178d6399b0493cfe1bf2855f5d6bc,-69,,3,64,,3
16:58:09,26.0,3,f36aa6cab700c5db4f9a18723adf5cce8f7b0bbcda5107ce64d76e5d03e101de,-83,,3,64,8.0,3
16:58:09,26.0,3,aaa592f8cf0374dd9b9cd5b0bbbc6f6c7f3c4d76e3ca573c2f9a128585c79fc7,-74,,3,64,,3
16:58:10,,3,fb047bcecf680e56506d2b05c05e1ae150b62b4918e460fa5df16934c1778879,-94,,3,64,,3
16:58:11,,3,5ef89c56cfd56eb242f20ab4a304e7e99f5178d6399b0493cfe1bf2855f5d6bc,-74,,3,64,,3
16:58:12,26.0,3,badf81f9dac0b31494e4d4c0fa1af530142ff0c4d545c2733105650691ada7bb,-74,,3,64,,3
16:58:13,,3,6492f089eba4fd71640dfb0a9592994854a32cb9af528abebb67247c3c3aaae2,-91,,3,64,,3
16:58:13,,3,a77787a4df92239e7268847261257859b916526035d134a71ffda65a7ca82246,-76,,3,64,,3
16:58:14,,3,a60518f5a26877ada31aa89802c0f08f1550104df99c8e72f4c04ee933de03b8,-77,,3,64,,3
16:58:15,26.0,3,ceab7aeebdcc5ffa90478fce487901d40e1a019801cbb4c4aa2fae40827668fe,-87,,3,64,7.0,3
16:58:16,,3,a77787a4df92239e7268847261257859b916526035d134a71ffda65a7ca82246,-79,,3,64,,3
16:58:17,26.0,3,007254e9d0b4b2898ca6c3fc86b26f1ce7d5cf83bd7bc2546acbcec44f21f480,-88,,3,64,,3
16:58:17,26.0,3,badf81f9dac0b31494e4d4c0fa1af530142ff0c4d545c2733105650691ada7bb,-81,,3,64,,3
16:58:18,,3,6492f089eba4fd71640dfb0a9592994854a32cb9af528abebb67247c3c3aaae2,-92,,3,64,,3
16:58:19,26.0,3,f36aa6cab700c5db4f9a18723adf5cce8f7b0bbcda5107ce64d76e5d03e101de,-74,,3,64,8.0,3
16:58:20,,3,fb047bcecf680e56506d2b05c05e1ae150b62b4918e460fa5df16934c1778879,-82,,3,64,,3
16:58:21,,3,5ef89c56cfd56eb242f20ab4a304e7e99f5178d6399b0493cfe1bf2855f5d6bc,-77,,3,64,,3
16:58:21,,3,a2542119652e2e9d68d4268c9ea595ecff338e39d6a52a94b8bdc22e4b1e37fb,-74,,3,64,,3
16:58:22,,3,a77787a4df92239e7268847261257859b916526035d134a71ffda65a7ca82246,-75,,3,64,,3
16:58:23,,3,6492f089eba4fd71640dfb0a9592994854a32cb9af528abebb67247c3c3aaae2,-93,,3,64,,3
16:58:24,26.0,3,7d0a6f8d4e9a81e045e8799f4d00a2fe862bf74ac3b8746471b56e7cc9bd7f51,-78,,3,64,,3
16:58:25,6.0,3,1be85378a18f2f0fd801e28f03d1c7df0b2caaaf7da8b06e97255285d0f3e053,-87,,3,64,,3
16:58:25,,3,5ef89c56cfd56eb242f20ab4a304e7e99f5178d6399b0493cfe1bf2855f5d6bc,-71,,3,64,,3
16:58:26,26.0,3,7d0a6f8d4e9a81e045e8799f4d00a2fe862bf74ac3b8746471b56e7cc9bd7f51,-77,,3,64,,3
16:58:27,6.0,3,b15484bce90260c495c3bfd4d14b16d057705c128807b765373826e654badec6,-85,,3,64,,3
16:58:28,26.0,3,05b2e041158e5a862ddc7d0a0ab6afe3190bdbdfe9843ae34a5e3a09339ec690,-88,,3,64,7.0,3
16:58:29,,3,fb047bcecf680e56506d2b05c05e1ae150b62b4918e460fa5df16934c1778879,-82,,3,64,,3
16:58:29,,3,fb047bcecf680e56506d2b05c05e1ae150b62b4918e460fa5df16934c1778879,-82,,3,64,,3
16:58:30,26.0,3,6e8bfe3f61a9bf0d9d6b9efffad540480522732ccf9d9dec5ca89c4412d1111a,-77,,3,64,,3
16:58:31,26.0,3,bdc96a8c6ddddfea6cc186d3d5450c1802d4ffb96313aec796f92177f891977f,-87,,3,64,,3
16:58:32,,3,a77787a4df92239e7268847261257859b916526035d134a71ffda65a7ca82246,-71,,3,64,,3
16:58:33,,3,a2542119652e2e9d68d4268c9ea595ecff338e39d6a52a94b8bdc22e4b1e37fb,-76,,3,64,,3
16:58:33,,3,5ef89c56cfd56eb242f20ab4a304e7e99f5178d6399b0493cfe1bf2855f5d6bc,-66,,3,64,,3
16:58:34,26.0,3,2bbd958bb628b248740a896d54b0666977c549e0c221777d53cdcefd7a78c59e,-78,,3,64,,3
16:58:35,26.0,3,6e8bfe3f61a9bf0d9d6b9efffad540480522732ccf9d9dec5ca89c4412d1111a,-86,,3,64,,3
16:58:36,,3,5ef89c56cfd56eb242f20ab4a304e7e99f5178d6399b0493cfe1bf2855f5d6bc,-67,,3,64,,3
16:58:37,26.0,3,7d0a6f8d4e9a81e045e8799f4d00a2fe862bf74ac3b8746471b56e7cc9bd7f51,-76,,3,64,,3
16:58:37,,3,a2542119652e2e9d68d4268c9ea595ecff338e39d6a52a94b8bdc22e4b1e37fb,-76,,3,64,,3
16:58:38,,3,a77787a4df92239e7268847261257859b916526035d134a71ffda65a7ca82246,-73,,3,64,,3
16:58:39,26.0,3,b6988854abf6bcfd01180526a9c40f67aa6681c586590659c2d7a7dfadacd931,-73,,3,64,,3
16:58:40,26.0,3,badf81f9dac0b31494e4d4c0fa1af530142ff0c4d545c2733105650691ada7bb,-76,,3,64,,3
16:58:41,,3,a77787a4df92239e7268847261257859b916526035d134a71ffda65a7ca82246,-79,,3,64,,3
16:58:41,6.0,3,1be85378a18f2f0fd801e28f03d1c7df0b2caaaf7da8b06e97255285d0f3e053,-94,,3,64,,3
16:58:42,26.0,3,2bbd958bb628b248740a896d54b0666977c549e0c221777d53cdcefd7a78c59e,-74,,3,64,,3
16:58:43,26.0,3,b6988854abf6bcfd01180526a9c40f67aa6681c586590659c2d7a7dfadacd931,-88,,3,64,,3
16:58:44,26.0,3,2bbd958bb628b248740a896d54b0666977c549e0c221777d53cdcefd7a78c59e,-76,,3,64,,3
16:58:45,,3,d641f019696206dd5de875e096470f9b3f4cfa6bcc7c7e75f0f1166379569cbe,-96,,3,64,,3
16:58:46,,3,5ef89c56cfd56eb242f20ab4a304e7e99f5178d6399b0493cfe1bf2855f5d6bc,-70,,3,64,,3
16:58:46,,3,fb047bcecf680e56506d2b05c05e1ae150b62b4918e460fa5df16934c1778879,-82,,3,64,,3
16:58:47,,3,a2542119652e2e9d68d4268c9ea595ecff338e39d6a52a94b8bdc22e4b1e37fb,-86,,3,64,,3
16:58:48,26.0,3,aaa592f8cf0374dd9b9cd5b0bbbc6f6c7f3c4d76e3ca573c2f9a128585c79fc7,-75,,3,64,,3
16:58:49,26.0,3,fac04b011455640d03ff6a8d24419773972cba0f18f12e6780966a165124539c,-94,,3,64,,3
16:58:50,26.0,3,b6988854abf6bcfd01180526a9c40f67aa6681c586590659c2d7a7dfadacd931,-81,,3,64,,3
16:58:50,6.0,3,b15484bce90260c495c3bfd4d14b16d057705c128807b765373826e654badec6,-86,,3,64,,3
16:58:51,,3,6492f089eba4fd71640dfb0a9592994854a32cb9af528abebb67247c3c3aaae2,-88,,3,64,,3
16:58:52,6.0,3,b15484bce90260c495c3bfd4d14b16d057705c128807b765373826e654badec6,-87,,3,64,,3
16:58:53,26.0,3,6e8bfe3f61a9bf0d9d6b9efffad540480522732ccf9d9dec5ca89c4412d1111a,-84,,3,64,,3
16:58:54,26.0,3,bdc96a8c6ddddfea6cc186d3d5450c1802d4ffb96313aec796f92177f891977f,-89,,3,64,,3
16:58:54,,3,fb047bcecf680e56506d2b05c05e1ae150b62b4918e460fa5df16934c1778879,-82,,3,64,,3
16:58:55,26.0,3,2bbd958bb628b248740a896d54b0666977c549e0c221777d53cdcefd7a78c59e,-75,,3,64,,3
16:58:56,26.0,3,b6988854abf6bcfd01180526a9c40f67aa6681c586590659c2d7a7dfadacd931,-84,,3,64,,3
16:58:57,26.0,3,6e8bfe3f61a9bf0d9d6b9efffad540480522732ccf9d9dec5ca89c4412d1111a,-80,,3,64,,3
16:58:58,,3,a77787a4df92239e7268847261257859b916526035d134a71ffda65a7ca82246,-73,,3,64,,3
16:58:58,26.0,3,badf81f9dac0b31494e4d4c0fa1af530142ff0c4d545c2733105650691ada7bb,-82,,3,64,,3
16:58:59,,3,6492f089eba4fd71640dfb0a9592994854a32cb9af528abebb67247c3c3aaae2,-90,,3,64,,3
16:59:00,26.0,3,fcf95b86714ac680636b67a2ad25124c2a7459f9b1f12d22ad87e6542cb93a1e,-79,,3,64,5.0,3
16:59:01,26.0,3,6e8bfe3f61a9bf0d9d6b9efffad540480522732ccf9d9dec5ca89c4412d1111a,-78,,3,64,,3
16:59:02,26.0,3,55d9d3a86c61b1b98b05877f12d9fea1f23b461901e14e4986a1f66e77ccb3aa,-77,,3,64,,3
16:59:02,6.0,3,1be85378a18f2f0fd801e28f03d1c7df0b2caaaf7da8b06e97255285d0f3e053,-88,,3,64,,3
16:59:03,26.0,3,ea1b828cad7d68c01007d88052edb85fbcf19eba51ad951f8ce19e80572ba001,-69,,3,64,12.0,3
16:59:04,26.0,3,007254e9d0b4b2898ca6c3fc86b26f1ce7d5cf83bd7bc2546acbcec44f21f480,-86,,3,64,,3
16:59:05,26.0,3,2bbd958bb628b248740a896d54b0666977c549e0c221777d53cdcefd7a78c59e,-84,,3,64,,3
16:59:06,26.0,3,6e8bfe3f61a9bf0d9d6b9efffad540480522732ccf9d9dec5ca89c4412d1111a,-77,,3,64,,3
16:59:06,26.0,3,ceab7aeebdcc5ffa90478fce487901d40e1a019801cbb4c4aa2fae40827668fe,-94,,3,64,,3
16:59:07,26.0,3,f6de3c5e7e0f7b9f12e047f9508d3d63c3687b90757c2103fa352c989d441cf8,-89,,3,64,12.0,3
16:59:08,26.0,3,ceab7aeebdcc5ffa90478fce487901d40e1a019801cbb4c4aa2fae40827668fe,-86,,3,64,,3
16:59:09,,3,e08177fb7fb918e091131c614414b77409ab9ccb9396e8d7464789c9c6d2dd57,-79,,3,64,,3
16:59:10,26.0,3,05b2e041158e5a862ddc7d0a0ab6afe3190bdbdfe9843ae34a5e3a09339ec690,-87,,3,64,7.0,3
16:59:10,,3,fb047bcecf680e56506d2b05c05e1ae150b62b4918e460fa5df16934c1778879,-82,,3,64,,3
16:59:11,26.0,3,6e8bfe3f61a9bf0d9d6b9efffad540480522732ccf9d9dec5ca89c4412d1111a,-81,,3,64,,3
16:59:12,26.0,3,b6988854abf6bcfd01180526a9c40f67aa6681c586590659c2d7a7dfadacd931,-87,,3,64,,3
16:59:13,,3,e08177fb7fb918e091131c614414b77409ab9ccb9396e8d7464789c9c6d2dd57,-78,,3,64,,3
16:59:14,26.0,3,b6988854abf6bcfd01180526a9c40f67aa6681c586590659c2d7a7dfadacd931,-86,,3,64,,3
16:59:14,,3,a77787a4df92239e7268847261257859b916526035d134a71ffda65a7ca82246,-79,,3,64,,3
16:59:15,,3,691535de3706bae00ceaa3790a5fa1d15f8b7e693d659d568132b4c55f1ccce6,-70,,3,64,,3
16:59:16,,3,a77787a4df92239e7268847261257859b916526035d134a71ffda65a7ca82246,-80,,3,64,,3
16:59:17,26.0,3,55d9d3a86c61b1b98b05877f12d9fea1f23b461901e14e4986a1f66e77ccb3aa,-77,,3,64,,3
16:59:18,26.0,3,6e8bfe3f61a9bf0d9d6b9efffad540480522732ccf9d9dec5ca89c4412d1111a,-83,,3,64,,3
16:59:18,26.0,3,fac04b011455640d03ff6a8d24419773972cba0f18f12e6780966a165124539c,-85,,3,64,,3
16:59:19,26.0,3,fcf95b86714ac680636b67a2ad25124c2a7459f9b1f12d22ad87e6542cb93a1e,-79,,3,64,5.0,3
16:59:20,26.0,3,007254e9d0b4b2898ca6c3fc86b26f1ce7d5cf83bd7bc2546acbcec44f21f480,-84,,3,64,,3
16:59:21,,3,a77787a4df92239e7268847261257859b916526035d134a71ffda65a7ca82246,-81,,3,64,,3
16:59:22,,3,a2542119652e2e9d68d4268c9ea595ecff338e39d6a52a94b8bdc22e4b1e37fb,-77,,3,64,,3
16:59:22,,3,6492f089eba4fd71640dfb0a9592994854a32cb9af528abebb67247c3c3aaae2,-88,,3,64,,3
16:59:23,,3,691535de3706bae00ceaa3790a5fa1d15f8b7e693d659d568132b4c55f1ccce6,-72,,3,64,,3
16:59:24,,3,fb047bcecf680e56506d2b05c05e1ae150b62b4918e460fa5df16934c1778879,-85,,3,64,,3
16:59:25,26.0,3,badf81f9dac0b31494e4d4c0fa1af530142ff0c4d545c2733105650691ada7bb,-75,,3,64,,3
16:59:26,26.0,3,6e8bfe3f61a9bf0d9d6b9efffad540480522732ccf9d9dec5ca89c4412d1111a,-79,,3,64,,3
16:59:26,26.0,3,6e8bfe3f61a9bf0d9d6b9efffad540480522732ccf9d9dec5ca89c4412d1111a,-79,,3,64,,3
16:59:27,,3,6492f089eba4fd71640dfb0a9592994854a32cb9af528abebb67247c3c3aaae2,-89,,3,64,,3
16:59:28,,3,a77787a4df92239e7268847261257859b916526035d134a71ffda65a7ca82246,-74,,3,64,,3
16:59:29,26.0,3,fac04b011455640d03ff6a8d24419773972cba0f18f12e6780966a165124539c,-91,,3,64,,3
16:59:30,26.0,3,121127ae2f6dd787ddebdc208e076edb9b5252272a9189cf2316be62026e5ac6,-87,,3,64,5.0,3
16:59:31,26.0,3,007254e9d0b4b2898ca6c3fc86b26f1ce7d5cf83bd7bc2546acbcec44f21f480,-85,,3,64,,3
16:59:31,,3,fb047bcecf680e56506d2b05c05e1ae150b62b4918e460fa5df16934c1778879,-90,,3,64,,3
16:59:32,,3,a77787a4df92239e7268847261257859b916526035d134a71ffda65a7ca82246,-76,,3,64,,3
16:59:33,6.0,3,1be85378a18f2f0fd801e28f03d1c7df0b2caaaf7da8b06e97255285d0f3e053,-87,,3,64,,3
16:59:34,,3,a2542119652e2e9d68d4268c9ea595ecff338e39d6a52a94b8bdc22e4b1e37fb,-87,,3,64,,3
16:59:35,26.0,3,55d9d3a86c61b1b98b05877f12d9fea1f23b461901e14e4986a1f66e77ccb3aa,-90,,3,64,,3
16:59:35,,3,6492f089eba4fd71640dfb0a9592994854a32cb9af528abebb67247c3c3aaae2,-92,,3,64,,3
16:59:36,26.0,3,6e8bfe3f61a9bf0d9d6b9efffad540480522732ccf9d9dec5ca89c4412d1111a,-84,,3,64,,3
16:59:37,26.0,3,007254e9d0b4b2898ca6c3fc86b26f1ce7d5cf83bd7bc2546acbcec44f21f480,-80,,3,64,,3
16:59:38,26.0,3,ea1b828cad7d68c01007d88052edb85fbcf19eba51ad951f8ce19e80572ba001,-67,,3,64,12.0,3
16:59:39,26.0,3,05b2e041158e5a862ddc7d0a0ab6afe3190bdbdfe9843ae34a5e3a09339ec690,-94,,3,64,7.0,3
16:59:39,,3,a77787a4df92239e7268847261257859b916526035d134a71ffda65a7ca82246,-72,,3,64,,3
16:59:40,,3,a77787a4df92239e7268847261257859b916526035d134a71ffda65a7ca82246,-79,,3,64,,3
16:59:41,,3,a77787a4df92239e7268847261257859b916526035d134a71ffda65a7ca82246,-77,,3,64,,3
16:59:42,6.0,3,b15484bce90260c495c3bfd4d14b16d057705c128807b765373826e654badec6,-89,,3,64,,3
16:59:43,26.0,3,bdc96a8c6ddddfea6cc186d3d5450c1802d4ffb96313aec796f92177f891977f,-93,,3,64,,3
16:59:43,,3,a2542119652e2e9d68d4268c9ea595ecff338e39d6a52a94b8bdc22e4b1e37fb,-82,,3,64,,3
16:59:44,6.0,3,b15484bce90260c495c3bfd4d14b16d057705c128807b765373826e654badec6,-87,,3,64,,3
16:59:45,26.0,3,55d9d3a86c61b1b98b05877f12d9fea1f23b461901e14e4986a1f66e77ccb3aa,-86,,3,64,,3
16:59:46,26.0,3,121127ae2f6dd787ddebdc208e076edb9b5252272a9189cf2316be62026e5ac6,-85,,3,64,5.0,3
16:59:47,,3,6492f089eba4fd71640dfb0a9592994854a32cb9af528abebb67247c3c3aaae2,-89,,3,64,,3
16:59:47,,3,a2542119652e2e9d68d4268c9ea595ecff338e39d6a52a94b8bdc22e4b1e37fb,-85,,3,64,,3
16:59:48,26.0,3,bdc96a8c6ddddfea6cc186d3d5450c1802d4ffb96313aec796f92177f891977f,-91,,3,64,,3
16:59:49,,3,fb047bcecf680e56506d2b05c05e1ae150b62b4918e460fa5df16934c1778879,-90,,3,64,,3
16:59:50,26.0,3,ceab7aeebdcc5ffa90478fce487901d40e1a019801cbb4c4aa2fae40827668fe,-85,,3,64,,3
16:59:51,26.0,3,aaa592f8cf0374dd9b9cd5b0bbbc6f6c7f3c4d76e3ca573c2f9a128585c79fc7,-75,,3,64,,3
16:59:51,26.0,3,badf81f9dac0b31494e4d4c0fa1af530142ff0c4d545c2733105650691ada7bb,-79,,3,64,,3
16:59:52,,3,a77787a4df92239e7268847261257859b916526035d134a71ffda65a7ca82246,-83,,3,64,,3
16:59:53,26.0,3,05b2e041158e5a862ddc7d0a0ab6afe3190bdbdfe9843ae34a5e3a09339ec690,-84,,3,64,7.0,3
16:59:54,26.0,3,aaa592f8cf0374dd9b9cd5b0bbbc6f6c7f3c4d76e3ca573c2f9a128585c79fc7,-77,,3,64,,3
16:59:55,,3,a2542119652e2e9d68d4268c9ea595ecff338e39d6a52a94b8bdc22e4b1e37fb,-88,,3,64,,3
16:59:56,,3,6492f089eba4fd71640dfb0a9592994854a32cb9af528abebb67247c3c3aaae2,-88,,3,64,,3
16:59:56,26.0,3,bdc96a8c6ddddfea6cc186d3d5450c1802d4ffb96313aec796f92177f891977f,-88,,3,64,12.0,3
16:59:57,,3,fb047bcecf680e56506d2b05c05e1ae150b62b4918e460fa5df16934c1778879,-83,,3,64,,3
16:59:58,,3,a77787a4df92239e7268847261257859b916526035d134a71ffda65a7ca82246,-74,,3,64,,3
16:59:59,26.0,3,5c0f482825755fd5fa4cd8fcf2ba01feefe810f80307d8a57adeed9d6408aa2a,-84,,3,64,,3
17:00:00,26.0,3,6e8bfe3f61a9bf0d9d6b9efffad540480522732ccf9d9dec5ca89c4412d1111a,-78,,3,64,,3
17:00:00,,3,6492f089eba4fd71640dfb0a9592994854a32cb9af528abebb67247c3c3aaae2,-91,,3,64,,3
17:00:01,26.0,3,6f0f59a08f7130ff741d44b8ee69925c9b42fdedfe6a64532eab075d5476ce07,-91,,3,64,12.0,3
17:00:02,26.0,3,6e8bfe3f61a9bf0d9d6b9efffad540480522732ccf9d9dec5ca89c4412d1111a,-79,,3,64,,3
17:00:03,26.0,3,6f0f59a08f7130ff741d44b8ee69925c9b42fdedfe6a64532eab075d5476ce07,-91,,3,64,12.0,3
17:00:04,,3,a77787a4df92239e7268847261257859b916526035d134a71ffda65a7ca82246,-83,,3,64,,3
17:00:04,26.0,3,ceab7aeebdcc5ffa90478fce487901d40e1a019801cbb4c4aa2fae40827668fe,-93,,3,64,7.0,3
17:00:05,26.0,3,aaa592f8cf0374dd9b9cd5b0bbbc6f6c7f3c4d76e3ca573c2f9a128585c79fc7,-78,,3,64,,3
17:00:06,26.0,3,121127ae2f6dd787ddebdc208e076edb9b5252272a9189cf2316be62026e5ac6,-85,,3,64,5.0,3
17:00:07,,3,6492f089eba4fd71640dfb0a9592994854a32cb9af528abebb67247c3c3aaae2,-89,,3,64,,3
17:00:08,,3,fb047bcecf680e56506d2b05c05e1ae150b62b4918e460fa5df16934c1778879,-89,,3,64,,3
17:00:08,,3,a77787a4df92239e7268847261257859b916526035d134a71ffda65a7ca82246,-80,,3,64,,3
17:00:09,,3,a2542119652e2e9d68d4268c9ea595ecff338e39d6a52a94b8bdc22e4b1e37fb,-76,,3,64,,3
17:00:10,26.0,3,badf81f9dac0b31494e4d4c0fa1af530142ff0c4d545c2733105650691ada7bb,-77,,3,64,,3
17:00:11,,3,a2542119652e2e9d68d4268c9ea595ecff338e39d6a52a94b8bdc22e4b1e37fb,-81,,3,64,,3
17:00:12,,3,9e7ced8390aeed578b57689835408a10a3db8fc8ceccff904695ea958f5bd6e5,-91,,3,64,,3
17:00:12,26.0,3,96102c91df440652aa031fe83d239338a03affe7375ac2d215287dc109c752f7,-84,,3,64,,3
17:00:13,,3,a77787a4df92239e7268847261257859b916526035d134a71ffda65a7ca82246,-72,,3,64,,3
17:00:14,,3,6492f089eba4fd71640dfb0a9592994854a32cb9af528abebb67247c3c3aaae2,-88,,3,64,,3
17:00:15,26.0,3,aaa592f8cf0374dd9b9cd5b0bbbc6f6c7f3c4d76e3ca573c2f9a128585c79fc7,-89,,3,64,,3
17:00:16,,3,a77787a4df92239e7268847261257859b916526035d134a71ffda65a7ca82246,-71,,3,64,,3
17:00:16,,3,a2542119652e2e9d68d4268c9ea595ecff338e39d6a52a94b8bdc22e4b1e37fb,-86,,3,64,,3
17:00:17,,3,a77787a4df92239e7268847261257859b916526035d134a71ffda65a7ca82246,-83,,3,64,,3
17:00:18,6.0,3,b15484bce90260c495c3bfd4d14b16d057705c128807b765373826e654badec6,-89,,3,64,,3
17:00:19,26.0,3,f36aa6cab700c5db4f9a18723adf5cce8f7b0bbcda5107ce64d76e5d03e101de,-74,,3,64,8.0,3
17:00:20,26.0,3,55d9d3a86c61b1b98b05877f12d9fea1f23b461901e14e4986a1f66e77ccb3aa,-87,,3,64,,3
17:00:20,,3,6492f089eba4fd71640dfb0a9592994854a32cb9af528abebb67247c3c3aaae2,-91,,3,64,,3
17:00:21,26.0,3,aaa592f8cf0374dd9b9cd5b0bbbc6f6c7f3c4d76e3ca573c2f9a128585c79fc7,-81,,3,64,,3
17:00:22,,3,a2542119652e2e9d68d4268c9ea595ecff338e39d6a52a94b8bdc22e4b1e37fb,-76,,3,64,,3
17:00:23,26.0,3,f6de3c5e7e0f7b9f12e047f9508d3d63c3687b90757c2103fa352c989d441cf8,-82,,3,64,12.0,3
17:00:24,,3,fb047bcecf680e56506d2b05c05e1ae150b62b4918e460fa5df16934c1778879,-87,,3,64,,3
17:00:24,26.0,3,6e8bfe3f61a9bf0d9d6b9efffad540480522732ccf9d9dec5ca89c4412d1111a,-81,,3,64,,3
17:00:25,26.0,3,007254e9d0b4b2898ca6c3fc86b26f1ce7d5cf83bd7bc2546acbcec44f21f480,-84,,3,64,,3
17:00:26,26.0,3,6e8bfe3f61a9bf0d9d6b9efffad540480522732ccf9d9dec5ca89c4412d1111a,-77,,3,64,,3
17:00:27,,3,fb047bcecf680e56506d2b05c05e1ae150b62b4918e460fa5df16934c1778879,-80,,3,64,,3
17:00:28,26.0,3,96102c91df440652aa031fe83d239338a03affe7375ac2d215287dc109c752f7,-82,,3,64,,3
17:00:28,,3,a2542119652e2e9d68d4268c9ea595ecff338e39d6a52a94b8bdc22e4b1e37fb,-83,,3,64,,3
17:00:29,26.0,3,aaa592f8cf0374dd9b9cd5b0bbbc6f6c7f3c4d76e3ca573c2f9a128585c79fc7,-77,,3,64,,3
17:00:30,26.0,3,6e8bfe3f61a9bf0d9d6b9efffad540480522732ccf9d9dec5ca89c4412d1111a,-80,,3,64,,3
17:00:31,,3,a2542119652e2e9d68d4268c9ea595ecff338e39d6a52a94b8bdc22e4b1e37fb,-86,,3,64,,3
17:00:32,26.0,3,007254e9d0b4b2898ca6c3fc86b26f1ce7d5cf83bd7bc2546acbcec44f21f480,-81,,3,64,,3
17:00:32,26.0,3,aaa592f8cf0374dd9b9cd5b0bbbc6f6c7f3c4d76e3ca573c2f9a128585c79fc7,-79,,3,64,,3
17:00:33,,3,a2542119652e2e9d68d4268c9ea595ecff338e39d6a52a94b8bdc22e4b1e37fb,-83,,3,64,,3
17:00:34,,3,6492f089eba4fd71640dfb0a9592994854a32cb9af528abebb67247c3c3aaae2,-90,,3,64,,3
17:00:35,26.0,3,6e8bfe3f61a9bf0d9d6b9efffad540480522732ccf9d9dec5ca89c4412d1111a,-87,,3,64,,3
17:00:36,,3,a2542119652e2e9d68d4268c9ea595ecff338e39d6a52a94b8bdc22e4b1e37fb,-82,,3,64,,3
17:00:36,,3,a77787a4df92239e7268847261257859b916526035d134a71ffda65a7ca82246,-72,,3,64,,3
17:00:37,,3,bdc91a4ac452ea82f3c34c7528841c327a119d82ecfd5913e00c4323e502c21d,-71,,3,64,,3
17:00:38,,3,a2542119652e2e9d68d4268c9ea595ecff338e39d6a52a94b8bdc22e4b1e37fb,-78,,3,64,,3
17:00:39,26.0,3,aaa592f8cf0374dd9b9cd5b0bbbc6f6c7f3c4d76e3ca573c2f9a128585c79fc7,-78,,3,64,,3
17:00:40,,3,a77787a4df92239e7268847261257859b916526035d134a71ffda65a7ca82246,-81,,3,64,,3
17:00:41,26.0,3,007254e9d0b4b2898ca6c3fc86b26f1ce7d5cf83bd7bc2546acbcec44f21f480,-85,,3,64,,3
17:00:41,,3,a2542119652e2e9d68d4268c9ea595ecff338e39d6a52a94b8bdc22e4b1e37fb,-82,,3,64,,3
17:00:42,26.0,3,96102c91df440652aa031fe83d239338a03affe7375ac2d215287dc109c752f7,-84,,3,64,,3
17:00:43,26.0,3,96102c91df440652aa031fe83d239338a03affe7375ac2d215287dc109c752f7,-85,,3,64,,3
17:00:44,,3,6492f089eba4fd71640dfb0a9592994854a32cb9af528abebb67247c3c3aaae2,-91,,3,64,,3
17:00:45,,3,e3c189a2ef870f2e4972ead7336cf66027e3d1c65ebb9e066c875a4643c8e965,-84,,3,64,,3
17:00:45,26.0,3,badf81f9dac0b31494e4d4c0fa1af530142ff0c4d545c2733105650691ada7bb,-74,,3,64,,3
17:00:46,,3,fb047bcecf680e56506d2b05c05e1ae150b62b4918e460fa5df16934c1778879,-80,,3,64,,3
17:00:47,26.0,3,96102c91df440652aa031fe83d239338a03affe7375ac2d215287dc109c752f7,-78,,3,64,,3
17:00:48,26.0,3,96102c91df440652aa031fe83d239338a03affe7375ac2d215287dc109c752f7,-78,,3,64,,3
17:00:49,26.0,3,96102c91df440652aa031fe83d239338a03affe7375ac2d215287dc109c752f7,-77,,3,64,,3
17:00:49,26.0,3,f36aa6cab700c5db4f9a18723adf5cce8f7b0bbcda5107ce64d76e5d03e101de,-80,,3,64,8.0,3
17:00:50,26.0,3,5c0f482825755fd5fa4cd8fcf2ba01feefe810f80307d8a57adeed9d6408aa2a,-77,,3,64,,3
17:00:51,,3,a2542119652e2e9d68d4268c9ea595ecff338e39d6a52a94b8bdc22e4b1e37fb,-79,,3,64,,3
17:00:52,26.0,3,ea1b828cad7d68c01007d88052edb85fbcf19eba51ad951f8ce19e80572ba001,-67,,3,64,12.0,3
17:00:53,,3,fb047bcecf680e56506d2b05c05e1ae150b62b4918e460fa5df16934c1778879,-86,,3,64,,3
17:00:53,26.0,3,aaa592f8cf0374dd9b9cd5b0bbbc6f6c7f3c4d76e3ca573c2f9a128585c79fc7,-85,,3,64,,3
17:00:54,,3,a77787a4df92239e7268847261257859b916526035d134a71ffda65a7ca82246,-72,,3,64,,3
17:00:55,,3,fb047bcecf680e56506d2b05c05e1ae150b62b4918e460fa5df16934c1778879,-88,,3,64,,3
17:00:56,26.0,3,cb809380167d283aa005130de7df18556fc4dcdae441bc34e7b291cb76c85e77,-85,,3,64,,3
17:00:57,26.0,3,cb809380167d283aa005130de7df18556fc4dcdae441bc34e7b291cb76c85e77,-95,,3,64,,3
17:00:57,,3,fb047bcecf680e56506d2b05c05e1ae150b62b4918e460fa5df16934c1778879,-85,,3,64,,3
17:00:58,26.0,3,f36aa6cab700c5db4f9a18723adf5cce8f7b0bbcda5107ce64d76e5d03e101de,-87,,3,64,8.0,3
17:00:59,6.0,3,b15484bce90260c495c3bfd4d14b16d057705c128807b765373826e654badec6,-87,,3,64,,3
17:01:00,,3,fb047bcecf680e56506d2b05c05e1ae150b62b4918e460fa5df16934c1778879,-84,,3,64,,3
17:01:01,,3,e3c189a2ef870f2e4972ead7336cf66027e3d1c65ebb9e066c875a4643c8e965,-83,,3,64,,3
17:01:01,26.0,3,96102c91df440652aa031fe83d239338a03affe7375ac2d215287dc109c752f7,-88,,3,64,,3
17:01:02,,3,18e8caa7e873d4c7dda2fc367ee3b2b3391b1133b18ca4cd0c473dc4c9166240,-81,,3,64,,3
17:01:03,6.0,3,b15484bce90260c495c3bfd4d14b16d057705c128807b765373826e654badec6,-87,,3,64,,3
17:01:04,26.0,3,aaa592f8cf0374dd9b9cd5b0bbbc6f6c7f3c4d76e3ca573c2f9a128585c79fc7,-79,,3,64,,3
17:01:05,26.0,3,6e8bfe3f61a9bf0d9d6b9efffad540480522732ccf9d9dec5ca89c4412d1111a,-83,,3,64,,3
17:01:05,,3,fb047bcecf680e56506d2b05c05e1ae150b62b4918e460fa5df16934c1778879,-87,,3,64,,3
17:01:06,26.0,3,121127ae2f6dd787ddebdc208e076edb9b5252272a9189cf2316be62026e5ac6,-80,,3,64,5.0,3
17:01:07,26.0,3,cb809380167d283aa005130de7df18556fc4dcdae441bc34e7b291cb76c85e77,-88,,3,64,,3
17:01:08,,3,a2542119652e2e9d68d4268c9ea595ecff338e39d6a52a94b8bdc22e4b1e37fb,-83,,3,64,,3
17:01:09,,3,a77787a4df92239e7268847261257859b916526035d134a71ffda65a7ca82246,-84,,3,64,,3
17:01:09,,3,a2542119652e2e9d68d4268c9ea595ecff338e39d6a52a94b8bdc22e4b1e37fb,-83,,3,64,,3
17:01:10,26.0,3,c7d225d440b38b9646b35c4571157aafcbe4605d3fa7827fe7f66a62db3cfa4f,-92,,3,64,7.0,3
17:01:11,26.0,3,badf81f9dac0b31494e4d4c0fa1af530142ff0c4d545c2733105650691ada7bb,-78,,3,64,,3
17:01:12,,3,a2542119652e2e9d68d4268c9ea595ecff338e39d6a52a94b8bdc22e4b1e37fb,-84,,3,64,,3
17:01:13,26.0,3,ceab7aeebdcc5ffa90478fce487901d40e1a019801cbb4c4aa2fae40827668fe,-87,,3,64,7.0,3
17:01:13,,3,6492f089eba4fd71640dfb0a9592994854a32cb9af528abebb67247c3c3aaae2,-91,,3,64,,3
17:01:14,,3,a2542119652e2e9d68d4268c9ea595ecff338e39d6a52a94b8bdc22e4b1e37fb,-85,,3,64,,3
17:01:15,,3,a2542119652e2e9d68d4268c9ea595ecff338e39d6a52a94b8bdc22e4b1e37fb,-85,,3,64,,3
17:01:16,,3,a2542119652e2e9d68d4268c9ea595ecff338e39d6a52a94b8bdc22e4b1e37fb,-81,,3,64,,3
17:01:17,,3,fb047bcecf680e56506d2b05c05e1ae150b62b4918e460fa5df16934c1778879,-78,,3,64,,3
17:01:17,26.0,3,007254e9d0b4b2898ca6c3fc86b26f1ce7d5cf83bd7bc2546acbcec44f21f480,-84,,3,64,5.0,3
17:01:18,26.0,3,55d9d3a86c61b1b98b05877f12d9fea1f23b461901e14e4986a1f66e77ccb3aa,-83,,3,64,,3
17:01:19,,3,a77787a4df92239e7268847261257859b916526035d134a71ffda65a7ca82246,-77,,3,64,,3
17:01:20,,3,a77787a4df92239e7268847261257859b916526035d134a71ffda65a7ca82246,-78,,3,64,,3
17:01:21,26.0,3,55d9d3a86c61b1b98b05877f12d9fea1f23b461901e14e4986a1f66e77ccb3aa,-81,,3,64,,3
17:01:21,,3,6492f089eba4fd71640dfb0a9592994854a32cb9af528abebb67247c3c3aaae2,-92,,3,64,,3
17:01:22,26.0,3,6e8bfe3f61a9bf0d9d6b9efffad540480522732ccf9d9dec5ca89c4412d1111a,-87,,3,64,,3
17:01:23,26.0,3,55d9d3a86c61b1b98b05877f12d9fea1f23b461901e14e4986a1f66e77ccb3aa,-81,,3,64,,3
17:01:24,26.0,3,f6de3c5e7e0f7b9f12e047f9508d3d63c3687b90757c2103fa352c989d441cf8,-80,,3,64,12.0,3
17:01:25,,3,fb047bcecf680e56506d2b05c05e1ae150b62b4918e460fa5df16934c1778879,-91,,3,64,,3
17:01:25,,3,a2542119652e2e9d68d4268c9ea595ecff338e39d6a52a94b8bdc22e4b1e37fb,-73,,3,64,,3
17:01:26,26.0,3,badf81f9dac0b31494e4d4c0fa1af530142ff0c4d545c2733105650691ada7bb,-76,,3,64,,3
17:01:27,26.0,3,ea1b828cad7d68c01007d88052edb85fbcf19eba51ad951f8ce19e80572ba001,-73,,3,64,12.0,3
17:01:28,26.0,3,007254e9d0b4b2898ca6c3fc86b26f1ce7d5cf83bd7bc2546acbcec44f21f480,-87,,3,64,5.0,3
17:01:29,26.0,3,5c0f482825755fd5fa4cd8fcf2ba01feefe810f80307d8a57adeed9d6408aa2a,-85,,3,64,5.0,3
17:01:29,26.0,3,aaa592f8cf0374dd9b9cd5b0bbbc6f6c7f3c4d76e3ca573c2f9a128585c79fc7,-84,,3,64,,3
17:01:30,6.0,3,ab3731ee1ecb83a2c9cfb692f3ef6b888dca2e6d5cc4c3ac0155a2303366beed,-87,Cb30,3,64,,3
17:01:31,,3,fb047bcecf680e56506d2b05c05e1ae150b62b4918e460fa5df16934c1778879,-88,,3,64,,3
17:01:32,26.0,3,badf81f9dac0b31494e4d4c0fa1af530142ff0c4d545c2733105650691ada7bb,-82,,3,64,,3
17:01:33,26.0,3,f6de3c5e7e0f7b9f12e047f9508d3d63c3687b90757c2103fa352c989d441cf8,-80,,3,64,12.0,3
17:01:34,6.0,3,b15484bce90260c495c3bfd4d14b16d057705c128807b765373826e654badec6,-91,,3,64,,3
17:01:34,,3,a77787a4df92239e7268847261257859b916526035d134a71ffda65a7ca82246,-74,,3,64,,3
17:01:35,26.0,3,96102c91df440652aa031fe83d239338a03affe7375ac2d215287dc109c752f7,-90,,3,64,,3
17:01:36,,3,a77787a4df92239e7268847261257859b916526035d134a71ffda65a7ca82246,-75,,3,64,,3
17:01:37,,3,a77787a4df92239e7268847261257859b916526035d134a71ffda65a7ca82246,-75,,3,64,,3
17:01:38,,3,6492f089eba4fd71640dfb0a9592994854a32cb9af528abebb67247c3c3aaae2,-97,,3,64,,3
17:01:38,,3,a77787a4df92239e7268847261257859b916526035d134a71ffda65a7ca82246,-71,,3,64,,3
17:01:39,,3,a2542119652e2e9d68d4268c9ea595ecff338e39d6a52a94b8bdc22e4b1e37fb,-82,,3,64,,3
17:01:40,6.0,3,ab3731ee1ecb83a2c9cfb692f3ef6b888dca2e6d5cc4c3ac0155a2303366beed,-90,Cb30,3,64,,3
17:01:41,26.0,3,badf81f9dac0b31494e4d4c0fa1af530142ff0c4d545c2733105650691ada7bb,-85,,3,64,,3
17:01:42,26.0,3,aaa592f8cf0374dd9b9cd5b0bbbc6f6c7f3c4d76e3ca573c2f9a128585c79fc7,-76,,3,64,,3
17:01:42,26.0,3,badf81f9dac0b31494e4d4c0fa1af530142ff0c4d545c2733105650691ada7bb,-75,,3,64,,3
17:01:43,26.0,3,6e8bfe3f61a9bf0d9d6b9efffad540480522732ccf9d9dec5ca89c4412d1111a,-83,,3,64,,3
17:01:44,26.0,3,8c22414fb5d508862ae8f8f5f300d4e4dd8c0eea946621f576aee9baffcd90b9,-84,,3,64,,3
17:01:45,26.0,3,ea1b828cad7d68c01007d88052edb85fbcf19eba51ad951f8ce19e80572ba001,-69,,3,64,12.0,3
17:01:46,26.0,3,ea1b828cad7d68c01007d88052edb85fbcf19eba51ad951f8ce19e80572ba001,-73,,3,64,12.0,3
17:01:46,26.0,3,badf81f9dac0b31494e4d4c0fa1af530142ff0c4d545c2733105650691ada7bb,-74,,3,64,,3
17:01:47,26.0,3,aaa592f8cf0374dd9b9cd5b0bbbc6f6c7f3c4d76e3ca573c2f9a128585c79fc7,-74,,3,64,,3
17:01:48,,3,a77787a4df92239e7268847261257859b916526035d134a71ffda65a7ca82246,-71,,3,64,,3
17:01:49,26.0,3,ea1b828cad7d68c01007d88052edb85fbcf19eba51ad951f8ce19e80572ba001,-70,,3,64,12.0,3
17:01:50,,3,a77787a4df92239e7268847261257859b916526035d134a71ffda65a7ca82246,-77,,3,64,,3
17:01:50,,3,a77787a4df92239e7268847261257859b916526035d134a71ffda65a7ca82246,-72,,3,64,,3
17:01:51,,3,6492f089eba4fd71640dfb0a9592994854a32cb9af528abebb67247c3c3aaae2,-89,,3,64,,3
17:01:52,26.0,3,5c0f482825755fd5fa4cd8fcf2ba01feefe810f80307d8a57adeed9d6408aa2a,-87,,3,64,5.0,3
17:01:53,,3,a2542119652e2e9d68d4268c9ea595ecff338e39d6a52a94b8bdc22e4b1e37fb,-72,,3,64,,3
17:01:54,26.0,3,f6de3c5e7e0f7b9f12e047f9508d3d63c3687b90757c2103fa352c989d441cf8,-86,,3,64,12.0,3
17:01:54,26.0,3,fcf95b86714ac680636b67a2ad25124c2a7459f9b1f12d22ad87e6542cb93a1e,-82,,3,64,5.0,3
17:01:55,,3,a2542119652e2e9d68d4268c9ea595ecff338e39d6a52a94b8bdc22e4b1e37fb,-73,,3,64,,3
17:01:56,,3,6492f089eba4fd71640dfb0a9592994854a32cb9af528abebb67247c3c3aaae2,-88,,3,64,,3
17:01:57,26.0,3,f6de3c5e7e0f7b9f12e047f9508d3d63c3687b90757c2103fa352c989d441cf8,-87,,3,64,12.0,3
17:01:58,,3,a2542119652e2e9d68d4268c9ea595ecff338e39d6a52a94b8bdc22e4b1e37fb,-71,,3,64,,3
17:01:58,,3,6492f089eba4fd71640dfb0a9592994854a32cb9af528abebb67247c3c3aaae2,-89,,3,64,,3
17:01:59,,3,d61ea3840e4dbb758cc0b91da2f8999d623159fa7b1105b9ee465c4a3baac6e4,-76,,3,64,,3
17:02:00,,3,a2542119652e2e9d68d4268c9ea595ecff338e39d6a52a94b8bdc22e4b1e37fb,-72,,3,64,,3
17:02:01,,3,a2542119652e2e9d68d4268c9ea595ecff338e39d6a52a94b8bdc22e4b1e37fb,-85,,3,64,,3
17:02:02,,3,6492f089eba4fd71640dfb0a9592994854a32cb9af528abebb67247c3c3aaae2,-90,,3,64,,3
17:02:02,,3,fb047bcecf680e56506d2b05c05e1ae150b62b4918e460fa5df16934c1778879,-94,,3,64,,3
17:02:03,,3,a2542119652e2e9d68d4268c9ea595ecff338e39d6a52a94b8bdc22e4b1e37fb,-86,,3,64,,3
17:02:04,26.0,3,badf81f9dac0b31494e4d4c0fa1af530142ff0c4d545c2733105650691ada7bb,-75,,3,64,,3
17:02:05,,3,fb047bcecf680e56506d2b05c05e1ae150b62b4918e460fa5df16934c1778879,-87,,3,64,,3
17:02:06,,3,a2542119652e2e9d68d4268c9ea595ecff338e39d6a52a94b8bdc22e4b1e37fb,-85,,3,64,,3
17:02:07,26.0,3,6e8bfe3f61a9bf0d9d6b9efffad540480522732ccf9d9dec5ca89c4412d1111a,-81,,3,64,,3
17:02:07,26.0,3,5c0f482825755fd5fa4cd8fcf2ba01feefe810f80307d8a57adeed9d6408aa2a,-81,,3,64,,3
17:02:08,6.0,3,84fff4adf9e46dec7695b8dea2e87b052a9c46afbec3db4a9d27e88752632e0d,-93,Cb30,3,64,,3
17:02:09,6.0,3,ab3731ee1ecb83a2c9cfb692f3ef6b888dca2e6d5cc4c3ac0155a2303366beed,-92,Cb30,3,64,,3
17:02:10,,3,a2542119652e2e9d68d4268c9ea595ecff338e39d6a52a94b8bdc22e4b1e37fb,-79,,3,64,,3
17:02:11,6.0,3,1be85378a18f2f0fd801e28f03d1c7df0b2caaaf7da8b06e97255285d0f3e053,-93,,3,64,,3
17:02:11,,3,6492f089eba4fd71640dfb0a9592994854a32cb9af528abebb67247c3c3aaae2,-90,,3,64,,3
17:02:12,26.0,3,ceab7aeebdcc5ffa90478fce487901d40e1a019801cbb4c4aa2fae40827668fe,-93,,3,64,7.0,3
17:02:13,26.0,3,aaa592f8cf0374dd9b9cd5b0bbbc6f6c7f3c4d76e3ca573c2f9a128585c79fc7,-76,,3,64,,3
17:02:14,26.0,3,badf81f9dac0b31494e4d4c0fa1af530142ff0c4d545c2733105650691ada7bb,-75,,3,64,,3
17:02:15,,3,fb047bcecf680e56506d2b05c05e1ae150b62b4918e460fa5df16934c1778879,-89,,3,64,,3
17:02:15,26.0,3,badf81f9dac0b31494e4d4c0fa1af530142ff0c4d545c2733105650691ada7bb,-75,,3,64,,3
17:02:16,26.0,3,badf81f9dac0b31494e4d4c0fa1af530142ff0c4d545c2733105650691ada7bb,-76,,3,64,,3
17:02:17,26.0,3,5e339ef5bedf6d987ecd4f87b3181f124e73bd4748fc711d6369e6a00d401746,-70,,3,64,12.0,3
17:02:18,,3,a77787a4df92239e7268847261257859b916526035d134a71ffda65a7ca82246,-71,,3,64,,3
17:02:19,6.0,3,1be85378a18f2f0fd801e28f03d1c7df0b2caaaf7da8b06e97255285d0f3e053,-87,,3,64,,3
17:02:19,26.0,3,55d9d3a86c61b1b98b05877f12d9fea1f23b461901e14e4986a1f66e77ccb3aa,-83,,3,64,,3
17:02:20,,3,a77787a4df92239e7268847261257859b916526035d134a71ffda65a7ca82246,-70,,3,64,,3
17:02:21,26.0,3,cb809380167d283aa005130de7df18556fc4dcdae441bc34e7b291cb76c85e77,-87,,3,64,,3
17:02:22,26.0,3,96102c91df440652aa031fe83d239338a03affe7375ac2d215287dc109c752f7,-85,,3,64,,3
17:02:23,26.0,3,5c0f482825755fd5fa4cd8fcf2ba01feefe810f80307d8a57adeed9d6408aa2a,-89,,3,64,,3
17:02:23,26.0,3,6e8bfe3f61a9bf0d9d6b9efffad540480522732ccf9d9dec5ca89c4412d1111a,-78,,3,64,,3
17:02:24,,3,a2542119652e2e9d68d4268c9ea595ecff338e39d6a52a94b8bdc22e4b1e37fb,-80,,3,64,,3
17:02:25,26.0,3,007254e9d0b4b2898ca6c3fc86b26f1ce7d5cf83bd7bc2546acbcec44f21f480,-89,,3,64,,3
17:02:26,26.0,3,ceab7aeebdcc5ffa90478fce487901d40e1a019801cbb4c4aa2fae40827668fe,-90,,3,64,7.0,3
17:02:27,26.0,3,5c0f482825755fd5fa4cd8fcf2ba01feefe810f80307d8a57adeed9d6408aa2a,-87,,3,64,,3
17:02:27,,3,a77787a4df92239e7268847261257859b916526035d134a71ffda65a7ca82246,-85,,3,64,,3
17:02:28,26.0,3,aaa592f8cf0374dd9b9cd5b0bbbc6f6c7f3c4d76e3ca573c2f9a128585c79fc7,-72,,3,64,,3
17:02:29,26.0,3,aaa592f8cf0374dd9b9cd5b0bbbc6f6c7f3c4d76e3ca573c2f9a128585c79fc7,-74,,3,64,,3
17:02:30,,3,bdc91a4ac452ea82f3c34c7528841c327a119d82ecfd5913e00c4323e502c21d,-69,,3,64,,3
17:02:31,,3,a2542119652e2e9d68d4268c9ea595ecff338e39d6a52a94b8bdc22e4b1e37fb,-84,,3,64,,3
17:02:31,26.0,3,6e8bfe3f61a9bf0d9d6b9efffad540480522732ccf9d9dec5ca89c4412d1111a,-84,,3,64,,3
17:02:32,6.0,3,b15484bce90260c495c3bfd4d14b16d057705c128807b765373826e654badec6,-92,,3,64,,3
17:02:33,26.0,3,55d9d3a86c61b1b98b05877f12d9fea1f23b461901e14e4986a1f66e77ccb3aa,-73,,3,64,,3
17:02:34,,3,bdc91a4ac452ea82f3c34c7528841c327a119d82ecfd5913e00c4323e502c21d,-55,,3,64,,3
17:02:35,6.0,3,b15484bce90260c495c3bfd4d14b16d057705c128807b765373826e654badec6,-89,,3,64,,3
17:02:36,26.0,3,5e339ef5bedf6d987ecd4f87b3181f124e73bd4748fc711d6369e6a00d401746,-62,,3,64,12.0,3
17:02:36,26.0,3,5e339ef5bedf6d987ecd4f87b3181f124e73bd4748fc711d6369e6a00d401746,-56,,3,64,12.0,3
17:02:37,26.0,3,ceab7aeebdcc5ffa90478fce487901d40e1a019801cbb4c4aa2fae40827668fe,-87,,3,64,7.0,3
17:02:38,,3,bdc91a4ac452ea82f3c34c7528841c327a119d82ecfd5913e00c4323e502c21d,-62,,3,64,,3
17:02:39,6.0,3,b15484bce90260c495c3bfd4d14b16d057705c128807b765373826e654badec6,-93,,3,64,,3
17:02:40,26.0,3,badf81f9dac0b31494e4d4c0fa1af530142ff0c4d545c2733105650691ada7bb,-73,,3,64,,3
17:02:40,26.0,3,5e339ef5bedf6d987ecd4f87b3181f124e73bd4748fc711d6369e6a00d401746,-68,,3,64,12.0,3
17:02:41,,3,a2542119652e2e9d68d4268c9ea595ecff338e39d6a52a94b8bdc22e4b1e37fb,-82,,3,64,,3
17:02:42,26.0,3,5c0f482825755fd5fa4cd8fcf2ba01feefe810f80307d8a57adeed9d6408aa2a,-86,,3,64,,3
17:02:43,,3,a77787a4df92239e7268847261257859b916526035d134a71ffda65a7ca82246,-71,,3,64,,3
17:02:44,,3,a77787a4df92239e7268847261257859b916526035d134a71ffda65a7ca82246,-72,,3,64,,3
17:02:44,,3,a2542119652e2e9d68d4268c9ea595ecff338e39d6a52a94b8bdc22e4b1e37fb,-85,,3,64,,3
17:02:45,,3,fb047bcecf680e56506d2b05c05e1ae150b62b4918e460fa5df16934c1778879,-90,,3,64,,3
17:02:46,,3,a77787a4df92239e7268847261257859b916526035d134a71ffda65a7ca82246,-70,,3,64,,3
17:02:47,6.0,3,1be85378a18f2f0fd801e28f03d1c7df0b2caaaf7da8b06e97255285d0f3e053,-88,,3,64,,3
17:02:48,26.0,3,badf81f9dac0b31494e4d4c0fa1af530142ff0c4d545c2733105650691ada7bb,-82,,3,64,,3
17:02:48,26.0,3,f6de3c5e7e0f7b9f12e047f9508d3d63c3687b90757c2103fa352c989d441cf8,-77,,3,64,12.0,3
17:02:49,,3,a2542119652e2e9d68d4268c9ea595ecff338e39d6a52a94b8bdc22e4b1e37fb,-94,,3,64,,3
17:02:50,26.0,3,badf81f9dac0b31494e4d4c0fa1af530142ff0c4d545c2733105650691ada7bb,-83,,3,64,,3
17:02:51,,3,a77787a4df92239e7268847261257859b916526035d134a71ffda65a7ca82246,-71,,3,64,,3
17:02:52,26.0,3,badf81f9dac0b31494e4d4c0fa1af530142ff0c4d545c2733105650691ada7bb,-74,,3,64,,3
17:02:52,26.0,3,aaa592f8cf0374dd9b9cd5b0bbbc6f6c7f3c4d76e3ca573c2f9a128585c79fc7,-83,,3,64,,3
17:02:53,,3,a77787a4df92239e7268847261257859b916526035d134a71ffda65a7ca82246,-72,,3,64,,3
17:02:54,26.0,3,55d9d3a86c61b1b98b05877f12d9fea1f23b461901e14e4986a1f66e77ccb3aa,-74,,3,64,,3
17:02:55,,3,6492f089eba4fd71640dfb0a9592994854a32cb9af528abebb67247c3c3aaae2,-94,,3,64,,3
17:02:56,26.0,3,cb809380167d283aa005130de7df18556fc4dcdae441bc34e7b291cb76c85e77,-90,,3,64,,3
17:02:56,,3,a77787a4df92239e7268847261257859b916526035d134a71ffda65a7ca82246,-76,,3,64,,3
17:02:57,,3,712f7f9dca94922d02c8c98fe9981a73dec0ddb1e3d3eefbedcd377279709835,-77,,3,64,,3
17:02:58,26.0,3,5c0f482825755fd5fa4cd8fcf2ba01feefe810f80307d8a57adeed9d6408aa2a,-85,,3,64,,3
17:02:59,26.0,3,f36aa6cab700c5db4f9a18723adf5cce8f7b0bbcda5107ce64d76e5d03e101de,-80,,3,64,8.0,3
17:03:00,,3,a77787a4df92239e7268847261257859b916526035d134a71ffda65a7ca82246,-74,,3,64,,3
17:03:00,26.0,3,6e8bfe3f61a9bf0d9d6b9efffad540480522732ccf9d9dec5ca89c4412d1111a,-79,,3,64,,3
17:03:01,,3,a2542119652e2e9d68d4268c9ea595ecff338e39d6a52a94b8bdc22e4b1e37fb,-80,,3,64,,3
17:03:02,,3,a77787a4df92239e7268847261257859b916526035d134a71ffda65a7ca82246,-72,,3,64,,3
17:03:03,26.0,3,c7d225d440b38b9646b35c4571157aafcbe4605d3fa7827fe7f66a62db3cfa4f,-90,,3,64,7.0,3
17:03:04,,3,a2542119652e2e9d68d4268c9ea595ecff338e39d6a52a94b8bdc22e4b1e37fb,-83,,3,64,,3
17:03:04,26.0,3,badf81f9dac0b31494e4d4c0fa1af530142ff0c4d545c2733105650691ada7bb,-74,,3,64,,3
17:03:05,26.0,3,007254e9d0b4b2898ca6c3fc86b26f1ce7d5cf83bd7bc2546acbcec44f21f480,-90,,3,64,,3
17:03:06,26.0,3,6e8bfe3f61a9bf0d9d6b9efffad540480522732ccf9d9dec5ca89c4412d1111a,-83,,3,64,,3
17:03:07,,3,a77787a4df92239e7268847261257859b916526035d134a71ffda65a7ca82246,-72,,3,64,,3
17:03:08,,3,6492f089eba4fd71640dfb0a9592994854a32cb9af528abebb67247c3c3aaae2,-91,,3,64,,3
17:03:08,,3,a2542119652e2e9d68d4268c9ea595ecff338e39d6a52a94b8bdc22e4b1e37fb,-77,,3,64,,3
17:03:09,,3,a77787a4df92239e7268847261257859b916526035d134a71ffda65a7ca82246,-75,,3,64,,3
17:03:10,,3,a2542119652e2e9d68d4268c9ea595ecff338e39d6a52a94b8bdc22e4b1e37fb,-82,,3,64,,3
17:03:11,,3,6492f089eba4fd71640dfb0a9592994854a32cb9af528abebb67247c3c3aaae2,-90,,3,64,,3
17:03:12,26.0,3,fcf95b86714ac680636b67a2ad25124c2a7459f9b1f12d22ad87e6542cb93a1e,-84,,3,64,5.0,3
17:03:12,,3,a77787a4df92239e7268847261257859b916526035d134a71ffda65a7ca82246,-82,,3,64,,3
17:03:13,,3,712f7f9dca94922d02c8c98fe9981a73dec0ddb1e3d3eefbedcd377279709835,-79,,3,64,,3
17:03:14,26.0,3,5c0f482825755fd5fa4cd8fcf2ba01feefe810f80307d8a57adeed9d6408aa2a,-83,,3,64,,3
17:03:15,,3,a77787a4df92239e7268847261257859b916526035d134a71ffda65a7ca82246,-79,,3,64,,3
17:03:16,,3,712f7f9dca94922d02c8c98fe9981a73dec0ddb1e3d3eefbedcd377279709835,-79,,3,64,,3
17:03:16,26.0,3,6e8bfe3f61a9bf0d9d6b9efffad540480522732ccf9d9dec5ca89c4412d1111a,-79,,3,64,,3
17:03:17,,3,a77787a4df92239e7268847261257859b916526035d134a71ffda65a7ca82246,-85,,3,64,,3
17:03:18,26.0,3,badf81f9dac0b31494e4d4c0fa1af530142ff0c4d545c2733105650691ada7bb,-74,,3,64,,3
17:03:19,,3,a2542119652e2e9d68d4268c9ea595ecff338e39d6a52a94b8bdc22e4b1e37fb,-83,,3,64,,3
17:03:20,,3,712f7f9dca94922d02c8c98fe9981a73dec0ddb1e3d3eefbedcd377279709835,-78,,3,64,,3
17:03:20,,3,712f7f9dca94922d02c8c98fe9981a73dec0ddb1e3d3eefbedcd377279709835,-77,,3,64,,3
17:03:21,26.0,3,5c0f482825755fd5fa4cd8fcf2ba01feefe810f80307d8a57adeed9d6408aa2a,-86,,3,64,,3
17:03:22,,3,a77787a4df92239e7268847261257859b916526035d134a71ffda65a7ca82246,-82,,3,64,,3
17:03:23,,3,712f7f9dca94922d02c8c98fe9981a73dec0ddb1e3d3eefbedcd377279709835,-79,,3,64,,3
17:03:24,26.0,3,aaa592f8cf0374dd9b9cd5b0bbbc6f6c7f3c4d76e3ca573c2f9a128585c79fc7,-84,,3,64,,3
17:03:24,26.0,3,55d9d3a86c61b1b98b05877f12d9fea1f23b461901e14e4986a1f66e77ccb3aa,-75,,3,64,,3
17:03:25,26.0,3,6e8bfe3f61a9bf0d9d6b9efffad540480522732ccf9d9dec5ca89c4412d1111a,-79,,3,64,,3
17:03:26,,3,6492f089eba4fd71640dfb0a9592994854a32cb9af528abebb67247c3c3aaae2,-91,,3,64,,3
17:03:27,26.0,3,aaa592f8cf0374dd9b9cd5b0bbbc6f6c7f3c4d76e3ca573c2f9a128585c79fc7,-74,,3,64,,3
17:03:28,,3,a77787a4df92239e7268847261257859b916526035d134a71ffda65a7ca82246,-82,,3,64,,3
17:03:28,,3,a2542119652e2e9d68d4268c9ea595ecff338e39d6a52a94b8bdc22e4b1e37fb,-80,,3,64,,3
17:03:29,26.0,3,f36aa6cab700c5db4f9a18723adf5cce8f7b0bbcda5107ce64d76e5d03e101de,-81,,3,64,8.0,3
17:03:30,26.0,3,96102c91df440652aa031fe83d239338a03affe7375ac2d215287dc109c752f7,-83,,3,64,,3
17:03:31,,3,a2542119652e2e9d68d4268c9ea595ecff338e39d6a52a94b8bdc22e4b1e37fb,-89,,3,64,,3
17:03:32,26.0,3,badf81f9dac0b31494e4d4c0fa1af530142ff0c4d545c2733105650691ada7bb,-77,,3,64,,3
17:03:33,26.0,3,96102c91df440652aa031fe83d239338a03affe7375ac2d215287dc109c752f7,-82,,3,64,,3
17:03:33,,3,a2542119652e2e9d68d4268c9ea595ecff338e39d6a52a94b8bdc22e4b1e37fb,-85,,3,64,,3
17:03:34,26.0,3,5c0f482825755fd5fa4cd8fcf2ba01feefe810f80307d8a57adeed9d6408aa2a,-86,,3,64,,3
17:03:35,26.0,3,6e8bfe3f61a9bf0d9d6b9efffad540480522732ccf9d9dec5ca89c4412d1111a,-84,,3,64,,3
17:03:36,26.0,3,c7d225d440b38b9646b35c4571157aafcbe4605d3fa7827fe7f66a62db3cfa4f,-87,,3,64,7.0,3
17:03:37,26.0,3,5c0f482825755fd5fa4cd8fcf2ba01feefe810f80307d8a57adeed9d6408aa2a,-82,,3,64,,3
17:03:37,26.0,3,6e8bfe3f61a9bf0d9d6b9efffad540480522732ccf9d9dec5ca89c4412d1111a,-83,,3,64,,3
17:03:38,26.0,3,8c22414fb5d508862ae8f8f5f300d4e4dd8c0eea946621f576aee9baffcd90b9,-89,,3,64,,3
17:03:39,26.0,3,f36aa6cab700c5db4f9a18723adf5cce8f7b0bbcda5107ce64d76e5d03e101de,-77,,3,64,8.0,3
17:03:40,26.0,3,f36aa6cab700c5db4f9a18723adf5cce8f7b0bbcda5107ce64d76e5d03e101de,-85,,3,64,8.0,3
17:03:41,,3,a77787a4df92239e7268847261257859b916526035d134a71ffda65a7ca82246,-71,,3,64,,3
17:03:41,26.0,3,8c22414fb5d508862ae8f8f5f300d4e4dd8c0eea946621f576aee9baffcd90b9,-90,,3,64,,3
17:03:42,26.0,3,007254e9d0b4b2898ca6c3fc86b26f1ce7d5cf83bd7bc2546acbcec44f21f480,-85,,3,64,,3
17:03:43,26.0,3,cb809380167d283aa005130de7df18556fc4dcdae441bc34e7b291cb76c85e77,-92,,3,64,,3
17:03:44,,3,83d89d7f5f322cfd8c10441b81b571cb6d13b4ee9c607d500630a14792991852,-95,,3,64,,3
17:03:45,26.0,3,5c0f482825755fd5fa4cd8fcf2ba01feefe810f80307d8a57adeed9d6408aa2a,-89,,3,64,,3
17:03:45,26.0,3,6e8bfe3f61a9bf0d9d6b9efffad540480522732ccf9d9dec5ca89c4412d1111a,-77,,3,64,,3
17:03:46,,3,a77787a4df92239e7268847261257859b916526035d134a71ffda65a7ca82246,-73,,3,64,,3
17:03:47,,3,a77787a4df92239e7268847261257859b916526035d134a71ffda65a7ca82246,-72,,3,64,,3
17:03:48,,3,934fdad5af4b2942be71c48cfa827fb508a30fe797d2f5366a86eb5ae476ade2,-75,,3,64,,3
17:03:49,26.0,3,aaa592f8cf0374dd9b9cd5b0bbbc6f6c7f3c4d76e3ca573c2f9a128585c79fc7,-78,,3,64,,3
17:03:49,,3,a77787a4df92239e7268847261257859b916526035d134a71ffda65a7ca82246,-71,,3,64,,3
17:03:50,26.0,3,5c0f482825755fd5fa4cd8fcf2ba01feefe810f80307d8a57adeed9d6408aa2a,-91,,3,64,,3
17:03:51,,3,e3c189a2ef870f2e4972ead7336cf66027e3d1c65ebb9e066c875a4643c8e965,-85,,3,64,,3
17:03:52,26.0,3,f36aa6cab700c5db4f9a18723adf5cce8f7b0bbcda5107ce64d76e5d03e101de,-80,,3,64,8.0,3
17:03:53,26.0,3,6e8bfe3f61a9bf0d9d6b9efffad540480522732ccf9d9dec5ca89c4412d1111a,-80,,3,64,,3
17:03:53,,3,a77787a4df92239e7268847261257859b916526035d134a71ffda65a7ca82246,-76,,3,64,,3
17:03:54,,3,712f7f9dca94922d02c8c98fe9981a73dec0ddb1e3d3eefbedcd377279709835,-94,,3,64,,3
17:03:55,,3,e3c189a2ef870f2e4972ead7336cf66027e3d1c65ebb9e066c875a4643c8e965,-79,,3,64,,3
17:03:56,26.0,3,6e8bfe3f61a9bf0d9d6b9efffad540480522732ccf9d9dec5ca89c4412d1111a,-82,,3,64,,3
17:03:57,26.0,3,badf81f9dac0b31494e4d4c0fa1af530142ff0c4d545c2733105650691ada7bb,-76,,3,64,,3
17:03:57,,3,934fdad5af4b2942be71c48cfa827fb508a30fe797d2f5366a86eb5ae476ade2,-77,,3,64,,3
17:03:58,,3,a77787a4df92239e7268847261257859b916526035d134a71ffda65a7ca82246,-73,,3,64,,3
17:03:59,26.0,3,55d9d3a86c61b1b98b05877f12d9fea1f23b461901e14e4986a1f66e77ccb3aa,-77,,3,64,,3
17:04:00,26.0,3,007254e9d0b4b2898ca6c3fc86b26f1ce7d5cf83bd7bc2546acbcec44f21f480,-87,,3,64,,3
17:04:01,26.0,3,f36aa6cab700c5db4f9a18723adf5cce8f7b0bbcda5107ce64d76e5d03e101de,-80,,3,64,8.0,3
17:04:01,26.0,3,1e6de363e843323af6ed27f258853c46283c96ca88402e1ca9ccdd04c120c81d,-79,,3,64,,3
17:04:02,26.0,3,1e6de363e843323af6ed27f258853c46283c96ca88402e1ca9ccdd04c120c81d,-81,,3,64,,3
17:04:03,26.0,3,5c0f482825755fd5fa4cd8fcf2ba01feefe810f80307d8a57adeed9d6408aa2a,-86,,3,64,,3
17:04:04,26.0,3,5e339ef5bedf6d987ecd4f87b3181f124e73bd4748fc711d6369e6a00d401746,-82,,3,64,12.0,3
17:04:05,26.0,3,96102c91df440652aa031fe83d239338a03affe7375ac2d215287dc109c752f7,-91,,3,64,,3
17:04:05,26.0,3,5e339ef5bedf6d987ecd4f87b3181f124e73bd4748fc711d6369e6a00d401746,-80,,3,64,12.0,3
17:04:06,,3,934fdad5af4b2942be71c48cfa827fb508a30fe797d2f5366a86eb5ae476ade2,-76,,3,64,,3
17:04:07,26.0,3,96102c91df440652aa031fe83d239338a03affe7375ac2d215287dc109c752f7,-87,,3,64,,3
17:04:08,26.0,3,5c0f482825755fd5fa4cd8fcf2ba01feefe810f80307d8a57adeed9d6408aa2a,-89,,3,64,,3
17:04:09,,3,712f7f9dca94922d02c8c98fe9981a73dec0ddb1e3d3eefbedcd377279709835,-93,,3,64,,3
17:04:09,26.0,3,1e6de363e843323af6ed27f258853c46283c96ca88402e1ca9ccdd04c120c81d,-78,,3,64,,3
17:04:10,26.0,3,007254e9d0b4b2898ca6c3fc86b26f1ce7d5cf83bd7bc2546acbcec44f21f480,-86,,3,64,,3
17:04:11,,3,e3c189a2ef870f2e4972ead7336cf66027e3d1c65ebb9e066c875a4643c8e965,-81,,3,64,,3
17:04:12,,3,934fdad5af4b2942be71c48cfa827fb508a30fe797d2f5366a86eb5ae476ade2,-74,,3,64,,3
17:04:13,26.0,3,63d163820f46c36e87550056743692f6bf0fa2e41cd51927e326f204402edfc3,-80,,3,64,,3
17:04:13,26.0,3,5c0f482825755fd5fa4cd8fcf2ba01feefe810f80307d8a57adeed9d6408aa2a,-90,,3,64,,3
17:04:14,26.0,3,6e8bfe3f61a9bf0d9d6b9efffad540480522732ccf9d9dec5ca89c4412d1111a,-80,,3,64,,3
17:04:15,,3,e3c189a2ef870f2e4972ead7336cf66027e3d1c65ebb9e066c875a4643c8e965,-77,,3,64,,3
17:04:16,26.0,3,007254e9d0b4b2898ca6c3fc86b26f1ce7d5cf83bd7bc2546acbcec44f21f480,-84,,3,64,,3
17:04:17,,3,712f7f9dca94922d02c8c98fe9981a73dec0ddb1e3d3eefbedcd377279709835,-79,,3,64,,3
17:04:17,26.0,3,f61b747fc8864066813c4408220398543ae28d3019b19f2eb7d54ddd36cff480,-82,,3,64,,3
17:04:18,,3,934fdad5af4b2942be71c48cfa827fb508a30fe797d2f5366a86eb5ae476ade2,-87,,3,64,,3
17:04:19,,3,83d89d7f5f322cfd8c10441b81b571cb6d13b4ee9c607d500630a14792991852,-92,,3,64,,3
17:04:20,,3,712f7f9dca94922d02c8c98fe9981a73dec0ddb1e3d3eefbedcd377279709835,-82,,3,64,,3
17:04:21,26.0,3,fcf95b86714ac680636b67a2ad25124c2a7459f9b1f12d22ad87e6542cb93a1e,-82,,3,64,5.0,3
17:04:22,26.0,3,f61b747fc8864066813c4408220398543ae28d3019b19f2eb7d54ddd36cff480,-77,,3,64,,3
17:04:22,26.0,3,5e339ef5bedf6d987ecd4f87b3181f124e73bd4748fc711d6369e6a00d401746,-78,,3,64,12.0,3
17:04:23,26.0,3,6f0f59a08f7130ff741d44b8ee69925c9b42fdedfe6a64532eab075d5476ce07,-86,,3,64,12.0,3
17:04:24,,3,83d89d7f5f322cfd8c10441b81b571cb6d13b4ee9c607d500630a14792991852,-93,,3,64,,3
17:04:25,26.0,3,8c22414fb5d508862ae8f8f5f300d4e4dd8c0eea946621f576aee9baffcd90b9,-93,,3,64,,3
17:04:26,26.0,3,ceab7aeebdcc5ffa90478fce487901d40e1a019801cbb4c4aa2fae40827668fe,-87,,3,64,7.0,3
17:04:26,,3,934fdad5af4b2942be71c48cfa827fb508a30fe797d2f5366a86eb5ae476ade2,-84,,3,64,,3
17:04:27,,3,a77787a4df92239e7268847261257859b916526035d134a71ffda65a7ca82246,-72,,3,64,,3
17:04:28,26.0,3,007254e9d0b4b2898ca6c3fc86b26f1ce7d5cf83bd7bc2546acbcec44f21f480,-84,,3,64,5.0,3
17:04:29,26.0,3,007254e9d0b4b2898ca6c3fc86b26f1ce7d5cf83bd7bc2546acbcec44f21f480,-86,,3,64,5.0,3
17:04:30,26.0,3,007254e9d0b4b2898ca6c3fc86b26f1ce7d5cf83bd7bc2546acbcec44f21f480,-88,,3,64,,3
17:04:30,26.0,3,5c0f482825755fd5fa4cd8fcf2ba01feefe810f80307d8a57adeed9d6408aa2a,-88,,3,64,,3
17:04:31,26.0,3,f36aa6cab700c5db4f9a18723adf5cce8f7b0bbcda5107ce64d76e5d03e101de,-74,,3,64,8.0,3
17:04:32,26.0,3,f36aa6cab700c5db4f9a18723adf5cce8f7b0bbcda5107ce64d76e5d03e101de,-83,,3,64,8.0,3
17:04:33,26.0,3,1e6de363e843323af6ed27f258853c46283c96ca88402e1ca9ccdd04c120c81d,-76,,3,64,,3
17:04:34,,3,934fdad5af4b2942be71c48cfa827fb508a30fe797d2f5366a86eb5ae476ade2,-79,,3,64,,3
17:04:34,,3,712f7f9dca94922d02c8c98fe9981a73dec0ddb1e3d3eefbedcd377279709835,-82,,3,64,,3
17:04:35,,3,934fdad5af4b2942be71c48cfa827fb508a30fe797d2f5366a86eb5ae476ade2,-84,,3,64,,3
17:04:36,26.0,3,ceab7aeebdcc5ffa90478fce487901d40e1a019801cbb4c4aa2fae40827668fe,-86,,3,64,7.0,3
17:04:37,,3,712f7f9dca94922d02c8c98fe9981a73dec0ddb1e3d3eefbedcd377279709835,-84,,3,64,,3
17:04:38,26.0,3,6e8bfe3f61a9bf0d9d6b9efffad540480522732ccf9d9dec5ca89c4412d1111a,-79,,3,64,,3
17:04:38,26.0,3,5c0f482825755fd5fa4cd8fcf2ba01feefe810f80307d8a57adeed9d6408aa2a,-82,,3,64,,3
17:04:39,,3,712f7f9dca94922d02c8c98fe9981a73dec0ddb1e3d3eefbedcd377279709835,-85,,3,64,,3
17:04:40,,3,83d89d7f5f322cfd8c10441b81b571cb6d13b4ee9c607d500630a14792991852,-93,,3,64,,3
17:04:41,26.0,3,f36aa6cab700c5db4f9a18723adf5cce8f7b0bbcda5107ce64d76e5d03e101de,-87,,3,64,8.0,3
17:04:42,26.0,3,1e6de363e843323af6ed27f258853c46283c96ca88402e1ca9ccdd04c120c81d,-88,,3,64,,3
17:04:42,,3,934fdad5af4b2942be71c48cfa827fb508a30fe797d2f5366a86eb5ae476ade2,-79,,3,64,,3
17:04:43,26.0,3,6e8bfe3f61a9bf0d9d6b9efffad540480522732ccf9d9dec5ca89c4412d1111a,-81,,3,64,,3
17:04:44,26.0,3,007254e9d0b4b2898ca6c3fc86b26f1ce7d5cf83bd7bc2546acbcec44f21f480,-87,,3,64,,3
17:04:45,,3,18e8caa7e873d4c7dda2fc367ee3b2b3391b1133b18ca4cd0c473dc4c9166240,-80,,3,64,,3
17:04:46,26.0,3,ceab7aeebdcc5ffa90478fce487901d40e1a019801cbb4c4aa2fae40827668fe,-86,,3,64,7.0,3
17:04:46,26.0,3,6e8bfe3f61a9bf0d9d6b9efffad540480522732ccf9d9dec5ca89c4412d1111a,-80,,3,64,,3
17:04:47,26.0,3,5c0f482825755fd5fa4cd8fcf2ba01feefe810f80307d8a57adeed9d6408aa2a,-87,,3,64,,3
17:04:48,,3,a77787a4df92239e7268847261257859b916526035d134a71ffda65a7ca82246,-75,,3,64,,3
17:04:49,26.0,3,007254e9d0b4b2898ca6c3fc86b26f1ce7d5cf83bd7bc2546acbcec44f21f480,-86,,3,64,,3
17:04:50,26.0,3,f36aa6cab700c5db4f9a18723adf5cce8f7b0bbcda5107ce64d76e5d03e101de,-75,,3,64,8.0,3
17:04:50,26.0,3,63d163820f46c36e87550056743692f6bf0fa2e41cd51927e326f204402edfc3,-83,,3,64,,3
17:04:51,26.0,3,1e6de363e843323af6ed27f258853c46283c96ca88402e1ca9ccdd04c120c81d,-74,,3,64,,3
17:04:52,26.0,3,cb809380167d283aa005130de7df18556fc4dcdae441bc34e7b291cb76c85e77,-96,,3,64,,3
17:04:53,26.0,3,007254e9d0b4b2898ca6c3fc86b26f1ce7d5cf83bd7bc2546acbcec44f21f480,-87,,3,64,,3
17:04:54,,3,a77787a4df92239e7268847261257859b916526035d134a71ffda65a7ca82246,-70,,3,64,,3
17:04:54,26.0,3,007254e9d0b4b2898ca6c3fc86b26f1ce7d5cf83bd7bc2546acbcec44f21f480,-84,,3,64,,3
17:04:55,26.0,3,f61b747fc8864066813c4408220398543ae28d3019b19f2eb7d54ddd36cff480,-87,,3,64,,3
17:04:56,26.0,3,f6de3c5e7e0f7b9f12e047f9508d3d63c3687b90757c2103fa352c989d441cf8,-81,,3,64,12.0,3
17:04:57,,3,934fdad5af4b2942be71c48cfa827fb508a30fe797d2f5366a86eb5ae476ade2,-81,,3,64,,3
17:04:58,,3,a77787a4df92239e7268847261257859b916526035d134a71ffda65a7ca82246,-71,,3,64,,3
17:04:58,,3,83d89d7f5f322cfd8c10441b81b571cb6d13b4ee9c607d500630a14792991852,-99,,3,64,,3
17:04:59,,3,934fdad5af4b2942be71c48cfa827fb508a30fe797d2f5366a86eb5ae476ade2,-82,,3,64,,3
17:05:00,26.0,3,cb809380167d283aa005130de7df18556fc4dcdae441bc34e7b291cb76c85e77,-91,,3,64,,3
17:05:01,,3,18e8caa7e873d4c7dda2fc367ee3b2b3391b1133b18ca4cd0c473dc4c9166240,-77,,3,64,,3
17:05:02,26.0,3,fcf95b86714ac680636b67a2ad25124c2a7459f9b1f12d22ad87e6542cb93a1e,-83,,3,64,5.0,3
17:05:02,26.0,3,63d163820f46c36e87550056743692f6bf0fa2e41cd51927e326f204402edfc3,-75,,3,64,,3
17:05:03,,3,712f7f9dca94922d02c8c98fe9981a73dec0ddb1e3d3eefbedcd377279709835,-93,,3,64,,3
17:05:04,,3,a77787a4df92239e7268847261257859b916526035d134a71ffda65a7ca82246,-66,,3,64,,3
17:05:05,,3,712f7f9dca94922d02c8c98fe9981a73dec0ddb1e3d3eefbedcd377279709835,-85,,3,64,,3
17:05:06,26.0,3,c7d225d440b38b9646b35c4571157aafcbe4605d3fa7827fe7f66a62db3cfa4f,-91,,3,64,7.0,3
17:05:06,,3,934fdad5af4b2942be71c48cfa827fb508a30fe797d2f5366a86eb5ae476ade2,-84,,3,64,,3
17:05:07,26.0,3,96102c91df440652aa031fe83d239338a03affe7375ac2d215287dc109c752f7,-93,,3,64,,3
17:05:08,26.0,3,5c0f482825755fd5fa4cd8fcf2ba01feefe810f80307d8a57adeed9d6408aa2a,-81,,3,64,,3
17:05:09,,3,a77787a4df92239e7268847261257859b916526035d134a71ffda65a7ca82246,-74,,3,64,,3
17:05:10,,3,a77787a4df92239e7268847261257859b916526035d134a71ffda65a7ca82246,-66,,3,64,,3
17:05:10,26.0,3,6e8bfe3f61a9bf0d9d6b9efffad540480522732ccf9d9dec5ca89c4412d1111a,-89,,3,64,,3
17:05:11,26.0,3,5c0f482825755fd5fa4cd8fcf2ba01feefe810f80307d8a57adeed9d6408aa2a,-82,,3,64,,3
17:05:12,26.0,3,5e339ef5bedf6d987ecd4f87b3181f124e73bd4748fc711d6369e6a00d401746,-85,,3,64,12.0,3
17:05:13,26.0,3,cb809380167d283aa005130de7df18556fc4dcdae441bc34e7b291cb76c85e77,-84,,3,64,,3
17:05:14,26.0,3,96102c91df440652aa031fe83d239338a03affe7375ac2d215287dc109c752f7,-88,,3,64,,3
17:05:14,26.0,3,ceab7aeebdcc5ffa90478fce487901d40e1a019801cbb4c4aa2fae40827668fe,-89,,3,64,7.0,3
17:05:15,26.0,3,f6de3c5e7e0f7b9f12e047f9508d3d63c3687b90757c2103fa352c989d441cf8,-85,,3,64,12.0,3
17:05:16,26.0,3,c7d225d440b38b9646b35c4571157aafcbe4605d3fa7827fe7f66a62db3cfa4f,-88,,3,64,7.0,3
17:05:17,26.0,3,007254e9d0b4b2898ca6c3fc86b26f1ce7d5cf83bd7bc2546acbcec44f21f480,-82,,3,64,,3
17:05:18,,3,a77787a4df92239e7268847261257859b916526035d134a71ffda65a7ca82246,-69,,3,64,,3
17:05:18,,3,712f7f9dca94922d02c8c98fe9981a73dec0ddb1e3d3eefbedcd377279709835,-81,,3,64,,3
17:05:19,26.0,3,6e8bfe3f61a9bf0d9d6b9efffad540480522732ccf9d9dec5ca89c4412d1111a,-88,,3,64,,3
17:05:20,26.0,3,1e6de363e843323af6ed27f258853c46283c96ca88402e1ca9ccdd04c120c81d,-76,,3,64,,3
17:05:21,26.0,3,63d163820f46c36e87550056743692f6bf0fa2e41cd51927e326f204402edfc3,-77,,3,64,,3
17:05:22,26.0,3,007254e9d0b4b2898ca6c3fc86b26f1ce7d5cf83bd7bc2546acbcec44f21f480,-81,,3,64,,3
17:05:23,26.0,3,007254e9d0b4b2898ca6c3fc86b26f1ce7d5cf83bd7bc2546acbcec44f21f480,-87,,3,64,,3
17:05:23,26.0,3,1e6de363e843323af6ed27f258853c46283c96ca88402e1ca9ccdd04c120c81d,-77,,3,64,,3
17:05:24,,3,934fdad5af4b2942be71c48cfa827fb508a30fe797d2f5366a86eb5ae476ade2,-78,,3,64,,3
17:05:25,,3,934fdad5af4b2942be71c48cfa827fb508a30fe797d2f5366a86eb5ae476ade2,-75,,3,64,,3
17:05:26,,3,83d89d7f5f322cfd8c10441b81b571cb6d13b4ee9c607d500630a14792991852,-91,,3,64,,3
17:05:27,26.0,3,63d163820f46c36e87550056743692f6bf0fa2e41cd51927e326f204402edfc3,-78,,3,64,,3
17:05:27,,3,6076c638a51aefc2b7ae257ad7ec4fd68eb22a282bd9cb8ee697f0d58c05eda6,-72,,3,64,,3
17:05:28,,3,712f7f9dca94922d02c8c98fe9981a73dec0ddb1e3d3eefbedcd377279709835,-82,,3,64,,3
17:05:29,26.0,3,121127ae2f6dd787ddebdc208e076edb9b5252272a9189cf2316be62026e5ac6,-82,,3,64,5.0,3
17:05:30,26.0,3,007254e9d0b4b2898ca6c3fc86b26f1ce7d5cf83bd7bc2546acbcec44f21f480,-86,,3,64,,3
17:05:31,26.0,3,1e6de363e843323af6ed27f258853c46283c96ca88402e1ca9ccdd04c120c81d,-80,,3,64,,3
17:05:31,,3,934fdad5af4b2942be71c48cfa827fb508a30fe797d2f5366a86eb5ae476ade2,-83,,3,64,,3
17:05:32,26.0,3,96102c91df440652aa031fe83d239338a03affe7375ac2d215287dc109c752f7,-88,,3,64,,3
17:05:33,,3,712f7f9dca94922d02c8c98fe9981a73dec0ddb1e3d3eefbedcd377279709835,-87,,3,64,,3
17:05:34,,3,934fdad5af4b2942be71c48cfa827fb508a30fe797d2f5366a86eb5ae476ade2,-84,,3,64,,3
17:05:35,26.0,3,007254e9d0b4b2898ca6c3fc86b26f1ce7d5cf83bd7bc2546acbcec44f21f480,-89,,3,64,,3
17:05:35,6.0,3,1be85378a18f2f0fd801e28f03d1c7df0b2caaaf7da8b06e97255285d0f3e053,-91,,3,64,,3
17:05:36,,3,934fdad5af4b2942be71c48cfa827fb508a30fe797d2f5366a86eb5ae476ade2,-81,,3,64,,3
17:05:37,,3,6076c638a51aefc2b7ae257ad7ec4fd68eb22a282bd9cb8ee697f0d58c05eda6,-73,,3,64,,3
17:05:38,26.0,3,63d163820f46c36e87550056743692f6bf0fa2e41cd51927e326f204402edfc3,-84,,3,64,,3
17:05:39,26.0,3,6e8bfe3f61a9bf0d9d6b9efffad540480522732ccf9d9dec5ca89c4412d1111a,-81,,3,64,,3
17:05:39,,3,712f7f9dca94922d02c8c98fe9981a73dec0ddb1e3d3eefbedcd377279709835,-93,,3,64,,3
17:05:40,26.0,3,f36aa6cab700c5db4f9a18723adf5cce8f7b0bbcda5107ce64d76e5d03e101de,-80,,3,64,8.0,3
17:05:41,,3,934fdad5af4b2942be71c48cfa827fb508a30fe797d2f5366a86eb5ae476ade2,-79,,3,64,,3
17:05:42,26.0,3,f61b747fc8864066813c4408220398543ae28d3019b19f2eb7d54ddd36cff480,-83,,3,64,,3
17:05:43,26.0,3,6e8bfe3f61a9bf0d9d6b9efffad540480522732ccf9d9dec5ca89c4412d1111a,-77,,3,64,,3
17:05:43,6.0,3,ffe809e617f779eee0b136974bcac1c5f977286be7f23872795d1f3d5c0521a4,-91,,3,64,,3
17:05:44,6.0,3,1be85378a18f2f0fd801e28f03d1c7df0b2caaaf7da8b06e97255285d0f3e053,-86,,3,64,,3
17:05:45,6.0,3,b15484bce90260c495c3bfd4d14b16d057705c128807b765373826e654badec6,-84,,3,64,,3
17:05:46,,3,6076c638a51aefc2b7ae257ad7ec4fd68eb22a282bd9cb8ee697f0d58c05eda6,-70,,3,64,,3
17:05:47,26.0,3,5c0f482825755fd5fa4cd8fcf2ba01feefe810f80307d8a57adeed9d6408aa2a,-84,,3,64,,3
17:05:47,26.0,3,121127ae2f6dd787ddebdc208e076edb9b5252272a9189cf2316be62026e5ac6,-85,,3,64,5.0,3
17:05:48,26.0,3,63d163820f46c36e87550056743692f6bf0fa2e41cd51927e326f204402edfc3,-80,,3,64,,3
17:05:49,,3,83d89d7f5f322cfd8c10441b81b571cb6d13b4ee9c607d500630a14792991852,-89,,3,64,,3
17:05:50,6.0,3,1be85378a18f2f0fd801e28f03d1c7df0b2caaaf7da8b06e97255285d0f3e053,-87,,3,64,,3
17:05:51,,3,934fdad5af4b2942be71c48cfa827fb508a30fe797d2f5366a86eb5ae476ade2,-84,,3,64,,3
17:05:51,,3,6076c638a51aefc2b7ae257ad7ec4fd68eb22a282bd9cb8ee697f0d58c05eda6,-71,,3,64,,3
17:05:52,6.0,3,ffe809e617f779eee0b136974bcac1c5f977286be7f23872795d1f3d5c0521a4,-81,,3,64,,3
17:05:53,26.0,3,f61b747fc8864066813c4408220398543ae28d3019b19f2eb7d54ddd36cff480,-84,,3,64,,3
17:05:54,,3,934fdad5af4b2942be71c48cfa827fb508a30fe797d2f5366a86eb5ae476ade2,-89,,3,64,,3
17:05:55,26.0,3,6e8bfe3f61a9bf0d9d6b9efffad540480522732ccf9d9dec5ca89c4412d1111a,-85,,3,64,,3
17:05:56,26.0,3,63d163820f46c36e87550056743692f6bf0fa2e41cd51927e326f204402edfc3,-89,,3,64,,3
17:05:56,,3,6076c638a51aefc2b7ae257ad7ec4fd68eb22a282bd9cb8ee697f0d58c05eda6,-71,,3,64,,3
17:05:57,,3,bdc91a4ac452ea82f3c34c7528841c327a119d82ecfd5913e00c4323e502c21d,-81,,3,64,,3
17:05:58,26.0,3,96102c91df440652aa031fe83d239338a03affe7375ac2d215287dc109c752f7,-81,,3,64,,3
17:05:59,26.0,3,f36aa6cab700c5db4f9a18723adf5cce8f7b0bbcda5107ce64d76e5d03e101de,-81,,3,64,8.0,3
17:06:00,,3,934fdad5af4b2942be71c48cfa827fb508a30fe797d2f5366a86eb5ae476ade2,-83,,3,64,,3
17:06:00,,3,712f7f9dca94922d02c8c98fe9981a73dec0ddb1e3d3eefbedcd377279709835,-89,,3,64,,3
17:06:01,,3,bdc91a4ac452ea82f3c34c7528841c327a119d82ecfd5913e00c4323e502c21d,-82,,3,64,,3
17:06:02,,3,934fdad5af4b2942be71c48cfa827fb508a30fe797d2f5366a86eb5ae476ade2,-87,,3,64,,3
17:06:03,,3,712f7f9dca94922d02c8c98fe9981a73dec0ddb1e3d3eefbedcd377279709835,-86,,3,64,,3
17:06:04,26.0,3,f61b747fc8864066813c4408220398543ae28d3019b19f2eb7d54ddd36cff480,-87,,3,64,,3
17:06:04,26.0,3,5e339ef5bedf6d987ecd4f87b3181f124e73bd4748fc711d6369e6a00d401746,-82,,3,64,12.0,3
17:06:05,26.0,3,cb809380167d283aa005130de7df18556fc4dcdae441bc34e7b291cb76c85e77,-89,,3,64,,3
17:06:06,,3,934fdad5af4b2942be71c48cfa827fb508a30fe797d2f5366a86eb5ae476ade2,-80,,3,64,,3
17:06:07,26.0,3,f61b747fc8864066813c4408220398543ae28d3019b19f2eb7d54ddd36cff480,-87,,3,64,,3
17:06:08,,3,6076c638a51aefc2b7ae257ad7ec4fd68eb22a282bd9cb8ee697f0d58c05eda6,-74,,3,64,,3
17:06:08,,3,934fdad5af4b2942be71c48cfa827fb508a30fe797d2f5366a86eb5ae476ade2,-81,,3,64,,3
17:06:09,,3,e8b6f0f7e4113d43df7267a0a191e120a807e352057af7f9a04fa833b39dfb48,-68,,3,64,,3
17:06:10,26.0,3,63d163820f46c36e87550056743692f6bf0fa2e41cd51927e326f204402edfc3,-83,,3,64,,3
17:06:11,26.0,3,1e6de363e843323af6ed27f258853c46283c96ca88402e1ca9ccdd04c120c81d,-85,,3,64,,3
17:06:12,,3,712f7f9dca94922d02c8c98fe9981a73dec0ddb1e3d3eefbedcd377279709835,-85,,3,64,,3
17:06:12,26.0,3,63d163820f46c36e87550056743692f6bf0fa2e41cd51927e326f204402edfc3,-86,,3,64,,3
17:06:13,26.0,3,007254e9d0b4b2898ca6c3fc86b26f1ce7d5cf83bd7bc2546acbcec44f21f480,-94,,3,64,,3
17:06:14,,3,712f7f9dca94922d02c8c98fe9981a73dec0ddb1e3d3eefbedcd377279709835,-85,,3,64,,3
17:06:15,,3,934fdad5af4b2942be71c48cfa827fb508a30fe797d2f5366a86eb5ae476ade2,-78,,3,64,,3
17:06:16,26.0,3,cb809380167d283aa005130de7df18556fc4dcdae441bc34e7b291cb76c85e77,-89,,3,64,,3
17:06:16,26.0,3,1e6de363e843323af6ed27f258853c46283c96ca88402e1ca9ccdd04c120c81d,-87,,3,64,,3
17:06:17,26.0,3,1e6de363e843323af6ed27f258853c46283c96ca88402e1ca9ccdd04c120c81d,-87,,3,64,,3
17:06:18,26.0,3,f61b747fc8864066813c4408220398543ae28d3019b19f2eb7d54ddd36cff480,-84,,3,64,,3
17:06:19,,3,712f7f9dca94922d02c8c98fe9981a73dec0ddb1e3d3eefbedcd377279709835,-84,,3,64,,3
17:06:20,,3,934fdad5af4b2942be71c48cfa827fb508a30fe797d2f5366a86eb5ae476ade2,-85,,3,64,,3
17:06:20,,3,e8b6f0f7e4113d43df7267a0a191e120a807e352057af7f9a04fa833b39dfb48,-63,,3,64,,3
17:06:21,6.0,3,ffe809e617f779eee0b136974bcac1c5f977286be7f23872795d1f3d5c0521a4,-92,,3,64,,3
17:06:22,,3,83d89d7f5f322cfd8c10441b81b571cb6d13b4ee9c607d500630a14792991852,-93,,3,64,,3
17:06:23,26.0,3,007254e9d0b4b2898ca6c3fc86b26f1ce7d5cf83bd7bc2546acbcec44f21f480,-77,,3,64,,3
17:06:24,26.0,3,8c22414fb5d508862ae8f8f5f300d4e4dd8c0eea946621f576aee9baffcd90b9,-90,,3,64,,3
17:06:25,26.0,3,96102c91df440652aa031fe83d239338a03affe7375ac2d215287dc109c752f7,-91,,3,64,,3
17:06:25,,3,934fdad5af4b2942be71c48cfa827fb508a30fe797d2f5366a86eb5ae476ade2,-83,,3,64,,3
17:06:26,,3,e8b6f0f7e4113d43df7267a0a191e120a807e352057af7f9a04fa833b39dfb48,-62,,3,64,,3
17:06:27,26.0,3,6f0f59a08f7130ff741d44b8ee69925c9b42fdedfe6a64532eab075d5476ce07,-88,,3,64,12.0,3
17:06:28,6.0,3,ab3731ee1ecb83a2c9cfb692f3ef6b888dca2e6d5cc4c3ac0155a2303366beed,-90,Cb30,3,64,,3
17:06:29,26.0,3,cb809380167d283aa005130de7df18556fc4dcdae441bc34e7b291cb76c85e77,-98,,3,64,,3
17:06:29,,3,6076c638a51aefc2b7ae257ad7ec4fd68eb22a282bd9cb8ee697f0d58c05eda6,-67,,3,64,,3
17:06:30,26.0,3,96102c91df440652aa031fe83d239338a03affe7375ac2d215287dc109c752f7,-80,,3,64,,3
17:06:31,,3,712f7f9dca94922d02c8c98fe9981a73dec0ddb1e3d3eefbedcd377279709835,-81,,3,64,,3
17:06:32,26.0,3,5e339ef5bedf6d987ecd4f87b3181f124e73bd4748fc711d6369e6a00d401746,-86,,3,64,12.0,3
17:06:33,6.0,3,ffe809e617f779eee0b136974bcac1c5f977286be7f23872795d1f3d5c0521a4,-89,,3,64,,3
17:06:33,,3,6076c638a51aefc2b7ae257ad7ec4fd68eb22a282bd9cb8ee697f0d58c05eda6,-71,,3,64,,3
17:06:34,,3,6076c638a51aefc2b7ae257ad7ec4fd68eb22a282bd9cb8ee697f0d58c05eda6,-66,,3,64,,3
17:06:35,,3,6076c638a51aefc2b7ae257ad7ec4fd68eb22a282bd9cb8ee697f0d58c05eda6,-71,,3,64,,3
17:06:36,,3,934fdad5af4b2942be71c48cfa827fb508a30fe797d2f5366a86eb5ae476ade2,-87,,3,64,,3
17:06:37,26.0,3,ceab7aeebdcc5ffa90478fce487901d40e1a019801cbb4c4aa2fae40827668fe,-84,,3,64,7.0,3
17:06:37,26.0,3,5c0f482825755fd5fa4cd8fcf2ba01feefe810f80307d8a57adeed9d6408aa2a,-86,,3,64,,3
