Time,adv_flag,def_tx_pwr,mac,rssi,name,scan_tx_pwr,conn_tx_pwr,tx_range,adv_tx_pwr
12:56:18,26.0,0,2b78414f7405f7960393ab64a2ae3f16560477a9a45c78924651a896dd5d35f9,-80,,0,0,7.0,0
12:56:18,,0,964f13c8899a40850ac31d63f62e110ea2f5cc3fc70062d47cc14c9c414a212b,-78,,0,0,,0
12:56:19,26.0,0,2b78414f7405f7960393ab64a2ae3f16560477a9a45c78924651a896dd5d35f9,-88,,0,0,7.0,0
12:56:20,26.0,0,2b78414f7405f7960393ab64a2ae3f16560477a9a45c78924651a896dd5d35f9,-85,,0,0,7.0,0
12:56:21,26.0,0,2b78414f7405f7960393ab64a2ae3f16560477a9a45c78924651a896dd5d35f9,-84,,0,0,7.0,0
12:56:22,26.0,0,2b78414f7405f7960393ab64a2ae3f16560477a9a45c78924651a896dd5d35f9,-81,,0,0,7.0,0
12:56:22,26.0,0,417082b0ed5000822d1e324d26274fdfe41fa864a8723bf2080bf02fad1c23d5,-89,,0,0,12.0,0
12:56:23,26.0,0,2b78414f7405f7960393ab64a2ae3f16560477a9a45c78924651a896dd5d35f9,-86,,0,0,7.0,0
12:56:24,26.0,0,2b78414f7405f7960393ab64a2ae3f16560477a9a45c78924651a896dd5d35f9,-86,,0,0,7.0,0
12:56:25,26.0,0,2b78414f7405f7960393ab64a2ae3f16560477a9a45c78924651a896dd5d35f9,-86,,0,0,7.0,0
12:56:25,26.0,0,2b78414f7405f7960393ab64a2ae3f16560477a9a45c78924651a896dd5d35f9,-82,,0,0,7.0,0
12:56:26,,0,c8992fbaf89395c605288d65162ef29b16e60c71788e159dfbdfb1d784e50488,-85,,0,0,,0
12:56:27,26.0,0,2b78414f7405f7960393ab64a2ae3f16560477a9a45c78924651a896dd5d35f9,-82,,0,0,7.0,0
12:56:28,26.0,0,2b78414f7405f7960393ab64a2ae3f16560477a9a45c78924651a896dd5d35f9,-85,,0,0,7.0,0
12:56:29,26.0,0,2b78414f7405f7960393ab64a2ae3f16560477a9a45c78924651a896dd5d35f9,-82,,0,0,7.0,0
12:56:29,26.0,0,2b78414f7405f7960393ab64a2ae3f16560477a9a45c78924651a896dd5d35f9,-83,,0,0,7.0,0
12:56:30,,0,c8992fbaf89395c605288d65162ef29b16e60c71788e159dfbdfb1d784e50488,-88,,0,0,,0
12:56:31,26.0,0,417082b0ed5000822d1e324d26274fdfe41fa864a8723bf2080bf02fad1c23d5,-86,,0,0,12.0,0
12:56:32,26.0,0,2b78414f7405f7960393ab64a2ae3f16560477a9a45c78924651a896dd5d35f9,-85,,0,0,7.0,0
12:56:32,26.0,0,2b78414f7405f7960393ab64a2ae3f16560477a9a45c78924651a896dd5d35f9,-86,,0,0,7.0,0
12:56:33,26.0,0,2b78414f7405f7960393ab64a2ae3f16560477a9a45c78924651a896dd5d35f9,-87,,0,0,7.0,0
12:56:34,26.0,0,2b78414f7405f7960393ab64a2ae3f16560477a9a45c78924651a896dd5d35f9,-84,,0,0,7.0,0
12:56:35,26.0,0,2b78414f7405f7960393ab64a2ae3f16560477a9a45c78924651a896dd5d35f9,-83,,0,0,7.0,0
12:56:36,,0,964f13c8899a40850ac31d63f62e110ea2f5cc3fc70062d47cc14c9c414a212b,-83,,0,0,,0
12:56:36,,0,c8992fbaf89395c605288d65162ef29b16e60c71788e159dfbdfb1d784e50488,-86,,0,0,,0
12:56:37,26.0,0,2b78414f7405f7960393ab64a2ae3f16560477a9a45c78924651a896dd5d35f9,-85,,0,0,7.0,0
12:56:38,26.0,0,2b78414f7405f7960393ab64a2ae3f16560477a9a45c78924651a896dd5d35f9,-84,,0,0,7.0,0
12:56:39,26.0,0,2b78414f7405f7960393ab64a2ae3f16560477a9a45c78924651a896dd5d35f9,-83,,0,0,7.0,0
12:56:39,,0,964f13c8899a40850ac31d63f62e110ea2f5cc3fc70062d47cc14c9c414a212b,-89,,0,0,,0
12:56:40,26.0,0,2b78414f7405f7960393ab64a2ae3f16560477a9a45c78924651a896dd5d35f9,-84,,0,0,7.0,0
12:56:41,,0,c8992fbaf89395c605288d65162ef29b16e60c71788e159dfbdfb1d784e50488,-82,,0,0,,0
12:56:42,26.0,0,2b78414f7405f7960393ab64a2ae3f16560477a9a45c78924651a896dd5d35f9,-81,,0,0,7.0,0
12:56:43,,0,964f13c8899a40850ac31d63f62e110ea2f5cc3fc70062d47cc14c9c414a212b,-82,,0,0,,0
12:56:43,26.0,0,2b78414f7405f7960393ab64a2ae3f16560477a9a45c78924651a896dd5d35f9,-96,,0,0,7.0,0
12:56:44,26.0,0,2b78414f7405f7960393ab64a2ae3f16560477a9a45c78924651a896dd5d35f9,-91,,0,0,7.0,0
12:56:45,26.0,0,2b78414f7405f7960393ab64a2ae3f16560477a9a45c78924651a896dd5d35f9,-81,,0,0,7.0,0
12:56:46,,0,964f13c8899a40850ac31d63f62e110ea2f5cc3fc70062d47cc14c9c414a212b,-79,,0,0,,0
12:56:47,26.0,0,417082b0ed5000822d1e324d26274fdfe41fa864a8723bf2080bf02fad1c23d5,-90,,0,0,12.0,0
12:56:47,26.0,0,2b78414f7405f7960393ab64a2ae3f16560477a9a45c78924651a896dd5d35f9,-88,,0,0,7.0,0
12:56:48,,0,ed1822249b1dce2d535e61a70d19956319d04f0c08b54feb3e72035903860710,-75,,0,0,,0
12:56:49,26.0,0,2b78414f7405f7960393ab64a2ae3f16560477a9a45c78924651a896dd5d35f9,-82,,0,0,7.0,0
12:56:50,,0,964f13c8899a40850ac31d63f62e110ea2f5cc3fc70062d47cc14c9c414a212b,-83,,0,0,,0
12:56:50,,0,ed1822249b1dce2d535e61a70d19956319d04f0c08b54feb3e72035903860710,-75,,0,0,,0
12:56:51,26.0,0,2b78414f7405f7960393ab64a2ae3f16560477a9a45c78924651a896dd5d35f9,-87,,0,0,7.0,0
12:56:52,26.0,0,2b78414f7405f7960393ab64a2ae3f16560477a9a45c78924651a896dd5d35f9,-85,,0,0,7.0,0
12:56:53,,0,964f13c8899a40850ac31d63f62e110ea2f5cc3fc70062d47cc14c9c414a212b,-82,,0,0,,0
12:56:54,,0,ed1822249b1dce2d535e61a70d19956319d04f0c08b54feb3e72035903860710,-71,,0,0,,0
12:56:54,26.0,0,2b78414f7405f7960393ab64a2ae3f16560477a9a45c78924651a896dd5d35f9,-84,,0,0,7.0,0
12:56:55,,0,c8992fbaf89395c605288d65162ef29b16e60c71788e159dfbdfb1d784e50488,-94,,0,0,,0
12:56:56,26.0,0,2b78414f7405f7960393ab64a2ae3f16560477a9a45c78924651a896dd5d35f9,-85,,0,0,7.0,0
12:56:57,,0,964f13c8899a40850ac31d63f62e110ea2f5cc3fc70062d47cc14c9c414a212b,-95,,0,0,,0
12:56:57,26.0,0,2b78414f7405f7960393ab64a2ae3f16560477a9a45c78924651a896dd5d35f9,-83,,0,0,7.0,0
12:56:58,26.0,0,2b78414f7405f7960393ab64a2ae3f16560477a9a45c78924651a896dd5d35f9,-85,,0,0,7.0,0
12:56:59,26.0,0,2b78414f7405f7960393ab64a2ae3f16560477a9a45c78924651a896dd5d35f9,-84,,0,0,7.0,0
12:57:00,,0,ed1822249b1dce2d535e61a70d19956319d04f0c08b54feb3e72035903860710,-70,,0,0,,0
12:57:01,26.0,0,2b78414f7405f7960393ab64a2ae3f16560477a9a45c78924651a896dd5d35f9,-84,,0,0,7.0,0
12:57:01,26.0,0,2b78414f7405f7960393ab64a2ae3f16560477a9a45c78924651a896dd5d35f9,-86,,0,0,7.0,0
12:57:02,26.0,0,2b78414f7405f7960393ab64a2ae3f16560477a9a45c78924651a896dd5d35f9,-83,,0,0,7.0,0
12:57:03,26.0,0,2b78414f7405f7960393ab64a2ae3f16560477a9a45c78924651a896dd5d35f9,-91,,0,0,7.0,0
12:57:04,,0,ed1822249b1dce2d535e61a70d19956319d04f0c08b54feb3e72035903860710,-73,,0,0,,0
12:57:04,26.0,0,2b78414f7405f7960393ab64a2ae3f16560477a9a45c78924651a896dd5d35f9,-82,,0,0,7.0,0
12:57:05,26.0,0,2b78414f7405f7960393ab64a2ae3f16560477a9a45c78924651a896dd5d35f9,-84,,0,0,7.0,0
12:57:06,26.0,0,2b78414f7405f7960393ab64a2ae3f16560477a9a45c78924651a896dd5d35f9,-86,,0,0,7.0,0
12:57:07,26.0,0,2b78414f7405f7960393ab64a2ae3f16560477a9a45c78924651a896dd5d35f9,-82,,0,0,7.0,0
12:57:08,,0,ed1822249b1dce2d535e61a70d19956319d04f0c08b54feb3e72035903860710,-74,,0,0,,0
12:57:08,,0,964f13c8899a40850ac31d63f62e110ea2f5cc3fc70062d47cc14c9c414a212b,-85,,0,0,,0
12:57:09,26.0,0,2b78414f7405f7960393ab64a2ae3f16560477a9a45c78924651a896dd5d35f9,-85,,0,0,7.0,0
12:57:10,26.0,0,2b78414f7405f7960393ab64a2ae3f16560477a9a45c78924651a896dd5d35f9,-82,,0,0,7.0,0
12:57:11,26.0,0,417082b0ed5000822d1e324d26274fdfe41fa864a8723bf2080bf02fad1c23d5,-85,,0,0,12.0,0
12:57:12,,0,ed1822249b1dce2d535e61a70d19956319d04f0c08b54feb3e72035903860710,-72,,0,0,,0
12:57:12,26.0,0,2b78414f7405f7960393ab64a2ae3f16560477a9a45c78924651a896dd5d35f9,-83,,0,0,7.0,0
12:57:13,,0,c8992fbaf89395c605288d65162ef29b16e60c71788e159dfbdfb1d784e50488,-84,,0,0,,0
12:57:14,26.0,0,2b78414f7405f7960393ab64a2ae3f16560477a9a45c78924651a896dd5d35f9,-80,,0,0,7.0,0
12:57:15,,0,964f13c8899a40850ac31d63f62e110ea2f5cc3fc70062d47cc14c9c414a212b,-78,,0,0,,0
12:57:15,26.0,0,417082b0ed5000822d1e324d26274fdfe41fa864a8723bf2080bf02fad1c23d5,-86,,0,0,12.0,0
12:57:16,,0,964f13c8899a40850ac31d63f62e110ea2f5cc3fc70062d47cc14c9c414a212b,-79,,0,0,,0
12:57:17,,0,441014a35b0feefbb5093b635b6ffb41af4d7aba3a8b2a73532b0dd15904697c,-88,,0,0,,0
12:57:18,,0,ed1822249b1dce2d535e61a70d19956319d04f0c08b54feb3e72035903860710,-71,,0,0,,0
12:57:19,26.0,0,2b78414f7405f7960393ab64a2ae3f16560477a9a45c78924651a896dd5d35f9,-81,,0,0,7.0,0
12:57:19,26.0,0,2b78414f7405f7960393ab64a2ae3f16560477a9a45c78924651a896dd5d35f9,-86,,0,0,7.0,0
12:57:20,26.0,0,2b78414f7405f7960393ab64a2ae3f16560477a9a45c78924651a896dd5d35f9,-84,,0,0,7.0,0
12:57:21,26.0,0,2b78414f7405f7960393ab64a2ae3f16560477a9a45c78924651a896dd5d35f9,-82,,0,0,7.0,0
12:57:22,,0,ed1822249b1dce2d535e61a70d19956319d04f0c08b54feb3e72035903860710,-73,,0,0,,0
12:57:22,26.0,0,417082b0ed5000822d1e324d26274fdfe41fa864a8723bf2080bf02fad1c23d5,-85,,0,0,12.0,0
12:57:23,26.0,0,2b78414f7405f7960393ab64a2ae3f16560477a9a45c78924651a896dd5d35f9,-89,,0,0,7.0,0
12:57:24,26.0,0,417082b0ed5000822d1e324d26274fdfe41fa864a8723bf2080bf02fad1c23d5,-86,,0,0,12.0,0
12:57:25,,0,c8992fbaf89395c605288d65162ef29b16e60c71788e159dfbdfb1d784e50488,-80,,0,0,,0
12:57:26,26.0,0,2b78414f7405f7960393ab64a2ae3f16560477a9a45c78924651a896dd5d35f9,-81,,0,0,7.0,0
12:57:26,26.0,0,2b78414f7405f7960393ab64a2ae3f16560477a9a45c78924651a896dd5d35f9,-86,,0,0,7.0,0
12:57:27,26.0,0,2b78414f7405f7960393ab64a2ae3f16560477a9a45c78924651a896dd5d35f9,-82,,0,0,7.0,0
12:57:28,,0,964f13c8899a40850ac31d63f62e110ea2f5cc3fc70062d47cc14c9c414a212b,-91,,0,0,,0
12:57:29,26.0,0,2b78414f7405f7960393ab64a2ae3f16560477a9a45c78924651a896dd5d35f9,-82,,0,0,7.0,0
12:57:29,,0,ed1822249b1dce2d535e61a70d19956319d04f0c08b54feb3e72035903860710,-71,,0,0,,0
12:57:30,26.0,0,2b78414f7405f7960393ab64a2ae3f16560477a9a45c78924651a896dd5d35f9,-87,,0,0,7.0,0
12:57:31,26.0,0,2b78414f7405f7960393ab64a2ae3f16560477a9a45c78924651a896dd5d35f9,-84,,0,0,7.0,0
12:57:32,26.0,0,2b78414f7405f7960393ab64a2ae3f16560477a9a45c78924651a896dd5d35f9,-87,,0,0,7.0,0
12:57:33,26.0,0,2b78414f7405f7960393ab64a2ae3f16560477a9a45c78924651a896dd5d35f9,-81,,0,0,7.0,0
12:57:33,,0,c8992fbaf89395c605288d65162ef29b16e60c71788e159dfbdfb1d784e50488,-86,,0,0,,0
12:57:34,26.0,0,2b78414f7405f7960393ab64a2ae3f16560477a9a45c78924651a896dd5d35f9,-81,,0,0,7.0,0
12:57:35,,0,441014a35b0feefbb5093b635b6ffb41af4d7aba3a8b2a73532b0dd15904697c,-84,,0,0,,0
12:57:36,,0,ed1822249b1dce2d535e61a70d19956319d04f0c08b54feb3e72035903860710,-73,,0,0,,0
12:57:37,26.0,0,2b78414f7405f7960393ab64a2ae3f16560477a9a45c78924651a896dd5d35f9,-86,,0,0,7.0,0
12:57:37,,0,ed1822249b1dce2d535e61a70d19956319d04f0c08b54feb3e72035903860710,-77,,0,0,,0
12:57:38,26.0,0,2b78414f7405f7960393ab64a2ae3f16560477a9a45c78924651a896dd5d35f9,-80,,0,0,7.0,0
12:57:39,,0,ed1822249b1dce2d535e61a70d19956319d04f0c08b54feb3e72035903860710,-76,,0,0,,0
12:57:40,26.0,0,2b78414f7405f7960393ab64a2ae3f16560477a9a45c78924651a896dd5d35f9,-85,,0,0,7.0,0
12:57:40,,0,441014a35b0feefbb5093b635b6ffb41af4d7aba3a8b2a73532b0dd15904697c,-86,,0,0,,0
12:57:41,,0,c8992fbaf89395c605288d65162ef29b16e60c71788e159dfbdfb1d784e50488,-82,,0,0,,0
12:57:42,26.0,0,2b78414f7405f7960393ab64a2ae3f16560477a9a45c78924651a896dd5d35f9,-88,,0,0,7.0,0
12:57:43,26.0,0,2b78414f7405f7960393ab64a2ae3f16560477a9a45c78924651a896dd5d35f9,-81,,0,0,7.0,0
12:57:44,,0,ed1822249b1dce2d535e61a70d19956319d04f0c08b54feb3e72035903860710,-81,,0,0,,0
12:57:44,26.0,0,2b78414f7405f7960393ab64a2ae3f16560477a9a45c78924651a896dd5d35f9,-81,,0,0,7.0,0
12:57:45,26.0,0,2b78414f7405f7960393ab64a2ae3f16560477a9a45c78924651a896dd5d35f9,-90,,0,0,7.0,0
12:57:46,26.0,0,d8b0b5a33af1327282a9c553036c918f2992b86324f17712bdf6e7786fecd7f6,-84,,0,0,12.0,0
12:57:47,26.0,0,2b78414f7405f7960393ab64a2ae3f16560477a9a45c78924651a896dd5d35f9,-81,,0,0,7.0,0
12:57:48,,0,c8992fbaf89395c605288d65162ef29b16e60c71788e159dfbdfb1d784e50488,-80,,0,0,,0
12:57:48,26.0,0,2b78414f7405f7960393ab64a2ae3f16560477a9a45c78924651a896dd5d35f9,-82,,0,0,7.0,0
12:57:49,26.0,0,d8b0b5a33af1327282a9c553036c918f2992b86324f17712bdf6e7786fecd7f6,-83,,0,0,12.0,0
12:57:50,26.0,0,2b78414f7405f7960393ab64a2ae3f16560477a9a45c78924651a896dd5d35f9,-81,,0,0,7.0,0
12:57:51,,0,964f13c8899a40850ac31d63f62e110ea2f5cc3fc70062d47cc14c9c414a212b,-81,,0,0,,0
12:57:51,,0,c8992fbaf89395c605288d65162ef29b16e60c71788e159dfbdfb1d784e50488,-87,,0,0,,0
12:57:52,26.0,0,2b78414f7405f7960393ab64a2ae3f16560477a9a45c78924651a896dd5d35f9,-88,,0,0,7.0,0
12:57:53,,0,964f13c8899a40850ac31d63f62e110ea2f5cc3fc70062d47cc14c9c414a212b,-78,,0,0,,0
12:57:54,26.0,0,2b78414f7405f7960393ab64a2ae3f16560477a9a45c78924651a896dd5d35f9,-84,,0,0,7.0,0
12:57:55,26.0,0,d8b0b5a33af1327282a9c553036c918f2992b86324f17712bdf6e7786fecd7f6,-82,,0,0,12.0,0
12:57:55,,0,c8992fbaf89395c605288d65162ef29b16e60c71788e159dfbdfb1d784e50488,-87,,0,0,,0
12:57:56,26.0,0,2b78414f7405f7960393ab64a2ae3f16560477a9a45c78924651a896dd5d35f9,-85,,0,0,7.0,0
12:57:57,26.0,0,2b78414f7405f7960393ab64a2ae3f16560477a9a45c78924651a896dd5d35f9,-80,,0,0,7.0,0
12:57:58,26.0,0,2b78414f7405f7960393ab64a2ae3f16560477a9a45c78924651a896dd5d35f9,-84,,0,0,7.0,0
12:57:58,26.0,0,2b78414f7405f7960393ab64a2ae3f16560477a9a45c78924651a896dd5d35f9,-86,,0,0,7.0,0
12:57:59,26.0,0,d8b0b5a33af1327282a9c553036c918f2992b86324f17712bdf6e7786fecd7f6,-89,,0,0,12.0,0
12:58:00,26.0,0,d8b0b5a33af1327282a9c553036c918f2992b86324f17712bdf6e7786fecd7f6,-88,,0,0,12.0,0
12:58:01,26.0,0,d8b0b5a33af1327282a9c553036c918f2992b86324f17712bdf6e7786fecd7f6,-84,,0,0,12.0,0
12:58:02,26.0,0,d8b0b5a33af1327282a9c553036c918f2992b86324f17712bdf6e7786fecd7f6,-88,,0,0,12.0,0
12:58:02,26.0,0,2b78414f7405f7960393ab64a2ae3f16560477a9a45c78924651a896dd5d35f9,-88,,0,0,7.0,0
12:58:03,,0,c8992fbaf89395c605288d65162ef29b16e60c71788e159dfbdfb1d784e50488,-80,,0,0,,0
12:58:04,26.0,0,2b78414f7405f7960393ab64a2ae3f16560477a9a45c78924651a896dd5d35f9,-90,,0,0,7.0,0
12:58:05,26.0,0,2b78414f7405f7960393ab64a2ae3f16560477a9a45c78924651a896dd5d35f9,-80,,0,0,7.0,0
12:58:05,,0,c8992fbaf89395c605288d65162ef29b16e60c71788e159dfbdfb1d784e50488,-88,,0,0,,0
12:58:06,26.0,0,d8b0b5a33af1327282a9c553036c918f2992b86324f17712bdf6e7786fecd7f6,-82,,0,0,12.0,0
12:58:07,,0,964f13c8899a40850ac31d63f62e110ea2f5cc3fc70062d47cc14c9c414a212b,-84,,0,0,,0
12:58:08,26.0,0,d8b0b5a33af1327282a9c553036c918f2992b86324f17712bdf6e7786fecd7f6,-84,,0,0,12.0,0
12:58:09,,0,964f13c8899a40850ac31d63f62e110ea2f5cc3fc70062d47cc14c9c414a212b,-87,,0,0,,0
12:58:09,,0,c8992fbaf89395c605288d65162ef29b16e60c71788e159dfbdfb1d784e50488,-82,,0,0,,0
12:58:10,26.0,0,d8b0b5a33af1327282a9c553036c918f2992b86324f17712bdf6e7786fecd7f6,-90,,0,0,12.0,0
12:58:11,26.0,0,2b78414f7405f7960393ab64a2ae3f16560477a9a45c78924651a896dd5d35f9,-87,,0,0,7.0,0
12:58:12,26.0,0,2b78414f7405f7960393ab64a2ae3f16560477a9a45c78924651a896dd5d35f9,-83,,0,0,7.0,0
12:58:12,26.0,0,d8b0b5a33af1327282a9c553036c918f2992b86324f17712bdf6e7786fecd7f6,-82,,0,0,12.0,0
12:58:13,26.0,0,2b78414f7405f7960393ab64a2ae3f16560477a9a45c78924651a896dd5d35f9,-80,,0,0,7.0,0
12:58:14,26.0,0,d8b0b5a33af1327282a9c553036c918f2992b86324f17712bdf6e7786fecd7f6,-82,,0,0,12.0,0
12:58:15,,0,441014a35b0feefbb5093b635b6ffb41af4d7aba3a8b2a73532b0dd15904697c,-82,,0,0,,0
12:58:16,,0,ed1822249b1dce2d535e61a70d19956319d04f0c08b54feb3e72035903860710,-72,,0,0,,0
12:58:16,26.0,0,d8b0b5a33af1327282a9c553036c918f2992b86324f17712bdf6e7786fecd7f6,-81,,0,0,12.0,0
12:58:17,,0,ed1822249b1dce2d535e61a70d19956319d04f0c08b54feb3e72035903860710,-81,,0,0,,0
12:58:18,26.0,0,2b78414f7405f7960393ab64a2ae3f16560477a9a45c78924651a896dd5d35f9,-82,,0,0,7.0,0
12:58:19,26.0,0,2b78414f7405f7960393ab64a2ae3f16560477a9a45c78924651a896dd5d35f9,-90,,0,0,7.0,0
12:58:20,26.0,0,d8b0b5a33af1327282a9c553036c918f2992b86324f17712bdf6e7786fecd7f6,-83,,0,0,12.0,0
12:58:20,26.0,0,d8b0b5a33af1327282a9c553036c918f2992b86324f17712bdf6e7786fecd7f6,-83,,0,0,12.0,0
12:58:21,26.0,0,2b78414f7405f7960393ab64a2ae3f16560477a9a45c78924651a896dd5d35f9,-83,,0,0,7.0,0
12:58:22,26.0,0,d8b0b5a33af1327282a9c553036c918f2992b86324f17712bdf6e7786fecd7f6,-82,,0,0,12.0,0
12:58:23,26.0,0,d8b0b5a33af1327282a9c553036c918f2992b86324f17712bdf6e7786fecd7f6,-81,,0,0,12.0,0
12:58:23,,0,c8992fbaf89395c605288d65162ef29b16e60c71788e159dfbdfb1d784e50488,-84,,0,0,,0
12:58:24,26.0,0,d8b0b5a33af1327282a9c553036c918f2992b86324f17712bdf6e7786fecd7f6,-82,,0,0,12.0,0
12:58:25,,0,964f13c8899a40850ac31d63f62e110ea2f5cc3fc70062d47cc14c9c414a212b,-81,,0,0,,0
12:58:26,,0,ed1822249b1dce2d535e61a70d19956319d04f0c08b54feb3e72035903860710,-75,,0,0,,0
12:58:27,26.0,0,2b78414f7405f7960393ab64a2ae3f16560477a9a45c78924651a896dd5d35f9,-84,,0,0,7.0,0
12:58:27,,0,c8992fbaf89395c605288d65162ef29b16e60c71788e159dfbdfb1d784e50488,-91,,0,0,,0
12:58:28,26.0,0,2b78414f7405f7960393ab64a2ae3f16560477a9a45c78924651a896dd5d35f9,-83,,0,0,7.0,0
12:58:29,,0,964f13c8899a40850ac31d63f62e110ea2f5cc3fc70062d47cc14c9c414a212b,-82,,0,0,,0
12:58:30,,0,ed1822249b1dce2d535e61a70d19956319d04f0c08b54feb3e72035903860710,-75,,0,0,,0
12:58:30,26.0,0,2b78414f7405f7960393ab64a2ae3f16560477a9a45c78924651a896dd5d35f9,-86,,0,0,7.0,0
12:58:31,26.0,0,2b78414f7405f7960393ab64a2ae3f16560477a9a45c78924651a896dd5d35f9,-82,,0,0,7.0,0
12:58:32,26.0,0,2b78414f7405f7960393ab64a2ae3f16560477a9a45c78924651a896dd5d35f9,-87,,0,0,7.0,0
12:58:33,,0,964f13c8899a40850ac31d63f62e110ea2f5cc3fc70062d47cc14c9c414a212b,-81,,0,0,,0
12:58:34,26.0,0,2b78414f7405f7960393ab64a2ae3f16560477a9a45c78924651a896dd5d35f9,-85,,0,0,7.0,0
12:58:34,26.0,0,d8b0b5a33af1327282a9c553036c918f2992b86324f17712bdf6e7786fecd7f6,-81,,0,0,12.0,0
12:58:35,,0,441014a35b0feefbb5093b635b6ffb41af4d7aba3a8b2a73532b0dd15904697c,-81,,0,0,,0
12:58:36,26.0,0,d8b0b5a33af1327282a9c553036c918f2992b86324f17712bdf6e7786fecd7f6,-82,,0,0,12.0,0
12:58:37,26.0,0,2b78414f7405f7960393ab64a2ae3f16560477a9a45c78924651a896dd5d35f9,-85,,0,0,7.0,0
12:58:38,26.0,0,2b78414f7405f7960393ab64a2ae3f16560477a9a45c78924651a896dd5d35f9,-90,,0,0,7.0,0
12:58:38,26.0,0,2b78414f7405f7960393ab64a2ae3f16560477a9a45c78924651a896dd5d35f9,-87,,0,0,7.0,0
12:58:39,26.0,0,2b78414f7405f7960393ab64a2ae3f16560477a9a45c78924651a896dd5d35f9,-83,,0,0,7.0,0
12:58:40,26.0,0,2b78414f7405f7960393ab64a2ae3f16560477a9a45c78924651a896dd5d35f9,-81,,0,0,7.0,0
12:58:41,,0,c8992fbaf89395c605288d65162ef29b16e60c71788e159dfbdfb1d784e50488,-84,,0,0,,0
12:58:41,26.0,0,2b78414f7405f7960393ab64a2ae3f16560477a9a45c78924651a896dd5d35f9,-86,,0,0,7.0,0
12:58:42,26.0,0,2b78414f7405f7960393ab64a2ae3f16560477a9a45c78924651a896dd5d35f9,-90,,0,0,7.0,0
12:58:43,26.0,0,2b78414f7405f7960393ab64a2ae3f16560477a9a45c78924651a896dd5d35f9,-82,,0,0,7.0,0
12:58:44,,0,ed1822249b1dce2d535e61a70d19956319d04f0c08b54feb3e72035903860710,-72,,0,0,,0
12:58:45,26.0,0,2b78414f7405f7960393ab64a2ae3f16560477a9a45c78924651a896dd5d35f9,-86,,0,0,7.0,0
12:58:45,,0,c8992fbaf89395c605288d65162ef29b16e60c71788e159dfbdfb1d784e50488,-82,,0,0,,0
12:58:46,26.0,0,2b78414f7405f7960393ab64a2ae3f16560477a9a45c78924651a896dd5d35f9,-84,,0,0,7.0,0
12:58:47,26.0,0,2b78414f7405f7960393ab64a2ae3f16560477a9a45c78924651a896dd5d35f9,-86,,0,0,7.0,0
12:58:48,,0,ed1822249b1dce2d535e61a70d19956319d04f0c08b54feb3e72035903860710,-69,,0,0,,0
12:58:48,26.0,0,2b78414f7405f7960393ab64a2ae3f16560477a9a45c78924651a896dd5d35f9,-86,,0,0,7.0,0
12:58:49,,0,c8992fbaf89395c605288d65162ef29b16e60c71788e159dfbdfb1d784e50488,-90,,0,0,,0
12:58:50,26.0,0,417082b0ed5000822d1e324d26274fdfe41fa864a8723bf2080bf02fad1c23d5,-88,,0,0,12.0,0
12:58:51,,0,964f13c8899a40850ac31d63f62e110ea2f5cc3fc70062d47cc14c9c414a212b,-84,,0,0,,0
12:58:52,,0,c8992fbaf89395c605288d65162ef29b16e60c71788e159dfbdfb1d784e50488,-87,,0,0,,0
12:58:52,26.0,0,2b78414f7405f7960393ab64a2ae3f16560477a9a45c78924651a896dd5d35f9,-81,,0,0,7.0,0
12:58:53,26.0,0,2b78414f7405f7960393ab64a2ae3f16560477a9a45c78924651a896dd5d35f9,-82,,0,0,7.0,0
12:58:54,26.0,0,2b78414f7405f7960393ab64a2ae3f16560477a9a45c78924651a896dd5d35f9,-84,,0,0,7.0,0
12:58:55,,0,964f13c8899a40850ac31d63f62e110ea2f5cc3fc70062d47cc14c9c414a212b,-81,,0,0,,0
12:58:56,,0,c8992fbaf89395c605288d65162ef29b16e60c71788e159dfbdfb1d784e50488,-87,,0,0,,0
12:58:56,26.0,0,2b78414f7405f7960393ab64a2ae3f16560477a9a45c78924651a896dd5d35f9,-86,,0,0,7.0,0
12:58:57,,0,964f13c8899a40850ac31d63f62e110ea2f5cc3fc70062d47cc14c9c414a212b,-89,,0,0,,0
12:58:58,26.0,0,2b78414f7405f7960393ab64a2ae3f16560477a9a45c78924651a896dd5d35f9,-85,,0,0,7.0,0
12:58:59,26.0,0,2b78414f7405f7960393ab64a2ae3f16560477a9a45c78924651a896dd5d35f9,-80,,0,0,7.0,0
12:58:59,,0,ed1822249b1dce2d535e61a70d19956319d04f0c08b54feb3e72035903860710,-72,,0,0,,0
12:59:00,,0,441014a35b0feefbb5093b635b6ffb41af4d7aba3a8b2a73532b0dd15904697c,-82,,0,0,,0
12:59:01,,0,964f13c8899a40850ac31d63f62e110ea2f5cc3fc70062d47cc14c9c414a212b,-80,,0,0,,0
12:59:02,26.0,0,2b78414f7405f7960393ab64a2ae3f16560477a9a45c78924651a896dd5d35f9,-89,,0,0,7.0,0
12:59:03,26.0,0,2b78414f7405f7960393ab64a2ae3f16560477a9a45c78924651a896dd5d35f9,-82,,0,0,7.0,0
12:59:03,26.0,0,417082b0ed5000822d1e324d26274fdfe41fa864a8723bf2080bf02fad1c23d5,-88,,0,0,12.0,0
12:59:04,,0,441014a35b0feefbb5093b635b6ffb41af4d7aba3a8b2a73532b0dd15904697c,-86,,0,0,,0
12:59:05,26.0,0,d8b0b5a33af1327282a9c553036c918f2992b86324f17712bdf6e7786fecd7f6,-82,,0,0,12.0,0
12:59:06,26.0,0,2b78414f7405f7960393ab64a2ae3f16560477a9a45c78924651a896dd5d35f9,-84,,0,0,7.0,0
12:59:06,26.0,0,2b78414f7405f7960393ab64a2ae3f16560477a9a45c78924651a896dd5d35f9,-81,,0,0,7.0,0
12:59:07,26.0,0,d8b0b5a33af1327282a9c553036c918f2992b86324f17712bdf6e7786fecd7f6,-90,,0,0,12.0,0
12:59:08,26.0,0,2b78414f7405f7960393ab64a2ae3f16560477a9a45c78924651a896dd5d35f9,-86,,0,0,7.0,0
12:59:09,26.0,0,417082b0ed5000822d1e324d26274fdfe41fa864a8723bf2080bf02fad1c23d5,-88,,0,0,12.0,0
12:59:10,26.0,0,2b78414f7405f7960393ab64a2ae3f16560477a9a45c78924651a896dd5d35f9,-82,,0,0,7.0,0
12:59:10,,0,c8992fbaf89395c605288d65162ef29b16e60c71788e159dfbdfb1d784e50488,-92,,0,0,,0
12:59:11,26.0,0,417082b0ed5000822d1e324d26274fdfe41fa864a8723bf2080bf02fad1c23d5,-91,,0,0,12.0,0
12:59:12,26.0,0,2b78414f7405f7960393ab64a2ae3f16560477a9a45c78924651a896dd5d35f9,-84,,0,0,7.0,0
12:59:13,26.0,0,d8b0b5a33af1327282a9c553036c918f2992b86324f17712bdf6e7786fecd7f6,-87,,0,0,12.0,0
12:59:13,,0,c8992fbaf89395c605288d65162ef29b16e60c71788e159dfbdfb1d784e50488,-84,,0,0,,0
12:59:14,26.0,0,417082b0ed5000822d1e324d26274fdfe41fa864a8723bf2080bf02fad1c23d5,-88,,0,0,12.0,0
12:59:15,,0,964f13c8899a40850ac31d63f62e110ea2f5cc3fc70062d47cc14c9c414a212b,-77,,0,0,,0
12:59:16,26.0,0,417082b0ed5000822d1e324d26274fdfe41fa864a8723bf2080bf02fad1c23d5,-90,,0,0,12.0,0
12:59:17,,0,441014a35b0feefbb5093b635b6ffb41af4d7aba3a8b2a73532b0dd15904697c,-89,,0,0,,0
12:59:17,26.0,0,2b78414f7405f7960393ab64a2ae3f16560477a9a45c78924651a896dd5d35f9,-89,,0,0,7.0,0
12:59:18,,0,964f13c8899a40850ac31d63f62e110ea2f5cc3fc70062d47cc14c9c414a212b,-83,,0,0,,0
12:59:19,26.0,0,2b78414f7405f7960393ab64a2ae3f16560477a9a45c78924651a896dd5d35f9,-89,,0,0,7.0,0
12:59:20,26.0,0,2b78414f7405f7960393ab64a2ae3f16560477a9a45c78924651a896dd5d35f9,-84,,0,0,7.0,0
12:59:21,,0,441014a35b0feefbb5093b635b6ffb41af4d7aba3a8b2a73532b0dd15904697c,-95,,0,0,,0
12:59:21,26.0,0,d8b0b5a33af1327282a9c553036c918f2992b86324f17712bdf6e7786fecd7f6,-86,,0,0,12.0,0
12:59:22,26.0,0,d8b0b5a33af1327282a9c553036c918f2992b86324f17712bdf6e7786fecd7f6,-87,,0,0,12.0,0
12:59:23,,0,964f13c8899a40850ac31d63f62e110ea2f5cc3fc70062d47cc14c9c414a212b,-87,,0,0,,0
12:59:24,,0,c8992fbaf89395c605288d65162ef29b16e60c71788e159dfbdfb1d784e50488,-84,,0,0,,0
12:59:24,26.0,0,2b78414f7405f7960393ab64a2ae3f16560477a9a45c78924651a896dd5d35f9,-87,,0,0,7.0,0
12:59:25,26.0,0,417082b0ed5000822d1e324d26274fdfe41fa864a8723bf2080bf02fad1c23d5,-86,,0,0,12.0,0
12:59:26,26.0,0,2b78414f7405f7960393ab64a2ae3f16560477a9a45c78924651a896dd5d35f9,-83,,0,0,7.0,0
12:59:27,,0,441014a35b0feefbb5093b635b6ffb41af4d7aba3a8b2a73532b0dd15904697c,-85,,0,0,,0
12:59:28,,0,c8992fbaf89395c605288d65162ef29b16e60c71788e159dfbdfb1d784e50488,-92,,0,0,,0
12:59:28,26.0,0,2b78414f7405f7960393ab64a2ae3f16560477a9a45c78924651a896dd5d35f9,-89,,0,0,7.0,0
12:59:29,26.0,0,2b78414f7405f7960393ab64a2ae3f16560477a9a45c78924651a896dd5d35f9,-84,,0,0,7.0,0
12:59:30,26.0,0,d8b0b5a33af1327282a9c553036c918f2992b86324f17712bdf6e7786fecd7f6,-83,,0,0,12.0,0
12:59:31,26.0,0,2b78414f7405f7960393ab64a2ae3f16560477a9a45c78924651a896dd5d35f9,-89,,0,0,7.0,0
12:59:31,26.0,0,2b78414f7405f7960393ab64a2ae3f16560477a9a45c78924651a896dd5d35f9,-84,,0,0,7.0,0
12:59:32,26.0,0,d8b0b5a33af1327282a9c553036c918f2992b86324f17712bdf6e7786fecd7f6,-83,,0,0,12.0,0
12:59:33,26.0,0,2b78414f7405f7960393ab64a2ae3f16560477a9a45c78924651a896dd5d35f9,-81,,0,0,7.0,0
12:59:34,,0,ed1822249b1dce2d535e61a70d19956319d04f0c08b54feb3e72035903860710,-70,,0,0,,0
12:59:35,,0,441014a35b0feefbb5093b635b6ffb41af4d7aba3a8b2a73532b0dd15904697c,-86,,0,0,,0
12:59:35,26.0,0,2b78414f7405f7960393ab64a2ae3f16560477a9a45c78924651a896dd5d35f9,-81,,0,0,7.0,0
12:59:36,26.0,0,2b78414f7405f7960393ab64a2ae3f16560477a9a45c78924651a896dd5d35f9,-76,,0,0,7.0,0
12:59:37,,0,964f13c8899a40850ac31d63f62e110ea2f5cc3fc70062d47cc14c9c414a212b,-85,,0,0,,0
12:59:38,,0,ed1822249b1dce2d535e61a70d19956319d04f0c08b54feb3e72035903860710,-82,,0,0,,0
12:59:38,,0,441014a35b0feefbb5093b635b6ffb41af4d7aba3a8b2a73532b0dd15904697c,-91,,0,0,,0
13:00:37,26.0,0,2b78414f7405f7960393ab64a2ae3f16560477a9a45c78924651a896dd5d35f9,-83,,0,0,7.0,0
13:00:38,26.0,0,2b78414f7405f7960393ab64a2ae3f16560477a9a45c78924651a896dd5d35f9,-83,,0,0,7.0,0
13:00:38,,0,862659e939ee761da54abee5ce94e4f7cbca48d6afb5349dc23e80b925568134,-92,,0,0,,0
13:00:39,,0,964f13c8899a40850ac31d63f62e110ea2f5cc3fc70062d47cc14c9c414a212b,-45,,0,0,,0
13:00:40,,0,862659e939ee761da54abee5ce94e4f7cbca48d6afb5349dc23e80b925568134,-93,,0,0,,0
13:00:41,26.0,0,d8b0b5a33af1327282a9c553036c918f2992b86324f17712bdf6e7786fecd7f6,-84,,0,0,12.0,0
13:00:42,26.0,0,2b78414f7405f7960393ab64a2ae3f16560477a9a45c78924651a896dd5d35f9,-84,,0,0,7.0,0
13:00:42,26.0,0,d8b0b5a33af1327282a9c553036c918f2992b86324f17712bdf6e7786fecd7f6,-87,,0,0,12.0,0
13:00:43,26.0,0,2b78414f7405f7960393ab64a2ae3f16560477a9a45c78924651a896dd5d35f9,-82,,0,0,7.0,0
13:00:44,26.0,0,2b78414f7405f7960393ab64a2ae3f16560477a9a45c78924651a896dd5d35f9,-83,,0,0,7.0,0
13:00:45,26.0,0,d8b0b5a33af1327282a9c553036c918f2992b86324f17712bdf6e7786fecd7f6,-81,,0,0,12.0,0
13:00:45,,0,862659e939ee761da54abee5ce94e4f7cbca48d6afb5349dc23e80b925568134,-90,,0,0,,0
13:00:46,,0,862659e939ee761da54abee5ce94e4f7cbca48d6afb5349dc23e80b925568134,-87,,0,0,,0
13:00:47,,0,862659e939ee761da54abee5ce94e4f7cbca48d6afb5349dc23e80b925568134,-91,,0,0,,0
13:00:48,,0,94f9c128845d6a9dfe006c6c1d8d6d3aaf25aa344981fc0677256b1258759289,-83,,0,0,,0
13:00:49,,0,862659e939ee761da54abee5ce94e4f7cbca48d6afb5349dc23e80b925568134,-89,,0,0,,0
13:00:49,,0,8685f384ec1dee080ac0e7534284485d52a0f84389351e79ffab92774aec2382,-57,,0,0,,0
13:00:50,26.0,0,d8b0b5a33af1327282a9c553036c918f2992b86324f17712bdf6e7786fecd7f6,-88,,0,0,12.0,0
13:00:51,,0,862659e939ee761da54abee5ce94e4f7cbca48d6afb5349dc23e80b925568134,-85,,0,0,,0
13:00:52,26.0,0,2b78414f7405f7960393ab64a2ae3f16560477a9a45c78924651a896dd5d35f9,-82,,0,0,7.0,0
13:00:52,,0,862659e939ee761da54abee5ce94e4f7cbca48d6afb5349dc23e80b925568134,-86,,0,0,,0
13:00:53,26.0,0,2b78414f7405f7960393ab64a2ae3f16560477a9a45c78924651a896dd5d35f9,-83,,0,0,7.0,0
13:00:54,,0,862659e939ee761da54abee5ce94e4f7cbca48d6afb5349dc23e80b925568134,-90,,0,0,,0
13:00:55,,0,862659e939ee761da54abee5ce94e4f7cbca48d6afb5349dc23e80b925568134,-91,,0,0,,0
13:00:56,26.0,0,d8b0b5a33af1327282a9c553036c918f2992b86324f17712bdf6e7786fecd7f6,-88,,0,0,12.0,0
13:00:56,26.0,0,2b78414f7405f7960393ab64a2ae3f16560477a9a45c78924651a896dd5d35f9,-86,,0,0,7.0,0
13:00:57,,0,8685f384ec1dee080ac0e7534284485d52a0f84389351e79ffab92774aec2382,-53,,0,0,,0
13:00:58,26.0,0,2b78414f7405f7960393ab64a2ae3f16560477a9a45c78924651a896dd5d35f9,-89,,0,0,7.0,0
13:00:59,26.0,0,2b78414f7405f7960393ab64a2ae3f16560477a9a45c78924651a896dd5d35f9,-87,,0,0,7.0,0
13:00:59,,0,94f9c128845d6a9dfe006c6c1d8d6d3aaf25aa344981fc0677256b1258759289,-90,,0,0,,0
13:01:00,26.0,0,2b78414f7405f7960393ab64a2ae3f16560477a9a45c78924651a896dd5d35f9,-91,,0,0,7.0,0
13:01:01,,0,8685f384ec1dee080ac0e7534284485d52a0f84389351e79ffab92774aec2382,-61,,0,0,,0
13:01:02,26.0,0,2b78414f7405f7960393ab64a2ae3f16560477a9a45c78924651a896dd5d35f9,-81,,0,0,7.0,0
13:01:03,,0,8685f384ec1dee080ac0e7534284485d52a0f84389351e79ffab92774aec2382,-43,,0,0,,0
13:01:03,,0,964f13c8899a40850ac31d63f62e110ea2f5cc3fc70062d47cc14c9c414a212b,-38,,0,0,,0
13:01:04,26.0,0,2b78414f7405f7960393ab64a2ae3f16560477a9a45c78924651a896dd5d35f9,-90,,0,0,7.0,0
13:01:05,,0,862659e939ee761da54abee5ce94e4f7cbca48d6afb5349dc23e80b925568134,-88,,0,0,,0
13:01:06,,0,94f9c128845d6a9dfe006c6c1d8d6d3aaf25aa344981fc0677256b1258759289,-87,,0,0,,0
13:01:07,,0,862659e939ee761da54abee5ce94e4f7cbca48d6afb5349dc23e80b925568134,-88,,0,0,,0
13:01:07,,0,8685f384ec1dee080ac0e7534284485d52a0f84389351e79ffab92774aec2382,-53,,0,0,,0
13:01:08,,0,862659e939ee761da54abee5ce94e4f7cbca48d6afb5349dc23e80b925568134,-92,,0,0,,0
13:01:09,,0,862659e939ee761da54abee5ce94e4f7cbca48d6afb5349dc23e80b925568134,-89,,0,0,,0
13:01:10,,0,94f9c128845d6a9dfe006c6c1d8d6d3aaf25aa344981fc0677256b1258759289,-88,,0,0,,0
13:01:10,,0,862659e939ee761da54abee5ce94e4f7cbca48d6afb5349dc23e80b925568134,-85,,0,0,,0
13:01:11,,0,862659e939ee761da54abee5ce94e4f7cbca48d6afb5349dc23e80b925568134,-88,,0,0,,0
13:01:12,,0,862659e939ee761da54abee5ce94e4f7cbca48d6afb5349dc23e80b925568134,-91,,0,0,,0
13:01:13,,0,862659e939ee761da54abee5ce94e4f7cbca48d6afb5349dc23e80b925568134,-86,,0,0,,0
13:01:14,26.0,0,417082b0ed5000822d1e324d26274fdfe41fa864a8723bf2080bf02fad1c23d5,-93,,0,0,12.0,0
13:01:14,26.0,0,d8b0b5a33af1327282a9c553036c918f2992b86324f17712bdf6e7786fecd7f6,-85,,0,0,12.0,0
13:01:15,,0,8685f384ec1dee080ac0e7534284485d52a0f84389351e79ffab92774aec2382,-41,,0,0,,0
13:01:16,,0,b59923fabcf271cf06c7b9445df89cf9f5dcdc1fdd2aecf0f27f9f8787b89558,-85,,0,0,,0
13:01:17,26.0,0,d8b0b5a33af1327282a9c553036c918f2992b86324f17712bdf6e7786fecd7f6,-82,,0,0,12.0,0
13:01:17,,0,964f13c8899a40850ac31d63f62e110ea2f5cc3fc70062d47cc14c9c414a212b,-41,,0,0,,0
13:01:18,26.0,0,2b78414f7405f7960393ab64a2ae3f16560477a9a45c78924651a896dd5d35f9,-79,,0,0,7.0,0
13:01:19,26.0,0,d8b0b5a33af1327282a9c553036c918f2992b86324f17712bdf6e7786fecd7f6,-87,,0,0,12.0,0
13:01:20,26.0,0,2b78414f7405f7960393ab64a2ae3f16560477a9a45c78924651a896dd5d35f9,-79,,0,0,7.0,0
13:01:21,,0,862659e939ee761da54abee5ce94e4f7cbca48d6afb5349dc23e80b925568134,-94,,0,0,,0
13:01:21,,0,8685f384ec1dee080ac0e7534284485d52a0f84389351e79ffab92774aec2382,-54,,0,0,,0
13:01:22,26.0,0,2b78414f7405f7960393ab64a2ae3f16560477a9a45c78924651a896dd5d35f9,-84,,0,0,7.0,0
13:01:23,26.0,0,2b78414f7405f7960393ab64a2ae3f16560477a9a45c78924651a896dd5d35f9,-80,,0,0,7.0,0
13:01:24,,0,94f9c128845d6a9dfe006c6c1d8d6d3aaf25aa344981fc0677256b1258759289,-91,,0,0,,0
13:01:25,,0,862659e939ee761da54abee5ce94e4f7cbca48d6afb5349dc23e80b925568134,-86,,0,0,,0
13:01:25,26.0,0,d8b0b5a33af1327282a9c553036c918f2992b86324f17712bdf6e7786fecd7f6,-84,,0,0,12.0,0
13:01:26,,0,862659e939ee761da54abee5ce94e4f7cbca48d6afb5349dc23e80b925568134,-93,,0,0,,0
13:01:27,26.0,0,d8b0b5a33af1327282a9c553036c918f2992b86324f17712bdf6e7786fecd7f6,-85,,0,0,12.0,0
13:01:28,,0,94f9c128845d6a9dfe006c6c1d8d6d3aaf25aa344981fc0677256b1258759289,-85,,0,0,,0
13:01:28,26.0,0,2b78414f7405f7960393ab64a2ae3f16560477a9a45c78924651a896dd5d35f9,-80,,0,0,7.0,0
13:01:29,,0,964f13c8899a40850ac31d63f62e110ea2f5cc3fc70062d47cc14c9c414a212b,-42,,0,0,,0
13:01:30,26.0,0,2b78414f7405f7960393ab64a2ae3f16560477a9a45c78924651a896dd5d35f9,-81,,0,0,7.0,0
13:01:31,26.0,0,2b78414f7405f7960393ab64a2ae3f16560477a9a45c78924651a896dd5d35f9,-85,,0,0,7.0,0
13:01:32,,0,964f13c8899a40850ac31d63f62e110ea2f5cc3fc70062d47cc14c9c414a212b,-49,,0,0,,0
13:01:32,26.0,0,2b78414f7405f7960393ab64a2ae3f16560477a9a45c78924651a896dd5d35f9,-84,,0,0,7.0,0
13:01:33,,0,862659e939ee761da54abee5ce94e4f7cbca48d6afb5349dc23e80b925568134,-91,,0,0,,0
13:01:34,,0,862659e939ee761da54abee5ce94e4f7cbca48d6afb5349dc23e80b925568134,-89,,0,0,,0
13:01:35,26.0,0,2b78414f7405f7960393ab64a2ae3f16560477a9a45c78924651a896dd5d35f9,-78,,0,0,7.0,0
13:01:35,,0,964f13c8899a40850ac31d63f62e110ea2f5cc3fc70062d47cc14c9c414a212b,-39,,0,0,,0
13:01:36,26.0,0,d8b0b5a33af1327282a9c553036c918f2992b86324f17712bdf6e7786fecd7f6,-84,,0,0,12.0,0
13:01:37,26.0,0,d8b0b5a33af1327282a9c553036c918f2992b86324f17712bdf6e7786fecd7f6,-83,,0,0,12.0,0
13:01:38,,0,94f9c128845d6a9dfe006c6c1d8d6d3aaf25aa344981fc0677256b1258759289,-88,,0,0,,0
13:01:39,,0,8685f384ec1dee080ac0e7534284485d52a0f84389351e79ffab92774aec2382,-43,,0,0,,0
13:01:39,26.0,0,d8b0b5a33af1327282a9c553036c918f2992b86324f17712bdf6e7786fecd7f6,-85,,0,0,12.0,0
13:01:40,26.0,0,2b78414f7405f7960393ab64a2ae3f16560477a9a45c78924651a896dd5d35f9,-92,,0,0,7.0,0
13:01:41,26.0,0,55e499086c0878532694358e05245b1305f6e70695cc4c4eb6040fa3a60b2a18,-41,,0,0,12.0,0
13:01:42,26.0,0,55e499086c0878532694358e05245b1305f6e70695cc4c4eb6040fa3a60b2a18,-40,,0,0,12.0,0
13:01:43,,0,8685f384ec1dee080ac0e7534284485d52a0f84389351e79ffab92774aec2382,-46,,0,0,,0
13:01:43,26.0,0,55e499086c0878532694358e05245b1305f6e70695cc4c4eb6040fa3a60b2a18,-47,,0,0,12.0,0
13:01:44,26.0,0,55e499086c0878532694358e05245b1305f6e70695cc4c4eb6040fa3a60b2a18,-46,,0,0,12.0,0
13:01:45,26.0,0,2b78414f7405f7960393ab64a2ae3f16560477a9a45c78924651a896dd5d35f9,-86,,0,0,7.0,0
13:01:46,26.0,0,2b78414f7405f7960393ab64a2ae3f16560477a9a45c78924651a896dd5d35f9,-83,,0,0,7.0,0
13:01:46,26.0,0,2b78414f7405f7960393ab64a2ae3f16560477a9a45c78924651a896dd5d35f9,-83,,0,0,7.0,0
13:01:47,26.0,0,55e499086c0878532694358e05245b1305f6e70695cc4c4eb6040fa3a60b2a18,-49,,0,0,12.0,0
13:01:48,,0,b59923fabcf271cf06c7b9445df89cf9f5dcdc1fdd2aecf0f27f9f8787b89558,-87,,0,0,,0
13:01:49,26.0,0,2b78414f7405f7960393ab64a2ae3f16560477a9a45c78924651a896dd5d35f9,-84,,0,0,7.0,0
13:01:50,26.0,0,55e499086c0878532694358e05245b1305f6e70695cc4c4eb6040fa3a60b2a18,-48,,0,0,12.0,0
13:01:50,26.0,0,55e499086c0878532694358e05245b1305f6e70695cc4c4eb6040fa3a60b2a18,-50,,0,0,12.0,0
13:01:51,26.0,0,55e499086c0878532694358e05245b1305f6e70695cc4c4eb6040fa3a60b2a18,-48,,0,0,12.0,0
13:01:52,,0,b59923fabcf271cf06c7b9445df89cf9f5dcdc1fdd2aecf0f27f9f8787b89558,-81,,0,0,,0
13:01:53,,0,8685f384ec1dee080ac0e7534284485d52a0f84389351e79ffab92774aec2382,-54,,0,0,,0
13:01:53,,0,964f13c8899a40850ac31d63f62e110ea2f5cc3fc70062d47cc14c9c414a212b,-68,,0,0,,0
13:01:54,,0,8685f384ec1dee080ac0e7534284485d52a0f84389351e79ffab92774aec2382,-51,,0,0,,0
13:01:55,26.0,0,2b78414f7405f7960393ab64a2ae3f16560477a9a45c78924651a896dd5d35f9,-82,,0,0,7.0,0
13:01:56,26.0,0,55e499086c0878532694358e05245b1305f6e70695cc4c4eb6040fa3a60b2a18,-48,,0,0,12.0,0
13:01:57,26.0,0,2b78414f7405f7960393ab64a2ae3f16560477a9a45c78924651a896dd5d35f9,-82,,0,0,7.0,0
13:01:57,26.0,0,55e499086c0878532694358e05245b1305f6e70695cc4c4eb6040fa3a60b2a18,-47,,0,0,12.0,0
13:01:58,26.0,0,55e499086c0878532694358e05245b1305f6e70695cc4c4eb6040fa3a60b2a18,-49,,0,0,12.0,0
13:01:59,26.0,0,55e499086c0878532694358e05245b1305f6e70695cc4c4eb6040fa3a60b2a18,-50,,0,0,12.0,0
13:02:00,26.0,0,d8b0b5a33af1327282a9c553036c918f2992b86324f17712bdf6e7786fecd7f6,-82,,0,0,12.0,0
13:02:00,26.0,0,2b78414f7405f7960393ab64a2ae3f16560477a9a45c78924651a896dd5d35f9,-84,,0,0,7.0,0
13:02:01,26.0,0,d8b0b5a33af1327282a9c553036c918f2992b86324f17712bdf6e7786fecd7f6,-82,,0,0,12.0,0
13:02:02,26.0,0,2b78414f7405f7960393ab64a2ae3f16560477a9a45c78924651a896dd5d35f9,-78,,0,0,7.0,0
13:02:03,26.0,0,55e499086c0878532694358e05245b1305f6e70695cc4c4eb6040fa3a60b2a18,-51,,0,0,12.0,0
13:02:04,26.0,0,2b78414f7405f7960393ab64a2ae3f16560477a9a45c78924651a896dd5d35f9,-80,,0,0,7.0,0
13:02:04,26.0,0,55e499086c0878532694358e05245b1305f6e70695cc4c4eb6040fa3a60b2a18,-48,,0,0,12.0,0
13:02:05,26.0,0,55e499086c0878532694358e05245b1305f6e70695cc4c4eb6040fa3a60b2a18,-53,,0,0,12.0,0
13:02:06,,0,94f9c128845d6a9dfe006c6c1d8d6d3aaf25aa344981fc0677256b1258759289,-80,,0,0,,0
13:02:07,,0,862659e939ee761da54abee5ce94e4f7cbca48d6afb5349dc23e80b925568134,-86,,0,0,,0
13:02:08,,0,964f13c8899a40850ac31d63f62e110ea2f5cc3fc70062d47cc14c9c414a212b,-49,,0,0,,0
13:02:08,,0,8685f384ec1dee080ac0e7534284485d52a0f84389351e79ffab92774aec2382,-55,,0,0,,0
13:02:09,26.0,0,2b78414f7405f7960393ab64a2ae3f16560477a9a45c78924651a896dd5d35f9,-80,,0,0,7.0,0
13:02:10,26.0,0,2b78414f7405f7960393ab64a2ae3f16560477a9a45c78924651a896dd5d35f9,-87,,0,0,7.0,0
13:02:11,26.0,0,55e499086c0878532694358e05245b1305f6e70695cc4c4eb6040fa3a60b2a18,-53,,0,0,12.0,0
13:02:11,,0,964f13c8899a40850ac31d63f62e110ea2f5cc3fc70062d47cc14c9c414a212b,-50,,0,0,,0
13:02:12,,0,8685f384ec1dee080ac0e7534284485d52a0f84389351e79ffab92774aec2382,-52,,0,0,,0
13:02:13,26.0,0,2b78414f7405f7960393ab64a2ae3f16560477a9a45c78924651a896dd5d35f9,-85,,0,0,7.0,0
13:02:14,,0,862659e939ee761da54abee5ce94e4f7cbca48d6afb5349dc23e80b925568134,-90,,0,0,,0
13:02:15,26.0,0,2b78414f7405f7960393ab64a2ae3f16560477a9a45c78924651a896dd5d35f9,-87,,0,0,7.0,0
13:02:15,26.0,0,2b78414f7405f7960393ab64a2ae3f16560477a9a45c78924651a896dd5d35f9,-82,,0,0,7.0,0
13:02:16,26.0,0,2b78414f7405f7960393ab64a2ae3f16560477a9a45c78924651a896dd5d35f9,-83,,0,0,7.0,0
13:02:17,26.0,0,2b78414f7405f7960393ab64a2ae3f16560477a9a45c78924651a896dd5d35f9,-85,,0,0,7.0,0
13:02:18,26.0,0,55e499086c0878532694358e05245b1305f6e70695cc4c4eb6040fa3a60b2a18,-54,,0,0,12.0,0
13:02:18,26.0,0,55e499086c0878532694358e05245b1305f6e70695cc4c4eb6040fa3a60b2a18,-52,,0,0,12.0,0
13:02:19,26.0,0,55e499086c0878532694358e05245b1305f6e70695cc4c4eb6040fa3a60b2a18,-54,,0,0,12.0,0
13:02:20,,0,b59923fabcf271cf06c7b9445df89cf9f5dcdc1fdd2aecf0f27f9f8787b89558,-87,,0,0,,0
13:02:21,26.0,0,55e499086c0878532694358e05245b1305f6e70695cc4c4eb6040fa3a60b2a18,-54,,0,0,12.0,0
13:02:22,26.0,0,55e499086c0878532694358e05245b1305f6e70695cc4c4eb6040fa3a60b2a18,-78,,0,0,12.0,0
13:02:22,,0,862659e939ee761da54abee5ce94e4f7cbca48d6afb5349dc23e80b925568134,-91,,0,0,,0
13:02:23,26.0,0,55e499086c0878532694358e05245b1305f6e70695cc4c4eb6040fa3a60b2a18,-31,,0,0,12.0,0
13:02:24,26.0,0,55e499086c0878532694358e05245b1305f6e70695cc4c4eb6040fa3a60b2a18,-31,,0,0,12.0,0
13:02:25,26.0,0,55e499086c0878532694358e05245b1305f6e70695cc4c4eb6040fa3a60b2a18,-32,,0,0,12.0,0
13:02:25,,0,94f9c128845d6a9dfe006c6c1d8d6d3aaf25aa344981fc0677256b1258759289,-87,,0,0,,0
13:02:26,,0,8685f384ec1dee080ac0e7534284485d52a0f84389351e79ffab92774aec2382,-31,,0,0,,0
13:02:27,26.0,0,55e499086c0878532694358e05245b1305f6e70695cc4c4eb6040fa3a60b2a18,-31,,0,0,12.0,0
13:02:28,26.0,0,5d313797f8d9f5933c37d041ceb944f901fd8b51cfb571593ad695d62b12f971,-88,,0,0,7.0,0
13:02:29,26.0,0,55e499086c0878532694358e05245b1305f6e70695cc4c4eb6040fa3a60b2a18,-31,,0,0,12.0,0
13:02:29,26.0,0,55e499086c0878532694358e05245b1305f6e70695cc4c4eb6040fa3a60b2a18,-33,,0,0,12.0,0
13:02:30,26.0,0,55e499086c0878532694358e05245b1305f6e70695cc4c4eb6040fa3a60b2a18,-31,,0,0,12.0,0
13:02:31,26.0,0,55e499086c0878532694358e05245b1305f6e70695cc4c4eb6040fa3a60b2a18,-33,,0,0,12.0,0
13:02:32,26.0,0,5d313797f8d9f5933c37d041ceb944f901fd8b51cfb571593ad695d62b12f971,-86,,0,0,7.0,0
13:02:32,26.0,0,55e499086c0878532694358e05245b1305f6e70695cc4c4eb6040fa3a60b2a18,-34,,0,0,12.0,0
13:02:33,,0,862659e939ee761da54abee5ce94e4f7cbca48d6afb5349dc23e80b925568134,-96,,0,0,,0
13:02:34,26.0,0,5d313797f8d9f5933c37d041ceb944f901fd8b51cfb571593ad695d62b12f971,-85,,0,0,7.0,0
13:02:35,26.0,0,55e499086c0878532694358e05245b1305f6e70695cc4c4eb6040fa3a60b2a18,-31,,0,0,12.0,0
13:02:36,26.0,0,55e499086c0878532694358e05245b1305f6e70695cc4c4eb6040fa3a60b2a18,-34,,0,0,12.0,0
13:02:36,26.0,0,55e499086c0878532694358e05245b1305f6e70695cc4c4eb6040fa3a60b2a18,-32,,0,0,12.0,0
13:02:37,26.0,0,5d313797f8d9f5933c37d041ceb944f901fd8b51cfb571593ad695d62b12f971,-83,,0,0,7.0,0
13:02:38,26.0,0,55e499086c0878532694358e05245b1305f6e70695cc4c4eb6040fa3a60b2a18,-32,,0,0,12.0,0
13:02:39,26.0,0,55e499086c0878532694358e05245b1305f6e70695cc4c4eb6040fa3a60b2a18,-31,,0,0,12.0,0
13:02:40,,0,862659e939ee761da54abee5ce94e4f7cbca48d6afb5349dc23e80b925568134,-84,,0,0,,0
13:02:40,,0,8685f384ec1dee080ac0e7534284485d52a0f84389351e79ffab92774aec2382,-31,,0,0,,0
13:02:41,26.0,0,55e499086c0878532694358e05245b1305f6e70695cc4c4eb6040fa3a60b2a18,-31,,0,0,12.0,0
13:02:42,26.0,0,5d313797f8d9f5933c37d041ceb944f901fd8b51cfb571593ad695d62b12f971,-90,,0,0,7.0,0
13:02:43,26.0,0,55e499086c0878532694358e05245b1305f6e70695cc4c4eb6040fa3a60b2a18,-31,,0,0,12.0,0
13:02:43,,0,862659e939ee761da54abee5ce94e4f7cbca48d6afb5349dc23e80b925568134,-90,,0,0,,0
13:02:44,26.0,0,55e499086c0878532694358e05245b1305f6e70695cc4c4eb6040fa3a60b2a18,-31,,0,0,12.0,0
13:02:45,26.0,0,55e499086c0878532694358e05245b1305f6e70695cc4c4eb6040fa3a60b2a18,-33,,0,0,12.0,0
13:02:46,,0,862659e939ee761da54abee5ce94e4f7cbca48d6afb5349dc23e80b925568134,-87,,0,0,,0
13:02:47,26.0,0,5d313797f8d9f5933c37d041ceb944f901fd8b51cfb571593ad695d62b12f971,-88,,0,0,7.0,0
13:02:47,,0,862659e939ee761da54abee5ce94e4f7cbca48d6afb5349dc23e80b925568134,-87,,0,0,,0
13:02:48,,0,862659e939ee761da54abee5ce94e4f7cbca48d6afb5349dc23e80b925568134,-87,,0,0,,0
13:02:49,,0,862659e939ee761da54abee5ce94e4f7cbca48d6afb5349dc23e80b925568134,-85,,0,0,,0
13:02:50,,0,964f13c8899a40850ac31d63f62e110ea2f5cc3fc70062d47cc14c9c414a212b,-43,,0,0,,0
13:02:50,,0,8685f384ec1dee080ac0e7534284485d52a0f84389351e79ffab92774aec2382,-34,,0,0,,0
13:02:51,26.0,0,5d313797f8d9f5933c37d041ceb944f901fd8b51cfb571593ad695d62b12f971,-83,,0,0,7.0,0
13:02:52,,0,8685f384ec1dee080ac0e7534284485d52a0f84389351e79ffab92774aec2382,-32,,0,0,,0
13:02:53,26.0,0,5d313797f8d9f5933c37d041ceb944f901fd8b51cfb571593ad695d62b12f971,-83,,0,0,7.0,0
13:02:54,,0,8685f384ec1dee080ac0e7534284485d52a0f84389351e79ffab92774aec2382,-31,,0,0,,0
13:02:54,26.0,0,5d313797f8d9f5933c37d041ceb944f901fd8b51cfb571593ad695d62b12f971,-83,,0,0,7.0,0
13:02:55,,0,94f9c128845d6a9dfe006c6c1d8d6d3aaf25aa344981fc0677256b1258759289,-92,,0,0,,0
13:02:56,,0,862659e939ee761da54abee5ce94e4f7cbca48d6afb5349dc23e80b925568134,-87,,0,0,,0
13:02:57,,0,862659e939ee761da54abee5ce94e4f7cbca48d6afb5349dc23e80b925568134,-85,,0,0,,0
13:02:58,,0,94f9c128845d6a9dfe006c6c1d8d6d3aaf25aa344981fc0677256b1258759289,-84,,0,0,,0
13:02:58,,0,862659e939ee761da54abee5ce94e4f7cbca48d6afb5349dc23e80b925568134,-89,,0,0,,0
13:02:59,,0,862659e939ee761da54abee5ce94e4f7cbca48d6afb5349dc23e80b925568134,-91,,0,0,,0
13:03:00,26.0,0,5d313797f8d9f5933c37d041ceb944f901fd8b51cfb571593ad695d62b12f971,-84,,0,0,7.0,0
13:03:01,,0,862659e939ee761da54abee5ce94e4f7cbca48d6afb5349dc23e80b925568134,-94,,0,0,,0
13:03:01,,0,862659e939ee761da54abee5ce94e4f7cbca48d6afb5349dc23e80b925568134,-93,,0,0,,0
13:03:02,,0,862659e939ee761da54abee5ce94e4f7cbca48d6afb5349dc23e80b925568134,-89,,0,0,,0
13:03:03,26.0,0,5d313797f8d9f5933c37d041ceb944f901fd8b51cfb571593ad695d62b12f971,-83,,0,0,7.0,0
13:03:04,,0,862659e939ee761da54abee5ce94e4f7cbca48d6afb5349dc23e80b925568134,-90,,0,0,,0
13:03:05,26.0,0,5d313797f8d9f5933c37d041ceb944f901fd8b51cfb571593ad695d62b12f971,-86,,0,0,7.0,0
13:03:05,,0,862659e939ee761da54abee5ce94e4f7cbca48d6afb5349dc23e80b925568134,-91,,0,0,,0
13:03:06,26.0,0,5d313797f8d9f5933c37d041ceb944f901fd8b51cfb571593ad695d62b12f971,-83,,0,0,7.0,0
13:03:07,,0,862659e939ee761da54abee5ce94e4f7cbca48d6afb5349dc23e80b925568134,-90,,0,0,,0
13:03:08,,0,964f13c8899a40850ac31d63f62e110ea2f5cc3fc70062d47cc14c9c414a212b,-41,,0,0,,0
13:03:08,,0,862659e939ee761da54abee5ce94e4f7cbca48d6afb5349dc23e80b925568134,-92,,0,0,,0
13:03:09,,0,964f13c8899a40850ac31d63f62e110ea2f5cc3fc70062d47cc14c9c414a212b,-47,,0,0,,0
13:03:10,,0,8685f384ec1dee080ac0e7534284485d52a0f84389351e79ffab92774aec2382,-32,,0,0,,0
13:03:11,26.0,0,5d313797f8d9f5933c37d041ceb944f901fd8b51cfb571593ad695d62b12f971,-84,,0,0,7.0,0
13:03:12,,0,964f13c8899a40850ac31d63f62e110ea2f5cc3fc70062d47cc14c9c414a212b,-43,,0,0,,0
13:03:12,26.0,0,5d313797f8d9f5933c37d041ceb944f901fd8b51cfb571593ad695d62b12f971,-83,,0,0,7.0,0
13:03:13,,0,964f13c8899a40850ac31d63f62e110ea2f5cc3fc70062d47cc14c9c414a212b,-41,,0,0,,0
13:03:14,,0,862659e939ee761da54abee5ce94e4f7cbca48d6afb5349dc23e80b925568134,-89,,0,0,,0
13:03:15,,0,862659e939ee761da54abee5ce94e4f7cbca48d6afb5349dc23e80b925568134,-85,,0,0,,0
13:03:16,,0,862659e939ee761da54abee5ce94e4f7cbca48d6afb5349dc23e80b925568134,-92,,0,0,,0
13:03:16,26.0,0,5d313797f8d9f5933c37d041ceb944f901fd8b51cfb571593ad695d62b12f971,-83,,0,0,7.0,0
13:03:17,,0,862659e939ee761da54abee5ce94e4f7cbca48d6afb5349dc23e80b925568134,-88,,0,0,,0
13:03:18,,0,862659e939ee761da54abee5ce94e4f7cbca48d6afb5349dc23e80b925568134,-86,,0,0,,0
13:03:19,26.0,0,5d313797f8d9f5933c37d041ceb944f901fd8b51cfb571593ad695d62b12f971,-94,,0,0,7.0,0
13:03:19,,0,862659e939ee761da54abee5ce94e4f7cbca48d6afb5349dc23e80b925568134,-83,,0,0,,0
13:03:20,,0,964f13c8899a40850ac31d63f62e110ea2f5cc3fc70062d47cc14c9c414a212b,-45,,0,0,,0
13:03:21,,0,b59923fabcf271cf06c7b9445df89cf9f5dcdc1fdd2aecf0f27f9f8787b89558,-84,,0,0,,0
13:03:22,26.0,0,5d313797f8d9f5933c37d041ceb944f901fd8b51cfb571593ad695d62b12f971,-83,,0,0,7.0,0
13:03:23,,0,964f13c8899a40850ac31d63f62e110ea2f5cc3fc70062d47cc14c9c414a212b,-41,,0,0,,0
13:03:23,,0,862659e939ee761da54abee5ce94e4f7cbca48d6afb5349dc23e80b925568134,-90,,0,0,,0
13:03:24,26.0,0,5d313797f8d9f5933c37d041ceb944f901fd8b51cfb571593ad695d62b12f971,-82,,0,0,7.0,0
13:03:25,,0,862659e939ee761da54abee5ce94e4f7cbca48d6afb5349dc23e80b925568134,-84,,0,0,,0
13:03:26,,0,964f13c8899a40850ac31d63f62e110ea2f5cc3fc70062d47cc14c9c414a212b,-40,,0,0,,0
13:03:26,,0,862659e939ee761da54abee5ce94e4f7cbca48d6afb5349dc23e80b925568134,-88,,0,0,,0
13:03:27,,0,862659e939ee761da54abee5ce94e4f7cbca48d6afb5349dc23e80b925568134,-87,,0,0,,0
13:03:28,,0,b59923fabcf271cf06c7b9445df89cf9f5dcdc1fdd2aecf0f27f9f8787b89558,-80,,0,0,,0
13:03:29,,0,862659e939ee761da54abee5ce94e4f7cbca48d6afb5349dc23e80b925568134,-91,,0,0,,0
13:03:30,,0,862659e939ee761da54abee5ce94e4f7cbca48d6afb5349dc23e80b925568134,-85,,0,0,,0
13:03:30,,0,862659e939ee761da54abee5ce94e4f7cbca48d6afb5349dc23e80b925568134,-88,,0,0,,0
13:03:31,26.0,0,5d313797f8d9f5933c37d041ceb944f901fd8b51cfb571593ad695d62b12f971,-83,,0,0,7.0,0
13:03:32,,0,b59923fabcf271cf06c7b9445df89cf9f5dcdc1fdd2aecf0f27f9f8787b89558,-91,,0,0,,0
13:03:33,26.0,0,5d313797f8d9f5933c37d041ceb944f901fd8b51cfb571593ad695d62b12f971,-83,,0,0,7.0,0
13:03:33,,0,b59923fabcf271cf06c7b9445df89cf9f5dcdc1fdd2aecf0f27f9f8787b89558,-83,,0,0,,0
13:03:34,,0,8685f384ec1dee080ac0e7534284485d52a0f84389351e79ffab92774aec2382,-31,,0,0,,0
13:03:35,26.0,0,5d313797f8d9f5933c37d041ceb944f901fd8b51cfb571593ad695d62b12f971,-81,,0,0,7.0,0
13:03:36,,0,b59923fabcf271cf06c7b9445df89cf9f5dcdc1fdd2aecf0f27f9f8787b89558,-88,,0,0,,0
13:03:37,26.0,0,5d313797f8d9f5933c37d041ceb944f901fd8b51cfb571593ad695d62b12f971,-83,,0,0,7.0,0
13:03:37,,0,b59923fabcf271cf06c7b9445df89cf9f5dcdc1fdd2aecf0f27f9f8787b89558,-90,,0,0,,0
13:03:38,,0,8685f384ec1dee080ac0e7534284485d52a0f84389351e79ffab92774aec2382,-32,,0,0,,0
13:03:39,,0,94f9c128845d6a9dfe006c6c1d8d6d3aaf25aa344981fc0677256b1258759289,-93,,0,0,,0
13:03:40,,0,b59923fabcf271cf06c7b9445df89cf9f5dcdc1fdd2aecf0f27f9f8787b89558,-84,,0,0,,0
13:03:41,26.0,0,5d313797f8d9f5933c37d041ceb944f901fd8b51cfb571593ad695d62b12f971,-82,,0,0,7.0,0
13:03:41,,0,862659e939ee761da54abee5ce94e4f7cbca48d6afb5349dc23e80b925568134,-92,,0,0,,0
13:03:42,,0,862659e939ee761da54abee5ce94e4f7cbca48d6afb5349dc23e80b925568134,-90,,0,0,,0
13:03:43,,0,862659e939ee761da54abee5ce94e4f7cbca48d6afb5349dc23e80b925568134,-93,,0,0,,0
13:03:44,,0,964f13c8899a40850ac31d63f62e110ea2f5cc3fc70062d47cc14c9c414a212b,-43,,0,0,,0
13:03:44,,0,8685f384ec1dee080ac0e7534284485d52a0f84389351e79ffab92774aec2382,-32,,0,0,,0
13:03:45,26.0,0,5d313797f8d9f5933c37d041ceb944f901fd8b51cfb571593ad695d62b12f971,-91,,0,0,7.0,0
13:03:46,,0,b59923fabcf271cf06c7b9445df89cf9f5dcdc1fdd2aecf0f27f9f8787b89558,-81,,0,0,,0
13:03:47,,0,8685f384ec1dee080ac0e7534284485d52a0f84389351e79ffab92774aec2382,-54,,0,0,,0
13:03:48,26.0,0,55e499086c0878532694358e05245b1305f6e70695cc4c4eb6040fa3a60b2a18,-54,,0,0,12.0,0
13:03:48,26.0,0,5d313797f8d9f5933c37d041ceb944f901fd8b51cfb571593ad695d62b12f971,-88,,0,0,7.0,0
13:03:49,26.0,0,55e499086c0878532694358e05245b1305f6e70695cc4c4eb6040fa3a60b2a18,-68,,0,0,12.0,0
13:03:50,,0,b59923fabcf271cf06c7b9445df89cf9f5dcdc1fdd2aecf0f27f9f8787b89558,-89,,0,0,,0
13:03:51,26.0,0,55e499086c0878532694358e05245b1305f6e70695cc4c4eb6040fa3a60b2a18,-58,,0,0,12.0,0
13:03:51,26.0,0,5d313797f8d9f5933c37d041ceb944f901fd8b51cfb571593ad695d62b12f971,-89,,0,0,7.0,0
13:03:52,26.0,0,55e499086c0878532694358e05245b1305f6e70695cc4c4eb6040fa3a60b2a18,-59,,0,0,12.0,0
13:03:53,,0,862659e939ee761da54abee5ce94e4f7cbca48d6afb5349dc23e80b925568134,-93,,0,0,,0
13:03:54,26.0,0,5d313797f8d9f5933c37d041ceb944f901fd8b51cfb571593ad695d62b12f971,-86,,0,0,7.0,0
13:03:55,26.0,0,55e499086c0878532694358e05245b1305f6e70695cc4c4eb6040fa3a60b2a18,-71,,0,0,12.0,0
13:03:55,,0,94f9c128845d6a9dfe006c6c1d8d6d3aaf25aa344981fc0677256b1258759289,-86,,0,0,,0
13:03:56,,0,862659e939ee761da54abee5ce94e4f7cbca48d6afb5349dc23e80b925568134,-89,,0,0,,0
13:03:57,26.0,0,55e499086c0878532694358e05245b1305f6e70695cc4c4eb6040fa3a60b2a18,-74,,0,0,12.0,0
13:03:58,26.0,0,55e499086c0878532694358e05245b1305f6e70695cc4c4eb6040fa3a60b2a18,-64,,0,0,12.0,0
13:03:59,26.0,0,5d313797f8d9f5933c37d041ceb944f901fd8b51cfb571593ad695d62b12f971,-79,,0,0,7.0,0
13:03:59,26.0,0,55e499086c0878532694358e05245b1305f6e70695cc4c4eb6040fa3a60b2a18,-60,,0,0,12.0,0
13:04:00,26.0,0,55e499086c0878532694358e05245b1305f6e70695cc4c4eb6040fa3a60b2a18,-71,,0,0,12.0,0
13:04:01,26.0,0,55e499086c0878532694358e05245b1305f6e70695cc4c4eb6040fa3a60b2a18,-76,,0,0,12.0,0
13:04:02,,0,964f13c8899a40850ac31d63f62e110ea2f5cc3fc70062d47cc14c9c414a212b,-39,,0,0,,0
13:04:02,26.0,0,5d313797f8d9f5933c37d041ceb944f901fd8b51cfb571593ad695d62b12f971,-82,,0,0,7.0,0
13:04:03,,0,8685f384ec1dee080ac0e7534284485d52a0f84389351e79ffab92774aec2382,-78,,0,0,,0
13:04:04,26.0,0,55e499086c0878532694358e05245b1305f6e70695cc4c4eb6040fa3a60b2a18,-73,,0,0,12.0,0
13:04:05,26.0,0,5d313797f8d9f5933c37d041ceb944f901fd8b51cfb571593ad695d62b12f971,-82,,0,0,7.0,0
13:04:06,26.0,0,5d313797f8d9f5933c37d041ceb944f901fd8b51cfb571593ad695d62b12f971,-81,,0,0,7.0,0
13:04:06,26.0,0,55e499086c0878532694358e05245b1305f6e70695cc4c4eb6040fa3a60b2a18,-80,,0,0,12.0,0
13:04:07,26.0,0,55e499086c0878532694358e05245b1305f6e70695cc4c4eb6040fa3a60b2a18,-73,,0,0,12.0,0
13:04:08,26.0,0,55e499086c0878532694358e05245b1305f6e70695cc4c4eb6040fa3a60b2a18,-62,,0,0,12.0,0
13:04:09,26.0,0,5d313797f8d9f5933c37d041ceb944f901fd8b51cfb571593ad695d62b12f971,-80,,0,0,7.0,0
13:04:09,26.0,0,55e499086c0878532694358e05245b1305f6e70695cc4c4eb6040fa3a60b2a18,-70,,0,0,12.0,0
13:04:10,26.0,0,55e499086c0878532694358e05245b1305f6e70695cc4c4eb6040fa3a60b2a18,-69,,0,0,12.0,0
13:04:11,,0,862659e939ee761da54abee5ce94e4f7cbca48d6afb5349dc23e80b925568134,-93,,0,0,,0
13:04:12,,0,94f9c128845d6a9dfe006c6c1d8d6d3aaf25aa344981fc0677256b1258759289,-84,,0,0,,0
13:04:13,26.0,0,55e499086c0878532694358e05245b1305f6e70695cc4c4eb6040fa3a60b2a18,-67,,0,0,12.0,0
13:04:13,26.0,0,55e499086c0878532694358e05245b1305f6e70695cc4c4eb6040fa3a60b2a18,-65,,0,0,12.0,0
13:04:14,26.0,0,55e499086c0878532694358e05245b1305f6e70695cc4c4eb6040fa3a60b2a18,-58,,0,0,12.0,0
13:04:15,,0,8685f384ec1dee080ac0e7534284485d52a0f84389351e79ffab92774aec2382,-69,,0,0,,0
13:04:16,26.0,0,55e499086c0878532694358e05245b1305f6e70695cc4c4eb6040fa3a60b2a18,-72,,0,0,12.0,0
13:04:16,26.0,0,55e499086c0878532694358e05245b1305f6e70695cc4c4eb6040fa3a60b2a18,-74,,0,0,12.0,0
13:04:17,,0,8685f384ec1dee080ac0e7534284485d52a0f84389351e79ffab92774aec2382,-79,,0,0,,0
13:04:18,26.0,0,55e499086c0878532694358e05245b1305f6e70695cc4c4eb6040fa3a60b2a18,-79,,0,0,12.0,0
13:04:19,26.0,0,55e499086c0878532694358e05245b1305f6e70695cc4c4eb6040fa3a60b2a18,-83,,0,0,12.0,0
13:04:20,26.0,0,55e499086c0878532694358e05245b1305f6e70695cc4c4eb6040fa3a60b2a18,-76,,0,0,12.0,0
13:04:20,26.0,0,55e499086c0878532694358e05245b1305f6e70695cc4c4eb6040fa3a60b2a18,-91,,0,0,12.0,0
13:04:21,,0,8685f384ec1dee080ac0e7534284485d52a0f84389351e79ffab92774aec2382,-80,,0,0,,0
13:04:22,,0,964f13c8899a40850ac31d63f62e110ea2f5cc3fc70062d47cc14c9c414a212b,-41,,0,0,,0
13:04:23,26.0,0,55e499086c0878532694358e05245b1305f6e70695cc4c4eb6040fa3a60b2a18,-79,,0,0,12.0,0
13:04:24,26.0,0,5d313797f8d9f5933c37d041ceb944f901fd8b51cfb571593ad695d62b12f971,-81,,0,0,7.0,0
13:04:24,26.0,0,5d313797f8d9f5933c37d041ceb944f901fd8b51cfb571593ad695d62b12f971,-83,,0,0,7.0,0
13:04:25,26.0,0,5d313797f8d9f5933c37d041ceb944f901fd8b51cfb571593ad695d62b12f971,-82,,0,0,7.0,0
13:04:26,26.0,0,55e499086c0878532694358e05245b1305f6e70695cc4c4eb6040fa3a60b2a18,-83,,0,0,12.0,0
13:04:27,26.0,0,55e499086c0878532694358e05245b1305f6e70695cc4c4eb6040fa3a60b2a18,-75,,0,0,12.0,0
13:04:27,26.0,0,55e499086c0878532694358e05245b1305f6e70695cc4c4eb6040fa3a60b2a18,-83,,0,0,12.0,0
13:04:28,,0,862659e939ee761da54abee5ce94e4f7cbca48d6afb5349dc23e80b925568134,-96,,0,0,,0
13:04:29,26.0,0,55e499086c0878532694358e05245b1305f6e70695cc4c4eb6040fa3a60b2a18,-77,,0,0,12.0,0
13:04:30,26.0,0,5d313797f8d9f5933c37d041ceb944f901fd8b51cfb571593ad695d62b12f971,-80,,0,0,7.0,0
13:04:31,26.0,0,55e499086c0878532694358e05245b1305f6e70695cc4c4eb6040fa3a60b2a18,-72,,0,0,12.0,0
13:04:31,26.0,0,5d313797f8d9f5933c37d041ceb944f901fd8b51cfb571593ad695d62b12f971,-88,,0,0,7.0,0
13:04:32,26.0,0,55e499086c0878532694358e05245b1305f6e70695cc4c4eb6040fa3a60b2a18,-67,,0,0,12.0,0
13:04:33,26.0,0,5d313797f8d9f5933c37d041ceb944f901fd8b51cfb571593ad695d62b12f971,-82,,0,0,7.0,0
13:04:34,,0,94f9c128845d6a9dfe006c6c1d8d6d3aaf25aa344981fc0677256b1258759289,-86,,0,0,,0
13:04:34,26.0,0,55e499086c0878532694358e05245b1305f6e70695cc4c4eb6040fa3a60b2a18,-63,,0,0,12.0,0
13:04:35,26.0,0,55e499086c0878532694358e05245b1305f6e70695cc4c4eb6040fa3a60b2a18,-57,,0,0,12.0,0
13:04:36,,0,964f13c8899a40850ac31d63f62e110ea2f5cc3fc70062d47cc14c9c414a212b,-49,,0,0,,0
13:04:37,26.0,0,5d313797f8d9f5933c37d041ceb944f901fd8b51cfb571593ad695d62b12f971,-83,,0,0,7.0,0
13:04:38,26.0,0,5d313797f8d9f5933c37d041ceb944f901fd8b51cfb571593ad695d62b12f971,-80,,0,0,7.0,0
13:04:38,26.0,0,5d313797f8d9f5933c37d041ceb944f901fd8b51cfb571593ad695d62b12f971,-84,,0,0,7.0,0
13:04:39,26.0,0,5d313797f8d9f5933c37d041ceb944f901fd8b51cfb571593ad695d62b12f971,-79,,0,0,7.0,0
13:04:40,,0,964f13c8899a40850ac31d63f62e110ea2f5cc3fc70062d47cc14c9c414a212b,-39,,0,0,,0
13:04:41,,0,8685f384ec1dee080ac0e7534284485d52a0f84389351e79ffab92774aec2382,-69,,0,0,,0
13:04:41,26.0,0,5d313797f8d9f5933c37d041ceb944f901fd8b51cfb571593ad695d62b12f971,-88,,0,0,7.0,0
13:04:42,26.0,0,5d313797f8d9f5933c37d041ceb944f901fd8b51cfb571593ad695d62b12f971,-81,,0,0,7.0,0
13:04:43,26.0,0,55e499086c0878532694358e05245b1305f6e70695cc4c4eb6040fa3a60b2a18,-52,,0,0,12.0,0
13:04:44,26.0,0,55e499086c0878532694358e05245b1305f6e70695cc4c4eb6040fa3a60b2a18,-56,,0,0,12.0,0
13:04:45,26.0,0,55e499086c0878532694358e05245b1305f6e70695cc4c4eb6040fa3a60b2a18,-54,,0,0,12.0,0
13:04:45,26.0,0,5d313797f8d9f5933c37d041ceb944f901fd8b51cfb571593ad695d62b12f971,-80,,0,0,7.0,0
13:04:46,26.0,0,55e499086c0878532694358e05245b1305f6e70695cc4c4eb6040fa3a60b2a18,-54,,0,0,12.0,0
13:04:47,26.0,0,55e499086c0878532694358e05245b1305f6e70695cc4c4eb6040fa3a60b2a18,-56,,0,0,12.0,0
13:04:48,,0,8685f384ec1dee080ac0e7534284485d52a0f84389351e79ffab92774aec2382,-55,,0,0,,0
13:04:49,26.0,0,5d313797f8d9f5933c37d041ceb944f901fd8b51cfb571593ad695d62b12f971,-84,,0,0,7.0,0
13:04:49,26.0,0,55e499086c0878532694358e05245b1305f6e70695cc4c4eb6040fa3a60b2a18,-55,,0,0,12.0,0
13:04:50,26.0,0,5d313797f8d9f5933c37d041ceb944f901fd8b51cfb571593ad695d62b12f971,-86,,0,0,7.0,0
13:04:51,26.0,0,55e499086c0878532694358e05245b1305f6e70695cc4c4eb6040fa3a60b2a18,-53,,0,0,12.0,0
13:04:52,26.0,0,5d313797f8d9f5933c37d041ceb944f901fd8b51cfb571593ad695d62b12f971,-80,,0,0,7.0,0
13:04:52,26.0,0,5d313797f8d9f5933c37d041ceb944f901fd8b51cfb571593ad695d62b12f971,-81,,0,0,7.0,0
13:04:53,26.0,0,5d313797f8d9f5933c37d041ceb944f901fd8b51cfb571593ad695d62b12f971,-82,,0,0,7.0,0
13:04:54,,0,94f9c128845d6a9dfe006c6c1d8d6d3aaf25aa344981fc0677256b1258759289,-83,,0,0,,0
13:04:55,26.0,0,5d313797f8d9f5933c37d041ceb944f901fd8b51cfb571593ad695d62b12f971,-81,,0,0,7.0,0
13:04:56,26.0,0,55e499086c0878532694358e05245b1305f6e70695cc4c4eb6040fa3a60b2a18,-58,,0,0,12.0,0
13:04:56,26.0,0,55e499086c0878532694358e05245b1305f6e70695cc4c4eb6040fa3a60b2a18,-56,,0,0,12.0,0
13:04:57,26.0,0,5d313797f8d9f5933c37d041ceb944f901fd8b51cfb571593ad695d62b12f971,-86,,0,0,7.0,0
13:04:58,,0,94f9c128845d6a9dfe006c6c1d8d6d3aaf25aa344981fc0677256b1258759289,-86,,0,0,,0
13:04:59,26.0,0,55e499086c0878532694358e05245b1305f6e70695cc4c4eb6040fa3a60b2a18,-53,,0,0,12.0,0
13:04:59,26.0,0,55e499086c0878532694358e05245b1305f6e70695cc4c4eb6040fa3a60b2a18,-57,,0,0,12.0,0
13:05:00,26.0,0,55e499086c0878532694358e05245b1305f6e70695cc4c4eb6040fa3a60b2a18,-57,,0,0,12.0,0
13:05:01,26.0,0,55e499086c0878532694358e05245b1305f6e70695cc4c4eb6040fa3a60b2a18,-56,,0,0,12.0,0
13:05:02,26.0,0,5d313797f8d9f5933c37d041ceb944f901fd8b51cfb571593ad695d62b12f971,-83,,0,0,7.0,0
13:05:03,26.0,0,55e499086c0878532694358e05245b1305f6e70695cc4c4eb6040fa3a60b2a18,-57,,0,0,12.0,0
13:05:03,26.0,0,55e499086c0878532694358e05245b1305f6e70695cc4c4eb6040fa3a60b2a18,-53,,0,0,12.0,0
13:05:04,26.0,0,55e499086c0878532694358e05245b1305f6e70695cc4c4eb6040fa3a60b2a18,-54,,0,0,12.0,0
13:05:05,26.0,0,5d313797f8d9f5933c37d041ceb944f901fd8b51cfb571593ad695d62b12f971,-86,,0,0,7.0,0
13:05:06,,0,862659e939ee761da54abee5ce94e4f7cbca48d6afb5349dc23e80b925568134,-95,,0,0,,0
13:05:07,26.0,0,5d313797f8d9f5933c37d041ceb944f901fd8b51cfb571593ad695d62b12f971,-82,,0,0,7.0,0
13:05:07,26.0,0,5d313797f8d9f5933c37d041ceb944f901fd8b51cfb571593ad695d62b12f971,-82,,0,0,7.0,0
13:05:08,,0,964f13c8899a40850ac31d63f62e110ea2f5cc3fc70062d47cc14c9c414a212b,-41,,0,0,,0
13:05:09,26.0,0,5d313797f8d9f5933c37d041ceb944f901fd8b51cfb571593ad695d62b12f971,-80,,0,0,7.0,0
13:05:10,,0,8685f384ec1dee080ac0e7534284485d52a0f84389351e79ffab92774aec2382,-34,,0,0,,0
13:05:10,26.0,0,5d313797f8d9f5933c37d041ceb944f901fd8b51cfb571593ad695d62b12f971,-83,,0,0,7.0,0
13:05:11,26.0,0,5d313797f8d9f5933c37d041ceb944f901fd8b51cfb571593ad695d62b12f971,-80,,0,0,7.0,0
13:05:12,26.0,0,5d313797f8d9f5933c37d041ceb944f901fd8b51cfb571593ad695d62b12f971,-79,,0,0,7.0,0
13:05:13,26.0,0,5d313797f8d9f5933c37d041ceb944f901fd8b51cfb571593ad695d62b12f971,-82,,0,0,7.0,0
13:05:14,,0,51ea7e1bd2972ce3f74a54f824709aad1ffe31c4a9f79db02e5f2c9fe6cad990,-89,,0,0,,0
13:05:14,,0,51ea7e1bd2972ce3f74a54f824709aad1ffe31c4a9f79db02e5f2c9fe6cad990,-95,,0,0,,0
13:05:15,26.0,0,5d313797f8d9f5933c37d041ceb944f901fd8b51cfb571593ad695d62b12f971,-83,,0,0,7.0,0
13:05:16,,0,8685f384ec1dee080ac0e7534284485d52a0f84389351e79ffab92774aec2382,-34,,0,0,,0
13:05:17,,0,862659e939ee761da54abee5ce94e4f7cbca48d6afb5349dc23e80b925568134,-90,,0,0,,0
13:05:17,,0,51ea7e1bd2972ce3f74a54f824709aad1ffe31c4a9f79db02e5f2c9fe6cad990,-93,,0,0,,0
13:05:18,26.0,0,5d313797f8d9f5933c37d041ceb944f901fd8b51cfb571593ad695d62b12f971,-80,,0,0,7.0,0
13:05:19,,0,51ea7e1bd2972ce3f74a54f824709aad1ffe31c4a9f79db02e5f2c9fe6cad990,-87,,0,0,,0
13:05:20,,0,51ea7e1bd2972ce3f74a54f824709aad1ffe31c4a9f79db02e5f2c9fe6cad990,-89,,0,0,,0
13:05:21,,0,51ea7e1bd2972ce3f74a54f824709aad1ffe31c4a9f79db02e5f2c9fe6cad990,-87,,0,0,,0
13:05:21,26.0,0,5d313797f8d9f5933c37d041ceb944f901fd8b51cfb571593ad695d62b12f971,-80,,0,0,7.0,0
13:05:22,,0,51ea7e1bd2972ce3f74a54f824709aad1ffe31c4a9f79db02e5f2c9fe6cad990,-88,,0,0,,0
13:05:23,26.0,0,5d313797f8d9f5933c37d041ceb944f901fd8b51cfb571593ad695d62b12f971,-79,,0,0,7.0,0
13:05:24,,0,8685f384ec1dee080ac0e7534284485d52a0f84389351e79ffab92774aec2382,-32,,0,0,,0
13:05:25,,0,51ea7e1bd2972ce3f74a54f824709aad1ffe31c4a9f79db02e5f2c9fe6cad990,-89,,0,0,,0
13:05:25,,0,51ea7e1bd2972ce3f74a54f824709aad1ffe31c4a9f79db02e5f2c9fe6cad990,-90,,0,0,,0
13:05:26,,0,964f13c8899a40850ac31d63f62e110ea2f5cc3fc70062d47cc14c9c414a212b,-39,,0,0,,0
13:05:27,26.0,0,5d313797f8d9f5933c37d041ceb944f901fd8b51cfb571593ad695d62b12f971,-82,,0,0,7.0,0
13:05:28,,0,51ea7e1bd2972ce3f74a54f824709aad1ffe31c4a9f79db02e5f2c9fe6cad990,-89,,0,0,,0
13:05:28,,0,51ea7e1bd2972ce3f74a54f824709aad1ffe31c4a9f79db02e5f2c9fe6cad990,-86,,0,0,,0
13:05:29,26.0,0,5d313797f8d9f5933c37d041ceb944f901fd8b51cfb571593ad695d62b12f971,-80,,0,0,7.0,0
13:05:30,,0,8685f384ec1dee080ac0e7534284485d52a0f84389351e79ffab92774aec2382,-32,,0,0,,0
13:05:31,,0,51ea7e1bd2972ce3f74a54f824709aad1ffe31c4a9f79db02e5f2c9fe6cad990,-89,,0,0,,0
13:05:32,,0,51ea7e1bd2972ce3f74a54f824709aad1ffe31c4a9f79db02e5f2c9fe6cad990,-89,,0,0,,0
13:05:32,,0,51ea7e1bd2972ce3f74a54f824709aad1ffe31c4a9f79db02e5f2c9fe6cad990,-89,,0,0,,0
13:05:33,,0,51ea7e1bd2972ce3f74a54f824709aad1ffe31c4a9f79db02e5f2c9fe6cad990,-89,,0,0,,0
13:05:34,,0,8685f384ec1dee080ac0e7534284485d52a0f84389351e79ffab92774aec2382,-34,,0,0,,0
13:05:35,26.0,0,5d313797f8d9f5933c37d041ceb944f901fd8b51cfb571593ad695d62b12f971,-84,,0,0,7.0,0
13:05:35,,0,51ea7e1bd2972ce3f74a54f824709aad1ffe31c4a9f79db02e5f2c9fe6cad990,-90,,0,0,,0
13:05:36,26.0,0,5d313797f8d9f5933c37d041ceb944f901fd8b51cfb571593ad695d62b12f971,-86,,0,0,7.0,0
13:05:37,26.0,0,5d313797f8d9f5933c37d041ceb944f901fd8b51cfb571593ad695d62b12f971,-84,,0,0,7.0,0
13:05:38,,0,964f13c8899a40850ac31d63f62e110ea2f5cc3fc70062d47cc14c9c414a212b,-45,,0,0,,0
13:05:39,26.0,0,5d313797f8d9f5933c37d041ceb944f901fd8b51cfb571593ad695d62b12f971,-89,,0,0,7.0,0
13:05:39,,0,b59923fabcf271cf06c7b9445df89cf9f5dcdc1fdd2aecf0f27f9f8787b89558,-88,,0,0,,0
13:05:40,,0,964f13c8899a40850ac31d63f62e110ea2f5cc3fc70062d47cc14c9c414a212b,-41,,0,0,,0
13:05:41,26.0,0,5d313797f8d9f5933c37d041ceb944f901fd8b51cfb571593ad695d62b12f971,-82,,0,0,7.0,0
13:05:42,26.0,0,5d313797f8d9f5933c37d041ceb944f901fd8b51cfb571593ad695d62b12f971,-86,,0,0,7.0,0
13:05:43,26.0,0,5d313797f8d9f5933c37d041ceb944f901fd8b51cfb571593ad695d62b12f971,-85,,0,0,7.0,0
13:05:43,26.0,0,5d313797f8d9f5933c37d041ceb944f901fd8b51cfb571593ad695d62b12f971,-86,,0,0,7.0,0
13:05:44,,0,964f13c8899a40850ac31d63f62e110ea2f5cc3fc70062d47cc14c9c414a212b,-44,,0,0,,0
13:05:45,26.0,0,5d313797f8d9f5933c37d041ceb944f901fd8b51cfb571593ad695d62b12f971,-88,,0,0,7.0,0
13:05:46,26.0,0,5d313797f8d9f5933c37d041ceb944f901fd8b51cfb571593ad695d62b12f971,-83,,0,0,7.0,0
13:05:46,26.0,0,5d313797f8d9f5933c37d041ceb944f901fd8b51cfb571593ad695d62b12f971,-88,,0,0,7.0,0
13:05:47,26.0,0,5d313797f8d9f5933c37d041ceb944f901fd8b51cfb571593ad695d62b12f971,-85,,0,0,7.0,0
13:05:48,26.0,0,5d313797f8d9f5933c37d041ceb944f901fd8b51cfb571593ad695d62b12f971,-87,,0,0,7.0,0
13:05:49,26.0,0,5d313797f8d9f5933c37d041ceb944f901fd8b51cfb571593ad695d62b12f971,-85,,0,0,7.0,0
13:05:50,26.0,0,5d313797f8d9f5933c37d041ceb944f901fd8b51cfb571593ad695d62b12f971,-84,,0,0,7.0,0
13:05:50,,0,862659e939ee761da54abee5ce94e4f7cbca48d6afb5349dc23e80b925568134,-89,,0,0,,0
13:05:51,26.0,0,5d313797f8d9f5933c37d041ceb944f901fd8b51cfb571593ad695d62b12f971,-83,,0,0,7.0,0
13:05:52,,0,862659e939ee761da54abee5ce94e4f7cbca48d6afb5349dc23e80b925568134,-86,,0,0,,0
13:05:53,26.0,0,5d313797f8d9f5933c37d041ceb944f901fd8b51cfb571593ad695d62b12f971,-83,,0,0,7.0,0
13:05:54,,0,862659e939ee761da54abee5ce94e4f7cbca48d6afb5349dc23e80b925568134,-86,,0,0,,0
13:05:54,,0,964f13c8899a40850ac31d63f62e110ea2f5cc3fc70062d47cc14c9c414a212b,-49,,0,0,,0
13:05:55,26.0,0,5d313797f8d9f5933c37d041ceb944f901fd8b51cfb571593ad695d62b12f971,-86,,0,0,7.0,0
13:05:56,26.0,0,5d313797f8d9f5933c37d041ceb944f901fd8b51cfb571593ad695d62b12f971,-83,,0,0,7.0,0
13:05:57,26.0,0,5d313797f8d9f5933c37d041ceb944f901fd8b51cfb571593ad695d62b12f971,-81,,0,0,7.0,0
13:05:57,26.0,0,5d313797f8d9f5933c37d041ceb944f901fd8b51cfb571593ad695d62b12f971,-86,,0,0,7.0,0
13:05:58,,0,964f13c8899a40850ac31d63f62e110ea2f5cc3fc70062d47cc14c9c414a212b,-40,,0,0,,0
13:05:59,26.0,0,5d313797f8d9f5933c37d041ceb944f901fd8b51cfb571593ad695d62b12f971,-83,,0,0,7.0,0
13:06:00,26.0,0,5d313797f8d9f5933c37d041ceb944f901fd8b51cfb571593ad695d62b12f971,-85,,0,0,7.0,0
13:06:01,26.0,0,5d313797f8d9f5933c37d041ceb944f901fd8b51cfb571593ad695d62b12f971,-86,,0,0,7.0,0
13:06:01,,0,862659e939ee761da54abee5ce94e4f7cbca48d6afb5349dc23e80b925568134,-95,,0,0,,0
13:06:02,26.0,0,5d313797f8d9f5933c37d041ceb944f901fd8b51cfb571593ad695d62b12f971,-86,,0,0,7.0,0
13:06:03,,0,862659e939ee761da54abee5ce94e4f7cbca48d6afb5349dc23e80b925568134,-100,,0,0,,0
13:06:04,,0,862659e939ee761da54abee5ce94e4f7cbca48d6afb5349dc23e80b925568134,-87,,0,0,,0
13:06:04,26.0,0,5d313797f8d9f5933c37d041ceb944f901fd8b51cfb571593ad695d62b12f971,-83,,0,0,7.0,0
13:06:05,26.0,0,5d313797f8d9f5933c37d041ceb944f901fd8b51cfb571593ad695d62b12f971,-82,,0,0,7.0,0
13:06:06,,0,8685f384ec1dee080ac0e7534284485d52a0f84389351e79ffab92774aec2382,-32,,0,0,,0
13:06:07,26.0,0,5d313797f8d9f5933c37d041ceb944f901fd8b51cfb571593ad695d62b12f971,-82,,0,0,7.0,0
13:06:08,,0,862659e939ee761da54abee5ce94e4f7cbca48d6afb5349dc23e80b925568134,-96,,0,0,,0
13:06:08,26.0,0,5d313797f8d9f5933c37d041ceb944f901fd8b51cfb571593ad695d62b12f971,-82,,0,0,7.0,0
13:06:09,26.0,0,5d313797f8d9f5933c37d041ceb944f901fd8b51cfb571593ad695d62b12f971,-81,,0,0,7.0,0
13:06:10,26.0,0,5d313797f8d9f5933c37d041ceb944f901fd8b51cfb571593ad695d62b12f971,-83,,0,0,7.0,0
13:06:11,26.0,0,5d313797f8d9f5933c37d041ceb944f901fd8b51cfb571593ad695d62b12f971,-83,,0,0,7.0,0
13:06:11,26.0,0,5d313797f8d9f5933c37d041ceb944f901fd8b51cfb571593ad695d62b12f971,-84,,0,0,7.0,0
13:06:12,,0,94f9c128845d6a9dfe006c6c1d8d6d3aaf25aa344981fc0677256b1258759289,-84,,0,0,,0
13:06:13,26.0,0,5d313797f8d9f5933c37d041ceb944f901fd8b51cfb571593ad695d62b12f971,-81,,0,0,7.0,0
13:06:14,,0,8685f384ec1dee080ac0e7534284485d52a0f84389351e79ffab92774aec2382,-34,,0,0,,0
13:06:15,26.0,0,5d313797f8d9f5933c37d041ceb944f901fd8b51cfb571593ad695d62b12f971,-83,,0,0,7.0,0
13:06:15,,0,862659e939ee761da54abee5ce94e4f7cbca48d6afb5349dc23e80b925568134,-91,,0,0,,0
13:06:16,26.0,0,5d313797f8d9f5933c37d041ceb944f901fd8b51cfb571593ad695d62b12f971,-82,,0,0,7.0,0
13:06:17,26.0,0,5d313797f8d9f5933c37d041ceb944f901fd8b51cfb571593ad695d62b12f971,-86,,0,0,7.0,0
13:06:18,,0,8685f384ec1dee080ac0e7534284485d52a0f84389351e79ffab92774aec2382,-31,,0,0,,0
13:06:19,,0,862659e939ee761da54abee5ce94e4f7cbca48d6afb5349dc23e80b925568134,-90,,0,0,,0
13:06:19,26.0,0,5d313797f8d9f5933c37d041ceb944f901fd8b51cfb571593ad695d62b12f971,-83,,0,0,7.0,0
13:06:20,,0,862659e939ee761da54abee5ce94e4f7cbca48d6afb5349dc23e80b925568134,-92,,0,0,,0
13:06:21,26.0,0,5d313797f8d9f5933c37d041ceb944f901fd8b51cfb571593ad695d62b12f971,-82,,0,0,7.0,0
13:06:22,,0,862659e939ee761da54abee5ce94e4f7cbca48d6afb5349dc23e80b925568134,-94,,0,0,,0
13:06:22,26.0,0,5d313797f8d9f5933c37d041ceb944f901fd8b51cfb571593ad695d62b12f971,-80,,0,0,7.0,0
13:06:23,,0,862659e939ee761da54abee5ce94e4f7cbca48d6afb5349dc23e80b925568134,-91,,0,0,,0
13:06:24,,0,8685f384ec1dee080ac0e7534284485d52a0f84389351e79ffab92774aec2382,-32,,0,0,,0
13:06:25,26.0,0,5d313797f8d9f5933c37d041ceb944f901fd8b51cfb571593ad695d62b12f971,-83,,0,0,7.0,0
13:06:26,,0,862659e939ee761da54abee5ce94e4f7cbca48d6afb5349dc23e80b925568134,-91,,0,0,,0
13:06:26,,0,862659e939ee761da54abee5ce94e4f7cbca48d6afb5349dc23e80b925568134,-93,,0,0,,0
13:06:27,,0,862659e939ee761da54abee5ce94e4f7cbca48d6afb5349dc23e80b925568134,-92,,0,0,,0
13:06:28,,0,8685f384ec1dee080ac0e7534284485d52a0f84389351e79ffab92774aec2382,-32,,0,0,,0
13:06:29,,0,862659e939ee761da54abee5ce94e4f7cbca48d6afb5349dc23e80b925568134,-88,,0,0,,0
13:06:29,,0,862659e939ee761da54abee5ce94e4f7cbca48d6afb5349dc23e80b925568134,-91,,0,0,,0
13:06:30,26.0,0,5d313797f8d9f5933c37d041ceb944f901fd8b51cfb571593ad695d62b12f971,-83,,0,0,7.0,0
13:06:31,26.0,0,5d313797f8d9f5933c37d041ceb944f901fd8b51cfb571593ad695d62b12f971,-82,,0,0,7.0,0
13:06:32,26.0,0,5d313797f8d9f5933c37d041ceb944f901fd8b51cfb571593ad695d62b12f971,-81,,0,0,7.0,0
13:06:33,26.0,0,5d313797f8d9f5933c37d041ceb944f901fd8b51cfb571593ad695d62b12f971,-85,,0,0,7.0,0
13:06:33,26.0,0,5d313797f8d9f5933c37d041ceb944f901fd8b51cfb571593ad695d62b12f971,-83,,0,0,7.0,0
13:06:34,,0,b59923fabcf271cf06c7b9445df89cf9f5dcdc1fdd2aecf0f27f9f8787b89558,-94,,0,0,,0
13:06:35,,0,8685f384ec1dee080ac0e7534284485d52a0f84389351e79ffab92774aec2382,-30,,0,0,,0
13:06:36,,0,964f13c8899a40850ac31d63f62e110ea2f5cc3fc70062d47cc14c9c414a212b,-40,,0,0,,0
13:06:36,,0,862659e939ee761da54abee5ce94e4f7cbca48d6afb5349dc23e80b925568134,-90,,0,0,,0
13:06:37,,0,8685f384ec1dee080ac0e7534284485d52a0f84389351e79ffab92774aec2382,-32,,0,0,,0
13:06:38,,0,b59923fabcf271cf06c7b9445df89cf9f5dcdc1fdd2aecf0f27f9f8787b89558,-86,,0,0,,0
13:06:39,,0,862659e939ee761da54abee5ce94e4f7cbca48d6afb5349dc23e80b925568134,-92,,0,0,,0
13:06:40,26.0,0,5d313797f8d9f5933c37d041ceb944f901fd8b51cfb571593ad695d62b12f971,-85,,0,0,7.0,0
13:06:40,,0,862659e939ee761da54abee5ce94e4f7cbca48d6afb5349dc23e80b925568134,-93,,0,0,,0
13:06:41,,0,862659e939ee761da54abee5ce94e4f7cbca48d6afb5349dc23e80b925568134,-87,,0,0,,0
13:06:42,26.0,0,5d313797f8d9f5933c37d041ceb944f901fd8b51cfb571593ad695d62b12f971,-85,,0,0,7.0,0
13:06:43,26.0,0,5d313797f8d9f5933c37d041ceb944f901fd8b51cfb571593ad695d62b12f971,-83,,0,0,7.0,0
13:06:43,26.0,0,5d313797f8d9f5933c37d041ceb944f901fd8b51cfb571593ad695d62b12f971,-86,,0,0,7.0,0
13:06:44,26.0,0,5d313797f8d9f5933c37d041ceb944f901fd8b51cfb571593ad695d62b12f971,-83,,0,0,7.0,0
13:06:45,26.0,0,5d313797f8d9f5933c37d041ceb944f901fd8b51cfb571593ad695d62b12f971,-81,,0,0,7.0,0
13:06:46,,0,b59923fabcf271cf06c7b9445df89cf9f5dcdc1fdd2aecf0f27f9f8787b89558,-86,,0,0,,0
13:06:47,26.0,0,5d313797f8d9f5933c37d041ceb944f901fd8b51cfb571593ad695d62b12f971,-81,,0,0,7.0,0
13:06:47,26.0,0,5d313797f8d9f5933c37d041ceb944f901fd8b51cfb571593ad695d62b12f971,-85,,0,0,7.0,0
13:06:48,,0,94f9c128845d6a9dfe006c6c1d8d6d3aaf25aa344981fc0677256b1258759289,-80,,0,0,,0
13:06:49,26.0,0,5d313797f8d9f5933c37d041ceb944f901fd8b51cfb571593ad695d62b12f971,-79,,0,0,7.0,0
13:06:50,26.0,0,5d313797f8d9f5933c37d041ceb944f901fd8b51cfb571593ad695d62b12f971,-80,,0,0,7.0,0
13:06:50,26.0,0,5d313797f8d9f5933c37d041ceb944f901fd8b51cfb571593ad695d62b12f971,-83,,0,0,7.0,0
13:06:51,26.0,0,5d313797f8d9f5933c37d041ceb944f901fd8b51cfb571593ad695d62b12f971,-79,,0,0,7.0,0
13:06:52,,0,862659e939ee761da54abee5ce94e4f7cbca48d6afb5349dc23e80b925568134,-95,,0,0,,0
13:06:53,26.0,0,2bcca1db97b053df60c3b4c0889c0dcd3bf2a29506ffd845df85870321b76514,-85,,0,0,12.0,0
13:06:54,26.0,0,5d313797f8d9f5933c37d041ceb944f901fd8b51cfb571593ad695d62b12f971,-81,,0,0,7.0,0
13:06:54,,0,b59923fabcf271cf06c7b9445df89cf9f5dcdc1fdd2aecf0f27f9f8787b89558,-87,,0,0,,0
13:06:55,,0,862659e939ee761da54abee5ce94e4f7cbca48d6afb5349dc23e80b925568134,-90,,0,0,,0
13:06:56,,0,862659e939ee761da54abee5ce94e4f7cbca48d6afb5349dc23e80b925568134,-89,,0,0,,0
13:06:57,,0,862659e939ee761da54abee5ce94e4f7cbca48d6afb5349dc23e80b925568134,-91,,0,0,,0
13:06:58,,0,8685f384ec1dee080ac0e7534284485d52a0f84389351e79ffab92774aec2382,-30,,0,0,,0
13:06:58,,0,94f9c128845d6a9dfe006c6c1d8d6d3aaf25aa344981fc0677256b1258759289,-79,,0,0,,0
13:06:59,26.0,0,5d313797f8d9f5933c37d041ceb944f901fd8b51cfb571593ad695d62b12f971,-81,,0,0,7.0,0
13:07:00,,0,8685f384ec1dee080ac0e7534284485d52a0f84389351e79ffab92774aec2382,-32,,0,0,,0
13:07:01,26.0,0,5d313797f8d9f5933c37d041ceb944f901fd8b51cfb571593ad695d62b12f971,-80,,0,0,7.0,0
13:07:01,,0,862659e939ee761da54abee5ce94e4f7cbca48d6afb5349dc23e80b925568134,-88,,0,0,,0
13:07:02,,0,964f13c8899a40850ac31d63f62e110ea2f5cc3fc70062d47cc14c9c414a212b,-42,,0,0,,0
13:07:03,26.0,0,5d313797f8d9f5933c37d041ceb944f901fd8b51cfb571593ad695d62b12f971,-83,,0,0,7.0,0
13:07:04,,0,8685f384ec1dee080ac0e7534284485d52a0f84389351e79ffab92774aec2382,-31,,0,0,,0
13:07:05,,0,862659e939ee761da54abee5ce94e4f7cbca48d6afb5349dc23e80b925568134,-89,,0,0,,0
13:07:05,26.0,0,2bcca1db97b053df60c3b4c0889c0dcd3bf2a29506ffd845df85870321b76514,-87,,0,0,12.0,0
13:07:06,,0,862659e939ee761da54abee5ce94e4f7cbca48d6afb5349dc23e80b925568134,-84,,0,0,,0
13:07:07,,0,b59923fabcf271cf06c7b9445df89cf9f5dcdc1fdd2aecf0f27f9f8787b89558,-87,,0,0,,0
13:07:08,,0,8685f384ec1dee080ac0e7534284485d52a0f84389351e79ffab92774aec2382,-30,,0,0,,0
13:07:08,26.0,0,2bcca1db97b053df60c3b4c0889c0dcd3bf2a29506ffd845df85870321b76514,-84,,0,0,12.0,0
13:07:09,26.0,0,5d313797f8d9f5933c37d041ceb944f901fd8b51cfb571593ad695d62b12f971,-84,,0,0,7.0,0
13:07:10,,0,8685f384ec1dee080ac0e7534284485d52a0f84389351e79ffab92774aec2382,-30,,0,0,,0
13:07:11,26.0,0,5d313797f8d9f5933c37d041ceb944f901fd8b51cfb571593ad695d62b12f971,-83,,0,0,7.0,0
13:07:12,26.0,0,5d313797f8d9f5933c37d041ceb944f901fd8b51cfb571593ad695d62b12f971,-82,,0,0,7.0,0
13:07:12,26.0,0,5d313797f8d9f5933c37d041ceb944f901fd8b51cfb571593ad695d62b12f971,-86,,0,0,7.0,0
13:07:13,26.0,0,2bcca1db97b053df60c3b4c0889c0dcd3bf2a29506ffd845df85870321b76514,-86,,0,0,12.0,0
13:07:14,26.0,0,5d313797f8d9f5933c37d041ceb944f901fd8b51cfb571593ad695d62b12f971,-79,,0,0,7.0,0
13:07:15,,0,862659e939ee761da54abee5ce94e4f7cbca48d6afb5349dc23e80b925568134,-84,,0,0,,0
13:07:16,,0,862659e939ee761da54abee5ce94e4f7cbca48d6afb5349dc23e80b925568134,-92,,0,0,,0
13:07:16,26.0,0,5d313797f8d9f5933c37d041ceb944f901fd8b51cfb571593ad695d62b12f971,-81,,0,0,7.0,0
13:07:17,26.0,0,2bcca1db97b053df60c3b4c0889c0dcd3bf2a29506ffd845df85870321b76514,-83,,0,0,12.0,0
13:07:18,,0,862659e939ee761da54abee5ce94e4f7cbca48d6afb5349dc23e80b925568134,-89,,0,0,,0
13:07:19,,0,b59923fabcf271cf06c7b9445df89cf9f5dcdc1fdd2aecf0f27f9f8787b89558,-83,,0,0,,0
13:07:19,26.0,0,5d313797f8d9f5933c37d041ceb944f901fd8b51cfb571593ad695d62b12f971,-83,,0,0,7.0,0
13:07:20,,0,862659e939ee761da54abee5ce94e4f7cbca48d6afb5349dc23e80b925568134,-93,,0,0,,0
13:07:21,,0,862659e939ee761da54abee5ce94e4f7cbca48d6afb5349dc23e80b925568134,-93,,0,0,,0
13:07:22,26.0,0,5d313797f8d9f5933c37d041ceb944f901fd8b51cfb571593ad695d62b12f971,-79,,0,0,7.0,0
13:07:23,,0,b59923fabcf271cf06c7b9445df89cf9f5dcdc1fdd2aecf0f27f9f8787b89558,-87,,0,0,,0
13:07:23,26.0,0,5d313797f8d9f5933c37d041ceb944f901fd8b51cfb571593ad695d62b12f971,-80,,0,0,7.0,0
13:07:24,,0,964f13c8899a40850ac31d63f62e110ea2f5cc3fc70062d47cc14c9c414a212b,-42,,0,0,,0
13:07:25,26.0,0,5d313797f8d9f5933c37d041ceb944f901fd8b51cfb571593ad695d62b12f971,-78,,0,0,7.0,0
13:07:26,26.0,0,5d313797f8d9f5933c37d041ceb944f901fd8b51cfb571593ad695d62b12f971,-79,,0,0,7.0,0
13:07:27,,0,94f9c128845d6a9dfe006c6c1d8d6d3aaf25aa344981fc0677256b1258759289,-80,,0,0,,0
13:07:27,26.0,0,2bcca1db97b053df60c3b4c0889c0dcd3bf2a29506ffd845df85870321b76514,-83,,0,0,12.0,0
13:07:28,26.0,0,5d313797f8d9f5933c37d041ceb944f901fd8b51cfb571593ad695d62b12f971,-79,,0,0,7.0,0
13:07:29,26.0,0,5d313797f8d9f5933c37d041ceb944f901fd8b51cfb571593ad695d62b12f971,-80,,0,0,7.0,0
13:07:30,,0,862659e939ee761da54abee5ce94e4f7cbca48d6afb5349dc23e80b925568134,-91,,0,0,,0
13:07:30,,0,964f13c8899a40850ac31d63f62e110ea2f5cc3fc70062d47cc14c9c414a212b,-47,,0,0,,0
13:07:31,,0,862659e939ee761da54abee5ce94e4f7cbca48d6afb5349dc23e80b925568134,-92,,0,0,,0
13:07:32,,0,964f13c8899a40850ac31d63f62e110ea2f5cc3fc70062d47cc14c9c414a212b,-39,,0,0,,0
13:07:33,26.0,0,5d313797f8d9f5933c37d041ceb944f901fd8b51cfb571593ad695d62b12f971,-79,,0,0,7.0,0
13:07:34,26.0,0,5d313797f8d9f5933c37d041ceb944f901fd8b51cfb571593ad695d62b12f971,-79,,0,0,7.0,0
13:07:34,,0,862659e939ee761da54abee5ce94e4f7cbca48d6afb5349dc23e80b925568134,-94,,0,0,,0
13:07:35,,0,8685f384ec1dee080ac0e7534284485d52a0f84389351e79ffab92774aec2382,-30,,0,0,,0
13:07:36,,0,94f9c128845d6a9dfe006c6c1d8d6d3aaf25aa344981fc0677256b1258759289,-90,,0,0,,0
13:07:37,26.0,0,5d313797f8d9f5933c37d041ceb944f901fd8b51cfb571593ad695d62b12f971,-88,,0,0,7.0,0
13:07:37,,0,8685f384ec1dee080ac0e7534284485d52a0f84389351e79ffab92774aec2382,-30,,0,0,,0
13:07:38,26.0,0,5d313797f8d9f5933c37d041ceb944f901fd8b51cfb571593ad695d62b12f971,-82,,0,0,7.0,0
13:07:39,26.0,0,5d313797f8d9f5933c37d041ceb944f901fd8b51cfb571593ad695d62b12f971,-85,,0,0,7.0,0
13:07:40,26.0,0,5d313797f8d9f5933c37d041ceb944f901fd8b51cfb571593ad695d62b12f971,-86,,0,0,7.0,0
13:07:41,26.0,0,5d313797f8d9f5933c37d041ceb944f901fd8b51cfb571593ad695d62b12f971,-85,,0,0,7.0,0
13:07:41,26.0,0,5d313797f8d9f5933c37d041ceb944f901fd8b51cfb571593ad695d62b12f971,-81,,0,0,7.0,0
13:07:42,,0,8685f384ec1dee080ac0e7534284485d52a0f84389351e79ffab92774aec2382,-30,,0,0,,0
13:07:43,26.0,0,5d313797f8d9f5933c37d041ceb944f901fd8b51cfb571593ad695d62b12f971,-79,,0,0,7.0,0
13:07:44,26.0,0,5d313797f8d9f5933c37d041ceb944f901fd8b51cfb571593ad695d62b12f971,-79,,0,0,7.0,0
13:07:45,,0,964f13c8899a40850ac31d63f62e110ea2f5cc3fc70062d47cc14c9c414a212b,-44,,0,0,,0
13:07:45,26.0,0,5d313797f8d9f5933c37d041ceb944f901fd8b51cfb571593ad695d62b12f971,-77,,0,0,7.0,0
13:07:46,,0,8685f384ec1dee080ac0e7534284485d52a0f84389351e79ffab92774aec2382,-32,,0,0,,0
13:07:47,26.0,0,5d313797f8d9f5933c37d041ceb944f901fd8b51cfb571593ad695d62b12f971,-79,,0,0,7.0,0
13:07:48,26.0,0,5d313797f8d9f5933c37d041ceb944f901fd8b51cfb571593ad695d62b12f971,-84,,0,0,7.0,0
13:07:48,26.0,0,5d313797f8d9f5933c37d041ceb944f901fd8b51cfb571593ad695d62b12f971,-79,,0,0,7.0,0
13:07:49,26.0,0,5d313797f8d9f5933c37d041ceb944f901fd8b51cfb571593ad695d62b12f971,-83,,0,0,7.0,0
13:07:50,26.0,0,5d313797f8d9f5933c37d041ceb944f901fd8b51cfb571593ad695d62b12f971,-78,,0,0,7.0,0
13:07:51,26.0,0,5d313797f8d9f5933c37d041ceb944f901fd8b51cfb571593ad695d62b12f971,-80,,0,0,7.0,0
13:07:52,26.0,0,5d313797f8d9f5933c37d041ceb944f901fd8b51cfb571593ad695d62b12f971,-79,,0,0,7.0,0
13:07:52,,0,964f13c8899a40850ac31d63f62e110ea2f5cc3fc70062d47cc14c9c414a212b,-43,,0,0,,0
13:07:53,26.0,0,5d313797f8d9f5933c37d041ceb944f901fd8b51cfb571593ad695d62b12f971,-83,,0,0,7.0,0
13:07:54,26.0,0,5d313797f8d9f5933c37d041ceb944f901fd8b51cfb571593ad695d62b12f971,-81,,0,0,7.0,0
13:07:55,26.0,0,5d313797f8d9f5933c37d041ceb944f901fd8b51cfb571593ad695d62b12f971,-82,,0,0,7.0,0
13:07:55,,0,862659e939ee761da54abee5ce94e4f7cbca48d6afb5349dc23e80b925568134,-89,,0,0,,0
13:07:56,26.0,0,5d313797f8d9f5933c37d041ceb944f901fd8b51cfb571593ad695d62b12f971,-90,,0,0,7.0,0
13:07:57,,0,862659e939ee761da54abee5ce94e4f7cbca48d6afb5349dc23e80b925568134,-89,,0,0,,0
13:07:58,,0,862659e939ee761da54abee5ce94e4f7cbca48d6afb5349dc23e80b925568134,-95,,0,0,,0
13:07:58,,0,862659e939ee761da54abee5ce94e4f7cbca48d6afb5349dc23e80b925568134,-86,,0,0,,0
13:07:59,26.0,0,5d313797f8d9f5933c37d041ceb944f901fd8b51cfb571593ad695d62b12f971,-83,,0,0,7.0,0
13:08:00,26.0,0,5d313797f8d9f5933c37d041ceb944f901fd8b51cfb571593ad695d62b12f971,-83,,0,0,7.0,0
13:08:01,26.0,0,5d313797f8d9f5933c37d041ceb944f901fd8b51cfb571593ad695d62b12f971,-80,,0,0,7.0,0
13:08:02,26.0,0,5d313797f8d9f5933c37d041ceb944f901fd8b51cfb571593ad695d62b12f971,-85,,0,0,7.0,0
13:08:02,,0,964f13c8899a40850ac31d63f62e110ea2f5cc3fc70062d47cc14c9c414a212b,-41,,0,0,,0
13:08:03,,0,b59923fabcf271cf06c7b9445df89cf9f5dcdc1fdd2aecf0f27f9f8787b89558,-88,,0,0,,0
13:08:04,26.0,0,5d313797f8d9f5933c37d041ceb944f901fd8b51cfb571593ad695d62b12f971,-79,,0,0,7.0,0
13:08:05,26.0,0,5d313797f8d9f5933c37d041ceb944f901fd8b51cfb571593ad695d62b12f971,-78,,0,0,7.0,0
13:08:06,26.0,0,5d313797f8d9f5933c37d041ceb944f901fd8b51cfb571593ad695d62b12f971,-80,,0,0,7.0,0
13:08:06,26.0,0,5d313797f8d9f5933c37d041ceb944f901fd8b51cfb571593ad695d62b12f971,-79,,0,0,7.0,0
13:08:07,26.0,0,5d313797f8d9f5933c37d041ceb944f901fd8b51cfb571593ad695d62b12f971,-80,,0,0,7.0,0
13:08:08,,0,964f13c8899a40850ac31d63f62e110ea2f5cc3fc70062d47cc14c9c414a212b,-42,,0,0,,0
13:08:09,26.0,0,5d313797f8d9f5933c37d041ceb944f901fd8b51cfb571593ad695d62b12f971,-79,,0,0,7.0,0
13:08:10,26.0,0,5d313797f8d9f5933c37d041ceb944f901fd8b51cfb571593ad695d62b12f971,-77,,0,0,7.0,0
13:08:10,,0,94f9c128845d6a9dfe006c6c1d8d6d3aaf25aa344981fc0677256b1258759289,-79,,0,0,,0
13:08:11,26.0,0,5d313797f8d9f5933c37d041ceb944f901fd8b51cfb571593ad695d62b12f971,-78,,0,0,7.0,0
13:08:12,26.0,0,5d313797f8d9f5933c37d041ceb944f901fd8b51cfb571593ad695d62b12f971,-79,,0,0,7.0,0
13:08:13,26.0,0,5d313797f8d9f5933c37d041ceb944f901fd8b51cfb571593ad695d62b12f971,-79,,0,0,7.0,0
13:08:13,26.0,0,5d313797f8d9f5933c37d041ceb944f901fd8b51cfb571593ad695d62b12f971,-79,,0,0,7.0,0
13:08:14,26.0,0,5d313797f8d9f5933c37d041ceb944f901fd8b51cfb571593ad695d62b12f971,-79,,0,0,7.0,0
13:08:15,26.0,0,5d313797f8d9f5933c37d041ceb944f901fd8b51cfb571593ad695d62b12f971,-81,,0,0,7.0,0
13:08:16,26.0,0,8a569ffab7ed7f1108d2f682bf599b2e1b58170c9b94595ba65342e291f32cb3,-91,,0,0,12.0,0
13:08:17,,0,862659e939ee761da54abee5ce94e4f7cbca48d6afb5349dc23e80b925568134,-94,,0,0,,0
13:08:17,,0,b59923fabcf271cf06c7b9445df89cf9f5dcdc1fdd2aecf0f27f9f8787b89558,-85,,0,0,,0
13:08:18,,0,862659e939ee761da54abee5ce94e4f7cbca48d6afb5349dc23e80b925568134,-95,,0,0,,0
13:08:19,,0,862659e939ee761da54abee5ce94e4f7cbca48d6afb5349dc23e80b925568134,-93,,0,0,,0
13:08:20,,0,8685f384ec1dee080ac0e7534284485d52a0f84389351e79ffab92774aec2382,-32,,0,0,,0
13:08:20,26.0,0,5d313797f8d9f5933c37d041ceb944f901fd8b51cfb571593ad695d62b12f971,-80,,0,0,7.0,0
13:08:21,26.0,0,8a569ffab7ed7f1108d2f682bf599b2e1b58170c9b94595ba65342e291f32cb3,-91,,0,0,12.0,0
13:08:22,,0,862659e939ee761da54abee5ce94e4f7cbca48d6afb5349dc23e80b925568134,-91,,0,0,,0
13:08:23,26.0,0,5d313797f8d9f5933c37d041ceb944f901fd8b51cfb571593ad695d62b12f971,-82,,0,0,7.0,0
13:08:24,,0,862659e939ee761da54abee5ce94e4f7cbca48d6afb5349dc23e80b925568134,-94,,0,0,,0
13:08:24,26.0,0,5d313797f8d9f5933c37d041ceb944f901fd8b51cfb571593ad695d62b12f971,-78,,0,0,7.0,0
13:08:25,26.0,0,5d313797f8d9f5933c37d041ceb944f901fd8b51cfb571593ad695d62b12f971,-78,,0,0,7.0,0
13:08:26,26.0,0,5d313797f8d9f5933c37d041ceb944f901fd8b51cfb571593ad695d62b12f971,-80,,0,0,7.0,0
13:08:27,26.0,0,5d313797f8d9f5933c37d041ceb944f901fd8b51cfb571593ad695d62b12f971,-80,,0,0,7.0,0
13:08:28,26.0,0,5d313797f8d9f5933c37d041ceb944f901fd8b51cfb571593ad695d62b12f971,-80,,0,0,7.0,0
13:08:28,,0,964f13c8899a40850ac31d63f62e110ea2f5cc3fc70062d47cc14c9c414a212b,-44,,0,0,,0
13:08:29,26.0,0,5d313797f8d9f5933c37d041ceb944f901fd8b51cfb571593ad695d62b12f971,-85,,0,0,7.0,0
13:08:30,,0,8685f384ec1dee080ac0e7534284485d52a0f84389351e79ffab92774aec2382,-30,,0,0,,0
13:08:31,,0,94f9c128845d6a9dfe006c6c1d8d6d3aaf25aa344981fc0677256b1258759289,-80,,0,0,,0
13:08:31,26.0,0,5d313797f8d9f5933c37d041ceb944f901fd8b51cfb571593ad695d62b12f971,-89,,0,0,7.0,0
13:08:32,26.0,0,5d313797f8d9f5933c37d041ceb944f901fd8b51cfb571593ad695d62b12f971,-86,,0,0,7.0,0
13:08:33,,0,862659e939ee761da54abee5ce94e4f7cbca48d6afb5349dc23e80b925568134,-86,,0,0,,0
13:08:34,,0,862659e939ee761da54abee5ce94e4f7cbca48d6afb5349dc23e80b925568134,-94,,0,0,,0
13:08:35,26.0,0,5d313797f8d9f5933c37d041ceb944f901fd8b51cfb571593ad695d62b12f971,-85,,0,0,7.0,0
13:08:35,,0,862659e939ee761da54abee5ce94e4f7cbca48d6afb5349dc23e80b925568134,-91,,0,0,,0
13:08:36,,0,5c5dfbef89991825efb45af19738b60497fe0b573fb520b5c14880d30b1d58ca,-42,,0,0,,0
13:08:37,26.0,0,5d313797f8d9f5933c37d041ceb944f901fd8b51cfb571593ad695d62b12f971,-83,,0,0,7.0,0
13:08:38,,0,8685f384ec1dee080ac0e7534284485d52a0f84389351e79ffab92774aec2382,-32,,0,0,,0
13:08:38,26.0,0,5d313797f8d9f5933c37d041ceb944f901fd8b51cfb571593ad695d62b12f971,-86,,0,0,7.0,0
13:08:39,26.0,0,5d313797f8d9f5933c37d041ceb944f901fd8b51cfb571593ad695d62b12f971,-81,,0,0,7.0,0
13:08:40,,0,8685f384ec1dee080ac0e7534284485d52a0f84389351e79ffab92774aec2382,-31,,0,0,,0
13:08:41,26.0,0,5d313797f8d9f5933c37d041ceb944f901fd8b51cfb571593ad695d62b12f971,-82,,0,0,7.0,0
13:08:42,,0,862659e939ee761da54abee5ce94e4f7cbca48d6afb5349dc23e80b925568134,-94,,0,0,,0
13:08:42,26.0,0,5d313797f8d9f5933c37d041ceb944f901fd8b51cfb571593ad695d62b12f971,-80,,0,0,7.0,0
13:08:43,26.0,0,5d313797f8d9f5933c37d041ceb944f901fd8b51cfb571593ad695d62b12f971,-81,,0,0,7.0,0
13:08:44,26.0,0,5d313797f8d9f5933c37d041ceb944f901fd8b51cfb571593ad695d62b12f971,-80,,0,0,7.0,0
13:08:45,,0,94f9c128845d6a9dfe006c6c1d8d6d3aaf25aa344981fc0677256b1258759289,-81,,0,0,,0
13:08:46,26.0,0,5d313797f8d9f5933c37d041ceb944f901fd8b51cfb571593ad695d62b12f971,-81,,0,0,7.0,0
13:08:46,,0,94f9c128845d6a9dfe006c6c1d8d6d3aaf25aa344981fc0677256b1258759289,-86,,0,0,,0
13:08:47,26.0,0,5d313797f8d9f5933c37d041ceb944f901fd8b51cfb571593ad695d62b12f971,-89,,0,0,7.0,0
13:08:48,26.0,0,5d313797f8d9f5933c37d041ceb944f901fd8b51cfb571593ad695d62b12f971,-88,,0,0,7.0,0
13:08:49,26.0,0,5d313797f8d9f5933c37d041ceb944f901fd8b51cfb571593ad695d62b12f971,-88,,0,0,7.0,0
13:08:49,,0,862659e939ee761da54abee5ce94e4f7cbca48d6afb5349dc23e80b925568134,-91,,0,0,,0
13:08:50,,0,5c5dfbef89991825efb45af19738b60497fe0b573fb520b5c14880d30b1d58ca,-45,,0,0,,0
13:08:51,,0,862659e939ee761da54abee5ce94e4f7cbca48d6afb5349dc23e80b925568134,-91,,0,0,,0
13:08:52,26.0,0,5d313797f8d9f5933c37d041ceb944f901fd8b51cfb571593ad695d62b12f971,-82,,0,0,7.0,0
13:08:53,,0,862659e939ee761da54abee5ce94e4f7cbca48d6afb5349dc23e80b925568134,-93,,0,0,,0
13:08:53,26.0,0,5d313797f8d9f5933c37d041ceb944f901fd8b51cfb571593ad695d62b12f971,-83,,0,0,7.0,0
13:08:54,26.0,0,5d313797f8d9f5933c37d041ceb944f901fd8b51cfb571593ad695d62b12f971,-79,,0,0,7.0,0
13:08:55,26.0,0,5d313797f8d9f5933c37d041ceb944f901fd8b51cfb571593ad695d62b12f971,-82,,0,0,7.0,0
13:08:56,,0,862659e939ee761da54abee5ce94e4f7cbca48d6afb5349dc23e80b925568134,-94,,0,0,,0
13:08:56,,0,94f9c128845d6a9dfe006c6c1d8d6d3aaf25aa344981fc0677256b1258759289,-82,,0,0,,0
13:08:57,,0,862659e939ee761da54abee5ce94e4f7cbca48d6afb5349dc23e80b925568134,-92,,0,0,,0
13:08:58,,0,8685f384ec1dee080ac0e7534284485d52a0f84389351e79ffab92774aec2382,-31,,0,0,,0
13:08:59,,0,862659e939ee761da54abee5ce94e4f7cbca48d6afb5349dc23e80b925568134,-95,,0,0,,0
13:09:00,26.0,0,5d313797f8d9f5933c37d041ceb944f901fd8b51cfb571593ad695d62b12f971,-85,,0,0,7.0,0
13:09:00,26.0,0,5d313797f8d9f5933c37d041ceb944f901fd8b51cfb571593ad695d62b12f971,-81,,0,0,7.0,0
13:09:01,26.0,0,5d313797f8d9f5933c37d041ceb944f901fd8b51cfb571593ad695d62b12f971,-81,,0,0,7.0,0
13:09:02,,0,8685f384ec1dee080ac0e7534284485d52a0f84389351e79ffab92774aec2382,-32,,0,0,,0
13:09:03,,0,94f9c128845d6a9dfe006c6c1d8d6d3aaf25aa344981fc0677256b1258759289,-81,,0,0,,0
13:09:03,26.0,0,5d313797f8d9f5933c37d041ceb944f901fd8b51cfb571593ad695d62b12f971,-82,,0,0,7.0,0
13:09:04,,0,94f9c128845d6a9dfe006c6c1d8d6d3aaf25aa344981fc0677256b1258759289,-82,,0,0,,0
13:09:05,26.0,0,8a569ffab7ed7f1108d2f682bf599b2e1b58170c9b94595ba65342e291f32cb3,-91,,0,0,12.0,0
13:09:06,,0,8685f384ec1dee080ac0e7534284485d52a0f84389351e79ffab92774aec2382,-30,,0,0,,0
13:09:07,,0,862659e939ee761da54abee5ce94e4f7cbca48d6afb5349dc23e80b925568134,-87,,0,0,,0
13:09:07,,0,b59923fabcf271cf06c7b9445df89cf9f5dcdc1fdd2aecf0f27f9f8787b89558,-85,,0,0,,0
13:09:08,,0,5c5dfbef89991825efb45af19738b60497fe0b573fb520b5c14880d30b1d58ca,-42,,0,0,,0
13:09:09,26.0,0,5d313797f8d9f5933c37d041ceb944f901fd8b51cfb571593ad695d62b12f971,-81,,0,0,7.0,0
13:09:10,,0,862659e939ee761da54abee5ce94e4f7cbca48d6afb5349dc23e80b925568134,-89,,0,0,,0
13:09:11,26.0,0,5d313797f8d9f5933c37d041ceb944f901fd8b51cfb571593ad695d62b12f971,-82,,0,0,7.0,0
13:09:11,,0,862659e939ee761da54abee5ce94e4f7cbca48d6afb5349dc23e80b925568134,-87,,0,0,,0
13:09:12,,0,5c5dfbef89991825efb45af19738b60497fe0b573fb520b5c14880d30b1d58ca,-44,,0,0,,0
13:09:13,26.0,0,5d313797f8d9f5933c37d041ceb944f901fd8b51cfb571593ad695d62b12f971,-83,,0,0,7.0,0
13:09:14,26.0,0,5d313797f8d9f5933c37d041ceb944f901fd8b51cfb571593ad695d62b12f971,-89,,0,0,7.0,0
13:09:14,,0,b59923fabcf271cf06c7b9445df89cf9f5dcdc1fdd2aecf0f27f9f8787b89558,-84,,0,0,,0
13:09:15,,0,862659e939ee761da54abee5ce94e4f7cbca48d6afb5349dc23e80b925568134,-95,,0,0,,0
13:09:16,26.0,0,5d313797f8d9f5933c37d041ceb944f901fd8b51cfb571593ad695d62b12f971,-87,,0,0,7.0,0
13:09:17,,0,862659e939ee761da54abee5ce94e4f7cbca48d6afb5349dc23e80b925568134,-91,,0,0,,0
13:09:18,,0,94f9c128845d6a9dfe006c6c1d8d6d3aaf25aa344981fc0677256b1258759289,-90,,0,0,,0
13:09:18,,0,862659e939ee761da54abee5ce94e4f7cbca48d6afb5349dc23e80b925568134,-94,,0,0,,0
13:09:19,,0,862659e939ee761da54abee5ce94e4f7cbca48d6afb5349dc23e80b925568134,-94,,0,0,,0
13:09:20,,0,862659e939ee761da54abee5ce94e4f7cbca48d6afb5349dc23e80b925568134,-91,,0,0,,0
13:09:21,,0,94f9c128845d6a9dfe006c6c1d8d6d3aaf25aa344981fc0677256b1258759289,-86,,0,0,,0
13:09:21,,0,b59923fabcf271cf06c7b9445df89cf9f5dcdc1fdd2aecf0f27f9f8787b89558,-84,,0,0,,0
13:09:22,,0,94f9c128845d6a9dfe006c6c1d8d6d3aaf25aa344981fc0677256b1258759289,-88,,0,0,,0
13:09:23,26.0,0,5d313797f8d9f5933c37d041ceb944f901fd8b51cfb571593ad695d62b12f971,-88,,0,0,7.0,0
13:09:24,26.0,0,5d313797f8d9f5933c37d041ceb944f901fd8b51cfb571593ad695d62b12f971,-88,,0,0,7.0,0
13:09:25,,0,862659e939ee761da54abee5ce94e4f7cbca48d6afb5349dc23e80b925568134,-86,,0,0,,0
13:09:25,,0,b59923fabcf271cf06c7b9445df89cf9f5dcdc1fdd2aecf0f27f9f8787b89558,-88,,0,0,,0
13:09:26,26.0,0,8a569ffab7ed7f1108d2f682bf599b2e1b58170c9b94595ba65342e291f32cb3,-94,,0,0,12.0,0
13:09:27,26.0,0,5d313797f8d9f5933c37d041ceb944f901fd8b51cfb571593ad695d62b12f971,-88,,0,0,7.0,0
13:09:28,,0,8685f384ec1dee080ac0e7534284485d52a0f84389351e79ffab92774aec2382,-30,,0,0,,0
13:09:29,26.0,0,5d313797f8d9f5933c37d041ceb944f901fd8b51cfb571593ad695d62b12f971,-89,,0,0,7.0,0
13:09:29,26.0,0,5d313797f8d9f5933c37d041ceb944f901fd8b51cfb571593ad695d62b12f971,-85,,0,0,7.0,0
13:09:30,,0,8685f384ec1dee080ac0e7534284485d52a0f84389351e79ffab92774aec2382,-32,,0,0,,0
13:09:31,,0,862659e939ee761da54abee5ce94e4f7cbca48d6afb5349dc23e80b925568134,-95,,0,0,,0
13:09:32,,0,862659e939ee761da54abee5ce94e4f7cbca48d6afb5349dc23e80b925568134,-95,,0,0,,0
13:09:32,26.0,0,5d313797f8d9f5933c37d041ceb944f901fd8b51cfb571593ad695d62b12f971,-88,,0,0,7.0,0
13:09:33,26.0,0,5d313797f8d9f5933c37d041ceb944f901fd8b51cfb571593ad695d62b12f971,-88,,0,0,7.0,0
13:09:34,,0,8685f384ec1dee080ac0e7534284485d52a0f84389351e79ffab92774aec2382,-30,,0,0,,0
13:09:35,26.0,0,5d313797f8d9f5933c37d041ceb944f901fd8b51cfb571593ad695d62b12f971,-87,,0,0,7.0,0
13:09:36,,0,94f9c128845d6a9dfe006c6c1d8d6d3aaf25aa344981fc0677256b1258759289,-88,,0,0,,0
13:09:36,,0,94f9c128845d6a9dfe006c6c1d8d6d3aaf25aa344981fc0677256b1258759289,-91,,0,0,,0
13:09:37,,0,8685f384ec1dee080ac0e7534284485d52a0f84389351e79ffab92774aec2382,-30,,0,0,,0
13:09:38,26.0,0,5d313797f8d9f5933c37d041ceb944f901fd8b51cfb571593ad695d62b12f971,-86,,0,0,7.0,0
13:09:39,26.0,0,5d313797f8d9f5933c37d041ceb944f901fd8b51cfb571593ad695d62b12f971,-87,,0,0,7.0,0
13:09:39,,0,94f9c128845d6a9dfe006c6c1d8d6d3aaf25aa344981fc0677256b1258759289,-91,,0,0,,0
13:09:40,,0,8685f384ec1dee080ac0e7534284485d52a0f84389351e79ffab92774aec2382,-31,,0,0,,0
13:09:41,26.0,0,5d313797f8d9f5933c37d041ceb944f901fd8b51cfb571593ad695d62b12f971,-77,,0,0,7.0,0
13:09:42,,0,8685f384ec1dee080ac0e7534284485d52a0f84389351e79ffab92774aec2382,-32,,0,0,,0
13:09:43,,0,862659e939ee761da54abee5ce94e4f7cbca48d6afb5349dc23e80b925568134,-92,,0,0,,0
13:09:43,,0,94f9c128845d6a9dfe006c6c1d8d6d3aaf25aa344981fc0677256b1258759289,-91,,0,0,,0
13:09:44,,0,8685f384ec1dee080ac0e7534284485d52a0f84389351e79ffab92774aec2382,-30,,0,0,,0
13:09:45,,0,862659e939ee761da54abee5ce94e4f7cbca48d6afb5349dc23e80b925568134,-93,,0,0,,0
13:09:46,26.0,0,5d313797f8d9f5933c37d041ceb944f901fd8b51cfb571593ad695d62b12f971,-81,,0,0,7.0,0
13:09:47,26.0,0,5d313797f8d9f5933c37d041ceb944f901fd8b51cfb571593ad695d62b12f971,-81,,0,0,7.0,0
13:09:47,,0,b59923fabcf271cf06c7b9445df89cf9f5dcdc1fdd2aecf0f27f9f8787b89558,-85,,0,0,,0
13:09:48,,0,8685f384ec1dee080ac0e7534284485d52a0f84389351e79ffab92774aec2382,-32,,0,0,,0
13:09:49,,0,862659e939ee761da54abee5ce94e4f7cbca48d6afb5349dc23e80b925568134,-93,,0,0,,0
13:09:50,,0,b59923fabcf271cf06c7b9445df89cf9f5dcdc1fdd2aecf0f27f9f8787b89558,-83,,0,0,,0
13:09:50,26.0,0,5d313797f8d9f5933c37d041ceb944f901fd8b51cfb571593ad695d62b12f971,-84,,0,0,7.0,0
13:09:51,,0,94f9c128845d6a9dfe006c6c1d8d6d3aaf25aa344981fc0677256b1258759289,-89,,0,0,,0
13:09:52,,0,8685f384ec1dee080ac0e7534284485d52a0f84389351e79ffab92774aec2382,-30,,0,0,,0
13:09:53,26.0,0,5d313797f8d9f5933c37d041ceb944f901fd8b51cfb571593ad695d62b12f971,-87,,0,0,7.0,0
13:09:54,,0,b59923fabcf271cf06c7b9445df89cf9f5dcdc1fdd2aecf0f27f9f8787b89558,-85,,0,0,,0
13:09:54,26.0,0,5d313797f8d9f5933c37d041ceb944f901fd8b51cfb571593ad695d62b12f971,-87,,0,0,7.0,0
13:09:55,,0,94f9c128845d6a9dfe006c6c1d8d6d3aaf25aa344981fc0677256b1258759289,-93,,0,0,,0
13:09:56,,0,8685f384ec1dee080ac0e7534284485d52a0f84389351e79ffab92774aec2382,-30,,0,0,,0
13:09:57,26.0,0,5d313797f8d9f5933c37d041ceb944f901fd8b51cfb571593ad695d62b12f971,-87,,0,0,7.0,0
13:09:57,,0,862659e939ee761da54abee5ce94e4f7cbca48d6afb5349dc23e80b925568134,-94,,0,0,,0
13:09:58,,0,8685f384ec1dee080ac0e7534284485d52a0f84389351e79ffab92774aec2382,-31,,0,0,,0
13:09:59,26.0,0,5d313797f8d9f5933c37d041ceb944f901fd8b51cfb571593ad695d62b12f971,-82,,0,0,7.0,0
13:10:00,,0,862659e939ee761da54abee5ce94e4f7cbca48d6afb5349dc23e80b925568134,-95,,0,0,,0
13:10:01,,0,b59923fabcf271cf06c7b9445df89cf9f5dcdc1fdd2aecf0f27f9f8787b89558,-85,,0,0,,0
13:10:01,,0,862659e939ee761da54abee5ce94e4f7cbca48d6afb5349dc23e80b925568134,-87,,0,0,,0
13:10:02,,0,8685f384ec1dee080ac0e7534284485d52a0f84389351e79ffab92774aec2382,-30,,0,0,,0
13:10:03,26.0,0,8a569ffab7ed7f1108d2f682bf599b2e1b58170c9b94595ba65342e291f32cb3,-90,,0,0,12.0,0
13:10:04,,0,8685f384ec1dee080ac0e7534284485d52a0f84389351e79ffab92774aec2382,-30,,0,0,,0
13:10:05,,0,94f9c128845d6a9dfe006c6c1d8d6d3aaf25aa344981fc0677256b1258759289,-94,,0,0,,0
13:10:05,,0,b59923fabcf271cf06c7b9445df89cf9f5dcdc1fdd2aecf0f27f9f8787b89558,-89,,0,0,,0
13:10:06,,0,94f9c128845d6a9dfe006c6c1d8d6d3aaf25aa344981fc0677256b1258759289,-94,,0,0,,0
13:10:07,,0,b59923fabcf271cf06c7b9445df89cf9f5dcdc1fdd2aecf0f27f9f8787b89558,-84,,0,0,,0
13:10:08,,0,94f9c128845d6a9dfe006c6c1d8d6d3aaf25aa344981fc0677256b1258759289,-91,,0,0,,0
13:10:08,26.0,0,8a569ffab7ed7f1108d2f682bf599b2e1b58170c9b94595ba65342e291f32cb3,-95,,0,0,12.0,0
13:10:09,,0,94f9c128845d6a9dfe006c6c1d8d6d3aaf25aa344981fc0677256b1258759289,-91,,0,0,,0
13:10:10,26.0,0,8a569ffab7ed7f1108d2f682bf599b2e1b58170c9b94595ba65342e291f32cb3,-89,,0,0,12.0,0
13:10:11,,0,b59923fabcf271cf06c7b9445df89cf9f5dcdc1fdd2aecf0f27f9f8787b89558,-89,,0,0,,0
13:10:12,,0,5c5dfbef89991825efb45af19738b60497fe0b573fb520b5c14880d30b1d58ca,-58,,0,0,,0
13:10:12,,0,b59923fabcf271cf06c7b9445df89cf9f5dcdc1fdd2aecf0f27f9f8787b89558,-88,,0,0,,0
13:10:13,,0,5c5dfbef89991825efb45af19738b60497fe0b573fb520b5c14880d30b1d58ca,-64,,0,0,,0
13:10:14,26.0,0,6e13998004a60a2e905960eaec46e1cf915f8142390cf3f49ad878f7683d5329,-59,,0,0,7.0,0
13:10:15,26.0,0,6e13998004a60a2e905960eaec46e1cf915f8142390cf3f49ad878f7683d5329,-59,,0,0,7.0,0
13:10:15,,0,862659e939ee761da54abee5ce94e4f7cbca48d6afb5349dc23e80b925568134,-92,,0,0,,0
13:10:16,26.0,0,6e13998004a60a2e905960eaec46e1cf915f8142390cf3f49ad878f7683d5329,-65,,0,0,7.0,0
13:10:17,26.0,0,6e13998004a60a2e905960eaec46e1cf915f8142390cf3f49ad878f7683d5329,-60,,0,0,7.0,0
13:10:18,26.0,0,6e13998004a60a2e905960eaec46e1cf915f8142390cf3f49ad878f7683d5329,-64,,0,0,7.0,0
13:10:19,,0,b59923fabcf271cf06c7b9445df89cf9f5dcdc1fdd2aecf0f27f9f8787b89558,-88,,0,0,,0
13:10:19,26.0,0,6e13998004a60a2e905960eaec46e1cf915f8142390cf3f49ad878f7683d5329,-63,,0,0,7.0,0
13:10:20,26.0,0,6e13998004a60a2e905960eaec46e1cf915f8142390cf3f49ad878f7683d5329,-62,,0,0,7.0,0
13:10:21,26.0,0,6e13998004a60a2e905960eaec46e1cf915f8142390cf3f49ad878f7683d5329,-63,,0,0,7.0,0
13:10:22,26.0,0,6e13998004a60a2e905960eaec46e1cf915f8142390cf3f49ad878f7683d5329,-61,,0,0,7.0,0
13:10:23,26.0,0,6e13998004a60a2e905960eaec46e1cf915f8142390cf3f49ad878f7683d5329,-63,,0,0,7.0,0
13:10:23,,0,5c5dfbef89991825efb45af19738b60497fe0b573fb520b5c14880d30b1d58ca,-63,,0,0,,0
13:10:24,26.0,0,6e13998004a60a2e905960eaec46e1cf915f8142390cf3f49ad878f7683d5329,-64,,0,0,7.0,0
13:10:25,,0,b59923fabcf271cf06c7b9445df89cf9f5dcdc1fdd2aecf0f27f9f8787b89558,-88,,0,0,,0
13:10:26,26.0,0,6e13998004a60a2e905960eaec46e1cf915f8142390cf3f49ad878f7683d5329,-63,,0,0,7.0,0
13:10:26,26.0,0,6e13998004a60a2e905960eaec46e1cf915f8142390cf3f49ad878f7683d5329,-61,,0,0,7.0,0
13:10:27,26.0,0,6e13998004a60a2e905960eaec46e1cf915f8142390cf3f49ad878f7683d5329,-62,,0,0,7.0,0
13:10:28,26.0,0,8a569ffab7ed7f1108d2f682bf599b2e1b58170c9b94595ba65342e291f32cb3,-89,,0,0,12.0,0
13:10:29,26.0,0,5d313797f8d9f5933c37d041ceb944f901fd8b51cfb571593ad695d62b12f971,-91,,0,0,7.0,0
13:10:30,26.0,0,6e13998004a60a2e905960eaec46e1cf915f8142390cf3f49ad878f7683d5329,-57,,0,0,7.0,0
13:10:30,,0,8685f384ec1dee080ac0e7534284485d52a0f84389351e79ffab92774aec2382,-29,,0,0,,0
13:10:31,,0,5c5dfbef89991825efb45af19738b60497fe0b573fb520b5c14880d30b1d58ca,-61,,0,0,,0
13:10:32,26.0,0,6e13998004a60a2e905960eaec46e1cf915f8142390cf3f49ad878f7683d5329,-63,,0,0,7.0,0
13:10:33,26.0,0,6e13998004a60a2e905960eaec46e1cf915f8142390cf3f49ad878f7683d5329,-61,,0,0,7.0,0
13:10:33,26.0,0,6e13998004a60a2e905960eaec46e1cf915f8142390cf3f49ad878f7683d5329,-62,,0,0,7.0,0
13:10:34,,0,8685f384ec1dee080ac0e7534284485d52a0f84389351e79ffab92774aec2382,-30,,0,0,,0
13:10:35,26.0,0,6e13998004a60a2e905960eaec46e1cf915f8142390cf3f49ad878f7683d5329,-59,,0,0,7.0,0
13:10:36,,0,862659e939ee761da54abee5ce94e4f7cbca48d6afb5349dc23e80b925568134,-94,,0,0,,0
13:10:37,26.0,0,6e13998004a60a2e905960eaec46e1cf915f8142390cf3f49ad878f7683d5329,-59,,0,0,7.0,0
13:10:37,26.0,0,6e13998004a60a2e905960eaec46e1cf915f8142390cf3f49ad878f7683d5329,-64,,0,0,7.0,0
13:10:38,,0,8685f384ec1dee080ac0e7534284485d52a0f84389351e79ffab92774aec2382,-29,,0,0,,0
13:10:39,26.0,0,8a569ffab7ed7f1108d2f682bf599b2e1b58170c9b94595ba65342e291f32cb3,-91,,0,0,12.0,0
13:10:40,26.0,0,6e13998004a60a2e905960eaec46e1cf915f8142390cf3f49ad878f7683d5329,-62,,0,0,7.0,0
13:10:41,,0,862659e939ee761da54abee5ce94e4f7cbca48d6afb5349dc23e80b925568134,-96,,0,0,,0
13:10:41,26.0,0,6e13998004a60a2e905960eaec46e1cf915f8142390cf3f49ad878f7683d5329,-60,,0,0,7.0,0
13:10:42,26.0,0,6e13998004a60a2e905960eaec46e1cf915f8142390cf3f49ad878f7683d5329,-65,,0,0,7.0,0
13:10:43,26.0,0,6e13998004a60a2e905960eaec46e1cf915f8142390cf3f49ad878f7683d5329,-60,,0,0,7.0,0
13:10:44,26.0,0,6e13998004a60a2e905960eaec46e1cf915f8142390cf3f49ad878f7683d5329,-64,,0,0,7.0,0
13:10:44,26.0,0,6e13998004a60a2e905960eaec46e1cf915f8142390cf3f49ad878f7683d5329,-63,,0,0,7.0,0
13:10:45,26.0,0,6e13998004a60a2e905960eaec46e1cf915f8142390cf3f49ad878f7683d5329,-64,,0,0,7.0,0
13:10:46,26.0,0,6e13998004a60a2e905960eaec46e1cf915f8142390cf3f49ad878f7683d5329,-64,,0,0,7.0,0
13:10:47,26.0,0,6e13998004a60a2e905960eaec46e1cf915f8142390cf3f49ad878f7683d5329,-65,,0,0,7.0,0
13:10:48,26.0,0,6e13998004a60a2e905960eaec46e1cf915f8142390cf3f49ad878f7683d5329,-62,,0,0,7.0,0
13:10:48,,0,8685f384ec1dee080ac0e7534284485d52a0f84389351e79ffab92774aec2382,-29,,0,0,,0
13:10:49,,0,862659e939ee761da54abee5ce94e4f7cbca48d6afb5349dc23e80b925568134,-93,,0,0,,0
13:10:50,,0,8685f384ec1dee080ac0e7534284485d52a0f84389351e79ffab92774aec2382,-29,,0,0,,0
13:10:51,,0,94f9c128845d6a9dfe006c6c1d8d6d3aaf25aa344981fc0677256b1258759289,-93,,0,0,,0
13:10:51,26.0,0,6e13998004a60a2e905960eaec46e1cf915f8142390cf3f49ad878f7683d5329,-64,,0,0,7.0,0
13:10:52,,0,8685f384ec1dee080ac0e7534284485d52a0f84389351e79ffab92774aec2382,-30,,0,0,,0
13:10:53,26.0,0,6e13998004a60a2e905960eaec46e1cf915f8142390cf3f49ad878f7683d5329,-64,,0,0,7.0,0
13:10:54,26.0,0,6e13998004a60a2e905960eaec46e1cf915f8142390cf3f49ad878f7683d5329,-62,,0,0,7.0,0
13:10:55,26.0,0,6e13998004a60a2e905960eaec46e1cf915f8142390cf3f49ad878f7683d5329,-64,,0,0,7.0,0
13:10:55,26.0,0,6e13998004a60a2e905960eaec46e1cf915f8142390cf3f49ad878f7683d5329,-68,,0,0,7.0,0
13:10:56,,0,b59923fabcf271cf06c7b9445df89cf9f5dcdc1fdd2aecf0f27f9f8787b89558,-88,,0,0,,0
13:10:57,26.0,0,6e13998004a60a2e905960eaec46e1cf915f8142390cf3f49ad878f7683d5329,-64,,0,0,7.0,0
13:10:58,26.0,0,6e13998004a60a2e905960eaec46e1cf915f8142390cf3f49ad878f7683d5329,-63,,0,0,7.0,0
13:10:59,26.0,0,6e13998004a60a2e905960eaec46e1cf915f8142390cf3f49ad878f7683d5329,-64,,0,0,7.0,0
13:10:59,26.0,0,6e13998004a60a2e905960eaec46e1cf915f8142390cf3f49ad878f7683d5329,-63,,0,0,7.0,0
13:11:00,26.0,0,6e13998004a60a2e905960eaec46e1cf915f8142390cf3f49ad878f7683d5329,-64,,0,0,7.0,0
13:11:01,26.0,0,6e13998004a60a2e905960eaec46e1cf915f8142390cf3f49ad878f7683d5329,-63,,0,0,7.0,0
13:11:02,26.0,0,6e13998004a60a2e905960eaec46e1cf915f8142390cf3f49ad878f7683d5329,-64,,0,0,7.0,0
13:11:02,26.0,0,6e13998004a60a2e905960eaec46e1cf915f8142390cf3f49ad878f7683d5329,-64,,0,0,7.0,0
13:11:03,26.0,0,6e13998004a60a2e905960eaec46e1cf915f8142390cf3f49ad878f7683d5329,-64,,0,0,7.0,0
13:11:04,26.0,0,5d313797f8d9f5933c37d041ceb944f901fd8b51cfb571593ad695d62b12f971,-87,,0,0,7.0,0
13:11:05,26.0,0,6e13998004a60a2e905960eaec46e1cf915f8142390cf3f49ad878f7683d5329,-65,,0,0,7.0,0
13:11:06,26.0,0,6e13998004a60a2e905960eaec46e1cf915f8142390cf3f49ad878f7683d5329,-64,,0,0,7.0,0
13:11:06,26.0,0,6e13998004a60a2e905960eaec46e1cf915f8142390cf3f49ad878f7683d5329,-65,,0,0,7.0,0
13:11:07,26.0,0,6e13998004a60a2e905960eaec46e1cf915f8142390cf3f49ad878f7683d5329,-64,,0,0,7.0,0
13:11:08,,0,b59923fabcf271cf06c7b9445df89cf9f5dcdc1fdd2aecf0f27f9f8787b89558,-90,,0,0,,0
13:11:09,26.0,0,6e13998004a60a2e905960eaec46e1cf915f8142390cf3f49ad878f7683d5329,-64,,0,0,7.0,0
13:11:09,,0,5c5dfbef89991825efb45af19738b60497fe0b573fb520b5c14880d30b1d58ca,-64,,0,0,,0
13:11:10,,0,b59923fabcf271cf06c7b9445df89cf9f5dcdc1fdd2aecf0f27f9f8787b89558,-88,,0,0,,0
13:11:11,26.0,0,6e13998004a60a2e905960eaec46e1cf915f8142390cf3f49ad878f7683d5329,-63,,0,0,7.0,0
13:11:12,26.0,0,6e13998004a60a2e905960eaec46e1cf915f8142390cf3f49ad878f7683d5329,-64,,0,0,7.0,0
13:11:13,26.0,0,6e13998004a60a2e905960eaec46e1cf915f8142390cf3f49ad878f7683d5329,-63,,0,0,7.0,0
13:11:13,26.0,0,6e13998004a60a2e905960eaec46e1cf915f8142390cf3f49ad878f7683d5329,-64,,0,0,7.0,0
13:11:14,,0,b59923fabcf271cf06c7b9445df89cf9f5dcdc1fdd2aecf0f27f9f8787b89558,-86,,0,0,,0
13:11:15,26.0,0,6e13998004a60a2e905960eaec46e1cf915f8142390cf3f49ad878f7683d5329,-65,,0,0,7.0,0
13:11:16,26.0,0,8a569ffab7ed7f1108d2f682bf599b2e1b58170c9b94595ba65342e291f32cb3,-87,,0,0,12.0,0
13:11:16,26.0,0,6e13998004a60a2e905960eaec46e1cf915f8142390cf3f49ad878f7683d5329,-65,,0,0,7.0,0
13:11:17,,0,5c5dfbef89991825efb45af19738b60497fe0b573fb520b5c14880d30b1d58ca,-65,,0,0,,0
13:11:18,26.0,0,6e13998004a60a2e905960eaec46e1cf915f8142390cf3f49ad878f7683d5329,-65,,0,0,7.0,0
13:11:19,26.0,0,6e13998004a60a2e905960eaec46e1cf915f8142390cf3f49ad878f7683d5329,-69,,0,0,7.0,0
13:11:20,26.0,0,6e13998004a60a2e905960eaec46e1cf915f8142390cf3f49ad878f7683d5329,-66,,0,0,7.0,0
13:11:20,26.0,0,6e13998004a60a2e905960eaec46e1cf915f8142390cf3f49ad878f7683d5329,-68,,0,0,7.0,0
13:11:21,26.0,0,6e13998004a60a2e905960eaec46e1cf915f8142390cf3f49ad878f7683d5329,-63,,0,0,7.0,0
13:11:22,26.0,0,6e13998004a60a2e905960eaec46e1cf915f8142390cf3f49ad878f7683d5329,-65,,0,0,7.0,0
13:11:23,26.0,0,6e13998004a60a2e905960eaec46e1cf915f8142390cf3f49ad878f7683d5329,-64,,0,0,7.0,0
13:11:24,,0,5c5dfbef89991825efb45af19738b60497fe0b573fb520b5c14880d30b1d58ca,-63,,0,0,,0
13:11:24,26.0,0,6e13998004a60a2e905960eaec46e1cf915f8142390cf3f49ad878f7683d5329,-61,,0,0,7.0,0
13:11:25,26.0,0,6e13998004a60a2e905960eaec46e1cf915f8142390cf3f49ad878f7683d5329,-62,,0,0,7.0,0
13:11:26,26.0,0,6e13998004a60a2e905960eaec46e1cf915f8142390cf3f49ad878f7683d5329,-61,,0,0,7.0,0
13:11:27,26.0,0,6e13998004a60a2e905960eaec46e1cf915f8142390cf3f49ad878f7683d5329,-59,,0,0,7.0,0
13:11:27,,0,5c5dfbef89991825efb45af19738b60497fe0b573fb520b5c14880d30b1d58ca,-64,,0,0,,0
13:11:28,,0,8685f384ec1dee080ac0e7534284485d52a0f84389351e79ffab92774aec2382,-29,,0,0,,0
13:11:29,26.0,0,6e13998004a60a2e905960eaec46e1cf915f8142390cf3f49ad878f7683d5329,-63,,0,0,7.0,0
13:11:30,26.0,0,6e13998004a60a2e905960eaec46e1cf915f8142390cf3f49ad878f7683d5329,-64,,0,0,7.0,0
13:11:31,26.0,0,6e13998004a60a2e905960eaec46e1cf915f8142390cf3f49ad878f7683d5329,-64,,0,0,7.0,0
13:11:31,26.0,0,6e13998004a60a2e905960eaec46e1cf915f8142390cf3f49ad878f7683d5329,-63,,0,0,7.0,0
13:11:32,26.0,0,6e13998004a60a2e905960eaec46e1cf915f8142390cf3f49ad878f7683d5329,-64,,0,0,7.0,0
13:11:33,26.0,0,6e13998004a60a2e905960eaec46e1cf915f8142390cf3f49ad878f7683d5329,-63,,0,0,7.0,0
13:11:34,26.0,0,6e13998004a60a2e905960eaec46e1cf915f8142390cf3f49ad878f7683d5329,-65,,0,0,7.0,0
13:11:34,26.0,0,6e13998004a60a2e905960eaec46e1cf915f8142390cf3f49ad878f7683d5329,-63,,0,0,7.0,0
13:11:35,,0,5c5dfbef89991825efb45af19738b60497fe0b573fb520b5c14880d30b1d58ca,-63,,0,0,,0
13:11:36,26.0,0,6e13998004a60a2e905960eaec46e1cf915f8142390cf3f49ad878f7683d5329,-64,,0,0,7.0,0
13:11:37,26.0,0,6e13998004a60a2e905960eaec46e1cf915f8142390cf3f49ad878f7683d5329,-66,,0,0,7.0,0
13:11:38,,0,5c5dfbef89991825efb45af19738b60497fe0b573fb520b5c14880d30b1d58ca,-65,,0,0,,0
13:11:38,,0,8685f384ec1dee080ac0e7534284485d52a0f84389351e79ffab92774aec2382,-30,,0,0,,0
13:11:39,26.0,0,6e13998004a60a2e905960eaec46e1cf915f8142390cf3f49ad878f7683d5329,-64,,0,0,7.0,0
13:11:40,26.0,0,6e13998004a60a2e905960eaec46e1cf915f8142390cf3f49ad878f7683d5329,-67,,0,0,7.0,0
13:11:41,,0,94f9c128845d6a9dfe006c6c1d8d6d3aaf25aa344981fc0677256b1258759289,-94,,0,0,,0
13:11:41,,0,8685f384ec1dee080ac0e7534284485d52a0f84389351e79ffab92774aec2382,-29,,0,0,,0
13:11:42,26.0,0,5d313797f8d9f5933c37d041ceb944f901fd8b51cfb571593ad695d62b12f971,-87,,0,0,7.0,0
13:11:43,,0,8685f384ec1dee080ac0e7534284485d52a0f84389351e79ffab92774aec2382,-30,,0,0,,0
13:11:44,,0,8685f384ec1dee080ac0e7534284485d52a0f84389351e79ffab92774aec2382,-29,,0,0,,0
13:11:45,26.0,0,8a569ffab7ed7f1108d2f682bf599b2e1b58170c9b94595ba65342e291f32cb3,-86,,0,0,12.0,0
13:11:45,,0,b59923fabcf271cf06c7b9445df89cf9f5dcdc1fdd2aecf0f27f9f8787b89558,-89,,0,0,,0
13:11:46,26.0,0,8a569ffab7ed7f1108d2f682bf599b2e1b58170c9b94595ba65342e291f32cb3,-89,,0,0,12.0,0
13:11:47,,0,8685f384ec1dee080ac0e7534284485d52a0f84389351e79ffab92774aec2382,-29,,0,0,,0
13:11:48,,0,5c5dfbef89991825efb45af19738b60497fe0b573fb520b5c14880d30b1d58ca,-54,,0,0,,0
13:11:49,26.0,0,5d313797f8d9f5933c37d041ceb944f901fd8b51cfb571593ad695d62b12f971,-88,,0,0,7.0,0
13:11:49,,0,b59923fabcf271cf06c7b9445df89cf9f5dcdc1fdd2aecf0f27f9f8787b89558,-87,,0,0,,0
13:11:50,,0,8685f384ec1dee080ac0e7534284485d52a0f84389351e79ffab92774aec2382,-31,,0,0,,0
13:11:51,,0,8685f384ec1dee080ac0e7534284485d52a0f84389351e79ffab92774aec2382,-29,,0,0,,0
13:11:52,,0,5c5dfbef89991825efb45af19738b60497fe0b573fb520b5c14880d30b1d58ca,-57,,0,0,,0
13:11:52,26.0,0,8a569ffab7ed7f1108d2f682bf599b2e1b58170c9b94595ba65342e291f32cb3,-88,,0,0,12.0,0
13:11:53,,0,94f9c128845d6a9dfe006c6c1d8d6d3aaf25aa344981fc0677256b1258759289,-93,,0,0,,0
13:11:54,,0,94f9c128845d6a9dfe006c6c1d8d6d3aaf25aa344981fc0677256b1258759289,-91,,0,0,,0
13:11:55,,0,5c5dfbef89991825efb45af19738b60497fe0b573fb520b5c14880d30b1d58ca,-55,,0,0,,0
13:11:56,,0,b59923fabcf271cf06c7b9445df89cf9f5dcdc1fdd2aecf0f27f9f8787b89558,-86,,0,0,,0
13:11:56,,0,8685f384ec1dee080ac0e7534284485d52a0f84389351e79ffab92774aec2382,-45,,0,0,,0
13:11:57,26.0,0,5d313797f8d9f5933c37d041ceb944f901fd8b51cfb571593ad695d62b12f971,-89,,0,0,7.0,0
13:11:58,26.0,0,8a569ffab7ed7f1108d2f682bf599b2e1b58170c9b94595ba65342e291f32cb3,-87,,0,0,12.0,0
13:11:59,,0,5c5dfbef89991825efb45af19738b60497fe0b573fb520b5c14880d30b1d58ca,-59,,0,0,,0
13:11:59,,0,b59923fabcf271cf06c7b9445df89cf9f5dcdc1fdd2aecf0f27f9f8787b89558,-88,,0,0,,0
13:12:00,,0,8685f384ec1dee080ac0e7534284485d52a0f84389351e79ffab92774aec2382,-29,,0,0,,0
13:12:01,,0,b59923fabcf271cf06c7b9445df89cf9f5dcdc1fdd2aecf0f27f9f8787b89558,-87,,0,0,,0
13:12:02,,0,8685f384ec1dee080ac0e7534284485d52a0f84389351e79ffab92774aec2382,-30,,0,0,,0
13:12:03,,0,8685f384ec1dee080ac0e7534284485d52a0f84389351e79ffab92774aec2382,-29,,0,0,,0
13:12:03,,0,5c5dfbef89991825efb45af19738b60497fe0b573fb520b5c14880d30b1d58ca,-55,,0,0,,0
13:12:04,,0,b59923fabcf271cf06c7b9445df89cf9f5dcdc1fdd2aecf0f27f9f8787b89558,-87,,0,0,,0
13:12:05,,0,8685f384ec1dee080ac0e7534284485d52a0f84389351e79ffab92774aec2382,-29,,0,0,,0
13:12:06,,0,5c5dfbef89991825efb45af19738b60497fe0b573fb520b5c14880d30b1d58ca,-44,,0,0,,0
13:12:07,,0,8685f384ec1dee080ac0e7534284485d52a0f84389351e79ffab92774aec2382,-31,,0,0,,0
13:12:07,,0,5c5dfbef89991825efb45af19738b60497fe0b573fb520b5c14880d30b1d58ca,-58,,0,0,,0
13:12:08,26.0,0,8a569ffab7ed7f1108d2f682bf599b2e1b58170c9b94595ba65342e291f32cb3,-87,,0,0,12.0,0
13:12:09,,0,8685f384ec1dee080ac0e7534284485d52a0f84389351e79ffab92774aec2382,-29,,0,0,,0
13:12:10,,0,5c5dfbef89991825efb45af19738b60497fe0b573fb520b5c14880d30b1d58ca,-55,,0,0,,0
13:12:10,,0,5c5dfbef89991825efb45af19738b60497fe0b573fb520b5c14880d30b1d58ca,-45,,0,0,,0
13:12:11,,0,b59923fabcf271cf06c7b9445df89cf9f5dcdc1fdd2aecf0f27f9f8787b89558,-88,,0,0,,0
13:12:12,,0,5c5dfbef89991825efb45af19738b60497fe0b573fb520b5c14880d30b1d58ca,-58,,0,0,,0
13:12:13,,0,5c5dfbef89991825efb45af19738b60497fe0b573fb520b5c14880d30b1d58ca,-55,,0,0,,0
13:12:14,,0,b59923fabcf271cf06c7b9445df89cf9f5dcdc1fdd2aecf0f27f9f8787b89558,-88,,0,0,,0
13:12:14,,0,5c5dfbef89991825efb45af19738b60497fe0b573fb520b5c14880d30b1d58ca,-52,,0,0,,0
13:12:15,,0,94f9c128845d6a9dfe006c6c1d8d6d3aaf25aa344981fc0677256b1258759289,-94,,0,0,,0
13:12:16,,0,862659e939ee761da54abee5ce94e4f7cbca48d6afb5349dc23e80b925568134,-98,,0,0,,0
13:12:17,,0,b59923fabcf271cf06c7b9445df89cf9f5dcdc1fdd2aecf0f27f9f8787b89558,-87,,0,0,,0
13:12:17,,0,5c5dfbef89991825efb45af19738b60497fe0b573fb520b5c14880d30b1d58ca,-55,,0,0,,0
13:12:18,,0,8685f384ec1dee080ac0e7534284485d52a0f84389351e79ffab92774aec2382,-29,,0,0,,0
13:12:19,,0,5c5dfbef89991825efb45af19738b60497fe0b573fb520b5c14880d30b1d58ca,-50,,0,0,,0
13:12:20,,0,b59923fabcf271cf06c7b9445df89cf9f5dcdc1fdd2aecf0f27f9f8787b89558,-88,,0,0,,0
13:12:21,,0,8685f384ec1dee080ac0e7534284485d52a0f84389351e79ffab92774aec2382,-30,,0,0,,0
13:12:21,26.0,0,8a569ffab7ed7f1108d2f682bf599b2e1b58170c9b94595ba65342e291f32cb3,-96,,0,0,12.0,0
13:12:22,,0,5c5dfbef89991825efb45af19738b60497fe0b573fb520b5c14880d30b1d58ca,-58,,0,0,,0
13:12:23,,0,b59923fabcf271cf06c7b9445df89cf9f5dcdc1fdd2aecf0f27f9f8787b89558,-87,,0,0,,0
13:12:24,,0,8685f384ec1dee080ac0e7534284485d52a0f84389351e79ffab92774aec2382,-29,,0,0,,0
13:12:25,,0,5c5dfbef89991825efb45af19738b60497fe0b573fb520b5c14880d30b1d58ca,-55,,0,0,,0
13:12:25,,0,94f9c128845d6a9dfe006c6c1d8d6d3aaf25aa344981fc0677256b1258759289,-93,,0,0,,0
13:12:26,,0,8685f384ec1dee080ac0e7534284485d52a0f84389351e79ffab92774aec2382,-29,,0,0,,0
13:12:27,26.0,0,5d313797f8d9f5933c37d041ceb944f901fd8b51cfb571593ad695d62b12f971,-92,,0,0,7.0,0
13:12:28,,0,5c5dfbef89991825efb45af19738b60497fe0b573fb520b5c14880d30b1d58ca,-44,,0,0,,0
13:12:28,,0,862659e939ee761da54abee5ce94e4f7cbca48d6afb5349dc23e80b925568134,-95,,0,0,,0
13:12:29,,0,b59923fabcf271cf06c7b9445df89cf9f5dcdc1fdd2aecf0f27f9f8787b89558,-88,,0,0,,0
13:12:30,,0,8685f384ec1dee080ac0e7534284485d52a0f84389351e79ffab92774aec2382,-31,,0,0,,0
13:12:31,,0,5c5dfbef89991825efb45af19738b60497fe0b573fb520b5c14880d30b1d58ca,-59,,0,0,,0
13:12:32,,0,94f9c128845d6a9dfe006c6c1d8d6d3aaf25aa344981fc0677256b1258759289,-98,,0,0,,0
13:12:32,,0,8685f384ec1dee080ac0e7534284485d52a0f84389351e79ffab92774aec2382,-29,,0,0,,0
13:12:33,26.0,0,5d313797f8d9f5933c37d041ceb944f901fd8b51cfb571593ad695d62b12f971,-93,,0,0,7.0,0
13:12:34,,0,94f9c128845d6a9dfe006c6c1d8d6d3aaf25aa344981fc0677256b1258759289,-92,,0,0,,0
13:12:35,,0,8685f384ec1dee080ac0e7534284485d52a0f84389351e79ffab92774aec2382,-29,,0,0,,0
13:12:35,,0,8685f384ec1dee080ac0e7534284485d52a0f84389351e79ffab92774aec2382,-31,,0,0,,0
13:12:36,,0,94f9c128845d6a9dfe006c6c1d8d6d3aaf25aa344981fc0677256b1258759289,-94,,0,0,,0
13:12:37,,0,8685f384ec1dee080ac0e7534284485d52a0f84389351e79ffab92774aec2382,-29,,0,0,,0
13:12:38,,0,5c5dfbef89991825efb45af19738b60497fe0b573fb520b5c14880d30b1d58ca,-52,,0,0,,0
13:12:39,,0,8685f384ec1dee080ac0e7534284485d52a0f84389351e79ffab92774aec2382,-29,,0,0,,0
13:12:39,26.0,0,5d313797f8d9f5933c37d041ceb944f901fd8b51cfb571593ad695d62b12f971,-88,,0,0,7.0,0
13:12:40,,0,5c5dfbef89991825efb45af19738b60497fe0b573fb520b5c14880d30b1d58ca,-58,,0,0,,0
13:12:41,26.0,0,5d313797f8d9f5933c37d041ceb944f901fd8b51cfb571593ad695d62b12f971,-82,,0,0,7.0,0
13:12:42,,0,8685f384ec1dee080ac0e7534284485d52a0f84389351e79ffab92774aec2382,-31,,0,0,,0
13:12:43,26.0,0,5d313797f8d9f5933c37d041ceb944f901fd8b51cfb571593ad695d62b12f971,-77,,0,0,7.0,0
13:12:43,,0,5c5dfbef89991825efb45af19738b60497fe0b573fb520b5c14880d30b1d58ca,-55,,0,0,,0
13:12:44,26.0,0,5d313797f8d9f5933c37d041ceb944f901fd8b51cfb571593ad695d62b12f971,-85,,0,0,7.0,0
13:12:45,,0,8685f384ec1dee080ac0e7534284485d52a0f84389351e79ffab92774aec2382,-30,,0,0,,0
13:12:46,26.0,0,5d313797f8d9f5933c37d041ceb944f901fd8b51cfb571593ad695d62b12f971,-84,,0,0,7.0,0
13:12:46,,0,5c5dfbef89991825efb45af19738b60497fe0b573fb520b5c14880d30b1d58ca,-52,,0,0,,0
13:12:47,26.0,0,5d313797f8d9f5933c37d041ceb944f901fd8b51cfb571593ad695d62b12f971,-88,,0,0,7.0,0
13:12:48,,0,8685f384ec1dee080ac0e7534284485d52a0f84389351e79ffab92774aec2382,-30,,0,0,,0
13:12:49,26.0,0,8a569ffab7ed7f1108d2f682bf599b2e1b58170c9b94595ba65342e291f32cb3,-94,,0,0,12.0,0
13:12:50,,0,5c5dfbef89991825efb45af19738b60497fe0b573fb520b5c14880d30b1d58ca,-59,,0,0,,0
13:12:50,,0,8685f384ec1dee080ac0e7534284485d52a0f84389351e79ffab92774aec2382,-31,,0,0,,0
13:12:51,,0,5c5dfbef89991825efb45af19738b60497fe0b573fb520b5c14880d30b1d58ca,-55,,0,0,,0
13:12:52,26.0,0,5d313797f8d9f5933c37d041ceb944f901fd8b51cfb571593ad695d62b12f971,-78,,0,0,7.0,0
13:12:53,26.0,0,5d313797f8d9f5933c37d041ceb944f901fd8b51cfb571593ad695d62b12f971,-80,,0,0,7.0,0
13:12:53,26.0,0,5d313797f8d9f5933c37d041ceb944f901fd8b51cfb571593ad695d62b12f971,-86,,0,0,7.0,0
13:12:54,,0,8685f384ec1dee080ac0e7534284485d52a0f84389351e79ffab92774aec2382,-30,,0,0,,0
13:12:55,26.0,0,5d313797f8d9f5933c37d041ceb944f901fd8b51cfb571593ad695d62b12f971,-89,,0,0,7.0,0
13:12:56,,0,862659e939ee761da54abee5ce94e4f7cbca48d6afb5349dc23e80b925568134,-90,,0,0,,0
13:12:57,26.0,0,5d313797f8d9f5933c37d041ceb944f901fd8b51cfb571593ad695d62b12f971,-87,,0,0,7.0,0
13:12:57,26.0,0,5d313797f8d9f5933c37d041ceb944f901fd8b51cfb571593ad695d62b12f971,-80,,0,0,7.0,0
13:12:58,,0,8685f384ec1dee080ac0e7534284485d52a0f84389351e79ffab92774aec2382,-30,,0,0,,0
13:12:59,,0,862659e939ee761da54abee5ce94e4f7cbca48d6afb5349dc23e80b925568134,-94,,0,0,,0
13:13:00,26.0,0,5d313797f8d9f5933c37d041ceb944f901fd8b51cfb571593ad695d62b12f971,-87,,0,0,7.0,0
13:13:01,26.0,0,5d313797f8d9f5933c37d041ceb944f901fd8b51cfb571593ad695d62b12f971,-77,,0,0,7.0,0
13:13:01,26.0,0,5d313797f8d9f5933c37d041ceb944f901fd8b51cfb571593ad695d62b12f971,-87,,0,0,7.0,0
13:13:02,26.0,0,5d313797f8d9f5933c37d041ceb944f901fd8b51cfb571593ad695d62b12f971,-90,,0,0,7.0,0
13:13:03,,0,5c5dfbef89991825efb45af19738b60497fe0b573fb520b5c14880d30b1d58ca,-58,,0,0,,0
13:13:04,,0,94f9c128845d6a9dfe006c6c1d8d6d3aaf25aa344981fc0677256b1258759289,-90,,0,0,,0
13:13:04,26.0,0,5d313797f8d9f5933c37d041ceb944f901fd8b51cfb571593ad695d62b12f971,-90,,0,0,7.0,0
13:13:05,26.0,0,5d313797f8d9f5933c37d041ceb944f901fd8b51cfb571593ad695d62b12f971,-94,,0,0,7.0,0
13:13:06,26.0,0,5d313797f8d9f5933c37d041ceb944f901fd8b51cfb571593ad695d62b12f971,-85,,0,0,7.0,0
13:13:07,,0,5c5dfbef89991825efb45af19738b60497fe0b573fb520b5c14880d30b1d58ca,-50,,0,0,,0
13:13:08,26.0,0,5d313797f8d9f5933c37d041ceb944f901fd8b51cfb571593ad695d62b12f971,-88,,0,0,7.0,0
13:13:08,,0,5c5dfbef89991825efb45af19738b60497fe0b573fb520b5c14880d30b1d58ca,-58,,0,0,,0
13:13:09,26.0,0,5d313797f8d9f5933c37d041ceb944f901fd8b51cfb571593ad695d62b12f971,-90,,0,0,7.0,0
13:13:10,,0,b59923fabcf271cf06c7b9445df89cf9f5dcdc1fdd2aecf0f27f9f8787b89558,-88,,0,0,,0
13:13:11,26.0,0,5d313797f8d9f5933c37d041ceb944f901fd8b51cfb571593ad695d62b12f971,-87,,0,0,7.0,0
13:13:11,26.0,0,5d313797f8d9f5933c37d041ceb944f901fd8b51cfb571593ad695d62b12f971,-90,,0,0,7.0,0
13:13:12,,0,b59923fabcf271cf06c7b9445df89cf9f5dcdc1fdd2aecf0f27f9f8787b89558,-87,,0,0,,0
13:13:13,26.0,0,5d313797f8d9f5933c37d041ceb944f901fd8b51cfb571593ad695d62b12f971,-85,,0,0,7.0,0
13:13:14,,0,862659e939ee761da54abee5ce94e4f7cbca48d6afb5349dc23e80b925568134,-96,,0,0,,0
13:13:15,26.0,0,5d313797f8d9f5933c37d041ceb944f901fd8b51cfb571593ad695d62b12f971,-92,,0,0,7.0,0
13:13:15,26.0,0,5d313797f8d9f5933c37d041ceb944f901fd8b51cfb571593ad695d62b12f971,-88,,0,0,7.0,0
13:13:16,,0,b59923fabcf271cf06c7b9445df89cf9f5dcdc1fdd2aecf0f27f9f8787b89558,-88,,0,0,,0
13:13:17,26.0,0,5d313797f8d9f5933c37d041ceb944f901fd8b51cfb571593ad695d62b12f971,-90,,0,0,7.0,0
13:13:18,,0,b59923fabcf271cf06c7b9445df89cf9f5dcdc1fdd2aecf0f27f9f8787b89558,-86,,0,0,,0
13:13:19,26.0,0,8a569ffab7ed7f1108d2f682bf599b2e1b58170c9b94595ba65342e291f32cb3,-86,,0,0,12.0,0
13:13:19,,0,b59923fabcf271cf06c7b9445df89cf9f5dcdc1fdd2aecf0f27f9f8787b89558,-88,,0,0,,0
13:13:20,,0,94f9c128845d6a9dfe006c6c1d8d6d3aaf25aa344981fc0677256b1258759289,-88,,0,0,,0
13:13:21,26.0,0,5d313797f8d9f5933c37d041ceb944f901fd8b51cfb571593ad695d62b12f971,-85,,0,0,7.0,0
13:13:22,26.0,0,5d313797f8d9f5933c37d041ceb944f901fd8b51cfb571593ad695d62b12f971,-85,,0,0,7.0,0
13:13:22,26.0,0,5d313797f8d9f5933c37d041ceb944f901fd8b51cfb571593ad695d62b12f971,-84,,0,0,7.0,0
13:13:23,,0,862659e939ee761da54abee5ce94e4f7cbca48d6afb5349dc23e80b925568134,-92,,0,0,,0
13:13:24,26.0,0,5d313797f8d9f5933c37d041ceb944f901fd8b51cfb571593ad695d62b12f971,-83,,0,0,7.0,0
13:13:25,,0,5c5dfbef89991825efb45af19738b60497fe0b573fb520b5c14880d30b1d58ca,-58,,0,0,,0
13:13:26,,0,94f9c128845d6a9dfe006c6c1d8d6d3aaf25aa344981fc0677256b1258759289,-89,,0,0,,0
13:13:26,,0,8685f384ec1dee080ac0e7534284485d52a0f84389351e79ffab92774aec2382,-29,,0,0,,0
13:13:27,,0,862659e939ee761da54abee5ce94e4f7cbca48d6afb5349dc23e80b925568134,-92,,0,0,,0
13:13:28,,0,b59923fabcf271cf06c7b9445df89cf9f5dcdc1fdd2aecf0f27f9f8787b89558,-90,,0,0,,0
13:13:29,,0,5c5dfbef89991825efb45af19738b60497fe0b573fb520b5c14880d30b1d58ca,-44,,0,0,,0
13:13:29,,0,b59923fabcf271cf06c7b9445df89cf9f5dcdc1fdd2aecf0f27f9f8787b89558,-86,,0,0,,0
13:13:30,26.0,0,5d313797f8d9f5933c37d041ceb944f901fd8b51cfb571593ad695d62b12f971,-90,,0,0,7.0,0
13:13:31,,0,5c5dfbef89991825efb45af19738b60497fe0b573fb520b5c14880d30b1d58ca,-57,,0,0,,0
13:13:32,,0,8685f384ec1dee080ac0e7534284485d52a0f84389351e79ffab92774aec2382,-29,,0,0,,0
13:13:33,,0,5c5dfbef89991825efb45af19738b60497fe0b573fb520b5c14880d30b1d58ca,-53,,0,0,,0
13:13:33,,0,b59923fabcf271cf06c7b9445df89cf9f5dcdc1fdd2aecf0f27f9f8787b89558,-88,,0,0,,0
13:13:34,,0,8685f384ec1dee080ac0e7534284485d52a0f84389351e79ffab92774aec2382,-31,,0,0,,0
13:13:35,,0,5c5dfbef89991825efb45af19738b60497fe0b573fb520b5c14880d30b1d58ca,-51,,0,0,,0
13:13:36,,0,b59923fabcf271cf06c7b9445df89cf9f5dcdc1fdd2aecf0f27f9f8787b89558,-85,,0,0,,0
13:13:36,,0,8685f384ec1dee080ac0e7534284485d52a0f84389351e79ffab92774aec2382,-29,,0,0,,0
13:13:37,26.0,0,5d313797f8d9f5933c37d041ceb944f901fd8b51cfb571593ad695d62b12f971,-79,,0,0,7.0,0
13:13:38,,0,8685f384ec1dee080ac0e7534284485d52a0f84389351e79ffab92774aec2382,-29,,0,0,,0
13:13:39,26.0,0,5d313797f8d9f5933c37d041ceb944f901fd8b51cfb571593ad695d62b12f971,-88,,0,0,7.0,0
13:13:40,,0,b59923fabcf271cf06c7b9445df89cf9f5dcdc1fdd2aecf0f27f9f8787b89558,-91,,0,0,,0
13:13:40,26.0,0,5d313797f8d9f5933c37d041ceb944f901fd8b51cfb571593ad695d62b12f971,-86,,0,0,7.0,0
13:13:41,,0,8685f384ec1dee080ac0e7534284485d52a0f84389351e79ffab92774aec2382,-29,,0,0,,0
13:13:42,26.0,0,8a569ffab7ed7f1108d2f682bf599b2e1b58170c9b94595ba65342e291f32cb3,-92,,0,0,12.0,0
13:13:43,26.0,0,5d313797f8d9f5933c37d041ceb944f901fd8b51cfb571593ad695d62b12f971,-87,,0,0,7.0,0
13:13:44,,0,8685f384ec1dee080ac0e7534284485d52a0f84389351e79ffab92774aec2382,-29,,0,0,,0
13:13:44,26.0,0,8a569ffab7ed7f1108d2f682bf599b2e1b58170c9b94595ba65342e291f32cb3,-93,,0,0,12.0,0
13:13:45,,0,94f9c128845d6a9dfe006c6c1d8d6d3aaf25aa344981fc0677256b1258759289,-82,,0,0,,0
13:13:46,,0,8685f384ec1dee080ac0e7534284485d52a0f84389351e79ffab92774aec2382,-30,,0,0,,0
13:13:47,26.0,0,5d313797f8d9f5933c37d041ceb944f901fd8b51cfb571593ad695d62b12f971,-85,,0,0,7.0,0
13:13:47,,0,8685f384ec1dee080ac0e7534284485d52a0f84389351e79ffab92774aec2382,-29,,0,0,,0
13:13:48,,0,5c5dfbef89991825efb45af19738b60497fe0b573fb520b5c14880d30b1d58ca,-54,,0,0,,0
13:13:49,26.0,0,5d313797f8d9f5933c37d041ceb944f901fd8b51cfb571593ad695d62b12f971,-88,,0,0,7.0,0
13:13:50,,0,8685f384ec1dee080ac0e7534284485d52a0f84389351e79ffab92774aec2382,-29,,0,0,,0
13:13:51,,0,5c5dfbef89991825efb45af19738b60497fe0b573fb520b5c14880d30b1d58ca,-51,,0,0,,0
13:13:51,26.0,0,5d313797f8d9f5933c37d041ceb944f901fd8b51cfb571593ad695d62b12f971,-95,,0,0,,0
13:13:52,26.0,0,5d313797f8d9f5933c37d041ceb944f901fd8b51cfb571593ad695d62b12f971,-90,,0,0,,0
13:13:53,26.0,0,5d313797f8d9f5933c37d041ceb944f901fd8b51cfb571593ad695d62b12f971,-84,,0,0,,0
13:13:54,,0,862659e939ee761da54abee5ce94e4f7cbca48d6afb5349dc23e80b925568134,-92,,0,0,,0
13:13:54,,0,8685f384ec1dee080ac0e7534284485d52a0f84389351e79ffab92774aec2382,-30,,0,0,,0
13:13:55,,0,862659e939ee761da54abee5ce94e4f7cbca48d6afb5349dc23e80b925568134,-92,,0,0,,0
13:13:56,,0,8685f384ec1dee080ac0e7534284485d52a0f84389351e79ffab92774aec2382,-29,,0,0,,0
13:13:57,,0,862659e939ee761da54abee5ce94e4f7cbca48d6afb5349dc23e80b925568134,-93,,0,0,,0
13:13:58,,0,94f9c128845d6a9dfe006c6c1d8d6d3aaf25aa344981fc0677256b1258759289,-95,,0,0,,0
13:13:58,,0,8685f384ec1dee080ac0e7534284485d52a0f84389351e79ffab92774aec2382,-31,,0,0,,0
13:13:59,26.0,0,8a569ffab7ed7f1108d2f682bf599b2e1b58170c9b94595ba65342e291f32cb3,-87,,0,0,12.0,0
13:13:59,,0,8685f384ec1dee080ac0e7534284485d52a0f84389351e79ffab92774aec2382,-29,,0,0,,0
13:14:01,26.0,0,8a569ffab7ed7f1108d2f682bf599b2e1b58170c9b94595ba65342e291f32cb3,-85,,0,0,12.0,0
13:14:02,,0,94f9c128845d6a9dfe006c6c1d8d6d3aaf25aa344981fc0677256b1258759289,-85,,0,0,,0
13:14:02,26.0,0,5d313797f8d9f5933c37d041ceb944f901fd8b51cfb571593ad695d62b12f971,-90,,0,0,,0
13:14:03,26.0,0,5d313797f8d9f5933c37d041ceb944f901fd8b51cfb571593ad695d62b12f971,-87,,0,0,,0
13:14:04,26.0,0,5d313797f8d9f5933c37d041ceb944f901fd8b51cfb571593ad695d62b12f971,-89,,0,0,,0
13:14:05,26.0,0,5d313797f8d9f5933c37d041ceb944f901fd8b51cfb571593ad695d62b12f971,-84,,0,0,,0
13:14:05,26.0,0,5d313797f8d9f5933c37d041ceb944f901fd8b51cfb571593ad695d62b12f971,-89,,0,0,,0
13:14:06,26.0,0,5d313797f8d9f5933c37d041ceb944f901fd8b51cfb571593ad695d62b12f971,-86,,0,0,,0
13:14:07,,0,5c5dfbef89991825efb45af19738b60497fe0b573fb520b5c14880d30b1d58ca,-50,,0,0,,0
13:14:08,,0,94f9c128845d6a9dfe006c6c1d8d6d3aaf25aa344981fc0677256b1258759289,-92,,0,0,,0
13:14:08,26.0,0,5d313797f8d9f5933c37d041ceb944f901fd8b51cfb571593ad695d62b12f971,-83,,0,0,,0
13:14:09,26.0,0,5d313797f8d9f5933c37d041ceb944f901fd8b51cfb571593ad695d62b12f971,-85,,0,0,,0
13:14:10,26.0,0,5d313797f8d9f5933c37d041ceb944f901fd8b51cfb571593ad695d62b12f971,-83,,0,0,,0
13:14:11,26.0,0,5d313797f8d9f5933c37d041ceb944f901fd8b51cfb571593ad695d62b12f971,-94,,0,0,,0
13:14:12,26.0,0,5d313797f8d9f5933c37d041ceb944f901fd8b51cfb571593ad695d62b12f971,-86,,0,0,,0
13:14:12,26.0,0,5d313797f8d9f5933c37d041ceb944f901fd8b51cfb571593ad695d62b12f971,-83,,0,0,,0
13:14:13,26.0,0,5d313797f8d9f5933c37d041ceb944f901fd8b51cfb571593ad695d62b12f971,-91,,0,0,,0
13:14:14,,0,862659e939ee761da54abee5ce94e4f7cbca48d6afb5349dc23e80b925568134,-94,,0,0,,0
13:14:14,,0,5c5dfbef89991825efb45af19738b60497fe0b573fb520b5c14880d30b1d58ca,-58,,0,0,,0
13:14:16,26.0,0,5d313797f8d9f5933c37d041ceb944f901fd8b51cfb571593ad695d62b12f971,-83,,0,0,,0
13:14:16,26.0,0,5d313797f8d9f5933c37d041ceb944f901fd8b51cfb571593ad695d62b12f971,-85,,0,0,,0
13:14:17,,0,94f9c128845d6a9dfe006c6c1d8d6d3aaf25aa344981fc0677256b1258759289,-92,,0,0,,0
13:14:18,26.0,0,5d313797f8d9f5933c37d041ceb944f901fd8b51cfb571593ad695d62b12f971,-87,,0,0,,0
13:14:19,26.0,0,5d313797f8d9f5933c37d041ceb944f901fd8b51cfb571593ad695d62b12f971,-85,,0,0,,0
13:14:19,26.0,0,5d313797f8d9f5933c37d041ceb944f901fd8b51cfb571593ad695d62b12f971,-86,,0,0,,0
13:14:20,26.0,0,5d313797f8d9f5933c37d041ceb944f901fd8b51cfb571593ad695d62b12f971,-85,,0,0,,0
13:14:21,26.0,0,5d313797f8d9f5933c37d041ceb944f901fd8b51cfb571593ad695d62b12f971,-86,,0,0,,0
13:14:22,26.0,0,5d313797f8d9f5933c37d041ceb944f901fd8b51cfb571593ad695d62b12f971,-86,,0,0,,0
13:14:23,26.0,0,5d313797f8d9f5933c37d041ceb944f901fd8b51cfb571593ad695d62b12f971,-89,,0,0,,0
13:14:23,,0,8685f384ec1dee080ac0e7534284485d52a0f84389351e79ffab92774aec2382,-29,,0,0,,0
13:14:24,26.0,0,5d313797f8d9f5933c37d041ceb944f901fd8b51cfb571593ad695d62b12f971,-85,,0,0,,0
13:14:25,26.0,0,5d313797f8d9f5933c37d041ceb944f901fd8b51cfb571593ad695d62b12f971,-91,,0,0,,0
13:14:26,26.0,0,8a569ffab7ed7f1108d2f682bf599b2e1b58170c9b94595ba65342e291f32cb3,-88,,0,0,12.0,0
13:14:27,,0,8685f384ec1dee080ac0e7534284485d52a0f84389351e79ffab92774aec2382,-31,,0,0,,0
13:14:27,,0,862659e939ee761da54abee5ce94e4f7cbca48d6afb5349dc23e80b925568134,-95,,0,0,,0
13:14:28,,0,8685f384ec1dee080ac0e7534284485d52a0f84389351e79ffab92774aec2382,-29,,0,0,,0
13:14:29,,0,862659e939ee761da54abee5ce94e4f7cbca48d6afb5349dc23e80b925568134,-92,,0,0,,0
13:14:30,26.0,0,5d313797f8d9f5933c37d041ceb944f901fd8b51cfb571593ad695d62b12f971,-84,,0,0,,0
13:14:30,26.0,0,5d313797f8d9f5933c37d041ceb944f901fd8b51cfb571593ad695d62b12f971,-85,,0,0,,0
13:14:31,26.0,0,5d313797f8d9f5933c37d041ceb944f901fd8b51cfb571593ad695d62b12f971,-89,,0,0,,0
13:14:32,26.0,0,5d313797f8d9f5933c37d041ceb944f901fd8b51cfb571593ad695d62b12f971,-80,,0,0,,0
13:14:33,,0,94f9c128845d6a9dfe006c6c1d8d6d3aaf25aa344981fc0677256b1258759289,-82,,0,0,,0
13:14:34,26.0,0,5d313797f8d9f5933c37d041ceb944f901fd8b51cfb571593ad695d62b12f971,-84,,0,0,,0
13:14:34,,0,b59923fabcf271cf06c7b9445df89cf9f5dcdc1fdd2aecf0f27f9f8787b89558,-88,,0,0,,0
13:14:35,26.0,0,8a569ffab7ed7f1108d2f682bf599b2e1b58170c9b94595ba65342e291f32cb3,-88,,0,0,12.0,0
13:14:36,26.0,0,5d313797f8d9f5933c37d041ceb944f901fd8b51cfb571593ad695d62b12f971,-85,,0,0,,0
13:14:37,,0,94f9c128845d6a9dfe006c6c1d8d6d3aaf25aa344981fc0677256b1258759289,-87,,0,0,,0
13:14:37,26.0,0,5d313797f8d9f5933c37d041ceb944f901fd8b51cfb571593ad695d62b12f971,-92,,0,0,,0
13:14:38,,0,b59923fabcf271cf06c7b9445df89cf9f5dcdc1fdd2aecf0f27f9f8787b89558,-89,,0,0,,0
13:14:39,26.0,0,5d313797f8d9f5933c37d041ceb944f901fd8b51cfb571593ad695d62b12f971,-84,,0,0,,0
13:14:40,,0,b59923fabcf271cf06c7b9445df89cf9f5dcdc1fdd2aecf0f27f9f8787b89558,-87,,0,0,,0
13:14:41,26.0,0,5d313797f8d9f5933c37d041ceb944f901fd8b51cfb571593ad695d62b12f971,-85,,0,0,,0
13:14:41,,0,8685f384ec1dee080ac0e7534284485d52a0f84389351e79ffab92774aec2382,-29,,0,0,,0
13:14:42,26.0,0,5d313797f8d9f5933c37d041ceb944f901fd8b51cfb571593ad695d62b12f971,-83,,0,0,,0
13:14:43,,0,5c5dfbef89991825efb45af19738b60497fe0b573fb520b5c14880d30b1d58ca,-54,,0,0,,0
13:14:44,26.0,0,5d313797f8d9f5933c37d041ceb944f901fd8b51cfb571593ad695d62b12f971,-87,,0,0,,0
13:14:45,,0,8685f384ec1dee080ac0e7534284485d52a0f84389351e79ffab92774aec2382,-31,,0,0,,0
13:14:45,26.0,0,5d313797f8d9f5933c37d041ceb944f901fd8b51cfb571593ad695d62b12f971,-82,,0,0,,0
13:14:46,,0,b59923fabcf271cf06c7b9445df89cf9f5dcdc1fdd2aecf0f27f9f8787b89558,-85,,0,0,,0
13:14:47,,0,94f9c128845d6a9dfe006c6c1d8d6d3aaf25aa344981fc0677256b1258759289,-83,,0,0,,0
13:14:48,26.0,0,5d313797f8d9f5933c37d041ceb944f901fd8b51cfb571593ad695d62b12f971,-82,,0,0,,0
13:14:48,26.0,0,5d313797f8d9f5933c37d041ceb944f901fd8b51cfb571593ad695d62b12f971,-87,,0,0,,0
13:14:49,,0,5c5dfbef89991825efb45af19738b60497fe0b573fb520b5c14880d30b1d58ca,-56,,0,0,,0
13:14:50,,0,b59923fabcf271cf06c7b9445df89cf9f5dcdc1fdd2aecf0f27f9f8787b89558,-89,,0,0,,0
13:14:51,,0,5c5dfbef89991825efb45af19738b60497fe0b573fb520b5c14880d30b1d58ca,-44,,0,0,,0
13:14:52,,0,b59923fabcf271cf06c7b9445df89cf9f5dcdc1fdd2aecf0f27f9f8787b89558,-88,,0,0,,0
13:14:52,,0,5c5dfbef89991825efb45af19738b60497fe0b573fb520b5c14880d30b1d58ca,-58,,0,0,,0
13:14:53,,0,862659e939ee761da54abee5ce94e4f7cbca48d6afb5349dc23e80b925568134,-93,,0,0,,0
13:14:54,,0,b59923fabcf271cf06c7b9445df89cf9f5dcdc1fdd2aecf0f27f9f8787b89558,-88,,0,0,,0
13:14:55,,0,862659e939ee761da54abee5ce94e4f7cbca48d6afb5349dc23e80b925568134,-96,,0,0,,0
13:14:55,,0,b59923fabcf271cf06c7b9445df89cf9f5dcdc1fdd2aecf0f27f9f8787b89558,-86,,0,0,,0
13:14:56,,0,b59923fabcf271cf06c7b9445df89cf9f5dcdc1fdd2aecf0f27f9f8787b89558,-89,,0,0,,0
13:14:57,26.0,0,8a569ffab7ed7f1108d2f682bf599b2e1b58170c9b94595ba65342e291f32cb3,-91,,0,0,12.0,0
13:14:58,,0,b59923fabcf271cf06c7b9445df89cf9f5dcdc1fdd2aecf0f27f9f8787b89558,-87,,0,0,,0
13:14:59,,0,5c5dfbef89991825efb45af19738b60497fe0b573fb520b5c14880d30b1d58ca,-59,,0,0,,0
13:14:59,,0,b59923fabcf271cf06c7b9445df89cf9f5dcdc1fdd2aecf0f27f9f8787b89558,-86,,0,0,,0
13:15:00,,0,8685f384ec1dee080ac0e7534284485d52a0f84389351e79ffab92774aec2382,-29,,0,0,,0
13:15:01,,0,5c5dfbef89991825efb45af19738b60497fe0b573fb520b5c14880d30b1d58ca,-55,,0,0,,0
13:15:02,,0,862659e939ee761da54abee5ce94e4f7cbca48d6afb5349dc23e80b925568134,-94,,0,0,,0
13:15:03,,0,8685f384ec1dee080ac0e7534284485d52a0f84389351e79ffab92774aec2382,-31,,0,0,,0
13:15:03,,0,b59923fabcf271cf06c7b9445df89cf9f5dcdc1fdd2aecf0f27f9f8787b89558,-87,,0,0,,0
13:15:04,,0,8685f384ec1dee080ac0e7534284485d52a0f84389351e79ffab92774aec2382,-29,,0,0,,0
13:15:05,,0,862659e939ee761da54abee5ce94e4f7cbca48d6afb5349dc23e80b925568134,-94,,0,0,,0
13:15:06,,0,b59923fabcf271cf06c7b9445df89cf9f5dcdc1fdd2aecf0f27f9f8787b89558,-87,,0,0,,0
13:15:06,,0,8685f384ec1dee080ac0e7534284485d52a0f84389351e79ffab92774aec2382,-29,,0,0,,0
13:15:07,6.0,0,2f05e220323b449674e2ccd56013596b505c26031b1ee6bfc599567c1f32be9a,-96,,0,0,,0
13:15:08,,0,8685f384ec1dee080ac0e7534284485d52a0f84389351e79ffab92774aec2382,-31,,0,0,,0
13:15:09,,0,862659e939ee761da54abee5ce94e4f7cbca48d6afb5349dc23e80b925568134,-94,,0,0,,0
13:15:10,,0,862659e939ee761da54abee5ce94e4f7cbca48d6afb5349dc23e80b925568134,-94,,0,0,,0
13:15:10,,0,b59923fabcf271cf06c7b9445df89cf9f5dcdc1fdd2aecf0f27f9f8787b89558,-87,,0,0,,0
13:15:11,,0,8685f384ec1dee080ac0e7534284485d52a0f84389351e79ffab92774aec2382,-29,,0,0,,0
13:15:12,,0,8685f384ec1dee080ac0e7534284485d52a0f84389351e79ffab92774aec2382,-29,,0,0,,0
13:15:13,,0,5c5dfbef89991825efb45af19738b60497fe0b573fb520b5c14880d30b1d58ca,-44,,0,0,,0
13:15:13,26.0,0,5d313797f8d9f5933c37d041ceb944f901fd8b51cfb571593ad695d62b12f971,-92,,0,0,7.0,0
13:15:14,,0,3a341c37b39a451650eb3bd02cf2e160f89589d8bdb25c5497a7e71dd21b4215,-92,,0,0,,0
13:15:15,,0,8685f384ec1dee080ac0e7534284485d52a0f84389351e79ffab92774aec2382,-31,,0,0,,0
13:15:16,,0,5c5dfbef89991825efb45af19738b60497fe0b573fb520b5c14880d30b1d58ca,-58,,0,0,,0
13:15:17,,0,b59923fabcf271cf06c7b9445df89cf9f5dcdc1fdd2aecf0f27f9f8787b89558,-88,,0,0,,0
13:15:17,26.0,0,8a569ffab7ed7f1108d2f682bf599b2e1b58170c9b94595ba65342e291f32cb3,-90,,0,0,12.0,0
13:15:18,,0,8685f384ec1dee080ac0e7534284485d52a0f84389351e79ffab92774aec2382,-29,,0,0,,0
13:15:19,,0,862659e939ee761da54abee5ce94e4f7cbca48d6afb5349dc23e80b925568134,-93,,0,0,,0
13:15:20,,0,5c5dfbef89991825efb45af19738b60497fe0b573fb520b5c14880d30b1d58ca,-55,,0,0,,0
13:15:20,,0,8685f384ec1dee080ac0e7534284485d52a0f84389351e79ffab92774aec2382,-30,,0,0,,0
13:15:21,,0,862659e939ee761da54abee5ce94e4f7cbca48d6afb5349dc23e80b925568134,-95,,0,0,,0
13:15:22,,0,5c5dfbef89991825efb45af19738b60497fe0b573fb520b5c14880d30b1d58ca,-51,,0,0,,0
13:15:23,26.0,0,5d313797f8d9f5933c37d041ceb944f901fd8b51cfb571593ad695d62b12f971,-84,,0,0,7.0,0
13:15:23,,0,8685f384ec1dee080ac0e7534284485d52a0f84389351e79ffab92774aec2382,-31,,0,0,,0
13:15:24,,0,5c5dfbef89991825efb45af19738b60497fe0b573fb520b5c14880d30b1d58ca,-58,,0,0,,0
13:15:25,26.0,0,5d313797f8d9f5933c37d041ceb944f901fd8b51cfb571593ad695d62b12f971,-82,,0,0,7.0,0
13:15:26,,0,8685f384ec1dee080ac0e7534284485d52a0f84389351e79ffab92774aec2382,-29,,0,0,,0
13:15:27,26.0,0,8a569ffab7ed7f1108d2f682bf599b2e1b58170c9b94595ba65342e291f32cb3,-90,,0,0,12.0,0
13:15:27,,0,8685f384ec1dee080ac0e7534284485d52a0f84389351e79ffab92774aec2382,-29,,0,0,,0
13:15:28,,0,dff94fe15bb8f0052dfb2ef885c8cf9f00486c9b832fb94e1b48ccf47d02263d,-29,,0,0,,0
13:15:29,26.0,0,5d313797f8d9f5933c37d041ceb944f901fd8b51cfb571593ad695d62b12f971,-89,,0,0,7.0,0
13:15:30,26.0,0,5d313797f8d9f5933c37d041ceb944f901fd8b51cfb571593ad695d62b12f971,-82,,0,0,7.0,0
13:15:31,,0,6c14a90680cc09085b3f4841e5179c227972a5fa83245ba09d84b0aa62d3c35f,-86,,0,0,,0
13:15:31,26.0,0,5d313797f8d9f5933c37d041ceb944f901fd8b51cfb571593ad695d62b12f971,-90,,0,0,7.0,0
13:15:32,,0,3a341c37b39a451650eb3bd02cf2e160f89589d8bdb25c5497a7e71dd21b4215,-83,,0,0,,0
13:15:33,26.0,0,5d313797f8d9f5933c37d041ceb944f901fd8b51cfb571593ad695d62b12f971,-85,,0,0,7.0,0
13:15:34,26.0,0,5d313797f8d9f5933c37d041ceb944f901fd8b51cfb571593ad695d62b12f971,-86,,0,0,7.0,0
13:15:35,,0,6c14a90680cc09085b3f4841e5179c227972a5fa83245ba09d84b0aa62d3c35f,-87,,0,0,,0
13:15:35,,0,862659e939ee761da54abee5ce94e4f7cbca48d6afb5349dc23e80b925568134,-93,,0,0,,0
13:15:36,,0,862659e939ee761da54abee5ce94e4f7cbca48d6afb5349dc23e80b925568134,-99,,0,0,,0
13:15:37,,0,6c14a90680cc09085b3f4841e5179c227972a5fa83245ba09d84b0aa62d3c35f,-87,,0,0,,0
13:15:38,,0,6c14a90680cc09085b3f4841e5179c227972a5fa83245ba09d84b0aa62d3c35f,-90,,0,0,,0
13:15:38,26.0,0,5d313797f8d9f5933c37d041ceb944f901fd8b51cfb571593ad695d62b12f971,-83,,0,0,7.0,0
13:15:39,,0,dff94fe15bb8f0052dfb2ef885c8cf9f00486c9b832fb94e1b48ccf47d02263d,-31,,0,0,,0
13:15:40,26.0,0,5d313797f8d9f5933c37d041ceb944f901fd8b51cfb571593ad695d62b12f971,-86,,0,0,7.0,0
13:15:41,,0,6c14a90680cc09085b3f4841e5179c227972a5fa83245ba09d84b0aa62d3c35f,-88,,0,0,,0
13:15:42,,0,3a341c37b39a451650eb3bd02cf2e160f89589d8bdb25c5497a7e71dd21b4215,-97,,0,0,,0
13:15:42,26.0,0,5d313797f8d9f5933c37d041ceb944f901fd8b51cfb571593ad695d62b12f971,-84,,0,0,,0
13:15:43,,0,dff94fe15bb8f0052dfb2ef885c8cf9f00486c9b832fb94e1b48ccf47d02263d,-30,,0,0,,0
13:15:44,26.0,0,5d313797f8d9f5933c37d041ceb944f901fd8b51cfb571593ad695d62b12f971,-84,,0,0,,0
13:15:45,26.0,0,5d313797f8d9f5933c37d041ceb944f901fd8b51cfb571593ad695d62b12f971,-88,,0,0,,0
13:15:45,26.0,0,8a569ffab7ed7f1108d2f682bf599b2e1b58170c9b94595ba65342e291f32cb3,-90,,0,0,12.0,0
13:15:46,26.0,0,5d313797f8d9f5933c37d041ceb944f901fd8b51cfb571593ad695d62b12f971,-86,,0,0,7.0,0
13:15:47,,0,dff94fe15bb8f0052dfb2ef885c8cf9f00486c9b832fb94e1b48ccf47d02263d,-29,,0,0,,0
13:15:48,26.0,0,5d313797f8d9f5933c37d041ceb944f901fd8b51cfb571593ad695d62b12f971,-85,,0,0,7.0,0
13:15:49,26.0,0,5d313797f8d9f5933c37d041ceb944f901fd8b51cfb571593ad695d62b12f971,-84,,0,0,,0
13:15:49,26.0,0,5d313797f8d9f5933c37d041ceb944f901fd8b51cfb571593ad695d62b12f971,-88,,0,0,,0
13:15:50,26.0,0,5d313797f8d9f5933c37d041ceb944f901fd8b51cfb571593ad695d62b12f971,-89,,0,0,,0
13:15:51,,0,dff94fe15bb8f0052dfb2ef885c8cf9f00486c9b832fb94e1b48ccf47d02263d,-31,,0,0,,0
13:15:52,26.0,0,5d313797f8d9f5933c37d041ceb944f901fd8b51cfb571593ad695d62b12f971,-82,,0,0,,0
13:15:53,,0,6c14a90680cc09085b3f4841e5179c227972a5fa83245ba09d84b0aa62d3c35f,-90,,0,0,,0
13:15:53,,0,6c14a90680cc09085b3f4841e5179c227972a5fa83245ba09d84b0aa62d3c35f,-88,,0,0,,0
13:15:54,,0,dff94fe15bb8f0052dfb2ef885c8cf9f00486c9b832fb94e1b48ccf47d02263d,-29,,0,0,,0
13:15:55,26.0,0,5d313797f8d9f5933c37d041ceb944f901fd8b51cfb571593ad695d62b12f971,-87,,0,0,,0
13:15:56,,0,862659e939ee761da54abee5ce94e4f7cbca48d6afb5349dc23e80b925568134,-91,,0,0,,0
13:15:56,,0,dff94fe15bb8f0052dfb2ef885c8cf9f00486c9b832fb94e1b48ccf47d02263d,-31,,0,0,,0
13:15:57,,0,862659e939ee761da54abee5ce94e4f7cbca48d6afb5349dc23e80b925568134,-91,,0,0,,0
13:15:58,26.0,0,5d313797f8d9f5933c37d041ceb944f901fd8b51cfb571593ad695d62b12f971,-85,,0,0,,0
13:15:59,,0,dff94fe15bb8f0052dfb2ef885c8cf9f00486c9b832fb94e1b48ccf47d02263d,-29,,0,0,,0
13:15:59,26.0,0,5d313797f8d9f5933c37d041ceb944f901fd8b51cfb571593ad695d62b12f971,-84,,0,0,,0
13:16:00,,0,dff94fe15bb8f0052dfb2ef885c8cf9f00486c9b832fb94e1b48ccf47d02263d,-29,,0,0,,0
13:16:01,,0,5c5dfbef89991825efb45af19738b60497fe0b573fb520b5c14880d30b1d58ca,-51,,0,0,,0
13:16:02,26.0,0,5d313797f8d9f5933c37d041ceb944f901fd8b51cfb571593ad695d62b12f971,-87,,0,0,,0
13:16:03,26.0,0,5d313797f8d9f5933c37d041ceb944f901fd8b51cfb571593ad695d62b12f971,-85,,0,0,,0
13:16:03,26.0,0,5d313797f8d9f5933c37d041ceb944f901fd8b51cfb571593ad695d62b12f971,-91,,0,0,,0
13:16:04,26.0,0,8a569ffab7ed7f1108d2f682bf599b2e1b58170c9b94595ba65342e291f32cb3,-88,,0,0,12.0,0
13:16:05,26.0,0,5d313797f8d9f5933c37d041ceb944f901fd8b51cfb571593ad695d62b12f971,-86,,0,0,,0
13:16:06,26.0,0,8a569ffab7ed7f1108d2f682bf599b2e1b58170c9b94595ba65342e291f32cb3,-90,,0,0,12.0,0
13:16:07,,0,3a341c37b39a451650eb3bd02cf2e160f89589d8bdb25c5497a7e71dd21b4215,-86,,0,0,,0
13:16:07,26.0,0,5d313797f8d9f5933c37d041ceb944f901fd8b51cfb571593ad695d62b12f971,-86,,0,0,,0
13:16:08,26.0,0,5d313797f8d9f5933c37d041ceb944f901fd8b51cfb571593ad695d62b12f971,-86,,0,0,,0
13:16:09,26.0,0,5d313797f8d9f5933c37d041ceb944f901fd8b51cfb571593ad695d62b12f971,-90,,0,0,,0
13:16:10,26.0,0,5d313797f8d9f5933c37d041ceb944f901fd8b51cfb571593ad695d62b12f971,-85,,0,0,,0
13:16:10,26.0,0,5d313797f8d9f5933c37d041ceb944f901fd8b51cfb571593ad695d62b12f971,-83,,0,0,,0
13:16:11,26.0,0,5d313797f8d9f5933c37d041ceb944f901fd8b51cfb571593ad695d62b12f971,-89,,0,0,,0
13:16:12,26.0,0,5d313797f8d9f5933c37d041ceb944f901fd8b51cfb571593ad695d62b12f971,-82,,0,0,,0
13:16:13,26.0,0,5d313797f8d9f5933c37d041ceb944f901fd8b51cfb571593ad695d62b12f971,-85,,0,0,,0
13:16:14,,0,3a341c37b39a451650eb3bd02cf2e160f89589d8bdb25c5497a7e71dd21b4215,-87,,0,0,,0
13:16:14,,0,805bd4f8fd40d6ade97ac4857517918fca6403a995377661e850c9ab0c01b1e0,-58,,0,0,,0
13:16:15,26.0,0,6e13998004a60a2e905960eaec46e1cf915f8142390cf3f49ad878f7683d5329,-53,,0,0,7.0,0
13:16:16,26.0,0,5d313797f8d9f5933c37d041ceb944f901fd8b51cfb571593ad695d62b12f971,-85,,0,0,,0
13:16:17,26.0,0,5d313797f8d9f5933c37d041ceb944f901fd8b51cfb571593ad695d62b12f971,-89,,0,0,,0
13:16:17,26.0,0,5d313797f8d9f5933c37d041ceb944f901fd8b51cfb571593ad695d62b12f971,-85,,0,0,,0
13:16:18,26.0,0,5d313797f8d9f5933c37d041ceb944f901fd8b51cfb571593ad695d62b12f971,-85,,0,0,,0
13:16:19,,0,dff94fe15bb8f0052dfb2ef885c8cf9f00486c9b832fb94e1b48ccf47d02263d,-30,,0,0,,0
13:16:20,,0,3a341c37b39a451650eb3bd02cf2e160f89589d8bdb25c5497a7e71dd21b4215,-84,,0,0,,0
13:16:21,26.0,0,5d313797f8d9f5933c37d041ceb944f901fd8b51cfb571593ad695d62b12f971,-85,,0,0,,0
13:16:21,26.0,0,5d313797f8d9f5933c37d041ceb944f901fd8b51cfb571593ad695d62b12f971,-84,,0,0,,0
13:16:22,,0,862659e939ee761da54abee5ce94e4f7cbca48d6afb5349dc23e80b925568134,-93,,0,0,,0
13:16:23,,0,6c14a90680cc09085b3f4841e5179c227972a5fa83245ba09d84b0aa62d3c35f,-86,,0,0,,0
13:16:24,26.0,0,5d313797f8d9f5933c37d041ceb944f901fd8b51cfb571593ad695d62b12f971,-82,,0,0,,0
13:16:25,26.0,0,5d313797f8d9f5933c37d041ceb944f901fd8b51cfb571593ad695d62b12f971,-85,,0,0,,0
13:16:25,26.0,0,5d313797f8d9f5933c37d041ceb944f901fd8b51cfb571593ad695d62b12f971,-82,,0,0,,0
13:16:26,26.0,0,5d313797f8d9f5933c37d041ceb944f901fd8b51cfb571593ad695d62b12f971,-83,,0,0,,0
13:16:27,26.0,0,8a569ffab7ed7f1108d2f682bf599b2e1b58170c9b94595ba65342e291f32cb3,-88,,0,0,12.0,0
13:16:28,,0,3a341c37b39a451650eb3bd02cf2e160f89589d8bdb25c5497a7e71dd21b4215,-84,,0,0,,0
13:16:28,26.0,0,5d313797f8d9f5933c37d041ceb944f901fd8b51cfb571593ad695d62b12f971,-82,,0,0,,0
13:16:29,,0,dff94fe15bb8f0052dfb2ef885c8cf9f00486c9b832fb94e1b48ccf47d02263d,-29,,0,0,,0
13:16:30,26.0,0,5d313797f8d9f5933c37d041ceb944f901fd8b51cfb571593ad695d62b12f971,-80,,0,0,,0
13:16:31,,0,6c14a90680cc09085b3f4841e5179c227972a5fa83245ba09d84b0aa62d3c35f,-88,,0,0,,0
13:16:32,26.0,0,5d313797f8d9f5933c37d041ceb944f901fd8b51cfb571593ad695d62b12f971,-83,,0,0,,0
13:16:32,26.0,0,5d313797f8d9f5933c37d041ceb944f901fd8b51cfb571593ad695d62b12f971,-83,,0,0,,0
13:16:33,,0,dff94fe15bb8f0052dfb2ef885c8cf9f00486c9b832fb94e1b48ccf47d02263d,-29,,0,0,,0
13:16:34,26.0,0,5d313797f8d9f5933c37d041ceb944f901fd8b51cfb571593ad695d62b12f971,-84,,0,0,,0
13:16:35,26.0,0,5d313797f8d9f5933c37d041ceb944f901fd8b51cfb571593ad695d62b12f971,-84,,0,0,,0
13:16:35,26.0,0,5d313797f8d9f5933c37d041ceb944f901fd8b51cfb571593ad695d62b12f971,-82,,0,0,,0
13:16:36,26.0,0,5d313797f8d9f5933c37d041ceb944f901fd8b51cfb571593ad695d62b12f971,-83,,0,0,,0
13:16:37,,0,dff94fe15bb8f0052dfb2ef885c8cf9f00486c9b832fb94e1b48ccf47d02263d,-31,,0,0,,0
13:16:38,26.0,0,5d313797f8d9f5933c37d041ceb944f901fd8b51cfb571593ad695d62b12f971,-84,,0,0,,0
13:16:39,26.0,0,5d313797f8d9f5933c37d041ceb944f901fd8b51cfb571593ad695d62b12f971,-87,,0,0,,0
13:16:39,26.0,0,5d313797f8d9f5933c37d041ceb944f901fd8b51cfb571593ad695d62b12f971,-85,,0,0,,0
13:16:40,26.0,0,5d313797f8d9f5933c37d041ceb944f901fd8b51cfb571593ad695d62b12f971,-83,,0,0,,0
13:16:41,,0,6c14a90680cc09085b3f4841e5179c227972a5fa83245ba09d84b0aa62d3c35f,-85,,0,0,,0
13:16:42,26.0,0,5d313797f8d9f5933c37d041ceb944f901fd8b51cfb571593ad695d62b12f971,-85,,0,0,,0
13:16:43,26.0,0,8a569ffab7ed7f1108d2f682bf599b2e1b58170c9b94595ba65342e291f32cb3,-89,,0,0,12.0,0
13:16:43,26.0,0,5d313797f8d9f5933c37d041ceb944f901fd8b51cfb571593ad695d62b12f971,-80,,0,0,,0
13:16:44,26.0,0,5d313797f8d9f5933c37d041ceb944f901fd8b51cfb571593ad695d62b12f971,-82,,0,0,,0
13:16:45,26.0,0,5d313797f8d9f5933c37d041ceb944f901fd8b51cfb571593ad695d62b12f971,-83,,0,0,,0
13:16:46,26.0,0,5d313797f8d9f5933c37d041ceb944f901fd8b51cfb571593ad695d62b12f971,-84,,0,0,,0
13:16:46,26.0,0,5d313797f8d9f5933c37d041ceb944f901fd8b51cfb571593ad695d62b12f971,-81,,0,0,,0
13:16:47,,0,dff94fe15bb8f0052dfb2ef885c8cf9f00486c9b832fb94e1b48ccf47d02263d,-29,,0,0,,0
13:16:48,26.0,0,5d313797f8d9f5933c37d041ceb944f901fd8b51cfb571593ad695d62b12f971,-85,,0,0,,0
13:16:49,,0,dff94fe15bb8f0052dfb2ef885c8cf9f00486c9b832fb94e1b48ccf47d02263d,-30,,0,0,,0
13:16:50,26.0,0,5d313797f8d9f5933c37d041ceb944f901fd8b51cfb571593ad695d62b12f971,-80,,0,0,,0
13:16:50,26.0,0,5d313797f8d9f5933c37d041ceb944f901fd8b51cfb571593ad695d62b12f971,-81,,0,0,,0
13:16:51,,0,dff94fe15bb8f0052dfb2ef885c8cf9f00486c9b832fb94e1b48ccf47d02263d,-29,,0,0,,0
13:16:52,26.0,0,5d313797f8d9f5933c37d041ceb944f901fd8b51cfb571593ad695d62b12f971,-85,,0,0,,0
13:16:53,26.0,0,5d313797f8d9f5933c37d041ceb944f901fd8b51cfb571593ad695d62b12f971,-86,,0,0,,0
13:16:53,26.0,0,5d313797f8d9f5933c37d041ceb944f901fd8b51cfb571593ad695d62b12f971,-94,,0,0,,0
13:16:54,,0,862659e939ee761da54abee5ce94e4f7cbca48d6afb5349dc23e80b925568134,-95,,0,0,,0
13:16:55,,0,6c14a90680cc09085b3f4841e5179c227972a5fa83245ba09d84b0aa62d3c35f,-87,,0,0,,0
13:16:56,26.0,0,5d313797f8d9f5933c37d041ceb944f901fd8b51cfb571593ad695d62b12f971,-89,,0,0,7.0,0
13:16:57,,0,6c14a90680cc09085b3f4841e5179c227972a5fa83245ba09d84b0aa62d3c35f,-92,,0,0,,0
13:16:57,,0,6c14a90680cc09085b3f4841e5179c227972a5fa83245ba09d84b0aa62d3c35f,-87,,0,0,,0
13:16:58,,0,dff94fe15bb8f0052dfb2ef885c8cf9f00486c9b832fb94e1b48ccf47d02263d,-29,,0,0,,0
13:16:59,,0,805bd4f8fd40d6ade97ac4857517918fca6403a995377661e850c9ab0c01b1e0,-55,,0,0,,0
13:17:00,26.0,0,5d313797f8d9f5933c37d041ceb944f901fd8b51cfb571593ad695d62b12f971,-88,,0,0,7.0,0
13:17:01,26.0,0,5d313797f8d9f5933c37d041ceb944f901fd8b51cfb571593ad695d62b12f971,-86,,0,0,7.0,0
13:17:01,26.0,0,5d313797f8d9f5933c37d041ceb944f901fd8b51cfb571593ad695d62b12f971,-87,,0,0,7.0,0
13:17:02,,0,6c14a90680cc09085b3f4841e5179c227972a5fa83245ba09d84b0aa62d3c35f,-91,,0,0,,0
13:17:03,26.0,0,8a569ffab7ed7f1108d2f682bf599b2e1b58170c9b94595ba65342e291f32cb3,-93,,0,0,12.0,0
13:17:03,26.0,0,5d313797f8d9f5933c37d041ceb944f901fd8b51cfb571593ad695d62b12f971,-88,,0,0,7.0,0
13:17:04,,0,6c14a90680cc09085b3f4841e5179c227972a5fa83245ba09d84b0aa62d3c35f,-86,,0,0,,0
13:17:05,,0,6c14a90680cc09085b3f4841e5179c227972a5fa83245ba09d84b0aa62d3c35f,-87,,0,0,,0
13:17:06,,0,3a341c37b39a451650eb3bd02cf2e160f89589d8bdb25c5497a7e71dd21b4215,-90,,0,0,,0
13:17:07,,0,862659e939ee761da54abee5ce94e4f7cbca48d6afb5349dc23e80b925568134,-93,,0,0,,0
13:17:08,,0,862659e939ee761da54abee5ce94e4f7cbca48d6afb5349dc23e80b925568134,-93,,0,0,,0
13:17:08,,0,805bd4f8fd40d6ade97ac4857517918fca6403a995377661e850c9ab0c01b1e0,-58,,0,0,,0
13:17:09,26.0,0,8a569ffab7ed7f1108d2f682bf599b2e1b58170c9b94595ba65342e291f32cb3,-89,,0,0,12.0,0
13:17:10,,0,805bd4f8fd40d6ade97ac4857517918fca6403a995377661e850c9ab0c01b1e0,-56,,0,0,,0
13:17:11,26.0,0,5d313797f8d9f5933c37d041ceb944f901fd8b51cfb571593ad695d62b12f971,-90,,0,0,7.0,0
13:17:11,,0,dff94fe15bb8f0052dfb2ef885c8cf9f00486c9b832fb94e1b48ccf47d02263d,-30,,0,0,,0
13:17:12,,0,805bd4f8fd40d6ade97ac4857517918fca6403a995377661e850c9ab0c01b1e0,-46,,0,0,,0
13:17:13,26.0,0,5d313797f8d9f5933c37d041ceb944f901fd8b51cfb571593ad695d62b12f971,-87,,0,0,7.0,0
13:17:14,26.0,0,5d313797f8d9f5933c37d041ceb944f901fd8b51cfb571593ad695d62b12f971,-88,,0,0,7.0,0
13:17:15,,0,dff94fe15bb8f0052dfb2ef885c8cf9f00486c9b832fb94e1b48ccf47d02263d,-29,,0,0,,0
13:17:15,,0,805bd4f8fd40d6ade97ac4857517918fca6403a995377661e850c9ab0c01b1e0,-58,,0,0,,0
13:17:16,,0,3a341c37b39a451650eb3bd02cf2e160f89589d8bdb25c5497a7e71dd21b4215,-90,,0,0,,0
13:17:17,26.0,0,5d313797f8d9f5933c37d041ceb944f901fd8b51cfb571593ad695d62b12f971,-86,,0,0,7.0,0
13:17:18,,0,3a341c37b39a451650eb3bd02cf2e160f89589d8bdb25c5497a7e71dd21b4215,-85,,0,0,,0
13:17:18,26.0,0,5d313797f8d9f5933c37d041ceb944f901fd8b51cfb571593ad695d62b12f971,-89,,0,0,7.0,0
13:17:19,,0,dff94fe15bb8f0052dfb2ef885c8cf9f00486c9b832fb94e1b48ccf47d02263d,-29,,0,0,,0
13:17:20,,0,dff94fe15bb8f0052dfb2ef885c8cf9f00486c9b832fb94e1b48ccf47d02263d,-31,,0,0,,0
13:17:21,,0,3a341c37b39a451650eb3bd02cf2e160f89589d8bdb25c5497a7e71dd21b4215,-83,,0,0,,0
13:17:22,26.0,0,5d313797f8d9f5933c37d041ceb944f901fd8b51cfb571593ad695d62b12f971,-83,,0,0,7.0,0
13:17:22,,0,dff94fe15bb8f0052dfb2ef885c8cf9f00486c9b832fb94e1b48ccf47d02263d,-29,,0,0,,0
13:17:23,26.0,0,8a569ffab7ed7f1108d2f682bf599b2e1b58170c9b94595ba65342e291f32cb3,-90,,0,0,12.0,0
13:17:24,,0,862659e939ee761da54abee5ce94e4f7cbca48d6afb5349dc23e80b925568134,-92,,0,0,,0
13:17:25,,0,3a341c37b39a451650eb3bd02cf2e160f89589d8bdb25c5497a7e71dd21b4215,-89,,0,0,,0
13:17:26,,0,dff94fe15bb8f0052dfb2ef885c8cf9f00486c9b832fb94e1b48ccf47d02263d,-29,,0,0,,0
13:17:26,26.0,0,5d313797f8d9f5933c37d041ceb944f901fd8b51cfb571593ad695d62b12f971,-84,,0,0,7.0,0
13:17:27,26.0,0,8a569ffab7ed7f1108d2f682bf599b2e1b58170c9b94595ba65342e291f32cb3,-91,,0,0,12.0,0
13:17:28,26.0,0,5d313797f8d9f5933c37d041ceb944f901fd8b51cfb571593ad695d62b12f971,-83,,0,0,7.0,0
13:17:29,,0,dff94fe15bb8f0052dfb2ef885c8cf9f00486c9b832fb94e1b48ccf47d02263d,-31,,0,0,,0
13:17:29,,0,dff94fe15bb8f0052dfb2ef885c8cf9f00486c9b832fb94e1b48ccf47d02263d,-29,,0,0,,0
13:17:30,,0,805bd4f8fd40d6ade97ac4857517918fca6403a995377661e850c9ab0c01b1e0,-56,,0,0,,0
13:17:31,,0,862659e939ee761da54abee5ce94e4f7cbca48d6afb5349dc23e80b925568134,-94,,0,0,,0
13:17:32,,0,dff94fe15bb8f0052dfb2ef885c8cf9f00486c9b832fb94e1b48ccf47d02263d,-29,,0,0,,0
13:17:33,,0,805bd4f8fd40d6ade97ac4857517918fca6403a995377661e850c9ab0c01b1e0,-53,,0,0,,0
13:17:33,26.0,0,5d313797f8d9f5933c37d041ceb944f901fd8b51cfb571593ad695d62b12f971,-92,,0,0,7.0,0
13:17:34,,0,6c14a90680cc09085b3f4841e5179c227972a5fa83245ba09d84b0aa62d3c35f,-88,,0,0,,0
13:17:35,,0,dff94fe15bb8f0052dfb2ef885c8cf9f00486c9b832fb94e1b48ccf47d02263d,-31,,0,0,,0
13:17:36,,0,6c14a90680cc09085b3f4841e5179c227972a5fa83245ba09d84b0aa62d3c35f,-89,,0,0,,0
13:17:37,,0,dff94fe15bb8f0052dfb2ef885c8cf9f00486c9b832fb94e1b48ccf47d02263d,-29,,0,0,,0
13:17:37,,0,805bd4f8fd40d6ade97ac4857517918fca6403a995377661e850c9ab0c01b1e0,-56,,0,0,,0
13:17:38,,0,dff94fe15bb8f0052dfb2ef885c8cf9f00486c9b832fb94e1b48ccf47d02263d,-29,,0,0,,0
13:17:39,,0,805bd4f8fd40d6ade97ac4857517918fca6403a995377661e850c9ab0c01b1e0,-53,,0,0,,0
13:17:40,26.0,0,5d313797f8d9f5933c37d041ceb944f901fd8b51cfb571593ad695d62b12f971,-89,,0,0,7.0,0
13:17:40,,0,3a341c37b39a451650eb3bd02cf2e160f89589d8bdb25c5497a7e71dd21b4215,-90,,0,0,,0
13:17:41,,0,dff94fe15bb8f0052dfb2ef885c8cf9f00486c9b832fb94e1b48ccf47d02263d,-31,,0,0,,0
13:17:42,,0,862659e939ee761da54abee5ce94e4f7cbca48d6afb5349dc23e80b925568134,-96,,0,0,,0
13:17:43,26.0,0,8a569ffab7ed7f1108d2f682bf599b2e1b58170c9b94595ba65342e291f32cb3,-87,,0,0,12.0,0
13:17:44,26.0,0,8a569ffab7ed7f1108d2f682bf599b2e1b58170c9b94595ba65342e291f32cb3,-88,,0,0,12.0,0
13:17:44,,0,6c14a90680cc09085b3f4841e5179c227972a5fa83245ba09d84b0aa62d3c35f,-86,,0,0,,0
13:17:45,26.0,0,5d313797f8d9f5933c37d041ceb944f901fd8b51cfb571593ad695d62b12f971,-95,,0,0,7.0,0
13:17:46,26.0,0,5d313797f8d9f5933c37d041ceb944f901fd8b51cfb571593ad695d62b12f971,-86,,0,0,7.0,0
13:17:47,,0,6c14a90680cc09085b3f4841e5179c227972a5fa83245ba09d84b0aa62d3c35f,-91,,0,0,,0
13:17:47,26.0,0,5d313797f8d9f5933c37d041ceb944f901fd8b51cfb571593ad695d62b12f971,-86,,0,0,7.0,0
13:17:48,,0,6c14a90680cc09085b3f4841e5179c227972a5fa83245ba09d84b0aa62d3c35f,-87,,0,0,,0
13:17:49,26.0,0,8a569ffab7ed7f1108d2f682bf599b2e1b58170c9b94595ba65342e291f32cb3,-86,,0,0,12.0,0
13:17:50,26.0,0,5d313797f8d9f5933c37d041ceb944f901fd8b51cfb571593ad695d62b12f971,-88,,0,0,7.0,0
13:17:51,,0,3a341c37b39a451650eb3bd02cf2e160f89589d8bdb25c5497a7e71dd21b4215,-87,,0,0,,0
13:17:51,26.0,0,8a569ffab7ed7f1108d2f682bf599b2e1b58170c9b94595ba65342e291f32cb3,-90,,0,0,12.0,0
13:17:52,,0,6c14a90680cc09085b3f4841e5179c227972a5fa83245ba09d84b0aa62d3c35f,-88,,0,0,,0
13:17:53,,0,805bd4f8fd40d6ade97ac4857517918fca6403a995377661e850c9ab0c01b1e0,-57,,0,0,,0
13:17:54,,0,805bd4f8fd40d6ade97ac4857517918fca6403a995377661e850c9ab0c01b1e0,-46,,0,0,,0
13:17:55,,0,862659e939ee761da54abee5ce94e4f7cbca48d6afb5349dc23e80b925568134,-94,,0,0,,0
13:17:55,26.0,0,8a569ffab7ed7f1108d2f682bf599b2e1b58170c9b94595ba65342e291f32cb3,-85,,0,0,12.0,0
13:17:56,,0,6c14a90680cc09085b3f4841e5179c227972a5fa83245ba09d84b0aa62d3c35f,-86,,0,0,,0
13:17:57,,0,805bd4f8fd40d6ade97ac4857517918fca6403a995377661e850c9ab0c01b1e0,-59,,0,0,,0
13:17:58,,0,862659e939ee761da54abee5ce94e4f7cbca48d6afb5349dc23e80b925568134,-95,,0,0,,0
13:17:58,,0,6c14a90680cc09085b3f4841e5179c227972a5fa83245ba09d84b0aa62d3c35f,-86,,0,0,,0
13:17:59,,0,805bd4f8fd40d6ade97ac4857517918fca6403a995377661e850c9ab0c01b1e0,-56,,0,0,,0
13:18:00,,0,6c14a90680cc09085b3f4841e5179c227972a5fa83245ba09d84b0aa62d3c35f,-86,,0,0,,0
13:18:01,,0,805bd4f8fd40d6ade97ac4857517918fca6403a995377661e850c9ab0c01b1e0,-54,,0,0,,0
13:18:02,,0,862659e939ee761da54abee5ce94e4f7cbca48d6afb5349dc23e80b925568134,-91,,0,0,,0
13:18:02,,0,6c14a90680cc09085b3f4841e5179c227972a5fa83245ba09d84b0aa62d3c35f,-86,,0,0,,0
13:18:03,,0,805bd4f8fd40d6ade97ac4857517918fca6403a995377661e850c9ab0c01b1e0,-63,,0,0,,0
13:18:04,,0,862659e939ee761da54abee5ce94e4f7cbca48d6afb5349dc23e80b925568134,-91,,0,0,,0
13:18:05,26.0,0,8a569ffab7ed7f1108d2f682bf599b2e1b58170c9b94595ba65342e291f32cb3,-90,,0,0,12.0,0
13:18:06,26.0,0,8a569ffab7ed7f1108d2f682bf599b2e1b58170c9b94595ba65342e291f32cb3,-91,,0,0,12.0,0
13:18:06,,0,6c14a90680cc09085b3f4841e5179c227972a5fa83245ba09d84b0aa62d3c35f,-88,,0,0,,0
13:18:07,,0,dff94fe15bb8f0052dfb2ef885c8cf9f00486c9b832fb94e1b48ccf47d02263d,-30,,0,0,,0
13:18:08,,0,6c14a90680cc09085b3f4841e5179c227972a5fa83245ba09d84b0aa62d3c35f,-83,,0,0,,0
13:18:09,,0,dff94fe15bb8f0052dfb2ef885c8cf9f00486c9b832fb94e1b48ccf47d02263d,-31,,0,0,,0
13:18:09,,0,3a341c37b39a451650eb3bd02cf2e160f89589d8bdb25c5497a7e71dd21b4215,-88,,0,0,,0
13:18:10,26.0,0,5d313797f8d9f5933c37d041ceb944f901fd8b51cfb571593ad695d62b12f971,-84,,0,0,7.0,0
13:18:11,,0,dff94fe15bb8f0052dfb2ef885c8cf9f00486c9b832fb94e1b48ccf47d02263d,-29,,0,0,,0
13:18:12,,0,3a341c37b39a451650eb3bd02cf2e160f89589d8bdb25c5497a7e71dd21b4215,-94,,0,0,,0
13:18:13,,0,862659e939ee761da54abee5ce94e4f7cbca48d6afb5349dc23e80b925568134,-94,,0,0,,0
13:18:13,,0,dff94fe15bb8f0052dfb2ef885c8cf9f00486c9b832fb94e1b48ccf47d02263d,-29,,0,0,,0
13:18:14,26.0,0,8a569ffab7ed7f1108d2f682bf599b2e1b58170c9b94595ba65342e291f32cb3,-92,,0,0,12.0,0
13:18:15,,0,6c14a90680cc09085b3f4841e5179c227972a5fa83245ba09d84b0aa62d3c35f,-84,,0,0,,0
13:18:16,26.0,0,8a569ffab7ed7f1108d2f682bf599b2e1b58170c9b94595ba65342e291f32cb3,-87,,0,0,12.0,0
13:18:17,,0,dff94fe15bb8f0052dfb2ef885c8cf9f00486c9b832fb94e1b48ccf47d02263d,-29,,0,0,,0
13:18:17,,0,805bd4f8fd40d6ade97ac4857517918fca6403a995377661e850c9ab0c01b1e0,-47,,0,0,,0
13:18:18,,0,6c14a90680cc09085b3f4841e5179c227972a5fa83245ba09d84b0aa62d3c35f,-88,,0,0,,0
13:18:19,,0,dff94fe15bb8f0052dfb2ef885c8cf9f00486c9b832fb94e1b48ccf47d02263d,-29,,0,0,,0
13:18:20,,0,805bd4f8fd40d6ade97ac4857517918fca6403a995377661e850c9ab0c01b1e0,-64,,0,0,,0
13:18:20,,0,862659e939ee761da54abee5ce94e4f7cbca48d6afb5349dc23e80b925568134,-95,,0,0,,0
13:18:21,,0,dff94fe15bb8f0052dfb2ef885c8cf9f00486c9b832fb94e1b48ccf47d02263d,-31,,0,0,,0
13:18:22,26.0,0,8a569ffab7ed7f1108d2f682bf599b2e1b58170c9b94595ba65342e291f32cb3,-92,,0,0,12.0,0
13:18:23,26.0,0,5d313797f8d9f5933c37d041ceb944f901fd8b51cfb571593ad695d62b12f971,-87,,0,0,7.0,0
13:18:24,,0,805bd4f8fd40d6ade97ac4857517918fca6403a995377661e850c9ab0c01b1e0,-53,,0,0,,0
13:18:24,26.0,0,5d313797f8d9f5933c37d041ceb944f901fd8b51cfb571593ad695d62b12f971,-82,,0,0,7.0,0
13:18:25,,0,6c14a90680cc09085b3f4841e5179c227972a5fa83245ba09d84b0aa62d3c35f,-88,,0,0,,0
13:18:26,26.0,0,5d313797f8d9f5933c37d041ceb944f901fd8b51cfb571593ad695d62b12f971,-86,,0,0,7.0,0
13:18:27,,0,3a341c37b39a451650eb3bd02cf2e160f89589d8bdb25c5497a7e71dd21b4215,-89,,0,0,,0
13:18:27,26.0,0,8a569ffab7ed7f1108d2f682bf599b2e1b58170c9b94595ba65342e291f32cb3,-92,,0,0,12.0,0
13:18:28,,0,3a341c37b39a451650eb3bd02cf2e160f89589d8bdb25c5497a7e71dd21b4215,-89,,0,0,,0
13:18:29,,0,862659e939ee761da54abee5ce94e4f7cbca48d6afb5349dc23e80b925568134,-94,,0,0,,0
13:18:30,26.0,0,5d313797f8d9f5933c37d041ceb944f901fd8b51cfb571593ad695d62b12f971,-83,,0,0,7.0,0
13:18:31,26.0,0,5d313797f8d9f5933c37d041ceb944f901fd8b51cfb571593ad695d62b12f971,-84,,0,0,7.0,0
13:18:31,,0,dff94fe15bb8f0052dfb2ef885c8cf9f00486c9b832fb94e1b48ccf47d02263d,-29,,0,0,,0
13:18:32,,0,dff94fe15bb8f0052dfb2ef885c8cf9f00486c9b832fb94e1b48ccf47d02263d,-31,,0,0,,0
13:18:33,,0,805bd4f8fd40d6ade97ac4857517918fca6403a995377661e850c9ab0c01b1e0,-47,,0,0,,0
13:18:34,,0,862659e939ee761da54abee5ce94e4f7cbca48d6afb5349dc23e80b925568134,-92,,0,0,,0
13:18:34,,0,862659e939ee761da54abee5ce94e4f7cbca48d6afb5349dc23e80b925568134,-90,,0,0,,0
13:18:35,,0,dff94fe15bb8f0052dfb2ef885c8cf9f00486c9b832fb94e1b48ccf47d02263d,-29,,0,0,,0
13:18:36,26.0,0,5d313797f8d9f5933c37d041ceb944f901fd8b51cfb571593ad695d62b12f971,-86,,0,0,7.0,0
13:18:37,,0,dff94fe15bb8f0052dfb2ef885c8cf9f00486c9b832fb94e1b48ccf47d02263d,-29,,0,0,,0
13:18:38,26.0,0,5d313797f8d9f5933c37d041ceb944f901fd8b51cfb571593ad695d62b12f971,-89,,0,0,7.0,0
13:18:38,26.0,0,5d313797f8d9f5933c37d041ceb944f901fd8b51cfb571593ad695d62b12f971,-86,,0,0,7.0,0
13:18:39,,0,3a341c37b39a451650eb3bd02cf2e160f89589d8bdb25c5497a7e71dd21b4215,-88,,0,0,,0
13:18:40,26.0,0,5d313797f8d9f5933c37d041ceb944f901fd8b51cfb571593ad695d62b12f971,-87,,0,0,7.0,0
13:18:41,,0,6c14a90680cc09085b3f4841e5179c227972a5fa83245ba09d84b0aa62d3c35f,-87,,0,0,,0
13:18:42,,0,805bd4f8fd40d6ade97ac4857517918fca6403a995377661e850c9ab0c01b1e0,-63,,0,0,,0
13:18:42,,0,3a341c37b39a451650eb3bd02cf2e160f89589d8bdb25c5497a7e71dd21b4215,-86,,0,0,,0
13:18:43,,0,6c14a90680cc09085b3f4841e5179c227972a5fa83245ba09d84b0aa62d3c35f,-85,,0,0,,0
13:18:44,26.0,0,5d313797f8d9f5933c37d041ceb944f901fd8b51cfb571593ad695d62b12f971,-86,,0,0,7.0,0
13:18:45,,0,862659e939ee761da54abee5ce94e4f7cbca48d6afb5349dc23e80b925568134,-95,,0,0,,0
13:18:45,,0,dff94fe15bb8f0052dfb2ef885c8cf9f00486c9b832fb94e1b48ccf47d02263d,-31,,0,0,,0
13:18:46,,0,862659e939ee761da54abee5ce94e4f7cbca48d6afb5349dc23e80b925568134,-94,,0,0,,0
13:18:47,,0,6c14a90680cc09085b3f4841e5179c227972a5fa83245ba09d84b0aa62d3c35f,-86,,0,0,,0
13:18:48,,0,6c14a90680cc09085b3f4841e5179c227972a5fa83245ba09d84b0aa62d3c35f,-85,,0,0,,0
13:18:49,,0,dff94fe15bb8f0052dfb2ef885c8cf9f00486c9b832fb94e1b48ccf47d02263d,-29,,0,0,,0
13:18:49,,0,862659e939ee761da54abee5ce94e4f7cbca48d6afb5349dc23e80b925568134,-94,,0,0,,0
13:18:50,26.0,0,5d313797f8d9f5933c37d041ceb944f901fd8b51cfb571593ad695d62b12f971,-87,,0,0,7.0,0
13:18:51,,0,862659e939ee761da54abee5ce94e4f7cbca48d6afb5349dc23e80b925568134,-93,,0,0,,0
13:18:52,,0,805bd4f8fd40d6ade97ac4857517918fca6403a995377661e850c9ab0c01b1e0,-64,,0,0,,0
13:18:52,26.0,0,5d313797f8d9f5933c37d041ceb944f901fd8b51cfb571593ad695d62b12f971,-86,,0,0,7.0,0
13:18:53,,0,dff94fe15bb8f0052dfb2ef885c8cf9f00486c9b832fb94e1b48ccf47d02263d,-29,,0,0,,0
13:18:54,,0,3a341c37b39a451650eb3bd02cf2e160f89589d8bdb25c5497a7e71dd21b4215,-91,,0,0,,0
13:18:54,26.0,0,5d313797f8d9f5933c37d041ceb944f901fd8b51cfb571593ad695d62b12f971,-89,,0,0,7.0,0
13:18:55,26.0,0,5d313797f8d9f5933c37d041ceb944f901fd8b51cfb571593ad695d62b12f971,-87,,0,0,7.0,0
13:18:56,26.0,0,5d313797f8d9f5933c37d041ceb944f901fd8b51cfb571593ad695d62b12f971,-87,,0,0,7.0,0
13:18:57,26.0,0,5d313797f8d9f5933c37d041ceb944f901fd8b51cfb571593ad695d62b12f971,-87,,0,0,7.0,0
13:18:58,26.0,0,5d313797f8d9f5933c37d041ceb944f901fd8b51cfb571593ad695d62b12f971,-85,,0,0,7.0,0
13:18:59,26.0,0,5d313797f8d9f5933c37d041ceb944f901fd8b51cfb571593ad695d62b12f971,-87,,0,0,7.0,0
13:19:00,26.0,0,5d313797f8d9f5933c37d041ceb944f901fd8b51cfb571593ad695d62b12f971,-85,,0,0,7.0,0
13:19:00,26.0,0,5d313797f8d9f5933c37d041ceb944f901fd8b51cfb571593ad695d62b12f971,-89,,0,0,7.0,0
13:19:01,,0,3a341c37b39a451650eb3bd02cf2e160f89589d8bdb25c5497a7e71dd21b4215,-87,,0,0,,0
13:19:02,26.0,0,5d313797f8d9f5933c37d041ceb944f901fd8b51cfb571593ad695d62b12f971,-85,,0,0,7.0,0
13:19:03,26.0,0,5d313797f8d9f5933c37d041ceb944f901fd8b51cfb571593ad695d62b12f971,-91,,0,0,7.0,0
13:19:03,26.0,0,5d313797f8d9f5933c37d041ceb944f901fd8b51cfb571593ad695d62b12f971,-87,,0,0,7.0,0
13:19:04,,0,862659e939ee761da54abee5ce94e4f7cbca48d6afb5349dc23e80b925568134,-92,,0,0,,0
13:19:05,26.0,0,5d313797f8d9f5933c37d041ceb944f901fd8b51cfb571593ad695d62b12f971,-90,,0,0,7.0,0
13:19:06,,0,805bd4f8fd40d6ade97ac4857517918fca6403a995377661e850c9ab0c01b1e0,-54,,0,0,,0
13:19:06,26.0,0,5d313797f8d9f5933c37d041ceb944f901fd8b51cfb571593ad695d62b12f971,-89,,0,0,7.0,0
13:19:07,,0,805bd4f8fd40d6ade97ac4857517918fca6403a995377661e850c9ab0c01b1e0,-62,,0,0,,0
13:19:08,26.0,0,5d313797f8d9f5933c37d041ceb944f901fd8b51cfb571593ad695d62b12f971,-90,,0,0,7.0,0
13:19:08,,0,805bd4f8fd40d6ade97ac4857517918fca6403a995377661e850c9ab0c01b1e0,-62,,0,0,,0
13:19:09,26.0,0,5d313797f8d9f5933c37d041ceb944f901fd8b51cfb571593ad695d62b12f971,-85,,0,0,7.0,0
13:19:10,26.0,0,5d313797f8d9f5933c37d041ceb944f901fd8b51cfb571593ad695d62b12f971,-87,,0,0,7.0,0
13:19:11,,0,805bd4f8fd40d6ade97ac4857517918fca6403a995377661e850c9ab0c01b1e0,-54,,0,0,,0
13:19:12,,0,3a341c37b39a451650eb3bd02cf2e160f89589d8bdb25c5497a7e71dd21b4215,-87,,0,0,,0
13:19:13,26.0,0,5d313797f8d9f5933c37d041ceb944f901fd8b51cfb571593ad695d62b12f971,-86,,0,0,7.0,0
13:19:13,26.0,0,5d313797f8d9f5933c37d041ceb944f901fd8b51cfb571593ad695d62b12f971,-86,,0,0,7.0,0
13:19:14,,0,862659e939ee761da54abee5ce94e4f7cbca48d6afb5349dc23e80b925568134,-97,,0,0,,0
13:19:15,26.0,0,5d313797f8d9f5933c37d041ceb944f901fd8b51cfb571593ad695d62b12f971,-86,,0,0,7.0,0
13:19:16,26.0,0,5d313797f8d9f5933c37d041ceb944f901fd8b51cfb571593ad695d62b12f971,-90,,0,0,7.0,0
13:19:17,26.0,0,5d313797f8d9f5933c37d041ceb944f901fd8b51cfb571593ad695d62b12f971,-85,,0,0,7.0,0
13:19:17,26.0,0,5d313797f8d9f5933c37d041ceb944f901fd8b51cfb571593ad695d62b12f971,-89,,0,0,7.0,0
13:19:18,26.0,0,5d313797f8d9f5933c37d041ceb944f901fd8b51cfb571593ad695d62b12f971,-90,,0,0,7.0,0
13:19:19,26.0,0,5d313797f8d9f5933c37d041ceb944f901fd8b51cfb571593ad695d62b12f971,-87,,0,0,7.0,0
13:19:20,26.0,0,5d313797f8d9f5933c37d041ceb944f901fd8b51cfb571593ad695d62b12f971,-90,,0,0,7.0,0
13:19:20,,0,dff94fe15bb8f0052dfb2ef885c8cf9f00486c9b832fb94e1b48ccf47d02263d,-29,,0,0,,0
13:19:21,,0,862659e939ee761da54abee5ce94e4f7cbca48d6afb5349dc23e80b925568134,-96,,0,0,,0
13:19:22,26.0,0,5d313797f8d9f5933c37d041ceb944f901fd8b51cfb571593ad695d62b12f971,-87,,0,0,7.0,0
13:19:23,26.0,0,5d313797f8d9f5933c37d041ceb944f901fd8b51cfb571593ad695d62b12f971,-87,,0,0,7.0,0
13:19:24,26.0,0,5d313797f8d9f5933c37d041ceb944f901fd8b51cfb571593ad695d62b12f971,-88,,0,0,7.0,0
13:19:24,,0,dff94fe15bb8f0052dfb2ef885c8cf9f00486c9b832fb94e1b48ccf47d02263d,-31,,0,0,,0
13:19:25,,0,805bd4f8fd40d6ade97ac4857517918fca6403a995377661e850c9ab0c01b1e0,-61,,0,0,,0
13:19:26,,0,3a341c37b39a451650eb3bd02cf2e160f89589d8bdb25c5497a7e71dd21b4215,-93,,0,0,,0
13:19:27,26.0,0,5d313797f8d9f5933c37d041ceb944f901fd8b51cfb571593ad695d62b12f971,-84,,0,0,7.0,0
13:19:28,,0,805bd4f8fd40d6ade97ac4857517918fca6403a995377661e850c9ab0c01b1e0,-53,,0,0,,0
13:19:28,26.0,0,5d313797f8d9f5933c37d041ceb944f901fd8b51cfb571593ad695d62b12f971,-85,,0,0,7.0,0
13:19:29,,0,dff94fe15bb8f0052dfb2ef885c8cf9f00486c9b832fb94e1b48ccf47d02263d,-29,,0,0,,0
13:19:30,26.0,0,5d313797f8d9f5933c37d041ceb944f901fd8b51cfb571593ad695d62b12f971,-86,,0,0,7.0,0
13:19:31,,0,dff94fe15bb8f0052dfb2ef885c8cf9f00486c9b832fb94e1b48ccf47d02263d,-31,,0,0,,0
13:19:31,,0,805bd4f8fd40d6ade97ac4857517918fca6403a995377661e850c9ab0c01b1e0,-61,,0,0,,0
13:19:32,26.0,0,5d313797f8d9f5933c37d041ceb944f901fd8b51cfb571593ad695d62b12f971,-85,,0,0,7.0,0
13:19:33,,0,6c14a90680cc09085b3f4841e5179c227972a5fa83245ba09d84b0aa62d3c35f,-88,,0,0,,0
13:19:33,26.0,0,5d313797f8d9f5933c37d041ceb944f901fd8b51cfb571593ad695d62b12f971,-87,,0,0,7.0,0
13:19:34,,0,dff94fe15bb8f0052dfb2ef885c8cf9f00486c9b832fb94e1b48ccf47d02263d,-29,,0,0,,0
13:19:35,,0,805bd4f8fd40d6ade97ac4857517918fca6403a995377661e850c9ab0c01b1e0,-64,,0,0,,0
13:19:36,,0,dff94fe15bb8f0052dfb2ef885c8cf9f00486c9b832fb94e1b48ccf47d02263d,-31,,0,0,,0
13:19:37,,0,805bd4f8fd40d6ade97ac4857517918fca6403a995377661e850c9ab0c01b1e0,-61,,0,0,,0
13:19:38,,0,6c14a90680cc09085b3f4841e5179c227972a5fa83245ba09d84b0aa62d3c35f,-88,,0,0,,0
13:19:38,26.0,0,5d313797f8d9f5933c37d041ceb944f901fd8b51cfb571593ad695d62b12f971,-84,,0,0,7.0,0
13:19:39,,0,dff94fe15bb8f0052dfb2ef885c8cf9f00486c9b832fb94e1b48ccf47d02263d,-29,,0,0,,0
13:19:40,26.0,0,5d313797f8d9f5933c37d041ceb944f901fd8b51cfb571593ad695d62b12f971,-90,,0,0,7.0,0
13:19:41,,0,6c14a90680cc09085b3f4841e5179c227972a5fa83245ba09d84b0aa62d3c35f,-86,,0,0,,0
13:19:42,,0,805bd4f8fd40d6ade97ac4857517918fca6403a995377661e850c9ab0c01b1e0,-64,,0,0,,0
13:19:42,,0,dff94fe15bb8f0052dfb2ef885c8cf9f00486c9b832fb94e1b48ccf47d02263d,-31,,0,0,,0
13:19:43,,0,6c14a90680cc09085b3f4841e5179c227972a5fa83245ba09d84b0aa62d3c35f,-86,,0,0,,0
13:19:44,26.0,0,5d313797f8d9f5933c37d041ceb944f901fd8b51cfb571593ad695d62b12f971,-85,,0,0,7.0,0
13:19:45,26.0,0,5d313797f8d9f5933c37d041ceb944f901fd8b51cfb571593ad695d62b12f971,-87,,0,0,7.0,0
13:19:46,,0,3a341c37b39a451650eb3bd02cf2e160f89589d8bdb25c5497a7e71dd21b4215,-91,,0,0,,0
13:19:46,26.0,0,5d313797f8d9f5933c37d041ceb944f901fd8b51cfb571593ad695d62b12f971,-84,,0,0,7.0,0
13:19:47,,0,6c14a90680cc09085b3f4841e5179c227972a5fa83245ba09d84b0aa62d3c35f,-83,,0,0,,0
13:19:48,,0,3a341c37b39a451650eb3bd02cf2e160f89589d8bdb25c5497a7e71dd21b4215,-88,,0,0,,0
13:19:49,26.0,0,5d313797f8d9f5933c37d041ceb944f901fd8b51cfb571593ad695d62b12f971,-84,,0,0,7.0,0
13:19:50,,0,3a341c37b39a451650eb3bd02cf2e160f89589d8bdb25c5497a7e71dd21b4215,-85,,0,0,,0
13:19:50,26.0,0,5d313797f8d9f5933c37d041ceb944f901fd8b51cfb571593ad695d62b12f971,-92,,0,0,7.0,0
13:19:51,,0,6c14a90680cc09085b3f4841e5179c227972a5fa83245ba09d84b0aa62d3c35f,-93,,0,0,,0
13:19:52,,0,3a341c37b39a451650eb3bd02cf2e160f89589d8bdb25c5497a7e71dd21b4215,-85,,0,0,,0
13:19:53,,0,6c14a90680cc09085b3f4841e5179c227972a5fa83245ba09d84b0aa62d3c35f,-82,,0,0,,0
13:19:53,26.0,0,5d313797f8d9f5933c37d041ceb944f901fd8b51cfb571593ad695d62b12f971,-85,,0,0,7.0,0
13:19:54,26.0,0,5d313797f8d9f5933c37d041ceb944f901fd8b51cfb571593ad695d62b12f971,-84,,0,0,7.0,0
13:19:55,26.0,0,5d313797f8d9f5933c37d041ceb944f901fd8b51cfb571593ad695d62b12f971,-83,,0,0,7.0,0
13:19:56,,0,805bd4f8fd40d6ade97ac4857517918fca6403a995377661e850c9ab0c01b1e0,-54,,0,0,,0
13:19:57,26.0,0,5d313797f8d9f5933c37d041ceb944f901fd8b51cfb571593ad695d62b12f971,-88,,0,0,7.0,0
13:19:57,,0,805bd4f8fd40d6ade97ac4857517918fca6403a995377661e850c9ab0c01b1e0,-64,,0,0,,0
13:19:58,,0,3a341c37b39a451650eb3bd02cf2e160f89589d8bdb25c5497a7e71dd21b4215,-85,,0,0,,0
13:19:59,26.0,0,5d313797f8d9f5933c37d041ceb944f901fd8b51cfb571593ad695d62b12f971,-85,,0,0,7.0,0
13:20:00,,0,805bd4f8fd40d6ade97ac4857517918fca6403a995377661e850c9ab0c01b1e0,-61,,0,0,,0
13:20:01,26.0,0,5d313797f8d9f5933c37d041ceb944f901fd8b51cfb571593ad695d62b12f971,-86,,0,0,7.0,0
13:20:01,26.0,0,5d313797f8d9f5933c37d041ceb944f901fd8b51cfb571593ad695d62b12f971,-84,,0,0,7.0,0
13:20:02,,0,862659e939ee761da54abee5ce94e4f7cbca48d6afb5349dc23e80b925568134,-98,,0,0,,0
13:20:03,26.0,0,5d313797f8d9f5933c37d041ceb944f901fd8b51cfb571593ad695d62b12f971,-84,,0,0,7.0,0
13:20:04,,0,862659e939ee761da54abee5ce94e4f7cbca48d6afb5349dc23e80b925568134,-96,,0,0,,0
13:20:04,26.0,0,5d313797f8d9f5933c37d041ceb944f901fd8b51cfb571593ad695d62b12f971,-85,,0,0,7.0,0
13:20:05,26.0,0,5d313797f8d9f5933c37d041ceb944f901fd8b51cfb571593ad695d62b12f971,-93,,0,0,7.0,0
13:20:06,26.0,0,5d313797f8d9f5933c37d041ceb944f901fd8b51cfb571593ad695d62b12f971,-86,,0,0,7.0,0
13:20:07,26.0,0,5d313797f8d9f5933c37d041ceb944f901fd8b51cfb571593ad695d62b12f971,-86,,0,0,7.0,0
13:20:07,26.0,0,5d313797f8d9f5933c37d041ceb944f901fd8b51cfb571593ad695d62b12f971,-83,,0,0,7.0,0
13:20:08,26.0,0,5d313797f8d9f5933c37d041ceb944f901fd8b51cfb571593ad695d62b12f971,-88,,0,0,7.0,0
13:20:09,26.0,0,5d313797f8d9f5933c37d041ceb944f901fd8b51cfb571593ad695d62b12f971,-84,,0,0,7.0,0
13:20:10,,0,805bd4f8fd40d6ade97ac4857517918fca6403a995377661e850c9ab0c01b1e0,-62,,0,0,,0
13:20:11,,0,862659e939ee761da54abee5ce94e4f7cbca48d6afb5349dc23e80b925568134,-94,,0,0,,0
13:20:11,,0,805bd4f8fd40d6ade97ac4857517918fca6403a995377661e850c9ab0c01b1e0,-47,,0,0,,0
13:20:12,,0,805bd4f8fd40d6ade97ac4857517918fca6403a995377661e850c9ab0c01b1e0,-64,,0,0,,0
13:20:13,,0,805bd4f8fd40d6ade97ac4857517918fca6403a995377661e850c9ab0c01b1e0,-61,,0,0,,0
13:20:14,26.0,0,5d313797f8d9f5933c37d041ceb944f901fd8b51cfb571593ad695d62b12f971,-90,,0,0,7.0,0
13:20:15,,0,805bd4f8fd40d6ade97ac4857517918fca6403a995377661e850c9ab0c01b1e0,-54,,0,0,,0
13:20:15,26.0,0,5d313797f8d9f5933c37d041ceb944f901fd8b51cfb571593ad695d62b12f971,-83,,0,0,7.0,0
13:20:16,,0,3a341c37b39a451650eb3bd02cf2e160f89589d8bdb25c5497a7e71dd21b4215,-84,,0,0,,0
13:20:17,26.0,0,5d313797f8d9f5933c37d041ceb944f901fd8b51cfb571593ad695d62b12f971,-88,,0,0,7.0,0
13:20:18,,0,dff94fe15bb8f0052dfb2ef885c8cf9f00486c9b832fb94e1b48ccf47d02263d,-29,,0,0,,0
13:20:19,26.0,0,5d313797f8d9f5933c37d041ceb944f901fd8b51cfb571593ad695d62b12f971,-84,,0,0,7.0,0
13:20:19,,0,805bd4f8fd40d6ade97ac4857517918fca6403a995377661e850c9ab0c01b1e0,-64,,0,0,,0
13:20:20,26.0,0,5d313797f8d9f5933c37d041ceb944f901fd8b51cfb571593ad695d62b12f971,-92,,0,0,7.0,0
13:20:21,,0,dff94fe15bb8f0052dfb2ef885c8cf9f00486c9b832fb94e1b48ccf47d02263d,-29,,0,0,,0
13:20:22,26.0,0,5d313797f8d9f5933c37d041ceb944f901fd8b51cfb571593ad695d62b12f971,-84,,0,0,7.0,0
13:20:22,26.0,0,5d313797f8d9f5933c37d041ceb944f901fd8b51cfb571593ad695d62b12f971,-89,,0,0,7.0,0
13:20:23,26.0,0,5d313797f8d9f5933c37d041ceb944f901fd8b51cfb571593ad695d62b12f971,-88,,0,0,7.0,0
13:20:24,,0,862659e939ee761da54abee5ce94e4f7cbca48d6afb5349dc23e80b925568134,-97,,0,0,,0
13:20:25,,0,6c14a90680cc09085b3f4841e5179c227972a5fa83245ba09d84b0aa62d3c35f,-90,,0,0,,0
13:20:26,,0,862659e939ee761da54abee5ce94e4f7cbca48d6afb5349dc23e80b925568134,-93,,0,0,,0
13:20:26,26.0,0,5d313797f8d9f5933c37d041ceb944f901fd8b51cfb571593ad695d62b12f971,-90,,0,0,7.0,0
13:20:27,,0,6c14a90680cc09085b3f4841e5179c227972a5fa83245ba09d84b0aa62d3c35f,-84,,0,0,,0
13:20:28,26.0,0,5d313797f8d9f5933c37d041ceb944f901fd8b51cfb571593ad695d62b12f971,-94,,0,0,7.0,0
13:20:29,,0,dff94fe15bb8f0052dfb2ef885c8cf9f00486c9b832fb94e1b48ccf47d02263d,-31,,0,0,,0
13:20:29,26.0,0,5d313797f8d9f5933c37d041ceb944f901fd8b51cfb571593ad695d62b12f971,-88,,0,0,7.0,0
13:20:30,26.0,0,5d313797f8d9f5933c37d041ceb944f901fd8b51cfb571593ad695d62b12f971,-89,,0,0,7.0,0
13:20:31,,0,6c14a90680cc09085b3f4841e5179c227972a5fa83245ba09d84b0aa62d3c35f,-87,,0,0,,0
13:20:32,,0,6c14a90680cc09085b3f4841e5179c227972a5fa83245ba09d84b0aa62d3c35f,-86,,0,0,,0
13:20:33,,0,dff94fe15bb8f0052dfb2ef885c8cf9f00486c9b832fb94e1b48ccf47d02263d,-29,,0,0,,0
13:20:33,,0,3a341c37b39a451650eb3bd02cf2e160f89589d8bdb25c5497a7e71dd21b4215,-88,,0,0,,0
13:20:34,,0,dff94fe15bb8f0052dfb2ef885c8cf9f00486c9b832fb94e1b48ccf47d02263d,-31,,0,0,,0
13:20:35,,0,6c14a90680cc09085b3f4841e5179c227972a5fa83245ba09d84b0aa62d3c35f,-90,,0,0,,0
13:20:36,,0,dff94fe15bb8f0052dfb2ef885c8cf9f00486c9b832fb94e1b48ccf47d02263d,-29,,0,0,,0
13:20:37,,0,805bd4f8fd40d6ade97ac4857517918fca6403a995377661e850c9ab0c01b1e0,-62,,0,0,,0
13:20:37,26.0,0,5d313797f8d9f5933c37d041ceb944f901fd8b51cfb571593ad695d62b12f971,-79,,0,0,7.0,0
13:20:38,26.0,0,5d313797f8d9f5933c37d041ceb944f901fd8b51cfb571593ad695d62b12f971,-78,,0,0,7.0,0
13:20:39,26.0,0,5d313797f8d9f5933c37d041ceb944f901fd8b51cfb571593ad695d62b12f971,-81,,0,0,,0
13:20:40,26.0,0,5d313797f8d9f5933c37d041ceb944f901fd8b51cfb571593ad695d62b12f971,-79,,0,0,,0
13:20:40,,0,dff94fe15bb8f0052dfb2ef885c8cf9f00486c9b832fb94e1b48ccf47d02263d,-31,,0,0,,0
13:20:41,26.0,0,5d313797f8d9f5933c37d041ceb944f901fd8b51cfb571593ad695d62b12f971,-82,,0,0,,0
13:20:42,26.0,0,5d313797f8d9f5933c37d041ceb944f901fd8b51cfb571593ad695d62b12f971,-76,,0,0,,0
13:20:43,26.0,0,5d313797f8d9f5933c37d041ceb944f901fd8b51cfb571593ad695d62b12f971,-77,,0,0,,0
13:20:44,,0,805bd4f8fd40d6ade97ac4857517918fca6403a995377661e850c9ab0c01b1e0,-62,,0,0,,0
13:20:44,26.0,0,5d313797f8d9f5933c37d041ceb944f901fd8b51cfb571593ad695d62b12f971,-83,,0,0,,0
13:20:45,,0,6c14a90680cc09085b3f4841e5179c227972a5fa83245ba09d84b0aa62d3c35f,-84,,0,0,,0
13:20:46,,0,805bd4f8fd40d6ade97ac4857517918fca6403a995377661e850c9ab0c01b1e0,-53,,0,0,,0
13:20:47,26.0,0,5d313797f8d9f5933c37d041ceb944f901fd8b51cfb571593ad695d62b12f971,-86,,0,0,,0
13:20:47,,0,dff94fe15bb8f0052dfb2ef885c8cf9f00486c9b832fb94e1b48ccf47d02263d,-31,,0,0,,0
13:20:48,26.0,0,5d313797f8d9f5933c37d041ceb944f901fd8b51cfb571593ad695d62b12f971,-88,,0,0,,0
13:20:49,,0,6c14a90680cc09085b3f4841e5179c227972a5fa83245ba09d84b0aa62d3c35f,-90,,0,0,,0
13:20:50,26.0,0,5d313797f8d9f5933c37d041ceb944f901fd8b51cfb571593ad695d62b12f971,-83,,0,0,,0
13:20:51,,0,dff94fe15bb8f0052dfb2ef885c8cf9f00486c9b832fb94e1b48ccf47d02263d,-29,,0,0,,0
13:20:51,26.0,0,5d313797f8d9f5933c37d041ceb944f901fd8b51cfb571593ad695d62b12f971,-83,,0,0,,0
13:20:52,,0,dff94fe15bb8f0052dfb2ef885c8cf9f00486c9b832fb94e1b48ccf47d02263d,-31,,0,0,,0
13:20:53,26.0,0,5d313797f8d9f5933c37d041ceb944f901fd8b51cfb571593ad695d62b12f971,-81,,0,0,,0
13:20:54,26.0,0,5d313797f8d9f5933c37d041ceb944f901fd8b51cfb571593ad695d62b12f971,-88,,0,0,,0
13:20:54,26.0,0,5d313797f8d9f5933c37d041ceb944f901fd8b51cfb571593ad695d62b12f971,-90,,0,0,,0
13:20:55,,0,dff94fe15bb8f0052dfb2ef885c8cf9f00486c9b832fb94e1b48ccf47d02263d,-29,,0,0,,0
13:20:56,26.0,0,5d313797f8d9f5933c37d041ceb944f901fd8b51cfb571593ad695d62b12f971,-91,,0,0,,0
13:20:57,,0,805bd4f8fd40d6ade97ac4857517918fca6403a995377661e850c9ab0c01b1e0,-64,,0,0,,0
13:20:58,,0,3a341c37b39a451650eb3bd02cf2e160f89589d8bdb25c5497a7e71dd21b4215,-92,,0,0,,0
13:20:58,,0,805bd4f8fd40d6ade97ac4857517918fca6403a995377661e850c9ab0c01b1e0,-61,,0,0,,0
13:20:59,26.0,0,5d313797f8d9f5933c37d041ceb944f901fd8b51cfb571593ad695d62b12f971,-90,,0,0,,0
13:21:00,,0,805bd4f8fd40d6ade97ac4857517918fca6403a995377661e850c9ab0c01b1e0,-54,,0,0,,0
13:21:01,26.0,0,5d313797f8d9f5933c37d041ceb944f901fd8b51cfb571593ad695d62b12f971,-87,,0,0,,0
13:21:02,,0,3a341c37b39a451650eb3bd02cf2e160f89589d8bdb25c5497a7e71dd21b4215,-88,,0,0,,0
13:21:02,,0,805bd4f8fd40d6ade97ac4857517918fca6403a995377661e850c9ab0c01b1e0,-64,,0,0,,0
13:21:03,26.0,0,5d313797f8d9f5933c37d041ceb944f901fd8b51cfb571593ad695d62b12f971,-82,,0,0,,0
13:21:04,26.0,0,5d313797f8d9f5933c37d041ceb944f901fd8b51cfb571593ad695d62b12f971,-76,,0,0,,0
13:21:05,26.0,0,5d313797f8d9f5933c37d041ceb944f901fd8b51cfb571593ad695d62b12f971,-83,,0,0,,0
13:21:05,26.0,0,5d313797f8d9f5933c37d041ceb944f901fd8b51cfb571593ad695d62b12f971,-79,,0,0,,0
13:21:06,26.0,0,5d313797f8d9f5933c37d041ceb944f901fd8b51cfb571593ad695d62b12f971,-78,,0,0,,0
13:21:07,26.0,0,5d313797f8d9f5933c37d041ceb944f901fd8b51cfb571593ad695d62b12f971,-80,,0,0,,0
13:21:08,,0,805bd4f8fd40d6ade97ac4857517918fca6403a995377661e850c9ab0c01b1e0,-55,,0,0,,0
13:21:08,26.0,0,5d313797f8d9f5933c37d041ceb944f901fd8b51cfb571593ad695d62b12f971,-77,,0,0,,0
13:21:09,26.0,0,5d313797f8d9f5933c37d041ceb944f901fd8b51cfb571593ad695d62b12f971,-80,,0,0,,0
13:21:10,26.0,0,5d313797f8d9f5933c37d041ceb944f901fd8b51cfb571593ad695d62b12f971,-80,,0,0,,0
13:21:11,,0,3a341c37b39a451650eb3bd02cf2e160f89589d8bdb25c5497a7e71dd21b4215,-77,,0,0,,0
13:21:12,26.0,0,5d313797f8d9f5933c37d041ceb944f901fd8b51cfb571593ad695d62b12f971,-80,,0,0,,0
13:21:12,26.0,0,5d313797f8d9f5933c37d041ceb944f901fd8b51cfb571593ad695d62b12f971,-81,,0,0,,0
13:21:13,26.0,0,5d313797f8d9f5933c37d041ceb944f901fd8b51cfb571593ad695d62b12f971,-86,,0,0,,0
13:21:14,26.0,0,5d313797f8d9f5933c37d041ceb944f901fd8b51cfb571593ad695d62b12f971,-77,,0,0,,0
13:21:15,26.0,0,5d313797f8d9f5933c37d041ceb944f901fd8b51cfb571593ad695d62b12f971,-80,,0,0,,0
13:21:16,26.0,0,5d313797f8d9f5933c37d041ceb944f901fd8b51cfb571593ad695d62b12f971,-79,,0,0,,0
13:21:16,26.0,0,5d313797f8d9f5933c37d041ceb944f901fd8b51cfb571593ad695d62b12f971,-86,,0,0,,0
13:21:17,,0,3a341c37b39a451650eb3bd02cf2e160f89589d8bdb25c5497a7e71dd21b4215,-88,,0,0,,0
13:21:18,26.0,0,5d313797f8d9f5933c37d041ceb944f901fd8b51cfb571593ad695d62b12f971,-77,,0,0,,0
13:21:19,,0,6c14a90680cc09085b3f4841e5179c227972a5fa83245ba09d84b0aa62d3c35f,-85,,0,0,,0
13:21:19,26.0,0,5d313797f8d9f5933c37d041ceb944f901fd8b51cfb571593ad695d62b12f971,-83,,0,0,,0
13:21:20,26.0,0,5d313797f8d9f5933c37d041ceb944f901fd8b51cfb571593ad695d62b12f971,-82,,0,0,,0
13:21:21,26.0,0,5d313797f8d9f5933c37d041ceb944f901fd8b51cfb571593ad695d62b12f971,-81,,0,0,,0
13:21:22,26.0,0,5d313797f8d9f5933c37d041ceb944f901fd8b51cfb571593ad695d62b12f971,-81,,0,0,,0
13:21:23,,0,6c14a90680cc09085b3f4841e5179c227972a5fa83245ba09d84b0aa62d3c35f,-88,,0,0,,0
13:21:23,,0,dff94fe15bb8f0052dfb2ef885c8cf9f00486c9b832fb94e1b48ccf47d02263d,-29,,0,0,,0
13:21:24,26.0,0,5d313797f8d9f5933c37d041ceb944f901fd8b51cfb571593ad695d62b12f971,-84,,0,0,7.0,0
13:21:25,,0,6c14a90680cc09085b3f4841e5179c227972a5fa83245ba09d84b0aa62d3c35f,-84,,0,0,,0
13:21:26,26.0,0,5d313797f8d9f5933c37d041ceb944f901fd8b51cfb571593ad695d62b12f971,-90,,0,0,7.0,0
13:21:27,,0,dff94fe15bb8f0052dfb2ef885c8cf9f00486c9b832fb94e1b48ccf47d02263d,-31,,0,0,,0
13:21:27,26.0,0,5d313797f8d9f5933c37d041ceb944f901fd8b51cfb571593ad695d62b12f971,-86,,0,0,7.0,0
13:21:28,,0,3a341c37b39a451650eb3bd02cf2e160f89589d8bdb25c5497a7e71dd21b4215,-81,,0,0,,0
13:21:29,,0,dff94fe15bb8f0052dfb2ef885c8cf9f00486c9b832fb94e1b48ccf47d02263d,-29,,0,0,,0
13:21:30,,0,805bd4f8fd40d6ade97ac4857517918fca6403a995377661e850c9ab0c01b1e0,-47,,0,0,,0
13:21:30,,0,dff94fe15bb8f0052dfb2ef885c8cf9f00486c9b832fb94e1b48ccf47d02263d,-29,,0,0,,0
13:21:31,,0,805bd4f8fd40d6ade97ac4857517918fca6403a995377661e850c9ab0c01b1e0,-64,,0,0,,0
13:21:32,,0,dff94fe15bb8f0052dfb2ef885c8cf9f00486c9b832fb94e1b48ccf47d02263d,-31,,0,0,,0
13:21:33,,0,805bd4f8fd40d6ade97ac4857517918fca6403a995377661e850c9ab0c01b1e0,-62,,0,0,,0
13:21:34,26.0,0,5d313797f8d9f5933c37d041ceb944f901fd8b51cfb571593ad695d62b12f971,-92,,0,0,7.0,0
13:21:34,26.0,0,5d313797f8d9f5933c37d041ceb944f901fd8b51cfb571593ad695d62b12f971,-94,,0,0,7.0,0
13:21:35,,0,6c14a90680cc09085b3f4841e5179c227972a5fa83245ba09d84b0aa62d3c35f,-88,,0,0,,0
13:21:36,,0,3a341c37b39a451650eb3bd02cf2e160f89589d8bdb25c5497a7e71dd21b4215,-90,,0,0,,0
13:21:37,,0,dff94fe15bb8f0052dfb2ef885c8cf9f00486c9b832fb94e1b48ccf47d02263d,-29,,0,0,,0
13:21:38,26.0,0,5d313797f8d9f5933c37d041ceb944f901fd8b51cfb571593ad695d62b12f971,-78,,0,0,7.0,0
13:21:38,26.0,0,5d313797f8d9f5933c37d041ceb944f901fd8b51cfb571593ad695d62b12f971,-87,,0,0,7.0,0
13:21:39,,0,dff94fe15bb8f0052dfb2ef885c8cf9f00486c9b832fb94e1b48ccf47d02263d,-31,,0,0,,0
13:21:40,,0,805bd4f8fd40d6ade97ac4857517918fca6403a995377661e850c9ab0c01b1e0,-54,,0,0,,0
13:21:41,,0,dff94fe15bb8f0052dfb2ef885c8cf9f00486c9b832fb94e1b48ccf47d02263d,-29,,0,0,,0
13:21:41,26.0,0,5d313797f8d9f5933c37d041ceb944f901fd8b51cfb571593ad695d62b12f971,-91,,0,0,7.0,0
13:21:42,,0,862659e939ee761da54abee5ce94e4f7cbca48d6afb5349dc23e80b925568134,-97,,0,0,,0
13:21:43,,0,6c14a90680cc09085b3f4841e5179c227972a5fa83245ba09d84b0aa62d3c35f,-83,,0,0,,0
13:21:44,,0,805bd4f8fd40d6ade97ac4857517918fca6403a995377661e850c9ab0c01b1e0,-61,,0,0,,0
13:21:45,26.0,0,5d313797f8d9f5933c37d041ceb944f901fd8b51cfb571593ad695d62b12f971,-90,,0,0,7.0,0
13:21:45,,0,dff94fe15bb8f0052dfb2ef885c8cf9f00486c9b832fb94e1b48ccf47d02263d,-31,,0,0,,0
13:21:46,,0,805bd4f8fd40d6ade97ac4857517918fca6403a995377661e850c9ab0c01b1e0,-47,,0,0,,0
13:21:47,,0,862659e939ee761da54abee5ce94e4f7cbca48d6afb5349dc23e80b925568134,-97,,0,0,,0
13:21:48,26.0,0,5d313797f8d9f5933c37d041ceb944f901fd8b51cfb571593ad695d62b12f971,-94,,0,0,7.0,0
13:21:48,26.0,0,5d313797f8d9f5933c37d041ceb944f901fd8b51cfb571593ad695d62b12f971,-88,,0,0,7.0,0
13:21:49,,0,dff94fe15bb8f0052dfb2ef885c8cf9f00486c9b832fb94e1b48ccf47d02263d,-29,,0,0,,0
13:21:50,,0,805bd4f8fd40d6ade97ac4857517918fca6403a995377661e850c9ab0c01b1e0,-61,,0,0,,0
13:21:51,26.0,0,5d313797f8d9f5933c37d041ceb944f901fd8b51cfb571593ad695d62b12f971,-90,,0,0,7.0,0
13:21:52,,0,3a341c37b39a451650eb3bd02cf2e160f89589d8bdb25c5497a7e71dd21b4215,-91,,0,0,,0
13:21:52,,0,dff94fe15bb8f0052dfb2ef885c8cf9f00486c9b832fb94e1b48ccf47d02263d,-29,,0,0,,0
13:21:53,26.0,0,5d313797f8d9f5933c37d041ceb944f901fd8b51cfb571593ad695d62b12f971,-86,,0,0,7.0,0
13:21:54,,0,dff94fe15bb8f0052dfb2ef885c8cf9f00486c9b832fb94e1b48ccf47d02263d,-29,,0,0,,0
13:21:55,26.0,0,5d313797f8d9f5933c37d041ceb944f901fd8b51cfb571593ad695d62b12f971,-88,,0,0,7.0,0
13:21:55,,0,805bd4f8fd40d6ade97ac4857517918fca6403a995377661e850c9ab0c01b1e0,-64,,0,0,,0
13:21:56,26.0,0,5d313797f8d9f5933c37d041ceb944f901fd8b51cfb571593ad695d62b12f971,-88,,0,0,7.0,0
13:21:57,26.0,0,5d313797f8d9f5933c37d041ceb944f901fd8b51cfb571593ad695d62b12f971,-87,,0,0,7.0,0
13:21:58,,0,3a341c37b39a451650eb3bd02cf2e160f89589d8bdb25c5497a7e71dd21b4215,-90,,0,0,,0
13:21:59,,0,805bd4f8fd40d6ade97ac4857517918fca6403a995377661e850c9ab0c01b1e0,-61,,0,0,,0
13:21:59,26.0,0,5d313797f8d9f5933c37d041ceb944f901fd8b51cfb571593ad695d62b12f971,-87,,0,0,7.0,0
13:22:00,26.0,0,5d313797f8d9f5933c37d041ceb944f901fd8b51cfb571593ad695d62b12f971,-88,,0,0,7.0,0
13:22:01,,0,805bd4f8fd40d6ade97ac4857517918fca6403a995377661e850c9ab0c01b1e0,-54,,0,0,,0
13:22:02,,0,6c14a90680cc09085b3f4841e5179c227972a5fa83245ba09d84b0aa62d3c35f,-87,,0,0,,0
13:22:02,,0,3a341c37b39a451650eb3bd02cf2e160f89589d8bdb25c5497a7e71dd21b4215,-88,,0,0,,0
13:22:03,,0,805bd4f8fd40d6ade97ac4857517918fca6403a995377661e850c9ab0c01b1e0,-64,,0,0,,0
13:22:04,26.0,0,5d313797f8d9f5933c37d041ceb944f901fd8b51cfb571593ad695d62b12f971,-89,,0,0,7.0,0
13:22:05,,0,6c14a90680cc09085b3f4841e5179c227972a5fa83245ba09d84b0aa62d3c35f,-88,,0,0,,0
13:22:06,26.0,0,92d51e1373a98407c3959e15231559c208e8b7033343eef2eac77d18621cfced,-84,,0,0,12.0,0
13:22:06,26.0,0,5d313797f8d9f5933c37d041ceb944f901fd8b51cfb571593ad695d62b12f971,-89,,0,0,7.0,0
13:22:07,,0,6c14a90680cc09085b3f4841e5179c227972a5fa83245ba09d84b0aa62d3c35f,-92,,0,0,,0
13:22:08,26.0,0,5d313797f8d9f5933c37d041ceb944f901fd8b51cfb571593ad695d62b12f971,-90,,0,0,7.0,0
13:22:09,,0,6c14a90680cc09085b3f4841e5179c227972a5fa83245ba09d84b0aa62d3c35f,-89,,0,0,,0
13:22:10,26.0,0,5d313797f8d9f5933c37d041ceb944f901fd8b51cfb571593ad695d62b12f971,-88,,0,0,7.0,0
13:22:10,26.0,0,92d51e1373a98407c3959e15231559c208e8b7033343eef2eac77d18621cfced,-85,,0,0,12.0,0
13:22:11,,0,6c14a90680cc09085b3f4841e5179c227972a5fa83245ba09d84b0aa62d3c35f,-82,,0,0,,0
13:22:12,26.0,0,92d51e1373a98407c3959e15231559c208e8b7033343eef2eac77d18621cfced,-85,,0,0,12.0,0
13:22:13,26.0,0,92d51e1373a98407c3959e15231559c208e8b7033343eef2eac77d18621cfced,-84,,0,0,12.0,0
13:22:13,26.0,0,5d313797f8d9f5933c37d041ceb944f901fd8b51cfb571593ad695d62b12f971,-89,,0,0,7.0,0
13:22:14,,0,6c14a90680cc09085b3f4841e5179c227972a5fa83245ba09d84b0aa62d3c35f,-89,,0,0,,0
13:22:15,,0,805bd4f8fd40d6ade97ac4857517918fca6403a995377661e850c9ab0c01b1e0,-62,,0,0,,0
13:22:16,26.0,0,5d313797f8d9f5933c37d041ceb944f901fd8b51cfb571593ad695d62b12f971,-91,,0,0,7.0,0
13:22:17,,0,6c14a90680cc09085b3f4841e5179c227972a5fa83245ba09d84b0aa62d3c35f,-85,,0,0,,0
13:22:17,26.0,0,5d313797f8d9f5933c37d041ceb944f901fd8b51cfb571593ad695d62b12f971,-91,,0,0,7.0,0
13:22:18,,0,805bd4f8fd40d6ade97ac4857517918fca6403a995377661e850c9ab0c01b1e0,-54,,0,0,,0
13:22:19,,0,3a341c37b39a451650eb3bd02cf2e160f89589d8bdb25c5497a7e71dd21b4215,-91,,0,0,,0
13:22:20,,0,805bd4f8fd40d6ade97ac4857517918fca6403a995377661e850c9ab0c01b1e0,-64,,0,0,,0
13:22:21,,0,6c14a90680cc09085b3f4841e5179c227972a5fa83245ba09d84b0aa62d3c35f,-87,,0,0,,0
13:22:21,,0,805bd4f8fd40d6ade97ac4857517918fca6403a995377661e850c9ab0c01b1e0,-62,,0,0,,0
13:22:22,26.0,0,5d313797f8d9f5933c37d041ceb944f901fd8b51cfb571593ad695d62b12f971,-89,,0,0,7.0,0
13:22:23,,0,805bd4f8fd40d6ade97ac4857517918fca6403a995377661e850c9ab0c01b1e0,-54,,0,0,,0
13:22:24,6.0,0,2f05e220323b449674e2ccd56013596b505c26031b1ee6bfc599567c1f32be9a,-97,,0,0,,0
13:22:24,,0,dff94fe15bb8f0052dfb2ef885c8cf9f00486c9b832fb94e1b48ccf47d02263d,-31,,0,0,,0
13:22:25,6.0,0,2f05e220323b449674e2ccd56013596b505c26031b1ee6bfc599567c1f32be9a,-92,,0,0,,0
13:22:26,,0,805bd4f8fd40d6ade97ac4857517918fca6403a995377661e850c9ab0c01b1e0,-65,,0,0,,0
13:22:27,,0,dff94fe15bb8f0052dfb2ef885c8cf9f00486c9b832fb94e1b48ccf47d02263d,-29,,0,0,,0
13:22:27,26.0,0,5d313797f8d9f5933c37d041ceb944f901fd8b51cfb571593ad695d62b12f971,-87,,0,0,7.0,0
13:22:28,,0,dff94fe15bb8f0052dfb2ef885c8cf9f00486c9b832fb94e1b48ccf47d02263d,-29,,0,0,,0
13:22:29,,0,862659e939ee761da54abee5ce94e4f7cbca48d6afb5349dc23e80b925568134,-93,,0,0,,0
13:22:30,,0,dff94fe15bb8f0052dfb2ef885c8cf9f00486c9b832fb94e1b48ccf47d02263d,-31,,0,0,,0
13:22:31,,0,dff94fe15bb8f0052dfb2ef885c8cf9f00486c9b832fb94e1b48ccf47d02263d,-29,,0,0,,0
13:22:31,,0,862659e939ee761da54abee5ce94e4f7cbca48d6afb5349dc23e80b925568134,-93,,0,0,,0
13:22:32,,0,6c14a90680cc09085b3f4841e5179c227972a5fa83245ba09d84b0aa62d3c35f,-84,,0,0,,0
13:22:33,,0,862659e939ee761da54abee5ce94e4f7cbca48d6afb5349dc23e80b925568134,-96,,0,0,,0
13:22:34,,0,dff94fe15bb8f0052dfb2ef885c8cf9f00486c9b832fb94e1b48ccf47d02263d,-29,,0,0,,0
13:22:35,,0,dff94fe15bb8f0052dfb2ef885c8cf9f00486c9b832fb94e1b48ccf47d02263d,-31,,0,0,,0
13:22:35,,0,dff94fe15bb8f0052dfb2ef885c8cf9f00486c9b832fb94e1b48ccf47d02263d,-29,,0,0,,0
13:22:36,,0,805bd4f8fd40d6ade97ac4857517918fca6403a995377661e850c9ab0c01b1e0,-54,,0,0,,0
13:22:37,,0,6c14a90680cc09085b3f4841e5179c227972a5fa83245ba09d84b0aa62d3c35f,-84,,0,0,,0
13:22:38,,0,dff94fe15bb8f0052dfb2ef885c8cf9f00486c9b832fb94e1b48ccf47d02263d,-29,,0,0,,0
13:22:38,,0,805bd4f8fd40d6ade97ac4857517918fca6403a995377661e850c9ab0c01b1e0,-64,,0,0,,0
13:22:39,,0,dff94fe15bb8f0052dfb2ef885c8cf9f00486c9b832fb94e1b48ccf47d02263d,-31,,0,0,,0
13:22:40,6.0,0,2f05e220323b449674e2ccd56013596b505c26031b1ee6bfc599567c1f32be9a,-92,,0,0,,0
13:22:41,,0,805bd4f8fd40d6ade97ac4857517918fca6403a995377661e850c9ab0c01b1e0,-61,,0,0,,0
13:22:42,,0,dff94fe15bb8f0052dfb2ef885c8cf9f00486c9b832fb94e1b48ccf47d02263d,-29,,0,0,,0
13:22:42,,0,805bd4f8fd40d6ade97ac4857517918fca6403a995377661e850c9ab0c01b1e0,-55,,0,0,,0
13:22:43,,0,dff94fe15bb8f0052dfb2ef885c8cf9f00486c9b832fb94e1b48ccf47d02263d,-29,,0,0,,0
13:22:44,,0,805bd4f8fd40d6ade97ac4857517918fca6403a995377661e850c9ab0c01b1e0,-64,,0,0,,0
13:22:45,,0,dff94fe15bb8f0052dfb2ef885c8cf9f00486c9b832fb94e1b48ccf47d02263d,-31,,0,0,,0
13:22:46,,0,805bd4f8fd40d6ade97ac4857517918fca6403a995377661e850c9ab0c01b1e0,-62,,0,0,,0
13:22:46,,0,dff94fe15bb8f0052dfb2ef885c8cf9f00486c9b832fb94e1b48ccf47d02263d,-29,,0,0,,0
13:22:47,6.0,0,2f05e220323b449674e2ccd56013596b505c26031b1ee6bfc599567c1f32be9a,-92,,0,0,,0
13:22:48,,0,dff94fe15bb8f0052dfb2ef885c8cf9f00486c9b832fb94e1b48ccf47d02263d,-29,,0,0,,0
13:22:49,,0,dff94fe15bb8f0052dfb2ef885c8cf9f00486c9b832fb94e1b48ccf47d02263d,-31,,0,0,,0
13:22:49,,0,805bd4f8fd40d6ade97ac4857517918fca6403a995377661e850c9ab0c01b1e0,-54,,0,0,,0
13:22:50,,0,dff94fe15bb8f0052dfb2ef885c8cf9f00486c9b832fb94e1b48ccf47d02263d,-29,,0,0,,0
13:22:51,,0,805bd4f8fd40d6ade97ac4857517918fca6403a995377661e850c9ab0c01b1e0,-64,,0,0,,0
13:22:52,26.0,0,92d51e1373a98407c3959e15231559c208e8b7033343eef2eac77d18621cfced,-88,,0,0,12.0,0
13:22:53,,0,dff94fe15bb8f0052dfb2ef885c8cf9f00486c9b832fb94e1b48ccf47d02263d,-29,,0,0,,0
13:22:53,26.0,0,92d51e1373a98407c3959e15231559c208e8b7033343eef2eac77d18621cfced,-97,,0,0,12.0,0
13:22:54,,0,862659e939ee761da54abee5ce94e4f7cbca48d6afb5349dc23e80b925568134,-98,,0,0,,0
13:22:55,,0,805bd4f8fd40d6ade97ac4857517918fca6403a995377661e850c9ab0c01b1e0,-62,,0,0,,0
13:22:56,,0,dff94fe15bb8f0052dfb2ef885c8cf9f00486c9b832fb94e1b48ccf47d02263d,-31,,0,0,,0
13:22:57,,0,dff94fe15bb8f0052dfb2ef885c8cf9f00486c9b832fb94e1b48ccf47d02263d,-29,,0,0,,0
13:22:57,,0,805bd4f8fd40d6ade97ac4857517918fca6403a995377661e850c9ab0c01b1e0,-64,,0,0,,0
13:22:58,,0,dff94fe15bb8f0052dfb2ef885c8cf9f00486c9b832fb94e1b48ccf47d02263d,-30,,0,0,,0
13:22:59,,0,dff94fe15bb8f0052dfb2ef885c8cf9f00486c9b832fb94e1b48ccf47d02263d,-31,,0,0,,0
13:23:00,26.0,0,92d51e1373a98407c3959e15231559c208e8b7033343eef2eac77d18621cfced,-88,,0,0,12.0,0
13:23:00,,0,6c14a90680cc09085b3f4841e5179c227972a5fa83245ba09d84b0aa62d3c35f,-89,,0,0,,0
13:23:01,,0,dff94fe15bb8f0052dfb2ef885c8cf9f00486c9b832fb94e1b48ccf47d02263d,-29,,0,0,,0
13:23:02,,0,862659e939ee761da54abee5ce94e4f7cbca48d6afb5349dc23e80b925568134,-91,,0,0,,0
13:23:03,26.0,0,92d51e1373a98407c3959e15231559c208e8b7033343eef2eac77d18621cfced,-89,,0,0,12.0,0
13:23:04,,0,805bd4f8fd40d6ade97ac4857517918fca6403a995377661e850c9ab0c01b1e0,-59,,0,0,,0
13:23:04,26.0,0,6e13998004a60a2e905960eaec46e1cf915f8142390cf3f49ad878f7683d5329,-64,,0,0,7.0,0
13:23:05,26.0,0,92d51e1373a98407c3959e15231559c208e8b7033343eef2eac77d18621cfced,-82,,0,0,12.0,0
13:23:06,26.0,0,6e13998004a60a2e905960eaec46e1cf915f8142390cf3f49ad878f7683d5329,-63,,0,0,7.0,0
13:23:07,26.0,0,6e13998004a60a2e905960eaec46e1cf915f8142390cf3f49ad878f7683d5329,-64,,0,0,7.0,0
13:23:07,26.0,0,92d51e1373a98407c3959e15231559c208e8b7033343eef2eac77d18621cfced,-83,,0,0,12.0,0
13:23:08,26.0,0,6e13998004a60a2e905960eaec46e1cf915f8142390cf3f49ad878f7683d5329,-62,,0,0,7.0,0
13:23:09,26.0,0,92d51e1373a98407c3959e15231559c208e8b7033343eef2eac77d18621cfced,-83,,0,0,12.0,0
13:23:10,,0,805bd4f8fd40d6ade97ac4857517918fca6403a995377661e850c9ab0c01b1e0,-58,,0,0,,0
13:23:11,26.0,0,6e13998004a60a2e905960eaec46e1cf915f8142390cf3f49ad878f7683d5329,-56,,0,0,7.0,0
13:23:11,26.0,0,6e13998004a60a2e905960eaec46e1cf915f8142390cf3f49ad878f7683d5329,-59,,0,0,7.0,0
13:23:12,26.0,0,92d51e1373a98407c3959e15231559c208e8b7033343eef2eac77d18621cfced,-86,,0,0,12.0,0
13:23:13,26.0,0,6e13998004a60a2e905960eaec46e1cf915f8142390cf3f49ad878f7683d5329,-59,,0,0,7.0,0
13:23:14,26.0,0,92d51e1373a98407c3959e15231559c208e8b7033343eef2eac77d18621cfced,-81,,0,0,12.0,0
13:23:15,26.0,0,6e13998004a60a2e905960eaec46e1cf915f8142390cf3f49ad878f7683d5329,-61,,0,0,7.0,0
13:23:15,,0,805bd4f8fd40d6ade97ac4857517918fca6403a995377661e850c9ab0c01b1e0,-59,,0,0,,0
13:23:16,26.0,0,92d51e1373a98407c3959e15231559c208e8b7033343eef2eac77d18621cfced,-85,,0,0,12.0,0
13:23:17,26.0,0,6e13998004a60a2e905960eaec46e1cf915f8142390cf3f49ad878f7683d5329,-59,,0,0,7.0,0
13:23:18,,0,862659e939ee761da54abee5ce94e4f7cbca48d6afb5349dc23e80b925568134,-99,,0,0,,0
13:23:18,26.0,0,92d51e1373a98407c3959e15231559c208e8b7033343eef2eac77d18621cfced,-87,,0,0,12.0,0
13:23:19,26.0,0,6e13998004a60a2e905960eaec46e1cf915f8142390cf3f49ad878f7683d5329,-57,,0,0,7.0,0
13:23:20,26.0,0,92d51e1373a98407c3959e15231559c208e8b7033343eef2eac77d18621cfced,-83,,0,0,12.0,0
13:23:21,26.0,0,6e13998004a60a2e905960eaec46e1cf915f8142390cf3f49ad878f7683d5329,-61,,0,0,7.0,0
13:23:21,26.0,0,6e13998004a60a2e905960eaec46e1cf915f8142390cf3f49ad878f7683d5329,-62,,0,0,7.0,0
13:23:22,26.0,0,6e13998004a60a2e905960eaec46e1cf915f8142390cf3f49ad878f7683d5329,-57,,0,0,7.0,0
13:23:23,26.0,0,6e13998004a60a2e905960eaec46e1cf915f8142390cf3f49ad878f7683d5329,-61,,0,0,7.0,0
13:23:24,26.0,0,6e13998004a60a2e905960eaec46e1cf915f8142390cf3f49ad878f7683d5329,-57,,0,0,7.0,0
13:23:25,26.0,0,6e13998004a60a2e905960eaec46e1cf915f8142390cf3f49ad878f7683d5329,-62,,0,0,7.0,0
13:23:25,26.0,0,6e13998004a60a2e905960eaec46e1cf915f8142390cf3f49ad878f7683d5329,-57,,0,0,7.0,0
13:23:26,26.0,0,6e13998004a60a2e905960eaec46e1cf915f8142390cf3f49ad878f7683d5329,-62,,0,0,7.0,0
13:23:27,26.0,0,6e13998004a60a2e905960eaec46e1cf915f8142390cf3f49ad878f7683d5329,-62,,0,0,7.0,0
13:23:28,26.0,0,92d51e1373a98407c3959e15231559c208e8b7033343eef2eac77d18621cfced,-89,,0,0,12.0,0
13:23:29,26.0,0,6e13998004a60a2e905960eaec46e1cf915f8142390cf3f49ad878f7683d5329,-62,,0,0,7.0,0
13:23:29,26.0,0,6e13998004a60a2e905960eaec46e1cf915f8142390cf3f49ad878f7683d5329,-59,,0,0,7.0,0
13:23:30,26.0,0,6e13998004a60a2e905960eaec46e1cf915f8142390cf3f49ad878f7683d5329,-57,,0,0,7.0,0
13:23:31,26.0,0,92d51e1373a98407c3959e15231559c208e8b7033343eef2eac77d18621cfced,-87,,0,0,12.0,0
13:23:32,26.0,0,6e13998004a60a2e905960eaec46e1cf915f8142390cf3f49ad878f7683d5329,-61,,0,0,7.0,0
13:23:32,,0,862659e939ee761da54abee5ce94e4f7cbca48d6afb5349dc23e80b925568134,-93,,0,0,,0
13:23:33,26.0,0,6e13998004a60a2e905960eaec46e1cf915f8142390cf3f49ad878f7683d5329,-54,,0,0,7.0,0
13:23:34,26.0,0,6e13998004a60a2e905960eaec46e1cf915f8142390cf3f49ad878f7683d5329,-56,,0,0,7.0,0
13:23:35,26.0,0,fda4a5916fc65c250c60e65bc4acf06e1c737fe9a1245c2ef3519edf5d439c5b,-93,,0,0,7.0,0
13:23:36,26.0,0,92d51e1373a98407c3959e15231559c208e8b7033343eef2eac77d18621cfced,-86,,0,0,12.0,0
13:23:36,26.0,0,fda4a5916fc65c250c60e65bc4acf06e1c737fe9a1245c2ef3519edf5d439c5b,-89,,0,0,7.0,0
13:23:37,,0,805bd4f8fd40d6ade97ac4857517918fca6403a995377661e850c9ab0c01b1e0,-60,,0,0,,0
13:23:38,,0,805bd4f8fd40d6ade97ac4857517918fca6403a995377661e850c9ab0c01b1e0,-57,,0,0,,0
13:23:39,26.0,0,92d51e1373a98407c3959e15231559c208e8b7033343eef2eac77d18621cfced,-89,,0,0,12.0,0
13:23:40,,0,805bd4f8fd40d6ade97ac4857517918fca6403a995377661e850c9ab0c01b1e0,-56,,0,0,,0
13:23:40,26.0,0,fda4a5916fc65c250c60e65bc4acf06e1c737fe9a1245c2ef3519edf5d439c5b,-85,,0,0,7.0,0
13:23:41,,0,3a341c37b39a451650eb3bd02cf2e160f89589d8bdb25c5497a7e71dd21b4215,-85,,0,0,,0
13:23:42,26.0,0,92d51e1373a98407c3959e15231559c208e8b7033343eef2eac77d18621cfced,-86,,0,0,12.0,0
13:23:43,26.0,0,fda4a5916fc65c250c60e65bc4acf06e1c737fe9a1245c2ef3519edf5d439c5b,-84,,0,0,7.0,0
13:23:43,,0,805bd4f8fd40d6ade97ac4857517918fca6403a995377661e850c9ab0c01b1e0,-58,,0,0,,0
13:23:44,26.0,0,92d51e1373a98407c3959e15231559c208e8b7033343eef2eac77d18621cfced,-85,,0,0,12.0,0
13:23:45,,0,dff94fe15bb8f0052dfb2ef885c8cf9f00486c9b832fb94e1b48ccf47d02263d,-31,,0,0,,0
13:23:46,26.0,0,fda4a5916fc65c250c60e65bc4acf06e1c737fe9a1245c2ef3519edf5d439c5b,-89,,0,0,7.0,0
13:23:47,26.0,0,fda4a5916fc65c250c60e65bc4acf06e1c737fe9a1245c2ef3519edf5d439c5b,-84,,0,0,7.0,0
13:23:47,,0,805bd4f8fd40d6ade97ac4857517918fca6403a995377661e850c9ab0c01b1e0,-58,,0,0,,0
13:23:48,,0,862659e939ee761da54abee5ce94e4f7cbca48d6afb5349dc23e80b925568134,-97,,0,0,,0
13:23:49,,0,3a341c37b39a451650eb3bd02cf2e160f89589d8bdb25c5497a7e71dd21b4215,-83,,0,0,,0
13:23:50,,0,805bd4f8fd40d6ade97ac4857517918fca6403a995377661e850c9ab0c01b1e0,-56,,0,0,,0
13:23:50,,0,3a341c37b39a451650eb3bd02cf2e160f89589d8bdb25c5497a7e71dd21b4215,-87,,0,0,,0
13:23:51,,0,6c14a90680cc09085b3f4841e5179c227972a5fa83245ba09d84b0aa62d3c35f,-91,,0,0,,0
13:23:52,,0,805bd4f8fd40d6ade97ac4857517918fca6403a995377661e850c9ab0c01b1e0,-57,,0,0,,0
13:23:53,26.0,0,92d51e1373a98407c3959e15231559c208e8b7033343eef2eac77d18621cfced,-85,,0,0,12.0,0
13:23:54,,0,dff94fe15bb8f0052dfb2ef885c8cf9f00486c9b832fb94e1b48ccf47d02263d,-31,,0,0,,0
13:23:54,,0,6c14a90680cc09085b3f4841e5179c227972a5fa83245ba09d84b0aa62d3c35f,-84,,0,0,,0
13:23:55,26.0,0,fda4a5916fc65c250c60e65bc4acf06e1c737fe9a1245c2ef3519edf5d439c5b,-83,,0,0,7.0,0
13:23:56,26.0,0,fda4a5916fc65c250c60e65bc4acf06e1c737fe9a1245c2ef3519edf5d439c5b,-88,,0,0,7.0,0
13:23:57,26.0,0,92d51e1373a98407c3959e15231559c208e8b7033343eef2eac77d18621cfced,-87,,0,0,12.0,0
13:23:57,,0,dff94fe15bb8f0052dfb2ef885c8cf9f00486c9b832fb94e1b48ccf47d02263d,-29,,0,0,,0
13:23:58,,0,805bd4f8fd40d6ade97ac4857517918fca6403a995377661e850c9ab0c01b1e0,-58,,0,0,,0
13:23:59,26.0,0,fda4a5916fc65c250c60e65bc4acf06e1c737fe9a1245c2ef3519edf5d439c5b,-89,,0,0,7.0,0
13:24:00,26.0,0,fda4a5916fc65c250c60e65bc4acf06e1c737fe9a1245c2ef3519edf5d439c5b,-83,,0,0,7.0,0
13:24:01,,0,805bd4f8fd40d6ade97ac4857517918fca6403a995377661e850c9ab0c01b1e0,-55,,0,0,,0
13:24:01,26.0,0,fda4a5916fc65c250c60e65bc4acf06e1c737fe9a1245c2ef3519edf5d439c5b,-89,,0,0,7.0,0
13:24:02,26.0,0,fda4a5916fc65c250c60e65bc4acf06e1c737fe9a1245c2ef3519edf5d439c5b,-89,,0,0,7.0,0
13:24:03,,0,3a341c37b39a451650eb3bd02cf2e160f89589d8bdb25c5497a7e71dd21b4215,-93,,0,0,,0
13:24:04,,0,805bd4f8fd40d6ade97ac4857517918fca6403a995377661e850c9ab0c01b1e0,-59,,0,0,,0
13:24:05,26.0,0,fda4a5916fc65c250c60e65bc4acf06e1c737fe9a1245c2ef3519edf5d439c5b,-86,,0,0,7.0,0
13:24:05,26.0,0,fda4a5916fc65c250c60e65bc4acf06e1c737fe9a1245c2ef3519edf5d439c5b,-91,,0,0,7.0,0
13:24:06,26.0,0,fda4a5916fc65c250c60e65bc4acf06e1c737fe9a1245c2ef3519edf5d439c5b,-84,,0,0,7.0,0
13:24:07,26.0,0,fda4a5916fc65c250c60e65bc4acf06e1c737fe9a1245c2ef3519edf5d439c5b,-83,,0,0,7.0,0
13:24:08,,0,dff94fe15bb8f0052dfb2ef885c8cf9f00486c9b832fb94e1b48ccf47d02263d,-29,,0,0,,0
13:24:08,,0,dff94fe15bb8f0052dfb2ef885c8cf9f00486c9b832fb94e1b48ccf47d02263d,-29,,0,0,,0
13:24:09,26.0,0,fda4a5916fc65c250c60e65bc4acf06e1c737fe9a1245c2ef3519edf5d439c5b,-86,,0,0,7.0,0
13:24:10,26.0,0,fda4a5916fc65c250c60e65bc4acf06e1c737fe9a1245c2ef3519edf5d439c5b,-91,,0,0,7.0,0
13:24:11,26.0,0,92d51e1373a98407c3959e15231559c208e8b7033343eef2eac77d18621cfced,-96,,0,0,12.0,0
13:24:12,,0,dff94fe15bb8f0052dfb2ef885c8cf9f00486c9b832fb94e1b48ccf47d02263d,-30,,0,0,,0
13:24:12,26.0,0,fda4a5916fc65c250c60e65bc4acf06e1c737fe9a1245c2ef3519edf5d439c5b,-90,,0,0,7.0,0
13:24:13,26.0,0,fda4a5916fc65c250c60e65bc4acf06e1c737fe9a1245c2ef3519edf5d439c5b,-87,,0,0,7.0,0
13:24:14,26.0,0,92d51e1373a98407c3959e15231559c208e8b7033343eef2eac77d18621cfced,-96,,0,0,12.0,0
13:24:15,,0,dff94fe15bb8f0052dfb2ef885c8cf9f00486c9b832fb94e1b48ccf47d02263d,-29,,0,0,,0
13:24:16,26.0,0,fda4a5916fc65c250c60e65bc4acf06e1c737fe9a1245c2ef3519edf5d439c5b,-88,,0,0,7.0,0
13:24:16,,0,805bd4f8fd40d6ade97ac4857517918fca6403a995377661e850c9ab0c01b1e0,-55,,0,0,,0
13:24:17,26.0,0,fda4a5916fc65c250c60e65bc4acf06e1c737fe9a1245c2ef3519edf5d439c5b,-86,,0,0,7.0,0
13:24:18,26.0,0,fda4a5916fc65c250c60e65bc4acf06e1c737fe9a1245c2ef3519edf5d439c5b,-89,,0,0,7.0,0
13:24:19,,0,805bd4f8fd40d6ade97ac4857517918fca6403a995377661e850c9ab0c01b1e0,-82,,0,0,,0
13:24:19,,0,dff94fe15bb8f0052dfb2ef885c8cf9f00486c9b832fb94e1b48ccf47d02263d,-29,,0,0,,0
13:24:20,,0,805bd4f8fd40d6ade97ac4857517918fca6403a995377661e850c9ab0c01b1e0,-64,,0,0,,0
13:24:21,26.0,0,fda4a5916fc65c250c60e65bc4acf06e1c737fe9a1245c2ef3519edf5d439c5b,-93,,0,0,7.0,0
13:24:22,26.0,0,fda4a5916fc65c250c60e65bc4acf06e1c737fe9a1245c2ef3519edf5d439c5b,-93,,0,0,7.0,0
13:24:23,,0,805bd4f8fd40d6ade97ac4857517918fca6403a995377661e850c9ab0c01b1e0,-54,,0,0,,0
13:24:23,,0,dff94fe15bb8f0052dfb2ef885c8cf9f00486c9b832fb94e1b48ccf47d02263d,-31,,0,0,,0
13:24:24,,0,805bd4f8fd40d6ade97ac4857517918fca6403a995377661e850c9ab0c01b1e0,-68,,0,0,,0
13:24:25,26.0,0,fda4a5916fc65c250c60e65bc4acf06e1c737fe9a1245c2ef3519edf5d439c5b,-87,,0,0,7.0,0
13:24:26,,0,dff94fe15bb8f0052dfb2ef885c8cf9f00486c9b832fb94e1b48ccf47d02263d,-29,,0,0,,0
13:24:26,26.0,0,fda4a5916fc65c250c60e65bc4acf06e1c737fe9a1245c2ef3519edf5d439c5b,-85,,0,0,7.0,0
13:24:27,26.0,0,fda4a5916fc65c250c60e65bc4acf06e1c737fe9a1245c2ef3519edf5d439c5b,-89,,0,0,7.0,0
13:24:28,26.0,0,92d51e1373a98407c3959e15231559c208e8b7033343eef2eac77d18621cfced,-88,,0,0,12.0,0
13:24:29,,0,3a341c37b39a451650eb3bd02cf2e160f89589d8bdb25c5497a7e71dd21b4215,-87,,0,0,,0
13:24:30,26.0,0,fda4a5916fc65c250c60e65bc4acf06e1c737fe9a1245c2ef3519edf5d439c5b,-86,,0,0,7.0,0
13:24:30,,0,805bd4f8fd40d6ade97ac4857517918fca6403a995377661e850c9ab0c01b1e0,-67,,0,0,,0
13:24:31,26.0,0,fda4a5916fc65c250c60e65bc4acf06e1c737fe9a1245c2ef3519edf5d439c5b,-88,,0,0,7.0,0
13:24:32,26.0,0,fda4a5916fc65c250c60e65bc4acf06e1c737fe9a1245c2ef3519edf5d439c5b,-88,,0,0,7.0,0
13:24:33,,0,805bd4f8fd40d6ade97ac4857517918fca6403a995377661e850c9ab0c01b1e0,-71,,0,0,,0
13:24:33,26.0,0,fda4a5916fc65c250c60e65bc4acf06e1c737fe9a1245c2ef3519edf5d439c5b,-88,,0,0,7.0,0
13:24:34,26.0,0,fda4a5916fc65c250c60e65bc4acf06e1c737fe9a1245c2ef3519edf5d439c5b,-89,,0,0,7.0,0
13:24:35,26.0,0,fda4a5916fc65c250c60e65bc4acf06e1c737fe9a1245c2ef3519edf5d439c5b,-90,,0,0,7.0,0
13:24:36,26.0,0,fda4a5916fc65c250c60e65bc4acf06e1c737fe9a1245c2ef3519edf5d439c5b,-86,,0,0,7.0,0
13:24:37,,0,3a341c37b39a451650eb3bd02cf2e160f89589d8bdb25c5497a7e71dd21b4215,-86,,0,0,,0
13:24:37,26.0,0,fda4a5916fc65c250c60e65bc4acf06e1c737fe9a1245c2ef3519edf5d439c5b,-86,,0,0,7.0,0
13:24:38,,0,3a341c37b39a451650eb3bd02cf2e160f89589d8bdb25c5497a7e71dd21b4215,-86,,0,0,,0
13:24:39,,0,6c14a90680cc09085b3f4841e5179c227972a5fa83245ba09d84b0aa62d3c35f,-86,,0,0,,0
13:24:40,26.0,0,fda4a5916fc65c250c60e65bc4acf06e1c737fe9a1245c2ef3519edf5d439c5b,-88,,0,0,7.0,0
13:24:41,26.0,0,fda4a5916fc65c250c60e65bc4acf06e1c737fe9a1245c2ef3519edf5d439c5b,-91,,0,0,7.0,0
13:24:41,,0,6c14a90680cc09085b3f4841e5179c227972a5fa83245ba09d84b0aa62d3c35f,-85,,0,0,,0
13:24:42,26.0,0,fda4a5916fc65c250c60e65bc4acf06e1c737fe9a1245c2ef3519edf5d439c5b,-87,,0,0,7.0,0
13:24:43,26.0,0,fda4a5916fc65c250c60e65bc4acf06e1c737fe9a1245c2ef3519edf5d439c5b,-84,,0,0,7.0,0
13:24:44,26.0,0,fda4a5916fc65c250c60e65bc4acf06e1c737fe9a1245c2ef3519edf5d439c5b,-89,,0,0,7.0,0
13:24:44,26.0,0,fda4a5916fc65c250c60e65bc4acf06e1c737fe9a1245c2ef3519edf5d439c5b,-85,,0,0,7.0,0
13:24:45,26.0,0,fda4a5916fc65c250c60e65bc4acf06e1c737fe9a1245c2ef3519edf5d439c5b,-92,,0,0,7.0,0
13:24:46,26.0,0,92d51e1373a98407c3959e15231559c208e8b7033343eef2eac77d18621cfced,-85,,0,0,12.0,0
13:24:47,,0,6c14a90680cc09085b3f4841e5179c227972a5fa83245ba09d84b0aa62d3c35f,-84,,0,0,,0
13:24:48,26.0,0,fda4a5916fc65c250c60e65bc4acf06e1c737fe9a1245c2ef3519edf5d439c5b,-88,,0,0,7.0,0
13:24:48,,0,805bd4f8fd40d6ade97ac4857517918fca6403a995377661e850c9ab0c01b1e0,-65,,0,0,,0
13:24:49,26.0,0,fda4a5916fc65c250c60e65bc4acf06e1c737fe9a1245c2ef3519edf5d439c5b,-89,,0,0,7.0,0
13:24:50,26.0,0,fda4a5916fc65c250c60e65bc4acf06e1c737fe9a1245c2ef3519edf5d439c5b,-87,,0,0,7.0,0
13:24:51,,0,805bd4f8fd40d6ade97ac4857517918fca6403a995377661e850c9ab0c01b1e0,-53,,0,0,,0
13:24:51,26.0,0,fda4a5916fc65c250c60e65bc4acf06e1c737fe9a1245c2ef3519edf5d439c5b,-89,,0,0,7.0,0
13:24:52,26.0,0,92d51e1373a98407c3959e15231559c208e8b7033343eef2eac77d18621cfced,-85,,0,0,12.0,0
13:24:53,,0,3a341c37b39a451650eb3bd02cf2e160f89589d8bdb25c5497a7e71dd21b4215,-87,,0,0,,0
13:24:54,26.0,0,fda4a5916fc65c250c60e65bc4acf06e1c737fe9a1245c2ef3519edf5d439c5b,-86,,0,0,7.0,0
13:24:55,26.0,0,fda4a5916fc65c250c60e65bc4acf06e1c737fe9a1245c2ef3519edf5d439c5b,-85,,0,0,7.0,0
13:24:55,26.0,0,fda4a5916fc65c250c60e65bc4acf06e1c737fe9a1245c2ef3519edf5d439c5b,-85,,0,0,7.0,0
13:24:56,26.0,0,92d51e1373a98407c3959e15231559c208e8b7033343eef2eac77d18621cfced,-91,,0,0,12.0,0
13:24:57,,0,6c14a90680cc09085b3f4841e5179c227972a5fa83245ba09d84b0aa62d3c35f,-87,,0,0,,0
13:24:57,26.0,0,fda4a5916fc65c250c60e65bc4acf06e1c737fe9a1245c2ef3519edf5d439c5b,-84,,0,0,7.0,0
13:24:58,,0,805bd4f8fd40d6ade97ac4857517918fca6403a995377661e850c9ab0c01b1e0,-65,,0,0,,0
13:24:59,26.0,0,fda4a5916fc65c250c60e65bc4acf06e1c737fe9a1245c2ef3519edf5d439c5b,-88,,0,0,7.0,0
13:25:00,26.0,0,fda4a5916fc65c250c60e65bc4acf06e1c737fe9a1245c2ef3519edf5d439c5b,-86,,0,0,7.0,0
13:25:01,,0,3a341c37b39a451650eb3bd02cf2e160f89589d8bdb25c5497a7e71dd21b4215,-84,,0,0,,0
13:25:02,26.0,0,fda4a5916fc65c250c60e65bc4acf06e1c737fe9a1245c2ef3519edf5d439c5b,-89,,0,0,7.0,0
13:25:02,,0,805bd4f8fd40d6ade97ac4857517918fca6403a995377661e850c9ab0c01b1e0,-73,,0,0,,0
13:25:03,,0,6c14a90680cc09085b3f4841e5179c227972a5fa83245ba09d84b0aa62d3c35f,-90,,0,0,,0
13:25:04,,0,805bd4f8fd40d6ade97ac4857517918fca6403a995377661e850c9ab0c01b1e0,-65,,0,0,,0
13:25:05,26.0,0,92d51e1373a98407c3959e15231559c208e8b7033343eef2eac77d18621cfced,-87,,0,0,12.0,0
13:25:06,,0,805bd4f8fd40d6ade97ac4857517918fca6403a995377661e850c9ab0c01b1e0,-53,,0,0,,0
13:25:06,,0,6c14a90680cc09085b3f4841e5179c227972a5fa83245ba09d84b0aa62d3c35f,-92,,0,0,,0
13:25:07,26.0,0,92d51e1373a98407c3959e15231559c208e8b7033343eef2eac77d18621cfced,-88,,0,0,12.0,0
13:25:08,26.0,0,fda4a5916fc65c250c60e65bc4acf06e1c737fe9a1245c2ef3519edf5d439c5b,-90,,0,0,7.0,0
13:25:09,26.0,0,fda4a5916fc65c250c60e65bc4acf06e1c737fe9a1245c2ef3519edf5d439c5b,-84,,0,0,7.0,0
13:25:09,26.0,0,fda4a5916fc65c250c60e65bc4acf06e1c737fe9a1245c2ef3519edf5d439c5b,-93,,0,0,7.0,0
13:25:10,26.0,0,92d51e1373a98407c3959e15231559c208e8b7033343eef2eac77d18621cfced,-86,,0,0,12.0,0
13:25:11,26.0,0,fda4a5916fc65c250c60e65bc4acf06e1c737fe9a1245c2ef3519edf5d439c5b,-88,,0,0,7.0,0
13:25:12,26.0,0,92d51e1373a98407c3959e15231559c208e8b7033343eef2eac77d18621cfced,-89,,0,0,12.0,0
13:25:13,,0,805bd4f8fd40d6ade97ac4857517918fca6403a995377661e850c9ab0c01b1e0,-52,,0,0,,0
13:25:13,26.0,0,fda4a5916fc65c250c60e65bc4acf06e1c737fe9a1245c2ef3519edf5d439c5b,-88,,0,0,7.0,0
13:25:14,,0,805bd4f8fd40d6ade97ac4857517918fca6403a995377661e850c9ab0c01b1e0,-73,,0,0,,0
13:25:15,,0,3a341c37b39a451650eb3bd02cf2e160f89589d8bdb25c5497a7e71dd21b4215,-90,,0,0,,0
13:25:16,26.0,0,fda4a5916fc65c250c60e65bc4acf06e1c737fe9a1245c2ef3519edf5d439c5b,-88,,0,0,7.0,0
13:25:17,26.0,0,fda4a5916fc65c250c60e65bc4acf06e1c737fe9a1245c2ef3519edf5d439c5b,-85,,0,0,7.0,0
13:25:17,,0,6c14a90680cc09085b3f4841e5179c227972a5fa83245ba09d84b0aa62d3c35f,-85,,0,0,,0
13:25:18,26.0,0,fda4a5916fc65c250c60e65bc4acf06e1c737fe9a1245c2ef3519edf5d439c5b,-88,,0,0,7.0,0
13:25:19,26.0,0,fda4a5916fc65c250c60e65bc4acf06e1c737fe9a1245c2ef3519edf5d439c5b,-88,,0,0,7.0,0
13:25:20,26.0,0,fda4a5916fc65c250c60e65bc4acf06e1c737fe9a1245c2ef3519edf5d439c5b,-86,,0,0,7.0,0
13:25:20,26.0,0,fda4a5916fc65c250c60e65bc4acf06e1c737fe9a1245c2ef3519edf5d439c5b,-87,,0,0,7.0,0
13:25:21,26.0,0,92d51e1373a98407c3959e15231559c208e8b7033343eef2eac77d18621cfced,-87,,0,0,12.0,0
13:25:22,26.0,0,fda4a5916fc65c250c60e65bc4acf06e1c737fe9a1245c2ef3519edf5d439c5b,-91,,0,0,7.0,0
13:25:23,,0,805bd4f8fd40d6ade97ac4857517918fca6403a995377661e850c9ab0c01b1e0,-46,,0,0,,0
13:25:24,,0,dff94fe15bb8f0052dfb2ef885c8cf9f00486c9b832fb94e1b48ccf47d02263d,-29,,0,0,,0
13:25:24,,0,805bd4f8fd40d6ade97ac4857517918fca6403a995377661e850c9ab0c01b1e0,-73,,0,0,,0
13:25:25,,0,dff94fe15bb8f0052dfb2ef885c8cf9f00486c9b832fb94e1b48ccf47d02263d,-29,,0,0,,0
13:25:26,,0,805bd4f8fd40d6ade97ac4857517918fca6403a995377661e850c9ab0c01b1e0,-65,,0,0,,0
13:25:27,,0,3a341c37b39a451650eb3bd02cf2e160f89589d8bdb25c5497a7e71dd21b4215,-95,,0,0,,0
13:25:27,,0,dff94fe15bb8f0052dfb2ef885c8cf9f00486c9b832fb94e1b48ccf47d02263d,-30,,0,0,,0
13:25:28,,0,805bd4f8fd40d6ade97ac4857517918fca6403a995377661e850c9ab0c01b1e0,-46,,0,0,,0
13:25:29,26.0,0,fda4a5916fc65c250c60e65bc4acf06e1c737fe9a1245c2ef3519edf5d439c5b,-87,,0,0,7.0,0
13:25:30,26.0,0,fda4a5916fc65c250c60e65bc4acf06e1c737fe9a1245c2ef3519edf5d439c5b,-88,,0,0,7.0,0
13:25:31,26.0,0,92d51e1373a98407c3959e15231559c208e8b7033343eef2eac77d18621cfced,-91,,0,0,12.0,0
13:25:31,26.0,0,fda4a5916fc65c250c60e65bc4acf06e1c737fe9a1245c2ef3519edf5d439c5b,-90,,0,0,7.0,0
13:25:32,,0,3a341c37b39a451650eb3bd02cf2e160f89589d8bdb25c5497a7e71dd21b4215,-92,,0,0,,0
13:25:33,26.0,0,fda4a5916fc65c250c60e65bc4acf06e1c737fe9a1245c2ef3519edf5d439c5b,-88,,0,0,7.0,0
13:25:34,,0,dff94fe15bb8f0052dfb2ef885c8cf9f00486c9b832fb94e1b48ccf47d02263d,-31,,0,0,,0
13:25:34,26.0,0,fda4a5916fc65c250c60e65bc4acf06e1c737fe9a1245c2ef3519edf5d439c5b,-90,,0,0,7.0,0
13:25:35,26.0,0,fda4a5916fc65c250c60e65bc4acf06e1c737fe9a1245c2ef3519edf5d439c5b,-89,,0,0,7.0,0
13:25:36,26.0,0,fda4a5916fc65c250c60e65bc4acf06e1c737fe9a1245c2ef3519edf5d439c5b,-91,,0,0,7.0,0
13:25:37,26.0,0,fda4a5916fc65c250c60e65bc4acf06e1c737fe9a1245c2ef3519edf5d439c5b,-88,,0,0,7.0,0
13:25:38,,0,dff94fe15bb8f0052dfb2ef885c8cf9f00486c9b832fb94e1b48ccf47d02263d,-29,,0,0,,0
13:25:38,26.0,0,fda4a5916fc65c250c60e65bc4acf06e1c737fe9a1245c2ef3519edf5d439c5b,-92,,0,0,7.0,0
13:25:39,,0,dff94fe15bb8f0052dfb2ef885c8cf9f00486c9b832fb94e1b48ccf47d02263d,-31,,0,0,,0
13:25:40,26.0,0,92d51e1373a98407c3959e15231559c208e8b7033343eef2eac77d18621cfced,-86,,0,0,12.0,0
13:25:41,,0,805bd4f8fd40d6ade97ac4857517918fca6403a995377661e850c9ab0c01b1e0,-71,,0,0,,0
13:25:42,26.0,0,fda4a5916fc65c250c60e65bc4acf06e1c737fe9a1245c2ef3519edf5d439c5b,-89,,0,0,7.0,0
13:25:42,26.0,0,fda4a5916fc65c250c60e65bc4acf06e1c737fe9a1245c2ef3519edf5d439c5b,-86,,0,0,7.0,0
13:25:43,6.0,0,2f05e220323b449674e2ccd56013596b505c26031b1ee6bfc599567c1f32be9a,-93,,0,0,,0
13:25:44,26.0,0,fda4a5916fc65c250c60e65bc4acf06e1c737fe9a1245c2ef3519edf5d439c5b,-91,,0,0,7.0,0
13:25:45,26.0,0,92d51e1373a98407c3959e15231559c208e8b7033343eef2eac77d18621cfced,-86,,0,0,12.0,0
13:25:45,26.0,0,fda4a5916fc65c250c60e65bc4acf06e1c737fe9a1245c2ef3519edf5d439c5b,-89,,0,0,7.0,0
13:25:46,,0,805bd4f8fd40d6ade97ac4857517918fca6403a995377661e850c9ab0c01b1e0,-71,,0,0,,0
13:25:47,,0,3a341c37b39a451650eb3bd02cf2e160f89589d8bdb25c5497a7e71dd21b4215,-86,,0,0,,0
13:25:48,26.0,0,fda4a5916fc65c250c60e65bc4acf06e1c737fe9a1245c2ef3519edf5d439c5b,-87,,0,0,7.0,0
13:25:49,,0,805bd4f8fd40d6ade97ac4857517918fca6403a995377661e850c9ab0c01b1e0,-68,,0,0,,0
13:25:49,26.0,0,fda4a5916fc65c250c60e65bc4acf06e1c737fe9a1245c2ef3519edf5d439c5b,-92,,0,0,7.0,0
13:25:50,26.0,0,92d51e1373a98407c3959e15231559c208e8b7033343eef2eac77d18621cfced,-91,,0,0,12.0,0
13:25:51,,0,3a341c37b39a451650eb3bd02cf2e160f89589d8bdb25c5497a7e71dd21b4215,-88,,0,0,,0
13:25:52,26.0,0,fda4a5916fc65c250c60e65bc4acf06e1c737fe9a1245c2ef3519edf5d439c5b,-88,,0,0,7.0,0
13:25:52,26.0,0,fda4a5916fc65c250c60e65bc4acf06e1c737fe9a1245c2ef3519edf5d439c5b,-93,,0,0,7.0,0
13:25:53,,0,6c14a90680cc09085b3f4841e5179c227972a5fa83245ba09d84b0aa62d3c35f,-89,,0,0,,0
13:25:54,26.0,0,fda4a5916fc65c250c60e65bc4acf06e1c737fe9a1245c2ef3519edf5d439c5b,-87,,0,0,7.0,0
13:25:55,,0,805bd4f8fd40d6ade97ac4857517918fca6403a995377661e850c9ab0c01b1e0,-46,,0,0,,0
13:25:56,26.0,0,fda4a5916fc65c250c60e65bc4acf06e1c737fe9a1245c2ef3519edf5d439c5b,-87,,0,0,7.0,0
13:25:56,,0,805bd4f8fd40d6ade97ac4857517918fca6403a995377661e850c9ab0c01b1e0,-69,,0,0,,0
13:25:57,,0,6c14a90680cc09085b3f4841e5179c227972a5fa83245ba09d84b0aa62d3c35f,-87,,0,0,,0
13:25:58,26.0,0,92d51e1373a98407c3959e15231559c208e8b7033343eef2eac77d18621cfced,-85,,0,0,12.0,0
13:25:59,,0,dff94fe15bb8f0052dfb2ef885c8cf9f00486c9b832fb94e1b48ccf47d02263d,-29,,0,0,,0
13:26:00,,0,dff94fe15bb8f0052dfb2ef885c8cf9f00486c9b832fb94e1b48ccf47d02263d,-31,,0,0,,0
13:26:00,26.0,0,92d51e1373a98407c3959e15231559c208e8b7033343eef2eac77d18621cfced,-86,,0,0,12.0,0
13:26:01,26.0,0,fda4a5916fc65c250c60e65bc4acf06e1c737fe9a1245c2ef3519edf5d439c5b,-91,,0,0,7.0,0
13:26:02,,0,6c14a90680cc09085b3f4841e5179c227972a5fa83245ba09d84b0aa62d3c35f,-85,,0,0,,0
13:26:03,,0,dff94fe15bb8f0052dfb2ef885c8cf9f00486c9b832fb94e1b48ccf47d02263d,-29,,0,0,,0
13:26:03,26.0,0,fda4a5916fc65c250c60e65bc4acf06e1c737fe9a1245c2ef3519edf5d439c5b,-87,,0,0,7.0,0
13:26:04,26.0,0,fda4a5916fc65c250c60e65bc4acf06e1c737fe9a1245c2ef3519edf5d439c5b,-89,,0,0,7.0,0
13:26:05,,0,3a341c37b39a451650eb3bd02cf2e160f89589d8bdb25c5497a7e71dd21b4215,-89,,0,0,,0
13:26:06,26.0,0,fda4a5916fc65c250c60e65bc4acf06e1c737fe9a1245c2ef3519edf5d439c5b,-93,,0,0,7.0,0
13:26:07,26.0,0,fda4a5916fc65c250c60e65bc4acf06e1c737fe9a1245c2ef3519edf5d439c5b,-90,,0,0,7.0,0
13:26:07,26.0,0,fda4a5916fc65c250c60e65bc4acf06e1c737fe9a1245c2ef3519edf5d439c5b,-85,,0,0,7.0,0
13:26:08,26.0,0,fda4a5916fc65c250c60e65bc4acf06e1c737fe9a1245c2ef3519edf5d439c5b,-86,,0,0,7.0,0
13:26:09,,0,3a341c37b39a451650eb3bd02cf2e160f89589d8bdb25c5497a7e71dd21b4215,-92,,0,0,,0
13:26:10,,0,dff94fe15bb8f0052dfb2ef885c8cf9f00486c9b832fb94e1b48ccf47d02263d,-29,,0,0,,0
13:26:10,26.0,0,92d51e1373a98407c3959e15231559c208e8b7033343eef2eac77d18621cfced,-82,,0,0,12.0,0
13:26:11,,0,dff94fe15bb8f0052dfb2ef885c8cf9f00486c9b832fb94e1b48ccf47d02263d,-29,,0,0,,0
13:26:12,,0,805bd4f8fd40d6ade97ac4857517918fca6403a995377661e850c9ab0c01b1e0,-62,,0,0,,0
13:26:13,26.0,0,92d51e1373a98407c3959e15231559c208e8b7033343eef2eac77d18621cfced,-86,,0,0,12.0,0
13:26:14,,0,dff94fe15bb8f0052dfb2ef885c8cf9f00486c9b832fb94e1b48ccf47d02263d,-30,,0,0,,0
13:26:14,,0,3a341c37b39a451650eb3bd02cf2e160f89589d8bdb25c5497a7e71dd21b4215,-96,,0,0,,0
13:26:15,,0,dff94fe15bb8f0052dfb2ef885c8cf9f00486c9b832fb94e1b48ccf47d02263d,-31,,0,0,,0
13:26:16,,0,805bd4f8fd40d6ade97ac4857517918fca6403a995377661e850c9ab0c01b1e0,-55,,0,0,,0
13:26:17,,0,3a341c37b39a451650eb3bd02cf2e160f89589d8bdb25c5497a7e71dd21b4215,-90,,0,0,,0
13:26:18,,0,dff94fe15bb8f0052dfb2ef885c8cf9f00486c9b832fb94e1b48ccf47d02263d,-29,,0,0,,0
13:26:18,26.0,0,fda4a5916fc65c250c60e65bc4acf06e1c737fe9a1245c2ef3519edf5d439c5b,-91,,0,0,7.0,0
13:26:19,,0,dff94fe15bb8f0052dfb2ef885c8cf9f00486c9b832fb94e1b48ccf47d02263d,-30,,0,0,,0
13:26:20,26.0,0,92d51e1373a98407c3959e15231559c208e8b7033343eef2eac77d18621cfced,-88,,0,0,12.0,0
13:26:21,,0,805bd4f8fd40d6ade97ac4857517918fca6403a995377661e850c9ab0c01b1e0,-71,,0,0,,0
13:26:21,,0,dff94fe15bb8f0052dfb2ef885c8cf9f00486c9b832fb94e1b48ccf47d02263d,-29,,0,0,,0
13:26:22,,0,3a341c37b39a451650eb3bd02cf2e160f89589d8bdb25c5497a7e71dd21b4215,-90,,0,0,,0
13:26:23,,0,dff94fe15bb8f0052dfb2ef885c8cf9f00486c9b832fb94e1b48ccf47d02263d,-29,,0,0,,0
13:26:24,26.0,0,92d51e1373a98407c3959e15231559c208e8b7033343eef2eac77d18621cfced,-84,,0,0,12.0,0
13:26:25,,0,3a341c37b39a451650eb3bd02cf2e160f89589d8bdb25c5497a7e71dd21b4215,-90,,0,0,,0
13:26:25,26.0,0,fda4a5916fc65c250c60e65bc4acf06e1c737fe9a1245c2ef3519edf5d439c5b,-96,,0,0,7.0,0
13:26:26,26.0,0,92d51e1373a98407c3959e15231559c208e8b7033343eef2eac77d18621cfced,-88,,0,0,12.0,0
13:26:27,,0,3a341c37b39a451650eb3bd02cf2e160f89589d8bdb25c5497a7e71dd21b4215,-89,,0,0,,0
13:26:28,,0,dff94fe15bb8f0052dfb2ef885c8cf9f00486c9b832fb94e1b48ccf47d02263d,-29,,0,0,,0
13:26:28,26.0,0,fda4a5916fc65c250c60e65bc4acf06e1c737fe9a1245c2ef3519edf5d439c5b,-89,,0,0,7.0,0
13:26:29,26.0,0,92d51e1373a98407c3959e15231559c208e8b7033343eef2eac77d18621cfced,-89,,0,0,12.0,0
13:26:30,26.0,0,fda4a5916fc65c250c60e65bc4acf06e1c737fe9a1245c2ef3519edf5d439c5b,-88,,0,0,7.0,0
13:26:31,,0,dff94fe15bb8f0052dfb2ef885c8cf9f00486c9b832fb94e1b48ccf47d02263d,-31,,0,0,,0
13:26:32,,0,dff94fe15bb8f0052dfb2ef885c8cf9f00486c9b832fb94e1b48ccf47d02263d,-29,,0,0,,0
13:26:32,,0,805bd4f8fd40d6ade97ac4857517918fca6403a995377661e850c9ab0c01b1e0,-72,,0,0,,0
13:26:33,26.0,0,fda4a5916fc65c250c60e65bc4acf06e1c737fe9a1245c2ef3519edf5d439c5b,-88,,0,0,7.0,0
13:26:34,26.0,0,fda4a5916fc65c250c60e65bc4acf06e1c737fe9a1245c2ef3519edf5d439c5b,-84,,0,0,7.0,0
13:26:35,,0,dff94fe15bb8f0052dfb2ef885c8cf9f00486c9b832fb94e1b48ccf47d02263d,-29,,0,0,,0
13:26:35,26.0,0,fda4a5916fc65c250c60e65bc4acf06e1c737fe9a1245c2ef3519edf5d439c5b,-86,,0,0,7.0,0
13:26:36,,0,805bd4f8fd40d6ade97ac4857517918fca6403a995377661e850c9ab0c01b1e0,-68,,0,0,,0
13:26:37,26.0,0,92d51e1373a98407c3959e15231559c208e8b7033343eef2eac77d18621cfced,-84,,0,0,12.0,0
13:26:38,26.0,0,92d51e1373a98407c3959e15231559c208e8b7033343eef2eac77d18621cfced,-84,,0,0,12.0,0
13:26:39,,0,805bd4f8fd40d6ade97ac4857517918fca6403a995377661e850c9ab0c01b1e0,-54,,0,0,,0
13:26:39,,0,6c14a90680cc09085b3f4841e5179c227972a5fa83245ba09d84b0aa62d3c35f,-88,,0,0,,0
13:26:40,26.0,0,fda4a5916fc65c250c60e65bc4acf06e1c737fe9a1245c2ef3519edf5d439c5b,-92,,0,0,7.0,0
13:26:41,,0,805bd4f8fd40d6ade97ac4857517918fca6403a995377661e850c9ab0c01b1e0,-72,,0,0,,0
13:26:42,,0,dff94fe15bb8f0052dfb2ef885c8cf9f00486c9b832fb94e1b48ccf47d02263d,-29,,0,0,,0
13:26:42,26.0,0,fda4a5916fc65c250c60e65bc4acf06e1c737fe9a1245c2ef3519edf5d439c5b,-85,,0,0,7.0,0
13:26:43,,0,6c14a90680cc09085b3f4841e5179c227972a5fa83245ba09d84b0aa62d3c35f,-85,,0,0,,0
13:26:44,,0,805bd4f8fd40d6ade97ac4857517918fca6403a995377661e850c9ab0c01b1e0,-53,,0,0,,0
13:26:45,,0,6c14a90680cc09085b3f4841e5179c227972a5fa83245ba09d84b0aa62d3c35f,-89,,0,0,,0
13:26:46,26.0,0,fda4a5916fc65c250c60e65bc4acf06e1c737fe9a1245c2ef3519edf5d439c5b,-85,,0,0,7.0,0
13:26:46,26.0,0,fda4a5916fc65c250c60e65bc4acf06e1c737fe9a1245c2ef3519edf5d439c5b,-87,,0,0,7.0,0
13:26:47,26.0,0,92d51e1373a98407c3959e15231559c208e8b7033343eef2eac77d18621cfced,-85,,0,0,12.0,0
13:26:48,26.0,0,fda4a5916fc65c250c60e65bc4acf06e1c737fe9a1245c2ef3519edf5d439c5b,-88,,0,0,7.0,0
13:26:49,26.0,0,92d51e1373a98407c3959e15231559c208e8b7033343eef2eac77d18621cfced,-87,,0,0,12.0,0
13:26:50,26.0,0,92d51e1373a98407c3959e15231559c208e8b7033343eef2eac77d18621cfced,-86,,0,0,12.0,0
13:26:50,,0,3a341c37b39a451650eb3bd02cf2e160f89589d8bdb25c5497a7e71dd21b4215,-92,,0,0,,0
13:26:51,26.0,0,fda4a5916fc65c250c60e65bc4acf06e1c737fe9a1245c2ef3519edf5d439c5b,-90,,0,0,7.0,0
13:26:52,26.0,0,92d51e1373a98407c3959e15231559c208e8b7033343eef2eac77d18621cfced,-84,,0,0,12.0,0
13:26:53,26.0,0,fda4a5916fc65c250c60e65bc4acf06e1c737fe9a1245c2ef3519edf5d439c5b,-93,,0,0,7.0,0
13:26:53,26.0,0,92d51e1373a98407c3959e15231559c208e8b7033343eef2eac77d18621cfced,-90,,0,0,12.0,0
13:26:54,,0,805bd4f8fd40d6ade97ac4857517918fca6403a995377661e850c9ab0c01b1e0,-54,,0,0,,0
13:26:55,,0,6c14a90680cc09085b3f4841e5179c227972a5fa83245ba09d84b0aa62d3c35f,-85,,0,0,,0
13:26:56,26.0,0,92d51e1373a98407c3959e15231559c208e8b7033343eef2eac77d18621cfced,-90,,0,0,12.0,0
13:26:57,,0,805bd4f8fd40d6ade97ac4857517918fca6403a995377661e850c9ab0c01b1e0,-67,,0,0,,0
13:26:57,,0,6c14a90680cc09085b3f4841e5179c227972a5fa83245ba09d84b0aa62d3c35f,-89,,0,0,,0
13:26:58,,0,805bd4f8fd40d6ade97ac4857517918fca6403a995377661e850c9ab0c01b1e0,-76,,0,0,,0
13:26:59,26.0,0,92d51e1373a98407c3959e15231559c208e8b7033343eef2eac77d18621cfced,-92,,0,0,12.0,0
13:27:00,,0,805bd4f8fd40d6ade97ac4857517918fca6403a995377661e850c9ab0c01b1e0,-55,,0,0,,0
13:27:00,,0,6c14a90680cc09085b3f4841e5179c227972a5fa83245ba09d84b0aa62d3c35f,-85,,0,0,,0
13:27:01,,0,3a341c37b39a451650eb3bd02cf2e160f89589d8bdb25c5497a7e71dd21b4215,-90,,0,0,,0
13:27:02,,0,805bd4f8fd40d6ade97ac4857517918fca6403a995377661e850c9ab0c01b1e0,-64,,0,0,,0
13:27:03,26.0,0,92d51e1373a98407c3959e15231559c208e8b7033343eef2eac77d18621cfced,-89,,0,0,12.0,0
13:27:04,26.0,0,92d51e1373a98407c3959e15231559c208e8b7033343eef2eac77d18621cfced,-85,,0,0,12.0,0
13:27:04,,0,805bd4f8fd40d6ade97ac4857517918fca6403a995377661e850c9ab0c01b1e0,-73,,0,0,,0
13:27:05,,0,dff94fe15bb8f0052dfb2ef885c8cf9f00486c9b832fb94e1b48ccf47d02263d,-31,,0,0,,0
13:27:06,,0,805bd4f8fd40d6ade97ac4857517918fca6403a995377661e850c9ab0c01b1e0,-54,,0,0,,0
13:27:07,,0,6c14a90680cc09085b3f4841e5179c227972a5fa83245ba09d84b0aa62d3c35f,-91,,0,0,,0
13:27:08,,0,dff94fe15bb8f0052dfb2ef885c8cf9f00486c9b832fb94e1b48ccf47d02263d,-29,,0,0,,0
13:27:08,,0,6c14a90680cc09085b3f4841e5179c227972a5fa83245ba09d84b0aa62d3c35f,-89,,0,0,,0
13:27:09,,0,dff94fe15bb8f0052dfb2ef885c8cf9f00486c9b832fb94e1b48ccf47d02263d,-29,,0,0,,0
13:27:10,,0,6c14a90680cc09085b3f4841e5179c227972a5fa83245ba09d84b0aa62d3c35f,-89,,0,0,,0
13:27:11,,0,dff94fe15bb8f0052dfb2ef885c8cf9f00486c9b832fb94e1b48ccf47d02263d,-30,,0,0,,0
13:27:11,,0,6c14a90680cc09085b3f4841e5179c227972a5fa83245ba09d84b0aa62d3c35f,-89,,0,0,,0
13:27:12,,0,dff94fe15bb8f0052dfb2ef885c8cf9f00486c9b832fb94e1b48ccf47d02263d,-29,,0,0,,0
13:27:13,26.0,0,92d51e1373a98407c3959e15231559c208e8b7033343eef2eac77d18621cfced,-87,,0,0,12.0,0
13:27:14,,0,862659e939ee761da54abee5ce94e4f7cbca48d6afb5349dc23e80b925568134,-94,,0,0,,0
13:27:15,,0,6c14a90680cc09085b3f4841e5179c227972a5fa83245ba09d84b0aa62d3c35f,-87,,0,0,,0
13:27:15,,0,dff94fe15bb8f0052dfb2ef885c8cf9f00486c9b832fb94e1b48ccf47d02263d,-29,,0,0,,0
13:27:16,26.0,0,92d51e1373a98407c3959e15231559c208e8b7033343eef2eac77d18621cfced,-85,,0,0,12.0,0
13:27:17,,0,805bd4f8fd40d6ade97ac4857517918fca6403a995377661e850c9ab0c01b1e0,-56,,0,0,,0
13:27:18,,0,dff94fe15bb8f0052dfb2ef885c8cf9f00486c9b832fb94e1b48ccf47d02263d,-31,,0,0,,0
13:27:18,26.0,0,fda4a5916fc65c250c60e65bc4acf06e1c737fe9a1245c2ef3519edf5d439c5b,-87,,0,0,7.0,0
13:27:19,26.0,0,6e13998004a60a2e905960eaec46e1cf915f8142390cf3f49ad878f7683d5329,-55,,0,0,7.0,0
13:27:20,26.0,0,6e13998004a60a2e905960eaec46e1cf915f8142390cf3f49ad878f7683d5329,-69,,0,0,7.0,0
13:27:21,,0,805bd4f8fd40d6ade97ac4857517918fca6403a995377661e850c9ab0c01b1e0,-68,,0,0,,0
13:27:22,,0,dff94fe15bb8f0052dfb2ef885c8cf9f00486c9b832fb94e1b48ccf47d02263d,-30,,0,0,,0
13:27:22,,0,862659e939ee761da54abee5ce94e4f7cbca48d6afb5349dc23e80b925568134,-94,,0,0,,0
13:27:23,26.0,0,6e13998004a60a2e905960eaec46e1cf915f8142390cf3f49ad878f7683d5329,-68,,0,0,7.0,0
13:27:24,26.0,0,6e13998004a60a2e905960eaec46e1cf915f8142390cf3f49ad878f7683d5329,-69,,0,0,7.0,0
13:27:25,26.0,0,6e13998004a60a2e905960eaec46e1cf915f8142390cf3f49ad878f7683d5329,-73,,0,0,7.0,0
13:27:26,,0,dff94fe15bb8f0052dfb2ef885c8cf9f00486c9b832fb94e1b48ccf47d02263d,-30,,0,0,,0
13:27:26,26.0,0,6e13998004a60a2e905960eaec46e1cf915f8142390cf3f49ad878f7683d5329,-66,,0,0,7.0,0
13:27:27,26.0,0,6e13998004a60a2e905960eaec46e1cf915f8142390cf3f49ad878f7683d5329,-70,,0,0,7.0,0
13:27:28,26.0,0,6e13998004a60a2e905960eaec46e1cf915f8142390cf3f49ad878f7683d5329,-65,,0,0,7.0,0
13:27:29,26.0,0,6e13998004a60a2e905960eaec46e1cf915f8142390cf3f49ad878f7683d5329,-71,,0,0,7.0,0
13:27:29,26.0,0,6e13998004a60a2e905960eaec46e1cf915f8142390cf3f49ad878f7683d5329,-71,,0,0,7.0,0
13:27:30,26.0,0,6e13998004a60a2e905960eaec46e1cf915f8142390cf3f49ad878f7683d5329,-68,,0,0,7.0,0
13:27:31,,0,862659e939ee761da54abee5ce94e4f7cbca48d6afb5349dc23e80b925568134,-90,,0,0,,0
13:27:32,,0,dff94fe15bb8f0052dfb2ef885c8cf9f00486c9b832fb94e1b48ccf47d02263d,-29,,0,0,,0
13:27:33,26.0,0,6e13998004a60a2e905960eaec46e1cf915f8142390cf3f49ad878f7683d5329,-67,,0,0,7.0,0
13:27:33,,0,dff94fe15bb8f0052dfb2ef885c8cf9f00486c9b832fb94e1b48ccf47d02263d,-29,,0,0,,0
13:27:34,26.0,0,92d51e1373a98407c3959e15231559c208e8b7033343eef2eac77d18621cfced,-88,,0,0,12.0,0
13:27:35,26.0,0,6e13998004a60a2e905960eaec46e1cf915f8142390cf3f49ad878f7683d5329,-66,,0,0,7.0,0
13:27:36,,0,dff94fe15bb8f0052dfb2ef885c8cf9f00486c9b832fb94e1b48ccf47d02263d,-31,,0,0,,0
13:27:36,26.0,0,6e13998004a60a2e905960eaec46e1cf915f8142390cf3f49ad878f7683d5329,-75,,0,0,7.0,0
13:27:37,26.0,0,6e13998004a60a2e905960eaec46e1cf915f8142390cf3f49ad878f7683d5329,-57,,0,0,7.0,0
13:27:38,26.0,0,58936f8e02c22d09ef8d97f2cfa71819158fae42345fd5cffd506318a4d054a8,-29,,0,0,12.0,0
13:27:39,26.0,0,58936f8e02c22d09ef8d97f2cfa71819158fae42345fd5cffd506318a4d054a8,-30,,0,0,12.0,0
13:27:40,26.0,0,58936f8e02c22d09ef8d97f2cfa71819158fae42345fd5cffd506318a4d054a8,-29,,0,0,12.0,0
13:27:40,,0,dff94fe15bb8f0052dfb2ef885c8cf9f00486c9b832fb94e1b48ccf47d02263d,-29,,0,0,,0
13:27:41,26.0,0,58936f8e02c22d09ef8d97f2cfa71819158fae42345fd5cffd506318a4d054a8,-30,,0,0,12.0,0
13:27:42,26.0,0,fda4a5916fc65c250c60e65bc4acf06e1c737fe9a1245c2ef3519edf5d439c5b,-89,,0,0,,0
13:27:43,26.0,0,58936f8e02c22d09ef8d97f2cfa71819158fae42345fd5cffd506318a4d054a8,-30,,0,0,12.0,0
13:27:44,26.0,0,58936f8e02c22d09ef8d97f2cfa71819158fae42345fd5cffd506318a4d054a8,-29,,0,0,12.0,0
13:27:44,,0,dff94fe15bb8f0052dfb2ef885c8cf9f00486c9b832fb94e1b48ccf47d02263d,-30,,0,0,,0
13:27:45,26.0,0,58936f8e02c22d09ef8d97f2cfa71819158fae42345fd5cffd506318a4d054a8,-31,,0,0,12.0,0
13:27:46,,0,805bd4f8fd40d6ade97ac4857517918fca6403a995377661e850c9ab0c01b1e0,-59,,0,0,,0
13:30:00,,0,862659e939ee761da54abee5ce94e4f7cbca48d6afb5349dc23e80b925568134,-89,,0,0,,0
13:30:01,,0,cab6819d5adc4b6ad9fc9b4390e515dfd7fee286c27d227afef3395748f788bd,-67,,0,0,,0
13:30:02,,0,cab6819d5adc4b6ad9fc9b4390e515dfd7fee286c27d227afef3395748f788bd,-68,,0,0,,0
13:30:02,26.0,0,58936f8e02c22d09ef8d97f2cfa71819158fae42345fd5cffd506318a4d054a8,-29,,0,0,12.0,0
13:30:03,26.0,0,fda4a5916fc65c250c60e65bc4acf06e1c737fe9a1245c2ef3519edf5d439c5b,-92,,0,0,7.0,0
13:30:04,,0,862659e939ee761da54abee5ce94e4f7cbca48d6afb5349dc23e80b925568134,-86,,0,0,,0
13:30:05,26.0,0,58936f8e02c22d09ef8d97f2cfa71819158fae42345fd5cffd506318a4d054a8,-32,,0,0,12.0,0
13:30:06,,0,cab6819d5adc4b6ad9fc9b4390e515dfd7fee286c27d227afef3395748f788bd,-68,,0,0,,0
13:30:06,,0,cab6819d5adc4b6ad9fc9b4390e515dfd7fee286c27d227afef3395748f788bd,-67,,0,0,,0
13:30:07,,0,dff94fe15bb8f0052dfb2ef885c8cf9f00486c9b832fb94e1b48ccf47d02263d,-30,,0,0,,0
13:30:08,,0,cab6819d5adc4b6ad9fc9b4390e515dfd7fee286c27d227afef3395748f788bd,-69,,0,0,,0
13:30:09,,0,cab6819d5adc4b6ad9fc9b4390e515dfd7fee286c27d227afef3395748f788bd,-67,,0,0,,0
13:30:09,,0,862659e939ee761da54abee5ce94e4f7cbca48d6afb5349dc23e80b925568134,-89,,0,0,,0
13:30:10,,0,cab6819d5adc4b6ad9fc9b4390e515dfd7fee286c27d227afef3395748f788bd,-67,,0,0,,0
13:30:11,26.0,0,58936f8e02c22d09ef8d97f2cfa71819158fae42345fd5cffd506318a4d054a8,-29,,0,0,12.0,0
13:30:12,,0,862659e939ee761da54abee5ce94e4f7cbca48d6afb5349dc23e80b925568134,-88,,0,0,,0
13:30:13,26.0,0,58936f8e02c22d09ef8d97f2cfa71819158fae42345fd5cffd506318a4d054a8,-30,,0,0,12.0,0
13:30:13,,0,b8ba31a6ff40571163539236384c976b4ce40a9deba2ffe24c97bf0bfee3c827,-30,,0,0,,0
13:30:14,,0,cab6819d5adc4b6ad9fc9b4390e515dfd7fee286c27d227afef3395748f788bd,-68,,0,0,,0
13:30:15,,0,cab6819d5adc4b6ad9fc9b4390e515dfd7fee286c27d227afef3395748f788bd,-67,,0,0,,0
13:30:16,26.0,0,58936f8e02c22d09ef8d97f2cfa71819158fae42345fd5cffd506318a4d054a8,-33,,0,0,12.0,0
13:30:17,,0,a8d15d2ce25d4fc0570f3cd2b8abca7c641b3f175983cb87b55a802509f49011,-94,,0,0,,0
13:30:17,,0,cab6819d5adc4b6ad9fc9b4390e515dfd7fee286c27d227afef3395748f788bd,-76,,0,0,,0
13:30:18,,0,b8ba31a6ff40571163539236384c976b4ce40a9deba2ffe24c97bf0bfee3c827,-34,,0,0,,0
13:30:19,,0,cab6819d5adc4b6ad9fc9b4390e515dfd7fee286c27d227afef3395748f788bd,-70,,0,0,,0
13:30:20,,0,cab6819d5adc4b6ad9fc9b4390e515dfd7fee286c27d227afef3395748f788bd,-71,,0,0,,0
13:30:20,,0,cab6819d5adc4b6ad9fc9b4390e515dfd7fee286c27d227afef3395748f788bd,-73,,0,0,,0
13:30:21,26.0,0,58936f8e02c22d09ef8d97f2cfa71819158fae42345fd5cffd506318a4d054a8,-32,,0,0,12.0,0
13:30:22,,0,862659e939ee761da54abee5ce94e4f7cbca48d6afb5349dc23e80b925568134,-85,,0,0,,0
13:30:23,,0,cab6819d5adc4b6ad9fc9b4390e515dfd7fee286c27d227afef3395748f788bd,-69,,0,0,,0
13:30:23,,0,862659e939ee761da54abee5ce94e4f7cbca48d6afb5349dc23e80b925568134,-87,,0,0,,0
13:30:24,,0,cab6819d5adc4b6ad9fc9b4390e515dfd7fee286c27d227afef3395748f788bd,-75,,0,0,,0
13:30:25,,0,862659e939ee761da54abee5ce94e4f7cbca48d6afb5349dc23e80b925568134,-85,,0,0,,0
13:30:26,,0,cab6819d5adc4b6ad9fc9b4390e515dfd7fee286c27d227afef3395748f788bd,-72,,0,0,,0
13:30:27,,0,cab6819d5adc4b6ad9fc9b4390e515dfd7fee286c27d227afef3395748f788bd,-71,,0,0,,0
13:30:27,,0,cab6819d5adc4b6ad9fc9b4390e515dfd7fee286c27d227afef3395748f788bd,-73,,0,0,,0
13:30:28,,0,cab6819d5adc4b6ad9fc9b4390e515dfd7fee286c27d227afef3395748f788bd,-75,,0,0,,0
13:30:29,26.0,0,58936f8e02c22d09ef8d97f2cfa71819158fae42345fd5cffd506318a4d054a8,-31,,0,0,12.0,0
13:30:30,,0,cab6819d5adc4b6ad9fc9b4390e515dfd7fee286c27d227afef3395748f788bd,-70,,0,0,,0
13:30:31,,0,cab6819d5adc4b6ad9fc9b4390e515dfd7fee286c27d227afef3395748f788bd,-71,,0,0,,0
13:30:31,26.0,0,92d51e1373a98407c3959e15231559c208e8b7033343eef2eac77d18621cfced,-87,,0,0,12.0,0
13:30:32,,0,cab6819d5adc4b6ad9fc9b4390e515dfd7fee286c27d227afef3395748f788bd,-73,,0,0,,0
13:30:33,,0,cab6819d5adc4b6ad9fc9b4390e515dfd7fee286c27d227afef3395748f788bd,-71,,0,0,,0
13:30:34,,0,b8ba31a6ff40571163539236384c976b4ce40a9deba2ffe24c97bf0bfee3c827,-30,,0,0,,0
13:30:34,,0,cab6819d5adc4b6ad9fc9b4390e515dfd7fee286c27d227afef3395748f788bd,-69,,0,0,,0
13:30:35,,0,cab6819d5adc4b6ad9fc9b4390e515dfd7fee286c27d227afef3395748f788bd,-71,,0,0,,0
13:30:36,,0,cab6819d5adc4b6ad9fc9b4390e515dfd7fee286c27d227afef3395748f788bd,-71,,0,0,,0
13:30:37,,0,cab6819d5adc4b6ad9fc9b4390e515dfd7fee286c27d227afef3395748f788bd,-66,,0,0,,0
13:30:38,,0,b8ba31a6ff40571163539236384c976b4ce40a9deba2ffe24c97bf0bfee3c827,-31,,0,0,,0
13:30:38,,0,cab6819d5adc4b6ad9fc9b4390e515dfd7fee286c27d227afef3395748f788bd,-65,,0,0,,0
13:30:39,,0,862659e939ee761da54abee5ce94e4f7cbca48d6afb5349dc23e80b925568134,-92,,0,0,,0
13:30:40,,0,cab6819d5adc4b6ad9fc9b4390e515dfd7fee286c27d227afef3395748f788bd,-66,,0,0,,0
13:30:41,,0,cab6819d5adc4b6ad9fc9b4390e515dfd7fee286c27d227afef3395748f788bd,-66,,0,0,,0
13:30:42,,0,cab6819d5adc4b6ad9fc9b4390e515dfd7fee286c27d227afef3395748f788bd,-67,,0,0,,0
13:30:42,,0,cab6819d5adc4b6ad9fc9b4390e515dfd7fee286c27d227afef3395748f788bd,-70,,0,0,,0
13:30:43,,0,7b053d6ed1ff83e0e3e04422e23ddc1773d154808c36e48b2f2a63553432215f,-55,,0,0,,0
13:30:44,,0,cab6819d5adc4b6ad9fc9b4390e515dfd7fee286c27d227afef3395748f788bd,-70,,0,0,,0
13:30:45,,0,cab6819d5adc4b6ad9fc9b4390e515dfd7fee286c27d227afef3395748f788bd,-66,,0,0,,0
13:30:45,,0,cab6819d5adc4b6ad9fc9b4390e515dfd7fee286c27d227afef3395748f788bd,-70,,0,0,,0
13:30:46,,0,862659e939ee761da54abee5ce94e4f7cbca48d6afb5349dc23e80b925568134,-86,,0,0,,0
13:30:47,,0,cab6819d5adc4b6ad9fc9b4390e515dfd7fee286c27d227afef3395748f788bd,-70,,0,0,,0
13:30:48,,0,cab6819d5adc4b6ad9fc9b4390e515dfd7fee286c27d227afef3395748f788bd,-65,,0,0,,0
13:30:49,,0,862659e939ee761da54abee5ce94e4f7cbca48d6afb5349dc23e80b925568134,-91,,0,0,,0
13:30:49,,0,a8d15d2ce25d4fc0570f3cd2b8abca7c641b3f175983cb87b55a802509f49011,-88,,0,0,,0
13:30:50,,0,cab6819d5adc4b6ad9fc9b4390e515dfd7fee286c27d227afef3395748f788bd,-74,,0,0,,0
13:30:51,,0,cab6819d5adc4b6ad9fc9b4390e515dfd7fee286c27d227afef3395748f788bd,-68,,0,0,,0
13:30:52,,0,b8ba31a6ff40571163539236384c976b4ce40a9deba2ffe24c97bf0bfee3c827,-30,,0,0,,0
13:30:52,,0,862659e939ee761da54abee5ce94e4f7cbca48d6afb5349dc23e80b925568134,-88,,0,0,,0
13:30:53,,0,862659e939ee761da54abee5ce94e4f7cbca48d6afb5349dc23e80b925568134,-93,,0,0,,0
13:30:54,,0,cab6819d5adc4b6ad9fc9b4390e515dfd7fee286c27d227afef3395748f788bd,-69,,0,0,,0
13:30:55,,0,cab6819d5adc4b6ad9fc9b4390e515dfd7fee286c27d227afef3395748f788bd,-67,,0,0,,0
13:30:56,,0,b8ba31a6ff40571163539236384c976b4ce40a9deba2ffe24c97bf0bfee3c827,-31,,0,0,,0
13:30:56,,0,cab6819d5adc4b6ad9fc9b4390e515dfd7fee286c27d227afef3395748f788bd,-69,,0,0,,0
13:30:57,,0,7b053d6ed1ff83e0e3e04422e23ddc1773d154808c36e48b2f2a63553432215f,-57,,0,0,,0
13:30:58,,0,cab6819d5adc4b6ad9fc9b4390e515dfd7fee286c27d227afef3395748f788bd,-67,,0,0,,0
13:30:59,26.0,0,fdcd91ea17886c435ab7b0aac22d5528b32c2ca1d9923644a74f333147c3b0d4,-88,,0,0,12.0,0
13:31:00,,0,cab6819d5adc4b6ad9fc9b4390e515dfd7fee286c27d227afef3395748f788bd,-67,,0,0,,0
13:31:00,,0,862659e939ee761da54abee5ce94e4f7cbca48d6afb5349dc23e80b925568134,-92,,0,0,,0
13:31:01,,0,cab6819d5adc4b6ad9fc9b4390e515dfd7fee286c27d227afef3395748f788bd,-69,,0,0,,0
13:31:02,,0,cab6819d5adc4b6ad9fc9b4390e515dfd7fee286c27d227afef3395748f788bd,-67,,0,0,,0
13:31:03,,0,862659e939ee761da54abee5ce94e4f7cbca48d6afb5349dc23e80b925568134,-85,,0,0,,0
13:31:03,,0,862659e939ee761da54abee5ce94e4f7cbca48d6afb5349dc23e80b925568134,-94,,0,0,,0
13:31:04,,0,862659e939ee761da54abee5ce94e4f7cbca48d6afb5349dc23e80b925568134,-84,,0,0,,0
13:31:05,,0,cab6819d5adc4b6ad9fc9b4390e515dfd7fee286c27d227afef3395748f788bd,-67,,0,0,,0
13:31:06,,0,cab6819d5adc4b6ad9fc9b4390e515dfd7fee286c27d227afef3395748f788bd,-68,,0,0,,0
13:31:07,,0,cab6819d5adc4b6ad9fc9b4390e515dfd7fee286c27d227afef3395748f788bd,-71,,0,0,,0
13:31:07,,0,cab6819d5adc4b6ad9fc9b4390e515dfd7fee286c27d227afef3395748f788bd,-67,,0,0,,0
13:31:08,,0,cab6819d5adc4b6ad9fc9b4390e515dfd7fee286c27d227afef3395748f788bd,-69,,0,0,,0
13:31:09,,0,cab6819d5adc4b6ad9fc9b4390e515dfd7fee286c27d227afef3395748f788bd,-66,,0,0,,0
13:31:10,,0,cab6819d5adc4b6ad9fc9b4390e515dfd7fee286c27d227afef3395748f788bd,-66,,0,0,,0
13:31:11,,0,cab6819d5adc4b6ad9fc9b4390e515dfd7fee286c27d227afef3395748f788bd,-68,,0,0,,0
13:31:11,,0,cab6819d5adc4b6ad9fc9b4390e515dfd7fee286c27d227afef3395748f788bd,-68,,0,0,,0
13:31:12,,0,cab6819d5adc4b6ad9fc9b4390e515dfd7fee286c27d227afef3395748f788bd,-68,,0,0,,0
13:31:13,,0,862659e939ee761da54abee5ce94e4f7cbca48d6afb5349dc23e80b925568134,-87,,0,0,,0
13:31:14,,0,cab6819d5adc4b6ad9fc9b4390e515dfd7fee286c27d227afef3395748f788bd,-69,,0,0,,0
13:31:14,,0,862659e939ee761da54abee5ce94e4f7cbca48d6afb5349dc23e80b925568134,-83,,0,0,,0
13:31:15,,0,cab6819d5adc4b6ad9fc9b4390e515dfd7fee286c27d227afef3395748f788bd,-65,,0,0,,0
13:31:16,,0,cab6819d5adc4b6ad9fc9b4390e515dfd7fee286c27d227afef3395748f788bd,-65,,0,0,,0
13:31:17,,0,862659e939ee761da54abee5ce94e4f7cbca48d6afb5349dc23e80b925568134,-92,,0,0,,0
13:31:18,,0,cab6819d5adc4b6ad9fc9b4390e515dfd7fee286c27d227afef3395748f788bd,-68,,0,0,,0
13:31:18,,0,cab6819d5adc4b6ad9fc9b4390e515dfd7fee286c27d227afef3395748f788bd,-66,,0,0,,0
13:31:19,,0,cab6819d5adc4b6ad9fc9b4390e515dfd7fee286c27d227afef3395748f788bd,-66,,0,0,,0
13:31:20,,0,cab6819d5adc4b6ad9fc9b4390e515dfd7fee286c27d227afef3395748f788bd,-67,,0,0,,0
13:31:21,,0,cab6819d5adc4b6ad9fc9b4390e515dfd7fee286c27d227afef3395748f788bd,-68,,0,0,,0
13:31:21,,0,cab6819d5adc4b6ad9fc9b4390e515dfd7fee286c27d227afef3395748f788bd,-67,,0,0,,0
13:31:22,,0,cab6819d5adc4b6ad9fc9b4390e515dfd7fee286c27d227afef3395748f788bd,-66,,0,0,,0
13:31:23,,0,cab6819d5adc4b6ad9fc9b4390e515dfd7fee286c27d227afef3395748f788bd,-69,,0,0,,0
13:31:24,,0,cab6819d5adc4b6ad9fc9b4390e515dfd7fee286c27d227afef3395748f788bd,-66,,0,0,,0
13:31:25,,0,cab6819d5adc4b6ad9fc9b4390e515dfd7fee286c27d227afef3395748f788bd,-69,,0,0,,0
13:31:25,,0,cab6819d5adc4b6ad9fc9b4390e515dfd7fee286c27d227afef3395748f788bd,-68,,0,0,,0
13:31:26,,0,cab6819d5adc4b6ad9fc9b4390e515dfd7fee286c27d227afef3395748f788bd,-70,,0,0,,0
13:31:27,,0,cab6819d5adc4b6ad9fc9b4390e515dfd7fee286c27d227afef3395748f788bd,-63,,0,0,,0
13:31:28,,0,b8ba31a6ff40571163539236384c976b4ce40a9deba2ffe24c97bf0bfee3c827,-33,,0,0,,0
13:31:28,,0,cab6819d5adc4b6ad9fc9b4390e515dfd7fee286c27d227afef3395748f788bd,-64,,0,0,,0
13:31:29,,0,cab6819d5adc4b6ad9fc9b4390e515dfd7fee286c27d227afef3395748f788bd,-64,,0,0,,0
13:31:30,,0,cab6819d5adc4b6ad9fc9b4390e515dfd7fee286c27d227afef3395748f788bd,-64,,0,0,,0
13:31:31,,0,cab6819d5adc4b6ad9fc9b4390e515dfd7fee286c27d227afef3395748f788bd,-62,,0,0,,0
13:31:32,,0,cab6819d5adc4b6ad9fc9b4390e515dfd7fee286c27d227afef3395748f788bd,-64,,0,0,,0
13:31:32,,0,cab6819d5adc4b6ad9fc9b4390e515dfd7fee286c27d227afef3395748f788bd,-64,,0,0,,0
13:31:33,,0,cab6819d5adc4b6ad9fc9b4390e515dfd7fee286c27d227afef3395748f788bd,-63,,0,0,,0
13:31:34,,0,cab6819d5adc4b6ad9fc9b4390e515dfd7fee286c27d227afef3395748f788bd,-63,,0,0,,0
13:31:35,,0,cab6819d5adc4b6ad9fc9b4390e515dfd7fee286c27d227afef3395748f788bd,-64,,0,0,,0
13:31:35,,0,cab6819d5adc4b6ad9fc9b4390e515dfd7fee286c27d227afef3395748f788bd,-64,,0,0,,0
13:31:36,,0,862659e939ee761da54abee5ce94e4f7cbca48d6afb5349dc23e80b925568134,-85,,0,0,,0
13:31:37,,0,7b053d6ed1ff83e0e3e04422e23ddc1773d154808c36e48b2f2a63553432215f,-55,,0,0,,0
13:31:38,,0,cab6819d5adc4b6ad9fc9b4390e515dfd7fee286c27d227afef3395748f788bd,-64,,0,0,,0
13:31:39,,0,cab6819d5adc4b6ad9fc9b4390e515dfd7fee286c27d227afef3395748f788bd,-64,,0,0,,0
13:31:39,,0,cab6819d5adc4b6ad9fc9b4390e515dfd7fee286c27d227afef3395748f788bd,-64,,0,0,,0
13:31:40,,0,cab6819d5adc4b6ad9fc9b4390e515dfd7fee286c27d227afef3395748f788bd,-64,,0,0,,0
13:31:41,,0,7b053d6ed1ff83e0e3e04422e23ddc1773d154808c36e48b2f2a63553432215f,-57,,0,0,,0
13:31:42,,0,b8ba31a6ff40571163539236384c976b4ce40a9deba2ffe24c97bf0bfee3c827,-31,,0,0,,0
13:31:43,,0,cab6819d5adc4b6ad9fc9b4390e515dfd7fee286c27d227afef3395748f788bd,-64,,0,0,,0
13:31:43,26.0,0,fdcd91ea17886c435ab7b0aac22d5528b32c2ca1d9923644a74f333147c3b0d4,-89,,0,0,12.0,0
13:31:44,,0,cab6819d5adc4b6ad9fc9b4390e515dfd7fee286c27d227afef3395748f788bd,-64,,0,0,,0
13:31:45,,0,cab6819d5adc4b6ad9fc9b4390e515dfd7fee286c27d227afef3395748f788bd,-63,,0,0,,0
13:31:46,,0,b8ba31a6ff40571163539236384c976b4ce40a9deba2ffe24c97bf0bfee3c827,-34,,0,0,,0
13:31:46,,0,862659e939ee761da54abee5ce94e4f7cbca48d6afb5349dc23e80b925568134,-86,,0,0,,0
13:31:47,,0,cab6819d5adc4b6ad9fc9b4390e515dfd7fee286c27d227afef3395748f788bd,-63,,0,0,,0
13:31:48,,0,cab6819d5adc4b6ad9fc9b4390e515dfd7fee286c27d227afef3395748f788bd,-64,,0,0,,0
13:31:49,,0,862659e939ee761da54abee5ce94e4f7cbca48d6afb5349dc23e80b925568134,-93,,0,0,,0
13:31:50,,0,cab6819d5adc4b6ad9fc9b4390e515dfd7fee286c27d227afef3395748f788bd,-65,,0,0,,0
13:31:50,,0,cab6819d5adc4b6ad9fc9b4390e515dfd7fee286c27d227afef3395748f788bd,-64,,0,0,,0
13:31:51,,0,cab6819d5adc4b6ad9fc9b4390e515dfd7fee286c27d227afef3395748f788bd,-67,,0,0,,0
13:31:52,,0,cab6819d5adc4b6ad9fc9b4390e515dfd7fee286c27d227afef3395748f788bd,-65,,0,0,,0
13:31:53,,0,cab6819d5adc4b6ad9fc9b4390e515dfd7fee286c27d227afef3395748f788bd,-64,,0,0,,0
13:31:54,,0,b8ba31a6ff40571163539236384c976b4ce40a9deba2ffe24c97bf0bfee3c827,-31,,0,0,,0
13:31:54,,0,cab6819d5adc4b6ad9fc9b4390e515dfd7fee286c27d227afef3395748f788bd,-65,,0,0,,0
13:31:55,,0,cab6819d5adc4b6ad9fc9b4390e515dfd7fee286c27d227afef3395748f788bd,-65,,0,0,,0
13:31:56,,0,cab6819d5adc4b6ad9fc9b4390e515dfd7fee286c27d227afef3395748f788bd,-66,,0,0,,0
13:31:57,,0,cab6819d5adc4b6ad9fc9b4390e515dfd7fee286c27d227afef3395748f788bd,-66,,0,0,,0
13:31:57,,0,cab6819d5adc4b6ad9fc9b4390e515dfd7fee286c27d227afef3395748f788bd,-66,,0,0,,0
13:31:58,,0,cab6819d5adc4b6ad9fc9b4390e515dfd7fee286c27d227afef3395748f788bd,-67,,0,0,,0
13:31:59,,0,cab6819d5adc4b6ad9fc9b4390e515dfd7fee286c27d227afef3395748f788bd,-66,,0,0,,0
13:32:00,26.0,0,fdcd91ea17886c435ab7b0aac22d5528b32c2ca1d9923644a74f333147c3b0d4,-94,,0,0,12.0,0
13:32:01,,0,cab6819d5adc4b6ad9fc9b4390e515dfd7fee286c27d227afef3395748f788bd,-66,,0,0,,0
13:32:01,,0,cab6819d5adc4b6ad9fc9b4390e515dfd7fee286c27d227afef3395748f788bd,-64,,0,0,,0
13:32:02,26.0,0,fdcd91ea17886c435ab7b0aac22d5528b32c2ca1d9923644a74f333147c3b0d4,-90,,0,0,12.0,0
13:32:03,,0,cab6819d5adc4b6ad9fc9b4390e515dfd7fee286c27d227afef3395748f788bd,-65,,0,0,,0
13:32:04,,0,b8ba31a6ff40571163539236384c976b4ce40a9deba2ffe24c97bf0bfee3c827,-34,,0,0,,0
13:32:04,,0,cab6819d5adc4b6ad9fc9b4390e515dfd7fee286c27d227afef3395748f788bd,-65,,0,0,,0
13:32:05,,0,cab6819d5adc4b6ad9fc9b4390e515dfd7fee286c27d227afef3395748f788bd,-64,,0,0,,0
13:32:06,,0,862659e939ee761da54abee5ce94e4f7cbca48d6afb5349dc23e80b925568134,-93,,0,0,,0
13:32:07,,0,cab6819d5adc4b6ad9fc9b4390e515dfd7fee286c27d227afef3395748f788bd,-63,,0,0,,0
13:32:08,,0,862659e939ee761da54abee5ce94e4f7cbca48d6afb5349dc23e80b925568134,-94,,0,0,,0
13:32:08,,0,cab6819d5adc4b6ad9fc9b4390e515dfd7fee286c27d227afef3395748f788bd,-65,,0,0,,0
13:32:09,,0,7b053d6ed1ff83e0e3e04422e23ddc1773d154808c36e48b2f2a63553432215f,-56,,0,0,,0
13:32:10,,0,cab6819d5adc4b6ad9fc9b4390e515dfd7fee286c27d227afef3395748f788bd,-63,,0,0,,0
13:32:11,,0,cab6819d5adc4b6ad9fc9b4390e515dfd7fee286c27d227afef3395748f788bd,-62,,0,0,,0
13:32:12,,0,cab6819d5adc4b6ad9fc9b4390e515dfd7fee286c27d227afef3395748f788bd,-65,,0,0,,0
13:32:12,,0,cab6819d5adc4b6ad9fc9b4390e515dfd7fee286c27d227afef3395748f788bd,-65,,0,0,,0
13:32:13,,0,cab6819d5adc4b6ad9fc9b4390e515dfd7fee286c27d227afef3395748f788bd,-64,,0,0,,0
13:32:14,,0,cab6819d5adc4b6ad9fc9b4390e515dfd7fee286c27d227afef3395748f788bd,-65,,0,0,,0
13:32:15,,0,cab6819d5adc4b6ad9fc9b4390e515dfd7fee286c27d227afef3395748f788bd,-64,,0,0,,0
13:32:15,,0,cab6819d5adc4b6ad9fc9b4390e515dfd7fee286c27d227afef3395748f788bd,-64,,0,0,,0
13:32:16,,0,cab6819d5adc4b6ad9fc9b4390e515dfd7fee286c27d227afef3395748f788bd,-64,,0,0,,0
13:32:17,,0,cab6819d5adc4b6ad9fc9b4390e515dfd7fee286c27d227afef3395748f788bd,-64,,0,0,,0
13:32:18,,0,cab6819d5adc4b6ad9fc9b4390e515dfd7fee286c27d227afef3395748f788bd,-64,,0,0,,0
13:32:19,,0,862659e939ee761da54abee5ce94e4f7cbca48d6afb5349dc23e80b925568134,-87,,0,0,,0
13:32:19,,0,cab6819d5adc4b6ad9fc9b4390e515dfd7fee286c27d227afef3395748f788bd,-64,,0,0,,0
13:32:20,,0,cab6819d5adc4b6ad9fc9b4390e515dfd7fee286c27d227afef3395748f788bd,-64,,0,0,,0
13:32:21,,0,cab6819d5adc4b6ad9fc9b4390e515dfd7fee286c27d227afef3395748f788bd,-64,,0,0,,0
13:32:22,,0,cab6819d5adc4b6ad9fc9b4390e515dfd7fee286c27d227afef3395748f788bd,-64,,0,0,,0
13:32:22,,0,cab6819d5adc4b6ad9fc9b4390e515dfd7fee286c27d227afef3395748f788bd,-64,,0,0,,0
13:32:23,,0,cab6819d5adc4b6ad9fc9b4390e515dfd7fee286c27d227afef3395748f788bd,-64,,0,0,,0
13:32:24,,0,cab6819d5adc4b6ad9fc9b4390e515dfd7fee286c27d227afef3395748f788bd,-65,,0,0,,0
13:32:25,,0,cab6819d5adc4b6ad9fc9b4390e515dfd7fee286c27d227afef3395748f788bd,-64,,0,0,,0
13:32:26,,0,cab6819d5adc4b6ad9fc9b4390e515dfd7fee286c27d227afef3395748f788bd,-64,,0,0,,0
13:32:26,,0,cab6819d5adc4b6ad9fc9b4390e515dfd7fee286c27d227afef3395748f788bd,-65,,0,0,,0
13:32:27,,0,cab6819d5adc4b6ad9fc9b4390e515dfd7fee286c27d227afef3395748f788bd,-64,,0,0,,0
13:32:28,,0,cab6819d5adc4b6ad9fc9b4390e515dfd7fee286c27d227afef3395748f788bd,-63,,0,0,,0
13:32:29,,0,cab6819d5adc4b6ad9fc9b4390e515dfd7fee286c27d227afef3395748f788bd,-64,,0,0,,0
13:32:30,,0,cab6819d5adc4b6ad9fc9b4390e515dfd7fee286c27d227afef3395748f788bd,-64,,0,0,,0
13:32:30,,0,cab6819d5adc4b6ad9fc9b4390e515dfd7fee286c27d227afef3395748f788bd,-64,,0,0,,0
13:32:31,,0,cab6819d5adc4b6ad9fc9b4390e515dfd7fee286c27d227afef3395748f788bd,-64,,0,0,,0
13:32:32,,0,cab6819d5adc4b6ad9fc9b4390e515dfd7fee286c27d227afef3395748f788bd,-65,,0,0,,0
13:32:33,,0,862659e939ee761da54abee5ce94e4f7cbca48d6afb5349dc23e80b925568134,-91,,0,0,,0
13:32:33,,0,7b053d6ed1ff83e0e3e04422e23ddc1773d154808c36e48b2f2a63553432215f,-56,,0,0,,0
13:32:34,,0,cab6819d5adc4b6ad9fc9b4390e515dfd7fee286c27d227afef3395748f788bd,-64,,0,0,,0
13:32:35,,0,cab6819d5adc4b6ad9fc9b4390e515dfd7fee286c27d227afef3395748f788bd,-63,,0,0,,0
13:32:36,,0,cab6819d5adc4b6ad9fc9b4390e515dfd7fee286c27d227afef3395748f788bd,-64,,0,0,,0
13:32:36,,0,cab6819d5adc4b6ad9fc9b4390e515dfd7fee286c27d227afef3395748f788bd,-64,,0,0,,0
13:32:37,,0,7b053d6ed1ff83e0e3e04422e23ddc1773d154808c36e48b2f2a63553432215f,-57,,0,0,,0
13:32:38,,0,862659e939ee761da54abee5ce94e4f7cbca48d6afb5349dc23e80b925568134,-94,,0,0,,0
13:32:39,,0,cab6819d5adc4b6ad9fc9b4390e515dfd7fee286c27d227afef3395748f788bd,-63,,0,0,,0
13:32:40,,0,cab6819d5adc4b6ad9fc9b4390e515dfd7fee286c27d227afef3395748f788bd,-64,,0,0,,0
13:32:40,,0,cab6819d5adc4b6ad9fc9b4390e515dfd7fee286c27d227afef3395748f788bd,-64,,0,0,,0
13:32:41,,0,cab6819d5adc4b6ad9fc9b4390e515dfd7fee286c27d227afef3395748f788bd,-65,,0,0,,0
13:32:42,,0,cab6819d5adc4b6ad9fc9b4390e515dfd7fee286c27d227afef3395748f788bd,-66,,0,0,,0
13:32:43,,0,cab6819d5adc4b6ad9fc9b4390e515dfd7fee286c27d227afef3395748f788bd,-64,,0,0,,0
13:32:44,,0,cab6819d5adc4b6ad9fc9b4390e515dfd7fee286c27d227afef3395748f788bd,-64,,0,0,,0
13:32:44,,0,cab6819d5adc4b6ad9fc9b4390e515dfd7fee286c27d227afef3395748f788bd,-62,,0,0,,0
13:32:45,,0,cab6819d5adc4b6ad9fc9b4390e515dfd7fee286c27d227afef3395748f788bd,-62,,0,0,,0
13:32:46,,0,cab6819d5adc4b6ad9fc9b4390e515dfd7fee286c27d227afef3395748f788bd,-64,,0,0,,0
13:32:47,,0,cab6819d5adc4b6ad9fc9b4390e515dfd7fee286c27d227afef3395748f788bd,-62,,0,0,,0
13:32:47,,0,cab6819d5adc4b6ad9fc9b4390e515dfd7fee286c27d227afef3395748f788bd,-64,,0,0,,0
13:32:48,,0,cab6819d5adc4b6ad9fc9b4390e515dfd7fee286c27d227afef3395748f788bd,-64,,0,0,,0
13:32:49,,0,862659e939ee761da54abee5ce94e4f7cbca48d6afb5349dc23e80b925568134,-89,,0,0,,0
13:32:50,,0,b8ba31a6ff40571163539236384c976b4ce40a9deba2ffe24c97bf0bfee3c827,-34,,0,0,,0
13:32:51,26.0,0,fdcd91ea17886c435ab7b0aac22d5528b32c2ca1d9923644a74f333147c3b0d4,-92,,0,0,12.0,0
13:32:51,,0,cab6819d5adc4b6ad9fc9b4390e515dfd7fee286c27d227afef3395748f788bd,-64,,0,0,,0
13:32:52,,0,862659e939ee761da54abee5ce94e4f7cbca48d6afb5349dc23e80b925568134,-85,,0,0,,0
13:32:53,,0,cab6819d5adc4b6ad9fc9b4390e515dfd7fee286c27d227afef3395748f788bd,-62,,0,0,,0
13:32:54,,0,cab6819d5adc4b6ad9fc9b4390e515dfd7fee286c27d227afef3395748f788bd,-62,,0,0,,0
13:32:54,,0,cab6819d5adc4b6ad9fc9b4390e515dfd7fee286c27d227afef3395748f788bd,-64,,0,0,,0
13:32:55,,0,7b053d6ed1ff83e0e3e04422e23ddc1773d154808c36e48b2f2a63553432215f,-56,,0,0,,0
13:32:56,,0,cab6819d5adc4b6ad9fc9b4390e515dfd7fee286c27d227afef3395748f788bd,-62,,0,0,,0
13:32:57,,0,cab6819d5adc4b6ad9fc9b4390e515dfd7fee286c27d227afef3395748f788bd,-63,,0,0,,0
13:32:58,,0,cab6819d5adc4b6ad9fc9b4390e515dfd7fee286c27d227afef3395748f788bd,-63,,0,0,,0
13:32:58,,0,cab6819d5adc4b6ad9fc9b4390e515dfd7fee286c27d227afef3395748f788bd,-66,,0,0,,0
13:32:59,26.0,0,fdcd91ea17886c435ab7b0aac22d5528b32c2ca1d9923644a74f333147c3b0d4,-92,,0,0,12.0,0
13:33:00,,0,cab6819d5adc4b6ad9fc9b4390e515dfd7fee286c27d227afef3395748f788bd,-62,,0,0,,0
13:33:01,,0,cab6819d5adc4b6ad9fc9b4390e515dfd7fee286c27d227afef3395748f788bd,-61,,0,0,,0
13:33:02,,0,a8d15d2ce25d4fc0570f3cd2b8abca7c641b3f175983cb87b55a802509f49011,-91,,0,0,,0
13:33:02,,0,cab6819d5adc4b6ad9fc9b4390e515dfd7fee286c27d227afef3395748f788bd,-65,,0,0,,0
13:33:03,,0,862659e939ee761da54abee5ce94e4f7cbca48d6afb5349dc23e80b925568134,-93,,0,0,,0
13:33:04,,0,cab6819d5adc4b6ad9fc9b4390e515dfd7fee286c27d227afef3395748f788bd,-61,,0,0,,0
13:33:05,,0,cab6819d5adc4b6ad9fc9b4390e515dfd7fee286c27d227afef3395748f788bd,-65,,0,0,,0
13:33:05,,0,7b053d6ed1ff83e0e3e04422e23ddc1773d154808c36e48b2f2a63553432215f,-57,,0,0,,0
13:33:06,,0,cab6819d5adc4b6ad9fc9b4390e515dfd7fee286c27d227afef3395748f788bd,-63,,0,0,,0
13:33:07,,0,cab6819d5adc4b6ad9fc9b4390e515dfd7fee286c27d227afef3395748f788bd,-62,,0,0,,0
13:33:08,,0,cab6819d5adc4b6ad9fc9b4390e515dfd7fee286c27d227afef3395748f788bd,-61,,0,0,,0
13:33:09,,0,cab6819d5adc4b6ad9fc9b4390e515dfd7fee286c27d227afef3395748f788bd,-65,,0,0,,0
13:33:09,,0,7b053d6ed1ff83e0e3e04422e23ddc1773d154808c36e48b2f2a63553432215f,-59,,0,0,,0
13:33:10,,0,cab6819d5adc4b6ad9fc9b4390e515dfd7fee286c27d227afef3395748f788bd,-62,,0,0,,0
13:33:11,,0,cab6819d5adc4b6ad9fc9b4390e515dfd7fee286c27d227afef3395748f788bd,-62,,0,0,,0
13:33:12,,0,a8d15d2ce25d4fc0570f3cd2b8abca7c641b3f175983cb87b55a802509f49011,-89,,0,0,,0
13:33:12,,0,cab6819d5adc4b6ad9fc9b4390e515dfd7fee286c27d227afef3395748f788bd,-64,,0,0,,0
13:33:13,,0,cab6819d5adc4b6ad9fc9b4390e515dfd7fee286c27d227afef3395748f788bd,-62,,0,0,,0
13:33:14,,0,cab6819d5adc4b6ad9fc9b4390e515dfd7fee286c27d227afef3395748f788bd,-64,,0,0,,0
13:33:15,,0,cab6819d5adc4b6ad9fc9b4390e515dfd7fee286c27d227afef3395748f788bd,-63,,0,0,,0
13:33:16,,0,cab6819d5adc4b6ad9fc9b4390e515dfd7fee286c27d227afef3395748f788bd,-62,,0,0,,0
13:33:16,,0,cab6819d5adc4b6ad9fc9b4390e515dfd7fee286c27d227afef3395748f788bd,-65,,0,0,,0
13:33:17,,0,cab6819d5adc4b6ad9fc9b4390e515dfd7fee286c27d227afef3395748f788bd,-65,,0,0,,0
13:33:18,26.0,0,fdcd91ea17886c435ab7b0aac22d5528b32c2ca1d9923644a74f333147c3b0d4,-91,,0,0,12.0,0
13:33:19,,0,862659e939ee761da54abee5ce94e4f7cbca48d6afb5349dc23e80b925568134,-93,,0,0,,0
13:33:19,,0,cab6819d5adc4b6ad9fc9b4390e515dfd7fee286c27d227afef3395748f788bd,-62,,0,0,,0
13:33:20,,0,862659e939ee761da54abee5ce94e4f7cbca48d6afb5349dc23e80b925568134,-96,,0,0,,0
13:33:21,26.0,0,fdcd91ea17886c435ab7b0aac22d5528b32c2ca1d9923644a74f333147c3b0d4,-90,,0,0,12.0,0
13:33:22,,0,cab6819d5adc4b6ad9fc9b4390e515dfd7fee286c27d227afef3395748f788bd,-67,,0,0,,0
13:33:23,,0,cab6819d5adc4b6ad9fc9b4390e515dfd7fee286c27d227afef3395748f788bd,-63,,0,0,,0
13:33:23,,0,cab6819d5adc4b6ad9fc9b4390e515dfd7fee286c27d227afef3395748f788bd,-62,,0,0,,0
13:33:24,,0,cab6819d5adc4b6ad9fc9b4390e515dfd7fee286c27d227afef3395748f788bd,-67,,0,0,,0
13:33:25,,0,cab6819d5adc4b6ad9fc9b4390e515dfd7fee286c27d227afef3395748f788bd,-67,,0,0,,0
13:33:26,,0,cab6819d5adc4b6ad9fc9b4390e515dfd7fee286c27d227afef3395748f788bd,-62,,0,0,,0
13:33:27,,0,cab6819d5adc4b6ad9fc9b4390e515dfd7fee286c27d227afef3395748f788bd,-66,,0,0,,0
13:33:27,,0,862659e939ee761da54abee5ce94e4f7cbca48d6afb5349dc23e80b925568134,-95,,0,0,,0
13:33:28,,0,cab6819d5adc4b6ad9fc9b4390e515dfd7fee286c27d227afef3395748f788bd,-63,,0,0,,0
13:33:29,,0,cab6819d5adc4b6ad9fc9b4390e515dfd7fee286c27d227afef3395748f788bd,-63,,0,0,,0
13:33:30,,0,cab6819d5adc4b6ad9fc9b4390e515dfd7fee286c27d227afef3395748f788bd,-62,,0,0,,0
13:33:30,,0,cab6819d5adc4b6ad9fc9b4390e515dfd7fee286c27d227afef3395748f788bd,-66,,0,0,,0
13:33:31,,0,cab6819d5adc4b6ad9fc9b4390e515dfd7fee286c27d227afef3395748f788bd,-63,,0,0,,0
13:33:32,,0,cab6819d5adc4b6ad9fc9b4390e515dfd7fee286c27d227afef3395748f788bd,-64,,0,0,,0
13:33:33,,0,862659e939ee761da54abee5ce94e4f7cbca48d6afb5349dc23e80b925568134,-85,,0,0,,0
13:33:34,,0,cab6819d5adc4b6ad9fc9b4390e515dfd7fee286c27d227afef3395748f788bd,-65,,0,0,,0
13:33:34,,0,cab6819d5adc4b6ad9fc9b4390e515dfd7fee286c27d227afef3395748f788bd,-63,,0,0,,0
13:33:35,,0,cab6819d5adc4b6ad9fc9b4390e515dfd7fee286c27d227afef3395748f788bd,-62,,0,0,,0
13:33:36,,0,cab6819d5adc4b6ad9fc9b4390e515dfd7fee286c27d227afef3395748f788bd,-62,,0,0,,0
13:33:37,,0,cab6819d5adc4b6ad9fc9b4390e515dfd7fee286c27d227afef3395748f788bd,-63,,0,0,,0
13:33:37,,0,cab6819d5adc4b6ad9fc9b4390e515dfd7fee286c27d227afef3395748f788bd,-65,,0,0,,0
13:33:38,,0,cab6819d5adc4b6ad9fc9b4390e515dfd7fee286c27d227afef3395748f788bd,-64,,0,0,,0
13:33:39,,0,cab6819d5adc4b6ad9fc9b4390e515dfd7fee286c27d227afef3395748f788bd,-62,,0,0,,0
13:33:40,,0,cab6819d5adc4b6ad9fc9b4390e515dfd7fee286c27d227afef3395748f788bd,-65,,0,0,,0
13:33:41,,0,cab6819d5adc4b6ad9fc9b4390e515dfd7fee286c27d227afef3395748f788bd,-62,,0,0,,0
13:33:41,,0,cab6819d5adc4b6ad9fc9b4390e515dfd7fee286c27d227afef3395748f788bd,-62,,0,0,,0
13:33:42,,0,cab6819d5adc4b6ad9fc9b4390e515dfd7fee286c27d227afef3395748f788bd,-63,,0,0,,0
13:33:43,,0,cab6819d5adc4b6ad9fc9b4390e515dfd7fee286c27d227afef3395748f788bd,-65,,0,0,,0
13:33:44,,0,b8ba31a6ff40571163539236384c976b4ce40a9deba2ffe24c97bf0bfee3c827,-31,,0,0,,0
13:33:45,,0,cab6819d5adc4b6ad9fc9b4390e515dfd7fee286c27d227afef3395748f788bd,-65,,0,0,,0
13:33:45,,0,cab6819d5adc4b6ad9fc9b4390e515dfd7fee286c27d227afef3395748f788bd,-64,,0,0,,0
13:33:46,,0,cab6819d5adc4b6ad9fc9b4390e515dfd7fee286c27d227afef3395748f788bd,-64,,0,0,,0
13:33:47,,0,862659e939ee761da54abee5ce94e4f7cbca48d6afb5349dc23e80b925568134,-94,,0,0,,0
13:33:48,,0,b8ba31a6ff40571163539236384c976b4ce40a9deba2ffe24c97bf0bfee3c827,-34,,0,0,,0
13:33:48,,0,cab6819d5adc4b6ad9fc9b4390e515dfd7fee286c27d227afef3395748f788bd,-64,,0,0,,0
13:33:49,,0,cab6819d5adc4b6ad9fc9b4390e515dfd7fee286c27d227afef3395748f788bd,-63,,0,0,,0
13:33:50,,0,862659e939ee761da54abee5ce94e4f7cbca48d6afb5349dc23e80b925568134,-85,,0,0,,0
13:33:51,,0,862659e939ee761da54abee5ce94e4f7cbca48d6afb5349dc23e80b925568134,-93,,0,0,,0
13:33:52,,0,7b053d6ed1ff83e0e3e04422e23ddc1773d154808c36e48b2f2a63553432215f,-56,,0,0,,0
13:33:52,,0,cab6819d5adc4b6ad9fc9b4390e515dfd7fee286c27d227afef3395748f788bd,-64,,0,0,,0
13:33:53,,0,cab6819d5adc4b6ad9fc9b4390e515dfd7fee286c27d227afef3395748f788bd,-63,,0,0,,0
13:33:54,26.0,0,fdcd91ea17886c435ab7b0aac22d5528b32c2ca1d9923644a74f333147c3b0d4,-87,,0,0,12.0,0
13:33:55,,0,cab6819d5adc4b6ad9fc9b4390e515dfd7fee286c27d227afef3395748f788bd,-61,,0,0,,0
13:33:55,,0,cab6819d5adc4b6ad9fc9b4390e515dfd7fee286c27d227afef3395748f788bd,-65,,0,0,,0
13:33:56,,0,cab6819d5adc4b6ad9fc9b4390e515dfd7fee286c27d227afef3395748f788bd,-63,,0,0,,0
13:33:57,,0,cab6819d5adc4b6ad9fc9b4390e515dfd7fee286c27d227afef3395748f788bd,-64,,0,0,,0
13:33:58,,0,b8ba31a6ff40571163539236384c976b4ce40a9deba2ffe24c97bf0bfee3c827,-31,,0,0,,0
13:33:59,,0,cab6819d5adc4b6ad9fc9b4390e515dfd7fee286c27d227afef3395748f788bd,-64,,0,0,,0
13:33:59,,0,cab6819d5adc4b6ad9fc9b4390e515dfd7fee286c27d227afef3395748f788bd,-63,,0,0,,0
13:34:00,,0,cab6819d5adc4b6ad9fc9b4390e515dfd7fee286c27d227afef3395748f788bd,-64,,0,0,,0
13:34:01,,0,cab6819d5adc4b6ad9fc9b4390e515dfd7fee286c27d227afef3395748f788bd,-62,,0,0,,0
13:34:02,,0,b8ba31a6ff40571163539236384c976b4ce40a9deba2ffe24c97bf0bfee3c827,-32,,0,0,,0
13:34:03,,0,cab6819d5adc4b6ad9fc9b4390e515dfd7fee286c27d227afef3395748f788bd,-62,,0,0,,0
13:34:03,,0,cab6819d5adc4b6ad9fc9b4390e515dfd7fee286c27d227afef3395748f788bd,-64,,0,0,,0
13:34:04,,0,cab6819d5adc4b6ad9fc9b4390e515dfd7fee286c27d227afef3395748f788bd,-64,,0,0,,0
13:34:05,,0,862659e939ee761da54abee5ce94e4f7cbca48d6afb5349dc23e80b925568134,-86,,0,0,,0
13:34:06,,0,7b053d6ed1ff83e0e3e04422e23ddc1773d154808c36e48b2f2a63553432215f,-57,,0,0,,0
13:34:06,,0,862659e939ee761da54abee5ce94e4f7cbca48d6afb5349dc23e80b925568134,-86,,0,0,,0
13:34:07,,0,cab6819d5adc4b6ad9fc9b4390e515dfd7fee286c27d227afef3395748f788bd,-64,,0,0,,0
13:34:08,,0,cab6819d5adc4b6ad9fc9b4390e515dfd7fee286c27d227afef3395748f788bd,-65,,0,0,,0
13:34:09,,0,862659e939ee761da54abee5ce94e4f7cbca48d6afb5349dc23e80b925568134,-97,,0,0,,0
13:34:10,,0,7b053d6ed1ff83e0e3e04422e23ddc1773d154808c36e48b2f2a63553432215f,-61,,0,0,,0
13:34:10,,0,cab6819d5adc4b6ad9fc9b4390e515dfd7fee286c27d227afef3395748f788bd,-65,,0,0,,0
13:34:11,,0,cab6819d5adc4b6ad9fc9b4390e515dfd7fee286c27d227afef3395748f788bd,-63,,0,0,,0
13:34:12,,0,cab6819d5adc4b6ad9fc9b4390e515dfd7fee286c27d227afef3395748f788bd,-65,,0,0,,0
13:34:13,,0,cab6819d5adc4b6ad9fc9b4390e515dfd7fee286c27d227afef3395748f788bd,-63,,0,0,,0
13:34:14,,0,cab6819d5adc4b6ad9fc9b4390e515dfd7fee286c27d227afef3395748f788bd,-65,,0,0,,0
13:34:14,,0,cab6819d5adc4b6ad9fc9b4390e515dfd7fee286c27d227afef3395748f788bd,-64,,0,0,,0
13:34:15,,0,cab6819d5adc4b6ad9fc9b4390e515dfd7fee286c27d227afef3395748f788bd,-64,,0,0,,0
13:34:16,,0,b8ba31a6ff40571163539236384c976b4ce40a9deba2ffe24c97bf0bfee3c827,-31,,0,0,,0
13:34:17,26.0,0,fdcd91ea17886c435ab7b0aac22d5528b32c2ca1d9923644a74f333147c3b0d4,-92,,0,0,12.0,0
13:34:17,,0,862659e939ee761da54abee5ce94e4f7cbca48d6afb5349dc23e80b925568134,-90,,0,0,,0
13:34:18,,0,cab6819d5adc4b6ad9fc9b4390e515dfd7fee286c27d227afef3395748f788bd,-64,,0,0,,0
13:34:19,,0,cab6819d5adc4b6ad9fc9b4390e515dfd7fee286c27d227afef3395748f788bd,-64,,0,0,,0
13:34:20,,0,b8ba31a6ff40571163539236384c976b4ce40a9deba2ffe24c97bf0bfee3c827,-31,,0,0,,0
13:34:21,,0,cab6819d5adc4b6ad9fc9b4390e515dfd7fee286c27d227afef3395748f788bd,-65,,0,0,,0
13:34:21,,0,cab6819d5adc4b6ad9fc9b4390e515dfd7fee286c27d227afef3395748f788bd,-66,,0,0,,0
13:34:22,,0,cab6819d5adc4b6ad9fc9b4390e515dfd7fee286c27d227afef3395748f788bd,-64,,0,0,,0
13:34:23,,0,cab6819d5adc4b6ad9fc9b4390e515dfd7fee286c27d227afef3395748f788bd,-63,,0,0,,0
13:34:24,,0,7b053d6ed1ff83e0e3e04422e23ddc1773d154808c36e48b2f2a63553432215f,-58,,0,0,,0
13:34:24,,0,cab6819d5adc4b6ad9fc9b4390e515dfd7fee286c27d227afef3395748f788bd,-66,,0,0,,0
13:34:25,,0,cab6819d5adc4b6ad9fc9b4390e515dfd7fee286c27d227afef3395748f788bd,-65,,0,0,,0
13:34:26,,0,cab6819d5adc4b6ad9fc9b4390e515dfd7fee286c27d227afef3395748f788bd,-62,,0,0,,0
13:34:27,26.0,0,fdcd91ea17886c435ab7b0aac22d5528b32c2ca1d9923644a74f333147c3b0d4,-89,,0,0,12.0,0
13:34:28,,0,862659e939ee761da54abee5ce94e4f7cbca48d6afb5349dc23e80b925568134,-91,,0,0,,0
13:34:28,,0,cab6819d5adc4b6ad9fc9b4390e515dfd7fee286c27d227afef3395748f788bd,-66,,0,0,,0
13:34:29,,0,cab6819d5adc4b6ad9fc9b4390e515dfd7fee286c27d227afef3395748f788bd,-63,,0,0,,0
13:34:30,,0,b8ba31a6ff40571163539236384c976b4ce40a9deba2ffe24c97bf0bfee3c827,-34,,0,0,,0
13:34:31,,0,cab6819d5adc4b6ad9fc9b4390e515dfd7fee286c27d227afef3395748f788bd,-66,,0,0,,0
13:34:31,,0,862659e939ee761da54abee5ce94e4f7cbca48d6afb5349dc23e80b925568134,-93,,0,0,,0
13:34:32,26.0,0,fda4a5916fc65c250c60e65bc4acf06e1c737fe9a1245c2ef3519edf5d439c5b,-90,,0,0,7.0,0
13:34:33,,0,862659e939ee761da54abee5ce94e4f7cbca48d6afb5349dc23e80b925568134,-93,,0,0,,0
13:34:34,,0,cab6819d5adc4b6ad9fc9b4390e515dfd7fee286c27d227afef3395748f788bd,-64,,0,0,,0
13:34:35,,0,cab6819d5adc4b6ad9fc9b4390e515dfd7fee286c27d227afef3395748f788bd,-64,,0,0,,0
13:34:35,,0,7b053d6ed1ff83e0e3e04422e23ddc1773d154808c36e48b2f2a63553432215f,-57,,0,0,,0
13:34:36,,0,cab6819d5adc4b6ad9fc9b4390e515dfd7fee286c27d227afef3395748f788bd,-65,,0,0,,0
13:34:37,,0,cab6819d5adc4b6ad9fc9b4390e515dfd7fee286c27d227afef3395748f788bd,-64,,0,0,,0
13:34:38,,0,cab6819d5adc4b6ad9fc9b4390e515dfd7fee286c27d227afef3395748f788bd,-64,,0,0,,0
13:34:39,,0,cab6819d5adc4b6ad9fc9b4390e515dfd7fee286c27d227afef3395748f788bd,-68,,0,0,,0
13:34:39,,0,cab6819d5adc4b6ad9fc9b4390e515dfd7fee286c27d227afef3395748f788bd,-68,,0,0,,0
13:34:40,,0,cab6819d5adc4b6ad9fc9b4390e515dfd7fee286c27d227afef3395748f788bd,-65,,0,0,,0
13:34:41,,0,cab6819d5adc4b6ad9fc9b4390e515dfd7fee286c27d227afef3395748f788bd,-65,,0,0,,0
13:34:42,,0,7b053d6ed1ff83e0e3e04422e23ddc1773d154808c36e48b2f2a63553432215f,-56,,0,0,,0
13:34:42,,0,cab6819d5adc4b6ad9fc9b4390e515dfd7fee286c27d227afef3395748f788bd,-68,,0,0,,0
13:34:43,,0,cab6819d5adc4b6ad9fc9b4390e515dfd7fee286c27d227afef3395748f788bd,-64,,0,0,,0
13:34:44,,0,cab6819d5adc4b6ad9fc9b4390e515dfd7fee286c27d227afef3395748f788bd,-66,,0,0,,0
13:34:45,,0,cab6819d5adc4b6ad9fc9b4390e515dfd7fee286c27d227afef3395748f788bd,-66,,0,0,,0
13:34:46,,0,cab6819d5adc4b6ad9fc9b4390e515dfd7fee286c27d227afef3395748f788bd,-67,,0,0,,0
13:34:46,,0,862659e939ee761da54abee5ce94e4f7cbca48d6afb5349dc23e80b925568134,-92,,0,0,,0
13:34:47,,0,cab6819d5adc4b6ad9fc9b4390e515dfd7fee286c27d227afef3395748f788bd,-66,,0,0,,0
13:34:48,,0,cab6819d5adc4b6ad9fc9b4390e515dfd7fee286c27d227afef3395748f788bd,-66,,0,0,,0
13:34:49,,0,cab6819d5adc4b6ad9fc9b4390e515dfd7fee286c27d227afef3395748f788bd,-66,,0,0,,0
13:34:49,,0,cab6819d5adc4b6ad9fc9b4390e515dfd7fee286c27d227afef3395748f788bd,-69,,0,0,,0
13:34:50,,0,cab6819d5adc4b6ad9fc9b4390e515dfd7fee286c27d227afef3395748f788bd,-68,,0,0,,0
13:34:51,,0,cab6819d5adc4b6ad9fc9b4390e515dfd7fee286c27d227afef3395748f788bd,-66,,0,0,,0
13:34:52,,0,cab6819d5adc4b6ad9fc9b4390e515dfd7fee286c27d227afef3395748f788bd,-68,,0,0,,0
13:34:53,26.0,0,fdcd91ea17886c435ab7b0aac22d5528b32c2ca1d9923644a74f333147c3b0d4,-91,,0,0,12.0,0
13:34:53,,0,cab6819d5adc4b6ad9fc9b4390e515dfd7fee286c27d227afef3395748f788bd,-68,,0,0,,0
13:34:54,,0,862659e939ee761da54abee5ce94e4f7cbca48d6afb5349dc23e80b925568134,-86,,0,0,,0
13:34:55,,0,862659e939ee761da54abee5ce94e4f7cbca48d6afb5349dc23e80b925568134,-90,,0,0,,0
13:34:56,,0,7b053d6ed1ff83e0e3e04422e23ddc1773d154808c36e48b2f2a63553432215f,-57,,0,0,,0
13:34:56,,0,862659e939ee761da54abee5ce94e4f7cbca48d6afb5349dc23e80b925568134,-91,,0,0,,0
13:34:57,,0,cab6819d5adc4b6ad9fc9b4390e515dfd7fee286c27d227afef3395748f788bd,-67,,0,0,,0
13:34:58,,0,862659e939ee761da54abee5ce94e4f7cbca48d6afb5349dc23e80b925568134,-91,,0,0,,0
13:34:59,,0,cab6819d5adc4b6ad9fc9b4390e515dfd7fee286c27d227afef3395748f788bd,-65,,0,0,,0
13:35:00,,0,cab6819d5adc4b6ad9fc9b4390e515dfd7fee286c27d227afef3395748f788bd,-66,,0,0,,0
13:35:00,,0,cab6819d5adc4b6ad9fc9b4390e515dfd7fee286c27d227afef3395748f788bd,-69,,0,0,,0
13:35:01,26.0,0,fdcd91ea17886c435ab7b0aac22d5528b32c2ca1d9923644a74f333147c3b0d4,-88,,0,0,12.0,0
13:35:02,,0,cab6819d5adc4b6ad9fc9b4390e515dfd7fee286c27d227afef3395748f788bd,-66,,0,0,,0
13:35:03,26.0,0,fdcd91ea17886c435ab7b0aac22d5528b32c2ca1d9923644a74f333147c3b0d4,-92,,0,0,12.0,0
13:35:04,,0,7b053d6ed1ff83e0e3e04422e23ddc1773d154808c36e48b2f2a63553432215f,-57,,0,0,,0
13:35:04,,0,cab6819d5adc4b6ad9fc9b4390e515dfd7fee286c27d227afef3395748f788bd,-70,,0,0,,0
13:35:05,,0,cab6819d5adc4b6ad9fc9b4390e515dfd7fee286c27d227afef3395748f788bd,-69,,0,0,,0
13:35:06,,0,b8ba31a6ff40571163539236384c976b4ce40a9deba2ffe24c97bf0bfee3c827,-32,,0,0,,0
13:35:07,,0,cab6819d5adc4b6ad9fc9b4390e515dfd7fee286c27d227afef3395748f788bd,-65,,0,0,,0
13:35:07,,0,cab6819d5adc4b6ad9fc9b4390e515dfd7fee286c27d227afef3395748f788bd,-68,,0,0,,0
13:35:08,,0,cab6819d5adc4b6ad9fc9b4390e515dfd7fee286c27d227afef3395748f788bd,-69,,0,0,,0
13:35:09,,0,cab6819d5adc4b6ad9fc9b4390e515dfd7fee286c27d227afef3395748f788bd,-67,,0,0,,0
13:35:10,,0,cab6819d5adc4b6ad9fc9b4390e515dfd7fee286c27d227afef3395748f788bd,-67,,0,0,,0
13:35:11,,0,cab6819d5adc4b6ad9fc9b4390e515dfd7fee286c27d227afef3395748f788bd,-67,,0,0,,0
13:35:11,,0,cab6819d5adc4b6ad9fc9b4390e515dfd7fee286c27d227afef3395748f788bd,-70,,0,0,,0
13:35:12,,0,cab6819d5adc4b6ad9fc9b4390e515dfd7fee286c27d227afef3395748f788bd,-68,,0,0,,0
13:35:13,26.0,0,fdcd91ea17886c435ab7b0aac22d5528b32c2ca1d9923644a74f333147c3b0d4,-87,,0,0,12.0,0
13:35:14,,0,a8d15d2ce25d4fc0570f3cd2b8abca7c641b3f175983cb87b55a802509f49011,-88,,0,0,,0
13:35:14,,0,cab6819d5adc4b6ad9fc9b4390e515dfd7fee286c27d227afef3395748f788bd,-70,,0,0,,0
13:35:15,,0,cab6819d5adc4b6ad9fc9b4390e515dfd7fee286c27d227afef3395748f788bd,-69,,0,0,,0
13:35:16,,0,cab6819d5adc4b6ad9fc9b4390e515dfd7fee286c27d227afef3395748f788bd,-70,,0,0,,0
13:35:17,,0,cab6819d5adc4b6ad9fc9b4390e515dfd7fee286c27d227afef3395748f788bd,-66,,0,0,,0
13:35:18,,0,cab6819d5adc4b6ad9fc9b4390e515dfd7fee286c27d227afef3395748f788bd,-66,,0,0,,0
13:35:18,,0,cab6819d5adc4b6ad9fc9b4390e515dfd7fee286c27d227afef3395748f788bd,-69,,0,0,,0
13:35:19,,0,cab6819d5adc4b6ad9fc9b4390e515dfd7fee286c27d227afef3395748f788bd,-66,,0,0,,0
13:35:20,,0,b8ba31a6ff40571163539236384c976b4ce40a9deba2ffe24c97bf0bfee3c827,-30,,0,0,,0
13:35:21,,0,cab6819d5adc4b6ad9fc9b4390e515dfd7fee286c27d227afef3395748f788bd,-66,,0,0,,0
13:35:21,,0,cab6819d5adc4b6ad9fc9b4390e515dfd7fee286c27d227afef3395748f788bd,-68,,0,0,,0
13:35:22,,0,cab6819d5adc4b6ad9fc9b4390e515dfd7fee286c27d227afef3395748f788bd,-69,,0,0,,0
13:35:23,,0,862659e939ee761da54abee5ce94e4f7cbca48d6afb5349dc23e80b925568134,-85,,0,0,,0
13:35:24,,0,b8ba31a6ff40571163539236384c976b4ce40a9deba2ffe24c97bf0bfee3c827,-32,,0,0,,0
13:35:25,26.0,0,fdcd91ea17886c435ab7b0aac22d5528b32c2ca1d9923644a74f333147c3b0d4,-86,,0,0,12.0,0
13:35:25,,0,cab6819d5adc4b6ad9fc9b4390e515dfd7fee286c27d227afef3395748f788bd,-67,,0,0,,0
13:35:26,,0,862659e939ee761da54abee5ce94e4f7cbca48d6afb5349dc23e80b925568134,-87,,0,0,,0
13:35:27,,0,cab6819d5adc4b6ad9fc9b4390e515dfd7fee286c27d227afef3395748f788bd,-70,,0,0,,0
13:35:28,,0,7b053d6ed1ff83e0e3e04422e23ddc1773d154808c36e48b2f2a63553432215f,-61,,0,0,,0
13:35:29,,0,cab6819d5adc4b6ad9fc9b4390e515dfd7fee286c27d227afef3395748f788bd,-68,,0,0,,0
13:35:29,,0,cab6819d5adc4b6ad9fc9b4390e515dfd7fee286c27d227afef3395748f788bd,-67,,0,0,,0
13:35:30,,0,cab6819d5adc4b6ad9fc9b4390e515dfd7fee286c27d227afef3395748f788bd,-66,,0,0,,0
13:35:31,,0,cab6819d5adc4b6ad9fc9b4390e515dfd7fee286c27d227afef3395748f788bd,-69,,0,0,,0
13:35:32,,0,cab6819d5adc4b6ad9fc9b4390e515dfd7fee286c27d227afef3395748f788bd,-66,,0,0,,0
13:35:32,,0,cab6819d5adc4b6ad9fc9b4390e515dfd7fee286c27d227afef3395748f788bd,-68,,0,0,,0
13:35:33,,0,cab6819d5adc4b6ad9fc9b4390e515dfd7fee286c27d227afef3395748f788bd,-69,,0,0,,0
13:35:34,,0,cab6819d5adc4b6ad9fc9b4390e515dfd7fee286c27d227afef3395748f788bd,-65,,0,0,,0
13:35:35,,0,cab6819d5adc4b6ad9fc9b4390e515dfd7fee286c27d227afef3395748f788bd,-69,,0,0,,0
13:35:36,,0,cab6819d5adc4b6ad9fc9b4390e515dfd7fee286c27d227afef3395748f788bd,-70,,0,0,,0
13:35:36,,0,cab6819d5adc4b6ad9fc9b4390e515dfd7fee286c27d227afef3395748f788bd,-65,,0,0,,0
13:35:37,,0,cab6819d5adc4b6ad9fc9b4390e515dfd7fee286c27d227afef3395748f788bd,-67,,0,0,,0
13:35:38,,0,cab6819d5adc4b6ad9fc9b4390e515dfd7fee286c27d227afef3395748f788bd,-66,,0,0,,0
13:35:39,,0,cab6819d5adc4b6ad9fc9b4390e515dfd7fee286c27d227afef3395748f788bd,-66,,0,0,,0
13:35:39,,0,cab6819d5adc4b6ad9fc9b4390e515dfd7fee286c27d227afef3395748f788bd,-67,,0,0,,0
13:35:40,,0,862659e939ee761da54abee5ce94e4f7cbca48d6afb5349dc23e80b925568134,-92,,0,0,,0
13:35:41,,0,cab6819d5adc4b6ad9fc9b4390e515dfd7fee286c27d227afef3395748f788bd,-67,,0,0,,0
13:35:42,26.0,0,fdcd91ea17886c435ab7b0aac22d5528b32c2ca1d9923644a74f333147c3b0d4,-86,,0,0,12.0,0
13:35:43,,0,cab6819d5adc4b6ad9fc9b4390e515dfd7fee286c27d227afef3395748f788bd,-70,,0,0,,0
13:35:43,,0,cab6819d5adc4b6ad9fc9b4390e515dfd7fee286c27d227afef3395748f788bd,-65,,0,0,,0
13:35:44,,0,cab6819d5adc4b6ad9fc9b4390e515dfd7fee286c27d227afef3395748f788bd,-66,,0,0,,0
13:35:45,,0,cab6819d5adc4b6ad9fc9b4390e515dfd7fee286c27d227afef3395748f788bd,-66,,0,0,,0
13:35:46,,0,7b053d6ed1ff83e0e3e04422e23ddc1773d154808c36e48b2f2a63553432215f,-57,,0,0,,0
13:35:46,26.0,0,fda4a5916fc65c250c60e65bc4acf06e1c737fe9a1245c2ef3519edf5d439c5b,-89,,0,0,,0
13:35:47,26.0,0,fda4a5916fc65c250c60e65bc4acf06e1c737fe9a1245c2ef3519edf5d439c5b,-87,,0,0,,0
13:35:48,,0,cab6819d5adc4b6ad9fc9b4390e515dfd7fee286c27d227afef3395748f788bd,-66,,0,0,,0
13:35:49,,0,cab6819d5adc4b6ad9fc9b4390e515dfd7fee286c27d227afef3395748f788bd,-66,,0,0,,0
13:35:50,,0,cab6819d5adc4b6ad9fc9b4390e515dfd7fee286c27d227afef3395748f788bd,-67,,0,0,,0
13:35:50,,0,cab6819d5adc4b6ad9fc9b4390e515dfd7fee286c27d227afef3395748f788bd,-66,,0,0,,0
13:35:51,,0,cab6819d5adc4b6ad9fc9b4390e515dfd7fee286c27d227afef3395748f788bd,-65,,0,0,,0
13:35:52,,0,cab6819d5adc4b6ad9fc9b4390e515dfd7fee286c27d227afef3395748f788bd,-66,,0,0,,0
13:35:53,,0,cab6819d5adc4b6ad9fc9b4390e515dfd7fee286c27d227afef3395748f788bd,-67,,0,0,,0
13:35:54,,0,cab6819d5adc4b6ad9fc9b4390e515dfd7fee286c27d227afef3395748f788bd,-67,,0,0,,0
13:35:54,,0,cab6819d5adc4b6ad9fc9b4390e515dfd7fee286c27d227afef3395748f788bd,-67,,0,0,,0
13:35:55,,0,cab6819d5adc4b6ad9fc9b4390e515dfd7fee286c27d227afef3395748f788bd,-70,,0,0,,0
13:35:56,,0,cab6819d5adc4b6ad9fc9b4390e515dfd7fee286c27d227afef3395748f788bd,-68,,0,0,,0
13:35:57,,0,cab6819d5adc4b6ad9fc9b4390e515dfd7fee286c27d227afef3395748f788bd,-71,,0,0,,0
13:35:57,,0,7b053d6ed1ff83e0e3e04422e23ddc1773d154808c36e48b2f2a63553432215f,-57,,0,0,,0
13:35:58,,0,cab6819d5adc4b6ad9fc9b4390e515dfd7fee286c27d227afef3395748f788bd,-66,,0,0,,0
13:35:59,,0,cab6819d5adc4b6ad9fc9b4390e515dfd7fee286c27d227afef3395748f788bd,-70,,0,0,,0
13:36:00,,0,a8d15d2ce25d4fc0570f3cd2b8abca7c641b3f175983cb87b55a802509f49011,-88,,0,0,,0
13:36:01,,0,cab6819d5adc4b6ad9fc9b4390e515dfd7fee286c27d227afef3395748f788bd,-70,,0,0,,0
13:36:01,,0,cab6819d5adc4b6ad9fc9b4390e515dfd7fee286c27d227afef3395748f788bd,-67,,0,0,,0
13:36:02,,0,cab6819d5adc4b6ad9fc9b4390e515dfd7fee286c27d227afef3395748f788bd,-67,,0,0,,0
13:36:03,,0,cab6819d5adc4b6ad9fc9b4390e515dfd7fee286c27d227afef3395748f788bd,-70,,0,0,,0
13:36:04,,0,862659e939ee761da54abee5ce94e4f7cbca48d6afb5349dc23e80b925568134,-87,,0,0,,0
13:36:04,,0,cab6819d5adc4b6ad9fc9b4390e515dfd7fee286c27d227afef3395748f788bd,-66,,0,0,,0
13:36:05,,0,862659e939ee761da54abee5ce94e4f7cbca48d6afb5349dc23e80b925568134,-87,,0,0,,0
13:36:06,,0,cab6819d5adc4b6ad9fc9b4390e515dfd7fee286c27d227afef3395748f788bd,-70,,0,0,,0
13:36:07,,0,cab6819d5adc4b6ad9fc9b4390e515dfd7fee286c27d227afef3395748f788bd,-71,,0,0,,0
13:36:08,,0,cab6819d5adc4b6ad9fc9b4390e515dfd7fee286c27d227afef3395748f788bd,-70,,0,0,,0
13:36:08,,0,862659e939ee761da54abee5ce94e4f7cbca48d6afb5349dc23e80b925568134,-86,,0,0,,0
13:36:09,,0,cab6819d5adc4b6ad9fc9b4390e515dfd7fee286c27d227afef3395748f788bd,-66,,0,0,,0
13:36:10,,0,b8ba31a6ff40571163539236384c976b4ce40a9deba2ffe24c97bf0bfee3c827,-32,,0,0,,0
13:36:11,,0,cab6819d5adc4b6ad9fc9b4390e515dfd7fee286c27d227afef3395748f788bd,-70,,0,0,,0
13:36:12,,0,cab6819d5adc4b6ad9fc9b4390e515dfd7fee286c27d227afef3395748f788bd,-70,,0,0,,0
13:36:12,,0,cab6819d5adc4b6ad9fc9b4390e515dfd7fee286c27d227afef3395748f788bd,-67,,0,0,,0
13:36:13,,0,cab6819d5adc4b6ad9fc9b4390e515dfd7fee286c27d227afef3395748f788bd,-68,,0,0,,0
13:36:14,,0,cab6819d5adc4b6ad9fc9b4390e515dfd7fee286c27d227afef3395748f788bd,-66,,0,0,,0
13:36:15,,0,cab6819d5adc4b6ad9fc9b4390e515dfd7fee286c27d227afef3395748f788bd,-70,,0,0,,0
13:36:15,,0,cab6819d5adc4b6ad9fc9b4390e515dfd7fee286c27d227afef3395748f788bd,-67,,0,0,,0
13:36:16,,0,cab6819d5adc4b6ad9fc9b4390e515dfd7fee286c27d227afef3395748f788bd,-67,,0,0,,0
13:36:17,,0,cab6819d5adc4b6ad9fc9b4390e515dfd7fee286c27d227afef3395748f788bd,-66,,0,0,,0
13:36:18,,0,cab6819d5adc4b6ad9fc9b4390e515dfd7fee286c27d227afef3395748f788bd,-67,,0,0,,0
13:36:19,,0,cab6819d5adc4b6ad9fc9b4390e515dfd7fee286c27d227afef3395748f788bd,-65,,0,0,,0
13:36:19,,0,cab6819d5adc4b6ad9fc9b4390e515dfd7fee286c27d227afef3395748f788bd,-67,,0,0,,0
13:36:20,,0,cab6819d5adc4b6ad9fc9b4390e515dfd7fee286c27d227afef3395748f788bd,-67,,0,0,,0
13:36:21,,0,cab6819d5adc4b6ad9fc9b4390e515dfd7fee286c27d227afef3395748f788bd,-67,,0,0,,0
13:36:22,,0,cab6819d5adc4b6ad9fc9b4390e515dfd7fee286c27d227afef3395748f788bd,-66,,0,0,,0
13:36:22,,0,cab6819d5adc4b6ad9fc9b4390e515dfd7fee286c27d227afef3395748f788bd,-71,,0,0,,0
13:36:23,,0,cab6819d5adc4b6ad9fc9b4390e515dfd7fee286c27d227afef3395748f788bd,-66,,0,0,,0
13:36:24,,0,cab6819d5adc4b6ad9fc9b4390e515dfd7fee286c27d227afef3395748f788bd,-67,,0,0,,0
13:36:25,,0,cab6819d5adc4b6ad9fc9b4390e515dfd7fee286c27d227afef3395748f788bd,-69,,0,0,,0
13:36:26,,0,cab6819d5adc4b6ad9fc9b4390e515dfd7fee286c27d227afef3395748f788bd,-65,,0,0,,0
13:36:26,,0,cab6819d5adc4b6ad9fc9b4390e515dfd7fee286c27d227afef3395748f788bd,-70,,0,0,,0
13:36:27,,0,cab6819d5adc4b6ad9fc9b4390e515dfd7fee286c27d227afef3395748f788bd,-66,,0,0,,0
13:36:28,,0,cab6819d5adc4b6ad9fc9b4390e515dfd7fee286c27d227afef3395748f788bd,-66,,0,0,,0
13:36:29,,0,cab6819d5adc4b6ad9fc9b4390e515dfd7fee286c27d227afef3395748f788bd,-67,,0,0,,0
13:36:30,,0,cab6819d5adc4b6ad9fc9b4390e515dfd7fee286c27d227afef3395748f788bd,-66,,0,0,,0
13:36:30,,0,cab6819d5adc4b6ad9fc9b4390e515dfd7fee286c27d227afef3395748f788bd,-67,,0,0,,0
13:36:31,,0,cab6819d5adc4b6ad9fc9b4390e515dfd7fee286c27d227afef3395748f788bd,-66,,0,0,,0
13:36:32,,0,cab6819d5adc4b6ad9fc9b4390e515dfd7fee286c27d227afef3395748f788bd,-66,,0,0,,0
13:36:33,,0,cab6819d5adc4b6ad9fc9b4390e515dfd7fee286c27d227afef3395748f788bd,-67,,0,0,,0
13:36:33,,0,cab6819d5adc4b6ad9fc9b4390e515dfd7fee286c27d227afef3395748f788bd,-67,,0,0,,0
13:36:34,,0,cab6819d5adc4b6ad9fc9b4390e515dfd7fee286c27d227afef3395748f788bd,-67,,0,0,,0
13:36:35,,0,cab6819d5adc4b6ad9fc9b4390e515dfd7fee286c27d227afef3395748f788bd,-67,,0,0,,0
13:36:36,,0,862659e939ee761da54abee5ce94e4f7cbca48d6afb5349dc23e80b925568134,-88,,0,0,,0
13:36:37,26.0,0,fdcd91ea17886c435ab7b0aac22d5528b32c2ca1d9923644a74f333147c3b0d4,-88,,0,0,12.0,0
13:36:37,,0,cab6819d5adc4b6ad9fc9b4390e515dfd7fee286c27d227afef3395748f788bd,-70,,0,0,,0
13:36:38,,0,cab6819d5adc4b6ad9fc9b4390e515dfd7fee286c27d227afef3395748f788bd,-70,,0,0,,0
13:36:39,,0,cab6819d5adc4b6ad9fc9b4390e515dfd7fee286c27d227afef3395748f788bd,-69,,0,0,,0
13:36:40,,0,cab6819d5adc4b6ad9fc9b4390e515dfd7fee286c27d227afef3395748f788bd,-68,,0,0,,0
13:36:40,,0,cab6819d5adc4b6ad9fc9b4390e515dfd7fee286c27d227afef3395748f788bd,-66,,0,0,,0
13:36:41,,0,cab6819d5adc4b6ad9fc9b4390e515dfd7fee286c27d227afef3395748f788bd,-66,,0,0,,0
13:36:42,26.0,0,fda4a5916fc65c250c60e65bc4acf06e1c737fe9a1245c2ef3519edf5d439c5b,-93,,0,0,7.0,0
13:36:43,,0,cab6819d5adc4b6ad9fc9b4390e515dfd7fee286c27d227afef3395748f788bd,-67,,0,0,,0
13:36:44,,0,cab6819d5adc4b6ad9fc9b4390e515dfd7fee286c27d227afef3395748f788bd,-66,,0,0,,0
13:36:44,,0,862659e939ee761da54abee5ce94e4f7cbca48d6afb5349dc23e80b925568134,-89,,0,0,,0
13:36:45,,0,cab6819d5adc4b6ad9fc9b4390e515dfd7fee286c27d227afef3395748f788bd,-66,,0,0,,0
13:36:46,,0,cab6819d5adc4b6ad9fc9b4390e515dfd7fee286c27d227afef3395748f788bd,-67,,0,0,,0
13:36:47,,0,862659e939ee761da54abee5ce94e4f7cbca48d6afb5349dc23e80b925568134,-89,,0,0,,0
13:36:48,,0,862659e939ee761da54abee5ce94e4f7cbca48d6afb5349dc23e80b925568134,-88,,0,0,,0
13:36:48,,0,cab6819d5adc4b6ad9fc9b4390e515dfd7fee286c27d227afef3395748f788bd,-70,,0,0,,0
13:36:49,,0,cab6819d5adc4b6ad9fc9b4390e515dfd7fee286c27d227afef3395748f788bd,-67,,0,0,,0
13:36:50,,0,cab6819d5adc4b6ad9fc9b4390e515dfd7fee286c27d227afef3395748f788bd,-67,,0,0,,0
13:36:51,,0,cab6819d5adc4b6ad9fc9b4390e515dfd7fee286c27d227afef3395748f788bd,-67,,0,0,,0
13:36:51,,0,cab6819d5adc4b6ad9fc9b4390e515dfd7fee286c27d227afef3395748f788bd,-70,,0,0,,0
13:36:52,,0,cab6819d5adc4b6ad9fc9b4390e515dfd7fee286c27d227afef3395748f788bd,-67,,0,0,,0
13:36:53,,0,cab6819d5adc4b6ad9fc9b4390e515dfd7fee286c27d227afef3395748f788bd,-66,,0,0,,0
13:36:54,,0,cab6819d5adc4b6ad9fc9b4390e515dfd7fee286c27d227afef3395748f788bd,-65,,0,0,,0
13:36:55,,0,cab6819d5adc4b6ad9fc9b4390e515dfd7fee286c27d227afef3395748f788bd,-66,,0,0,,0
13:36:55,,0,cab6819d5adc4b6ad9fc9b4390e515dfd7fee286c27d227afef3395748f788bd,-66,,0,0,,0
13:36:56,,0,cab6819d5adc4b6ad9fc9b4390e515dfd7fee286c27d227afef3395748f788bd,-65,,0,0,,0
13:36:57,,0,cab6819d5adc4b6ad9fc9b4390e515dfd7fee286c27d227afef3395748f788bd,-66,,0,0,,0
13:36:58,,0,cab6819d5adc4b6ad9fc9b4390e515dfd7fee286c27d227afef3395748f788bd,-65,,0,0,,0
13:36:58,,0,862659e939ee761da54abee5ce94e4f7cbca48d6afb5349dc23e80b925568134,-87,,0,0,,0
13:36:59,,0,cab6819d5adc4b6ad9fc9b4390e515dfd7fee286c27d227afef3395748f788bd,-68,,0,0,,0
13:37:00,,0,7b053d6ed1ff83e0e3e04422e23ddc1773d154808c36e48b2f2a63553432215f,-61,,0,0,,0
13:37:01,,0,cab6819d5adc4b6ad9fc9b4390e515dfd7fee286c27d227afef3395748f788bd,-65,,0,0,,0
13:37:02,,0,862659e939ee761da54abee5ce94e4f7cbca48d6afb5349dc23e80b925568134,-90,,0,0,,0
13:37:02,,0,cab6819d5adc4b6ad9fc9b4390e515dfd7fee286c27d227afef3395748f788bd,-70,,0,0,,0
13:37:03,26.0,0,fda4a5916fc65c250c60e65bc4acf06e1c737fe9a1245c2ef3519edf5d439c5b,-93,,0,0,7.0,0
13:37:04,,0,7b053d6ed1ff83e0e3e04422e23ddc1773d154808c36e48b2f2a63553432215f,-56,,0,0,,0
13:37:05,26.0,0,fda4a5916fc65c250c60e65bc4acf06e1c737fe9a1245c2ef3519edf5d439c5b,-89,,0,0,7.0,0
13:37:05,,0,cab6819d5adc4b6ad9fc9b4390e515dfd7fee286c27d227afef3395748f788bd,-68,,0,0,,0
13:37:06,,0,cab6819d5adc4b6ad9fc9b4390e515dfd7fee286c27d227afef3395748f788bd,-69,,0,0,,0
13:37:07,26.0,0,fdcd91ea17886c435ab7b0aac22d5528b32c2ca1d9923644a74f333147c3b0d4,-88,,0,0,12.0,0
13:37:08,,0,a8d15d2ce25d4fc0570f3cd2b8abca7c641b3f175983cb87b55a802509f49011,-96,,0,0,,0
13:37:09,,0,cab6819d5adc4b6ad9fc9b4390e515dfd7fee286c27d227afef3395748f788bd,-66,,0,0,,0
13:37:09,,0,cab6819d5adc4b6ad9fc9b4390e515dfd7fee286c27d227afef3395748f788bd,-65,,0,0,,0
13:37:10,,0,cab6819d5adc4b6ad9fc9b4390e515dfd7fee286c27d227afef3395748f788bd,-64,,0,0,,0
13:37:11,,0,cab6819d5adc4b6ad9fc9b4390e515dfd7fee286c27d227afef3395748f788bd,-63,,0,0,,0
13:37:12,,0,cab6819d5adc4b6ad9fc9b4390e515dfd7fee286c27d227afef3395748f788bd,-66,,0,0,,0
13:37:13,,0,cab6819d5adc4b6ad9fc9b4390e515dfd7fee286c27d227afef3395748f788bd,-67,,0,0,,0
13:37:13,,0,cab6819d5adc4b6ad9fc9b4390e515dfd7fee286c27d227afef3395748f788bd,-69,,0,0,,0
13:37:14,,0,773a249b4dff2287be59476c4e9794ba3213e83de254620608dab6678294f70a,-93,,0,0,,0
13:37:15,,0,cab6819d5adc4b6ad9fc9b4390e515dfd7fee286c27d227afef3395748f788bd,-67,,0,0,,0
13:37:16,,0,cab6819d5adc4b6ad9fc9b4390e515dfd7fee286c27d227afef3395748f788bd,-64,,0,0,,0
13:37:16,,0,cab6819d5adc4b6ad9fc9b4390e515dfd7fee286c27d227afef3395748f788bd,-65,,0,0,,0
13:37:17,26.0,0,fdcd91ea17886c435ab7b0aac22d5528b32c2ca1d9923644a74f333147c3b0d4,-92,,0,0,12.0,0
13:37:18,,0,7b053d6ed1ff83e0e3e04422e23ddc1773d154808c36e48b2f2a63553432215f,-62,,0,0,,0
13:37:19,,0,cab6819d5adc4b6ad9fc9b4390e515dfd7fee286c27d227afef3395748f788bd,-65,,0,0,,0
13:37:20,,0,862659e939ee761da54abee5ce94e4f7cbca48d6afb5349dc23e80b925568134,-87,,0,0,,0
13:37:20,,0,862659e939ee761da54abee5ce94e4f7cbca48d6afb5349dc23e80b925568134,-89,,0,0,,0
13:37:21,,0,cab6819d5adc4b6ad9fc9b4390e515dfd7fee286c27d227afef3395748f788bd,-64,,0,0,,0
13:37:22,,0,cab6819d5adc4b6ad9fc9b4390e515dfd7fee286c27d227afef3395748f788bd,-65,,0,0,,0
13:37:23,,0,cab6819d5adc4b6ad9fc9b4390e515dfd7fee286c27d227afef3395748f788bd,-65,,0,0,,0
13:37:23,,0,cab6819d5adc4b6ad9fc9b4390e515dfd7fee286c27d227afef3395748f788bd,-63,,0,0,,0
13:37:24,,0,773a249b4dff2287be59476c4e9794ba3213e83de254620608dab6678294f70a,-91,,0,0,,0
13:37:25,,0,cab6819d5adc4b6ad9fc9b4390e515dfd7fee286c27d227afef3395748f788bd,-66,,0,0,,0
13:37:26,,0,a8d15d2ce25d4fc0570f3cd2b8abca7c641b3f175983cb87b55a802509f49011,-91,,0,0,,0
13:37:27,,0,cab6819d5adc4b6ad9fc9b4390e515dfd7fee286c27d227afef3395748f788bd,-65,,0,0,,0
13:37:27,,0,cab6819d5adc4b6ad9fc9b4390e515dfd7fee286c27d227afef3395748f788bd,-67,,0,0,,0
13:37:28,,0,862659e939ee761da54abee5ce94e4f7cbca48d6afb5349dc23e80b925568134,-85,,0,0,,0
13:37:29,,0,cab6819d5adc4b6ad9fc9b4390e515dfd7fee286c27d227afef3395748f788bd,-65,,0,0,,0
13:37:30,,0,cab6819d5adc4b6ad9fc9b4390e515dfd7fee286c27d227afef3395748f788bd,-65,,0,0,,0
13:37:31,,0,cab6819d5adc4b6ad9fc9b4390e515dfd7fee286c27d227afef3395748f788bd,-68,,0,0,,0
13:37:31,,0,cab6819d5adc4b6ad9fc9b4390e515dfd7fee286c27d227afef3395748f788bd,-67,,0,0,,0
13:37:32,,0,b8ba31a6ff40571163539236384c976b4ce40a9deba2ffe24c97bf0bfee3c827,-30,,0,0,,0
13:37:33,,0,cab6819d5adc4b6ad9fc9b4390e515dfd7fee286c27d227afef3395748f788bd,-64,,0,0,,0
13:37:34,,0,cab6819d5adc4b6ad9fc9b4390e515dfd7fee286c27d227afef3395748f788bd,-64,,0,0,,0
13:37:34,,0,cab6819d5adc4b6ad9fc9b4390e515dfd7fee286c27d227afef3395748f788bd,-64,,0,0,,0
13:37:35,,0,cab6819d5adc4b6ad9fc9b4390e515dfd7fee286c27d227afef3395748f788bd,-64,,0,0,,0
13:37:36,,0,b8ba31a6ff40571163539236384c976b4ce40a9deba2ffe24c97bf0bfee3c827,-32,,0,0,,0
13:37:37,26.0,0,fda4a5916fc65c250c60e65bc4acf06e1c737fe9a1245c2ef3519edf5d439c5b,-91,,0,0,7.0,0
13:37:38,,0,cab6819d5adc4b6ad9fc9b4390e515dfd7fee286c27d227afef3395748f788bd,-65,,0,0,,0
13:37:38,,0,cab6819d5adc4b6ad9fc9b4390e515dfd7fee286c27d227afef3395748f788bd,-65,,0,0,,0
13:37:39,,0,cab6819d5adc4b6ad9fc9b4390e515dfd7fee286c27d227afef3395748f788bd,-65,,0,0,,0
13:37:40,,0,b8ba31a6ff40571163539236384c976b4ce40a9deba2ffe24c97bf0bfee3c827,-34,,0,0,,0
13:37:41,,0,862659e939ee761da54abee5ce94e4f7cbca48d6afb5349dc23e80b925568134,-92,,0,0,,0
13:37:41,,0,cab6819d5adc4b6ad9fc9b4390e515dfd7fee286c27d227afef3395748f788bd,-64,,0,0,,0
13:37:42,,0,cab6819d5adc4b6ad9fc9b4390e515dfd7fee286c27d227afef3395748f788bd,-66,,0,0,,0
13:37:43,,0,cab6819d5adc4b6ad9fc9b4390e515dfd7fee286c27d227afef3395748f788bd,-66,,0,0,,0
13:37:44,,0,b8ba31a6ff40571163539236384c976b4ce40a9deba2ffe24c97bf0bfee3c827,-31,,0,0,,0
13:37:45,,0,862659e939ee761da54abee5ce94e4f7cbca48d6afb5349dc23e80b925568134,-89,,0,0,,0
13:37:45,,0,cab6819d5adc4b6ad9fc9b4390e515dfd7fee286c27d227afef3395748f788bd,-64,,0,0,,0
13:37:46,,0,cab6819d5adc4b6ad9fc9b4390e515dfd7fee286c27d227afef3395748f788bd,-65,,0,0,,0
13:37:47,,0,cab6819d5adc4b6ad9fc9b4390e515dfd7fee286c27d227afef3395748f788bd,-67,,0,0,,0
13:37:48,,0,cab6819d5adc4b6ad9fc9b4390e515dfd7fee286c27d227afef3395748f788bd,-64,,0,0,,0
13:37:48,,0,cab6819d5adc4b6ad9fc9b4390e515dfd7fee286c27d227afef3395748f788bd,-63,,0,0,,0
13:37:49,,0,cab6819d5adc4b6ad9fc9b4390e515dfd7fee286c27d227afef3395748f788bd,-66,,0,0,,0
13:37:50,,0,b8ba31a6ff40571163539236384c976b4ce40a9deba2ffe24c97bf0bfee3c827,-30,,0,0,,0
13:37:51,,0,cab6819d5adc4b6ad9fc9b4390e515dfd7fee286c27d227afef3395748f788bd,-64,,0,0,,0
13:37:52,,0,cab6819d5adc4b6ad9fc9b4390e515dfd7fee286c27d227afef3395748f788bd,-64,,0,0,,0
13:37:52,,0,cab6819d5adc4b6ad9fc9b4390e515dfd7fee286c27d227afef3395748f788bd,-64,,0,0,,0
13:37:53,,0,cab6819d5adc4b6ad9fc9b4390e515dfd7fee286c27d227afef3395748f788bd,-63,,0,0,,0
13:37:54,,0,cab6819d5adc4b6ad9fc9b4390e515dfd7fee286c27d227afef3395748f788bd,-64,,0,0,,0
13:37:55,,0,cab6819d5adc4b6ad9fc9b4390e515dfd7fee286c27d227afef3395748f788bd,-66,,0,0,,0
13:37:56,,0,862659e939ee761da54abee5ce94e4f7cbca48d6afb5349dc23e80b925568134,-86,,0,0,,0
13:37:56,,0,cab6819d5adc4b6ad9fc9b4390e515dfd7fee286c27d227afef3395748f788bd,-63,,0,0,,0
13:37:57,,0,cab6819d5adc4b6ad9fc9b4390e515dfd7fee286c27d227afef3395748f788bd,-65,,0,0,,0
13:37:58,,0,cab6819d5adc4b6ad9fc9b4390e515dfd7fee286c27d227afef3395748f788bd,-67,,0,0,,0
13:37:59,,0,862659e939ee761da54abee5ce94e4f7cbca48d6afb5349dc23e80b925568134,-86,,0,0,,0
13:37:59,,0,cab6819d5adc4b6ad9fc9b4390e515dfd7fee286c27d227afef3395748f788bd,-65,,0,0,,0
13:38:00,,0,cab6819d5adc4b6ad9fc9b4390e515dfd7fee286c27d227afef3395748f788bd,-64,,0,0,,0
13:38:01,,0,6656ba2a57d14dfa877fbe5fb3348eab0d3f27f0534a028bba26fa31c02d1922,-67,,0,0,,0
13:38:02,,0,6656ba2a57d14dfa877fbe5fb3348eab0d3f27f0534a028bba26fa31c02d1922,-64,,0,0,,0
13:38:03,,0,6656ba2a57d14dfa877fbe5fb3348eab0d3f27f0534a028bba26fa31c02d1922,-64,,0,0,,0
13:38:03,,0,6656ba2a57d14dfa877fbe5fb3348eab0d3f27f0534a028bba26fa31c02d1922,-64,,0,0,,0
13:38:04,,0,6656ba2a57d14dfa877fbe5fb3348eab0d3f27f0534a028bba26fa31c02d1922,-64,,0,0,,0
13:38:05,,0,6656ba2a57d14dfa877fbe5fb3348eab0d3f27f0534a028bba26fa31c02d1922,-66,,0,0,,0
13:38:06,,0,6656ba2a57d14dfa877fbe5fb3348eab0d3f27f0534a028bba26fa31c02d1922,-66,,0,0,,0
13:38:06,,0,6656ba2a57d14dfa877fbe5fb3348eab0d3f27f0534a028bba26fa31c02d1922,-64,,0,0,,0
13:38:07,,0,862659e939ee761da54abee5ce94e4f7cbca48d6afb5349dc23e80b925568134,-87,,0,0,,0
13:38:08,,0,7b053d6ed1ff83e0e3e04422e23ddc1773d154808c36e48b2f2a63553432215f,-56,,0,0,,0
13:38:09,,0,862659e939ee761da54abee5ce94e4f7cbca48d6afb5349dc23e80b925568134,-88,,0,0,,0
13:38:10,,0,6656ba2a57d14dfa877fbe5fb3348eab0d3f27f0534a028bba26fa31c02d1922,-64,,0,0,,0
13:38:10,,0,a8d15d2ce25d4fc0570f3cd2b8abca7c641b3f175983cb87b55a802509f49011,-90,,0,0,,0
13:38:11,,0,862659e939ee761da54abee5ce94e4f7cbca48d6afb5349dc23e80b925568134,-88,,0,0,,0
13:38:12,,0,6656ba2a57d14dfa877fbe5fb3348eab0d3f27f0534a028bba26fa31c02d1922,-67,,0,0,,0
13:38:13,,0,6656ba2a57d14dfa877fbe5fb3348eab0d3f27f0534a028bba26fa31c02d1922,-67,,0,0,,0
13:38:14,,0,6656ba2a57d14dfa877fbe5fb3348eab0d3f27f0534a028bba26fa31c02d1922,-63,,0,0,,0
13:38:14,,0,862659e939ee761da54abee5ce94e4f7cbca48d6afb5349dc23e80b925568134,-90,,0,0,,0
13:38:15,,0,6656ba2a57d14dfa877fbe5fb3348eab0d3f27f0534a028bba26fa31c02d1922,-66,,0,0,,0
13:38:16,,0,6656ba2a57d14dfa877fbe5fb3348eab0d3f27f0534a028bba26fa31c02d1922,-65,,0,0,,0
13:38:17,,0,6656ba2a57d14dfa877fbe5fb3348eab0d3f27f0534a028bba26fa31c02d1922,-66,,0,0,,0
13:38:17,,0,6656ba2a57d14dfa877fbe5fb3348eab0d3f27f0534a028bba26fa31c02d1922,-64,,0,0,,0
13:38:18,,0,6656ba2a57d14dfa877fbe5fb3348eab0d3f27f0534a028bba26fa31c02d1922,-63,,0,0,,0
13:38:19,,0,6656ba2a57d14dfa877fbe5fb3348eab0d3f27f0534a028bba26fa31c02d1922,-61,,0,0,,0
13:38:20,,0,6656ba2a57d14dfa877fbe5fb3348eab0d3f27f0534a028bba26fa31c02d1922,-69,,0,0,,0
13:38:21,,0,a8d15d2ce25d4fc0570f3cd2b8abca7c641b3f175983cb87b55a802509f49011,-93,,0,0,,0
13:38:21,,0,6656ba2a57d14dfa877fbe5fb3348eab0d3f27f0534a028bba26fa31c02d1922,-63,,0,0,,0
13:38:22,,0,7b053d6ed1ff83e0e3e04422e23ddc1773d154808c36e48b2f2a63553432215f,-54,,0,0,,0
13:38:23,,0,6656ba2a57d14dfa877fbe5fb3348eab0d3f27f0534a028bba26fa31c02d1922,-59,,0,0,,0
13:38:24,,0,6656ba2a57d14dfa877fbe5fb3348eab0d3f27f0534a028bba26fa31c02d1922,-59,,0,0,,0
13:38:24,,0,a8d15d2ce25d4fc0570f3cd2b8abca7c641b3f175983cb87b55a802509f49011,-88,,0,0,,0
13:38:25,,0,6656ba2a57d14dfa877fbe5fb3348eab0d3f27f0534a028bba26fa31c02d1922,-60,,0,0,,0
13:38:26,,0,6656ba2a57d14dfa877fbe5fb3348eab0d3f27f0534a028bba26fa31c02d1922,-61,,0,0,,0
13:38:27,,0,6656ba2a57d14dfa877fbe5fb3348eab0d3f27f0534a028bba26fa31c02d1922,-58,,0,0,,0
13:38:28,,0,6656ba2a57d14dfa877fbe5fb3348eab0d3f27f0534a028bba26fa31c02d1922,-60,,0,0,,0
13:38:28,,0,6656ba2a57d14dfa877fbe5fb3348eab0d3f27f0534a028bba26fa31c02d1922,-61,,0,0,,0
13:38:29,,0,6656ba2a57d14dfa877fbe5fb3348eab0d3f27f0534a028bba26fa31c02d1922,-61,,0,0,,0
13:38:30,,0,b8ba31a6ff40571163539236384c976b4ce40a9deba2ffe24c97bf0bfee3c827,-30,,0,0,,0
13:38:31,,0,6656ba2a57d14dfa877fbe5fb3348eab0d3f27f0534a028bba26fa31c02d1922,-62,,0,0,,0
13:38:32,,0,6656ba2a57d14dfa877fbe5fb3348eab0d3f27f0534a028bba26fa31c02d1922,-59,,0,0,,0
13:38:32,,0,6656ba2a57d14dfa877fbe5fb3348eab0d3f27f0534a028bba26fa31c02d1922,-62,,0,0,,0
13:38:33,,0,6656ba2a57d14dfa877fbe5fb3348eab0d3f27f0534a028bba26fa31c02d1922,-60,,0,0,,0
13:38:34,,0,6656ba2a57d14dfa877fbe5fb3348eab0d3f27f0534a028bba26fa31c02d1922,-59,,0,0,,0
13:38:35,,0,6656ba2a57d14dfa877fbe5fb3348eab0d3f27f0534a028bba26fa31c02d1922,-59,,0,0,,0
13:38:35,,0,6656ba2a57d14dfa877fbe5fb3348eab0d3f27f0534a028bba26fa31c02d1922,-68,,0,0,,0
13:38:36,,0,6656ba2a57d14dfa877fbe5fb3348eab0d3f27f0534a028bba26fa31c02d1922,-67,,0,0,,0
13:38:37,,0,6656ba2a57d14dfa877fbe5fb3348eab0d3f27f0534a028bba26fa31c02d1922,-57,,0,0,,0
13:38:38,26.0,0,fda4a5916fc65c250c60e65bc4acf06e1c737fe9a1245c2ef3519edf5d439c5b,-91,,0,0,7.0,0
13:38:39,,0,7b053d6ed1ff83e0e3e04422e23ddc1773d154808c36e48b2f2a63553432215f,-55,,0,0,,0
13:38:39,,0,6656ba2a57d14dfa877fbe5fb3348eab0d3f27f0534a028bba26fa31c02d1922,-57,,0,0,,0
13:38:40,,0,6656ba2a57d14dfa877fbe5fb3348eab0d3f27f0534a028bba26fa31c02d1922,-58,,0,0,,0
13:38:41,,0,862659e939ee761da54abee5ce94e4f7cbca48d6afb5349dc23e80b925568134,-84,,0,0,,0
13:38:42,26.0,0,ac7da3e5efb65e467c4023097ab3188ee53c18a233ef40d2b30fabdf6baa88bb,-55,,0,0,12.0,0
13:38:42,,0,862659e939ee761da54abee5ce94e4f7cbca48d6afb5349dc23e80b925568134,-85,,0,0,,0
13:38:43,,0,6656ba2a57d14dfa877fbe5fb3348eab0d3f27f0534a028bba26fa31c02d1922,-57,,0,0,,0
13:38:44,,0,6656ba2a57d14dfa877fbe5fb3348eab0d3f27f0534a028bba26fa31c02d1922,-57,,0,0,,0
13:38:45,,0,6656ba2a57d14dfa877fbe5fb3348eab0d3f27f0534a028bba26fa31c02d1922,-56,,0,0,,0
13:38:46,,0,6656ba2a57d14dfa877fbe5fb3348eab0d3f27f0534a028bba26fa31c02d1922,-58,,0,0,,0
13:38:46,,0,6656ba2a57d14dfa877fbe5fb3348eab0d3f27f0534a028bba26fa31c02d1922,-57,,0,0,,0
13:38:47,26.0,0,ac7da3e5efb65e467c4023097ab3188ee53c18a233ef40d2b30fabdf6baa88bb,-67,,0,0,12.0,0
13:38:48,,0,6656ba2a57d14dfa877fbe5fb3348eab0d3f27f0534a028bba26fa31c02d1922,-56,,0,0,,0
13:38:49,,0,6656ba2a57d14dfa877fbe5fb3348eab0d3f27f0534a028bba26fa31c02d1922,-58,,0,0,,0
13:38:49,,0,6656ba2a57d14dfa877fbe5fb3348eab0d3f27f0534a028bba26fa31c02d1922,-57,,0,0,,0
13:38:50,,0,6656ba2a57d14dfa877fbe5fb3348eab0d3f27f0534a028bba26fa31c02d1922,-56,,0,0,,0
13:38:51,,0,6656ba2a57d14dfa877fbe5fb3348eab0d3f27f0534a028bba26fa31c02d1922,-56,,0,0,,0
13:38:52,,0,6656ba2a57d14dfa877fbe5fb3348eab0d3f27f0534a028bba26fa31c02d1922,-57,,0,0,,0
13:38:53,,0,6656ba2a57d14dfa877fbe5fb3348eab0d3f27f0534a028bba26fa31c02d1922,-56,,0,0,,0
13:38:53,,0,862659e939ee761da54abee5ce94e4f7cbca48d6afb5349dc23e80b925568134,-94,,0,0,,0
13:38:54,26.0,0,ac7da3e5efb65e467c4023097ab3188ee53c18a233ef40d2b30fabdf6baa88bb,-71,,0,0,12.0,0
13:38:55,,0,6656ba2a57d14dfa877fbe5fb3348eab0d3f27f0534a028bba26fa31c02d1922,-57,,0,0,,0
13:38:56,26.0,0,fda4a5916fc65c250c60e65bc4acf06e1c737fe9a1245c2ef3519edf5d439c5b,-93,,0,0,7.0,0
13:38:57,,0,7b053d6ed1ff83e0e3e04422e23ddc1773d154808c36e48b2f2a63553432215f,-55,,0,0,,0
13:38:57,,0,6656ba2a57d14dfa877fbe5fb3348eab0d3f27f0534a028bba26fa31c02d1922,-56,,0,0,,0
13:38:58,,0,6656ba2a57d14dfa877fbe5fb3348eab0d3f27f0534a028bba26fa31c02d1922,-57,,0,0,,0
13:38:59,,0,6656ba2a57d14dfa877fbe5fb3348eab0d3f27f0534a028bba26fa31c02d1922,-57,,0,0,,0
13:39:00,26.0,0,fda4a5916fc65c250c60e65bc4acf06e1c737fe9a1245c2ef3519edf5d439c5b,-90,,0,0,7.0,0
13:39:00,,0,6656ba2a57d14dfa877fbe5fb3348eab0d3f27f0534a028bba26fa31c02d1922,-57,,0,0,,0
13:39:01,26.0,0,fda4a5916fc65c250c60e65bc4acf06e1c737fe9a1245c2ef3519edf5d439c5b,-91,,0,0,7.0,0
13:39:02,26.0,0,ac7da3e5efb65e467c4023097ab3188ee53c18a233ef40d2b30fabdf6baa88bb,-64,,0,0,12.0,0
13:39:03,,0,b8ba31a6ff40571163539236384c976b4ce40a9deba2ffe24c97bf0bfee3c827,-56,,0,0,,0
13:39:04,,0,6656ba2a57d14dfa877fbe5fb3348eab0d3f27f0534a028bba26fa31c02d1922,-56,,0,0,,0
13:39:04,,0,6656ba2a57d14dfa877fbe5fb3348eab0d3f27f0534a028bba26fa31c02d1922,-56,,0,0,,0
13:39:05,,0,6656ba2a57d14dfa877fbe5fb3348eab0d3f27f0534a028bba26fa31c02d1922,-56,,0,0,,0
13:39:06,,0,6656ba2a57d14dfa877fbe5fb3348eab0d3f27f0534a028bba26fa31c02d1922,-56,,0,0,,0
13:39:07,,0,6656ba2a57d14dfa877fbe5fb3348eab0d3f27f0534a028bba26fa31c02d1922,-56,,0,0,,0
13:39:07,26.0,0,ac7da3e5efb65e467c4023097ab3188ee53c18a233ef40d2b30fabdf6baa88bb,-61,,0,0,12.0,0
13:39:08,,0,6656ba2a57d14dfa877fbe5fb3348eab0d3f27f0534a028bba26fa31c02d1922,-56,,0,0,,0
13:39:09,,0,6656ba2a57d14dfa877fbe5fb3348eab0d3f27f0534a028bba26fa31c02d1922,-56,,0,0,,0
13:39:10,26.0,0,fdcd91ea17886c435ab7b0aac22d5528b32c2ca1d9923644a74f333147c3b0d4,-88,,0,0,12.0,0
13:39:11,,0,6656ba2a57d14dfa877fbe5fb3348eab0d3f27f0534a028bba26fa31c02d1922,-56,,0,0,,0
13:39:11,,0,862659e939ee761da54abee5ce94e4f7cbca48d6afb5349dc23e80b925568134,-84,,0,0,,0
13:39:12,26.0,0,fdcd91ea17886c435ab7b0aac22d5528b32c2ca1d9923644a74f333147c3b0d4,-90,,0,0,12.0,0
13:39:13,26.0,0,ac7da3e5efb65e467c4023097ab3188ee53c18a233ef40d2b30fabdf6baa88bb,-69,,0,0,12.0,0
13:39:14,,0,6656ba2a57d14dfa877fbe5fb3348eab0d3f27f0534a028bba26fa31c02d1922,-57,,0,0,,0
13:39:15,,0,6656ba2a57d14dfa877fbe5fb3348eab0d3f27f0534a028bba26fa31c02d1922,-58,,0,0,,0
13:39:15,,0,6656ba2a57d14dfa877fbe5fb3348eab0d3f27f0534a028bba26fa31c02d1922,-56,,0,0,,0
13:39:16,26.0,0,fda4a5916fc65c250c60e65bc4acf06e1c737fe9a1245c2ef3519edf5d439c5b,-88,,0,0,7.0,0
13:39:17,,0,b8ba31a6ff40571163539236384c976b4ce40a9deba2ffe24c97bf0bfee3c827,-62,,0,0,,0
13:39:18,,0,6656ba2a57d14dfa877fbe5fb3348eab0d3f27f0534a028bba26fa31c02d1922,-56,,0,0,,0
13:39:18,26.0,0,ac7da3e5efb65e467c4023097ab3188ee53c18a233ef40d2b30fabdf6baa88bb,-58,,0,0,12.0,0
13:39:19,26.0,0,ac7da3e5efb65e467c4023097ab3188ee53c18a233ef40d2b30fabdf6baa88bb,-60,,0,0,12.0,0
13:39:20,,0,862659e939ee761da54abee5ce94e4f7cbca48d6afb5349dc23e80b925568134,-83,,0,0,,0
13:39:21,,0,6656ba2a57d14dfa877fbe5fb3348eab0d3f27f0534a028bba26fa31c02d1922,-57,,0,0,,0
13:39:22,,0,6656ba2a57d14dfa877fbe5fb3348eab0d3f27f0534a028bba26fa31c02d1922,-57,,0,0,,0
13:39:22,,0,862659e939ee761da54abee5ce94e4f7cbca48d6afb5349dc23e80b925568134,-92,,0,0,,0
13:39:23,,0,6656ba2a57d14dfa877fbe5fb3348eab0d3f27f0534a028bba26fa31c02d1922,-57,,0,0,,0
13:39:24,,0,6656ba2a57d14dfa877fbe5fb3348eab0d3f27f0534a028bba26fa31c02d1922,-57,,0,0,,0
13:39:25,,0,6656ba2a57d14dfa877fbe5fb3348eab0d3f27f0534a028bba26fa31c02d1922,-56,,0,0,,0
13:39:26,26.0,0,ac7da3e5efb65e467c4023097ab3188ee53c18a233ef40d2b30fabdf6baa88bb,-58,,0,0,12.0,0
13:39:26,,0,6656ba2a57d14dfa877fbe5fb3348eab0d3f27f0534a028bba26fa31c02d1922,-57,,0,0,,0
13:39:27,,0,6656ba2a57d14dfa877fbe5fb3348eab0d3f27f0534a028bba26fa31c02d1922,-57,,0,0,,0
13:39:28,26.0,0,ac7da3e5efb65e467c4023097ab3188ee53c18a233ef40d2b30fabdf6baa88bb,-61,,0,0,12.0,0
13:39:29,,0,773a249b4dff2287be59476c4e9794ba3213e83de254620608dab6678294f70a,-92,,0,0,,0
13:39:29,,0,6656ba2a57d14dfa877fbe5fb3348eab0d3f27f0534a028bba26fa31c02d1922,-57,,0,0,,0
13:39:30,,0,6656ba2a57d14dfa877fbe5fb3348eab0d3f27f0534a028bba26fa31c02d1922,-57,,0,0,,0
13:39:31,,0,6656ba2a57d14dfa877fbe5fb3348eab0d3f27f0534a028bba26fa31c02d1922,-57,,0,0,,0
13:39:32,,0,6656ba2a57d14dfa877fbe5fb3348eab0d3f27f0534a028bba26fa31c02d1922,-58,,0,0,,0
13:39:33,,0,862659e939ee761da54abee5ce94e4f7cbca48d6afb5349dc23e80b925568134,-92,,0,0,,0
13:39:33,,0,6656ba2a57d14dfa877fbe5fb3348eab0d3f27f0534a028bba26fa31c02d1922,-56,,0,0,,0
13:39:34,,0,862659e939ee761da54abee5ce94e4f7cbca48d6afb5349dc23e80b925568134,-92,,0,0,,0
13:39:35,,0,b8ba31a6ff40571163539236384c976b4ce40a9deba2ffe24c97bf0bfee3c827,-59,,0,0,,0
13:39:36,26.0,0,ac7da3e5efb65e467c4023097ab3188ee53c18a233ef40d2b30fabdf6baa88bb,-57,,0,0,12.0,0
13:39:36,26.0,0,ac7da3e5efb65e467c4023097ab3188ee53c18a233ef40d2b30fabdf6baa88bb,-64,,0,0,12.0,0
13:39:37,,0,6656ba2a57d14dfa877fbe5fb3348eab0d3f27f0534a028bba26fa31c02d1922,-57,,0,0,,0
13:39:38,,0,6656ba2a57d14dfa877fbe5fb3348eab0d3f27f0534a028bba26fa31c02d1922,-57,,0,0,,0
13:39:39,,0,6656ba2a57d14dfa877fbe5fb3348eab0d3f27f0534a028bba26fa31c02d1922,-56,,0,0,,0
13:39:40,26.0,0,ac7da3e5efb65e467c4023097ab3188ee53c18a233ef40d2b30fabdf6baa88bb,-60,,0,0,12.0,0
13:39:40,26.0,0,ac7da3e5efb65e467c4023097ab3188ee53c18a233ef40d2b30fabdf6baa88bb,-66,,0,0,12.0,0
13:39:41,,0,6656ba2a57d14dfa877fbe5fb3348eab0d3f27f0534a028bba26fa31c02d1922,-57,,0,0,,0
13:39:42,26.0,0,ac7da3e5efb65e467c4023097ab3188ee53c18a233ef40d2b30fabdf6baa88bb,-62,,0,0,12.0,0
13:39:43,,0,6656ba2a57d14dfa877fbe5fb3348eab0d3f27f0534a028bba26fa31c02d1922,-57,,0,0,,0
13:39:43,,0,6656ba2a57d14dfa877fbe5fb3348eab0d3f27f0534a028bba26fa31c02d1922,-56,,0,0,,0
13:39:44,26.0,0,fdcd91ea17886c435ab7b0aac22d5528b32c2ca1d9923644a74f333147c3b0d4,-88,,0,0,12.0,0
13:39:45,26.0,0,ac7da3e5efb65e467c4023097ab3188ee53c18a233ef40d2b30fabdf6baa88bb,-60,,0,0,12.0,0
13:39:46,26.0,0,ac7da3e5efb65e467c4023097ab3188ee53c18a233ef40d2b30fabdf6baa88bb,-63,,0,0,12.0,0
13:39:47,,0,6656ba2a57d14dfa877fbe5fb3348eab0d3f27f0534a028bba26fa31c02d1922,-56,,0,0,,0
13:39:47,,0,862659e939ee761da54abee5ce94e4f7cbca48d6afb5349dc23e80b925568134,-83,,0,0,,0
13:39:48,26.0,0,ac7da3e5efb65e467c4023097ab3188ee53c18a233ef40d2b30fabdf6baa88bb,-57,,0,0,12.0,0
13:39:49,,0,862659e939ee761da54abee5ce94e4f7cbca48d6afb5349dc23e80b925568134,-82,,0,0,,0
13:39:50,,0,6656ba2a57d14dfa877fbe5fb3348eab0d3f27f0534a028bba26fa31c02d1922,-56,,0,0,,0
13:39:51,,0,6656ba2a57d14dfa877fbe5fb3348eab0d3f27f0534a028bba26fa31c02d1922,-56,,0,0,,0
13:39:51,,0,6656ba2a57d14dfa877fbe5fb3348eab0d3f27f0534a028bba26fa31c02d1922,-56,,0,0,,0
13:39:52,26.0,0,ac7da3e5efb65e467c4023097ab3188ee53c18a233ef40d2b30fabdf6baa88bb,-70,,0,0,12.0,0
13:39:53,,0,6656ba2a57d14dfa877fbe5fb3348eab0d3f27f0534a028bba26fa31c02d1922,-56,,0,0,,0
13:39:54,,0,6656ba2a57d14dfa877fbe5fb3348eab0d3f27f0534a028bba26fa31c02d1922,-58,,0,0,,0
13:39:54,26.0,0,ac7da3e5efb65e467c4023097ab3188ee53c18a233ef40d2b30fabdf6baa88bb,-64,,0,0,12.0,0
13:39:55,,0,6656ba2a57d14dfa877fbe5fb3348eab0d3f27f0534a028bba26fa31c02d1922,-57,,0,0,,0
13:39:56,,0,6656ba2a57d14dfa877fbe5fb3348eab0d3f27f0534a028bba26fa31c02d1922,-57,,0,0,,0
13:39:57,,0,7b053d6ed1ff83e0e3e04422e23ddc1773d154808c36e48b2f2a63553432215f,-52,,0,0,,0
13:39:58,26.0,0,ac7da3e5efb65e467c4023097ab3188ee53c18a233ef40d2b30fabdf6baa88bb,-58,,0,0,12.0,0
13:39:58,26.0,0,ac7da3e5efb65e467c4023097ab3188ee53c18a233ef40d2b30fabdf6baa88bb,-59,,0,0,12.0,0
13:39:59,,0,6656ba2a57d14dfa877fbe5fb3348eab0d3f27f0534a028bba26fa31c02d1922,-56,,0,0,,0
13:40:00,,0,6656ba2a57d14dfa877fbe5fb3348eab0d3f27f0534a028bba26fa31c02d1922,-58,,0,0,,0
13:40:01,,0,862659e939ee761da54abee5ce94e4f7cbca48d6afb5349dc23e80b925568134,-84,,0,0,,0
13:40:01,,0,862659e939ee761da54abee5ce94e4f7cbca48d6afb5349dc23e80b925568134,-95,,0,0,,0
13:40:02,,0,862659e939ee761da54abee5ce94e4f7cbca48d6afb5349dc23e80b925568134,-84,,0,0,,0
13:40:03,,0,6656ba2a57d14dfa877fbe5fb3348eab0d3f27f0534a028bba26fa31c02d1922,-56,,0,0,,0
13:40:04,26.0,0,ac7da3e5efb65e467c4023097ab3188ee53c18a233ef40d2b30fabdf6baa88bb,-62,,0,0,12.0,0
13:40:05,26.0,0,ac7da3e5efb65e467c4023097ab3188ee53c18a233ef40d2b30fabdf6baa88bb,-56,,0,0,12.0,0
13:40:05,26.0,0,ac7da3e5efb65e467c4023097ab3188ee53c18a233ef40d2b30fabdf6baa88bb,-56,,0,0,12.0,0
13:40:06,,0,6656ba2a57d14dfa877fbe5fb3348eab0d3f27f0534a028bba26fa31c02d1922,-56,,0,0,,0
13:40:07,,0,6656ba2a57d14dfa877fbe5fb3348eab0d3f27f0534a028bba26fa31c02d1922,-58,,0,0,,0
13:40:08,,0,6656ba2a57d14dfa877fbe5fb3348eab0d3f27f0534a028bba26fa31c02d1922,-57,,0,0,,0
13:40:09,,0,6656ba2a57d14dfa877fbe5fb3348eab0d3f27f0534a028bba26fa31c02d1922,-58,,0,0,,0
13:40:09,26.0,0,ac7da3e5efb65e467c4023097ab3188ee53c18a233ef40d2b30fabdf6baa88bb,-64,,0,0,12.0,0
13:40:10,26.0,0,ac7da3e5efb65e467c4023097ab3188ee53c18a233ef40d2b30fabdf6baa88bb,-60,,0,0,12.0,0
13:40:11,,0,6656ba2a57d14dfa877fbe5fb3348eab0d3f27f0534a028bba26fa31c02d1922,-58,,0,0,,0
13:40:12,,0,6656ba2a57d14dfa877fbe5fb3348eab0d3f27f0534a028bba26fa31c02d1922,-58,,0,0,,0
13:40:12,26.0,0,ac7da3e5efb65e467c4023097ab3188ee53c18a233ef40d2b30fabdf6baa88bb,-56,,0,0,12.0,0
13:40:13,,0,862659e939ee761da54abee5ce94e4f7cbca48d6afb5349dc23e80b925568134,-89,,0,0,,0
13:40:14,,0,6656ba2a57d14dfa877fbe5fb3348eab0d3f27f0534a028bba26fa31c02d1922,-57,,0,0,,0
13:40:15,,0,862659e939ee761da54abee5ce94e4f7cbca48d6afb5349dc23e80b925568134,-88,,0,0,,0
13:40:16,,0,6656ba2a57d14dfa877fbe5fb3348eab0d3f27f0534a028bba26fa31c02d1922,-58,,0,0,,0
13:40:16,26.0,0,ac7da3e5efb65e467c4023097ab3188ee53c18a233ef40d2b30fabdf6baa88bb,-87,,0,0,12.0,0
13:40:17,,0,6656ba2a57d14dfa877fbe5fb3348eab0d3f27f0534a028bba26fa31c02d1922,-58,,0,0,,0
13:40:18,,0,6656ba2a57d14dfa877fbe5fb3348eab0d3f27f0534a028bba26fa31c02d1922,-58,,0,0,,0
13:40:19,,0,a8d15d2ce25d4fc0570f3cd2b8abca7c641b3f175983cb87b55a802509f49011,-93,,0,0,,0
13:40:19,26.0,0,ac7da3e5efb65e467c4023097ab3188ee53c18a233ef40d2b30fabdf6baa88bb,-75,,0,0,12.0,0
13:40:20,,0,862659e939ee761da54abee5ce94e4f7cbca48d6afb5349dc23e80b925568134,-97,,0,0,,0
13:40:21,,0,6656ba2a57d14dfa877fbe5fb3348eab0d3f27f0534a028bba26fa31c02d1922,-59,,0,0,,0
13:40:22,,0,6656ba2a57d14dfa877fbe5fb3348eab0d3f27f0534a028bba26fa31c02d1922,-58,,0,0,,0
13:40:23,,0,6656ba2a57d14dfa877fbe5fb3348eab0d3f27f0534a028bba26fa31c02d1922,-57,,0,0,,0
13:40:23,26.0,0,ac7da3e5efb65e467c4023097ab3188ee53c18a233ef40d2b30fabdf6baa88bb,-80,,0,0,12.0,0
13:40:24,,0,6656ba2a57d14dfa877fbe5fb3348eab0d3f27f0534a028bba26fa31c02d1922,-58,,0,0,,0
13:40:25,,0,b8ba31a6ff40571163539236384c976b4ce40a9deba2ffe24c97bf0bfee3c827,-80,,0,0,,0
13:40:26,,0,6656ba2a57d14dfa877fbe5fb3348eab0d3f27f0534a028bba26fa31c02d1922,-58,,0,0,,0
13:40:26,,0,6656ba2a57d14dfa877fbe5fb3348eab0d3f27f0534a028bba26fa31c02d1922,-57,,0,0,,0
13:40:27,,0,6656ba2a57d14dfa877fbe5fb3348eab0d3f27f0534a028bba26fa31c02d1922,-58,,0,0,,0
13:40:28,,0,862659e939ee761da54abee5ce94e4f7cbca48d6afb5349dc23e80b925568134,-81,,0,0,,0
13:40:29,,0,6656ba2a57d14dfa877fbe5fb3348eab0d3f27f0534a028bba26fa31c02d1922,-58,,0,0,,0
13:40:30,,0,6656ba2a57d14dfa877fbe5fb3348eab0d3f27f0534a028bba26fa31c02d1922,-57,,0,0,,0
13:40:30,,0,6656ba2a57d14dfa877fbe5fb3348eab0d3f27f0534a028bba26fa31c02d1922,-58,,0,0,,0
13:40:31,26.0,0,ac7da3e5efb65e467c4023097ab3188ee53c18a233ef40d2b30fabdf6baa88bb,-80,,0,0,12.0,0
13:40:32,,0,6656ba2a57d14dfa877fbe5fb3348eab0d3f27f0534a028bba26fa31c02d1922,-58,,0,0,,0
13:40:33,,0,6656ba2a57d14dfa877fbe5fb3348eab0d3f27f0534a028bba26fa31c02d1922,-58,,0,0,,0
13:40:34,,0,6656ba2a57d14dfa877fbe5fb3348eab0d3f27f0534a028bba26fa31c02d1922,-57,,0,0,,0
13:40:34,,0,6656ba2a57d14dfa877fbe5fb3348eab0d3f27f0534a028bba26fa31c02d1922,-58,,0,0,,0
13:40:35,,0,6656ba2a57d14dfa877fbe5fb3348eab0d3f27f0534a028bba26fa31c02d1922,-58,,0,0,,0
13:40:36,26.0,0,ac7da3e5efb65e467c4023097ab3188ee53c18a233ef40d2b30fabdf6baa88bb,-78,,0,0,12.0,0
13:40:37,26.0,0,ac7da3e5efb65e467c4023097ab3188ee53c18a233ef40d2b30fabdf6baa88bb,-84,,0,0,12.0,0
13:40:37,,0,6656ba2a57d14dfa877fbe5fb3348eab0d3f27f0534a028bba26fa31c02d1922,-58,,0,0,,0
13:40:38,26.0,0,fda4a5916fc65c250c60e65bc4acf06e1c737fe9a1245c2ef3519edf5d439c5b,-92,,0,0,7.0,0
13:40:39,,0,6656ba2a57d14dfa877fbe5fb3348eab0d3f27f0534a028bba26fa31c02d1922,-59,,0,0,,0
13:40:40,,0,6656ba2a57d14dfa877fbe5fb3348eab0d3f27f0534a028bba26fa31c02d1922,-58,,0,0,,0
13:40:41,,0,6656ba2a57d14dfa877fbe5fb3348eab0d3f27f0534a028bba26fa31c02d1922,-58,,0,0,,0
13:40:41,,0,6656ba2a57d14dfa877fbe5fb3348eab0d3f27f0534a028bba26fa31c02d1922,-58,,0,0,,0
13:40:42,,0,6656ba2a57d14dfa877fbe5fb3348eab0d3f27f0534a028bba26fa31c02d1922,-57,,0,0,,0
13:40:43,,0,6656ba2a57d14dfa877fbe5fb3348eab0d3f27f0534a028bba26fa31c02d1922,-57,,0,0,,0
13:40:44,26.0,0,ac7da3e5efb65e467c4023097ab3188ee53c18a233ef40d2b30fabdf6baa88bb,-68,,0,0,12.0,0
13:40:44,,0,a8d15d2ce25d4fc0570f3cd2b8abca7c641b3f175983cb87b55a802509f49011,-91,,0,0,,0
13:40:45,,0,862659e939ee761da54abee5ce94e4f7cbca48d6afb5349dc23e80b925568134,-96,,0,0,,0
13:40:46,,0,6656ba2a57d14dfa877fbe5fb3348eab0d3f27f0534a028bba26fa31c02d1922,-57,,0,0,,0
13:40:47,,0,6656ba2a57d14dfa877fbe5fb3348eab0d3f27f0534a028bba26fa31c02d1922,-59,,0,0,,0
13:40:48,,0,6656ba2a57d14dfa877fbe5fb3348eab0d3f27f0534a028bba26fa31c02d1922,-57,,0,0,,0
13:40:48,,0,6656ba2a57d14dfa877fbe5fb3348eab0d3f27f0534a028bba26fa31c02d1922,-57,,0,0,,0
13:40:49,26.0,0,ac7da3e5efb65e467c4023097ab3188ee53c18a233ef40d2b30fabdf6baa88bb,-66,,0,0,12.0,0
13:40:50,26.0,0,fda4a5916fc65c250c60e65bc4acf06e1c737fe9a1245c2ef3519edf5d439c5b,-88,,0,0,7.0,0
13:40:51,26.0,0,fda4a5916fc65c250c60e65bc4acf06e1c737fe9a1245c2ef3519edf5d439c5b,-88,,0,0,7.0,0
13:40:52,,0,6656ba2a57d14dfa877fbe5fb3348eab0d3f27f0534a028bba26fa31c02d1922,-57,,0,0,,0
13:40:52,,0,6656ba2a57d14dfa877fbe5fb3348eab0d3f27f0534a028bba26fa31c02d1922,-57,,0,0,,0
13:40:53,,0,6656ba2a57d14dfa877fbe5fb3348eab0d3f27f0534a028bba26fa31c02d1922,-57,,0,0,,0
13:40:54,,0,6656ba2a57d14dfa877fbe5fb3348eab0d3f27f0534a028bba26fa31c02d1922,-58,,0,0,,0
13:40:55,26.0,0,fda4a5916fc65c250c60e65bc4acf06e1c737fe9a1245c2ef3519edf5d439c5b,-86,,0,0,7.0,0
13:40:55,,0,773a249b4dff2287be59476c4e9794ba3213e83de254620608dab6678294f70a,-79,,0,0,,0
13:40:56,,0,6656ba2a57d14dfa877fbe5fb3348eab0d3f27f0534a028bba26fa31c02d1922,-57,,0,0,,0
13:40:57,,0,6656ba2a57d14dfa877fbe5fb3348eab0d3f27f0534a028bba26fa31c02d1922,-58,,0,0,,0
13:40:58,26.0,0,fda4a5916fc65c250c60e65bc4acf06e1c737fe9a1245c2ef3519edf5d439c5b,-91,,0,0,7.0,0
13:40:59,26.0,0,fda4a5916fc65c250c60e65bc4acf06e1c737fe9a1245c2ef3519edf5d439c5b,-83,,0,0,7.0,0
13:40:59,,0,6656ba2a57d14dfa877fbe5fb3348eab0d3f27f0534a028bba26fa31c02d1922,-57,,0,0,,0
13:41:00,,0,6656ba2a57d14dfa877fbe5fb3348eab0d3f27f0534a028bba26fa31c02d1922,-57,,0,0,,0
13:41:01,,0,7b053d6ed1ff83e0e3e04422e23ddc1773d154808c36e48b2f2a63553432215f,-55,,0,0,,0
13:41:02,26.0,0,ac7da3e5efb65e467c4023097ab3188ee53c18a233ef40d2b30fabdf6baa88bb,-73,,0,0,12.0,0
13:41:02,26.0,0,ac7da3e5efb65e467c4023097ab3188ee53c18a233ef40d2b30fabdf6baa88bb,-74,,0,0,12.0,0
13:41:03,,0,6656ba2a57d14dfa877fbe5fb3348eab0d3f27f0534a028bba26fa31c02d1922,-57,,0,0,,0
13:41:04,,0,6656ba2a57d14dfa877fbe5fb3348eab0d3f27f0534a028bba26fa31c02d1922,-58,,0,0,,0
13:41:05,,0,6656ba2a57d14dfa877fbe5fb3348eab0d3f27f0534a028bba26fa31c02d1922,-58,,0,0,,0
13:41:06,26.0,0,fda4a5916fc65c250c60e65bc4acf06e1c737fe9a1245c2ef3519edf5d439c5b,-85,,0,0,7.0,0
13:41:06,,0,6656ba2a57d14dfa877fbe5fb3348eab0d3f27f0534a028bba26fa31c02d1922,-58,,0,0,,0
13:41:07,,0,6656ba2a57d14dfa877fbe5fb3348eab0d3f27f0534a028bba26fa31c02d1922,-57,,0,0,,0
13:41:08,26.0,0,fda4a5916fc65c250c60e65bc4acf06e1c737fe9a1245c2ef3519edf5d439c5b,-89,,0,0,7.0,0
13:41:09,26.0,0,ac7da3e5efb65e467c4023097ab3188ee53c18a233ef40d2b30fabdf6baa88bb,-68,,0,0,12.0,0
13:41:10,26.0,0,ac7da3e5efb65e467c4023097ab3188ee53c18a233ef40d2b30fabdf6baa88bb,-73,,0,0,12.0,0
13:41:10,,0,6656ba2a57d14dfa877fbe5fb3348eab0d3f27f0534a028bba26fa31c02d1922,-57,,0,0,,0
13:41:11,,0,a8d15d2ce25d4fc0570f3cd2b8abca7c641b3f175983cb87b55a802509f49011,-91,,0,0,,0
13:41:12,,0,862659e939ee761da54abee5ce94e4f7cbca48d6afb5349dc23e80b925568134,-81,,0,0,,0
13:41:13,,0,862659e939ee761da54abee5ce94e4f7cbca48d6afb5349dc23e80b925568134,-93,,0,0,,0
13:41:13,26.0,0,fda4a5916fc65c250c60e65bc4acf06e1c737fe9a1245c2ef3519edf5d439c5b,-88,,0,0,7.0,0
13:41:14,,0,6656ba2a57d14dfa877fbe5fb3348eab0d3f27f0534a028bba26fa31c02d1922,-57,,0,0,,0
13:41:15,26.0,0,ac7da3e5efb65e467c4023097ab3188ee53c18a233ef40d2b30fabdf6baa88bb,-71,,0,0,12.0,0
13:41:16,,0,862659e939ee761da54abee5ce94e4f7cbca48d6afb5349dc23e80b925568134,-90,,0,0,,0
13:41:17,,0,773a249b4dff2287be59476c4e9794ba3213e83de254620608dab6678294f70a,-91,,0,0,,0
13:41:17,,0,6656ba2a57d14dfa877fbe5fb3348eab0d3f27f0534a028bba26fa31c02d1922,-57,,0,0,,0
13:41:18,,0,6656ba2a57d14dfa877fbe5fb3348eab0d3f27f0534a028bba26fa31c02d1922,-58,,0,0,,0
13:41:19,,0,b8ba31a6ff40571163539236384c976b4ce40a9deba2ffe24c97bf0bfee3c827,-77,,0,0,,0
13:41:20,,0,6656ba2a57d14dfa877fbe5fb3348eab0d3f27f0534a028bba26fa31c02d1922,-58,,0,0,,0
13:41:20,26.0,0,ac7da3e5efb65e467c4023097ab3188ee53c18a233ef40d2b30fabdf6baa88bb,-76,,0,0,12.0,0
13:41:21,,0,6656ba2a57d14dfa877fbe5fb3348eab0d3f27f0534a028bba26fa31c02d1922,-57,,0,0,,0
13:41:22,,0,6656ba2a57d14dfa877fbe5fb3348eab0d3f27f0534a028bba26fa31c02d1922,-58,,0,0,,0
13:41:23,26.0,0,ac7da3e5efb65e467c4023097ab3188ee53c18a233ef40d2b30fabdf6baa88bb,-75,,0,0,12.0,0
13:41:24,26.0,0,ac7da3e5efb65e467c4023097ab3188ee53c18a233ef40d2b30fabdf6baa88bb,-72,,0,0,12.0,0
13:41:24,,0,6656ba2a57d14dfa877fbe5fb3348eab0d3f27f0534a028bba26fa31c02d1922,-56,,0,0,,0
13:41:25,,0,6656ba2a57d14dfa877fbe5fb3348eab0d3f27f0534a028bba26fa31c02d1922,-57,,0,0,,0
13:41:26,,0,6656ba2a57d14dfa877fbe5fb3348eab0d3f27f0534a028bba26fa31c02d1922,-57,,0,0,,0
13:41:27,,0,b8ba31a6ff40571163539236384c976b4ce40a9deba2ffe24c97bf0bfee3c827,-72,,0,0,,0
13:41:27,,0,6656ba2a57d14dfa877fbe5fb3348eab0d3f27f0534a028bba26fa31c02d1922,-58,,0,0,,0
13:41:28,,0,6656ba2a57d14dfa877fbe5fb3348eab0d3f27f0534a028bba26fa31c02d1922,-58,,0,0,,0
13:41:29,,0,6656ba2a57d14dfa877fbe5fb3348eab0d3f27f0534a028bba26fa31c02d1922,-56,,0,0,,0
13:41:30,,0,6656ba2a57d14dfa877fbe5fb3348eab0d3f27f0534a028bba26fa31c02d1922,-58,,0,0,,0
13:41:31,,0,6656ba2a57d14dfa877fbe5fb3348eab0d3f27f0534a028bba26fa31c02d1922,-56,,0,0,,0
13:41:31,,0,6656ba2a57d14dfa877fbe5fb3348eab0d3f27f0534a028bba26fa31c02d1922,-57,,0,0,,0
13:41:32,,0,862659e939ee761da54abee5ce94e4f7cbca48d6afb5349dc23e80b925568134,-83,,0,0,,0
13:41:33,,0,b8ba31a6ff40571163539236384c976b4ce40a9deba2ffe24c97bf0bfee3c827,-73,,0,0,,0
13:41:34,,0,6656ba2a57d14dfa877fbe5fb3348eab0d3f27f0534a028bba26fa31c02d1922,-57,,0,0,,0
13:41:35,,0,6656ba2a57d14dfa877fbe5fb3348eab0d3f27f0534a028bba26fa31c02d1922,-57,,0,0,,0
13:41:35,,0,6656ba2a57d14dfa877fbe5fb3348eab0d3f27f0534a028bba26fa31c02d1922,-58,,0,0,,0
13:41:36,26.0,0,ac7da3e5efb65e467c4023097ab3188ee53c18a233ef40d2b30fabdf6baa88bb,-71,,0,0,12.0,0
13:41:37,,0,6656ba2a57d14dfa877fbe5fb3348eab0d3f27f0534a028bba26fa31c02d1922,-56,,0,0,,0
13:41:38,,0,6656ba2a57d14dfa877fbe5fb3348eab0d3f27f0534a028bba26fa31c02d1922,-56,,0,0,,0
13:41:38,,0,6656ba2a57d14dfa877fbe5fb3348eab0d3f27f0534a028bba26fa31c02d1922,-56,,0,0,,0
13:41:39,,0,6656ba2a57d14dfa877fbe5fb3348eab0d3f27f0534a028bba26fa31c02d1922,-57,,0,0,,0
13:41:40,26.0,0,3c8ff9a719cd21c8a1bd6a59f955ff4470e02f01c966f4763266b915cd91858a,-94,,0,0,12.0,0
13:41:41,,0,6656ba2a57d14dfa877fbe5fb3348eab0d3f27f0534a028bba26fa31c02d1922,-57,,0,0,,0
13:41:42,26.0,0,ac7da3e5efb65e467c4023097ab3188ee53c18a233ef40d2b30fabdf6baa88bb,-68,,0,0,12.0,0
13:41:42,26.0,0,ac7da3e5efb65e467c4023097ab3188ee53c18a233ef40d2b30fabdf6baa88bb,-69,,0,0,12.0,0
13:41:43,,0,6656ba2a57d14dfa877fbe5fb3348eab0d3f27f0534a028bba26fa31c02d1922,-57,,0,0,,0
13:41:44,,0,6656ba2a57d14dfa877fbe5fb3348eab0d3f27f0534a028bba26fa31c02d1922,-57,,0,0,,0
13:41:45,26.0,0,fda4a5916fc65c250c60e65bc4acf06e1c737fe9a1245c2ef3519edf5d439c5b,-91,,0,0,7.0,0
13:41:46,,0,6656ba2a57d14dfa877fbe5fb3348eab0d3f27f0534a028bba26fa31c02d1922,-56,,0,0,,0
13:41:46,,0,6656ba2a57d14dfa877fbe5fb3348eab0d3f27f0534a028bba26fa31c02d1922,-57,,0,0,,0
13:41:47,,0,862659e939ee761da54abee5ce94e4f7cbca48d6afb5349dc23e80b925568134,-82,,0,0,,0
13:41:48,,0,6656ba2a57d14dfa877fbe5fb3348eab0d3f27f0534a028bba26fa31c02d1922,-58,,0,0,,0
13:41:49,26.0,0,ac7da3e5efb65e467c4023097ab3188ee53c18a233ef40d2b30fabdf6baa88bb,-70,,0,0,12.0,0
13:41:49,,0,6656ba2a57d14dfa877fbe5fb3348eab0d3f27f0534a028bba26fa31c02d1922,-56,,0,0,,0
13:41:50,26.0,0,fda4a5916fc65c250c60e65bc4acf06e1c737fe9a1245c2ef3519edf5d439c5b,-89,,0,0,7.0,0
13:41:51,,0,b8ba31a6ff40571163539236384c976b4ce40a9deba2ffe24c97bf0bfee3c827,-68,,0,0,,0
13:41:52,,0,6656ba2a57d14dfa877fbe5fb3348eab0d3f27f0534a028bba26fa31c02d1922,-57,,0,0,,0
13:41:53,26.0,0,ac7da3e5efb65e467c4023097ab3188ee53c18a233ef40d2b30fabdf6baa88bb,-69,,0,0,12.0,0
13:41:53,,0,6656ba2a57d14dfa877fbe5fb3348eab0d3f27f0534a028bba26fa31c02d1922,-57,,0,0,,0
13:41:54,,0,6656ba2a57d14dfa877fbe5fb3348eab0d3f27f0534a028bba26fa31c02d1922,-56,,0,0,,0
13:41:55,,0,6656ba2a57d14dfa877fbe5fb3348eab0d3f27f0534a028bba26fa31c02d1922,-58,,0,0,,0
13:41:56,,0,6656ba2a57d14dfa877fbe5fb3348eab0d3f27f0534a028bba26fa31c02d1922,-57,,0,0,,0
13:41:56,,0,6656ba2a57d14dfa877fbe5fb3348eab0d3f27f0534a028bba26fa31c02d1922,-57,,0,0,,0
13:41:57,,0,6656ba2a57d14dfa877fbe5fb3348eab0d3f27f0534a028bba26fa31c02d1922,-57,,0,0,,0
13:41:58,,0,6656ba2a57d14dfa877fbe5fb3348eab0d3f27f0534a028bba26fa31c02d1922,-57,,0,0,,0
13:41:59,,0,6656ba2a57d14dfa877fbe5fb3348eab0d3f27f0534a028bba26fa31c02d1922,-58,,0,0,,0
13:42:00,,0,6656ba2a57d14dfa877fbe5fb3348eab0d3f27f0534a028bba26fa31c02d1922,-56,,0,0,,0
13:42:00,,0,6656ba2a57d14dfa877fbe5fb3348eab0d3f27f0534a028bba26fa31c02d1922,-57,,0,0,,0
13:42:01,,0,a8d15d2ce25d4fc0570f3cd2b8abca7c641b3f175983cb87b55a802509f49011,-90,,0,0,,0
13:42:02,,0,6656ba2a57d14dfa877fbe5fb3348eab0d3f27f0534a028bba26fa31c02d1922,-58,,0,0,,0
13:42:03,,0,6656ba2a57d14dfa877fbe5fb3348eab0d3f27f0534a028bba26fa31c02d1922,-57,,0,0,,0
13:42:03,,0,6656ba2a57d14dfa877fbe5fb3348eab0d3f27f0534a028bba26fa31c02d1922,-57,,0,0,,0
13:42:04,,0,862659e939ee761da54abee5ce94e4f7cbca48d6afb5349dc23e80b925568134,-82,,0,0,,0
13:42:05,,0,7b053d6ed1ff83e0e3e04422e23ddc1773d154808c36e48b2f2a63553432215f,-55,,0,0,,0
13:42:06,,0,6656ba2a57d14dfa877fbe5fb3348eab0d3f27f0534a028bba26fa31c02d1922,-57,,0,0,,0
13:42:07,,0,6656ba2a57d14dfa877fbe5fb3348eab0d3f27f0534a028bba26fa31c02d1922,-57,,0,0,,0
13:42:07,,0,6656ba2a57d14dfa877fbe5fb3348eab0d3f27f0534a028bba26fa31c02d1922,-57,,0,0,,0
13:42:08,26.0,0,fda4a5916fc65c250c60e65bc4acf06e1c737fe9a1245c2ef3519edf5d439c5b,-91,,0,0,7.0,0
13:42:09,,0,6656ba2a57d14dfa877fbe5fb3348eab0d3f27f0534a028bba26fa31c02d1922,-57,,0,0,,0
13:42:10,26.0,0,ac7da3e5efb65e467c4023097ab3188ee53c18a233ef40d2b30fabdf6baa88bb,-69,,0,0,12.0,0
13:42:11,,0,6656ba2a57d14dfa877fbe5fb3348eab0d3f27f0534a028bba26fa31c02d1922,-57,,0,0,,0
13:42:11,,0,6656ba2a57d14dfa877fbe5fb3348eab0d3f27f0534a028bba26fa31c02d1922,-57,,0,0,,0
13:42:12,26.0,0,4c93c1662c66a0397466b30999b19db4771754acf6a2dc8f7a86f662663a28a7,-91,,0,0,7.0,0
13:42:13,,0,6656ba2a57d14dfa877fbe5fb3348eab0d3f27f0534a028bba26fa31c02d1922,-57,,0,0,,0
13:42:14,,0,6656ba2a57d14dfa877fbe5fb3348eab0d3f27f0534a028bba26fa31c02d1922,-58,,0,0,,0
13:42:14,,0,6656ba2a57d14dfa877fbe5fb3348eab0d3f27f0534a028bba26fa31c02d1922,-57,,0,0,,0
13:42:15,26.0,0,ac7da3e5efb65e467c4023097ab3188ee53c18a233ef40d2b30fabdf6baa88bb,-71,,0,0,12.0,0
13:42:16,,0,862659e939ee761da54abee5ce94e4f7cbca48d6afb5349dc23e80b925568134,-82,,0,0,,0
13:42:17,,0,6656ba2a57d14dfa877fbe5fb3348eab0d3f27f0534a028bba26fa31c02d1922,-57,,0,0,,0
13:42:18,,0,6656ba2a57d14dfa877fbe5fb3348eab0d3f27f0534a028bba26fa31c02d1922,-58,,0,0,,0
13:42:18,,0,6656ba2a57d14dfa877fbe5fb3348eab0d3f27f0534a028bba26fa31c02d1922,-56,,0,0,,0
13:42:19,,0,6656ba2a57d14dfa877fbe5fb3348eab0d3f27f0534a028bba26fa31c02d1922,-56,,0,0,,0
13:42:20,,0,6656ba2a57d14dfa877fbe5fb3348eab0d3f27f0534a028bba26fa31c02d1922,-58,,0,0,,0
13:42:21,,0,6656ba2a57d14dfa877fbe5fb3348eab0d3f27f0534a028bba26fa31c02d1922,-58,,0,0,,0
13:42:21,26.0,0,4c93c1662c66a0397466b30999b19db4771754acf6a2dc8f7a86f662663a28a7,-88,,0,0,7.0,0
13:42:22,26.0,0,ac7da3e5efb65e467c4023097ab3188ee53c18a233ef40d2b30fabdf6baa88bb,-73,,0,0,12.0,0
13:42:23,,0,6656ba2a57d14dfa877fbe5fb3348eab0d3f27f0534a028bba26fa31c02d1922,-57,,0,0,,0
13:42:24,,0,6656ba2a57d14dfa877fbe5fb3348eab0d3f27f0534a028bba26fa31c02d1922,-57,,0,0,,0
13:42:25,,0,6656ba2a57d14dfa877fbe5fb3348eab0d3f27f0534a028bba26fa31c02d1922,-57,,0,0,,0
13:42:25,,0,6656ba2a57d14dfa877fbe5fb3348eab0d3f27f0534a028bba26fa31c02d1922,-57,,0,0,,0
13:42:26,,0,862659e939ee761da54abee5ce94e4f7cbca48d6afb5349dc23e80b925568134,-93,,0,0,,0
13:42:27,26.0,0,ac7da3e5efb65e467c4023097ab3188ee53c18a233ef40d2b30fabdf6baa88bb,-70,,0,0,12.0,0
13:42:28,,0,6656ba2a57d14dfa877fbe5fb3348eab0d3f27f0534a028bba26fa31c02d1922,-57,,0,0,,0
13:42:29,26.0,0,ac7da3e5efb65e467c4023097ab3188ee53c18a233ef40d2b30fabdf6baa88bb,-70,,0,0,12.0,0
13:42:29,,0,6656ba2a57d14dfa877fbe5fb3348eab0d3f27f0534a028bba26fa31c02d1922,-57,,0,0,,0
13:42:30,,0,6656ba2a57d14dfa877fbe5fb3348eab0d3f27f0534a028bba26fa31c02d1922,-56,,0,0,,0
13:42:31,26.0,0,ac7da3e5efb65e467c4023097ab3188ee53c18a233ef40d2b30fabdf6baa88bb,-68,,0,0,12.0,0
13:42:32,,0,6656ba2a57d14dfa877fbe5fb3348eab0d3f27f0534a028bba26fa31c02d1922,-58,,0,0,,0
13:42:32,,0,6656ba2a57d14dfa877fbe5fb3348eab0d3f27f0534a028bba26fa31c02d1922,-57,,0,0,,0
13:42:33,,0,862659e939ee761da54abee5ce94e4f7cbca48d6afb5349dc23e80b925568134,-93,,0,0,,0
13:42:34,,0,6656ba2a57d14dfa877fbe5fb3348eab0d3f27f0534a028bba26fa31c02d1922,-56,,0,0,,0
13:42:35,,0,6656ba2a57d14dfa877fbe5fb3348eab0d3f27f0534a028bba26fa31c02d1922,-57,,0,0,,0
13:42:36,,0,6656ba2a57d14dfa877fbe5fb3348eab0d3f27f0534a028bba26fa31c02d1922,-56,,0,0,,0
13:42:36,,0,6656ba2a57d14dfa877fbe5fb3348eab0d3f27f0534a028bba26fa31c02d1922,-56,,0,0,,0
13:42:37,26.0,0,ac7da3e5efb65e467c4023097ab3188ee53c18a233ef40d2b30fabdf6baa88bb,-72,,0,0,12.0,0
13:42:38,26.0,0,ac7da3e5efb65e467c4023097ab3188ee53c18a233ef40d2b30fabdf6baa88bb,-70,,0,0,12.0,0
13:42:39,,0,6656ba2a57d14dfa877fbe5fb3348eab0d3f27f0534a028bba26fa31c02d1922,-57,,0,0,,0
13:42:39,26.0,0,ac7da3e5efb65e467c4023097ab3188ee53c18a233ef40d2b30fabdf6baa88bb,-70,,0,0,12.0,0
13:42:40,26.0,0,ac7da3e5efb65e467c4023097ab3188ee53c18a233ef40d2b30fabdf6baa88bb,-71,,0,0,12.0,0
13:42:41,,0,b8ba31a6ff40571163539236384c976b4ce40a9deba2ffe24c97bf0bfee3c827,-73,,0,0,,0
13:42:42,,0,6656ba2a57d14dfa877fbe5fb3348eab0d3f27f0534a028bba26fa31c02d1922,-57,,0,0,,0
13:42:43,,0,6656ba2a57d14dfa877fbe5fb3348eab0d3f27f0534a028bba26fa31c02d1922,-58,,0,0,,0
13:42:43,26.0,0,ac7da3e5efb65e467c4023097ab3188ee53c18a233ef40d2b30fabdf6baa88bb,-70,,0,0,12.0,0
13:42:44,,0,6656ba2a57d14dfa877fbe5fb3348eab0d3f27f0534a028bba26fa31c02d1922,-56,,0,0,,0
13:42:45,,0,773a249b4dff2287be59476c4e9794ba3213e83de254620608dab6678294f70a,-90,,0,0,,0
13:42:46,26.0,0,4c93c1662c66a0397466b30999b19db4771754acf6a2dc8f7a86f662663a28a7,-89,,0,0,7.0,0
13:42:46,26.0,0,ac7da3e5efb65e467c4023097ab3188ee53c18a233ef40d2b30fabdf6baa88bb,-70,,0,0,12.0,0
13:42:47,26.0,0,4c93c1662c66a0397466b30999b19db4771754acf6a2dc8f7a86f662663a28a7,-86,,0,0,7.0,0
13:42:48,26.0,0,ac7da3e5efb65e467c4023097ab3188ee53c18a233ef40d2b30fabdf6baa88bb,-69,,0,0,12.0,0
13:42:49,,0,6656ba2a57d14dfa877fbe5fb3348eab0d3f27f0534a028bba26fa31c02d1922,-58,,0,0,,0
13:42:50,,0,6656ba2a57d14dfa877fbe5fb3348eab0d3f27f0534a028bba26fa31c02d1922,-57,,0,0,,0
13:42:50,26.0,0,ac7da3e5efb65e467c4023097ab3188ee53c18a233ef40d2b30fabdf6baa88bb,-70,,0,0,12.0,0
13:42:51,,0,6656ba2a57d14dfa877fbe5fb3348eab0d3f27f0534a028bba26fa31c02d1922,-57,,0,0,,0
13:42:52,26.0,0,ac7da3e5efb65e467c4023097ab3188ee53c18a233ef40d2b30fabdf6baa88bb,-70,,0,0,12.0,0
13:42:53,,0,6656ba2a57d14dfa877fbe5fb3348eab0d3f27f0534a028bba26fa31c02d1922,-58,,0,0,,0
13:42:54,,0,6656ba2a57d14dfa877fbe5fb3348eab0d3f27f0534a028bba26fa31c02d1922,-57,,0,0,,0
13:42:54,,0,6656ba2a57d14dfa877fbe5fb3348eab0d3f27f0534a028bba26fa31c02d1922,-57,,0,0,,0
13:42:55,,0,6656ba2a57d14dfa877fbe5fb3348eab0d3f27f0534a028bba26fa31c02d1922,-57,,0,0,,0
13:42:56,26.0,0,ac7da3e5efb65e467c4023097ab3188ee53c18a233ef40d2b30fabdf6baa88bb,-68,,0,0,12.0,0
13:42:57,,0,6656ba2a57d14dfa877fbe5fb3348eab0d3f27f0534a028bba26fa31c02d1922,-57,,0,0,,0
13:42:57,,0,6656ba2a57d14dfa877fbe5fb3348eab0d3f27f0534a028bba26fa31c02d1922,-58,,0,0,,0
13:42:58,,0,6656ba2a57d14dfa877fbe5fb3348eab0d3f27f0534a028bba26fa31c02d1922,-58,,0,0,,0
13:42:59,,0,773a249b4dff2287be59476c4e9794ba3213e83de254620608dab6678294f70a,-95,,0,0,,0
13:43:00,,0,6656ba2a57d14dfa877fbe5fb3348eab0d3f27f0534a028bba26fa31c02d1922,-57,,0,0,,0
13:43:01,,0,6656ba2a57d14dfa877fbe5fb3348eab0d3f27f0534a028bba26fa31c02d1922,-57,,0,0,,0
13:43:01,,0,6656ba2a57d14dfa877fbe5fb3348eab0d3f27f0534a028bba26fa31c02d1922,-58,,0,0,,0
13:43:02,26.0,0,ac7da3e5efb65e467c4023097ab3188ee53c18a233ef40d2b30fabdf6baa88bb,-71,,0,0,12.0,0
13:43:03,,0,6656ba2a57d14dfa877fbe5fb3348eab0d3f27f0534a028bba26fa31c02d1922,-57,,0,0,,0
13:43:04,,0,6656ba2a57d14dfa877fbe5fb3348eab0d3f27f0534a028bba26fa31c02d1922,-57,,0,0,,0
13:43:05,,0,6656ba2a57d14dfa877fbe5fb3348eab0d3f27f0534a028bba26fa31c02d1922,-58,,0,0,,0
13:43:05,,0,6656ba2a57d14dfa877fbe5fb3348eab0d3f27f0534a028bba26fa31c02d1922,-58,,0,0,,0
13:43:06,26.0,0,ac7da3e5efb65e467c4023097ab3188ee53c18a233ef40d2b30fabdf6baa88bb,-71,,0,0,12.0,0
13:43:07,,0,862659e939ee761da54abee5ce94e4f7cbca48d6afb5349dc23e80b925568134,-95,,0,0,,0
13:43:08,,0,6656ba2a57d14dfa877fbe5fb3348eab0d3f27f0534a028bba26fa31c02d1922,-57,,0,0,,0
13:43:08,,0,6656ba2a57d14dfa877fbe5fb3348eab0d3f27f0534a028bba26fa31c02d1922,-58,,0,0,,0
13:43:09,,0,6656ba2a57d14dfa877fbe5fb3348eab0d3f27f0534a028bba26fa31c02d1922,-57,,0,0,,0
13:43:10,,0,6656ba2a57d14dfa877fbe5fb3348eab0d3f27f0534a028bba26fa31c02d1922,-58,,0,0,,0
13:43:11,,0,6656ba2a57d14dfa877fbe5fb3348eab0d3f27f0534a028bba26fa31c02d1922,-58,,0,0,,0
13:43:12,,0,862659e939ee761da54abee5ce94e4f7cbca48d6afb5349dc23e80b925568134,-85,,0,0,,0
13:43:12,26.0,0,ac7da3e5efb65e467c4023097ab3188ee53c18a233ef40d2b30fabdf6baa88bb,-72,,0,0,12.0,0
13:43:13,,0,6656ba2a57d14dfa877fbe5fb3348eab0d3f27f0534a028bba26fa31c02d1922,-58,,0,0,,0
13:43:14,,0,6656ba2a57d14dfa877fbe5fb3348eab0d3f27f0534a028bba26fa31c02d1922,-57,,0,0,,0
13:43:15,26.0,0,ac7da3e5efb65e467c4023097ab3188ee53c18a233ef40d2b30fabdf6baa88bb,-76,,0,0,12.0,0
13:43:15,,0,6656ba2a57d14dfa877fbe5fb3348eab0d3f27f0534a028bba26fa31c02d1922,-58,,0,0,,0
13:43:16,26.0,0,ac7da3e5efb65e467c4023097ab3188ee53c18a233ef40d2b30fabdf6baa88bb,-73,,0,0,12.0,0
13:43:17,,0,6656ba2a57d14dfa877fbe5fb3348eab0d3f27f0534a028bba26fa31c02d1922,-57,,0,0,,0
13:43:18,,0,6656ba2a57d14dfa877fbe5fb3348eab0d3f27f0534a028bba26fa31c02d1922,-58,,0,0,,0
13:43:19,,0,6656ba2a57d14dfa877fbe5fb3348eab0d3f27f0534a028bba26fa31c02d1922,-58,,0,0,,0
13:43:19,,0,6656ba2a57d14dfa877fbe5fb3348eab0d3f27f0534a028bba26fa31c02d1922,-58,,0,0,,0
13:43:20,26.0,0,ac7da3e5efb65e467c4023097ab3188ee53c18a233ef40d2b30fabdf6baa88bb,-73,,0,0,12.0,0
13:43:21,,0,773a249b4dff2287be59476c4e9794ba3213e83de254620608dab6678294f70a,-89,,0,0,,0
13:43:22,,0,6656ba2a57d14dfa877fbe5fb3348eab0d3f27f0534a028bba26fa31c02d1922,-57,,0,0,,0
13:43:22,,0,6656ba2a57d14dfa877fbe5fb3348eab0d3f27f0534a028bba26fa31c02d1922,-58,,0,0,,0
13:43:23,,0,6656ba2a57d14dfa877fbe5fb3348eab0d3f27f0534a028bba26fa31c02d1922,-58,,0,0,,0
13:43:24,,0,6656ba2a57d14dfa877fbe5fb3348eab0d3f27f0534a028bba26fa31c02d1922,-58,,0,0,,0
13:43:25,,0,862659e939ee761da54abee5ce94e4f7cbca48d6afb5349dc23e80b925568134,-86,,0,0,,0
13:43:26,,0,6656ba2a57d14dfa877fbe5fb3348eab0d3f27f0534a028bba26fa31c02d1922,-58,,0,0,,0
13:43:26,26.0,0,ac7da3e5efb65e467c4023097ab3188ee53c18a233ef40d2b30fabdf6baa88bb,-76,,0,0,12.0,0
13:43:27,26.0,0,ac7da3e5efb65e467c4023097ab3188ee53c18a233ef40d2b30fabdf6baa88bb,-73,,0,0,12.0,0
13:43:28,,0,6656ba2a57d14dfa877fbe5fb3348eab0d3f27f0534a028bba26fa31c02d1922,-58,,0,0,,0
13:43:29,26.0,0,ac7da3e5efb65e467c4023097ab3188ee53c18a233ef40d2b30fabdf6baa88bb,-72,,0,0,12.0,0
13:43:30,,0,6656ba2a57d14dfa877fbe5fb3348eab0d3f27f0534a028bba26fa31c02d1922,-57,,0,0,,0
13:43:30,,0,6656ba2a57d14dfa877fbe5fb3348eab0d3f27f0534a028bba26fa31c02d1922,-58,,0,0,,0
13:43:31,,0,b8ba31a6ff40571163539236384c976b4ce40a9deba2ffe24c97bf0bfee3c827,-73,,0,0,,0
13:43:32,26.0,0,ac7da3e5efb65e467c4023097ab3188ee53c18a233ef40d2b30fabdf6baa88bb,-77,,0,0,12.0,0
13:43:33,,0,6656ba2a57d14dfa877fbe5fb3348eab0d3f27f0534a028bba26fa31c02d1922,-57,,0,0,,0
13:43:33,,0,862659e939ee761da54abee5ce94e4f7cbca48d6afb5349dc23e80b925568134,-82,,0,0,,0
13:43:34,26.0,0,ac7da3e5efb65e467c4023097ab3188ee53c18a233ef40d2b30fabdf6baa88bb,-71,,0,0,12.0,0
13:43:35,,0,6656ba2a57d14dfa877fbe5fb3348eab0d3f27f0534a028bba26fa31c02d1922,-57,,0,0,,0
13:43:36,,0,6656ba2a57d14dfa877fbe5fb3348eab0d3f27f0534a028bba26fa31c02d1922,-58,,0,0,,0
13:43:37,26.0,0,4c93c1662c66a0397466b30999b19db4771754acf6a2dc8f7a86f662663a28a7,-90,,0,0,7.0,0
13:43:37,,0,7b053d6ed1ff83e0e3e04422e23ddc1773d154808c36e48b2f2a63553432215f,-55,,0,0,,0
13:43:38,,0,0b7b900f80581246f502d74fef2b00f9d65f60d2d10935d6dd4aa5651fb39323,-91,,0,0,,0
13:43:39,,0,6656ba2a57d14dfa877fbe5fb3348eab0d3f27f0534a028bba26fa31c02d1922,-57,,0,0,,0
13:43:40,,0,6656ba2a57d14dfa877fbe5fb3348eab0d3f27f0534a028bba26fa31c02d1922,-57,,0,0,,0
13:43:41,,0,6656ba2a57d14dfa877fbe5fb3348eab0d3f27f0534a028bba26fa31c02d1922,-58,,0,0,,0
13:43:41,,0,0b7b900f80581246f502d74fef2b00f9d65f60d2d10935d6dd4aa5651fb39323,-91,,0,0,,0
13:43:42,26.0,0,3c8ff9a719cd21c8a1bd6a59f955ff4470e02f01c966f4763266b915cd91858a,-82,,0,0,12.0,0
13:43:43,,0,b8ba31a6ff40571163539236384c976b4ce40a9deba2ffe24c97bf0bfee3c827,-81,,0,0,,0
13:43:44,,0,0b7b900f80581246f502d74fef2b00f9d65f60d2d10935d6dd4aa5651fb39323,-90,,0,0,,0
13:43:44,,0,0b7b900f80581246f502d74fef2b00f9d65f60d2d10935d6dd4aa5651fb39323,-91,,0,0,,0
13:43:45,,0,0b7b900f80581246f502d74fef2b00f9d65f60d2d10935d6dd4aa5651fb39323,-90,,0,0,,0
13:43:46,,0,0b7b900f80581246f502d74fef2b00f9d65f60d2d10935d6dd4aa5651fb39323,-92,,0,0,,0
13:43:47,,0,0b7b900f80581246f502d74fef2b00f9d65f60d2d10935d6dd4aa5651fb39323,-94,,0,0,,0
13:43:48,26.0,0,ac7da3e5efb65e467c4023097ab3188ee53c18a233ef40d2b30fabdf6baa88bb,-77,,0,0,12.0,0
13:43:48,26.0,0,ac7da3e5efb65e467c4023097ab3188ee53c18a233ef40d2b30fabdf6baa88bb,-74,,0,0,12.0,0
13:43:49,,0,b8ba31a6ff40571163539236384c976b4ce40a9deba2ffe24c97bf0bfee3c827,-75,,0,0,,0
13:43:50,26.0,0,3c8ff9a719cd21c8a1bd6a59f955ff4470e02f01c966f4763266b915cd91858a,-88,,0,0,12.0,0
13:43:51,26.0,0,ac7da3e5efb65e467c4023097ab3188ee53c18a233ef40d2b30fabdf6baa88bb,-71,,0,0,12.0,0
13:43:51,,0,0b7b900f80581246f502d74fef2b00f9d65f60d2d10935d6dd4aa5651fb39323,-88,,0,0,,0
13:43:52,26.0,0,ac7da3e5efb65e467c4023097ab3188ee53c18a233ef40d2b30fabdf6baa88bb,-74,,0,0,12.0,0
13:43:53,26.0,0,ac7da3e5efb65e467c4023097ab3188ee53c18a233ef40d2b30fabdf6baa88bb,-79,,0,0,12.0,0
13:43:54,26.0,0,ac7da3e5efb65e467c4023097ab3188ee53c18a233ef40d2b30fabdf6baa88bb,-74,,0,0,12.0,0
13:43:55,26.0,0,ac7da3e5efb65e467c4023097ab3188ee53c18a233ef40d2b30fabdf6baa88bb,-76,,0,0,12.0,0
13:43:55,,0,7b053d6ed1ff83e0e3e04422e23ddc1773d154808c36e48b2f2a63553432215f,-55,,0,0,,0
13:43:56,26.0,0,4c93c1662c66a0397466b30999b19db4771754acf6a2dc8f7a86f662663a28a7,-91,,0,0,7.0,0
13:43:57,26.0,0,ac7da3e5efb65e467c4023097ab3188ee53c18a233ef40d2b30fabdf6baa88bb,-73,,0,0,12.0,0
13:43:58,26.0,0,3c8ff9a719cd21c8a1bd6a59f955ff4470e02f01c966f4763266b915cd91858a,-91,,0,0,12.0,0
13:43:58,26.0,0,4c93c1662c66a0397466b30999b19db4771754acf6a2dc8f7a86f662663a28a7,-90,,0,0,7.0,0
13:43:59,26.0,0,4c93c1662c66a0397466b30999b19db4771754acf6a2dc8f7a86f662663a28a7,-86,,0,0,7.0,0
13:44:00,26.0,0,ac7da3e5efb65e467c4023097ab3188ee53c18a233ef40d2b30fabdf6baa88bb,-74,,0,0,12.0,0
13:44:01,,0,0b7b900f80581246f502d74fef2b00f9d65f60d2d10935d6dd4aa5651fb39323,-92,,0,0,,0
13:44:02,,0,0b7b900f80581246f502d74fef2b00f9d65f60d2d10935d6dd4aa5651fb39323,-92,,0,0,,0
13:44:02,,0,862659e939ee761da54abee5ce94e4f7cbca48d6afb5349dc23e80b925568134,-83,,0,0,,0
13:44:03,,0,773a249b4dff2287be59476c4e9794ba3213e83de254620608dab6678294f70a,-92,,0,0,,0
13:44:04,,0,862659e939ee761da54abee5ce94e4f7cbca48d6afb5349dc23e80b925568134,-83,,0,0,,0
13:44:05,26.0,0,ac7da3e5efb65e467c4023097ab3188ee53c18a233ef40d2b30fabdf6baa88bb,-67,,0,0,12.0,0
13:44:06,,0,862659e939ee761da54abee5ce94e4f7cbca48d6afb5349dc23e80b925568134,-82,,0,0,,0
13:44:06,26.0,0,ac7da3e5efb65e467c4023097ab3188ee53c18a233ef40d2b30fabdf6baa88bb,-82,,0,0,12.0,0
13:44:07,,0,773a249b4dff2287be59476c4e9794ba3213e83de254620608dab6678294f70a,-89,,0,0,,0
13:44:08,26.0,0,4c93c1662c66a0397466b30999b19db4771754acf6a2dc8f7a86f662663a28a7,-88,,0,0,7.0,0
13:44:09,26.0,0,ac7da3e5efb65e467c4023097ab3188ee53c18a233ef40d2b30fabdf6baa88bb,-77,,0,0,12.0,0
13:44:09,,0,7b053d6ed1ff83e0e3e04422e23ddc1773d154808c36e48b2f2a63553432215f,-45,,0,0,,0
13:44:10,,0,0b7b900f80581246f502d74fef2b00f9d65f60d2d10935d6dd4aa5651fb39323,-92,,0,0,,0
13:44:11,,0,0b7b900f80581246f502d74fef2b00f9d65f60d2d10935d6dd4aa5651fb39323,-93,,0,0,,0
13:44:12,26.0,0,3c8ff9a719cd21c8a1bd6a59f955ff4470e02f01c966f4763266b915cd91858a,-88,,0,0,12.0,0
13:44:13,26.0,0,4c93c1662c66a0397466b30999b19db4771754acf6a2dc8f7a86f662663a28a7,-86,,0,0,7.0,0
13:44:13,,0,7b053d6ed1ff83e0e3e04422e23ddc1773d154808c36e48b2f2a63553432215f,-53,,0,0,,0
13:44:14,,0,0b7b900f80581246f502d74fef2b00f9d65f60d2d10935d6dd4aa5651fb39323,-91,,0,0,,0
13:44:15,,0,0b7b900f80581246f502d74fef2b00f9d65f60d2d10935d6dd4aa5651fb39323,-90,,0,0,,0
13:44:16,,0,0b7b900f80581246f502d74fef2b00f9d65f60d2d10935d6dd4aa5651fb39323,-90,,0,0,,0
13:44:16,,0,0b7b900f80581246f502d74fef2b00f9d65f60d2d10935d6dd4aa5651fb39323,-93,,0,0,,0
13:44:17,,0,7b053d6ed1ff83e0e3e04422e23ddc1773d154808c36e48b2f2a63553432215f,-55,,0,0,,0
13:44:18,,0,862659e939ee761da54abee5ce94e4f7cbca48d6afb5349dc23e80b925568134,-92,,0,0,,0
13:44:19,,0,0b7b900f80581246f502d74fef2b00f9d65f60d2d10935d6dd4aa5651fb39323,-94,,0,0,,0
13:44:20,,0,862659e939ee761da54abee5ce94e4f7cbca48d6afb5349dc23e80b925568134,-93,,0,0,,0
13:44:20,,0,0b7b900f80581246f502d74fef2b00f9d65f60d2d10935d6dd4aa5651fb39323,-92,,0,0,,0
13:44:21,,0,862659e939ee761da54abee5ce94e4f7cbca48d6afb5349dc23e80b925568134,-83,,0,0,,0
13:44:22,,0,0b7b900f80581246f502d74fef2b00f9d65f60d2d10935d6dd4aa5651fb39323,-93,,0,0,,0
13:44:23,26.0,0,4c93c1662c66a0397466b30999b19db4771754acf6a2dc8f7a86f662663a28a7,-88,,0,0,7.0,0
13:44:23,26.0,0,b2a9ccfcefa4f0c7525297b3b909060d75dde93ab0d998065a0a5c8a64581151,-76,,0,0,12.0,0
13:44:24,,0,0b7b900f80581246f502d74fef2b00f9d65f60d2d10935d6dd4aa5651fb39323,-88,,0,0,,0
13:44:25,26.0,0,b2a9ccfcefa4f0c7525297b3b909060d75dde93ab0d998065a0a5c8a64581151,-76,,0,0,12.0,0
13:44:26,26.0,0,b2a9ccfcefa4f0c7525297b3b909060d75dde93ab0d998065a0a5c8a64581151,-76,,0,0,12.0,0
13:44:27,,0,a8d15d2ce25d4fc0570f3cd2b8abca7c641b3f175983cb87b55a802509f49011,-95,,0,0,,0
13:44:27,26.0,0,b2a9ccfcefa4f0c7525297b3b909060d75dde93ab0d998065a0a5c8a64581151,-81,,0,0,12.0,0
13:44:28,,0,0b7b900f80581246f502d74fef2b00f9d65f60d2d10935d6dd4aa5651fb39323,-89,,0,0,,0
13:44:29,,0,0b7b900f80581246f502d74fef2b00f9d65f60d2d10935d6dd4aa5651fb39323,-90,,0,0,,0
13:44:30,26.0,0,b2a9ccfcefa4f0c7525297b3b909060d75dde93ab0d998065a0a5c8a64581151,-83,,0,0,12.0,0
13:44:30,,0,0b7b900f80581246f502d74fef2b00f9d65f60d2d10935d6dd4aa5651fb39323,-90,,0,0,,0
13:44:31,,0,0b7b900f80581246f502d74fef2b00f9d65f60d2d10935d6dd4aa5651fb39323,-97,,0,0,,0
13:44:32,,0,0b7b900f80581246f502d74fef2b00f9d65f60d2d10935d6dd4aa5651fb39323,-91,,0,0,,0
13:44:33,,0,862659e939ee761da54abee5ce94e4f7cbca48d6afb5349dc23e80b925568134,-84,,0,0,,0
13:44:34,,0,0b7b900f80581246f502d74fef2b00f9d65f60d2d10935d6dd4aa5651fb39323,-91,,0,0,,0
13:44:34,26.0,0,4c93c1662c66a0397466b30999b19db4771754acf6a2dc8f7a86f662663a28a7,-87,,0,0,7.0,0
13:44:35,,0,0b7b900f80581246f502d74fef2b00f9d65f60d2d10935d6dd4aa5651fb39323,-93,,0,0,,0
13:44:36,26.0,0,3c8ff9a719cd21c8a1bd6a59f955ff4470e02f01c966f4763266b915cd91858a,-85,,0,0,12.0,0
13:44:37,26.0,0,4c93c1662c66a0397466b30999b19db4771754acf6a2dc8f7a86f662663a28a7,-91,,0,0,7.0,0
13:44:38,,0,862659e939ee761da54abee5ce94e4f7cbca48d6afb5349dc23e80b925568134,-81,,0,0,,0
13:44:38,26.0,0,b2a9ccfcefa4f0c7525297b3b909060d75dde93ab0d998065a0a5c8a64581151,-71,,0,0,12.0,0
13:44:39,,0,0b7b900f80581246f502d74fef2b00f9d65f60d2d10935d6dd4aa5651fb39323,-88,,0,0,,0
13:44:40,26.0,0,4c93c1662c66a0397466b30999b19db4771754acf6a2dc8f7a86f662663a28a7,-92,,0,0,7.0,0
13:44:41,,0,0b7b900f80581246f502d74fef2b00f9d65f60d2d10935d6dd4aa5651fb39323,-92,,0,0,,0
13:44:42,,0,0b7b900f80581246f502d74fef2b00f9d65f60d2d10935d6dd4aa5651fb39323,-87,,0,0,,0
13:44:42,,0,a8d15d2ce25d4fc0570f3cd2b8abca7c641b3f175983cb87b55a802509f49011,-91,,0,0,,0
13:44:43,,0,0b7b900f80581246f502d74fef2b00f9d65f60d2d10935d6dd4aa5651fb39323,-94,,0,0,,0
13:44:44,,0,0b7b900f80581246f502d74fef2b00f9d65f60d2d10935d6dd4aa5651fb39323,-94,,0,0,,0
13:44:45,,0,a8d15d2ce25d4fc0570f3cd2b8abca7c641b3f175983cb87b55a802509f49011,-95,,0,0,,0
13:44:45,,0,7b053d6ed1ff83e0e3e04422e23ddc1773d154808c36e48b2f2a63553432215f,-53,,0,0,,0
13:44:46,,0,862659e939ee761da54abee5ce94e4f7cbca48d6afb5349dc23e80b925568134,-82,,0,0,,0
13:44:47,,0,862659e939ee761da54abee5ce94e4f7cbca48d6afb5349dc23e80b925568134,-91,,0,0,,0
13:44:48,26.0,0,b2a9ccfcefa4f0c7525297b3b909060d75dde93ab0d998065a0a5c8a64581151,-75,,0,0,12.0,0
13:44:49,,0,a8d15d2ce25d4fc0570f3cd2b8abca7c641b3f175983cb87b55a802509f49011,-88,,0,0,,0
13:44:49,,0,7b053d6ed1ff83e0e3e04422e23ddc1773d154808c36e48b2f2a63553432215f,-57,,0,0,,0
13:44:50,26.0,0,b2a9ccfcefa4f0c7525297b3b909060d75dde93ab0d998065a0a5c8a64581151,-73,,0,0,12.0,0
13:44:51,,0,0b7b900f80581246f502d74fef2b00f9d65f60d2d10935d6dd4aa5651fb39323,-93,,0,0,,0
13:44:52,26.0,0,b2a9ccfcefa4f0c7525297b3b909060d75dde93ab0d998065a0a5c8a64581151,-73,,0,0,12.0,0
13:44:52,,0,0b7b900f80581246f502d74fef2b00f9d65f60d2d10935d6dd4aa5651fb39323,-93,,0,0,,0
13:44:53,,0,773a249b4dff2287be59476c4e9794ba3213e83de254620608dab6678294f70a,-95,,0,0,,0
13:44:54,26.0,0,b2a9ccfcefa4f0c7525297b3b909060d75dde93ab0d998065a0a5c8a64581151,-78,,0,0,12.0,0
13:44:55,26.0,0,b2a9ccfcefa4f0c7525297b3b909060d75dde93ab0d998065a0a5c8a64581151,-73,,0,0,12.0,0
13:44:56,,0,0b7b900f80581246f502d74fef2b00f9d65f60d2d10935d6dd4aa5651fb39323,-95,,0,0,,0
13:44:56,26.0,0,b2a9ccfcefa4f0c7525297b3b909060d75dde93ab0d998065a0a5c8a64581151,-76,,0,0,12.0,0
13:44:57,26.0,0,b2a9ccfcefa4f0c7525297b3b909060d75dde93ab0d998065a0a5c8a64581151,-73,,0,0,12.0,0
13:44:58,26.0,0,4c93c1662c66a0397466b30999b19db4771754acf6a2dc8f7a86f662663a28a7,-86,,0,0,7.0,0
13:44:59,26.0,0,b2a9ccfcefa4f0c7525297b3b909060d75dde93ab0d998065a0a5c8a64581151,-76,,0,0,12.0,0
13:45:00,,0,0b7b900f80581246f502d74fef2b00f9d65f60d2d10935d6dd4aa5651fb39323,-93,,0,0,,0
13:45:00,26.0,0,b2a9ccfcefa4f0c7525297b3b909060d75dde93ab0d998065a0a5c8a64581151,-71,,0,0,12.0,0
13:45:01,,0,b8ba31a6ff40571163539236384c976b4ce40a9deba2ffe24c97bf0bfee3c827,-74,,0,0,,0
13:45:02,26.0,0,b2a9ccfcefa4f0c7525297b3b909060d75dde93ab0d998065a0a5c8a64581151,-78,,0,0,12.0,0
13:45:03,26.0,0,b2a9ccfcefa4f0c7525297b3b909060d75dde93ab0d998065a0a5c8a64581151,-76,,0,0,12.0,0
13:45:03,26.0,0,b2a9ccfcefa4f0c7525297b3b909060d75dde93ab0d998065a0a5c8a64581151,-71,,0,0,12.0,0
13:45:04,,0,0b7b900f80581246f502d74fef2b00f9d65f60d2d10935d6dd4aa5651fb39323,-93,,0,0,,0
13:45:05,,0,b8ba31a6ff40571163539236384c976b4ce40a9deba2ffe24c97bf0bfee3c827,-71,,0,0,,0
13:45:06,26.0,0,b2a9ccfcefa4f0c7525297b3b909060d75dde93ab0d998065a0a5c8a64581151,-75,,0,0,12.0,0
13:45:06,26.0,0,b2a9ccfcefa4f0c7525297b3b909060d75dde93ab0d998065a0a5c8a64581151,-68,,0,0,12.0,0
13:45:07,,0,773a249b4dff2287be59476c4e9794ba3213e83de254620608dab6678294f70a,-87,,0,0,,0
13:45:08,26.0,0,b2a9ccfcefa4f0c7525297b3b909060d75dde93ab0d998065a0a5c8a64581151,-70,,0,0,12.0,0
13:45:09,,0,0b7b900f80581246f502d74fef2b00f9d65f60d2d10935d6dd4aa5651fb39323,-96,,0,0,,0
13:45:10,,0,0b7b900f80581246f502d74fef2b00f9d65f60d2d10935d6dd4aa5651fb39323,-96,,0,0,,0
13:45:10,,0,0b7b900f80581246f502d74fef2b00f9d65f60d2d10935d6dd4aa5651fb39323,-93,,0,0,,0
13:45:11,,0,7b053d6ed1ff83e0e3e04422e23ddc1773d154808c36e48b2f2a63553432215f,-56,,0,0,,0
13:45:12,,0,0b7b900f80581246f502d74fef2b00f9d65f60d2d10935d6dd4aa5651fb39323,-89,,0,0,,0
13:45:13,,0,862659e939ee761da54abee5ce94e4f7cbca48d6afb5349dc23e80b925568134,-92,,0,0,,0
13:45:13,,0,7b053d6ed1ff83e0e3e04422e23ddc1773d154808c36e48b2f2a63553432215f,-53,,0,0,,0
13:45:14,,0,0b7b900f80581246f502d74fef2b00f9d65f60d2d10935d6dd4aa5651fb39323,-92,,0,0,,0
13:45:15,26.0,0,4c93c1662c66a0397466b30999b19db4771754acf6a2dc8f7a86f662663a28a7,-88,,0,0,7.0,0
13:45:16,,0,c524b1fb21504ae6016d73e704f95a3a0a7534e6fbcb234768b0ffe14e0e358a,-90,,0,0,,0
13:45:17,26.0,0,4c93c1662c66a0397466b30999b19db4771754acf6a2dc8f7a86f662663a28a7,-88,,0,0,7.0,0
13:45:18,26.0,0,3c8ff9a719cd21c8a1bd6a59f955ff4470e02f01c966f4763266b915cd91858a,-87,,0,0,12.0,0
13:45:18,,0,0b7b900f80581246f502d74fef2b00f9d65f60d2d10935d6dd4aa5651fb39323,-91,,0,0,,0
13:45:19,26.0,0,3c8ff9a719cd21c8a1bd6a59f955ff4470e02f01c966f4763266b915cd91858a,-89,,0,0,12.0,0
13:45:20,,0,c524b1fb21504ae6016d73e704f95a3a0a7534e6fbcb234768b0ffe14e0e358a,-88,,0,0,,0
13:45:21,,0,0b7b900f80581246f502d74fef2b00f9d65f60d2d10935d6dd4aa5651fb39323,-93,,0,0,,0
13:45:21,,0,0b7b900f80581246f502d74fef2b00f9d65f60d2d10935d6dd4aa5651fb39323,-92,,0,0,,0
13:45:22,,0,0b7b900f80581246f502d74fef2b00f9d65f60d2d10935d6dd4aa5651fb39323,-89,,0,0,,0
13:45:23,26.0,0,4c93c1662c66a0397466b30999b19db4771754acf6a2dc8f7a86f662663a28a7,-91,,0,0,7.0,0
13:45:24,26.0,0,3c8ff9a719cd21c8a1bd6a59f955ff4470e02f01c966f4763266b915cd91858a,-82,,0,0,12.0,0
13:45:25,,0,0b7b900f80581246f502d74fef2b00f9d65f60d2d10935d6dd4aa5651fb39323,-89,,0,0,,0
13:45:25,,0,862659e939ee761da54abee5ce94e4f7cbca48d6afb5349dc23e80b925568134,-81,,0,0,,0
13:45:26,26.0,0,3c8ff9a719cd21c8a1bd6a59f955ff4470e02f01c966f4763266b915cd91858a,-91,,0,0,12.0,0
13:45:27,,0,862659e939ee761da54abee5ce94e4f7cbca48d6afb5349dc23e80b925568134,-83,,0,0,,0
13:45:28,,0,862659e939ee761da54abee5ce94e4f7cbca48d6afb5349dc23e80b925568134,-92,,0,0,,0
13:45:28,,0,0b7b900f80581246f502d74fef2b00f9d65f60d2d10935d6dd4aa5651fb39323,-89,,0,0,,0
13:45:29,,0,0b7b900f80581246f502d74fef2b00f9d65f60d2d10935d6dd4aa5651fb39323,-92,,0,0,,0
13:45:30,,0,0b7b900f80581246f502d74fef2b00f9d65f60d2d10935d6dd4aa5651fb39323,-92,,0,0,,0
13:45:31,,0,862659e939ee761da54abee5ce94e4f7cbca48d6afb5349dc23e80b925568134,-90,,0,0,,0
13:45:32,26.0,0,3c8ff9a719cd21c8a1bd6a59f955ff4470e02f01c966f4763266b915cd91858a,-81,,0,0,12.0,0
13:45:32,,0,862659e939ee761da54abee5ce94e4f7cbca48d6afb5349dc23e80b925568134,-90,,0,0,,0
13:45:33,,0,0b7b900f80581246f502d74fef2b00f9d65f60d2d10935d6dd4aa5651fb39323,-89,,0,0,,0
13:45:34,,0,ec0c04c83fe114a588a2d8edbcef8c0c8e61ff8ac7a419d3a074fa0eb5774ce8,-86,,0,0,,0
13:45:35,,0,e336cd13ad0d0459dc90ef1f42dcf66e9ddf6aa9ab39780c7ae0d141ec45190a,-53,,0,0,,0
13:45:35,,0,0b7b900f80581246f502d74fef2b00f9d65f60d2d10935d6dd4aa5651fb39323,-95,,0,0,,0
13:45:36,26.0,0,4c93c1662c66a0397466b30999b19db4771754acf6a2dc8f7a86f662663a28a7,-90,,0,0,7.0,0
13:45:37,26.0,0,4c93c1662c66a0397466b30999b19db4771754acf6a2dc8f7a86f662663a28a7,-94,,0,0,7.0,0
13:45:38,,0,0b7b900f80581246f502d74fef2b00f9d65f60d2d10935d6dd4aa5651fb39323,-93,,0,0,,0
13:45:39,,0,e336cd13ad0d0459dc90ef1f42dcf66e9ddf6aa9ab39780c7ae0d141ec45190a,-53,,0,0,,0
13:45:39,,0,862659e939ee761da54abee5ce94e4f7cbca48d6afb5349dc23e80b925568134,-91,,0,0,,0
13:45:40,,0,0b7b900f80581246f502d74fef2b00f9d65f60d2d10935d6dd4aa5651fb39323,-93,,0,0,,0
13:45:41,,0,0b7b900f80581246f502d74fef2b00f9d65f60d2d10935d6dd4aa5651fb39323,-94,,0,0,,0
13:45:42,,0,0b7b900f80581246f502d74fef2b00f9d65f60d2d10935d6dd4aa5651fb39323,-91,,0,0,,0
13:45:43,26.0,0,4c93c1662c66a0397466b30999b19db4771754acf6a2dc8f7a86f662663a28a7,-86,,0,0,7.0,0
13:45:43,,0,0b7b900f80581246f502d74fef2b00f9d65f60d2d10935d6dd4aa5651fb39323,-93,,0,0,,0
13:45:44,,0,ec0c04c83fe114a588a2d8edbcef8c0c8e61ff8ac7a419d3a074fa0eb5774ce8,-85,,0,0,,0
13:45:45,,0,862659e939ee761da54abee5ce94e4f7cbca48d6afb5349dc23e80b925568134,-94,,0,0,,0
13:45:46,,0,0b7b900f80581246f502d74fef2b00f9d65f60d2d10935d6dd4aa5651fb39323,-91,,0,0,,0
13:45:46,26.0,0,4c93c1662c66a0397466b30999b19db4771754acf6a2dc8f7a86f662663a28a7,-89,,0,0,7.0,0
13:45:47,,0,862659e939ee761da54abee5ce94e4f7cbca48d6afb5349dc23e80b925568134,-82,,0,0,,0
13:45:48,,0,0b7b900f80581246f502d74fef2b00f9d65f60d2d10935d6dd4aa5651fb39323,-88,,0,0,,0
13:45:49,,0,0b7b900f80581246f502d74fef2b00f9d65f60d2d10935d6dd4aa5651fb39323,-93,,0,0,,0
13:45:50,,0,0b7b900f80581246f502d74fef2b00f9d65f60d2d10935d6dd4aa5651fb39323,-94,,0,0,,0
13:45:50,,0,0b7b900f80581246f502d74fef2b00f9d65f60d2d10935d6dd4aa5651fb39323,-91,,0,0,,0
13:45:51,26.0,0,3c8ff9a719cd21c8a1bd6a59f955ff4470e02f01c966f4763266b915cd91858a,-81,,0,0,12.0,0
13:45:52,,0,0b7b900f80581246f502d74fef2b00f9d65f60d2d10935d6dd4aa5651fb39323,-91,,0,0,,0
13:45:53,,0,0b7b900f80581246f502d74fef2b00f9d65f60d2d10935d6dd4aa5651fb39323,-88,,0,0,,0
13:45:53,,0,0b7b900f80581246f502d74fef2b00f9d65f60d2d10935d6dd4aa5651fb39323,-89,,0,0,,0
13:45:54,,0,862659e939ee761da54abee5ce94e4f7cbca48d6afb5349dc23e80b925568134,-82,,0,0,,0
13:45:55,26.0,0,b2a9ccfcefa4f0c7525297b3b909060d75dde93ab0d998065a0a5c8a64581151,-78,,0,0,12.0,0
13:45:56,26.0,0,b2a9ccfcefa4f0c7525297b3b909060d75dde93ab0d998065a0a5c8a64581151,-77,,0,0,12.0,0
13:45:57,26.0,0,b2a9ccfcefa4f0c7525297b3b909060d75dde93ab0d998065a0a5c8a64581151,-79,,0,0,12.0,0
13:45:57,,0,862659e939ee761da54abee5ce94e4f7cbca48d6afb5349dc23e80b925568134,-80,,0,0,,0
13:45:58,26.0,0,b2a9ccfcefa4f0c7525297b3b909060d75dde93ab0d998065a0a5c8a64581151,-80,,0,0,12.0,0
13:45:59,,0,862659e939ee761da54abee5ce94e4f7cbca48d6afb5349dc23e80b925568134,-80,,0,0,,0
13:46:00,26.0,0,4c93c1662c66a0397466b30999b19db4771754acf6a2dc8f7a86f662663a28a7,-88,,0,0,,0
13:46:01,26.0,0,4c93c1662c66a0397466b30999b19db4771754acf6a2dc8f7a86f662663a28a7,-90,,0,0,,0
13:46:01,26.0,0,4c93c1662c66a0397466b30999b19db4771754acf6a2dc8f7a86f662663a28a7,-90,,0,0,,0
13:46:02,26.0,0,b2a9ccfcefa4f0c7525297b3b909060d75dde93ab0d998065a0a5c8a64581151,-74,,0,0,12.0,0
13:46:03,,0,0b7b900f80581246f502d74fef2b00f9d65f60d2d10935d6dd4aa5651fb39323,-89,,0,0,,0
13:46:04,,0,0b7b900f80581246f502d74fef2b00f9d65f60d2d10935d6dd4aa5651fb39323,-93,,0,0,,0
13:46:04,26.0,0,b2a9ccfcefa4f0c7525297b3b909060d75dde93ab0d998065a0a5c8a64581151,-76,,0,0,12.0,0
13:46:05,,0,0b7b900f80581246f502d74fef2b00f9d65f60d2d10935d6dd4aa5651fb39323,-89,,0,0,,0
13:46:06,,0,0b7b900f80581246f502d74fef2b00f9d65f60d2d10935d6dd4aa5651fb39323,-91,,0,0,,0
13:46:07,,0,0b7b900f80581246f502d74fef2b00f9d65f60d2d10935d6dd4aa5651fb39323,-87,,0,0,,0
13:46:08,26.0,0,b2a9ccfcefa4f0c7525297b3b909060d75dde93ab0d998065a0a5c8a64581151,-76,,0,0,12.0,0
13:46:08,26.0,0,b2a9ccfcefa4f0c7525297b3b909060d75dde93ab0d998065a0a5c8a64581151,-81,,0,0,12.0,0
13:46:09,26.0,0,4c93c1662c66a0397466b30999b19db4771754acf6a2dc8f7a86f662663a28a7,-85,,0,0,,0
13:46:10,26.0,0,4c93c1662c66a0397466b30999b19db4771754acf6a2dc8f7a86f662663a28a7,-88,,0,0,,0
13:46:11,26.0,0,4c93c1662c66a0397466b30999b19db4771754acf6a2dc8f7a86f662663a28a7,-87,,0,0,,0
13:46:11,,0,862659e939ee761da54abee5ce94e4f7cbca48d6afb5349dc23e80b925568134,-91,,0,0,,0
13:46:12,26.0,0,3c8ff9a719cd21c8a1bd6a59f955ff4470e02f01c966f4763266b915cd91858a,-88,,0,0,12.0,0
13:46:13,26.0,0,4c93c1662c66a0397466b30999b19db4771754acf6a2dc8f7a86f662663a28a7,-86,,0,0,,0
13:46:14,26.0,0,4c93c1662c66a0397466b30999b19db4771754acf6a2dc8f7a86f662663a28a7,-87,,0,0,,0
13:46:15,26.0,0,b2a9ccfcefa4f0c7525297b3b909060d75dde93ab0d998065a0a5c8a64581151,-77,,0,0,12.0,0
13:46:15,26.0,0,4c93c1662c66a0397466b30999b19db4771754acf6a2dc8f7a86f662663a28a7,-84,,0,0,,0
13:46:16,,0,0b7b900f80581246f502d74fef2b00f9d65f60d2d10935d6dd4aa5651fb39323,-92,,0,0,,0
13:46:17,,0,07415d4390ab51e831e2217f18aa69a9927659842a8bfc36577f568fa13f1016,-79,,0,0,,0
13:46:18,,0,0b7b900f80581246f502d74fef2b00f9d65f60d2d10935d6dd4aa5651fb39323,-91,,0,0,,0
13:46:18,26.0,0,4c93c1662c66a0397466b30999b19db4771754acf6a2dc8f7a86f662663a28a7,-88,,0,0,,0
13:46:19,26.0,0,b2a9ccfcefa4f0c7525297b3b909060d75dde93ab0d998065a0a5c8a64581151,-71,,0,0,12.0,0
13:46:20,,0,c524b1fb21504ae6016d73e704f95a3a0a7534e6fbcb234768b0ffe14e0e358a,-90,,0,0,,0
13:46:21,26.0,0,4c93c1662c66a0397466b30999b19db4771754acf6a2dc8f7a86f662663a28a7,-89,,0,0,,0
13:46:22,26.0,0,b2a9ccfcefa4f0c7525297b3b909060d75dde93ab0d998065a0a5c8a64581151,-79,,0,0,12.0,0
13:46:22,26.0,0,4c93c1662c66a0397466b30999b19db4771754acf6a2dc8f7a86f662663a28a7,-87,,0,0,7.0,0
13:46:23,26.0,0,b2a9ccfcefa4f0c7525297b3b909060d75dde93ab0d998065a0a5c8a64581151,-78,,0,0,12.0,0
13:46:24,,0,c524b1fb21504ae6016d73e704f95a3a0a7534e6fbcb234768b0ffe14e0e358a,-95,,0,0,,0
13:46:25,,0,0b7b900f80581246f502d74fef2b00f9d65f60d2d10935d6dd4aa5651fb39323,-90,,0,0,,0
13:46:26,,0,0b7b900f80581246f502d74fef2b00f9d65f60d2d10935d6dd4aa5651fb39323,-92,,0,0,,0
13:46:26,,0,ec0c04c83fe114a588a2d8edbcef8c0c8e61ff8ac7a419d3a074fa0eb5774ce8,-90,,0,0,,0
13:46:27,,0,862659e939ee761da54abee5ce94e4f7cbca48d6afb5349dc23e80b925568134,-93,,0,0,,0
13:46:28,,0,0b7b900f80581246f502d74fef2b00f9d65f60d2d10935d6dd4aa5651fb39323,-90,,0,0,,0
13:46:29,,0,e336cd13ad0d0459dc90ef1f42dcf66e9ddf6aa9ab39780c7ae0d141ec45190a,-55,,0,0,,0
13:46:29,,0,862659e939ee761da54abee5ce94e4f7cbca48d6afb5349dc23e80b925568134,-83,,0,0,,0
13:46:30,,0,0b7b900f80581246f502d74fef2b00f9d65f60d2d10935d6dd4aa5651fb39323,-89,,0,0,,0
13:46:31,,0,862659e939ee761da54abee5ce94e4f7cbca48d6afb5349dc23e80b925568134,-82,,0,0,,0
13:46:32,,0,0b7b900f80581246f502d74fef2b00f9d65f60d2d10935d6dd4aa5651fb39323,-89,,0,0,,0
13:46:33,,0,0b7b900f80581246f502d74fef2b00f9d65f60d2d10935d6dd4aa5651fb39323,-90,,0,0,,0
13:46:33,,0,862659e939ee761da54abee5ce94e4f7cbca48d6afb5349dc23e80b925568134,-92,,0,0,,0
13:46:34,,0,0b7b900f80581246f502d74fef2b00f9d65f60d2d10935d6dd4aa5651fb39323,-91,,0,0,,0
13:46:35,,0,07415d4390ab51e831e2217f18aa69a9927659842a8bfc36577f568fa13f1016,-78,,0,0,,0
13:46:36,26.0,0,3c8ff9a719cd21c8a1bd6a59f955ff4470e02f01c966f4763266b915cd91858a,-93,,0,0,12.0,0
13:46:37,26.0,0,b2a9ccfcefa4f0c7525297b3b909060d75dde93ab0d998065a0a5c8a64581151,-72,,0,0,12.0,0
13:46:37,,0,0b7b900f80581246f502d74fef2b00f9d65f60d2d10935d6dd4aa5651fb39323,-93,,0,0,,0
13:46:38,26.0,0,3c8ff9a719cd21c8a1bd6a59f955ff4470e02f01c966f4763266b915cd91858a,-88,,0,0,12.0,0
13:46:39,,0,07415d4390ab51e831e2217f18aa69a9927659842a8bfc36577f568fa13f1016,-74,,0,0,,0
13:46:40,,0,0b7b900f80581246f502d74fef2b00f9d65f60d2d10935d6dd4aa5651fb39323,-94,,0,0,,0
13:46:40,,0,ec0c04c83fe114a588a2d8edbcef8c0c8e61ff8ac7a419d3a074fa0eb5774ce8,-90,,0,0,,0
13:46:41,,0,0b7b900f80581246f502d74fef2b00f9d65f60d2d10935d6dd4aa5651fb39323,-86,,0,0,,0
13:46:42,26.0,0,b2a9ccfcefa4f0c7525297b3b909060d75dde93ab0d998065a0a5c8a64581151,-74,,0,0,12.0,0
13:46:43,26.0,0,4c93c1662c66a0397466b30999b19db4771754acf6a2dc8f7a86f662663a28a7,-92,,0,0,7.0,0
13:46:44,,0,862659e939ee761da54abee5ce94e4f7cbca48d6afb5349dc23e80b925568134,-92,,0,0,,0
13:46:44,,0,ec0c04c83fe114a588a2d8edbcef8c0c8e61ff8ac7a419d3a074fa0eb5774ce8,-90,,0,0,,0
13:46:45,,0,862659e939ee761da54abee5ce94e4f7cbca48d6afb5349dc23e80b925568134,-92,,0,0,,0
13:46:46,,0,0b7b900f80581246f502d74fef2b00f9d65f60d2d10935d6dd4aa5651fb39323,-88,,0,0,,0
13:46:47,26.0,0,3c8ff9a719cd21c8a1bd6a59f955ff4470e02f01c966f4763266b915cd91858a,-87,,0,0,12.0,0
13:46:47,26.0,0,b2a9ccfcefa4f0c7525297b3b909060d75dde93ab0d998065a0a5c8a64581151,-84,,0,0,12.0,0
13:46:48,,0,0b7b900f80581246f502d74fef2b00f9d65f60d2d10935d6dd4aa5651fb39323,-92,,0,0,,0
13:46:49,,0,0b7b900f80581246f502d74fef2b00f9d65f60d2d10935d6dd4aa5651fb39323,-88,,0,0,,0
13:46:50,26.0,0,b2a9ccfcefa4f0c7525297b3b909060d75dde93ab0d998065a0a5c8a64581151,-73,,0,0,12.0,0
13:46:51,,0,0b7b900f80581246f502d74fef2b00f9d65f60d2d10935d6dd4aa5651fb39323,-94,,0,0,,0
13:46:51,26.0,0,4c93c1662c66a0397466b30999b19db4771754acf6a2dc8f7a86f662663a28a7,-90,,0,0,7.0,0
13:46:52,,0,c524b1fb21504ae6016d73e704f95a3a0a7534e6fbcb234768b0ffe14e0e358a,-85,,0,0,,0
13:46:53,,0,e336cd13ad0d0459dc90ef1f42dcf66e9ddf6aa9ab39780c7ae0d141ec45190a,-55,,0,0,,0
13:46:54,26.0,0,b2a9ccfcefa4f0c7525297b3b909060d75dde93ab0d998065a0a5c8a64581151,-75,,0,0,12.0,0
13:46:55,26.0,0,b2a9ccfcefa4f0c7525297b3b909060d75dde93ab0d998065a0a5c8a64581151,-76,,0,0,12.0,0
13:46:55,,0,0b7b900f80581246f502d74fef2b00f9d65f60d2d10935d6dd4aa5651fb39323,-92,,0,0,,0
13:46:56,26.0,0,b2a9ccfcefa4f0c7525297b3b909060d75dde93ab0d998065a0a5c8a64581151,-69,,0,0,12.0,0
13:46:57,,0,0b7b900f80581246f502d74fef2b00f9d65f60d2d10935d6dd4aa5651fb39323,-90,,0,0,,0
13:46:58,,0,0b7b900f80581246f502d74fef2b00f9d65f60d2d10935d6dd4aa5651fb39323,-88,,0,0,,0
13:46:58,,0,ec0c04c83fe114a588a2d8edbcef8c0c8e61ff8ac7a419d3a074fa0eb5774ce8,-92,,0,0,,0
13:46:59,26.0,0,4c93c1662c66a0397466b30999b19db4771754acf6a2dc8f7a86f662663a28a7,-87,,0,0,7.0,0
13:47:00,,0,0b7b900f80581246f502d74fef2b00f9d65f60d2d10935d6dd4aa5651fb39323,-87,,0,0,,0
13:47:01,26.0,0,b2a9ccfcefa4f0c7525297b3b909060d75dde93ab0d998065a0a5c8a64581151,-87,,0,0,12.0,0
13:47:01,,0,0b7b900f80581246f502d74fef2b00f9d65f60d2d10935d6dd4aa5651fb39323,-91,,0,0,,0
13:47:02,26.0,0,3c8ff9a719cd21c8a1bd6a59f955ff4470e02f01c966f4763266b915cd91858a,-85,,0,0,12.0,0
13:47:03,26.0,0,4c93c1662c66a0397466b30999b19db4771754acf6a2dc8f7a86f662663a28a7,-88,,0,0,7.0,0
13:47:04,,0,0b7b900f80581246f502d74fef2b00f9d65f60d2d10935d6dd4aa5651fb39323,-90,,0,0,,0
13:47:05,,0,0b7b900f80581246f502d74fef2b00f9d65f60d2d10935d6dd4aa5651fb39323,-94,,0,0,,0
13:47:05,,0,862659e939ee761da54abee5ce94e4f7cbca48d6afb5349dc23e80b925568134,-81,,0,0,,0
