Time,adv_flag,def_tx_pwr,mac,rssi,name,scan_tx_pwr,conn_tx_pwr,tx_range,adv_tx_pwr
11:46:39,26.0,3,42899ca2144687c4074ce3af96dad056f0ee46d24514e19f3769210dfba5ab92,-82,,3,64,12.0,3
11:46:40,26.0,3,cd7575f6e28c80871a76ed227e8386e5823b56f2167d69387f59553a8e0d6e34,-84,,3,64,,3
11:46:41,,3,a18684bea3e49a77ae3e512923bfec54f477aab738bb9de8c6d64dff256f5731,-79,,3,64,,3
11:46:42,26.0,3,6b810c374386adf2df46f425ef44c8e2505d53fd2018dfd9bab93aa4b2b76699,-81,,3,64,12.0,3
11:46:42,26.0,3,b146ee26d1c0d78d1584feae78a5ca41c264891b0ebfdcd07dcbca48866c5fc2,-74,,3,64,,3
11:46:43,26.0,3,1f3ccc95e49e131255a56c9798a069b864f36f5aca9e324e6bd598520cc13ab8,-73,,3,64,7.0,3
11:46:44,26.0,3,cd7575f6e28c80871a76ed227e8386e5823b56f2167d69387f59553a8e0d6e34,-84,,3,64,,3
11:46:45,26.0,3,1f3ccc95e49e131255a56c9798a069b864f36f5aca9e324e6bd598520cc13ab8,-76,,3,64,7.0,3
11:46:46,,3,a18684bea3e49a77ae3e512923bfec54f477aab738bb9de8c6d64dff256f5731,-81,,3,64,,3
11:46:46,26.0,3,1aa64ab93ac10224a4118f877465ac484617ff2c0f9c53fdde914a4f716a80de,-85,,3,64,7.0,3
11:46:47,26.0,3,6c37578feb22327ac1574d8812abad178496884a12fb4373c4472f83743b3a0e,-88,,3,64,,3
11:46:48,26.0,3,6c37578feb22327ac1574d8812abad178496884a12fb4373c4472f83743b3a0e,-76,,3,64,,3
11:46:49,26.0,3,6c37578feb22327ac1574d8812abad178496884a12fb4373c4472f83743b3a0e,-80,,3,64,,3
11:46:50,26.0,3,6c37578feb22327ac1574d8812abad178496884a12fb4373c4472f83743b3a0e,-85,,3,64,,3
11:46:50,26.0,3,22bafd0c5755641435a36118d89935f5aa7e923b0ae6a11b7484d571ad42d4f1,-80,,3,64,7.0,3
11:46:51,26.0,3,1f3ccc95e49e131255a56c9798a069b864f36f5aca9e324e6bd598520cc13ab8,-76,,3,64,7.0,3
11:46:52,26.0,3,6c37578feb22327ac1574d8812abad178496884a12fb4373c4472f83743b3a0e,-86,,3,64,,3
11:46:53,26.0,3,1f3ccc95e49e131255a56c9798a069b864f36f5aca9e324e6bd598520cc13ab8,-77,,3,64,7.0,3
11:46:54,,3,44205170d2cdba1722006a44895e186412136c5c9e66810d8c4dd4382c2f64f7,-68,,3,64,,3
11:46:54,26.0,3,6c37578feb22327ac1574d8812abad178496884a12fb4373c4472f83743b3a0e,-79,,3,64,,3
11:46:55,26.0,3,6b810c374386adf2df46f425ef44c8e2505d53fd2018dfd9bab93aa4b2b76699,-82,,3,64,12.0,3
11:46:56,26.0,3,a342d8fc64596634ab9aa6db4e1b8c582cd585a3e875e15d25409b6eb8ce4cfe,-78,,3,64,12.0,3
11:46:57,26.0,3,1453026aea56926c927f063a914262a8feb78a67371a12c3907388735afeaf54,-36,,3,64,12.0,3
11:46:58,,3,44205170d2cdba1722006a44895e186412136c5c9e66810d8c4dd4382c2f64f7,-73,,3,64,,3
11:46:58,26.0,3,6c37578feb22327ac1574d8812abad178496884a12fb4373c4472f83743b3a0e,-79,,3,64,2.0,3
11:46:59,26.0,3,1f3ccc95e49e131255a56c9798a069b864f36f5aca9e324e6bd598520cc13ab8,-74,,3,64,7.0,3
11:47:00,26.0,3,6c37578feb22327ac1574d8812abad178496884a12fb4373c4472f83743b3a0e,-83,,3,64,2.0,3
11:47:01,26.0,3,6c37578feb22327ac1574d8812abad178496884a12fb4373c4472f83743b3a0e,-75,,3,64,2.0,3
11:47:02,26.0,3,6c37578feb22327ac1574d8812abad178496884a12fb4373c4472f83743b3a0e,-85,,3,64,,3
11:47:02,26.0,3,6c37578feb22327ac1574d8812abad178496884a12fb4373c4472f83743b3a0e,-80,,3,64,,3
11:47:03,26.0,3,b146ee26d1c0d78d1584feae78a5ca41c264891b0ebfdcd07dcbca48866c5fc2,-75,,3,64,,3
11:47:04,26.0,3,b146ee26d1c0d78d1584feae78a5ca41c264891b0ebfdcd07dcbca48866c5fc2,-85,,3,64,,3
11:47:05,26.0,3,cd7575f6e28c80871a76ed227e8386e5823b56f2167d69387f59553a8e0d6e34,-89,,3,64,,3
11:47:06,26.0,3,cd7575f6e28c80871a76ed227e8386e5823b56f2167d69387f59553a8e0d6e34,-79,,3,64,,3
11:47:06,26.0,3,22bafd0c5755641435a36118d89935f5aa7e923b0ae6a11b7484d571ad42d4f1,-75,,3,64,7.0,3
11:47:07,,3,8001ac2da7d5cc04c8d927d2ea37cab8b64df86fdecb2c4d76f1d9b2eb659cc0,-84,,3,64,,3
11:47:08,26.0,3,22bafd0c5755641435a36118d89935f5aa7e923b0ae6a11b7484d571ad42d4f1,-71,,3,64,7.0,3
11:47:09,26.0,3,22bafd0c5755641435a36118d89935f5aa7e923b0ae6a11b7484d571ad42d4f1,-70,,3,64,7.0,3
11:47:10,,3,44205170d2cdba1722006a44895e186412136c5c9e66810d8c4dd4382c2f64f7,-79,,3,64,,3
11:47:10,26.0,3,6c37578feb22327ac1574d8812abad178496884a12fb4373c4472f83743b3a0e,-72,,3,64,,3
11:47:11,26.0,3,6b810c374386adf2df46f425ef44c8e2505d53fd2018dfd9bab93aa4b2b76699,-87,,3,64,12.0,3
11:47:12,,3,72a2addd40b458bf85b38326f87818e368d79ba8611b615c7cb8b13ead476f7c,-35,,3,64,,3
11:47:13,26.0,3,22bafd0c5755641435a36118d89935f5aa7e923b0ae6a11b7484d571ad42d4f1,-73,,3,64,7.0,3
11:47:14,,3,8001ac2da7d5cc04c8d927d2ea37cab8b64df86fdecb2c4d76f1d9b2eb659cc0,-82,,3,64,,3
11:47:14,26.0,3,cd7575f6e28c80871a76ed227e8386e5823b56f2167d69387f59553a8e0d6e34,-84,,3,64,,3
11:47:15,26.0,3,22bafd0c5755641435a36118d89935f5aa7e923b0ae6a11b7484d571ad42d4f1,-82,,3,64,7.0,3
11:47:16,,3,8001ac2da7d5cc04c8d927d2ea37cab8b64df86fdecb2c4d76f1d9b2eb659cc0,-84,,3,64,,3
11:47:17,26.0,3,cd7575f6e28c80871a76ed227e8386e5823b56f2167d69387f59553a8e0d6e34,-85,,3,64,,3
11:47:18,,3,8001ac2da7d5cc04c8d927d2ea37cab8b64df86fdecb2c4d76f1d9b2eb659cc0,-85,,3,64,,3
11:47:18,26.0,3,6b810c374386adf2df46f425ef44c8e2505d53fd2018dfd9bab93aa4b2b76699,-76,,3,64,12.0,3
11:47:19,26.0,3,6c37578feb22327ac1574d8812abad178496884a12fb4373c4472f83743b3a0e,-80,,3,64,,3
11:47:20,,3,72a2addd40b458bf85b38326f87818e368d79ba8611b615c7cb8b13ead476f7c,-34,,3,64,,3
11:47:21,26.0,3,22bafd0c5755641435a36118d89935f5aa7e923b0ae6a11b7484d571ad42d4f1,-70,,3,64,7.0,3
11:47:22,26.0,3,a342d8fc64596634ab9aa6db4e1b8c582cd585a3e875e15d25409b6eb8ce4cfe,-82,,3,64,12.0,3
11:47:22,26.0,3,1f3ccc95e49e131255a56c9798a069b864f36f5aca9e324e6bd598520cc13ab8,-80,,3,64,7.0,3
11:47:23,26.0,3,b146ee26d1c0d78d1584feae78a5ca41c264891b0ebfdcd07dcbca48866c5fc2,-76,,3,64,,3
11:47:24,,3,8001ac2da7d5cc04c8d927d2ea37cab8b64df86fdecb2c4d76f1d9b2eb659cc0,-90,,3,64,,3
11:47:25,26.0,3,b146ee26d1c0d78d1584feae78a5ca41c264891b0ebfdcd07dcbca48866c5fc2,-73,,3,64,,3
11:47:26,26.0,3,cd7575f6e28c80871a76ed227e8386e5823b56f2167d69387f59553a8e0d6e34,-71,,3,64,,3
11:47:26,,3,8001ac2da7d5cc04c8d927d2ea37cab8b64df86fdecb2c4d76f1d9b2eb659cc0,-86,,3,64,,3
11:47:27,26.0,3,22bafd0c5755641435a36118d89935f5aa7e923b0ae6a11b7484d571ad42d4f1,-61,,3,64,7.0,3
11:47:28,26.0,3,cd7575f6e28c80871a76ed227e8386e5823b56f2167d69387f59553a8e0d6e34,-72,,3,64,,3
11:47:29,26.0,3,cd7575f6e28c80871a76ed227e8386e5823b56f2167d69387f59553a8e0d6e34,-71,,3,64,,3
11:47:30,26.0,3,1f3ccc95e49e131255a56c9798a069b864f36f5aca9e324e6bd598520cc13ab8,-82,,3,64,7.0,3
11:47:30,26.0,3,22bafd0c5755641435a36118d89935f5aa7e923b0ae6a11b7484d571ad42d4f1,-74,,3,64,7.0,3
11:47:31,26.0,3,6c37578feb22327ac1574d8812abad178496884a12fb4373c4472f83743b3a0e,-71,,3,64,,3
11:47:32,26.0,3,22bafd0c5755641435a36118d89935f5aa7e923b0ae6a11b7484d571ad42d4f1,-69,,3,64,7.0,3
11:47:33,26.0,3,42899ca2144687c4074ce3af96dad056f0ee46d24514e19f3769210dfba5ab92,-79,,3,64,12.0,3
11:47:33,26.0,3,42899ca2144687c4074ce3af96dad056f0ee46d24514e19f3769210dfba5ab92,-81,,3,64,12.0,3
11:47:34,26.0,3,a342d8fc64596634ab9aa6db4e1b8c582cd585a3e875e15d25409b6eb8ce4cfe,-88,,3,64,12.0,3
11:47:35,26.0,3,cd7575f6e28c80871a76ed227e8386e5823b56f2167d69387f59553a8e0d6e34,-83,,3,64,,3
11:47:36,26.0,3,b146ee26d1c0d78d1584feae78a5ca41c264891b0ebfdcd07dcbca48866c5fc2,-78,,3,64,,3
11:47:37,26.0,3,b146ee26d1c0d78d1584feae78a5ca41c264891b0ebfdcd07dcbca48866c5fc2,-80,,3,64,,3
11:47:37,26.0,3,1f3ccc95e49e131255a56c9798a069b864f36f5aca9e324e6bd598520cc13ab8,-79,,3,64,7.0,3
11:47:38,26.0,3,a342d8fc64596634ab9aa6db4e1b8c582cd585a3e875e15d25409b6eb8ce4cfe,-81,,3,64,12.0,3
11:47:39,26.0,3,42899ca2144687c4074ce3af96dad056f0ee46d24514e19f3769210dfba5ab92,-84,,3,64,12.0,3
11:47:40,26.0,3,cd7575f6e28c80871a76ed227e8386e5823b56f2167d69387f59553a8e0d6e34,-80,,3,64,,3
11:47:41,26.0,3,1f3ccc95e49e131255a56c9798a069b864f36f5aca9e324e6bd598520cc13ab8,-77,,3,64,7.0,3
11:47:41,26.0,3,6b810c374386adf2df46f425ef44c8e2505d53fd2018dfd9bab93aa4b2b76699,-76,,3,64,12.0,3
11:47:42,26.0,3,1aa64ab93ac10224a4118f877465ac484617ff2c0f9c53fdde914a4f716a80de,-87,,3,64,7.0,3
11:47:43,26.0,3,b146ee26d1c0d78d1584feae78a5ca41c264891b0ebfdcd07dcbca48866c5fc2,-82,,3,64,,3
11:47:44,26.0,3,22bafd0c5755641435a36118d89935f5aa7e923b0ae6a11b7484d571ad42d4f1,-71,,3,64,7.0,3
11:47:45,,3,8001ac2da7d5cc04c8d927d2ea37cab8b64df86fdecb2c4d76f1d9b2eb659cc0,-97,,3,64,,3
11:47:45,26.0,3,6c37578feb22327ac1574d8812abad178496884a12fb4373c4472f83743b3a0e,-85,,3,64,,3
11:47:46,26.0,3,cd7575f6e28c80871a76ed227e8386e5823b56f2167d69387f59553a8e0d6e34,-71,,3,64,,3
11:47:47,26.0,3,22bafd0c5755641435a36118d89935f5aa7e923b0ae6a11b7484d571ad42d4f1,-75,,3,64,7.0,3
11:47:48,26.0,3,6c37578feb22327ac1574d8812abad178496884a12fb4373c4472f83743b3a0e,-87,,3,64,,3
11:47:49,,3,8001ac2da7d5cc04c8d927d2ea37cab8b64df86fdecb2c4d76f1d9b2eb659cc0,-89,,3,64,,3
11:47:49,26.0,3,a342d8fc64596634ab9aa6db4e1b8c582cd585a3e875e15d25409b6eb8ce4cfe,-75,,3,64,12.0,3
11:47:50,26.0,3,cd7575f6e28c80871a76ed227e8386e5823b56f2167d69387f59553a8e0d6e34,-72,,3,64,,3
11:47:51,26.0,3,42899ca2144687c4074ce3af96dad056f0ee46d24514e19f3769210dfba5ab92,-80,,3,64,12.0,3
11:47:52,26.0,3,22bafd0c5755641435a36118d89935f5aa7e923b0ae6a11b7484d571ad42d4f1,-79,,3,64,7.0,3
11:47:53,26.0,3,42899ca2144687c4074ce3af96dad056f0ee46d24514e19f3769210dfba5ab92,-76,,3,64,12.0,3
11:47:53,26.0,3,6c37578feb22327ac1574d8812abad178496884a12fb4373c4472f83743b3a0e,-72,,3,64,,3
11:47:54,,3,8001ac2da7d5cc04c8d927d2ea37cab8b64df86fdecb2c4d76f1d9b2eb659cc0,-93,,3,64,,3
11:47:55,26.0,3,b146ee26d1c0d78d1584feae78a5ca41c264891b0ebfdcd07dcbca48866c5fc2,-85,,3,64,,3
11:47:56,,3,44205170d2cdba1722006a44895e186412136c5c9e66810d8c4dd4382c2f64f7,-75,,3,64,,3
11:47:57,26.0,3,6b810c374386adf2df46f425ef44c8e2505d53fd2018dfd9bab93aa4b2b76699,-75,,3,64,12.0,3
11:47:57,26.0,3,22bafd0c5755641435a36118d89935f5aa7e923b0ae6a11b7484d571ad42d4f1,-74,,3,64,7.0,3
11:47:58,26.0,3,cd7575f6e28c80871a76ed227e8386e5823b56f2167d69387f59553a8e0d6e34,-83,,3,64,,3
11:47:59,26.0,3,6b810c374386adf2df46f425ef44c8e2505d53fd2018dfd9bab93aa4b2b76699,-82,,3,64,12.0,3
11:48:00,26.0,3,a342d8fc64596634ab9aa6db4e1b8c582cd585a3e875e15d25409b6eb8ce4cfe,-77,,3,64,12.0,3
11:48:01,26.0,3,b146ee26d1c0d78d1584feae78a5ca41c264891b0ebfdcd07dcbca48866c5fc2,-81,,3,64,,3
11:48:01,26.0,3,1f3ccc95e49e131255a56c9798a069b864f36f5aca9e324e6bd598520cc13ab8,-81,,3,64,7.0,3
11:48:02,,3,8001ac2da7d5cc04c8d927d2ea37cab8b64df86fdecb2c4d76f1d9b2eb659cc0,-88,,3,64,,3
11:48:03,,3,72a2addd40b458bf85b38326f87818e368d79ba8611b615c7cb8b13ead476f7c,-35,,3,64,,3
11:48:04,26.0,3,1f3ccc95e49e131255a56c9798a069b864f36f5aca9e324e6bd598520cc13ab8,-82,,3,64,7.0,3
11:48:05,26.0,3,22bafd0c5755641435a36118d89935f5aa7e923b0ae6a11b7484d571ad42d4f1,-78,,3,64,7.0,3
11:48:05,26.0,3,22bafd0c5755641435a36118d89935f5aa7e923b0ae6a11b7484d571ad42d4f1,-86,,3,64,7.0,3
11:48:06,26.0,3,b146ee26d1c0d78d1584feae78a5ca41c264891b0ebfdcd07dcbca48866c5fc2,-74,,3,64,,3
11:48:07,26.0,3,6c37578feb22327ac1574d8812abad178496884a12fb4373c4472f83743b3a0e,-75,,3,64,,3
11:48:08,26.0,3,6c37578feb22327ac1574d8812abad178496884a12fb4373c4472f83743b3a0e,-76,,3,64,,3
11:48:09,,3,70e39a4fd60da09a04b3516a60cf7c6836cfaaf2eb72a0a1d5bd45b3c416e69b,-76,,3,64,,3
11:48:09,26.0,3,cd7575f6e28c80871a76ed227e8386e5823b56f2167d69387f59553a8e0d6e34,-75,,3,64,,3
11:48:10,26.0,3,6c37578feb22327ac1574d8812abad178496884a12fb4373c4472f83743b3a0e,-78,,3,64,,3
11:48:11,26.0,3,6c37578feb22327ac1574d8812abad178496884a12fb4373c4472f83743b3a0e,-76,,3,64,,3
11:48:12,26.0,3,1aa64ab93ac10224a4118f877465ac484617ff2c0f9c53fdde914a4f716a80de,-83,,3,64,7.0,3
11:48:13,26.0,3,a342d8fc64596634ab9aa6db4e1b8c582cd585a3e875e15d25409b6eb8ce4cfe,-85,,3,64,12.0,3
11:48:13,26.0,3,22bafd0c5755641435a36118d89935f5aa7e923b0ae6a11b7484d571ad42d4f1,-72,,3,64,7.0,3
11:48:14,,3,1c4db1d122557ba4817223a23e8813955fdc1633af97b467c80c17cfc9dc6f03,-82,,3,64,,3
11:48:15,26.0,3,6c37578feb22327ac1574d8812abad178496884a12fb4373c4472f83743b3a0e,-83,,3,64,,3
11:48:16,,3,8001ac2da7d5cc04c8d927d2ea37cab8b64df86fdecb2c4d76f1d9b2eb659cc0,-87,,3,64,,3
11:48:17,,3,70e39a4fd60da09a04b3516a60cf7c6836cfaaf2eb72a0a1d5bd45b3c416e69b,-91,,3,64,,3
11:48:17,26.0,3,42899ca2144687c4074ce3af96dad056f0ee46d24514e19f3769210dfba5ab92,-79,,3,64,12.0,3
11:48:18,26.0,3,6c37578feb22327ac1574d8812abad178496884a12fb4373c4472f83743b3a0e,-85,,3,64,2.0,3
11:48:19,26.0,3,6c37578feb22327ac1574d8812abad178496884a12fb4373c4472f83743b3a0e,-77,,3,64,2.0,3
11:48:20,26.0,3,6c37578feb22327ac1574d8812abad178496884a12fb4373c4472f83743b3a0e,-86,,3,64,2.0,3
11:48:21,26.0,3,cd7575f6e28c80871a76ed227e8386e5823b56f2167d69387f59553a8e0d6e34,-85,,3,64,,3
11:48:21,26.0,3,22bafd0c5755641435a36118d89935f5aa7e923b0ae6a11b7484d571ad42d4f1,-75,,3,64,7.0,3
11:48:22,26.0,3,6b810c374386adf2df46f425ef44c8e2505d53fd2018dfd9bab93aa4b2b76699,-79,,3,64,12.0,3
11:48:23,26.0,3,22bafd0c5755641435a36118d89935f5aa7e923b0ae6a11b7484d571ad42d4f1,-74,,3,64,7.0,3
11:48:24,26.0,3,a342d8fc64596634ab9aa6db4e1b8c582cd585a3e875e15d25409b6eb8ce4cfe,-85,,3,64,12.0,3
11:48:24,26.0,3,cd7575f6e28c80871a76ed227e8386e5823b56f2167d69387f59553a8e0d6e34,-73,,3,64,,3
11:48:25,26.0,3,3dfdf1e265725c37df46b5e35fc37a19cebbfa93ee06d2be9a35644ec5ff60cd,-72,,3,64,7.0,3
11:48:26,26.0,3,1aa64ab93ac10224a4118f877465ac484617ff2c0f9c53fdde914a4f716a80de,-80,,3,64,7.0,3
11:48:27,,3,8001ac2da7d5cc04c8d927d2ea37cab8b64df86fdecb2c4d76f1d9b2eb659cc0,-95,,3,64,,3
11:48:28,26.0,3,1aa64ab93ac10224a4118f877465ac484617ff2c0f9c53fdde914a4f716a80de,-82,,3,64,7.0,3
11:48:28,,3,70e39a4fd60da09a04b3516a60cf7c6836cfaaf2eb72a0a1d5bd45b3c416e69b,-79,,3,64,,3
11:48:29,26.0,3,6b810c374386adf2df46f425ef44c8e2505d53fd2018dfd9bab93aa4b2b76699,-81,,3,64,12.0,3
11:48:30,26.0,3,22bafd0c5755641435a36118d89935f5aa7e923b0ae6a11b7484d571ad42d4f1,-74,,3,64,7.0,3
11:48:31,26.0,3,42899ca2144687c4074ce3af96dad056f0ee46d24514e19f3769210dfba5ab92,-81,,3,64,12.0,3
11:48:32,26.0,3,59d0c4aacee0702732b150cfc2cb183dae44d06c97e677939412cd234f72b402,-76,Tb50,3,64,,3
11:48:32,,3,70e39a4fd60da09a04b3516a60cf7c6836cfaaf2eb72a0a1d5bd45b3c416e69b,-91,,3,64,,3
11:48:33,26.0,3,42899ca2144687c4074ce3af96dad056f0ee46d24514e19f3769210dfba5ab92,-81,,3,64,12.0,3
11:48:34,26.0,3,1aa64ab93ac10224a4118f877465ac484617ff2c0f9c53fdde914a4f716a80de,-83,,3,64,7.0,3
11:48:35,26.0,3,1aa64ab93ac10224a4118f877465ac484617ff2c0f9c53fdde914a4f716a80de,-81,,3,64,7.0,3
11:48:36,26.0,3,6c37578feb22327ac1574d8812abad178496884a12fb4373c4472f83743b3a0e,-81,,3,64,,3
11:48:36,26.0,3,22bafd0c5755641435a36118d89935f5aa7e923b0ae6a11b7484d571ad42d4f1,-72,,3,64,7.0,3
11:48:37,26.0,3,3dfdf1e265725c37df46b5e35fc37a19cebbfa93ee06d2be9a35644ec5ff60cd,-85,,3,64,7.0,3
11:48:38,26.0,3,a342d8fc64596634ab9aa6db4e1b8c582cd585a3e875e15d25409b6eb8ce4cfe,-84,,3,64,12.0,3
11:48:39,26.0,3,42899ca2144687c4074ce3af96dad056f0ee46d24514e19f3769210dfba5ab92,-77,,3,64,12.0,3
11:48:40,26.0,3,42899ca2144687c4074ce3af96dad056f0ee46d24514e19f3769210dfba5ab92,-76,,3,64,12.0,3
11:48:40,26.0,3,b146ee26d1c0d78d1584feae78a5ca41c264891b0ebfdcd07dcbca48866c5fc2,-83,,3,64,,3
11:48:41,26.0,3,42899ca2144687c4074ce3af96dad056f0ee46d24514e19f3769210dfba5ab92,-79,,3,64,12.0,3
11:48:42,26.0,3,1aa64ab93ac10224a4118f877465ac484617ff2c0f9c53fdde914a4f716a80de,-80,,3,64,7.0,3
11:48:43,,3,8001ac2da7d5cc04c8d927d2ea37cab8b64df86fdecb2c4d76f1d9b2eb659cc0,-89,,3,64,,3
11:48:44,26.0,3,3dfdf1e265725c37df46b5e35fc37a19cebbfa93ee06d2be9a35644ec5ff60cd,-88,,3,64,7.0,3
11:48:45,26.0,3,6c37578feb22327ac1574d8812abad178496884a12fb4373c4472f83743b3a0e,-78,,3,64,,3
11:48:45,,3,8001ac2da7d5cc04c8d927d2ea37cab8b64df86fdecb2c4d76f1d9b2eb659cc0,-89,,3,64,,3
11:48:46,26.0,3,22bafd0c5755641435a36118d89935f5aa7e923b0ae6a11b7484d571ad42d4f1,-75,,3,64,7.0,3
11:48:47,26.0,3,22bafd0c5755641435a36118d89935f5aa7e923b0ae6a11b7484d571ad42d4f1,-71,,3,64,7.0,3
11:48:48,,3,c40fe1cb1c2ba8acab85367a395af2ad01d962a3ea59d1064758b23a92523f07,-76,,3,64,,3
11:48:49,26.0,3,22bafd0c5755641435a36118d89935f5aa7e923b0ae6a11b7484d571ad42d4f1,-69,,3,64,7.0,3
11:48:49,26.0,3,1aa64ab93ac10224a4118f877465ac484617ff2c0f9c53fdde914a4f716a80de,-81,,3,64,7.0,3
11:48:50,26.0,3,3dfdf1e265725c37df46b5e35fc37a19cebbfa93ee06d2be9a35644ec5ff60cd,-74,,3,64,7.0,3
11:48:51,26.0,3,cd7575f6e28c80871a76ed227e8386e5823b56f2167d69387f59553a8e0d6e34,-88,,3,64,,3
11:48:52,26.0,3,3dfdf1e265725c37df46b5e35fc37a19cebbfa93ee06d2be9a35644ec5ff60cd,-74,,3,64,7.0,3
11:48:52,26.0,3,22bafd0c5755641435a36118d89935f5aa7e923b0ae6a11b7484d571ad42d4f1,-75,,3,64,7.0,3
11:48:53,26.0,3,3dfdf1e265725c37df46b5e35fc37a19cebbfa93ee06d2be9a35644ec5ff60cd,-75,,3,64,7.0,3
11:48:54,26.0,3,b146ee26d1c0d78d1584feae78a5ca41c264891b0ebfdcd07dcbca48866c5fc2,-76,,3,64,,3
11:48:55,26.0,3,22bafd0c5755641435a36118d89935f5aa7e923b0ae6a11b7484d571ad42d4f1,-71,,3,64,7.0,3
11:48:56,26.0,3,22bafd0c5755641435a36118d89935f5aa7e923b0ae6a11b7484d571ad42d4f1,-79,,3,64,7.0,3
11:48:56,26.0,3,6c37578feb22327ac1574d8812abad178496884a12fb4373c4472f83743b3a0e,-86,,3,64,,3
11:48:57,26.0,3,cd7575f6e28c80871a76ed227e8386e5823b56f2167d69387f59553a8e0d6e34,-85,,3,64,,3
11:48:58,,3,1c4db1d122557ba4817223a23e8813955fdc1633af97b467c80c17cfc9dc6f03,-80,,3,64,,3
11:48:59,26.0,3,b146ee26d1c0d78d1584feae78a5ca41c264891b0ebfdcd07dcbca48866c5fc2,-87,,3,64,,3
11:49:00,26.0,3,3dfdf1e265725c37df46b5e35fc37a19cebbfa93ee06d2be9a35644ec5ff60cd,-83,,3,64,7.0,3
11:49:00,,3,70e39a4fd60da09a04b3516a60cf7c6836cfaaf2eb72a0a1d5bd45b3c416e69b,-79,,3,64,,3
11:49:01,,3,8001ac2da7d5cc04c8d927d2ea37cab8b64df86fdecb2c4d76f1d9b2eb659cc0,-86,,3,64,,3
11:49:02,26.0,3,cd7575f6e28c80871a76ed227e8386e5823b56f2167d69387f59553a8e0d6e34,-90,,3,64,,3
11:49:03,26.0,3,22bafd0c5755641435a36118d89935f5aa7e923b0ae6a11b7484d571ad42d4f1,-71,,3,64,7.0,3
11:49:04,26.0,3,6c37578feb22327ac1574d8812abad178496884a12fb4373c4472f83743b3a0e,-77,,3,64,,3
11:49:04,26.0,3,cd7575f6e28c80871a76ed227e8386e5823b56f2167d69387f59553a8e0d6e34,-85,,3,64,,3
11:49:05,26.0,3,cd7575f6e28c80871a76ed227e8386e5823b56f2167d69387f59553a8e0d6e34,-86,,3,64,,3
11:49:06,26.0,3,1aa64ab93ac10224a4118f877465ac484617ff2c0f9c53fdde914a4f716a80de,-77,,3,64,7.0,3
11:49:07,26.0,3,3dfdf1e265725c37df46b5e35fc37a19cebbfa93ee06d2be9a35644ec5ff60cd,-75,,3,64,7.0,3
11:49:08,26.0,3,cd7575f6e28c80871a76ed227e8386e5823b56f2167d69387f59553a8e0d6e34,-87,,3,64,,3
11:49:08,26.0,3,b146ee26d1c0d78d1584feae78a5ca41c264891b0ebfdcd07dcbca48866c5fc2,-78,,3,64,,3
11:49:09,26.0,3,6c37578feb22327ac1574d8812abad178496884a12fb4373c4472f83743b3a0e,-83,,3,64,,3
11:49:10,26.0,3,cd7575f6e28c80871a76ed227e8386e5823b56f2167d69387f59553a8e0d6e34,-76,,3,64,,3
11:49:11,26.0,3,cd7575f6e28c80871a76ed227e8386e5823b56f2167d69387f59553a8e0d6e34,-79,,3,64,,3
11:49:12,26.0,3,22bafd0c5755641435a36118d89935f5aa7e923b0ae6a11b7484d571ad42d4f1,-71,,3,64,7.0,3
11:49:12,,3,8001ac2da7d5cc04c8d927d2ea37cab8b64df86fdecb2c4d76f1d9b2eb659cc0,-83,,3,64,,3
11:49:13,26.0,3,cd7575f6e28c80871a76ed227e8386e5823b56f2167d69387f59553a8e0d6e34,-77,,3,64,,3
11:49:14,26.0,3,1aa64ab93ac10224a4118f877465ac484617ff2c0f9c53fdde914a4f716a80de,-84,,3,64,7.0,3
11:49:15,26.0,3,3dfdf1e265725c37df46b5e35fc37a19cebbfa93ee06d2be9a35644ec5ff60cd,-74,,3,64,7.0,3
11:49:16,26.0,3,3dfdf1e265725c37df46b5e35fc37a19cebbfa93ee06d2be9a35644ec5ff60cd,-92,,3,64,7.0,3
11:49:16,26.0,3,cd7575f6e28c80871a76ed227e8386e5823b56f2167d69387f59553a8e0d6e34,-75,,3,64,,3
11:49:17,26.0,3,42899ca2144687c4074ce3af96dad056f0ee46d24514e19f3769210dfba5ab92,-82,,3,64,12.0,3
11:49:18,26.0,3,a342d8fc64596634ab9aa6db4e1b8c582cd585a3e875e15d25409b6eb8ce4cfe,-87,,3,64,12.0,3
11:49:19,26.0,3,6b810c374386adf2df46f425ef44c8e2505d53fd2018dfd9bab93aa4b2b76699,-77,,3,64,12.0,3
11:49:20,26.0,3,b146ee26d1c0d78d1584feae78a5ca41c264891b0ebfdcd07dcbca48866c5fc2,-76,,3,64,,3
11:49:20,26.0,3,6b810c374386adf2df46f425ef44c8e2505d53fd2018dfd9bab93aa4b2b76699,-77,,3,64,12.0,3
11:49:21,26.0,3,a342d8fc64596634ab9aa6db4e1b8c582cd585a3e875e15d25409b6eb8ce4cfe,-84,,3,64,12.0,3
11:49:22,26.0,3,1aa64ab93ac10224a4118f877465ac484617ff2c0f9c53fdde914a4f716a80de,-81,,3,64,7.0,3
11:49:23,26.0,3,cd7575f6e28c80871a76ed227e8386e5823b56f2167d69387f59553a8e0d6e34,-83,,3,64,,3
11:49:24,26.0,3,6c37578feb22327ac1574d8812abad178496884a12fb4373c4472f83743b3a0e,-85,,3,64,,3
11:49:24,26.0,3,cd7575f6e28c80871a76ed227e8386e5823b56f2167d69387f59553a8e0d6e34,-87,,3,64,,3
11:49:25,26.0,3,b146ee26d1c0d78d1584feae78a5ca41c264891b0ebfdcd07dcbca48866c5fc2,-81,,3,64,,3
11:49:26,26.0,3,6c37578feb22327ac1574d8812abad178496884a12fb4373c4472f83743b3a0e,-81,,3,64,,3
11:49:27,26.0,3,6b810c374386adf2df46f425ef44c8e2505d53fd2018dfd9bab93aa4b2b76699,-78,,3,64,12.0,3
11:49:28,26.0,3,6c37578feb22327ac1574d8812abad178496884a12fb4373c4472f83743b3a0e,-82,,3,64,,3
11:49:28,26.0,3,1aa64ab93ac10224a4118f877465ac484617ff2c0f9c53fdde914a4f716a80de,-85,,3,64,7.0,3
11:49:29,26.0,3,cd7575f6e28c80871a76ed227e8386e5823b56f2167d69387f59553a8e0d6e34,-81,,3,64,,3
11:49:30,26.0,3,a342d8fc64596634ab9aa6db4e1b8c582cd585a3e875e15d25409b6eb8ce4cfe,-78,,3,64,12.0,3
11:49:31,26.0,3,3dfdf1e265725c37df46b5e35fc37a19cebbfa93ee06d2be9a35644ec5ff60cd,-87,,3,64,7.0,3
11:49:32,26.0,3,b146ee26d1c0d78d1584feae78a5ca41c264891b0ebfdcd07dcbca48866c5fc2,-75,,3,64,,3
11:49:32,,3,1c4db1d122557ba4817223a23e8813955fdc1633af97b467c80c17cfc9dc6f03,-83,,3,64,,3
11:49:33,,3,8001ac2da7d5cc04c8d927d2ea37cab8b64df86fdecb2c4d76f1d9b2eb659cc0,-87,,3,64,,3
11:49:34,26.0,3,22bafd0c5755641435a36118d89935f5aa7e923b0ae6a11b7484d571ad42d4f1,-70,,3,64,7.0,3
11:49:35,26.0,3,6b810c374386adf2df46f425ef44c8e2505d53fd2018dfd9bab93aa4b2b76699,-88,,3,64,12.0,3
11:49:36,,3,8001ac2da7d5cc04c8d927d2ea37cab8b64df86fdecb2c4d76f1d9b2eb659cc0,-87,,3,64,,3
11:49:36,,3,1c4db1d122557ba4817223a23e8813955fdc1633af97b467c80c17cfc9dc6f03,-78,,3,64,,3
11:49:37,26.0,3,1aa64ab93ac10224a4118f877465ac484617ff2c0f9c53fdde914a4f716a80de,-83,,3,64,7.0,3
11:49:38,26.0,3,a342d8fc64596634ab9aa6db4e1b8c582cd585a3e875e15d25409b6eb8ce4cfe,-77,,3,64,12.0,3
11:49:39,,3,8001ac2da7d5cc04c8d927d2ea37cab8b64df86fdecb2c4d76f1d9b2eb659cc0,-87,,3,64,,3
11:49:39,26.0,3,a342d8fc64596634ab9aa6db4e1b8c582cd585a3e875e15d25409b6eb8ce4cfe,-77,,3,64,12.0,3
11:49:40,,3,1c4db1d122557ba4817223a23e8813955fdc1633af97b467c80c17cfc9dc6f03,-81,,3,64,,3
11:49:41,26.0,3,42899ca2144687c4074ce3af96dad056f0ee46d24514e19f3769210dfba5ab92,-73,,3,64,12.0,3
11:49:42,,3,8001ac2da7d5cc04c8d927d2ea37cab8b64df86fdecb2c4d76f1d9b2eb659cc0,-84,,3,64,,3
11:49:43,26.0,3,3dfdf1e265725c37df46b5e35fc37a19cebbfa93ee06d2be9a35644ec5ff60cd,-84,,3,64,7.0,3
11:49:43,26.0,3,b146ee26d1c0d78d1584feae78a5ca41c264891b0ebfdcd07dcbca48866c5fc2,-83,,3,64,,3
11:49:44,,3,8001ac2da7d5cc04c8d927d2ea37cab8b64df86fdecb2c4d76f1d9b2eb659cc0,-82,,3,64,,3
11:49:45,26.0,3,22bafd0c5755641435a36118d89935f5aa7e923b0ae6a11b7484d571ad42d4f1,-75,,3,64,7.0,3
11:49:46,26.0,3,b146ee26d1c0d78d1584feae78a5ca41c264891b0ebfdcd07dcbca48866c5fc2,-77,,3,64,,3
11:49:47,26.0,3,b146ee26d1c0d78d1584feae78a5ca41c264891b0ebfdcd07dcbca48866c5fc2,-78,,3,64,,3
11:49:47,,3,8001ac2da7d5cc04c8d927d2ea37cab8b64df86fdecb2c4d76f1d9b2eb659cc0,-94,,3,64,,3
11:49:48,26.0,3,6c37578feb22327ac1574d8812abad178496884a12fb4373c4472f83743b3a0e,-80,,3,64,,3
11:49:49,,3,8001ac2da7d5cc04c8d927d2ea37cab8b64df86fdecb2c4d76f1d9b2eb659cc0,-84,,3,64,,3
11:49:50,26.0,3,42899ca2144687c4074ce3af96dad056f0ee46d24514e19f3769210dfba5ab92,-77,,3,64,12.0,3
11:49:51,26.0,3,6b810c374386adf2df46f425ef44c8e2505d53fd2018dfd9bab93aa4b2b76699,-87,,3,64,12.0,3
11:49:51,,3,8001ac2da7d5cc04c8d927d2ea37cab8b64df86fdecb2c4d76f1d9b2eb659cc0,-84,,3,64,,3
11:49:52,,3,be9d564edf2dc90ae80d94c3885262acff12ac31a85a99d40a8513624770b761,-86,,3,64,,3
11:49:53,26.0,3,6c37578feb22327ac1574d8812abad178496884a12fb4373c4472f83743b3a0e,-82,,3,64,,3
11:49:54,26.0,3,1aa64ab93ac10224a4118f877465ac484617ff2c0f9c53fdde914a4f716a80de,-83,,3,64,7.0,3
11:49:55,26.0,3,b146ee26d1c0d78d1584feae78a5ca41c264891b0ebfdcd07dcbca48866c5fc2,-76,,3,64,,3
11:49:55,26.0,3,cd7575f6e28c80871a76ed227e8386e5823b56f2167d69387f59553a8e0d6e34,-83,,3,64,,3
11:49:56,26.0,3,59d0c4aacee0702732b150cfc2cb183dae44d06c97e677939412cd234f72b402,-71,Tb50,3,64,,3
11:49:57,26.0,3,3dfdf1e265725c37df46b5e35fc37a19cebbfa93ee06d2be9a35644ec5ff60cd,-79,,3,64,7.0,3
11:49:58,26.0,3,3dfdf1e265725c37df46b5e35fc37a19cebbfa93ee06d2be9a35644ec5ff60cd,-85,,3,64,7.0,3
11:49:59,26.0,3,1aa64ab93ac10224a4118f877465ac484617ff2c0f9c53fdde914a4f716a80de,-83,,3,64,7.0,3
11:49:59,26.0,3,3dfdf1e265725c37df46b5e35fc37a19cebbfa93ee06d2be9a35644ec5ff60cd,-83,,3,64,7.0,3
11:50:00,26.0,3,1aa64ab93ac10224a4118f877465ac484617ff2c0f9c53fdde914a4f716a80de,-83,,3,64,7.0,3
11:50:01,26.0,3,42899ca2144687c4074ce3af96dad056f0ee46d24514e19f3769210dfba5ab92,-80,,3,64,12.0,3
11:50:02,26.0,3,cd7575f6e28c80871a76ed227e8386e5823b56f2167d69387f59553a8e0d6e34,-75,,3,64,,3
11:50:03,26.0,3,a342d8fc64596634ab9aa6db4e1b8c582cd585a3e875e15d25409b6eb8ce4cfe,-83,,3,64,12.0,3
11:50:03,26.0,3,cd7575f6e28c80871a76ed227e8386e5823b56f2167d69387f59553a8e0d6e34,-74,,3,64,,3
11:50:04,,3,8001ac2da7d5cc04c8d927d2ea37cab8b64df86fdecb2c4d76f1d9b2eb659cc0,-80,,3,64,,3
11:50:05,,3,8001ac2da7d5cc04c8d927d2ea37cab8b64df86fdecb2c4d76f1d9b2eb659cc0,-82,,3,64,,3
11:50:06,26.0,3,cd7575f6e28c80871a76ed227e8386e5823b56f2167d69387f59553a8e0d6e34,-84,,3,64,,3
11:50:07,26.0,3,b146ee26d1c0d78d1584feae78a5ca41c264891b0ebfdcd07dcbca48866c5fc2,-84,,3,64,,3
11:50:07,26.0,3,1aa64ab93ac10224a4118f877465ac484617ff2c0f9c53fdde914a4f716a80de,-83,,3,64,7.0,3
11:50:08,26.0,3,cd7575f6e28c80871a76ed227e8386e5823b56f2167d69387f59553a8e0d6e34,-78,,3,64,,3
11:50:09,26.0,3,b146ee26d1c0d78d1584feae78a5ca41c264891b0ebfdcd07dcbca48866c5fc2,-78,,3,64,,3
11:50:10,,3,72a2addd40b458bf85b38326f87818e368d79ba8611b615c7cb8b13ead476f7c,-52,,3,64,,3
11:50:11,26.0,3,b146ee26d1c0d78d1584feae78a5ca41c264891b0ebfdcd07dcbca48866c5fc2,-79,,3,64,,3
11:50:11,26.0,3,cd7575f6e28c80871a76ed227e8386e5823b56f2167d69387f59553a8e0d6e34,-82,,3,64,,3
11:50:12,26.0,3,cd7575f6e28c80871a76ed227e8386e5823b56f2167d69387f59553a8e0d6e34,-78,,3,64,,3
11:50:13,26.0,3,22bafd0c5755641435a36118d89935f5aa7e923b0ae6a11b7484d571ad42d4f1,-74,,3,64,7.0,3
11:50:14,26.0,3,b146ee26d1c0d78d1584feae78a5ca41c264891b0ebfdcd07dcbca48866c5fc2,-85,,3,64,,3
11:50:15,26.0,3,1453026aea56926c927f063a914262a8feb78a67371a12c3907388735afeaf54,-41,,3,64,12.0,3
11:50:15,26.0,3,1aa64ab93ac10224a4118f877465ac484617ff2c0f9c53fdde914a4f716a80de,-84,,3,64,7.0,3
11:50:16,,3,44205170d2cdba1722006a44895e186412136c5c9e66810d8c4dd4382c2f64f7,-70,,3,64,,3
11:50:17,26.0,3,1aa64ab93ac10224a4118f877465ac484617ff2c0f9c53fdde914a4f716a80de,-84,,3,64,7.0,3
11:50:18,26.0,3,1453026aea56926c927f063a914262a8feb78a67371a12c3907388735afeaf54,-53,,3,64,12.0,3
11:50:19,26.0,3,6c37578feb22327ac1574d8812abad178496884a12fb4373c4472f83743b3a0e,-84,,3,64,,3
11:50:19,26.0,3,1453026aea56926c927f063a914262a8feb78a67371a12c3907388735afeaf54,-39,,3,64,12.0,3
11:50:20,26.0,3,42899ca2144687c4074ce3af96dad056f0ee46d24514e19f3769210dfba5ab92,-77,,3,64,12.0,3
11:50:21,26.0,3,3dfdf1e265725c37df46b5e35fc37a19cebbfa93ee06d2be9a35644ec5ff60cd,-86,,3,64,7.0,3
11:50:22,26.0,3,cd7575f6e28c80871a76ed227e8386e5823b56f2167d69387f59553a8e0d6e34,-83,,3,64,,3
11:50:23,26.0,3,534949a0f996bd3ea0d67b01abd05d80992e0eb599649375679d571064cf83ae,-79,,3,64,12.0,3
11:50:23,,3,8001ac2da7d5cc04c8d927d2ea37cab8b64df86fdecb2c4d76f1d9b2eb659cc0,-90,,3,64,,3
11:50:24,,3,8001ac2da7d5cc04c8d927d2ea37cab8b64df86fdecb2c4d76f1d9b2eb659cc0,-89,,3,64,,3
11:50:25,,3,c40fe1cb1c2ba8acab85367a395af2ad01d962a3ea59d1064758b23a92523f07,-74,,3,64,,3
11:50:26,,3,8001ac2da7d5cc04c8d927d2ea37cab8b64df86fdecb2c4d76f1d9b2eb659cc0,-91,,3,64,,3
11:50:27,26.0,3,1453026aea56926c927f063a914262a8feb78a67371a12c3907388735afeaf54,-55,,3,64,12.0,3
11:50:27,,3,8001ac2da7d5cc04c8d927d2ea37cab8b64df86fdecb2c4d76f1d9b2eb659cc0,-87,,3,64,,3
11:50:28,26.0,3,cd7575f6e28c80871a76ed227e8386e5823b56f2167d69387f59553a8e0d6e34,-82,,3,64,,3
11:50:29,26.0,3,22bafd0c5755641435a36118d89935f5aa7e923b0ae6a11b7484d571ad42d4f1,-73,,3,64,7.0,3
11:50:30,,3,8001ac2da7d5cc04c8d927d2ea37cab8b64df86fdecb2c4d76f1d9b2eb659cc0,-88,,3,64,,3
11:50:30,,3,8001ac2da7d5cc04c8d927d2ea37cab8b64df86fdecb2c4d76f1d9b2eb659cc0,-94,,3,64,,3
11:50:31,,3,70e39a4fd60da09a04b3516a60cf7c6836cfaaf2eb72a0a1d5bd45b3c416e69b,-89,,3,64,,3
11:50:32,26.0,3,59d0c4aacee0702732b150cfc2cb183dae44d06c97e677939412cd234f72b402,-71,Tb50,3,64,,3
11:50:33,,3,c40fe1cb1c2ba8acab85367a395af2ad01d962a3ea59d1064758b23a92523f07,-74,,3,64,,3
11:50:34,26.0,3,b146ee26d1c0d78d1584feae78a5ca41c264891b0ebfdcd07dcbca48866c5fc2,-84,,3,64,,3
11:50:34,,3,1c4db1d122557ba4817223a23e8813955fdc1633af97b467c80c17cfc9dc6f03,-89,,3,64,,3
11:50:35,,3,70e39a4fd60da09a04b3516a60cf7c6836cfaaf2eb72a0a1d5bd45b3c416e69b,-91,,3,64,,3
11:50:36,26.0,3,534949a0f996bd3ea0d67b01abd05d80992e0eb599649375679d571064cf83ae,-87,,3,64,12.0,3
11:50:37,26.0,3,534949a0f996bd3ea0d67b01abd05d80992e0eb599649375679d571064cf83ae,-83,,3,64,12.0,3
11:50:38,,3,8001ac2da7d5cc04c8d927d2ea37cab8b64df86fdecb2c4d76f1d9b2eb659cc0,-90,,3,64,,3
11:50:38,26.0,3,cd7575f6e28c80871a76ed227e8386e5823b56f2167d69387f59553a8e0d6e34,-87,,3,64,,3
11:50:39,,3,8001ac2da7d5cc04c8d927d2ea37cab8b64df86fdecb2c4d76f1d9b2eb659cc0,-91,,3,64,,3
11:50:40,,3,8001ac2da7d5cc04c8d927d2ea37cab8b64df86fdecb2c4d76f1d9b2eb659cc0,-88,,3,64,,3
11:50:41,26.0,3,42899ca2144687c4074ce3af96dad056f0ee46d24514e19f3769210dfba5ab92,-88,,3,64,,3
11:50:42,26.0,3,42899ca2144687c4074ce3af96dad056f0ee46d24514e19f3769210dfba5ab92,-82,,3,64,,3
11:50:42,26.0,3,42899ca2144687c4074ce3af96dad056f0ee46d24514e19f3769210dfba5ab92,-76,,3,64,,3
11:50:43,26.0,3,b146ee26d1c0d78d1584feae78a5ca41c264891b0ebfdcd07dcbca48866c5fc2,-78,,3,64,,3
11:50:44,26.0,3,42899ca2144687c4074ce3af96dad056f0ee46d24514e19f3769210dfba5ab92,-81,,3,64,12.0,3
11:50:45,26.0,3,42899ca2144687c4074ce3af96dad056f0ee46d24514e19f3769210dfba5ab92,-76,,3,64,12.0,3
11:50:46,26.0,3,22bafd0c5755641435a36118d89935f5aa7e923b0ae6a11b7484d571ad42d4f1,-75,,3,64,7.0,3
11:50:46,26.0,3,cd7575f6e28c80871a76ed227e8386e5823b56f2167d69387f59553a8e0d6e34,-76,,3,64,,3
11:50:47,26.0,3,cd7575f6e28c80871a76ed227e8386e5823b56f2167d69387f59553a8e0d6e34,-76,,3,64,,3
11:50:48,26.0,3,1453026aea56926c927f063a914262a8feb78a67371a12c3907388735afeaf54,-51,,3,64,12.0,3
11:50:49,26.0,3,534949a0f996bd3ea0d67b01abd05d80992e0eb599649375679d571064cf83ae,-83,,3,64,12.0,3
11:50:50,26.0,3,cd7575f6e28c80871a76ed227e8386e5823b56f2167d69387f59553a8e0d6e34,-77,,3,64,,3
11:50:50,26.0,3,cd7575f6e28c80871a76ed227e8386e5823b56f2167d69387f59553a8e0d6e34,-76,,3,64,,3
11:50:51,26.0,3,1aa64ab93ac10224a4118f877465ac484617ff2c0f9c53fdde914a4f716a80de,-82,,3,64,7.0,3
11:50:52,,3,8001ac2da7d5cc04c8d927d2ea37cab8b64df86fdecb2c4d76f1d9b2eb659cc0,-97,,3,64,,3
11:50:53,,3,8001ac2da7d5cc04c8d927d2ea37cab8b64df86fdecb2c4d76f1d9b2eb659cc0,-87,,3,64,,3
11:50:54,,3,8001ac2da7d5cc04c8d927d2ea37cab8b64df86fdecb2c4d76f1d9b2eb659cc0,-91,,3,64,,3
11:50:54,26.0,3,1aa64ab93ac10224a4118f877465ac484617ff2c0f9c53fdde914a4f716a80de,-81,,3,64,7.0,3
11:50:55,26.0,3,6c37578feb22327ac1574d8812abad178496884a12fb4373c4472f83743b3a0e,-76,,3,64,,3
11:50:56,,3,8001ac2da7d5cc04c8d927d2ea37cab8b64df86fdecb2c4d76f1d9b2eb659cc0,-95,,3,64,,3
11:50:57,26.0,3,b146ee26d1c0d78d1584feae78a5ca41c264891b0ebfdcd07dcbca48866c5fc2,-75,,3,64,,3
11:50:58,26.0,3,42899ca2144687c4074ce3af96dad056f0ee46d24514e19f3769210dfba5ab92,-78,,3,64,12.0,3
11:50:58,,3,1c4db1d122557ba4817223a23e8813955fdc1633af97b467c80c17cfc9dc6f03,-84,,3,64,,3
11:50:59,26.0,3,1aa64ab93ac10224a4118f877465ac484617ff2c0f9c53fdde914a4f716a80de,-85,,3,64,7.0,3
11:51:00,26.0,3,22bafd0c5755641435a36118d89935f5aa7e923b0ae6a11b7484d571ad42d4f1,-76,,3,64,7.0,3
11:51:01,26.0,3,534949a0f996bd3ea0d67b01abd05d80992e0eb599649375679d571064cf83ae,-78,,3,64,12.0,3
11:51:02,26.0,3,1453026aea56926c927f063a914262a8feb78a67371a12c3907388735afeaf54,-49,,3,64,12.0,3
11:51:02,26.0,3,1453026aea56926c927f063a914262a8feb78a67371a12c3907388735afeaf54,-53,,3,64,12.0,3
11:51:03,26.0,3,cd7575f6e28c80871a76ed227e8386e5823b56f2167d69387f59553a8e0d6e34,-87,,3,64,,3
11:51:04,26.0,3,1453026aea56926c927f063a914262a8feb78a67371a12c3907388735afeaf54,-53,,3,64,12.0,3
11:51:05,,3,8001ac2da7d5cc04c8d927d2ea37cab8b64df86fdecb2c4d76f1d9b2eb659cc0,-90,,3,64,,3
11:51:06,,3,8001ac2da7d5cc04c8d927d2ea37cab8b64df86fdecb2c4d76f1d9b2eb659cc0,-83,,3,64,,3
11:51:06,26.0,3,b146ee26d1c0d78d1584feae78a5ca41c264891b0ebfdcd07dcbca48866c5fc2,-81,,3,64,,3
11:51:07,26.0,3,22bafd0c5755641435a36118d89935f5aa7e923b0ae6a11b7484d571ad42d4f1,-70,,3,64,7.0,3
11:51:08,26.0,3,3dfdf1e265725c37df46b5e35fc37a19cebbfa93ee06d2be9a35644ec5ff60cd,-79,,3,64,7.0,3
11:51:09,26.0,3,42899ca2144687c4074ce3af96dad056f0ee46d24514e19f3769210dfba5ab92,-86,,3,64,12.0,3
11:51:10,26.0,3,534949a0f996bd3ea0d67b01abd05d80992e0eb599649375679d571064cf83ae,-88,,3,64,12.0,3
11:51:10,,3,be9d564edf2dc90ae80d94c3885262acff12ac31a85a99d40a8513624770b761,-76,,3,64,,3
11:51:11,,3,8001ac2da7d5cc04c8d927d2ea37cab8b64df86fdecb2c4d76f1d9b2eb659cc0,-88,,3,64,,3
11:51:12,26.0,3,cd7575f6e28c80871a76ed227e8386e5823b56f2167d69387f59553a8e0d6e34,-90,,3,64,,3
11:51:13,,3,70e39a4fd60da09a04b3516a60cf7c6836cfaaf2eb72a0a1d5bd45b3c416e69b,-84,,3,64,,3
11:51:14,26.0,3,3dfdf1e265725c37df46b5e35fc37a19cebbfa93ee06d2be9a35644ec5ff60cd,-76,,3,64,7.0,3
11:51:14,,3,be9d564edf2dc90ae80d94c3885262acff12ac31a85a99d40a8513624770b761,-81,,3,64,,3
11:51:15,,3,8001ac2da7d5cc04c8d927d2ea37cab8b64df86fdecb2c4d76f1d9b2eb659cc0,-81,,3,64,,3
11:51:16,,3,6e628a77ea03f3b586ae5abc84dee196799ed5a441e0f0806cfa191f6592db6b,-77,,3,64,,3
11:51:17,,3,8001ac2da7d5cc04c8d927d2ea37cab8b64df86fdecb2c4d76f1d9b2eb659cc0,-89,,3,64,,3
11:51:18,,3,8001ac2da7d5cc04c8d927d2ea37cab8b64df86fdecb2c4d76f1d9b2eb659cc0,-80,,3,64,,3
11:51:18,26.0,3,1aa64ab93ac10224a4118f877465ac484617ff2c0f9c53fdde914a4f716a80de,-79,,3,64,7.0,3
11:51:19,26.0,3,b146ee26d1c0d78d1584feae78a5ca41c264891b0ebfdcd07dcbca48866c5fc2,-81,,3,64,,3
11:51:20,26.0,3,b146ee26d1c0d78d1584feae78a5ca41c264891b0ebfdcd07dcbca48866c5fc2,-80,,3,64,,3
11:51:21,26.0,3,59d0c4aacee0702732b150cfc2cb183dae44d06c97e677939412cd234f72b402,-77,Tb50,3,64,,3
11:51:22,26.0,3,1aa64ab93ac10224a4118f877465ac484617ff2c0f9c53fdde914a4f716a80de,-81,,3,64,7.0,3
11:51:22,26.0,3,3dfdf1e265725c37df46b5e35fc37a19cebbfa93ee06d2be9a35644ec5ff60cd,-72,,3,64,7.0,3
11:51:23,,3,8001ac2da7d5cc04c8d927d2ea37cab8b64df86fdecb2c4d76f1d9b2eb659cc0,-83,,3,64,,3
11:51:24,,3,8001ac2da7d5cc04c8d927d2ea37cab8b64df86fdecb2c4d76f1d9b2eb659cc0,-89,,3,64,,3
11:51:25,,3,70e39a4fd60da09a04b3516a60cf7c6836cfaaf2eb72a0a1d5bd45b3c416e69b,-86,,3,64,,3
11:51:26,,3,8001ac2da7d5cc04c8d927d2ea37cab8b64df86fdecb2c4d76f1d9b2eb659cc0,-81,,3,64,,3
11:51:26,26.0,3,cd7575f6e28c80871a76ed227e8386e5823b56f2167d69387f59553a8e0d6e34,-77,,3,64,,3
11:51:27,26.0,3,1aa64ab93ac10224a4118f877465ac484617ff2c0f9c53fdde914a4f716a80de,-87,,3,64,7.0,3
11:51:28,26.0,3,3dfdf1e265725c37df46b5e35fc37a19cebbfa93ee06d2be9a35644ec5ff60cd,-75,,3,64,7.0,3
11:51:29,26.0,3,534949a0f996bd3ea0d67b01abd05d80992e0eb599649375679d571064cf83ae,-79,,3,64,12.0,3
11:51:29,26.0,3,cd7575f6e28c80871a76ed227e8386e5823b56f2167d69387f59553a8e0d6e34,-72,,3,64,,3
11:51:30,26.0,3,b146ee26d1c0d78d1584feae78a5ca41c264891b0ebfdcd07dcbca48866c5fc2,-75,,3,64,,3
11:51:31,26.0,3,b146ee26d1c0d78d1584feae78a5ca41c264891b0ebfdcd07dcbca48866c5fc2,-83,,3,64,,3
11:51:32,26.0,3,22bafd0c5755641435a36118d89935f5aa7e923b0ae6a11b7484d571ad42d4f1,-79,,3,64,7.0,3
11:51:33,,3,8001ac2da7d5cc04c8d927d2ea37cab8b64df86fdecb2c4d76f1d9b2eb659cc0,-81,,3,64,,3
11:51:33,26.0,3,6c37578feb22327ac1574d8812abad178496884a12fb4373c4472f83743b3a0e,-78,,3,64,,3
11:51:34,26.0,3,42899ca2144687c4074ce3af96dad056f0ee46d24514e19f3769210dfba5ab92,-88,,3,64,12.0,3
11:51:35,26.0,3,cd7575f6e28c80871a76ed227e8386e5823b56f2167d69387f59553a8e0d6e34,-73,,3,64,,3
11:51:36,,3,8001ac2da7d5cc04c8d927d2ea37cab8b64df86fdecb2c4d76f1d9b2eb659cc0,-82,,3,64,,3
11:51:37,,3,8001ac2da7d5cc04c8d927d2ea37cab8b64df86fdecb2c4d76f1d9b2eb659cc0,-87,,3,64,,3
11:51:37,26.0,3,59d0c4aacee0702732b150cfc2cb183dae44d06c97e677939412cd234f72b402,-76,Tb50,3,64,,3
11:51:38,26.0,3,22bafd0c5755641435a36118d89935f5aa7e923b0ae6a11b7484d571ad42d4f1,-69,,3,64,7.0,3
11:51:39,26.0,3,22bafd0c5755641435a36118d89935f5aa7e923b0ae6a11b7484d571ad42d4f1,-75,,3,64,7.0,3
11:51:40,26.0,3,42899ca2144687c4074ce3af96dad056f0ee46d24514e19f3769210dfba5ab92,-85,,3,64,12.0,3
11:51:41,26.0,3,1aa64ab93ac10224a4118f877465ac484617ff2c0f9c53fdde914a4f716a80de,-82,,3,64,7.0,3
11:51:41,26.0,3,3dfdf1e265725c37df46b5e35fc37a19cebbfa93ee06d2be9a35644ec5ff60cd,-69,,3,64,7.0,3
11:51:42,26.0,3,42899ca2144687c4074ce3af96dad056f0ee46d24514e19f3769210dfba5ab92,-73,,3,64,12.0,3
11:51:43,,3,c40fe1cb1c2ba8acab85367a395af2ad01d962a3ea59d1064758b23a92523f07,-75,,3,64,,3
11:51:44,,3,8001ac2da7d5cc04c8d927d2ea37cab8b64df86fdecb2c4d76f1d9b2eb659cc0,-88,,3,64,,3
11:51:45,26.0,3,3dfdf1e265725c37df46b5e35fc37a19cebbfa93ee06d2be9a35644ec5ff60cd,-70,,3,64,7.0,3
11:51:45,,3,8001ac2da7d5cc04c8d927d2ea37cab8b64df86fdecb2c4d76f1d9b2eb659cc0,-89,,3,64,,3
11:51:46,26.0,3,22bafd0c5755641435a36118d89935f5aa7e923b0ae6a11b7484d571ad42d4f1,-70,,3,64,7.0,3
11:51:47,26.0,3,b146ee26d1c0d78d1584feae78a5ca41c264891b0ebfdcd07dcbca48866c5fc2,-81,,3,64,,3
11:51:48,26.0,3,42899ca2144687c4074ce3af96dad056f0ee46d24514e19f3769210dfba5ab92,-76,,3,64,12.0,3
11:51:49,,3,8001ac2da7d5cc04c8d927d2ea37cab8b64df86fdecb2c4d76f1d9b2eb659cc0,-90,,3,64,,3
11:51:49,,3,8001ac2da7d5cc04c8d927d2ea37cab8b64df86fdecb2c4d76f1d9b2eb659cc0,-87,,3,64,,3
11:51:50,26.0,3,3dfdf1e265725c37df46b5e35fc37a19cebbfa93ee06d2be9a35644ec5ff60cd,-78,,3,64,7.0,3
11:51:51,26.0,3,cd7575f6e28c80871a76ed227e8386e5823b56f2167d69387f59553a8e0d6e34,-75,,3,64,,3
11:51:52,,3,8001ac2da7d5cc04c8d927d2ea37cab8b64df86fdecb2c4d76f1d9b2eb659cc0,-88,,3,64,,3
11:51:53,26.0,3,42899ca2144687c4074ce3af96dad056f0ee46d24514e19f3769210dfba5ab92,-82,,3,64,12.0,3
11:51:53,26.0,3,6c37578feb22327ac1574d8812abad178496884a12fb4373c4472f83743b3a0e,-76,,3,64,,3
11:51:54,26.0,3,42899ca2144687c4074ce3af96dad056f0ee46d24514e19f3769210dfba5ab92,-83,,3,64,12.0,3
11:51:55,26.0,3,cd7575f6e28c80871a76ed227e8386e5823b56f2167d69387f59553a8e0d6e34,-77,,3,64,,3
11:51:56,,3,8001ac2da7d5cc04c8d927d2ea37cab8b64df86fdecb2c4d76f1d9b2eb659cc0,-84,,3,64,,3
11:51:57,26.0,3,6c37578feb22327ac1574d8812abad178496884a12fb4373c4472f83743b3a0e,-76,,3,64,,3
11:51:57,26.0,3,534949a0f996bd3ea0d67b01abd05d80992e0eb599649375679d571064cf83ae,-78,,3,64,12.0,3
11:51:58,26.0,3,6c37578feb22327ac1574d8812abad178496884a12fb4373c4472f83743b3a0e,-76,,3,64,,3
11:51:59,26.0,3,6c37578feb22327ac1574d8812abad178496884a12fb4373c4472f83743b3a0e,-81,,3,64,,3
11:52:00,26.0,3,534949a0f996bd3ea0d67b01abd05d80992e0eb599649375679d571064cf83ae,-73,,3,64,12.0,3
11:52:01,26.0,3,6c37578feb22327ac1574d8812abad178496884a12fb4373c4472f83743b3a0e,-74,,3,64,,3
11:52:01,26.0,3,534949a0f996bd3ea0d67b01abd05d80992e0eb599649375679d571064cf83ae,-73,,3,64,12.0,3
11:52:02,26.0,3,22bafd0c5755641435a36118d89935f5aa7e923b0ae6a11b7484d571ad42d4f1,-79,,3,64,7.0,3
11:52:03,,3,6e628a77ea03f3b586ae5abc84dee196799ed5a441e0f0806cfa191f6592db6b,-78,,3,64,,3
11:52:04,26.0,3,cd7575f6e28c80871a76ed227e8386e5823b56f2167d69387f59553a8e0d6e34,-86,,3,64,,3
11:52:05,26.0,3,cd7575f6e28c80871a76ed227e8386e5823b56f2167d69387f59553a8e0d6e34,-79,,3,64,,3
11:52:05,,3,8001ac2da7d5cc04c8d927d2ea37cab8b64df86fdecb2c4d76f1d9b2eb659cc0,-89,,3,64,,3
11:52:06,26.0,3,cd7575f6e28c80871a76ed227e8386e5823b56f2167d69387f59553a8e0d6e34,-84,,3,64,,3
11:52:07,26.0,3,cd7575f6e28c80871a76ed227e8386e5823b56f2167d69387f59553a8e0d6e34,-83,,3,64,,3
11:52:08,,3,8001ac2da7d5cc04c8d927d2ea37cab8b64df86fdecb2c4d76f1d9b2eb659cc0,-89,,3,64,,3
11:52:09,26.0,3,cd7575f6e28c80871a76ed227e8386e5823b56f2167d69387f59553a8e0d6e34,-78,,3,64,,3
11:52:09,26.0,3,cd7575f6e28c80871a76ed227e8386e5823b56f2167d69387f59553a8e0d6e34,-80,,3,64,,3
11:52:10,,3,8001ac2da7d5cc04c8d927d2ea37cab8b64df86fdecb2c4d76f1d9b2eb659cc0,-86,,3,64,,3
11:52:11,,3,8001ac2da7d5cc04c8d927d2ea37cab8b64df86fdecb2c4d76f1d9b2eb659cc0,-89,,3,64,,3
11:52:12,6.0,3,830ad2281bdc12b20402177d3bf1ccff346a36901b4ad3135c4671ec7b42d861,-81,,3,64,,3
11:52:13,26.0,3,42899ca2144687c4074ce3af96dad056f0ee46d24514e19f3769210dfba5ab92,-81,,3,64,12.0,3
11:52:13,26.0,3,59d0c4aacee0702732b150cfc2cb183dae44d06c97e677939412cd234f72b402,-71,Tb50,3,64,,3
11:52:14,26.0,3,1453026aea56926c927f063a914262a8feb78a67371a12c3907388735afeaf54,-34,,3,64,12.0,3
11:52:15,6.0,3,fe5f178b3c967c6bf3d967ec9e96287b5205387ab66aebad3deced0da809b803,-90,,3,64,,3
11:52:16,26.0,3,42899ca2144687c4074ce3af96dad056f0ee46d24514e19f3769210dfba5ab92,-76,,3,64,12.0,3
11:52:17,26.0,3,22bafd0c5755641435a36118d89935f5aa7e923b0ae6a11b7484d571ad42d4f1,-68,,3,64,7.0,3
11:52:17,26.0,3,22bafd0c5755641435a36118d89935f5aa7e923b0ae6a11b7484d571ad42d4f1,-73,,3,64,7.0,3
11:52:18,26.0,3,b146ee26d1c0d78d1584feae78a5ca41c264891b0ebfdcd07dcbca48866c5fc2,-84,,3,64,,3
11:52:19,26.0,3,cd7575f6e28c80871a76ed227e8386e5823b56f2167d69387f59553a8e0d6e34,-71,,3,64,,3
11:52:20,26.0,3,b146ee26d1c0d78d1584feae78a5ca41c264891b0ebfdcd07dcbca48866c5fc2,-86,,3,64,,3
11:52:21,26.0,3,b146ee26d1c0d78d1584feae78a5ca41c264891b0ebfdcd07dcbca48866c5fc2,-74,,3,64,,3
11:52:21,26.0,3,cd7575f6e28c80871a76ed227e8386e5823b56f2167d69387f59553a8e0d6e34,-77,,3,64,,3
11:52:22,6.0,3,fe5f178b3c967c6bf3d967ec9e96287b5205387ab66aebad3deced0da809b803,-93,,3,64,,3
11:52:23,26.0,3,cd7575f6e28c80871a76ed227e8386e5823b56f2167d69387f59553a8e0d6e34,-88,,3,64,,3
11:52:24,26.0,3,cd7575f6e28c80871a76ed227e8386e5823b56f2167d69387f59553a8e0d6e34,-83,,3,64,,3
11:52:25,26.0,3,3dfdf1e265725c37df46b5e35fc37a19cebbfa93ee06d2be9a35644ec5ff60cd,-69,,3,64,7.0,3
11:52:25,26.0,3,42899ca2144687c4074ce3af96dad056f0ee46d24514e19f3769210dfba5ab92,-80,,3,64,12.0,3
11:52:26,26.0,3,cd7575f6e28c80871a76ed227e8386e5823b56f2167d69387f59553a8e0d6e34,-74,,3,64,,3
11:52:27,26.0,3,d13b8ed062516bd516ac3a0d1167ea0e278c48e3dd5db941fae10049605c8114,-74,,3,64,7.0,3
11:52:28,,3,8001ac2da7d5cc04c8d927d2ea37cab8b64df86fdecb2c4d76f1d9b2eb659cc0,-83,,3,64,,3
11:52:29,,3,8001ac2da7d5cc04c8d927d2ea37cab8b64df86fdecb2c4d76f1d9b2eb659cc0,-82,,3,64,,3
11:52:29,26.0,3,b146ee26d1c0d78d1584feae78a5ca41c264891b0ebfdcd07dcbca48866c5fc2,-76,,3,64,,3
11:52:30,26.0,3,534949a0f996bd3ea0d67b01abd05d80992e0eb599649375679d571064cf83ae,-68,,3,64,12.0,3
11:52:31,26.0,3,534949a0f996bd3ea0d67b01abd05d80992e0eb599649375679d571064cf83ae,-76,,3,64,12.0,3
11:52:32,26.0,3,3dfdf1e265725c37df46b5e35fc37a19cebbfa93ee06d2be9a35644ec5ff60cd,-79,,3,64,7.0,3
11:52:33,26.0,3,534949a0f996bd3ea0d67b01abd05d80992e0eb599649375679d571064cf83ae,-78,,3,64,12.0,3
11:52:33,26.0,3,cd7575f6e28c80871a76ed227e8386e5823b56f2167d69387f59553a8e0d6e34,-83,,3,64,,3
11:52:34,6.0,3,830ad2281bdc12b20402177d3bf1ccff346a36901b4ad3135c4671ec7b42d861,-89,,3,64,,3
11:52:35,26.0,3,534949a0f996bd3ea0d67b01abd05d80992e0eb599649375679d571064cf83ae,-60,,3,64,12.0,3
11:52:36,,3,1c4db1d122557ba4817223a23e8813955fdc1633af97b467c80c17cfc9dc6f03,-88,,3,64,,3
11:52:37,26.0,3,cd7575f6e28c80871a76ed227e8386e5823b56f2167d69387f59553a8e0d6e34,-72,,3,64,,3
11:52:37,,3,8001ac2da7d5cc04c8d927d2ea37cab8b64df86fdecb2c4d76f1d9b2eb659cc0,-89,,3,64,,3
11:52:38,26.0,3,d13b8ed062516bd516ac3a0d1167ea0e278c48e3dd5db941fae10049605c8114,-72,,3,64,7.0,3
11:52:39,6.0,3,830ad2281bdc12b20402177d3bf1ccff346a36901b4ad3135c4671ec7b42d861,-99,,3,64,,3
11:52:40,26.0,3,534949a0f996bd3ea0d67b01abd05d80992e0eb599649375679d571064cf83ae,-71,,3,64,12.0,3
11:52:40,26.0,3,534949a0f996bd3ea0d67b01abd05d80992e0eb599649375679d571064cf83ae,-74,,3,64,12.0,3
11:52:41,26.0,3,534949a0f996bd3ea0d67b01abd05d80992e0eb599649375679d571064cf83ae,-64,,3,64,12.0,3
11:52:42,26.0,3,b146ee26d1c0d78d1584feae78a5ca41c264891b0ebfdcd07dcbca48866c5fc2,-80,,3,64,,3
11:52:43,26.0,3,534949a0f996bd3ea0d67b01abd05d80992e0eb599649375679d571064cf83ae,-70,,3,64,12.0,3
11:52:44,,3,8001ac2da7d5cc04c8d927d2ea37cab8b64df86fdecb2c4d76f1d9b2eb659cc0,-84,,3,64,,3
11:52:44,26.0,3,6c37578feb22327ac1574d8812abad178496884a12fb4373c4472f83743b3a0e,-80,,3,64,,3
11:52:45,,3,8001ac2da7d5cc04c8d927d2ea37cab8b64df86fdecb2c4d76f1d9b2eb659cc0,-88,,3,64,,3
11:52:46,26.0,3,d13b8ed062516bd516ac3a0d1167ea0e278c48e3dd5db941fae10049605c8114,-69,,3,64,7.0,3
11:52:47,,3,8001ac2da7d5cc04c8d927d2ea37cab8b64df86fdecb2c4d76f1d9b2eb659cc0,-87,,3,64,,3
11:52:48,26.0,3,6c37578feb22327ac1574d8812abad178496884a12fb4373c4472f83743b3a0e,-80,,3,64,,3
11:52:48,,3,be9d564edf2dc90ae80d94c3885262acff12ac31a85a99d40a8513624770b761,-76,,3,64,,3
11:52:49,,3,8001ac2da7d5cc04c8d927d2ea37cab8b64df86fdecb2c4d76f1d9b2eb659cc0,-86,,3,64,,3
11:52:50,26.0,3,ffcf7b92cda8f625198e4d3d35313acd7cfb61db206dce3bb7ffb4e26c3dcaa4,-78,,3,64,12.0,3
11:52:51,26.0,3,cd7575f6e28c80871a76ed227e8386e5823b56f2167d69387f59553a8e0d6e34,-79,,3,64,,3
11:52:52,26.0,3,cd7575f6e28c80871a76ed227e8386e5823b56f2167d69387f59553a8e0d6e34,-83,,3,64,,3
11:52:52,,3,be9d564edf2dc90ae80d94c3885262acff12ac31a85a99d40a8513624770b761,-81,,3,64,,3
11:52:53,,3,8001ac2da7d5cc04c8d927d2ea37cab8b64df86fdecb2c4d76f1d9b2eb659cc0,-90,,3,64,,3
11:52:54,26.0,3,b146ee26d1c0d78d1584feae78a5ca41c264891b0ebfdcd07dcbca48866c5fc2,-72,,3,64,,3
11:52:55,26.0,3,3dfdf1e265725c37df46b5e35fc37a19cebbfa93ee06d2be9a35644ec5ff60cd,-73,,3,64,7.0,3
11:52:56,26.0,3,3dfdf1e265725c37df46b5e35fc37a19cebbfa93ee06d2be9a35644ec5ff60cd,-80,,3,64,7.0,3
11:52:56,26.0,3,3dfdf1e265725c37df46b5e35fc37a19cebbfa93ee06d2be9a35644ec5ff60cd,-75,,3,64,7.0,3
11:52:57,26.0,3,6c37578feb22327ac1574d8812abad178496884a12fb4373c4472f83743b3a0e,-78,,3,64,,3
11:52:58,26.0,3,3dfdf1e265725c37df46b5e35fc37a19cebbfa93ee06d2be9a35644ec5ff60cd,-76,,3,64,7.0,3
11:52:59,,3,8001ac2da7d5cc04c8d927d2ea37cab8b64df86fdecb2c4d76f1d9b2eb659cc0,-84,,3,64,,3
11:53:00,,3,8001ac2da7d5cc04c8d927d2ea37cab8b64df86fdecb2c4d76f1d9b2eb659cc0,-87,,3,64,,3
11:53:00,,3,8001ac2da7d5cc04c8d927d2ea37cab8b64df86fdecb2c4d76f1d9b2eb659cc0,-87,,3,64,,3
11:53:01,,3,44205170d2cdba1722006a44895e186412136c5c9e66810d8c4dd4382c2f64f7,-68,,3,64,,3
11:53:02,26.0,3,cd7575f6e28c80871a76ed227e8386e5823b56f2167d69387f59553a8e0d6e34,-71,,3,64,,3
11:53:03,,3,8001ac2da7d5cc04c8d927d2ea37cab8b64df86fdecb2c4d76f1d9b2eb659cc0,-87,,3,64,,3
11:53:03,26.0,3,3dfdf1e265725c37df46b5e35fc37a19cebbfa93ee06d2be9a35644ec5ff60cd,-77,,3,64,7.0,3
11:53:04,,3,be9d564edf2dc90ae80d94c3885262acff12ac31a85a99d40a8513624770b761,-86,,3,64,,3
11:53:05,,3,8001ac2da7d5cc04c8d927d2ea37cab8b64df86fdecb2c4d76f1d9b2eb659cc0,-87,,3,64,,3
11:53:06,,3,8001ac2da7d5cc04c8d927d2ea37cab8b64df86fdecb2c4d76f1d9b2eb659cc0,-82,,3,64,,3
11:53:07,26.0,3,cd7575f6e28c80871a76ed227e8386e5823b56f2167d69387f59553a8e0d6e34,-81,,3,64,,3
11:53:08,,3,7f2d9d83ae6b794c95502a6294f2ca6facbf6d7261df8cd1e1fecd0ddc2dac21,-72,,3,64,,3
11:53:08,26.0,3,b146ee26d1c0d78d1584feae78a5ca41c264891b0ebfdcd07dcbca48866c5fc2,-72,,3,64,,3
11:53:09,,3,8001ac2da7d5cc04c8d927d2ea37cab8b64df86fdecb2c4d76f1d9b2eb659cc0,-81,,3,64,,3
11:53:10,26.0,3,3dfdf1e265725c37df46b5e35fc37a19cebbfa93ee06d2be9a35644ec5ff60cd,-74,,3,64,7.0,3
11:53:11,,3,8001ac2da7d5cc04c8d927d2ea37cab8b64df86fdecb2c4d76f1d9b2eb659cc0,-86,,3,64,,3
11:53:12,,3,72a2addd40b458bf85b38326f87818e368d79ba8611b615c7cb8b13ead476f7c,-32,,3,64,,3
11:53:12,26.0,3,6c37578feb22327ac1574d8812abad178496884a12fb4373c4472f83743b3a0e,-75,,3,64,,3
11:53:13,26.0,3,3dfdf1e265725c37df46b5e35fc37a19cebbfa93ee06d2be9a35644ec5ff60cd,-73,,3,64,7.0,3
11:53:14,26.0,3,cd7575f6e28c80871a76ed227e8386e5823b56f2167d69387f59553a8e0d6e34,-80,,3,64,,3
11:53:15,26.0,3,ffcf7b92cda8f625198e4d3d35313acd7cfb61db206dce3bb7ffb4e26c3dcaa4,-84,,3,64,12.0,3
11:53:16,,3,72a2addd40b458bf85b38326f87818e368d79ba8611b615c7cb8b13ead476f7c,-36,,3,64,,3
11:53:16,,3,be9d564edf2dc90ae80d94c3885262acff12ac31a85a99d40a8513624770b761,-85,,3,64,,3
11:53:17,26.0,3,d13b8ed062516bd516ac3a0d1167ea0e278c48e3dd5db941fae10049605c8114,-77,,3,64,7.0,3
11:53:18,,3,9f46d61aab0db9b72db61004cd5b8a7f73257519e4ab4ccbce640a3013a4c8fe,-80,,3,64,,3
11:53:19,,3,8001ac2da7d5cc04c8d927d2ea37cab8b64df86fdecb2c4d76f1d9b2eb659cc0,-81,,3,64,,3
11:53:20,26.0,3,b146ee26d1c0d78d1584feae78a5ca41c264891b0ebfdcd07dcbca48866c5fc2,-78,,3,64,,3
11:53:20,26.0,3,b146ee26d1c0d78d1584feae78a5ca41c264891b0ebfdcd07dcbca48866c5fc2,-84,,3,64,,3
11:53:21,26.0,3,cd7575f6e28c80871a76ed227e8386e5823b56f2167d69387f59553a8e0d6e34,-72,,3,64,,3
11:53:22,26.0,3,b146ee26d1c0d78d1584feae78a5ca41c264891b0ebfdcd07dcbca48866c5fc2,-87,,3,64,,3
11:53:23,,3,8001ac2da7d5cc04c8d927d2ea37cab8b64df86fdecb2c4d76f1d9b2eb659cc0,-89,,3,64,,3
11:53:24,,3,8001ac2da7d5cc04c8d927d2ea37cab8b64df86fdecb2c4d76f1d9b2eb659cc0,-80,,3,64,,3
11:53:24,26.0,3,b146ee26d1c0d78d1584feae78a5ca41c264891b0ebfdcd07dcbca48866c5fc2,-72,,3,64,,3
11:53:25,,3,8001ac2da7d5cc04c8d927d2ea37cab8b64df86fdecb2c4d76f1d9b2eb659cc0,-82,,3,64,,3
11:53:26,,3,8001ac2da7d5cc04c8d927d2ea37cab8b64df86fdecb2c4d76f1d9b2eb659cc0,-83,,3,64,,3
11:53:27,26.0,3,3dfdf1e265725c37df46b5e35fc37a19cebbfa93ee06d2be9a35644ec5ff60cd,-78,,3,64,7.0,3
11:53:28,26.0,3,3dfdf1e265725c37df46b5e35fc37a19cebbfa93ee06d2be9a35644ec5ff60cd,-80,,3,64,7.0,3
11:53:28,26.0,3,d13b8ed062516bd516ac3a0d1167ea0e278c48e3dd5db941fae10049605c8114,-84,,3,64,7.0,3
11:53:29,26.0,3,d13b8ed062516bd516ac3a0d1167ea0e278c48e3dd5db941fae10049605c8114,-90,,3,64,7.0,3
11:53:30,,3,9f46d61aab0db9b72db61004cd5b8a7f73257519e4ab4ccbce640a3013a4c8fe,-71,,3,64,,3
11:53:31,,3,44205170d2cdba1722006a44895e186412136c5c9e66810d8c4dd4382c2f64f7,-87,,3,64,,3
11:53:32,,3,8001ac2da7d5cc04c8d927d2ea37cab8b64df86fdecb2c4d76f1d9b2eb659cc0,-80,,3,64,,3
11:53:32,26.0,3,cd7575f6e28c80871a76ed227e8386e5823b56f2167d69387f59553a8e0d6e34,-72,,3,64,,3
11:53:33,26.0,3,b146ee26d1c0d78d1584feae78a5ca41c264891b0ebfdcd07dcbca48866c5fc2,-71,,3,64,,3
11:53:34,,3,8001ac2da7d5cc04c8d927d2ea37cab8b64df86fdecb2c4d76f1d9b2eb659cc0,-81,,3,64,,3
11:53:35,,3,8001ac2da7d5cc04c8d927d2ea37cab8b64df86fdecb2c4d76f1d9b2eb659cc0,-86,,3,64,,3
11:53:36,26.0,3,b146ee26d1c0d78d1584feae78a5ca41c264891b0ebfdcd07dcbca48866c5fc2,-78,,3,64,,3
11:53:36,,3,8001ac2da7d5cc04c8d927d2ea37cab8b64df86fdecb2c4d76f1d9b2eb659cc0,-81,,3,64,,3
11:53:37,,3,8001ac2da7d5cc04c8d927d2ea37cab8b64df86fdecb2c4d76f1d9b2eb659cc0,-88,,3,64,,3
11:53:38,26.0,3,ffcf7b92cda8f625198e4d3d35313acd7cfb61db206dce3bb7ffb4e26c3dcaa4,-79,,3,64,12.0,3
11:53:39,,3,8001ac2da7d5cc04c8d927d2ea37cab8b64df86fdecb2c4d76f1d9b2eb659cc0,-82,,3,64,,3
11:53:40,,3,8001ac2da7d5cc04c8d927d2ea37cab8b64df86fdecb2c4d76f1d9b2eb659cc0,-86,,3,64,,3
11:53:40,,3,8001ac2da7d5cc04c8d927d2ea37cab8b64df86fdecb2c4d76f1d9b2eb659cc0,-92,,3,64,,3
11:53:41,26.0,3,6c37578feb22327ac1574d8812abad178496884a12fb4373c4472f83743b3a0e,-82,,3,64,,3
11:53:42,,3,8001ac2da7d5cc04c8d927d2ea37cab8b64df86fdecb2c4d76f1d9b2eb659cc0,-89,,3,64,,3
11:53:43,26.0,3,b146ee26d1c0d78d1584feae78a5ca41c264891b0ebfdcd07dcbca48866c5fc2,-80,,3,64,,3
11:53:44,,3,8001ac2da7d5cc04c8d927d2ea37cab8b64df86fdecb2c4d76f1d9b2eb659cc0,-87,,3,64,,3
11:53:44,26.0,3,cd7575f6e28c80871a76ed227e8386e5823b56f2167d69387f59553a8e0d6e34,-89,,3,64,,3
11:53:45,26.0,3,cd7575f6e28c80871a76ed227e8386e5823b56f2167d69387f59553a8e0d6e34,-78,,3,64,,3
11:53:46,26.0,3,b146ee26d1c0d78d1584feae78a5ca41c264891b0ebfdcd07dcbca48866c5fc2,-75,,3,64,,3
11:53:47,,3,8001ac2da7d5cc04c8d927d2ea37cab8b64df86fdecb2c4d76f1d9b2eb659cc0,-92,,3,64,,3
11:53:47,,3,7f2d9d83ae6b794c95502a6294f2ca6facbf6d7261df8cd1e1fecd0ddc2dac21,-86,,3,64,,3
11:53:48,26.0,3,6c37578feb22327ac1574d8812abad178496884a12fb4373c4472f83743b3a0e,-74,,3,64,,3
11:53:49,26.0,3,3dfdf1e265725c37df46b5e35fc37a19cebbfa93ee06d2be9a35644ec5ff60cd,-78,,3,64,7.0,3
11:53:50,,3,8001ac2da7d5cc04c8d927d2ea37cab8b64df86fdecb2c4d76f1d9b2eb659cc0,-89,,3,64,,3
11:53:51,26.0,3,3dfdf1e265725c37df46b5e35fc37a19cebbfa93ee06d2be9a35644ec5ff60cd,-82,,3,64,7.0,3
11:53:51,,3,8001ac2da7d5cc04c8d927d2ea37cab8b64df86fdecb2c4d76f1d9b2eb659cc0,-81,,3,64,,3
11:53:52,,3,8001ac2da7d5cc04c8d927d2ea37cab8b64df86fdecb2c4d76f1d9b2eb659cc0,-86,,3,64,,3
11:53:53,26.0,3,cd7575f6e28c80871a76ed227e8386e5823b56f2167d69387f59553a8e0d6e34,-87,,3,64,,3
11:53:54,,3,8001ac2da7d5cc04c8d927d2ea37cab8b64df86fdecb2c4d76f1d9b2eb659cc0,-81,,3,64,,3
11:53:55,,3,8001ac2da7d5cc04c8d927d2ea37cab8b64df86fdecb2c4d76f1d9b2eb659cc0,-91,,3,64,,3
11:53:55,26.0,3,cd7575f6e28c80871a76ed227e8386e5823b56f2167d69387f59553a8e0d6e34,-73,,3,64,,3
11:53:56,26.0,3,cd7575f6e28c80871a76ed227e8386e5823b56f2167d69387f59553a8e0d6e34,-72,,3,64,,3
11:53:57,26.0,3,b146ee26d1c0d78d1584feae78a5ca41c264891b0ebfdcd07dcbca48866c5fc2,-78,,3,64,,3
11:53:58,26.0,3,b146ee26d1c0d78d1584feae78a5ca41c264891b0ebfdcd07dcbca48866c5fc2,-82,,3,64,,3
11:53:59,26.0,3,3dfdf1e265725c37df46b5e35fc37a19cebbfa93ee06d2be9a35644ec5ff60cd,-73,,3,64,7.0,3
11:53:59,26.0,3,cd7575f6e28c80871a76ed227e8386e5823b56f2167d69387f59553a8e0d6e34,-72,,3,64,,3
11:54:00,26.0,3,d4ecf48dafa978fadbb31f5f15aeb2023ef023de3a81c285f0e978e39b55369a,-69,,3,64,12.0,3
11:54:01,26.0,3,b146ee26d1c0d78d1584feae78a5ca41c264891b0ebfdcd07dcbca48866c5fc2,-78,,3,64,,3
11:54:02,,3,8001ac2da7d5cc04c8d927d2ea37cab8b64df86fdecb2c4d76f1d9b2eb659cc0,-81,,3,64,,3
11:54:03,26.0,3,b146ee26d1c0d78d1584feae78a5ca41c264891b0ebfdcd07dcbca48866c5fc2,-78,,3,64,,3
11:54:03,26.0,3,3dfdf1e265725c37df46b5e35fc37a19cebbfa93ee06d2be9a35644ec5ff60cd,-84,,3,64,7.0,3
11:54:04,,3,8001ac2da7d5cc04c8d927d2ea37cab8b64df86fdecb2c4d76f1d9b2eb659cc0,-81,,3,64,,3
11:54:05,,3,8001ac2da7d5cc04c8d927d2ea37cab8b64df86fdecb2c4d76f1d9b2eb659cc0,-88,,3,64,,3
11:54:06,,3,8001ac2da7d5cc04c8d927d2ea37cab8b64df86fdecb2c4d76f1d9b2eb659cc0,-79,,3,64,,3
11:54:07,26.0,3,6c37578feb22327ac1574d8812abad178496884a12fb4373c4472f83743b3a0e,-72,,3,64,,3
11:54:07,,3,8001ac2da7d5cc04c8d927d2ea37cab8b64df86fdecb2c4d76f1d9b2eb659cc0,-89,,3,64,,3
11:54:08,26.0,3,b146ee26d1c0d78d1584feae78a5ca41c264891b0ebfdcd07dcbca48866c5fc2,-86,,3,64,,3
11:54:09,26.0,3,b146ee26d1c0d78d1584feae78a5ca41c264891b0ebfdcd07dcbca48866c5fc2,-72,,3,64,,3
11:54:10,26.0,3,d4ecf48dafa978fadbb31f5f15aeb2023ef023de3a81c285f0e978e39b55369a,-68,,3,64,12.0,3
11:54:11,26.0,3,3dfdf1e265725c37df46b5e35fc37a19cebbfa93ee06d2be9a35644ec5ff60cd,-78,,3,64,7.0,3
11:54:11,26.0,3,3dfdf1e265725c37df46b5e35fc37a19cebbfa93ee06d2be9a35644ec5ff60cd,-77,,3,64,7.0,3
11:54:12,,3,8001ac2da7d5cc04c8d927d2ea37cab8b64df86fdecb2c4d76f1d9b2eb659cc0,-78,,3,64,,3
11:54:13,26.0,3,ffcf7b92cda8f625198e4d3d35313acd7cfb61db206dce3bb7ffb4e26c3dcaa4,-77,,3,64,12.0,3
11:54:14,26.0,3,ffcf7b92cda8f625198e4d3d35313acd7cfb61db206dce3bb7ffb4e26c3dcaa4,-88,,3,64,12.0,3
11:54:15,,3,8001ac2da7d5cc04c8d927d2ea37cab8b64df86fdecb2c4d76f1d9b2eb659cc0,-80,,3,64,,3
11:54:15,26.0,3,ffcf7b92cda8f625198e4d3d35313acd7cfb61db206dce3bb7ffb4e26c3dcaa4,-83,,3,64,12.0,3
11:54:16,,3,8001ac2da7d5cc04c8d927d2ea37cab8b64df86fdecb2c4d76f1d9b2eb659cc0,-81,,3,64,,3
11:54:17,,3,8001ac2da7d5cc04c8d927d2ea37cab8b64df86fdecb2c4d76f1d9b2eb659cc0,-82,,3,64,,3
11:54:18,26.0,3,cd7575f6e28c80871a76ed227e8386e5823b56f2167d69387f59553a8e0d6e34,-78,,3,64,,3
11:54:19,26.0,3,3dfdf1e265725c37df46b5e35fc37a19cebbfa93ee06d2be9a35644ec5ff60cd,-81,,3,64,7.0,3
11:54:19,26.0,3,6c37578feb22327ac1574d8812abad178496884a12fb4373c4472f83743b3a0e,-76,,3,64,,3
11:54:20,26.0,3,cd7575f6e28c80871a76ed227e8386e5823b56f2167d69387f59553a8e0d6e34,-76,,3,64,,3
11:54:21,,3,8001ac2da7d5cc04c8d927d2ea37cab8b64df86fdecb2c4d76f1d9b2eb659cc0,-87,,3,64,,3
11:54:22,26.0,3,6c37578feb22327ac1574d8812abad178496884a12fb4373c4472f83743b3a0e,-71,,3,64,,3
11:54:23,,3,8001ac2da7d5cc04c8d927d2ea37cab8b64df86fdecb2c4d76f1d9b2eb659cc0,-93,,3,64,,3
11:54:23,26.0,3,6c37578feb22327ac1574d8812abad178496884a12fb4373c4472f83743b3a0e,-73,,3,64,,3
11:54:24,26.0,3,6c37578feb22327ac1574d8812abad178496884a12fb4373c4472f83743b3a0e,-71,,3,64,,3
11:54:25,,3,8001ac2da7d5cc04c8d927d2ea37cab8b64df86fdecb2c4d76f1d9b2eb659cc0,-88,,3,64,,3
11:54:26,26.0,3,3dfdf1e265725c37df46b5e35fc37a19cebbfa93ee06d2be9a35644ec5ff60cd,-70,,3,64,7.0,3
11:54:27,26.0,3,ffcf7b92cda8f625198e4d3d35313acd7cfb61db206dce3bb7ffb4e26c3dcaa4,-80,,3,64,12.0,3
11:54:27,,3,8001ac2da7d5cc04c8d927d2ea37cab8b64df86fdecb2c4d76f1d9b2eb659cc0,-90,,3,64,,3
11:54:28,26.0,3,d4ecf48dafa978fadbb31f5f15aeb2023ef023de3a81c285f0e978e39b55369a,-75,,3,64,12.0,3
11:54:29,26.0,3,6c37578feb22327ac1574d8812abad178496884a12fb4373c4472f83743b3a0e,-76,,3,64,,3
11:54:30,26.0,3,cd7575f6e28c80871a76ed227e8386e5823b56f2167d69387f59553a8e0d6e34,-71,,3,64,,3
11:54:31,26.0,3,d4ecf48dafa978fadbb31f5f15aeb2023ef023de3a81c285f0e978e39b55369a,-75,,3,64,12.0,3
11:54:31,26.0,3,6c37578feb22327ac1574d8812abad178496884a12fb4373c4472f83743b3a0e,-76,,3,64,,3
11:54:32,26.0,3,b146ee26d1c0d78d1584feae78a5ca41c264891b0ebfdcd07dcbca48866c5fc2,-73,,3,64,,3
11:54:33,26.0,3,1aa64ab93ac10224a4118f877465ac484617ff2c0f9c53fdde914a4f716a80de,-92,,3,64,7.0,3
11:54:34,26.0,3,cd7575f6e28c80871a76ed227e8386e5823b56f2167d69387f59553a8e0d6e34,-76,,3,64,,3
11:54:35,,3,be9d564edf2dc90ae80d94c3885262acff12ac31a85a99d40a8513624770b761,-82,,3,64,,3
11:54:35,26.0,3,6c37578feb22327ac1574d8812abad178496884a12fb4373c4472f83743b3a0e,-75,,3,64,,3
11:54:36,,3,8001ac2da7d5cc04c8d927d2ea37cab8b64df86fdecb2c4d76f1d9b2eb659cc0,-92,,3,64,,3
11:54:37,,3,8001ac2da7d5cc04c8d927d2ea37cab8b64df86fdecb2c4d76f1d9b2eb659cc0,-90,,3,64,,3
11:54:38,,3,72a2addd40b458bf85b38326f87818e368d79ba8611b615c7cb8b13ead476f7c,-36,,3,64,,3
11:54:39,26.0,3,ffcf7b92cda8f625198e4d3d35313acd7cfb61db206dce3bb7ffb4e26c3dcaa4,-85,,3,64,12.0,3
11:54:39,26.0,3,ffcf7b92cda8f625198e4d3d35313acd7cfb61db206dce3bb7ffb4e26c3dcaa4,-80,,3,64,12.0,3
11:54:40,,3,8001ac2da7d5cc04c8d927d2ea37cab8b64df86fdecb2c4d76f1d9b2eb659cc0,-90,,3,64,,3
11:54:41,26.0,3,cd7575f6e28c80871a76ed227e8386e5823b56f2167d69387f59553a8e0d6e34,-75,,3,64,,3
11:54:42,26.0,3,cd7575f6e28c80871a76ed227e8386e5823b56f2167d69387f59553a8e0d6e34,-72,,3,64,,3
11:54:43,26.0,3,3dfdf1e265725c37df46b5e35fc37a19cebbfa93ee06d2be9a35644ec5ff60cd,-88,,3,64,7.0,3
11:54:43,26.0,3,3dfdf1e265725c37df46b5e35fc37a19cebbfa93ee06d2be9a35644ec5ff60cd,-85,,3,64,7.0,3
11:54:44,26.0,3,d4ecf48dafa978fadbb31f5f15aeb2023ef023de3a81c285f0e978e39b55369a,-71,,3,64,12.0,3
11:54:45,26.0,3,d4ecf48dafa978fadbb31f5f15aeb2023ef023de3a81c285f0e978e39b55369a,-69,,3,64,12.0,3
11:54:46,,3,8001ac2da7d5cc04c8d927d2ea37cab8b64df86fdecb2c4d76f1d9b2eb659cc0,-89,,3,64,,3
11:54:47,,3,8001ac2da7d5cc04c8d927d2ea37cab8b64df86fdecb2c4d76f1d9b2eb659cc0,-81,,3,64,,3
11:54:47,,3,8001ac2da7d5cc04c8d927d2ea37cab8b64df86fdecb2c4d76f1d9b2eb659cc0,-81,,3,64,,3
11:54:48,26.0,3,1aa64ab93ac10224a4118f877465ac484617ff2c0f9c53fdde914a4f716a80de,-92,,3,64,7.0,3
11:54:49,,3,8001ac2da7d5cc04c8d927d2ea37cab8b64df86fdecb2c4d76f1d9b2eb659cc0,-81,,3,64,,3
11:54:50,26.0,3,b146ee26d1c0d78d1584feae78a5ca41c264891b0ebfdcd07dcbca48866c5fc2,-82,,3,64,,3
11:54:51,26.0,3,ffcf7b92cda8f625198e4d3d35313acd7cfb61db206dce3bb7ffb4e26c3dcaa4,-78,,3,64,12.0,3
11:54:51,26.0,3,cd7575f6e28c80871a76ed227e8386e5823b56f2167d69387f59553a8e0d6e34,-77,,3,64,,3
11:54:52,,3,8001ac2da7d5cc04c8d927d2ea37cab8b64df86fdecb2c4d76f1d9b2eb659cc0,-84,,3,64,,3
11:54:53,26.0,3,6c37578feb22327ac1574d8812abad178496884a12fb4373c4472f83743b3a0e,-78,,3,64,,3
11:54:54,26.0,3,d4ecf48dafa978fadbb31f5f15aeb2023ef023de3a81c285f0e978e39b55369a,-71,,3,64,12.0,3
11:54:55,,3,44205170d2cdba1722006a44895e186412136c5c9e66810d8c4dd4382c2f64f7,-75,,3,64,,3
11:54:55,26.0,3,d13b8ed062516bd516ac3a0d1167ea0e278c48e3dd5db941fae10049605c8114,-66,,3,64,7.0,3
11:54:56,,3,8001ac2da7d5cc04c8d927d2ea37cab8b64df86fdecb2c4d76f1d9b2eb659cc0,-94,,3,64,,3
11:54:57,26.0,3,ffcf7b92cda8f625198e4d3d35313acd7cfb61db206dce3bb7ffb4e26c3dcaa4,-84,,3,64,12.0,3
11:54:58,,3,8001ac2da7d5cc04c8d927d2ea37cab8b64df86fdecb2c4d76f1d9b2eb659cc0,-81,,3,64,,3
11:54:58,,3,37703fc58dd17517368340793c8be7fa3c0fa3c83efe62d1e4c6e6831bfb64b2,-86,,3,64,,3
11:54:59,26.0,3,d13b8ed062516bd516ac3a0d1167ea0e278c48e3dd5db941fae10049605c8114,-75,,3,64,7.0,3
11:55:00,26.0,3,d13b8ed062516bd516ac3a0d1167ea0e278c48e3dd5db941fae10049605c8114,-75,,3,64,7.0,3
11:55:01,26.0,3,d13b8ed062516bd516ac3a0d1167ea0e278c48e3dd5db941fae10049605c8114,-77,,3,64,7.0,3
11:55:02,,3,8001ac2da7d5cc04c8d927d2ea37cab8b64df86fdecb2c4d76f1d9b2eb659cc0,-90,,3,64,,3
11:55:02,,3,37703fc58dd17517368340793c8be7fa3c0fa3c83efe62d1e4c6e6831bfb64b2,-74,,3,64,,3
11:55:03,26.0,3,3dfdf1e265725c37df46b5e35fc37a19cebbfa93ee06d2be9a35644ec5ff60cd,-75,,3,64,7.0,3
11:55:04,26.0,3,ffcf7b92cda8f625198e4d3d35313acd7cfb61db206dce3bb7ffb4e26c3dcaa4,-84,,3,64,12.0,3
11:55:05,26.0,3,d4ecf48dafa978fadbb31f5f15aeb2023ef023de3a81c285f0e978e39b55369a,-70,,3,64,12.0,3
11:55:06,26.0,3,cd7575f6e28c80871a76ed227e8386e5823b56f2167d69387f59553a8e0d6e34,-74,,3,64,,3
11:55:06,,3,8001ac2da7d5cc04c8d927d2ea37cab8b64df86fdecb2c4d76f1d9b2eb659cc0,-80,,3,64,,3
11:55:07,,3,8001ac2da7d5cc04c8d927d2ea37cab8b64df86fdecb2c4d76f1d9b2eb659cc0,-80,,3,64,,3
11:55:08,26.0,3,6c37578feb22327ac1574d8812abad178496884a12fb4373c4472f83743b3a0e,-78,,3,64,,3
11:55:09,26.0,3,cd7575f6e28c80871a76ed227e8386e5823b56f2167d69387f59553a8e0d6e34,-76,,3,64,,3
11:55:10,26.0,3,1aa64ab93ac10224a4118f877465ac484617ff2c0f9c53fdde914a4f716a80de,-89,,3,64,7.0,3
11:55:10,26.0,3,ffcf7b92cda8f625198e4d3d35313acd7cfb61db206dce3bb7ffb4e26c3dcaa4,-88,,3,64,12.0,3
11:55:11,26.0,3,6c37578feb22327ac1574d8812abad178496884a12fb4373c4472f83743b3a0e,-76,,3,64,,3
11:55:12,26.0,3,6c37578feb22327ac1574d8812abad178496884a12fb4373c4472f83743b3a0e,-77,,3,64,,3
11:55:13,26.0,3,ffcf7b92cda8f625198e4d3d35313acd7cfb61db206dce3bb7ffb4e26c3dcaa4,-76,,3,64,12.0,3
11:55:14,,3,8001ac2da7d5cc04c8d927d2ea37cab8b64df86fdecb2c4d76f1d9b2eb659cc0,-89,,3,64,,3
11:55:14,,3,44205170d2cdba1722006a44895e186412136c5c9e66810d8c4dd4382c2f64f7,-71,,3,64,,3
11:55:15,26.0,3,cd7575f6e28c80871a76ed227e8386e5823b56f2167d69387f59553a8e0d6e34,-73,,3,64,,3
11:55:16,26.0,3,6c37578feb22327ac1574d8812abad178496884a12fb4373c4472f83743b3a0e,-76,,3,64,,3
11:55:17,26.0,3,6c37578feb22327ac1574d8812abad178496884a12fb4373c4472f83743b3a0e,-74,,3,64,,3
11:55:18,,3,72a2addd40b458bf85b38326f87818e368d79ba8611b615c7cb8b13ead476f7c,-37,,3,64,,3
11:55:18,26.0,3,a6b516527e90ec075ec0a4946447a44f45b7e06e04ab6013ce9390853eec10a3,-73,,3,64,,3
11:55:19,,3,8001ac2da7d5cc04c8d927d2ea37cab8b64df86fdecb2c4d76f1d9b2eb659cc0,-88,,3,64,,3
11:55:20,26.0,3,d4ecf48dafa978fadbb31f5f15aeb2023ef023de3a81c285f0e978e39b55369a,-70,,3,64,12.0,3
11:55:21,26.0,3,1aa64ab93ac10224a4118f877465ac484617ff2c0f9c53fdde914a4f716a80de,-86,,3,64,7.0,3
11:55:22,26.0,3,6c37578feb22327ac1574d8812abad178496884a12fb4373c4472f83743b3a0e,-79,,3,64,,3
11:55:22,,3,dc69e7c8d404e3b2e77ddfe5b7e954a286a00a46b235f48712f75746be9fa070,-82,,3,64,,3
11:55:23,26.0,3,ffcf7b92cda8f625198e4d3d35313acd7cfb61db206dce3bb7ffb4e26c3dcaa4,-86,,3,64,12.0,3
11:55:24,26.0,3,6c37578feb22327ac1574d8812abad178496884a12fb4373c4472f83743b3a0e,-84,,3,64,,3
11:55:25,26.0,3,cd7575f6e28c80871a76ed227e8386e5823b56f2167d69387f59553a8e0d6e34,-83,,3,64,,3
11:55:26,26.0,3,6c37578feb22327ac1574d8812abad178496884a12fb4373c4472f83743b3a0e,-79,,3,64,,3
11:55:26,,3,dc69e7c8d404e3b2e77ddfe5b7e954a286a00a46b235f48712f75746be9fa070,-74,,3,64,,3
11:55:27,26.0,3,a6b516527e90ec075ec0a4946447a44f45b7e06e04ab6013ce9390853eec10a3,-75,,3,64,,3
11:55:28,26.0,3,6c37578feb22327ac1574d8812abad178496884a12fb4373c4472f83743b3a0e,-77,,3,64,,3
11:55:29,,3,6e628a77ea03f3b586ae5abc84dee196799ed5a441e0f0806cfa191f6592db6b,-87,,3,64,,3
11:55:30,26.0,3,cd7575f6e28c80871a76ed227e8386e5823b56f2167d69387f59553a8e0d6e34,-78,,3,64,,3
11:55:30,26.0,3,1c73af1332ea7fe1a6411bc662f0001111ef1fdbb0694a2d753e8a7d9b2fc7ba,-76,,3,64,,3
11:55:31,,3,8001ac2da7d5cc04c8d927d2ea37cab8b64df86fdecb2c4d76f1d9b2eb659cc0,-90,,3,64,,3
11:55:32,26.0,3,1c73af1332ea7fe1a6411bc662f0001111ef1fdbb0694a2d753e8a7d9b2fc7ba,-77,,3,64,2.0,3
11:55:33,,3,8001ac2da7d5cc04c8d927d2ea37cab8b64df86fdecb2c4d76f1d9b2eb659cc0,-90,,3,64,,3
11:55:34,26.0,3,1c73af1332ea7fe1a6411bc662f0001111ef1fdbb0694a2d753e8a7d9b2fc7ba,-77,,3,64,2.0,3
11:55:34,26.0,3,ffcf7b92cda8f625198e4d3d35313acd7cfb61db206dce3bb7ffb4e26c3dcaa4,-83,,3,64,12.0,3
11:55:35,26.0,3,1c73af1332ea7fe1a6411bc662f0001111ef1fdbb0694a2d753e8a7d9b2fc7ba,-75,,3,64,2.0,3
11:55:36,26.0,3,3dfdf1e265725c37df46b5e35fc37a19cebbfa93ee06d2be9a35644ec5ff60cd,-74,,3,64,7.0,3
11:55:37,26.0,3,1c73af1332ea7fe1a6411bc662f0001111ef1fdbb0694a2d753e8a7d9b2fc7ba,-77,,3,64,2.0,3
11:55:38,26.0,3,1c73af1332ea7fe1a6411bc662f0001111ef1fdbb0694a2d753e8a7d9b2fc7ba,-77,,3,64,2.0,3
11:55:38,26.0,3,ffcf7b92cda8f625198e4d3d35313acd7cfb61db206dce3bb7ffb4e26c3dcaa4,-81,,3,64,12.0,3
11:55:39,26.0,3,3dfdf1e265725c37df46b5e35fc37a19cebbfa93ee06d2be9a35644ec5ff60cd,-80,,3,64,7.0,3
11:55:40,26.0,3,91312b54fce9370fd0af3d6cd2fe8d709c96b44f36304ad3db6f28c0fe13ac5d,-76,,3,64,,3
11:55:41,26.0,3,3dfdf1e265725c37df46b5e35fc37a19cebbfa93ee06d2be9a35644ec5ff60cd,-79,,3,64,7.0,3
11:55:42,26.0,3,d4ecf48dafa978fadbb31f5f15aeb2023ef023de3a81c285f0e978e39b55369a,-77,,3,64,12.0,3
11:55:42,26.0,3,d4ecf48dafa978fadbb31f5f15aeb2023ef023de3a81c285f0e978e39b55369a,-68,,3,64,12.0,3
11:55:43,,3,6e628a77ea03f3b586ae5abc84dee196799ed5a441e0f0806cfa191f6592db6b,-78,,3,64,,3
11:55:44,26.0,3,91312b54fce9370fd0af3d6cd2fe8d709c96b44f36304ad3db6f28c0fe13ac5d,-76,,3,64,,3
11:55:45,26.0,3,1aa64ab93ac10224a4118f877465ac484617ff2c0f9c53fdde914a4f716a80de,-89,,3,64,7.0,3
11:55:46,,3,8001ac2da7d5cc04c8d927d2ea37cab8b64df86fdecb2c4d76f1d9b2eb659cc0,-89,,3,64,,3
11:55:46,,3,6e628a77ea03f3b586ae5abc84dee196799ed5a441e0f0806cfa191f6592db6b,-81,,3,64,,3
11:55:47,26.0,3,d4ecf48dafa978fadbb31f5f15aeb2023ef023de3a81c285f0e978e39b55369a,-78,,3,64,12.0,3
11:55:48,,3,8001ac2da7d5cc04c8d927d2ea37cab8b64df86fdecb2c4d76f1d9b2eb659cc0,-91,,3,64,,3
11:55:49,26.0,3,ffcf7b92cda8f625198e4d3d35313acd7cfb61db206dce3bb7ffb4e26c3dcaa4,-83,,3,64,12.0,3
11:55:50,26.0,3,3dfdf1e265725c37df46b5e35fc37a19cebbfa93ee06d2be9a35644ec5ff60cd,-76,,3,64,7.0,3
11:55:50,,3,6e628a77ea03f3b586ae5abc84dee196799ed5a441e0f0806cfa191f6592db6b,-72,,3,64,,3
11:55:51,26.0,3,ffcf7b92cda8f625198e4d3d35313acd7cfb61db206dce3bb7ffb4e26c3dcaa4,-81,,3,64,12.0,3
11:55:52,26.0,3,ffcf7b92cda8f625198e4d3d35313acd7cfb61db206dce3bb7ffb4e26c3dcaa4,-80,,3,64,12.0,3
11:55:53,26.0,3,91312b54fce9370fd0af3d6cd2fe8d709c96b44f36304ad3db6f28c0fe13ac5d,-78,,3,64,,3
11:55:54,26.0,3,a6b516527e90ec075ec0a4946447a44f45b7e06e04ab6013ce9390853eec10a3,-82,,3,64,,3
11:55:54,26.0,3,1c73af1332ea7fe1a6411bc662f0001111ef1fdbb0694a2d753e8a7d9b2fc7ba,-76,,3,64,,3
11:55:55,,3,9f46d61aab0db9b72db61004cd5b8a7f73257519e4ab4ccbce640a3013a4c8fe,-83,,3,64,,3
11:55:56,26.0,3,ffcf7b92cda8f625198e4d3d35313acd7cfb61db206dce3bb7ffb4e26c3dcaa4,-78,,3,64,12.0,3
11:55:57,26.0,3,3dfdf1e265725c37df46b5e35fc37a19cebbfa93ee06d2be9a35644ec5ff60cd,-75,,3,64,7.0,3
11:55:58,26.0,3,1c73af1332ea7fe1a6411bc662f0001111ef1fdbb0694a2d753e8a7d9b2fc7ba,-77,,3,64,,3
11:55:58,26.0,3,ffcf7b92cda8f625198e4d3d35313acd7cfb61db206dce3bb7ffb4e26c3dcaa4,-77,,3,64,12.0,3
11:55:59,,3,8001ac2da7d5cc04c8d927d2ea37cab8b64df86fdecb2c4d76f1d9b2eb659cc0,-84,,3,64,,3
11:56:00,,3,7f2d9d83ae6b794c95502a6294f2ca6facbf6d7261df8cd1e1fecd0ddc2dac21,-75,,3,64,,3
11:56:01,26.0,3,1c73af1332ea7fe1a6411bc662f0001111ef1fdbb0694a2d753e8a7d9b2fc7ba,-78,,3,64,,3
11:56:01,,3,8001ac2da7d5cc04c8d927d2ea37cab8b64df86fdecb2c4d76f1d9b2eb659cc0,-82,,3,64,,3
11:56:02,,3,8001ac2da7d5cc04c8d927d2ea37cab8b64df86fdecb2c4d76f1d9b2eb659cc0,-83,,3,64,,3
11:56:03,26.0,3,3dfdf1e265725c37df46b5e35fc37a19cebbfa93ee06d2be9a35644ec5ff60cd,-70,,3,64,7.0,3
11:56:04,26.0,3,91312b54fce9370fd0af3d6cd2fe8d709c96b44f36304ad3db6f28c0fe13ac5d,-78,,3,64,,3
11:56:05,26.0,3,d4ecf48dafa978fadbb31f5f15aeb2023ef023de3a81c285f0e978e39b55369a,-74,,3,64,12.0,3
11:56:05,26.0,3,91312b54fce9370fd0af3d6cd2fe8d709c96b44f36304ad3db6f28c0fe13ac5d,-73,,3,64,,3
11:56:06,,3,8001ac2da7d5cc04c8d927d2ea37cab8b64df86fdecb2c4d76f1d9b2eb659cc0,-91,,3,64,,3
11:56:07,26.0,3,ffcf7b92cda8f625198e4d3d35313acd7cfb61db206dce3bb7ffb4e26c3dcaa4,-75,,3,64,12.0,3
11:56:08,26.0,3,ffcf7b92cda8f625198e4d3d35313acd7cfb61db206dce3bb7ffb4e26c3dcaa4,-75,,3,64,12.0,3
11:56:09,,3,37703fc58dd17517368340793c8be7fa3c0fa3c83efe62d1e4c6e6831bfb64b2,-80,,3,64,,3
11:56:09,26.0,3,ffcf7b92cda8f625198e4d3d35313acd7cfb61db206dce3bb7ffb4e26c3dcaa4,-75,,3,64,12.0,3
11:56:10,,3,8001ac2da7d5cc04c8d927d2ea37cab8b64df86fdecb2c4d76f1d9b2eb659cc0,-88,,3,64,,3
11:56:11,26.0,3,3dfdf1e265725c37df46b5e35fc37a19cebbfa93ee06d2be9a35644ec5ff60cd,-69,,3,64,7.0,3
11:56:12,26.0,3,3dfdf1e265725c37df46b5e35fc37a19cebbfa93ee06d2be9a35644ec5ff60cd,-81,,3,64,7.0,3
11:56:13,26.0,3,1aa64ab93ac10224a4118f877465ac484617ff2c0f9c53fdde914a4f716a80de,-87,,3,64,7.0,3
11:56:13,,3,8001ac2da7d5cc04c8d927d2ea37cab8b64df86fdecb2c4d76f1d9b2eb659cc0,-92,,3,64,,3
11:56:14,26.0,3,91312b54fce9370fd0af3d6cd2fe8d709c96b44f36304ad3db6f28c0fe13ac5d,-75,,3,64,,3
11:56:15,26.0,3,3dfdf1e265725c37df46b5e35fc37a19cebbfa93ee06d2be9a35644ec5ff60cd,-90,,3,64,7.0,3
11:56:16,26.0,3,91312b54fce9370fd0af3d6cd2fe8d709c96b44f36304ad3db6f28c0fe13ac5d,-76,,3,64,,3
11:56:17,26.0,3,91312b54fce9370fd0af3d6cd2fe8d709c96b44f36304ad3db6f28c0fe13ac5d,-78,,3,64,,3
11:56:17,,3,8001ac2da7d5cc04c8d927d2ea37cab8b64df86fdecb2c4d76f1d9b2eb659cc0,-81,,3,64,,3
11:56:18,,3,8001ac2da7d5cc04c8d927d2ea37cab8b64df86fdecb2c4d76f1d9b2eb659cc0,-91,,3,64,,3
11:56:19,26.0,3,d13b8ed062516bd516ac3a0d1167ea0e278c48e3dd5db941fae10049605c8114,-71,,3,64,7.0,3
11:56:20,26.0,3,d4ecf48dafa978fadbb31f5f15aeb2023ef023de3a81c285f0e978e39b55369a,-70,,3,64,12.0,3
11:56:21,26.0,3,3dfdf1e265725c37df46b5e35fc37a19cebbfa93ee06d2be9a35644ec5ff60cd,-71,,3,64,7.0,3
11:56:21,26.0,3,ffcf7b92cda8f625198e4d3d35313acd7cfb61db206dce3bb7ffb4e26c3dcaa4,-76,,3,64,12.0,3
11:56:22,26.0,3,ffcf7b92cda8f625198e4d3d35313acd7cfb61db206dce3bb7ffb4e26c3dcaa4,-74,,3,64,12.0,3
11:56:23,26.0,3,1c73af1332ea7fe1a6411bc662f0001111ef1fdbb0694a2d753e8a7d9b2fc7ba,-80,,3,64,,3
11:56:24,26.0,3,a6b516527e90ec075ec0a4946447a44f45b7e06e04ab6013ce9390853eec10a3,-71,,3,64,,3
11:56:25,26.0,3,a6b516527e90ec075ec0a4946447a44f45b7e06e04ab6013ce9390853eec10a3,-85,,3,64,,3
11:56:25,,3,9f46d61aab0db9b72db61004cd5b8a7f73257519e4ab4ccbce640a3013a4c8fe,-70,,3,64,,3
11:56:26,,3,8001ac2da7d5cc04c8d927d2ea37cab8b64df86fdecb2c4d76f1d9b2eb659cc0,-79,,3,64,,3
11:56:27,26.0,3,91312b54fce9370fd0af3d6cd2fe8d709c96b44f36304ad3db6f28c0fe13ac5d,-80,,3,64,,3
11:56:28,26.0,3,d4ecf48dafa978fadbb31f5f15aeb2023ef023de3a81c285f0e978e39b55369a,-64,,3,64,12.0,3
11:56:29,,3,8001ac2da7d5cc04c8d927d2ea37cab8b64df86fdecb2c4d76f1d9b2eb659cc0,-95,,3,64,,3
11:56:29,26.0,3,91312b54fce9370fd0af3d6cd2fe8d709c96b44f36304ad3db6f28c0fe13ac5d,-77,,3,64,,3
11:56:30,26.0,3,d13b8ed062516bd516ac3a0d1167ea0e278c48e3dd5db941fae10049605c8114,-72,,3,64,7.0,3
11:56:31,,3,8001ac2da7d5cc04c8d927d2ea37cab8b64df86fdecb2c4d76f1d9b2eb659cc0,-90,,3,64,,3
11:56:32,,3,8001ac2da7d5cc04c8d927d2ea37cab8b64df86fdecb2c4d76f1d9b2eb659cc0,-79,,3,64,,3
11:56:33,,3,8001ac2da7d5cc04c8d927d2ea37cab8b64df86fdecb2c4d76f1d9b2eb659cc0,-80,,3,64,,3
11:56:33,26.0,3,91312b54fce9370fd0af3d6cd2fe8d709c96b44f36304ad3db6f28c0fe13ac5d,-78,,3,64,,3
11:56:34,26.0,3,91312b54fce9370fd0af3d6cd2fe8d709c96b44f36304ad3db6f28c0fe13ac5d,-78,,3,64,,3
11:56:35,26.0,3,1c73af1332ea7fe1a6411bc662f0001111ef1fdbb0694a2d753e8a7d9b2fc7ba,-78,,3,64,,3
11:56:36,26.0,3,1aa64ab93ac10224a4118f877465ac484617ff2c0f9c53fdde914a4f716a80de,-93,,3,64,7.0,3
11:56:37,26.0,3,ffcf7b92cda8f625198e4d3d35313acd7cfb61db206dce3bb7ffb4e26c3dcaa4,-78,,3,64,12.0,3
11:56:37,,3,7f2d9d83ae6b794c95502a6294f2ca6facbf6d7261df8cd1e1fecd0ddc2dac21,-76,,3,64,,3
11:56:38,,3,8001ac2da7d5cc04c8d927d2ea37cab8b64df86fdecb2c4d76f1d9b2eb659cc0,-81,,3,64,,3
11:56:39,26.0,3,ffcf7b92cda8f625198e4d3d35313acd7cfb61db206dce3bb7ffb4e26c3dcaa4,-79,,3,64,,3
11:56:40,26.0,3,ffcf7b92cda8f625198e4d3d35313acd7cfb61db206dce3bb7ffb4e26c3dcaa4,-78,,3,64,,3
11:56:41,26.0,3,91312b54fce9370fd0af3d6cd2fe8d709c96b44f36304ad3db6f28c0fe13ac5d,-75,,3,64,,3
11:56:41,26.0,3,1c73af1332ea7fe1a6411bc662f0001111ef1fdbb0694a2d753e8a7d9b2fc7ba,-77,,3,64,,3
11:56:42,26.0,3,ffcf7b92cda8f625198e4d3d35313acd7cfb61db206dce3bb7ffb4e26c3dcaa4,-76,,3,64,,3
11:56:43,26.0,3,ffcf7b92cda8f625198e4d3d35313acd7cfb61db206dce3bb7ffb4e26c3dcaa4,-75,,3,64,,3
11:56:44,26.0,3,a6b516527e90ec075ec0a4946447a44f45b7e06e04ab6013ce9390853eec10a3,-90,,3,64,,3
11:56:45,,3,8001ac2da7d5cc04c8d927d2ea37cab8b64df86fdecb2c4d76f1d9b2eb659cc0,-92,,3,64,,3
11:56:45,26.0,3,3dfdf1e265725c37df46b5e35fc37a19cebbfa93ee06d2be9a35644ec5ff60cd,-76,,3,64,7.0,3
11:56:46,26.0,3,ffcf7b92cda8f625198e4d3d35313acd7cfb61db206dce3bb7ffb4e26c3dcaa4,-76,,3,64,,3
11:56:47,26.0,3,91312b54fce9370fd0af3d6cd2fe8d709c96b44f36304ad3db6f28c0fe13ac5d,-86,,3,64,,3
11:56:48,26.0,3,a6b516527e90ec075ec0a4946447a44f45b7e06e04ab6013ce9390853eec10a3,-80,,3,64,,3
11:56:49,,3,8001ac2da7d5cc04c8d927d2ea37cab8b64df86fdecb2c4d76f1d9b2eb659cc0,-82,,3,64,,3
11:56:49,26.0,3,3dfdf1e265725c37df46b5e35fc37a19cebbfa93ee06d2be9a35644ec5ff60cd,-73,,3,64,7.0,3
11:56:50,26.0,3,1aa64ab93ac10224a4118f877465ac484617ff2c0f9c53fdde914a4f716a80de,-88,,3,64,7.0,3
11:56:51,,3,8001ac2da7d5cc04c8d927d2ea37cab8b64df86fdecb2c4d76f1d9b2eb659cc0,-84,,3,64,,3
11:56:52,26.0,3,ffcf7b92cda8f625198e4d3d35313acd7cfb61db206dce3bb7ffb4e26c3dcaa4,-75,,3,64,,3
11:56:53,,3,8001ac2da7d5cc04c8d927d2ea37cab8b64df86fdecb2c4d76f1d9b2eb659cc0,-86,,3,64,,3
11:56:53,26.0,3,ffcf7b92cda8f625198e4d3d35313acd7cfb61db206dce3bb7ffb4e26c3dcaa4,-77,,3,64,,3
11:56:54,,3,37703fc58dd17517368340793c8be7fa3c0fa3c83efe62d1e4c6e6831bfb64b2,-71,,3,64,,3
11:56:55,26.0,3,ffcf7b92cda8f625198e4d3d35313acd7cfb61db206dce3bb7ffb4e26c3dcaa4,-76,,3,64,12.0,3
11:56:56,26.0,3,91312b54fce9370fd0af3d6cd2fe8d709c96b44f36304ad3db6f28c0fe13ac5d,-77,,3,64,,3
11:56:57,26.0,3,ffcf7b92cda8f625198e4d3d35313acd7cfb61db206dce3bb7ffb4e26c3dcaa4,-73,,3,64,12.0,3
11:56:57,26.0,3,91312b54fce9370fd0af3d6cd2fe8d709c96b44f36304ad3db6f28c0fe13ac5d,-86,,3,64,,3
11:56:58,26.0,3,ffcf7b92cda8f625198e4d3d35313acd7cfb61db206dce3bb7ffb4e26c3dcaa4,-72,,3,64,12.0,3
11:56:59,26.0,3,a6b516527e90ec075ec0a4946447a44f45b7e06e04ab6013ce9390853eec10a3,-77,,3,64,,3
11:57:00,26.0,3,a6b516527e90ec075ec0a4946447a44f45b7e06e04ab6013ce9390853eec10a3,-83,,3,64,,3
11:57:00,,3,4c851dead5bd7b2da066f81f61c03d5769b60dff1995986ebdb072b8be88f5e7,-90,,3,64,,3
11:57:01,26.0,3,91312b54fce9370fd0af3d6cd2fe8d709c96b44f36304ad3db6f28c0fe13ac5d,-71,,3,64,,3
11:57:02,,3,44205170d2cdba1722006a44895e186412136c5c9e66810d8c4dd4382c2f64f7,-75,,3,64,,3
11:57:03,26.0,3,1c73af1332ea7fe1a6411bc662f0001111ef1fdbb0694a2d753e8a7d9b2fc7ba,-79,,3,64,,3
11:57:04,,3,4c851dead5bd7b2da066f81f61c03d5769b60dff1995986ebdb072b8be88f5e7,-90,,3,64,,3
11:57:04,26.0,3,a6b516527e90ec075ec0a4946447a44f45b7e06e04ab6013ce9390853eec10a3,-78,,3,64,,3
11:57:05,,3,4c851dead5bd7b2da066f81f61c03d5769b60dff1995986ebdb072b8be88f5e7,-83,,3,64,,3
11:57:06,,3,4c851dead5bd7b2da066f81f61c03d5769b60dff1995986ebdb072b8be88f5e7,-84,,3,64,,3
11:57:07,26.0,3,1aa64ab93ac10224a4118f877465ac484617ff2c0f9c53fdde914a4f716a80de,-91,,3,64,7.0,3
11:57:08,26.0,3,91312b54fce9370fd0af3d6cd2fe8d709c96b44f36304ad3db6f28c0fe13ac5d,-80,,3,64,,3
11:57:08,,3,4c851dead5bd7b2da066f81f61c03d5769b60dff1995986ebdb072b8be88f5e7,-83,,3,64,,3
11:57:09,,3,4c851dead5bd7b2da066f81f61c03d5769b60dff1995986ebdb072b8be88f5e7,-93,,3,64,,3
11:57:10,26.0,3,91312b54fce9370fd0af3d6cd2fe8d709c96b44f36304ad3db6f28c0fe13ac5d,-75,,3,64,,3
11:57:11,26.0,3,91312b54fce9370fd0af3d6cd2fe8d709c96b44f36304ad3db6f28c0fe13ac5d,-74,,3,64,,3
11:57:12,,3,72a2addd40b458bf85b38326f87818e368d79ba8611b615c7cb8b13ead476f7c,-31,,3,64,,3
11:57:12,26.0,3,a6b516527e90ec075ec0a4946447a44f45b7e06e04ab6013ce9390853eec10a3,-74,,3,64,,3
11:57:13,26.0,3,3dfdf1e265725c37df46b5e35fc37a19cebbfa93ee06d2be9a35644ec5ff60cd,-85,,3,64,7.0,3
11:57:14,,3,37703fc58dd17517368340793c8be7fa3c0fa3c83efe62d1e4c6e6831bfb64b2,-82,,3,64,,3
11:57:15,26.0,3,3dfdf1e265725c37df46b5e35fc37a19cebbfa93ee06d2be9a35644ec5ff60cd,-87,,3,64,7.0,3
11:57:16,,3,7f2d9d83ae6b794c95502a6294f2ca6facbf6d7261df8cd1e1fecd0ddc2dac21,-72,,3,64,,3
11:57:16,26.0,3,91312b54fce9370fd0af3d6cd2fe8d709c96b44f36304ad3db6f28c0fe13ac5d,-74,,3,64,,3
11:57:17,,3,4c851dead5bd7b2da066f81f61c03d5769b60dff1995986ebdb072b8be88f5e7,-84,,3,64,,3
11:57:18,26.0,3,ffcf7b92cda8f625198e4d3d35313acd7cfb61db206dce3bb7ffb4e26c3dcaa4,-73,,3,64,12.0,3
11:57:19,26.0,3,3dfdf1e265725c37df46b5e35fc37a19cebbfa93ee06d2be9a35644ec5ff60cd,-85,,3,64,7.0,3
11:57:20,26.0,3,d13b8ed062516bd516ac3a0d1167ea0e278c48e3dd5db941fae10049605c8114,-66,,3,64,7.0,3
11:57:20,26.0,3,d13b8ed062516bd516ac3a0d1167ea0e278c48e3dd5db941fae10049605c8114,-74,,3,64,7.0,3
11:57:21,26.0,3,d13b8ed062516bd516ac3a0d1167ea0e278c48e3dd5db941fae10049605c8114,-71,,3,64,7.0,3
11:57:22,26.0,3,a6b516527e90ec075ec0a4946447a44f45b7e06e04ab6013ce9390853eec10a3,-76,,3,64,,3
11:57:23,26.0,3,1c73af1332ea7fe1a6411bc662f0001111ef1fdbb0694a2d753e8a7d9b2fc7ba,-81,,3,64,,3
11:57:24,,3,4c851dead5bd7b2da066f81f61c03d5769b60dff1995986ebdb072b8be88f5e7,-88,,3,64,,3
11:57:24,26.0,3,ffcf7b92cda8f625198e4d3d35313acd7cfb61db206dce3bb7ffb4e26c3dcaa4,-73,,3,64,12.0,3
11:57:25,26.0,3,1c73af1332ea7fe1a6411bc662f0001111ef1fdbb0694a2d753e8a7d9b2fc7ba,-82,,3,64,,3
11:57:26,26.0,3,3dfdf1e265725c37df46b5e35fc37a19cebbfa93ee06d2be9a35644ec5ff60cd,-69,,3,64,7.0,3
11:57:27,,3,4c851dead5bd7b2da066f81f61c03d5769b60dff1995986ebdb072b8be88f5e7,-84,,3,64,,3
11:57:28,26.0,3,3dfdf1e265725c37df46b5e35fc37a19cebbfa93ee06d2be9a35644ec5ff60cd,-74,,3,64,7.0,3
11:57:28,26.0,3,91312b54fce9370fd0af3d6cd2fe8d709c96b44f36304ad3db6f28c0fe13ac5d,-75,,3,64,,3
11:57:29,26.0,3,ffcf7b92cda8f625198e4d3d35313acd7cfb61db206dce3bb7ffb4e26c3dcaa4,-76,,3,64,12.0,3
11:57:30,,3,4c851dead5bd7b2da066f81f61c03d5769b60dff1995986ebdb072b8be88f5e7,-88,,3,64,,3
11:57:31,26.0,3,d4ecf48dafa978fadbb31f5f15aeb2023ef023de3a81c285f0e978e39b55369a,-75,,3,64,12.0,3
11:57:32,,3,9f46d61aab0db9b72db61004cd5b8a7f73257519e4ab4ccbce640a3013a4c8fe,-75,,3,64,,3
11:57:32,,3,7f2d9d83ae6b794c95502a6294f2ca6facbf6d7261df8cd1e1fecd0ddc2dac21,-75,,3,64,,3
11:57:33,,3,4c851dead5bd7b2da066f81f61c03d5769b60dff1995986ebdb072b8be88f5e7,-84,,3,64,,3
11:57:34,26.0,3,91312b54fce9370fd0af3d6cd2fe8d709c96b44f36304ad3db6f28c0fe13ac5d,-88,,3,64,,3
11:57:35,26.0,3,3dfdf1e265725c37df46b5e35fc37a19cebbfa93ee06d2be9a35644ec5ff60cd,-86,,3,64,7.0,3
11:57:36,,3,9f46d61aab0db9b72db61004cd5b8a7f73257519e4ab4ccbce640a3013a4c8fe,-70,,3,64,,3
11:57:36,26.0,3,91312b54fce9370fd0af3d6cd2fe8d709c96b44f36304ad3db6f28c0fe13ac5d,-74,,3,64,,3
11:57:37,,3,4c851dead5bd7b2da066f81f61c03d5769b60dff1995986ebdb072b8be88f5e7,-90,,3,64,,3
11:57:38,26.0,3,a6b516527e90ec075ec0a4946447a44f45b7e06e04ab6013ce9390853eec10a3,-77,,3,64,,3
11:57:39,,3,4c851dead5bd7b2da066f81f61c03d5769b60dff1995986ebdb072b8be88f5e7,-85,,3,64,,3
11:57:40,26.0,3,1c73af1332ea7fe1a6411bc662f0001111ef1fdbb0694a2d753e8a7d9b2fc7ba,-72,,3,64,,3
11:57:40,26.0,3,ffcf7b92cda8f625198e4d3d35313acd7cfb61db206dce3bb7ffb4e26c3dcaa4,-73,,3,64,12.0,3
11:57:41,,3,4c851dead5bd7b2da066f81f61c03d5769b60dff1995986ebdb072b8be88f5e7,-85,,3,64,,3
11:57:42,26.0,3,3dfdf1e265725c37df46b5e35fc37a19cebbfa93ee06d2be9a35644ec5ff60cd,-77,,3,64,7.0,3
11:57:43,26.0,3,3dfdf1e265725c37df46b5e35fc37a19cebbfa93ee06d2be9a35644ec5ff60cd,-72,,3,64,7.0,3
11:57:44,26.0,3,d4ecf48dafa978fadbb31f5f15aeb2023ef023de3a81c285f0e978e39b55369a,-68,,3,64,12.0,3
11:57:44,,3,4c851dead5bd7b2da066f81f61c03d5769b60dff1995986ebdb072b8be88f5e7,-92,,3,64,,3
11:57:45,26.0,3,ffcf7b92cda8f625198e4d3d35313acd7cfb61db206dce3bb7ffb4e26c3dcaa4,-73,,3,64,12.0,3
11:57:46,26.0,3,1c73af1332ea7fe1a6411bc662f0001111ef1fdbb0694a2d753e8a7d9b2fc7ba,-72,,3,64,,3
11:57:47,26.0,3,91312b54fce9370fd0af3d6cd2fe8d709c96b44f36304ad3db6f28c0fe13ac5d,-75,,3,64,,3
11:57:48,,3,7f2d9d83ae6b794c95502a6294f2ca6facbf6d7261df8cd1e1fecd0ddc2dac21,-68,,3,64,,3
11:57:48,26.0,3,a6b516527e90ec075ec0a4946447a44f45b7e06e04ab6013ce9390853eec10a3,-73,,3,64,,3
11:57:49,,3,4c851dead5bd7b2da066f81f61c03d5769b60dff1995986ebdb072b8be88f5e7,-89,,3,64,,3
11:57:50,,3,4c851dead5bd7b2da066f81f61c03d5769b60dff1995986ebdb072b8be88f5e7,-89,,3,64,,3
11:57:51,26.0,3,3dfdf1e265725c37df46b5e35fc37a19cebbfa93ee06d2be9a35644ec5ff60cd,-70,,3,64,7.0,3
11:57:52,,3,4c851dead5bd7b2da066f81f61c03d5769b60dff1995986ebdb072b8be88f5e7,-91,,3,64,,3
11:57:52,26.0,3,91312b54fce9370fd0af3d6cd2fe8d709c96b44f36304ad3db6f28c0fe13ac5d,-74,,3,64,,3
11:57:53,26.0,3,91312b54fce9370fd0af3d6cd2fe8d709c96b44f36304ad3db6f28c0fe13ac5d,-73,,3,64,,3
11:57:54,,3,4c851dead5bd7b2da066f81f61c03d5769b60dff1995986ebdb072b8be88f5e7,-89,,3,64,,3
11:57:55,26.0,3,ffcf7b92cda8f625198e4d3d35313acd7cfb61db206dce3bb7ffb4e26c3dcaa4,-75,,3,64,12.0,3
11:57:56,26.0,3,d4ecf48dafa978fadbb31f5f15aeb2023ef023de3a81c285f0e978e39b55369a,-65,,3,64,12.0,3
11:57:56,,3,37703fc58dd17517368340793c8be7fa3c0fa3c83efe62d1e4c6e6831bfb64b2,-71,,3,64,,3
11:57:57,,3,4c851dead5bd7b2da066f81f61c03d5769b60dff1995986ebdb072b8be88f5e7,-92,,3,64,,3
11:57:58,26.0,3,ffcf7b92cda8f625198e4d3d35313acd7cfb61db206dce3bb7ffb4e26c3dcaa4,-71,,3,64,12.0,3
11:57:59,,3,6e628a77ea03f3b586ae5abc84dee196799ed5a441e0f0806cfa191f6592db6b,-79,,3,64,,3
11:58:00,,3,4c851dead5bd7b2da066f81f61c03d5769b60dff1995986ebdb072b8be88f5e7,-91,,3,64,,3
11:58:00,,3,37703fc58dd17517368340793c8be7fa3c0fa3c83efe62d1e4c6e6831bfb64b2,-75,,3,64,,3
11:58:01,26.0,3,d4ecf48dafa978fadbb31f5f15aeb2023ef023de3a81c285f0e978e39b55369a,-66,,3,64,12.0,3
11:58:02,26.0,3,91312b54fce9370fd0af3d6cd2fe8d709c96b44f36304ad3db6f28c0fe13ac5d,-75,,3,64,,3
11:58:03,,3,6e628a77ea03f3b586ae5abc84dee196799ed5a441e0f0806cfa191f6592db6b,-84,,3,64,,3
11:58:03,26.0,3,d4ecf48dafa978fadbb31f5f15aeb2023ef023de3a81c285f0e978e39b55369a,-70,,3,64,12.0,3
11:58:04,,3,72a2addd40b458bf85b38326f87818e368d79ba8611b615c7cb8b13ead476f7c,-54,,3,64,,3
11:58:05,26.0,3,ffcf7b92cda8f625198e4d3d35313acd7cfb61db206dce3bb7ffb4e26c3dcaa4,-72,,3,64,12.0,3
11:58:06,26.0,3,ffcf7b92cda8f625198e4d3d35313acd7cfb61db206dce3bb7ffb4e26c3dcaa4,-79,,3,64,12.0,3
11:58:07,26.0,3,1c73af1332ea7fe1a6411bc662f0001111ef1fdbb0694a2d753e8a7d9b2fc7ba,-79,,3,64,,3
11:58:07,26.0,3,d4ecf48dafa978fadbb31f5f15aeb2023ef023de3a81c285f0e978e39b55369a,-73,,3,64,12.0,3
11:58:08,,3,4c851dead5bd7b2da066f81f61c03d5769b60dff1995986ebdb072b8be88f5e7,-91,,3,64,,3
11:58:09,26.0,3,ffcf7b92cda8f625198e4d3d35313acd7cfb61db206dce3bb7ffb4e26c3dcaa4,-79,,3,64,12.0,3
11:58:10,26.0,3,91312b54fce9370fd0af3d6cd2fe8d709c96b44f36304ad3db6f28c0fe13ac5d,-75,,3,64,,3
11:58:11,26.0,3,91312b54fce9370fd0af3d6cd2fe8d709c96b44f36304ad3db6f28c0fe13ac5d,-78,,3,64,,3
11:58:11,,3,4c851dead5bd7b2da066f81f61c03d5769b60dff1995986ebdb072b8be88f5e7,-89,,3,64,,3
11:58:12,,3,4c851dead5bd7b2da066f81f61c03d5769b60dff1995986ebdb072b8be88f5e7,-86,,3,64,,3
11:58:13,,3,79dc8eb18eb54dd61ecd97fc5401d9c343e0dfab4bc79360b905bdab1924ed0c,-77,,3,64,,3
11:58:14,,3,4c851dead5bd7b2da066f81f61c03d5769b60dff1995986ebdb072b8be88f5e7,-92,,3,64,,3
11:58:15,26.0,3,3dfdf1e265725c37df46b5e35fc37a19cebbfa93ee06d2be9a35644ec5ff60cd,-88,,3,64,7.0,3
11:58:15,,3,4c851dead5bd7b2da066f81f61c03d5769b60dff1995986ebdb072b8be88f5e7,-91,,3,64,,3
11:58:16,26.0,3,91312b54fce9370fd0af3d6cd2fe8d709c96b44f36304ad3db6f28c0fe13ac5d,-72,,3,64,,3
11:58:17,,3,79dc8eb18eb54dd61ecd97fc5401d9c343e0dfab4bc79360b905bdab1924ed0c,-90,,3,64,,3
11:58:18,,3,4c851dead5bd7b2da066f81f61c03d5769b60dff1995986ebdb072b8be88f5e7,-88,,3,64,,3
11:58:19,,3,be9d564edf2dc90ae80d94c3885262acff12ac31a85a99d40a8513624770b761,-79,,3,64,,3
11:58:19,,3,7f2d9d83ae6b794c95502a6294f2ca6facbf6d7261df8cd1e1fecd0ddc2dac21,-80,,3,64,,3
11:58:20,,3,4c851dead5bd7b2da066f81f61c03d5769b60dff1995986ebdb072b8be88f5e7,-89,,3,64,,3
11:58:21,26.0,3,d4ecf48dafa978fadbb31f5f15aeb2023ef023de3a81c285f0e978e39b55369a,-79,,3,64,12.0,3
11:58:22,26.0,3,d4ecf48dafa978fadbb31f5f15aeb2023ef023de3a81c285f0e978e39b55369a,-82,,3,64,12.0,3
11:58:23,26.0,3,1453026aea56926c927f063a914262a8feb78a67371a12c3907388735afeaf54,-49,,3,64,12.0,3
11:58:23,,3,4c851dead5bd7b2da066f81f61c03d5769b60dff1995986ebdb072b8be88f5e7,-93,,3,64,,3
11:58:24,,3,4c851dead5bd7b2da066f81f61c03d5769b60dff1995986ebdb072b8be88f5e7,-93,,3,64,,3
11:58:25,26.0,3,a6b516527e90ec075ec0a4946447a44f45b7e06e04ab6013ce9390853eec10a3,-83,,3,64,,3
11:58:26,,3,4c851dead5bd7b2da066f81f61c03d5769b60dff1995986ebdb072b8be88f5e7,-90,,3,64,,3
11:58:27,,3,9f46d61aab0db9b72db61004cd5b8a7f73257519e4ab4ccbce640a3013a4c8fe,-78,,3,64,,3
11:58:27,,3,4c851dead5bd7b2da066f81f61c03d5769b60dff1995986ebdb072b8be88f5e7,-88,,3,64,,3
11:58:28,,3,4c851dead5bd7b2da066f81f61c03d5769b60dff1995986ebdb072b8be88f5e7,-88,,3,64,,3
11:58:29,26.0,3,91312b54fce9370fd0af3d6cd2fe8d709c96b44f36304ad3db6f28c0fe13ac5d,-71,,3,64,,3
11:58:30,26.0,3,a6b516527e90ec075ec0a4946447a44f45b7e06e04ab6013ce9390853eec10a3,-78,,3,64,,3
11:58:31,,3,4c851dead5bd7b2da066f81f61c03d5769b60dff1995986ebdb072b8be88f5e7,-88,,3,64,,3
11:58:31,26.0,3,ffcf7b92cda8f625198e4d3d35313acd7cfb61db206dce3bb7ffb4e26c3dcaa4,-76,,3,64,12.0,3
11:58:32,26.0,3,d4ecf48dafa978fadbb31f5f15aeb2023ef023de3a81c285f0e978e39b55369a,-71,,3,64,12.0,3
11:58:33,26.0,3,d4ecf48dafa978fadbb31f5f15aeb2023ef023de3a81c285f0e978e39b55369a,-78,,3,64,12.0,3
11:58:34,,3,4c851dead5bd7b2da066f81f61c03d5769b60dff1995986ebdb072b8be88f5e7,-90,,3,64,,3
11:58:35,26.0,3,1453026aea56926c927f063a914262a8feb78a67371a12c3907388735afeaf54,-51,,3,64,12.0,3
11:58:35,26.0,3,a6b516527e90ec075ec0a4946447a44f45b7e06e04ab6013ce9390853eec10a3,-88,,3,64,,3
11:58:36,26.0,3,a6b516527e90ec075ec0a4946447a44f45b7e06e04ab6013ce9390853eec10a3,-79,,3,64,,3
11:58:37,26.0,3,a6b516527e90ec075ec0a4946447a44f45b7e06e04ab6013ce9390853eec10a3,-78,,3,64,,3
11:58:38,,3,4c851dead5bd7b2da066f81f61c03d5769b60dff1995986ebdb072b8be88f5e7,-90,,3,64,,3
11:58:39,,3,6e628a77ea03f3b586ae5abc84dee196799ed5a441e0f0806cfa191f6592db6b,-80,,3,64,,3
11:58:39,26.0,3,1453026aea56926c927f063a914262a8feb78a67371a12c3907388735afeaf54,-47,,3,64,12.0,3
11:58:40,,3,4c851dead5bd7b2da066f81f61c03d5769b60dff1995986ebdb072b8be88f5e7,-91,,3,64,,3
11:58:41,,3,4c851dead5bd7b2da066f81f61c03d5769b60dff1995986ebdb072b8be88f5e7,-91,,3,64,,3
11:58:42,26.0,3,a6b516527e90ec075ec0a4946447a44f45b7e06e04ab6013ce9390853eec10a3,-78,,3,64,,3
11:58:43,26.0,3,ffcf7b92cda8f625198e4d3d35313acd7cfb61db206dce3bb7ffb4e26c3dcaa4,-93,,3,64,12.0,3
11:58:43,26.0,3,91312b54fce9370fd0af3d6cd2fe8d709c96b44f36304ad3db6f28c0fe13ac5d,-78,,3,64,,3
11:58:44,,3,4c851dead5bd7b2da066f81f61c03d5769b60dff1995986ebdb072b8be88f5e7,-89,,3,64,,3
11:58:45,26.0,3,3dfdf1e265725c37df46b5e35fc37a19cebbfa93ee06d2be9a35644ec5ff60cd,-81,,3,64,7.0,3
11:58:46,26.0,3,ffcf7b92cda8f625198e4d3d35313acd7cfb61db206dce3bb7ffb4e26c3dcaa4,-75,,3,64,12.0,3
11:58:47,26.0,3,91312b54fce9370fd0af3d6cd2fe8d709c96b44f36304ad3db6f28c0fe13ac5d,-70,,3,64,,3
11:58:47,,3,4c851dead5bd7b2da066f81f61c03d5769b60dff1995986ebdb072b8be88f5e7,-89,,3,64,,3
11:58:48,26.0,3,1453026aea56926c927f063a914262a8feb78a67371a12c3907388735afeaf54,-54,,3,64,12.0,3
11:58:49,26.0,3,1453026aea56926c927f063a914262a8feb78a67371a12c3907388735afeaf54,-51,,3,64,12.0,3
11:58:50,,3,44205170d2cdba1722006a44895e186412136c5c9e66810d8c4dd4382c2f64f7,-77,,3,64,,3
11:58:51,26.0,3,a6b516527e90ec075ec0a4946447a44f45b7e06e04ab6013ce9390853eec10a3,-79,,3,64,,3
11:58:51,26.0,3,a6b516527e90ec075ec0a4946447a44f45b7e06e04ab6013ce9390853eec10a3,-77,,3,64,,3
11:58:52,26.0,3,d4ecf48dafa978fadbb31f5f15aeb2023ef023de3a81c285f0e978e39b55369a,-74,,3,64,12.0,3
11:58:53,,3,dc69e7c8d404e3b2e77ddfe5b7e954a286a00a46b235f48712f75746be9fa070,-77,,3,64,,3
11:58:54,,3,4c851dead5bd7b2da066f81f61c03d5769b60dff1995986ebdb072b8be88f5e7,-87,,3,64,,3
11:58:55,26.0,3,d4ecf48dafa978fadbb31f5f15aeb2023ef023de3a81c285f0e978e39b55369a,-71,,3,64,12.0,3
11:58:55,,3,4c851dead5bd7b2da066f81f61c03d5769b60dff1995986ebdb072b8be88f5e7,-90,,3,64,,3
11:58:56,,3,4c851dead5bd7b2da066f81f61c03d5769b60dff1995986ebdb072b8be88f5e7,-89,,3,64,,3
11:58:57,,3,4c851dead5bd7b2da066f81f61c03d5769b60dff1995986ebdb072b8be88f5e7,-88,,3,64,,3
11:58:58,,3,4c851dead5bd7b2da066f81f61c03d5769b60dff1995986ebdb072b8be88f5e7,-88,,3,64,,3
11:58:59,26.0,3,d4ecf48dafa978fadbb31f5f15aeb2023ef023de3a81c285f0e978e39b55369a,-82,,3,64,12.0,3
11:58:59,,3,4c851dead5bd7b2da066f81f61c03d5769b60dff1995986ebdb072b8be88f5e7,-86,,3,64,,3
11:59:00,26.0,3,a6b516527e90ec075ec0a4946447a44f45b7e06e04ab6013ce9390853eec10a3,-78,,3,64,,3
11:59:01,,3,4c851dead5bd7b2da066f81f61c03d5769b60dff1995986ebdb072b8be88f5e7,-86,,3,64,,3
11:59:02,,3,4c851dead5bd7b2da066f81f61c03d5769b60dff1995986ebdb072b8be88f5e7,-90,,3,64,,3
11:59:02,26.0,3,1c73af1332ea7fe1a6411bc662f0001111ef1fdbb0694a2d753e8a7d9b2fc7ba,-80,,3,64,,3
11:59:03,,3,4c851dead5bd7b2da066f81f61c03d5769b60dff1995986ebdb072b8be88f5e7,-92,,3,64,,3
11:59:04,26.0,3,91312b54fce9370fd0af3d6cd2fe8d709c96b44f36304ad3db6f28c0fe13ac5d,-71,,3,64,,3
11:59:05,26.0,3,ffcf7b92cda8f625198e4d3d35313acd7cfb61db206dce3bb7ffb4e26c3dcaa4,-73,,3,64,12.0,3
11:59:06,26.0,3,ffcf7b92cda8f625198e4d3d35313acd7cfb61db206dce3bb7ffb4e26c3dcaa4,-85,,3,64,12.0,3
11:59:06,,3,4c851dead5bd7b2da066f81f61c03d5769b60dff1995986ebdb072b8be88f5e7,-92,,3,64,,3
11:59:07,,3,4c851dead5bd7b2da066f81f61c03d5769b60dff1995986ebdb072b8be88f5e7,-86,,3,64,,3
11:59:08,26.0,3,d4ecf48dafa978fadbb31f5f15aeb2023ef023de3a81c285f0e978e39b55369a,-72,,3,64,12.0,3
11:59:09,26.0,3,3dfdf1e265725c37df46b5e35fc37a19cebbfa93ee06d2be9a35644ec5ff60cd,-81,,3,64,7.0,3
11:59:10,26.0,3,d13b8ed062516bd516ac3a0d1167ea0e278c48e3dd5db941fae10049605c8114,-76,,3,64,7.0,3
11:59:10,,3,37703fc58dd17517368340793c8be7fa3c0fa3c83efe62d1e4c6e6831bfb64b2,-82,,3,64,,3
11:59:11,,3,4c851dead5bd7b2da066f81f61c03d5769b60dff1995986ebdb072b8be88f5e7,-90,,3,64,,3
11:59:12,,3,4c851dead5bd7b2da066f81f61c03d5769b60dff1995986ebdb072b8be88f5e7,-87,,3,64,,3
11:59:13,,3,be9d564edf2dc90ae80d94c3885262acff12ac31a85a99d40a8513624770b761,-86,,3,64,,3
11:59:14,,3,4c851dead5bd7b2da066f81f61c03d5769b60dff1995986ebdb072b8be88f5e7,-89,,3,64,,3
11:59:14,26.0,3,d13b8ed062516bd516ac3a0d1167ea0e278c48e3dd5db941fae10049605c8114,-66,,3,64,7.0,3
11:59:15,,3,4c851dead5bd7b2da066f81f61c03d5769b60dff1995986ebdb072b8be88f5e7,-88,,3,64,,3
11:59:16,,3,4c851dead5bd7b2da066f81f61c03d5769b60dff1995986ebdb072b8be88f5e7,-88,,3,64,,3
11:59:17,26.0,3,ffcf7b92cda8f625198e4d3d35313acd7cfb61db206dce3bb7ffb4e26c3dcaa4,-78,,3,64,12.0,3
11:59:18,26.0,3,6b810c374386adf2df46f425ef44c8e2505d53fd2018dfd9bab93aa4b2b76699,-88,,3,64,12.0,3
11:59:18,,3,37703fc58dd17517368340793c8be7fa3c0fa3c83efe62d1e4c6e6831bfb64b2,-74,,3,64,,3
11:59:19,26.0,3,91312b54fce9370fd0af3d6cd2fe8d709c96b44f36304ad3db6f28c0fe13ac5d,-71,,3,64,,3
11:59:20,26.0,3,ffcf7b92cda8f625198e4d3d35313acd7cfb61db206dce3bb7ffb4e26c3dcaa4,-79,,3,64,12.0,3
11:59:21,26.0,3,1453026aea56926c927f063a914262a8feb78a67371a12c3907388735afeaf54,-54,,3,64,12.0,3
11:59:22,,3,4c851dead5bd7b2da066f81f61c03d5769b60dff1995986ebdb072b8be88f5e7,-90,,3,64,,3
11:59:22,,3,4c851dead5bd7b2da066f81f61c03d5769b60dff1995986ebdb072b8be88f5e7,-92,,3,64,,3
11:59:23,26.0,3,1c73af1332ea7fe1a6411bc662f0001111ef1fdbb0694a2d753e8a7d9b2fc7ba,-79,,3,64,,3
11:59:24,26.0,3,ffcf7b92cda8f625198e4d3d35313acd7cfb61db206dce3bb7ffb4e26c3dcaa4,-74,,3,64,12.0,3
11:59:25,26.0,3,a6b516527e90ec075ec0a4946447a44f45b7e06e04ab6013ce9390853eec10a3,-79,,3,64,,3
11:59:26,26.0,3,d13b8ed062516bd516ac3a0d1167ea0e278c48e3dd5db941fae10049605c8114,-68,,3,64,7.0,3
11:59:26,26.0,3,1c73af1332ea7fe1a6411bc662f0001111ef1fdbb0694a2d753e8a7d9b2fc7ba,-80,,3,64,,3
11:59:27,26.0,3,d13b8ed062516bd516ac3a0d1167ea0e278c48e3dd5db941fae10049605c8114,-65,,3,64,7.0,3
11:59:28,,3,4c851dead5bd7b2da066f81f61c03d5769b60dff1995986ebdb072b8be88f5e7,-89,,3,64,,3
11:59:29,26.0,3,d13b8ed062516bd516ac3a0d1167ea0e278c48e3dd5db941fae10049605c8114,-68,,3,64,7.0,3
11:59:30,,3,4c851dead5bd7b2da066f81f61c03d5769b60dff1995986ebdb072b8be88f5e7,-93,,3,64,,3
11:59:30,,3,72a2addd40b458bf85b38326f87818e368d79ba8611b615c7cb8b13ead476f7c,-61,,3,64,,3
11:59:31,26.0,3,91312b54fce9370fd0af3d6cd2fe8d709c96b44f36304ad3db6f28c0fe13ac5d,-81,,3,64,,3
11:59:32,26.0,3,1453026aea56926c927f063a914262a8feb78a67371a12c3907388735afeaf54,-47,,3,64,12.0,3
11:59:33,26.0,3,d13b8ed062516bd516ac3a0d1167ea0e278c48e3dd5db941fae10049605c8114,-68,,3,64,7.0,3
11:59:34,,3,4c851dead5bd7b2da066f81f61c03d5769b60dff1995986ebdb072b8be88f5e7,-91,,3,64,,3
11:59:34,26.0,3,91312b54fce9370fd0af3d6cd2fe8d709c96b44f36304ad3db6f28c0fe13ac5d,-83,,3,64,,3
11:59:35,26.0,3,ffcf7b92cda8f625198e4d3d35313acd7cfb61db206dce3bb7ffb4e26c3dcaa4,-75,,3,64,12.0,3
11:59:36,26.0,3,d4ecf48dafa978fadbb31f5f15aeb2023ef023de3a81c285f0e978e39b55369a,-71,,3,64,12.0,3
11:59:37,,3,7f2d9d83ae6b794c95502a6294f2ca6facbf6d7261df8cd1e1fecd0ddc2dac21,-75,,3,64,,3
11:59:37,,3,6e628a77ea03f3b586ae5abc84dee196799ed5a441e0f0806cfa191f6592db6b,-81,,3,64,,3
11:59:38,,3,4c851dead5bd7b2da066f81f61c03d5769b60dff1995986ebdb072b8be88f5e7,-90,,3,64,,3
11:59:39,26.0,3,1c73af1332ea7fe1a6411bc662f0001111ef1fdbb0694a2d753e8a7d9b2fc7ba,-82,,3,64,,3
11:59:40,26.0,3,d13b8ed062516bd516ac3a0d1167ea0e278c48e3dd5db941fae10049605c8114,-87,,3,64,7.0,3
11:59:41,,3,7f2d9d83ae6b794c95502a6294f2ca6facbf6d7261df8cd1e1fecd0ddc2dac21,-77,,3,64,,3
11:59:41,26.0,3,1453026aea56926c927f063a914262a8feb78a67371a12c3907388735afeaf54,-58,,3,64,12.0,3
11:59:42,26.0,3,1453026aea56926c927f063a914262a8feb78a67371a12c3907388735afeaf54,-53,,3,64,12.0,3
11:59:43,26.0,3,d4ecf48dafa978fadbb31f5f15aeb2023ef023de3a81c285f0e978e39b55369a,-73,,3,64,12.0,3
11:59:44,26.0,3,d4ecf48dafa978fadbb31f5f15aeb2023ef023de3a81c285f0e978e39b55369a,-77,,3,64,12.0,3
11:59:45,,3,4c851dead5bd7b2da066f81f61c03d5769b60dff1995986ebdb072b8be88f5e7,-89,,3,64,,3
11:59:45,,3,4c851dead5bd7b2da066f81f61c03d5769b60dff1995986ebdb072b8be88f5e7,-90,,3,64,,3
11:59:46,26.0,3,ffcf7b92cda8f625198e4d3d35313acd7cfb61db206dce3bb7ffb4e26c3dcaa4,-75,,3,64,12.0,3
11:59:47,,3,4c851dead5bd7b2da066f81f61c03d5769b60dff1995986ebdb072b8be88f5e7,-87,,3,64,,3
11:59:48,,3,4c851dead5bd7b2da066f81f61c03d5769b60dff1995986ebdb072b8be88f5e7,-92,,3,64,,3
11:59:49,26.0,3,3dfdf1e265725c37df46b5e35fc37a19cebbfa93ee06d2be9a35644ec5ff60cd,-76,,3,64,7.0,3
11:59:49,26.0,3,91312b54fce9370fd0af3d6cd2fe8d709c96b44f36304ad3db6f28c0fe13ac5d,-75,,3,64,,3
11:59:50,,3,4c851dead5bd7b2da066f81f61c03d5769b60dff1995986ebdb072b8be88f5e7,-92,,3,64,,3
11:59:51,26.0,3,1453026aea56926c927f063a914262a8feb78a67371a12c3907388735afeaf54,-62,,3,64,12.0,3
11:59:52,26.0,3,1c73af1332ea7fe1a6411bc662f0001111ef1fdbb0694a2d753e8a7d9b2fc7ba,-69,,3,64,,3
11:59:53,26.0,3,1453026aea56926c927f063a914262a8feb78a67371a12c3907388735afeaf54,-64,,3,64,12.0,3
11:59:53,26.0,3,1453026aea56926c927f063a914262a8feb78a67371a12c3907388735afeaf54,-55,,3,64,12.0,3
11:59:54,26.0,3,d13b8ed062516bd516ac3a0d1167ea0e278c48e3dd5db941fae10049605c8114,-75,,3,64,7.0,3
11:59:55,,3,4c851dead5bd7b2da066f81f61c03d5769b60dff1995986ebdb072b8be88f5e7,-87,,3,64,,3
11:59:56,26.0,3,d4ecf48dafa978fadbb31f5f15aeb2023ef023de3a81c285f0e978e39b55369a,-81,,3,64,12.0,3
11:59:57,26.0,3,3dfdf1e265725c37df46b5e35fc37a19cebbfa93ee06d2be9a35644ec5ff60cd,-79,,3,64,7.0,3
11:59:57,,3,4c851dead5bd7b2da066f81f61c03d5769b60dff1995986ebdb072b8be88f5e7,-92,,3,64,,3
11:59:58,26.0,3,a6b516527e90ec075ec0a4946447a44f45b7e06e04ab6013ce9390853eec10a3,-76,,3,64,,3
11:59:59,,3,4c851dead5bd7b2da066f81f61c03d5769b60dff1995986ebdb072b8be88f5e7,-91,,3,64,,3
12:00:00,26.0,3,ffcf7b92cda8f625198e4d3d35313acd7cfb61db206dce3bb7ffb4e26c3dcaa4,-78,,3,64,,3
12:00:01,,3,4c851dead5bd7b2da066f81f61c03d5769b60dff1995986ebdb072b8be88f5e7,-89,,3,64,,3
12:00:01,26.0,3,ffcf7b92cda8f625198e4d3d35313acd7cfb61db206dce3bb7ffb4e26c3dcaa4,-72,,3,64,,3
12:00:02,26.0,3,1453026aea56926c927f063a914262a8feb78a67371a12c3907388735afeaf54,-51,,3,64,12.0,3
12:00:03,26.0,3,ffcf7b92cda8f625198e4d3d35313acd7cfb61db206dce3bb7ffb4e26c3dcaa4,-74,,3,64,,3
12:00:04,,3,6e628a77ea03f3b586ae5abc84dee196799ed5a441e0f0806cfa191f6592db6b,-81,,3,64,,3
12:00:04,,3,44205170d2cdba1722006a44895e186412136c5c9e66810d8c4dd4382c2f64f7,-77,,3,64,,3
12:00:05,26.0,3,1c73af1332ea7fe1a6411bc662f0001111ef1fdbb0694a2d753e8a7d9b2fc7ba,-69,,3,64,,3
12:00:06,26.0,3,ffcf7b92cda8f625198e4d3d35313acd7cfb61db206dce3bb7ffb4e26c3dcaa4,-74,,3,64,12.0,3
12:00:07,26.0,3,ffcf7b92cda8f625198e4d3d35313acd7cfb61db206dce3bb7ffb4e26c3dcaa4,-81,,3,64,12.0,3
12:00:08,,3,4c851dead5bd7b2da066f81f61c03d5769b60dff1995986ebdb072b8be88f5e7,-90,,3,64,,3
12:00:08,,3,4c851dead5bd7b2da066f81f61c03d5769b60dff1995986ebdb072b8be88f5e7,-89,,3,64,,3
12:00:09,,3,37703fc58dd17517368340793c8be7fa3c0fa3c83efe62d1e4c6e6831bfb64b2,-78,,3,64,,3
12:00:10,,3,4c851dead5bd7b2da066f81f61c03d5769b60dff1995986ebdb072b8be88f5e7,-87,,3,64,,3
12:00:11,26.0,3,1aa64ab93ac10224a4118f877465ac484617ff2c0f9c53fdde914a4f716a80de,-87,,3,64,7.0,3
12:00:12,26.0,3,1453026aea56926c927f063a914262a8feb78a67371a12c3907388735afeaf54,-72,,3,64,12.0,3
12:00:12,26.0,3,91312b54fce9370fd0af3d6cd2fe8d709c96b44f36304ad3db6f28c0fe13ac5d,-78,,3,64,,3
12:00:13,26.0,3,91312b54fce9370fd0af3d6cd2fe8d709c96b44f36304ad3db6f28c0fe13ac5d,-79,,3,64,,3
12:00:14,26.0,3,a6b516527e90ec075ec0a4946447a44f45b7e06e04ab6013ce9390853eec10a3,-81,,3,64,,3
12:00:15,26.0,3,91312b54fce9370fd0af3d6cd2fe8d709c96b44f36304ad3db6f28c0fe13ac5d,-79,,3,64,,3
12:00:16,26.0,3,91312b54fce9370fd0af3d6cd2fe8d709c96b44f36304ad3db6f28c0fe13ac5d,-78,,3,64,,3
12:00:16,,3,64e67738fe25afcef7e62afa36acd4b10a36a0c7b00fa398775adbaba609be10,-86,,3,64,,3
12:00:17,,3,4c851dead5bd7b2da066f81f61c03d5769b60dff1995986ebdb072b8be88f5e7,-89,,3,64,,3
12:00:18,26.0,3,1aa64ab93ac10224a4118f877465ac484617ff2c0f9c53fdde914a4f716a80de,-88,,3,64,7.0,3
12:00:19,26.0,3,1aa64ab93ac10224a4118f877465ac484617ff2c0f9c53fdde914a4f716a80de,-85,,3,64,7.0,3
12:00:20,,3,8c1b8e7d1b96d67d005d7aac0e497874b492b138f4f82fec2eb39062762b7598,-89,,3,64,,3
12:00:20,,3,64e67738fe25afcef7e62afa36acd4b10a36a0c7b00fa398775adbaba609be10,-93,,3,64,,3
12:00:21,,3,4c851dead5bd7b2da066f81f61c03d5769b60dff1995986ebdb072b8be88f5e7,-90,,3,64,,3
12:00:22,26.0,3,91312b54fce9370fd0af3d6cd2fe8d709c96b44f36304ad3db6f28c0fe13ac5d,-80,,3,64,,3
12:00:23,,3,37703fc58dd17517368340793c8be7fa3c0fa3c83efe62d1e4c6e6831bfb64b2,-75,,3,64,,3
12:00:24,26.0,3,d4ecf48dafa978fadbb31f5f15aeb2023ef023de3a81c285f0e978e39b55369a,-72,,3,64,12.0,3
12:00:24,26.0,3,ffcf7b92cda8f625198e4d3d35313acd7cfb61db206dce3bb7ffb4e26c3dcaa4,-77,,3,64,12.0,3
12:00:25,26.0,3,1453026aea56926c927f063a914262a8feb78a67371a12c3907388735afeaf54,-53,,3,64,12.0,3
12:00:26,26.0,3,1453026aea56926c927f063a914262a8feb78a67371a12c3907388735afeaf54,-65,,3,64,12.0,3
12:00:27,,3,37703fc58dd17517368340793c8be7fa3c0fa3c83efe62d1e4c6e6831bfb64b2,-77,,3,64,,3
12:00:27,,3,4d721f1dd47827d09476ba30c802fdee55160a1c66d7bea67b1ec67d458b08c7,-68,,3,64,,3
12:00:28,26.0,3,91312b54fce9370fd0af3d6cd2fe8d709c96b44f36304ad3db6f28c0fe13ac5d,-75,,3,64,,3
12:00:29,,3,4c851dead5bd7b2da066f81f61c03d5769b60dff1995986ebdb072b8be88f5e7,-88,,3,64,,3
12:00:30,26.0,3,d4ecf48dafa978fadbb31f5f15aeb2023ef023de3a81c285f0e978e39b55369a,-71,,3,64,12.0,3
12:00:31,26.0,3,1aa64ab93ac10224a4118f877465ac484617ff2c0f9c53fdde914a4f716a80de,-83,,3,64,7.0,3
12:00:31,26.0,3,d13b8ed062516bd516ac3a0d1167ea0e278c48e3dd5db941fae10049605c8114,-82,,3,64,7.0,3
12:00:32,,3,4c851dead5bd7b2da066f81f61c03d5769b60dff1995986ebdb072b8be88f5e7,-93,,3,64,,3
12:00:33,,3,4c851dead5bd7b2da066f81f61c03d5769b60dff1995986ebdb072b8be88f5e7,-90,,3,64,,3
12:00:34,26.0,3,d4ecf48dafa978fadbb31f5f15aeb2023ef023de3a81c285f0e978e39b55369a,-75,,3,64,12.0,3
12:00:35,26.0,3,a6b516527e90ec075ec0a4946447a44f45b7e06e04ab6013ce9390853eec10a3,-74,,3,64,,3
12:00:35,26.0,3,ffcf7b92cda8f625198e4d3d35313acd7cfb61db206dce3bb7ffb4e26c3dcaa4,-77,,3,64,12.0,3
12:00:36,26.0,3,1453026aea56926c927f063a914262a8feb78a67371a12c3907388735afeaf54,-54,,3,64,12.0,3
12:00:37,26.0,3,3dfdf1e265725c37df46b5e35fc37a19cebbfa93ee06d2be9a35644ec5ff60cd,-84,,3,64,7.0,3
12:00:38,26.0,3,1aa64ab93ac10224a4118f877465ac484617ff2c0f9c53fdde914a4f716a80de,-83,,3,64,7.0,3
12:00:39,26.0,3,91312b54fce9370fd0af3d6cd2fe8d709c96b44f36304ad3db6f28c0fe13ac5d,-79,,3,64,,3
12:00:39,26.0,3,a6b516527e90ec075ec0a4946447a44f45b7e06e04ab6013ce9390853eec10a3,-87,,3,64,,3
12:00:40,,3,354afcb884134543dc3babadcc46ccae7fc58ba7667e3d28d8b3474f05443dc8,-82,,3,64,,3
12:00:41,26.0,3,1c73af1332ea7fe1a6411bc662f0001111ef1fdbb0694a2d753e8a7d9b2fc7ba,-77,,3,64,2.0,3
12:00:42,,3,4c851dead5bd7b2da066f81f61c03d5769b60dff1995986ebdb072b8be88f5e7,-92,,3,64,,3
12:00:43,26.0,3,91312b54fce9370fd0af3d6cd2fe8d709c96b44f36304ad3db6f28c0fe13ac5d,-72,,3,64,,3
12:00:43,26.0,3,a6b516527e90ec075ec0a4946447a44f45b7e06e04ab6013ce9390853eec10a3,-75,,3,64,,3
12:00:44,26.0,3,1453026aea56926c927f063a914262a8feb78a67371a12c3907388735afeaf54,-62,,3,64,12.0,3
12:00:45,26.0,3,d13b8ed062516bd516ac3a0d1167ea0e278c48e3dd5db941fae10049605c8114,-79,,3,64,7.0,3
12:00:46,26.0,3,91312b54fce9370fd0af3d6cd2fe8d709c96b44f36304ad3db6f28c0fe13ac5d,-72,,3,64,,3
12:00:47,26.0,3,ffcf7b92cda8f625198e4d3d35313acd7cfb61db206dce3bb7ffb4e26c3dcaa4,-86,,3,64,12.0,3
12:00:47,26.0,3,ffcf7b92cda8f625198e4d3d35313acd7cfb61db206dce3bb7ffb4e26c3dcaa4,-81,,3,64,12.0,3
12:00:48,26.0,3,1c73af1332ea7fe1a6411bc662f0001111ef1fdbb0694a2d753e8a7d9b2fc7ba,-72,,3,64,2.0,3
12:00:49,26.0,3,3dfdf1e265725c37df46b5e35fc37a19cebbfa93ee06d2be9a35644ec5ff60cd,-77,,3,64,7.0,3
12:00:50,26.0,3,d4ecf48dafa978fadbb31f5f15aeb2023ef023de3a81c285f0e978e39b55369a,-74,,3,64,12.0,3
12:00:50,,3,4c851dead5bd7b2da066f81f61c03d5769b60dff1995986ebdb072b8be88f5e7,-94,,3,64,,3
12:00:51,26.0,3,d13b8ed062516bd516ac3a0d1167ea0e278c48e3dd5db941fae10049605c8114,-74,,3,64,7.0,3
12:00:52,26.0,3,3dfdf1e265725c37df46b5e35fc37a19cebbfa93ee06d2be9a35644ec5ff60cd,-76,,3,64,7.0,3
12:00:53,26.0,3,1c73af1332ea7fe1a6411bc662f0001111ef1fdbb0694a2d753e8a7d9b2fc7ba,-79,,3,64,2.0,3
12:00:54,26.0,3,3dfdf1e265725c37df46b5e35fc37a19cebbfa93ee06d2be9a35644ec5ff60cd,-76,,3,64,7.0,3
12:00:54,,3,4c851dead5bd7b2da066f81f61c03d5769b60dff1995986ebdb072b8be88f5e7,-89,,3,64,,3
12:00:55,26.0,3,ffcf7b92cda8f625198e4d3d35313acd7cfb61db206dce3bb7ffb4e26c3dcaa4,-80,,3,64,12.0,3
12:00:56,26.0,3,91312b54fce9370fd0af3d6cd2fe8d709c96b44f36304ad3db6f28c0fe13ac5d,-80,,3,64,,3
12:00:57,26.0,3,a6b516527e90ec075ec0a4946447a44f45b7e06e04ab6013ce9390853eec10a3,-83,,3,64,,3
12:00:58,26.0,3,d13b8ed062516bd516ac3a0d1167ea0e278c48e3dd5db941fae10049605c8114,-71,,3,64,7.0,3
12:00:58,26.0,3,1aa64ab93ac10224a4118f877465ac484617ff2c0f9c53fdde914a4f716a80de,-88,,3,64,7.0,3
12:00:59,26.0,3,1c73af1332ea7fe1a6411bc662f0001111ef1fdbb0694a2d753e8a7d9b2fc7ba,-70,,3,64,2.0,3
12:01:00,26.0,3,1c73af1332ea7fe1a6411bc662f0001111ef1fdbb0694a2d753e8a7d9b2fc7ba,-75,,3,64,2.0,3
12:01:01,,3,37703fc58dd17517368340793c8be7fa3c0fa3c83efe62d1e4c6e6831bfb64b2,-74,,3,64,,3
12:01:02,26.0,3,91312b54fce9370fd0af3d6cd2fe8d709c96b44f36304ad3db6f28c0fe13ac5d,-72,,3,64,,3
12:01:02,26.0,3,91312b54fce9370fd0af3d6cd2fe8d709c96b44f36304ad3db6f28c0fe13ac5d,-72,,3,64,,3
12:01:03,26.0,3,a6b516527e90ec075ec0a4946447a44f45b7e06e04ab6013ce9390853eec10a3,-77,,3,64,,3
12:01:04,26.0,3,91312b54fce9370fd0af3d6cd2fe8d709c96b44f36304ad3db6f28c0fe13ac5d,-70,,3,64,,3
12:01:05,26.0,3,1453026aea56926c927f063a914262a8feb78a67371a12c3907388735afeaf54,-48,,3,64,12.0,3
12:01:06,26.0,3,91312b54fce9370fd0af3d6cd2fe8d709c96b44f36304ad3db6f28c0fe13ac5d,-70,,3,64,,3
12:01:06,,3,4c851dead5bd7b2da066f81f61c03d5769b60dff1995986ebdb072b8be88f5e7,-89,,3,64,,3
12:01:07,26.0,3,1c73af1332ea7fe1a6411bc662f0001111ef1fdbb0694a2d753e8a7d9b2fc7ba,-70,,3,64,2.0,3
12:01:08,,3,4c851dead5bd7b2da066f81f61c03d5769b60dff1995986ebdb072b8be88f5e7,-87,,3,64,,3
12:01:09,26.0,3,91312b54fce9370fd0af3d6cd2fe8d709c96b44f36304ad3db6f28c0fe13ac5d,-78,,3,64,,3
12:01:09,,3,4c851dead5bd7b2da066f81f61c03d5769b60dff1995986ebdb072b8be88f5e7,-89,,3,64,,3
12:01:10,26.0,3,3dfdf1e265725c37df46b5e35fc37a19cebbfa93ee06d2be9a35644ec5ff60cd,-84,,3,64,7.0,3
12:01:11,,3,bac98955d46f366ac43a4e4e0a930d234199b953adbe6bd86bd130ffb8081f4b,-80,,3,64,,3
12:01:12,,3,4c851dead5bd7b2da066f81f61c03d5769b60dff1995986ebdb072b8be88f5e7,-91,,3,64,,3
12:01:13,26.0,3,d13b8ed062516bd516ac3a0d1167ea0e278c48e3dd5db941fae10049605c8114,-81,,3,64,7.0,3
12:01:14,,3,4c851dead5bd7b2da066f81f61c03d5769b60dff1995986ebdb072b8be88f5e7,-89,,3,64,,3
12:01:14,26.0,3,d4ecf48dafa978fadbb31f5f15aeb2023ef023de3a81c285f0e978e39b55369a,-70,,3,64,12.0,3
12:01:15,26.0,3,1453026aea56926c927f063a914262a8feb78a67371a12c3907388735afeaf54,-40,,3,64,12.0,3
12:01:16,,3,4c851dead5bd7b2da066f81f61c03d5769b60dff1995986ebdb072b8be88f5e7,-84,,3,64,,3
12:01:17,26.0,3,3dfdf1e265725c37df46b5e35fc37a19cebbfa93ee06d2be9a35644ec5ff60cd,-76,,3,64,7.0,3
12:01:18,26.0,3,1aa64ab93ac10224a4118f877465ac484617ff2c0f9c53fdde914a4f716a80de,-85,,3,64,7.0,3
12:01:18,26.0,3,91312b54fce9370fd0af3d6cd2fe8d709c96b44f36304ad3db6f28c0fe13ac5d,-71,,3,64,,3
12:01:19,,3,4c851dead5bd7b2da066f81f61c03d5769b60dff1995986ebdb072b8be88f5e7,-88,,3,64,,3
12:01:20,26.0,3,ffcf7b92cda8f625198e4d3d35313acd7cfb61db206dce3bb7ffb4e26c3dcaa4,-88,,3,64,12.0,3
12:01:21,26.0,3,d13b8ed062516bd516ac3a0d1167ea0e278c48e3dd5db941fae10049605c8114,-73,,3,64,7.0,3
12:01:21,,3,4c851dead5bd7b2da066f81f61c03d5769b60dff1995986ebdb072b8be88f5e7,-85,,3,64,,3
12:01:22,26.0,3,d13b8ed062516bd516ac3a0d1167ea0e278c48e3dd5db941fae10049605c8114,-73,,3,64,7.0,3
12:01:23,26.0,3,91312b54fce9370fd0af3d6cd2fe8d709c96b44f36304ad3db6f28c0fe13ac5d,-79,,3,64,,3
12:01:24,26.0,3,a6b516527e90ec075ec0a4946447a44f45b7e06e04ab6013ce9390853eec10a3,-75,,3,64,,3
12:01:25,26.0,3,a6b516527e90ec075ec0a4946447a44f45b7e06e04ab6013ce9390853eec10a3,-79,,3,64,,3
12:01:25,26.0,3,3dfdf1e265725c37df46b5e35fc37a19cebbfa93ee06d2be9a35644ec5ff60cd,-87,,3,64,7.0,3
12:01:26,26.0,3,91312b54fce9370fd0af3d6cd2fe8d709c96b44f36304ad3db6f28c0fe13ac5d,-71,,3,64,,3
12:01:27,26.0,3,ffcf7b92cda8f625198e4d3d35313acd7cfb61db206dce3bb7ffb4e26c3dcaa4,-88,,3,64,12.0,3
12:01:28,26.0,3,1c73af1332ea7fe1a6411bc662f0001111ef1fdbb0694a2d753e8a7d9b2fc7ba,-83,,3,64,2.0,3
12:01:29,26.0,3,a6b516527e90ec075ec0a4946447a44f45b7e06e04ab6013ce9390853eec10a3,-80,,3,64,,3
12:01:29,26.0,3,d13b8ed062516bd516ac3a0d1167ea0e278c48e3dd5db941fae10049605c8114,-76,,3,64,7.0,3
12:01:30,26.0,3,a6b516527e90ec075ec0a4946447a44f45b7e06e04ab6013ce9390853eec10a3,-91,,3,64,,3
12:01:31,26.0,3,1aa64ab93ac10224a4118f877465ac484617ff2c0f9c53fdde914a4f716a80de,-85,,3,64,7.0,3
12:01:32,26.0,3,91312b54fce9370fd0af3d6cd2fe8d709c96b44f36304ad3db6f28c0fe13ac5d,-74,,3,64,,3
12:01:33,,3,4c851dead5bd7b2da066f81f61c03d5769b60dff1995986ebdb072b8be88f5e7,-90,,3,64,,3
12:01:33,26.0,3,a6b516527e90ec075ec0a4946447a44f45b7e06e04ab6013ce9390853eec10a3,-75,,3,64,,3
12:01:34,26.0,3,d13b8ed062516bd516ac3a0d1167ea0e278c48e3dd5db941fae10049605c8114,-68,,3,64,7.0,3
12:01:35,,3,4c851dead5bd7b2da066f81f61c03d5769b60dff1995986ebdb072b8be88f5e7,-90,,3,64,,3
12:01:36,26.0,3,a6b516527e90ec075ec0a4946447a44f45b7e06e04ab6013ce9390853eec10a3,-85,,3,64,,3
12:01:37,26.0,3,91312b54fce9370fd0af3d6cd2fe8d709c96b44f36304ad3db6f28c0fe13ac5d,-76,,3,64,,3
12:01:37,26.0,3,91312b54fce9370fd0af3d6cd2fe8d709c96b44f36304ad3db6f28c0fe13ac5d,-78,,3,64,,3
12:01:38,,3,4c851dead5bd7b2da066f81f61c03d5769b60dff1995986ebdb072b8be88f5e7,-80,,3,64,,3
12:01:39,,3,4c851dead5bd7b2da066f81f61c03d5769b60dff1995986ebdb072b8be88f5e7,-81,,3,64,,3
12:01:40,26.0,3,1c73af1332ea7fe1a6411bc662f0001111ef1fdbb0694a2d753e8a7d9b2fc7ba,-75,,3,64,2.0,3
12:01:41,26.0,3,05991eeeafa475c9e9195d72a92f9759574c61753c2147cc81fa53e100cfba39,-74,,3,64,12.0,3
12:01:41,26.0,3,91312b54fce9370fd0af3d6cd2fe8d709c96b44f36304ad3db6f28c0fe13ac5d,-82,,3,64,,3
12:01:42,,3,4c851dead5bd7b2da066f81f61c03d5769b60dff1995986ebdb072b8be88f5e7,-82,,3,64,,3
12:01:43,26.0,3,05991eeeafa475c9e9195d72a92f9759574c61753c2147cc81fa53e100cfba39,-74,,3,64,12.0,3
12:01:44,,3,4c851dead5bd7b2da066f81f61c03d5769b60dff1995986ebdb072b8be88f5e7,-90,,3,64,,3
12:01:45,,3,4c851dead5bd7b2da066f81f61c03d5769b60dff1995986ebdb072b8be88f5e7,-80,,3,64,,3
12:01:45,26.0,3,a6b516527e90ec075ec0a4946447a44f45b7e06e04ab6013ce9390853eec10a3,-80,,3,64,,3
12:01:46,,3,4c851dead5bd7b2da066f81f61c03d5769b60dff1995986ebdb072b8be88f5e7,-88,,3,64,,3
12:01:47,26.0,3,ffcf7b92cda8f625198e4d3d35313acd7cfb61db206dce3bb7ffb4e26c3dcaa4,-84,,3,64,12.0,3
12:01:48,26.0,3,a6b516527e90ec075ec0a4946447a44f45b7e06e04ab6013ce9390853eec10a3,-78,,3,64,,3
12:01:49,26.0,3,1c73af1332ea7fe1a6411bc662f0001111ef1fdbb0694a2d753e8a7d9b2fc7ba,-75,,3,64,2.0,3
12:01:49,26.0,3,91312b54fce9370fd0af3d6cd2fe8d709c96b44f36304ad3db6f28c0fe13ac5d,-84,,3,64,,3
12:01:50,26.0,3,8ee1bafdbc6f3b79465c8eb163cc0e380a6cb89350d4991a22a49958e7b11d3a,-86,,3,64,7.0,3
12:01:51,26.0,3,05991eeeafa475c9e9195d72a92f9759574c61753c2147cc81fa53e100cfba39,-77,,3,64,12.0,3
12:01:52,26.0,3,91312b54fce9370fd0af3d6cd2fe8d709c96b44f36304ad3db6f28c0fe13ac5d,-71,,3,64,,3
12:01:52,26.0,3,91312b54fce9370fd0af3d6cd2fe8d709c96b44f36304ad3db6f28c0fe13ac5d,-71,,3,64,,3
12:01:53,26.0,3,91312b54fce9370fd0af3d6cd2fe8d709c96b44f36304ad3db6f28c0fe13ac5d,-71,,3,64,,3
12:01:54,26.0,3,8ee1bafdbc6f3b79465c8eb163cc0e380a6cb89350d4991a22a49958e7b11d3a,-81,,3,64,7.0,3
12:01:55,,3,4c851dead5bd7b2da066f81f61c03d5769b60dff1995986ebdb072b8be88f5e7,-78,,3,64,,3
12:01:56,26.0,3,ffcf7b92cda8f625198e4d3d35313acd7cfb61db206dce3bb7ffb4e26c3dcaa4,-78,,3,64,12.0,3
12:01:56,26.0,3,d13b8ed062516bd516ac3a0d1167ea0e278c48e3dd5db941fae10049605c8114,-83,,3,64,7.0,3
12:01:57,26.0,3,a6b516527e90ec075ec0a4946447a44f45b7e06e04ab6013ce9390853eec10a3,-84,,3,64,,3
12:01:58,,3,4c851dead5bd7b2da066f81f61c03d5769b60dff1995986ebdb072b8be88f5e7,-81,,3,64,,3
12:01:59,26.0,3,a6b516527e90ec075ec0a4946447a44f45b7e06e04ab6013ce9390853eec10a3,-81,,3,64,,3
12:02:00,26.0,3,05991eeeafa475c9e9195d72a92f9759574c61753c2147cc81fa53e100cfba39,-72,,3,64,12.0,3
12:02:00,,3,4c851dead5bd7b2da066f81f61c03d5769b60dff1995986ebdb072b8be88f5e7,-80,,3,64,,3
12:02:01,26.0,3,91312b54fce9370fd0af3d6cd2fe8d709c96b44f36304ad3db6f28c0fe13ac5d,-71,,3,64,,3
12:02:02,26.0,3,1c73af1332ea7fe1a6411bc662f0001111ef1fdbb0694a2d753e8a7d9b2fc7ba,-83,,3,64,2.0,3
12:02:03,,3,4c851dead5bd7b2da066f81f61c03d5769b60dff1995986ebdb072b8be88f5e7,-81,,3,64,,3
12:02:04,,3,8c1b8e7d1b96d67d005d7aac0e497874b492b138f4f82fec2eb39062762b7598,-76,,3,64,,3
12:02:04,,3,4c851dead5bd7b2da066f81f61c03d5769b60dff1995986ebdb072b8be88f5e7,-92,,3,64,,3
12:02:05,26.0,3,d13b8ed062516bd516ac3a0d1167ea0e278c48e3dd5db941fae10049605c8114,-66,,3,64,7.0,3
12:02:06,26.0,3,ffcf7b92cda8f625198e4d3d35313acd7cfb61db206dce3bb7ffb4e26c3dcaa4,-73,,3,64,12.0,3
12:02:07,26.0,3,91312b54fce9370fd0af3d6cd2fe8d709c96b44f36304ad3db6f28c0fe13ac5d,-73,,3,64,,3
12:02:08,,3,4c851dead5bd7b2da066f81f61c03d5769b60dff1995986ebdb072b8be88f5e7,-90,,3,64,,3
12:02:08,26.0,3,1c73af1332ea7fe1a6411bc662f0001111ef1fdbb0694a2d753e8a7d9b2fc7ba,-69,,3,64,2.0,3
12:02:09,26.0,3,3dfdf1e265725c37df46b5e35fc37a19cebbfa93ee06d2be9a35644ec5ff60cd,-80,,3,64,7.0,3
12:02:10,26.0,3,d13b8ed062516bd516ac3a0d1167ea0e278c48e3dd5db941fae10049605c8114,-71,,3,64,7.0,3
12:02:11,26.0,3,91312b54fce9370fd0af3d6cd2fe8d709c96b44f36304ad3db6f28c0fe13ac5d,-90,,3,64,,3
12:02:12,,3,4c851dead5bd7b2da066f81f61c03d5769b60dff1995986ebdb072b8be88f5e7,-79,,3,64,,3
12:02:12,,3,4c851dead5bd7b2da066f81f61c03d5769b60dff1995986ebdb072b8be88f5e7,-90,,3,64,,3
12:02:13,26.0,3,8ee1bafdbc6f3b79465c8eb163cc0e380a6cb89350d4991a22a49958e7b11d3a,-82,,3,64,7.0,3
12:02:14,26.0,3,91312b54fce9370fd0af3d6cd2fe8d709c96b44f36304ad3db6f28c0fe13ac5d,-69,,3,64,,3
12:02:15,26.0,3,1c73af1332ea7fe1a6411bc662f0001111ef1fdbb0694a2d753e8a7d9b2fc7ba,-88,,3,64,2.0,3
12:02:16,26.0,3,05991eeeafa475c9e9195d72a92f9759574c61753c2147cc81fa53e100cfba39,-74,,3,64,12.0,3
12:02:16,26.0,3,ffcf7b92cda8f625198e4d3d35313acd7cfb61db206dce3bb7ffb4e26c3dcaa4,-78,,3,64,12.0,3
12:02:17,26.0,3,05991eeeafa475c9e9195d72a92f9759574c61753c2147cc81fa53e100cfba39,-71,,3,64,12.0,3
12:02:18,26.0,3,ffcf7b92cda8f625198e4d3d35313acd7cfb61db206dce3bb7ffb4e26c3dcaa4,-76,,3,64,12.0,3
12:02:19,26.0,3,3dfdf1e265725c37df46b5e35fc37a19cebbfa93ee06d2be9a35644ec5ff60cd,-80,,3,64,7.0,3
12:02:20,26.0,3,a6b516527e90ec075ec0a4946447a44f45b7e06e04ab6013ce9390853eec10a3,-74,,3,64,,3
12:02:20,26.0,3,3dfdf1e265725c37df46b5e35fc37a19cebbfa93ee06d2be9a35644ec5ff60cd,-77,,3,64,7.0,3
12:02:21,,3,4c851dead5bd7b2da066f81f61c03d5769b60dff1995986ebdb072b8be88f5e7,-79,,3,64,,3
12:02:22,,3,4c851dead5bd7b2da066f81f61c03d5769b60dff1995986ebdb072b8be88f5e7,-80,,3,64,,3
12:02:23,26.0,3,1c73af1332ea7fe1a6411bc662f0001111ef1fdbb0694a2d753e8a7d9b2fc7ba,-73,,3,64,2.0,3
12:02:24,26.0,3,05991eeeafa475c9e9195d72a92f9759574c61753c2147cc81fa53e100cfba39,-75,,3,64,12.0,3
12:02:24,,3,4c851dead5bd7b2da066f81f61c03d5769b60dff1995986ebdb072b8be88f5e7,-78,,3,64,,3
12:02:25,26.0,3,91312b54fce9370fd0af3d6cd2fe8d709c96b44f36304ad3db6f28c0fe13ac5d,-75,,3,64,,3
12:02:26,26.0,3,05991eeeafa475c9e9195d72a92f9759574c61753c2147cc81fa53e100cfba39,-70,,3,64,12.0,3
12:02:27,26.0,3,d13b8ed062516bd516ac3a0d1167ea0e278c48e3dd5db941fae10049605c8114,-65,,3,64,7.0,3
12:02:27,,3,4c851dead5bd7b2da066f81f61c03d5769b60dff1995986ebdb072b8be88f5e7,-79,,3,64,,3
12:02:28,26.0,3,91312b54fce9370fd0af3d6cd2fe8d709c96b44f36304ad3db6f28c0fe13ac5d,-75,,3,64,,3
12:02:29,26.0,3,8ee1bafdbc6f3b79465c8eb163cc0e380a6cb89350d4991a22a49958e7b11d3a,-86,,3,64,7.0,3
12:02:30,26.0,3,05991eeeafa475c9e9195d72a92f9759574c61753c2147cc81fa53e100cfba39,-81,,3,64,12.0,3
12:02:31,26.0,3,05991eeeafa475c9e9195d72a92f9759574c61753c2147cc81fa53e100cfba39,-76,,3,64,12.0,3
12:02:31,26.0,3,1c73af1332ea7fe1a6411bc662f0001111ef1fdbb0694a2d753e8a7d9b2fc7ba,-84,,3,64,2.0,3
12:02:32,26.0,3,a6b516527e90ec075ec0a4946447a44f45b7e06e04ab6013ce9390853eec10a3,-75,,3,64,,3
12:02:33,26.0,3,ffcf7b92cda8f625198e4d3d35313acd7cfb61db206dce3bb7ffb4e26c3dcaa4,-79,,3,64,12.0,3
12:02:34,,3,4d721f1dd47827d09476ba30c802fdee55160a1c66d7bea67b1ec67d458b08c7,-72,,3,64,,3
12:02:35,26.0,3,d13b8ed062516bd516ac3a0d1167ea0e278c48e3dd5db941fae10049605c8114,-73,,3,64,7.0,3
12:02:35,,3,bac98955d46f366ac43a4e4e0a930d234199b953adbe6bd86bd130ffb8081f4b,-73,,3,64,,3
12:02:36,,3,4c851dead5bd7b2da066f81f61c03d5769b60dff1995986ebdb072b8be88f5e7,-89,,3,64,,3
12:02:37,,3,37703fc58dd17517368340793c8be7fa3c0fa3c83efe62d1e4c6e6831bfb64b2,-75,,3,64,,3
12:02:38,26.0,3,05991eeeafa475c9e9195d72a92f9759574c61753c2147cc81fa53e100cfba39,-74,,3,64,12.0,3
12:02:39,,3,4c851dead5bd7b2da066f81f61c03d5769b60dff1995986ebdb072b8be88f5e7,-89,,3,64,,3
12:02:39,26.0,3,a6b516527e90ec075ec0a4946447a44f45b7e06e04ab6013ce9390853eec10a3,-78,,3,64,,3
12:02:40,26.0,3,ffcf7b92cda8f625198e4d3d35313acd7cfb61db206dce3bb7ffb4e26c3dcaa4,-78,,3,64,12.0,3
12:02:41,,3,4c851dead5bd7b2da066f81f61c03d5769b60dff1995986ebdb072b8be88f5e7,-81,,3,64,,3
12:02:42,,3,4c851dead5bd7b2da066f81f61c03d5769b60dff1995986ebdb072b8be88f5e7,-88,,3,64,,3
12:02:43,26.0,3,ffcf7b92cda8f625198e4d3d35313acd7cfb61db206dce3bb7ffb4e26c3dcaa4,-75,,3,64,12.0,3
12:02:43,,3,4c851dead5bd7b2da066f81f61c03d5769b60dff1995986ebdb072b8be88f5e7,-81,,3,64,,3
12:02:44,26.0,3,1c73af1332ea7fe1a6411bc662f0001111ef1fdbb0694a2d753e8a7d9b2fc7ba,-82,,3,64,2.0,3
12:02:45,26.0,3,91312b54fce9370fd0af3d6cd2fe8d709c96b44f36304ad3db6f28c0fe13ac5d,-80,,3,64,,3
12:02:46,,3,4c851dead5bd7b2da066f81f61c03d5769b60dff1995986ebdb072b8be88f5e7,-82,,3,64,,3
12:02:47,,3,354afcb884134543dc3babadcc46ccae7fc58ba7667e3d28d8b3474f05443dc8,-79,,3,64,,3
12:02:47,26.0,3,3dfdf1e265725c37df46b5e35fc37a19cebbfa93ee06d2be9a35644ec5ff60cd,-80,,3,64,7.0,3
12:02:48,26.0,3,1c73af1332ea7fe1a6411bc662f0001111ef1fdbb0694a2d753e8a7d9b2fc7ba,-83,,3,64,2.0,3
12:02:49,,3,4c851dead5bd7b2da066f81f61c03d5769b60dff1995986ebdb072b8be88f5e7,-80,,3,64,,3
12:02:50,,3,4c851dead5bd7b2da066f81f61c03d5769b60dff1995986ebdb072b8be88f5e7,-88,,3,64,,3
12:02:51,,3,4c851dead5bd7b2da066f81f61c03d5769b60dff1995986ebdb072b8be88f5e7,-90,,3,64,,3
12:02:51,26.0,3,a6b516527e90ec075ec0a4946447a44f45b7e06e04ab6013ce9390853eec10a3,-73,,3,64,,3
12:02:52,,3,4c851dead5bd7b2da066f81f61c03d5769b60dff1995986ebdb072b8be88f5e7,-87,,3,64,,3
12:02:53,26.0,3,d13b8ed062516bd516ac3a0d1167ea0e278c48e3dd5db941fae10049605c8114,-81,,3,64,7.0,3
12:02:54,26.0,3,91312b54fce9370fd0af3d6cd2fe8d709c96b44f36304ad3db6f28c0fe13ac5d,-76,,3,64,,3
12:02:55,26.0,3,3dfdf1e265725c37df46b5e35fc37a19cebbfa93ee06d2be9a35644ec5ff60cd,-89,,3,64,7.0,3
12:02:55,26.0,3,8ee1bafdbc6f3b79465c8eb163cc0e380a6cb89350d4991a22a49958e7b11d3a,-84,,3,64,7.0,3
12:02:56,,3,4c851dead5bd7b2da066f81f61c03d5769b60dff1995986ebdb072b8be88f5e7,-87,,3,64,,3
12:02:57,26.0,3,91312b54fce9370fd0af3d6cd2fe8d709c96b44f36304ad3db6f28c0fe13ac5d,-75,,3,64,,3
12:02:58,,3,8c1b8e7d1b96d67d005d7aac0e497874b492b138f4f82fec2eb39062762b7598,-73,,3,64,,3
12:02:58,,3,4c851dead5bd7b2da066f81f61c03d5769b60dff1995986ebdb072b8be88f5e7,-90,,3,64,,3
12:02:59,,3,4c851dead5bd7b2da066f81f61c03d5769b60dff1995986ebdb072b8be88f5e7,-89,,3,64,,3
12:03:00,26.0,3,91312b54fce9370fd0af3d6cd2fe8d709c96b44f36304ad3db6f28c0fe13ac5d,-83,,3,64,,3
12:03:01,26.0,3,3dfdf1e265725c37df46b5e35fc37a19cebbfa93ee06d2be9a35644ec5ff60cd,-79,,3,64,7.0,3
12:03:02,,3,4d721f1dd47827d09476ba30c802fdee55160a1c66d7bea67b1ec67d458b08c7,-71,,3,64,,3
12:03:02,26.0,3,a6b516527e90ec075ec0a4946447a44f45b7e06e04ab6013ce9390853eec10a3,-77,,3,64,,3
12:03:03,,3,4c851dead5bd7b2da066f81f61c03d5769b60dff1995986ebdb072b8be88f5e7,-86,,3,64,,3
12:03:04,,3,4c851dead5bd7b2da066f81f61c03d5769b60dff1995986ebdb072b8be88f5e7,-87,,3,64,,3
12:03:05,26.0,3,a6b516527e90ec075ec0a4946447a44f45b7e06e04ab6013ce9390853eec10a3,-83,,3,64,,3
12:03:06,,3,4d721f1dd47827d09476ba30c802fdee55160a1c66d7bea67b1ec67d458b08c7,-76,,3,64,,3
12:03:06,26.0,3,91312b54fce9370fd0af3d6cd2fe8d709c96b44f36304ad3db6f28c0fe13ac5d,-71,,3,64,,3
12:03:07,26.0,3,ffcf7b92cda8f625198e4d3d35313acd7cfb61db206dce3bb7ffb4e26c3dcaa4,-78,,3,64,12.0,3
12:03:08,26.0,3,3dfdf1e265725c37df46b5e35fc37a19cebbfa93ee06d2be9a35644ec5ff60cd,-83,,3,64,7.0,3
12:03:09,26.0,3,8ee1bafdbc6f3b79465c8eb163cc0e380a6cb89350d4991a22a49958e7b11d3a,-81,,3,64,7.0,3
12:03:10,26.0,3,8ee1bafdbc6f3b79465c8eb163cc0e380a6cb89350d4991a22a49958e7b11d3a,-85,,3,64,7.0,3
12:03:10,26.0,3,05991eeeafa475c9e9195d72a92f9759574c61753c2147cc81fa53e100cfba39,-77,,3,64,12.0,3
12:03:11,26.0,3,8ee1bafdbc6f3b79465c8eb163cc0e380a6cb89350d4991a22a49958e7b11d3a,-87,,3,64,7.0,3
12:03:12,,3,4c851dead5bd7b2da066f81f61c03d5769b60dff1995986ebdb072b8be88f5e7,-87,,3,64,,3
12:03:13,,3,4c851dead5bd7b2da066f81f61c03d5769b60dff1995986ebdb072b8be88f5e7,-89,,3,64,,3
12:03:14,,3,64e67738fe25afcef7e62afa36acd4b10a36a0c7b00fa398775adbaba609be10,-87,,3,64,,3
12:03:14,26.0,3,a6b516527e90ec075ec0a4946447a44f45b7e06e04ab6013ce9390853eec10a3,-75,,3,64,,3
12:03:15,26.0,3,d13b8ed062516bd516ac3a0d1167ea0e278c48e3dd5db941fae10049605c8114,-65,,3,64,7.0,3
12:03:16,,3,4c851dead5bd7b2da066f81f61c03d5769b60dff1995986ebdb072b8be88f5e7,-90,,3,64,,3
12:03:17,26.0,3,91312b54fce9370fd0af3d6cd2fe8d709c96b44f36304ad3db6f28c0fe13ac5d,-80,,3,64,,3
12:03:18,,3,64e67738fe25afcef7e62afa36acd4b10a36a0c7b00fa398775adbaba609be10,-86,,3,64,,3
12:03:18,,3,4c851dead5bd7b2da066f81f61c03d5769b60dff1995986ebdb072b8be88f5e7,-90,,3,64,,3
12:03:19,26.0,3,1c73af1332ea7fe1a6411bc662f0001111ef1fdbb0694a2d753e8a7d9b2fc7ba,-73,,3,64,2.0,3
12:03:20,,3,4c851dead5bd7b2da066f81f61c03d5769b60dff1995986ebdb072b8be88f5e7,-94,,3,64,,3
12:03:21,26.0,3,05991eeeafa475c9e9195d72a92f9759574c61753c2147cc81fa53e100cfba39,-72,,3,64,12.0,3
12:03:22,,3,4d721f1dd47827d09476ba30c802fdee55160a1c66d7bea67b1ec67d458b08c7,-72,,3,64,,3
12:03:23,,3,4c851dead5bd7b2da066f81f61c03d5769b60dff1995986ebdb072b8be88f5e7,-89,,3,64,,3
12:03:23,,3,4c851dead5bd7b2da066f81f61c03d5769b60dff1995986ebdb072b8be88f5e7,-90,,3,64,,3
12:03:24,,3,4c851dead5bd7b2da066f81f61c03d5769b60dff1995986ebdb072b8be88f5e7,-89,,3,64,,3
12:03:25,,3,354afcb884134543dc3babadcc46ccae7fc58ba7667e3d28d8b3474f05443dc8,-79,,3,64,,3
12:03:26,,3,4d721f1dd47827d09476ba30c802fdee55160a1c66d7bea67b1ec67d458b08c7,-71,,3,64,,3
12:03:26,,3,4c851dead5bd7b2da066f81f61c03d5769b60dff1995986ebdb072b8be88f5e7,-91,,3,64,,3
12:03:27,,3,4c851dead5bd7b2da066f81f61c03d5769b60dff1995986ebdb072b8be88f5e7,-79,,3,64,,3
12:03:28,,3,79dc8eb18eb54dd61ecd97fc5401d9c343e0dfab4bc79360b905bdab1924ed0c,-85,,3,64,,3
12:03:29,26.0,3,1c73af1332ea7fe1a6411bc662f0001111ef1fdbb0694a2d753e8a7d9b2fc7ba,-73,,3,64,2.0,3
12:03:30,,3,4c851dead5bd7b2da066f81f61c03d5769b60dff1995986ebdb072b8be88f5e7,-89,,3,64,,3
12:03:30,,3,4c851dead5bd7b2da066f81f61c03d5769b60dff1995986ebdb072b8be88f5e7,-86,,3,64,,3
12:03:31,,3,4c851dead5bd7b2da066f81f61c03d5769b60dff1995986ebdb072b8be88f5e7,-90,,3,64,,3
12:03:32,,3,37703fc58dd17517368340793c8be7fa3c0fa3c83efe62d1e4c6e6831bfb64b2,-78,,3,64,,3
12:03:33,,3,4c851dead5bd7b2da066f81f61c03d5769b60dff1995986ebdb072b8be88f5e7,-86,,3,64,,3
12:03:33,26.0,3,a6b516527e90ec075ec0a4946447a44f45b7e06e04ab6013ce9390853eec10a3,-75,,3,64,,3
12:03:34,26.0,3,ffcf7b92cda8f625198e4d3d35313acd7cfb61db206dce3bb7ffb4e26c3dcaa4,-77,,3,64,12.0,3
12:03:35,26.0,3,ffcf7b92cda8f625198e4d3d35313acd7cfb61db206dce3bb7ffb4e26c3dcaa4,-81,,3,64,12.0,3
12:03:36,26.0,3,d13b8ed062516bd516ac3a0d1167ea0e278c48e3dd5db941fae10049605c8114,-64,,3,64,7.0,3
12:03:37,26.0,3,91312b54fce9370fd0af3d6cd2fe8d709c96b44f36304ad3db6f28c0fe13ac5d,-81,,3,64,,3
12:03:38,26.0,3,91312b54fce9370fd0af3d6cd2fe8d709c96b44f36304ad3db6f28c0fe13ac5d,-83,,3,64,,3
12:03:38,,3,4c851dead5bd7b2da066f81f61c03d5769b60dff1995986ebdb072b8be88f5e7,-80,,3,64,,3
12:03:39,26.0,3,05991eeeafa475c9e9195d72a92f9759574c61753c2147cc81fa53e100cfba39,-72,,3,64,12.0,3
12:03:40,26.0,3,05991eeeafa475c9e9195d72a92f9759574c61753c2147cc81fa53e100cfba39,-74,,3,64,12.0,3
12:03:41,26.0,3,3dfdf1e265725c37df46b5e35fc37a19cebbfa93ee06d2be9a35644ec5ff60cd,-82,,3,64,7.0,3
12:03:42,26.0,3,05991eeeafa475c9e9195d72a92f9759574c61753c2147cc81fa53e100cfba39,-74,,3,64,12.0,3
12:03:42,26.0,3,ffcf7b92cda8f625198e4d3d35313acd7cfb61db206dce3bb7ffb4e26c3dcaa4,-85,,3,64,12.0,3
12:03:43,26.0,3,a6b516527e90ec075ec0a4946447a44f45b7e06e04ab6013ce9390853eec10a3,-81,,3,64,,3
12:03:44,26.0,3,d13b8ed062516bd516ac3a0d1167ea0e278c48e3dd5db941fae10049605c8114,-76,,3,64,7.0,3
12:03:45,26.0,3,d13b8ed062516bd516ac3a0d1167ea0e278c48e3dd5db941fae10049605c8114,-75,,3,64,7.0,3
12:03:46,,3,bac98955d46f366ac43a4e4e0a930d234199b953adbe6bd86bd130ffb8081f4b,-75,,3,64,,3
12:03:46,26.0,3,ffcf7b92cda8f625198e4d3d35313acd7cfb61db206dce3bb7ffb4e26c3dcaa4,-77,,3,64,12.0,3
12:03:47,26.0,3,3dfdf1e265725c37df46b5e35fc37a19cebbfa93ee06d2be9a35644ec5ff60cd,-80,,3,64,7.0,3
12:03:48,,3,79dc8eb18eb54dd61ecd97fc5401d9c343e0dfab4bc79360b905bdab1924ed0c,-86,,3,64,,3
12:03:49,26.0,3,8ee1bafdbc6f3b79465c8eb163cc0e380a6cb89350d4991a22a49958e7b11d3a,-85,,3,64,7.0,3
12:03:50,,3,4c851dead5bd7b2da066f81f61c03d5769b60dff1995986ebdb072b8be88f5e7,-89,,3,64,,3
12:03:50,26.0,3,8ee1bafdbc6f3b79465c8eb163cc0e380a6cb89350d4991a22a49958e7b11d3a,-85,,3,64,7.0,3
12:03:51,26.0,3,d13b8ed062516bd516ac3a0d1167ea0e278c48e3dd5db941fae10049605c8114,-67,,3,64,7.0,3
12:03:52,26.0,3,d13b8ed062516bd516ac3a0d1167ea0e278c48e3dd5db941fae10049605c8114,-75,,3,64,7.0,3
12:03:53,26.0,3,a6b516527e90ec075ec0a4946447a44f45b7e06e04ab6013ce9390853eec10a3,-89,,3,64,,3
12:03:54,26.0,3,a6b516527e90ec075ec0a4946447a44f45b7e06e04ab6013ce9390853eec10a3,-74,,3,64,,3
12:03:54,,3,4c851dead5bd7b2da066f81f61c03d5769b60dff1995986ebdb072b8be88f5e7,-88,,3,64,,3
12:03:55,,3,4c851dead5bd7b2da066f81f61c03d5769b60dff1995986ebdb072b8be88f5e7,-89,,3,64,,3
12:03:56,,3,4c851dead5bd7b2da066f81f61c03d5769b60dff1995986ebdb072b8be88f5e7,-80,,3,64,,3
12:03:57,26.0,3,1c73af1332ea7fe1a6411bc662f0001111ef1fdbb0694a2d753e8a7d9b2fc7ba,-71,,3,64,,3
12:03:58,26.0,3,05991eeeafa475c9e9195d72a92f9759574c61753c2147cc81fa53e100cfba39,-74,,3,64,12.0,3
12:03:58,26.0,3,1c73af1332ea7fe1a6411bc662f0001111ef1fdbb0694a2d753e8a7d9b2fc7ba,-72,,3,64,,3
12:03:59,26.0,3,d13b8ed062516bd516ac3a0d1167ea0e278c48e3dd5db941fae10049605c8114,-65,,3,64,7.0,3
12:04:00,26.0,3,ffcf7b92cda8f625198e4d3d35313acd7cfb61db206dce3bb7ffb4e26c3dcaa4,-74,,3,64,12.0,3
12:04:01,26.0,3,91312b54fce9370fd0af3d6cd2fe8d709c96b44f36304ad3db6f28c0fe13ac5d,-88,,3,64,,3
12:04:02,26.0,3,05991eeeafa475c9e9195d72a92f9759574c61753c2147cc81fa53e100cfba39,-71,,3,64,12.0,3
12:04:02,26.0,3,3dfdf1e265725c37df46b5e35fc37a19cebbfa93ee06d2be9a35644ec5ff60cd,-90,,3,64,7.0,3
12:04:03,26.0,3,ffcf7b92cda8f625198e4d3d35313acd7cfb61db206dce3bb7ffb4e26c3dcaa4,-80,,3,64,12.0,3
12:04:04,26.0,3,91312b54fce9370fd0af3d6cd2fe8d709c96b44f36304ad3db6f28c0fe13ac5d,-71,,3,64,,3
12:04:05,26.0,3,a6b516527e90ec075ec0a4946447a44f45b7e06e04ab6013ce9390853eec10a3,-78,,3,64,,3
12:04:06,,3,4d721f1dd47827d09476ba30c802fdee55160a1c66d7bea67b1ec67d458b08c7,-75,,3,64,,3
12:04:06,,3,4c851dead5bd7b2da066f81f61c03d5769b60dff1995986ebdb072b8be88f5e7,-87,,3,64,,3
12:04:07,26.0,3,a6b516527e90ec075ec0a4946447a44f45b7e06e04ab6013ce9390853eec10a3,-86,,3,64,,3
12:04:08,26.0,3,d13b8ed062516bd516ac3a0d1167ea0e278c48e3dd5db941fae10049605c8114,-85,,3,64,7.0,3
12:04:09,26.0,3,d13b8ed062516bd516ac3a0d1167ea0e278c48e3dd5db941fae10049605c8114,-65,,3,64,7.0,3
12:04:10,,3,4c851dead5bd7b2da066f81f61c03d5769b60dff1995986ebdb072b8be88f5e7,-81,,3,64,,3
12:04:10,26.0,3,8ee1bafdbc6f3b79465c8eb163cc0e380a6cb89350d4991a22a49958e7b11d3a,-83,,3,64,7.0,3
12:04:11,26.0,3,ffcf7b92cda8f625198e4d3d35313acd7cfb61db206dce3bb7ffb4e26c3dcaa4,-77,,3,64,12.0,3
12:04:12,,3,4c851dead5bd7b2da066f81f61c03d5769b60dff1995986ebdb072b8be88f5e7,-82,,3,64,,3
12:04:13,26.0,3,91312b54fce9370fd0af3d6cd2fe8d709c96b44f36304ad3db6f28c0fe13ac5d,-76,,3,64,,3
12:04:14,26.0,3,ffcf7b92cda8f625198e4d3d35313acd7cfb61db206dce3bb7ffb4e26c3dcaa4,-75,,3,64,12.0,3
12:04:14,26.0,3,05991eeeafa475c9e9195d72a92f9759574c61753c2147cc81fa53e100cfba39,-78,,3,64,12.0,3
12:04:15,26.0,3,3dfdf1e265725c37df46b5e35fc37a19cebbfa93ee06d2be9a35644ec5ff60cd,-81,,3,64,7.0,3
12:04:16,26.0,3,ffcf7b92cda8f625198e4d3d35313acd7cfb61db206dce3bb7ffb4e26c3dcaa4,-70,,3,64,12.0,3
12:04:17,26.0,3,ffcf7b92cda8f625198e4d3d35313acd7cfb61db206dce3bb7ffb4e26c3dcaa4,-81,,3,64,12.0,3
12:04:18,26.0,3,d13b8ed062516bd516ac3a0d1167ea0e278c48e3dd5db941fae10049605c8114,-83,,3,64,7.0,3
12:04:18,,3,4d721f1dd47827d09476ba30c802fdee55160a1c66d7bea67b1ec67d458b08c7,-73,,3,64,,3
12:04:19,26.0,3,05991eeeafa475c9e9195d72a92f9759574c61753c2147cc81fa53e100cfba39,-76,,3,64,12.0,3
12:04:20,26.0,3,a6b516527e90ec075ec0a4946447a44f45b7e06e04ab6013ce9390853eec10a3,-73,,3,64,,3
12:04:21,,3,4c851dead5bd7b2da066f81f61c03d5769b60dff1995986ebdb072b8be88f5e7,-82,,3,64,,3
12:04:22,26.0,3,8ee1bafdbc6f3b79465c8eb163cc0e380a6cb89350d4991a22a49958e7b11d3a,-86,,3,64,7.0,3
12:04:22,,3,4d721f1dd47827d09476ba30c802fdee55160a1c66d7bea67b1ec67d458b08c7,-76,,3,64,,3
12:04:23,,3,4c851dead5bd7b2da066f81f61c03d5769b60dff1995986ebdb072b8be88f5e7,-84,,3,64,,3
12:04:24,26.0,3,ffcf7b92cda8f625198e4d3d35313acd7cfb61db206dce3bb7ffb4e26c3dcaa4,-84,,3,64,,3
12:04:25,,3,4c851dead5bd7b2da066f81f61c03d5769b60dff1995986ebdb072b8be88f5e7,-82,,3,64,,3
12:04:26,,3,4d721f1dd47827d09476ba30c802fdee55160a1c66d7bea67b1ec67d458b08c7,-78,,3,64,,3
12:04:26,,3,4c851dead5bd7b2da066f81f61c03d5769b60dff1995986ebdb072b8be88f5e7,-89,,3,64,,3
12:04:27,26.0,3,8ee1bafdbc6f3b79465c8eb163cc0e380a6cb89350d4991a22a49958e7b11d3a,-85,,3,64,7.0,3
12:04:28,26.0,3,3dfdf1e265725c37df46b5e35fc37a19cebbfa93ee06d2be9a35644ec5ff60cd,-80,,3,64,7.0,3
12:04:29,26.0,3,05991eeeafa475c9e9195d72a92f9759574c61753c2147cc81fa53e100cfba39,-78,,3,64,12.0,3
12:04:30,26.0,3,a6b516527e90ec075ec0a4946447a44f45b7e06e04ab6013ce9390853eec10a3,-77,,3,64,,3
12:04:30,26.0,3,05991eeeafa475c9e9195d72a92f9759574c61753c2147cc81fa53e100cfba39,-73,,3,64,12.0,3
12:04:31,,3,4c851dead5bd7b2da066f81f61c03d5769b60dff1995986ebdb072b8be88f5e7,-87,,3,64,,3
12:04:32,26.0,3,1c73af1332ea7fe1a6411bc662f0001111ef1fdbb0694a2d753e8a7d9b2fc7ba,-73,,3,64,,3
12:04:33,26.0,3,91312b54fce9370fd0af3d6cd2fe8d709c96b44f36304ad3db6f28c0fe13ac5d,-90,,3,64,,3
12:04:34,,3,4c851dead5bd7b2da066f81f61c03d5769b60dff1995986ebdb072b8be88f5e7,-82,,3,64,,3
12:04:34,26.0,3,ffcf7b92cda8f625198e4d3d35313acd7cfb61db206dce3bb7ffb4e26c3dcaa4,-80,,3,64,,3
12:04:35,26.0,3,3dfdf1e265725c37df46b5e35fc37a19cebbfa93ee06d2be9a35644ec5ff60cd,-79,,3,64,7.0,3
12:04:36,,3,4c851dead5bd7b2da066f81f61c03d5769b60dff1995986ebdb072b8be88f5e7,-82,,3,64,,3
12:04:37,,3,4d721f1dd47827d09476ba30c802fdee55160a1c66d7bea67b1ec67d458b08c7,-78,,3,64,,3
12:04:38,26.0,3,ffcf7b92cda8f625198e4d3d35313acd7cfb61db206dce3bb7ffb4e26c3dcaa4,-81,,3,64,,3
12:04:38,,3,4c851dead5bd7b2da066f81f61c03d5769b60dff1995986ebdb072b8be88f5e7,-82,,3,64,,3
12:04:39,,3,4c851dead5bd7b2da066f81f61c03d5769b60dff1995986ebdb072b8be88f5e7,-80,,3,64,,3
12:04:40,26.0,3,a6b516527e90ec075ec0a4946447a44f45b7e06e04ab6013ce9390853eec10a3,-78,,3,64,,3
12:04:41,26.0,3,ffcf7b92cda8f625198e4d3d35313acd7cfb61db206dce3bb7ffb4e26c3dcaa4,-82,,3,64,,3
12:04:42,26.0,3,ffcf7b92cda8f625198e4d3d35313acd7cfb61db206dce3bb7ffb4e26c3dcaa4,-87,,3,64,,3
12:04:42,26.0,3,1c73af1332ea7fe1a6411bc662f0001111ef1fdbb0694a2d753e8a7d9b2fc7ba,-71,,3,64,,3
12:04:43,26.0,3,1c73af1332ea7fe1a6411bc662f0001111ef1fdbb0694a2d753e8a7d9b2fc7ba,-76,,3,64,,3
12:04:44,26.0,3,3dfdf1e265725c37df46b5e35fc37a19cebbfa93ee06d2be9a35644ec5ff60cd,-84,,3,64,7.0,3
12:04:45,26.0,3,8ee1bafdbc6f3b79465c8eb163cc0e380a6cb89350d4991a22a49958e7b11d3a,-91,,3,64,7.0,3
12:04:45,,3,4c851dead5bd7b2da066f81f61c03d5769b60dff1995986ebdb072b8be88f5e7,-89,,3,64,,3
12:04:46,26.0,3,91312b54fce9370fd0af3d6cd2fe8d709c96b44f36304ad3db6f28c0fe13ac5d,-76,,3,64,,3
12:04:47,26.0,3,8ee1bafdbc6f3b79465c8eb163cc0e380a6cb89350d4991a22a49958e7b11d3a,-89,,3,64,7.0,3
12:04:48,,3,64e67738fe25afcef7e62afa36acd4b10a36a0c7b00fa398775adbaba609be10,-83,,3,64,,3
12:04:49,,3,4c851dead5bd7b2da066f81f61c03d5769b60dff1995986ebdb072b8be88f5e7,-93,,3,64,,3
12:04:49,,3,4c851dead5bd7b2da066f81f61c03d5769b60dff1995986ebdb072b8be88f5e7,-91,,3,64,,3
12:04:50,26.0,3,d13b8ed062516bd516ac3a0d1167ea0e278c48e3dd5db941fae10049605c8114,-83,,3,64,7.0,3
12:04:51,26.0,3,3dfdf1e265725c37df46b5e35fc37a19cebbfa93ee06d2be9a35644ec5ff60cd,-79,,3,64,7.0,3
12:04:52,,3,4c851dead5bd7b2da066f81f61c03d5769b60dff1995986ebdb072b8be88f5e7,-90,,3,64,,3
12:04:53,26.0,3,8ee1bafdbc6f3b79465c8eb163cc0e380a6cb89350d4991a22a49958e7b11d3a,-85,,3,64,7.0,3
12:04:53,26.0,3,a6b516527e90ec075ec0a4946447a44f45b7e06e04ab6013ce9390853eec10a3,-74,,3,64,,3
12:04:54,26.0,3,91312b54fce9370fd0af3d6cd2fe8d709c96b44f36304ad3db6f28c0fe13ac5d,-78,,3,64,,3
12:04:55,,3,4c851dead5bd7b2da066f81f61c03d5769b60dff1995986ebdb072b8be88f5e7,-90,,3,64,,3
12:04:56,,3,4c851dead5bd7b2da066f81f61c03d5769b60dff1995986ebdb072b8be88f5e7,-88,,3,64,,3
12:04:57,26.0,3,91312b54fce9370fd0af3d6cd2fe8d709c96b44f36304ad3db6f28c0fe13ac5d,-76,,3,64,,3
12:04:57,26.0,3,05991eeeafa475c9e9195d72a92f9759574c61753c2147cc81fa53e100cfba39,-74,,3,64,12.0,3
12:04:58,26.0,3,d13b8ed062516bd516ac3a0d1167ea0e278c48e3dd5db941fae10049605c8114,-70,,3,64,7.0,3
12:04:59,26.0,3,d13b8ed062516bd516ac3a0d1167ea0e278c48e3dd5db941fae10049605c8114,-74,,3,64,7.0,3
12:05:00,26.0,3,05991eeeafa475c9e9195d72a92f9759574c61753c2147cc81fa53e100cfba39,-72,,3,64,12.0,3
12:05:01,26.0,3,ffcf7b92cda8f625198e4d3d35313acd7cfb61db206dce3bb7ffb4e26c3dcaa4,-87,,3,64,12.0,3
12:05:01,26.0,3,05991eeeafa475c9e9195d72a92f9759574c61753c2147cc81fa53e100cfba39,-71,,3,64,12.0,3
12:05:02,26.0,3,05991eeeafa475c9e9195d72a92f9759574c61753c2147cc81fa53e100cfba39,-73,,3,64,12.0,3
12:05:03,26.0,3,ffcf7b92cda8f625198e4d3d35313acd7cfb61db206dce3bb7ffb4e26c3dcaa4,-88,,3,64,12.0,3
12:05:04,,3,4c851dead5bd7b2da066f81f61c03d5769b60dff1995986ebdb072b8be88f5e7,-88,,3,64,,3
12:05:05,26.0,3,a6b516527e90ec075ec0a4946447a44f45b7e06e04ab6013ce9390853eec10a3,-78,,3,64,,3
12:05:05,26.0,3,a6b516527e90ec075ec0a4946447a44f45b7e06e04ab6013ce9390853eec10a3,-83,,3,64,,3
12:05:06,26.0,3,8ee1bafdbc6f3b79465c8eb163cc0e380a6cb89350d4991a22a49958e7b11d3a,-81,,3,64,7.0,3
12:05:07,,3,354afcb884134543dc3babadcc46ccae7fc58ba7667e3d28d8b3474f05443dc8,-81,,3,64,,3
12:05:08,,3,4c851dead5bd7b2da066f81f61c03d5769b60dff1995986ebdb072b8be88f5e7,-86,,3,64,,3
12:05:09,26.0,3,ffcf7b92cda8f625198e4d3d35313acd7cfb61db206dce3bb7ffb4e26c3dcaa4,-89,,3,64,12.0,3
12:05:09,26.0,3,91312b54fce9370fd0af3d6cd2fe8d709c96b44f36304ad3db6f28c0fe13ac5d,-77,,3,64,,3
12:05:10,26.0,3,ffcf7b92cda8f625198e4d3d35313acd7cfb61db206dce3bb7ffb4e26c3dcaa4,-82,,3,64,12.0,3
12:05:11,,3,354afcb884134543dc3babadcc46ccae7fc58ba7667e3d28d8b3474f05443dc8,-81,,3,64,,3
12:05:12,26.0,3,ffcf7b92cda8f625198e4d3d35313acd7cfb61db206dce3bb7ffb4e26c3dcaa4,-81,,3,64,12.0,3
12:05:13,,3,4c851dead5bd7b2da066f81f61c03d5769b60dff1995986ebdb072b8be88f5e7,-88,,3,64,,3
12:05:13,26.0,3,3dfdf1e265725c37df46b5e35fc37a19cebbfa93ee06d2be9a35644ec5ff60cd,-76,,3,64,7.0,3
12:05:14,,3,4c851dead5bd7b2da066f81f61c03d5769b60dff1995986ebdb072b8be88f5e7,-88,,3,64,,3
12:05:15,26.0,3,d13b8ed062516bd516ac3a0d1167ea0e278c48e3dd5db941fae10049605c8114,-75,,3,64,7.0,3
12:05:16,26.0,3,1c73af1332ea7fe1a6411bc662f0001111ef1fdbb0694a2d753e8a7d9b2fc7ba,-71,,3,64,,3
12:05:17,26.0,3,91312b54fce9370fd0af3d6cd2fe8d709c96b44f36304ad3db6f28c0fe13ac5d,-71,,3,64,,3
12:05:17,26.0,3,a6b516527e90ec075ec0a4946447a44f45b7e06e04ab6013ce9390853eec10a3,-78,,3,64,,3
12:05:18,,3,4c851dead5bd7b2da066f81f61c03d5769b60dff1995986ebdb072b8be88f5e7,-85,,3,64,,3
12:05:19,26.0,3,91312b54fce9370fd0af3d6cd2fe8d709c96b44f36304ad3db6f28c0fe13ac5d,-70,,3,64,,3
12:05:20,26.0,3,05991eeeafa475c9e9195d72a92f9759574c61753c2147cc81fa53e100cfba39,-77,,3,64,12.0,3
12:05:21,26.0,3,a6b516527e90ec075ec0a4946447a44f45b7e06e04ab6013ce9390853eec10a3,-78,,3,64,,3
12:05:21,26.0,3,8ee1bafdbc6f3b79465c8eb163cc0e380a6cb89350d4991a22a49958e7b11d3a,-83,,3,64,7.0,3
12:05:22,26.0,3,d13b8ed062516bd516ac3a0d1167ea0e278c48e3dd5db941fae10049605c8114,-70,,3,64,7.0,3
12:05:23,,3,4c851dead5bd7b2da066f81f61c03d5769b60dff1995986ebdb072b8be88f5e7,-87,,3,64,,3
12:05:24,26.0,3,ffcf7b92cda8f625198e4d3d35313acd7cfb61db206dce3bb7ffb4e26c3dcaa4,-72,,3,64,12.0,3
12:05:25,,3,4c851dead5bd7b2da066f81f61c03d5769b60dff1995986ebdb072b8be88f5e7,-81,,3,64,,3
12:05:25,,3,4c851dead5bd7b2da066f81f61c03d5769b60dff1995986ebdb072b8be88f5e7,-90,,3,64,,3
12:05:26,26.0,3,05991eeeafa475c9e9195d72a92f9759574c61753c2147cc81fa53e100cfba39,-64,,3,64,12.0,3
12:05:27,26.0,3,d13b8ed062516bd516ac3a0d1167ea0e278c48e3dd5db941fae10049605c8114,-71,,3,64,7.0,3
12:05:28,,3,4c851dead5bd7b2da066f81f61c03d5769b60dff1995986ebdb072b8be88f5e7,-92,,3,64,,3
12:05:29,,3,4d721f1dd47827d09476ba30c802fdee55160a1c66d7bea67b1ec67d458b08c7,-71,,3,64,,3
12:05:29,26.0,3,1c73af1332ea7fe1a6411bc662f0001111ef1fdbb0694a2d753e8a7d9b2fc7ba,-73,,3,64,,3
12:05:30,26.0,3,d13b8ed062516bd516ac3a0d1167ea0e278c48e3dd5db941fae10049605c8114,-70,,3,64,7.0,3
12:05:31,,3,4c851dead5bd7b2da066f81f61c03d5769b60dff1995986ebdb072b8be88f5e7,-90,,3,64,,3
12:05:32,,3,4c851dead5bd7b2da066f81f61c03d5769b60dff1995986ebdb072b8be88f5e7,-90,,3,64,,3
12:05:33,26.0,3,a6b516527e90ec075ec0a4946447a44f45b7e06e04ab6013ce9390853eec10a3,-83,,3,64,,3
12:05:33,,3,4c851dead5bd7b2da066f81f61c03d5769b60dff1995986ebdb072b8be88f5e7,-88,,3,64,,3
12:05:34,26.0,3,a6b516527e90ec075ec0a4946447a44f45b7e06e04ab6013ce9390853eec10a3,-83,,3,64,,3
12:05:35,26.0,3,ffcf7b92cda8f625198e4d3d35313acd7cfb61db206dce3bb7ffb4e26c3dcaa4,-78,,3,64,12.0,3
12:05:36,26.0,3,ffcf7b92cda8f625198e4d3d35313acd7cfb61db206dce3bb7ffb4e26c3dcaa4,-77,,3,64,12.0,3
12:05:37,26.0,3,3dfdf1e265725c37df46b5e35fc37a19cebbfa93ee06d2be9a35644ec5ff60cd,-77,,3,64,7.0,3
12:05:37,,3,4c851dead5bd7b2da066f81f61c03d5769b60dff1995986ebdb072b8be88f5e7,-92,,3,64,,3
12:05:38,,3,4c851dead5bd7b2da066f81f61c03d5769b60dff1995986ebdb072b8be88f5e7,-84,,3,64,,3
12:05:39,,3,4c851dead5bd7b2da066f81f61c03d5769b60dff1995986ebdb072b8be88f5e7,-86,,3,64,,3
12:05:40,26.0,3,3dfdf1e265725c37df46b5e35fc37a19cebbfa93ee06d2be9a35644ec5ff60cd,-77,,3,64,7.0,3
12:05:41,26.0,3,05991eeeafa475c9e9195d72a92f9759574c61753c2147cc81fa53e100cfba39,-76,,3,64,12.0,3
12:05:41,,3,4c851dead5bd7b2da066f81f61c03d5769b60dff1995986ebdb072b8be88f5e7,-83,,3,64,,3
12:05:42,26.0,3,05991eeeafa475c9e9195d72a92f9759574c61753c2147cc81fa53e100cfba39,-72,,3,64,12.0,3
12:05:43,26.0,3,8ee1bafdbc6f3b79465c8eb163cc0e380a6cb89350d4991a22a49958e7b11d3a,-94,,3,64,7.0,3
12:05:44,26.0,3,3dfdf1e265725c37df46b5e35fc37a19cebbfa93ee06d2be9a35644ec5ff60cd,-85,,3,64,7.0,3
12:05:44,26.0,3,a6b516527e90ec075ec0a4946447a44f45b7e06e04ab6013ce9390853eec10a3,-76,,3,64,,3
12:05:45,26.0,3,8ee1bafdbc6f3b79465c8eb163cc0e380a6cb89350d4991a22a49958e7b11d3a,-88,,3,64,7.0,3
12:05:46,26.0,3,91312b54fce9370fd0af3d6cd2fe8d709c96b44f36304ad3db6f28c0fe13ac5d,-87,,3,64,,3
12:05:47,,3,4c851dead5bd7b2da066f81f61c03d5769b60dff1995986ebdb072b8be88f5e7,-90,,3,64,,3
12:05:48,26.0,3,05991eeeafa475c9e9195d72a92f9759574c61753c2147cc81fa53e100cfba39,-70,,3,64,12.0,3
12:05:48,26.0,3,05991eeeafa475c9e9195d72a92f9759574c61753c2147cc81fa53e100cfba39,-73,,3,64,12.0,3
12:05:49,26.0,3,d13b8ed062516bd516ac3a0d1167ea0e278c48e3dd5db941fae10049605c8114,-65,,3,64,7.0,3
12:05:50,26.0,3,91312b54fce9370fd0af3d6cd2fe8d709c96b44f36304ad3db6f28c0fe13ac5d,-71,,3,64,,3
12:05:51,,3,4c851dead5bd7b2da066f81f61c03d5769b60dff1995986ebdb072b8be88f5e7,-90,,3,64,,3
12:05:52,26.0,3,91312b54fce9370fd0af3d6cd2fe8d709c96b44f36304ad3db6f28c0fe13ac5d,-73,,3,64,,3
12:05:52,26.0,3,3dfdf1e265725c37df46b5e35fc37a19cebbfa93ee06d2be9a35644ec5ff60cd,-84,,3,64,7.0,3
12:05:53,26.0,3,d13b8ed062516bd516ac3a0d1167ea0e278c48e3dd5db941fae10049605c8114,-81,,3,64,7.0,3
12:05:54,,3,64e67738fe25afcef7e62afa36acd4b10a36a0c7b00fa398775adbaba609be10,-89,,3,64,,3
12:05:55,,3,4c851dead5bd7b2da066f81f61c03d5769b60dff1995986ebdb072b8be88f5e7,-87,,3,64,,3
12:05:56,26.0,3,91312b54fce9370fd0af3d6cd2fe8d709c96b44f36304ad3db6f28c0fe13ac5d,-86,,3,64,,3
12:05:56,26.0,3,d13b8ed062516bd516ac3a0d1167ea0e278c48e3dd5db941fae10049605c8114,-87,,3,64,7.0,3
12:05:57,26.0,3,1c73af1332ea7fe1a6411bc662f0001111ef1fdbb0694a2d753e8a7d9b2fc7ba,-76,,3,64,,3
12:05:58,,3,bac98955d46f366ac43a4e4e0a930d234199b953adbe6bd86bd130ffb8081f4b,-73,,3,64,,3
12:05:59,,3,4c851dead5bd7b2da066f81f61c03d5769b60dff1995986ebdb072b8be88f5e7,-95,,3,64,,3
12:06:00,26.0,3,05991eeeafa475c9e9195d72a92f9759574c61753c2147cc81fa53e100cfba39,-69,,3,64,12.0,3
12:06:00,,3,4c851dead5bd7b2da066f81f61c03d5769b60dff1995986ebdb072b8be88f5e7,-89,,3,64,,3
12:06:01,26.0,3,05991eeeafa475c9e9195d72a92f9759574c61753c2147cc81fa53e100cfba39,-74,,3,64,12.0,3
12:06:02,,3,4c851dead5bd7b2da066f81f61c03d5769b60dff1995986ebdb072b8be88f5e7,-92,,3,64,,3
12:06:03,26.0,3,05991eeeafa475c9e9195d72a92f9759574c61753c2147cc81fa53e100cfba39,-74,,3,64,12.0,3
12:06:04,26.0,3,05991eeeafa475c9e9195d72a92f9759574c61753c2147cc81fa53e100cfba39,-75,,3,64,12.0,3
12:06:04,26.0,3,1c73af1332ea7fe1a6411bc662f0001111ef1fdbb0694a2d753e8a7d9b2fc7ba,-71,,3,64,,3
12:06:05,,3,4c851dead5bd7b2da066f81f61c03d5769b60dff1995986ebdb072b8be88f5e7,-91,,3,64,,3
12:06:06,26.0,3,ffcf7b92cda8f625198e4d3d35313acd7cfb61db206dce3bb7ffb4e26c3dcaa4,-88,,3,64,12.0,3
12:06:07,26.0,3,1c73af1332ea7fe1a6411bc662f0001111ef1fdbb0694a2d753e8a7d9b2fc7ba,-74,,3,64,,3
12:06:08,26.0,3,3dfdf1e265725c37df46b5e35fc37a19cebbfa93ee06d2be9a35644ec5ff60cd,-87,,3,64,7.0,3
12:06:08,,3,4c851dead5bd7b2da066f81f61c03d5769b60dff1995986ebdb072b8be88f5e7,-90,,3,64,,3
12:06:09,26.0,3,d13b8ed062516bd516ac3a0d1167ea0e278c48e3dd5db941fae10049605c8114,-71,,3,64,7.0,3
12:06:10,26.0,3,a6b516527e90ec075ec0a4946447a44f45b7e06e04ab6013ce9390853eec10a3,-86,,3,64,,3
12:06:11,26.0,3,1c73af1332ea7fe1a6411bc662f0001111ef1fdbb0694a2d753e8a7d9b2fc7ba,-83,,3,64,,3
12:06:12,26.0,3,a6b516527e90ec075ec0a4946447a44f45b7e06e04ab6013ce9390853eec10a3,-78,,3,64,,3
12:06:12,,3,4c851dead5bd7b2da066f81f61c03d5769b60dff1995986ebdb072b8be88f5e7,-91,,3,64,,3
12:06:13,,3,4c851dead5bd7b2da066f81f61c03d5769b60dff1995986ebdb072b8be88f5e7,-85,,3,64,,3
12:06:14,26.0,3,05991eeeafa475c9e9195d72a92f9759574c61753c2147cc81fa53e100cfba39,-68,,3,64,12.0,3
12:06:15,26.0,3,a6b516527e90ec075ec0a4946447a44f45b7e06e04ab6013ce9390853eec10a3,-79,,3,64,,3
12:06:16,26.0,3,91312b54fce9370fd0af3d6cd2fe8d709c96b44f36304ad3db6f28c0fe13ac5d,-82,,3,64,,3
12:06:16,26.0,3,91312b54fce9370fd0af3d6cd2fe8d709c96b44f36304ad3db6f28c0fe13ac5d,-82,,3,64,,3
12:06:17,26.0,3,d13b8ed062516bd516ac3a0d1167ea0e278c48e3dd5db941fae10049605c8114,-71,,3,64,7.0,3
12:06:18,26.0,3,00b57b5f3bf85942473d080b069977aee76dcb498b38ecfe604ff29328195f68,-85,,3,64,12.0,3
12:06:19,,3,4c851dead5bd7b2da066f81f61c03d5769b60dff1995986ebdb072b8be88f5e7,-85,,3,64,,3
12:06:20,26.0,3,ffcf7b92cda8f625198e4d3d35313acd7cfb61db206dce3bb7ffb4e26c3dcaa4,-87,,3,64,,3
12:06:20,26.0,3,ffcf7b92cda8f625198e4d3d35313acd7cfb61db206dce3bb7ffb4e26c3dcaa4,-78,,3,64,,3
12:06:21,,3,354afcb884134543dc3babadcc46ccae7fc58ba7667e3d28d8b3474f05443dc8,-83,,3,64,,3
12:06:22,,3,8c1b8e7d1b96d67d005d7aac0e497874b492b138f4f82fec2eb39062762b7598,-86,,3,64,,3
12:06:23,26.0,3,3dfdf1e265725c37df46b5e35fc37a19cebbfa93ee06d2be9a35644ec5ff60cd,-85,,3,64,7.0,3
12:06:24,26.0,3,ffcf7b92cda8f625198e4d3d35313acd7cfb61db206dce3bb7ffb4e26c3dcaa4,-74,,3,64,,3
12:06:24,,3,4c851dead5bd7b2da066f81f61c03d5769b60dff1995986ebdb072b8be88f5e7,-90,,3,64,,3
12:06:25,,3,354afcb884134543dc3babadcc46ccae7fc58ba7667e3d28d8b3474f05443dc8,-81,,3,64,,3
12:06:26,,3,8c1b8e7d1b96d67d005d7aac0e497874b492b138f4f82fec2eb39062762b7598,-80,,3,64,,3
12:06:27,,3,4c851dead5bd7b2da066f81f61c03d5769b60dff1995986ebdb072b8be88f5e7,-87,,3,64,,3
12:06:28,26.0,3,8ee1bafdbc6f3b79465c8eb163cc0e380a6cb89350d4991a22a49958e7b11d3a,-91,,3,64,7.0,3
12:06:28,26.0,3,1c73af1332ea7fe1a6411bc662f0001111ef1fdbb0694a2d753e8a7d9b2fc7ba,-71,,3,64,,3
12:06:29,,3,354afcb884134543dc3babadcc46ccae7fc58ba7667e3d28d8b3474f05443dc8,-84,,3,64,,3
12:06:30,,3,8c1b8e7d1b96d67d005d7aac0e497874b492b138f4f82fec2eb39062762b7598,-72,,3,64,,3
12:06:31,26.0,3,ffcf7b92cda8f625198e4d3d35313acd7cfb61db206dce3bb7ffb4e26c3dcaa4,-73,,3,64,,3
12:06:32,26.0,3,91312b54fce9370fd0af3d6cd2fe8d709c96b44f36304ad3db6f28c0fe13ac5d,-83,,3,64,,3
12:06:32,26.0,3,a6b516527e90ec075ec0a4946447a44f45b7e06e04ab6013ce9390853eec10a3,-81,,3,64,,3
12:06:33,,3,354afcb884134543dc3babadcc46ccae7fc58ba7667e3d28d8b3474f05443dc8,-84,,3,64,,3
12:06:34,26.0,3,8ee1bafdbc6f3b79465c8eb163cc0e380a6cb89350d4991a22a49958e7b11d3a,-88,,3,64,7.0,3
12:06:35,26.0,3,a6b516527e90ec075ec0a4946447a44f45b7e06e04ab6013ce9390853eec10a3,-74,,3,64,,3
12:06:36,26.0,3,91312b54fce9370fd0af3d6cd2fe8d709c96b44f36304ad3db6f28c0fe13ac5d,-71,,3,64,,3
12:06:36,26.0,3,ffcf7b92cda8f625198e4d3d35313acd7cfb61db206dce3bb7ffb4e26c3dcaa4,-80,,3,64,,3
12:06:37,26.0,3,ffcf7b92cda8f625198e4d3d35313acd7cfb61db206dce3bb7ffb4e26c3dcaa4,-73,,3,64,,3
12:06:38,26.0,3,3dfdf1e265725c37df46b5e35fc37a19cebbfa93ee06d2be9a35644ec5ff60cd,-78,,3,64,7.0,3
12:06:39,26.0,3,05991eeeafa475c9e9195d72a92f9759574c61753c2147cc81fa53e100cfba39,-74,,3,64,12.0,3
12:06:40,26.0,3,a6b516527e90ec075ec0a4946447a44f45b7e06e04ab6013ce9390853eec10a3,-74,,3,64,,3
12:06:40,26.0,3,d13b8ed062516bd516ac3a0d1167ea0e278c48e3dd5db941fae10049605c8114,-73,,3,64,7.0,3
12:06:41,26.0,3,a6b516527e90ec075ec0a4946447a44f45b7e06e04ab6013ce9390853eec10a3,-73,,3,64,,3
12:06:42,,3,4c851dead5bd7b2da066f81f61c03d5769b60dff1995986ebdb072b8be88f5e7,-90,,3,64,,3
12:06:43,26.0,3,8ee1bafdbc6f3b79465c8eb163cc0e380a6cb89350d4991a22a49958e7b11d3a,-80,,3,64,7.0,3
12:06:43,26.0,3,8ee1bafdbc6f3b79465c8eb163cc0e380a6cb89350d4991a22a49958e7b11d3a,-86,,3,64,7.0,3
12:06:44,26.0,3,8ee1bafdbc6f3b79465c8eb163cc0e380a6cb89350d4991a22a49958e7b11d3a,-81,,3,64,7.0,3
12:06:45,26.0,3,8ee1bafdbc6f3b79465c8eb163cc0e380a6cb89350d4991a22a49958e7b11d3a,-88,,3,64,7.0,3
12:06:46,26.0,3,ffcf7b92cda8f625198e4d3d35313acd7cfb61db206dce3bb7ffb4e26c3dcaa4,-79,,3,64,,3
12:06:47,26.0,3,3dfdf1e265725c37df46b5e35fc37a19cebbfa93ee06d2be9a35644ec5ff60cd,-83,,3,64,7.0,3
12:06:47,26.0,3,ffcf7b92cda8f625198e4d3d35313acd7cfb61db206dce3bb7ffb4e26c3dcaa4,-75,,3,64,,3
12:06:48,26.0,3,91312b54fce9370fd0af3d6cd2fe8d709c96b44f36304ad3db6f28c0fe13ac5d,-75,,3,64,,3
12:06:49,,3,4d721f1dd47827d09476ba30c802fdee55160a1c66d7bea67b1ec67d458b08c7,-77,,3,64,,3
12:06:50,,3,b7a76d77e38736f1239ea06b6cb5688f417d00dca155ac1d18e30f4c90fca9ce,-66,,3,64,,3
12:06:51,26.0,3,91312b54fce9370fd0af3d6cd2fe8d709c96b44f36304ad3db6f28c0fe13ac5d,-73,,3,64,,3
12:06:51,26.0,3,91312b54fce9370fd0af3d6cd2fe8d709c96b44f36304ad3db6f28c0fe13ac5d,-84,,3,64,,3
12:06:52,26.0,3,3dfdf1e265725c37df46b5e35fc37a19cebbfa93ee06d2be9a35644ec5ff60cd,-77,,3,64,7.0,3
12:06:53,26.0,3,ffcf7b92cda8f625198e4d3d35313acd7cfb61db206dce3bb7ffb4e26c3dcaa4,-88,,3,64,12.0,3
12:06:54,,3,b7a76d77e38736f1239ea06b6cb5688f417d00dca155ac1d18e30f4c90fca9ce,-34,,3,64,,3
12:06:55,26.0,3,05991eeeafa475c9e9195d72a92f9759574c61753c2147cc81fa53e100cfba39,-71,,3,64,12.0,3
12:06:55,26.0,3,05991eeeafa475c9e9195d72a92f9759574c61753c2147cc81fa53e100cfba39,-74,,3,64,12.0,3
12:06:56,26.0,3,91312b54fce9370fd0af3d6cd2fe8d709c96b44f36304ad3db6f28c0fe13ac5d,-71,,3,64,,3
12:06:57,,3,4c851dead5bd7b2da066f81f61c03d5769b60dff1995986ebdb072b8be88f5e7,-89,,3,64,,3
12:06:58,26.0,3,91312b54fce9370fd0af3d6cd2fe8d709c96b44f36304ad3db6f28c0fe13ac5d,-78,,3,64,,3
12:06:59,26.0,3,ffcf7b92cda8f625198e4d3d35313acd7cfb61db206dce3bb7ffb4e26c3dcaa4,-82,,3,64,,3
12:06:59,,3,37703fc58dd17517368340793c8be7fa3c0fa3c83efe62d1e4c6e6831bfb64b2,-71,,3,64,,3
12:07:00,26.0,3,a6b516527e90ec075ec0a4946447a44f45b7e06e04ab6013ce9390853eec10a3,-76,,3,64,,3
12:07:01,26.0,3,8ee1bafdbc6f3b79465c8eb163cc0e380a6cb89350d4991a22a49958e7b11d3a,-82,,3,64,7.0,3
12:07:02,26.0,3,ffcf7b92cda8f625198e4d3d35313acd7cfb61db206dce3bb7ffb4e26c3dcaa4,-80,,3,64,,3
12:07:03,26.0,3,3dfdf1e265725c37df46b5e35fc37a19cebbfa93ee06d2be9a35644ec5ff60cd,-91,,3,64,7.0,3
12:07:03,26.0,3,d13b8ed062516bd516ac3a0d1167ea0e278c48e3dd5db941fae10049605c8114,-69,,3,64,7.0,3
12:07:04,,3,7198631d234e4c972e7a0b219863881e234b6eb8df453e7a3e96792e8c7feb7f,-90,,3,64,,3
12:07:05,26.0,3,ffcf7b92cda8f625198e4d3d35313acd7cfb61db206dce3bb7ffb4e26c3dcaa4,-74,,3,64,,3
12:07:06,26.0,3,a6b516527e90ec075ec0a4946447a44f45b7e06e04ab6013ce9390853eec10a3,-85,,3,64,,3
12:07:07,26.0,3,8ee1bafdbc6f3b79465c8eb163cc0e380a6cb89350d4991a22a49958e7b11d3a,-89,,3,64,7.0,3
12:07:07,,3,7198631d234e4c972e7a0b219863881e234b6eb8df453e7a3e96792e8c7feb7f,-89,,3,64,,3
12:07:08,,3,bac98955d46f366ac43a4e4e0a930d234199b953adbe6bd86bd130ffb8081f4b,-72,,3,64,,3
12:07:09,26.0,3,1c73af1332ea7fe1a6411bc662f0001111ef1fdbb0694a2d753e8a7d9b2fc7ba,-84,,3,64,2.0,3
12:07:10,26.0,3,91312b54fce9370fd0af3d6cd2fe8d709c96b44f36304ad3db6f28c0fe13ac5d,-89,,3,64,,3
12:07:11,26.0,3,3dfdf1e265725c37df46b5e35fc37a19cebbfa93ee06d2be9a35644ec5ff60cd,-81,,3,64,7.0,3
12:07:11,26.0,3,d13b8ed062516bd516ac3a0d1167ea0e278c48e3dd5db941fae10049605c8114,-76,,3,64,7.0,3
12:07:12,,3,bac98955d46f366ac43a4e4e0a930d234199b953adbe6bd86bd130ffb8081f4b,-69,,3,64,,3
12:07:13,26.0,3,d13b8ed062516bd516ac3a0d1167ea0e278c48e3dd5db941fae10049605c8114,-77,,3,64,7.0,3
12:07:14,26.0,3,05991eeeafa475c9e9195d72a92f9759574c61753c2147cc81fa53e100cfba39,-82,,3,64,12.0,3
12:07:15,26.0,3,8ee1bafdbc6f3b79465c8eb163cc0e380a6cb89350d4991a22a49958e7b11d3a,-91,,3,64,7.0,3
12:07:15,26.0,3,05991eeeafa475c9e9195d72a92f9759574c61753c2147cc81fa53e100cfba39,-80,,3,64,12.0,3
12:07:16,,3,7198631d234e4c972e7a0b219863881e234b6eb8df453e7a3e96792e8c7feb7f,-89,,3,64,,3
12:07:17,26.0,3,a6b516527e90ec075ec0a4946447a44f45b7e06e04ab6013ce9390853eec10a3,-76,,3,64,,3
12:07:18,26.0,3,a6b516527e90ec075ec0a4946447a44f45b7e06e04ab6013ce9390853eec10a3,-82,,3,64,,3
12:07:19,,3,7198631d234e4c972e7a0b219863881e234b6eb8df453e7a3e96792e8c7feb7f,-87,,3,64,,3
12:07:19,26.0,3,a6b516527e90ec075ec0a4946447a44f45b7e06e04ab6013ce9390853eec10a3,-81,,3,64,,3
12:07:20,26.0,3,d13b8ed062516bd516ac3a0d1167ea0e278c48e3dd5db941fae10049605c8114,-78,,3,64,7.0,3
12:07:21,26.0,3,3dfdf1e265725c37df46b5e35fc37a19cebbfa93ee06d2be9a35644ec5ff60cd,-80,,3,64,7.0,3
12:07:22,,3,37703fc58dd17517368340793c8be7fa3c0fa3c83efe62d1e4c6e6831bfb64b2,-73,,3,64,,3
12:07:23,26.0,3,3dfdf1e265725c37df46b5e35fc37a19cebbfa93ee06d2be9a35644ec5ff60cd,-79,,3,64,7.0,3
12:07:23,26.0,3,d13b8ed062516bd516ac3a0d1167ea0e278c48e3dd5db941fae10049605c8114,-74,,3,64,7.0,3
12:07:24,26.0,3,8ee1bafdbc6f3b79465c8eb163cc0e380a6cb89350d4991a22a49958e7b11d3a,-84,,3,64,7.0,3
12:07:25,,3,7198631d234e4c972e7a0b219863881e234b6eb8df453e7a3e96792e8c7feb7f,-88,,3,64,,3
12:07:26,,3,79dc8eb18eb54dd61ecd97fc5401d9c343e0dfab4bc79360b905bdab1924ed0c,-80,,3,64,,3
12:07:27,,3,7198631d234e4c972e7a0b219863881e234b6eb8df453e7a3e96792e8c7feb7f,-91,,3,64,,3
12:07:27,26.0,3,ffcf7b92cda8f625198e4d3d35313acd7cfb61db206dce3bb7ffb4e26c3dcaa4,-77,,3,64,,3
12:07:28,26.0,3,a6b516527e90ec075ec0a4946447a44f45b7e06e04ab6013ce9390853eec10a3,-81,,3,64,,3
12:07:29,26.0,3,ffcf7b92cda8f625198e4d3d35313acd7cfb61db206dce3bb7ffb4e26c3dcaa4,-82,,3,64,,3
12:07:30,26.0,3,8ee1bafdbc6f3b79465c8eb163cc0e380a6cb89350d4991a22a49958e7b11d3a,-83,,3,64,7.0,3
12:07:31,26.0,3,ffcf7b92cda8f625198e4d3d35313acd7cfb61db206dce3bb7ffb4e26c3dcaa4,-75,,3,64,,3
12:07:31,26.0,3,05991eeeafa475c9e9195d72a92f9759574c61753c2147cc81fa53e100cfba39,-77,,3,64,12.0,3
12:07:32,26.0,3,91312b54fce9370fd0af3d6cd2fe8d709c96b44f36304ad3db6f28c0fe13ac5d,-75,,3,64,,3
12:07:33,26.0,3,ffcf7b92cda8f625198e4d3d35313acd7cfb61db206dce3bb7ffb4e26c3dcaa4,-76,,3,64,,3
12:07:34,,3,b7a76d77e38736f1239ea06b6cb5688f417d00dca155ac1d18e30f4c90fca9ce,-33,,3,64,,3
12:07:34,,3,37703fc58dd17517368340793c8be7fa3c0fa3c83efe62d1e4c6e6831bfb64b2,-67,,3,64,,3
12:07:35,26.0,3,91312b54fce9370fd0af3d6cd2fe8d709c96b44f36304ad3db6f28c0fe13ac5d,-79,,3,64,,3
12:07:36,26.0,3,91312b54fce9370fd0af3d6cd2fe8d709c96b44f36304ad3db6f28c0fe13ac5d,-79,,3,64,,3
12:07:37,26.0,3,2acfd7621b62dbc102099b2ba8815ab7ac4e097e504618702bd79f84b5ead840,-82,,3,64,,3
12:07:38,26.0,3,2acfd7621b62dbc102099b2ba8815ab7ac4e097e504618702bd79f84b5ead840,-77,,3,64,,3
12:07:39,26.0,3,2acfd7621b62dbc102099b2ba8815ab7ac4e097e504618702bd79f84b5ead840,-76,,3,64,,3
12:07:39,26.0,3,8ee1bafdbc6f3b79465c8eb163cc0e380a6cb89350d4991a22a49958e7b11d3a,-87,,3,64,7.0,3
12:07:40,26.0,3,2acfd7621b62dbc102099b2ba8815ab7ac4e097e504618702bd79f84b5ead840,-73,,3,64,,3
12:07:41,26.0,3,2acfd7621b62dbc102099b2ba8815ab7ac4e097e504618702bd79f84b5ead840,-76,,3,64,,3
12:07:42,26.0,3,2acfd7621b62dbc102099b2ba8815ab7ac4e097e504618702bd79f84b5ead840,-77,,3,64,,3
12:07:43,26.0,3,05991eeeafa475c9e9195d72a92f9759574c61753c2147cc81fa53e100cfba39,-71,,3,64,12.0,3
12:07:43,26.0,3,3dfdf1e265725c37df46b5e35fc37a19cebbfa93ee06d2be9a35644ec5ff60cd,-87,,3,64,7.0,3
12:07:44,26.0,3,05991eeeafa475c9e9195d72a92f9759574c61753c2147cc81fa53e100cfba39,-70,,3,64,12.0,3
12:07:45,26.0,3,a6b516527e90ec075ec0a4946447a44f45b7e06e04ab6013ce9390853eec10a3,-80,,3,64,,3
12:07:46,26.0,3,2acfd7621b62dbc102099b2ba8815ab7ac4e097e504618702bd79f84b5ead840,-75,,3,64,,3
12:07:47,26.0,3,91312b54fce9370fd0af3d6cd2fe8d709c96b44f36304ad3db6f28c0fe13ac5d,-76,,3,64,,3
12:07:47,26.0,3,2acfd7621b62dbc102099b2ba8815ab7ac4e097e504618702bd79f84b5ead840,-72,,3,64,,3
12:07:48,26.0,3,05991eeeafa475c9e9195d72a92f9759574c61753c2147cc81fa53e100cfba39,-71,,3,64,12.0,3
12:07:49,26.0,3,3dfdf1e265725c37df46b5e35fc37a19cebbfa93ee06d2be9a35644ec5ff60cd,-84,,3,64,7.0,3
12:07:50,26.0,3,91312b54fce9370fd0af3d6cd2fe8d709c96b44f36304ad3db6f28c0fe13ac5d,-77,,3,64,,3
12:07:51,,3,7198631d234e4c972e7a0b219863881e234b6eb8df453e7a3e96792e8c7feb7f,-88,,3,64,,3
12:07:51,26.0,3,8ee1bafdbc6f3b79465c8eb163cc0e380a6cb89350d4991a22a49958e7b11d3a,-90,,3,64,7.0,3
12:07:52,26.0,3,91312b54fce9370fd0af3d6cd2fe8d709c96b44f36304ad3db6f28c0fe13ac5d,-79,,3,64,,3
12:07:53,,3,7198631d234e4c972e7a0b219863881e234b6eb8df453e7a3e96792e8c7feb7f,-89,,3,64,,3
12:07:54,26.0,3,8ee1bafdbc6f3b79465c8eb163cc0e380a6cb89350d4991a22a49958e7b11d3a,-84,,3,64,7.0,3
12:07:55,,3,354afcb884134543dc3babadcc46ccae7fc58ba7667e3d28d8b3474f05443dc8,-76,,3,64,,3
12:07:55,,3,4d721f1dd47827d09476ba30c802fdee55160a1c66d7bea67b1ec67d458b08c7,-76,,3,64,,3
12:07:56,26.0,3,91312b54fce9370fd0af3d6cd2fe8d709c96b44f36304ad3db6f28c0fe13ac5d,-73,,3,64,,3
12:07:57,26.0,3,91312b54fce9370fd0af3d6cd2fe8d709c96b44f36304ad3db6f28c0fe13ac5d,-80,,3,64,,3
12:07:58,26.0,3,91312b54fce9370fd0af3d6cd2fe8d709c96b44f36304ad3db6f28c0fe13ac5d,-79,,3,64,,3
12:07:59,,3,7198631d234e4c972e7a0b219863881e234b6eb8df453e7a3e96792e8c7feb7f,-92,,3,64,,3
12:07:59,26.0,3,05991eeeafa475c9e9195d72a92f9759574c61753c2147cc81fa53e100cfba39,-80,,3,64,12.0,3
12:08:00,26.0,3,2acfd7621b62dbc102099b2ba8815ab7ac4e097e504618702bd79f84b5ead840,-84,,3,64,,3
12:08:01,,3,7198631d234e4c972e7a0b219863881e234b6eb8df453e7a3e96792e8c7feb7f,-89,,3,64,,3
12:08:02,26.0,3,3f4364adb08506a3f5d668c286ec5cffd677f9da03f3b7e2fe6e5a322cb50a9e,-87,,3,64,7.0,3
12:08:03,26.0,3,2acfd7621b62dbc102099b2ba8815ab7ac4e097e504618702bd79f84b5ead840,-83,,3,64,,3
12:08:03,26.0,3,8ee1bafdbc6f3b79465c8eb163cc0e380a6cb89350d4991a22a49958e7b11d3a,-88,,3,64,7.0,3
12:08:04,26.0,3,d13b8ed062516bd516ac3a0d1167ea0e278c48e3dd5db941fae10049605c8114,-74,,3,64,7.0,3
12:08:05,,3,7198631d234e4c972e7a0b219863881e234b6eb8df453e7a3e96792e8c7feb7f,-89,,3,64,,3
12:08:06,26.0,3,1c73af1332ea7fe1a6411bc662f0001111ef1fdbb0694a2d753e8a7d9b2fc7ba,-80,,3,64,,3
12:08:06,26.0,3,d13b8ed062516bd516ac3a0d1167ea0e278c48e3dd5db941fae10049605c8114,-71,,3,64,7.0,3
12:08:07,26.0,3,769affa72fc79039e3e72aff3e43cd9727627d405f4f64fd4935a9ebb953df70,-59,,3,64,12.0,3
12:08:08,26.0,3,1c73af1332ea7fe1a6411bc662f0001111ef1fdbb0694a2d753e8a7d9b2fc7ba,-82,,3,64,,3
12:08:09,,3,b7a76d77e38736f1239ea06b6cb5688f417d00dca155ac1d18e30f4c90fca9ce,-56,,3,64,,3
12:08:10,,3,7198631d234e4c972e7a0b219863881e234b6eb8df453e7a3e96792e8c7feb7f,-91,,3,64,,3
12:08:10,26.0,3,8ee1bafdbc6f3b79465c8eb163cc0e380a6cb89350d4991a22a49958e7b11d3a,-80,,3,64,7.0,3
12:08:11,26.0,3,769affa72fc79039e3e72aff3e43cd9727627d405f4f64fd4935a9ebb953df70,-50,,3,64,12.0,3
12:08:12,26.0,3,8ee1bafdbc6f3b79465c8eb163cc0e380a6cb89350d4991a22a49958e7b11d3a,-87,,3,64,7.0,3
12:08:13,,3,b7a76d77e38736f1239ea06b6cb5688f417d00dca155ac1d18e30f4c90fca9ce,-54,,3,64,,3
12:08:14,26.0,3,1c73af1332ea7fe1a6411bc662f0001111ef1fdbb0694a2d753e8a7d9b2fc7ba,-78,,3,64,,3
12:08:14,,3,7198631d234e4c972e7a0b219863881e234b6eb8df453e7a3e96792e8c7feb7f,-92,,3,64,,3
12:08:15,,3,7198631d234e4c972e7a0b219863881e234b6eb8df453e7a3e96792e8c7feb7f,-89,,3,64,,3
12:08:16,26.0,3,d13b8ed062516bd516ac3a0d1167ea0e278c48e3dd5db941fae10049605c8114,-71,,3,64,7.0,3
12:08:17,,3,b7a76d77e38736f1239ea06b6cb5688f417d00dca155ac1d18e30f4c90fca9ce,-53,,3,64,,3
12:08:18,26.0,3,8ee1bafdbc6f3b79465c8eb163cc0e380a6cb89350d4991a22a49958e7b11d3a,-86,,3,64,7.0,3
12:08:18,26.0,3,769affa72fc79039e3e72aff3e43cd9727627d405f4f64fd4935a9ebb953df70,-55,,3,64,12.0,3
12:08:19,,3,64e67738fe25afcef7e62afa36acd4b10a36a0c7b00fa398775adbaba609be10,-92,,3,64,,3
12:08:20,26.0,3,91312b54fce9370fd0af3d6cd2fe8d709c96b44f36304ad3db6f28c0fe13ac5d,-70,,3,64,,3
12:08:21,,3,7198631d234e4c972e7a0b219863881e234b6eb8df453e7a3e96792e8c7feb7f,-90,,3,64,,3
12:08:22,26.0,3,a6b516527e90ec075ec0a4946447a44f45b7e06e04ab6013ce9390853eec10a3,-74,,3,64,,3
12:08:22,26.0,3,2acfd7621b62dbc102099b2ba8815ab7ac4e097e504618702bd79f84b5ead840,-78,,3,64,,3
12:08:23,,3,7198631d234e4c972e7a0b219863881e234b6eb8df453e7a3e96792e8c7feb7f,-95,,3,64,,3
12:08:24,26.0,3,05991eeeafa475c9e9195d72a92f9759574c61753c2147cc81fa53e100cfba39,-72,,3,64,12.0,3
12:08:25,26.0,3,00b57b5f3bf85942473d080b069977aee76dcb498b38ecfe604ff29328195f68,-86,,3,64,12.0,3
12:08:26,26.0,3,8ee1bafdbc6f3b79465c8eb163cc0e380a6cb89350d4991a22a49958e7b11d3a,-86,,3,64,7.0,3
12:08:26,26.0,3,05991eeeafa475c9e9195d72a92f9759574c61753c2147cc81fa53e100cfba39,-70,,3,64,12.0,3
12:08:27,,3,64e67738fe25afcef7e62afa36acd4b10a36a0c7b00fa398775adbaba609be10,-90,,3,64,,3
12:08:28,,3,8c1b8e7d1b96d67d005d7aac0e497874b492b138f4f82fec2eb39062762b7598,-83,,3,64,,3
12:08:29,26.0,3,91312b54fce9370fd0af3d6cd2fe8d709c96b44f36304ad3db6f28c0fe13ac5d,-75,,3,64,,3
12:08:30,26.0,3,3f4364adb08506a3f5d668c286ec5cffd677f9da03f3b7e2fe6e5a322cb50a9e,-74,,3,64,7.0,3
12:08:30,,3,e3627c91579ea967b8266a73661949621d6d8bf512ee1eaeb2ddd5f29f5315ac,-87,,3,64,,3
12:08:31,26.0,3,769affa72fc79039e3e72aff3e43cd9727627d405f4f64fd4935a9ebb953df70,-51,,3,64,12.0,3
12:08:32,26.0,3,d13b8ed062516bd516ac3a0d1167ea0e278c48e3dd5db941fae10049605c8114,-68,,3,64,7.0,3
12:08:33,26.0,3,a6b516527e90ec075ec0a4946447a44f45b7e06e04ab6013ce9390853eec10a3,-87,,3,64,,3
12:08:34,26.0,3,91312b54fce9370fd0af3d6cd2fe8d709c96b44f36304ad3db6f28c0fe13ac5d,-81,,3,64,,3
12:08:34,,3,bac98955d46f366ac43a4e4e0a930d234199b953adbe6bd86bd130ffb8081f4b,-71,,3,64,,3
12:08:35,,3,354afcb884134543dc3babadcc46ccae7fc58ba7667e3d28d8b3474f05443dc8,-76,,3,64,,3
12:08:36,26.0,3,2acfd7621b62dbc102099b2ba8815ab7ac4e097e504618702bd79f84b5ead840,-81,,3,64,,3
12:08:37,26.0,3,2acfd7621b62dbc102099b2ba8815ab7ac4e097e504618702bd79f84b5ead840,-82,,3,64,,3
12:08:37,26.0,3,2acfd7621b62dbc102099b2ba8815ab7ac4e097e504618702bd79f84b5ead840,-85,,3,64,,3
12:08:38,26.0,3,3f4364adb08506a3f5d668c286ec5cffd677f9da03f3b7e2fe6e5a322cb50a9e,-84,,3,64,7.0,3
12:08:39,26.0,3,2acfd7621b62dbc102099b2ba8815ab7ac4e097e504618702bd79f84b5ead840,-75,,3,64,,3
12:08:40,26.0,3,91312b54fce9370fd0af3d6cd2fe8d709c96b44f36304ad3db6f28c0fe13ac5d,-71,,3,64,,3
12:08:41,26.0,3,2acfd7621b62dbc102099b2ba8815ab7ac4e097e504618702bd79f84b5ead840,-75,,3,64,,3
12:08:42,,3,0ab0a2ef44889f861e1db331c70dd9ce5a4d82b59163089da3fe2f79091a540f,-78,,3,64,,3
12:08:42,26.0,3,769affa72fc79039e3e72aff3e43cd9727627d405f4f64fd4935a9ebb953df70,-50,,3,64,12.0,3
12:08:43,26.0,3,769affa72fc79039e3e72aff3e43cd9727627d405f4f64fd4935a9ebb953df70,-50,,3,64,12.0,3
12:08:44,26.0,3,2acfd7621b62dbc102099b2ba8815ab7ac4e097e504618702bd79f84b5ead840,-83,,3,64,,3
12:08:45,26.0,3,a6b516527e90ec075ec0a4946447a44f45b7e06e04ab6013ce9390853eec10a3,-71,,3,64,,3
12:08:46,26.0,3,2acfd7621b62dbc102099b2ba8815ab7ac4e097e504618702bd79f84b5ead840,-76,,3,64,,3
12:08:46,26.0,3,2acfd7621b62dbc102099b2ba8815ab7ac4e097e504618702bd79f84b5ead840,-84,,3,64,,3
12:08:47,26.0,3,3f4364adb08506a3f5d668c286ec5cffd677f9da03f3b7e2fe6e5a322cb50a9e,-81,,3,64,7.0,3
12:08:48,,3,8c1b8e7d1b96d67d005d7aac0e497874b492b138f4f82fec2eb39062762b7598,-88,,3,64,,3
12:08:49,26.0,3,8ee1bafdbc6f3b79465c8eb163cc0e380a6cb89350d4991a22a49958e7b11d3a,-88,,3,64,7.0,3
12:08:50,26.0,3,2acfd7621b62dbc102099b2ba8815ab7ac4e097e504618702bd79f84b5ead840,-88,,3,64,,3
12:08:50,26.0,3,2acfd7621b62dbc102099b2ba8815ab7ac4e097e504618702bd79f84b5ead840,-85,,3,64,,3
12:08:51,26.0,3,05991eeeafa475c9e9195d72a92f9759574c61753c2147cc81fa53e100cfba39,-84,,3,64,12.0,3
12:08:52,26.0,3,91312b54fce9370fd0af3d6cd2fe8d709c96b44f36304ad3db6f28c0fe13ac5d,-79,,3,64,,3
12:08:53,26.0,3,2acfd7621b62dbc102099b2ba8815ab7ac4e097e504618702bd79f84b5ead840,-81,,3,64,,3
12:08:54,,3,7198631d234e4c972e7a0b219863881e234b6eb8df453e7a3e96792e8c7feb7f,-88,,3,64,,3
12:08:54,26.0,3,05991eeeafa475c9e9195d72a92f9759574c61753c2147cc81fa53e100cfba39,-85,,3,64,12.0,3
12:08:55,26.0,3,d13b8ed062516bd516ac3a0d1167ea0e278c48e3dd5db941fae10049605c8114,-72,,3,64,7.0,3
12:08:56,,3,7198631d234e4c972e7a0b219863881e234b6eb8df453e7a3e96792e8c7feb7f,-93,,3,64,,3
12:08:57,26.0,3,d13b8ed062516bd516ac3a0d1167ea0e278c48e3dd5db941fae10049605c8114,-68,,3,64,7.0,3
12:08:57,26.0,3,3f4364adb08506a3f5d668c286ec5cffd677f9da03f3b7e2fe6e5a322cb50a9e,-83,,3,64,7.0,3
12:08:58,26.0,3,a6b516527e90ec075ec0a4946447a44f45b7e06e04ab6013ce9390853eec10a3,-78,,3,64,,3
12:08:59,26.0,3,2acfd7621b62dbc102099b2ba8815ab7ac4e097e504618702bd79f84b5ead840,-75,,3,64,,3
12:09:00,,3,7198631d234e4c972e7a0b219863881e234b6eb8df453e7a3e96792e8c7feb7f,-91,,3,64,,3
12:09:01,26.0,3,2acfd7621b62dbc102099b2ba8815ab7ac4e097e504618702bd79f84b5ead840,-78,,3,64,,3
12:09:02,26.0,3,1c73af1332ea7fe1a6411bc662f0001111ef1fdbb0694a2d753e8a7d9b2fc7ba,-82,,3,64,,3
12:09:02,26.0,3,8ee1bafdbc6f3b79465c8eb163cc0e380a6cb89350d4991a22a49958e7b11d3a,-80,,3,64,7.0,3
12:09:03,26.0,3,91312b54fce9370fd0af3d6cd2fe8d709c96b44f36304ad3db6f28c0fe13ac5d,-79,,3,64,,3
12:09:04,26.0,3,8ee1bafdbc6f3b79465c8eb163cc0e380a6cb89350d4991a22a49958e7b11d3a,-80,,3,64,7.0,3
12:09:05,26.0,3,8ee1bafdbc6f3b79465c8eb163cc0e380a6cb89350d4991a22a49958e7b11d3a,-78,,3,64,7.0,3
12:09:05,,3,7198631d234e4c972e7a0b219863881e234b6eb8df453e7a3e96792e8c7feb7f,-92,,3,64,,3
12:09:06,,3,7198631d234e4c972e7a0b219863881e234b6eb8df453e7a3e96792e8c7feb7f,-88,,3,64,,3
12:09:07,26.0,3,1c73af1332ea7fe1a6411bc662f0001111ef1fdbb0694a2d753e8a7d9b2fc7ba,-75,,3,64,2.0,3
12:09:08,26.0,3,d13b8ed062516bd516ac3a0d1167ea0e278c48e3dd5db941fae10049605c8114,-77,,3,64,7.0,3
12:09:09,,3,7198631d234e4c972e7a0b219863881e234b6eb8df453e7a3e96792e8c7feb7f,-91,,3,64,,3
12:09:09,,3,7198631d234e4c972e7a0b219863881e234b6eb8df453e7a3e96792e8c7feb7f,-91,,3,64,,3
12:09:10,26.0,3,8ee1bafdbc6f3b79465c8eb163cc0e380a6cb89350d4991a22a49958e7b11d3a,-81,,3,64,7.0,3
12:09:11,,3,7198631d234e4c972e7a0b219863881e234b6eb8df453e7a3e96792e8c7feb7f,-94,,3,64,,3
12:09:12,26.0,3,05991eeeafa475c9e9195d72a92f9759574c61753c2147cc81fa53e100cfba39,-75,,3,64,12.0,3
12:09:13,26.0,3,a6b516527e90ec075ec0a4946447a44f45b7e06e04ab6013ce9390853eec10a3,-81,,3,64,,3
12:09:13,26.0,3,05991eeeafa475c9e9195d72a92f9759574c61753c2147cc81fa53e100cfba39,-80,,3,64,12.0,3
12:09:14,26.0,3,05991eeeafa475c9e9195d72a92f9759574c61753c2147cc81fa53e100cfba39,-69,,3,64,12.0,3
12:09:15,26.0,3,a6b516527e90ec075ec0a4946447a44f45b7e06e04ab6013ce9390853eec10a3,-73,,3,64,,3
12:09:16,26.0,3,1c73af1332ea7fe1a6411bc662f0001111ef1fdbb0694a2d753e8a7d9b2fc7ba,-78,,3,64,2.0,3
12:09:17,26.0,3,2acfd7621b62dbc102099b2ba8815ab7ac4e097e504618702bd79f84b5ead840,-80,,3,64,,3
12:09:17,,3,7198631d234e4c972e7a0b219863881e234b6eb8df453e7a3e96792e8c7feb7f,-92,,3,64,,3
12:09:18,26.0,3,d13b8ed062516bd516ac3a0d1167ea0e278c48e3dd5db941fae10049605c8114,-83,,3,64,7.0,3
12:09:19,,3,7198631d234e4c972e7a0b219863881e234b6eb8df453e7a3e96792e8c7feb7f,-90,,3,64,,3
12:09:20,,3,7198631d234e4c972e7a0b219863881e234b6eb8df453e7a3e96792e8c7feb7f,-88,,3,64,,3
12:09:21,,3,7198631d234e4c972e7a0b219863881e234b6eb8df453e7a3e96792e8c7feb7f,-91,,3,64,,3
12:09:21,26.0,3,a6b516527e90ec075ec0a4946447a44f45b7e06e04ab6013ce9390853eec10a3,-84,,3,64,,3
12:09:22,26.0,3,a6b516527e90ec075ec0a4946447a44f45b7e06e04ab6013ce9390853eec10a3,-78,,3,64,,3
12:09:23,26.0,3,3f4364adb08506a3f5d668c286ec5cffd677f9da03f3b7e2fe6e5a322cb50a9e,-78,,3,64,7.0,3
12:09:24,26.0,3,3f4364adb08506a3f5d668c286ec5cffd677f9da03f3b7e2fe6e5a322cb50a9e,-88,,3,64,7.0,3
12:09:25,26.0,3,8ee1bafdbc6f3b79465c8eb163cc0e380a6cb89350d4991a22a49958e7b11d3a,-87,,3,64,7.0,3
12:09:25,26.0,3,2acfd7621b62dbc102099b2ba8815ab7ac4e097e504618702bd79f84b5ead840,-82,,3,64,,3
12:09:26,26.0,3,05991eeeafa475c9e9195d72a92f9759574c61753c2147cc81fa53e100cfba39,-79,,3,64,12.0,3
12:09:27,26.0,3,2acfd7621b62dbc102099b2ba8815ab7ac4e097e504618702bd79f84b5ead840,-82,,3,64,,3
12:09:28,26.0,3,d13b8ed062516bd516ac3a0d1167ea0e278c48e3dd5db941fae10049605c8114,-86,,3,64,7.0,3
12:09:29,,3,7198631d234e4c972e7a0b219863881e234b6eb8df453e7a3e96792e8c7feb7f,-88,,3,64,,3
12:09:29,26.0,3,91312b54fce9370fd0af3d6cd2fe8d709c96b44f36304ad3db6f28c0fe13ac5d,-91,,3,64,,3
12:09:30,,3,4d721f1dd47827d09476ba30c802fdee55160a1c66d7bea67b1ec67d458b08c7,-74,,3,64,,3
12:09:31,26.0,3,91312b54fce9370fd0af3d6cd2fe8d709c96b44f36304ad3db6f28c0fe13ac5d,-82,,3,64,,3
12:09:32,26.0,3,769affa72fc79039e3e72aff3e43cd9727627d405f4f64fd4935a9ebb953df70,-50,,3,64,12.0,3
12:09:33,26.0,3,769affa72fc79039e3e72aff3e43cd9727627d405f4f64fd4935a9ebb953df70,-49,,3,64,12.0,3
12:09:33,26.0,3,8ee1bafdbc6f3b79465c8eb163cc0e380a6cb89350d4991a22a49958e7b11d3a,-82,,3,64,7.0,3
12:09:34,26.0,3,91312b54fce9370fd0af3d6cd2fe8d709c96b44f36304ad3db6f28c0fe13ac5d,-91,,3,64,,3
12:09:35,26.0,3,d13b8ed062516bd516ac3a0d1167ea0e278c48e3dd5db941fae10049605c8114,-81,,3,64,7.0,3
12:09:36,26.0,3,2acfd7621b62dbc102099b2ba8815ab7ac4e097e504618702bd79f84b5ead840,-80,,3,64,,3
12:09:37,26.0,3,2acfd7621b62dbc102099b2ba8815ab7ac4e097e504618702bd79f84b5ead840,-79,,3,64,,3
12:09:37,,3,64e67738fe25afcef7e62afa36acd4b10a36a0c7b00fa398775adbaba609be10,-90,,3,64,,3
12:09:38,,3,354afcb884134543dc3babadcc46ccae7fc58ba7667e3d28d8b3474f05443dc8,-81,,3,64,,3
12:09:39,26.0,3,2acfd7621b62dbc102099b2ba8815ab7ac4e097e504618702bd79f84b5ead840,-75,,3,64,,3
12:09:40,26.0,3,2acfd7621b62dbc102099b2ba8815ab7ac4e097e504618702bd79f84b5ead840,-75,,3,64,,3
12:09:41,26.0,3,2acfd7621b62dbc102099b2ba8815ab7ac4e097e504618702bd79f84b5ead840,-78,,3,64,,3
12:09:41,26.0,3,8ee1bafdbc6f3b79465c8eb163cc0e380a6cb89350d4991a22a49958e7b11d3a,-82,,3,64,7.0,3
12:09:42,26.0,3,d13b8ed062516bd516ac3a0d1167ea0e278c48e3dd5db941fae10049605c8114,-85,,3,64,7.0,3
12:09:43,26.0,3,d13b8ed062516bd516ac3a0d1167ea0e278c48e3dd5db941fae10049605c8114,-74,,3,64,7.0,3
12:09:44,,3,7198631d234e4c972e7a0b219863881e234b6eb8df453e7a3e96792e8c7feb7f,-88,,3,64,,3
12:09:45,26.0,3,769affa72fc79039e3e72aff3e43cd9727627d405f4f64fd4935a9ebb953df70,-51,,3,64,12.0,3
12:09:45,26.0,3,769affa72fc79039e3e72aff3e43cd9727627d405f4f64fd4935a9ebb953df70,-52,,3,64,12.0,3
12:09:46,,3,7198631d234e4c972e7a0b219863881e234b6eb8df453e7a3e96792e8c7feb7f,-91,,3,64,,3
12:09:47,26.0,3,2acfd7621b62dbc102099b2ba8815ab7ac4e097e504618702bd79f84b5ead840,-76,,3,64,,3
12:09:48,26.0,3,d13b8ed062516bd516ac3a0d1167ea0e278c48e3dd5db941fae10049605c8114,-77,,3,64,7.0,3
12:09:49,26.0,3,8ee1bafdbc6f3b79465c8eb163cc0e380a6cb89350d4991a22a49958e7b11d3a,-79,,3,64,7.0,3
12:09:49,,3,7198631d234e4c972e7a0b219863881e234b6eb8df453e7a3e96792e8c7feb7f,-92,,3,64,,3
12:09:50,,3,7198631d234e4c972e7a0b219863881e234b6eb8df453e7a3e96792e8c7feb7f,-93,,3,64,,3
12:09:51,26.0,3,2acfd7621b62dbc102099b2ba8815ab7ac4e097e504618702bd79f84b5ead840,-80,,3,64,,3
12:09:52,26.0,3,d13b8ed062516bd516ac3a0d1167ea0e278c48e3dd5db941fae10049605c8114,-81,,3,64,7.0,3
12:09:53,,3,7198631d234e4c972e7a0b219863881e234b6eb8df453e7a3e96792e8c7feb7f,-87,,3,64,,3
12:09:53,26.0,3,05991eeeafa475c9e9195d72a92f9759574c61753c2147cc81fa53e100cfba39,-80,,3,64,12.0,3
12:09:54,,3,8c1b8e7d1b96d67d005d7aac0e497874b492b138f4f82fec2eb39062762b7598,-80,,3,64,,3
12:09:55,,3,b7a76d77e38736f1239ea06b6cb5688f417d00dca155ac1d18e30f4c90fca9ce,-53,,3,64,,3
12:09:56,26.0,3,91312b54fce9370fd0af3d6cd2fe8d709c96b44f36304ad3db6f28c0fe13ac5d,-80,,3,64,,3
12:09:57,26.0,3,a6b516527e90ec075ec0a4946447a44f45b7e06e04ab6013ce9390853eec10a3,-83,,3,64,,3
12:09:57,26.0,3,769affa72fc79039e3e72aff3e43cd9727627d405f4f64fd4935a9ebb953df70,-54,,3,64,12.0,3
12:09:58,26.0,3,2acfd7621b62dbc102099b2ba8815ab7ac4e097e504618702bd79f84b5ead840,-85,,3,64,,3
12:09:59,26.0,3,91312b54fce9370fd0af3d6cd2fe8d709c96b44f36304ad3db6f28c0fe13ac5d,-78,,3,64,,3
12:10:00,26.0,3,2acfd7621b62dbc102099b2ba8815ab7ac4e097e504618702bd79f84b5ead840,-84,,3,64,,3
12:10:01,,3,bac98955d46f366ac43a4e4e0a930d234199b953adbe6bd86bd130ffb8081f4b,-83,,3,64,,3
12:10:01,,3,e3627c91579ea967b8266a73661949621d6d8bf512ee1eaeb2ddd5f29f5315ac,-75,,3,64,,3
12:10:02,,3,8c1b8e7d1b96d67d005d7aac0e497874b492b138f4f82fec2eb39062762b7598,-90,,3,64,,3
12:10:03,,3,b7a76d77e38736f1239ea06b6cb5688f417d00dca155ac1d18e30f4c90fca9ce,-47,,3,64,,3
12:10:04,26.0,3,2acfd7621b62dbc102099b2ba8815ab7ac4e097e504618702bd79f84b5ead840,-79,,3,64,,3
12:10:05,26.0,3,2acfd7621b62dbc102099b2ba8815ab7ac4e097e504618702bd79f84b5ead840,-80,,3,64,,3
12:10:05,26.0,3,2acfd7621b62dbc102099b2ba8815ab7ac4e097e504618702bd79f84b5ead840,-82,,3,64,,3
12:10:06,,3,8c1b8e7d1b96d67d005d7aac0e497874b492b138f4f82fec2eb39062762b7598,-80,,3,64,,3
12:10:07,,3,b7a76d77e38736f1239ea06b6cb5688f417d00dca155ac1d18e30f4c90fca9ce,-50,,3,64,,3
12:10:08,26.0,3,3f4364adb08506a3f5d668c286ec5cffd677f9da03f3b7e2fe6e5a322cb50a9e,-80,,3,64,7.0,3
12:10:09,26.0,3,d13b8ed062516bd516ac3a0d1167ea0e278c48e3dd5db941fae10049605c8114,-79,,3,64,7.0,3
12:10:09,26.0,3,a6b516527e90ec075ec0a4946447a44f45b7e06e04ab6013ce9390853eec10a3,-81,,3,64,,3
12:10:10,26.0,3,05991eeeafa475c9e9195d72a92f9759574c61753c2147cc81fa53e100cfba39,-86,,3,64,12.0,3
12:10:11,26.0,3,769affa72fc79039e3e72aff3e43cd9727627d405f4f64fd4935a9ebb953df70,-49,,3,64,12.0,3
12:10:12,26.0,3,769affa72fc79039e3e72aff3e43cd9727627d405f4f64fd4935a9ebb953df70,-53,,3,64,12.0,3
12:10:13,26.0,3,91312b54fce9370fd0af3d6cd2fe8d709c96b44f36304ad3db6f28c0fe13ac5d,-77,,3,64,,3
12:10:13,26.0,3,86859f86fb3c8995ea7a6bee00323e081b1320dc2a0012df9bfde243bc090765,-88,,3,64,,3
12:10:14,26.0,3,2acfd7621b62dbc102099b2ba8815ab7ac4e097e504618702bd79f84b5ead840,-84,,3,64,,3
12:10:15,26.0,3,91312b54fce9370fd0af3d6cd2fe8d709c96b44f36304ad3db6f28c0fe13ac5d,-78,,3,64,,3
12:10:16,26.0,3,d13b8ed062516bd516ac3a0d1167ea0e278c48e3dd5db941fae10049605c8114,-78,,3,64,7.0,3
12:10:17,26.0,3,d13b8ed062516bd516ac3a0d1167ea0e278c48e3dd5db941fae10049605c8114,-82,,3,64,7.0,3
12:10:17,26.0,3,1c73af1332ea7fe1a6411bc662f0001111ef1fdbb0694a2d753e8a7d9b2fc7ba,-73,,3,64,,3
12:10:18,26.0,3,d13b8ed062516bd516ac3a0d1167ea0e278c48e3dd5db941fae10049605c8114,-79,,3,64,7.0,3
12:10:19,26.0,3,1c73af1332ea7fe1a6411bc662f0001111ef1fdbb0694a2d753e8a7d9b2fc7ba,-80,,3,64,,3
12:10:20,26.0,3,1c73af1332ea7fe1a6411bc662f0001111ef1fdbb0694a2d753e8a7d9b2fc7ba,-71,,3,64,,3
12:10:21,26.0,3,1c73af1332ea7fe1a6411bc662f0001111ef1fdbb0694a2d753e8a7d9b2fc7ba,-81,,3,64,,3
12:10:21,26.0,3,2acfd7621b62dbc102099b2ba8815ab7ac4e097e504618702bd79f84b5ead840,-81,,3,64,12.0,3
12:10:22,26.0,3,769affa72fc79039e3e72aff3e43cd9727627d405f4f64fd4935a9ebb953df70,-52,,3,64,12.0,3
12:10:23,26.0,3,3f4364adb08506a3f5d668c286ec5cffd677f9da03f3b7e2fe6e5a322cb50a9e,-85,,3,64,7.0,3
12:10:24,26.0,3,05991eeeafa475c9e9195d72a92f9759574c61753c2147cc81fa53e100cfba39,-73,,3,64,12.0,3
12:10:24,26.0,3,769affa72fc79039e3e72aff3e43cd9727627d405f4f64fd4935a9ebb953df70,-47,,3,64,12.0,3
12:10:25,26.0,3,86859f86fb3c8995ea7a6bee00323e081b1320dc2a0012df9bfde243bc090765,-74,,3,64,,3
12:10:26,,3,7198631d234e4c972e7a0b219863881e234b6eb8df453e7a3e96792e8c7feb7f,-86,,3,64,,3
12:10:27,26.0,3,1c73af1332ea7fe1a6411bc662f0001111ef1fdbb0694a2d753e8a7d9b2fc7ba,-72,,3,64,,3
12:10:28,26.0,3,1c73af1332ea7fe1a6411bc662f0001111ef1fdbb0694a2d753e8a7d9b2fc7ba,-72,,3,64,,3
12:10:28,26.0,3,91312b54fce9370fd0af3d6cd2fe8d709c96b44f36304ad3db6f28c0fe13ac5d,-79,,3,64,,3
12:10:29,26.0,3,8ee1bafdbc6f3b79465c8eb163cc0e380a6cb89350d4991a22a49958e7b11d3a,-86,,3,64,7.0,3
12:10:30,26.0,3,1c73af1332ea7fe1a6411bc662f0001111ef1fdbb0694a2d753e8a7d9b2fc7ba,-72,,3,64,2.0,3
12:10:31,26.0,3,91312b54fce9370fd0af3d6cd2fe8d709c96b44f36304ad3db6f28c0fe13ac5d,-80,,3,64,,3
12:10:32,26.0,3,1c73af1332ea7fe1a6411bc662f0001111ef1fdbb0694a2d753e8a7d9b2fc7ba,-71,,3,64,2.0,3
12:10:32,26.0,3,2acfd7621b62dbc102099b2ba8815ab7ac4e097e504618702bd79f84b5ead840,-85,,3,64,12.0,3
12:10:33,26.0,3,2acfd7621b62dbc102099b2ba8815ab7ac4e097e504618702bd79f84b5ead840,-79,,3,64,12.0,3
12:10:34,,3,4d721f1dd47827d09476ba30c802fdee55160a1c66d7bea67b1ec67d458b08c7,-75,,3,64,,3
12:10:35,26.0,3,1c73af1332ea7fe1a6411bc662f0001111ef1fdbb0694a2d753e8a7d9b2fc7ba,-73,,3,64,2.0,3
12:10:36,,3,354afcb884134543dc3babadcc46ccae7fc58ba7667e3d28d8b3474f05443dc8,-71,,3,64,,3
12:10:36,26.0,3,1c73af1332ea7fe1a6411bc662f0001111ef1fdbb0694a2d753e8a7d9b2fc7ba,-74,,3,64,,3
12:10:37,26.0,3,1c73af1332ea7fe1a6411bc662f0001111ef1fdbb0694a2d753e8a7d9b2fc7ba,-73,,3,64,,3
12:10:38,,3,7198631d234e4c972e7a0b219863881e234b6eb8df453e7a3e96792e8c7feb7f,-84,,3,64,,3
12:10:39,26.0,3,d13b8ed062516bd516ac3a0d1167ea0e278c48e3dd5db941fae10049605c8114,-82,,3,64,7.0,3
12:10:40,,3,354afcb884134543dc3babadcc46ccae7fc58ba7667e3d28d8b3474f05443dc8,-83,,3,64,,3
12:10:40,,3,7198631d234e4c972e7a0b219863881e234b6eb8df453e7a3e96792e8c7feb7f,-86,,3,64,,3
12:10:41,26.0,3,86859f86fb3c8995ea7a6bee00323e081b1320dc2a0012df9bfde243bc090765,-74,,3,64,,3
12:10:42,,3,0ab0a2ef44889f861e1db331c70dd9ce5a4d82b59163089da3fe2f79091a540f,-82,,3,64,,3
12:10:43,26.0,3,8ee1bafdbc6f3b79465c8eb163cc0e380a6cb89350d4991a22a49958e7b11d3a,-76,,3,64,7.0,3
12:10:44,26.0,3,2acfd7621b62dbc102099b2ba8815ab7ac4e097e504618702bd79f84b5ead840,-85,,3,64,12.0,3
12:10:44,26.0,3,1c73af1332ea7fe1a6411bc662f0001111ef1fdbb0694a2d753e8a7d9b2fc7ba,-85,,3,64,,3
12:10:45,26.0,3,2acfd7621b62dbc102099b2ba8815ab7ac4e097e504618702bd79f84b5ead840,-86,,3,64,12.0,3
12:10:46,26.0,3,3f4364adb08506a3f5d668c286ec5cffd677f9da03f3b7e2fe6e5a322cb50a9e,-82,,3,64,7.0,3
12:10:47,26.0,3,769affa72fc79039e3e72aff3e43cd9727627d405f4f64fd4935a9ebb953df70,-56,,3,64,12.0,3
12:10:48,26.0,3,d13b8ed062516bd516ac3a0d1167ea0e278c48e3dd5db941fae10049605c8114,-78,,3,64,7.0,3
12:10:48,26.0,3,86859f86fb3c8995ea7a6bee00323e081b1320dc2a0012df9bfde243bc090765,-74,,3,64,,3
12:10:49,,3,7198631d234e4c972e7a0b219863881e234b6eb8df453e7a3e96792e8c7feb7f,-85,,3,64,,3
12:10:50,,3,7198631d234e4c972e7a0b219863881e234b6eb8df453e7a3e96792e8c7feb7f,-84,,3,64,,3
12:10:51,26.0,3,8ee1bafdbc6f3b79465c8eb163cc0e380a6cb89350d4991a22a49958e7b11d3a,-91,,3,64,7.0,3
12:10:52,26.0,3,8ee1bafdbc6f3b79465c8eb163cc0e380a6cb89350d4991a22a49958e7b11d3a,-87,,3,64,7.0,3
12:10:52,26.0,3,8ee1bafdbc6f3b79465c8eb163cc0e380a6cb89350d4991a22a49958e7b11d3a,-91,,3,64,7.0,3
12:10:53,26.0,3,3f4364adb08506a3f5d668c286ec5cffd677f9da03f3b7e2fe6e5a322cb50a9e,-71,,3,64,7.0,3
12:10:54,26.0,3,91312b54fce9370fd0af3d6cd2fe8d709c96b44f36304ad3db6f28c0fe13ac5d,-74,,3,64,,3
12:10:55,26.0,3,d13b8ed062516bd516ac3a0d1167ea0e278c48e3dd5db941fae10049605c8114,-87,,3,64,7.0,3
12:10:56,,3,64e67738fe25afcef7e62afa36acd4b10a36a0c7b00fa398775adbaba609be10,-78,,3,64,,3
12:10:56,26.0,3,2acfd7621b62dbc102099b2ba8815ab7ac4e097e504618702bd79f84b5ead840,-81,,3,64,12.0,3
12:10:57,26.0,3,8ee1bafdbc6f3b79465c8eb163cc0e380a6cb89350d4991a22a49958e7b11d3a,-90,,3,64,7.0,3
12:10:58,26.0,3,2acfd7621b62dbc102099b2ba8815ab7ac4e097e504618702bd79f84b5ead840,-81,,3,64,12.0,3
12:10:59,26.0,3,1c73af1332ea7fe1a6411bc662f0001111ef1fdbb0694a2d753e8a7d9b2fc7ba,-75,,3,64,,3
12:11:00,26.0,3,769affa72fc79039e3e72aff3e43cd9727627d405f4f64fd4935a9ebb953df70,-55,,3,64,12.0,3
12:11:00,26.0,3,769affa72fc79039e3e72aff3e43cd9727627d405f4f64fd4935a9ebb953df70,-56,,3,64,12.0,3
12:11:01,26.0,3,91312b54fce9370fd0af3d6cd2fe8d709c96b44f36304ad3db6f28c0fe13ac5d,-79,,3,64,,3
12:11:02,26.0,3,769affa72fc79039e3e72aff3e43cd9727627d405f4f64fd4935a9ebb953df70,-58,,3,64,12.0,3
12:11:03,26.0,3,86859f86fb3c8995ea7a6bee00323e081b1320dc2a0012df9bfde243bc090765,-79,,3,64,,3
12:11:04,26.0,3,d13b8ed062516bd516ac3a0d1167ea0e278c48e3dd5db941fae10049605c8114,-74,,3,64,7.0,3
12:11:04,26.0,3,91312b54fce9370fd0af3d6cd2fe8d709c96b44f36304ad3db6f28c0fe13ac5d,-86,,3,64,,3
12:11:05,26.0,3,86859f86fb3c8995ea7a6bee00323e081b1320dc2a0012df9bfde243bc090765,-91,,3,64,,3
12:11:06,26.0,3,86859f86fb3c8995ea7a6bee00323e081b1320dc2a0012df9bfde243bc090765,-81,,3,64,,3
12:11:07,26.0,3,91312b54fce9370fd0af3d6cd2fe8d709c96b44f36304ad3db6f28c0fe13ac5d,-74,,3,64,,3
12:11:08,26.0,3,91312b54fce9370fd0af3d6cd2fe8d709c96b44f36304ad3db6f28c0fe13ac5d,-75,,3,64,,3
12:11:08,26.0,3,8ee1bafdbc6f3b79465c8eb163cc0e380a6cb89350d4991a22a49958e7b11d3a,-80,,3,64,7.0,3
12:11:09,26.0,3,769affa72fc79039e3e72aff3e43cd9727627d405f4f64fd4935a9ebb953df70,-58,,3,64,12.0,3
12:11:10,26.0,3,3f4364adb08506a3f5d668c286ec5cffd677f9da03f3b7e2fe6e5a322cb50a9e,-77,,3,64,7.0,3
12:11:11,,3,7198631d234e4c972e7a0b219863881e234b6eb8df453e7a3e96792e8c7feb7f,-89,,3,64,,3
12:11:12,26.0,3,769affa72fc79039e3e72aff3e43cd9727627d405f4f64fd4935a9ebb953df70,-68,,3,64,12.0,3
12:11:12,26.0,3,769affa72fc79039e3e72aff3e43cd9727627d405f4f64fd4935a9ebb953df70,-55,,3,64,12.0,3
12:11:13,,3,7198631d234e4c972e7a0b219863881e234b6eb8df453e7a3e96792e8c7feb7f,-85,,3,64,,3
12:11:14,26.0,3,2acfd7621b62dbc102099b2ba8815ab7ac4e097e504618702bd79f84b5ead840,-80,,3,64,12.0,3
12:11:15,26.0,3,86859f86fb3c8995ea7a6bee00323e081b1320dc2a0012df9bfde243bc090765,-86,,3,64,,3
12:11:16,26.0,3,8ee1bafdbc6f3b79465c8eb163cc0e380a6cb89350d4991a22a49958e7b11d3a,-85,,3,64,7.0,3
12:11:16,26.0,3,1c73af1332ea7fe1a6411bc662f0001111ef1fdbb0694a2d753e8a7d9b2fc7ba,-76,,3,64,,3
12:11:17,26.0,3,3f4364adb08506a3f5d668c286ec5cffd677f9da03f3b7e2fe6e5a322cb50a9e,-83,,3,64,7.0,3
12:11:18,26.0,3,2acfd7621b62dbc102099b2ba8815ab7ac4e097e504618702bd79f84b5ead840,-85,,3,64,12.0,3
12:11:19,26.0,3,05991eeeafa475c9e9195d72a92f9759574c61753c2147cc81fa53e100cfba39,-72,,3,64,12.0,3
12:11:19,26.0,3,d13b8ed062516bd516ac3a0d1167ea0e278c48e3dd5db941fae10049605c8114,-85,,3,64,7.0,3
12:11:20,,3,7198631d234e4c972e7a0b219863881e234b6eb8df453e7a3e96792e8c7feb7f,-90,,3,64,,3
12:11:21,26.0,3,769affa72fc79039e3e72aff3e43cd9727627d405f4f64fd4935a9ebb953df70,-57,,3,64,12.0,3
12:11:22,26.0,3,769affa72fc79039e3e72aff3e43cd9727627d405f4f64fd4935a9ebb953df70,-59,,3,64,12.0,3
12:11:23,,3,7198631d234e4c972e7a0b219863881e234b6eb8df453e7a3e96792e8c7feb7f,-92,,3,64,,3
12:11:23,,3,7198631d234e4c972e7a0b219863881e234b6eb8df453e7a3e96792e8c7feb7f,-89,,3,64,,3
12:11:24,26.0,3,05991eeeafa475c9e9195d72a92f9759574c61753c2147cc81fa53e100cfba39,-84,,3,64,12.0,3
12:11:25,26.0,3,3f4364adb08506a3f5d668c286ec5cffd677f9da03f3b7e2fe6e5a322cb50a9e,-77,,3,64,7.0,3
12:11:26,26.0,3,d13b8ed062516bd516ac3a0d1167ea0e278c48e3dd5db941fae10049605c8114,-85,,3,64,7.0,3
12:11:27,26.0,3,86859f86fb3c8995ea7a6bee00323e081b1320dc2a0012df9bfde243bc090765,-84,,3,64,,3
12:11:27,26.0,3,d13b8ed062516bd516ac3a0d1167ea0e278c48e3dd5db941fae10049605c8114,-87,,3,64,7.0,3
12:11:28,26.0,3,91312b54fce9370fd0af3d6cd2fe8d709c96b44f36304ad3db6f28c0fe13ac5d,-73,,3,64,,3
12:11:29,,3,b7a76d77e38736f1239ea06b6cb5688f417d00dca155ac1d18e30f4c90fca9ce,-48,,3,64,,3
12:11:30,26.0,3,8ee1bafdbc6f3b79465c8eb163cc0e380a6cb89350d4991a22a49958e7b11d3a,-86,,3,64,7.0,3
12:11:31,26.0,3,3f4364adb08506a3f5d668c286ec5cffd677f9da03f3b7e2fe6e5a322cb50a9e,-81,,3,64,7.0,3
12:11:31,,3,7198631d234e4c972e7a0b219863881e234b6eb8df453e7a3e96792e8c7feb7f,-90,,3,64,,3
12:11:32,26.0,3,3f4364adb08506a3f5d668c286ec5cffd677f9da03f3b7e2fe6e5a322cb50a9e,-86,,3,64,7.0,3
12:11:33,,3,b7a76d77e38736f1239ea06b6cb5688f417d00dca155ac1d18e30f4c90fca9ce,-56,,3,64,,3
12:11:34,26.0,3,05991eeeafa475c9e9195d72a92f9759574c61753c2147cc81fa53e100cfba39,-80,,3,64,12.0,3
12:11:35,26.0,3,d13b8ed062516bd516ac3a0d1167ea0e278c48e3dd5db941fae10049605c8114,-77,,3,64,7.0,3
12:11:35,26.0,3,769affa72fc79039e3e72aff3e43cd9727627d405f4f64fd4935a9ebb953df70,-49,,3,64,12.0,3
12:11:36,26.0,3,91312b54fce9370fd0af3d6cd2fe8d709c96b44f36304ad3db6f28c0fe13ac5d,-76,,3,64,,3
12:11:37,,3,b7a76d77e38736f1239ea06b6cb5688f417d00dca155ac1d18e30f4c90fca9ce,-53,,3,64,,3
12:11:38,26.0,3,2acfd7621b62dbc102099b2ba8815ab7ac4e097e504618702bd79f84b5ead840,-85,,3,64,12.0,3
12:11:39,26.0,3,91312b54fce9370fd0af3d6cd2fe8d709c96b44f36304ad3db6f28c0fe13ac5d,-73,,3,64,,3
12:11:39,26.0,3,3f4364adb08506a3f5d668c286ec5cffd677f9da03f3b7e2fe6e5a322cb50a9e,-75,,3,64,7.0,3
12:11:40,26.0,3,91312b54fce9370fd0af3d6cd2fe8d709c96b44f36304ad3db6f28c0fe13ac5d,-83,,3,64,,3
12:11:41,26.0,3,86859f86fb3c8995ea7a6bee00323e081b1320dc2a0012df9bfde243bc090765,-82,,3,64,,3
12:11:42,,3,7198631d234e4c972e7a0b219863881e234b6eb8df453e7a3e96792e8c7feb7f,-90,,3,64,,3
12:11:43,26.0,3,91312b54fce9370fd0af3d6cd2fe8d709c96b44f36304ad3db6f28c0fe13ac5d,-88,,3,64,,3
12:11:43,26.0,3,91312b54fce9370fd0af3d6cd2fe8d709c96b44f36304ad3db6f28c0fe13ac5d,-76,,3,64,,3
12:11:44,,3,7198631d234e4c972e7a0b219863881e234b6eb8df453e7a3e96792e8c7feb7f,-90,,3,64,,3
12:11:45,,3,7198631d234e4c972e7a0b219863881e234b6eb8df453e7a3e96792e8c7feb7f,-90,,3,64,,3
12:11:46,,3,7198631d234e4c972e7a0b219863881e234b6eb8df453e7a3e96792e8c7feb7f,-91,,3,64,,3
12:11:47,26.0,3,769affa72fc79039e3e72aff3e43cd9727627d405f4f64fd4935a9ebb953df70,-49,,3,64,12.0,3
12:11:47,26.0,3,769affa72fc79039e3e72aff3e43cd9727627d405f4f64fd4935a9ebb953df70,-55,,3,64,12.0,3
12:11:48,26.0,3,86859f86fb3c8995ea7a6bee00323e081b1320dc2a0012df9bfde243bc090765,-87,,3,64,,3
12:11:49,26.0,3,2acfd7621b62dbc102099b2ba8815ab7ac4e097e504618702bd79f84b5ead840,-78,,3,64,12.0,3
12:11:50,26.0,3,2acfd7621b62dbc102099b2ba8815ab7ac4e097e504618702bd79f84b5ead840,-78,,3,64,12.0,3
12:11:51,26.0,3,769affa72fc79039e3e72aff3e43cd9727627d405f4f64fd4935a9ebb953df70,-48,,3,64,12.0,3
12:11:51,26.0,3,86859f86fb3c8995ea7a6bee00323e081b1320dc2a0012df9bfde243bc090765,-89,,3,64,,3
12:11:52,26.0,3,8ee1bafdbc6f3b79465c8eb163cc0e380a6cb89350d4991a22a49958e7b11d3a,-80,,3,64,7.0,3
12:11:53,26.0,3,08e0fa6bed6d76f49f139110ce8c9d601806c9f9bdf03001ad696e65dcf5e4ba,-90,,3,64,,3
12:11:54,,3,7198631d234e4c972e7a0b219863881e234b6eb8df453e7a3e96792e8c7feb7f,-91,,3,64,,3
12:11:55,,3,7198631d234e4c972e7a0b219863881e234b6eb8df453e7a3e96792e8c7feb7f,-99,,3,64,,3
12:11:55,26.0,3,00b57b5f3bf85942473d080b069977aee76dcb498b38ecfe604ff29328195f68,-85,,3,64,12.0,3
12:11:56,26.0,3,8ee1bafdbc6f3b79465c8eb163cc0e380a6cb89350d4991a22a49958e7b11d3a,-89,,3,64,7.0,3
12:11:57,,3,7198631d234e4c972e7a0b219863881e234b6eb8df453e7a3e96792e8c7feb7f,-90,,3,64,,3
12:11:58,,3,64e67738fe25afcef7e62afa36acd4b10a36a0c7b00fa398775adbaba609be10,-86,,3,64,,3
12:11:59,26.0,3,769affa72fc79039e3e72aff3e43cd9727627d405f4f64fd4935a9ebb953df70,-41,,3,64,12.0,3
12:11:59,26.0,3,2acfd7621b62dbc102099b2ba8815ab7ac4e097e504618702bd79f84b5ead840,-77,,3,64,12.0,3
12:12:00,26.0,3,228de7396c2c661d27502c5b6e7efbb084c3d12d177076de169ba6a59ec91f02,-84,,3,64,,3
12:12:01,26.0,3,d13b8ed062516bd516ac3a0d1167ea0e278c48e3dd5db941fae10049605c8114,-71,,3,64,7.0,3
12:12:02,,3,64e67738fe25afcef7e62afa36acd4b10a36a0c7b00fa398775adbaba609be10,-81,,3,64,,3
12:12:03,26.0,3,08e0fa6bed6d76f49f139110ce8c9d601806c9f9bdf03001ad696e65dcf5e4ba,-87,,3,64,,3
12:12:03,,3,7198631d234e4c972e7a0b219863881e234b6eb8df453e7a3e96792e8c7feb7f,-88,,3,64,,3
12:12:04,26.0,3,3f4364adb08506a3f5d668c286ec5cffd677f9da03f3b7e2fe6e5a322cb50a9e,-81,,3,64,7.0,3
12:12:05,26.0,3,2acfd7621b62dbc102099b2ba8815ab7ac4e097e504618702bd79f84b5ead840,-78,,3,64,12.0,3
12:12:06,26.0,3,3f4364adb08506a3f5d668c286ec5cffd677f9da03f3b7e2fe6e5a322cb50a9e,-82,,3,64,7.0,3
12:12:07,26.0,3,05991eeeafa475c9e9195d72a92f9759574c61753c2147cc81fa53e100cfba39,-82,,3,64,12.0,3
12:12:07,26.0,3,f1bd14fbfc0f4090b1bfbd33c44a160ec83b5290c9cfd930d76ce102550b6d68,-77,,3,64,7.0,3
12:12:08,,3,7198631d234e4c972e7a0b219863881e234b6eb8df453e7a3e96792e8c7feb7f,-88,,3,64,,3
12:12:09,26.0,3,228de7396c2c661d27502c5b6e7efbb084c3d12d177076de169ba6a59ec91f02,-72,,3,64,,3
12:12:10,,3,8c1b8e7d1b96d67d005d7aac0e497874b492b138f4f82fec2eb39062762b7598,-76,,3,64,,3
12:12:11,26.0,3,08e0fa6bed6d76f49f139110ce8c9d601806c9f9bdf03001ad696e65dcf5e4ba,-72,,3,64,,3
12:12:11,26.0,3,86859f86fb3c8995ea7a6bee00323e081b1320dc2a0012df9bfde243bc090765,-78,,3,64,,3
12:12:12,26.0,3,2acfd7621b62dbc102099b2ba8815ab7ac4e097e504618702bd79f84b5ead840,-80,,3,64,12.0,3
12:12:13,26.0,3,3f4364adb08506a3f5d668c286ec5cffd677f9da03f3b7e2fe6e5a322cb50a9e,-81,,3,64,7.0,3
12:12:14,26.0,3,8ee1bafdbc6f3b79465c8eb163cc0e380a6cb89350d4991a22a49958e7b11d3a,-79,,3,64,7.0,3
12:12:14,26.0,3,08e0fa6bed6d76f49f139110ce8c9d601806c9f9bdf03001ad696e65dcf5e4ba,-85,,3,64,,3
12:12:15,26.0,3,86859f86fb3c8995ea7a6bee00323e081b1320dc2a0012df9bfde243bc090765,-80,,3,64,,3
12:12:16,26.0,3,f1bd14fbfc0f4090b1bfbd33c44a160ec83b5290c9cfd930d76ce102550b6d68,-83,,3,64,7.0,3
12:12:17,26.0,3,00b57b5f3bf85942473d080b069977aee76dcb498b38ecfe604ff29328195f68,-91,,3,64,12.0,3
12:12:18,,3,8c1b8e7d1b96d67d005d7aac0e497874b492b138f4f82fec2eb39062762b7598,-77,,3,64,,3
12:12:19,26.0,3,f1bd14fbfc0f4090b1bfbd33c44a160ec83b5290c9cfd930d76ce102550b6d68,-75,,3,64,7.0,3
12:12:19,26.0,3,86859f86fb3c8995ea7a6bee00323e081b1320dc2a0012df9bfde243bc090765,-78,,3,64,,3
12:12:20,,3,7198631d234e4c972e7a0b219863881e234b6eb8df453e7a3e96792e8c7feb7f,-86,,3,64,,3
12:12:21,26.0,3,8ee1bafdbc6f3b79465c8eb163cc0e380a6cb89350d4991a22a49958e7b11d3a,-90,,3,64,7.0,3
12:12:22,26.0,3,08e0fa6bed6d76f49f139110ce8c9d601806c9f9bdf03001ad696e65dcf5e4ba,-71,,3,64,,3
12:12:23,26.0,3,228de7396c2c661d27502c5b6e7efbb084c3d12d177076de169ba6a59ec91f02,-86,,3,64,,3
12:12:23,26.0,3,2acfd7621b62dbc102099b2ba8815ab7ac4e097e504618702bd79f84b5ead840,-86,,3,64,12.0,3
12:12:24,26.0,3,f1bd14fbfc0f4090b1bfbd33c44a160ec83b5290c9cfd930d76ce102550b6d68,-79,,3,64,7.0,3
12:12:25,26.0,3,08e0fa6bed6d76f49f139110ce8c9d601806c9f9bdf03001ad696e65dcf5e4ba,-89,,3,64,,3
12:12:26,,3,7198631d234e4c972e7a0b219863881e234b6eb8df453e7a3e96792e8c7feb7f,-87,,3,64,,3
12:12:26,26.0,3,86859f86fb3c8995ea7a6bee00323e081b1320dc2a0012df9bfde243bc090765,-77,,3,64,,3
12:12:27,26.0,3,08e0fa6bed6d76f49f139110ce8c9d601806c9f9bdf03001ad696e65dcf5e4ba,-89,,3,64,,3
12:12:28,26.0,3,8ee1bafdbc6f3b79465c8eb163cc0e380a6cb89350d4991a22a49958e7b11d3a,-86,,3,64,7.0,3
12:12:29,,3,7198631d234e4c972e7a0b219863881e234b6eb8df453e7a3e96792e8c7feb7f,-92,,3,64,,3
12:12:30,26.0,3,3f4364adb08506a3f5d668c286ec5cffd677f9da03f3b7e2fe6e5a322cb50a9e,-86,,3,64,7.0,3
12:12:30,,3,354afcb884134543dc3babadcc46ccae7fc58ba7667e3d28d8b3474f05443dc8,-76,,3,64,,3
12:12:31,26.0,3,f1bd14fbfc0f4090b1bfbd33c44a160ec83b5290c9cfd930d76ce102550b6d68,-80,,3,64,7.0,3
12:12:32,26.0,3,05991eeeafa475c9e9195d72a92f9759574c61753c2147cc81fa53e100cfba39,-74,,3,64,12.0,3
12:12:33,26.0,3,05991eeeafa475c9e9195d72a92f9759574c61753c2147cc81fa53e100cfba39,-72,,3,64,12.0,3
12:12:34,,3,7198631d234e4c972e7a0b219863881e234b6eb8df453e7a3e96792e8c7feb7f,-92,,3,64,,3
12:12:34,26.0,3,f1bd14fbfc0f4090b1bfbd33c44a160ec83b5290c9cfd930d76ce102550b6d68,-79,,3,64,7.0,3
12:12:35,26.0,3,05991eeeafa475c9e9195d72a92f9759574c61753c2147cc81fa53e100cfba39,-83,,3,64,12.0,3
12:12:36,26.0,3,3f4364adb08506a3f5d668c286ec5cffd677f9da03f3b7e2fe6e5a322cb50a9e,-80,,3,64,7.0,3
12:12:37,,3,7198631d234e4c972e7a0b219863881e234b6eb8df453e7a3e96792e8c7feb7f,-91,,3,64,,3
12:12:38,,3,7198631d234e4c972e7a0b219863881e234b6eb8df453e7a3e96792e8c7feb7f,-96,,3,64,,3
12:12:38,26.0,3,86859f86fb3c8995ea7a6bee00323e081b1320dc2a0012df9bfde243bc090765,-78,,3,64,,3
12:12:39,26.0,3,f1bd14fbfc0f4090b1bfbd33c44a160ec83b5290c9cfd930d76ce102550b6d68,-79,,3,64,7.0,3
12:12:40,26.0,3,08e0fa6bed6d76f49f139110ce8c9d601806c9f9bdf03001ad696e65dcf5e4ba,-72,,3,64,,3
12:12:41,26.0,3,f1bd14fbfc0f4090b1bfbd33c44a160ec83b5290c9cfd930d76ce102550b6d68,-76,,3,64,7.0,3
12:12:42,26.0,3,86859f86fb3c8995ea7a6bee00323e081b1320dc2a0012df9bfde243bc090765,-80,,3,64,,3
12:12:42,26.0,3,08e0fa6bed6d76f49f139110ce8c9d601806c9f9bdf03001ad696e65dcf5e4ba,-84,,3,64,,3
12:12:43,26.0,3,86859f86fb3c8995ea7a6bee00323e081b1320dc2a0012df9bfde243bc090765,-81,,3,64,,3
12:12:44,26.0,3,3f4364adb08506a3f5d668c286ec5cffd677f9da03f3b7e2fe6e5a322cb50a9e,-74,,3,64,7.0,3
12:12:45,26.0,3,8ee1bafdbc6f3b79465c8eb163cc0e380a6cb89350d4991a22a49958e7b11d3a,-86,,3,64,7.0,3
12:12:45,26.0,3,3f4364adb08506a3f5d668c286ec5cffd677f9da03f3b7e2fe6e5a322cb50a9e,-75,,3,64,7.0,3
12:12:46,26.0,3,8ee1bafdbc6f3b79465c8eb163cc0e380a6cb89350d4991a22a49958e7b11d3a,-85,,3,64,7.0,3
12:12:47,,3,4d721f1dd47827d09476ba30c802fdee55160a1c66d7bea67b1ec67d458b08c7,-77,,3,64,,3
12:12:48,26.0,3,f1bd14fbfc0f4090b1bfbd33c44a160ec83b5290c9cfd930d76ce102550b6d68,-72,,3,64,7.0,3
12:12:49,26.0,3,f1bd14fbfc0f4090b1bfbd33c44a160ec83b5290c9cfd930d76ce102550b6d68,-80,,3,64,7.0,3
12:12:50,26.0,3,f1bd14fbfc0f4090b1bfbd33c44a160ec83b5290c9cfd930d76ce102550b6d68,-72,,3,64,7.0,3
12:12:50,,3,7198631d234e4c972e7a0b219863881e234b6eb8df453e7a3e96792e8c7feb7f,-91,,3,64,,3
12:12:51,26.0,3,8ee1bafdbc6f3b79465c8eb163cc0e380a6cb89350d4991a22a49958e7b11d3a,-86,,3,64,7.0,3
12:12:52,26.0,3,86859f86fb3c8995ea7a6bee00323e081b1320dc2a0012df9bfde243bc090765,-88,,3,64,,3
12:12:53,,3,7198631d234e4c972e7a0b219863881e234b6eb8df453e7a3e96792e8c7feb7f,-91,,3,64,,3
12:12:54,,3,7198631d234e4c972e7a0b219863881e234b6eb8df453e7a3e96792e8c7feb7f,-89,,3,64,,3
12:12:54,26.0,3,8ee1bafdbc6f3b79465c8eb163cc0e380a6cb89350d4991a22a49958e7b11d3a,-93,,3,64,7.0,3
12:12:55,26.0,3,86859f86fb3c8995ea7a6bee00323e081b1320dc2a0012df9bfde243bc090765,-78,,3,64,,3
12:12:56,26.0,3,f1bd14fbfc0f4090b1bfbd33c44a160ec83b5290c9cfd930d76ce102550b6d68,-72,,3,64,7.0,3
12:12:57,26.0,3,3f4364adb08506a3f5d668c286ec5cffd677f9da03f3b7e2fe6e5a322cb50a9e,-80,,3,64,7.0,3
12:12:58,26.0,3,228de7396c2c661d27502c5b6e7efbb084c3d12d177076de169ba6a59ec91f02,-85,,3,64,,3
12:12:58,,3,4d721f1dd47827d09476ba30c802fdee55160a1c66d7bea67b1ec67d458b08c7,-70,,3,64,,3
12:12:59,26.0,3,08e0fa6bed6d76f49f139110ce8c9d601806c9f9bdf03001ad696e65dcf5e4ba,-72,,3,64,,3
12:13:00,,3,7198631d234e4c972e7a0b219863881e234b6eb8df453e7a3e96792e8c7feb7f,-90,,3,64,,3
12:13:01,26.0,3,3f4364adb08506a3f5d668c286ec5cffd677f9da03f3b7e2fe6e5a322cb50a9e,-78,,3,64,7.0,3
12:13:02,,3,bac98955d46f366ac43a4e4e0a930d234199b953adbe6bd86bd130ffb8081f4b,-82,,3,64,,3
12:13:02,,3,0ab0a2ef44889f861e1db331c70dd9ce5a4d82b59163089da3fe2f79091a540f,-75,,3,64,,3
12:13:03,26.0,3,86859f86fb3c8995ea7a6bee00323e081b1320dc2a0012df9bfde243bc090765,-77,,3,64,,3
12:13:04,,3,7198631d234e4c972e7a0b219863881e234b6eb8df453e7a3e96792e8c7feb7f,-90,,3,64,,3
12:13:05,26.0,3,05991eeeafa475c9e9195d72a92f9759574c61753c2147cc81fa53e100cfba39,-71,,3,64,12.0,3
12:13:06,26.0,3,08e0fa6bed6d76f49f139110ce8c9d601806c9f9bdf03001ad696e65dcf5e4ba,-83,,3,64,,3
12:13:06,,3,7198631d234e4c972e7a0b219863881e234b6eb8df453e7a3e96792e8c7feb7f,-96,,3,64,,3
12:13:07,,3,4d721f1dd47827d09476ba30c802fdee55160a1c66d7bea67b1ec67d458b08c7,-71,,3,64,,3
12:13:08,26.0,3,08e0fa6bed6d76f49f139110ce8c9d601806c9f9bdf03001ad696e65dcf5e4ba,-83,,3,64,,3
12:13:09,26.0,3,08e0fa6bed6d76f49f139110ce8c9d601806c9f9bdf03001ad696e65dcf5e4ba,-75,,3,64,,3
12:13:10,26.0,3,3f4364adb08506a3f5d668c286ec5cffd677f9da03f3b7e2fe6e5a322cb50a9e,-72,,3,64,7.0,3
12:13:10,26.0,3,f1bd14fbfc0f4090b1bfbd33c44a160ec83b5290c9cfd930d76ce102550b6d68,-79,,3,64,7.0,3
12:13:11,26.0,3,3f4364adb08506a3f5d668c286ec5cffd677f9da03f3b7e2fe6e5a322cb50a9e,-78,,3,64,7.0,3
12:13:12,,3,64e67738fe25afcef7e62afa36acd4b10a36a0c7b00fa398775adbaba609be10,-81,,3,64,,3
12:13:13,,3,7198631d234e4c972e7a0b219863881e234b6eb8df453e7a3e96792e8c7feb7f,-88,,3,64,,3
12:13:14,26.0,3,3f4364adb08506a3f5d668c286ec5cffd677f9da03f3b7e2fe6e5a322cb50a9e,-85,,3,64,7.0,3
12:13:14,26.0,3,05991eeeafa475c9e9195d72a92f9759574c61753c2147cc81fa53e100cfba39,-78,,3,64,12.0,3
12:13:15,26.0,3,08e0fa6bed6d76f49f139110ce8c9d601806c9f9bdf03001ad696e65dcf5e4ba,-79,,3,64,,3
12:13:16,26.0,3,86859f86fb3c8995ea7a6bee00323e081b1320dc2a0012df9bfde243bc090765,-81,,3,64,,3
12:13:17,26.0,3,08e0fa6bed6d76f49f139110ce8c9d601806c9f9bdf03001ad696e65dcf5e4ba,-78,,3,64,,3
12:13:18,26.0,3,86859f86fb3c8995ea7a6bee00323e081b1320dc2a0012df9bfde243bc090765,-80,,3,64,,3
12:13:18,26.0,3,3f4364adb08506a3f5d668c286ec5cffd677f9da03f3b7e2fe6e5a322cb50a9e,-87,,3,64,7.0,3
12:13:19,26.0,3,08e0fa6bed6d76f49f139110ce8c9d601806c9f9bdf03001ad696e65dcf5e4ba,-72,,3,64,,3
12:13:20,26.0,3,8ee1bafdbc6f3b79465c8eb163cc0e380a6cb89350d4991a22a49958e7b11d3a,-85,,3,64,7.0,3
12:13:21,26.0,3,8ee1bafdbc6f3b79465c8eb163cc0e380a6cb89350d4991a22a49958e7b11d3a,-84,,3,64,7.0,3
12:13:21,26.0,3,f1bd14fbfc0f4090b1bfbd33c44a160ec83b5290c9cfd930d76ce102550b6d68,-73,,3,64,7.0,3
12:13:22,26.0,3,08e0fa6bed6d76f49f139110ce8c9d601806c9f9bdf03001ad696e65dcf5e4ba,-71,,3,64,,3
12:13:23,26.0,3,228de7396c2c661d27502c5b6e7efbb084c3d12d177076de169ba6a59ec91f02,-78,,3,64,,3
12:13:24,26.0,3,3f4364adb08506a3f5d668c286ec5cffd677f9da03f3b7e2fe6e5a322cb50a9e,-88,,3,64,7.0,3
12:13:25,,3,7198631d234e4c972e7a0b219863881e234b6eb8df453e7a3e96792e8c7feb7f,-95,,3,64,,3
12:13:25,,3,7198631d234e4c972e7a0b219863881e234b6eb8df453e7a3e96792e8c7feb7f,-94,,3,64,,3
12:13:26,26.0,3,228de7396c2c661d27502c5b6e7efbb084c3d12d177076de169ba6a59ec91f02,-72,,3,64,,3
12:13:27,26.0,3,3f4364adb08506a3f5d668c286ec5cffd677f9da03f3b7e2fe6e5a322cb50a9e,-87,,3,64,7.0,3
12:13:28,26.0,3,2acfd7621b62dbc102099b2ba8815ab7ac4e097e504618702bd79f84b5ead840,-81,,3,64,12.0,3
12:13:29,26.0,3,86859f86fb3c8995ea7a6bee00323e081b1320dc2a0012df9bfde243bc090765,-79,,3,64,,3
12:13:30,26.0,3,86859f86fb3c8995ea7a6bee00323e081b1320dc2a0012df9bfde243bc090765,-77,,3,64,,3
12:13:30,26.0,3,f1bd14fbfc0f4090b1bfbd33c44a160ec83b5290c9cfd930d76ce102550b6d68,-78,,3,64,7.0,3
12:13:31,26.0,3,86859f86fb3c8995ea7a6bee00323e081b1320dc2a0012df9bfde243bc090765,-77,,3,64,,3
12:13:32,,3,7198631d234e4c972e7a0b219863881e234b6eb8df453e7a3e96792e8c7feb7f,-88,,3,64,,3
12:13:33,,3,b7a76d77e38736f1239ea06b6cb5688f417d00dca155ac1d18e30f4c90fca9ce,-39,,3,64,,3
12:13:33,26.0,3,f1bd14fbfc0f4090b1bfbd33c44a160ec83b5290c9cfd930d76ce102550b6d68,-73,,3,64,7.0,3
12:13:34,26.0,3,86859f86fb3c8995ea7a6bee00323e081b1320dc2a0012df9bfde243bc090765,-80,,3,64,,3
12:13:35,26.0,3,f1bd14fbfc0f4090b1bfbd33c44a160ec83b5290c9cfd930d76ce102550b6d68,-69,,3,64,7.0,3
12:13:36,26.0,3,228de7396c2c661d27502c5b6e7efbb084c3d12d177076de169ba6a59ec91f02,-73,,3,64,,3
12:13:37,,3,354afcb884134543dc3babadcc46ccae7fc58ba7667e3d28d8b3474f05443dc8,-69,,3,64,,3
12:13:37,26.0,3,08e0fa6bed6d76f49f139110ce8c9d601806c9f9bdf03001ad696e65dcf5e4ba,-78,,3,64,,3
12:13:38,26.0,3,08e0fa6bed6d76f49f139110ce8c9d601806c9f9bdf03001ad696e65dcf5e4ba,-84,,3,64,,3
12:13:39,26.0,3,08e0fa6bed6d76f49f139110ce8c9d601806c9f9bdf03001ad696e65dcf5e4ba,-82,,3,64,,3
12:13:40,26.0,3,2acfd7621b62dbc102099b2ba8815ab7ac4e097e504618702bd79f84b5ead840,-78,,3,64,12.0,3
12:13:41,26.0,3,86859f86fb3c8995ea7a6bee00323e081b1320dc2a0012df9bfde243bc090765,-89,,3,64,,3
12:13:41,26.0,3,8ee1bafdbc6f3b79465c8eb163cc0e380a6cb89350d4991a22a49958e7b11d3a,-87,,3,64,7.0,3
12:13:42,26.0,3,f1bd14fbfc0f4090b1bfbd33c44a160ec83b5290c9cfd930d76ce102550b6d68,-71,,3,64,7.0,3
12:13:43,26.0,3,8ee1bafdbc6f3b79465c8eb163cc0e380a6cb89350d4991a22a49958e7b11d3a,-88,,3,64,7.0,3
12:13:44,,3,7198631d234e4c972e7a0b219863881e234b6eb8df453e7a3e96792e8c7feb7f,-95,,3,64,,3
12:13:45,,3,b7a76d77e38736f1239ea06b6cb5688f417d00dca155ac1d18e30f4c90fca9ce,-39,,3,64,,3
12:13:45,26.0,3,86859f86fb3c8995ea7a6bee00323e081b1320dc2a0012df9bfde243bc090765,-79,,3,64,,3
12:13:46,,3,7198631d234e4c972e7a0b219863881e234b6eb8df453e7a3e96792e8c7feb7f,-93,,3,64,,3
12:13:47,26.0,3,228de7396c2c661d27502c5b6e7efbb084c3d12d177076de169ba6a59ec91f02,-79,,3,64,,3
12:13:48,26.0,3,228de7396c2c661d27502c5b6e7efbb084c3d12d177076de169ba6a59ec91f02,-82,,3,64,,3
12:13:49,26.0,3,2acfd7621b62dbc102099b2ba8815ab7ac4e097e504618702bd79f84b5ead840,-81,,3,64,12.0,3
12:13:49,26.0,3,228de7396c2c661d27502c5b6e7efbb084c3d12d177076de169ba6a59ec91f02,-72,,3,64,,3
12:13:50,26.0,3,8ee1bafdbc6f3b79465c8eb163cc0e380a6cb89350d4991a22a49958e7b11d3a,-88,,3,64,7.0,3
12:13:51,26.0,3,86859f86fb3c8995ea7a6bee00323e081b1320dc2a0012df9bfde243bc090765,-83,,3,64,,3
12:13:52,26.0,3,228de7396c2c661d27502c5b6e7efbb084c3d12d177076de169ba6a59ec91f02,-73,,3,64,,3
12:13:53,26.0,3,08e0fa6bed6d76f49f139110ce8c9d601806c9f9bdf03001ad696e65dcf5e4ba,-77,,3,64,,3
12:13:53,26.0,3,27f8518df4abc8a4013f8574a805cbc6704195501f6ce5ce34209453d77927f6,-82,,3,64,,3
12:13:54,26.0,3,00b57b5f3bf85942473d080b069977aee76dcb498b38ecfe604ff29328195f68,-83,,3,64,12.0,3
12:13:55,26.0,3,27f8518df4abc8a4013f8574a805cbc6704195501f6ce5ce34209453d77927f6,-77,,3,64,,3
12:13:56,26.0,3,27f8518df4abc8a4013f8574a805cbc6704195501f6ce5ce34209453d77927f6,-84,,3,64,,3
12:13:57,26.0,3,27f8518df4abc8a4013f8574a805cbc6704195501f6ce5ce34209453d77927f6,-80,,3,64,,3
12:13:57,26.0,3,27f8518df4abc8a4013f8574a805cbc6704195501f6ce5ce34209453d77927f6,-78,,3,64,,3
12:13:58,26.0,3,27f8518df4abc8a4013f8574a805cbc6704195501f6ce5ce34209453d77927f6,-76,,3,64,,3
12:13:59,26.0,3,2acfd7621b62dbc102099b2ba8815ab7ac4e097e504618702bd79f84b5ead840,-77,,3,64,,3
12:14:00,26.0,3,2acfd7621b62dbc102099b2ba8815ab7ac4e097e504618702bd79f84b5ead840,-83,,3,64,,3
12:14:01,,3,0ab0a2ef44889f861e1db331c70dd9ce5a4d82b59163089da3fe2f79091a540f,-75,,3,64,,3
12:14:01,26.0,3,769affa72fc79039e3e72aff3e43cd9727627d405f4f64fd4935a9ebb953df70,-56,,3,64,12.0,3
12:14:02,26.0,3,f1bd14fbfc0f4090b1bfbd33c44a160ec83b5290c9cfd930d76ce102550b6d68,-80,,3,64,7.0,3
12:14:03,26.0,3,86859f86fb3c8995ea7a6bee00323e081b1320dc2a0012df9bfde243bc090765,-77,,3,64,,3
12:14:04,,3,8c1b8e7d1b96d67d005d7aac0e497874b492b138f4f82fec2eb39062762b7598,-81,,3,64,,3
12:14:05,26.0,3,2acfd7621b62dbc102099b2ba8815ab7ac4e097e504618702bd79f84b5ead840,-88,,3,64,12.0,3
12:14:05,26.0,3,769affa72fc79039e3e72aff3e43cd9727627d405f4f64fd4935a9ebb953df70,-36,,3,64,12.0,3
12:14:06,26.0,3,2acfd7621b62dbc102099b2ba8815ab7ac4e097e504618702bd79f84b5ead840,-87,,3,64,12.0,3
12:14:07,,3,7198631d234e4c972e7a0b219863881e234b6eb8df453e7a3e96792e8c7feb7f,-90,,3,64,,3
12:14:08,,3,8c1b8e7d1b96d67d005d7aac0e497874b492b138f4f82fec2eb39062762b7598,-76,,3,64,,3
12:14:09,26.0,3,00b57b5f3bf85942473d080b069977aee76dcb498b38ecfe604ff29328195f68,-80,,3,64,12.0,3
12:14:09,,3,7198631d234e4c972e7a0b219863881e234b6eb8df453e7a3e96792e8c7feb7f,-99,,3,64,,3
12:14:10,26.0,3,769affa72fc79039e3e72aff3e43cd9727627d405f4f64fd4935a9ebb953df70,-41,,3,64,12.0,3
12:14:11,26.0,3,3f4364adb08506a3f5d668c286ec5cffd677f9da03f3b7e2fe6e5a322cb50a9e,-82,,3,64,7.0,3
12:14:12,,3,bac98955d46f366ac43a4e4e0a930d234199b953adbe6bd86bd130ffb8081f4b,-74,,3,64,,3
12:14:12,26.0,3,f1bd14fbfc0f4090b1bfbd33c44a160ec83b5290c9cfd930d76ce102550b6d68,-71,,3,64,7.0,3
12:14:13,26.0,3,86859f86fb3c8995ea7a6bee00323e081b1320dc2a0012df9bfde243bc090765,-79,,3,64,,3
12:14:14,,3,354afcb884134543dc3babadcc46ccae7fc58ba7667e3d28d8b3474f05443dc8,-84,,3,64,,3
12:14:15,,3,7198631d234e4c972e7a0b219863881e234b6eb8df453e7a3e96792e8c7feb7f,-87,,3,64,,3
12:14:16,26.0,3,769affa72fc79039e3e72aff3e43cd9727627d405f4f64fd4935a9ebb953df70,-39,,3,64,12.0,3
12:14:16,26.0,3,769affa72fc79039e3e72aff3e43cd9727627d405f4f64fd4935a9ebb953df70,-61,,3,64,12.0,3
12:14:17,26.0,3,3f4364adb08506a3f5d668c286ec5cffd677f9da03f3b7e2fe6e5a322cb50a9e,-89,,3,64,7.0,3
12:14:18,,3,354afcb884134543dc3babadcc46ccae7fc58ba7667e3d28d8b3474f05443dc8,-80,,3,64,,3
12:14:19,26.0,3,f1bd14fbfc0f4090b1bfbd33c44a160ec83b5290c9cfd930d76ce102550b6d68,-81,,3,64,7.0,3
12:14:20,,3,bac98955d46f366ac43a4e4e0a930d234199b953adbe6bd86bd130ffb8081f4b,-79,,3,64,,3
12:14:20,26.0,3,2acfd7621b62dbc102099b2ba8815ab7ac4e097e504618702bd79f84b5ead840,-87,,3,64,12.0,3
12:14:21,26.0,3,f1bd14fbfc0f4090b1bfbd33c44a160ec83b5290c9cfd930d76ce102550b6d68,-71,,3,64,7.0,3
12:14:22,26.0,3,769affa72fc79039e3e72aff3e43cd9727627d405f4f64fd4935a9ebb953df70,-49,,3,64,12.0,3
12:14:23,,3,7198631d234e4c972e7a0b219863881e234b6eb8df453e7a3e96792e8c7feb7f,-92,,3,64,,3
12:14:24,26.0,3,00b57b5f3bf85942473d080b069977aee76dcb498b38ecfe604ff29328195f68,-82,,3,64,12.0,3
12:14:24,26.0,3,86859f86fb3c8995ea7a6bee00323e081b1320dc2a0012df9bfde243bc090765,-81,,3,64,,3
12:14:25,26.0,3,3f4364adb08506a3f5d668c286ec5cffd677f9da03f3b7e2fe6e5a322cb50a9e,-71,,3,64,7.0,3
12:14:26,,3,7198631d234e4c972e7a0b219863881e234b6eb8df453e7a3e96792e8c7feb7f,-94,,3,64,,3
12:14:27,26.0,3,2acfd7621b62dbc102099b2ba8815ab7ac4e097e504618702bd79f84b5ead840,-89,,3,64,12.0,3
12:14:28,26.0,3,2acfd7621b62dbc102099b2ba8815ab7ac4e097e504618702bd79f84b5ead840,-90,,3,64,12.0,3
12:14:28,26.0,3,f1bd14fbfc0f4090b1bfbd33c44a160ec83b5290c9cfd930d76ce102550b6d68,-78,,3,64,7.0,3
12:14:29,,3,7198631d234e4c972e7a0b219863881e234b6eb8df453e7a3e96792e8c7feb7f,-88,,3,64,,3
12:14:30,26.0,3,08e0fa6bed6d76f49f139110ce8c9d601806c9f9bdf03001ad696e65dcf5e4ba,-78,,3,64,,3
12:14:31,26.0,3,3f4364adb08506a3f5d668c286ec5cffd677f9da03f3b7e2fe6e5a322cb50a9e,-78,,3,64,7.0,3
12:14:32,26.0,3,00b57b5f3bf85942473d080b069977aee76dcb498b38ecfe604ff29328195f68,-82,,3,64,12.0,3
12:14:32,26.0,3,86859f86fb3c8995ea7a6bee00323e081b1320dc2a0012df9bfde243bc090765,-74,,3,64,,3
12:14:33,26.0,3,769affa72fc79039e3e72aff3e43cd9727627d405f4f64fd4935a9ebb953df70,-41,,3,64,12.0,3
12:14:34,26.0,3,769affa72fc79039e3e72aff3e43cd9727627d405f4f64fd4935a9ebb953df70,-37,,3,64,12.0,3
12:14:35,,3,0ab0a2ef44889f861e1db331c70dd9ce5a4d82b59163089da3fe2f79091a540f,-73,,3,64,,3
12:14:36,26.0,3,8ee1bafdbc6f3b79465c8eb163cc0e380a6cb89350d4991a22a49958e7b11d3a,-83,,3,64,7.0,3
12:14:36,26.0,3,00b57b5f3bf85942473d080b069977aee76dcb498b38ecfe604ff29328195f68,-81,,3,64,12.0,3
12:14:37,26.0,3,228de7396c2c661d27502c5b6e7efbb084c3d12d177076de169ba6a59ec91f02,-77,,3,64,,3
12:14:38,26.0,3,228de7396c2c661d27502c5b6e7efbb084c3d12d177076de169ba6a59ec91f02,-76,,3,64,,3
12:14:39,26.0,3,228de7396c2c661d27502c5b6e7efbb084c3d12d177076de169ba6a59ec91f02,-81,,3,64,,3
12:14:39,26.0,3,2acfd7621b62dbc102099b2ba8815ab7ac4e097e504618702bd79f84b5ead840,-87,,3,64,12.0,3
12:14:40,26.0,3,f1bd14fbfc0f4090b1bfbd33c44a160ec83b5290c9cfd930d76ce102550b6d68,-73,,3,64,7.0,3
12:14:41,26.0,3,08e0fa6bed6d76f49f139110ce8c9d601806c9f9bdf03001ad696e65dcf5e4ba,-81,,3,64,,3
12:14:42,26.0,3,8ee1bafdbc6f3b79465c8eb163cc0e380a6cb89350d4991a22a49958e7b11d3a,-90,,3,64,7.0,3
12:14:43,26.0,3,769affa72fc79039e3e72aff3e43cd9727627d405f4f64fd4935a9ebb953df70,-36,,3,64,12.0,3
12:14:43,26.0,3,3f4364adb08506a3f5d668c286ec5cffd677f9da03f3b7e2fe6e5a322cb50a9e,-73,,3,64,7.0,3
12:14:44,26.0,3,228de7396c2c661d27502c5b6e7efbb084c3d12d177076de169ba6a59ec91f02,-73,,3,64,,3
12:14:45,26.0,3,228de7396c2c661d27502c5b6e7efbb084c3d12d177076de169ba6a59ec91f02,-73,,3,64,,3
12:14:46,26.0,3,3f4364adb08506a3f5d668c286ec5cffd677f9da03f3b7e2fe6e5a322cb50a9e,-76,,3,64,7.0,3
12:14:47,26.0,3,2acfd7621b62dbc102099b2ba8815ab7ac4e097e504618702bd79f84b5ead840,-81,,3,64,12.0,3
12:14:47,26.0,3,8ee1bafdbc6f3b79465c8eb163cc0e380a6cb89350d4991a22a49958e7b11d3a,-87,,3,64,7.0,3
12:14:48,26.0,3,00b57b5f3bf85942473d080b069977aee76dcb498b38ecfe604ff29328195f68,-82,,3,64,12.0,3
12:14:49,,3,b7a76d77e38736f1239ea06b6cb5688f417d00dca155ac1d18e30f4c90fca9ce,-35,,3,64,,3
12:14:50,26.0,3,08e0fa6bed6d76f49f139110ce8c9d601806c9f9bdf03001ad696e65dcf5e4ba,-76,,3,64,,3
12:14:51,26.0,3,769affa72fc79039e3e72aff3e43cd9727627d405f4f64fd4935a9ebb953df70,-40,,3,64,12.0,3
12:14:51,,3,4d721f1dd47827d09476ba30c802fdee55160a1c66d7bea67b1ec67d458b08c7,-79,,3,64,,3
12:14:52,,3,4d721f1dd47827d09476ba30c802fdee55160a1c66d7bea67b1ec67d458b08c7,-73,,3,64,,3
12:14:53,,3,b7a76d77e38736f1239ea06b6cb5688f417d00dca155ac1d18e30f4c90fca9ce,-41,,3,64,,3
12:14:54,,3,bac98955d46f366ac43a4e4e0a930d234199b953adbe6bd86bd130ffb8081f4b,-70,,3,64,,3
12:14:55,26.0,3,f1bd14fbfc0f4090b1bfbd33c44a160ec83b5290c9cfd930d76ce102550b6d68,-71,,3,64,7.0,3
12:14:55,26.0,3,08e0fa6bed6d76f49f139110ce8c9d601806c9f9bdf03001ad696e65dcf5e4ba,-75,,3,64,,3
12:14:56,26.0,3,08e0fa6bed6d76f49f139110ce8c9d601806c9f9bdf03001ad696e65dcf5e4ba,-74,,3,64,,3
12:14:57,,3,b7a76d77e38736f1239ea06b6cb5688f417d00dca155ac1d18e30f4c90fca9ce,-49,,3,64,,3
12:14:58,,3,bac98955d46f366ac43a4e4e0a930d234199b953adbe6bd86bd130ffb8081f4b,-74,,3,64,,3
12:14:59,26.0,3,08e0fa6bed6d76f49f139110ce8c9d601806c9f9bdf03001ad696e65dcf5e4ba,-77,,3,64,,3
12:14:59,26.0,3,2acfd7621b62dbc102099b2ba8815ab7ac4e097e504618702bd79f84b5ead840,-81,,3,64,12.0,3
12:15:00,26.0,3,8ee1bafdbc6f3b79465c8eb163cc0e380a6cb89350d4991a22a49958e7b11d3a,-85,,3,64,7.0,3
12:15:01,,3,7198631d234e4c972e7a0b219863881e234b6eb8df453e7a3e96792e8c7feb7f,-86,,3,64,,3
12:15:02,,3,7198631d234e4c972e7a0b219863881e234b6eb8df453e7a3e96792e8c7feb7f,-86,,3,64,,3
12:15:02,26.0,3,3f4364adb08506a3f5d668c286ec5cffd677f9da03f3b7e2fe6e5a322cb50a9e,-82,,3,64,7.0,3
12:15:03,26.0,3,86859f86fb3c8995ea7a6bee00323e081b1320dc2a0012df9bfde243bc090765,-85,,3,64,,3
12:15:04,26.0,3,00b57b5f3bf85942473d080b069977aee76dcb498b38ecfe604ff29328195f68,-87,,3,64,12.0,3
12:15:05,,3,4d721f1dd47827d09476ba30c802fdee55160a1c66d7bea67b1ec67d458b08c7,-71,,3,64,,3
12:15:06,26.0,3,86859f86fb3c8995ea7a6bee00323e081b1320dc2a0012df9bfde243bc090765,-73,,3,64,,3
12:15:06,26.0,3,8ee1bafdbc6f3b79465c8eb163cc0e380a6cb89350d4991a22a49958e7b11d3a,-85,,3,64,7.0,3
12:15:07,26.0,3,228de7396c2c661d27502c5b6e7efbb084c3d12d177076de169ba6a59ec91f02,-74,,3,64,,3
12:15:08,26.0,3,00b57b5f3bf85942473d080b069977aee76dcb498b38ecfe604ff29328195f68,-83,,3,64,12.0,3
12:15:09,26.0,3,f1bd14fbfc0f4090b1bfbd33c44a160ec83b5290c9cfd930d76ce102550b6d68,-72,,3,64,7.0,3
12:15:10,26.0,3,08e0fa6bed6d76f49f139110ce8c9d601806c9f9bdf03001ad696e65dcf5e4ba,-73,,3,64,,3
12:15:10,26.0,3,08e0fa6bed6d76f49f139110ce8c9d601806c9f9bdf03001ad696e65dcf5e4ba,-73,,3,64,,3
12:15:11,26.0,3,769affa72fc79039e3e72aff3e43cd9727627d405f4f64fd4935a9ebb953df70,-50,,3,64,12.0,3
12:15:12,,3,4d721f1dd47827d09476ba30c802fdee55160a1c66d7bea67b1ec67d458b08c7,-77,,3,64,,3
12:15:13,26.0,3,3f4364adb08506a3f5d668c286ec5cffd677f9da03f3b7e2fe6e5a322cb50a9e,-85,,3,64,7.0,3
12:15:14,26.0,3,8ee1bafdbc6f3b79465c8eb163cc0e380a6cb89350d4991a22a49958e7b11d3a,-82,,3,64,7.0,3
12:15:14,26.0,3,3f4364adb08506a3f5d668c286ec5cffd677f9da03f3b7e2fe6e5a322cb50a9e,-81,,3,64,7.0,3
12:15:15,26.0,3,3f4364adb08506a3f5d668c286ec5cffd677f9da03f3b7e2fe6e5a322cb50a9e,-73,,3,64,7.0,3
12:15:16,26.0,3,00b57b5f3bf85942473d080b069977aee76dcb498b38ecfe604ff29328195f68,-89,,3,64,12.0,3
12:15:17,26.0,3,769affa72fc79039e3e72aff3e43cd9727627d405f4f64fd4935a9ebb953df70,-51,,3,64,12.0,3
12:15:18,26.0,3,769affa72fc79039e3e72aff3e43cd9727627d405f4f64fd4935a9ebb953df70,-40,,3,64,12.0,3
12:15:18,,3,0ab0a2ef44889f861e1db331c70dd9ce5a4d82b59163089da3fe2f79091a540f,-77,,3,64,,3
12:15:19,26.0,3,2acfd7621b62dbc102099b2ba8815ab7ac4e097e504618702bd79f84b5ead840,-79,,3,64,12.0,3
12:15:20,26.0,3,05991eeeafa475c9e9195d72a92f9759574c61753c2147cc81fa53e100cfba39,-78,,3,64,12.0,3
12:15:21,26.0,3,769affa72fc79039e3e72aff3e43cd9727627d405f4f64fd4935a9ebb953df70,-51,,3,64,12.0,3
12:15:22,,3,cac93239b5e3fbe6b5d7d64ed1b243e95c2fe854a49670807178f19c879728a2,-35,,3,64,,3
12:15:22,26.0,3,00b57b5f3bf85942473d080b069977aee76dcb498b38ecfe604ff29328195f68,-85,,3,64,12.0,3
12:15:23,26.0,3,f1bd14fbfc0f4090b1bfbd33c44a160ec83b5290c9cfd930d76ce102550b6d68,-69,,3,64,7.0,3
12:15:24,26.0,3,86859f86fb3c8995ea7a6bee00323e081b1320dc2a0012df9bfde243bc090765,-80,,3,64,,3
12:15:25,26.0,3,3f4364adb08506a3f5d668c286ec5cffd677f9da03f3b7e2fe6e5a322cb50a9e,-89,,3,64,7.0,3
12:15:26,26.0,3,3f4364adb08506a3f5d668c286ec5cffd677f9da03f3b7e2fe6e5a322cb50a9e,-84,,3,64,7.0,3
12:15:26,26.0,3,769affa72fc79039e3e72aff3e43cd9727627d405f4f64fd4935a9ebb953df70,-40,,3,64,12.0,3
12:15:27,26.0,3,8ee1bafdbc6f3b79465c8eb163cc0e380a6cb89350d4991a22a49958e7b11d3a,-80,,3,64,7.0,3
12:15:28,,3,7198631d234e4c972e7a0b219863881e234b6eb8df453e7a3e96792e8c7feb7f,-86,,3,64,,3
12:15:29,26.0,3,2acfd7621b62dbc102099b2ba8815ab7ac4e097e504618702bd79f84b5ead840,-77,,3,64,12.0,3
12:15:30,,3,cac93239b5e3fbe6b5d7d64ed1b243e95c2fe854a49670807178f19c879728a2,-48,,3,64,,3
12:15:30,26.0,3,3f4364adb08506a3f5d668c286ec5cffd677f9da03f3b7e2fe6e5a322cb50a9e,-76,,3,64,7.0,3
12:15:31,26.0,3,769affa72fc79039e3e72aff3e43cd9727627d405f4f64fd4935a9ebb953df70,-49,,3,64,12.0,3
12:15:32,26.0,3,f1bd14fbfc0f4090b1bfbd33c44a160ec83b5290c9cfd930d76ce102550b6d68,-70,,3,64,7.0,3
12:15:33,26.0,3,00b57b5f3bf85942473d080b069977aee76dcb498b38ecfe604ff29328195f68,-81,,3,64,12.0,3
12:15:34,,3,cac93239b5e3fbe6b5d7d64ed1b243e95c2fe854a49670807178f19c879728a2,-35,,3,64,,3
12:15:34,26.0,3,08e0fa6bed6d76f49f139110ce8c9d601806c9f9bdf03001ad696e65dcf5e4ba,-84,,3,64,,3
12:15:35,26.0,3,8ee1bafdbc6f3b79465c8eb163cc0e380a6cb89350d4991a22a49958e7b11d3a,-85,,3,64,7.0,3
12:15:36,26.0,3,8ee1bafdbc6f3b79465c8eb163cc0e380a6cb89350d4991a22a49958e7b11d3a,-79,,3,64,7.0,3
12:15:37,26.0,3,2acfd7621b62dbc102099b2ba8815ab7ac4e097e504618702bd79f84b5ead840,-81,,3,64,12.0,3
12:15:37,,3,7198631d234e4c972e7a0b219863881e234b6eb8df453e7a3e96792e8c7feb7f,-88,,3,64,,3
12:15:38,26.0,3,228de7396c2c661d27502c5b6e7efbb084c3d12d177076de169ba6a59ec91f02,-70,,3,64,,3
12:15:39,26.0,3,f1bd14fbfc0f4090b1bfbd33c44a160ec83b5290c9cfd930d76ce102550b6d68,-73,,3,64,7.0,3
12:15:40,26.0,3,00b57b5f3bf85942473d080b069977aee76dcb498b38ecfe604ff29328195f68,-85,,3,64,12.0,3
12:15:41,26.0,3,2acfd7621b62dbc102099b2ba8815ab7ac4e097e504618702bd79f84b5ead840,-90,,3,64,12.0,3
12:15:41,26.0,3,08e0fa6bed6d76f49f139110ce8c9d601806c9f9bdf03001ad696e65dcf5e4ba,-71,,3,64,,3
12:15:42,26.0,3,228de7396c2c661d27502c5b6e7efbb084c3d12d177076de169ba6a59ec91f02,-78,,3,64,,3
12:15:43,,3,29ebc9a8cc12c2513dd596f910a234cb3e81ccea3f216e41d407c158be3fc519,-84,,3,64,,3
12:15:44,,3,8c1b8e7d1b96d67d005d7aac0e497874b492b138f4f82fec2eb39062762b7598,-81,,3,64,,3
12:15:45,,3,7198631d234e4c972e7a0b219863881e234b6eb8df453e7a3e96792e8c7feb7f,-94,,3,64,,3
12:15:45,26.0,3,f1bd14fbfc0f4090b1bfbd33c44a160ec83b5290c9cfd930d76ce102550b6d68,-67,,3,64,7.0,3
12:15:46,26.0,3,00b57b5f3bf85942473d080b069977aee76dcb498b38ecfe604ff29328195f68,-87,,3,64,12.0,3
12:15:47,26.0,3,08e0fa6bed6d76f49f139110ce8c9d601806c9f9bdf03001ad696e65dcf5e4ba,-78,,3,64,,3
12:15:48,26.0,3,08e0fa6bed6d76f49f139110ce8c9d601806c9f9bdf03001ad696e65dcf5e4ba,-81,,3,64,,3
12:15:49,26.0,3,8ee1bafdbc6f3b79465c8eb163cc0e380a6cb89350d4991a22a49958e7b11d3a,-84,,3,64,7.0,3
12:15:49,,3,7198631d234e4c972e7a0b219863881e234b6eb8df453e7a3e96792e8c7feb7f,-91,,3,64,,3
12:15:50,,3,39f20a7b9ec00e03621d436868d4473fd4f6c156bc2fe0d28150fd6c9d1cd6ab,-71,,3,64,,3
12:15:51,26.0,3,2acfd7621b62dbc102099b2ba8815ab7ac4e097e504618702bd79f84b5ead840,-76,,3,64,12.0,3
12:15:52,26.0,3,f1bd14fbfc0f4090b1bfbd33c44a160ec83b5290c9cfd930d76ce102550b6d68,-64,,3,64,7.0,3
12:15:53,26.0,3,f1bd14fbfc0f4090b1bfbd33c44a160ec83b5290c9cfd930d76ce102550b6d68,-70,,3,64,7.0,3
12:15:53,26.0,3,769affa72fc79039e3e72aff3e43cd9727627d405f4f64fd4935a9ebb953df70,-41,,3,64,12.0,3
12:15:54,,3,39f20a7b9ec00e03621d436868d4473fd4f6c156bc2fe0d28150fd6c9d1cd6ab,-66,,3,64,,3
12:15:55,,3,7198631d234e4c972e7a0b219863881e234b6eb8df453e7a3e96792e8c7feb7f,-88,,3,64,,3
12:15:56,26.0,3,86859f86fb3c8995ea7a6bee00323e081b1320dc2a0012df9bfde243bc090765,-81,,3,64,,3
12:15:57,26.0,3,228de7396c2c661d27502c5b6e7efbb084c3d12d177076de169ba6a59ec91f02,-71,,3,64,,3
12:15:57,26.0,3,3f4364adb08506a3f5d668c286ec5cffd677f9da03f3b7e2fe6e5a322cb50a9e,-87,,3,64,7.0,3
12:15:58,26.0,3,86859f86fb3c8995ea7a6bee00323e081b1320dc2a0012df9bfde243bc090765,-81,,3,64,,3
12:15:59,26.0,3,f1bd14fbfc0f4090b1bfbd33c44a160ec83b5290c9cfd930d76ce102550b6d68,-72,,3,64,7.0,3
12:16:00,26.0,3,769affa72fc79039e3e72aff3e43cd9727627d405f4f64fd4935a9ebb953df70,-49,,3,64,12.0,3
12:16:01,26.0,3,08e0fa6bed6d76f49f139110ce8c9d601806c9f9bdf03001ad696e65dcf5e4ba,-77,,3,64,,3
12:16:01,26.0,3,3f4364adb08506a3f5d668c286ec5cffd677f9da03f3b7e2fe6e5a322cb50a9e,-86,,3,64,7.0,3
12:16:02,26.0,3,769affa72fc79039e3e72aff3e43cd9727627d405f4f64fd4935a9ebb953df70,-41,,3,64,12.0,3
12:16:03,,3,7198631d234e4c972e7a0b219863881e234b6eb8df453e7a3e96792e8c7feb7f,-89,,3,64,,3
12:16:04,26.0,3,228de7396c2c661d27502c5b6e7efbb084c3d12d177076de169ba6a59ec91f02,-79,,3,64,,3
12:16:04,26.0,3,08e0fa6bed6d76f49f139110ce8c9d601806c9f9bdf03001ad696e65dcf5e4ba,-88,,3,64,,3
12:16:05,26.0,3,08e0fa6bed6d76f49f139110ce8c9d601806c9f9bdf03001ad696e65dcf5e4ba,-73,,3,64,,3
12:16:06,,3,7198631d234e4c972e7a0b219863881e234b6eb8df453e7a3e96792e8c7feb7f,-89,,3,64,,3
12:16:07,26.0,3,00b57b5f3bf85942473d080b069977aee76dcb498b38ecfe604ff29328195f68,-80,,3,64,12.0,3
12:16:08,26.0,3,f1bd14fbfc0f4090b1bfbd33c44a160ec83b5290c9cfd930d76ce102550b6d68,-69,,3,64,7.0,3
12:16:08,26.0,3,2acfd7621b62dbc102099b2ba8815ab7ac4e097e504618702bd79f84b5ead840,-77,,3,64,12.0,3
12:16:09,26.0,3,3f4364adb08506a3f5d668c286ec5cffd677f9da03f3b7e2fe6e5a322cb50a9e,-85,,3,64,7.0,3
12:16:10,26.0,3,769affa72fc79039e3e72aff3e43cd9727627d405f4f64fd4935a9ebb953df70,-49,,3,64,12.0,3
12:16:11,26.0,3,8ee1bafdbc6f3b79465c8eb163cc0e380a6cb89350d4991a22a49958e7b11d3a,-90,,3,64,7.0,3
12:16:12,,3,7198631d234e4c972e7a0b219863881e234b6eb8df453e7a3e96792e8c7feb7f,-91,,3,64,,3
12:16:12,,3,0ab0a2ef44889f861e1db331c70dd9ce5a4d82b59163089da3fe2f79091a540f,-67,,3,64,,3
12:16:13,26.0,3,769affa72fc79039e3e72aff3e43cd9727627d405f4f64fd4935a9ebb953df70,-36,,3,64,12.0,3
12:16:14,,3,7198631d234e4c972e7a0b219863881e234b6eb8df453e7a3e96792e8c7feb7f,-90,,3,64,,3
12:16:15,26.0,3,8ee1bafdbc6f3b79465c8eb163cc0e380a6cb89350d4991a22a49958e7b11d3a,-78,,3,64,7.0,3
12:16:16,26.0,3,86859f86fb3c8995ea7a6bee00323e081b1320dc2a0012df9bfde243bc090765,-80,,3,64,,3
12:16:16,26.0,3,08e0fa6bed6d76f49f139110ce8c9d601806c9f9bdf03001ad696e65dcf5e4ba,-73,,3,64,,3
12:16:17,,3,7198631d234e4c972e7a0b219863881e234b6eb8df453e7a3e96792e8c7feb7f,-87,,3,64,,3
12:16:18,26.0,3,08e0fa6bed6d76f49f139110ce8c9d601806c9f9bdf03001ad696e65dcf5e4ba,-81,,3,64,,3
12:16:19,26.0,3,2acfd7621b62dbc102099b2ba8815ab7ac4e097e504618702bd79f84b5ead840,-77,,3,64,12.0,3
12:16:20,,3,cac93239b5e3fbe6b5d7d64ed1b243e95c2fe854a49670807178f19c879728a2,-36,,3,64,,3
12:16:20,26.0,3,00b57b5f3bf85942473d080b069977aee76dcb498b38ecfe604ff29328195f68,-82,,3,64,12.0,3
12:16:21,,3,29ebc9a8cc12c2513dd596f910a234cb3e81ccea3f216e41d407c158be3fc519,-95,,3,64,,3
12:16:22,26.0,3,86859f86fb3c8995ea7a6bee00323e081b1320dc2a0012df9bfde243bc090765,-77,,3,64,,3
12:16:23,26.0,3,3f4364adb08506a3f5d668c286ec5cffd677f9da03f3b7e2fe6e5a322cb50a9e,-82,,3,64,7.0,3
12:16:24,26.0,3,228de7396c2c661d27502c5b6e7efbb084c3d12d177076de169ba6a59ec91f02,-89,,3,64,2.0,3
12:16:24,26.0,3,3f4364adb08506a3f5d668c286ec5cffd677f9da03f3b7e2fe6e5a322cb50a9e,-84,,3,64,7.0,3
12:16:25,26.0,3,2acfd7621b62dbc102099b2ba8815ab7ac4e097e504618702bd79f84b5ead840,-80,,3,64,12.0,3
12:16:26,,3,8c1b8e7d1b96d67d005d7aac0e497874b492b138f4f82fec2eb39062762b7598,-71,,3,64,,3
12:16:27,,3,7198631d234e4c972e7a0b219863881e234b6eb8df453e7a3e96792e8c7feb7f,-94,,3,64,,3
12:16:28,26.0,3,f1bd14fbfc0f4090b1bfbd33c44a160ec83b5290c9cfd930d76ce102550b6d68,-69,,3,64,7.0,3
12:16:28,,3,39f20a7b9ec00e03621d436868d4473fd4f6c156bc2fe0d28150fd6c9d1cd6ab,-68,,3,64,,3
12:16:29,26.0,3,f1bd14fbfc0f4090b1bfbd33c44a160ec83b5290c9cfd930d76ce102550b6d68,-78,,3,64,7.0,3
12:16:30,,3,8c1b8e7d1b96d67d005d7aac0e497874b492b138f4f82fec2eb39062762b7598,-79,,3,64,,3
12:16:31,26.0,3,769affa72fc79039e3e72aff3e43cd9727627d405f4f64fd4935a9ebb953df70,-35,,3,64,12.0,3
12:16:32,26.0,3,08e0fa6bed6d76f49f139110ce8c9d601806c9f9bdf03001ad696e65dcf5e4ba,-83,,3,64,,3
12:16:32,,3,39f20a7b9ec00e03621d436868d4473fd4f6c156bc2fe0d28150fd6c9d1cd6ab,-73,,3,64,,3
12:16:33,26.0,3,769affa72fc79039e3e72aff3e43cd9727627d405f4f64fd4935a9ebb953df70,-50,,3,64,12.0,3
12:16:34,,3,8c1b8e7d1b96d67d005d7aac0e497874b492b138f4f82fec2eb39062762b7598,-80,,3,64,,3
12:16:35,26.0,3,08e0fa6bed6d76f49f139110ce8c9d601806c9f9bdf03001ad696e65dcf5e4ba,-85,,3,64,,3
12:16:35,26.0,3,00b57b5f3bf85942473d080b069977aee76dcb498b38ecfe604ff29328195f68,-84,,3,64,12.0,3
12:16:36,,3,af03da13d92f760ac38741f3ba1670dd7234048899f07f0670ff369e2945bbe3,-72,,3,64,,3
12:16:37,26.0,3,86859f86fb3c8995ea7a6bee00323e081b1320dc2a0012df9bfde243bc090765,-83,,3,64,,3
12:16:38,26.0,3,2acfd7621b62dbc102099b2ba8815ab7ac4e097e504618702bd79f84b5ead840,-85,,3,64,12.0,3
12:16:39,26.0,3,3f4364adb08506a3f5d668c286ec5cffd677f9da03f3b7e2fe6e5a322cb50a9e,-84,,3,64,7.0,3
12:16:39,26.0,3,2acfd7621b62dbc102099b2ba8815ab7ac4e097e504618702bd79f84b5ead840,-87,,3,64,12.0,3
12:16:40,26.0,3,2acfd7621b62dbc102099b2ba8815ab7ac4e097e504618702bd79f84b5ead840,-82,,3,64,12.0,3
12:16:41,26.0,3,08e0fa6bed6d76f49f139110ce8c9d601806c9f9bdf03001ad696e65dcf5e4ba,-84,,3,64,,3
12:16:42,26.0,3,00b57b5f3bf85942473d080b069977aee76dcb498b38ecfe604ff29328195f68,-81,,3,64,12.0,3
12:16:43,26.0,3,08e0fa6bed6d76f49f139110ce8c9d601806c9f9bdf03001ad696e65dcf5e4ba,-72,,3,64,,3
12:16:43,26.0,3,228de7396c2c661d27502c5b6e7efbb084c3d12d177076de169ba6a59ec91f02,-82,,3,64,2.0,3
12:16:44,26.0,3,86859f86fb3c8995ea7a6bee00323e081b1320dc2a0012df9bfde243bc090765,-83,,3,64,,3
12:16:45,26.0,3,86859f86fb3c8995ea7a6bee00323e081b1320dc2a0012df9bfde243bc090765,-74,,3,64,,3
12:16:46,26.0,3,86859f86fb3c8995ea7a6bee00323e081b1320dc2a0012df9bfde243bc090765,-81,,3,64,,3
12:16:47,26.0,3,86859f86fb3c8995ea7a6bee00323e081b1320dc2a0012df9bfde243bc090765,-80,,3,64,,3
12:16:47,26.0,3,08e0fa6bed6d76f49f139110ce8c9d601806c9f9bdf03001ad696e65dcf5e4ba,-85,,3,64,,3
12:16:48,26.0,3,08e0fa6bed6d76f49f139110ce8c9d601806c9f9bdf03001ad696e65dcf5e4ba,-84,,3,64,,3
12:16:49,26.0,3,8ee1bafdbc6f3b79465c8eb163cc0e380a6cb89350d4991a22a49958e7b11d3a,-81,,3,64,7.0,3
12:16:50,26.0,3,00b57b5f3bf85942473d080b069977aee76dcb498b38ecfe604ff29328195f68,-82,,3,64,12.0,3
12:16:51,,3,0ab0a2ef44889f861e1db331c70dd9ce5a4d82b59163089da3fe2f79091a540f,-62,,3,64,,3
12:16:51,26.0,3,86859f86fb3c8995ea7a6bee00323e081b1320dc2a0012df9bfde243bc090765,-78,,3,64,,3
12:16:52,26.0,3,3f4364adb08506a3f5d668c286ec5cffd677f9da03f3b7e2fe6e5a322cb50a9e,-85,,3,64,7.0,3
12:16:53,26.0,3,228de7396c2c661d27502c5b6e7efbb084c3d12d177076de169ba6a59ec91f02,-87,,3,64,2.0,3
12:16:54,26.0,3,1d7fdb6c9feb9a87b79ebec65c1915a30373e0f230236f65604efc0b6f269551,-36,,3,64,12.0,3
12:16:55,,3,0ab0a2ef44889f861e1db331c70dd9ce5a4d82b59163089da3fe2f79091a540f,-83,,3,64,,3
12:16:55,26.0,3,228de7396c2c661d27502c5b6e7efbb084c3d12d177076de169ba6a59ec91f02,-81,,3,64,2.0,3
12:16:56,26.0,3,8ee1bafdbc6f3b79465c8eb163cc0e380a6cb89350d4991a22a49958e7b11d3a,-89,,3,64,7.0,3
12:16:57,26.0,3,86859f86fb3c8995ea7a6bee00323e081b1320dc2a0012df9bfde243bc090765,-75,,3,64,,3
12:16:58,26.0,3,f1bd14fbfc0f4090b1bfbd33c44a160ec83b5290c9cfd930d76ce102550b6d68,-74,,3,64,7.0,3
12:16:59,26.0,3,3f4364adb08506a3f5d668c286ec5cffd677f9da03f3b7e2fe6e5a322cb50a9e,-83,,3,64,7.0,3
12:16:59,26.0,3,08e0fa6bed6d76f49f139110ce8c9d601806c9f9bdf03001ad696e65dcf5e4ba,-73,,3,64,,3
12:17:00,26.0,3,3f4364adb08506a3f5d668c286ec5cffd677f9da03f3b7e2fe6e5a322cb50a9e,-85,,3,64,7.0,3
12:17:01,26.0,3,86859f86fb3c8995ea7a6bee00323e081b1320dc2a0012df9bfde243bc090765,-83,,3,64,,3
12:17:02,26.0,3,1d7fdb6c9feb9a87b79ebec65c1915a30373e0f230236f65604efc0b6f269551,-40,,3,64,12.0,3
12:17:03,26.0,3,00b57b5f3bf85942473d080b069977aee76dcb498b38ecfe604ff29328195f68,-84,,3,64,12.0,3
12:17:03,,3,29ebc9a8cc12c2513dd596f910a234cb3e81ccea3f216e41d407c158be3fc519,-88,,3,64,,3
12:17:04,26.0,3,f1bd14fbfc0f4090b1bfbd33c44a160ec83b5290c9cfd930d76ce102550b6d68,-72,,3,64,7.0,3
12:17:05,26.0,3,8ee1bafdbc6f3b79465c8eb163cc0e380a6cb89350d4991a22a49958e7b11d3a,-83,,3,64,7.0,3
12:17:06,26.0,3,3f4364adb08506a3f5d668c286ec5cffd677f9da03f3b7e2fe6e5a322cb50a9e,-90,,3,64,7.0,3
12:17:06,26.0,3,3f4364adb08506a3f5d668c286ec5cffd677f9da03f3b7e2fe6e5a322cb50a9e,-79,,3,64,7.0,3
12:17:07,,3,29ebc9a8cc12c2513dd596f910a234cb3e81ccea3f216e41d407c158be3fc519,-81,,3,64,,3
12:17:08,26.0,3,228de7396c2c661d27502c5b6e7efbb084c3d12d177076de169ba6a59ec91f02,-71,,3,64,2.0,3
12:17:09,26.0,3,08e0fa6bed6d76f49f139110ce8c9d601806c9f9bdf03001ad696e65dcf5e4ba,-71,,3,64,,3
12:17:10,,3,af03da13d92f760ac38741f3ba1670dd7234048899f07f0670ff369e2945bbe3,-71,,3,64,,3
12:17:10,26.0,3,00b57b5f3bf85942473d080b069977aee76dcb498b38ecfe604ff29328195f68,-84,,3,64,12.0,3
12:17:11,26.0,3,00b57b5f3bf85942473d080b069977aee76dcb498b38ecfe604ff29328195f68,-82,,3,64,12.0,3
12:17:12,26.0,3,f1bd14fbfc0f4090b1bfbd33c44a160ec83b5290c9cfd930d76ce102550b6d68,-71,,3,64,7.0,3
12:17:13,26.0,3,1d7fdb6c9feb9a87b79ebec65c1915a30373e0f230236f65604efc0b6f269551,-49,,3,64,12.0,3
12:17:14,,3,33272dfa2c5966b5ae7aa0e931ba385edac6047ceabc83c2f12ecc6de29bfdbb,-86,,3,64,,3
12:17:14,,3,f7d7ae08e350542afcba00e1a0cef63fc425b66c31e7b39847061657da39d3c4,-94,,3,64,,3
12:17:15,26.0,3,3f4364adb08506a3f5d668c286ec5cffd677f9da03f3b7e2fe6e5a322cb50a9e,-82,,3,64,7.0,3
12:17:16,26.0,3,05991eeeafa475c9e9195d72a92f9759574c61753c2147cc81fa53e100cfba39,-76,,3,64,12.0,3
12:17:17,26.0,3,08e0fa6bed6d76f49f139110ce8c9d601806c9f9bdf03001ad696e65dcf5e4ba,-73,,3,64,,3
12:17:18,26.0,3,228de7396c2c661d27502c5b6e7efbb084c3d12d177076de169ba6a59ec91f02,-82,,3,64,2.0,3
12:17:18,,3,39f20a7b9ec00e03621d436868d4473fd4f6c156bc2fe0d28150fd6c9d1cd6ab,-72,,3,64,,3
12:17:19,26.0,3,3f4364adb08506a3f5d668c286ec5cffd677f9da03f3b7e2fe6e5a322cb50a9e,-88,,3,64,7.0,3
12:17:20,,3,f7d7ae08e350542afcba00e1a0cef63fc425b66c31e7b39847061657da39d3c4,-88,,3,64,,3
12:17:21,26.0,3,86859f86fb3c8995ea7a6bee00323e081b1320dc2a0012df9bfde243bc090765,-82,,3,64,,3
12:17:22,,3,33272dfa2c5966b5ae7aa0e931ba385edac6047ceabc83c2f12ecc6de29bfdbb,-83,,3,64,,3
12:17:22,,3,f7d7ae08e350542afcba00e1a0cef63fc425b66c31e7b39847061657da39d3c4,-86,,3,64,,3
12:17:23,26.0,3,1d7fdb6c9feb9a87b79ebec65c1915a30373e0f230236f65604efc0b6f269551,-60,,3,64,12.0,3
12:17:24,26.0,3,08e0fa6bed6d76f49f139110ce8c9d601806c9f9bdf03001ad696e65dcf5e4ba,-82,,3,64,,3
12:17:25,26.0,3,08e0fa6bed6d76f49f139110ce8c9d601806c9f9bdf03001ad696e65dcf5e4ba,-83,,3,64,,3
12:17:26,26.0,3,228de7396c2c661d27502c5b6e7efbb084c3d12d177076de169ba6a59ec91f02,-72,,3,64,2.0,3
12:17:26,26.0,3,f1bd14fbfc0f4090b1bfbd33c44a160ec83b5290c9cfd930d76ce102550b6d68,-75,,3,64,7.0,3
12:17:27,26.0,3,08e0fa6bed6d76f49f139110ce8c9d601806c9f9bdf03001ad696e65dcf5e4ba,-84,,3,64,,3
12:17:28,,3,8c1b8e7d1b96d67d005d7aac0e497874b492b138f4f82fec2eb39062762b7598,-80,,3,64,,3
12:17:29,26.0,3,86859f86fb3c8995ea7a6bee00323e081b1320dc2a0012df9bfde243bc090765,-78,,3,64,,3
12:17:30,26.0,3,2acfd7621b62dbc102099b2ba8815ab7ac4e097e504618702bd79f84b5ead840,-90,,3,64,12.0,3
12:17:30,26.0,3,05991eeeafa475c9e9195d72a92f9759574c61753c2147cc81fa53e100cfba39,-76,,3,64,12.0,3
12:17:31,26.0,3,08e0fa6bed6d76f49f139110ce8c9d601806c9f9bdf03001ad696e65dcf5e4ba,-74,,3,64,,3
12:17:32,26.0,3,3f4364adb08506a3f5d668c286ec5cffd677f9da03f3b7e2fe6e5a322cb50a9e,-82,,3,64,7.0,3
12:17:33,26.0,3,05991eeeafa475c9e9195d72a92f9759574c61753c2147cc81fa53e100cfba39,-70,,3,64,12.0,3
12:17:34,,3,f7d7ae08e350542afcba00e1a0cef63fc425b66c31e7b39847061657da39d3c4,-92,,3,64,,3
12:17:34,26.0,3,1d7fdb6c9feb9a87b79ebec65c1915a30373e0f230236f65604efc0b6f269551,-62,,3,64,12.0,3
12:17:35,26.0,3,1d7fdb6c9feb9a87b79ebec65c1915a30373e0f230236f65604efc0b6f269551,-54,,3,64,12.0,3
12:17:36,,3,8c1b8e7d1b96d67d005d7aac0e497874b492b138f4f82fec2eb39062762b7598,-70,,3,64,,3
12:17:37,,3,0ab0a2ef44889f861e1db331c70dd9ce5a4d82b59163089da3fe2f79091a540f,-74,,3,64,,3
12:17:38,,3,f7d7ae08e350542afcba00e1a0cef63fc425b66c31e7b39847061657da39d3c4,-94,,3,64,,3
12:17:38,,3,f7d7ae08e350542afcba00e1a0cef63fc425b66c31e7b39847061657da39d3c4,-88,,3,64,,3
12:17:39,26.0,3,86859f86fb3c8995ea7a6bee00323e081b1320dc2a0012df9bfde243bc090765,-74,,3,64,,3
12:17:40,26.0,3,3f4364adb08506a3f5d668c286ec5cffd677f9da03f3b7e2fe6e5a322cb50a9e,-85,,3,64,7.0,3
12:17:41,26.0,3,f1bd14fbfc0f4090b1bfbd33c44a160ec83b5290c9cfd930d76ce102550b6d68,-76,,3,64,7.0,3
12:17:41,26.0,3,00b57b5f3bf85942473d080b069977aee76dcb498b38ecfe604ff29328195f68,-82,,3,64,12.0,3
12:17:42,,3,f7d7ae08e350542afcba00e1a0cef63fc425b66c31e7b39847061657da39d3c4,-88,,3,64,,3
12:17:43,26.0,3,86859f86fb3c8995ea7a6bee00323e081b1320dc2a0012df9bfde243bc090765,-94,,3,64,,3
12:17:44,,3,af03da13d92f760ac38741f3ba1670dd7234048899f07f0670ff369e2945bbe3,-68,,3,64,,3
12:17:44,,3,0ab0a2ef44889f861e1db331c70dd9ce5a4d82b59163089da3fe2f79091a540f,-69,,3,64,,3
12:17:45,,3,29ebc9a8cc12c2513dd596f910a234cb3e81ccea3f216e41d407c158be3fc519,-91,,3,64,,3
12:17:46,26.0,3,1d7fdb6c9feb9a87b79ebec65c1915a30373e0f230236f65604efc0b6f269551,-55,,3,64,12.0,3
12:17:47,26.0,3,1d7fdb6c9feb9a87b79ebec65c1915a30373e0f230236f65604efc0b6f269551,-57,,3,64,12.0,3
12:17:48,,3,f7d7ae08e350542afcba00e1a0cef63fc425b66c31e7b39847061657da39d3c4,-88,,3,64,,3
12:17:49,26.0,3,05991eeeafa475c9e9195d72a92f9759574c61753c2147cc81fa53e100cfba39,-65,,3,64,12.0,3
12:17:49,26.0,3,08e0fa6bed6d76f49f139110ce8c9d601806c9f9bdf03001ad696e65dcf5e4ba,-83,,3,64,,3
12:17:50,26.0,3,08e0fa6bed6d76f49f139110ce8c9d601806c9f9bdf03001ad696e65dcf5e4ba,-90,,3,64,,3
12:17:51,26.0,3,86859f86fb3c8995ea7a6bee00323e081b1320dc2a0012df9bfde243bc090765,-80,,3,64,,3
12:17:52,,3,f7d7ae08e350542afcba00e1a0cef63fc425b66c31e7b39847061657da39d3c4,-92,,3,64,,3
12:17:53,26.0,3,228de7396c2c661d27502c5b6e7efbb084c3d12d177076de169ba6a59ec91f02,-81,,3,64,2.0,3
12:17:53,,3,29ebc9a8cc12c2513dd596f910a234cb3e81ccea3f216e41d407c158be3fc519,-78,,3,64,,3
12:17:54,26.0,3,00b57b5f3bf85942473d080b069977aee76dcb498b38ecfe604ff29328195f68,-81,,3,64,12.0,3
12:17:55,26.0,3,8ee1bafdbc6f3b79465c8eb163cc0e380a6cb89350d4991a22a49958e7b11d3a,-78,,3,64,7.0,3
12:17:56,,3,33272dfa2c5966b5ae7aa0e931ba385edac6047ceabc83c2f12ecc6de29bfdbb,-80,,3,64,,3
12:17:57,26.0,3,08e0fa6bed6d76f49f139110ce8c9d601806c9f9bdf03001ad696e65dcf5e4ba,-82,,3,64,,3
12:17:57,,3,f7d7ae08e350542afcba00e1a0cef63fc425b66c31e7b39847061657da39d3c4,-92,,3,64,,3
12:17:58,26.0,3,1d7fdb6c9feb9a87b79ebec65c1915a30373e0f230236f65604efc0b6f269551,-46,,3,64,12.0,3
12:17:59,26.0,3,05991eeeafa475c9e9195d72a92f9759574c61753c2147cc81fa53e100cfba39,-72,,3,64,12.0,3
12:18:00,,3,33272dfa2c5966b5ae7aa0e931ba385edac6047ceabc83c2f12ecc6de29bfdbb,-89,,3,64,,3
12:18:01,26.0,3,1d7fdb6c9feb9a87b79ebec65c1915a30373e0f230236f65604efc0b6f269551,-38,,3,64,12.0,3
12:18:01,26.0,3,05991eeeafa475c9e9195d72a92f9759574c61753c2147cc81fa53e100cfba39,-72,,3,64,12.0,3
12:18:02,,3,e3627c91579ea967b8266a73661949621d6d8bf512ee1eaeb2ddd5f29f5315ac,-73,,3,64,,3
12:18:03,26.0,3,f1bd14fbfc0f4090b1bfbd33c44a160ec83b5290c9cfd930d76ce102550b6d68,-70,,3,64,7.0,3
12:18:04,,3,af03da13d92f760ac38741f3ba1670dd7234048899f07f0670ff369e2945bbe3,-69,,3,64,,3
12:18:04,,3,39f20a7b9ec00e03621d436868d4473fd4f6c156bc2fe0d28150fd6c9d1cd6ab,-74,,3,64,,3
12:18:05,26.0,3,05991eeeafa475c9e9195d72a92f9759574c61753c2147cc81fa53e100cfba39,-75,,3,64,12.0,3
12:18:06,26.0,3,f1bd14fbfc0f4090b1bfbd33c44a160ec83b5290c9cfd930d76ce102550b6d68,-68,,3,64,7.0,3
12:18:07,,3,f7d7ae08e350542afcba00e1a0cef63fc425b66c31e7b39847061657da39d3c4,-90,,3,64,,3
12:18:08,26.0,3,05991eeeafa475c9e9195d72a92f9759574c61753c2147cc81fa53e100cfba39,-70,,3,64,12.0,3
12:18:09,26.0,3,8ee1bafdbc6f3b79465c8eb163cc0e380a6cb89350d4991a22a49958e7b11d3a,-81,,3,64,7.0,3
12:18:09,,3,f7d7ae08e350542afcba00e1a0cef63fc425b66c31e7b39847061657da39d3c4,-91,,3,64,,3
12:18:10,26.0,3,08e0fa6bed6d76f49f139110ce8c9d601806c9f9bdf03001ad696e65dcf5e4ba,-84,,3,64,,3
12:18:11,,3,f7d7ae08e350542afcba00e1a0cef63fc425b66c31e7b39847061657da39d3c4,-93,,3,64,,3
12:18:12,26.0,3,86859f86fb3c8995ea7a6bee00323e081b1320dc2a0012df9bfde243bc090765,-80,,3,64,,3
12:18:13,26.0,3,05991eeeafa475c9e9195d72a92f9759574c61753c2147cc81fa53e100cfba39,-70,,3,64,12.0,3
12:18:13,26.0,3,8ee1bafdbc6f3b79465c8eb163cc0e380a6cb89350d4991a22a49958e7b11d3a,-86,,3,64,7.0,3
12:18:14,26.0,3,08e0fa6bed6d76f49f139110ce8c9d601806c9f9bdf03001ad696e65dcf5e4ba,-79,,3,64,,3
12:18:15,,3,f7d7ae08e350542afcba00e1a0cef63fc425b66c31e7b39847061657da39d3c4,-93,,3,64,,3
12:18:16,,3,af03da13d92f760ac38741f3ba1670dd7234048899f07f0670ff369e2945bbe3,-69,,3,64,,3
12:18:17,,3,f7d7ae08e350542afcba00e1a0cef63fc425b66c31e7b39847061657da39d3c4,-91,,3,64,,3
12:18:17,26.0,3,00b57b5f3bf85942473d080b069977aee76dcb498b38ecfe604ff29328195f68,-79,,3,64,12.0,3
12:18:18,26.0,3,f1bd14fbfc0f4090b1bfbd33c44a160ec83b5290c9cfd930d76ce102550b6d68,-76,,3,64,7.0,3
12:18:19,26.0,3,2acfd7621b62dbc102099b2ba8815ab7ac4e097e504618702bd79f84b5ead840,-87,,3,64,12.0,3
12:18:20,26.0,3,86859f86fb3c8995ea7a6bee00323e081b1320dc2a0012df9bfde243bc090765,-74,,3,64,,3
12:18:21,26.0,3,8ee1bafdbc6f3b79465c8eb163cc0e380a6cb89350d4991a22a49958e7b11d3a,-83,,3,64,7.0,3
12:18:21,,3,29ebc9a8cc12c2513dd596f910a234cb3e81ccea3f216e41d407c158be3fc519,-87,,3,64,,3
12:18:22,26.0,3,00b57b5f3bf85942473d080b069977aee76dcb498b38ecfe604ff29328195f68,-80,,3,64,12.0,3
12:18:23,26.0,3,f1bd14fbfc0f4090b1bfbd33c44a160ec83b5290c9cfd930d76ce102550b6d68,-82,,3,64,7.0,3
12:18:24,,3,f7d7ae08e350542afcba00e1a0cef63fc425b66c31e7b39847061657da39d3c4,-89,,3,64,,3
12:18:25,,3,39f20a7b9ec00e03621d436868d4473fd4f6c156bc2fe0d28150fd6c9d1cd6ab,-71,,3,64,,3
12:18:25,26.0,3,05991eeeafa475c9e9195d72a92f9759574c61753c2147cc81fa53e100cfba39,-75,,3,64,12.0,3
12:18:26,26.0,3,3f4364adb08506a3f5d668c286ec5cffd677f9da03f3b7e2fe6e5a322cb50a9e,-80,,3,64,7.0,3
12:18:27,26.0,3,3f4364adb08506a3f5d668c286ec5cffd677f9da03f3b7e2fe6e5a322cb50a9e,-85,,3,64,7.0,3
12:18:28,,3,f7d7ae08e350542afcba00e1a0cef63fc425b66c31e7b39847061657da39d3c4,-93,,3,64,,3
12:18:29,26.0,3,00b57b5f3bf85942473d080b069977aee76dcb498b38ecfe604ff29328195f68,-78,,3,64,12.0,3
12:18:29,26.0,3,8ee1bafdbc6f3b79465c8eb163cc0e380a6cb89350d4991a22a49958e7b11d3a,-90,,3,64,7.0,3
12:18:30,26.0,3,08e0fa6bed6d76f49f139110ce8c9d601806c9f9bdf03001ad696e65dcf5e4ba,-92,,3,64,,3
12:18:31,,3,f7d7ae08e350542afcba00e1a0cef63fc425b66c31e7b39847061657da39d3c4,-94,,3,64,,3
12:18:32,26.0,3,86859f86fb3c8995ea7a6bee00323e081b1320dc2a0012df9bfde243bc090765,-81,,3,64,,3
12:18:33,26.0,3,00b57b5f3bf85942473d080b069977aee76dcb498b38ecfe604ff29328195f68,-76,,3,64,12.0,3
12:18:33,26.0,3,3f4364adb08506a3f5d668c286ec5cffd677f9da03f3b7e2fe6e5a322cb50a9e,-78,,3,64,7.0,3
12:18:34,,3,f7d7ae08e350542afcba00e1a0cef63fc425b66c31e7b39847061657da39d3c4,-92,,3,64,,3
12:18:35,26.0,3,3f4364adb08506a3f5d668c286ec5cffd677f9da03f3b7e2fe6e5a322cb50a9e,-78,,3,64,7.0,3
12:18:36,26.0,3,228de7396c2c661d27502c5b6e7efbb084c3d12d177076de169ba6a59ec91f02,-69,,3,64,2.0,3
12:18:37,,3,f7d7ae08e350542afcba00e1a0cef63fc425b66c31e7b39847061657da39d3c4,-91,,3,64,,3
12:18:37,26.0,3,05991eeeafa475c9e9195d72a92f9759574c61753c2147cc81fa53e100cfba39,-75,,3,64,12.0,3
12:18:38,26.0,3,2acfd7621b62dbc102099b2ba8815ab7ac4e097e504618702bd79f84b5ead840,-83,,3,64,12.0,3
12:18:39,,3,f7d7ae08e350542afcba00e1a0cef63fc425b66c31e7b39847061657da39d3c4,-89,,3,64,,3
12:18:40,26.0,3,00b57b5f3bf85942473d080b069977aee76dcb498b38ecfe604ff29328195f68,-75,,3,64,12.0,3
12:18:41,26.0,3,86859f86fb3c8995ea7a6bee00323e081b1320dc2a0012df9bfde243bc090765,-78,,3,64,,3
12:18:41,26.0,3,05991eeeafa475c9e9195d72a92f9759574c61753c2147cc81fa53e100cfba39,-78,,3,64,12.0,3
12:18:42,26.0,3,3f4364adb08506a3f5d668c286ec5cffd677f9da03f3b7e2fe6e5a322cb50a9e,-88,,3,64,7.0,3
12:18:43,26.0,3,8ee1bafdbc6f3b79465c8eb163cc0e380a6cb89350d4991a22a49958e7b11d3a,-86,,3,64,7.0,3
12:18:44,26.0,3,bb2f2f07f7334b6a6a5ef0e46d0b5c802e8b8eca3787af62ced8b2787446848a,-76,,3,64,12.0,3
12:18:45,26.0,3,f1bd14fbfc0f4090b1bfbd33c44a160ec83b5290c9cfd930d76ce102550b6d68,-80,,3,64,7.0,3
12:18:45,26.0,3,f1bd14fbfc0f4090b1bfbd33c44a160ec83b5290c9cfd930d76ce102550b6d68,-71,,3,64,7.0,3
12:18:46,26.0,3,f1bd14fbfc0f4090b1bfbd33c44a160ec83b5290c9cfd930d76ce102550b6d68,-86,,3,64,7.0,3
12:18:47,,3,f7d7ae08e350542afcba00e1a0cef63fc425b66c31e7b39847061657da39d3c4,-98,,3,64,,3
12:18:48,26.0,3,08e0fa6bed6d76f49f139110ce8c9d601806c9f9bdf03001ad696e65dcf5e4ba,-73,,3,64,,3
12:18:49,,3,39f20a7b9ec00e03621d436868d4473fd4f6c156bc2fe0d28150fd6c9d1cd6ab,-69,,3,64,,3
12:18:49,26.0,3,2acfd7621b62dbc102099b2ba8815ab7ac4e097e504618702bd79f84b5ead840,-84,,3,64,12.0,3
12:18:50,26.0,3,3f4364adb08506a3f5d668c286ec5cffd677f9da03f3b7e2fe6e5a322cb50a9e,-89,,3,64,7.0,3
12:18:51,26.0,3,bb2f2f07f7334b6a6a5ef0e46d0b5c802e8b8eca3787af62ced8b2787446848a,-75,,3,64,12.0,3
12:18:52,,3,af03da13d92f760ac38741f3ba1670dd7234048899f07f0670ff369e2945bbe3,-77,,3,64,,3
12:18:53,26.0,3,f1bd14fbfc0f4090b1bfbd33c44a160ec83b5290c9cfd930d76ce102550b6d68,-81,,3,64,7.0,3
12:18:53,26.0,3,86859f86fb3c8995ea7a6bee00323e081b1320dc2a0012df9bfde243bc090765,-80,,3,64,,3
12:18:54,26.0,3,2acfd7621b62dbc102099b2ba8815ab7ac4e097e504618702bd79f84b5ead840,-84,,3,64,12.0,3
12:18:55,26.0,3,00b57b5f3bf85942473d080b069977aee76dcb498b38ecfe604ff29328195f68,-90,,3,64,12.0,3
12:18:56,26.0,3,2acfd7621b62dbc102099b2ba8815ab7ac4e097e504618702bd79f84b5ead840,-83,,3,64,12.0,3
12:18:57,26.0,3,2acfd7621b62dbc102099b2ba8815ab7ac4e097e504618702bd79f84b5ead840,-83,,3,64,12.0,3
12:18:57,26.0,3,08e0fa6bed6d76f49f139110ce8c9d601806c9f9bdf03001ad696e65dcf5e4ba,-86,,3,64,,3
12:18:58,26.0,3,bb2f2f07f7334b6a6a5ef0e46d0b5c802e8b8eca3787af62ced8b2787446848a,-69,,3,64,12.0,3
12:18:59,26.0,3,3f4364adb08506a3f5d668c286ec5cffd677f9da03f3b7e2fe6e5a322cb50a9e,-87,,3,64,7.0,3
12:19:00,26.0,3,f1bd14fbfc0f4090b1bfbd33c44a160ec83b5290c9cfd930d76ce102550b6d68,-71,,3,64,7.0,3
12:19:01,26.0,3,bb2f2f07f7334b6a6a5ef0e46d0b5c802e8b8eca3787af62ced8b2787446848a,-69,,3,64,12.0,3
12:19:01,26.0,3,f1bd14fbfc0f4090b1bfbd33c44a160ec83b5290c9cfd930d76ce102550b6d68,-79,,3,64,7.0,3
12:19:02,26.0,3,08e0fa6bed6d76f49f139110ce8c9d601806c9f9bdf03001ad696e65dcf5e4ba,-90,,3,64,,3
12:19:03,26.0,3,f1bd14fbfc0f4090b1bfbd33c44a160ec83b5290c9cfd930d76ce102550b6d68,-74,,3,64,7.0,3
12:19:04,,3,af03da13d92f760ac38741f3ba1670dd7234048899f07f0670ff369e2945bbe3,-80,,3,64,,3
12:19:04,,3,39f20a7b9ec00e03621d436868d4473fd4f6c156bc2fe0d28150fd6c9d1cd6ab,-71,,3,64,,3
12:19:05,26.0,3,86859f86fb3c8995ea7a6bee00323e081b1320dc2a0012df9bfde243bc090765,-81,,3,64,,3
12:19:06,26.0,3,08e0fa6bed6d76f49f139110ce8c9d601806c9f9bdf03001ad696e65dcf5e4ba,-74,,3,64,,3
12:19:07,26.0,3,2acfd7621b62dbc102099b2ba8815ab7ac4e097e504618702bd79f84b5ead840,-78,,3,64,12.0,3
12:19:08,26.0,3,2acfd7621b62dbc102099b2ba8815ab7ac4e097e504618702bd79f84b5ead840,-77,,3,64,12.0,3
12:19:08,26.0,3,f1bd14fbfc0f4090b1bfbd33c44a160ec83b5290c9cfd930d76ce102550b6d68,-73,,3,64,7.0,3
12:19:09,,3,e3627c91579ea967b8266a73661949621d6d8bf512ee1eaeb2ddd5f29f5315ac,-70,,3,64,,3
12:19:10,,3,8c1b8e7d1b96d67d005d7aac0e497874b492b138f4f82fec2eb39062762b7598,-82,,3,64,,3
12:19:11,26.0,3,bb2f2f07f7334b6a6a5ef0e46d0b5c802e8b8eca3787af62ced8b2787446848a,-70,,3,64,12.0,3
12:19:12,,3,af03da13d92f760ac38741f3ba1670dd7234048899f07f0670ff369e2945bbe3,-77,,3,64,,3
12:19:12,26.0,3,00b57b5f3bf85942473d080b069977aee76dcb498b38ecfe604ff29328195f68,-76,,3,64,12.0,3
12:19:13,,3,cac93239b5e3fbe6b5d7d64ed1b243e95c2fe854a49670807178f19c879728a2,-36,,3,64,,3
12:19:14,,3,8c1b8e7d1b96d67d005d7aac0e497874b492b138f4f82fec2eb39062762b7598,-76,,3,64,,3
12:19:15,,3,f7d7ae08e350542afcba00e1a0cef63fc425b66c31e7b39847061657da39d3c4,-89,,3,64,,3
12:19:16,26.0,3,f1bd14fbfc0f4090b1bfbd33c44a160ec83b5290c9cfd930d76ce102550b6d68,-74,,3,64,7.0,3
12:19:16,26.0,3,08e0fa6bed6d76f49f139110ce8c9d601806c9f9bdf03001ad696e65dcf5e4ba,-74,,3,64,,3
12:19:17,,3,cac93239b5e3fbe6b5d7d64ed1b243e95c2fe854a49670807178f19c879728a2,-34,,3,64,,3
12:19:18,,3,f7d7ae08e350542afcba00e1a0cef63fc425b66c31e7b39847061657da39d3c4,-88,,3,64,,3
12:19:19,26.0,3,08e0fa6bed6d76f49f139110ce8c9d601806c9f9bdf03001ad696e65dcf5e4ba,-74,,3,64,,3
12:19:20,,3,af03da13d92f760ac38741f3ba1670dd7234048899f07f0670ff369e2945bbe3,-83,,3,64,,3
12:19:20,26.0,3,86859f86fb3c8995ea7a6bee00323e081b1320dc2a0012df9bfde243bc090765,-81,,3,64,,3
12:19:21,,3,cac93239b5e3fbe6b5d7d64ed1b243e95c2fe854a49670807178f19c879728a2,-34,,3,64,,3
12:19:22,,3,8c1b8e7d1b96d67d005d7aac0e497874b492b138f4f82fec2eb39062762b7598,-79,,3,64,,3
12:19:23,26.0,3,08e0fa6bed6d76f49f139110ce8c9d601806c9f9bdf03001ad696e65dcf5e4ba,-82,,3,64,,3
12:19:23,,3,33272dfa2c5966b5ae7aa0e931ba385edac6047ceabc83c2f12ecc6de29bfdbb,-87,,3,64,,3
12:19:24,26.0,3,f1bd14fbfc0f4090b1bfbd33c44a160ec83b5290c9cfd930d76ce102550b6d68,-69,,3,64,7.0,3
12:19:25,,3,cac93239b5e3fbe6b5d7d64ed1b243e95c2fe854a49670807178f19c879728a2,-37,,3,64,,3
12:19:26,,3,8c1b8e7d1b96d67d005d7aac0e497874b492b138f4f82fec2eb39062762b7598,-73,,3,64,,3
12:19:27,26.0,3,f1bd14fbfc0f4090b1bfbd33c44a160ec83b5290c9cfd930d76ce102550b6d68,-76,,3,64,7.0,3
12:19:28,,3,af03da13d92f760ac38741f3ba1670dd7234048899f07f0670ff369e2945bbe3,-81,,3,64,,3
12:19:28,26.0,3,f1bd14fbfc0f4090b1bfbd33c44a160ec83b5290c9cfd930d76ce102550b6d68,-73,,3,64,7.0,3
12:19:29,,3,e3627c91579ea967b8266a73661949621d6d8bf512ee1eaeb2ddd5f29f5315ac,-71,,3,64,,3
12:19:29,,3,8c1b8e7d1b96d67d005d7aac0e497874b492b138f4f82fec2eb39062762b7598,-79,,3,64,,3
12:19:31,,3,f7d7ae08e350542afcba00e1a0cef63fc425b66c31e7b39847061657da39d3c4,-89,,3,64,,3
12:19:31,,3,af03da13d92f760ac38741f3ba1670dd7234048899f07f0670ff369e2945bbe3,-81,,3,64,,3
12:19:32,26.0,3,2acfd7621b62dbc102099b2ba8815ab7ac4e097e504618702bd79f84b5ead840,-72,,3,64,12.0,3
12:19:33,,3,f7d7ae08e350542afcba00e1a0cef63fc425b66c31e7b39847061657da39d3c4,-91,,3,64,,3
12:19:34,26.0,3,86859f86fb3c8995ea7a6bee00323e081b1320dc2a0012df9bfde243bc090765,-86,,3,64,,3
12:19:35,,3,39f20a7b9ec00e03621d436868d4473fd4f6c156bc2fe0d28150fd6c9d1cd6ab,-72,,3,64,,3
12:19:36,,3,f7d7ae08e350542afcba00e1a0cef63fc425b66c31e7b39847061657da39d3c4,-91,,3,64,,3
12:19:36,26.0,3,3f4364adb08506a3f5d668c286ec5cffd677f9da03f3b7e2fe6e5a322cb50a9e,-85,,3,64,7.0,3
12:19:37,26.0,3,bb2f2f07f7334b6a6a5ef0e46d0b5c802e8b8eca3787af62ced8b2787446848a,-71,,3,64,12.0,3
12:19:38,26.0,3,f1bd14fbfc0f4090b1bfbd33c44a160ec83b5290c9cfd930d76ce102550b6d68,-71,,3,64,7.0,3
12:19:39,26.0,3,86859f86fb3c8995ea7a6bee00323e081b1320dc2a0012df9bfde243bc090765,-88,,3,64,,3
12:19:40,26.0,3,2acfd7621b62dbc102099b2ba8815ab7ac4e097e504618702bd79f84b5ead840,-85,,3,64,12.0,3
12:19:40,26.0,3,2acfd7621b62dbc102099b2ba8815ab7ac4e097e504618702bd79f84b5ead840,-80,,3,64,12.0,3
12:19:41,,3,af03da13d92f760ac38741f3ba1670dd7234048899f07f0670ff369e2945bbe3,-77,,3,64,,3
12:19:42,26.0,3,86859f86fb3c8995ea7a6bee00323e081b1320dc2a0012df9bfde243bc090765,-80,,3,64,,3
12:19:43,26.0,3,08e0fa6bed6d76f49f139110ce8c9d601806c9f9bdf03001ad696e65dcf5e4ba,-75,,3,64,,3
12:19:44,26.0,3,f1bd14fbfc0f4090b1bfbd33c44a160ec83b5290c9cfd930d76ce102550b6d68,-71,,3,64,7.0,3
12:19:44,26.0,3,f1bd14fbfc0f4090b1bfbd33c44a160ec83b5290c9cfd930d76ce102550b6d68,-70,,3,64,7.0,3
12:19:45,26.0,3,86859f86fb3c8995ea7a6bee00323e081b1320dc2a0012df9bfde243bc090765,-78,,3,64,,3
12:19:46,26.0,3,86859f86fb3c8995ea7a6bee00323e081b1320dc2a0012df9bfde243bc090765,-88,,3,64,,3
12:19:47,26.0,3,228de7396c2c661d27502c5b6e7efbb084c3d12d177076de169ba6a59ec91f02,-72,,3,64,2.0,3
12:19:48,26.0,3,3f4364adb08506a3f5d668c286ec5cffd677f9da03f3b7e2fe6e5a322cb50a9e,-86,,3,64,7.0,3
12:19:48,26.0,3,08e0fa6bed6d76f49f139110ce8c9d601806c9f9bdf03001ad696e65dcf5e4ba,-83,,3,64,,3
12:19:49,,3,cac93239b5e3fbe6b5d7d64ed1b243e95c2fe854a49670807178f19c879728a2,-34,,3,64,,3
12:19:50,,3,8c1b8e7d1b96d67d005d7aac0e497874b492b138f4f82fec2eb39062762b7598,-85,,3,64,,3
12:19:51,26.0,3,08e0fa6bed6d76f49f139110ce8c9d601806c9f9bdf03001ad696e65dcf5e4ba,-87,,3,64,,3
12:19:52,26.0,3,3f4364adb08506a3f5d668c286ec5cffd677f9da03f3b7e2fe6e5a322cb50a9e,-88,,3,64,7.0,3
12:19:52,26.0,3,08e0fa6bed6d76f49f139110ce8c9d601806c9f9bdf03001ad696e65dcf5e4ba,-88,,3,64,,3
12:19:53,26.0,3,f1bd14fbfc0f4090b1bfbd33c44a160ec83b5290c9cfd930d76ce102550b6d68,-71,,3,64,7.0,3
12:19:54,26.0,3,2acfd7621b62dbc102099b2ba8815ab7ac4e097e504618702bd79f84b5ead840,-88,,3,64,12.0,3
12:19:55,,3,39f20a7b9ec00e03621d436868d4473fd4f6c156bc2fe0d28150fd6c9d1cd6ab,-71,,3,64,,3
12:19:56,,3,29ebc9a8cc12c2513dd596f910a234cb3e81ccea3f216e41d407c158be3fc519,-87,,3,64,,3
12:19:56,26.0,3,86859f86fb3c8995ea7a6bee00323e081b1320dc2a0012df9bfde243bc090765,-81,,3,64,,3
12:19:57,26.0,3,86859f86fb3c8995ea7a6bee00323e081b1320dc2a0012df9bfde243bc090765,-81,,3,64,,3
12:19:58,,3,f7d7ae08e350542afcba00e1a0cef63fc425b66c31e7b39847061657da39d3c4,-92,,3,64,,3
12:19:59,,3,39f20a7b9ec00e03621d436868d4473fd4f6c156bc2fe0d28150fd6c9d1cd6ab,-72,,3,64,,3
12:20:00,26.0,3,86859f86fb3c8995ea7a6bee00323e081b1320dc2a0012df9bfde243bc090765,-78,,3,64,,3
12:20:00,26.0,3,3f4364adb08506a3f5d668c286ec5cffd677f9da03f3b7e2fe6e5a322cb50a9e,-92,,3,64,7.0,3
12:20:01,26.0,3,08e0fa6bed6d76f49f139110ce8c9d601806c9f9bdf03001ad696e65dcf5e4ba,-85,,3,64,,3
12:20:02,,3,8c1b8e7d1b96d67d005d7aac0e497874b492b138f4f82fec2eb39062762b7598,-79,,3,64,,3
12:20:03,26.0,3,f1bd14fbfc0f4090b1bfbd33c44a160ec83b5290c9cfd930d76ce102550b6d68,-69,,3,64,7.0,3
12:20:04,26.0,3,08e0fa6bed6d76f49f139110ce8c9d601806c9f9bdf03001ad696e65dcf5e4ba,-76,,3,64,,3
12:20:04,26.0,3,f1bd14fbfc0f4090b1bfbd33c44a160ec83b5290c9cfd930d76ce102550b6d68,-72,,3,64,7.0,3
12:20:05,,3,cac93239b5e3fbe6b5d7d64ed1b243e95c2fe854a49670807178f19c879728a2,-36,,3,64,,3
12:20:06,26.0,3,3f4364adb08506a3f5d668c286ec5cffd677f9da03f3b7e2fe6e5a322cb50a9e,-83,,3,64,7.0,3
12:20:07,26.0,3,f1bd14fbfc0f4090b1bfbd33c44a160ec83b5290c9cfd930d76ce102550b6d68,-67,,3,64,7.0,3
12:20:08,26.0,3,8ee1bafdbc6f3b79465c8eb163cc0e380a6cb89350d4991a22a49958e7b11d3a,-89,,3,64,7.0,3
12:20:08,26.0,3,f1bd14fbfc0f4090b1bfbd33c44a160ec83b5290c9cfd930d76ce102550b6d68,-69,,3,64,7.0,3
12:20:09,26.0,3,08e0fa6bed6d76f49f139110ce8c9d601806c9f9bdf03001ad696e65dcf5e4ba,-78,,3,64,,3
12:20:10,26.0,3,86859f86fb3c8995ea7a6bee00323e081b1320dc2a0012df9bfde243bc090765,-83,,3,64,,3
12:20:11,26.0,3,86859f86fb3c8995ea7a6bee00323e081b1320dc2a0012df9bfde243bc090765,-77,,3,64,,3
12:20:12,26.0,3,f1bd14fbfc0f4090b1bfbd33c44a160ec83b5290c9cfd930d76ce102550b6d68,-74,,3,64,7.0,3
12:20:12,26.0,3,86859f86fb3c8995ea7a6bee00323e081b1320dc2a0012df9bfde243bc090765,-76,,3,64,,3
12:20:13,26.0,3,08e0fa6bed6d76f49f139110ce8c9d601806c9f9bdf03001ad696e65dcf5e4ba,-76,,3,64,,3
12:20:14,,3,8a4bf71a62b10b6d1bf52037f2a2a9643f8800b83ab4dc15afec233af74c777d,-70,,3,64,,3
12:20:15,26.0,3,86859f86fb3c8995ea7a6bee00323e081b1320dc2a0012df9bfde243bc090765,-83,,3,64,,3
12:20:16,26.0,3,3f4364adb08506a3f5d668c286ec5cffd677f9da03f3b7e2fe6e5a322cb50a9e,-84,,3,64,7.0,3
12:20:16,26.0,3,f1bd14fbfc0f4090b1bfbd33c44a160ec83b5290c9cfd930d76ce102550b6d68,-70,,3,64,7.0,3
12:20:17,26.0,3,228de7396c2c661d27502c5b6e7efbb084c3d12d177076de169ba6a59ec91f02,-87,,3,64,2.0,3
12:20:18,26.0,3,08e0fa6bed6d76f49f139110ce8c9d601806c9f9bdf03001ad696e65dcf5e4ba,-75,,3,64,,3
12:20:19,26.0,3,08e0fa6bed6d76f49f139110ce8c9d601806c9f9bdf03001ad696e65dcf5e4ba,-76,,3,64,,3
12:20:20,26.0,3,f1bd14fbfc0f4090b1bfbd33c44a160ec83b5290c9cfd930d76ce102550b6d68,-70,,3,64,7.0,3
12:20:20,26.0,3,08e0fa6bed6d76f49f139110ce8c9d601806c9f9bdf03001ad696e65dcf5e4ba,-76,,3,64,,3
12:20:21,26.0,3,08e0fa6bed6d76f49f139110ce8c9d601806c9f9bdf03001ad696e65dcf5e4ba,-79,,3,64,,3
12:20:22,,3,0ab0a2ef44889f861e1db331c70dd9ce5a4d82b59163089da3fe2f79091a540f,-71,,3,64,,3
12:20:23,26.0,3,3f4364adb08506a3f5d668c286ec5cffd677f9da03f3b7e2fe6e5a322cb50a9e,-90,,3,64,7.0,3
12:20:24,26.0,3,f1bd14fbfc0f4090b1bfbd33c44a160ec83b5290c9cfd930d76ce102550b6d68,-69,,3,64,7.0,3
12:20:24,,3,f7d7ae08e350542afcba00e1a0cef63fc425b66c31e7b39847061657da39d3c4,-95,,3,64,,3
12:20:25,26.0,3,86859f86fb3c8995ea7a6bee00323e081b1320dc2a0012df9bfde243bc090765,-77,,3,64,,3
12:20:26,,3,e3627c91579ea967b8266a73661949621d6d8bf512ee1eaeb2ddd5f29f5315ac,-68,,3,64,,3
12:20:27,26.0,3,f1bd14fbfc0f4090b1bfbd33c44a160ec83b5290c9cfd930d76ce102550b6d68,-73,,3,64,7.0,3
12:20:28,26.0,3,08e0fa6bed6d76f49f139110ce8c9d601806c9f9bdf03001ad696e65dcf5e4ba,-90,,3,64,,3
12:20:28,26.0,3,08e0fa6bed6d76f49f139110ce8c9d601806c9f9bdf03001ad696e65dcf5e4ba,-86,,3,64,,3
12:20:29,26.0,3,08e0fa6bed6d76f49f139110ce8c9d601806c9f9bdf03001ad696e65dcf5e4ba,-86,,3,64,,3
12:20:30,26.0,3,08e0fa6bed6d76f49f139110ce8c9d601806c9f9bdf03001ad696e65dcf5e4ba,-85,,3,64,,3
12:20:31,,3,af03da13d92f760ac38741f3ba1670dd7234048899f07f0670ff369e2945bbe3,-71,,3,64,,3
12:20:31,26.0,3,228de7396c2c661d27502c5b6e7efbb084c3d12d177076de169ba6a59ec91f02,-78,,3,64,2.0,3
12:20:32,26.0,3,f1bd14fbfc0f4090b1bfbd33c44a160ec83b5290c9cfd930d76ce102550b6d68,-73,,3,64,7.0,3
12:20:33,,3,f7d7ae08e350542afcba00e1a0cef63fc425b66c31e7b39847061657da39d3c4,-90,,3,64,,3
12:20:34,26.0,3,f1bd14fbfc0f4090b1bfbd33c44a160ec83b5290c9cfd930d76ce102550b6d68,-70,,3,64,7.0,3
12:20:35,26.0,3,228de7396c2c661d27502c5b6e7efbb084c3d12d177076de169ba6a59ec91f02,-81,,3,64,2.0,3
12:20:35,26.0,3,228de7396c2c661d27502c5b6e7efbb084c3d12d177076de169ba6a59ec91f02,-81,,3,64,2.0,3
12:20:36,,3,f7d7ae08e350542afcba00e1a0cef63fc425b66c31e7b39847061657da39d3c4,-96,,3,64,,3
12:20:37,26.0,3,228de7396c2c661d27502c5b6e7efbb084c3d12d177076de169ba6a59ec91f02,-79,,3,64,2.0,3
12:20:38,26.0,3,228de7396c2c661d27502c5b6e7efbb084c3d12d177076de169ba6a59ec91f02,-83,,3,64,2.0,3
12:20:39,,3,af03da13d92f760ac38741f3ba1670dd7234048899f07f0670ff369e2945bbe3,-78,,3,64,,3
12:20:39,26.0,3,08e0fa6bed6d76f49f139110ce8c9d601806c9f9bdf03001ad696e65dcf5e4ba,-84,,3,64,,3
12:20:40,26.0,3,08e0fa6bed6d76f49f139110ce8c9d601806c9f9bdf03001ad696e65dcf5e4ba,-86,,3,64,,3
12:20:41,26.0,3,228de7396c2c661d27502c5b6e7efbb084c3d12d177076de169ba6a59ec91f02,-77,,3,64,,3
12:20:42,26.0,3,86859f86fb3c8995ea7a6bee00323e081b1320dc2a0012df9bfde243bc090765,-81,,3,64,,3
12:20:43,26.0,3,228de7396c2c661d27502c5b6e7efbb084c3d12d177076de169ba6a59ec91f02,-83,,3,64,,3
12:20:43,26.0,3,228de7396c2c661d27502c5b6e7efbb084c3d12d177076de169ba6a59ec91f02,-81,,3,64,,3
12:20:44,26.0,3,228de7396c2c661d27502c5b6e7efbb084c3d12d177076de169ba6a59ec91f02,-78,,3,64,,3
12:20:45,26.0,3,86859f86fb3c8995ea7a6bee00323e081b1320dc2a0012df9bfde243bc090765,-82,,3,64,,3
12:20:46,26.0,3,86859f86fb3c8995ea7a6bee00323e081b1320dc2a0012df9bfde243bc090765,-81,,3,64,,3
12:20:47,26.0,3,228de7396c2c661d27502c5b6e7efbb084c3d12d177076de169ba6a59ec91f02,-77,,3,64,,3
12:20:47,26.0,3,f1bd14fbfc0f4090b1bfbd33c44a160ec83b5290c9cfd930d76ce102550b6d68,-72,,3,64,7.0,3
12:20:48,26.0,3,08e0fa6bed6d76f49f139110ce8c9d601806c9f9bdf03001ad696e65dcf5e4ba,-77,,3,64,,3
12:20:49,26.0,3,08e0fa6bed6d76f49f139110ce8c9d601806c9f9bdf03001ad696e65dcf5e4ba,-87,,3,64,,3
12:20:50,26.0,3,228de7396c2c661d27502c5b6e7efbb084c3d12d177076de169ba6a59ec91f02,-83,,3,64,2.0,3
12:20:51,,3,af03da13d92f760ac38741f3ba1670dd7234048899f07f0670ff369e2945bbe3,-78,,3,64,,3
12:20:51,26.0,3,228de7396c2c661d27502c5b6e7efbb084c3d12d177076de169ba6a59ec91f02,-81,,3,64,2.0,3
12:20:52,26.0,3,228de7396c2c661d27502c5b6e7efbb084c3d12d177076de169ba6a59ec91f02,-80,,3,64,2.0,3
12:20:53,26.0,3,228de7396c2c661d27502c5b6e7efbb084c3d12d177076de169ba6a59ec91f02,-75,,3,64,2.0,3
12:20:54,26.0,3,08e0fa6bed6d76f49f139110ce8c9d601806c9f9bdf03001ad696e65dcf5e4ba,-83,,3,64,,3
12:20:55,26.0,3,228de7396c2c661d27502c5b6e7efbb084c3d12d177076de169ba6a59ec91f02,-80,,3,64,2.0,3
12:20:55,26.0,3,86859f86fb3c8995ea7a6bee00323e081b1320dc2a0012df9bfde243bc090765,-84,,3,64,,3
12:20:56,26.0,3,228de7396c2c661d27502c5b6e7efbb084c3d12d177076de169ba6a59ec91f02,-87,,3,64,,3
12:20:57,,3,39f20a7b9ec00e03621d436868d4473fd4f6c156bc2fe0d28150fd6c9d1cd6ab,-71,,3,64,,3
12:20:58,26.0,3,08e0fa6bed6d76f49f139110ce8c9d601806c9f9bdf03001ad696e65dcf5e4ba,-81,,3,64,,3
12:20:59,26.0,3,86859f86fb3c8995ea7a6bee00323e081b1320dc2a0012df9bfde243bc090765,-81,,3,64,,3
12:20:59,26.0,3,08e0fa6bed6d76f49f139110ce8c9d601806c9f9bdf03001ad696e65dcf5e4ba,-82,,3,64,,3
12:21:00,26.0,3,08e0fa6bed6d76f49f139110ce8c9d601806c9f9bdf03001ad696e65dcf5e4ba,-81,,3,64,,3
12:21:01,,3,39f20a7b9ec00e03621d436868d4473fd4f6c156bc2fe0d28150fd6c9d1cd6ab,-77,,3,64,,3
12:21:02,26.0,3,2acfd7621b62dbc102099b2ba8815ab7ac4e097e504618702bd79f84b5ead840,-80,,3,64,12.0,3
12:21:03,26.0,3,f1bd14fbfc0f4090b1bfbd33c44a160ec83b5290c9cfd930d76ce102550b6d68,-72,,3,64,7.0,3
12:21:03,26.0,3,228de7396c2c661d27502c5b6e7efbb084c3d12d177076de169ba6a59ec91f02,-81,,3,64,,3
12:21:04,26.0,3,f1bd14fbfc0f4090b1bfbd33c44a160ec83b5290c9cfd930d76ce102550b6d68,-70,,3,64,7.0,3
12:21:05,26.0,3,08e0fa6bed6d76f49f139110ce8c9d601806c9f9bdf03001ad696e65dcf5e4ba,-73,,3,64,,3
12:21:06,26.0,3,f1bd14fbfc0f4090b1bfbd33c44a160ec83b5290c9cfd930d76ce102550b6d68,-71,,3,64,7.0,3
12:21:07,26.0,3,86859f86fb3c8995ea7a6bee00323e081b1320dc2a0012df9bfde243bc090765,-80,,3,64,,3
12:21:07,26.0,3,08e0fa6bed6d76f49f139110ce8c9d601806c9f9bdf03001ad696e65dcf5e4ba,-74,,3,64,,3
12:21:08,26.0,3,08e0fa6bed6d76f49f139110ce8c9d601806c9f9bdf03001ad696e65dcf5e4ba,-76,,3,64,,3
12:21:09,26.0,3,86859f86fb3c8995ea7a6bee00323e081b1320dc2a0012df9bfde243bc090765,-80,,3,64,,3
12:21:10,26.0,3,f1bd14fbfc0f4090b1bfbd33c44a160ec83b5290c9cfd930d76ce102550b6d68,-71,,3,64,7.0,3
12:21:11,26.0,3,2acfd7621b62dbc102099b2ba8815ab7ac4e097e504618702bd79f84b5ead840,-88,,3,64,12.0,3
12:21:11,26.0,3,08e0fa6bed6d76f49f139110ce8c9d601806c9f9bdf03001ad696e65dcf5e4ba,-74,,3,64,,3
12:21:12,,3,0ab0a2ef44889f861e1db331c70dd9ce5a4d82b59163089da3fe2f79091a540f,-68,,3,64,,3
12:21:13,26.0,3,86859f86fb3c8995ea7a6bee00323e081b1320dc2a0012df9bfde243bc090765,-80,,3,64,,3
12:21:14,26.0,3,08e0fa6bed6d76f49f139110ce8c9d601806c9f9bdf03001ad696e65dcf5e4ba,-86,,3,64,,3
12:21:15,26.0,3,08e0fa6bed6d76f49f139110ce8c9d601806c9f9bdf03001ad696e65dcf5e4ba,-87,,3,64,,3
12:21:15,,3,cac93239b5e3fbe6b5d7d64ed1b243e95c2fe854a49670807178f19c879728a2,-36,,3,64,,3
12:21:16,26.0,3,3f4364adb08506a3f5d668c286ec5cffd677f9da03f3b7e2fe6e5a322cb50a9e,-96,,3,64,7.0,3
12:21:17,,3,39f20a7b9ec00e03621d436868d4473fd4f6c156bc2fe0d28150fd6c9d1cd6ab,-80,,3,64,,3
12:21:18,26.0,3,08e0fa6bed6d76f49f139110ce8c9d601806c9f9bdf03001ad696e65dcf5e4ba,-81,,3,64,,3
12:21:19,26.0,3,f1bd14fbfc0f4090b1bfbd33c44a160ec83b5290c9cfd930d76ce102550b6d68,-80,,3,64,7.0,3
12:21:19,,3,f7d7ae08e350542afcba00e1a0cef63fc425b66c31e7b39847061657da39d3c4,-93,,3,64,,3
12:21:20,26.0,3,86859f86fb3c8995ea7a6bee00323e081b1320dc2a0012df9bfde243bc090765,-89,,3,64,,3
12:21:21,26.0,3,86859f86fb3c8995ea7a6bee00323e081b1320dc2a0012df9bfde243bc090765,-81,,3,64,,3
12:21:22,,3,f7d7ae08e350542afcba00e1a0cef63fc425b66c31e7b39847061657da39d3c4,-92,,3,64,,3
12:21:23,26.0,3,86859f86fb3c8995ea7a6bee00323e081b1320dc2a0012df9bfde243bc090765,-83,,3,64,,3
12:21:23,,3,cac93239b5e3fbe6b5d7d64ed1b243e95c2fe854a49670807178f19c879728a2,-34,,3,64,,3
12:21:24,,3,f7d7ae08e350542afcba00e1a0cef63fc425b66c31e7b39847061657da39d3c4,-94,,3,64,,3
12:21:25,26.0,3,08e0fa6bed6d76f49f139110ce8c9d601806c9f9bdf03001ad696e65dcf5e4ba,-76,,3,64,,3
12:21:26,,3,f7d7ae08e350542afcba00e1a0cef63fc425b66c31e7b39847061657da39d3c4,-86,,3,64,,3
12:21:27,26.0,3,228de7396c2c661d27502c5b6e7efbb084c3d12d177076de169ba6a59ec91f02,-78,,3,64,,3
12:21:27,26.0,3,86859f86fb3c8995ea7a6bee00323e081b1320dc2a0012df9bfde243bc090765,-77,,3,64,,3
12:21:28,26.0,3,86859f86fb3c8995ea7a6bee00323e081b1320dc2a0012df9bfde243bc090765,-84,,3,64,,3
12:21:29,26.0,3,86859f86fb3c8995ea7a6bee00323e081b1320dc2a0012df9bfde243bc090765,-77,,3,64,,3
12:21:30,26.0,3,f1bd14fbfc0f4090b1bfbd33c44a160ec83b5290c9cfd930d76ce102550b6d68,-73,,3,64,7.0,3
12:21:31,26.0,3,228de7396c2c661d27502c5b6e7efbb084c3d12d177076de169ba6a59ec91f02,-74,,3,64,,3
12:21:31,26.0,3,08e0fa6bed6d76f49f139110ce8c9d601806c9f9bdf03001ad696e65dcf5e4ba,-81,,3,64,,3
12:21:32,,3,26aa22f2b9c20678c692b54aee349fa555cda75fd20d04742ba8fc53e74c0957,-93,,3,64,,3
12:21:33,26.0,3,2acfd7621b62dbc102099b2ba8815ab7ac4e097e504618702bd79f84b5ead840,-80,,3,64,12.0,3
12:21:34,,3,f7d7ae08e350542afcba00e1a0cef63fc425b66c31e7b39847061657da39d3c4,-89,,3,64,,3
12:21:34,26.0,3,228de7396c2c661d27502c5b6e7efbb084c3d12d177076de169ba6a59ec91f02,-81,,3,64,,3
12:21:35,26.0,3,2acfd7621b62dbc102099b2ba8815ab7ac4e097e504618702bd79f84b5ead840,-78,,3,64,12.0,3
12:21:36,,3,e3627c91579ea967b8266a73661949621d6d8bf512ee1eaeb2ddd5f29f5315ac,-74,,3,64,,3
12:21:37,26.0,3,f1bd14fbfc0f4090b1bfbd33c44a160ec83b5290c9cfd930d76ce102550b6d68,-65,,3,64,7.0,3
12:21:38,26.0,3,2acfd7621b62dbc102099b2ba8815ab7ac4e097e504618702bd79f84b5ead840,-92,,3,64,12.0,3
12:21:39,,3,f7d7ae08e350542afcba00e1a0cef63fc425b66c31e7b39847061657da39d3c4,-92,,3,64,,3
12:21:39,,3,f7d7ae08e350542afcba00e1a0cef63fc425b66c31e7b39847061657da39d3c4,-95,,3,64,,3
12:21:40,,3,e3627c91579ea967b8266a73661949621d6d8bf512ee1eaeb2ddd5f29f5315ac,-83,,3,64,,3
12:21:41,26.0,3,228de7396c2c661d27502c5b6e7efbb084c3d12d177076de169ba6a59ec91f02,-80,,3,64,,3
12:21:42,26.0,3,228de7396c2c661d27502c5b6e7efbb084c3d12d177076de169ba6a59ec91f02,-81,,3,64,,3
12:21:43,26.0,3,228de7396c2c661d27502c5b6e7efbb084c3d12d177076de169ba6a59ec91f02,-78,,3,64,,3
12:21:43,26.0,3,f1bd14fbfc0f4090b1bfbd33c44a160ec83b5290c9cfd930d76ce102550b6d68,-65,,3,64,7.0,3
12:21:44,26.0,3,2acfd7621b62dbc102099b2ba8815ab7ac4e097e504618702bd79f84b5ead840,-76,,3,64,12.0,3
12:21:45,26.0,3,08e0fa6bed6d76f49f139110ce8c9d601806c9f9bdf03001ad696e65dcf5e4ba,-78,,3,64,,3
12:21:46,26.0,3,08e0fa6bed6d76f49f139110ce8c9d601806c9f9bdf03001ad696e65dcf5e4ba,-78,,3,64,,3
12:21:47,26.0,3,228de7396c2c661d27502c5b6e7efbb084c3d12d177076de169ba6a59ec91f02,-82,,3,64,,3
12:21:47,26.0,3,2acfd7621b62dbc102099b2ba8815ab7ac4e097e504618702bd79f84b5ead840,-72,,3,64,12.0,3
12:21:48,26.0,3,2acfd7621b62dbc102099b2ba8815ab7ac4e097e504618702bd79f84b5ead840,-72,,3,64,12.0,3
12:21:49,26.0,3,228de7396c2c661d27502c5b6e7efbb084c3d12d177076de169ba6a59ec91f02,-76,,3,64,,3
12:21:50,26.0,3,86859f86fb3c8995ea7a6bee00323e081b1320dc2a0012df9bfde243bc090765,-74,,3,64,,3
12:21:50,26.0,3,228de7396c2c661d27502c5b6e7efbb084c3d12d177076de169ba6a59ec91f02,-80,,3,64,,3
12:21:51,26.0,3,08e0fa6bed6d76f49f139110ce8c9d601806c9f9bdf03001ad696e65dcf5e4ba,-85,,3,64,,3
12:21:52,26.0,3,08e0fa6bed6d76f49f139110ce8c9d601806c9f9bdf03001ad696e65dcf5e4ba,-91,,3,64,,3
12:21:53,26.0,3,86859f86fb3c8995ea7a6bee00323e081b1320dc2a0012df9bfde243bc090765,-75,,3,64,,3
12:21:54,26.0,3,f1bd14fbfc0f4090b1bfbd33c44a160ec83b5290c9cfd930d76ce102550b6d68,-77,,3,64,7.0,3
12:21:54,26.0,3,f1bd14fbfc0f4090b1bfbd33c44a160ec83b5290c9cfd930d76ce102550b6d68,-72,,3,64,7.0,3
12:21:55,26.0,3,08e0fa6bed6d76f49f139110ce8c9d601806c9f9bdf03001ad696e65dcf5e4ba,-74,,3,64,,3
12:21:56,26.0,3,2acfd7621b62dbc102099b2ba8815ab7ac4e097e504618702bd79f84b5ead840,-77,,3,64,12.0,3
12:21:57,26.0,3,86859f86fb3c8995ea7a6bee00323e081b1320dc2a0012df9bfde243bc090765,-82,,3,64,,3
12:21:58,26.0,3,228de7396c2c661d27502c5b6e7efbb084c3d12d177076de169ba6a59ec91f02,-77,,3,64,,3
12:21:58,26.0,3,86859f86fb3c8995ea7a6bee00323e081b1320dc2a0012df9bfde243bc090765,-84,,3,64,,3
12:21:59,26.0,3,08e0fa6bed6d76f49f139110ce8c9d601806c9f9bdf03001ad696e65dcf5e4ba,-73,,3,64,,3
12:22:00,26.0,3,f1bd14fbfc0f4090b1bfbd33c44a160ec83b5290c9cfd930d76ce102550b6d68,-71,,3,64,7.0,3
12:22:01,26.0,3,86859f86fb3c8995ea7a6bee00323e081b1320dc2a0012df9bfde243bc090765,-85,,3,64,,3
12:22:02,26.0,3,2acfd7621b62dbc102099b2ba8815ab7ac4e097e504618702bd79f84b5ead840,-82,,3,64,12.0,3
12:22:02,26.0,3,08e0fa6bed6d76f49f139110ce8c9d601806c9f9bdf03001ad696e65dcf5e4ba,-82,,3,64,,3
12:22:03,26.0,3,86859f86fb3c8995ea7a6bee00323e081b1320dc2a0012df9bfde243bc090765,-83,,3,64,,3
12:22:04,26.0,3,bb2f2f07f7334b6a6a5ef0e46d0b5c802e8b8eca3787af62ced8b2787446848a,-78,,3,64,12.0,3
12:22:05,26.0,3,86859f86fb3c8995ea7a6bee00323e081b1320dc2a0012df9bfde243bc090765,-82,,3,64,,3
12:22:06,26.0,3,228de7396c2c661d27502c5b6e7efbb084c3d12d177076de169ba6a59ec91f02,-74,,3,64,,3
12:22:06,26.0,3,228de7396c2c661d27502c5b6e7efbb084c3d12d177076de169ba6a59ec91f02,-79,,3,64,,3
12:22:07,26.0,3,08e0fa6bed6d76f49f139110ce8c9d601806c9f9bdf03001ad696e65dcf5e4ba,-83,,3,64,,3
12:22:08,26.0,3,bb2f2f07f7334b6a6a5ef0e46d0b5c802e8b8eca3787af62ced8b2787446848a,-86,,3,64,12.0,3
12:22:09,26.0,3,228de7396c2c661d27502c5b6e7efbb084c3d12d177076de169ba6a59ec91f02,-86,,3,64,,3
12:22:10,26.0,3,228de7396c2c661d27502c5b6e7efbb084c3d12d177076de169ba6a59ec91f02,-84,,3,64,,3
12:22:10,26.0,3,08e0fa6bed6d76f49f139110ce8c9d601806c9f9bdf03001ad696e65dcf5e4ba,-75,,3,64,,3
12:22:11,26.0,3,228de7396c2c661d27502c5b6e7efbb084c3d12d177076de169ba6a59ec91f02,-74,,3,64,,3
12:22:12,26.0,3,86859f86fb3c8995ea7a6bee00323e081b1320dc2a0012df9bfde243bc090765,-75,,3,64,,3
12:22:13,26.0,3,08e0fa6bed6d76f49f139110ce8c9d601806c9f9bdf03001ad696e65dcf5e4ba,-73,,3,64,,3
12:22:14,26.0,3,08e0fa6bed6d76f49f139110ce8c9d601806c9f9bdf03001ad696e65dcf5e4ba,-85,,3,64,,3
12:22:14,26.0,3,228de7396c2c661d27502c5b6e7efbb084c3d12d177076de169ba6a59ec91f02,-88,,3,64,,3
12:22:15,26.0,3,228de7396c2c661d27502c5b6e7efbb084c3d12d177076de169ba6a59ec91f02,-72,,3,64,,3
12:22:16,26.0,3,f1bd14fbfc0f4090b1bfbd33c44a160ec83b5290c9cfd930d76ce102550b6d68,-69,,3,64,7.0,3
12:22:17,26.0,3,86859f86fb3c8995ea7a6bee00323e081b1320dc2a0012df9bfde243bc090765,-84,,3,64,,3
12:22:18,26.0,3,08e0fa6bed6d76f49f139110ce8c9d601806c9f9bdf03001ad696e65dcf5e4ba,-90,,3,64,,3
12:22:18,,3,849e461a8ea629d24189746f9ba99f1eecba61edc6f6607022987ef6b8148047,-88,,3,64,,3
12:22:19,,3,39f20a7b9ec00e03621d436868d4473fd4f6c156bc2fe0d28150fd6c9d1cd6ab,-69,,3,64,,3
12:22:20,26.0,3,bb2f2f07f7334b6a6a5ef0e46d0b5c802e8b8eca3787af62ced8b2787446848a,-69,,3,64,12.0,3
12:22:21,,3,f7d7ae08e350542afcba00e1a0cef63fc425b66c31e7b39847061657da39d3c4,-86,,3,64,,3
12:22:22,26.0,3,f1bd14fbfc0f4090b1bfbd33c44a160ec83b5290c9cfd930d76ce102550b6d68,-66,,3,64,7.0,3
12:22:22,26.0,3,d764a1b8589b3c491219206533dbdf0f22e00ca36ca293f25921b57f45d45536,-78,,3,64,8.0,3
12:22:23,,3,39f20a7b9ec00e03621d436868d4473fd4f6c156bc2fe0d28150fd6c9d1cd6ab,-66,,3,64,,3
12:22:24,,3,8a4bf71a62b10b6d1bf52037f2a2a9643f8800b83ab4dc15afec233af74c777d,-86,,3,64,,3
12:22:25,26.0,3,0aff98358c554f1e16dafc9905cab37162aeed280a90fba6e1154540d4aa4ade,-89,,3,64,24.0,3
12:22:26,26.0,3,228de7396c2c661d27502c5b6e7efbb084c3d12d177076de169ba6a59ec91f02,-74,,3,64,,3
12:22:26,26.0,3,f1bd14fbfc0f4090b1bfbd33c44a160ec83b5290c9cfd930d76ce102550b6d68,-70,,3,64,7.0,3
12:22:27,,3,39f20a7b9ec00e03621d436868d4473fd4f6c156bc2fe0d28150fd6c9d1cd6ab,-68,,3,64,,3
12:22:28,26.0,3,f1bd14fbfc0f4090b1bfbd33c44a160ec83b5290c9cfd930d76ce102550b6d68,-73,,3,64,7.0,3
12:22:29,26.0,3,f1bd14fbfc0f4090b1bfbd33c44a160ec83b5290c9cfd930d76ce102550b6d68,-67,,3,64,7.0,3
12:22:30,26.0,3,86859f86fb3c8995ea7a6bee00323e081b1320dc2a0012df9bfde243bc090765,-76,,3,64,,3
12:22:30,26.0,3,d764a1b8589b3c491219206533dbdf0f22e00ca36ca293f25921b57f45d45536,-78,,3,64,8.0,3
12:22:31,,3,33272dfa2c5966b5ae7aa0e931ba385edac6047ceabc83c2f12ecc6de29bfdbb,-92,,3,64,,3
12:22:32,26.0,3,d764a1b8589b3c491219206533dbdf0f22e00ca36ca293f25921b57f45d45536,-79,,3,64,8.0,3
12:22:33,26.0,3,bb2f2f07f7334b6a6a5ef0e46d0b5c802e8b8eca3787af62ced8b2787446848a,-68,,3,64,12.0,3
12:22:34,26.0,3,f1bd14fbfc0f4090b1bfbd33c44a160ec83b5290c9cfd930d76ce102550b6d68,-66,,3,64,7.0,3
12:22:34,26.0,3,86859f86fb3c8995ea7a6bee00323e081b1320dc2a0012df9bfde243bc090765,-85,,3,64,,3
12:22:35,26.0,3,f1bd14fbfc0f4090b1bfbd33c44a160ec83b5290c9cfd930d76ce102550b6d68,-67,,3,64,7.0,3
12:22:36,,3,8a4bf71a62b10b6d1bf52037f2a2a9643f8800b83ab4dc15afec233af74c777d,-87,,3,64,,3
12:22:37,26.0,3,86859f86fb3c8995ea7a6bee00323e081b1320dc2a0012df9bfde243bc090765,-77,,3,64,,3
12:22:38,26.0,3,08e0fa6bed6d76f49f139110ce8c9d601806c9f9bdf03001ad696e65dcf5e4ba,-75,,3,64,,3
12:22:38,,3,f7d7ae08e350542afcba00e1a0cef63fc425b66c31e7b39847061657da39d3c4,-89,,3,64,,3
12:22:39,26.0,3,228de7396c2c661d27502c5b6e7efbb084c3d12d177076de169ba6a59ec91f02,-73,,3,64,,3
12:22:40,26.0,3,bb2f2f07f7334b6a6a5ef0e46d0b5c802e8b8eca3787af62ced8b2787446848a,-75,,3,64,12.0,3
12:22:41,26.0,3,08e0fa6bed6d76f49f139110ce8c9d601806c9f9bdf03001ad696e65dcf5e4ba,-83,,3,64,,3
12:22:42,26.0,3,86859f86fb3c8995ea7a6bee00323e081b1320dc2a0012df9bfde243bc090765,-84,,3,64,,3
12:22:42,,3,0ab0a2ef44889f861e1db331c70dd9ce5a4d82b59163089da3fe2f79091a540f,-95,,3,64,,3
12:22:43,,3,39f20a7b9ec00e03621d436868d4473fd4f6c156bc2fe0d28150fd6c9d1cd6ab,-70,,3,64,,3
12:22:44,,3,8a4bf71a62b10b6d1bf52037f2a2a9643f8800b83ab4dc15afec233af74c777d,-82,,3,64,,3
12:22:45,26.0,3,f1bd14fbfc0f4090b1bfbd33c44a160ec83b5290c9cfd930d76ce102550b6d68,-69,,3,64,7.0,3
12:22:46,,3,e3627c91579ea967b8266a73661949621d6d8bf512ee1eaeb2ddd5f29f5315ac,-71,,3,64,,3
12:22:46,26.0,3,f1bd14fbfc0f4090b1bfbd33c44a160ec83b5290c9cfd930d76ce102550b6d68,-67,,3,64,7.0,3
12:22:47,,3,f7d7ae08e350542afcba00e1a0cef63fc425b66c31e7b39847061657da39d3c4,-93,,3,64,,3
12:22:48,26.0,3,6c323990ae0465fdb68af545ec5cc1d5ba37d5303b348fd8fa048c0b1f638a2b,-84,,3,64,8.0,3
12:22:49,26.0,3,bb2f2f07f7334b6a6a5ef0e46d0b5c802e8b8eca3787af62ced8b2787446848a,-72,,3,64,12.0,3
12:22:50,26.0,3,2acfd7621b62dbc102099b2ba8815ab7ac4e097e504618702bd79f84b5ead840,-79,,3,64,12.0,3
12:22:50,26.0,3,bb2f2f07f7334b6a6a5ef0e46d0b5c802e8b8eca3787af62ced8b2787446848a,-71,,3,64,12.0,3
12:22:51,26.0,3,86859f86fb3c8995ea7a6bee00323e081b1320dc2a0012df9bfde243bc090765,-75,,3,64,,3
12:22:52,26.0,3,08e0fa6bed6d76f49f139110ce8c9d601806c9f9bdf03001ad696e65dcf5e4ba,-74,,3,64,,3
12:22:53,,3,27d1f9f970e8c55e6bd3b7cd51959cdb2dac5ecf0ebd8dc76e03b93b34fd4382,-87,,3,64,,3
12:22:54,,3,e3627c91579ea967b8266a73661949621d6d8bf512ee1eaeb2ddd5f29f5315ac,-89,,3,64,,3
12:22:54,26.0,3,86859f86fb3c8995ea7a6bee00323e081b1320dc2a0012df9bfde243bc090765,-82,,3,64,,3
12:22:55,,3,af03da13d92f760ac38741f3ba1670dd7234048899f07f0670ff369e2945bbe3,-75,,3,64,,3
12:22:56,26.0,3,bb2f2f07f7334b6a6a5ef0e46d0b5c802e8b8eca3787af62ced8b2787446848a,-76,,3,64,12.0,3
12:22:57,,3,27d1f9f970e8c55e6bd3b7cd51959cdb2dac5ecf0ebd8dc76e03b93b34fd4382,-90,,3,64,,3
12:22:58,26.0,3,98d2074b51aa962b82b784b1fad09f639ca4cf7a44cfdf3d7d425751ad22b944,-82,,3,64,7.0,3
12:22:58,26.0,3,f2f63665249f567d611675d3d7e87762e35c03603148834142f71f944ae8286d,-87,,3,64,8.0,3
12:22:59,26.0,3,f2f63665249f567d611675d3d7e87762e35c03603148834142f71f944ae8286d,-90,,3,64,8.0,3
12:23:00,,3,f7d7ae08e350542afcba00e1a0cef63fc425b66c31e7b39847061657da39d3c4,-89,,3,64,,3
12:23:01,26.0,3,6c323990ae0465fdb68af545ec5cc1d5ba37d5303b348fd8fa048c0b1f638a2b,-84,,3,64,8.0,3
12:23:02,26.0,3,f1bd14fbfc0f4090b1bfbd33c44a160ec83b5290c9cfd930d76ce102550b6d68,-80,,3,64,7.0,3
12:23:02,,3,f7d7ae08e350542afcba00e1a0cef63fc425b66c31e7b39847061657da39d3c4,-95,,3,64,,3
12:23:03,26.0,3,86859f86fb3c8995ea7a6bee00323e081b1320dc2a0012df9bfde243bc090765,-83,,3,64,,3
12:23:04,26.0,3,2acfd7621b62dbc102099b2ba8815ab7ac4e097e504618702bd79f84b5ead840,-94,,3,64,12.0,3
12:23:05,,3,f7d7ae08e350542afcba00e1a0cef63fc425b66c31e7b39847061657da39d3c4,-90,,3,64,,3
12:23:06,26.0,3,08e0fa6bed6d76f49f139110ce8c9d601806c9f9bdf03001ad696e65dcf5e4ba,-81,,3,64,,3
12:23:06,26.0,3,08e0fa6bed6d76f49f139110ce8c9d601806c9f9bdf03001ad696e65dcf5e4ba,-79,,3,64,,3
12:23:07,26.0,3,1d7fdb6c9feb9a87b79ebec65c1915a30373e0f230236f65604efc0b6f269551,-65,,3,64,12.0,3
12:23:08,26.0,3,bb2f2f07f7334b6a6a5ef0e46d0b5c802e8b8eca3787af62ced8b2787446848a,-75,,3,64,12.0,3
12:23:09,26.0,3,6c323990ae0465fdb68af545ec5cc1d5ba37d5303b348fd8fa048c0b1f638a2b,-84,,3,64,8.0,3
12:23:10,26.0,3,bb2f2f07f7334b6a6a5ef0e46d0b5c802e8b8eca3787af62ced8b2787446848a,-75,,3,64,12.0,3
12:23:10,26.0,3,bb2f2f07f7334b6a6a5ef0e46d0b5c802e8b8eca3787af62ced8b2787446848a,-76,,3,64,12.0,3
12:23:11,26.0,3,08e0fa6bed6d76f49f139110ce8c9d601806c9f9bdf03001ad696e65dcf5e4ba,-78,,3,64,,3
12:23:12,26.0,3,228de7396c2c661d27502c5b6e7efbb084c3d12d177076de169ba6a59ec91f02,-80,,3,64,,3
12:23:13,26.0,3,bb2f2f07f7334b6a6a5ef0e46d0b5c802e8b8eca3787af62ced8b2787446848a,-88,,3,64,12.0,3
12:23:14,26.0,3,08e0fa6bed6d76f49f139110ce8c9d601806c9f9bdf03001ad696e65dcf5e4ba,-73,,3,64,,3
12:23:14,26.0,3,228de7396c2c661d27502c5b6e7efbb084c3d12d177076de169ba6a59ec91f02,-85,,3,64,,3
12:23:15,26.0,3,228de7396c2c661d27502c5b6e7efbb084c3d12d177076de169ba6a59ec91f02,-82,,3,64,,3
12:23:16,26.0,3,08e0fa6bed6d76f49f139110ce8c9d601806c9f9bdf03001ad696e65dcf5e4ba,-83,,3,64,,3
12:23:17,26.0,3,08e0fa6bed6d76f49f139110ce8c9d601806c9f9bdf03001ad696e65dcf5e4ba,-78,,3,64,,3
12:23:17,26.0,3,08e0fa6bed6d76f49f139110ce8c9d601806c9f9bdf03001ad696e65dcf5e4ba,-78,,3,64,,3
12:23:18,26.0,3,08e0fa6bed6d76f49f139110ce8c9d601806c9f9bdf03001ad696e65dcf5e4ba,-77,,3,64,,3
12:23:19,26.0,3,1d7fdb6c9feb9a87b79ebec65c1915a30373e0f230236f65604efc0b6f269551,-58,,3,64,12.0,3
12:23:20,26.0,3,bb2f2f07f7334b6a6a5ef0e46d0b5c802e8b8eca3787af62ced8b2787446848a,-68,,3,64,12.0,3
12:23:21,26.0,3,08e0fa6bed6d76f49f139110ce8c9d601806c9f9bdf03001ad696e65dcf5e4ba,-74,,3,64,,3
12:23:21,26.0,3,08e0fa6bed6d76f49f139110ce8c9d601806c9f9bdf03001ad696e65dcf5e4ba,-74,,3,64,,3
12:23:22,26.0,3,228de7396c2c661d27502c5b6e7efbb084c3d12d177076de169ba6a59ec91f02,-73,,3,64,,3
12:23:23,26.0,3,228de7396c2c661d27502c5b6e7efbb084c3d12d177076de169ba6a59ec91f02,-78,,3,64,,3
12:23:24,26.0,3,f1bd14fbfc0f4090b1bfbd33c44a160ec83b5290c9cfd930d76ce102550b6d68,-70,,3,64,7.0,3
12:23:25,26.0,3,08e0fa6bed6d76f49f139110ce8c9d601806c9f9bdf03001ad696e65dcf5e4ba,-82,,3,64,,3
12:23:25,26.0,3,f1bd14fbfc0f4090b1bfbd33c44a160ec83b5290c9cfd930d76ce102550b6d68,-67,,3,64,7.0,3
12:23:26,26.0,3,08e0fa6bed6d76f49f139110ce8c9d601806c9f9bdf03001ad696e65dcf5e4ba,-80,,3,64,,3
12:23:27,26.0,3,08e0fa6bed6d76f49f139110ce8c9d601806c9f9bdf03001ad696e65dcf5e4ba,-78,,3,64,,3
12:23:28,26.0,3,86859f86fb3c8995ea7a6bee00323e081b1320dc2a0012df9bfde243bc090765,-84,,3,64,,3
12:23:29,26.0,3,228de7396c2c661d27502c5b6e7efbb084c3d12d177076de169ba6a59ec91f02,-83,,3,64,,3
12:23:29,26.0,3,6c323990ae0465fdb68af545ec5cc1d5ba37d5303b348fd8fa048c0b1f638a2b,-85,,3,64,8.0,3
12:23:30,,3,26aa22f2b9c20678c692b54aee349fa555cda75fd20d04742ba8fc53e74c0957,-80,,3,64,,3
12:23:31,26.0,3,6c323990ae0465fdb68af545ec5cc1d5ba37d5303b348fd8fa048c0b1f638a2b,-83,,3,64,8.0,3
12:23:32,26.0,3,f1bd14fbfc0f4090b1bfbd33c44a160ec83b5290c9cfd930d76ce102550b6d68,-78,,3,64,7.0,3
12:23:33,26.0,3,228de7396c2c661d27502c5b6e7efbb084c3d12d177076de169ba6a59ec91f02,-74,,3,64,,3
12:23:33,26.0,3,1d7fdb6c9feb9a87b79ebec65c1915a30373e0f230236f65604efc0b6f269551,-56,,3,64,12.0,3
12:23:34,,3,d7eca3c7fd23214eaf91785788cafe27ed89416ef6480db8a8f51ba82e890542,-80,,3,64,,3
12:23:35,26.0,3,08e0fa6bed6d76f49f139110ce8c9d601806c9f9bdf03001ad696e65dcf5e4ba,-84,,3,64,,3
12:23:36,26.0,3,08e0fa6bed6d76f49f139110ce8c9d601806c9f9bdf03001ad696e65dcf5e4ba,-85,,3,64,,3
12:23:37,26.0,3,1d7fdb6c9feb9a87b79ebec65c1915a30373e0f230236f65604efc0b6f269551,-50,,3,64,12.0,3
12:23:37,26.0,3,6c323990ae0465fdb68af545ec5cc1d5ba37d5303b348fd8fa048c0b1f638a2b,-77,,3,64,8.0,3
12:23:38,,3,d7eca3c7fd23214eaf91785788cafe27ed89416ef6480db8a8f51ba82e890542,-70,,3,64,,3
12:23:39,26.0,3,86859f86fb3c8995ea7a6bee00323e081b1320dc2a0012df9bfde243bc090765,-77,,3,64,,3
12:23:40,,3,af03da13d92f760ac38741f3ba1670dd7234048899f07f0670ff369e2945bbe3,-79,,3,64,,3
12:23:41,26.0,3,f1bd14fbfc0f4090b1bfbd33c44a160ec83b5290c9cfd930d76ce102550b6d68,-65,,3,64,7.0,3
12:23:41,26.0,3,228de7396c2c661d27502c5b6e7efbb084c3d12d177076de169ba6a59ec91f02,-76,,3,64,,3
12:23:42,26.0,3,08e0fa6bed6d76f49f139110ce8c9d601806c9f9bdf03001ad696e65dcf5e4ba,-75,,3,64,,3
12:23:43,26.0,3,08e0fa6bed6d76f49f139110ce8c9d601806c9f9bdf03001ad696e65dcf5e4ba,-84,,3,64,,3
12:23:44,26.0,3,6c323990ae0465fdb68af545ec5cc1d5ba37d5303b348fd8fa048c0b1f638a2b,-84,,3,64,8.0,3
12:23:45,26.0,3,6c323990ae0465fdb68af545ec5cc1d5ba37d5303b348fd8fa048c0b1f638a2b,-77,,3,64,8.0,3
12:23:45,,3,39f20a7b9ec00e03621d436868d4473fd4f6c156bc2fe0d28150fd6c9d1cd6ab,-65,,3,64,,3
12:23:46,26.0,3,bb2f2f07f7334b6a6a5ef0e46d0b5c802e8b8eca3787af62ced8b2787446848a,-75,,3,64,12.0,3
12:23:47,26.0,3,08e0fa6bed6d76f49f139110ce8c9d601806c9f9bdf03001ad696e65dcf5e4ba,-80,,3,64,,3
12:23:48,26.0,3,f1bd14fbfc0f4090b1bfbd33c44a160ec83b5290c9cfd930d76ce102550b6d68,-68,,3,64,7.0,3
12:23:49,,3,f7d7ae08e350542afcba00e1a0cef63fc425b66c31e7b39847061657da39d3c4,-93,,3,64,,3
12:23:49,,3,f7d7ae08e350542afcba00e1a0cef63fc425b66c31e7b39847061657da39d3c4,-92,,3,64,,3
12:23:50,,3,f7d7ae08e350542afcba00e1a0cef63fc425b66c31e7b39847061657da39d3c4,-91,,3,64,,3
12:23:51,26.0,3,bb2f2f07f7334b6a6a5ef0e46d0b5c802e8b8eca3787af62ced8b2787446848a,-71,,3,64,12.0,3
12:23:52,26.0,3,08e0fa6bed6d76f49f139110ce8c9d601806c9f9bdf03001ad696e65dcf5e4ba,-85,,3,64,,3
12:23:53,26.0,3,6c323990ae0465fdb68af545ec5cc1d5ba37d5303b348fd8fa048c0b1f638a2b,-86,,3,64,8.0,3
12:23:53,,3,39f20a7b9ec00e03621d436868d4473fd4f6c156bc2fe0d28150fd6c9d1cd6ab,-68,,3,64,,3
12:23:54,26.0,3,6c323990ae0465fdb68af545ec5cc1d5ba37d5303b348fd8fa048c0b1f638a2b,-82,,3,64,8.0,3
12:23:55,26.0,3,08e0fa6bed6d76f49f139110ce8c9d601806c9f9bdf03001ad696e65dcf5e4ba,-77,,3,64,,3
12:23:56,26.0,3,1d7fdb6c9feb9a87b79ebec65c1915a30373e0f230236f65604efc0b6f269551,-52,,3,64,12.0,3
12:23:57,26.0,3,1d7fdb6c9feb9a87b79ebec65c1915a30373e0f230236f65604efc0b6f269551,-59,,3,64,12.0,3
12:23:57,26.0,3,6c323990ae0465fdb68af545ec5cc1d5ba37d5303b348fd8fa048c0b1f638a2b,-79,,3,64,8.0,3
12:23:58,26.0,3,bb2f2f07f7334b6a6a5ef0e46d0b5c802e8b8eca3787af62ced8b2787446848a,-80,,3,64,12.0,3
12:23:59,26.0,3,1d7fdb6c9feb9a87b79ebec65c1915a30373e0f230236f65604efc0b6f269551,-52,,3,64,12.0,3
12:24:00,,3,f7d7ae08e350542afcba00e1a0cef63fc425b66c31e7b39847061657da39d3c4,-94,,3,64,,3
12:24:01,,3,f7d7ae08e350542afcba00e1a0cef63fc425b66c31e7b39847061657da39d3c4,-92,,3,64,,3
12:24:01,26.0,3,08e0fa6bed6d76f49f139110ce8c9d601806c9f9bdf03001ad696e65dcf5e4ba,-84,,3,64,,3
12:24:02,,3,af03da13d92f760ac38741f3ba1670dd7234048899f07f0670ff369e2945bbe3,-70,,3,64,,3
12:24:03,26.0,3,bb2f2f07f7334b6a6a5ef0e46d0b5c802e8b8eca3787af62ced8b2787446848a,-70,,3,64,12.0,3
12:24:04,26.0,3,ddeb5ac07bd7f49d4afe382a7dbbbd810b9bc7918cd37d16e6194cefa4e2189c,-72,,3,64,12.0,3
12:24:05,26.0,3,6c323990ae0465fdb68af545ec5cc1d5ba37d5303b348fd8fa048c0b1f638a2b,-79,,3,64,8.0,3
12:24:05,26.0,3,bb2f2f07f7334b6a6a5ef0e46d0b5c802e8b8eca3787af62ced8b2787446848a,-70,,3,64,12.0,3
12:24:06,26.0,3,bb2f2f07f7334b6a6a5ef0e46d0b5c802e8b8eca3787af62ced8b2787446848a,-71,,3,64,12.0,3
12:24:07,26.0,3,1d7fdb6c9feb9a87b79ebec65c1915a30373e0f230236f65604efc0b6f269551,-54,,3,64,12.0,3
12:24:08,,3,f7d7ae08e350542afcba00e1a0cef63fc425b66c31e7b39847061657da39d3c4,-93,,3,64,,3
12:24:09,26.0,3,1d7fdb6c9feb9a87b79ebec65c1915a30373e0f230236f65604efc0b6f269551,-53,,3,64,12.0,3
12:24:09,26.0,3,228de7396c2c661d27502c5b6e7efbb084c3d12d177076de169ba6a59ec91f02,-73,,3,64,,3
12:24:10,26.0,3,1d7fdb6c9feb9a87b79ebec65c1915a30373e0f230236f65604efc0b6f269551,-53,,3,64,12.0,3
12:24:11,26.0,3,1d7fdb6c9feb9a87b79ebec65c1915a30373e0f230236f65604efc0b6f269551,-58,,3,64,12.0,3
12:24:12,26.0,3,f1bd14fbfc0f4090b1bfbd33c44a160ec83b5290c9cfd930d76ce102550b6d68,-78,,3,64,7.0,3
12:24:13,26.0,3,f1bd14fbfc0f4090b1bfbd33c44a160ec83b5290c9cfd930d76ce102550b6d68,-69,,3,64,7.0,3
12:24:13,26.0,3,f1bd14fbfc0f4090b1bfbd33c44a160ec83b5290c9cfd930d76ce102550b6d68,-76,,3,64,7.0,3
12:24:14,26.0,3,f1bd14fbfc0f4090b1bfbd33c44a160ec83b5290c9cfd930d76ce102550b6d68,-71,,3,64,7.0,3
12:24:15,26.0,3,228de7396c2c661d27502c5b6e7efbb084c3d12d177076de169ba6a59ec91f02,-75,,3,64,,3
12:24:16,26.0,3,ddeb5ac07bd7f49d4afe382a7dbbbd810b9bc7918cd37d16e6194cefa4e2189c,-76,,3,64,12.0,3
12:24:17,26.0,3,228de7396c2c661d27502c5b6e7efbb084c3d12d177076de169ba6a59ec91f02,-82,,3,64,,3
12:24:17,26.0,3,ddeb5ac07bd7f49d4afe382a7dbbbd810b9bc7918cd37d16e6194cefa4e2189c,-77,,3,64,12.0,3
12:24:18,26.0,3,bb2f2f07f7334b6a6a5ef0e46d0b5c802e8b8eca3787af62ced8b2787446848a,-77,,3,64,12.0,3
12:24:19,26.0,3,08e0fa6bed6d76f49f139110ce8c9d601806c9f9bdf03001ad696e65dcf5e4ba,-87,,3,64,,3
12:24:20,26.0,3,6e4a6a0c2a0c89c8d1eb796bb961f007b5ed51a292ae4f33fd65cd9a630fa4ff,-84,,3,64,7.0,3
12:24:21,26.0,3,f1bd14fbfc0f4090b1bfbd33c44a160ec83b5290c9cfd930d76ce102550b6d68,-72,,3,64,7.0,3
12:24:21,26.0,3,bb2f2f07f7334b6a6a5ef0e46d0b5c802e8b8eca3787af62ced8b2787446848a,-76,,3,64,12.0,3
12:24:22,26.0,3,1d7fdb6c9feb9a87b79ebec65c1915a30373e0f230236f65604efc0b6f269551,-52,,3,64,12.0,3
12:24:23,26.0,3,1d7fdb6c9feb9a87b79ebec65c1915a30373e0f230236f65604efc0b6f269551,-54,,3,64,12.0,3
12:24:24,26.0,3,1d7fdb6c9feb9a87b79ebec65c1915a30373e0f230236f65604efc0b6f269551,-60,,3,64,12.0,3
12:24:25,26.0,3,6c323990ae0465fdb68af545ec5cc1d5ba37d5303b348fd8fa048c0b1f638a2b,-88,,3,64,8.0,3
12:24:25,,3,af03da13d92f760ac38741f3ba1670dd7234048899f07f0670ff369e2945bbe3,-77,,3,64,,3
12:24:26,26.0,3,08e0fa6bed6d76f49f139110ce8c9d601806c9f9bdf03001ad696e65dcf5e4ba,-80,,3,64,,3
12:24:27,,3,29ebc9a8cc12c2513dd596f910a234cb3e81ccea3f216e41d407c158be3fc519,-101,,3,64,,3
12:24:28,26.0,3,f1bd14fbfc0f4090b1bfbd33c44a160ec83b5290c9cfd930d76ce102550b6d68,-69,,3,64,7.0,3
12:24:29,26.0,3,6e4a6a0c2a0c89c8d1eb796bb961f007b5ed51a292ae4f33fd65cd9a630fa4ff,-89,,3,64,7.0,3
12:24:29,26.0,3,ddeb5ac07bd7f49d4afe382a7dbbbd810b9bc7918cd37d16e6194cefa4e2189c,-87,,3,64,12.0,3
12:24:30,,3,8a4bf71a62b10b6d1bf52037f2a2a9643f8800b83ab4dc15afec233af74c777d,-77,,3,64,,3
12:24:31,26.0,3,08e0fa6bed6d76f49f139110ce8c9d601806c9f9bdf03001ad696e65dcf5e4ba,-75,,3,64,,3
12:24:32,26.0,3,228de7396c2c661d27502c5b6e7efbb084c3d12d177076de169ba6a59ec91f02,-83,,3,64,,3
12:24:33,,3,33272dfa2c5966b5ae7aa0e931ba385edac6047ceabc83c2f12ecc6de29bfdbb,-91,,3,64,,3
12:24:33,26.0,3,bb2f2f07f7334b6a6a5ef0e46d0b5c802e8b8eca3787af62ced8b2787446848a,-79,,3,64,12.0,3
12:24:34,26.0,3,1d7fdb6c9feb9a87b79ebec65c1915a30373e0f230236f65604efc0b6f269551,-61,,3,64,12.0,3
12:24:35,26.0,3,228de7396c2c661d27502c5b6e7efbb084c3d12d177076de169ba6a59ec91f02,-86,,3,64,,3
12:24:36,2.0,3,6cde250245f13b3e5b79c6b3b9a3a6e5593af59ee9c9d4e5a7e7522b3d96ebce,-85,,3,64,,3
12:24:37,2.0,3,6cde250245f13b3e5b79c6b3b9a3a6e5593af59ee9c9d4e5a7e7522b3d96ebce,-86,,3,64,,3
12:24:37,,3,26aa22f2b9c20678c692b54aee349fa555cda75fd20d04742ba8fc53e74c0957,-82,,3,64,,3
12:24:38,26.0,3,6c323990ae0465fdb68af545ec5cc1d5ba37d5303b348fd8fa048c0b1f638a2b,-89,,3,64,8.0,3
12:24:39,26.0,3,bb2f2f07f7334b6a6a5ef0e46d0b5c802e8b8eca3787af62ced8b2787446848a,-69,,3,64,12.0,3
12:24:40,26.0,3,228de7396c2c661d27502c5b6e7efbb084c3d12d177076de169ba6a59ec91f02,-74,,3,64,,3
12:24:41,26.0,3,ddeb5ac07bd7f49d4afe382a7dbbbd810b9bc7918cd37d16e6194cefa4e2189c,-76,,3,64,12.0,3
12:24:41,,3,26aa22f2b9c20678c692b54aee349fa555cda75fd20d04742ba8fc53e74c0957,-87,,3,64,,3
12:24:42,26.0,3,ddeb5ac07bd7f49d4afe382a7dbbbd810b9bc7918cd37d16e6194cefa4e2189c,-87,,3,64,12.0,3
12:24:43,26.0,3,bb2f2f07f7334b6a6a5ef0e46d0b5c802e8b8eca3787af62ced8b2787446848a,-82,,3,64,12.0,3
12:24:44,26.0,3,f1bd14fbfc0f4090b1bfbd33c44a160ec83b5290c9cfd930d76ce102550b6d68,-77,,3,64,7.0,3
12:24:45,26.0,3,bb2f2f07f7334b6a6a5ef0e46d0b5c802e8b8eca3787af62ced8b2787446848a,-83,,3,64,12.0,3
12:24:45,26.0,3,6c323990ae0465fdb68af545ec5cc1d5ba37d5303b348fd8fa048c0b1f638a2b,-75,,3,64,8.0,3
12:24:46,26.0,3,f1bd14fbfc0f4090b1bfbd33c44a160ec83b5290c9cfd930d76ce102550b6d68,-70,,3,64,7.0,3
12:24:47,26.0,3,228de7396c2c661d27502c5b6e7efbb084c3d12d177076de169ba6a59ec91f02,-75,,3,64,,3
12:24:48,26.0,3,1d7fdb6c9feb9a87b79ebec65c1915a30373e0f230236f65604efc0b6f269551,-57,,3,64,12.0,3
12:24:49,26.0,3,08e0fa6bed6d76f49f139110ce8c9d601806c9f9bdf03001ad696e65dcf5e4ba,-81,,3,64,,3
12:24:49,,3,26aa22f2b9c20678c692b54aee349fa555cda75fd20d04742ba8fc53e74c0957,-99,,3,64,,3
12:24:50,26.0,3,1d7fdb6c9feb9a87b79ebec65c1915a30373e0f230236f65604efc0b6f269551,-64,,3,64,12.0,3
12:24:51,26.0,3,bb2f2f07f7334b6a6a5ef0e46d0b5c802e8b8eca3787af62ced8b2787446848a,-74,,3,64,12.0,3
12:24:52,26.0,3,f1bd14fbfc0f4090b1bfbd33c44a160ec83b5290c9cfd930d76ce102550b6d68,-71,,3,64,7.0,3
12:24:53,26.0,3,6e4a6a0c2a0c89c8d1eb796bb961f007b5ed51a292ae4f33fd65cd9a630fa4ff,-78,,3,64,7.0,3
12:24:53,26.0,3,228de7396c2c661d27502c5b6e7efbb084c3d12d177076de169ba6a59ec91f02,-81,,3,64,,3
12:24:54,26.0,3,228de7396c2c661d27502c5b6e7efbb084c3d12d177076de169ba6a59ec91f02,-73,,3,64,2.0,3
12:24:55,26.0,3,08e0fa6bed6d76f49f139110ce8c9d601806c9f9bdf03001ad696e65dcf5e4ba,-80,,3,64,,3
12:24:56,26.0,3,228de7396c2c661d27502c5b6e7efbb084c3d12d177076de169ba6a59ec91f02,-81,,3,64,2.0,3
12:24:57,,3,d7eca3c7fd23214eaf91785788cafe27ed89416ef6480db8a8f51ba82e890542,-75,,3,64,,3
12:24:57,26.0,3,228de7396c2c661d27502c5b6e7efbb084c3d12d177076de169ba6a59ec91f02,-73,,3,64,2.0,3
12:24:58,26.0,3,86859f86fb3c8995ea7a6bee00323e081b1320dc2a0012df9bfde243bc090765,-78,,3,64,,3
12:24:59,26.0,3,228de7396c2c661d27502c5b6e7efbb084c3d12d177076de169ba6a59ec91f02,-72,,3,64,2.0,3
12:25:00,26.0,3,1d7fdb6c9feb9a87b79ebec65c1915a30373e0f230236f65604efc0b6f269551,-54,,3,64,12.0,3
12:25:00,,3,d7eca3c7fd23214eaf91785788cafe27ed89416ef6480db8a8f51ba82e890542,-83,,3,64,,3
12:25:01,,3,26aa22f2b9c20678c692b54aee349fa555cda75fd20d04742ba8fc53e74c0957,-88,,3,64,,3
12:25:02,26.0,3,6c323990ae0465fdb68af545ec5cc1d5ba37d5303b348fd8fa048c0b1f638a2b,-77,,3,64,8.0,3
12:25:03,26.0,3,08e0fa6bed6d76f49f139110ce8c9d601806c9f9bdf03001ad696e65dcf5e4ba,-87,,3,64,,3
12:25:04,26.0,3,08e0fa6bed6d76f49f139110ce8c9d601806c9f9bdf03001ad696e65dcf5e4ba,-81,,3,64,,3
12:25:04,26.0,3,08e0fa6bed6d76f49f139110ce8c9d601806c9f9bdf03001ad696e65dcf5e4ba,-84,,3,64,,3
12:25:05,26.0,3,08e0fa6bed6d76f49f139110ce8c9d601806c9f9bdf03001ad696e65dcf5e4ba,-82,,3,64,,3
12:25:06,,3,f7d7ae08e350542afcba00e1a0cef63fc425b66c31e7b39847061657da39d3c4,-87,,3,64,,3
12:25:07,26.0,3,bb2f2f07f7334b6a6a5ef0e46d0b5c802e8b8eca3787af62ced8b2787446848a,-68,,3,64,12.0,3
12:25:08,26.0,3,f1bd14fbfc0f4090b1bfbd33c44a160ec83b5290c9cfd930d76ce102550b6d68,-69,,3,64,7.0,3
12:25:08,26.0,3,6e4a6a0c2a0c89c8d1eb796bb961f007b5ed51a292ae4f33fd65cd9a630fa4ff,-87,,3,64,7.0,3
12:25:09,26.0,3,f1bd14fbfc0f4090b1bfbd33c44a160ec83b5290c9cfd930d76ce102550b6d68,-68,,3,64,7.0,3
12:25:10,26.0,3,6e4a6a0c2a0c89c8d1eb796bb961f007b5ed51a292ae4f33fd65cd9a630fa4ff,-84,,3,64,7.0,3
12:25:11,26.0,3,bb2f2f07f7334b6a6a5ef0e46d0b5c802e8b8eca3787af62ced8b2787446848a,-74,,3,64,12.0,3
12:25:12,26.0,3,08e0fa6bed6d76f49f139110ce8c9d601806c9f9bdf03001ad696e65dcf5e4ba,-73,,3,64,,3
12:25:12,,3,f7d7ae08e350542afcba00e1a0cef63fc425b66c31e7b39847061657da39d3c4,-92,,3,64,,3
12:25:13,26.0,3,1d7fdb6c9feb9a87b79ebec65c1915a30373e0f230236f65604efc0b6f269551,-58,,3,64,12.0,3
12:25:14,,3,f7d7ae08e350542afcba00e1a0cef63fc425b66c31e7b39847061657da39d3c4,-88,,3,64,,3
12:25:15,26.0,3,08e0fa6bed6d76f49f139110ce8c9d601806c9f9bdf03001ad696e65dcf5e4ba,-82,,3,64,,3
12:25:16,26.0,3,6e4a6a0c2a0c89c8d1eb796bb961f007b5ed51a292ae4f33fd65cd9a630fa4ff,-84,,3,64,7.0,3
12:25:16,26.0,3,1d7fdb6c9feb9a87b79ebec65c1915a30373e0f230236f65604efc0b6f269551,-58,,3,64,12.0,3
12:25:17,26.0,3,f1bd14fbfc0f4090b1bfbd33c44a160ec83b5290c9cfd930d76ce102550b6d68,-69,,3,64,7.0,3
12:25:18,26.0,3,08e0fa6bed6d76f49f139110ce8c9d601806c9f9bdf03001ad696e65dcf5e4ba,-74,,3,64,,3
12:25:19,26.0,3,08e0fa6bed6d76f49f139110ce8c9d601806c9f9bdf03001ad696e65dcf5e4ba,-80,,3,64,,3
12:25:20,26.0,3,6e4a6a0c2a0c89c8d1eb796bb961f007b5ed51a292ae4f33fd65cd9a630fa4ff,-84,,3,64,7.0,3
12:25:20,26.0,3,228de7396c2c661d27502c5b6e7efbb084c3d12d177076de169ba6a59ec91f02,-82,,3,64,,3
12:25:21,,3,f7d7ae08e350542afcba00e1a0cef63fc425b66c31e7b39847061657da39d3c4,-86,,3,64,,3
12:25:22,,3,f7d7ae08e350542afcba00e1a0cef63fc425b66c31e7b39847061657da39d3c4,-88,,3,64,,3
12:25:23,26.0,3,6c323990ae0465fdb68af545ec5cc1d5ba37d5303b348fd8fa048c0b1f638a2b,-76,,3,64,8.0,3
12:25:24,26.0,3,6c323990ae0465fdb68af545ec5cc1d5ba37d5303b348fd8fa048c0b1f638a2b,-79,,3,64,8.0,3
12:25:24,26.0,3,1d7fdb6c9feb9a87b79ebec65c1915a30373e0f230236f65604efc0b6f269551,-55,,3,64,12.0,3
12:25:25,26.0,3,6c323990ae0465fdb68af545ec5cc1d5ba37d5303b348fd8fa048c0b1f638a2b,-79,,3,64,8.0,3
12:25:26,26.0,3,228de7396c2c661d27502c5b6e7efbb084c3d12d177076de169ba6a59ec91f02,-83,,3,64,,3
12:25:27,26.0,3,6e4a6a0c2a0c89c8d1eb796bb961f007b5ed51a292ae4f33fd65cd9a630fa4ff,-85,,3,64,7.0,3
12:25:28,26.0,3,5add091118a644017c369f8c45692ad941fd64689435b334c27bd3c13827eac4,-72,,3,64,,3
12:25:28,26.0,3,08e0fa6bed6d76f49f139110ce8c9d601806c9f9bdf03001ad696e65dcf5e4ba,-84,,3,64,,3
12:25:29,26.0,3,5add091118a644017c369f8c45692ad941fd64689435b334c27bd3c13827eac4,-74,,3,64,,3
12:25:30,26.0,3,6c323990ae0465fdb68af545ec5cc1d5ba37d5303b348fd8fa048c0b1f638a2b,-80,,3,64,8.0,3
12:25:31,26.0,3,bb2f2f07f7334b6a6a5ef0e46d0b5c802e8b8eca3787af62ced8b2787446848a,-85,,3,64,12.0,3
12:25:32,26.0,3,6c323990ae0465fdb68af545ec5cc1d5ba37d5303b348fd8fa048c0b1f638a2b,-76,,3,64,8.0,3
12:25:32,26.0,3,6c323990ae0465fdb68af545ec5cc1d5ba37d5303b348fd8fa048c0b1f638a2b,-75,,3,64,8.0,3
12:25:33,26.0,3,bb2f2f07f7334b6a6a5ef0e46d0b5c802e8b8eca3787af62ced8b2787446848a,-75,,3,64,12.0,3
12:25:34,26.0,3,6c323990ae0465fdb68af545ec5cc1d5ba37d5303b348fd8fa048c0b1f638a2b,-76,,3,64,8.0,3
12:25:35,,3,d7eca3c7fd23214eaf91785788cafe27ed89416ef6480db8a8f51ba82e890542,-75,,3,64,,3
12:25:36,26.0,3,6e4a6a0c2a0c89c8d1eb796bb961f007b5ed51a292ae4f33fd65cd9a630fa4ff,-85,,3,64,7.0,3
12:25:36,26.0,3,08e0fa6bed6d76f49f139110ce8c9d601806c9f9bdf03001ad696e65dcf5e4ba,-76,,3,64,,3
12:25:37,,3,26aa22f2b9c20678c692b54aee349fa555cda75fd20d04742ba8fc53e74c0957,-84,,3,64,,3
12:25:38,26.0,3,6c323990ae0465fdb68af545ec5cc1d5ba37d5303b348fd8fa048c0b1f638a2b,-85,,3,64,8.0,3
12:25:39,,3,d7eca3c7fd23214eaf91785788cafe27ed89416ef6480db8a8f51ba82e890542,-71,,3,64,,3
12:25:40,26.0,3,08e0fa6bed6d76f49f139110ce8c9d601806c9f9bdf03001ad696e65dcf5e4ba,-87,,3,64,,3
12:25:40,26.0,3,5add091118a644017c369f8c45692ad941fd64689435b334c27bd3c13827eac4,-85,,3,64,,3
12:25:41,26.0,3,bb2f2f07f7334b6a6a5ef0e46d0b5c802e8b8eca3787af62ced8b2787446848a,-77,,3,64,12.0,3
12:25:42,26.0,3,6c323990ae0465fdb68af545ec5cc1d5ba37d5303b348fd8fa048c0b1f638a2b,-76,,3,64,8.0,3
12:25:43,26.0,3,5add091118a644017c369f8c45692ad941fd64689435b334c27bd3c13827eac4,-78,,3,64,,3
12:25:44,26.0,3,5add091118a644017c369f8c45692ad941fd64689435b334c27bd3c13827eac4,-77,,3,64,,3
12:25:44,26.0,3,f1bd14fbfc0f4090b1bfbd33c44a160ec83b5290c9cfd930d76ce102550b6d68,-81,,3,64,7.0,3
12:25:45,,3,af03da13d92f760ac38741f3ba1670dd7234048899f07f0670ff369e2945bbe3,-75,,3,64,,3
12:25:46,26.0,3,6c323990ae0465fdb68af545ec5cc1d5ba37d5303b348fd8fa048c0b1f638a2b,-75,,3,64,8.0,3
12:25:47,26.0,3,ddeb5ac07bd7f49d4afe382a7dbbbd810b9bc7918cd37d16e6194cefa4e2189c,-83,,3,64,12.0,3
12:25:48,26.0,3,228de7396c2c661d27502c5b6e7efbb084c3d12d177076de169ba6a59ec91f02,-87,,3,64,,3
12:25:48,26.0,3,1d7fdb6c9feb9a87b79ebec65c1915a30373e0f230236f65604efc0b6f269551,-68,,3,64,12.0,3
12:25:49,26.0,3,5add091118a644017c369f8c45692ad941fd64689435b334c27bd3c13827eac4,-80,,3,64,,3
12:25:50,26.0,3,228de7396c2c661d27502c5b6e7efbb084c3d12d177076de169ba6a59ec91f02,-75,,3,64,,3
12:25:51,26.0,3,6e4a6a0c2a0c89c8d1eb796bb961f007b5ed51a292ae4f33fd65cd9a630fa4ff,-82,,3,64,7.0,3
12:25:52,26.0,3,08e0fa6bed6d76f49f139110ce8c9d601806c9f9bdf03001ad696e65dcf5e4ba,-76,,3,64,,3
12:25:52,26.0,3,f1bd14fbfc0f4090b1bfbd33c44a160ec83b5290c9cfd930d76ce102550b6d68,-81,,3,64,7.0,3
12:25:53,26.0,3,08e0fa6bed6d76f49f139110ce8c9d601806c9f9bdf03001ad696e65dcf5e4ba,-76,,3,64,,3
12:25:54,26.0,3,6c323990ae0465fdb68af545ec5cc1d5ba37d5303b348fd8fa048c0b1f638a2b,-75,,3,64,8.0,3
12:25:55,,3,26aa22f2b9c20678c692b54aee349fa555cda75fd20d04742ba8fc53e74c0957,-85,,3,64,,3
12:25:56,26.0,3,5add091118a644017c369f8c45692ad941fd64689435b334c27bd3c13827eac4,-78,,3,64,,3
12:25:56,26.0,3,08e0fa6bed6d76f49f139110ce8c9d601806c9f9bdf03001ad696e65dcf5e4ba,-93,,3,64,,3
12:25:57,26.0,3,08e0fa6bed6d76f49f139110ce8c9d601806c9f9bdf03001ad696e65dcf5e4ba,-88,,3,64,,3
12:25:58,,3,f7d7ae08e350542afcba00e1a0cef63fc425b66c31e7b39847061657da39d3c4,-92,,3,64,,3
12:25:59,26.0,3,08e0fa6bed6d76f49f139110ce8c9d601806c9f9bdf03001ad696e65dcf5e4ba,-77,,3,64,,3
12:26:00,26.0,3,1d7fdb6c9feb9a87b79ebec65c1915a30373e0f230236f65604efc0b6f269551,-60,,3,64,12.0,3
12:26:00,,3,f7d7ae08e350542afcba00e1a0cef63fc425b66c31e7b39847061657da39d3c4,-92,,3,64,,3
12:26:01,26.0,3,08e0fa6bed6d76f49f139110ce8c9d601806c9f9bdf03001ad696e65dcf5e4ba,-75,,3,64,,3
12:26:02,26.0,3,5add091118a644017c369f8c45692ad941fd64689435b334c27bd3c13827eac4,-87,,3,64,,3
12:26:03,26.0,3,228de7396c2c661d27502c5b6e7efbb084c3d12d177076de169ba6a59ec91f02,-75,,3,64,2.0,3
12:26:04,26.0,3,1d7fdb6c9feb9a87b79ebec65c1915a30373e0f230236f65604efc0b6f269551,-60,,3,64,12.0,3
12:26:04,26.0,3,228de7396c2c661d27502c5b6e7efbb084c3d12d177076de169ba6a59ec91f02,-76,,3,64,2.0,3
12:26:05,,3,29ebc9a8cc12c2513dd596f910a234cb3e81ccea3f216e41d407c158be3fc519,-92,,3,64,,3
12:26:06,26.0,3,08e0fa6bed6d76f49f139110ce8c9d601806c9f9bdf03001ad696e65dcf5e4ba,-81,,3,64,,3
12:26:07,,3,26aa22f2b9c20678c692b54aee349fa555cda75fd20d04742ba8fc53e74c0957,-88,,3,64,,3
12:26:08,,3,33272dfa2c5966b5ae7aa0e931ba385edac6047ceabc83c2f12ecc6de29bfdbb,-83,,3,64,,3
12:26:08,26.0,3,bb2f2f07f7334b6a6a5ef0e46d0b5c802e8b8eca3787af62ced8b2787446848a,-75,,3,64,12.0,3
12:26:09,26.0,3,228de7396c2c661d27502c5b6e7efbb084c3d12d177076de169ba6a59ec91f02,-72,,3,64,2.0,3
12:26:10,26.0,3,08e0fa6bed6d76f49f139110ce8c9d601806c9f9bdf03001ad696e65dcf5e4ba,-88,,3,64,,3
12:26:11,26.0,3,228de7396c2c661d27502c5b6e7efbb084c3d12d177076de169ba6a59ec91f02,-74,,3,64,2.0,3
12:26:12,26.0,3,08e0fa6bed6d76f49f139110ce8c9d601806c9f9bdf03001ad696e65dcf5e4ba,-75,,3,64,,3
12:26:12,,3,8a4bf71a62b10b6d1bf52037f2a2a9643f8800b83ab4dc15afec233af74c777d,-85,,3,64,,3
12:26:13,26.0,3,bb2f2f07f7334b6a6a5ef0e46d0b5c802e8b8eca3787af62ced8b2787446848a,-76,,3,64,12.0,3
12:26:14,26.0,3,1d7fdb6c9feb9a87b79ebec65c1915a30373e0f230236f65604efc0b6f269551,-61,,3,64,12.0,3
12:26:15,26.0,3,08e0fa6bed6d76f49f139110ce8c9d601806c9f9bdf03001ad696e65dcf5e4ba,-86,,3,64,,3
12:26:16,26.0,3,08e0fa6bed6d76f49f139110ce8c9d601806c9f9bdf03001ad696e65dcf5e4ba,-93,,3,64,,3
12:26:16,26.0,3,6c323990ae0465fdb68af545ec5cc1d5ba37d5303b348fd8fa048c0b1f638a2b,-77,,3,64,8.0,3
12:26:17,26.0,3,f1bd14fbfc0f4090b1bfbd33c44a160ec83b5290c9cfd930d76ce102550b6d68,-81,,3,64,7.0,3
12:26:18,26.0,3,08e0fa6bed6d76f49f139110ce8c9d601806c9f9bdf03001ad696e65dcf5e4ba,-84,,3,64,,3
12:26:19,26.0,3,1d7fdb6c9feb9a87b79ebec65c1915a30373e0f230236f65604efc0b6f269551,-63,,3,64,12.0,3
12:26:20,26.0,3,6e4a6a0c2a0c89c8d1eb796bb961f007b5ed51a292ae4f33fd65cd9a630fa4ff,-83,,3,64,7.0,3
12:26:20,,3,39f20a7b9ec00e03621d436868d4473fd4f6c156bc2fe0d28150fd6c9d1cd6ab,-86,,3,64,,3
12:26:21,,3,af03da13d92f760ac38741f3ba1670dd7234048899f07f0670ff369e2945bbe3,-74,,3,64,,3
12:26:22,26.0,3,bb2f2f07f7334b6a6a5ef0e46d0b5c802e8b8eca3787af62ced8b2787446848a,-76,,3,64,12.0,3
12:26:23,26.0,3,6e4a6a0c2a0c89c8d1eb796bb961f007b5ed51a292ae4f33fd65cd9a630fa4ff,-84,,3,64,7.0,3
12:26:24,26.0,3,bb2f2f07f7334b6a6a5ef0e46d0b5c802e8b8eca3787af62ced8b2787446848a,-74,,3,64,12.0,3
12:26:24,,3,8a4bf71a62b10b6d1bf52037f2a2a9643f8800b83ab4dc15afec233af74c777d,-82,,3,64,,3
12:26:25,26.0,3,1d7fdb6c9feb9a87b79ebec65c1915a30373e0f230236f65604efc0b6f269551,-63,,3,64,12.0,3
12:26:26,26.0,3,bb2f2f07f7334b6a6a5ef0e46d0b5c802e8b8eca3787af62ced8b2787446848a,-74,,3,64,12.0,3
12:26:27,26.0,3,6e4a6a0c2a0c89c8d1eb796bb961f007b5ed51a292ae4f33fd65cd9a630fa4ff,-80,,3,64,7.0,3
12:26:27,26.0,3,5add091118a644017c369f8c45692ad941fd64689435b334c27bd3c13827eac4,-85,,3,64,,3
12:26:28,,3,8a4bf71a62b10b6d1bf52037f2a2a9643f8800b83ab4dc15afec233af74c777d,-81,,3,64,,3
12:26:29,26.0,3,08e0fa6bed6d76f49f139110ce8c9d601806c9f9bdf03001ad696e65dcf5e4ba,-85,,3,64,,3
12:26:30,26.0,3,f1bd14fbfc0f4090b1bfbd33c44a160ec83b5290c9cfd930d76ce102550b6d68,-65,,3,64,7.0,3
12:26:31,26.0,3,bb2f2f07f7334b6a6a5ef0e46d0b5c802e8b8eca3787af62ced8b2787446848a,-74,,3,64,12.0,3
12:26:31,26.0,3,f1bd14fbfc0f4090b1bfbd33c44a160ec83b5290c9cfd930d76ce102550b6d68,-65,,3,64,7.0,3
12:26:32,26.0,3,08e0fa6bed6d76f49f139110ce8c9d601806c9f9bdf03001ad696e65dcf5e4ba,-81,,3,64,,3
12:26:33,26.0,3,5add091118a644017c369f8c45692ad941fd64689435b334c27bd3c13827eac4,-82,,3,64,,3
12:26:34,26.0,3,6c323990ae0465fdb68af545ec5cc1d5ba37d5303b348fd8fa048c0b1f638a2b,-91,,3,64,8.0,3
12:26:35,26.0,3,6e4a6a0c2a0c89c8d1eb796bb961f007b5ed51a292ae4f33fd65cd9a630fa4ff,-82,,3,64,7.0,3
12:26:35,26.0,3,6e4a6a0c2a0c89c8d1eb796bb961f007b5ed51a292ae4f33fd65cd9a630fa4ff,-79,,3,64,7.0,3
12:26:36,26.0,3,1d7fdb6c9feb9a87b79ebec65c1915a30373e0f230236f65604efc0b6f269551,-60,,3,64,12.0,3
12:26:37,26.0,3,1d7fdb6c9feb9a87b79ebec65c1915a30373e0f230236f65604efc0b6f269551,-60,,3,64,12.0,3
12:26:38,26.0,3,08e0fa6bed6d76f49f139110ce8c9d601806c9f9bdf03001ad696e65dcf5e4ba,-75,,3,64,,3
12:26:39,,3,26aa22f2b9c20678c692b54aee349fa555cda75fd20d04742ba8fc53e74c0957,-86,,3,64,,3
12:26:39,26.0,3,bb2f2f07f7334b6a6a5ef0e46d0b5c802e8b8eca3787af62ced8b2787446848a,-72,,3,64,12.0,3
12:26:40,26.0,3,bb2f2f07f7334b6a6a5ef0e46d0b5c802e8b8eca3787af62ced8b2787446848a,-73,,3,64,12.0,3
12:26:41,26.0,3,08e0fa6bed6d76f49f139110ce8c9d601806c9f9bdf03001ad696e65dcf5e4ba,-77,,3,64,,3
12:26:42,26.0,3,f1bd14fbfc0f4090b1bfbd33c44a160ec83b5290c9cfd930d76ce102550b6d68,-75,,3,64,7.0,3
12:26:43,26.0,3,bb2f2f07f7334b6a6a5ef0e46d0b5c802e8b8eca3787af62ced8b2787446848a,-72,,3,64,12.0,3
12:26:43,26.0,3,6c323990ae0465fdb68af545ec5cc1d5ba37d5303b348fd8fa048c0b1f638a2b,-81,,3,64,8.0,3
12:26:44,26.0,3,5add091118a644017c369f8c45692ad941fd64689435b334c27bd3c13827eac4,-85,,3,64,,3
12:26:45,,3,f782c22bd3e365fa8c2aa526b3e91d4d848b909edde70365b494ba4c96b9f104,-86,,3,64,,3
12:26:46,26.0,3,5add091118a644017c369f8c45692ad941fd64689435b334c27bd3c13827eac4,-77,,3,64,,3
12:26:47,26.0,3,f1bd14fbfc0f4090b1bfbd33c44a160ec83b5290c9cfd930d76ce102550b6d68,-71,,3,64,7.0,3
12:26:47,,3,af03da13d92f760ac38741f3ba1670dd7234048899f07f0670ff369e2945bbe3,-75,,3,64,,3
12:26:48,,3,240dceafe44b476b70ff8720beb8548996a4c755fd738f4ec8ce7719806a546d,-84,,3,64,,3
12:26:49,,3,9f46d61aab0db9b72db61004cd5b8a7f73257519e4ab4ccbce640a3013a4c8fe,-76,,3,64,,3
12:26:50,26.0,3,5add091118a644017c369f8c45692ad941fd64689435b334c27bd3c13827eac4,-81,,3,64,,3
12:26:51,26.0,3,1d7fdb6c9feb9a87b79ebec65c1915a30373e0f230236f65604efc0b6f269551,-60,,3,64,12.0,3
12:26:51,,3,d7eca3c7fd23214eaf91785788cafe27ed89416ef6480db8a8f51ba82e890542,-70,,3,64,,3
12:26:52,26.0,3,228de7396c2c661d27502c5b6e7efbb084c3d12d177076de169ba6a59ec91f02,-89,,3,64,,3
12:26:53,,3,9f46d61aab0db9b72db61004cd5b8a7f73257519e4ab4ccbce640a3013a4c8fe,-76,,3,64,,3
12:26:54,26.0,3,5add091118a644017c369f8c45692ad941fd64689435b334c27bd3c13827eac4,-85,,3,64,,3
12:26:55,26.0,3,bb2f2f07f7334b6a6a5ef0e46d0b5c802e8b8eca3787af62ced8b2787446848a,-76,,3,64,12.0,3
12:26:55,,3,af03da13d92f760ac38741f3ba1670dd7234048899f07f0670ff369e2945bbe3,-80,,3,64,,3
12:26:56,26.0,3,5add091118a644017c369f8c45692ad941fd64689435b334c27bd3c13827eac4,-86,,3,64,,3
12:26:57,26.0,3,08e0fa6bed6d76f49f139110ce8c9d601806c9f9bdf03001ad696e65dcf5e4ba,-85,,3,64,,3
12:26:58,26.0,3,6e4a6a0c2a0c89c8d1eb796bb961f007b5ed51a292ae4f33fd65cd9a630fa4ff,-83,,3,64,7.0,3
12:26:59,26.0,3,6e4a6a0c2a0c89c8d1eb796bb961f007b5ed51a292ae4f33fd65cd9a630fa4ff,-83,,3,64,7.0,3
12:26:59,26.0,3,08e0fa6bed6d76f49f139110ce8c9d601806c9f9bdf03001ad696e65dcf5e4ba,-79,,3,64,,3
12:27:00,26.0,3,228de7396c2c661d27502c5b6e7efbb084c3d12d177076de169ba6a59ec91f02,-77,,3,64,,3
12:27:01,26.0,3,228de7396c2c661d27502c5b6e7efbb084c3d12d177076de169ba6a59ec91f02,-76,,3,64,,3
12:27:02,26.0,3,08e0fa6bed6d76f49f139110ce8c9d601806c9f9bdf03001ad696e65dcf5e4ba,-81,,3,64,,3
12:27:03,26.0,3,1d7fdb6c9feb9a87b79ebec65c1915a30373e0f230236f65604efc0b6f269551,-56,,3,64,12.0,3
12:27:03,26.0,3,08e0fa6bed6d76f49f139110ce8c9d601806c9f9bdf03001ad696e65dcf5e4ba,-80,,3,64,,3
12:27:04,26.0,3,08e0fa6bed6d76f49f139110ce8c9d601806c9f9bdf03001ad696e65dcf5e4ba,-80,,3,64,,3
12:27:05,26.0,3,bb2f2f07f7334b6a6a5ef0e46d0b5c802e8b8eca3787af62ced8b2787446848a,-74,,3,64,12.0,3
12:27:06,,3,deff5f18277d3853f3ea0455fd52e6e8e5f23b9ee679f28b0b70c738103c27de,-92,,3,64,,3
12:27:07,,3,33272dfa2c5966b5ae7aa0e931ba385edac6047ceabc83c2f12ecc6de29bfdbb,-82,,3,64,,3
12:27:07,26.0,3,5add091118a644017c369f8c45692ad941fd64689435b334c27bd3c13827eac4,-80,,3,64,,3
12:27:08,26.0,3,08e0fa6bed6d76f49f139110ce8c9d601806c9f9bdf03001ad696e65dcf5e4ba,-87,,3,64,,3
12:27:09,26.0,3,6c323990ae0465fdb68af545ec5cc1d5ba37d5303b348fd8fa048c0b1f638a2b,-76,,3,64,8.0,3
12:27:10,26.0,3,5add091118a644017c369f8c45692ad941fd64689435b334c27bd3c13827eac4,-81,,3,64,,3
12:27:11,26.0,3,6c323990ae0465fdb68af545ec5cc1d5ba37d5303b348fd8fa048c0b1f638a2b,-79,,3,64,8.0,3
12:27:11,,3,d7eca3c7fd23214eaf91785788cafe27ed89416ef6480db8a8f51ba82e890542,-72,,3,64,,3
12:27:12,26.0,3,08e0fa6bed6d76f49f139110ce8c9d601806c9f9bdf03001ad696e65dcf5e4ba,-81,,3,64,,3
12:27:13,26.0,3,bb2f2f07f7334b6a6a5ef0e46d0b5c802e8b8eca3787af62ced8b2787446848a,-77,,3,64,12.0,3
12:27:14,26.0,3,6e4a6a0c2a0c89c8d1eb796bb961f007b5ed51a292ae4f33fd65cd9a630fa4ff,-81,,3,64,7.0,3
12:27:15,26.0,3,228de7396c2c661d27502c5b6e7efbb084c3d12d177076de169ba6a59ec91f02,-81,,3,64,,3
12:27:15,,3,af03da13d92f760ac38741f3ba1670dd7234048899f07f0670ff369e2945bbe3,-80,,3,64,,3
12:27:16,26.0,3,bb2f2f07f7334b6a6a5ef0e46d0b5c802e8b8eca3787af62ced8b2787446848a,-79,,3,64,12.0,3
12:27:17,26.0,3,228de7396c2c661d27502c5b6e7efbb084c3d12d177076de169ba6a59ec91f02,-80,,3,64,,3
12:27:18,26.0,3,6c323990ae0465fdb68af545ec5cc1d5ba37d5303b348fd8fa048c0b1f638a2b,-77,,3,64,8.0,3
12:27:19,26.0,3,08e0fa6bed6d76f49f139110ce8c9d601806c9f9bdf03001ad696e65dcf5e4ba,-79,,3,64,,3
12:27:19,26.0,3,08e0fa6bed6d76f49f139110ce8c9d601806c9f9bdf03001ad696e65dcf5e4ba,-76,,3,64,,3
12:27:20,26.0,3,f1bd14fbfc0f4090b1bfbd33c44a160ec83b5290c9cfd930d76ce102550b6d68,-81,,3,64,7.0,3
12:27:21,26.0,3,228de7396c2c661d27502c5b6e7efbb084c3d12d177076de169ba6a59ec91f02,-87,,3,64,,3
12:27:22,26.0,3,6e4a6a0c2a0c89c8d1eb796bb961f007b5ed51a292ae4f33fd65cd9a630fa4ff,-82,,3,64,7.0,3
12:27:23,26.0,3,6e4a6a0c2a0c89c8d1eb796bb961f007b5ed51a292ae4f33fd65cd9a630fa4ff,-79,,3,64,7.0,3
12:27:23,26.0,3,6e4a6a0c2a0c89c8d1eb796bb961f007b5ed51a292ae4f33fd65cd9a630fa4ff,-81,,3,64,7.0,3
12:27:24,,3,8a4bf71a62b10b6d1bf52037f2a2a9643f8800b83ab4dc15afec233af74c777d,-81,,3,64,,3
12:27:25,26.0,3,5add091118a644017c369f8c45692ad941fd64689435b334c27bd3c13827eac4,-80,,3,64,,3
12:27:26,26.0,3,6c323990ae0465fdb68af545ec5cc1d5ba37d5303b348fd8fa048c0b1f638a2b,-81,,3,64,8.0,3
12:27:27,26.0,3,1d7fdb6c9feb9a87b79ebec65c1915a30373e0f230236f65604efc0b6f269551,-53,,3,64,12.0,3
12:27:27,26.0,3,1d7fdb6c9feb9a87b79ebec65c1915a30373e0f230236f65604efc0b6f269551,-56,,3,64,12.0,3
12:27:28,26.0,3,08e0fa6bed6d76f49f139110ce8c9d601806c9f9bdf03001ad696e65dcf5e4ba,-78,,3,64,,3
12:27:29,26.0,3,bb2f2f07f7334b6a6a5ef0e46d0b5c802e8b8eca3787af62ced8b2787446848a,-74,,3,64,12.0,3
12:27:30,26.0,3,6e4a6a0c2a0c89c8d1eb796bb961f007b5ed51a292ae4f33fd65cd9a630fa4ff,-83,,3,64,7.0,3
12:27:31,26.0,3,f1bd14fbfc0f4090b1bfbd33c44a160ec83b5290c9cfd930d76ce102550b6d68,-71,,3,64,7.0,3
12:27:31,26.0,3,6e4a6a0c2a0c89c8d1eb796bb961f007b5ed51a292ae4f33fd65cd9a630fa4ff,-81,,3,64,7.0,3
12:27:32,26.0,3,08e0fa6bed6d76f49f139110ce8c9d601806c9f9bdf03001ad696e65dcf5e4ba,-76,,3,64,,3
12:27:33,26.0,3,228de7396c2c661d27502c5b6e7efbb084c3d12d177076de169ba6a59ec91f02,-78,,3,64,,3
12:27:34,26.0,3,1d7fdb6c9feb9a87b79ebec65c1915a30373e0f230236f65604efc0b6f269551,-40,,3,64,12.0,3
12:27:35,26.0,3,7d78a4909cfd923057976d919ff8708f0c3b4102dfef80aec68f29fa85096864,-89,,3,64,,3
12:27:35,,3,af03da13d92f760ac38741f3ba1670dd7234048899f07f0670ff369e2945bbe3,-72,,3,64,,3
12:27:36,26.0,3,bb2f2f07f7334b6a6a5ef0e46d0b5c802e8b8eca3787af62ced8b2787446848a,-75,,3,64,12.0,3
12:27:37,26.0,3,54fc7b61702a9b41a823ce43fe8a5eef01029f7f1e8b7a4201dbbec6c17e87ec,-87,,3,64,12.0,3
12:27:38,26.0,3,6e4a6a0c2a0c89c8d1eb796bb961f007b5ed51a292ae4f33fd65cd9a630fa4ff,-85,,3,64,7.0,3
12:27:38,26.0,3,e010bbeaac4d95382bab015bc72dc2dc7cc8c8e14986dc012745ba63a11f32d4,-77,,3,64,,3
12:27:39,26.0,3,5add091118a644017c369f8c45692ad941fd64689435b334c27bd3c13827eac4,-80,,3,64,,3
12:27:40,26.0,3,bb2f2f07f7334b6a6a5ef0e46d0b5c802e8b8eca3787af62ced8b2787446848a,-71,,3,64,12.0,3
12:27:41,26.0,3,5add091118a644017c369f8c45692ad941fd64689435b334c27bd3c13827eac4,-84,,3,64,,3
12:27:42,26.0,3,7d78a4909cfd923057976d919ff8708f0c3b4102dfef80aec68f29fa85096864,-77,,3,64,,3
12:27:42,26.0,3,6c323990ae0465fdb68af545ec5cc1d5ba37d5303b348fd8fa048c0b1f638a2b,-85,,3,64,8.0,3
12:27:43,,3,deff5f18277d3853f3ea0455fd52e6e8e5f23b9ee679f28b0b70c738103c27de,-89,,3,64,,3
12:27:44,26.0,3,e010bbeaac4d95382bab015bc72dc2dc7cc8c8e14986dc012745ba63a11f32d4,-76,,3,64,,3
12:27:45,26.0,3,e010bbeaac4d95382bab015bc72dc2dc7cc8c8e14986dc012745ba63a11f32d4,-76,,3,64,,3
12:27:46,26.0,3,f1bd14fbfc0f4090b1bfbd33c44a160ec83b5290c9cfd930d76ce102550b6d68,-76,,3,64,7.0,3
12:27:46,26.0,3,e010bbeaac4d95382bab015bc72dc2dc7cc8c8e14986dc012745ba63a11f32d4,-75,,3,64,,3
12:27:47,26.0,3,bb2f2f07f7334b6a6a5ef0e46d0b5c802e8b8eca3787af62ced8b2787446848a,-74,,3,64,12.0,3
12:27:48,26.0,3,bb2f2f07f7334b6a6a5ef0e46d0b5c802e8b8eca3787af62ced8b2787446848a,-71,,3,64,12.0,3
12:27:49,26.0,3,e010bbeaac4d95382bab015bc72dc2dc7cc8c8e14986dc012745ba63a11f32d4,-79,,3,64,,3
12:27:50,26.0,3,54fc7b61702a9b41a823ce43fe8a5eef01029f7f1e8b7a4201dbbec6c17e87ec,-75,,3,64,12.0,3
12:27:50,26.0,3,bb2f2f07f7334b6a6a5ef0e46d0b5c802e8b8eca3787af62ced8b2787446848a,-68,,3,64,12.0,3
12:27:51,26.0,3,6c323990ae0465fdb68af545ec5cc1d5ba37d5303b348fd8fa048c0b1f638a2b,-85,,3,64,8.0,3
12:27:52,26.0,3,f1bd14fbfc0f4090b1bfbd33c44a160ec83b5290c9cfd930d76ce102550b6d68,-81,,3,64,7.0,3
12:27:53,,3,deff5f18277d3853f3ea0455fd52e6e8e5f23b9ee679f28b0b70c738103c27de,-90,,3,64,,3
12:27:54,26.0,3,5add091118a644017c369f8c45692ad941fd64689435b334c27bd3c13827eac4,-85,,3,64,,3
12:27:54,26.0,3,7d78a4909cfd923057976d919ff8708f0c3b4102dfef80aec68f29fa85096864,-93,,3,64,,3
12:27:55,26.0,3,7d78a4909cfd923057976d919ff8708f0c3b4102dfef80aec68f29fa85096864,-86,,3,64,,3
12:27:56,26.0,3,6c323990ae0465fdb68af545ec5cc1d5ba37d5303b348fd8fa048c0b1f638a2b,-83,,3,64,8.0,3
12:27:57,26.0,3,e010bbeaac4d95382bab015bc72dc2dc7cc8c8e14986dc012745ba63a11f32d4,-80,,3,64,,3
12:27:58,26.0,3,bb2f2f07f7334b6a6a5ef0e46d0b5c802e8b8eca3787af62ced8b2787446848a,-75,,3,64,12.0,3
12:27:58,26.0,3,7d78a4909cfd923057976d919ff8708f0c3b4102dfef80aec68f29fa85096864,-78,,3,64,,3
12:27:59,26.0,3,7d78a4909cfd923057976d919ff8708f0c3b4102dfef80aec68f29fa85096864,-85,,3,64,,3
12:28:00,26.0,3,7d78a4909cfd923057976d919ff8708f0c3b4102dfef80aec68f29fa85096864,-85,,3,64,,3
12:28:01,,3,33272dfa2c5966b5ae7aa0e931ba385edac6047ceabc83c2f12ecc6de29bfdbb,-91,,3,64,,3
12:28:02,26.0,3,7d78a4909cfd923057976d919ff8708f0c3b4102dfef80aec68f29fa85096864,-84,,3,64,,3
12:28:02,26.0,3,6e4a6a0c2a0c89c8d1eb796bb961f007b5ed51a292ae4f33fd65cd9a630fa4ff,-87,,3,64,7.0,3
12:28:03,,3,f782c22bd3e365fa8c2aa526b3e91d4d848b909edde70365b494ba4c96b9f104,-73,,3,64,,3
12:28:04,26.0,3,7d78a4909cfd923057976d919ff8708f0c3b4102dfef80aec68f29fa85096864,-77,,3,64,,3
12:28:05,26.0,3,7d78a4909cfd923057976d919ff8708f0c3b4102dfef80aec68f29fa85096864,-91,,3,64,,3
12:28:06,,3,d7eca3c7fd23214eaf91785788cafe27ed89416ef6480db8a8f51ba82e890542,-72,,3,64,,3
12:28:06,26.0,3,bb2f2f07f7334b6a6a5ef0e46d0b5c802e8b8eca3787af62ced8b2787446848a,-69,,3,64,12.0,3
12:28:07,26.0,3,5add091118a644017c369f8c45692ad941fd64689435b334c27bd3c13827eac4,-79,,3,64,,3
12:28:08,26.0,3,7d78a4909cfd923057976d919ff8708f0c3b4102dfef80aec68f29fa85096864,-78,,3,64,2.0,3
12:28:09,26.0,3,bb2f2f07f7334b6a6a5ef0e46d0b5c802e8b8eca3787af62ced8b2787446848a,-71,,3,64,12.0,3
12:28:10,26.0,3,7d78a4909cfd923057976d919ff8708f0c3b4102dfef80aec68f29fa85096864,-81,,3,64,2.0,3
12:28:10,26.0,3,7d78a4909cfd923057976d919ff8708f0c3b4102dfef80aec68f29fa85096864,-79,,3,64,2.0,3
12:28:11,26.0,3,7d78a4909cfd923057976d919ff8708f0c3b4102dfef80aec68f29fa85096864,-83,,3,64,2.0,3
12:28:12,26.0,3,6e4a6a0c2a0c89c8d1eb796bb961f007b5ed51a292ae4f33fd65cd9a630fa4ff,-82,,3,64,7.0,3
12:28:13,26.0,3,7d78a4909cfd923057976d919ff8708f0c3b4102dfef80aec68f29fa85096864,-76,,3,64,2.0,3
12:28:14,26.0,3,7d78a4909cfd923057976d919ff8708f0c3b4102dfef80aec68f29fa85096864,-82,,3,64,2.0,3
12:28:14,,3,240dceafe44b476b70ff8720beb8548996a4c755fd738f4ec8ce7719806a546d,-89,,3,64,,3
12:28:15,,3,9f46d61aab0db9b72db61004cd5b8a7f73257519e4ab4ccbce640a3013a4c8fe,-70,,3,64,,3
12:28:16,,3,39f20a7b9ec00e03621d436868d4473fd4f6c156bc2fe0d28150fd6c9d1cd6ab,-91,,3,64,,3
12:28:17,26.0,3,54fc7b61702a9b41a823ce43fe8a5eef01029f7f1e8b7a4201dbbec6c17e87ec,-73,,3,64,12.0,3
12:28:18,26.0,3,6c323990ae0465fdb68af545ec5cc1d5ba37d5303b348fd8fa048c0b1f638a2b,-80,,3,64,8.0,3
12:28:18,26.0,3,e010bbeaac4d95382bab015bc72dc2dc7cc8c8e14986dc012745ba63a11f32d4,-80,,3,64,,3
12:28:19,26.0,3,e010bbeaac4d95382bab015bc72dc2dc7cc8c8e14986dc012745ba63a11f32d4,-85,,3,64,,3
12:28:20,26.0,3,6e4a6a0c2a0c89c8d1eb796bb961f007b5ed51a292ae4f33fd65cd9a630fa4ff,-89,,3,64,7.0,3
12:28:21,26.0,3,bb2f2f07f7334b6a6a5ef0e46d0b5c802e8b8eca3787af62ced8b2787446848a,-75,,3,64,12.0,3
12:28:22,26.0,3,e010bbeaac4d95382bab015bc72dc2dc7cc8c8e14986dc012745ba63a11f32d4,-92,,3,64,,3
12:28:22,,3,8a4bf71a62b10b6d1bf52037f2a2a9643f8800b83ab4dc15afec233af74c777d,-87,,3,64,,3
12:28:23,,3,f782c22bd3e365fa8c2aa526b3e91d4d848b909edde70365b494ba4c96b9f104,-78,,3,64,,3
12:28:24,26.0,3,1d7fdb6c9feb9a87b79ebec65c1915a30373e0f230236f65604efc0b6f269551,-62,,3,64,12.0,3
12:28:25,26.0,3,e010bbeaac4d95382bab015bc72dc2dc7cc8c8e14986dc012745ba63a11f32d4,-85,,3,64,,3
12:28:26,26.0,3,bb2f2f07f7334b6a6a5ef0e46d0b5c802e8b8eca3787af62ced8b2787446848a,-70,,3,64,12.0,3
12:28:26,,3,8a4bf71a62b10b6d1bf52037f2a2a9643f8800b83ab4dc15afec233af74c777d,-74,,3,64,,3
12:28:27,26.0,3,7d78a4909cfd923057976d919ff8708f0c3b4102dfef80aec68f29fa85096864,-85,,3,64,,3
12:28:28,26.0,3,54fc7b61702a9b41a823ce43fe8a5eef01029f7f1e8b7a4201dbbec6c17e87ec,-79,,3,64,12.0,3
12:28:29,26.0,3,f1bd14fbfc0f4090b1bfbd33c44a160ec83b5290c9cfd930d76ce102550b6d68,-71,,3,64,7.0,3
12:28:30,26.0,3,7d78a4909cfd923057976d919ff8708f0c3b4102dfef80aec68f29fa85096864,-89,,3,64,,3
12:28:30,26.0,3,e010bbeaac4d95382bab015bc72dc2dc7cc8c8e14986dc012745ba63a11f32d4,-75,,3,64,,3
12:28:31,26.0,3,5add091118a644017c369f8c45692ad941fd64689435b334c27bd3c13827eac4,-80,,3,64,,3
12:28:32,26.0,3,5add091118a644017c369f8c45692ad941fd64689435b334c27bd3c13827eac4,-90,,3,64,,3
12:28:33,26.0,3,6c323990ae0465fdb68af545ec5cc1d5ba37d5303b348fd8fa048c0b1f638a2b,-75,,3,64,8.0,3
12:28:34,26.0,3,6e4a6a0c2a0c89c8d1eb796bb961f007b5ed51a292ae4f33fd65cd9a630fa4ff,-84,,3,64,7.0,3
12:28:34,,3,8a4bf71a62b10b6d1bf52037f2a2a9643f8800b83ab4dc15afec233af74c777d,-81,,3,64,,3
12:28:35,26.0,3,e010bbeaac4d95382bab015bc72dc2dc7cc8c8e14986dc012745ba63a11f32d4,-80,,3,64,,3
12:28:36,26.0,3,e010bbeaac4d95382bab015bc72dc2dc7cc8c8e14986dc012745ba63a11f32d4,-81,,3,64,,3
12:28:37,26.0,3,bb2f2f07f7334b6a6a5ef0e46d0b5c802e8b8eca3787af62ced8b2787446848a,-76,,3,64,12.0,3
12:28:38,26.0,3,7d78a4909cfd923057976d919ff8708f0c3b4102dfef80aec68f29fa85096864,-77,,3,64,,3
12:28:38,26.0,3,e010bbeaac4d95382bab015bc72dc2dc7cc8c8e14986dc012745ba63a11f32d4,-81,,3,64,,3
12:28:39,26.0,3,e010bbeaac4d95382bab015bc72dc2dc7cc8c8e14986dc012745ba63a11f32d4,-82,,3,64,,3
12:28:40,26.0,3,54fc7b61702a9b41a823ce43fe8a5eef01029f7f1e8b7a4201dbbec6c17e87ec,-74,,3,64,12.0,3
12:28:41,26.0,3,7d78a4909cfd923057976d919ff8708f0c3b4102dfef80aec68f29fa85096864,-79,,3,64,,3
12:28:42,26.0,3,e010bbeaac4d95382bab015bc72dc2dc7cc8c8e14986dc012745ba63a11f32d4,-90,,3,64,,3
12:28:42,26.0,3,7d78a4909cfd923057976d919ff8708f0c3b4102dfef80aec68f29fa85096864,-81,,3,64,,3
12:28:43,26.0,3,7d78a4909cfd923057976d919ff8708f0c3b4102dfef80aec68f29fa85096864,-83,,3,64,,3
12:28:44,26.0,3,bb2f2f07f7334b6a6a5ef0e46d0b5c802e8b8eca3787af62ced8b2787446848a,-68,,3,64,12.0,3
12:28:45,26.0,3,7d78a4909cfd923057976d919ff8708f0c3b4102dfef80aec68f29fa85096864,-79,,3,64,,3
12:28:46,26.0,3,7d78a4909cfd923057976d919ff8708f0c3b4102dfef80aec68f29fa85096864,-81,,3,64,,3
12:28:46,26.0,3,bb2f2f07f7334b6a6a5ef0e46d0b5c802e8b8eca3787af62ced8b2787446848a,-72,,3,64,12.0,3
12:28:47,26.0,3,6c323990ae0465fdb68af545ec5cc1d5ba37d5303b348fd8fa048c0b1f638a2b,-81,,3,64,8.0,3
12:28:48,26.0,3,6e4a6a0c2a0c89c8d1eb796bb961f007b5ed51a292ae4f33fd65cd9a630fa4ff,-90,,3,64,7.0,3
12:28:49,26.0,3,f1bd14fbfc0f4090b1bfbd33c44a160ec83b5290c9cfd930d76ce102550b6d68,-77,,3,64,7.0,3
12:28:49,26.0,3,6c323990ae0465fdb68af545ec5cc1d5ba37d5303b348fd8fa048c0b1f638a2b,-84,,3,64,8.0,3
12:28:50,26.0,3,f1bd14fbfc0f4090b1bfbd33c44a160ec83b5290c9cfd930d76ce102550b6d68,-70,,3,64,7.0,3
12:28:51,26.0,3,5add091118a644017c369f8c45692ad941fd64689435b334c27bd3c13827eac4,-79,,3,64,,3
12:28:52,26.0,3,e010bbeaac4d95382bab015bc72dc2dc7cc8c8e14986dc012745ba63a11f32d4,-83,,3,64,,3
12:28:53,,3,deff5f18277d3853f3ea0455fd52e6e8e5f23b9ee679f28b0b70c738103c27de,-89,,3,64,,3
12:28:53,,3,29ebc9a8cc12c2513dd596f910a234cb3e81ccea3f216e41d407c158be3fc519,-91,,3,64,,3
12:28:54,26.0,3,f1bd14fbfc0f4090b1bfbd33c44a160ec83b5290c9cfd930d76ce102550b6d68,-67,,3,64,7.0,3
12:28:55,,3,39f20a7b9ec00e03621d436868d4473fd4f6c156bc2fe0d28150fd6c9d1cd6ab,-72,,3,64,,3
12:28:56,26.0,3,7d78a4909cfd923057976d919ff8708f0c3b4102dfef80aec68f29fa85096864,-74,,3,64,2.0,3
12:28:57,26.0,3,6c323990ae0465fdb68af545ec5cc1d5ba37d5303b348fd8fa048c0b1f638a2b,-83,,3,64,8.0,3
12:28:57,,3,cac93239b5e3fbe6b5d7d64ed1b243e95c2fe854a49670807178f19c879728a2,-60,,3,64,,3
12:28:58,,3,deff5f18277d3853f3ea0455fd52e6e8e5f23b9ee679f28b0b70c738103c27de,-85,,3,64,,3
12:28:59,26.0,3,1d7fdb6c9feb9a87b79ebec65c1915a30373e0f230236f65604efc0b6f269551,-62,,3,64,12.0,3
12:29:00,26.0,3,e010bbeaac4d95382bab015bc72dc2dc7cc8c8e14986dc012745ba63a11f32d4,-73,,3,64,,3
12:29:01,26.0,3,5add091118a644017c369f8c45692ad941fd64689435b334c27bd3c13827eac4,-79,,3,64,,3
12:29:01,,3,cac93239b5e3fbe6b5d7d64ed1b243e95c2fe854a49670807178f19c879728a2,-58,,3,64,,3
12:29:02,26.0,3,bb2f2f07f7334b6a6a5ef0e46d0b5c802e8b8eca3787af62ced8b2787446848a,-78,,3,64,12.0,3
12:29:03,26.0,3,bb2f2f07f7334b6a6a5ef0e46d0b5c802e8b8eca3787af62ced8b2787446848a,-75,,3,64,12.0,3
12:29:04,26.0,3,e010bbeaac4d95382bab015bc72dc2dc7cc8c8e14986dc012745ba63a11f32d4,-75,,3,64,,3
12:29:05,26.0,3,e010bbeaac4d95382bab015bc72dc2dc7cc8c8e14986dc012745ba63a11f32d4,-75,,3,64,,3
12:29:05,,3,cac93239b5e3fbe6b5d7d64ed1b243e95c2fe854a49670807178f19c879728a2,-75,,3,64,,3
12:29:06,26.0,3,e010bbeaac4d95382bab015bc72dc2dc7cc8c8e14986dc012745ba63a11f32d4,-82,,3,64,,3
12:29:07,26.0,3,e010bbeaac4d95382bab015bc72dc2dc7cc8c8e14986dc012745ba63a11f32d4,-76,,3,64,,3
12:29:08,26.0,3,1d7fdb6c9feb9a87b79ebec65c1915a30373e0f230236f65604efc0b6f269551,-71,,3,64,12.0,3
12:29:09,26.0,3,7d78a4909cfd923057976d919ff8708f0c3b4102dfef80aec68f29fa85096864,-79,,3,64,2.0,3
12:29:09,26.0,3,7d78a4909cfd923057976d919ff8708f0c3b4102dfef80aec68f29fa85096864,-75,,3,64,2.0,3
12:29:10,26.0,3,e010bbeaac4d95382bab015bc72dc2dc7cc8c8e14986dc012745ba63a11f32d4,-76,,3,64,,3
12:29:11,26.0,3,1d7fdb6c9feb9a87b79ebec65c1915a30373e0f230236f65604efc0b6f269551,-62,,3,64,12.0,3
12:29:12,26.0,3,6e4a6a0c2a0c89c8d1eb796bb961f007b5ed51a292ae4f33fd65cd9a630fa4ff,-88,,3,64,7.0,3
12:29:13,26.0,3,bb2f2f07f7334b6a6a5ef0e46d0b5c802e8b8eca3787af62ced8b2787446848a,-72,,3,64,12.0,3
12:29:13,26.0,3,6e4a6a0c2a0c89c8d1eb796bb961f007b5ed51a292ae4f33fd65cd9a630fa4ff,-87,,3,64,7.0,3
12:29:14,26.0,3,54fc7b61702a9b41a823ce43fe8a5eef01029f7f1e8b7a4201dbbec6c17e87ec,-80,,3,64,12.0,3
12:29:15,26.0,3,e010bbeaac4d95382bab015bc72dc2dc7cc8c8e14986dc012745ba63a11f32d4,-83,,3,64,,3
12:29:16,26.0,3,7d78a4909cfd923057976d919ff8708f0c3b4102dfef80aec68f29fa85096864,-84,,3,64,2.0,3
12:29:17,26.0,3,5add091118a644017c369f8c45692ad941fd64689435b334c27bd3c13827eac4,-77,,3,64,,3
12:29:17,26.0,3,1d7fdb6c9feb9a87b79ebec65c1915a30373e0f230236f65604efc0b6f269551,-41,,3,64,12.0,3
12:29:18,,3,deff5f18277d3853f3ea0455fd52e6e8e5f23b9ee679f28b0b70c738103c27de,-85,,3,64,,3
12:29:19,26.0,3,54fc7b61702a9b41a823ce43fe8a5eef01029f7f1e8b7a4201dbbec6c17e87ec,-81,,3,64,12.0,3
12:29:20,26.0,3,1d7fdb6c9feb9a87b79ebec65c1915a30373e0f230236f65604efc0b6f269551,-36,,3,64,12.0,3
12:29:20,,3,33272dfa2c5966b5ae7aa0e931ba385edac6047ceabc83c2f12ecc6de29bfdbb,-84,,3,64,,3
12:29:21,26.0,3,e010bbeaac4d95382bab015bc72dc2dc7cc8c8e14986dc012745ba63a11f32d4,-81,,3,64,,3
12:29:22,,3,d7eca3c7fd23214eaf91785788cafe27ed89416ef6480db8a8f51ba82e890542,-76,,3,64,,3
12:29:23,,3,33272dfa2c5966b5ae7aa0e931ba385edac6047ceabc83c2f12ecc6de29bfdbb,-92,,3,64,,3
12:29:24,26.0,3,54fc7b61702a9b41a823ce43fe8a5eef01029f7f1e8b7a4201dbbec6c17e87ec,-79,,3,64,12.0,3
12:29:24,26.0,3,6e4a6a0c2a0c89c8d1eb796bb961f007b5ed51a292ae4f33fd65cd9a630fa4ff,-84,,3,64,7.0,3
12:29:25,26.0,3,e010bbeaac4d95382bab015bc72dc2dc7cc8c8e14986dc012745ba63a11f32d4,-81,,3,64,,3
12:29:26,26.0,3,6e4a6a0c2a0c89c8d1eb796bb961f007b5ed51a292ae4f33fd65cd9a630fa4ff,-85,,3,64,7.0,3
12:29:27,,3,33272dfa2c5966b5ae7aa0e931ba385edac6047ceabc83c2f12ecc6de29bfdbb,-84,,3,64,,3
12:29:28,26.0,3,e010bbeaac4d95382bab015bc72dc2dc7cc8c8e14986dc012745ba63a11f32d4,-76,,3,64,,3
12:29:28,26.0,3,1d7fdb6c9feb9a87b79ebec65c1915a30373e0f230236f65604efc0b6f269551,-37,,3,64,12.0,3
12:29:29,26.0,3,5add091118a644017c369f8c45692ad941fd64689435b334c27bd3c13827eac4,-77,,3,64,,3
12:29:30,26.0,3,6c323990ae0465fdb68af545ec5cc1d5ba37d5303b348fd8fa048c0b1f638a2b,-77,,3,64,8.0,3
12:29:31,26.0,3,e010bbeaac4d95382bab015bc72dc2dc7cc8c8e14986dc012745ba63a11f32d4,-74,,3,64,,3
12:29:32,26.0,3,7d78a4909cfd923057976d919ff8708f0c3b4102dfef80aec68f29fa85096864,-81,,3,64,2.0,3
12:29:32,,3,8a4bf71a62b10b6d1bf52037f2a2a9643f8800b83ab4dc15afec233af74c777d,-85,,3,64,,3
12:29:33,26.0,3,7d78a4909cfd923057976d919ff8708f0c3b4102dfef80aec68f29fa85096864,-80,,3,64,2.0,3
12:29:34,2.0,3,29505ebb83fe21f0cfca1e7c9e10c4cd9e090ed26edf3ceb5131b71e63b6498a,-89,,3,64,,3
12:29:35,26.0,3,7d78a4909cfd923057976d919ff8708f0c3b4102dfef80aec68f29fa85096864,-80,,3,64,2.0,3
12:29:36,26.0,3,7d78a4909cfd923057976d919ff8708f0c3b4102dfef80aec68f29fa85096864,-81,,3,64,2.0,3
12:29:36,2.0,3,29505ebb83fe21f0cfca1e7c9e10c4cd9e090ed26edf3ceb5131b71e63b6498a,-89,,3,64,,3
12:29:37,26.0,3,6c323990ae0465fdb68af545ec5cc1d5ba37d5303b348fd8fa048c0b1f638a2b,-90,,3,64,8.0,3
12:29:38,,3,deff5f18277d3853f3ea0455fd52e6e8e5f23b9ee679f28b0b70c738103c27de,-89,,3,64,,3
12:29:39,,3,29ebc9a8cc12c2513dd596f910a234cb3e81ccea3f216e41d407c158be3fc519,-93,,3,64,,3
12:29:40,26.0,3,7d78a4909cfd923057976d919ff8708f0c3b4102dfef80aec68f29fa85096864,-74,,3,64,2.0,3
12:29:40,26.0,3,7d78a4909cfd923057976d919ff8708f0c3b4102dfef80aec68f29fa85096864,-85,,3,64,2.0,3
12:29:41,26.0,3,7d78a4909cfd923057976d919ff8708f0c3b4102dfef80aec68f29fa85096864,-79,,3,64,2.0,3
12:29:42,26.0,3,7d78a4909cfd923057976d919ff8708f0c3b4102dfef80aec68f29fa85096864,-74,,3,64,2.0,3
12:29:43,26.0,3,7d78a4909cfd923057976d919ff8708f0c3b4102dfef80aec68f29fa85096864,-80,,3,64,2.0,3
12:29:44,26.0,3,7d78a4909cfd923057976d919ff8708f0c3b4102dfef80aec68f29fa85096864,-81,,3,64,2.0,3
12:29:44,26.0,3,7d78a4909cfd923057976d919ff8708f0c3b4102dfef80aec68f29fa85096864,-75,,3,64,2.0,3
12:29:45,26.0,3,7d78a4909cfd923057976d919ff8708f0c3b4102dfef80aec68f29fa85096864,-74,,3,64,2.0,3
12:29:46,26.0,3,7d78a4909cfd923057976d919ff8708f0c3b4102dfef80aec68f29fa85096864,-86,,3,64,2.0,3
12:29:47,26.0,3,7d78a4909cfd923057976d919ff8708f0c3b4102dfef80aec68f29fa85096864,-82,,3,64,2.0,3
12:29:48,26.0,3,bb2f2f07f7334b6a6a5ef0e46d0b5c802e8b8eca3787af62ced8b2787446848a,-68,,3,64,12.0,3
12:29:48,26.0,3,7d78a4909cfd923057976d919ff8708f0c3b4102dfef80aec68f29fa85096864,-86,,3,64,2.0,3
12:29:49,26.0,3,7d78a4909cfd923057976d919ff8708f0c3b4102dfef80aec68f29fa85096864,-81,,3,64,2.0,3
12:29:50,26.0,3,7d78a4909cfd923057976d919ff8708f0c3b4102dfef80aec68f29fa85096864,-83,,3,64,2.0,3
12:29:51,26.0,3,7d78a4909cfd923057976d919ff8708f0c3b4102dfef80aec68f29fa85096864,-75,,3,64,2.0,3
12:29:51,26.0,3,7d78a4909cfd923057976d919ff8708f0c3b4102dfef80aec68f29fa85096864,-80,,3,64,2.0,3
12:29:52,26.0,3,6e4a6a0c2a0c89c8d1eb796bb961f007b5ed51a292ae4f33fd65cd9a630fa4ff,-86,,3,64,7.0,3
12:29:53,26.0,3,e010bbeaac4d95382bab015bc72dc2dc7cc8c8e14986dc012745ba63a11f32d4,-77,,3,64,,3
12:29:54,26.0,3,5add091118a644017c369f8c45692ad941fd64689435b334c27bd3c13827eac4,-85,,3,64,,3
12:29:55,26.0,3,5add091118a644017c369f8c45692ad941fd64689435b334c27bd3c13827eac4,-78,,3,64,,3
12:29:55,26.0,3,e010bbeaac4d95382bab015bc72dc2dc7cc8c8e14986dc012745ba63a11f32d4,-83,,3,64,,3
12:29:56,,3,deff5f18277d3853f3ea0455fd52e6e8e5f23b9ee679f28b0b70c738103c27de,-89,,3,64,,3
12:29:57,,3,33272dfa2c5966b5ae7aa0e931ba385edac6047ceabc83c2f12ecc6de29bfdbb,-92,,3,64,,3
12:29:58,26.0,3,6c323990ae0465fdb68af545ec5cc1d5ba37d5303b348fd8fa048c0b1f638a2b,-76,,3,64,8.0,3
12:29:59,26.0,3,e010bbeaac4d95382bab015bc72dc2dc7cc8c8e14986dc012745ba63a11f32d4,-86,,3,64,,3
12:29:59,26.0,3,6e4a6a0c2a0c89c8d1eb796bb961f007b5ed51a292ae4f33fd65cd9a630fa4ff,-86,,3,64,7.0,3
12:30:00,26.0,3,e010bbeaac4d95382bab015bc72dc2dc7cc8c8e14986dc012745ba63a11f32d4,-84,,3,64,,3
12:30:01,,3,33272dfa2c5966b5ae7aa0e931ba385edac6047ceabc83c2f12ecc6de29bfdbb,-83,,3,64,,3
12:30:02,26.0,3,6c323990ae0465fdb68af545ec5cc1d5ba37d5303b348fd8fa048c0b1f638a2b,-75,,3,64,8.0,3
12:30:03,26.0,3,54fc7b61702a9b41a823ce43fe8a5eef01029f7f1e8b7a4201dbbec6c17e87ec,-82,,3,64,12.0,3
12:30:03,26.0,3,54fc7b61702a9b41a823ce43fe8a5eef01029f7f1e8b7a4201dbbec6c17e87ec,-87,,3,64,12.0,3
12:30:04,,3,d7eca3c7fd23214eaf91785788cafe27ed89416ef6480db8a8f51ba82e890542,-83,,3,64,,3
12:30:05,,3,33272dfa2c5966b5ae7aa0e931ba385edac6047ceabc83c2f12ecc6de29bfdbb,-89,,3,64,,3
12:30:06,26.0,3,6e4a6a0c2a0c89c8d1eb796bb961f007b5ed51a292ae4f33fd65cd9a630fa4ff,-88,,3,64,7.0,3
12:30:07,26.0,3,6e4a6a0c2a0c89c8d1eb796bb961f007b5ed51a292ae4f33fd65cd9a630fa4ff,-87,,3,64,7.0,3
12:30:07,,3,cac93239b5e3fbe6b5d7d64ed1b243e95c2fe854a49670807178f19c879728a2,-40,,3,64,,3
12:30:08,26.0,3,b84e31c962c904fcfea375dcf90f0af88d6602806e789e18cef5040ac696d5d5,-92,,3,64,7.0,3
12:30:09,,3,33272dfa2c5966b5ae7aa0e931ba385edac6047ceabc83c2f12ecc6de29bfdbb,-85,,3,64,,3
12:30:10,26.0,3,e010bbeaac4d95382bab015bc72dc2dc7cc8c8e14986dc012745ba63a11f32d4,-75,,3,64,,3
12:30:11,26.0,3,5add091118a644017c369f8c45692ad941fd64689435b334c27bd3c13827eac4,-83,,3,64,,3
12:30:11,,3,cac93239b5e3fbe6b5d7d64ed1b243e95c2fe854a49670807178f19c879728a2,-57,,3,64,,3
12:30:12,26.0,3,6e4a6a0c2a0c89c8d1eb796bb961f007b5ed51a292ae4f33fd65cd9a630fa4ff,-87,,3,64,7.0,3
12:30:13,26.0,3,54fc7b61702a9b41a823ce43fe8a5eef01029f7f1e8b7a4201dbbec6c17e87ec,-86,,3,64,12.0,3
12:30:14,26.0,3,bb2f2f07f7334b6a6a5ef0e46d0b5c802e8b8eca3787af62ced8b2787446848a,-75,,3,64,12.0,3
12:30:14,26.0,3,e010bbeaac4d95382bab015bc72dc2dc7cc8c8e14986dc012745ba63a11f32d4,-79,,3,64,,3
12:30:15,,3,45b9cce02fba265bc0b3091fd92750cc06cd182725156000f567fe0a1a681a46,-77,,3,64,,3
12:30:16,,3,deff5f18277d3853f3ea0455fd52e6e8e5f23b9ee679f28b0b70c738103c27de,-92,,3,64,,3
12:30:17,26.0,3,1d7fdb6c9feb9a87b79ebec65c1915a30373e0f230236f65604efc0b6f269551,-66,,3,64,12.0,3
12:30:18,26.0,3,bb2f2f07f7334b6a6a5ef0e46d0b5c802e8b8eca3787af62ced8b2787446848a,-69,,3,64,12.0,3
12:30:18,26.0,3,54fc7b61702a9b41a823ce43fe8a5eef01029f7f1e8b7a4201dbbec6c17e87ec,-80,,3,64,12.0,3
12:30:19,,3,5fa41dfb3f955db5b9380bfdd65c91fabb46a1f1f65ca0f040af27874f348efb,-73,,3,64,,3
12:30:20,26.0,3,e010bbeaac4d95382bab015bc72dc2dc7cc8c8e14986dc012745ba63a11f32d4,-81,,3,64,,3
12:30:21,26.0,3,bb2f2f07f7334b6a6a5ef0e46d0b5c802e8b8eca3787af62ced8b2787446848a,-72,,3,64,12.0,3
12:30:22,26.0,3,e010bbeaac4d95382bab015bc72dc2dc7cc8c8e14986dc012745ba63a11f32d4,-85,,3,64,,3
12:30:22,,3,8a4bf71a62b10b6d1bf52037f2a2a9643f8800b83ab4dc15afec233af74c777d,-77,,3,64,,3
12:30:23,26.0,3,e010bbeaac4d95382bab015bc72dc2dc7cc8c8e14986dc012745ba63a11f32d4,-83,,3,64,,3
12:30:24,26.0,3,e010bbeaac4d95382bab015bc72dc2dc7cc8c8e14986dc012745ba63a11f32d4,-87,,3,64,,3
12:30:25,,3,deff5f18277d3853f3ea0455fd52e6e8e5f23b9ee679f28b0b70c738103c27de,-94,,3,64,,3
12:30:26,26.0,3,e010bbeaac4d95382bab015bc72dc2dc7cc8c8e14986dc012745ba63a11f32d4,-80,,3,64,,3
12:30:26,26.0,3,bb2f2f07f7334b6a6a5ef0e46d0b5c802e8b8eca3787af62ced8b2787446848a,-81,,3,64,12.0,3
12:30:27,26.0,3,5add091118a644017c369f8c45692ad941fd64689435b334c27bd3c13827eac4,-90,,3,64,,3
12:30:28,26.0,3,e010bbeaac4d95382bab015bc72dc2dc7cc8c8e14986dc012745ba63a11f32d4,-78,,3,64,,3
12:30:29,,3,240dceafe44b476b70ff8720beb8548996a4c755fd738f4ec8ce7719806a546d,-84,,3,64,,3
12:30:30,26.0,3,6c323990ae0465fdb68af545ec5cc1d5ba37d5303b348fd8fa048c0b1f638a2b,-81,,3,64,8.0,3
12:30:30,,3,deff5f18277d3853f3ea0455fd52e6e8e5f23b9ee679f28b0b70c738103c27de,-87,,3,64,,3
12:30:31,26.0,3,e010bbeaac4d95382bab015bc72dc2dc7cc8c8e14986dc012745ba63a11f32d4,-79,,3,64,,3
12:30:32,26.0,3,e010bbeaac4d95382bab015bc72dc2dc7cc8c8e14986dc012745ba63a11f32d4,-79,,3,64,,3
12:30:33,,3,deff5f18277d3853f3ea0455fd52e6e8e5f23b9ee679f28b0b70c738103c27de,-91,,3,64,,3
12:30:34,26.0,3,7d78a4909cfd923057976d919ff8708f0c3b4102dfef80aec68f29fa85096864,-79,,3,64,2.0,3
12:30:34,26.0,3,5add091118a644017c369f8c45692ad941fd64689435b334c27bd3c13827eac4,-78,,3,64,,3
12:30:35,,3,deff5f18277d3853f3ea0455fd52e6e8e5f23b9ee679f28b0b70c738103c27de,-91,,3,64,,3
12:30:36,26.0,3,7d78a4909cfd923057976d919ff8708f0c3b4102dfef80aec68f29fa85096864,-81,,3,64,2.0,3
12:30:37,,3,deff5f18277d3853f3ea0455fd52e6e8e5f23b9ee679f28b0b70c738103c27de,-92,,3,64,,3
12:30:38,26.0,3,e010bbeaac4d95382bab015bc72dc2dc7cc8c8e14986dc012745ba63a11f32d4,-80,,3,64,,3
12:30:38,26.0,3,bb2f2f07f7334b6a6a5ef0e46d0b5c802e8b8eca3787af62ced8b2787446848a,-73,,3,64,12.0,3
12:30:39,26.0,3,e010bbeaac4d95382bab015bc72dc2dc7cc8c8e14986dc012745ba63a11f32d4,-77,,3,64,,3
12:30:40,26.0,3,6e4a6a0c2a0c89c8d1eb796bb961f007b5ed51a292ae4f33fd65cd9a630fa4ff,-77,,3,64,7.0,3
12:30:41,,3,deff5f18277d3853f3ea0455fd52e6e8e5f23b9ee679f28b0b70c738103c27de,-90,,3,64,,3
12:30:42,,3,5fa41dfb3f955db5b9380bfdd65c91fabb46a1f1f65ca0f040af27874f348efb,-66,,3,64,,3
12:30:42,,3,d7eca3c7fd23214eaf91785788cafe27ed89416ef6480db8a8f51ba82e890542,-69,,3,64,,3
12:30:43,26.0,3,e010bbeaac4d95382bab015bc72dc2dc7cc8c8e14986dc012745ba63a11f32d4,-81,,3,64,,3
12:30:44,26.0,3,e010bbeaac4d95382bab015bc72dc2dc7cc8c8e14986dc012745ba63a11f32d4,-83,,3,64,,3
12:30:45,26.0,3,e010bbeaac4d95382bab015bc72dc2dc7cc8c8e14986dc012745ba63a11f32d4,-79,,3,64,,3
12:30:46,26.0,3,6e4a6a0c2a0c89c8d1eb796bb961f007b5ed51a292ae4f33fd65cd9a630fa4ff,-74,,3,64,7.0,3
12:30:46,,3,d7eca3c7fd23214eaf91785788cafe27ed89416ef6480db8a8f51ba82e890542,-89,,3,64,,3
12:30:47,26.0,3,6e4a6a0c2a0c89c8d1eb796bb961f007b5ed51a292ae4f33fd65cd9a630fa4ff,-77,,3,64,7.0,3
12:30:48,26.0,3,5add091118a644017c369f8c45692ad941fd64689435b334c27bd3c13827eac4,-88,,3,64,,3
12:30:49,26.0,3,54fc7b61702a9b41a823ce43fe8a5eef01029f7f1e8b7a4201dbbec6c17e87ec,-84,,3,64,12.0,3
12:30:49,,3,deff5f18277d3853f3ea0455fd52e6e8e5f23b9ee679f28b0b70c738103c27de,-87,,3,64,,3
12:30:50,,3,d7eca3c7fd23214eaf91785788cafe27ed89416ef6480db8a8f51ba82e890542,-69,,3,64,,3
12:30:51,26.0,3,54fc7b61702a9b41a823ce43fe8a5eef01029f7f1e8b7a4201dbbec6c17e87ec,-84,,3,64,12.0,3
12:30:52,26.0,3,e010bbeaac4d95382bab015bc72dc2dc7cc8c8e14986dc012745ba63a11f32d4,-83,,3,64,,3
12:30:53,26.0,3,6e4a6a0c2a0c89c8d1eb796bb961f007b5ed51a292ae4f33fd65cd9a630fa4ff,-90,,3,64,7.0,3
12:30:53,26.0,3,6e4a6a0c2a0c89c8d1eb796bb961f007b5ed51a292ae4f33fd65cd9a630fa4ff,-77,,3,64,7.0,3
12:30:54,26.0,3,bb2f2f07f7334b6a6a5ef0e46d0b5c802e8b8eca3787af62ced8b2787446848a,-71,,3,64,12.0,3
12:30:55,26.0,3,e010bbeaac4d95382bab015bc72dc2dc7cc8c8e14986dc012745ba63a11f32d4,-80,,3,64,,3
12:30:56,26.0,3,e010bbeaac4d95382bab015bc72dc2dc7cc8c8e14986dc012745ba63a11f32d4,-81,,3,64,,3
12:30:57,26.0,3,e010bbeaac4d95382bab015bc72dc2dc7cc8c8e14986dc012745ba63a11f32d4,-80,,3,64,,3
12:30:57,,3,deff5f18277d3853f3ea0455fd52e6e8e5f23b9ee679f28b0b70c738103c27de,-93,,3,64,,3
12:30:58,,3,82b6e3edbd796cfae2b1f6f7739143d161741aa72954591ce75d4843e628fd23,-84,,3,64,,3
12:30:59,,3,240dceafe44b476b70ff8720beb8548996a4c755fd738f4ec8ce7719806a546d,-72,,3,64,,3
12:31:00,26.0,3,54fc7b61702a9b41a823ce43fe8a5eef01029f7f1e8b7a4201dbbec6c17e87ec,-85,,3,64,12.0,3
12:31:01,26.0,3,e010bbeaac4d95382bab015bc72dc2dc7cc8c8e14986dc012745ba63a11f32d4,-79,,3,64,,3
12:31:01,,3,45b9cce02fba265bc0b3091fd92750cc06cd182725156000f567fe0a1a681a46,-85,,3,64,,3
12:31:02,26.0,3,54fc7b61702a9b41a823ce43fe8a5eef01029f7f1e8b7a4201dbbec6c17e87ec,-91,,3,64,12.0,3
12:31:03,26.0,3,54fc7b61702a9b41a823ce43fe8a5eef01029f7f1e8b7a4201dbbec6c17e87ec,-88,,3,64,12.0,3
12:31:04,26.0,3,6c323990ae0465fdb68af545ec5cc1d5ba37d5303b348fd8fa048c0b1f638a2b,-85,,3,64,8.0,3
12:31:05,26.0,3,bb2f2f07f7334b6a6a5ef0e46d0b5c802e8b8eca3787af62ced8b2787446848a,-68,,3,64,12.0,3
12:31:05,,3,45b9cce02fba265bc0b3091fd92750cc06cd182725156000f567fe0a1a681a46,-82,,3,64,,3
12:31:06,26.0,3,e010bbeaac4d95382bab015bc72dc2dc7cc8c8e14986dc012745ba63a11f32d4,-81,,3,64,,3
12:31:07,26.0,3,6e4a6a0c2a0c89c8d1eb796bb961f007b5ed51a292ae4f33fd65cd9a630fa4ff,-79,,3,64,7.0,3
12:31:08,26.0,3,7d78a4909cfd923057976d919ff8708f0c3b4102dfef80aec68f29fa85096864,-80,,3,64,2.0,3
12:31:09,,3,8a4bf71a62b10b6d1bf52037f2a2a9643f8800b83ab4dc15afec233af74c777d,-74,,3,64,,3
12:31:09,26.0,3,7d78a4909cfd923057976d919ff8708f0c3b4102dfef80aec68f29fa85096864,-79,,3,64,2.0,3
12:31:10,26.0,3,bb2f2f07f7334b6a6a5ef0e46d0b5c802e8b8eca3787af62ced8b2787446848a,-74,,3,64,12.0,3
12:31:11,26.0,3,7d78a4909cfd923057976d919ff8708f0c3b4102dfef80aec68f29fa85096864,-84,,3,64,2.0,3
12:31:12,,3,deff5f18277d3853f3ea0455fd52e6e8e5f23b9ee679f28b0b70c738103c27de,-89,,3,64,,3
12:31:13,,3,8a4bf71a62b10b6d1bf52037f2a2a9643f8800b83ab4dc15afec233af74c777d,-81,,3,64,,3
12:31:13,26.0,3,6e4a6a0c2a0c89c8d1eb796bb961f007b5ed51a292ae4f33fd65cd9a630fa4ff,-76,,3,64,7.0,3
12:31:14,,3,9f46d61aab0db9b72db61004cd5b8a7f73257519e4ab4ccbce640a3013a4c8fe,-80,,3,64,,3
12:31:15,26.0,3,54fc7b61702a9b41a823ce43fe8a5eef01029f7f1e8b7a4201dbbec6c17e87ec,-79,,3,64,12.0,3
12:31:16,26.0,3,7d78a4909cfd923057976d919ff8708f0c3b4102dfef80aec68f29fa85096864,-88,,3,64,2.0,3
12:31:17,26.0,3,bb2f2f07f7334b6a6a5ef0e46d0b5c802e8b8eca3787af62ced8b2787446848a,-79,,3,64,12.0,3
12:31:17,,3,deff5f18277d3853f3ea0455fd52e6e8e5f23b9ee679f28b0b70c738103c27de,-89,,3,64,,3
12:31:18,,3,9f46d61aab0db9b72db61004cd5b8a7f73257519e4ab4ccbce640a3013a4c8fe,-69,,3,64,,3
12:31:19,26.0,3,e010bbeaac4d95382bab015bc72dc2dc7cc8c8e14986dc012745ba63a11f32d4,-93,,3,64,,3
12:31:20,26.0,3,5add091118a644017c369f8c45692ad941fd64689435b334c27bd3c13827eac4,-85,,3,64,,3
12:31:21,26.0,3,6c323990ae0465fdb68af545ec5cc1d5ba37d5303b348fd8fa048c0b1f638a2b,-77,,3,64,8.0,3
12:31:21,26.0,3,54fc7b61702a9b41a823ce43fe8a5eef01029f7f1e8b7a4201dbbec6c17e87ec,-78,,3,64,12.0,3
12:31:22,26.0,3,e010bbeaac4d95382bab015bc72dc2dc7cc8c8e14986dc012745ba63a11f32d4,-85,,3,64,,3
12:31:23,,3,deff5f18277d3853f3ea0455fd52e6e8e5f23b9ee679f28b0b70c738103c27de,-85,,3,64,,3
12:31:24,26.0,3,7d78a4909cfd923057976d919ff8708f0c3b4102dfef80aec68f29fa85096864,-76,,3,64,2.0,3
12:31:25,26.0,3,5add091118a644017c369f8c45692ad941fd64689435b334c27bd3c13827eac4,-80,,3,64,,3
12:31:25,26.0,3,7d78a4909cfd923057976d919ff8708f0c3b4102dfef80aec68f29fa85096864,-80,,3,64,2.0,3
12:31:26,26.0,3,54fc7b61702a9b41a823ce43fe8a5eef01029f7f1e8b7a4201dbbec6c17e87ec,-79,,3,64,12.0,3
12:31:27,26.0,3,54fc7b61702a9b41a823ce43fe8a5eef01029f7f1e8b7a4201dbbec6c17e87ec,-87,,3,64,12.0,3
12:31:28,26.0,3,e010bbeaac4d95382bab015bc72dc2dc7cc8c8e14986dc012745ba63a11f32d4,-84,,3,64,,3
12:31:28,,3,8af63e926bda4ae393e6a86b7c42a5f3c307ae2bbf3ef0432b43cc543372917f,-83,,3,64,,3
12:31:29,26.0,3,7d78a4909cfd923057976d919ff8708f0c3b4102dfef80aec68f29fa85096864,-87,,3,64,2.0,3
12:31:30,26.0,3,696635ba9ddaa5158155fc21f44b97c9e813eb3d60ef2657246338f1f92bec97,-85,,3,64,7.0,3
12:31:31,26.0,3,e010bbeaac4d95382bab015bc72dc2dc7cc8c8e14986dc012745ba63a11f32d4,-84,,3,64,,3
12:31:32,26.0,3,e010bbeaac4d95382bab015bc72dc2dc7cc8c8e14986dc012745ba63a11f32d4,-84,,3,64,,3
12:31:32,,3,d7eca3c7fd23214eaf91785788cafe27ed89416ef6480db8a8f51ba82e890542,-73,,3,64,,3
12:31:33,26.0,3,ad528426824534cfb4bb0e8eefdc1eacf60d95e51796deb0253f7fa5dc5521b1,-74,,3,64,12.0,3
12:31:34,26.0,3,e010bbeaac4d95382bab015bc72dc2dc7cc8c8e14986dc012745ba63a11f32d4,-80,,3,64,,3
12:31:35,,3,5fa41dfb3f955db5b9380bfdd65c91fabb46a1f1f65ca0f040af27874f348efb,-78,,3,64,,3
12:31:36,26.0,3,e010bbeaac4d95382bab015bc72dc2dc7cc8c8e14986dc012745ba63a11f32d4,-79,,3,64,,3
12:31:36,26.0,3,e010bbeaac4d95382bab015bc72dc2dc7cc8c8e14986dc012745ba63a11f32d4,-78,,3,64,,3
12:31:37,26.0,3,54fc7b61702a9b41a823ce43fe8a5eef01029f7f1e8b7a4201dbbec6c17e87ec,-84,,3,64,12.0,3
12:31:38,,3,deff5f18277d3853f3ea0455fd52e6e8e5f23b9ee679f28b0b70c738103c27de,-92,,3,64,,3
12:31:39,26.0,3,6c323990ae0465fdb68af545ec5cc1d5ba37d5303b348fd8fa048c0b1f638a2b,-78,,3,64,8.0,3
12:31:40,26.0,3,54fc7b61702a9b41a823ce43fe8a5eef01029f7f1e8b7a4201dbbec6c17e87ec,-83,,3,64,12.0,3
12:31:40,26.0,3,e010bbeaac4d95382bab015bc72dc2dc7cc8c8e14986dc012745ba63a11f32d4,-82,,3,64,,3
12:31:41,26.0,3,6e4a6a0c2a0c89c8d1eb796bb961f007b5ed51a292ae4f33fd65cd9a630fa4ff,-83,,3,64,7.0,3
12:31:42,26.0,3,7d78a4909cfd923057976d919ff8708f0c3b4102dfef80aec68f29fa85096864,-85,,3,64,2.0,3
12:31:43,26.0,3,ad528426824534cfb4bb0e8eefdc1eacf60d95e51796deb0253f7fa5dc5521b1,-69,,3,64,12.0,3
12:31:44,26.0,3,696635ba9ddaa5158155fc21f44b97c9e813eb3d60ef2657246338f1f92bec97,-76,,3,64,7.0,3
12:31:44,26.0,3,696635ba9ddaa5158155fc21f44b97c9e813eb3d60ef2657246338f1f92bec97,-72,,3,64,7.0,3
12:31:45,26.0,3,e010bbeaac4d95382bab015bc72dc2dc7cc8c8e14986dc012745ba63a11f32d4,-85,,3,64,,3
12:31:46,26.0,3,e010bbeaac4d95382bab015bc72dc2dc7cc8c8e14986dc012745ba63a11f32d4,-85,,3,64,,3
12:31:47,26.0,3,6c323990ae0465fdb68af545ec5cc1d5ba37d5303b348fd8fa048c0b1f638a2b,-76,,3,64,8.0,3
12:31:48,,3,f2d6a2351b4463a0f3bbb84264d05903c042764d1fd8bb663fcf4c86dcd79e65,-94,,3,64,,3
12:31:48,26.0,3,54fc7b61702a9b41a823ce43fe8a5eef01029f7f1e8b7a4201dbbec6c17e87ec,-87,,3,64,12.0,3
12:31:49,26.0,3,e010bbeaac4d95382bab015bc72dc2dc7cc8c8e14986dc012745ba63a11f32d4,-85,,3,64,,3
12:31:50,26.0,3,6c323990ae0465fdb68af545ec5cc1d5ba37d5303b348fd8fa048c0b1f638a2b,-78,,3,64,8.0,3
12:31:51,26.0,3,5add091118a644017c369f8c45692ad941fd64689435b334c27bd3c13827eac4,-75,,3,64,,3
12:31:52,26.0,3,ad528426824534cfb4bb0e8eefdc1eacf60d95e51796deb0253f7fa5dc5521b1,-88,,3,64,12.0,3
12:31:52,26.0,3,1d7fdb6c9feb9a87b79ebec65c1915a30373e0f230236f65604efc0b6f269551,-63,,3,64,12.0,3
12:31:53,26.0,3,ad528426824534cfb4bb0e8eefdc1eacf60d95e51796deb0253f7fa5dc5521b1,-81,,3,64,12.0,3
12:31:54,,3,deff5f18277d3853f3ea0455fd52e6e8e5f23b9ee679f28b0b70c738103c27de,-93,,3,64,,3
12:31:55,26.0,3,e010bbeaac4d95382bab015bc72dc2dc7cc8c8e14986dc012745ba63a11f32d4,-86,,3,64,,3
12:31:56,26.0,3,e010bbeaac4d95382bab015bc72dc2dc7cc8c8e14986dc012745ba63a11f32d4,-84,,3,64,,3
12:31:56,26.0,3,7d78a4909cfd923057976d919ff8708f0c3b4102dfef80aec68f29fa85096864,-75,,3,64,2.0,3
12:31:57,26.0,3,7d78a4909cfd923057976d919ff8708f0c3b4102dfef80aec68f29fa85096864,-83,,3,64,2.0,3
12:31:58,26.0,3,5add091118a644017c369f8c45692ad941fd64689435b334c27bd3c13827eac4,-77,,3,64,,3
12:31:59,26.0,3,5add091118a644017c369f8c45692ad941fd64689435b334c27bd3c13827eac4,-81,,3,64,,3
12:32:00,26.0,3,e010bbeaac4d95382bab015bc72dc2dc7cc8c8e14986dc012745ba63a11f32d4,-82,,3,64,,3
12:32:00,26.0,3,54fc7b61702a9b41a823ce43fe8a5eef01029f7f1e8b7a4201dbbec6c17e87ec,-79,,3,64,12.0,3
12:32:01,26.0,3,e010bbeaac4d95382bab015bc72dc2dc7cc8c8e14986dc012745ba63a11f32d4,-85,,3,64,,3
12:32:02,26.0,3,1d7fdb6c9feb9a87b79ebec65c1915a30373e0f230236f65604efc0b6f269551,-62,,3,64,12.0,3
12:32:03,26.0,3,6c323990ae0465fdb68af545ec5cc1d5ba37d5303b348fd8fa048c0b1f638a2b,-87,,3,64,8.0,3
12:32:03,26.0,3,6e4a6a0c2a0c89c8d1eb796bb961f007b5ed51a292ae4f33fd65cd9a630fa4ff,-84,,3,64,7.0,3
12:32:04,,3,d7eca3c7fd23214eaf91785788cafe27ed89416ef6480db8a8f51ba82e890542,-82,,3,64,,3
12:32:05,26.0,3,7d78a4909cfd923057976d919ff8708f0c3b4102dfef80aec68f29fa85096864,-83,,3,64,2.0,3
12:32:06,26.0,3,54fc7b61702a9b41a823ce43fe8a5eef01029f7f1e8b7a4201dbbec6c17e87ec,-86,,3,64,12.0,3
12:32:07,26.0,3,ad528426824534cfb4bb0e8eefdc1eacf60d95e51796deb0253f7fa5dc5521b1,-69,,3,64,12.0,3
12:32:07,26.0,3,5add091118a644017c369f8c45692ad941fd64689435b334c27bd3c13827eac4,-77,,3,64,,3
12:32:08,,3,d7eca3c7fd23214eaf91785788cafe27ed89416ef6480db8a8f51ba82e890542,-75,,3,64,,3
12:32:09,,3,240dceafe44b476b70ff8720beb8548996a4c755fd738f4ec8ce7719806a546d,-75,,3,64,,3
12:32:10,26.0,3,696635ba9ddaa5158155fc21f44b97c9e813eb3d60ef2657246338f1f92bec97,-74,,3,64,7.0,3
12:32:11,26.0,3,ad528426824534cfb4bb0e8eefdc1eacf60d95e51796deb0253f7fa5dc5521b1,-68,,3,64,12.0,3
12:32:11,26.0,3,54fc7b61702a9b41a823ce43fe8a5eef01029f7f1e8b7a4201dbbec6c17e87ec,-86,,3,64,12.0,3
12:32:12,26.0,3,54fc7b61702a9b41a823ce43fe8a5eef01029f7f1e8b7a4201dbbec6c17e87ec,-75,,3,64,12.0,3
12:32:13,26.0,3,1d7fdb6c9feb9a87b79ebec65c1915a30373e0f230236f65604efc0b6f269551,-58,,3,64,12.0,3
12:32:14,26.0,3,e010bbeaac4d95382bab015bc72dc2dc7cc8c8e14986dc012745ba63a11f32d4,-79,,3,64,,3
12:32:15,26.0,3,696635ba9ddaa5158155fc21f44b97c9e813eb3d60ef2657246338f1f92bec97,-72,,3,64,7.0,3
12:32:15,26.0,3,e010bbeaac4d95382bab015bc72dc2dc7cc8c8e14986dc012745ba63a11f32d4,-78,,3,64,,3
12:32:16,26.0,3,5add091118a644017c369f8c45692ad941fd64689435b334c27bd3c13827eac4,-77,,3,64,,3
12:32:17,26.0,3,6c323990ae0465fdb68af545ec5cc1d5ba37d5303b348fd8fa048c0b1f638a2b,-91,,3,64,8.0,3
12:32:18,26.0,3,1d7fdb6c9feb9a87b79ebec65c1915a30373e0f230236f65604efc0b6f269551,-77,,3,64,12.0,3
12:32:19,26.0,3,7d78a4909cfd923057976d919ff8708f0c3b4102dfef80aec68f29fa85096864,-83,,3,64,2.0,3
12:32:19,26.0,3,e010bbeaac4d95382bab015bc72dc2dc7cc8c8e14986dc012745ba63a11f32d4,-77,,3,64,,3
12:32:20,26.0,3,ad528426824534cfb4bb0e8eefdc1eacf60d95e51796deb0253f7fa5dc5521b1,-81,,3,64,12.0,3
12:32:21,26.0,3,6c323990ae0465fdb68af545ec5cc1d5ba37d5303b348fd8fa048c0b1f638a2b,-80,,3,64,8.0,3
12:32:22,26.0,3,e010bbeaac4d95382bab015bc72dc2dc7cc8c8e14986dc012745ba63a11f32d4,-77,,3,64,,3
12:32:23,26.0,3,e010bbeaac4d95382bab015bc72dc2dc7cc8c8e14986dc012745ba63a11f32d4,-77,,3,64,,3
12:32:23,26.0,3,54fc7b61702a9b41a823ce43fe8a5eef01029f7f1e8b7a4201dbbec6c17e87ec,-83,,3,64,12.0,3
12:32:24,26.0,3,6c323990ae0465fdb68af545ec5cc1d5ba37d5303b348fd8fa048c0b1f638a2b,-79,,3,64,8.0,3
12:32:25,26.0,3,1d7fdb6c9feb9a87b79ebec65c1915a30373e0f230236f65604efc0b6f269551,-71,,3,64,12.0,3
12:32:26,,3,82b6e3edbd796cfae2b1f6f7739143d161741aa72954591ce75d4843e628fd23,-75,,3,64,,3
12:32:27,,3,8a4bf71a62b10b6d1bf52037f2a2a9643f8800b83ab4dc15afec233af74c777d,-75,,3,64,,3
12:32:27,26.0,3,ad528426824534cfb4bb0e8eefdc1eacf60d95e51796deb0253f7fa5dc5521b1,-77,,3,64,12.0,3
12:32:28,26.0,3,5add091118a644017c369f8c45692ad941fd64689435b334c27bd3c13827eac4,-77,,3,64,,3
12:32:29,26.0,3,e010bbeaac4d95382bab015bc72dc2dc7cc8c8e14986dc012745ba63a11f32d4,-83,,3,64,,3
12:32:30,26.0,3,ad528426824534cfb4bb0e8eefdc1eacf60d95e51796deb0253f7fa5dc5521b1,-75,,3,64,12.0,3
12:32:31,26.0,3,e010bbeaac4d95382bab015bc72dc2dc7cc8c8e14986dc012745ba63a11f32d4,-80,,3,64,,3
12:32:31,26.0,3,696635ba9ddaa5158155fc21f44b97c9e813eb3d60ef2657246338f1f92bec97,-66,,3,64,7.0,3
12:32:32,26.0,3,1d7fdb6c9feb9a87b79ebec65c1915a30373e0f230236f65604efc0b6f269551,-64,,3,64,12.0,3
12:32:33,26.0,3,696635ba9ddaa5158155fc21f44b97c9e813eb3d60ef2657246338f1f92bec97,-71,,3,64,7.0,3
12:32:34,26.0,3,6e4a6a0c2a0c89c8d1eb796bb961f007b5ed51a292ae4f33fd65cd9a630fa4ff,-81,,3,64,7.0,3
12:32:35,26.0,3,6e4a6a0c2a0c89c8d1eb796bb961f007b5ed51a292ae4f33fd65cd9a630fa4ff,-85,,3,64,7.0,3
12:32:35,26.0,3,696635ba9ddaa5158155fc21f44b97c9e813eb3d60ef2657246338f1f92bec97,-74,,3,64,7.0,3
12:32:36,26.0,3,1d7fdb6c9feb9a87b79ebec65c1915a30373e0f230236f65604efc0b6f269551,-58,,3,64,12.0,3
12:32:37,26.0,3,6c323990ae0465fdb68af545ec5cc1d5ba37d5303b348fd8fa048c0b1f638a2b,-91,,3,64,8.0,3
12:32:38,26.0,3,6c323990ae0465fdb68af545ec5cc1d5ba37d5303b348fd8fa048c0b1f638a2b,-88,,3,64,8.0,3
12:32:39,26.0,3,1d7fdb6c9feb9a87b79ebec65c1915a30373e0f230236f65604efc0b6f269551,-57,,3,64,12.0,3
12:32:39,26.0,3,1d7fdb6c9feb9a87b79ebec65c1915a30373e0f230236f65604efc0b6f269551,-70,,3,64,12.0,3
12:32:40,26.0,3,6e4a6a0c2a0c89c8d1eb796bb961f007b5ed51a292ae4f33fd65cd9a630fa4ff,-84,,3,64,7.0,3
12:32:41,,3,a4984ac734d02277f512d40c74cda8556ff630e52abf60e1feaa806ec59f6cb5,-80,,3,64,,3
12:32:42,26.0,3,6e4a6a0c2a0c89c8d1eb796bb961f007b5ed51a292ae4f33fd65cd9a630fa4ff,-87,,3,64,7.0,3
12:32:43,26.0,3,696635ba9ddaa5158155fc21f44b97c9e813eb3d60ef2657246338f1f92bec97,-74,,3,64,7.0,3
12:32:43,26.0,3,6c323990ae0465fdb68af545ec5cc1d5ba37d5303b348fd8fa048c0b1f638a2b,-81,,3,64,8.0,3
12:32:44,26.0,3,6c323990ae0465fdb68af545ec5cc1d5ba37d5303b348fd8fa048c0b1f638a2b,-73,,3,64,8.0,3
12:32:45,26.0,3,7d78a4909cfd923057976d919ff8708f0c3b4102dfef80aec68f29fa85096864,-86,,3,64,2.0,3
12:32:46,26.0,3,7d78a4909cfd923057976d919ff8708f0c3b4102dfef80aec68f29fa85096864,-83,,3,64,2.0,3
12:32:46,26.0,3,e010bbeaac4d95382bab015bc72dc2dc7cc8c8e14986dc012745ba63a11f32d4,-78,,3,64,,3
12:32:47,,3,240dceafe44b476b70ff8720beb8548996a4c755fd738f4ec8ce7719806a546d,-72,,3,64,,3
12:32:48,26.0,3,1d7fdb6c9feb9a87b79ebec65c1915a30373e0f230236f65604efc0b6f269551,-58,,3,64,12.0,3
12:32:49,26.0,3,7d78a4909cfd923057976d919ff8708f0c3b4102dfef80aec68f29fa85096864,-76,,3,64,2.0,3
12:32:50,26.0,3,696635ba9ddaa5158155fc21f44b97c9e813eb3d60ef2657246338f1f92bec97,-72,,3,64,7.0,3
12:32:50,,3,45b9cce02fba265bc0b3091fd92750cc06cd182725156000f567fe0a1a681a46,-85,,3,64,,3
12:32:51,26.0,3,7d78a4909cfd923057976d919ff8708f0c3b4102dfef80aec68f29fa85096864,-78,,3,64,2.0,3
12:32:52,26.0,3,7d78a4909cfd923057976d919ff8708f0c3b4102dfef80aec68f29fa85096864,-78,,3,64,2.0,3
12:32:53,26.0,3,e010bbeaac4d95382bab015bc72dc2dc7cc8c8e14986dc012745ba63a11f32d4,-90,,3,64,,3
12:32:54,26.0,3,cdb435a661af7f3eb09226954f44ea3c7a073f66ae05465c31bc5f904e38d054,-63,,3,64,,3
12:32:54,26.0,3,cdb435a661af7f3eb09226954f44ea3c7a073f66ae05465c31bc5f904e38d054,-54,,3,64,,3
12:32:55,26.0,3,5add091118a644017c369f8c45692ad941fd64689435b334c27bd3c13827eac4,-80,,3,64,,3
12:32:56,26.0,3,cdb435a661af7f3eb09226954f44ea3c7a073f66ae05465c31bc5f904e38d054,-60,,3,64,,3
12:32:57,26.0,3,cdb435a661af7f3eb09226954f44ea3c7a073f66ae05465c31bc5f904e38d054,-61,,3,64,,3
12:32:58,26.0,3,cdb435a661af7f3eb09226954f44ea3c7a073f66ae05465c31bc5f904e38d054,-56,,3,64,,3
12:32:58,26.0,3,6c323990ae0465fdb68af545ec5cc1d5ba37d5303b348fd8fa048c0b1f638a2b,-85,,3,64,8.0,3
12:32:59,26.0,3,cdb435a661af7f3eb09226954f44ea3c7a073f66ae05465c31bc5f904e38d054,-56,,3,64,,3
12:33:00,26.0,3,e010bbeaac4d95382bab015bc72dc2dc7cc8c8e14986dc012745ba63a11f32d4,-76,,3,64,,3
12:33:01,26.0,3,cdb435a661af7f3eb09226954f44ea3c7a073f66ae05465c31bc5f904e38d054,-54,,3,64,,3
12:33:02,26.0,3,cdb435a661af7f3eb09226954f44ea3c7a073f66ae05465c31bc5f904e38d054,-57,,3,64,,3
12:33:02,26.0,3,cdb435a661af7f3eb09226954f44ea3c7a073f66ae05465c31bc5f904e38d054,-55,,3,64,,3
12:33:03,26.0,3,696635ba9ddaa5158155fc21f44b97c9e813eb3d60ef2657246338f1f92bec97,-74,,3,64,7.0,3
12:33:04,26.0,3,6e4a6a0c2a0c89c8d1eb796bb961f007b5ed51a292ae4f33fd65cd9a630fa4ff,-80,,3,64,7.0,3
12:33:05,26.0,3,6c323990ae0465fdb68af545ec5cc1d5ba37d5303b348fd8fa048c0b1f638a2b,-78,,3,64,8.0,3
12:33:06,26.0,3,cdb435a661af7f3eb09226954f44ea3c7a073f66ae05465c31bc5f904e38d054,-56,,3,64,,3
12:33:06,,3,deff5f18277d3853f3ea0455fd52e6e8e5f23b9ee679f28b0b70c738103c27de,-90,,3,64,,3
12:33:07,26.0,3,cdb435a661af7f3eb09226954f44ea3c7a073f66ae05465c31bc5f904e38d054,-38,,3,64,,3
12:33:08,26.0,3,cdb435a661af7f3eb09226954f44ea3c7a073f66ae05465c31bc5f904e38d054,-53,,3,64,,3
12:33:09,26.0,3,cdb435a661af7f3eb09226954f44ea3c7a073f66ae05465c31bc5f904e38d054,-38,,3,64,,3
12:33:10,26.0,3,cdb435a661af7f3eb09226954f44ea3c7a073f66ae05465c31bc5f904e38d054,-36,,3,64,,3
12:33:10,26.0,3,ad528426824534cfb4bb0e8eefdc1eacf60d95e51796deb0253f7fa5dc5521b1,-81,,3,64,12.0,3
12:33:11,26.0,3,ad528426824534cfb4bb0e8eefdc1eacf60d95e51796deb0253f7fa5dc5521b1,-70,,3,64,12.0,3
12:33:12,26.0,3,6c323990ae0465fdb68af545ec5cc1d5ba37d5303b348fd8fa048c0b1f638a2b,-82,,3,64,8.0,3
12:33:13,26.0,3,cdb435a661af7f3eb09226954f44ea3c7a073f66ae05465c31bc5f904e38d054,-34,,3,64,,3
12:33:14,26.0,3,e010bbeaac4d95382bab015bc72dc2dc7cc8c8e14986dc012745ba63a11f32d4,-81,,3,64,,3
12:33:14,26.0,3,cdb435a661af7f3eb09226954f44ea3c7a073f66ae05465c31bc5f904e38d054,-35,,3,64,,3
12:33:15,26.0,3,cdb435a661af7f3eb09226954f44ea3c7a073f66ae05465c31bc5f904e38d054,-37,,3,64,,3
12:33:16,26.0,3,e010bbeaac4d95382bab015bc72dc2dc7cc8c8e14986dc012745ba63a11f32d4,-80,,3,64,,3
12:33:17,26.0,3,ad528426824534cfb4bb0e8eefdc1eacf60d95e51796deb0253f7fa5dc5521b1,-77,,3,64,12.0,3
12:33:18,26.0,3,cdb435a661af7f3eb09226954f44ea3c7a073f66ae05465c31bc5f904e38d054,-37,,3,64,,3
12:33:18,26.0,3,5add091118a644017c369f8c45692ad941fd64689435b334c27bd3c13827eac4,-79,,3,64,,3
12:33:19,26.0,3,ad528426824534cfb4bb0e8eefdc1eacf60d95e51796deb0253f7fa5dc5521b1,-75,,3,64,12.0,3
12:33:20,26.0,3,cdb435a661af7f3eb09226954f44ea3c7a073f66ae05465c31bc5f904e38d054,-51,,3,64,,3
12:33:21,,3,8a4bf71a62b10b6d1bf52037f2a2a9643f8800b83ab4dc15afec233af74c777d,-77,,3,64,,3
12:33:22,26.0,3,e010bbeaac4d95382bab015bc72dc2dc7cc8c8e14986dc012745ba63a11f32d4,-89,,3,64,,3
12:33:22,26.0,3,cdb435a661af7f3eb09226954f44ea3c7a073f66ae05465c31bc5f904e38d054,-46,,3,64,,3
12:33:23,26.0,3,ad528426824534cfb4bb0e8eefdc1eacf60d95e51796deb0253f7fa5dc5521b1,-72,,3,64,12.0,3
12:33:24,26.0,3,1d7fdb6c9feb9a87b79ebec65c1915a30373e0f230236f65604efc0b6f269551,-50,,3,64,12.0,3
12:33:25,,3,deff5f18277d3853f3ea0455fd52e6e8e5f23b9ee679f28b0b70c738103c27de,-89,,3,64,,3
12:33:25,26.0,3,1d7fdb6c9feb9a87b79ebec65c1915a30373e0f230236f65604efc0b6f269551,-41,,3,64,12.0,3
12:33:26,26.0,3,e010bbeaac4d95382bab015bc72dc2dc7cc8c8e14986dc012745ba63a11f32d4,-92,,3,64,,3
12:33:27,,3,deff5f18277d3853f3ea0455fd52e6e8e5f23b9ee679f28b0b70c738103c27de,-89,,3,64,,3
12:33:28,,3,deff5f18277d3853f3ea0455fd52e6e8e5f23b9ee679f28b0b70c738103c27de,-89,,3,64,,3
12:33:29,26.0,3,5add091118a644017c369f8c45692ad941fd64689435b334c27bd3c13827eac4,-85,,3,64,,3
12:33:29,,3,deff5f18277d3853f3ea0455fd52e6e8e5f23b9ee679f28b0b70c738103c27de,-90,,3,64,,3
12:33:30,26.0,3,ad528426824534cfb4bb0e8eefdc1eacf60d95e51796deb0253f7fa5dc5521b1,-73,,3,64,12.0,3
12:33:31,26.0,3,1d7fdb6c9feb9a87b79ebec65c1915a30373e0f230236f65604efc0b6f269551,-40,,3,64,12.0,3
12:33:32,26.0,3,1d7fdb6c9feb9a87b79ebec65c1915a30373e0f230236f65604efc0b6f269551,-54,,3,64,12.0,3
12:33:33,,3,deff5f18277d3853f3ea0455fd52e6e8e5f23b9ee679f28b0b70c738103c27de,-89,,3,64,,3
12:33:33,26.0,3,6e4a6a0c2a0c89c8d1eb796bb961f007b5ed51a292ae4f33fd65cd9a630fa4ff,-79,,3,64,7.0,3
12:33:34,26.0,3,696635ba9ddaa5158155fc21f44b97c9e813eb3d60ef2657246338f1f92bec97,-71,,3,64,7.0,3
12:33:35,,3,deff5f18277d3853f3ea0455fd52e6e8e5f23b9ee679f28b0b70c738103c27de,-88,,3,64,,3
12:33:36,26.0,3,e010bbeaac4d95382bab015bc72dc2dc7cc8c8e14986dc012745ba63a11f32d4,-88,,3,64,,3
12:33:37,,3,8a4bf71a62b10b6d1bf52037f2a2a9643f8800b83ab4dc15afec233af74c777d,-77,,3,64,,3
12:33:37,,3,240dceafe44b476b70ff8720beb8548996a4c755fd738f4ec8ce7719806a546d,-88,,3,64,,3
12:33:38,,3,deff5f18277d3853f3ea0455fd52e6e8e5f23b9ee679f28b0b70c738103c27de,-88,,3,64,,3
12:33:39,26.0,3,1d7fdb6c9feb9a87b79ebec65c1915a30373e0f230236f65604efc0b6f269551,-55,,3,64,12.0,3
12:33:40,26.0,3,54fc7b61702a9b41a823ce43fe8a5eef01029f7f1e8b7a4201dbbec6c17e87ec,-81,,3,64,12.0,3
12:33:41,26.0,3,5add091118a644017c369f8c45692ad941fd64689435b334c27bd3c13827eac4,-88,,3,64,,3
12:33:41,26.0,3,ad528426824534cfb4bb0e8eefdc1eacf60d95e51796deb0253f7fa5dc5521b1,-77,,3,64,12.0,3
12:33:42,26.0,3,6e4a6a0c2a0c89c8d1eb796bb961f007b5ed51a292ae4f33fd65cd9a630fa4ff,-83,,3,64,7.0,3
12:33:43,,3,a4984ac734d02277f512d40c74cda8556ff630e52abf60e1feaa806ec59f6cb5,-53,,3,64,,3
12:33:44,26.0,3,e010bbeaac4d95382bab015bc72dc2dc7cc8c8e14986dc012745ba63a11f32d4,-87,,3,64,,3
12:33:45,26.0,3,ad528426824534cfb4bb0e8eefdc1eacf60d95e51796deb0253f7fa5dc5521b1,-78,,3,64,12.0,3
12:33:45,26.0,3,e010bbeaac4d95382bab015bc72dc2dc7cc8c8e14986dc012745ba63a11f32d4,-86,,3,64,,3
12:33:46,26.0,3,7d78a4909cfd923057976d919ff8708f0c3b4102dfef80aec68f29fa85096864,-81,,3,64,2.0,3
12:33:47,26.0,3,80212dd947ebd82f3dc92069fb9386c84a7dc02f5cd23ecee3734091644d3c15,-57,,3,64,12.0,3
12:33:48,,3,deff5f18277d3853f3ea0455fd52e6e8e5f23b9ee679f28b0b70c738103c27de,-93,,3,64,,3
12:33:49,26.0,3,e010bbeaac4d95382bab015bc72dc2dc7cc8c8e14986dc012745ba63a11f32d4,-83,,3,64,,3
12:33:49,26.0,3,696635ba9ddaa5158155fc21f44b97c9e813eb3d60ef2657246338f1f92bec97,-66,,3,64,7.0,3
12:33:50,26.0,3,54fc7b61702a9b41a823ce43fe8a5eef01029f7f1e8b7a4201dbbec6c17e87ec,-75,,3,64,12.0,3
12:33:51,26.0,3,54fc7b61702a9b41a823ce43fe8a5eef01029f7f1e8b7a4201dbbec6c17e87ec,-84,,3,64,12.0,3
12:33:52,26.0,3,e010bbeaac4d95382bab015bc72dc2dc7cc8c8e14986dc012745ba63a11f32d4,-90,,3,64,,3
12:33:53,,3,45b9cce02fba265bc0b3091fd92750cc06cd182725156000f567fe0a1a681a46,-76,,3,64,,3
12:33:53,26.0,3,5add091118a644017c369f8c45692ad941fd64689435b334c27bd3c13827eac4,-86,,3,64,,3
12:33:54,26.0,3,e010bbeaac4d95382bab015bc72dc2dc7cc8c8e14986dc012745ba63a11f32d4,-80,,3,64,,3
12:33:55,26.0,3,696635ba9ddaa5158155fc21f44b97c9e813eb3d60ef2657246338f1f92bec97,-78,,3,64,7.0,3
12:33:56,26.0,3,5add091118a644017c369f8c45692ad941fd64689435b334c27bd3c13827eac4,-87,,3,64,,3
12:33:57,,3,45b9cce02fba265bc0b3091fd92750cc06cd182725156000f567fe0a1a681a46,-78,,3,64,,3
12:33:57,26.0,3,80212dd947ebd82f3dc92069fb9386c84a7dc02f5cd23ecee3734091644d3c15,-59,,3,64,12.0,3
12:33:58,26.0,3,7d78a4909cfd923057976d919ff8708f0c3b4102dfef80aec68f29fa85096864,-77,,3,64,2.0,3
12:33:59,,3,82b6e3edbd796cfae2b1f6f7739143d161741aa72954591ce75d4843e628fd23,-79,,3,64,,3
12:34:00,26.0,3,80212dd947ebd82f3dc92069fb9386c84a7dc02f5cd23ecee3734091644d3c15,-54,,3,64,12.0,3
12:34:01,,3,45b9cce02fba265bc0b3091fd92750cc06cd182725156000f567fe0a1a681a46,-90,,3,64,,3
12:34:01,26.0,3,54fc7b61702a9b41a823ce43fe8a5eef01029f7f1e8b7a4201dbbec6c17e87ec,-85,,3,64,12.0,3
12:34:02,26.0,3,6c323990ae0465fdb68af545ec5cc1d5ba37d5303b348fd8fa048c0b1f638a2b,-86,,3,64,8.0,3
12:34:03,,3,82b6e3edbd796cfae2b1f6f7739143d161741aa72954591ce75d4843e628fd23,-86,,3,64,,3
12:34:04,26.0,3,5add091118a644017c369f8c45692ad941fd64689435b334c27bd3c13827eac4,-84,,3,64,,3
12:34:04,26.0,3,5add091118a644017c369f8c45692ad941fd64689435b334c27bd3c13827eac4,-83,,3,64,,3
12:34:05,26.0,3,e010bbeaac4d95382bab015bc72dc2dc7cc8c8e14986dc012745ba63a11f32d4,-81,,3,64,,3
12:34:06,,3,d7eca3c7fd23214eaf91785788cafe27ed89416ef6480db8a8f51ba82e890542,-71,,3,64,,3
12:34:07,26.0,3,7d78a4909cfd923057976d919ff8708f0c3b4102dfef80aec68f29fa85096864,-79,,3,64,2.0,3
12:34:08,,3,5fa41dfb3f955db5b9380bfdd65c91fabb46a1f1f65ca0f040af27874f348efb,-76,,3,64,,3
12:34:08,26.0,3,e010bbeaac4d95382bab015bc72dc2dc7cc8c8e14986dc012745ba63a11f32d4,-79,,3,64,,3
12:34:09,26.0,3,80212dd947ebd82f3dc92069fb9386c84a7dc02f5cd23ecee3734091644d3c15,-63,,3,64,12.0,3
12:34:10,26.0,3,ad528426824534cfb4bb0e8eefdc1eacf60d95e51796deb0253f7fa5dc5521b1,-71,,3,64,12.0,3
12:34:11,26.0,3,ad528426824534cfb4bb0e8eefdc1eacf60d95e51796deb0253f7fa5dc5521b1,-77,,3,64,12.0,3
12:34:12,26.0,3,80212dd947ebd82f3dc92069fb9386c84a7dc02f5cd23ecee3734091644d3c15,-54,,3,64,12.0,3
12:34:12,26.0,3,54fc7b61702a9b41a823ce43fe8a5eef01029f7f1e8b7a4201dbbec6c17e87ec,-79,,3,64,12.0,3
12:34:13,26.0,3,e010bbeaac4d95382bab015bc72dc2dc7cc8c8e14986dc012745ba63a11f32d4,-83,,3,64,,3
12:34:14,26.0,3,e010bbeaac4d95382bab015bc72dc2dc7cc8c8e14986dc012745ba63a11f32d4,-82,,3,64,,3
12:34:15,26.0,3,ad528426824534cfb4bb0e8eefdc1eacf60d95e51796deb0253f7fa5dc5521b1,-74,,3,64,12.0,3
12:34:16,26.0,3,e010bbeaac4d95382bab015bc72dc2dc7cc8c8e14986dc012745ba63a11f32d4,-84,,3,64,,3
12:34:16,26.0,3,6c323990ae0465fdb68af545ec5cc1d5ba37d5303b348fd8fa048c0b1f638a2b,-76,,3,64,8.0,3
12:34:17,26.0,3,5add091118a644017c369f8c45692ad941fd64689435b334c27bd3c13827eac4,-81,,3,64,,3
12:34:18,26.0,3,6e4a6a0c2a0c89c8d1eb796bb961f007b5ed51a292ae4f33fd65cd9a630fa4ff,-89,,3,64,7.0,3
12:34:19,,3,deff5f18277d3853f3ea0455fd52e6e8e5f23b9ee679f28b0b70c738103c27de,-94,,3,64,,3
12:34:20,26.0,3,6e4a6a0c2a0c89c8d1eb796bb961f007b5ed51a292ae4f33fd65cd9a630fa4ff,-88,,3,64,7.0,3
12:34:20,,3,45b9cce02fba265bc0b3091fd92750cc06cd182725156000f567fe0a1a681a46,-95,,3,64,,3
12:34:21,26.0,3,6c323990ae0465fdb68af545ec5cc1d5ba37d5303b348fd8fa048c0b1f638a2b,-80,,3,64,8.0,3
12:34:22,,3,d7eca3c7fd23214eaf91785788cafe27ed89416ef6480db8a8f51ba82e890542,-75,,3,64,,3
12:34:23,26.0,3,ad528426824534cfb4bb0e8eefdc1eacf60d95e51796deb0253f7fa5dc5521b1,-73,,3,64,12.0,3
12:34:24,26.0,3,54fc7b61702a9b41a823ce43fe8a5eef01029f7f1e8b7a4201dbbec6c17e87ec,-82,,3,64,12.0,3
12:34:24,26.0,3,e010bbeaac4d95382bab015bc72dc2dc7cc8c8e14986dc012745ba63a11f32d4,-79,,3,64,,3
12:34:25,26.0,3,6e4a6a0c2a0c89c8d1eb796bb961f007b5ed51a292ae4f33fd65cd9a630fa4ff,-77,,3,64,7.0,3
12:34:26,26.0,3,5add091118a644017c369f8c45692ad941fd64689435b334c27bd3c13827eac4,-80,,3,64,,3
12:34:27,26.0,3,5add091118a644017c369f8c45692ad941fd64689435b334c27bd3c13827eac4,-85,,3,64,,3
12:34:28,26.0,3,6e4a6a0c2a0c89c8d1eb796bb961f007b5ed51a292ae4f33fd65cd9a630fa4ff,-88,,3,64,7.0,3
12:34:28,26.0,3,e010bbeaac4d95382bab015bc72dc2dc7cc8c8e14986dc012745ba63a11f32d4,-87,,3,64,,3
12:34:29,26.0,3,ad528426824534cfb4bb0e8eefdc1eacf60d95e51796deb0253f7fa5dc5521b1,-77,,3,64,12.0,3
12:34:30,26.0,3,7d78a4909cfd923057976d919ff8708f0c3b4102dfef80aec68f29fa85096864,-78,,3,64,2.0,3
12:34:31,2.0,3,a5fb4cbaeb07602b575eb28d4618e9ece93b805b851b905b671188f2aa1d516d,-84,,3,64,,3
12:34:32,26.0,3,696635ba9ddaa5158155fc21f44b97c9e813eb3d60ef2657246338f1f92bec97,-76,,3,64,7.0,3
12:34:32,26.0,3,80212dd947ebd82f3dc92069fb9386c84a7dc02f5cd23ecee3734091644d3c15,-51,,3,64,12.0,3
12:34:33,2.0,3,a5fb4cbaeb07602b575eb28d4618e9ece93b805b851b905b671188f2aa1d516d,-89,,3,64,,3
12:34:34,,3,9f46d61aab0db9b72db61004cd5b8a7f73257519e4ab4ccbce640a3013a4c8fe,-83,,3,64,,3
12:34:35,26.0,3,80212dd947ebd82f3dc92069fb9386c84a7dc02f5cd23ecee3734091644d3c15,-60,,3,64,12.0,3
12:34:36,26.0,3,ad528426824534cfb4bb0e8eefdc1eacf60d95e51796deb0253f7fa5dc5521b1,-83,,3,64,12.0,3
12:34:36,26.0,3,5add091118a644017c369f8c45692ad941fd64689435b334c27bd3c13827eac4,-88,,3,64,,3
12:34:37,26.0,3,7d78a4909cfd923057976d919ff8708f0c3b4102dfef80aec68f29fa85096864,-80,,3,64,2.0,3
12:34:38,26.0,3,696635ba9ddaa5158155fc21f44b97c9e813eb3d60ef2657246338f1f92bec97,-89,,3,64,7.0,3
12:34:39,2.0,3,a5fb4cbaeb07602b575eb28d4618e9ece93b805b851b905b671188f2aa1d516d,-91,,3,64,,3
12:34:40,2.0,3,a5fb4cbaeb07602b575eb28d4618e9ece93b805b851b905b671188f2aa1d516d,-89,,3,64,,3
12:34:40,,3,f782c22bd3e365fa8c2aa526b3e91d4d848b909edde70365b494ba4c96b9f104,-80,,3,64,,3
12:34:41,26.0,3,e010bbeaac4d95382bab015bc72dc2dc7cc8c8e14986dc012745ba63a11f32d4,-85,,3,64,,3
12:34:42,26.0,3,e010bbeaac4d95382bab015bc72dc2dc7cc8c8e14986dc012745ba63a11f32d4,-83,,3,64,,3
12:34:43,,3,deff5f18277d3853f3ea0455fd52e6e8e5f23b9ee679f28b0b70c738103c27de,-86,,3,64,,3
12:34:43,26.0,3,80212dd947ebd82f3dc92069fb9386c84a7dc02f5cd23ecee3734091644d3c15,-48,,3,64,12.0,3
12:34:44,26.0,3,6c323990ae0465fdb68af545ec5cc1d5ba37d5303b348fd8fa048c0b1f638a2b,-88,,3,64,8.0,3
12:34:45,,3,a4984ac734d02277f512d40c74cda8556ff630e52abf60e1feaa806ec59f6cb5,-53,,3,64,,3
12:34:46,26.0,3,54fc7b61702a9b41a823ce43fe8a5eef01029f7f1e8b7a4201dbbec6c17e87ec,-74,,3,64,12.0,3
12:34:47,26.0,3,54fc7b61702a9b41a823ce43fe8a5eef01029f7f1e8b7a4201dbbec6c17e87ec,-74,,3,64,12.0,3
12:34:48,26.0,3,696635ba9ddaa5158155fc21f44b97c9e813eb3d60ef2657246338f1f92bec97,-74,,3,64,7.0,3
12:34:48,,3,deff5f18277d3853f3ea0455fd52e6e8e5f23b9ee679f28b0b70c738103c27de,-86,,3,64,,3
12:34:49,,3,8af63e926bda4ae393e6a86b7c42a5f3c307ae2bbf3ef0432b43cc543372917f,-72,,3,64,,3
12:34:50,26.0,3,696635ba9ddaa5158155fc21f44b97c9e813eb3d60ef2657246338f1f92bec97,-91,,3,64,7.0,3
12:34:51,26.0,3,7d78a4909cfd923057976d919ff8708f0c3b4102dfef80aec68f29fa85096864,-77,,3,64,2.0,3
12:34:51,26.0,3,5add091118a644017c369f8c45692ad941fd64689435b334c27bd3c13827eac4,-78,,3,64,,3
12:34:52,26.0,3,e010bbeaac4d95382bab015bc72dc2dc7cc8c8e14986dc012745ba63a11f32d4,-81,,3,64,,3
12:34:53,26.0,3,696635ba9ddaa5158155fc21f44b97c9e813eb3d60ef2657246338f1f92bec97,-79,,3,64,7.0,3
12:34:54,26.0,3,7d78a4909cfd923057976d919ff8708f0c3b4102dfef80aec68f29fa85096864,-80,,3,64,2.0,3
12:34:55,26.0,3,54fc7b61702a9b41a823ce43fe8a5eef01029f7f1e8b7a4201dbbec6c17e87ec,-77,,3,64,12.0,3
12:34:55,,3,deff5f18277d3853f3ea0455fd52e6e8e5f23b9ee679f28b0b70c738103c27de,-86,,3,64,,3
12:34:56,26.0,3,e010bbeaac4d95382bab015bc72dc2dc7cc8c8e14986dc012745ba63a11f32d4,-82,,3,64,,3
12:34:57,,3,deff5f18277d3853f3ea0455fd52e6e8e5f23b9ee679f28b0b70c738103c27de,-91,,3,64,,3
12:34:58,,3,deff5f18277d3853f3ea0455fd52e6e8e5f23b9ee679f28b0b70c738103c27de,-90,,3,64,,3
12:34:59,,3,45b9cce02fba265bc0b3091fd92750cc06cd182725156000f567fe0a1a681a46,-80,,3,64,,3
12:35:00,,3,deff5f18277d3853f3ea0455fd52e6e8e5f23b9ee679f28b0b70c738103c27de,-90,,3,64,,3
12:35:00,26.0,3,7d78a4909cfd923057976d919ff8708f0c3b4102dfef80aec68f29fa85096864,-81,,3,64,2.0,3
12:35:01,26.0,3,e010bbeaac4d95382bab015bc72dc2dc7cc8c8e14986dc012745ba63a11f32d4,-79,,3,64,,3
12:35:02,26.0,3,6c323990ae0465fdb68af545ec5cc1d5ba37d5303b348fd8fa048c0b1f638a2b,-78,,3,64,8.0,3
12:35:03,,3,deff5f18277d3853f3ea0455fd52e6e8e5f23b9ee679f28b0b70c738103c27de,-91,,3,64,,3
12:35:04,26.0,3,ad528426824534cfb4bb0e8eefdc1eacf60d95e51796deb0253f7fa5dc5521b1,-67,,3,64,12.0,3
12:35:04,26.0,3,5add091118a644017c369f8c45692ad941fd64689435b334c27bd3c13827eac4,-78,,3,64,,3
12:35:05,,3,8af63e926bda4ae393e6a86b7c42a5f3c307ae2bbf3ef0432b43cc543372917f,-74,,3,64,,3
12:35:06,26.0,3,5add091118a644017c369f8c45692ad941fd64689435b334c27bd3c13827eac4,-78,,3,64,,3
12:35:07,,3,45b9cce02fba265bc0b3091fd92750cc06cd182725156000f567fe0a1a681a46,-81,,3,64,,3
12:35:08,,3,a4984ac734d02277f512d40c74cda8556ff630e52abf60e1feaa806ec59f6cb5,-57,,3,64,,3
12:35:08,,3,5fa41dfb3f955db5b9380bfdd65c91fabb46a1f1f65ca0f040af27874f348efb,-71,,3,64,,3
12:35:09,26.0,3,54fc7b61702a9b41a823ce43fe8a5eef01029f7f1e8b7a4201dbbec6c17e87ec,-80,,3,64,12.0,3
12:35:10,26.0,3,696635ba9ddaa5158155fc21f44b97c9e813eb3d60ef2657246338f1f92bec97,-78,,3,64,7.0,3
12:35:11,26.0,3,e010bbeaac4d95382bab015bc72dc2dc7cc8c8e14986dc012745ba63a11f32d4,-79,,3,64,,3
12:35:12,,3,f2d6a2351b4463a0f3bbb84264d05903c042764d1fd8bb663fcf4c86dcd79e65,-91,,3,64,,3
12:35:12,,3,5fa41dfb3f955db5b9380bfdd65c91fabb46a1f1f65ca0f040af27874f348efb,-78,,3,64,,3
12:35:13,,3,8af63e926bda4ae393e6a86b7c42a5f3c307ae2bbf3ef0432b43cc543372917f,-80,,3,64,,3
12:35:14,26.0,3,54fc7b61702a9b41a823ce43fe8a5eef01029f7f1e8b7a4201dbbec6c17e87ec,-81,,3,64,12.0,3
12:35:15,26.0,3,e010bbeaac4d95382bab015bc72dc2dc7cc8c8e14986dc012745ba63a11f32d4,-80,,3,64,,3
12:35:16,26.0,3,696635ba9ddaa5158155fc21f44b97c9e813eb3d60ef2657246338f1f92bec97,-69,,3,64,7.0,3
12:35:16,26.0,3,54fc7b61702a9b41a823ce43fe8a5eef01029f7f1e8b7a4201dbbec6c17e87ec,-78,,3,64,12.0,3
12:35:17,26.0,3,54fc7b61702a9b41a823ce43fe8a5eef01029f7f1e8b7a4201dbbec6c17e87ec,-82,,3,64,12.0,3
12:35:18,26.0,3,ad528426824534cfb4bb0e8eefdc1eacf60d95e51796deb0253f7fa5dc5521b1,-86,,3,64,12.0,3
12:35:19,26.0,3,ad528426824534cfb4bb0e8eefdc1eacf60d95e51796deb0253f7fa5dc5521b1,-79,,3,64,12.0,3
12:35:20,26.0,3,5add091118a644017c369f8c45692ad941fd64689435b334c27bd3c13827eac4,-85,,3,64,,3
12:35:20,26.0,3,7d78a4909cfd923057976d919ff8708f0c3b4102dfef80aec68f29fa85096864,-91,,3,64,2.0,3
12:35:21,26.0,3,6c323990ae0465fdb68af545ec5cc1d5ba37d5303b348fd8fa048c0b1f638a2b,-78,,3,64,8.0,3
12:35:22,26.0,3,e010bbeaac4d95382bab015bc72dc2dc7cc8c8e14986dc012745ba63a11f32d4,-81,,3,64,,3
12:35:23,26.0,3,5add091118a644017c369f8c45692ad941fd64689435b334c27bd3c13827eac4,-80,,3,64,,3
12:35:24,26.0,3,6e4a6a0c2a0c89c8d1eb796bb961f007b5ed51a292ae4f33fd65cd9a630fa4ff,-74,,3,64,7.0,3
12:35:24,26.0,3,e010bbeaac4d95382bab015bc72dc2dc7cc8c8e14986dc012745ba63a11f32d4,-75,,3,64,,3
12:35:25,,3,8af63e926bda4ae393e6a86b7c42a5f3c307ae2bbf3ef0432b43cc543372917f,-72,,3,64,,3
12:35:26,26.0,3,5add091118a644017c369f8c45692ad941fd64689435b334c27bd3c13827eac4,-80,,3,64,,3
12:35:27,26.0,3,6e4a6a0c2a0c89c8d1eb796bb961f007b5ed51a292ae4f33fd65cd9a630fa4ff,-84,,3,64,7.0,3
12:35:28,,3,d7eca3c7fd23214eaf91785788cafe27ed89416ef6480db8a8f51ba82e890542,-69,,3,64,,3
12:35:28,26.0,3,54fc7b61702a9b41a823ce43fe8a5eef01029f7f1e8b7a4201dbbec6c17e87ec,-81,,3,64,12.0,3
12:35:29,26.0,3,54fc7b61702a9b41a823ce43fe8a5eef01029f7f1e8b7a4201dbbec6c17e87ec,-81,,3,64,12.0,3
12:35:30,26.0,3,ad528426824534cfb4bb0e8eefdc1eacf60d95e51796deb0253f7fa5dc5521b1,-76,,3,64,12.0,3
12:35:31,26.0,3,54fc7b61702a9b41a823ce43fe8a5eef01029f7f1e8b7a4201dbbec6c17e87ec,-75,,3,64,12.0,3
12:35:32,,3,d7eca3c7fd23214eaf91785788cafe27ed89416ef6480db8a8f51ba82e890542,-70,,3,64,,3
12:35:32,,3,5fa41dfb3f955db5b9380bfdd65c91fabb46a1f1f65ca0f040af27874f348efb,-78,,3,64,,3
12:35:33,,3,8af63e926bda4ae393e6a86b7c42a5f3c307ae2bbf3ef0432b43cc543372917f,-68,,3,64,,3
12:35:34,26.0,3,ad528426824534cfb4bb0e8eefdc1eacf60d95e51796deb0253f7fa5dc5521b1,-75,,3,64,12.0,3
12:35:35,26.0,3,5add091118a644017c369f8c45692ad941fd64689435b334c27bd3c13827eac4,-78,,3,64,,3
12:35:36,26.0,3,6c323990ae0465fdb68af545ec5cc1d5ba37d5303b348fd8fa048c0b1f638a2b,-77,,3,64,8.0,3
12:35:36,26.0,3,696635ba9ddaa5158155fc21f44b97c9e813eb3d60ef2657246338f1f92bec97,-84,,3,64,7.0,3
12:35:37,26.0,3,696635ba9ddaa5158155fc21f44b97c9e813eb3d60ef2657246338f1f92bec97,-80,,3,64,7.0,3
12:35:38,26.0,3,7d78a4909cfd923057976d919ff8708f0c3b4102dfef80aec68f29fa85096864,-79,,3,64,2.0,3
12:35:39,,3,deff5f18277d3853f3ea0455fd52e6e8e5f23b9ee679f28b0b70c738103c27de,-91,,3,64,,3
12:35:40,26.0,3,7d78a4909cfd923057976d919ff8708f0c3b4102dfef80aec68f29fa85096864,-80,,3,64,2.0,3
12:35:40,,3,5fa41dfb3f955db5b9380bfdd65c91fabb46a1f1f65ca0f040af27874f348efb,-75,,3,64,,3
12:35:41,26.0,3,e010bbeaac4d95382bab015bc72dc2dc7cc8c8e14986dc012745ba63a11f32d4,-74,,3,64,,3
12:35:42,26.0,3,e010bbeaac4d95382bab015bc72dc2dc7cc8c8e14986dc012745ba63a11f32d4,-76,,3,64,,3
12:35:43,26.0,3,54fc7b61702a9b41a823ce43fe8a5eef01029f7f1e8b7a4201dbbec6c17e87ec,-81,,3,64,12.0,3
12:35:44,26.0,3,e010bbeaac4d95382bab015bc72dc2dc7cc8c8e14986dc012745ba63a11f32d4,-75,,3,64,,3
12:35:44,26.0,3,e010bbeaac4d95382bab015bc72dc2dc7cc8c8e14986dc012745ba63a11f32d4,-76,,3,64,,3
12:35:45,26.0,3,696635ba9ddaa5158155fc21f44b97c9e813eb3d60ef2657246338f1f92bec97,-72,,3,64,7.0,3
12:35:46,26.0,3,5add091118a644017c369f8c45692ad941fd64689435b334c27bd3c13827eac4,-78,,3,64,,3
12:35:47,,3,deff5f18277d3853f3ea0455fd52e6e8e5f23b9ee679f28b0b70c738103c27de,-84,,3,64,,3
12:35:47,26.0,3,7d78a4909cfd923057976d919ff8708f0c3b4102dfef80aec68f29fa85096864,-81,,3,64,2.0,3
12:35:48,26.0,3,5add091118a644017c369f8c45692ad941fd64689435b334c27bd3c13827eac4,-86,,3,64,,3
12:35:49,26.0,3,e010bbeaac4d95382bab015bc72dc2dc7cc8c8e14986dc012745ba63a11f32d4,-83,,3,64,,3
12:35:50,26.0,3,e010bbeaac4d95382bab015bc72dc2dc7cc8c8e14986dc012745ba63a11f32d4,-82,,3,64,,3
12:35:51,26.0,3,5add091118a644017c369f8c45692ad941fd64689435b334c27bd3c13827eac4,-82,,3,64,,3
12:35:51,26.0,3,696635ba9ddaa5158155fc21f44b97c9e813eb3d60ef2657246338f1f92bec97,-66,,3,64,7.0,3
12:35:52,26.0,3,f84c7a3c5ce9d01d341128a4cb9cebfd60594549411573294452a21b24815f1f,-83,,3,64,8.0,3
12:35:53,,3,9f46d61aab0db9b72db61004cd5b8a7f73257519e4ab4ccbce640a3013a4c8fe,-72,,3,64,,3
12:35:54,26.0,3,7d78a4909cfd923057976d919ff8708f0c3b4102dfef80aec68f29fa85096864,-80,,3,64,2.0,3
12:35:55,26.0,3,f84c7a3c5ce9d01d341128a4cb9cebfd60594549411573294452a21b24815f1f,-83,,3,64,8.0,3
12:35:55,,3,d7eca3c7fd23214eaf91785788cafe27ed89416ef6480db8a8f51ba82e890542,-70,,3,64,,3
12:35:56,26.0,3,7d78a4909cfd923057976d919ff8708f0c3b4102dfef80aec68f29fa85096864,-84,,3,64,2.0,3
12:35:57,26.0,3,5add091118a644017c369f8c45692ad941fd64689435b334c27bd3c13827eac4,-86,,3,64,,3
12:35:58,26.0,3,5add091118a644017c369f8c45692ad941fd64689435b334c27bd3c13827eac4,-82,,3,64,,3
12:35:59,26.0,3,e010bbeaac4d95382bab015bc72dc2dc7cc8c8e14986dc012745ba63a11f32d4,-81,,3,64,,3
12:35:59,26.0,3,5add091118a644017c369f8c45692ad941fd64689435b334c27bd3c13827eac4,-83,,3,64,,3
12:36:00,,3,deff5f18277d3853f3ea0455fd52e6e8e5f23b9ee679f28b0b70c738103c27de,-92,,3,64,,3
12:36:01,,3,a4984ac734d02277f512d40c74cda8556ff630e52abf60e1feaa806ec59f6cb5,-38,,3,64,,3
12:36:02,26.0,3,ad528426824534cfb4bb0e8eefdc1eacf60d95e51796deb0253f7fa5dc5521b1,-73,,3,64,12.0,3
12:36:03,26.0,3,ad528426824534cfb4bb0e8eefdc1eacf60d95e51796deb0253f7fa5dc5521b1,-72,,3,64,12.0,3
12:36:03,,3,deff5f18277d3853f3ea0455fd52e6e8e5f23b9ee679f28b0b70c738103c27de,-92,,3,64,,3
12:36:04,26.0,3,e010bbeaac4d95382bab015bc72dc2dc7cc8c8e14986dc012745ba63a11f32d4,-79,,3,64,,3
12:36:05,26.0,3,54fc7b61702a9b41a823ce43fe8a5eef01029f7f1e8b7a4201dbbec6c17e87ec,-82,,3,64,12.0,3
12:36:06,26.0,3,54fc7b61702a9b41a823ce43fe8a5eef01029f7f1e8b7a4201dbbec6c17e87ec,-82,,3,64,12.0,3
12:36:07,,3,45b9cce02fba265bc0b3091fd92750cc06cd182725156000f567fe0a1a681a46,-80,,3,64,,3
12:36:07,26.0,3,e010bbeaac4d95382bab015bc72dc2dc7cc8c8e14986dc012745ba63a11f32d4,-80,,3,64,,3
12:36:08,26.0,3,696635ba9ddaa5158155fc21f44b97c9e813eb3d60ef2657246338f1f92bec97,-81,,3,64,7.0,3
12:36:09,,3,a4984ac734d02277f512d40c74cda8556ff630e52abf60e1feaa806ec59f6cb5,-38,,3,64,,3
12:36:10,26.0,3,696635ba9ddaa5158155fc21f44b97c9e813eb3d60ef2657246338f1f92bec97,-80,,3,64,7.0,3
12:36:11,,3,45b9cce02fba265bc0b3091fd92750cc06cd182725156000f567fe0a1a681a46,-77,,3,64,,3
12:36:11,26.0,3,5add091118a644017c369f8c45692ad941fd64689435b334c27bd3c13827eac4,-90,,3,64,,3
12:36:12,26.0,3,e010bbeaac4d95382bab015bc72dc2dc7cc8c8e14986dc012745ba63a11f32d4,-82,,3,64,,3
12:36:13,,3,a4984ac734d02277f512d40c74cda8556ff630e52abf60e1feaa806ec59f6cb5,-38,,3,64,,3
12:36:14,26.0,3,e010bbeaac4d95382bab015bc72dc2dc7cc8c8e14986dc012745ba63a11f32d4,-84,,3,64,,3
12:36:15,26.0,3,e010bbeaac4d95382bab015bc72dc2dc7cc8c8e14986dc012745ba63a11f32d4,-86,,3,64,,3
12:36:15,,3,deff5f18277d3853f3ea0455fd52e6e8e5f23b9ee679f28b0b70c738103c27de,-95,,3,64,,3
12:36:16,26.0,3,6e4a6a0c2a0c89c8d1eb796bb961f007b5ed51a292ae4f33fd65cd9a630fa4ff,-87,,3,64,7.0,3
12:36:17,,3,a4984ac734d02277f512d40c74cda8556ff630e52abf60e1feaa806ec59f6cb5,-49,,3,64,,3
12:36:18,26.0,3,6e4a6a0c2a0c89c8d1eb796bb961f007b5ed51a292ae4f33fd65cd9a630fa4ff,-88,,3,64,7.0,3
12:36:19,26.0,3,e010bbeaac4d95382bab015bc72dc2dc7cc8c8e14986dc012745ba63a11f32d4,-84,,3,64,,3
12:36:19,26.0,3,e010bbeaac4d95382bab015bc72dc2dc7cc8c8e14986dc012745ba63a11f32d4,-85,,3,64,,3
12:36:20,26.0,3,54fc7b61702a9b41a823ce43fe8a5eef01029f7f1e8b7a4201dbbec6c17e87ec,-85,,3,64,12.0,3
12:36:21,,3,a4984ac734d02277f512d40c74cda8556ff630e52abf60e1feaa806ec59f6cb5,-38,,3,64,,3
12:36:22,26.0,3,e010bbeaac4d95382bab015bc72dc2dc7cc8c8e14986dc012745ba63a11f32d4,-83,,3,64,,3
12:36:23,,3,f782c22bd3e365fa8c2aa526b3e91d4d848b909edde70365b494ba4c96b9f104,-81,,3,64,,3
12:36:23,,3,deff5f18277d3853f3ea0455fd52e6e8e5f23b9ee679f28b0b70c738103c27de,-87,,3,64,,3
12:36:24,26.0,3,696635ba9ddaa5158155fc21f44b97c9e813eb3d60ef2657246338f1f92bec97,-68,,3,64,7.0,3
12:36:25,,3,a4984ac734d02277f512d40c74cda8556ff630e52abf60e1feaa806ec59f6cb5,-38,,3,64,,3
12:36:26,26.0,3,696635ba9ddaa5158155fc21f44b97c9e813eb3d60ef2657246338f1f92bec97,-68,,3,64,7.0,3
12:36:27,,3,deff5f18277d3853f3ea0455fd52e6e8e5f23b9ee679f28b0b70c738103c27de,-94,,3,64,,3
12:36:27,26.0,3,696635ba9ddaa5158155fc21f44b97c9e813eb3d60ef2657246338f1f92bec97,-64,,3,64,7.0,3
12:36:28,26.0,3,f84c7a3c5ce9d01d341128a4cb9cebfd60594549411573294452a21b24815f1f,-80,,3,64,8.0,3
12:36:29,26.0,3,5add091118a644017c369f8c45692ad941fd64689435b334c27bd3c13827eac4,-78,,3,64,,3
12:36:30,,3,240dceafe44b476b70ff8720beb8548996a4c755fd738f4ec8ce7719806a546d,-85,,3,64,,3
12:36:31,,3,45b9cce02fba265bc0b3091fd92750cc06cd182725156000f567fe0a1a681a46,-78,,3,64,,3
12:36:31,26.0,3,6e4a6a0c2a0c89c8d1eb796bb961f007b5ed51a292ae4f33fd65cd9a630fa4ff,-76,,3,64,7.0,3
12:36:32,26.0,3,6e4a6a0c2a0c89c8d1eb796bb961f007b5ed51a292ae4f33fd65cd9a630fa4ff,-85,,3,64,7.0,3
12:36:33,26.0,3,696635ba9ddaa5158155fc21f44b97c9e813eb3d60ef2657246338f1f92bec97,-77,,3,64,7.0,3
12:36:34,,3,deff5f18277d3853f3ea0455fd52e6e8e5f23b9ee679f28b0b70c738103c27de,-95,,3,64,,3
12:36:35,26.0,3,696635ba9ddaa5158155fc21f44b97c9e813eb3d60ef2657246338f1f92bec97,-72,,3,64,7.0,3
12:36:35,,3,8af63e926bda4ae393e6a86b7c42a5f3c307ae2bbf3ef0432b43cc543372917f,-73,,3,64,,3
12:36:36,26.0,3,f84c7a3c5ce9d01d341128a4cb9cebfd60594549411573294452a21b24815f1f,-81,,3,64,8.0,3
12:36:37,26.0,3,54fc7b61702a9b41a823ce43fe8a5eef01029f7f1e8b7a4201dbbec6c17e87ec,-81,,3,64,12.0,3
12:36:38,26.0,3,5add091118a644017c369f8c45692ad941fd64689435b334c27bd3c13827eac4,-76,,3,64,,3
12:36:39,,3,deff5f18277d3853f3ea0455fd52e6e8e5f23b9ee679f28b0b70c738103c27de,-94,,3,64,,3
12:36:39,26.0,3,b84e31c962c904fcfea375dcf90f0af88d6602806e789e18cef5040ac696d5d5,-89,,3,64,7.0,3
12:36:40,26.0,3,6e4a6a0c2a0c89c8d1eb796bb961f007b5ed51a292ae4f33fd65cd9a630fa4ff,-84,,3,64,7.0,3
12:36:41,,3,deff5f18277d3853f3ea0455fd52e6e8e5f23b9ee679f28b0b70c738103c27de,-92,,3,64,,3
