Time,adv_flag,def_tx_pwr,mac,rssi,name,scan_tx_pwr,conn_tx_pwr,tx_range,adv_tx_pwr
15:16:39,,3,8c19ac29593caec1a4638e40477264af85ecd5e93e14f6800bae3b05b3b3f9c5,-88,,3,64,,3
15:16:40,,3,9c90d60cb5421ba1953a644781d4d97734857c0f9f77785ffd35843a8595fe22,-62,,3,64,,3
15:16:41,26.0,3,310ee9a00733fe5fe1f9351d2848e2dcd8f12e694a2b352a30dd2977f00ea81d,-67,,3,64,12.0,3
15:16:42,26.0,3,111e21783dee026ea86ccdee538cf52e617826caae8bf868aaf607cfe701a453,-85,,3,64,12.0,3
15:16:43,,3,556e667dfb389bc68586a40ba56c0bbe04d636a3d7a5105e7006848e7f684b8d,-73,,3,64,,3
15:16:43,26.0,3,406d0003c26051385ab85ea583d2ba6e0bb714f801f6bf5152b3f9010b4f3a5f,-83,,3,64,8.0,3
15:16:44,,3,a2b30e71f459a86c04b15e80c35a1675a5f246e67c96d220d6b11e267019319f,-73,,3,64,,3
15:16:45,26.0,3,eaf2db881fde94223cb72ab5bbbe139681e75a500578d8e046df879b3a3bb59b,-80,,3,64,,3
15:16:46,26.0,3,6431ede429f3675685bd1876bc8d3c416dcb185e2cfae377db43bbd9cdd652f0,-90,,3,64,7.0,3
15:16:47,26.0,3,310ee9a00733fe5fe1f9351d2848e2dcd8f12e694a2b352a30dd2977f00ea81d,-62,,3,64,12.0,3
15:16:47,,3,27032480200a77f1337541bb96e049f3daa41c4768883586a4d6ed1c344b63c4,-79,,3,64,,3
15:16:48,26.0,3,580396b2bd635fbe779486a750ac4fe4eb69095573fc248b6abd8c4b6701f334,-70,,3,64,7.0,3
15:16:49,26.0,3,2f8394e7b7877a72e63a661b49c9d45bd52f82fd08d1183fa19e536088c93feb,-72,,3,64,7.0,3
15:16:50,,3,7a4e2456d86e23490d05adc8449d329c3015441431b1a447fc4b18ab3ad20c60,-71,,3,64,,3
15:16:51,26.0,3,4755de6f950c6a330f416e209e3fb2a86085982de43bd49405ac65bbeae7ec35,-90,,3,64,12.0,3
15:16:51,26.0,3,406d0003c26051385ab85ea583d2ba6e0bb714f801f6bf5152b3f9010b4f3a5f,-85,,3,64,8.0,3
15:16:52,,3,6e629e211382f8c4482da07cb144761b2140ccc8dcf32cd833199cdac0ba929d,-81,,3,64,,3
15:16:53,26.0,3,bef55b8aa007973d18424880bed11a6dcf8993f88513f384bbe4e9684a796959,-76,,3,64,8.0,3
15:16:54,,3,92bbd73ae296ff89f12ac9ae3f5d49f9382d199435391bb7894d08fe8c94abac,-70,,3,64,,3
15:16:55,26.0,3,eaf2db881fde94223cb72ab5bbbe139681e75a500578d8e046df879b3a3bb59b,-84,,3,64,,3
15:16:55,,3,27032480200a77f1337541bb96e049f3daa41c4768883586a4d6ed1c344b63c4,-75,,3,64,,3
15:16:56,,3,556e667dfb389bc68586a40ba56c0bbe04d636a3d7a5105e7006848e7f684b8d,-70,,3,64,,3
15:16:57,26.0,3,eaf2db881fde94223cb72ab5bbbe139681e75a500578d8e046df879b3a3bb59b,-78,,3,64,,3
15:16:58,,3,92bbd73ae296ff89f12ac9ae3f5d49f9382d199435391bb7894d08fe8c94abac,-67,,3,64,,3
15:16:59,,3,92bbd73ae296ff89f12ac9ae3f5d49f9382d199435391bb7894d08fe8c94abac,-69,,3,64,,3
15:16:59,,3,27032480200a77f1337541bb96e049f3daa41c4768883586a4d6ed1c344b63c4,-85,,3,64,,3
15:17:00,26.0,3,eaf2db881fde94223cb72ab5bbbe139681e75a500578d8e046df879b3a3bb59b,-76,,3,64,,3
15:17:01,26.0,3,fa26453016d8b172cf28f6d4dc3ae78845c1e363f06178386e6fa5e3459d0e48,-89,,3,64,8.0,3
15:17:02,26.0,3,eaf2db881fde94223cb72ab5bbbe139681e75a500578d8e046df879b3a3bb59b,-81,,3,64,,3
15:17:03,26.0,3,eaf2db881fde94223cb72ab5bbbe139681e75a500578d8e046df879b3a3bb59b,-77,,3,64,,3
15:17:03,26.0,3,eaf2db881fde94223cb72ab5bbbe139681e75a500578d8e046df879b3a3bb59b,-75,,3,64,,3
15:17:04,26.0,3,6431ede429f3675685bd1876bc8d3c416dcb185e2cfae377db43bbd9cdd652f0,-87,,3,64,7.0,3
15:17:05,26.0,3,829a7025a34095e1cddf0357110dfe6f403c05949f58ca3e1e950dde8444b74a,-88,,3,64,6.0,3
15:17:06,26.0,3,e49439dbc09904846b27c8534673dab08b423ff09dc440f44c782c976be6c8ae,-72,,3,64,12.0,3
15:17:07,,3,92bbd73ae296ff89f12ac9ae3f5d49f9382d199435391bb7894d08fe8c94abac,-76,,3,64,,3
15:17:08,26.0,3,111e21783dee026ea86ccdee538cf52e617826caae8bf868aaf607cfe701a453,-76,,3,64,12.0,3
15:17:08,26.0,3,b6ffe4c4d876eebe52b8a7232d06ef337ed9b22bb957e72673df4e2d4cba14e9,-83,,3,64,8.0,3
15:17:09,26.0,3,5b6aa2c6d19479034a3a6e3bae268c036ca7f33b1b088ce85c5fbad9ff29a8b2,-65,,3,64,12.0,3
15:17:10,26.0,3,5b6aa2c6d19479034a3a6e3bae268c036ca7f33b1b088ce85c5fbad9ff29a8b2,-54,,3,64,12.0,3
15:17:11,26.0,3,eaf2db881fde94223cb72ab5bbbe139681e75a500578d8e046df879b3a3bb59b,-83,,3,64,,3
15:17:12,26.0,3,5b6aa2c6d19479034a3a6e3bae268c036ca7f33b1b088ce85c5fbad9ff29a8b2,-56,,3,64,12.0,3
15:17:12,26.0,3,5b6aa2c6d19479034a3a6e3bae268c036ca7f33b1b088ce85c5fbad9ff29a8b2,-54,,3,64,12.0,3
15:17:13,26.0,3,6431ede429f3675685bd1876bc8d3c416dcb185e2cfae377db43bbd9cdd652f0,-84,,3,64,7.0,3
15:17:14,26.0,3,310ee9a00733fe5fe1f9351d2848e2dcd8f12e694a2b352a30dd2977f00ea81d,-58,,3,64,12.0,3
15:17:15,26.0,3,111e21783dee026ea86ccdee538cf52e617826caae8bf868aaf607cfe701a453,-83,,3,64,12.0,3
15:17:16,26.0,3,4878e30008b93396487168d9b5b81de0e569ecc6de7807e2be65be12116853be,-75,Tb80,3,64,,3
15:17:16,26.0,3,bef55b8aa007973d18424880bed11a6dcf8993f88513f384bbe4e9684a796959,-64,,3,64,8.0,3
15:17:17,26.0,3,310ee9a00733fe5fe1f9351d2848e2dcd8f12e694a2b352a30dd2977f00ea81d,-59,,3,64,12.0,3
15:17:18,,3,29e5eac00e96ac344ec4e03f028a9bfb1fc4ae3f44f78fc2fae1ba1566f8d0cf,-92,,3,64,,3
15:17:19,26.0,3,bef55b8aa007973d18424880bed11a6dcf8993f88513f384bbe4e9684a796959,-55,,3,64,8.0,3
15:17:20,,3,cef95589de0c0ddfa2bab357e72e08f8327c522654edc6ced1802cd34ce30bf6,-82,,3,64,,3
15:17:20,26.0,3,5a8555b21e311dfafd1d7ec1fe0484421025f6613c1179812cd624e4c77e505d,-92,,3,64,24.0,3
15:17:21,,3,92bbd73ae296ff89f12ac9ae3f5d49f9382d199435391bb7894d08fe8c94abac,-80,,3,64,,3
15:17:22,26.0,3,eaf2db881fde94223cb72ab5bbbe139681e75a500578d8e046df879b3a3bb59b,-75,,3,64,,3
15:17:23,26.0,3,e49439dbc09904846b27c8534673dab08b423ff09dc440f44c782c976be6c8ae,-71,,3,64,12.0,3
15:17:24,26.0,3,580396b2bd635fbe779486a750ac4fe4eb69095573fc248b6abd8c4b6701f334,-64,,3,64,7.0,3
15:17:24,,3,a154bb6762cb64403ae6f24a733053e9b3c6f5323ad16834b24b86be99d45a4b,-78,,3,64,,3
15:17:25,26.0,3,eaf2db881fde94223cb72ab5bbbe139681e75a500578d8e046df879b3a3bb59b,-71,,3,64,,3
15:17:26,26.0,3,ccfaf3ea31ad25f00a4f24a667a5b5e283079276678cf635ad36ee7bd93b3347,-84,,3,64,8.0,3
15:17:27,26.0,3,bef55b8aa007973d18424880bed11a6dcf8993f88513f384bbe4e9684a796959,-58,,3,64,8.0,3
15:17:28,,3,cef95589de0c0ddfa2bab357e72e08f8327c522654edc6ced1802cd34ce30bf6,-89,,3,64,,3
15:17:28,,3,a154bb6762cb64403ae6f24a733053e9b3c6f5323ad16834b24b86be99d45a4b,-80,,3,64,,3
15:17:29,2.0,3,f582e4cc9fb7f94eccdedba7bb19dafdfee3aae88a0e7179bdbd84f4da05dff0,-92,,3,64,,3
15:17:30,26.0,3,a2fd4f8c632f2c235f1a573226a91b920a68c09dfa50fbb00d2b1b0f50e15e82,-81,,3,64,12.0,3
15:17:31,26.0,3,a99585e696ff55a7aaec812bd34dd6b0f82b2bb71c753f946d04b912bee129e5,-86,,3,64,8.0,3
15:17:32,26.0,3,a2fd4f8c632f2c235f1a573226a91b920a68c09dfa50fbb00d2b1b0f50e15e82,-84,,3,64,12.0,3
15:17:32,26.0,3,a2fd4f8c632f2c235f1a573226a91b920a68c09dfa50fbb00d2b1b0f50e15e82,-74,,3,64,12.0,3
15:17:33,,3,92bbd73ae296ff89f12ac9ae3f5d49f9382d199435391bb7894d08fe8c94abac,-72,,3,64,,3
15:17:34,26.0,3,4878e30008b93396487168d9b5b81de0e569ecc6de7807e2be65be12116853be,-72,Tb80,3,64,,3
15:17:35,26.0,3,4755de6f950c6a330f416e209e3fb2a86085982de43bd49405ac65bbeae7ec35,-87,,3,64,12.0,3
15:17:36,26.0,3,3377c94a476c426312620dd510287538dc9d97f6c23f15cbc14376b36c45b84e,-71,,3,64,7.0,3
15:17:37,26.0,3,849c51998625d34299d7df32040683430a8fb88aa8d1f13c2234fc5c4bcbf7c6,-87,,3,64,12.0,3
15:17:37,26.0,3,b6ffe4c4d876eebe52b8a7232d06ef337ed9b22bb957e72673df4e2d4cba14e9,-77,,3,64,8.0,3
15:17:38,26.0,3,829a7025a34095e1cddf0357110dfe6f403c05949f58ca3e1e950dde8444b74a,-84,,3,64,6.0,3
15:17:39,,3,92bbd73ae296ff89f12ac9ae3f5d49f9382d199435391bb7894d08fe8c94abac,-75,,3,64,,3
15:17:40,26.0,3,406d0003c26051385ab85ea583d2ba6e0bb714f801f6bf5152b3f9010b4f3a5f,-81,,3,64,8.0,3
15:17:41,,3,3ddccfb2f18c0d4e635a8b94e99cd2639f7ffdf5e969a0ab2fb9349cae2ca537,-59,,3,64,,3
15:17:41,26.0,3,829a7025a34095e1cddf0357110dfe6f403c05949f58ca3e1e950dde8444b74a,-81,,3,64,6.0,3
15:17:42,26.0,3,fa26453016d8b172cf28f6d4dc3ae78845c1e363f06178386e6fa5e3459d0e48,-81,,3,64,8.0,3
15:17:43,,3,b5351962f2a1003490d6b9229c4d0938f073303332c40ce479164ed2d0d62b5e,-69,,3,64,,3
15:17:44,26.0,3,310ee9a00733fe5fe1f9351d2848e2dcd8f12e694a2b352a30dd2977f00ea81d,-66,,3,64,12.0,3
15:17:45,26.0,3,e49439dbc09904846b27c8534673dab08b423ff09dc440f44c782c976be6c8ae,-83,,3,64,12.0,3
15:17:45,26.0,3,aff127275aa906db59b4f23b813da269df088047ef5a361ef09ed28da1607d5e,-90,,3,64,12.0,3
15:17:46,,3,92bbd73ae296ff89f12ac9ae3f5d49f9382d199435391bb7894d08fe8c94abac,-70,,3,64,,3
15:17:47,26.0,3,ccfaf3ea31ad25f00a4f24a667a5b5e283079276678cf635ad36ee7bd93b3347,-83,,3,64,8.0,3
15:17:48,26.0,3,aff127275aa906db59b4f23b813da269df088047ef5a361ef09ed28da1607d5e,-91,,3,64,12.0,3
15:17:49,26.0,3,111e21783dee026ea86ccdee538cf52e617826caae8bf868aaf607cfe701a453,-70,,3,64,12.0,3
15:17:49,26.0,3,eaf2db881fde94223cb72ab5bbbe139681e75a500578d8e046df879b3a3bb59b,-74,,3,64,,3
15:17:50,26.0,3,eaf2db881fde94223cb72ab5bbbe139681e75a500578d8e046df879b3a3bb59b,-65,,3,64,,3
15:17:51,26.0,3,eaf2db881fde94223cb72ab5bbbe139681e75a500578d8e046df879b3a3bb59b,-67,,3,64,,3
15:17:52,26.0,3,eaf2db881fde94223cb72ab5bbbe139681e75a500578d8e046df879b3a3bb59b,-79,,3,64,,3
15:17:53,,3,d03a542e61481e8c604aee69f9ca0eb5e9b084a07bcca30fe45b48a9b8ea0379,-85,,3,64,,3
15:17:53,,3,6f51f60bfa6a3bc542ca616f23d471812abf35eaf9cc216aff0bff4d8227a623,-80,,3,64,,3
15:17:54,26.0,3,3377c94a476c426312620dd510287538dc9d97f6c23f15cbc14376b36c45b84e,-67,,3,64,7.0,3
15:17:55,26.0,3,4755de6f950c6a330f416e209e3fb2a86085982de43bd49405ac65bbeae7ec35,-78,,3,64,12.0,3
15:17:56,26.0,3,377afdc2f976f1f666c576702538b75cbe999282fd1071439a3ea0a49f4a49eb,-92,,3,64,8.0,3
15:17:57,26.0,3,11a32e987af6da79f3ee5069a1188441537dbcb78e289a36fdaaae284f747ec6,-89,,3,64,,3
15:17:57,26.0,3,eaf2db881fde94223cb72ab5bbbe139681e75a500578d8e046df879b3a3bb59b,-70,,3,64,,3
15:17:58,26.0,3,849c51998625d34299d7df32040683430a8fb88aa8d1f13c2234fc5c4bcbf7c6,-73,,3,64,12.0,3
15:17:59,,3,cef95589de0c0ddfa2bab357e72e08f8327c522654edc6ced1802cd34ce30bf6,-83,,3,64,,3
15:18:00,26.0,3,4755de6f950c6a330f416e209e3fb2a86085982de43bd49405ac65bbeae7ec35,-82,,3,64,12.0,3
15:18:01,26.0,3,e49439dbc09904846b27c8534673dab08b423ff09dc440f44c782c976be6c8ae,-83,,3,64,12.0,3
15:18:01,26.0,3,fa26453016d8b172cf28f6d4dc3ae78845c1e363f06178386e6fa5e3459d0e48,-82,,3,64,8.0,3
15:18:02,26.0,3,eaf2db881fde94223cb72ab5bbbe139681e75a500578d8e046df879b3a3bb59b,-72,,3,64,,3
15:18:03,26.0,3,849c51998625d34299d7df32040683430a8fb88aa8d1f13c2234fc5c4bcbf7c6,-82,,3,64,12.0,3
15:18:04,26.0,3,6431ede429f3675685bd1876bc8d3c416dcb185e2cfae377db43bbd9cdd652f0,-86,,3,64,7.0,3
15:18:05,26.0,3,e49439dbc09904846b27c8534673dab08b423ff09dc440f44c782c976be6c8ae,-85,,3,64,12.0,3
15:18:06,26.0,3,ea2b5e780eb526821481d9758b9c62ced9df33b77290abb97b655fcaff0dd6dc,-81,,3,64,6.0,3
15:18:06,,3,92bbd73ae296ff89f12ac9ae3f5d49f9382d199435391bb7894d08fe8c94abac,-74,,3,64,,3
15:18:07,26.0,3,e49439dbc09904846b27c8534673dab08b423ff09dc440f44c782c976be6c8ae,-84,,3,64,12.0,3
15:18:08,26.0,3,ea2b5e780eb526821481d9758b9c62ced9df33b77290abb97b655fcaff0dd6dc,-89,,3,64,6.0,3
15:18:09,,3,b0dbdda1fa821ded1288a669390c9879d8b43231c7ede8016dadb8eee5e1b36f,-69,,3,64,,3
15:18:10,26.0,3,4878e30008b93396487168d9b5b81de0e569ecc6de7807e2be65be12116853be,-70,Tb80,3,64,,3
15:18:10,26.0,3,4878e30008b93396487168d9b5b81de0e569ecc6de7807e2be65be12116853be,-71,Tb80,3,64,,3
15:18:11,26.0,3,11a32e987af6da79f3ee5069a1188441537dbcb78e289a36fdaaae284f747ec6,-81,,3,64,,3
15:18:12,26.0,3,580396b2bd635fbe779486a750ac4fe4eb69095573fc248b6abd8c4b6701f334,-71,,3,64,7.0,3
15:18:13,26.0,3,eaf2db881fde94223cb72ab5bbbe139681e75a500578d8e046df879b3a3bb59b,-73,,3,64,,3
15:18:14,,3,92bbd73ae296ff89f12ac9ae3f5d49f9382d199435391bb7894d08fe8c94abac,-76,,3,64,,3
15:18:14,,3,556e667dfb389bc68586a40ba56c0bbe04d636a3d7a5105e7006848e7f684b8d,-72,,3,64,,3
15:18:15,26.0,3,4878e30008b93396487168d9b5b81de0e569ecc6de7807e2be65be12116853be,-80,Tb80,3,64,,3
15:18:16,26.0,3,11a32e987af6da79f3ee5069a1188441537dbcb78e289a36fdaaae284f747ec6,-88,,3,64,,3
15:18:17,,3,7a4e2456d86e23490d05adc8449d329c3015441431b1a447fc4b18ab3ad20c60,-80,,3,64,,3
15:18:18,26.0,3,310ee9a00733fe5fe1f9351d2848e2dcd8f12e694a2b352a30dd2977f00ea81d,-56,,3,64,12.0,3
15:18:18,26.0,3,11a32e987af6da79f3ee5069a1188441537dbcb78e289a36fdaaae284f747ec6,-87,,3,64,,3
15:18:19,26.0,3,3377c94a476c426312620dd510287538dc9d97f6c23f15cbc14376b36c45b84e,-67,,3,64,7.0,3
15:18:20,26.0,3,5b6aa2c6d19479034a3a6e3bae268c036ca7f33b1b088ce85c5fbad9ff29a8b2,-34,,3,64,12.0,3
15:18:21,26.0,3,5b6aa2c6d19479034a3a6e3bae268c036ca7f33b1b088ce85c5fbad9ff29a8b2,-38,,3,64,12.0,3
15:18:22,26.0,3,580396b2bd635fbe779486a750ac4fe4eb69095573fc248b6abd8c4b6701f334,-74,,3,64,7.0,3
15:18:22,26.0,3,849c51998625d34299d7df32040683430a8fb88aa8d1f13c2234fc5c4bcbf7c6,-76,,3,64,12.0,3
15:18:23,26.0,3,0c61e292b136363dd20360f64899ef07c2170aefbf3373d70314927a7a2909b8,-81,,3,64,12.0,3
15:18:24,26.0,3,e49439dbc09904846b27c8534673dab08b423ff09dc440f44c782c976be6c8ae,-81,,3,64,12.0,3
15:18:25,26.0,3,e49439dbc09904846b27c8534673dab08b423ff09dc440f44c782c976be6c8ae,-71,,3,64,12.0,3
15:18:26,26.0,3,11a32e987af6da79f3ee5069a1188441537dbcb78e289a36fdaaae284f747ec6,-90,,3,64,,3
15:18:26,26.0,3,6431ede429f3675685bd1876bc8d3c416dcb185e2cfae377db43bbd9cdd652f0,-85,,3,64,7.0,3
15:18:27,26.0,3,eaf2db881fde94223cb72ab5bbbe139681e75a500578d8e046df879b3a3bb59b,-77,,3,64,,3
15:18:28,26.0,3,b6ffe4c4d876eebe52b8a7232d06ef337ed9b22bb957e72673df4e2d4cba14e9,-87,,3,64,8.0,3
15:18:29,26.0,3,3377c94a476c426312620dd510287538dc9d97f6c23f15cbc14376b36c45b84e,-67,,3,64,7.0,3
15:18:30,26.0,3,eaf2db881fde94223cb72ab5bbbe139681e75a500578d8e046df879b3a3bb59b,-75,,3,64,,3
15:18:30,26.0,3,0c61e292b136363dd20360f64899ef07c2170aefbf3373d70314927a7a2909b8,-83,,3,64,12.0,3
15:18:31,,3,92bbd73ae296ff89f12ac9ae3f5d49f9382d199435391bb7894d08fe8c94abac,-80,,3,64,,3
15:18:32,26.0,3,580396b2bd635fbe779486a750ac4fe4eb69095573fc248b6abd8c4b6701f334,-78,,3,64,7.0,3
15:18:33,26.0,3,580396b2bd635fbe779486a750ac4fe4eb69095573fc248b6abd8c4b6701f334,-75,,3,64,7.0,3
15:18:34,26.0,3,580396b2bd635fbe779486a750ac4fe4eb69095573fc248b6abd8c4b6701f334,-79,,3,64,7.0,3
15:18:35,26.0,3,eaf2db881fde94223cb72ab5bbbe139681e75a500578d8e046df879b3a3bb59b,-71,,3,64,,3
15:18:35,,3,eb95fa3e917653bd0a1822dc7049f7716ea16578412bb656e68415aa19c3d70e,-79,,3,64,,3
15:18:36,26.0,3,ea2b5e780eb526821481d9758b9c62ced9df33b77290abb97b655fcaff0dd6dc,-82,,3,64,6.0,3
15:18:37,26.0,3,b6ffe4c4d876eebe52b8a7232d06ef337ed9b22bb957e72673df4e2d4cba14e9,-80,,3,64,8.0,3
15:18:38,,3,b9fc895c0f7318d8d1a0b85897462422281497eb388628e124a181efdc28c22c,-77,,3,64,,3
15:18:38,26.0,3,3377c94a476c426312620dd510287538dc9d97f6c23f15cbc14376b36c45b84e,-74,,3,64,7.0,3
15:18:39,26.0,3,4878e30008b93396487168d9b5b81de0e569ecc6de7807e2be65be12116853be,-80,Tb80,3,64,,3
15:18:40,26.0,3,5b6aa2c6d19479034a3a6e3bae268c036ca7f33b1b088ce85c5fbad9ff29a8b2,-53,,3,64,12.0,3
15:18:41,26.0,3,fa26453016d8b172cf28f6d4dc3ae78845c1e363f06178386e6fa5e3459d0e48,-89,,3,64,8.0,3
15:18:42,26.0,3,5b6aa2c6d19479034a3a6e3bae268c036ca7f33b1b088ce85c5fbad9ff29a8b2,-57,,3,64,12.0,3
15:18:43,2.0,3,f582e4cc9fb7f94eccdedba7bb19dafdfee3aae88a0e7179bdbd84f4da05dff0,-92,,3,64,,3
15:18:43,26.0,3,ccfaf3ea31ad25f00a4f24a667a5b5e283079276678cf635ad36ee7bd93b3347,-89,,3,64,8.0,3
15:18:44,26.0,3,e49439dbc09904846b27c8534673dab08b423ff09dc440f44c782c976be6c8ae,-79,,3,64,12.0,3
15:18:45,26.0,3,4878e30008b93396487168d9b5b81de0e569ecc6de7807e2be65be12116853be,-76,Tb80,3,64,,3
15:18:46,26.0,3,4755de6f950c6a330f416e209e3fb2a86085982de43bd49405ac65bbeae7ec35,-81,,3,64,12.0,3
15:18:47,26.0,3,e49439dbc09904846b27c8534673dab08b423ff09dc440f44c782c976be6c8ae,-76,,3,64,12.0,3
15:18:47,26.0,3,580396b2bd635fbe779486a750ac4fe4eb69095573fc248b6abd8c4b6701f334,-79,,3,64,7.0,3
15:18:48,,3,3ddccfb2f18c0d4e635a8b94e99cd2639f7ffdf5e969a0ab2fb9349cae2ca537,-52,,3,64,,3
15:18:49,26.0,3,4878e30008b93396487168d9b5b81de0e569ecc6de7807e2be65be12116853be,-73,Tb80,3,64,,3
15:18:50,26.0,3,3377c94a476c426312620dd510287538dc9d97f6c23f15cbc14376b36c45b84e,-69,,3,64,7.0,3
15:18:51,26.0,3,eaf2db881fde94223cb72ab5bbbe139681e75a500578d8e046df879b3a3bb59b,-77,,3,64,,3
15:18:51,26.0,3,fa26453016d8b172cf28f6d4dc3ae78845c1e363f06178386e6fa5e3459d0e48,-74,,3,64,8.0,3
15:18:52,,3,3ddccfb2f18c0d4e635a8b94e99cd2639f7ffdf5e969a0ab2fb9349cae2ca537,-52,,3,64,,3
15:18:53,26.0,3,11a32e987af6da79f3ee5069a1188441537dbcb78e289a36fdaaae284f747ec6,-85,,3,64,,3
15:18:54,26.0,3,4878e30008b93396487168d9b5b81de0e569ecc6de7807e2be65be12116853be,-82,Tb80,3,64,,3
15:18:55,26.0,3,11a32e987af6da79f3ee5069a1188441537dbcb78e289a36fdaaae284f747ec6,-90,,3,64,,3
15:18:55,,3,ffd5b79c2c54e02ae60b21ec671b022459f8e936b1b7fceef64b2900bc4024f6,-76,,3,64,,3
15:18:56,,3,556e667dfb389bc68586a40ba56c0bbe04d636a3d7a5105e7006848e7f684b8d,-71,,3,64,,3
15:18:57,26.0,3,849c51998625d34299d7df32040683430a8fb88aa8d1f13c2234fc5c4bcbf7c6,-87,,3,64,12.0,3
15:18:58,26.0,3,eaf2db881fde94223cb72ab5bbbe139681e75a500578d8e046df879b3a3bb59b,-71,,3,64,,3
15:18:59,,3,d03a542e61481e8c604aee69f9ca0eb5e9b084a07bcca30fe45b48a9b8ea0379,-81,,3,64,,3
15:18:59,26.0,3,a2fd4f8c632f2c235f1a573226a91b920a68c09dfa50fbb00d2b1b0f50e15e82,-75,,3,64,12.0,3
15:19:00,,3,9c90d60cb5421ba1953a644781d4d97734857c0f9f77785ffd35843a8595fe22,-55,,3,64,,3
15:19:01,26.0,3,eaf2db881fde94223cb72ab5bbbe139681e75a500578d8e046df879b3a3bb59b,-81,,3,64,,3
15:19:02,26.0,3,eaf2db881fde94223cb72ab5bbbe139681e75a500578d8e046df879b3a3bb59b,-83,,3,64,,3
15:19:03,26.0,3,0c61e292b136363dd20360f64899ef07c2170aefbf3373d70314927a7a2909b8,-82,,3,64,12.0,3
15:19:03,26.0,3,4878e30008b93396487168d9b5b81de0e569ecc6de7807e2be65be12116853be,-71,Tb80,3,64,,3
15:19:04,26.0,3,310ee9a00733fe5fe1f9351d2848e2dcd8f12e694a2b352a30dd2977f00ea81d,-56,,3,64,12.0,3
15:19:05,26.0,3,5b6aa2c6d19479034a3a6e3bae268c036ca7f33b1b088ce85c5fbad9ff29a8b2,-47,,3,64,12.0,3
15:19:06,26.0,3,4755de6f950c6a330f416e209e3fb2a86085982de43bd49405ac65bbeae7ec35,-75,,3,64,12.0,3
15:19:07,26.0,3,4755de6f950c6a330f416e209e3fb2a86085982de43bd49405ac65bbeae7ec35,-82,,3,64,12.0,3
15:19:08,26.0,3,5b6aa2c6d19479034a3a6e3bae268c036ca7f33b1b088ce85c5fbad9ff29a8b2,-54,,3,64,12.0,3
15:19:08,26.0,3,4755de6f950c6a330f416e209e3fb2a86085982de43bd49405ac65bbeae7ec35,-81,,3,64,12.0,3
15:19:09,26.0,3,4755de6f950c6a330f416e209e3fb2a86085982de43bd49405ac65bbeae7ec35,-71,,3,64,12.0,3
15:19:10,26.0,3,e49439dbc09904846b27c8534673dab08b423ff09dc440f44c782c976be6c8ae,-81,,3,64,12.0,3
15:19:11,26.0,3,3377c94a476c426312620dd510287538dc9d97f6c23f15cbc14376b36c45b84e,-71,,3,64,7.0,3
15:19:12,26.0,3,b6ffe4c4d876eebe52b8a7232d06ef337ed9b22bb957e72673df4e2d4cba14e9,-82,,3,64,8.0,3
15:19:12,26.0,3,406d0003c26051385ab85ea583d2ba6e0bb714f801f6bf5152b3f9010b4f3a5f,-85,,3,64,8.0,3
15:19:13,26.0,3,fa26453016d8b172cf28f6d4dc3ae78845c1e363f06178386e6fa5e3459d0e48,-71,,3,64,8.0,3
15:19:14,26.0,3,eaf2db881fde94223cb72ab5bbbe139681e75a500578d8e046df879b3a3bb59b,-71,,3,64,,3
15:19:15,,3,d03a542e61481e8c604aee69f9ca0eb5e9b084a07bcca30fe45b48a9b8ea0379,-80,,3,64,,3
15:19:16,,3,92bbd73ae296ff89f12ac9ae3f5d49f9382d199435391bb7894d08fe8c94abac,-76,,3,64,,3
15:19:16,26.0,3,154dff84bd8ab79d38f72915e37018de1d03488ca1f855737658d94bfd3309ba,-84,,3,64,12.0,3
15:19:17,,3,b5351962f2a1003490d6b9229c4d0938f073303332c40ce479164ed2d0d62b5e,-76,,3,64,,3
15:19:18,,3,27032480200a77f1337541bb96e049f3daa41c4768883586a4d6ed1c344b63c4,-73,,3,64,,3
15:19:19,26.0,3,4878e30008b93396487168d9b5b81de0e569ecc6de7807e2be65be12116853be,-71,Tb80,3,64,,3
15:19:20,26.0,3,b6ffe4c4d876eebe52b8a7232d06ef337ed9b22bb957e72673df4e2d4cba14e9,-73,,3,64,8.0,3
15:19:20,26.0,3,580396b2bd635fbe779486a750ac4fe4eb69095573fc248b6abd8c4b6701f334,-69,,3,64,7.0,3
15:19:21,26.0,3,3377c94a476c426312620dd510287538dc9d97f6c23f15cbc14376b36c45b84e,-71,,3,64,7.0,3
15:19:22,26.0,3,b6ffe4c4d876eebe52b8a7232d06ef337ed9b22bb957e72673df4e2d4cba14e9,-77,,3,64,8.0,3
15:19:23,,3,d03a542e61481e8c604aee69f9ca0eb5e9b084a07bcca30fe45b48a9b8ea0379,-89,,3,64,,3
15:19:24,26.0,3,3377c94a476c426312620dd510287538dc9d97f6c23f15cbc14376b36c45b84e,-66,,3,64,7.0,3
15:19:24,26.0,3,4878e30008b93396487168d9b5b81de0e569ecc6de7807e2be65be12116853be,-77,Tb80,3,64,,3
15:19:25,26.0,3,a2fd4f8c632f2c235f1a573226a91b920a68c09dfa50fbb00d2b1b0f50e15e82,-75,,3,64,12.0,3
15:19:26,,3,92bbd73ae296ff89f12ac9ae3f5d49f9382d199435391bb7894d08fe8c94abac,-73,,3,64,,3
15:19:27,26.0,3,4755de6f950c6a330f416e209e3fb2a86085982de43bd49405ac65bbeae7ec35,-72,,3,64,12.0,3
15:19:28,26.0,3,310ee9a00733fe5fe1f9351d2848e2dcd8f12e694a2b352a30dd2977f00ea81d,-69,,3,64,12.0,3
15:19:28,26.0,3,5b6aa2c6d19479034a3a6e3bae268c036ca7f33b1b088ce85c5fbad9ff29a8b2,-47,,3,64,12.0,3
15:19:29,26.0,3,4755de6f950c6a330f416e209e3fb2a86085982de43bd49405ac65bbeae7ec35,-78,,3,64,12.0,3
15:19:30,2.0,3,f582e4cc9fb7f94eccdedba7bb19dafdfee3aae88a0e7179bdbd84f4da05dff0,-92,,3,64,,3
15:19:31,26.0,3,e49439dbc09904846b27c8534673dab08b423ff09dc440f44c782c976be6c8ae,-84,,3,64,12.0,3
15:19:32,26.0,3,e49439dbc09904846b27c8534673dab08b423ff09dc440f44c782c976be6c8ae,-77,,3,64,12.0,3
15:19:32,26.0,3,406d0003c26051385ab85ea583d2ba6e0bb714f801f6bf5152b3f9010b4f3a5f,-83,,3,64,8.0,3
15:19:33,26.0,3,154dff84bd8ab79d38f72915e37018de1d03488ca1f855737658d94bfd3309ba,-79,,3,64,12.0,3
15:19:34,26.0,3,4878e30008b93396487168d9b5b81de0e569ecc6de7807e2be65be12116853be,-76,Tb80,3,64,,3
15:19:35,26.0,3,bef55b8aa007973d18424880bed11a6dcf8993f88513f384bbe4e9684a796959,-55,,3,64,8.0,3
15:19:36,26.0,3,fa26453016d8b172cf28f6d4dc3ae78845c1e363f06178386e6fa5e3459d0e48,-87,,3,64,8.0,3
15:19:37,26.0,3,bef55b8aa007973d18424880bed11a6dcf8993f88513f384bbe4e9684a796959,-57,,3,64,8.0,3
15:19:37,26.0,3,bef55b8aa007973d18424880bed11a6dcf8993f88513f384bbe4e9684a796959,-65,,3,64,8.0,3
15:19:38,26.0,3,3ff376255085fc2c589525c2683b904b3827fc9ad7232364659bcb5be823abb7,-72,,3,64,7.0,3
15:19:39,26.0,3,849c51998625d34299d7df32040683430a8fb88aa8d1f13c2234fc5c4bcbf7c6,-77,,3,64,12.0,3
15:19:40,26.0,3,4878e30008b93396487168d9b5b81de0e569ecc6de7807e2be65be12116853be,-74,Tb80,3,64,,3
15:19:41,,3,92bbd73ae296ff89f12ac9ae3f5d49f9382d199435391bb7894d08fe8c94abac,-84,,3,64,,3
15:19:41,26.0,3,849c51998625d34299d7df32040683430a8fb88aa8d1f13c2234fc5c4bcbf7c6,-79,,3,64,12.0,3
15:19:42,,3,c44fd7ea6e95109e9b64315be601d79a7b1fedac565102ae27777e9a5d112b54,-90,,3,64,,3
15:19:43,,3,92bbd73ae296ff89f12ac9ae3f5d49f9382d199435391bb7894d08fe8c94abac,-82,,3,64,,3
15:19:44,26.0,3,eaf2db881fde94223cb72ab5bbbe139681e75a500578d8e046df879b3a3bb59b,-72,,3,64,,3
15:19:45,,3,b0dbdda1fa821ded1288a669390c9879d8b43231c7ede8016dadb8eee5e1b36f,-62,,3,64,,3
15:19:45,26.0,3,eaf2db881fde94223cb72ab5bbbe139681e75a500578d8e046df879b3a3bb59b,-73,,3,64,,3
15:19:46,,3,3ddccfb2f18c0d4e635a8b94e99cd2639f7ffdf5e969a0ab2fb9349cae2ca537,-46,,3,64,,3
15:19:47,,3,92bbd73ae296ff89f12ac9ae3f5d49f9382d199435391bb7894d08fe8c94abac,-74,,3,64,,3
15:19:48,26.0,3,a2fd4f8c632f2c235f1a573226a91b920a68c09dfa50fbb00d2b1b0f50e15e82,-92,,3,64,12.0,3
15:19:49,,3,b0dbdda1fa821ded1288a669390c9879d8b43231c7ede8016dadb8eee5e1b36f,-61,,3,64,,3
15:19:49,26.0,3,a99585e696ff55a7aaec812bd34dd6b0f82b2bb71c753f946d04b912bee129e5,-91,,3,64,8.0,3
15:19:50,,3,92bbd73ae296ff89f12ac9ae3f5d49f9382d199435391bb7894d08fe8c94abac,-73,,3,64,,3
15:19:51,26.0,3,5b6aa2c6d19479034a3a6e3bae268c036ca7f33b1b088ce85c5fbad9ff29a8b2,-41,,3,64,12.0,3
15:19:52,26.0,3,fa26453016d8b172cf28f6d4dc3ae78845c1e363f06178386e6fa5e3459d0e48,-71,,3,64,8.0,3
15:19:53,26.0,3,eaf2db881fde94223cb72ab5bbbe139681e75a500578d8e046df879b3a3bb59b,-71,,3,64,,3
15:19:53,26.0,3,4755de6f950c6a330f416e209e3fb2a86085982de43bd49405ac65bbeae7ec35,-81,,3,64,12.0,3
15:19:54,,3,3ddccfb2f18c0d4e635a8b94e99cd2639f7ffdf5e969a0ab2fb9349cae2ca537,-48,,3,64,,3
15:19:55,26.0,3,849c51998625d34299d7df32040683430a8fb88aa8d1f13c2234fc5c4bcbf7c6,-76,,3,64,12.0,3
15:19:56,26.0,3,ea2b5e780eb526821481d9758b9c62ced9df33b77290abb97b655fcaff0dd6dc,-90,,3,64,6.0,3
15:19:57,26.0,3,bef55b8aa007973d18424880bed11a6dcf8993f88513f384bbe4e9684a796959,-57,,3,64,8.0,3
15:19:58,26.0,3,154dff84bd8ab79d38f72915e37018de1d03488ca1f855737658d94bfd3309ba,-90,,3,64,12.0,3
15:19:58,,3,3ddccfb2f18c0d4e635a8b94e99cd2639f7ffdf5e969a0ab2fb9349cae2ca537,-37,,3,64,,3
15:19:59,26.0,3,ea2b5e780eb526821481d9758b9c62ced9df33b77290abb97b655fcaff0dd6dc,-87,,3,64,6.0,3
15:20:00,,3,72d0c9595d1456ff50d9d802cc2d6e8fe5be5818fbd22725d4d3b3f86bbdbc4a,-84,,3,64,,3
15:20:01,26.0,3,eaf2db881fde94223cb72ab5bbbe139681e75a500578d8e046df879b3a3bb59b,-72,,3,64,,3
15:20:02,26.0,3,3ff376255085fc2c589525c2683b904b3827fc9ad7232364659bcb5be823abb7,-66,,3,64,7.0,3
15:20:02,26.0,3,fa26453016d8b172cf28f6d4dc3ae78845c1e363f06178386e6fa5e3459d0e48,-82,,3,64,8.0,3
15:20:03,26.0,3,6431ede429f3675685bd1876bc8d3c416dcb185e2cfae377db43bbd9cdd652f0,-90,,3,64,7.0,3
15:20:04,26.0,3,b6ffe4c4d876eebe52b8a7232d06ef337ed9b22bb957e72673df4e2d4cba14e9,-80,,3,64,8.0,3
15:20:05,2.0,3,f582e4cc9fb7f94eccdedba7bb19dafdfee3aae88a0e7179bdbd84f4da05dff0,-90,,3,64,,3
15:20:06,26.0,3,4878e30008b93396487168d9b5b81de0e569ecc6de7807e2be65be12116853be,-76,Tb80,3,64,,3
15:20:06,26.0,3,3377c94a476c426312620dd510287538dc9d97f6c23f15cbc14376b36c45b84e,-77,,3,64,7.0,3
15:20:07,,3,92bbd73ae296ff89f12ac9ae3f5d49f9382d199435391bb7894d08fe8c94abac,-74,,3,64,,3
15:20:08,26.0,3,3377c94a476c426312620dd510287538dc9d97f6c23f15cbc14376b36c45b84e,-73,,3,64,7.0,3
15:20:09,26.0,3,e49439dbc09904846b27c8534673dab08b423ff09dc440f44c782c976be6c8ae,-79,,3,64,12.0,3
15:20:10,26.0,3,bef55b8aa007973d18424880bed11a6dcf8993f88513f384bbe4e9684a796959,-57,,3,64,8.0,3
15:20:10,26.0,3,4878e30008b93396487168d9b5b81de0e569ecc6de7807e2be65be12116853be,-79,Tb80,3,64,,3
15:20:11,,3,92bbd73ae296ff89f12ac9ae3f5d49f9382d199435391bb7894d08fe8c94abac,-76,,3,64,,3
15:20:12,26.0,3,eaf2db881fde94223cb72ab5bbbe139681e75a500578d8e046df879b3a3bb59b,-70,,3,64,,3
15:20:13,26.0,3,a99585e696ff55a7aaec812bd34dd6b0f82b2bb71c753f946d04b912bee129e5,-88,,3,64,8.0,3
15:20:14,26.0,3,a99585e696ff55a7aaec812bd34dd6b0f82b2bb71c753f946d04b912bee129e5,-85,,3,64,8.0,3
15:20:14,26.0,3,5b6aa2c6d19479034a3a6e3bae268c036ca7f33b1b088ce85c5fbad9ff29a8b2,-47,,3,64,12.0,3
15:20:15,26.0,3,4755de6f950c6a330f416e209e3fb2a86085982de43bd49405ac65bbeae7ec35,-88,,3,64,12.0,3
15:20:16,26.0,3,154dff84bd8ab79d38f72915e37018de1d03488ca1f855737658d94bfd3309ba,-84,,3,64,12.0,3
15:20:17,26.0,3,3377c94a476c426312620dd510287538dc9d97f6c23f15cbc14376b36c45b84e,-61,,3,64,7.0,3
15:20:18,26.0,3,aff127275aa906db59b4f23b813da269df088047ef5a361ef09ed28da1607d5e,-88,,3,64,12.0,3
15:20:18,26.0,3,154dff84bd8ab79d38f72915e37018de1d03488ca1f855737658d94bfd3309ba,-78,,3,64,12.0,3
15:20:19,26.0,3,bef55b8aa007973d18424880bed11a6dcf8993f88513f384bbe4e9684a796959,-58,,3,64,8.0,3
15:20:20,26.0,3,5b6aa2c6d19479034a3a6e3bae268c036ca7f33b1b088ce85c5fbad9ff29a8b2,-39,,3,64,12.0,3
15:20:21,26.0,3,5e29c7a879f0fe752d042cbf5aaa9dcba6eb0397c4a027a049c9582f55b8e197,-91,,3,64,,3
15:20:22,26.0,3,eaf2db881fde94223cb72ab5bbbe139681e75a500578d8e046df879b3a3bb59b,-76,,3,64,,3
15:20:22,,3,92bbd73ae296ff89f12ac9ae3f5d49f9382d199435391bb7894d08fe8c94abac,-76,,3,64,,3
15:20:23,26.0,3,ccfaf3ea31ad25f00a4f24a667a5b5e283079276678cf635ad36ee7bd93b3347,-82,,3,64,8.0,3
15:20:24,26.0,3,6431ede429f3675685bd1876bc8d3c416dcb185e2cfae377db43bbd9cdd652f0,-90,,3,64,7.0,3
15:20:25,26.0,3,5e29c7a879f0fe752d042cbf5aaa9dcba6eb0397c4a027a049c9582f55b8e197,-84,,3,64,,3
15:20:26,26.0,3,fa26453016d8b172cf28f6d4dc3ae78845c1e363f06178386e6fa5e3459d0e48,-79,,3,64,8.0,3
15:20:26,26.0,3,5e29c7a879f0fe752d042cbf5aaa9dcba6eb0397c4a027a049c9582f55b8e197,-92,,3,64,,3
15:20:27,26.0,3,e49439dbc09904846b27c8534673dab08b423ff09dc440f44c782c976be6c8ae,-91,,3,64,12.0,3
15:20:28,,3,2fb4915630a361b4547170316a1a1f2998867e1770560c41921a1f36cf18a255,-82,,3,64,,3
15:20:29,26.0,3,eaf2db881fde94223cb72ab5bbbe139681e75a500578d8e046df879b3a3bb59b,-75,,3,64,,3
15:20:30,26.0,3,bef55b8aa007973d18424880bed11a6dcf8993f88513f384bbe4e9684a796959,-58,,3,64,8.0,3
15:20:30,26.0,3,bef55b8aa007973d18424880bed11a6dcf8993f88513f384bbe4e9684a796959,-56,,3,64,8.0,3
15:20:31,26.0,3,310ee9a00733fe5fe1f9351d2848e2dcd8f12e694a2b352a30dd2977f00ea81d,-57,,3,64,12.0,3
15:20:32,26.0,3,eaf2db881fde94223cb72ab5bbbe139681e75a500578d8e046df879b3a3bb59b,-71,,3,64,,3
15:20:33,,3,a154bb6762cb64403ae6f24a733053e9b3c6f5323ad16834b24b86be99d45a4b,-79,,3,64,,3
15:20:34,,3,92bbd73ae296ff89f12ac9ae3f5d49f9382d199435391bb7894d08fe8c94abac,-82,,3,64,,3
15:20:35,26.0,3,c525959acdd40c6d779edff8796d94a73a43b27093254211f9463de1ffe68f09,-74,,3,64,,3
15:20:35,26.0,3,c525959acdd40c6d779edff8796d94a73a43b27093254211f9463de1ffe68f09,-73,,3,64,,3
15:20:36,26.0,3,c525959acdd40c6d779edff8796d94a73a43b27093254211f9463de1ffe68f09,-74,,3,64,,3
15:20:37,26.0,3,eaf2db881fde94223cb72ab5bbbe139681e75a500578d8e046df879b3a3bb59b,-73,,3,64,,3
15:20:38,26.0,3,c525959acdd40c6d779edff8796d94a73a43b27093254211f9463de1ffe68f09,-72,,3,64,,3
15:20:39,26.0,3,c525959acdd40c6d779edff8796d94a73a43b27093254211f9463de1ffe68f09,-69,,3,64,,3
15:20:39,,3,92bbd73ae296ff89f12ac9ae3f5d49f9382d199435391bb7894d08fe8c94abac,-76,,3,64,,3
15:20:40,26.0,3,c525959acdd40c6d779edff8796d94a73a43b27093254211f9463de1ffe68f09,-72,,3,64,,3
15:20:41,26.0,3,a2fd4f8c632f2c235f1a573226a91b920a68c09dfa50fbb00d2b1b0f50e15e82,-84,,3,64,12.0,3
15:20:42,,3,92bbd73ae296ff89f12ac9ae3f5d49f9382d199435391bb7894d08fe8c94abac,-77,,3,64,,3
15:20:43,26.0,3,ccfaf3ea31ad25f00a4f24a667a5b5e283079276678cf635ad36ee7bd93b3347,-83,,3,64,8.0,3
15:20:43,26.0,3,eaf2db881fde94223cb72ab5bbbe139681e75a500578d8e046df879b3a3bb59b,-74,,3,64,,3
15:20:44,26.0,3,ea2b5e780eb526821481d9758b9c62ced9df33b77290abb97b655fcaff0dd6dc,-90,,3,64,6.0,3
15:20:45,,3,ffd5b79c2c54e02ae60b21ec671b022459f8e936b1b7fceef64b2900bc4024f6,-72,,3,64,,3
15:20:46,26.0,3,4755de6f950c6a330f416e209e3fb2a86085982de43bd49405ac65bbeae7ec35,-85,,3,64,12.0,3
15:20:47,26.0,3,4878e30008b93396487168d9b5b81de0e569ecc6de7807e2be65be12116853be,-73,Tb80,3,64,,3
15:20:47,,3,92bbd73ae296ff89f12ac9ae3f5d49f9382d199435391bb7894d08fe8c94abac,-83,,3,64,,3
15:20:48,,3,c44fd7ea6e95109e9b64315be601d79a7b1fedac565102ae27777e9a5d112b54,-88,,3,64,,3
15:20:49,26.0,3,aff127275aa906db59b4f23b813da269df088047ef5a361ef09ed28da1607d5e,-91,,3,64,12.0,3
15:20:50,26.0,3,074f76caaa9efbc217bd2030ae53c0246f4ad45cf032429462875d2400698103,-76,,3,64,8.0,3
15:20:51,26.0,3,4878e30008b93396487168d9b5b81de0e569ecc6de7807e2be65be12116853be,-72,Tb80,3,64,,3
15:20:51,26.0,3,e49439dbc09904846b27c8534673dab08b423ff09dc440f44c782c976be6c8ae,-75,,3,64,12.0,3
15:20:52,26.0,3,bef55b8aa007973d18424880bed11a6dcf8993f88513f384bbe4e9684a796959,-63,,3,64,8.0,3
15:20:53,26.0,3,a99585e696ff55a7aaec812bd34dd6b0f82b2bb71c753f946d04b912bee129e5,-86,,3,64,8.0,3
15:20:54,26.0,3,406d0003c26051385ab85ea583d2ba6e0bb714f801f6bf5152b3f9010b4f3a5f,-84,,3,64,8.0,3
15:20:55,26.0,3,6431ede429f3675685bd1876bc8d3c416dcb185e2cfae377db43bbd9cdd652f0,-94,,3,64,7.0,3
15:20:55,26.0,3,849c51998625d34299d7df32040683430a8fb88aa8d1f13c2234fc5c4bcbf7c6,-77,,3,64,12.0,3
15:20:56,26.0,3,3ff376255085fc2c589525c2683b904b3827fc9ad7232364659bcb5be823abb7,-74,,3,64,7.0,3
15:20:57,26.0,3,4878e30008b93396487168d9b5b81de0e569ecc6de7807e2be65be12116853be,-84,Tb80,3,64,,3
15:20:58,26.0,3,3ff376255085fc2c589525c2683b904b3827fc9ad7232364659bcb5be823abb7,-75,,3,64,7.0,3
15:20:59,26.0,3,5a8555b21e311dfafd1d7ec1fe0484421025f6613c1179812cd624e4c77e505d,-88,,3,64,24.0,3
15:21:00,26.0,3,0c61e292b136363dd20360f64899ef07c2170aefbf3373d70314927a7a2909b8,-83,,3,64,12.0,3
15:21:00,26.0,3,3377c94a476c426312620dd510287538dc9d97f6c23f15cbc14376b36c45b84e,-78,,3,64,7.0,3
15:21:01,,3,8c19ac29593caec1a4638e40477264af85ecd5e93e14f6800bae3b05b3b3f9c5,-83,,3,64,,3
15:21:02,26.0,3,3377c94a476c426312620dd510287538dc9d97f6c23f15cbc14376b36c45b84e,-66,,3,64,7.0,3
15:21:03,26.0,3,a99585e696ff55a7aaec812bd34dd6b0f82b2bb71c753f946d04b912bee129e5,-87,,3,64,8.0,3
15:21:04,26.0,3,bef55b8aa007973d18424880bed11a6dcf8993f88513f384bbe4e9684a796959,-63,,3,64,8.0,3
15:21:04,,3,7a4e2456d86e23490d05adc8449d329c3015441431b1a447fc4b18ab3ad20c60,-78,,3,64,,3
15:21:05,,3,d03a542e61481e8c604aee69f9ca0eb5e9b084a07bcca30fe45b48a9b8ea0379,-82,,3,64,,3
15:21:06,26.0,3,4878e30008b93396487168d9b5b81de0e569ecc6de7807e2be65be12116853be,-75,Tb80,3,64,,3
15:21:07,26.0,3,4755de6f950c6a330f416e209e3fb2a86085982de43bd49405ac65bbeae7ec35,-77,,3,64,12.0,3
15:21:08,26.0,3,849c51998625d34299d7df32040683430a8fb88aa8d1f13c2234fc5c4bcbf7c6,-81,,3,64,12.0,3
15:21:08,,3,7a4e2456d86e23490d05adc8449d329c3015441431b1a447fc4b18ab3ad20c60,-72,,3,64,,3
15:21:09,26.0,3,310ee9a00733fe5fe1f9351d2848e2dcd8f12e694a2b352a30dd2977f00ea81d,-73,,3,64,12.0,3
15:21:10,,3,a2b30e71f459a86c04b15e80c35a1675a5f246e67c96d220d6b11e267019319f,-85,,3,64,,3
15:21:11,26.0,3,ccfaf3ea31ad25f00a4f24a667a5b5e283079276678cf635ad36ee7bd93b3347,-83,,3,64,8.0,3
15:21:12,26.0,3,0c61e292b136363dd20360f64899ef07c2170aefbf3373d70314927a7a2909b8,-85,,3,64,12.0,3
15:21:12,26.0,3,0c61e292b136363dd20360f64899ef07c2170aefbf3373d70314927a7a2909b8,-87,,3,64,12.0,3
15:21:13,26.0,3,4878e30008b93396487168d9b5b81de0e569ecc6de7807e2be65be12116853be,-78,Tb80,3,64,,3
15:21:14,26.0,3,154dff84bd8ab79d38f72915e37018de1d03488ca1f855737658d94bfd3309ba,-87,,3,64,12.0,3
15:21:15,26.0,3,6431ede429f3675685bd1876bc8d3c416dcb185e2cfae377db43bbd9cdd652f0,-89,,3,64,,3
15:21:16,26.0,3,4755de6f950c6a330f416e209e3fb2a86085982de43bd49405ac65bbeae7ec35,-73,,3,64,12.0,3
15:21:16,26.0,3,849c51998625d34299d7df32040683430a8fb88aa8d1f13c2234fc5c4bcbf7c6,-74,,3,64,12.0,3
15:21:17,26.0,3,6431ede429f3675685bd1876bc8d3c416dcb185e2cfae377db43bbd9cdd652f0,-87,,3,64,,3
15:21:18,,3,72d0c9595d1456ff50d9d802cc2d6e8fe5be5818fbd22725d4d3b3f86bbdbc4a,-86,,3,64,,3
15:21:19,26.0,3,bef55b8aa007973d18424880bed11a6dcf8993f88513f384bbe4e9684a796959,-64,,3,64,8.0,3
15:21:20,26.0,3,bef55b8aa007973d18424880bed11a6dcf8993f88513f384bbe4e9684a796959,-58,,3,64,8.0,3
15:21:20,26.0,3,4878e30008b93396487168d9b5b81de0e569ecc6de7807e2be65be12116853be,-73,Tb80,3,64,,3
15:21:21,26.0,3,fa26453016d8b172cf28f6d4dc3ae78845c1e363f06178386e6fa5e3459d0e48,-79,,3,64,8.0,3
15:21:22,26.0,3,310ee9a00733fe5fe1f9351d2848e2dcd8f12e694a2b352a30dd2977f00ea81d,-77,,3,64,12.0,3
15:21:23,26.0,3,849c51998625d34299d7df32040683430a8fb88aa8d1f13c2234fc5c4bcbf7c6,-79,,3,64,12.0,3
15:21:24,26.0,3,eaf2db881fde94223cb72ab5bbbe139681e75a500578d8e046df879b3a3bb59b,-76,,3,64,,3
15:21:24,26.0,3,5b6aa2c6d19479034a3a6e3bae268c036ca7f33b1b088ce85c5fbad9ff29a8b2,-57,,3,64,12.0,3
15:21:25,,3,92bbd73ae296ff89f12ac9ae3f5d49f9382d199435391bb7894d08fe8c94abac,-86,,3,64,,3
15:21:26,26.0,3,154dff84bd8ab79d38f72915e37018de1d03488ca1f855737658d94bfd3309ba,-84,,3,64,12.0,3
15:21:27,2.0,3,f582e4cc9fb7f94eccdedba7bb19dafdfee3aae88a0e7179bdbd84f4da05dff0,-93,,3,64,,3
15:21:28,26.0,3,bef55b8aa007973d18424880bed11a6dcf8993f88513f384bbe4e9684a796959,-58,,3,64,8.0,3
15:21:28,26.0,3,ea2b5e780eb526821481d9758b9c62ced9df33b77290abb97b655fcaff0dd6dc,-86,,3,64,6.0,3
15:21:29,26.0,3,154dff84bd8ab79d38f72915e37018de1d03488ca1f855737658d94bfd3309ba,-87,,3,64,12.0,3
15:21:30,26.0,3,406d0003c26051385ab85ea583d2ba6e0bb714f801f6bf5152b3f9010b4f3a5f,-86,,3,64,8.0,3
15:21:31,26.0,3,4878e30008b93396487168d9b5b81de0e569ecc6de7807e2be65be12116853be,-78,Tb80,3,64,,3
15:21:32,26.0,3,fa26453016d8b172cf28f6d4dc3ae78845c1e363f06178386e6fa5e3459d0e48,-72,,3,64,8.0,3
15:21:32,26.0,3,e49439dbc09904846b27c8534673dab08b423ff09dc440f44c782c976be6c8ae,-80,,3,64,12.0,3
15:21:33,26.0,3,3377c94a476c426312620dd510287538dc9d97f6c23f15cbc14376b36c45b84e,-64,,3,64,7.0,3
15:21:34,,3,a2b30e71f459a86c04b15e80c35a1675a5f246e67c96d220d6b11e267019319f,-80,,3,64,,3
15:21:35,26.0,3,6431ede429f3675685bd1876bc8d3c416dcb185e2cfae377db43bbd9cdd652f0,-93,,3,64,,3
15:21:36,26.0,3,ea2b5e780eb526821481d9758b9c62ced9df33b77290abb97b655fcaff0dd6dc,-87,,3,64,6.0,3
15:21:36,26.0,3,310ee9a00733fe5fe1f9351d2848e2dcd8f12e694a2b352a30dd2977f00ea81d,-84,,3,64,12.0,3
15:21:37,26.0,3,5a8555b21e311dfafd1d7ec1fe0484421025f6613c1179812cd624e4c77e505d,-93,,3,64,24.0,3
15:21:38,26.0,3,4755de6f950c6a330f416e209e3fb2a86085982de43bd49405ac65bbeae7ec35,-82,,3,64,12.0,3
15:21:39,26.0,3,fa26453016d8b172cf28f6d4dc3ae78845c1e363f06178386e6fa5e3459d0e48,-75,,3,64,8.0,3
15:21:40,26.0,3,4755de6f950c6a330f416e209e3fb2a86085982de43bd49405ac65bbeae7ec35,-80,,3,64,12.0,3
15:21:40,26.0,3,4878e30008b93396487168d9b5b81de0e569ecc6de7807e2be65be12116853be,-78,Tb80,3,64,,3
15:21:41,26.0,3,074f76caaa9efbc217bd2030ae53c0246f4ad45cf032429462875d2400698103,-77,,3,64,8.0,3
15:21:42,2.0,3,f582e4cc9fb7f94eccdedba7bb19dafdfee3aae88a0e7179bdbd84f4da05dff0,-89,,3,64,,3
15:21:43,26.0,3,eaf2db881fde94223cb72ab5bbbe139681e75a500578d8e046df879b3a3bb59b,-80,,3,64,,3
15:21:44,26.0,3,eaf2db881fde94223cb72ab5bbbe139681e75a500578d8e046df879b3a3bb59b,-82,,3,64,,3
15:21:44,26.0,3,eaf2db881fde94223cb72ab5bbbe139681e75a500578d8e046df879b3a3bb59b,-73,,3,64,,3
15:21:45,26.0,3,ea2b5e780eb526821481d9758b9c62ced9df33b77290abb97b655fcaff0dd6dc,-83,,3,64,6.0,3
15:21:46,26.0,3,849c51998625d34299d7df32040683430a8fb88aa8d1f13c2234fc5c4bcbf7c6,-78,,3,64,12.0,3
15:21:47,,3,92bbd73ae296ff89f12ac9ae3f5d49f9382d199435391bb7894d08fe8c94abac,-86,,3,64,,3
15:21:48,26.0,3,eaf2db881fde94223cb72ab5bbbe139681e75a500578d8e046df879b3a3bb59b,-75,,3,64,,3
15:21:48,26.0,3,4878e30008b93396487168d9b5b81de0e569ecc6de7807e2be65be12116853be,-73,Tb80,3,64,,3
15:21:49,26.0,3,e49439dbc09904846b27c8534673dab08b423ff09dc440f44c782c976be6c8ae,-74,,3,64,12.0,3
15:21:50,26.0,3,fa26453016d8b172cf28f6d4dc3ae78845c1e363f06178386e6fa5e3459d0e48,-88,,3,64,8.0,3
15:21:51,,3,92bbd73ae296ff89f12ac9ae3f5d49f9382d199435391bb7894d08fe8c94abac,-78,,3,64,,3
15:21:52,26.0,3,3377c94a476c426312620dd510287538dc9d97f6c23f15cbc14376b36c45b84e,-63,,3,64,7.0,3
15:21:52,26.0,3,849c51998625d34299d7df32040683430a8fb88aa8d1f13c2234fc5c4bcbf7c6,-79,,3,64,12.0,3
15:21:53,26.0,3,5b6aa2c6d19479034a3a6e3bae268c036ca7f33b1b088ce85c5fbad9ff29a8b2,-52,,3,64,12.0,3
15:21:54,26.0,3,5b6aa2c6d19479034a3a6e3bae268c036ca7f33b1b088ce85c5fbad9ff29a8b2,-35,,3,64,12.0,3
15:21:55,,3,b0dbdda1fa821ded1288a669390c9879d8b43231c7ede8016dadb8eee5e1b36f,-56,,3,64,,3
15:21:56,26.0,3,6431ede429f3675685bd1876bc8d3c416dcb185e2cfae377db43bbd9cdd652f0,-86,,3,64,,3
15:21:56,26.0,3,ea2b5e780eb526821481d9758b9c62ced9df33b77290abb97b655fcaff0dd6dc,-91,,3,64,6.0,3
15:21:57,26.0,3,406d0003c26051385ab85ea583d2ba6e0bb714f801f6bf5152b3f9010b4f3a5f,-93,,3,64,8.0,3
15:21:58,,3,d40c5e9b5be66349f9dae19fe67c745a1cf90a8b2f4eaad73013bde0cad8f76a,-81,,3,64,,3
15:21:59,,3,92bbd73ae296ff89f12ac9ae3f5d49f9382d199435391bb7894d08fe8c94abac,-88,,3,64,,3
15:22:00,26.0,3,3ff376255085fc2c589525c2683b904b3827fc9ad7232364659bcb5be823abb7,-71,,3,64,7.0,3
15:22:00,26.0,3,849c51998625d34299d7df32040683430a8fb88aa8d1f13c2234fc5c4bcbf7c6,-81,,3,64,12.0,3
15:22:01,26.0,3,2dff5768c49b0f58d21295596c730bd341582df0b735700f5823cf357fc901e0,-89,,3,64,8.0,3
15:22:02,26.0,3,6431ede429f3675685bd1876bc8d3c416dcb185e2cfae377db43bbd9cdd652f0,-86,,3,64,7.0,3
15:22:03,,3,27032480200a77f1337541bb96e049f3daa41c4768883586a4d6ed1c344b63c4,-81,,3,64,,3
15:22:04,,3,6c5d72840928d523fc69b19795aea414e8c3521d6b585f1ac63a8662e61278df,-93,,3,64,,3
15:22:04,26.0,3,fa26453016d8b172cf28f6d4dc3ae78845c1e363f06178386e6fa5e3459d0e48,-70,,3,64,8.0,3
15:22:05,26.0,3,849c51998625d34299d7df32040683430a8fb88aa8d1f13c2234fc5c4bcbf7c6,-74,,3,64,12.0,3
15:22:06,26.0,3,5b6aa2c6d19479034a3a6e3bae268c036ca7f33b1b088ce85c5fbad9ff29a8b2,-49,,3,64,12.0,3
15:22:07,26.0,3,4878e30008b93396487168d9b5b81de0e569ecc6de7807e2be65be12116853be,-80,Tb80,3,64,,3
15:22:08,26.0,3,5b6aa2c6d19479034a3a6e3bae268c036ca7f33b1b088ce85c5fbad9ff29a8b2,-49,,3,64,12.0,3
15:22:08,,3,7a4e2456d86e23490d05adc8449d329c3015441431b1a447fc4b18ab3ad20c60,-72,,3,64,,3
15:22:09,26.0,3,c8e76a76839b184f1946ea67729d8eecb359057b3844212c405aa677464b96a0,-88,,3,64,8.0,3
15:22:10,,3,92bbd73ae296ff89f12ac9ae3f5d49f9382d199435391bb7894d08fe8c94abac,-77,,3,64,,3
15:22:11,26.0,3,fa26453016d8b172cf28f6d4dc3ae78845c1e363f06178386e6fa5e3459d0e48,-76,,3,64,8.0,3
15:22:12,26.0,3,eaf2db881fde94223cb72ab5bbbe139681e75a500578d8e046df879b3a3bb59b,-64,,3,64,,3
15:22:12,26.0,3,eaf2db881fde94223cb72ab5bbbe139681e75a500578d8e046df879b3a3bb59b,-76,,3,64,,3
15:22:13,26.0,3,aff127275aa906db59b4f23b813da269df088047ef5a361ef09ed28da1607d5e,-92,,3,64,12.0,3
15:22:14,,3,d40c5e9b5be66349f9dae19fe67c745a1cf90a8b2f4eaad73013bde0cad8f76a,-78,,3,64,,3
15:22:15,26.0,3,9acbe66fec49defe13f4f7900f7d9182cdedd8874ca0098071b387956ceddff2,-55,,3,64,8.0,3
15:22:16,,3,b5351962f2a1003490d6b9229c4d0938f073303332c40ce479164ed2d0d62b5e,-71,,3,64,,3
15:22:16,,3,92bbd73ae296ff89f12ac9ae3f5d49f9382d199435391bb7894d08fe8c94abac,-86,,3,64,,3
15:22:17,26.0,3,eaf2db881fde94223cb72ab5bbbe139681e75a500578d8e046df879b3a3bb59b,-77,,3,64,,3
15:22:18,26.0,3,e49439dbc09904846b27c8534673dab08b423ff09dc440f44c782c976be6c8ae,-74,,3,64,12.0,3
15:22:19,,3,92bbd73ae296ff89f12ac9ae3f5d49f9382d199435391bb7894d08fe8c94abac,-86,,3,64,,3
15:22:20,26.0,3,5b6aa2c6d19479034a3a6e3bae268c036ca7f33b1b088ce85c5fbad9ff29a8b2,-38,,3,64,12.0,3
15:22:20,26.0,3,310ee9a00733fe5fe1f9351d2848e2dcd8f12e694a2b352a30dd2977f00ea81d,-54,,3,64,12.0,3
15:22:21,26.0,3,ea2b5e780eb526821481d9758b9c62ced9df33b77290abb97b655fcaff0dd6dc,-87,,3,64,6.0,3
15:22:22,26.0,3,074f76caaa9efbc217bd2030ae53c0246f4ad45cf032429462875d2400698103,-79,,3,64,8.0,3
15:22:23,26.0,3,9acbe66fec49defe13f4f7900f7d9182cdedd8874ca0098071b387956ceddff2,-59,,3,64,8.0,3
15:22:24,26.0,3,4878e30008b93396487168d9b5b81de0e569ecc6de7807e2be65be12116853be,-78,Tb80,3,64,,3
15:22:24,,3,d61c4504c9e2d067daed3dbab6e124fc872ca20f9e6c73f5de3b05cec8d4a2d0,-78,,3,64,,3
15:22:25,2.0,3,39707ffefcd500848fa757f456c01e12bd50f3117d10bbb5dcea63fc9d6a1a28,-93,,3,64,,3
15:22:26,26.0,3,9acbe66fec49defe13f4f7900f7d9182cdedd8874ca0098071b387956ceddff2,-59,,3,64,8.0,3
15:22:27,26.0,3,0c61e292b136363dd20360f64899ef07c2170aefbf3373d70314927a7a2909b8,-84,,3,64,12.0,3
15:22:28,26.0,3,02b0ee71938ecd978493503324ffb129708f930d457c91ac08e0059b5a6e880a,-93,,3,64,8.0,3
15:22:28,26.0,3,a2fd4f8c632f2c235f1a573226a91b920a68c09dfa50fbb00d2b1b0f50e15e82,-79,,3,64,12.0,3
15:22:29,26.0,3,eaf2db881fde94223cb72ab5bbbe139681e75a500578d8e046df879b3a3bb59b,-78,,3,64,,3
15:22:30,26.0,3,4878e30008b93396487168d9b5b81de0e569ecc6de7807e2be65be12116853be,-74,Tb80,3,64,,3
15:22:31,26.0,3,6431ede429f3675685bd1876bc8d3c416dcb185e2cfae377db43bbd9cdd652f0,-83,,3,64,7.0,3
15:22:32,26.0,3,3ff376255085fc2c589525c2683b904b3827fc9ad7232364659bcb5be823abb7,-69,,3,64,7.0,3
15:22:32,26.0,3,9acbe66fec49defe13f4f7900f7d9182cdedd8874ca0098071b387956ceddff2,-59,,3,64,8.0,3
15:22:33,26.0,3,0c61e292b136363dd20360f64899ef07c2170aefbf3373d70314927a7a2909b8,-87,,3,64,12.0,3
15:22:34,,3,b9fc895c0f7318d8d1a0b85897462422281497eb388628e124a181efdc28c22c,-76,,3,64,,3
15:22:35,26.0,3,02b0ee71938ecd978493503324ffb129708f930d457c91ac08e0059b5a6e880a,-90,,3,64,8.0,3
15:22:36,26.0,3,3377c94a476c426312620dd510287538dc9d97f6c23f15cbc14376b36c45b84e,-70,,3,64,7.0,3
15:22:36,26.0,3,fa26453016d8b172cf28f6d4dc3ae78845c1e363f06178386e6fa5e3459d0e48,-85,,3,64,8.0,3
15:22:37,,3,f7ae087b8dcd2c8bca768ef118cf5ce78c2135944e1d1dd29ad5386092e6ae1f,-93,,3,64,,3
15:22:38,26.0,3,154dff84bd8ab79d38f72915e37018de1d03488ca1f855737658d94bfd3309ba,-81,,3,64,12.0,3
15:22:39,26.0,3,6431ede429f3675685bd1876bc8d3c416dcb185e2cfae377db43bbd9cdd652f0,-91,,3,64,7.0,3
15:22:40,26.0,3,154dff84bd8ab79d38f72915e37018de1d03488ca1f855737658d94bfd3309ba,-81,,3,64,12.0,3
15:22:40,26.0,3,4878e30008b93396487168d9b5b81de0e569ecc6de7807e2be65be12116853be,-79,Tb80,3,64,,3
15:22:41,26.0,3,4878e30008b93396487168d9b5b81de0e569ecc6de7807e2be65be12116853be,-78,Tb80,3,64,,3
15:22:42,26.0,3,5a8555b21e311dfafd1d7ec1fe0484421025f6613c1179812cd624e4c77e505d,-92,,3,64,24.0,3
15:22:43,,3,d40c5e9b5be66349f9dae19fe67c745a1cf90a8b2f4eaad73013bde0cad8f76a,-76,,3,64,,3
15:22:44,26.0,3,5a8555b21e311dfafd1d7ec1fe0484421025f6613c1179812cd624e4c77e505d,-88,,3,64,24.0,3
15:22:44,26.0,3,e49439dbc09904846b27c8534673dab08b423ff09dc440f44c782c976be6c8ae,-76,,3,64,12.0,3
15:22:45,26.0,3,310ee9a00733fe5fe1f9351d2848e2dcd8f12e694a2b352a30dd2977f00ea81d,-67,,3,64,12.0,3
15:22:46,26.0,3,4878e30008b93396487168d9b5b81de0e569ecc6de7807e2be65be12116853be,-77,Tb80,3,64,,3
15:22:47,26.0,3,310ee9a00733fe5fe1f9351d2848e2dcd8f12e694a2b352a30dd2977f00ea81d,-63,,3,64,12.0,3
15:22:48,26.0,3,fa26453016d8b172cf28f6d4dc3ae78845c1e363f06178386e6fa5e3459d0e48,-78,,3,64,8.0,3
15:22:48,26.0,3,4755de6f950c6a330f416e209e3fb2a86085982de43bd49405ac65bbeae7ec35,-80,,3,64,12.0,3
15:22:49,,3,27032480200a77f1337541bb96e049f3daa41c4768883586a4d6ed1c344b63c4,-79,,3,64,,3
15:22:50,26.0,3,3ff376255085fc2c589525c2683b904b3827fc9ad7232364659bcb5be823abb7,-72,,3,64,7.0,3
15:22:51,26.0,3,4755de6f950c6a330f416e209e3fb2a86085982de43bd49405ac65bbeae7ec35,-70,,3,64,12.0,3
15:22:52,26.0,3,aff127275aa906db59b4f23b813da269df088047ef5a361ef09ed28da1607d5e,-89,,3,64,12.0,3
15:22:52,26.0,3,3377c94a476c426312620dd510287538dc9d97f6c23f15cbc14376b36c45b84e,-68,,3,64,7.0,3
15:22:53,26.0,3,4878e30008b93396487168d9b5b81de0e569ecc6de7807e2be65be12116853be,-85,Tb80,3,64,,3
15:22:54,26.0,3,074f76caaa9efbc217bd2030ae53c0246f4ad45cf032429462875d2400698103,-73,,3,64,8.0,3
15:22:55,,3,1a735aeb2c123868ceab8e6f77b8c30101be65ecc1631c494256d896c37b19f3,-86,,3,64,,3
15:22:56,,3,b5351962f2a1003490d6b9229c4d0938f073303332c40ce479164ed2d0d62b5e,-78,,3,64,,3
15:22:56,26.0,3,ccfaf3ea31ad25f00a4f24a667a5b5e283079276678cf635ad36ee7bd93b3347,-84,,3,64,8.0,3
15:22:57,26.0,3,3ff376255085fc2c589525c2683b904b3827fc9ad7232364659bcb5be823abb7,-76,,3,64,7.0,3
15:22:58,26.0,3,eaf2db881fde94223cb72ab5bbbe139681e75a500578d8e046df879b3a3bb59b,-73,,3,64,,3
15:22:59,26.0,3,4878e30008b93396487168d9b5b81de0e569ecc6de7807e2be65be12116853be,-73,Tb80,3,64,,3
15:23:00,26.0,3,3377c94a476c426312620dd510287538dc9d97f6c23f15cbc14376b36c45b84e,-67,,3,64,7.0,3
15:23:00,26.0,3,849c51998625d34299d7df32040683430a8fb88aa8d1f13c2234fc5c4bcbf7c6,-85,,3,64,12.0,3
15:23:01,26.0,3,4755de6f950c6a330f416e209e3fb2a86085982de43bd49405ac65bbeae7ec35,-73,,3,64,12.0,3
15:23:02,26.0,3,5b6aa2c6d19479034a3a6e3bae268c036ca7f33b1b088ce85c5fbad9ff29a8b2,-46,,3,64,12.0,3
15:23:03,26.0,3,074f76caaa9efbc217bd2030ae53c0246f4ad45cf032429462875d2400698103,-75,,3,64,,3
15:23:04,26.0,3,6431ede429f3675685bd1876bc8d3c416dcb185e2cfae377db43bbd9cdd652f0,-82,,3,64,,3
15:23:04,26.0,3,eaf2db881fde94223cb72ab5bbbe139681e75a500578d8e046df879b3a3bb59b,-71,,3,64,,3
15:23:05,26.0,3,eaf2db881fde94223cb72ab5bbbe139681e75a500578d8e046df879b3a3bb59b,-75,,3,64,,3
15:23:06,26.0,3,0c61e292b136363dd20360f64899ef07c2170aefbf3373d70314927a7a2909b8,-90,,3,64,12.0,3
15:23:07,26.0,3,849c51998625d34299d7df32040683430a8fb88aa8d1f13c2234fc5c4bcbf7c6,-80,,3,64,12.0,3
15:23:08,26.0,3,5b6aa2c6d19479034a3a6e3bae268c036ca7f33b1b088ce85c5fbad9ff29a8b2,-40,,3,64,12.0,3
15:23:08,26.0,3,074f76caaa9efbc217bd2030ae53c0246f4ad45cf032429462875d2400698103,-80,,3,64,,3
15:23:09,26.0,3,eaf2db881fde94223cb72ab5bbbe139681e75a500578d8e046df879b3a3bb59b,-78,,3,64,,3
15:23:10,,3,d61c4504c9e2d067daed3dbab6e124fc872ca20f9e6c73f5de3b05cec8d4a2d0,-85,,3,64,,3
15:23:11,26.0,3,aff127275aa906db59b4f23b813da269df088047ef5a361ef09ed28da1607d5e,-89,,3,64,12.0,3
15:23:12,26.0,3,eaf2db881fde94223cb72ab5bbbe139681e75a500578d8e046df879b3a3bb59b,-78,,3,64,,3
15:23:12,26.0,3,310ee9a00733fe5fe1f9351d2848e2dcd8f12e694a2b352a30dd2977f00ea81d,-72,,3,64,12.0,3
15:23:13,26.0,3,eaf2db881fde94223cb72ab5bbbe139681e75a500578d8e046df879b3a3bb59b,-67,,3,64,,3
15:23:14,26.0,3,eaf2db881fde94223cb72ab5bbbe139681e75a500578d8e046df879b3a3bb59b,-78,,3,64,,3
15:23:15,26.0,3,ea2b5e780eb526821481d9758b9c62ced9df33b77290abb97b655fcaff0dd6dc,-83,,3,64,6.0,3
15:23:16,26.0,3,154dff84bd8ab79d38f72915e37018de1d03488ca1f855737658d94bfd3309ba,-81,,3,64,12.0,3
15:23:16,26.0,3,074f76caaa9efbc217bd2030ae53c0246f4ad45cf032429462875d2400698103,-80,,3,64,8.0,3
15:23:17,26.0,3,eaf2db881fde94223cb72ab5bbbe139681e75a500578d8e046df879b3a3bb59b,-68,,3,64,,3
15:23:18,26.0,3,eaf2db881fde94223cb72ab5bbbe139681e75a500578d8e046df879b3a3bb59b,-68,,3,64,,3
15:23:19,26.0,3,fa26453016d8b172cf28f6d4dc3ae78845c1e363f06178386e6fa5e3459d0e48,-76,,3,64,8.0,3
15:23:20,,3,27032480200a77f1337541bb96e049f3daa41c4768883586a4d6ed1c344b63c4,-73,,3,64,,3
15:23:20,26.0,3,eaf2db881fde94223cb72ab5bbbe139681e75a500578d8e046df879b3a3bb59b,-68,,3,64,,3
15:23:21,,3,fc44bdace12a122254b2e95530756ca929ad4c0c0eb2c6dd06e2a6349c3f151f,-81,,3,64,,3
15:23:22,,3,b9fc895c0f7318d8d1a0b85897462422281497eb388628e124a181efdc28c22c,-77,,3,64,,3
15:23:23,,3,95947303d50be5578f7aa69e26497d6652d9173328d27e3275f72c970feb481d,-83,,3,64,,3
15:23:24,,3,27032480200a77f1337541bb96e049f3daa41c4768883586a4d6ed1c344b63c4,-84,,3,64,,3
15:23:24,,3,d61c4504c9e2d067daed3dbab6e124fc872ca20f9e6c73f5de3b05cec8d4a2d0,-85,,3,64,,3
15:23:25,,3,fc44bdace12a122254b2e95530756ca929ad4c0c0eb2c6dd06e2a6349c3f151f,-76,,3,64,,3
15:23:26,,3,b9fc895c0f7318d8d1a0b85897462422281497eb388628e124a181efdc28c22c,-89,,3,64,,3
15:23:27,26.0,3,4878e30008b93396487168d9b5b81de0e569ecc6de7807e2be65be12116853be,-81,Tb80,3,64,,3
15:23:28,,3,27032480200a77f1337541bb96e049f3daa41c4768883586a4d6ed1c344b63c4,-70,,3,64,,3
15:23:28,26.0,3,fa26453016d8b172cf28f6d4dc3ae78845c1e363f06178386e6fa5e3459d0e48,-77,,3,64,8.0,3
15:23:29,26.0,3,4755de6f950c6a330f416e209e3fb2a86085982de43bd49405ac65bbeae7ec35,-85,,3,64,12.0,3
15:23:30,,3,d61c4504c9e2d067daed3dbab6e124fc872ca20f9e6c73f5de3b05cec8d4a2d0,-72,,3,64,,3
15:23:31,,3,d40c5e9b5be66349f9dae19fe67c745a1cf90a8b2f4eaad73013bde0cad8f76a,-76,,3,64,,3
15:23:32,26.0,3,4755de6f950c6a330f416e209e3fb2a86085982de43bd49405ac65bbeae7ec35,-73,,3,64,12.0,3
15:23:32,26.0,3,074f76caaa9efbc217bd2030ae53c0246f4ad45cf032429462875d2400698103,-71,,3,64,,3
15:23:33,26.0,3,ea2b5e780eb526821481d9758b9c62ced9df33b77290abb97b655fcaff0dd6dc,-83,,3,64,6.0,3
15:23:34,26.0,3,eaf2db881fde94223cb72ab5bbbe139681e75a500578d8e046df879b3a3bb59b,-77,,3,64,,3
15:23:35,26.0,3,849c51998625d34299d7df32040683430a8fb88aa8d1f13c2234fc5c4bcbf7c6,-75,,3,64,12.0,3
15:23:36,26.0,3,fa26453016d8b172cf28f6d4dc3ae78845c1e363f06178386e6fa5e3459d0e48,-75,,3,64,8.0,3
15:23:36,26.0,3,eaf2db881fde94223cb72ab5bbbe139681e75a500578d8e046df879b3a3bb59b,-70,,3,64,,3
15:23:37,26.0,3,0c61e292b136363dd20360f64899ef07c2170aefbf3373d70314927a7a2909b8,-83,,3,64,12.0,3
15:23:38,,3,d61c4504c9e2d067daed3dbab6e124fc872ca20f9e6c73f5de3b05cec8d4a2d0,-88,,3,64,,3
15:23:39,26.0,3,3ff376255085fc2c589525c2683b904b3827fc9ad7232364659bcb5be823abb7,-71,,3,64,7.0,3
15:23:40,26.0,3,074f76caaa9efbc217bd2030ae53c0246f4ad45cf032429462875d2400698103,-71,,3,64,,3
15:23:40,26.0,3,310ee9a00733fe5fe1f9351d2848e2dcd8f12e694a2b352a30dd2977f00ea81d,-66,,3,64,12.0,3
15:23:41,26.0,3,074f76caaa9efbc217bd2030ae53c0246f4ad45cf032429462875d2400698103,-78,,3,64,,3
15:23:42,26.0,3,4878e30008b93396487168d9b5b81de0e569ecc6de7807e2be65be12116853be,-81,Tb80,3,64,,3
15:23:43,26.0,3,eaf2db881fde94223cb72ab5bbbe139681e75a500578d8e046df879b3a3bb59b,-74,,3,64,,3
15:23:44,26.0,3,ea2b5e780eb526821481d9758b9c62ced9df33b77290abb97b655fcaff0dd6dc,-80,,3,64,6.0,3
15:23:44,26.0,3,fa26453016d8b172cf28f6d4dc3ae78845c1e363f06178386e6fa5e3459d0e48,-71,,3,64,8.0,3
15:23:45,26.0,3,5b6aa2c6d19479034a3a6e3bae268c036ca7f33b1b088ce85c5fbad9ff29a8b2,-40,,3,64,12.0,3
15:23:46,,3,d61c4504c9e2d067daed3dbab6e124fc872ca20f9e6c73f5de3b05cec8d4a2d0,-76,,3,64,,3
15:23:47,26.0,3,5b6aa2c6d19479034a3a6e3bae268c036ca7f33b1b088ce85c5fbad9ff29a8b2,-40,,3,64,12.0,3
15:23:48,26.0,3,849c51998625d34299d7df32040683430a8fb88aa8d1f13c2234fc5c4bcbf7c6,-81,,3,64,12.0,3
15:23:48,26.0,3,3ff376255085fc2c589525c2683b904b3827fc9ad7232364659bcb5be823abb7,-68,,3,64,7.0,3
15:23:49,26.0,3,9acbe66fec49defe13f4f7900f7d9182cdedd8874ca0098071b387956ceddff2,-67,,3,64,8.0,3
15:23:50,2.0,3,22d4d906d4b728545a9502668f43f83e413399078de5b70b0754989efc4c09c5,-89,,3,64,,3
15:23:51,26.0,3,9acbe66fec49defe13f4f7900f7d9182cdedd8874ca0098071b387956ceddff2,-77,,3,64,8.0,3
15:23:51,26.0,3,ea2b5e780eb526821481d9758b9c62ced9df33b77290abb97b655fcaff0dd6dc,-82,,3,64,6.0,3
15:23:52,26.0,3,074f76caaa9efbc217bd2030ae53c0246f4ad45cf032429462875d2400698103,-87,,3,64,,3
15:23:53,,3,fc44bdace12a122254b2e95530756ca929ad4c0c0eb2c6dd06e2a6349c3f151f,-78,,3,64,,3
15:23:54,26.0,3,eaf2db881fde94223cb72ab5bbbe139681e75a500578d8e046df879b3a3bb59b,-78,,3,64,,3
15:23:55,26.0,3,849c51998625d34299d7df32040683430a8fb88aa8d1f13c2234fc5c4bcbf7c6,-74,,3,64,12.0,3
15:23:56,26.0,3,ccfaf3ea31ad25f00a4f24a667a5b5e283079276678cf635ad36ee7bd93b3347,-86,,3,64,8.0,3
15:23:56,26.0,3,849c51998625d34299d7df32040683430a8fb88aa8d1f13c2234fc5c4bcbf7c6,-77,,3,64,12.0,3
15:23:57,26.0,3,3ff376255085fc2c589525c2683b904b3827fc9ad7232364659bcb5be823abb7,-71,,3,64,7.0,3
15:23:58,26.0,3,5b6aa2c6d19479034a3a6e3bae268c036ca7f33b1b088ce85c5fbad9ff29a8b2,-37,,3,64,12.0,3
15:23:59,26.0,3,5b6aa2c6d19479034a3a6e3bae268c036ca7f33b1b088ce85c5fbad9ff29a8b2,-47,,3,64,12.0,3
15:24:00,26.0,3,eaf2db881fde94223cb72ab5bbbe139681e75a500578d8e046df879b3a3bb59b,-78,,3,64,,3
15:24:00,26.0,3,e49439dbc09904846b27c8534673dab08b423ff09dc440f44c782c976be6c8ae,-76,,3,64,12.0,3
15:24:01,,3,fc44bdace12a122254b2e95530756ca929ad4c0c0eb2c6dd06e2a6349c3f151f,-78,,3,64,,3
15:24:02,26.0,3,6e51aa39efd9e43fcbb5745e1041ae7d9c04ce76b90c7e5d192c982fa21d1e80,-76,,3,64,12.0,3
15:24:03,26.0,3,fa26453016d8b172cf28f6d4dc3ae78845c1e363f06178386e6fa5e3459d0e48,-78,,3,64,8.0,3
15:24:04,,3,556e667dfb389bc68586a40ba56c0bbe04d636a3d7a5105e7006848e7f684b8d,-72,,3,64,,3
15:24:04,,3,72d0c9595d1456ff50d9d802cc2d6e8fe5be5818fbd22725d4d3b3f86bbdbc4a,-91,,3,64,,3
15:24:05,26.0,3,074f76caaa9efbc217bd2030ae53c0246f4ad45cf032429462875d2400698103,-81,,3,64,8.0,3
15:24:06,26.0,3,3ff376255085fc2c589525c2683b904b3827fc9ad7232364659bcb5be823abb7,-72,,3,64,7.0,3
15:24:07,26.0,3,3ff376255085fc2c589525c2683b904b3827fc9ad7232364659bcb5be823abb7,-68,,3,64,7.0,3
15:24:07,26.0,3,4755de6f950c6a330f416e209e3fb2a86085982de43bd49405ac65bbeae7ec35,-84,,3,64,12.0,3
15:24:08,26.0,3,4755de6f950c6a330f416e209e3fb2a86085982de43bd49405ac65bbeae7ec35,-73,,3,64,12.0,3
15:24:09,26.0,3,e49439dbc09904846b27c8534673dab08b423ff09dc440f44c782c976be6c8ae,-76,,3,64,12.0,3
15:24:10,26.0,3,849c51998625d34299d7df32040683430a8fb88aa8d1f13c2234fc5c4bcbf7c6,-81,,3,64,12.0,3
15:24:11,26.0,3,5b6aa2c6d19479034a3a6e3bae268c036ca7f33b1b088ce85c5fbad9ff29a8b2,-53,,3,64,12.0,3
15:24:12,26.0,3,5e29c7a879f0fe752d042cbf5aaa9dcba6eb0397c4a027a049c9582f55b8e197,-88,,3,64,8.0,3
15:24:12,26.0,3,ccfaf3ea31ad25f00a4f24a667a5b5e283079276678cf635ad36ee7bd93b3347,-80,,3,64,8.0,3
15:24:13,,3,fc44bdace12a122254b2e95530756ca929ad4c0c0eb2c6dd06e2a6349c3f151f,-75,,3,64,,3
15:24:14,26.0,3,ccfaf3ea31ad25f00a4f24a667a5b5e283079276678cf635ad36ee7bd93b3347,-80,,3,64,8.0,3
15:24:15,,3,d61c4504c9e2d067daed3dbab6e124fc872ca20f9e6c73f5de3b05cec8d4a2d0,-72,,3,64,,3
15:24:16,26.0,3,6431ede429f3675685bd1876bc8d3c416dcb185e2cfae377db43bbd9cdd652f0,-90,,3,64,,3
15:24:16,26.0,3,849c51998625d34299d7df32040683430a8fb88aa8d1f13c2234fc5c4bcbf7c6,-75,,3,64,12.0,3
15:24:17,,3,27032480200a77f1337541bb96e049f3daa41c4768883586a4d6ed1c344b63c4,-76,,3,64,,3
15:24:18,26.0,3,eaf2db881fde94223cb72ab5bbbe139681e75a500578d8e046df879b3a3bb59b,-71,,3,64,,3
15:24:19,26.0,3,aff127275aa906db59b4f23b813da269df088047ef5a361ef09ed28da1607d5e,-92,,3,64,12.0,3
15:24:19,,3,d61c4504c9e2d067daed3dbab6e124fc872ca20f9e6c73f5de3b05cec8d4a2d0,-72,,3,64,,3
15:24:20,,3,d61c4504c9e2d067daed3dbab6e124fc872ca20f9e6c73f5de3b05cec8d4a2d0,-72,,3,64,,3
15:24:21,26.0,3,074f76caaa9efbc217bd2030ae53c0246f4ad45cf032429462875d2400698103,-82,,3,64,8.0,3
15:24:22,26.0,3,6e51aa39efd9e43fcbb5745e1041ae7d9c04ce76b90c7e5d192c982fa21d1e80,-66,,3,64,12.0,3
15:24:23,26.0,3,849c51998625d34299d7df32040683430a8fb88aa8d1f13c2234fc5c4bcbf7c6,-73,,3,64,12.0,3
15:24:24,26.0,3,eaf2db881fde94223cb72ab5bbbe139681e75a500578d8e046df879b3a3bb59b,-84,,3,64,,3
15:24:24,,3,3ddccfb2f18c0d4e635a8b94e99cd2639f7ffdf5e969a0ab2fb9349cae2ca537,-81,,3,64,,3
15:24:25,26.0,3,5b6aa2c6d19479034a3a6e3bae268c036ca7f33b1b088ce85c5fbad9ff29a8b2,-56,,3,64,12.0,3
15:24:26,26.0,3,9acbe66fec49defe13f4f7900f7d9182cdedd8874ca0098071b387956ceddff2,-69,,3,64,8.0,3
15:24:27,26.0,3,6431ede429f3675685bd1876bc8d3c416dcb185e2cfae377db43bbd9cdd652f0,-88,,3,64,,3
15:24:28,,3,d03a542e61481e8c604aee69f9ca0eb5e9b084a07bcca30fe45b48a9b8ea0379,-82,,3,64,,3
15:24:28,26.0,3,fa26453016d8b172cf28f6d4dc3ae78845c1e363f06178386e6fa5e3459d0e48,-80,,3,64,8.0,3
15:24:29,26.0,3,eaf2db881fde94223cb72ab5bbbe139681e75a500578d8e046df879b3a3bb59b,-81,,3,64,,3
15:24:30,26.0,3,849c51998625d34299d7df32040683430a8fb88aa8d1f13c2234fc5c4bcbf7c6,-79,,3,64,12.0,3
15:24:31,,3,7a4e2456d86e23490d05adc8449d329c3015441431b1a447fc4b18ab3ad20c60,-72,,3,64,,3
15:24:32,,3,d61c4504c9e2d067daed3dbab6e124fc872ca20f9e6c73f5de3b05cec8d4a2d0,-71,,3,64,,3
15:24:32,,3,3ddccfb2f18c0d4e635a8b94e99cd2639f7ffdf5e969a0ab2fb9349cae2ca537,-58,,3,64,,3
15:24:33,26.0,3,ea2b5e780eb526821481d9758b9c62ced9df33b77290abb97b655fcaff0dd6dc,-86,,3,64,6.0,3
15:24:34,26.0,3,9acbe66fec49defe13f4f7900f7d9182cdedd8874ca0098071b387956ceddff2,-68,,3,64,8.0,3
15:24:35,26.0,3,eaf2db881fde94223cb72ab5bbbe139681e75a500578d8e046df879b3a3bb59b,-78,,3,64,,3
15:24:36,26.0,3,eaf2db881fde94223cb72ab5bbbe139681e75a500578d8e046df879b3a3bb59b,-69,,3,64,,3
15:24:36,26.0,3,6431ede429f3675685bd1876bc8d3c416dcb185e2cfae377db43bbd9cdd652f0,-89,,3,64,7.0,3
15:24:37,26.0,3,eaf2db881fde94223cb72ab5bbbe139681e75a500578d8e046df879b3a3bb59b,-78,,3,64,,3
15:24:38,26.0,3,5e29c7a879f0fe752d042cbf5aaa9dcba6eb0397c4a027a049c9582f55b8e197,-88,,3,64,8.0,3
15:24:39,,3,7a4e2456d86e23490d05adc8449d329c3015441431b1a447fc4b18ab3ad20c60,-74,,3,64,,3
15:24:40,26.0,3,3ff376255085fc2c589525c2683b904b3827fc9ad7232364659bcb5be823abb7,-73,,3,64,7.0,3
15:24:40,26.0,3,3ff376255085fc2c589525c2683b904b3827fc9ad7232364659bcb5be823abb7,-69,,3,64,7.0,3
15:24:41,,3,a2b30e71f459a86c04b15e80c35a1675a5f246e67c96d220d6b11e267019319f,-81,,3,64,,3
15:24:42,26.0,3,3ff376255085fc2c589525c2683b904b3827fc9ad7232364659bcb5be823abb7,-73,,3,64,7.0,3
15:24:43,26.0,3,ea2b5e780eb526821481d9758b9c62ced9df33b77290abb97b655fcaff0dd6dc,-80,,3,64,6.0,3
15:24:44,,3,9c90d60cb5421ba1953a644781d4d97734857c0f9f77785ffd35843a8595fe22,-75,,3,64,,3
15:24:44,,3,c44fd7ea6e95109e9b64315be601d79a7b1fedac565102ae27777e9a5d112b54,-84,,3,64,,3
15:24:45,,3,27032480200a77f1337541bb96e049f3daa41c4768883586a4d6ed1c344b63c4,-85,,3,64,,3
15:24:46,26.0,3,849c51998625d34299d7df32040683430a8fb88aa8d1f13c2234fc5c4bcbf7c6,-74,,3,64,12.0,3
15:24:47,26.0,3,074f76caaa9efbc217bd2030ae53c0246f4ad45cf032429462875d2400698103,-77,,3,64,8.0,3
15:24:48,26.0,3,406d0003c26051385ab85ea583d2ba6e0bb714f801f6bf5152b3f9010b4f3a5f,-87,,3,64,8.0,3
15:24:48,26.0,3,849c51998625d34299d7df32040683430a8fb88aa8d1f13c2234fc5c4bcbf7c6,-82,,3,64,12.0,3
15:24:49,,3,a2b30e71f459a86c04b15e80c35a1675a5f246e67c96d220d6b11e267019319f,-77,,3,64,,3
15:24:50,26.0,3,3ff376255085fc2c589525c2683b904b3827fc9ad7232364659bcb5be823abb7,-76,,3,64,7.0,3
15:24:51,26.0,3,ea2b5e780eb526821481d9758b9c62ced9df33b77290abb97b655fcaff0dd6dc,-81,,3,64,6.0,3
15:24:52,26.0,3,5b6aa2c6d19479034a3a6e3bae268c036ca7f33b1b088ce85c5fbad9ff29a8b2,-39,,3,64,12.0,3
15:24:52,26.0,3,e49439dbc09904846b27c8534673dab08b423ff09dc440f44c782c976be6c8ae,-76,,3,64,12.0,3
15:24:53,26.0,3,849c51998625d34299d7df32040683430a8fb88aa8d1f13c2234fc5c4bcbf7c6,-77,,3,64,12.0,3
15:24:54,,3,b9fc895c0f7318d8d1a0b85897462422281497eb388628e124a181efdc28c22c,-90,,3,64,,3
15:24:55,26.0,3,4878e30008b93396487168d9b5b81de0e569ecc6de7807e2be65be12116853be,-84,Tb80,3,64,,3
15:24:55,,3,8c19ac29593caec1a4638e40477264af85ecd5e93e14f6800bae3b05b3b3f9c5,-80,,3,64,,3
15:24:56,,3,c44fd7ea6e95109e9b64315be601d79a7b1fedac565102ae27777e9a5d112b54,-82,,3,64,,3
15:24:57,26.0,3,c8e76a76839b184f1946ea67729d8eecb359057b3844212c405aa677464b96a0,-86,,3,64,8.0,3
15:24:58,,3,b9fc895c0f7318d8d1a0b85897462422281497eb388628e124a181efdc28c22c,-85,,3,64,,3
15:24:59,26.0,3,a2fd4f8c632f2c235f1a573226a91b920a68c09dfa50fbb00d2b1b0f50e15e82,-78,,3,64,12.0,3
15:24:59,26.0,3,406d0003c26051385ab85ea583d2ba6e0bb714f801f6bf5152b3f9010b4f3a5f,-80,,3,64,8.0,3
15:25:00,26.0,3,4755de6f950c6a330f416e209e3fb2a86085982de43bd49405ac65bbeae7ec35,-75,,3,64,12.0,3
15:25:01,26.0,3,4878e30008b93396487168d9b5b81de0e569ecc6de7807e2be65be12116853be,-78,Tb80,3,64,,3
15:25:02,26.0,3,5a8555b21e311dfafd1d7ec1fe0484421025f6613c1179812cd624e4c77e505d,-91,,3,64,24.0,3
15:25:03,26.0,3,4a9fcc879ffe472fa114dde43f512c0985534e6b028cc9a1d85313037dfe332c,-89,Tb81,3,64,,3
15:25:04,,3,9c90d60cb5421ba1953a644781d4d97734857c0f9f77785ffd35843a8595fe22,-65,,3,64,,3
15:25:04,,3,d61c4504c9e2d067daed3dbab6e124fc872ca20f9e6c73f5de3b05cec8d4a2d0,-85,,3,64,,3
15:25:05,,3,95947303d50be5578f7aa69e26497d6652d9173328d27e3275f72c970feb481d,-89,,3,64,,3
15:25:06,26.0,3,e49439dbc09904846b27c8534673dab08b423ff09dc440f44c782c976be6c8ae,-75,,3,64,12.0,3
15:25:07,26.0,3,eaf2db881fde94223cb72ab5bbbe139681e75a500578d8e046df879b3a3bb59b,-83,,3,64,7.0,3
15:25:08,26.0,3,e49439dbc09904846b27c8534673dab08b423ff09dc440f44c782c976be6c8ae,-76,,3,64,12.0,3
15:25:08,,3,c44fd7ea6e95109e9b64315be601d79a7b1fedac565102ae27777e9a5d112b54,-83,,3,64,,3
15:25:09,26.0,3,ea2b5e780eb526821481d9758b9c62ced9df33b77290abb97b655fcaff0dd6dc,-84,,3,64,6.0,3
15:25:10,,3,d61c4504c9e2d067daed3dbab6e124fc872ca20f9e6c73f5de3b05cec8d4a2d0,-77,,3,64,,3
15:25:11,,3,2fb4915630a361b4547170316a1a1f2998867e1770560c41921a1f36cf18a255,-88,,3,64,,3
15:25:11,26.0,3,6431ede429f3675685bd1876bc8d3c416dcb185e2cfae377db43bbd9cdd652f0,-88,,3,64,,3
15:25:12,,3,d61c4504c9e2d067daed3dbab6e124fc872ca20f9e6c73f5de3b05cec8d4a2d0,-77,,3,64,,3
15:25:13,26.0,3,eaf2db881fde94223cb72ab5bbbe139681e75a500578d8e046df879b3a3bb59b,-91,,3,64,7.0,3
15:25:14,26.0,3,4755de6f950c6a330f416e209e3fb2a86085982de43bd49405ac65bbeae7ec35,-79,,3,64,12.0,3
15:25:15,26.0,3,4755de6f950c6a330f416e209e3fb2a86085982de43bd49405ac65bbeae7ec35,-74,,3,64,12.0,3
15:25:16,,3,8c19ac29593caec1a4638e40477264af85ecd5e93e14f6800bae3b05b3b3f9c5,-80,,3,64,,3
15:25:16,26.0,3,074f76caaa9efbc217bd2030ae53c0246f4ad45cf032429462875d2400698103,-77,,3,64,8.0,3
15:25:17,,3,d61c4504c9e2d067daed3dbab6e124fc872ca20f9e6c73f5de3b05cec8d4a2d0,-74,,3,64,,3
15:25:18,,3,d61c4504c9e2d067daed3dbab6e124fc872ca20f9e6c73f5de3b05cec8d4a2d0,-75,,3,64,,3
15:25:19,,3,2fb4915630a361b4547170316a1a1f2998867e1770560c41921a1f36cf18a255,-86,,3,64,,3
15:25:20,26.0,3,5b6aa2c6d19479034a3a6e3bae268c036ca7f33b1b088ce85c5fbad9ff29a8b2,-49,,3,64,12.0,3
15:25:21,26.0,3,aff127275aa906db59b4f23b813da269df088047ef5a361ef09ed28da1607d5e,-93,,3,64,12.0,3
15:25:21,,3,a2b30e71f459a86c04b15e80c35a1675a5f246e67c96d220d6b11e267019319f,-76,,3,64,,3
15:25:22,26.0,3,5b6aa2c6d19479034a3a6e3bae268c036ca7f33b1b088ce85c5fbad9ff29a8b2,-40,,3,64,12.0,3
15:25:23,,3,d61c4504c9e2d067daed3dbab6e124fc872ca20f9e6c73f5de3b05cec8d4a2d0,-79,,3,64,,3
15:25:24,26.0,3,4878e30008b93396487168d9b5b81de0e569ecc6de7807e2be65be12116853be,-70,Tb80,3,64,,3
15:25:25,26.0,3,074f76caaa9efbc217bd2030ae53c0246f4ad45cf032429462875d2400698103,-80,,3,64,8.0,3
15:25:25,,3,fc44bdace12a122254b2e95530756ca929ad4c0c0eb2c6dd06e2a6349c3f151f,-77,,3,64,,3
15:25:26,,3,b5351962f2a1003490d6b9229c4d0938f073303332c40ce479164ed2d0d62b5e,-74,,3,64,,3
15:25:27,26.0,3,5b6aa2c6d19479034a3a6e3bae268c036ca7f33b1b088ce85c5fbad9ff29a8b2,-36,,3,64,12.0,3
15:25:28,,3,d61c4504c9e2d067daed3dbab6e124fc872ca20f9e6c73f5de3b05cec8d4a2d0,-78,,3,64,,3
15:25:29,,3,3ddccfb2f18c0d4e635a8b94e99cd2639f7ffdf5e969a0ab2fb9349cae2ca537,-35,,3,64,,3
15:25:29,26.0,3,6e51aa39efd9e43fcbb5745e1041ae7d9c04ce76b90c7e5d192c982fa21d1e80,-70,,3,64,12.0,3
15:25:30,26.0,3,6e51aa39efd9e43fcbb5745e1041ae7d9c04ce76b90c7e5d192c982fa21d1e80,-65,,3,64,12.0,3
15:25:31,26.0,3,849c51998625d34299d7df32040683430a8fb88aa8d1f13c2234fc5c4bcbf7c6,-82,,3,64,12.0,3
15:25:32,26.0,3,9acbe66fec49defe13f4f7900f7d9182cdedd8874ca0098071b387956ceddff2,-70,,3,64,8.0,3
15:25:33,26.0,3,4755de6f950c6a330f416e209e3fb2a86085982de43bd49405ac65bbeae7ec35,-76,,3,64,12.0,3
15:25:33,26.0,3,3377c94a476c426312620dd510287538dc9d97f6c23f15cbc14376b36c45b84e,-58,,3,64,7.0,3
15:25:34,,3,d61c4504c9e2d067daed3dbab6e124fc872ca20f9e6c73f5de3b05cec8d4a2d0,-77,,3,64,,3
15:25:35,26.0,3,849c51998625d34299d7df32040683430a8fb88aa8d1f13c2234fc5c4bcbf7c6,-79,,3,64,12.0,3
15:25:36,,3,7a4e2456d86e23490d05adc8449d329c3015441431b1a447fc4b18ab3ad20c60,-87,,3,64,,3
15:25:37,26.0,3,074f76caaa9efbc217bd2030ae53c0246f4ad45cf032429462875d2400698103,-77,,3,64,8.0,3
15:25:37,26.0,3,ea2b5e780eb526821481d9758b9c62ced9df33b77290abb97b655fcaff0dd6dc,-82,,3,64,6.0,3
15:25:38,26.0,3,6e51aa39efd9e43fcbb5745e1041ae7d9c04ce76b90c7e5d192c982fa21d1e80,-71,,3,64,12.0,3
15:25:39,26.0,3,4878e30008b93396487168d9b5b81de0e569ecc6de7807e2be65be12116853be,-83,Tb80,3,64,,3
15:25:40,26.0,3,4a9fcc879ffe472fa114dde43f512c0985534e6b028cc9a1d85313037dfe332c,-85,Tb81,3,64,,3
15:25:41,,3,b5351962f2a1003490d6b9229c4d0938f073303332c40ce479164ed2d0d62b5e,-71,,3,64,,3
15:25:41,26.0,3,eaf2db881fde94223cb72ab5bbbe139681e75a500578d8e046df879b3a3bb59b,-65,,3,64,,3
15:25:42,,3,d61c4504c9e2d067daed3dbab6e124fc872ca20f9e6c73f5de3b05cec8d4a2d0,-76,,3,64,,3
15:25:43,,3,b9fc895c0f7318d8d1a0b85897462422281497eb388628e124a181efdc28c22c,-88,,3,64,,3
15:25:44,26.0,3,849c51998625d34299d7df32040683430a8fb88aa8d1f13c2234fc5c4bcbf7c6,-81,,3,64,12.0,3
15:25:45,,3,6c5d72840928d523fc69b19795aea414e8c3521d6b585f1ac63a8662e61278df,-97,,3,64,,3
15:25:45,26.0,3,4878e30008b93396487168d9b5b81de0e569ecc6de7807e2be65be12116853be,-71,Tb80,3,64,,3
15:25:46,26.0,3,fa26453016d8b172cf28f6d4dc3ae78845c1e363f06178386e6fa5e3459d0e48,-77,,3,64,8.0,3
15:25:47,,3,1a735aeb2c123868ceab8e6f77b8c30101be65ecc1631c494256d896c37b19f3,-82,,3,64,,3
15:25:48,26.0,3,849c51998625d34299d7df32040683430a8fb88aa8d1f13c2234fc5c4bcbf7c6,-81,,3,64,12.0,3
15:25:49,26.0,3,3377c94a476c426312620dd510287538dc9d97f6c23f15cbc14376b36c45b84e,-71,,3,64,7.0,3
15:25:49,,3,fc44bdace12a122254b2e95530756ca929ad4c0c0eb2c6dd06e2a6349c3f151f,-81,,3,64,,3
15:25:50,26.0,3,849c51998625d34299d7df32040683430a8fb88aa8d1f13c2234fc5c4bcbf7c6,-82,,3,64,12.0,3
15:25:51,,3,b9fc895c0f7318d8d1a0b85897462422281497eb388628e124a181efdc28c22c,-85,,3,64,,3
15:25:52,,3,556e667dfb389bc68586a40ba56c0bbe04d636a3d7a5105e7006848e7f684b8d,-70,,3,64,,3
15:25:53,26.0,3,4755de6f950c6a330f416e209e3fb2a86085982de43bd49405ac65bbeae7ec35,-73,,3,64,12.0,3
15:25:53,,3,fc44bdace12a122254b2e95530756ca929ad4c0c0eb2c6dd06e2a6349c3f151f,-83,,3,64,,3
15:25:54,26.0,3,70b42a0eb1dd780281f15c96d3b7104f13e0b6bd15aa5c7e3ec329659baa2249,-75,,3,64,12.0,3
15:25:55,,3,b9fc895c0f7318d8d1a0b85897462422281497eb388628e124a181efdc28c22c,-83,,3,64,,3
15:25:56,,3,556e667dfb389bc68586a40ba56c0bbe04d636a3d7a5105e7006848e7f684b8d,-66,,3,64,,3
15:25:57,26.0,3,a2fd4f8c632f2c235f1a573226a91b920a68c09dfa50fbb00d2b1b0f50e15e82,-85,,3,64,12.0,3
15:25:57,26.0,3,4878e30008b93396487168d9b5b81de0e569ecc6de7807e2be65be12116853be,-70,Tb80,3,64,,3
15:25:58,26.0,3,849c51998625d34299d7df32040683430a8fb88aa8d1f13c2234fc5c4bcbf7c6,-82,,3,64,12.0,3
15:25:59,26.0,3,a2fd4f8c632f2c235f1a573226a91b920a68c09dfa50fbb00d2b1b0f50e15e82,-88,,3,64,12.0,3
15:26:00,26.0,3,0c61e292b136363dd20360f64899ef07c2170aefbf3373d70314927a7a2909b8,-87,,3,64,12.0,3
15:26:01,,3,d61c4504c9e2d067daed3dbab6e124fc872ca20f9e6c73f5de3b05cec8d4a2d0,-79,,3,64,,3
15:26:01,,3,fc44bdace12a122254b2e95530756ca929ad4c0c0eb2c6dd06e2a6349c3f151f,-80,,3,64,,3
15:26:02,26.0,3,fa26453016d8b172cf28f6d4dc3ae78845c1e363f06178386e6fa5e3459d0e48,-73,,3,64,8.0,3
15:26:03,26.0,3,4878e30008b93396487168d9b5b81de0e569ecc6de7807e2be65be12116853be,-79,Tb80,3,64,,3
15:26:04,26.0,3,6e51aa39efd9e43fcbb5745e1041ae7d9c04ce76b90c7e5d192c982fa21d1e80,-71,,3,64,12.0,3
15:26:05,26.0,3,6e51aa39efd9e43fcbb5745e1041ae7d9c04ce76b90c7e5d192c982fa21d1e80,-70,,3,64,12.0,3
15:26:05,26.0,3,eaf2db881fde94223cb72ab5bbbe139681e75a500578d8e046df879b3a3bb59b,-69,,3,64,,3
15:26:06,,3,d61c4504c9e2d067daed3dbab6e124fc872ca20f9e6c73f5de3b05cec8d4a2d0,-73,,3,64,,3
15:26:07,,3,b9fc895c0f7318d8d1a0b85897462422281497eb388628e124a181efdc28c22c,-83,,3,64,,3
15:26:08,26.0,3,70b42a0eb1dd780281f15c96d3b7104f13e0b6bd15aa5c7e3ec329659baa2249,-77,,3,64,12.0,3
15:26:09,26.0,3,aff127275aa906db59b4f23b813da269df088047ef5a361ef09ed28da1607d5e,-90,,3,64,12.0,3
15:26:09,26.0,3,5b6aa2c6d19479034a3a6e3bae268c036ca7f33b1b088ce85c5fbad9ff29a8b2,-40,,3,64,12.0,3
15:26:10,26.0,3,5b6aa2c6d19479034a3a6e3bae268c036ca7f33b1b088ce85c5fbad9ff29a8b2,-33,,3,64,12.0,3
15:26:11,26.0,3,279b574173f0a8c61acc903fd9272a8757b6394bc1b9092b7720050b3446312f,-73,,3,64,12.0,3
15:26:12,,3,556e667dfb389bc68586a40ba56c0bbe04d636a3d7a5105e7006848e7f684b8d,-68,,3,64,,3
15:26:13,,3,d61c4504c9e2d067daed3dbab6e124fc872ca20f9e6c73f5de3b05cec8d4a2d0,-73,,3,64,,3
15:26:13,,3,fc44bdace12a122254b2e95530756ca929ad4c0c0eb2c6dd06e2a6349c3f151f,-78,,3,64,,3
15:26:14,26.0,3,dc5f160e295283827df5c1df5cd7106f1fff9069cbbfeb8fc5bc3a14018003dd,-89,,3,64,8.0,3
15:26:15,,3,b9fc895c0f7318d8d1a0b85897462422281497eb388628e124a181efdc28c22c,-87,,3,64,,3
15:26:16,26.0,3,5e29c7a879f0fe752d042cbf5aaa9dcba6eb0397c4a027a049c9582f55b8e197,-92,,3,64,8.0,3
15:26:17,,3,b5351962f2a1003490d6b9229c4d0938f073303332c40ce479164ed2d0d62b5e,-69,,3,64,,3
15:26:17,26.0,3,eaf2db881fde94223cb72ab5bbbe139681e75a500578d8e046df879b3a3bb59b,-69,,3,64,,3
15:26:18,26.0,3,eaf2db881fde94223cb72ab5bbbe139681e75a500578d8e046df879b3a3bb59b,-72,,3,64,,3
15:26:19,26.0,3,ea2b5e780eb526821481d9758b9c62ced9df33b77290abb97b655fcaff0dd6dc,-78,,3,64,6.0,3
15:26:20,26.0,3,fa26453016d8b172cf28f6d4dc3ae78845c1e363f06178386e6fa5e3459d0e48,-74,,3,64,8.0,3
15:26:20,,3,6b627811e2583a7080c141167d47c9d42feadf79dd8cfa48434a0210c42792f1,-93,,3,64,,3
15:26:21,,3,fc44bdace12a122254b2e95530756ca929ad4c0c0eb2c6dd06e2a6349c3f151f,-75,,3,64,,3
15:26:22,26.0,3,70b42a0eb1dd780281f15c96d3b7104f13e0b6bd15aa5c7e3ec329659baa2249,-75,,3,64,12.0,3
15:26:23,26.0,3,70b42a0eb1dd780281f15c96d3b7104f13e0b6bd15aa5c7e3ec329659baa2249,-75,,3,64,12.0,3
15:26:24,26.0,3,5b6aa2c6d19479034a3a6e3bae268c036ca7f33b1b088ce85c5fbad9ff29a8b2,-64,,3,64,12.0,3
15:26:25,26.0,3,9acbe66fec49defe13f4f7900f7d9182cdedd8874ca0098071b387956ceddff2,-69,,3,64,8.0,3
15:26:25,26.0,3,4878e30008b93396487168d9b5b81de0e569ecc6de7807e2be65be12116853be,-73,Tb80,3,64,,3
15:26:26,26.0,3,a2fd4f8c632f2c235f1a573226a91b920a68c09dfa50fbb00d2b1b0f50e15e82,-81,,3,64,12.0,3
15:26:27,26.0,3,4878e30008b93396487168d9b5b81de0e569ecc6de7807e2be65be12116853be,-82,Tb80,3,64,,3
15:26:28,26.0,3,eaf2db881fde94223cb72ab5bbbe139681e75a500578d8e046df879b3a3bb59b,-77,,3,64,7.0,3
15:26:29,,3,d61c4504c9e2d067daed3dbab6e124fc872ca20f9e6c73f5de3b05cec8d4a2d0,-80,,3,64,,3
15:26:29,26.0,3,fa26453016d8b172cf28f6d4dc3ae78845c1e363f06178386e6fa5e3459d0e48,-75,,3,64,8.0,3
15:26:30,26.0,3,fa26453016d8b172cf28f6d4dc3ae78845c1e363f06178386e6fa5e3459d0e48,-78,,3,64,8.0,3
15:26:31,26.0,3,a2fd4f8c632f2c235f1a573226a91b920a68c09dfa50fbb00d2b1b0f50e15e82,-77,,3,64,12.0,3
15:26:32,26.0,3,6e51aa39efd9e43fcbb5745e1041ae7d9c04ce76b90c7e5d192c982fa21d1e80,-80,,3,64,12.0,3
15:26:33,26.0,3,4905bbead8e2eab4a02c4eceefea94287717a07682188f90f2931a318d0da001,-93,,3,64,7.0,3
15:26:33,26.0,3,9acbe66fec49defe13f4f7900f7d9182cdedd8874ca0098071b387956ceddff2,-57,,3,64,8.0,3
15:26:34,26.0,3,4905bbead8e2eab4a02c4eceefea94287717a07682188f90f2931a318d0da001,-93,,3,64,7.0,3
15:26:35,26.0,3,ea2b5e780eb526821481d9758b9c62ced9df33b77290abb97b655fcaff0dd6dc,-80,,3,64,6.0,3
15:26:36,26.0,3,ea2b5e780eb526821481d9758b9c62ced9df33b77290abb97b655fcaff0dd6dc,-82,,3,64,6.0,3
15:26:37,,3,eb95fa3e917653bd0a1822dc7049f7716ea16578412bb656e68415aa19c3d70e,-89,,3,64,,3
15:26:37,26.0,3,849c51998625d34299d7df32040683430a8fb88aa8d1f13c2234fc5c4bcbf7c6,-79,,3,64,12.0,3
15:26:38,26.0,3,5b6aa2c6d19479034a3a6e3bae268c036ca7f33b1b088ce85c5fbad9ff29a8b2,-63,,3,64,12.0,3
15:26:39,26.0,3,4878e30008b93396487168d9b5b81de0e569ecc6de7807e2be65be12116853be,-80,Tb80,3,64,,3
15:26:40,26.0,3,5b6aa2c6d19479034a3a6e3bae268c036ca7f33b1b088ce85c5fbad9ff29a8b2,-65,,3,64,12.0,3
15:26:41,26.0,3,3377c94a476c426312620dd510287538dc9d97f6c23f15cbc14376b36c45b84e,-73,,3,64,7.0,3
15:26:41,26.0,3,70b42a0eb1dd780281f15c96d3b7104f13e0b6bd15aa5c7e3ec329659baa2249,-89,,3,64,12.0,3
15:26:42,,3,d61c4504c9e2d067daed3dbab6e124fc872ca20f9e6c73f5de3b05cec8d4a2d0,-71,,3,64,,3
15:26:43,26.0,3,9acbe66fec49defe13f4f7900f7d9182cdedd8874ca0098071b387956ceddff2,-72,,3,64,8.0,3
15:26:44,26.0,3,0c61e292b136363dd20360f64899ef07c2170aefbf3373d70314927a7a2909b8,-87,,3,64,12.0,3
15:26:45,26.0,3,4878e30008b93396487168d9b5b81de0e569ecc6de7807e2be65be12116853be,-70,Tb80,3,64,,3
15:26:45,26.0,3,eaf2db881fde94223cb72ab5bbbe139681e75a500578d8e046df879b3a3bb59b,-74,,3,64,7.0,3
15:26:46,26.0,3,6e51aa39efd9e43fcbb5745e1041ae7d9c04ce76b90c7e5d192c982fa21d1e80,-78,,3,64,12.0,3
15:26:47,26.0,3,fa26453016d8b172cf28f6d4dc3ae78845c1e363f06178386e6fa5e3459d0e48,-72,,3,64,8.0,3
15:26:48,,3,556e667dfb389bc68586a40ba56c0bbe04d636a3d7a5105e7006848e7f684b8d,-74,,3,64,,3
15:26:49,26.0,3,c8e76a76839b184f1946ea67729d8eecb359057b3844212c405aa677464b96a0,-89,,3,64,8.0,3
15:26:49,26.0,3,a2fd4f8c632f2c235f1a573226a91b920a68c09dfa50fbb00d2b1b0f50e15e82,-74,,3,64,12.0,3
15:26:50,,3,27032480200a77f1337541bb96e049f3daa41c4768883586a4d6ed1c344b63c4,-74,,3,64,,3
15:26:51,26.0,3,4878e30008b93396487168d9b5b81de0e569ecc6de7807e2be65be12116853be,-79,Tb80,3,64,,3
15:26:52,26.0,3,5b6aa2c6d19479034a3a6e3bae268c036ca7f33b1b088ce85c5fbad9ff29a8b2,-58,,3,64,12.0,3
15:26:53,26.0,3,5b6aa2c6d19479034a3a6e3bae268c036ca7f33b1b088ce85c5fbad9ff29a8b2,-68,,3,64,12.0,3
15:26:53,26.0,3,ea2b5e780eb526821481d9758b9c62ced9df33b77290abb97b655fcaff0dd6dc,-79,,3,64,6.0,3
15:26:54,26.0,3,279b574173f0a8c61acc903fd9272a8757b6394bc1b9092b7720050b3446312f,-71,,3,64,12.0,3
15:26:55,26.0,3,074f76caaa9efbc217bd2030ae53c0246f4ad45cf032429462875d2400698103,-87,,3,64,,3
15:26:56,26.0,3,074f76caaa9efbc217bd2030ae53c0246f4ad45cf032429462875d2400698103,-90,,3,64,,3
15:26:57,26.0,3,fa26453016d8b172cf28f6d4dc3ae78845c1e363f06178386e6fa5e3459d0e48,-73,,3,64,8.0,3
15:26:57,26.0,3,0c61e292b136363dd20360f64899ef07c2170aefbf3373d70314927a7a2909b8,-80,,3,64,12.0,3
15:26:58,,3,27032480200a77f1337541bb96e049f3daa41c4768883586a4d6ed1c344b63c4,-76,,3,64,,3
15:26:59,26.0,3,eaf2db881fde94223cb72ab5bbbe139681e75a500578d8e046df879b3a3bb59b,-73,,3,64,7.0,3
15:27:00,26.0,3,6e51aa39efd9e43fcbb5745e1041ae7d9c04ce76b90c7e5d192c982fa21d1e80,-71,,3,64,12.0,3
15:27:01,26.0,3,ea2b5e780eb526821481d9758b9c62ced9df33b77290abb97b655fcaff0dd6dc,-81,,3,64,6.0,3
15:27:01,,3,d61c4504c9e2d067daed3dbab6e124fc872ca20f9e6c73f5de3b05cec8d4a2d0,-76,,3,64,,3
15:27:02,26.0,3,4878e30008b93396487168d9b5b81de0e569ecc6de7807e2be65be12116853be,-77,Tb80,3,64,,3
15:27:03,26.0,3,6e51aa39efd9e43fcbb5745e1041ae7d9c04ce76b90c7e5d192c982fa21d1e80,-73,,3,64,12.0,3
15:27:04,26.0,3,70b42a0eb1dd780281f15c96d3b7104f13e0b6bd15aa5c7e3ec329659baa2249,-80,,3,64,12.0,3
15:27:05,26.0,3,c8e76a76839b184f1946ea67729d8eecb359057b3844212c405aa677464b96a0,-96,,3,64,8.0,3
15:27:05,26.0,3,fa26453016d8b172cf28f6d4dc3ae78845c1e363f06178386e6fa5e3459d0e48,-71,,3,64,8.0,3
15:27:06,26.0,3,3377c94a476c426312620dd510287538dc9d97f6c23f15cbc14376b36c45b84e,-70,,3,64,7.0,3
15:27:07,,3,d61c4504c9e2d067daed3dbab6e124fc872ca20f9e6c73f5de3b05cec8d4a2d0,-78,,3,64,,3
15:27:08,26.0,3,dc5f160e295283827df5c1df5cd7106f1fff9069cbbfeb8fc5bc3a14018003dd,-84,,3,64,8.0,3
15:27:09,26.0,3,074f76caaa9efbc217bd2030ae53c0246f4ad45cf032429462875d2400698103,-77,,3,64,8.0,3
15:27:09,26.0,3,279b574173f0a8c61acc903fd9272a8757b6394bc1b9092b7720050b3446312f,-70,,3,64,12.0,3
15:27:10,,3,27032480200a77f1337541bb96e049f3daa41c4768883586a4d6ed1c344b63c4,-75,,3,64,,3
15:27:11,26.0,3,eaf2db881fde94223cb72ab5bbbe139681e75a500578d8e046df879b3a3bb59b,-72,,3,64,7.0,3
15:27:12,26.0,3,279b574173f0a8c61acc903fd9272a8757b6394bc1b9092b7720050b3446312f,-76,,3,64,12.0,3
15:27:12,,3,3ddccfb2f18c0d4e635a8b94e99cd2639f7ffdf5e969a0ab2fb9349cae2ca537,-52,,3,64,,3
15:27:13,26.0,3,6e51aa39efd9e43fcbb5745e1041ae7d9c04ce76b90c7e5d192c982fa21d1e80,-69,,3,64,12.0,3
15:27:14,26.0,3,6e51aa39efd9e43fcbb5745e1041ae7d9c04ce76b90c7e5d192c982fa21d1e80,-80,,3,64,12.0,3
15:27:15,26.0,3,eaf2db881fde94223cb72ab5bbbe139681e75a500578d8e046df879b3a3bb59b,-81,,3,64,7.0,3
15:27:16,26.0,3,849c51998625d34299d7df32040683430a8fb88aa8d1f13c2234fc5c4bcbf7c6,-82,,3,64,12.0,3
15:27:17,,3,3ddccfb2f18c0d4e635a8b94e99cd2639f7ffdf5e969a0ab2fb9349cae2ca537,-54,,3,64,,3
15:27:17,26.0,3,3ff376255085fc2c589525c2683b904b3827fc9ad7232364659bcb5be823abb7,-72,,3,64,7.0,3
15:27:18,26.0,3,5b7606b08eea35697d45c5867caf6213ebcd72a3b6f9c1671a9412fdef65845d,-91,,3,64,7.0,3
15:27:19,26.0,3,5b6aa2c6d19479034a3a6e3bae268c036ca7f33b1b088ce85c5fbad9ff29a8b2,-60,,3,64,12.0,3
15:27:20,26.0,3,4878e30008b93396487168d9b5b81de0e569ecc6de7807e2be65be12116853be,-78,Tb80,3,64,,3
15:27:21,,3,3ddccfb2f18c0d4e635a8b94e99cd2639f7ffdf5e969a0ab2fb9349cae2ca537,-58,,3,64,,3
15:27:21,26.0,3,5b6aa2c6d19479034a3a6e3bae268c036ca7f33b1b088ce85c5fbad9ff29a8b2,-55,,3,64,12.0,3
15:27:22,,3,d61c4504c9e2d067daed3dbab6e124fc872ca20f9e6c73f5de3b05cec8d4a2d0,-83,,3,64,,3
15:27:23,26.0,3,9acbe66fec49defe13f4f7900f7d9182cdedd8874ca0098071b387956ceddff2,-69,,3,64,8.0,3
15:27:24,26.0,3,fa26453016d8b172cf28f6d4dc3ae78845c1e363f06178386e6fa5e3459d0e48,-77,,3,64,8.0,3
15:27:25,,3,3ddccfb2f18c0d4e635a8b94e99cd2639f7ffdf5e969a0ab2fb9349cae2ca537,-55,,3,64,,3
15:27:26,26.0,3,fa26453016d8b172cf28f6d4dc3ae78845c1e363f06178386e6fa5e3459d0e48,-83,,3,64,8.0,3
15:27:26,26.0,3,dc5f160e295283827df5c1df5cd7106f1fff9069cbbfeb8fc5bc3a14018003dd,-89,,3,64,8.0,3
15:27:27,,3,d40c5e9b5be66349f9dae19fe67c745a1cf90a8b2f4eaad73013bde0cad8f76a,-85,,3,64,,3
15:27:28,,3,cef95589de0c0ddfa2bab357e72e08f8327c522654edc6ced1802cd34ce30bf6,-86,,3,64,,3
15:27:29,,3,88631d580c766d03703e83064e8e2e8c0c235b442b13e9ab0c2d41f0d54b6929,-87,,3,64,,3
15:27:30,,3,fc44bdace12a122254b2e95530756ca929ad4c0c0eb2c6dd06e2a6349c3f151f,-78,,3,64,,3
15:27:30,26.0,3,4878e30008b93396487168d9b5b81de0e569ecc6de7807e2be65be12116853be,-74,Tb80,3,64,,3
15:27:31,,3,d61c4504c9e2d067daed3dbab6e124fc872ca20f9e6c73f5de3b05cec8d4a2d0,-73,,3,64,,3
15:27:32,26.0,3,0c61e292b136363dd20360f64899ef07c2170aefbf3373d70314927a7a2909b8,-80,,3,64,12.0,3
15:27:33,26.0,3,a2fd4f8c632f2c235f1a573226a91b920a68c09dfa50fbb00d2b1b0f50e15e82,-75,,3,64,12.0,3
15:27:34,26.0,3,6e51aa39efd9e43fcbb5745e1041ae7d9c04ce76b90c7e5d192c982fa21d1e80,-76,,3,64,12.0,3
15:27:34,26.0,3,4878e30008b93396487168d9b5b81de0e569ecc6de7807e2be65be12116853be,-75,Tb80,3,64,,3
15:27:35,26.0,3,6e51aa39efd9e43fcbb5745e1041ae7d9c04ce76b90c7e5d192c982fa21d1e80,-71,,3,64,12.0,3
15:27:36,26.0,3,9acbe66fec49defe13f4f7900f7d9182cdedd8874ca0098071b387956ceddff2,-69,,3,64,8.0,3
15:27:37,26.0,3,849c51998625d34299d7df32040683430a8fb88aa8d1f13c2234fc5c4bcbf7c6,-82,,3,64,12.0,3
15:27:38,26.0,3,154dff84bd8ab79d38f72915e37018de1d03488ca1f855737658d94bfd3309ba,-84,,3,64,12.0,3
15:27:38,26.0,3,849c51998625d34299d7df32040683430a8fb88aa8d1f13c2234fc5c4bcbf7c6,-81,,3,64,12.0,3
15:27:39,26.0,3,5b6aa2c6d19479034a3a6e3bae268c036ca7f33b1b088ce85c5fbad9ff29a8b2,-55,,3,64,12.0,3
15:27:40,26.0,3,849c51998625d34299d7df32040683430a8fb88aa8d1f13c2234fc5c4bcbf7c6,-82,,3,64,12.0,3
15:27:41,26.0,3,5b6aa2c6d19479034a3a6e3bae268c036ca7f33b1b088ce85c5fbad9ff29a8b2,-65,,3,64,12.0,3
15:27:42,26.0,3,5b6aa2c6d19479034a3a6e3bae268c036ca7f33b1b088ce85c5fbad9ff29a8b2,-54,,3,64,12.0,3
15:27:42,26.0,3,0c61e292b136363dd20360f64899ef07c2170aefbf3373d70314927a7a2909b8,-76,,3,64,12.0,3
15:27:43,,3,1a735aeb2c123868ceab8e6f77b8c30101be65ecc1631c494256d896c37b19f3,-83,,3,64,,3
15:27:44,26.0,3,9acbe66fec49defe13f4f7900f7d9182cdedd8874ca0098071b387956ceddff2,-71,,3,64,8.0,3
15:27:45,26.0,3,4878e30008b93396487168d9b5b81de0e569ecc6de7807e2be65be12116853be,-68,Tb80,3,64,,3
15:27:46,26.0,3,279b574173f0a8c61acc903fd9272a8757b6394bc1b9092b7720050b3446312f,-78,,3,64,12.0,3
15:27:46,26.0,3,eaf2db881fde94223cb72ab5bbbe139681e75a500578d8e046df879b3a3bb59b,-77,,3,64,7.0,3
15:27:47,,3,b0dbdda1fa821ded1288a669390c9879d8b43231c7ede8016dadb8eee5e1b36f,-77,,3,64,,3
15:27:48,26.0,3,dc5f160e295283827df5c1df5cd7106f1fff9069cbbfeb8fc5bc3a14018003dd,-81,,3,64,8.0,3
15:27:49,26.0,3,a2fd4f8c632f2c235f1a573226a91b920a68c09dfa50fbb00d2b1b0f50e15e82,-82,,3,64,12.0,3
15:27:50,26.0,3,4878e30008b93396487168d9b5b81de0e569ecc6de7807e2be65be12116853be,-75,Tb80,3,64,,3
15:27:50,26.0,3,3ff376255085fc2c589525c2683b904b3827fc9ad7232364659bcb5be823abb7,-68,,3,64,7.0,3
15:27:51,26.0,3,8771dd294170d9a95b9f86adc3b14aa6d65844237e6517a5d31f5064c7edcf80,-87,,3,64,24.0,3
15:27:52,26.0,3,8771dd294170d9a95b9f86adc3b14aa6d65844237e6517a5d31f5064c7edcf80,-93,,3,64,24.0,3
15:27:53,26.0,3,849c51998625d34299d7df32040683430a8fb88aa8d1f13c2234fc5c4bcbf7c6,-83,,3,64,12.0,3
15:27:54,26.0,3,6e51aa39efd9e43fcbb5745e1041ae7d9c04ce76b90c7e5d192c982fa21d1e80,-75,,3,64,12.0,3
15:27:55,,3,d61c4504c9e2d067daed3dbab6e124fc872ca20f9e6c73f5de3b05cec8d4a2d0,-73,,3,64,,3
15:27:55,26.0,3,4bfee5b2443036ae62dccf4faab813d560e04bedecbd055744411fdc334e8d52,-81,,3,64,8.0,3
15:27:56,26.0,3,074f76caaa9efbc217bd2030ae53c0246f4ad45cf032429462875d2400698103,-76,,3,64,8.0,3
15:27:57,26.0,3,dc5f160e295283827df5c1df5cd7106f1fff9069cbbfeb8fc5bc3a14018003dd,-86,,3,64,8.0,3
15:27:58,,3,9a8a30484c14a7f69205640d93e94bf7600424453a24df4f38e3968a51c05235,-83,,3,64,,3
15:27:58,26.0,3,154dff84bd8ab79d38f72915e37018de1d03488ca1f855737658d94bfd3309ba,-83,,3,64,12.0,3
15:27:59,26.0,3,0c61e292b136363dd20360f64899ef07c2170aefbf3373d70314927a7a2909b8,-88,,3,64,12.0,3
15:28:00,,3,d61c4504c9e2d067daed3dbab6e124fc872ca20f9e6c73f5de3b05cec8d4a2d0,-76,,3,64,,3
15:28:01,26.0,3,5b7606b08eea35697d45c5867caf6213ebcd72a3b6f9c1671a9412fdef65845d,-92,,3,64,7.0,3
15:28:02,,3,193d30d42f3d382c0595387cb92f5e02dd6c866013d29961999e2213c7d9b139,-78,,3,64,,3
15:28:02,26.0,3,5b6aa2c6d19479034a3a6e3bae268c036ca7f33b1b088ce85c5fbad9ff29a8b2,-63,,3,64,12.0,3
15:28:03,26.0,3,5b6aa2c6d19479034a3a6e3bae268c036ca7f33b1b088ce85c5fbad9ff29a8b2,-56,,3,64,12.0,3
15:28:04,,3,a2b30e71f459a86c04b15e80c35a1675a5f246e67c96d220d6b11e267019319f,-76,,3,64,,3
15:28:05,,3,d61c4504c9e2d067daed3dbab6e124fc872ca20f9e6c73f5de3b05cec8d4a2d0,-86,,3,64,,3
15:28:06,,3,193d30d42f3d382c0595387cb92f5e02dd6c866013d29961999e2213c7d9b139,-81,,3,64,,3
15:28:06,26.0,3,279b574173f0a8c61acc903fd9272a8757b6394bc1b9092b7720050b3446312f,-76,,3,64,12.0,3
15:28:07,26.0,3,849c51998625d34299d7df32040683430a8fb88aa8d1f13c2234fc5c4bcbf7c6,-84,,3,64,12.0,3
15:28:08,26.0,3,6e51aa39efd9e43fcbb5745e1041ae7d9c04ce76b90c7e5d192c982fa21d1e80,-77,,3,64,12.0,3
15:28:09,26.0,3,0c61e292b136363dd20360f64899ef07c2170aefbf3373d70314927a7a2909b8,-82,,3,64,12.0,3
15:28:10,26.0,3,4bfee5b2443036ae62dccf4faab813d560e04bedecbd055744411fdc334e8d52,-71,,3,64,8.0,3
15:28:10,26.0,3,6e51aa39efd9e43fcbb5745e1041ae7d9c04ce76b90c7e5d192c982fa21d1e80,-74,,3,64,12.0,3
15:28:11,,3,b9fc895c0f7318d8d1a0b85897462422281497eb388628e124a181efdc28c22c,-89,,3,64,,3
15:28:12,,3,d61c4504c9e2d067daed3dbab6e124fc872ca20f9e6c73f5de3b05cec8d4a2d0,-82,,3,64,,3
15:28:13,26.0,3,310ee9a00733fe5fe1f9351d2848e2dcd8f12e694a2b352a30dd2977f00ea81d,-76,,3,64,12.0,3
15:28:14,26.0,3,eaf2db881fde94223cb72ab5bbbe139681e75a500578d8e046df879b3a3bb59b,-75,,3,64,7.0,3
15:28:14,26.0,3,3377c94a476c426312620dd510287538dc9d97f6c23f15cbc14376b36c45b84e,-69,,3,64,7.0,3
15:28:15,,3,b9fc895c0f7318d8d1a0b85897462422281497eb388628e124a181efdc28c22c,-83,,3,64,,3
15:28:16,26.0,3,849c51998625d34299d7df32040683430a8fb88aa8d1f13c2234fc5c4bcbf7c6,-81,,3,64,12.0,3
15:28:17,26.0,3,074f76caaa9efbc217bd2030ae53c0246f4ad45cf032429462875d2400698103,-76,,3,64,8.0,3
15:28:18,,3,193d30d42f3d382c0595387cb92f5e02dd6c866013d29961999e2213c7d9b139,-83,,3,64,,3
15:28:18,,3,d5a267329022aa3bea69c6ff05ad7d7ad79eacba3943bea3d8d9fa22f24ccc83,-94,,3,64,,3
15:28:19,26.0,3,279b574173f0a8c61acc903fd9272a8757b6394bc1b9092b7720050b3446312f,-77,,3,64,12.0,3
15:28:20,26.0,3,279b574173f0a8c61acc903fd9272a8757b6394bc1b9092b7720050b3446312f,-75,,3,64,12.0,3
15:28:21,26.0,3,4878e30008b93396487168d9b5b81de0e569ecc6de7807e2be65be12116853be,-80,Tb80,3,64,,3
15:28:22,26.0,3,4878e30008b93396487168d9b5b81de0e569ecc6de7807e2be65be12116853be,-79,Tb80,3,64,,3
15:28:22,,3,d61c4504c9e2d067daed3dbab6e124fc872ca20f9e6c73f5de3b05cec8d4a2d0,-75,,3,64,,3
15:28:23,,3,d61c4504c9e2d067daed3dbab6e124fc872ca20f9e6c73f5de3b05cec8d4a2d0,-73,,3,64,,3
15:28:24,26.0,3,4bfee5b2443036ae62dccf4faab813d560e04bedecbd055744411fdc334e8d52,-76,,3,64,8.0,3
15:28:25,26.0,3,aff127275aa906db59b4f23b813da269df088047ef5a361ef09ed28da1607d5e,-90,,3,64,12.0,3
15:28:26,,3,d61c4504c9e2d067daed3dbab6e124fc872ca20f9e6c73f5de3b05cec8d4a2d0,-73,,3,64,,3
15:28:27,26.0,3,4bfee5b2443036ae62dccf4faab813d560e04bedecbd055744411fdc334e8d52,-75,,3,64,8.0,3
15:28:27,,3,b9fc895c0f7318d8d1a0b85897462422281497eb388628e124a181efdc28c22c,-88,,3,64,,3
15:28:28,,3,d61c4504c9e2d067daed3dbab6e124fc872ca20f9e6c73f5de3b05cec8d4a2d0,-72,,3,64,,3
15:28:29,26.0,3,ea2b5e780eb526821481d9758b9c62ced9df33b77290abb97b655fcaff0dd6dc,-81,,3,64,6.0,3
15:28:30,26.0,3,154dff84bd8ab79d38f72915e37018de1d03488ca1f855737658d94bfd3309ba,-87,,3,64,12.0,3
15:28:30,2.0,3,22d4d906d4b728545a9502668f43f83e413399078de5b70b0754989efc4c09c5,-92,,3,64,,3
15:28:31,26.0,3,9acbe66fec49defe13f4f7900f7d9182cdedd8874ca0098071b387956ceddff2,-78,,3,64,8.0,3
15:28:32,26.0,3,3377c94a476c426312620dd510287538dc9d97f6c23f15cbc14376b36c45b84e,-72,,3,64,7.0,3
15:28:33,26.0,3,279b574173f0a8c61acc903fd9272a8757b6394bc1b9092b7720050b3446312f,-86,,3,64,12.0,3
15:28:34,,3,d61c4504c9e2d067daed3dbab6e124fc872ca20f9e6c73f5de3b05cec8d4a2d0,-81,,3,64,,3
15:28:34,26.0,3,074f76caaa9efbc217bd2030ae53c0246f4ad45cf032429462875d2400698103,-80,,3,64,8.0,3
15:28:35,26.0,3,6e51aa39efd9e43fcbb5745e1041ae7d9c04ce76b90c7e5d192c982fa21d1e80,-71,,3,64,12.0,3
15:28:36,,3,d61c4504c9e2d067daed3dbab6e124fc872ca20f9e6c73f5de3b05cec8d4a2d0,-80,,3,64,,3
15:28:37,,3,8c19ac29593caec1a4638e40477264af85ecd5e93e14f6800bae3b05b3b3f9c5,-90,,3,64,,3
15:28:38,26.0,3,ea2b5e780eb526821481d9758b9c62ced9df33b77290abb97b655fcaff0dd6dc,-79,,3,64,6.0,3
15:28:38,26.0,3,849c51998625d34299d7df32040683430a8fb88aa8d1f13c2234fc5c4bcbf7c6,-75,,3,64,12.0,3
15:28:39,26.0,3,eaf2db881fde94223cb72ab5bbbe139681e75a500578d8e046df879b3a3bb59b,-82,,3,64,7.0,3
15:28:40,26.0,3,a2fd4f8c632f2c235f1a573226a91b920a68c09dfa50fbb00d2b1b0f50e15e82,-74,,3,64,12.0,3
15:28:41,26.0,3,9acbe66fec49defe13f4f7900f7d9182cdedd8874ca0098071b387956ceddff2,-73,,3,64,8.0,3
15:28:42,26.0,3,4bfee5b2443036ae62dccf4faab813d560e04bedecbd055744411fdc334e8d52,-78,,3,64,8.0,3
15:28:42,26.0,3,a2fd4f8c632f2c235f1a573226a91b920a68c09dfa50fbb00d2b1b0f50e15e82,-86,,3,64,12.0,3
15:28:43,26.0,3,279b574173f0a8c61acc903fd9272a8757b6394bc1b9092b7720050b3446312f,-71,,3,64,12.0,3
15:28:44,,3,d61c4504c9e2d067daed3dbab6e124fc872ca20f9e6c73f5de3b05cec8d4a2d0,-74,,3,64,,3
15:28:45,26.0,3,5b6aa2c6d19479034a3a6e3bae268c036ca7f33b1b088ce85c5fbad9ff29a8b2,-55,,3,64,12.0,3
15:28:46,,3,9a8a30484c14a7f69205640d93e94bf7600424453a24df4f38e3968a51c05235,-91,,3,64,,3
15:28:46,26.0,3,70b42a0eb1dd780281f15c96d3b7104f13e0b6bd15aa5c7e3ec329659baa2249,-75,,3,64,12.0,3
15:28:47,,3,d61c4504c9e2d067daed3dbab6e124fc872ca20f9e6c73f5de3b05cec8d4a2d0,-72,,3,64,,3
15:28:48,26.0,3,eaf2db881fde94223cb72ab5bbbe139681e75a500578d8e046df879b3a3bb59b,-83,,3,64,7.0,3
15:28:49,26.0,3,eaf2db881fde94223cb72ab5bbbe139681e75a500578d8e046df879b3a3bb59b,-85,,3,64,7.0,3
15:28:50,26.0,3,aff127275aa906db59b4f23b813da269df088047ef5a361ef09ed28da1607d5e,-87,,3,64,12.0,3
15:28:50,26.0,3,849c51998625d34299d7df32040683430a8fb88aa8d1f13c2234fc5c4bcbf7c6,-74,,3,64,12.0,3
15:28:51,26.0,3,4878e30008b93396487168d9b5b81de0e569ecc6de7807e2be65be12116853be,-82,Tb80,3,64,,3
15:28:52,26.0,3,849c51998625d34299d7df32040683430a8fb88aa8d1f13c2234fc5c4bcbf7c6,-75,,3,64,12.0,3
15:28:53,26.0,3,074f76caaa9efbc217bd2030ae53c0246f4ad45cf032429462875d2400698103,-76,,3,64,8.0,3
15:28:54,26.0,3,c8e76a76839b184f1946ea67729d8eecb359057b3844212c405aa677464b96a0,-92,,3,64,8.0,3
15:28:54,26.0,3,bbc58858280981284fffa071df14fd115e2c193f5940532ee1adf5a556090596,-99,,3,64,,3
15:28:55,,3,d61c4504c9e2d067daed3dbab6e124fc872ca20f9e6c73f5de3b05cec8d4a2d0,-81,,3,64,,3
15:28:56,26.0,3,3377c94a476c426312620dd510287538dc9d97f6c23f15cbc14376b36c45b84e,-68,,3,64,7.0,3
15:28:57,26.0,3,849c51998625d34299d7df32040683430a8fb88aa8d1f13c2234fc5c4bcbf7c6,-76,,3,64,12.0,3
15:28:58,,3,d61c4504c9e2d067daed3dbab6e124fc872ca20f9e6c73f5de3b05cec8d4a2d0,-78,,3,64,,3
15:28:58,26.0,3,154dff84bd8ab79d38f72915e37018de1d03488ca1f855737658d94bfd3309ba,-87,,3,64,12.0,3
15:28:59,26.0,3,4bfee5b2443036ae62dccf4faab813d560e04bedecbd055744411fdc334e8d52,-79,,3,64,8.0,3
15:29:00,26.0,3,154dff84bd8ab79d38f72915e37018de1d03488ca1f855737658d94bfd3309ba,-82,,3,64,12.0,3
15:29:01,26.0,3,70b42a0eb1dd780281f15c96d3b7104f13e0b6bd15aa5c7e3ec329659baa2249,-74,,3,64,12.0,3
15:29:02,26.0,3,0c61e292b136363dd20360f64899ef07c2170aefbf3373d70314927a7a2909b8,-76,,3,64,12.0,3
15:29:02,26.0,3,4878e30008b93396487168d9b5b81de0e569ecc6de7807e2be65be12116853be,-67,Tb80,3,64,,3
15:29:03,,3,d61c4504c9e2d067daed3dbab6e124fc872ca20f9e6c73f5de3b05cec8d4a2d0,-72,,3,64,,3
15:29:04,,3,d03a542e61481e8c604aee69f9ca0eb5e9b084a07bcca30fe45b48a9b8ea0379,-80,,3,64,,3
15:29:05,26.0,3,6e51aa39efd9e43fcbb5745e1041ae7d9c04ce76b90c7e5d192c982fa21d1e80,-78,,3,64,12.0,3
15:29:06,26.0,3,eaf2db881fde94223cb72ab5bbbe139681e75a500578d8e046df879b3a3bb59b,-85,,3,64,7.0,3
15:29:06,26.0,3,6e51aa39efd9e43fcbb5745e1041ae7d9c04ce76b90c7e5d192c982fa21d1e80,-74,,3,64,12.0,3
15:29:07,26.0,3,aff127275aa906db59b4f23b813da269df088047ef5a361ef09ed28da1607d5e,-90,,3,64,12.0,3
15:29:08,26.0,3,4878e30008b93396487168d9b5b81de0e569ecc6de7807e2be65be12116853be,-86,Tb80,3,64,,3
15:29:09,26.0,3,0c61e292b136363dd20360f64899ef07c2170aefbf3373d70314927a7a2909b8,-80,,3,64,12.0,3
15:29:10,26.0,3,849c51998625d34299d7df32040683430a8fb88aa8d1f13c2234fc5c4bcbf7c6,-78,,3,64,12.0,3
15:29:10,26.0,3,0c61e292b136363dd20360f64899ef07c2170aefbf3373d70314927a7a2909b8,-80,,3,64,12.0,3
15:29:11,,3,d61c4504c9e2d067daed3dbab6e124fc872ca20f9e6c73f5de3b05cec8d4a2d0,-76,,3,64,,3
15:29:12,26.0,3,ea2b5e780eb526821481d9758b9c62ced9df33b77290abb97b655fcaff0dd6dc,-87,,3,64,6.0,3
15:29:13,26.0,3,5b6aa2c6d19479034a3a6e3bae268c036ca7f33b1b088ce85c5fbad9ff29a8b2,-55,,3,64,12.0,3
15:29:14,26.0,3,4878e30008b93396487168d9b5b81de0e569ecc6de7807e2be65be12116853be,-74,Tb80,3,64,,3
15:29:14,26.0,3,ea2b5e780eb526821481d9758b9c62ced9df33b77290abb97b655fcaff0dd6dc,-79,,3,64,6.0,3
15:29:15,26.0,3,074f76caaa9efbc217bd2030ae53c0246f4ad45cf032429462875d2400698103,-86,,3,64,8.0,3
15:29:16,26.0,3,bbc58858280981284fffa071df14fd115e2c193f5940532ee1adf5a556090596,-92,,3,64,7.0,3
15:29:17,26.0,3,4bfee5b2443036ae62dccf4faab813d560e04bedecbd055744411fdc334e8d52,-78,,3,64,8.0,3
15:29:18,26.0,3,6e51aa39efd9e43fcbb5745e1041ae7d9c04ce76b90c7e5d192c982fa21d1e80,-78,,3,64,12.0,3
15:29:18,,3,88631d580c766d03703e83064e8e2e8c0c235b442b13e9ab0c2d41f0d54b6929,-88,,3,64,,3
15:29:19,26.0,3,8771dd294170d9a95b9f86adc3b14aa6d65844237e6517a5d31f5064c7edcf80,-92,,3,64,24.0,3
15:29:20,26.0,3,6e51aa39efd9e43fcbb5745e1041ae7d9c04ce76b90c7e5d192c982fa21d1e80,-71,,3,64,12.0,3
15:29:21,26.0,3,bbc58858280981284fffa071df14fd115e2c193f5940532ee1adf5a556090596,-94,,3,64,7.0,3
15:29:22,26.0,3,ea2b5e780eb526821481d9758b9c62ced9df33b77290abb97b655fcaff0dd6dc,-83,,3,64,6.0,3
15:29:23,26.0,3,eaf2db881fde94223cb72ab5bbbe139681e75a500578d8e046df879b3a3bb59b,-89,,3,64,7.0,3
15:29:23,26.0,3,a2fd4f8c632f2c235f1a573226a91b920a68c09dfa50fbb00d2b1b0f50e15e82,-83,,3,64,12.0,3
15:29:24,26.0,3,c8e76a76839b184f1946ea67729d8eecb359057b3844212c405aa677464b96a0,-91,,3,64,8.0,3
15:29:25,26.0,3,eaf2db881fde94223cb72ab5bbbe139681e75a500578d8e046df879b3a3bb59b,-77,,3,64,7.0,3
15:29:26,26.0,3,279b574173f0a8c61acc903fd9272a8757b6394bc1b9092b7720050b3446312f,-77,,3,64,12.0,3
15:29:27,26.0,3,154dff84bd8ab79d38f72915e37018de1d03488ca1f855737658d94bfd3309ba,-82,,3,64,12.0,3
15:29:27,26.0,3,70b42a0eb1dd780281f15c96d3b7104f13e0b6bd15aa5c7e3ec329659baa2249,-82,,3,64,12.0,3
15:29:28,26.0,3,a2fd4f8c632f2c235f1a573226a91b920a68c09dfa50fbb00d2b1b0f50e15e82,-86,,3,64,12.0,3
15:29:29,26.0,3,154dff84bd8ab79d38f72915e37018de1d03488ca1f855737658d94bfd3309ba,-89,,3,64,12.0,3
15:29:30,26.0,3,70b42a0eb1dd780281f15c96d3b7104f13e0b6bd15aa5c7e3ec329659baa2249,-72,,3,64,12.0,3
15:29:31,,3,4e5836ed32753874213df0b68b87ada9ad9ba933f9465e22b74ab8a5dd290e9e,-93,,3,64,,3
15:29:31,26.0,3,849c51998625d34299d7df32040683430a8fb88aa8d1f13c2234fc5c4bcbf7c6,-79,,3,64,12.0,3
15:29:32,26.0,3,dc5f160e295283827df5c1df5cd7106f1fff9069cbbfeb8fc5bc3a14018003dd,-89,,3,64,8.0,3
15:29:33,,3,d61c4504c9e2d067daed3dbab6e124fc872ca20f9e6c73f5de3b05cec8d4a2d0,-78,,3,64,,3
15:29:34,26.0,3,6e51aa39efd9e43fcbb5745e1041ae7d9c04ce76b90c7e5d192c982fa21d1e80,-76,,3,64,12.0,3
15:29:35,,3,b9fc895c0f7318d8d1a0b85897462422281497eb388628e124a181efdc28c22c,-89,,3,64,,3
15:29:35,26.0,3,849c51998625d34299d7df32040683430a8fb88aa8d1f13c2234fc5c4bcbf7c6,-79,,3,64,12.0,3
15:29:36,26.0,3,6e51aa39efd9e43fcbb5745e1041ae7d9c04ce76b90c7e5d192c982fa21d1e80,-71,,3,64,12.0,3
15:29:37,26.0,3,849c51998625d34299d7df32040683430a8fb88aa8d1f13c2234fc5c4bcbf7c6,-77,,3,64,12.0,3
15:29:38,,3,d61c4504c9e2d067daed3dbab6e124fc872ca20f9e6c73f5de3b05cec8d4a2d0,-76,,3,64,,3
15:29:39,26.0,3,c8e76a76839b184f1946ea67729d8eecb359057b3844212c405aa677464b96a0,-89,,3,64,8.0,3
15:29:39,26.0,3,dc5f160e295283827df5c1df5cd7106f1fff9069cbbfeb8fc5bc3a14018003dd,-76,,3,64,8.0,3
15:29:40,,3,d61c4504c9e2d067daed3dbab6e124fc872ca20f9e6c73f5de3b05cec8d4a2d0,-71,,3,64,,3
15:29:41,26.0,3,bbc58858280981284fffa071df14fd115e2c193f5940532ee1adf5a556090596,-88,,3,64,,3
15:29:42,26.0,3,ea2b5e780eb526821481d9758b9c62ced9df33b77290abb97b655fcaff0dd6dc,-81,,3,64,6.0,3
15:29:43,26.0,3,eaf2db881fde94223cb72ab5bbbe139681e75a500578d8e046df879b3a3bb59b,-79,,3,64,7.0,3
15:29:43,26.0,3,849c51998625d34299d7df32040683430a8fb88aa8d1f13c2234fc5c4bcbf7c6,-83,,3,64,12.0,3
15:29:44,26.0,3,074f76caaa9efbc217bd2030ae53c0246f4ad45cf032429462875d2400698103,-85,,3,64,8.0,3
15:29:45,,3,7a4e2456d86e23490d05adc8449d329c3015441431b1a447fc4b18ab3ad20c60,-73,,3,64,,3
15:29:46,,3,d61c4504c9e2d067daed3dbab6e124fc872ca20f9e6c73f5de3b05cec8d4a2d0,-73,,3,64,,3
15:29:47,26.0,3,4878e30008b93396487168d9b5b81de0e569ecc6de7807e2be65be12116853be,-72,Tb80,3,64,,3
15:29:47,26.0,3,849c51998625d34299d7df32040683430a8fb88aa8d1f13c2234fc5c4bcbf7c6,-82,,3,64,12.0,3
15:29:48,26.0,3,bbc58858280981284fffa071df14fd115e2c193f5940532ee1adf5a556090596,-87,,3,64,7.0,3
15:29:49,26.0,3,849c51998625d34299d7df32040683430a8fb88aa8d1f13c2234fc5c4bcbf7c6,-82,,3,64,12.0,3
15:29:50,26.0,3,6e51aa39efd9e43fcbb5745e1041ae7d9c04ce76b90c7e5d192c982fa21d1e80,-76,,3,64,12.0,3
15:29:51,,3,29e5eac00e96ac344ec4e03f028a9bfb1fc4ae3f44f78fc2fae1ba1566f8d0cf,-100,,3,64,,3
15:29:52,26.0,3,70b42a0eb1dd780281f15c96d3b7104f13e0b6bd15aa5c7e3ec329659baa2249,-72,,3,64,12.0,3
15:29:52,26.0,3,2dff5768c49b0f58d21295596c730bd341582df0b735700f5823cf357fc901e0,-88,,3,64,8.0,3
15:29:53,26.0,3,5b6aa2c6d19479034a3a6e3bae268c036ca7f33b1b088ce85c5fbad9ff29a8b2,-55,,3,64,12.0,3
15:29:54,,3,b5351962f2a1003490d6b9229c4d0938f073303332c40ce479164ed2d0d62b5e,-65,,3,64,,3
15:29:55,26.0,3,5b6aa2c6d19479034a3a6e3bae268c036ca7f33b1b088ce85c5fbad9ff29a8b2,-54,,3,64,12.0,3
15:29:56,26.0,3,ea2b5e780eb526821481d9758b9c62ced9df33b77290abb97b655fcaff0dd6dc,-85,,3,64,6.0,3
15:29:56,,3,a2b30e71f459a86c04b15e80c35a1675a5f246e67c96d220d6b11e267019319f,-80,,3,64,,3
15:29:57,,3,8c19ac29593caec1a4638e40477264af85ecd5e93e14f6800bae3b05b3b3f9c5,-80,,3,64,,3
15:29:58,,3,b5351962f2a1003490d6b9229c4d0938f073303332c40ce479164ed2d0d62b5e,-62,,3,64,,3
15:29:59,26.0,3,849c51998625d34299d7df32040683430a8fb88aa8d1f13c2234fc5c4bcbf7c6,-72,,3,64,12.0,3
15:30:00,26.0,3,4bfee5b2443036ae62dccf4faab813d560e04bedecbd055744411fdc334e8d52,-80,,3,64,8.0,3
15:30:00,,3,d61c4504c9e2d067daed3dbab6e124fc872ca20f9e6c73f5de3b05cec8d4a2d0,-70,,3,64,,3
15:30:01,,3,8c19ac29593caec1a4638e40477264af85ecd5e93e14f6800bae3b05b3b3f9c5,-82,,3,64,,3
15:30:02,26.0,3,4878e30008b93396487168d9b5b81de0e569ecc6de7807e2be65be12116853be,-74,Tb80,3,64,,3
15:30:03,26.0,3,849c51998625d34299d7df32040683430a8fb88aa8d1f13c2234fc5c4bcbf7c6,-78,,3,64,12.0,3
15:30:04,,3,d61c4504c9e2d067daed3dbab6e124fc872ca20f9e6c73f5de3b05cec8d4a2d0,-74,,3,64,,3
15:30:04,26.0,3,6e51aa39efd9e43fcbb5745e1041ae7d9c04ce76b90c7e5d192c982fa21d1e80,-78,,3,64,12.0,3
15:30:05,26.0,3,bbc58858280981284fffa071df14fd115e2c193f5940532ee1adf5a556090596,-87,,3,64,7.0,3
15:30:06,26.0,3,eaf2db881fde94223cb72ab5bbbe139681e75a500578d8e046df879b3a3bb59b,-91,,3,64,7.0,3
15:30:07,26.0,3,0c61e292b136363dd20360f64899ef07c2170aefbf3373d70314927a7a2909b8,-88,,3,64,12.0,3
15:30:08,26.0,3,074f76caaa9efbc217bd2030ae53c0246f4ad45cf032429462875d2400698103,-79,,3,64,8.0,3
15:30:08,26.0,3,70b42a0eb1dd780281f15c96d3b7104f13e0b6bd15aa5c7e3ec329659baa2249,-74,,3,64,12.0,3
15:30:09,26.0,3,70b42a0eb1dd780281f15c96d3b7104f13e0b6bd15aa5c7e3ec329659baa2249,-79,,3,64,12.0,3
15:30:10,26.0,3,5b6aa2c6d19479034a3a6e3bae268c036ca7f33b1b088ce85c5fbad9ff29a8b2,-56,,3,64,12.0,3
15:30:11,26.0,3,4bfee5b2443036ae62dccf4faab813d560e04bedecbd055744411fdc334e8d52,-79,,3,64,8.0,3
15:30:12,26.0,3,5b6aa2c6d19479034a3a6e3bae268c036ca7f33b1b088ce85c5fbad9ff29a8b2,-58,,3,64,12.0,3
15:30:12,,3,d61c4504c9e2d067daed3dbab6e124fc872ca20f9e6c73f5de3b05cec8d4a2d0,-80,,3,64,,3
15:30:13,26.0,3,849c51998625d34299d7df32040683430a8fb88aa8d1f13c2234fc5c4bcbf7c6,-78,,3,64,12.0,3
15:30:14,,3,9a8a30484c14a7f69205640d93e94bf7600424453a24df4f38e3968a51c05235,-77,,3,64,,3
15:30:15,26.0,3,074f76caaa9efbc217bd2030ae53c0246f4ad45cf032429462875d2400698103,-80,,3,64,8.0,3
15:30:16,26.0,3,8771dd294170d9a95b9f86adc3b14aa6d65844237e6517a5d31f5064c7edcf80,-93,,3,64,24.0,3
15:30:16,26.0,3,6e51aa39efd9e43fcbb5745e1041ae7d9c04ce76b90c7e5d192c982fa21d1e80,-70,,3,64,12.0,3
15:30:17,,3,d61c4504c9e2d067daed3dbab6e124fc872ca20f9e6c73f5de3b05cec8d4a2d0,-70,,3,64,,3
15:30:18,26.0,3,074f76caaa9efbc217bd2030ae53c0246f4ad45cf032429462875d2400698103,-85,,3,64,8.0,3
15:30:19,26.0,3,6e51aa39efd9e43fcbb5745e1041ae7d9c04ce76b90c7e5d192c982fa21d1e80,-81,,3,64,12.0,3
15:30:20,26.0,3,3377c94a476c426312620dd510287538dc9d97f6c23f15cbc14376b36c45b84e,-65,,3,64,7.0,3
15:30:21,26.0,3,ea2b5e780eb526821481d9758b9c62ced9df33b77290abb97b655fcaff0dd6dc,-81,,3,64,6.0,3
15:30:21,26.0,3,849c51998625d34299d7df32040683430a8fb88aa8d1f13c2234fc5c4bcbf7c6,-76,,3,64,12.0,3
15:30:22,26.0,3,4bfee5b2443036ae62dccf4faab813d560e04bedecbd055744411fdc334e8d52,-82,,3,64,8.0,3
15:30:23,26.0,3,eaf2db881fde94223cb72ab5bbbe139681e75a500578d8e046df879b3a3bb59b,-73,,3,64,7.0,3
15:30:24,26.0,3,50d1b095b770fcbfbd709b618280e779555bb2a29ea942d3570ad55ef6806c88,-92,,3,64,8.0,3
15:30:25,,3,d61c4504c9e2d067daed3dbab6e124fc872ca20f9e6c73f5de3b05cec8d4a2d0,-75,,3,64,,3
15:30:25,26.0,3,5b6aa2c6d19479034a3a6e3bae268c036ca7f33b1b088ce85c5fbad9ff29a8b2,-55,,3,64,12.0,3
15:30:26,26.0,3,5b6aa2c6d19479034a3a6e3bae268c036ca7f33b1b088ce85c5fbad9ff29a8b2,-51,,3,64,12.0,3
15:30:27,26.0,3,279b574173f0a8c61acc903fd9272a8757b6394bc1b9092b7720050b3446312f,-79,,3,64,12.0,3
15:30:28,26.0,3,9acbe66fec49defe13f4f7900f7d9182cdedd8874ca0098071b387956ceddff2,-55,,3,64,8.0,3
15:30:29,26.0,3,9acbe66fec49defe13f4f7900f7d9182cdedd8874ca0098071b387956ceddff2,-85,,3,64,8.0,3
15:30:29,26.0,3,074f76caaa9efbc217bd2030ae53c0246f4ad45cf032429462875d2400698103,-89,,3,64,8.0,3
15:30:30,26.0,3,6ba226bd875ff6d43c2ac1ebf4f79a2aeb2de52cad9a3e5e4ae4ee1561e72c60,-79,,3,64,12.0,3
15:30:31,,3,fe37c663e3455f4de8349f1829097244ef1d7910d487b94872f75a2b719fb830,-79,,3,64,,3
15:30:32,,3,b372fdef27fcef995e4eeb066cb52c58be9faf0771ad76174302b243435d6f02,-72,,3,64,,3
15:30:33,26.0,3,4bfee5b2443036ae62dccf4faab813d560e04bedecbd055744411fdc334e8d52,-79,,3,64,8.0,3
15:30:33,,3,a6f92e244b24f74af7728161fcb305ca7af957b9a7496623c9a1c8bbe4f56ae9,-88,,3,64,,3
15:30:34,26.0,3,70b42a0eb1dd780281f15c96d3b7104f13e0b6bd15aa5c7e3ec329659baa2249,-76,,3,64,12.0,3
15:30:35,26.0,3,849c51998625d34299d7df32040683430a8fb88aa8d1f13c2234fc5c4bcbf7c6,-82,,3,64,12.0,3
15:30:36,,3,caef941800ea24e156a51c2ba1fbf98483f8746c21b108d7a577046823b5e5db,-55,,3,64,,3
15:30:37,26.0,3,a2fd4f8c632f2c235f1a573226a91b920a68c09dfa50fbb00d2b1b0f50e15e82,-85,,3,64,12.0,3
15:30:37,26.0,3,849c51998625d34299d7df32040683430a8fb88aa8d1f13c2234fc5c4bcbf7c6,-83,,3,64,12.0,3
15:30:38,26.0,3,a2fd4f8c632f2c235f1a573226a91b920a68c09dfa50fbb00d2b1b0f50e15e82,-83,,3,64,12.0,3
15:30:39,26.0,3,9acbe66fec49defe13f4f7900f7d9182cdedd8874ca0098071b387956ceddff2,-57,,3,64,8.0,3
15:30:40,,3,d61c4504c9e2d067daed3dbab6e124fc872ca20f9e6c73f5de3b05cec8d4a2d0,-69,,3,64,,3
15:30:41,26.0,3,074f76caaa9efbc217bd2030ae53c0246f4ad45cf032429462875d2400698103,-86,,3,64,8.0,3
15:30:41,26.0,3,4878e30008b93396487168d9b5b81de0e569ecc6de7807e2be65be12116853be,-85,Tb80,3,64,,3
15:30:42,26.0,3,6ba226bd875ff6d43c2ac1ebf4f79a2aeb2de52cad9a3e5e4ae4ee1561e72c60,-85,,3,64,12.0,3
15:30:43,,3,85958aaa427489e5ce84bb7594ba9bef16f55907bfde378db0a17f4805f6a761,-81,,3,64,,3
15:30:44,,3,98a4acb21cf25a3f6e672e9ac126c81ba89cbcf21ee0f1c52a326d793fe9c862,-80,,3,64,,3
15:30:45,26.0,3,eaf2db881fde94223cb72ab5bbbe139681e75a500578d8e046df879b3a3bb59b,-72,,3,64,7.0,3
15:30:45,,3,e9d82c318ebc82d23adcfbef0efa1f89ecb098bcad62ddc6c1be1eb120dcb853,-89,,3,64,,3
15:30:46,,3,d61c4504c9e2d067daed3dbab6e124fc872ca20f9e6c73f5de3b05cec8d4a2d0,-77,,3,64,,3
15:30:47,26.0,3,70b42a0eb1dd780281f15c96d3b7104f13e0b6bd15aa5c7e3ec329659baa2249,-74,,3,64,12.0,3
15:30:48,,3,98a4acb21cf25a3f6e672e9ac126c81ba89cbcf21ee0f1c52a326d793fe9c862,-85,,3,64,,3
15:30:49,26.0,3,5b6aa2c6d19479034a3a6e3bae268c036ca7f33b1b088ce85c5fbad9ff29a8b2,-57,,3,64,12.0,3
15:30:50,26.0,3,279b574173f0a8c61acc903fd9272a8757b6394bc1b9092b7720050b3446312f,-72,,3,64,12.0,3
15:30:50,26.0,3,70b42a0eb1dd780281f15c96d3b7104f13e0b6bd15aa5c7e3ec329659baa2249,-77,,3,64,12.0,3
15:30:51,,3,fe37c663e3455f4de8349f1829097244ef1d7910d487b94872f75a2b719fb830,-85,,3,64,,3
15:30:52,26.0,3,4878e30008b93396487168d9b5b81de0e569ecc6de7807e2be65be12116853be,-73,Tb80,3,64,,3
15:30:53,26.0,3,4bfee5b2443036ae62dccf4faab813d560e04bedecbd055744411fdc334e8d52,-80,,3,64,8.0,3
15:30:54,,3,d61c4504c9e2d067daed3dbab6e124fc872ca20f9e6c73f5de3b05cec8d4a2d0,-81,,3,64,,3
15:30:54,26.0,3,ea2b5e780eb526821481d9758b9c62ced9df33b77290abb97b655fcaff0dd6dc,-80,,3,64,6.0,3
15:30:55,26.0,3,154dff84bd8ab79d38f72915e37018de1d03488ca1f855737658d94bfd3309ba,-82,,3,64,12.0,3
15:30:56,26.0,3,849c51998625d34299d7df32040683430a8fb88aa8d1f13c2234fc5c4bcbf7c6,-82,,3,64,12.0,3
15:30:57,26.0,3,eaf2db881fde94223cb72ab5bbbe139681e75a500578d8e046df879b3a3bb59b,-76,,3,64,7.0,3
15:30:58,26.0,3,849c51998625d34299d7df32040683430a8fb88aa8d1f13c2234fc5c4bcbf7c6,-77,,3,64,12.0,3
15:30:58,2.0,3,22d4d906d4b728545a9502668f43f83e413399078de5b70b0754989efc4c09c5,-89,,3,64,,3
15:30:59,,3,85958aaa427489e5ce84bb7594ba9bef16f55907bfde378db0a17f4805f6a761,-74,,3,64,,3
15:31:00,,3,00e0012aa2ea10fddbc931d87771008d5ba6df9493a3b2e92148d957e9c4ff75,-57,,3,64,,3
15:31:01,26.0,3,a2fd4f8c632f2c235f1a573226a91b920a68c09dfa50fbb00d2b1b0f50e15e82,-76,,3,64,12.0,3
15:31:02,26.0,3,9acbe66fec49defe13f4f7900f7d9182cdedd8874ca0098071b387956ceddff2,-74,,3,64,8.0,3
15:31:02,26.0,3,4878e30008b93396487168d9b5b81de0e569ecc6de7807e2be65be12116853be,-75,Tb80,3,64,,3
15:31:03,,3,85958aaa427489e5ce84bb7594ba9bef16f55907bfde378db0a17f4805f6a761,-79,,3,64,,3
15:31:04,,3,d61c4504c9e2d067daed3dbab6e124fc872ca20f9e6c73f5de3b05cec8d4a2d0,-74,,3,64,,3
15:31:05,26.0,3,bbc58858280981284fffa071df14fd115e2c193f5940532ee1adf5a556090596,-81,,3,64,,3
15:31:06,26.0,3,4878e30008b93396487168d9b5b81de0e569ecc6de7807e2be65be12116853be,-74,Tb80,3,64,,3
15:31:06,26.0,3,eaf2db881fde94223cb72ab5bbbe139681e75a500578d8e046df879b3a3bb59b,-73,,3,64,7.0,3
15:31:07,26.0,3,a2fd4f8c632f2c235f1a573226a91b920a68c09dfa50fbb00d2b1b0f50e15e82,-84,,3,64,12.0,3
15:31:08,26.0,3,849c51998625d34299d7df32040683430a8fb88aa8d1f13c2234fc5c4bcbf7c6,-84,,3,64,12.0,3
15:31:09,26.0,3,bbc58858280981284fffa071df14fd115e2c193f5940532ee1adf5a556090596,-82,,3,64,,3
15:31:10,,3,d61c4504c9e2d067daed3dbab6e124fc872ca20f9e6c73f5de3b05cec8d4a2d0,-68,,3,64,,3
15:31:10,26.0,3,ea2b5e780eb526821481d9758b9c62ced9df33b77290abb97b655fcaff0dd6dc,-83,,3,64,6.0,3
15:31:11,,3,f8f2642504f7e7e93782348f8acc0ce9331b275a7ac89972372cd4044fe4bf05,-90,,3,64,,3
15:31:12,26.0,3,4878e30008b93396487168d9b5b81de0e569ecc6de7807e2be65be12116853be,-81,Tb80,3,64,,3
15:31:13,26.0,3,9acbe66fec49defe13f4f7900f7d9182cdedd8874ca0098071b387956ceddff2,-53,,3,64,8.0,3
15:31:14,26.0,3,074f76caaa9efbc217bd2030ae53c0246f4ad45cf032429462875d2400698103,-75,,3,64,8.0,3
15:31:14,26.0,3,eaf2db881fde94223cb72ab5bbbe139681e75a500578d8e046df879b3a3bb59b,-82,,3,64,7.0,3
15:31:15,26.0,3,849c51998625d34299d7df32040683430a8fb88aa8d1f13c2234fc5c4bcbf7c6,-82,,3,64,12.0,3
15:31:16,26.0,3,154dff84bd8ab79d38f72915e37018de1d03488ca1f855737658d94bfd3309ba,-89,,3,64,12.0,3
15:31:17,,3,d61c4504c9e2d067daed3dbab6e124fc872ca20f9e6c73f5de3b05cec8d4a2d0,-79,,3,64,,3
15:31:18,26.0,3,4bfee5b2443036ae62dccf4faab813d560e04bedecbd055744411fdc334e8d52,-74,,3,64,8.0,3
15:31:19,,3,555226fbbf82ceee7c2fa146d0b405ccb6dadfbd01adaab04d57e608b5cb0a57,-76,,3,64,,3
15:31:19,26.0,3,6ba226bd875ff6d43c2ac1ebf4f79a2aeb2de52cad9a3e5e4ae4ee1561e72c60,-81,,3,64,12.0,3
15:31:20,26.0,3,ea2b5e780eb526821481d9758b9c62ced9df33b77290abb97b655fcaff0dd6dc,-82,,3,64,6.0,3
15:31:21,26.0,3,4878e30008b93396487168d9b5b81de0e569ecc6de7807e2be65be12116853be,-74,Tb80,3,64,,3
15:31:22,,3,0ebf7d9bea9a10f58de1ab4b3e041f9f06e96852281b4d061248087621f14226,-82,,3,64,,3
15:31:23,,3,d61c4504c9e2d067daed3dbab6e124fc872ca20f9e6c73f5de3b05cec8d4a2d0,-73,,3,64,,3
15:31:23,26.0,3,70b42a0eb1dd780281f15c96d3b7104f13e0b6bd15aa5c7e3ec329659baa2249,-78,,3,64,12.0,3
15:31:24,,3,ffd5b79c2c54e02ae60b21ec671b022459f8e936b1b7fceef64b2900bc4024f6,-71,,3,64,,3
15:31:25,,3,d894d42e672927e361b360169d1211a51fdb90a6db7ad160ad2bf88a8921d49f,-84,,3,64,,3
15:31:26,,3,0ebf7d9bea9a10f58de1ab4b3e041f9f06e96852281b4d061248087621f14226,-76,,3,64,,3
15:31:26,,3,75322321b7161cca5d64ed58264f6097781db763591109428d147b1b8fb79946,-81,,3,64,,3
15:31:27,,3,d61c4504c9e2d067daed3dbab6e124fc872ca20f9e6c73f5de3b05cec8d4a2d0,-72,,3,64,,3
15:31:28,26.0,3,4bfee5b2443036ae62dccf4faab813d560e04bedecbd055744411fdc334e8d52,-73,,3,64,8.0,3
15:31:29,,3,d894d42e672927e361b360169d1211a51fdb90a6db7ad160ad2bf88a8921d49f,-82,,3,64,,3
15:31:30,26.0,3,074f76caaa9efbc217bd2030ae53c0246f4ad45cf032429462875d2400698103,-77,,3,64,8.0,3
15:31:31,26.0,3,5b6aa2c6d19479034a3a6e3bae268c036ca7f33b1b088ce85c5fbad9ff29a8b2,-57,,3,64,12.0,3
15:31:31,26.0,3,5b6aa2c6d19479034a3a6e3bae268c036ca7f33b1b088ce85c5fbad9ff29a8b2,-56,,3,64,12.0,3
15:31:32,26.0,3,4878e30008b93396487168d9b5b81de0e569ecc6de7807e2be65be12116853be,-84,Tb80,3,64,,3
15:31:33,26.0,3,5b6aa2c6d19479034a3a6e3bae268c036ca7f33b1b088ce85c5fbad9ff29a8b2,-56,,3,64,12.0,3
15:31:34,26.0,3,c8e76a76839b184f1946ea67729d8eecb359057b3844212c405aa677464b96a0,-92,,3,64,8.0,3
15:31:35,,3,75322321b7161cca5d64ed58264f6097781db763591109428d147b1b8fb79946,-86,,3,64,,3
15:31:35,26.0,3,02b0ee71938ecd978493503324ffb129708f930d457c91ac08e0059b5a6e880a,-90,,3,64,8.0,3
15:31:36,26.0,3,849c51998625d34299d7df32040683430a8fb88aa8d1f13c2234fc5c4bcbf7c6,-82,,3,64,12.0,3
15:31:37,26.0,3,adc52606f326703bc555cca0fa0dbb6ee30a87f3d6ff8177482524b2017c2d23,-79,,3,64,12.0,3
15:31:38,26.0,3,a2fd4f8c632f2c235f1a573226a91b920a68c09dfa50fbb00d2b1b0f50e15e82,-78,,3,64,12.0,3
15:31:39,26.0,3,adc52606f326703bc555cca0fa0dbb6ee30a87f3d6ff8177482524b2017c2d23,-83,,3,64,12.0,3
15:31:40,26.0,3,3377c94a476c426312620dd510287538dc9d97f6c23f15cbc14376b36c45b84e,-58,,3,64,7.0,3
15:31:40,26.0,3,ea2b5e780eb526821481d9758b9c62ced9df33b77290abb97b655fcaff0dd6dc,-80,,3,64,6.0,3
15:31:41,26.0,3,ea2b5e780eb526821481d9758b9c62ced9df33b77290abb97b655fcaff0dd6dc,-79,,3,64,6.0,3
15:31:42,26.0,3,aff127275aa906db59b4f23b813da269df088047ef5a361ef09ed28da1607d5e,-93,,3,64,12.0,3
15:31:43,26.0,3,4bfee5b2443036ae62dccf4faab813d560e04bedecbd055744411fdc334e8d52,-78,,3,64,8.0,3
15:31:44,26.0,3,aff127275aa906db59b4f23b813da269df088047ef5a361ef09ed28da1607d5e,-89,,3,64,12.0,3
15:31:44,,3,9a8a30484c14a7f69205640d93e94bf7600424453a24df4f38e3968a51c05235,-84,,3,64,,3
15:31:45,,3,b372fdef27fcef995e4eeb066cb52c58be9faf0771ad76174302b243435d6f02,-74,,3,64,,3
15:31:46,26.0,3,c8e76a76839b184f1946ea67729d8eecb359057b3844212c405aa677464b96a0,-94,,3,64,8.0,3
15:31:47,,3,86dc051a4802f6f2a47bf435a4da79a68b37dd0865e903982d09ce739ca4d261,-62,,3,64,,3
15:31:48,26.0,3,aff127275aa906db59b4f23b813da269df088047ef5a361ef09ed28da1607d5e,-88,,3,64,12.0,3
15:31:48,,3,d61c4504c9e2d067daed3dbab6e124fc872ca20f9e6c73f5de3b05cec8d4a2d0,-73,,3,64,,3
15:31:49,26.0,3,849c51998625d34299d7df32040683430a8fb88aa8d1f13c2234fc5c4bcbf7c6,-72,,3,64,12.0,3
15:31:50,26.0,3,bbc58858280981284fffa071df14fd115e2c193f5940532ee1adf5a556090596,-80,,3,64,7.0,3
15:31:51,26.0,3,4878e30008b93396487168d9b5b81de0e569ecc6de7807e2be65be12116853be,-79,Tb80,3,64,,3
15:31:52,,3,f7ae087b8dcd2c8bca768ef118cf5ce78c2135944e1d1dd29ad5386092e6ae1f,-86,,3,64,,3
15:31:52,26.0,3,eaf2db881fde94223cb72ab5bbbe139681e75a500578d8e046df879b3a3bb59b,-81,,3,64,7.0,3
15:31:53,,3,d61c4504c9e2d067daed3dbab6e124fc872ca20f9e6c73f5de3b05cec8d4a2d0,-74,,3,64,,3
15:31:54,26.0,3,849c51998625d34299d7df32040683430a8fb88aa8d1f13c2234fc5c4bcbf7c6,-78,,3,64,12.0,3
15:31:55,26.0,3,4bfee5b2443036ae62dccf4faab813d560e04bedecbd055744411fdc334e8d52,-76,,3,64,8.0,3
15:31:56,26.0,3,849c51998625d34299d7df32040683430a8fb88aa8d1f13c2234fc5c4bcbf7c6,-75,,3,64,12.0,3
15:31:56,26.0,3,279b574173f0a8c61acc903fd9272a8757b6394bc1b9092b7720050b3446312f,-73,,3,64,12.0,3
15:31:57,26.0,3,074f76caaa9efbc217bd2030ae53c0246f4ad45cf032429462875d2400698103,-79,,3,64,8.0,3
15:31:58,26.0,3,5b6aa2c6d19479034a3a6e3bae268c036ca7f33b1b088ce85c5fbad9ff29a8b2,-56,,3,64,12.0,3
15:31:59,26.0,3,70b42a0eb1dd780281f15c96d3b7104f13e0b6bd15aa5c7e3ec329659baa2249,-77,,3,64,12.0,3
15:32:00,26.0,3,70b42a0eb1dd780281f15c96d3b7104f13e0b6bd15aa5c7e3ec329659baa2249,-75,,3,64,12.0,3
15:32:00,26.0,3,c8e76a76839b184f1946ea67729d8eecb359057b3844212c405aa677464b96a0,-83,,3,64,8.0,3
15:32:01,26.0,3,9acbe66fec49defe13f4f7900f7d9182cdedd8874ca0098071b387956ceddff2,-76,,3,64,8.0,3
15:32:02,26.0,3,c4674bd549e78e63d1acdc2fdbf0d63bf0cc8b2e619a99c0c08f75e28a543435,-79,,3,64,7.0,3
15:32:03,26.0,3,074f76caaa9efbc217bd2030ae53c0246f4ad45cf032429462875d2400698103,-71,,3,64,8.0,3
15:32:04,26.0,3,849c51998625d34299d7df32040683430a8fb88aa8d1f13c2234fc5c4bcbf7c6,-85,,3,64,12.0,3
15:32:04,26.0,3,074f76caaa9efbc217bd2030ae53c0246f4ad45cf032429462875d2400698103,-71,,3,64,8.0,3
15:32:05,26.0,3,849c51998625d34299d7df32040683430a8fb88aa8d1f13c2234fc5c4bcbf7c6,-88,,3,64,12.0,3
15:32:06,,3,98a4acb21cf25a3f6e672e9ac126c81ba89cbcf21ee0f1c52a326d793fe9c862,-80,,3,64,,3
15:32:07,26.0,3,bbc58858280981284fffa071df14fd115e2c193f5940532ee1adf5a556090596,-82,,3,64,,3
15:32:08,26.0,3,074f76caaa9efbc217bd2030ae53c0246f4ad45cf032429462875d2400698103,-75,,3,64,8.0,3
15:32:09,26.0,3,4878e30008b93396487168d9b5b81de0e569ecc6de7807e2be65be12116853be,-79,Tb80,3,64,,3
15:32:09,,3,1347275709e229e79335b9bbe4e6bb8e39ce59ea166ea052b76ea45e6a6fdc32,-80,,3,64,,3
15:32:10,26.0,3,849c51998625d34299d7df32040683430a8fb88aa8d1f13c2234fc5c4bcbf7c6,-82,,3,64,12.0,3
15:32:11,26.0,3,4878e30008b93396487168d9b5b81de0e569ecc6de7807e2be65be12116853be,-71,Tb80,3,64,,3
15:32:12,26.0,3,849c51998625d34299d7df32040683430a8fb88aa8d1f13c2234fc5c4bcbf7c6,-80,,3,64,12.0,3
15:32:13,,3,555226fbbf82ceee7c2fa146d0b405ccb6dadfbd01adaab04d57e608b5cb0a57,-67,,3,64,,3
15:32:13,26.0,3,ea2b5e780eb526821481d9758b9c62ced9df33b77290abb97b655fcaff0dd6dc,-79,,3,64,6.0,3
15:32:14,26.0,3,849c51998625d34299d7df32040683430a8fb88aa8d1f13c2234fc5c4bcbf7c6,-84,,3,64,12.0,3
15:32:15,26.0,3,074f76caaa9efbc217bd2030ae53c0246f4ad45cf032429462875d2400698103,-84,,3,64,8.0,3
15:32:16,26.0,3,bbc58858280981284fffa071df14fd115e2c193f5940532ee1adf5a556090596,-88,,3,64,,3
15:32:17,26.0,3,279b574173f0a8c61acc903fd9272a8757b6394bc1b9092b7720050b3446312f,-75,,3,64,12.0,3
15:32:17,,3,1347275709e229e79335b9bbe4e6bb8e39ce59ea166ea052b76ea45e6a6fdc32,-79,,3,64,,3
15:32:18,26.0,3,849c51998625d34299d7df32040683430a8fb88aa8d1f13c2234fc5c4bcbf7c6,-76,,3,64,12.0,3
15:32:19,26.0,3,4bfee5b2443036ae62dccf4faab813d560e04bedecbd055744411fdc334e8d52,-81,,3,64,8.0,3
15:32:20,26.0,3,849c51998625d34299d7df32040683430a8fb88aa8d1f13c2234fc5c4bcbf7c6,-81,,3,64,12.0,3
15:32:21,,3,d61c4504c9e2d067daed3dbab6e124fc872ca20f9e6c73f5de3b05cec8d4a2d0,-80,,3,64,,3
15:32:21,26.0,3,4878e30008b93396487168d9b5b81de0e569ecc6de7807e2be65be12116853be,-84,Tb80,3,64,,3
15:32:22,26.0,3,c4674bd549e78e63d1acdc2fdbf0d63bf0cc8b2e619a99c0c08f75e28a543435,-73,,3,64,7.0,3
15:32:23,26.0,3,70b42a0eb1dd780281f15c96d3b7104f13e0b6bd15aa5c7e3ec329659baa2249,-72,,3,64,12.0,3
15:32:24,26.0,3,3377c94a476c426312620dd510287538dc9d97f6c23f15cbc14376b36c45b84e,-65,,3,64,7.0,3
15:32:25,26.0,3,279b574173f0a8c61acc903fd9272a8757b6394bc1b9092b7720050b3446312f,-89,,3,64,12.0,3
15:32:25,26.0,3,ea2b5e780eb526821481d9758b9c62ced9df33b77290abb97b655fcaff0dd6dc,-85,,3,64,6.0,3
15:32:26,26.0,3,074f76caaa9efbc217bd2030ae53c0246f4ad45cf032429462875d2400698103,-79,,3,64,8.0,3
15:32:27,2.0,3,22d4d906d4b728545a9502668f43f83e413399078de5b70b0754989efc4c09c5,-88,,3,64,,3
15:32:28,26.0,3,849c51998625d34299d7df32040683430a8fb88aa8d1f13c2234fc5c4bcbf7c6,-86,,3,64,12.0,3
15:32:29,26.0,3,ea2b5e780eb526821481d9758b9c62ced9df33b77290abb97b655fcaff0dd6dc,-83,,3,64,6.0,3
15:32:29,26.0,3,849c51998625d34299d7df32040683430a8fb88aa8d1f13c2234fc5c4bcbf7c6,-83,,3,64,12.0,3
15:32:30,,3,caef941800ea24e156a51c2ba1fbf98483f8746c21b108d7a577046823b5e5db,-75,,3,64,,3
15:32:31,26.0,3,849c51998625d34299d7df32040683430a8fb88aa8d1f13c2234fc5c4bcbf7c6,-83,,3,64,12.0,3
15:32:32,,3,86dc051a4802f6f2a47bf435a4da79a68b37dd0865e903982d09ce739ca4d261,-68,,3,64,,3
15:32:33,26.0,3,4bfee5b2443036ae62dccf4faab813d560e04bedecbd055744411fdc334e8d52,-80,,3,64,8.0,3
15:32:34,26.0,3,154dff84bd8ab79d38f72915e37018de1d03488ca1f855737658d94bfd3309ba,-86,,3,64,12.0,3
15:32:34,26.0,3,c4674bd549e78e63d1acdc2fdbf0d63bf0cc8b2e619a99c0c08f75e28a543435,-78,,3,64,7.0,3
15:32:35,,3,d61c4504c9e2d067daed3dbab6e124fc872ca20f9e6c73f5de3b05cec8d4a2d0,-74,,3,64,,3
15:32:36,26.0,3,074f76caaa9efbc217bd2030ae53c0246f4ad45cf032429462875d2400698103,-89,,3,64,8.0,3
15:32:37,26.0,3,3377c94a476c426312620dd510287538dc9d97f6c23f15cbc14376b36c45b84e,-60,,3,64,7.0,3
15:32:38,26.0,3,3377c94a476c426312620dd510287538dc9d97f6c23f15cbc14376b36c45b84e,-78,,3,64,7.0,3
15:32:38,,3,85958aaa427489e5ce84bb7594ba9bef16f55907bfde378db0a17f4805f6a761,-77,,3,64,,3
15:32:39,26.0,3,9acbe66fec49defe13f4f7900f7d9182cdedd8874ca0098071b387956ceddff2,-62,,3,64,8.0,3
15:32:40,26.0,3,074f76caaa9efbc217bd2030ae53c0246f4ad45cf032429462875d2400698103,-81,,3,64,,3
15:32:41,26.0,3,074f76caaa9efbc217bd2030ae53c0246f4ad45cf032429462875d2400698103,-77,,3,64,,3
15:32:42,,3,d61c4504c9e2d067daed3dbab6e124fc872ca20f9e6c73f5de3b05cec8d4a2d0,-85,,3,64,,3
15:32:42,26.0,3,4bfee5b2443036ae62dccf4faab813d560e04bedecbd055744411fdc334e8d52,-75,,3,64,8.0,3
15:32:43,26.0,3,aff127275aa906db59b4f23b813da269df088047ef5a361ef09ed28da1607d5e,-97,,3,64,12.0,3
15:32:44,26.0,3,8771dd294170d9a95b9f86adc3b14aa6d65844237e6517a5d31f5064c7edcf80,-93,,3,64,24.0,3
15:32:45,26.0,3,ea2b5e780eb526821481d9758b9c62ced9df33b77290abb97b655fcaff0dd6dc,-82,,3,64,6.0,3
15:32:45,26.0,3,074f76caaa9efbc217bd2030ae53c0246f4ad45cf032429462875d2400698103,-75,,3,64,,3
15:32:46,26.0,3,c4674bd549e78e63d1acdc2fdbf0d63bf0cc8b2e619a99c0c08f75e28a543435,-75,,3,64,7.0,3
15:32:47,26.0,3,074f76caaa9efbc217bd2030ae53c0246f4ad45cf032429462875d2400698103,-76,,3,64,,3
15:32:48,26.0,3,3377c94a476c426312620dd510287538dc9d97f6c23f15cbc14376b36c45b84e,-62,,3,64,7.0,3
15:32:49,26.0,3,3377c94a476c426312620dd510287538dc9d97f6c23f15cbc14376b36c45b84e,-68,,3,64,7.0,3
15:32:50,26.0,3,849c51998625d34299d7df32040683430a8fb88aa8d1f13c2234fc5c4bcbf7c6,-75,,3,64,12.0,3
15:32:50,26.0,3,3ff376255085fc2c589525c2683b904b3827fc9ad7232364659bcb5be823abb7,-70,,3,64,7.0,3
15:32:51,26.0,3,4878e30008b93396487168d9b5b81de0e569ecc6de7807e2be65be12116853be,-78,Tb80,3,64,,3
15:32:52,,3,00e0012aa2ea10fddbc931d87771008d5ba6df9493a3b2e92148d957e9c4ff75,-43,,3,64,,3
15:32:53,26.0,3,adc52606f326703bc555cca0fa0dbb6ee30a87f3d6ff8177482524b2017c2d23,-87,,3,64,12.0,3
15:32:54,,3,75322321b7161cca5d64ed58264f6097781db763591109428d147b1b8fb79946,-84,,3,64,,3
15:32:54,,3,5e4a732fbcb20468b66587bca3c6e052ec842d0dda022a4fced91c910f16301c,-88,,3,64,,3
15:32:55,,3,d61c4504c9e2d067daed3dbab6e124fc872ca20f9e6c73f5de3b05cec8d4a2d0,-77,,3,64,,3
15:32:56,,3,00e0012aa2ea10fddbc931d87771008d5ba6df9493a3b2e92148d957e9c4ff75,-48,,3,64,,3
15:32:57,26.0,3,c4674bd549e78e63d1acdc2fdbf0d63bf0cc8b2e619a99c0c08f75e28a543435,-74,,3,64,7.0,3
15:32:58,,3,75322321b7161cca5d64ed58264f6097781db763591109428d147b1b8fb79946,-87,,3,64,,3
15:32:58,26.0,3,ea2b5e780eb526821481d9758b9c62ced9df33b77290abb97b655fcaff0dd6dc,-80,,3,64,6.0,3
15:32:59,26.0,3,9acbe66fec49defe13f4f7900f7d9182cdedd8874ca0098071b387956ceddff2,-63,,3,64,8.0,3
15:33:00,,3,b372fdef27fcef995e4eeb066cb52c58be9faf0771ad76174302b243435d6f02,-87,,3,64,,3
15:33:01,26.0,3,4878e30008b93396487168d9b5b81de0e569ecc6de7807e2be65be12116853be,-70,Tb80,3,64,,3
15:33:02,26.0,3,a2fd4f8c632f2c235f1a573226a91b920a68c09dfa50fbb00d2b1b0f50e15e82,-83,,3,64,12.0,3
15:33:02,2.0,3,22d4d906d4b728545a9502668f43f83e413399078de5b70b0754989efc4c09c5,-89,,3,64,,3
15:33:03,26.0,3,4bfee5b2443036ae62dccf4faab813d560e04bedecbd055744411fdc334e8d52,-79,,3,64,8.0,3
15:33:04,26.0,3,074f76caaa9efbc217bd2030ae53c0246f4ad45cf032429462875d2400698103,-87,,3,64,,3
15:33:05,26.0,3,849c51998625d34299d7df32040683430a8fb88aa8d1f13c2234fc5c4bcbf7c6,-69,,3,64,12.0,3
15:33:06,26.0,3,849c51998625d34299d7df32040683430a8fb88aa8d1f13c2234fc5c4bcbf7c6,-77,,3,64,12.0,3
15:33:06,,3,555226fbbf82ceee7c2fa146d0b405ccb6dadfbd01adaab04d57e608b5cb0a57,-67,,3,64,,3
15:33:07,,3,d61c4504c9e2d067daed3dbab6e124fc872ca20f9e6c73f5de3b05cec8d4a2d0,-68,,3,64,,3
15:33:08,26.0,3,70b42a0eb1dd780281f15c96d3b7104f13e0b6bd15aa5c7e3ec329659baa2249,-71,,3,64,12.0,3
15:33:09,26.0,3,279b574173f0a8c61acc903fd9272a8757b6394bc1b9092b7720050b3446312f,-70,,3,64,12.0,3
15:33:10,,3,d61c4504c9e2d067daed3dbab6e124fc872ca20f9e6c73f5de3b05cec8d4a2d0,-71,,3,64,,3
15:33:10,26.0,3,b57a145550967830fcd6a8b5e88e0911dc009f0ede39a7f4d41a0bd171d65801,-85,,3,64,7.0,3
15:33:11,26.0,3,70b42a0eb1dd780281f15c96d3b7104f13e0b6bd15aa5c7e3ec329659baa2249,-75,,3,64,12.0,3
15:33:12,26.0,3,3377c94a476c426312620dd510287538dc9d97f6c23f15cbc14376b36c45b84e,-61,,3,64,7.0,3
15:33:13,,3,1347275709e229e79335b9bbe4e6bb8e39ce59ea166ea052b76ea45e6a6fdc32,-76,,3,64,,3
15:33:14,26.0,3,849c51998625d34299d7df32040683430a8fb88aa8d1f13c2234fc5c4bcbf7c6,-75,,3,64,12.0,3
15:33:15,,3,555226fbbf82ceee7c2fa146d0b405ccb6dadfbd01adaab04d57e608b5cb0a57,-74,,3,64,,3
15:33:15,26.0,3,074f76caaa9efbc217bd2030ae53c0246f4ad45cf032429462875d2400698103,-88,,3,64,,3
15:33:16,26.0,3,70b42a0eb1dd780281f15c96d3b7104f13e0b6bd15aa5c7e3ec329659baa2249,-83,,3,64,12.0,3
15:33:17,26.0,3,4878e30008b93396487168d9b5b81de0e569ecc6de7807e2be65be12116853be,-78,Tb80,3,64,,3
15:33:18,26.0,3,adc52606f326703bc555cca0fa0dbb6ee30a87f3d6ff8177482524b2017c2d23,-83,,3,64,12.0,3
15:33:19,,3,a0f97548a027137af5904590b06bcb9fcdb3798b57a26462afe5396cbda9912c,-92,,3,64,,3
15:33:19,,3,d61c4504c9e2d067daed3dbab6e124fc872ca20f9e6c73f5de3b05cec8d4a2d0,-76,,3,64,,3
15:33:20,26.0,3,ea2b5e780eb526821481d9758b9c62ced9df33b77290abb97b655fcaff0dd6dc,-81,,3,64,6.0,3
15:33:21,26.0,3,c4674bd549e78e63d1acdc2fdbf0d63bf0cc8b2e619a99c0c08f75e28a543435,-78,,3,64,7.0,3
15:33:22,26.0,3,4bfee5b2443036ae62dccf4faab813d560e04bedecbd055744411fdc334e8d52,-80,,3,64,8.0,3
15:33:22,,3,a0f97548a027137af5904590b06bcb9fcdb3798b57a26462afe5396cbda9912c,-85,,3,64,,3
15:33:23,26.0,3,4bfee5b2443036ae62dccf4faab813d560e04bedecbd055744411fdc334e8d52,-79,,3,64,8.0,3
15:33:24,26.0,3,70b42a0eb1dd780281f15c96d3b7104f13e0b6bd15aa5c7e3ec329659baa2249,-74,,3,64,12.0,3
15:33:25,26.0,3,e748b3ee480b1bdcef4810e6e171147fa7df4ff2ab7c2c2c5404c4bc0798f348,-50,,3,64,12.0,3
15:33:26,26.0,3,b57a145550967830fcd6a8b5e88e0911dc009f0ede39a7f4d41a0bd171d65801,-88,,3,64,7.0,3
15:33:26,,3,d61c4504c9e2d067daed3dbab6e124fc872ca20f9e6c73f5de3b05cec8d4a2d0,-70,,3,64,,3
15:33:27,26.0,3,e748b3ee480b1bdcef4810e6e171147fa7df4ff2ab7c2c2c5404c4bc0798f348,-54,,3,64,12.0,3
15:33:28,26.0,3,e748b3ee480b1bdcef4810e6e171147fa7df4ff2ab7c2c2c5404c4bc0798f348,-49,,3,64,12.0,3
15:33:29,26.0,3,279b574173f0a8c61acc903fd9272a8757b6394bc1b9092b7720050b3446312f,-72,,3,64,12.0,3
15:33:30,26.0,3,e748b3ee480b1bdcef4810e6e171147fa7df4ff2ab7c2c2c5404c4bc0798f348,-49,,3,64,12.0,3
15:33:31,26.0,3,279b574173f0a8c61acc903fd9272a8757b6394bc1b9092b7720050b3446312f,-72,,3,64,12.0,3
15:33:31,26.0,3,ea2b5e780eb526821481d9758b9c62ced9df33b77290abb97b655fcaff0dd6dc,-78,,3,64,6.0,3
15:33:32,26.0,3,a2fd4f8c632f2c235f1a573226a91b920a68c09dfa50fbb00d2b1b0f50e15e82,-82,,3,64,12.0,3
15:33:33,26.0,3,c4674bd549e78e63d1acdc2fdbf0d63bf0cc8b2e619a99c0c08f75e28a543435,-80,,3,64,7.0,3
15:33:34,,3,d61c4504c9e2d067daed3dbab6e124fc872ca20f9e6c73f5de3b05cec8d4a2d0,-77,,3,64,,3
15:33:35,26.0,3,3377c94a476c426312620dd510287538dc9d97f6c23f15cbc14376b36c45b84e,-68,,3,64,7.0,3
15:33:35,26.0,3,a2fd4f8c632f2c235f1a573226a91b920a68c09dfa50fbb00d2b1b0f50e15e82,-86,,3,64,12.0,3
15:33:36,26.0,3,a2fd4f8c632f2c235f1a573226a91b920a68c09dfa50fbb00d2b1b0f50e15e82,-89,,3,64,12.0,3
15:33:37,26.0,3,4bfee5b2443036ae62dccf4faab813d560e04bedecbd055744411fdc334e8d52,-81,,3,64,8.0,3
15:33:38,26.0,3,849c51998625d34299d7df32040683430a8fb88aa8d1f13c2234fc5c4bcbf7c6,-73,,3,64,12.0,3
15:33:39,26.0,3,adc52606f326703bc555cca0fa0dbb6ee30a87f3d6ff8177482524b2017c2d23,-88,,3,64,12.0,3
15:33:39,26.0,3,849c51998625d34299d7df32040683430a8fb88aa8d1f13c2234fc5c4bcbf7c6,-72,,3,64,12.0,3
15:33:40,26.0,3,9acbe66fec49defe13f4f7900f7d9182cdedd8874ca0098071b387956ceddff2,-76,,3,64,8.0,3
15:33:41,26.0,3,849c51998625d34299d7df32040683430a8fb88aa8d1f13c2234fc5c4bcbf7c6,-70,,3,64,12.0,3
15:33:42,,3,f7ae087b8dcd2c8bca768ef118cf5ce78c2135944e1d1dd29ad5386092e6ae1f,-87,,3,64,,3
15:33:43,,3,d61c4504c9e2d067daed3dbab6e124fc872ca20f9e6c73f5de3b05cec8d4a2d0,-81,,3,64,,3
15:33:43,26.0,3,849c51998625d34299d7df32040683430a8fb88aa8d1f13c2234fc5c4bcbf7c6,-71,,3,64,12.0,3
15:33:44,26.0,3,b57a145550967830fcd6a8b5e88e0911dc009f0ede39a7f4d41a0bd171d65801,-89,,3,64,7.0,3
15:33:45,26.0,3,70b42a0eb1dd780281f15c96d3b7104f13e0b6bd15aa5c7e3ec329659baa2249,-92,,3,64,12.0,3
15:33:46,26.0,3,154dff84bd8ab79d38f72915e37018de1d03488ca1f855737658d94bfd3309ba,-88,,3,64,12.0,3
15:33:47,26.0,3,3377c94a476c426312620dd510287538dc9d97f6c23f15cbc14376b36c45b84e,-77,,3,64,7.0,3
15:33:47,26.0,3,4878e30008b93396487168d9b5b81de0e569ecc6de7807e2be65be12116853be,-77,Tb80,3,64,,3
15:33:48,26.0,3,154dff84bd8ab79d38f72915e37018de1d03488ca1f855737658d94bfd3309ba,-82,,3,64,12.0,3
15:33:49,26.0,3,e748b3ee480b1bdcef4810e6e171147fa7df4ff2ab7c2c2c5404c4bc0798f348,-50,,3,64,12.0,3
15:33:50,26.0,3,279b574173f0a8c61acc903fd9272a8757b6394bc1b9092b7720050b3446312f,-76,,3,64,12.0,3
15:33:51,26.0,3,c8e76a76839b184f1946ea67729d8eecb359057b3844212c405aa677464b96a0,-87,,3,64,8.0,3
15:33:51,26.0,3,6e51aa39efd9e43fcbb5745e1041ae7d9c04ce76b90c7e5d192c982fa21d1e80,-79,,3,64,12.0,3
15:33:52,26.0,3,4878e30008b93396487168d9b5b81de0e569ecc6de7807e2be65be12116853be,-66,Tb80,3,64,,3
15:33:53,26.0,3,bbc58858280981284fffa071df14fd115e2c193f5940532ee1adf5a556090596,-87,,3,64,7.0,3
15:33:54,,3,86dc051a4802f6f2a47bf435a4da79a68b37dd0865e903982d09ce739ca4d261,-63,,3,64,,3
15:33:55,26.0,3,279b574173f0a8c61acc903fd9272a8757b6394bc1b9092b7720050b3446312f,-70,,3,64,12.0,3
15:33:55,26.0,3,e748b3ee480b1bdcef4810e6e171147fa7df4ff2ab7c2c2c5404c4bc0798f348,-49,,3,64,12.0,3
15:33:56,26.0,3,6e51aa39efd9e43fcbb5745e1041ae7d9c04ce76b90c7e5d192c982fa21d1e80,-84,,3,64,12.0,3
15:33:57,26.0,3,8771dd294170d9a95b9f86adc3b14aa6d65844237e6517a5d31f5064c7edcf80,-88,,3,64,24.0,3
15:33:58,26.0,3,849c51998625d34299d7df32040683430a8fb88aa8d1f13c2234fc5c4bcbf7c6,-73,,3,64,12.0,3
15:33:59,26.0,3,9acbe66fec49defe13f4f7900f7d9182cdedd8874ca0098071b387956ceddff2,-72,,3,64,8.0,3
15:34:00,26.0,3,c4674bd549e78e63d1acdc2fdbf0d63bf0cc8b2e619a99c0c08f75e28a543435,-76,,3,64,7.0,3
15:34:00,26.0,3,4bfee5b2443036ae62dccf4faab813d560e04bedecbd055744411fdc334e8d52,-80,,3,64,8.0,3
15:34:01,26.0,3,074f76caaa9efbc217bd2030ae53c0246f4ad45cf032429462875d2400698103,-74,,3,64,8.0,3
15:34:02,26.0,3,849c51998625d34299d7df32040683430a8fb88aa8d1f13c2234fc5c4bcbf7c6,-73,,3,64,12.0,3
15:34:03,26.0,3,4878e30008b93396487168d9b5b81de0e569ecc6de7807e2be65be12116853be,-79,Tb80,3,64,,3
15:34:04,26.0,3,9acbe66fec49defe13f4f7900f7d9182cdedd8874ca0098071b387956ceddff2,-73,,3,64,8.0,3
15:34:04,26.0,3,b57a145550967830fcd6a8b5e88e0911dc009f0ede39a7f4d41a0bd171d65801,-85,,3,64,7.0,3
15:34:05,26.0,3,849c51998625d34299d7df32040683430a8fb88aa8d1f13c2234fc5c4bcbf7c6,-71,,3,64,12.0,3
15:34:06,,3,caef941800ea24e156a51c2ba1fbf98483f8746c21b108d7a577046823b5e5db,-76,,3,64,,3
15:34:07,26.0,3,3377c94a476c426312620dd510287538dc9d97f6c23f15cbc14376b36c45b84e,-71,,3,64,7.0,3
15:34:08,26.0,3,3377c94a476c426312620dd510287538dc9d97f6c23f15cbc14376b36c45b84e,-68,,3,64,7.0,3
15:34:08,,3,d61c4504c9e2d067daed3dbab6e124fc872ca20f9e6c73f5de3b05cec8d4a2d0,-76,,3,64,,3
15:34:09,26.0,3,adc52606f326703bc555cca0fa0dbb6ee30a87f3d6ff8177482524b2017c2d23,-89,,3,64,12.0,3
15:34:10,26.0,3,c4674bd549e78e63d1acdc2fdbf0d63bf0cc8b2e619a99c0c08f75e28a543435,-73,,3,64,7.0,3
15:34:11,26.0,3,e748b3ee480b1bdcef4810e6e171147fa7df4ff2ab7c2c2c5404c4bc0798f348,-49,,3,64,12.0,3
15:34:12,26.0,3,074f76caaa9efbc217bd2030ae53c0246f4ad45cf032429462875d2400698103,-78,,3,64,8.0,3
15:34:12,26.0,3,e748b3ee480b1bdcef4810e6e171147fa7df4ff2ab7c2c2c5404c4bc0798f348,-50,,3,64,12.0,3
15:34:13,,3,d61c4504c9e2d067daed3dbab6e124fc872ca20f9e6c73f5de3b05cec8d4a2d0,-78,,3,64,,3
15:34:14,26.0,3,a2fd4f8c632f2c235f1a573226a91b920a68c09dfa50fbb00d2b1b0f50e15e82,-79,,3,64,12.0,3
15:34:15,26.0,3,e748b3ee480b1bdcef4810e6e171147fa7df4ff2ab7c2c2c5404c4bc0798f348,-54,,3,64,12.0,3
15:34:16,26.0,3,b57a145550967830fcd6a8b5e88e0911dc009f0ede39a7f4d41a0bd171d65801,-89,,3,64,7.0,3
15:34:16,26.0,3,a2fd4f8c632f2c235f1a573226a91b920a68c09dfa50fbb00d2b1b0f50e15e82,-80,,3,64,12.0,3
15:34:17,26.0,3,3377c94a476c426312620dd510287538dc9d97f6c23f15cbc14376b36c45b84e,-55,,3,64,7.0,3
15:34:18,26.0,3,849c51998625d34299d7df32040683430a8fb88aa8d1f13c2234fc5c4bcbf7c6,-72,,3,64,12.0,3
15:34:19,26.0,3,4bfee5b2443036ae62dccf4faab813d560e04bedecbd055744411fdc334e8d52,-82,,3,64,8.0,3
15:34:20,,3,75322321b7161cca5d64ed58264f6097781db763591109428d147b1b8fb79946,-92,,3,64,,3
15:34:20,,3,d61c4504c9e2d067daed3dbab6e124fc872ca20f9e6c73f5de3b05cec8d4a2d0,-71,,3,64,,3
15:34:21,26.0,3,adc52606f326703bc555cca0fa0dbb6ee30a87f3d6ff8177482524b2017c2d23,-89,,3,64,12.0,3
15:34:22,26.0,3,074f76caaa9efbc217bd2030ae53c0246f4ad45cf032429462875d2400698103,-75,,3,64,8.0,3
15:34:23,26.0,3,849c51998625d34299d7df32040683430a8fb88aa8d1f13c2234fc5c4bcbf7c6,-74,,3,64,12.0,3
15:34:24,26.0,3,2fea306db6ab49989d06b45b0ac3f2474a2793fe09ef55a24ae0583bb7d2f2d2,-55,,3,64,7.0,3
15:34:24,26.0,3,c4674bd549e78e63d1acdc2fdbf0d63bf0cc8b2e619a99c0c08f75e28a543435,-80,,3,64,7.0,3
15:34:25,,3,224dcab30e7ac523a6bd42242cf515697e55737dbed0288e43e1c668844c19a1,-92,,3,64,,3
15:34:26,26.0,3,a2fd4f8c632f2c235f1a573226a91b920a68c09dfa50fbb00d2b1b0f50e15e82,-76,,3,64,12.0,3
15:34:27,26.0,3,4bfee5b2443036ae62dccf4faab813d560e04bedecbd055744411fdc334e8d52,-81,,3,64,8.0,3
15:34:28,,3,75322321b7161cca5d64ed58264f6097781db763591109428d147b1b8fb79946,-85,,3,64,,3
15:34:29,26.0,3,4bfee5b2443036ae62dccf4faab813d560e04bedecbd055744411fdc334e8d52,-81,,3,64,8.0,3
15:34:29,2.0,3,22d4d906d4b728545a9502668f43f83e413399078de5b70b0754989efc4c09c5,-91,,3,64,,3
15:34:30,26.0,3,154dff84bd8ab79d38f72915e37018de1d03488ca1f855737658d94bfd3309ba,-85,,3,64,12.0,3
15:34:31,,3,d61c4504c9e2d067daed3dbab6e124fc872ca20f9e6c73f5de3b05cec8d4a2d0,-76,,3,64,,3
15:34:32,26.0,3,849c51998625d34299d7df32040683430a8fb88aa8d1f13c2234fc5c4bcbf7c6,-72,,3,64,12.0,3
15:34:33,,3,839f58915bfad43a6d7cfca27cf7e83fa5b7620973b5df0911cf121c765b9265,-82,,3,64,,3
15:34:33,,3,d61c4504c9e2d067daed3dbab6e124fc872ca20f9e6c73f5de3b05cec8d4a2d0,-82,,3,64,,3
15:34:34,26.0,3,e748b3ee480b1bdcef4810e6e171147fa7df4ff2ab7c2c2c5404c4bc0798f348,-50,,3,64,12.0,3
15:34:35,26.0,3,2fea306db6ab49989d06b45b0ac3f2474a2793fe09ef55a24ae0583bb7d2f2d2,-67,,3,64,7.0,3
15:34:36,26.0,3,e748b3ee480b1bdcef4810e6e171147fa7df4ff2ab7c2c2c5404c4bc0798f348,-49,,3,64,12.0,3
15:34:37,26.0,3,279b574173f0a8c61acc903fd9272a8757b6394bc1b9092b7720050b3446312f,-72,,3,64,12.0,3
15:34:37,26.0,3,adc52606f326703bc555cca0fa0dbb6ee30a87f3d6ff8177482524b2017c2d23,-90,,3,64,12.0,3
15:34:38,26.0,3,849c51998625d34299d7df32040683430a8fb88aa8d1f13c2234fc5c4bcbf7c6,-72,,3,64,12.0,3
15:34:39,26.0,3,4bfee5b2443036ae62dccf4faab813d560e04bedecbd055744411fdc334e8d52,-76,,3,64,8.0,3
15:34:40,,3,d61c4504c9e2d067daed3dbab6e124fc872ca20f9e6c73f5de3b05cec8d4a2d0,-71,,3,64,,3
15:34:41,26.0,3,4bfee5b2443036ae62dccf4faab813d560e04bedecbd055744411fdc334e8d52,-76,,3,64,8.0,3
15:34:41,26.0,3,4878e30008b93396487168d9b5b81de0e569ecc6de7807e2be65be12116853be,-75,Tb80,3,64,,3
15:34:42,,3,d61c4504c9e2d067daed3dbab6e124fc872ca20f9e6c73f5de3b05cec8d4a2d0,-71,,3,64,,3
15:34:43,26.0,3,4bfee5b2443036ae62dccf4faab813d560e04bedecbd055744411fdc334e8d52,-82,,3,64,8.0,3
15:34:44,26.0,3,c8e76a76839b184f1946ea67729d8eecb359057b3844212c405aa677464b96a0,-87,,3,64,8.0,3
15:34:45,26.0,3,2fea306db6ab49989d06b45b0ac3f2474a2793fe09ef55a24ae0583bb7d2f2d2,-65,,3,64,7.0,3
15:34:45,26.0,3,a2fd4f8c632f2c235f1a573226a91b920a68c09dfa50fbb00d2b1b0f50e15e82,-82,,3,64,12.0,3
15:34:46,26.0,3,9acbe66fec49defe13f4f7900f7d9182cdedd8874ca0098071b387956ceddff2,-76,,3,64,8.0,3
15:34:47,26.0,3,4878e30008b93396487168d9b5b81de0e569ecc6de7807e2be65be12116853be,-65,Tb80,3,64,,3
15:34:48,26.0,3,bbc58858280981284fffa071df14fd115e2c193f5940532ee1adf5a556090596,-95,,3,64,,3
15:34:49,26.0,3,adc52606f326703bc555cca0fa0dbb6ee30a87f3d6ff8177482524b2017c2d23,-79,,3,64,12.0,3
15:34:49,,3,fe37c663e3455f4de8349f1829097244ef1d7910d487b94872f75a2b719fb830,-82,,3,64,,3
15:34:50,,3,85958aaa427489e5ce84bb7594ba9bef16f55907bfde378db0a17f4805f6a761,-76,,3,64,,3
15:34:51,2.0,3,22d4d906d4b728545a9502668f43f83e413399078de5b70b0754989efc4c09c5,-95,,3,64,,3
15:34:52,26.0,3,4bfee5b2443036ae62dccf4faab813d560e04bedecbd055744411fdc334e8d52,-78,,3,64,8.0,3
15:34:53,26.0,3,c8e76a76839b184f1946ea67729d8eecb359057b3844212c405aa677464b96a0,-84,,3,64,8.0,3
15:34:53,26.0,3,bbc58858280981284fffa071df14fd115e2c193f5940532ee1adf5a556090596,-92,,3,64,,3
15:34:54,26.0,3,4bfee5b2443036ae62dccf4faab813d560e04bedecbd055744411fdc334e8d52,-77,,3,64,8.0,3
15:34:55,26.0,3,4878e30008b93396487168d9b5b81de0e569ecc6de7807e2be65be12116853be,-75,Tb80,3,64,,3
15:34:56,26.0,3,2fea306db6ab49989d06b45b0ac3f2474a2793fe09ef55a24ae0583bb7d2f2d2,-59,,3,64,7.0,3
15:34:57,26.0,3,074f76caaa9efbc217bd2030ae53c0246f4ad45cf032429462875d2400698103,-75,,3,64,8.0,3
15:34:58,26.0,3,074f76caaa9efbc217bd2030ae53c0246f4ad45cf032429462875d2400698103,-71,,3,64,8.0,3
15:34:58,26.0,3,154dff84bd8ab79d38f72915e37018de1d03488ca1f855737658d94bfd3309ba,-87,,3,64,12.0,3
15:34:59,26.0,3,074f76caaa9efbc217bd2030ae53c0246f4ad45cf032429462875d2400698103,-73,,3,64,8.0,3
15:35:00,26.0,3,c4674bd549e78e63d1acdc2fdbf0d63bf0cc8b2e619a99c0c08f75e28a543435,-70,,3,64,7.0,3
15:35:01,26.0,3,c4674bd549e78e63d1acdc2fdbf0d63bf0cc8b2e619a99c0c08f75e28a543435,-72,,3,64,7.0,3
15:35:02,26.0,3,bbc58858280981284fffa071df14fd115e2c193f5940532ee1adf5a556090596,-83,,3,64,,3
15:35:02,26.0,3,849c51998625d34299d7df32040683430a8fb88aa8d1f13c2234fc5c4bcbf7c6,-70,,3,64,12.0,3
15:35:03,,3,f7ae087b8dcd2c8bca768ef118cf5ce78c2135944e1d1dd29ad5386092e6ae1f,-87,,3,64,,3
15:35:04,26.0,3,4bfee5b2443036ae62dccf4faab813d560e04bedecbd055744411fdc334e8d52,-82,,3,64,8.0,3
15:35:05,,3,a6f92e244b24f74af7728161fcb305ca7af957b9a7496623c9a1c8bbe4f56ae9,-84,,3,64,,3
15:35:06,26.0,3,4878e30008b93396487168d9b5b81de0e569ecc6de7807e2be65be12116853be,-69,Tb80,3,64,,3
15:35:06,26.0,3,70b42a0eb1dd780281f15c96d3b7104f13e0b6bd15aa5c7e3ec329659baa2249,-86,,3,64,12.0,3
15:35:07,,3,00e0012aa2ea10fddbc931d87771008d5ba6df9493a3b2e92148d957e9c4ff75,-49,,3,64,,3
15:35:08,26.0,3,074f76caaa9efbc217bd2030ae53c0246f4ad45cf032429462875d2400698103,-73,,3,64,8.0,3
15:35:09,26.0,3,70b42a0eb1dd780281f15c96d3b7104f13e0b6bd15aa5c7e3ec329659baa2249,-89,,3,64,12.0,3
15:35:10,26.0,3,c4674bd549e78e63d1acdc2fdbf0d63bf0cc8b2e619a99c0c08f75e28a543435,-72,,3,64,7.0,3
15:35:10,26.0,3,c4674bd549e78e63d1acdc2fdbf0d63bf0cc8b2e619a99c0c08f75e28a543435,-71,,3,64,7.0,3
15:35:11,26.0,3,4bfee5b2443036ae62dccf4faab813d560e04bedecbd055744411fdc334e8d52,-77,,3,64,8.0,3
15:35:12,26.0,3,4878e30008b93396487168d9b5b81de0e569ecc6de7807e2be65be12116853be,-75,Tb80,3,64,,3
15:35:13,26.0,3,4bfee5b2443036ae62dccf4faab813d560e04bedecbd055744411fdc334e8d52,-77,,3,64,8.0,3
15:35:14,2.0,3,22d4d906d4b728545a9502668f43f83e413399078de5b70b0754989efc4c09c5,-88,,3,64,,3
15:35:14,,3,d894d42e672927e361b360169d1211a51fdb90a6db7ad160ad2bf88a8921d49f,-82,,3,64,,3
15:35:15,26.0,3,bbc58858280981284fffa071df14fd115e2c193f5940532ee1adf5a556090596,-84,,3,64,,3
15:35:16,,3,d61c4504c9e2d067daed3dbab6e124fc872ca20f9e6c73f5de3b05cec8d4a2d0,-78,,3,64,,3
15:35:17,26.0,3,02b0ee71938ecd978493503324ffb129708f930d457c91ac08e0059b5a6e880a,-90,,3,64,8.0,3
15:35:18,26.0,3,4878e30008b93396487168d9b5b81de0e569ecc6de7807e2be65be12116853be,-73,Tb80,3,64,,3
15:35:18,,3,d894d42e672927e361b360169d1211a51fdb90a6db7ad160ad2bf88a8921d49f,-79,,3,64,,3
15:35:19,26.0,3,a2fd4f8c632f2c235f1a573226a91b920a68c09dfa50fbb00d2b1b0f50e15e82,-74,,3,64,12.0,3
15:35:20,26.0,3,e748b3ee480b1bdcef4810e6e171147fa7df4ff2ab7c2c2c5404c4bc0798f348,-50,,3,64,12.0,3
15:35:21,,3,d61c4504c9e2d067daed3dbab6e124fc872ca20f9e6c73f5de3b05cec8d4a2d0,-72,,3,64,,3
15:35:22,26.0,3,279b574173f0a8c61acc903fd9272a8757b6394bc1b9092b7720050b3446312f,-75,,3,64,12.0,3
15:35:23,26.0,3,074f76caaa9efbc217bd2030ae53c0246f4ad45cf032429462875d2400698103,-72,,3,64,8.0,3
15:35:23,26.0,3,c8e76a76839b184f1946ea67729d8eecb359057b3844212c405aa677464b96a0,-82,,3,64,8.0,3
15:35:24,,3,9a8a30484c14a7f69205640d93e94bf7600424453a24df4f38e3968a51c05235,-82,,3,64,,3
15:35:25,,3,86dc051a4802f6f2a47bf435a4da79a68b37dd0865e903982d09ce739ca4d261,-80,,3,64,,3
15:35:26,,3,f8f2642504f7e7e93782348f8acc0ce9331b275a7ac89972372cd4044fe4bf05,-86,,3,64,,3
15:35:27,26.0,3,4878e30008b93396487168d9b5b81de0e569ecc6de7807e2be65be12116853be,-71,Tb80,3,64,,3
15:35:27,26.0,3,4878e30008b93396487168d9b5b81de0e569ecc6de7807e2be65be12116853be,-68,Tb80,3,64,,3
15:35:28,,3,d61c4504c9e2d067daed3dbab6e124fc872ca20f9e6c73f5de3b05cec8d4a2d0,-76,,3,64,,3
15:35:29,26.0,3,ea2b5e780eb526821481d9758b9c62ced9df33b77290abb97b655fcaff0dd6dc,-84,,3,64,6.0,3
15:35:30,26.0,3,adc52606f326703bc555cca0fa0dbb6ee30a87f3d6ff8177482524b2017c2d23,-77,,3,64,12.0,3
15:35:31,26.0,3,2fea306db6ab49989d06b45b0ac3f2474a2793fe09ef55a24ae0583bb7d2f2d2,-65,,3,64,7.0,3
15:35:31,26.0,3,70b42a0eb1dd780281f15c96d3b7104f13e0b6bd15aa5c7e3ec329659baa2249,-76,,3,64,12.0,3
15:35:32,26.0,3,70b42a0eb1dd780281f15c96d3b7104f13e0b6bd15aa5c7e3ec329659baa2249,-77,,3,64,12.0,3
15:35:33,26.0,3,4878e30008b93396487168d9b5b81de0e569ecc6de7807e2be65be12116853be,-71,Tb80,3,64,,3
15:35:34,26.0,3,70b42a0eb1dd780281f15c96d3b7104f13e0b6bd15aa5c7e3ec329659baa2249,-79,,3,64,12.0,3
15:35:35,26.0,3,c4674bd549e78e63d1acdc2fdbf0d63bf0cc8b2e619a99c0c08f75e28a543435,-79,,3,64,7.0,3
15:35:35,26.0,3,4bfee5b2443036ae62dccf4faab813d560e04bedecbd055744411fdc334e8d52,-78,,3,64,8.0,3
15:35:36,26.0,3,adc52606f326703bc555cca0fa0dbb6ee30a87f3d6ff8177482524b2017c2d23,-77,,3,64,12.0,3
15:35:37,26.0,3,4bfee5b2443036ae62dccf4faab813d560e04bedecbd055744411fdc334e8d52,-78,,3,64,8.0,3
15:35:38,26.0,3,4878e30008b93396487168d9b5b81de0e569ecc6de7807e2be65be12116853be,-75,Tb80,3,64,,3
15:35:39,,3,d61c4504c9e2d067daed3dbab6e124fc872ca20f9e6c73f5de3b05cec8d4a2d0,-73,,3,64,,3
15:35:39,,3,d61c4504c9e2d067daed3dbab6e124fc872ca20f9e6c73f5de3b05cec8d4a2d0,-73,,3,64,,3
15:35:40,,3,d61c4504c9e2d067daed3dbab6e124fc872ca20f9e6c73f5de3b05cec8d4a2d0,-72,,3,64,,3
15:35:41,26.0,3,4878e30008b93396487168d9b5b81de0e569ecc6de7807e2be65be12116853be,-75,Tb80,3,64,,3
15:35:42,26.0,3,4878e30008b93396487168d9b5b81de0e569ecc6de7807e2be65be12116853be,-74,Tb80,3,64,,3
15:35:43,26.0,3,154dff84bd8ab79d38f72915e37018de1d03488ca1f855737658d94bfd3309ba,-86,,3,64,12.0,3
15:35:43,,3,224dcab30e7ac523a6bd42242cf515697e55737dbed0288e43e1c668844c19a1,-93,,3,64,,3
15:35:44,26.0,3,279b574173f0a8c61acc903fd9272a8757b6394bc1b9092b7720050b3446312f,-80,,3,64,12.0,3
15:35:45,26.0,3,4bfee5b2443036ae62dccf4faab813d560e04bedecbd055744411fdc334e8d52,-76,,3,64,8.0,3
15:35:46,26.0,3,adc52606f326703bc555cca0fa0dbb6ee30a87f3d6ff8177482524b2017c2d23,-85,,3,64,12.0,3
15:35:47,26.0,3,adc52606f326703bc555cca0fa0dbb6ee30a87f3d6ff8177482524b2017c2d23,-76,,3,64,12.0,3
15:35:48,26.0,3,4878e30008b93396487168d9b5b81de0e569ecc6de7807e2be65be12116853be,-79,Tb80,3,64,,3
15:35:48,,3,85958aaa427489e5ce84bb7594ba9bef16f55907bfde378db0a17f4805f6a761,-74,,3,64,,3
15:35:49,26.0,3,279b574173f0a8c61acc903fd9272a8757b6394bc1b9092b7720050b3446312f,-75,,3,64,12.0,3
15:35:50,26.0,3,c8e76a76839b184f1946ea67729d8eecb359057b3844212c405aa677464b96a0,-84,,3,64,8.0,3
15:35:51,26.0,3,e07908a7d32e7f00d5291a13ff283125e40aac15ab2dde8978b20a74017bd541,-73,,3,64,12.0,3
15:35:52,26.0,3,6e51aa39efd9e43fcbb5745e1041ae7d9c04ce76b90c7e5d192c982fa21d1e80,-73,,3,64,12.0,3
15:35:52,,3,9a8a30484c14a7f69205640d93e94bf7600424453a24df4f38e3968a51c05235,-81,,3,64,,3
15:35:53,26.0,3,6e51aa39efd9e43fcbb5745e1041ae7d9c04ce76b90c7e5d192c982fa21d1e80,-75,,3,64,12.0,3
15:35:54,26.0,3,6e51aa39efd9e43fcbb5745e1041ae7d9c04ce76b90c7e5d192c982fa21d1e80,-70,,3,64,12.0,3
15:35:55,26.0,3,c4674bd549e78e63d1acdc2fdbf0d63bf0cc8b2e619a99c0c08f75e28a543435,-76,,3,64,7.0,3
15:35:56,,3,d61c4504c9e2d067daed3dbab6e124fc872ca20f9e6c73f5de3b05cec8d4a2d0,-71,,3,64,,3
15:35:56,26.0,3,adc52606f326703bc555cca0fa0dbb6ee30a87f3d6ff8177482524b2017c2d23,-85,,3,64,12.0,3
15:35:57,26.0,3,074f76caaa9efbc217bd2030ae53c0246f4ad45cf032429462875d2400698103,-75,,3,64,8.0,3
15:35:58,26.0,3,b57a145550967830fcd6a8b5e88e0911dc009f0ede39a7f4d41a0bd171d65801,-94,,3,64,7.0,3
15:35:59,26.0,3,4bfee5b2443036ae62dccf4faab813d560e04bedecbd055744411fdc334e8d52,-80,,3,64,8.0,3
15:36:00,,3,1347275709e229e79335b9bbe4e6bb8e39ce59ea166ea052b76ea45e6a6fdc32,-75,,3,64,,3
15:36:01,26.0,3,e07908a7d32e7f00d5291a13ff283125e40aac15ab2dde8978b20a74017bd541,-75,,3,64,12.0,3
15:36:01,26.0,3,70b42a0eb1dd780281f15c96d3b7104f13e0b6bd15aa5c7e3ec329659baa2249,-83,,3,64,12.0,3
15:36:02,26.0,3,4878e30008b93396487168d9b5b81de0e569ecc6de7807e2be65be12116853be,-76,Tb80,3,64,,3
15:36:03,26.0,3,a2fd4f8c632f2c235f1a573226a91b920a68c09dfa50fbb00d2b1b0f50e15e82,-74,,3,64,12.0,3
15:36:04,26.0,3,a2fd4f8c632f2c235f1a573226a91b920a68c09dfa50fbb00d2b1b0f50e15e82,-78,,3,64,12.0,3
15:36:05,,3,0ebf7d9bea9a10f58de1ab4b3e041f9f06e96852281b4d061248087621f14226,-70,,3,64,,3
15:36:05,26.0,3,6e51aa39efd9e43fcbb5745e1041ae7d9c04ce76b90c7e5d192c982fa21d1e80,-73,,3,64,12.0,3
15:36:06,26.0,3,70b42a0eb1dd780281f15c96d3b7104f13e0b6bd15aa5c7e3ec329659baa2249,-78,,3,64,12.0,3
15:36:07,26.0,3,e748b3ee480b1bdcef4810e6e171147fa7df4ff2ab7c2c2c5404c4bc0798f348,-62,,3,64,12.0,3
15:36:08,26.0,3,e748b3ee480b1bdcef4810e6e171147fa7df4ff2ab7c2c2c5404c4bc0798f348,-57,,3,64,12.0,3
15:36:09,26.0,3,adc52606f326703bc555cca0fa0dbb6ee30a87f3d6ff8177482524b2017c2d23,-83,,3,64,12.0,3
15:36:10,,3,d61c4504c9e2d067daed3dbab6e124fc872ca20f9e6c73f5de3b05cec8d4a2d0,-69,,3,64,,3
15:36:10,26.0,3,e07908a7d32e7f00d5291a13ff283125e40aac15ab2dde8978b20a74017bd541,-71,,3,64,12.0,3
15:36:11,26.0,3,4bfee5b2443036ae62dccf4faab813d560e04bedecbd055744411fdc334e8d52,-76,,3,64,8.0,3
15:36:12,,3,f8f2642504f7e7e93782348f8acc0ce9331b275a7ac89972372cd4044fe4bf05,-86,,3,64,,3
15:36:13,,3,d61c4504c9e2d067daed3dbab6e124fc872ca20f9e6c73f5de3b05cec8d4a2d0,-71,,3,64,,3
15:36:14,26.0,3,4878e30008b93396487168d9b5b81de0e569ecc6de7807e2be65be12116853be,-71,Tb80,3,64,,3
15:36:14,26.0,3,e748b3ee480b1bdcef4810e6e171147fa7df4ff2ab7c2c2c5404c4bc0798f348,-62,,3,64,12.0,3
15:36:15,,3,75322321b7161cca5d64ed58264f6097781db763591109428d147b1b8fb79946,-90,,3,64,,3
15:36:16,,3,f8f2642504f7e7e93782348f8acc0ce9331b275a7ac89972372cd4044fe4bf05,-85,,3,64,,3
15:36:17,26.0,3,2fea306db6ab49989d06b45b0ac3f2474a2793fe09ef55a24ae0583bb7d2f2d2,-67,,3,64,7.0,3
15:36:18,26.0,3,ea2b5e780eb526821481d9758b9c62ced9df33b77290abb97b655fcaff0dd6dc,-88,,3,64,6.0,3
15:36:18,26.0,3,e07908a7d32e7f00d5291a13ff283125e40aac15ab2dde8978b20a74017bd541,-74,,3,64,12.0,3
15:36:19,,3,75322321b7161cca5d64ed58264f6097781db763591109428d147b1b8fb79946,-86,,3,64,,3
15:36:20,,3,d61c4504c9e2d067daed3dbab6e124fc872ca20f9e6c73f5de3b05cec8d4a2d0,-73,,3,64,,3
15:36:21,26.0,3,8771dd294170d9a95b9f86adc3b14aa6d65844237e6517a5d31f5064c7edcf80,-92,,3,64,24.0,3
15:36:22,26.0,3,50d1b095b770fcbfbd709b618280e779555bb2a29ea942d3570ad55ef6806c88,-89,,3,64,8.0,3
15:36:22,26.0,3,4bfee5b2443036ae62dccf4faab813d560e04bedecbd055744411fdc334e8d52,-82,,3,64,8.0,3
15:36:23,26.0,3,70b42a0eb1dd780281f15c96d3b7104f13e0b6bd15aa5c7e3ec329659baa2249,-82,,3,64,12.0,3
15:36:24,26.0,3,a2fd4f8c632f2c235f1a573226a91b920a68c09dfa50fbb00d2b1b0f50e15e82,-77,,3,64,12.0,3
15:36:25,,3,d61c4504c9e2d067daed3dbab6e124fc872ca20f9e6c73f5de3b05cec8d4a2d0,-75,,3,64,,3
15:36:26,26.0,3,a2fd4f8c632f2c235f1a573226a91b920a68c09dfa50fbb00d2b1b0f50e15e82,-75,,3,64,12.0,3
15:36:26,26.0,3,a2fd4f8c632f2c235f1a573226a91b920a68c09dfa50fbb00d2b1b0f50e15e82,-77,,3,64,12.0,3
15:36:27,,3,4512d5e08e2d22c3d4df085329bbb520b8e88c9651edbb1da76bf6bd8a3fa0ee,-86,,3,64,,3
15:36:28,26.0,3,074f76caaa9efbc217bd2030ae53c0246f4ad45cf032429462875d2400698103,-67,,3,64,8.0,3
15:36:29,26.0,3,e748b3ee480b1bdcef4810e6e171147fa7df4ff2ab7c2c2c5404c4bc0798f348,-54,,3,64,12.0,3
15:36:30,26.0,3,ea2b5e780eb526821481d9758b9c62ced9df33b77290abb97b655fcaff0dd6dc,-84,,3,64,6.0,3
15:36:30,26.0,3,c4674bd549e78e63d1acdc2fdbf0d63bf0cc8b2e619a99c0c08f75e28a543435,-87,,3,64,7.0,3
15:36:31,,3,b372fdef27fcef995e4eeb066cb52c58be9faf0771ad76174302b243435d6f02,-83,,3,64,,3
15:36:32,26.0,3,24ccc1b7932632e54f20169db56c942789fe29be86cb48b3031e821680aa36b0,-56,,3,64,12.0,3
15:36:33,26.0,3,4bfee5b2443036ae62dccf4faab813d560e04bedecbd055744411fdc334e8d52,-76,,3,64,8.0,3
15:36:34,26.0,3,4878e30008b93396487168d9b5b81de0e569ecc6de7807e2be65be12116853be,-82,Tb80,3,64,,3
15:36:35,,3,5e4a732fbcb20468b66587bca3c6e052ec842d0dda022a4fced91c910f16301c,-86,,3,64,,3
15:36:35,,3,d61c4504c9e2d067daed3dbab6e124fc872ca20f9e6c73f5de3b05cec8d4a2d0,-71,,3,64,,3
15:36:36,26.0,3,2fea306db6ab49989d06b45b0ac3f2474a2793fe09ef55a24ae0583bb7d2f2d2,-66,,3,64,7.0,3
15:36:37,26.0,3,279b574173f0a8c61acc903fd9272a8757b6394bc1b9092b7720050b3446312f,-76,,3,64,12.0,3
15:36:38,26.0,3,2fea306db6ab49989d06b45b0ac3f2474a2793fe09ef55a24ae0583bb7d2f2d2,-68,,3,64,7.0,3
15:36:39,26.0,3,2fea306db6ab49989d06b45b0ac3f2474a2793fe09ef55a24ae0583bb7d2f2d2,-63,,3,64,7.0,3
15:36:39,,3,86dc051a4802f6f2a47bf435a4da79a68b37dd0865e903982d09ce739ca4d261,-64,,3,64,,3
15:36:40,26.0,3,aff127275aa906db59b4f23b813da269df088047ef5a361ef09ed28da1607d5e,-93,,3,64,12.0,3
15:36:41,26.0,3,9acbe66fec49defe13f4f7900f7d9182cdedd8874ca0098071b387956ceddff2,-82,,3,64,8.0,3
15:36:42,26.0,3,e07908a7d32e7f00d5291a13ff283125e40aac15ab2dde8978b20a74017bd541,-70,,3,64,12.0,3
15:36:43,26.0,3,9acbe66fec49defe13f4f7900f7d9182cdedd8874ca0098071b387956ceddff2,-71,,3,64,8.0,3
15:36:43,26.0,3,ea2b5e780eb526821481d9758b9c62ced9df33b77290abb97b655fcaff0dd6dc,-83,,3,64,6.0,3
15:36:44,26.0,3,c4674bd549e78e63d1acdc2fdbf0d63bf0cc8b2e619a99c0c08f75e28a543435,-80,,3,64,7.0,3
15:36:45,,3,d61c4504c9e2d067daed3dbab6e124fc872ca20f9e6c73f5de3b05cec8d4a2d0,-69,,3,64,,3
15:36:46,26.0,3,4bfee5b2443036ae62dccf4faab813d560e04bedecbd055744411fdc334e8d52,-78,,3,64,8.0,3
15:36:47,26.0,3,074f76caaa9efbc217bd2030ae53c0246f4ad45cf032429462875d2400698103,-78,,3,64,8.0,3
15:36:47,26.0,3,a2fd4f8c632f2c235f1a573226a91b920a68c09dfa50fbb00d2b1b0f50e15e82,-85,,3,64,12.0,3
15:36:48,26.0,3,4878e30008b93396487168d9b5b81de0e569ecc6de7807e2be65be12116853be,-80,Tb80,3,64,,3
15:36:49,26.0,3,70b42a0eb1dd780281f15c96d3b7104f13e0b6bd15aa5c7e3ec329659baa2249,-81,,3,64,12.0,3
15:36:50,,3,d61c4504c9e2d067daed3dbab6e124fc872ca20f9e6c73f5de3b05cec8d4a2d0,-76,,3,64,,3
15:36:51,,3,5e4a732fbcb20468b66587bca3c6e052ec842d0dda022a4fced91c910f16301c,-85,,3,64,,3
15:36:51,26.0,3,aff127275aa906db59b4f23b813da269df088047ef5a361ef09ed28da1607d5e,-90,,3,64,12.0,3
15:36:52,26.0,3,e748b3ee480b1bdcef4810e6e171147fa7df4ff2ab7c2c2c5404c4bc0798f348,-54,,3,64,12.0,3
15:36:53,26.0,3,9acbe66fec49defe13f4f7900f7d9182cdedd8874ca0098071b387956ceddff2,-87,,3,64,8.0,3
15:36:54,26.0,3,adc52606f326703bc555cca0fa0dbb6ee30a87f3d6ff8177482524b2017c2d23,-86,,3,64,12.0,3
15:36:55,,3,193d30d42f3d382c0595387cb92f5e02dd6c866013d29961999e2213c7d9b139,-78,,3,64,,3
15:36:55,26.0,3,a2fd4f8c632f2c235f1a573226a91b920a68c09dfa50fbb00d2b1b0f50e15e82,-84,,3,64,12.0,3
15:36:56,26.0,3,279b574173f0a8c61acc903fd9272a8757b6394bc1b9092b7720050b3446312f,-71,,3,64,12.0,3
15:36:57,26.0,3,24ccc1b7932632e54f20169db56c942789fe29be86cb48b3031e821680aa36b0,-59,,3,64,12.0,3
15:36:58,26.0,3,2fea306db6ab49989d06b45b0ac3f2474a2793fe09ef55a24ae0583bb7d2f2d2,-63,,3,64,7.0,3
15:36:59,26.0,3,4878e30008b93396487168d9b5b81de0e569ecc6de7807e2be65be12116853be,-74,Tb80,3,64,,3
15:37:00,26.0,3,2fea306db6ab49989d06b45b0ac3f2474a2793fe09ef55a24ae0583bb7d2f2d2,-63,,3,64,7.0,3
15:37:00,,3,d894d42e672927e361b360169d1211a51fdb90a6db7ad160ad2bf88a8921d49f,-76,,3,64,,3
15:37:01,26.0,3,24ccc1b7932632e54f20169db56c942789fe29be86cb48b3031e821680aa36b0,-56,,3,64,12.0,3
15:37:02,26.0,3,24ccc1b7932632e54f20169db56c942789fe29be86cb48b3031e821680aa36b0,-54,,3,64,12.0,3
15:37:03,,3,d61c4504c9e2d067daed3dbab6e124fc872ca20f9e6c73f5de3b05cec8d4a2d0,-71,,3,64,,3
15:37:04,26.0,3,4878e30008b93396487168d9b5b81de0e569ecc6de7807e2be65be12116853be,-81,Tb80,3,64,,3
15:37:04,26.0,3,074f76caaa9efbc217bd2030ae53c0246f4ad45cf032429462875d2400698103,-69,,3,64,8.0,3
15:37:05,26.0,3,9acbe66fec49defe13f4f7900f7d9182cdedd8874ca0098071b387956ceddff2,-81,,3,64,8.0,3
15:37:06,,3,1347275709e229e79335b9bbe4e6bb8e39ce59ea166ea052b76ea45e6a6fdc32,-71,,3,64,,3
15:37:07,26.0,3,c4674bd549e78e63d1acdc2fdbf0d63bf0cc8b2e619a99c0c08f75e28a543435,-80,,3,64,7.0,3
15:37:08,,3,d61c4504c9e2d067daed3dbab6e124fc872ca20f9e6c73f5de3b05cec8d4a2d0,-74,,3,64,,3
15:37:08,26.0,3,4878e30008b93396487168d9b5b81de0e569ecc6de7807e2be65be12116853be,-73,Tb80,3,64,,3
15:37:09,26.0,3,e07908a7d32e7f00d5291a13ff283125e40aac15ab2dde8978b20a74017bd541,-70,,3,64,12.0,3
15:37:10,,3,d61c4504c9e2d067daed3dbab6e124fc872ca20f9e6c73f5de3b05cec8d4a2d0,-72,,3,64,,3
15:37:11,26.0,3,c8e76a76839b184f1946ea67729d8eecb359057b3844212c405aa677464b96a0,-89,,3,64,8.0,3
15:37:12,26.0,3,e748b3ee480b1bdcef4810e6e171147fa7df4ff2ab7c2c2c5404c4bc0798f348,-48,,3,64,12.0,3
15:37:12,26.0,3,1b6dc293530ef36438b66090579c861d4f39ea5ab2085f947b2a90c64b8ef1c5,-80,,3,64,12.0,3
15:37:13,26.0,3,074f76caaa9efbc217bd2030ae53c0246f4ad45cf032429462875d2400698103,-65,,3,64,8.0,3
15:37:14,26.0,3,e748b3ee480b1bdcef4810e6e171147fa7df4ff2ab7c2c2c5404c4bc0798f348,-54,,3,64,12.0,3
15:37:15,,3,98a4acb21cf25a3f6e672e9ac126c81ba89cbcf21ee0f1c52a326d793fe9c862,-73,,3,64,,3
15:37:16,26.0,3,e748b3ee480b1bdcef4810e6e171147fa7df4ff2ab7c2c2c5404c4bc0798f348,-54,,3,64,12.0,3
15:37:16,26.0,3,24ccc1b7932632e54f20169db56c942789fe29be86cb48b3031e821680aa36b0,-52,,3,64,12.0,3
15:37:17,26.0,3,e07908a7d32e7f00d5291a13ff283125e40aac15ab2dde8978b20a74017bd541,-74,,3,64,12.0,3
15:37:18,6.0,3,9ed53f4540fca9c4f1ba07f74072e52020daf3f7f9979533b28ca1285b6b248f,-85,Tb82,3,64,,3
15:37:19,,3,7ac453810fbe88f94748eec7a0a206e29173ddcfc1d8a90051654d8dbdb80672,-94,,3,64,,3
15:37:20,26.0,3,c4674bd549e78e63d1acdc2fdbf0d63bf0cc8b2e619a99c0c08f75e28a543435,-79,,3,64,7.0,3
15:37:20,,3,d894d42e672927e361b360169d1211a51fdb90a6db7ad160ad2bf88a8921d49f,-81,,3,64,,3
15:37:21,26.0,3,4bfee5b2443036ae62dccf4faab813d560e04bedecbd055744411fdc334e8d52,-83,,3,64,8.0,3
15:37:22,26.0,3,154dff84bd8ab79d38f72915e37018de1d03488ca1f855737658d94bfd3309ba,-86,,3,64,12.0,3
15:37:23,,3,7ac453810fbe88f94748eec7a0a206e29173ddcfc1d8a90051654d8dbdb80672,-88,,3,64,,3
15:37:24,26.0,3,4878e30008b93396487168d9b5b81de0e569ecc6de7807e2be65be12116853be,-72,Tb80,3,64,,3
15:37:25,26.0,3,074f76caaa9efbc217bd2030ae53c0246f4ad45cf032429462875d2400698103,-70,,3,64,8.0,3
15:37:25,,3,caef941800ea24e156a51c2ba1fbf98483f8746c21b108d7a577046823b5e5db,-71,,3,64,,3
15:37:26,26.0,3,ee28e39b0076caa1df5e3c47a391fa324d95ddfdb20cd7ead755412ce64887bc,-94,,3,64,8.0,3
15:37:27,,3,4512d5e08e2d22c3d4df085329bbb520b8e88c9651edbb1da76bf6bd8a3fa0ee,-91,,3,64,,3
15:37:28,,3,caef941800ea24e156a51c2ba1fbf98483f8746c21b108d7a577046823b5e5db,-56,,3,64,,3
15:37:29,26.0,3,9acbe66fec49defe13f4f7900f7d9182cdedd8874ca0098071b387956ceddff2,-64,,3,64,8.0,3
15:37:29,26.0,3,4878e30008b93396487168d9b5b81de0e569ecc6de7807e2be65be12116853be,-79,Tb80,3,64,,3
15:37:30,,3,1347275709e229e79335b9bbe4e6bb8e39ce59ea166ea052b76ea45e6a6fdc32,-79,,3,64,,3
15:37:31,26.0,3,c4674bd549e78e63d1acdc2fdbf0d63bf0cc8b2e619a99c0c08f75e28a543435,-85,,3,64,7.0,3
15:37:32,26.0,3,ea2b5e780eb526821481d9758b9c62ced9df33b77290abb97b655fcaff0dd6dc,-79,,3,64,6.0,3
15:37:33,,3,081e7a0fd3630dc6df449d3517c26fe42bfcbb4c204f8efd5ce35d8bfd705c3e,-71,,3,64,,3
15:37:33,26.0,3,c4674bd549e78e63d1acdc2fdbf0d63bf0cc8b2e619a99c0c08f75e28a543435,-84,,3,64,7.0,3
15:37:34,26.0,3,2fea306db6ab49989d06b45b0ac3f2474a2793fe09ef55a24ae0583bb7d2f2d2,-66,,3,64,7.0,3
15:37:35,26.0,3,e07908a7d32e7f00d5291a13ff283125e40aac15ab2dde8978b20a74017bd541,-72,,3,64,12.0,3
15:37:36,26.0,3,1b6dc293530ef36438b66090579c861d4f39ea5ab2085f947b2a90c64b8ef1c5,-79,,3,64,12.0,3
15:37:37,26.0,3,adc52606f326703bc555cca0fa0dbb6ee30a87f3d6ff8177482524b2017c2d23,-89,,3,64,12.0,3
15:37:37,26.0,3,1b6dc293530ef36438b66090579c861d4f39ea5ab2085f947b2a90c64b8ef1c5,-83,,3,64,12.0,3
15:37:38,26.0,3,4878e30008b93396487168d9b5b81de0e569ecc6de7807e2be65be12116853be,-86,Tb80,3,64,,3
15:37:39,26.0,3,e748b3ee480b1bdcef4810e6e171147fa7df4ff2ab7c2c2c5404c4bc0798f348,-48,,3,64,12.0,3
15:37:40,26.0,3,e748b3ee480b1bdcef4810e6e171147fa7df4ff2ab7c2c2c5404c4bc0798f348,-55,,3,64,12.0,3
15:37:41,26.0,3,24ccc1b7932632e54f20169db56c942789fe29be86cb48b3031e821680aa36b0,-60,,3,64,12.0,3
15:37:41,26.0,3,ea2b5e780eb526821481d9758b9c62ced9df33b77290abb97b655fcaff0dd6dc,-83,,3,64,6.0,3
15:37:42,26.0,3,154dff84bd8ab79d38f72915e37018de1d03488ca1f855737658d94bfd3309ba,-82,,3,64,12.0,3
15:37:43,26.0,3,279b574173f0a8c61acc903fd9272a8757b6394bc1b9092b7720050b3446312f,-69,,3,64,12.0,3
15:37:44,26.0,3,4a9fcc879ffe472fa114dde43f512c0985534e6b028cc9a1d85313037dfe332c,-84,Tb81,3,64,,3
15:37:45,26.0,3,e07908a7d32e7f00d5291a13ff283125e40aac15ab2dde8978b20a74017bd541,-77,,3,64,12.0,3
15:37:45,,3,75322321b7161cca5d64ed58264f6097781db763591109428d147b1b8fb79946,-91,,3,64,,3
15:37:46,26.0,3,279b574173f0a8c61acc903fd9272a8757b6394bc1b9092b7720050b3446312f,-77,,3,64,12.0,3
15:37:47,26.0,3,e07908a7d32e7f00d5291a13ff283125e40aac15ab2dde8978b20a74017bd541,-76,,3,64,12.0,3
15:37:48,,3,fe37c663e3455f4de8349f1829097244ef1d7910d487b94872f75a2b719fb830,-75,,3,64,,3
15:37:49,26.0,3,e07908a7d32e7f00d5291a13ff283125e40aac15ab2dde8978b20a74017bd541,-78,,3,64,12.0,3
15:37:50,,3,081e7a0fd3630dc6df449d3517c26fe42bfcbb4c204f8efd5ce35d8bfd705c3e,-70,,3,64,,3
15:37:50,26.0,3,e07908a7d32e7f00d5291a13ff283125e40aac15ab2dde8978b20a74017bd541,-78,,3,64,12.0,3
15:37:51,26.0,3,4878e30008b93396487168d9b5b81de0e569ecc6de7807e2be65be12116853be,-77,Tb80,3,64,,3
15:37:52,,3,f7ae087b8dcd2c8bca768ef118cf5ce78c2135944e1d1dd29ad5386092e6ae1f,-85,,3,64,,3
15:37:53,,3,081e7a0fd3630dc6df449d3517c26fe42bfcbb4c204f8efd5ce35d8bfd705c3e,-75,,3,64,,3
15:37:54,26.0,3,4bfee5b2443036ae62dccf4faab813d560e04bedecbd055744411fdc334e8d52,-83,,3,64,8.0,3
15:37:54,26.0,3,70b42a0eb1dd780281f15c96d3b7104f13e0b6bd15aa5c7e3ec329659baa2249,-75,,3,64,12.0,3
15:37:55,26.0,3,70b42a0eb1dd780281f15c96d3b7104f13e0b6bd15aa5c7e3ec329659baa2249,-74,,3,64,12.0,3
15:37:56,26.0,3,9acbe66fec49defe13f4f7900f7d9182cdedd8874ca0098071b387956ceddff2,-54,,3,64,8.0,3
15:37:57,26.0,3,4bfee5b2443036ae62dccf4faab813d560e04bedecbd055744411fdc334e8d52,-83,,3,64,8.0,3
15:37:58,26.0,3,2fea306db6ab49989d06b45b0ac3f2474a2793fe09ef55a24ae0583bb7d2f2d2,-70,,3,64,7.0,3
15:37:58,26.0,3,2fea306db6ab49989d06b45b0ac3f2474a2793fe09ef55a24ae0583bb7d2f2d2,-68,,3,64,7.0,3
15:37:59,,3,081e7a0fd3630dc6df449d3517c26fe42bfcbb4c204f8efd5ce35d8bfd705c3e,-82,,3,64,,3
15:38:00,26.0,3,2fea306db6ab49989d06b45b0ac3f2474a2793fe09ef55a24ae0583bb7d2f2d2,-76,,3,64,7.0,3
15:38:01,26.0,3,e748b3ee480b1bdcef4810e6e171147fa7df4ff2ab7c2c2c5404c4bc0798f348,-50,,3,64,12.0,3
15:38:02,26.0,3,70b42a0eb1dd780281f15c96d3b7104f13e0b6bd15aa5c7e3ec329659baa2249,-73,,3,64,12.0,3
15:38:02,26.0,3,e07908a7d32e7f00d5291a13ff283125e40aac15ab2dde8978b20a74017bd541,-75,,3,64,12.0,3
15:38:03,,3,c44fd7ea6e95109e9b64315be601d79a7b1fedac565102ae27777e9a5d112b54,-90,,3,64,,3
15:38:04,,3,555226fbbf82ceee7c2fa146d0b405ccb6dadfbd01adaab04d57e608b5cb0a57,-63,,3,64,,3
15:38:05,26.0,3,8771dd294170d9a95b9f86adc3b14aa6d65844237e6517a5d31f5064c7edcf80,-87,,3,64,24.0,3
15:38:06,26.0,3,9acbe66fec49defe13f4f7900f7d9182cdedd8874ca0098071b387956ceddff2,-64,,3,64,8.0,3
15:38:06,26.0,3,4bfee5b2443036ae62dccf4faab813d560e04bedecbd055744411fdc334e8d52,-86,,3,64,8.0,3
15:38:07,,3,caef941800ea24e156a51c2ba1fbf98483f8746c21b108d7a577046823b5e5db,-57,,3,64,,3
15:38:08,,3,081e7a0fd3630dc6df449d3517c26fe42bfcbb4c204f8efd5ce35d8bfd705c3e,-76,,3,64,,3
15:38:09,26.0,3,074f76caaa9efbc217bd2030ae53c0246f4ad45cf032429462875d2400698103,-68,,3,64,8.0,3
15:38:10,26.0,3,2fea306db6ab49989d06b45b0ac3f2474a2793fe09ef55a24ae0583bb7d2f2d2,-75,,3,64,7.0,3
15:38:10,26.0,3,6e51aa39efd9e43fcbb5745e1041ae7d9c04ce76b90c7e5d192c982fa21d1e80,-76,,3,64,12.0,3
15:38:11,,3,d894d42e672927e361b360169d1211a51fdb90a6db7ad160ad2bf88a8921d49f,-75,,3,64,,3
15:38:12,26.0,3,e07908a7d32e7f00d5291a13ff283125e40aac15ab2dde8978b20a74017bd541,-76,,3,64,12.0,3
15:38:13,26.0,3,4878e30008b93396487168d9b5b81de0e569ecc6de7807e2be65be12116853be,-81,Tb80,3,64,,3
15:38:14,26.0,3,e07908a7d32e7f00d5291a13ff283125e40aac15ab2dde8978b20a74017bd541,-76,,3,64,12.0,3
15:38:14,26.0,3,24ccc1b7932632e54f20169db56c942789fe29be86cb48b3031e821680aa36b0,-55,,3,64,12.0,3
15:38:15,26.0,3,9acbe66fec49defe13f4f7900f7d9182cdedd8874ca0098071b387956ceddff2,-72,,3,64,8.0,3
15:38:16,26.0,3,c4674bd549e78e63d1acdc2fdbf0d63bf0cc8b2e619a99c0c08f75e28a543435,-84,,3,64,7.0,3
15:38:17,,3,193d30d42f3d382c0595387cb92f5e02dd6c866013d29961999e2213c7d9b139,-85,,3,64,,3
15:38:18,26.0,3,4bfee5b2443036ae62dccf4faab813d560e04bedecbd055744411fdc334e8d52,-73,,3,64,8.0,3
15:38:19,26.0,3,70b42a0eb1dd780281f15c96d3b7104f13e0b6bd15aa5c7e3ec329659baa2249,-74,,3,64,12.0,3
15:38:19,,3,d894d42e672927e361b360169d1211a51fdb90a6db7ad160ad2bf88a8921d49f,-91,,3,64,,3
15:38:20,,3,081e7a0fd3630dc6df449d3517c26fe42bfcbb4c204f8efd5ce35d8bfd705c3e,-70,,3,64,,3
15:38:21,26.0,3,4bfee5b2443036ae62dccf4faab813d560e04bedecbd055744411fdc334e8d52,-85,,3,64,8.0,3
15:38:22,26.0,3,70b42a0eb1dd780281f15c96d3b7104f13e0b6bd15aa5c7e3ec329659baa2249,-77,,3,64,12.0,3
15:38:23,,3,081e7a0fd3630dc6df449d3517c26fe42bfcbb4c204f8efd5ce35d8bfd705c3e,-72,,3,64,,3
15:38:23,26.0,3,bbc58858280981284fffa071df14fd115e2c193f5940532ee1adf5a556090596,-90,,3,64,7.0,3
15:38:24,26.0,3,24ccc1b7932632e54f20169db56c942789fe29be86cb48b3031e821680aa36b0,-69,,3,64,12.0,3
15:38:25,,3,9a8a30484c14a7f69205640d93e94bf7600424453a24df4f38e3968a51c05235,-89,,3,64,,3
15:38:26,26.0,3,e748b3ee480b1bdcef4810e6e171147fa7df4ff2ab7c2c2c5404c4bc0798f348,-56,,3,64,12.0,3
15:38:27,26.0,3,e748b3ee480b1bdcef4810e6e171147fa7df4ff2ab7c2c2c5404c4bc0798f348,-50,,3,64,12.0,3
15:38:27,26.0,3,c8e76a76839b184f1946ea67729d8eecb359057b3844212c405aa677464b96a0,-88,,3,64,8.0,3
15:38:28,26.0,3,1b6dc293530ef36438b66090579c861d4f39ea5ab2085f947b2a90c64b8ef1c5,-84,,3,64,12.0,3
15:38:29,26.0,3,e07908a7d32e7f00d5291a13ff283125e40aac15ab2dde8978b20a74017bd541,-74,,3,64,12.0,3
15:38:30,,3,0ebf7d9bea9a10f58de1ab4b3e041f9f06e96852281b4d061248087621f14226,-70,,3,64,,3
15:38:31,26.0,3,4bfee5b2443036ae62dccf4faab813d560e04bedecbd055744411fdc334e8d52,-73,,3,64,8.0,3
15:38:31,26.0,3,074f76caaa9efbc217bd2030ae53c0246f4ad45cf032429462875d2400698103,-71,,3,64,8.0,3
15:38:32,26.0,3,2fea306db6ab49989d06b45b0ac3f2474a2793fe09ef55a24ae0583bb7d2f2d2,-68,,3,64,7.0,3
15:38:33,,3,9a8a30484c14a7f69205640d93e94bf7600424453a24df4f38e3968a51c05235,-85,,3,64,,3
15:38:34,,3,081e7a0fd3630dc6df449d3517c26fe42bfcbb4c204f8efd5ce35d8bfd705c3e,-85,,3,64,,3
15:38:35,26.0,3,9acbe66fec49defe13f4f7900f7d9182cdedd8874ca0098071b387956ceddff2,-76,,3,64,8.0,3
15:38:35,26.0,3,279b574173f0a8c61acc903fd9272a8757b6394bc1b9092b7720050b3446312f,-82,,3,64,12.0,3
15:38:36,,3,1347275709e229e79335b9bbe4e6bb8e39ce59ea166ea052b76ea45e6a6fdc32,-84,,3,64,,3
15:38:37,,3,caef941800ea24e156a51c2ba1fbf98483f8746c21b108d7a577046823b5e5db,-67,,3,64,,3
15:38:38,26.0,3,c8e76a76839b184f1946ea67729d8eecb359057b3844212c405aa677464b96a0,-83,,3,64,8.0,3
15:38:39,26.0,3,c4674bd549e78e63d1acdc2fdbf0d63bf0cc8b2e619a99c0c08f75e28a543435,-88,,3,64,7.0,3
15:38:39,26.0,3,e748b3ee480b1bdcef4810e6e171147fa7df4ff2ab7c2c2c5404c4bc0798f348,-43,,3,64,12.0,3
15:38:40,26.0,3,70b42a0eb1dd780281f15c96d3b7104f13e0b6bd15aa5c7e3ec329659baa2249,-73,,3,64,12.0,3
15:38:41,,3,4512d5e08e2d22c3d4df085329bbb520b8e88c9651edbb1da76bf6bd8a3fa0ee,-85,,3,64,,3
15:38:42,,3,b637348e3d1d2c93c569ecc182da42cdd212b86921e1073fbc6086d4e7811b59,-96,,3,64,,3
15:38:43,,3,85958aaa427489e5ce84bb7594ba9bef16f55907bfde378db0a17f4805f6a761,-80,,3,64,,3
15:38:43,26.0,3,70b42a0eb1dd780281f15c96d3b7104f13e0b6bd15aa5c7e3ec329659baa2249,-77,,3,64,12.0,3
15:38:44,,3,081e7a0fd3630dc6df449d3517c26fe42bfcbb4c204f8efd5ce35d8bfd705c3e,-71,,3,64,,3
15:38:45,26.0,3,9acbe66fec49defe13f4f7900f7d9182cdedd8874ca0098071b387956ceddff2,-66,,3,64,8.0,3
15:38:46,26.0,3,aff127275aa906db59b4f23b813da269df088047ef5a361ef09ed28da1607d5e,-93,,3,64,12.0,3
15:38:47,,3,85958aaa427489e5ce84bb7594ba9bef16f55907bfde378db0a17f4805f6a761,-79,,3,64,,3
15:38:47,26.0,3,074f76caaa9efbc217bd2030ae53c0246f4ad45cf032429462875d2400698103,-71,,3,64,8.0,3
15:38:48,26.0,3,24ccc1b7932632e54f20169db56c942789fe29be86cb48b3031e821680aa36b0,-73,,3,64,12.0,3
15:38:49,26.0,3,e748b3ee480b1bdcef4810e6e171147fa7df4ff2ab7c2c2c5404c4bc0798f348,-47,,3,64,12.0,3
15:38:50,26.0,3,24ccc1b7932632e54f20169db56c942789fe29be86cb48b3031e821680aa36b0,-68,,3,64,12.0,3
15:38:51,26.0,3,e748b3ee480b1bdcef4810e6e171147fa7df4ff2ab7c2c2c5404c4bc0798f348,-47,,3,64,12.0,3
15:38:52,26.0,3,e748b3ee480b1bdcef4810e6e171147fa7df4ff2ab7c2c2c5404c4bc0798f348,-39,,3,64,12.0,3
15:38:52,26.0,3,1b6dc293530ef36438b66090579c861d4f39ea5ab2085f947b2a90c64b8ef1c5,-83,,3,64,12.0,3
15:38:53,26.0,3,279b574173f0a8c61acc903fd9272a8757b6394bc1b9092b7720050b3446312f,-89,,3,64,12.0,3
15:38:54,26.0,3,4bfee5b2443036ae62dccf4faab813d560e04bedecbd055744411fdc334e8d52,-83,,3,64,8.0,3
15:38:55,26.0,3,074f76caaa9efbc217bd2030ae53c0246f4ad45cf032429462875d2400698103,-69,,3,64,8.0,3
15:38:56,26.0,3,279b574173f0a8c61acc903fd9272a8757b6394bc1b9092b7720050b3446312f,-77,,3,64,12.0,3
15:38:56,,3,081e7a0fd3630dc6df449d3517c26fe42bfcbb4c204f8efd5ce35d8bfd705c3e,-74,,3,64,,3
15:38:57,,3,081e7a0fd3630dc6df449d3517c26fe42bfcbb4c204f8efd5ce35d8bfd705c3e,-73,,3,64,,3
15:38:58,,3,b637348e3d1d2c93c569ecc182da42cdd212b86921e1073fbc6086d4e7811b59,-91,,3,64,,3
15:38:59,,3,081e7a0fd3630dc6df449d3517c26fe42bfcbb4c204f8efd5ce35d8bfd705c3e,-75,,3,64,,3
15:39:00,,3,75322321b7161cca5d64ed58264f6097781db763591109428d147b1b8fb79946,-82,,3,64,,3
15:39:00,26.0,3,279b574173f0a8c61acc903fd9272a8757b6394bc1b9092b7720050b3446312f,-76,,3,64,12.0,3
15:39:01,,3,c44fd7ea6e95109e9b64315be601d79a7b1fedac565102ae27777e9a5d112b54,-88,,3,64,,3
15:39:02,,3,f7ae087b8dcd2c8bca768ef118cf5ce78c2135944e1d1dd29ad5386092e6ae1f,-85,,3,64,,3
15:39:03,,3,081e7a0fd3630dc6df449d3517c26fe42bfcbb4c204f8efd5ce35d8bfd705c3e,-73,,3,64,,3
15:39:04,,3,75322321b7161cca5d64ed58264f6097781db763591109428d147b1b8fb79946,-89,,3,64,,3
15:39:04,26.0,3,4878e30008b93396487168d9b5b81de0e569ecc6de7807e2be65be12116853be,-78,Tb80,3,64,,3
15:39:05,26.0,3,c4674bd549e78e63d1acdc2fdbf0d63bf0cc8b2e619a99c0c08f75e28a543435,-89,,3,64,7.0,3
15:39:06,26.0,3,2fea306db6ab49989d06b45b0ac3f2474a2793fe09ef55a24ae0583bb7d2f2d2,-73,,3,64,7.0,3
15:39:07,,3,081e7a0fd3630dc6df449d3517c26fe42bfcbb4c204f8efd5ce35d8bfd705c3e,-73,,3,64,,3
15:39:08,26.0,3,074f76caaa9efbc217bd2030ae53c0246f4ad45cf032429462875d2400698103,-70,,3,64,8.0,3
15:39:08,,3,081e7a0fd3630dc6df449d3517c26fe42bfcbb4c204f8efd5ce35d8bfd705c3e,-78,,3,64,,3
15:39:09,,3,c44fd7ea6e95109e9b64315be601d79a7b1fedac565102ae27777e9a5d112b54,-87,,3,64,,3
15:39:10,26.0,3,e748b3ee480b1bdcef4810e6e171147fa7df4ff2ab7c2c2c5404c4bc0798f348,-40,,3,64,12.0,3
15:39:11,26.0,3,bbc58858280981284fffa071df14fd115e2c193f5940532ee1adf5a556090596,-87,,3,64,,3
15:39:12,,3,081e7a0fd3630dc6df449d3517c26fe42bfcbb4c204f8efd5ce35d8bfd705c3e,-79,,3,64,,3
15:39:12,26.0,3,e748b3ee480b1bdcef4810e6e171147fa7df4ff2ab7c2c2c5404c4bc0798f348,-39,,3,64,12.0,3
15:39:13,26.0,3,c4674bd549e78e63d1acdc2fdbf0d63bf0cc8b2e619a99c0c08f75e28a543435,-80,,3,64,7.0,3
15:39:14,26.0,3,e07908a7d32e7f00d5291a13ff283125e40aac15ab2dde8978b20a74017bd541,-75,,3,64,12.0,3
15:39:15,26.0,3,e748b3ee480b1bdcef4810e6e171147fa7df4ff2ab7c2c2c5404c4bc0798f348,-37,,3,64,12.0,3
15:39:16,26.0,3,154dff84bd8ab79d38f72915e37018de1d03488ca1f855737658d94bfd3309ba,-91,,3,64,12.0,3
15:39:16,26.0,3,bbc58858280981284fffa071df14fd115e2c193f5940532ee1adf5a556090596,-90,,3,64,,3
15:39:17,26.0,3,4a9fcc879ffe472fa114dde43f512c0985534e6b028cc9a1d85313037dfe332c,-84,Tb81,3,64,,3
15:39:18,26.0,3,e07908a7d32e7f00d5291a13ff283125e40aac15ab2dde8978b20a74017bd541,-74,,3,64,12.0,3
15:39:19,26.0,3,aff127275aa906db59b4f23b813da269df088047ef5a361ef09ed28da1607d5e,-90,,3,64,12.0,3
15:39:20,26.0,3,adc52606f326703bc555cca0fa0dbb6ee30a87f3d6ff8177482524b2017c2d23,-87,,3,64,12.0,3
15:39:21,,3,081e7a0fd3630dc6df449d3517c26fe42bfcbb4c204f8efd5ce35d8bfd705c3e,-70,,3,64,,3
15:39:21,,3,081e7a0fd3630dc6df449d3517c26fe42bfcbb4c204f8efd5ce35d8bfd705c3e,-70,,3,64,,3
15:39:22,26.0,3,9acbe66fec49defe13f4f7900f7d9182cdedd8874ca0098071b387956ceddff2,-57,,3,64,8.0,3
15:39:23,,3,7ac453810fbe88f94748eec7a0a206e29173ddcfc1d8a90051654d8dbdb80672,-82,,3,64,,3
15:39:24,,3,00e0012aa2ea10fddbc931d87771008d5ba6df9493a3b2e92148d957e9c4ff75,-48,,3,64,,3
15:39:25,26.0,3,4878e30008b93396487168d9b5b81de0e569ecc6de7807e2be65be12116853be,-86,Tb80,3,64,,3
15:39:25,26.0,3,1b6dc293530ef36438b66090579c861d4f39ea5ab2085f947b2a90c64b8ef1c5,-74,,3,64,12.0,3
15:39:26,26.0,3,2fea306db6ab49989d06b45b0ac3f2474a2793fe09ef55a24ae0583bb7d2f2d2,-74,,3,64,7.0,3
15:39:27,26.0,3,e07908a7d32e7f00d5291a13ff283125e40aac15ab2dde8978b20a74017bd541,-87,,3,64,12.0,3
15:39:28,,3,00e0012aa2ea10fddbc931d87771008d5ba6df9493a3b2e92148d957e9c4ff75,-42,,3,64,,3
15:39:29,,3,ffd5b79c2c54e02ae60b21ec671b022459f8e936b1b7fceef64b2900bc4024f6,-72,,3,64,,3
15:39:29,26.0,3,074f76caaa9efbc217bd2030ae53c0246f4ad45cf032429462875d2400698103,-68,,3,64,8.0,3
15:39:30,,3,75322321b7161cca5d64ed58264f6097781db763591109428d147b1b8fb79946,-86,,3,64,,3
15:39:31,,3,b372fdef27fcef995e4eeb066cb52c58be9faf0771ad76174302b243435d6f02,-81,,3,64,,3
15:39:32,26.0,3,e748b3ee480b1bdcef4810e6e171147fa7df4ff2ab7c2c2c5404c4bc0798f348,-41,,3,64,12.0,3
15:39:33,,3,ffd5b79c2c54e02ae60b21ec671b022459f8e936b1b7fceef64b2900bc4024f6,-77,,3,64,,3
15:39:33,26.0,3,2b2c53643464d609ddc3bea7c5cffa1f151a06f8536ceb817ca58187cbc07fde,-85,,3,64,8.0,3
15:39:34,26.0,3,4bfee5b2443036ae62dccf4faab813d560e04bedecbd055744411fdc334e8d52,-78,,3,64,8.0,3
15:39:35,26.0,3,e07908a7d32e7f00d5291a13ff283125e40aac15ab2dde8978b20a74017bd541,-75,,3,64,12.0,3
15:39:36,,3,86dc051a4802f6f2a47bf435a4da79a68b37dd0865e903982d09ce739ca4d261,-75,,3,64,,3
15:39:37,26.0,3,e07908a7d32e7f00d5291a13ff283125e40aac15ab2dde8978b20a74017bd541,-76,,3,64,12.0,3
15:39:37,26.0,3,5b7606b08eea35697d45c5867caf6213ebcd72a3b6f9c1671a9412fdef65845d,-88,,3,64,7.0,3
15:39:38,26.0,3,279b574173f0a8c61acc903fd9272a8757b6394bc1b9092b7720050b3446312f,-78,,3,64,12.0,3
15:39:39,26.0,3,4878e30008b93396487168d9b5b81de0e569ecc6de7807e2be65be12116853be,-78,Tb80,3,64,,3
15:39:40,26.0,3,279b574173f0a8c61acc903fd9272a8757b6394bc1b9092b7720050b3446312f,-76,,3,64,12.0,3
15:39:41,26.0,3,9acbe66fec49defe13f4f7900f7d9182cdedd8874ca0098071b387956ceddff2,-58,,3,64,8.0,3
15:39:41,26.0,3,adc52606f326703bc555cca0fa0dbb6ee30a87f3d6ff8177482524b2017c2d23,-79,,3,64,12.0,3
15:39:42,,3,081e7a0fd3630dc6df449d3517c26fe42bfcbb4c204f8efd5ce35d8bfd705c3e,-70,,3,64,,3
15:39:43,,3,555226fbbf82ceee7c2fa146d0b405ccb6dadfbd01adaab04d57e608b5cb0a57,-64,,3,64,,3
15:39:44,26.0,3,50d1b095b770fcbfbd709b618280e779555bb2a29ea942d3570ad55ef6806c88,-88,,3,64,8.0,3
15:39:45,26.0,3,4bfee5b2443036ae62dccf4faab813d560e04bedecbd055744411fdc334e8d52,-70,,3,64,8.0,3
15:39:46,26.0,3,fc6bcd3ad380614af06fd47e2c885759d7e99557666c81d927743755be00a89c,-73,,3,64,8.0,3
15:39:46,,3,4512d5e08e2d22c3d4df085329bbb520b8e88c9651edbb1da76bf6bd8a3fa0ee,-90,,3,64,,3
15:39:47,,3,555226fbbf82ceee7c2fa146d0b405ccb6dadfbd01adaab04d57e608b5cb0a57,-61,,3,64,,3
15:39:48,,3,0ebf7d9bea9a10f58de1ab4b3e041f9f06e96852281b4d061248087621f14226,-79,,3,64,,3
15:39:49,,3,85958aaa427489e5ce84bb7594ba9bef16f55907bfde378db0a17f4805f6a761,-75,,3,64,,3
15:39:50,,3,839f58915bfad43a6d7cfca27cf7e83fa5b7620973b5df0911cf121c765b9265,-84,,3,64,,3
15:39:50,,3,75322321b7161cca5d64ed58264f6097781db763591109428d147b1b8fb79946,-83,,3,64,,3
15:39:51,26.0,3,074f76caaa9efbc217bd2030ae53c0246f4ad45cf032429462875d2400698103,-80,,3,64,8.0,3
15:39:52,26.0,3,1b6dc293530ef36438b66090579c861d4f39ea5ab2085f947b2a90c64b8ef1c5,-79,,3,64,12.0,3
15:39:53,,3,85958aaa427489e5ce84bb7594ba9bef16f55907bfde378db0a17f4805f6a761,-80,,3,64,,3
15:39:54,,3,9a8a30484c14a7f69205640d93e94bf7600424453a24df4f38e3968a51c05235,-87,,3,64,,3
15:39:54,,3,4512d5e08e2d22c3d4df085329bbb520b8e88c9651edbb1da76bf6bd8a3fa0ee,-94,,3,64,,3
15:39:55,26.0,3,70b42a0eb1dd780281f15c96d3b7104f13e0b6bd15aa5c7e3ec329659baa2249,-82,,3,64,12.0,3
15:39:56,,3,081e7a0fd3630dc6df449d3517c26fe42bfcbb4c204f8efd5ce35d8bfd705c3e,-89,,3,64,,3
15:39:57,26.0,3,e748b3ee480b1bdcef4810e6e171147fa7df4ff2ab7c2c2c5404c4bc0798f348,-49,,3,64,12.0,3
15:39:58,26.0,3,e748b3ee480b1bdcef4810e6e171147fa7df4ff2ab7c2c2c5404c4bc0798f348,-42,,3,64,12.0,3
15:39:58,26.0,3,c1ffa745b31c865f2ef564ceebe4162c47386258a513414d3db4de60aec35a39,-70,,3,64,12.0,3
15:39:59,26.0,3,ea2b5e780eb526821481d9758b9c62ced9df33b77290abb97b655fcaff0dd6dc,-80,,3,64,6.0,3
15:40:00,26.0,3,adc52606f326703bc555cca0fa0dbb6ee30a87f3d6ff8177482524b2017c2d23,-78,,3,64,12.0,3
15:40:01,26.0,3,fc6bcd3ad380614af06fd47e2c885759d7e99557666c81d927743755be00a89c,-75,,3,64,8.0,3
15:40:02,26.0,3,279b574173f0a8c61acc903fd9272a8757b6394bc1b9092b7720050b3446312f,-79,,3,64,12.0,3
15:40:02,,3,081e7a0fd3630dc6df449d3517c26fe42bfcbb4c204f8efd5ce35d8bfd705c3e,-79,,3,64,,3
15:40:03,26.0,3,074f76caaa9efbc217bd2030ae53c0246f4ad45cf032429462875d2400698103,-71,,3,64,8.0,3
15:40:04,26.0,3,4878e30008b93396487168d9b5b81de0e569ecc6de7807e2be65be12116853be,-88,Tb80,3,64,,3
15:40:05,26.0,3,4bfee5b2443036ae62dccf4faab813d560e04bedecbd055744411fdc334e8d52,-85,,3,64,8.0,3
15:40:06,26.0,3,e748b3ee480b1bdcef4810e6e171147fa7df4ff2ab7c2c2c5404c4bc0798f348,-49,,3,64,12.0,3
15:40:07,,3,0ebf7d9bea9a10f58de1ab4b3e041f9f06e96852281b4d061248087621f14226,-64,,3,64,,3
15:40:07,,3,081e7a0fd3630dc6df449d3517c26fe42bfcbb4c204f8efd5ce35d8bfd705c3e,-71,,3,64,,3
15:40:08,26.0,3,074f76caaa9efbc217bd2030ae53c0246f4ad45cf032429462875d2400698103,-80,,3,64,8.0,3
15:40:09,26.0,3,4878e30008b93396487168d9b5b81de0e569ecc6de7807e2be65be12116853be,-92,Tb80,3,64,,3
15:40:10,26.0,3,2b2c53643464d609ddc3bea7c5cffa1f151a06f8536ceb817ca58187cbc07fde,-86,,3,64,8.0,3
15:40:11,26.0,3,adc52606f326703bc555cca0fa0dbb6ee30a87f3d6ff8177482524b2017c2d23,-84,,3,64,12.0,3
15:40:11,26.0,3,ea2b5e780eb526821481d9758b9c62ced9df33b77290abb97b655fcaff0dd6dc,-81,,3,64,6.0,3
15:40:12,,3,081e7a0fd3630dc6df449d3517c26fe42bfcbb4c204f8efd5ce35d8bfd705c3e,-72,,3,64,,3
15:40:13,26.0,3,c4674bd549e78e63d1acdc2fdbf0d63bf0cc8b2e619a99c0c08f75e28a543435,-79,,3,64,7.0,3
15:40:14,,3,081e7a0fd3630dc6df449d3517c26fe42bfcbb4c204f8efd5ce35d8bfd705c3e,-69,,3,64,,3
15:40:15,,3,caef941800ea24e156a51c2ba1fbf98483f8746c21b108d7a577046823b5e5db,-68,,3,64,,3
15:40:15,,3,081e7a0fd3630dc6df449d3517c26fe42bfcbb4c204f8efd5ce35d8bfd705c3e,-70,,3,64,,3
15:40:16,26.0,3,c4674bd549e78e63d1acdc2fdbf0d63bf0cc8b2e619a99c0c08f75e28a543435,-77,,3,64,7.0,3
15:40:17,26.0,3,fc6bcd3ad380614af06fd47e2c885759d7e99557666c81d927743755be00a89c,-67,,3,64,8.0,3
15:40:18,26.0,3,ea2b5e780eb526821481d9758b9c62ced9df33b77290abb97b655fcaff0dd6dc,-79,,3,64,6.0,3
15:40:19,26.0,3,c4674bd549e78e63d1acdc2fdbf0d63bf0cc8b2e619a99c0c08f75e28a543435,-88,,3,64,7.0,3
15:40:19,26.0,3,e07908a7d32e7f00d5291a13ff283125e40aac15ab2dde8978b20a74017bd541,-81,,3,64,12.0,3
15:40:20,,3,081e7a0fd3630dc6df449d3517c26fe42bfcbb4c204f8efd5ce35d8bfd705c3e,-79,,3,64,,3
15:40:21,26.0,3,fc6bcd3ad380614af06fd47e2c885759d7e99557666c81d927743755be00a89c,-65,,3,64,8.0,3
15:40:22,26.0,3,4878e30008b93396487168d9b5b81de0e569ecc6de7807e2be65be12116853be,-94,Tb80,3,64,,3
15:40:23,26.0,3,074f76caaa9efbc217bd2030ae53c0246f4ad45cf032429462875d2400698103,-68,,3,64,8.0,3
15:40:23,,3,081e7a0fd3630dc6df449d3517c26fe42bfcbb4c204f8efd5ce35d8bfd705c3e,-79,,3,64,,3
15:40:24,26.0,3,074f76caaa9efbc217bd2030ae53c0246f4ad45cf032429462875d2400698103,-68,,3,64,8.0,3
15:40:25,26.0,3,1b6dc293530ef36438b66090579c861d4f39ea5ab2085f947b2a90c64b8ef1c5,-79,,3,64,12.0,3
15:40:26,26.0,3,c1ffa745b31c865f2ef564ceebe4162c47386258a513414d3db4de60aec35a39,-70,,3,64,12.0,3
15:40:27,26.0,3,1b6dc293530ef36438b66090579c861d4f39ea5ab2085f947b2a90c64b8ef1c5,-79,,3,64,12.0,3
15:40:27,26.0,3,70b42a0eb1dd780281f15c96d3b7104f13e0b6bd15aa5c7e3ec329659baa2249,-76,,3,64,12.0,3
15:40:28,,3,f7ae087b8dcd2c8bca768ef118cf5ce78c2135944e1d1dd29ad5386092e6ae1f,-92,,3,64,,3
15:40:29,,3,081e7a0fd3630dc6df449d3517c26fe42bfcbb4c204f8efd5ce35d8bfd705c3e,-71,,3,64,,3
15:40:30,26.0,3,4bfee5b2443036ae62dccf4faab813d560e04bedecbd055744411fdc334e8d52,-76,,3,64,8.0,3
15:40:31,26.0,3,fc6bcd3ad380614af06fd47e2c885759d7e99557666c81d927743755be00a89c,-66,,3,64,8.0,3
15:40:31,26.0,3,279b574173f0a8c61acc903fd9272a8757b6394bc1b9092b7720050b3446312f,-71,,3,64,12.0,3
15:40:32,26.0,3,c4674bd549e78e63d1acdc2fdbf0d63bf0cc8b2e619a99c0c08f75e28a543435,-92,,3,64,7.0,3
15:40:33,,3,1347275709e229e79335b9bbe4e6bb8e39ce59ea166ea052b76ea45e6a6fdc32,-82,,3,64,,3
15:40:34,26.0,3,aff127275aa906db59b4f23b813da269df088047ef5a361ef09ed28da1607d5e,-90,,3,64,12.0,3
15:40:35,26.0,3,bcc6de1aed5213ba8c6f922e2dd7cdbb5e7292836d9b57efde820754d9b12507,-86,,3,64,12.0,3
15:40:35,26.0,3,aff127275aa906db59b4f23b813da269df088047ef5a361ef09ed28da1607d5e,-91,,3,64,12.0,3
15:40:36,26.0,3,e07908a7d32e7f00d5291a13ff283125e40aac15ab2dde8978b20a74017bd541,-79,,3,64,12.0,3
15:40:37,26.0,3,ea2b5e780eb526821481d9758b9c62ced9df33b77290abb97b655fcaff0dd6dc,-80,,3,64,6.0,3
15:40:38,,3,7ac453810fbe88f94748eec7a0a206e29173ddcfc1d8a90051654d8dbdb80672,-83,,3,64,,3
15:40:39,26.0,3,c4674bd549e78e63d1acdc2fdbf0d63bf0cc8b2e619a99c0c08f75e28a543435,-81,,3,64,7.0,3
15:40:39,26.0,3,2b2c53643464d609ddc3bea7c5cffa1f151a06f8536ceb817ca58187cbc07fde,-83,,3,64,8.0,3
15:40:40,26.0,3,e748b3ee480b1bdcef4810e6e171147fa7df4ff2ab7c2c2c5404c4bc0798f348,-47,,3,64,12.0,3
15:40:41,26.0,3,1b6dc293530ef36438b66090579c861d4f39ea5ab2085f947b2a90c64b8ef1c5,-90,,3,64,12.0,3
15:40:42,,3,a6f92e244b24f74af7728161fcb305ca7af957b9a7496623c9a1c8bbe4f56ae9,-89,,3,64,,3
15:40:43,26.0,3,074f76caaa9efbc217bd2030ae53c0246f4ad45cf032429462875d2400698103,-83,,3,64,8.0,3
15:40:43,,3,caef941800ea24e156a51c2ba1fbf98483f8746c21b108d7a577046823b5e5db,-72,,3,64,,3
15:40:44,26.0,3,adc52606f326703bc555cca0fa0dbb6ee30a87f3d6ff8177482524b2017c2d23,-79,,3,64,12.0,3
15:40:45,26.0,3,70b42a0eb1dd780281f15c96d3b7104f13e0b6bd15aa5c7e3ec329659baa2249,-72,,3,64,12.0,3
15:40:46,,3,a6f92e244b24f74af7728161fcb305ca7af957b9a7496623c9a1c8bbe4f56ae9,-83,,3,64,,3
15:40:47,26.0,3,4bfee5b2443036ae62dccf4faab813d560e04bedecbd055744411fdc334e8d52,-82,,3,64,8.0,3
15:40:47,26.0,3,8771dd294170d9a95b9f86adc3b14aa6d65844237e6517a5d31f5064c7edcf80,-88,,3,64,24.0,3
15:40:48,26.0,3,e07908a7d32e7f00d5291a13ff283125e40aac15ab2dde8978b20a74017bd541,-85,,3,64,12.0,3
15:40:49,26.0,3,bcc6de1aed5213ba8c6f922e2dd7cdbb5e7292836d9b57efde820754d9b12507,-83,,3,64,12.0,3
15:40:50,26.0,3,4878e30008b93396487168d9b5b81de0e569ecc6de7807e2be65be12116853be,-89,Tb80,3,64,,3
15:40:51,,3,081e7a0fd3630dc6df449d3517c26fe42bfcbb4c204f8efd5ce35d8bfd705c3e,-73,,3,64,,3
15:40:51,,3,4512d5e08e2d22c3d4df085329bbb520b8e88c9651edbb1da76bf6bd8a3fa0ee,-91,,3,64,,3
15:40:52,26.0,3,074f76caaa9efbc217bd2030ae53c0246f4ad45cf032429462875d2400698103,-70,,3,64,8.0,3
15:40:53,26.0,3,adc52606f326703bc555cca0fa0dbb6ee30a87f3d6ff8177482524b2017c2d23,-81,,3,64,12.0,3
15:40:54,26.0,3,adc52606f326703bc555cca0fa0dbb6ee30a87f3d6ff8177482524b2017c2d23,-78,,3,64,12.0,3
15:40:55,26.0,3,c1ffa745b31c865f2ef564ceebe4162c47386258a513414d3db4de60aec35a39,-79,,3,64,12.0,3
15:40:55,26.0,3,e748b3ee480b1bdcef4810e6e171147fa7df4ff2ab7c2c2c5404c4bc0798f348,-41,,3,64,12.0,3
15:40:56,26.0,3,e748b3ee480b1bdcef4810e6e171147fa7df4ff2ab7c2c2c5404c4bc0798f348,-37,,3,64,12.0,3
15:40:57,26.0,3,279b574173f0a8c61acc903fd9272a8757b6394bc1b9092b7720050b3446312f,-83,,3,64,12.0,3
15:40:58,26.0,3,70b42a0eb1dd780281f15c96d3b7104f13e0b6bd15aa5c7e3ec329659baa2249,-77,,3,64,12.0,3
15:40:59,,3,c1066c6bda2dca303a4510cd52f3aeaf4dabeaa2c6be37fd1d536365b6cdb3bd,-96,,3,64,,3
15:40:59,26.0,3,279b574173f0a8c61acc903fd9272a8757b6394bc1b9092b7720050b3446312f,-78,,3,64,12.0,3
15:41:00,,3,b3829d50cec6a4f4fcb9275b71320f03181bdf128987eee968d75247458f51e7,-75,,3,64,,3
15:41:01,,3,081e7a0fd3630dc6df449d3517c26fe42bfcbb4c204f8efd5ce35d8bfd705c3e,-78,,3,64,,3
15:41:02,,3,a6f92e244b24f74af7728161fcb305ca7af957b9a7496623c9a1c8bbe4f56ae9,-95,,3,64,,3
15:41:03,26.0,3,bcc6de1aed5213ba8c6f922e2dd7cdbb5e7292836d9b57efde820754d9b12507,-88,,3,64,12.0,3
15:41:03,26.0,3,2b2c53643464d609ddc3bea7c5cffa1f151a06f8536ceb817ca58187cbc07fde,-87,,3,64,8.0,3
15:41:04,26.0,3,4bfee5b2443036ae62dccf4faab813d560e04bedecbd055744411fdc334e8d52,-80,,3,64,8.0,3
15:41:05,26.0,3,8771dd294170d9a95b9f86adc3b14aa6d65844237e6517a5d31f5064c7edcf80,-90,,3,64,24.0,3
15:41:06,26.0,3,4bfee5b2443036ae62dccf4faab813d560e04bedecbd055744411fdc334e8d52,-87,,3,64,8.0,3
15:41:07,,3,081e7a0fd3630dc6df449d3517c26fe42bfcbb4c204f8efd5ce35d8bfd705c3e,-76,,3,64,,3
15:41:07,26.0,3,4878e30008b93396487168d9b5b81de0e569ecc6de7807e2be65be12116853be,-86,Tb80,3,64,,3
15:41:08,26.0,3,c1ffa745b31c865f2ef564ceebe4162c47386258a513414d3db4de60aec35a39,-68,,3,64,12.0,3
15:41:09,26.0,3,adc52606f326703bc555cca0fa0dbb6ee30a87f3d6ff8177482524b2017c2d23,-83,,3,64,12.0,3
15:41:10,26.0,3,e07908a7d32e7f00d5291a13ff283125e40aac15ab2dde8978b20a74017bd541,-80,,3,64,12.0,3
15:41:11,,3,c1066c6bda2dca303a4510cd52f3aeaf4dabeaa2c6be37fd1d536365b6cdb3bd,-95,,3,64,,3
15:41:11,26.0,3,c9bcefec99673b0e97735a73f819ef4ad94c0e1ff50367a03128dd383720e13b,-81,,3,64,12.0,3
15:41:12,26.0,3,279b574173f0a8c61acc903fd9272a8757b6394bc1b9092b7720050b3446312f,-76,,3,64,12.0,3
15:41:13,26.0,3,e748b3ee480b1bdcef4810e6e171147fa7df4ff2ab7c2c2c5404c4bc0798f348,-38,,3,64,12.0,3
15:41:14,26.0,3,279b574173f0a8c61acc903fd9272a8757b6394bc1b9092b7720050b3446312f,-76,,3,64,12.0,3
15:41:15,26.0,3,c4674bd549e78e63d1acdc2fdbf0d63bf0cc8b2e619a99c0c08f75e28a543435,-79,,3,64,7.0,3
15:41:15,26.0,3,1b6dc293530ef36438b66090579c861d4f39ea5ab2085f947b2a90c64b8ef1c5,-85,,3,64,12.0,3
15:41:16,26.0,3,c4674bd549e78e63d1acdc2fdbf0d63bf0cc8b2e619a99c0c08f75e28a543435,-79,,3,64,7.0,3
15:41:17,26.0,3,e07908a7d32e7f00d5291a13ff283125e40aac15ab2dde8978b20a74017bd541,-74,,3,64,12.0,3
15:41:18,,3,7ac453810fbe88f94748eec7a0a206e29173ddcfc1d8a90051654d8dbdb80672,-87,,3,64,,3
15:41:19,,3,ffd5b79c2c54e02ae60b21ec671b022459f8e936b1b7fceef64b2900bc4024f6,-79,,3,64,,3
15:41:19,26.0,3,074f76caaa9efbc217bd2030ae53c0246f4ad45cf032429462875d2400698103,-75,,3,64,8.0,3
15:41:20,26.0,3,1b6dc293530ef36438b66090579c861d4f39ea5ab2085f947b2a90c64b8ef1c5,-86,,3,64,12.0,3
15:41:21,26.0,3,4878e30008b93396487168d9b5b81de0e569ecc6de7807e2be65be12116853be,-85,Tb80,3,64,,3
15:41:22,,3,081e7a0fd3630dc6df449d3517c26fe42bfcbb4c204f8efd5ce35d8bfd705c3e,-71,,3,64,,3
15:41:23,26.0,3,4bfee5b2443036ae62dccf4faab813d560e04bedecbd055744411fdc334e8d52,-79,,3,64,8.0,3
15:41:23,26.0,3,ee28e39b0076caa1df5e3c47a391fa324d95ddfdb20cd7ead755412ce64887bc,-85,,3,64,8.0,3
15:41:24,26.0,3,4bfee5b2443036ae62dccf4faab813d560e04bedecbd055744411fdc334e8d52,-78,,3,64,8.0,3
15:41:25,26.0,3,c1ffa745b31c865f2ef564ceebe4162c47386258a513414d3db4de60aec35a39,-75,,3,64,12.0,3
15:41:26,26.0,3,e07908a7d32e7f00d5291a13ff283125e40aac15ab2dde8978b20a74017bd541,-85,,3,64,12.0,3
15:41:27,,3,ffd5b79c2c54e02ae60b21ec671b022459f8e936b1b7fceef64b2900bc4024f6,-80,,3,64,,3
15:41:27,,3,621dcf70f274bb3bee20938041b22c9dd41ad6521402875784957279cfd99331,-82,,3,64,,3
15:41:28,,3,839f58915bfad43a6d7cfca27cf7e83fa5b7620973b5df0911cf121c765b9265,-82,,3,64,,3
15:41:29,26.0,3,279b574173f0a8c61acc903fd9272a8757b6394bc1b9092b7720050b3446312f,-74,,3,64,12.0,3
15:41:30,,3,081e7a0fd3630dc6df449d3517c26fe42bfcbb4c204f8efd5ce35d8bfd705c3e,-79,,3,64,,3
15:41:31,,3,081e7a0fd3630dc6df449d3517c26fe42bfcbb4c204f8efd5ce35d8bfd705c3e,-79,,3,64,,3
15:41:31,26.0,3,c4674bd549e78e63d1acdc2fdbf0d63bf0cc8b2e619a99c0c08f75e28a543435,-77,,3,64,7.0,3
15:41:32,26.0,3,adc52606f326703bc555cca0fa0dbb6ee30a87f3d6ff8177482524b2017c2d23,-89,,3,64,12.0,3
15:41:33,,3,081e7a0fd3630dc6df449d3517c26fe42bfcbb4c204f8efd5ce35d8bfd705c3e,-84,,3,64,,3
15:41:34,,3,5e4a732fbcb20468b66587bca3c6e052ec842d0dda022a4fced91c910f16301c,-87,,3,64,,3
15:41:35,26.0,3,e07908a7d32e7f00d5291a13ff283125e40aac15ab2dde8978b20a74017bd541,-76,,3,64,12.0,3
15:41:35,26.0,3,074f76caaa9efbc217bd2030ae53c0246f4ad45cf032429462875d2400698103,-75,,3,64,8.0,3
15:41:36,26.0,3,2b2c53643464d609ddc3bea7c5cffa1f151a06f8536ceb817ca58187cbc07fde,-89,,3,64,8.0,3
15:41:37,26.0,3,e07908a7d32e7f00d5291a13ff283125e40aac15ab2dde8978b20a74017bd541,-79,,3,64,12.0,3
15:41:38,26.0,3,511095aced671dfd67f4c79b9155ae6b8b9ed6c1fcec6e8c9d3d685a334a6355,-83,,3,64,6.0,3
15:41:39,,3,ffd5b79c2c54e02ae60b21ec671b022459f8e936b1b7fceef64b2900bc4024f6,-76,,3,64,,3
15:41:39,26.0,3,4878e30008b93396487168d9b5b81de0e569ecc6de7807e2be65be12116853be,-74,Tb80,3,64,,3
15:41:40,26.0,3,e748b3ee480b1bdcef4810e6e171147fa7df4ff2ab7c2c2c5404c4bc0798f348,-53,,3,64,12.0,3
15:41:41,26.0,3,279b574173f0a8c61acc903fd9272a8757b6394bc1b9092b7720050b3446312f,-77,,3,64,12.0,3
15:41:42,26.0,3,2fea306db6ab49989d06b45b0ac3f2474a2793fe09ef55a24ae0583bb7d2f2d2,-57,,3,64,7.0,3
15:41:43,26.0,3,e07908a7d32e7f00d5291a13ff283125e40aac15ab2dde8978b20a74017bd541,-73,,3,64,12.0,3
15:41:43,,3,193d30d42f3d382c0595387cb92f5e02dd6c866013d29961999e2213c7d9b139,-85,,3,64,,3
15:41:44,26.0,3,24ccc1b7932632e54f20169db56c942789fe29be86cb48b3031e821680aa36b0,-62,,3,64,12.0,3
15:41:45,26.0,3,e07908a7d32e7f00d5291a13ff283125e40aac15ab2dde8978b20a74017bd541,-75,,3,64,12.0,3
15:41:46,26.0,3,4878e30008b93396487168d9b5b81de0e569ecc6de7807e2be65be12116853be,-75,Tb80,3,64,,3
15:41:47,,3,081e7a0fd3630dc6df449d3517c26fe42bfcbb4c204f8efd5ce35d8bfd705c3e,-71,,3,64,,3
15:41:47,,3,98a4acb21cf25a3f6e672e9ac126c81ba89cbcf21ee0f1c52a326d793fe9c862,-89,,3,64,,3
15:41:48,26.0,3,c4674bd549e78e63d1acdc2fdbf0d63bf0cc8b2e619a99c0c08f75e28a543435,-78,,3,64,7.0,3
15:41:49,,3,d894d42e672927e361b360169d1211a51fdb90a6db7ad160ad2bf88a8921d49f,-85,,3,64,,3
15:41:50,,3,b372fdef27fcef995e4eeb066cb52c58be9faf0771ad76174302b243435d6f02,-81,,3,64,,3
15:41:51,,3,555226fbbf82ceee7c2fa146d0b405ccb6dadfbd01adaab04d57e608b5cb0a57,-63,,3,64,,3
15:41:51,26.0,3,2b2c53643464d609ddc3bea7c5cffa1f151a06f8536ceb817ca58187cbc07fde,-92,,3,64,8.0,3
15:41:52,26.0,3,e07908a7d32e7f00d5291a13ff283125e40aac15ab2dde8978b20a74017bd541,-83,,3,64,12.0,3
15:41:53,26.0,3,1b6dc293530ef36438b66090579c861d4f39ea5ab2085f947b2a90c64b8ef1c5,-87,,3,64,12.0,3
15:41:54,,3,b372fdef27fcef995e4eeb066cb52c58be9faf0771ad76174302b243435d6f02,-78,,3,64,,3
15:41:55,,3,555226fbbf82ceee7c2fa146d0b405ccb6dadfbd01adaab04d57e608b5cb0a57,-67,,3,64,,3
15:41:55,,3,98a4acb21cf25a3f6e672e9ac126c81ba89cbcf21ee0f1c52a326d793fe9c862,-78,,3,64,,3
15:41:56,26.0,3,fc6bcd3ad380614af06fd47e2c885759d7e99557666c81d927743755be00a89c,-61,,3,64,8.0,3
15:41:57,26.0,3,4bfee5b2443036ae62dccf4faab813d560e04bedecbd055744411fdc334e8d52,-79,,3,64,8.0,3
15:41:58,,3,621dcf70f274bb3bee20938041b22c9dd41ad6521402875784957279cfd99331,-93,,3,64,,3
15:41:59,,3,555226fbbf82ceee7c2fa146d0b405ccb6dadfbd01adaab04d57e608b5cb0a57,-61,,3,64,,3
15:41:59,26.0,3,fc6bcd3ad380614af06fd47e2c885759d7e99557666c81d927743755be00a89c,-77,,3,64,8.0,3
15:42:00,26.0,3,e07908a7d32e7f00d5291a13ff283125e40aac15ab2dde8978b20a74017bd541,-78,,3,64,12.0,3
15:42:01,26.0,3,279b574173f0a8c61acc903fd9272a8757b6394bc1b9092b7720050b3446312f,-76,,3,64,12.0,3
15:42:02,26.0,3,4878e30008b93396487168d9b5b81de0e569ecc6de7807e2be65be12116853be,-79,Tb80,3,64,,3
15:42:03,,3,081e7a0fd3630dc6df449d3517c26fe42bfcbb4c204f8efd5ce35d8bfd705c3e,-70,,3,64,,3
15:42:03,,3,193d30d42f3d382c0595387cb92f5e02dd6c866013d29961999e2213c7d9b139,-89,,3,64,,3
15:42:04,26.0,3,511095aced671dfd67f4c79b9155ae6b8b9ed6c1fcec6e8c9d3d685a334a6355,-88,,3,64,6.0,3
15:42:05,26.0,3,c4674bd549e78e63d1acdc2fdbf0d63bf0cc8b2e619a99c0c08f75e28a543435,-80,,3,64,7.0,3
15:42:06,,3,081e7a0fd3630dc6df449d3517c26fe42bfcbb4c204f8efd5ce35d8bfd705c3e,-71,,3,64,,3
15:42:07,,3,555226fbbf82ceee7c2fa146d0b405ccb6dadfbd01adaab04d57e608b5cb0a57,-65,,3,64,,3
15:42:07,26.0,3,4878e30008b93396487168d9b5b81de0e569ecc6de7807e2be65be12116853be,-83,Tb80,3,64,,3
15:42:08,,3,0ebf7d9bea9a10f58de1ab4b3e041f9f06e96852281b4d061248087621f14226,-74,,3,64,,3
15:42:09,26.0,3,c4674bd549e78e63d1acdc2fdbf0d63bf0cc8b2e619a99c0c08f75e28a543435,-78,,3,64,7.0,3
15:42:10,,3,621dcf70f274bb3bee20938041b22c9dd41ad6521402875784957279cfd99331,-91,,3,64,,3
15:42:11,,3,555226fbbf82ceee7c2fa146d0b405ccb6dadfbd01adaab04d57e608b5cb0a57,-61,,3,64,,3
15:42:11,,3,081e7a0fd3630dc6df449d3517c26fe42bfcbb4c204f8efd5ce35d8bfd705c3e,-79,,3,64,,3
15:42:12,26.0,3,b57a145550967830fcd6a8b5e88e0911dc009f0ede39a7f4d41a0bd171d65801,-80,,3,64,7.0,3
15:42:13,26.0,3,511095aced671dfd67f4c79b9155ae6b8b9ed6c1fcec6e8c9d3d685a334a6355,-88,,3,64,6.0,3
15:42:14,26.0,3,4878e30008b93396487168d9b5b81de0e569ecc6de7807e2be65be12116853be,-76,Tb80,3,64,,3
15:42:15,26.0,3,4bfee5b2443036ae62dccf4faab813d560e04bedecbd055744411fdc334e8d52,-80,,3,64,8.0,3
15:42:15,26.0,3,074f76caaa9efbc217bd2030ae53c0246f4ad45cf032429462875d2400698103,-76,,3,64,8.0,3
15:42:16,26.0,3,4bfee5b2443036ae62dccf4faab813d560e04bedecbd055744411fdc334e8d52,-78,,3,64,8.0,3
15:42:17,26.0,3,e07908a7d32e7f00d5291a13ff283125e40aac15ab2dde8978b20a74017bd541,-75,,3,64,12.0,3
15:42:18,26.0,3,c9bcefec99673b0e97735a73f819ef4ad94c0e1ff50367a03128dd383720e13b,-78,,3,64,12.0,3
15:42:19,,3,ffd5b79c2c54e02ae60b21ec671b022459f8e936b1b7fceef64b2900bc4024f6,-75,,3,64,,3
15:42:19,26.0,3,4878e30008b93396487168d9b5b81de0e569ecc6de7807e2be65be12116853be,-88,Tb80,3,64,,3
15:42:20,26.0,3,b57a145550967830fcd6a8b5e88e0911dc009f0ede39a7f4d41a0bd171d65801,-82,,3,64,7.0,3
15:42:21,26.0,3,ac858d3ec61a6435638e14fc27e53a72496c144518924db5fa8403e7d1d96584,-89,,3,64,7.0,3
15:42:22,26.0,3,b57a145550967830fcd6a8b5e88e0911dc009f0ede39a7f4d41a0bd171d65801,-80,,3,64,7.0,3
15:42:23,26.0,3,adc52606f326703bc555cca0fa0dbb6ee30a87f3d6ff8177482524b2017c2d23,-89,,3,64,12.0,3
15:42:23,26.0,3,279b574173f0a8c61acc903fd9272a8757b6394bc1b9092b7720050b3446312f,-75,,3,64,12.0,3
15:42:24,26.0,3,e748b3ee480b1bdcef4810e6e171147fa7df4ff2ab7c2c2c5404c4bc0798f348,-55,,3,64,12.0,3
15:42:25,26.0,3,074f76caaa9efbc217bd2030ae53c0246f4ad45cf032429462875d2400698103,-77,,3,64,8.0,3
15:42:26,,3,081e7a0fd3630dc6df449d3517c26fe42bfcbb4c204f8efd5ce35d8bfd705c3e,-73,,3,64,,3
15:42:27,,3,ffd5b79c2c54e02ae60b21ec671b022459f8e936b1b7fceef64b2900bc4024f6,-77,,3,64,,3
15:42:27,26.0,3,4bfee5b2443036ae62dccf4faab813d560e04bedecbd055744411fdc334e8d52,-78,,3,64,8.0,3
15:42:28,,3,0ebf7d9bea9a10f58de1ab4b3e041f9f06e96852281b4d061248087621f14226,-71,,3,64,,3
15:42:29,26.0,3,bbc58858280981284fffa071df14fd115e2c193f5940532ee1adf5a556090596,-87,,3,64,7.0,3
15:42:30,26.0,3,bcc6de1aed5213ba8c6f922e2dd7cdbb5e7292836d9b57efde820754d9b12507,-86,,3,64,12.0,3
15:42:31,,3,ffd5b79c2c54e02ae60b21ec671b022459f8e936b1b7fceef64b2900bc4024f6,-75,,3,64,,3
15:42:31,26.0,3,adc52606f326703bc555cca0fa0dbb6ee30a87f3d6ff8177482524b2017c2d23,-80,,3,64,12.0,3
15:42:32,,3,0ebf7d9bea9a10f58de1ab4b3e041f9f06e96852281b4d061248087621f14226,-79,,3,64,,3
15:42:33,26.0,3,c9bcefec99673b0e97735a73f819ef4ad94c0e1ff50367a03128dd383720e13b,-77,,3,64,12.0,3
15:42:34,,3,081e7a0fd3630dc6df449d3517c26fe42bfcbb4c204f8efd5ce35d8bfd705c3e,-75,,3,64,,3
15:42:35,26.0,3,1b6dc293530ef36438b66090579c861d4f39ea5ab2085f947b2a90c64b8ef1c5,-86,,3,64,12.0,3
15:42:35,26.0,3,1b6dc293530ef36438b66090579c861d4f39ea5ab2085f947b2a90c64b8ef1c5,-86,,3,64,12.0,3
15:42:36,26.0,3,91f3ba42264ea71b9655a6dd4aca11753dcbaa1cb6142c68820f0cfa96676cba,-90,,3,64,8.0,3
15:42:37,26.0,3,4878e30008b93396487168d9b5b81de0e569ecc6de7807e2be65be12116853be,-86,Tb80,3,64,,3
15:42:38,26.0,3,aff127275aa906db59b4f23b813da269df088047ef5a361ef09ed28da1607d5e,-93,,3,64,12.0,3
15:42:39,26.0,3,e07908a7d32e7f00d5291a13ff283125e40aac15ab2dde8978b20a74017bd541,-79,,3,64,12.0,3
15:42:39,26.0,3,e748b3ee480b1bdcef4810e6e171147fa7df4ff2ab7c2c2c5404c4bc0798f348,-53,,3,64,12.0,3
15:42:40,26.0,3,adc52606f326703bc555cca0fa0dbb6ee30a87f3d6ff8177482524b2017c2d23,-87,,3,64,12.0,3
15:42:41,26.0,3,2fea306db6ab49989d06b45b0ac3f2474a2793fe09ef55a24ae0583bb7d2f2d2,-66,,3,64,7.0,3
15:42:42,26.0,3,4bfee5b2443036ae62dccf4faab813d560e04bedecbd055744411fdc334e8d52,-83,,3,64,8.0,3
15:42:43,26.0,3,c4674bd549e78e63d1acdc2fdbf0d63bf0cc8b2e619a99c0c08f75e28a543435,-78,,3,64,7.0,3
15:42:43,26.0,3,4bfee5b2443036ae62dccf4faab813d560e04bedecbd055744411fdc334e8d52,-83,,3,64,8.0,3
15:42:44,26.0,3,bcc6de1aed5213ba8c6f922e2dd7cdbb5e7292836d9b57efde820754d9b12507,-88,,3,64,12.0,3
15:42:45,26.0,3,bbc58858280981284fffa071df14fd115e2c193f5940532ee1adf5a556090596,-83,,3,64,7.0,3
15:42:46,26.0,3,b57a145550967830fcd6a8b5e88e0911dc009f0ede39a7f4d41a0bd171d65801,-82,,3,64,7.0,3
15:42:47,26.0,3,511095aced671dfd67f4c79b9155ae6b8b9ed6c1fcec6e8c9d3d685a334a6355,-81,,3,64,6.0,3
15:42:47,26.0,3,511095aced671dfd67f4c79b9155ae6b8b9ed6c1fcec6e8c9d3d685a334a6355,-86,,3,64,6.0,3
15:42:48,26.0,3,2fea306db6ab49989d06b45b0ac3f2474a2793fe09ef55a24ae0583bb7d2f2d2,-69,,3,64,7.0,3
15:42:49,26.0,3,e07908a7d32e7f00d5291a13ff283125e40aac15ab2dde8978b20a74017bd541,-79,,3,64,12.0,3
15:42:50,,3,081e7a0fd3630dc6df449d3517c26fe42bfcbb4c204f8efd5ce35d8bfd705c3e,-71,,3,64,,3
15:42:51,,3,555226fbbf82ceee7c2fa146d0b405ccb6dadfbd01adaab04d57e608b5cb0a57,-57,,3,64,,3
15:42:51,26.0,3,4bfee5b2443036ae62dccf4faab813d560e04bedecbd055744411fdc334e8d52,-72,,3,64,8.0,3
15:42:52,,3,ac96740ed0bcea142d5a3890baabdd311d431b8d44d6513ecbc814b92609dd87,-97,,3,64,,3
15:42:53,,3,081e7a0fd3630dc6df449d3517c26fe42bfcbb4c204f8efd5ce35d8bfd705c3e,-71,,3,64,,3
15:42:54,,3,b372fdef27fcef995e4eeb066cb52c58be9faf0771ad76174302b243435d6f02,-81,,3,64,,3
15:42:55,,3,555226fbbf82ceee7c2fa146d0b405ccb6dadfbd01adaab04d57e608b5cb0a57,-61,,3,64,,3
15:42:55,26.0,3,511095aced671dfd67f4c79b9155ae6b8b9ed6c1fcec6e8c9d3d685a334a6355,-89,,3,64,6.0,3
15:42:56,,3,0ebf7d9bea9a10f58de1ab4b3e041f9f06e96852281b4d061248087621f14226,-80,,3,64,,3
15:42:57,26.0,3,2fea306db6ab49989d06b45b0ac3f2474a2793fe09ef55a24ae0583bb7d2f2d2,-72,,3,64,7.0,3
15:42:58,26.0,3,bcc6de1aed5213ba8c6f922e2dd7cdbb5e7292836d9b57efde820754d9b12507,-82,,3,64,12.0,3
15:42:59,,3,081e7a0fd3630dc6df449d3517c26fe42bfcbb4c204f8efd5ce35d8bfd705c3e,-78,,3,64,,3
15:42:59,26.0,3,1b6dc293530ef36438b66090579c861d4f39ea5ab2085f947b2a90c64b8ef1c5,-83,,3,64,12.0,3
15:43:00,26.0,3,074f76caaa9efbc217bd2030ae53c0246f4ad45cf032429462875d2400698103,-76,,3,64,8.0,3
15:43:01,26.0,3,e07908a7d32e7f00d5291a13ff283125e40aac15ab2dde8978b20a74017bd541,-72,,3,64,12.0,3
15:43:02,26.0,3,074f76caaa9efbc217bd2030ae53c0246f4ad45cf032429462875d2400698103,-72,,3,64,8.0,3
15:43:03,,3,555226fbbf82ceee7c2fa146d0b405ccb6dadfbd01adaab04d57e608b5cb0a57,-64,,3,64,,3
15:43:03,26.0,3,bcc6de1aed5213ba8c6f922e2dd7cdbb5e7292836d9b57efde820754d9b12507,-84,,3,64,12.0,3
15:43:04,,3,a6f92e244b24f74af7728161fcb305ca7af957b9a7496623c9a1c8bbe4f56ae9,-87,,3,64,,3
15:43:05,26.0,3,511095aced671dfd67f4c79b9155ae6b8b9ed6c1fcec6e8c9d3d685a334a6355,-81,,3,64,6.0,3
15:43:06,26.0,3,e748b3ee480b1bdcef4810e6e171147fa7df4ff2ab7c2c2c5404c4bc0798f348,-52,,3,64,12.0,3
15:43:07,,3,555226fbbf82ceee7c2fa146d0b405ccb6dadfbd01adaab04d57e608b5cb0a57,-64,,3,64,,3
15:43:07,26.0,3,074f76caaa9efbc217bd2030ae53c0246f4ad45cf032429462875d2400698103,-74,,3,64,8.0,3
15:43:08,26.0,3,279b574173f0a8c61acc903fd9272a8757b6394bc1b9092b7720050b3446312f,-79,,3,64,12.0,3
15:43:09,,3,081e7a0fd3630dc6df449d3517c26fe42bfcbb4c204f8efd5ce35d8bfd705c3e,-70,,3,64,,3
15:43:10,,3,081e7a0fd3630dc6df449d3517c26fe42bfcbb4c204f8efd5ce35d8bfd705c3e,-68,,3,64,,3
15:43:11,,3,555226fbbf82ceee7c2fa146d0b405ccb6dadfbd01adaab04d57e608b5cb0a57,-64,,3,64,,3
15:43:11,26.0,3,4878e30008b93396487168d9b5b81de0e569ecc6de7807e2be65be12116853be,-78,Tb80,3,64,,3
15:43:12,,3,081e7a0fd3630dc6df449d3517c26fe42bfcbb4c204f8efd5ce35d8bfd705c3e,-69,,3,64,,3
15:43:13,26.0,3,c9bcefec99673b0e97735a73f819ef4ad94c0e1ff50367a03128dd383720e13b,-79,,3,64,12.0,3
15:43:14,26.0,3,adc52606f326703bc555cca0fa0dbb6ee30a87f3d6ff8177482524b2017c2d23,-81,,3,64,12.0,3
15:43:15,,3,555226fbbf82ceee7c2fa146d0b405ccb6dadfbd01adaab04d57e608b5cb0a57,-64,,3,64,,3
15:43:15,26.0,3,4bfee5b2443036ae62dccf4faab813d560e04bedecbd055744411fdc334e8d52,-82,,3,64,8.0,3
15:43:16,,3,a6f92e244b24f74af7728161fcb305ca7af957b9a7496623c9a1c8bbe4f56ae9,-95,,3,64,,3
15:43:17,26.0,3,074f76caaa9efbc217bd2030ae53c0246f4ad45cf032429462875d2400698103,-79,,3,64,8.0,3
15:43:18,,3,75322321b7161cca5d64ed58264f6097781db763591109428d147b1b8fb79946,-81,,3,64,,3
15:43:19,,3,c1066c6bda2dca303a4510cd52f3aeaf4dabeaa2c6be37fd1d536365b6cdb3bd,-98,,3,64,,3
15:43:19,26.0,3,91f3ba42264ea71b9655a6dd4aca11753dcbaa1cb6142c68820f0cfa96676cba,-88,,3,64,8.0,3
15:43:20,,3,081e7a0fd3630dc6df449d3517c26fe42bfcbb4c204f8efd5ce35d8bfd705c3e,-83,,3,64,,3
15:43:21,26.0,3,511095aced671dfd67f4c79b9155ae6b8b9ed6c1fcec6e8c9d3d685a334a6355,-80,,3,64,6.0,3
15:43:22,26.0,3,aff127275aa906db59b4f23b813da269df088047ef5a361ef09ed28da1607d5e,-91,,3,64,12.0,3
15:43:23,26.0,3,b57a145550967830fcd6a8b5e88e0911dc009f0ede39a7f4d41a0bd171d65801,-80,,3,64,7.0,3
15:43:23,26.0,3,4878e30008b93396487168d9b5b81de0e569ecc6de7807e2be65be12116853be,-80,Tb80,3,64,,3
15:43:24,26.0,3,e748b3ee480b1bdcef4810e6e171147fa7df4ff2ab7c2c2c5404c4bc0798f348,-52,,3,64,12.0,3
15:43:25,,3,081e7a0fd3630dc6df449d3517c26fe42bfcbb4c204f8efd5ce35d8bfd705c3e,-71,,3,64,,3
15:43:26,,3,00e0012aa2ea10fddbc931d87771008d5ba6df9493a3b2e92148d957e9c4ff75,-50,,3,64,,3
15:43:27,26.0,3,bcc6de1aed5213ba8c6f922e2dd7cdbb5e7292836d9b57efde820754d9b12507,-84,,3,64,12.0,3
15:43:27,26.0,3,bcc6de1aed5213ba8c6f922e2dd7cdbb5e7292836d9b57efde820754d9b12507,-88,,3,64,12.0,3
15:43:28,,3,cbc7e9362a1acf2a91e37747a7642e75eb37bd352ca5aec5e70c2d1292426320,-95,,3,64,,3
15:43:29,26.0,3,c9bcefec99673b0e97735a73f819ef4ad94c0e1ff50367a03128dd383720e13b,-81,,3,64,12.0,3
15:43:30,,3,00e0012aa2ea10fddbc931d87771008d5ba6df9493a3b2e92148d957e9c4ff75,-52,,3,64,,3
15:43:30,,3,1347275709e229e79335b9bbe4e6bb8e39ce59ea166ea052b76ea45e6a6fdc32,-77,,3,64,,3
15:43:31,,3,081e7a0fd3630dc6df449d3517c26fe42bfcbb4c204f8efd5ce35d8bfd705c3e,-71,,3,64,,3
15:43:32,26.0,3,511095aced671dfd67f4c79b9155ae6b8b9ed6c1fcec6e8c9d3d685a334a6355,-82,,3,64,6.0,3
15:43:33,26.0,3,4bfee5b2443036ae62dccf4faab813d560e04bedecbd055744411fdc334e8d52,-73,,3,64,8.0,3
15:43:34,,3,00e0012aa2ea10fddbc931d87771008d5ba6df9493a3b2e92148d957e9c4ff75,-54,,3,64,,3
15:43:35,26.0,3,279b574173f0a8c61acc903fd9272a8757b6394bc1b9092b7720050b3446312f,-81,,3,64,12.0,3
15:43:35,26.0,3,e748b3ee480b1bdcef4810e6e171147fa7df4ff2ab7c2c2c5404c4bc0798f348,-48,,3,64,12.0,3
15:43:36,26.0,3,e748b3ee480b1bdcef4810e6e171147fa7df4ff2ab7c2c2c5404c4bc0798f348,-54,,3,64,12.0,3
15:43:37,,3,081e7a0fd3630dc6df449d3517c26fe42bfcbb4c204f8efd5ce35d8bfd705c3e,-83,,3,64,,3
15:43:38,,3,00e0012aa2ea10fddbc931d87771008d5ba6df9493a3b2e92148d957e9c4ff75,-49,,3,64,,3
15:43:39,26.0,3,4bfee5b2443036ae62dccf4faab813d560e04bedecbd055744411fdc334e8d52,-80,,3,64,8.0,3
15:43:39,26.0,3,e07908a7d32e7f00d5291a13ff283125e40aac15ab2dde8978b20a74017bd541,-81,,3,64,12.0,3
15:43:40,26.0,3,ee28e39b0076caa1df5e3c47a391fa324d95ddfdb20cd7ead755412ce64887bc,-91,,3,64,8.0,3
15:43:41,26.0,3,4878e30008b93396487168d9b5b81de0e569ecc6de7807e2be65be12116853be,-81,Tb80,3,64,,3
15:43:42,,3,00e0012aa2ea10fddbc931d87771008d5ba6df9493a3b2e92148d957e9c4ff75,-53,,3,64,,3
15:43:43,,3,555226fbbf82ceee7c2fa146d0b405ccb6dadfbd01adaab04d57e608b5cb0a57,-65,,3,64,,3
15:43:43,26.0,3,bcc6de1aed5213ba8c6f922e2dd7cdbb5e7292836d9b57efde820754d9b12507,-86,,3,64,12.0,3
15:43:44,,3,7f8330d1c7e92e64d32238d05f7a4911a4f588a7a2fb5c5a1ce498e2afb6d6e4,-80,,3,64,,3
15:43:45,26.0,3,2060eff7678d38aaaddb900bd6cd444fcb6536db87ceed28785d49e4899e2d16,-88,,3,64,7.0,3
15:43:46,26.0,3,e07908a7d32e7f00d5291a13ff283125e40aac15ab2dde8978b20a74017bd541,-73,,3,64,12.0,3
15:43:47,,3,081e7a0fd3630dc6df449d3517c26fe42bfcbb4c204f8efd5ce35d8bfd705c3e,-71,,3,64,,3
15:43:47,26.0,3,4bfee5b2443036ae62dccf4faab813d560e04bedecbd055744411fdc334e8d52,-74,,3,64,8.0,3
15:43:48,26.0,3,aff127275aa906db59b4f23b813da269df088047ef5a361ef09ed28da1607d5e,-89,,3,64,12.0,3
15:43:49,,3,081e7a0fd3630dc6df449d3517c26fe42bfcbb4c204f8efd5ce35d8bfd705c3e,-69,,3,64,,3
15:43:50,26.0,3,511095aced671dfd67f4c79b9155ae6b8b9ed6c1fcec6e8c9d3d685a334a6355,-83,,3,64,6.0,3
15:43:51,26.0,3,c4674bd549e78e63d1acdc2fdbf0d63bf0cc8b2e619a99c0c08f75e28a543435,-86,,3,64,7.0,3
15:43:51,26.0,3,c4674bd549e78e63d1acdc2fdbf0d63bf0cc8b2e619a99c0c08f75e28a543435,-82,,3,64,7.0,3
15:43:52,26.0,3,45a6f0768d79130000db049c91ffff0cae09b0eca3651396d8e5dabe12f22b9e,-77,,3,64,8.0,3
15:43:53,,3,081e7a0fd3630dc6df449d3517c26fe42bfcbb4c204f8efd5ce35d8bfd705c3e,-70,,3,64,,3
15:43:54,26.0,3,45a6f0768d79130000db049c91ffff0cae09b0eca3651396d8e5dabe12f22b9e,-73,,3,64,8.0,3
15:43:55,26.0,3,bcc6de1aed5213ba8c6f922e2dd7cdbb5e7292836d9b57efde820754d9b12507,-84,,3,64,12.0,3
15:43:55,,3,cd68430892f37316e85890a1f010aa11d828dc8b96e1aa1ec0e6fe53410a1f7b,-81,,3,64,,3
15:43:56,,3,839f58915bfad43a6d7cfca27cf7e83fa5b7620973b5df0911cf121c765b9265,-81,,3,64,,3
15:43:57,26.0,3,4878e30008b93396487168d9b5b81de0e569ecc6de7807e2be65be12116853be,-89,Tb80,3,64,,3
15:43:58,26.0,3,1b6dc293530ef36438b66090579c861d4f39ea5ab2085f947b2a90c64b8ef1c5,-86,,3,64,12.0,3
15:43:59,,3,a0f97548a027137af5904590b06bcb9fcdb3798b57a26462afe5396cbda9912c,-88,,3,64,,3
15:43:59,,3,cd68430892f37316e85890a1f010aa11d828dc8b96e1aa1ec0e6fe53410a1f7b,-82,,3,64,,3
15:44:00,26.0,3,45a6f0768d79130000db049c91ffff0cae09b0eca3651396d8e5dabe12f22b9e,-79,,3,64,8.0,3
15:44:01,26.0,3,2060eff7678d38aaaddb900bd6cd444fcb6536db87ceed28785d49e4899e2d16,-94,,3,64,7.0,3
15:44:02,,3,86dc051a4802f6f2a47bf435a4da79a68b37dd0865e903982d09ce739ca4d261,-67,,3,64,,3
15:44:03,26.0,3,e07908a7d32e7f00d5291a13ff283125e40aac15ab2dde8978b20a74017bd541,-80,,3,64,12.0,3
15:44:03,26.0,3,801c88ebba3ba65ee95521fb8853d8fb5db8e9132a2eddb498af3bac8d9a6509,-82,,3,64,8.0,3
15:44:04,26.0,3,c4674bd549e78e63d1acdc2fdbf0d63bf0cc8b2e619a99c0c08f75e28a543435,-83,,3,64,7.0,3
15:44:05,26.0,3,e07908a7d32e7f00d5291a13ff283125e40aac15ab2dde8978b20a74017bd541,-78,,3,64,12.0,3
15:44:06,26.0,3,2fea306db6ab49989d06b45b0ac3f2474a2793fe09ef55a24ae0583bb7d2f2d2,-73,,3,64,7.0,3
15:44:07,26.0,3,b57a145550967830fcd6a8b5e88e0911dc009f0ede39a7f4d41a0bd171d65801,-86,,3,64,7.0,3
15:44:07,26.0,3,511095aced671dfd67f4c79b9155ae6b8b9ed6c1fcec6e8c9d3d685a334a6355,-79,,3,64,6.0,3
15:44:08,26.0,3,c9bcefec99673b0e97735a73f819ef4ad94c0e1ff50367a03128dd383720e13b,-81,,3,64,12.0,3
15:44:09,26.0,3,bcc6de1aed5213ba8c6f922e2dd7cdbb5e7292836d9b57efde820754d9b12507,-91,,3,64,12.0,3
15:44:10,26.0,3,2b2c53643464d609ddc3bea7c5cffa1f151a06f8536ceb817ca58187cbc07fde,-88,,3,64,8.0,3
15:44:11,,3,081e7a0fd3630dc6df449d3517c26fe42bfcbb4c204f8efd5ce35d8bfd705c3e,-89,,3,64,,3
15:44:11,26.0,3,e07908a7d32e7f00d5291a13ff283125e40aac15ab2dde8978b20a74017bd541,-69,,3,64,12.0,3
15:44:12,26.0,3,c4674bd549e78e63d1acdc2fdbf0d63bf0cc8b2e619a99c0c08f75e28a543435,-71,,3,64,7.0,3
15:44:13,,3,081e7a0fd3630dc6df449d3517c26fe42bfcbb4c204f8efd5ce35d8bfd705c3e,-71,,3,64,,3
15:44:14,26.0,3,c4674bd549e78e63d1acdc2fdbf0d63bf0cc8b2e619a99c0c08f75e28a543435,-71,,3,64,7.0,3
15:44:15,,3,b3829d50cec6a4f4fcb9275b71320f03181bdf128987eee968d75247458f51e7,-83,,3,64,,3
15:44:15,26.0,3,801c88ebba3ba65ee95521fb8853d8fb5db8e9132a2eddb498af3bac8d9a6509,-72,,3,64,8.0,3
15:44:16,26.0,3,e748b3ee480b1bdcef4810e6e171147fa7df4ff2ab7c2c2c5404c4bc0798f348,-50,,3,64,12.0,3
15:44:17,26.0,3,1b6dc293530ef36438b66090579c861d4f39ea5ab2085f947b2a90c64b8ef1c5,-89,,3,64,12.0,3
15:44:18,26.0,3,2060eff7678d38aaaddb900bd6cd444fcb6536db87ceed28785d49e4899e2d16,-89,,3,64,7.0,3
15:44:19,26.0,3,e748b3ee480b1bdcef4810e6e171147fa7df4ff2ab7c2c2c5404c4bc0798f348,-55,,3,64,12.0,3
15:44:20,,3,081e7a0fd3630dc6df449d3517c26fe42bfcbb4c204f8efd5ce35d8bfd705c3e,-72,,3,64,,3
15:44:20,26.0,3,e07908a7d32e7f00d5291a13ff283125e40aac15ab2dde8978b20a74017bd541,-73,,3,64,12.0,3
15:44:21,26.0,3,4878e30008b93396487168d9b5b81de0e569ecc6de7807e2be65be12116853be,-82,Tb80,3,64,,3
15:44:22,26.0,3,801c88ebba3ba65ee95521fb8853d8fb5db8e9132a2eddb498af3bac8d9a6509,-83,,3,64,8.0,3
15:44:23,26.0,3,bcc6de1aed5213ba8c6f922e2dd7cdbb5e7292836d9b57efde820754d9b12507,-82,,3,64,12.0,3
15:44:24,,3,cd68430892f37316e85890a1f010aa11d828dc8b96e1aa1ec0e6fe53410a1f7b,-92,,3,64,,3
15:44:24,26.0,3,c1ffa745b31c865f2ef564ceebe4162c47386258a513414d3db4de60aec35a39,-76,,3,64,12.0,3
15:44:25,,3,1347275709e229e79335b9bbe4e6bb8e39ce59ea166ea052b76ea45e6a6fdc32,-80,,3,64,,3
15:44:26,26.0,3,45a6f0768d79130000db049c91ffff0cae09b0eca3651396d8e5dabe12f22b9e,-75,,3,64,8.0,3
15:44:27,26.0,3,2b2c53643464d609ddc3bea7c5cffa1f151a06f8536ceb817ca58187cbc07fde,-85,,3,64,8.0,3
15:44:28,26.0,3,4878e30008b93396487168d9b5b81de0e569ecc6de7807e2be65be12116853be,-79,Tb80,3,64,,3
15:44:28,26.0,3,4878e30008b93396487168d9b5b81de0e569ecc6de7807e2be65be12116853be,-78,Tb80,3,64,,3
15:44:29,,3,1347275709e229e79335b9bbe4e6bb8e39ce59ea166ea052b76ea45e6a6fdc32,-74,,3,64,,3
15:44:30,26.0,3,c9bcefec99673b0e97735a73f819ef4ad94c0e1ff50367a03128dd383720e13b,-82,,3,64,12.0,3
15:44:31,,3,555226fbbf82ceee7c2fa146d0b405ccb6dadfbd01adaab04d57e608b5cb0a57,-63,,3,64,,3
15:44:32,26.0,3,ac858d3ec61a6435638e14fc27e53a72496c144518924db5fa8403e7d1d96584,-94,,3,64,7.0,3
15:44:32,26.0,3,aff127275aa906db59b4f23b813da269df088047ef5a361ef09ed28da1607d5e,-89,,3,64,12.0,3
15:44:33,26.0,3,801c88ebba3ba65ee95521fb8853d8fb5db8e9132a2eddb498af3bac8d9a6509,-80,,3,64,8.0,3
15:44:34,,3,00e0012aa2ea10fddbc931d87771008d5ba6df9493a3b2e92148d957e9c4ff75,-53,,3,64,,3
15:44:35,,3,081e7a0fd3630dc6df449d3517c26fe42bfcbb4c204f8efd5ce35d8bfd705c3e,-70,,3,64,,3
15:44:36,26.0,3,2060eff7678d38aaaddb900bd6cd444fcb6536db87ceed28785d49e4899e2d16,-87,,3,64,7.0,3
15:44:36,26.0,3,511095aced671dfd67f4c79b9155ae6b8b9ed6c1fcec6e8c9d3d685a334a6355,-84,,3,64,6.0,3
15:44:37,26.0,3,e748b3ee480b1bdcef4810e6e171147fa7df4ff2ab7c2c2c5404c4bc0798f348,-57,,3,64,12.0,3
15:44:38,26.0,3,4878e30008b93396487168d9b5b81de0e569ecc6de7807e2be65be12116853be,-87,Tb80,3,64,,3
15:44:39,,3,555226fbbf82ceee7c2fa146d0b405ccb6dadfbd01adaab04d57e608b5cb0a57,-61,,3,64,,3
15:44:40,,3,081e7a0fd3630dc6df449d3517c26fe42bfcbb4c204f8efd5ce35d8bfd705c3e,-75,,3,64,,3
15:44:40,,3,839f58915bfad43a6d7cfca27cf7e83fa5b7620973b5df0911cf121c765b9265,-83,,3,64,,3
15:44:41,26.0,3,e748b3ee480b1bdcef4810e6e171147fa7df4ff2ab7c2c2c5404c4bc0798f348,-49,,3,64,12.0,3
15:44:42,,3,86dc051a4802f6f2a47bf435a4da79a68b37dd0865e903982d09ce739ca4d261,-80,,3,64,,3
15:44:43,,3,b3829d50cec6a4f4fcb9275b71320f03181bdf128987eee968d75247458f51e7,-76,,3,64,,3
15:44:44,26.0,3,2fa3bbb4d54e75f1b3a5d9e8682c95a568f3b58011acbbc8f10ccc2829e4e516,-84,,3,64,7.0,3
15:44:44,,3,081e7a0fd3630dc6df449d3517c26fe42bfcbb4c204f8efd5ce35d8bfd705c3e,-76,,3,64,,3
15:44:45,26.0,3,e07908a7d32e7f00d5291a13ff283125e40aac15ab2dde8978b20a74017bd541,-73,,3,64,12.0,3
15:44:46,26.0,3,bcc6de1aed5213ba8c6f922e2dd7cdbb5e7292836d9b57efde820754d9b12507,-81,,3,64,12.0,3
15:44:47,,3,b3829d50cec6a4f4fcb9275b71320f03181bdf128987eee968d75247458f51e7,-94,,3,64,,3
15:44:48,26.0,3,511095aced671dfd67f4c79b9155ae6b8b9ed6c1fcec6e8c9d3d685a334a6355,-83,,3,64,6.0,3
15:44:48,,3,7f8330d1c7e92e64d32238d05f7a4911a4f588a7a2fb5c5a1ce498e2afb6d6e4,-76,,3,64,,3
15:44:49,26.0,3,c4674bd549e78e63d1acdc2fdbf0d63bf0cc8b2e619a99c0c08f75e28a543435,-85,,3,64,7.0,3
15:44:50,,3,7ac453810fbe88f94748eec7a0a206e29173ddcfc1d8a90051654d8dbdb80672,-85,,3,64,,3
15:44:51,26.0,3,2fa3bbb4d54e75f1b3a5d9e8682c95a568f3b58011acbbc8f10ccc2829e4e516,-86,,3,64,7.0,3
15:44:52,26.0,3,e07908a7d32e7f00d5291a13ff283125e40aac15ab2dde8978b20a74017bd541,-82,,3,64,12.0,3
15:44:52,26.0,3,511095aced671dfd67f4c79b9155ae6b8b9ed6c1fcec6e8c9d3d685a334a6355,-83,,3,64,6.0,3
15:44:53,26.0,3,e748b3ee480b1bdcef4810e6e171147fa7df4ff2ab7c2c2c5404c4bc0798f348,-39,,3,64,12.0,3
15:44:54,26.0,3,e07908a7d32e7f00d5291a13ff283125e40aac15ab2dde8978b20a74017bd541,-81,,3,64,12.0,3
15:44:55,26.0,3,2060eff7678d38aaaddb900bd6cd444fcb6536db87ceed28785d49e4899e2d16,-86,,3,64,7.0,3
15:44:56,,3,cd68430892f37316e85890a1f010aa11d828dc8b96e1aa1ec0e6fe53410a1f7b,-85,,3,64,,3
15:44:56,26.0,3,45a6f0768d79130000db049c91ffff0cae09b0eca3651396d8e5dabe12f22b9e,-74,,3,64,8.0,3
15:44:57,26.0,3,aff127275aa906db59b4f23b813da269df088047ef5a361ef09ed28da1607d5e,-91,,3,64,12.0,3
15:44:58,,3,86dc051a4802f6f2a47bf435a4da79a68b37dd0865e903982d09ce739ca4d261,-71,,3,64,,3
15:44:59,,3,caef941800ea24e156a51c2ba1fbf98483f8746c21b108d7a577046823b5e5db,-73,,3,64,,3
15:45:00,26.0,3,91f3ba42264ea71b9655a6dd4aca11753dcbaa1cb6142c68820f0cfa96676cba,-94,,3,64,8.0,3
15:45:00,26.0,3,c9bcefec99673b0e97735a73f819ef4ad94c0e1ff50367a03128dd383720e13b,-76,,3,64,12.0,3
15:45:01,26.0,3,2fea306db6ab49989d06b45b0ac3f2474a2793fe09ef55a24ae0583bb7d2f2d2,-75,,3,64,7.0,3
15:45:02,26.0,3,2060eff7678d38aaaddb900bd6cd444fcb6536db87ceed28785d49e4899e2d16,-86,,3,64,7.0,3
15:45:03,,3,c1066c6bda2dca303a4510cd52f3aeaf4dabeaa2c6be37fd1d536365b6cdb3bd,-97,,3,64,,3
15:45:04,26.0,3,bcc6de1aed5213ba8c6f922e2dd7cdbb5e7292836d9b57efde820754d9b12507,-85,,3,64,12.0,3
15:45:04,26.0,3,801c88ebba3ba65ee95521fb8853d8fb5db8e9132a2eddb498af3bac8d9a6509,-73,,3,64,8.0,3
15:45:05,26.0,3,511095aced671dfd67f4c79b9155ae6b8b9ed6c1fcec6e8c9d3d685a334a6355,-86,,3,64,6.0,3
15:45:06,26.0,3,aff127275aa906db59b4f23b813da269df088047ef5a361ef09ed28da1607d5e,-87,,3,64,12.0,3
15:45:07,,3,c1066c6bda2dca303a4510cd52f3aeaf4dabeaa2c6be37fd1d536365b6cdb3bd,-94,,3,64,,3
15:45:08,,3,fe37c663e3455f4de8349f1829097244ef1d7910d487b94872f75a2b719fb830,-74,,3,64,,3
15:45:08,26.0,3,e748b3ee480b1bdcef4810e6e171147fa7df4ff2ab7c2c2c5404c4bc0798f348,-48,,3,64,12.0,3
15:45:09,26.0,3,adc52606f326703bc555cca0fa0dbb6ee30a87f3d6ff8177482524b2017c2d23,-80,,3,64,12.0,3
15:45:10,26.0,3,2fea306db6ab49989d06b45b0ac3f2474a2793fe09ef55a24ae0583bb7d2f2d2,-67,,3,64,7.0,3
15:45:11,,3,081e7a0fd3630dc6df449d3517c26fe42bfcbb4c204f8efd5ce35d8bfd705c3e,-73,,3,64,,3
15:45:12,26.0,3,4878e30008b93396487168d9b5b81de0e569ecc6de7807e2be65be12116853be,-77,Tb80,3,64,,3
15:45:12,,3,839f58915bfad43a6d7cfca27cf7e83fa5b7620973b5df0911cf121c765b9265,-83,,3,64,,3
15:45:13,,3,081e7a0fd3630dc6df449d3517c26fe42bfcbb4c204f8efd5ce35d8bfd705c3e,-77,,3,64,,3
15:45:14,26.0,3,1b6dc293530ef36438b66090579c861d4f39ea5ab2085f947b2a90c64b8ef1c5,-80,,3,64,12.0,3
15:45:15,26.0,3,c9bcefec99673b0e97735a73f819ef4ad94c0e1ff50367a03128dd383720e13b,-78,,3,64,12.0,3
15:45:16,26.0,3,bcc6de1aed5213ba8c6f922e2dd7cdbb5e7292836d9b57efde820754d9b12507,-86,,3,64,12.0,3
15:45:16,,3,23b638cf990096c294b8f7228e298fc1cb37ac846ee737493deacb0f28edb4c3,-87,,3,64,,3
15:45:17,26.0,3,4878e30008b93396487168d9b5b81de0e569ecc6de7807e2be65be12116853be,-79,Tb80,3,64,,3
15:45:18,,3,081e7a0fd3630dc6df449d3517c26fe42bfcbb4c204f8efd5ce35d8bfd705c3e,-73,,3,64,,3
15:45:19,,3,555226fbbf82ceee7c2fa146d0b405ccb6dadfbd01adaab04d57e608b5cb0a57,-58,,3,64,,3
15:45:20,26.0,3,e748b3ee480b1bdcef4810e6e171147fa7df4ff2ab7c2c2c5404c4bc0798f348,-40,,3,64,12.0,3
15:45:20,26.0,3,279b574173f0a8c61acc903fd9272a8757b6394bc1b9092b7720050b3446312f,-85,,3,64,12.0,3
15:45:21,,3,081e7a0fd3630dc6df449d3517c26fe42bfcbb4c204f8efd5ce35d8bfd705c3e,-71,,3,64,,3
15:45:22,26.0,3,28281d9cf367a5074e107f330587267600877285ff1bdd0474e9e61fe66cc651,-85,,3,64,8.0,3
15:45:23,,3,555226fbbf82ceee7c2fa146d0b405ccb6dadfbd01adaab04d57e608b5cb0a57,-68,,3,64,,3
15:45:24,,3,081e7a0fd3630dc6df449d3517c26fe42bfcbb4c204f8efd5ce35d8bfd705c3e,-70,,3,64,,3
15:45:24,,3,7f8330d1c7e92e64d32238d05f7a4911a4f588a7a2fb5c5a1ce498e2afb6d6e4,-84,,3,64,,3
15:45:25,,3,f7ae087b8dcd2c8bca768ef118cf5ce78c2135944e1d1dd29ad5386092e6ae1f,-95,,3,64,,3
15:45:26,26.0,3,e07908a7d32e7f00d5291a13ff283125e40aac15ab2dde8978b20a74017bd541,-69,,3,64,12.0,3
15:45:27,,3,555226fbbf82ceee7c2fa146d0b405ccb6dadfbd01adaab04d57e608b5cb0a57,-64,,3,64,,3
15:45:28,,3,255ff07965f43c9b9f3f43ba7000de55a13080a38bc563ce488c0e3668bcc8b6,-93,,3,64,,3
15:45:28,26.0,3,511095aced671dfd67f4c79b9155ae6b8b9ed6c1fcec6e8c9d3d685a334a6355,-83,,3,64,6.0,3
15:45:29,26.0,3,bcc6de1aed5213ba8c6f922e2dd7cdbb5e7292836d9b57efde820754d9b12507,-81,,3,64,12.0,3
15:45:30,26.0,3,c9bcefec99673b0e97735a73f819ef4ad94c0e1ff50367a03128dd383720e13b,-85,,3,64,12.0,3
15:45:31,,3,555226fbbf82ceee7c2fa146d0b405ccb6dadfbd01adaab04d57e608b5cb0a57,-56,,3,64,,3
15:45:32,,3,081e7a0fd3630dc6df449d3517c26fe42bfcbb4c204f8efd5ce35d8bfd705c3e,-74,,3,64,,3
15:45:32,26.0,3,45a6f0768d79130000db049c91ffff0cae09b0eca3651396d8e5dabe12f22b9e,-74,,3,64,8.0,3
15:45:33,26.0,3,e748b3ee480b1bdcef4810e6e171147fa7df4ff2ab7c2c2c5404c4bc0798f348,-39,,3,64,12.0,3
15:45:34,26.0,3,279b574173f0a8c61acc903fd9272a8757b6394bc1b9092b7720050b3446312f,-80,,3,64,12.0,3
15:45:35,26.0,3,4878e30008b93396487168d9b5b81de0e569ecc6de7807e2be65be12116853be,-84,Tb80,3,64,,3
15:45:36,26.0,3,c9bcefec99673b0e97735a73f819ef4ad94c0e1ff50367a03128dd383720e13b,-84,,3,64,12.0,3
15:45:36,26.0,3,801c88ebba3ba65ee95521fb8853d8fb5db8e9132a2eddb498af3bac8d9a6509,-83,,3,64,8.0,3
15:45:37,26.0,3,e07908a7d32e7f00d5291a13ff283125e40aac15ab2dde8978b20a74017bd541,-76,,3,64,12.0,3
15:45:38,26.0,3,28281d9cf367a5074e107f330587267600877285ff1bdd0474e9e61fe66cc651,-88,,3,64,8.0,3
15:45:39,,3,555226fbbf82ceee7c2fa146d0b405ccb6dadfbd01adaab04d57e608b5cb0a57,-62,,3,64,,3
15:45:40,26.0,3,45a6f0768d79130000db049c91ffff0cae09b0eca3651396d8e5dabe12f22b9e,-72,,3,64,8.0,3
15:45:40,26.0,3,45a6f0768d79130000db049c91ffff0cae09b0eca3651396d8e5dabe12f22b9e,-85,,3,64,8.0,3
15:45:41,26.0,3,2fa3bbb4d54e75f1b3a5d9e8682c95a568f3b58011acbbc8f10ccc2829e4e516,-86,,3,64,7.0,3
15:45:42,26.0,3,45a6f0768d79130000db049c91ffff0cae09b0eca3651396d8e5dabe12f22b9e,-80,,3,64,8.0,3
15:45:43,,3,646c86dd4f0ef9ac2cde4f43f6675caba8d9560faf20b90e5ef053889630e5ce,-85,,3,64,,3
15:45:44,26.0,3,bcc6de1aed5213ba8c6f922e2dd7cdbb5e7292836d9b57efde820754d9b12507,-81,,3,64,12.0,3
15:45:44,26.0,3,511095aced671dfd67f4c79b9155ae6b8b9ed6c1fcec6e8c9d3d685a334a6355,-82,,3,64,6.0,3
15:45:45,26.0,3,c9bcefec99673b0e97735a73f819ef4ad94c0e1ff50367a03128dd383720e13b,-70,,3,64,12.0,3
15:45:46,26.0,3,801c88ebba3ba65ee95521fb8853d8fb5db8e9132a2eddb498af3bac8d9a6509,-82,,3,64,8.0,3
15:45:47,26.0,3,4878e30008b93396487168d9b5b81de0e569ecc6de7807e2be65be12116853be,-87,Tb80,3,64,,3
15:45:48,26.0,3,aff127275aa906db59b4f23b813da269df088047ef5a361ef09ed28da1607d5e,-91,,3,64,12.0,3
15:45:48,26.0,3,2fa3bbb4d54e75f1b3a5d9e8682c95a568f3b58011acbbc8f10ccc2829e4e516,-85,,3,64,7.0,3
15:45:49,26.0,3,1b6dc293530ef36438b66090579c861d4f39ea5ab2085f947b2a90c64b8ef1c5,-82,,3,64,12.0,3
15:45:50,26.0,3,45a6f0768d79130000db049c91ffff0cae09b0eca3651396d8e5dabe12f22b9e,-78,,3,64,8.0,3
15:45:51,,3,555226fbbf82ceee7c2fa146d0b405ccb6dadfbd01adaab04d57e608b5cb0a57,-64,,3,64,,3
15:45:51,,3,a6b944a7ff86c5aa5c1675efc126ec1f917d0a837798885e6ad5770d958cf38d,-81,,3,64,,3
15:45:52,26.0,3,2fea306db6ab49989d06b45b0ac3f2474a2793fe09ef55a24ae0583bb7d2f2d2,-69,,3,64,7.0,3
15:45:53,26.0,3,2060eff7678d38aaaddb900bd6cd444fcb6536db87ceed28785d49e4899e2d16,-85,,3,64,7.0,3
15:45:54,26.0,3,511095aced671dfd67f4c79b9155ae6b8b9ed6c1fcec6e8c9d3d685a334a6355,-83,,3,64,6.0,3
15:45:55,26.0,3,2060eff7678d38aaaddb900bd6cd444fcb6536db87ceed28785d49e4899e2d16,-88,,3,64,7.0,3
15:45:56,,3,081e7a0fd3630dc6df449d3517c26fe42bfcbb4c204f8efd5ce35d8bfd705c3e,-75,,3,64,,3
15:45:56,26.0,3,801c88ebba3ba65ee95521fb8853d8fb5db8e9132a2eddb498af3bac8d9a6509,-73,,3,64,8.0,3
15:45:57,26.0,3,2fa3bbb4d54e75f1b3a5d9e8682c95a568f3b58011acbbc8f10ccc2829e4e516,-86,,3,64,7.0,3
15:45:58,26.0,3,bcc6de1aed5213ba8c6f922e2dd7cdbb5e7292836d9b57efde820754d9b12507,-80,,3,64,12.0,3
15:45:59,,3,c1066c6bda2dca303a4510cd52f3aeaf4dabeaa2c6be37fd1d536365b6cdb3bd,-93,,3,64,,3
15:46:00,26.0,3,2b2c53643464d609ddc3bea7c5cffa1f151a06f8536ceb817ca58187cbc07fde,-83,,3,64,8.0,3
15:46:00,,3,ead8910d4742ae226c4e2a396f314aadb10bd62534087dc290c2d79f375cbf61,-81,,3,64,,3
15:46:01,26.0,3,45a6f0768d79130000db049c91ffff0cae09b0eca3651396d8e5dabe12f22b9e,-84,,3,64,8.0,3
15:46:02,26.0,3,e07908a7d32e7f00d5291a13ff283125e40aac15ab2dde8978b20a74017bd541,-83,,3,64,12.0,3
15:46:03,26.0,3,c9bcefec99673b0e97735a73f819ef4ad94c0e1ff50367a03128dd383720e13b,-82,,3,64,12.0,3
15:46:04,,3,081e7a0fd3630dc6df449d3517c26fe42bfcbb4c204f8efd5ce35d8bfd705c3e,-74,,3,64,,3
15:46:04,26.0,3,e748b3ee480b1bdcef4810e6e171147fa7df4ff2ab7c2c2c5404c4bc0798f348,-38,,3,64,12.0,3
15:46:05,26.0,3,279b574173f0a8c61acc903fd9272a8757b6394bc1b9092b7720050b3446312f,-80,,3,64,12.0,3
15:46:06,,3,081e7a0fd3630dc6df449d3517c26fe42bfcbb4c204f8efd5ce35d8bfd705c3e,-79,,3,64,,3
15:46:07,26.0,3,801c88ebba3ba65ee95521fb8853d8fb5db8e9132a2eddb498af3bac8d9a6509,-76,,3,64,8.0,3
15:46:08,26.0,3,adc52606f326703bc555cca0fa0dbb6ee30a87f3d6ff8177482524b2017c2d23,-80,,3,64,12.0,3
15:46:08,26.0,3,91f3ba42264ea71b9655a6dd4aca11753dcbaa1cb6142c68820f0cfa96676cba,-90,,3,64,8.0,3
15:46:09,,3,5e4a732fbcb20468b66587bca3c6e052ec842d0dda022a4fced91c910f16301c,-82,,3,64,,3
15:46:10,,3,081e7a0fd3630dc6df449d3517c26fe42bfcbb4c204f8efd5ce35d8bfd705c3e,-76,,3,64,,3
15:46:11,,3,081e7a0fd3630dc6df449d3517c26fe42bfcbb4c204f8efd5ce35d8bfd705c3e,-76,,3,64,,3
15:46:12,26.0,3,511095aced671dfd67f4c79b9155ae6b8b9ed6c1fcec6e8c9d3d685a334a6355,-79,,3,64,6.0,3
15:46:12,,3,7f8330d1c7e92e64d32238d05f7a4911a4f588a7a2fb5c5a1ce498e2afb6d6e4,-75,,3,64,,3
15:46:13,,3,78a8217be97f47e845fa834f31f3b47a1d40c088fa6541aeb3206c31a2c9885f,-69,,3,64,,3
15:46:14,,3,081e7a0fd3630dc6df449d3517c26fe42bfcbb4c204f8efd5ce35d8bfd705c3e,-73,,3,64,,3
15:46:15,26.0,3,e07908a7d32e7f00d5291a13ff283125e40aac15ab2dde8978b20a74017bd541,-76,,3,64,12.0,3
15:46:16,,3,255ff07965f43c9b9f3f43ba7000de55a13080a38bc563ce488c0e3668bcc8b6,-95,,3,64,,3
15:46:16,,3,7f8330d1c7e92e64d32238d05f7a4911a4f588a7a2fb5c5a1ce498e2afb6d6e4,-83,,3,64,,3
15:46:17,,3,78a8217be97f47e845fa834f31f3b47a1d40c088fa6541aeb3206c31a2c9885f,-83,,3,64,,3
15:46:18,26.0,3,91f3ba42264ea71b9655a6dd4aca11753dcbaa1cb6142c68820f0cfa96676cba,-89,,3,64,8.0,3
15:46:19,26.0,3,e748b3ee480b1bdcef4810e6e171147fa7df4ff2ab7c2c2c5404c4bc0798f348,-38,,3,64,12.0,3
15:46:20,26.0,3,279b574173f0a8c61acc903fd9272a8757b6394bc1b9092b7720050b3446312f,-87,,3,64,12.0,3
15:46:20,,3,7f8330d1c7e92e64d32238d05f7a4911a4f588a7a2fb5c5a1ce498e2afb6d6e4,-81,,3,64,,3
15:46:21,26.0,3,45a6f0768d79130000db049c91ffff0cae09b0eca3651396d8e5dabe12f22b9e,-73,,3,64,8.0,3
15:46:22,26.0,3,e748b3ee480b1bdcef4810e6e171147fa7df4ff2ab7c2c2c5404c4bc0798f348,-36,,3,64,12.0,3
15:46:23,26.0,3,2060eff7678d38aaaddb900bd6cd444fcb6536db87ceed28785d49e4899e2d16,-86,,3,64,7.0,3
15:46:24,26.0,3,2fa3bbb4d54e75f1b3a5d9e8682c95a568f3b58011acbbc8f10ccc2829e4e516,-80,,3,64,7.0,3
15:46:24,26.0,3,4878e30008b93396487168d9b5b81de0e569ecc6de7807e2be65be12116853be,-82,Tb80,3,64,,3
15:46:25,,3,78a8217be97f47e845fa834f31f3b47a1d40c088fa6541aeb3206c31a2c9885f,-71,,3,64,,3
15:46:26,,3,081e7a0fd3630dc6df449d3517c26fe42bfcbb4c204f8efd5ce35d8bfd705c3e,-74,,3,64,,3
15:46:27,,3,555226fbbf82ceee7c2fa146d0b405ccb6dadfbd01adaab04d57e608b5cb0a57,-60,,3,64,,3
15:46:28,26.0,3,91f3ba42264ea71b9655a6dd4aca11753dcbaa1cb6142c68820f0cfa96676cba,-96,,3,64,8.0,3
15:46:28,26.0,3,e07908a7d32e7f00d5291a13ff283125e40aac15ab2dde8978b20a74017bd541,-73,,3,64,12.0,3
15:46:29,26.0,3,45a6f0768d79130000db049c91ffff0cae09b0eca3651396d8e5dabe12f22b9e,-73,,3,64,8.0,3
15:46:30,26.0,3,e07908a7d32e7f00d5291a13ff283125e40aac15ab2dde8978b20a74017bd541,-72,,3,64,12.0,3
15:46:31,,3,37a00aa7bf2453f83cae76137730eaa78e64d646b11774375527009542b8ec77,-83,,3,64,,3
15:46:32,,3,081e7a0fd3630dc6df449d3517c26fe42bfcbb4c204f8efd5ce35d8bfd705c3e,-74,,3,64,,3
15:46:33,26.0,3,e748b3ee480b1bdcef4810e6e171147fa7df4ff2ab7c2c2c5404c4bc0798f348,-48,,3,64,12.0,3
15:46:33,26.0,3,e748b3ee480b1bdcef4810e6e171147fa7df4ff2ab7c2c2c5404c4bc0798f348,-49,,3,64,12.0,3
15:46:34,26.0,3,bcc6de1aed5213ba8c6f922e2dd7cdbb5e7292836d9b57efde820754d9b12507,-80,,3,64,12.0,3
15:46:35,26.0,3,e748b3ee480b1bdcef4810e6e171147fa7df4ff2ab7c2c2c5404c4bc0798f348,-49,,3,64,12.0,3
15:46:36,26.0,3,e748b3ee480b1bdcef4810e6e171147fa7df4ff2ab7c2c2c5404c4bc0798f348,-53,,3,64,12.0,3
15:46:37,26.0,3,2fea306db6ab49989d06b45b0ac3f2474a2793fe09ef55a24ae0583bb7d2f2d2,-78,,3,64,7.0,3
15:46:37,,3,78a8217be97f47e845fa834f31f3b47a1d40c088fa6541aeb3206c31a2c9885f,-73,,3,64,,3
15:46:38,26.0,3,e748b3ee480b1bdcef4810e6e171147fa7df4ff2ab7c2c2c5404c4bc0798f348,-48,,3,64,12.0,3
15:46:39,26.0,3,279b574173f0a8c61acc903fd9272a8757b6394bc1b9092b7720050b3446312f,-78,,3,64,12.0,3
15:46:40,26.0,3,8771dd294170d9a95b9f86adc3b14aa6d65844237e6517a5d31f5064c7edcf80,-91,,3,64,24.0,3
15:46:41,,3,7f8330d1c7e92e64d32238d05f7a4911a4f588a7a2fb5c5a1ce498e2afb6d6e4,-88,,3,64,,3
15:46:41,26.0,3,801c88ebba3ba65ee95521fb8853d8fb5db8e9132a2eddb498af3bac8d9a6509,-76,,3,64,8.0,3
15:46:42,26.0,3,511095aced671dfd67f4c79b9155ae6b8b9ed6c1fcec6e8c9d3d685a334a6355,-88,,3,64,6.0,3
15:46:43,26.0,3,e748b3ee480b1bdcef4810e6e171147fa7df4ff2ab7c2c2c5404c4bc0798f348,-51,,3,64,12.0,3
15:46:44,26.0,3,c1ffa745b31c865f2ef564ceebe4162c47386258a513414d3db4de60aec35a39,-75,,3,64,12.0,3
15:46:45,26.0,3,2fa3bbb4d54e75f1b3a5d9e8682c95a568f3b58011acbbc8f10ccc2829e4e516,-81,,3,64,7.0,3
15:46:45,,3,69171c705712f04162412104cb7ec20453ba2436470942267977b8d3e5b66399,-87,,3,64,,3
15:46:46,26.0,3,91f3ba42264ea71b9655a6dd4aca11753dcbaa1cb6142c68820f0cfa96676cba,-90,,3,64,8.0,3
15:46:47,26.0,3,e07908a7d32e7f00d5291a13ff283125e40aac15ab2dde8978b20a74017bd541,-86,,3,64,12.0,3
15:46:48,26.0,3,801c88ebba3ba65ee95521fb8853d8fb5db8e9132a2eddb498af3bac8d9a6509,-78,,3,64,8.0,3
15:46:49,26.0,3,fc6bcd3ad380614af06fd47e2c885759d7e99557666c81d927743755be00a89c,-73,,3,64,8.0,3
15:46:49,,3,081e7a0fd3630dc6df449d3517c26fe42bfcbb4c204f8efd5ce35d8bfd705c3e,-78,,3,64,,3
15:46:50,26.0,3,bcc6de1aed5213ba8c6f922e2dd7cdbb5e7292836d9b57efde820754d9b12507,-79,,3,64,12.0,3
15:46:51,,3,85958aaa427489e5ce84bb7594ba9bef16f55907bfde378db0a17f4805f6a761,-75,,3,64,,3
15:46:52,26.0,3,2b2c53643464d609ddc3bea7c5cffa1f151a06f8536ceb817ca58187cbc07fde,-90,,3,64,8.0,3
15:46:53,26.0,3,bcc6de1aed5213ba8c6f922e2dd7cdbb5e7292836d9b57efde820754d9b12507,-85,,3,64,12.0,3
15:46:53,26.0,3,45a6f0768d79130000db049c91ffff0cae09b0eca3651396d8e5dabe12f22b9e,-81,,3,64,8.0,3
15:46:54,26.0,3,e748b3ee480b1bdcef4810e6e171147fa7df4ff2ab7c2c2c5404c4bc0798f348,-54,,3,64,12.0,3
15:46:55,,3,85958aaa427489e5ce84bb7594ba9bef16f55907bfde378db0a17f4805f6a761,-75,,3,64,,3
15:46:56,26.0,3,279b574173f0a8c61acc903fd9272a8757b6394bc1b9092b7720050b3446312f,-87,,3,64,12.0,3
15:46:57,26.0,3,511095aced671dfd67f4c79b9155ae6b8b9ed6c1fcec6e8c9d3d685a334a6355,-86,,3,64,6.0,3
15:46:57,26.0,3,2fea306db6ab49989d06b45b0ac3f2474a2793fe09ef55a24ae0583bb7d2f2d2,-72,,3,64,7.0,3
15:46:58,,3,78a8217be97f47e845fa834f31f3b47a1d40c088fa6541aeb3206c31a2c9885f,-69,,3,64,,3
15:46:59,26.0,3,e07908a7d32e7f00d5291a13ff283125e40aac15ab2dde8978b20a74017bd541,-71,,3,64,12.0,3
15:47:00,,3,f7ae087b8dcd2c8bca768ef118cf5ce78c2135944e1d1dd29ad5386092e6ae1f,-94,,3,64,,3
15:47:01,26.0,3,fc6bcd3ad380614af06fd47e2c885759d7e99557666c81d927743755be00a89c,-66,,3,64,8.0,3
15:47:02,26.0,3,2b2c53643464d609ddc3bea7c5cffa1f151a06f8536ceb817ca58187cbc07fde,-85,,3,64,8.0,3
15:47:02,26.0,3,e748b3ee480b1bdcef4810e6e171147fa7df4ff2ab7c2c2c5404c4bc0798f348,-60,,3,64,12.0,3
15:47:03,26.0,3,2b2c53643464d609ddc3bea7c5cffa1f151a06f8536ceb817ca58187cbc07fde,-84,,3,64,8.0,3
15:47:04,,3,4512d5e08e2d22c3d4df085329bbb520b8e88c9651edbb1da76bf6bd8a3fa0ee,-91,,3,64,,3
15:47:05,26.0,3,45a6f0768d79130000db049c91ffff0cae09b0eca3651396d8e5dabe12f22b9e,-74,,3,64,8.0,3
15:47:06,,3,69171c705712f04162412104cb7ec20453ba2436470942267977b8d3e5b66399,-92,,3,64,,3
15:47:06,26.0,3,2fa3bbb4d54e75f1b3a5d9e8682c95a568f3b58011acbbc8f10ccc2829e4e516,-84,,3,64,7.0,3
15:47:07,26.0,3,4878e30008b93396487168d9b5b81de0e569ecc6de7807e2be65be12116853be,-87,Tb80,3,64,,3
15:47:08,26.0,3,511095aced671dfd67f4c79b9155ae6b8b9ed6c1fcec6e8c9d3d685a334a6355,-84,,3,64,6.0,3
15:47:09,26.0,3,2fea306db6ab49989d06b45b0ac3f2474a2793fe09ef55a24ae0583bb7d2f2d2,-77,,3,64,7.0,3
15:47:10,,3,69171c705712f04162412104cb7ec20453ba2436470942267977b8d3e5b66399,-84,,3,64,,3
15:47:10,26.0,3,2fea306db6ab49989d06b45b0ac3f2474a2793fe09ef55a24ae0583bb7d2f2d2,-77,,3,64,7.0,3
15:47:11,,3,081e7a0fd3630dc6df449d3517c26fe42bfcbb4c204f8efd5ce35d8bfd705c3e,-73,,3,64,,3
15:47:12,26.0,3,45a6f0768d79130000db049c91ffff0cae09b0eca3651396d8e5dabe12f22b9e,-72,,3,64,8.0,3
15:47:13,,3,cbc7e9362a1acf2a91e37747a7642e75eb37bd352ca5aec5e70c2d1292426320,-86,,3,64,,3
15:47:14,26.0,3,c4674bd549e78e63d1acdc2fdbf0d63bf0cc8b2e619a99c0c08f75e28a543435,-84,,3,64,7.0,3
15:47:14,,3,753178fcd88d647df16727d53b6000c329b2c0ef75fa7c501210cb24f2a075f8,-76,,3,64,,3
15:47:15,26.0,3,e748b3ee480b1bdcef4810e6e171147fa7df4ff2ab7c2c2c5404c4bc0798f348,-47,,3,64,12.0,3
15:47:16,,3,5c61aef8b7b8d37d931c6cc591420fa3265e9737662ceebeb543d9b3b860b9c9,-94,,3,64,,3
15:47:17,26.0,3,2fa3bbb4d54e75f1b3a5d9e8682c95a568f3b58011acbbc8f10ccc2829e4e516,-80,,3,64,7.0,3
15:47:18,,3,c44fd7ea6e95109e9b64315be601d79a7b1fedac565102ae27777e9a5d112b54,-81,,3,64,,3
15:47:18,26.0,3,279b574173f0a8c61acc903fd9272a8757b6394bc1b9092b7720050b3446312f,-75,,3,64,12.0,3
15:47:19,,3,f5e6c06e6434e4a600437823fb4070fa1f4083992cebe91a5aa4343e06d08d01,-60,,3,64,,3
15:47:20,26.0,3,1b6dc293530ef36438b66090579c861d4f39ea5ab2085f947b2a90c64b8ef1c5,-84,,3,64,12.0,3
15:47:21,26.0,3,279b574173f0a8c61acc903fd9272a8757b6394bc1b9092b7720050b3446312f,-74,,3,64,12.0,3
15:47:22,26.0,3,c9bcefec99673b0e97735a73f819ef4ad94c0e1ff50367a03128dd383720e13b,-73,,3,64,12.0,3
15:47:22,26.0,3,adc52606f326703bc555cca0fa0dbb6ee30a87f3d6ff8177482524b2017c2d23,-85,,3,64,12.0,3
15:47:23,,3,f5e6c06e6434e4a600437823fb4070fa1f4083992cebe91a5aa4343e06d08d01,-64,,3,64,,3
15:47:24,26.0,3,2060eff7678d38aaaddb900bd6cd444fcb6536db87ceed28785d49e4899e2d16,-80,,3,64,7.0,3
15:47:25,26.0,3,c4674bd549e78e63d1acdc2fdbf0d63bf0cc8b2e619a99c0c08f75e28a543435,-84,,3,64,7.0,3
15:47:26,,3,78a8217be97f47e845fa834f31f3b47a1d40c088fa6541aeb3206c31a2c9885f,-70,,3,64,,3
15:47:26,,3,7f8330d1c7e92e64d32238d05f7a4911a4f588a7a2fb5c5a1ce498e2afb6d6e4,-80,,3,64,,3
15:47:27,26.0,3,e07908a7d32e7f00d5291a13ff283125e40aac15ab2dde8978b20a74017bd541,-74,,3,64,12.0,3
15:47:28,,3,1f27ac808f96d9c876486e422be23aa7815df90ca9a2e1370fb5062e2bb3f02f,-48,,3,64,,3
15:47:29,26.0,3,e07908a7d32e7f00d5291a13ff283125e40aac15ab2dde8978b20a74017bd541,-74,,3,64,12.0,3
15:47:30,,3,78a8217be97f47e845fa834f31f3b47a1d40c088fa6541aeb3206c31a2c9885f,-74,,3,64,,3
15:47:30,26.0,3,801c88ebba3ba65ee95521fb8853d8fb5db8e9132a2eddb498af3bac8d9a6509,-79,,3,64,8.0,3
15:47:31,26.0,3,2fea306db6ab49989d06b45b0ac3f2474a2793fe09ef55a24ae0583bb7d2f2d2,-74,,3,64,7.0,3
15:47:32,26.0,3,c9bcefec99673b0e97735a73f819ef4ad94c0e1ff50367a03128dd383720e13b,-74,,3,64,12.0,3
15:47:33,26.0,3,bcc6de1aed5213ba8c6f922e2dd7cdbb5e7292836d9b57efde820754d9b12507,-89,,3,64,12.0,3
15:47:34,26.0,3,45a6f0768d79130000db049c91ffff0cae09b0eca3651396d8e5dabe12f22b9e,-76,,3,64,8.0,3
15:47:35,,3,081e7a0fd3630dc6df449d3517c26fe42bfcbb4c204f8efd5ce35d8bfd705c3e,-80,,3,64,,3
15:47:35,26.0,3,c9bcefec99673b0e97735a73f819ef4ad94c0e1ff50367a03128dd383720e13b,-72,,3,64,12.0,3
15:47:36,,3,081e7a0fd3630dc6df449d3517c26fe42bfcbb4c204f8efd5ce35d8bfd705c3e,-73,,3,64,,3
15:47:37,26.0,3,e07908a7d32e7f00d5291a13ff283125e40aac15ab2dde8978b20a74017bd541,-87,,3,64,12.0,3
15:47:38,26.0,3,2fea306db6ab49989d06b45b0ac3f2474a2793fe09ef55a24ae0583bb7d2f2d2,-79,,3,64,7.0,3
15:47:39,26.0,3,e748b3ee480b1bdcef4810e6e171147fa7df4ff2ab7c2c2c5404c4bc0798f348,-58,,3,64,12.0,3
15:47:39,,3,b3829d50cec6a4f4fcb9275b71320f03181bdf128987eee968d75247458f51e7,-80,,3,64,,3
15:47:40,26.0,3,2fa3bbb4d54e75f1b3a5d9e8682c95a568f3b58011acbbc8f10ccc2829e4e516,-77,,3,64,7.0,3
15:47:41,,3,cbc7e9362a1acf2a91e37747a7642e75eb37bd352ca5aec5e70c2d1292426320,-86,,3,64,,3
15:47:42,26.0,3,2fea306db6ab49989d06b45b0ac3f2474a2793fe09ef55a24ae0583bb7d2f2d2,-70,,3,64,7.0,3
15:47:43,26.0,3,45a6f0768d79130000db049c91ffff0cae09b0eca3651396d8e5dabe12f22b9e,-84,,3,64,8.0,3
15:47:43,,3,dbd90e64dae3ca7a08ed6bb53feb48b69ca819cbe4bbaecb4325431a4d6aa653,-79,,3,64,,3
15:47:44,,3,081e7a0fd3630dc6df449d3517c26fe42bfcbb4c204f8efd5ce35d8bfd705c3e,-82,,3,64,,3
15:47:45,26.0,3,e07908a7d32e7f00d5291a13ff283125e40aac15ab2dde8978b20a74017bd541,-82,,3,64,12.0,3
15:47:46,,3,78a8217be97f47e845fa834f31f3b47a1d40c088fa6541aeb3206c31a2c9885f,-73,,3,64,,3
15:47:47,,3,081e7a0fd3630dc6df449d3517c26fe42bfcbb4c204f8efd5ce35d8bfd705c3e,-69,,3,64,,3
15:47:47,,3,081e7a0fd3630dc6df449d3517c26fe42bfcbb4c204f8efd5ce35d8bfd705c3e,-70,,3,64,,3
15:47:48,,3,081e7a0fd3630dc6df449d3517c26fe42bfcbb4c204f8efd5ce35d8bfd705c3e,-69,,3,64,,3
15:47:49,26.0,3,e748b3ee480b1bdcef4810e6e171147fa7df4ff2ab7c2c2c5404c4bc0798f348,-40,,3,64,12.0,3
15:47:50,,3,78a8217be97f47e845fa834f31f3b47a1d40c088fa6541aeb3206c31a2c9885f,-69,,3,64,,3
15:47:51,26.0,3,adc52606f326703bc555cca0fa0dbb6ee30a87f3d6ff8177482524b2017c2d23,-81,,3,64,12.0,3
15:47:51,26.0,3,c4674bd549e78e63d1acdc2fdbf0d63bf0cc8b2e619a99c0c08f75e28a543435,-85,,3,64,7.0,3
15:47:52,26.0,3,2fea306db6ab49989d06b45b0ac3f2474a2793fe09ef55a24ae0583bb7d2f2d2,-72,,3,64,7.0,3
15:47:53,26.0,3,e07908a7d32e7f00d5291a13ff283125e40aac15ab2dde8978b20a74017bd541,-85,,3,64,12.0,3
15:47:54,26.0,3,bcc6de1aed5213ba8c6f922e2dd7cdbb5e7292836d9b57efde820754d9b12507,-78,,3,64,12.0,3
15:47:55,26.0,3,c9bcefec99673b0e97735a73f819ef4ad94c0e1ff50367a03128dd383720e13b,-77,,3,64,12.0,3
15:47:55,26.0,3,2fea306db6ab49989d06b45b0ac3f2474a2793fe09ef55a24ae0583bb7d2f2d2,-71,,3,64,7.0,3
15:47:56,,3,081e7a0fd3630dc6df449d3517c26fe42bfcbb4c204f8efd5ce35d8bfd705c3e,-82,,3,64,,3
15:47:57,,3,297a3a7b0df4e2579c5bfeaabca7fa820516d4a8ab217bf4ad5bc8383f1fa948,-79,,3,64,,3
15:47:58,26.0,3,511095aced671dfd67f4c79b9155ae6b8b9ed6c1fcec6e8c9d3d685a334a6355,-86,,3,64,6.0,3
15:47:59,,3,ead8910d4742ae226c4e2a396f314aadb10bd62534087dc290c2d79f375cbf61,-78,,3,64,,3
15:47:59,26.0,3,bcc6de1aed5213ba8c6f922e2dd7cdbb5e7292836d9b57efde820754d9b12507,-81,,3,64,12.0,3
15:48:00,26.0,3,c9bcefec99673b0e97735a73f819ef4ad94c0e1ff50367a03128dd383720e13b,-76,,3,64,12.0,3
15:48:01,26.0,3,e748b3ee480b1bdcef4810e6e171147fa7df4ff2ab7c2c2c5404c4bc0798f348,-36,,3,64,12.0,3
15:48:02,26.0,3,e748b3ee480b1bdcef4810e6e171147fa7df4ff2ab7c2c2c5404c4bc0798f348,-39,,3,64,12.0,3
15:48:03,26.0,3,91f3ba42264ea71b9655a6dd4aca11753dcbaa1cb6142c68820f0cfa96676cba,-95,,3,64,8.0,3
15:48:03,26.0,3,2fea306db6ab49989d06b45b0ac3f2474a2793fe09ef55a24ae0583bb7d2f2d2,-73,,3,64,7.0,3
15:48:04,,3,081e7a0fd3630dc6df449d3517c26fe42bfcbb4c204f8efd5ce35d8bfd705c3e,-70,,3,64,,3
15:48:05,,3,297a3a7b0df4e2579c5bfeaabca7fa820516d4a8ab217bf4ad5bc8383f1fa948,-72,,3,64,,3
15:48:06,26.0,3,e748b3ee480b1bdcef4810e6e171147fa7df4ff2ab7c2c2c5404c4bc0798f348,-36,,3,64,12.0,3
15:48:07,,3,706507f0c14db0f23287ac59d0d793259db992503003956c4daec8086fbff46d,-85,,3,64,,3
15:48:08,26.0,3,279b574173f0a8c61acc903fd9272a8757b6394bc1b9092b7720050b3446312f,-80,,3,64,12.0,3
15:48:08,26.0,3,1b6dc293530ef36438b66090579c861d4f39ea5ab2085f947b2a90c64b8ef1c5,-79,,3,64,12.0,3
15:48:09,26.0,3,4878e30008b93396487168d9b5b81de0e569ecc6de7807e2be65be12116853be,-86,Tb80,3,64,,3
15:48:10,26.0,3,511095aced671dfd67f4c79b9155ae6b8b9ed6c1fcec6e8c9d3d685a334a6355,-87,,3,64,6.0,3
15:48:11,26.0,3,28281d9cf367a5074e107f330587267600877285ff1bdd0474e9e61fe66cc651,-92,,3,64,8.0,3
15:48:12,26.0,3,2060eff7678d38aaaddb900bd6cd444fcb6536db87ceed28785d49e4899e2d16,-86,,3,64,,3
15:48:12,26.0,3,bcc6de1aed5213ba8c6f922e2dd7cdbb5e7292836d9b57efde820754d9b12507,-86,,3,64,12.0,3
15:48:13,26.0,3,801c88ebba3ba65ee95521fb8853d8fb5db8e9132a2eddb498af3bac8d9a6509,-73,,3,64,8.0,3
15:48:14,26.0,3,c9bcefec99673b0e97735a73f819ef4ad94c0e1ff50367a03128dd383720e13b,-76,,3,64,12.0,3
15:48:15,,3,706507f0c14db0f23287ac59d0d793259db992503003956c4daec8086fbff46d,-85,,3,64,,3
15:48:16,26.0,3,2fea306db6ab49989d06b45b0ac3f2474a2793fe09ef55a24ae0583bb7d2f2d2,-73,,3,64,7.0,3
15:48:16,26.0,3,c9bcefec99673b0e97735a73f819ef4ad94c0e1ff50367a03128dd383720e13b,-76,,3,64,12.0,3
15:48:17,26.0,3,2fea306db6ab49989d06b45b0ac3f2474a2793fe09ef55a24ae0583bb7d2f2d2,-73,,3,64,7.0,3
15:48:18,26.0,3,c9bcefec99673b0e97735a73f819ef4ad94c0e1ff50367a03128dd383720e13b,-73,,3,64,12.0,3
15:48:19,26.0,3,511095aced671dfd67f4c79b9155ae6b8b9ed6c1fcec6e8c9d3d685a334a6355,-89,,3,64,6.0,3
15:48:20,,3,081e7a0fd3630dc6df449d3517c26fe42bfcbb4c204f8efd5ce35d8bfd705c3e,-70,,3,64,,3
15:48:20,,3,753178fcd88d647df16727d53b6000c329b2c0ef75fa7c501210cb24f2a075f8,-74,,3,64,,3
15:48:21,26.0,3,e748b3ee480b1bdcef4810e6e171147fa7df4ff2ab7c2c2c5404c4bc0798f348,-57,,3,64,12.0,3
15:48:22,26.0,3,e748b3ee480b1bdcef4810e6e171147fa7df4ff2ab7c2c2c5404c4bc0798f348,-42,,3,64,12.0,3
15:48:23,26.0,3,e748b3ee480b1bdcef4810e6e171147fa7df4ff2ab7c2c2c5404c4bc0798f348,-54,,3,64,12.0,3
15:48:24,26.0,3,e748b3ee480b1bdcef4810e6e171147fa7df4ff2ab7c2c2c5404c4bc0798f348,-62,,3,64,12.0,3
15:48:24,26.0,3,adc52606f326703bc555cca0fa0dbb6ee30a87f3d6ff8177482524b2017c2d23,-86,,3,64,12.0,3
15:48:25,26.0,3,279b574173f0a8c61acc903fd9272a8757b6394bc1b9092b7720050b3446312f,-77,,3,64,12.0,3
15:48:26,26.0,3,e748b3ee480b1bdcef4810e6e171147fa7df4ff2ab7c2c2c5404c4bc0798f348,-65,,3,64,12.0,3
15:48:27,,3,57c737042aa6e4642d040c12d12f0e79b458cdd1988f0670607f5d3524f2cc01,-90,,3,64,,3
15:48:28,,3,69171c705712f04162412104cb7ec20453ba2436470942267977b8d3e5b66399,-87,,3,64,,3
15:48:28,,3,081e7a0fd3630dc6df449d3517c26fe42bfcbb4c204f8efd5ce35d8bfd705c3e,-80,,3,64,,3
15:48:29,,3,37a00aa7bf2453f83cae76137730eaa78e64d646b11774375527009542b8ec77,-79,,3,64,,3
15:48:30,,3,1f27ac808f96d9c876486e422be23aa7815df90ca9a2e1370fb5062e2bb3f02f,-49,,3,64,,3
15:48:31,,3,cf8f9439bd0e618e9a35c3b6fee7aee2d6510b953284b422e20ad4e179a14f5a,-85,,3,64,,3
15:48:32,,3,081e7a0fd3630dc6df449d3517c26fe42bfcbb4c204f8efd5ce35d8bfd705c3e,-73,,3,64,,3
15:48:33,26.0,3,bcc6de1aed5213ba8c6f922e2dd7cdbb5e7292836d9b57efde820754d9b12507,-83,,3,64,12.0,3
15:48:33,26.0,3,bcc6de1aed5213ba8c6f922e2dd7cdbb5e7292836d9b57efde820754d9b12507,-76,,3,64,12.0,3
15:48:34,26.0,3,c4674bd549e78e63d1acdc2fdbf0d63bf0cc8b2e619a99c0c08f75e28a543435,-93,,3,64,7.0,3
15:48:35,26.0,3,2fea306db6ab49989d06b45b0ac3f2474a2793fe09ef55a24ae0583bb7d2f2d2,-69,,3,64,7.0,3
15:48:36,26.0,3,801c88ebba3ba65ee95521fb8853d8fb5db8e9132a2eddb498af3bac8d9a6509,-82,,3,64,8.0,3
15:48:37,26.0,3,2fea306db6ab49989d06b45b0ac3f2474a2793fe09ef55a24ae0583bb7d2f2d2,-68,,3,64,7.0,3
15:48:37,26.0,3,e07908a7d32e7f00d5291a13ff283125e40aac15ab2dde8978b20a74017bd541,-71,,3,64,12.0,3
15:48:38,26.0,3,bcc6de1aed5213ba8c6f922e2dd7cdbb5e7292836d9b57efde820754d9b12507,-88,,3,64,12.0,3
15:48:39,,3,297a3a7b0df4e2579c5bfeaabca7fa820516d4a8ab217bf4ad5bc8383f1fa948,-84,,3,64,,3
15:48:40,26.0,3,2fea306db6ab49989d06b45b0ac3f2474a2793fe09ef55a24ae0583bb7d2f2d2,-71,,3,64,7.0,3
15:48:41,26.0,3,511095aced671dfd67f4c79b9155ae6b8b9ed6c1fcec6e8c9d3d685a334a6355,-87,,3,64,6.0,3
15:48:41,26.0,3,e748b3ee480b1bdcef4810e6e171147fa7df4ff2ab7c2c2c5404c4bc0798f348,-49,,3,64,12.0,3
15:48:42,26.0,3,e748b3ee480b1bdcef4810e6e171147fa7df4ff2ab7c2c2c5404c4bc0798f348,-50,,3,64,12.0,3
15:48:43,26.0,3,8771dd294170d9a95b9f86adc3b14aa6d65844237e6517a5d31f5064c7edcf80,-90,,3,64,24.0,3
15:48:44,,3,081e7a0fd3630dc6df449d3517c26fe42bfcbb4c204f8efd5ce35d8bfd705c3e,-73,,3,64,,3
15:48:45,26.0,3,e748b3ee480b1bdcef4810e6e171147fa7df4ff2ab7c2c2c5404c4bc0798f348,-51,,3,64,12.0,3
15:48:45,26.0,3,c4674bd549e78e63d1acdc2fdbf0d63bf0cc8b2e619a99c0c08f75e28a543435,-84,,3,64,7.0,3
15:48:46,,3,081e7a0fd3630dc6df449d3517c26fe42bfcbb4c204f8efd5ce35d8bfd705c3e,-70,,3,64,,3
15:48:47,26.0,3,2fa3bbb4d54e75f1b3a5d9e8682c95a568f3b58011acbbc8f10ccc2829e4e516,-80,,3,64,7.0,3
15:48:48,26.0,3,e07908a7d32e7f00d5291a13ff283125e40aac15ab2dde8978b20a74017bd541,-75,,3,64,12.0,3
15:48:49,26.0,3,2b2c53643464d609ddc3bea7c5cffa1f151a06f8536ceb817ca58187cbc07fde,-88,,3,64,8.0,3
15:48:50,26.0,3,e07908a7d32e7f00d5291a13ff283125e40aac15ab2dde8978b20a74017bd541,-82,,3,64,12.0,3
15:48:50,,3,cf8f9439bd0e618e9a35c3b6fee7aee2d6510b953284b422e20ad4e179a14f5a,-86,,3,64,,3
15:48:51,26.0,3,511095aced671dfd67f4c79b9155ae6b8b9ed6c1fcec6e8c9d3d685a334a6355,-80,,3,64,6.0,3
15:48:52,,3,081e7a0fd3630dc6df449d3517c26fe42bfcbb4c204f8efd5ce35d8bfd705c3e,-85,,3,64,,3
15:48:53,26.0,3,e748b3ee480b1bdcef4810e6e171147fa7df4ff2ab7c2c2c5404c4bc0798f348,-49,,3,64,12.0,3
15:48:54,26.0,3,e07908a7d32e7f00d5291a13ff283125e40aac15ab2dde8978b20a74017bd541,-78,,3,64,12.0,3
15:48:54,,3,cf8f9439bd0e618e9a35c3b6fee7aee2d6510b953284b422e20ad4e179a14f5a,-86,,3,64,,3
15:48:55,26.0,3,bcc6de1aed5213ba8c6f922e2dd7cdbb5e7292836d9b57efde820754d9b12507,-79,,3,64,12.0,3
15:48:56,26.0,3,2fea306db6ab49989d06b45b0ac3f2474a2793fe09ef55a24ae0583bb7d2f2d2,-67,,3,64,7.0,3
15:48:57,26.0,3,2fea306db6ab49989d06b45b0ac3f2474a2793fe09ef55a24ae0583bb7d2f2d2,-81,,3,64,7.0,3
15:48:58,26.0,3,2fa3bbb4d54e75f1b3a5d9e8682c95a568f3b58011acbbc8f10ccc2829e4e516,-82,,3,64,7.0,3
15:48:58,26.0,3,801c88ebba3ba65ee95521fb8853d8fb5db8e9132a2eddb498af3bac8d9a6509,-79,,3,64,8.0,3
15:48:59,26.0,3,e07908a7d32e7f00d5291a13ff283125e40aac15ab2dde8978b20a74017bd541,-73,,3,64,12.0,3
15:49:00,26.0,3,2b2c53643464d609ddc3bea7c5cffa1f151a06f8536ceb817ca58187cbc07fde,-84,,3,64,8.0,3
15:49:01,,3,7f8330d1c7e92e64d32238d05f7a4911a4f588a7a2fb5c5a1ce498e2afb6d6e4,-80,,3,64,,3
15:49:02,26.0,3,bcc6de1aed5213ba8c6f922e2dd7cdbb5e7292836d9b57efde820754d9b12507,-82,,3,64,12.0,3
15:49:02,,3,eeb14304258dd151aaf12d230ad163abb33a6379c1c0d776c6d794f11a0ef359,-74,,3,64,,3
15:49:03,26.0,3,e07908a7d32e7f00d5291a13ff283125e40aac15ab2dde8978b20a74017bd541,-71,,3,64,12.0,3
15:49:04,,3,78a8217be97f47e845fa834f31f3b47a1d40c088fa6541aeb3206c31a2c9885f,-69,,3,64,,3
15:49:05,,3,23b638cf990096c294b8f7228e298fc1cb37ac846ee737493deacb0f28edb4c3,-87,,3,64,,3
15:49:06,,3,081e7a0fd3630dc6df449d3517c26fe42bfcbb4c204f8efd5ce35d8bfd705c3e,-70,,3,64,,3
15:49:06,26.0,3,45a6f0768d79130000db049c91ffff0cae09b0eca3651396d8e5dabe12f22b9e,-75,,3,64,8.0,3
15:49:07,,3,85958aaa427489e5ce84bb7594ba9bef16f55907bfde378db0a17f4805f6a761,-88,,3,64,,3
15:49:08,,3,081e7a0fd3630dc6df449d3517c26fe42bfcbb4c204f8efd5ce35d8bfd705c3e,-69,,3,64,,3
15:49:09,,3,23b638cf990096c294b8f7228e298fc1cb37ac846ee737493deacb0f28edb4c3,-86,,3,64,,3
15:49:10,26.0,3,e07908a7d32e7f00d5291a13ff283125e40aac15ab2dde8978b20a74017bd541,-80,,3,64,12.0,3
15:49:11,26.0,3,e07908a7d32e7f00d5291a13ff283125e40aac15ab2dde8978b20a74017bd541,-76,,3,64,12.0,3
15:49:11,26.0,3,c9bcefec99673b0e97735a73f819ef4ad94c0e1ff50367a03128dd383720e13b,-74,,3,64,12.0,3
15:49:12,26.0,3,2fa3bbb4d54e75f1b3a5d9e8682c95a568f3b58011acbbc8f10ccc2829e4e516,-84,,3,64,7.0,3
15:49:13,,3,081e7a0fd3630dc6df449d3517c26fe42bfcbb4c204f8efd5ce35d8bfd705c3e,-82,,3,64,,3
15:49:14,26.0,3,801c88ebba3ba65ee95521fb8853d8fb5db8e9132a2eddb498af3bac8d9a6509,-81,,3,64,8.0,3
15:49:15,26.0,3,e07908a7d32e7f00d5291a13ff283125e40aac15ab2dde8978b20a74017bd541,-79,,3,64,12.0,3
15:49:15,,3,706507f0c14db0f23287ac59d0d793259db992503003956c4daec8086fbff46d,-72,,3,64,,3
15:49:16,,3,081e7a0fd3630dc6df449d3517c26fe42bfcbb4c204f8efd5ce35d8bfd705c3e,-70,,3,64,,3
15:49:17,,3,dbd90e64dae3ca7a08ed6bb53feb48b69ca819cbe4bbaecb4325431a4d6aa653,-86,,3,64,,3
15:49:18,26.0,3,2060eff7678d38aaaddb900bd6cd444fcb6536db87ceed28785d49e4899e2d16,-81,,3,64,7.0,3
15:49:19,,3,081e7a0fd3630dc6df449d3517c26fe42bfcbb4c204f8efd5ce35d8bfd705c3e,-70,,3,64,,3
15:49:19,26.0,3,1b6dc293530ef36438b66090579c861d4f39ea5ab2085f947b2a90c64b8ef1c5,-81,,3,64,12.0,3
15:49:20,2.0,3,db9ffcc80c08a9a656942ecfa785fb5e190545eb37854de090932368bbbc1f99,-91,,3,64,,3
15:49:21,26.0,3,624f6cf895132f893cfb730156e6c3a77192e4e68ffddfc6d81cd33e7c4e2f34,-49,,3,64,12.0,3
15:49:22,,3,c44fd7ea6e95109e9b64315be601d79a7b1fedac565102ae27777e9a5d112b54,-94,,3,64,,3
15:49:23,,3,753178fcd88d647df16727d53b6000c329b2c0ef75fa7c501210cb24f2a075f8,-80,,3,64,,3
15:49:23,26.0,3,624f6cf895132f893cfb730156e6c3a77192e4e68ffddfc6d81cd33e7c4e2f34,-41,,3,64,12.0,3
15:49:24,26.0,3,45a6f0768d79130000db049c91ffff0cae09b0eca3651396d8e5dabe12f22b9e,-69,,3,64,8.0,3
15:49:25,26.0,3,e07908a7d32e7f00d5291a13ff283125e40aac15ab2dde8978b20a74017bd541,-75,,3,64,12.0,3
15:49:26,26.0,3,45a6f0768d79130000db049c91ffff0cae09b0eca3651396d8e5dabe12f22b9e,-72,,3,64,8.0,3
15:49:27,,3,753178fcd88d647df16727d53b6000c329b2c0ef75fa7c501210cb24f2a075f8,-87,,3,64,,3
15:49:27,26.0,3,2060eff7678d38aaaddb900bd6cd444fcb6536db87ceed28785d49e4899e2d16,-82,,3,64,7.0,3
15:49:28,,3,1f27ac808f96d9c876486e422be23aa7815df90ca9a2e1370fb5062e2bb3f02f,-51,,3,64,,3
15:49:29,26.0,3,bcc6de1aed5213ba8c6f922e2dd7cdbb5e7292836d9b57efde820754d9b12507,-83,,3,64,12.0,3
15:49:30,26.0,3,45a6f0768d79130000db049c91ffff0cae09b0eca3651396d8e5dabe12f22b9e,-74,,3,64,8.0,3
15:49:31,26.0,3,adc52606f326703bc555cca0fa0dbb6ee30a87f3d6ff8177482524b2017c2d23,-83,,3,64,12.0,3
15:49:31,26.0,3,2fea306db6ab49989d06b45b0ac3f2474a2793fe09ef55a24ae0583bb7d2f2d2,-68,,3,64,7.0,3
15:49:32,26.0,3,c9bcefec99673b0e97735a73f819ef4ad94c0e1ff50367a03128dd383720e13b,-84,,3,64,12.0,3
15:49:33,26.0,3,e07908a7d32e7f00d5291a13ff283125e40aac15ab2dde8978b20a74017bd541,-79,,3,64,12.0,3
15:49:34,26.0,3,2060eff7678d38aaaddb900bd6cd444fcb6536db87ceed28785d49e4899e2d16,-87,,3,64,7.0,3
15:49:35,,3,081e7a0fd3630dc6df449d3517c26fe42bfcbb4c204f8efd5ce35d8bfd705c3e,-84,,3,64,,3
15:49:35,,3,f5e6c06e6434e4a600437823fb4070fa1f4083992cebe91a5aa4343e06d08d01,-54,,3,64,,3
15:49:36,26.0,3,c4674bd549e78e63d1acdc2fdbf0d63bf0cc8b2e619a99c0c08f75e28a543435,-74,,3,64,7.0,3
15:49:37,,3,081e7a0fd3630dc6df449d3517c26fe42bfcbb4c204f8efd5ce35d8bfd705c3e,-71,,3,64,,3
15:49:38,26.0,3,2fa3bbb4d54e75f1b3a5d9e8682c95a568f3b58011acbbc8f10ccc2829e4e516,-80,,3,64,7.0,3
15:49:39,26.0,3,e07908a7d32e7f00d5291a13ff283125e40aac15ab2dde8978b20a74017bd541,-84,,3,64,12.0,3
15:49:39,26.0,3,24a5e25ef5675f36e3f4a38e4520a02ee1da6b7aeff9e7952ac8425266a92089,-91,,3,64,12.0,3
15:49:40,26.0,3,2060eff7678d38aaaddb900bd6cd444fcb6536db87ceed28785d49e4899e2d16,-89,,3,64,7.0,3
15:49:41,26.0,3,1b6dc293530ef36438b66090579c861d4f39ea5ab2085f947b2a90c64b8ef1c5,-71,,3,64,12.0,3
15:49:42,26.0,3,1b6dc293530ef36438b66090579c861d4f39ea5ab2085f947b2a90c64b8ef1c5,-80,,3,64,12.0,3
15:49:43,26.0,3,e07908a7d32e7f00d5291a13ff283125e40aac15ab2dde8978b20a74017bd541,-82,,3,64,12.0,3
15:49:44,26.0,3,624f6cf895132f893cfb730156e6c3a77192e4e68ffddfc6d81cd33e7c4e2f34,-51,,3,64,12.0,3
15:49:44,26.0,3,1fbb132d4045896c983cf3e7555add1250e6028539f77dccf6e4211ed1bba1c0,-93,,3,64,,3
15:49:45,,3,dbd90e64dae3ca7a08ed6bb53feb48b69ca819cbe4bbaecb4325431a4d6aa653,-85,,3,64,,3
15:49:46,26.0,3,2fa3bbb4d54e75f1b3a5d9e8682c95a568f3b58011acbbc8f10ccc2829e4e516,-90,,3,64,7.0,3
15:49:47,26.0,3,624f6cf895132f893cfb730156e6c3a77192e4e68ffddfc6d81cd33e7c4e2f34,-47,,3,64,12.0,3
15:49:48,26.0,3,1b6dc293530ef36438b66090579c861d4f39ea5ab2085f947b2a90c64b8ef1c5,-79,,3,64,12.0,3
15:49:48,26.0,3,1b6dc293530ef36438b66090579c861d4f39ea5ab2085f947b2a90c64b8ef1c5,-78,,3,64,12.0,3
15:49:49,26.0,3,e07908a7d32e7f00d5291a13ff283125e40aac15ab2dde8978b20a74017bd541,-71,,3,64,12.0,3
15:49:50,26.0,3,4878e30008b93396487168d9b5b81de0e569ecc6de7807e2be65be12116853be,-80,Tb80,3,64,,3
15:49:51,26.0,3,1b6dc293530ef36438b66090579c861d4f39ea5ab2085f947b2a90c64b8ef1c5,-76,,3,64,12.0,3
15:49:52,26.0,3,624f6cf895132f893cfb730156e6c3a77192e4e68ffddfc6d81cd33e7c4e2f34,-49,,3,64,12.0,3
15:49:52,,3,081e7a0fd3630dc6df449d3517c26fe42bfcbb4c204f8efd5ce35d8bfd705c3e,-69,,3,64,,3
15:49:53,,3,2a67cf033024f3534c1d44268598cbdfa4a4c970dbccd3feb59df825e0162b32,-89,,3,64,,3
15:49:54,26.0,3,511095aced671dfd67f4c79b9155ae6b8b9ed6c1fcec6e8c9d3d685a334a6355,-82,,3,64,6.0,3
15:49:55,26.0,3,e07908a7d32e7f00d5291a13ff283125e40aac15ab2dde8978b20a74017bd541,-74,,3,64,12.0,3
15:49:56,26.0,3,c9bcefec99673b0e97735a73f819ef4ad94c0e1ff50367a03128dd383720e13b,-85,,3,64,12.0,3
15:49:56,26.0,3,511095aced671dfd67f4c79b9155ae6b8b9ed6c1fcec6e8c9d3d685a334a6355,-82,,3,64,6.0,3
15:49:57,26.0,3,adc52606f326703bc555cca0fa0dbb6ee30a87f3d6ff8177482524b2017c2d23,-90,,3,64,12.0,3
15:49:58,26.0,3,c4674bd549e78e63d1acdc2fdbf0d63bf0cc8b2e619a99c0c08f75e28a543435,-72,,3,64,7.0,3
15:49:59,26.0,3,c4674bd549e78e63d1acdc2fdbf0d63bf0cc8b2e619a99c0c08f75e28a543435,-71,,3,64,7.0,3
15:50:00,,3,081e7a0fd3630dc6df449d3517c26fe42bfcbb4c204f8efd5ce35d8bfd705c3e,-69,,3,64,,3
15:50:00,26.0,3,4878e30008b93396487168d9b5b81de0e569ecc6de7807e2be65be12116853be,-88,Tb80,3,64,,3
15:50:01,26.0,3,e07908a7d32e7f00d5291a13ff283125e40aac15ab2dde8978b20a74017bd541,-87,,3,64,12.0,3
15:50:02,26.0,3,45a6f0768d79130000db049c91ffff0cae09b0eca3651396d8e5dabe12f22b9e,-78,,3,64,8.0,3
15:50:03,,3,7f8330d1c7e92e64d32238d05f7a4911a4f588a7a2fb5c5a1ce498e2afb6d6e4,-82,,3,64,,3
15:50:04,26.0,3,624f6cf895132f893cfb730156e6c3a77192e4e68ffddfc6d81cd33e7c4e2f34,-50,,3,64,12.0,3
15:50:04,26.0,3,624f6cf895132f893cfb730156e6c3a77192e4e68ffddfc6d81cd33e7c4e2f34,-50,,3,64,12.0,3
15:50:05,26.0,3,4878e30008b93396487168d9b5b81de0e569ecc6de7807e2be65be12116853be,-77,Tb80,3,64,,3
15:50:06,26.0,3,c84bc4c6a4c1283640f743e20ad5ecf900fa5fa6dbc03951f61acfa77d2f2698,-64,,3,64,12.0,3
15:50:07,26.0,3,bcc6de1aed5213ba8c6f922e2dd7cdbb5e7292836d9b57efde820754d9b12507,-82,,3,64,12.0,3
15:50:08,26.0,3,c84bc4c6a4c1283640f743e20ad5ecf900fa5fa6dbc03951f61acfa77d2f2698,-64,,3,64,12.0,3
15:50:08,26.0,3,c84bc4c6a4c1283640f743e20ad5ecf900fa5fa6dbc03951f61acfa77d2f2698,-58,,3,64,12.0,3
15:50:09,26.0,3,e07908a7d32e7f00d5291a13ff283125e40aac15ab2dde8978b20a74017bd541,-82,,3,64,12.0,3
15:50:10,26.0,3,45a6f0768d79130000db049c91ffff0cae09b0eca3651396d8e5dabe12f22b9e,-79,,3,64,8.0,3
15:50:11,26.0,3,c4674bd549e78e63d1acdc2fdbf0d63bf0cc8b2e619a99c0c08f75e28a543435,-74,,3,64,7.0,3
15:50:12,,3,081e7a0fd3630dc6df449d3517c26fe42bfcbb4c204f8efd5ce35d8bfd705c3e,-70,,3,64,,3
15:50:13,,3,081e7a0fd3630dc6df449d3517c26fe42bfcbb4c204f8efd5ce35d8bfd705c3e,-70,,3,64,,3
15:50:13,,3,f5e6c06e6434e4a600437823fb4070fa1f4083992cebe91a5aa4343e06d08d01,-56,,3,64,,3
15:50:14,26.0,3,91f3ba42264ea71b9655a6dd4aca11753dcbaa1cb6142c68820f0cfa96676cba,-82,,3,64,8.0,3
15:50:15,,3,081e7a0fd3630dc6df449d3517c26fe42bfcbb4c204f8efd5ce35d8bfd705c3e,-69,,3,64,,3
15:50:16,26.0,3,279b574173f0a8c61acc903fd9272a8757b6394bc1b9092b7720050b3446312f,-81,,3,64,12.0,3
15:50:16,,3,f7ae087b8dcd2c8bca768ef118cf5ce78c2135944e1d1dd29ad5386092e6ae1f,-85,,3,64,,3
15:50:17,26.0,3,ebb3b0dd64e9066b135fc86f605f8b677043e3c06e00d45cfada84e9956e6ef3,-56,,3,64,7.0,3
15:50:18,26.0,3,511095aced671dfd67f4c79b9155ae6b8b9ed6c1fcec6e8c9d3d685a334a6355,-80,,3,64,6.0,3
15:50:19,26.0,3,279b574173f0a8c61acc903fd9272a8757b6394bc1b9092b7720050b3446312f,-73,,3,64,12.0,3
15:50:20,26.0,3,4878e30008b93396487168d9b5b81de0e569ecc6de7807e2be65be12116853be,-83,Tb80,3,64,,3
15:50:21,,3,a6b944a7ff86c5aa5c1675efc126ec1f917d0a837798885e6ad5770d958cf38d,-97,,3,64,,3
15:50:21,26.0,3,c4674bd549e78e63d1acdc2fdbf0d63bf0cc8b2e619a99c0c08f75e28a543435,-76,,3,64,7.0,3
15:50:22,,3,081e7a0fd3630dc6df449d3517c26fe42bfcbb4c204f8efd5ce35d8bfd705c3e,-82,,3,64,,3
15:50:23,26.0,3,28281d9cf367a5074e107f330587267600877285ff1bdd0474e9e61fe66cc651,-88,,3,64,,3
15:50:24,,3,646c86dd4f0ef9ac2cde4f43f6675caba8d9560faf20b90e5ef053889630e5ce,-84,,3,64,,3
15:50:25,26.0,3,801c88ebba3ba65ee95521fb8853d8fb5db8e9132a2eddb498af3bac8d9a6509,-79,,3,64,8.0,3
15:50:25,26.0,3,24a5e25ef5675f36e3f4a38e4520a02ee1da6b7aeff9e7952ac8425266a92089,-97,,3,64,12.0,3
15:50:26,,3,081e7a0fd3630dc6df449d3517c26fe42bfcbb4c204f8efd5ce35d8bfd705c3e,-69,,3,64,,3
15:50:27,26.0,3,624f6cf895132f893cfb730156e6c3a77192e4e68ffddfc6d81cd33e7c4e2f34,-49,,3,64,12.0,3
15:50:28,,3,646c86dd4f0ef9ac2cde4f43f6675caba8d9560faf20b90e5ef053889630e5ce,-89,,3,64,,3
15:50:29,26.0,3,ebb3b0dd64e9066b135fc86f605f8b677043e3c06e00d45cfada84e9956e6ef3,-71,,3,64,7.0,3
15:50:29,26.0,3,511095aced671dfd67f4c79b9155ae6b8b9ed6c1fcec6e8c9d3d685a334a6355,-87,,3,64,6.0,3
15:50:30,26.0,3,2060eff7678d38aaaddb900bd6cd444fcb6536db87ceed28785d49e4899e2d16,-83,,3,64,7.0,3
15:50:31,,3,2cf652779445be3f47cc4e4928f08e2033f813f2b692382f14ccf13811083ffd,-76,,3,64,,3
15:50:32,26.0,3,c84bc4c6a4c1283640f743e20ad5ecf900fa5fa6dbc03951f61acfa77d2f2698,-58,,3,64,12.0,3
15:50:33,26.0,3,624f6cf895132f893cfb730156e6c3a77192e4e68ffddfc6d81cd33e7c4e2f34,-39,,3,64,12.0,3
15:50:33,26.0,3,c4674bd549e78e63d1acdc2fdbf0d63bf0cc8b2e619a99c0c08f75e28a543435,-73,,3,64,7.0,3
15:50:34,,3,1f27ac808f96d9c876486e422be23aa7815df90ca9a2e1370fb5062e2bb3f02f,-47,,3,64,,3
15:50:35,26.0,3,c4674bd549e78e63d1acdc2fdbf0d63bf0cc8b2e619a99c0c08f75e28a543435,-71,,3,64,7.0,3
15:50:36,2.0,3,db9ffcc80c08a9a656942ecfa785fb5e190545eb37854de090932368bbbc1f99,-89,,3,64,,3
15:50:37,26.0,3,c9bcefec99673b0e97735a73f819ef4ad94c0e1ff50367a03128dd383720e13b,-73,,3,64,12.0,3
15:50:37,26.0,3,c9bcefec99673b0e97735a73f819ef4ad94c0e1ff50367a03128dd383720e13b,-77,,3,64,12.0,3
15:50:38,26.0,3,801c88ebba3ba65ee95521fb8853d8fb5db8e9132a2eddb498af3bac8d9a6509,-79,,3,64,8.0,3
15:50:39,26.0,3,4a9fcc879ffe472fa114dde43f512c0985534e6b028cc9a1d85313037dfe332c,-88,Tb81,3,64,,3
15:50:40,,3,081e7a0fd3630dc6df449d3517c26fe42bfcbb4c204f8efd5ce35d8bfd705c3e,-77,,3,64,,3
15:50:41,26.0,3,ebb3b0dd64e9066b135fc86f605f8b677043e3c06e00d45cfada84e9956e6ef3,-61,,3,64,7.0,3
15:50:41,,3,23b638cf990096c294b8f7228e298fc1cb37ac846ee737493deacb0f28edb4c3,-90,,3,64,,3
15:50:42,,3,1f27ac808f96d9c876486e422be23aa7815df90ca9a2e1370fb5062e2bb3f02f,-39,,3,64,,3
15:50:43,26.0,3,ebb3b0dd64e9066b135fc86f605f8b677043e3c06e00d45cfada84e9956e6ef3,-72,,3,64,7.0,3
15:50:44,,3,081e7a0fd3630dc6df449d3517c26fe42bfcbb4c204f8efd5ce35d8bfd705c3e,-71,,3,64,,3
15:50:45,26.0,3,c4674bd549e78e63d1acdc2fdbf0d63bf0cc8b2e619a99c0c08f75e28a543435,-71,,3,64,7.0,3
15:50:46,26.0,3,1b6dc293530ef36438b66090579c861d4f39ea5ab2085f947b2a90c64b8ef1c5,-78,,3,64,12.0,3
15:50:46,26.0,3,45a6f0768d79130000db049c91ffff0cae09b0eca3651396d8e5dabe12f22b9e,-80,,3,64,8.0,3
15:50:47,26.0,3,adc52606f326703bc555cca0fa0dbb6ee30a87f3d6ff8177482524b2017c2d23,-80,,3,64,12.0,3
15:50:48,26.0,3,bcc6de1aed5213ba8c6f922e2dd7cdbb5e7292836d9b57efde820754d9b12507,-78,,3,64,12.0,3
15:50:49,26.0,3,511095aced671dfd67f4c79b9155ae6b8b9ed6c1fcec6e8c9d3d685a334a6355,-83,,3,64,6.0,3
15:50:50,26.0,3,4878e30008b93396487168d9b5b81de0e569ecc6de7807e2be65be12116853be,-84,Tb80,3,64,,3
15:50:50,26.0,3,c1ffa745b31c865f2ef564ceebe4162c47386258a513414d3db4de60aec35a39,-76,,3,64,12.0,3
15:50:51,26.0,3,df2d36d7021019665a5122e535c4075a7fbea9046bc1b6342006f0acf74fa938,-92,,3,64,12.0,3
15:50:52,,3,081e7a0fd3630dc6df449d3517c26fe42bfcbb4c204f8efd5ce35d8bfd705c3e,-72,,3,64,,3
15:50:53,,3,62f6ba6f5fa25df4b763f6706c5b64584cbee4292a98d4868ace2045634704d6,-85,,3,64,,3
15:50:54,26.0,3,2060eff7678d38aaaddb900bd6cd444fcb6536db87ceed28785d49e4899e2d16,-89,,3,64,7.0,3
15:50:54,26.0,3,e07908a7d32e7f00d5291a13ff283125e40aac15ab2dde8978b20a74017bd541,-80,,3,64,12.0,3
15:50:55,26.0,3,4878e30008b93396487168d9b5b81de0e569ecc6de7807e2be65be12116853be,-76,Tb80,3,64,,3
15:50:56,26.0,3,c1ffa745b31c865f2ef564ceebe4162c47386258a513414d3db4de60aec35a39,-80,,3,64,12.0,3
15:50:57,,3,081e7a0fd3630dc6df449d3517c26fe42bfcbb4c204f8efd5ce35d8bfd705c3e,-77,,3,64,,3
15:50:58,26.0,3,c84bc4c6a4c1283640f743e20ad5ecf900fa5fa6dbc03951f61acfa77d2f2698,-71,,3,64,12.0,3
15:50:58,26.0,3,c84bc4c6a4c1283640f743e20ad5ecf900fa5fa6dbc03951f61acfa77d2f2698,-70,,3,64,12.0,3
15:50:59,26.0,3,28281d9cf367a5074e107f330587267600877285ff1bdd0474e9e61fe66cc651,-82,,3,64,8.0,3
15:51:00,,3,081e7a0fd3630dc6df449d3517c26fe42bfcbb4c204f8efd5ce35d8bfd705c3e,-71,,3,64,,3
15:51:01,,3,ead8910d4742ae226c4e2a396f314aadb10bd62534087dc290c2d79f375cbf61,-77,,3,64,,3
15:51:02,26.0,3,801c88ebba3ba65ee95521fb8853d8fb5db8e9132a2eddb498af3bac8d9a6509,-75,,3,64,8.0,3
15:51:02,,3,081e7a0fd3630dc6df449d3517c26fe42bfcbb4c204f8efd5ce35d8bfd705c3e,-72,,3,64,,3
15:51:03,,3,706507f0c14db0f23287ac59d0d793259db992503003956c4daec8086fbff46d,-71,,3,64,,3
15:51:04,26.0,3,2060eff7678d38aaaddb900bd6cd444fcb6536db87ceed28785d49e4899e2d16,-88,,3,64,7.0,3
15:51:05,,3,7f8330d1c7e92e64d32238d05f7a4911a4f588a7a2fb5c5a1ce498e2afb6d6e4,-76,,3,64,,3
15:51:06,26.0,3,c9bcefec99673b0e97735a73f819ef4ad94c0e1ff50367a03128dd383720e13b,-77,,3,64,12.0,3
15:51:06,,3,081e7a0fd3630dc6df449d3517c26fe42bfcbb4c204f8efd5ce35d8bfd705c3e,-70,,3,64,,3
15:51:07,,3,081e7a0fd3630dc6df449d3517c26fe42bfcbb4c204f8efd5ce35d8bfd705c3e,-72,,3,64,,3
15:51:08,26.0,3,c4674bd549e78e63d1acdc2fdbf0d63bf0cc8b2e619a99c0c08f75e28a543435,-71,,3,64,7.0,3
15:51:09,26.0,3,e07908a7d32e7f00d5291a13ff283125e40aac15ab2dde8978b20a74017bd541,-78,,3,64,12.0,3
15:51:10,26.0,3,c4674bd549e78e63d1acdc2fdbf0d63bf0cc8b2e619a99c0c08f75e28a543435,-74,,3,64,7.0,3
15:51:10,26.0,3,ebb3b0dd64e9066b135fc86f605f8b677043e3c06e00d45cfada84e9956e6ef3,-69,,3,64,7.0,3
15:51:11,26.0,3,51b1c35da5bf11ea91fd394fcbbddcb3ca200e3fcaed12c6e68634f34cefa5a0,-92,,3,64,8.0,3
15:51:12,,3,081e7a0fd3630dc6df449d3517c26fe42bfcbb4c204f8efd5ce35d8bfd705c3e,-74,,3,64,,3
15:51:13,26.0,3,511095aced671dfd67f4c79b9155ae6b8b9ed6c1fcec6e8c9d3d685a334a6355,-89,,3,64,6.0,3
15:51:14,26.0,3,624f6cf895132f893cfb730156e6c3a77192e4e68ffddfc6d81cd33e7c4e2f34,-59,,3,64,12.0,3
15:51:14,26.0,3,624f6cf895132f893cfb730156e6c3a77192e4e68ffddfc6d81cd33e7c4e2f34,-56,,3,64,12.0,3
15:51:15,,3,f5e6c06e6434e4a600437823fb4070fa1f4083992cebe91a5aa4343e06d08d01,-85,,3,64,,3
15:51:16,26.0,3,4878e30008b93396487168d9b5b81de0e569ecc6de7807e2be65be12116853be,-82,Tb80,3,64,,3
15:51:16,26.0,3,c1ffa745b31c865f2ef564ceebe4162c47386258a513414d3db4de60aec35a39,-75,,3,64,12.0,3
15:51:18,,3,081e7a0fd3630dc6df449d3517c26fe42bfcbb4c204f8efd5ce35d8bfd705c3e,-69,,3,64,,3
15:51:18,26.0,3,1b6dc293530ef36438b66090579c861d4f39ea5ab2085f947b2a90c64b8ef1c5,-77,,3,64,12.0,3
15:51:19,26.0,3,279b574173f0a8c61acc903fd9272a8757b6394bc1b9092b7720050b3446312f,-80,,3,64,12.0,3
15:51:20,26.0,3,4a9fcc879ffe472fa114dde43f512c0985534e6b028cc9a1d85313037dfe332c,-88,Tb81,3,64,,3
15:51:21,26.0,3,45a6f0768d79130000db049c91ffff0cae09b0eca3651396d8e5dabe12f22b9e,-78,,3,64,8.0,3
15:51:22,26.0,3,c9bcefec99673b0e97735a73f819ef4ad94c0e1ff50367a03128dd383720e13b,-79,,3,64,12.0,3
15:51:23,26.0,3,c84bc4c6a4c1283640f743e20ad5ecf900fa5fa6dbc03951f61acfa77d2f2698,-71,,3,64,12.0,3
15:51:23,26.0,3,c1ffa745b31c865f2ef564ceebe4162c47386258a513414d3db4de60aec35a39,-76,,3,64,12.0,3
15:51:24,26.0,3,511095aced671dfd67f4c79b9155ae6b8b9ed6c1fcec6e8c9d3d685a334a6355,-83,,3,64,6.0,3
15:51:25,,3,2a67cf033024f3534c1d44268598cbdfa4a4c970dbccd3feb59df825e0162b32,-94,,3,64,,3
15:51:26,26.0,3,4878e30008b93396487168d9b5b81de0e569ecc6de7807e2be65be12116853be,-82,Tb80,3,64,,3
15:51:27,26.0,3,e07908a7d32e7f00d5291a13ff283125e40aac15ab2dde8978b20a74017bd541,-72,,3,64,12.0,3
15:51:27,,3,dbd90e64dae3ca7a08ed6bb53feb48b69ca819cbe4bbaecb4325431a4d6aa653,-83,,3,64,,3
15:51:28,26.0,3,c9bcefec99673b0e97735a73f819ef4ad94c0e1ff50367a03128dd383720e13b,-76,,3,64,12.0,3
15:51:29,,3,1f27ac808f96d9c876486e422be23aa7815df90ca9a2e1370fb5062e2bb3f02f,-50,,3,64,,3
15:51:30,26.0,3,bcc6de1aed5213ba8c6f922e2dd7cdbb5e7292836d9b57efde820754d9b12507,-85,,3,64,12.0,3
15:51:30,,3,753178fcd88d647df16727d53b6000c329b2c0ef75fa7c501210cb24f2a075f8,-76,,3,64,,3
15:51:31,26.0,3,bcc6de1aed5213ba8c6f922e2dd7cdbb5e7292836d9b57efde820754d9b12507,-86,,3,64,12.0,3
15:51:32,26.0,3,44c447f5bd55c2cb272a56ec9c8710b4fa96ea815eefc40b0f2d9ce1d074c34f,-88,,3,64,12.0,3
15:51:33,26.0,3,df2d36d7021019665a5122e535c4075a7fbea9046bc1b6342006f0acf74fa938,-86,,3,64,12.0,3
15:51:34,26.0,3,2fa3bbb4d54e75f1b3a5d9e8682c95a568f3b58011acbbc8f10ccc2829e4e516,-80,,3,64,7.0,3
15:51:35,26.0,3,44c447f5bd55c2cb272a56ec9c8710b4fa96ea815eefc40b0f2d9ce1d074c34f,-89,,3,64,12.0,3
15:51:35,,3,081e7a0fd3630dc6df449d3517c26fe42bfcbb4c204f8efd5ce35d8bfd705c3e,-68,,3,64,,3
15:51:36,26.0,3,c9bcefec99673b0e97735a73f819ef4ad94c0e1ff50367a03128dd383720e13b,-77,,3,64,12.0,3
15:51:37,,3,081e7a0fd3630dc6df449d3517c26fe42bfcbb4c204f8efd5ce35d8bfd705c3e,-69,,3,64,,3
15:51:38,26.0,3,bcc6de1aed5213ba8c6f922e2dd7cdbb5e7292836d9b57efde820754d9b12507,-85,,3,64,12.0,3
15:51:39,26.0,3,e07908a7d32e7f00d5291a13ff283125e40aac15ab2dde8978b20a74017bd541,-83,,3,64,12.0,3
15:51:39,,3,081e7a0fd3630dc6df449d3517c26fe42bfcbb4c204f8efd5ce35d8bfd705c3e,-68,,3,64,,3
15:51:40,26.0,3,801c88ebba3ba65ee95521fb8853d8fb5db8e9132a2eddb498af3bac8d9a6509,-85,,3,64,8.0,3
15:51:41,,3,2cf652779445be3f47cc4e4928f08e2033f813f2b692382f14ccf13811083ffd,-71,,3,64,,3
15:51:42,26.0,3,c9bcefec99673b0e97735a73f819ef4ad94c0e1ff50367a03128dd383720e13b,-85,,3,64,12.0,3
15:51:43,,3,081e7a0fd3630dc6df449d3517c26fe42bfcbb4c204f8efd5ce35d8bfd705c3e,-77,,3,64,,3
15:51:44,26.0,3,ebb3b0dd64e9066b135fc86f605f8b677043e3c06e00d45cfada84e9956e6ef3,-71,,3,64,7.0,3
15:51:44,26.0,3,2fa3bbb4d54e75f1b3a5d9e8682c95a568f3b58011acbbc8f10ccc2829e4e516,-76,,3,64,7.0,3
15:51:45,26.0,3,279b574173f0a8c61acc903fd9272a8757b6394bc1b9092b7720050b3446312f,-84,,3,64,12.0,3
15:51:46,26.0,3,e07908a7d32e7f00d5291a13ff283125e40aac15ab2dde8978b20a74017bd541,-75,,3,64,12.0,3
15:51:47,26.0,3,2fa3bbb4d54e75f1b3a5d9e8682c95a568f3b58011acbbc8f10ccc2829e4e516,-84,,3,64,7.0,3
15:51:48,26.0,3,511095aced671dfd67f4c79b9155ae6b8b9ed6c1fcec6e8c9d3d685a334a6355,-90,,3,64,6.0,3
15:51:48,26.0,3,511095aced671dfd67f4c79b9155ae6b8b9ed6c1fcec6e8c9d3d685a334a6355,-90,,3,64,6.0,3
15:51:49,26.0,3,c4674bd549e78e63d1acdc2fdbf0d63bf0cc8b2e619a99c0c08f75e28a543435,-76,,3,64,7.0,3
15:51:50,,3,081e7a0fd3630dc6df449d3517c26fe42bfcbb4c204f8efd5ce35d8bfd705c3e,-70,,3,64,,3
15:51:51,26.0,3,e07908a7d32e7f00d5291a13ff283125e40aac15ab2dde8978b20a74017bd541,-74,,3,64,12.0,3
15:51:52,26.0,3,45a6f0768d79130000db049c91ffff0cae09b0eca3651396d8e5dabe12f22b9e,-87,,3,64,8.0,3
15:51:52,26.0,3,2060eff7678d38aaaddb900bd6cd444fcb6536db87ceed28785d49e4899e2d16,-87,,3,64,7.0,3
15:51:53,26.0,3,ebb3b0dd64e9066b135fc86f605f8b677043e3c06e00d45cfada84e9956e6ef3,-69,,3,64,7.0,3
15:51:54,,3,646c86dd4f0ef9ac2cde4f43f6675caba8d9560faf20b90e5ef053889630e5ce,-90,,3,64,,3
15:51:55,,3,62f6ba6f5fa25df4b763f6706c5b64584cbee4292a98d4868ace2045634704d6,-77,,3,64,,3
15:51:56,26.0,3,bcc6de1aed5213ba8c6f922e2dd7cdbb5e7292836d9b57efde820754d9b12507,-83,,3,64,12.0,3
15:51:56,26.0,3,4878e30008b93396487168d9b5b81de0e569ecc6de7807e2be65be12116853be,-87,Tb80,3,64,,3
15:51:57,,3,081e7a0fd3630dc6df449d3517c26fe42bfcbb4c204f8efd5ce35d8bfd705c3e,-68,,3,64,,3
15:51:58,26.0,3,2fa3bbb4d54e75f1b3a5d9e8682c95a568f3b58011acbbc8f10ccc2829e4e516,-86,,3,64,7.0,3
15:51:59,,3,62f6ba6f5fa25df4b763f6706c5b64584cbee4292a98d4868ace2045634704d6,-87,,3,64,,3
15:52:00,26.0,3,2fa3bbb4d54e75f1b3a5d9e8682c95a568f3b58011acbbc8f10ccc2829e4e516,-81,,3,64,7.0,3
15:52:00,,3,081e7a0fd3630dc6df449d3517c26fe42bfcbb4c204f8efd5ce35d8bfd705c3e,-76,,3,64,,3
15:52:01,,3,2cf652779445be3f47cc4e4928f08e2033f813f2b692382f14ccf13811083ffd,-69,,3,64,,3
15:52:02,26.0,3,279b574173f0a8c61acc903fd9272a8757b6394bc1b9092b7720050b3446312f,-77,,3,64,12.0,3
15:52:03,26.0,3,624f6cf895132f893cfb730156e6c3a77192e4e68ffddfc6d81cd33e7c4e2f34,-37,,3,64,12.0,3
15:52:04,26.0,3,ebb3b0dd64e9066b135fc86f605f8b677043e3c06e00d45cfada84e9956e6ef3,-72,,3,64,7.0,3
15:52:04,26.0,3,279b574173f0a8c61acc903fd9272a8757b6394bc1b9092b7720050b3446312f,-79,,3,64,12.0,3
15:52:05,26.0,3,624f6cf895132f893cfb730156e6c3a77192e4e68ffddfc6d81cd33e7c4e2f34,-40,,3,64,12.0,3
15:52:06,26.0,3,624f6cf895132f893cfb730156e6c3a77192e4e68ffddfc6d81cd33e7c4e2f34,-36,,3,64,12.0,3
15:52:07,,3,eeb14304258dd151aaf12d230ad163abb33a6379c1c0d776c6d794f11a0ef359,-65,,3,64,,3
15:52:08,26.0,3,279b574173f0a8c61acc903fd9272a8757b6394bc1b9092b7720050b3446312f,-74,,3,64,12.0,3
15:52:09,26.0,3,624f6cf895132f893cfb730156e6c3a77192e4e68ffddfc6d81cd33e7c4e2f34,-38,,3,64,12.0,3
15:52:09,,3,081e7a0fd3630dc6df449d3517c26fe42bfcbb4c204f8efd5ce35d8bfd705c3e,-70,,3,64,,3
15:52:10,,3,a6b944a7ff86c5aa5c1675efc126ec1f917d0a837798885e6ad5770d958cf38d,-89,,3,64,,3
15:52:11,26.0,3,e07908a7d32e7f00d5291a13ff283125e40aac15ab2dde8978b20a74017bd541,-79,,3,64,12.0,3
15:52:12,26.0,3,511095aced671dfd67f4c79b9155ae6b8b9ed6c1fcec6e8c9d3d685a334a6355,-88,,3,64,6.0,3
15:52:13,26.0,3,279b574173f0a8c61acc903fd9272a8757b6394bc1b9092b7720050b3446312f,-93,,3,64,12.0,3
15:52:13,,3,297a3a7b0df4e2579c5bfeaabca7fa820516d4a8ab217bf4ad5bc8383f1fa948,-84,,3,64,,3
15:52:14,26.0,3,bcc6de1aed5213ba8c6f922e2dd7cdbb5e7292836d9b57efde820754d9b12507,-82,,3,64,12.0,3
15:52:15,,3,081e7a0fd3630dc6df449d3517c26fe42bfcbb4c204f8efd5ce35d8bfd705c3e,-74,,3,64,,3
15:52:16,26.0,3,45a6f0768d79130000db049c91ffff0cae09b0eca3651396d8e5dabe12f22b9e,-92,,3,64,8.0,3
15:52:17,,3,78a8217be97f47e845fa834f31f3b47a1d40c088fa6541aeb3206c31a2c9885f,-71,,3,64,,3
15:52:17,26.0,3,45a6f0768d79130000db049c91ffff0cae09b0eca3651396d8e5dabe12f22b9e,-75,,3,64,8.0,3
15:52:18,26.0,3,e07908a7d32e7f00d5291a13ff283125e40aac15ab2dde8978b20a74017bd541,-80,,3,64,12.0,3
15:52:19,26.0,3,bcc6de1aed5213ba8c6f922e2dd7cdbb5e7292836d9b57efde820754d9b12507,-90,,3,64,12.0,3
15:52:20,,3,081e7a0fd3630dc6df449d3517c26fe42bfcbb4c204f8efd5ce35d8bfd705c3e,-74,,3,64,,3
15:52:21,,3,78a8217be97f47e845fa834f31f3b47a1d40c088fa6541aeb3206c31a2c9885f,-70,,3,64,,3
15:52:21,,3,85958aaa427489e5ce84bb7594ba9bef16f55907bfde378db0a17f4805f6a761,-86,,3,64,,3
15:52:22,26.0,3,4878e30008b93396487168d9b5b81de0e569ecc6de7807e2be65be12116853be,-90,Tb80,3,64,,3
15:52:23,26.0,3,e07908a7d32e7f00d5291a13ff283125e40aac15ab2dde8978b20a74017bd541,-84,,3,64,12.0,3
15:52:24,26.0,3,ebb3b0dd64e9066b135fc86f605f8b677043e3c06e00d45cfada84e9956e6ef3,-71,,3,64,7.0,3
15:52:25,,3,081e7a0fd3630dc6df449d3517c26fe42bfcbb4c204f8efd5ce35d8bfd705c3e,-74,,3,64,,3
15:52:25,26.0,3,c9bcefec99673b0e97735a73f819ef4ad94c0e1ff50367a03128dd383720e13b,-76,,3,64,12.0,3
15:52:26,26.0,3,279b574173f0a8c61acc903fd9272a8757b6394bc1b9092b7720050b3446312f,-87,,3,64,12.0,3
15:52:27,26.0,3,4878e30008b93396487168d9b5b81de0e569ecc6de7807e2be65be12116853be,-87,Tb80,3,64,,3
15:52:28,26.0,3,624f6cf895132f893cfb730156e6c3a77192e4e68ffddfc6d81cd33e7c4e2f34,-38,,3,64,12.0,3
15:52:29,26.0,3,45a6f0768d79130000db049c91ffff0cae09b0eca3651396d8e5dabe12f22b9e,-74,,3,64,8.0,3
15:52:29,26.0,3,fc6bcd3ad380614af06fd47e2c885759d7e99557666c81d927743755be00a89c,-81,,3,64,8.0,3
15:52:30,26.0,3,624f6cf895132f893cfb730156e6c3a77192e4e68ffddfc6d81cd33e7c4e2f34,-39,,3,64,12.0,3
15:52:31,,3,dbd90e64dae3ca7a08ed6bb53feb48b69ca819cbe4bbaecb4325431a4d6aa653,-89,,3,64,,3
15:52:32,26.0,3,e07908a7d32e7f00d5291a13ff283125e40aac15ab2dde8978b20a74017bd541,-76,,3,64,12.0,3
15:52:33,,3,081e7a0fd3630dc6df449d3517c26fe42bfcbb4c204f8efd5ce35d8bfd705c3e,-69,,3,64,,3
15:52:33,26.0,3,1fbb132d4045896c983cf3e7555add1250e6028539f77dccf6e4211ed1bba1c0,-92,,3,64,8.0,3
15:52:34,26.0,3,44c447f5bd55c2cb272a56ec9c8710b4fa96ea815eefc40b0f2d9ce1d074c34f,-90,,3,64,12.0,3
15:52:35,,3,dbd90e64dae3ca7a08ed6bb53feb48b69ca819cbe4bbaecb4325431a4d6aa653,-86,,3,64,,3
15:52:36,26.0,3,e07908a7d32e7f00d5291a13ff283125e40aac15ab2dde8978b20a74017bd541,-73,,3,64,12.0,3
15:52:37,26.0,3,1b6dc293530ef36438b66090579c861d4f39ea5ab2085f947b2a90c64b8ef1c5,-78,,3,64,12.0,3
15:52:38,26.0,3,45a6f0768d79130000db049c91ffff0cae09b0eca3651396d8e5dabe12f22b9e,-79,,3,64,8.0,3
15:52:38,26.0,3,bcc6de1aed5213ba8c6f922e2dd7cdbb5e7292836d9b57efde820754d9b12507,-87,,3,64,12.0,3
15:52:39,26.0,3,1b6dc293530ef36438b66090579c861d4f39ea5ab2085f947b2a90c64b8ef1c5,-79,,3,64,12.0,3
15:52:40,26.0,3,1b6dc293530ef36438b66090579c861d4f39ea5ab2085f947b2a90c64b8ef1c5,-92,,3,64,12.0,3
15:52:41,26.0,3,511095aced671dfd67f4c79b9155ae6b8b9ed6c1fcec6e8c9d3d685a334a6355,-89,,3,64,6.0,3
15:52:42,26.0,3,fc6bcd3ad380614af06fd47e2c885759d7e99557666c81d927743755be00a89c,-76,,3,64,8.0,3
15:52:42,,3,aa20114deb8e653b0533aa04ceca0a91e68de43e53c1df4740fa689371d2f2cd,-73,,3,64,,3
15:52:43,26.0,3,fc6bcd3ad380614af06fd47e2c885759d7e99557666c81d927743755be00a89c,-70,,3,64,8.0,3
15:52:44,26.0,3,e07908a7d32e7f00d5291a13ff283125e40aac15ab2dde8978b20a74017bd541,-81,,3,64,12.0,3
15:52:45,26.0,3,28281d9cf367a5074e107f330587267600877285ff1bdd0474e9e61fe66cc651,-84,,3,64,8.0,3
15:52:46,,3,706507f0c14db0f23287ac59d0d793259db992503003956c4daec8086fbff46d,-84,,3,64,,3
15:52:46,26.0,3,4878e30008b93396487168d9b5b81de0e569ecc6de7807e2be65be12116853be,-86,Tb80,3,64,,3
15:52:47,26.0,3,e07908a7d32e7f00d5291a13ff283125e40aac15ab2dde8978b20a74017bd541,-78,,3,64,12.0,3
15:52:48,,3,33558104be9445a8476e21a28b94d57be1855098122160b9de0419a567edb7bc,-71,,3,64,,3
15:52:49,,3,753178fcd88d647df16727d53b6000c329b2c0ef75fa7c501210cb24f2a075f8,-78,,3,64,,3
15:52:50,,3,57c737042aa6e4642d040c12d12f0e79b458cdd1988f0670607f5d3524f2cc01,-94,,3,64,,3
15:52:50,26.0,3,44c447f5bd55c2cb272a56ec9c8710b4fa96ea815eefc40b0f2d9ce1d074c34f,-78,,3,64,12.0,3
15:52:51,,3,78a8217be97f47e845fa834f31f3b47a1d40c088fa6541aeb3206c31a2c9885f,-73,,3,64,,3
15:52:52,26.0,3,4878e30008b93396487168d9b5b81de0e569ecc6de7807e2be65be12116853be,-89,Tb80,3,64,,3
15:52:53,,3,753178fcd88d647df16727d53b6000c329b2c0ef75fa7c501210cb24f2a075f8,-73,,3,64,,3
15:52:54,26.0,3,c4674bd549e78e63d1acdc2fdbf0d63bf0cc8b2e619a99c0c08f75e28a543435,-69,,3,64,7.0,3
15:52:54,26.0,3,2060eff7678d38aaaddb900bd6cd444fcb6536db87ceed28785d49e4899e2d16,-90,,3,64,7.0,3
15:52:55,26.0,3,44c447f5bd55c2cb272a56ec9c8710b4fa96ea815eefc40b0f2d9ce1d074c34f,-81,,3,64,12.0,3
15:52:56,26.0,3,44c447f5bd55c2cb272a56ec9c8710b4fa96ea815eefc40b0f2d9ce1d074c34f,-89,,3,64,12.0,3
15:52:57,26.0,3,4878e30008b93396487168d9b5b81de0e569ecc6de7807e2be65be12116853be,-83,Tb80,3,64,,3
15:52:58,,3,706507f0c14db0f23287ac59d0d793259db992503003956c4daec8086fbff46d,-72,,3,64,,3
15:52:58,26.0,3,bcc6de1aed5213ba8c6f922e2dd7cdbb5e7292836d9b57efde820754d9b12507,-79,,3,64,12.0,3
15:52:59,26.0,3,45a6f0768d79130000db049c91ffff0cae09b0eca3651396d8e5dabe12f22b9e,-76,,3,64,8.0,3
15:53:00,,3,33558104be9445a8476e21a28b94d57be1855098122160b9de0419a567edb7bc,-83,,3,64,,3
15:53:01,,3,62f6ba6f5fa25df4b763f6706c5b64584cbee4292a98d4868ace2045634704d6,-83,,3,64,,3
15:53:02,,3,aa20114deb8e653b0533aa04ceca0a91e68de43e53c1df4740fa689371d2f2cd,-73,,3,64,,3
15:53:02,26.0,3,c4674bd549e78e63d1acdc2fdbf0d63bf0cc8b2e619a99c0c08f75e28a543435,-81,,3,64,7.0,3
15:53:03,26.0,3,bcc6de1aed5213ba8c6f922e2dd7cdbb5e7292836d9b57efde820754d9b12507,-83,,3,64,12.0,3
15:53:04,26.0,3,511095aced671dfd67f4c79b9155ae6b8b9ed6c1fcec6e8c9d3d685a334a6355,-92,,3,64,6.0,3
15:53:05,2.0,3,db9ffcc80c08a9a656942ecfa785fb5e190545eb37854de090932368bbbc1f99,-88,,3,64,,3
15:53:06,26.0,3,ebb3b0dd64e9066b135fc86f605f8b677043e3c06e00d45cfada84e9956e6ef3,-71,,3,64,7.0,3
15:53:07,26.0,3,ebb3b0dd64e9066b135fc86f605f8b677043e3c06e00d45cfada84e9956e6ef3,-75,,3,64,7.0,3
15:53:07,26.0,3,ebb3b0dd64e9066b135fc86f605f8b677043e3c06e00d45cfada84e9956e6ef3,-68,,3,64,7.0,3
15:53:08,26.0,3,801c88ebba3ba65ee95521fb8853d8fb5db8e9132a2eddb498af3bac8d9a6509,-85,,3,64,8.0,3
15:53:09,,3,f7ae087b8dcd2c8bca768ef118cf5ce78c2135944e1d1dd29ad5386092e6ae1f,-90,,3,64,,3
15:53:10,26.0,3,801c88ebba3ba65ee95521fb8853d8fb5db8e9132a2eddb498af3bac8d9a6509,-90,,3,64,8.0,3
15:53:11,26.0,3,44c447f5bd55c2cb272a56ec9c8710b4fa96ea815eefc40b0f2d9ce1d074c34f,-88,,3,64,12.0,3
15:53:11,26.0,3,624f6cf895132f893cfb730156e6c3a77192e4e68ffddfc6d81cd33e7c4e2f34,-40,,3,64,12.0,3
15:53:12,26.0,3,279b574173f0a8c61acc903fd9272a8757b6394bc1b9092b7720050b3446312f,-83,,3,64,12.0,3
15:53:13,26.0,3,c9bcefec99673b0e97735a73f819ef4ad94c0e1ff50367a03128dd383720e13b,-71,,3,64,12.0,3
15:53:14,26.0,3,279b574173f0a8c61acc903fd9272a8757b6394bc1b9092b7720050b3446312f,-83,,3,64,12.0,3
15:53:15,26.0,3,279b574173f0a8c61acc903fd9272a8757b6394bc1b9092b7720050b3446312f,-84,,3,64,12.0,3
15:53:15,24.0,3,6217f8d31df9c6d40986945ed3d26f4c737ae90b82e86747b348465ef13cd376,-91,,3,64,,3
15:53:16,26.0,3,4878e30008b93396487168d9b5b81de0e569ecc6de7807e2be65be12116853be,-85,Tb80,3,64,,3
15:53:17,26.0,3,624f6cf895132f893cfb730156e6c3a77192e4e68ffddfc6d81cd33e7c4e2f34,-40,,3,64,12.0,3
15:53:18,26.0,3,2060eff7678d38aaaddb900bd6cd444fcb6536db87ceed28785d49e4899e2d16,-89,,3,64,7.0,3
15:53:19,26.0,3,c9bcefec99673b0e97735a73f819ef4ad94c0e1ff50367a03128dd383720e13b,-73,,3,64,12.0,3
15:53:19,26.0,3,a93f176c83107361366811d9cb69a691c817b7de0031ec3792fe399dee1a7046,-70,,3,64,7.0,3
15:53:20,,3,646c86dd4f0ef9ac2cde4f43f6675caba8d9560faf20b90e5ef053889630e5ce,-89,,3,64,,3
15:53:21,,3,aa20114deb8e653b0533aa04ceca0a91e68de43e53c1df4740fa689371d2f2cd,-67,,3,64,,3
15:53:22,,3,aa20114deb8e653b0533aa04ceca0a91e68de43e53c1df4740fa689371d2f2cd,-65,,3,64,,3
15:53:23,26.0,3,45a6f0768d79130000db049c91ffff0cae09b0eca3651396d8e5dabe12f22b9e,-74,,3,64,8.0,3
15:53:23,26.0,3,df2d36d7021019665a5122e535c4075a7fbea9046bc1b6342006f0acf74fa938,-94,,3,64,12.0,3
15:53:24,26.0,3,a93f176c83107361366811d9cb69a691c817b7de0031ec3792fe399dee1a7046,-72,,3,64,7.0,3
15:53:25,26.0,3,4878e30008b93396487168d9b5b81de0e569ecc6de7807e2be65be12116853be,-80,Tb80,3,64,,3
15:53:26,26.0,3,44c447f5bd55c2cb272a56ec9c8710b4fa96ea815eefc40b0f2d9ce1d074c34f,-85,,3,64,12.0,3
15:53:27,26.0,3,44c447f5bd55c2cb272a56ec9c8710b4fa96ea815eefc40b0f2d9ce1d074c34f,-87,,3,64,12.0,3
15:53:27,26.0,3,44c447f5bd55c2cb272a56ec9c8710b4fa96ea815eefc40b0f2d9ce1d074c34f,-85,,3,64,12.0,3
15:53:28,,3,a6b944a7ff86c5aa5c1675efc126ec1f917d0a837798885e6ad5770d958cf38d,-83,,3,64,,3
15:53:29,,3,aa20114deb8e653b0533aa04ceca0a91e68de43e53c1df4740fa689371d2f2cd,-87,,3,64,,3
15:53:30,26.0,3,47c0c44ac524844b5f0a78e977d9a8aefbba250dc1021a20a6ec424344416954,-82,,3,64,12.0,3
15:53:31,26.0,3,2060eff7678d38aaaddb900bd6cd444fcb6536db87ceed28785d49e4899e2d16,-85,,3,64,7.0,3
15:53:31,26.0,3,e07908a7d32e7f00d5291a13ff283125e40aac15ab2dde8978b20a74017bd541,-79,,3,64,12.0,3
15:53:32,26.0,3,45a6f0768d79130000db049c91ffff0cae09b0eca3651396d8e5dabe12f22b9e,-79,,3,64,8.0,3
15:53:33,26.0,3,965db984260bfe7b12643f220ce45a100775750186f27b4390262b1d048b4cd9,-83,,3,64,12.0,3
15:53:34,2.0,3,a534f3e2d17d6f80f4663c60d1185c38cf793df238aab1341ebbd70149382b2d,-90,,3,64,,3
15:53:35,26.0,3,965db984260bfe7b12643f220ce45a100775750186f27b4390262b1d048b4cd9,-70,,3,64,12.0,3
15:53:36,,3,706507f0c14db0f23287ac59d0d793259db992503003956c4daec8086fbff46d,-78,,3,64,,3
15:53:36,,3,aa20114deb8e653b0533aa04ceca0a91e68de43e53c1df4740fa689371d2f2cd,-65,,3,64,,3
15:53:37,,3,aa20114deb8e653b0533aa04ceca0a91e68de43e53c1df4740fa689371d2f2cd,-66,,3,64,,3
15:53:38,26.0,3,e07908a7d32e7f00d5291a13ff283125e40aac15ab2dde8978b20a74017bd541,-85,,3,64,12.0,3
15:53:39,26.0,3,44c447f5bd55c2cb272a56ec9c8710b4fa96ea815eefc40b0f2d9ce1d074c34f,-83,,3,64,12.0,3
15:53:40,26.0,3,4878e30008b93396487168d9b5b81de0e569ecc6de7807e2be65be12116853be,-79,Tb80,3,64,,3
15:53:40,,3,a6b944a7ff86c5aa5c1675efc126ec1f917d0a837798885e6ad5770d958cf38d,-83,,3,64,,3
15:53:41,26.0,3,ebb3b0dd64e9066b135fc86f605f8b677043e3c06e00d45cfada84e9956e6ef3,-63,,3,64,7.0,3
15:53:42,26.0,3,801c88ebba3ba65ee95521fb8853d8fb5db8e9132a2eddb498af3bac8d9a6509,-87,,3,64,8.0,3
15:53:43,26.0,3,a93f176c83107361366811d9cb69a691c817b7de0031ec3792fe399dee1a7046,-69,,3,64,7.0,3
15:53:44,26.0,3,a93f176c83107361366811d9cb69a691c817b7de0031ec3792fe399dee1a7046,-76,,3,64,7.0,3
15:53:44,,3,a6b944a7ff86c5aa5c1675efc126ec1f917d0a837798885e6ad5770d958cf38d,-81,,3,64,,3
15:53:45,26.0,3,bcc6de1aed5213ba8c6f922e2dd7cdbb5e7292836d9b57efde820754d9b12507,-83,,3,64,12.0,3
15:53:46,26.0,3,511095aced671dfd67f4c79b9155ae6b8b9ed6c1fcec6e8c9d3d685a334a6355,-81,,3,64,6.0,3
15:53:47,,3,753178fcd88d647df16727d53b6000c329b2c0ef75fa7c501210cb24f2a075f8,-81,,3,64,,3
15:53:48,26.0,3,f11509fc4004b07a1eca074b1e074471b8027bece99c8b88d9063579773e9a27,-95,,3,64,12.0,3
15:53:48,,3,f8f2642504f7e7e93782348f8acc0ce9331b275a7ac89972372cd4044fe4bf05,-81,,3,64,,3
15:53:49,,3,dbd90e64dae3ca7a08ed6bb53feb48b69ca819cbe4bbaecb4325431a4d6aa653,-82,,3,64,,3
15:53:50,,3,1f27ac808f96d9c876486e422be23aa7815df90ca9a2e1370fb5062e2bb3f02f,-41,,3,64,,3
15:53:51,,3,753178fcd88d647df16727d53b6000c329b2c0ef75fa7c501210cb24f2a075f8,-83,,3,64,,3
15:53:52,26.0,3,44c447f5bd55c2cb272a56ec9c8710b4fa96ea815eefc40b0f2d9ce1d074c34f,-85,,3,64,12.0,3
15:53:52,26.0,3,ebb3b0dd64e9066b135fc86f605f8b677043e3c06e00d45cfada84e9956e6ef3,-61,,3,64,7.0,3
15:53:53,26.0,3,a93f176c83107361366811d9cb69a691c817b7de0031ec3792fe399dee1a7046,-75,,3,64,7.0,3
15:53:54,26.0,3,45a6f0768d79130000db049c91ffff0cae09b0eca3651396d8e5dabe12f22b9e,-72,,3,64,8.0,3
15:53:55,26.0,3,c9bcefec99673b0e97735a73f819ef4ad94c0e1ff50367a03128dd383720e13b,-69,,3,64,12.0,3
15:53:56,26.0,3,45a6f0768d79130000db049c91ffff0cae09b0eca3651396d8e5dabe12f22b9e,-73,,3,64,8.0,3
15:53:56,26.0,3,511095aced671dfd67f4c79b9155ae6b8b9ed6c1fcec6e8c9d3d685a334a6355,-86,,3,64,6.0,3
15:53:57,26.0,3,965db984260bfe7b12643f220ce45a100775750186f27b4390262b1d048b4cd9,-84,,3,64,12.0,3
15:53:58,,3,297a3a7b0df4e2579c5bfeaabca7fa820516d4a8ab217bf4ad5bc8383f1fa948,-78,,3,64,,3
15:53:59,,3,62f6ba6f5fa25df4b763f6706c5b64584cbee4292a98d4868ace2045634704d6,-82,,3,64,,3
15:54:00,26.0,3,c9bcefec99673b0e97735a73f819ef4ad94c0e1ff50367a03128dd383720e13b,-74,,3,64,12.0,3
15:54:01,,3,cbc7e9362a1acf2a91e37747a7642e75eb37bd352ca5aec5e70c2d1292426320,-81,,3,64,,3
15:54:01,26.0,3,47c0c44ac524844b5f0a78e977d9a8aefbba250dc1021a20a6ec424344416954,-86,,3,64,12.0,3
15:54:02,26.0,3,47ab86af02fe837d744f11a2ece47785174c0177f594f88b0e77138f7effebcf,-87,,3,64,24.0,3
15:54:03,,3,62f6ba6f5fa25df4b763f6706c5b64584cbee4292a98d4868ace2045634704d6,-94,,3,64,,3
15:54:04,26.0,3,801c88ebba3ba65ee95521fb8853d8fb5db8e9132a2eddb498af3bac8d9a6509,-93,,3,64,8.0,3
15:54:05,26.0,3,e07908a7d32e7f00d5291a13ff283125e40aac15ab2dde8978b20a74017bd541,-81,,3,64,12.0,3
15:54:05,26.0,3,ebb3b0dd64e9066b135fc86f605f8b677043e3c06e00d45cfada84e9956e6ef3,-70,,3,64,7.0,3
15:54:06,26.0,3,4878e30008b93396487168d9b5b81de0e569ecc6de7807e2be65be12116853be,-92,Tb80,3,64,,3
15:54:07,26.0,3,45a6f0768d79130000db049c91ffff0cae09b0eca3651396d8e5dabe12f22b9e,-78,,3,64,8.0,3
15:54:08,6.0,3,dc5c59b7e75c4e108a3a080f6d9b4e647ded154e2b52d1377fe7868412aa7b87,-86,Tb83,3,64,,3
15:54:09,26.0,3,4a9fcc879ffe472fa114dde43f512c0985534e6b028cc9a1d85313037dfe332c,-93,Tb81,3,64,,3
15:54:09,6.0,3,dc5c59b7e75c4e108a3a080f6d9b4e647ded154e2b52d1377fe7868412aa7b87,-91,Tb83,3,64,,3
15:54:10,26.0,3,c9bcefec99673b0e97735a73f819ef4ad94c0e1ff50367a03128dd383720e13b,-83,,3,64,12.0,3
15:54:11,26.0,3,4878e30008b93396487168d9b5b81de0e569ecc6de7807e2be65be12116853be,-75,Tb80,3,64,,3
15:54:12,26.0,3,bcc6de1aed5213ba8c6f922e2dd7cdbb5e7292836d9b57efde820754d9b12507,-83,,3,64,12.0,3
15:54:13,26.0,3,2fa3bbb4d54e75f1b3a5d9e8682c95a568f3b58011acbbc8f10ccc2829e4e516,-82,,3,64,7.0,3
15:54:13,,3,aa20114deb8e653b0533aa04ceca0a91e68de43e53c1df4740fa689371d2f2cd,-72,,3,64,,3
15:54:14,,3,297a3a7b0df4e2579c5bfeaabca7fa820516d4a8ab217bf4ad5bc8383f1fa948,-88,,3,64,,3
15:54:15,,3,f7ae087b8dcd2c8bca768ef118cf5ce78c2135944e1d1dd29ad5386092e6ae1f,-88,,3,64,,3
15:54:16,,3,aa20114deb8e653b0533aa04ceca0a91e68de43e53c1df4740fa689371d2f2cd,-71,,3,64,,3
15:54:17,,3,78a8217be97f47e845fa834f31f3b47a1d40c088fa6541aeb3206c31a2c9885f,-70,,3,64,,3
15:54:17,,3,aa20114deb8e653b0533aa04ceca0a91e68de43e53c1df4740fa689371d2f2cd,-65,,3,64,,3
15:54:18,26.0,3,c9bcefec99673b0e97735a73f819ef4ad94c0e1ff50367a03128dd383720e13b,-75,,3,64,12.0,3
15:54:19,,3,a6b944a7ff86c5aa5c1675efc126ec1f917d0a837798885e6ad5770d958cf38d,-87,,3,64,,3
15:54:20,26.0,3,ebb3b0dd64e9066b135fc86f605f8b677043e3c06e00d45cfada84e9956e6ef3,-63,,3,64,7.0,3
15:54:21,26.0,3,ebb3b0dd64e9066b135fc86f605f8b677043e3c06e00d45cfada84e9956e6ef3,-62,,3,64,7.0,3
15:54:21,26.0,3,511095aced671dfd67f4c79b9155ae6b8b9ed6c1fcec6e8c9d3d685a334a6355,-84,,3,64,6.0,3
15:54:22,26.0,3,965db984260bfe7b12643f220ce45a100775750186f27b4390262b1d048b4cd9,-77,,3,64,12.0,3
15:54:23,26.0,3,ebb3b0dd64e9066b135fc86f605f8b677043e3c06e00d45cfada84e9956e6ef3,-65,,3,64,7.0,3
15:54:24,26.0,3,28281d9cf367a5074e107f330587267600877285ff1bdd0474e9e61fe66cc651,-82,,3,64,8.0,3
15:54:25,,3,78a8217be97f47e845fa834f31f3b47a1d40c088fa6541aeb3206c31a2c9885f,-73,,3,64,,3
15:54:26,26.0,3,624f6cf895132f893cfb730156e6c3a77192e4e68ffddfc6d81cd33e7c4e2f34,-52,,3,64,12.0,3
15:54:26,26.0,3,44c447f5bd55c2cb272a56ec9c8710b4fa96ea815eefc40b0f2d9ce1d074c34f,-87,,3,64,12.0,3
15:54:27,26.0,3,44c447f5bd55c2cb272a56ec9c8710b4fa96ea815eefc40b0f2d9ce1d074c34f,-87,,3,64,12.0,3
15:54:28,26.0,3,bcc6de1aed5213ba8c6f922e2dd7cdbb5e7292836d9b57efde820754d9b12507,-86,,3,64,12.0,3
15:54:29,26.0,3,45a6f0768d79130000db049c91ffff0cae09b0eca3651396d8e5dabe12f22b9e,-75,,3,64,8.0,3
15:54:30,26.0,3,a93f176c83107361366811d9cb69a691c817b7de0031ec3792fe399dee1a7046,-73,,3,64,7.0,3
15:54:30,26.0,3,45a6f0768d79130000db049c91ffff0cae09b0eca3651396d8e5dabe12f22b9e,-74,,3,64,8.0,3
15:54:31,26.0,3,44c447f5bd55c2cb272a56ec9c8710b4fa96ea815eefc40b0f2d9ce1d074c34f,-90,,3,64,12.0,3
15:54:32,26.0,3,45a6f0768d79130000db049c91ffff0cae09b0eca3651396d8e5dabe12f22b9e,-72,,3,64,8.0,3
15:54:33,26.0,3,ebb3b0dd64e9066b135fc86f605f8b677043e3c06e00d45cfada84e9956e6ef3,-63,,3,64,7.0,3
15:54:34,,3,37a00aa7bf2453f83cae76137730eaa78e64d646b11774375527009542b8ec77,-78,,3,64,,3
15:54:34,26.0,3,ebb3b0dd64e9066b135fc86f605f8b677043e3c06e00d45cfada84e9956e6ef3,-68,,3,64,7.0,3
15:54:35,26.0,3,bcc6de1aed5213ba8c6f922e2dd7cdbb5e7292836d9b57efde820754d9b12507,-80,,3,64,12.0,3
15:54:36,26.0,3,28281d9cf367a5074e107f330587267600877285ff1bdd0474e9e61fe66cc651,-93,,3,64,8.0,3
15:54:37,26.0,3,2fa3bbb4d54e75f1b3a5d9e8682c95a568f3b58011acbbc8f10ccc2829e4e516,-83,,3,64,7.0,3
15:54:38,,3,aa20114deb8e653b0533aa04ceca0a91e68de43e53c1df4740fa689371d2f2cd,-67,,3,64,,3
15:54:38,26.0,3,e07908a7d32e7f00d5291a13ff283125e40aac15ab2dde8978b20a74017bd541,-86,,3,64,12.0,3
15:54:39,26.0,3,44c447f5bd55c2cb272a56ec9c8710b4fa96ea815eefc40b0f2d9ce1d074c34f,-83,,3,64,12.0,3
15:54:40,26.0,3,511095aced671dfd67f4c79b9155ae6b8b9ed6c1fcec6e8c9d3d685a334a6355,-78,,3,64,6.0,3
15:54:41,26.0,3,801c88ebba3ba65ee95521fb8853d8fb5db8e9132a2eddb498af3bac8d9a6509,-84,,3,64,8.0,3
15:54:42,26.0,3,45a6f0768d79130000db049c91ffff0cae09b0eca3651396d8e5dabe12f22b9e,-73,,3,64,8.0,3
15:54:42,,3,aa20114deb8e653b0533aa04ceca0a91e68de43e53c1df4740fa689371d2f2cd,-79,,3,64,,3
15:54:43,26.0,3,c9bcefec99673b0e97735a73f819ef4ad94c0e1ff50367a03128dd383720e13b,-75,,3,64,12.0,3
15:54:44,26.0,3,801c88ebba3ba65ee95521fb8853d8fb5db8e9132a2eddb498af3bac8d9a6509,-83,,3,64,8.0,3
15:54:45,26.0,3,fc6bcd3ad380614af06fd47e2c885759d7e99557666c81d927743755be00a89c,-58,,3,64,8.0,3
15:54:46,26.0,3,ebb3b0dd64e9066b135fc86f605f8b677043e3c06e00d45cfada84e9956e6ef3,-72,,3,64,7.0,3
15:54:46,26.0,3,965db984260bfe7b12643f220ce45a100775750186f27b4390262b1d048b4cd9,-75,,3,64,12.0,3
15:54:47,26.0,3,2fa3bbb4d54e75f1b3a5d9e8682c95a568f3b58011acbbc8f10ccc2829e4e516,-79,,3,64,7.0,3
15:54:48,26.0,3,a93f176c83107361366811d9cb69a691c817b7de0031ec3792fe399dee1a7046,-68,,3,64,7.0,3
15:54:49,26.0,3,624f6cf895132f893cfb730156e6c3a77192e4e68ffddfc6d81cd33e7c4e2f34,-47,,3,64,12.0,3
15:54:50,26.0,3,a93f176c83107361366811d9cb69a691c817b7de0031ec3792fe399dee1a7046,-68,,3,64,7.0,3
15:54:50,,3,e9d82c318ebc82d23adcfbef0efa1f89ecb098bcad62ddc6c1be1eb120dcb853,-86,,3,64,,3
15:54:51,,3,aa20114deb8e653b0533aa04ceca0a91e68de43e53c1df4740fa689371d2f2cd,-65,,3,64,,3
15:54:52,26.0,3,e07908a7d32e7f00d5291a13ff283125e40aac15ab2dde8978b20a74017bd541,-78,,3,64,12.0,3
15:54:53,26.0,3,45a6f0768d79130000db049c91ffff0cae09b0eca3651396d8e5dabe12f22b9e,-84,,3,64,8.0,3
15:54:54,26.0,3,47c0c44ac524844b5f0a78e977d9a8aefbba250dc1021a20a6ec424344416954,-78,,3,64,12.0,3
15:54:54,26.0,3,47c0c44ac524844b5f0a78e977d9a8aefbba250dc1021a20a6ec424344416954,-96,,3,64,12.0,3
15:54:55,26.0,3,47c0c44ac524844b5f0a78e977d9a8aefbba250dc1021a20a6ec424344416954,-78,,3,64,12.0,3
15:54:56,,3,2092b6353b30f36b7152ed65439a89e8d060faddd0aadf83fe7fbea45e02b404,-78,,3,64,,3
15:54:57,26.0,3,2fa3bbb4d54e75f1b3a5d9e8682c95a568f3b58011acbbc8f10ccc2829e4e516,-81,,3,64,7.0,3
15:54:58,26.0,3,fc6bcd3ad380614af06fd47e2c885759d7e99557666c81d927743755be00a89c,-62,,3,64,8.0,3
15:54:59,26.0,3,ebb3b0dd64e9066b135fc86f605f8b677043e3c06e00d45cfada84e9956e6ef3,-68,,3,64,7.0,3
15:54:59,26.0,3,ebb3b0dd64e9066b135fc86f605f8b677043e3c06e00d45cfada84e9956e6ef3,-69,,3,64,7.0,3
15:55:00,26.0,3,2060eff7678d38aaaddb900bd6cd444fcb6536db87ceed28785d49e4899e2d16,-86,,3,64,7.0,3
15:55:01,26.0,3,44c447f5bd55c2cb272a56ec9c8710b4fa96ea815eefc40b0f2d9ce1d074c34f,-88,,3,64,12.0,3
15:55:02,26.0,3,c9bcefec99673b0e97735a73f819ef4ad94c0e1ff50367a03128dd383720e13b,-78,,3,64,12.0,3
15:55:03,,3,aa20114deb8e653b0533aa04ceca0a91e68de43e53c1df4740fa689371d2f2cd,-78,,3,64,,3
15:55:03,26.0,3,44c447f5bd55c2cb272a56ec9c8710b4fa96ea815eefc40b0f2d9ce1d074c34f,-87,,3,64,12.0,3
15:55:04,26.0,3,45a6f0768d79130000db049c91ffff0cae09b0eca3651396d8e5dabe12f22b9e,-79,,3,64,8.0,3
15:55:05,,3,62f6ba6f5fa25df4b763f6706c5b64584cbee4292a98d4868ace2045634704d6,-79,,3,64,,3
15:55:06,,3,706507f0c14db0f23287ac59d0d793259db992503003956c4daec8086fbff46d,-77,,3,64,,3
15:55:07,26.0,3,fc6bcd3ad380614af06fd47e2c885759d7e99557666c81d927743755be00a89c,-61,,3,64,8.0,3
15:55:07,,3,aa20114deb8e653b0533aa04ceca0a91e68de43e53c1df4740fa689371d2f2cd,-72,,3,64,,3
15:55:08,26.0,3,2fa3bbb4d54e75f1b3a5d9e8682c95a568f3b58011acbbc8f10ccc2829e4e516,-79,,3,64,7.0,3
15:55:09,26.0,3,a93f176c83107361366811d9cb69a691c817b7de0031ec3792fe399dee1a7046,-79,,3,64,7.0,3
15:55:10,26.0,3,624f6cf895132f893cfb730156e6c3a77192e4e68ffddfc6d81cd33e7c4e2f34,-41,,3,64,12.0,3
15:55:11,26.0,3,624f6cf895132f893cfb730156e6c3a77192e4e68ffddfc6d81cd33e7c4e2f34,-46,,3,64,12.0,3
15:55:11,26.0,3,2060eff7678d38aaaddb900bd6cd444fcb6536db87ceed28785d49e4899e2d16,-83,,3,64,7.0,3
15:55:12,26.0,3,e07908a7d32e7f00d5291a13ff283125e40aac15ab2dde8978b20a74017bd541,-72,,3,64,12.0,3
15:55:13,26.0,3,624f6cf895132f893cfb730156e6c3a77192e4e68ffddfc6d81cd33e7c4e2f34,-49,,3,64,12.0,3
15:55:14,26.0,3,e07908a7d32e7f00d5291a13ff283125e40aac15ab2dde8978b20a74017bd541,-73,,3,64,12.0,3
15:55:15,26.0,3,624f6cf895132f893cfb730156e6c3a77192e4e68ffddfc6d81cd33e7c4e2f34,-49,,3,64,12.0,3
15:55:15,,3,dbd90e64dae3ca7a08ed6bb53feb48b69ca819cbe4bbaecb4325431a4d6aa653,-85,,3,64,,3
15:55:16,26.0,3,965db984260bfe7b12643f220ce45a100775750186f27b4390262b1d048b4cd9,-78,,3,64,12.0,3
15:55:17,26.0,3,511095aced671dfd67f4c79b9155ae6b8b9ed6c1fcec6e8c9d3d685a334a6355,-90,,3,64,6.0,3
15:55:18,26.0,3,28281d9cf367a5074e107f330587267600877285ff1bdd0474e9e61fe66cc651,-82,,3,64,8.0,3
15:55:19,26.0,3,fc6bcd3ad380614af06fd47e2c885759d7e99557666c81d927743755be00a89c,-58,,3,64,8.0,3
15:55:20,26.0,3,28281d9cf367a5074e107f330587267600877285ff1bdd0474e9e61fe66cc651,-86,,3,64,8.0,3
15:55:20,,3,ead8910d4742ae226c4e2a396f314aadb10bd62534087dc290c2d79f375cbf61,-70,,3,64,,3
15:55:21,26.0,3,bcc6de1aed5213ba8c6f922e2dd7cdbb5e7292836d9b57efde820754d9b12507,-81,,3,64,12.0,3
15:55:22,,3,1f27ac808f96d9c876486e422be23aa7815df90ca9a2e1370fb5062e2bb3f02f,-47,,3,64,,3
15:55:23,,3,f8f2642504f7e7e93782348f8acc0ce9331b275a7ac89972372cd4044fe4bf05,-87,,3,64,,3
15:55:24,26.0,3,bcc6de1aed5213ba8c6f922e2dd7cdbb5e7292836d9b57efde820754d9b12507,-85,,3,64,12.0,3
15:55:24,26.0,3,a93f176c83107361366811d9cb69a691c817b7de0031ec3792fe399dee1a7046,-70,,3,64,7.0,3
15:55:25,26.0,3,2060eff7678d38aaaddb900bd6cd444fcb6536db87ceed28785d49e4899e2d16,-87,,3,64,7.0,3
15:55:26,26.0,3,44c447f5bd55c2cb272a56ec9c8710b4fa96ea815eefc40b0f2d9ce1d074c34f,-89,,3,64,12.0,3
15:55:27,,3,cbc7e9362a1acf2a91e37747a7642e75eb37bd352ca5aec5e70c2d1292426320,-92,,3,64,,3
15:55:28,26.0,3,e07908a7d32e7f00d5291a13ff283125e40aac15ab2dde8978b20a74017bd541,-82,,3,64,12.0,3
15:55:28,26.0,3,47ab86af02fe837d744f11a2ece47785174c0177f594f88b0e77138f7effebcf,-91,,3,64,24.0,3
15:55:29,,3,2a67cf033024f3534c1d44268598cbdfa4a4c970dbccd3feb59df825e0162b32,-86,,3,64,,3
15:55:30,,3,f5e6c06e6434e4a600437823fb4070fa1f4083992cebe91a5aa4343e06d08d01,-64,,3,64,,3
15:55:31,26.0,3,91f3ba42264ea71b9655a6dd4aca11753dcbaa1cb6142c68820f0cfa96676cba,-91,,3,64,8.0,3
15:55:31,,3,aa20114deb8e653b0533aa04ceca0a91e68de43e53c1df4740fa689371d2f2cd,-65,,3,64,,3
15:55:32,26.0,3,c9bcefec99673b0e97735a73f819ef4ad94c0e1ff50367a03128dd383720e13b,-83,,3,64,12.0,3
15:55:33,26.0,3,ebb3b0dd64e9066b135fc86f605f8b677043e3c06e00d45cfada84e9956e6ef3,-70,,3,64,7.0,3
15:55:34,26.0,3,45a6f0768d79130000db049c91ffff0cae09b0eca3651396d8e5dabe12f22b9e,-75,,3,64,8.0,3
15:55:35,,3,753178fcd88d647df16727d53b6000c329b2c0ef75fa7c501210cb24f2a075f8,-76,,3,64,,3
15:55:36,26.0,3,a93f176c83107361366811d9cb69a691c817b7de0031ec3792fe399dee1a7046,-76,,3,64,7.0,3
15:55:36,26.0,3,624f6cf895132f893cfb730156e6c3a77192e4e68ffddfc6d81cd33e7c4e2f34,-38,,3,64,12.0,3
15:55:37,,3,23b638cf990096c294b8f7228e298fc1cb37ac846ee737493deacb0f28edb4c3,-90,,3,64,,3
15:55:38,,3,f5e6c06e6434e4a600437823fb4070fa1f4083992cebe91a5aa4343e06d08d01,-68,,3,64,,3
15:55:39,26.0,3,cbc62d696468525d904ede9c2c77eb33b1cb552cb4cc59fd2d13f85ab2c334df,-83,,3,64,8.0,3
15:55:40,26.0,3,28281d9cf367a5074e107f330587267600877285ff1bdd0474e9e61fe66cc651,-79,,3,64,8.0,3
15:55:40,26.0,3,624f6cf895132f893cfb730156e6c3a77192e4e68ffddfc6d81cd33e7c4e2f34,-49,,3,64,12.0,3
15:55:41,26.0,3,bcc6de1aed5213ba8c6f922e2dd7cdbb5e7292836d9b57efde820754d9b12507,-81,,3,64,12.0,3
15:55:42,26.0,3,3846a3ab9e4a0b7c0a3bfe4619eec7e74d154e9ee753b4043fbe56ae01a2a26c,-81,,3,64,7.0,3
15:55:43,26.0,3,bcc6de1aed5213ba8c6f922e2dd7cdbb5e7292836d9b57efde820754d9b12507,-84,,3,64,12.0,3
15:55:44,26.0,3,ebb3b0dd64e9066b135fc86f605f8b677043e3c06e00d45cfada84e9956e6ef3,-63,,3,64,7.0,3
15:55:44,,3,aa20114deb8e653b0533aa04ceca0a91e68de43e53c1df4740fa689371d2f2cd,-71,,3,64,,3
15:55:45,26.0,3,a93f176c83107361366811d9cb69a691c817b7de0031ec3792fe399dee1a7046,-76,,3,64,7.0,3
15:55:46,26.0,3,e07908a7d32e7f00d5291a13ff283125e40aac15ab2dde8978b20a74017bd541,-92,,3,64,12.0,3
15:55:47,26.0,3,45a6f0768d79130000db049c91ffff0cae09b0eca3651396d8e5dabe12f22b9e,-81,,3,64,8.0,3
15:55:48,26.0,3,e07908a7d32e7f00d5291a13ff283125e40aac15ab2dde8978b20a74017bd541,-81,,3,64,12.0,3
15:55:49,,3,aa20114deb8e653b0533aa04ceca0a91e68de43e53c1df4740fa689371d2f2cd,-67,,3,64,,3
15:55:49,26.0,3,47c0c44ac524844b5f0a78e977d9a8aefbba250dc1021a20a6ec424344416954,-82,,3,64,12.0,3
15:55:50,26.0,3,cbc62d696468525d904ede9c2c77eb33b1cb552cb4cc59fd2d13f85ab2c334df,-95,,3,64,8.0,3
15:55:51,26.0,3,511095aced671dfd67f4c79b9155ae6b8b9ed6c1fcec6e8c9d3d685a334a6355,-80,,3,64,6.0,3
15:55:52,,3,193b3a505afbbc29c96a8389e921eb93677dda7a94e802e0f6db592cb9fe762b,-100,,3,64,,3
15:55:53,26.0,3,91f3ba42264ea71b9655a6dd4aca11753dcbaa1cb6142c68820f0cfa96676cba,-90,,3,64,8.0,3
15:55:53,26.0,3,44c447f5bd55c2cb272a56ec9c8710b4fa96ea815eefc40b0f2d9ce1d074c34f,-87,,3,64,12.0,3
15:55:54,26.0,3,c9bcefec99673b0e97735a73f819ef4ad94c0e1ff50367a03128dd383720e13b,-79,,3,64,12.0,3
15:55:55,26.0,3,965db984260bfe7b12643f220ce45a100775750186f27b4390262b1d048b4cd9,-89,,3,64,12.0,3
15:55:56,26.0,3,ebb3b0dd64e9066b135fc86f605f8b677043e3c06e00d45cfada84e9956e6ef3,-62,,3,64,7.0,3
15:55:57,26.0,3,624f6cf895132f893cfb730156e6c3a77192e4e68ffddfc6d81cd33e7c4e2f34,-48,,3,64,12.0,3
15:55:57,,3,fc1e2ac82ee64761176e0e86a050c42b3e432df75fa3c1ca8c659c239bfa942c,-84,,3,64,,3
15:55:58,26.0,3,624f6cf895132f893cfb730156e6c3a77192e4e68ffddfc6d81cd33e7c4e2f34,-39,,3,64,12.0,3
15:55:59,26.0,3,cbc62d696468525d904ede9c2c77eb33b1cb552cb4cc59fd2d13f85ab2c334df,-85,,3,64,8.0,3
15:56:00,26.0,3,47ab86af02fe837d744f11a2ece47785174c0177f594f88b0e77138f7effebcf,-95,,3,64,24.0,3
15:56:01,26.0,3,cbc62d696468525d904ede9c2c77eb33b1cb552cb4cc59fd2d13f85ab2c334df,-88,,3,64,8.0,3
15:56:01,26.0,3,624f6cf895132f893cfb730156e6c3a77192e4e68ffddfc6d81cd33e7c4e2f34,-38,,3,64,12.0,3
15:56:02,,3,c44fd7ea6e95109e9b64315be601d79a7b1fedac565102ae27777e9a5d112b54,-92,,3,64,,3
15:56:03,26.0,3,511095aced671dfd67f4c79b9155ae6b8b9ed6c1fcec6e8c9d3d685a334a6355,-88,,3,64,6.0,3
15:56:04,26.0,3,fc6bcd3ad380614af06fd47e2c885759d7e99557666c81d927743755be00a89c,-59,,3,64,8.0,3
15:56:05,26.0,3,3846a3ab9e4a0b7c0a3bfe4619eec7e74d154e9ee753b4043fbe56ae01a2a26c,-81,,3,64,7.0,3
15:56:05,26.0,3,fc6bcd3ad380614af06fd47e2c885759d7e99557666c81d927743755be00a89c,-63,,3,64,8.0,3
15:56:06,,3,aa20114deb8e653b0533aa04ceca0a91e68de43e53c1df4740fa689371d2f2cd,-72,,3,64,,3
15:56:07,26.0,3,fc6bcd3ad380614af06fd47e2c885759d7e99557666c81d927743755be00a89c,-66,,3,64,8.0,3
15:56:08,26.0,3,3846a3ab9e4a0b7c0a3bfe4619eec7e74d154e9ee753b4043fbe56ae01a2a26c,-85,,3,64,7.0,3
15:56:08,26.0,3,47c0c44ac524844b5f0a78e977d9a8aefbba250dc1021a20a6ec424344416954,-82,,3,64,12.0,3
15:56:09,26.0,3,bcc6de1aed5213ba8c6f922e2dd7cdbb5e7292836d9b57efde820754d9b12507,-89,,3,64,12.0,3
15:56:10,,3,5c61aef8b7b8d37d931c6cc591420fa3265e9737662ceebeb543d9b3b860b9c9,-93,,3,64,,3
15:56:11,,3,aa20114deb8e653b0533aa04ceca0a91e68de43e53c1df4740fa689371d2f2cd,-67,,3,64,,3
15:56:12,26.0,3,a93f176c83107361366811d9cb69a691c817b7de0031ec3792fe399dee1a7046,-73,,3,64,7.0,3
15:56:13,26.0,3,e07908a7d32e7f00d5291a13ff283125e40aac15ab2dde8978b20a74017bd541,-77,,3,64,12.0,3
15:56:13,26.0,3,2060eff7678d38aaaddb900bd6cd444fcb6536db87ceed28785d49e4899e2d16,-91,,3,64,7.0,3
15:56:14,26.0,3,2060eff7678d38aaaddb900bd6cd444fcb6536db87ceed28785d49e4899e2d16,-81,,3,64,7.0,3
15:56:15,26.0,3,44c447f5bd55c2cb272a56ec9c8710b4fa96ea815eefc40b0f2d9ce1d074c34f,-92,,3,64,12.0,3
15:56:16,26.0,3,fc6bcd3ad380614af06fd47e2c885759d7e99557666c81d927743755be00a89c,-65,,3,64,8.0,3
15:56:17,26.0,3,3846a3ab9e4a0b7c0a3bfe4619eec7e74d154e9ee753b4043fbe56ae01a2a26c,-80,,3,64,7.0,3
15:56:18,26.0,3,624f6cf895132f893cfb730156e6c3a77192e4e68ffddfc6d81cd33e7c4e2f34,-48,,3,64,12.0,3
15:56:18,26.0,3,45a6f0768d79130000db049c91ffff0cae09b0eca3651396d8e5dabe12f22b9e,-82,,3,64,8.0,3
15:56:19,26.0,3,ebb3b0dd64e9066b135fc86f605f8b677043e3c06e00d45cfada84e9956e6ef3,-69,,3,64,7.0,3
15:56:20,,3,2cf652779445be3f47cc4e4928f08e2033f813f2b692382f14ccf13811083ffd,-68,,3,64,,3
15:56:21,,3,aa20114deb8e653b0533aa04ceca0a91e68de43e53c1df4740fa689371d2f2cd,-89,,3,64,,3
15:56:22,26.0,3,624f6cf895132f893cfb730156e6c3a77192e4e68ffddfc6d81cd33e7c4e2f34,-50,,3,64,12.0,3
15:56:22,,3,e9d82c318ebc82d23adcfbef0efa1f89ecb098bcad62ddc6c1be1eb120dcb853,-83,,3,64,,3
15:56:23,26.0,3,2060eff7678d38aaaddb900bd6cd444fcb6536db87ceed28785d49e4899e2d16,-79,,3,64,7.0,3
15:56:24,26.0,3,47c0c44ac524844b5f0a78e977d9a8aefbba250dc1021a20a6ec424344416954,-81,,3,64,12.0,3
15:56:25,,3,297a3a7b0df4e2579c5bfeaabca7fa820516d4a8ab217bf4ad5bc8383f1fa948,-85,,3,64,,3
15:56:26,,3,f7ae087b8dcd2c8bca768ef118cf5ce78c2135944e1d1dd29ad5386092e6ae1f,-95,,3,64,,3
15:56:26,26.0,3,fc6bcd3ad380614af06fd47e2c885759d7e99557666c81d927743755be00a89c,-63,,3,64,8.0,3
15:56:27,,3,aa20114deb8e653b0533aa04ceca0a91e68de43e53c1df4740fa689371d2f2cd,-71,,3,64,,3
15:56:28,,3,1f27ac808f96d9c876486e422be23aa7815df90ca9a2e1370fb5062e2bb3f02f,-53,,3,64,,3
15:56:29,26.0,3,c1ffa745b31c865f2ef564ceebe4162c47386258a513414d3db4de60aec35a39,-75,,3,64,12.0,3
15:56:30,26.0,3,c1ffa745b31c865f2ef564ceebe4162c47386258a513414d3db4de60aec35a39,-73,,3,64,12.0,3
15:56:30,,3,e9d82c318ebc82d23adcfbef0efa1f89ecb098bcad62ddc6c1be1eb120dcb853,-83,,3,64,,3
15:56:31,26.0,3,bcc6de1aed5213ba8c6f922e2dd7cdbb5e7292836d9b57efde820754d9b12507,-85,,3,64,12.0,3
15:56:32,,3,eeb14304258dd151aaf12d230ad163abb33a6379c1c0d776c6d794f11a0ef359,-73,,3,64,,3
15:56:33,,3,753178fcd88d647df16727d53b6000c329b2c0ef75fa7c501210cb24f2a075f8,-76,,3,64,,3
15:56:34,26.0,3,a93f176c83107361366811d9cb69a691c817b7de0031ec3792fe399dee1a7046,-71,,3,64,7.0,3
15:56:34,26.0,3,28281d9cf367a5074e107f330587267600877285ff1bdd0474e9e61fe66cc651,-81,,3,64,8.0,3
15:56:35,26.0,3,a93f176c83107361366811d9cb69a691c817b7de0031ec3792fe399dee1a7046,-74,,3,64,7.0,3
15:56:36,26.0,3,fc6bcd3ad380614af06fd47e2c885759d7e99557666c81d927743755be00a89c,-64,,3,64,8.0,3
15:56:37,,3,753178fcd88d647df16727d53b6000c329b2c0ef75fa7c501210cb24f2a075f8,-75,,3,64,,3
15:56:38,26.0,3,44c447f5bd55c2cb272a56ec9c8710b4fa96ea815eefc40b0f2d9ce1d074c34f,-92,,3,64,12.0,3
15:56:38,26.0,3,44c447f5bd55c2cb272a56ec9c8710b4fa96ea815eefc40b0f2d9ce1d074c34f,-86,,3,64,12.0,3
15:56:39,26.0,3,624f6cf895132f893cfb730156e6c3a77192e4e68ffddfc6d81cd33e7c4e2f34,-55,,3,64,12.0,3
15:56:40,26.0,3,624f6cf895132f893cfb730156e6c3a77192e4e68ffddfc6d81cd33e7c4e2f34,-56,,3,64,12.0,3
15:56:41,26.0,3,ebb3b0dd64e9066b135fc86f605f8b677043e3c06e00d45cfada84e9956e6ef3,-64,,3,64,7.0,3
15:56:42,26.0,3,624f6cf895132f893cfb730156e6c3a77192e4e68ffddfc6d81cd33e7c4e2f34,-53,,3,64,12.0,3
15:56:42,,3,aa20114deb8e653b0533aa04ceca0a91e68de43e53c1df4740fa689371d2f2cd,-67,,3,64,,3
15:56:43,2.0,3,22390bde3bd09ca4ac369d25912d686a6f7b3a67289ca226dfb8a85d3ab5cf35,-88,,3,64,,3
15:56:44,26.0,3,624f6cf895132f893cfb730156e6c3a77192e4e68ffddfc6d81cd33e7c4e2f34,-52,,3,64,12.0,3
15:56:45,,3,4512d5e08e2d22c3d4df085329bbb520b8e88c9651edbb1da76bf6bd8a3fa0ee,-90,,3,64,,3
15:56:46,26.0,3,511095aced671dfd67f4c79b9155ae6b8b9ed6c1fcec6e8c9d3d685a334a6355,-89,,3,64,6.0,3
15:56:47,26.0,3,e07908a7d32e7f00d5291a13ff283125e40aac15ab2dde8978b20a74017bd541,-78,,3,64,12.0,3
15:56:47,,3,33558104be9445a8476e21a28b94d57be1855098122160b9de0419a567edb7bc,-74,,3,64,,3
15:56:48,,3,aa20114deb8e653b0533aa04ceca0a91e68de43e53c1df4740fa689371d2f2cd,-61,,3,64,,3
15:56:49,26.0,3,91f3ba42264ea71b9655a6dd4aca11753dcbaa1cb6142c68820f0cfa96676cba,-88,,3,64,8.0,3
15:56:50,26.0,3,c1ffa745b31c865f2ef564ceebe4162c47386258a513414d3db4de60aec35a39,-74,,3,64,12.0,3
15:56:51,,3,aa20114deb8e653b0533aa04ceca0a91e68de43e53c1df4740fa689371d2f2cd,-62,,3,64,,3
15:56:51,,3,fc1e2ac82ee64761176e0e86a050c42b3e432df75fa3c1ca8c659c239bfa942c,-91,,3,64,,3
15:56:52,26.0,3,c1ffa745b31c865f2ef564ceebe4162c47386258a513414d3db4de60aec35a39,-76,,3,64,12.0,3
15:56:53,,3,a6b944a7ff86c5aa5c1675efc126ec1f917d0a837798885e6ad5770d958cf38d,-83,,3,64,,3
15:56:54,26.0,3,2060eff7678d38aaaddb900bd6cd444fcb6536db87ceed28785d49e4899e2d16,-77,,3,64,7.0,3
15:56:55,26.0,3,e07908a7d32e7f00d5291a13ff283125e40aac15ab2dde8978b20a74017bd541,-77,,3,64,12.0,3
15:56:55,26.0,3,2060eff7678d38aaaddb900bd6cd444fcb6536db87ceed28785d49e4899e2d16,-79,,3,64,7.0,3
15:56:56,26.0,3,511095aced671dfd67f4c79b9155ae6b8b9ed6c1fcec6e8c9d3d685a334a6355,-85,,3,64,6.0,3
15:56:57,26.0,3,a93f176c83107361366811d9cb69a691c817b7de0031ec3792fe399dee1a7046,-73,,3,64,7.0,3
15:56:58,,3,dbd90e64dae3ca7a08ed6bb53feb48b69ca819cbe4bbaecb4325431a4d6aa653,-87,,3,64,,3
15:56:59,26.0,3,e7156c5af2856a070d0f3a2446832acaf867361e10f1a198f2a5a8af96f54db0,-91,,3,64,8.0,3
15:56:59,26.0,3,965db984260bfe7b12643f220ce45a100775750186f27b4390262b1d048b4cd9,-81,,3,64,12.0,3
15:57:00,,3,aa20114deb8e653b0533aa04ceca0a91e68de43e53c1df4740fa689371d2f2cd,-68,,3,64,,3
15:57:01,26.0,3,965db984260bfe7b12643f220ce45a100775750186f27b4390262b1d048b4cd9,-77,,3,64,12.0,3
15:57:02,,3,cf8f9439bd0e618e9a35c3b6fee7aee2d6510b953284b422e20ad4e179a14f5a,-87,,3,64,,3
15:57:03,,3,aa20114deb8e653b0533aa04ceca0a91e68de43e53c1df4740fa689371d2f2cd,-68,,3,64,,3
15:57:03,26.0,3,624f6cf895132f893cfb730156e6c3a77192e4e68ffddfc6d81cd33e7c4e2f34,-60,,3,64,12.0,3
15:57:04,26.0,3,e07908a7d32e7f00d5291a13ff283125e40aac15ab2dde8978b20a74017bd541,-73,,3,64,12.0,3
15:57:05,,3,69171c705712f04162412104cb7ec20453ba2436470942267977b8d3e5b66399,-69,,3,64,,3
15:57:06,26.0,3,ebb3b0dd64e9066b135fc86f605f8b677043e3c06e00d45cfada84e9956e6ef3,-69,,3,64,7.0,3
15:57:07,26.0,3,44c447f5bd55c2cb272a56ec9c8710b4fa96ea815eefc40b0f2d9ce1d074c34f,-91,,3,64,12.0,3
15:57:07,26.0,3,624f6cf895132f893cfb730156e6c3a77192e4e68ffddfc6d81cd33e7c4e2f34,-61,,3,64,12.0,3
15:57:08,,3,2092b6353b30f36b7152ed65439a89e8d060faddd0aadf83fe7fbea45e02b404,-83,,3,64,,3
15:57:09,26.0,3,91f3ba42264ea71b9655a6dd4aca11753dcbaa1cb6142c68820f0cfa96676cba,-90,,3,64,8.0,3
15:57:10,,3,aa20114deb8e653b0533aa04ceca0a91e68de43e53c1df4740fa689371d2f2cd,-67,,3,64,,3
15:57:11,26.0,3,47c0c44ac524844b5f0a78e977d9a8aefbba250dc1021a20a6ec424344416954,-81,,3,64,12.0,3
15:57:11,26.0,3,bcc6de1aed5213ba8c6f922e2dd7cdbb5e7292836d9b57efde820754d9b12507,-92,,3,64,12.0,3
15:57:12,26.0,3,45a6f0768d79130000db049c91ffff0cae09b0eca3651396d8e5dabe12f22b9e,-80,,3,64,8.0,3
15:57:13,26.0,3,64e66eab8c63047080081723ea0f9bb749ceb682df4923b43c8a30a4f7c3a429,-91,,3,64,8.0,3
15:57:14,26.0,3,bcc6de1aed5213ba8c6f922e2dd7cdbb5e7292836d9b57efde820754d9b12507,-84,,3,64,12.0,3
15:57:15,,3,aa20114deb8e653b0533aa04ceca0a91e68de43e53c1df4740fa689371d2f2cd,-77,,3,64,,3
15:57:16,26.0,3,ebb3b0dd64e9066b135fc86f605f8b677043e3c06e00d45cfada84e9956e6ef3,-81,,3,64,7.0,3
15:57:16,,3,2092b6353b30f36b7152ed65439a89e8d060faddd0aadf83fe7fbea45e02b404,-81,,3,64,,3
15:57:17,26.0,3,c1ffa745b31c865f2ef564ceebe4162c47386258a513414d3db4de60aec35a39,-76,,3,64,12.0,3
15:57:18,,3,fc1e2ac82ee64761176e0e86a050c42b3e432df75fa3c1ca8c659c239bfa942c,-87,,3,64,,3
15:57:19,,3,aa20114deb8e653b0533aa04ceca0a91e68de43e53c1df4740fa689371d2f2cd,-69,,3,64,,3
15:57:20,26.0,3,511095aced671dfd67f4c79b9155ae6b8b9ed6c1fcec6e8c9d3d685a334a6355,-88,,3,64,6.0,3
15:57:20,26.0,3,45a6f0768d79130000db049c91ffff0cae09b0eca3651396d8e5dabe12f22b9e,-75,,3,64,8.0,3
15:57:21,,3,62f6ba6f5fa25df4b763f6706c5b64584cbee4292a98d4868ace2045634704d6,-82,,3,64,,3
15:57:22,,3,aa20114deb8e653b0533aa04ceca0a91e68de43e53c1df4740fa689371d2f2cd,-69,,3,64,,3
15:57:23,26.0,3,44c447f5bd55c2cb272a56ec9c8710b4fa96ea815eefc40b0f2d9ce1d074c34f,-86,,3,64,12.0,3
15:57:24,2.0,3,22390bde3bd09ca4ac369d25912d686a6f7b3a67289ca226dfb8a85d3ab5cf35,-92,,3,64,,3
15:57:24,26.0,3,e07908a7d32e7f00d5291a13ff283125e40aac15ab2dde8978b20a74017bd541,-79,,3,64,12.0,3
15:57:25,26.0,3,2060eff7678d38aaaddb900bd6cd444fcb6536db87ceed28785d49e4899e2d16,-89,,3,64,7.0,3
15:57:26,26.0,3,ebb3b0dd64e9066b135fc86f605f8b677043e3c06e00d45cfada84e9956e6ef3,-70,,3,64,7.0,3
15:57:27,,3,aa20114deb8e653b0533aa04ceca0a91e68de43e53c1df4740fa689371d2f2cd,-64,,3,64,,3
15:57:28,26.0,3,ebb3b0dd64e9066b135fc86f605f8b677043e3c06e00d45cfada84e9956e6ef3,-75,,3,64,7.0,3
15:57:28,26.0,3,aa361fbd5daed4087ac628fd7d586b66d064b9d292a232ef7fd3e7eba9884eeb,-55,,3,64,,3
15:57:29,26.0,3,aa361fbd5daed4087ac628fd7d586b66d064b9d292a232ef7fd3e7eba9884eeb,-51,,3,64,,3
15:57:30,26.0,3,aa361fbd5daed4087ac628fd7d586b66d064b9d292a232ef7fd3e7eba9884eeb,-51,,3,64,,3
15:57:31,26.0,3,aa361fbd5daed4087ac628fd7d586b66d064b9d292a232ef7fd3e7eba9884eeb,-56,,3,64,,3
15:57:32,26.0,3,aa361fbd5daed4087ac628fd7d586b66d064b9d292a232ef7fd3e7eba9884eeb,-52,,3,64,,3
15:57:32,26.0,3,e07908a7d32e7f00d5291a13ff283125e40aac15ab2dde8978b20a74017bd541,-77,,3,64,12.0,3
15:57:33,26.0,3,47c0c44ac524844b5f0a78e977d9a8aefbba250dc1021a20a6ec424344416954,-91,,3,64,12.0,3
15:57:34,26.0,3,aa361fbd5daed4087ac628fd7d586b66d064b9d292a232ef7fd3e7eba9884eeb,-38,,3,64,,3
15:57:35,26.0,3,aa361fbd5daed4087ac628fd7d586b66d064b9d292a232ef7fd3e7eba9884eeb,-41,,3,64,,3
15:57:36,26.0,3,aa361fbd5daed4087ac628fd7d586b66d064b9d292a232ef7fd3e7eba9884eeb,-41,,3,64,,3
15:57:36,26.0,3,aa361fbd5daed4087ac628fd7d586b66d064b9d292a232ef7fd3e7eba9884eeb,-46,,3,64,,3
15:57:37,,3,69171c705712f04162412104cb7ec20453ba2436470942267977b8d3e5b66399,-92,,3,64,,3
15:57:38,26.0,3,624f6cf895132f893cfb730156e6c3a77192e4e68ffddfc6d81cd33e7c4e2f34,-40,,3,64,12.0,3
15:57:39,26.0,3,aa361fbd5daed4087ac628fd7d586b66d064b9d292a232ef7fd3e7eba9884eeb,-55,,3,64,,3
15:57:40,26.0,3,aa361fbd5daed4087ac628fd7d586b66d064b9d292a232ef7fd3e7eba9884eeb,-62,,3,64,,3
15:57:40,26.0,3,e07908a7d32e7f00d5291a13ff283125e40aac15ab2dde8978b20a74017bd541,-75,,3,64,12.0,3
15:57:41,,3,aa20114deb8e653b0533aa04ceca0a91e68de43e53c1df4740fa689371d2f2cd,-71,,3,64,,3
15:57:42,26.0,3,aa361fbd5daed4087ac628fd7d586b66d064b9d292a232ef7fd3e7eba9884eeb,-60,,3,64,,3
15:57:43,26.0,3,aa361fbd5daed4087ac628fd7d586b66d064b9d292a232ef7fd3e7eba9884eeb,-54,,3,64,,3
15:57:44,26.0,3,2060eff7678d38aaaddb900bd6cd444fcb6536db87ceed28785d49e4899e2d16,-85,,3,64,7.0,3
15:57:45,26.0,3,aa361fbd5daed4087ac628fd7d586b66d064b9d292a232ef7fd3e7eba9884eeb,-59,,3,64,,3
15:57:45,26.0,3,aa361fbd5daed4087ac628fd7d586b66d064b9d292a232ef7fd3e7eba9884eeb,-53,,3,64,,3
15:57:46,26.0,3,2060eff7678d38aaaddb900bd6cd444fcb6536db87ceed28785d49e4899e2d16,-85,,3,64,7.0,3
15:57:47,26.0,3,cbc62d696468525d904ede9c2c77eb33b1cb552cb4cc59fd2d13f85ab2c334df,-82,,3,64,8.0,3
15:57:48,26.0,3,47ab86af02fe837d744f11a2ece47785174c0177f594f88b0e77138f7effebcf,-94,,3,64,24.0,3
15:57:49,2.0,3,22390bde3bd09ca4ac369d25912d686a6f7b3a67289ca226dfb8a85d3ab5cf35,-94,,3,64,,3
15:57:49,26.0,3,dbfc7f3c541f46e616728450e1e2515fb6579daf19854efb61801b0dd87ad3f4,-84,,3,64,12.0,3
15:57:50,26.0,3,e07908a7d32e7f00d5291a13ff283125e40aac15ab2dde8978b20a74017bd541,-80,,3,64,12.0,3
15:57:51,26.0,3,965db984260bfe7b12643f220ce45a100775750186f27b4390262b1d048b4cd9,-83,,3,64,12.0,3
15:57:52,,3,aa20114deb8e653b0533aa04ceca0a91e68de43e53c1df4740fa689371d2f2cd,-76,,3,64,,3
15:57:53,26.0,3,dbfc7f3c541f46e616728450e1e2515fb6579daf19854efb61801b0dd87ad3f4,-77,,3,64,12.0,3
15:57:53,26.0,3,bcc6de1aed5213ba8c6f922e2dd7cdbb5e7292836d9b57efde820754d9b12507,-92,,3,64,12.0,3
15:57:54,,3,eeb14304258dd151aaf12d230ad163abb33a6379c1c0d776c6d794f11a0ef359,-65,,3,64,,3
15:57:55,26.0,3,aa361fbd5daed4087ac628fd7d586b66d064b9d292a232ef7fd3e7eba9884eeb,-49,,3,64,,3
15:57:56,26.0,3,bcc6de1aed5213ba8c6f922e2dd7cdbb5e7292836d9b57efde820754d9b12507,-85,,3,64,12.0,3
15:57:57,26.0,3,a93f176c83107361366811d9cb69a691c817b7de0031ec3792fe399dee1a7046,-72,,3,64,7.0,3
15:57:57,26.0,3,2060eff7678d38aaaddb900bd6cd444fcb6536db87ceed28785d49e4899e2d16,-86,,3,64,7.0,3
15:57:58,,3,78a8217be97f47e845fa834f31f3b47a1d40c088fa6541aeb3206c31a2c9885f,-82,,3,64,,3
15:57:59,,3,aa20114deb8e653b0533aa04ceca0a91e68de43e53c1df4740fa689371d2f2cd,-72,,3,64,,3
15:58:00,26.0,3,624f6cf895132f893cfb730156e6c3a77192e4e68ffddfc6d81cd33e7c4e2f34,-49,,3,64,12.0,3
15:58:01,26.0,3,2060eff7678d38aaaddb900bd6cd444fcb6536db87ceed28785d49e4899e2d16,-89,,3,64,7.0,3
15:58:01,26.0,3,aa361fbd5daed4087ac628fd7d586b66d064b9d292a232ef7fd3e7eba9884eeb,-53,,3,64,,3
15:58:02,26.0,3,47c0c44ac524844b5f0a78e977d9a8aefbba250dc1021a20a6ec424344416954,-81,,3,64,12.0,3
15:58:03,26.0,3,aa361fbd5daed4087ac628fd7d586b66d064b9d292a232ef7fd3e7eba9884eeb,-53,,3,64,,3
15:58:04,,3,aa20114deb8e653b0533aa04ceca0a91e68de43e53c1df4740fa689371d2f2cd,-67,,3,64,,3
15:58:05,26.0,3,f52dfab0c140690894815310b2ee44284304a35deafa76bf384cb156ed58aee5,-88,,3,64,8.0,3
15:58:05,26.0,3,e07908a7d32e7f00d5291a13ff283125e40aac15ab2dde8978b20a74017bd541,-79,,3,64,12.0,3
15:58:06,,3,aa20114deb8e653b0533aa04ceca0a91e68de43e53c1df4740fa689371d2f2cd,-66,,3,64,,3
15:58:07,26.0,3,a93f176c83107361366811d9cb69a691c817b7de0031ec3792fe399dee1a7046,-73,,3,64,7.0,3
15:58:08,26.0,3,45a6f0768d79130000db049c91ffff0cae09b0eca3651396d8e5dabe12f22b9e,-72,,3,64,8.0,3
15:58:09,,3,78a8217be97f47e845fa834f31f3b47a1d40c088fa6541aeb3206c31a2c9885f,-65,,3,64,,3
15:58:10,26.0,3,2060eff7678d38aaaddb900bd6cd444fcb6536db87ceed28785d49e4899e2d16,-79,,3,64,7.0,3
15:58:10,,3,aa20114deb8e653b0533aa04ceca0a91e68de43e53c1df4740fa689371d2f2cd,-87,,3,64,,3
15:58:11,,3,aa20114deb8e653b0533aa04ceca0a91e68de43e53c1df4740fa689371d2f2cd,-87,,3,64,,3
15:58:12,26.0,3,dbfc7f3c541f46e616728450e1e2515fb6579daf19854efb61801b0dd87ad3f4,-73,,3,64,12.0,3
15:58:13,26.0,3,aa361fbd5daed4087ac628fd7d586b66d064b9d292a232ef7fd3e7eba9884eeb,-56,,3,64,,3
15:58:14,26.0,3,45a6f0768d79130000db049c91ffff0cae09b0eca3651396d8e5dabe12f22b9e,-86,,3,64,8.0,3
15:58:14,26.0,3,f52dfab0c140690894815310b2ee44284304a35deafa76bf384cb156ed58aee5,-86,,3,64,8.0,3
15:58:15,,3,706507f0c14db0f23287ac59d0d793259db992503003956c4daec8086fbff46d,-75,,3,64,,3
15:58:16,,3,cf8f9439bd0e618e9a35c3b6fee7aee2d6510b953284b422e20ad4e179a14f5a,-82,,3,64,,3
15:58:17,26.0,3,aa361fbd5daed4087ac628fd7d586b66d064b9d292a232ef7fd3e7eba9884eeb,-48,,3,64,,3
15:58:18,26.0,3,aa361fbd5daed4087ac628fd7d586b66d064b9d292a232ef7fd3e7eba9884eeb,-50,,3,64,,3
15:58:18,26.0,3,624f6cf895132f893cfb730156e6c3a77192e4e68ffddfc6d81cd33e7c4e2f34,-59,,3,64,12.0,3
15:58:19,26.0,3,e07908a7d32e7f00d5291a13ff283125e40aac15ab2dde8978b20a74017bd541,-80,,3,64,12.0,3
15:58:20,,3,cf8f9439bd0e618e9a35c3b6fee7aee2d6510b953284b422e20ad4e179a14f5a,-83,,3,64,,3
15:58:21,26.0,3,624f6cf895132f893cfb730156e6c3a77192e4e68ffddfc6d81cd33e7c4e2f34,-40,,3,64,12.0,3
15:58:22,26.0,3,624f6cf895132f893cfb730156e6c3a77192e4e68ffddfc6d81cd33e7c4e2f34,-36,,3,64,12.0,3
15:58:22,26.0,3,fc6bcd3ad380614af06fd47e2c885759d7e99557666c81d927743755be00a89c,-61,,3,64,8.0,3
15:58:23,,3,aa20114deb8e653b0533aa04ceca0a91e68de43e53c1df4740fa689371d2f2cd,-68,,3,64,,3
15:58:24,26.0,3,624f6cf895132f893cfb730156e6c3a77192e4e68ffddfc6d81cd33e7c4e2f34,-42,,3,64,12.0,3
15:58:25,26.0,3,47c0c44ac524844b5f0a78e977d9a8aefbba250dc1021a20a6ec424344416954,-83,,3,64,12.0,3
15:58:26,,3,aa20114deb8e653b0533aa04ceca0a91e68de43e53c1df4740fa689371d2f2cd,-84,,3,64,,3
15:58:26,26.0,3,ac858d3ec61a6435638e14fc27e53a72496c144518924db5fa8403e7d1d96584,-92,,3,64,7.0,3
15:58:27,26.0,3,aa361fbd5daed4087ac628fd7d586b66d064b9d292a232ef7fd3e7eba9884eeb,-42,,3,64,,3
15:58:28,26.0,3,965db984260bfe7b12643f220ce45a100775750186f27b4390262b1d048b4cd9,-84,,3,64,12.0,3
15:58:29,26.0,3,aa361fbd5daed4087ac628fd7d586b66d064b9d292a232ef7fd3e7eba9884eeb,-46,,3,64,,3
15:58:30,26.0,3,624f6cf895132f893cfb730156e6c3a77192e4e68ffddfc6d81cd33e7c4e2f34,-43,,3,64,12.0,3
15:58:30,,3,eabc231428b70943c692d6b9fe056e74e144ad2c6cfc9e3ba44ca0cf784087da,-85,,3,64,,3
15:58:31,26.0,3,aa361fbd5daed4087ac628fd7d586b66d064b9d292a232ef7fd3e7eba9884eeb,-47,,3,64,,3
15:58:32,26.0,3,44c447f5bd55c2cb272a56ec9c8710b4fa96ea815eefc40b0f2d9ce1d074c34f,-87,,3,64,12.0,3
15:58:33,,3,aa20114deb8e653b0533aa04ceca0a91e68de43e53c1df4740fa689371d2f2cd,-71,,3,64,,3
15:58:34,26.0,3,e07908a7d32e7f00d5291a13ff283125e40aac15ab2dde8978b20a74017bd541,-81,,3,64,12.0,3
15:58:34,26.0,3,fc6bcd3ad380614af06fd47e2c885759d7e99557666c81d927743755be00a89c,-57,,3,64,8.0,3
15:58:35,,3,5c61aef8b7b8d37d931c6cc591420fa3265e9737662ceebeb543d9b3b860b9c9,-89,,3,64,,3
15:58:36,26.0,3,45f5f01aba644b9d4983d890f7502b5c180fbeecc3ccca6bf955c273ca066e78,-88,,3,64,12.0,3
15:58:37,26.0,3,47c0c44ac524844b5f0a78e977d9a8aefbba250dc1021a20a6ec424344416954,-83,,3,64,12.0,3
15:58:38,,3,aa20114deb8e653b0533aa04ceca0a91e68de43e53c1df4740fa689371d2f2cd,-68,,3,64,,3
15:58:38,26.0,3,cbc62d696468525d904ede9c2c77eb33b1cb552cb4cc59fd2d13f85ab2c334df,-81,,3,64,8.0,3
15:58:39,26.0,3,dbfc7f3c541f46e616728450e1e2515fb6579daf19854efb61801b0dd87ad3f4,-68,,3,64,12.0,3
15:58:40,,3,aa20114deb8e653b0533aa04ceca0a91e68de43e53c1df4740fa689371d2f2cd,-63,,3,64,,3
15:58:41,26.0,3,aa361fbd5daed4087ac628fd7d586b66d064b9d292a232ef7fd3e7eba9884eeb,-54,,3,64,,3
15:58:42,26.0,3,a93f176c83107361366811d9cb69a691c817b7de0031ec3792fe399dee1a7046,-71,,3,64,7.0,3
15:58:42,26.0,3,624f6cf895132f893cfb730156e6c3a77192e4e68ffddfc6d81cd33e7c4e2f34,-57,,3,64,12.0,3
15:58:43,26.0,3,624f6cf895132f893cfb730156e6c3a77192e4e68ffddfc6d81cd33e7c4e2f34,-58,,3,64,12.0,3
15:58:44,26.0,3,965db984260bfe7b12643f220ce45a100775750186f27b4390262b1d048b4cd9,-76,,3,64,12.0,3
15:58:45,,3,aa20114deb8e653b0533aa04ceca0a91e68de43e53c1df4740fa689371d2f2cd,-63,,3,64,,3
15:58:46,26.0,3,df2d36d7021019665a5122e535c4075a7fbea9046bc1b6342006f0acf74fa938,-93,,3,64,12.0,3
15:58:47,26.0,3,e7156c5af2856a070d0f3a2446832acaf867361e10f1a198f2a5a8af96f54db0,-85,,3,64,8.0,3
15:58:47,,3,aa20114deb8e653b0533aa04ceca0a91e68de43e53c1df4740fa689371d2f2cd,-80,,3,64,,3
15:58:48,26.0,3,ac858d3ec61a6435638e14fc27e53a72496c144518924db5fa8403e7d1d96584,-94,,3,64,7.0,3
15:58:49,26.0,3,f52dfab0c140690894815310b2ee44284304a35deafa76bf384cb156ed58aee5,-86,,3,64,8.0,3
15:58:50,,3,aa20114deb8e653b0533aa04ceca0a91e68de43e53c1df4740fa689371d2f2cd,-83,,3,64,,3
15:58:51,26.0,3,f52dfab0c140690894815310b2ee44284304a35deafa76bf384cb156ed58aee5,-87,,3,64,8.0,3
15:58:51,,3,5c61aef8b7b8d37d931c6cc591420fa3265e9737662ceebeb543d9b3b860b9c9,-85,,3,64,,3
15:58:52,,3,f5e6c06e6434e4a600437823fb4070fa1f4083992cebe91a5aa4343e06d08d01,-62,,3,64,,3
15:58:53,26.0,3,aa361fbd5daed4087ac628fd7d586b66d064b9d292a232ef7fd3e7eba9884eeb,-57,,3,64,,3
15:58:54,26.0,3,45a6f0768d79130000db049c91ffff0cae09b0eca3651396d8e5dabe12f22b9e,-83,,3,64,8.0,3
15:58:55,26.0,3,511095aced671dfd67f4c79b9155ae6b8b9ed6c1fcec6e8c9d3d685a334a6355,-85,,3,64,6.0,3
15:58:55,,3,ead8910d4742ae226c4e2a396f314aadb10bd62534087dc290c2d79f375cbf61,-71,,3,64,,3
15:58:56,,3,eeb14304258dd151aaf12d230ad163abb33a6379c1c0d776c6d794f11a0ef359,-71,,3,64,,3
15:58:57,,3,aa20114deb8e653b0533aa04ceca0a91e68de43e53c1df4740fa689371d2f2cd,-69,,3,64,,3
15:58:58,26.0,3,fc6bcd3ad380614af06fd47e2c885759d7e99557666c81d927743755be00a89c,-63,,3,64,8.0,3
15:58:59,26.0,3,f52dfab0c140690894815310b2ee44284304a35deafa76bf384cb156ed58aee5,-87,,3,64,8.0,3
15:58:59,26.0,3,fc6bcd3ad380614af06fd47e2c885759d7e99557666c81d927743755be00a89c,-65,,3,64,8.0,3
15:59:00,26.0,3,ebb3b0dd64e9066b135fc86f605f8b677043e3c06e00d45cfada84e9956e6ef3,-70,,3,64,7.0,3
15:59:01,,3,4512d5e08e2d22c3d4df085329bbb520b8e88c9651edbb1da76bf6bd8a3fa0ee,-93,,3,64,,3
15:59:02,26.0,3,45a6f0768d79130000db049c91ffff0cae09b0eca3651396d8e5dabe12f22b9e,-78,,3,64,8.0,3
15:59:03,26.0,3,a93f176c83107361366811d9cb69a691c817b7de0031ec3792fe399dee1a7046,-72,,3,64,7.0,3
15:59:03,26.0,3,aa361fbd5daed4087ac628fd7d586b66d064b9d292a232ef7fd3e7eba9884eeb,-56,,3,64,,3
15:59:04,,3,297a3a7b0df4e2579c5bfeaabca7fa820516d4a8ab217bf4ad5bc8383f1fa948,-78,,3,64,,3
15:59:05,26.0,3,44c447f5bd55c2cb272a56ec9c8710b4fa96ea815eefc40b0f2d9ce1d074c34f,-87,,3,64,12.0,3
15:59:06,,3,5c61aef8b7b8d37d931c6cc591420fa3265e9737662ceebeb543d9b3b860b9c9,-86,,3,64,,3
15:59:07,26.0,3,aa361fbd5daed4087ac628fd7d586b66d064b9d292a232ef7fd3e7eba9884eeb,-56,,3,64,,3
15:59:07,,3,aa20114deb8e653b0533aa04ceca0a91e68de43e53c1df4740fa689371d2f2cd,-71,,3,64,,3
15:59:08,,3,2cf652779445be3f47cc4e4928f08e2033f813f2b692382f14ccf13811083ffd,-72,,3,64,,3
15:59:09,26.0,3,fc6bcd3ad380614af06fd47e2c885759d7e99557666c81d927743755be00a89c,-68,,3,64,8.0,3
15:59:10,26.0,3,43ae85a17d05778c03c58f6230ba33300d4135f3887db39e4e11161f84f167f3,-87,,3,64,12.0,3
15:59:11,26.0,3,47c0c44ac524844b5f0a78e977d9a8aefbba250dc1021a20a6ec424344416954,-81,,3,64,12.0,3
15:59:12,26.0,3,47c0c44ac524844b5f0a78e977d9a8aefbba250dc1021a20a6ec424344416954,-83,,3,64,12.0,3
15:59:12,,3,c44fd7ea6e95109e9b64315be601d79a7b1fedac565102ae27777e9a5d112b54,-86,,3,64,,3
15:59:13,26.0,3,a93f176c83107361366811d9cb69a691c817b7de0031ec3792fe399dee1a7046,-77,,3,64,7.0,3
15:59:14,,3,f7ae087b8dcd2c8bca768ef118cf5ce78c2135944e1d1dd29ad5386092e6ae1f,-94,,3,64,,3
15:59:15,26.0,3,a93f176c83107361366811d9cb69a691c817b7de0031ec3792fe399dee1a7046,-75,,3,64,7.0,3
15:59:16,26.0,3,2060eff7678d38aaaddb900bd6cd444fcb6536db87ceed28785d49e4899e2d16,-90,,3,64,7.0,3
15:59:16,26.0,3,511095aced671dfd67f4c79b9155ae6b8b9ed6c1fcec6e8c9d3d685a334a6355,-91,,3,64,6.0,3
15:59:17,26.0,3,e7156c5af2856a070d0f3a2446832acaf867361e10f1a198f2a5a8af96f54db0,-84,,3,64,8.0,3
15:59:18,26.0,3,e07908a7d32e7f00d5291a13ff283125e40aac15ab2dde8978b20a74017bd541,-78,,3,64,12.0,3
15:59:19,26.0,3,dbfc7f3c541f46e616728450e1e2515fb6579daf19854efb61801b0dd87ad3f4,-71,,3,64,12.0,3
15:59:20,26.0,3,aa361fbd5daed4087ac628fd7d586b66d064b9d292a232ef7fd3e7eba9884eeb,-49,,3,64,,3
15:59:20,26.0,3,e07908a7d32e7f00d5291a13ff283125e40aac15ab2dde8978b20a74017bd541,-80,,3,64,12.0,3
15:59:21,26.0,3,45a6f0768d79130000db049c91ffff0cae09b0eca3651396d8e5dabe12f22b9e,-76,,3,64,8.0,3
15:59:22,26.0,3,91f3ba42264ea71b9655a6dd4aca11753dcbaa1cb6142c68820f0cfa96676cba,-88,,3,64,8.0,3
15:59:23,,3,fc1e2ac82ee64761176e0e86a050c42b3e432df75fa3c1ca8c659c239bfa942c,-86,,3,64,,3
15:59:24,26.0,3,e07908a7d32e7f00d5291a13ff283125e40aac15ab2dde8978b20a74017bd541,-77,,3,64,12.0,3
15:59:24,26.0,3,fc6bcd3ad380614af06fd47e2c885759d7e99557666c81d927743755be00a89c,-64,,3,64,8.0,3
15:59:25,26.0,3,dbfc7f3c541f46e616728450e1e2515fb6579daf19854efb61801b0dd87ad3f4,-76,,3,64,12.0,3
15:59:26,26.0,3,a93f176c83107361366811d9cb69a691c817b7de0031ec3792fe399dee1a7046,-84,,3,64,7.0,3
15:59:27,26.0,3,965db984260bfe7b12643f220ce45a100775750186f27b4390262b1d048b4cd9,-75,,3,64,12.0,3
15:59:28,26.0,3,624f6cf895132f893cfb730156e6c3a77192e4e68ffddfc6d81cd33e7c4e2f34,-49,,3,64,12.0,3
15:59:28,26.0,3,965db984260bfe7b12643f220ce45a100775750186f27b4390262b1d048b4cd9,-74,,3,64,12.0,3
15:59:29,26.0,3,624f6cf895132f893cfb730156e6c3a77192e4e68ffddfc6d81cd33e7c4e2f34,-49,,3,64,12.0,3
15:59:30,,3,ead8910d4742ae226c4e2a396f314aadb10bd62534087dc290c2d79f375cbf61,-67,,3,64,,3
15:59:31,26.0,3,965db984260bfe7b12643f220ce45a100775750186f27b4390262b1d048b4cd9,-67,,3,64,12.0,3
15:59:32,,3,aa20114deb8e653b0533aa04ceca0a91e68de43e53c1df4740fa689371d2f2cd,-74,,3,64,,3
15:59:32,26.0,3,64e66eab8c63047080081723ea0f9bb749ceb682df4923b43c8a30a4f7c3a429,-84,,3,64,8.0,3
15:59:33,26.0,3,6f17bb6185289e759a4020be26658da1d55fabacb15b4146f500602b742114ed,-74,,3,64,12.0,3
15:59:34,26.0,3,45a6f0768d79130000db049c91ffff0cae09b0eca3651396d8e5dabe12f22b9e,-74,,3,64,8.0,3
15:59:35,26.0,3,ebb3b0dd64e9066b135fc86f605f8b677043e3c06e00d45cfada84e9956e6ef3,-75,,3,64,7.0,3
15:59:36,26.0,3,ebb3b0dd64e9066b135fc86f605f8b677043e3c06e00d45cfada84e9956e6ef3,-65,,3,64,7.0,3
15:59:37,26.0,3,fc6bcd3ad380614af06fd47e2c885759d7e99557666c81d927743755be00a89c,-64,,3,64,8.0,3
15:59:37,26.0,3,aa361fbd5daed4087ac628fd7d586b66d064b9d292a232ef7fd3e7eba9884eeb,-38,,3,64,,3
15:59:38,26.0,3,fc6bcd3ad380614af06fd47e2c885759d7e99557666c81d927743755be00a89c,-63,,3,64,8.0,3
15:59:39,26.0,3,cbc62d696468525d904ede9c2c77eb33b1cb552cb4cc59fd2d13f85ab2c334df,-77,,3,64,8.0,3
15:59:40,26.0,3,624f6cf895132f893cfb730156e6c3a77192e4e68ffddfc6d81cd33e7c4e2f34,-40,,3,64,12.0,3
15:59:41,26.0,3,624f6cf895132f893cfb730156e6c3a77192e4e68ffddfc6d81cd33e7c4e2f34,-39,,3,64,12.0,3
15:59:41,,3,33558104be9445a8476e21a28b94d57be1855098122160b9de0419a567edb7bc,-85,,3,64,,3
15:59:42,26.0,3,e07908a7d32e7f00d5291a13ff283125e40aac15ab2dde8978b20a74017bd541,-78,,3,64,12.0,3
15:59:43,26.0,3,df2d36d7021019665a5122e535c4075a7fbea9046bc1b6342006f0acf74fa938,-88,,3,64,12.0,3
15:59:44,26.0,3,45f5f01aba644b9d4983d890f7502b5c180fbeecc3ccca6bf955c273ca066e78,-85,,3,64,12.0,3
15:59:45,26.0,3,64e66eab8c63047080081723ea0f9bb749ceb682df4923b43c8a30a4f7c3a429,-88,,3,64,8.0,3
15:59:45,26.0,3,dbfc7f3c541f46e616728450e1e2515fb6579daf19854efb61801b0dd87ad3f4,-82,,3,64,12.0,3
15:59:46,26.0,3,64e66eab8c63047080081723ea0f9bb749ceb682df4923b43c8a30a4f7c3a429,-87,,3,64,8.0,3
15:59:47,26.0,3,44c447f5bd55c2cb272a56ec9c8710b4fa96ea815eefc40b0f2d9ce1d074c34f,-84,,3,64,12.0,3
15:59:48,26.0,3,fc6bcd3ad380614af06fd47e2c885759d7e99557666c81d927743755be00a89c,-64,,3,64,8.0,3
15:59:49,26.0,3,cbc62d696468525d904ede9c2c77eb33b1cb552cb4cc59fd2d13f85ab2c334df,-77,,3,64,8.0,3
15:59:49,2.0,3,22390bde3bd09ca4ac369d25912d686a6f7b3a67289ca226dfb8a85d3ab5cf35,-92,,3,64,,3
15:59:50,,3,f5e6c06e6434e4a600437823fb4070fa1f4083992cebe91a5aa4343e06d08d01,-64,,3,64,,3
15:59:51,26.0,3,dbfc7f3c541f46e616728450e1e2515fb6579daf19854efb61801b0dd87ad3f4,-83,,3,64,12.0,3
15:59:52,26.0,3,45f5f01aba644b9d4983d890f7502b5c180fbeecc3ccca6bf955c273ca066e78,-87,,3,64,12.0,3
15:59:53,26.0,3,44c447f5bd55c2cb272a56ec9c8710b4fa96ea815eefc40b0f2d9ce1d074c34f,-84,,3,64,12.0,3
15:59:53,,3,aa20114deb8e653b0533aa04ceca0a91e68de43e53c1df4740fa689371d2f2cd,-65,,3,64,,3
15:59:54,,3,f5e6c06e6434e4a600437823fb4070fa1f4083992cebe91a5aa4343e06d08d01,-60,,3,64,,3
15:59:55,26.0,3,df2d36d7021019665a5122e535c4075a7fbea9046bc1b6342006f0acf74fa938,-95,,3,64,12.0,3
15:59:56,,3,2a67cf033024f3534c1d44268598cbdfa4a4c970dbccd3feb59df825e0162b32,-89,,3,64,,3
15:59:57,,3,eabc231428b70943c692d6b9fe056e74e144ad2c6cfc9e3ba44ca0cf784087da,-85,,3,64,,3
15:59:57,26.0,3,47c0c44ac524844b5f0a78e977d9a8aefbba250dc1021a20a6ec424344416954,-83,,3,64,12.0,3
15:59:58,26.0,3,ebb3b0dd64e9066b135fc86f605f8b677043e3c06e00d45cfada84e9956e6ef3,-76,,3,64,7.0,3
15:59:59,26.0,3,965db984260bfe7b12643f220ce45a100775750186f27b4390262b1d048b4cd9,-72,,3,64,12.0,3
16:00:00,26.0,3,47c0c44ac524844b5f0a78e977d9a8aefbba250dc1021a20a6ec424344416954,-80,,3,64,12.0,3
16:00:01,26.0,3,e07908a7d32e7f00d5291a13ff283125e40aac15ab2dde8978b20a74017bd541,-84,,3,64,12.0,3
16:00:01,,3,aa20114deb8e653b0533aa04ceca0a91e68de43e53c1df4740fa689371d2f2cd,-75,,3,64,,3
16:00:02,26.0,3,624f6cf895132f893cfb730156e6c3a77192e4e68ffddfc6d81cd33e7c4e2f34,-50,,3,64,12.0,3
16:00:03,26.0,3,624f6cf895132f893cfb730156e6c3a77192e4e68ffddfc6d81cd33e7c4e2f34,-50,,3,64,12.0,3
16:00:04,26.0,3,a93f176c83107361366811d9cb69a691c817b7de0031ec3792fe399dee1a7046,-67,,3,64,7.0,3
16:00:05,26.0,3,44c447f5bd55c2cb272a56ec9c8710b4fa96ea815eefc40b0f2d9ce1d074c34f,-82,,3,64,12.0,3
16:00:06,26.0,3,624f6cf895132f893cfb730156e6c3a77192e4e68ffddfc6d81cd33e7c4e2f34,-42,,3,64,12.0,3
16:00:06,,3,aa20114deb8e653b0533aa04ceca0a91e68de43e53c1df4740fa689371d2f2cd,-70,,3,64,,3
16:00:07,26.0,3,2060eff7678d38aaaddb900bd6cd444fcb6536db87ceed28785d49e4899e2d16,-86,,3,64,7.0,3
16:00:08,26.0,3,dbfc7f3c541f46e616728450e1e2515fb6579daf19854efb61801b0dd87ad3f4,-78,,3,64,12.0,3
16:00:09,26.0,3,2060eff7678d38aaaddb900bd6cd444fcb6536db87ceed28785d49e4899e2d16,-84,,3,64,7.0,3
16:00:10,,3,1f27ac808f96d9c876486e422be23aa7815df90ca9a2e1370fb5062e2bb3f02f,-47,,3,64,,3
16:00:10,,3,eeb14304258dd151aaf12d230ad163abb33a6379c1c0d776c6d794f11a0ef359,-65,,3,64,,3
16:00:11,,3,aa20114deb8e653b0533aa04ceca0a91e68de43e53c1df4740fa689371d2f2cd,-64,,3,64,,3
16:00:12,26.0,3,bcc6de1aed5213ba8c6f922e2dd7cdbb5e7292836d9b57efde820754d9b12507,-90,,3,64,12.0,3
16:00:13,26.0,3,bcc6de1aed5213ba8c6f922e2dd7cdbb5e7292836d9b57efde820754d9b12507,-85,,3,64,12.0,3
16:00:14,26.0,3,45f5f01aba644b9d4983d890f7502b5c180fbeecc3ccca6bf955c273ca066e78,-90,,3,64,12.0,3
16:00:14,,3,eeb14304258dd151aaf12d230ad163abb33a6379c1c0d776c6d794f11a0ef359,-68,,3,64,,3
16:00:15,26.0,3,ebb3b0dd64e9066b135fc86f605f8b677043e3c06e00d45cfada84e9956e6ef3,-68,,3,64,7.0,3
16:00:16,26.0,3,624f6cf895132f893cfb730156e6c3a77192e4e68ffddfc6d81cd33e7c4e2f34,-51,,3,64,12.0,3
16:00:17,26.0,3,df2d36d7021019665a5122e535c4075a7fbea9046bc1b6342006f0acf74fa938,-90,,3,64,12.0,3
16:00:18,26.0,3,45a6f0768d79130000db049c91ffff0cae09b0eca3651396d8e5dabe12f22b9e,-74,,3,64,8.0,3
16:00:18,26.0,3,6f17bb6185289e759a4020be26658da1d55fabacb15b4146f500602b742114ed,-80,,3,64,12.0,3
16:00:19,26.0,3,624f6cf895132f893cfb730156e6c3a77192e4e68ffddfc6d81cd33e7c4e2f34,-50,,3,64,12.0,3
16:00:20,26.0,3,fc6bcd3ad380614af06fd47e2c885759d7e99557666c81d927743755be00a89c,-63,,3,64,8.0,3
16:00:21,26.0,3,45f5f01aba644b9d4983d890f7502b5c180fbeecc3ccca6bf955c273ca066e78,-86,,3,64,12.0,3
16:00:22,26.0,3,2060eff7678d38aaaddb900bd6cd444fcb6536db87ceed28785d49e4899e2d16,-87,,3,64,7.0,3
16:00:22,26.0,3,bcc6de1aed5213ba8c6f922e2dd7cdbb5e7292836d9b57efde820754d9b12507,-94,,3,64,12.0,3
16:00:23,26.0,3,511095aced671dfd67f4c79b9155ae6b8b9ed6c1fcec6e8c9d3d685a334a6355,-89,,3,64,6.0,3
16:00:24,26.0,3,44c447f5bd55c2cb272a56ec9c8710b4fa96ea815eefc40b0f2d9ce1d074c34f,-79,,3,64,12.0,3
16:00:25,26.0,3,dbfc7f3c541f46e616728450e1e2515fb6579daf19854efb61801b0dd87ad3f4,-76,,3,64,12.0,3
16:00:26,,3,aa20114deb8e653b0533aa04ceca0a91e68de43e53c1df4740fa689371d2f2cd,-68,,3,64,,3
16:00:26,,3,d1ae5eff4ddb0d8318874030b7a170f938e28b8c0f7b5c6f1046cb0db3a7c985,-86,,3,64,,3
16:00:27,26.0,3,a93f176c83107361366811d9cb69a691c817b7de0031ec3792fe399dee1a7046,-65,,3,64,,3
16:00:28,,3,aa20114deb8e653b0533aa04ceca0a91e68de43e53c1df4740fa689371d2f2cd,-69,,3,64,,3
16:00:29,26.0,3,f52dfab0c140690894815310b2ee44284304a35deafa76bf384cb156ed58aee5,-84,,3,64,8.0,3
16:00:30,,3,aa20114deb8e653b0533aa04ceca0a91e68de43e53c1df4740fa689371d2f2cd,-64,,3,64,,3
16:00:30,,3,aa20114deb8e653b0533aa04ceca0a91e68de43e53c1df4740fa689371d2f2cd,-64,,3,64,,3
16:00:31,,3,aa20114deb8e653b0533aa04ceca0a91e68de43e53c1df4740fa689371d2f2cd,-64,,3,64,,3
16:00:32,,3,b306c6da322b8402dfceda72bae4c19ac70a7a6597195d6dba08e94bdb5d6dd6,-83,,3,64,,3
16:00:33,,3,aa20114deb8e653b0533aa04ceca0a91e68de43e53c1df4740fa689371d2f2cd,-64,,3,64,,3
16:00:34,26.0,3,fc6bcd3ad380614af06fd47e2c885759d7e99557666c81d927743755be00a89c,-58,,3,64,8.0,3
16:00:35,26.0,3,bcc6de1aed5213ba8c6f922e2dd7cdbb5e7292836d9b57efde820754d9b12507,-90,,3,64,12.0,3
16:00:35,26.0,3,ebb3b0dd64e9066b135fc86f605f8b677043e3c06e00d45cfada84e9956e6ef3,-67,,3,64,7.0,3
16:00:36,26.0,3,511095aced671dfd67f4c79b9155ae6b8b9ed6c1fcec6e8c9d3d685a334a6355,-83,,3,64,6.0,3
16:00:37,,3,2092b6353b30f36b7152ed65439a89e8d060faddd0aadf83fe7fbea45e02b404,-75,,3,64,,3
16:00:38,,3,aa20114deb8e653b0533aa04ceca0a91e68de43e53c1df4740fa689371d2f2cd,-72,,3,64,,3
16:00:39,26.0,3,3846a3ab9e4a0b7c0a3bfe4619eec7e74d154e9ee753b4043fbe56ae01a2a26c,-84,,3,64,7.0,3
16:00:39,26.0,3,6f17bb6185289e759a4020be26658da1d55fabacb15b4146f500602b742114ed,-70,,3,64,12.0,3
16:00:40,26.0,3,64e66eab8c63047080081723ea0f9bb749ceb682df4923b43c8a30a4f7c3a429,-89,,3,64,8.0,3
16:00:41,,3,2092b6353b30f36b7152ed65439a89e8d060faddd0aadf83fe7fbea45e02b404,-74,,3,64,,3
16:00:42,26.0,3,2060eff7678d38aaaddb900bd6cd444fcb6536db87ceed28785d49e4899e2d16,-89,,3,64,7.0,3
16:00:43,26.0,3,fc6bcd3ad380614af06fd47e2c885759d7e99557666c81d927743755be00a89c,-67,,3,64,8.0,3
16:00:43,,3,aa20114deb8e653b0533aa04ceca0a91e68de43e53c1df4740fa689371d2f2cd,-70,,3,64,,3
16:00:44,26.0,3,fc6bcd3ad380614af06fd47e2c885759d7e99557666c81d927743755be00a89c,-65,,3,64,8.0,3
16:00:45,26.0,3,fc6bcd3ad380614af06fd47e2c885759d7e99557666c81d927743755be00a89c,-61,,3,64,8.0,3
16:00:46,,3,56276f88d4c610e6f3c2a74795d565fdc288eed4e8036f275119172c387c98f3,-71,,3,64,,3
16:00:47,26.0,3,dbfc7f3c541f46e616728450e1e2515fb6579daf19854efb61801b0dd87ad3f4,-78,,3,64,12.0,3
16:00:47,26.0,3,cbc62d696468525d904ede9c2c77eb33b1cb552cb4cc59fd2d13f85ab2c334df,-81,,3,64,8.0,3
16:00:48,,3,aa20114deb8e653b0533aa04ceca0a91e68de43e53c1df4740fa689371d2f2cd,-65,,3,64,,3
16:00:49,26.0,3,a93f176c83107361366811d9cb69a691c817b7de0031ec3792fe399dee1a7046,-70,,3,64,7.0,3
16:00:50,26.0,3,44c447f5bd55c2cb272a56ec9c8710b4fa96ea815eefc40b0f2d9ce1d074c34f,-88,,3,64,12.0,3
16:00:51,26.0,3,47ab86af02fe837d744f11a2ece47785174c0177f594f88b0e77138f7effebcf,-92,,3,64,24.0,3
16:00:51,,3,33558104be9445a8476e21a28b94d57be1855098122160b9de0419a567edb7bc,-81,,3,64,,3
16:00:52,26.0,3,64e66eab8c63047080081723ea0f9bb749ceb682df4923b43c8a30a4f7c3a429,-92,,3,64,8.0,3
16:00:53,26.0,3,44c447f5bd55c2cb272a56ec9c8710b4fa96ea815eefc40b0f2d9ce1d074c34f,-88,,3,64,12.0,3
16:00:54,2.0,3,22390bde3bd09ca4ac369d25912d686a6f7b3a67289ca226dfb8a85d3ab5cf35,-94,,3,64,,3
16:00:55,26.0,3,ebb3b0dd64e9066b135fc86f605f8b677043e3c06e00d45cfada84e9956e6ef3,-82,,3,64,7.0,3
16:00:55,,3,a159fe7e2df4e1e8bc3ec6f65292dd75f21936f18b0e26dd147bb50d136a3c96,-91,,3,64,,3
16:00:56,,3,f5e6c06e6434e4a600437823fb4070fa1f4083992cebe91a5aa4343e06d08d01,-57,,3,64,,3
16:00:57,26.0,3,fc6bcd3ad380614af06fd47e2c885759d7e99557666c81d927743755be00a89c,-65,,3,64,8.0,3
16:00:58,,3,56276f88d4c610e6f3c2a74795d565fdc288eed4e8036f275119172c387c98f3,-64,,3,64,,3
16:00:59,26.0,3,bcc6de1aed5213ba8c6f922e2dd7cdbb5e7292836d9b57efde820754d9b12507,-88,,3,64,12.0,3
16:01:00,,3,a159fe7e2df4e1e8bc3ec6f65292dd75f21936f18b0e26dd147bb50d136a3c96,-92,,3,64,,3
16:01:00,26.0,3,965db984260bfe7b12643f220ce45a100775750186f27b4390262b1d048b4cd9,-73,,3,64,12.0,3
16:01:01,,3,7e3db7a6c574472a012c132a40a01ebc04c3e237fa132d2341dd22400d8ca216,-97,,3,64,,3
16:01:02,26.0,3,a93f176c83107361366811d9cb69a691c817b7de0031ec3792fe399dee1a7046,-73,,3,64,7.0,3
16:01:03,,3,aa20114deb8e653b0533aa04ceca0a91e68de43e53c1df4740fa689371d2f2cd,-71,,3,64,,3
16:01:04,26.0,3,ebb3b0dd64e9066b135fc86f605f8b677043e3c06e00d45cfada84e9956e6ef3,-75,,3,64,7.0,3
16:01:04,,3,dbd90e64dae3ca7a08ed6bb53feb48b69ca819cbe4bbaecb4325431a4d6aa653,-84,,3,64,,3
16:01:05,26.0,3,a93f176c83107361366811d9cb69a691c817b7de0031ec3792fe399dee1a7046,-75,,3,64,7.0,3
16:01:06,,3,193b3a505afbbc29c96a8389e921eb93677dda7a94e802e0f6db592cb9fe762b,-93,,3,64,,3
16:01:07,26.0,3,e07908a7d32e7f00d5291a13ff283125e40aac15ab2dde8978b20a74017bd541,-78,,3,64,12.0,3
16:01:08,,3,aa20114deb8e653b0533aa04ceca0a91e68de43e53c1df4740fa689371d2f2cd,-66,,3,64,,3
16:01:08,,3,dbd90e64dae3ca7a08ed6bb53feb48b69ca819cbe4bbaecb4325431a4d6aa653,-89,,3,64,,3
16:01:09,,3,f8f2642504f7e7e93782348f8acc0ce9331b275a7ac89972372cd4044fe4bf05,-83,,3,64,,3
16:01:10,26.0,3,44c447f5bd55c2cb272a56ec9c8710b4fa96ea815eefc40b0f2d9ce1d074c34f,-80,,3,64,12.0,3
16:01:11,26.0,3,e07908a7d32e7f00d5291a13ff283125e40aac15ab2dde8978b20a74017bd541,-82,,3,64,12.0,3
16:01:12,,3,b306c6da322b8402dfceda72bae4c19ac70a7a6597195d6dba08e94bdb5d6dd6,-76,,3,64,,3
16:01:12,26.0,3,47ab86af02fe837d744f11a2ece47785174c0177f594f88b0e77138f7effebcf,-89,,3,64,24.0,3
16:01:13,26.0,3,45a6f0768d79130000db049c91ffff0cae09b0eca3651396d8e5dabe12f22b9e,-84,,3,64,8.0,3
16:01:14,26.0,3,2060eff7678d38aaaddb900bd6cd444fcb6536db87ceed28785d49e4899e2d16,-88,,3,64,7.0,3
16:01:15,,3,aa20114deb8e653b0533aa04ceca0a91e68de43e53c1df4740fa689371d2f2cd,-71,,3,64,,3
16:01:16,,3,b306c6da322b8402dfceda72bae4c19ac70a7a6597195d6dba08e94bdb5d6dd6,-67,,3,64,,3
16:01:16,26.0,3,ca238ade3274ab127e74eaf507eb7ca02ad89c2961d7f4e8332f76d079ad6b3f,-88,,3,64,8.0,3
16:01:17,26.0,3,bcc6de1aed5213ba8c6f922e2dd7cdbb5e7292836d9b57efde820754d9b12507,-89,,3,64,12.0,3
16:01:18,26.0,3,2060eff7678d38aaaddb900bd6cd444fcb6536db87ceed28785d49e4899e2d16,-86,,3,64,7.0,3
16:01:19,26.0,3,bcc6de1aed5213ba8c6f922e2dd7cdbb5e7292836d9b57efde820754d9b12507,-89,,3,64,12.0,3
16:01:20,26.0,3,511095aced671dfd67f4c79b9155ae6b8b9ed6c1fcec6e8c9d3d685a334a6355,-84,,3,64,6.0,3
16:01:20,,3,c44fd7ea6e95109e9b64315be601d79a7b1fedac565102ae27777e9a5d112b54,-88,,3,64,,3
16:01:21,,3,62f6ba6f5fa25df4b763f6706c5b64584cbee4292a98d4868ace2045634704d6,-87,,3,64,,3
16:01:22,,3,aa20114deb8e653b0533aa04ceca0a91e68de43e53c1df4740fa689371d2f2cd,-65,,3,64,,3
16:01:23,26.0,3,45a6f0768d79130000db049c91ffff0cae09b0eca3651396d8e5dabe12f22b9e,-78,,3,64,8.0,3
16:01:24,26.0,3,965db984260bfe7b12643f220ce45a100775750186f27b4390262b1d048b4cd9,-85,,3,64,12.0,3
16:01:24,26.0,3,cbc62d696468525d904ede9c2c77eb33b1cb552cb4cc59fd2d13f85ab2c334df,-75,,3,64,8.0,3
16:01:25,,3,7e3db7a6c574472a012c132a40a01ebc04c3e237fa132d2341dd22400d8ca216,-87,,3,64,,3
16:01:26,26.0,3,2060eff7678d38aaaddb900bd6cd444fcb6536db87ceed28785d49e4899e2d16,-81,,3,64,7.0,3
16:01:27,,3,2092b6353b30f36b7152ed65439a89e8d060faddd0aadf83fe7fbea45e02b404,-72,,3,64,,3
16:01:28,26.0,3,3c313decd04a9a6807b8e9f66381f48afb59a723cbdb85a84de5509559d45c87,-102,,3,64,,3
16:01:29,26.0,3,45a6f0768d79130000db049c91ffff0cae09b0eca3651396d8e5dabe12f22b9e,-77,,3,64,8.0,3
16:01:29,,3,aa20114deb8e653b0533aa04ceca0a91e68de43e53c1df4740fa689371d2f2cd,-74,,3,64,,3
16:01:30,26.0,3,ca238ade3274ab127e74eaf507eb7ca02ad89c2961d7f4e8332f76d079ad6b3f,-90,,3,64,8.0,3
16:01:31,26.0,3,a93f176c83107361366811d9cb69a691c817b7de0031ec3792fe399dee1a7046,-77,,3,64,7.0,3
16:01:32,26.0,3,511095aced671dfd67f4c79b9155ae6b8b9ed6c1fcec6e8c9d3d685a334a6355,-91,,3,64,6.0,3
16:01:33,26.0,3,dbfc7f3c541f46e616728450e1e2515fb6579daf19854efb61801b0dd87ad3f4,-78,,3,64,12.0,3
16:01:33,26.0,3,cbc62d696468525d904ede9c2c77eb33b1cb552cb4cc59fd2d13f85ab2c334df,-75,,3,64,8.0,3
16:01:34,,3,aa20114deb8e653b0533aa04ceca0a91e68de43e53c1df4740fa689371d2f2cd,-68,,3,64,,3
16:01:35,26.0,3,ca238ade3274ab127e74eaf507eb7ca02ad89c2961d7f4e8332f76d079ad6b3f,-89,,3,64,8.0,3
16:01:36,26.0,3,e07908a7d32e7f00d5291a13ff283125e40aac15ab2dde8978b20a74017bd541,-78,,3,64,12.0,3
16:01:37,26.0,3,2060eff7678d38aaaddb900bd6cd444fcb6536db87ceed28785d49e4899e2d16,-86,,3,64,7.0,3
16:01:37,26.0,3,dbfc7f3c541f46e616728450e1e2515fb6579daf19854efb61801b0dd87ad3f4,-86,,3,64,12.0,3
16:01:38,26.0,3,3846a3ab9e4a0b7c0a3bfe4619eec7e74d154e9ee753b4043fbe56ae01a2a26c,-79,,3,64,7.0,3
16:01:39,26.0,3,45a6f0768d79130000db049c91ffff0cae09b0eca3651396d8e5dabe12f22b9e,-77,,3,64,8.0,3
16:01:40,26.0,3,df2d36d7021019665a5122e535c4075a7fbea9046bc1b6342006f0acf74fa938,-89,,3,64,12.0,3
16:01:41,26.0,3,e07908a7d32e7f00d5291a13ff283125e40aac15ab2dde8978b20a74017bd541,-87,,3,64,12.0,3
16:01:41,26.0,3,bcc6de1aed5213ba8c6f922e2dd7cdbb5e7292836d9b57efde820754d9b12507,-93,,3,64,12.0,3
16:01:42,26.0,3,ebb3b0dd64e9066b135fc86f605f8b677043e3c06e00d45cfada84e9956e6ef3,-61,,3,64,7.0,3
16:01:43,,3,2092b6353b30f36b7152ed65439a89e8d060faddd0aadf83fe7fbea45e02b404,-82,,3,64,,3
16:01:44,26.0,3,bcc6de1aed5213ba8c6f922e2dd7cdbb5e7292836d9b57efde820754d9b12507,-92,,3,64,12.0,3
16:01:45,26.0,3,bcc6de1aed5213ba8c6f922e2dd7cdbb5e7292836d9b57efde820754d9b12507,-84,,3,64,12.0,3
16:01:45,,3,be963b3bd27268d3364f3a4d40bc8f08d55fb0af0a9db85cd320c726afe98e6b,-93,,3,64,,3
16:01:46,26.0,3,965db984260bfe7b12643f220ce45a100775750186f27b4390262b1d048b4cd9,-76,,3,64,12.0,3
16:01:47,26.0,3,965db984260bfe7b12643f220ce45a100775750186f27b4390262b1d048b4cd9,-84,,3,64,12.0,3
16:01:48,26.0,3,fc6bcd3ad380614af06fd47e2c885759d7e99557666c81d927743755be00a89c,-62,,3,64,8.0,3
16:01:49,26.0,3,2060eff7678d38aaaddb900bd6cd444fcb6536db87ceed28785d49e4899e2d16,-81,,3,64,7.0,3
16:01:49,,3,aa20114deb8e653b0533aa04ceca0a91e68de43e53c1df4740fa689371d2f2cd,-71,,3,64,,3
16:01:50,26.0,3,a93f176c83107361366811d9cb69a691c817b7de0031ec3792fe399dee1a7046,-83,,3,64,7.0,3
16:01:51,,3,f8f2642504f7e7e93782348f8acc0ce9331b275a7ac89972372cd4044fe4bf05,-86,,3,64,,3
16:01:52,26.0,3,ebb3b0dd64e9066b135fc86f605f8b677043e3c06e00d45cfada84e9956e6ef3,-73,,3,64,7.0,3
16:01:53,26.0,3,e07908a7d32e7f00d5291a13ff283125e40aac15ab2dde8978b20a74017bd541,-85,,3,64,12.0,3
16:01:54,,3,d1cdd572b4d07d94f0f44dc25f7c3cba8f33f971e904db081634abdee51cf86b,-73,,3,64,,3
16:01:54,,3,aa20114deb8e653b0533aa04ceca0a91e68de43e53c1df4740fa689371d2f2cd,-70,,3,64,,3
16:01:55,26.0,3,3846a3ab9e4a0b7c0a3bfe4619eec7e74d154e9ee753b4043fbe56ae01a2a26c,-88,,3,64,7.0,3
16:01:56,,3,aa20114deb8e653b0533aa04ceca0a91e68de43e53c1df4740fa689371d2f2cd,-67,,3,64,,3
16:01:57,26.0,3,e07908a7d32e7f00d5291a13ff283125e40aac15ab2dde8978b20a74017bd541,-78,,3,64,12.0,3
16:01:58,26.0,3,45a6f0768d79130000db049c91ffff0cae09b0eca3651396d8e5dabe12f22b9e,-77,,3,64,8.0,3
16:01:58,,3,d52e3e0930cb69675a829a0598eada455ed2a281550c036902b6bb409b6a1dda,-38,,3,64,,3
16:01:59,26.0,3,2060eff7678d38aaaddb900bd6cd444fcb6536db87ceed28785d49e4899e2d16,-81,,3,64,7.0,3
16:02:00,,3,d4b81e91485cc5220dfa3c390323b7dabaf1e6bed22af2b890c6630efd285f09,-79,,3,64,,3
16:02:01,26.0,3,e07908a7d32e7f00d5291a13ff283125e40aac15ab2dde8978b20a74017bd541,-75,,3,64,12.0,3
16:02:02,,3,aa20114deb8e653b0533aa04ceca0a91e68de43e53c1df4740fa689371d2f2cd,-66,,3,64,,3
16:02:02,,3,f5e6c06e6434e4a600437823fb4070fa1f4083992cebe91a5aa4343e06d08d01,-64,,3,64,,3
16:02:03,,3,5bdf3b05873d6683967cf367b0e1f42d62d6f523493094249c21360e2d687a9d,-81,,3,64,,3
16:02:04,26.0,3,ebb3b0dd64e9066b135fc86f605f8b677043e3c06e00d45cfada84e9956e6ef3,-79,,3,64,7.0,3
16:02:05,26.0,3,a93f176c83107361366811d9cb69a691c817b7de0031ec3792fe399dee1a7046,-73,,3,64,7.0,3
16:02:06,26.0,3,fc6bcd3ad380614af06fd47e2c885759d7e99557666c81d927743755be00a89c,-64,,3,64,8.0,3
16:02:06,26.0,3,bcc6de1aed5213ba8c6f922e2dd7cdbb5e7292836d9b57efde820754d9b12507,-83,,3,64,12.0,3
16:02:07,26.0,3,bcc6de1aed5213ba8c6f922e2dd7cdbb5e7292836d9b57efde820754d9b12507,-84,,3,64,12.0,3
16:02:08,,3,aa20114deb8e653b0533aa04ceca0a91e68de43e53c1df4740fa689371d2f2cd,-77,,3,64,,3
16:02:09,,3,c12ae3767e5162950486055107f0448d50d68e6c7cbea6a03f6aa06f2e560d67,-95,,3,64,,3
16:02:10,26.0,3,cbc62d696468525d904ede9c2c77eb33b1cb552cb4cc59fd2d13f85ab2c334df,-82,,3,64,8.0,3
16:02:10,26.0,3,e07908a7d32e7f00d5291a13ff283125e40aac15ab2dde8978b20a74017bd541,-88,,3,64,12.0,3
16:02:11,26.0,3,f11509fc4004b07a1eca074b1e074471b8027bece99c8b88d9063579773e9a27,-92,,3,64,12.0,3
16:02:12,26.0,3,2060eff7678d38aaaddb900bd6cd444fcb6536db87ceed28785d49e4899e2d16,-94,,3,64,7.0,3
16:02:13,26.0,3,45a6f0768d79130000db049c91ffff0cae09b0eca3651396d8e5dabe12f22b9e,-78,,3,64,8.0,3
16:02:14,,3,aa20114deb8e653b0533aa04ceca0a91e68de43e53c1df4740fa689371d2f2cd,-71,,3,64,,3
16:02:14,26.0,3,a93f176c83107361366811d9cb69a691c817b7de0031ec3792fe399dee1a7046,-72,,3,64,,3
16:02:15,,3,d1ae5eff4ddb0d8318874030b7a170f938e28b8c0f7b5c6f1046cb0db3a7c985,-77,,3,64,,3
16:02:16,26.0,3,dbfc7f3c541f46e616728450e1e2515fb6579daf19854efb61801b0dd87ad3f4,-83,,3,64,12.0,3
16:02:17,26.0,3,dbfc7f3c541f46e616728450e1e2515fb6579daf19854efb61801b0dd87ad3f4,-75,,3,64,12.0,3
16:02:18,,3,b306c6da322b8402dfceda72bae4c19ac70a7a6597195d6dba08e94bdb5d6dd6,-75,,3,64,,3
16:02:18,,3,aa20114deb8e653b0533aa04ceca0a91e68de43e53c1df4740fa689371d2f2cd,-67,,3,64,,3
16:02:19,,3,62f6ba6f5fa25df4b763f6706c5b64584cbee4292a98d4868ace2045634704d6,-85,,3,64,,3
16:02:20,26.0,3,cbc62d696468525d904ede9c2c77eb33b1cb552cb4cc59fd2d13f85ab2c334df,-76,,3,64,8.0,3
16:02:21,2.0,3,22390bde3bd09ca4ac369d25912d686a6f7b3a67289ca226dfb8a85d3ab5cf35,-86,,3,64,,3
16:02:22,,3,b306c6da322b8402dfceda72bae4c19ac70a7a6597195d6dba08e94bdb5d6dd6,-77,,3,64,,3
16:02:23,,3,c44fd7ea6e95109e9b64315be601d79a7b1fedac565102ae27777e9a5d112b54,-82,,3,64,,3
16:02:23,26.0,3,a93f176c83107361366811d9cb69a691c817b7de0031ec3792fe399dee1a7046,-73,,3,64,,3
16:02:24,,3,d4b81e91485cc5220dfa3c390323b7dabaf1e6bed22af2b890c6630efd285f09,-71,,3,64,,3
16:02:25,26.0,3,fc6bcd3ad380614af06fd47e2c885759d7e99557666c81d927743755be00a89c,-66,,3,64,8.0,3
16:02:26,,3,aa20114deb8e653b0533aa04ceca0a91e68de43e53c1df4740fa689371d2f2cd,-74,,3,64,,3
16:02:27,26.0,3,ebb3b0dd64e9066b135fc86f605f8b677043e3c06e00d45cfada84e9956e6ef3,-63,,3,64,7.0,3
16:02:27,26.0,3,fc6bcd3ad380614af06fd47e2c885759d7e99557666c81d927743755be00a89c,-68,,3,64,8.0,3
16:02:28,26.0,3,bcc6de1aed5213ba8c6f922e2dd7cdbb5e7292836d9b57efde820754d9b12507,-85,,3,64,12.0,3
16:02:29,,3,aa20114deb8e653b0533aa04ceca0a91e68de43e53c1df4740fa689371d2f2cd,-70,,3,64,,3
16:02:30,26.0,3,a93f176c83107361366811d9cb69a691c817b7de0031ec3792fe399dee1a7046,-70,,3,64,,3
16:02:31,26.0,3,e07908a7d32e7f00d5291a13ff283125e40aac15ab2dde8978b20a74017bd541,-85,,3,64,12.0,3
16:02:31,,3,aa20114deb8e653b0533aa04ceca0a91e68de43e53c1df4740fa689371d2f2cd,-69,,3,64,,3
16:02:32,26.0,3,965db984260bfe7b12643f220ce45a100775750186f27b4390262b1d048b4cd9,-76,,3,64,12.0,3
16:02:33,26.0,3,965db984260bfe7b12643f220ce45a100775750186f27b4390262b1d048b4cd9,-81,,3,64,12.0,3
16:02:34,26.0,3,3c313decd04a9a6807b8e9f66381f48afb59a723cbdb85a84de5509559d45c87,-89,,3,64,,3
16:02:35,26.0,3,47ab86af02fe837d744f11a2ece47785174c0177f594f88b0e77138f7effebcf,-93,,3,64,24.0,3
16:02:35,26.0,3,6530485098e5c1566438bd4b32739ab6a956ba1f23dd42340f2370cf1e3cdb67,-80,,3,64,12.0,3
16:02:36,,3,56276f88d4c610e6f3c2a74795d565fdc288eed4e8036f275119172c387c98f3,-64,,3,64,,3
16:02:37,26.0,3,fc6bcd3ad380614af06fd47e2c885759d7e99557666c81d927743755be00a89c,-57,,3,64,8.0,3
16:02:38,26.0,3,45a6f0768d79130000db049c91ffff0cae09b0eca3651396d8e5dabe12f22b9e,-82,,3,64,8.0,3
16:02:39,26.0,3,f52dfab0c140690894815310b2ee44284304a35deafa76bf384cb156ed58aee5,-89,,3,64,8.0,3
16:02:39,,3,d4b81e91485cc5220dfa3c390323b7dabaf1e6bed22af2b890c6630efd285f09,-71,,3,64,,3
16:02:40,26.0,3,a93f176c83107361366811d9cb69a691c817b7de0031ec3792fe399dee1a7046,-76,,3,64,7.0,3
16:02:41,,3,b306c6da322b8402dfceda72bae4c19ac70a7a6597195d6dba08e94bdb5d6dd6,-83,,3,64,,3
16:02:42,26.0,3,88016672fe011cfa07c9ddf2de69d5586ca4e002a64506d69e1b56bc04dd0d46,-81,,3,64,6.0,3
16:02:43,,3,aa20114deb8e653b0533aa04ceca0a91e68de43e53c1df4740fa689371d2f2cd,-71,,3,64,,3
16:02:43,,3,aa20114deb8e653b0533aa04ceca0a91e68de43e53c1df4740fa689371d2f2cd,-72,,3,64,,3
16:02:44,,3,d1cdd572b4d07d94f0f44dc25f7c3cba8f33f971e904db081634abdee51cf86b,-80,,3,64,,3
16:02:45,,3,aa20114deb8e653b0533aa04ceca0a91e68de43e53c1df4740fa689371d2f2cd,-71,,3,64,,3
16:02:46,26.0,3,e07908a7d32e7f00d5291a13ff283125e40aac15ab2dde8978b20a74017bd541,-87,,3,64,12.0,3
16:02:47,26.0,3,6530485098e5c1566438bd4b32739ab6a956ba1f23dd42340f2370cf1e3cdb67,-83,,3,64,12.0,3
16:02:47,26.0,3,624f6cf895132f893cfb730156e6c3a77192e4e68ffddfc6d81cd33e7c4e2f34,-35,,3,64,12.0,3
16:02:48,26.0,3,624f6cf895132f893cfb730156e6c3a77192e4e68ffddfc6d81cd33e7c4e2f34,-38,,3,64,12.0,3
16:02:49,,3,57aafc7664a8ce84b1b5395da01bcab28e06ef4b7e0d1e9047b46697c5fe60e4,-64,,3,64,,3
16:02:50,26.0,3,fc6bcd3ad380614af06fd47e2c885759d7e99557666c81d927743755be00a89c,-66,,3,64,8.0,3
16:02:51,,3,aa20114deb8e653b0533aa04ceca0a91e68de43e53c1df4740fa689371d2f2cd,-68,,3,64,,3
16:02:52,26.0,3,a93f176c83107361366811d9cb69a691c817b7de0031ec3792fe399dee1a7046,-67,,3,64,7.0,3
16:02:52,26.0,3,e07908a7d32e7f00d5291a13ff283125e40aac15ab2dde8978b20a74017bd541,-81,,3,64,12.0,3
16:02:53,,3,57aafc7664a8ce84b1b5395da01bcab28e06ef4b7e0d1e9047b46697c5fe60e4,-71,,3,64,,3
16:02:54,26.0,3,965db984260bfe7b12643f220ce45a100775750186f27b4390262b1d048b4cd9,-76,,3,64,12.0,3
16:02:55,26.0,3,e07908a7d32e7f00d5291a13ff283125e40aac15ab2dde8978b20a74017bd541,-80,,3,64,12.0,3
16:02:56,26.0,3,45a6f0768d79130000db049c91ffff0cae09b0eca3651396d8e5dabe12f22b9e,-83,,3,64,8.0,3
16:02:56,2.0,3,22390bde3bd09ca4ac369d25912d686a6f7b3a67289ca226dfb8a85d3ab5cf35,-94,,3,64,,3
16:02:57,,3,57aafc7664a8ce84b1b5395da01bcab28e06ef4b7e0d1e9047b46697c5fe60e4,-57,,3,64,,3
16:02:58,26.0,3,f52dfab0c140690894815310b2ee44284304a35deafa76bf384cb156ed58aee5,-97,,3,64,8.0,3
16:02:59,26.0,3,ebb3b0dd64e9066b135fc86f605f8b677043e3c06e00d45cfada84e9956e6ef3,-68,,3,64,7.0,3
16:03:00,,3,d52e3e0930cb69675a829a0598eada455ed2a281550c036902b6bb409b6a1dda,-35,,3,64,,3
16:03:00,,3,d1cdd572b4d07d94f0f44dc25f7c3cba8f33f971e904db081634abdee51cf86b,-79,,3,64,,3
16:03:01,,3,b9b81666e3b9eca88520bfaa2c64ed4ceda6c67941f770237bc9b72768382684,-59,,3,64,,3
16:03:02,26.0,3,dbfc7f3c541f46e616728450e1e2515fb6579daf19854efb61801b0dd87ad3f4,-79,,3,64,12.0,3
16:03:03,26.0,3,a93f176c83107361366811d9cb69a691c817b7de0031ec3792fe399dee1a7046,-83,,3,64,7.0,3
16:03:04,,3,d52e3e0930cb69675a829a0598eada455ed2a281550c036902b6bb409b6a1dda,-38,,3,64,,3
16:03:04,26.0,3,3846a3ab9e4a0b7c0a3bfe4619eec7e74d154e9ee753b4043fbe56ae01a2a26c,-80,,3,64,7.0,3
16:03:05,26.0,3,624f6cf895132f893cfb730156e6c3a77192e4e68ffddfc6d81cd33e7c4e2f34,-36,,3,64,12.0,3
16:03:06,26.0,3,624f6cf895132f893cfb730156e6c3a77192e4e68ffddfc6d81cd33e7c4e2f34,-38,,3,64,12.0,3
16:03:07,26.0,3,e07908a7d32e7f00d5291a13ff283125e40aac15ab2dde8978b20a74017bd541,-83,,3,64,12.0,3
16:03:08,26.0,3,dbfc7f3c541f46e616728450e1e2515fb6579daf19854efb61801b0dd87ad3f4,-79,,3,64,12.0,3
16:03:09,26.0,3,88016672fe011cfa07c9ddf2de69d5586ca4e002a64506d69e1b56bc04dd0d46,-85,,3,64,6.0,3
16:03:09,26.0,3,ebb3b0dd64e9066b135fc86f605f8b677043e3c06e00d45cfada84e9956e6ef3,-66,,3,64,7.0,3
16:03:10,26.0,3,64e66eab8c63047080081723ea0f9bb749ceb682df4923b43c8a30a4f7c3a429,-90,,3,64,8.0,3
16:03:11,26.0,3,df2d36d7021019665a5122e535c4075a7fbea9046bc1b6342006f0acf74fa938,-96,,3,64,12.0,3
16:03:11,,3,aa20114deb8e653b0533aa04ceca0a91e68de43e53c1df4740fa689371d2f2cd,-68,,3,64,,3
16:03:12,26.0,3,fc6bcd3ad380614af06fd47e2c885759d7e99557666c81d927743755be00a89c,-65,,3,64,8.0,3
16:03:13,26.0,3,9f59c3632e83688b65cd3913c29924d711c5f003868174534d29118d9bce9aaa,-79,,3,64,8.0,3
16:03:14,,3,193b3a505afbbc29c96a8389e921eb93677dda7a94e802e0f6db592cb9fe762b,-89,,3,64,,3
16:03:15,26.0,3,965db984260bfe7b12643f220ce45a100775750186f27b4390262b1d048b4cd9,-77,,3,64,12.0,3
16:03:16,26.0,3,47c0c44ac524844b5f0a78e977d9a8aefbba250dc1021a20a6ec424344416954,-79,,3,64,12.0,3
16:03:17,26.0,3,64e66eab8c63047080081723ea0f9bb749ceb682df4923b43c8a30a4f7c3a429,-91,,3,64,8.0,3
16:03:17,26.0,3,3846a3ab9e4a0b7c0a3bfe4619eec7e74d154e9ee753b4043fbe56ae01a2a26c,-80,,3,64,7.0,3
16:03:18,26.0,3,965db984260bfe7b12643f220ce45a100775750186f27b4390262b1d048b4cd9,-70,,3,64,12.0,3
16:03:19,,3,72d04eeed0227d7d7505b44e7a0e248736b4c7ddac70c0ec2bd9732a531be736,-78,,3,64,,3
16:03:20,26.0,3,6530485098e5c1566438bd4b32739ab6a956ba1f23dd42340f2370cf1e3cdb67,-84,,3,64,12.0,3
16:03:21,26.0,3,e4366c391a363887059d4a2119c02bd19dd798198e5a49abc3b9df384169f72f,-92,,3,64,12.0,3
16:03:21,26.0,3,399ca840983a37ad33dda8e6b615c247c261cbbb2f9e188fdd0f409deddf99fe,-85,,3,64,12.0,3
16:03:22,26.0,3,47ab86af02fe837d744f11a2ece47785174c0177f594f88b0e77138f7effebcf,-91,,3,64,24.0,3
16:03:23,26.0,3,a93f176c83107361366811d9cb69a691c817b7de0031ec3792fe399dee1a7046,-70,,3,64,7.0,3
16:03:24,26.0,3,cbc62d696468525d904ede9c2c77eb33b1cb552cb4cc59fd2d13f85ab2c334df,-84,,3,64,8.0,3
16:03:25,26.0,3,cbc62d696468525d904ede9c2c77eb33b1cb552cb4cc59fd2d13f85ab2c334df,-84,,3,64,8.0,3
16:03:25,26.0,3,a93f176c83107361366811d9cb69a691c817b7de0031ec3792fe399dee1a7046,-89,,3,64,7.0,3
16:03:26,26.0,3,fc6bcd3ad380614af06fd47e2c885759d7e99557666c81d927743755be00a89c,-65,,3,64,8.0,3
16:03:27,,3,15295f56b7d8ada19ea34037fae54d5e575f96dbb754655074c72c3cdda86c9b,-85,,3,64,,3
16:03:28,26.0,3,9f59c3632e83688b65cd3913c29924d711c5f003868174534d29118d9bce9aaa,-78,,3,64,8.0,3
16:03:29,26.0,3,6530485098e5c1566438bd4b32739ab6a956ba1f23dd42340f2370cf1e3cdb67,-92,,3,64,12.0,3
16:03:30,,3,56276f88d4c610e6f3c2a74795d565fdc288eed4e8036f275119172c387c98f3,-65,,3,64,,3
16:03:30,,3,aa20114deb8e653b0533aa04ceca0a91e68de43e53c1df4740fa689371d2f2cd,-69,,3,64,,3
16:03:31,,3,15295f56b7d8ada19ea34037fae54d5e575f96dbb754655074c72c3cdda86c9b,-90,,3,64,,3
16:03:32,,3,aa20114deb8e653b0533aa04ceca0a91e68de43e53c1df4740fa689371d2f2cd,-68,,3,64,,3
16:03:33,,3,d1cdd572b4d07d94f0f44dc25f7c3cba8f33f971e904db081634abdee51cf86b,-70,,3,64,,3
16:03:34,,3,56276f88d4c610e6f3c2a74795d565fdc288eed4e8036f275119172c387c98f3,-64,,3,64,,3
16:03:34,26.0,3,ebb3b0dd64e9066b135fc86f605f8b677043e3c06e00d45cfada84e9956e6ef3,-63,,3,64,7.0,3
16:03:35,,3,8fb01763ae339d58f23f2365ae19c42e2df1076726aff50a234c8f68bc1381e9,-96,,3,64,,3
16:03:36,26.0,3,df2d36d7021019665a5122e535c4075a7fbea9046bc1b6342006f0acf74fa938,-91,,3,64,12.0,3
16:03:37,,3,aa20114deb8e653b0533aa04ceca0a91e68de43e53c1df4740fa689371d2f2cd,-65,,3,64,,3
16:03:38,26.0,3,cbc62d696468525d904ede9c2c77eb33b1cb552cb4cc59fd2d13f85ab2c334df,-88,,3,64,8.0,3
16:03:38,26.0,3,664b5eb50462da414b5e66f7e294b42028805d73d5ee7514860ce3908bc85142,-82,,3,64,7.0,3
16:03:39,,3,d4b81e91485cc5220dfa3c390323b7dabaf1e6bed22af2b890c6630efd285f09,-84,,3,64,,3
16:03:40,,3,aa20114deb8e653b0533aa04ceca0a91e68de43e53c1df4740fa689371d2f2cd,-72,,3,64,,3
16:03:41,26.0,3,9f59c3632e83688b65cd3913c29924d711c5f003868174534d29118d9bce9aaa,-76,,3,64,8.0,3
16:03:42,26.0,3,399ca840983a37ad33dda8e6b615c247c261cbbb2f9e188fdd0f409deddf99fe,-88,,3,64,12.0,3
16:03:42,26.0,3,3846a3ab9e4a0b7c0a3bfe4619eec7e74d154e9ee753b4043fbe56ae01a2a26c,-86,,3,64,7.0,3
16:03:43,,3,d1ae5eff4ddb0d8318874030b7a170f938e28b8c0f7b5c6f1046cb0db3a7c985,-74,,3,64,,3
16:03:44,26.0,3,fc6bcd3ad380614af06fd47e2c885759d7e99557666c81d927743755be00a89c,-58,,3,64,8.0,3
16:03:45,26.0,3,e4366c391a363887059d4a2119c02bd19dd798198e5a49abc3b9df384169f72f,-83,,3,64,12.0,3
16:03:46,26.0,3,a93f176c83107361366811d9cb69a691c817b7de0031ec3792fe399dee1a7046,-72,,3,64,,3
16:03:46,,3,5bdf3b05873d6683967cf367b0e1f42d62d6f523493094249c21360e2d687a9d,-88,,3,64,,3
16:03:47,26.0,3,64e66eab8c63047080081723ea0f9bb749ceb682df4923b43c8a30a4f7c3a429,-92,,3,64,8.0,3
16:03:48,26.0,3,6530485098e5c1566438bd4b32739ab6a956ba1f23dd42340f2370cf1e3cdb67,-79,,3,64,12.0,3
16:03:49,26.0,3,a93f176c83107361366811d9cb69a691c817b7de0031ec3792fe399dee1a7046,-81,,3,64,,3
16:03:50,26.0,3,47c0c44ac524844b5f0a78e977d9a8aefbba250dc1021a20a6ec424344416954,-84,,3,64,12.0,3
16:03:50,26.0,3,dbfc7f3c541f46e616728450e1e2515fb6579daf19854efb61801b0dd87ad3f4,-79,,3,64,12.0,3
16:03:51,26.0,3,ca238ade3274ab127e74eaf507eb7ca02ad89c2961d7f4e8332f76d079ad6b3f,-93,,3,64,8.0,3
16:03:52,26.0,3,fc6bcd3ad380614af06fd47e2c885759d7e99557666c81d927743755be00a89c,-75,,3,64,8.0,3
16:03:53,26.0,3,7ba8afb13cacce448af1756a659263308ef5220b8b636b739f098e43504741c2,-75,,3,64,7.0,3
16:03:54,26.0,3,88016672fe011cfa07c9ddf2de69d5586ca4e002a64506d69e1b56bc04dd0d46,-90,,3,64,6.0,3
16:03:54,26.0,3,64e66eab8c63047080081723ea0f9bb749ceb682df4923b43c8a30a4f7c3a429,-95,,3,64,7.0,3
16:03:55,,3,57aafc7664a8ce84b1b5395da01bcab28e06ef4b7e0d1e9047b46697c5fe60e4,-60,,3,64,,3
16:03:56,26.0,3,cbc62d696468525d904ede9c2c77eb33b1cb552cb4cc59fd2d13f85ab2c334df,-87,,3,64,8.0,3
16:03:57,,3,aa20114deb8e653b0533aa04ceca0a91e68de43e53c1df4740fa689371d2f2cd,-63,,3,64,,3
16:03:58,,3,aa20114deb8e653b0533aa04ceca0a91e68de43e53c1df4740fa689371d2f2cd,-64,,3,64,,3
16:03:58,,3,aa20114deb8e653b0533aa04ceca0a91e68de43e53c1df4740fa689371d2f2cd,-64,,3,64,,3
16:03:59,26.0,3,399ca840983a37ad33dda8e6b615c247c261cbbb2f9e188fdd0f409deddf99fe,-92,,3,64,12.0,3
16:04:00,26.0,3,4a9fcc879ffe472fa114dde43f512c0985534e6b028cc9a1d85313037dfe332c,-87,Tb81,3,64,,3
16:04:01,,3,e6bc4db7350161cfa34d4d29ebccc6d2131fba6e86a227deeefaa3abc95952e2,-95,,3,64,,3
16:04:02,26.0,3,965db984260bfe7b12643f220ce45a100775750186f27b4390262b1d048b4cd9,-77,,3,64,12.0,3
16:04:02,26.0,3,88016672fe011cfa07c9ddf2de69d5586ca4e002a64506d69e1b56bc04dd0d46,-86,,3,64,6.0,3
16:04:03,26.0,3,965db984260bfe7b12643f220ce45a100775750186f27b4390262b1d048b4cd9,-76,,3,64,12.0,3
16:04:04,,3,aa20114deb8e653b0533aa04ceca0a91e68de43e53c1df4740fa689371d2f2cd,-74,,3,64,,3
16:04:05,26.0,3,dbfc7f3c541f46e616728450e1e2515fb6579daf19854efb61801b0dd87ad3f4,-77,,3,64,12.0,3
16:04:06,,3,2092b6353b30f36b7152ed65439a89e8d060faddd0aadf83fe7fbea45e02b404,-72,,3,64,,3
16:04:06,26.0,3,f52dfab0c140690894815310b2ee44284304a35deafa76bf384cb156ed58aee5,-93,,3,64,8.0,3
16:04:07,26.0,3,dbfc7f3c541f46e616728450e1e2515fb6579daf19854efb61801b0dd87ad3f4,-78,,3,64,12.0,3
16:04:08,26.0,3,fc6bcd3ad380614af06fd47e2c885759d7e99557666c81d927743755be00a89c,-54,,3,64,8.0,3
16:04:09,26.0,3,664b5eb50462da414b5e66f7e294b42028805d73d5ee7514860ce3908bc85142,-85,,3,64,7.0,3
16:04:10,,3,aa20114deb8e653b0533aa04ceca0a91e68de43e53c1df4740fa689371d2f2cd,-71,,3,64,,3
16:04:10,26.0,3,9f59c3632e83688b65cd3913c29924d711c5f003868174534d29118d9bce9aaa,-84,,3,64,8.0,3
16:04:11,26.0,3,88016672fe011cfa07c9ddf2de69d5586ca4e002a64506d69e1b56bc04dd0d46,-90,,3,64,6.0,3
16:04:12,26.0,3,e4366c391a363887059d4a2119c02bd19dd798198e5a49abc3b9df384169f72f,-87,,3,64,12.0,3
16:04:13,26.0,3,47c0c44ac524844b5f0a78e977d9a8aefbba250dc1021a20a6ec424344416954,-82,,3,64,12.0,3
16:04:14,26.0,3,399ca840983a37ad33dda8e6b615c247c261cbbb2f9e188fdd0f409deddf99fe,-74,,3,64,12.0,3
16:04:14,,3,aa20114deb8e653b0533aa04ceca0a91e68de43e53c1df4740fa689371d2f2cd,-65,,3,64,,3
16:04:15,,3,aa20114deb8e653b0533aa04ceca0a91e68de43e53c1df4740fa689371d2f2cd,-64,,3,64,,3
16:04:16,26.0,3,399ca840983a37ad33dda8e6b615c247c261cbbb2f9e188fdd0f409deddf99fe,-73,,3,64,12.0,3
16:04:17,26.0,3,df2d36d7021019665a5122e535c4075a7fbea9046bc1b6342006f0acf74fa938,-89,,3,64,12.0,3
16:04:18,26.0,3,6530485098e5c1566438bd4b32739ab6a956ba1f23dd42340f2370cf1e3cdb67,-86,,3,64,12.0,3
16:04:18,26.0,3,fc6bcd3ad380614af06fd47e2c885759d7e99557666c81d927743755be00a89c,-61,,3,64,8.0,3
16:04:19,26.0,3,a93f176c83107361366811d9cb69a691c817b7de0031ec3792fe399dee1a7046,-76,,3,64,7.0,3
16:04:20,26.0,3,64e66eab8c63047080081723ea0f9bb749ceb682df4923b43c8a30a4f7c3a429,-92,,3,64,7.0,3
16:04:21,26.0,3,88016672fe011cfa07c9ddf2de69d5586ca4e002a64506d69e1b56bc04dd0d46,-84,,3,64,6.0,3
16:04:22,,3,f8f2642504f7e7e93782348f8acc0ce9331b275a7ac89972372cd4044fe4bf05,-88,,3,64,,3
16:04:22,,3,aa20114deb8e653b0533aa04ceca0a91e68de43e53c1df4740fa689371d2f2cd,-86,,3,64,,3
16:04:23,,3,b9b81666e3b9eca88520bfaa2c64ed4ceda6c67941f770237bc9b72768382684,-58,,3,64,,3
16:04:24,26.0,3,dbfc7f3c541f46e616728450e1e2515fb6579daf19854efb61801b0dd87ad3f4,-85,,3,64,12.0,3
16:04:25,26.0,3,dbfc7f3c541f46e616728450e1e2515fb6579daf19854efb61801b0dd87ad3f4,-80,,3,64,12.0,3
16:04:26,26.0,3,fc6bcd3ad380614af06fd47e2c885759d7e99557666c81d927743755be00a89c,-67,,3,64,8.0,3
16:04:26,,3,aa20114deb8e653b0533aa04ceca0a91e68de43e53c1df4740fa689371d2f2cd,-70,,3,64,,3
16:04:27,,3,b9b81666e3b9eca88520bfaa2c64ed4ceda6c67941f770237bc9b72768382684,-61,,3,64,,3
16:04:28,,3,d1cdd572b4d07d94f0f44dc25f7c3cba8f33f971e904db081634abdee51cf86b,-82,,3,64,,3
16:04:29,26.0,3,47c0c44ac524844b5f0a78e977d9a8aefbba250dc1021a20a6ec424344416954,-83,,3,64,12.0,3
16:04:29,26.0,3,7ba8afb13cacce448af1756a659263308ef5220b8b636b739f098e43504741c2,-64,,3,64,7.0,3
16:04:30,26.0,3,399ca840983a37ad33dda8e6b615c247c261cbbb2f9e188fdd0f409deddf99fe,-83,,3,64,12.0,3
16:04:31,,3,b9b81666e3b9eca88520bfaa2c64ed4ceda6c67941f770237bc9b72768382684,-63,,3,64,,3
16:04:32,26.0,3,965db984260bfe7b12643f220ce45a100775750186f27b4390262b1d048b4cd9,-78,,3,64,12.0,3
16:04:33,,3,aa20114deb8e653b0533aa04ceca0a91e68de43e53c1df4740fa689371d2f2cd,-71,,3,64,,3
16:04:34,26.0,3,fc6bcd3ad380614af06fd47e2c885759d7e99557666c81d927743755be00a89c,-58,,3,64,8.0,3
16:04:34,26.0,3,cbc62d696468525d904ede9c2c77eb33b1cb552cb4cc59fd2d13f85ab2c334df,-80,,3,64,8.0,3
16:04:35,,3,aa20114deb8e653b0533aa04ceca0a91e68de43e53c1df4740fa689371d2f2cd,-72,,3,64,,3
16:04:36,26.0,3,3846a3ab9e4a0b7c0a3bfe4619eec7e74d154e9ee753b4043fbe56ae01a2a26c,-82,,3,64,7.0,3
16:04:37,26.0,3,dbfc7f3c541f46e616728450e1e2515fb6579daf19854efb61801b0dd87ad3f4,-81,,3,64,12.0,3
16:04:38,26.0,3,399ca840983a37ad33dda8e6b615c247c261cbbb2f9e188fdd0f409deddf99fe,-80,,3,64,12.0,3
16:04:38,26.0,3,9f59c3632e83688b65cd3913c29924d711c5f003868174534d29118d9bce9aaa,-88,,3,64,8.0,3
16:04:39,26.0,3,7ba8afb13cacce448af1756a659263308ef5220b8b636b739f098e43504741c2,-63,,3,64,7.0,3
16:04:40,26.0,3,a93f176c83107361366811d9cb69a691c817b7de0031ec3792fe399dee1a7046,-83,,3,64,7.0,3
16:04:41,26.0,3,9f59c3632e83688b65cd3913c29924d711c5f003868174534d29118d9bce9aaa,-86,,3,64,8.0,3
16:04:42,26.0,3,47c0c44ac524844b5f0a78e977d9a8aefbba250dc1021a20a6ec424344416954,-78,,3,64,12.0,3
16:04:42,26.0,3,47c0c44ac524844b5f0a78e977d9a8aefbba250dc1021a20a6ec424344416954,-78,,3,64,12.0,3
16:04:43,,3,aa20114deb8e653b0533aa04ceca0a91e68de43e53c1df4740fa689371d2f2cd,-65,,3,64,,3
16:04:44,26.0,3,88016672fe011cfa07c9ddf2de69d5586ca4e002a64506d69e1b56bc04dd0d46,-89,,3,64,6.0,3
16:04:45,,3,209d868e08f8ba049b626532dc2fdbf459834f4dfa51427b2e21ee8180fd4f2b,-80,,3,64,,3
16:04:46,26.0,3,6530485098e5c1566438bd4b32739ab6a956ba1f23dd42340f2370cf1e3cdb67,-89,,3,64,12.0,3
16:04:46,26.0,3,965db984260bfe7b12643f220ce45a100775750186f27b4390262b1d048b4cd9,-83,,3,64,12.0,3
16:04:47,26.0,3,a93f176c83107361366811d9cb69a691c817b7de0031ec3792fe399dee1a7046,-75,,3,64,7.0,3
16:04:48,26.0,3,3846a3ab9e4a0b7c0a3bfe4619eec7e74d154e9ee753b4043fbe56ae01a2a26c,-86,,3,64,7.0,3
16:04:49,26.0,3,7ba8afb13cacce448af1756a659263308ef5220b8b636b739f098e43504741c2,-63,,3,64,7.0,3
16:04:50,26.0,3,7ba8afb13cacce448af1756a659263308ef5220b8b636b739f098e43504741c2,-68,,3,64,7.0,3
16:04:50,26.0,3,fc6bcd3ad380614af06fd47e2c885759d7e99557666c81d927743755be00a89c,-58,,3,64,8.0,3
16:04:51,,3,aa20114deb8e653b0533aa04ceca0a91e68de43e53c1df4740fa689371d2f2cd,-75,,3,64,,3
16:04:52,2.0,3,22390bde3bd09ca4ac369d25912d686a6f7b3a67289ca226dfb8a85d3ab5cf35,-92,,3,64,,3
16:04:53,,3,e97ca9c349c790aff794c81398455f04ab3485a5b82a5ef16d7d2e1c24c7111f,-85,,3,64,,3
16:04:54,,3,d1cdd572b4d07d94f0f44dc25f7c3cba8f33f971e904db081634abdee51cf86b,-72,,3,64,,3
16:04:54,26.0,3,cbc62d696468525d904ede9c2c77eb33b1cb552cb4cc59fd2d13f85ab2c334df,-78,,3,64,8.0,3
16:04:55,26.0,3,a93f176c83107361366811d9cb69a691c817b7de0031ec3792fe399dee1a7046,-80,,3,64,7.0,3
16:04:56,26.0,3,47c0c44ac524844b5f0a78e977d9a8aefbba250dc1021a20a6ec424344416954,-78,,3,64,12.0,3
16:04:57,,3,e97ca9c349c790aff794c81398455f04ab3485a5b82a5ef16d7d2e1c24c7111f,-84,,3,64,,3
16:04:58,26.0,3,e4366c391a363887059d4a2119c02bd19dd798198e5a49abc3b9df384169f72f,-83,,3,64,12.0,3
16:04:58,26.0,3,7ba8afb13cacce448af1756a659263308ef5220b8b636b739f098e43504741c2,-70,,3,64,7.0,3
16:04:59,,3,d4b81e91485cc5220dfa3c390323b7dabaf1e6bed22af2b890c6630efd285f09,-77,,3,64,,3
16:05:00,26.0,3,fc6bcd3ad380614af06fd47e2c885759d7e99557666c81d927743755be00a89c,-58,,3,64,8.0,3
16:05:01,,3,e97ca9c349c790aff794c81398455f04ab3485a5b82a5ef16d7d2e1c24c7111f,-84,,3,64,,3
16:05:02,,3,d1cdd572b4d07d94f0f44dc25f7c3cba8f33f971e904db081634abdee51cf86b,-70,,3,64,,3
16:05:02,26.0,3,88016672fe011cfa07c9ddf2de69d5586ca4e002a64506d69e1b56bc04dd0d46,-88,,3,64,6.0,3
16:05:03,,3,6c62698b3e9dcc0b38f422263890e493233cea67bca7c7f4bf89b7d8ba468bda,-88,,3,64,,3
16:05:04,26.0,3,6530485098e5c1566438bd4b32739ab6a956ba1f23dd42340f2370cf1e3cdb67,-83,,3,64,12.0,3
16:05:05,,3,e6bc4db7350161cfa34d4d29ebccc6d2131fba6e86a227deeefaa3abc95952e2,-96,,3,64,,3
16:05:06,,3,aa20114deb8e653b0533aa04ceca0a91e68de43e53c1df4740fa689371d2f2cd,-77,,3,64,,3
16:05:06,26.0,3,dbfc7f3c541f46e616728450e1e2515fb6579daf19854efb61801b0dd87ad3f4,-80,,3,64,12.0,3
16:05:07,26.0,3,7ba8afb13cacce448af1756a659263308ef5220b8b636b739f098e43504741c2,-77,,3,64,7.0,3
16:05:08,,3,8fb01763ae339d58f23f2365ae19c42e2df1076726aff50a234c8f68bc1381e9,-89,,3,64,,3
16:05:09,,3,e97ca9c349c790aff794c81398455f04ab3485a5b82a5ef16d7d2e1c24c7111f,-82,,3,64,,3
16:05:10,26.0,3,47c0c44ac524844b5f0a78e977d9a8aefbba250dc1021a20a6ec424344416954,-81,,3,64,12.0,3
16:05:10,,3,aa20114deb8e653b0533aa04ceca0a91e68de43e53c1df4740fa689371d2f2cd,-71,,3,64,,3
16:05:11,26.0,3,6530485098e5c1566438bd4b32739ab6a956ba1f23dd42340f2370cf1e3cdb67,-83,,3,64,12.0,3
16:05:12,26.0,3,e4366c391a363887059d4a2119c02bd19dd798198e5a49abc3b9df384169f72f,-86,,3,64,12.0,3
16:05:13,,3,e97ca9c349c790aff794c81398455f04ab3485a5b82a5ef16d7d2e1c24c7111f,-84,,3,64,,3
16:05:14,26.0,3,9f59c3632e83688b65cd3913c29924d711c5f003868174534d29118d9bce9aaa,-77,,3,64,8.0,3
16:05:14,26.0,3,399ca840983a37ad33dda8e6b615c247c261cbbb2f9e188fdd0f409deddf99fe,-76,,3,64,12.0,3
16:05:15,26.0,3,cbc62d696468525d904ede9c2c77eb33b1cb552cb4cc59fd2d13f85ab2c334df,-75,,3,64,8.0,3
16:05:16,26.0,3,4a9fcc879ffe472fa114dde43f512c0985534e6b028cc9a1d85313037dfe332c,-87,Tb81,3,64,,3
16:05:17,,3,e97ca9c349c790aff794c81398455f04ab3485a5b82a5ef16d7d2e1c24c7111f,-89,,3,64,,3
16:05:18,26.0,3,965db984260bfe7b12643f220ce45a100775750186f27b4390262b1d048b4cd9,-72,,3,64,12.0,3
16:05:18,26.0,3,ca238ade3274ab127e74eaf507eb7ca02ad89c2961d7f4e8332f76d079ad6b3f,-89,,3,64,8.0,3
16:05:19,26.0,3,88016672fe011cfa07c9ddf2de69d5586ca4e002a64506d69e1b56bc04dd0d46,-81,,3,64,6.0,3
16:05:20,26.0,3,dbfc7f3c541f46e616728450e1e2515fb6579daf19854efb61801b0dd87ad3f4,-78,,3,64,12.0,3
16:05:21,26.0,3,a93f176c83107361366811d9cb69a691c817b7de0031ec3792fe399dee1a7046,-81,,3,64,7.0,3
16:05:22,26.0,3,cbc62d696468525d904ede9c2c77eb33b1cb552cb4cc59fd2d13f85ab2c334df,-77,,3,64,8.0,3
16:05:22,26.0,3,6530485098e5c1566438bd4b32739ab6a956ba1f23dd42340f2370cf1e3cdb67,-81,,3,64,12.0,3
16:05:23,26.0,3,64e66eab8c63047080081723ea0f9bb749ceb682df4923b43c8a30a4f7c3a429,-91,,3,64,7.0,3
16:05:24,,3,aa20114deb8e653b0533aa04ceca0a91e68de43e53c1df4740fa689371d2f2cd,-64,,3,64,,3
16:05:25,26.0,3,fc6bcd3ad380614af06fd47e2c885759d7e99557666c81d927743755be00a89c,-68,,3,64,8.0,3
16:05:26,26.0,3,e4366c391a363887059d4a2119c02bd19dd798198e5a49abc3b9df384169f72f,-82,,3,64,12.0,3
16:05:26,26.0,3,624f6cf895132f893cfb730156e6c3a77192e4e68ffddfc6d81cd33e7c4e2f34,-49,,3,64,12.0,3
16:05:27,26.0,3,624f6cf895132f893cfb730156e6c3a77192e4e68ffddfc6d81cd33e7c4e2f34,-51,,3,64,12.0,3
16:05:28,,3,aa20114deb8e653b0533aa04ceca0a91e68de43e53c1df4740fa689371d2f2cd,-65,,3,64,,3
16:05:29,26.0,3,9f59c3632e83688b65cd3913c29924d711c5f003868174534d29118d9bce9aaa,-74,,3,64,8.0,3
16:05:30,26.0,3,a93f176c83107361366811d9cb69a691c817b7de0031ec3792fe399dee1a7046,-78,,3,64,7.0,3
16:05:30,26.0,3,4a9fcc879ffe472fa114dde43f512c0985534e6b028cc9a1d85313037dfe332c,-93,Tb81,3,64,,3
16:05:31,26.0,3,a93f176c83107361366811d9cb69a691c817b7de0031ec3792fe399dee1a7046,-83,,3,64,7.0,3
16:05:32,,3,d1ae5eff4ddb0d8318874030b7a170f938e28b8c0f7b5c6f1046cb0db3a7c985,-80,,3,64,,3
16:05:33,,3,e97ca9c349c790aff794c81398455f04ab3485a5b82a5ef16d7d2e1c24c7111f,-81,,3,64,,3
16:05:34,26.0,3,9f59c3632e83688b65cd3913c29924d711c5f003868174534d29118d9bce9aaa,-78,,3,64,8.0,3
16:05:34,26.0,3,399b30aced61db093ed654e58c09e820093ea15b46f4ccaffc175e8bf23cdc6c,-95,,3,64,8.0,3
16:05:35,2.0,3,22390bde3bd09ca4ac369d25912d686a6f7b3a67289ca226dfb8a85d3ab5cf35,-94,,3,64,,3
16:05:36,26.0,3,3846a3ab9e4a0b7c0a3bfe4619eec7e74d154e9ee753b4043fbe56ae01a2a26c,-78,,3,64,7.0,3
16:05:37,26.0,3,3846a3ab9e4a0b7c0a3bfe4619eec7e74d154e9ee753b4043fbe56ae01a2a26c,-86,,3,64,7.0,3
16:05:38,26.0,3,88016672fe011cfa07c9ddf2de69d5586ca4e002a64506d69e1b56bc04dd0d46,-81,,3,64,6.0,3
16:05:39,26.0,3,cbc62d696468525d904ede9c2c77eb33b1cb552cb4cc59fd2d13f85ab2c334df,-85,,3,64,8.0,3
16:05:39,26.0,3,1ddcc377e0ddb0ae263b72693f3ec429bda1a82c268b899b36945ba913790fcc,-80,,3,64,7.0,3
16:05:40,26.0,3,a93f176c83107361366811d9cb69a691c817b7de0031ec3792fe399dee1a7046,-76,,3,64,7.0,3
16:05:41,26.0,3,da4dae1fd8b4131973c42df4deb3f0ce78932d8e1ad7f1f9cfc1893c6d0d6773,-46,,3,64,12.0,3
16:05:42,26.0,3,da4dae1fd8b4131973c42df4deb3f0ce78932d8e1ad7f1f9cfc1893c6d0d6773,-47,,3,64,12.0,3
16:05:43,26.0,3,399ca840983a37ad33dda8e6b615c247c261cbbb2f9e188fdd0f409deddf99fe,-75,,3,64,12.0,3
16:05:43,26.0,3,64e66eab8c63047080081723ea0f9bb749ceb682df4923b43c8a30a4f7c3a429,-90,,3,64,7.0,3
16:05:44,26.0,3,7ba8afb13cacce448af1756a659263308ef5220b8b636b739f098e43504741c2,-79,,3,64,7.0,3
16:05:45,26.0,3,965db984260bfe7b12643f220ce45a100775750186f27b4390262b1d048b4cd9,-72,,3,64,12.0,3
16:05:46,26.0,3,da4dae1fd8b4131973c42df4deb3f0ce78932d8e1ad7f1f9cfc1893c6d0d6773,-40,,3,64,12.0,3
16:05:47,2.0,3,22390bde3bd09ca4ac369d25912d686a6f7b3a67289ca226dfb8a85d3ab5cf35,-94,,3,64,,3
16:05:47,26.0,3,965db984260bfe7b12643f220ce45a100775750186f27b4390262b1d048b4cd9,-74,,3,64,12.0,3
16:05:48,26.0,3,a93f176c83107361366811d9cb69a691c817b7de0031ec3792fe399dee1a7046,-77,,3,64,7.0,3
16:05:49,,3,4512d5e08e2d22c3d4df085329bbb520b8e88c9651edbb1da76bf6bd8a3fa0ee,-95,,3,64,,3
16:05:50,26.0,3,1ddcc377e0ddb0ae263b72693f3ec429bda1a82c268b899b36945ba913790fcc,-78,,3,64,7.0,3
16:05:51,26.0,3,1ddcc377e0ddb0ae263b72693f3ec429bda1a82c268b899b36945ba913790fcc,-73,,3,64,7.0,3
16:05:51,2.0,3,22390bde3bd09ca4ac369d25912d686a6f7b3a67289ca226dfb8a85d3ab5cf35,-92,,3,64,,3
16:05:52,26.0,3,dbfc7f3c541f46e616728450e1e2515fb6579daf19854efb61801b0dd87ad3f4,-79,,3,64,12.0,3
16:05:53,26.0,3,dbfc7f3c541f46e616728450e1e2515fb6579daf19854efb61801b0dd87ad3f4,-88,,3,64,12.0,3
16:05:54,26.0,3,7ba8afb13cacce448af1756a659263308ef5220b8b636b739f098e43504741c2,-72,,3,64,7.0,3
16:05:55,26.0,3,399ca840983a37ad33dda8e6b615c247c261cbbb2f9e188fdd0f409deddf99fe,-83,,3,64,12.0,3
16:05:55,26.0,3,47c0c44ac524844b5f0a78e977d9a8aefbba250dc1021a20a6ec424344416954,-80,,3,64,12.0,3
16:05:56,26.0,3,f52dfab0c140690894815310b2ee44284304a35deafa76bf384cb156ed58aee5,-86,,3,64,8.0,3
16:05:57,26.0,3,fc6bcd3ad380614af06fd47e2c885759d7e99557666c81d927743755be00a89c,-56,,3,64,8.0,3
16:05:58,26.0,3,ca238ade3274ab127e74eaf507eb7ca02ad89c2961d7f4e8332f76d079ad6b3f,-91,,3,64,8.0,3
16:05:59,26.0,3,9f59c3632e83688b65cd3913c29924d711c5f003868174534d29118d9bce9aaa,-89,,3,64,8.0,3
16:05:59,,3,b9b81666e3b9eca88520bfaa2c64ed4ceda6c67941f770237bc9b72768382684,-57,,3,64,,3
16:06:00,,3,aa20114deb8e653b0533aa04ceca0a91e68de43e53c1df4740fa689371d2f2cd,-72,,3,64,,3
16:06:01,26.0,3,1ddcc377e0ddb0ae263b72693f3ec429bda1a82c268b899b36945ba913790fcc,-82,,3,64,7.0,3
16:06:02,26.0,3,a93f176c83107361366811d9cb69a691c817b7de0031ec3792fe399dee1a7046,-76,,3,64,7.0,3
16:06:02,26.0,3,da4dae1fd8b4131973c42df4deb3f0ce78932d8e1ad7f1f9cfc1893c6d0d6773,-41,,3,64,12.0,3
16:06:03,26.0,3,7ba8afb13cacce448af1756a659263308ef5220b8b636b739f098e43504741c2,-69,,3,64,7.0,3
16:06:04,26.0,3,399ca840983a37ad33dda8e6b615c247c261cbbb2f9e188fdd0f409deddf99fe,-86,,3,64,12.0,3
16:06:05,,3,aa20114deb8e653b0533aa04ceca0a91e68de43e53c1df4740fa689371d2f2cd,-69,,3,64,,3
16:06:06,26.0,3,965db984260bfe7b12643f220ce45a100775750186f27b4390262b1d048b4cd9,-77,,3,64,12.0,3
16:06:06,26.0,3,3846a3ab9e4a0b7c0a3bfe4619eec7e74d154e9ee753b4043fbe56ae01a2a26c,-80,,3,64,7.0,3
16:06:07,,3,aa20114deb8e653b0533aa04ceca0a91e68de43e53c1df4740fa689371d2f2cd,-71,,3,64,,3
16:06:08,,3,bbcbabed17a630655bf38baf15aff3ee2a5d41c7914c3e4f40ace0ce9198ac80,-82,,3,64,,3
16:06:09,26.0,3,fc6bcd3ad380614af06fd47e2c885759d7e99557666c81d927743755be00a89c,-58,,3,64,8.0,3
16:06:10,26.0,3,88016672fe011cfa07c9ddf2de69d5586ca4e002a64506d69e1b56bc04dd0d46,-88,,3,64,6.0,3
16:06:11,26.0,3,dbfc7f3c541f46e616728450e1e2515fb6579daf19854efb61801b0dd87ad3f4,-84,,3,64,12.0,3
16:06:12,26.0,3,a93f176c83107361366811d9cb69a691c817b7de0031ec3792fe399dee1a7046,-79,,3,64,7.0,3
16:06:12,,3,bbcbabed17a630655bf38baf15aff3ee2a5d41c7914c3e4f40ace0ce9198ac80,-84,,3,64,,3
16:06:13,26.0,3,965db984260bfe7b12643f220ce45a100775750186f27b4390262b1d048b4cd9,-79,,3,64,12.0,3
16:06:14,26.0,3,9f59c3632e83688b65cd3913c29924d711c5f003868174534d29118d9bce9aaa,-81,,3,64,8.0,3
16:06:15,26.0,3,47c0c44ac524844b5f0a78e977d9a8aefbba250dc1021a20a6ec424344416954,-79,,3,64,12.0,3
16:06:16,,3,aa20114deb8e653b0533aa04ceca0a91e68de43e53c1df4740fa689371d2f2cd,-71,,3,64,,3
16:06:16,,3,fc1e2ac82ee64761176e0e86a050c42b3e432df75fa3c1ca8c659c239bfa942c,-92,,3,64,,3
16:06:17,,3,d4b81e91485cc5220dfa3c390323b7dabaf1e6bed22af2b890c6630efd285f09,-68,,3,64,,3
16:06:18,26.0,3,7ba8afb13cacce448af1756a659263308ef5220b8b636b739f098e43504741c2,-69,,3,64,7.0,3
16:06:19,,3,57aafc7664a8ce84b1b5395da01bcab28e06ef4b7e0d1e9047b46697c5fe60e4,-58,,3,64,,3
16:06:20,,3,6c62698b3e9dcc0b38f422263890e493233cea67bca7c7f4bf89b7d8ba468bda,-81,,3,64,,3
16:06:20,,3,fc1e2ac82ee64761176e0e86a050c42b3e432df75fa3c1ca8c659c239bfa942c,-87,,3,64,,3
16:06:21,26.0,3,664b5eb50462da414b5e66f7e294b42028805d73d5ee7514860ce3908bc85142,-88,,3,64,7.0,3
16:06:22,26.0,3,9f59c3632e83688b65cd3913c29924d711c5f003868174534d29118d9bce9aaa,-85,,3,64,8.0,3
16:06:23,26.0,3,f52dfab0c140690894815310b2ee44284304a35deafa76bf384cb156ed58aee5,-87,,3,64,,3
16:06:24,26.0,3,a93f176c83107361366811d9cb69a691c817b7de0031ec3792fe399dee1a7046,-72,,3,64,7.0,3
16:06:24,26.0,3,da4dae1fd8b4131973c42df4deb3f0ce78932d8e1ad7f1f9cfc1893c6d0d6773,-47,,3,64,12.0,3
16:06:25,26.0,3,da4dae1fd8b4131973c42df4deb3f0ce78932d8e1ad7f1f9cfc1893c6d0d6773,-48,,3,64,12.0,3
16:06:26,26.0,3,da4dae1fd8b4131973c42df4deb3f0ce78932d8e1ad7f1f9cfc1893c6d0d6773,-47,,3,64,12.0,3
16:06:27,26.0,3,cbc62d696468525d904ede9c2c77eb33b1cb552cb4cc59fd2d13f85ab2c334df,-83,,3,64,8.0,3
16:06:27,26.0,3,965db984260bfe7b12643f220ce45a100775750186f27b4390262b1d048b4cd9,-79,,3,64,12.0,3
16:06:28,26.0,3,da4dae1fd8b4131973c42df4deb3f0ce78932d8e1ad7f1f9cfc1893c6d0d6773,-49,,3,64,12.0,3
16:06:29,,3,56276f88d4c610e6f3c2a74795d565fdc288eed4e8036f275119172c387c98f3,-72,,3,64,,3
16:06:30,26.0,3,9f59c3632e83688b65cd3913c29924d711c5f003868174534d29118d9bce9aaa,-94,,3,64,8.0,3
16:06:31,26.0,3,7ba8afb13cacce448af1756a659263308ef5220b8b636b739f098e43504741c2,-66,,3,64,7.0,3
16:06:32,26.0,3,88016672fe011cfa07c9ddf2de69d5586ca4e002a64506d69e1b56bc04dd0d46,-89,,3,64,6.0,3
16:06:32,26.0,3,1ddcc377e0ddb0ae263b72693f3ec429bda1a82c268b899b36945ba913790fcc,-75,,3,64,7.0,3
16:06:33,,3,d4b81e91485cc5220dfa3c390323b7dabaf1e6bed22af2b890c6630efd285f09,-75,,3,64,,3
16:06:34,26.0,3,dbfc7f3c541f46e616728450e1e2515fb6579daf19854efb61801b0dd87ad3f4,-77,,3,64,12.0,3
16:06:35,,3,aa20114deb8e653b0533aa04ceca0a91e68de43e53c1df4740fa689371d2f2cd,-68,,3,64,,3
16:06:36,26.0,3,a93f176c83107361366811d9cb69a691c817b7de0031ec3792fe399dee1a7046,-78,,3,64,7.0,3
16:06:36,26.0,3,a93f176c83107361366811d9cb69a691c817b7de0031ec3792fe399dee1a7046,-75,,3,64,7.0,3
16:06:37,26.0,3,7ba8afb13cacce448af1756a659263308ef5220b8b636b739f098e43504741c2,-76,,3,64,7.0,3
16:06:38,26.0,3,cbc62d696468525d904ede9c2c77eb33b1cb552cb4cc59fd2d13f85ab2c334df,-79,,3,64,8.0,3
16:06:39,26.0,3,cbc62d696468525d904ede9c2c77eb33b1cb552cb4cc59fd2d13f85ab2c334df,-74,,3,64,8.0,3
16:06:40,,3,aa20114deb8e653b0533aa04ceca0a91e68de43e53c1df4740fa689371d2f2cd,-68,,3,64,,3
16:06:41,26.0,3,9f59c3632e83688b65cd3913c29924d711c5f003868174534d29118d9bce9aaa,-75,,3,64,8.0,3
16:06:41,26.0,3,fc6bcd3ad380614af06fd47e2c885759d7e99557666c81d927743755be00a89c,-57,,3,64,8.0,3
16:06:42,26.0,3,88016672fe011cfa07c9ddf2de69d5586ca4e002a64506d69e1b56bc04dd0d46,-84,,3,64,6.0,3
16:06:43,26.0,3,9f59c3632e83688b65cd3913c29924d711c5f003868174534d29118d9bce9aaa,-86,,3,64,8.0,3
16:06:44,,3,a159fe7e2df4e1e8bc3ec6f65292dd75f21936f18b0e26dd147bb50d136a3c96,-95,,3,64,,3
16:06:45,26.0,3,6530485098e5c1566438bd4b32739ab6a956ba1f23dd42340f2370cf1e3cdb67,-92,,3,64,12.0,3
16:06:45,26.0,3,f52dfab0c140690894815310b2ee44284304a35deafa76bf384cb156ed58aee5,-86,,3,64,,3
16:06:46,26.0,3,da4dae1fd8b4131973c42df4deb3f0ce78932d8e1ad7f1f9cfc1893c6d0d6773,-48,,3,64,12.0,3
16:06:47,,3,aa20114deb8e653b0533aa04ceca0a91e68de43e53c1df4740fa689371d2f2cd,-69,,3,64,,3
16:06:48,,3,8fb01763ae339d58f23f2365ae19c42e2df1076726aff50a234c8f68bc1381e9,-94,,3,64,,3
16:06:49,26.0,3,cbc62d696468525d904ede9c2c77eb33b1cb552cb4cc59fd2d13f85ab2c334df,-81,,3,64,8.0,3
16:06:49,26.0,3,7ba8afb13cacce448af1756a659263308ef5220b8b636b739f098e43504741c2,-70,,3,64,7.0,3
16:06:50,26.0,3,965db984260bfe7b12643f220ce45a100775750186f27b4390262b1d048b4cd9,-70,,3,64,12.0,3
16:06:51,26.0,3,965db984260bfe7b12643f220ce45a100775750186f27b4390262b1d048b4cd9,-75,,3,64,12.0,3
16:06:52,26.0,3,cbc62d696468525d904ede9c2c77eb33b1cb552cb4cc59fd2d13f85ab2c334df,-81,,3,64,8.0,3
16:06:53,26.0,3,fc6bcd3ad380614af06fd47e2c885759d7e99557666c81d927743755be00a89c,-59,,3,64,8.0,3
16:06:53,26.0,3,dbfc7f3c541f46e616728450e1e2515fb6579daf19854efb61801b0dd87ad3f4,-86,,3,64,12.0,3
16:06:54,26.0,3,fc6bcd3ad380614af06fd47e2c885759d7e99557666c81d927743755be00a89c,-58,,3,64,8.0,3
16:06:55,26.0,3,9f59c3632e83688b65cd3913c29924d711c5f003868174534d29118d9bce9aaa,-85,,3,64,8.0,3
16:06:56,26.0,3,965db984260bfe7b12643f220ce45a100775750186f27b4390262b1d048b4cd9,-73,,3,64,12.0,3
16:06:57,26.0,3,1ddcc377e0ddb0ae263b72693f3ec429bda1a82c268b899b36945ba913790fcc,-70,,3,64,7.0,3
16:06:57,26.0,3,fc6bcd3ad380614af06fd47e2c885759d7e99557666c81d927743755be00a89c,-57,,3,64,8.0,3
16:06:58,26.0,3,dbfc7f3c541f46e616728450e1e2515fb6579daf19854efb61801b0dd87ad3f4,-76,,3,64,12.0,3
16:06:59,,3,aa20114deb8e653b0533aa04ceca0a91e68de43e53c1df4740fa689371d2f2cd,-69,,3,64,,3
16:07:00,,3,977979fc5901a32a0ae2e109d9b1e49a1b6d45252792d7f97c63f4c0d41abbaf,-82,,3,64,,3
16:07:01,26.0,3,cbc62d696468525d904ede9c2c77eb33b1cb552cb4cc59fd2d13f85ab2c334df,-72,,3,64,8.0,3
16:07:01,26.0,3,399ca840983a37ad33dda8e6b615c247c261cbbb2f9e188fdd0f409deddf99fe,-89,,3,64,12.0,3
16:07:02,26.0,3,cbc62d696468525d904ede9c2c77eb33b1cb552cb4cc59fd2d13f85ab2c334df,-74,,3,64,8.0,3
16:07:03,26.0,3,7ba8afb13cacce448af1756a659263308ef5220b8b636b739f098e43504741c2,-66,,3,64,7.0,3
16:07:04,26.0,3,3846a3ab9e4a0b7c0a3bfe4619eec7e74d154e9ee753b4043fbe56ae01a2a26c,-92,,3,64,7.0,3
16:07:05,26.0,3,e4366c391a363887059d4a2119c02bd19dd798198e5a49abc3b9df384169f72f,-83,,3,64,12.0,3
16:07:05,26.0,3,9f59c3632e83688b65cd3913c29924d711c5f003868174534d29118d9bce9aaa,-81,,3,64,8.0,3
16:07:06,26.0,3,fc6bcd3ad380614af06fd47e2c885759d7e99557666c81d927743755be00a89c,-58,,3,64,8.0,3
16:07:07,26.0,3,fc6bcd3ad380614af06fd47e2c885759d7e99557666c81d927743755be00a89c,-58,,3,64,8.0,3
16:07:08,26.0,3,da4dae1fd8b4131973c42df4deb3f0ce78932d8e1ad7f1f9cfc1893c6d0d6773,-52,,3,64,12.0,3
16:07:09,26.0,3,da4dae1fd8b4131973c42df4deb3f0ce78932d8e1ad7f1f9cfc1893c6d0d6773,-57,,3,64,12.0,3
16:07:09,26.0,3,1ddcc377e0ddb0ae263b72693f3ec429bda1a82c268b899b36945ba913790fcc,-73,,3,64,7.0,3
16:07:10,,3,b306c6da322b8402dfceda72bae4c19ac70a7a6597195d6dba08e94bdb5d6dd6,-71,,3,64,,3
16:07:11,26.0,3,cbc62d696468525d904ede9c2c77eb33b1cb552cb4cc59fd2d13f85ab2c334df,-77,,3,64,8.0,3
16:07:12,26.0,3,da4dae1fd8b4131973c42df4deb3f0ce78932d8e1ad7f1f9cfc1893c6d0d6773,-47,,3,64,12.0,3
16:07:13,26.0,3,965db984260bfe7b12643f220ce45a100775750186f27b4390262b1d048b4cd9,-72,,3,64,12.0,3
16:07:14,,3,aa20114deb8e653b0533aa04ceca0a91e68de43e53c1df4740fa689371d2f2cd,-68,,3,64,,3
16:07:14,26.0,3,9f59c3632e83688b65cd3913c29924d711c5f003868174534d29118d9bce9aaa,-77,,3,64,8.0,3
16:07:15,26.0,3,3846a3ab9e4a0b7c0a3bfe4619eec7e74d154e9ee753b4043fbe56ae01a2a26c,-87,,3,64,7.0,3
16:07:16,26.0,3,f52dfab0c140690894815310b2ee44284304a35deafa76bf384cb156ed58aee5,-88,,3,64,,3
16:07:17,,3,aa20114deb8e653b0533aa04ceca0a91e68de43e53c1df4740fa689371d2f2cd,-70,,3,64,,3
16:07:18,26.0,3,fc6bcd3ad380614af06fd47e2c885759d7e99557666c81d927743755be00a89c,-58,,3,64,8.0,3
16:07:18,26.0,3,e7156c5af2856a070d0f3a2446832acaf867361e10f1a198f2a5a8af96f54db0,-82,,3,64,8.0,3
16:07:19,,3,72d04eeed0227d7d7505b44e7a0e248736b4c7ddac70c0ec2bd9732a531be736,-92,,3,64,,3
16:07:20,26.0,3,399ca840983a37ad33dda8e6b615c247c261cbbb2f9e188fdd0f409deddf99fe,-92,,3,64,12.0,3
16:07:21,26.0,3,9f59c3632e83688b65cd3913c29924d711c5f003868174534d29118d9bce9aaa,-86,,3,64,8.0,3
16:07:22,,3,aa20114deb8e653b0533aa04ceca0a91e68de43e53c1df4740fa689371d2f2cd,-77,,3,64,,3
16:07:22,26.0,3,6530485098e5c1566438bd4b32739ab6a956ba1f23dd42340f2370cf1e3cdb67,-85,,3,64,12.0,3
16:07:23,26.0,3,fc6bcd3ad380614af06fd47e2c885759d7e99557666c81d927743755be00a89c,-63,,3,64,8.0,3
16:07:24,,3,aa20114deb8e653b0533aa04ceca0a91e68de43e53c1df4740fa689371d2f2cd,-80,,3,64,,3
16:07:25,26.0,3,7ba8afb13cacce448af1756a659263308ef5220b8b636b739f098e43504741c2,-59,,3,64,7.0,3
16:07:26,26.0,3,64e66eab8c63047080081723ea0f9bb749ceb682df4923b43c8a30a4f7c3a429,-88,,3,64,7.0,3
16:07:26,26.0,3,399b30aced61db093ed654e58c09e820093ea15b46f4ccaffc175e8bf23cdc6c,-90,,3,64,8.0,3
16:07:27,26.0,3,e4366c391a363887059d4a2119c02bd19dd798198e5a49abc3b9df384169f72f,-85,,3,64,12.0,3
16:07:28,26.0,3,6f17bb6185289e759a4020be26658da1d55fabacb15b4146f500602b742114ed,-64,,3,64,12.0,3
16:07:29,26.0,3,a93f176c83107361366811d9cb69a691c817b7de0031ec3792fe399dee1a7046,-82,,3,64,,3
16:07:30,26.0,3,399ca840983a37ad33dda8e6b615c247c261cbbb2f9e188fdd0f409deddf99fe,-85,,3,64,12.0,3
16:07:30,26.0,3,6f17bb6185289e759a4020be26658da1d55fabacb15b4146f500602b742114ed,-75,,3,64,12.0,3
16:07:31,26.0,3,da4dae1fd8b4131973c42df4deb3f0ce78932d8e1ad7f1f9cfc1893c6d0d6773,-39,,3,64,12.0,3
16:07:32,26.0,3,f52dfab0c140690894815310b2ee44284304a35deafa76bf384cb156ed58aee5,-90,,3,64,,3
16:07:33,26.0,3,6530485098e5c1566438bd4b32739ab6a956ba1f23dd42340f2370cf1e3cdb67,-90,,3,64,12.0,3
16:07:34,,3,57aafc7664a8ce84b1b5395da01bcab28e06ef4b7e0d1e9047b46697c5fe60e4,-66,,3,64,,3
16:07:35,26.0,3,da4dae1fd8b4131973c42df4deb3f0ce78932d8e1ad7f1f9cfc1893c6d0d6773,-48,,3,64,12.0,3
16:07:35,,3,209d868e08f8ba049b626532dc2fdbf459834f4dfa51427b2e21ee8180fd4f2b,-87,,3,64,,3
16:07:36,,3,aa20114deb8e653b0533aa04ceca0a91e68de43e53c1df4740fa689371d2f2cd,-72,,3,64,,3
16:07:37,26.0,3,a93f176c83107361366811d9cb69a691c817b7de0031ec3792fe399dee1a7046,-78,,3,64,7.0,3
16:07:38,26.0,3,da4dae1fd8b4131973c42df4deb3f0ce78932d8e1ad7f1f9cfc1893c6d0d6773,-46,,3,64,12.0,3
16:07:39,26.0,3,e7156c5af2856a070d0f3a2446832acaf867361e10f1a198f2a5a8af96f54db0,-88,,3,64,8.0,3
16:07:39,26.0,3,88016672fe011cfa07c9ddf2de69d5586ca4e002a64506d69e1b56bc04dd0d46,-86,,3,64,6.0,3
16:07:40,,3,be4afe552eb719af272bc08063f63fbf055961b7b090d9ff0490ef6e9e5f7b0d,-70,,3,64,,3
16:07:41,26.0,3,664b5eb50462da414b5e66f7e294b42028805d73d5ee7514860ce3908bc85142,-84,,3,64,7.0,3
16:07:42,26.0,3,9f59c3632e83688b65cd3913c29924d711c5f003868174534d29118d9bce9aaa,-79,,3,64,8.0,3
16:07:43,26.0,3,47ab86af02fe837d744f11a2ece47785174c0177f594f88b0e77138f7effebcf,-89,,3,64,24.0,3
16:07:43,26.0,3,88016672fe011cfa07c9ddf2de69d5586ca4e002a64506d69e1b56bc04dd0d46,-87,,3,64,6.0,3
16:07:44,26.0,3,47ab86af02fe837d744f11a2ece47785174c0177f594f88b0e77138f7effebcf,-88,,3,64,24.0,3
16:07:45,26.0,3,1ddcc377e0ddb0ae263b72693f3ec429bda1a82c268b899b36945ba913790fcc,-75,,3,64,7.0,3
16:07:46,26.0,3,7ba8afb13cacce448af1756a659263308ef5220b8b636b739f098e43504741c2,-65,,3,64,7.0,3
16:07:47,26.0,3,965db984260bfe7b12643f220ce45a100775750186f27b4390262b1d048b4cd9,-71,,3,64,12.0,3
16:07:47,26.0,3,a93f176c83107361366811d9cb69a691c817b7de0031ec3792fe399dee1a7046,-74,,3,64,7.0,3
16:07:48,,3,be4afe552eb719af272bc08063f63fbf055961b7b090d9ff0490ef6e9e5f7b0d,-76,,3,64,,3
16:07:49,26.0,3,965db984260bfe7b12643f220ce45a100775750186f27b4390262b1d048b4cd9,-72,,3,64,12.0,3
16:07:50,,3,be4afe552eb719af272bc08063f63fbf055961b7b090d9ff0490ef6e9e5f7b0d,-71,,3,64,,3
16:07:50,26.0,3,88016672fe011cfa07c9ddf2de69d5586ca4e002a64506d69e1b56bc04dd0d46,-96,,3,64,6.0,3
16:07:51,26.0,3,88016672fe011cfa07c9ddf2de69d5586ca4e002a64506d69e1b56bc04dd0d46,-83,,3,64,6.0,3
16:07:52,,3,d4b81e91485cc5220dfa3c390323b7dabaf1e6bed22af2b890c6630efd285f09,-74,,3,64,,3
16:07:53,26.0,3,f2443baa50c2ce2ca1dec220c32b4c9d23bc42832b4b0d96faa7636aa272ed3b,-93,,3,64,,3
16:07:54,26.0,3,64e66eab8c63047080081723ea0f9bb749ceb682df4923b43c8a30a4f7c3a429,-85,,3,64,8.0,3
16:07:55,26.0,3,6f17bb6185289e759a4020be26658da1d55fabacb15b4146f500602b742114ed,-63,,3,64,12.0,3
16:07:55,,3,d4b81e91485cc5220dfa3c390323b7dabaf1e6bed22af2b890c6630efd285f09,-73,,3,64,,3
16:07:56,26.0,3,da4dae1fd8b4131973c42df4deb3f0ce78932d8e1ad7f1f9cfc1893c6d0d6773,-50,,3,64,12.0,3
16:07:57,26.0,3,64e66eab8c63047080081723ea0f9bb749ceb682df4923b43c8a30a4f7c3a429,-90,,3,64,7.0,3
16:07:58,26.0,3,399ca840983a37ad33dda8e6b615c247c261cbbb2f9e188fdd0f409deddf99fe,-88,,3,64,12.0,3
16:07:58,26.0,3,64e66eab8c63047080081723ea0f9bb749ceb682df4923b43c8a30a4f7c3a429,-91,,3,64,7.0,3
16:07:59,,3,d4b81e91485cc5220dfa3c390323b7dabaf1e6bed22af2b890c6630efd285f09,-77,,3,64,,3
16:08:00,26.0,3,cbc62d696468525d904ede9c2c77eb33b1cb552cb4cc59fd2d13f85ab2c334df,-76,,3,64,8.0,3
16:08:01,26.0,3,ca238ade3274ab127e74eaf507eb7ca02ad89c2961d7f4e8332f76d079ad6b3f,-87,,3,64,8.0,3
16:08:02,26.0,3,cbc62d696468525d904ede9c2c77eb33b1cb552cb4cc59fd2d13f85ab2c334df,-79,,3,64,8.0,3
16:08:03,,3,be4afe552eb719af272bc08063f63fbf055961b7b090d9ff0490ef6e9e5f7b0d,-83,,3,64,,3
16:08:04,26.0,3,9f59c3632e83688b65cd3913c29924d711c5f003868174534d29118d9bce9aaa,-77,,3,64,8.0,3
16:08:04,26.0,3,64e66eab8c63047080081723ea0f9bb749ceb682df4923b43c8a30a4f7c3a429,-87,,3,64,8.0,3
16:08:05,26.0,3,664b5eb50462da414b5e66f7e294b42028805d73d5ee7514860ce3908bc85142,-88,,3,64,7.0,3
16:08:06,26.0,3,dbfc7f3c541f46e616728450e1e2515fb6579daf19854efb61801b0dd87ad3f4,-83,,3,64,12.0,3
16:08:07,26.0,3,a93f176c83107361366811d9cb69a691c817b7de0031ec3792fe399dee1a7046,-77,,3,64,7.0,3
16:08:08,26.0,3,f2443baa50c2ce2ca1dec220c32b4c9d23bc42832b4b0d96faa7636aa272ed3b,-89,,3,64,,3
16:08:08,,3,b306c6da322b8402dfceda72bae4c19ac70a7a6597195d6dba08e94bdb5d6dd6,-67,,3,64,,3
16:08:09,26.0,3,f2443baa50c2ce2ca1dec220c32b4c9d23bc42832b4b0d96faa7636aa272ed3b,-90,,3,64,,3
16:08:10,26.0,3,47c0c44ac524844b5f0a78e977d9a8aefbba250dc1021a20a6ec424344416954,-76,,3,64,12.0,3
16:08:11,,3,7d980888eec65234578843a28d16cdad777509116cb3070b8972feabcca2b20f,-80,,3,64,,3
16:08:12,26.0,3,f2443baa50c2ce2ca1dec220c32b4c9d23bc42832b4b0d96faa7636aa272ed3b,-88,,3,64,,3
16:08:12,,3,b306c6da322b8402dfceda72bae4c19ac70a7a6597195d6dba08e94bdb5d6dd6,-63,,3,64,,3
16:08:13,,3,be4afe552eb719af272bc08063f63fbf055961b7b090d9ff0490ef6e9e5f7b0d,-69,,3,64,,3
16:08:14,26.0,3,6f17bb6185289e759a4020be26658da1d55fabacb15b4146f500602b742114ed,-70,,3,64,12.0,3
16:08:15,26.0,3,6f17bb6185289e759a4020be26658da1d55fabacb15b4146f500602b742114ed,-65,,3,64,12.0,3
16:08:16,26.0,3,9f59c3632e83688b65cd3913c29924d711c5f003868174534d29118d9bce9aaa,-87,,3,64,8.0,3
16:08:16,26.0,3,965db984260bfe7b12643f220ce45a100775750186f27b4390262b1d048b4cd9,-74,,3,64,12.0,3
16:08:17,,3,be4afe552eb719af272bc08063f63fbf055961b7b090d9ff0490ef6e9e5f7b0d,-86,,3,64,,3
16:08:18,,3,977979fc5901a32a0ae2e109d9b1e49a1b6d45252792d7f97c63f4c0d41abbaf,-78,,3,64,,3
16:08:19,,3,56276f88d4c610e6f3c2a74795d565fdc288eed4e8036f275119172c387c98f3,-66,,3,64,,3
16:08:20,,3,7d980888eec65234578843a28d16cdad777509116cb3070b8972feabcca2b20f,-78,,3,64,,3
16:08:20,26.0,3,965db984260bfe7b12643f220ce45a100775750186f27b4390262b1d048b4cd9,-76,,3,64,12.0,3
16:08:21,26.0,3,f52dfab0c140690894815310b2ee44284304a35deafa76bf384cb156ed58aee5,-89,,3,64,,3
16:08:22,26.0,3,6f17bb6185289e759a4020be26658da1d55fabacb15b4146f500602b742114ed,-73,,3,64,12.0,3
16:08:23,26.0,3,965db984260bfe7b12643f220ce45a100775750186f27b4390262b1d048b4cd9,-83,,3,64,12.0,3
16:08:24,26.0,3,88016672fe011cfa07c9ddf2de69d5586ca4e002a64506d69e1b56bc04dd0d46,-84,,3,64,6.0,3
16:08:25,,3,d52e3e0930cb69675a829a0598eada455ed2a281550c036902b6bb409b6a1dda,-56,,3,64,,3
16:08:25,26.0,3,88016672fe011cfa07c9ddf2de69d5586ca4e002a64506d69e1b56bc04dd0d46,-80,,3,64,6.0,3
16:08:26,26.0,3,7ba8afb13cacce448af1756a659263308ef5220b8b636b739f098e43504741c2,-73,,3,64,7.0,3
16:08:27,26.0,3,88016672fe011cfa07c9ddf2de69d5586ca4e002a64506d69e1b56bc04dd0d46,-81,,3,64,6.0,3
16:08:28,26.0,3,a18a2cf906caa278027a6c499b37a0c9f97d21fc6489b9d40773bf7d49cfe4da,-95,,3,64,7.0,3
16:08:28,26.0,3,9f59c3632e83688b65cd3913c29924d711c5f003868174534d29118d9bce9aaa,-84,,3,64,8.0,3
16:08:29,26.0,3,64e66eab8c63047080081723ea0f9bb749ceb682df4923b43c8a30a4f7c3a429,-86,,3,64,8.0,3
16:08:30,26.0,3,9f59c3632e83688b65cd3913c29924d711c5f003868174534d29118d9bce9aaa,-86,,3,64,8.0,3
16:08:31,26.0,3,64e66eab8c63047080081723ea0f9bb749ceb682df4923b43c8a30a4f7c3a429,-89,,3,64,8.0,3
16:08:32,26.0,3,f2443baa50c2ce2ca1dec220c32b4c9d23bc42832b4b0d96faa7636aa272ed3b,-90,,3,64,,3
16:08:33,,3,be4afe552eb719af272bc08063f63fbf055961b7b090d9ff0490ef6e9e5f7b0d,-70,,3,64,,3
16:08:33,26.0,3,399ca840983a37ad33dda8e6b615c247c261cbbb2f9e188fdd0f409deddf99fe,-88,,3,64,12.0,3
16:08:34,,3,56276f88d4c610e6f3c2a74795d565fdc288eed4e8036f275119172c387c98f3,-69,,3,64,,3
16:08:35,26.0,3,88016672fe011cfa07c9ddf2de69d5586ca4e002a64506d69e1b56bc04dd0d46,-87,,3,64,6.0,3
16:08:36,26.0,3,df2d36d7021019665a5122e535c4075a7fbea9046bc1b6342006f0acf74fa938,-92,,3,64,12.0,3
16:08:37,26.0,3,3846a3ab9e4a0b7c0a3bfe4619eec7e74d154e9ee753b4043fbe56ae01a2a26c,-86,,3,64,7.0,3
16:08:37,,3,be4afe552eb719af272bc08063f63fbf055961b7b090d9ff0490ef6e9e5f7b0d,-75,,3,64,,3
16:08:38,26.0,3,64e66eab8c63047080081723ea0f9bb749ceb682df4923b43c8a30a4f7c3a429,-91,,3,64,8.0,3
16:08:39,,3,15295f56b7d8ada19ea34037fae54d5e575f96dbb754655074c72c3cdda86c9b,-84,,3,64,,3
16:08:40,26.0,3,965db984260bfe7b12643f220ce45a100775750186f27b4390262b1d048b4cd9,-71,,3,64,12.0,3
16:08:41,26.0,3,f52dfab0c140690894815310b2ee44284304a35deafa76bf384cb156ed58aee5,-90,,3,64,,3
16:08:41,26.0,3,e4366c391a363887059d4a2119c02bd19dd798198e5a49abc3b9df384169f72f,-87,,3,64,12.0,3
16:08:42,,3,be4afe552eb719af272bc08063f63fbf055961b7b090d9ff0490ef6e9e5f7b0d,-69,,3,64,,3
16:08:43,26.0,3,a93f176c83107361366811d9cb69a691c817b7de0031ec3792fe399dee1a7046,-74,,3,64,7.0,3
16:08:44,26.0,3,5abc2668bf6f8455f04417e235c2bd05a1716061e83f7ca54e2dda724acf553c,-77,,3,64,8.0,3
16:08:45,,3,be4afe552eb719af272bc08063f63fbf055961b7b090d9ff0490ef6e9e5f7b0d,-68,,3,64,,3
16:08:45,26.0,3,da4dae1fd8b4131973c42df4deb3f0ce78932d8e1ad7f1f9cfc1893c6d0d6773,-57,,3,64,12.0,3
16:08:46,,3,eabc231428b70943c692d6b9fe056e74e144ad2c6cfc9e3ba44ca0cf784087da,-84,,3,64,,3
16:08:47,26.0,3,64e66eab8c63047080081723ea0f9bb749ceb682df4923b43c8a30a4f7c3a429,-84,,3,64,7.0,3
16:08:48,26.0,3,df2d36d7021019665a5122e535c4075a7fbea9046bc1b6342006f0acf74fa938,-90,,3,64,12.0,3
16:08:49,26.0,3,64e66eab8c63047080081723ea0f9bb749ceb682df4923b43c8a30a4f7c3a429,-83,,3,64,8.0,3
16:08:49,26.0,3,7ba8afb13cacce448af1756a659263308ef5220b8b636b739f098e43504741c2,-67,,3,64,7.0,3
16:08:50,26.0,3,da4dae1fd8b4131973c42df4deb3f0ce78932d8e1ad7f1f9cfc1893c6d0d6773,-52,,3,64,12.0,3
16:08:51,26.0,3,64e66eab8c63047080081723ea0f9bb749ceb682df4923b43c8a30a4f7c3a429,-87,,3,64,8.0,3
16:08:52,,3,57aafc7664a8ce84b1b5395da01bcab28e06ef4b7e0d1e9047b46697c5fe60e4,-90,,3,64,,3
16:08:53,26.0,3,5abc2668bf6f8455f04417e235c2bd05a1716061e83f7ca54e2dda724acf553c,-76,,3,64,8.0,3
16:08:54,26.0,3,f2443baa50c2ce2ca1dec220c32b4c9d23bc42832b4b0d96faa7636aa272ed3b,-90,,3,64,,3
16:08:54,26.0,3,ca238ade3274ab127e74eaf507eb7ca02ad89c2961d7f4e8332f76d079ad6b3f,-92,,3,64,8.0,3
16:08:55,26.0,3,64e66eab8c63047080081723ea0f9bb749ceb682df4923b43c8a30a4f7c3a429,-90,,3,64,8.0,3
16:08:56,26.0,3,dbfc7f3c541f46e616728450e1e2515fb6579daf19854efb61801b0dd87ad3f4,-85,,3,64,12.0,3
16:08:57,,3,7d980888eec65234578843a28d16cdad777509116cb3070b8972feabcca2b20f,-81,,3,64,,3
16:08:58,26.0,3,6f17bb6185289e759a4020be26658da1d55fabacb15b4146f500602b742114ed,-69,,3,64,12.0,3
16:08:58,26.0,3,965db984260bfe7b12643f220ce45a100775750186f27b4390262b1d048b4cd9,-74,,3,64,12.0,3
16:08:59,26.0,3,f2443baa50c2ce2ca1dec220c32b4c9d23bc42832b4b0d96faa7636aa272ed3b,-88,,3,64,,3
16:09:00,26.0,3,df2d36d7021019665a5122e535c4075a7fbea9046bc1b6342006f0acf74fa938,-87,,3,64,12.0,3
16:09:01,,3,5bdf3b05873d6683967cf367b0e1f42d62d6f523493094249c21360e2d687a9d,-88,,3,64,,3
16:09:02,26.0,3,9f59c3632e83688b65cd3913c29924d711c5f003868174534d29118d9bce9aaa,-91,,3,64,8.0,3
16:09:02,26.0,3,9f59c3632e83688b65cd3913c29924d711c5f003868174534d29118d9bce9aaa,-85,,3,64,8.0,3
16:09:03,26.0,3,965db984260bfe7b12643f220ce45a100775750186f27b4390262b1d048b4cd9,-82,,3,64,12.0,3
16:09:04,26.0,3,ca238ade3274ab127e74eaf507eb7ca02ad89c2961d7f4e8332f76d079ad6b3f,-88,,3,64,8.0,3
16:09:05,26.0,3,e4366c391a363887059d4a2119c02bd19dd798198e5a49abc3b9df384169f72f,-82,,3,64,12.0,3
16:09:06,,3,209d868e08f8ba049b626532dc2fdbf459834f4dfa51427b2e21ee8180fd4f2b,-89,,3,64,,3
16:09:06,26.0,3,426a412666cceb4e2bed4e14d2e073d916a6f2bb9e08f9bd51bbf5464048bcef,-82,,3,64,12.0,3
16:09:07,26.0,3,a93f176c83107361366811d9cb69a691c817b7de0031ec3792fe399dee1a7046,-89,,3,64,7.0,3
16:09:08,26.0,3,426a412666cceb4e2bed4e14d2e073d916a6f2bb9e08f9bd51bbf5464048bcef,-85,,3,64,12.0,3
16:09:09,26.0,3,da4dae1fd8b4131973c42df4deb3f0ce78932d8e1ad7f1f9cfc1893c6d0d6773,-49,,3,64,12.0,3
16:09:10,26.0,3,dbfc7f3c541f46e616728450e1e2515fb6579daf19854efb61801b0dd87ad3f4,-77,,3,64,12.0,3
16:09:10,26.0,3,5abc2668bf6f8455f04417e235c2bd05a1716061e83f7ca54e2dda724acf553c,-82,,3,64,8.0,3
16:09:11,26.0,3,f52dfab0c140690894815310b2ee44284304a35deafa76bf384cb156ed58aee5,-83,,3,64,,3
16:09:12,26.0,3,399ca840983a37ad33dda8e6b615c247c261cbbb2f9e188fdd0f409deddf99fe,-86,,3,64,12.0,3
16:09:13,26.0,3,88016672fe011cfa07c9ddf2de69d5586ca4e002a64506d69e1b56bc04dd0d46,-87,,3,64,6.0,3
16:09:14,26.0,3,9f59c3632e83688b65cd3913c29924d711c5f003868174534d29118d9bce9aaa,-79,,3,64,8.0,3
16:09:14,,3,be4afe552eb719af272bc08063f63fbf055961b7b090d9ff0490ef6e9e5f7b0d,-80,,3,64,,3
16:09:15,26.0,3,ca238ade3274ab127e74eaf507eb7ca02ad89c2961d7f4e8332f76d079ad6b3f,-91,,3,64,8.0,3
16:09:16,26.0,3,a93f176c83107361366811d9cb69a691c817b7de0031ec3792fe399dee1a7046,-70,,3,64,7.0,3
16:09:17,26.0,3,e7156c5af2856a070d0f3a2446832acaf867361e10f1a198f2a5a8af96f54db0,-88,,3,64,8.0,3
16:09:18,26.0,3,3d4abe28f1107ef44c3b8eedb643461ba82968f09a8c3b73601924ed2075dc50,-82,,3,64,12.0,3
16:09:18,26.0,3,a93f176c83107361366811d9cb69a691c817b7de0031ec3792fe399dee1a7046,-66,,3,64,7.0,3
16:09:19,,3,5bdf3b05873d6683967cf367b0e1f42d62d6f523493094249c21360e2d687a9d,-79,,3,64,,3
16:09:20,26.0,3,965db984260bfe7b12643f220ce45a100775750186f27b4390262b1d048b4cd9,-81,,3,64,12.0,3
16:09:21,,3,be4afe552eb719af272bc08063f63fbf055961b7b090d9ff0490ef6e9e5f7b0d,-68,,3,64,,3
16:09:22,26.0,3,965db984260bfe7b12643f220ce45a100775750186f27b4390262b1d048b4cd9,-77,,3,64,12.0,3
16:09:22,26.0,3,f52dfab0c140690894815310b2ee44284304a35deafa76bf384cb156ed58aee5,-88,,3,64,,3
16:09:23,26.0,3,e4366c391a363887059d4a2119c02bd19dd798198e5a49abc3b9df384169f72f,-88,,3,64,12.0,3
16:09:24,26.0,3,9f59c3632e83688b65cd3913c29924d711c5f003868174534d29118d9bce9aaa,-81,,3,64,,3
16:09:25,26.0,3,965db984260bfe7b12643f220ce45a100775750186f27b4390262b1d048b4cd9,-72,,3,64,12.0,3
16:09:26,26.0,3,426a412666cceb4e2bed4e14d2e073d916a6f2bb9e08f9bd51bbf5464048bcef,-84,,3,64,12.0,3
16:09:27,24.0,3,6217f8d31df9c6d40986945ed3d26f4c737ae90b82e86747b348465ef13cd376,-92,,3,64,,3
16:09:27,26.0,3,dbfc7f3c541f46e616728450e1e2515fb6579daf19854efb61801b0dd87ad3f4,-81,,3,64,12.0,3
16:09:28,26.0,3,9f59c3632e83688b65cd3913c29924d711c5f003868174534d29118d9bce9aaa,-77,,3,64,,3
16:09:29,26.0,3,a93f176c83107361366811d9cb69a691c817b7de0031ec3792fe399dee1a7046,-80,,3,64,7.0,3
16:09:30,26.0,3,f52dfab0c140690894815310b2ee44284304a35deafa76bf384cb156ed58aee5,-86,,3,64,,3
16:09:31,26.0,3,da4dae1fd8b4131973c42df4deb3f0ce78932d8e1ad7f1f9cfc1893c6d0d6773,-51,,3,64,12.0,3
16:09:31,,3,be4afe552eb719af272bc08063f63fbf055961b7b090d9ff0490ef6e9e5f7b0d,-66,,3,64,,3
16:09:32,,3,be4afe552eb719af272bc08063f63fbf055961b7b090d9ff0490ef6e9e5f7b0d,-67,,3,64,,3
16:09:33,26.0,3,da4dae1fd8b4131973c42df4deb3f0ce78932d8e1ad7f1f9cfc1893c6d0d6773,-49,,3,64,12.0,3
16:09:34,26.0,3,3d4abe28f1107ef44c3b8eedb643461ba82968f09a8c3b73601924ed2075dc50,-78,,3,64,12.0,3
16:09:35,26.0,3,88016672fe011cfa07c9ddf2de69d5586ca4e002a64506d69e1b56bc04dd0d46,-86,,3,64,6.0,3
16:09:35,26.0,3,3d4abe28f1107ef44c3b8eedb643461ba82968f09a8c3b73601924ed2075dc50,-86,,3,64,12.0,3
16:09:36,26.0,3,3d4abe28f1107ef44c3b8eedb643461ba82968f09a8c3b73601924ed2075dc50,-84,,3,64,12.0,3
16:09:37,26.0,3,e7156c5af2856a070d0f3a2446832acaf867361e10f1a198f2a5a8af96f54db0,-84,,3,64,8.0,3
16:09:38,26.0,3,9f59c3632e83688b65cd3913c29924d711c5f003868174534d29118d9bce9aaa,-83,,3,64,,3
16:09:39,26.0,3,a93f176c83107361366811d9cb69a691c817b7de0031ec3792fe399dee1a7046,-67,,3,64,7.0,3
16:09:39,,3,be4afe552eb719af272bc08063f63fbf055961b7b090d9ff0490ef6e9e5f7b0d,-65,,3,64,,3
16:09:40,26.0,3,9f59c3632e83688b65cd3913c29924d711c5f003868174534d29118d9bce9aaa,-84,,3,64,,3
16:09:41,26.0,3,a93f176c83107361366811d9cb69a691c817b7de0031ec3792fe399dee1a7046,-74,,3,64,7.0,3
16:09:42,26.0,3,5abc2668bf6f8455f04417e235c2bd05a1716061e83f7ca54e2dda724acf553c,-78,,3,64,8.0,3
16:09:43,26.0,3,7ba8afb13cacce448af1756a659263308ef5220b8b636b739f098e43504741c2,-73,,3,64,7.0,3
16:09:43,26.0,3,47ab86af02fe837d744f11a2ece47785174c0177f594f88b0e77138f7effebcf,-91,,3,64,24.0,3
16:09:44,26.0,3,965db984260bfe7b12643f220ce45a100775750186f27b4390262b1d048b4cd9,-80,,3,64,12.0,3
16:09:45,,3,be4afe552eb719af272bc08063f63fbf055961b7b090d9ff0490ef6e9e5f7b0d,-68,,3,64,,3
16:09:46,26.0,3,88016672fe011cfa07c9ddf2de69d5586ca4e002a64506d69e1b56bc04dd0d46,-85,,3,64,6.0,3
16:09:47,26.0,3,88016672fe011cfa07c9ddf2de69d5586ca4e002a64506d69e1b56bc04dd0d46,-94,,3,64,6.0,3
16:09:47,26.0,3,9f59c3632e83688b65cd3913c29924d711c5f003868174534d29118d9bce9aaa,-74,,3,64,,3
16:09:48,,3,7d980888eec65234578843a28d16cdad777509116cb3070b8972feabcca2b20f,-84,,3,64,,3
16:09:49,26.0,3,e4366c391a363887059d4a2119c02bd19dd798198e5a49abc3b9df384169f72f,-88,,3,64,12.0,3
16:09:50,26.0,3,da4dae1fd8b4131973c42df4deb3f0ce78932d8e1ad7f1f9cfc1893c6d0d6773,-40,,3,64,12.0,3
16:09:51,26.0,3,f52dfab0c140690894815310b2ee44284304a35deafa76bf384cb156ed58aee5,-92,,3,64,,3
16:09:52,26.0,3,5abc2668bf6f8455f04417e235c2bd05a1716061e83f7ca54e2dda724acf553c,-86,,3,64,8.0,3
16:09:52,26.0,3,42db9df35798b2d8b5a52ffeed2c763da567e7ceb1fe7fe1aae08bd789bbd406,-73,,3,64,7.0,3
16:09:53,,3,be4afe552eb719af272bc08063f63fbf055961b7b090d9ff0490ef6e9e5f7b0d,-76,,3,64,,3
16:09:54,26.0,3,f52dfab0c140690894815310b2ee44284304a35deafa76bf384cb156ed58aee5,-90,,3,64,,3
16:09:55,,3,7d980888eec65234578843a28d16cdad777509116cb3070b8972feabcca2b20f,-79,,3,64,,3
16:09:56,2.0,3,73871fd5eb81094ffe81c7adabc544e5f12b7e24b181da29c06432b24a14e054,-88,,3,64,,3
16:09:56,26.0,3,88016672fe011cfa07c9ddf2de69d5586ca4e002a64506d69e1b56bc04dd0d46,-84,,3,64,6.0,3
16:09:57,26.0,3,9f59c3632e83688b65cd3913c29924d711c5f003868174534d29118d9bce9aaa,-73,,3,64,8.0,3
16:09:58,26.0,3,3d4abe28f1107ef44c3b8eedb643461ba82968f09a8c3b73601924ed2075dc50,-82,,3,64,12.0,3
16:09:59,,3,be4afe552eb719af272bc08063f63fbf055961b7b090d9ff0490ef6e9e5f7b0d,-67,,3,64,,3
16:10:00,26.0,3,399ca840983a37ad33dda8e6b615c247c261cbbb2f9e188fdd0f409deddf99fe,-82,,3,64,12.0,3
16:10:00,26.0,3,399ca840983a37ad33dda8e6b615c247c261cbbb2f9e188fdd0f409deddf99fe,-83,,3,64,12.0,3
16:10:01,,3,7d980888eec65234578843a28d16cdad777509116cb3070b8972feabcca2b20f,-79,,3,64,,3
16:10:02,26.0,3,5abc2668bf6f8455f04417e235c2bd05a1716061e83f7ca54e2dda724acf553c,-77,,3,64,8.0,3
16:10:03,26.0,3,5abc2668bf6f8455f04417e235c2bd05a1716061e83f7ca54e2dda724acf553c,-82,,3,64,8.0,3
16:10:04,,3,be4afe552eb719af272bc08063f63fbf055961b7b090d9ff0490ef6e9e5f7b0d,-66,,3,64,,3
16:10:04,26.0,3,7ba8afb13cacce448af1756a659263308ef5220b8b636b739f098e43504741c2,-73,,3,64,7.0,3
16:10:05,26.0,3,7ba8afb13cacce448af1756a659263308ef5220b8b636b739f098e43504741c2,-74,,3,64,7.0,3
16:10:06,,3,be4afe552eb719af272bc08063f63fbf055961b7b090d9ff0490ef6e9e5f7b0d,-67,,3,64,,3
16:10:07,26.0,3,426a412666cceb4e2bed4e14d2e073d916a6f2bb9e08f9bd51bbf5464048bcef,-84,,3,64,12.0,3
16:10:08,,3,be4afe552eb719af272bc08063f63fbf055961b7b090d9ff0490ef6e9e5f7b0d,-72,,3,64,,3
16:10:08,,3,56276f88d4c610e6f3c2a74795d565fdc288eed4e8036f275119172c387c98f3,-70,,3,64,,3
16:10:09,26.0,3,9f59c3632e83688b65cd3913c29924d711c5f003868174534d29118d9bce9aaa,-74,,3,64,8.0,3
16:10:10,26.0,3,88016672fe011cfa07c9ddf2de69d5586ca4e002a64506d69e1b56bc04dd0d46,-83,,3,64,6.0,3
16:10:11,,3,209d868e08f8ba049b626532dc2fdbf459834f4dfa51427b2e21ee8180fd4f2b,-87,,3,64,,3
16:10:12,26.0,3,3d4abe28f1107ef44c3b8eedb643461ba82968f09a8c3b73601924ed2075dc50,-83,,3,64,12.0,3
16:10:12,2.0,3,73871fd5eb81094ffe81c7adabc544e5f12b7e24b181da29c06432b24a14e054,-89,,3,64,,3
16:10:13,26.0,3,a93f176c83107361366811d9cb69a691c817b7de0031ec3792fe399dee1a7046,-65,,3,64,7.0,3
16:10:14,26.0,3,e4366c391a363887059d4a2119c02bd19dd798198e5a49abc3b9df384169f72f,-89,,3,64,12.0,3
16:10:15,26.0,3,5abc2668bf6f8455f04417e235c2bd05a1716061e83f7ca54e2dda724acf553c,-81,,3,64,8.0,3
16:10:16,26.0,3,42db9df35798b2d8b5a52ffeed2c763da567e7ceb1fe7fe1aae08bd789bbd406,-76,,3,64,7.0,3
16:10:17,26.0,3,965db984260bfe7b12643f220ce45a100775750186f27b4390262b1d048b4cd9,-87,,3,64,12.0,3
16:10:17,,3,15295f56b7d8ada19ea34037fae54d5e575f96dbb754655074c72c3cdda86c9b,-87,,3,64,,3
16:10:18,26.0,3,399ca840983a37ad33dda8e6b615c247c261cbbb2f9e188fdd0f409deddf99fe,-89,,3,64,12.0,3
16:10:19,26.0,3,7ba8afb13cacce448af1756a659263308ef5220b8b636b739f098e43504741c2,-72,,3,64,7.0,3
16:10:20,26.0,3,426a412666cceb4e2bed4e14d2e073d916a6f2bb9e08f9bd51bbf5464048bcef,-82,,3,64,12.0,3
16:10:20,26.0,3,f52dfab0c140690894815310b2ee44284304a35deafa76bf384cb156ed58aee5,-87,,3,64,8.0,3
16:10:21,2.0,3,73871fd5eb81094ffe81c7adabc544e5f12b7e24b181da29c06432b24a14e054,-89,,3,64,,3
16:10:22,,3,be4afe552eb719af272bc08063f63fbf055961b7b090d9ff0490ef6e9e5f7b0d,-67,,3,64,,3
16:10:23,,3,c44fd7ea6e95109e9b64315be601d79a7b1fedac565102ae27777e9a5d112b54,-93,,3,64,,3
16:10:24,26.0,3,399b30aced61db093ed654e58c09e820093ea15b46f4ccaffc175e8bf23cdc6c,-94,,3,64,8.0,3
16:10:25,26.0,3,e4366c391a363887059d4a2119c02bd19dd798198e5a49abc3b9df384169f72f,-86,,3,64,12.0,3
16:10:25,26.0,3,42db9df35798b2d8b5a52ffeed2c763da567e7ceb1fe7fe1aae08bd789bbd406,-80,,3,64,7.0,3
16:10:26,,3,d52e3e0930cb69675a829a0598eada455ed2a281550c036902b6bb409b6a1dda,-51,,3,64,,3
16:10:27,,3,c44fd7ea6e95109e9b64315be601d79a7b1fedac565102ae27777e9a5d112b54,-89,,3,64,,3
16:10:28,,3,be4afe552eb719af272bc08063f63fbf055961b7b090d9ff0490ef6e9e5f7b0d,-72,,3,64,,3
16:10:29,26.0,3,a93f176c83107361366811d9cb69a691c817b7de0031ec3792fe399dee1a7046,-74,,3,64,7.0,3
16:10:29,26.0,3,5abc2668bf6f8455f04417e235c2bd05a1716061e83f7ca54e2dda724acf553c,-84,,3,64,8.0,3
16:10:30,26.0,3,664b5eb50462da414b5e66f7e294b42028805d73d5ee7514860ce3908bc85142,-84,,3,64,7.0,3
16:10:31,,3,c44fd7ea6e95109e9b64315be601d79a7b1fedac565102ae27777e9a5d112b54,-89,,3,64,,3
16:10:32,,3,7d980888eec65234578843a28d16cdad777509116cb3070b8972feabcca2b20f,-78,,3,64,,3
16:10:33,,3,be4afe552eb719af272bc08063f63fbf055961b7b090d9ff0490ef6e9e5f7b0d,-71,,3,64,,3
16:10:33,26.0,3,9f59c3632e83688b65cd3913c29924d711c5f003868174534d29118d9bce9aaa,-84,,3,64,,3
16:10:34,26.0,3,88016672fe011cfa07c9ddf2de69d5586ca4e002a64506d69e1b56bc04dd0d46,-86,,3,64,6.0,3
16:10:35,26.0,3,a93f176c83107361366811d9cb69a691c817b7de0031ec3792fe399dee1a7046,-71,,3,64,7.0,3
16:10:36,26.0,3,965db984260bfe7b12643f220ce45a100775750186f27b4390262b1d048b4cd9,-77,,3,64,12.0,3
16:10:37,26.0,3,9f59c3632e83688b65cd3913c29924d711c5f003868174534d29118d9bce9aaa,-77,,3,64,,3
16:10:37,26.0,3,664b5eb50462da414b5e66f7e294b42028805d73d5ee7514860ce3908bc85142,-86,,3,64,7.0,3
16:10:38,26.0,3,9f59c3632e83688b65cd3913c29924d711c5f003868174534d29118d9bce9aaa,-77,,3,64,,3
16:10:39,26.0,3,5abc2668bf6f8455f04417e235c2bd05a1716061e83f7ca54e2dda724acf553c,-75,,3,64,8.0,3
16:10:40,,3,d4b81e91485cc5220dfa3c390323b7dabaf1e6bed22af2b890c6630efd285f09,-77,,3,64,,3
16:10:41,26.0,3,7ba8afb13cacce448af1756a659263308ef5220b8b636b739f098e43504741c2,-68,,3,64,7.0,3
16:10:41,,3,d1cdd572b4d07d94f0f44dc25f7c3cba8f33f971e904db081634abdee51cf86b,-74,,3,64,,3
16:10:42,,3,be4afe552eb719af272bc08063f63fbf055961b7b090d9ff0490ef6e9e5f7b0d,-70,,3,64,,3
16:10:43,26.0,3,ca238ade3274ab127e74eaf507eb7ca02ad89c2961d7f4e8332f76d079ad6b3f,-89,,3,64,8.0,3
16:10:44,2.0,3,73871fd5eb81094ffe81c7adabc544e5f12b7e24b181da29c06432b24a14e054,-90,,3,64,,3
16:10:45,,3,bbcbabed17a630655bf38baf15aff3ee2a5d41c7914c3e4f40ace0ce9198ac80,-70,,3,64,,3
16:10:45,,3,d1cdd572b4d07d94f0f44dc25f7c3cba8f33f971e904db081634abdee51cf86b,-71,,3,64,,3
16:10:46,26.0,3,965db984260bfe7b12643f220ce45a100775750186f27b4390262b1d048b4cd9,-69,,3,64,12.0,3
16:10:47,26.0,3,47ab86af02fe837d744f11a2ece47785174c0177f594f88b0e77138f7effebcf,-88,,3,64,24.0,3
16:10:48,26.0,3,3d4abe28f1107ef44c3b8eedb643461ba82968f09a8c3b73601924ed2075dc50,-75,,3,64,12.0,3
16:10:49,26.0,3,15c21abcebac980eb66755a4b79b0c844689d9bc1943d9922c8dada42fc53c77,-92,,3,64,8.0,3
16:10:49,26.0,3,5abc2668bf6f8455f04417e235c2bd05a1716061e83f7ca54e2dda724acf553c,-77,,3,64,8.0,3
16:10:50,26.0,3,42db9df35798b2d8b5a52ffeed2c763da567e7ceb1fe7fe1aae08bd789bbd406,-73,,3,64,7.0,3
16:10:51,26.0,3,3d4abe28f1107ef44c3b8eedb643461ba82968f09a8c3b73601924ed2075dc50,-77,,3,64,12.0,3
16:10:52,26.0,3,399ca840983a37ad33dda8e6b615c247c261cbbb2f9e188fdd0f409deddf99fe,-84,,3,64,12.0,3
16:10:53,26.0,3,7ba8afb13cacce448af1756a659263308ef5220b8b636b739f098e43504741c2,-67,,3,64,7.0,3
16:10:54,,3,eabc231428b70943c692d6b9fe056e74e144ad2c6cfc9e3ba44ca0cf784087da,-88,,3,64,,3
16:10:54,,3,f7ae087b8dcd2c8bca768ef118cf5ce78c2135944e1d1dd29ad5386092e6ae1f,-94,,3,64,,3
16:10:55,26.0,3,9f59c3632e83688b65cd3913c29924d711c5f003868174534d29118d9bce9aaa,-82,,3,64,8.0,3
16:10:56,2.0,3,73871fd5eb81094ffe81c7adabc544e5f12b7e24b181da29c06432b24a14e054,-90,,3,64,,3
16:10:57,,3,be4afe552eb719af272bc08063f63fbf055961b7b090d9ff0490ef6e9e5f7b0d,-71,,3,64,,3
16:10:58,26.0,3,a93f176c83107361366811d9cb69a691c817b7de0031ec3792fe399dee1a7046,-73,,3,64,7.0,3
16:10:58,,3,f7ae087b8dcd2c8bca768ef118cf5ce78c2135944e1d1dd29ad5386092e6ae1f,-86,,3,64,,3
16:10:59,26.0,3,426a412666cceb4e2bed4e14d2e073d916a6f2bb9e08f9bd51bbf5464048bcef,-80,,3,64,12.0,3
16:11:00,26.0,3,3d4abe28f1107ef44c3b8eedb643461ba82968f09a8c3b73601924ed2075dc50,-76,,3,64,12.0,3
16:11:01,26.0,3,426a412666cceb4e2bed4e14d2e073d916a6f2bb9e08f9bd51bbf5464048bcef,-80,,3,64,12.0,3
16:11:02,26.0,3,dbfc7f3c541f46e616728450e1e2515fb6579daf19854efb61801b0dd87ad3f4,-78,,3,64,12.0,3
16:11:02,,3,be4afe552eb719af272bc08063f63fbf055961b7b090d9ff0490ef6e9e5f7b0d,-68,,3,64,,3
16:11:03,26.0,3,7ba8afb13cacce448af1756a659263308ef5220b8b636b739f098e43504741c2,-67,,3,64,7.0,3
16:11:04,26.0,3,7ba8afb13cacce448af1756a659263308ef5220b8b636b739f098e43504741c2,-65,,3,64,7.0,3
16:11:05,2.0,3,73871fd5eb81094ffe81c7adabc544e5f12b7e24b181da29c06432b24a14e054,-95,,3,64,,3
16:11:06,26.0,3,9f59c3632e83688b65cd3913c29924d711c5f003868174534d29118d9bce9aaa,-79,,3,64,8.0,3
16:11:06,,3,d1ae5eff4ddb0d8318874030b7a170f938e28b8c0f7b5c6f1046cb0db3a7c985,-79,,3,64,,3
16:11:07,,3,be4afe552eb719af272bc08063f63fbf055961b7b090d9ff0490ef6e9e5f7b0d,-71,,3,64,,3
16:11:08,26.0,3,664b5eb50462da414b5e66f7e294b42028805d73d5ee7514860ce3908bc85142,-91,,3,64,7.0,3
16:11:09,26.0,3,a93f176c83107361366811d9cb69a691c817b7de0031ec3792fe399dee1a7046,-80,,3,64,7.0,3
16:11:09,26.0,3,426a412666cceb4e2bed4e14d2e073d916a6f2bb9e08f9bd51bbf5464048bcef,-82,,3,64,12.0,3
16:11:10,26.0,3,399ca840983a37ad33dda8e6b615c247c261cbbb2f9e188fdd0f409deddf99fe,-87,,3,64,12.0,3
16:11:11,,3,be4afe552eb719af272bc08063f63fbf055961b7b090d9ff0490ef6e9e5f7b0d,-71,,3,64,,3
16:11:12,26.0,3,5abc2668bf6f8455f04417e235c2bd05a1716061e83f7ca54e2dda724acf553c,-76,,3,64,8.0,3
16:11:13,26.0,3,664b5eb50462da414b5e66f7e294b42028805d73d5ee7514860ce3908bc85142,-82,,3,64,7.0,3
16:11:14,26.0,3,3d4abe28f1107ef44c3b8eedb643461ba82968f09a8c3b73601924ed2075dc50,-76,,3,64,12.0,3
16:11:14,,3,d1ae5eff4ddb0d8318874030b7a170f938e28b8c0f7b5c6f1046cb0db3a7c985,-78,,3,64,,3
16:11:15,26.0,3,5abc2668bf6f8455f04417e235c2bd05a1716061e83f7ca54e2dda724acf553c,-79,,3,64,8.0,3
16:11:16,26.0,3,664b5eb50462da414b5e66f7e294b42028805d73d5ee7514860ce3908bc85142,-86,,3,64,7.0,3
16:11:17,26.0,3,3d4abe28f1107ef44c3b8eedb643461ba82968f09a8c3b73601924ed2075dc50,-78,,3,64,12.0,3
16:11:18,2.0,3,73871fd5eb81094ffe81c7adabc544e5f12b7e24b181da29c06432b24a14e054,-90,,3,64,,3
16:11:19,26.0,3,e7156c5af2856a070d0f3a2446832acaf867361e10f1a198f2a5a8af96f54db0,-83,,3,64,8.0,3
16:11:19,,3,b306c6da322b8402dfceda72bae4c19ac70a7a6597195d6dba08e94bdb5d6dd6,-73,,3,64,,3
16:11:20,26.0,3,664b5eb50462da414b5e66f7e294b42028805d73d5ee7514860ce3908bc85142,-85,,3,64,7.0,3
16:11:21,26.0,3,965db984260bfe7b12643f220ce45a100775750186f27b4390262b1d048b4cd9,-69,,3,64,12.0,3
16:11:22,,3,be4afe552eb719af272bc08063f63fbf055961b7b090d9ff0490ef6e9e5f7b0d,-70,,3,64,,3
16:11:23,26.0,3,965db984260bfe7b12643f220ce45a100775750186f27b4390262b1d048b4cd9,-69,,3,64,12.0,3
16:11:23,26.0,3,965db984260bfe7b12643f220ce45a100775750186f27b4390262b1d048b4cd9,-72,,3,64,12.0,3
16:11:24,26.0,3,5abc2668bf6f8455f04417e235c2bd05a1716061e83f7ca54e2dda724acf553c,-75,,3,64,8.0,3
16:11:25,26.0,3,7ba8afb13cacce448af1756a659263308ef5220b8b636b739f098e43504741c2,-66,,3,64,7.0,3
16:11:26,26.0,3,7ba8afb13cacce448af1756a659263308ef5220b8b636b739f098e43504741c2,-72,,3,64,7.0,3
16:11:27,26.0,3,e7156c5af2856a070d0f3a2446832acaf867361e10f1a198f2a5a8af96f54db0,-85,,3,64,8.0,3
16:11:27,,3,b306c6da322b8402dfceda72bae4c19ac70a7a6597195d6dba08e94bdb5d6dd6,-70,,3,64,,3
16:11:28,26.0,3,a93f176c83107361366811d9cb69a691c817b7de0031ec3792fe399dee1a7046,-79,,3,64,7.0,3
16:11:29,26.0,3,47ab86af02fe837d744f11a2ece47785174c0177f594f88b0e77138f7effebcf,-90,,3,64,24.0,3
16:11:30,26.0,3,dbfc7f3c541f46e616728450e1e2515fb6579daf19854efb61801b0dd87ad3f4,-72,,3,64,12.0,3
16:11:31,,3,8fb01763ae339d58f23f2365ae19c42e2df1076726aff50a234c8f68bc1381e9,-87,,3,64,,3
16:11:31,,3,b306c6da322b8402dfceda72bae4c19ac70a7a6597195d6dba08e94bdb5d6dd6,-72,,3,64,,3
16:11:32,,3,d1cdd572b4d07d94f0f44dc25f7c3cba8f33f971e904db081634abdee51cf86b,-83,,3,64,,3
16:11:33,,3,209d868e08f8ba049b626532dc2fdbf459834f4dfa51427b2e21ee8180fd4f2b,-82,,3,64,,3
16:11:34,,3,57aafc7664a8ce84b1b5395da01bcab28e06ef4b7e0d1e9047b46697c5fe60e4,-93,,3,64,,3
16:11:35,,3,56276f88d4c610e6f3c2a74795d565fdc288eed4e8036f275119172c387c98f3,-71,,3,64,,3
16:11:35,26.0,3,7ba8afb13cacce448af1756a659263308ef5220b8b636b739f098e43504741c2,-71,,3,64,7.0,3
16:11:36,26.0,3,9f59c3632e83688b65cd3913c29924d711c5f003868174534d29118d9bce9aaa,-83,,3,64,8.0,3
16:11:37,26.0,3,7ba8afb13cacce448af1756a659263308ef5220b8b636b739f098e43504741c2,-69,,3,64,7.0,3
16:11:38,,3,57aafc7664a8ce84b1b5395da01bcab28e06ef4b7e0d1e9047b46697c5fe60e4,-91,,3,64,,3
16:11:39,,3,56276f88d4c610e6f3c2a74795d565fdc288eed4e8036f275119172c387c98f3,-78,,3,64,,3
16:11:39,,3,be4afe552eb719af272bc08063f63fbf055961b7b090d9ff0490ef6e9e5f7b0d,-68,,3,64,,3
16:11:40,,3,d52e3e0930cb69675a829a0598eada455ed2a281550c036902b6bb409b6a1dda,-64,,3,64,,3
16:11:41,26.0,3,426a412666cceb4e2bed4e14d2e073d916a6f2bb9e08f9bd51bbf5464048bcef,-80,,3,64,12.0,3
16:11:42,26.0,3,e4366c391a363887059d4a2119c02bd19dd798198e5a49abc3b9df384169f72f,-85,,3,64,12.0,3
16:11:43,26.0,3,965db984260bfe7b12643f220ce45a100775750186f27b4390262b1d048b4cd9,-70,,3,64,12.0,3
16:11:43,26.0,3,3c313decd04a9a6807b8e9f66381f48afb59a723cbdb85a84de5509559d45c87,-94,,3,64,,3
16:11:44,26.0,3,a93f176c83107361366811d9cb69a691c817b7de0031ec3792fe399dee1a7046,-78,,3,64,7.0,3
16:11:45,26.0,3,965db984260bfe7b12643f220ce45a100775750186f27b4390262b1d048b4cd9,-72,,3,64,12.0,3
16:11:46,,3,d4b81e91485cc5220dfa3c390323b7dabaf1e6bed22af2b890c6630efd285f09,-75,,3,64,,3
16:11:47,26.0,3,9f59c3632e83688b65cd3913c29924d711c5f003868174534d29118d9bce9aaa,-82,,3,64,8.0,3
16:11:48,26.0,3,7ba8afb13cacce448af1756a659263308ef5220b8b636b739f098e43504741c2,-71,,3,64,7.0,3
16:11:48,26.0,3,5abc2668bf6f8455f04417e235c2bd05a1716061e83f7ca54e2dda724acf553c,-82,,3,64,8.0,3
16:11:49,,3,209d868e08f8ba049b626532dc2fdbf459834f4dfa51427b2e21ee8180fd4f2b,-86,,3,64,,3
16:11:50,26.0,3,3d4abe28f1107ef44c3b8eedb643461ba82968f09a8c3b73601924ed2075dc50,-79,,3,64,12.0,3
16:11:51,26.0,3,ca238ade3274ab127e74eaf507eb7ca02ad89c2961d7f4e8332f76d079ad6b3f,-90,,3,64,8.0,3
16:11:52,26.0,3,a93f176c83107361366811d9cb69a691c817b7de0031ec3792fe399dee1a7046,-90,,3,64,7.0,3
16:11:52,26.0,3,5abc2668bf6f8455f04417e235c2bd05a1716061e83f7ca54e2dda724acf553c,-79,,3,64,8.0,3
16:11:53,26.0,3,88016672fe011cfa07c9ddf2de69d5586ca4e002a64506d69e1b56bc04dd0d46,-85,,3,64,6.0,3
16:11:54,26.0,3,399ca840983a37ad33dda8e6b615c247c261cbbb2f9e188fdd0f409deddf99fe,-81,,3,64,12.0,3
16:11:55,26.0,3,6f17bb6185289e759a4020be26658da1d55fabacb15b4146f500602b742114ed,-86,,3,64,12.0,3
16:11:56,26.0,3,6f17bb6185289e759a4020be26658da1d55fabacb15b4146f500602b742114ed,-70,,3,64,12.0,3
16:11:56,26.0,3,e7156c5af2856a070d0f3a2446832acaf867361e10f1a198f2a5a8af96f54db0,-88,,3,64,8.0,3
16:11:57,26.0,3,6f17bb6185289e759a4020be26658da1d55fabacb15b4146f500602b742114ed,-85,,3,64,12.0,3
16:11:58,26.0,3,9f59c3632e83688b65cd3913c29924d711c5f003868174534d29118d9bce9aaa,-76,,3,64,8.0,3
16:11:59,26.0,3,6f17bb6185289e759a4020be26658da1d55fabacb15b4146f500602b742114ed,-70,,3,64,12.0,3
16:12:00,26.0,3,df2d36d7021019665a5122e535c4075a7fbea9046bc1b6342006f0acf74fa938,-94,,3,64,12.0,3
16:12:00,26.0,3,6f17bb6185289e759a4020be26658da1d55fabacb15b4146f500602b742114ed,-78,,3,64,12.0,3
16:12:01,26.0,3,399ca840983a37ad33dda8e6b615c247c261cbbb2f9e188fdd0f409deddf99fe,-82,,3,64,12.0,3
16:12:02,,3,d4b81e91485cc5220dfa3c390323b7dabaf1e6bed22af2b890c6630efd285f09,-82,,3,64,,3
16:12:03,,3,d52e3e0930cb69675a829a0598eada455ed2a281550c036902b6bb409b6a1dda,-50,,3,64,,3
16:12:04,26.0,3,88016672fe011cfa07c9ddf2de69d5586ca4e002a64506d69e1b56bc04dd0d46,-84,,3,64,6.0,3
16:12:04,26.0,3,88016672fe011cfa07c9ddf2de69d5586ca4e002a64506d69e1b56bc04dd0d46,-82,,3,64,6.0,3
16:12:05,,3,a8d655455a979ee4888110a2cca948e95f3c6dc62f7d7f5dd1794a964c5479ce,-82,,3,64,,3
16:12:06,,3,be4afe552eb719af272bc08063f63fbf055961b7b090d9ff0490ef6e9e5f7b0d,-70,,3,64,,3
16:12:07,26.0,3,88016672fe011cfa07c9ddf2de69d5586ca4e002a64506d69e1b56bc04dd0d46,-86,,3,64,6.0,3
16:12:08,,3,b9b81666e3b9eca88520bfaa2c64ed4ceda6c67941f770237bc9b72768382684,-57,,3,64,,3
16:12:08,26.0,3,dbfc7f3c541f46e616728450e1e2515fb6579daf19854efb61801b0dd87ad3f4,-77,,3,64,12.0,3
16:12:09,26.0,3,a18a2cf906caa278027a6c499b37a0c9f97d21fc6489b9d40773bf7d49cfe4da,-92,,3,64,7.0,3
16:12:10,26.0,3,df2d36d7021019665a5122e535c4075a7fbea9046bc1b6342006f0acf74fa938,-91,,3,64,12.0,3
16:12:11,,3,d52e3e0930cb69675a829a0598eada455ed2a281550c036902b6bb409b6a1dda,-69,,3,64,,3
16:12:12,,3,5bdf3b05873d6683967cf367b0e1f42d62d6f523493094249c21360e2d687a9d,-90,,3,64,,3
16:12:13,26.0,3,426a412666cceb4e2bed4e14d2e073d916a6f2bb9e08f9bd51bbf5464048bcef,-82,,3,64,12.0,3
16:12:13,26.0,3,dbfc7f3c541f46e616728450e1e2515fb6579daf19854efb61801b0dd87ad3f4,-73,,3,64,12.0,3
16:12:14,26.0,3,dbfc7f3c541f46e616728450e1e2515fb6579daf19854efb61801b0dd87ad3f4,-79,,3,64,12.0,3
16:12:15,26.0,3,3d4abe28f1107ef44c3b8eedb643461ba82968f09a8c3b73601924ed2075dc50,-84,,3,64,12.0,3
16:12:16,,3,5bdf3b05873d6683967cf367b0e1f42d62d6f523493094249c21360e2d687a9d,-95,,3,64,,3
16:12:17,26.0,3,6f17bb6185289e759a4020be26658da1d55fabacb15b4146f500602b742114ed,-88,,3,64,12.0,3
16:12:17,26.0,3,5abc2668bf6f8455f04417e235c2bd05a1716061e83f7ca54e2dda724acf553c,-77,,3,64,8.0,3
16:12:18,26.0,3,9f59c3632e83688b65cd3913c29924d711c5f003868174534d29118d9bce9aaa,-81,,3,64,8.0,3
16:12:19,26.0,3,42db9df35798b2d8b5a52ffeed2c763da567e7ceb1fe7fe1aae08bd789bbd406,-90,,3,64,7.0,3
16:12:20,26.0,3,df2d36d7021019665a5122e535c4075a7fbea9046bc1b6342006f0acf74fa938,-88,,3,64,12.0,3
16:12:21,26.0,3,6f17bb6185289e759a4020be26658da1d55fabacb15b4146f500602b742114ed,-78,,3,64,12.0,3
16:12:21,,3,72d04eeed0227d7d7505b44e7a0e248736b4c7ddac70c0ec2bd9732a531be736,-75,,3,64,,3
16:12:22,26.0,3,7ba8afb13cacce448af1756a659263308ef5220b8b636b739f098e43504741c2,-64,,3,64,7.0,3
16:12:23,26.0,3,da4dae1fd8b4131973c42df4deb3f0ce78932d8e1ad7f1f9cfc1893c6d0d6773,-54,,3,64,12.0,3
16:12:24,26.0,3,da4dae1fd8b4131973c42df4deb3f0ce78932d8e1ad7f1f9cfc1893c6d0d6773,-53,,3,64,12.0,3
16:12:25,26.0,3,b13f208c5fcf41b8d933d5be9c373156a6db3d0fb350eb5fdc50e1c134cb28f2,-93,,3,64,8.0,3
16:12:25,26.0,3,88016672fe011cfa07c9ddf2de69d5586ca4e002a64506d69e1b56bc04dd0d46,-85,,3,64,6.0,3
16:12:26,26.0,3,da4dae1fd8b4131973c42df4deb3f0ce78932d8e1ad7f1f9cfc1893c6d0d6773,-49,,3,64,12.0,3
16:12:27,26.0,3,da4dae1fd8b4131973c42df4deb3f0ce78932d8e1ad7f1f9cfc1893c6d0d6773,-54,,3,64,12.0,3
16:12:28,26.0,3,5abc2668bf6f8455f04417e235c2bd05a1716061e83f7ca54e2dda724acf553c,-71,,3,64,8.0,3
16:12:29,26.0,3,5abc2668bf6f8455f04417e235c2bd05a1716061e83f7ca54e2dda724acf553c,-77,,3,64,8.0,3
16:12:29,26.0,3,da4dae1fd8b4131973c42df4deb3f0ce78932d8e1ad7f1f9cfc1893c6d0d6773,-52,,3,64,12.0,3
16:12:30,26.0,3,42db9df35798b2d8b5a52ffeed2c763da567e7ceb1fe7fe1aae08bd789bbd406,-80,,3,64,7.0,3
16:12:31,26.0,3,dbfc7f3c541f46e616728450e1e2515fb6579daf19854efb61801b0dd87ad3f4,-78,,3,64,12.0,3
16:12:32,26.0,3,dbfc7f3c541f46e616728450e1e2515fb6579daf19854efb61801b0dd87ad3f4,-71,,3,64,12.0,3
16:12:33,26.0,3,399ca840983a37ad33dda8e6b615c247c261cbbb2f9e188fdd0f409deddf99fe,-82,,3,64,12.0,3
16:12:33,26.0,3,a93f176c83107361366811d9cb69a691c817b7de0031ec3792fe399dee1a7046,-78,,3,64,7.0,3
16:12:34,26.0,3,7ba8afb13cacce448af1756a659263308ef5220b8b636b739f098e43504741c2,-66,,3,64,7.0,3
16:12:35,26.0,3,664b5eb50462da414b5e66f7e294b42028805d73d5ee7514860ce3908bc85142,-85,,3,64,,3
16:12:36,26.0,3,da4dae1fd8b4131973c42df4deb3f0ce78932d8e1ad7f1f9cfc1893c6d0d6773,-54,,3,64,12.0,3
16:12:37,2.0,3,73871fd5eb81094ffe81c7adabc544e5f12b7e24b181da29c06432b24a14e054,-91,,3,64,,3
16:12:37,26.0,3,dbfc7f3c541f46e616728450e1e2515fb6579daf19854efb61801b0dd87ad3f4,-76,,3,64,12.0,3
16:12:38,26.0,3,dbfc7f3c541f46e616728450e1e2515fb6579daf19854efb61801b0dd87ad3f4,-80,,3,64,12.0,3
16:12:39,,3,be4afe552eb719af272bc08063f63fbf055961b7b090d9ff0490ef6e9e5f7b0d,-65,,3,64,,3
16:12:40,26.0,3,dbfc7f3c541f46e616728450e1e2515fb6579daf19854efb61801b0dd87ad3f4,-71,,3,64,12.0,3
16:12:41,,3,4512d5e08e2d22c3d4df085329bbb520b8e88c9651edbb1da76bf6bd8a3fa0ee,-89,,3,64,,3
16:12:42,26.0,3,e7156c5af2856a070d0f3a2446832acaf867361e10f1a198f2a5a8af96f54db0,-84,,3,64,8.0,3
16:12:42,26.0,3,426a412666cceb4e2bed4e14d2e073d916a6f2bb9e08f9bd51bbf5464048bcef,-83,,3,64,12.0,3
16:12:43,26.0,3,3c313decd04a9a6807b8e9f66381f48afb59a723cbdb85a84de5509559d45c87,-93,,3,64,,3
16:12:44,26.0,3,7ba8afb13cacce448af1756a659263308ef5220b8b636b739f098e43504741c2,-63,,3,64,7.0,3
16:12:45,,3,be4afe552eb719af272bc08063f63fbf055961b7b090d9ff0490ef6e9e5f7b0d,-72,,3,64,,3
16:12:46,26.0,3,da4dae1fd8b4131973c42df4deb3f0ce78932d8e1ad7f1f9cfc1893c6d0d6773,-52,,3,64,12.0,3
16:12:46,26.0,3,da4dae1fd8b4131973c42df4deb3f0ce78932d8e1ad7f1f9cfc1893c6d0d6773,-47,,3,64,12.0,3
16:12:47,,3,be4afe552eb719af272bc08063f63fbf055961b7b090d9ff0490ef6e9e5f7b0d,-70,,3,64,,3
16:12:48,26.0,3,da4dae1fd8b4131973c42df4deb3f0ce78932d8e1ad7f1f9cfc1893c6d0d6773,-47,,3,64,12.0,3
16:12:49,26.0,3,dbfc7f3c541f46e616728450e1e2515fb6579daf19854efb61801b0dd87ad3f4,-81,,3,64,12.0,3
16:12:50,26.0,3,dbfc7f3c541f46e616728450e1e2515fb6579daf19854efb61801b0dd87ad3f4,-85,,3,64,12.0,3
16:12:50,26.0,3,5abc2668bf6f8455f04417e235c2bd05a1716061e83f7ca54e2dda724acf553c,-78,,3,64,8.0,3
16:12:51,26.0,3,b13f208c5fcf41b8d933d5be9c373156a6db3d0fb350eb5fdc50e1c134cb28f2,-89,,3,64,8.0,3
16:12:52,,3,25f330bdb004cadc19616b5a0a45ff914d005640e17fa0862ad9eb97141344a1,-98,,3,64,,3
16:12:53,,3,be4afe552eb719af272bc08063f63fbf055961b7b090d9ff0490ef6e9e5f7b0d,-69,,3,64,,3
16:12:54,,3,b9b81666e3b9eca88520bfaa2c64ed4ceda6c67941f770237bc9b72768382684,-71,,3,64,,3
16:12:54,26.0,3,7ba8afb13cacce448af1756a659263308ef5220b8b636b739f098e43504741c2,-68,,3,64,7.0,3
16:12:55,26.0,3,a93f176c83107361366811d9cb69a691c817b7de0031ec3792fe399dee1a7046,-76,,3,64,7.0,3
16:12:56,26.0,3,7ba8afb13cacce448af1756a659263308ef5220b8b636b739f098e43504741c2,-74,,3,64,7.0,3
16:12:57,26.0,3,e4366c391a363887059d4a2119c02bd19dd798198e5a49abc3b9df384169f72f,-84,,3,64,12.0,3
16:12:58,26.0,3,7ba8afb13cacce448af1756a659263308ef5220b8b636b739f098e43504741c2,-73,,3,64,7.0,3
16:12:58,26.0,3,df2d36d7021019665a5122e535c4075a7fbea9046bc1b6342006f0acf74fa938,-90,,3,64,12.0,3
16:12:59,,3,be4afe552eb719af272bc08063f63fbf055961b7b090d9ff0490ef6e9e5f7b0d,-67,,3,64,,3
16:13:00,,3,be4afe552eb719af272bc08063f63fbf055961b7b090d9ff0490ef6e9e5f7b0d,-66,,3,64,,3
16:13:01,26.0,3,399ca840983a37ad33dda8e6b615c247c261cbbb2f9e188fdd0f409deddf99fe,-77,,3,64,12.0,3
16:13:02,,3,b9b81666e3b9eca88520bfaa2c64ed4ceda6c67941f770237bc9b72768382684,-71,,3,64,,3
16:13:02,2.0,3,73871fd5eb81094ffe81c7adabc544e5f12b7e24b181da29c06432b24a14e054,-97,,3,64,,3
16:13:03,26.0,3,e7156c5af2856a070d0f3a2446832acaf867361e10f1a198f2a5a8af96f54db0,-82,,3,64,,3
16:13:04,,3,be4afe552eb719af272bc08063f63fbf055961b7b090d9ff0490ef6e9e5f7b0d,-73,,3,64,,3
16:13:05,,3,be4afe552eb719af272bc08063f63fbf055961b7b090d9ff0490ef6e9e5f7b0d,-72,,3,64,,3
16:13:06,26.0,3,3d4abe28f1107ef44c3b8eedb643461ba82968f09a8c3b73601924ed2075dc50,-76,,3,64,12.0,3
16:13:07,26.0,3,965db984260bfe7b12643f220ce45a100775750186f27b4390262b1d048b4cd9,-79,,3,64,12.0,3
16:13:07,26.0,3,a93f176c83107361366811d9cb69a691c817b7de0031ec3792fe399dee1a7046,-71,,3,64,7.0,3
16:13:08,26.0,3,5abc2668bf6f8455f04417e235c2bd05a1716061e83f7ca54e2dda724acf553c,-83,,3,64,8.0,3
16:13:09,,3,d1ae5eff4ddb0d8318874030b7a170f938e28b8c0f7b5c6f1046cb0db3a7c985,-74,,3,64,,3
16:13:10,26.0,3,df2d36d7021019665a5122e535c4075a7fbea9046bc1b6342006f0acf74fa938,-89,,3,64,12.0,3
16:13:11,26.0,3,664b5eb50462da414b5e66f7e294b42028805d73d5ee7514860ce3908bc85142,-90,,3,64,,3
16:13:11,26.0,3,15c21abcebac980eb66755a4b79b0c844689d9bc1943d9922c8dada42fc53c77,-94,,3,64,8.0,3
16:13:12,26.0,3,dbfc7f3c541f46e616728450e1e2515fb6579daf19854efb61801b0dd87ad3f4,-81,,3,64,12.0,3
16:13:13,,3,d1ae5eff4ddb0d8318874030b7a170f938e28b8c0f7b5c6f1046cb0db3a7c985,-84,,3,64,,3
16:13:14,,3,b9b81666e3b9eca88520bfaa2c64ed4ceda6c67941f770237bc9b72768382684,-81,,3,64,,3
16:13:15,,3,be4afe552eb719af272bc08063f63fbf055961b7b090d9ff0490ef6e9e5f7b0d,-67,,3,64,,3
16:13:15,,3,209d868e08f8ba049b626532dc2fdbf459834f4dfa51427b2e21ee8180fd4f2b,-86,,3,64,,3
16:13:16,26.0,3,e7156c5af2856a070d0f3a2446832acaf867361e10f1a198f2a5a8af96f54db0,-87,,3,64,8.0,3
16:13:17,26.0,3,e4366c391a363887059d4a2119c02bd19dd798198e5a49abc3b9df384169f72f,-84,,3,64,12.0,3
16:13:18,26.0,3,3c313decd04a9a6807b8e9f66381f48afb59a723cbdb85a84de5509559d45c87,-91,,3,64,,3
16:13:19,26.0,3,88016672fe011cfa07c9ddf2de69d5586ca4e002a64506d69e1b56bc04dd0d46,-88,,3,64,6.0,3
16:13:19,,3,e97ca9c349c790aff794c81398455f04ab3485a5b82a5ef16d7d2e1c24c7111f,-82,,3,64,,3
16:13:20,26.0,3,7ba8afb13cacce448af1756a659263308ef5220b8b636b739f098e43504741c2,-74,,3,64,7.0,3
16:13:21,26.0,3,42db9df35798b2d8b5a52ffeed2c763da567e7ceb1fe7fe1aae08bd789bbd406,-89,,3,64,7.0,3
16:13:22,,3,be4afe552eb719af272bc08063f63fbf055961b7b090d9ff0490ef6e9e5f7b0d,-73,,3,64,,3
16:13:23,26.0,3,91b562335c5ba1dd1c2131b118bce8896e901ea08e95b53b5d45281e26eb0779,-82,,3,64,8.0,3
16:13:23,26.0,3,664b5eb50462da414b5e66f7e294b42028805d73d5ee7514860ce3908bc85142,-84,,3,64,,3
16:13:24,,3,be4afe552eb719af272bc08063f63fbf055961b7b090d9ff0490ef6e9e5f7b0d,-72,,3,64,,3
16:13:25,26.0,3,da4dae1fd8b4131973c42df4deb3f0ce78932d8e1ad7f1f9cfc1893c6d0d6773,-48,,3,64,12.0,3
16:13:26,26.0,3,42fd1a263f9a61c9ed828621451df141e79b9717af6d69f0ced9be11b55f6083,-88,,3,64,24.0,3
16:13:27,26.0,3,ca238ade3274ab127e74eaf507eb7ca02ad89c2961d7f4e8332f76d079ad6b3f,-87,,3,64,8.0,3
16:13:27,26.0,3,3c313decd04a9a6807b8e9f66381f48afb59a723cbdb85a84de5509559d45c87,-89,,3,64,,3
16:13:28,26.0,3,3c313decd04a9a6807b8e9f66381f48afb59a723cbdb85a84de5509559d45c87,-86,,3,64,,3
16:13:29,26.0,3,965db984260bfe7b12643f220ce45a100775750186f27b4390262b1d048b4cd9,-73,,3,64,12.0,3
16:13:30,26.0,3,df2d36d7021019665a5122e535c4075a7fbea9046bc1b6342006f0acf74fa938,-93,,3,64,12.0,3
16:13:31,26.0,3,0e96f916c8f9c5d455ad98b958914b137d8d6315911f37260ed72598ccaa789c,-69,,3,64,8.0,3
16:13:31,26.0,3,965db984260bfe7b12643f220ce45a100775750186f27b4390262b1d048b4cd9,-73,,3,64,12.0,3
16:13:32,26.0,3,3d4abe28f1107ef44c3b8eedb643461ba82968f09a8c3b73601924ed2075dc50,-79,,3,64,,3
16:13:33,,3,c44fd7ea6e95109e9b64315be601d79a7b1fedac565102ae27777e9a5d112b54,-91,,3,64,,3
16:13:34,,3,be4afe552eb719af272bc08063f63fbf055961b7b090d9ff0490ef6e9e5f7b0d,-77,,3,64,,3
16:13:35,26.0,3,dbfc7f3c541f46e616728450e1e2515fb6579daf19854efb61801b0dd87ad3f4,-82,,3,64,12.0,3
16:13:36,26.0,3,5abc2668bf6f8455f04417e235c2bd05a1716061e83f7ca54e2dda724acf553c,-73,,3,64,8.0,3
16:13:36,,3,a159fe7e2df4e1e8bc3ec6f65292dd75f21936f18b0e26dd147bb50d136a3c96,-83,,3,64,,3
16:13:37,26.0,3,dbfc7f3c541f46e616728450e1e2515fb6579daf19854efb61801b0dd87ad3f4,-79,,3,64,12.0,3
16:13:38,26.0,3,426a412666cceb4e2bed4e14d2e073d916a6f2bb9e08f9bd51bbf5464048bcef,-88,,3,64,12.0,3
16:13:39,26.0,3,da4dae1fd8b4131973c42df4deb3f0ce78932d8e1ad7f1f9cfc1893c6d0d6773,-38,,3,64,12.0,3
16:13:40,26.0,3,664b5eb50462da414b5e66f7e294b42028805d73d5ee7514860ce3908bc85142,-86,,3,64,,3
16:13:40,,3,d1cdd572b4d07d94f0f44dc25f7c3cba8f33f971e904db081634abdee51cf86b,-79,,3,64,,3
16:13:41,26.0,3,0e96f916c8f9c5d455ad98b958914b137d8d6315911f37260ed72598ccaa789c,-87,,3,64,8.0,3
16:13:42,26.0,3,664b5eb50462da414b5e66f7e294b42028805d73d5ee7514860ce3908bc85142,-89,,3,64,,3
16:13:43,26.0,3,399ca840983a37ad33dda8e6b615c247c261cbbb2f9e188fdd0f409deddf99fe,-80,,3,64,12.0,3
16:13:44,,3,be4afe552eb719af272bc08063f63fbf055961b7b090d9ff0490ef6e9e5f7b0d,-79,,3,64,,3
16:13:44,,3,72d04eeed0227d7d7505b44e7a0e248736b4c7ddac70c0ec2bd9732a531be736,-73,,3,64,,3
16:13:45,26.0,3,3d4abe28f1107ef44c3b8eedb643461ba82968f09a8c3b73601924ed2075dc50,-79,,3,64,,3
16:13:46,26.0,3,5abc2668bf6f8455f04417e235c2bd05a1716061e83f7ca54e2dda724acf553c,-70,,3,64,8.0,3
16:13:47,26.0,3,0fbcc6f659441e89b97c0a6e671e04892e3ab8ba2c5abeb5ea9c45f769cc9251,-79,,3,64,12.0,3
16:13:48,26.0,3,0fbcc6f659441e89b97c0a6e671e04892e3ab8ba2c5abeb5ea9c45f769cc9251,-90,,3,64,12.0,3
16:13:48,26.0,3,3d4abe28f1107ef44c3b8eedb643461ba82968f09a8c3b73601924ed2075dc50,-85,,3,64,,3
16:13:49,26.0,3,9f59c3632e83688b65cd3913c29924d711c5f003868174534d29118d9bce9aaa,-80,,3,64,,3
16:13:50,26.0,3,a93f176c83107361366811d9cb69a691c817b7de0031ec3792fe399dee1a7046,-79,,3,64,7.0,3
16:13:51,26.0,3,3d4abe28f1107ef44c3b8eedb643461ba82968f09a8c3b73601924ed2075dc50,-88,,3,64,,3
16:13:52,26.0,3,5e030253bd4f7b7487a0698ec750850c4803032f24e787aee02a89d1e53f5cce,-79,,3,64,12.0,3
16:13:52,26.0,3,0fbcc6f659441e89b97c0a6e671e04892e3ab8ba2c5abeb5ea9c45f769cc9251,-88,,3,64,12.0,3
16:13:53,26.0,3,399ca840983a37ad33dda8e6b615c247c261cbbb2f9e188fdd0f409deddf99fe,-75,,3,64,12.0,3
16:13:54,26.0,3,88016672fe011cfa07c9ddf2de69d5586ca4e002a64506d69e1b56bc04dd0d46,-89,,3,64,6.0,3
16:13:55,,3,d1ae5eff4ddb0d8318874030b7a170f938e28b8c0f7b5c6f1046cb0db3a7c985,-79,,3,64,,3
16:13:56,,3,e6bc4db7350161cfa34d4d29ebccc6d2131fba6e86a227deeefaa3abc95952e2,-90,,3,64,,3
16:13:56,26.0,3,7ba8afb13cacce448af1756a659263308ef5220b8b636b739f098e43504741c2,-78,,3,64,7.0,3
16:13:57,26.0,3,88016672fe011cfa07c9ddf2de69d5586ca4e002a64506d69e1b56bc04dd0d46,-88,,3,64,6.0,3
16:13:58,26.0,3,9f59c3632e83688b65cd3913c29924d711c5f003868174534d29118d9bce9aaa,-88,,3,64,,3
16:13:59,26.0,3,9f59c3632e83688b65cd3913c29924d711c5f003868174534d29118d9bce9aaa,-83,,3,64,8.0,3
16:14:00,26.0,3,5e030253bd4f7b7487a0698ec750850c4803032f24e787aee02a89d1e53f5cce,-83,,3,64,12.0,3
16:14:00,26.0,3,5abc2668bf6f8455f04417e235c2bd05a1716061e83f7ca54e2dda724acf553c,-75,,3,64,8.0,3
16:14:01,,3,be4afe552eb719af272bc08063f63fbf055961b7b090d9ff0490ef6e9e5f7b0d,-81,,3,64,,3
16:14:02,,3,be4afe552eb719af272bc08063f63fbf055961b7b090d9ff0490ef6e9e5f7b0d,-78,,3,64,,3
16:14:03,26.0,3,399ca840983a37ad33dda8e6b615c247c261cbbb2f9e188fdd0f409deddf99fe,-80,,3,64,12.0,3
16:14:04,26.0,3,a93f176c83107361366811d9cb69a691c817b7de0031ec3792fe399dee1a7046,-81,,3,64,7.0,3
16:14:05,26.0,3,7ba8afb13cacce448af1756a659263308ef5220b8b636b739f098e43504741c2,-67,,3,64,7.0,3
16:14:05,26.0,3,3c313decd04a9a6807b8e9f66381f48afb59a723cbdb85a84de5509559d45c87,-93,,3,64,,3
16:14:06,26.0,3,a93f176c83107361366811d9cb69a691c817b7de0031ec3792fe399dee1a7046,-81,,3,64,,3
16:14:07,26.0,3,88016672fe011cfa07c9ddf2de69d5586ca4e002a64506d69e1b56bc04dd0d46,-81,,3,64,6.0,3
16:14:08,26.0,3,a93f176c83107361366811d9cb69a691c817b7de0031ec3792fe399dee1a7046,-85,,3,64,,3
16:14:09,,3,be4afe552eb719af272bc08063f63fbf055961b7b090d9ff0490ef6e9e5f7b0d,-90,,3,64,,3
16:14:09,26.0,3,5abc2668bf6f8455f04417e235c2bd05a1716061e83f7ca54e2dda724acf553c,-85,,3,64,8.0,3
16:14:10,,3,bbcbabed17a630655bf38baf15aff3ee2a5d41c7914c3e4f40ace0ce9198ac80,-81,,3,64,,3
16:14:11,26.0,3,5abc2668bf6f8455f04417e235c2bd05a1716061e83f7ca54e2dda724acf553c,-84,,3,64,8.0,3
16:14:12,26.0,3,88016672fe011cfa07c9ddf2de69d5586ca4e002a64506d69e1b56bc04dd0d46,-84,,3,64,6.0,3
16:14:13,26.0,3,399b30aced61db093ed654e58c09e820093ea15b46f4ccaffc175e8bf23cdc6c,-100,,3,64,8.0,3
16:14:13,26.0,3,da4dae1fd8b4131973c42df4deb3f0ce78932d8e1ad7f1f9cfc1893c6d0d6773,-73,,3,64,12.0,3
16:14:14,,3,bbcbabed17a630655bf38baf15aff3ee2a5d41c7914c3e4f40ace0ce9198ac80,-82,,3,64,,3
16:14:15,,3,56276f88d4c610e6f3c2a74795d565fdc288eed4e8036f275119172c387c98f3,-81,,3,64,,3
16:14:16,26.0,3,0e96f916c8f9c5d455ad98b958914b137d8d6315911f37260ed72598ccaa789c,-85,,3,64,8.0,3
16:14:17,,3,be4afe552eb719af272bc08063f63fbf055961b7b090d9ff0490ef6e9e5f7b0d,-88,,3,64,,3
16:14:17,26.0,3,0e96f916c8f9c5d455ad98b958914b137d8d6315911f37260ed72598ccaa789c,-72,,3,64,8.0,3
16:14:18,26.0,3,a93f176c83107361366811d9cb69a691c817b7de0031ec3792fe399dee1a7046,-82,,3,64,7.0,3
16:14:19,26.0,3,a93f176c83107361366811d9cb69a691c817b7de0031ec3792fe399dee1a7046,-76,,3,64,7.0,3
16:14:20,,3,d1ae5eff4ddb0d8318874030b7a170f938e28b8c0f7b5c6f1046cb0db3a7c985,-87,,3,64,,3
16:14:21,26.0,3,5abc2668bf6f8455f04417e235c2bd05a1716061e83f7ca54e2dda724acf553c,-84,,3,64,8.0,3
16:14:21,26.0,3,dbfc7f3c541f46e616728450e1e2515fb6579daf19854efb61801b0dd87ad3f4,-86,,3,64,12.0,3
16:14:22,26.0,3,dbfc7f3c541f46e616728450e1e2515fb6579daf19854efb61801b0dd87ad3f4,-88,,3,64,12.0,3
16:14:23,26.0,3,e4366c391a363887059d4a2119c02bd19dd798198e5a49abc3b9df384169f72f,-86,,3,64,12.0,3
16:14:24,,3,d1ae5eff4ddb0d8318874030b7a170f938e28b8c0f7b5c6f1046cb0db3a7c985,-83,,3,64,,3
16:14:25,26.0,3,399ca840983a37ad33dda8e6b615c247c261cbbb2f9e188fdd0f409deddf99fe,-84,,3,64,12.0,3
16:14:26,,3,e97ca9c349c790aff794c81398455f04ab3485a5b82a5ef16d7d2e1c24c7111f,-93,,3,64,,3
16:14:26,26.0,3,7ba8afb13cacce448af1756a659263308ef5220b8b636b739f098e43504741c2,-70,,3,64,7.0,3
16:14:27,,3,56276f88d4c610e6f3c2a74795d565fdc288eed4e8036f275119172c387c98f3,-73,,3,64,,3
16:14:28,26.0,3,cf2561222b50f10c2cdff21eb6001bbb42baeaefebff6b17f938d85fc0232060,-82,,3,64,8.0,3
16:14:29,,3,be4afe552eb719af272bc08063f63fbf055961b7b090d9ff0490ef6e9e5f7b0d,-82,,3,64,,3
16:14:30,26.0,3,e3e9d50205c7b52e7012dda662791dc43643d910a157b62e80526b67910f224c,-84,,3,64,7.0,3
16:14:30,26.0,3,0e96f916c8f9c5d455ad98b958914b137d8d6315911f37260ed72598ccaa789c,-84,,3,64,8.0,3
16:14:31,26.0,3,cf2561222b50f10c2cdff21eb6001bbb42baeaefebff6b17f938d85fc0232060,-80,,3,64,,3
16:14:32,26.0,3,cf2561222b50f10c2cdff21eb6001bbb42baeaefebff6b17f938d85fc0232060,-82,,3,64,,3
16:14:33,26.0,3,cf2561222b50f10c2cdff21eb6001bbb42baeaefebff6b17f938d85fc0232060,-81,,3,64,,3
16:14:34,26.0,3,5abc2668bf6f8455f04417e235c2bd05a1716061e83f7ca54e2dda724acf553c,-75,,3,64,8.0,3
16:14:34,26.0,3,42fd1a263f9a61c9ed828621451df141e79b9717af6d69f0ced9be11b55f6083,-89,,3,64,24.0,3
16:14:35,26.0,3,faf9022fb80a8128962cbe6e98147e2b14b6447402b4a0251e52c92e1f0e7343,-89,,3,64,12.0,3
16:14:36,,3,977979fc5901a32a0ae2e109d9b1e49a1b6d45252792d7f97c63f4c0d41abbaf,-78,,3,64,,3
16:14:37,26.0,3,3c313decd04a9a6807b8e9f66381f48afb59a723cbdb85a84de5509559d45c87,-94,,3,64,,3
16:14:38,26.0,3,cf2561222b50f10c2cdff21eb6001bbb42baeaefebff6b17f938d85fc0232060,-87,,3,64,8.0,3
16:14:38,,3,d4b81e91485cc5220dfa3c390323b7dabaf1e6bed22af2b890c6630efd285f09,-78,,3,64,,3
16:14:39,26.0,3,e3e9d50205c7b52e7012dda662791dc43643d910a157b62e80526b67910f224c,-75,,3,64,7.0,3
16:14:40,,3,977979fc5901a32a0ae2e109d9b1e49a1b6d45252792d7f97c63f4c0d41abbaf,-72,,3,64,,3
16:14:41,26.0,3,7ba8afb13cacce448af1756a659263308ef5220b8b636b739f098e43504741c2,-77,,3,64,7.0,3
16:14:42,26.0,3,5e030253bd4f7b7487a0698ec750850c4803032f24e787aee02a89d1e53f5cce,-74,,3,64,12.0,3
16:14:42,,3,d4b81e91485cc5220dfa3c390323b7dabaf1e6bed22af2b890c6630efd285f09,-90,,3,64,,3
16:14:43,,3,be4afe552eb719af272bc08063f63fbf055961b7b090d9ff0490ef6e9e5f7b0d,-82,,3,64,,3
16:14:44,26.0,3,399b30aced61db093ed654e58c09e820093ea15b46f4ccaffc175e8bf23cdc6c,-92,,3,64,8.0,3
16:14:45,26.0,3,5e030253bd4f7b7487a0698ec750850c4803032f24e787aee02a89d1e53f5cce,-74,,3,64,12.0,3
16:14:46,,3,be4afe552eb719af272bc08063f63fbf055961b7b090d9ff0490ef6e9e5f7b0d,-94,,3,64,,3
16:14:46,,3,be4afe552eb719af272bc08063f63fbf055961b7b090d9ff0490ef6e9e5f7b0d,-81,,3,64,,3
16:14:47,26.0,3,dbeb710bde143149012327b9b261f5221a0b2dc6115672da9c5bbf536c7b0ee1,-66,,3,64,12.0,3
16:14:48,26.0,3,399ca840983a37ad33dda8e6b615c247c261cbbb2f9e188fdd0f409deddf99fe,-87,,3,64,12.0,3
16:14:49,,3,be4afe552eb719af272bc08063f63fbf055961b7b090d9ff0490ef6e9e5f7b0d,-85,,3,64,,3
16:14:50,,3,d1ae5eff4ddb0d8318874030b7a170f938e28b8c0f7b5c6f1046cb0db3a7c985,-77,,3,64,,3
16:14:50,26.0,3,399b30aced61db093ed654e58c09e820093ea15b46f4ccaffc175e8bf23cdc6c,-90,,3,64,8.0,3
16:14:51,26.0,3,42fd1a263f9a61c9ed828621451df141e79b9717af6d69f0ced9be11b55f6083,-89,,3,64,24.0,3
16:14:52,26.0,3,399ca840983a37ad33dda8e6b615c247c261cbbb2f9e188fdd0f409deddf99fe,-81,,3,64,12.0,3
16:14:53,,3,72d04eeed0227d7d7505b44e7a0e248736b4c7ddac70c0ec2bd9732a531be736,-83,,3,64,,3
16:14:54,26.0,3,399b30aced61db093ed654e58c09e820093ea15b46f4ccaffc175e8bf23cdc6c,-89,,3,64,8.0,3
16:14:54,26.0,3,dbeb710bde143149012327b9b261f5221a0b2dc6115672da9c5bbf536c7b0ee1,-58,,3,64,12.0,3
16:14:55,26.0,3,664b5eb50462da414b5e66f7e294b42028805d73d5ee7514860ce3908bc85142,-89,,3,64,7.0,3
16:14:56,26.0,3,e3e9d50205c7b52e7012dda662791dc43643d910a157b62e80526b67910f224c,-87,,3,64,7.0,3
16:14:57,,3,72d04eeed0227d7d7505b44e7a0e248736b4c7ddac70c0ec2bd9732a531be736,-82,,3,64,,3
16:14:57,,3,be4afe552eb719af272bc08063f63fbf055961b7b090d9ff0490ef6e9e5f7b0d,-85,,3,64,,3
16:14:59,26.0,3,faf9022fb80a8128962cbe6e98147e2b14b6447402b4a0251e52c92e1f0e7343,-82,,3,64,12.0,3
16:14:59,26.0,3,399ca840983a37ad33dda8e6b615c247c261cbbb2f9e188fdd0f409deddf99fe,-87,,3,64,12.0,3
16:15:00,,3,be4afe552eb719af272bc08063f63fbf055961b7b090d9ff0490ef6e9e5f7b0d,-83,,3,64,,3
16:15:01,26.0,3,7ba8afb13cacce448af1756a659263308ef5220b8b636b739f098e43504741c2,-77,,3,64,7.0,3
16:15:02,,3,e6bc4db7350161cfa34d4d29ebccc6d2131fba6e86a227deeefaa3abc95952e2,-92,,3,64,,3
16:15:03,,3,5bdf3b05873d6683967cf367b0e1f42d62d6f523493094249c21360e2d687a9d,-88,,3,64,,3
16:15:03,26.0,3,399ca840983a37ad33dda8e6b615c247c261cbbb2f9e188fdd0f409deddf99fe,-83,,3,64,12.0,3
16:15:04,26.0,3,ca238ade3274ab127e74eaf507eb7ca02ad89c2961d7f4e8332f76d079ad6b3f,-89,,3,64,8.0,3
16:15:05,26.0,3,faf9022fb80a8128962cbe6e98147e2b14b6447402b4a0251e52c92e1f0e7343,-90,,3,64,12.0,3
16:15:06,,3,e6bc4db7350161cfa34d4d29ebccc6d2131fba6e86a227deeefaa3abc95952e2,-89,,3,64,,3
16:15:07,26.0,3,e3e9d50205c7b52e7012dda662791dc43643d910a157b62e80526b67910f224c,-81,,3,64,7.0,3
16:15:07,26.0,3,5abc2668bf6f8455f04417e235c2bd05a1716061e83f7ca54e2dda724acf553c,-92,,3,64,8.0,3
16:15:08,,3,be4afe552eb719af272bc08063f63fbf055961b7b090d9ff0490ef6e9e5f7b0d,-79,,3,64,,3
16:15:09,26.0,3,dbeb710bde143149012327b9b261f5221a0b2dc6115672da9c5bbf536c7b0ee1,-61,,3,64,12.0,3
16:15:10,26.0,3,5abc2668bf6f8455f04417e235c2bd05a1716061e83f7ca54e2dda724acf553c,-81,,3,64,8.0,3
16:15:11,26.0,3,7ba8afb13cacce448af1756a659263308ef5220b8b636b739f098e43504741c2,-70,,3,64,7.0,3
16:15:11,26.0,3,42fd1a263f9a61c9ed828621451df141e79b9717af6d69f0ced9be11b55f6083,-94,,3,64,24.0,3
16:15:12,,3,57aafc7664a8ce84b1b5395da01bcab28e06ef4b7e0d1e9047b46697c5fe60e4,-80,,3,64,,3
16:15:13,,3,56276f88d4c610e6f3c2a74795d565fdc288eed4e8036f275119172c387c98f3,-71,,3,64,,3
16:15:14,26.0,3,399ca840983a37ad33dda8e6b615c247c261cbbb2f9e188fdd0f409deddf99fe,-67,,3,64,12.0,3
16:15:15,26.0,3,5e030253bd4f7b7487a0698ec750850c4803032f24e787aee02a89d1e53f5cce,-80,,3,64,12.0,3
16:15:16,,3,be4afe552eb719af272bc08063f63fbf055961b7b090d9ff0490ef6e9e5f7b0d,-79,,3,64,,3
16:15:16,26.0,3,e3e9d50205c7b52e7012dda662791dc43643d910a157b62e80526b67910f224c,-82,,3,64,7.0,3
16:15:17,26.0,3,399ca840983a37ad33dda8e6b615c247c261cbbb2f9e188fdd0f409deddf99fe,-69,,3,64,12.0,3
16:15:18,26.0,3,399ca840983a37ad33dda8e6b615c247c261cbbb2f9e188fdd0f409deddf99fe,-69,,3,64,12.0,3
16:15:19,26.0,3,399ca840983a37ad33dda8e6b615c247c261cbbb2f9e188fdd0f409deddf99fe,-67,,3,64,12.0,3
16:15:20,26.0,3,399b30aced61db093ed654e58c09e820093ea15b46f4ccaffc175e8bf23cdc6c,-85,,3,64,8.0,3
16:15:20,26.0,3,e3e9d50205c7b52e7012dda662791dc43643d910a157b62e80526b67910f224c,-94,,3,64,7.0,3
16:15:21,26.0,3,e3e9d50205c7b52e7012dda662791dc43643d910a157b62e80526b67910f224c,-84,,3,64,7.0,3
16:15:22,26.0,3,e3e9d50205c7b52e7012dda662791dc43643d910a157b62e80526b67910f224c,-81,,3,64,7.0,3
16:15:23,26.0,3,399ca840983a37ad33dda8e6b615c247c261cbbb2f9e188fdd0f409deddf99fe,-72,,3,64,12.0,3
16:15:24,26.0,3,5abc2668bf6f8455f04417e235c2bd05a1716061e83f7ca54e2dda724acf553c,-86,,3,64,8.0,3
16:15:24,,3,be4afe552eb719af272bc08063f63fbf055961b7b090d9ff0490ef6e9e5f7b0d,-76,,3,64,,3
16:15:25,26.0,3,399ca840983a37ad33dda8e6b615c247c261cbbb2f9e188fdd0f409deddf99fe,-68,,3,64,12.0,3
16:15:26,26.0,3,faf9022fb80a8128962cbe6e98147e2b14b6447402b4a0251e52c92e1f0e7343,-86,,3,64,12.0,3
16:15:27,,3,be4afe552eb719af272bc08063f63fbf055961b7b090d9ff0490ef6e9e5f7b0d,-75,,3,64,,3
16:15:28,,3,62b3d9b984c5592ad032a9e2ba7737236ce659db817ba602c80b65da84dd1645,-78,,3,64,,3
16:15:28,26.0,3,42fd1a263f9a61c9ed828621451df141e79b9717af6d69f0ced9be11b55f6083,-89,,3,64,24.0,3
16:15:29,,3,be4afe552eb719af272bc08063f63fbf055961b7b090d9ff0490ef6e9e5f7b0d,-74,,3,64,,3
16:15:30,26.0,3,6023d1c0fc05482985f098a794ed3c473507c840fc3edeaabfe6830c846e1e05,-94,,3,64,12.0,3
16:15:31,26.0,3,e3e9d50205c7b52e7012dda662791dc43643d910a157b62e80526b67910f224c,-83,,3,64,7.0,3
16:15:32,,3,be4afe552eb719af272bc08063f63fbf055961b7b090d9ff0490ef6e9e5f7b0d,-76,,3,64,,3
16:15:32,26.0,3,e3e9d50205c7b52e7012dda662791dc43643d910a157b62e80526b67910f224c,-79,,3,64,7.0,3
16:15:33,26.0,3,b13f208c5fcf41b8d933d5be9c373156a6db3d0fb350eb5fdc50e1c134cb28f2,-92,,3,64,8.0,3
16:15:34,26.0,3,dbeb710bde143149012327b9b261f5221a0b2dc6115672da9c5bbf536c7b0ee1,-76,,3,64,12.0,3
16:15:35,26.0,3,5e030253bd4f7b7487a0698ec750850c4803032f24e787aee02a89d1e53f5cce,-74,,3,64,12.0,3
16:15:35,26.0,3,5e030253bd4f7b7487a0698ec750850c4803032f24e787aee02a89d1e53f5cce,-84,,3,64,12.0,3
16:15:36,,3,be4afe552eb719af272bc08063f63fbf055961b7b090d9ff0490ef6e9e5f7b0d,-79,,3,64,,3
16:15:37,,3,1f9203cbdec0b00ba5d42eaec594722ea71efa1369d22f54423c5cf7831ea2db,-91,,3,64,,3
16:15:38,,3,be4afe552eb719af272bc08063f63fbf055961b7b090d9ff0490ef6e9e5f7b0d,-86,,3,64,,3
16:15:39,,3,be4afe552eb719af272bc08063f63fbf055961b7b090d9ff0490ef6e9e5f7b0d,-77,,3,64,,3
16:15:40,26.0,3,399ca840983a37ad33dda8e6b615c247c261cbbb2f9e188fdd0f409deddf99fe,-75,,3,64,12.0,3
16:15:40,,3,be4afe552eb719af272bc08063f63fbf055961b7b090d9ff0490ef6e9e5f7b0d,-72,,3,64,,3
16:15:41,26.0,3,faf9022fb80a8128962cbe6e98147e2b14b6447402b4a0251e52c92e1f0e7343,-88,,3,64,12.0,3
16:15:42,26.0,3,e3e9d50205c7b52e7012dda662791dc43643d910a157b62e80526b67910f224c,-82,,3,64,7.0,3
16:15:43,,3,be4afe552eb719af272bc08063f63fbf055961b7b090d9ff0490ef6e9e5f7b0d,-72,,3,64,,3
16:15:44,26.0,3,84c5f6625c1c58bbaa28e969de80863de679b8d4149d6db0fc5fe920a93bc174,-75,,3,64,7.0,3
16:15:44,26.0,3,c772181e82ddeb294725e1a933c9e0d694907dcdb906ba2c0d389f23d5e8a97d,-90,,3,64,,3
16:15:45,26.0,3,5abc2668bf6f8455f04417e235c2bd05a1716061e83f7ca54e2dda724acf553c,-75,,3,64,8.0,3
16:15:46,26.0,3,c772181e82ddeb294725e1a933c9e0d694907dcdb906ba2c0d389f23d5e8a97d,-90,,3,64,,3
16:15:47,26.0,3,cf2561222b50f10c2cdff21eb6001bbb42baeaefebff6b17f938d85fc0232060,-87,,3,64,8.0,3
16:15:48,26.0,3,4f6bddf2f5ec5abbee0dcb600d9f3d90b92b1bd7cb85271828c5616080f9f347,-86,,3,64,8.0,3
16:15:48,26.0,3,cf2561222b50f10c2cdff21eb6001bbb42baeaefebff6b17f938d85fc0232060,-86,,3,64,8.0,3
16:15:49,26.0,3,c772181e82ddeb294725e1a933c9e0d694907dcdb906ba2c0d389f23d5e8a97d,-92,,3,64,,3
16:15:50,26.0,3,edf34bfafee55ca739ba3fdf4f3bc6cf6b02b95ba5afa716128b5c31567891ba,-86,,3,64,8.0,3
16:15:51,26.0,3,edf34bfafee55ca739ba3fdf4f3bc6cf6b02b95ba5afa716128b5c31567891ba,-88,,3,64,8.0,3
16:15:52,26.0,3,c772181e82ddeb294725e1a933c9e0d694907dcdb906ba2c0d389f23d5e8a97d,-91,,3,64,,3
16:15:52,,3,f76016a8f89ff7fcabec97f5302670b2aa013105227b128eb0bb7d5bd3989ab0,-94,,3,64,,3
16:15:53,26.0,3,399ca840983a37ad33dda8e6b615c247c261cbbb2f9e188fdd0f409deddf99fe,-72,,3,64,12.0,3
16:15:54,26.0,3,edf34bfafee55ca739ba3fdf4f3bc6cf6b02b95ba5afa716128b5c31567891ba,-89,,3,64,8.0,3
16:15:55,26.0,3,84c5f6625c1c58bbaa28e969de80863de679b8d4149d6db0fc5fe920a93bc174,-69,,3,64,7.0,3
16:15:56,,3,bb92c0af359e1b0ac8157bb1433f8227ab2a9c4c234094fb5e416b946cc90de2,-72,,3,64,,3
16:15:56,26.0,3,5e030253bd4f7b7487a0698ec750850c4803032f24e787aee02a89d1e53f5cce,-74,,3,64,12.0,3
16:15:57,26.0,3,399ca840983a37ad33dda8e6b615c247c261cbbb2f9e188fdd0f409deddf99fe,-65,,3,64,12.0,3
16:15:58,26.0,3,c772181e82ddeb294725e1a933c9e0d694907dcdb906ba2c0d389f23d5e8a97d,-93,,3,64,,3
16:15:59,26.0,3,399ca840983a37ad33dda8e6b615c247c261cbbb2f9e188fdd0f409deddf99fe,-64,,3,64,12.0,3
16:16:00,,3,bb92c0af359e1b0ac8157bb1433f8227ab2a9c4c234094fb5e416b946cc90de2,-72,,3,64,,3
16:16:00,,3,f76016a8f89ff7fcabec97f5302670b2aa013105227b128eb0bb7d5bd3989ab0,-89,,3,64,,3
16:16:01,26.0,3,399ca840983a37ad33dda8e6b615c247c261cbbb2f9e188fdd0f409deddf99fe,-67,,3,64,12.0,3
16:16:02,26.0,3,399b30aced61db093ed654e58c09e820093ea15b46f4ccaffc175e8bf23cdc6c,-88,,3,64,8.0,3
16:16:03,26.0,3,e4366c391a363887059d4a2119c02bd19dd798198e5a49abc3b9df384169f72f,-78,,3,64,12.0,3
16:16:04,26.0,3,0e96f916c8f9c5d455ad98b958914b137d8d6315911f37260ed72598ccaa789c,-90,,3,64,8.0,3
16:16:05,26.0,3,399ca840983a37ad33dda8e6b615c247c261cbbb2f9e188fdd0f409deddf99fe,-81,,3,64,12.0,3
16:16:05,26.0,3,faf9022fb80a8128962cbe6e98147e2b14b6447402b4a0251e52c92e1f0e7343,-90,,3,64,12.0,3
16:16:06,26.0,3,e4366c391a363887059d4a2119c02bd19dd798198e5a49abc3b9df384169f72f,-85,,3,64,12.0,3
16:16:07,26.0,3,e3e9d50205c7b52e7012dda662791dc43643d910a157b62e80526b67910f224c,-77,,3,64,7.0,3
16:16:08,26.0,3,42fd1a263f9a61c9ed828621451df141e79b9717af6d69f0ced9be11b55f6083,-87,,3,64,24.0,3
16:16:09,,3,be4afe552eb719af272bc08063f63fbf055961b7b090d9ff0490ef6e9e5f7b0d,-77,,3,64,,3
16:16:09,,3,bb18224d2e5ae932e4451dd1b638b76207b318d46983b464ae82cb0ae7d54543,-81,,3,64,,3
16:16:10,26.0,3,faf9022fb80a8128962cbe6e98147e2b14b6447402b4a0251e52c92e1f0e7343,-77,,3,64,12.0,3
16:16:11,26.0,3,5abc2668bf6f8455f04417e235c2bd05a1716061e83f7ca54e2dda724acf553c,-81,,3,64,8.0,3
16:16:12,26.0,3,399ca840983a37ad33dda8e6b615c247c261cbbb2f9e188fdd0f409deddf99fe,-81,,3,64,12.0,3
16:16:13,26.0,3,c772181e82ddeb294725e1a933c9e0d694907dcdb906ba2c0d389f23d5e8a97d,-93,,3,64,,3
16:16:13,,3,bb18224d2e5ae932e4451dd1b638b76207b318d46983b464ae82cb0ae7d54543,-88,,3,64,,3
16:16:14,26.0,3,0e96f916c8f9c5d455ad98b958914b137d8d6315911f37260ed72598ccaa789c,-81,,3,64,8.0,3
16:16:15,26.0,3,84c5f6625c1c58bbaa28e969de80863de679b8d4149d6db0fc5fe920a93bc174,-69,,3,64,7.0,3
16:16:16,26.0,3,5e030253bd4f7b7487a0698ec750850c4803032f24e787aee02a89d1e53f5cce,-73,,3,64,12.0,3
16:16:17,26.0,3,c772181e82ddeb294725e1a933c9e0d694907dcdb906ba2c0d389f23d5e8a97d,-87,,3,64,,3
16:16:17,26.0,3,c772181e82ddeb294725e1a933c9e0d694907dcdb906ba2c0d389f23d5e8a97d,-91,,3,64,,3
16:16:18,26.0,3,5e030253bd4f7b7487a0698ec750850c4803032f24e787aee02a89d1e53f5cce,-74,,3,64,12.0,3
16:16:19,,3,be4afe552eb719af272bc08063f63fbf055961b7b090d9ff0490ef6e9e5f7b0d,-75,,3,64,,3
16:16:20,26.0,3,399ca840983a37ad33dda8e6b615c247c261cbbb2f9e188fdd0f409deddf99fe,-77,,3,64,12.0,3
16:16:21,,3,be4afe552eb719af272bc08063f63fbf055961b7b090d9ff0490ef6e9e5f7b0d,-75,,3,64,,3
16:16:21,26.0,3,399ca840983a37ad33dda8e6b615c247c261cbbb2f9e188fdd0f409deddf99fe,-77,,3,64,12.0,3
16:16:22,26.0,3,e4366c391a363887059d4a2119c02bd19dd798198e5a49abc3b9df384169f72f,-89,,3,64,12.0,3
16:16:23,26.0,3,399ca840983a37ad33dda8e6b615c247c261cbbb2f9e188fdd0f409deddf99fe,-78,,3,64,12.0,3
16:16:24,26.0,3,edf34bfafee55ca739ba3fdf4f3bc6cf6b02b95ba5afa716128b5c31567891ba,-91,,3,64,8.0,3
16:16:25,26.0,3,edf34bfafee55ca739ba3fdf4f3bc6cf6b02b95ba5afa716128b5c31567891ba,-90,,3,64,8.0,3
16:16:25,,3,be4afe552eb719af272bc08063f63fbf055961b7b090d9ff0490ef6e9e5f7b0d,-72,,3,64,,3
16:16:26,,3,097758d70d7f43e1236df8b6263079fc470de274dda7b3543413d443cab28c72,-66,,3,64,,3
16:16:27,26.0,3,e3e9d50205c7b52e7012dda662791dc43643d910a157b62e80526b67910f224c,-82,,3,64,7.0,3
16:16:28,26.0,3,dbeb710bde143149012327b9b261f5221a0b2dc6115672da9c5bbf536c7b0ee1,-70,,3,64,12.0,3
16:16:29,26.0,3,5abc2668bf6f8455f04417e235c2bd05a1716061e83f7ca54e2dda724acf553c,-78,,3,64,8.0,3
16:16:29,26.0,3,edf34bfafee55ca739ba3fdf4f3bc6cf6b02b95ba5afa716128b5c31567891ba,-86,,3,64,8.0,3
16:16:30,26.0,3,dbeb710bde143149012327b9b261f5221a0b2dc6115672da9c5bbf536c7b0ee1,-65,,3,64,12.0,3
16:16:31,26.0,3,c772181e82ddeb294725e1a933c9e0d694907dcdb906ba2c0d389f23d5e8a97d,-89,,3,64,,3
16:16:32,,3,25a8b6ed2bb23caedc055762eb40b1cb99b899f1eabf886913fa410283adc729,-90,,3,64,,3
16:16:33,,3,be4afe552eb719af272bc08063f63fbf055961b7b090d9ff0490ef6e9e5f7b0d,-86,,3,64,,3
16:16:34,26.0,3,664b5eb50462da414b5e66f7e294b42028805d73d5ee7514860ce3908bc85142,-86,,3,64,7.0,3
16:16:34,26.0,3,6023d1c0fc05482985f098a794ed3c473507c840fc3edeaabfe6830c846e1e05,-85,,3,64,12.0,3
16:16:35,26.0,3,edf34bfafee55ca739ba3fdf4f3bc6cf6b02b95ba5afa716128b5c31567891ba,-92,,3,64,8.0,3
16:16:36,26.0,3,84c5f6625c1c58bbaa28e969de80863de679b8d4149d6db0fc5fe920a93bc174,-92,,3,64,7.0,3
16:16:37,26.0,3,15c21abcebac980eb66755a4b79b0c844689d9bc1943d9922c8dada42fc53c77,-92,,3,64,8.0,3
16:16:38,26.0,3,399ca840983a37ad33dda8e6b615c247c261cbbb2f9e188fdd0f409deddf99fe,-74,,3,64,12.0,3
16:16:38,26.0,3,5e030253bd4f7b7487a0698ec750850c4803032f24e787aee02a89d1e53f5cce,-75,,3,64,12.0,3
16:16:39,26.0,3,0e96f916c8f9c5d455ad98b958914b137d8d6315911f37260ed72598ccaa789c,-85,,3,64,8.0,3
16:16:40,26.0,3,5e030253bd4f7b7487a0698ec750850c4803032f24e787aee02a89d1e53f5cce,-76,,3,64,12.0,3
16:16:41,2.0,3,73871fd5eb81094ffe81c7adabc544e5f12b7e24b181da29c06432b24a14e054,-93,,3,64,,3
16:16:42,26.0,3,5abc2668bf6f8455f04417e235c2bd05a1716061e83f7ca54e2dda724acf553c,-80,,3,64,8.0,3
16:16:42,,3,be4afe552eb719af272bc08063f63fbf055961b7b090d9ff0490ef6e9e5f7b0d,-85,,3,64,,3
16:16:43,26.0,3,c772181e82ddeb294725e1a933c9e0d694907dcdb906ba2c0d389f23d5e8a97d,-98,,3,64,,3
16:16:44,,3,be4afe552eb719af272bc08063f63fbf055961b7b090d9ff0490ef6e9e5f7b0d,-72,,3,64,,3
16:16:45,4.0,3,974e1e3643c6b719ba186bedb94d429194ca81ec648727de1c416264048560db,-70,,3,64,,3
16:16:46,,3,62b3d9b984c5592ad032a9e2ba7737236ce659db817ba602c80b65da84dd1645,-81,,3,64,,3
16:16:46,26.0,3,faf9022fb80a8128962cbe6e98147e2b14b6447402b4a0251e52c92e1f0e7343,-87,,3,64,12.0,3
16:16:47,26.0,3,e3e9d50205c7b52e7012dda662791dc43643d910a157b62e80526b67910f224c,-77,,3,64,7.0,3
16:16:48,26.0,3,399ca840983a37ad33dda8e6b615c247c261cbbb2f9e188fdd0f409deddf99fe,-71,,3,64,12.0,3
16:16:49,26.0,3,0e96f916c8f9c5d455ad98b958914b137d8d6315911f37260ed72598ccaa789c,-79,,3,64,8.0,3
16:16:50,26.0,3,dbeb710bde143149012327b9b261f5221a0b2dc6115672da9c5bbf536c7b0ee1,-73,,3,64,12.0,3
16:16:50,26.0,3,5abc2668bf6f8455f04417e235c2bd05a1716061e83f7ca54e2dda724acf553c,-78,,3,64,8.0,3
16:16:51,26.0,3,6023d1c0fc05482985f098a794ed3c473507c840fc3edeaabfe6830c846e1e05,-86,,3,64,12.0,3
16:16:52,26.0,3,dbeb710bde143149012327b9b261f5221a0b2dc6115672da9c5bbf536c7b0ee1,-72,,3,64,12.0,3
16:16:53,,3,be4afe552eb719af272bc08063f63fbf055961b7b090d9ff0490ef6e9e5f7b0d,-79,,3,64,,3
16:16:54,,3,62b3d9b984c5592ad032a9e2ba7737236ce659db817ba602c80b65da84dd1645,-84,,3,64,,3
16:16:54,26.0,3,6023d1c0fc05482985f098a794ed3c473507c840fc3edeaabfe6830c846e1e05,-84,,3,64,12.0,3
16:16:55,26.0,3,399ca840983a37ad33dda8e6b615c247c261cbbb2f9e188fdd0f409deddf99fe,-68,,3,64,12.0,3
16:16:56,26.0,3,664b5eb50462da414b5e66f7e294b42028805d73d5ee7514860ce3908bc85142,-89,,3,64,7.0,3
16:16:57,,3,907dddcef1319c1005f6b5f96a3abca89c64db2102f05f15a3df755ca7c99730,-86,,3,64,,3
16:16:58,26.0,3,5e030253bd4f7b7487a0698ec750850c4803032f24e787aee02a89d1e53f5cce,-81,,3,64,12.0,3
16:16:58,2.0,3,73871fd5eb81094ffe81c7adabc544e5f12b7e24b181da29c06432b24a14e054,-94,,3,64,,3
16:16:59,26.0,3,edf34bfafee55ca739ba3fdf4f3bc6cf6b02b95ba5afa716128b5c31567891ba,-89,,3,64,8.0,3
16:17:00,26.0,3,e3e9d50205c7b52e7012dda662791dc43643d910a157b62e80526b67910f224c,-73,,3,64,7.0,3
16:17:01,26.0,3,e3e9d50205c7b52e7012dda662791dc43643d910a157b62e80526b67910f224c,-73,,3,64,7.0,3
16:17:02,26.0,3,e3e9d50205c7b52e7012dda662791dc43643d910a157b62e80526b67910f224c,-73,,3,64,7.0,3
16:17:03,,3,7f7ebfb11b4f3b917acf996bbeb83fa18cf353f584e4f954a5b09745c259a7b4,-71,,3,64,,3
16:17:03,,3,1a3c5e39b9f1182f3bb8bd8c7723d45c061257daf12da266b29a8788d1f4735c,-81,,3,64,,3
16:17:04,26.0,3,e3e9d50205c7b52e7012dda662791dc43643d910a157b62e80526b67910f224c,-84,,3,64,7.0,3
16:17:05,26.0,3,6023d1c0fc05482985f098a794ed3c473507c840fc3edeaabfe6830c846e1e05,-88,,3,64,12.0,3
16:17:06,26.0,3,3c313decd04a9a6807b8e9f66381f48afb59a723cbdb85a84de5509559d45c87,-91,,3,64,,3
16:17:07,26.0,3,faf9022fb80a8128962cbe6e98147e2b14b6447402b4a0251e52c92e1f0e7343,-85,,3,64,12.0,3
16:17:07,26.0,3,399ca840983a37ad33dda8e6b615c247c261cbbb2f9e188fdd0f409deddf99fe,-71,,3,64,12.0,3
16:17:08,,3,be4afe552eb719af272bc08063f63fbf055961b7b090d9ff0490ef6e9e5f7b0d,-84,,3,64,,3
16:17:09,26.0,3,399ca840983a37ad33dda8e6b615c247c261cbbb2f9e188fdd0f409deddf99fe,-75,,3,64,12.0,3
16:17:10,26.0,3,42fd1a263f9a61c9ed828621451df141e79b9717af6d69f0ced9be11b55f6083,-86,,3,64,24.0,3
16:17:11,,3,7f7ebfb11b4f3b917acf996bbeb83fa18cf353f584e4f954a5b09745c259a7b4,-74,,3,64,,3
16:17:11,26.0,3,dbeb710bde143149012327b9b261f5221a0b2dc6115672da9c5bbf536c7b0ee1,-73,,3,64,12.0,3
16:17:12,26.0,3,84c5f6625c1c58bbaa28e969de80863de679b8d4149d6db0fc5fe920a93bc174,-73,,3,64,7.0,3
16:17:13,26.0,3,e3e9d50205c7b52e7012dda662791dc43643d910a157b62e80526b67910f224c,-85,,3,64,7.0,3
16:17:14,26.0,3,399b30aced61db093ed654e58c09e820093ea15b46f4ccaffc175e8bf23cdc6c,-86,,3,64,8.0,3
16:17:15,,3,7f7ebfb11b4f3b917acf996bbeb83fa18cf353f584e4f954a5b09745c259a7b4,-82,,3,64,,3
16:17:15,26.0,3,399ca840983a37ad33dda8e6b615c247c261cbbb2f9e188fdd0f409deddf99fe,-71,,3,64,12.0,3
16:17:16,26.0,3,5e030253bd4f7b7487a0698ec750850c4803032f24e787aee02a89d1e53f5cce,-77,,3,64,12.0,3
16:17:17,26.0,3,5e030253bd4f7b7487a0698ec750850c4803032f24e787aee02a89d1e53f5cce,-83,,3,64,12.0,3
16:17:18,26.0,3,664b5eb50462da414b5e66f7e294b42028805d73d5ee7514860ce3908bc85142,-88,,3,64,7.0,3
16:17:19,26.0,3,5e030253bd4f7b7487a0698ec750850c4803032f24e787aee02a89d1e53f5cce,-83,,3,64,12.0,3
16:17:19,,3,be4afe552eb719af272bc08063f63fbf055961b7b090d9ff0490ef6e9e5f7b0d,-77,,3,64,,3
16:17:20,26.0,3,42fd1a263f9a61c9ed828621451df141e79b9717af6d69f0ced9be11b55f6083,-90,,3,64,24.0,3
16:17:21,26.0,3,5abc2668bf6f8455f04417e235c2bd05a1716061e83f7ca54e2dda724acf553c,-85,,3,64,8.0,3
16:17:22,26.0,3,4646fd344ed59f7b1f2d832d2712752e5331fbf356edf4aecb8970fa5e45df83,-93,,3,64,8.0,3
16:17:23,,3,be4afe552eb719af272bc08063f63fbf055961b7b090d9ff0490ef6e9e5f7b0d,-79,,3,64,,3
16:17:23,26.0,3,42fd1a263f9a61c9ed828621451df141e79b9717af6d69f0ced9be11b55f6083,-89,,3,64,24.0,3
16:17:24,,3,be4afe552eb719af272bc08063f63fbf055961b7b090d9ff0490ef6e9e5f7b0d,-88,,3,64,,3
16:17:25,26.0,3,e3e9d50205c7b52e7012dda662791dc43643d910a157b62e80526b67910f224c,-81,,3,64,7.0,3
16:17:26,26.0,3,399ca840983a37ad33dda8e6b615c247c261cbbb2f9e188fdd0f409deddf99fe,-80,,3,64,12.0,3
16:17:27,26.0,3,e3e9d50205c7b52e7012dda662791dc43643d910a157b62e80526b67910f224c,-81,,3,64,7.0,3
16:17:27,26.0,3,edf34bfafee55ca739ba3fdf4f3bc6cf6b02b95ba5afa716128b5c31567891ba,-88,,3,64,8.0,3
16:17:28,26.0,3,664b5eb50462da414b5e66f7e294b42028805d73d5ee7514860ce3908bc85142,-85,,3,64,7.0,3
16:17:29,,3,be4afe552eb719af272bc08063f63fbf055961b7b090d9ff0490ef6e9e5f7b0d,-77,,3,64,,3
16:17:30,,3,be4afe552eb719af272bc08063f63fbf055961b7b090d9ff0490ef6e9e5f7b0d,-79,,3,64,,3
16:17:31,26.0,3,edf34bfafee55ca739ba3fdf4f3bc6cf6b02b95ba5afa716128b5c31567891ba,-93,,3,64,8.0,3
16:17:32,,3,25a8b6ed2bb23caedc055762eb40b1cb99b899f1eabf886913fa410283adc729,-91,,3,64,,3
16:17:32,,3,9b4c3ea08d649c4333a46f6ce1da495f918bc636ec6bf564c397b93fd9c94e18,-69,,3,64,,3
16:17:33,26.0,3,42fd1a263f9a61c9ed828621451df141e79b9717af6d69f0ced9be11b55f6083,-93,,3,64,24.0,3
16:17:34,26.0,3,399ca840983a37ad33dda8e6b615c247c261cbbb2f9e188fdd0f409deddf99fe,-67,,3,64,12.0,3
16:17:35,26.0,3,faf9022fb80a8128962cbe6e98147e2b14b6447402b4a0251e52c92e1f0e7343,-81,,3,64,12.0,3
16:17:36,26.0,3,399ca840983a37ad33dda8e6b615c247c261cbbb2f9e188fdd0f409deddf99fe,-70,,3,64,12.0,3
16:17:36,26.0,3,e3e9d50205c7b52e7012dda662791dc43643d910a157b62e80526b67910f224c,-73,,3,64,7.0,3
16:17:37,26.0,3,5e030253bd4f7b7487a0698ec750850c4803032f24e787aee02a89d1e53f5cce,-87,,3,64,12.0,3
16:17:38,26.0,3,edf34bfafee55ca739ba3fdf4f3bc6cf6b02b95ba5afa716128b5c31567891ba,-91,,3,64,8.0,3
16:17:39,26.0,3,5e030253bd4f7b7487a0698ec750850c4803032f24e787aee02a89d1e53f5cce,-82,,3,64,12.0,3
16:17:39,26.0,3,5e030253bd4f7b7487a0698ec750850c4803032f24e787aee02a89d1e53f5cce,-79,,3,64,12.0,3
16:17:40,,3,be4afe552eb719af272bc08063f63fbf055961b7b090d9ff0490ef6e9e5f7b0d,-85,,3,64,,3
16:17:41,26.0,3,5e030253bd4f7b7487a0698ec750850c4803032f24e787aee02a89d1e53f5cce,-77,,3,64,12.0,3
16:17:42,26.0,3,edf34bfafee55ca739ba3fdf4f3bc6cf6b02b95ba5afa716128b5c31567891ba,-91,,3,64,8.0,3
16:17:43,26.0,3,e3e9d50205c7b52e7012dda662791dc43643d910a157b62e80526b67910f224c,-73,,3,64,7.0,3
16:17:44,,3,bb18224d2e5ae932e4451dd1b638b76207b318d46983b464ae82cb0ae7d54543,-66,,3,64,,3
16:17:44,26.0,3,976a6a2462da77deb156f4761cc4d4486aee86b4a15bfdd651b02c4cc2816458,-93,,3,64,,3
16:17:45,26.0,3,84c5f6625c1c58bbaa28e969de80863de679b8d4149d6db0fc5fe920a93bc174,-67,,3,64,7.0,3
16:17:46,,3,bb92c0af359e1b0ac8157bb1433f8227ab2a9c4c234094fb5e416b946cc90de2,-71,,3,64,,3
16:17:47,26.0,3,e4366c391a363887059d4a2119c02bd19dd798198e5a49abc3b9df384169f72f,-83,,3,64,12.0,3
16:17:48,,3,bb18224d2e5ae932e4451dd1b638b76207b318d46983b464ae82cb0ae7d54543,-72,,3,64,,3
16:17:48,26.0,3,e3e9d50205c7b52e7012dda662791dc43643d910a157b62e80526b67910f224c,-90,,3,64,7.0,3
16:17:49,26.0,3,faf9022fb80a8128962cbe6e98147e2b14b6447402b4a0251e52c92e1f0e7343,-85,,3,64,12.0,3
16:17:50,26.0,3,e29fdc87f0975ba771dc0a5181e9bf7b112a49d5815743c08bcfd8d34279e277,-85,,3,64,8.0,3
16:17:51,26.0,3,5e030253bd4f7b7487a0698ec750850c4803032f24e787aee02a89d1e53f5cce,-86,,3,64,12.0,3
16:17:52,,3,bb18224d2e5ae932e4451dd1b638b76207b318d46983b464ae82cb0ae7d54543,-68,,3,64,,3
16:17:52,26.0,3,84c5f6625c1c58bbaa28e969de80863de679b8d4149d6db0fc5fe920a93bc174,-69,,3,64,7.0,3
16:17:53,26.0,3,edf34bfafee55ca739ba3fdf4f3bc6cf6b02b95ba5afa716128b5c31567891ba,-94,,3,64,8.0,3
16:17:54,,3,097758d70d7f43e1236df8b6263079fc470de274dda7b3543413d443cab28c72,-71,,3,64,,3
16:17:55,26.0,3,c772181e82ddeb294725e1a933c9e0d694907dcdb906ba2c0d389f23d5e8a97d,-92,,3,64,,3
16:17:56,26.0,3,399ca840983a37ad33dda8e6b615c247c261cbbb2f9e188fdd0f409deddf99fe,-73,,3,64,12.0,3
16:17:56,26.0,3,84c5f6625c1c58bbaa28e969de80863de679b8d4149d6db0fc5fe920a93bc174,-65,,3,64,7.0,3
16:17:57,,3,be4afe552eb719af272bc08063f63fbf055961b7b090d9ff0490ef6e9e5f7b0d,-72,,3,64,,3
16:17:58,,3,097758d70d7f43e1236df8b6263079fc470de274dda7b3543413d443cab28c72,-75,,3,64,,3
16:17:59,26.0,3,976a6a2462da77deb156f4761cc4d4486aee86b4a15bfdd651b02c4cc2816458,-87,,3,64,,3
16:18:00,,3,5818a247c2040058dbb0df5021c8ea3cf5d85ccf63afd5c44366d5a3c8f98195,-90,,3,64,,3
16:18:01,26.0,3,6023d1c0fc05482985f098a794ed3c473507c840fc3edeaabfe6830c846e1e05,-91,,3,64,12.0,3
16:18:01,,3,25a8b6ed2bb23caedc055762eb40b1cb99b899f1eabf886913fa410283adc729,-90,,3,64,,3
16:18:02,26.0,3,976a6a2462da77deb156f4761cc4d4486aee86b4a15bfdd651b02c4cc2816458,-80,,3,64,,3
16:18:03,26.0,3,399ca840983a37ad33dda8e6b615c247c261cbbb2f9e188fdd0f409deddf99fe,-73,,3,64,12.0,3
16:18:04,26.0,3,399b30aced61db093ed654e58c09e820093ea15b46f4ccaffc175e8bf23cdc6c,-85,,3,64,8.0,3
16:18:05,26.0,3,399ca840983a37ad33dda8e6b615c247c261cbbb2f9e188fdd0f409deddf99fe,-71,,3,64,12.0,3
16:18:05,26.0,3,399b30aced61db093ed654e58c09e820093ea15b46f4ccaffc175e8bf23cdc6c,-87,,3,64,8.0,3
16:18:06,26.0,3,976a6a2462da77deb156f4761cc4d4486aee86b4a15bfdd651b02c4cc2816458,-85,,3,64,,3
16:18:07,,3,907dddcef1319c1005f6b5f96a3abca89c64db2102f05f15a3df755ca7c99730,-81,,3,64,,3
16:18:08,26.0,3,e29fdc87f0975ba771dc0a5181e9bf7b112a49d5815743c08bcfd8d34279e277,-76,,3,64,8.0,3
16:18:09,26.0,3,976a6a2462da77deb156f4761cc4d4486aee86b4a15bfdd651b02c4cc2816458,-88,,3,64,,3
16:18:09,,3,25a8b6ed2bb23caedc055762eb40b1cb99b899f1eabf886913fa410283adc729,-83,,3,64,,3
16:18:10,26.0,3,c772181e82ddeb294725e1a933c9e0d694907dcdb906ba2c0d389f23d5e8a97d,-94,,3,64,,3
16:18:11,26.0,3,faf9022fb80a8128962cbe6e98147e2b14b6447402b4a0251e52c92e1f0e7343,-83,,3,64,12.0,3
16:18:12,,3,c4426061d76162e7fd264a1e26c838173a83f9aa63339f4a44895f1de943b1da,-78,,3,64,,3
16:18:13,26.0,3,399ca840983a37ad33dda8e6b615c247c261cbbb2f9e188fdd0f409deddf99fe,-74,,3,64,12.0,3
16:18:13,26.0,3,e3e9d50205c7b52e7012dda662791dc43643d910a157b62e80526b67910f224c,-79,,3,64,7.0,3
16:18:14,26.0,3,6023d1c0fc05482985f098a794ed3c473507c840fc3edeaabfe6830c846e1e05,-95,,3,64,12.0,3
16:18:15,26.0,3,399b30aced61db093ed654e58c09e820093ea15b46f4ccaffc175e8bf23cdc6c,-88,,3,64,8.0,3
16:18:16,26.0,3,faf9022fb80a8128962cbe6e98147e2b14b6447402b4a0251e52c92e1f0e7343,-85,,3,64,12.0,3
16:18:17,26.0,3,399b30aced61db093ed654e58c09e820093ea15b46f4ccaffc175e8bf23cdc6c,-89,,3,64,8.0,3
16:18:17,26.0,3,664b5eb50462da414b5e66f7e294b42028805d73d5ee7514860ce3908bc85142,-89,,3,64,7.0,3
16:18:18,26.0,3,e29fdc87f0975ba771dc0a5181e9bf7b112a49d5815743c08bcfd8d34279e277,-88,,3,64,8.0,3
16:18:19,26.0,3,84c5f6625c1c58bbaa28e969de80863de679b8d4149d6db0fc5fe920a93bc174,-66,,3,64,7.0,3
16:18:20,26.0,3,e3e9d50205c7b52e7012dda662791dc43643d910a157b62e80526b67910f224c,-74,,3,64,7.0,3
16:18:21,26.0,3,84c5f6625c1c58bbaa28e969de80863de679b8d4149d6db0fc5fe920a93bc174,-63,,3,64,7.0,3
16:18:21,26.0,3,edf34bfafee55ca739ba3fdf4f3bc6cf6b02b95ba5afa716128b5c31567891ba,-88,,3,64,8.0,3
16:18:22,,3,be4afe552eb719af272bc08063f63fbf055961b7b090d9ff0490ef6e9e5f7b0d,-77,,3,64,,3
16:18:23,26.0,3,c772181e82ddeb294725e1a933c9e0d694907dcdb906ba2c0d389f23d5e8a97d,-92,,3,64,,3
